Time	Status code	Status category	Status color	Pgm code	Pgm step	Pgm para	Pgm cycle	mV	mA	Temperature	Duration	Charge count	Discharge count	Capacity	Analog input 1	Analog input 2	Analog input 3	Analog input 4	Digital input 1	Digital input 2	Digital input 3	Digital input 4	Digital output 1	Digital output 2	Digital output 3	Digital output 4	Analog output 1	Analog output 2	
0.000000	8	3	3	0	1	2	2	3779	674	39	9	1	0	0	0	0	0	0	0	0	0	0	0	0	0	0	0	0	
1.002233	8	3	3	0	1	2	2	3804	675	39	69	1	0	0	0	0	0	0	0	0	0	0	0	0	0	0	0	0	
2.020317	8	3	3	0	1	2	2	3816	674	39	130	1	0	0	0	0	0	0	0	0	0	0	0	0	0	0	0	0	
3.025433	8	3	3	0	1	2	2	3824	674	40	190	1	0	0	0	0	0	0	0	0	0	0	0	0	0	0	0	0	
4.019033	8	3	3	0	1	2	2	3831	674	39	249	1	0	0	0	0	0	0	0	0	0	0	0	0	0	0	0	0	
5.044317	8	3	3	0	1	2	2	3838	675	40	310	1	0	0	0	0	0	0	0	0	0	0	0	0	0	0	0	0	
6.048000	8	3	3	0	1	2	2	3846	675	40	370	1	0	0	0	0	0	0	0	0	0	0	0	0	0	0	0	0	
7.034400	8	3	3	0	1	2	2	3856	674	39	429	1	0	0	0	0	0	0	0	0	0	0	0	0	0	0	0	0	
8.036633	8	3	3	0	1	2	2	3866	674	38	490	1	0	0	0	0	0	0	0	0	0	0	0	0	0	0	0	0	
9.023033	8	3	3	0	1	2	2	3876	675	37	549	1	0	0	0	0	0	0	0	0	0	0	0	0	0	0	0	0	
10.026717	8	3	3	0	1	2	2	3886	675	35	609	1	0	0	0	0	0	0	0	0	0	0	0	0	0	0	0	0	
11.031833	8	3	3	0	1	2	2	3895	675	35	669	1	0	0	0	0	0	0	0	0	0	0	0	0	0	0	0	0	
12.035517	8	3	3	0	1	2	2	3903	675	34	729	1	0	0	0	0	0	0	0	0	0	0	0	0	0	0	0	0	
13.039200	8	3	3	0	1	2	2	3911	674	33	790	1	0	0	0	0	0	0	0	0	0	0	0	0	0	0	0	0	
14.024167	8	3	3	0	1	2	2	3919	675	33	849	1	0	0	0	0	0	0	0	0	0	0	0	0	0	0	0	0	
15.029283	8	3	3	0	1	2	2	3925	674	32	909	1	0	0	0	0	0	0	0	0	0	0	0	0	0	0	0	0	
16.032967	8	3	3	0	1	2	2	3933	676	31	969	1	0	0	0	0	0	0	0	0	0	0	0	0	0	0	0	0	
17.038083	8	3	3	0	1	2	2	3939	674	31	1030	1	0	0	0	0	0	0	0	0	0	0	0	0	0	0	0	0	
18.038883	8	3	3	0	1	2	2	3945	675	31	1090	1	0	0	0	0	0	0	0	0	0	0	0	0	0	0	0	0	
19.033917	8	3	3	0	1	2	2	3950	674	30	1149	1	0	0	0	0	0	0	0	0	0	0	0	0	0	0	0	0	
20.028967	8	3	3	0	1	2	2	3956	674	30	1209	1	0	0	0	0	0	0	0	0	0	0	0	0	0	0	0	0	
21.024000	8	3	3	0	1	2	2	3961	674	30	1269	1	0	0	0	0	0	0	0	0	0	0	0	0	0	0	0	0	
22.039200	8	3	3	0	1	2	2	3967	674	30	1330	1	0	0	0	0	0	0	0	0	0	0	0	0	0	0	0	0	
23.034233	8	3	3	0	1	2	2	3972	674	29	1389	1	0	0	0	0	0	0	0	0	0	0	0	0	0	0	0	0	
24.029283	8	3	3	0	1	2	2	3977	675	29	1449	1	0	0	0	0	0	0	0	0	0	0	0	0	0	0	0	0	
25.024317	8	3	3	0	1	2	2	3983	675	29	1509	1	0	0	0	0	0	0	0	0	0	0	0	0	0	0	0	0	
26.038083	8	3	3	0	1	2	2	3988	674	30	1570	1	0	0	0	0	0	0	0	0	0	0	0	0	0	0	0	0	
27.033117	8	3	3	0	1	2	2	3993	674	30	1629	1	0	0	0	0	0	0	0	0	0	0	0	0	0	0	0	0	
28.028167	8	3	3	0	1	2	2	4000	675	30	1689	1	0	0	0	0	0	0	0	0	0	0	0	0	0	0	0	0	
29.024633	8	3	3	0	1	2	2	4005	675	30	1749	1	0	0	0	0	0	0	0	0	0	0	0	0	0	0	0	0	
30.038400	8	3	3	0	1	2	2	4011	674	29	1809	1	0	0	0	0	0	0	0	0	0	0	0	0	0	0	0	0	
31.033433	8	3	3	0	1	2	2	4017	674	29	1869	1	0	0	0	0	0	0	0	0	0	0	0	0	0	0	0	0	
32.028483	8	3	3	0	1	2	2	4023	674	29	1929	1	0	0	0	0	0	0	0	0	0	0	0	0	0	0	0	0	
33.042233	8	3	3	0	1	2	2	4029	674	29	1990	1	0	0	0	0	0	0	0	0	0	0	0	0	0	0	0	0	
34.037283	8	3	3	0	1	2	2	4035	675	29	2049	1	0	0	0	0	0	0	0	0	0	0	0	0	0	0	0	0	
35.030883	8	3	3	0	1	2	2	4041	675	29	2109	1	0	0	0	0	0	0	0	0	0	0	0	0	0	0	0	0	
36.024483	8	3	3	0	1	2	2	4047	675	29	2169	1	0	0	0	0	0	0	0	0	0	0	0	0	0	0	0	0	
37.038233	8	3	3	0	1	2	2	4053	675	29	2229	1	0	0	0	0	0	0	0	0	0	0	0	0	0	0	0	0	
38.034717	8	3	3	0	1	2	2	4059	674	29	2289	1	0	0	0	0	0	0	0	0	0	0	0	0	0	0	0	0	
39.029767	8	3	3	0	1	2	2	4066	675	29	2349	1	0	0	0	0	0	0	0	0	0	0	0	0	0	0	0	0	
40.024800	8	3	3	0	1	2	2	4073	674	29	2409	1	0	0	0	0	0	0	0	0	0	0	0	0	0	0	0	0	
41.038567	8	3	3	0	1	2	2	4080	674	28	2469	1	0	0	0	0	0	0	0	0	0	0	0	0	0	0	0	0	
42.033600	8	3	3	0	1	2	2	4086	674	28	2529	1	0	0	0	0	0	0	0	0	0	0	0	0	0	0	0	0	
43.027200	8	3	3	0	1	2	2	4093	675	28	2589	1	0	0	0	0	0	0	0	0	0	0	0	0	0	0	0	0	
44.040967	8	3	3	0	1	2	2	4099	674	28	2650	1	0	0	0	0	0	0	0	0	0	0	0	0	0	0	0	0	
45.038883	8	3	3	0	1	2	2	4106	675	28	2709	1	0	0	0	0	0	0	0	0	0	0	0	0	0	0	0	0	
46.035367	8	3	3	0	1	2	2	4113	674	28	2769	1	0	0	0	0	0	0	0	0	0	0	0	0	0	0	0	0	
47.030400	8	3	3	0	1	2	2	4119	668	28	2829	1	0	0	0	0	0	0	0	0	0	0	0	0	0	0	0	0	
48.025433	8	3	3	0	1	2	2	4126	666	28	2889	1	0	0	0	0	0	0	0	0	0	0	0	0	0	0	0	0	
49.039200	8	3	3	0	1	2	2	4132	666	28	2949	1	0	0	0	0	0	0	0	0	0	0	0	0	0	0	0	0	
50.034233	8	3	3	0	1	2	2	4139	665	28	3009	1	0	0	0	0	0	0	0	0	0	0	0	0	0	0	0	0	
51.027833	8	3	3	0	1	2	2	4146	663	28	3069	1	0	0	0	0	0	0	0	0	0	0	0	0	0	0	0	0	
52.040167	8	3	3	0	1	2	2	4154	661	28	3130	1	0	0	0	0	0	0	0	0	0	0	0	0	0	0	0	0	
53.035200	8	3	3	0	1	2	2	4161	661	28	3189	1	0	0	0	0	0	0	0	0	0	0	0	0	0	0	0	0	
54.030233	8	3	3	0	1	2	2	4168	660	27	3249	1	0	0	0	0	0	0	0	0	0	0	0	0	0	0	0	0	
55.025283	8	3	3	0	1	2	2	4175	659	28	3309	1	0	0	0	0	0	0	0	0	0	0	0	0	0	0	0	0	
56.040483	8	3	3	0	1	2	2	4183	658	27	3369	1	0	0	0	0	0	0	0	0	0	0	0	0	0	0	0	0	
57.035517	8	3	3	0	1	2	2	4190	657	27	3429	1	0	0	0	0	0	0	0	0	0	0	0	0	0	0	0	0	
58.030567	8	3	3	0	1	2	2	4198	656	27	3489	1	0	0	0	0	0	0	0	0	0	0	0	0	0	0	0	0	
59.025600	8	3	3	0	1	2	2	4198	616	27	3549	1	0	0	0	0	0	0	0	0	0	0	0	0	0	0	0	0	
60.040800	8	3	3	0	1	2	2	4199	581	27	3609	1	0	0	0	0	0	0	0	0	0	0	0	0	0	0	0	0	
61.035833	8	3	3	0	1	2	2	4199	551	27	3669	1	0	0	0	0	0	0	0	0	0	0	0	0	0	0	0	0	
62.030883	8	3	3	0	1	2	2	4198	524	27	3729	1	0	0	0	0	0	0	0	0	0	0	0	0	0	0	0	0	
63.025917	8	3	3	0	1	2	2	4199	498	27	3789	1	0	0	0	0	0	0	0	0	0	0	0	0	0	0	0	0	
64.039683	8	3	3	0	1	2	2	4199	474	26	3849	1	0	0	0	0	0	0	0	0	0	0	0	0	0	0	0	0	
65.034717	8	3	3	0	1	2	2	4199	451	26	3909	1	0	0	0	0	0	0	0	0	0	0	0	0	0	0	0	0	
66.028317	8	3	3	0	1	2	2	4198	432	26	3969	1	0	0	0	0	0	0	0	0	0	0	0	0	0	0	0	0	
67.042083	8	3	3	0	1	2	2	4199	411	26	4029	1	0	0	0	0	0	0	0	0	0	0	0	0	0	0	0	0	
68.040000	8	3	3	0	1	2	2	4198	394	26	4089	1	0	0	0	0	0	0	0	0	0	0	0	0	0	0	0	0	
69.033600	8	3	3	0	1	2	2	4198	377	26	4149	1	0	0	0	0	0	0	0	0	0	0	0	0	0	0	0	0	
70.027200	8	3	3	0	1	2	2	4198	360	26	4209	1	0	0	0	0	0	0	0	0	0	0	0	0	0	0	0	0	
71.040967	8	3	3	0	1	2	2	4198	344	26	4269	1	0	0	0	0	0	0	0	0	0	0	0	0	0	0	0	0	
72.036000	8	3	3	0	1	2	2	4199	331	26	4329	1	0	0	0	0	0	0	0	0	0	0	0	0	0	0	0	0	
73.032483	8	3	3	0	1	2	2	4198	317	26	4389	1	0	0	0	0	0	0	0	0	0	0	0	0	0	0	0	0	
74.027517	8	3	3	0	1	2	2	4199	304	26	4449	1	0	0	0	0	0	0	0	0	0	0	0	0	0	0	0	0	
75.041283	8	3	3	0	1	2	2	4198	291	26	4509	1	0	0	0	0	0	0	0	0	0	0	0	0	0	0	0	0	
76.036317	8	3	3	0	1	2	2	4199	278	26	4569	1	0	0	0	0	0	0	0	0	0	0	0	0	0	0	0	0	
77.031367	8	3	3	0	1	2	2	4199	267	26	4629	1	0	0	0	0	0	0	0	0	0	0	0	0	0	0	0	0	
78.027833	8	3	3	0	1	2	2	4198	257	26	4689	1	0	0	0	0	0	0	0	0	0	0	0	0	0	0	0	0	
79.041600	8	3	3	0	1	2	2	4198	247	25	4749	1	0	0	0	0	0	0	0	0	0	0	0	0	0	0	0	0	
80.038083	8	3	3	0	1	2	2	4199	238	25	4809	1	0	0	0	0	0	0	0	0	0	0	0	0	0	0	0	0	
81.033117	8	3	3	0	1	2	2	4198	228	25	4869	1	0	0	0	0	0	0	0	0	0	0	0	0	0	0	0	0	
82.028167	8	3	3	0	1	2	2	4198	219	25	4929	1	0	0	0	0	0	0	0	0	0	0	0	0	0	0	0	0	
83.044800	8	3	3	0	1	2	2	4198	211	25	4990	1	0	0	0	0	0	0	0	0	0	0	0	0	0	0	0	0	
84.038400	8	3	3	0	1	2	2	4199	203	25	5049	1	0	0	0	0	0	0	0	0	0	0	0	0	0	0	0	0	
85.033433	8	3	3	0	1	2	2	4199	197	25	5109	1	0	0	0	0	0	0	0	0	0	0	0	0	0	0	0	0	
86.028483	8	3	3	0	1	2	2	4198	190	25	5169	1	0	0	0	0	0	0	0	0	0	0	0	0	0	0	0	0	
87.043683	8	3	3	0	1	2	2	4199	183	25	5230	1	0	0	0	0	0	0	0	0	0	0	0	0	0	0	0	0	
88.038717	8	3	3	0	1	2	2	4198	176	25	5289	1	0	0	0	0	0	0	0	0	0	0	0	0	0	0	0	0	
89.033767	8	3	3	0	1	2	2	4198	170	25	5349	1	0	0	0	0	0	0	0	0	0	0	0	0	0	0	0	0	
90.028800	8	3	3	0	1	2	2	4198	163	25	5409	1	0	0	0	0	0	0	0	0	0	0	0	0	0	0	0	0	
91.044000	8	3	3	0	1	2	2	4199	158	25	5470	1	0	0	0	0	0	0	0	0	0	0	0	0	0	0	0	0	
92.039033	8	3	3	0	1	2	2	4198	151	25	5529	1	0	0	0	0	0	0	0	0	0	0	0	0	0	0	0	0	
93.034083	8	3	3	0	1	2	2	4199	147	24	5589	1	0	0	0	0	0	0	0	0	0	0	0	0	0	0	0	0	
94.029117	8	3	3	0	1	2	2	4199	142	24	5649	1	0	0	0	0	0	0	0	0	0	0	0	0	0	0	0	0	
95.044317	8	3	3	0	1	2	2	4199	137	24	5710	1	0	0	0	0	0	0	0	0	0	0	0	0	0	0	0	0	
96.039367	8	3	3	0	1	2	2	4198	132	24	5769	1	0	0	0	0	0	0	0	0	0	0	0	0	0	0	0	0	
97.034400	8	3	3	0	1	2	2	4199	129	24	5829	1	0	0	0	0	0	0	0	0	0	0	0	0	0	0	0	0	
98.032317	8	3	3	0	1	2	2	4198	125	25	5889	1	0	0	0	0	0	0	0	0	0	0	0	0	0	0	0	0	
99.044633	8	3	3	0	1	2	2	4198	125	25	5950	1	0	0	0	0	0	0	0	0	0	0	0	0	0	0	0	0	
100.039683	8	3	3	0	1	2	2	4199	123	26	6009	1	0	0	0	0	0	0	0	0	0	0	0	0	0	0	0	0	
101.034717	8	3	3	0	1	2	2	4198	120	26	6069	1	0	0	0	0	0	0	0	0	0	0	0	0	0	0	0	0	
102.031200	8	3	3	0	1	2	2	4198	118	27	6129	1	0	0	0	0	0	0	0	0	0	0	0	0	0	0	0	0	
103.044967	8	3	3	0	1	2	2	4198	117	27	6190	1	0	0	0	0	0	0	0	0	0	0	0	0	0	0	0	0	
104.040000	8	3	3	0	1	2	2	4198	114	27	6249	1	0	0	0	0	0	0	0	0	0	0	0	0	0	0	0	0	
105.035033	8	3	3	0	1	2	2	4198	114	27	6309	1	0	0	0	0	0	0	0	0	0	0	0	0	0	0	0	0	
106.030083	8	3	3	0	1	2	2	4198	111	28	6369	1	0	0	0	0	0	0	0	0	0	0	0	0	0	0	0	0	
107.045283	8	3	3	0	1	2	2	4198	109	28	6430	1	0	0	0	0	0	0	0	0	0	0	0	0	0	0	0	0	
108.040317	8	3	3	0	1	2	2	4199	108	28	6489	1	0	0	0	0	0	0	0	0	0	0	0	0	0	0	0	0	
109.035367	8	3	3	0	1	2	2	4198	103	28	6549	1	0	0	0	0	0	0	0	0	0	0	0	0	0	0	0	0	
110.031833	8	3	3	0	1	2	2	4198	102	28	6609	1	0	0	0	0	0	0	0	0	0	0	0	0	0	0	0	0	
111.045600	8	3	3	0	1	2	2	4199	101	28	6670	1	0	0	0	0	0	0	0	0	0	0	0	0	0	0	0	0	
112.042083	8	3	3	0	1	2	2	4199	100	28	6729	1	0	0	0	0	0	0	0	0	0	0	0	0	0	0	0	0	
113.038567	8	3	3	0	1	2	2	4198	94	29	6789	1	0	0	0	0	0	0	0	0	0	0	0	0	0	0	0	0	
114.032167	8	3	3	0	1	2	2	4199	92	29	6849	1	0	0	0	0	0	0	0	0	0	0	0	0	0	0	0	0	
115.044483	8	3	3	0	1	2	2	4199	92	29	6909	1	0	0	0	0	0	0	0	0	0	0	0	0	0	0	0	0	
116.039517	8	3	3	0	1	2	2	4198	89	29	6969	1	0	0	0	0	0	0	0	0	0	0	0	0	0	0	0	0	
117.034567	8	3	3	0	1	2	2	4198	86	29	7029	1	0	0	0	0	0	0	0	0	0	0	0	0	0	0	0	0	
118.031033	8	3	3	0	1	2	2	4198	83	29	7089	1	0	0	0	0	0	0	0	0	0	0	0	0	0	0	0	0	
119.044800	8	3	3	0	1	2	2	4199	82	29	7149	1	0	0	0	0	0	0	0	0	0	0	0	0	0	0	0	0	
120.039833	8	3	3	0	1	2	2	4199	79	29	7209	1	0	0	0	0	0	0	0	0	0	0	0	0	0	0	0	0	
121.033433	8	3	3	0	1	2	2	4198	77	29	7269	1	0	0	0	0	0	0	0	0	0	0	0	0	0	0	0	0	
122.045767	8	3	3	0	1	2	2	4199	75	29	7329	1	0	0	0	0	0	0	0	0	0	0	0	0	0	0	0	0	
123.040800	8	3	3	0	1	2	2	4199	74	29	7389	1	0	0	0	0	0	0	0	0	0	0	0	0	0	0	0	0	
124.035833	8	3	3	0	1	2	2	4199	72	29	7449	1	0	0	0	0	0	0	0	0	0	0	0	0	0	0	0	0	
125.049600	8	3	3	0	1	2	2	4199	71	29	7510	1	0	0	0	0	0	0	0	0	0	0	0	0	0	0	0	0	
126.046083	8	3	3	0	1	2	2	4199	71	29	7570	1	0	0	0	0	0	0	0	0	0	0	0	0	0	0	0	0	
126.456483	8	6	3	0	2	7	1	4027	-1350	29	7594	1	1	0	0	0	0	0	0	0	0	0	0	0	0	0	0	0	
127.046883	8	6	3	0	2	7	1	3968	-1351	29	7630	1	1	0	0	0	0	0	0	0	0	0	0	0	0	0	0	0	
128.041917	8	6	3	0	2	7	1	3914	-1348	29	7689	1	1	2	0	0	0	0	0	0	0	0	0	0	0	0	0	0	
129.036967	8	6	3	0	2	7	1	3868	-1348	29	7749	1	1	4	0	0	0	0	0	0	0	0	0	0	0	0	0	0	
130.032000	8	6	3	0	2	7	1	3831	-1352	29	7809	1	1	5	0	0	0	0	0	0	0	0	0	0	0	0	0	0	
131.045767	8	6	3	0	2	7	1	3799	-1349	29	7869	1	1	7	0	0	0	0	0	0	0	0	0	0	0	0	0	0	
132.042233	8	6	3	0	2	7	1	3769	-1349	29	7929	1	1	9	0	0	0	0	0	0	0	0	0	0	0	0	0	0	
133.037283	8	6	3	0	2	7	1	3739	-1351	29	7989	1	1	10	0	0	0	0	0	0	0	0	0	0	0	0	0	0	
134.032317	8	6	3	0	2	7	1	3711	-1349	29	8049	1	1	12	0	0	0	0	0	0	0	0	0	0	0	0	0	0	
135.046083	8	6	3	0	2	7	1	3683	-1351	29	8109	1	1	14	0	0	0	0	0	0	0	0	0	0	0	0	0	0	
136.041117	8	6	3	0	2	7	1	3657	-1350	29	8169	1	1	15	0	0	0	0	0	0	0	0	0	0	0	0	0	0	
137.036167	8	6	3	0	2	7	1	3631	-1350	29	8229	1	1	17	0	0	0	0	0	0	0	0	0	0	0	0	0	0	
138.049917	8	6	3	0	2	7	1	3606	-1348	29	8290	1	1	19	0	0	0	0	0	0	0	0	0	0	0	0	0	0	
139.046400	8	6	3	0	2	7	1	3583	-1350	29	8349	1	1	20	0	0	0	0	0	0	0	0	0	0	0	0	0	0	
140.040000	8	6	3	0	2	7	1	3561	-1350	28	8409	1	1	22	0	0	0	0	0	0	0	0	0	0	0	0	0	0	
141.032167	8	6	3	0	2	7	1	3540	-1350	28	8469	1	1	24	0	0	0	0	0	0	0	0	0	0	0	0	0	0	
142.048800	8	6	3	0	2	7	1	3520	-1349	28	8530	1	1	25	0	0	0	0	0	0	0	0	0	0	0	0	0	0	
143.046717	8	6	3	0	2	7	1	3503	-1350	28	8589	1	1	27	0	0	0	0	0	0	0	0	0	0	0	0	0	0	
144.043200	8	6	3	0	2	7	1	3485	-1350	28	8649	1	1	29	0	0	0	0	0	0	0	0	0	0	0	0	0	0	
145.038233	8	6	3	0	2	7	1	3469	-1350	28	8709	1	1	30	0	0	0	0	0	0	0	0	0	0	0	0	0	0	
146.033283	8	6	3	0	2	7	1	3454	-1349	28	8769	1	1	32	0	0	0	0	0	0	0	0	0	0	0	0	0	0	
147.047033	8	6	3	0	2	7	1	3439	-1349	28	8829	1	1	34	0	0	0	0	0	0	0	0	0	0	0	0	0	0	
148.042083	8	6	3	0	2	7	1	3424	-1349	28	8889	1	1	35	0	0	0	0	0	0	0	0	0	0	0	0	0	0	
149.037117	8	6	3	0	2	7	1	3410	-1349	28	8949	1	1	37	0	0	0	0	0	0	0	0	0	0	0	0	0	0	
150.050883	8	6	3	0	2	7	1	3395	-1348	28	9010	1	1	39	0	0	0	0	0	0	0	0	0	0	0	0	0	0	
151.047367	8	6	3	0	2	7	1	3379	-1349	28	9069	1	1	40	0	0	0	0	0	0	0	0	0	0	0	0	0	0	
152.040967	8	6	3	0	2	7	1	3361	-1353	28	9129	1	1	42	0	0	0	0	0	0	0	0	0	0	0	0	0	0	
153.033117	8	6	3	0	2	7	1	3339	-1350	28	9189	1	1	44	0	0	0	0	0	0	0	0	0	0	0	0	0	0	
154.048317	8	6	3	0	2	7	1	3311	-1349	28	9249	1	1	45	0	0	0	0	0	0	0	0	0	0	0	0	0	0	
155.043367	8	6	3	0	2	7	1	3273	-1349	28	9309	1	1	47	0	0	0	0	0	0	0	0	0	0	0	0	0	0	
156.038400	8	6	3	0	2	7	1	3222	-1349	28	9369	1	1	49	0	0	0	0	0	0	0	0	0	0	0	0	0	0	
157.034883	8	6	3	0	2	7	1	3145	-1351	28	9429	1	1	50	0	0	0	0	0	0	0	0	0	0	0	0	0	0	
158.034233	8	6	3	0	2	7	1	3026	-1348	28	9489	1	1	52	0	0	0	0	0	0	0	0	0	0	0	0	0	0	
159.048000	8	6	3	0	2	7	1	2803	-1349	28	9549	1	1	53	0	0	0	0	0	0	0	0	0	0	0	0	0	0	
159.435367	8	15	3	0	1	31	2	2925	35	28	9573	2	1	54	0	0	0	0	0	0	0	0	0	0	0	0	0	0	
159.455517	8	3	3	0	1	2	2	3264	678	28	9574	3	1	54	0	0	0	0	0	0	0	0	0	0	0	0	0	0	
160.044483	8	3	3	0	1	2	2	3702	674	28	9609	3	1	54	0	0	0	0	0	0	0	0	0	0	0	0	0	0	
161.039517	8	3	3	0	1	2	2	3810	674	28	9669	3	1	54	0	0	0	0	0	0	0	0	0	0	0	0	0	0	
162.034567	8	3	3	0	1	2	2	3843	674	28	9729	3	1	54	0	0	0	0	0	0	0	0	0	0	0	0	0	0	
163.049767	8	3	3	0	1	2	2	3862	675	28	9790	3	1	54	0	0	0	0	0	0	0	0	0	0	0	0	0	0	
164.044800	8	3	3	0	1	2	2	3878	675	28	9849	3	1	54	0	0	0	0	0	0	0	0	0	0	0	0	0	0	
165.039833	8	3	3	0	1	2	2	3892	673	28	9909	3	1	54	0	0	0	0	0	0	0	0	0	0	0	0	0	0	
166.034883	8	3	3	0	1	2	2	3905	675	28	9969	3	1	54	0	0	0	0	0	0	0	0	0	0	0	0	0	0	
167.048633	8	3	3	0	1	2	2	3916	673	28	10029	3	1	54	0	0	0	0	0	0	0	0	0	0	0	0	0	0	
168.043683	8	3	3	0	1	2	2	3926	675	28	10089	3	1	54	0	0	0	0	0	0	0	0	0	0	0	0	0	0	
169.038717	8	3	3	0	1	2	2	3935	675	28	10149	3	1	54	0	0	0	0	0	0	0	0	0	0	0	0	0	0	
170.052483	8	3	3	0	1	2	2	3943	674	28	10210	3	1	54	0	0	0	0	0	0	0	0	0	0	0	0	0	0	
171.050400	8	3	3	0	1	2	2	3950	675	28	10270	3	1	54	0	0	0	0	0	0	0	0	0	0	0	0	0	0	
172.049767	8	3	3	0	1	2	2	3957	675	28	10329	3	1	54	0	0	0	0	0	0	0	0	0	0	0	0	0	0	
173.044800	8	3	3	0	1	2	2	3964	674	28	10389	3	1	54	0	0	0	0	0	0	0	0	0	0	0	0	0	0	
174.039833	8	3	3	0	1	2	2	3970	676	28	10449	3	1	54	0	0	0	0	0	0	0	0	0	0	0	0	0	0	
175.053600	8	3	3	0	1	2	2	3977	676	27	10510	3	1	54	0	0	0	0	0	0	0	0	0	0	0	0	0	0	
176.048633	8	3	3	0	1	2	2	3982	674	27	10569	3	1	54	0	0	0	0	0	0	0	0	0	0	0	0	0	0	
177.042233	8	3	3	0	1	2	2	3988	675	27	10629	3	1	54	0	0	0	0	0	0	0	0	0	0	0	0	0	0	
178.035833	8	3	3	0	1	2	2	3995	675	27	10689	3	1	54	0	0	0	0	0	0	0	0	0	0	0	0	0	0	
179.049600	8	3	3	0	1	2	2	4001	675	27	10749	3	1	54	0	0	0	0	0	0	0	0	0	0	0	0	0	0	
180.044633	8	3	3	0	1	2	2	4007	676	27	10809	3	1	54	0	0	0	0	0	0	0	0	0	0	0	0	0	0	
181.039683	8	3	3	0	1	2	2	4012	675	27	10869	3	1	54	0	0	0	0	0	0	0	0	0	0	0	0	0	0	
182.053433	8	3	3	0	1	2	2	4019	674	27	10930	3	1	54	0	0	0	0	0	0	0	0	0	0	0	0	0	0	
183.048483	8	3	3	0	1	2	2	4024	675	27	10989	3	1	54	0	0	0	0	0	0	0	0	0	0	0	0	0	0	
184.042083	8	3	3	0	1	2	2	4030	675	27	11049	3	1	54	0	0	0	0	0	0	0	0	0	0	0	0	0	0	
185.038567	8	3	3	0	1	2	2	4036	676	27	11109	3	1	54	0	0	0	0	0	0	0	0	0	0	0	0	0	0	
186.052317	8	3	3	0	1	2	2	4043	676	27	11170	3	1	54	0	0	0	0	0	0	0	0	0	0	0	0	0	0	
187.047367	8	3	3	0	1	2	2	4049	674	27	11229	3	1	54	0	0	0	0	0	0	0	0	0	0	0	0	0	0	
188.042400	8	3	3	0	1	2	2	4055	675	27	11289	3	1	54	0	0	0	0	0	0	0	0	0	0	0	0	0	0	
189.037433	8	3	3	0	1	2	2	4062	675	27	11349	3	1	54	0	0	0	0	0	0	0	0	0	0	0	0	0	0	
190.051200	8	3	3	0	1	2	2	4069	673	27	11410	3	1	54	0	0	0	0	0	0	0	0	0	0	0	0	0	0	
191.046233	8	3	3	0	1	2	2	4075	674	27	11469	3	1	54	0	0	0	0	0	0	0	0	0	0	0	0	0	0	
192.041283	8	3	3	0	1	2	2	4082	674	27	11529	3	1	54	0	0	0	0	0	0	0	0	0	0	0	0	0	0	
193.037767	8	3	3	0	1	2	2	4089	674	27	11589	3	1	54	0	0	0	0	0	0	0	0	0	0	0	0	0	0	
194.051517	8	3	3	0	1	2	2	4096	675	27	11649	3	1	54	0	0	0	0	0	0	0	0	0	0	0	0	0	0	
195.046567	8	3	3	0	1	2	2	4104	675	27	11709	3	1	54	0	0	0	0	0	0	0	0	0	0	0	0	0	0	
196.041600	8	3	3	0	1	2	2	4111	673	27	11769	3	1	54	0	0	0	0	0	0	0	0	0	0	0	0	0	0	
197.036633	8	3	3	0	1	2	2	4117	667	27	11829	3	1	54	0	0	0	0	0	0	0	0	0	0	0	0	0	0	
198.050400	8	3	3	0	1	2	2	4124	664	27	11889	3	1	54	0	0	0	0	0	0	0	0	0	0	0	0	0	0	
199.048317	8	3	3	0	1	2	2	4131	663	26	11949	3	1	54	0	0	0	0	0	0	0	0	0	0	0	0	0	0	
200.046233	8	3	3	0	1	2	2	4139	662	27	12009	3	1	54	0	0	0	0	0	0	0	0	0	0	0	0	0	0	
201.041283	8	3	3	0	1	2	2	4146	662	27	12069	3	1	54	0	0	0	0	0	0	0	0	0	0	0	0	0	0	
202.036317	8	3	3	0	1	2	2	4154	660	27	12129	3	1	54	0	0	0	0	0	0	0	0	0	0	0	0	0	0	
203.051517	8	3	3	0	1	2	2	4162	660	26	12189	3	1	54	0	0	0	0	0	0	0	0	0	0	0	0	0	0	
204.046567	8	3	3	0	1	2	2	4170	660	26	12249	3	1	54	0	0	0	0	0	0	0	0	0	0	0	0	0	0	
205.041600	8	3	3	0	1	2	2	4178	660	26	12309	3	1	54	0	0	0	0	0	0	0	0	0	0	0	0	0	0	
206.038083	8	3	3	0	1	2	2	4186	657	26	12369	3	1	54	0	0	0	0	0	0	0	0	0	0	0	0	0	0	
207.051833	8	3	3	0	1	2	2	4195	655	26	12429	3	1	54	0	0	0	0	0	0	0	0	0	0	0	0	0	0	
208.046883	8	3	3	0	1	2	2	4199	629	26	12489	3	1	54	0	0	0	0	0	0	0	0	0	0	0	0	0	0	
209.040483	8	3	3	0	1	2	2	4198	590	26	12549	3	1	54	0	0	0	0	0	0	0	0	0	0	0	0	0	0	
210.051367	8	3	3	0	1	2	2	4198	559	26	12609	3	1	54	0	0	0	0	0	0	0	0	0	0	0	0	0	0	
211.046400	8	3	3	0	1	2	2	4198	528	26	12669	3	1	54	0	0	0	0	0	0	0	0	0	0	0	0	0	0	
212.042883	8	3	3	0	1	2	2	4198	501	26	12729	3	1	54	0	0	0	0	0	0	0	0	0	0	0	0	0	0	
213.040800	8	3	3	0	1	2	2	4199	476	26	12789	3	1	54	0	0	0	0	0	0	0	0	0	0	0	0	0	0	
214.053117	8	3	3	0	1	2	2	4198	454	26	12850	3	1	54	0	0	0	0	0	0	0	0	0	0	0	0	0	0	
215.048167	8	3	3	0	1	2	2	4199	431	26	12909	3	1	54	0	0	0	0	0	0	0	0	0	0	0	0	0	0	
216.043200	8	3	3	0	1	2	2	4199	411	26	12969	3	1	54	0	0	0	0	0	0	0	0	0	0	0	0	0	0	
217.038233	8	3	3	0	1	2	2	4199	392	26	13029	3	1	54	0	0	0	0	0	0	0	0	0	0	0	0	0	0	
218.052000	8	3	3	0	1	2	2	4199	372	26	13089	3	1	54	0	0	0	0	0	0	0	0	0	0	0	0	0	0	
219.047033	8	3	3	0	1	2	2	4198	355	26	13149	3	1	54	0	0	0	0	0	0	0	0	0	0	0	0	0	0	
220.040633	8	3	3	0	1	2	2	4199	339	26	13209	3	1	54	0	0	0	0	0	0	0	0	0	0	0	0	0	0	
221.052967	8	3	3	0	1	2	2	4199	323	26	13269	3	1	54	0	0	0	0	0	0	0	0	0	0	0	0	0	0	
222.048000	8	3	3	0	1	2	2	4198	309	26	13329	3	1	54	0	0	0	0	0	0	0	0	0	0	0	0	0	0	
223.043033	8	3	3	0	1	2	2	4198	295	26	13389	3	1	54	0	0	0	0	0	0	0	0	0	0	0	0	0	0	
224.039517	8	3	3	0	1	2	2	4198	281	26	13449	3	1	54	0	0	0	0	0	0	0	0	0	0	0	0	0	0	
225.053283	8	3	3	0	1	2	2	4199	269	26	13509	3	1	54	0	0	0	0	0	0	0	0	0	0	0	0	0	0	
226.049767	8	3	3	0	1	2	2	4199	259	26	13569	3	1	54	0	0	0	0	0	0	0	0	0	0	0	0	0	0	
227.053433	8	3	3	0	1	2	2	4199	245	26	13629	3	1	54	0	0	0	0	0	0	0	0	0	0	0	0	0	0	
228.048483	8	3	3	0	1	2	2	4199	235	26	13689	3	1	54	0	0	0	0	0	0	0	0	0	0	0	0	0	0	
229.043517	8	3	3	0	1	2	2	4198	224	26	13749	3	1	54	0	0	0	0	0	0	0	0	0	0	0	0	0	0	
230.058717	8	3	3	0	1	2	2	4198	214	26	13810	3	1	54	0	0	0	0	0	0	0	0	0	0	0	0	0	0	
231.053767	8	3	3	0	1	2	2	4199	206	26	13869	3	1	54	0	0	0	0	0	0	0	0	0	0	0	0	0	0	
232.045917	8	3	3	0	1	2	2	4198	196	26	13929	3	1	54	0	0	0	0	0	0	0	0	0	0	0	0	0	0	
233.039517	8	3	3	0	1	2	2	4198	188	26	13989	3	1	54	0	0	0	0	0	0	0	0	0	0	0	0	0	0	
234.053283	8	3	3	0	1	2	2	4199	181	26	14049	3	1	54	0	0	0	0	0	0	0	0	0	0	0	0	0	0	
235.048317	8	3	3	0	1	2	2	4199	173	26	14109	3	1	54	0	0	0	0	0	0	0	0	0	0	0	0	0	0	
236.044800	8	3	3	0	1	2	2	4199	166	25	14169	3	1	54	0	0	0	0	0	0	0	0	0	0	0	0	0	0	
237.058567	8	3	3	0	1	2	2	4198	159	25	14230	3	1	54	0	0	0	0	0	0	0	0	0	0	0	0	0	0	
238.053600	8	3	3	0	1	2	2	4198	153	25	14289	3	1	54	0	0	0	0	0	0	0	0	0	0	0	0	0	0	
239.047200	8	3	3	0	1	2	2	4199	146	25	14349	3	1	54	0	0	0	0	0	0	0	0	0	0	0	0	0	0	
240.042233	8	3	3	0	1	2	2	4198	140	25	14409	3	1	54	0	0	0	0	0	0	0	0	0	0	0	0	0	0	
241.056000	8	3	3	0	1	2	2	4199	135	25	14470	3	1	54	0	0	0	0	0	0	0	0	0	0	0	0	0	0	
242.051033	8	3	3	0	1	2	2	4199	130	25	14529	3	1	54	0	0	0	0	0	0	0	0	0	0	0	0	0	0	
243.046083	8	3	3	0	1	2	2	4198	125	25	14589	3	1	54	0	0	0	0	0	0	0	0	0	0	0	0	0	0	
244.041117	8	3	3	0	1	2	2	4199	120	25	14649	3	1	54	0	0	0	0	0	0	0	0	0	0	0	0	0	0	
245.059200	8	3	3	0	1	2	2	4199	115	25	14710	3	1	54	0	0	0	0	0	0	0	0	0	0	0	0	0	0	
246.054233	8	3	3	0	1	2	2	4198	110	25	14769	3	1	54	0	0	0	0	0	0	0	0	0	0	0	0	0	0	
247.047833	8	3	3	0	1	2	2	4198	107	25	14829	3	1	54	0	0	0	0	0	0	0	0	0	0	0	0	0	0	
248.041433	8	3	3	0	1	2	2	4198	103	25	14889	3	1	54	0	0	0	0	0	0	0	0	0	0	0	0	0	0	
249.055200	8	3	3	0	1	2	2	4198	99	25	14949	3	1	54	0	0	0	0	0	0	0	0	0	0	0	0	0	0	
250.050233	8	3	3	0	1	2	2	4198	96	25	15009	3	1	54	0	0	0	0	0	0	0	0	0	0	0	0	0	0	
251.043833	8	3	3	0	1	2	2	4198	93	25	15069	3	1	54	0	0	0	0	0	0	0	0	0	0	0	0	0	0	
252.056167	8	3	3	0	1	2	2	4198	90	25	15129	3	1	54	0	0	0	0	0	0	0	0	0	0	0	0	0	0	
253.051200	8	3	3	0	1	2	2	4199	86	25	15189	3	1	54	0	0	0	0	0	0	0	0	0	0	0	0	0	0	
254.046233	8	3	3	0	1	2	2	4198	83	25	15249	3	1	54	0	0	0	0	0	0	0	0	0	0	0	0	0	0	
255.041283	8	3	3	0	1	2	2	4198	79	25	15309	3	1	54	0	0	0	0	0	0	0	0	0	0	0	0	0	0	
256.055033	8	3	3	0	1	2	2	4198	77	25	15369	3	1	54	0	0	0	0	0	0	0	0	0	0	0	0	0	0	
257.048633	8	3	3	0	1	2	2	4198	74	25	15429	3	1	54	0	0	0	0	0	0	0	0	0	0	0	0	0	0	
258.042233	8	3	3	0	1	2	2	4198	72	25	15489	3	1	54	0	0	0	0	0	0	0	0	0	0	0	0	0	0	
259.041600	8	3	3	0	1	2	2	4198	68	25	15549	3	1	54	0	0	0	0	0	0	0	0	0	0	0	0	0	0	
260.055367	8	6	3	0	2	7	1	4009	-1349	25	15609	3	2	0	0	0	0	0	0	0	0	0	0	0	0	0	0	0	
261.050400	8	6	3	0	2	7	1	3917	-1350	25	15669	3	2	1	0	0	0	0	0	0	0	0	0	0	0	0	0	0	
262.044000	8	6	3	0	2	7	1	3850	-1348	25	15729	3	2	3	0	0	0	0	0	0	0	0	0	0	0	0	0	0	
263.056317	8	6	3	0	2	7	1	3797	-1349	25	15790	3	2	4	0	0	0	0	0	0	0	0	0	0	0	0	0	0	
264.051367	8	6	3	0	2	7	1	3757	-1350	25	15849	3	2	6	0	0	0	0	0	0	0	0	0	0	0	0	0	0	
265.046400	8	6	3	0	2	7	1	3720	-1350	25	15909	3	2	8	0	0	0	0	0	0	0	0	0	0	0	0	0	0	
266.042883	8	6	3	0	2	7	1	3685	-1351	25	15969	3	2	9	0	0	0	0	0	0	0	0	0	0	0	0	0	0	
267.056633	8	6	3	0	2	7	1	3653	-1348	25	16029	3	2	11	0	0	0	0	0	0	0	0	0	0	0	0	0	0	
268.051683	8	6	3	0	2	7	1	3622	-1349	25	16089	3	2	13	0	0	0	0	0	0	0	0	0	0	0	0	0	0	
269.045283	8	6	3	0	2	7	1	3594	-1350	25	16149	3	2	14	0	0	0	0	0	0	0	0	0	0	0	0	0	0	
270.056167	8	6	3	0	2	7	1	3565	-1350	25	16209	3	2	16	0	0	0	0	0	0	0	0	0	0	0	0	0	0	
271.051200	8	6	3	0	2	7	1	3540	-1349	25	16269	3	2	18	0	0	0	0	0	0	0	0	0	0	0	0	0	0	
272.044800	8	6	3	0	2	7	1	3516	-1350	25	16329	3	2	19	0	0	0	0	0	0	0	0	0	0	0	0	0	0	
273.060000	8	6	3	0	2	7	1	3493	-1349	25	16390	3	2	21	0	0	0	0	0	0	0	0	0	0	0	0	0	0	
274.057917	8	6	3	0	2	7	1	3474	-1349	25	16450	3	2	23	0	0	0	0	0	0	0	0	0	0	0	0	0	0	
275.052967	8	6	3	0	2	7	1	3454	-1350	25	16509	3	2	24	0	0	0	0	0	0	0	0	0	0	0	0	0	0	
276.048000	8	6	3	0	2	7	1	3436	-1350	25	16569	3	2	26	0	0	0	0	0	0	0	0	0	0	0	0	0	0	
277.043033	8	6	3	0	2	7	1	3419	-1350	25	16629	3	2	28	0	0	0	0	0	0	0	0	0	0	0	0	0	0	
278.056800	8	6	3	0	2	7	1	3402	-1350	25	16689	3	2	29	0	0	0	0	0	0	0	0	0	0	0	0	0	0	
279.051833	8	6	3	0	2	7	1	3387	-1349	25	16749	3	2	31	0	0	0	0	0	0	0	0	0	0	0	0	0	0	
280.045433	8	6	3	0	2	7	1	3371	-1349	25	16809	3	2	33	0	0	0	0	0	0	0	0	0	0	0	0	0	0	
281.057767	8	6	3	0	2	7	1	3354	-1350	25	16869	3	2	34	0	0	0	0	0	0	0	0	0	0	0	0	0	0	
282.052800	8	6	3	0	2	7	1	3337	-1351	25	16929	3	2	36	0	0	0	0	0	0	0	0	0	0	0	0	0	0	
283.047833	8	6	3	0	2	7	1	3317	-1351	25	16989	3	2	38	0	0	0	0	0	0	0	0	0	0	0	0	0	0	
284.042883	8	6	3	0	2	7	1	3295	-1349	25	17049	3	2	39	0	0	0	0	0	0	0	0	0	0	0	0	0	0	
285.058083	8	6	3	0	2	7	1	3266	-1350	25	17109	3	2	41	0	0	0	0	0	0	0	0	0	0	0	0	0	0	
286.051683	8	6	3	0	2	7	1	3230	-1350	25	17169	3	2	43	0	0	0	0	0	0	0	0	0	0	0	0	0	0	
287.045283	8	6	3	0	2	7	1	3178	-1349	25	17229	3	2	44	0	0	0	0	0	0	0	0	0	0	0	0	0	0	
288.043200	8	6	3	0	2	7	1	3102	-1349	25	17289	3	2	46	0	0	0	0	0	0	0	0	0	0	0	0	0	0	
289.058400	8	6	3	0	2	7	1	2978	-1349	25	17349	3	2	48	0	0	0	0	0	0	0	0	0	0	0	0	0	0	
290.050567	8	6	3	0	2	7	1	2767	-1350	25	17409	3	2	49	0	0	0	0	0	0	0	0	0	0	0	0	0	0	
290.341433	8	15	3	0	1	31	2	2889	23	25	17426	4	2	50	0	0	0	0	0	0	0	0	0	0	0	0	0	0	
290.361600	8	3	3	0	1	2	2	3363	676	25	17428	5	2	50	0	0	0	0	0	0	0	0	0	0	0	0	0	0	
291.047033	8	3	3	0	1	2	2	3763	674	25	17469	5	2	50	0	0	0	0	0	0	0	0	0	0	0	0	0	0	
292.059367	8	3	3	0	1	2	2	3841	674	25	17529	5	2	50	0	0	0	0	0	0	0	0	0	0	0	0	0	0	
293.054400	8	3	3	0	1	2	2	3871	674	25	17589	5	2	50	0	0	0	0	0	0	0	0	0	0	0	0	0	0	
294.049433	8	3	3	0	1	2	2	3892	674	25	17649	5	2	50	0	0	0	0	0	0	0	0	0	0	0	0	0	0	
295.044483	8	3	3	0	1	2	2	3911	675	25	17709	5	2	50	0	0	0	0	0	0	0	0	0	0	0	0	0	0	
296.058233	8	3	3	0	1	2	2	3926	675	25	17769	5	2	50	0	0	0	0	0	0	0	0	0	0	0	0	0	0	
297.053283	8	3	3	0	1	2	2	3939	674	25	17829	5	2	50	0	0	0	0	0	0	0	0	0	0	0	0	0	0	
298.046883	8	3	3	0	1	2	2	3950	676	25	17889	5	2	50	0	0	0	0	0	0	0	0	0	0	0	0	0	0	
299.059200	8	3	3	0	1	2	2	3959	675	25	17949	5	2	50	0	0	0	0	0	0	0	0	0	0	0	0	0	0	
300.054233	8	3	3	0	1	2	2	3968	673	25	18009	5	2	50	0	0	0	0	0	0	0	0	0	0	0	0	0	0	
301.050717	8	3	3	0	1	2	2	3976	674	25	18069	5	2	50	0	0	0	0	0	0	0	0	0	0	0	0	0	0	
302.050083	8	3	3	0	1	2	2	3983	673	25	18129	5	2	50	0	0	0	0	0	0	0	0	0	0	0	0	0	0	
303.045117	8	3	3	0	1	2	2	3991	674	25	18189	5	2	50	0	0	0	0	0	0	0	0	0	0	0	0	0	0	
304.058883	8	3	3	0	1	2	2	3998	674	25	18249	5	2	50	0	0	0	0	0	0	0	0	0	0	0	0	0	0	
305.053917	8	3	3	0	1	2	2	4004	675	25	18309	5	2	50	0	0	0	0	0	0	0	0	0	0	0	0	0	0	
306.047517	8	3	3	0	1	2	2	4011	674	25	18369	5	2	50	0	0	0	0	0	0	0	0	0	0	0	0	0	0	
307.059833	8	3	3	0	1	2	2	4018	674	25	18429	5	2	50	0	0	0	0	0	0	0	0	0	0	0	0	0	0	
308.054883	8	3	3	0	1	2	2	4024	675	25	18489	5	2	50	0	0	0	0	0	0	0	0	0	0	0	0	0	0	
309.049917	8	3	3	0	1	2	2	4031	676	25	18549	5	2	50	0	0	0	0	0	0	0	0	0	0	0	0	0	0	
310.063683	8	3	3	0	1	2	2	4037	675	25	18610	5	2	50	0	0	0	0	0	0	0	0	0	0	0	0	0	0	
311.060167	8	3	3	0	1	2	2	4043	675	24	18669	5	2	50	0	0	0	0	0	0	0	0	0	0	0	0	0	0	
312.055200	8	3	3	0	1	2	2	4050	674	25	18729	5	2	50	0	0	0	0	0	0	0	0	0	0	0	0	0	0	
313.048800	8	3	3	0	1	2	2	4057	675	25	18789	5	2	50	0	0	0	0	0	0	0	0	0	0	0	0	0	0	
314.059683	8	3	3	0	1	2	2	4063	675	25	18849	5	2	50	0	0	0	0	0	0	0	0	0	0	0	0	0	0	
315.057600	8	3	3	0	1	2	2	4070	674	24	18909	5	2	50	0	0	0	0	0	0	0	0	0	0	0	0	0	0	
316.055517	8	3	3	0	1	2	2	4077	675	24	18969	5	2	50	0	0	0	0	0	0	0	0	0	0	0	0	0	0	
317.050567	8	3	3	0	1	2	2	4083	676	24	19029	5	2	50	0	0	0	0	0	0	0	0	0	0	0	0	0	0	
318.064317	8	3	3	0	1	2	2	4091	675	24	19090	5	2	50	0	0	0	0	0	0	0	0	0	0	0	0	0	0	
319.059367	8	3	3	0	1	2	2	4098	675	24	19149	5	2	50	0	0	0	0	0	0	0	0	0	0	0	0	0	0	
320.052967	8	3	3	0	1	2	2	4105	675	24	19209	5	2	50	0	0	0	0	0	0	0	0	0	0	0	0	0	0	
321.046567	8	3	3	0	1	2	2	4112	674	24	19269	5	2	50	0	0	0	0	0	0	0	0	0	0	0	0	0	0	
322.060317	8	3	3	0	1	2	2	4118	667	24	19329	5	2	50	0	0	0	0	0	0	0	0	0	0	0	0	0	0	
323.055367	8	3	3	0	1	2	2	4126	664	24	19389	5	2	50	0	0	0	0	0	0	0	0	0	0	0	0	0	0	
324.048967	8	3	3	0	1	2	2	4133	663	24	19449	5	2	50	0	0	0	0	0	0	0	0	0	0	0	0	0	0	
325.061283	8	3	3	0	1	2	2	4140	664	24	19509	5	2	50	0	0	0	0	0	0	0	0	0	0	0	0	0	0	
326.056317	8	3	3	0	1	2	2	4148	662	24	19569	5	2	50	0	0	0	0	0	0	0	0	0	0	0	0	0	0	
327.051367	8	3	3	0	1	2	2	4155	657	24	19629	5	2	50	0	0	0	0	0	0	0	0	0	0	0	0	0	0	
328.065117	8	3	3	0	1	2	2	4163	660	24	19690	5	2	50	0	0	0	0	0	0	0	0	0	0	0	0	0	0	
329.063033	8	3	3	0	1	2	2	4171	657	24	19750	5	2	50	0	0	0	0	0	0	0	0	0	0	0	0	0	0	
330.060967	8	3	3	0	1	2	2	4179	656	24	19809	5	2	50	0	0	0	0	0	0	0	0	0	0	0	0	0	0	
331.054567	8	3	3	0	1	2	2	4187	655	24	19869	5	2	50	0	0	0	0	0	0	0	0	0	0	0	0	0	0	
332.048167	8	3	3	0	1	2	2	4195	655	24	19929	5	2	50	0	0	0	0	0	0	0	0	0	0	0	0	0	0	
333.061917	8	3	3	0	1	2	2	4199	624	24	19989	5	2	50	0	0	0	0	0	0	0	0	0	0	0	0	0	0	
334.056967	8	3	3	0	1	2	2	4199	587	24	20049	5	2	50	0	0	0	0	0	0	0	0	0	0	0	0	0	0	
335.052000	8	3	3	0	1	2	2	4199	556	24	20109	5	2	50	0	0	0	0	0	0	0	0	0	0	0	0	0	0	
336.065767	8	3	3	0	1	2	2	4198	528	24	20170	5	2	50	0	0	0	0	0	0	0	0	0	0	0	0	0	0	
337.060800	8	3	3	0	1	2	2	4198	502	24	20229	5	2	50	0	0	0	0	0	0	0	0	0	0	0	0	0	0	
338.054400	8	3	3	0	1	2	2	4198	477	24	20289	5	2	50	0	0	0	0	0	0	0	0	0	0	0	0	0	0	
339.048000	8	3	3	0	1	2	2	4199	455	24	20349	5	2	50	0	0	0	0	0	0	0	0	0	0	0	0	0	0	
340.061767	8	3	3	0	1	2	2	4199	434	24	20409	5	2	50	0	0	0	0	0	0	0	0	0	0	0	0	0	0	
341.058233	8	3	3	0	1	2	2	4199	413	24	20469	5	2	50	0	0	0	0	0	0	0	0	0	0	0	0	0	0	
342.053283	8	3	3	0	1	2	2	4198	395	24	20529	5	2	50	0	0	0	0	0	0	0	0	0	0	0	0	0	0	
343.048317	8	3	3	0	1	2	2	4198	376	24	20589	5	2	50	0	0	0	0	0	0	0	0	0	0	0	0	0	0	
344.049117	8	3	3	0	1	2	2	4199	358	24	20649	5	2	50	0	0	0	0	0	0	0	0	0	0	0	0	0	0	
345.062883	8	3	3	0	1	2	2	4198	343	24	20709	5	2	50	0	0	0	0	0	0	0	0	0	0	0	0	0	0	
346.057917	8	3	3	0	1	2	2	4198	327	24	20769	5	2	50	0	0	0	0	0	0	0	0	0	0	0	0	0	0	
347.052967	8	3	3	0	1	2	2	4198	312	24	20829	5	2	50	0	0	0	0	0	0	0	0	0	0	0	0	0	0	
348.048000	8	3	3	0	1	2	2	4198	299	24	20889	5	2	50	0	0	0	0	0	0	0	0	0	0	0	0	0	0	
349.063200	8	3	3	0	1	2	2	4199	285	24	20949	5	2	50	0	0	0	0	0	0	0	0	0	0	0	0	0	0	
350.058233	8	3	3	0	1	2	2	4199	272	24	21009	5	2	50	0	0	0	0	0	0	0	0	0	0	0	0	0	0	
351.053283	8	3	3	0	1	2	2	4198	261	24	21069	5	2	50	0	0	0	0	0	0	0	0	0	0	0	0	0	0	
352.067033	8	3	3	0	1	2	2	4198	250	24	21130	5	2	50	0	0	0	0	0	0	0	0	0	0	0	0	0	0	
353.062083	8	3	3	0	1	2	2	4199	239	24	21189	5	2	50	0	0	0	0	0	0	0	0	0	0	0	0	0	0	
354.055683	8	3	3	0	1	2	2	4198	229	24	21249	5	2	50	0	0	0	0	0	0	0	0	0	0	0	0	0	0	
355.049283	8	3	3	0	1	2	2	4198	220	24	21309	5	2	50	0	0	0	0	0	0	0	0	0	0	0	0	0	0	
356.063033	8	3	3	0	1	2	2	4198	210	24	21369	5	2	50	0	0	0	0	0	0	0	0	0	0	0	0	0	0	
357.058083	8	3	3	0	1	2	2	4199	201	24	21429	5	2	50	0	0	0	0	0	0	0	0	0	0	0	0	0	0	
358.051683	8	3	3	0	1	2	2	4198	192	24	21489	5	2	50	0	0	0	0	0	0	0	0	0	0	0	0	0	0	
359.051033	8	3	3	0	1	2	2	4198	184	24	21549	5	2	50	0	0	0	0	0	0	0	0	0	0	0	0	0	0	
360.064800	8	3	3	0	1	2	2	4199	175	24	21610	5	2	50	0	0	0	0	0	0	0	0	0	0	0	0	0	0	
361.059833	8	3	3	0	1	2	2	4199	169	24	21669	5	2	50	0	0	0	0	0	0	0	0	0	0	0	0	0	0	
362.054883	8	3	3	0	1	2	2	4198	162	24	21729	5	2	50	0	0	0	0	0	0	0	0	0	0	0	0	0	0	
363.049917	8	3	3	0	1	2	2	4198	156	24	21789	5	2	50	0	0	0	0	0	0	0	0	0	0	0	0	0	0	
364.063683	8	3	3	0	1	2	2	4199	150	24	21849	5	2	50	0	0	0	0	0	0	0	0	0	0	0	0	0	0	
365.060167	8	3	3	0	1	2	2	4198	143	24	21909	5	2	50	0	0	0	0	0	0	0	0	0	0	0	0	0	0	
366.055200	8	3	3	0	1	2	2	4199	138	24	21969	5	2	50	0	0	0	0	0	0	0	0	0	0	0	0	0	0	
367.068967	8	3	3	0	1	2	2	4198	132	24	22030	5	2	50	0	0	0	0	0	0	0	0	0	0	0	0	0	0	
368.064000	8	3	3	0	1	2	2	4198	127	24	22089	5	2	50	0	0	0	0	0	0	0	0	0	0	0	0	0	0	
369.057600	8	3	3	0	1	2	2	4198	122	24	22149	5	2	50	0	0	0	0	0	0	0	0	0	0	0	0	0	0	
370.051200	8	3	3	0	1	2	2	4199	117	24	22209	5	2	50	0	0	0	0	0	0	0	0	0	0	0	0	0	0	
371.064967	8	3	3	0	1	2	2	4198	114	24	22269	5	2	50	0	0	0	0	0	0	0	0	0	0	0	0	0	0	
372.060000	8	3	3	0	1	2	2	4198	109	24	22329	5	2	50	0	0	0	0	0	0	0	0	0	0	0	0	0	0	
373.053600	8	3	3	0	1	2	2	4199	106	24	22389	5	2	50	0	0	0	0	0	0	0	0	0	0	0	0	0	0	
374.067367	8	3	3	0	1	2	2	4199	104	24	22450	5	2	50	0	0	0	0	0	0	0	0	0	0	0	0	0	0	
375.066717	8	3	3	0	1	2	2	4198	97	24	22510	5	2	50	0	0	0	0	0	0	0	0	0	0	0	0	0	0	
376.061767	8	3	3	0	1	2	2	4198	93	24	22569	5	2	50	0	0	0	0	0	0	0	0	0	0	0	0	0	0	
377.056800	8	3	3	0	1	2	2	4199	90	24	22629	5	2	50	0	0	0	0	0	0	0	0	0	0	0	0	0	0	
378.051833	8	3	3	0	1	2	2	4199	88	24	22689	5	2	50	0	0	0	0	0	0	0	0	0	0	0	0	0	0	
379.067033	8	3	3	0	1	2	2	4199	84	24	22750	5	2	50	0	0	0	0	0	0	0	0	0	0	0	0	0	0	
380.062083	8	3	3	0	1	2	2	4198	81	24	22809	5	2	50	0	0	0	0	0	0	0	0	0	0	0	0	0	0	
381.057117	8	3	3	0	1	2	2	4198	78	24	22869	5	2	50	0	0	0	0	0	0	0	0	0	0	0	0	0	0	
382.052167	8	3	3	0	1	2	2	4199	76	24	22929	5	2	50	0	0	0	0	0	0	0	0	0	0	0	0	0	0	
383.065917	8	3	3	0	1	2	2	4199	73	24	22989	5	2	50	0	0	0	0	0	0	0	0	0	0	0	0	0	0	
384.060967	8	3	3	0	1	2	2	4199	71	24	23049	5	2	50	0	0	0	0	0	0	0	0	0	0	0	0	0	0	
385.056000	8	3	3	0	1	2	2	4198	68	24	23109	5	2	50	0	0	0	0	0	0	0	0	0	0	0	0	0	0	
385.691033	8	6	3	0	2	7	1	4137	-440	24	23147	5	3	0	0	0	0	0	0	0	0	0	0	0	0	0	0	0	
386.053917	8	6	3	0	2	7	1	3956	-1349	24	23169	5	3	0	0	0	0	0	0	0	0	0	0	0	0	0	0	0	
387.067683	8	6	3	0	2	7	1	3877	-1350	24	23230	5	3	2	0	0	0	0	0	0	0	0	0	0	0	0	0	0	
388.062717	8	6	3	0	2	7	1	3808	-1348	24	23289	5	3	3	0	0	0	0	0	0	0	0	0	0	0	0	0	0	
389.057767	8	6	3	0	2	7	1	3756	-1350	24	23349	5	3	5	0	0	0	0	0	0	0	0	0	0	0	0	0	0	
390.054233	8	6	3	0	2	7	1	3714	-1349	24	23409	5	3	7	0	0	0	0	0	0	0	0	0	0	0	0	0	0	
391.066567	8	6	3	0	2	7	1	3676	-1349	24	23469	5	3	8	0	0	0	0	0	0	0	0	0	0	0	0	0	0	
392.061600	8	6	3	0	2	7	1	3641	-1349	24	23529	5	3	10	0	0	0	0	0	0	0	0	0	0	0	0	0	0	
393.056633	8	6	3	0	2	7	1	3609	-1348	24	23589	5	3	12	0	0	0	0	0	0	0	0	0	0	0	0	0	0	
394.051683	8	6	3	0	2	7	1	3578	-1350	24	23649	5	3	13	0	0	0	0	0	0	0	0	0	0	0	0	0	0	
395.065433	8	6	3	0	2	7	1	3550	-1349	24	23709	5	3	15	0	0	0	0	0	0	0	0	0	0	0	0	0	0	
396.061917	8	6	3	0	2	7	1	3524	-1350	24	23769	5	3	17	0	0	0	0	0	0	0	0	0	0	0	0	0	0	
397.054083	8	6	3	0	2	7	1	3499	-1350	24	23829	5	3	18	0	0	0	0	0	0	0	0	0	0	0	0	0	0	
398.066400	8	6	3	0	2	7	1	3477	-1348	24	23889	5	3	20	0	0	0	0	0	0	0	0	0	0	0	0	0	0	
399.061433	8	6	3	0	2	7	1	3456	-1349	24	23949	5	3	22	0	0	0	0	0	0	0	0	0	0	0	0	0	0	
400.055033	8	6	3	0	2	7	1	3436	-1349	24	24009	5	3	23	0	0	0	0	0	0	0	0	0	0	0	0	0	0	
401.067367	8	6	3	0	2	7	1	3418	-1350	24	24070	5	3	25	0	0	0	0	0	0	0	0	0	0	0	0	0	0	
402.062400	8	6	3	0	2	7	1	3401	-1348	24	24129	5	3	27	0	0	0	0	0	0	0	0	0	0	0	0	0	0	
403.057433	8	6	3	0	2	7	1	3384	-1351	24	24189	5	3	28	0	0	0	0	0	0	0	0	0	0	0	0	0	0	
404.055367	8	6	3	0	2	7	1	3368	-1349	24	24249	5	3	30	0	0	0	0	0	0	0	0	0	0	0	0	0	0	
405.069117	8	6	3	0	2	7	1	3351	-1349	24	24310	5	3	32	0	0	0	0	0	0	0	0	0	0	0	0	0	0	
406.064167	8	6	3	0	2	7	1	3334	-1349	24	24369	5	3	33	0	0	0	0	0	0	0	0	0	0	0	0	0	0	
407.059200	8	6	3	0	2	7	1	3315	-1350	24	24429	5	3	35	0	0	0	0	0	0	0	0	0	0	0	0	0	0	
408.055683	8	6	3	0	2	7	1	3294	-1349	24	24489	5	3	36	0	0	0	0	0	0	0	0	0	0	0	0	0	0	
409.069433	8	6	3	0	2	7	1	3269	-1348	24	24550	5	3	38	0	0	0	0	0	0	0	0	0	0	0	0	0	0	
410.064483	8	6	3	0	2	7	1	3237	-1349	24	24609	5	3	40	0	0	0	0	0	0	0	0	0	0	0	0	0	0	
411.059517	8	6	3	0	2	7	1	3193	-1350	24	24669	5	3	41	0	0	0	0	0	0	0	0	0	0	0	0	0	0	
412.056000	8	6	3	0	2	7	1	3130	-1349	24	24729	5	3	43	0	0	0	0	0	0	0	0	0	0	0	0	0	0	
413.069767	8	6	3	0	2	7	1	3029	-1350	24	24790	5	3	45	0	0	0	0	0	0	0	0	0	0	0	0	0	0	
414.064800	8	6	3	0	2	7	1	2861	-1350	24	24849	5	3	46	0	0	0	0	0	0	0	0	0	0	0	0	0	0	
414.735833	8	15	3	0	1	31	2	2843	16	24	24890	6	3	48	0	0	0	0	0	0	0	0	0	0	0	0	0	0	
414.758883	8	3	3	0	1	2	2	3408	678	24	24891	7	3	48	0	0	0	0	0	0	0	0	0	0	0	0	0	0	
415.062717	8	3	3	0	1	2	2	3697	673	24	24909	7	3	48	0	0	0	0	0	0	0	0	0	0	0	0	0	0	
416.056317	8	3	3	0	1	2	2	3832	674	24	24969	7	3	48	0	0	0	0	0	0	0	0	0	0	0	0	0	0	
417.068633	8	3	3	0	1	2	2	3871	676	24	25029	7	3	48	0	0	0	0	0	0	0	0	0	0	0	0	0	0	
418.066567	8	3	3	0	1	2	2	3896	675	24	25089	7	3	48	0	0	0	0	0	0	0	0	0	0	0	0	0	0	
419.060167	8	3	3	0	1	2	2	3916	673	24	25149	7	3	48	0	0	0	0	0	0	0	0	0	0	0	0	0	0	
420.055200	8	3	3	0	1	2	2	3933	674	24	25209	7	3	48	0	0	0	0	0	0	0	0	0	0	0	0	0	0	
421.070400	8	3	3	0	1	2	2	3947	675	24	25270	7	3	48	0	0	0	0	0	0	0	0	0	0	0	0	0	0	
422.065433	8	3	3	0	1	2	2	3958	675	24	25329	7	3	48	0	0	0	0	0	0	0	0	0	0	0	0	0	0	
423.060483	8	3	3	0	1	2	2	3968	675	24	25389	7	3	48	0	0	0	0	0	0	0	0	0	0	0	0	0	0	
424.055517	8	3	3	0	1	2	2	3978	673	24	25449	7	3	48	0	0	0	0	0	0	0	0	0	0	0	0	0	0	
425.069283	8	3	3	0	1	2	2	3986	675	24	25509	7	3	48	0	0	0	0	0	0	0	0	0	0	0	0	0	0	
426.064317	8	3	3	0	1	2	2	3994	675	24	25569	7	3	48	0	0	0	0	0	0	0	0	0	0	0	0	0	0	
427.059367	8	3	3	0	1	2	2	4002	673	24	25629	7	3	48	0	0	0	0	0	0	0	0	0	0	0	0	0	0	
428.073117	8	3	3	0	1	2	2	4009	675	24	25690	7	3	48	0	0	0	0	0	0	0	0	0	0	0	0	0	0	
429.068167	8	3	3	0	1	2	2	4016	673	24	25749	7	3	48	0	0	0	0	0	0	0	0	0	0	0	0	0	0	
430.061767	8	3	3	0	1	2	2	4024	675	24	25809	7	3	48	0	0	0	0	0	0	0	0	0	0	0	0	0	0	
431.055367	8	3	3	0	1	2	2	4030	674	24	25869	7	3	48	0	0	0	0	0	0	0	0	0	0	0	0	0	0	
432.073433	8	3	3	0	1	2	2	4037	675	24	25930	7	3	48	0	0	0	0	0	0	0	0	0	0	0	0	0	0	
433.067033	8	3	3	0	1	2	2	4044	673	24	25989	7	3	48	0	0	0	0	0	0	0	0	0	0	0	0	0	0	
434.062083	8	3	3	0	1	2	2	4051	674	23	26049	7	3	48	0	0	0	0	0	0	0	0	0	0	0	0	0	0	
435.057117	8	3	3	0	1	2	2	4058	675	24	26109	7	3	48	0	0	0	0	0	0	0	0	0	0	0	0	0	0	
436.070883	8	3	3	0	1	2	2	4065	674	24	26170	7	3	48	0	0	0	0	0	0	0	0	0	0	0	0	0	0	
437.065917	8	3	3	0	1	2	2	4071	674	23	26229	7	3	48	0	0	0	0	0	0	0	0	0	0	0	0	0	0	
438.060967	8	3	3	0	1	2	2	4079	675	23	26289	7	3	48	0	0	0	0	0	0	0	0	0	0	0	0	0	0	
439.057433	8	3	3	0	1	2	2	4086	674	23	26349	7	3	48	0	0	0	0	0	0	0	0	0	0	0	0	0	0	
440.071200	8	3	3	0	1	2	2	4093	673	23	26410	7	3	48	0	0	0	0	0	0	0	0	0	0	0	0	0	0	
441.066233	8	3	3	0	1	2	2	4100	673	23	26469	7	3	48	0	0	0	0	0	0	0	0	0	0	0	0	0	0	
442.061283	8	3	3	0	1	2	2	4107	675	23	26529	7	3	48	0	0	0	0	0	0	0	0	0	0	0	0	0	0	
443.056317	8	3	3	0	1	2	2	4115	674	23	26589	7	3	48	0	0	0	0	0	0	0	0	0	0	0	0	0	0	
444.070083	8	3	3	0	1	2	2	4121	664	23	26649	7	3	48	0	0	0	0	0	0	0	0	0	0	0	0	0	0	
445.065117	8	3	3	0	1	2	2	4127	664	23	26709	7	3	48	0	0	0	0	0	0	0	0	0	0	0	0	0	0	
446.061600	8	3	3	0	1	2	2	4135	661	23	26769	7	3	48	0	0	0	0	0	0	0	0	0	0	0	0	0	0	
447.056633	8	3	3	0	1	2	2	4142	660	23	26829	7	3	48	0	0	0	0	0	0	0	0	0	0	0	0	0	0	
448.070400	8	3	3	0	1	2	2	4150	660	23	26889	7	3	48	0	0	0	0	0	0	0	0	0	0	0	0	0	0	
449.065433	8	3	3	0	1	2	2	4158	659	23	26949	7	3	48	0	0	0	0	0	0	0	0	0	0	0	0	0	0	
450.060483	8	3	3	0	1	2	2	4166	658	23	27009	7	3	48	0	0	0	0	0	0	0	0	0	0	0	0	0	0	
451.075683	8	3	3	0	1	2	2	4174	656	23	27070	7	3	48	0	0	0	0	0	0	0	0	0	0	0	0	0	0	
452.070717	8	3	3	0	1	2	2	4182	656	23	27129	7	3	48	0	0	0	0	0	0	0	0	0	0	0	0	0	0	
453.064317	8	3	3	0	1	2	2	4190	654	23	27189	7	3	48	0	0	0	0	0	0	0	0	0	0	0	0	0	0	
454.057917	8	3	3	0	1	2	2	4198	655	23	27249	7	3	48	0	0	0	0	0	0	0	0	0	0	0	0	0	0	
455.071683	8	3	3	0	1	2	2	4199	610	23	27309	7	3	48	0	0	0	0	0	0	0	0	0	0	0	0	0	0	
456.066717	8	3	3	0	1	2	2	4198	576	23	27369	7	3	48	0	0	0	0	0	0	0	0	0	0	0	0	0	0	
457.060317	8	3	3	0	1	2	2	4198	547	23	27429	7	3	48	0	0	0	0	0	0	0	0	0	0	0	0	0	0	
458.071200	8	3	3	0	1	2	2	4198	520	23	27489	7	3	48	0	0	0	0	0	0	0	0	0	0	0	0	0	0	
459.070567	8	3	3	0	1	2	2	4198	494	23	27549	7	3	48	0	0	0	0	0	0	0	0	0	0	0	0	0	0	
460.064167	8	3	3	0	1	2	2	4198	471	23	27609	7	3	48	0	0	0	0	0	0	0	0	0	0	0	0	0	0	
461.059200	8	3	3	0	1	2	2	4199	449	23	27669	7	3	48	0	0	0	0	0	0	0	0	0	0	0	0	0	0	
462.072967	8	3	3	0	1	2	2	4199	428	23	27730	7	3	48	0	0	0	0	0	0	0	0	0	0	0	0	0	0	
463.068000	8	3	3	0	1	2	2	4198	409	23	27789	7	3	48	0	0	0	0	0	0	0	0	0	0	0	0	0	0	
464.063033	8	3	3	0	1	2	2	4199	390	23	27849	7	3	48	0	0	0	0	0	0	0	0	0	0	0	0	0	0	
465.058083	8	3	3	0	1	2	2	4199	373	23	27909	7	3	48	0	0	0	0	0	0	0	0	0	0	0	0	0	0	
466.071833	8	3	3	0	1	2	2	4199	355	23	27969	7	3	48	0	0	0	0	0	0	0	0	0	0	0	0	0	0	
467.066883	8	3	3	0	1	2	2	4198	339	23	28029	7	3	48	0	0	0	0	0	0	0	0	0	0	0	0	0	0	
468.061917	8	3	3	0	1	2	2	4198	324	23	28089	7	3	48	0	0	0	0	0	0	0	0	0	0	0	0	0	0	
469.077117	8	3	3	0	1	2	2	4198	309	23	28150	7	3	48	0	0	0	0	0	0	0	0	0	0	0	0	0	0	
470.072167	8	3	3	0	1	2	2	4198	296	23	28209	7	3	48	0	0	0	0	0	0	0	0	0	0	0	0	0	0	
471.065767	8	3	3	0	1	2	2	4199	283	23	28269	7	3	48	0	0	0	0	0	0	0	0	0	0	0	0	0	0	
472.062233	8	3	3	0	1	2	2	4199	273	23	28329	7	3	48	0	0	0	0	0	0	0	0	0	0	0	0	0	0	
473.058717	8	3	3	0	1	2	2	4199	259	23	28389	7	3	48	0	0	0	0	0	0	0	0	0	0	0	0	0	0	
474.072483	8	3	3	0	1	2	2	4199	249	23	28449	7	3	48	0	0	0	0	0	0	0	0	0	0	0	0	0	0	
475.067517	8	3	3	0	1	2	2	4199	238	23	28509	7	3	48	0	0	0	0	0	0	0	0	0	0	0	0	0	0	
476.061117	8	3	3	0	1	2	2	4199	227	23	28569	7	3	48	0	0	0	0	0	0	0	0	0	0	0	0	0	0	
477.073433	8	3	3	0	1	2	2	4198	219	23	28629	7	3	48	0	0	0	0	0	0	0	0	0	0	0	0	0	0	
478.068483	8	3	3	0	1	2	2	4198	209	23	28689	7	3	48	0	0	0	0	0	0	0	0	0	0	0	0	0	0	
479.063517	8	3	3	0	1	2	2	4199	200	23	28749	7	3	48	0	0	0	0	0	0	0	0	0	0	0	0	0	0	
480.058567	8	3	3	0	1	2	2	4198	192	23	28809	7	3	48	0	0	0	0	0	0	0	0	0	0	0	0	0	0	
481.073767	8	3	3	0	1	2	2	4198	184	23	28869	7	3	48	0	0	0	0	0	0	0	0	0	0	0	0	0	0	
482.068800	8	3	3	0	1	2	2	4199	176	23	28929	7	3	48	0	0	0	0	0	0	0	0	0	0	0	0	0	0	
483.062400	8	3	3	0	1	2	2	4198	168	23	28989	7	3	48	0	0	0	0	0	0	0	0	0	0	0	0	0	0	
484.073283	8	3	3	0	1	2	2	4198	162	23	29049	7	3	48	0	0	0	0	0	0	0	0	0	0	0	0	0	0	
485.068317	8	3	3	0	1	2	2	4198	155	23	29109	7	3	48	0	0	0	0	0	0	0	0	0	0	0	0	0	0	
486.066233	8	3	3	0	1	2	2	4199	152	23	29169	7	3	48	0	0	0	0	0	0	0	0	0	0	0	0	0	0	
487.064167	8	3	3	0	1	2	2	4199	144	23	29229	7	3	48	0	0	0	0	0	0	0	0	0	0	0	0	0	0	
488.059200	8	3	3	0	1	2	2	4199	138	23	29289	7	3	48	0	0	0	0	0	0	0	0	0	0	0	0	0	0	
489.072967	8	3	3	0	1	2	2	4198	133	23	29349	7	3	48	0	0	0	0	0	0	0	0	0	0	0	0	0	0	
490.069433	8	3	3	0	1	2	2	4199	128	23	29409	7	3	48	0	0	0	0	0	0	0	0	0	0	0	0	0	0	
491.063033	8	3	3	0	1	2	2	4198	122	23	29469	7	3	48	0	0	0	0	0	0	0	0	0	0	0	0	0	0	
492.073917	8	3	3	0	1	2	2	4198	118	23	29529	7	3	48	0	0	0	0	0	0	0	0	0	0	0	0	0	0	
493.068967	8	3	3	0	1	2	2	4198	112	23	29589	7	3	48	0	0	0	0	0	0	0	0	0	0	0	0	0	0	
494.064000	8	3	3	0	1	2	2	4199	108	23	29649	7	3	48	0	0	0	0	0	0	0	0	0	0	0	0	0	0	
495.079200	8	3	3	0	1	2	2	4199	105	23	29710	7	3	48	0	0	0	0	0	0	0	0	0	0	0	0	0	0	
496.074233	8	3	3	0	1	2	2	4199	102	23	29769	7	3	48	0	0	0	0	0	0	0	0	0	0	0	0	0	0	
497.069283	8	3	3	0	1	2	2	4198	99	23	29829	7	3	48	0	0	0	0	0	0	0	0	0	0	0	0	0	0	
498.062883	8	3	3	0	1	2	2	4198	94	23	29889	7	3	48	0	0	0	0	0	0	0	0	0	0	0	0	0	0	
499.075200	8	3	3	0	1	2	2	4198	90	23	29949	7	3	48	0	0	0	0	0	0	0	0	0	0	0	0	0	0	
500.073117	8	3	3	0	1	2	2	4198	87	23	30009	7	3	48	0	0	0	0	0	0	0	0	0	0	0	0	0	0	
501.066717	8	3	3	0	1	2	2	4199	84	23	30069	7	3	48	0	0	0	0	0	0	0	0	0	0	0	0	0	0	
502.061767	8	3	3	0	1	2	2	4199	81	24	30129	7	3	48	0	0	0	0	0	0	0	0	0	0	0	0	0	0	
503.076967	8	3	3	0	1	2	2	4199	78	23	30190	7	3	48	0	0	0	0	0	0	0	0	0	0	0	0	0	0	
504.072000	8	3	3	0	1	2	2	4198	75	23	30249	7	3	48	0	0	0	0	0	0	0	0	0	0	0	0	0	0	
505.067033	8	3	3	0	1	2	2	4199	73	23	30309	7	3	48	0	0	0	0	0	0	0	0	0	0	0	0	0	0	
506.062083	8	3	3	0	1	2	2	4198	70	23	30369	7	3	48	0	0	0	0	0	0	0	0	0	0	0	0	0	0	
507.075833	8	3	3	0	1	2	2	4198	69	23	30430	7	3	48	0	0	0	0	0	0	0	0	0	0	0	0	0	0	
507.748317	8	6	3	0	2	7	1	4064	-946	23	30470	7	4	0	0	0	0	0	0	0	0	0	0	0	0	0	0	0	
508.072317	8	6	3	0	2	7	1	3957	-1351	23	30489	7	4	0	0	0	0	0	0	0	0	0	0	0	0	0	0	0	
509.067367	8	6	3	0	2	7	1	3876	-1351	23	30549	7	4	2	0	0	0	0	0	0	0	0	0	0	0	0	0	0	
510.062400	8	6	3	0	2	7	1	3803	-1349	23	30609	7	4	3	0	0	0	0	0	0	0	0	0	0	0	0	0	0	
511.076167	8	6	3	0	2	7	1	3748	-1350	23	30670	7	4	5	0	0	0	0	0	0	0	0	0	0	0	0	0	0	
512.071200	8	6	3	0	2	7	1	3704	-1350	23	30729	7	4	7	0	0	0	0	0	0	0	0	0	0	0	0	0	0	
513.069117	8	6	3	0	2	7	1	3664	-1350	23	30789	7	4	8	0	0	0	0	0	0	0	0	0	0	0	0	0	0	
514.064167	8	6	3	0	2	7	1	3628	-1348	23	30849	7	4	10	0	0	0	0	0	0	0	0	0	0	0	0	0	0	
515.076483	8	6	3	0	2	7	1	3596	-1349	23	30909	7	4	12	0	0	0	0	0	0	0	0	0	0	0	0	0	0	
516.071517	8	6	3	0	2	7	1	3565	-1350	23	30969	7	4	13	0	0	0	0	0	0	0	0	0	0	0	0	0	0	
517.066567	8	6	3	0	2	7	1	3537	-1350	23	31029	7	4	15	0	0	0	0	0	0	0	0	0	0	0	0	0	0	
518.080317	8	6	3	0	2	7	1	3511	-1350	23	31090	7	4	17	0	0	0	0	0	0	0	0	0	0	0	0	0	0	
519.075367	8	6	3	0	2	7	1	3487	-1349	23	31149	7	4	18	0	0	0	0	0	0	0	0	0	0	0	0	0	0	
520.068967	8	6	3	0	2	7	1	3465	-1349	23	31209	7	4	20	0	0	0	0	0	0	0	0	0	0	0	0	0	0	
521.062567	8	6	3	0	2	7	1	3445	-1349	23	31269	7	4	21	0	0	0	0	0	0	0	0	0	0	0	0	0	0	
522.076317	8	6	3	0	2	7	1	3425	-1350	23	31329	7	4	23	0	0	0	0	0	0	0	0	0	0	0	0	0	0	
523.071367	8	6	3	0	2	7	1	3408	-1349	23	31389	7	4	25	0	0	0	0	0	0	0	0	0	0	0	0	0	0	
524.066400	8	6	3	0	2	7	1	3390	-1350	23	31449	7	4	26	0	0	0	0	0	0	0	0	0	0	0	0	0	0	
525.081600	8	6	3	0	2	7	1	3374	-1350	23	31510	7	4	28	0	0	0	0	0	0	0	0	0	0	0	0	0	0	
526.076633	8	6	3	0	2	7	1	3358	-1351	23	31569	7	4	30	0	0	0	0	0	0	0	0	0	0	0	0	0	0	
527.073117	8	6	3	0	2	7	1	3340	-1349	23	31629	7	4	31	0	0	0	0	0	0	0	0	0	0	0	0	0	0	
528.072483	8	6	3	0	2	7	1	3323	-1350	23	31689	7	4	33	0	0	0	0	0	0	0	0	0	0	0	0	0	0	
529.064633	8	6	3	0	2	7	1	3303	-1349	23	31749	7	4	35	0	0	0	0	0	0	0	0	0	0	0	0	0	0	
530.076967	8	6	3	0	2	7	1	3280	-1347	23	31809	7	4	36	0	0	0	0	0	0	0	0	0	0	0	0	0	0	
531.072000	8	6	3	0	2	7	1	3251	-1349	23	31869	7	4	38	0	0	0	0	0	0	0	0	0	0	0	0	0	0	
532.067033	8	6	3	0	2	7	1	3213	-1349	23	31929	7	4	40	0	0	0	0	0	0	0	0	0	0	0	0	0	0	
533.082233	8	6	3	0	2	7	1	3158	-1351	23	31990	7	4	41	0	0	0	0	0	0	0	0	0	0	0	0	0	0	
534.077283	8	6	3	0	2	7	1	3074	-1350	23	32049	7	4	43	0	0	0	0	0	0	0	0	0	0	0	0	0	0	
535.070883	8	6	3	0	2	7	1	2936	-1350	23	32109	7	4	45	0	0	0	0	0	0	0	0	0	0	0	0	0	0	
536.064483	8	6	3	0	2	7	1	2690	-1350	23	32169	7	4	46	0	0	0	0	0	0	0	0	0	0	0	0	0	0	
536.109117	8	15	3	0	1	31	2	3244	276	23	32171	9	4	46	0	0	0	0	0	0	0	0	0	0	0	0	0	0	
536.129283	8	3	3	0	1	2	2	3466	675	23	32173	9	4	46	0	0	0	0	0	0	0	0	0	0	0	0	0	0	
537.079683	8	3	3	0	1	2	2	3813	674	23	32230	9	4	46	0	0	0	0	0	0	0	0	0	0	0	0	0	0	
538.074717	8	3	3	0	1	2	2	3864	674	23	32289	9	4	46	0	0	0	0	0	0	0	0	0	0	0	0	0	0	
539.069767	8	3	3	0	1	2	2	3893	674	23	32349	9	4	46	0	0	0	0	0	0	0	0	0	0	0	0	0	0	
540.064800	8	3	3	0	1	2	2	3915	675	23	32409	9	4	46	0	0	0	0	0	0	0	0	0	0	0	0	0	0	
541.080000	8	3	3	0	1	2	2	3934	674	23	32470	9	4	46	0	0	0	0	0	0	0	0	0	0	0	0	0	0	
542.073600	8	3	3	0	1	2	2	3948	675	23	32529	9	4	46	0	0	0	0	0	0	0	0	0	0	0	0	0	0	
543.068633	8	3	3	0	1	2	2	3960	675	23	32589	9	4	46	0	0	0	0	0	0	0	0	0	0	0	0	0	0	
544.063683	8	3	3	0	1	2	2	3971	674	23	32649	9	4	46	0	0	0	0	0	0	0	0	0	0	0	0	0	0	
545.077433	8	3	3	0	1	2	2	3980	673	23	32709	9	4	46	0	0	0	0	0	0	0	0	0	0	0	0	0	0	
546.073917	8	3	3	0	1	2	2	3989	674	23	32769	9	4	46	0	0	0	0	0	0	0	0	0	0	0	0	0	0	
547.068967	8	3	3	0	1	2	2	3997	674	23	32829	9	4	46	0	0	0	0	0	0	0	0	0	0	0	0	0	0	
548.082717	8	3	3	0	1	2	2	4005	674	23	32890	9	4	46	0	0	0	0	0	0	0	0	0	0	0	0	0	0	
549.077767	8	3	3	0	1	2	2	4013	674	24	32949	9	4	46	0	0	0	0	0	0	0	0	0	0	0	0	0	0	
550.071367	8	3	3	0	1	2	2	4020	675	23	33009	9	4	46	0	0	0	0	0	0	0	0	0	0	0	0	0	0	
551.064967	8	3	3	0	1	2	2	4027	675	24	33069	9	4	46	0	0	0	0	0	0	0	0	0	0	0	0	0	0	
552.078717	8	3	3	0	1	2	2	4035	675	24	33129	9	4	46	0	0	0	0	0	0	0	0	0	0	0	0	0	0	
553.073767	8	3	3	0	1	2	2	4041	674	24	33189	9	4	46	0	0	0	0	0	0	0	0	0	0	0	0	0	0	
554.070233	8	3	3	0	1	2	2	4048	674	24	33249	9	4	46	0	0	0	0	0	0	0	0	0	0	0	0	0	0	
555.065283	8	3	3	0	1	2	2	4055	674	24	33309	9	4	46	0	0	0	0	0	0	0	0	0	0	0	0	0	0	
556.064633	8	3	3	0	1	2	2	4062	674	24	33369	9	4	46	0	0	0	0	0	0	0	0	0	0	0	0	0	0	
557.078400	8	3	3	0	1	2	2	4069	674	24	33429	9	4	46	0	0	0	0	0	0	0	0	0	0	0	0	0	0	
558.072000	8	3	3	0	1	2	2	4076	675	24	33489	9	4	46	0	0	0	0	0	0	0	0	0	0	0	0	0	0	
559.065600	8	3	3	0	1	2	2	4084	674	24	33549	9	4	46	0	0	0	0	0	0	0	0	0	0	0	0	0	0	
560.079367	8	3	3	0	1	2	2	4090	674	24	33609	9	4	46	0	0	0	0	0	0	0	0	0	0	0	0	0	0	
561.074400	8	3	3	0	1	2	2	4098	674	24	33669	9	4	46	0	0	0	0	0	0	0	0	0	0	0	0	0	0	
562.068000	8	3	3	0	1	2	2	4105	676	24	33729	9	4	46	0	0	0	0	0	0	0	0	0	0	0	0	0	0	
563.080317	8	3	3	0	1	2	2	4113	674	24	33790	9	4	46	0	0	0	0	0	0	0	0	0	0	0	0	0	0	
564.075367	8	3	3	0	1	2	2	4119	667	24	33849	9	4	46	0	0	0	0	0	0	0	0	0	0	0	0	0	0	
565.070400	8	3	3	0	1	2	2	4126	665	24	33909	9	4	46	0	0	0	0	0	0	0	0	0	0	0	0	0	0	
566.065433	8	3	3	0	1	2	2	4133	665	24	33969	9	4	46	0	0	0	0	0	0	0	0	0	0	0	0	0	0	
567.080633	8	3	3	0	1	2	2	4141	664	24	34029	9	4	46	0	0	0	0	0	0	0	0	0	0	0	0	0	0	
568.075683	8	3	3	0	1	2	2	4149	664	24	34089	9	4	46	0	0	0	0	0	0	0	0	0	0	0	0	0	0	
569.067833	8	3	3	0	1	2	2	4157	663	24	34149	9	4	46	0	0	0	0	0	0	0	0	0	0	0	0	0	0	
570.067200	8	3	3	0	1	2	2	4164	662	24	34209	9	4	46	0	0	0	0	0	0	0	0	0	0	0	0	0	0	
571.080967	8	3	3	0	1	2	2	4172	661	24	34270	9	4	46	0	0	0	0	0	0	0	0	0	0	0	0	0	0	
572.076000	8	3	3	0	1	2	2	4180	661	24	34329	9	4	46	0	0	0	0	0	0	0	0	0	0	0	0	0	0	
573.071033	8	3	3	0	1	2	2	4189	661	24	34389	9	4	46	0	0	0	0	0	0	0	0	0	0	0	0	0	0	
574.067517	8	3	3	0	1	2	2	4197	660	24	34449	9	4	46	0	0	0	0	0	0	0	0	0	0	0	0	0	0	
575.081283	8	3	3	0	1	2	2	4199	620	24	34509	9	4	46	0	0	0	0	0	0	0	0	0	0	0	0	0	0	
576.076317	8	3	3	0	1	2	2	4198	586	24	34569	9	4	46	0	0	0	0	0	0	0	0	0	0	0	0	0	0	
577.071367	8	3	3	0	1	2	2	4198	555	24	34629	9	4	46	0	0	0	0	0	0	0	0	0	0	0	0	0	0	
578.085117	8	3	3	0	1	2	2	4198	526	24	34690	9	4	46	0	0	0	0	0	0	0	0	0	0	0	0	0	0	
579.080167	8	3	3	0	1	2	2	4198	501	24	34749	9	4	46	0	0	0	0	0	0	0	0	0	0	0	0	0	0	
580.073767	8	3	3	0	1	2	2	4198	477	24	34809	9	4	46	0	0	0	0	0	0	0	0	0	0	0	0	0	0	
581.067367	8	3	3	0	1	2	2	4199	454	24	34869	9	4	46	0	0	0	0	0	0	0	0	0	0	0	0	0	0	
582.081117	8	3	3	0	1	2	2	4198	433	24	34929	9	4	46	0	0	0	0	0	0	0	0	0	0	0	0	0	0	
583.076167	8	3	3	0	1	2	2	4199	413	24	34989	9	4	46	0	0	0	0	0	0	0	0	0	0	0	0	0	0	
584.076967	8	3	3	0	1	2	2	4199	394	24	35049	9	4	46	0	0	0	0	0	0	0	0	0	0	0	0	0	0	
585.072000	8	3	3	0	1	2	2	4198	376	24	35109	9	4	46	0	0	0	0	0	0	0	0	0	0	0	0	0	0	
586.085767	8	3	3	0	1	2	2	4198	359	24	35170	9	4	46	0	0	0	0	0	0	0	0	0	0	0	0	0	0	
587.080800	8	3	3	0	1	2	2	4198	343	24	35229	9	4	46	0	0	0	0	0	0	0	0	0	0	0	0	0	0	
588.074400	8	3	3	0	1	2	2	4199	327	25	35289	9	4	46	0	0	0	0	0	0	0	0	0	0	0	0	0	0	
589.068000	8	3	3	0	1	2	2	4198	312	25	35349	9	4	46	0	0	0	0	0	0	0	0	0	0	0	0	0	0	
590.081767	8	3	3	0	1	2	2	4199	299	25	35409	9	4	46	0	0	0	0	0	0	0	0	0	0	0	0	0	0	
591.076800	8	3	3	0	1	2	2	4199	285	25	35469	9	4	46	0	0	0	0	0	0	0	0	0	0	0	0	0	0	
592.071833	8	3	3	0	1	2	2	4198	273	25	35529	9	4	46	0	0	0	0	0	0	0	0	0	0	0	0	0	0	
593.087033	8	3	3	0	1	2	2	4198	260	25	35590	9	4	46	0	0	0	0	0	0	0	0	0	0	0	0	0	0	
594.082083	8	3	3	0	1	2	2	4199	250	25	35649	9	4	46	0	0	0	0	0	0	0	0	0	0	0	0	0	0	
595.075683	8	3	3	0	1	2	2	4198	240	25	35709	9	4	46	0	0	0	0	0	0	0	0	0	0	0	0	0	0	
596.067833	8	3	3	0	1	2	2	4199	229	25	35769	9	4	46	0	0	0	0	0	0	0	0	0	0	0	0	0	0	
597.083033	8	3	3	0	1	2	2	4198	220	25	35829	9	4	46	0	0	0	0	0	0	0	0	0	0	0	0	0	0	
598.079517	8	3	3	0	1	2	2	4199	212	25	35889	9	4	46	0	0	0	0	0	0	0	0	0	0	0	0	0	0	
599.074567	8	3	3	0	1	2	2	4198	201	25	35949	9	4	46	0	0	0	0	0	0	0	0	0	0	0	0	0	0	
600.069600	8	3	3	0	1	2	2	4198	191	25	36009	9	4	46	0	0	0	0	0	0	0	0	0	0	0	0	0	0	
601.083367	8	3	3	0	1	2	2	4198	183	25	36070	9	4	46	0	0	0	0	0	0	0	0	0	0	0	0	0	0	
602.078400	8	3	3	0	1	2	2	4199	177	25	36129	9	4	46	0	0	0	0	0	0	0	0	0	0	0	0	0	0	
603.073433	8	3	3	0	1	2	2	4198	168	25	36189	9	4	46	0	0	0	0	0	0	0	0	0	0	0	0	0	0	
604.068483	8	3	3	0	1	2	2	4199	161	25	36249	9	4	46	0	0	0	0	0	0	0	0	0	0	0	0	0	0	
605.082233	8	3	3	0	1	2	2	4198	155	25	36309	9	4	46	0	0	0	0	0	0	0	0	0	0	0	0	0	0	
606.078717	8	3	3	0	1	2	2	4199	150	25	36369	9	4	46	0	0	0	0	0	0	0	0	0	0	0	0	0	0	
607.075200	8	3	3	0	1	2	2	4199	143	25	36429	9	4	46	0	0	0	0	0	0	0	0	0	0	0	0	0	0	
608.070233	8	3	3	0	1	2	2	4198	138	25	36489	9	4	46	0	0	0	0	0	0	0	0	0	0	0	0	0	0	
609.084000	8	3	3	0	1	2	2	4199	132	25	36550	9	4	46	0	0	0	0	0	0	0	0	0	0	0	0	0	0	
610.079033	8	3	3	0	1	2	2	4199	127	25	36609	9	4	46	0	0	0	0	0	0	0	0	0	0	0	0	0	0	
611.074083	8	3	3	0	1	2	2	4198	122	25	36669	9	4	46	0	0	0	0	0	0	0	0	0	0	0	0	0	0	
612.069117	8	3	3	0	1	2	2	4198	116	25	36729	9	4	46	0	0	0	0	0	0	0	0	0	0	0	0	0	0	
613.069917	8	3	3	0	1	2	2	4198	112	25	36789	9	4	46	0	0	0	0	0	0	0	0	0	0	0	0	0	0	
614.083683	8	3	3	0	1	2	2	4198	108	25	36849	9	4	46	0	0	0	0	0	0	0	0	0	0	0	0	0	0	
615.078717	8	3	3	0	1	2	2	4199	105	25	36909	9	4	46	0	0	0	0	0	0	0	0	0	0	0	0	0	0	
616.072317	8	3	3	0	1	2	2	4198	100	25	36969	9	4	46	0	0	0	0	0	0	0	0	0	0	0	0	0	0	
617.084633	8	3	3	0	1	2	2	4198	96	25	37030	9	4	46	0	0	0	0	0	0	0	0	0	0	0	0	0	0	
618.079683	8	3	3	0	1	2	2	4198	92	25	37089	9	4	46	0	0	0	0	0	0	0	0	0	0	0	0	0	0	
619.074717	8	3	3	0	1	2	2	4198	90	25	37149	9	4	46	0	0	0	0	0	0	0	0	0	0	0	0	0	0	
620.069767	8	3	3	0	1	2	2	4198	87	25	37209	9	4	46	0	0	0	0	0	0	0	0	0	0	0	0	0	0	
621.083517	8	3	3	0	1	2	2	4199	83	25	37269	9	4	46	0	0	0	0	0	0	0	0	0	0	0	0	0	0	
622.078567	8	3	3	0	1	2	2	4199	80	25	37329	9	4	46	0	0	0	0	0	0	0	0	0	0	0	0	0	0	
623.072167	8	3	3	0	1	2	2	4199	79	26	37389	9	4	46	0	0	0	0	0	0	0	0	0	0	0	0	0	0	
624.084483	8	3	3	0	1	2	2	4199	75	26	37449	9	4	46	0	0	0	0	0	0	0	0	0	0	0	0	0	0	
625.079517	8	3	3	0	1	2	2	4198	72	26	37509	9	4	46	0	0	0	0	0	0	0	0	0	0	0	0	0	0	
626.074567	8	3	3	0	1	2	2	4199	69	26	37569	9	4	46	0	0	0	0	0	0	0	0	0	0	0	0	0	0	
627.072483	8	3	3	0	1	2	2	4198	69	26	37629	9	4	46	0	0	0	0	0	0	0	0	0	0	0	0	0	0	
627.461283	8	6	3	0	2	7	1	4162	-271	26	37652	9	5	0	0	0	0	0	0	0	0	0	0	0	0	0	0	0	
628.089117	8	6	3	0	2	7	1	3936	-1350	26	37690	9	5	0	0	0	0	0	0	0	0	0	0	0	0	0	0	0	
629.084167	8	6	3	0	2	7	1	3860	-1351	26	37749	9	5	2	0	0	0	0	0	0	0	0	0	0	0	0	0	0	
630.077767	8	6	3	0	2	7	1	3795	-1350	26	37809	9	5	4	0	0	0	0	0	0	0	0	0	0	0	0	0	0	
631.071367	8	6	3	0	2	7	1	3747	-1350	26	37869	9	5	5	0	0	0	0	0	0	0	0	0	0	0	0	0	0	
632.085117	8	6	3	0	2	7	1	3705	-1349	26	37929	9	5	7	0	0	0	0	0	0	0	0	0	0	0	0	0	0	
633.080167	8	6	3	0	2	7	1	3668	-1350	26	37989	9	5	9	0	0	0	0	0	0	0	0	0	0	0	0	0	0	
634.075200	8	6	3	0	2	7	1	3635	-1349	26	38049	9	5	10	0	0	0	0	0	0	0	0	0	0	0	0	0	0	
635.090400	8	6	3	0	2	7	1	3603	-1350	26	38110	9	5	12	0	0	0	0	0	0	0	0	0	0	0	0	0	0	
636.085433	8	6	3	0	2	7	1	3574	-1351	26	38169	9	5	14	0	0	0	0	0	0	0	0	0	0	0	0	0	0	
637.079033	8	6	3	0	2	7	1	3548	-1349	26	38229	9	5	15	0	0	0	0	0	0	0	0	0	0	0	0	0	0	
638.071200	8	6	3	0	2	7	1	3524	-1351	26	38289	9	5	17	0	0	0	0	0	0	0	0	0	0	0	0	0	0	
639.084967	8	6	3	0	2	7	1	3501	-1349	26	38349	9	5	19	0	0	0	0	0	0	0	0	0	0	0	0	0	0	
640.080000	8	6	3	0	2	7	1	3480	-1351	26	38409	9	5	20	0	0	0	0	0	0	0	0	0	0	0	0	0	0	
641.073600	8	6	3	0	2	7	1	3461	-1349	26	38469	9	5	22	0	0	0	0	0	0	0	0	0	0	0	0	0	0	
642.088800	8	6	3	0	2	7	1	3442	-1348	26	38530	9	5	24	0	0	0	0	0	0	0	0	0	0	0	0	0	0	
643.086717	8	6	3	0	2	7	1	3426	-1349	26	38590	9	5	25	0	0	0	0	0	0	0	0	0	0	0	0	0	0	
644.083200	8	6	3	0	2	7	1	3410	-1349	26	38649	9	5	27	0	0	0	0	0	0	0	0	0	0	0	0	0	0	
645.078233	8	6	3	0	2	7	1	3395	-1350	26	38709	9	5	29	0	0	0	0	0	0	0	0	0	0	0	0	0	0	
646.073283	8	6	3	0	2	7	1	3380	-1349	26	38769	9	5	30	0	0	0	0	0	0	0	0	0	0	0	0	0	0	
647.087033	8	6	3	0	2	7	1	3365	-1349	26	38829	9	5	32	0	0	0	0	0	0	0	0	0	0	0	0	0	0	
648.082083	8	6	3	0	2	7	1	3348	-1350	26	38889	9	5	34	0	0	0	0	0	0	0	0	0	0	0	0	0	0	
649.077117	8	6	3	0	2	7	1	3330	-1349	26	38949	9	5	35	0	0	0	0	0	0	0	0	0	0	0	0	0	0	
650.072167	8	6	3	0	2	7	1	3309	-1349	26	39009	9	5	37	0	0	0	0	0	0	0	0	0	0	0	0	0	0	
651.085917	8	6	3	0	2	7	1	3282	-1349	26	39069	9	5	39	0	0	0	0	0	0	0	0	0	0	0	0	0	0	
652.079517	8	6	3	0	2	7	1	3247	-1349	26	39129	9	5	40	0	0	0	0	0	0	0	0	0	0	0	0	0	0	
653.073117	8	6	3	0	2	7	1	3197	-1349	26	39189	9	5	42	0	0	0	0	0	0	0	0	0	0	0	0	0	0	
654.086883	8	6	3	0	2	7	1	3120	-1350	26	39249	9	5	44	0	0	0	0	0	0	0	0	0	0	0	0	0	0	
655.081917	8	6	3	0	2	7	1	2993	-1349	26	39309	9	5	45	0	0	0	0	0	0	0	0	0	0	0	0	0	0	
656.075517	8	6	3	0	2	7	1	2762	-1349	26	39369	9	5	47	0	0	0	0	0	0	0	0	0	0	0	0	0	0	
656.330400	8	15	3	0	1	31	2	2981	46	26	39384	10	5	47	0	0	0	0	0	0	0	0	0	0	0	0	0	0	
656.352000	8	3	3	0	1	2	2	3413	676	26	39385	11	5	47	0	0	0	0	0	0	0	0	0	0	0	0	0	0	
657.077767	8	3	3	0	1	2	2	3781	674	26	39429	11	5	47	0	0	0	0	0	0	0	0	0	0	0	0	0	0	
658.091517	8	3	3	0	1	2	2	3847	673	26	39490	11	5	47	0	0	0	0	0	0	0	0	0	0	0	0	0	0	
659.085117	8	3	3	0	1	2	2	3878	675	26	39549	11	5	47	0	0	0	0	0	0	0	0	0	0	0	0	0	0	
660.080167	8	3	3	0	1	2	2	3901	675	26	39609	11	5	47	0	0	0	0	0	0	0	0	0	0	0	0	0	0	
661.073767	8	3	3	0	1	2	2	3919	675	26	39669	11	5	47	0	0	0	0	0	0	0	0	0	0	0	0	0	0	
662.087517	8	3	3	0	1	2	2	3934	675	26	39729	11	5	47	0	0	0	0	0	0	0	0	0	0	0	0	0	0	
663.082567	8	3	3	0	1	2	2	3947	674	26	39789	11	5	47	0	0	0	0	0	0	0	0	0	0	0	0	0	0	
664.076167	8	3	3	0	1	2	2	3957	674	26	39849	11	5	47	0	0	0	0	0	0	0	0	0	0	0	0	0	0	
665.088483	8	3	3	0	1	2	2	3967	674	26	39909	11	5	47	0	0	0	0	0	0	0	0	0	0	0	0	0	0	
666.083517	8	3	3	0	1	2	2	3976	675	26	39969	11	5	47	0	0	0	0	0	0	0	0	0	0	0	0	0	0	
667.078567	8	3	3	0	1	2	2	3984	674	26	40029	11	5	47	0	0	0	0	0	0	0	0	0	0	0	0	0	0	
668.073600	8	3	3	0	1	2	2	3991	675	26	40089	11	5	47	0	0	0	0	0	0	0	0	0	0	0	0	0	0	
669.087367	8	3	3	0	1	2	2	3999	675	26	40149	11	5	47	0	0	0	0	0	0	0	0	0	0	0	0	0	0	
670.080967	8	3	3	0	1	2	2	4006	674	27	40209	11	5	47	0	0	0	0	0	0	0	0	0	0	0	0	0	0	
671.074567	8	3	3	0	1	2	2	4013	673	27	40269	11	5	47	0	0	0	0	0	0	0	0	0	0	0	0	0	0	
672.091200	8	3	3	0	1	2	2	4020	675	27	40330	11	5	47	0	0	0	0	0	0	0	0	0	0	0	0	0	0	
673.083367	8	3	3	0	1	2	2	4027	675	26	40389	11	5	47	0	0	0	0	0	0	0	0	0	0	0	0	0	0	
674.078400	8	3	3	0	1	2	2	4033	674	27	40449	11	5	47	0	0	0	0	0	0	0	0	0	0	0	0	0	0	
675.093600	8	3	3	0	1	2	2	4040	674	27	40510	11	5	47	0	0	0	0	0	0	0	0	0	0	0	0	0	0	
676.088633	8	3	3	0	1	2	2	4047	674	27	40569	11	5	47	0	0	0	0	0	0	0	0	0	0	0	0	0	0	
677.080800	8	3	3	0	1	2	2	4054	674	27	40629	11	5	47	0	0	0	0	0	0	0	0	0	0	0	0	0	0	
678.074400	8	3	3	0	1	2	2	4060	674	27	40689	11	5	47	0	0	0	0	0	0	0	0	0	0	0	0	0	0	
679.088167	8	3	3	0	1	2	2	4067	675	27	40749	11	5	47	0	0	0	0	0	0	0	0	0	0	0	0	0	0	
680.083200	8	3	3	0	1	2	2	4074	675	27	40809	11	5	47	0	0	0	0	0	0	0	0	0	0	0	0	0	0	
681.076800	8	3	3	0	1	2	2	4081	675	27	40869	11	5	47	0	0	0	0	0	0	0	0	0	0	0	0	0	0	
682.089117	8	3	3	0	1	2	2	4088	674	27	40929	11	5	47	0	0	0	0	0	0	0	0	0	0	0	0	0	0	
683.084167	8	3	3	0	1	2	2	4096	675	27	40989	11	5	47	0	0	0	0	0	0	0	0	0	0	0	0	0	0	
684.079200	8	3	3	0	1	2	2	4103	675	27	41049	11	5	47	0	0	0	0	0	0	0	0	0	0	0	0	0	0	
685.092967	8	3	3	0	1	2	2	4110	674	27	41110	11	5	47	0	0	0	0	0	0	0	0	0	0	0	0	0	0	
686.090883	8	3	3	0	1	2	2	4117	671	27	41170	11	5	47	0	0	0	0	0	0	0	0	0	0	0	0	0	0	
687.084483	8	3	3	0	1	2	2	4124	666	27	41229	11	5	47	0	0	0	0	0	0	0	0	0	0	0	0	0	0	
688.080967	8	3	3	0	1	2	2	4131	666	27	41289	11	5	47	0	0	0	0	0	0	0	0	0	0	0	0	0	0	
689.076000	8	3	3	0	1	2	2	4139	665	27	41349	11	5	47	0	0	0	0	0	0	0	0	0	0	0	0	0	0	
690.089767	8	3	3	0	1	2	2	4147	664	27	41409	11	5	47	0	0	0	0	0	0	0	0	0	0	0	0	0	0	
691.084800	8	3	3	0	1	2	2	4154	663	27	41469	11	5	47	0	0	0	0	0	0	0	0	0	0	0	0	0	0	
692.078400	8	3	3	0	1	2	2	4162	663	27	41529	11	5	47	0	0	0	0	0	0	0	0	0	0	0	0	0	0	
693.090717	8	3	3	0	1	2	2	4170	661	27	41589	11	5	47	0	0	0	0	0	0	0	0	0	0	0	0	0	0	
694.085767	8	3	3	0	1	2	2	4179	661	27	41649	11	5	47	0	0	0	0	0	0	0	0	0	0	0	0	0	0	
695.080800	8	3	3	0	1	2	2	4186	659	27	41709	11	5	47	0	0	0	0	0	0	0	0	0	0	0	0	0	0	
696.094567	8	3	3	0	1	2	2	4195	658	27	41770	11	5	47	0	0	0	0	0	0	0	0	0	0	0	0	0	0	
697.089600	8	3	3	0	1	2	2	4199	628	27	41829	11	5	47	0	0	0	0	0	0	0	0	0	0	0	0	0	0	
698.083200	8	3	3	0	1	2	2	4198	591	27	41889	11	5	47	0	0	0	0	0	0	0	0	0	0	0	0	0	0	
699.076800	8	3	3	0	1	2	2	4198	560	27	41949	11	5	47	0	0	0	0	0	0	0	0	0	0	0	0	0	0	
700.090567	8	3	3	0	1	2	2	4199	529	27	42009	11	5	47	0	0	0	0	0	0	0	0	0	0	0	0	0	0	
701.088483	8	3	3	0	1	2	2	4199	501	27	42069	11	5	47	0	0	0	0	0	0	0	0	0	0	0	0	0	0	
702.082083	8	3	3	0	1	2	2	4199	477	27	42129	11	5	47	0	0	0	0	0	0	0	0	0	0	0	0	0	0	
703.077117	8	3	3	0	1	2	2	4198	453	27	42189	11	5	47	0	0	0	0	0	0	0	0	0	0	0	0	0	0	
704.090883	8	3	3	0	1	2	2	4198	431	27	42250	11	5	47	0	0	0	0	0	0	0	0	0	0	0	0	0	0	
705.085917	8	3	3	0	1	2	2	4198	410	27	42309	11	5	47	0	0	0	0	0	0	0	0	0	0	0	0	0	0	
706.082400	8	3	3	0	1	2	2	4198	389	27	42369	11	5	47	0	0	0	0	0	0	0	0	0	0	0	0	0	0	
707.077433	8	3	3	0	1	2	2	4198	371	27	42429	11	5	47	0	0	0	0	0	0	0	0	0	0	0	0	0	0	
708.092633	8	3	3	0	1	2	2	4199	353	27	42490	11	5	47	0	0	0	0	0	0	0	0	0	0	0	0	0	0	
709.087683	8	3	3	0	1	2	2	4198	336	27	42549	11	5	47	0	0	0	0	0	0	0	0	0	0	0	0	0	0	
710.082717	8	3	3	0	1	2	2	4199	320	27	42609	11	5	47	0	0	0	0	0	0	0	0	0	0	0	0	0	0	
711.077767	8	3	3	0	1	2	2	4198	305	27	42669	11	5	47	0	0	0	0	0	0	0	0	0	0	0	0	0	0	
712.091517	8	3	3	0	1	2	2	4199	290	27	42729	11	5	47	0	0	0	0	0	0	0	0	0	0	0	0	0	0	
713.086567	8	3	3	0	1	2	2	4199	277	27	42789	11	5	47	0	0	0	0	0	0	0	0	0	0	0	0	0	0	
714.081600	8	3	3	0	1	2	2	4198	264	27	42849	11	5	47	0	0	0	0	0	0	0	0	0	0	0	0	0	0	
715.095367	8	3	3	0	1	2	2	4199	253	27	42910	11	5	47	0	0	0	0	0	0	0	0	0	0	0	0	0	0	
716.077433	8	3	3	0	1	2	2	4198	241	27	42969	11	5	47	0	0	0	0	0	0	0	0	0	0	0	0	0	0	
717.091200	8	3	3	0	1	2	2	4198	230	27	43029	11	5	47	0	0	0	0	0	0	0	0	0	0	0	0	0	0	
718.086233	8	3	3	0	1	2	2	4199	220	27	43089	11	5	47	0	0	0	0	0	0	0	0	0	0	0	0	0	0	
719.079833	8	3	3	0	1	2	2	4198	211	27	43149	11	5	47	0	0	0	0	0	0	0	0	0	0	0	0	0	0	
720.092167	8	3	3	0	1	2	2	4198	200	27	43209	11	5	47	0	0	0	0	0	0	0	0	0	0	0	0	0	0	
721.087200	8	3	3	0	1	2	2	4198	191	27	43269	11	5	47	0	0	0	0	0	0	0	0	0	0	0	0	0	0	
722.082233	8	3	3	0	1	2	2	4198	183	27	43329	11	5	47	0	0	0	0	0	0	0	0	0	0	0	0	0	0	
723.096000	8	3	3	0	1	2	2	4199	175	27	43390	11	5	47	0	0	0	0	0	0	0	0	0	0	0	0	0	0	
724.091033	8	3	3	0	1	2	2	4198	167	27	43449	11	5	47	0	0	0	0	0	0	0	0	0	0	0	0	0	0	
725.084633	8	3	3	0	1	2	2	4198	159	27	43509	11	5	47	0	0	0	0	0	0	0	0	0	0	0	0	0	0	
726.078233	8	3	3	0	1	2	2	4199	154	27	43569	11	5	47	0	0	0	0	0	0	0	0	0	0	0	0	0	0	
727.092000	8	3	3	0	1	2	2	4199	147	27	43629	11	5	47	0	0	0	0	0	0	0	0	0	0	0	0	0	0	
728.087033	8	3	3	0	1	2	2	4199	141	27	43689	11	5	47	0	0	0	0	0	0	0	0	0	0	0	0	0	0	
729.080633	8	3	3	0	1	2	2	4199	134	27	43749	11	5	47	0	0	0	0	0	0	0	0	0	0	0	0	0	0	
730.094400	8	3	3	0	1	2	2	4199	131	27	43810	11	5	47	0	0	0	0	0	0	0	0	0	0	0	0	0	0	
731.093767	8	3	3	0	1	2	2	4199	124	27	43870	11	5	47	0	0	0	0	0	0	0	0	0	0	0	0	0	0	
732.088800	8	3	3	0	1	2	2	4198	118	27	43929	11	5	47	0	0	0	0	0	0	0	0	0	0	0	0	0	0	
733.083833	8	3	3	0	1	2	2	4198	114	27	43989	11	5	47	0	0	0	0	0	0	0	0	0	0	0	0	0	0	
734.078883	8	3	3	0	1	2	2	4198	110	27	44049	11	5	47	0	0	0	0	0	0	0	0	0	0	0	0	0	0	
735.092633	8	3	3	0	1	2	2	4198	104	27	44109	11	5	47	0	0	0	0	0	0	0	0	0	0	0	0	0	0	
736.086233	8	3	3	0	1	2	2	4198	101	27	44169	11	5	47	0	0	0	0	0	0	0	0	0	0	0	0	0	0	
737.079833	8	3	3	0	1	2	2	4198	98	27	44229	11	5	47	0	0	0	0	0	0	0	0	0	0	0	0	0	0	
738.093600	8	3	3	0	1	2	2	4198	93	27	44289	11	5	47	0	0	0	0	0	0	0	0	0	0	0	0	0	0	
739.088633	8	3	3	0	1	2	2	4198	89	27	44349	11	5	47	0	0	0	0	0	0	0	0	0	0	0	0	0	0	
740.083683	8	3	3	0	1	2	2	4198	85	27	44409	11	5	47	0	0	0	0	0	0	0	0	0	0	0	0	0	0	
741.097433	8	3	3	0	1	2	2	4198	82	27	44470	11	5	47	0	0	0	0	0	0	0	0	0	0	0	0	0	0	
742.092483	8	3	3	0	1	2	2	4199	79	27	44529	11	5	47	0	0	0	0	0	0	0	0	0	0	0	0	0	0	
743.086083	8	3	3	0	1	2	2	4199	76	27	44589	11	5	47	0	0	0	0	0	0	0	0	0	0	0	0	0	0	
744.079683	8	3	3	0	1	2	2	4199	74	27	44649	11	5	47	0	0	0	0	0	0	0	0	0	0	0	0	0	0	
745.080483	8	3	3	0	1	2	2	4198	69	27	44709	11	5	47	0	0	0	0	0	0	0	0	0	0	0	0	0	0	
746.094233	8	3	3	0	1	2	2	4198	68	27	44769	11	5	47	0	0	0	0	0	0	0	0	0	0	0	0	0	0	
746.652967	8	6	3	0	2	7	1	4014	-1350	27	44803	11	6	0	0	0	0	0	0	0	0	0	0	0	0	0	0	0	
747.090717	8	6	3	0	2	7	1	3957	-1350	27	44829	11	6	0	0	0	0	0	0	0	0	0	0	0	0	0	0	0	
748.085767	8	6	3	0	2	7	1	3882	-1351	27	44889	11	6	2	0	0	0	0	0	0	0	0	0	0	0	0	0	0	
749.080800	8	6	3	0	2	7	1	3817	-1349	27	44949	11	6	4	0	0	0	0	0	0	0	0	0	0	0	0	0	0	
750.096000	8	6	3	0	2	7	1	3768	-1349	27	45010	11	6	5	0	0	0	0	0	0	0	0	0	0	0	0	0	0	
751.091033	8	6	3	0	2	7	1	3728	-1349	27	45069	11	6	7	0	0	0	0	0	0	0	0	0	0	0	0	0	0	
752.086083	8	6	3	0	2	7	1	3692	-1350	27	45129	11	6	8	0	0	0	0	0	0	0	0	0	0	0	0	0	0	
753.081117	8	6	3	0	2	7	1	3658	-1350	27	45189	11	6	10	0	0	0	0	0	0	0	0	0	0	0	0	0	0	
754.094883	8	6	3	0	2	7	1	3627	-1351	27	45249	11	6	12	0	0	0	0	0	0	0	0	0	0	0	0	0	0	
755.089917	8	6	3	0	2	7	1	3598	-1349	27	45309	11	6	13	0	0	0	0	0	0	0	0	0	0	0	0	0	0	
756.084967	8	6	3	0	2	7	1	3571	-1349	27	45369	11	6	15	0	0	0	0	0	0	0	0	0	0	0	0	0	0	
757.080000	8	6	3	0	2	7	1	3547	-1349	27	45429	11	6	17	0	0	0	0	0	0	0	0	0	0	0	0	0	0	
758.095200	8	6	3	0	2	7	1	3524	-1348	27	45489	11	6	18	0	0	0	0	0	0	0	0	0	0	0	0	0	0	
759.090233	8	6	3	0	2	7	1	3502	-1351	27	45549	11	6	20	0	0	0	0	0	0	0	0	0	0	0	0	0	0	
760.086717	8	6	3	0	2	7	1	3483	-1349	27	45609	11	6	22	0	0	0	0	0	0	0	0	0	0	0	0	0	0	
761.081767	8	6	3	0	2	7	1	3466	-1351	27	45669	11	6	23	0	0	0	0	0	0	0	0	0	0	0	0	0	0	
762.095517	8	6	3	0	2	7	1	3448	-1349	27	45729	11	6	25	0	0	0	0	0	0	0	0	0	0	0	0	0	0	
763.090567	8	6	3	0	2	7	1	3433	-1350	27	45789	11	6	27	0	0	0	0	0	0	0	0	0	0	0	0	0	0	
764.085600	8	6	3	0	2	7	1	3418	-1351	27	45849	11	6	28	0	0	0	0	0	0	0	0	0	0	0	0	0	0	
765.080633	8	6	3	0	2	7	1	3403	-1349	27	45909	11	6	30	0	0	0	0	0	0	0	0	0	0	0	0	0	0	
766.095833	8	6	3	0	2	7	1	3388	-1349	27	45969	11	6	32	0	0	0	0	0	0	0	0	0	0	0	0	0	0	
767.088000	8	6	3	0	2	7	1	3373	-1348	27	46029	11	6	33	0	0	0	0	0	0	0	0	0	0	0	0	0	0	
768.081600	8	6	3	0	2	7	1	3357	-1350	27	46089	11	6	35	0	0	0	0	0	0	0	0	0	0	0	0	0	0	
769.095367	8	6	3	0	2	7	1	3338	-1351	28	46149	11	6	37	0	0	0	0	0	0	0	0	0	0	0	0	0	0	
770.091833	8	6	3	0	2	7	1	3315	-1348	27	46209	11	6	38	0	0	0	0	0	0	0	0	0	0	0	0	0	0	
771.086883	8	6	3	0	2	7	1	3286	-1350	28	46269	11	6	40	0	0	0	0	0	0	0	0	0	0	0	0	0	0	
772.081917	8	6	3	0	2	7	1	3247	-1351	28	46329	11	6	42	0	0	0	0	0	0	0	0	0	0	0	0	0	0	
773.095683	8	6	3	0	2	7	1	3188	-1351	28	46389	11	6	43	0	0	0	0	0	0	0	0	0	0	0	0	0	0	
774.090717	8	6	3	0	2	7	1	3096	-1347	28	46449	11	6	45	0	0	0	0	0	0	0	0	0	0	0	0	0	0	
775.087200	8	6	3	0	2	7	1	2934	-1349	28	46509	11	6	47	0	0	0	0	0	0	0	0	0	0	0	0	0	0	
775.969917	8	15	3	0	1	31	2	3208	271	28	46562	13	6	48	0	0	0	0	0	0	0	0	0	0	0	0	0	0	
775.990083	8	3	3	0	1	2	2	3438	675	28	46563	13	6	48	0	0	0	0	0	0	0	0	0	0	0	0	0	0	
776.086567	8	3	3	0	1	2	2	3590	675	28	46569	13	6	48	0	0	0	0	0	0	0	0	0	0	0	0	0	0	
777.100317	8	3	3	0	1	2	2	3809	673	28	46630	13	6	48	0	0	0	0	0	0	0	0	0	0	0	0	0	0	
778.093917	8	3	3	0	1	2	2	3854	674	28	46689	13	6	48	0	0	0	0	0	0	0	0	0	0	0	0	0	0	
779.088967	8	3	3	0	1	2	2	3881	675	28	46749	13	6	48	0	0	0	0	0	0	0	0	0	0	0	0	0	0	
780.084000	8	3	3	0	1	2	2	3902	675	28	46809	13	6	48	0	0	0	0	0	0	0	0	0	0	0	0	0	0	
781.097767	8	3	3	0	1	2	2	3919	675	28	46870	13	6	48	0	0	0	0	0	0	0	0	0	0	0	0	0	0	
782.092800	8	3	3	0	1	2	2	3933	674	28	46929	13	6	48	0	0	0	0	0	0	0	0	0	0	0	0	0	0	
783.087833	8	3	3	0	1	2	2	3944	674	28	46989	13	6	48	0	0	0	0	0	0	0	0	0	0	0	0	0	0	
784.084317	8	3	3	0	1	2	2	3954	675	28	47049	13	6	48	0	0	0	0	0	0	0	0	0	0	0	0	0	0	
785.098083	8	3	3	0	1	2	2	3963	675	28	47110	13	6	48	0	0	0	0	0	0	0	0	0	0	0	0	0	0	
786.093117	8	3	3	0	1	2	2	3972	674	28	47169	13	6	48	0	0	0	0	0	0	0	0	0	0	0	0	0	0	
787.088167	8	3	3	0	1	2	2	3980	674	28	47229	13	6	48	0	0	0	0	0	0	0	0	0	0	0	0	0	0	
788.083200	8	3	3	0	1	2	2	3987	675	28	47289	13	6	48	0	0	0	0	0	0	0	0	0	0	0	0	0	0	
789.099833	8	3	3	0	1	2	2	3994	675	28	47350	13	6	48	0	0	0	0	0	0	0	0	0	0	0	0	0	0	
790.093433	8	3	3	0	1	2	2	4002	675	28	47409	13	6	48	0	0	0	0	0	0	0	0	0	0	0	0	0	0	
791.089917	8	3	3	0	1	2	2	4008	675	28	47469	13	6	48	0	0	0	0	0	0	0	0	0	0	0	0	0	0	
792.084967	8	3	3	0	1	2	2	4015	675	28	47529	13	6	48	0	0	0	0	0	0	0	0	0	0	0	0	0	0	
793.098717	8	3	3	0	1	2	2	4022	675	28	47590	13	6	48	0	0	0	0	0	0	0	0	0	0	0	0	0	0	
794.093767	8	3	3	0	1	2	2	4028	674	28	47649	13	6	48	0	0	0	0	0	0	0	0	0	0	0	0	0	0	
795.088800	8	3	3	0	1	2	2	4035	675	28	47709	13	6	48	0	0	0	0	0	0	0	0	0	0	0	0	0	0	
796.085283	8	3	3	0	1	2	2	4042	675	28	47769	13	6	48	0	0	0	0	0	0	0	0	0	0	0	0	0	0	
797.099033	8	3	3	0	1	2	2	4048	675	28	47829	13	6	48	0	0	0	0	0	0	0	0	0	0	0	0	0	0	
798.094083	8	3	3	0	1	2	2	4055	675	28	47889	13	6	48	0	0	0	0	0	0	0	0	0	0	0	0	0	0	
799.089117	8	3	3	0	1	2	2	4062	675	28	47949	13	6	48	0	0	0	0	0	0	0	0	0	0	0	0	0	0	
800.084167	8	3	3	0	1	2	2	4069	675	28	48009	13	6	48	0	0	0	0	0	0	0	0	0	0	0	0	0	0	
801.097917	8	3	3	0	1	2	2	4076	676	28	48069	13	6	48	0	0	0	0	0	0	0	0	0	0	0	0	0	0	
802.092967	8	3	3	0	1	2	2	4083	674	28	48129	13	6	48	0	0	0	0	0	0	0	0	0	0	0	0	0	0	
803.089433	8	3	3	0	1	2	2	4090	673	28	48189	13	6	48	0	0	0	0	0	0	0	0	0	0	0	0	0	0	
804.085917	8	3	3	0	1	2	2	4097	673	28	48249	13	6	48	0	0	0	0	0	0	0	0	0	0	0	0	0	0	
805.083833	8	3	3	0	1	2	2	4104	674	28	48309	13	6	48	0	0	0	0	0	0	0	0	0	0	0	0	0	0	
806.099033	8	3	3	0	1	2	2	4112	676	28	48369	13	6	48	0	0	0	0	0	0	0	0	0	0	0	0	0	0	
807.091200	8	3	3	0	1	2	2	4118	669	28	48429	13	6	48	0	0	0	0	0	0	0	0	0	0	0	0	0	0	
808.084800	8	3	3	0	1	2	2	4125	666	28	48489	13	6	48	0	0	0	0	0	0	0	0	0	0	0	0	0	0	
809.098567	8	3	3	0	1	2	2	4133	665	28	48549	13	6	48	0	0	0	0	0	0	0	0	0	0	0	0	0	0	
810.093600	8	3	3	0	1	2	2	4140	665	28	48609	13	6	48	0	0	0	0	0	0	0	0	0	0	0	0	0	0	
811.090083	8	3	3	0	1	2	2	4148	664	28	48669	13	6	48	0	0	0	0	0	0	0	0	0	0	0	0	0	0	
812.103833	8	3	3	0	1	2	2	4156	663	28	48730	13	6	48	0	0	0	0	0	0	0	0	0	0	0	0	0	0	
813.098883	8	3	3	0	1	2	2	4164	662	28	48789	13	6	48	0	0	0	0	0	0	0	0	0	0	0	0	0	0	
814.092483	8	3	3	0	1	2	2	4172	660	28	48849	13	6	48	0	0	0	0	0	0	0	0	0	0	0	0	0	0	
815.086083	8	3	3	0	1	2	2	4180	659	28	48909	13	6	48	0	0	0	0	0	0	0	0	0	0	0	0	0	0	
816.099833	8	3	3	0	1	2	2	4188	658	28	48969	13	6	48	0	0	0	0	0	0	0	0	0	0	0	0	0	0	
817.094883	8	3	3	0	1	2	2	4196	657	28	49029	13	6	48	0	0	0	0	0	0	0	0	0	0	0	0	0	0	
818.088483	8	3	3	0	1	2	2	4198	620	28	49089	13	6	48	0	0	0	0	0	0	0	0	0	0	0	0	0	0	
819.102233	8	3	3	0	1	2	2	4198	584	28	49150	13	6	48	0	0	0	0	0	0	0	0	0	0	0	0	0	0	
820.100167	8	3	3	0	1	2	2	4199	552	28	49209	13	6	48	0	0	0	0	0	0	0	0	0	0	0	0	0	0	
821.095200	8	3	3	0	1	2	2	4198	521	28	49269	13	6	48	0	0	0	0	0	0	0	0	0	0	0	0	0	0	
822.090233	8	3	3	0	1	2	2	4198	494	28	49329	13	6	48	0	0	0	0	0	0	0	0	0	0	0	0	0	0	
823.085283	8	3	3	0	1	2	2	4198	469	28	49389	13	6	48	0	0	0	0	0	0	0	0	0	0	0	0	0	0	
824.099033	8	3	3	0	1	2	2	4199	445	28	49449	13	6	48	0	0	0	0	0	0	0	0	0	0	0	0	0	0	
825.092633	8	3	3	0	1	2	2	4199	422	28	49509	13	6	48	0	0	0	0	0	0	0	0	0	0	0	0	0	0	
826.086233	8	3	3	0	1	2	2	4198	401	28	49569	13	6	48	0	0	0	0	0	0	0	0	0	0	0	0	0	0	
827.100000	8	3	3	0	1	2	2	4198	382	28	49629	13	6	48	0	0	0	0	0	0	0	0	0	0	0	0	0	0	
828.096483	8	3	3	0	1	2	2	4198	363	28	49689	13	6	48	0	0	0	0	0	0	0	0	0	0	0	0	0	0	
829.091517	8	3	3	0	1	2	2	4199	346	28	49749	13	6	48	0	0	0	0	0	0	0	0	0	0	0	0	0	0	
830.105283	8	3	3	0	1	2	2	4199	329	28	49810	13	6	48	0	0	0	0	0	0	0	0	0	0	0	0	0	0	
831.100317	8	3	3	0	1	2	2	4198	313	28	49869	13	6	48	0	0	0	0	0	0	0	0	0	0	0	0	0	0	
832.093917	8	3	3	0	1	2	2	4198	298	28	49929	13	6	48	0	0	0	0	0	0	0	0	0	0	0	0	0	0	
833.087517	8	3	3	0	1	2	2	4199	284	28	49989	13	6	48	0	0	0	0	0	0	0	0	0	0	0	0	0	0	
834.102717	8	3	3	0	1	2	2	4198	269	28	50050	13	6	48	0	0	0	0	0	0	0	0	0	0	0	0	0	0	
835.097767	8	3	3	0	1	2	2	4198	258	28	50109	13	6	48	0	0	0	0	0	0	0	0	0	0	0	0	0	0	
836.092800	8	3	3	0	1	2	2	4198	247	28	50169	13	6	48	0	0	0	0	0	0	0	0	0	0	0	0	0	0	
837.089283	8	3	3	0	1	2	2	4199	236	28	50229	13	6	48	0	0	0	0	0	0	0	0	0	0	0	0	0	0	
838.103033	8	3	3	0	1	2	2	4199	224	28	50290	13	6	48	0	0	0	0	0	0	0	0	0	0	0	0	0	0	
839.099517	8	3	3	0	1	2	2	4199	215	28	50349	13	6	48	0	0	0	0	0	0	0	0	0	0	0	0	0	0	
840.093117	8	3	3	0	1	2	2	4198	205	28	50409	13	6	48	0	0	0	0	0	0	0	0	0	0	0	0	0	0	
841.088167	8	3	3	0	1	2	2	4199	195	28	50469	13	6	48	0	0	0	0	0	0	0	0	0	0	0	0	0	0	
842.101917	8	3	3	0	1	2	2	4198	187	28	50530	13	6	48	0	0	0	0	0	0	0	0	0	0	0	0	0	0	
843.096967	8	3	3	0	1	2	2	4198	177	28	50589	13	6	48	0	0	0	0	0	0	0	0	0	0	0	0	0	0	
844.092000	8	3	3	0	1	2	2	4198	170	28	50649	13	6	48	0	0	0	0	0	0	0	0	0	0	0	0	0	0	
845.087033	8	3	3	0	1	2	2	4198	163	28	50709	13	6	48	0	0	0	0	0	0	0	0	0	0	0	0	0	0	
846.102233	8	3	3	0	1	2	2	4199	155	28	50769	13	6	48	0	0	0	0	0	0	0	0	0	0	0	0	0	0	
847.097283	8	3	3	0	1	2	2	4198	149	28	50829	13	6	48	0	0	0	0	0	0	0	0	0	0	0	0	0	0	
848.092317	8	3	3	0	1	2	2	4198	142	28	50889	13	6	48	0	0	0	0	0	0	0	0	0	0	0	0	0	0	
849.093117	8	3	3	0	1	2	2	4198	135	28	50949	13	6	48	0	0	0	0	0	0	0	0	0	0	0	0	0	0	
850.088167	8	3	3	0	1	2	2	4198	130	28	51009	13	6	48	0	0	0	0	0	0	0	0	0	0	0	0	0	0	
851.101917	8	3	3	0	1	2	2	4199	124	28	51069	13	6	48	0	0	0	0	0	0	0	0	0	0	0	0	0	0	
852.096967	8	3	3	0	1	2	2	4198	119	28	51129	13	6	48	0	0	0	0	0	0	0	0	0	0	0	0	0	0	
853.090567	8	3	3	0	1	2	2	4198	115	28	51189	13	6	48	0	0	0	0	0	0	0	0	0	0	0	0	0	0	
854.102883	8	3	3	0	1	2	2	4199	109	28	51249	13	6	48	0	0	0	0	0	0	0	0	0	0	0	0	0	0	
855.097917	8	3	3	0	1	2	2	4198	106	28	51309	13	6	48	0	0	0	0	0	0	0	0	0	0	0	0	0	0	
856.092967	8	3	3	0	1	2	2	4199	103	28	51369	13	6	48	0	0	0	0	0	0	0	0	0	0	0	0	0	0	
857.088000	8	3	3	0	1	2	2	4199	97	28	51429	13	6	48	0	0	0	0	0	0	0	0	0	0	0	0	0	0	
858.101767	8	3	3	0	1	2	2	4198	93	28	51489	13	6	48	0	0	0	0	0	0	0	0	0	0	0	0	0	0	
859.095367	8	3	3	0	1	2	2	4199	90	28	51549	13	6	48	0	0	0	0	0	0	0	0	0	0	0	0	0	0	
860.088967	8	3	3	0	1	2	2	4198	85	28	51609	13	6	48	0	0	0	0	0	0	0	0	0	0	0	0	0	0	
861.104167	8	3	3	0	1	2	2	4199	82	28	51670	13	6	48	0	0	0	0	0	0	0	0	0	0	0	0	0	0	
862.099200	8	3	3	0	1	2	2	4198	80	28	51729	13	6	48	0	0	0	0	0	0	0	0	0	0	0	0	0	0	
863.094233	8	3	3	0	1	2	2	4199	77	28	51789	13	6	48	0	0	0	0	0	0	0	0	0	0	0	0	0	0	
864.090717	8	3	3	0	1	2	2	4198	72	28	51849	13	6	48	0	0	0	0	0	0	0	0	0	0	0	0	0	0	
865.104483	8	3	3	0	1	2	2	4198	70	28	51910	13	6	48	0	0	0	0	0	0	0	0	0	0	0	0	0	0	
866.099517	8	3	3	0	1	2	2	4198	68	28	51969	13	6	48	0	0	0	0	0	0	0	0	0	0	0	0	0	0	
866.543033	8	6	3	0	2	7	1	4018	-1344	28	51996	13	7	0	0	0	0	0	0	0	0	0	0	0	0	0	0	0	
867.094567	8	6	3	0	2	7	1	3951	-1349	28	52029	13	7	0	0	0	0	0	0	0	0	0	0	0	0	0	0	0	
868.089600	8	6	3	0	2	7	1	3878	-1348	28	52089	13	7	2	0	0	0	0	0	0	0	0	0	0	0	0	0	0	
869.104800	8	6	3	0	2	7	1	3817	-1349	28	52149	13	7	4	0	0	0	0	0	0	0	0	0	0	0	0	0	0	
870.099833	8	6	3	0	2	7	1	3771	-1349	28	52209	13	7	5	0	0	0	0	0	0	0	0	0	0	0	0	0	0	
871.094883	8	6	3	0	2	7	1	3732	-1349	28	52269	13	7	7	0	0	0	0	0	0	0	0	0	0	0	0	0	0	
872.089917	8	6	3	0	2	7	1	3696	-1350	28	52329	13	7	9	0	0	0	0	0	0	0	0	0	0	0	0	0	0	
873.103683	8	6	3	0	2	7	1	3663	-1351	28	52389	13	7	10	0	0	0	0	0	0	0	0	0	0	0	0	0	0	
874.098717	8	6	3	0	2	7	1	3633	-1350	28	52449	13	7	12	0	0	0	0	0	0	0	0	0	0	0	0	0	0	
875.092317	8	6	3	0	2	7	1	3604	-1350	28	52509	13	7	14	0	0	0	0	0	0	0	0	0	0	0	0	0	0	
876.104633	8	6	3	0	2	7	1	3577	-1349	28	52570	13	7	15	0	0	0	0	0	0	0	0	0	0	0	0	0	0	
877.099683	8	6	3	0	2	7	1	3553	-1348	28	52629	13	7	17	0	0	0	0	0	0	0	0	0	0	0	0	0	0	
878.096167	8	6	3	0	2	7	1	3531	-1348	28	52689	13	7	19	0	0	0	0	0	0	0	0	0	0	0	0	0	0	
879.095517	8	6	3	0	2	7	1	3510	-1350	28	52749	13	7	20	0	0	0	0	0	0	0	0	0	0	0	0	0	0	
880.090567	8	6	3	0	2	7	1	3491	-1349	28	52809	13	7	22	0	0	0	0	0	0	0	0	0	0	0	0	0	0	
881.104317	8	6	3	0	2	7	1	3474	-1349	28	52869	13	7	24	0	0	0	0	0	0	0	0	0	0	0	0	0	0	
882.099367	8	6	3	0	2	7	1	3457	-1351	28	52929	13	7	25	0	0	0	0	0	0	0	0	0	0	0	0	0	0	
883.092967	8	6	3	0	2	7	1	3441	-1349	28	52989	13	7	27	0	0	0	0	0	0	0	0	0	0	0	0	0	0	
884.105283	8	6	3	0	2	7	1	3426	-1351	28	53050	13	7	29	0	0	0	0	0	0	0	0	0	0	0	0	0	0	
885.100317	8	6	3	0	2	7	1	3412	-1349	28	53109	13	7	30	0	0	0	0	0	0	0	0	0	0	0	0	0	0	
886.095367	8	6	3	0	2	7	1	3398	-1350	28	53169	13	7	32	0	0	0	0	0	0	0	0	0	0	0	0	0	0	
887.090400	8	6	3	0	2	7	1	3383	-1351	28	53229	13	7	34	0	0	0	0	0	0	0	0	0	0	0	0	0	0	
888.105600	8	6	3	0	2	7	1	3366	-1350	28	53289	13	7	35	0	0	0	0	0	0	0	0	0	0	0	0	0	0	
889.100633	8	6	3	0	2	7	1	3348	-1349	28	53349	13	7	37	0	0	0	0	0	0	0	0	0	0	0	0	0	0	
890.094233	8	6	3	0	2	7	1	3327	-1348	28	53409	13	7	38	0	0	0	0	0	0	0	0	0	0	0	0	0	0	
891.106567	8	6	3	0	2	7	1	3298	-1351	28	53470	13	7	40	0	0	0	0	0	0	0	0	0	0	0	0	0	0	
892.101600	8	6	3	0	2	7	1	3261	-1348	28	53529	13	7	42	0	0	0	0	0	0	0	0	0	0	0	0	0	0	
893.098083	8	6	3	0	2	7	1	3205	-1350	28	53589	13	7	43	0	0	0	0	0	0	0	0	0	0	0	0	0	0	
894.096000	8	6	3	0	2	7	1	3117	-1351	28	53649	13	7	45	0	0	0	0	0	0	0	0	0	0	0	0	0	0	
895.091033	8	6	3	0	2	7	1	2961	-1350	28	53709	13	7	47	0	0	0	0	0	0	0	0	0	0	0	0	0	0	
896.048633	8	15	3	0	1	31	2	2874	32	28	53766	14	7	48	0	0	0	0	0	0	0	0	0	0	0	0	0	0	
896.068800	8	3	3	0	1	2	2	3381	676	28	53767	15	7	48	0	0	0	0	0	0	0	0	0	0	0	0	0	0	
896.109117	8	3	3	0	1	2	2	3508	673	28	53770	15	7	48	0	0	0	0	0	0	0	0	0	0	0	0	0	0	
897.102717	8	3	3	0	1	2	2	3800	675	28	53829	15	7	48	0	0	0	0	0	0	0	0	0	0	0	0	0	0	
898.097767	8	3	3	0	1	2	2	3849	674	28	53889	15	7	48	0	0	0	0	0	0	0	0	0	0	0	0	0	0	
899.092800	8	3	3	0	1	2	2	3877	675	28	53949	15	7	48	0	0	0	0	0	0	0	0	0	0	0	0	0	0	
900.106567	8	3	3	0	1	2	2	3898	674	28	54009	15	7	48	0	0	0	0	0	0	0	0	0	0	0	0	0	0	
901.101600	8	3	3	0	1	2	2	3915	674	28	54069	15	7	48	0	0	0	0	0	0	0	0	0	0	0	0	0	0	
902.096633	8	3	3	0	1	2	2	3929	674	28	54129	15	7	48	0	0	0	0	0	0	0	0	0	0	0	0	0	0	
903.091683	8	3	3	0	1	2	2	3940	675	28	54189	15	7	48	0	0	0	0	0	0	0	0	0	0	0	0	0	0	
904.106883	8	3	3	0	1	2	2	3951	674	28	54249	15	7	48	0	0	0	0	0	0	0	0	0	0	0	0	0	0	
905.101917	8	3	3	0	1	2	2	3960	675	28	54309	15	7	48	0	0	0	0	0	0	0	0	0	0	0	0	0	0	
906.094083	8	3	3	0	1	2	2	3968	675	28	54369	15	7	48	0	0	0	0	0	0	0	0	0	0	0	0	0	0	
907.106400	8	3	3	0	1	2	2	3976	675	28	54429	15	7	48	0	0	0	0	0	0	0	0	0	0	0	0	0	0	
908.104317	8	3	3	0	1	2	2	3983	674	28	54489	15	7	48	0	0	0	0	0	0	0	0	0	0	0	0	0	0	
909.102233	8	3	3	0	1	2	2	3991	673	28	54549	15	7	48	0	0	0	0	0	0	0	0	0	0	0	0	0	0	
910.097283	8	3	3	0	1	2	2	3998	675	28	54609	15	7	48	0	0	0	0	0	0	0	0	0	0	0	0	0	0	
911.092317	8	3	3	0	1	2	2	4004	674	28	54669	15	7	48	0	0	0	0	0	0	0	0	0	0	0	0	0	0	
912.106083	8	3	3	0	1	2	2	4011	674	28	54729	15	7	48	0	0	0	0	0	0	0	0	0	0	0	0	0	0	
913.101117	8	3	3	0	1	2	2	4018	675	28	54789	15	7	48	0	0	0	0	0	0	0	0	0	0	0	0	0	0	
914.094717	8	3	3	0	1	2	2	4024	675	28	54849	15	7	48	0	0	0	0	0	0	0	0	0	0	0	0	0	0	
915.107033	8	3	3	0	1	2	2	4031	675	28	54909	15	7	48	0	0	0	0	0	0	0	0	0	0	0	0	0	0	
916.103517	8	3	3	0	1	2	2	4038	675	28	54969	15	7	48	0	0	0	0	0	0	0	0	0	0	0	0	0	0	
917.098567	8	3	3	0	1	2	2	4044	675	28	55029	15	7	48	0	0	0	0	0	0	0	0	0	0	0	0	0	0	
918.093600	8	3	3	0	1	2	2	4051	676	28	55089	15	7	48	0	0	0	0	0	0	0	0	0	0	0	0	0	0	
919.107367	8	3	3	0	1	2	2	4058	675	28	55149	15	7	48	0	0	0	0	0	0	0	0	0	0	0	0	0	0	
920.102400	8	3	3	0	1	2	2	4065	675	28	55209	15	7	48	0	0	0	0	0	0	0	0	0	0	0	0	0	0	
921.096000	8	3	3	0	1	2	2	4071	674	28	55269	15	7	48	0	0	0	0	0	0	0	0	0	0	0	0	0	0	
922.108317	8	3	3	0	1	2	2	4079	674	28	55330	15	7	48	0	0	0	0	0	0	0	0	0	0	0	0	0	0	
923.103367	8	3	3	0	1	2	2	4086	675	28	55389	15	7	48	0	0	0	0	0	0	0	0	0	0	0	0	0	0	
924.099833	8	3	3	0	1	2	2	4093	674	28	55449	15	7	48	0	0	0	0	0	0	0	0	0	0	0	0	0	0	
925.093433	8	3	3	0	1	2	2	4100	674	28	55509	15	7	48	0	0	0	0	0	0	0	0	0	0	0	0	0	0	
926.108633	8	3	3	0	1	2	2	4108	674	28	55569	15	7	48	0	0	0	0	0	0	0	0	0	0	0	0	0	0	
927.103683	8	3	3	0	1	2	2	4115	675	28	55629	15	7	48	0	0	0	0	0	0	0	0	0	0	0	0	0	0	
928.097283	8	3	3	0	1	2	2	4122	667	28	55689	15	7	48	0	0	0	0	0	0	0	0	0	0	0	0	0	0	
929.108167	8	3	3	0	1	2	2	4129	665	28	55750	15	7	48	0	0	0	0	0	0	0	0	0	0	0	0	0	0	
930.104633	8	3	3	0	1	2	2	4137	665	28	55809	15	7	48	0	0	0	0	0	0	0	0	0	0	0	0	0	0	
931.099683	8	3	3	0	1	2	2	4144	663	28	55869	15	7	48	0	0	0	0	0	0	0	0	0	0	0	0	0	0	
932.094717	8	3	3	0	1	2	2	4152	663	28	55929	15	7	48	0	0	0	0	0	0	0	0	0	0	0	0	0	0	
933.108483	8	3	3	0	1	2	2	4160	662	28	55989	15	7	48	0	0	0	0	0	0	0	0	0	0	0	0	0	0	
934.103517	8	3	3	0	1	2	2	4168	661	28	56049	15	7	48	0	0	0	0	0	0	0	0	0	0	0	0	0	0	
935.097117	8	3	3	0	1	2	2	4176	659	28	56109	15	7	48	0	0	0	0	0	0	0	0	0	0	0	0	0	0	
936.109433	8	3	3	0	1	2	2	4184	658	28	56169	15	7	48	0	0	0	0	0	0	0	0	0	0	0	0	0	0	
937.104483	8	3	3	0	1	2	2	4192	657	28	56229	15	7	48	0	0	0	0	0	0	0	0	0	0	0	0	0	0	
938.100967	8	3	3	0	1	2	2	4199	646	28	56289	15	7	48	0	0	0	0	0	0	0	0	0	0	0	0	0	0	
939.100317	8	3	3	0	1	2	2	4199	601	28	56349	15	7	48	0	0	0	0	0	0	0	0	0	0	0	0	0	0	
940.096800	8	3	3	0	1	2	2	4198	566	28	56409	15	7	48	0	0	0	0	0	0	0	0	0	0	0	0	0	0	
941.110567	8	3	3	0	1	2	2	4198	536	28	56470	15	7	48	0	0	0	0	0	0	0	0	0	0	0	0	0	0	
942.105600	8	3	3	0	1	2	2	4199	508	28	56529	15	7	48	0	0	0	0	0	0	0	0	0	0	0	0	0	0	
943.100633	8	3	3	0	1	2	2	4198	481	28	56589	15	7	48	0	0	0	0	0	0	0	0	0	0	0	0	0	0	
944.095683	8	3	3	0	1	2	2	4198	456	28	56649	15	7	48	0	0	0	0	0	0	0	0	0	0	0	0	0	0	
945.109433	8	3	3	0	1	2	2	4198	433	28	56709	15	7	48	0	0	0	0	0	0	0	0	0	0	0	0	0	0	
946.105917	8	3	3	0	1	2	2	4198	411	28	56769	15	7	48	0	0	0	0	0	0	0	0	0	0	0	0	0	0	
947.100967	8	3	3	0	1	2	2	4198	392	28	56829	15	7	48	0	0	0	0	0	0	0	0	0	0	0	0	0	0	
948.096000	8	3	3	0	1	2	2	4199	372	28	56889	15	7	48	0	0	0	0	0	0	0	0	0	0	0	0	0	0	
949.109767	8	3	3	0	1	2	2	4198	354	28	56949	15	7	48	0	0	0	0	0	0	0	0	0	0	0	0	0	0	
950.104800	8	3	3	0	1	2	2	4199	337	28	57009	15	7	48	0	0	0	0	0	0	0	0	0	0	0	0	0	0	
951.099833	8	3	3	0	1	2	2	4199	320	28	57069	15	7	48	0	0	0	0	0	0	0	0	0	0	0	0	0	0	
952.115033	8	3	3	0	1	2	2	4199	305	28	57130	15	7	48	0	0	0	0	0	0	0	0	0	0	0	0	0	0	
953.111517	8	3	3	0	1	2	2	4199	292	28	57190	15	7	48	0	0	0	0	0	0	0	0	0	0	0	0	0	0	
954.109433	8	3	3	0	1	2	2	4198	276	28	57249	15	7	48	0	0	0	0	0	0	0	0	0	0	0	0	0	0	
955.104483	8	3	3	0	1	2	2	4198	263	28	57309	15	7	48	0	0	0	0	0	0	0	0	0	0	0	0	0	0	
956.099517	8	3	3	0	1	2	2	4198	251	28	57369	15	7	48	0	0	0	0	0	0	0	0	0	0	0	0	0	0	
957.111833	8	3	3	0	1	2	2	4199	239	28	57430	15	7	48	0	0	0	0	0	0	0	0	0	0	0	0	0	0	
958.106883	8	3	3	0	1	2	2	4199	228	28	57489	15	7	48	0	0	0	0	0	0	0	0	0	0	0	0	0	0	
959.101917	8	3	3	0	1	2	2	4198	218	28	57549	15	7	48	0	0	0	0	0	0	0	0	0	0	0	0	0	0	
960.096967	8	3	3	0	1	2	2	4198	208	28	57609	15	7	48	0	0	0	0	0	0	0	0	0	0	0	0	0	0	
961.110717	8	3	3	0	1	2	2	4199	199	28	57669	15	7	48	0	0	0	0	0	0	0	0	0	0	0	0	0	0	
962.105767	8	3	3	0	1	2	2	4198	190	28	57729	15	7	48	0	0	0	0	0	0	0	0	0	0	0	0	0	0	
963.099367	8	3	3	0	1	2	2	4198	181	28	57789	15	7	48	0	0	0	0	0	0	0	0	0	0	0	0	0	0	
964.111683	8	3	3	0	1	2	2	4198	173	28	57849	15	7	48	0	0	0	0	0	0	0	0	0	0	0	0	0	0	
965.106717	8	3	3	0	1	2	2	4199	164	28	57909	15	7	48	0	0	0	0	0	0	0	0	0	0	0	0	0	0	
966.101767	8	3	3	0	1	2	2	4198	157	28	57969	15	7	48	0	0	0	0	0	0	0	0	0	0	0	0	0	0	
967.115517	8	3	3	0	1	2	2	4199	150	28	58030	15	7	48	0	0	0	0	0	0	0	0	0	0	0	0	0	0	
968.110567	8	3	3	0	1	2	2	4199	147	28	58089	15	7	48	0	0	0	0	0	0	0	0	0	0	0	0	0	0	
969.107033	8	3	3	0	1	2	2	4199	138	28	58149	15	7	48	0	0	0	0	0	0	0	0	0	0	0	0	0	0	
970.102083	8	3	3	0	1	2	2	4199	132	28	58209	15	7	48	0	0	0	0	0	0	0	0	0	0	0	0	0	0	
971.097117	8	3	3	0	1	2	2	4198	126	28	58269	15	7	48	0	0	0	0	0	0	0	0	0	0	0	0	0	0	
972.112317	8	3	3	0	1	2	2	4199	121	28	58329	15	7	48	0	0	0	0	0	0	0	0	0	0	0	0	0	0	
973.107367	8	3	3	0	1	2	2	4198	116	28	58389	15	7	48	0	0	0	0	0	0	0	0	0	0	0	0	0	0	
974.099517	8	3	3	0	1	2	2	4198	110	28	58449	15	7	48	0	0	0	0	0	0	0	0	0	0	0	0	0	0	
975.111833	8	3	3	0	1	2	2	4198	106	28	58509	15	7	48	0	0	0	0	0	0	0	0	0	0	0	0	0	0	
976.106883	8	3	3	0	1	2	2	4198	101	28	58569	15	7	48	0	0	0	0	0	0	0	0	0	0	0	0	0	0	
977.101917	8	3	3	0	1	2	2	4199	99	28	58629	15	7	48	0	0	0	0	0	0	0	0	0	0	0	0	0	0	
978.115683	8	3	3	0	1	2	2	4198	93	28	58690	15	7	48	0	0	0	0	0	0	0	0	0	0	0	0	0	0	
979.110717	8	3	3	0	1	2	2	4198	89	28	58749	15	7	48	0	0	0	0	0	0	0	0	0	0	0	0	0	0	
980.104317	8	3	3	0	1	2	2	4198	86	28	58809	15	7	48	0	0	0	0	0	0	0	0	0	0	0	0	0	0	
981.097917	8	3	3	0	1	2	2	4199	82	28	58869	15	7	48	0	0	0	0	0	0	0	0	0	0	0	0	0	0	
982.113117	8	3	3	0	1	2	2	4199	79	28	58929	15	7	48	0	0	0	0	0	0	0	0	0	0	0	0	0	0	
983.106717	8	3	3	0	1	2	2	4199	80	28	58989	15	7	48	0	0	0	0	0	0	0	0	0	0	0	0	0	0	
984.103200	8	3	3	0	1	2	2	4198	73	28	59049	15	7	48	0	0	0	0	0	0	0	0	0	0	0	0	0	0	
985.099683	8	3	3	0	1	2	2	4198	71	28	59109	15	7	48	0	0	0	0	0	0	0	0	0	0	0	0	0	0	
986.113433	8	3	3	0	1	2	2	4198	68	28	59170	15	7	48	0	0	0	0	0	0	0	0	0	0	0	0	0	0	
986.976000	8	6	3	0	2	7	1	4014	-1349	28	59221	15	8	0	0	0	0	0	0	0	0	0	0	0	0	0	0	0	
987.109917	8	6	3	0	2	7	1	3990	-1350	28	59229	15	8	0	0	0	0	0	0	0	0	0	0	0	0	0	0	0	
988.104967	8	6	3	0	2	7	1	3907	-1349	28	59289	15	8	1	0	0	0	0	0	0	0	0	0	0	0	0	0	0	
989.098567	8	6	3	0	2	7	1	3839	-1350	28	59349	15	8	3	0	0	0	0	0	0	0	0	0	0	0	0	0	0	
990.112317	8	6	3	0	2	7	1	3788	-1350	28	59409	15	8	5	0	0	0	0	0	0	0	0	0	0	0	0	0	0	
991.107367	8	6	3	0	2	7	1	3746	-1350	28	59469	15	8	6	0	0	0	0	0	0	0	0	0	0	0	0	0	0	
992.100967	8	6	3	0	2	7	1	3709	-1350	28	59529	15	8	8	0	0	0	0	0	0	0	0	0	0	0	0	0	0	
993.113283	8	6	3	0	2	7	1	3675	-1350	28	59589	15	8	10	0	0	0	0	0	0	0	0	0	0	0	0	0	0	
994.108317	8	6	3	0	2	7	1	3643	-1349	28	59649	15	8	11	0	0	0	0	0	0	0	0	0	0	0	0	0	0	
995.103367	8	6	3	0	2	7	1	3614	-1348	28	59709	15	8	13	0	0	0	0	0	0	0	0	0	0	0	0	0	0	
996.117117	8	6	3	0	2	7	1	3587	-1351	28	59770	15	8	15	0	0	0	0	0	0	0	0	0	0	0	0	0	0	
997.112167	8	6	3	0	2	7	1	3562	-1350	28	59829	15	8	16	0	0	0	0	0	0	0	0	0	0	0	0	0	0	
998.108633	8	6	3	0	2	7	1	3538	-1348	28	59889	15	8	18	0	0	0	0	0	0	0	0	0	0	0	0	0	0	
999.105117	8	6	3	0	2	7	1	3518	-1350	28	59949	15	8	20	0	0	0	0	0	0	0	0	0	0	0	0	0	0	
1000.100167	8	6	3	0	2	7	1	3498	-1350	28	60009	15	8	21	0	0	0	0	0	0	0	0	0	0	0	0	0	0	
1001.113917	8	6	3	0	2	7	1	3480	-1350	28	60069	15	8	23	0	0	0	0	0	0	0	0	0	0	0	0	0	0	
1002.108967	8	6	3	0	2	7	1	3463	-1350	28	60129	15	8	25	0	0	0	0	0	0	0	0	0	0	0	0	0	0	
1003.104000	8	6	3	0	2	7	1	3447	-1350	28	60189	15	8	26	0	0	0	0	0	0	0	0	0	0	0	0	0	0	
1004.117767	8	6	3	0	2	7	1	3432	-1348	28	60250	15	8	28	0	0	0	0	0	0	0	0	0	0	0	0	0	0	
1005.114233	8	6	3	0	2	7	1	3417	-1350	28	60309	15	8	29	0	0	0	0	0	0	0	0	0	0	0	0	0	0	
1006.106400	8	6	3	0	2	7	1	3403	-1347	28	60369	15	8	31	0	0	0	0	0	0	0	0	0	0	0	0	0	0	
1007.101433	8	6	3	0	2	7	1	3389	-1349	28	60429	15	8	33	0	0	0	0	0	0	0	0	0	0	0	0	0	0	
1008.115200	8	6	3	0	2	7	1	3373	-1348	28	60489	15	8	34	0	0	0	0	0	0	0	0	0	0	0	0	0	0	
1009.110233	8	6	3	0	2	7	1	3356	-1349	28	60549	15	8	36	0	0	0	0	0	0	0	0	0	0	0	0	0	0	
1010.105283	8	6	3	0	2	7	1	3335	-1351	28	60609	15	8	38	0	0	0	0	0	0	0	0	0	0	0	0	0	0	
1011.119033	8	6	3	0	2	7	1	3310	-1349	28	60670	15	8	39	0	0	0	0	0	0	0	0	0	0	0	0	0	0	
1012.114083	8	6	3	0	2	7	1	3276	-1351	28	60729	15	8	41	0	0	0	0	0	0	0	0	0	0	0	0	0	0	
1013.107683	8	6	3	0	2	7	1	3227	-1350	28	60789	15	8	43	0	0	0	0	0	0	0	0	0	0	0	0	0	0	
1014.105600	8	6	3	0	2	7	1	3151	-1350	28	60849	15	8	44	0	0	0	0	0	0	0	0	0	0	0	0	0	0	
1015.100633	8	6	3	0	2	7	1	3019	-1350	28	60909	15	8	46	0	0	0	0	0	0	0	0	0	0	0	0	0	0	
1016.115833	8	6	3	0	2	7	1	2757	-1349	28	60969	15	8	48	0	0	0	0	0	0	0	0	0	0	0	0	0	0	
1016.333283	8	15	3	0	1	31	2	2873	32	28	60983	16	8	48	0	0	0	0	0	0	0	0	0	0	0	0	0	0	
1016.353433	8	3	3	0	1	2	2	3381	676	28	60984	17	8	48	0	0	0	0	0	0	0	0	0	0	0	0	0	0	
1017.115200	8	3	3	0	1	2	2	3778	675	28	61030	17	8	48	0	0	0	0	0	0	0	0	0	0	0	0	0	0	
1018.107367	8	3	3	0	1	2	2	3840	675	28	61089	17	8	48	0	0	0	0	0	0	0	0	0	0	0	0	0	0	
1019.109600	8	3	3	0	1	2	2	3871	675	28	61149	17	8	48	0	0	0	0	0	0	0	0	0	0	0	0	0	0	
1020.117600	8	3	3	0	1	2	2	3894	674	28	61210	17	8	48	0	0	0	0	0	0	0	0	0	0	0	0	0	0	
1021.118400	8	3	3	0	1	2	2	3912	674	28	61270	17	8	48	0	0	0	0	0	0	0	0	0	0	0	0	0	0	
1022.104800	8	3	3	0	1	2	2	3927	675	28	61329	17	8	48	0	0	0	0	0	0	0	0	0	0	0	0	0	0	
1023.109917	8	3	3	0	1	2	2	3939	675	28	61389	17	8	48	0	0	0	0	0	0	0	0	0	0	0	0	0	0	
1024.113600	8	3	3	0	1	2	2	3949	675	28	61449	17	8	48	0	0	0	0	0	0	0	0	0	0	0	0	0	0	
1025.117283	8	3	3	0	1	2	2	3959	674	28	61510	17	8	48	0	0	0	0	0	0	0	0	0	0	0	0	0	0	
1026.103683	8	3	3	0	1	2	2	3967	675	28	61569	17	8	48	0	0	0	0	0	0	0	0	0	0	0	0	0	0	
1027.114567	8	3	3	0	1	2	2	3975	674	28	61629	17	8	48	0	0	0	0	0	0	0	0	0	0	0	0	0	0	
1028.103833	8	3	3	0	1	2	2	3982	675	28	61689	17	8	48	0	0	0	0	0	0	0	0	0	0	0	0	0	0	
1029.113283	8	3	3	0	1	2	2	3990	674	28	61749	17	8	48	0	0	0	0	0	0	0	0	0	0	0	0	0	0	
1030.104000	8	3	3	0	1	2	2	3997	674	28	61809	17	8	48	0	0	0	0	0	0	0	0	0	0	0	0	0	0	
1031.103367	8	3	3	0	1	2	2	4004	675	28	61869	17	8	48	0	0	0	0	0	0	0	0	0	0	0	0	0	0	
1032.105600	8	3	3	0	1	2	2	4011	675	28	61929	17	8	48	0	0	0	0	0	0	0	0	0	0	0	0	0	0	
1033.110717	8	3	3	0	1	2	2	4018	674	28	61989	17	8	48	0	0	0	0	0	0	0	0	0	0	0	0	0	0	
1034.115833	8	3	3	0	1	2	2	4024	674	28	62049	17	8	48	0	0	0	0	0	0	0	0	0	0	0	0	0	0	
1035.118083	8	3	3	0	1	2	2	4031	673	28	62110	17	8	48	0	0	0	0	0	0	0	0	0	0	0	0	0	0	
1036.104483	8	3	3	0	1	2	2	4038	674	28	62169	17	8	48	0	0	0	0	0	0	0	0	0	0	0	0	0	0	
1037.112483	8	3	3	0	1	2	2	4045	676	28	62229	17	8	48	0	0	0	0	0	0	0	0	0	0	0	0	0	0	
1038.108967	8	3	3	0	1	2	2	4051	674	28	62289	17	8	48	0	0	0	0	0	0	0	0	0	0	0	0	0	0	
1039.102567	8	3	3	0	1	2	2	4058	675	28	62349	17	8	48	0	0	0	0	0	0	0	0	0	0	0	0	0	0	
1040.106233	8	3	3	0	1	2	2	4065	676	28	62409	17	8	48	0	0	0	0	0	0	0	0	0	0	0	0	0	0	
1041.111367	8	3	3	0	1	2	2	4072	674	28	62469	17	8	48	0	0	0	0	0	0	0	0	0	0	0	0	0	0	
1042.120800	8	3	3	0	1	2	2	4079	674	28	62530	17	8	48	0	0	0	0	0	0	0	0	0	0	0	0	0	0	
1043.110083	8	3	3	0	1	2	2	4087	675	28	62589	17	8	48	0	0	0	0	0	0	0	0	0	0	0	0	0	0	
1044.115200	8	3	3	0	1	2	2	4094	675	28	62649	17	8	48	0	0	0	0	0	0	0	0	0	0	0	0	0	0	
1045.120317	8	3	3	0	1	2	2	4101	675	28	62710	17	8	48	0	0	0	0	0	0	0	0	0	0	0	0	0	0	
1046.112483	8	3	3	0	1	2	2	4109	674	28	62769	17	8	48	0	0	0	0	0	0	0	0	0	0	0	0	0	0	
1047.114717	8	3	3	0	1	2	2	4117	676	28	62829	17	8	48	0	0	0	0	0	0	0	0	0	0	0	0	0	0	
1048.104000	8	3	3	0	1	2	2	4123	667	28	62889	17	8	48	0	0	0	0	0	0	0	0	0	0	0	0	0	0	
1049.107683	8	3	3	0	1	2	2	4130	666	28	62949	17	8	48	0	0	0	0	0	0	0	0	0	0	0	0	0	0	
1050.118567	8	3	3	0	1	2	2	4138	662	28	63010	17	8	48	0	0	0	0	0	0	0	0	0	0	0	0	0	0	
1051.104967	8	3	3	0	1	2	2	4145	660	28	63069	17	8	48	0	0	0	0	0	0	0	0	0	0	0	0	0	0	
1052.107200	8	3	3	0	1	2	2	4152	658	28	63129	17	8	48	0	0	0	0	0	0	0	0	0	0	0	0	0	0	
1053.112317	8	3	3	0	1	2	2	4160	657	28	63189	17	8	48	0	0	0	0	0	0	0	0	0	0	0	0	0	0	
1054.121767	8	3	3	0	1	2	2	4168	655	28	63250	17	8	48	0	0	0	0	0	0	0	0	0	0	0	0	0	0	
1055.119683	8	3	3	0	1	2	2	4176	654	28	63310	17	8	48	0	0	0	0	0	0	0	0	0	0	0	0	0	0	
1056.113283	8	3	3	0	1	2	2	4184	651	28	63369	17	8	48	0	0	0	0	0	0	0	0	0	0	0	0	0	0	
1057.105433	8	3	3	0	1	2	2	4192	651	28	63429	17	8	48	0	0	0	0	0	0	0	0	0	0	0	0	0	0	
1058.112000	8	3	3	0	1	2	2	4198	638	28	63489	17	8	48	0	0	0	0	0	0	0	0	0	0	0	0	0	0	
1059.117117	8	3	3	0	1	2	2	4198	596	28	63549	17	8	48	0	0	0	0	0	0	0	0	0	0	0	0	0	0	
1060.115033	8	3	3	0	1	2	2	4198	563	28	63609	17	8	48	0	0	0	0	0	0	0	0	0	0	0	0	0	0	
1061.107200	8	3	3	0	1	2	2	4199	531	28	63669	17	8	48	0	0	0	0	0	0	0	0	0	0	0	0	0	0	
1062.112317	8	3	3	0	1	2	2	4199	504	28	63729	17	8	48	0	0	0	0	0	0	0	0	0	0	0	0	0	0	
1063.117433	8	3	3	0	1	2	2	4199	476	28	63789	17	8	48	0	0	0	0	0	0	0	0	0	0	0	0	0	0	
1064.122567	8	3	3	0	1	2	2	4199	453	28	63850	17	8	48	0	0	0	0	0	0	0	0	0	0	0	0	0	0	
1065.110400	8	3	3	0	1	2	2	4199	429	28	63909	17	8	48	0	0	0	0	0	0	0	0	0	0	0	0	0	0	
1066.114083	8	3	3	0	1	2	2	4198	408	27	63969	17	8	48	0	0	0	0	0	0	0	0	0	0	0	0	0	0	
1067.119200	8	3	3	0	1	2	2	4199	387	28	64029	17	8	48	0	0	0	0	0	0	0	0	0	0	0	0	0	0	
1068.124317	8	3	3	0	1	2	2	4198	368	27	64090	17	8	48	0	0	0	0	0	0	0	0	0	0	0	0	0	0	
1069.107833	8	3	3	0	1	2	2	4198	351	27	64149	17	8	48	0	0	0	0	0	0	0	0	0	0	0	0	0	0	
1070.114400	8	3	3	0	1	2	2	4199	336	27	64209	17	8	48	0	0	0	0	0	0	0	0	0	0	0	0	0	0	
1071.120967	8	3	3	0	1	2	2	4198	316	27	64270	17	8	48	0	0	0	0	0	0	0	0	0	0	0	0	0	0	
1072.113117	8	3	3	0	1	2	2	4198	302	27	64329	17	8	48	0	0	0	0	0	0	0	0	0	0	0	0	0	0	
1073.115367	8	3	3	0	1	2	2	4198	288	27	64389	17	8	48	0	0	0	0	0	0	0	0	0	0	0	0	0	0	
1074.123367	8	3	3	0	1	2	2	4199	273	27	64450	17	8	48	0	0	0	0	0	0	0	0	0	0	0	0	0	0	
1075.122717	8	3	3	0	1	2	2	4199	261	27	64510	17	8	48	0	0	0	0	0	0	0	0	0	0	0	0	0	0	
1076.114883	8	3	3	0	1	2	2	4199	249	27	64569	17	8	48	0	0	0	0	0	0	0	0	0	0	0	0	0	0	
1077.111367	8	3	3	0	1	2	2	4198	237	27	64629	17	8	48	0	0	0	0	0	0	0	0	0	0	0	0	0	0	
1078.106400	8	3	3	0	1	2	2	4199	227	27	64689	17	8	48	0	0	0	0	0	0	0	0	0	0	0	0	0	0	
1079.127367	8	3	3	0	1	2	2	4199	216	27	64750	17	8	48	0	0	0	0	0	0	0	0	0	0	0	0	0	0	
1080.108000	8	3	3	0	1	2	2	4199	206	27	64809	17	8	48	0	0	0	0	0	0	0	0	0	0	0	0	0	0	
1081.118883	8	3	3	0	1	2	2	4198	196	27	64869	17	8	48	0	0	0	0	0	0	0	0	0	0	0	0	0	0	
1082.121117	8	3	3	0	1	2	2	4199	188	27	64930	17	8	48	0	0	0	0	0	0	0	0	0	0	0	0	0	0	
1083.107517	8	3	3	0	1	2	2	4199	182	27	64989	17	8	48	0	0	0	0	0	0	0	0	0	0	0	0	0	0	
1084.115517	8	3	3	0	1	2	2	4198	170	27	65049	17	8	48	0	0	0	0	0	0	0	0	0	0	0	0	0	0	
1085.122083	8	3	3	0	1	2	2	4198	162	27	65110	17	8	48	0	0	0	0	0	0	0	0	0	0	0	0	0	0	
1086.115683	8	3	3	0	1	2	2	4198	156	27	65169	17	8	48	0	0	0	0	0	0	0	0	0	0	0	0	0	0	
1087.119367	8	3	3	0	1	2	2	4198	149	27	65229	17	8	48	0	0	0	0	0	0	0	0	0	0	0	0	0	0	
1088.123033	8	3	3	0	1	2	2	4199	144	27	65290	17	8	48	0	0	0	0	0	0	0	0	0	0	0	0	0	0	
1089.120967	8	3	3	0	1	2	2	4199	138	27	65349	17	8	48	0	0	0	0	0	0	0	0	0	0	0	0	0	0	
1090.124633	8	3	3	0	1	2	2	4198	131	27	65410	17	8	48	0	0	0	0	0	0	0	0	0	0	0	0	0	0	
1091.121117	8	3	3	0	1	2	2	4198	126	27	65469	17	8	48	0	0	0	0	0	0	0	0	0	0	0	0	0	0	
1092.114717	8	3	3	0	1	2	2	4198	120	27	65529	17	8	48	0	0	0	0	0	0	0	0	0	0	0	0	0	0	
1093.122717	8	3	3	0	1	2	2	4199	115	27	65590	17	8	48	0	0	0	0	0	0	0	0	0	0	0	0	0	0	
1094.109117	8	3	3	0	1	2	2	4199	111	27	65649	17	8	48	0	0	0	0	0	0	0	0	0	0	0	0	0	0	
1095.112800	8	3	3	0	1	2	2	4199	107	27	65709	17	8	48	0	0	0	0	0	0	0	0	0	0	0	0	0	0	
1096.123683	8	3	3	0	1	2	2	4198	102	27	65770	17	8	48	0	0	0	0	0	0	0	0	0	0	0	0	0	0	
1097.111517	8	3	3	0	1	2	2	4198	96	27	65829	17	8	48	0	0	0	0	0	0	0	0	0	0	0	0	0	0	
1098.118083	8	3	3	0	1	2	2	4198	93	27	65889	17	8	48	0	0	0	0	0	0	0	0	0	0	0	0	0	0	
1099.121767	8	3	3	0	1	2	2	4198	91	27	65950	17	8	48	0	0	0	0	0	0	0	0	0	0	0	0	0	0	
1100.122567	8	3	3	0	1	2	2	4199	86	27	66010	17	8	48	0	0	0	0	0	0	0	0	0	0	0	0	0	0	
1101.114717	8	3	3	0	1	2	2	4198	82	27	66069	17	8	48	0	0	0	0	0	0	0	0	0	0	0	0	0	0	
1102.118400	8	3	3	0	1	2	2	4199	80	27	66129	17	8	48	0	0	0	0	0	0	0	0	0	0	0	0	0	0	
1103.126400	8	3	3	0	1	2	2	4199	77	27	66190	17	8	48	0	0	0	0	0	0	0	0	0	0	0	0	0	0	
1104.111367	8	3	3	0	1	2	2	4199	74	27	66249	17	8	48	0	0	0	0	0	0	0	0	0	0	0	0	0	0	
1105.126567	8	3	3	0	1	2	2	4198	71	26	66310	17	8	48	0	0	0	0	0	0	0	0	0	0	0	0	0	0	
1106.110083	8	3	3	0	1	2	2	4198	69	27	66369	17	8	48	0	0	0	0	0	0	0	0	0	0	0	0	0	0	
1106.904967	8	6	3	0	2	7	1	4013	-1349	27	66416	17	9	0	0	0	0	0	0	0	0	0	0	0	0	0	0	0	
1107.115200	8	6	3	0	2	7	1	3976	-1351	26	66429	17	9	0	0	0	0	0	0	0	0	0	0	0	0	0	0	0	
1108.121767	8	6	3	0	2	7	1	3894	-1348	26	66489	17	9	2	0	0	0	0	0	0	0	0	0	0	0	0	0	0	
1109.108167	8	6	3	0	2	7	1	3824	-1350	26	66549	17	9	3	0	0	0	0	0	0	0	0	0	0	0	0	0	0	
1110.111833	8	6	3	0	2	7	1	3770	-1349	26	66609	17	9	5	0	0	0	0	0	0	0	0	0	0	0	0	0	0	
1111.118400	8	6	3	0	2	7	1	3727	-1349	26	66669	17	9	6	0	0	0	0	0	0	0	0	0	0	0	0	0	0	
1112.123517	8	6	3	0	2	7	1	3689	-1350	26	66729	17	9	8	0	0	0	0	0	0	0	0	0	0	0	0	0	0	
1113.108483	8	6	3	0	2	7	1	3654	-1351	26	66789	17	9	10	0	0	0	0	0	0	0	0	0	0	0	0	0	0	
1114.112167	8	6	3	0	2	7	1	3622	-1350	26	66849	17	9	11	0	0	0	0	0	0	0	0	0	0	0	0	0	0	
1115.117283	8	6	3	0	2	7	1	3592	-1349	26	66909	17	9	13	0	0	0	0	0	0	0	0	0	0	0	0	0	0	
1116.120967	8	6	3	0	2	7	1	3565	-1350	26	66969	17	9	15	0	0	0	0	0	0	0	0	0	0	0	0	0	0	
1117.124633	8	6	3	0	2	7	1	3539	-1351	26	67030	17	9	16	0	0	0	0	0	0	0	0	0	0	0	0	0	0	
1118.111033	8	6	3	0	2	7	1	3516	-1350	26	67089	17	9	18	0	0	0	0	0	0	0	0	0	0	0	0	0	0	
1119.114717	8	6	3	0	2	7	1	3495	-1349	26	67149	17	9	20	0	0	0	0	0	0	0	0	0	0	0	0	0	0	
1120.111200	8	6	3	0	2	7	1	3475	-1348	26	67209	17	9	21	0	0	0	0	0	0	0	0	0	0	0	0	0	0	
1121.109117	8	6	3	0	2	7	1	3457	-1350	26	67269	17	9	23	0	0	0	0	0	0	0	0	0	0	0	0	0	0	
1122.117117	8	6	3	0	2	7	1	3439	-1349	26	67329	17	9	25	0	0	0	0	0	0	0	0	0	0	0	0	0	0	
1123.128000	8	6	3	0	2	7	1	3423	-1349	26	67390	17	9	26	0	0	0	0	0	0	0	0	0	0	0	0	0	0	
1124.111517	8	6	3	0	2	7	1	3408	-1352	26	67449	17	9	28	0	0	0	0	0	0	0	0	0	0	0	0	0	0	
1125.116633	8	6	3	0	2	7	1	3393	-1349	26	67509	17	9	30	0	0	0	0	0	0	0	0	0	0	0	0	0	0	
1126.118883	8	6	3	0	2	7	1	3378	-1350	26	67569	17	9	31	0	0	0	0	0	0	0	0	0	0	0	0	0	0	
1127.124000	8	6	3	0	2	7	1	3361	-1351	26	67629	17	9	33	0	0	0	0	0	0	0	0	0	0	0	0	0	0	
1128.110400	8	6	3	0	2	7	1	3344	-1349	26	67689	17	9	35	0	0	0	0	0	0	0	0	0	0	0	0	0	0	
1129.112633	8	6	3	0	2	7	1	3323	-1351	26	67749	17	9	36	0	0	0	0	0	0	0	0	0	0	0	0	0	0	
1130.117767	8	6	3	0	2	7	1	3298	-1349	26	67809	17	9	38	0	0	0	0	0	0	0	0	0	0	0	0	0	0	
1131.122883	8	6	3	0	2	7	1	3265	-1349	26	67869	17	9	40	0	0	0	0	0	0	0	0	0	0	0	0	0	0	
1132.125117	8	6	3	0	2	7	1	3218	-1349	26	67930	17	9	41	0	0	0	0	0	0	0	0	0	0	0	0	0	0	
1133.111517	8	6	3	0	2	7	1	3145	-1350	26	67989	17	9	43	0	0	0	0	0	0	0	0	0	0	0	0	0	0	
1134.126717	8	6	3	0	2	7	1	3017	-1350	26	68050	17	9	45	0	0	0	0	0	0	0	0	0	0	0	0	0	0	
1135.123200	8	6	3	0	2	7	1	2772	-1349	26	68109	17	9	46	0	0	0	0	0	0	0	0	0	0	0	0	0	0	
1135.395367	8	15	3	0	1	31	2	3127	43	26	68126	19	9	47	0	0	0	0	0	0	0	0	0	0	0	0	0	0	
1135.415517	8	3	3	0	1	2	2	3444	678	26	68127	19	9	47	0	0	0	0	0	0	0	0	0	0	0	0	0	0	
1136.122567	8	3	3	0	1	2	2	3784	675	26	68169	19	9	47	0	0	0	0	0	0	0	0	0	0	0	0	0	0	
1137.120483	8	3	3	0	1	2	2	3849	674	26	68229	19	9	47	0	0	0	0	0	0	0	0	0	0	0	0	0	0	
1138.127033	8	3	3	0	1	2	2	3881	674	26	68290	19	9	47	0	0	0	0	0	0	0	0	0	0	0	0	0	0	
1139.113433	8	3	3	0	1	2	2	3905	676	26	68349	19	9	47	0	0	0	0	0	0	0	0	0	0	0	0	0	0	
1140.118567	8	3	3	0	1	2	2	3924	676	26	68409	19	9	47	0	0	0	0	0	0	0	0	0	0	0	0	0	0	
1141.123683	8	3	3	0	1	2	2	3939	674	26	68469	19	9	47	0	0	0	0	0	0	0	0	0	0	0	0	0	0	
1142.125917	8	3	3	0	1	2	2	3951	675	26	68530	19	9	47	0	0	0	0	0	0	0	0	0	0	0	0	0	0	
1143.112317	8	3	3	0	1	2	2	3962	674	26	68589	19	9	47	0	0	0	0	0	0	0	0	0	0	0	0	0	0	
1144.117433	8	3	3	0	1	2	2	3971	673	26	68649	19	9	47	0	0	0	0	0	0	0	0	0	0	0	0	0	0	
1145.124000	8	3	3	0	1	2	2	3980	674	26	68709	19	9	47	0	0	0	0	0	0	0	0	0	0	0	0	0	0	
1146.117600	8	3	3	0	1	2	2	3988	673	26	68769	19	9	47	0	0	0	0	0	0	0	0	0	0	0	0	0	0	
1147.129917	8	3	3	0	1	2	2	3996	675	26	68830	19	9	47	0	0	0	0	0	0	0	0	0	0	0	0	0	0	
1148.114883	8	3	3	0	1	2	2	4004	675	26	68889	19	9	47	0	0	0	0	0	0	0	0	0	0	0	0	0	0	
1149.124317	8	3	3	0	1	2	2	4011	674	26	68949	19	9	47	0	0	0	0	0	0	0	0	0	0	0	0	0	0	
1150.125117	8	3	3	0	1	2	2	4018	675	26	69009	19	9	47	0	0	0	0	0	0	0	0	0	0	0	0	0	0	
1151.114400	8	3	3	0	1	2	2	4025	674	26	69069	19	9	47	0	0	0	0	0	0	0	0	0	0	0	0	0	0	
1152.118083	8	3	3	0	1	2	2	4032	674	26	69129	19	9	47	0	0	0	0	0	0	0	0	0	0	0	0	0	0	
1153.120317	8	3	3	0	1	2	2	4039	674	26	69189	19	9	47	0	0	0	0	0	0	0	0	0	0	0	0	0	0	
1154.115367	8	3	3	0	1	2	2	4046	674	26	69249	19	9	47	0	0	0	0	0	0	0	0	0	0	0	0	0	0	
1155.127683	8	3	3	0	1	2	2	4053	673	26	69310	19	9	47	0	0	0	0	0	0	0	0	0	0	0	0	0	0	
1156.125600	8	3	3	0	1	2	2	4061	675	26	69369	19	9	47	0	0	0	0	0	0	0	0	0	0	0	0	0	0	
1157.119200	8	3	3	0	1	2	2	4067	674	26	69429	19	9	47	0	0	0	0	0	0	0	0	0	0	0	0	0	0	
1158.112800	8	3	3	0	1	2	2	4075	675	26	69489	19	9	47	0	0	0	0	0	0	0	0	0	0	0	0	0	0	
1159.115033	8	3	3	0	1	2	2	4082	674	26	69549	19	9	47	0	0	0	0	0	0	0	0	0	0	0	0	0	0	
1160.120167	8	3	3	0	1	2	2	4089	675	26	69609	19	9	47	0	0	0	0	0	0	0	0	0	0	0	0	0	0	
1161.131033	8	3	3	0	1	2	2	4097	674	26	69670	19	9	47	0	0	0	0	0	0	0	0	0	0	0	0	0	0	
1162.120317	8	3	3	0	1	2	2	4104	675	26	69729	19	9	47	0	0	0	0	0	0	0	0	0	0	0	0	0	0	
1163.126883	8	3	3	0	1	2	2	4112	675	26	69790	19	9	47	0	0	0	0	0	0	0	0	0	0	0	0	0	0	
1164.114717	8	3	3	0	1	2	2	4118	664	26	69849	19	9	47	0	0	0	0	0	0	0	0	0	0	0	0	0	0	
1165.119833	8	3	3	0	1	2	2	4125	663	26	69909	19	9	47	0	0	0	0	0	0	0	0	0	0	0	0	0	0	
1166.114883	8	3	3	0	1	2	2	4133	664	26	69969	19	9	47	0	0	0	0	0	0	0	0	0	0	0	0	0	0	
1167.118567	8	3	3	0	1	2	2	4140	660	26	70029	19	9	47	0	0	0	0	0	0	0	0	0	0	0	0	0	0	
1168.122233	8	3	3	0	1	2	2	4148	660	26	70089	19	9	47	0	0	0	0	0	0	0	0	0	0	0	0	0	0	
1169.131683	8	3	3	0	1	2	2	4156	659	26	70150	19	9	47	0	0	0	0	0	0	0	0	0	0	0	0	0	0	
1170.115200	8	3	3	0	1	2	2	4164	659	26	70209	19	9	47	0	0	0	0	0	0	0	0	0	0	0	0	0	0	
1171.121767	8	3	3	0	1	2	2	4171	656	25	70269	19	9	47	0	0	0	0	0	0	0	0	0	0	0	0	0	0	
1172.124000	8	3	3	0	1	2	2	4179	654	25	70329	19	9	47	0	0	0	0	0	0	0	0	0	0	0	0	0	0	
1173.114717	8	3	3	0	1	2	2	4188	654	25	70389	19	9	47	0	0	0	0	0	0	0	0	0	0	0	0	0	0	
1174.118400	8	3	3	0	1	2	2	4196	652	25	70449	19	9	47	0	0	0	0	0	0	0	0	0	0	0	0	0	0	
1175.124967	8	3	3	0	1	2	2	4198	616	25	70509	19	9	47	0	0	0	0	0	0	0	0	0	0	0	0	0	0	
1176.122883	8	3	3	0	1	2	2	4199	581	25	70569	19	9	47	0	0	0	0	0	0	0	0	0	0	0	0	0	0	
1177.113600	8	3	3	0	1	2	2	4198	549	25	70629	19	9	47	0	0	0	0	0	0	0	0	0	0	0	0	0	0	
1178.123033	8	3	3	0	1	2	2	4199	522	25	70689	19	9	47	0	0	0	0	0	0	0	0	0	0	0	0	0	0	
1179.131033	8	3	3	0	1	2	2	4198	494	25	70750	19	9	47	0	0	0	0	0	0	0	0	0	0	0	0	0	0	
1180.124633	8	3	3	0	1	2	2	4198	469	25	70809	19	9	47	0	0	0	0	0	0	0	0	0	0	0	0	0	0	
1181.116800	8	3	3	0	1	2	2	4198	447	25	70869	19	9	47	0	0	0	0	0	0	0	0	0	0	0	0	0	0	
1182.121917	8	3	3	0	1	2	2	4198	425	25	70929	19	9	47	0	0	0	0	0	0	0	0	0	0	0	0	0	0	
1183.128483	8	3	3	0	1	2	2	4198	404	25	70989	19	9	47	0	0	0	0	0	0	0	0	0	0	0	0	0	0	
1184.116317	8	3	3	0	1	2	2	4199	385	25	71049	19	9	47	0	0	0	0	0	0	0	0	0	0	0	0	0	0	
1185.122883	8	3	3	0	1	2	2	4199	369	25	71109	19	9	47	0	0	0	0	0	0	0	0	0	0	0	0	0	0	
1186.115033	8	3	3	0	1	2	2	4198	348	25	71169	19	9	47	0	0	0	0	0	0	0	0	0	0	0	0	0	0	
1187.115833	8	3	3	0	1	2	2	4198	333	25	71229	19	9	47	0	0	0	0	0	0	0	0	0	0	0	0	0	0	
1188.129600	8	3	3	0	1	2	2	4198	317	25	71290	19	9	47	0	0	0	0	0	0	0	0	0	0	0	0	0	0	
1189.131833	8	3	3	0	1	2	2	4199	303	25	71350	19	9	47	0	0	0	0	0	0	0	0	0	0	0	0	0	0	
1190.116800	8	3	3	0	1	2	2	4199	290	25	71409	19	9	47	0	0	0	0	0	0	0	0	0	0	0	0	0	0	
1191.120483	8	3	3	0	1	2	2	4198	276	25	71469	19	9	47	0	0	0	0	0	0	0	0	0	0	0	0	0	0	
1192.119833	8	3	3	0	1	2	2	4199	263	25	71529	19	9	47	0	0	0	0	0	0	0	0	0	0	0	0	0	0	
1193.129283	8	3	3	0	1	2	2	4199	251	25	71590	19	9	47	0	0	0	0	0	0	0	0	0	0	0	0	0	0	
1194.132967	8	3	3	0	1	2	2	4198	239	25	71650	19	9	47	0	0	0	0	0	0	0	0	0	0	0	0	0	0	
1195.117917	8	3	3	0	1	2	2	4199	230	25	71709	19	9	47	0	0	0	0	0	0	0	0	0	0	0	0	0	0	
1196.125917	8	3	3	0	1	2	2	4199	218	25	71769	19	9	47	0	0	0	0	0	0	0	0	0	0	0	0	0	0	
1197.126717	8	3	3	0	1	2	2	4199	212	25	71829	19	9	47	0	0	0	0	0	0	0	0	0	0	0	0	0	0	
1198.123200	8	3	3	0	1	2	2	4198	199	25	71889	19	9	47	0	0	0	0	0	0	0	0	0	0	0	0	0	0	
1199.125433	8	3	3	0	1	2	2	4198	191	25	71949	19	9	47	0	0	0	0	0	0	0	0	0	0	0	0	0	0	
1200.116167	8	3	3	0	1	2	2	4198	183	25	72009	19	9	47	0	0	0	0	0	0	0	0	0	0	0	0	0	0	
1201.125600	8	3	3	0	1	2	2	4198	175	25	72069	19	9	47	0	0	0	0	0	0	0	0	0	0	0	0	0	0	
1202.117767	8	3	3	0	1	2	2	4198	167	25	72129	19	9	47	0	0	0	0	0	0	0	0	0	0	0	0	0	0	
1203.121433	8	3	3	0	1	2	2	4198	160	25	72189	19	9	47	0	0	0	0	0	0	0	0	0	0	0	0	0	0	
1204.125117	8	3	3	0	1	2	2	4198	154	25	72249	19	9	47	0	0	0	0	0	0	0	0	0	0	0	0	0	0	
1205.125917	8	3	3	0	1	2	2	4198	147	25	72309	19	9	47	0	0	0	0	0	0	0	0	0	0	0	0	0	0	
1206.115200	8	3	3	0	1	2	2	4198	141	25	72369	19	9	47	0	0	0	0	0	0	0	0	0	0	0	0	0	0	
1207.117433	8	3	3	0	1	2	2	4199	136	25	72429	19	9	47	0	0	0	0	0	0	0	0	0	0	0	0	0	0	
1208.124000	8	3	3	0	1	2	2	4198	129	25	72489	19	9	47	0	0	0	0	0	0	0	0	0	0	0	0	0	0	
1209.129117	8	3	3	0	1	2	2	4199	124	25	72549	19	9	47	0	0	0	0	0	0	0	0	0	0	0	0	0	0	
1210.127033	8	3	3	0	1	2	2	4198	119	25	72609	19	9	47	0	0	0	0	0	0	0	0	0	0	0	0	0	0	
1211.130717	8	3	3	0	1	2	2	4198	113	25	72670	19	9	47	0	0	0	0	0	0	0	0	0	0	0	0	0	0	
1212.117117	8	3	3	0	1	2	2	4198	109	25	72729	19	9	47	0	0	0	0	0	0	0	0	0	0	0	0	0	0	
1213.119367	8	3	3	0	1	2	2	4199	107	25	72789	19	9	47	0	0	0	0	0	0	0	0	0	0	0	0	0	0	
1214.128800	8	3	3	0	1	2	2	4198	102	25	72849	19	9	47	0	0	0	0	0	0	0	0	0	0	0	0	0	0	
1215.131033	8	3	3	0	1	2	2	4198	97	25	72909	19	9	47	0	0	0	0	0	0	0	0	0	0	0	0	0	0	
1216.124633	8	3	3	0	1	2	2	4198	94	25	72969	19	9	47	0	0	0	0	0	0	0	0	0	0	0	0	0	0	
1217.129767	8	3	3	0	1	2	2	4199	90	25	73029	19	9	47	0	0	0	0	0	0	0	0	0	0	0	0	0	0	
1218.132000	8	3	3	0	1	2	2	4198	87	25	73090	19	9	47	0	0	0	0	0	0	0	0	0	0	0	0	0	0	
1219.118400	8	3	3	0	1	2	2	4198	83	25	73149	19	9	47	0	0	0	0	0	0	0	0	0	0	0	0	0	0	
1220.124967	8	3	3	0	1	2	2	4199	80	25	73209	19	9	47	0	0	0	0	0	0	0	0	0	0	0	0	0	0	
1221.128633	8	3	3	0	1	2	2	4198	77	25	73269	19	9	47	0	0	0	0	0	0	0	0	0	0	0	0	0	0	
1222.132317	8	3	3	0	1	2	2	4199	77	25	73330	19	9	47	0	0	0	0	0	0	0	0	0	0	0	0	0	0	
1223.128800	8	3	3	0	1	2	2	4198	72	25	73389	19	9	47	0	0	0	0	0	0	0	0	0	0	0	0	0	0	
1224.123833	8	3	3	0	1	2	2	4198	69	25	73449	19	9	47	0	0	0	0	0	0	0	0	0	0	0	0	0	0	
1225.118883	8	3	3	0	1	2	2	4199	67	25	73509	19	9	47	0	0	0	0	0	0	0	0	0	0	0	0	0	0	
1225.202400	8	6	3	0	2	7	1	4030	-1198	25	73514	19	10	0	0	0	0	0	0	0	0	0	0	0	0	0	0	0	
1226.125433	8	6	3	0	2	7	1	3906	-1350	25	73569	19	10	1	0	0	0	0	0	0	0	0	0	0	0	0	0	0	
1227.130567	8	6	3	0	2	7	1	3826	-1350	25	73629	19	10	3	0	0	0	0	0	0	0	0	0	0	0	0	0	0	
1228.134233	8	6	3	0	2	7	1	3764	-1350	25	73690	19	10	4	0	0	0	0	0	0	0	0	0	0	0	0	0	0	
1229.119200	8	6	3	0	2	7	1	3716	-1349	25	73749	19	10	6	0	0	0	0	0	0	0	0	0	0	0	0	0	0	
1230.124317	8	6	3	0	2	7	1	3675	-1350	25	73809	19	10	8	0	0	0	0	0	0	0	0	0	0	0	0	0	0	
1231.128000	8	6	3	0	2	7	1	3637	-1350	25	73869	19	10	9	0	0	0	0	0	0	0	0	0	0	0	0	0	0	
1232.131683	8	6	3	0	2	7	1	3603	-1349	25	73929	19	10	11	0	0	0	0	0	0	0	0	0	0	0	0	0	0	
1233.118083	8	6	3	0	2	7	1	3572	-1349	25	73989	19	10	13	0	0	0	0	0	0	0	0	0	0	0	0	0	0	
1234.121767	8	6	3	0	2	7	1	3544	-1349	25	74049	19	10	14	0	0	0	0	0	0	0	0	0	0	0	0	0	0	
1235.129767	8	6	3	0	2	7	1	3518	-1351	25	74109	19	10	16	0	0	0	0	0	0	0	0	0	0	0	0	0	0	
1236.133433	8	6	3	0	2	7	1	3494	-1351	25	74169	19	10	18	0	0	0	0	0	0	0	0	0	0	0	0	0	0	
1237.118400	8	6	3	0	2	7	1	3473	-1350	25	74229	19	10	19	0	0	0	0	0	0	0	0	0	0	0	0	0	0	
1238.136483	8	6	3	0	2	7	1	3453	-1349	25	74290	19	10	21	0	0	0	0	0	0	0	0	0	0	0	0	0	0	
1239.131517	8	6	3	0	2	7	1	3434	-1348	25	74349	19	10	23	0	0	0	0	0	0	0	0	0	0	0	0	0	0	
1240.125117	8	6	3	0	2	7	1	3417	-1350	25	74409	19	10	24	0	0	0	0	0	0	0	0	0	0	0	0	0	0	
1241.118717	8	6	3	0	2	7	1	3401	-1352	25	74469	19	10	26	0	0	0	0	0	0	0	0	0	0	0	0	0	0	
1242.132483	8	6	3	0	2	7	1	3384	-1350	25	74529	19	10	28	0	0	0	0	0	0	0	0	0	0	0	0	0	0	
1243.127517	8	6	3	0	2	7	1	3369	-1349	25	74589	19	10	29	0	0	0	0	0	0	0	0	0	0	0	0	0	0	
1244.121117	8	6	3	0	2	7	1	3353	-1349	25	74649	19	10	31	0	0	0	0	0	0	0	0	0	0	0	0	0	0	
1245.133433	8	6	3	0	2	7	1	3335	-1351	25	74709	19	10	33	0	0	0	0	0	0	0	0	0	0	0	0	0	0	
1246.128483	8	6	3	0	2	7	1	3315	-1350	25	74769	19	10	34	0	0	0	0	0	0	0	0	0	0	0	0	0	0	
1247.124967	8	6	3	0	2	7	1	3292	-1351	25	74829	19	10	36	0	0	0	0	0	0	0	0	0	0	0	0	0	0	
1248.124317	8	6	3	0	2	7	1	3262	-1348	25	74889	19	10	38	0	0	0	0	0	0	0	0	0	0	0	0	0	0	
1249.119367	8	6	3	0	2	7	1	3222	-1350	25	74949	19	10	39	0	0	0	0	0	0	0	0	0	0	0	0	0	0	
1250.133117	8	6	3	0	2	7	1	3158	-1349	25	75009	19	10	41	0	0	0	0	0	0	0	0	0	0	0	0	0	0	
1251.126717	8	6	3	0	2	7	1	3056	-1350	25	75069	19	10	42	0	0	0	0	0	0	0	0	0	0	0	0	0	0	
1252.120317	8	6	3	0	2	7	1	2864	-1349	25	75129	19	10	44	0	0	0	0	0	0	0	0	0	0	0	0	0	0	
1252.716483	8	15	3	0	1	31	2	3107	2	25	75164	21	10	45	0	0	0	0	0	0	0	0	0	0	0	0	0	0	
1252.736633	8	3	3	0	1	2	2	3458	678	25	75166	21	10	45	0	0	0	0	0	0	0	0	0	0	0	0	0	0	
1253.136967	8	3	3	0	1	2	2	3747	674	25	75190	21	10	45	0	0	0	0	0	0	0	0	0	0	0	0	0	0	
1254.133433	8	3	3	0	1	2	2	3843	675	25	75249	21	10	45	0	0	0	0	0	0	0	0	0	0	0	0	0	0	
1255.125600	8	3	3	0	1	2	2	3882	673	25	75309	21	10	45	0	0	0	0	0	0	0	0	0	0	0	0	0	0	
1256.124967	8	3	3	0	1	2	2	3908	674	25	75369	21	10	45	0	0	0	0	0	0	0	0	0	0	0	0	0	0	
1257.134400	8	3	3	0	1	2	2	3929	673	25	75430	21	10	45	0	0	0	0	0	0	0	0	0	0	0	0	0	0	
1258.120800	8	3	3	0	1	2	2	3945	676	25	75489	21	10	45	0	0	0	0	0	0	0	0	0	0	0	0	0	0	
1259.137433	8	3	3	0	1	2	2	3958	673	25	75550	21	10	45	0	0	0	0	0	0	0	0	0	0	0	0	0	0	
1260.126717	8	3	3	0	1	2	2	3970	674	25	75609	21	10	45	0	0	0	0	0	0	0	0	0	0	0	0	0	0	
1261.130400	8	3	3	0	1	2	2	3980	674	25	75669	21	10	45	0	0	0	0	0	0	0	0	0	0	0	0	0	0	
1262.135517	8	3	3	0	1	2	2	3989	674	25	75729	21	10	45	0	0	0	0	0	0	0	0	0	0	0	0	0	0	
1263.120483	8	3	3	0	1	2	2	3997	674	25	75789	21	10	45	0	0	0	0	0	0	0	0	0	0	0	0	0	0	
1264.124167	8	3	3	0	1	2	2	4006	675	25	75849	21	10	45	0	0	0	0	0	0	0	0	0	0	0	0	0	0	
1265.129283	8	3	3	0	1	2	2	4013	673	25	75909	21	10	45	0	0	0	0	0	0	0	0	0	0	0	0	0	0	
1266.134400	8	3	3	0	1	2	2	4021	673	25	75969	21	10	45	0	0	0	0	0	0	0	0	0	0	0	0	0	0	
1267.138083	8	3	3	0	1	2	2	4028	673	25	76030	21	10	45	0	0	0	0	0	0	0	0	0	0	0	0	0	0	
1268.128800	8	3	3	0	1	2	2	4036	675	25	76089	21	10	45	0	0	0	0	0	0	0	0	0	0	0	0	0	0	
1269.131033	8	3	3	0	1	2	2	4043	674	25	76149	21	10	45	0	0	0	0	0	0	0	0	0	0	0	0	0	0	
1270.137600	8	3	3	0	1	2	2	4050	672	24	76210	21	10	45	0	0	0	0	0	0	0	0	0	0	0	0	0	0	
1271.125433	8	3	3	0	1	2	2	4058	674	24	76269	21	10	45	0	0	0	0	0	0	0	0	0	0	0	0	0	0	
1272.127683	8	3	3	0	1	2	2	4065	672	25	76329	21	10	45	0	0	0	0	0	0	0	0	0	0	0	0	0	0	
1273.127033	8	3	3	0	1	2	2	4072	674	25	76389	21	10	45	0	0	0	0	0	0	0	0	0	0	0	0	0	0	
1274.136483	8	3	3	0	1	2	2	4079	674	24	76450	21	10	45	0	0	0	0	0	0	0	0	0	0	0	0	0	0	
1275.121433	8	3	3	0	1	2	2	4087	675	24	76509	21	10	45	0	0	0	0	0	0	0	0	0	0	0	0	0	0	
1276.123683	8	3	3	0	1	2	2	4095	676	24	76569	21	10	45	0	0	0	0	0	0	0	0	0	0	0	0	0	0	
1277.130233	8	3	3	0	1	2	2	4102	672	24	76629	21	10	45	0	0	0	0	0	0	0	0	0	0	0	0	0	0	
1278.136800	8	3	3	0	1	2	2	4110	673	24	76690	21	10	45	0	0	0	0	0	0	0	0	0	0	0	0	0	0	
1279.123200	8	3	3	0	1	2	2	4117	668	24	76749	21	10	45	0	0	0	0	0	0	0	0	0	0	0	0	0	0	
1280.128317	8	3	3	0	1	2	2	4124	665	24	76809	21	10	45	0	0	0	0	0	0	0	0	0	0	0	0	0	0	
1281.130567	8	3	3	0	1	2	2	4131	664	24	76869	21	10	45	0	0	0	0	0	0	0	0	0	0	0	0	0	0	
1282.137117	8	3	3	0	1	2	2	4139	661	24	76930	21	10	45	0	0	0	0	0	0	0	0	0	0	0	0	0	0	
1283.126400	8	3	3	0	1	2	2	4147	660	24	76989	21	10	45	0	0	0	0	0	0	0	0	0	0	0	0	0	0	
1284.131517	8	3	3	0	1	2	2	4154	657	24	77049	21	10	45	0	0	0	0	0	0	0	0	0	0	0	0	0	0	
1285.136633	8	3	3	0	1	2	2	4162	658	24	77109	21	10	45	0	0	0	0	0	0	0	0	0	0	0	0	0	0	
1286.133117	8	3	3	0	1	2	2	4171	658	24	77169	21	10	45	0	0	0	0	0	0	0	0	0	0	0	0	0	0	
1287.138233	8	3	3	0	1	2	2	4179	657	24	77230	21	10	45	0	0	0	0	0	0	0	0	0	0	0	0	0	0	
1288.123200	8	3	3	0	1	2	2	4187	655	24	77289	21	10	45	0	0	0	0	0	0	0	0	0	0	0	0	0	0	
1289.132633	8	3	3	0	1	2	2	4196	654	24	77349	21	10	45	0	0	0	0	0	0	0	0	0	0	0	0	0	0	
1290.136317	8	3	3	0	1	2	2	4198	620	24	77409	21	10	45	0	0	0	0	0	0	0	0	0	0	0	0	0	0	
1291.125600	8	3	3	0	1	2	2	4199	585	24	77469	21	10	45	0	0	0	0	0	0	0	0	0	0	0	0	0	0	
1292.127833	8	3	3	0	1	2	2	4198	554	24	77529	21	10	45	0	0	0	0	0	0	0	0	0	0	0	0	0	0	
1293.138717	8	3	3	0	1	2	2	4199	525	24	77590	21	10	45	0	0	0	0	0	0	0	0	0	0	0	0	0	0	
1294.125117	8	3	3	0	1	2	2	4198	500	24	77649	21	10	45	0	0	0	0	0	0	0	0	0	0	0	0	0	0	
1295.128800	8	3	3	0	1	2	2	4199	475	24	77709	21	10	45	0	0	0	0	0	0	0	0	0	0	0	0	0	0	
1296.132483	8	3	3	0	1	2	2	4199	452	24	77769	21	10	45	0	0	0	0	0	0	0	0	0	0	0	0	0	0	
1297.123200	8	3	3	0	1	2	2	4199	430	24	77829	21	10	45	0	0	0	0	0	0	0	0	0	0	0	0	0	0	
1298.126883	8	3	3	0	1	2	2	4199	410	24	77889	21	10	45	0	0	0	0	0	0	0	0	0	0	0	0	0	0	
1299.130567	8	3	3	0	1	2	2	4198	390	24	77949	21	10	45	0	0	0	0	0	0	0	0	0	0	0	0	0	0	
1300.138567	8	3	3	0	1	2	2	4198	371	24	78010	21	10	45	0	0	0	0	0	0	0	0	0	0	0	0	0	0	
1301.123517	8	3	3	0	1	2	2	4198	354	24	78069	21	10	45	0	0	0	0	0	0	0	0	0	0	0	0	0	0	
1302.127200	8	3	3	0	1	2	2	4199	339	24	78129	21	10	45	0	0	0	0	0	0	0	0	0	0	0	0	0	0	
1303.129433	8	3	3	0	1	2	2	4199	323	24	78189	21	10	45	0	0	0	0	0	0	0	0	0	0	0	0	0	0	
1304.141767	8	3	3	0	1	2	2	4198	307	24	78250	21	10	45	0	0	0	0	0	0	0	0	0	0	0	0	0	0	
1305.123833	8	3	3	0	1	2	2	4198	293	24	78309	21	10	45	0	0	0	0	0	0	0	0	0	0	0	0	0	0	
1306.134717	8	3	3	0	1	2	2	4199	280	24	78369	21	10	45	0	0	0	0	0	0	0	0	0	0	0	0	0	0	
1307.138400	8	3	3	0	1	2	2	4198	268	24	78429	21	10	45	0	0	0	0	0	0	0	0	0	0	0	0	0	0	
1308.124800	8	3	3	0	1	2	2	4199	256	24	78489	21	10	45	0	0	0	0	0	0	0	0	0	0	0	0	0	0	
1309.127033	8	3	3	0	1	2	2	4199	248	24	78549	21	10	45	0	0	0	0	0	0	0	0	0	0	0	0	0	0	
1310.129283	8	3	3	0	1	2	2	4198	233	24	78609	21	10	45	0	0	0	0	0	0	0	0	0	0	0	0	0	0	
1311.138717	8	3	3	0	1	2	2	4199	223	24	78670	21	10	45	0	0	0	0	0	0	0	0	0	0	0	0	0	0	
1312.128000	8	3	3	0	1	2	2	4198	213	24	78729	21	10	45	0	0	0	0	0	0	0	0	0	0	0	0	0	0	
1313.133117	8	3	3	0	1	2	2	4199	204	24	78789	21	10	45	0	0	0	0	0	0	0	0	0	0	0	0	0	0	
1314.138233	8	3	3	0	1	2	2	4198	195	24	78849	21	10	45	0	0	0	0	0	0	0	0	0	0	0	0	0	0	
1315.140483	8	3	3	0	1	2	2	4199	187	24	78910	21	10	45	0	0	0	0	0	0	0	0	0	0	0	0	0	0	
1316.126883	8	3	3	0	1	2	2	4199	180	24	78969	21	10	45	0	0	0	0	0	0	0	0	0	0	0	0	0	0	
1317.132000	8	3	3	0	1	2	2	4198	172	24	79029	21	10	45	0	0	0	0	0	0	0	0	0	0	0	0	0	0	
1318.137117	8	3	3	0	1	2	2	4199	164	24	79089	21	10	45	0	0	0	0	0	0	0	0	0	0	0	0	0	0	
1319.142233	8	3	3	0	1	2	2	4199	157	24	79150	21	10	45	0	0	0	0	0	0	0	0	0	0	0	0	0	0	
1320.127200	8	3	3	0	1	2	2	4199	150	24	79209	21	10	45	0	0	0	0	0	0	0	0	0	0	0	0	0	0	
1321.125117	8	3	3	0	1	2	2	4199	144	24	79269	21	10	45	0	0	0	0	0	0	0	0	0	0	0	0	0	0	
1322.130233	8	3	3	0	1	2	2	4199	138	24	79329	21	10	45	0	0	0	0	0	0	0	0	0	0	0	0	0	0	
1323.128167	8	3	3	0	1	2	2	4199	132	24	79389	21	10	45	0	0	0	0	0	0	0	0	0	0	0	0	0	0	
1324.140483	8	3	3	0	1	2	2	4199	127	24	79450	21	10	45	0	0	0	0	0	0	0	0	0	0	0	0	0	0	
1325.134083	8	3	3	0	1	2	2	4198	123	24	79509	21	10	45	0	0	0	0	0	0	0	0	0	0	0	0	0	0	
1326.139200	8	3	3	0	1	2	2	4198	117	24	79569	21	10	45	0	0	0	0	0	0	0	0	0	0	0	0	0	0	
1327.132800	8	3	3	0	1	2	2	4198	112	24	79629	21	10	45	0	0	0	0	0	0	0	0	0	0	0	0	0	0	
1328.132167	8	3	3	0	1	2	2	4199	109	24	79689	21	10	45	0	0	0	0	0	0	0	0	0	0	0	0	0	0	
1329.127200	8	3	3	0	1	2	2	4198	103	24	79749	21	10	45	0	0	0	0	0	0	0	0	0	0	0	0	0	0	
1330.135200	8	3	3	0	1	2	2	4198	101	24	79809	21	10	45	0	0	0	0	0	0	0	0	0	0	0	0	0	0	
1331.130233	8	3	3	0	1	2	2	4198	97	24	79869	21	10	45	0	0	0	0	0	0	0	0	0	0	0	0	0	0	
1332.144000	8	3	3	0	1	2	2	4199	94	24	79930	21	10	45	0	0	0	0	0	0	0	0	0	0	0	0	0	0	
1333.130400	8	3	3	0	1	2	2	4198	89	24	79989	21	10	45	0	0	0	0	0	0	0	0	0	0	0	0	0	0	
1334.134083	8	3	3	0	1	2	2	4199	88	24	80049	21	10	45	0	0	0	0	0	0	0	0	0	0	0	0	0	0	
1335.140633	8	3	3	0	1	2	2	4198	81	24	80110	21	10	45	0	0	0	0	0	0	0	0	0	0	0	0	0	0	
1336.137117	8	3	3	0	1	2	2	4198	79	24	80169	21	10	45	0	0	0	0	0	0	0	0	0	0	0	0	0	0	
1337.145117	8	3	3	0	1	2	2	4199	77	24	80230	21	10	45	0	0	0	0	0	0	0	0	0	0	0	0	0	0	
1338.130083	8	3	3	0	1	2	2	4198	75	24	80289	21	10	45	0	0	0	0	0	0	0	0	0	0	0	0	0	0	
1339.139517	8	3	3	0	1	2	2	4198	71	24	80349	21	10	45	0	0	0	0	0	0	0	0	0	0	0	0	0	0	
1340.140317	8	3	3	0	1	2	2	4198	70	24	80409	21	10	45	0	0	0	0	0	0	0	0	0	0	0	0	0	0	
1341.132483	8	3	3	0	1	2	2	4199	68	24	80469	21	10	45	0	0	0	0	0	0	0	0	0	0	0	0	0	0	
1341.270717	8	6	3	0	2	7	1	4000	-1348	24	80477	21	11	0	0	0	0	0	0	0	0	0	0	0	0	0	0	0	
1342.137600	8	6	3	0	2	7	1	3904	-1350	24	80529	21	11	1	0	0	0	0	0	0	0	0	0	0	0	0	0	0	
1343.142717	8	6	3	0	2	7	1	3819	-1349	24	80590	21	11	3	0	0	0	0	0	0	0	0	0	0	0	0	0	0	
1344.129117	8	6	3	0	2	7	1	3753	-1350	24	80649	21	11	4	0	0	0	0	0	0	0	0	0	0	0	0	0	0	
1345.132800	8	6	3	0	2	7	1	3702	-1349	24	80709	21	11	6	0	0	0	0	0	0	0	0	0	0	0	0	0	0	
1346.136483	8	6	3	0	2	7	1	3658	-1349	24	80769	21	11	8	0	0	0	0	0	0	0	0	0	0	0	0	0	0	
1347.144483	8	6	3	0	2	7	1	3619	-1349	24	80830	21	11	9	0	0	0	0	0	0	0	0	0	0	0	0	0	0	
1348.129433	8	6	3	0	2	7	1	3586	-1351	24	80889	21	11	11	0	0	0	0	0	0	0	0	0	0	0	0	0	0	
1349.134567	8	6	3	0	2	7	1	3554	-1348	24	80949	21	11	13	0	0	0	0	0	0	0	0	0	0	0	0	0	0	
1350.136800	8	6	3	0	2	7	1	3525	-1350	24	81009	21	11	14	0	0	0	0	0	0	0	0	0	0	0	0	0	0	
1351.141917	8	6	3	0	2	7	1	3499	-1350	24	81069	21	11	16	0	0	0	0	0	0	0	0	0	0	0	0	0	0	
1352.128317	8	6	3	0	2	7	1	3476	-1350	24	81129	21	11	17	0	0	0	0	0	0	0	0	0	0	0	0	0	0	
1353.130567	8	6	3	0	2	7	1	3454	-1349	24	81189	21	11	19	0	0	0	0	0	0	0	0	0	0	0	0	0	0	
1354.128483	8	6	3	0	2	7	1	3434	-1349	24	81249	21	11	21	0	0	0	0	0	0	0	0	0	0	0	0	0	0	
1355.142233	8	6	3	0	2	7	1	3416	-1348	24	81310	21	11	22	0	0	0	0	0	0	0	0	0	0	0	0	0	0	
1356.137283	8	6	3	0	2	7	1	3398	-1349	24	81369	21	11	24	0	0	0	0	0	0	0	0	0	0	0	0	0	0	
1357.132317	8	6	3	0	2	7	1	3382	-1351	24	81429	21	11	26	0	0	0	0	0	0	0	0	0	0	0	0	0	0	
1358.127367	8	6	3	0	2	7	1	3366	-1349	24	81489	21	11	27	0	0	0	0	0	0	0	0	0	0	0	0	0	0	
1359.144000	8	6	3	0	2	7	1	3349	-1350	24	81550	21	11	29	0	0	0	0	0	0	0	0	0	0	0	0	0	0	
1360.141917	8	6	3	0	2	7	1	3332	-1350	24	81609	21	11	31	0	0	0	0	0	0	0	0	0	0	0	0	0	0	
1361.136967	8	6	3	0	2	7	1	3313	-1351	24	81669	21	11	32	0	0	0	0	0	0	0	0	0	0	0	0	0	0	
1362.130567	8	6	3	0	2	7	1	3292	-1350	24	81729	21	11	34	0	0	0	0	0	0	0	0	0	0	0	0	0	0	
1363.142883	8	6	3	0	2	7	1	3264	-1350	24	81789	21	11	36	0	0	0	0	0	0	0	0	0	0	0	0	0	0	
1364.137917	8	6	3	0	2	7	1	3228	-1350	24	81849	21	11	37	0	0	0	0	0	0	0	0	0	0	0	0	0	0	
1365.130083	8	6	3	0	2	7	1	3176	-1350	24	81909	21	11	39	0	0	0	0	0	0	0	0	0	0	0	0	0	0	
1366.142400	8	6	3	0	2	7	1	3090	-1350	24	81969	21	11	41	0	0	0	0	0	0	0	0	0	0	0	0	0	0	
1367.137433	8	6	3	0	2	7	1	2939	-1349	24	82029	21	11	42	0	0	0	0	0	0	0	0	0	0	0	0	0	0	
1368.079200	10	0	5	0	0	15	0	3122	0	24	82085	21	11	44	0	0	0	0	0	0	0	0	0	0	0	0	0	0	
1368.087833	8	15	3	0	0	31	0	3230	0	24	82085	21	11	44	0	0	0	0	0	0	0	0	0	0	0	0	0	0	
