Time	Status code	Status category	Status color	Pgm code	Pgm step	Pgm para	Pgm cycle	mV	mA	Temperature	Duration	Charge count	Discharge count	Capacity	Analog input 1	Analog input 2	Analog input 3	Analog input 4	Digital input 1	Digital input 2	Digital input 3	Digital input 4	Digital output 1	Digital output 2	Digital output 3	Digital output 4	Analog output 1	Analog output 2	
0.000000	8	3	3	0	1	2	2	4033	676	28	3	1	0	0	0	0	0	0	0	0	0	0	0	0	0	0	0	0	
0.364317	8	3	3	0	1	2	2	4117	675	28	24	1	0	0	0	0	0	0	0	0	0	0	0	0	0	0	0	0	
1.359367	8	3	3	0	1	2	2	4001	675	28	84	1	0	0	0	0	0	0	0	0	0	0	0	0	0	0	0	0	
2.355833	8	3	3	0	1	2	2	4011	675	28	144	1	0	0	0	0	0	0	0	0	0	0	0	0	0	0	0	0	
3.369600	8	3	3	0	1	2	2	4019	674	28	205	1	0	0	0	0	0	0	0	0	0	0	0	0	0	0	0	0	
4.366083	8	3	3	0	1	2	2	4028	675	28	264	1	0	0	0	0	0	0	0	0	0	0	0	0	0	0	0	0	
5.361117	8	3	3	0	1	2	2	4035	675	28	324	1	0	0	0	0	0	0	0	0	0	0	0	0	0	0	0	0	
6.357600	8	3	3	0	1	2	2	4040	674	28	384	1	0	0	0	0	0	0	0	0	0	0	0	0	0	0	0	0	
7.352633	8	3	3	0	1	2	2	4046	675	28	444	1	0	0	0	0	0	0	0	0	0	0	0	0	0	0	0	0	
8.367833	8	3	3	0	1	2	2	4050	675	28	505	1	0	0	0	0	0	0	0	0	0	0	0	0	0	0	0	0	
9.364317	8	3	3	0	1	2	2	4054	674	28	564	1	0	0	0	0	0	0	0	0	0	0	0	0	0	0	0	0	
10.359367	8	3	3	0	1	2	2	4058	674	28	624	1	0	0	0	0	0	0	0	0	0	0	0	0	0	0	0	0	
11.355833	8	3	3	0	1	2	2	4061	675	28	684	1	0	0	0	0	0	0	0	0	0	0	0	0	0	0	0	0	
12.363833	8	3	3	0	1	2	2	4064	675	28	744	1	0	0	0	0	0	0	0	0	0	0	0	0	0	0	0	0	
13.368967	8	3	3	0	1	2	2	4066	675	28	805	1	0	0	0	0	0	0	0	0	0	0	0	0	0	0	0	0	
14.358233	8	3	3	0	1	2	2	4068	674	28	864	1	0	0	0	0	0	0	0	0	0	0	0	0	0	0	0	0	
15.364800	8	3	3	0	1	2	2	4071	675	28	924	1	0	0	0	0	0	0	0	0	0	0	0	0	0	0	0	0	
16.369917	8	3	3	0	1	2	2	4073	675	28	985	1	0	0	0	0	0	0	0	0	0	0	0	0	0	0	0	0	
17.356317	8	3	3	0	1	2	2	4074	675	28	1044	1	0	0	0	0	0	0	0	0	0	0	0	0	0	0	0	0	
18.361433	8	3	3	0	1	2	2	4076	674	28	1104	1	0	0	0	0	0	0	0	0	0	0	0	0	0	0	0	0	
19.366567	8	3	3	0	1	2	2	4078	675	28	1164	1	0	0	0	0	0	0	0	0	0	0	0	0	0	0	0	0	
20.352967	8	3	3	0	1	2	2	4080	675	28	1224	1	0	0	0	0	0	0	0	0	0	0	0	0	0	0	0	0	
21.358083	8	3	3	0	1	2	2	4083	675	28	1284	1	0	0	0	0	0	0	0	0	0	0	0	0	0	0	0	0	
22.364633	8	3	3	0	1	2	2	4085	675	28	1344	1	0	0	0	0	0	0	0	0	0	0	0	0	0	0	0	0	
23.369767	8	3	3	0	1	2	2	4087	675	28	1405	1	0	0	0	0	0	0	0	0	0	0	0	0	0	0	0	0	
24.356167	8	3	3	0	1	2	2	4090	675	28	1464	1	0	0	0	0	0	0	0	0	0	0	0	0	0	0	0	0	
25.361283	8	3	3	0	1	2	2	4092	675	28	1524	1	0	0	0	0	0	0	0	0	0	0	0	0	0	0	0	0	
26.366400	8	3	3	0	1	2	2	4094	674	28	1584	1	0	0	0	0	0	0	0	0	0	0	0	0	0	0	0	0	
27.371517	8	3	3	0	1	2	2	4097	674	28	1645	1	0	0	0	0	0	0	0	0	0	0	0	0	0	0	0	0	
28.357917	8	3	3	0	1	2	2	4100	674	28	1704	1	0	0	0	0	0	0	0	0	0	0	0	0	0	0	0	0	
29.363033	8	3	3	0	1	2	2	4102	674	28	1764	1	0	0	0	0	0	0	0	0	0	0	0	0	0	0	0	0	
30.369600	8	3	3	0	1	2	2	4104	674	28	1825	1	0	0	0	0	0	0	0	0	0	0	0	0	0	0	0	0	
31.356000	8	3	3	0	1	2	2	4107	675	28	1884	1	0	0	0	0	0	0	0	0	0	0	0	0	0	0	0	0	
32.361117	8	3	3	0	1	2	2	4110	675	28	1944	1	0	0	0	0	0	0	0	0	0	0	0	0	0	0	0	0	
33.366233	8	3	3	0	1	2	2	4112	674	28	2004	1	0	0	0	0	0	0	0	0	0	0	0	0	0	0	0	0	
34.371367	8	3	3	0	1	2	2	4115	674	28	2065	1	0	0	0	0	0	0	0	0	0	0	0	0	0	0	0	0	
35.357767	8	3	3	0	1	2	2	4116	668	28	2124	1	0	0	0	0	0	0	0	0	0	0	0	0	0	0	0	0	
36.362883	8	3	3	0	1	2	2	4118	667	28	2184	1	0	0	0	0	0	0	0	0	0	0	0	0	0	0	0	0	
37.369433	8	3	3	0	1	2	2	4121	667	28	2244	1	0	0	0	0	0	0	0	0	0	0	0	0	0	0	0	0	
38.355833	8	3	3	0	1	2	2	4124	666	28	2304	1	0	0	0	0	0	0	0	0	0	0	0	0	0	0	0	0	
39.360967	8	3	3	0	1	2	2	4127	664	28	2364	1	0	0	0	0	0	0	0	0	0	0	0	0	0	0	0	0	
40.366083	8	3	3	0	1	2	2	4129	665	28	2424	1	0	0	0	0	0	0	0	0	0	0	0	0	0	0	0	0	
41.371200	8	3	3	0	1	2	2	4132	664	28	2485	1	0	0	0	0	0	0	0	0	0	0	0	0	0	0	0	0	
42.357600	8	3	3	0	1	2	2	4136	663	28	2544	1	0	0	0	0	0	0	0	0	0	0	0	0	0	0	0	0	
43.362717	8	3	3	0	1	2	2	4139	663	28	2604	1	0	0	0	0	0	0	0	0	0	0	0	0	0	0	0	0	
44.369283	8	3	3	0	1	2	2	4142	662	28	2664	1	0	0	0	0	0	0	0	0	0	0	0	0	0	0	0	0	
45.355683	8	3	3	0	1	2	2	4145	663	28	2724	1	0	0	0	0	0	0	0	0	0	0	0	0	0	0	0	0	
46.360800	8	3	3	0	1	2	2	4148	662	28	2784	1	0	0	0	0	0	0	0	0	0	0	0	0	0	0	0	0	
47.365917	8	3	3	0	1	2	2	4151	661	28	2844	1	0	0	0	0	0	0	0	0	0	0	0	0	0	0	0	0	
48.371033	8	3	3	0	1	2	2	4155	661	28	2905	1	0	0	0	0	0	0	0	0	0	0	0	0	0	0	0	0	
49.357433	8	3	3	0	1	2	2	4160	660	28	2964	1	0	0	0	0	0	0	0	0	0	0	0	0	0	0	0	0	
50.362567	8	3	3	0	1	2	2	4163	660	28	3024	1	0	0	0	0	0	0	0	0	0	0	0	0	0	0	0	0	
51.369117	8	3	3	0	1	2	2	4167	660	28	3084	1	0	0	0	0	0	0	0	0	0	0	0	0	0	0	0	0	
52.374233	8	3	3	0	1	2	2	4170	659	28	3145	1	0	0	0	0	0	0	0	0	0	0	0	0	0	0	0	0	
53.360633	8	3	3	0	1	2	2	4174	658	28	3204	1	0	0	0	0	0	0	0	0	0	0	0	0	0	0	0	0	
54.365767	8	3	3	0	1	2	2	4178	657	28	3264	1	0	0	0	0	0	0	0	0	0	0	0	0	0	0	0	0	
55.370883	8	3	3	0	1	2	2	4182	657	28	3325	1	0	0	0	0	0	0	0	0	0	0	0	0	0	0	0	0	
56.357283	8	3	3	0	1	2	2	4186	656	28	3384	1	0	0	0	0	0	0	0	0	0	0	0	0	0	0	0	0	
57.362400	8	3	3	0	1	2	2	4190	656	28	3444	1	0	0	0	0	0	0	0	0	0	0	0	0	0	0	0	0	
58.367517	8	3	3	0	1	2	2	4194	655	28	3504	1	0	0	0	0	0	0	0	0	0	0	0	0	0	0	0	0	
59.374083	8	3	3	0	1	2	2	4198	652	28	3565	1	0	0	0	0	0	0	0	0	0	0	0	0	0	0	0	0	
60.360483	8	3	3	0	1	2	2	4198	640	28	3624	1	0	0	0	0	0	0	0	0	0	0	0	0	0	0	0	0	
61.365600	8	3	3	0	1	2	2	4198	628	28	3684	1	0	0	0	0	0	0	0	0	0	0	0	0	0	0	0	0	
62.370717	8	3	3	0	1	2	2	4198	614	28	3744	1	0	0	0	0	0	0	0	0	0	0	0	0	0	0	0	0	
63.357117	8	3	3	0	1	2	2	4198	603	28	3804	1	0	0	0	0	0	0	0	0	0	0	0	0	0	0	0	0	
64.362233	8	3	3	0	1	2	2	4199	593	28	3864	1	0	0	0	0	0	0	0	0	0	0	0	0	0	0	0	0	
65.367367	8	3	3	0	1	2	2	4198	585	28	3924	1	0	0	0	0	0	0	0	0	0	0	0	0	0	0	0	0	
66.372483	8	3	3	0	1	2	2	4198	575	28	3985	1	0	0	0	0	0	0	0	0	0	0	0	0	0	0	0	0	
67.358883	8	3	3	0	1	2	2	4198	562	28	4044	1	0	0	0	0	0	0	0	0	0	0	0	0	0	0	0	0	
68.365433	8	3	3	0	1	2	2	4198	548	28	4104	1	0	0	0	0	0	0	0	0	0	0	0	0	0	0	0	0	
69.370567	8	3	3	0	1	2	2	4198	535	28	4164	1	0	0	0	0	0	0	0	0	0	0	0	0	0	0	0	0	
70.375683	8	3	3	0	1	2	2	4198	522	28	4225	1	0	0	0	0	0	0	0	0	0	0	0	0	0	0	0	0	
71.362083	8	3	3	0	1	2	2	4199	510	28	4284	1	0	0	0	0	0	0	0	0	0	0	0	0	0	0	0	0	
72.367200	8	3	3	0	1	2	2	4199	501	28	4344	1	0	0	0	0	0	0	0	0	0	0	0	0	0	0	0	0	
73.372317	8	3	3	0	1	2	2	4198	491	28	4405	1	0	0	0	0	0	0	0	0	0	0	0	0	0	0	0	0	
74.358717	8	3	3	0	1	2	2	4199	481	28	4464	1	0	0	0	0	0	0	0	0	0	0	0	0	0	0	0	0	
75.363833	8	3	3	0	1	2	2	4198	471	28	4524	1	0	0	0	0	0	0	0	0	0	0	0	0	0	0	0	0	
76.370400	8	3	3	0	1	2	2	4198	461	28	4584	1	0	0	0	0	0	0	0	0	0	0	0	0	0	0	0	0	
77.375517	8	3	3	0	1	2	2	4198	452	28	4645	1	0	0	0	0	0	0	0	0	0	0	0	0	0	0	0	0	
78.361917	8	3	3	0	1	2	2	4198	443	28	4704	1	0	0	0	0	0	0	0	0	0	0	0	0	0	0	0	0	
79.367033	8	3	3	0	1	2	2	4199	434	28	4764	1	0	0	0	0	0	0	0	0	0	0	0	0	0	0	0	0	
80.372167	8	3	3	0	1	2	2	4198	423	28	4824	1	0	0	0	0	0	0	0	0	0	0	0	0	0	0	0	0	
81.358567	8	3	3	0	1	2	2	4198	416	28	4884	1	0	0	0	0	0	0	0	0	0	0	0	0	0	0	0	0	
82.363683	8	3	3	0	1	2	2	4199	406	28	4944	1	0	0	0	0	0	0	0	0	0	0	0	0	0	0	0	0	
83.370233	8	3	3	0	1	2	2	4198	398	28	5004	1	0	0	0	0	0	0	0	0	0	0	0	0	0	0	0	0	
84.375367	8	3	3	0	1	2	2	4199	389	28	5065	1	0	0	0	0	0	0	0	0	0	0	0	0	0	0	0	0	
85.361767	8	3	3	0	1	2	2	4199	381	28	5124	1	0	0	0	0	0	0	0	0	0	0	0	0	0	0	0	0	
86.366883	8	3	3	0	1	2	2	4199	372	28	5184	1	0	0	0	0	0	0	0	0	0	0	0	0	0	0	0	0	
87.372000	8	3	3	0	1	2	2	4198	365	28	5244	1	0	0	0	0	0	0	0	0	0	0	0	0	0	0	0	0	
88.358400	8	3	3	0	1	2	2	4199	355	28	5304	1	0	0	0	0	0	0	0	0	0	0	0	0	0	0	0	0	
89.364967	8	3	3	0	1	2	2	4198	347	28	5364	1	0	0	0	0	0	0	0	0	0	0	0	0	0	0	0	0	
90.370083	8	3	3	0	1	2	2	4198	338	28	5424	1	0	0	0	0	0	0	0	0	0	0	0	0	0	0	0	0	
91.375200	8	3	3	0	1	2	2	4198	331	28	5485	1	0	0	0	0	0	0	0	0	0	0	0	0	0	0	0	0	
92.361600	8	3	3	0	1	2	2	4199	323	28	5544	1	0	0	0	0	0	0	0	0	0	0	0	0	0	0	0	0	
93.366717	8	3	3	0	1	2	2	4198	316	28	5604	1	0	0	0	0	0	0	0	0	0	0	0	0	0	0	0	0	
94.373283	8	3	3	0	1	2	2	4199	309	28	5665	1	0	0	0	0	0	0	0	0	0	0	0	0	0	0	0	0	
95.359683	8	3	3	0	1	2	2	4199	301	28	5724	1	0	0	0	0	0	0	0	0	0	0	0	0	0	0	0	0	
96.364800	8	3	3	0	1	2	2	4199	295	28	5784	1	0	0	0	0	0	0	0	0	0	0	0	0	0	0	0	0	
97.371367	8	3	3	0	1	2	2	4199	288	28	5844	1	0	0	0	0	0	0	0	0	0	0	0	0	0	0	0	0	
98.376483	8	3	3	0	1	2	2	4198	282	28	5905	1	0	0	0	0	0	0	0	0	0	0	0	0	0	0	0	0	
99.362883	8	3	3	0	1	2	2	4198	277	28	5964	1	0	0	0	0	0	0	0	0	0	0	0	0	0	0	0	0	
100.368000	8	3	3	0	1	2	2	4198	270	28	6024	1	0	0	0	0	0	0	0	0	0	0	0	0	0	0	0	0	
101.373117	8	3	3	0	1	2	2	4198	264	28	6084	1	0	0	0	0	0	0	0	0	0	0	0	0	0	0	0	0	
102.359517	8	3	3	0	1	2	2	4198	259	28	6144	1	0	0	0	0	0	0	0	0	0	0	0	0	0	0	0	0	
103.364633	8	3	3	0	1	2	2	4198	252	28	6204	1	0	0	0	0	0	0	0	0	0	0	0	0	0	0	0	0	
104.371200	8	3	3	0	1	2	2	4198	246	28	6264	1	0	0	0	0	0	0	0	0	0	0	0	0	0	0	0	0	
105.376317	8	3	3	0	1	2	2	4198	241	28	6325	1	0	0	0	0	0	0	0	0	0	0	0	0	0	0	0	0	
106.362717	8	3	3	0	1	2	2	4198	235	28	6384	1	0	0	0	0	0	0	0	0	0	0	0	0	0	0	0	0	
107.367833	8	3	3	0	1	2	2	4198	229	28	6444	1	0	0	0	0	0	0	0	0	0	0	0	0	0	0	0	0	
108.372967	8	3	3	0	1	2	2	4198	224	28	6504	1	0	0	0	0	0	0	0	0	0	0	0	0	0	0	0	0	
109.378083	8	3	3	0	1	2	2	4198	219	28	6565	1	0	0	0	0	0	0	0	0	0	0	0	0	0	0	0	0	
110.364483	8	3	3	0	1	2	2	4198	214	28	6624	1	0	0	0	0	0	0	0	0	0	0	0	0	0	0	0	0	
111.369600	8	3	3	0	1	2	2	4198	210	28	6684	1	0	0	0	0	0	0	0	0	0	0	0	0	0	0	0	0	
112.374717	8	3	3	0	1	2	2	4198	204	28	6745	1	0	0	0	0	0	0	0	0	0	0	0	0	0	0	0	0	
113.361117	8	3	3	0	1	2	2	4198	199	28	6804	1	0	0	0	0	0	0	0	0	0	0	0	0	0	0	0	0	
114.366233	8	3	3	0	1	2	2	4199	195	28	6864	1	0	0	0	0	0	0	0	0	0	0	0	0	0	0	0	0	
115.372800	8	3	3	0	1	2	2	4198	191	28	6924	1	0	0	0	0	0	0	0	0	0	0	0	0	0	0	0	0	
116.377917	8	3	3	0	1	2	2	4199	187	28	6985	1	0	0	0	0	0	0	0	0	0	0	0	0	0	0	0	0	
117.364317	8	3	3	0	1	2	2	4198	181	28	7044	1	0	0	0	0	0	0	0	0	0	0	0	0	0	0	0	0	
118.369433	8	3	3	0	1	2	2	4198	177	28	7104	1	0	0	0	0	0	0	0	0	0	0	0	0	0	0	0	0	
119.374567	8	3	3	0	1	2	2	4198	173	28	7164	1	0	0	0	0	0	0	0	0	0	0	0	0	0	0	0	0	
120.360967	8	3	3	0	1	2	2	4199	169	28	7224	1	0	0	0	0	0	0	0	0	0	0	0	0	0	0	0	0	
121.366083	8	3	3	0	1	2	2	4199	165	28	7284	1	0	0	0	0	0	0	0	0	0	0	0	0	0	0	0	0	
122.371200	8	3	3	0	1	2	2	4199	161	28	7344	1	0	0	0	0	0	0	0	0	0	0	0	0	0	0	0	0	
123.376317	8	3	3	0	1	2	2	4199	157	28	7405	1	0	0	0	0	0	0	0	0	0	0	0	0	0	0	0	0	
124.364167	8	3	3	0	1	2	2	4198	154	28	7464	1	0	0	0	0	0	0	0	0	0	0	0	0	0	0	0	0	
125.369283	8	3	3	0	1	2	2	4198	150	28	7524	1	0	0	0	0	0	0	0	0	0	0	0	0	0	0	0	0	
126.374400	8	3	3	0	1	2	2	4198	147	28	7584	1	0	0	0	0	0	0	0	0	0	0	0	0	0	0	0	0	
127.379517	8	3	3	0	1	2	2	4199	143	28	7645	1	0	0	0	0	0	0	0	0	0	0	0	0	0	0	0	0	
128.365917	8	3	3	0	1	2	2	4199	140	28	7704	1	0	0	0	0	0	0	0	0	0	0	0	0	0	0	0	0	
129.371033	8	3	3	0	1	2	2	4198	138	28	7764	1	0	0	0	0	0	0	0	0	0	0	0	0	0	0	0	0	
130.376167	8	3	3	0	1	2	2	4198	134	28	7825	1	0	0	0	0	0	0	0	0	0	0	0	0	0	0	0	0	
131.362567	8	3	3	0	1	2	2	4199	130	28	7884	1	0	0	0	0	0	0	0	0	0	0	0	0	0	0	0	0	
132.369117	8	3	3	0	1	2	2	4199	127	28	7944	1	0	0	0	0	0	0	0	0	0	0	0	0	0	0	0	0	
133.375683	8	3	3	0	1	2	2	4199	125	28	8004	1	0	0	0	0	0	0	0	0	0	0	0	0	0	0	0	0	
134.362083	8	3	3	0	1	2	2	4198	121	28	8064	1	0	0	0	0	0	0	0	0	0	0	0	0	0	0	0	0	
135.367200	8	3	3	0	1	2	2	4199	118	28	8124	1	0	0	0	0	0	0	0	0	0	0	0	0	0	0	0	0	
136.372317	8	3	3	0	1	2	2	4199	116	28	8184	1	0	0	0	0	0	0	0	0	0	0	0	0	0	0	0	0	
137.377433	8	3	3	0	1	2	2	4199	113	28	8245	1	0	0	0	0	0	0	0	0	0	0	0	0	0	0	0	0	
138.363833	8	3	3	0	1	2	2	4198	110	28	8304	1	0	0	0	0	0	0	0	0	0	0	0	0	0	0	0	0	
139.368967	8	3	3	0	1	2	2	4199	107	28	8364	1	0	0	0	0	0	0	0	0	0	0	0	0	0	0	0	0	
140.375517	8	3	3	0	1	2	2	4198	104	28	8424	1	0	0	0	0	0	0	0	0	0	0	0	0	0	0	0	0	
141.380633	8	3	3	0	1	2	2	4198	101	28	8485	1	0	0	0	0	0	0	0	0	0	0	0	0	0	0	0	0	
142.367033	8	3	3	0	1	2	2	4199	100	28	8544	1	0	0	0	0	0	0	0	0	0	0	0	0	0	0	0	0	
143.372167	8	3	3	0	1	2	2	4199	97	28	8604	1	0	0	0	0	0	0	0	0	0	0	0	0	0	0	0	0	
144.377283	8	3	3	0	1	2	2	4199	95	28	8664	1	0	0	0	0	0	0	0	0	0	0	0	0	0	0	0	0	
145.363683	8	3	3	0	1	2	2	4199	92	28	8724	1	0	0	0	0	0	0	0	0	0	0	0	0	0	0	0	0	
146.368800	8	3	3	0	1	2	2	4199	90	28	8784	1	0	0	0	0	0	0	0	0	0	0	0	0	0	0	0	0	
147.373917	8	3	3	0	1	2	2	4199	88	28	8844	1	0	0	0	0	0	0	0	0	0	0	0	0	0	0	0	0	
148.366083	8	3	3	0	1	2	2	4199	86	28	8904	1	0	0	0	0	0	0	0	0	0	0	0	0	0	0	0	0	
149.371200	8	3	3	0	1	2	2	4199	83	28	8964	1	0	0	0	0	0	0	0	0	0	0	0	0	0	0	0	0	
150.376317	8	3	3	0	1	2	2	4199	82	28	9024	1	0	0	0	0	0	0	0	0	0	0	0	0	0	0	0	0	
151.381433	8	3	3	0	1	2	2	4198	80	28	9085	1	0	0	0	0	0	0	0	0	0	0	0	0	0	0	0	0	
152.367833	8	3	3	0	1	2	2	4198	77	28	9144	1	0	0	0	0	0	0	0	0	0	0	0	0	0	0	0	0	
153.372967	8	3	3	0	1	2	2	4198	75	28	9204	1	0	0	0	0	0	0	0	0	0	0	0	0	0	0	0	0	
154.379517	8	3	3	0	1	2	2	4198	76	28	9265	1	0	0	0	0	0	0	0	0	0	0	0	0	0	0	0	0	
155.364483	8	3	3	0	1	2	2	4199	73	28	9324	1	0	0	0	0	0	0	0	0	0	0	0	0	0	0	0	0	
156.371033	8	3	3	0	1	2	2	4199	72	28	9384	1	0	0	0	0	0	0	0	0	0	0	0	0	0	0	0	0	
157.376167	8	3	3	0	1	2	2	4199	69	28	9444	1	0	0	0	0	0	0	0	0	0	0	0	0	0	0	0	0	
158.381283	8	3	3	0	1	2	2	4198	68	28	9505	1	0	0	0	0	0	0	0	0	0	0	0	0	0	0	0	0	
158.558400	8	6	3	0	2	7	1	3797	-1048	28	9515	1	1	0	0	0	0	0	0	0	0	0	0	0	0	0	0	0	
159.369117	8	6	3	0	2	7	1	3656	-1349	28	9564	1	1	1	0	0	0	0	0	0	0	0	0	0	0	0	0	0	
160.374233	8	6	3	0	2	7	1	3629	-1350	28	9624	1	1	2	0	0	0	0	0	0	0	0	0	0	0	0	0	0	
161.380800	8	6	3	0	2	7	1	3606	-1349	28	9685	1	1	4	0	0	0	0	0	0	0	0	0	0	0	0	0	0	
162.367200	8	6	3	0	2	7	1	3589	-1349	28	9744	1	1	6	0	0	0	0	0	0	0	0	0	0	0	0	0	0	
163.372317	8	6	3	0	2	7	1	3574	-1349	28	9804	1	1	7	0	0	0	0	0	0	0	0	0	0	0	0	0	0	
164.377433	8	6	3	0	2	7	1	3561	-1348	28	9864	1	1	9	0	0	0	0	0	0	0	0	0	0	0	0	0	0	
165.382567	8	6	3	0	2	7	1	3548	-1349	28	9925	1	1	11	0	0	0	0	0	0	0	0	0	0	0	0	0	0	
166.368967	8	6	3	0	2	7	1	3533	-1350	28	9984	1	1	12	0	0	0	0	0	0	0	0	0	0	0	0	0	0	
167.374083	8	6	3	0	2	7	1	3518	-1350	28	10044	1	1	14	0	0	0	0	0	0	0	0	0	0	0	0	0	0	
168.379200	8	6	3	0	2	7	1	3503	-1347	28	10105	1	1	16	0	0	0	0	0	0	0	0	0	0	0	0	0	0	
169.367033	8	6	3	0	2	7	1	3489	-1349	28	10164	1	1	17	0	0	0	0	0	0	0	0	0	0	0	0	0	0	
170.372167	8	6	3	0	2	7	1	3477	-1350	28	10224	1	1	19	0	0	0	0	0	0	0	0	0	0	0	0	0	0	
171.377283	8	6	3	0	2	7	1	3464	-1349	28	10284	1	1	21	0	0	0	0	0	0	0	0	0	0	0	0	0	0	
172.382400	8	6	3	0	2	7	1	3451	-1350	28	10345	1	1	22	0	0	0	0	0	0	0	0	0	0	0	0	0	0	
173.368800	8	6	3	0	2	7	1	3440	-1349	28	10404	1	1	24	0	0	0	0	0	0	0	0	0	0	0	0	0	0	
174.373917	8	6	3	0	2	7	1	3428	-1349	28	10464	1	1	26	0	0	0	0	0	0	0	0	0	0	0	0	0	0	
175.379033	8	6	3	0	2	7	1	3416	-1349	28	10524	1	1	27	0	0	0	0	0	0	0	0	0	0	0	0	0	0	
176.365433	8	6	3	0	2	7	1	3406	-1351	28	10584	1	1	29	0	0	0	0	0	0	0	0	0	0	0	0	0	0	
177.370567	8	6	3	0	2	7	1	3395	-1350	28	10644	1	1	31	0	0	0	0	0	0	0	0	0	0	0	0	0	0	
178.377117	8	6	3	0	2	7	1	3384	-1350	28	10704	1	1	32	0	0	0	0	0	0	0	0	0	0	0	0	0	0	
179.382233	8	6	3	0	2	7	1	3374	-1349	28	10765	1	1	34	0	0	0	0	0	0	0	0	0	0	0	0	0	0	
180.368633	8	6	3	0	2	7	1	3364	-1349	28	10824	1	1	36	0	0	0	0	0	0	0	0	0	0	0	0	0	0	
181.373767	8	6	3	0	2	7	1	3354	-1351	28	10884	1	1	37	0	0	0	0	0	0	0	0	0	0	0	0	0	0	
182.378883	8	6	3	0	2	7	1	3344	-1351	28	10944	1	1	39	0	0	0	0	0	0	0	0	0	0	0	0	0	0	
183.384000	8	6	3	0	2	7	1	3335	-1350	28	11005	1	1	41	0	0	0	0	0	0	0	0	0	0	0	0	0	0	
184.370400	8	6	3	0	2	7	1	3327	-1351	28	11064	1	1	42	0	0	0	0	0	0	0	0	0	0	0	0	0	0	
185.375517	8	6	3	0	2	7	1	3319	-1349	28	11124	1	1	44	0	0	0	0	0	0	0	0	0	0	0	0	0	0	
186.380633	8	6	3	0	2	7	1	3311	-1349	28	11185	1	1	46	0	0	0	0	0	0	0	0	0	0	0	0	0	0	
187.367033	8	6	3	0	2	7	1	3303	-1349	28	11244	1	1	47	0	0	0	0	0	0	0	0	0	0	0	0	0	0	
188.372167	8	6	3	0	2	7	1	3295	-1350	28	11304	1	1	49	0	0	0	0	0	0	0	0	0	0	0	0	0	0	
189.378717	8	6	3	0	2	7	1	3288	-1349	28	11364	1	1	51	0	0	0	0	0	0	0	0	0	0	0	0	0	0	
190.383833	8	6	3	0	2	7	1	3281	-1349	28	11425	1	1	52	0	0	0	0	0	0	0	0	0	0	0	0	0	0	
191.370233	8	6	3	0	2	7	1	3274	-1350	28	11484	1	1	54	0	0	0	0	0	0	0	0	0	0	0	0	0	0	
192.375367	8	6	3	0	2	7	1	3267	-1349	28	11544	1	1	56	0	0	0	0	0	0	0	0	0	0	0	0	0	0	
193.380483	8	6	3	0	2	7	1	3261	-1348	28	11604	1	1	57	0	0	0	0	0	0	0	0	0	0	0	0	0	0	
194.366883	8	6	3	0	2	7	1	3255	-1349	28	11664	1	1	59	0	0	0	0	0	0	0	0	0	0	0	0	0	0	
195.372000	8	6	3	0	2	7	1	3249	-1350	28	11724	1	1	60	0	0	0	0	0	0	0	0	0	0	0	0	0	0	
196.378567	8	6	3	0	2	7	1	3243	-1349	28	11784	1	1	62	0	0	0	0	0	0	0	0	0	0	0	0	0	0	
197.383683	8	6	3	0	2	7	1	3237	-1348	28	11845	1	1	64	0	0	0	0	0	0	0	0	0	0	0	0	0	0	
198.370083	8	6	3	0	2	7	1	3231	-1350	28	11904	1	1	65	0	0	0	0	0	0	0	0	0	0	0	0	0	0	
199.375200	8	6	3	0	2	7	1	3225	-1347	28	11964	1	1	67	0	0	0	0	0	0	0	0	0	0	0	0	0	0	
200.380317	8	6	3	0	2	7	1	3218	-1350	28	12024	1	1	69	0	0	0	0	0	0	0	0	0	0	0	0	0	0	
201.385433	8	6	3	0	2	7	1	3211	-1348	28	12085	1	1	70	0	0	0	0	0	0	0	0	0	0	0	0	0	0	
202.371833	8	6	3	0	2	7	1	3205	-1349	28	12144	1	1	72	0	0	0	0	0	0	0	0	0	0	0	0	0	0	
203.376967	8	6	3	0	2	7	1	3197	-1350	28	12204	1	1	74	0	0	0	0	0	0	0	0	0	0	0	0	0	0	
204.367683	8	6	3	0	2	7	1	3191	-1349	28	12264	1	1	75	0	0	0	0	0	0	0	0	0	0	0	0	0	0	
205.372800	8	6	3	0	2	7	1	3183	-1349	29	12324	1	1	77	0	0	0	0	0	0	0	0	0	0	0	0	0	0	
206.377917	8	6	3	0	2	7	1	3173	-1349	28	12384	1	1	79	0	0	0	0	0	0	0	0	0	0	0	0	0	0	
207.384483	8	6	3	0	2	7	1	3162	-1350	28	12445	1	1	80	0	0	0	0	0	0	0	0	0	0	0	0	0	0	
208.369433	8	6	3	0	2	7	1	3149	-1349	29	12504	1	1	82	0	0	0	0	0	0	0	0	0	0	0	0	0	0	
209.376000	8	6	3	0	2	7	1	3131	-1349	29	12564	1	1	84	0	0	0	0	0	0	0	0	0	0	0	0	0	0	
210.381117	8	6	3	0	2	7	1	3110	-1350	29	12624	1	1	85	0	0	0	0	0	0	0	0	0	0	0	0	0	0	
211.386233	8	6	3	0	2	7	1	3083	-1350	29	12685	1	1	87	0	0	0	0	0	0	0	0	0	0	0	0	0	0	
212.372633	8	6	3	0	2	7	1	3045	-1351	29	12744	1	1	89	0	0	0	0	0	0	0	0	0	0	0	0	0	0	
213.377767	8	6	3	0	2	7	1	2990	-1351	29	12804	1	1	90	0	0	0	0	0	0	0	0	0	0	0	0	0	0	
214.382883	8	6	3	0	2	7	1	2901	-1350	29	12865	1	1	92	0	0	0	0	0	0	0	0	0	0	0	0	0	0	
215.369283	8	6	3	0	2	7	1	2722	-1349	29	12924	1	1	94	0	0	0	0	0	0	0	0	0	0	0	0	0	0	
215.508967	8	15	3	0	1	31	2	3197	107	29	12932	3	1	94	0	0	0	0	0	0	0	0	0	0	0	0	0	0	
215.529117	8	3	3	0	1	2	2	3423	676	29	12933	3	1	94	0	0	0	0	0	0	0	0	0	0	0	0	0	0	
216.378717	8	3	3	0	1	2	2	3640	674	29	12984	3	1	94	0	0	0	0	0	0	0	0	0	0	0	0	0	0	
217.383833	8	3	3	0	1	2	2	3742	675	29	13045	3	1	94	0	0	0	0	0	0	0	0	0	0	0	0	0	0	
218.370233	8	3	3	0	1	2	2	3808	674	29	13104	3	1	94	0	0	0	0	0	0	0	0	0	0	0	0	0	0	
219.375367	8	3	3	0	1	2	2	3860	674	29	13164	3	1	94	0	0	0	0	0	0	0	0	0	0	0	0	0	0	
220.380483	8	3	3	0	1	2	2	3900	676	29	13224	3	1	94	0	0	0	0	0	0	0	0	0	0	0	0	0	0	
221.387033	8	3	3	0	1	2	2	3930	675	29	13285	3	1	94	0	0	0	0	0	0	0	0	0	0	0	0	0	0	
222.372000	8	3	3	0	1	2	2	3943	675	29	13344	3	1	94	0	0	0	0	0	0	0	0	0	0	0	0	0	0	
223.378567	8	3	3	0	1	2	2	3949	675	29	13404	3	1	94	0	0	0	0	0	0	0	0	0	0	0	0	0	0	
224.383683	8	3	3	0	1	2	2	3954	675	29	13464	3	1	94	0	0	0	0	0	0	0	0	0	0	0	0	0	0	
225.370083	8	3	3	0	1	2	2	3959	674	29	13524	3	1	94	0	0	0	0	0	0	0	0	0	0	0	0	0	0	
226.375200	8	3	3	0	1	2	2	3965	674	29	13584	3	1	94	0	0	0	0	0	0	0	0	0	0	0	0	0	0	
227.380317	8	3	3	0	1	2	2	3970	674	29	13644	3	1	94	0	0	0	0	0	0	0	0	0	0	0	0	0	0	
228.388317	8	3	3	0	1	2	2	3976	674	29	13705	3	1	94	0	0	0	0	0	0	0	0	0	0	0	0	0	0	
229.374717	8	3	3	0	1	2	2	3981	674	29	13764	3	1	94	0	0	0	0	0	0	0	0	0	0	0	0	0	0	
230.379833	8	3	3	0	1	2	2	3987	674	29	13824	3	1	94	0	0	0	0	0	0	0	0	0	0	0	0	0	0	
231.384967	8	3	3	0	1	2	2	3993	674	29	13885	3	1	94	0	0	0	0	0	0	0	0	0	0	0	0	0	0	
232.371367	8	3	3	0	1	2	2	3999	675	29	13944	3	1	94	0	0	0	0	0	0	0	0	0	0	0	0	0	0	
233.376483	8	3	3	0	1	2	2	4005	674	29	14004	3	1	94	0	0	0	0	0	0	0	0	0	0	0	0	0	0	
234.381600	8	3	3	0	1	2	2	4012	674	29	14064	3	1	94	0	0	0	0	0	0	0	0	0	0	0	0	0	0	
235.386717	8	3	3	0	1	2	2	4018	675	29	14125	3	1	94	0	0	0	0	0	0	0	0	0	0	0	0	0	0	
236.374567	8	3	3	0	1	2	2	4023	675	29	14184	3	1	94	0	0	0	0	0	0	0	0	0	0	0	0	0	0	
237.379683	8	3	3	0	1	2	2	4028	674	29	14244	3	1	94	0	0	0	0	0	0	0	0	0	0	0	0	0	0	
238.384800	8	3	3	0	1	2	2	4034	675	29	14304	3	1	94	0	0	0	0	0	0	0	0	0	0	0	0	0	0	
239.371200	8	3	3	0	1	2	2	4038	675	29	14364	3	1	94	0	0	0	0	0	0	0	0	0	0	0	0	0	0	
240.376317	8	3	3	0	1	2	2	4042	674	29	14424	3	1	94	0	0	0	0	0	0	0	0	0	0	0	0	0	0	
241.381433	8	3	3	0	1	2	2	4046	674	29	14484	3	1	94	0	0	0	0	0	0	0	0	0	0	0	0	0	0	
242.386567	8	3	3	0	1	2	2	4049	675	29	14545	3	1	94	0	0	0	0	0	0	0	0	0	0	0	0	0	0	
243.372967	8	3	3	0	1	2	2	4052	674	29	14604	3	1	94	0	0	0	0	0	0	0	0	0	0	0	0	0	0	
244.378083	8	3	3	0	1	2	2	4055	675	29	14664	3	1	94	0	0	0	0	0	0	0	0	0	0	0	0	0	0	
245.383200	8	3	3	0	1	2	2	4058	675	29	14724	3	1	94	0	0	0	0	0	0	0	0	0	0	0	0	0	0	
246.388317	8	3	3	0	1	2	2	4060	675	29	14785	3	1	94	0	0	0	0	0	0	0	0	0	0	0	0	0	0	
247.376167	8	3	3	0	1	2	2	4062	674	29	14844	3	1	94	0	0	0	0	0	0	0	0	0	0	0	0	0	0	
248.381283	8	3	3	0	1	2	2	4065	674	29	14904	3	1	94	0	0	0	0	0	0	0	0	0	0	0	0	0	0	
249.386400	8	3	3	0	1	2	2	4067	674	29	14965	3	1	94	0	0	0	0	0	0	0	0	0	0	0	0	0	0	
250.372800	8	3	3	0	1	2	2	4069	675	29	15024	3	1	94	0	0	0	0	0	0	0	0	0	0	0	0	0	0	
251.377917	8	3	3	0	1	2	2	4071	675	29	15084	3	1	94	0	0	0	0	0	0	0	0	0	0	0	0	0	0	
252.383033	8	3	3	0	1	2	2	4073	673	29	15144	3	1	94	0	0	0	0	0	0	0	0	0	0	0	0	0	0	
253.388167	8	3	3	0	1	2	2	4076	675	29	15205	3	1	94	0	0	0	0	0	0	0	0	0	0	0	0	0	0	
254.374567	8	3	3	0	1	2	2	4079	674	29	15264	3	1	94	0	0	0	0	0	0	0	0	0	0	0	0	0	0	
255.379683	8	3	3	0	1	2	2	4081	674	29	15324	3	1	94	0	0	0	0	0	0	0	0	0	0	0	0	0	0	
256.384800	8	3	3	0	1	2	2	4084	675	29	15384	3	1	94	0	0	0	0	0	0	0	0	0	0	0	0	0	0	
257.371200	8	3	3	0	1	2	2	4086	674	29	15444	3	1	94	0	0	0	0	0	0	0	0	0	0	0	0	0	0	
258.377767	8	3	3	0	1	2	2	4089	675	29	15504	3	1	94	0	0	0	0	0	0	0	0	0	0	0	0	0	0	
259.382883	8	3	3	0	1	2	2	4092	675	29	15564	3	1	94	0	0	0	0	0	0	0	0	0	0	0	0	0	0	
260.388000	8	3	3	0	1	2	2	4095	675	29	15625	3	1	94	0	0	0	0	0	0	0	0	0	0	0	0	0	0	
261.374400	8	3	3	0	1	2	2	4098	675	29	15684	3	1	94	0	0	0	0	0	0	0	0	0	0	0	0	0	0	
262.379517	8	3	3	0	1	2	2	4100	675	29	15744	3	1	94	0	0	0	0	0	0	0	0	0	0	0	0	0	0	
263.384633	8	3	3	0	1	2	2	4103	674	29	15804	3	1	94	0	0	0	0	0	0	0	0	0	0	0	0	0	0	
264.389767	8	3	3	0	1	2	2	4106	673	29	15865	3	1	94	0	0	0	0	0	0	0	0	0	0	0	0	0	0	
265.376167	8	3	3	0	1	2	2	4110	675	29	15924	3	1	94	0	0	0	0	0	0	0	0	0	0	0	0	0	0	
266.382717	8	3	3	0	1	2	2	4113	675	29	15984	3	1	94	0	0	0	0	0	0	0	0	0	0	0	0	0	0	
267.387833	8	3	3	0	1	2	2	4116	674	29	16045	3	1	94	0	0	0	0	0	0	0	0	0	0	0	0	0	0	
268.374233	8	3	3	0	1	2	2	4119	674	29	16104	3	1	94	0	0	0	0	0	0	0	0	0	0	0	0	0	0	
269.379367	8	3	3	0	1	2	2	4119	668	29	16164	3	1	94	0	0	0	0	0	0	0	0	0	0	0	0	0	0	
270.384483	8	3	3	0	1	2	2	4122	667	29	16224	3	1	94	0	0	0	0	0	0	0	0	0	0	0	0	0	0	
271.389600	8	3	3	0	1	2	2	4125	666	29	16285	3	1	94	0	0	0	0	0	0	0	0	0	0	0	0	0	0	
272.376000	8	3	3	0	1	2	2	4128	666	29	16344	3	1	94	0	0	0	0	0	0	0	0	0	0	0	0	0	0	
273.381117	8	3	3	0	1	2	2	4131	665	29	16404	3	1	94	0	0	0	0	0	0	0	0	0	0	0	0	0	0	
274.386233	8	3	3	0	1	2	2	4135	664	29	16464	3	1	94	0	0	0	0	0	0	0	0	0	0	0	0	0	0	
275.374083	8	3	3	0	1	2	2	4138	664	29	16524	3	1	94	0	0	0	0	0	0	0	0	0	0	0	0	0	0	
276.379200	8	3	3	0	1	2	2	4141	662	29	16584	3	1	94	0	0	0	0	0	0	0	0	0	0	0	0	0	0	
277.384317	8	3	3	0	1	2	2	4145	662	29	16644	3	1	94	0	0	0	0	0	0	0	0	0	0	0	0	0	0	
278.389433	8	3	3	0	1	2	2	4149	661	29	16705	3	1	94	0	0	0	0	0	0	0	0	0	0	0	0	0	0	
279.375833	8	3	3	0	1	2	2	4152	662	29	16764	3	1	94	0	0	0	0	0	0	0	0	0	0	0	0	0	0	
280.380967	8	3	3	0	1	2	2	4156	661	29	16824	3	1	94	0	0	0	0	0	0	0	0	0	0	0	0	0	0	
281.390400	8	3	3	0	1	2	2	4160	661	29	16885	3	1	94	0	0	0	0	0	0	0	0	0	0	0	0	0	0	
282.376800	8	3	3	0	1	2	2	4164	660	29	16944	3	1	94	0	0	0	0	0	0	0	0	0	0	0	0	0	0	
283.381917	8	3	3	0	1	2	2	4168	660	29	17004	3	1	94	0	0	0	0	0	0	0	0	0	0	0	0	0	0	
284.387033	8	3	3	0	1	2	2	4172	658	29	17064	3	1	94	0	0	0	0	0	0	0	0	0	0	0	0	0	0	
285.392167	8	3	3	0	1	2	2	4177	658	29	17125	3	1	94	0	0	0	0	0	0	0	0	0	0	0	0	0	0	
286.378567	8	3	3	0	1	2	2	4181	657	29	17184	3	1	94	0	0	0	0	0	0	0	0	0	0	0	0	0	0	
287.383683	8	3	3	0	1	2	2	4186	657	29	17244	3	1	94	0	0	0	0	0	0	0	0	0	0	0	0	0	0	
288.388800	8	3	3	0	1	2	2	4190	656	29	17305	3	1	94	0	0	0	0	0	0	0	0	0	0	0	0	0	0	
289.375200	8	3	3	0	1	2	2	4194	655	29	17364	3	1	94	0	0	0	0	0	0	0	0	0	0	0	0	0	0	
290.380317	8	3	3	0	1	2	2	4198	654	29	17424	3	1	94	0	0	0	0	0	0	0	0	0	0	0	0	0	0	
291.385433	8	3	3	0	1	2	2	4199	644	29	17484	3	1	94	0	0	0	0	0	0	0	0	0	0	0	0	0	0	
292.392000	8	3	3	0	1	2	2	4198	632	29	17545	3	1	94	0	0	0	0	0	0	0	0	0	0	0	0	0	0	
293.378400	8	3	3	0	1	2	2	4199	621	29	17604	3	1	94	0	0	0	0	0	0	0	0	0	0	0	0	0	0	
294.383517	8	3	3	0	1	2	2	4198	609	29	17664	3	1	94	0	0	0	0	0	0	0	0	0	0	0	0	0	0	
295.388633	8	3	3	0	1	2	2	4199	598	29	17724	3	1	94	0	0	0	0	0	0	0	0	0	0	0	0	0	0	
296.375033	8	3	3	0	1	2	2	4198	587	29	17784	3	1	94	0	0	0	0	0	0	0	0	0	0	0	0	0	0	
297.380167	8	3	3	0	1	2	2	4198	577	29	17844	3	1	94	0	0	0	0	0	0	0	0	0	0	0	0	0	0	
298.386717	8	3	3	0	1	2	2	4198	566	29	17904	3	1	94	0	0	0	0	0	0	0	0	0	0	0	0	0	0	
299.391833	8	3	3	0	1	2	2	4198	555	29	17965	3	1	94	0	0	0	0	0	0	0	0	0	0	0	0	0	0	
300.378233	8	3	3	0	1	2	2	4198	544	29	18024	3	1	94	0	0	0	0	0	0	0	0	0	0	0	0	0	0	
301.383367	8	3	3	0	1	2	2	4198	534	29	18084	3	1	94	0	0	0	0	0	0	0	0	0	0	0	0	0	0	
302.388483	8	3	3	0	1	2	2	4199	523	29	18144	3	1	94	0	0	0	0	0	0	0	0	0	0	0	0	0	0	
303.393600	8	3	3	0	1	2	2	4198	513	29	18205	3	1	94	0	0	0	0	0	0	0	0	0	0	0	0	0	0	
304.380000	8	3	3	0	1	2	2	4198	502	29	18264	3	1	94	0	0	0	0	0	0	0	0	0	0	0	0	0	0	
305.385117	8	3	3	0	1	2	2	4198	492	29	18324	3	1	94	0	0	0	0	0	0	0	0	0	0	0	0	0	0	
306.390233	8	3	3	0	1	2	2	4199	482	29	18385	3	1	94	0	0	0	0	0	0	0	0	0	0	0	0	0	0	
307.376633	8	3	3	0	1	2	2	4198	472	29	18444	3	1	94	0	0	0	0	0	0	0	0	0	0	0	0	0	0	
308.381767	8	3	3	0	1	2	2	4198	461	29	18504	3	1	94	0	0	0	0	0	0	0	0	0	0	0	0	0	0	
309.388317	8	3	3	0	1	2	2	4199	446	29	18564	3	1	94	0	0	0	0	0	0	0	0	0	0	0	0	0	0	
310.393433	8	3	3	0	1	2	2	4199	434	29	18625	3	1	94	0	0	0	0	0	0	0	0	0	0	0	0	0	0	
311.379833	8	3	3	0	1	2	2	4199	424	29	18684	3	1	94	0	0	0	0	0	0	0	0	0	0	0	0	0	0	
312.384967	8	3	3	0	1	2	2	4199	415	29	18744	3	1	94	0	0	0	0	0	0	0	0	0	0	0	0	0	0	
313.390083	8	3	3	0	1	2	2	4199	406	29	18804	3	1	94	0	0	0	0	0	0	0	0	0	0	0	0	0	0	
314.376483	8	3	3	0	1	2	2	4199	396	29	18864	3	1	94	0	0	0	0	0	0	0	0	0	0	0	0	0	0	
315.381600	8	3	3	0	1	2	2	4198	387	29	18924	3	1	94	0	0	0	0	0	0	0	0	0	0	0	0	0	0	
316.386717	8	3	3	0	1	2	2	4198	378	29	18984	3	1	94	0	0	0	0	0	0	0	0	0	0	0	0	0	0	
317.393283	8	3	3	0	1	2	2	4198	369	29	19045	3	1	94	0	0	0	0	0	0	0	0	0	0	0	0	0	0	
318.379683	8	3	3	0	1	2	2	4198	361	29	19104	3	1	94	0	0	0	0	0	0	0	0	0	0	0	0	0	0	
319.384800	8	3	3	0	1	2	2	4199	353	29	19164	3	1	94	0	0	0	0	0	0	0	0	0	0	0	0	0	0	
320.389917	8	3	3	0	1	2	2	4199	345	29	19224	3	1	94	0	0	0	0	0	0	0	0	0	0	0	0	0	0	
321.376317	8	3	3	0	1	2	2	4199	337	29	19284	3	1	94	0	0	0	0	0	0	0	0	0	0	0	0	0	0	
322.381433	8	3	3	0	1	2	2	4199	329	29	19344	3	1	94	0	0	0	0	0	0	0	0	0	0	0	0	0	0	
323.386567	8	3	3	0	1	2	2	4198	322	29	19404	3	1	94	0	0	0	0	0	0	0	0	0	0	0	0	0	0	
324.391683	8	3	3	0	1	2	2	4198	315	29	19465	3	1	94	0	0	0	0	0	0	0	0	0	0	0	0	0	0	
325.378083	8	3	3	0	1	2	2	4198	307	29	19524	3	1	94	0	0	0	0	0	0	0	0	0	0	0	0	0	0	
326.383200	8	3	3	0	1	2	2	4198	300	29	19584	3	1	94	0	0	0	0	0	0	0	0	0	0	0	0	0	0	
327.389767	8	3	3	0	1	2	2	4198	293	29	19644	3	1	94	0	0	0	0	0	0	0	0	0	0	0	0	0	0	
328.394883	8	3	3	0	1	2	2	4199	286	29	19705	3	1	94	0	0	0	0	0	0	0	0	0	0	0	0	0	0	
329.381283	8	3	3	0	1	2	2	4199	280	29	19764	3	1	94	0	0	0	0	0	0	0	0	0	0	0	0	0	0	
330.386400	8	3	3	0	1	2	2	4199	273	29	19824	3	1	94	0	0	0	0	0	0	0	0	0	0	0	0	0	0	
331.391517	8	3	3	0	1	2	2	4198	267	29	19884	3	1	94	0	0	0	0	0	0	0	0	0	0	0	0	0	0	
332.377917	8	3	3	0	1	2	2	4198	260	29	19944	3	1	94	0	0	0	0	0	0	0	0	0	0	0	0	0	0	
333.384483	8	3	3	0	1	2	2	4198	254	29	20004	3	1	94	0	0	0	0	0	0	0	0	0	0	0	0	0	0	
334.389600	8	3	3	0	1	2	2	4199	249	29	20064	3	1	94	0	0	0	0	0	0	0	0	0	0	0	0	0	0	
335.394717	8	3	3	0	1	2	2	4198	243	29	20125	3	1	94	0	0	0	0	0	0	0	0	0	0	0	0	0	0	
336.381117	8	3	3	0	1	2	2	4199	238	29	20184	3	1	94	0	0	0	0	0	0	0	0	0	0	0	0	0	0	
337.386233	8	3	3	0	1	2	2	4199	232	29	20244	3	1	94	0	0	0	0	0	0	0	0	0	0	0	0	0	0	
338.391367	8	3	3	0	1	2	2	4198	227	29	20304	3	1	94	0	0	0	0	0	0	0	0	0	0	0	0	0	0	
339.377767	8	3	3	0	1	2	2	4198	221	29	20364	3	1	94	0	0	0	0	0	0	0	0	0	0	0	0	0	0	
340.382883	8	3	3	0	1	2	2	4198	215	29	20424	3	1	94	0	0	0	0	0	0	0	0	0	0	0	0	0	0	
341.389433	8	3	3	0	1	2	2	4199	210	29	20484	3	1	94	0	0	0	0	0	0	0	0	0	0	0	0	0	0	
342.394567	8	3	3	0	1	2	2	4198	206	29	20545	3	1	94	0	0	0	0	0	0	0	0	0	0	0	0	0	0	
343.380967	8	3	3	0	1	2	2	4198	201	29	20604	3	1	94	0	0	0	0	0	0	0	0	0	0	0	0	0	0	
344.386083	8	3	3	0	1	2	2	4198	195	29	20664	3	1	94	0	0	0	0	0	0	0	0	0	0	0	0	0	0	
345.391200	8	3	3	0	1	2	2	4198	191	29	20724	3	1	94	0	0	0	0	0	0	0	0	0	0	0	0	0	0	
346.396317	8	3	3	0	1	2	2	4199	187	29	20785	3	1	94	0	0	0	0	0	0	0	0	0	0	0	0	0	0	
347.382717	8	3	3	0	1	2	2	4198	182	29	20844	3	1	94	0	0	0	0	0	0	0	0	0	0	0	0	0	0	
348.387833	8	3	3	0	1	2	2	4198	177	29	20904	3	1	94	0	0	0	0	0	0	0	0	0	0	0	0	0	0	
349.392967	8	3	3	0	1	2	2	4199	174	29	20965	3	1	94	0	0	0	0	0	0	0	0	0	0	0	0	0	0	
350.379367	8	3	3	0	1	2	2	4198	168	29	21024	3	1	94	0	0	0	0	0	0	0	0	0	0	0	0	0	0	
351.384483	8	3	3	0	1	2	2	4198	165	29	21084	3	1	94	0	0	0	0	0	0	0	0	0	0	0	0	0	0	
352.391033	8	3	3	0	1	2	2	4199	161	29	21144	3	1	94	0	0	0	0	0	0	0	0	0	0	0	0	0	0	
353.397600	8	3	3	0	1	2	2	4199	158	29	21205	3	1	94	0	0	0	0	0	0	0	0	0	0	0	0	0	0	
354.384000	8	3	3	0	1	2	2	4199	154	29	21264	3	1	94	0	0	0	0	0	0	0	0	0	0	0	0	0	0	
355.389117	8	3	3	0	1	2	2	4199	150	29	21324	3	1	94	0	0	0	0	0	0	0	0	0	0	0	0	0	0	
356.394233	8	3	3	0	1	2	2	4199	146	29	21385	3	1	94	0	0	0	0	0	0	0	0	0	0	0	0	0	0	
357.380633	8	3	3	0	1	2	2	4199	143	29	21444	3	1	94	0	0	0	0	0	0	0	0	0	0	0	0	0	0	
358.385767	8	3	3	0	1	2	2	4198	139	29	21504	3	1	94	0	0	0	0	0	0	0	0	0	0	0	0	0	0	
359.392317	8	3	3	0	1	2	2	4198	137	29	21564	3	1	94	0	0	0	0	0	0	0	0	0	0	0	0	0	0	
360.397433	8	3	3	0	1	2	2	4199	133	29	21625	3	1	94	0	0	0	0	0	0	0	0	0	0	0	0	0	0	
361.385283	8	3	3	0	1	2	2	4199	131	29	21684	3	1	94	0	0	0	0	0	0	0	0	0	0	0	0	0	0	
362.390400	8	3	3	0	1	2	2	4199	127	29	21744	3	1	94	0	0	0	0	0	0	0	0	0	0	0	0	0	0	
363.395517	8	3	3	0	1	2	2	4199	124	29	21805	3	1	94	0	0	0	0	0	0	0	0	0	0	0	0	0	0	
364.381917	8	3	3	0	1	2	2	4199	121	29	21864	3	1	94	0	0	0	0	0	0	0	0	0	0	0	0	0	0	
365.387033	8	3	3	0	1	2	2	4199	118	29	21924	3	1	94	0	0	0	0	0	0	0	0	0	0	0	0	0	0	
366.393600	8	3	3	0	1	2	2	4199	116	29	21984	3	1	94	0	0	0	0	0	0	0	0	0	0	0	0	0	0	
367.398717	8	3	3	0	1	2	2	4199	113	29	22045	3	1	94	0	0	0	0	0	0	0	0	0	0	0	0	0	0	
368.385117	8	3	3	0	1	2	2	4199	110	29	22104	3	1	94	0	0	0	0	0	0	0	0	0	0	0	0	0	0	
369.390233	8	3	3	0	1	2	2	4198	108	29	22164	3	1	94	0	0	0	0	0	0	0	0	0	0	0	0	0	0	
370.395367	8	3	3	0	1	2	2	4199	105	29	22225	3	1	94	0	0	0	0	0	0	0	0	0	0	0	0	0	0	
371.381767	8	3	3	0	1	2	2	4199	102	29	22284	3	1	94	0	0	0	0	0	0	0	0	0	0	0	0	0	0	
372.386883	8	3	3	0	1	2	2	4198	100	29	22344	3	1	94	0	0	0	0	0	0	0	0	0	0	0	0	0	0	
373.392000	8	3	3	0	1	2	2	4199	98	29	22404	3	1	94	0	0	0	0	0	0	0	0	0	0	0	0	0	0	
374.397117	8	3	3	0	1	2	2	4198	95	29	22465	3	1	94	0	0	0	0	0	0	0	0	0	0	0	0	0	0	
375.384967	8	3	3	0	1	2	2	4199	93	29	22524	3	1	94	0	0	0	0	0	0	0	0	0	0	0	0	0	0	
376.390083	8	3	3	0	1	2	2	4199	90	29	22584	3	1	94	0	0	0	0	0	0	0	0	0	0	0	0	0	0	
377.395200	8	3	3	0	1	2	2	4199	88	29	22644	3	1	94	0	0	0	0	0	0	0	0	0	0	0	0	0	0	
378.381600	8	3	3	0	1	2	2	4199	87	29	22704	3	1	94	0	0	0	0	0	0	0	0	0	0	0	0	0	0	
379.386717	8	3	3	0	1	2	2	4199	85	29	22764	3	1	94	0	0	0	0	0	0	0	0	0	0	0	0	0	0	
380.391833	8	3	3	0	1	2	2	4199	83	29	22824	3	1	94	0	0	0	0	0	0	0	0	0	0	0	0	0	0	
381.396967	8	3	3	0	1	2	2	4199	80	29	22885	3	1	94	0	0	0	0	0	0	0	0	0	0	0	0	0	0	
382.383367	8	3	3	0	1	2	2	4198	79	29	22944	3	1	94	0	0	0	0	0	0	0	0	0	0	0	0	0	0	
383.389917	8	3	3	0	1	2	2	4199	76	29	23004	3	1	94	0	0	0	0	0	0	0	0	0	0	0	0	0	0	
384.395033	8	3	3	0	1	2	2	4198	74	29	23064	3	1	94	0	0	0	0	0	0	0	0	0	0	0	0	0	0	
385.400167	8	3	3	0	1	2	2	4199	73	29	23125	3	1	94	0	0	0	0	0	0	0	0	0	0	0	0	0	0	
386.386567	8	3	3	0	1	2	2	4198	71	29	23184	3	1	94	0	0	0	0	0	0	0	0	0	0	0	0	0	0	
387.391683	8	3	3	0	1	2	2	4199	70	29	23244	3	1	94	0	0	0	0	0	0	0	0	0	0	0	0	0	0	
388.396800	8	3	3	0	1	2	2	4198	67	29	23305	3	1	94	0	0	0	0	0	0	0	0	0	0	0	0	0	0	
389.157117	8	6	3	0	2	7	1	3758	-1091	29	23350	3	2	0	0	0	0	0	0	0	0	0	0	0	0	0	0	0	
389.384633	8	6	3	0	2	7	1	3653	-1349	29	23364	3	2	0	0	0	0	0	0	0	0	0	0	0	0	0	0	0	
390.391200	8	6	3	0	2	7	1	3613	-1349	29	23424	3	2	2	0	0	0	0	0	0	0	0	0	0	0	0	0	0	
391.396317	8	6	3	0	2	7	1	3589	-1348	29	23484	3	2	3	0	0	0	0	0	0	0	0	0	0	0	0	0	0	
392.382717	8	6	3	0	2	7	1	3572	-1349	29	23544	3	2	5	0	0	0	0	0	0	0	0	0	0	0	0	0	0	
393.387833	8	6	3	0	2	7	1	3554	-1350	29	23604	3	2	6	0	0	0	0	0	0	0	0	0	0	0	0	0	0	
394.392967	8	6	3	0	2	7	1	3539	-1350	29	23664	3	2	8	0	0	0	0	0	0	0	0	0	0	0	0	0	0	
395.398083	8	6	3	0	2	7	1	3526	-1351	29	23725	3	2	10	0	0	0	0	0	0	0	0	0	0	0	0	0	0	
396.384483	8	6	3	0	2	7	1	3513	-1347	29	23784	3	2	11	0	0	0	0	0	0	0	0	0	0	0	0	0	0	
397.389600	8	6	3	0	2	7	1	3499	-1350	29	23844	3	2	13	0	0	0	0	0	0	0	0	0	0	0	0	0	0	
398.394717	8	6	3	0	2	7	1	3486	-1349	29	23904	3	2	15	0	0	0	0	0	0	0	0	0	0	0	0	0	0	
399.401283	8	6	3	0	2	7	1	3475	-1349	29	23965	3	2	16	0	0	0	0	0	0	0	0	0	0	0	0	0	0	
400.386233	8	6	3	0	2	7	1	3463	-1349	29	24024	3	2	18	0	0	0	0	0	0	0	0	0	0	0	0	0	0	
401.392800	8	6	3	0	2	7	1	3451	-1350	29	24084	3	2	20	0	0	0	0	0	0	0	0	0	0	0	0	0	0	
402.397917	8	6	3	0	2	7	1	3439	-1349	29	24145	3	2	21	0	0	0	0	0	0	0	0	0	0	0	0	0	0	
403.384317	8	6	3	0	2	7	1	3428	-1350	29	24204	3	2	23	0	0	0	0	0	0	0	0	0	0	0	0	0	0	
404.389433	8	6	3	0	2	7	1	3416	-1349	29	24264	3	2	25	0	0	0	0	0	0	0	0	0	0	0	0	0	0	
405.394567	8	6	3	0	2	7	1	3404	-1349	29	24324	3	2	26	0	0	0	0	0	0	0	0	0	0	0	0	0	0	
406.401117	8	6	3	0	2	7	1	3393	-1349	29	24385	3	2	28	0	0	0	0	0	0	0	0	0	0	0	0	0	0	
407.387517	8	6	3	0	2	7	1	3383	-1349	29	24444	3	2	30	0	0	0	0	0	0	0	0	0	0	0	0	0	0	
408.392633	8	6	3	0	2	7	1	3372	-1349	29	24504	3	2	31	0	0	0	0	0	0	0	0	0	0	0	0	0	0	
409.397767	8	6	3	0	2	7	1	3362	-1349	29	24564	3	2	33	0	0	0	0	0	0	0	0	0	0	0	0	0	0	
410.384167	8	6	3	0	2	7	1	3352	-1350	29	24624	3	2	35	0	0	0	0	0	0	0	0	0	0	0	0	0	0	
411.389283	8	6	3	0	2	7	1	3342	-1350	29	24684	3	2	36	0	0	0	0	0	0	0	0	0	0	0	0	0	0	
412.394400	8	6	3	0	2	7	1	3332	-1350	29	24744	3	2	38	0	0	0	0	0	0	0	0	0	0	0	0	0	0	
413.399517	8	6	3	0	2	7	1	3322	-1349	29	24805	3	2	40	0	0	0	0	0	0	0	0	0	0	0	0	0	0	
414.387367	8	6	3	0	2	7	1	3314	-1349	29	24864	3	2	41	0	0	0	0	0	0	0	0	0	0	0	0	0	0	
415.393917	8	6	3	0	2	7	1	3305	-1349	29	24924	3	2	43	0	0	0	0	0	0	0	0	0	0	0	0	0	0	
416.399033	8	6	3	0	2	7	1	3296	-1351	29	24985	3	2	45	0	0	0	0	0	0	0	0	0	0	0	0	0	0	
417.385433	8	6	3	0	2	7	1	3288	-1349	29	25044	3	2	46	0	0	0	0	0	0	0	0	0	0	0	0	0	0	
418.392000	8	6	3	0	2	7	1	3280	-1350	29	25104	3	2	48	0	0	0	0	0	0	0	0	0	0	0	0	0	0	
419.397117	8	6	3	0	2	7	1	3272	-1350	29	25164	3	2	49	0	0	0	0	0	0	0	0	0	0	0	0	0	0	
420.402233	8	6	3	0	2	7	1	3265	-1350	29	25225	3	2	51	0	0	0	0	0	0	0	0	0	0	0	0	0	0	
421.388633	8	6	3	0	2	7	1	3258	-1350	29	25284	3	2	53	0	0	0	0	0	0	0	0	0	0	0	0	0	0	
422.393767	8	6	3	0	2	7	1	3251	-1348	29	25344	3	2	54	0	0	0	0	0	0	0	0	0	0	0	0	0	0	
423.398883	8	6	3	0	2	7	1	3244	-1349	29	25405	3	2	56	0	0	0	0	0	0	0	0	0	0	0	0	0	0	
424.385283	8	6	3	0	2	7	1	3237	-1349	29	25464	3	2	58	0	0	0	0	0	0	0	0	0	0	0	0	0	0	
425.390400	8	6	3	0	2	7	1	3231	-1349	29	25524	3	2	59	0	0	0	0	0	0	0	0	0	0	0	0	0	0	
426.396967	8	6	3	0	2	7	1	3226	-1348	29	25584	3	2	61	0	0	0	0	0	0	0	0	0	0	0	0	0	0	
427.402083	8	6	3	0	2	7	1	3220	-1348	29	25645	3	2	63	0	0	0	0	0	0	0	0	0	0	0	0	0	0	
428.388483	8	6	3	0	2	7	1	3214	-1352	29	25704	3	2	64	0	0	0	0	0	0	0	0	0	0	0	0	0	0	
429.393600	8	6	3	0	2	7	1	3209	-1350	29	25764	3	2	66	0	0	0	0	0	0	0	0	0	0	0	0	0	0	
430.398717	8	6	3	0	2	7	1	3203	-1349	29	25824	3	2	68	0	0	0	0	0	0	0	0	0	0	0	0	0	0	
431.385117	8	6	3	0	2	7	1	3196	-1350	29	25884	3	2	69	0	0	0	0	0	0	0	0	0	0	0	0	0	0	
432.390233	8	6	3	0	2	7	1	3188	-1349	29	25944	3	2	71	0	0	0	0	0	0	0	0	0	0	0	0	0	0	
433.395367	8	6	3	0	2	7	1	3180	-1348	29	26004	3	2	73	0	0	0	0	0	0	0	0	0	0	0	0	0	0	
434.401917	8	6	3	0	2	7	1	3175	-1349	29	26065	3	2	74	0	0	0	0	0	0	0	0	0	0	0	0	0	0	
435.386883	8	6	3	0	2	7	1	3168	-1350	29	26124	3	2	76	0	0	0	0	0	0	0	0	0	0	0	0	0	0	
436.393433	8	6	3	0	2	7	1	3160	-1349	29	26184	3	2	78	0	0	0	0	0	0	0	0	0	0	0	0	0	0	
437.398567	8	6	3	0	2	7	1	3150	-1350	29	26244	3	2	79	0	0	0	0	0	0	0	0	0	0	0	0	0	0	
438.403683	8	6	3	0	2	7	1	3138	-1349	29	26305	3	2	81	0	0	0	0	0	0	0	0	0	0	0	0	0	0	
439.390083	8	6	3	0	2	7	1	3124	-1349	29	26364	3	2	83	0	0	0	0	0	0	0	0	0	0	0	0	0	0	
440.395200	8	6	3	0	2	7	1	3106	-1351	29	26424	3	2	84	0	0	0	0	0	0	0	0	0	0	0	0	0	0	
441.404633	8	6	3	0	2	7	1	3082	-1350	29	26485	3	2	86	0	0	0	0	0	0	0	0	0	0	0	0	0	0	
442.391033	8	6	3	0	2	7	1	3052	-1350	29	26544	3	2	88	0	0	0	0	0	0	0	0	0	0	0	0	0	0	
443.396167	8	6	3	0	2	7	1	3007	-1349	29	26604	3	2	89	0	0	0	0	0	0	0	0	0	0	0	0	0	0	
444.401283	8	6	3	0	2	7	1	2937	-1349	29	26665	3	2	91	0	0	0	0	0	0	0	0	0	0	0	0	0	0	
445.387683	8	6	3	0	2	7	1	2816	-1350	29	26724	3	2	93	0	0	0	0	0	0	0	0	0	0	0	0	0	0	
445.959367	8	15	3	0	1	31	2	3235	165	29	26758	5	2	94	0	0	0	0	0	0	0	0	0	0	0	0	0	0	
445.979517	8	3	3	0	1	2	2	3449	677	29	26759	5	2	94	0	0	0	0	0	0	0	0	0	0	0	0	0	0	
446.395683	8	3	3	0	1	2	2	3589	675	29	26784	5	2	94	0	0	0	0	0	0	0	0	0	0	0	0	0	0	
447.400800	8	3	3	0	1	2	2	3717	674	29	26845	5	2	94	0	0	0	0	0	0	0	0	0	0	0	0	0	0	
448.388633	8	3	3	0	1	2	2	3794	674	29	26904	5	2	94	0	0	0	0	0	0	0	0	0	0	0	0	0	0	
449.393767	8	3	3	0	1	2	2	3852	675	29	26964	5	2	94	0	0	0	0	0	0	0	0	0	0	0	0	0	0	
450.398883	8	3	3	0	1	2	2	3896	675	29	27024	5	2	94	0	0	0	0	0	0	0	0	0	0	0	0	0	0	
451.404000	8	3	3	0	1	2	2	3930	674	29	27085	5	2	94	0	0	0	0	0	0	0	0	0	0	0	0	0	0	
452.390400	8	3	3	0	1	2	2	3949	675	29	27144	5	2	94	0	0	0	0	0	0	0	0	0	0	0	0	0	0	
453.395517	8	3	3	0	1	2	2	3957	674	29	27204	5	2	94	0	0	0	0	0	0	0	0	0	0	0	0	0	0	
454.400633	8	3	3	0	1	2	2	3963	674	29	27264	5	2	94	0	0	0	0	0	0	0	0	0	0	0	0	0	0	
455.387033	8	3	3	0	1	2	2	3968	674	29	27324	5	2	94	0	0	0	0	0	0	0	0	0	0	0	0	0	0	
456.392167	8	3	3	0	1	2	2	3974	674	29	27384	5	2	94	0	0	0	0	0	0	0	0	0	0	0	0	0	0	
457.397283	8	3	3	0	1	2	2	3979	674	29	27444	5	2	94	0	0	0	0	0	0	0	0	0	0	0	0	0	0	
458.402400	8	3	3	0	1	2	2	3985	674	29	27505	5	2	94	0	0	0	0	0	0	0	0	0	0	0	0	0	0	
459.388800	8	3	3	0	1	2	2	3990	675	29	27564	5	2	94	0	0	0	0	0	0	0	0	0	0	0	0	0	0	
460.395367	8	3	3	0	1	2	2	3996	675	29	27624	5	2	94	0	0	0	0	0	0	0	0	0	0	0	0	0	0	
461.400483	8	3	3	0	1	2	2	4001	674	29	27684	5	2	94	0	0	0	0	0	0	0	0	0	0	0	0	0	0	
462.405600	8	3	3	0	1	2	2	4007	674	29	27745	5	2	94	0	0	0	0	0	0	0	0	0	0	0	0	0	0	
463.392000	8	3	3	0	1	2	2	4013	674	29	27804	5	2	94	0	0	0	0	0	0	0	0	0	0	0	0	0	0	
464.397117	8	3	3	0	1	2	2	4019	675	29	27864	5	2	94	0	0	0	0	0	0	0	0	0	0	0	0	0	0	
465.402233	8	3	3	0	1	2	2	4025	674	29	27925	5	2	94	0	0	0	0	0	0	0	0	0	0	0	0	0	0	
466.388633	8	3	3	0	1	2	2	4030	675	29	27984	5	2	94	0	0	0	0	0	0	0	0	0	0	0	0	0	0	
467.393767	8	3	3	0	1	2	2	4036	674	29	28044	5	2	94	0	0	0	0	0	0	0	0	0	0	0	0	0	0	
468.400317	8	3	3	0	1	2	2	4042	675	29	28104	5	2	94	0	0	0	0	0	0	0	0	0	0	0	0	0	0	
469.405433	8	3	3	0	1	2	2	4046	675	29	28165	5	2	94	0	0	0	0	0	0	0	0	0	0	0	0	0	0	
470.391833	8	3	3	0	1	2	2	4051	675	29	28224	5	2	94	0	0	0	0	0	0	0	0	0	0	0	0	0	0	
471.396967	8	3	3	0	1	2	2	4054	675	29	28284	5	2	94	0	0	0	0	0	0	0	0	0	0	0	0	0	0	
472.402083	8	3	3	0	1	2	2	4058	675	29	28344	5	2	94	0	0	0	0	0	0	0	0	0	0	0	0	0	0	
473.388483	8	3	3	0	1	2	2	4061	675	29	28404	5	2	94	0	0	0	0	0	0	0	0	0	0	0	0	0	0	
474.393600	8	3	3	0	1	2	2	4063	675	29	28464	5	2	94	0	0	0	0	0	0	0	0	0	0	0	0	0	0	
475.398717	8	3	3	0	1	2	2	4066	675	29	28524	5	2	94	0	0	0	0	0	0	0	0	0	0	0	0	0	0	
476.405283	8	3	3	0	1	2	2	4068	674	29	28585	5	2	94	0	0	0	0	0	0	0	0	0	0	0	0	0	0	
477.391683	8	3	3	0	1	2	2	4070	675	29	28644	5	2	94	0	0	0	0	0	0	0	0	0	0	0	0	0	0	
478.396800	8	3	3	0	1	2	2	4073	675	29	28704	5	2	94	0	0	0	0	0	0	0	0	0	0	0	0	0	0	
479.401917	8	3	3	0	1	2	2	4075	674	29	28764	5	2	94	0	0	0	0	0	0	0	0	0	0	0	0	0	0	
480.407033	8	3	3	0	1	2	2	4077	675	29	28825	5	2	94	0	0	0	0	0	0	0	0	0	0	0	0	0	0	
481.393433	8	3	3	0	1	2	2	4079	675	29	28884	5	2	94	0	0	0	0	0	0	0	0	0	0	0	0	0	0	
482.398567	8	3	3	0	1	2	2	4082	675	29	28944	5	2	94	0	0	0	0	0	0	0	0	0	0	0	0	0	0	
483.403683	8	3	3	0	1	2	2	4084	674	29	29005	5	2	94	0	0	0	0	0	0	0	0	0	0	0	0	0	0	
484.391517	8	3	3	0	1	2	2	4087	675	29	29064	5	2	94	0	0	0	0	0	0	0	0	0	0	0	0	0	0	
485.396633	8	3	3	0	1	2	2	4089	674	29	29124	5	2	94	0	0	0	0	0	0	0	0	0	0	0	0	0	0	
486.401767	8	3	3	0	1	2	2	4092	674	29	29184	5	2	94	0	0	0	0	0	0	0	0	0	0	0	0	0	0	
487.406883	8	3	3	0	1	2	2	4094	674	29	29245	5	2	94	0	0	0	0	0	0	0	0	0	0	0	0	0	0	
488.393283	8	3	3	0	1	2	2	4097	674	29	29304	5	2	94	0	0	0	0	0	0	0	0	0	0	0	0	0	0	
489.398400	8	3	3	0	1	2	2	4100	674	29	29364	5	2	94	0	0	0	0	0	0	0	0	0	0	0	0	0	0	
490.403517	8	3	3	0	1	2	2	4102	674	29	29424	5	2	94	0	0	0	0	0	0	0	0	0	0	0	0	0	0	
491.389917	8	3	3	0	1	2	2	4105	674	29	29484	5	2	94	0	0	0	0	0	0	0	0	0	0	0	0	0	0	
492.395033	8	3	3	0	1	2	2	4109	675	29	29544	5	2	94	0	0	0	0	0	0	0	0	0	0	0	0	0	0	
493.401600	8	3	3	0	1	2	2	4111	674	29	29604	5	2	94	0	0	0	0	0	0	0	0	0	0	0	0	0	0	
494.408167	8	3	3	0	1	2	2	4114	675	29	29665	5	2	94	0	0	0	0	0	0	0	0	0	0	0	0	0	0	
495.394567	8	3	3	0	1	2	2	4117	675	29	29724	5	2	94	0	0	0	0	0	0	0	0	0	0	0	0	0	0	
496.399683	8	3	3	0	1	2	2	4117	667	29	29784	5	2	94	0	0	0	0	0	0	0	0	0	0	0	0	0	0	
497.404800	8	3	3	0	1	2	2	4120	667	29	29845	5	2	94	0	0	0	0	0	0	0	0	0	0	0	0	0	0	
498.391200	8	3	3	0	1	2	2	4122	667	29	29904	5	2	94	0	0	0	0	0	0	0	0	0	0	0	0	0	0	
499.396317	8	3	3	0	1	2	2	4126	666	29	29964	5	2	94	0	0	0	0	0	0	0	0	0	0	0	0	0	0	
500.402883	8	3	3	0	1	2	2	4129	666	29	30024	5	2	94	0	0	0	0	0	0	0	0	0	0	0	0	0	0	
501.408000	8	3	3	0	1	2	2	4132	666	29	30085	5	2	94	0	0	0	0	0	0	0	0	0	0	0	0	0	0	
502.394400	8	3	3	0	1	2	2	4135	664	29	30144	5	2	94	0	0	0	0	0	0	0	0	0	0	0	0	0	0	
503.399517	8	3	3	0	1	2	2	4138	664	29	30204	5	2	94	0	0	0	0	0	0	0	0	0	0	0	0	0	0	
504.404633	8	3	3	0	1	2	2	4141	663	29	30264	5	2	94	0	0	0	0	0	0	0	0	0	0	0	0	0	0	
505.391033	8	3	3	0	1	2	2	4145	663	29	30324	5	2	94	0	0	0	0	0	0	0	0	0	0	0	0	0	0	
506.396167	8	3	3	0	1	2	2	4148	663	29	30384	5	2	94	0	0	0	0	0	0	0	0	0	0	0	0	0	0	
507.402717	8	3	3	0	1	2	2	4151	661	29	30444	5	2	94	0	0	0	0	0	0	0	0	0	0	0	0	0	0	
508.407833	8	3	3	0	1	2	2	4155	661	29	30505	5	2	94	0	0	0	0	0	0	0	0	0	0	0	0	0	0	
509.394233	8	3	3	0	1	2	2	4158	660	29	30564	5	2	94	0	0	0	0	0	0	0	0	0	0	0	0	0	0	
510.399367	8	3	3	0	1	2	2	4162	659	29	30624	5	2	94	0	0	0	0	0	0	0	0	0	0	0	0	0	0	
511.404483	8	3	3	0	1	2	2	4167	660	29	30684	5	2	94	0	0	0	0	0	0	0	0	0	0	0	0	0	0	
512.409600	8	3	3	0	1	2	2	4171	660	29	30745	5	2	94	0	0	0	0	0	0	0	0	0	0	0	0	0	0	
513.396000	8	3	3	0	1	2	2	4175	659	29	30804	5	2	94	0	0	0	0	0	0	0	0	0	0	0	0	0	0	
514.401117	8	3	3	0	1	2	2	4180	659	29	30864	5	2	94	0	0	0	0	0	0	0	0	0	0	0	0	0	0	
515.406233	8	3	3	0	1	2	2	4184	660	29	30925	5	2	94	0	0	0	0	0	0	0	0	0	0	0	0	0	0	
516.394083	8	3	3	0	1	2	2	4188	660	29	30984	5	2	94	0	0	0	0	0	0	0	0	0	0	0	0	0	0	
517.399200	8	3	3	0	1	2	2	4193	660	29	31044	5	2	94	0	0	0	0	0	0	0	0	0	0	0	0	0	0	
518.404317	8	3	3	0	1	2	2	4198	660	29	31104	5	2	94	0	0	0	0	0	0	0	0	0	0	0	0	0	0	
519.409433	8	3	3	0	1	2	2	4199	650	29	31165	5	2	94	0	0	0	0	0	0	0	0	0	0	0	0	0	0	
520.395833	8	3	3	0	1	2	2	4198	639	29	31224	5	2	94	0	0	0	0	0	0	0	0	0	0	0	0	0	0	
521.400967	8	3	3	0	1	2	2	4199	628	29	31284	5	2	94	0	0	0	0	0	0	0	0	0	0	0	0	0	0	
522.406083	8	3	3	0	1	2	2	4199	618	29	31344	5	2	94	0	0	0	0	0	0	0	0	0	0	0	0	0	0	
523.392483	8	3	3	0	1	2	2	4198	608	29	31404	5	2	94	0	0	0	0	0	0	0	0	0	0	0	0	0	0	
524.399033	8	3	3	0	1	2	2	4198	596	29	31464	5	2	94	0	0	0	0	0	0	0	0	0	0	0	0	0	0	
525.404167	8	3	3	0	1	2	2	4199	586	29	31524	5	2	94	0	0	0	0	0	0	0	0	0	0	0	0	0	0	
526.409283	8	3	3	0	1	2	2	4198	575	29	31585	5	2	94	0	0	0	0	0	0	0	0	0	0	0	0	0	0	
527.395683	8	3	3	0	1	2	2	4198	565	29	31644	5	2	94	0	0	0	0	0	0	0	0	0	0	0	0	0	0	
528.400800	8	3	3	0	1	2	2	4199	555	29	31704	5	2	94	0	0	0	0	0	0	0	0	0	0	0	0	0	0	
529.405917	8	3	3	0	1	2	2	4198	545	29	31764	5	2	94	0	0	0	0	0	0	0	0	0	0	0	0	0	0	
530.392317	8	3	3	0	1	2	2	4199	534	29	31824	5	2	94	0	0	0	0	0	0	0	0	0	0	0	0	0	0	
531.397433	8	3	3	0	1	2	2	4198	525	29	31884	5	2	94	0	0	0	0	0	0	0	0	0	0	0	0	0	0	
532.404000	8	3	3	0	1	2	2	4198	514	29	31944	5	2	94	0	0	0	0	0	0	0	0	0	0	0	0	0	0	
533.409117	8	3	3	0	1	2	2	4199	504	29	32005	5	2	94	0	0	0	0	0	0	0	0	0	0	0	0	0	0	
534.395517	8	3	3	0	1	2	2	4198	494	29	32064	5	2	94	0	0	0	0	0	0	0	0	0	0	0	0	0	0	
535.400633	8	3	3	0	1	2	2	4199	485	29	32124	5	2	94	0	0	0	0	0	0	0	0	0	0	0	0	0	0	
536.405767	8	3	3	0	1	2	2	4199	476	29	32184	5	2	94	0	0	0	0	0	0	0	0	0	0	0	0	0	0	
537.410883	8	3	3	0	1	2	2	4199	465	29	32245	5	2	94	0	0	0	0	0	0	0	0	0	0	0	0	0	0	
538.397283	8	3	3	0	1	2	2	4198	456	29	32304	5	2	94	0	0	0	0	0	0	0	0	0	0	0	0	0	0	
539.402400	8	3	3	0	1	2	2	4198	447	29	32364	5	2	94	0	0	0	0	0	0	0	0	0	0	0	0	0	0	
540.408967	8	3	3	0	1	2	2	4198	438	29	32424	5	2	94	0	0	0	0	0	0	0	0	0	0	0	0	0	0	
541.395367	8	3	3	0	1	2	2	4199	430	29	32484	5	2	94	0	0	0	0	0	0	0	0	0	0	0	0	0	0	
542.400483	8	3	3	0	1	2	2	4199	420	29	32544	5	2	94	0	0	0	0	0	0	0	0	0	0	0	0	0	0	
543.405600	8	3	3	0	1	2	2	4199	411	29	32604	5	2	94	0	0	0	0	0	0	0	0	0	0	0	0	0	0	
544.410717	8	3	3	0	1	2	2	4199	401	29	32665	5	2	94	0	0	0	0	0	0	0	0	0	0	0	0	0	0	
545.397117	8	3	3	0	1	2	2	4199	389	29	32724	5	2	94	0	0	0	0	0	0	0	0	0	0	0	0	0	0	
546.402233	8	3	3	0	1	2	2	4198	379	29	32784	5	2	94	0	0	0	0	0	0	0	0	0	0	0	0	0	0	
547.407367	8	3	3	0	1	2	2	4199	370	29	32844	5	2	94	0	0	0	0	0	0	0	0	0	0	0	0	0	0	
548.398083	8	3	3	0	1	2	2	4198	362	29	32904	5	2	94	0	0	0	0	0	0	0	0	0	0	0	0	0	0	
549.403200	8	3	3	0	1	2	2	4198	354	29	32964	5	2	94	0	0	0	0	0	0	0	0	0	0	0	0	0	0	
550.408317	8	3	3	0	1	2	2	4198	346	29	33024	5	2	94	0	0	0	0	0	0	0	0	0	0	0	0	0	0	
551.394717	8	3	3	0	1	2	2	4199	337	29	33084	5	2	94	0	0	0	0	0	0	0	0	0	0	0	0	0	0	
552.399833	8	3	3	0	1	2	2	4199	329	29	33144	5	2	94	0	0	0	0	0	0	0	0	0	0	0	0	0	0	
553.404967	8	3	3	0	1	2	2	4198	322	29	33204	5	2	94	0	0	0	0	0	0	0	0	0	0	0	0	0	0	
554.410083	8	3	3	0	1	2	2	4199	315	29	33265	5	2	94	0	0	0	0	0	0	0	0	0	0	0	0	0	0	
555.396483	8	3	3	0	1	2	2	4198	309	29	33324	5	2	94	0	0	0	0	0	0	0	0	0	0	0	0	0	0	
556.401600	8	3	3	0	1	2	2	4198	300	29	33384	5	2	94	0	0	0	0	0	0	0	0	0	0	0	0	0	0	
557.408167	8	3	3	0	1	2	2	4198	294	29	33444	5	2	94	0	0	0	0	0	0	0	0	0	0	0	0	0	0	
558.413283	8	3	3	0	1	2	2	4198	286	29	33505	5	2	94	0	0	0	0	0	0	0	0	0	0	0	0	0	0	
559.399683	8	3	3	0	1	2	2	4199	280	29	33564	5	2	94	0	0	0	0	0	0	0	0	0	0	0	0	0	0	
560.404800	8	3	3	0	1	2	2	4198	274	29	33624	5	2	94	0	0	0	0	0	0	0	0	0	0	0	0	0	0	
561.409917	8	3	3	0	1	2	2	4198	268	29	33685	5	2	94	0	0	0	0	0	0	0	0	0	0	0	0	0	0	
562.396317	8	3	3	0	1	2	2	4198	261	29	33744	5	2	94	0	0	0	0	0	0	0	0	0	0	0	0	0	0	
563.401433	8	3	3	0	1	2	2	4198	255	29	33804	5	2	94	0	0	0	0	0	0	0	0	0	0	0	0	0	0	
564.406567	8	3	3	0	1	2	2	4198	250	29	33864	5	2	94	0	0	0	0	0	0	0	0	0	0	0	0	0	0	
565.413117	8	3	3	0	1	2	2	4199	244	29	33925	5	2	94	0	0	0	0	0	0	0	0	0	0	0	0	0	0	
566.399517	8	3	3	0	1	2	2	4198	238	29	33984	5	2	94	0	0	0	0	0	0	0	0	0	0	0	0	0	0	
567.404633	8	3	3	0	1	2	2	4198	233	29	34044	5	2	94	0	0	0	0	0	0	0	0	0	0	0	0	0	0	
568.409767	8	3	3	0	1	2	2	4199	228	29	34104	5	2	94	0	0	0	0	0	0	0	0	0	0	0	0	0	0	
569.396167	8	3	3	0	1	2	2	4198	223	29	34164	5	2	94	0	0	0	0	0	0	0	0	0	0	0	0	0	0	
570.401283	8	3	3	0	1	2	2	4198	217	29	34224	5	2	94	0	0	0	0	0	0	0	0	0	0	0	0	0	0	
571.407833	8	3	3	0	1	2	2	4198	212	29	34284	5	2	94	0	0	0	0	0	0	0	0	0	0	0	0	0	0	
572.412967	8	3	3	0	1	2	2	4198	208	29	34345	5	2	94	0	0	0	0	0	0	0	0	0	0	0	0	0	0	
573.399367	8	3	3	0	1	2	2	4199	203	29	34404	5	2	94	0	0	0	0	0	0	0	0	0	0	0	0	0	0	
574.404483	8	3	3	0	1	2	2	4198	198	29	34464	5	2	94	0	0	0	0	0	0	0	0	0	0	0	0	0	0	
575.409600	8	3	3	0	1	2	2	4198	193	29	34524	5	2	94	0	0	0	0	0	0	0	0	0	0	0	0	0	0	
576.414717	8	3	3	0	1	2	2	4198	189	29	34585	5	2	94	0	0	0	0	0	0	0	0	0	0	0	0	0	0	
577.401117	8	3	3	0	1	2	2	4199	184	29	34644	5	2	94	0	0	0	0	0	0	0	0	0	0	0	0	0	0	
578.406233	8	3	3	0	1	2	2	4198	180	29	34704	5	2	94	0	0	0	0	0	0	0	0	0	0	0	0	0	0	
579.412800	8	3	3	0	1	2	2	4198	176	29	34765	5	2	94	0	0	0	0	0	0	0	0	0	0	0	0	0	0	
580.397767	8	3	3	0	1	2	2	4199	172	29	34824	5	2	94	0	0	0	0	0	0	0	0	0	0	0	0	0	0	
581.404317	8	3	3	0	1	2	2	4199	168	29	34884	5	2	94	0	0	0	0	0	0	0	0	0	0	0	0	0	0	
582.409433	8	3	3	0	1	2	2	4198	163	29	34944	5	2	94	0	0	0	0	0	0	0	0	0	0	0	0	0	0	
583.414567	8	3	3	0	1	2	2	4199	161	29	35005	5	2	94	0	0	0	0	0	0	0	0	0	0	0	0	0	0	
584.400967	8	3	3	0	1	2	2	4198	156	29	35064	5	2	94	0	0	0	0	0	0	0	0	0	0	0	0	0	0	
585.406083	8	3	3	0	1	2	2	4199	153	29	35124	5	2	94	0	0	0	0	0	0	0	0	0	0	0	0	0	0	
586.411200	8	3	3	0	1	2	2	4198	150	29	35184	5	2	94	0	0	0	0	0	0	0	0	0	0	0	0	0	0	
587.397600	8	3	3	0	1	2	2	4199	146	29	35244	5	2	94	0	0	0	0	0	0	0	0	0	0	0	0	0	0	
588.404167	8	3	3	0	1	2	2	4198	143	29	35304	5	2	94	0	0	0	0	0	0	0	0	0	0	0	0	0	0	
589.409283	8	3	3	0	1	2	2	4198	139	29	35364	5	2	94	0	0	0	0	0	0	0	0	0	0	0	0	0	0	
590.414400	8	3	3	0	1	2	2	4198	136	29	35425	5	2	94	0	0	0	0	0	0	0	0	0	0	0	0	0	0	
591.400800	8	3	3	0	1	2	2	4198	133	29	35484	5	2	94	0	0	0	0	0	0	0	0	0	0	0	0	0	0	
592.405917	8	3	3	0	1	2	2	4199	129	29	35544	5	2	94	0	0	0	0	0	0	0	0	0	0	0	0	0	0	
593.412483	8	3	3	0	1	2	2	4199	127	29	35605	5	2	94	0	0	0	0	0	0	0	0	0	0	0	0	0	0	
594.398883	8	3	3	0	1	2	2	4199	124	29	35664	5	2	94	0	0	0	0	0	0	0	0	0	0	0	0	0	0	
595.404000	8	3	3	0	1	2	2	4199	121	29	35724	5	2	94	0	0	0	0	0	0	0	0	0	0	0	0	0	0	
596.410567	8	3	3	0	1	2	2	4199	118	29	35784	5	2	94	0	0	0	0	0	0	0	0	0	0	0	0	0	0	
597.415683	8	3	3	0	1	2	2	4199	115	29	35845	5	2	94	0	0	0	0	0	0	0	0	0	0	0	0	0	0	
598.402083	8	3	3	0	1	2	2	4199	113	29	35904	5	2	94	0	0	0	0	0	0	0	0	0	0	0	0	0	0	
599.407200	8	3	3	0	1	2	2	4199	110	29	35964	5	2	94	0	0	0	0	0	0	0	0	0	0	0	0	0	0	
600.412317	8	3	3	0	1	2	2	4198	108	29	36024	5	2	94	0	0	0	0	0	0	0	0	0	0	0	0	0	0	
601.398717	8	3	3	0	1	2	2	4198	105	29	36084	5	2	94	0	0	0	0	0	0	0	0	0	0	0	0	0	0	
602.405283	8	3	3	0	1	2	2	4199	103	29	36144	5	2	94	0	0	0	0	0	0	0	0	0	0	0	0	0	0	
603.410400	8	3	3	0	1	2	2	4198	100	29	36204	5	2	94	0	0	0	0	0	0	0	0	0	0	0	0	0	0	
604.415517	8	3	3	0	1	2	2	4198	98	29	36265	5	2	94	0	0	0	0	0	0	0	0	0	0	0	0	0	0	
605.401917	8	3	3	0	1	2	2	4198	97	29	36324	5	2	94	0	0	0	0	0	0	0	0	0	0	0	0	0	0	
606.407033	8	3	3	0	1	2	2	4199	93	29	36384	5	2	94	0	0	0	0	0	0	0	0	0	0	0	0	0	0	
607.412167	8	3	3	0	1	2	2	4199	91	29	36444	5	2	94	0	0	0	0	0	0	0	0	0	0	0	0	0	0	
608.398567	8	3	3	0	1	2	2	4199	89	29	36504	5	2	94	0	0	0	0	0	0	0	0	0	0	0	0	0	0	
609.403683	8	3	3	0	1	2	2	4199	87	29	36564	5	2	94	0	0	0	0	0	0	0	0	0	0	0	0	0	0	
610.410233	8	3	3	0	1	2	2	4199	86	29	36624	5	2	94	0	0	0	0	0	0	0	0	0	0	0	0	0	0	
611.415367	8	3	3	0	1	2	2	4199	83	29	36685	5	2	94	0	0	0	0	0	0	0	0	0	0	0	0	0	0	
612.401767	8	3	3	0	1	2	2	4198	81	29	36744	5	2	94	0	0	0	0	0	0	0	0	0	0	0	0	0	0	
613.406883	8	3	3	0	1	2	2	4199	79	29	36804	5	2	94	0	0	0	0	0	0	0	0	0	0	0	0	0	0	
614.412000	8	3	3	0	1	2	2	4199	77	29	36864	5	2	94	0	0	0	0	0	0	0	0	0	0	0	0	0	0	
615.417117	8	3	3	0	1	2	2	4199	76	29	36925	5	2	94	0	0	0	0	0	0	0	0	0	0	0	0	0	0	
616.403517	8	3	3	0	1	2	2	4199	74	29	36984	5	2	94	0	0	0	0	0	0	0	0	0	0	0	0	0	0	
617.408633	8	3	3	0	1	2	2	4198	73	29	37044	5	2	94	0	0	0	0	0	0	0	0	0	0	0	0	0	0	
618.415200	8	3	3	0	1	2	2	4199	70	29	37105	5	2	94	0	0	0	0	0	0	0	0	0	0	0	0	0	0	
619.401600	8	3	3	0	1	2	2	4199	69	29	37164	5	2	94	0	0	0	0	0	0	0	0	0	0	0	0	0	0	
620.406717	8	3	3	0	1	2	2	4198	67	29	37224	5	2	94	0	0	0	0	0	0	0	0	0	0	0	0	0	0	
620.808483	8	6	3	0	2	7	1	3657	-1350	29	37248	5	3	0	0	0	0	0	0	0	0	0	0	0	0	0	0	0	
621.413283	8	6	3	0	2	7	1	3639	-1349	29	37284	5	3	1	0	0	0	0	0	0	0	0	0	0	0	0	0	0	
622.399683	8	6	3	0	2	7	1	3605	-1350	29	37344	5	3	2	0	0	0	0	0	0	0	0	0	0	0	0	0	0	
623.404800	8	6	3	0	2	7	1	3582	-1348	29	37404	5	3	4	0	0	0	0	0	0	0	0	0	0	0	0	0	0	
624.409917	8	6	3	0	2	7	1	3564	-1350	29	37464	5	3	5	0	0	0	0	0	0	0	0	0	0	0	0	0	0	
625.416483	8	6	3	0	2	7	1	3546	-1351	29	37525	5	3	7	0	0	0	0	0	0	0	0	0	0	0	0	0	0	
626.402883	8	6	3	0	2	7	1	3537	-1351	29	37584	5	3	9	0	0	0	0	0	0	0	0	0	0	0	0	0	0	
627.408000	8	6	3	0	2	7	1	3523	-1351	29	37644	5	3	10	0	0	0	0	0	0	0	0	0	0	0	0	0	0	
628.414567	8	6	3	0	2	7	1	3509	-1349	29	37704	5	3	12	0	0	0	0	0	0	0	0	0	0	0	0	0	0	
629.400967	8	6	3	0	2	7	1	3496	-1349	29	37764	5	3	14	0	0	0	0	0	0	0	0	0	0	0	0	0	0	
630.406083	8	6	3	0	2	7	1	3482	-1349	29	37824	5	3	15	0	0	0	0	0	0	0	0	0	0	0	0	0	0	
631.411200	8	6	3	0	2	7	1	3469	-1349	29	37884	5	3	17	0	0	0	0	0	0	0	0	0	0	0	0	0	0	
632.417767	8	6	3	0	2	7	1	3457	-1350	29	37945	5	3	19	0	0	0	0	0	0	0	0	0	0	0	0	0	0	
633.404167	8	6	3	0	2	7	1	3445	-1350	29	38004	5	3	20	0	0	0	0	0	0	0	0	0	0	0	0	0	0	
634.409283	8	6	3	0	2	7	1	3432	-1350	29	38064	5	3	22	0	0	0	0	0	0	0	0	0	0	0	0	0	0	
635.414400	8	6	3	0	2	7	1	3420	-1351	29	38124	5	3	24	0	0	0	0	0	0	0	0	0	0	0	0	0	0	
636.400800	8	6	3	0	2	7	1	3409	-1350	29	38184	5	3	25	0	0	0	0	0	0	0	0	0	0	0	0	0	0	
637.405917	8	6	3	0	2	7	1	3398	-1349	29	38244	5	3	27	0	0	0	0	0	0	0	0	0	0	0	0	0	0	
638.411033	8	6	3	0	2	7	1	3387	-1350	29	38304	5	3	29	0	0	0	0	0	0	0	0	0	0	0	0	0	0	
639.416167	8	6	3	0	2	7	1	3376	-1349	29	38365	5	3	30	0	0	0	0	0	0	0	0	0	0	0	0	0	0	
640.404000	8	6	3	0	2	7	1	3366	-1350	29	38424	5	3	32	0	0	0	0	0	0	0	0	0	0	0	0	0	0	
641.409117	8	6	3	0	2	7	1	3356	-1347	29	38484	5	3	34	0	0	0	0	0	0	0	0	0	0	0	0	0	0	
642.414233	8	6	3	0	2	7	1	3346	-1348	29	38544	5	3	35	0	0	0	0	0	0	0	0	0	0	0	0	0	0	
643.419367	8	6	3	0	2	7	1	3336	-1351	29	38605	5	3	37	0	0	0	0	0	0	0	0	0	0	0	0	0	0	
644.405767	8	6	3	0	2	7	1	3327	-1349	29	38664	5	3	39	0	0	0	0	0	0	0	0	0	0	0	0	0	0	
645.410883	8	6	3	0	2	7	1	3318	-1348	29	38724	5	3	40	0	0	0	0	0	0	0	0	0	0	0	0	0	0	
646.416000	8	6	3	0	2	7	1	3309	-1350	29	38784	5	3	42	0	0	0	0	0	0	0	0	0	0	0	0	0	0	
647.402400	8	6	3	0	2	7	1	3301	-1348	29	38844	5	3	43	0	0	0	0	0	0	0	0	0	0	0	0	0	0	
648.407517	8	6	3	0	2	7	1	3293	-1349	29	38904	5	3	45	0	0	0	0	0	0	0	0	0	0	0	0	0	0	
649.414083	8	6	3	0	2	7	1	3285	-1349	29	38964	5	3	47	0	0	0	0	0	0	0	0	0	0	0	0	0	0	
650.419200	8	6	3	0	2	7	1	3278	-1349	29	39025	5	3	48	0	0	0	0	0	0	0	0	0	0	0	0	0	0	
651.405600	8	6	3	0	2	7	1	3270	-1350	29	39084	5	3	50	0	0	0	0	0	0	0	0	0	0	0	0	0	0	
652.410717	8	6	3	0	2	7	1	3264	-1348	29	39144	5	3	52	0	0	0	0	0	0	0	0	0	0	0	0	0	0	
653.415833	8	6	3	0	2	7	1	3257	-1350	29	39204	5	3	53	0	0	0	0	0	0	0	0	0	0	0	0	0	0	
654.402233	8	6	3	0	2	7	1	3251	-1350	29	39264	5	3	55	0	0	0	0	0	0	0	0	0	0	0	0	0	0	
655.407367	8	6	3	0	2	7	1	3244	-1350	29	39324	5	3	57	0	0	0	0	0	0	0	0	0	0	0	0	0	0	
656.412483	8	6	3	0	2	7	1	3238	-1350	29	39384	5	3	58	0	0	0	0	0	0	0	0	0	0	0	0	0	0	
657.417600	8	6	3	0	2	7	1	3232	-1349	29	39445	5	3	60	0	0	0	0	0	0	0	0	0	0	0	0	0	0	
658.404000	8	6	3	0	2	7	1	3225	-1349	29	39504	5	3	62	0	0	0	0	0	0	0	0	0	0	0	0	0	0	
659.410567	8	6	3	0	2	7	1	3219	-1349	29	39564	5	3	63	0	0	0	0	0	0	0	0	0	0	0	0	0	0	
660.415683	8	6	3	0	2	7	1	3213	-1349	29	39624	5	3	65	0	0	0	0	0	0	0	0	0	0	0	0	0	0	
661.420800	8	6	3	0	2	7	1	3208	-1348	29	39685	5	3	67	0	0	0	0	0	0	0	0	0	0	0	0	0	0	
662.407200	8	6	3	0	2	7	1	3201	-1350	29	39744	5	3	68	0	0	0	0	0	0	0	0	0	0	0	0	0	0	
663.412317	8	6	3	0	2	7	1	3194	-1351	29	39804	5	3	70	0	0	0	0	0	0	0	0	0	0	0	0	0	0	
664.417433	8	6	3	0	2	7	1	3188	-1350	29	39864	5	3	72	0	0	0	0	0	0	0	0	0	0	0	0	0	0	
665.403833	8	6	3	0	2	7	1	3184	-1349	29	39924	5	3	73	0	0	0	0	0	0	0	0	0	0	0	0	0	0	
666.408967	8	6	3	0	2	7	1	3177	-1350	29	39984	5	3	75	0	0	0	0	0	0	0	0	0	0	0	0	0	0	
667.414083	8	6	3	0	2	7	1	3169	-1349	29	40044	5	3	77	0	0	0	0	0	0	0	0	0	0	0	0	0	0	
668.420633	8	6	3	0	2	7	1	3159	-1349	29	40105	5	3	78	0	0	0	0	0	0	0	0	0	0	0	0	0	0	
669.407033	8	6	3	0	2	7	1	3149	-1349	29	40164	5	3	80	0	0	0	0	0	0	0	0	0	0	0	0	0	0	
670.412167	8	6	3	0	2	7	1	3135	-1350	29	40224	5	3	82	0	0	0	0	0	0	0	0	0	0	0	0	0	0	
671.417283	8	6	3	0	2	7	1	3119	-1349	29	40284	5	3	83	0	0	0	0	0	0	0	0	0	0	0	0	0	0	
672.403683	8	6	3	0	2	7	1	3099	-1350	29	40344	5	3	85	0	0	0	0	0	0	0	0	0	0	0	0	0	0	
673.408800	8	6	3	0	2	7	1	3072	-1349	29	40404	5	3	87	0	0	0	0	0	0	0	0	0	0	0	0	0	0	
674.413917	8	6	3	0	2	7	1	3034	-1351	29	40464	5	3	88	0	0	0	0	0	0	0	0	0	0	0	0	0	0	
675.419033	8	6	3	0	2	7	1	2978	-1349	29	40525	5	3	90	0	0	0	0	0	0	0	0	0	0	0	0	0	0	
676.406883	8	6	3	0	2	7	1	2889	-1349	29	40584	5	3	92	0	0	0	0	0	0	0	0	0	0	0	0	0	0	
677.412000	8	6	3	0	2	7	1	2696	-1350	29	40644	5	3	93	0	0	0	0	0	0	0	0	0	0	0	0	0	0	
677.475367	8	15	3	0	1	31	2	3416	656	29	40648	7	3	93	0	0	0	0	0	0	0	0	0	0	0	0	0	0	
677.496967	8	3	3	0	1	2	2	3444	676	29	40649	7	3	93	0	0	0	0	0	0	0	0	0	0	0	0	0	0	
678.421433	8	3	3	0	1	2	2	3653	674	29	40705	7	3	93	0	0	0	0	0	0	0	0	0	0	0	0	0	0	
679.407833	8	3	3	0	1	2	2	3748	675	29	40764	7	3	93	0	0	0	0	0	0	0	0	0	0	0	0	0	0	
680.412967	8	3	3	0	1	2	2	3815	675	29	40824	7	3	93	0	0	0	0	0	0	0	0	0	0	0	0	0	0	
681.422400	8	3	3	0	1	2	2	3866	674	29	40885	7	3	93	0	0	0	0	0	0	0	0	0	0	0	0	0	0	
682.411683	8	3	3	0	1	2	2	3905	675	29	40944	7	3	93	0	0	0	0	0	0	0	0	0	0	0	0	0	0	
683.416800	8	3	3	0	1	2	2	3934	676	29	41004	7	3	93	0	0	0	0	0	0	0	0	0	0	0	0	0	0	
684.421917	8	3	3	0	1	2	2	3946	674	29	41065	7	3	93	0	0	0	0	0	0	0	0	0	0	0	0	0	0	
685.408317	8	3	3	0	1	2	2	3951	674	30	41124	7	3	93	0	0	0	0	0	0	0	0	0	0	0	0	0	0	
686.414883	8	3	3	0	1	2	2	3957	675	29	41184	7	3	93	0	0	0	0	0	0	0	0	0	0	0	0	0	0	
687.420000	8	3	3	0	1	2	2	3962	674	30	41244	7	3	93	0	0	0	0	0	0	0	0	0	0	0	0	0	0	
688.406400	8	3	3	0	1	2	2	3968	676	30	41304	7	3	93	0	0	0	0	0	0	0	0	0	0	0	0	0	0	
689.411517	8	3	3	0	1	2	2	3973	675	30	41364	7	3	93	0	0	0	0	0	0	0	0	0	0	0	0	0	0	
690.416633	8	3	3	0	1	2	2	3978	675	30	41424	7	3	93	0	0	0	0	0	0	0	0	0	0	0	0	0	0	
691.421767	8	3	3	0	1	2	2	3984	675	30	41485	7	3	93	0	0	0	0	0	0	0	0	0	0	0	0	0	0	
692.408167	8	3	3	0	1	2	2	3989	675	30	41544	7	3	93	0	0	0	0	0	0	0	0	0	0	0	0	0	0	
693.414717	8	3	3	0	1	2	2	3995	675	30	41604	7	3	93	0	0	0	0	0	0	0	0	0	0	0	0	0	0	
694.419833	8	3	3	0	1	2	2	4001	674	30	41664	7	3	93	0	0	0	0	0	0	0	0	0	0	0	0	0	0	
695.406233	8	3	3	0	1	2	2	4007	674	30	41724	7	3	93	0	0	0	0	0	0	0	0	0	0	0	0	0	0	
696.411367	8	3	3	0	1	2	2	4013	674	30	41784	7	3	93	0	0	0	0	0	0	0	0	0	0	0	0	0	0	
697.416483	8	3	3	0	1	2	2	4019	675	30	41844	7	3	93	0	0	0	0	0	0	0	0	0	0	0	0	0	0	
698.421600	8	3	3	0	1	2	2	4024	674	30	41905	7	3	93	0	0	0	0	0	0	0	0	0	0	0	0	0	0	
699.409433	8	3	3	0	1	2	2	4030	675	30	41964	7	3	93	0	0	0	0	0	0	0	0	0	0	0	0	0	0	
700.414567	8	3	3	0	1	2	2	4034	674	30	42024	7	3	93	0	0	0	0	0	0	0	0	0	0	0	0	0	0	
701.419683	8	3	3	0	1	2	2	4039	674	30	42084	7	3	93	0	0	0	0	0	0	0	0	0	0	0	0	0	0	
702.424800	8	3	3	0	1	2	2	4044	674	30	42145	7	3	93	0	0	0	0	0	0	0	0	0	0	0	0	0	0	
703.411200	8	3	3	0	1	2	2	4047	675	30	42204	7	3	93	0	0	0	0	0	0	0	0	0	0	0	0	0	0	
704.416317	8	3	3	0	1	2	2	4050	675	30	42264	7	3	93	0	0	0	0	0	0	0	0	0	0	0	0	0	0	
705.421433	8	3	3	0	1	2	2	4053	674	30	42325	7	3	93	0	0	0	0	0	0	0	0	0	0	0	0	0	0	
706.407833	8	3	3	0	1	2	2	4056	675	30	42384	7	3	93	0	0	0	0	0	0	0	0	0	0	0	0	0	0	
707.414400	8	3	3	0	1	2	2	4059	674	30	42444	7	3	93	0	0	0	0	0	0	0	0	0	0	0	0	0	0	
708.419517	8	3	3	0	1	2	2	4061	674	30	42504	7	3	93	0	0	0	0	0	0	0	0	0	0	0	0	0	0	
709.424633	8	3	3	0	1	2	2	4063	674	30	42565	7	3	93	0	0	0	0	0	0	0	0	0	0	0	0	0	0	
710.411033	8	3	3	0	1	2	2	4065	675	30	42624	7	3	93	0	0	0	0	0	0	0	0	0	0	0	0	0	0	
711.416167	8	3	3	0	1	2	2	4068	675	30	42684	7	3	93	0	0	0	0	0	0	0	0	0	0	0	0	0	0	
712.421283	8	3	3	0	1	2	2	4070	675	30	42744	7	3	93	0	0	0	0	0	0	0	0	0	0	0	0	0	0	
713.407683	8	3	3	0	1	2	2	4072	675	30	42804	7	3	93	0	0	0	0	0	0	0	0	0	0	0	0	0	0	
714.412800	8	3	3	0	1	2	2	4074	674	29	42864	7	3	93	0	0	0	0	0	0	0	0	0	0	0	0	0	0	
715.417917	8	3	3	0	1	2	2	4077	675	30	42924	7	3	93	0	0	0	0	0	0	0	0	0	0	0	0	0	0	
716.423033	8	3	3	0	1	2	2	4080	676	30	42985	7	3	93	0	0	0	0	0	0	0	0	0	0	0	0	0	0	
717.410883	8	3	3	0	1	2	2	4083	674	30	43044	7	3	93	0	0	0	0	0	0	0	0	0	0	0	0	0	0	
718.416000	8	3	3	0	1	2	2	4085	675	30	43104	7	3	93	0	0	0	0	0	0	0	0	0	0	0	0	0	0	
719.421117	8	3	3	0	1	2	2	4087	674	30	43164	7	3	93	0	0	0	0	0	0	0	0	0	0	0	0	0	0	
720.407517	8	3	3	0	1	2	2	4091	675	30	43224	7	3	93	0	0	0	0	0	0	0	0	0	0	0	0	0	0	
721.412633	8	3	3	0	1	2	2	4093	675	30	43284	7	3	93	0	0	0	0	0	0	0	0	0	0	0	0	0	0	
722.417767	8	3	3	0	1	2	2	4096	675	30	43344	7	3	93	0	0	0	0	0	0	0	0	0	0	0	0	0	0	
723.424317	8	3	3	0	1	2	2	4100	675	30	43405	7	3	93	0	0	0	0	0	0	0	0	0	0	0	0	0	0	
724.410717	8	3	3	0	1	2	2	4102	673	30	43464	7	3	93	0	0	0	0	0	0	0	0	0	0	0	0	0	0	
725.415833	8	3	3	0	1	2	2	4105	674	30	43524	7	3	93	0	0	0	0	0	0	0	0	0	0	0	0	0	0	
726.420967	8	3	3	0	1	2	2	4108	673	30	43584	7	3	93	0	0	0	0	0	0	0	0	0	0	0	0	0	0	
727.426083	8	3	3	0	1	2	2	4111	676	30	43645	7	3	93	0	0	0	0	0	0	0	0	0	0	0	0	0	0	
728.412483	8	3	3	0	1	2	2	4114	674	30	43704	7	3	93	0	0	0	0	0	0	0	0	0	0	0	0	0	0	
729.417600	8	3	3	0	1	2	2	4117	675	30	43764	7	3	93	0	0	0	0	0	0	0	0	0	0	0	0	0	0	
730.422717	8	3	3	0	1	2	2	4118	667	30	43825	7	3	93	0	0	0	0	0	0	0	0	0	0	0	0	0	0	
731.410567	8	3	3	0	1	2	2	4120	665	30	43884	7	3	93	0	0	0	0	0	0	0	0	0	0	0	0	0	0	
732.415683	8	3	3	0	1	2	2	4123	665	30	43944	7	3	93	0	0	0	0	0	0	0	0	0	0	0	0	0	0	
733.420800	8	3	3	0	1	2	2	4126	663	30	44004	7	3	93	0	0	0	0	0	0	0	0	0	0	0	0	0	0	
734.425917	8	3	3	0	1	2	2	4129	663	30	44065	7	3	93	0	0	0	0	0	0	0	0	0	0	0	0	0	0	
735.412317	8	3	3	0	1	2	2	4133	664	30	44124	7	3	93	0	0	0	0	0	0	0	0	0	0	0	0	0	0	
736.417433	8	3	3	0	1	2	2	4136	663	30	44184	7	3	93	0	0	0	0	0	0	0	0	0	0	0	0	0	0	
737.424000	8	3	3	0	1	2	2	4139	663	30	44244	7	3	93	0	0	0	0	0	0	0	0	0	0	0	0	0	0	
738.410400	8	3	3	0	1	2	2	4142	661	30	44304	7	3	93	0	0	0	0	0	0	0	0	0	0	0	0	0	0	
739.415517	8	3	3	0	1	2	2	4146	660	30	44364	7	3	93	0	0	0	0	0	0	0	0	0	0	0	0	0	0	
740.420633	8	3	3	0	1	2	2	4150	661	30	44424	7	3	93	0	0	0	0	0	0	0	0	0	0	0	0	0	0	
741.425767	8	3	3	0	1	2	2	4154	661	30	44485	7	3	93	0	0	0	0	0	0	0	0	0	0	0	0	0	0	
742.412167	8	3	3	0	1	2	2	4157	659	30	44544	7	3	93	0	0	0	0	0	0	0	0	0	0	0	0	0	0	
743.417283	8	3	3	0	1	2	2	4161	658	30	44604	7	3	93	0	0	0	0	0	0	0	0	0	0	0	0	0	0	
744.422400	8	3	3	0	1	2	2	4166	659	30	44664	7	3	93	0	0	0	0	0	0	0	0	0	0	0	0	0	0	
745.410233	8	3	3	0	1	2	2	4169	659	30	44724	7	3	93	0	0	0	0	0	0	0	0	0	0	0	0	0	0	
746.415367	8	3	3	0	1	2	2	4174	657	30	44784	7	3	93	0	0	0	0	0	0	0	0	0	0	0	0	0	0	
747.420483	8	3	3	0	1	2	2	4177	657	30	44844	7	3	93	0	0	0	0	0	0	0	0	0	0	0	0	0	0	
748.425600	8	3	3	0	1	2	2	4182	657	30	44905	7	3	93	0	0	0	0	0	0	0	0	0	0	0	0	0	0	
749.412000	8	3	3	0	1	2	2	4186	656	30	44964	7	3	93	0	0	0	0	0	0	0	0	0	0	0	0	0	0	
750.417117	8	3	3	0	1	2	2	4191	655	30	45024	7	3	93	0	0	0	0	0	0	0	0	0	0	0	0	0	0	
751.422233	8	3	3	0	1	2	2	4195	655	30	45084	7	3	93	0	0	0	0	0	0	0	0	0	0	0	0	0	0	
752.427367	8	3	3	0	1	2	2	4199	650	30	45145	7	3	93	0	0	0	0	0	0	0	0	0	0	0	0	0	0	
753.415200	8	3	3	0	1	2	2	4198	638	30	45204	7	3	93	0	0	0	0	0	0	0	0	0	0	0	0	0	0	
754.420317	8	3	3	0	1	2	2	4198	626	30	45264	7	3	93	0	0	0	0	0	0	0	0	0	0	0	0	0	0	
755.425433	8	3	3	0	1	2	2	4198	615	30	45325	7	3	93	0	0	0	0	0	0	0	0	0	0	0	0	0	0	
756.411833	8	3	3	0	1	2	2	4198	604	30	45384	7	3	93	0	0	0	0	0	0	0	0	0	0	0	0	0	0	
757.416967	8	3	3	0	1	2	2	4198	594	30	45444	7	3	93	0	0	0	0	0	0	0	0	0	0	0	0	0	0	
758.423517	8	3	3	0	1	2	2	4198	582	30	45504	7	3	93	0	0	0	0	0	0	0	0	0	0	0	0	0	0	
759.428633	8	3	3	0	1	2	2	4198	571	30	45565	7	3	93	0	0	0	0	0	0	0	0	0	0	0	0	0	0	
760.415033	8	3	3	0	1	2	2	4198	560	30	45624	7	3	93	0	0	0	0	0	0	0	0	0	0	0	0	0	0	
761.421600	8	3	3	0	1	2	2	4198	550	30	45684	7	3	93	0	0	0	0	0	0	0	0	0	0	0	0	0	0	
762.426717	8	3	3	0	1	2	2	4198	538	30	45745	7	3	93	0	0	0	0	0	0	0	0	0	0	0	0	0	0	
763.413117	8	3	3	0	1	2	2	4198	528	30	45804	7	3	93	0	0	0	0	0	0	0	0	0	0	0	0	0	0	
764.418233	8	3	3	0	1	2	2	4198	517	30	45864	7	3	93	0	0	0	0	0	0	0	0	0	0	0	0	0	0	
765.423367	8	3	3	0	1	2	2	4198	506	30	45924	7	3	93	0	0	0	0	0	0	0	0	0	0	0	0	0	0	
766.429917	8	3	3	0	1	2	2	4198	496	30	45985	7	3	93	0	0	0	0	0	0	0	0	0	0	0	0	0	0	
767.416317	8	3	3	0	1	2	2	4199	485	30	46044	7	3	93	0	0	0	0	0	0	0	0	0	0	0	0	0	0	
768.421433	8	3	3	0	1	2	2	4198	476	30	46104	7	3	93	0	0	0	0	0	0	0	0	0	0	0	0	0	0	
769.426567	8	3	3	0	1	2	2	4199	466	30	46165	7	3	93	0	0	0	0	0	0	0	0	0	0	0	0	0	0	
770.412967	8	3	3	0	1	2	2	4199	456	30	46224	7	3	93	0	0	0	0	0	0	0	0	0	0	0	0	0	0	
771.418083	8	3	3	0	1	2	2	4198	447	30	46284	7	3	93	0	0	0	0	0	0	0	0	0	0	0	0	0	0	
772.423200	8	3	3	0	1	2	2	4198	435	30	46344	7	3	93	0	0	0	0	0	0	0	0	0	0	0	0	0	0	
773.428317	8	3	3	0	1	2	2	4198	423	30	46405	7	3	93	0	0	0	0	0	0	0	0	0	0	0	0	0	0	
774.414717	8	3	3	0	1	2	2	4199	413	30	46464	7	3	93	0	0	0	0	0	0	0	0	0	0	0	0	0	0	
775.419833	8	3	3	0	1	2	2	4198	403	30	46524	7	3	93	0	0	0	0	0	0	0	0	0	0	0	0	0	0	
776.426400	8	3	3	0	1	2	2	4199	393	30	46584	7	3	93	0	0	0	0	0	0	0	0	0	0	0	0	0	0	
777.412800	8	3	3	0	1	2	2	4198	384	30	46644	7	3	93	0	0	0	0	0	0	0	0	0	0	0	0	0	0	
778.417917	8	3	3	0	1	2	2	4199	375	30	46704	7	3	93	0	0	0	0	0	0	0	0	0	0	0	0	0	0	
779.423033	8	3	3	0	1	2	2	4199	366	30	46764	7	3	93	0	0	0	0	0	0	0	0	0	0	0	0	0	0	
780.428167	8	3	3	0	1	2	2	4199	358	30	46825	7	3	93	0	0	0	0	0	0	0	0	0	0	0	0	0	0	
781.414567	8	3	3	0	1	2	2	4198	350	30	46884	7	3	93	0	0	0	0	0	0	0	0	0	0	0	0	0	0	
782.419683	8	3	3	0	1	2	2	4198	343	30	46944	7	3	93	0	0	0	0	0	0	0	0	0	0	0	0	0	0	
783.424800	8	3	3	0	1	2	2	4198	334	30	47004	7	3	93	0	0	0	0	0	0	0	0	0	0	0	0	0	0	
784.431367	8	3	3	0	1	2	2	4198	326	30	47065	7	3	93	0	0	0	0	0	0	0	0	0	0	0	0	0	0	
785.417767	8	3	3	0	1	2	2	4198	319	30	47124	7	3	93	0	0	0	0	0	0	0	0	0	0	0	0	0	0	
786.422883	8	3	3	0	1	2	2	4198	312	30	47184	7	3	93	0	0	0	0	0	0	0	0	0	0	0	0	0	0	
787.428000	8	3	3	0	1	2	2	4198	304	29	47245	7	3	93	0	0	0	0	0	0	0	0	0	0	0	0	0	0	
788.414400	8	3	3	0	1	2	2	4199	296	29	47304	7	3	93	0	0	0	0	0	0	0	0	0	0	0	0	0	0	
789.419517	8	3	3	0	1	2	2	4199	290	30	47364	7	3	93	0	0	0	0	0	0	0	0	0	0	0	0	0	0	
790.426083	8	3	3	0	1	2	2	4199	284	30	47424	7	3	93	0	0	0	0	0	0	0	0	0	0	0	0	0	0	
791.431200	8	3	3	0	1	2	2	4198	276	29	47485	7	3	93	0	0	0	0	0	0	0	0	0	0	0	0	0	0	
792.417600	8	3	3	0	1	2	2	4198	272	29	47544	7	3	93	0	0	0	0	0	0	0	0	0	0	0	0	0	0	
793.422717	8	3	3	0	1	2	2	4198	265	30	47604	7	3	93	0	0	0	0	0	0	0	0	0	0	0	0	0	0	
794.427833	8	3	3	0	1	2	2	4199	259	29	47664	7	3	93	0	0	0	0	0	0	0	0	0	0	0	0	0	0	
795.414233	8	3	3	0	1	2	2	4198	253	30	47724	7	3	93	0	0	0	0	0	0	0	0	0	0	0	0	0	0	
796.419367	8	3	3	0	1	2	2	4198	248	29	47784	7	3	93	0	0	0	0	0	0	0	0	0	0	0	0	0	0	
797.424483	8	3	3	0	1	2	2	4199	242	29	47844	7	3	93	0	0	0	0	0	0	0	0	0	0	0	0	0	0	
798.429600	8	3	3	0	1	2	2	4198	236	29	47905	7	3	93	0	0	0	0	0	0	0	0	0	0	0	0	0	0	
799.417433	8	3	3	0	1	2	2	4199	230	29	47964	7	3	93	0	0	0	0	0	0	0	0	0	0	0	0	0	0	
800.422567	8	3	3	0	1	2	2	4198	225	29	48024	7	3	93	0	0	0	0	0	0	0	0	0	0	0	0	0	0	
801.427683	8	3	3	0	1	2	2	4199	220	29	48084	7	3	93	0	0	0	0	0	0	0	0	0	0	0	0	0	0	
802.414083	8	3	3	0	1	2	2	4198	216	29	48144	7	3	93	0	0	0	0	0	0	0	0	0	0	0	0	0	0	
803.419200	8	3	3	0	1	2	2	4199	210	29	48204	7	3	93	0	0	0	0	0	0	0	0	0	0	0	0	0	0	
804.424317	8	3	3	0	1	2	2	4199	205	29	48264	7	3	93	0	0	0	0	0	0	0	0	0	0	0	0	0	0	
805.429433	8	3	3	0	1	2	2	4199	200	29	48325	7	3	93	0	0	0	0	0	0	0	0	0	0	0	0	0	0	
806.417283	8	3	3	0	1	2	2	4198	196	29	48384	7	3	93	0	0	0	0	0	0	0	0	0	0	0	0	0	0	
807.422400	8	3	3	0	1	2	2	4198	191	29	48444	7	3	93	0	0	0	0	0	0	0	0	0	0	0	0	0	0	
808.427517	8	3	3	0	1	2	2	4199	187	29	48504	7	3	93	0	0	0	0	0	0	0	0	0	0	0	0	0	0	
809.432633	8	3	3	0	1	2	2	4198	181	29	48565	7	3	93	0	0	0	0	0	0	0	0	0	0	0	0	0	0	
810.419033	8	3	3	0	1	2	2	4199	178	29	48624	7	3	93	0	0	0	0	0	0	0	0	0	0	0	0	0	0	
811.424167	8	3	3	0	1	2	2	4199	173	29	48684	7	3	93	0	0	0	0	0	0	0	0	0	0	0	0	0	0	
812.429283	8	3	3	0	1	2	2	4198	169	29	48745	7	3	93	0	0	0	0	0	0	0	0	0	0	0	0	0	0	
813.415683	8	3	3	0	1	2	2	4199	166	29	48804	7	3	93	0	0	0	0	0	0	0	0	0	0	0	0	0	0	
814.420800	8	3	3	0	1	2	2	4198	161	29	48864	7	3	93	0	0	0	0	0	0	0	0	0	0	0	0	0	0	
815.430233	8	3	3	0	1	2	2	4199	157	29	48925	7	3	93	0	0	0	0	0	0	0	0	0	0	0	0	0	0	
816.416633	8	3	3	0	1	2	2	4199	153	29	48984	7	3	93	0	0	0	0	0	0	0	0	0	0	0	0	0	0	
817.421767	8	3	3	0	1	2	2	4198	150	29	49044	7	3	93	0	0	0	0	0	0	0	0	0	0	0	0	0	0	
818.426883	8	3	3	0	1	2	2	4198	146	29	49104	7	3	93	0	0	0	0	0	0	0	0	0	0	0	0	0	0	
819.432000	8	3	3	0	1	2	2	4198	142	29	49165	7	3	93	0	0	0	0	0	0	0	0	0	0	0	0	0	0	
820.418400	8	3	3	0	1	2	2	4198	139	29	49224	7	3	93	0	0	0	0	0	0	0	0	0	0	0	0	0	0	
821.423517	8	3	3	0	1	2	2	4198	136	29	49284	7	3	93	0	0	0	0	0	0	0	0	0	0	0	0	0	0	
822.430083	8	3	3	0	1	2	2	4198	132	29	49344	7	3	93	0	0	0	0	0	0	0	0	0	0	0	0	0	0	
823.416483	8	3	3	0	1	2	2	4198	129	29	49404	7	3	93	0	0	0	0	0	0	0	0	0	0	0	0	0	0	
824.421600	8	3	3	0	1	2	2	4199	126	29	49464	7	3	93	0	0	0	0	0	0	0	0	0	0	0	0	0	0	
825.426717	8	3	3	0	1	2	2	4198	123	29	49524	7	3	93	0	0	0	0	0	0	0	0	0	0	0	0	0	0	
826.431833	8	3	3	0	1	2	2	4198	120	29	49585	7	3	93	0	0	0	0	0	0	0	0	0	0	0	0	0	0	
827.418233	8	3	3	0	1	2	2	4198	117	29	49644	7	3	93	0	0	0	0	0	0	0	0	0	0	0	0	0	0	
828.423367	8	3	3	0	1	2	2	4198	115	29	49704	7	3	93	0	0	0	0	0	0	0	0	0	0	0	0	0	0	
829.428483	8	3	3	0	1	2	2	4199	112	29	49764	7	3	93	0	0	0	0	0	0	0	0	0	0	0	0	0	0	
830.435033	8	3	3	0	1	2	2	4198	109	29	49825	7	3	93	0	0	0	0	0	0	0	0	0	0	0	0	0	0	
831.421433	8	3	3	0	1	2	2	4199	106	29	49884	7	3	93	0	0	0	0	0	0	0	0	0	0	0	0	0	0	
832.426567	8	3	3	0	1	2	2	4198	104	29	49944	7	3	93	0	0	0	0	0	0	0	0	0	0	0	0	0	0	
833.431683	8	3	3	0	1	2	2	4198	102	29	50005	7	3	93	0	0	0	0	0	0	0	0	0	0	0	0	0	0	
834.418083	8	3	3	0	1	2	2	4199	100	29	50064	7	3	93	0	0	0	0	0	0	0	0	0	0	0	0	0	0	
835.423200	8	3	3	0	1	2	2	4198	97	29	50124	7	3	93	0	0	0	0	0	0	0	0	0	0	0	0	0	0	
836.428317	8	3	3	0	1	2	2	4198	95	29	50184	7	3	93	0	0	0	0	0	0	0	0	0	0	0	0	0	0	
837.433433	8	3	3	0	1	2	2	4199	92	29	50245	7	3	93	0	0	0	0	0	0	0	0	0	0	0	0	0	0	
838.419833	8	3	3	0	1	2	2	4199	90	29	50304	7	3	93	0	0	0	0	0	0	0	0	0	0	0	0	0	0	
839.426400	8	3	3	0	1	2	2	4198	86	29	50364	7	3	93	0	0	0	0	0	0	0	0	0	0	0	0	0	0	
840.431517	8	3	3	0	1	2	2	4199	85	29	50424	7	3	93	0	0	0	0	0	0	0	0	0	0	0	0	0	0	
841.417917	8	3	3	0	1	2	2	4198	84	29	50484	7	3	93	0	0	0	0	0	0	0	0	0	0	0	0	0	0	
842.423033	8	3	3	0	1	2	2	4198	82	29	50544	7	3	93	0	0	0	0	0	0	0	0	0	0	0	0	0	0	
843.428167	8	3	3	0	1	2	2	4198	80	29	50604	7	3	93	0	0	0	0	0	0	0	0	0	0	0	0	0	0	
844.433283	8	3	3	0	1	2	2	4198	78	29	50665	7	3	93	0	0	0	0	0	0	0	0	0	0	0	0	0	0	
845.419683	8	3	3	0	1	2	2	4198	75	29	50724	7	3	93	0	0	0	0	0	0	0	0	0	0	0	0	0	0	
846.426233	8	3	3	0	1	2	2	4198	74	29	50784	7	3	93	0	0	0	0	0	0	0	0	0	0	0	0	0	0	
847.431367	8	3	3	0	1	2	2	4198	72	29	50844	7	3	93	0	0	0	0	0	0	0	0	0	0	0	0	0	0	
848.417767	8	3	3	0	1	2	2	4199	70	29	50904	7	3	93	0	0	0	0	0	0	0	0	0	0	0	0	0	0	
849.424317	8	3	3	0	1	2	2	4199	69	29	50964	7	3	93	0	0	0	0	0	0	0	0	0	0	0	0	0	0	
850.429433	8	3	3	0	1	2	2	4199	68	29	51024	7	3	93	0	0	0	0	0	0	0	0	0	0	0	0	0	0	
850.888800	8	6	3	0	2	7	1	3665	-1348	29	51052	7	4	0	0	0	0	0	0	0	0	0	0	0	0	0	0	0	
851.418717	8	6	3	0	2	7	1	3637	-1350	29	51084	7	4	0	0	0	0	0	0	0	0	0	0	0	0	0	0	0	
852.423833	8	6	3	0	2	7	1	3608	-1349	29	51144	7	4	2	0	0	0	0	0	0	0	0	0	0	0	0	0	0	
853.428967	8	6	3	0	2	7	1	3588	-1349	29	51204	7	4	4	0	0	0	0	0	0	0	0	0	0	0	0	0	0	
854.434083	8	6	3	0	2	7	1	3568	-1350	29	51265	7	4	5	0	0	0	0	0	0	0	0	0	0	0	0	0	0	
855.420483	8	6	3	0	2	7	1	3551	-1349	29	51324	7	4	7	0	0	0	0	0	0	0	0	0	0	0	0	0	0	
856.425600	8	6	3	0	2	7	1	3538	-1350	29	51384	7	4	9	0	0	0	0	0	0	0	0	0	0	0	0	0	0	
857.432167	8	6	3	0	2	7	1	3530	-1350	29	51444	7	4	10	0	0	0	0	0	0	0	0	0	0	0	0	0	0	
858.437283	8	6	3	0	2	7	1	3516	-1350	29	51505	7	4	12	0	0	0	0	0	0	0	0	0	0	0	0	0	0	
859.423683	8	6	3	0	2	7	1	3502	-1350	29	51564	7	4	14	0	0	0	0	0	0	0	0	0	0	0	0	0	0	
860.428800	8	6	3	0	2	7	1	3489	-1350	29	51624	7	4	15	0	0	0	0	0	0	0	0	0	0	0	0	0	0	
861.433917	8	6	3	0	2	7	1	3476	-1349	29	51685	7	4	17	0	0	0	0	0	0	0	0	0	0	0	0	0	0	
862.420317	8	6	3	0	2	7	1	3465	-1350	29	51744	7	4	19	0	0	0	0	0	0	0	0	0	0	0	0	0	0	
863.425433	8	6	3	0	2	7	1	3453	-1352	29	51804	7	4	20	0	0	0	0	0	0	0	0	0	0	0	0	0	0	
864.430567	8	6	3	0	2	7	1	3441	-1350	29	51864	7	4	22	0	0	0	0	0	0	0	0	0	0	0	0	0	0	
865.435683	8	6	3	0	2	7	1	3430	-1348	29	51925	7	4	24	0	0	0	0	0	0	0	0	0	0	0	0	0	0	
866.423517	8	6	3	0	2	7	1	3418	-1348	29	51984	7	4	25	0	0	0	0	0	0	0	0	0	0	0	0	0	0	
867.428633	8	6	3	0	2	7	1	3406	-1349	29	52044	7	4	27	0	0	0	0	0	0	0	0	0	0	0	0	0	0	
868.433767	8	6	3	0	2	7	1	3394	-1351	29	52104	7	4	28	0	0	0	0	0	0	0	0	0	0	0	0	0	0	
869.420167	8	6	3	0	2	7	1	3383	-1349	29	52164	7	4	30	0	0	0	0	0	0	0	0	0	0	0	0	0	0	
870.425283	8	6	3	0	2	7	1	3372	-1351	29	52224	7	4	32	0	0	0	0	0	0	0	0	0	0	0	0	0	0	
871.430400	8	6	3	0	2	7	1	3361	-1350	30	52284	7	4	33	0	0	0	0	0	0	0	0	0	0	0	0	0	0	
872.435517	8	6	3	0	2	7	1	3351	-1349	29	52345	7	4	35	0	0	0	0	0	0	0	0	0	0	0	0	0	0	
873.423367	8	6	3	0	2	7	1	3341	-1349	29	52404	7	4	37	0	0	0	0	0	0	0	0	0	0	0	0	0	0	
874.428483	8	6	3	0	2	7	1	3332	-1349	29	52464	7	4	38	0	0	0	0	0	0	0	0	0	0	0	0	0	0	
875.433600	8	6	3	0	2	7	1	3323	-1350	29	52524	7	4	40	0	0	0	0	0	0	0	0	0	0	0	0	0	0	
876.420000	8	6	3	0	2	7	1	3314	-1350	29	52584	7	4	42	0	0	0	0	0	0	0	0	0	0	0	0	0	0	
877.425117	8	6	3	0	2	7	1	3306	-1349	29	52644	7	4	43	0	0	0	0	0	0	0	0	0	0	0	0	0	0	
878.430233	8	6	3	0	2	7	1	3298	-1349	29	52704	7	4	45	0	0	0	0	0	0	0	0	0	0	0	0	0	0	
879.436800	8	6	3	0	2	7	1	3290	-1350	30	52765	7	4	47	0	0	0	0	0	0	0	0	0	0	0	0	0	0	
880.423200	8	6	3	0	2	7	1	3283	-1350	29	52824	7	4	48	0	0	0	0	0	0	0	0	0	0	0	0	0	0	
881.428317	8	6	3	0	2	7	1	3276	-1349	29	52884	7	4	50	0	0	0	0	0	0	0	0	0	0	0	0	0	0	
882.433433	8	6	3	0	2	7	1	3270	-1349	30	52944	7	4	52	0	0	0	0	0	0	0	0	0	0	0	0	0	0	
883.438567	8	6	3	0	2	7	1	3263	-1349	29	53005	7	4	53	0	0	0	0	0	0	0	0	0	0	0	0	0	0	
884.424967	8	6	3	0	2	7	1	3256	-1350	29	53064	7	4	55	0	0	0	0	0	0	0	0	0	0	0	0	0	0	
885.430083	8	6	3	0	2	7	1	3250	-1349	30	53124	7	4	57	0	0	0	0	0	0	0	0	0	0	0	0	0	0	
886.435200	8	6	3	0	2	7	1	3244	-1350	30	53185	7	4	58	0	0	0	0	0	0	0	0	0	0	0	0	0	0	
887.423033	8	6	3	0	2	7	1	3238	-1349	30	53244	7	4	60	0	0	0	0	0	0	0	0	0	0	0	0	0	0	
888.428167	8	6	3	0	2	7	1	3231	-1350	29	53304	7	4	62	0	0	0	0	0	0	0	0	0	0	0	0	0	0	
889.433283	8	6	3	0	2	7	1	3225	-1349	30	53364	7	4	63	0	0	0	0	0	0	0	0	0	0	0	0	0	0	
890.438400	8	6	3	0	2	7	1	3219	-1350	30	53425	7	4	65	0	0	0	0	0	0	0	0	0	0	0	0	0	0	
891.424800	8	6	3	0	2	7	1	3212	-1350	30	53484	7	4	67	0	0	0	0	0	0	0	0	0	0	0	0	0	0	
892.429917	8	6	3	0	2	7	1	3204	-1348	30	53544	7	4	68	0	0	0	0	0	0	0	0	0	0	0	0	0	0	
893.435033	8	6	3	0	2	7	1	3198	-1350	30	53604	7	4	70	0	0	0	0	0	0	0	0	0	0	0	0	0	0	
894.424317	8	6	3	0	2	7	1	3194	-1349	30	53664	7	4	72	0	0	0	0	0	0	0	0	0	0	0	0	0	0	
895.429433	8	6	3	0	2	7	1	3190	-1349	30	53724	7	4	73	0	0	0	0	0	0	0	0	0	0	0	0	0	0	
896.434567	8	6	3	0	2	7	1	3183	-1350	30	53784	7	4	75	0	0	0	0	0	0	0	0	0	0	0	0	0	0	
897.439683	8	6	3	0	2	7	1	3175	-1348	30	53845	7	4	77	0	0	0	0	0	0	0	0	0	0	0	0	0	0	
898.426083	8	6	3	0	2	7	1	3167	-1350	30	53904	7	4	78	0	0	0	0	0	0	0	0	0	0	0	0	0	0	
899.431200	8	6	3	0	2	7	1	3156	-1348	29	53964	7	4	80	0	0	0	0	0	0	0	0	0	0	0	0	0	0	
900.436317	8	6	3	0	2	7	1	3143	-1349	30	54025	7	4	82	0	0	0	0	0	0	0	0	0	0	0	0	0	0	
901.422717	8	6	3	0	2	7	1	3128	-1349	30	54084	7	4	83	0	0	0	0	0	0	0	0	0	0	0	0	0	0	
902.429283	8	6	3	0	2	7	1	3108	-1349	30	54144	7	4	85	0	0	0	0	0	0	0	0	0	0	0	0	0	0	
903.434400	8	6	3	0	2	7	1	3082	-1349	29	54204	7	4	87	0	0	0	0	0	0	0	0	0	0	0	0	0	0	
904.439517	8	6	3	0	2	7	1	3046	-1350	30	54265	7	4	88	0	0	0	0	0	0	0	0	0	0	0	0	0	0	
905.425917	8	6	3	0	2	7	1	2995	-1350	30	54324	7	4	90	0	0	0	0	0	0	0	0	0	0	0	0	0	0	
906.431033	8	6	3	0	2	7	1	2910	-1348	30	54384	7	4	92	0	0	0	0	0	0	0	0	0	0	0	0	0	0	
907.436167	8	6	3	0	2	7	1	2735	-1350	30	54444	7	4	93	0	0	0	0	0	0	0	0	0	0	0	0	0	0	
907.613283	8	15	3	0	1	31	2	2888	24	30	54455	8	4	94	0	0	0	0	0	0	0	0	0	0	0	0	0	0	
907.633433	8	3	3	0	1	2	2	3420	676	30	54456	9	4	94	0	0	0	0	0	0	0	0	0	0	0	0	0	0	
908.426883	8	3	3	0	1	2	2	3626	675	30	54504	9	4	94	0	0	0	0	0	0	0	0	0	0	0	0	0	0	
909.432000	8	3	3	0	1	2	2	3731	674	29	54564	9	4	94	0	0	0	0	0	0	0	0	0	0	0	0	0	0	
910.437117	8	3	3	0	1	2	2	3802	675	30	54625	9	4	94	0	0	0	0	0	0	0	0	0	0	0	0	0	0	
911.423517	8	3	3	0	1	2	2	3854	675	30	54684	9	4	94	0	0	0	0	0	0	0	0	0	0	0	0	0	0	
912.428633	8	3	3	0	1	2	2	3895	674	30	54744	9	4	94	0	0	0	0	0	0	0	0	0	0	0	0	0	0	
913.433767	8	3	3	0	1	2	2	3927	675	30	54804	9	4	94	0	0	0	0	0	0	0	0	0	0	0	0	0	0	
914.438883	8	3	3	0	1	2	2	3942	675	30	54865	9	4	94	0	0	0	0	0	0	0	0	0	0	0	0	0	0	
915.425283	8	3	3	0	1	2	2	3948	674	30	54924	9	4	94	0	0	0	0	0	0	0	0	0	0	0	0	0	0	
916.431833	8	3	3	0	1	2	2	3953	674	30	54984	9	4	94	0	0	0	0	0	0	0	0	0	0	0	0	0	0	
917.436967	8	3	3	0	1	2	2	3958	675	30	55044	9	4	94	0	0	0	0	0	0	0	0	0	0	0	0	0	0	
918.423367	8	3	3	0	1	2	2	3963	673	30	55104	9	4	94	0	0	0	0	0	0	0	0	0	0	0	0	0	0	
919.428483	8	3	3	0	1	2	2	3968	675	30	55164	9	4	94	0	0	0	0	0	0	0	0	0	0	0	0	0	0	
920.433600	8	3	3	0	1	2	2	3973	674	30	55224	9	4	94	0	0	0	0	0	0	0	0	0	0	0	0	0	0	
921.438717	8	3	3	0	1	2	2	3979	674	30	55285	9	4	94	0	0	0	0	0	0	0	0	0	0	0	0	0	0	
922.425117	8	3	3	0	1	2	2	3984	674	30	55344	9	4	94	0	0	0	0	0	0	0	0	0	0	0	0	0	0	
923.430233	8	3	3	0	1	2	2	3990	674	30	55404	9	4	94	0	0	0	0	0	0	0	0	0	0	0	0	0	0	
924.436800	8	3	3	0	1	2	2	3995	674	29	55464	9	4	94	0	0	0	0	0	0	0	0	0	0	0	0	0	0	
925.441917	8	3	3	0	1	2	2	4002	675	29	55525	9	4	94	0	0	0	0	0	0	0	0	0	0	0	0	0	0	
926.428317	8	3	3	0	1	2	2	4007	675	29	55584	9	4	94	0	0	0	0	0	0	0	0	0	0	0	0	0	0	
927.433433	8	3	3	0	1	2	2	4013	676	29	55644	9	4	94	0	0	0	0	0	0	0	0	0	0	0	0	0	0	
928.438567	8	3	3	0	1	2	2	4019	675	29	55705	9	4	94	0	0	0	0	0	0	0	0	0	0	0	0	0	0	
929.424967	8	3	3	0	1	2	2	4024	674	30	55764	9	4	94	0	0	0	0	0	0	0	0	0	0	0	0	0	0	
930.430083	8	3	3	0	1	2	2	4029	675	30	55824	9	4	94	0	0	0	0	0	0	0	0	0	0	0	0	0	0	
931.435200	8	3	3	0	1	2	2	4034	675	30	55884	9	4	94	0	0	0	0	0	0	0	0	0	0	0	0	0	0	
932.441767	8	3	3	0	1	2	2	4038	674	30	55945	9	4	94	0	0	0	0	0	0	0	0	0	0	0	0	0	0	
933.428167	8	3	3	0	1	2	2	4042	674	30	56004	9	4	94	0	0	0	0	0	0	0	0	0	0	0	0	0	0	
934.433283	8	3	3	0	1	2	2	4045	675	29	56064	9	4	94	0	0	0	0	0	0	0	0	0	0	0	0	0	0	
935.438400	8	3	3	0	1	2	2	4049	674	30	56124	9	4	94	0	0	0	0	0	0	0	0	0	0	0	0	0	0	
936.427683	8	3	3	0	1	2	2	4051	675	29	56184	9	4	94	0	0	0	0	0	0	0	0	0	0	0	0	0	0	
937.434233	8	3	3	0	1	2	2	4054	675	29	56244	9	4	94	0	0	0	0	0	0	0	0	0	0	0	0	0	0	
938.439367	8	3	3	0	1	2	2	4056	674	30	56304	9	4	94	0	0	0	0	0	0	0	0	0	0	0	0	0	0	
939.425767	8	3	3	0	1	2	2	4058	675	29	56364	9	4	94	0	0	0	0	0	0	0	0	0	0	0	0	0	0	
940.430883	8	3	3	0	1	2	2	4061	675	30	56424	9	4	94	0	0	0	0	0	0	0	0	0	0	0	0	0	0	
941.436000	8	3	3	0	1	2	2	4063	675	30	56484	9	4	94	0	0	0	0	0	0	0	0	0	0	0	0	0	0	
942.441117	8	3	3	0	1	2	2	4065	674	30	56545	9	4	94	0	0	0	0	0	0	0	0	0	0	0	0	0	0	
943.427517	8	3	3	0	1	2	2	4067	674	30	56604	9	4	94	0	0	0	0	0	0	0	0	0	0	0	0	0	0	
944.432633	8	3	3	0	1	2	2	4070	675	30	56664	9	4	94	0	0	0	0	0	0	0	0	0	0	0	0	0	0	
945.437767	8	3	3	0	1	2	2	4072	674	30	56724	9	4	94	0	0	0	0	0	0	0	0	0	0	0	0	0	0	
946.424167	8	3	3	0	1	2	2	4074	675	30	56784	9	4	94	0	0	0	0	0	0	0	0	0	0	0	0	0	0	
947.429283	8	3	3	0	1	2	2	4077	676	30	56844	9	4	94	0	0	0	0	0	0	0	0	0	0	0	0	0	0	
948.438717	8	3	3	0	1	2	2	4079	674	30	56904	9	4	94	0	0	0	0	0	0	0	0	0	0	0	0	0	0	
949.425117	8	3	3	0	1	2	2	4082	675	30	56964	9	4	94	0	0	0	0	0	0	0	0	0	0	0	0	0	0	
950.430233	8	3	3	0	1	2	2	4084	674	30	57024	9	4	94	0	0	0	0	0	0	0	0	0	0	0	0	0	0	
951.435367	8	3	3	0	1	2	2	4088	674	30	57084	9	4	94	0	0	0	0	0	0	0	0	0	0	0	0	0	0	
952.440483	8	3	3	0	1	2	2	4090	674	30	57145	9	4	94	0	0	0	0	0	0	0	0	0	0	0	0	0	0	
953.428317	8	3	3	0	1	2	2	4093	674	30	57204	9	4	94	0	0	0	0	0	0	0	0	0	0	0	0	0	0	
954.433433	8	3	3	0	1	2	2	4096	674	30	57264	9	4	94	0	0	0	0	0	0	0	0	0	0	0	0	0	0	
955.438567	8	3	3	0	1	2	2	4099	674	30	57324	9	4	94	0	0	0	0	0	0	0	0	0	0	0	0	0	0	
956.443683	8	3	3	0	1	2	2	4102	675	30	57385	9	4	94	0	0	0	0	0	0	0	0	0	0	0	0	0	0	
957.430083	8	3	3	0	1	2	2	4105	674	30	57444	9	4	94	0	0	0	0	0	0	0	0	0	0	0	0	0	0	
958.435200	8	3	3	0	1	2	2	4108	674	30	57504	9	4	94	0	0	0	0	0	0	0	0	0	0	0	0	0	0	
959.440317	8	3	3	0	1	2	2	4112	675	30	57565	9	4	94	0	0	0	0	0	0	0	0	0	0	0	0	0	0	
960.426717	8	3	3	0	1	2	2	4114	675	30	57624	9	4	94	0	0	0	0	0	0	0	0	0	0	0	0	0	0	
961.431833	8	3	3	0	1	2	2	4118	674	30	57684	9	4	94	0	0	0	0	0	0	0	0	0	0	0	0	0	0	
962.438400	8	3	3	0	1	2	2	4118	667	30	57744	9	4	94	0	0	0	0	0	0	0	0	0	0	0	0	0	0	
963.443517	8	3	3	0	1	2	2	4121	667	30	57805	9	4	94	0	0	0	0	0	0	0	0	0	0	0	0	0	0	
964.429917	8	3	3	0	1	2	2	4124	666	30	57864	9	4	94	0	0	0	0	0	0	0	0	0	0	0	0	0	0	
965.435033	8	3	3	0	1	2	2	4127	665	30	57924	9	4	94	0	0	0	0	0	0	0	0	0	0	0	0	0	0	
966.440167	8	3	3	0	1	2	2	4131	664	30	57984	9	4	94	0	0	0	0	0	0	0	0	0	0	0	0	0	0	
967.426567	8	3	3	0	1	2	2	4134	664	30	58044	9	4	94	0	0	0	0	0	0	0	0	0	0	0	0	0	0	
968.431683	8	3	3	0	1	2	2	4138	664	30	58104	9	4	94	0	0	0	0	0	0	0	0	0	0	0	0	0	0	
969.436800	8	3	3	0	1	2	2	4141	662	30	58164	9	4	94	0	0	0	0	0	0	0	0	0	0	0	0	0	0	
970.443367	8	3	3	0	1	2	2	4146	663	30	58225	9	4	94	0	0	0	0	0	0	0	0	0	0	0	0	0	0	
971.429767	8	3	3	0	1	2	2	4149	662	30	58284	9	4	94	0	0	0	0	0	0	0	0	0	0	0	0	0	0	
972.434883	8	3	3	0	1	2	2	4153	661	30	58344	9	4	94	0	0	0	0	0	0	0	0	0	0	0	0	0	0	
973.440000	8	3	3	0	1	2	2	4157	661	30	58404	9	4	94	0	0	0	0	0	0	0	0	0	0	0	0	0	0	
974.445117	8	3	3	0	1	2	2	4161	660	30	58465	9	4	94	0	0	0	0	0	0	0	0	0	0	0	0	0	0	
975.431517	8	3	3	0	1	2	2	4165	660	30	58524	9	4	94	0	0	0	0	0	0	0	0	0	0	0	0	0	0	
976.436633	8	3	3	0	1	2	2	4169	659	30	58584	9	4	94	0	0	0	0	0	0	0	0	0	0	0	0	0	0	
977.441767	8	3	3	0	1	2	2	4174	660	30	58645	9	4	94	0	0	0	0	0	0	0	0	0	0	0	0	0	0	
978.428167	8	3	3	0	1	2	2	4177	658	30	58704	9	4	94	0	0	0	0	0	0	0	0	0	0	0	0	0	0	
979.434717	8	3	3	0	1	2	2	4182	659	30	58764	9	4	94	0	0	0	0	0	0	0	0	0	0	0	0	0	0	
980.439833	8	3	3	0	1	2	2	4187	657	30	58824	9	4	94	0	0	0	0	0	0	0	0	0	0	0	0	0	0	
981.444967	8	3	3	0	1	2	2	4191	656	30	58885	9	4	94	0	0	0	0	0	0	0	0	0	0	0	0	0	0	
982.431367	8	3	3	0	1	2	2	4196	657	30	58944	9	4	94	0	0	0	0	0	0	0	0	0	0	0	0	0	0	
983.436483	8	3	3	0	1	2	2	4199	651	30	59004	9	4	94	0	0	0	0	0	0	0	0	0	0	0	0	0	0	
984.441600	8	3	3	0	1	2	2	4198	638	30	59064	9	4	94	0	0	0	0	0	0	0	0	0	0	0	0	0	0	
985.428000	8	3	3	0	1	2	2	4198	626	30	59124	9	4	94	0	0	0	0	0	0	0	0	0	0	0	0	0	0	
986.433117	8	3	3	0	1	2	2	4198	615	30	59184	9	4	94	0	0	0	0	0	0	0	0	0	0	0	0	0	0	
987.439683	8	3	3	0	1	2	2	4199	603	30	59244	9	4	94	0	0	0	0	0	0	0	0	0	0	0	0	0	0	
988.444800	8	3	3	0	1	2	2	4198	593	30	59305	9	4	94	0	0	0	0	0	0	0	0	0	0	0	0	0	0	
989.431200	8	3	3	0	1	2	2	4198	581	30	59364	9	4	94	0	0	0	0	0	0	0	0	0	0	0	0	0	0	
990.436317	8	3	3	0	1	2	2	4198	570	30	59424	9	4	94	0	0	0	0	0	0	0	0	0	0	0	0	0	0	
991.441433	8	3	3	0	1	2	2	4199	559	30	59484	9	4	94	0	0	0	0	0	0	0	0	0	0	0	0	0	0	
992.446567	8	3	3	0	1	2	2	4198	547	30	59545	9	4	94	0	0	0	0	0	0	0	0	0	0	0	0	0	0	
993.432967	8	3	3	0	1	2	2	4198	536	30	59604	9	4	94	0	0	0	0	0	0	0	0	0	0	0	0	0	0	
994.438083	8	3	3	0	1	2	2	4198	525	30	59664	9	4	94	0	0	0	0	0	0	0	0	0	0	0	0	0	0	
995.444633	8	3	3	0	1	2	2	4198	514	30	59725	9	4	94	0	0	0	0	0	0	0	0	0	0	0	0	0	0	
996.429600	8	3	3	0	1	2	2	4198	503	30	59784	9	4	94	0	0	0	0	0	0	0	0	0	0	0	0	0	0	
997.436167	8	3	3	0	1	2	2	4199	493	30	59844	9	4	94	0	0	0	0	0	0	0	0	0	0	0	0	0	0	
998.441283	8	3	3	0	1	2	2	4198	483	30	59904	9	4	94	0	0	0	0	0	0	0	0	0	0	0	0	0	0	
999.446400	8	3	3	0	1	2	2	4198	472	30	59965	9	4	94	0	0	0	0	0	0	0	0	0	0	0	0	0	0	
1000.432800	8	3	3	0	1	2	2	4198	462	30	60024	9	4	94	0	0	0	0	0	0	0	0	0	0	0	0	0	0	
1001.437917	8	3	3	0	1	2	2	4198	451	30	60084	9	4	94	0	0	0	0	0	0	0	0	0	0	0	0	0	0	
1002.443033	8	3	3	0	1	2	2	4198	442	30	60144	9	4	94	0	0	0	0	0	0	0	0	0	0	0	0	0	0	
1003.429433	8	3	3	0	1	2	2	4198	432	30	60204	9	4	94	0	0	0	0	0	0	0	0	0	0	0	0	0	0	
1004.434567	8	3	3	0	1	2	2	4198	421	30	60264	9	4	94	0	0	0	0	0	0	0	0	0	0	0	0	0	0	
1005.441117	8	3	3	0	1	2	2	4198	410	30	60324	9	4	94	0	0	0	0	0	0	0	0	0	0	0	0	0	0	
1006.446233	8	3	3	0	1	2	2	4198	399	30	60385	9	4	94	0	0	0	0	0	0	0	0	0	0	0	0	0	0	
1007.432633	8	3	3	0	1	2	2	4198	390	30	60444	9	4	94	0	0	0	0	0	0	0	0	0	0	0	0	0	0	
1008.437767	8	3	3	0	1	2	2	4198	380	30	60504	9	4	94	0	0	0	0	0	0	0	0	0	0	0	0	0	0	
1009.442883	8	3	3	0	1	2	2	4198	372	30	60564	9	4	94	0	0	0	0	0	0	0	0	0	0	0	0	0	0	
1010.429283	8	3	3	0	1	2	2	4198	363	30	60624	9	4	94	0	0	0	0	0	0	0	0	0	0	0	0	0	0	
1011.434400	8	3	3	0	1	2	2	4198	355	30	60684	9	4	94	0	0	0	0	0	0	0	0	0	0	0	0	0	0	
1012.440967	8	3	3	0	1	2	2	4198	346	30	60744	9	4	94	0	0	0	0	0	0	0	0	0	0	0	0	0	0	
1013.446083	8	3	3	0	1	2	2	4198	338	30	60805	9	4	94	0	0	0	0	0	0	0	0	0	0	0	0	0	0	
1014.432483	8	3	3	0	1	2	2	4199	330	30	60864	9	4	94	0	0	0	0	0	0	0	0	0	0	0	0	0	0	
1015.437600	8	3	3	0	1	2	2	4199	321	30	60924	9	4	94	0	0	0	0	0	0	0	0	0	0	0	0	0	0	
1016.442717	8	3	3	0	1	2	2	4198	315	30	60984	9	4	94	0	0	0	0	0	0	0	0	0	0	0	0	0	0	
1017.447833	8	3	3	0	1	2	2	4198	307	30	61045	9	4	94	0	0	0	0	0	0	0	0	0	0	0	0	0	0	
1018.434233	8	3	3	0	1	2	2	4198	301	30	61104	9	4	94	0	0	0	0	0	0	0	0	0	0	0	0	0	0	
1019.439367	8	3	3	0	1	2	2	4198	292	30	61164	9	4	94	0	0	0	0	0	0	0	0	0	0	0	0	0	0	
1020.445917	8	3	3	0	1	2	2	4198	286	30	61224	9	4	94	0	0	0	0	0	0	0	0	0	0	0	0	0	0	
1021.432317	8	3	3	0	1	2	2	4199	279	30	61284	9	4	94	0	0	0	0	0	0	0	0	0	0	0	0	0	0	
1022.437433	8	3	3	0	1	2	2	4199	272	30	61344	9	4	94	0	0	0	0	0	0	0	0	0	0	0	0	0	0	
1023.444000	8	3	3	0	1	2	2	4199	266	30	61404	9	4	94	0	0	0	0	0	0	0	0	0	0	0	0	0	0	
1024.430400	8	3	3	0	1	2	2	4198	260	30	61464	9	4	94	0	0	0	0	0	0	0	0	0	0	0	0	0	0	
1025.435517	8	3	3	0	1	2	2	4199	254	30	61524	9	4	94	0	0	0	0	0	0	0	0	0	0	0	0	0	0	
1026.440633	8	3	3	0	1	2	2	4198	247	30	61584	9	4	94	0	0	0	0	0	0	0	0	0	0	0	0	0	0	
1027.448633	8	3	3	0	1	2	2	4198	242	30	61645	9	4	94	0	0	0	0	0	0	0	0	0	0	0	0	0	0	
1028.435033	8	3	3	0	1	2	2	4199	235	30	61704	9	4	94	0	0	0	0	0	0	0	0	0	0	0	0	0	0	
1029.440167	8	3	3	0	1	2	2	4198	230	30	61764	9	4	94	0	0	0	0	0	0	0	0	0	0	0	0	0	0	
1030.445283	8	3	3	0	1	2	2	4199	225	30	61824	9	4	94	0	0	0	0	0	0	0	0	0	0	0	0	0	0	
1031.431683	8	3	3	0	1	2	2	4198	219	29	61884	9	4	94	0	0	0	0	0	0	0	0	0	0	0	0	0	0	
1032.436800	8	3	3	0	1	2	2	4199	214	30	61944	9	4	94	0	0	0	0	0	0	0	0	0	0	0	0	0	0	
1033.441917	8	3	3	0	1	2	2	4198	208	30	62004	9	4	94	0	0	0	0	0	0	0	0	0	0	0	0	0	0	
1034.448483	8	3	3	0	1	2	2	4199	203	30	62065	9	4	94	0	0	0	0	0	0	0	0	0	0	0	0	0	0	
1035.434883	8	3	3	0	1	2	2	4199	198	30	62124	9	4	94	0	0	0	0	0	0	0	0	0	0	0	0	0	0	
1036.440000	8	3	3	0	1	2	2	4199	193	30	62184	9	4	94	0	0	0	0	0	0	0	0	0	0	0	0	0	0	
1037.445117	8	3	3	0	1	2	2	4199	189	30	62244	9	4	94	0	0	0	0	0	0	0	0	0	0	0	0	0	0	
1038.450233	8	3	3	0	1	2	2	4199	184	29	62305	9	4	94	0	0	0	0	0	0	0	0	0	0	0	0	0	0	
1039.436633	8	3	3	0	1	2	2	4199	180	30	62364	9	4	94	0	0	0	0	0	0	0	0	0	0	0	0	0	0	
1040.441767	8	3	3	0	1	2	2	4198	175	29	62424	9	4	94	0	0	0	0	0	0	0	0	0	0	0	0	0	0	
1041.446883	8	3	3	0	1	2	2	4198	171	29	62485	9	4	94	0	0	0	0	0	0	0	0	0	0	0	0	0	0	
1042.434717	8	3	3	0	1	2	2	4199	167	29	62544	9	4	94	0	0	0	0	0	0	0	0	0	0	0	0	0	0	
1043.439833	8	3	3	0	1	2	2	4199	163	29	62604	9	4	94	0	0	0	0	0	0	0	0	0	0	0	0	0	0	
1044.444967	8	3	3	0	1	2	2	4198	159	29	62664	9	4	94	0	0	0	0	0	0	0	0	0	0	0	0	0	0	
1045.450083	8	3	3	0	1	2	2	4198	154	29	62725	9	4	94	0	0	0	0	0	0	0	0	0	0	0	0	0	0	
1046.436483	8	3	3	0	1	2	2	4198	151	29	62784	9	4	94	0	0	0	0	0	0	0	0	0	0	0	0	0	0	
1047.441600	8	3	3	0	1	2	2	4199	146	29	62844	9	4	94	0	0	0	0	0	0	0	0	0	0	0	0	0	0	
1048.446717	8	3	3	0	1	2	2	4198	143	29	62904	9	4	94	0	0	0	0	0	0	0	0	0	0	0	0	0	0	
1049.433117	8	3	3	0	1	2	2	4198	140	29	62964	9	4	94	0	0	0	0	0	0	0	0	0	0	0	0	0	0	
1050.438233	8	3	3	0	1	2	2	4199	136	29	63024	9	4	94	0	0	0	0	0	0	0	0	0	0	0	0	0	0	
1051.443367	8	3	3	0	1	2	2	4199	133	29	63084	9	4	94	0	0	0	0	0	0	0	0	0	0	0	0	0	0	
1052.449917	8	3	3	0	1	2	2	4198	130	29	63145	9	4	94	0	0	0	0	0	0	0	0	0	0	0	0	0	0	
1053.436317	8	3	3	0	1	2	2	4199	126	29	63204	9	4	94	0	0	0	0	0	0	0	0	0	0	0	0	0	0	
1054.441433	8	3	3	0	1	2	2	4198	123	29	63264	9	4	94	0	0	0	0	0	0	0	0	0	0	0	0	0	0	
1055.446567	8	3	3	0	1	2	2	4199	120	29	63324	9	4	94	0	0	0	0	0	0	0	0	0	0	0	0	0	0	
1056.451683	8	3	3	0	1	2	2	4199	117	29	63385	9	4	94	0	0	0	0	0	0	0	0	0	0	0	0	0	0	
1057.438083	8	3	3	0	1	2	2	4199	114	29	63444	9	4	94	0	0	0	0	0	0	0	0	0	0	0	0	0	0	
1058.443200	8	3	3	0	1	2	2	4198	111	29	63504	9	4	94	0	0	0	0	0	0	0	0	0	0	0	0	0	0	
1059.448317	8	3	3	0	1	2	2	4199	109	29	63565	9	4	94	0	0	0	0	0	0	0	0	0	0	0	0	0	0	
1060.434717	8	3	3	0	1	2	2	4199	107	29	63624	9	4	94	0	0	0	0	0	0	0	0	0	0	0	0	0	0	
1061.439833	8	3	3	0	1	2	2	4199	103	29	63684	9	4	94	0	0	0	0	0	0	0	0	0	0	0	0	0	0	
1062.446400	8	3	3	0	1	2	2	4199	101	29	63744	9	4	94	0	0	0	0	0	0	0	0	0	0	0	0	0	0	
1063.451517	8	3	3	0	1	2	2	4198	97	29	63805	9	4	94	0	0	0	0	0	0	0	0	0	0	0	0	0	0	
1064.437917	8	3	3	0	1	2	2	4198	95	29	63864	9	4	94	0	0	0	0	0	0	0	0	0	0	0	0	0	0	
1065.443033	8	3	3	0	1	2	2	4199	94	29	63924	9	4	94	0	0	0	0	0	0	0	0	0	0	0	0	0	0	
1066.448167	8	3	3	0	1	2	2	4199	91	29	63984	9	4	94	0	0	0	0	0	0	0	0	0	0	0	0	0	0	
1067.434567	8	3	3	0	1	2	2	4199	89	29	64044	9	4	94	0	0	0	0	0	0	0	0	0	0	0	0	0	0	
1068.439683	8	3	3	0	1	2	2	4199	86	29	64104	9	4	94	0	0	0	0	0	0	0	0	0	0	0	0	0	0	
1069.444800	8	3	3	0	1	2	2	4199	83	29	64164	9	4	94	0	0	0	0	0	0	0	0	0	0	0	0	0	0	
1070.451367	8	3	3	0	1	2	2	4198	82	29	64225	9	4	94	0	0	0	0	0	0	0	0	0	0	0	0	0	0	
1071.437767	8	3	3	0	1	2	2	4198	80	29	64284	9	4	94	0	0	0	0	0	0	0	0	0	0	0	0	0	0	
1072.442883	8	3	3	0	1	2	2	4199	78	29	64344	9	4	94	0	0	0	0	0	0	0	0	0	0	0	0	0	0	
1073.448000	8	3	3	0	1	2	2	4198	77	29	64404	9	4	94	0	0	0	0	0	0	0	0	0	0	0	0	0	0	
1074.453117	8	3	3	0	1	2	2	4199	75	29	64465	9	4	94	0	0	0	0	0	0	0	0	0	0	0	0	0	0	
1075.439517	8	3	3	0	1	2	2	4198	73	29	64524	9	4	94	0	0	0	0	0	0	0	0	0	0	0	0	0	0	
1076.444633	8	3	3	0	1	2	2	4199	71	29	64584	9	4	94	0	0	0	0	0	0	0	0	0	0	0	0	0	0	
1077.449767	8	3	3	0	1	2	2	4198	69	29	64645	9	4	94	0	0	0	0	0	0	0	0	0	0	0	0	0	0	
1078.437600	8	3	3	0	1	2	2	4198	67	29	64704	9	4	94	0	0	0	0	0	0	0	0	0	0	0	0	0	0	
1078.669433	8	6	3	0	2	7	1	3695	-1349	29	64718	9	5	0	0	0	0	0	0	0	0	0	0	0	0	0	0	0	
1079.444167	8	6	3	0	2	7	1	3623	-1349	29	64764	9	5	1	0	0	0	0	0	0	0	0	0	0	0	0	0	0	
1080.449283	8	6	3	0	2	7	1	3596	-1349	29	64824	9	5	2	0	0	0	0	0	0	0	0	0	0	0	0	0	0	
1081.438567	8	6	3	0	2	7	1	3576	-1349	29	64884	9	5	4	0	0	0	0	0	0	0	0	0	0	0	0	0	0	
1082.443683	8	6	3	0	2	7	1	3555	-1348	29	64944	9	5	6	0	0	0	0	0	0	0	0	0	0	0	0	0	0	
1083.450233	8	6	3	0	2	7	1	3542	-1349	29	65004	9	5	7	0	0	0	0	0	0	0	0	0	0	0	0	0	0	
1084.436633	8	6	3	0	2	7	1	3532	-1350	29	65064	9	5	9	0	0	0	0	0	0	0	0	0	0	0	0	0	0	
1085.441767	8	6	3	0	2	7	1	3515	-1349	29	65124	9	5	11	0	0	0	0	0	0	0	0	0	0	0	0	0	0	
1086.446883	8	6	3	0	2	7	1	3500	-1349	29	65184	9	5	12	0	0	0	0	0	0	0	0	0	0	0	0	0	0	
1087.452000	8	6	3	0	2	7	1	3486	-1349	29	65245	9	5	14	0	0	0	0	0	0	0	0	0	0	0	0	0	0	
1088.438400	8	6	3	0	2	7	1	3472	-1349	29	65304	9	5	16	0	0	0	0	0	0	0	0	0	0	0	0	0	0	
1089.443517	8	6	3	0	2	7	1	3459	-1349	29	65364	9	5	17	0	0	0	0	0	0	0	0	0	0	0	0	0	0	
1090.448633	8	6	3	0	2	7	1	3448	-1350	29	65424	9	5	19	0	0	0	0	0	0	0	0	0	0	0	0	0	0	
1091.453767	8	6	3	0	2	7	1	3438	-1349	29	65485	9	5	21	0	0	0	0	0	0	0	0	0	0	0	0	0	0	
1092.440167	8	6	3	0	2	7	1	3426	-1348	29	65544	9	5	22	0	0	0	0	0	0	0	0	0	0	0	0	0	0	
1093.446717	8	6	3	0	2	7	1	3411	-1350	29	65604	9	5	24	0	0	0	0	0	0	0	0	0	0	0	0	0	0	
1094.453283	8	6	3	0	2	7	1	3400	-1349	29	65665	9	5	26	0	0	0	0	0	0	0	0	0	0	0	0	0	0	
1095.439683	8	6	3	0	2	7	1	3388	-1349	29	65724	9	5	27	0	0	0	0	0	0	0	0	0	0	0	0	0	0	
1096.444800	8	6	3	0	2	7	1	3378	-1349	29	65784	9	5	29	0	0	0	0	0	0	0	0	0	0	0	0	0	0	
1097.449917	8	6	3	0	2	7	1	3365	-1349	29	65844	9	5	31	0	0	0	0	0	0	0	0	0	0	0	0	0	0	
1098.455033	8	6	3	0	2	7	1	3355	-1350	29	65905	9	5	32	0	0	0	0	0	0	0	0	0	0	0	0	0	0	
1099.441433	8	6	3	0	2	7	1	3348	-1350	29	65964	9	5	34	0	0	0	0	0	0	0	0	0	0	0	0	0	0	
1100.446567	8	6	3	0	2	7	1	3333	-1350	29	66024	9	5	36	0	0	0	0	0	0	0	0	0	0	0	0	0	0	
1101.451683	8	6	3	0	2	7	1	3325	-1349	29	66085	9	5	37	0	0	0	0	0	0	0	0	0	0	0	0	0	0	
1102.438083	8	6	3	0	2	7	1	3315	-1350	29	66144	9	5	39	0	0	0	0	0	0	0	0	0	0	0	0	0	0	
1103.444633	8	6	3	0	2	7	1	3309	-1350	29	66204	9	5	40	0	0	0	0	0	0	0	0	0	0	0	0	0	0	
1104.449767	8	6	3	0	2	7	1	3296	-1349	29	66264	9	5	42	0	0	0	0	0	0	0	0	0	0	0	0	0	0	
1105.454883	8	6	3	0	2	7	1	3288	-1349	29	66325	9	5	44	0	0	0	0	0	0	0	0	0	0	0	0	0	0	
1106.441283	8	6	3	0	2	7	1	3281	-1349	29	66384	9	5	45	0	0	0	0	0	0	0	0	0	0	0	0	0	0	
1107.446400	8	6	3	0	2	7	1	3273	-1350	29	66444	9	5	47	0	0	0	0	0	0	0	0	0	0	0	0	0	0	
1108.451517	8	6	3	0	2	7	1	3266	-1351	29	66504	9	5	49	0	0	0	0	0	0	0	0	0	0	0	0	0	0	
1109.437917	8	6	3	0	2	7	1	3259	-1349	29	66564	9	5	50	0	0	0	0	0	0	0	0	0	0	0	0	0	0	
1110.443033	8	6	3	0	2	7	1	3251	-1349	29	66624	9	5	52	0	0	0	0	0	0	0	0	0	0	0	0	0	0	
1111.449600	8	6	3	0	2	7	1	3245	-1349	29	66684	9	5	54	0	0	0	0	0	0	0	0	0	0	0	0	0	0	
1112.454717	8	6	3	0	2	7	1	3238	-1350	29	66745	9	5	55	0	0	0	0	0	0	0	0	0	0	0	0	0	0	
1113.441117	8	6	3	0	2	7	1	3232	-1349	30	66804	9	5	57	0	0	0	0	0	0	0	0	0	0	0	0	0	0	
1114.446233	8	6	3	0	2	7	1	3229	-1350	29	66864	9	5	59	0	0	0	0	0	0	0	0	0	0	0	0	0	0	
1115.438400	8	6	3	0	2	7	1	3223	-1349	29	66924	9	5	60	0	0	0	0	0	0	0	0	0	0	0	0	0	0	
1116.443517	8	6	3	0	2	7	1	3214	-1351	30	66984	9	5	62	0	0	0	0	0	0	0	0	0	0	0	0	0	0	
1117.448633	8	6	3	0	2	7	1	3209	-1351	30	67044	9	5	64	0	0	0	0	0	0	0	0	0	0	0	0	0	0	
1118.453767	8	6	3	0	2	7	1	3204	-1349	30	67105	9	5	65	0	0	0	0	0	0	0	0	0	0	0	0	0	0	
1119.440167	8	6	3	0	2	7	1	3198	-1350	30	67164	9	5	67	0	0	0	0	0	0	0	0	0	0	0	0	0	0	
1120.445283	8	6	3	0	2	7	1	3192	-1349	30	67224	9	5	69	0	0	0	0	0	0	0	0	0	0	0	0	0	0	
1121.450400	8	6	3	0	2	7	1	3186	-1349	30	67284	9	5	70	0	0	0	0	0	0	0	0	0	0	0	0	0	0	
1122.456967	8	6	3	0	2	7	1	3181	-1349	30	67345	9	5	72	0	0	0	0	0	0	0	0	0	0	0	0	0	0	
1123.443367	8	6	3	0	2	7	1	3174	-1349	30	67404	9	5	74	0	0	0	0	0	0	0	0	0	0	0	0	0	0	
1124.448483	8	6	3	0	2	7	1	3168	-1351	30	67464	9	5	75	0	0	0	0	0	0	0	0	0	0	0	0	0	0	
1125.453600	8	6	3	0	2	7	1	3160	-1350	30	67525	9	5	77	0	0	0	0	0	0	0	0	0	0	0	0	0	0	
1126.440000	8	6	3	0	2	7	1	3151	-1349	30	67584	9	5	79	0	0	0	0	0	0	0	0	0	0	0	0	0	0	
1127.445117	8	6	3	0	2	7	1	3141	-1348	30	67644	9	5	80	0	0	0	0	0	0	0	0	0	0	0	0	0	0	
1128.450233	8	6	3	0	2	7	1	3127	-1351	30	67704	9	5	82	0	0	0	0	0	0	0	0	0	0	0	0	0	0	
1129.455367	8	6	3	0	2	7	1	3110	-1350	30	67765	9	5	84	0	0	0	0	0	0	0	0	0	0	0	0	0	0	
1130.441767	8	6	3	0	2	7	1	3089	-1350	30	67824	9	5	85	0	0	0	0	0	0	0	0	0	0	0	0	0	0	
1131.448317	8	6	3	0	2	7	1	3061	-1349	30	67884	9	5	87	0	0	0	0	0	0	0	0	0	0	0	0	0	0	
1132.453433	8	6	3	0	2	7	1	3024	-1350	30	67944	9	5	89	0	0	0	0	0	0	0	0	0	0	0	0	0	0	
1133.439833	8	6	3	0	2	7	1	2968	-1349	30	68004	9	5	90	0	0	0	0	0	0	0	0	0	0	0	0	0	0	
1134.444967	8	6	3	0	2	7	1	2872	-1350	30	68064	9	5	92	0	0	0	0	0	0	0	0	0	0	0	0	0	0	
1135.356483	8	15	3	0	1	31	2	3046	2	30	68119	11	5	93	0	0	0	0	0	0	0	0	0	0	0	0	0	0	
1135.376633	8	3	3	0	1	2	2	3434	677	30	68120	11	5	93	0	0	0	0	0	0	0	0	0	0	0	0	0	0	
1135.452967	8	3	3	0	1	2	2	3479	674	30	68124	11	5	93	0	0	0	0	0	0	0	0	0	0	0	0	0	0	
1136.440800	8	3	3	0	1	2	2	3667	674	30	68184	11	5	93	0	0	0	0	0	0	0	0	0	0	0	0	0	0	
1137.445917	8	3	3	0	1	2	2	3759	675	30	68244	11	5	93	0	0	0	0	0	0	0	0	0	0	0	0	0	0	
1138.451033	8	3	3	0	1	2	2	3823	675	30	68304	11	5	93	0	0	0	0	0	0	0	0	0	0	0	0	0	0	
1139.456167	8	3	3	0	1	2	2	3872	675	30	68365	11	5	93	0	0	0	0	0	0	0	0	0	0	0	0	0	0	
1140.442567	8	3	3	0	1	2	2	3909	674	30	68424	11	5	93	0	0	0	0	0	0	0	0	0	0	0	0	0	0	
1141.447683	8	3	3	0	1	2	2	3935	675	30	68484	11	5	93	0	0	0	0	0	0	0	0	0	0	0	0	0	0	
1142.454233	8	3	3	0	1	2	2	3946	674	30	68544	11	5	93	0	0	0	0	0	0	0	0	0	0	0	0	0	0	
1143.440633	8	3	3	0	1	2	2	3952	675	30	68604	11	5	93	0	0	0	0	0	0	0	0	0	0	0	0	0	0	
1144.445767	8	3	3	0	1	2	2	3957	674	30	68664	11	5	93	0	0	0	0	0	0	0	0	0	0	0	0	0	0	
1145.450883	8	3	3	0	1	2	2	3962	674	30	68724	11	5	93	0	0	0	0	0	0	0	0	0	0	0	0	0	0	
1146.456000	8	3	3	0	1	2	2	3967	674	30	68785	11	5	93	0	0	0	0	0	0	0	0	0	0	0	0	0	0	
1147.442400	8	3	3	0	1	2	2	3972	674	30	68844	11	5	93	0	0	0	0	0	0	0	0	0	0	0	0	0	0	
1148.447517	8	3	3	0	1	2	2	3977	674	30	68904	11	5	93	0	0	0	0	0	0	0	0	0	0	0	0	0	0	
1149.454083	8	3	3	0	1	2	2	3982	674	30	68964	11	5	93	0	0	0	0	0	0	0	0	0	0	0	0	0	0	
1150.459200	8	3	3	0	1	2	2	3988	674	30	69025	11	5	93	0	0	0	0	0	0	0	0	0	0	0	0	0	0	
1151.445600	8	3	3	0	1	2	2	3993	674	30	69084	11	5	93	0	0	0	0	0	0	0	0	0	0	0	0	0	0	
1152.450717	8	3	3	0	1	2	2	3999	675	30	69144	11	5	93	0	0	0	0	0	0	0	0	0	0	0	0	0	0	
1153.455833	8	3	3	0	1	2	2	4005	674	30	69205	11	5	93	0	0	0	0	0	0	0	0	0	0	0	0	0	0	
1154.442233	8	3	3	0	1	2	2	4011	674	30	69264	11	5	93	0	0	0	0	0	0	0	0	0	0	0	0	0	0	
1155.447367	8	3	3	0	1	2	2	4017	675	30	69324	11	5	93	0	0	0	0	0	0	0	0	0	0	0	0	0	0	
1156.452483	8	3	3	0	1	2	2	4023	675	30	69384	11	5	93	0	0	0	0	0	0	0	0	0	0	0	0	0	0	
1157.459033	8	3	3	0	1	2	2	4028	676	30	69445	11	5	93	0	0	0	0	0	0	0	0	0	0	0	0	0	0	
1158.445433	8	3	3	0	1	2	2	4033	674	30	69504	11	5	93	0	0	0	0	0	0	0	0	0	0	0	0	0	0	
1159.450567	8	3	3	0	1	2	2	4037	675	30	69564	11	5	93	0	0	0	0	0	0	0	0	0	0	0	0	0	0	
1160.457117	8	3	3	0	1	2	2	4041	674	30	69625	11	5	93	0	0	0	0	0	0	0	0	0	0	0	0	0	0	
1161.443517	8	3	3	0	1	2	2	4045	673	30	69684	11	5	93	0	0	0	0	0	0	0	0	0	0	0	0	0	0	
1162.448633	8	3	3	0	1	2	2	4048	675	30	69744	11	5	93	0	0	0	0	0	0	0	0	0	0	0	0	0	0	
1163.455200	8	3	3	0	1	2	2	4051	674	30	69804	11	5	93	0	0	0	0	0	0	0	0	0	0	0	0	0	0	
1164.460317	8	3	3	0	1	2	2	4054	674	30	69865	11	5	93	0	0	0	0	0	0	0	0	0	0	0	0	0	0	
1165.446717	8	3	3	0	1	2	2	4056	674	30	69924	11	5	93	0	0	0	0	0	0	0	0	0	0	0	0	0	0	
1166.451833	8	3	3	0	1	2	2	4059	674	30	69984	11	5	93	0	0	0	0	0	0	0	0	0	0	0	0	0	0	
1167.456967	8	3	3	0	1	2	2	4061	675	30	70045	11	5	93	0	0	0	0	0	0	0	0	0	0	0	0	0	0	
1168.443367	8	3	3	0	1	2	2	4063	675	30	70104	11	5	93	0	0	0	0	0	0	0	0	0	0	0	0	0	0	
1169.448483	8	3	3	0	1	2	2	4066	675	30	70164	11	5	93	0	0	0	0	0	0	0	0	0	0	0	0	0	0	
1170.453600	8	3	3	0	1	2	2	4068	674	30	70224	11	5	93	0	0	0	0	0	0	0	0	0	0	0	0	0	0	
1171.460167	8	3	3	0	1	2	2	4070	674	30	70285	11	5	93	0	0	0	0	0	0	0	0	0	0	0	0	0	0	
1172.445117	8	3	3	0	1	2	2	4072	674	30	70344	11	5	93	0	0	0	0	0	0	0	0	0	0	0	0	0	0	
1173.451683	8	3	3	0	1	2	2	4075	674	30	70404	11	5	93	0	0	0	0	0	0	0	0	0	0	0	0	0	0	
1174.456800	8	3	3	0	1	2	2	4078	675	30	70464	11	5	93	0	0	0	0	0	0	0	0	0	0	0	0	0	0	
1175.443200	8	3	3	0	1	2	2	4080	674	30	70524	11	5	93	0	0	0	0	0	0	0	0	0	0	0	0	0	0	
1176.448317	8	3	3	0	1	2	2	4083	675	30	70584	11	5	93	0	0	0	0	0	0	0	0	0	0	0	0	0	0	
1177.453433	8	3	3	0	1	2	2	4086	674	30	70644	11	5	93	0	0	0	0	0	0	0	0	0	0	0	0	0	0	
1178.460000	8	3	3	0	1	2	2	4088	675	30	70705	11	5	93	0	0	0	0	0	0	0	0	0	0	0	0	0	0	
1179.446400	8	3	3	0	1	2	2	4091	675	29	70764	11	5	93	0	0	0	0	0	0	0	0	0	0	0	0	0	0	
1180.451517	8	3	3	0	1	2	2	4094	674	30	70824	11	5	93	0	0	0	0	0	0	0	0	0	0	0	0	0	0	
1181.459517	8	3	3	0	1	2	2	4096	675	30	70885	11	5	93	0	0	0	0	0	0	0	0	0	0	0	0	0	0	
1182.445917	8	3	3	0	1	2	2	4100	675	30	70944	11	5	93	0	0	0	0	0	0	0	0	0	0	0	0	0	0	
1183.451033	8	3	3	0	1	2	2	4102	675	29	71004	11	5	93	0	0	0	0	0	0	0	0	0	0	0	0	0	0	
1184.457600	8	3	3	0	1	2	2	4105	675	29	71064	11	5	93	0	0	0	0	0	0	0	0	0	0	0	0	0	0	
1185.444000	8	3	3	0	1	2	2	4108	674	30	71124	11	5	93	0	0	0	0	0	0	0	0	0	0	0	0	0	0	
1186.449117	8	3	3	0	1	2	2	4112	675	30	71184	11	5	93	0	0	0	0	0	0	0	0	0	0	0	0	0	0	
1187.454233	8	3	3	0	1	2	2	4114	674	30	71244	11	5	93	0	0	0	0	0	0	0	0	0	0	0	0	0	0	
1188.459367	8	3	3	0	1	2	2	4116	670	29	71305	11	5	93	0	0	0	0	0	0	0	0	0	0	0	0	0	0	
1189.445767	8	3	3	0	1	2	2	4118	667	30	71364	11	5	93	0	0	0	0	0	0	0	0	0	0	0	0	0	0	
1190.450883	8	3	3	0	1	2	2	4121	667	29	71424	11	5	93	0	0	0	0	0	0	0	0	0	0	0	0	0	0	
1191.456000	8	3	3	0	1	2	2	4125	666	29	71484	11	5	93	0	0	0	0	0	0	0	0	0	0	0	0	0	0	
1192.462567	8	3	3	0	1	2	2	4127	665	29	71545	11	5	93	0	0	0	0	0	0	0	0	0	0	0	0	0	0	
1193.448967	8	3	3	0	1	2	2	4131	664	29	71604	11	5	93	0	0	0	0	0	0	0	0	0	0	0	0	0	0	
1194.454083	8	3	3	0	1	2	2	4134	664	29	71664	11	5	93	0	0	0	0	0	0	0	0	0	0	0	0	0	0	
1195.459200	8	3	3	0	1	2	2	4137	663	29	71725	11	5	93	0	0	0	0	0	0	0	0	0	0	0	0	0	0	
1196.445600	8	3	3	0	1	2	2	4141	663	29	71784	11	5	93	0	0	0	0	0	0	0	0	0	0	0	0	0	0	
1197.450717	8	3	3	0	1	2	2	4145	663	29	71844	11	5	93	0	0	0	0	0	0	0	0	0	0	0	0	0	0	
1198.455833	8	3	3	0	1	2	2	4148	662	29	71904	11	5	93	0	0	0	0	0	0	0	0	0	0	0	0	0	0	
1199.460967	8	3	3	0	1	2	2	4152	661	29	71965	11	5	93	0	0	0	0	0	0	0	0	0	0	0	0	0	0	
1200.448800	8	3	3	0	1	2	2	4156	661	29	72024	11	5	93	0	0	0	0	0	0	0	0	0	0	0	0	0	0	
1201.453917	8	3	3	0	1	2	2	4160	660	29	72084	11	5	93	0	0	0	0	0	0	0	0	0	0	0	0	0	0	
1202.459033	8	3	3	0	1	2	2	4164	659	29	72144	11	5	93	0	0	0	0	0	0	0	0	0	0	0	0	0	0	
1203.445433	8	3	3	0	1	2	2	4168	660	29	72204	11	5	93	0	0	0	0	0	0	0	0	0	0	0	0	0	0	
1204.450567	8	3	3	0	1	2	2	4173	658	29	72264	11	5	93	0	0	0	0	0	0	0	0	0	0	0	0	0	0	
1205.455683	8	3	3	0	1	2	2	4177	658	29	72324	11	5	93	0	0	0	0	0	0	0	0	0	0	0	0	0	0	
1206.460800	8	3	3	0	1	2	2	4181	657	29	72385	11	5	93	0	0	0	0	0	0	0	0	0	0	0	0	0	0	
1207.447200	8	3	3	0	1	2	2	4186	658	29	72444	11	5	93	0	0	0	0	0	0	0	0	0	0	0	0	0	0	
1208.452317	8	3	3	0	1	2	2	4190	656	29	72504	11	5	93	0	0	0	0	0	0	0	0	0	0	0	0	0	0	
1209.458883	8	3	3	0	1	2	2	4195	657	29	72564	11	5	93	0	0	0	0	0	0	0	0	0	0	0	0	0	0	
1210.464000	8	3	3	0	1	2	2	4198	653	29	72625	11	5	93	0	0	0	0	0	0	0	0	0	0	0	0	0	0	
1211.450400	8	3	3	0	1	2	2	4199	642	29	72684	11	5	93	0	0	0	0	0	0	0	0	0	0	0	0	0	0	
1212.455517	8	3	3	0	1	2	2	4198	630	29	72744	11	5	93	0	0	0	0	0	0	0	0	0	0	0	0	0	0	
1213.460633	8	3	3	0	1	2	2	4198	619	29	72805	11	5	93	0	0	0	0	0	0	0	0	0	0	0	0	0	0	
1214.449917	8	3	3	0	1	2	2	4198	607	29	72864	11	5	93	0	0	0	0	0	0	0	0	0	0	0	0	0	0	
1215.456483	8	3	3	0	1	2	2	4198	595	29	72924	11	5	93	0	0	0	0	0	0	0	0	0	0	0	0	0	0	
1216.461600	8	3	3	0	1	2	2	4198	583	29	72985	11	5	93	0	0	0	0	0	0	0	0	0	0	0	0	0	0	
1217.448000	8	3	3	0	1	2	2	4198	573	29	73044	11	5	93	0	0	0	0	0	0	0	0	0	0	0	0	0	0	
1218.453117	8	3	3	0	1	2	2	4198	563	29	73104	11	5	93	0	0	0	0	0	0	0	0	0	0	0	0	0	0	
1219.458233	8	3	3	0	1	2	2	4198	551	29	73164	11	5	93	0	0	0	0	0	0	0	0	0	0	0	0	0	0	
1220.463367	8	3	3	0	1	2	2	4198	540	29	73225	11	5	93	0	0	0	0	0	0	0	0	0	0	0	0	0	0	
1221.449767	8	3	3	0	1	2	2	4199	529	29	73284	11	5	93	0	0	0	0	0	0	0	0	0	0	0	0	0	0	
1222.454883	8	3	3	0	1	2	2	4198	518	29	73344	11	5	93	0	0	0	0	0	0	0	0	0	0	0	0	0	0	
1223.460000	8	3	3	0	1	2	2	4198	508	29	73404	11	5	93	0	0	0	0	0	0	0	0	0	0	0	0	0	0	
1224.446400	8	3	3	0	1	2	2	4198	497	29	73464	11	5	93	0	0	0	0	0	0	0	0	0	0	0	0	0	0	
1225.452967	8	3	3	0	1	2	2	4198	488	29	73524	11	5	93	0	0	0	0	0	0	0	0	0	0	0	0	0	0	
1226.458083	8	3	3	0	1	2	2	4198	477	29	73584	11	5	93	0	0	0	0	0	0	0	0	0	0	0	0	0	0	
1227.463200	8	3	3	0	1	2	2	4198	467	29	73645	11	5	93	0	0	0	0	0	0	0	0	0	0	0	0	0	0	
1228.449600	8	3	3	0	1	2	2	4198	457	29	73704	11	5	93	0	0	0	0	0	0	0	0	0	0	0	0	0	0	
1229.454717	8	3	3	0	1	2	2	4199	447	29	73764	11	5	93	0	0	0	0	0	0	0	0	0	0	0	0	0	0	
1230.459833	8	3	3	0	1	2	2	4198	437	29	73824	11	5	93	0	0	0	0	0	0	0	0	0	0	0	0	0	0	
1231.464967	8	3	3	0	1	2	2	4198	427	29	73885	11	5	93	0	0	0	0	0	0	0	0	0	0	0	0	0	0	
1232.451367	8	3	3	0	1	2	2	4198	418	29	73944	11	5	93	0	0	0	0	0	0	0	0	0	0	0	0	0	0	
1233.457917	8	3	3	0	1	2	2	4198	409	29	74004	11	5	93	0	0	0	0	0	0	0	0	0	0	0	0	0	0	
1234.463033	8	3	3	0	1	2	2	4198	400	29	74065	11	5	93	0	0	0	0	0	0	0	0	0	0	0	0	0	0	
1235.449433	8	3	3	0	1	2	2	4198	392	29	74124	11	5	93	0	0	0	0	0	0	0	0	0	0	0	0	0	0	
1236.454567	8	3	3	0	1	2	2	4199	382	29	74184	11	5	93	0	0	0	0	0	0	0	0	0	0	0	0	0	0	
1237.459683	8	3	3	0	1	2	2	4199	373	29	74244	11	5	93	0	0	0	0	0	0	0	0	0	0	0	0	0	0	
1238.464800	8	3	3	0	1	2	2	4198	365	29	74305	11	5	93	0	0	0	0	0	0	0	0	0	0	0	0	0	0	
1239.451200	8	3	3	0	1	2	2	4198	357	29	74364	11	5	93	0	0	0	0	0	0	0	0	0	0	0	0	0	0	
1240.456317	8	3	3	0	1	2	2	4198	348	29	74424	11	5	93	0	0	0	0	0	0	0	0	0	0	0	0	0	0	
1241.462883	8	3	3	0	1	2	2	4198	339	29	74484	11	5	93	0	0	0	0	0	0	0	0	0	0	0	0	0	0	
1242.449283	8	3	3	0	1	2	2	4198	332	29	74544	11	5	93	0	0	0	0	0	0	0	0	0	0	0	0	0	0	
1243.454400	8	3	3	0	1	2	2	4198	324	29	74604	11	5	93	0	0	0	0	0	0	0	0	0	0	0	0	0	0	
1244.459517	8	3	3	0	1	2	2	4199	315	29	74664	11	5	93	0	0	0	0	0	0	0	0	0	0	0	0	0	0	
1245.464633	8	3	3	0	1	2	2	4198	307	29	74725	11	5	93	0	0	0	0	0	0	0	0	0	0	0	0	0	0	
1246.451033	8	3	3	0	1	2	2	4198	299	29	74784	11	5	93	0	0	0	0	0	0	0	0	0	0	0	0	0	0	
1247.456167	8	3	3	0	1	2	2	4199	291	29	74844	11	5	93	0	0	0	0	0	0	0	0	0	0	0	0	0	0	
1248.462717	8	3	3	0	1	2	2	4198	284	29	74904	11	5	93	0	0	0	0	0	0	0	0	0	0	0	0	0	0	
1249.449117	8	3	3	0	1	2	2	4198	277	29	74964	11	5	93	0	0	0	0	0	0	0	0	0	0	0	0	0	0	
1250.454233	8	3	3	0	1	2	2	4198	270	29	75024	11	5	93	0	0	0	0	0	0	0	0	0	0	0	0	0	0	
1251.459367	8	3	3	0	1	2	2	4198	263	29	75084	11	5	93	0	0	0	0	0	0	0	0	0	0	0	0	0	0	
1252.464483	8	3	3	0	1	2	2	4199	257	29	75145	11	5	93	0	0	0	0	0	0	0	0	0	0	0	0	0	0	
1253.450883	8	3	3	0	1	2	2	4198	251	29	75204	11	5	93	0	0	0	0	0	0	0	0	0	0	0	0	0	0	
1254.456000	8	3	3	0	1	2	2	4198	245	29	75264	11	5	93	0	0	0	0	0	0	0	0	0	0	0	0	0	0	
1255.461117	8	3	3	0	1	2	2	4198	240	29	75324	11	5	93	0	0	0	0	0	0	0	0	0	0	0	0	0	0	
1256.466233	8	3	3	0	1	2	2	4199	233	29	75385	11	5	93	0	0	0	0	0	0	0	0	0	0	0	0	0	0	
1257.452633	8	3	3	0	1	2	2	4199	227	29	75444	11	5	93	0	0	0	0	0	0	0	0	0	0	0	0	0	0	
1258.459200	8	3	3	0	1	2	2	4198	222	29	75504	11	5	93	0	0	0	0	0	0	0	0	0	0	0	0	0	0	
1259.464317	8	3	3	0	1	2	2	4198	217	29	75565	11	5	93	0	0	0	0	0	0	0	0	0	0	0	0	0	0	
1260.452167	8	3	3	0	1	2	2	4199	212	29	75624	11	5	93	0	0	0	0	0	0	0	0	0	0	0	0	0	0	
1261.457283	8	3	3	0	1	2	2	4199	206	29	75684	11	5	93	0	0	0	0	0	0	0	0	0	0	0	0	0	0	
1262.462400	8	3	3	0	1	2	2	4198	200	29	75744	11	5	93	0	0	0	0	0	0	0	0	0	0	0	0	0	0	
1263.448800	8	3	3	0	1	2	2	4198	196	29	75804	11	5	93	0	0	0	0	0	0	0	0	0	0	0	0	0	0	
1264.453917	8	3	3	0	1	2	2	4198	191	29	75864	11	5	93	0	0	0	0	0	0	0	0	0	0	0	0	0	0	
1265.460483	8	3	3	0	1	2	2	4198	186	29	75924	11	5	93	0	0	0	0	0	0	0	0	0	0	0	0	0	0	
1266.465600	8	3	3	0	1	2	2	4199	183	29	75985	11	5	93	0	0	0	0	0	0	0	0	0	0	0	0	0	0	
1267.452000	8	3	3	0	1	2	2	4198	176	29	76044	11	5	93	0	0	0	0	0	0	0	0	0	0	0	0	0	0	
1268.457117	8	3	3	0	1	2	2	4198	173	29	76104	11	5	93	0	0	0	0	0	0	0	0	0	0	0	0	0	0	
1269.462233	8	3	3	0	1	2	2	4198	169	29	76164	11	5	93	0	0	0	0	0	0	0	0	0	0	0	0	0	0	
1270.467367	8	3	3	0	1	2	2	4199	164	29	76225	11	5	93	0	0	0	0	0	0	0	0	0	0	0	0	0	0	
1271.453767	8	3	3	0	1	2	2	4198	161	29	76284	11	5	93	0	0	0	0	0	0	0	0	0	0	0	0	0	0	
1272.458883	8	3	3	0	1	2	2	4199	156	29	76344	11	5	93	0	0	0	0	0	0	0	0	0	0	0	0	0	0	
1273.465433	8	3	3	0	1	2	2	4199	152	29	76405	11	5	93	0	0	0	0	0	0	0	0	0	0	0	0	0	0	
1274.451833	8	3	3	0	1	2	2	4198	148	29	76464	11	5	93	0	0	0	0	0	0	0	0	0	0	0	0	0	0	
1275.456967	8	3	3	0	1	2	2	4198	145	29	76524	11	5	93	0	0	0	0	0	0	0	0	0	0	0	0	0	0	
1276.462083	8	3	3	0	1	2	2	4198	142	29	76584	11	5	93	0	0	0	0	0	0	0	0	0	0	0	0	0	0	
1277.467200	8	3	3	0	1	2	2	4198	138	29	76645	11	5	93	0	0	0	0	0	0	0	0	0	0	0	0	0	0	
1278.453600	8	3	3	0	1	2	2	4198	135	29	76704	11	5	93	0	0	0	0	0	0	0	0	0	0	0	0	0	0	
1279.458717	8	3	3	0	1	2	2	4198	131	29	76764	11	5	93	0	0	0	0	0	0	0	0	0	0	0	0	0	0	
1280.463833	8	3	3	0	1	2	2	4198	129	29	76824	11	5	93	0	0	0	0	0	0	0	0	0	0	0	0	0	0	
1281.451683	8	3	3	0	1	2	2	4199	125	29	76884	11	5	93	0	0	0	0	0	0	0	0	0	0	0	0	0	0	
1282.456800	8	3	3	0	1	2	2	4199	122	29	76944	11	5	93	0	0	0	0	0	0	0	0	0	0	0	0	0	0	
1283.461917	8	3	3	0	1	2	2	4198	119	29	77004	11	5	93	0	0	0	0	0	0	0	0	0	0	0	0	0	0	
1284.467033	8	3	3	0	1	2	2	4199	116	29	77065	11	5	93	0	0	0	0	0	0	0	0	0	0	0	0	0	0	
1285.453433	8	3	3	0	1	2	2	4198	113	29	77124	11	5	93	0	0	0	0	0	0	0	0	0	0	0	0	0	0	
1286.458567	8	3	3	0	1	2	2	4199	110	29	77184	11	5	93	0	0	0	0	0	0	0	0	0	0	0	0	0	0	
1287.465117	8	3	3	0	1	2	2	4199	107	29	77244	11	5	93	0	0	0	0	0	0	0	0	0	0	0	0	0	0	
1288.470233	8	3	3	0	1	2	2	4198	105	29	77305	11	5	93	0	0	0	0	0	0	0	0	0	0	0	0	0	0	
1289.456633	8	3	3	0	1	2	2	4199	102	29	77364	11	5	93	0	0	0	0	0	0	0	0	0	0	0	0	0	0	
1290.461767	8	3	3	0	1	2	2	4199	100	29	77424	11	5	93	0	0	0	0	0	0	0	0	0	0	0	0	0	0	
1291.466883	8	3	3	0	1	2	2	4198	98	29	77485	11	5	93	0	0	0	0	0	0	0	0	0	0	0	0	0	0	
1292.453283	8	3	3	0	1	2	2	4198	95	29	77544	11	5	93	0	0	0	0	0	0	0	0	0	0	0	0	0	0	
1293.458400	8	3	3	0	1	2	2	4199	92	29	77604	11	5	93	0	0	0	0	0	0	0	0	0	0	0	0	0	0	
1294.466400	8	3	3	0	1	2	2	4199	90	29	77664	11	5	93	0	0	0	0	0	0	0	0	0	0	0	0	0	0	
1295.452800	8	3	3	0	1	2	2	4199	88	29	77724	11	5	93	0	0	0	0	0	0	0	0	0	0	0	0	0	0	
1296.457917	8	3	3	0	1	2	2	4199	86	29	77784	11	5	93	0	0	0	0	0	0	0	0	0	0	0	0	0	0	
1297.463033	8	3	3	0	1	2	2	4199	84	29	77844	11	5	93	0	0	0	0	0	0	0	0	0	0	0	0	0	0	
1298.468167	8	3	3	0	1	2	2	4198	82	29	77905	11	5	93	0	0	0	0	0	0	0	0	0	0	0	0	0	0	
1299.454567	8	3	3	0	1	2	2	4199	80	29	77964	11	5	93	0	0	0	0	0	0	0	0	0	0	0	0	0	0	
1300.459683	8	3	3	0	1	2	2	4198	78	29	78024	11	5	93	0	0	0	0	0	0	0	0	0	0	0	0	0	0	
1301.466233	8	3	3	0	1	2	2	4198	76	29	78084	11	5	93	0	0	0	0	0	0	0	0	0	0	0	0	0	0	
1302.471367	8	3	3	0	1	2	2	4199	75	29	78145	11	5	93	0	0	0	0	0	0	0	0	0	0	0	0	0	0	
1303.457767	8	3	3	0	1	2	2	4199	72	29	78204	11	5	93	0	0	0	0	0	0	0	0	0	0	0	0	0	0	
1304.462883	8	3	3	0	1	2	2	4199	70	29	78264	11	5	93	0	0	0	0	0	0	0	0	0	0	0	0	0	0	
1305.468000	8	3	3	0	1	2	2	4198	68	29	78325	11	5	93	0	0	0	0	0	0	0	0	0	0	0	0	0	0	
1306.321917	8	6	3	0	2	7	1	3703	-1348	29	78376	11	6	0	0	0	0	0	0	0	0	0	0	0	0	0	0	0	
1306.455833	8	6	3	0	2	7	1	3673	-1350	29	78384	11	6	0	0	0	0	0	0	0	0	0	0	0	0	0	0	0	
1307.460967	8	6	3	0	2	7	1	3621	-1350	29	78444	11	6	1	0	0	0	0	0	0	0	0	0	0	0	0	0	0	
1308.467517	8	6	3	0	2	7	1	3600	-1349	29	78504	11	6	3	0	0	0	0	0	0	0	0	0	0	0	0	0	0	
1309.453917	8	6	3	0	2	7	1	3578	-1350	29	78564	11	6	5	0	0	0	0	0	0	0	0	0	0	0	0	0	0	
1310.459033	8	6	3	0	2	7	1	3568	-1349	29	78624	11	6	6	0	0	0	0	0	0	0	0	0	0	0	0	0	0	
1311.464167	8	6	3	0	2	7	1	3551	-1350	29	78684	11	6	8	0	0	0	0	0	0	0	0	0	0	0	0	0	0	
1312.469283	8	6	3	0	2	7	1	3536	-1349	29	78745	11	6	10	0	0	0	0	0	0	0	0	0	0	0	0	0	0	
1313.455683	8	6	3	0	2	7	1	3521	-1350	29	78804	11	6	11	0	0	0	0	0	0	0	0	0	0	0	0	0	0	
1314.460800	8	6	3	0	2	7	1	3507	-1350	29	78864	11	6	13	0	0	0	0	0	0	0	0	0	0	0	0	0	0	
1315.465917	8	6	3	0	2	7	1	3489	-1348	29	78924	11	6	15	0	0	0	0	0	0	0	0	0	0	0	0	0	0	
1316.472483	8	6	3	0	2	7	1	3478	-1350	29	78985	11	6	16	0	0	0	0	0	0	0	0	0	0	0	0	0	0	
1317.458883	8	6	3	0	2	7	1	3465	-1350	29	79044	11	6	18	0	0	0	0	0	0	0	0	0	0	0	0	0	0	
1318.464000	8	6	3	0	2	7	1	3453	-1350	29	79104	11	6	20	0	0	0	0	0	0	0	0	0	0	0	0	0	0	
1319.469117	8	6	3	0	2	7	1	3444	-1348	29	79165	11	6	21	0	0	0	0	0	0	0	0	0	0	0	0	0	0	
1320.455517	8	6	3	0	2	7	1	3440	-1350	29	79224	11	6	23	0	0	0	0	0	0	0	0	0	0	0	0	0	0	
1321.460633	8	6	3	0	2	7	1	3429	-1348	29	79284	11	6	25	0	0	0	0	0	0	0	0	0	0	0	0	0	0	
1322.465767	8	6	3	0	2	7	1	3418	-1349	29	79344	11	6	26	0	0	0	0	0	0	0	0	0	0	0	0	0	0	
1323.470883	8	6	3	0	2	7	1	3407	-1349	29	79405	11	6	28	0	0	0	0	0	0	0	0	0	0	0	0	0	0	
1324.457283	8	6	3	0	2	7	1	3396	-1350	29	79464	11	6	30	0	0	0	0	0	0	0	0	0	0	0	0	0	0	
1325.463833	8	6	3	0	2	7	1	3385	-1351	29	79524	11	6	31	0	0	0	0	0	0	0	0	0	0	0	0	0	0	
1326.468967	8	6	3	0	2	7	1	3374	-1350	29	79584	11	6	33	0	0	0	0	0	0	0	0	0	0	0	0	0	0	
1327.455367	8	6	3	0	2	7	1	3363	-1350	29	79644	11	6	34	0	0	0	0	0	0	0	0	0	0	0	0	0	0	
1328.460483	8	6	3	0	2	7	1	3353	-1350	29	79704	11	6	36	0	0	0	0	0	0	0	0	0	0	0	0	0	0	
1329.465600	8	6	3	0	2	7	1	3343	-1350	29	79764	11	6	38	0	0	0	0	0	0	0	0	0	0	0	0	0	0	
1330.470717	8	6	3	0	2	7	1	3334	-1350	29	79825	11	6	39	0	0	0	0	0	0	0	0	0	0	0	0	0	0	
1331.457117	8	6	3	0	2	7	1	3325	-1349	29	79884	11	6	41	0	0	0	0	0	0	0	0	0	0	0	0	0	0	
1332.463683	8	6	3	0	2	7	1	3316	-1349	29	79944	11	6	43	0	0	0	0	0	0	0	0	0	0	0	0	0	0	
1333.468800	8	6	3	0	2	7	1	3308	-1349	29	80004	11	6	44	0	0	0	0	0	0	0	0	0	0	0	0	0	0	
1334.455200	8	6	3	0	2	7	1	3299	-1350	29	80064	11	6	46	0	0	0	0	0	0	0	0	0	0	0	0	0	0	
1335.460317	8	6	3	0	2	7	1	3291	-1350	29	80124	11	6	48	0	0	0	0	0	0	0	0	0	0	0	0	0	0	
1336.465433	8	6	3	0	2	7	1	3283	-1351	29	80184	11	6	49	0	0	0	0	0	0	0	0	0	0	0	0	0	0	
1337.470567	8	6	3	0	2	7	1	3276	-1350	29	80245	11	6	51	0	0	0	0	0	0	0	0	0	0	0	0	0	0	
1338.456967	8	6	3	0	2	7	1	3269	-1349	29	80304	11	6	53	0	0	0	0	0	0	0	0	0	0	0	0	0	0	
1339.462083	8	6	3	0	2	7	1	3262	-1350	29	80364	11	6	54	0	0	0	0	0	0	0	0	0	0	0	0	0	0	
1340.468633	8	6	3	0	2	7	1	3255	-1350	29	80424	11	6	56	0	0	0	0	0	0	0	0	0	0	0	0	0	0	
1341.473767	8	6	3	0	2	7	1	3248	-1350	29	80485	11	6	58	0	0	0	0	0	0	0	0	0	0	0	0	0	0	
1342.460167	8	6	3	0	2	7	1	3242	-1348	29	80544	11	6	59	0	0	0	0	0	0	0	0	0	0	0	0	0	0	
1343.465283	8	6	3	0	2	7	1	3236	-1349	29	80604	11	6	61	0	0	0	0	0	0	0	0	0	0	0	0	0	0	
1344.470400	8	6	3	0	2	7	1	3229	-1349	29	80665	11	6	63	0	0	0	0	0	0	0	0	0	0	0	0	0	0	
1345.456800	8	6	3	0	2	7	1	3224	-1350	29	80724	11	6	64	0	0	0	0	0	0	0	0	0	0	0	0	0	0	
1346.461917	8	6	3	0	2	7	1	3218	-1349	29	80784	11	6	66	0	0	0	0	0	0	0	0	0	0	0	0	0	0	
1347.471367	8	6	3	0	2	7	1	3211	-1349	29	80845	11	6	68	0	0	0	0	0	0	0	0	0	0	0	0	0	0	
1348.457767	8	6	3	0	2	7	1	3205	-1350	29	80904	11	6	69	0	0	0	0	0	0	0	0	0	0	0	0	0	0	
1349.462883	8	6	3	0	2	7	1	3201	-1351	29	80964	11	6	71	0	0	0	0	0	0	0	0	0	0	0	0	0	0	
1350.468000	8	6	3	0	2	7	1	3194	-1349	29	81024	11	6	73	0	0	0	0	0	0	0	0	0	0	0	0	0	0	
1351.473117	8	6	3	0	2	7	1	3187	-1348	29	81085	11	6	74	0	0	0	0	0	0	0	0	0	0	0	0	0	0	
1352.459517	8	6	3	0	2	7	1	3182	-1349	29	81144	11	6	76	0	0	0	0	0	0	0	0	0	0	0	0	0	0	
1353.464633	8	6	3	0	2	7	1	3172	-1349	29	81204	11	6	78	0	0	0	0	0	0	0	0	0	0	0	0	0	0	
1354.471200	8	6	3	0	2	7	1	3162	-1349	29	81264	11	6	79	0	0	0	0	0	0	0	0	0	0	0	0	0	0	
1355.457600	8	6	3	0	2	7	1	3150	-1351	29	81324	11	6	81	0	0	0	0	0	0	0	0	0	0	0	0	0	0	
1356.462717	8	6	3	0	2	7	1	3135	-1348	29	81384	11	6	82	0	0	0	0	0	0	0	0	0	0	0	0	0	0	
1357.467833	8	6	3	0	2	7	1	3117	-1349	29	81444	11	6	84	0	0	0	0	0	0	0	0	0	0	0	0	0	0	
1358.472967	8	6	3	0	2	7	1	3093	-1350	29	81505	11	6	86	0	0	0	0	0	0	0	0	0	0	0	0	0	0	
1359.459367	8	6	3	0	2	7	1	3061	-1349	29	81564	11	6	87	0	0	0	0	0	0	0	0	0	0	0	0	0	0	
1360.464483	8	6	3	0	2	7	1	3013	-1349	29	81624	11	6	89	0	0	0	0	0	0	0	0	0	0	0	0	0	0	
1361.469600	8	6	3	0	2	7	1	2939	-1350	29	81684	11	6	91	0	0	0	0	0	0	0	0	0	0	0	0	0	0	
1362.461767	8	6	3	0	2	7	1	2803	-1350	29	81744	11	6	92	0	0	0	0	0	0	0	0	0	0	0	0	0	0	
1362.921117	8	15	3	0	1	31	2	2794	8	29	81771	12	6	93	0	0	0	0	0	0	0	0	0	0	0	0	0	0	
1362.941283	8	3	3	0	1	2	2	3398	677	29	81773	13	6	93	0	0	0	0	0	0	0	0	0	0	0	0	0	0	
1363.469767	8	3	3	0	1	2	2	3571	674	29	81804	13	6	93	0	0	0	0	0	0	0	0	0	0	0	0	0	0	
1364.474883	8	3	3	0	1	2	2	3697	674	29	81865	13	6	93	0	0	0	0	0	0	0	0	0	0	0	0	0	0	
1365.461283	8	3	3	0	1	2	2	3774	674	29	81924	13	6	93	0	0	0	0	0	0	0	0	0	0	0	0	0	0	
1366.467833	8	3	3	0	1	2	2	3831	675	29	81984	13	6	93	0	0	0	0	0	0	0	0	0	0	0	0	0	0	
1367.472967	8	3	3	0	1	2	2	3875	675	29	82045	13	6	93	0	0	0	0	0	0	0	0	0	0	0	0	0	0	
1368.459367	8	3	3	0	1	2	2	3909	675	29	82104	13	6	93	0	0	0	0	0	0	0	0	0	0	0	0	0	0	
1369.464483	8	3	3	0	1	2	2	3928	674	29	82164	13	6	93	0	0	0	0	0	0	0	0	0	0	0	0	0	0	
1370.469600	8	3	3	0	1	2	2	3935	674	29	82224	13	6	93	0	0	0	0	0	0	0	0	0	0	0	0	0	0	
1371.474717	8	3	3	0	1	2	2	3941	675	29	82285	13	6	93	0	0	0	0	0	0	0	0	0	0	0	0	0	0	
1372.461117	8	3	3	0	1	2	2	3947	674	29	82344	13	6	93	0	0	0	0	0	0	0	0	0	0	0	0	0	0	
1373.467683	8	3	3	0	1	2	2	3952	675	29	82404	13	6	93	0	0	0	0	0	0	0	0	0	0	0	0	0	0	
1374.472800	8	3	3	0	1	2	2	3958	675	29	82464	13	6	93	0	0	0	0	0	0	0	0	0	0	0	0	0	0	
1375.459200	8	3	3	0	1	2	2	3963	675	29	82524	13	6	93	0	0	0	0	0	0	0	0	0	0	0	0	0	0	
1376.464317	8	3	3	0	1	2	2	3968	674	29	82584	13	6	93	0	0	0	0	0	0	0	0	0	0	0	0	0	0	
1377.469433	8	3	3	0	1	2	2	3974	674	29	82644	13	6	93	0	0	0	0	0	0	0	0	0	0	0	0	0	0	
1378.474567	8	3	3	0	1	2	2	3980	675	29	82705	13	6	93	0	0	0	0	0	0	0	0	0	0	0	0	0	0	
1379.460967	8	3	3	0	1	2	2	3986	675	29	82764	13	6	93	0	0	0	0	0	0	0	0	0	0	0	0	0	0	
1380.466083	8	3	3	0	1	2	2	3992	675	29	82824	13	6	93	0	0	0	0	0	0	0	0	0	0	0	0	0	0	
1381.472633	8	3	3	0	1	2	2	3998	674	29	82884	13	6	93	0	0	0	0	0	0	0	0	0	0	0	0	0	0	
1382.477767	8	3	3	0	1	2	2	4004	675	29	82945	13	6	93	0	0	0	0	0	0	0	0	0	0	0	0	0	0	
1383.464167	8	3	3	0	1	2	2	4009	674	29	83004	13	6	93	0	0	0	0	0	0	0	0	0	0	0	0	0	0	
1384.469283	8	3	3	0	1	2	2	4014	674	29	83064	13	6	93	0	0	0	0	0	0	0	0	0	0	0	0	0	0	
1385.474400	8	3	3	0	1	2	2	4020	675	29	83125	13	6	93	0	0	0	0	0	0	0	0	0	0	0	0	0	0	
1386.460800	8	3	3	0	1	2	2	4024	674	29	83184	13	6	93	0	0	0	0	0	0	0	0	0	0	0	0	0	0	
1387.465917	8	3	3	0	1	2	2	4029	675	29	83244	13	6	93	0	0	0	0	0	0	0	0	0	0	0	0	0	0	
1388.472483	8	3	3	0	1	2	2	4033	674	29	83304	13	6	93	0	0	0	0	0	0	0	0	0	0	0	0	0	0	
1389.477600	8	3	3	0	1	2	2	4036	675	29	83365	13	6	93	0	0	0	0	0	0	0	0	0	0	0	0	0	0	
1390.464000	8	3	3	0	1	2	2	4039	674	29	83424	13	6	93	0	0	0	0	0	0	0	0	0	0	0	0	0	0	
1391.469117	8	3	3	0	1	2	2	4042	675	29	83484	13	6	93	0	0	0	0	0	0	0	0	0	0	0	0	0	0	
1392.474233	8	3	3	0	1	2	2	4044	674	29	83544	13	6	93	0	0	0	0	0	0	0	0	0	0	0	0	0	0	
1393.460633	8	3	3	0	1	2	2	4046	675	29	83604	13	6	93	0	0	0	0	0	0	0	0	0	0	0	0	0	0	
1394.465767	8	3	3	0	1	2	2	4049	675	29	83664	13	6	93	0	0	0	0	0	0	0	0	0	0	0	0	0	0	
1395.470883	8	3	3	0	1	2	2	4051	674	29	83724	13	6	93	0	0	0	0	0	0	0	0	0	0	0	0	0	0	
1396.477433	8	3	3	0	1	2	2	4054	675	29	83785	13	6	93	0	0	0	0	0	0	0	0	0	0	0	0	0	0	
1397.463833	8	3	3	0	1	2	2	4056	674	29	83844	13	6	93	0	0	0	0	0	0	0	0	0	0	0	0	0	0	
1398.468967	8	3	3	0	1	2	2	4058	674	29	83904	13	6	93	0	0	0	0	0	0	0	0	0	0	0	0	0	0	
1399.474083	8	3	3	0	1	2	2	4060	674	29	83964	13	6	93	0	0	0	0	0	0	0	0	0	0	0	0	0	0	
1400.460483	8	3	3	0	1	2	2	4063	674	29	84024	13	6	93	0	0	0	0	0	0	0	0	0	0	0	0	0	0	
1401.465600	8	3	3	0	1	2	2	4065	674	29	84084	13	6	93	0	0	0	0	0	0	0	0	0	0	0	0	0	0	
1402.470717	8	3	3	0	1	2	2	4068	675	29	84144	13	6	93	0	0	0	0	0	0	0	0	0	0	0	0	0	0	
1403.475833	8	3	3	0	1	2	2	4071	675	29	84205	13	6	93	0	0	0	0	0	0	0	0	0	0	0	0	0	0	
1404.462233	8	3	3	0	1	2	2	4073	675	29	84264	13	6	93	0	0	0	0	0	0	0	0	0	0	0	0	0	0	
1405.468800	8	3	3	0	1	2	2	4076	674	29	84324	13	6	93	0	0	0	0	0	0	0	0	0	0	0	0	0	0	
1406.473917	8	3	3	0	1	2	2	4079	674	29	84384	13	6	93	0	0	0	0	0	0	0	0	0	0	0	0	0	0	
1407.479033	8	3	3	0	1	2	2	4081	674	29	84445	13	6	93	0	0	0	0	0	0	0	0	0	0	0	0	0	0	
1408.465433	8	3	3	0	1	2	2	4084	674	29	84504	13	6	93	0	0	0	0	0	0	0	0	0	0	0	0	0	0	
1409.470567	8	3	3	0	1	2	2	4087	674	29	84564	13	6	93	0	0	0	0	0	0	0	0	0	0	0	0	0	0	
1410.475683	8	3	3	0	1	2	2	4090	675	29	84625	13	6	93	0	0	0	0	0	0	0	0	0	0	0	0	0	0	
1411.462083	8	3	3	0	1	2	2	4094	675	29	84684	13	6	93	0	0	0	0	0	0	0	0	0	0	0	0	0	0	
1412.467200	8	3	3	0	1	2	2	4097	675	29	84744	13	6	93	0	0	0	0	0	0	0	0	0	0	0	0	0	0	
1413.473767	8	3	3	0	1	2	2	4100	675	29	84804	13	6	93	0	0	0	0	0	0	0	0	0	0	0	0	0	0	
1414.478883	8	3	3	0	1	2	2	4103	674	29	84865	13	6	93	0	0	0	0	0	0	0	0	0	0	0	0	0	0	
1415.466717	8	3	3	0	1	2	2	4106	674	29	84924	13	6	93	0	0	0	0	0	0	0	0	0	0	0	0	0	0	
1416.471833	8	3	3	0	1	2	2	4109	675	29	84984	13	6	93	0	0	0	0	0	0	0	0	0	0	0	0	0	0	
1417.476967	8	3	3	0	1	2	2	4113	675	29	85045	13	6	93	0	0	0	0	0	0	0	0	0	0	0	0	0	0	
1418.463367	8	3	3	0	1	2	2	4116	675	29	85104	13	6	93	0	0	0	0	0	0	0	0	0	0	0	0	0	0	
1419.469917	8	3	3	0	1	2	2	4117	668	29	85164	13	6	93	0	0	0	0	0	0	0	0	0	0	0	0	0	0	
1420.475033	8	3	3	0	1	2	2	4120	668	29	85224	13	6	93	0	0	0	0	0	0	0	0	0	0	0	0	0	0	
1421.480167	8	3	3	0	1	2	2	4123	666	29	85285	13	6	93	0	0	0	0	0	0	0	0	0	0	0	0	0	0	
1422.466567	8	3	3	0	1	2	2	4126	665	29	85344	13	6	93	0	0	0	0	0	0	0	0	0	0	0	0	0	0	
1423.471683	8	3	3	0	1	2	2	4130	665	29	85404	13	6	93	0	0	0	0	0	0	0	0	0	0	0	0	0	0	
1424.476800	8	3	3	0	1	2	2	4134	665	29	85465	13	6	93	0	0	0	0	0	0	0	0	0	0	0	0	0	0	
1425.463200	8	3	3	0	1	2	2	4138	664	29	85524	13	6	93	0	0	0	0	0	0	0	0	0	0	0	0	0	0	
1426.468317	8	3	3	0	1	2	2	4141	663	29	85584	13	6	93	0	0	0	0	0	0	0	0	0	0	0	0	0	0	
1427.476317	8	3	3	0	1	2	2	4146	663	29	85644	13	6	93	0	0	0	0	0	0	0	0	0	0	0	0	0	0	
1428.462717	8	3	3	0	1	2	2	4149	664	29	85704	13	6	93	0	0	0	0	0	0	0	0	0	0	0	0	0	0	
1429.467833	8	3	3	0	1	2	2	4153	662	29	85764	13	6	93	0	0	0	0	0	0	0	0	0	0	0	0	0	0	
1430.472967	8	3	3	0	1	2	2	4158	662	29	85824	13	6	93	0	0	0	0	0	0	0	0	0	0	0	0	0	0	
1431.478083	8	3	3	0	1	2	2	4162	661	29	85885	13	6	93	0	0	0	0	0	0	0	0	0	0	0	0	0	0	
1432.464483	8	3	3	0	1	2	2	4166	660	29	85944	13	6	93	0	0	0	0	0	0	0	0	0	0	0	0	0	0	
1433.469600	8	3	3	0	1	2	2	4170	660	29	86004	13	6	93	0	0	0	0	0	0	0	0	0	0	0	0	0	0	
1434.474717	8	3	3	0	1	2	2	4174	659	29	86064	13	6	93	0	0	0	0	0	0	0	0	0	0	0	0	0	0	
1435.479833	8	3	3	0	1	2	2	4179	658	29	86125	13	6	93	0	0	0	0	0	0	0	0	0	0	0	0	0	0	
1436.467683	8	3	3	0	1	2	2	4184	658	29	86184	13	6	93	0	0	0	0	0	0	0	0	0	0	0	0	0	0	
1437.472800	8	3	3	0	1	2	2	4188	658	29	86244	13	6	93	0	0	0	0	0	0	0	0	0	0	0	0	0	0	
1438.477917	8	3	3	0	1	2	2	4193	656	29	86304	13	6	93	0	0	0	0	0	0	0	0	0	0	0	0	0	0	
1439.464317	8	3	3	0	1	2	2	4197	657	29	86364	13	6	93	0	0	0	0	0	0	0	0	0	0	0	0	0	0	
1440.469433	8	3	3	0	1	2	2	4199	646	29	86424	13	6	93	0	0	0	0	0	0	0	0	0	0	0	0	0	0	
1441.474567	8	3	3	0	1	2	2	4199	633	29	86484	13	6	93	0	0	0	0	0	0	0	0	0	0	0	0	0	0	
1442.479683	8	3	3	0	1	2	2	4199	620	29	86545	13	6	93	0	0	0	0	0	0	0	0	0	0	0	0	0	0	
1443.467517	8	3	3	0	1	2	2	4198	609	29	86604	13	6	93	0	0	0	0	0	0	0	0	0	0	0	0	0	0	
1444.472633	8	3	3	0	1	2	2	4199	596	29	86664	13	6	93	0	0	0	0	0	0	0	0	0	0	0	0	0	0	
1445.477767	8	3	3	0	1	2	2	4199	583	29	86724	13	6	93	0	0	0	0	0	0	0	0	0	0	0	0	0	0	
1446.464167	8	3	3	0	1	2	2	4198	572	29	86784	13	6	93	0	0	0	0	0	0	0	0	0	0	0	0	0	0	
1447.469283	8	3	3	0	1	2	2	4199	561	29	86844	13	6	93	0	0	0	0	0	0	0	0	0	0	0	0	0	0	
1448.474400	8	3	3	0	1	2	2	4198	549	29	86904	13	6	93	0	0	0	0	0	0	0	0	0	0	0	0	0	0	
1449.479517	8	3	3	0	1	2	2	4198	537	29	86965	13	6	93	0	0	0	0	0	0	0	0	0	0	0	0	0	0	
1450.465917	8	3	3	0	1	2	2	4198	525	29	87024	13	6	93	0	0	0	0	0	0	0	0	0	0	0	0	0	0	
1451.471033	8	3	3	0	1	2	2	4199	514	29	87084	13	6	93	0	0	0	0	0	0	0	0	0	0	0	0	0	0	
1452.477600	8	3	3	0	1	2	2	4198	503	29	87144	13	6	93	0	0	0	0	0	0	0	0	0	0	0	0	0	0	
1453.482717	8	3	3	0	1	2	2	4199	492	29	87205	13	6	93	0	0	0	0	0	0	0	0	0	0	0	0	0	0	
1454.469117	8	3	3	0	1	2	2	4199	481	29	87264	13	6	93	0	0	0	0	0	0	0	0	0	0	0	0	0	0	
1455.474233	8	3	3	0	1	2	2	4199	470	29	87324	13	6	93	0	0	0	0	0	0	0	0	0	0	0	0	0	0	
1456.479367	8	3	3	0	1	2	2	4199	459	29	87385	13	6	93	0	0	0	0	0	0	0	0	0	0	0	0	0	0	
1457.465767	8	3	3	0	1	2	2	4199	450	29	87444	13	6	93	0	0	0	0	0	0	0	0	0	0	0	0	0	0	
1458.470883	8	3	3	0	1	2	2	4199	439	29	87504	13	6	93	0	0	0	0	0	0	0	0	0	0	0	0	0	0	
1459.477433	8	3	3	0	1	2	2	4199	429	29	87564	13	6	93	0	0	0	0	0	0	0	0	0	0	0	0	0	0	
1460.482567	8	3	3	0	1	2	2	4199	419	29	87625	13	6	93	0	0	0	0	0	0	0	0	0	0	0	0	0	0	
1461.468967	8	3	3	0	1	2	2	4199	409	29	87684	13	6	93	0	0	0	0	0	0	0	0	0	0	0	0	0	0	
1462.474083	8	3	3	0	1	2	2	4199	399	29	87744	13	6	93	0	0	0	0	0	0	0	0	0	0	0	0	0	0	
1463.479200	8	3	3	0	1	2	2	4199	389	29	87804	13	6	93	0	0	0	0	0	0	0	0	0	0	0	0	0	0	
1464.465600	8	3	3	0	1	2	2	4198	381	29	87864	13	6	93	0	0	0	0	0	0	0	0	0	0	0	0	0	0	
1465.470717	8	3	3	0	1	2	2	4199	372	29	87924	13	6	93	0	0	0	0	0	0	0	0	0	0	0	0	0	0	
1466.475833	8	3	3	0	1	2	2	4199	363	29	87984	13	6	93	0	0	0	0	0	0	0	0	0	0	0	0	0	0	
1467.480967	8	3	3	0	1	2	2	4199	354	29	88045	13	6	93	0	0	0	0	0	0	0	0	0	0	0	0	0	0	
1468.468800	8	3	3	0	1	2	2	4199	346	29	88104	13	6	93	0	0	0	0	0	0	0	0	0	0	0	0	0	0	
1469.473917	8	3	3	0	1	2	2	4199	337	29	88164	13	6	93	0	0	0	0	0	0	0	0	0	0	0	0	0	0	
1470.479033	8	3	3	0	1	2	2	4198	328	29	88224	13	6	93	0	0	0	0	0	0	0	0	0	0	0	0	0	0	
1471.484167	8	3	3	0	1	2	2	4198	320	29	88285	13	6	93	0	0	0	0	0	0	0	0	0	0	0	0	0	0	
1472.470567	8	3	3	0	1	2	2	4199	311	29	88344	13	6	93	0	0	0	0	0	0	0	0	0	0	0	0	0	0	
1473.475683	8	3	3	0	1	2	2	4198	302	29	88404	13	6	93	0	0	0	0	0	0	0	0	0	0	0	0	0	0	
1474.480800	8	3	3	0	1	2	2	4199	294	29	88465	13	6	93	0	0	0	0	0	0	0	0	0	0	0	0	0	0	
1475.467200	8	3	3	0	1	2	2	4199	287	29	88524	13	6	93	0	0	0	0	0	0	0	0	0	0	0	0	0	0	
1476.473767	8	3	3	0	1	2	2	4199	280	29	88584	13	6	93	0	0	0	0	0	0	0	0	0	0	0	0	0	0	
1477.478883	8	3	3	0	1	2	2	4199	274	29	88644	13	6	93	0	0	0	0	0	0	0	0	0	0	0	0	0	0	
1478.484000	8	3	3	0	1	2	2	4199	266	29	88705	13	6	93	0	0	0	0	0	0	0	0	0	0	0	0	0	0	
1479.470400	8	3	3	0	1	2	2	4199	260	29	88764	13	6	93	0	0	0	0	0	0	0	0	0	0	0	0	0	0	
1480.475517	8	3	3	0	1	2	2	4199	253	29	88824	13	6	93	0	0	0	0	0	0	0	0	0	0	0	0	0	0	
1481.483517	8	3	3	0	1	2	2	4199	246	29	88885	13	6	93	0	0	0	0	0	0	0	0	0	0	0	0	0	0	
1482.469917	8	3	3	0	1	2	2	4199	241	29	88944	13	6	93	0	0	0	0	0	0	0	0	0	0	0	0	0	0	
1483.476483	8	3	3	0	1	2	2	4199	234	29	89004	13	6	93	0	0	0	0	0	0	0	0	0	0	0	0	0	0	
1484.481600	8	3	3	0	1	2	2	4199	229	29	89064	13	6	93	0	0	0	0	0	0	0	0	0	0	0	0	0	0	
1485.468000	8	3	3	0	1	2	2	4199	222	29	89124	13	6	93	0	0	0	0	0	0	0	0	0	0	0	0	0	0	
1486.473117	8	3	3	0	1	2	2	4199	216	29	89184	13	6	93	0	0	0	0	0	0	0	0	0	0	0	0	0	0	
1487.478233	8	3	3	0	1	2	2	4199	211	29	89244	13	6	93	0	0	0	0	0	0	0	0	0	0	0	0	0	0	
1488.483367	8	3	3	0	1	2	2	4198	205	29	89305	13	6	93	0	0	0	0	0	0	0	0	0	0	0	0	0	0	
1489.469767	8	3	3	0	1	2	2	4199	200	29	89364	13	6	93	0	0	0	0	0	0	0	0	0	0	0	0	0	0	
1490.476317	8	3	3	0	1	2	2	4199	195	29	89424	13	6	93	0	0	0	0	0	0	0	0	0	0	0	0	0	0	
1491.481433	8	3	3	0	1	2	2	4198	191	29	89484	13	6	93	0	0	0	0	0	0	0	0	0	0	0	0	0	0	
1492.467833	8	3	3	0	1	2	2	4199	185	29	89544	13	6	93	0	0	0	0	0	0	0	0	0	0	0	0	0	0	
1493.472967	8	3	3	0	1	2	2	4199	181	29	89604	13	6	93	0	0	0	0	0	0	0	0	0	0	0	0	0	0	
1494.478083	8	3	3	0	1	2	2	4199	176	29	89664	13	6	93	0	0	0	0	0	0	0	0	0	0	0	0	0	0	
1495.483200	8	3	3	0	1	2	2	4199	171	29	89725	13	6	93	0	0	0	0	0	0	0	0	0	0	0	0	0	0	
1496.472483	8	3	3	0	1	2	2	4198	167	29	89784	13	6	93	0	0	0	0	0	0	0	0	0	0	0	0	0	0	
1497.479033	8	3	3	0	1	2	2	4198	163	29	89844	13	6	93	0	0	0	0	0	0	0	0	0	0	0	0	0	0	
1498.484167	8	3	3	0	1	2	2	4199	159	29	89905	13	6	93	0	0	0	0	0	0	0	0	0	0	0	0	0	0	
1499.470567	8	3	3	0	1	2	2	4198	154	29	89964	13	6	93	0	0	0	0	0	0	0	0	0	0	0	0	0	0	
1500.475683	8	3	3	0	1	2	2	4198	150	29	90024	13	6	93	0	0	0	0	0	0	0	0	0	0	0	0	0	0	
1501.480800	8	3	3	0	1	2	2	4199	147	29	90084	13	6	93	0	0	0	0	0	0	0	0	0	0	0	0	0	0	
1502.485917	8	3	3	0	1	2	2	4199	143	29	90145	13	6	93	0	0	0	0	0	0	0	0	0	0	0	0	0	0	
1503.472317	8	3	3	0	1	2	2	4199	139	29	90204	13	6	93	0	0	0	0	0	0	0	0	0	0	0	0	0	0	
1504.477433	8	3	3	0	1	2	2	4198	136	29	90264	13	6	93	0	0	0	0	0	0	0	0	0	0	0	0	0	0	
1505.482567	8	3	3	0	1	2	2	4198	133	29	90325	13	6	93	0	0	0	0	0	0	0	0	0	0	0	0	0	0	
1506.468967	8	3	3	0	1	2	2	4199	129	29	90384	13	6	93	0	0	0	0	0	0	0	0	0	0	0	0	0	0	
1507.476967	8	3	3	0	1	2	2	4199	125	29	90444	13	6	93	0	0	0	0	0	0	0	0	0	0	0	0	0	0	
1508.482083	8	3	3	0	1	2	2	4198	122	29	90504	13	6	93	0	0	0	0	0	0	0	0	0	0	0	0	0	0	
1509.487200	8	3	3	0	1	2	2	4198	119	29	90565	13	6	93	0	0	0	0	0	0	0	0	0	0	0	0	0	0	
1510.473600	8	3	3	0	1	2	2	4199	116	29	90624	13	6	93	0	0	0	0	0	0	0	0	0	0	0	0	0	0	
1511.478717	8	3	3	0	1	2	2	4199	114	29	90684	13	6	93	0	0	0	0	0	0	0	0	0	0	0	0	0	0	
1512.483833	8	3	3	0	1	2	2	4198	111	29	90745	13	6	93	0	0	0	0	0	0	0	0	0	0	0	0	0	0	
1513.470233	8	3	3	0	1	2	2	4198	108	29	90804	13	6	93	0	0	0	0	0	0	0	0	0	0	0	0	0	0	
1514.475367	8	3	3	0	1	2	2	4198	105	29	90864	13	6	93	0	0	0	0	0	0	0	0	0	0	0	0	0	0	
1515.480483	8	3	3	0	1	2	2	4199	102	29	90924	13	6	93	0	0	0	0	0	0	0	0	0	0	0	0	0	0	
1516.487033	8	3	3	0	1	2	2	4198	100	29	90985	13	6	93	0	0	0	0	0	0	0	0	0	0	0	0	0	0	
1517.473433	8	3	3	0	1	2	2	4198	98	29	91044	13	6	93	0	0	0	0	0	0	0	0	0	0	0	0	0	0	
1518.478567	8	3	3	0	1	2	2	4199	94	29	91104	13	6	93	0	0	0	0	0	0	0	0	0	0	0	0	0	0	
1519.483683	8	3	3	0	1	2	2	4198	92	29	91164	13	6	93	0	0	0	0	0	0	0	0	0	0	0	0	0	0	
1520.470083	8	3	3	0	1	2	2	4199	90	29	91224	13	6	93	0	0	0	0	0	0	0	0	0	0	0	0	0	0	
1521.475200	8	3	3	0	1	2	2	4198	87	29	91284	13	6	93	0	0	0	0	0	0	0	0	0	0	0	0	0	0	
1522.480317	8	3	3	0	1	2	2	4199	85	29	91344	13	6	93	0	0	0	0	0	0	0	0	0	0	0	0	0	0	
1523.485433	8	3	3	0	1	2	2	4199	84	29	91405	13	6	93	0	0	0	0	0	0	0	0	0	0	0	0	0	0	
1524.473283	8	3	3	0	1	2	2	4198	81	29	91464	13	6	93	0	0	0	0	0	0	0	0	0	0	0	0	0	0	
1525.478400	8	3	3	0	1	2	2	4199	79	29	91524	13	6	93	0	0	0	0	0	0	0	0	0	0	0	0	0	0	
1526.483517	8	3	3	0	1	2	2	4198	76	29	91584	13	6	93	0	0	0	0	0	0	0	0	0	0	0	0	0	0	
1527.488633	8	3	3	0	1	2	2	4198	74	29	91645	13	6	93	0	0	0	0	0	0	0	0	0	0	0	0	0	0	
1528.475033	8	3	3	0	1	2	2	4198	72	29	91704	13	6	93	0	0	0	0	0	0	0	0	0	0	0	0	0	0	
1529.480167	8	3	3	0	1	2	2	4199	72	29	91764	13	6	93	0	0	0	0	0	0	0	0	0	0	0	0	0	0	
1530.485283	8	3	3	0	1	2	2	4198	69	29	91825	13	6	93	0	0	0	0	0	0	0	0	0	0	0	0	0	0	
1531.471683	8	3	3	0	1	2	2	4199	67	29	91884	13	6	93	0	0	0	0	0	0	0	0	0	0	0	0	0	0	
1531.818717	8	6	3	0	2	7	1	4048	-395	29	91905	13	7	0	0	0	0	0	0	0	0	0	0	0	0	0	0	0	
1532.479683	8	6	3	0	2	7	1	3645	-1350	29	91944	13	7	1	0	0	0	0	0	0	0	0	0	0	0	0	0	0	
1533.484800	8	6	3	0	2	7	1	3612	-1349	29	92004	13	7	2	0	0	0	0	0	0	0	0	0	0	0	0	0	0	
1534.471200	8	6	3	0	2	7	1	3593	-1348	29	92064	13	7	4	0	0	0	0	0	0	0	0	0	0	0	0	0	0	
1535.476317	8	6	3	0	2	7	1	3574	-1349	29	92124	13	7	5	0	0	0	0	0	0	0	0	0	0	0	0	0	0	
1536.481433	8	6	3	0	2	7	1	3562	-1349	29	92184	13	7	7	0	0	0	0	0	0	0	0	0	0	0	0	0	0	
1537.488000	8	6	3	0	2	7	1	3552	-1350	29	92245	13	7	9	0	0	0	0	0	0	0	0	0	0	0	0	0	0	
1538.474400	8	6	3	0	2	7	1	3534	-1350	29	92304	13	7	10	0	0	0	0	0	0	0	0	0	0	0	0	0	0	
1539.479517	8	6	3	0	2	7	1	3527	-1350	29	92364	13	7	12	0	0	0	0	0	0	0	0	0	0	0	0	0	0	
1540.484633	8	6	3	0	2	7	1	3510	-1350	29	92424	13	7	14	0	0	0	0	0	0	0	0	0	0	0	0	0	0	
1541.471033	8	6	3	0	2	7	1	3497	-1349	29	92484	13	7	15	0	0	0	0	0	0	0	0	0	0	0	0	0	0	
1542.476167	8	6	3	0	2	7	1	3485	-1350	29	92544	13	7	17	0	0	0	0	0	0	0	0	0	0	0	0	0	0	
1543.481283	8	6	3	0	2	7	1	3474	-1351	29	92604	13	7	19	0	0	0	0	0	0	0	0	0	0	0	0	0	0	
1544.486400	8	6	3	0	2	7	1	3460	-1350	29	92665	13	7	20	0	0	0	0	0	0	0	0	0	0	0	0	0	0	
1545.472800	8	6	3	0	2	7	1	3447	-1349	29	92724	13	7	22	0	0	0	0	0	0	0	0	0	0	0	0	0	0	
1546.477917	8	6	3	0	2	7	1	3435	-1350	29	92784	13	7	24	0	0	0	0	0	0	0	0	0	0	0	0	0	0	
1547.484483	8	6	3	0	2	7	1	3424	-1350	29	92844	13	7	25	0	0	0	0	0	0	0	0	0	0	0	0	0	0	
1548.489600	8	6	3	0	2	7	1	3412	-1349	29	92905	13	7	27	0	0	0	0	0	0	0	0	0	0	0	0	0	0	
1549.476000	8	6	3	0	2	7	1	3401	-1351	29	92964	13	7	29	0	0	0	0	0	0	0	0	0	0	0	0	0	0	
1550.481117	8	6	3	0	2	7	1	3390	-1349	29	93024	13	7	30	0	0	0	0	0	0	0	0	0	0	0	0	0	0	
1551.486233	8	6	3	0	2	7	1	3380	-1351	29	93084	13	7	32	0	0	0	0	0	0	0	0	0	0	0	0	0	0	
1552.472633	8	6	3	0	2	7	1	3371	-1350	29	93144	13	7	34	0	0	0	0	0	0	0	0	0	0	0	0	0	0	
1553.477767	8	6	3	0	2	7	1	3359	-1348	29	93204	13	7	35	0	0	0	0	0	0	0	0	0	0	0	0	0	0	
1554.482883	8	6	3	0	2	7	1	3350	-1348	29	93264	13	7	37	0	0	0	0	0	0	0	0	0	0	0	0	0	0	
1555.489433	8	6	3	0	2	7	1	3341	-1350	29	93325	13	7	39	0	0	0	0	0	0	0	0	0	0	0	0	0	0	
1556.475833	8	6	3	0	2	7	1	3332	-1350	29	93384	13	7	40	0	0	0	0	0	0	0	0	0	0	0	0	0	0	
1557.480967	8	6	3	0	2	7	1	3323	-1350	29	93444	13	7	42	0	0	0	0	0	0	0	0	0	0	0	0	0	0	
1558.486083	8	6	3	0	2	7	1	3315	-1349	29	93504	13	7	44	0	0	0	0	0	0	0	0	0	0	0	0	0	0	
1559.472483	8	6	3	0	2	7	1	3307	-1350	29	93564	13	7	45	0	0	0	0	0	0	0	0	0	0	0	0	0	0	
1560.477600	8	6	3	0	2	7	1	3299	-1349	29	93624	13	7	47	0	0	0	0	0	0	0	0	0	0	0	0	0	0	
1561.484167	8	6	3	0	2	7	1	3291	-1350	29	93684	13	7	49	0	0	0	0	0	0	0	0	0	0	0	0	0	0	
1562.490717	8	6	3	0	2	7	1	3284	-1350	29	93745	13	7	50	0	0	0	0	0	0	0	0	0	0	0	0	0	0	
1563.477117	8	6	3	0	2	7	1	3277	-1350	29	93804	13	7	52	0	0	0	0	0	0	0	0	0	0	0	0	0	0	
1564.482233	8	6	3	0	2	7	1	3271	-1349	29	93864	13	7	54	0	0	0	0	0	0	0	0	0	0	0	0	0	0	
1565.487367	8	6	3	0	2	7	1	3265	-1349	29	93924	13	7	55	0	0	0	0	0	0	0	0	0	0	0	0	0	0	
1566.473767	8	6	3	0	2	7	1	3259	-1349	29	93984	13	7	57	0	0	0	0	0	0	0	0	0	0	0	0	0	0	
1567.478883	8	6	3	0	2	7	1	3254	-1349	29	94044	13	7	58	0	0	0	0	0	0	0	0	0	0	0	0	0	0	
1568.484000	8	6	3	0	2	7	1	3248	-1350	29	94104	13	7	60	0	0	0	0	0	0	0	0	0	0	0	0	0	0	
1569.489117	8	6	3	0	2	7	1	3242	-1350	29	94165	13	7	62	0	0	0	0	0	0	0	0	0	0	0	0	0	0	
1570.475517	8	6	3	0	2	7	1	3235	-1351	29	94224	13	7	63	0	0	0	0	0	0	0	0	0	0	0	0	0	0	
1571.482083	8	6	3	0	2	7	1	3230	-1350	29	94284	13	7	65	0	0	0	0	0	0	0	0	0	0	0	0	0	0	
1572.487200	8	6	3	0	2	7	1	3224	-1350	29	94344	13	7	67	0	0	0	0	0	0	0	0	0	0	0	0	0	0	
1573.473600	8	6	3	0	2	7	1	3217	-1350	29	94404	13	7	68	0	0	0	0	0	0	0	0	0	0	0	0	0	0	
1574.478717	8	6	3	0	2	7	1	3212	-1349	29	94464	13	7	70	0	0	0	0	0	0	0	0	0	0	0	0	0	0	
1575.483833	8	6	3	0	2	7	1	3205	-1350	29	94524	13	7	72	0	0	0	0	0	0	0	0	0	0	0	0	0	0	
1576.488967	8	6	3	0	2	7	1	3198	-1350	29	94585	13	7	73	0	0	0	0	0	0	0	0	0	0	0	0	0	0	
1577.475367	8	6	3	0	2	7	1	3190	-1350	29	94644	13	7	75	0	0	0	0	0	0	0	0	0	0	0	0	0	0	
1578.481917	8	6	3	0	2	7	1	3181	-1351	29	94704	13	7	77	0	0	0	0	0	0	0	0	0	0	0	0	0	0	
1579.487033	8	6	3	0	2	7	1	3171	-1349	29	94764	13	7	78	0	0	0	0	0	0	0	0	0	0	0	0	0	0	
1580.492167	8	6	3	0	2	7	1	3159	-1348	29	94825	13	7	80	0	0	0	0	0	0	0	0	0	0	0	0	0	0	
1581.478567	8	6	3	0	2	7	1	3145	-1349	29	94884	13	7	82	0	0	0	0	0	0	0	0	0	0	0	0	0	0	
1582.483683	8	6	3	0	2	7	1	3129	-1349	29	94944	13	7	83	0	0	0	0	0	0	0	0	0	0	0	0	0	0	
1583.488800	8	6	3	0	2	7	1	3109	-1349	29	95005	13	7	85	0	0	0	0	0	0	0	0	0	0	0	0	0	0	
1584.475200	8	6	3	0	2	7	1	3080	-1350	29	95064	13	7	87	0	0	0	0	0	0	0	0	0	0	0	0	0	0	
1585.480317	8	6	3	0	2	7	1	3041	-1349	29	95124	13	7	88	0	0	0	0	0	0	0	0	0	0	0	0	0	0	
1586.486883	8	6	3	0	2	7	1	2982	-1349	29	95184	13	7	90	0	0	0	0	0	0	0	0	0	0	0	0	0	0	
1587.492000	8	6	3	0	2	7	1	2883	-1349	29	95245	13	7	92	0	0	0	0	0	0	0	0	0	0	0	0	0	0	
1588.440967	8	15	3	0	1	31	2	3352	589	29	95302	15	7	93	0	0	0	0	0	0	0	0	0	0	0	0	0	0	
1588.461117	8	3	3	0	1	2	2	3405	676	29	95303	15	7	93	0	0	0	0	0	0	0	0	0	0	0	0	0	0	
1588.481283	8	3	3	0	1	2	2	3420	675	29	95304	15	7	93	0	0	0	0	0	0	0	0	0	0	0	0	0	0	
1589.486400	8	3	3	0	1	2	2	3641	675	29	95364	15	7	93	0	0	0	0	0	0	0	0	0	0	0	0	0	0	
1590.492967	8	3	3	0	1	2	2	3735	676	29	95425	15	7	93	0	0	0	0	0	0	0	0	0	0	0	0	0	0	
1591.479367	8	3	3	0	1	2	2	3799	674	29	95484	15	7	93	0	0	0	0	0	0	0	0	0	0	0	0	0	0	
1592.484483	8	3	3	0	1	2	2	3849	674	29	95544	15	7	93	0	0	0	0	0	0	0	0	0	0	0	0	0	0	
1593.489600	8	3	3	0	1	2	2	3889	675	29	95604	15	7	93	0	0	0	0	0	0	0	0	0	0	0	0	0	0	
1594.476000	8	3	3	0	1	2	2	3916	675	29	95664	15	7	93	0	0	0	0	0	0	0	0	0	0	0	0	0	0	
1595.481117	8	3	3	0	1	2	2	3927	675	29	95724	15	7	93	0	0	0	0	0	0	0	0	0	0	0	0	0	0	
1596.486233	8	3	3	0	1	2	2	3933	674	29	95784	15	7	93	0	0	0	0	0	0	0	0	0	0	0	0	0	0	
1597.491367	8	3	3	0	1	2	2	3939	674	29	95845	15	7	93	0	0	0	0	0	0	0	0	0	0	0	0	0	0	
1598.477767	8	3	3	0	1	2	2	3944	675	29	95904	15	7	93	0	0	0	0	0	0	0	0	0	0	0	0	0	0	
1599.484317	8	3	3	0	1	2	2	3950	674	29	95964	15	7	93	0	0	0	0	0	0	0	0	0	0	0	0	0	0	
1600.489433	8	3	3	0	1	2	2	3955	675	29	96024	15	7	93	0	0	0	0	0	0	0	0	0	0	0	0	0	0	
1601.494567	8	3	3	0	1	2	2	3960	674	29	96085	15	7	93	0	0	0	0	0	0	0	0	0	0	0	0	0	0	
1602.480967	8	3	3	0	1	2	2	3965	674	29	96144	15	7	93	0	0	0	0	0	0	0	0	0	0	0	0	0	0	
1603.486083	8	3	3	0	1	2	2	3971	674	29	96204	15	7	93	0	0	0	0	0	0	0	0	0	0	0	0	0	0	
1604.491200	8	3	3	0	1	2	2	3978	674	29	96265	15	7	93	0	0	0	0	0	0	0	0	0	0	0	0	0	0	
1605.477600	8	3	3	0	1	2	2	3983	675	29	96324	15	7	93	0	0	0	0	0	0	0	0	0	0	0	0	0	0	
1606.482717	8	3	3	0	1	2	2	3990	675	29	96384	15	7	93	0	0	0	0	0	0	0	0	0	0	0	0	0	0	
1607.487833	8	3	3	0	1	2	2	3996	674	29	96444	15	7	93	0	0	0	0	0	0	0	0	0	0	0	0	0	0	
1608.492967	8	3	3	0	1	2	2	4001	674	29	96505	15	7	93	0	0	0	0	0	0	0	0	0	0	0	0	0	0	
1609.485117	8	3	3	0	1	2	2	4007	674	29	96564	15	7	93	0	0	0	0	0	0	0	0	0	0	0	0	0	0	
1610.490233	8	3	3	0	1	2	2	4012	674	29	96624	15	7	93	0	0	0	0	0	0	0	0	0	0	0	0	0	0	
1611.476633	8	3	3	0	1	2	2	4017	675	29	96684	15	7	93	0	0	0	0	0	0	0	0	0	0	0	0	0	0	
1612.481767	8	3	3	0	1	2	2	4021	674	29	96744	15	7	93	0	0	0	0	0	0	0	0	0	0	0	0	0	0	
1613.488317	8	3	3	0	1	2	2	4025	674	29	96804	15	7	93	0	0	0	0	0	0	0	0	0	0	0	0	0	0	
1614.477600	8	3	3	0	1	2	2	4029	674	29	96864	15	7	93	0	0	0	0	0	0	0	0	0	0	0	0	0	0	
1615.482717	8	3	3	0	1	2	2	4032	675	29	96924	15	7	93	0	0	0	0	0	0	0	0	0	0	0	0	0	0	
1616.487833	8	3	3	0	1	2	2	4035	674	29	96984	15	7	93	0	0	0	0	0	0	0	0	0	0	0	0	0	0	
1617.492967	8	3	3	0	1	2	2	4037	674	29	97045	15	7	93	0	0	0	0	0	0	0	0	0	0	0	0	0	0	
1618.479367	8	3	3	0	1	2	2	4040	675	29	97104	15	7	93	0	0	0	0	0	0	0	0	0	0	0	0	0	0	
1619.485917	8	3	3	0	1	2	2	4042	674	29	97164	15	7	93	0	0	0	0	0	0	0	0	0	0	0	0	0	0	
1620.491033	8	3	3	0	1	2	2	4045	675	29	97224	15	7	93	0	0	0	0	0	0	0	0	0	0	0	0	0	0	
1621.477433	8	3	3	0	1	2	2	4047	675	29	97284	15	7	93	0	0	0	0	0	0	0	0	0	0	0	0	0	0	
1622.482567	8	3	3	0	1	2	2	4049	675	29	97344	15	7	93	0	0	0	0	0	0	0	0	0	0	0	0	0	0	
1623.487683	8	3	3	0	1	2	2	4052	675	29	97404	15	7	93	0	0	0	0	0	0	0	0	0	0	0	0	0	0	
1624.492800	8	3	3	0	1	2	2	4054	674	29	97465	15	7	93	0	0	0	0	0	0	0	0	0	0	0	0	0	0	
1625.479200	8	3	3	0	1	2	2	4057	675	29	97524	15	7	93	0	0	0	0	0	0	0	0	0	0	0	0	0	0	
1626.484317	8	3	3	0	1	2	2	4059	675	29	97584	15	7	93	0	0	0	0	0	0	0	0	0	0	0	0	0	0	
1627.489433	8	3	3	0	1	2	2	4062	675	29	97644	15	7	93	0	0	0	0	0	0	0	0	0	0	0	0	0	0	
1628.494567	8	3	3	0	1	2	2	4065	675	29	97705	15	7	93	0	0	0	0	0	0	0	0	0	0	0	0	0	0	
1629.482400	8	3	3	0	1	2	2	4067	674	29	97764	15	7	93	0	0	0	0	0	0	0	0	0	0	0	0	0	0	
1630.487517	8	3	3	0	1	2	2	4070	675	29	97824	15	7	93	0	0	0	0	0	0	0	0	0	0	0	0	0	0	
1631.492633	8	3	3	0	1	2	2	4073	674	29	97884	15	7	93	0	0	0	0	0	0	0	0	0	0	0	0	0	0	
1632.479033	8	3	3	0	1	2	2	4076	674	29	97944	15	7	93	0	0	0	0	0	0	0	0	0	0	0	0	0	0	
1633.484167	8	3	3	0	1	2	2	4078	675	29	98004	15	7	93	0	0	0	0	0	0	0	0	0	0	0	0	0	0	
1634.489283	8	3	3	0	1	2	2	4081	674	29	98064	15	7	93	0	0	0	0	0	0	0	0	0	0	0	0	0	0	
1635.494400	8	3	3	0	1	2	2	4084	674	29	98125	15	7	93	0	0	0	0	0	0	0	0	0	0	0	0	0	0	
1636.480800	8	3	3	0	1	2	2	4087	675	29	98184	15	7	93	0	0	0	0	0	0	0	0	0	0	0	0	0	0	
1637.487367	8	3	3	0	1	2	2	4090	675	29	98244	15	7	93	0	0	0	0	0	0	0	0	0	0	0	0	0	0	
1638.492483	8	3	3	0	1	2	2	4094	675	29	98304	15	7	93	0	0	0	0	0	0	0	0	0	0	0	0	0	0	
1639.478883	8	3	3	0	1	2	2	4096	675	29	98364	15	7	93	0	0	0	0	0	0	0	0	0	0	0	0	0	0	
1640.484000	8	3	3	0	1	2	2	4099	675	29	98424	15	7	93	0	0	0	0	0	0	0	0	0	0	0	0	0	0	
1641.489117	8	3	3	0	1	2	2	4103	675	29	98484	15	7	93	0	0	0	0	0	0	0	0	0	0	0	0	0	0	
1642.494233	8	3	3	0	1	2	2	4106	674	29	98545	15	7	93	0	0	0	0	0	0	0	0	0	0	0	0	0	0	
1643.480633	8	3	3	0	1	2	2	4109	675	29	98604	15	7	93	0	0	0	0	0	0	0	0	0	0	0	0	0	0	
1644.485767	8	3	3	0	1	2	2	4113	675	29	98664	15	7	93	0	0	0	0	0	0	0	0	0	0	0	0	0	0	
1645.490883	8	3	3	0	1	2	2	4116	673	29	98724	15	7	93	0	0	0	0	0	0	0	0	0	0	0	0	0	0	
1646.497433	8	3	3	0	1	2	2	4117	666	29	98785	15	7	93	0	0	0	0	0	0	0	0	0	0	0	0	0	0	
1647.483833	8	3	3	0	1	2	2	4121	666	29	98844	15	7	93	0	0	0	0	0	0	0	0	0	0	0	0	0	0	
1648.488967	8	3	3	0	1	2	2	4124	665	29	98904	15	7	93	0	0	0	0	0	0	0	0	0	0	0	0	0	0	
1649.494083	8	3	3	0	1	2	2	4128	665	29	98964	15	7	93	0	0	0	0	0	0	0	0	0	0	0	0	0	0	
1650.480483	8	3	3	0	1	2	2	4131	665	29	99024	15	7	93	0	0	0	0	0	0	0	0	0	0	0	0	0	0	
1651.485600	8	3	3	0	1	2	2	4135	664	29	99084	15	7	93	0	0	0	0	0	0	0	0	0	0	0	0	0	0	
1652.490717	8	3	3	0	1	2	2	4139	664	29	99144	15	7	93	0	0	0	0	0	0	0	0	0	0	0	0	0	0	
1653.495833	8	3	3	0	1	2	2	4143	664	29	99205	15	7	93	0	0	0	0	0	0	0	0	0	0	0	0	0	0	
1654.482233	8	3	3	0	1	2	2	4146	662	29	99264	15	7	93	0	0	0	0	0	0	0	0	0	0	0	0	0	0	
1655.488800	8	3	3	0	1	2	2	4151	662	29	99324	15	7	93	0	0	0	0	0	0	0	0	0	0	0	0	0	0	
1656.493917	8	3	3	0	1	2	2	4155	661	29	99384	15	7	93	0	0	0	0	0	0	0	0	0	0	0	0	0	0	
1657.480317	8	3	3	0	1	2	2	4159	660	29	99444	15	7	93	0	0	0	0	0	0	0	0	0	0	0	0	0	0	
1658.485433	8	3	3	0	1	2	2	4164	660	29	99504	15	7	93	0	0	0	0	0	0	0	0	0	0	0	0	0	0	
1659.490567	8	3	3	0	1	2	2	4168	660	29	99564	15	7	93	0	0	0	0	0	0	0	0	0	0	0	0	0	0	
1660.495683	8	3	3	0	1	2	2	4173	659	29	99625	15	7	93	0	0	0	0	0	0	0	0	0	0	0	0	0	0	
1661.482083	8	3	3	0	1	2	2	4177	659	29	99684	15	7	93	0	0	0	0	0	0	0	0	0	0	0	0	0	0	
1662.487200	8	3	3	0	1	2	2	4182	658	29	99744	15	7	93	0	0	0	0	0	0	0	0	0	0	0	0	0	0	
1663.492317	8	3	3	0	1	2	2	4186	656	29	99804	15	7	93	0	0	0	0	0	0	0	0	0	0	0	0	0	0	
1664.497433	8	3	3	0	1	2	2	4191	656	29	99865	15	7	93	0	0	0	0	0	0	0	0	0	0	0	0	0	0	
1665.483833	8	3	3	0	1	2	2	4195	656	29	99924	15	7	93	0	0	0	0	0	0	0	0	0	0	0	0	0	0	
1666.490400	8	3	3	0	1	2	2	4199	649	29	99984	15	7	93	0	0	0	0	0	0	0	0	0	0	0	0	0	0	
1667.495517	8	3	3	0	1	2	2	4198	636	29	100044	15	7	93	0	0	0	0	0	0	0	0	0	0	0	0	0	0	
1668.481917	8	3	3	0	1	2	2	4199	623	29	100104	15	7	93	0	0	0	0	0	0	0	0	0	0	0	0	0	0	
1669.487033	8	3	3	0	1	2	2	4198	610	29	100164	15	7	93	0	0	0	0	0	0	0	0	0	0	0	0	0	0	
1670.492167	8	3	3	0	1	2	2	4198	597	29	100224	15	7	93	0	0	0	0	0	0	0	0	0	0	0	0	0	0	
1671.498717	8	3	3	0	1	2	2	4198	585	29	100285	15	7	93	0	0	0	0	0	0	0	0	0	0	0	0	0	0	
1672.483683	8	3	3	0	1	2	2	4198	574	29	100344	15	7	93	0	0	0	0	0	0	0	0	0	0	0	0	0	0	
1673.490233	8	3	3	0	1	2	2	4199	560	29	100404	15	7	93	0	0	0	0	0	0	0	0	0	0	0	0	0	0	
1674.495367	8	3	3	0	1	2	2	4199	548	29	100464	15	7	93	0	0	0	0	0	0	0	0	0	0	0	0	0	0	
1675.481767	8	3	3	0	1	2	2	4198	537	29	100524	15	7	93	0	0	0	0	0	0	0	0	0	0	0	0	0	0	
1676.486883	8	3	3	0	1	2	2	4198	525	29	100584	15	7	93	0	0	0	0	0	0	0	0	0	0	0	0	0	0	
1677.492000	8	3	3	0	1	2	2	4198	513	29	100644	15	7	93	0	0	0	0	0	0	0	0	0	0	0	0	0	0	
1678.497117	8	3	3	0	1	2	2	4198	501	29	100705	15	7	93	0	0	0	0	0	0	0	0	0	0	0	0	0	0	
1679.483517	8	3	3	0	1	2	2	4198	490	29	100764	15	7	93	0	0	0	0	0	0	0	0	0	0	0	0	0	0	
1680.488633	8	3	3	0	1	2	2	4199	478	29	100824	15	7	93	0	0	0	0	0	0	0	0	0	0	0	0	0	0	
1681.495200	8	3	3	0	1	2	2	4198	467	29	100884	15	7	93	0	0	0	0	0	0	0	0	0	0	0	0	0	0	
1682.500317	8	3	3	0	1	2	2	4198	457	29	100945	15	7	93	0	0	0	0	0	0	0	0	0	0	0	0	0	0	
1683.486717	8	3	3	0	1	2	2	4198	445	29	101004	15	7	93	0	0	0	0	0	0	0	0	0	0	0	0	0	0	
1684.491833	8	3	3	0	1	2	2	4199	435	29	101064	15	7	93	0	0	0	0	0	0	0	0	0	0	0	0	0	0	
1685.496967	8	3	3	0	1	2	2	4198	424	29	101125	15	7	93	0	0	0	0	0	0	0	0	0	0	0	0	0	0	
1686.483367	8	3	3	0	1	2	2	4198	414	29	101184	15	7	93	0	0	0	0	0	0	0	0	0	0	0	0	0	0	
1687.488483	8	3	3	0	1	2	2	4198	405	29	101244	15	7	93	0	0	0	0	0	0	0	0	0	0	0	0	0	0	
1688.493600	8	3	3	0	1	2	2	4198	394	29	101304	15	7	93	0	0	0	0	0	0	0	0	0	0	0	0	0	0	
1689.500167	8	3	3	0	1	2	2	4198	386	29	101365	15	7	93	0	0	0	0	0	0	0	0	0	0	0	0	0	0	
1690.486567	8	3	3	0	1	2	2	4199	375	29	101424	15	7	93	0	0	0	0	0	0	0	0	0	0	0	0	0	0	
1691.491683	8	3	3	0	1	2	2	4198	367	29	101484	15	7	93	0	0	0	0	0	0	0	0	0	0	0	0	0	0	
1692.496800	8	3	3	0	1	2	2	4198	357	29	101544	15	7	93	0	0	0	0	0	0	0	0	0	0	0	0	0	0	
1693.483200	8	3	3	0	1	2	2	4198	349	29	101604	15	7	93	0	0	0	0	0	0	0	0	0	0	0	0	0	0	
1694.489767	8	3	3	0	1	2	2	4199	341	29	101664	15	7	93	0	0	0	0	0	0	0	0	0	0	0	0	0	0	
1695.494883	8	3	3	0	1	2	2	4198	332	29	101724	15	7	93	0	0	0	0	0	0	0	0	0	0	0	0	0	0	
1696.500000	8	3	3	0	1	2	2	4199	324	29	101785	15	7	93	0	0	0	0	0	0	0	0	0	0	0	0	0	0	
1697.486400	8	3	3	0	1	2	2	4199	316	29	101844	15	7	93	0	0	0	0	0	0	0	0	0	0	0	0	0	0	
1698.492967	8	3	3	0	1	2	2	4198	308	29	101904	15	7	93	0	0	0	0	0	0	0	0	0	0	0	0	0	0	
1699.498083	8	3	3	0	1	2	2	4198	299	29	101964	15	7	93	0	0	0	0	0	0	0	0	0	0	0	0	0	0	
1700.484483	8	3	3	0	1	2	2	4199	292	29	102024	15	7	93	0	0	0	0	0	0	0	0	0	0	0	0	0	0	
1701.489600	8	3	3	0	1	2	2	4198	285	29	102084	15	7	93	0	0	0	0	0	0	0	0	0	0	0	0	0	0	
1702.494717	8	3	3	0	1	2	2	4199	278	29	102144	15	7	93	0	0	0	0	0	0	0	0	0	0	0	0	0	0	
1703.499833	8	3	3	0	1	2	2	4199	272	29	102205	15	7	93	0	0	0	0	0	0	0	0	0	0	0	0	0	0	
1704.486233	8	3	3	0	1	2	2	4198	264	29	102264	15	7	93	0	0	0	0	0	0	0	0	0	0	0	0	0	0	
1705.492800	8	3	3	0	1	2	2	4198	257	29	102324	15	7	93	0	0	0	0	0	0	0	0	0	0	0	0	0	0	
1706.497917	8	3	3	0	1	2	2	4198	251	29	102384	15	7	93	0	0	0	0	0	0	0	0	0	0	0	0	0	0	
1707.484317	8	3	3	0	1	2	2	4199	244	29	102444	15	7	93	0	0	0	0	0	0	0	0	0	0	0	0	0	0	
1708.489433	8	3	3	0	1	2	2	4198	238	29	102504	15	7	93	0	0	0	0	0	0	0	0	0	0	0	0	0	0	
1709.494567	8	3	3	0	1	2	2	4199	231	29	102564	15	7	93	0	0	0	0	0	0	0	0	0	0	0	0	0	0	
1710.499683	8	3	3	0	1	2	2	4198	226	29	102625	15	7	93	0	0	0	0	0	0	0	0	0	0	0	0	0	0	
1711.486083	8	3	3	0	1	2	2	4198	219	29	102684	15	7	93	0	0	0	0	0	0	0	0	0	0	0	0	0	0	
1712.491200	8	3	3	0	1	2	2	4199	214	29	102744	15	7	93	0	0	0	0	0	0	0	0	0	0	0	0	0	0	
1713.496317	8	3	3	0	1	2	2	4198	208	29	102804	15	7	93	0	0	0	0	0	0	0	0	0	0	0	0	0	0	
1714.502883	8	3	3	0	1	2	2	4198	202	29	102865	15	7	93	0	0	0	0	0	0	0	0	0	0	0	0	0	0	
1715.487833	8	3	3	0	1	2	2	4199	197	29	102924	15	7	93	0	0	0	0	0	0	0	0	0	0	0	0	0	0	
1716.494400	8	3	3	0	1	2	2	4198	192	29	102984	15	7	93	0	0	0	0	0	0	0	0	0	0	0	0	0	0	
1717.499517	8	3	3	0	1	2	2	4199	186	29	103044	15	7	93	0	0	0	0	0	0	0	0	0	0	0	0	0	0	
1718.485917	8	3	3	0	1	2	2	4199	182	29	103104	15	7	93	0	0	0	0	0	0	0	0	0	0	0	0	0	0	
1719.491033	8	3	3	0	1	2	2	4199	176	29	103164	15	7	93	0	0	0	0	0	0	0	0	0	0	0	0	0	0	
1720.496167	8	3	3	0	1	2	2	4199	172	29	103224	15	7	93	0	0	0	0	0	0	0	0	0	0	0	0	0	0	
1721.501283	8	3	3	0	1	2	2	4199	167	29	103285	15	7	93	0	0	0	0	0	0	0	0	0	0	0	0	0	0	
1722.487683	8	3	3	0	1	2	2	4199	163	29	103344	15	7	93	0	0	0	0	0	0	0	0	0	0	0	0	0	0	
1723.492800	8	3	3	0	1	2	2	4198	159	29	103404	15	7	93	0	0	0	0	0	0	0	0	0	0	0	0	0	0	
1724.497917	8	3	3	0	1	2	2	4199	155	29	103464	15	7	93	0	0	0	0	0	0	0	0	0	0	0	0	0	0	
1725.485767	8	3	3	0	1	2	2	4199	150	29	103524	15	7	93	0	0	0	0	0	0	0	0	0	0	0	0	0	0	
1726.490883	8	3	3	0	1	2	2	4198	146	29	103584	15	7	93	0	0	0	0	0	0	0	0	0	0	0	0	0	0	
1727.496000	8	3	3	0	1	2	2	4199	143	29	103644	15	7	93	0	0	0	0	0	0	0	0	0	0	0	0	0	0	
1728.501117	8	3	3	0	1	2	2	4198	140	29	103705	15	7	93	0	0	0	0	0	0	0	0	0	0	0	0	0	0	
1729.487517	8	3	3	0	1	2	2	4199	135	29	103764	15	7	93	0	0	0	0	0	0	0	0	0	0	0	0	0	0	
1730.492633	8	3	3	0	1	2	2	4199	131	29	103824	15	7	93	0	0	0	0	0	0	0	0	0	0	0	0	0	0	
1731.497767	8	3	3	0	1	2	2	4198	128	29	103884	15	7	93	0	0	0	0	0	0	0	0	0	0	0	0	0	0	
1732.502883	8	3	3	0	1	2	2	4199	125	29	103945	15	7	93	0	0	0	0	0	0	0	0	0	0	0	0	0	0	
1733.490717	8	3	3	0	1	2	2	4198	122	29	104004	15	7	93	0	0	0	0	0	0	0	0	0	0	0	0	0	0	
1734.495833	8	3	3	0	1	2	2	4199	119	29	104064	15	7	93	0	0	0	0	0	0	0	0	0	0	0	0	0	0	
1735.500967	8	3	3	0	1	2	2	4198	116	29	104124	15	7	93	0	0	0	0	0	0	0	0	0	0	0	0	0	0	
1736.487367	8	3	3	0	1	2	2	4199	113	29	104184	15	7	93	0	0	0	0	0	0	0	0	0	0	0	0	0	0	
1737.492483	8	3	3	0	1	2	2	4198	110	29	104244	15	7	93	0	0	0	0	0	0	0	0	0	0	0	0	0	0	
1738.497600	8	3	3	0	1	2	2	4198	107	29	104304	15	7	93	0	0	0	0	0	0	0	0	0	0	0	0	0	0	
1739.502717	8	3	3	0	1	2	2	4199	104	29	104365	15	7	93	0	0	0	0	0	0	0	0	0	0	0	0	0	0	
1740.489117	8	3	3	0	1	2	2	4199	101	29	104424	15	7	93	0	0	0	0	0	0	0	0	0	0	0	0	0	0	
1741.494233	8	3	3	0	1	2	2	4198	99	29	104484	15	7	93	0	0	0	0	0	0	0	0	0	0	0	0	0	0	
1742.500800	8	3	3	0	1	2	2	4199	96	29	104544	15	7	93	0	0	0	0	0	0	0	0	0	0	0	0	0	0	
1743.487200	8	3	3	0	1	2	2	4198	94	29	104604	15	7	93	0	0	0	0	0	0	0	0	0	0	0	0	0	0	
1744.492317	8	3	3	0	1	2	2	4199	92	29	104664	15	7	93	0	0	0	0	0	0	0	0	0	0	0	0	0	0	
1745.497433	8	3	3	0	1	2	2	4198	88	29	104724	15	7	93	0	0	0	0	0	0	0	0	0	0	0	0	0	0	
1746.504000	8	3	3	0	1	2	2	4198	87	29	104785	15	7	93	0	0	0	0	0	0	0	0	0	0	0	0	0	0	
1747.490400	8	3	3	0	1	2	2	4199	85	29	104844	15	7	93	0	0	0	0	0	0	0	0	0	0	0	0	0	0	
1748.499833	8	3	3	0	1	2	2	4199	82	29	104904	15	7	93	0	0	0	0	0	0	0	0	0	0	0	0	0	0	
1749.504967	8	3	3	0	1	2	2	4199	80	29	104965	15	7	93	0	0	0	0	0	0	0	0	0	0	0	0	0	0	
1750.491367	8	3	3	0	1	2	2	4199	77	29	105024	15	7	93	0	0	0	0	0	0	0	0	0	0	0	0	0	0	
1751.496483	8	3	3	0	1	2	2	4199	76	29	105084	15	7	93	0	0	0	0	0	0	0	0	0	0	0	0	0	0	
1752.501600	8	3	3	0	1	2	2	4198	73	29	105145	15	7	93	0	0	0	0	0	0	0	0	0	0	0	0	0	0	
1753.489433	8	3	3	0	1	2	2	4199	72	29	105204	15	7	93	0	0	0	0	0	0	0	0	0	0	0	0	0	0	
1754.494567	8	3	3	0	1	2	2	4198	69	29	105264	15	7	93	0	0	0	0	0	0	0	0	0	0	0	0	0	0	
1755.501117	8	3	3	0	1	2	2	4199	69	29	105324	15	7	93	0	0	0	0	0	0	0	0	0	0	0	0	0	0	
1756.074233	8	6	3	0	2	7	1	3724	-1349	29	105359	15	8	0	0	0	0	0	0	0	0	0	0	0	0	0	0	0	
1756.490400	8	6	3	0	2	7	1	3668	-1349	29	105384	15	8	0	0	0	0	0	0	0	0	0	0	0	0	0	0	0	
1757.495517	8	6	3	0	2	7	1	3624	-1349	29	105444	15	8	2	0	0	0	0	0	0	0	0	0	0	0	0	0	0	
1758.500633	8	6	3	0	2	7	1	3603	-1349	29	105504	15	8	3	0	0	0	0	0	0	0	0	0	0	0	0	0	0	
1759.505767	8	6	3	0	2	7	1	3588	-1349	29	105565	15	8	5	0	0	0	0	0	0	0	0	0	0	0	0	0	0	
1760.492167	8	6	3	0	2	7	1	3573	-1350	29	105624	15	8	7	0	0	0	0	0	0	0	0	0	0	0	0	0	0	
1761.497283	8	6	3	0	2	7	1	3556	-1350	29	105684	15	8	8	0	0	0	0	0	0	0	0	0	0	0	0	0	0	
1762.502400	8	6	3	0	2	7	1	3544	-1349	29	105744	15	8	10	0	0	0	0	0	0	0	0	0	0	0	0	0	0	
1763.488800	8	6	3	0	2	7	1	3532	-1349	29	105804	15	8	12	0	0	0	0	0	0	0	0	0	0	0	0	0	0	
1764.493917	8	6	3	0	2	7	1	3518	-1350	29	105864	15	8	13	0	0	0	0	0	0	0	0	0	0	0	0	0	0	
1765.500483	8	6	3	0	2	7	1	3505	-1349	29	105924	15	8	15	0	0	0	0	0	0	0	0	0	0	0	0	0	0	
1766.505600	8	6	3	0	2	7	1	3490	-1350	29	105985	15	8	17	0	0	0	0	0	0	0	0	0	0	0	0	0	0	
1767.492000	8	6	3	0	2	7	1	3478	-1349	29	106044	15	8	18	0	0	0	0	0	0	0	0	0	0	0	0	0	0	
1768.497117	8	6	3	0	2	7	1	3465	-1351	29	106104	15	8	20	0	0	0	0	0	0	0	0	0	0	0	0	0	0	
1769.502233	8	6	3	0	2	7	1	3453	-1349	29	106164	15	8	22	0	0	0	0	0	0	0	0	0	0	0	0	0	0	
1770.488633	8	6	3	0	2	7	1	3441	-1349	29	106224	15	8	23	0	0	0	0	0	0	0	0	0	0	0	0	0	0	
1771.493767	8	6	3	0	2	7	1	3429	-1349	29	106284	15	8	25	0	0	0	0	0	0	0	0	0	0	0	0	0	0	
1772.500317	8	6	3	0	2	7	1	3417	-1349	29	106344	15	8	27	0	0	0	0	0	0	0	0	0	0	0	0	0	0	
1773.505433	8	6	3	0	2	7	1	3408	-1351	29	106405	15	8	28	0	0	0	0	0	0	0	0	0	0	0	0	0	0	
1774.491833	8	6	3	0	2	7	1	3395	-1349	29	106464	15	8	30	0	0	0	0	0	0	0	0	0	0	0	0	0	0	
1775.496967	8	6	3	0	2	7	1	3385	-1349	29	106524	15	8	32	0	0	0	0	0	0	0	0	0	0	0	0	0	0	
1776.502083	8	6	3	0	2	7	1	3374	-1349	29	106584	15	8	33	0	0	0	0	0	0	0	0	0	0	0	0	0	0	
1777.507200	8	6	3	0	2	7	1	3363	-1349	29	106645	15	8	35	0	0	0	0	0	0	0	0	0	0	0	0	0	0	
1778.493600	8	6	3	0	2	7	1	3353	-1349	29	106704	15	8	37	0	0	0	0	0	0	0	0	0	0	0	0	0	0	
1779.498717	8	6	3	0	2	7	1	3343	-1348	29	106764	15	8	38	0	0	0	0	0	0	0	0	0	0	0	0	0	0	
1780.503833	8	6	3	0	2	7	1	3334	-1350	29	106825	15	8	40	0	0	0	0	0	0	0	0	0	0	0	0	0	0	
1781.490233	8	6	3	0	2	7	1	3325	-1350	29	106884	15	8	42	0	0	0	0	0	0	0	0	0	0	0	0	0	0	
1782.495367	8	6	3	0	2	7	1	3316	-1350	29	106944	15	8	43	0	0	0	0	0	0	0	0	0	0	0	0	0	0	
1783.501917	8	6	3	0	2	7	1	3308	-1349	29	107004	15	8	45	0	0	0	0	0	0	0	0	0	0	0	0	0	0	
1784.507033	8	6	3	0	2	7	1	3301	-1348	29	107065	15	8	47	0	0	0	0	0	0	0	0	0	0	0	0	0	0	
1785.493433	8	6	3	0	2	7	1	3293	-1350	29	107124	15	8	48	0	0	0	0	0	0	0	0	0	0	0	0	0	0	
1786.498567	8	6	3	0	2	7	1	3286	-1350	29	107184	15	8	50	0	0	0	0	0	0	0	0	0	0	0	0	0	0	
1787.503683	8	6	3	0	2	7	1	3278	-1350	29	107244	15	8	51	0	0	0	0	0	0	0	0	0	0	0	0	0	0	
1788.491517	8	6	3	0	2	7	1	3272	-1350	29	107304	15	8	53	0	0	0	0	0	0	0	0	0	0	0	0	0	0	
1789.496633	8	6	3	0	2	7	1	3265	-1349	29	107364	15	8	55	0	0	0	0	0	0	0	0	0	0	0	0	0	0	
1790.501767	8	6	3	0	2	7	1	3258	-1349	29	107424	15	8	56	0	0	0	0	0	0	0	0	0	0	0	0	0	0	
1791.506883	8	6	3	0	2	7	1	3252	-1350	29	107485	15	8	58	0	0	0	0	0	0	0	0	0	0	0	0	0	0	
1792.493283	8	6	3	0	2	7	1	3246	-1349	29	107544	15	8	60	0	0	0	0	0	0	0	0	0	0	0	0	0	0	
1793.498400	8	6	3	0	2	7	1	3239	-1351	29	107604	15	8	61	0	0	0	0	0	0	0	0	0	0	0	0	0	0	
1794.503517	8	6	3	0	2	7	1	3233	-1348	29	107664	15	8	63	0	0	0	0	0	0	0	0	0	0	0	0	0	0	
1795.508633	8	6	3	0	2	7	1	3227	-1351	29	107725	15	8	65	0	0	0	0	0	0	0	0	0	0	0	0	0	0	
1796.495033	8	6	3	0	2	7	1	3222	-1349	29	107784	15	8	66	0	0	0	0	0	0	0	0	0	0	0	0	0	0	
1797.501600	8	6	3	0	2	7	1	3215	-1349	29	107844	15	8	68	0	0	0	0	0	0	0	0	0	0	0	0	0	0	
1798.506717	8	6	3	0	2	7	1	3210	-1350	29	107905	15	8	70	0	0	0	0	0	0	0	0	0	0	0	0	0	0	
1799.493117	8	6	3	0	2	7	1	3203	-1350	29	107964	15	8	71	0	0	0	0	0	0	0	0	0	0	0	0	0	0	
1800.498233	8	6	3	0	2	7	1	3195	-1348	29	108024	15	8	73	0	0	0	0	0	0	0	0	0	0	0	0	0	0	
1801.503367	8	6	3	0	2	7	1	3189	-1349	29	108084	15	8	75	0	0	0	0	0	0	0	0	0	0	0	0	0	0	
1802.508483	8	6	3	0	2	7	1	3181	-1350	29	108145	15	8	76	0	0	0	0	0	0	0	0	0	0	0	0	0	0	
1803.494883	8	6	3	0	2	7	1	3172	-1349	29	108204	15	8	78	0	0	0	0	0	0	0	0	0	0	0	0	0	0	
1804.501433	8	6	3	0	2	7	1	3161	-1349	29	108264	15	8	80	0	0	0	0	0	0	0	0	0	0	0	0	0	0	
1805.506567	8	6	3	0	2	7	1	3148	-1349	29	108324	15	8	81	0	0	0	0	0	0	0	0	0	0	0	0	0	0	
1806.492967	8	6	3	0	2	7	1	3133	-1350	29	108384	15	8	83	0	0	0	0	0	0	0	0	0	0	0	0	0	0	
1807.498083	8	6	3	0	2	7	1	3112	-1349	29	108444	15	8	85	0	0	0	0	0	0	0	0	0	0	0	0	0	0	
1808.503200	8	6	3	0	2	7	1	3087	-1349	29	108504	15	8	86	0	0	0	0	0	0	0	0	0	0	0	0	0	0	
1809.508317	8	6	3	0	2	7	1	3050	-1350	29	108565	15	8	88	0	0	0	0	0	0	0	0	0	0	0	0	0	0	
1810.496167	8	6	3	0	2	7	1	2998	-1348	29	108624	15	8	90	0	0	0	0	0	0	0	0	0	0	0	0	0	0	
1811.501283	8	6	3	0	2	7	1	2911	-1350	29	108684	15	8	91	0	0	0	0	0	0	0	0	0	0	0	0	0	0	
1812.506400	8	6	3	0	2	7	1	2733	-1350	29	108744	15	8	93	0	0	0	0	0	0	0	0	0	0	0	0	0	0	
1812.682083	8	15	3	0	1	31	2	3352	598	29	108755	17	8	93	0	0	0	0	0	0	0	0	0	0	0	0	0	0	
1812.703683	8	3	3	0	1	2	2	3402	676	29	108756	17	8	93	0	0	0	0	0	0	0	0	0	0	0	0	0	0	
1813.495683	8	3	3	0	1	2	2	3609	674	29	108804	17	8	93	0	0	0	0	0	0	0	0	0	0	0	0	0	0	
1814.500800	8	3	3	0	1	2	2	3716	675	29	108864	17	8	93	0	0	0	0	0	0	0	0	0	0	0	0	0	0	
1815.507367	8	3	3	0	1	2	2	3786	674	29	108924	17	8	93	0	0	0	0	0	0	0	0	0	0	0	0	0	0	
1816.493767	8	3	3	0	1	2	2	3838	673	29	108984	17	8	93	0	0	0	0	0	0	0	0	0	0	0	0	0	0	
1817.498883	8	3	3	0	1	2	2	3880	675	29	109044	17	8	93	0	0	0	0	0	0	0	0	0	0	0	0	0	0	
1818.504000	8	3	3	0	1	2	2	3910	674	29	109104	17	8	93	0	0	0	0	0	0	0	0	0	0	0	0	0	0	
1819.509117	8	3	3	0	1	2	2	3924	674	29	109165	17	8	93	0	0	0	0	0	0	0	0	0	0	0	0	0	0	
1820.498400	8	3	3	0	1	2	2	3931	675	29	109224	17	8	93	0	0	0	0	0	0	0	0	0	0	0	0	0	0	
1821.503517	8	3	3	0	1	2	2	3936	675	29	109284	17	8	93	0	0	0	0	0	0	0	0	0	0	0	0	0	0	
1822.510083	8	3	3	0	1	2	2	3941	674	29	109345	17	8	93	0	0	0	0	0	0	0	0	0	0	0	0	0	0	
1823.496483	8	3	3	0	1	2	2	3947	674	29	109404	17	8	93	0	0	0	0	0	0	0	0	0	0	0	0	0	0	
1824.501600	8	3	3	0	1	2	2	3952	674	29	109464	17	8	93	0	0	0	0	0	0	0	0	0	0	0	0	0	0	
1825.506717	8	3	3	0	1	2	2	3958	675	29	109524	17	8	93	0	0	0	0	0	0	0	0	0	0	0	0	0	0	
1826.493117	8	3	3	0	1	2	2	3963	674	29	109584	17	8	93	0	0	0	0	0	0	0	0	0	0	0	0	0	0	
1827.499683	8	3	3	0	1	2	2	3969	674	29	109644	17	8	93	0	0	0	0	0	0	0	0	0	0	0	0	0	0	
1828.506233	8	3	3	0	1	2	2	3975	675	29	109704	17	8	93	0	0	0	0	0	0	0	0	0	0	0	0	0	0	
1829.511367	8	3	3	0	1	2	2	3981	675	29	109765	17	8	93	0	0	0	0	0	0	0	0	0	0	0	0	0	0	
1830.497767	8	3	3	0	1	2	2	3987	675	29	109824	17	8	93	0	0	0	0	0	0	0	0	0	0	0	0	0	0	
1831.502883	8	3	3	0	1	2	2	3993	675	29	109884	17	8	93	0	0	0	0	0	0	0	0	0	0	0	0	0	0	
1832.508000	8	3	3	0	1	2	2	3999	674	29	109944	17	8	93	0	0	0	0	0	0	0	0	0	0	0	0	0	0	
1833.494400	8	3	3	0	1	2	2	4004	674	29	110004	17	8	93	0	0	0	0	0	0	0	0	0	0	0	0	0	0	
1834.499517	8	3	3	0	1	2	2	4010	675	29	110064	17	8	93	0	0	0	0	0	0	0	0	0	0	0	0	0	0	
1835.506083	8	3	3	0	1	2	2	4015	674	29	110124	17	8	93	0	0	0	0	0	0	0	0	0	0	0	0	0	0	
1836.511200	8	3	3	0	1	2	2	4020	675	29	110185	17	8	93	0	0	0	0	0	0	0	0	0	0	0	0	0	0	
1837.497600	8	3	3	0	1	2	2	4024	674	29	110244	17	8	93	0	0	0	0	0	0	0	0	0	0	0	0	0	0	
1838.502717	8	3	3	0	1	2	2	4027	674	29	110304	17	8	93	0	0	0	0	0	0	0	0	0	0	0	0	0	0	
1839.507833	8	3	3	0	1	2	2	4031	674	29	110364	17	8	93	0	0	0	0	0	0	0	0	0	0	0	0	0	0	
1840.494233	8	3	3	0	1	2	2	4034	674	29	110424	17	8	93	0	0	0	0	0	0	0	0	0	0	0	0	0	0	
1841.499367	8	3	3	0	1	2	2	4037	675	29	110484	17	8	93	0	0	0	0	0	0	0	0	0	0	0	0	0	0	
1842.504483	8	3	3	0	1	2	2	4039	674	29	110544	17	8	93	0	0	0	0	0	0	0	0	0	0	0	0	0	0	
1843.509600	8	3	3	0	1	2	2	4042	676	29	110605	17	8	93	0	0	0	0	0	0	0	0	0	0	0	0	0	0	
1844.497433	8	3	3	0	1	2	2	4043	674	29	110664	17	8	93	0	0	0	0	0	0	0	0	0	0	0	0	0	0	
1845.502567	8	3	3	0	1	2	2	4046	675	29	110724	17	8	93	0	0	0	0	0	0	0	0	0	0	0	0	0	0	
1846.507683	8	3	3	0	1	2	2	4048	675	29	110784	17	8	93	0	0	0	0	0	0	0	0	0	0	0	0	0	0	
1847.512800	8	3	3	0	1	2	2	4051	675	29	110845	17	8	93	0	0	0	0	0	0	0	0	0	0	0	0	0	0	
1848.499200	8	3	3	0	1	2	2	4053	674	29	110904	17	8	93	0	0	0	0	0	0	0	0	0	0	0	0	0	0	
1849.504317	8	3	3	0	1	2	2	4055	674	29	110964	17	8	93	0	0	0	0	0	0	0	0	0	0	0	0	0	0	
1850.509433	8	3	3	0	1	2	2	4058	674	29	111025	17	8	93	0	0	0	0	0	0	0	0	0	0	0	0	0	0	
1851.495833	8	3	3	0	1	2	2	4061	675	29	111084	17	8	93	0	0	0	0	0	0	0	0	0	0	0	0	0	0	
1852.502400	8	3	3	0	1	2	2	4063	673	29	111144	17	8	93	0	0	0	0	0	0	0	0	0	0	0	0	0	0	
1853.507517	8	3	3	0	1	2	2	4066	675	29	111204	17	8	93	0	0	0	0	0	0	0	0	0	0	0	0	0	0	
1854.512633	8	3	3	0	1	2	2	4068	673	29	111265	17	8	93	0	0	0	0	0	0	0	0	0	0	0	0	0	0	
1855.499033	8	3	3	0	1	2	2	4072	674	29	111324	17	8	93	0	0	0	0	0	0	0	0	0	0	0	0	0	0	
1856.505600	8	3	3	0	1	2	2	4074	674	29	111384	17	8	93	0	0	0	0	0	0	0	0	0	0	0	0	0	0	
1857.513600	8	3	3	0	1	2	2	4077	674	29	111445	17	8	93	0	0	0	0	0	0	0	0	0	0	0	0	0	0	
1858.500000	8	3	3	0	1	2	2	4080	675	29	111504	17	8	93	0	0	0	0	0	0	0	0	0	0	0	0	0	0	
1859.505117	8	3	3	0	1	2	2	4083	674	29	111564	17	8	93	0	0	0	0	0	0	0	0	0	0	0	0	0	0	
1860.510233	8	3	3	0	1	2	2	4086	675	29	111624	17	8	93	0	0	0	0	0	0	0	0	0	0	0	0	0	0	
1861.496633	8	3	3	0	1	2	2	4089	675	29	111684	17	8	93	0	0	0	0	0	0	0	0	0	0	0	0	0	0	
1862.501767	8	3	3	0	1	2	2	4092	674	29	111744	17	8	93	0	0	0	0	0	0	0	0	0	0	0	0	0	0	
1863.506883	8	3	3	0	1	2	2	4095	674	29	111804	17	8	93	0	0	0	0	0	0	0	0	0	0	0	0	0	0	
1864.512000	8	3	3	0	1	2	2	4098	675	29	111865	17	8	93	0	0	0	0	0	0	0	0	0	0	0	0	0	0	
1865.498400	8	3	3	0	1	2	2	4102	675	29	111924	17	8	93	0	0	0	0	0	0	0	0	0	0	0	0	0	0	
1866.503517	8	3	3	0	1	2	2	4105	675	29	111984	17	8	93	0	0	0	0	0	0	0	0	0	0	0	0	0	0	
1867.510083	8	3	3	0	1	2	2	4108	675	29	112044	17	8	93	0	0	0	0	0	0	0	0	0	0	0	0	0	0	
1868.515200	8	3	3	0	1	2	2	4111	673	29	112105	17	8	93	0	0	0	0	0	0	0	0	0	0	0	0	0	0	
1869.501600	8	3	3	0	1	2	2	4115	674	29	112164	17	8	93	0	0	0	0	0	0	0	0	0	0	0	0	0	0	
1870.506717	8	3	3	0	1	2	2	4116	667	29	112224	17	8	93	0	0	0	0	0	0	0	0	0	0	0	0	0	0	
1871.511833	8	3	3	0	1	2	2	4119	666	29	112285	17	8	93	0	0	0	0	0	0	0	0	0	0	0	0	0	0	
1872.498233	8	3	3	0	1	2	2	4123	667	29	112344	17	8	93	0	0	0	0	0	0	0	0	0	0	0	0	0	0	
1873.503367	8	3	3	0	1	2	2	4126	664	29	112404	17	8	93	0	0	0	0	0	0	0	0	0	0	0	0	0	0	
1874.508483	8	3	3	0	1	2	2	4130	664	29	112464	17	8	93	0	0	0	0	0	0	0	0	0	0	0	0	0	0	
1875.515033	8	3	3	0	1	2	2	4134	664	29	112525	17	8	93	0	0	0	0	0	0	0	0	0	0	0	0	0	0	
1876.501433	8	3	3	0	1	2	2	4138	663	29	112584	17	8	93	0	0	0	0	0	0	0	0	0	0	0	0	0	0	
1877.506567	8	3	3	0	1	2	2	4141	663	29	112644	17	8	93	0	0	0	0	0	0	0	0	0	0	0	0	0	0	
1878.511683	8	3	3	0	1	2	2	4145	662	29	112704	17	8	93	0	0	0	0	0	0	0	0	0	0	0	0	0	0	
1879.498083	8	3	3	0	1	2	2	4149	661	29	112764	17	8	93	0	0	0	0	0	0	0	0	0	0	0	0	0	0	
1880.503200	8	3	3	0	1	2	2	4154	661	29	112824	17	8	93	0	0	0	0	0	0	0	0	0	0	0	0	0	0	
1881.512633	8	3	3	0	1	2	2	4158	661	29	112884	17	8	93	0	0	0	0	0	0	0	0	0	0	0	0	0	0	
1882.499033	8	3	3	0	1	2	2	4162	661	29	112944	17	8	93	0	0	0	0	0	0	0	0	0	0	0	0	0	0	
1883.504167	8	3	3	0	1	2	2	4167	661	29	113004	17	8	93	0	0	0	0	0	0	0	0	0	0	0	0	0	0	
1884.509283	8	3	3	0	1	2	2	4171	658	29	113064	17	8	93	0	0	0	0	0	0	0	0	0	0	0	0	0	0	
1885.514400	8	3	3	0	1	2	2	4176	658	29	113125	17	8	93	0	0	0	0	0	0	0	0	0	0	0	0	0	0	
1886.500800	8	3	3	0	1	2	2	4180	657	29	113184	17	8	93	0	0	0	0	0	0	0	0	0	0	0	0	0	0	
1887.505917	8	3	3	0	1	2	2	4185	657	29	113244	17	8	93	0	0	0	0	0	0	0	0	0	0	0	0	0	0	
1888.512483	8	3	3	0	1	2	2	4189	657	29	113304	17	8	93	0	0	0	0	0	0	0	0	0	0	0	0	0	0	
1889.498883	8	3	3	0	1	2	2	4194	656	29	113364	17	8	93	0	0	0	0	0	0	0	0	0	0	0	0	0	0	
1890.504000	8	3	3	0	1	2	2	4198	654	29	113424	17	8	93	0	0	0	0	0	0	0	0	0	0	0	0	0	0	
1891.509117	8	3	3	0	1	2	2	4199	640	29	113484	17	8	93	0	0	0	0	0	0	0	0	0	0	0	0	0	0	
1892.514233	8	3	3	0	1	2	2	4198	627	29	113545	17	8	93	0	0	0	0	0	0	0	0	0	0	0	0	0	0	
1893.500633	8	3	3	0	1	2	2	4198	613	29	113604	17	8	93	0	0	0	0	0	0	0	0	0	0	0	0	0	0	
1894.505767	8	3	3	0	1	2	2	4198	600	29	113664	17	8	93	0	0	0	0	0	0	0	0	0	0	0	0	0	0	
1895.510883	8	3	3	0	1	2	2	4198	588	29	113724	17	8	93	0	0	0	0	0	0	0	0	0	0	0	0	0	0	
1896.516000	8	3	3	0	1	2	2	4198	575	29	113785	17	8	93	0	0	0	0	0	0	0	0	0	0	0	0	0	0	
1897.502400	8	3	3	0	1	2	2	4198	563	29	113844	17	8	93	0	0	0	0	0	0	0	0	0	0	0	0	0	0	
1898.508967	8	3	3	0	1	2	2	4198	550	29	113904	17	8	93	0	0	0	0	0	0	0	0	0	0	0	0	0	0	
1899.514083	8	3	3	0	1	2	2	4199	538	29	113965	17	8	93	0	0	0	0	0	0	0	0	0	0	0	0	0	0	
1900.500483	8	3	3	0	1	2	2	4199	527	29	114024	17	8	93	0	0	0	0	0	0	0	0	0	0	0	0	0	0	
1901.505600	8	3	3	0	1	2	2	4198	515	29	114084	17	8	93	0	0	0	0	0	0	0	0	0	0	0	0	0	0	
1902.510717	8	3	3	0	1	2	2	4198	503	29	114144	17	8	93	0	0	0	0	0	0	0	0	0	0	0	0	0	0	
1903.515833	8	3	3	0	1	2	2	4199	492	29	114205	17	8	93	0	0	0	0	0	0	0	0	0	0	0	0	0	0	
1904.502233	8	3	3	0	1	2	2	4199	480	29	114264	17	8	93	0	0	0	0	0	0	0	0	0	0	0	0	0	0	
1905.508800	8	3	3	0	1	2	2	4198	469	29	114324	17	8	93	0	0	0	0	0	0	0	0	0	0	0	0	0	0	
1906.513917	8	3	3	0	1	2	2	4199	458	29	114384	17	8	93	0	0	0	0	0	0	0	0	0	0	0	0	0	0	
1907.500317	8	3	3	0	1	2	2	4198	448	29	114444	17	8	93	0	0	0	0	0	0	0	0	0	0	0	0	0	0	
1908.505433	8	3	3	0	1	2	2	4198	437	29	114504	17	8	93	0	0	0	0	0	0	0	0	0	0	0	0	0	0	
1909.510567	8	3	3	0	1	2	2	4198	427	29	114564	17	8	93	0	0	0	0	0	0	0	0	0	0	0	0	0	0	
1910.515683	8	3	3	0	1	2	2	4198	416	29	114625	17	8	93	0	0	0	0	0	0	0	0	0	0	0	0	0	0	
1911.502083	8	3	3	0	1	2	2	4198	407	29	114684	17	8	93	0	0	0	0	0	0	0	0	0	0	0	0	0	0	
1912.508633	8	3	3	0	1	2	2	4199	397	29	114744	17	8	93	0	0	0	0	0	0	0	0	0	0	0	0	0	0	
1913.513767	8	3	3	0	1	2	2	4198	387	29	114804	17	8	93	0	0	0	0	0	0	0	0	0	0	0	0	0	0	
1914.518883	8	3	3	0	1	2	2	4199	378	29	114865	17	8	93	0	0	0	0	0	0	0	0	0	0	0	0	0	0	
1915.505283	8	3	3	0	1	2	2	4198	368	29	114924	17	8	93	0	0	0	0	0	0	0	0	0	0	0	0	0	0	
1916.510400	8	3	3	0	1	2	2	4198	360	29	114984	17	8	93	0	0	0	0	0	0	0	0	0	0	0	0	0	0	
1917.515517	8	3	3	0	1	2	2	4198	351	29	115045	17	8	93	0	0	0	0	0	0	0	0	0	0	0	0	0	0	
1918.501917	8	3	3	0	1	2	2	4199	342	28	115104	17	8	93	0	0	0	0	0	0	0	0	0	0	0	0	0	0	
1919.507033	8	3	3	0	1	2	2	4198	333	29	115164	17	8	93	0	0	0	0	0	0	0	0	0	0	0	0	0	0	
1920.513600	8	3	3	0	1	2	2	4199	324	28	115224	17	8	93	0	0	0	0	0	0	0	0	0	0	0	0	0	0	
1921.518717	8	3	3	0	1	2	2	4198	317	29	115285	17	8	93	0	0	0	0	0	0	0	0	0	0	0	0	0	0	
1922.505117	8	3	3	0	1	2	2	4198	308	29	115344	17	8	93	0	0	0	0	0	0	0	0	0	0	0	0	0	0	
1923.510233	8	3	3	0	1	2	2	4199	301	29	115404	17	8	93	0	0	0	0	0	0	0	0	0	0	0	0	0	0	
1924.515367	8	3	3	0	1	2	2	4198	293	28	115464	17	8	93	0	0	0	0	0	0	0	0	0	0	0	0	0	0	
1925.501767	8	3	3	0	1	2	2	4198	286	28	115524	17	8	93	0	0	0	0	0	0	0	0	0	0	0	0	0	0	
1926.506883	8	3	3	0	1	2	2	4198	278	29	115584	17	8	93	0	0	0	0	0	0	0	0	0	0	0	0	0	0	
1927.512000	8	3	3	0	1	2	2	4199	272	29	115644	17	8	93	0	0	0	0	0	0	0	0	0	0	0	0	0	0	
1928.518567	8	3	3	0	1	2	2	4198	264	29	115705	17	8	93	0	0	0	0	0	0	0	0	0	0	0	0	0	0	
1929.504967	8	3	3	0	1	2	2	4199	257	29	115764	17	8	93	0	0	0	0	0	0	0	0	0	0	0	0	0	0	
1930.510083	8	3	3	0	1	2	2	4198	252	28	115824	17	8	93	0	0	0	0	0	0	0	0	0	0	0	0	0	0	
1931.515200	8	3	3	0	1	2	2	4198	246	28	115884	17	8	93	0	0	0	0	0	0	0	0	0	0	0	0	0	0	
1932.501600	8	3	3	0	1	2	2	4198	239	29	115944	17	8	93	0	0	0	0	0	0	0	0	0	0	0	0	0	0	
1933.506717	8	3	3	0	1	2	2	4198	233	29	116004	17	8	93	0	0	0	0	0	0	0	0	0	0	0	0	0	0	
1934.511833	8	3	3	0	1	2	2	4198	227	29	116064	17	8	93	0	0	0	0	0	0	0	0	0	0	0	0	0	0	
1935.516967	8	3	3	0	1	2	2	4198	220	28	116125	17	8	93	0	0	0	0	0	0	0	0	0	0	0	0	0	0	
1936.503367	8	3	3	0	1	2	2	4198	214	28	116184	17	8	93	0	0	0	0	0	0	0	0	0	0	0	0	0	0	
1937.509917	8	3	3	0	1	2	2	4199	208	29	116244	17	8	93	0	0	0	0	0	0	0	0	0	0	0	0	0	0	
1938.515033	8	3	3	0	1	2	2	4198	204	29	116304	17	8	93	0	0	0	0	0	0	0	0	0	0	0	0	0	0	
1939.520167	8	3	3	0	1	2	2	4198	198	29	116365	17	8	93	0	0	0	0	0	0	0	0	0	0	0	0	0	0	
1940.506567	8	3	3	0	1	2	2	4198	192	29	116424	17	8	93	0	0	0	0	0	0	0	0	0	0	0	0	0	0	
1941.511683	8	3	3	0	1	2	2	4198	188	28	116484	17	8	93	0	0	0	0	0	0	0	0	0	0	0	0	0	0	
1942.516800	8	3	3	0	1	2	2	4198	183	28	116545	17	8	93	0	0	0	0	0	0	0	0	0	0	0	0	0	0	
1943.503200	8	3	3	0	1	2	2	4198	177	28	116604	17	8	93	0	0	0	0	0	0	0	0	0	0	0	0	0	0	
1944.508317	8	3	3	0	1	2	2	4198	173	28	116664	17	8	93	0	0	0	0	0	0	0	0	0	0	0	0	0	0	
1945.514883	8	3	3	0	1	2	2	4198	168	29	116724	17	8	93	0	0	0	0	0	0	0	0	0	0	0	0	0	0	
1946.520000	8	3	3	0	1	2	2	4199	165	28	116785	17	8	93	0	0	0	0	0	0	0	0	0	0	0	0	0	0	
1947.506400	8	3	3	0	1	2	2	4198	159	28	116844	17	8	93	0	0	0	0	0	0	0	0	0	0	0	0	0	0	
1948.511517	8	3	3	0	1	2	2	4199	155	28	116904	17	8	93	0	0	0	0	0	0	0	0	0	0	0	0	0	0	
1949.516633	8	3	3	0	1	2	2	4199	152	29	116964	17	8	93	0	0	0	0	0	0	0	0	0	0	0	0	0	0	
1950.503033	8	3	3	0	1	2	2	4198	147	28	117024	17	8	93	0	0	0	0	0	0	0	0	0	0	0	0	0	0	
1951.508167	8	3	3	0	1	2	2	4198	143	28	117084	17	8	93	0	0	0	0	0	0	0	0	0	0	0	0	0	0	
1952.513283	8	3	3	0	1	2	2	4199	140	29	117144	17	8	93	0	0	0	0	0	0	0	0	0	0	0	0	0	0	
1953.518400	8	3	3	0	1	2	2	4198	136	28	117205	17	8	93	0	0	0	0	0	0	0	0	0	0	0	0	0	0	
1954.504800	8	3	3	0	1	2	2	4198	133	29	117264	17	8	93	0	0	0	0	0	0	0	0	0	0	0	0	0	0	
1955.509917	8	3	3	0	1	2	2	4199	129	28	117324	17	8	93	0	0	0	0	0	0	0	0	0	0	0	0	0	0	
1956.516483	8	3	3	0	1	2	2	4198	126	28	117384	17	8	93	0	0	0	0	0	0	0	0	0	0	0	0	0	0	
1957.521600	8	3	3	0	1	2	2	4198	122	28	117445	17	8	93	0	0	0	0	0	0	0	0	0	0	0	0	0	0	
1958.508000	8	3	3	0	1	2	2	4198	119	28	117504	17	8	93	0	0	0	0	0	0	0	0	0	0	0	0	0	0	
1959.513117	8	3	3	0	1	2	2	4198	115	28	117564	17	8	93	0	0	0	0	0	0	0	0	0	0	0	0	0	0	
1960.518233	8	3	3	0	1	2	2	4199	113	28	117625	17	8	93	0	0	0	0	0	0	0	0	0	0	0	0	0	0	
1961.506083	8	3	3	0	1	2	2	4199	110	29	117684	17	8	93	0	0	0	0	0	0	0	0	0	0	0	0	0	0	
1962.511200	8	3	3	0	1	2	2	4198	107	28	117744	17	8	93	0	0	0	0	0	0	0	0	0	0	0	0	0	0	
1963.517767	8	3	3	0	1	2	2	4198	104	28	117804	17	8	93	0	0	0	0	0	0	0	0	0	0	0	0	0	0	
1964.522883	8	3	3	0	1	2	2	4198	101	28	117865	17	8	93	0	0	0	0	0	0	0	0	0	0	0	0	0	0	
1965.509283	8	3	3	0	1	2	2	4198	99	28	117924	17	8	93	0	0	0	0	0	0	0	0	0	0	0	0	0	0	
1966.514400	8	3	3	0	1	2	2	4198	96	28	117984	17	8	93	0	0	0	0	0	0	0	0	0	0	0	0	0	0	
1967.519517	8	3	3	0	1	2	2	4198	93	28	118045	17	8	93	0	0	0	0	0	0	0	0	0	0	0	0	0	0	
1968.505917	8	3	3	0	1	2	2	4198	91	28	118104	17	8	93	0	0	0	0	0	0	0	0	0	0	0	0	0	0	
1969.511033	8	3	3	0	1	2	2	4198	88	28	118164	17	8	93	0	0	0	0	0	0	0	0	0	0	0	0	0	0	
1970.516167	8	3	3	0	1	2	2	4199	86	28	118224	17	8	93	0	0	0	0	0	0	0	0	0	0	0	0	0	0	
1971.522717	8	3	3	0	1	2	2	4199	83	28	118285	17	8	93	0	0	0	0	0	0	0	0	0	0	0	0	0	0	
1972.509117	8	3	3	0	1	2	2	4199	82	29	118344	17	8	93	0	0	0	0	0	0	0	0	0	0	0	0	0	0	
1973.514233	8	3	3	0	1	2	2	4199	78	28	118404	17	8	93	0	0	0	0	0	0	0	0	0	0	0	0	0	0	
1974.519367	8	3	3	0	1	2	2	4199	78	28	118465	17	8	93	0	0	0	0	0	0	0	0	0	0	0	0	0	0	
1975.505767	8	3	3	0	1	2	2	4198	75	28	118524	17	8	93	0	0	0	0	0	0	0	0	0	0	0	0	0	0	
1976.510883	8	3	3	0	1	2	2	4199	74	28	118584	17	8	93	0	0	0	0	0	0	0	0	0	0	0	0	0	0	
1977.516000	8	3	3	0	1	2	2	4198	72	28	118644	17	8	93	0	0	0	0	0	0	0	0	0	0	0	0	0	0	
1978.521117	8	3	3	0	1	2	2	4198	70	28	118705	17	8	93	0	0	0	0	0	0	0	0	0	0	0	0	0	0	
1979.508967	8	3	3	0	1	2	2	4198	68	28	118764	17	8	93	0	0	0	0	0	0	0	0	0	0	0	0	0	0	
1979.987033	8	6	3	0	2	7	1	3729	-1349	28	118792	17	9	0	0	0	0	0	0	0	0	0	0	0	0	0	0	0	
1980.515517	8	6	3	0	2	7	1	3681	-1349	28	118824	17	9	0	0	0	0	0	0	0	0	0	0	0	0	0	0	0	
1981.520633	8	6	3	0	2	7	1	3644	-1348	28	118885	17	9	2	0	0	0	0	0	0	0	0	0	0	0	0	0	0	
1982.507033	8	6	3	0	2	7	1	3621	-1349	28	118944	17	9	4	0	0	0	0	0	0	0	0	0	0	0	0	0	0	
1983.512167	8	6	3	0	2	7	1	3601	-1348	28	119004	17	9	5	0	0	0	0	0	0	0	0	0	0	0	0	0	0	
1984.517283	8	6	3	0	2	7	1	3583	-1350	28	119064	17	9	7	0	0	0	0	0	0	0	0	0	0	0	0	0	0	
1985.522400	8	6	3	0	2	7	1	3564	-1350	28	119125	17	9	9	0	0	0	0	0	0	0	0	0	0	0	0	0	0	
1986.510233	8	6	3	0	2	7	1	3548	-1350	28	119184	17	9	10	0	0	0	0	0	0	0	0	0	0	0	0	0	0	
1987.515367	8	6	3	0	2	7	1	3532	-1351	29	119244	17	9	12	0	0	0	0	0	0	0	0	0	0	0	0	0	0	
1988.520483	8	6	3	0	2	7	1	3517	-1351	28	119304	17	9	14	0	0	0	0	0	0	0	0	0	0	0	0	0	0	
1989.506883	8	6	3	0	2	7	1	3502	-1349	29	119364	17	9	15	0	0	0	0	0	0	0	0	0	0	0	0	0	0	
1990.512000	8	6	3	0	2	7	1	3488	-1350	29	119424	17	9	17	0	0	0	0	0	0	0	0	0	0	0	0	0	0	
1991.517117	8	6	3	0	2	7	1	3474	-1349	29	119484	17	9	19	0	0	0	0	0	0	0	0	0	0	0	0	0	0	
1992.522233	8	6	3	0	2	7	1	3461	-1350	29	119545	17	9	20	0	0	0	0	0	0	0	0	0	0	0	0	0	0	
1993.508633	8	6	3	0	2	7	1	3449	-1350	29	119604	17	9	22	0	0	0	0	0	0	0	0	0	0	0	0	0	0	
1994.515200	8	6	3	0	2	7	1	3436	-1348	29	119664	17	9	24	0	0	0	0	0	0	0	0	0	0	0	0	0	0	
1995.520317	8	6	3	0	2	7	1	3423	-1350	29	119724	17	9	25	0	0	0	0	0	0	0	0	0	0	0	0	0	0	
1996.506717	8	6	3	0	2	7	1	3412	-1349	29	119784	17	9	27	0	0	0	0	0	0	0	0	0	0	0	0	0	0	
1997.511833	8	6	3	0	2	7	1	3401	-1349	29	119844	17	9	29	0	0	0	0	0	0	0	0	0	0	0	0	0	0	
1998.516967	8	6	3	0	2	7	1	3390	-1349	29	119904	17	9	30	0	0	0	0	0	0	0	0	0	0	0	0	0	0	
1999.522083	8	6	3	0	2	7	1	3379	-1350	29	119965	17	9	32	0	0	0	0	0	0	0	0	0	0	0	0	0	0	
2000.508483	8	6	3	0	2	7	1	3368	-1349	29	120024	17	9	33	0	0	0	0	0	0	0	0	0	0	0	0	0	0	
2001.513600	8	6	3	0	2	7	1	3358	-1351	29	120084	17	9	35	0	0	0	0	0	0	0	0	0	0	0	0	0	0	
2002.521600	8	6	3	0	2	7	1	3347	-1350	29	120144	17	9	37	0	0	0	0	0	0	0	0	0	0	0	0	0	0	
2003.508000	8	6	3	0	2	7	1	3337	-1350	29	120204	17	9	38	0	0	0	0	0	0	0	0	0	0	0	0	0	0	
2004.513117	8	6	3	0	2	7	1	3327	-1350	29	120264	17	9	40	0	0	0	0	0	0	0	0	0	0	0	0	0	0	
2005.518233	8	6	3	0	2	7	1	3317	-1349	29	120324	17	9	42	0	0	0	0	0	0	0	0	0	0	0	0	0	0	
2006.523367	8	6	3	0	2	7	1	3308	-1350	29	120385	17	9	43	0	0	0	0	0	0	0	0	0	0	0	0	0	0	
2007.509767	8	6	3	0	2	7	1	3300	-1350	29	120444	17	9	45	0	0	0	0	0	0	0	0	0	0	0	0	0	0	
2008.514883	8	6	3	0	2	7	1	3292	-1350	29	120504	17	9	47	0	0	0	0	0	0	0	0	0	0	0	0	0	0	
2009.521433	8	6	3	0	2	7	1	3284	-1349	29	120564	17	9	48	0	0	0	0	0	0	0	0	0	0	0	0	0	0	
2010.507833	8	6	3	0	2	7	1	3276	-1351	29	120624	17	9	50	0	0	0	0	0	0	0	0	0	0	0	0	0	0	
2011.512967	8	6	3	0	2	7	1	3269	-1349	29	120684	17	9	52	0	0	0	0	0	0	0	0	0	0	0	0	0	0	
2012.518083	8	6	3	0	2	7	1	3262	-1350	29	120744	17	9	53	0	0	0	0	0	0	0	0	0	0	0	0	0	0	
2013.523200	8	6	3	0	2	7	1	3256	-1350	29	120805	17	9	55	0	0	0	0	0	0	0	0	0	0	0	0	0	0	
2014.513917	8	6	3	0	2	7	1	3250	-1350	29	120864	17	9	57	0	0	0	0	0	0	0	0	0	0	0	0	0	0	
2015.519033	8	6	3	0	2	7	1	3243	-1350	29	120924	17	9	58	0	0	0	0	0	0	0	0	0	0	0	0	0	0	
2016.524167	8	6	3	0	2	7	1	3237	-1349	29	120985	17	9	60	0	0	0	0	0	0	0	0	0	0	0	0	0	0	
2017.510567	8	6	3	0	2	7	1	3231	-1349	29	121044	17	9	62	0	0	0	0	0	0	0	0	0	0	0	0	0	0	
2018.515683	8	6	3	0	2	7	1	3224	-1350	29	121104	17	9	63	0	0	0	0	0	0	0	0	0	0	0	0	0	0	
2019.520800	8	6	3	0	2	7	1	3218	-1351	29	121164	17	9	65	0	0	0	0	0	0	0	0	0	0	0	0	0	0	
2020.525917	8	6	3	0	2	7	1	3212	-1350	29	121225	17	9	67	0	0	0	0	0	0	0	0	0	0	0	0	0	0	
2021.512317	8	6	3	0	2	7	1	3206	-1350	29	121284	17	9	68	0	0	0	0	0	0	0	0	0	0	0	0	0	0	
2022.517433	8	6	3	0	2	7	1	3200	-1349	29	121344	17	9	70	0	0	0	0	0	0	0	0	0	0	0	0	0	0	
2023.524000	8	6	3	0	2	7	1	3193	-1351	29	121405	17	9	71	0	0	0	0	0	0	0	0	0	0	0	0	0	0	
2024.510400	8	6	3	0	2	7	1	3187	-1349	29	121464	17	9	73	0	0	0	0	0	0	0	0	0	0	0	0	0	0	
2025.515517	8	6	3	0	2	7	1	3179	-1349	29	121524	17	9	75	0	0	0	0	0	0	0	0	0	0	0	0	0	0	
2026.520633	8	6	3	0	2	7	1	3171	-1350	29	121584	17	9	76	0	0	0	0	0	0	0	0	0	0	0	0	0	0	
2027.525767	8	6	3	0	2	7	1	3161	-1350	29	121645	17	9	78	0	0	0	0	0	0	0	0	0	0	0	0	0	0	
2028.512167	8	6	3	0	2	7	1	3151	-1348	29	121704	17	9	80	0	0	0	0	0	0	0	0	0	0	0	0	0	0	
2029.517283	8	6	3	0	2	7	1	3137	-1350	29	121764	17	9	81	0	0	0	0	0	0	0	0	0	0	0	0	0	0	
2030.522400	8	6	3	0	2	7	1	3121	-1350	29	121824	17	9	83	0	0	0	0	0	0	0	0	0	0	0	0	0	0	
2031.510233	8	6	3	0	2	7	1	3101	-1350	29	121884	17	9	85	0	0	0	0	0	0	0	0	0	0	0	0	0	0	
2032.515367	8	6	3	0	2	7	1	3073	-1349	29	121944	17	9	86	0	0	0	0	0	0	0	0	0	0	0	0	0	0	
2033.520483	8	6	3	0	2	7	1	3034	-1350	29	122004	17	9	88	0	0	0	0	0	0	0	0	0	0	0	0	0	0	
2034.525600	8	6	3	0	2	7	1	2976	-1350	29	122065	17	9	90	0	0	0	0	0	0	0	0	0	0	0	0	0	0	
2035.512000	8	6	3	0	2	7	1	2883	-1351	29	122124	17	9	91	0	0	0	0	0	0	0	0	0	0	0	0	0	0	
2036.498400	8	15	3	0	1	31	2	3373	627	29	122183	19	9	93	0	0	0	0	0	0	0	0	0	0	0	0	0	0	
2036.518567	8	3	3	0	1	2	2	3411	676	29	122184	19	9	93	0	0	0	0	0	0	0	0	0	0	0	0	0	0	
2037.525117	8	3	3	0	1	2	2	3644	675	29	122245	19	9	93	0	0	0	0	0	0	0	0	0	0	0	0	0	0	
2038.511517	8	3	3	0	1	2	2	3737	675	29	122304	19	9	93	0	0	0	0	0	0	0	0	0	0	0	0	0	0	
2039.516633	8	3	3	0	1	2	2	3802	675	29	122364	19	9	93	0	0	0	0	0	0	0	0	0	0	0	0	0	0	
2040.521767	8	3	3	0	1	2	2	3852	675	29	122424	19	9	93	0	0	0	0	0	0	0	0	0	0	0	0	0	0	
2041.526883	8	3	3	0	1	2	2	3890	674	29	122485	19	9	93	0	0	0	0	0	0	0	0	0	0	0	0	0	0	
2042.513283	8	3	3	0	1	2	2	3917	675	29	122544	19	9	93	0	0	0	0	0	0	0	0	0	0	0	0	0	0	
2043.518400	8	3	3	0	1	2	2	3927	675	29	122604	19	9	93	0	0	0	0	0	0	0	0	0	0	0	0	0	0	
2044.523517	8	3	3	0	1	2	2	3934	675	29	122664	19	9	93	0	0	0	0	0	0	0	0	0	0	0	0	0	0	
2045.509917	8	3	3	0	1	2	2	3939	674	29	122724	19	9	93	0	0	0	0	0	0	0	0	0	0	0	0	0	0	
2046.516483	8	3	3	0	1	2	2	3945	674	29	122784	19	9	93	0	0	0	0	0	0	0	0	0	0	0	0	0	0	
2047.521600	8	3	3	0	1	2	2	3950	675	29	122844	19	9	93	0	0	0	0	0	0	0	0	0	0	0	0	0	0	
2048.526717	8	3	3	0	1	2	2	3955	674	29	122905	19	9	93	0	0	0	0	0	0	0	0	0	0	0	0	0	0	
2049.513117	8	3	3	0	1	2	2	3961	675	29	122964	19	9	93	0	0	0	0	0	0	0	0	0	0	0	0	0	0	
2050.518233	8	3	3	0	1	2	2	3966	675	29	123024	19	9	93	0	0	0	0	0	0	0	0	0	0	0	0	0	0	
2051.523367	8	3	3	0	1	2	2	3972	675	29	123084	19	9	93	0	0	0	0	0	0	0	0	0	0	0	0	0	0	
2052.528483	8	3	3	0	1	2	2	3978	674	29	123145	19	9	93	0	0	0	0	0	0	0	0	0	0	0	0	0	0	
2053.514883	8	3	3	0	1	2	2	3983	673	29	123204	19	9	93	0	0	0	0	0	0	0	0	0	0	0	0	0	0	
2054.521433	8	3	3	0	1	2	2	3990	675	29	123264	19	9	93	0	0	0	0	0	0	0	0	0	0	0	0	0	0	
2055.526567	8	3	3	0	1	2	2	3996	676	29	123325	19	9	93	0	0	0	0	0	0	0	0	0	0	0	0	0	0	
2056.512967	8	3	3	0	1	2	2	4001	674	29	123384	19	9	93	0	0	0	0	0	0	0	0	0	0	0	0	0	0	
2057.518083	8	3	3	0	1	2	2	4007	674	29	123444	19	9	93	0	0	0	0	0	0	0	0	0	0	0	0	0	0	
2058.523200	8	3	3	0	1	2	2	4012	674	29	123504	19	9	93	0	0	0	0	0	0	0	0	0	0	0	0	0	0	
2059.528317	8	3	3	0	1	2	2	4017	675	29	123565	19	9	93	0	0	0	0	0	0	0	0	0	0	0	0	0	0	
2060.514717	8	3	3	0	1	2	2	4022	676	29	123624	19	9	93	0	0	0	0	0	0	0	0	0	0	0	0	0	0	
2061.519833	8	3	3	0	1	2	2	4026	676	29	123684	19	9	93	0	0	0	0	0	0	0	0	0	0	0	0	0	0	
2062.526400	8	3	3	0	1	2	2	4028	674	29	123744	19	9	93	0	0	0	0	0	0	0	0	0	0	0	0	0	0	
2063.512800	8	3	3	0	1	2	2	4032	673	29	123804	19	9	93	0	0	0	0	0	0	0	0	0	0	0	0	0	0	
2064.517917	8	3	3	0	1	2	2	4035	675	29	123864	19	9	93	0	0	0	0	0	0	0	0	0	0	0	0	0	0	
2065.523033	8	3	3	0	1	2	2	4038	675	29	123924	19	9	93	0	0	0	0	0	0	0	0	0	0	0	0	0	0	
2066.528167	8	3	3	0	1	2	2	4040	674	29	123985	19	9	93	0	0	0	0	0	0	0	0	0	0	0	0	0	0	
2067.514567	8	3	3	0	1	2	2	4042	674	29	124044	19	9	93	0	0	0	0	0	0	0	0	0	0	0	0	0	0	
2068.519683	8	3	3	0	1	2	2	4045	674	29	124104	19	9	93	0	0	0	0	0	0	0	0	0	0	0	0	0	0	
2069.524800	8	3	3	0	1	2	2	4047	674	29	124164	19	9	93	0	0	0	0	0	0	0	0	0	0	0	0	0	0	
2070.531367	8	3	3	0	1	2	2	4049	674	29	124225	19	9	93	0	0	0	0	0	0	0	0	0	0	0	0	0	0	
2071.516317	8	3	3	0	1	2	2	4052	675	29	124284	19	9	93	0	0	0	0	0	0	0	0	0	0	0	0	0	0	
2072.522883	8	3	3	0	1	2	2	4054	674	29	124344	19	9	93	0	0	0	0	0	0	0	0	0	0	0	0	0	0	
2073.528000	8	3	3	0	1	2	2	4057	675	29	124405	19	9	93	0	0	0	0	0	0	0	0	0	0	0	0	0	0	
2074.514400	8	3	3	0	1	2	2	4059	675	29	124464	19	9	93	0	0	0	0	0	0	0	0	0	0	0	0	0	0	
2075.519517	8	3	3	0	1	2	2	4062	675	29	124524	19	9	93	0	0	0	0	0	0	0	0	0	0	0	0	0	0	
2076.524633	8	3	3	0	1	2	2	4064	675	29	124584	19	9	93	0	0	0	0	0	0	0	0	0	0	0	0	0	0	
2077.529767	8	3	3	0	1	2	2	4067	674	29	124645	19	9	93	0	0	0	0	0	0	0	0	0	0	0	0	0	0	
2078.516167	8	3	3	0	1	2	2	4070	675	29	124704	19	9	93	0	0	0	0	0	0	0	0	0	0	0	0	0	0	
2079.521283	8	3	3	0	1	2	2	4072	674	29	124764	19	9	93	0	0	0	0	0	0	0	0	0	0	0	0	0	0	
2080.526400	8	3	3	0	1	2	2	4076	674	29	124824	19	9	93	0	0	0	0	0	0	0	0	0	0	0	0	0	0	
2081.512800	8	3	3	0	1	2	2	4078	674	29	124884	19	9	93	0	0	0	0	0	0	0	0	0	0	0	0	0	0	
2082.519367	8	3	3	0	1	2	2	4081	674	29	124944	19	9	93	0	0	0	0	0	0	0	0	0	0	0	0	0	0	
2083.524483	8	3	3	0	1	2	2	4084	675	29	125004	19	9	93	0	0	0	0	0	0	0	0	0	0	0	0	0	0	
2084.529600	8	3	3	0	1	2	2	4087	675	29	125065	19	9	93	0	0	0	0	0	0	0	0	0	0	0	0	0	0	
2085.516000	8	3	3	0	1	2	2	4090	675	29	125124	19	9	93	0	0	0	0	0	0	0	0	0	0	0	0	0	0	
2086.521117	8	3	3	0	1	2	2	4093	674	29	125184	19	9	93	0	0	0	0	0	0	0	0	0	0	0	0	0	0	
2087.526233	8	3	3	0	1	2	2	4096	674	29	125244	19	9	93	0	0	0	0	0	0	0	0	0	0	0	0	0	0	
2088.531367	8	3	3	0	1	2	2	4099	674	29	125305	19	9	93	0	0	0	0	0	0	0	0	0	0	0	0	0	0	
2089.519200	8	3	3	0	1	2	2	4102	674	29	125364	19	9	93	0	0	0	0	0	0	0	0	0	0	0	0	0	0	
2090.524317	8	3	3	0	1	2	2	4106	673	29	125424	19	9	93	0	0	0	0	0	0	0	0	0	0	0	0	0	0	
2091.529433	8	3	3	0	1	2	2	4109	674	29	125485	19	9	93	0	0	0	0	0	0	0	0	0	0	0	0	0	0	
2092.515833	8	3	3	0	1	2	2	4113	674	29	125544	19	9	93	0	0	0	0	0	0	0	0	0	0	0	0	0	0	
2093.520967	8	3	3	0	1	2	2	4116	673	29	125604	19	9	93	0	0	0	0	0	0	0	0	0	0	0	0	0	0	
2094.527517	8	3	3	0	1	2	2	4117	667	29	125664	19	9	93	0	0	0	0	0	0	0	0	0	0	0	0	0	0	
2095.513917	8	3	3	0	1	2	2	4120	666	29	125724	19	9	93	0	0	0	0	0	0	0	0	0	0	0	0	0	0	
2096.521917	8	3	3	0	1	2	2	4123	664	29	125784	19	9	93	0	0	0	0	0	0	0	0	0	0	0	0	0	0	
2097.527033	8	3	3	0	1	2	2	4127	664	29	125844	19	9	93	0	0	0	0	0	0	0	0	0	0	0	0	0	0	
2098.532167	8	3	3	0	1	2	2	4130	661	29	125905	19	9	93	0	0	0	0	0	0	0	0	0	0	0	0	0	0	
2099.518567	8	3	3	0	1	2	2	4133	661	29	125964	19	9	93	0	0	0	0	0	0	0	0	0	0	0	0	0	0	
2100.523683	8	3	3	0	1	2	2	4137	660	29	126024	19	9	93	0	0	0	0	0	0	0	0	0	0	0	0	0	0	
2101.528800	8	3	3	0	1	2	2	4141	659	29	126084	19	9	93	0	0	0	0	0	0	0	0	0	0	0	0	0	0	
2102.515200	8	3	3	0	1	2	2	4145	658	29	126144	19	9	93	0	0	0	0	0	0	0	0	0	0	0	0	0	0	
2103.520317	8	3	3	0	1	2	2	4149	659	29	126204	19	9	93	0	0	0	0	0	0	0	0	0	0	0	0	0	0	
2104.531200	8	3	3	0	1	2	2	4154	658	29	126265	19	9	93	0	0	0	0	0	0	0	0	0	0	0	0	0	0	
2105.517600	8	3	3	0	1	2	2	4158	659	29	126324	19	9	93	0	0	0	0	0	0	0	0	0	0	0	0	0	0	
2106.522717	8	3	3	0	1	2	2	4163	658	29	126384	19	9	93	0	0	0	0	0	0	0	0	0	0	0	0	0	0	
2107.527833	8	3	3	0	1	2	2	4167	656	29	126444	19	9	93	0	0	0	0	0	0	0	0	0	0	0	0	0	0	
2108.532967	8	3	3	0	1	2	2	4171	657	29	126505	19	9	93	0	0	0	0	0	0	0	0	0	0	0	0	0	0	
2109.519367	8	3	3	0	1	2	2	4176	656	29	126564	19	9	93	0	0	0	0	0	0	0	0	0	0	0	0	0	0	
2110.525917	8	3	3	0	1	2	2	4180	655	29	126624	19	9	93	0	0	0	0	0	0	0	0	0	0	0	0	0	0	
2111.531033	8	3	3	0	1	2	2	4185	655	29	126685	19	9	93	0	0	0	0	0	0	0	0	0	0	0	0	0	0	
2112.517433	8	3	3	0	1	2	2	4190	653	29	126744	19	9	93	0	0	0	0	0	0	0	0	0	0	0	0	0	0	
2113.522567	8	3	3	0	1	2	2	4195	654	29	126804	19	9	93	0	0	0	0	0	0	0	0	0	0	0	0	0	0	
2114.527683	8	3	3	0	1	2	2	4198	650	29	126864	19	9	93	0	0	0	0	0	0	0	0	0	0	0	0	0	0	
2115.532800	8	3	3	0	1	2	2	4199	637	29	126925	19	9	93	0	0	0	0	0	0	0	0	0	0	0	0	0	0	
2116.519200	8	3	3	0	1	2	2	4199	624	29	126984	19	9	93	0	0	0	0	0	0	0	0	0	0	0	0	0	0	
2117.524317	8	3	3	0	1	2	2	4199	610	29	127044	19	9	93	0	0	0	0	0	0	0	0	0	0	0	0	0	0	
2118.530883	8	3	3	0	1	2	2	4199	598	29	127104	19	9	93	0	0	0	0	0	0	0	0	0	0	0	0	0	0	
2119.517283	8	3	3	0	1	2	2	4199	586	29	127164	19	9	93	0	0	0	0	0	0	0	0	0	0	0	0	0	0	
2120.522400	8	3	3	0	1	2	2	4199	573	29	127224	19	9	93	0	0	0	0	0	0	0	0	0	0	0	0	0	0	
2121.527517	8	3	3	0	1	2	2	4199	561	29	127284	19	9	93	0	0	0	0	0	0	0	0	0	0	0	0	0	0	
2122.532633	8	3	3	0	1	2	2	4198	549	29	127345	19	9	93	0	0	0	0	0	0	0	0	0	0	0	0	0	0	
2123.519033	8	3	3	0	1	2	2	4199	537	29	127404	19	9	93	0	0	0	0	0	0	0	0	0	0	0	0	0	0	
2124.525600	8	3	3	0	1	2	2	4198	525	29	127464	19	9	93	0	0	0	0	0	0	0	0	0	0	0	0	0	0	
2125.530717	8	3	3	0	1	2	2	4199	513	29	127524	19	9	93	0	0	0	0	0	0	0	0	0	0	0	0	0	0	
2126.517117	8	3	3	0	1	2	2	4199	502	29	127584	19	9	93	0	0	0	0	0	0	0	0	0	0	0	0	0	0	
2127.522233	8	3	3	0	1	2	2	4199	490	29	127644	19	9	93	0	0	0	0	0	0	0	0	0	0	0	0	0	0	
2128.527367	8	3	3	0	1	2	2	4198	479	29	127704	19	9	93	0	0	0	0	0	0	0	0	0	0	0	0	0	0	
2129.532483	8	3	3	0	1	2	2	4199	467	29	127765	19	9	93	0	0	0	0	0	0	0	0	0	0	0	0	0	0	
2130.518883	8	3	3	0	1	2	2	4199	457	29	127824	19	9	93	0	0	0	0	0	0	0	0	0	0	0	0	0	0	
2131.524000	8	3	3	0	1	2	2	4199	446	29	127884	19	9	93	0	0	0	0	0	0	0	0	0	0	0	0	0	0	
2132.530567	8	3	3	0	1	2	2	4199	436	29	127944	19	9	93	0	0	0	0	0	0	0	0	0	0	0	0	0	0	
2133.535683	8	3	3	0	1	2	2	4199	425	29	128005	19	9	93	0	0	0	0	0	0	0	0	0	0	0	0	0	0	
2134.522083	8	3	3	0	1	2	2	4198	415	29	128064	19	9	93	0	0	0	0	0	0	0	0	0	0	0	0	0	0	
2135.527200	8	3	3	0	1	2	2	4199	406	29	128124	19	9	93	0	0	0	0	0	0	0	0	0	0	0	0	0	0	
2136.532317	8	3	3	0	1	2	2	4198	394	29	128185	19	9	93	0	0	0	0	0	0	0	0	0	0	0	0	0	0	
2137.518717	8	3	3	0	1	2	2	4199	384	29	128244	19	9	93	0	0	0	0	0	0	0	0	0	0	0	0	0	0	
2138.523833	8	3	3	0	1	2	2	4199	374	29	128304	19	9	93	0	0	0	0	0	0	0	0	0	0	0	0	0	0	
2139.530400	8	3	3	0	1	2	2	4198	364	29	128364	19	9	93	0	0	0	0	0	0	0	0	0	0	0	0	0	0	
2140.535517	8	3	3	0	1	2	2	4199	355	30	128425	19	9	93	0	0	0	0	0	0	0	0	0	0	0	0	0	0	
2141.521917	8	3	3	0	1	2	2	4199	345	30	128484	19	9	93	0	0	0	0	0	0	0	0	0	0	0	0	0	0	
2142.527033	8	3	3	0	1	2	2	4199	338	29	128544	19	9	93	0	0	0	0	0	0	0	0	0	0	0	0	0	0	
2143.532167	8	3	3	0	1	2	2	4199	331	29	128605	19	9	93	0	0	0	0	0	0	0	0	0	0	0	0	0	0	
2144.518567	8	3	3	0	1	2	2	4199	321	29	128664	19	9	93	0	0	0	0	0	0	0	0	0	0	0	0	0	0	
2145.525117	8	3	3	0	1	2	2	4199	314	29	128724	19	9	93	0	0	0	0	0	0	0	0	0	0	0	0	0	0	
2146.530233	8	3	3	0	1	2	2	4199	305	29	128784	19	9	93	0	0	0	0	0	0	0	0	0	0	0	0	0	0	
2147.535367	8	3	3	0	1	2	2	4199	297	29	128845	19	9	93	0	0	0	0	0	0	0	0	0	0	0	0	0	0	
2148.524633	8	3	3	0	1	2	2	4198	289	29	128904	19	9	93	0	0	0	0	0	0	0	0	0	0	0	0	0	0	
2149.531200	8	3	3	0	1	2	2	4199	282	29	128964	19	9	93	0	0	0	0	0	0	0	0	0	0	0	0	0	0	
2150.536317	8	3	3	0	1	2	2	4199	275	30	129025	19	9	93	0	0	0	0	0	0	0	0	0	0	0	0	0	0	
2151.522717	8	3	3	0	1	2	2	4199	269	29	129084	19	9	93	0	0	0	0	0	0	0	0	0	0	0	0	0	0	
2152.527833	8	3	3	0	1	2	2	4199	261	30	129144	19	9	93	0	0	0	0	0	0	0	0	0	0	0	0	0	0	
2153.532967	8	3	3	0	1	2	2	4199	255	30	129204	19	9	93	0	0	0	0	0	0	0	0	0	0	0	0	0	0	
2154.519367	8	3	3	0	1	2	2	4199	249	29	129264	19	9	93	0	0	0	0	0	0	0	0	0	0	0	0	0	0	
2155.524483	8	3	3	0	1	2	2	4198	241	30	129324	19	9	93	0	0	0	0	0	0	0	0	0	0	0	0	0	0	
2156.531033	8	3	3	0	1	2	2	4198	236	30	129384	19	9	93	0	0	0	0	0	0	0	0	0	0	0	0	0	0	
2157.536167	8	3	3	0	1	2	2	4198	229	30	129445	19	9	93	0	0	0	0	0	0	0	0	0	0	0	0	0	0	
2158.522567	8	3	3	0	1	2	2	4199	223	30	129504	19	9	93	0	0	0	0	0	0	0	0	0	0	0	0	0	0	
2159.527683	8	3	3	0	1	2	2	4199	218	29	129564	19	9	93	0	0	0	0	0	0	0	0	0	0	0	0	0	0	
2160.534233	8	3	3	0	1	2	2	4198	212	30	129624	19	9	93	0	0	0	0	0	0	0	0	0	0	0	0	0	0	
2161.520633	8	3	3	0	1	2	2	4198	207	30	129684	19	9	93	0	0	0	0	0	0	0	0	0	0	0	0	0	0	
2162.525767	8	3	3	0	1	2	2	4198	202	30	129744	19	9	93	0	0	0	0	0	0	0	0	0	0	0	0	0	0	
2163.530883	8	3	3	0	1	2	2	4198	196	30	129804	19	9	93	0	0	0	0	0	0	0	0	0	0	0	0	0	0	
2164.536000	8	3	3	0	1	2	2	4199	190	30	129865	19	9	93	0	0	0	0	0	0	0	0	0	0	0	0	0	0	
2165.522400	8	3	3	0	1	2	2	4198	186	30	129924	19	9	93	0	0	0	0	0	0	0	0	0	0	0	0	0	0	
2166.527517	8	3	3	0	1	2	2	4199	181	29	129984	19	9	93	0	0	0	0	0	0	0	0	0	0	0	0	0	0	
2167.532633	8	3	3	0	1	2	2	4199	176	30	130044	19	9	93	0	0	0	0	0	0	0	0	0	0	0	0	0	0	
2168.519033	8	3	3	0	1	2	2	4199	172	30	130104	19	9	93	0	0	0	0	0	0	0	0	0	0	0	0	0	0	
2169.525600	8	3	3	0	1	2	2	4198	167	30	130164	19	9	93	0	0	0	0	0	0	0	0	0	0	0	0	0	0	
2170.530717	8	3	3	0	1	2	2	4199	163	30	130224	19	9	93	0	0	0	0	0	0	0	0	0	0	0	0	0	0	
2171.535833	8	3	3	0	1	2	2	4199	158	30	130285	19	9	93	0	0	0	0	0	0	0	0	0	0	0	0	0	0	
2172.525117	8	3	3	0	1	2	2	4199	155	30	130344	19	9	93	0	0	0	0	0	0	0	0	0	0	0	0	0	0	
2173.530233	8	3	3	0	1	2	2	4198	150	30	130404	19	9	93	0	0	0	0	0	0	0	0	0	0	0	0	0	0	
2174.536800	8	3	3	0	1	2	2	4199	146	30	130465	19	9	93	0	0	0	0	0	0	0	0	0	0	0	0	0	0	
2175.523200	8	3	3	0	1	2	2	4199	143	30	130524	19	9	93	0	0	0	0	0	0	0	0	0	0	0	0	0	0	
2176.528317	8	3	3	0	1	2	2	4198	139	30	130584	19	9	93	0	0	0	0	0	0	0	0	0	0	0	0	0	0	
2177.533433	8	3	3	0	1	2	2	4199	136	30	130644	19	9	93	0	0	0	0	0	0	0	0	0	0	0	0	0	0	
2178.538567	8	3	3	0	1	2	2	4198	132	30	130705	19	9	93	0	0	0	0	0	0	0	0	0	0	0	0	0	0	
2179.524967	8	3	3	0	1	2	2	4199	127	30	130764	19	9	93	0	0	0	0	0	0	0	0	0	0	0	0	0	0	
2180.530083	8	3	3	0	1	2	2	4198	124	30	130824	19	9	93	0	0	0	0	0	0	0	0	0	0	0	0	0	0	
2181.536633	8	3	3	0	1	2	2	4198	121	30	130885	19	9	93	0	0	0	0	0	0	0	0	0	0	0	0	0	0	
2182.523033	8	3	3	0	1	2	2	4198	118	30	130944	19	9	93	0	0	0	0	0	0	0	0	0	0	0	0	0	0	
2183.528167	8	3	3	0	1	2	2	4199	115	30	131004	19	9	93	0	0	0	0	0	0	0	0	0	0	0	0	0	0	
2184.533283	8	3	3	0	1	2	2	4198	112	30	131064	19	9	93	0	0	0	0	0	0	0	0	0	0	0	0	0	0	
2185.538400	8	3	3	0	1	2	2	4198	109	30	131125	19	9	93	0	0	0	0	0	0	0	0	0	0	0	0	0	0	
2186.524800	8	3	3	0	1	2	2	4198	106	30	131184	19	9	93	0	0	0	0	0	0	0	0	0	0	0	0	0	0	
2187.529917	8	3	3	0	1	2	2	4198	103	30	131244	19	9	93	0	0	0	0	0	0	0	0	0	0	0	0	0	0	
2188.535033	8	3	3	0	1	2	2	4198	101	30	131304	19	9	93	0	0	0	0	0	0	0	0	0	0	0	0	0	0	
2189.522883	8	3	3	0	1	2	2	4199	98	30	131364	19	9	93	0	0	0	0	0	0	0	0	0	0	0	0	0	0	
2190.528000	8	3	3	0	1	2	2	4199	95	30	131424	19	9	93	0	0	0	0	0	0	0	0	0	0	0	0	0	0	
2191.533117	8	3	3	0	1	2	2	4198	92	30	131484	19	9	93	0	0	0	0	0	0	0	0	0	0	0	0	0	0	
2192.538233	8	3	3	0	1	2	2	4199	90	30	131545	19	9	93	0	0	0	0	0	0	0	0	0	0	0	0	0	0	
2193.524633	8	3	3	0	1	2	2	4198	88	30	131604	19	9	93	0	0	0	0	0	0	0	0	0	0	0	0	0	0	
2194.529767	8	3	3	0	1	2	2	4198	85	30	131664	19	9	93	0	0	0	0	0	0	0	0	0	0	0	0	0	0	
2195.536317	8	3	3	0	1	2	2	4198	84	30	131724	19	9	93	0	0	0	0	0	0	0	0	0	0	0	0	0	0	
2196.522717	8	3	3	0	1	2	2	4198	81	30	131784	19	9	93	0	0	0	0	0	0	0	0	0	0	0	0	0	0	
2197.527833	8	3	3	0	1	2	2	4198	79	30	131844	19	9	93	0	0	0	0	0	0	0	0	0	0	0	0	0	0	
2198.532967	8	3	3	0	1	2	2	4198	77	30	131904	19	9	93	0	0	0	0	0	0	0	0	0	0	0	0	0	0	
2199.538083	8	3	3	0	1	2	2	4199	76	30	131965	19	9	93	0	0	0	0	0	0	0	0	0	0	0	0	0	0	
2200.524483	8	3	3	0	1	2	2	4199	74	30	132024	19	9	93	0	0	0	0	0	0	0	0	0	0	0	0	0	0	
2201.529600	8	3	3	0	1	2	2	4198	71	30	132084	19	9	93	0	0	0	0	0	0	0	0	0	0	0	0	0	0	
2202.534717	8	3	3	0	1	2	2	4199	69	30	132144	19	9	93	0	0	0	0	0	0	0	0	0	0	0	0	0	0	
2203.541283	8	3	3	0	1	2	2	4198	69	30	132205	19	9	93	0	0	0	0	0	0	0	0	0	0	0	0	0	0	
2204.075517	8	6	3	0	2	7	1	3725	-1348	30	132237	19	10	0	0	0	0	0	0	0	0	0	0	0	0	0	0	0	
2204.529117	8	6	3	0	2	7	1	3663	-1350	30	132264	19	10	0	0	0	0	0	0	0	0	0	0	0	0	0	0	0	
2205.534233	8	6	3	0	2	7	1	3626	-1349	30	132324	19	10	2	0	0	0	0	0	0	0	0	0	0	0	0	0	0	
2206.539367	8	6	3	0	2	7	1	3603	-1350	30	132385	19	10	3	0	0	0	0	0	0	0	0	0	0	0	0	0	0	
2207.525767	8	6	3	0	2	7	1	3587	-1349	30	132444	19	10	5	0	0	0	0	0	0	0	0	0	0	0	0	0	0	
2208.532317	8	6	3	0	2	7	1	3569	-1346	30	132504	19	10	7	0	0	0	0	0	0	0	0	0	0	0	0	0	0	
2209.537433	8	6	3	0	2	7	1	3551	-1350	30	132564	19	10	8	0	0	0	0	0	0	0	0	0	0	0	0	0	0	
2210.523833	8	6	3	0	2	7	1	3535	-1351	30	132624	19	10	10	0	0	0	0	0	0	0	0	0	0	0	0	0	0	
2211.528967	8	6	3	0	2	7	1	3520	-1350	30	132684	19	10	12	0	0	0	0	0	0	0	0	0	0	0	0	0	0	
2212.534083	8	6	3	0	2	7	1	3508	-1347	30	132744	19	10	13	0	0	0	0	0	0	0	0	0	0	0	0	0	0	
2213.540633	8	6	3	0	2	7	1	3491	-1350	30	132805	19	10	15	0	0	0	0	0	0	0	0	0	0	0	0	0	0	
2214.527033	8	6	3	0	2	7	1	3481	-1348	30	132864	19	10	17	0	0	0	0	0	0	0	0	0	0	0	0	0	0	
2215.532167	8	6	3	0	2	7	1	3469	-1348	30	132924	19	10	18	0	0	0	0	0	0	0	0	0	0	0	0	0	0	
2216.537283	8	6	3	0	2	7	1	3459	-1350	30	132984	19	10	20	0	0	0	0	0	0	0	0	0	0	0	0	0	0	
2217.523683	8	6	3	0	2	7	1	3451	-1351	30	133044	19	10	22	0	0	0	0	0	0	0	0	0	0	0	0	0	0	
2218.528800	8	6	3	0	2	7	1	3439	-1350	30	133104	19	10	23	0	0	0	0	0	0	0	0	0	0	0	0	0	0	
2219.533917	8	6	3	0	2	7	1	3427	-1352	30	133164	19	10	25	0	0	0	0	0	0	0	0	0	0	0	0	0	0	
2220.540483	8	6	3	0	2	7	1	3419	-1348	30	133225	19	10	27	0	0	0	0	0	0	0	0	0	0	0	0	0	0	
2221.526883	8	6	3	0	2	7	1	3410	-1350	30	133284	19	10	28	0	0	0	0	0	0	0	0	0	0	0	0	0	0	
2222.532000	8	6	3	0	2	7	1	3399	-1350	30	133344	19	10	30	0	0	0	0	0	0	0	0	0	0	0	0	0	0	
2223.537117	8	6	3	0	2	7	1	3386	-1351	30	133404	19	10	32	0	0	0	0	0	0	0	0	0	0	0	0	0	0	
2224.542233	8	6	3	0	2	7	1	3376	-1349	30	133465	19	10	33	0	0	0	0	0	0	0	0	0	0	0	0	0	0	
2225.528633	8	6	3	0	2	7	1	3366	-1350	30	133524	19	10	35	0	0	0	0	0	0	0	0	0	0	0	0	0	0	
2226.533767	8	6	3	0	2	7	1	3355	-1350	30	133584	19	10	37	0	0	0	0	0	0	0	0	0	0	0	0	0	0	
2227.541767	8	6	3	0	2	7	1	3346	-1349	30	133645	19	10	38	0	0	0	0	0	0	0	0	0	0	0	0	0	0	
2228.528167	8	6	3	0	2	7	1	3337	-1349	30	133704	19	10	40	0	0	0	0	0	0	0	0	0	0	0	0	0	0	
2229.533283	8	6	3	0	2	7	1	3328	-1351	30	133764	19	10	42	0	0	0	0	0	0	0	0	0	0	0	0	0	0	
2230.538400	8	6	3	0	2	7	1	3319	-1348	30	133824	19	10	43	0	0	0	0	0	0	0	0	0	0	0	0	0	0	
2231.524800	8	6	3	0	2	7	1	3311	-1349	30	133884	19	10	45	0	0	0	0	0	0	0	0	0	0	0	0	0	0	
2232.529917	8	6	3	0	2	7	1	3303	-1350	30	133944	19	10	47	0	0	0	0	0	0	0	0	0	0	0	0	0	0	
2233.536483	8	6	3	0	2	7	1	3296	-1349	30	134004	19	10	48	0	0	0	0	0	0	0	0	0	0	0	0	0	0	
2234.541600	8	6	3	0	2	7	1	3289	-1349	30	134065	19	10	50	0	0	0	0	0	0	0	0	0	0	0	0	0	0	
2235.528000	8	6	3	0	2	7	1	3282	-1349	30	134124	19	10	52	0	0	0	0	0	0	0	0	0	0	0	0	0	0	
2236.533117	8	6	3	0	2	7	1	3276	-1349	30	134184	19	10	53	0	0	0	0	0	0	0	0	0	0	0	0	0	0	
2237.538233	8	6	3	0	2	7	1	3270	-1349	30	134244	19	10	55	0	0	0	0	0	0	0	0	0	0	0	0	0	0	
2238.543367	8	6	3	0	2	7	1	3263	-1349	29	134305	19	10	57	0	0	0	0	0	0	0	0	0	0	0	0	0	0	
2239.529767	8	6	3	0	2	7	1	3257	-1350	29	134364	19	10	58	0	0	0	0	0	0	0	0	0	0	0	0	0	0	
2240.536317	8	6	3	0	2	7	1	3251	-1350	29	134424	19	10	60	0	0	0	0	0	0	0	0	0	0	0	0	0	0	
2241.542883	8	6	3	0	2	7	1	3246	-1348	29	134485	19	10	62	0	0	0	0	0	0	0	0	0	0	0	0	0	0	
2242.527833	8	6	3	0	2	7	1	3240	-1349	29	134544	19	10	63	0	0	0	0	0	0	0	0	0	0	0	0	0	0	
2243.532967	8	6	3	0	2	7	1	3235	-1350	29	134604	19	10	65	0	0	0	0	0	0	0	0	0	0	0	0	0	0	
2244.538083	8	6	3	0	2	7	1	3228	-1348	29	134664	19	10	66	0	0	0	0	0	0	0	0	0	0	0	0	0	0	
2245.543200	8	6	3	0	2	7	1	3220	-1348	29	134725	19	10	68	0	0	0	0	0	0	0	0	0	0	0	0	0	0	
2246.529600	8	6	3	0	2	7	1	3213	-1349	29	134784	19	10	70	0	0	0	0	0	0	0	0	0	0	0	0	0	0	
2247.534717	8	6	3	0	2	7	1	3204	-1352	29	134844	19	10	71	0	0	0	0	0	0	0	0	0	0	0	0	0	0	
2248.539833	8	6	3	0	2	7	1	3199	-1350	29	134904	19	10	73	0	0	0	0	0	0	0	0	0	0	0	0	0	0	
2249.527683	8	6	3	0	2	7	1	3192	-1350	29	134964	19	10	75	0	0	0	0	0	0	0	0	0	0	0	0	0	0	
2250.534233	8	6	3	0	2	7	1	3184	-1349	29	135024	19	10	76	0	0	0	0	0	0	0	0	0	0	0	0	0	0	
2251.539367	8	6	3	0	2	7	1	3175	-1349	29	135084	19	10	78	0	0	0	0	0	0	0	0	0	0	0	0	0	0	
2252.525767	8	6	3	0	2	7	1	3164	-1350	29	135144	19	10	80	0	0	0	0	0	0	0	0	0	0	0	0	0	0	
2253.530883	8	6	3	0	2	7	1	3151	-1350	29	135204	19	10	81	0	0	0	0	0	0	0	0	0	0	0	0	0	0	
2254.537433	8	6	3	0	2	7	1	3135	-1351	29	135264	19	10	83	0	0	0	0	0	0	0	0	0	0	0	0	0	0	
2255.542567	8	6	3	0	2	7	1	3114	-1349	29	135325	19	10	85	0	0	0	0	0	0	0	0	0	0	0	0	0	0	
2256.528967	8	6	3	0	2	7	1	3087	-1350	29	135384	19	10	86	0	0	0	0	0	0	0	0	0	0	0	0	0	0	
2257.534083	8	6	3	0	2	7	1	3051	-1350	29	135444	19	10	88	0	0	0	0	0	0	0	0	0	0	0	0	0	0	
2258.539200	8	6	3	0	2	7	1	2996	-1349	29	135504	19	10	90	0	0	0	0	0	0	0	0	0	0	0	0	0	0	
2259.544317	8	6	3	0	2	7	1	2904	-1349	29	135565	19	10	91	0	0	0	0	0	0	0	0	0	0	0	0	0	0	
2260.530717	8	6	3	0	2	7	1	2704	-1348	29	135624	19	10	93	0	0	0	0	0	0	0	0	0	0	0	0	0	0	
2260.614233	8	15	3	0	1	31	2	3275	382	29	135629	21	10	93	0	0	0	0	0	0	0	0	0	0	0	0	0	0	
2260.634400	8	3	3	0	1	2	2	3397	677	29	135630	21	10	93	0	0	0	0	0	0	0	0	0	0	0	0	0	0	
2261.540167	8	3	3	0	1	2	2	3618	675	29	135684	21	10	93	0	0	0	0	0	0	0	0	0	0	0	0	0	0	
2262.526567	8	3	3	0	1	2	2	3719	675	29	135744	21	10	93	0	0	0	0	0	0	0	0	0	0	0	0	0	0	
2263.533117	8	3	3	0	1	2	2	3787	675	29	135804	21	10	93	0	0	0	0	0	0	0	0	0	0	0	0	0	0	
2264.538233	8	3	3	0	1	2	2	3840	675	29	135864	21	10	93	0	0	0	0	0	0	0	0	0	0	0	0	0	0	
2265.543367	8	3	3	0	1	2	2	3880	674	29	135925	21	10	93	0	0	0	0	0	0	0	0	0	0	0	0	0	0	
2266.529767	8	3	3	0	1	2	2	3909	674	29	135984	21	10	93	0	0	0	0	0	0	0	0	0	0	0	0	0	0	
2267.534883	8	3	3	0	1	2	2	3923	674	29	136044	21	10	93	0	0	0	0	0	0	0	0	0	0	0	0	0	0	
2268.540000	8	3	3	0	1	2	2	3929	674	29	136104	21	10	93	0	0	0	0	0	0	0	0	0	0	0	0	0	0	
2269.545117	8	3	3	0	1	2	2	3935	674	29	136165	21	10	93	0	0	0	0	0	0	0	0	0	0	0	0	0	0	
2270.531517	8	3	3	0	1	2	2	3940	675	29	136224	21	10	93	0	0	0	0	0	0	0	0	0	0	0	0	0	0	
2271.538083	8	3	3	0	1	2	2	3946	674	29	136284	21	10	93	0	0	0	0	0	0	0	0	0	0	0	0	0	0	
2272.543200	8	3	3	0	1	2	2	3951	674	29	136345	21	10	93	0	0	0	0	0	0	0	0	0	0	0	0	0	0	
2273.529600	8	3	3	0	1	2	2	3956	674	29	136404	21	10	93	0	0	0	0	0	0	0	0	0	0	0	0	0	0	
2274.534717	8	3	3	0	1	2	2	3961	675	29	136464	21	10	93	0	0	0	0	0	0	0	0	0	0	0	0	0	0	
2275.539833	8	3	3	0	1	2	2	3967	674	29	136524	21	10	93	0	0	0	0	0	0	0	0	0	0	0	0	0	0	
2276.544967	8	3	3	0	1	2	2	3973	674	29	136585	21	10	93	0	0	0	0	0	0	0	0	0	0	0	0	0	0	
2277.531367	8	3	3	0	1	2	2	3979	675	29	136644	21	10	93	0	0	0	0	0	0	0	0	0	0	0	0	0	0	
2278.537917	8	3	3	0	1	2	2	3986	675	29	136704	21	10	93	0	0	0	0	0	0	0	0	0	0	0	0	0	0	
2279.543033	8	3	3	0	1	2	2	3991	675	29	136764	21	10	93	0	0	0	0	0	0	0	0	0	0	0	0	0	0	
2280.529433	8	3	3	0	1	2	2	3997	674	29	136824	21	10	93	0	0	0	0	0	0	0	0	0	0	0	0	0	0	
2281.537433	8	3	3	0	1	2	2	4002	676	29	136884	21	10	93	0	0	0	0	0	0	0	0	0	0	0	0	0	0	
2282.544000	8	3	3	0	1	2	2	4008	676	29	136945	21	10	93	0	0	0	0	0	0	0	0	0	0	0	0	0	0	
2283.530400	8	3	3	0	1	2	2	4012	674	29	137004	21	10	93	0	0	0	0	0	0	0	0	0	0	0	0	0	0	
2284.535517	8	3	3	0	1	2	2	4017	675	29	137064	21	10	93	0	0	0	0	0	0	0	0	0	0	0	0	0	0	
2285.540633	8	3	3	0	1	2	2	4022	674	29	137124	21	10	93	0	0	0	0	0	0	0	0	0	0	0	0	0	0	
2286.545767	8	3	3	0	1	2	2	4025	674	29	137185	21	10	93	0	0	0	0	0	0	0	0	0	0	0	0	0	0	
2287.532167	8	3	3	0	1	2	2	4028	674	29	137244	21	10	93	0	0	0	0	0	0	0	0	0	0	0	0	0	0	
2288.537283	8	3	3	0	1	2	2	4032	675	29	137304	21	10	93	0	0	0	0	0	0	0	0	0	0	0	0	0	0	
2289.543833	8	3	3	0	1	2	2	4034	674	29	137364	21	10	93	0	0	0	0	0	0	0	0	0	0	0	0	0	0	
2290.530233	8	3	3	0	1	2	2	4037	674	29	137424	21	10	93	0	0	0	0	0	0	0	0	0	0	0	0	0	0	
2291.535367	8	3	3	0	1	2	2	4039	675	29	137484	21	10	93	0	0	0	0	0	0	0	0	0	0	0	0	0	0	
2292.540483	8	3	3	0	1	2	2	4042	674	29	137544	21	10	93	0	0	0	0	0	0	0	0	0	0	0	0	0	0	
2293.545600	8	3	3	0	1	2	2	4044	675	29	137605	21	10	93	0	0	0	0	0	0	0	0	0	0	0	0	0	0	
2294.532000	8	3	3	0	1	2	2	4046	674	29	137664	21	10	93	0	0	0	0	0	0	0	0	0	0	0	0	0	0	
2295.537117	8	3	3	0	1	2	2	4049	674	29	137724	21	10	93	0	0	0	0	0	0	0	0	0	0	0	0	0	0	
2296.542233	8	3	3	0	1	2	2	4051	674	29	137784	21	10	93	0	0	0	0	0	0	0	0	0	0	0	0	0	0	
2297.548800	8	3	3	0	1	2	2	4054	674	29	137845	21	10	93	0	0	0	0	0	0	0	0	0	0	0	0	0	0	
2298.535200	8	3	3	0	1	2	2	4056	674	29	137904	21	10	93	0	0	0	0	0	0	0	0	0	0	0	0	0	0	
2299.540317	8	3	3	0	1	2	2	4059	675	29	137964	21	10	93	0	0	0	0	0	0	0	0	0	0	0	0	0	0	
2300.545433	8	3	3	0	1	2	2	4061	675	29	138025	21	10	93	0	0	0	0	0	0	0	0	0	0	0	0	0	0	
2301.531833	8	3	3	0	1	2	2	4064	675	29	138084	21	10	93	0	0	0	0	0	0	0	0	0	0	0	0	0	0	
2302.536967	8	3	3	0	1	2	2	4067	674	29	138144	21	10	93	0	0	0	0	0	0	0	0	0	0	0	0	0	0	
2303.543517	8	3	3	0	1	2	2	4069	675	29	138204	21	10	93	0	0	0	0	0	0	0	0	0	0	0	0	0	0	
2304.548633	8	3	3	0	1	2	2	4072	675	29	138265	21	10	93	0	0	0	0	0	0	0	0	0	0	0	0	0	0	
2305.535033	8	3	3	0	1	2	2	4075	674	29	138324	21	10	93	0	0	0	0	0	0	0	0	0	0	0	0	0	0	
2306.540167	8	3	3	0	1	2	2	4078	674	29	138384	21	10	93	0	0	0	0	0	0	0	0	0	0	0	0	0	0	
2307.545283	8	3	3	0	1	2	2	4081	675	29	138445	21	10	93	0	0	0	0	0	0	0	0	0	0	0	0	0	0	
2308.531683	8	3	3	0	1	2	2	4084	675	29	138504	21	10	93	0	0	0	0	0	0	0	0	0	0	0	0	0	0	
2309.536800	8	3	3	0	1	2	2	4087	675	29	138564	21	10	93	0	0	0	0	0	0	0	0	0	0	0	0	0	0	
2310.541917	8	3	3	0	1	2	2	4091	675	29	138624	21	10	93	0	0	0	0	0	0	0	0	0	0	0	0	0	0	
2311.548483	8	3	3	0	1	2	2	4093	675	29	138685	21	10	93	0	0	0	0	0	0	0	0	0	0	0	0	0	0	
2312.534883	8	3	3	0	1	2	2	4096	675	29	138744	21	10	93	0	0	0	0	0	0	0	0	0	0	0	0	0	0	
2313.540000	8	3	3	0	1	2	2	4100	674	29	138804	21	10	93	0	0	0	0	0	0	0	0	0	0	0	0	0	0	
2314.545117	8	3	3	0	1	2	2	4103	674	29	138864	21	10	93	0	0	0	0	0	0	0	0	0	0	0	0	0	0	
2315.531517	8	3	3	0	1	2	2	4106	675	29	138924	21	10	93	0	0	0	0	0	0	0	0	0	0	0	0	0	0	
2316.536633	8	3	3	0	1	2	2	4110	675	29	138984	21	10	93	0	0	0	0	0	0	0	0	0	0	0	0	0	0	
2317.541767	8	3	3	0	1	2	2	4113	674	29	139044	21	10	93	0	0	0	0	0	0	0	0	0	0	0	0	0	0	
2318.548317	8	3	3	0	1	2	2	4117	675	29	139105	21	10	93	0	0	0	0	0	0	0	0	0	0	0	0	0	0	
2319.534717	8	3	3	0	1	2	2	4117	668	29	139164	21	10	93	0	0	0	0	0	0	0	0	0	0	0	0	0	0	
2320.539833	8	3	3	0	1	2	2	4121	666	29	139224	21	10	93	0	0	0	0	0	0	0	0	0	0	0	0	0	0	
2321.544967	8	3	3	0	1	2	2	4124	666	29	139284	21	10	93	0	0	0	0	0	0	0	0	0	0	0	0	0	0	
2322.531367	8	3	3	0	1	2	2	4129	665	29	139344	21	10	93	0	0	0	0	0	0	0	0	0	0	0	0	0	0	
2323.536483	8	3	3	0	1	2	2	4132	664	29	139404	21	10	93	0	0	0	0	0	0	0	0	0	0	0	0	0	0	
2324.543033	8	3	3	0	1	2	2	4136	664	29	139464	21	10	93	0	0	0	0	0	0	0	0	0	0	0	0	0	0	
2325.548167	8	3	3	0	1	2	2	4140	663	29	139525	21	10	93	0	0	0	0	0	0	0	0	0	0	0	0	0	0	
2326.534567	8	3	3	0	1	2	2	4144	663	29	139584	21	10	93	0	0	0	0	0	0	0	0	0	0	0	0	0	0	
2327.539683	8	3	3	0	1	2	2	4148	662	29	139644	21	10	93	0	0	0	0	0	0	0	0	0	0	0	0	0	0	
2328.544800	8	3	3	0	1	2	2	4152	661	29	139704	21	10	93	0	0	0	0	0	0	0	0	0	0	0	0	0	0	
2329.549917	8	3	3	0	1	2	2	4156	661	29	139765	21	10	93	0	0	0	0	0	0	0	0	0	0	0	0	0	0	
2330.536317	8	3	3	0	1	2	2	4160	661	29	139824	21	10	93	0	0	0	0	0	0	0	0	0	0	0	0	0	0	
2331.541433	8	3	3	0	1	2	2	4166	660	29	139884	21	10	93	0	0	0	0	0	0	0	0	0	0	0	0	0	0	
2332.548000	8	3	3	0	1	2	2	4169	659	30	139945	21	10	93	0	0	0	0	0	0	0	0	0	0	0	0	0	0	
2333.534400	8	3	3	0	1	2	2	4174	660	29	140004	21	10	93	0	0	0	0	0	0	0	0	0	0	0	0	0	0	
2334.539517	8	3	3	0	1	2	2	4179	658	29	140064	21	10	93	0	0	0	0	0	0	0	0	0	0	0	0	0	0	
2335.544633	8	3	3	0	1	2	2	4183	657	29	140124	21	10	93	0	0	0	0	0	0	0	0	0	0	0	0	0	0	
2336.549767	8	3	3	0	1	2	2	4188	657	30	140185	21	10	93	0	0	0	0	0	0	0	0	0	0	0	0	0	0	
2337.536167	8	3	3	0	1	2	2	4193	656	30	140244	21	10	93	0	0	0	0	0	0	0	0	0	0	0	0	0	0	
2338.542717	8	3	3	0	1	2	2	4198	656	30	140304	21	10	93	0	0	0	0	0	0	0	0	0	0	0	0	0	0	
2339.547833	8	3	3	0	1	2	2	4199	643	30	140364	21	10	93	0	0	0	0	0	0	0	0	0	0	0	0	0	0	
2340.534233	8	3	3	0	1	2	2	4199	629	30	140424	21	10	93	0	0	0	0	0	0	0	0	0	0	0	0	0	0	
2341.539367	8	3	3	0	1	2	2	4198	616	30	140484	21	10	93	0	0	0	0	0	0	0	0	0	0	0	0	0	0	
2342.544483	8	3	3	0	1	2	2	4198	604	30	140544	21	10	93	0	0	0	0	0	0	0	0	0	0	0	0	0	0	
2343.549600	8	3	3	0	1	2	2	4198	591	29	140605	21	10	93	0	0	0	0	0	0	0	0	0	0	0	0	0	0	
2344.536000	8	3	3	0	1	2	2	4199	578	30	140664	21	10	93	0	0	0	0	0	0	0	0	0	0	0	0	0	0	
2345.541117	8	3	3	0	1	2	2	4199	566	30	140724	21	10	93	0	0	0	0	0	0	0	0	0	0	0	0	0	0	
2346.547683	8	3	3	0	1	2	2	4198	554	30	140784	21	10	93	0	0	0	0	0	0	0	0	0	0	0	0	0	0	
2347.534083	8	3	3	0	1	2	2	4198	541	29	140844	21	10	93	0	0	0	0	0	0	0	0	0	0	0	0	0	0	
2348.539200	8	3	3	0	1	2	2	4199	529	30	140904	21	10	93	0	0	0	0	0	0	0	0	0	0	0	0	0	0	
2349.544317	8	3	3	0	1	2	2	4198	517	30	140964	21	10	93	0	0	0	0	0	0	0	0	0	0	0	0	0	0	
2350.549433	8	3	3	0	1	2	2	4199	505	30	141025	21	10	93	0	0	0	0	0	0	0	0	0	0	0	0	0	0	
2351.535833	8	3	3	0	1	2	2	4198	494	30	141084	21	10	93	0	0	0	0	0	0	0	0	0	0	0	0	0	0	
2352.540967	8	3	3	0	1	2	2	4198	482	30	141144	21	10	93	0	0	0	0	0	0	0	0	0	0	0	0	0	0	
2353.551833	8	3	3	0	1	2	2	4198	471	30	141205	21	10	93	0	0	0	0	0	0	0	0	0	0	0	0	0	0	
2354.538233	8	3	3	0	1	2	2	4198	460	30	141264	21	10	93	0	0	0	0	0	0	0	0	0	0	0	0	0	0	
2355.543367	8	3	3	0	1	2	2	4199	449	29	141324	21	10	93	0	0	0	0	0	0	0	0	0	0	0	0	0	0	
2356.548483	8	3	3	0	1	2	2	4198	438	30	141385	21	10	93	0	0	0	0	0	0	0	0	0	0	0	0	0	0	
2357.536317	8	3	3	0	1	2	2	4199	427	30	141444	21	10	93	0	0	0	0	0	0	0	0	0	0	0	0	0	0	
2358.541433	8	3	3	0	1	2	2	4198	414	30	141504	21	10	93	0	0	0	0	0	0	0	0	0	0	0	0	0	0	
2359.546567	8	3	3	0	1	2	2	4198	403	30	141564	21	10	93	0	0	0	0	0	0	0	0	0	0	0	0	0	0	
2360.534400	8	3	3	0	1	2	2	4198	393	30	141624	21	10	93	0	0	0	0	0	0	0	0	0	0	0	0	0	0	
2361.539517	8	3	3	0	1	2	2	4199	382	30	141684	21	10	93	0	0	0	0	0	0	0	0	0	0	0	0	0	0	
2362.546083	8	3	3	0	1	2	2	4199	372	30	141744	21	10	93	0	0	0	0	0	0	0	0	0	0	0	0	0	0	
2363.551200	8	3	3	0	1	2	2	4199	363	30	141805	21	10	93	0	0	0	0	0	0	0	0	0	0	0	0	0	0	
2364.537600	8	3	3	0	1	2	2	4198	353	30	141864	21	10	93	0	0	0	0	0	0	0	0	0	0	0	0	0	0	
2365.542717	8	3	3	0	1	2	2	4199	346	30	141924	21	10	93	0	0	0	0	0	0	0	0	0	0	0	0	0	0	
2366.547833	8	3	3	0	1	2	2	4199	336	30	141984	21	10	93	0	0	0	0	0	0	0	0	0	0	0	0	0	0	
2367.552967	8	3	3	0	1	2	2	4199	327	30	142045	21	10	93	0	0	0	0	0	0	0	0	0	0	0	0	0	0	
2368.539367	8	3	3	0	1	2	2	4199	320	30	142104	21	10	93	0	0	0	0	0	0	0	0	0	0	0	0	0	0	
2369.544483	8	3	3	0	1	2	2	4199	311	30	142164	21	10	93	0	0	0	0	0	0	0	0	0	0	0	0	0	0	
2370.551033	8	3	3	0	1	2	2	4199	303	30	142225	21	10	93	0	0	0	0	0	0	0	0	0	0	0	0	0	0	
2371.536000	8	3	3	0	1	2	2	4198	295	30	142284	21	10	93	0	0	0	0	0	0	0	0	0	0	0	0	0	0	
2372.542567	8	3	3	0	1	2	2	4199	288	30	142344	21	10	93	0	0	0	0	0	0	0	0	0	0	0	0	0	0	
2373.547683	8	3	3	0	1	2	2	4199	281	30	142404	21	10	93	0	0	0	0	0	0	0	0	0	0	0	0	0	0	
2374.552800	8	3	3	0	1	2	2	4198	273	30	142465	21	10	93	0	0	0	0	0	0	0	0	0	0	0	0	0	0	
2375.539200	8	3	3	0	1	2	2	4199	267	30	142524	21	10	93	0	0	0	0	0	0	0	0	0	0	0	0	0	0	
2376.544317	8	3	3	0	1	2	2	4199	260	30	142584	21	10	93	0	0	0	0	0	0	0	0	0	0	0	0	0	0	
2377.549433	8	3	3	0	1	2	2	4198	253	30	142644	21	10	93	0	0	0	0	0	0	0	0	0	0	0	0	0	0	
2378.535833	8	3	3	0	1	2	2	4199	247	30	142704	21	10	93	0	0	0	0	0	0	0	0	0	0	0	0	0	0	
2379.542400	8	3	3	0	1	2	2	4198	241	30	142764	21	10	93	0	0	0	0	0	0	0	0	0	0	0	0	0	0	
2380.547517	8	3	3	0	1	2	2	4199	234	30	142824	21	10	93	0	0	0	0	0	0	0	0	0	0	0	0	0	0	
2381.552633	8	3	3	0	1	2	2	4199	229	30	142885	21	10	93	0	0	0	0	0	0	0	0	0	0	0	0	0	0	
2382.539033	8	3	3	0	1	2	2	4198	223	30	142944	21	10	93	0	0	0	0	0	0	0	0	0	0	0	0	0	0	
2383.544167	8	3	3	0	1	2	2	4198	217	30	143004	21	10	93	0	0	0	0	0	0	0	0	0	0	0	0	0	0	
2384.549283	8	3	3	0	1	2	2	4198	212	30	143064	21	10	93	0	0	0	0	0	0	0	0	0	0	0	0	0	0	
2385.554400	8	3	3	0	1	2	2	4198	205	30	143125	21	10	93	0	0	0	0	0	0	0	0	0	0	0	0	0	0	
2386.540800	8	3	3	0	1	2	2	4198	201	30	143184	21	10	93	0	0	0	0	0	0	0	0	0	0	0	0	0	0	
2387.547367	8	3	3	0	1	2	2	4198	195	30	143244	21	10	93	0	0	0	0	0	0	0	0	0	0	0	0	0	0	
2388.552483	8	3	3	0	1	2	2	4198	190	30	143305	21	10	93	0	0	0	0	0	0	0	0	0	0	0	0	0	0	
2389.538883	8	3	3	0	1	2	2	4198	185	30	143364	21	10	93	0	0	0	0	0	0	0	0	0	0	0	0	0	0	
2390.544000	8	3	3	0	1	2	2	4198	180	30	143424	21	10	93	0	0	0	0	0	0	0	0	0	0	0	0	0	0	
2391.549117	8	3	3	0	1	2	2	4198	175	30	143484	21	10	93	0	0	0	0	0	0	0	0	0	0	0	0	0	0	
2392.554233	8	3	3	0	1	2	2	4198	171	30	143545	21	10	93	0	0	0	0	0	0	0	0	0	0	0	0	0	0	
2393.540633	8	3	3	0	1	2	2	4198	167	30	143604	21	10	93	0	0	0	0	0	0	0	0	0	0	0	0	0	0	
2394.545767	8	3	3	0	1	2	2	4198	162	30	143664	21	10	93	0	0	0	0	0	0	0	0	0	0	0	0	0	0	
2395.550883	8	3	3	0	1	2	2	4198	158	30	143724	21	10	93	0	0	0	0	0	0	0	0	0	0	0	0	0	0	
2396.537283	8	3	3	0	1	2	2	4198	154	30	143784	21	10	93	0	0	0	0	0	0	0	0	0	0	0	0	0	0	
2397.543833	8	3	3	0	1	2	2	4198	149	30	143844	21	10	93	0	0	0	0	0	0	0	0	0	0	0	0	0	0	
2398.548967	8	3	3	0	1	2	2	4199	145	30	143904	21	10	93	0	0	0	0	0	0	0	0	0	0	0	0	0	0	
2399.554083	8	3	3	0	1	2	2	4198	143	30	143965	21	10	93	0	0	0	0	0	0	0	0	0	0	0	0	0	0	
2400.540483	8	3	3	0	1	2	2	4199	138	30	144024	21	10	93	0	0	0	0	0	0	0	0	0	0	0	0	0	0	
2401.545600	8	3	3	0	1	2	2	4198	134	30	144084	21	10	93	0	0	0	0	0	0	0	0	0	0	0	0	0	0	
2402.550717	8	3	3	0	1	2	2	4199	131	30	144144	21	10	93	0	0	0	0	0	0	0	0	0	0	0	0	0	0	
2403.555833	8	3	3	0	1	2	2	4199	128	30	144205	21	10	93	0	0	0	0	0	0	0	0	0	0	0	0	0	0	
2404.542233	8	3	3	0	1	2	2	4198	124	30	144264	21	10	93	0	0	0	0	0	0	0	0	0	0	0	0	0	0	
2405.548800	8	3	3	0	1	2	2	4199	120	30	144324	21	10	93	0	0	0	0	0	0	0	0	0	0	0	0	0	0	
2406.553917	8	3	3	0	1	2	2	4199	118	30	144385	21	10	93	0	0	0	0	0	0	0	0	0	0	0	0	0	0	
2407.540317	8	3	3	0	1	2	2	4199	115	30	144444	21	10	93	0	0	0	0	0	0	0	0	0	0	0	0	0	0	
2408.545433	8	3	3	0	1	2	2	4198	112	30	144504	21	10	93	0	0	0	0	0	0	0	0	0	0	0	0	0	0	
2409.550567	8	3	3	0	1	2	2	4199	109	30	144564	21	10	93	0	0	0	0	0	0	0	0	0	0	0	0	0	0	
2410.555683	8	3	3	0	1	2	2	4199	106	30	144625	21	10	93	0	0	0	0	0	0	0	0	0	0	0	0	0	0	
2411.542083	8	3	3	0	1	2	2	4199	102	30	144684	21	10	93	0	0	0	0	0	0	0	0	0	0	0	0	0	0	
2412.547200	8	3	3	0	1	2	2	4198	100	30	144744	21	10	93	0	0	0	0	0	0	0	0	0	0	0	0	0	0	
2413.553767	8	3	3	0	1	2	2	4199	98	30	144804	21	10	93	0	0	0	0	0	0	0	0	0	0	0	0	0	0	
2414.543033	8	3	3	0	1	2	2	4198	95	30	144864	21	10	93	0	0	0	0	0	0	0	0	0	0	0	0	0	0	
2415.548167	8	3	3	0	1	2	2	4198	93	30	144924	21	10	93	0	0	0	0	0	0	0	0	0	0	0	0	0	0	
2416.553283	8	3	3	0	1	2	2	4198	90	30	144984	21	10	93	0	0	0	0	0	0	0	0	0	0	0	0	0	0	
2417.539683	8	3	3	0	1	2	2	4198	88	30	145044	21	10	93	0	0	0	0	0	0	0	0	0	0	0	0	0	0	
2418.544800	8	3	3	0	1	2	2	4199	86	30	145104	21	10	93	0	0	0	0	0	0	0	0	0	0	0	0	0	0	
2419.551367	8	3	3	0	1	2	2	4199	83	30	145164	21	10	93	0	0	0	0	0	0	0	0	0	0	0	0	0	0	
2420.556483	8	3	3	0	1	2	2	4199	81	30	145225	21	10	93	0	0	0	0	0	0	0	0	0	0	0	0	0	0	
2421.542883	8	3	3	0	1	2	2	4198	79	30	145284	21	10	93	0	0	0	0	0	0	0	0	0	0	0	0	0	0	
2422.548000	8	3	3	0	1	2	2	4198	77	30	145344	21	10	93	0	0	0	0	0	0	0	0	0	0	0	0	0	0	
2423.553117	8	3	3	0	1	2	2	4199	74	30	145404	21	10	93	0	0	0	0	0	0	0	0	0	0	0	0	0	0	
2424.539517	8	3	3	0	1	2	2	4198	74	30	145464	21	10	93	0	0	0	0	0	0	0	0	0	0	0	0	0	0	
2425.544633	8	3	3	0	1	2	2	4198	72	30	145524	21	10	93	0	0	0	0	0	0	0	0	0	0	0	0	0	0	
2426.549767	8	3	3	0	1	2	2	4199	69	30	145584	21	10	93	0	0	0	0	0	0	0	0	0	0	0	0	0	0	
2427.556317	8	3	3	0	1	2	2	4198	68	30	145645	21	10	93	0	0	0	0	0	0	0	0	0	0	0	0	0	0	
2427.920633	8	6	3	0	2	7	1	3719	-1350	30	145666	21	11	0	0	0	0	0	0	0	0	0	0	0	0	0	0	0	
2428.544167	8	6	3	0	2	7	1	3662	-1351	30	145704	21	11	0	0	0	0	0	0	0	0	0	0	0	0	0	0	0	
2429.549283	8	6	3	0	2	7	1	3633	-1349	30	145764	21	11	2	0	0	0	0	0	0	0	0	0	0	0	0	0	0	
2430.554400	8	6	3	0	2	7	1	3611	-1350	30	145825	21	11	4	0	0	0	0	0	0	0	0	0	0	0	0	0	0	
2431.540800	8	6	3	0	2	7	1	3593	-1350	30	145884	21	11	5	0	0	0	0	0	0	0	0	0	0	0	0	0	0	
2432.545917	8	6	3	0	2	7	1	3573	-1350	30	145944	21	11	7	0	0	0	0	0	0	0	0	0	0	0	0	0	0	
2433.551033	8	6	3	0	2	7	1	3557	-1347	30	146004	21	11	9	0	0	0	0	0	0	0	0	0	0	0	0	0	0	
2434.557600	8	6	3	0	2	7	1	3539	-1349	30	146065	21	11	10	0	0	0	0	0	0	0	0	0	0	0	0	0	0	
2435.545433	8	6	3	0	2	7	1	3522	-1350	30	146124	21	11	12	0	0	0	0	0	0	0	0	0	0	0	0	0	0	
2436.550567	8	6	3	0	2	7	1	3509	-1349	30	146184	21	11	14	0	0	0	0	0	0	0	0	0	0	0	0	0	0	
2437.557117	8	6	3	0	2	7	1	3494	-1349	30	146245	21	11	15	0	0	0	0	0	0	0	0	0	0	0	0	0	0	
2438.543517	8	6	3	0	2	7	1	3480	-1351	30	146304	21	11	17	0	0	0	0	0	0	0	0	0	0	0	0	0	0	
2439.548633	8	6	3	0	2	7	1	3467	-1348	30	146364	21	11	19	0	0	0	0	0	0	0	0	0	0	0	0	0	0	
2440.553767	8	6	3	0	2	7	1	3454	-1350	30	146424	21	11	20	0	0	0	0	0	0	0	0	0	0	0	0	0	0	
2441.558883	8	6	3	0	2	7	1	3442	-1350	30	146485	21	11	22	0	0	0	0	0	0	0	0	0	0	0	0	0	0	
2442.545283	8	6	3	0	2	7	1	3430	-1350	30	146544	21	11	24	0	0	0	0	0	0	0	0	0	0	0	0	0	0	
2443.550400	8	6	3	0	2	7	1	3420	-1350	30	146604	21	11	25	0	0	0	0	0	0	0	0	0	0	0	0	0	0	
2444.555517	8	6	3	0	2	7	1	3408	-1349	30	146665	21	11	27	0	0	0	0	0	0	0	0	0	0	0	0	0	0	
2445.541917	8	6	3	0	2	7	1	3400	-1350	30	146724	21	11	29	0	0	0	0	0	0	0	0	0	0	0	0	0	0	
2446.547033	8	6	3	0	2	7	1	3394	-1348	30	146784	21	11	30	0	0	0	0	0	0	0	0	0	0	0	0	0	0	
2447.553600	8	6	3	0	2	7	1	3384	-1349	30	146844	21	11	32	0	0	0	0	0	0	0	0	0	0	0	0	0	0	
2448.558717	8	6	3	0	2	7	1	3377	-1350	30	146905	21	11	34	0	0	0	0	0	0	0	0	0	0	0	0	0	0	
2449.545117	8	6	3	0	2	7	1	3369	-1349	30	146964	21	11	35	0	0	0	0	0	0	0	0	0	0	0	0	0	0	
2450.550233	8	6	3	0	2	7	1	3359	-1350	30	147024	21	11	37	0	0	0	0	0	0	0	0	0	0	0	0	0	0	
2451.555367	8	6	3	0	2	7	1	3350	-1347	30	147084	21	11	39	0	0	0	0	0	0	0	0	0	0	0	0	0	0	
2452.541767	8	6	3	0	2	7	1	3339	-1350	30	147144	21	11	40	0	0	0	0	0	0	0	0	0	0	0	0	0	0	
2453.546883	8	6	3	0	2	7	1	3332	-1349	30	147204	21	11	42	0	0	0	0	0	0	0	0	0	0	0	0	0	0	
2454.553433	8	6	3	0	2	7	1	3323	-1350	30	147264	21	11	44	0	0	0	0	0	0	0	0	0	0	0	0	0	0	
2455.558567	8	6	3	0	2	7	1	3314	-1348	30	147325	21	11	45	0	0	0	0	0	0	0	0	0	0	0	0	0	0	
2456.544967	8	6	3	0	2	7	1	3307	-1350	30	147384	21	11	47	0	0	0	0	0	0	0	0	0	0	0	0	0	0	
2457.550083	8	6	3	0	2	7	1	3299	-1349	30	147444	21	11	49	0	0	0	0	0	0	0	0	0	0	0	0	0	0	
2458.555200	8	6	3	0	2	7	1	3292	-1350	30	147504	21	11	50	0	0	0	0	0	0	0	0	0	0	0	0	0	0	
2459.560317	8	6	3	0	2	7	1	3283	-1349	30	147565	21	11	52	0	0	0	0	0	0	0	0	0	0	0	0	0	0	
2460.546717	8	6	3	0	2	7	1	3277	-1349	30	147624	21	11	54	0	0	0	0	0	0	0	0	0	0	0	0	0	0	
2461.551833	8	6	3	0	2	7	1	3271	-1350	30	147684	21	11	55	0	0	0	0	0	0	0	0	0	0	0	0	0	0	
2462.558400	8	6	3	0	2	7	1	3265	-1348	30	147745	21	11	57	0	0	0	0	0	0	0	0	0	0	0	0	0	0	
2463.544800	8	6	3	0	2	7	1	3258	-1348	30	147804	21	11	59	0	0	0	0	0	0	0	0	0	0	0	0	0	0	
2464.549917	8	6	3	0	2	7	1	3252	-1350	30	147864	21	11	60	0	0	0	0	0	0	0	0	0	0	0	0	0	0	
2465.555033	8	6	3	0	2	7	1	3246	-1349	30	147924	21	11	62	0	0	0	0	0	0	0	0	0	0	0	0	0	0	
2466.560167	8	6	3	0	2	7	1	3240	-1350	30	147985	21	11	63	0	0	0	0	0	0	0	0	0	0	0	0	0	0	
2467.546567	8	6	3	0	2	7	1	3234	-1348	30	148044	21	11	65	0	0	0	0	0	0	0	0	0	0	0	0	0	0	
2468.551683	8	6	3	0	2	7	1	3228	-1350	30	148104	21	11	67	0	0	0	0	0	0	0	0	0	0	0	0	0	0	
2469.556800	8	6	3	0	2	7	1	3221	-1349	30	148164	21	11	68	0	0	0	0	0	0	0	0	0	0	0	0	0	0	
2470.544633	8	6	3	0	2	7	1	3214	-1349	30	148224	21	11	70	0	0	0	0	0	0	0	0	0	0	0	0	0	0	
2471.549767	8	6	3	0	2	7	1	3207	-1350	30	148284	21	11	72	0	0	0	0	0	0	0	0	0	0	0	0	0	0	
2472.554883	8	6	3	0	2	7	1	3200	-1351	30	148344	21	11	73	0	0	0	0	0	0	0	0	0	0	0	0	0	0	
2473.560000	8	6	3	0	2	7	1	3193	-1351	30	148405	21	11	75	0	0	0	0	0	0	0	0	0	0	0	0	0	0	
2474.546400	8	6	3	0	2	7	1	3185	-1349	30	148464	21	11	77	0	0	0	0	0	0	0	0	0	0	0	0	0	0	
2475.551517	8	6	3	0	2	7	1	3175	-1349	30	148524	21	11	78	0	0	0	0	0	0	0	0	0	0	0	0	0	0	
2476.556633	8	6	3	0	2	7	1	3163	-1348	30	148584	21	11	80	0	0	0	0	0	0	0	0	0	0	0	0	0	0	
2477.561767	8	6	3	0	2	7	1	3151	-1350	30	148645	21	11	82	0	0	0	0	0	0	0	0	0	0	0	0	0	0	
2478.548167	8	6	3	0	2	7	1	3135	-1349	30	148704	21	11	83	0	0	0	0	0	0	0	0	0	0	0	0	0	0	
2479.553283	8	6	3	0	2	7	1	3113	-1349	30	148764	21	11	85	0	0	0	0	0	0	0	0	0	0	0	0	0	0	
2480.559833	8	6	3	0	2	7	1	3084	-1350	29	148825	21	11	87	0	0	0	0	0	0	0	0	0	0	0	0	0	0	
2481.546233	8	6	3	0	2	7	1	3047	-1350	30	148884	21	11	88	0	0	0	0	0	0	0	0	0	0	0	0	0	0	
2482.551367	8	6	3	0	2	7	1	2986	-1350	30	148944	21	11	90	0	0	0	0	0	0	0	0	0	0	0	0	0	0	
2483.556483	8	6	3	0	2	7	1	2884	-1348	30	149004	21	11	92	0	0	0	0	0	0	0	0	0	0	0	0	0	0	
2484.469433	10	0	5	0	0	15	0	3132	0	30	149059	21	11	93	0	0	0	0	0	0	0	0	0	0	0	0	0	0	
2484.491033	8	15	3	0	0	31	0	3149	0	30	149059	21	11	93	0	0	0	0	0	0	0	0	0	0	0	0	0	0	
