Time	Status code	Status category	Status color	Pgm code	Pgm step	Pgm para	Pgm cycle	mV	mA	Temperature	Duration	Charge count	Discharge count	Capacity	Analog input 1	Analog input 2	Analog input 3	Analog input 4	Digital input 1	Digital input 2	Digital input 3	Digital input 4	Digital output 1	Digital output 2	Digital output 3	Digital output 4	Analog output 1	Analog output 2	
0.000000	8	3	3	0	1	2	2	3425	676	25	2	1	0	0	0	0	0	0	0	0	0	0	0	0	0	0	0	0	
0.799200	8	3	3	0	1	2	2	3603	675	25	50	1	0	0	0	0	0	0	0	0	0	0	0	0	0	0	0	0	
1.795683	8	3	3	0	1	2	2	3704	674	25	110	1	0	0	0	0	0	0	0	0	0	0	0	0	0	0	0	0	
2.792167	8	3	3	0	1	2	2	3807	675	25	170	1	0	0	0	0	0	0	0	0	0	0	0	0	0	0	0	0	
3.787200	8	3	3	0	1	2	2	3852	675	25	230	1	0	0	0	0	0	0	0	0	0	0	0	0	0	0	0	0	
4.802400	8	3	3	0	1	2	2	3913	674	25	291	1	0	0	0	0	0	0	0	0	0	0	0	0	0	0	0	0	
5.797433	8	3	3	0	1	2	2	3958	675	25	350	1	0	0	0	0	0	0	0	0	0	0	0	0	0	0	0	0	
6.793917	8	3	3	0	1	2	2	3962	675	26	410	1	0	0	0	0	0	0	0	0	0	0	0	0	0	0	0	0	
7.788967	8	3	3	0	1	2	2	3974	675	25	470	1	0	0	0	0	0	0	0	0	0	0	0	0	0	0	0	0	
8.804167	8	3	3	0	1	2	2	3990	675	26	531	1	0	0	0	0	0	0	0	0	0	0	0	0	0	0	0	0	
9.799200	8	3	3	0	1	2	2	3988	675	26	590	1	0	0	0	0	0	0	0	0	0	0	0	0	0	0	0	0	
10.795683	8	3	3	0	1	2	2	3992	674	26	650	1	0	0	0	0	0	0	0	0	0	0	0	0	0	0	0	0	
11.789283	8	3	3	0	1	2	2	4017	674	25	710	1	0	0	0	0	0	0	0	0	0	0	0	0	0	0	0	0	
12.795833	8	3	3	0	1	2	2	4021	675	25	770	1	0	0	0	0	0	0	0	0	0	0	0	0	0	0	0	0	
13.800967	8	3	3	0	1	2	2	4034	675	25	830	1	0	0	0	0	0	0	0	0	0	0	0	0	0	0	0	0	
14.787367	8	3	3	0	1	2	2	4021	675	25	890	1	0	0	0	0	0	0	0	0	0	0	0	0	0	0	0	0	
15.792483	8	3	3	0	1	2	2	4016	673	25	950	1	0	0	0	0	0	0	0	0	0	0	0	0	0	0	0	0	
16.797600	8	3	3	0	1	2	2	4025	675	25	1010	1	0	0	0	0	0	0	0	0	0	0	0	0	0	0	0	0	
17.802717	8	3	3	0	1	2	2	4025	674	25	1071	1	0	0	0	0	0	0	0	0	0	0	0	0	0	0	0	0	
18.789117	8	3	3	0	1	2	2	4051	674	25	1130	1	0	0	0	0	0	0	0	0	0	0	0	0	0	0	0	0	
19.795683	8	3	3	0	1	2	2	4067	675	25	1190	1	0	0	0	0	0	0	0	0	0	0	0	0	0	0	0	0	
20.800800	8	3	3	0	1	2	2	4053	674	25	1250	1	0	0	0	0	0	0	0	0	0	0	0	0	0	0	0	0	
21.805917	8	3	3	0	1	2	2	4033	675	25	1311	1	0	0	0	0	0	0	0	0	0	0	0	0	0	0	0	0	
22.792317	8	3	3	0	1	2	2	4050	674	25	1370	1	0	0	0	0	0	0	0	0	0	0	0	0	0	0	0	0	
23.797433	8	3	3	0	1	2	2	4041	675	25	1430	1	0	0	0	0	0	0	0	0	0	0	0	0	0	0	0	0	
24.802567	8	3	3	0	1	2	2	4042	675	25	1491	1	0	0	0	0	0	0	0	0	0	0	0	0	0	0	0	0	
25.790400	8	3	3	0	1	2	2	4055	675	25	1550	1	0	0	0	0	0	0	0	0	0	0	0	0	0	0	0	0	
26.795517	8	3	3	0	1	2	2	4065	674	25	1610	1	0	0	0	0	0	0	0	0	0	0	0	0	0	0	0	0	
27.800633	8	3	3	0	1	2	2	4106	676	25	1670	1	0	0	0	0	0	0	0	0	0	0	0	0	0	0	0	0	
28.805767	8	3	3	0	1	2	2	4199	87	25	1731	1	0	0	0	0	0	0	0	0	0	0	0	0	0	0	0	0	
29.792167	8	3	3	0	1	2	2	4013	675	24	1790	1	0	0	0	0	0	0	0	0	0	0	0	0	0	0	0	0	
30.797283	8	3	3	0	1	2	2	4011	674	24	1850	1	0	0	0	0	0	0	0	0	0	0	0	0	0	0	0	0	
31.803833	8	3	3	0	1	2	2	4014	674	24	1911	1	0	0	0	0	0	0	0	0	0	0	0	0	0	0	0	0	
32.790233	8	3	3	0	1	2	2	4019	673	24	1970	1	0	0	0	0	0	0	0	0	0	0	0	0	0	0	0	0	
33.795367	8	3	3	0	1	2	2	4024	675	24	2030	1	0	0	0	0	0	0	0	0	0	0	0	0	0	0	0	0	
34.800483	8	3	3	0	1	2	2	4032	672	24	2090	1	0	0	0	0	0	0	0	0	0	0	0	0	0	0	0	0	
35.805600	8	3	3	0	1	2	2	4037	674	24	2151	1	0	0	0	0	0	0	0	0	0	0	0	0	0	0	0	0	
36.792000	8	3	3	0	1	2	2	4037	675	24	2210	1	0	0	0	0	0	0	0	0	0	0	0	0	0	0	0	0	
37.797117	8	3	3	0	1	2	2	4047	676	24	2270	1	0	0	0	0	0	0	0	0	0	0	0	0	0	0	0	0	
38.803683	8	3	3	0	1	2	2	4055	674	24	2330	1	0	0	0	0	0	0	0	0	0	0	0	0	0	0	0	0	
39.790083	8	3	3	0	1	2	2	4058	674	24	2390	1	0	0	0	0	0	0	0	0	0	0	0	0	0	0	0	0	
40.795200	8	3	3	0	1	2	2	4058	674	24	2450	1	0	0	0	0	0	0	0	0	0	0	0	0	0	0	0	0	
41.800317	8	3	3	0	1	2	2	4058	675	24	2510	1	0	0	0	0	0	0	0	0	0	0	0	0	0	0	0	0	
42.805433	8	3	3	0	1	2	2	4061	674	24	2571	1	0	0	0	0	0	0	0	0	0	0	0	0	0	0	0	0	
43.791833	8	3	3	0	1	2	2	4063	674	24	2630	1	0	0	0	0	0	0	0	0	0	0	0	0	0	0	0	0	
44.798400	8	3	3	0	1	2	2	4066	674	23	2690	1	0	0	0	0	0	0	0	0	0	0	0	0	0	0	0	0	
45.803517	8	3	3	0	1	2	2	4067	674	23	2750	1	0	0	0	0	0	0	0	0	0	0	0	0	0	0	0	0	
46.789917	8	3	3	0	1	2	2	4075	675	23	2810	1	0	0	0	0	0	0	0	0	0	0	0	0	0	0	0	0	
47.795033	8	3	3	0	1	2	2	4079	675	23	2870	1	0	0	0	0	0	0	0	0	0	0	0	0	0	0	0	0	
48.800167	8	3	3	0	1	2	2	4080	674	23	2930	1	0	0	0	0	0	0	0	0	0	0	0	0	0	0	0	0	
49.805283	8	3	3	0	1	2	2	4092	674	23	2991	1	0	0	0	0	0	0	0	0	0	0	0	0	0	0	0	0	
50.793117	8	3	3	0	1	2	2	4094	674	23	3050	1	0	0	0	0	0	0	0	0	0	0	0	0	0	0	0	0	
51.798233	8	3	3	0	1	2	2	4099	675	23	3110	1	0	0	0	0	0	0	0	0	0	0	0	0	0	0	0	0	
52.803367	8	3	3	0	1	2	2	4099	675	23	3170	1	0	0	0	0	0	0	0	0	0	0	0	0	0	0	0	0	
53.789767	8	3	3	0	1	2	2	4103	675	23	3230	1	0	0	0	0	0	0	0	0	0	0	0	0	0	0	0	0	
54.794883	8	3	3	0	1	2	2	4108	675	23	3290	1	0	0	0	0	0	0	0	0	0	0	0	0	0	0	0	0	
55.801433	8	3	3	0	1	2	2	4110	675	23	3350	1	0	0	0	0	0	0	0	0	0	0	0	0	0	0	0	0	
56.806567	8	3	3	0	1	2	2	4112	675	23	3411	1	0	0	0	0	0	0	0	0	0	0	0	0	0	0	0	0	
57.792967	8	3	3	0	1	2	2	4117	674	23	3470	1	0	0	0	0	0	0	0	0	0	0	0	0	0	0	0	0	
58.798083	8	3	3	0	1	2	2	4119	666	23	3530	1	0	0	0	0	0	0	0	0	0	0	0	0	0	0	0	0	
59.803200	8	3	3	0	1	2	2	4128	663	23	3590	1	0	0	0	0	0	0	0	0	0	0	0	0	0	0	0	0	
60.789600	8	3	3	0	1	2	2	4129	663	23	3650	1	0	0	0	0	0	0	0	0	0	0	0	0	0	0	0	0	
61.796167	8	3	3	0	1	2	2	4126	664	23	3710	1	0	0	0	0	0	0	0	0	0	0	0	0	0	0	0	0	
62.801283	8	3	3	0	1	2	2	4128	664	23	3770	1	0	0	0	0	0	0	0	0	0	0	0	0	0	0	0	0	
63.806400	8	3	3	0	1	2	2	4132	662	23	3831	1	0	0	0	0	0	0	0	0	0	0	0	0	0	0	0	0	
64.792800	8	3	3	0	1	2	2	4137	663	23	3890	1	0	0	0	0	0	0	0	0	0	0	0	0	0	0	0	0	
65.797917	8	3	3	0	1	2	2	4138	662	23	3950	1	0	0	0	0	0	0	0	0	0	0	0	0	0	0	0	0	
66.803033	8	3	3	0	1	2	2	4145	660	23	4010	1	0	0	0	0	0	0	0	0	0	0	0	0	0	0	0	0	
67.809600	8	3	3	0	1	2	2	4147	660	23	4071	1	0	0	0	0	0	0	0	0	0	0	0	0	0	0	0	0	
68.796000	8	3	3	0	1	2	2	4150	661	23	4130	1	0	0	0	0	0	0	0	0	0	0	0	0	0	0	0	0	
69.801117	8	3	3	0	1	2	2	4154	658	23	4190	1	0	0	0	0	0	0	0	0	0	0	0	0	0	0	0	0	
70.806233	8	3	3	0	1	2	2	4156	658	23	4251	1	0	0	0	0	0	0	0	0	0	0	0	0	0	0	0	0	
71.792633	8	3	3	0	1	2	2	4161	656	23	4310	1	0	0	0	0	0	0	0	0	0	0	0	0	0	0	0	0	
72.799200	8	3	3	0	1	2	2	4165	657	23	4370	1	0	0	0	0	0	0	0	0	0	0	0	0	0	0	0	0	
73.804317	8	3	3	0	1	2	2	4168	656	23	4430	1	0	0	0	0	0	0	0	0	0	0	0	0	0	0	0	0	
74.809433	8	3	3	0	1	2	2	4171	654	23	4491	1	0	0	0	0	0	0	0	0	0	0	0	0	0	0	0	0	
75.795833	8	3	3	0	1	2	2	4176	652	23	4550	1	0	0	0	0	0	0	0	0	0	0	0	0	0	0	0	0	
76.800967	8	3	3	0	1	2	2	4181	654	23	4610	1	0	0	0	0	0	0	0	0	0	0	0	0	0	0	0	0	
77.806083	8	3	3	0	1	2	2	4184	651	23	4671	1	0	0	0	0	0	0	0	0	0	0	0	0	0	0	0	0	
78.793917	8	3	3	0	1	2	2	4190	653	23	4730	1	0	0	0	0	0	0	0	0	0	0	0	0	0	0	0	0	
79.799033	8	3	3	0	1	2	2	4197	651	23	4790	1	0	0	0	0	0	0	0	0	0	0	0	0	0	0	0	0	
80.804167	8	3	3	0	1	2	2	4199	634	23	4850	1	0	0	0	0	0	0	0	0	0	0	0	0	0	0	0	0	
81.809283	8	3	3	0	1	2	2	4199	622	23	4911	1	0	0	0	0	0	0	0	0	0	0	0	0	0	0	0	0	
82.795683	8	3	3	0	1	2	2	4198	611	23	4970	1	0	0	0	0	0	0	0	0	0	0	0	0	0	0	0	0	
83.800800	8	3	3	0	1	2	2	4198	589	23	5030	1	0	0	0	0	0	0	0	0	0	0	0	0	0	0	0	0	
84.805917	8	3	3	0	1	2	2	4198	583	23	5090	1	0	0	0	0	0	0	0	0	0	0	0	0	0	0	0	0	
85.793767	8	3	3	0	1	2	2	4199	572	23	5150	1	0	0	0	0	0	0	0	0	0	0	0	0	0	0	0	0	
86.798883	8	3	3	0	1	2	2	4199	547	23	5210	1	0	0	0	0	0	0	0	0	0	0	0	0	0	0	0	0	
87.804000	8	3	3	0	1	2	2	4199	525	23	5270	1	0	0	0	0	0	0	0	0	0	0	0	0	0	0	0	0	
88.809117	8	3	3	0	1	2	2	4198	510	23	5331	1	0	0	0	0	0	0	0	0	0	0	0	0	0	0	0	0	
89.795517	8	3	3	0	1	2	2	4198	509	23	5390	1	0	0	0	0	0	0	0	0	0	0	0	0	0	0	0	0	
90.800633	8	3	3	0	1	2	2	4198	490	23	5450	1	0	0	0	0	0	0	0	0	0	0	0	0	0	0	0	0	
91.805767	8	3	3	0	1	2	2	4199	481	23	5510	1	0	0	0	0	0	0	0	0	0	0	0	0	0	0	0	0	
92.793600	8	3	3	0	1	2	2	4198	461	23	5570	1	0	0	0	0	0	0	0	0	0	0	0	0	0	0	0	0	
93.798717	8	3	3	0	1	2	2	4199	457	23	5630	1	0	0	0	0	0	0	0	0	0	0	0	0	0	0	0	0	
94.803833	8	3	3	0	1	2	2	4198	443	23	5690	1	0	0	0	0	0	0	0	0	0	0	0	0	0	0	0	0	
95.808967	8	3	3	0	1	2	2	4199	429	23	5751	1	0	0	0	0	0	0	0	0	0	0	0	0	0	0	0	0	
96.795367	8	3	3	0	1	2	2	4198	423	23	5810	1	0	0	0	0	0	0	0	0	0	0	0	0	0	0	0	0	
97.800483	8	3	3	0	1	2	2	4198	413	23	5870	1	0	0	0	0	0	0	0	0	0	0	0	0	0	0	0	0	
98.807033	8	3	3	0	1	2	2	4198	403	23	5930	1	0	0	0	0	0	0	0	0	0	0	0	0	0	0	0	0	
99.812167	8	3	3	0	1	2	2	4198	392	23	5991	1	0	0	0	0	0	0	0	0	0	0	0	0	0	0	0	0	
100.798567	8	3	3	0	1	2	2	4198	381	23	6050	1	0	0	0	0	0	0	0	0	0	0	0	0	0	0	0	0	
101.803683	8	3	3	0	1	2	2	4198	370	23	6110	1	0	0	0	0	0	0	0	0	0	0	0	0	0	0	0	0	
102.808800	8	3	3	0	1	2	2	4199	363	23	6171	1	0	0	0	0	0	0	0	0	0	0	0	0	0	0	0	0	
103.796633	8	3	3	0	1	2	2	4199	355	23	6230	1	0	0	0	0	0	0	0	0	0	0	0	0	0	0	0	0	
104.801767	8	3	3	0	1	2	2	4198	347	23	6290	1	0	0	0	0	0	0	0	0	0	0	0	0	0	0	0	0	
105.806883	8	3	3	0	1	2	2	4199	333	23	6350	1	0	0	0	0	0	0	0	0	0	0	0	0	0	0	0	0	
106.812000	8	3	3	0	1	2	2	4198	322	23	6411	1	0	0	0	0	0	0	0	0	0	0	0	0	0	0	0	0	
107.798400	8	3	3	0	1	2	2	4199	315	23	6470	1	0	0	0	0	0	0	0	0	0	0	0	0	0	0	0	0	
108.804967	8	3	3	0	1	2	2	4198	308	23	6530	1	0	0	0	0	0	0	0	0	0	0	0	0	0	0	0	0	
109.810083	8	3	3	0	1	2	2	4198	299	23	6591	1	0	0	0	0	0	0	0	0	0	0	0	0	0	0	0	0	
110.796483	8	3	3	0	1	2	2	4199	289	23	6650	1	0	0	0	0	0	0	0	0	0	0	0	0	0	0	0	0	
111.801600	8	3	3	0	1	2	2	4199	280	23	6710	1	0	0	0	0	0	0	0	0	0	0	0	0	0	0	0	0	
112.806717	8	3	3	0	1	2	2	4198	271	23	6770	1	0	0	0	0	0	0	0	0	0	0	0	0	0	0	0	0	
113.811833	8	3	3	0	1	2	2	4199	265	23	6831	1	0	0	0	0	0	0	0	0	0	0	0	0	0	0	0	0	
114.798233	8	3	3	0	1	2	2	4199	255	23	6890	1	0	0	0	0	0	0	0	0	0	0	0	0	0	0	0	0	
115.803367	8	3	3	0	1	2	2	4199	248	23	6950	1	0	0	0	0	0	0	0	0	0	0	0	0	0	0	0	0	
116.809917	8	3	3	0	1	2	2	4198	240	23	7010	1	0	0	0	0	0	0	0	0	0	0	0	0	0	0	0	0	
117.796317	8	3	3	0	1	2	2	4199	233	23	7070	1	0	0	0	0	0	0	0	0	0	0	0	0	0	0	0	0	
118.801433	8	3	3	0	1	2	2	4199	226	23	7130	1	0	0	0	0	0	0	0	0	0	0	0	0	0	0	0	0	
119.806567	8	3	3	0	1	2	2	4198	221	23	7190	1	0	0	0	0	0	0	0	0	0	0	0	0	0	0	0	0	
120.811683	8	3	3	0	1	2	2	4198	215	23	7251	1	0	0	0	0	0	0	0	0	0	0	0	0	0	0	0	0	
121.798083	8	3	3	0	1	2	2	4199	210	23	7310	1	0	0	0	0	0	0	0	0	0	0	0	0	0	0	0	0	
122.804633	8	3	3	0	1	2	2	4198	203	23	7370	1	0	0	0	0	0	0	0	0	0	0	0	0	0	0	0	0	
123.809767	8	3	3	0	1	2	2	4198	194	23	7430	1	0	0	0	0	0	0	0	0	0	0	0	0	0	0	0	0	
124.796167	8	3	3	0	1	2	2	4199	190	23	7490	1	0	0	0	0	0	0	0	0	0	0	0	0	0	0	0	0	
125.801283	8	3	3	0	1	2	2	4199	184	23	7550	1	0	0	0	0	0	0	0	0	0	0	0	0	0	0	0	0	
126.806400	8	3	3	0	1	2	2	4199	178	23	7610	1	0	0	0	0	0	0	0	0	0	0	0	0	0	0	0	0	
127.811517	8	3	3	0	1	2	2	4198	173	23	7671	1	0	0	0	0	0	0	0	0	0	0	0	0	0	0	0	0	
128.797917	8	3	3	0	1	2	2	4198	168	23	7730	1	0	0	0	0	0	0	0	0	0	0	0	0	0	0	0	0	
129.804483	8	3	3	0	1	2	2	4199	165	23	7790	1	0	0	0	0	0	0	0	0	0	0	0	0	0	0	0	0	
130.809600	8	3	3	0	1	2	2	4199	161	23	7850	1	0	0	0	0	0	0	0	0	0	0	0	0	0	0	0	0	
131.796000	8	3	3	0	1	2	2	4199	156	23	7910	1	0	0	0	0	0	0	0	0	0	0	0	0	0	0	0	0	
132.801117	8	3	3	0	1	2	2	4199	153	23	7970	1	0	0	0	0	0	0	0	0	0	0	0	0	0	0	0	0	
133.809117	8	3	3	0	1	2	2	4199	147	23	8030	1	0	0	0	0	0	0	0	0	0	0	0	0	0	0	0	0	
134.814233	8	3	3	0	1	2	2	4199	143	23	8091	1	0	0	0	0	0	0	0	0	0	0	0	0	0	0	0	0	
135.800633	8	3	3	0	1	2	2	4198	140	23	8150	1	0	0	0	0	0	0	0	0	0	0	0	0	0	0	0	0	
136.805767	8	3	3	0	1	2	2	4199	135	23	8210	1	0	0	0	0	0	0	0	0	0	0	0	0	0	0	0	0	
137.810883	8	3	3	0	1	2	2	4198	129	23	8271	1	0	0	0	0	0	0	0	0	0	0	0	0	0	0	0	0	
138.798717	8	3	3	0	1	2	2	4198	125	23	8330	1	0	0	0	0	0	0	0	0	0	0	0	0	0	0	0	0	
139.803833	8	3	3	0	1	2	2	4198	123	23	8390	1	0	0	0	0	0	0	0	0	0	0	0	0	0	0	0	0	
140.808967	8	3	3	0	1	2	2	4198	118	23	8450	1	0	0	0	0	0	0	0	0	0	0	0	0	0	0	0	0	
141.814083	8	3	3	0	1	2	2	4199	114	23	8511	1	0	0	0	0	0	0	0	0	0	0	0	0	0	0	0	0	
142.800483	8	3	3	0	1	2	2	4198	110	23	8570	1	0	0	0	0	0	0	0	0	0	0	0	0	0	0	0	0	
143.805600	8	3	3	0	1	2	2	4198	107	23	8630	1	0	0	0	0	0	0	0	0	0	0	0	0	0	0	0	0	
144.812167	8	3	3	0	1	2	2	4199	105	23	8690	1	0	0	0	0	0	0	0	0	0	0	0	0	0	0	0	0	
145.798567	8	3	3	0	1	2	2	4198	101	23	8750	1	0	0	0	0	0	0	0	0	0	0	0	0	0	0	0	0	
146.803683	8	3	3	0	1	2	2	4198	98	23	8810	1	0	0	0	0	0	0	0	0	0	0	0	0	0	0	0	0	
147.808800	8	3	3	0	1	2	2	4199	94	23	8870	1	0	0	0	0	0	0	0	0	0	0	0	0	0	0	0	0	
148.813917	8	3	3	0	1	2	2	4198	91	23	8931	1	0	0	0	0	0	0	0	0	0	0	0	0	0	0	0	0	
149.800317	8	3	3	0	1	2	2	4198	88	23	8990	1	0	0	0	0	0	0	0	0	0	0	0	0	0	0	0	0	
150.806883	8	3	3	0	1	2	2	4199	86	23	9050	1	0	0	0	0	0	0	0	0	0	0	0	0	0	0	0	0	
151.812000	8	3	3	0	1	2	2	4198	83	23	9110	1	0	0	0	0	0	0	0	0	0	0	0	0	0	0	0	0	
152.798400	8	3	3	0	1	2	2	4198	81	23	9170	1	0	0	0	0	0	0	0	0	0	0	0	0	0	0	0	0	
153.803517	8	3	3	0	1	2	2	4198	78	23	9230	1	0	0	0	0	0	0	0	0	0	0	0	0	0	0	0	0	
154.808633	8	3	3	0	1	2	2	4198	77	23	9290	1	0	0	0	0	0	0	0	0	0	0	0	0	0	0	0	0	
155.813767	8	3	3	0	1	2	2	4198	74	23	9351	1	0	0	0	0	0	0	0	0	0	0	0	0	0	0	0	0	
156.801600	8	3	3	0	1	2	2	4198	72	23	9410	1	0	0	0	0	0	0	0	0	0	0	0	0	0	0	0	0	
157.806717	8	3	3	0	1	2	2	4198	71	23	9470	1	0	0	0	0	0	0	0	0	0	0	0	0	0	0	0	0	
158.811833	8	3	3	0	1	2	2	4199	68	23	9530	1	0	0	0	0	0	0	0	0	0	0	0	0	0	0	0	0	
159.233767	8	6	3	0	2	7	1	4139	-206	23	9556	1	1	0	0	0	0	0	0	0	0	0	0	0	0	0	0	0	
159.799683	8	6	3	0	2	7	1	3811	-1350	23	9590	1	1	0	0	0	0	0	0	0	0	0	0	0	0	0	0	0	
160.806233	8	6	3	0	2	7	1	3784	-1349	23	9650	1	1	2	0	0	0	0	0	0	0	0	0	0	0	0	0	0	
161.811367	8	6	3	0	2	7	1	3760	-1350	23	9710	1	1	4	0	0	0	0	0	0	0	0	0	0	0	0	0	0	
162.816483	8	6	3	0	2	7	1	3740	-1350	23	9771	1	1	5	0	0	0	0	0	0	0	0	0	0	0	0	0	0	
163.802883	8	6	3	0	2	7	1	3721	-1349	23	9830	1	1	7	0	0	0	0	0	0	0	0	0	0	0	0	0	0	
164.808000	8	6	3	0	2	7	1	3704	-1348	23	9890	1	1	9	0	0	0	0	0	0	0	0	0	0	0	0	0	0	
165.814567	8	6	3	0	2	7	1	3696	-1350	23	9951	1	1	10	0	0	0	0	0	0	0	0	0	0	0	0	0	0	
166.800967	8	6	3	0	2	7	1	3682	-1351	23	10010	1	1	12	0	0	0	0	0	0	0	0	0	0	0	0	0	0	
167.806083	8	6	3	0	2	7	1	3666	-1349	23	10070	1	1	14	0	0	0	0	0	0	0	0	0	0	0	0	0	0	
168.811200	8	6	3	0	2	7	1	3655	-1350	23	10130	1	1	15	0	0	0	0	0	0	0	0	0	0	0	0	0	0	
169.816317	8	6	3	0	2	7	1	3640	-1350	23	10191	1	1	17	0	0	0	0	0	0	0	0	0	0	0	0	0	0	
170.804167	8	6	3	0	2	7	1	3629	-1350	23	10250	1	1	19	0	0	0	0	0	0	0	0	0	0	0	0	0	0	
171.809283	8	6	3	0	2	7	1	3615	-1349	23	10310	1	1	20	0	0	0	0	0	0	0	0	0	0	0	0	0	0	
172.814400	8	6	3	0	2	7	1	3603	-1351	23	10371	1	1	22	0	0	0	0	0	0	0	0	0	0	0	0	0	0	
173.800800	8	6	3	0	2	7	1	3587	-1350	23	10430	1	1	24	0	0	0	0	0	0	0	0	0	0	0	0	0	0	
174.805917	8	6	3	0	2	7	1	3575	-1351	23	10490	1	1	25	0	0	0	0	0	0	0	0	0	0	0	0	0	0	
175.812483	8	6	3	0	2	7	1	3562	-1349	23	10550	1	1	27	0	0	0	0	0	0	0	0	0	0	0	0	0	0	
176.817600	8	6	3	0	2	7	1	3551	-1350	23	10611	1	1	29	0	0	0	0	0	0	0	0	0	0	0	0	0	0	
177.804000	8	6	3	0	2	7	1	3540	-1348	23	10670	1	1	30	0	0	0	0	0	0	0	0	0	0	0	0	0	0	
178.809117	8	6	3	0	2	7	1	3528	-1353	23	10730	1	1	32	0	0	0	0	0	0	0	0	0	0	0	0	0	0	
179.814233	8	6	3	0	2	7	1	3517	-1349	23	10791	1	1	34	0	0	0	0	0	0	0	0	0	0	0	0	0	0	
180.800633	8	6	3	0	2	7	1	3507	-1349	23	10850	1	1	35	0	0	0	0	0	0	0	0	0	0	0	0	0	0	
181.807200	8	6	3	0	2	7	1	3496	-1349	23	10910	1	1	37	0	0	0	0	0	0	0	0	0	0	0	0	0	0	
182.812317	8	6	3	0	2	7	1	3487	-1352	23	10970	1	1	39	0	0	0	0	0	0	0	0	0	0	0	0	0	0	
183.817433	8	6	3	0	2	7	1	3476	-1350	23	11031	1	1	40	0	0	0	0	0	0	0	0	0	0	0	0	0	0	
184.803833	8	6	3	0	2	7	1	3468	-1349	23	11090	1	1	42	0	0	0	0	0	0	0	0	0	0	0	0	0	0	
185.808967	8	6	3	0	2	7	1	3457	-1351	23	11150	1	1	43	0	0	0	0	0	0	0	0	0	0	0	0	0	0	
186.814083	8	6	3	0	2	7	1	3449	-1349	23	11210	1	1	45	0	0	0	0	0	0	0	0	0	0	0	0	0	0	
187.801917	8	6	3	0	2	7	1	3441	-1348	23	11270	1	1	47	0	0	0	0	0	0	0	0	0	0	0	0	0	0	
188.807033	8	6	3	0	2	7	1	3433	-1348	23	11330	1	1	48	0	0	0	0	0	0	0	0	0	0	0	0	0	0	
189.812167	8	6	3	0	2	7	1	3425	-1350	23	11390	1	1	50	0	0	0	0	0	0	0	0	0	0	0	0	0	0	
190.817283	8	6	3	0	2	7	1	3418	-1350	23	11451	1	1	52	0	0	0	0	0	0	0	0	0	0	0	0	0	0	
191.803683	8	6	3	0	2	7	1	3411	-1351	23	11510	1	1	53	0	0	0	0	0	0	0	0	0	0	0	0	0	0	
192.808800	8	6	3	0	2	7	1	3402	-1349	23	11570	1	1	55	0	0	0	0	0	0	0	0	0	0	0	0	0	0	
193.815367	8	6	3	0	2	7	1	3396	-1349	23	11630	1	1	57	0	0	0	0	0	0	0	0	0	0	0	0	0	0	
194.801767	8	6	3	0	2	7	1	3389	-1350	23	11690	1	1	58	0	0	0	0	0	0	0	0	0	0	0	0	0	0	
195.806883	8	6	3	0	2	7	1	3384	-1350	23	11750	1	1	60	0	0	0	0	0	0	0	0	0	0	0	0	0	0	
196.812000	8	6	3	0	2	7	1	3378	-1348	23	11810	1	1	62	0	0	0	0	0	0	0	0	0	0	0	0	0	0	
197.817117	8	6	3	0	2	7	1	3372	-1349	23	11871	1	1	63	0	0	0	0	0	0	0	0	0	0	0	0	0	0	
198.804967	8	6	3	0	2	7	1	3365	-1351	23	11930	1	1	65	0	0	0	0	0	0	0	0	0	0	0	0	0	0	
199.810083	8	6	3	0	2	7	1	3357	-1348	23	11990	1	1	67	0	0	0	0	0	0	0	0	0	0	0	0	0	0	
200.815200	8	6	3	0	2	7	1	3351	-1350	23	12050	1	1	68	0	0	0	0	0	0	0	0	0	0	0	0	0	0	
201.801600	8	6	3	0	2	7	1	3342	-1351	23	12110	1	1	70	0	0	0	0	0	0	0	0	0	0	0	0	0	0	
202.806717	8	6	3	0	2	7	1	3332	-1349	23	12170	1	1	72	0	0	0	0	0	0	0	0	0	0	0	0	0	0	
203.813283	8	6	3	0	2	7	1	3323	-1351	23	12230	1	1	73	0	0	0	0	0	0	0	0	0	0	0	0	0	0	
204.818400	8	6	3	0	2	7	1	3313	-1345	23	12291	1	1	75	0	0	0	0	0	0	0	0	0	0	0	0	0	0	
205.804800	8	6	3	0	2	7	1	3300	-1350	23	12350	1	1	77	0	0	0	0	0	0	0	0	0	0	0	0	0	0	
206.809917	8	6	3	0	2	7	1	3287	-1349	23	12410	1	1	78	0	0	0	0	0	0	0	0	0	0	0	0	0	0	
207.815033	8	6	3	0	2	7	1	3268	-1347	23	12470	1	1	80	0	0	0	0	0	0	0	0	0	0	0	0	0	0	
208.801433	8	6	3	0	2	7	1	3246	-1349	23	12530	1	1	82	0	0	0	0	0	0	0	0	0	0	0	0	0	0	
209.808000	8	6	3	0	2	7	1	3214	-1348	23	12590	1	1	83	0	0	0	0	0	0	0	0	0	0	0	0	0	0	
210.813117	8	6	3	0	2	7	1	3167	-1352	23	12650	1	1	85	0	0	0	0	0	0	0	0	0	0	0	0	0	0	
211.818233	8	6	3	0	2	7	1	3095	-1349	23	12711	1	1	87	0	0	0	0	0	0	0	0	0	0	0	0	0	0	
212.804633	8	6	3	0	2	7	1	2964	-1349	23	12770	1	1	88	0	0	0	0	0	0	0	0	0	0	0	0	0	0	
213.660000	8	15	3	0	1	31	2	2947	39	23	12821	2	1	90	0	0	0	0	0	0	0	0	0	0	0	0	0	0	
213.680167	8	3	3	0	1	2	2	3205	679	23	12822	3	1	90	0	0	0	0	0	0	0	0	0	0	0	0	0	0	
213.814083	8	3	3	0	1	2	2	3346	675	23	12830	3	1	90	0	0	0	0	0	0	0	0	0	0	0	0	0	0	
214.819200	8	3	3	0	1	2	2	3583	674	23	12891	3	1	90	0	0	0	0	0	0	0	0	0	0	0	0	0	0	
215.805600	8	3	3	0	1	2	2	3678	675	23	12950	3	1	90	0	0	0	0	0	0	0	0	0	0	0	0	0	0	
216.810717	8	3	3	0	1	2	2	3741	675	23	13010	3	1	90	0	0	0	0	0	0	0	0	0	0	0	0	0	0	
217.815833	8	3	3	0	1	2	2	3789	674	23	13070	3	1	90	0	0	0	0	0	0	0	0	0	0	0	0	0	0	
218.803683	8	3	3	0	1	2	2	3825	675	23	13130	3	1	90	0	0	0	0	0	0	0	0	0	0	0	0	0	0	
219.808800	8	3	3	0	1	2	2	3844	674	23	13190	3	1	90	0	0	0	0	0	0	0	0	0	0	0	0	0	0	
220.813917	8	3	3	0	1	2	2	3853	675	23	13250	3	1	90	0	0	0	0	0	0	0	0	0	0	0	0	0	0	
221.819033	8	3	3	0	1	2	2	3860	675	23	13311	3	1	90	0	0	0	0	0	0	0	0	0	0	0	0	0	0	
222.805433	8	3	3	0	1	2	2	3867	675	23	13370	3	1	90	0	0	0	0	0	0	0	0	0	0	0	0	0	0	
223.814883	8	3	3	0	1	2	2	3874	674	23	13430	3	1	90	0	0	0	0	0	0	0	0	0	0	0	0	0	0	
224.820000	8	3	3	0	1	2	2	3880	674	23	13491	3	1	90	0	0	0	0	0	0	0	0	0	0	0	0	0	0	
225.806400	8	3	3	0	1	2	2	3886	674	23	13550	3	1	90	0	0	0	0	0	0	0	0	0	0	0	0	0	0	
226.811517	8	3	3	0	1	2	2	3892	674	23	13610	3	1	90	0	0	0	0	0	0	0	0	0	0	0	0	0	0	
227.816633	8	3	3	0	1	2	2	3898	675	23	13670	3	1	90	0	0	0	0	0	0	0	0	0	0	0	0	0	0	
228.803033	8	3	3	0	1	2	2	3904	674	23	13730	3	1	90	0	0	0	0	0	0	0	0	0	0	0	0	0	0	
229.809600	8	3	3	0	1	2	2	3911	674	23	13790	3	1	90	0	0	0	0	0	0	0	0	0	0	0	0	0	0	
230.814717	8	3	3	0	1	2	2	3917	674	23	13850	3	1	90	0	0	0	0	0	0	0	0	0	0	0	0	0	0	
231.819833	8	3	3	0	1	2	2	3924	675	23	13911	3	1	90	0	0	0	0	0	0	0	0	0	0	0	0	0	0	
232.806233	8	3	3	0	1	2	2	3930	674	23	13970	3	1	90	0	0	0	0	0	0	0	0	0	0	0	0	0	0	
233.812800	8	3	3	0	1	2	2	3935	675	23	14030	3	1	90	0	0	0	0	0	0	0	0	0	0	0	0	0	0	
234.817917	8	3	3	0	1	2	2	3941	674	23	14090	3	1	90	0	0	0	0	0	0	0	0	0	0	0	0	0	0	
235.804317	8	3	3	0	1	2	2	3947	675	23	14150	3	1	90	0	0	0	0	0	0	0	0	0	0	0	0	0	0	
236.809433	8	3	3	0	1	2	2	3952	675	23	14210	3	1	90	0	0	0	0	0	0	0	0	0	0	0	0	0	0	
237.814567	8	3	3	0	1	2	2	3956	675	23	14270	3	1	90	0	0	0	0	0	0	0	0	0	0	0	0	0	0	
238.821117	8	3	3	0	1	2	2	3960	675	23	14331	3	1	90	0	0	0	0	0	0	0	0	0	0	0	0	0	0	
239.807517	8	3	3	0	1	2	2	3963	675	23	14390	3	1	90	0	0	0	0	0	0	0	0	0	0	0	0	0	0	
240.812633	8	3	3	0	1	2	2	3967	675	23	14450	3	1	90	0	0	0	0	0	0	0	0	0	0	0	0	0	0	
241.817767	8	3	3	0	1	2	2	3970	675	23	14510	3	1	90	0	0	0	0	0	0	0	0	0	0	0	0	0	0	
242.822883	8	3	3	0	1	2	2	3973	674	23	14571	3	1	90	0	0	0	0	0	0	0	0	0	0	0	0	0	0	
243.809283	8	3	3	0	1	2	2	3975	674	23	14630	3	1	90	0	0	0	0	0	0	0	0	0	0	0	0	0	0	
244.815833	8	3	3	0	1	2	2	3977	675	23	14690	3	1	90	0	0	0	0	0	0	0	0	0	0	0	0	0	0	
245.820967	8	3	3	0	1	2	2	3980	674	23	14751	3	1	90	0	0	0	0	0	0	0	0	0	0	0	0	0	0	
246.807367	8	3	3	0	1	2	2	3983	674	23	14810	3	1	90	0	0	0	0	0	0	0	0	0	0	0	0	0	0	
247.812483	8	3	3	0	1	2	2	3986	675	23	14870	3	1	90	0	0	0	0	0	0	0	0	0	0	0	0	0	0	
248.817600	8	3	3	0	1	2	2	3989	674	23	14930	3	1	90	0	0	0	0	0	0	0	0	0	0	0	0	0	0	
249.822717	8	3	3	0	1	2	2	3992	675	23	14991	3	1	90	0	0	0	0	0	0	0	0	0	0	0	0	0	0	
250.810567	8	3	3	0	1	2	2	3995	675	23	15050	3	1	90	0	0	0	0	0	0	0	0	0	0	0	0	0	0	
251.815683	8	3	3	0	1	2	2	3998	675	23	15110	3	1	90	0	0	0	0	0	0	0	0	0	0	0	0	0	0	
252.820800	8	3	3	0	1	2	2	4001	675	23	15171	3	1	90	0	0	0	0	0	0	0	0	0	0	0	0	0	0	
253.807200	8	3	3	0	1	2	2	4004	674	23	15230	3	1	90	0	0	0	0	0	0	0	0	0	0	0	0	0	0	
254.812317	8	3	3	0	1	2	2	4007	675	23	15290	3	1	90	0	0	0	0	0	0	0	0	0	0	0	0	0	0	
255.817433	8	3	3	0	1	2	2	4011	675	23	15350	3	1	90	0	0	0	0	0	0	0	0	0	0	0	0	0	0	
256.824000	8	3	3	0	1	2	2	4014	675	23	15411	3	1	90	0	0	0	0	0	0	0	0	0	0	0	0	0	0	
257.810400	8	3	3	0	1	2	2	4017	675	23	15470	3	1	90	0	0	0	0	0	0	0	0	0	0	0	0	0	0	
258.815517	8	3	3	0	1	2	2	4020	675	23	15530	3	1	90	0	0	0	0	0	0	0	0	0	0	0	0	0	0	
259.820633	8	3	3	0	1	2	2	4024	675	23	15591	3	1	90	0	0	0	0	0	0	0	0	0	0	0	0	0	0	
260.807033	8	3	3	0	1	2	2	4027	675	23	15650	3	1	90	0	0	0	0	0	0	0	0	0	0	0	0	0	0	
261.812167	8	3	3	0	1	2	2	4030	675	23	15710	3	1	90	0	0	0	0	0	0	0	0	0	0	0	0	0	0	
262.818717	8	3	3	0	1	2	2	4034	674	23	15770	3	1	90	0	0	0	0	0	0	0	0	0	0	0	0	0	0	
263.823833	8	3	3	0	1	2	2	4038	675	23	15831	3	1	90	0	0	0	0	0	0	0	0	0	0	0	0	0	0	
264.810233	8	3	3	0	1	2	2	4041	674	23	15890	3	1	90	0	0	0	0	0	0	0	0	0	0	0	0	0	0	
265.815367	8	3	3	0	1	2	2	4045	675	23	15950	3	1	90	0	0	0	0	0	0	0	0	0	0	0	0	0	0	
266.820483	8	3	3	0	1	2	2	4048	676	23	16010	3	1	90	0	0	0	0	0	0	0	0	0	0	0	0	0	0	
267.808317	8	3	3	0	1	2	2	4051	674	23	16070	3	1	90	0	0	0	0	0	0	0	0	0	0	0	0	0	0	
268.813433	8	3	3	0	1	2	2	4055	675	23	16130	3	1	90	0	0	0	0	0	0	0	0	0	0	0	0	0	0	
269.818567	8	3	3	0	1	2	2	4059	675	23	16190	3	1	90	0	0	0	0	0	0	0	0	0	0	0	0	0	0	
270.823683	8	3	3	0	1	2	2	4062	675	23	16251	3	1	90	0	0	0	0	0	0	0	0	0	0	0	0	0	0	
271.810083	8	3	3	0	1	2	2	4066	675	23	16310	3	1	90	0	0	0	0	0	0	0	0	0	0	0	0	0	0	
272.816633	8	3	3	0	1	2	2	4070	675	23	16370	3	1	90	0	0	0	0	0	0	0	0	0	0	0	0	0	0	
273.821767	8	3	3	0	1	2	2	4074	674	23	16430	3	1	90	0	0	0	0	0	0	0	0	0	0	0	0	0	0	
274.808167	8	3	3	0	1	2	2	4078	675	23	16490	3	1	90	0	0	0	0	0	0	0	0	0	0	0	0	0	0	
275.813283	8	3	3	0	1	2	2	4082	673	23	16550	3	1	90	0	0	0	0	0	0	0	0	0	0	0	0	0	0	
276.818400	8	3	3	0	1	2	2	4087	674	23	16610	3	1	90	0	0	0	0	0	0	0	0	0	0	0	0	0	0	
277.824967	8	3	3	0	1	2	2	4091	674	23	16671	3	1	90	0	0	0	0	0	0	0	0	0	0	0	0	0	0	
278.811367	8	3	3	0	1	2	2	4096	675	23	16730	3	1	90	0	0	0	0	0	0	0	0	0	0	0	0	0	0	
279.816483	8	3	3	0	1	2	2	4101	673	23	16790	3	1	90	0	0	0	0	0	0	0	0	0	0	0	0	0	0	
280.821600	8	3	3	0	1	2	2	4106	676	23	16850	3	1	90	0	0	0	0	0	0	0	0	0	0	0	0	0	0	
281.808000	8	3	3	0	1	2	2	4111	675	23	16910	3	1	90	0	0	0	0	0	0	0	0	0	0	0	0	0	0	
282.813117	8	3	3	0	1	2	2	4116	675	23	16970	3	1	90	0	0	0	0	0	0	0	0	0	0	0	0	0	0	
283.819683	8	3	3	0	1	2	2	4119	664	23	17030	3	1	90	0	0	0	0	0	0	0	0	0	0	0	0	0	0	
284.824800	8	3	3	0	1	2	2	4124	664	23	17091	3	1	90	0	0	0	0	0	0	0	0	0	0	0	0	0	0	
285.811200	8	3	3	0	1	2	2	4130	664	23	17150	3	1	90	0	0	0	0	0	0	0	0	0	0	0	0	0	0	
286.816317	8	3	3	0	1	2	2	4135	662	23	17210	3	1	90	0	0	0	0	0	0	0	0	0	0	0	0	0	0	
287.822883	8	3	3	0	1	2	2	4140	660	23	17270	3	1	90	0	0	0	0	0	0	0	0	0	0	0	0	0	0	
288.809283	8	3	3	0	1	2	2	4145	659	23	17330	3	1	90	0	0	0	0	0	0	0	0	0	0	0	0	0	0	
289.814400	8	3	3	0	1	2	2	4151	660	23	17390	3	1	90	0	0	0	0	0	0	0	0	0	0	0	0	0	0	
290.819517	8	3	3	0	1	2	2	4156	659	23	17450	3	1	90	0	0	0	0	0	0	0	0	0	0	0	0	0	0	
291.824633	8	3	3	0	1	2	2	4162	658	23	17511	3	1	90	0	0	0	0	0	0	0	0	0	0	0	0	0	0	
292.811033	8	3	3	0	1	2	2	4167	656	23	17570	3	1	90	0	0	0	0	0	0	0	0	0	0	0	0	0	0	
293.817600	8	3	3	0	1	2	2	4172	655	23	17630	3	1	90	0	0	0	0	0	0	0	0	0	0	0	0	0	0	
294.822717	8	3	3	0	1	2	2	4178	654	23	17690	3	1	90	0	0	0	0	0	0	0	0	0	0	0	0	0	0	
295.809117	8	3	3	0	1	2	2	4184	654	23	17750	3	1	90	0	0	0	0	0	0	0	0	0	0	0	0	0	0	
296.814233	8	3	3	0	1	2	2	4190	651	23	17810	3	1	90	0	0	0	0	0	0	0	0	0	0	0	0	0	0	
297.819367	8	3	3	0	1	2	2	4196	651	23	17870	3	1	90	0	0	0	0	0	0	0	0	0	0	0	0	0	0	
298.824483	8	3	3	0	1	2	2	4199	634	23	17931	3	1	90	0	0	0	0	0	0	0	0	0	0	0	0	0	0	
299.812317	8	3	3	0	1	2	2	4198	613	23	17990	3	1	90	0	0	0	0	0	0	0	0	0	0	0	0	0	0	
300.817433	8	3	3	0	1	2	2	4198	591	23	18050	3	1	90	0	0	0	0	0	0	0	0	0	0	0	0	0	0	
301.822567	8	3	3	0	1	2	2	4198	570	23	18110	3	1	90	0	0	0	0	0	0	0	0	0	0	0	0	0	0	
302.808967	8	3	3	0	1	2	2	4199	551	23	18170	3	1	90	0	0	0	0	0	0	0	0	0	0	0	0	0	0	
303.814083	8	3	3	0	1	2	2	4199	531	23	18230	3	1	90	0	0	0	0	0	0	0	0	0	0	0	0	0	0	
304.819200	8	3	3	0	1	2	2	4199	513	23	18290	3	1	90	0	0	0	0	0	0	0	0	0	0	0	0	0	0	
305.825767	8	3	3	0	1	2	2	4198	494	23	18351	3	1	90	0	0	0	0	0	0	0	0	0	0	0	0	0	0	
306.812167	8	3	3	0	1	2	2	4199	478	23	18410	3	1	90	0	0	0	0	0	0	0	0	0	0	0	0	0	0	
307.817283	8	3	3	0	1	2	2	4199	460	23	18470	3	1	90	0	0	0	0	0	0	0	0	0	0	0	0	0	0	
308.822400	8	3	3	0	1	2	2	4198	443	23	18530	3	1	90	0	0	0	0	0	0	0	0	0	0	0	0	0	0	
309.827517	8	3	3	0	1	2	2	4198	428	23	18591	3	1	90	0	0	0	0	0	0	0	0	0	0	0	0	0	0	
310.815367	8	3	3	0	1	2	2	4198	413	23	18650	3	1	90	0	0	0	0	0	0	0	0	0	0	0	0	0	0	
311.820483	8	3	3	0	1	2	2	4199	400	23	18710	3	1	90	0	0	0	0	0	0	0	0	0	0	0	0	0	0	
312.825600	8	3	3	0	1	2	2	4199	386	23	18771	3	1	90	0	0	0	0	0	0	0	0	0	0	0	0	0	0	
313.812000	8	3	3	0	1	2	2	4199	374	23	18830	3	1	90	0	0	0	0	0	0	0	0	0	0	0	0	0	0	
314.817117	8	3	3	0	1	2	2	4198	361	23	18890	3	1	90	0	0	0	0	0	0	0	0	0	0	0	0	0	0	
315.823683	8	3	3	0	1	2	2	4199	349	23	18950	3	1	90	0	0	0	0	0	0	0	0	0	0	0	0	0	0	
316.828800	8	3	3	0	1	2	2	4199	337	23	19011	3	1	90	0	0	0	0	0	0	0	0	0	0	0	0	0	0	
317.815200	8	3	3	0	1	2	2	4198	325	23	19070	3	1	90	0	0	0	0	0	0	0	0	0	0	0	0	0	0	
318.820317	8	3	3	0	1	2	2	4199	314	23	19130	3	1	90	0	0	0	0	0	0	0	0	0	0	0	0	0	0	
319.825433	8	3	3	0	1	2	2	4198	302	23	19191	3	1	90	0	0	0	0	0	0	0	0	0	0	0	0	0	0	
320.811833	8	3	3	0	1	2	2	4199	293	23	19250	3	1	90	0	0	0	0	0	0	0	0	0	0	0	0	0	0	
321.818400	8	3	3	0	1	2	2	4199	282	23	19310	3	1	90	0	0	0	0	0	0	0	0	0	0	0	0	0	0	
322.823517	8	3	3	0	1	2	2	4198	271	23	19370	3	1	90	0	0	0	0	0	0	0	0	0	0	0	0	0	0	
323.828633	8	3	3	0	1	2	2	4198	263	23	19431	3	1	90	0	0	0	0	0	0	0	0	0	0	0	0	0	0	
324.815033	8	3	3	0	1	2	2	4198	253	23	19490	3	1	90	0	0	0	0	0	0	0	0	0	0	0	0	0	0	
325.820167	8	3	3	0	1	2	2	4198	245	23	19550	3	1	90	0	0	0	0	0	0	0	0	0	0	0	0	0	0	
326.825283	8	3	3	0	1	2	2	4199	236	23	19611	3	1	90	0	0	0	0	0	0	0	0	0	0	0	0	0	0	
327.813117	8	3	3	0	1	2	2	4199	228	23	19670	3	1	90	0	0	0	0	0	0	0	0	0	0	0	0	0	0	
328.818233	8	3	3	0	1	2	2	4199	220	23	19730	3	1	90	0	0	0	0	0	0	0	0	0	0	0	0	0	0	
329.823367	8	3	3	0	1	2	2	4199	213	23	19790	3	1	90	0	0	0	0	0	0	0	0	0	0	0	0	0	0	
330.828483	8	3	3	0	1	2	2	4199	205	23	19851	3	1	90	0	0	0	0	0	0	0	0	0	0	0	0	0	0	
331.814883	8	3	3	0	1	2	2	4199	198	23	19910	3	1	90	0	0	0	0	0	0	0	0	0	0	0	0	0	0	
332.820000	8	3	3	0	1	2	2	4198	192	23	19970	3	1	90	0	0	0	0	0	0	0	0	0	0	0	0	0	0	
333.826567	8	3	3	0	1	2	2	4199	186	23	20030	3	1	90	0	0	0	0	0	0	0	0	0	0	0	0	0	0	
334.812967	8	3	3	0	1	2	2	4198	179	23	20090	3	1	90	0	0	0	0	0	0	0	0	0	0	0	0	0	0	
335.818083	8	3	3	0	1	2	2	4198	173	23	20150	3	1	90	0	0	0	0	0	0	0	0	0	0	0	0	0	0	
336.823200	8	3	3	0	1	2	2	4198	168	23	20210	3	1	90	0	0	0	0	0	0	0	0	0	0	0	0	0	0	
337.829767	8	3	3	0	1	2	2	4198	162	23	20271	3	1	90	0	0	0	0	0	0	0	0	0	0	0	0	0	0	
338.816167	8	3	3	0	1	2	2	4199	156	23	20330	3	1	90	0	0	0	0	0	0	0	0	0	0	0	0	0	0	
339.821283	8	3	3	0	1	2	2	4198	151	23	20390	3	1	90	0	0	0	0	0	0	0	0	0	0	0	0	0	0	
340.826400	8	3	3	0	1	2	2	4199	146	23	20450	3	1	90	0	0	0	0	0	0	0	0	0	0	0	0	0	0	
341.812800	8	3	3	0	1	2	2	4199	140	23	20510	3	1	90	0	0	0	0	0	0	0	0	0	0	0	0	0	0	
342.817917	8	3	3	0	1	2	2	4198	137	23	20570	3	1	90	0	0	0	0	0	0	0	0	0	0	0	0	0	0	
343.824483	8	3	3	0	1	2	2	4199	132	23	20630	3	1	90	0	0	0	0	0	0	0	0	0	0	0	0	0	0	
344.829600	8	3	3	0	1	2	2	4199	127	23	20691	3	1	90	0	0	0	0	0	0	0	0	0	0	0	0	0	0	
345.816000	8	3	3	0	1	2	2	4199	122	23	20750	3	1	90	0	0	0	0	0	0	0	0	0	0	0	0	0	0	
346.821117	8	3	3	0	1	2	2	4198	118	23	20810	3	1	90	0	0	0	0	0	0	0	0	0	0	0	0	0	0	
347.826233	8	3	3	0	1	2	2	4198	115	23	20870	3	1	90	0	0	0	0	0	0	0	0	0	0	0	0	0	0	
348.814083	8	3	3	0	1	2	2	4199	111	23	20930	3	1	90	0	0	0	0	0	0	0	0	0	0	0	0	0	0	
349.819200	8	3	3	0	1	2	2	4199	107	23	20990	3	1	90	0	0	0	0	0	0	0	0	0	0	0	0	0	0	
350.824317	8	3	3	0	1	2	2	4198	103	23	21050	3	1	90	0	0	0	0	0	0	0	0	0	0	0	0	0	0	
351.829433	8	3	3	0	1	2	2	4198	100	23	21111	3	1	90	0	0	0	0	0	0	0	0	0	0	0	0	0	0	
352.815833	8	3	3	0	1	2	2	4198	97	23	21170	3	1	90	0	0	0	0	0	0	0	0	0	0	0	0	0	0	
353.822400	8	3	3	0	1	2	2	4199	95	23	21230	3	1	90	0	0	0	0	0	0	0	0	0	0	0	0	0	0	
354.827517	8	3	3	0	1	2	2	4198	90	23	21290	3	1	90	0	0	0	0	0	0	0	0	0	0	0	0	0	0	
355.813917	8	3	3	0	1	2	2	4199	87	23	21350	3	1	90	0	0	0	0	0	0	0	0	0	0	0	0	0	0	
356.819033	8	3	3	0	1	2	2	4199	84	23	21410	3	1	90	0	0	0	0	0	0	0	0	0	0	0	0	0	0	
357.824167	8	3	3	0	1	2	2	4198	81	23	21470	3	1	90	0	0	0	0	0	0	0	0	0	0	0	0	0	0	
358.829283	8	3	3	0	1	2	2	4199	78	23	21531	3	1	90	0	0	0	0	0	0	0	0	0	0	0	0	0	0	
359.817117	8	3	3	0	1	2	2	4198	76	23	21590	3	1	90	0	0	0	0	0	0	0	0	0	0	0	0	0	0	
360.822233	8	3	3	0	1	2	2	4198	73	23	21650	3	1	90	0	0	0	0	0	0	0	0	0	0	0	0	0	0	
361.827367	8	3	3	0	1	2	2	4199	72	23	21710	3	1	90	0	0	0	0	0	0	0	0	0	0	0	0	0	0	
362.813767	8	3	3	0	1	2	2	4199	69	23	21770	3	1	90	0	0	0	0	0	0	0	0	0	0	0	0	0	0	
363.818883	8	3	3	0	1	2	2	4198	68	23	21830	3	1	90	0	0	0	0	0	0	0	0	0	0	0	0	0	0	
363.958567	8	6	3	0	2	7	1	3992	-837	23	21838	3	2	0	0	0	0	0	0	0	0	0	0	0	0	0	0	0	
364.826883	8	6	3	0	2	7	1	3813	-1349	23	21890	3	2	1	0	0	0	0	0	0	0	0	0	0	0	0	0	0	
365.832000	8	6	3	0	2	7	1	3785	-1350	23	21951	3	2	3	0	0	0	0	0	0	0	0	0	0	0	0	0	0	
366.818400	8	6	3	0	2	7	1	3762	-1350	23	22010	3	2	4	0	0	0	0	0	0	0	0	0	0	0	0	0	0	
367.823517	8	6	3	0	2	7	1	3744	-1351	23	22070	3	2	6	0	0	0	0	0	0	0	0	0	0	0	0	0	0	
368.828633	8	6	3	0	2	7	1	3730	-1350	23	22130	3	2	8	0	0	0	0	0	0	0	0	0	0	0	0	0	0	
369.815033	8	6	3	0	2	7	1	3718	-1349	23	22190	3	2	9	0	0	0	0	0	0	0	0	0	0	0	0	0	0	
370.821600	8	6	3	0	2	7	1	3700	-1348	23	22250	3	2	11	0	0	0	0	0	0	0	0	0	0	0	0	0	0	
371.826717	8	6	3	0	2	7	1	3685	-1352	23	22310	3	2	13	0	0	0	0	0	0	0	0	0	0	0	0	0	0	
372.831833	8	6	3	0	2	7	1	3668	-1350	23	22371	3	2	14	0	0	0	0	0	0	0	0	0	0	0	0	0	0	
373.818233	8	6	3	0	2	7	1	3654	-1350	23	22430	3	2	16	0	0	0	0	0	0	0	0	0	0	0	0	0	0	
374.823367	8	6	3	0	2	7	1	3642	-1350	23	22490	3	2	17	0	0	0	0	0	0	0	0	0	0	0	0	0	0	
375.831367	8	6	3	0	2	7	1	3628	-1350	23	22551	3	2	19	0	0	0	0	0	0	0	0	0	0	0	0	0	0	
376.817767	8	6	3	0	2	7	1	3614	-1349	23	22610	3	2	21	0	0	0	0	0	0	0	0	0	0	0	0	0	0	
377.822883	8	6	3	0	2	7	1	3602	-1349	23	22670	3	2	22	0	0	0	0	0	0	0	0	0	0	0	0	0	0	
378.828000	8	6	3	0	2	7	1	3588	-1348	23	22730	3	2	24	0	0	0	0	0	0	0	0	0	0	0	0	0	0	
379.833117	8	6	3	0	2	7	1	3576	-1351	23	22791	3	2	26	0	0	0	0	0	0	0	0	0	0	0	0	0	0	
380.820967	8	6	3	0	2	7	1	3562	-1348	23	22850	3	2	27	0	0	0	0	0	0	0	0	0	0	0	0	0	0	
381.826083	8	6	3	0	2	7	1	3551	-1348	23	22910	3	2	29	0	0	0	0	0	0	0	0	0	0	0	0	0	0	
382.831200	8	6	3	0	2	7	1	3537	-1348	23	22971	3	2	31	0	0	0	0	0	0	0	0	0	0	0	0	0	0	
383.817600	8	6	3	0	2	7	1	3527	-1350	23	23030	3	2	32	0	0	0	0	0	0	0	0	0	0	0	0	0	0	
384.822717	8	6	3	0	2	7	1	3515	-1348	23	23090	3	2	34	0	0	0	0	0	0	0	0	0	0	0	0	0	0	
385.827833	8	6	3	0	2	7	1	3503	-1349	23	23150	3	2	36	0	0	0	0	0	0	0	0	0	0	0	0	0	0	
386.834400	8	6	3	0	2	7	1	3491	-1348	23	23211	3	2	37	0	0	0	0	0	0	0	0	0	0	0	0	0	0	
387.820800	8	6	3	0	2	7	1	3481	-1349	23	23270	3	2	39	0	0	0	0	0	0	0	0	0	0	0	0	0	0	
388.825917	8	6	3	0	2	7	1	3471	-1349	23	23330	3	2	41	0	0	0	0	0	0	0	0	0	0	0	0	0	0	
389.831033	8	6	3	0	2	7	1	3463	-1350	23	23391	3	2	42	0	0	0	0	0	0	0	0	0	0	0	0	0	0	
390.817433	8	6	3	0	2	7	1	3454	-1351	23	23450	3	2	44	0	0	0	0	0	0	0	0	0	0	0	0	0	0	
391.824000	8	6	3	0	2	7	1	3442	-1345	23	23510	3	2	46	0	0	0	0	0	0	0	0	0	0	0	0	0	0	
392.829117	8	6	3	0	2	7	1	3434	-1349	23	23570	3	2	47	0	0	0	0	0	0	0	0	0	0	0	0	0	0	
393.834233	8	6	3	0	2	7	1	3427	-1347	23	23631	3	2	49	0	0	0	0	0	0	0	0	0	0	0	0	0	0	
394.820633	8	6	3	0	2	7	1	3418	-1351	23	23690	3	2	51	0	0	0	0	0	0	0	0	0	0	0	0	0	0	
395.825767	8	6	3	0	2	7	1	3411	-1351	23	23750	3	2	52	0	0	0	0	0	0	0	0	0	0	0	0	0	0	
396.832317	8	6	3	0	2	7	1	3405	-1354	23	23811	3	2	54	0	0	0	0	0	0	0	0	0	0	0	0	0	0	
397.818717	8	6	3	0	2	7	1	3399	-1347	23	23870	3	2	56	0	0	0	0	0	0	0	0	0	0	0	0	0	0	
398.823833	8	6	3	0	2	7	1	3393	-1350	23	23930	3	2	57	0	0	0	0	0	0	0	0	0	0	0	0	0	0	
399.828967	8	6	3	0	2	7	1	3386	-1352	23	23990	3	2	59	0	0	0	0	0	0	0	0	0	0	0	0	0	0	
400.834083	8	6	3	0	2	7	1	3377	-1350	23	24051	3	2	61	0	0	0	0	0	0	0	0	0	0	0	0	0	0	
401.820483	8	6	3	0	2	7	1	3370	-1345	23	24110	3	2	62	0	0	0	0	0	0	0	0	0	0	0	0	0	0	
402.827033	8	6	3	0	2	7	1	3364	-1346	23	24170	3	2	64	0	0	0	0	0	0	0	0	0	0	0	0	0	0	
403.832167	8	6	3	0	2	7	1	3358	-1351	23	24230	3	2	66	0	0	0	0	0	0	0	0	0	0	0	0	0	0	
404.818567	8	6	3	0	2	7	1	3353	-1350	23	24290	3	2	67	0	0	0	0	0	0	0	0	0	0	0	0	0	0	
405.823683	8	6	3	0	2	7	1	3345	-1349	23	24350	3	2	69	0	0	0	0	0	0	0	0	0	0	0	0	0	0	
406.828800	8	6	3	0	2	7	1	3339	-1353	23	24410	3	2	71	0	0	0	0	0	0	0	0	0	0	0	0	0	0	
407.835367	8	6	3	0	2	7	1	3330	-1349	23	24471	3	2	72	0	0	0	0	0	0	0	0	0	0	0	0	0	0	
408.821767	8	6	3	0	2	7	1	3320	-1350	23	24530	3	2	74	0	0	0	0	0	0	0	0	0	0	0	0	0	0	
409.826883	8	6	3	0	2	7	1	3310	-1349	23	24590	3	2	75	0	0	0	0	0	0	0	0	0	0	0	0	0	0	
410.832000	8	6	3	0	2	7	1	3298	-1351	23	24650	3	2	77	0	0	0	0	0	0	0	0	0	0	0	0	0	0	
411.818400	8	6	3	0	2	7	1	3283	-1348	23	24710	3	2	79	0	0	0	0	0	0	0	0	0	0	0	0	0	0	
412.823517	8	6	3	0	2	7	1	3265	-1348	23	24770	3	2	80	0	0	0	0	0	0	0	0	0	0	0	0	0	0	
413.830083	8	6	3	0	2	7	1	3239	-1350	23	24830	3	2	82	0	0	0	0	0	0	0	0	0	0	0	0	0	0	
414.835200	8	6	3	0	2	7	1	3204	-1349	23	24891	3	2	84	0	0	0	0	0	0	0	0	0	0	0	0	0	0	
415.821600	8	6	3	0	2	7	1	3151	-1349	23	24950	3	2	85	0	0	0	0	0	0	0	0	0	0	0	0	0	0	
416.826717	8	6	3	0	2	7	1	3063	-1349	23	25010	3	2	87	0	0	0	0	0	0	0	0	0	0	0	0	0	0	
417.831833	8	6	3	0	2	7	1	2889	-1349	23	25070	3	2	89	0	0	0	0	0	0	0	0	0	0	0	0	0	0	
418.366083	8	15	3	0	1	31	2	3134	477	23	25103	5	2	90	0	0	0	0	0	0	0	0	0	0	0	0	0	0	
418.387683	8	3	3	0	1	2	2	3229	676	23	25104	5	2	90	0	0	0	0	0	0	0	0	0	0	0	0	0	0	
418.822567	8	3	3	0	1	2	2	3458	673	23	25130	5	2	90	0	0	0	0	0	0	0	0	0	0	0	0	0	0	
419.827683	8	3	3	0	1	2	2	3617	674	23	25190	5	2	90	0	0	0	0	0	0	0	0	0	0	0	0	0	0	
420.832800	8	3	3	0	1	2	2	3700	674	23	25250	5	2	90	0	0	0	0	0	0	0	0	0	0	0	0	0	0	
421.819200	8	3	3	0	1	2	2	3756	674	23	25310	5	2	90	0	0	0	0	0	0	0	0	0	0	0	0	0	0	
422.825767	8	3	3	0	1	2	2	3801	674	23	25370	5	2	90	0	0	0	0	0	0	0	0	0	0	0	0	0	0	
423.830883	8	3	3	0	1	2	2	3832	674	23	25430	5	2	90	0	0	0	0	0	0	0	0	0	0	0	0	0	0	
424.836000	8	3	3	0	1	2	2	3846	675	23	25491	5	2	90	0	0	0	0	0	0	0	0	0	0	0	0	0	0	
425.822400	8	3	3	0	1	2	2	3854	674	23	25550	5	2	90	0	0	0	0	0	0	0	0	0	0	0	0	0	0	
426.827517	8	3	3	0	1	2	2	3861	675	23	25610	5	2	90	0	0	0	0	0	0	0	0	0	0	0	0	0	0	
427.832633	8	3	3	0	1	2	2	3868	675	23	25670	5	2	90	0	0	0	0	0	0	0	0	0	0	0	0	0	0	
428.820483	8	3	3	0	1	2	2	3874	673	23	25730	5	2	90	0	0	0	0	0	0	0	0	0	0	0	0	0	0	
429.825600	8	3	3	0	1	2	2	3880	674	23	25790	5	2	90	0	0	0	0	0	0	0	0	0	0	0	0	0	0	
430.830717	8	3	3	0	1	2	2	3886	674	23	25850	5	2	90	0	0	0	0	0	0	0	0	0	0	0	0	0	0	
431.835833	8	3	3	0	1	2	2	3892	675	23	25911	5	2	90	0	0	0	0	0	0	0	0	0	0	0	0	0	0	
432.822233	8	3	3	0	1	2	2	3899	675	23	25970	5	2	90	0	0	0	0	0	0	0	0	0	0	0	0	0	0	
433.827367	8	3	3	0	1	2	2	3904	674	23	26030	5	2	90	0	0	0	0	0	0	0	0	0	0	0	0	0	0	
434.833917	8	3	3	0	1	2	2	3911	675	23	26090	5	2	90	0	0	0	0	0	0	0	0	0	0	0	0	0	0	
435.820317	8	3	3	0	1	2	2	3917	674	23	26150	5	2	90	0	0	0	0	0	0	0	0	0	0	0	0	0	0	
436.825433	8	3	3	0	1	2	2	3924	674	23	26210	5	2	90	0	0	0	0	0	0	0	0	0	0	0	0	0	0	
437.830567	8	3	3	0	1	2	2	3930	674	23	26270	5	2	90	0	0	0	0	0	0	0	0	0	0	0	0	0	0	
438.835683	8	3	3	0	1	2	2	3935	675	23	26331	5	2	90	0	0	0	0	0	0	0	0	0	0	0	0	0	0	
439.822083	8	3	3	0	1	2	2	3941	674	23	26390	5	2	90	0	0	0	0	0	0	0	0	0	0	0	0	0	0	
440.828633	8	3	3	0	1	2	2	3946	675	23	26450	5	2	90	0	0	0	0	0	0	0	0	0	0	0	0	0	0	
441.833767	8	3	3	0	1	2	2	3951	675	23	26510	5	2	90	0	0	0	0	0	0	0	0	0	0	0	0	0	0	
442.820167	8	3	3	0	1	2	2	3955	675	23	26570	5	2	90	0	0	0	0	0	0	0	0	0	0	0	0	0	0	
443.825283	8	3	3	0	1	2	2	3959	674	23	26630	5	2	90	0	0	0	0	0	0	0	0	0	0	0	0	0	0	
444.830400	8	3	3	0	1	2	2	3962	674	23	26690	5	2	90	0	0	0	0	0	0	0	0	0	0	0	0	0	0	
445.836967	8	3	3	0	1	2	2	3965	674	23	26751	5	2	90	0	0	0	0	0	0	0	0	0	0	0	0	0	0	
446.823367	8	3	3	0	1	2	2	3968	675	23	26810	5	2	90	0	0	0	0	0	0	0	0	0	0	0	0	0	0	
447.828483	8	3	3	0	1	2	2	3971	674	23	26870	5	2	90	0	0	0	0	0	0	0	0	0	0	0	0	0	0	
448.833600	8	3	3	0	1	2	2	3974	674	23	26930	5	2	90	0	0	0	0	0	0	0	0	0	0	0	0	0	0	
449.820000	8	3	3	0	1	2	2	3976	674	23	26990	5	2	90	0	0	0	0	0	0	0	0	0	0	0	0	0	0	
450.826567	8	3	3	0	1	2	2	3979	674	23	27050	5	2	90	0	0	0	0	0	0	0	0	0	0	0	0	0	0	
451.831683	8	3	3	0	1	2	2	3981	674	23	27110	5	2	90	0	0	0	0	0	0	0	0	0	0	0	0	0	0	
452.836800	8	3	3	0	1	2	2	3985	674	23	27171	5	2	90	0	0	0	0	0	0	0	0	0	0	0	0	0	0	
453.823200	8	3	3	0	1	2	2	3987	674	23	27230	5	2	90	0	0	0	0	0	0	0	0	0	0	0	0	0	0	
454.828317	8	3	3	0	1	2	2	3990	674	23	27290	5	2	90	0	0	0	0	0	0	0	0	0	0	0	0	0	0	
455.834883	8	3	3	0	1	2	2	3994	675	23	27350	5	2	90	0	0	0	0	0	0	0	0	0	0	0	0	0	0	
456.840000	8	3	3	0	1	2	2	3997	674	23	27411	5	2	90	0	0	0	0	0	0	0	0	0	0	0	0	0	0	
457.826400	8	3	3	0	1	2	2	4000	675	23	27470	5	2	90	0	0	0	0	0	0	0	0	0	0	0	0	0	0	
458.831517	8	3	3	0	1	2	2	4003	674	23	27530	5	2	90	0	0	0	0	0	0	0	0	0	0	0	0	0	0	
459.836633	8	3	3	0	1	2	2	4005	675	23	27591	5	2	90	0	0	0	0	0	0	0	0	0	0	0	0	0	0	
460.823033	8	3	3	0	1	2	2	4009	675	23	27650	5	2	90	0	0	0	0	0	0	0	0	0	0	0	0	0	0	
461.829600	8	3	3	0	1	2	2	4012	674	23	27710	5	2	90	0	0	0	0	0	0	0	0	0	0	0	0	0	0	
462.834717	8	3	3	0	1	2	2	4015	675	23	27770	5	2	90	0	0	0	0	0	0	0	0	0	0	0	0	0	0	
463.839833	8	3	3	0	1	2	2	4018	675	23	27831	5	2	90	0	0	0	0	0	0	0	0	0	0	0	0	0	0	
464.826233	8	3	3	0	1	2	2	4021	674	23	27890	5	2	90	0	0	0	0	0	0	0	0	0	0	0	0	0	0	
465.835683	8	3	3	0	1	2	2	4025	673	23	27950	5	2	90	0	0	0	0	0	0	0	0	0	0	0	0	0	0	
466.822083	8	3	3	0	1	2	2	4028	673	23	28010	5	2	90	0	0	0	0	0	0	0	0	0	0	0	0	0	0	
467.827200	8	3	3	0	1	2	2	4032	675	23	28070	5	2	90	0	0	0	0	0	0	0	0	0	0	0	0	0	0	
468.832317	8	3	3	0	1	2	2	4035	675	23	28130	5	2	90	0	0	0	0	0	0	0	0	0	0	0	0	0	0	
469.838883	8	3	3	0	1	2	2	4039	674	23	28191	5	2	90	0	0	0	0	0	0	0	0	0	0	0	0	0	0	
470.825283	8	3	3	0	1	2	2	4042	674	23	28250	5	2	90	0	0	0	0	0	0	0	0	0	0	0	0	0	0	
471.830400	8	3	3	0	1	2	2	4045	674	23	28310	5	2	90	0	0	0	0	0	0	0	0	0	0	0	0	0	0	
472.835517	8	3	3	0	1	2	2	4049	674	23	28370	5	2	90	0	0	0	0	0	0	0	0	0	0	0	0	0	0	
473.840633	8	3	3	0	1	2	2	4053	675	23	28431	5	2	90	0	0	0	0	0	0	0	0	0	0	0	0	0	0	
474.827033	8	3	3	0	1	2	2	4057	674	23	28490	5	2	90	0	0	0	0	0	0	0	0	0	0	0	0	0	0	
475.833600	8	3	3	0	1	2	2	4061	674	23	28550	5	2	90	0	0	0	0	0	0	0	0	0	0	0	0	0	0	
476.838717	8	3	3	0	1	2	2	4065	674	23	28611	5	2	90	0	0	0	0	0	0	0	0	0	0	0	0	0	0	
477.825117	8	3	3	0	1	2	2	4069	674	23	28670	5	2	90	0	0	0	0	0	0	0	0	0	0	0	0	0	0	
478.830233	8	3	3	0	1	2	2	4073	675	23	28730	5	2	90	0	0	0	0	0	0	0	0	0	0	0	0	0	0	
479.835367	8	3	3	0	1	2	2	4078	674	23	28790	5	2	90	0	0	0	0	0	0	0	0	0	0	0	0	0	0	
480.841917	8	3	3	0	1	2	2	4083	675	23	28851	5	2	90	0	0	0	0	0	0	0	0	0	0	0	0	0	0	
481.828317	8	3	3	0	1	2	2	4087	675	23	28910	5	2	90	0	0	0	0	0	0	0	0	0	0	0	0	0	0	
482.833433	8	3	3	0	1	2	2	4092	675	23	28970	5	2	90	0	0	0	0	0	0	0	0	0	0	0	0	0	0	
483.838567	8	3	3	0	1	2	2	4097	674	23	29031	5	2	90	0	0	0	0	0	0	0	0	0	0	0	0	0	0	
484.824967	8	3	3	0	1	2	2	4102	675	23	29090	5	2	90	0	0	0	0	0	0	0	0	0	0	0	0	0	0	
485.831517	8	3	3	0	1	2	2	4107	675	23	29150	5	2	90	0	0	0	0	0	0	0	0	0	0	0	0	0	0	
486.836633	8	3	3	0	1	2	2	4112	676	23	29210	5	2	90	0	0	0	0	0	0	0	0	0	0	0	0	0	0	
487.841767	8	3	3	0	1	2	2	4116	667	23	29271	5	2	90	0	0	0	0	0	0	0	0	0	0	0	0	0	0	
488.828167	8	3	3	0	1	2	2	4121	666	23	29330	5	2	90	0	0	0	0	0	0	0	0	0	0	0	0	0	0	
489.833283	8	3	3	0	1	2	2	4125	663	23	29390	5	2	90	0	0	0	0	0	0	0	0	0	0	0	0	0	0	
490.838400	8	3	3	0	1	2	2	4130	664	23	29451	5	2	90	0	0	0	0	0	0	0	0	0	0	0	0	0	0	
491.826233	8	3	3	0	1	2	2	4135	662	23	29510	5	2	90	0	0	0	0	0	0	0	0	0	0	0	0	0	0	
492.831367	8	3	3	0	1	2	2	4141	663	23	29570	5	2	90	0	0	0	0	0	0	0	0	0	0	0	0	0	0	
493.836483	8	3	3	0	1	2	2	4146	659	23	29630	5	2	90	0	0	0	0	0	0	0	0	0	0	0	0	0	0	
494.841600	8	3	3	0	1	2	2	4152	659	23	29691	5	2	90	0	0	0	0	0	0	0	0	0	0	0	0	0	0	
495.828000	8	3	3	0	1	2	2	4158	660	23	29750	5	2	90	0	0	0	0	0	0	0	0	0	0	0	0	0	0	
496.833117	8	3	3	0	1	2	2	4164	658	23	29810	5	2	90	0	0	0	0	0	0	0	0	0	0	0	0	0	0	
497.839683	8	3	3	0	1	2	2	4170	656	23	29870	5	2	90	0	0	0	0	0	0	0	0	0	0	0	0	0	0	
498.826083	8	3	3	0	1	2	2	4176	657	23	29930	5	2	90	0	0	0	0	0	0	0	0	0	0	0	0	0	0	
499.831200	8	3	3	0	1	2	2	4182	657	23	29990	5	2	90	0	0	0	0	0	0	0	0	0	0	0	0	0	0	
500.836317	8	3	3	0	1	2	2	4188	654	23	30050	5	2	90	0	0	0	0	0	0	0	0	0	0	0	0	0	0	
501.841433	8	3	3	0	1	2	2	4194	655	23	30111	5	2	90	0	0	0	0	0	0	0	0	0	0	0	0	0	0	
502.827833	8	3	3	0	1	2	2	4199	649	23	30170	5	2	90	0	0	0	0	0	0	0	0	0	0	0	0	0	0	
503.834400	8	3	3	0	1	2	2	4199	625	23	30230	5	2	90	0	0	0	0	0	0	0	0	0	0	0	0	0	0	
504.839517	8	3	3	0	1	2	2	4199	602	23	30290	5	2	90	0	0	0	0	0	0	0	0	0	0	0	0	0	0	
505.825917	8	3	3	0	1	2	2	4199	582	23	30350	5	2	90	0	0	0	0	0	0	0	0	0	0	0	0	0	0	
506.831033	8	3	3	0	1	2	2	4199	562	23	30410	5	2	90	0	0	0	0	0	0	0	0	0	0	0	0	0	0	
507.836167	8	3	3	0	1	2	2	4199	543	23	30470	5	2	90	0	0	0	0	0	0	0	0	0	0	0	0	0	0	
508.842717	8	3	3	0	1	2	2	4198	523	23	30531	5	2	90	0	0	0	0	0	0	0	0	0	0	0	0	0	0	
509.829117	8	3	3	0	1	2	2	4199	505	23	30590	5	2	90	0	0	0	0	0	0	0	0	0	0	0	0	0	0	
510.834233	8	3	3	0	1	2	2	4199	488	23	30650	5	2	90	0	0	0	0	0	0	0	0	0	0	0	0	0	0	
511.839367	8	3	3	0	1	2	2	4198	470	23	30710	5	2	90	0	0	0	0	0	0	0	0	0	0	0	0	0	0	
512.825767	8	3	3	0	1	2	2	4198	454	23	30770	5	2	90	0	0	0	0	0	0	0	0	0	0	0	0	0	0	
513.832317	8	3	3	0	1	2	2	4199	438	23	30830	5	2	90	0	0	0	0	0	0	0	0	0	0	0	0	0	0	
514.837433	8	3	3	0	1	2	2	4198	423	23	30890	5	2	90	0	0	0	0	0	0	0	0	0	0	0	0	0	0	
515.842567	8	3	3	0	1	2	2	4198	408	23	30951	5	2	90	0	0	0	0	0	0	0	0	0	0	0	0	0	0	
516.828967	8	3	3	0	1	2	2	4199	393	23	31010	5	2	90	0	0	0	0	0	0	0	0	0	0	0	0	0	0	
517.834083	8	3	3	0	1	2	2	4198	379	23	31070	5	2	90	0	0	0	0	0	0	0	0	0	0	0	0	0	0	
518.839200	8	3	3	0	1	2	2	4198	367	23	31130	5	2	90	0	0	0	0	0	0	0	0	0	0	0	0	0	0	
519.827033	8	3	3	0	1	2	2	4198	353	23	31190	5	2	90	0	0	0	0	0	0	0	0	0	0	0	0	0	0	
520.832167	8	3	3	0	1	2	2	4198	340	23	31250	5	2	90	0	0	0	0	0	0	0	0	0	0	0	0	0	0	
521.837283	8	3	3	0	1	2	2	4198	328	23	31310	5	2	90	0	0	0	0	0	0	0	0	0	0	0	0	0	0	
522.842400	8	3	3	0	1	2	2	4199	317	23	31371	5	2	90	0	0	0	0	0	0	0	0	0	0	0	0	0	0	
523.828800	8	3	3	0	1	2	2	4198	306	23	31430	5	2	90	0	0	0	0	0	0	0	0	0	0	0	0	0	0	
524.833917	8	3	3	0	1	2	2	4198	295	23	31490	5	2	90	0	0	0	0	0	0	0	0	0	0	0	0	0	0	
525.840483	8	3	3	0	1	2	2	4199	286	23	31550	5	2	90	0	0	0	0	0	0	0	0	0	0	0	0	0	0	
526.826883	8	3	3	0	1	2	2	4199	275	23	31610	5	2	90	0	0	0	0	0	0	0	0	0	0	0	0	0	0	
527.832000	8	3	3	0	1	2	2	4199	265	23	31670	5	2	90	0	0	0	0	0	0	0	0	0	0	0	0	0	0	
528.837117	8	3	3	0	1	2	2	4198	256	23	31730	5	2	90	0	0	0	0	0	0	0	0	0	0	0	0	0	0	
529.842233	8	3	3	0	1	2	2	4199	247	23	31791	5	2	90	0	0	0	0	0	0	0	0	0	0	0	0	0	0	
530.830083	8	3	3	0	1	2	2	4198	238	23	31850	5	2	90	0	0	0	0	0	0	0	0	0	0	0	0	0	0	
531.835200	8	3	3	0	1	2	2	4198	230	23	31910	5	2	90	0	0	0	0	0	0	0	0	0	0	0	0	0	0	
532.840317	8	3	3	0	1	2	2	4199	222	23	31970	5	2	90	0	0	0	0	0	0	0	0	0	0	0	0	0	0	
533.845433	8	3	3	0	1	2	2	4199	214	23	32031	5	2	90	0	0	0	0	0	0	0	0	0	0	0	0	0	0	
534.831833	8	3	3	0	1	2	2	4199	207	23	32090	5	2	90	0	0	0	0	0	0	0	0	0	0	0	0	0	0	
535.836967	8	3	3	0	1	2	2	4199	199	23	32150	5	2	90	0	0	0	0	0	0	0	0	0	0	0	0	0	0	
536.843517	8	3	3	0	1	2	2	4198	192	23	32211	5	2	90	0	0	0	0	0	0	0	0	0	0	0	0	0	0	
537.829917	8	3	3	0	1	2	2	4199	185	23	32270	5	2	90	0	0	0	0	0	0	0	0	0	0	0	0	0	0	
538.835033	8	3	3	0	1	2	2	4199	179	23	32330	5	2	90	0	0	0	0	0	0	0	0	0	0	0	0	0	0	
539.840167	8	3	3	0	1	2	2	4199	172	23	32390	5	2	90	0	0	0	0	0	0	0	0	0	0	0	0	0	0	
540.845283	8	3	3	0	1	2	2	4199	166	23	32451	5	2	90	0	0	0	0	0	0	0	0	0	0	0	0	0	0	
541.833117	8	3	3	0	1	2	2	4199	161	23	32510	5	2	90	0	0	0	0	0	0	0	0	0	0	0	0	0	0	
542.838233	8	3	3	0	1	2	2	4198	155	23	32570	5	2	90	0	0	0	0	0	0	0	0	0	0	0	0	0	0	
543.843367	8	3	3	0	1	2	2	4199	149	23	32631	5	2	90	0	0	0	0	0	0	0	0	0	0	0	0	0	0	
544.829767	8	3	3	0	1	2	2	4198	144	23	32690	5	2	90	0	0	0	0	0	0	0	0	0	0	0	0	0	0	
545.834883	8	3	3	0	1	2	2	4199	140	23	32750	5	2	90	0	0	0	0	0	0	0	0	0	0	0	0	0	0	
546.841433	8	3	3	0	1	2	2	4199	135	23	32810	5	2	90	0	0	0	0	0	0	0	0	0	0	0	0	0	0	
547.846567	8	3	3	0	1	2	2	4199	131	23	32871	5	2	90	0	0	0	0	0	0	0	0	0	0	0	0	0	0	
548.832967	8	3	3	0	1	2	2	4198	127	23	32930	5	2	90	0	0	0	0	0	0	0	0	0	0	0	0	0	0	
549.838083	8	3	3	0	1	2	2	4198	122	23	32990	5	2	90	0	0	0	0	0	0	0	0	0	0	0	0	0	0	
550.843200	8	3	3	0	1	2	2	4198	118	23	33051	5	2	90	0	0	0	0	0	0	0	0	0	0	0	0	0	0	
551.829600	8	3	3	0	1	2	2	4199	114	23	33110	5	2	90	0	0	0	0	0	0	0	0	0	0	0	0	0	0	
552.836167	8	3	3	0	1	2	2	4198	110	23	33170	5	2	90	0	0	0	0	0	0	0	0	0	0	0	0	0	0	
553.841283	8	3	3	0	1	2	2	4198	106	23	33230	5	2	90	0	0	0	0	0	0	0	0	0	0	0	0	0	0	
554.846400	8	3	3	0	1	2	2	4199	102	23	33291	5	2	90	0	0	0	0	0	0	0	0	0	0	0	0	0	0	
555.832800	8	3	3	0	1	2	2	4199	100	23	33350	5	2	90	0	0	0	0	0	0	0	0	0	0	0	0	0	0	
556.837917	8	3	3	0	1	2	2	4199	97	23	33410	5	2	90	0	0	0	0	0	0	0	0	0	0	0	0	0	0	
557.843033	8	3	3	0	1	2	2	4199	93	23	33470	5	2	90	0	0	0	0	0	0	0	0	0	0	0	0	0	0	
558.830883	8	3	3	0	1	2	2	4198	90	23	33530	5	2	90	0	0	0	0	0	0	0	0	0	0	0	0	0	0	
559.836000	8	3	3	0	1	2	2	4198	86	23	33590	5	2	90	0	0	0	0	0	0	0	0	0	0	0	0	0	0	
560.841117	8	3	3	0	1	2	2	4199	84	23	33650	5	2	90	0	0	0	0	0	0	0	0	0	0	0	0	0	0	
561.846233	8	3	3	0	1	2	2	4198	81	23	33711	5	2	90	0	0	0	0	0	0	0	0	0	0	0	0	0	0	
562.832633	8	3	3	0	1	2	2	4198	78	23	33770	5	2	90	0	0	0	0	0	0	0	0	0	0	0	0	0	0	
563.837767	8	3	3	0	1	2	2	4199	76	23	33830	5	2	90	0	0	0	0	0	0	0	0	0	0	0	0	0	0	
564.844317	8	3	3	0	1	2	2	4199	73	23	33890	5	2	90	0	0	0	0	0	0	0	0	0	0	0	0	0	0	
565.830717	8	3	3	0	1	2	2	4199	70	23	33950	5	2	90	0	0	0	0	0	0	0	0	0	0	0	0	0	0	
566.835833	8	3	3	0	1	2	2	4199	69	23	34010	5	2	90	0	0	0	0	0	0	0	0	0	0	0	0	0	0	
567.614883	8	6	3	0	2	7	1	3907	-1220	23	34057	5	3	0	0	0	0	0	0	0	0	0	0	0	0	0	0	0	
567.842400	8	6	3	0	2	7	1	3849	-1350	23	34070	5	3	0	0	0	0	0	0	0	0	0	0	0	0	0	0	0	
568.848967	8	6	3	0	2	7	1	3800	-1349	23	34131	5	3	1	0	0	0	0	0	0	0	0	0	0	0	0	0	0	
569.835367	8	6	3	0	2	7	1	3774	-1351	23	34190	5	3	3	0	0	0	0	0	0	0	0	0	0	0	0	0	0	
570.840483	8	6	3	0	2	7	1	3755	-1350	23	34250	5	3	5	0	0	0	0	0	0	0	0	0	0	0	0	0	0	
571.845600	8	6	3	0	2	7	1	3736	-1351	23	34311	5	3	6	0	0	0	0	0	0	0	0	0	0	0	0	0	0	
572.832000	8	6	3	0	2	7	1	3719	-1348	23	34370	5	3	8	0	0	0	0	0	0	0	0	0	0	0	0	0	0	
573.838567	8	6	3	0	2	7	1	3706	-1348	23	34430	5	3	10	0	0	0	0	0	0	0	0	0	0	0	0	0	0	
574.843683	8	6	3	0	2	7	1	3690	-1350	23	34490	5	3	11	0	0	0	0	0	0	0	0	0	0	0	0	0	0	
575.848800	8	6	3	0	2	7	1	3672	-1351	23	34551	5	3	13	0	0	0	0	0	0	0	0	0	0	0	0	0	0	
576.835200	8	6	3	0	2	7	1	3657	-1348	23	34610	5	3	15	0	0	0	0	0	0	0	0	0	0	0	0	0	0	
577.840317	8	6	3	0	2	7	1	3641	-1350	23	34670	5	3	16	0	0	0	0	0	0	0	0	0	0	0	0	0	0	
578.846883	8	6	3	0	2	7	1	3627	-1349	23	34731	5	3	18	0	0	0	0	0	0	0	0	0	0	0	0	0	0	
579.833283	8	6	3	0	2	7	1	3611	-1352	23	34790	5	3	20	0	0	0	0	0	0	0	0	0	0	0	0	0	0	
580.838400	8	6	3	0	2	7	1	3598	-1353	23	34850	5	3	21	0	0	0	0	0	0	0	0	0	0	0	0	0	0	
581.843517	8	6	3	0	2	7	1	3586	-1348	23	34910	5	3	23	0	0	0	0	0	0	0	0	0	0	0	0	0	0	
582.848633	8	6	3	0	2	7	1	3572	-1352	23	34971	5	3	25	0	0	0	0	0	0	0	0	0	0	0	0	0	0	
583.835033	8	6	3	0	2	7	1	3558	-1347	23	35030	5	3	26	0	0	0	0	0	0	0	0	0	0	0	0	0	0	
584.841600	8	6	3	0	2	7	1	3551	-1348	23	35090	5	3	28	0	0	0	0	0	0	0	0	0	0	0	0	0	0	
585.846717	8	6	3	0	2	7	1	3538	-1350	23	35151	5	3	30	0	0	0	0	0	0	0	0	0	0	0	0	0	0	
586.833117	8	6	3	0	2	7	1	3527	-1350	23	35210	5	3	31	0	0	0	0	0	0	0	0	0	0	0	0	0	0	
587.838233	8	6	3	0	2	7	1	3517	-1351	23	35270	5	3	33	0	0	0	0	0	0	0	0	0	0	0	0	0	0	
588.843367	8	6	3	0	2	7	1	3504	-1349	23	35330	5	3	35	0	0	0	0	0	0	0	0	0	0	0	0	0	0	
589.848483	8	6	3	0	2	7	1	3492	-1350	23	35391	5	3	36	0	0	0	0	0	0	0	0	0	0	0	0	0	0	
590.836317	8	6	3	0	2	7	1	3483	-1347	23	35450	5	3	38	0	0	0	0	0	0	0	0	0	0	0	0	0	0	
591.841433	8	6	3	0	2	7	1	3471	-1350	23	35510	5	3	40	0	0	0	0	0	0	0	0	0	0	0	0	0	0	
592.846567	8	6	3	0	2	7	1	3462	-1352	23	35570	5	3	41	0	0	0	0	0	0	0	0	0	0	0	0	0	0	
593.832967	8	6	3	0	2	7	1	3450	-1349	23	35630	5	3	43	0	0	0	0	0	0	0	0	0	0	0	0	0	0	
594.838083	8	6	3	0	2	7	1	3441	-1350	23	35690	5	3	45	0	0	0	0	0	0	0	0	0	0	0	0	0	0	
595.843200	8	6	3	0	2	7	1	3434	-1349	23	35750	5	3	46	0	0	0	0	0	0	0	0	0	0	0	0	0	0	
596.849767	8	6	3	0	2	7	1	3424	-1349	23	35811	5	3	48	0	0	0	0	0	0	0	0	0	0	0	0	0	0	
597.836167	8	6	3	0	2	7	1	3417	-1348	23	35870	5	3	50	0	0	0	0	0	0	0	0	0	0	0	0	0	0	
598.841283	8	6	3	0	2	7	1	3408	-1350	23	35930	5	3	51	0	0	0	0	0	0	0	0	0	0	0	0	0	0	
599.846400	8	6	3	0	2	7	1	3400	-1349	23	35990	5	3	53	0	0	0	0	0	0	0	0	0	0	0	0	0	0	
600.832800	8	6	3	0	2	7	1	3393	-1349	23	36050	5	3	54	0	0	0	0	0	0	0	0	0	0	0	0	0	0	
601.839367	8	6	3	0	2	7	1	3385	-1352	23	36110	5	3	56	0	0	0	0	0	0	0	0	0	0	0	0	0	0	
602.844483	8	6	3	0	2	7	1	3380	-1350	23	36170	5	3	58	0	0	0	0	0	0	0	0	0	0	0	0	0	0	
603.849600	8	6	3	0	2	7	1	3374	-1349	23	36231	5	3	59	0	0	0	0	0	0	0	0	0	0	0	0	0	0	
604.836000	8	6	3	0	2	7	1	3368	-1352	23	36290	5	3	61	0	0	0	0	0	0	0	0	0	0	0	0	0	0	
605.841117	8	6	3	0	2	7	1	3363	-1347	23	36350	5	3	63	0	0	0	0	0	0	0	0	0	0	0	0	0	0	
606.847683	8	6	3	0	2	7	1	3358	-1350	23	36410	5	3	64	0	0	0	0	0	0	0	0	0	0	0	0	0	0	
607.834083	8	6	3	0	2	7	1	3352	-1348	23	36470	5	3	66	0	0	0	0	0	0	0	0	0	0	0	0	0	0	
608.839200	8	6	3	0	2	7	1	3345	-1351	23	36530	5	3	68	0	0	0	0	0	0	0	0	0	0	0	0	0	0	
609.844317	8	6	3	0	2	7	1	3335	-1350	23	36590	5	3	69	0	0	0	0	0	0	0	0	0	0	0	0	0	0	
610.849433	8	6	3	0	2	7	1	3328	-1350	23	36651	5	3	71	0	0	0	0	0	0	0	0	0	0	0	0	0	0	
611.835833	8	6	3	0	2	7	1	3320	-1350	23	36710	5	3	73	0	0	0	0	0	0	0	0	0	0	0	0	0	0	
612.842400	8	6	3	0	2	7	1	3310	-1351	23	36770	5	3	74	0	0	0	0	0	0	0	0	0	0	0	0	0	0	
613.847517	8	6	3	0	2	7	1	3299	-1351	23	36830	5	3	76	0	0	0	0	0	0	0	0	0	0	0	0	0	0	
614.833917	8	6	3	0	2	7	1	3285	-1349	23	36890	5	3	78	0	0	0	0	0	0	0	0	0	0	0	0	0	0	
615.839033	8	6	3	0	2	7	1	3268	-1349	23	36950	5	3	79	0	0	0	0	0	0	0	0	0	0	0	0	0	0	
616.845600	8	6	3	0	2	7	1	3247	-1350	23	37010	5	3	81	0	0	0	0	0	0	0	0	0	0	0	0	0	0	
617.852167	8	6	3	0	2	7	1	3219	-1351	23	37071	5	3	83	0	0	0	0	0	0	0	0	0	0	0	0	0	0	
618.838567	8	6	3	0	2	7	1	3176	-1350	23	37130	5	3	84	0	0	0	0	0	0	0	0	0	0	0	0	0	0	
619.843683	8	6	3	0	2	7	1	3109	-1351	23	37190	5	3	86	0	0	0	0	0	0	0	0	0	0	0	0	0	0	
620.848800	8	6	3	0	2	7	1	2990	-1351	23	37251	5	3	88	0	0	0	0	0	0	0	0	0	0	0	0	0	0	
621.835200	8	6	3	0	2	7	1	2686	-1351	23	37310	5	3	89	0	0	0	0	0	0	0	0	0	0	0	0	0	0	
621.879833	8	15	3	0	1	31	2	2977	41	23	37312	6	3	89	0	0	0	0	0	0	0	0	0	0	0	0	0	0	
621.901433	8	3	3	0	1	2	2	3218	678	23	37314	7	3	89	0	0	0	0	0	0	0	0	0	0	0	0	0	0	
622.844633	8	3	3	0	1	2	2	3559	674	23	37370	7	3	89	0	0	0	0	0	0	0	0	0	0	0	0	0	0	
623.849767	8	3	3	0	1	2	2	3667	675	23	37431	7	3	89	0	0	0	0	0	0	0	0	0	0	0	0	0	0	
624.836167	8	3	3	0	1	2	2	3734	675	23	37490	7	3	89	0	0	0	0	0	0	0	0	0	0	0	0	0	0	
625.841283	8	3	3	0	1	2	2	3784	674	23	37550	7	3	89	0	0	0	0	0	0	0	0	0	0	0	0	0	0	
626.847833	8	3	3	0	1	2	2	3822	674	23	37610	7	3	89	0	0	0	0	0	0	0	0	0	0	0	0	0	0	
627.852967	8	3	3	0	1	2	2	3844	674	23	37671	7	3	89	0	0	0	0	0	0	0	0	0	0	0	0	0	0	
628.839367	8	3	3	0	1	2	2	3854	674	23	37730	7	3	89	0	0	0	0	0	0	0	0	0	0	0	0	0	0	
629.844483	8	3	3	0	1	2	2	3862	675	23	37790	7	3	89	0	0	0	0	0	0	0	0	0	0	0	0	0	0	
630.849600	8	3	3	0	1	2	2	3868	674	23	37851	7	3	89	0	0	0	0	0	0	0	0	0	0	0	0	0	0	
631.836000	8	3	3	0	1	2	2	3875	675	23	37910	7	3	89	0	0	0	0	0	0	0	0	0	0	0	0	0	0	
632.842567	8	3	3	0	1	2	2	3881	675	23	37970	7	3	89	0	0	0	0	0	0	0	0	0	0	0	0	0	0	
633.847683	8	3	3	0	1	2	2	3887	674	23	38030	7	3	89	0	0	0	0	0	0	0	0	0	0	0	0	0	0	
634.852800	8	3	3	0	1	2	2	3893	675	23	38091	7	3	89	0	0	0	0	0	0	0	0	0	0	0	0	0	0	
635.839200	8	3	3	0	1	2	2	3900	675	23	38150	7	3	89	0	0	0	0	0	0	0	0	0	0	0	0	0	0	
636.844317	8	3	3	0	1	2	2	3906	675	23	38210	7	3	89	0	0	0	0	0	0	0	0	0	0	0	0	0	0	
637.850883	8	3	3	0	1	2	2	3912	674	23	38271	7	3	89	0	0	0	0	0	0	0	0	0	0	0	0	0	0	
638.837283	8	3	3	0	1	2	2	3919	674	23	38330	7	3	89	0	0	0	0	0	0	0	0	0	0	0	0	0	0	
639.842400	8	3	3	0	1	2	2	3926	675	23	38390	7	3	89	0	0	0	0	0	0	0	0	0	0	0	0	0	0	
640.847517	8	3	3	0	1	2	2	3932	674	23	38450	7	3	89	0	0	0	0	0	0	0	0	0	0	0	0	0	0	
641.854083	8	3	3	0	1	2	2	3938	674	23	38511	7	3	89	0	0	0	0	0	0	0	0	0	0	0	0	0	0	
642.840483	8	3	3	0	1	2	2	3944	674	23	38570	7	3	89	0	0	0	0	0	0	0	0	0	0	0	0	0	0	
643.845600	8	3	3	0	1	2	2	3949	675	23	38630	7	3	89	0	0	0	0	0	0	0	0	0	0	0	0	0	0	
644.850717	8	3	3	0	1	2	2	3954	674	23	38691	7	3	89	0	0	0	0	0	0	0	0	0	0	0	0	0	0	
645.837117	8	3	3	0	1	2	2	3958	675	23	38750	7	3	89	0	0	0	0	0	0	0	0	0	0	0	0	0	0	
646.842233	8	3	3	0	1	2	2	3962	675	23	38810	7	3	89	0	0	0	0	0	0	0	0	0	0	0	0	0	0	
647.848800	8	3	3	0	1	2	2	3965	674	23	38870	7	3	89	0	0	0	0	0	0	0	0	0	0	0	0	0	0	
648.853917	8	3	3	0	1	2	2	3968	674	23	38931	7	3	89	0	0	0	0	0	0	0	0	0	0	0	0	0	0	
649.840317	8	3	3	0	1	2	2	3970	675	23	38990	7	3	89	0	0	0	0	0	0	0	0	0	0	0	0	0	0	
650.845433	8	3	3	0	1	2	2	3973	674	23	39050	7	3	89	0	0	0	0	0	0	0	0	0	0	0	0	0	0	
651.850567	8	3	3	0	1	2	2	3976	674	23	39110	7	3	89	0	0	0	0	0	0	0	0	0	0	0	0	0	0	
652.838400	8	3	3	0	1	2	2	3978	674	23	39170	7	3	89	0	0	0	0	0	0	0	0	0	0	0	0	0	0	
653.843517	8	3	3	0	1	2	2	3980	674	23	39230	7	3	89	0	0	0	0	0	0	0	0	0	0	0	0	0	0	
654.848633	8	3	3	0	1	2	2	3983	674	23	39290	7	3	89	0	0	0	0	0	0	0	0	0	0	0	0	0	0	
655.853767	8	3	3	0	1	2	2	3986	674	23	39351	7	3	89	0	0	0	0	0	0	0	0	0	0	0	0	0	0	
656.840167	8	3	3	0	1	2	2	3989	674	23	39410	7	3	89	0	0	0	0	0	0	0	0	0	0	0	0	0	0	
657.845283	8	3	3	0	1	2	2	3992	674	23	39470	7	3	89	0	0	0	0	0	0	0	0	0	0	0	0	0	0	
658.851833	8	3	3	0	1	2	2	3996	675	23	39530	7	3	89	0	0	0	0	0	0	0	0	0	0	0	0	0	0	
659.838233	8	3	3	0	1	2	2	3998	674	23	39590	7	3	89	0	0	0	0	0	0	0	0	0	0	0	0	0	0	
660.843367	8	3	3	0	1	2	2	4001	674	23	39650	7	3	89	0	0	0	0	0	0	0	0	0	0	0	0	0	0	
661.848483	8	3	3	0	1	2	2	4004	675	23	39710	7	3	89	0	0	0	0	0	0	0	0	0	0	0	0	0	0	
662.853600	8	3	3	0	1	2	2	4007	674	23	39771	7	3	89	0	0	0	0	0	0	0	0	0	0	0	0	0	0	
663.841433	8	3	3	0	1	2	2	4010	675	23	39830	7	3	89	0	0	0	0	0	0	0	0	0	0	0	0	0	0	
664.846567	8	3	3	0	1	2	2	4013	675	23	39890	7	3	89	0	0	0	0	0	0	0	0	0	0	0	0	0	0	
665.851683	8	3	3	0	1	2	2	4016	674	23	39950	7	3	89	0	0	0	0	0	0	0	0	0	0	0	0	0	0	
666.838083	8	3	3	0	1	2	2	4019	674	23	40010	7	3	89	0	0	0	0	0	0	0	0	0	0	0	0	0	0	
667.843200	8	3	3	0	1	2	2	4023	675	23	40070	7	3	89	0	0	0	0	0	0	0	0	0	0	0	0	0	0	
668.849767	8	3	3	0	1	2	2	4026	676	23	40130	7	3	89	0	0	0	0	0	0	0	0	0	0	0	0	0	0	
669.854883	8	3	3	0	1	2	2	4029	673	23	40191	7	3	89	0	0	0	0	0	0	0	0	0	0	0	0	0	0	
670.841283	8	3	3	0	1	2	2	4032	674	23	40250	7	3	89	0	0	0	0	0	0	0	0	0	0	0	0	0	0	
671.846400	8	3	3	0	1	2	2	4036	674	23	40310	7	3	89	0	0	0	0	0	0	0	0	0	0	0	0	0	0	
672.851517	8	3	3	0	1	2	2	4039	675	23	40370	7	3	89	0	0	0	0	0	0	0	0	0	0	0	0	0	0	
673.837917	8	3	3	0	1	2	2	4043	674	23	40430	7	3	89	0	0	0	0	0	0	0	0	0	0	0	0	0	0	
674.844483	8	3	3	0	1	2	2	4047	676	23	40490	7	3	89	0	0	0	0	0	0	0	0	0	0	0	0	0	0	
675.849600	8	3	3	0	1	2	2	4050	675	23	40550	7	3	89	0	0	0	0	0	0	0	0	0	0	0	0	0	0	
676.854717	8	3	3	0	1	2	2	4054	675	23	40611	7	3	89	0	0	0	0	0	0	0	0	0	0	0	0	0	0	
677.841117	8	3	3	0	1	2	2	4058	675	23	40670	7	3	89	0	0	0	0	0	0	0	0	0	0	0	0	0	0	
678.846233	8	3	3	0	1	2	2	4062	675	23	40730	7	3	89	0	0	0	0	0	0	0	0	0	0	0	0	0	0	
679.851367	8	3	3	0	1	2	2	4067	675	23	40790	7	3	89	0	0	0	0	0	0	0	0	0	0	0	0	0	0	
680.839200	8	3	3	0	1	2	2	4071	675	23	40850	7	3	89	0	0	0	0	0	0	0	0	0	0	0	0	0	0	
681.844317	8	3	3	0	1	2	2	4075	674	23	40910	7	3	89	0	0	0	0	0	0	0	0	0	0	0	0	0	0	
682.849433	8	3	3	0	1	2	2	4079	674	23	40970	7	3	89	0	0	0	0	0	0	0	0	0	0	0	0	0	0	
683.854567	8	3	3	0	1	2	2	4083	673	23	41031	7	3	89	0	0	0	0	0	0	0	0	0	0	0	0	0	0	
684.840967	8	3	3	0	1	2	2	4088	674	23	41090	7	3	89	0	0	0	0	0	0	0	0	0	0	0	0	0	0	
685.846083	8	3	3	0	1	2	2	4093	674	23	41150	7	3	89	0	0	0	0	0	0	0	0	0	0	0	0	0	0	
686.852633	8	3	3	0	1	2	2	4098	675	23	41210	7	3	89	0	0	0	0	0	0	0	0	0	0	0	0	0	0	
687.839033	8	3	3	0	1	2	2	4103	674	23	41270	7	3	89	0	0	0	0	0	0	0	0	0	0	0	0	0	0	
688.844167	8	3	3	0	1	2	2	4108	675	23	41330	7	3	89	0	0	0	0	0	0	0	0	0	0	0	0	0	0	
689.849283	8	3	3	0	1	2	2	4113	676	23	41390	7	3	89	0	0	0	0	0	0	0	0	0	0	0	0	0	0	
690.855833	8	3	3	0	1	2	2	4118	675	23	41451	7	3	89	0	0	0	0	0	0	0	0	0	0	0	0	0	0	
691.842233	8	3	3	0	1	2	2	4121	666	23	41510	7	3	89	0	0	0	0	0	0	0	0	0	0	0	0	0	0	
692.847367	8	3	3	0	1	2	2	4126	664	23	41570	7	3	89	0	0	0	0	0	0	0	0	0	0	0	0	0	0	
693.852483	8	3	3	0	1	2	2	4132	665	23	41630	7	3	89	0	0	0	0	0	0	0	0	0	0	0	0	0	0	
694.857600	8	3	3	0	1	2	2	4137	662	23	41691	7	3	89	0	0	0	0	0	0	0	0	0	0	0	0	0	0	
695.844000	8	3	3	0	1	2	2	4142	662	23	41750	7	3	89	0	0	0	0	0	0	0	0	0	0	0	0	0	0	
696.850567	8	3	3	0	1	2	2	4147	662	23	41810	7	3	89	0	0	0	0	0	0	0	0	0	0	0	0	0	0	
697.855683	8	3	3	0	1	2	2	4153	661	23	41871	7	3	89	0	0	0	0	0	0	0	0	0	0	0	0	0	0	
698.842083	8	3	3	0	1	2	2	4159	660	23	41930	7	3	89	0	0	0	0	0	0	0	0	0	0	0	0	0	0	
699.847200	8	3	3	0	1	2	2	4165	660	23	41990	7	3	89	0	0	0	0	0	0	0	0	0	0	0	0	0	0	
700.852317	8	3	3	0	1	2	2	4170	659	23	42050	7	3	89	0	0	0	0	0	0	0	0	0	0	0	0	0	0	
701.858883	8	3	3	0	1	2	2	4175	654	23	42111	7	3	89	0	0	0	0	0	0	0	0	0	0	0	0	0	0	
702.845283	8	3	3	0	1	2	2	4181	654	23	42170	7	3	89	0	0	0	0	0	0	0	0	0	0	0	0	0	0	
703.850400	8	3	3	0	1	2	2	4187	655	23	42230	7	3	89	0	0	0	0	0	0	0	0	0	0	0	0	0	0	
704.855517	8	3	3	0	1	2	2	4192	652	23	42291	7	3	89	0	0	0	0	0	0	0	0	0	0	0	0	0	0	
705.841917	8	3	3	0	1	2	2	4199	654	23	42350	7	3	89	0	0	0	0	0	0	0	0	0	0	0	0	0	0	
706.851367	8	3	3	0	1	2	2	4199	627	23	42410	7	3	89	0	0	0	0	0	0	0	0	0	0	0	0	0	0	
707.856483	8	3	3	0	1	2	2	4199	604	23	42471	7	3	89	0	0	0	0	0	0	0	0	0	0	0	0	0	0	
708.842883	8	3	3	0	1	2	2	4198	583	23	42530	7	3	89	0	0	0	0	0	0	0	0	0	0	0	0	0	0	
709.848000	8	3	3	0	1	2	2	4198	563	23	42590	7	3	89	0	0	0	0	0	0	0	0	0	0	0	0	0	0	
710.854567	8	3	3	0	1	2	2	4198	544	23	42650	7	3	89	0	0	0	0	0	0	0	0	0	0	0	0	0	0	
711.859683	8	3	3	0	1	2	2	4199	525	23	42711	7	3	89	0	0	0	0	0	0	0	0	0	0	0	0	0	0	
712.846083	8	3	3	0	1	2	2	4199	506	23	42770	7	3	89	0	0	0	0	0	0	0	0	0	0	0	0	0	0	
713.851200	8	3	3	0	1	2	2	4198	488	23	42830	7	3	89	0	0	0	0	0	0	0	0	0	0	0	0	0	0	
714.857767	8	3	3	0	1	2	2	4198	472	23	42891	7	3	89	0	0	0	0	0	0	0	0	0	0	0	0	0	0	
715.844167	8	3	3	0	1	2	2	4199	455	23	42950	7	3	89	0	0	0	0	0	0	0	0	0	0	0	0	0	0	
716.849283	8	3	3	0	1	2	2	4198	440	23	43010	7	3	89	0	0	0	0	0	0	0	0	0	0	0	0	0	0	
717.854400	8	3	3	0	1	2	2	4198	424	23	43070	7	3	89	0	0	0	0	0	0	0	0	0	0	0	0	0	0	
718.859517	8	3	3	0	1	2	2	4199	409	23	43131	7	3	89	0	0	0	0	0	0	0	0	0	0	0	0	0	0	
719.845917	8	3	3	0	1	2	2	4199	394	23	43190	7	3	89	0	0	0	0	0	0	0	0	0	0	0	0	0	0	
720.852483	8	3	3	0	1	2	2	4198	381	23	43250	7	3	89	0	0	0	0	0	0	0	0	0	0	0	0	0	0	
721.857600	8	3	3	0	1	2	2	4199	367	23	43311	7	3	89	0	0	0	0	0	0	0	0	0	0	0	0	0	0	
722.844000	8	3	3	0	1	2	2	4199	355	23	43370	7	3	89	0	0	0	0	0	0	0	0	0	0	0	0	0	0	
723.849117	8	3	3	0	1	2	2	4198	342	23	43430	7	3	89	0	0	0	0	0	0	0	0	0	0	0	0	0	0	
724.854233	8	3	3	0	1	2	2	4199	330	23	43490	7	3	89	0	0	0	0	0	0	0	0	0	0	0	0	0	0	
725.859367	8	3	3	0	1	2	2	4199	320	23	43551	7	3	89	0	0	0	0	0	0	0	0	0	0	0	0	0	0	
726.847200	8	3	3	0	1	2	2	4198	308	23	43610	7	3	89	0	0	0	0	0	0	0	0	0	0	0	0	0	0	
727.852317	8	3	3	0	1	2	2	4198	297	23	43670	7	3	89	0	0	0	0	0	0	0	0	0	0	0	0	0	0	
728.857433	8	3	3	0	1	2	2	4199	287	23	43731	7	3	89	0	0	0	0	0	0	0	0	0	0	0	0	0	0	
729.843833	8	3	3	0	1	2	2	4198	277	23	43790	7	3	89	0	0	0	0	0	0	0	0	0	0	0	0	0	0	
730.848967	8	3	3	0	1	2	2	4198	268	23	43850	7	3	89	0	0	0	0	0	0	0	0	0	0	0	0	0	0	
731.855517	8	3	3	0	1	2	2	4199	258	23	43910	7	3	89	0	0	0	0	0	0	0	0	0	0	0	0	0	0	
732.860633	8	3	3	0	1	2	2	4199	250	23	43971	7	3	89	0	0	0	0	0	0	0	0	0	0	0	0	0	0	
733.847033	8	3	3	0	1	2	2	4198	241	23	44030	7	3	89	0	0	0	0	0	0	0	0	0	0	0	0	0	0	
734.852167	8	3	3	0	1	2	2	4199	233	23	44090	7	3	89	0	0	0	0	0	0	0	0	0	0	0	0	0	0	
735.857283	8	3	3	0	1	2	2	4199	224	23	44150	7	3	89	0	0	0	0	0	0	0	0	0	0	0	0	0	0	
736.843683	8	3	3	0	1	2	2	4199	217	23	44210	7	3	89	0	0	0	0	0	0	0	0	0	0	0	0	0	0	
737.850233	8	3	3	0	1	2	2	4198	209	23	44270	7	3	89	0	0	0	0	0	0	0	0	0	0	0	0	0	0	
738.855367	8	3	3	0	1	2	2	4198	201	23	44330	7	3	89	0	0	0	0	0	0	0	0	0	0	0	0	0	0	
739.860483	8	3	3	0	1	2	2	4198	195	23	44391	7	3	89	0	0	0	0	0	0	0	0	0	0	0	0	0	0	
740.846883	8	3	3	0	1	2	2	4199	188	23	44450	7	3	89	0	0	0	0	0	0	0	0	0	0	0	0	0	0	
741.852000	8	3	3	0	1	2	2	4199	182	23	44510	7	3	89	0	0	0	0	0	0	0	0	0	0	0	0	0	0	
742.858567	8	3	3	0	1	2	2	4198	174	23	44570	7	3	89	0	0	0	0	0	0	0	0	0	0	0	0	0	0	
743.844967	8	3	3	0	1	2	2	4199	169	23	44630	7	3	89	0	0	0	0	0	0	0	0	0	0	0	0	0	0	
744.850083	8	3	3	0	1	2	2	4199	162	23	44690	7	3	89	0	0	0	0	0	0	0	0	0	0	0	0	0	0	
745.855200	8	3	3	0	1	2	2	4198	158	23	44750	7	3	89	0	0	0	0	0	0	0	0	0	0	0	0	0	0	
746.860317	8	3	3	0	1	2	2	4199	152	23	44811	7	3	89	0	0	0	0	0	0	0	0	0	0	0	0	0	0	
747.846717	8	3	3	0	1	2	2	4198	147	23	44870	7	3	89	0	0	0	0	0	0	0	0	0	0	0	0	0	0	
748.853283	8	3	3	0	1	2	2	4199	142	23	44930	7	3	89	0	0	0	0	0	0	0	0	0	0	0	0	0	0	
749.858400	8	3	3	0	1	2	2	4199	137	23	44990	7	3	89	0	0	0	0	0	0	0	0	0	0	0	0	0	0	
750.844800	8	3	3	0	1	2	2	4199	133	23	45050	7	3	89	0	0	0	0	0	0	0	0	0	0	0	0	0	0	
751.849917	8	3	3	0	1	2	2	4199	128	23	45110	7	3	89	0	0	0	0	0	0	0	0	0	0	0	0	0	0	
752.855033	8	3	3	0	1	2	2	4198	124	23	45170	7	3	89	0	0	0	0	0	0	0	0	0	0	0	0	0	0	
753.861600	8	3	3	0	1	2	2	4198	119	23	45231	7	3	89	0	0	0	0	0	0	0	0	0	0	0	0	0	0	
754.848000	8	3	3	0	1	2	2	4198	115	23	45290	7	3	89	0	0	0	0	0	0	0	0	0	0	0	0	0	0	
755.853117	8	3	3	0	1	2	2	4199	112	23	45350	7	3	89	0	0	0	0	0	0	0	0	0	0	0	0	0	0	
756.858233	8	3	3	0	1	2	2	4198	107	23	45410	7	3	89	0	0	0	0	0	0	0	0	0	0	0	0	0	0	
757.844633	8	3	3	0	1	2	2	4198	104	23	45470	7	3	89	0	0	0	0	0	0	0	0	0	0	0	0	0	0	
758.849767	8	3	3	0	1	2	2	4198	100	23	45530	7	3	89	0	0	0	0	0	0	0	0	0	0	0	0	0	0	
759.856317	8	3	3	0	1	2	2	4199	97	23	45590	7	3	89	0	0	0	0	0	0	0	0	0	0	0	0	0	0	
760.861433	8	3	3	0	1	2	2	4198	93	23	45651	7	3	89	0	0	0	0	0	0	0	0	0	0	0	0	0	0	
761.847833	8	3	3	0	1	2	2	4198	92	23	45710	7	3	89	0	0	0	0	0	0	0	0	0	0	0	0	0	0	
762.852967	8	3	3	0	1	2	2	4198	86	23	45770	7	3	89	0	0	0	0	0	0	0	0	0	0	0	0	0	0	
763.858083	8	3	3	0	1	2	2	4198	85	23	45830	7	3	89	0	0	0	0	0	0	0	0	0	0	0	0	0	0	
764.844483	8	3	3	0	1	2	2	4199	81	23	45890	7	3	89	0	0	0	0	0	0	0	0	0	0	0	0	0	0	
765.851033	8	3	3	0	1	2	2	4199	80	23	45950	7	3	89	0	0	0	0	0	0	0	0	0	0	0	0	0	0	
766.856167	8	3	3	0	1	2	2	4199	76	23	46010	7	3	89	0	0	0	0	0	0	0	0	0	0	0	0	0	0	
767.861283	8	3	3	0	1	2	2	4198	73	23	46071	7	3	89	0	0	0	0	0	0	0	0	0	0	0	0	0	0	
768.847683	8	3	3	0	1	2	2	4199	72	23	46130	7	3	89	0	0	0	0	0	0	0	0	0	0	0	0	0	0	
769.852800	8	3	3	0	1	2	2	4198	68	23	46190	7	3	89	0	0	0	0	0	0	0	0	0	0	0	0	0	0	
770.594400	8	6	3	0	2	7	1	4020	-753	23	46235	7	4	0	0	0	0	0	0	0	0	0	0	0	0	0	0	0	
770.860800	8	6	3	0	2	7	1	3846	-1351	23	46250	7	4	0	0	0	0	0	0	0	0	0	0	0	0	0	0	0	
771.847200	8	6	3	0	2	7	1	3799	-1349	23	46310	7	4	2	0	0	0	0	0	0	0	0	0	0	0	0	0	0	
772.852317	8	6	3	0	2	7	1	3776	-1351	23	46370	7	4	3	0	0	0	0	0	0	0	0	0	0	0	0	0	0	
773.857433	8	6	3	0	2	7	1	3754	-1352	23	46430	7	4	5	0	0	0	0	0	0	0	0	0	0	0	0	0	0	
774.864000	8	6	3	0	2	7	1	3738	-1352	23	46491	7	4	6	0	0	0	0	0	0	0	0	0	0	0	0	0	0	
775.850400	8	6	3	0	2	7	1	3721	-1350	23	46550	7	4	8	0	0	0	0	0	0	0	0	0	0	0	0	0	0	
776.855517	8	6	3	0	2	7	1	3705	-1351	23	46610	7	4	10	0	0	0	0	0	0	0	0	0	0	0	0	0	0	
777.860633	8	6	3	0	2	7	1	3687	-1349	23	46670	7	4	11	0	0	0	0	0	0	0	0	0	0	0	0	0	0	
778.847033	8	6	3	0	2	7	1	3673	-1351	23	46730	7	4	13	0	0	0	0	0	0	0	0	0	0	0	0	0	0	
779.853600	8	6	3	0	2	7	1	3657	-1350	23	46790	7	4	15	0	0	0	0	0	0	0	0	0	0	0	0	0	0	
780.858717	8	6	3	0	2	7	1	3640	-1351	23	46850	7	4	16	0	0	0	0	0	0	0	0	0	0	0	0	0	0	
781.863833	8	6	3	0	2	7	1	3624	-1348	23	46911	7	4	18	0	0	0	0	0	0	0	0	0	0	0	0	0	0	
782.850233	8	6	3	0	2	7	1	3612	-1351	23	46970	7	4	20	0	0	0	0	0	0	0	0	0	0	0	0	0	0	
783.855367	8	6	3	0	2	7	1	3596	-1348	23	47030	7	4	21	0	0	0	0	0	0	0	0	0	0	0	0	0	0	
784.860483	8	6	3	0	2	7	1	3583	-1351	23	47090	7	4	23	0	0	0	0	0	0	0	0	0	0	0	0	0	0	
785.848317	8	6	3	0	2	7	1	3568	-1352	23	47150	7	4	25	0	0	0	0	0	0	0	0	0	0	0	0	0	0	
786.853433	8	6	3	0	2	7	1	3555	-1347	23	47210	7	4	26	0	0	0	0	0	0	0	0	0	0	0	0	0	0	
787.858567	8	6	3	0	2	7	1	3543	-1350	23	47270	7	4	28	0	0	0	0	0	0	0	0	0	0	0	0	0	0	
788.863683	8	6	3	0	2	7	1	3527	-1348	23	47331	7	4	30	0	0	0	0	0	0	0	0	0	0	0	0	0	0	
789.850083	8	6	3	0	2	7	1	3516	-1351	23	47390	7	4	31	0	0	0	0	0	0	0	0	0	0	0	0	0	0	
790.856633	8	6	3	0	2	7	1	3506	-1348	23	47450	7	4	33	0	0	0	0	0	0	0	0	0	0	0	0	0	0	
791.861767	8	6	3	0	2	7	1	3499	-1349	23	47510	7	4	35	0	0	0	0	0	0	0	0	0	0	0	0	0	0	
792.848167	8	6	3	0	2	7	1	3488	-1351	23	47570	7	4	36	0	0	0	0	0	0	0	0	0	0	0	0	0	0	
793.853283	8	6	3	0	2	7	1	3478	-1349	23	47630	7	4	38	0	0	0	0	0	0	0	0	0	0	0	0	0	0	
794.858400	8	6	3	0	2	7	1	3468	-1349	23	47690	7	4	40	0	0	0	0	0	0	0	0	0	0	0	0	0	0	
795.863517	8	6	3	0	2	7	1	3458	-1350	23	47751	7	4	41	0	0	0	0	0	0	0	0	0	0	0	0	0	0	
796.851367	8	6	3	0	2	7	1	3449	-1349	23	47810	7	4	43	0	0	0	0	0	0	0	0	0	0	0	0	0	0	
797.856483	8	6	3	0	2	7	1	3437	-1350	23	47870	7	4	45	0	0	0	0	0	0	0	0	0	0	0	0	0	0	
798.861600	8	6	3	0	2	7	1	3428	-1348	23	47930	7	4	46	0	0	0	0	0	0	0	0	0	0	0	0	0	0	
799.848000	8	6	3	0	2	7	1	3418	-1350	23	47990	7	4	48	0	0	0	0	0	0	0	0	0	0	0	0	0	0	
800.853117	8	6	3	0	2	7	1	3410	-1349	23	48050	7	4	50	0	0	0	0	0	0	0	0	0	0	0	0	0	0	
801.859683	8	6	3	0	2	7	1	3402	-1352	23	48110	7	4	51	0	0	0	0	0	0	0	0	0	0	0	0	0	0	
802.864800	8	6	3	0	2	7	1	3395	-1348	23	48171	7	4	53	0	0	0	0	0	0	0	0	0	0	0	0	0	0	
803.851200	8	6	3	0	2	7	1	3389	-1348	23	48230	7	4	55	0	0	0	0	0	0	0	0	0	0	0	0	0	0	
804.856317	8	6	3	0	2	7	1	3381	-1349	23	48290	7	4	56	0	0	0	0	0	0	0	0	0	0	0	0	0	0	
805.861433	8	6	3	0	2	7	1	3375	-1348	23	48350	7	4	58	0	0	0	0	0	0	0	0	0	0	0	0	0	0	
806.847833	8	6	3	0	2	7	1	3367	-1350	23	48410	7	4	60	0	0	0	0	0	0	0	0	0	0	0	0	0	0	
807.854400	8	6	3	0	2	7	1	3361	-1348	23	48470	7	4	61	0	0	0	0	0	0	0	0	0	0	0	0	0	0	
808.859517	8	6	3	0	2	7	1	3354	-1350	23	48530	7	4	63	0	0	0	0	0	0	0	0	0	0	0	0	0	0	
809.864633	8	6	3	0	2	7	1	3346	-1350	23	48591	7	4	65	0	0	0	0	0	0	0	0	0	0	0	0	0	0	
810.851033	8	6	3	0	2	7	1	3342	-1350	23	48650	7	4	66	0	0	0	0	0	0	0	0	0	0	0	0	0	0	
811.856167	8	6	3	0	2	7	1	3336	-1350	23	48710	7	4	68	0	0	0	0	0	0	0	0	0	0	0	0	0	0	
812.862717	8	6	3	0	2	7	1	3328	-1348	23	48770	7	4	70	0	0	0	0	0	0	0	0	0	0	0	0	0	0	
813.867833	8	6	3	0	2	7	1	3319	-1351	23	48831	7	4	71	0	0	0	0	0	0	0	0	0	0	0	0	0	0	
814.854233	8	6	3	0	2	7	1	3311	-1350	23	48890	7	4	73	0	0	0	0	0	0	0	0	0	0	0	0	0	0	
815.859367	8	6	3	0	2	7	1	3300	-1352	23	48950	7	4	74	0	0	0	0	0	0	0	0	0	0	0	0	0	0	
816.864483	8	6	3	0	2	7	1	3288	-1351	23	49011	7	4	76	0	0	0	0	0	0	0	0	0	0	0	0	0	0	
817.850883	8	6	3	0	2	7	1	3275	-1349	23	49070	7	4	78	0	0	0	0	0	0	0	0	0	0	0	0	0	0	
818.857433	8	6	3	0	2	7	1	3256	-1350	23	49130	7	4	79	0	0	0	0	0	0	0	0	0	0	0	0	0	0	
819.862567	8	6	3	0	2	7	1	3234	-1350	23	49190	7	4	81	0	0	0	0	0	0	0	0	0	0	0	0	0	0	
820.867683	8	6	3	0	2	7	1	3201	-1346	23	49251	7	4	83	0	0	0	0	0	0	0	0	0	0	0	0	0	0	
821.854083	8	6	3	0	2	7	1	3156	-1350	23	49310	7	4	84	0	0	0	0	0	0	0	0	0	0	0	0	0	0	
822.859200	8	6	3	0	2	7	1	3083	-1347	23	49370	7	4	86	0	0	0	0	0	0	0	0	0	0	0	0	0	0	
823.864317	8	6	3	0	2	7	1	2950	-1349	23	49431	7	4	88	0	0	0	0	0	0	0	0	0	0	0	0	0	0	
824.719683	8	15	3	0	1	31	2	3137	392	23	49482	9	4	89	0	0	0	0	0	0	0	0	0	0	0	0	0	0	
824.739833	8	3	3	0	1	2	2	3252	676	23	49483	9	4	89	0	0	0	0	0	0	0	0	0	0	0	0	0	0	
824.855033	8	3	3	0	1	2	2	3357	674	23	49490	9	4	89	0	0	0	0	0	0	0	0	0	0	0	0	0	0	
825.860167	8	3	3	0	1	2	2	3591	674	23	49550	9	4	89	0	0	0	0	0	0	0	0	0	0	0	0	0	0	
826.866717	8	3	3	0	1	2	2	3688	675	23	49611	9	4	89	0	0	0	0	0	0	0	0	0	0	0	0	0	0	
827.853117	8	3	3	0	1	2	2	3750	675	23	49670	9	4	89	0	0	0	0	0	0	0	0	0	0	0	0	0	0	
828.858233	8	3	3	0	1	2	2	3798	674	23	49730	9	4	89	0	0	0	0	0	0	0	0	0	0	0	0	0	0	
829.863367	8	3	3	0	1	2	2	3833	674	23	49790	9	4	89	0	0	0	0	0	0	0	0	0	0	0	0	0	0	
830.868483	8	3	3	0	1	2	2	3851	674	23	49851	9	4	89	0	0	0	0	0	0	0	0	0	0	0	0	0	0	
831.854883	8	3	3	0	1	2	2	3860	675	23	49910	9	4	89	0	0	0	0	0	0	0	0	0	0	0	0	0	0	
832.861433	8	3	3	0	1	2	2	3867	674	23	49970	9	4	89	0	0	0	0	0	0	0	0	0	0	0	0	0	0	
833.866567	8	3	3	0	1	2	2	3874	674	23	50031	9	4	89	0	0	0	0	0	0	0	0	0	0	0	0	0	0	
834.852967	8	3	3	0	1	2	2	3881	674	23	50090	9	4	89	0	0	0	0	0	0	0	0	0	0	0	0	0	0	
835.858083	8	3	3	0	1	2	2	3887	674	23	50150	9	4	89	0	0	0	0	0	0	0	0	0	0	0	0	0	0	
836.863200	8	3	3	0	1	2	2	3893	675	23	50210	9	4	89	0	0	0	0	0	0	0	0	0	0	0	0	0	0	
837.869767	8	3	3	0	1	2	2	3899	674	23	50271	9	4	89	0	0	0	0	0	0	0	0	0	0	0	0	0	0	
838.856167	8	3	3	0	1	2	2	3905	675	23	50330	9	4	89	0	0	0	0	0	0	0	0	0	0	0	0	0	0	
839.861283	8	3	3	0	1	2	2	3912	674	23	50390	9	4	89	0	0	0	0	0	0	0	0	0	0	0	0	0	0	
840.866400	8	3	3	0	1	2	2	3918	675	23	50451	9	4	89	0	0	0	0	0	0	0	0	0	0	0	0	0	0	
841.852800	8	3	3	0	1	2	2	3924	675	23	50510	9	4	89	0	0	0	0	0	0	0	0	0	0	0	0	0	0	
842.857917	8	3	3	0	1	2	2	3931	676	23	50570	9	4	89	0	0	0	0	0	0	0	0	0	0	0	0	0	0	
843.864483	8	3	3	0	1	2	2	3937	675	23	50630	9	4	89	0	0	0	0	0	0	0	0	0	0	0	0	0	0	
844.869600	8	3	3	0	1	2	2	3943	674	23	50691	9	4	89	0	0	0	0	0	0	0	0	0	0	0	0	0	0	
845.856000	8	3	3	0	1	2	2	3948	674	23	50750	9	4	89	0	0	0	0	0	0	0	0	0	0	0	0	0	0	
846.861117	8	3	3	0	1	2	2	3953	674	23	50810	9	4	89	0	0	0	0	0	0	0	0	0	0	0	0	0	0	
847.866233	8	3	3	0	1	2	2	3958	675	23	50871	9	4	89	0	0	0	0	0	0	0	0	0	0	0	0	0	0	
848.852633	8	3	3	0	1	2	2	3962	674	23	50930	9	4	89	0	0	0	0	0	0	0	0	0	0	0	0	0	0	
849.859200	8	3	3	0	1	2	2	3965	674	23	50990	9	4	89	0	0	0	0	0	0	0	0	0	0	0	0	0	0	
850.864317	8	3	3	0	1	2	2	3968	675	23	51050	9	4	89	0	0	0	0	0	0	0	0	0	0	0	0	0	0	
851.869433	8	3	3	0	1	2	2	3971	674	23	51111	9	4	89	0	0	0	0	0	0	0	0	0	0	0	0	0	0	
852.855833	8	3	3	0	1	2	2	3974	674	23	51170	9	4	89	0	0	0	0	0	0	0	0	0	0	0	0	0	0	
853.860967	8	3	3	0	1	2	2	3977	675	23	51230	9	4	89	0	0	0	0	0	0	0	0	0	0	0	0	0	0	
854.867517	8	3	3	0	1	2	2	3979	675	23	51290	9	4	89	0	0	0	0	0	0	0	0	0	0	0	0	0	0	
855.853917	8	3	3	0	1	2	2	3981	674	23	51350	9	4	89	0	0	0	0	0	0	0	0	0	0	0	0	0	0	
856.859033	8	3	3	0	1	2	2	3984	673	23	51410	9	4	89	0	0	0	0	0	0	0	0	0	0	0	0	0	0	
857.864167	8	3	3	0	1	2	2	3987	674	23	51470	9	4	89	0	0	0	0	0	0	0	0	0	0	0	0	0	0	
858.852000	8	3	3	0	1	2	2	3989	675	23	51530	9	4	89	0	0	0	0	0	0	0	0	0	0	0	0	0	0	
859.858567	8	3	3	0	1	2	2	3992	675	23	51590	9	4	89	0	0	0	0	0	0	0	0	0	0	0	0	0	0	
860.863683	8	3	3	0	1	2	2	3994	675	23	51650	9	4	89	0	0	0	0	0	0	0	0	0	0	0	0	0	0	
861.868800	8	3	3	0	1	2	2	3997	674	23	51711	9	4	89	0	0	0	0	0	0	0	0	0	0	0	0	0	0	
862.855200	8	3	3	0	1	2	2	4000	674	23	51770	9	4	89	0	0	0	0	0	0	0	0	0	0	0	0	0	0	
863.861767	8	3	3	0	1	2	2	4003	674	23	51830	9	4	89	0	0	0	0	0	0	0	0	0	0	0	0	0	0	
864.866883	8	3	3	0	1	2	2	4006	674	23	51890	9	4	89	0	0	0	0	0	0	0	0	0	0	0	0	0	0	
865.853283	8	3	3	0	1	2	2	4010	676	23	51950	9	4	89	0	0	0	0	0	0	0	0	0	0	0	0	0	0	
866.858400	8	3	3	0	1	2	2	4013	675	23	52010	9	4	89	0	0	0	0	0	0	0	0	0	0	0	0	0	0	
867.863517	8	3	3	0	1	2	2	4016	674	23	52070	9	4	89	0	0	0	0	0	0	0	0	0	0	0	0	0	0	
868.868633	8	3	3	0	1	2	2	4019	675	23	52131	9	4	89	0	0	0	0	0	0	0	0	0	0	0	0	0	0	
869.856483	8	3	3	0	1	2	2	4022	674	23	52190	9	4	89	0	0	0	0	0	0	0	0	0	0	0	0	0	0	
870.861600	8	3	3	0	1	2	2	4026	675	23	52250	9	4	89	0	0	0	0	0	0	0	0	0	0	0	0	0	0	
871.866717	8	3	3	0	1	2	2	4029	674	23	52310	9	4	89	0	0	0	0	0	0	0	0	0	0	0	0	0	0	
872.871833	8	3	3	0	1	2	2	4032	675	23	52371	9	4	89	0	0	0	0	0	0	0	0	0	0	0	0	0	0	
873.858233	8	3	3	0	1	2	2	4035	674	23	52430	9	4	89	0	0	0	0	0	0	0	0	0	0	0	0	0	0	
874.863367	8	3	3	0	1	2	2	4039	675	23	52490	9	4	89	0	0	0	0	0	0	0	0	0	0	0	0	0	0	
875.869917	8	3	3	0	1	2	2	4042	674	23	52551	9	4	89	0	0	0	0	0	0	0	0	0	0	0	0	0	0	
876.856317	8	3	3	0	1	2	2	4046	673	23	52610	9	4	89	0	0	0	0	0	0	0	0	0	0	0	0	0	0	
877.861433	8	3	3	0	1	2	2	4049	674	23	52670	9	4	89	0	0	0	0	0	0	0	0	0	0	0	0	0	0	
878.866567	8	3	3	0	1	2	2	4053	675	23	52730	9	4	89	0	0	0	0	0	0	0	0	0	0	0	0	0	0	
879.873117	8	3	3	0	1	2	2	4057	674	23	52791	9	4	89	0	0	0	0	0	0	0	0	0	0	0	0	0	0	
880.859517	8	3	3	0	1	2	2	4061	674	23	52850	9	4	89	0	0	0	0	0	0	0	0	0	0	0	0	0	0	
881.864633	8	3	3	0	1	2	2	4066	674	23	52910	9	4	89	0	0	0	0	0	0	0	0	0	0	0	0	0	0	
882.869767	8	3	3	0	1	2	2	4070	675	23	52971	9	4	89	0	0	0	0	0	0	0	0	0	0	0	0	0	0	
883.856167	8	3	3	0	1	2	2	4074	674	23	53030	9	4	89	0	0	0	0	0	0	0	0	0	0	0	0	0	0	
884.861283	8	3	3	0	1	2	2	4078	674	23	53090	9	4	89	0	0	0	0	0	0	0	0	0	0	0	0	0	0	
885.867833	8	3	3	0	1	2	2	4083	675	23	53150	9	4	89	0	0	0	0	0	0	0	0	0	0	0	0	0	0	
886.872967	8	3	3	0	1	2	2	4088	673	23	53211	9	4	89	0	0	0	0	0	0	0	0	0	0	0	0	0	0	
887.859367	8	3	3	0	1	2	2	4093	673	23	53270	9	4	89	0	0	0	0	0	0	0	0	0	0	0	0	0	0	
888.864483	8	3	3	0	1	2	2	4098	675	23	53330	9	4	89	0	0	0	0	0	0	0	0	0	0	0	0	0	0	
889.869600	8	3	3	0	1	2	2	4102	675	23	53391	9	4	89	0	0	0	0	0	0	0	0	0	0	0	0	0	0	
890.856000	8	3	3	0	1	2	2	4107	676	23	53450	9	4	89	0	0	0	0	0	0	0	0	0	0	0	0	0	0	
891.862567	8	3	3	0	1	2	2	4112	673	23	53510	9	4	89	0	0	0	0	0	0	0	0	0	0	0	0	0	0	
892.867683	8	3	3	0	1	2	2	4117	676	23	53570	9	4	89	0	0	0	0	0	0	0	0	0	0	0	0	0	0	
893.872800	8	3	3	0	1	2	2	4120	666	23	53631	9	4	89	0	0	0	0	0	0	0	0	0	0	0	0	0	0	
894.859200	8	3	3	0	1	2	2	4125	664	23	53690	9	4	89	0	0	0	0	0	0	0	0	0	0	0	0	0	0	
895.864317	8	3	3	0	1	2	2	4130	663	23	53750	9	4	89	0	0	0	0	0	0	0	0	0	0	0	0	0	0	
896.870883	8	3	3	0	1	2	2	4135	661	23	53810	9	4	89	0	0	0	0	0	0	0	0	0	0	0	0	0	0	
897.857283	8	3	3	0	1	2	2	4140	661	23	53870	9	4	89	0	0	0	0	0	0	0	0	0	0	0	0	0	0	
898.862400	8	3	3	0	1	2	2	4145	662	23	53930	9	4	89	0	0	0	0	0	0	0	0	0	0	0	0	0	0	
899.867517	8	3	3	0	1	2	2	4151	660	23	53990	9	4	89	0	0	0	0	0	0	0	0	0	0	0	0	0	0	
900.872633	8	3	3	0	1	2	2	4157	660	23	54051	9	4	89	0	0	0	0	0	0	0	0	0	0	0	0	0	0	
901.859033	8	3	3	0	1	2	2	4161	658	23	54110	9	4	89	0	0	0	0	0	0	0	0	0	0	0	0	0	0	
902.865600	8	3	3	0	1	2	2	4167	657	23	54170	9	4	89	0	0	0	0	0	0	0	0	0	0	0	0	0	0	
903.870717	8	3	3	0	1	2	2	4174	659	23	54230	9	4	89	0	0	0	0	0	0	0	0	0	0	0	0	0	0	
904.857117	8	3	3	0	1	2	2	4179	657	23	54290	9	4	89	0	0	0	0	0	0	0	0	0	0	0	0	0	0	
905.862233	8	3	3	0	1	2	2	4185	657	23	54350	9	4	89	0	0	0	0	0	0	0	0	0	0	0	0	0	0	
906.867367	8	3	3	0	1	2	2	4191	656	23	54410	9	4	89	0	0	0	0	0	0	0	0	0	0	0	0	0	0	
907.873917	8	3	3	0	1	2	2	4197	653	23	54471	9	4	89	0	0	0	0	0	0	0	0	0	0	0	0	0	0	
908.860317	8	3	3	0	1	2	2	4199	635	23	54530	9	4	89	0	0	0	0	0	0	0	0	0	0	0	0	0	0	
909.865433	8	3	3	0	1	2	2	4199	612	23	54590	9	4	89	0	0	0	0	0	0	0	0	0	0	0	0	0	0	
910.870567	8	3	3	0	1	2	2	4199	592	23	54650	9	4	89	0	0	0	0	0	0	0	0	0	0	0	0	0	0	
911.856967	8	3	3	0	1	2	2	4199	572	23	54710	9	4	89	0	0	0	0	0	0	0	0	0	0	0	0	0	0	
912.863517	8	3	3	0	1	2	2	4198	553	23	54770	9	4	89	0	0	0	0	0	0	0	0	0	0	0	0	0	0	
913.868633	8	3	3	0	1	2	2	4198	533	23	54830	9	4	89	0	0	0	0	0	0	0	0	0	0	0	0	0	0	
914.873767	8	3	3	0	1	2	2	4198	514	23	54891	9	4	89	0	0	0	0	0	0	0	0	0	0	0	0	0	0	
915.860167	8	3	3	0	1	2	2	4199	496	23	54950	9	4	89	0	0	0	0	0	0	0	0	0	0	0	0	0	0	
916.865283	8	3	3	0	1	2	2	4199	479	23	55010	9	4	89	0	0	0	0	0	0	0	0	0	0	0	0	0	0	
917.871833	8	3	3	0	1	2	2	4199	461	23	55070	9	4	89	0	0	0	0	0	0	0	0	0	0	0	0	0	0	
918.858233	8	3	3	0	1	2	2	4199	445	23	55130	9	4	89	0	0	0	0	0	0	0	0	0	0	0	0	0	0	
919.863367	8	3	3	0	1	2	2	4199	429	23	55190	9	4	89	0	0	0	0	0	0	0	0	0	0	0	0	0	0	
920.868483	8	3	3	0	1	2	2	4199	414	23	55250	9	4	89	0	0	0	0	0	0	0	0	0	0	0	0	0	0	
921.873600	8	3	3	0	1	2	2	4199	400	23	55311	9	4	89	0	0	0	0	0	0	0	0	0	0	0	0	0	0	
922.860000	8	3	3	0	1	2	2	4198	386	23	55370	9	4	89	0	0	0	0	0	0	0	0	0	0	0	0	0	0	
923.866567	8	3	3	0	1	2	2	4199	371	23	55430	9	4	89	0	0	0	0	0	0	0	0	0	0	0	0	0	0	
924.871683	8	3	3	0	1	2	2	4198	358	23	55490	9	4	89	0	0	0	0	0	0	0	0	0	0	0	0	0	0	
925.858083	8	3	3	0	1	2	2	4199	345	23	55550	9	4	89	0	0	0	0	0	0	0	0	0	0	0	0	0	0	
926.863200	8	3	3	0	1	2	2	4199	333	23	55610	9	4	89	0	0	0	0	0	0	0	0	0	0	0	0	0	0	
927.868317	8	3	3	0	1	2	2	4198	322	23	55670	9	4	89	0	0	0	0	0	0	0	0	0	0	0	0	0	0	
928.874883	8	3	3	0	1	2	2	4199	311	23	55731	9	4	89	0	0	0	0	0	0	0	0	0	0	0	0	0	0	
929.861283	8	3	3	0	1	2	2	4199	300	23	55790	9	4	89	0	0	0	0	0	0	0	0	0	0	0	0	0	0	
930.866400	8	3	3	0	1	2	2	4198	289	23	55850	9	4	89	0	0	0	0	0	0	0	0	0	0	0	0	0	0	
931.871517	8	3	3	0	1	2	2	4199	279	23	55910	9	4	89	0	0	0	0	0	0	0	0	0	0	0	0	0	0	
932.857917	8	3	3	0	1	2	2	4199	269	23	55970	9	4	89	0	0	0	0	0	0	0	0	0	0	0	0	0	0	
933.864483	8	3	3	0	1	2	2	4199	260	23	56030	9	4	89	0	0	0	0	0	0	0	0	0	0	0	0	0	0	
934.869600	8	3	3	0	1	2	2	4199	252	23	56090	9	4	89	0	0	0	0	0	0	0	0	0	0	0	0	0	0	
935.874717	8	3	3	0	1	2	2	4199	242	23	56151	9	4	89	0	0	0	0	0	0	0	0	0	0	0	0	0	0	
936.861117	8	3	3	0	1	2	2	4198	235	23	56210	9	4	89	0	0	0	0	0	0	0	0	0	0	0	0	0	0	
937.866233	8	3	3	0	1	2	2	4198	227	23	56270	9	4	89	0	0	0	0	0	0	0	0	0	0	0	0	0	0	
938.872800	8	3	3	0	1	2	2	4199	218	23	56330	9	4	89	0	0	0	0	0	0	0	0	0	0	0	0	0	0	
939.859200	8	3	3	0	1	2	2	4198	211	23	56390	9	4	89	0	0	0	0	0	0	0	0	0	0	0	0	0	0	
940.864317	8	3	3	0	1	2	2	4199	204	23	56450	9	4	89	0	0	0	0	0	0	0	0	0	0	0	0	0	0	
941.869433	8	3	3	0	1	2	2	4199	197	23	56510	9	4	89	0	0	0	0	0	0	0	0	0	0	0	0	0	0	
942.874567	8	3	3	0	1	2	2	4198	189	23	56571	9	4	89	0	0	0	0	0	0	0	0	0	0	0	0	0	0	
943.860967	8	3	3	0	1	2	2	4199	183	23	56630	9	4	89	0	0	0	0	0	0	0	0	0	0	0	0	0	0	
944.867517	8	3	3	0	1	2	2	4199	177	23	56690	9	4	89	0	0	0	0	0	0	0	0	0	0	0	0	0	0	
945.872633	8	3	3	0	1	2	2	4198	171	23	56750	9	4	89	0	0	0	0	0	0	0	0	0	0	0	0	0	0	
946.877767	8	3	3	0	1	2	2	4199	165	23	56811	9	4	89	0	0	0	0	0	0	0	0	0	0	0	0	0	0	
947.864167	8	3	3	0	1	2	2	4199	160	23	56870	9	4	89	0	0	0	0	0	0	0	0	0	0	0	0	0	0	
948.873600	8	3	3	0	1	2	2	4198	153	23	56930	9	4	89	0	0	0	0	0	0	0	0	0	0	0	0	0	0	
949.860000	8	3	3	0	1	2	2	4198	148	23	56990	9	4	89	0	0	0	0	0	0	0	0	0	0	0	0	0	0	
950.865117	8	3	3	0	1	2	2	4198	143	23	57050	9	4	89	0	0	0	0	0	0	0	0	0	0	0	0	0	0	
951.870233	8	3	3	0	1	2	2	4199	138	23	57110	9	4	89	0	0	0	0	0	0	0	0	0	0	0	0	0	0	
952.875367	8	3	3	0	1	2	2	4198	134	23	57171	9	4	89	0	0	0	0	0	0	0	0	0	0	0	0	0	0	
953.863200	8	3	3	0	1	2	2	4199	129	23	57230	9	4	89	0	0	0	0	0	0	0	0	0	0	0	0	0	0	
954.868317	8	3	3	0	1	2	2	4198	124	23	57290	9	4	89	0	0	0	0	0	0	0	0	0	0	0	0	0	0	
955.873433	8	3	3	0	1	2	2	4199	121	23	57350	9	4	89	0	0	0	0	0	0	0	0	0	0	0	0	0	0	
956.859833	8	3	3	0	1	2	2	4198	117	23	57410	9	4	89	0	0	0	0	0	0	0	0	0	0	0	0	0	0	
957.864967	8	3	3	0	1	2	2	4199	113	23	57470	9	4	89	0	0	0	0	0	0	0	0	0	0	0	0	0	0	
958.871517	8	3	3	0	1	2	2	4198	109	23	57530	9	4	89	0	0	0	0	0	0	0	0	0	0	0	0	0	0	
959.876633	8	3	3	0	1	2	2	4199	105	23	57591	9	4	89	0	0	0	0	0	0	0	0	0	0	0	0	0	0	
960.863033	8	3	3	0	1	2	2	4199	101	23	57650	9	4	89	0	0	0	0	0	0	0	0	0	0	0	0	0	0	
961.868167	8	3	3	0	1	2	2	4198	99	23	57710	9	4	89	0	0	0	0	0	0	0	0	0	0	0	0	0	0	
962.873283	8	3	3	0	1	2	2	4198	95	23	57770	9	4	89	0	0	0	0	0	0	0	0	0	0	0	0	0	0	
963.879833	8	3	3	0	1	2	2	4198	91	23	57831	9	4	89	0	0	0	0	0	0	0	0	0	0	0	0	0	0	
964.866233	8	3	3	0	1	2	2	4198	90	23	57890	9	4	89	0	0	0	0	0	0	0	0	0	0	0	0	0	0	
965.871367	8	3	3	0	1	2	2	4198	86	23	57950	9	4	89	0	0	0	0	0	0	0	0	0	0	0	0	0	0	
966.876483	8	3	3	0	1	2	2	4198	84	23	58011	9	4	89	0	0	0	0	0	0	0	0	0	0	0	0	0	0	
967.862883	8	3	3	0	1	2	2	4198	80	23	58070	9	4	89	0	0	0	0	0	0	0	0	0	0	0	0	0	0	
968.869433	8	3	3	0	1	2	2	4198	78	23	58130	9	4	89	0	0	0	0	0	0	0	0	0	0	0	0	0	0	
969.874567	8	3	3	0	1	2	2	4198	75	23	58190	9	4	89	0	0	0	0	0	0	0	0	0	0	0	0	0	0	
970.879683	8	3	3	0	1	2	2	4199	73	23	58251	9	4	89	0	0	0	0	0	0	0	0	0	0	0	0	0	0	
971.866083	8	3	3	0	1	2	2	4199	71	23	58310	9	4	89	0	0	0	0	0	0	0	0	0	0	0	0	0	0	
972.871200	8	3	3	0	1	2	2	4199	69	23	58370	9	4	89	0	0	0	0	0	0	0	0	0	0	0	0	0	0	
973.444317	8	6	3	0	2	7	1	3866	-1350	23	58405	9	5	0	0	0	0	0	0	0	0	0	0	0	0	0	0	0	
973.879200	8	6	3	0	2	7	1	3826	-1351	23	58431	9	5	0	0	0	0	0	0	0	0	0	0	0	0	0	0	0	
974.865600	8	6	3	0	2	7	1	3786	-1347	23	58490	9	5	2	0	0	0	0	0	0	0	0	0	0	0	0	0	0	
975.870717	8	6	3	0	2	7	1	3761	-1350	23	58550	9	5	4	0	0	0	0	0	0	0	0	0	0	0	0	0	0	
976.875833	8	6	3	0	2	7	1	3742	-1349	23	58610	9	5	5	0	0	0	0	0	0	0	0	0	0	0	0	0	0	
977.862233	8	6	3	0	2	7	1	3723	-1349	23	58670	9	5	7	0	0	0	0	0	0	0	0	0	0	0	0	0	0	
978.868800	8	6	3	0	2	7	1	3704	-1350	23	58730	9	5	8	0	0	0	0	0	0	0	0	0	0	0	0	0	0	
979.873917	8	6	3	0	2	7	1	3687	-1350	23	58790	9	5	10	0	0	0	0	0	0	0	0	0	0	0	0	0	0	
980.879033	8	6	3	0	2	7	1	3673	-1350	23	58851	9	5	12	0	0	0	0	0	0	0	0	0	0	0	0	0	0	
981.865433	8	6	3	0	2	7	1	3662	-1350	23	58910	9	5	13	0	0	0	0	0	0	0	0	0	0	0	0	0	0	
982.870567	8	6	3	0	2	7	1	3646	-1349	23	58970	9	5	15	0	0	0	0	0	0	0	0	0	0	0	0	0	0	
983.877117	8	6	3	0	2	7	1	3628	-1351	23	59030	9	5	17	0	0	0	0	0	0	0	0	0	0	0	0	0	0	
984.863517	8	6	3	0	2	7	1	3616	-1348	23	59090	9	5	18	0	0	0	0	0	0	0	0	0	0	0	0	0	0	
985.868633	8	6	3	0	2	7	1	3600	-1350	23	59150	9	5	20	0	0	0	0	0	0	0	0	0	0	0	0	0	0	
986.873767	8	6	3	0	2	7	1	3587	-1351	23	59210	9	5	22	0	0	0	0	0	0	0	0	0	0	0	0	0	0	
987.878883	8	6	3	0	2	7	1	3574	-1348	23	59271	9	5	23	0	0	0	0	0	0	0	0	0	0	0	0	0	0	
988.865283	8	6	3	0	2	7	1	3564	-1352	23	59330	9	5	25	0	0	0	0	0	0	0	0	0	0	0	0	0	0	
989.871833	8	6	3	0	2	7	1	3552	-1350	23	59390	9	5	27	0	0	0	0	0	0	0	0	0	0	0	0	0	0	
990.876967	8	6	3	0	2	7	1	3542	-1352	23	59450	9	5	28	0	0	0	0	0	0	0	0	0	0	0	0	0	0	
991.863367	8	6	3	0	2	7	1	3529	-1352	23	59510	9	5	30	0	0	0	0	0	0	0	0	0	0	0	0	0	0	
992.868483	8	6	3	0	2	7	1	3519	-1349	23	59570	9	5	32	0	0	0	0	0	0	0	0	0	0	0	0	0	0	
993.873600	8	6	3	0	2	7	1	3506	-1350	23	59630	9	5	33	0	0	0	0	0	0	0	0	0	0	0	0	0	0	
994.878717	8	6	3	0	2	7	1	3494	-1350	23	59691	9	5	35	0	0	0	0	0	0	0	0	0	0	0	0	0	0	
995.866567	8	6	3	0	2	7	1	3485	-1350	23	59750	9	5	37	0	0	0	0	0	0	0	0	0	0	0	0	0	0	
996.871683	8	6	3	0	2	7	1	3472	-1350	23	59810	9	5	38	0	0	0	0	0	0	0	0	0	0	0	0	0	0	
997.876800	8	6	3	0	2	7	1	3460	-1350	23	59870	9	5	40	0	0	0	0	0	0	0	0	0	0	0	0	0	0	
998.863200	8	6	3	0	2	7	1	3453	-1348	23	59930	9	5	42	0	0	0	0	0	0	0	0	0	0	0	0	0	0	
999.868317	8	6	3	0	2	7	1	3446	-1351	23	59990	9	5	43	0	0	0	0	0	0	0	0	0	0	0	0	0	0	
1000.873433	8	6	3	0	2	7	1	3437	-1348	23	60050	9	5	45	0	0	0	0	0	0	0	0	0	0	0	0	0	0	
1001.880000	8	6	3	0	2	7	1	3429	-1348	23	60111	9	5	47	0	0	0	0	0	0	0	0	0	0	0	0	0	0	
1002.866400	8	6	3	0	2	7	1	3419	-1351	23	60170	9	5	48	0	0	0	0	0	0	0	0	0	0	0	0	0	0	
1003.871517	8	6	3	0	2	7	1	3411	-1351	23	60230	9	5	50	0	0	0	0	0	0	0	0	0	0	0	0	0	0	
1004.876633	8	6	3	0	2	7	1	3402	-1349	23	60290	9	5	52	0	0	0	0	0	0	0	0	0	0	0	0	0	0	
1005.881767	8	6	3	0	2	7	1	3397	-1350	23	60351	9	5	53	0	0	0	0	0	0	0	0	0	0	0	0	0	0	
1006.869600	8	6	3	0	2	7	1	3391	-1349	23	60410	9	5	55	0	0	0	0	0	0	0	0	0	0	0	0	0	0	
1007.874717	8	6	3	0	2	7	1	3384	-1352	23	60470	9	5	56	0	0	0	0	0	0	0	0	0	0	0	0	0	0	
1008.879833	8	6	3	0	2	7	1	3378	-1349	23	60531	9	5	58	0	0	0	0	0	0	0	0	0	0	0	0	0	0	
1009.866233	8	6	3	0	2	7	1	3373	-1351	23	60590	9	5	60	0	0	0	0	0	0	0	0	0	0	0	0	0	0	
1010.872800	8	6	3	0	2	7	1	3367	-1352	23	60650	9	5	61	0	0	0	0	0	0	0	0	0	0	0	0	0	0	
1011.877917	8	6	3	0	2	7	1	3359	-1351	23	60710	9	5	63	0	0	0	0	0	0	0	0	0	0	0	0	0	0	
1012.883033	8	6	3	0	2	7	1	3352	-1351	23	60771	9	5	65	0	0	0	0	0	0	0	0	0	0	0	0	0	0	
1013.869433	8	6	3	0	2	7	1	3345	-1351	23	60830	9	5	66	0	0	0	0	0	0	0	0	0	0	0	0	0	0	
1014.874567	8	6	3	0	2	7	1	3338	-1349	23	60890	9	5	68	0	0	0	0	0	0	0	0	0	0	0	0	0	0	
1015.879683	8	6	3	0	2	7	1	3330	-1349	23	60951	9	5	70	0	0	0	0	0	0	0	0	0	0	0	0	0	0	
1016.867517	8	6	3	0	2	7	1	3321	-1350	23	61010	9	5	71	0	0	0	0	0	0	0	0	0	0	0	0	0	0	
1017.872633	8	6	3	0	2	7	1	3311	-1351	23	61070	9	5	73	0	0	0	0	0	0	0	0	0	0	0	0	0	0	
1018.877767	8	6	3	0	2	7	1	3299	-1350	23	61130	9	5	75	0	0	0	0	0	0	0	0	0	0	0	0	0	0	
1019.882883	8	6	3	0	2	7	1	3285	-1349	23	61191	9	5	76	0	0	0	0	0	0	0	0	0	0	0	0	0	0	
1020.869283	8	6	3	0	2	7	1	3269	-1348	23	61250	9	5	78	0	0	0	0	0	0	0	0	0	0	0	0	0	0	
1021.874400	8	6	3	0	2	7	1	3249	-1349	23	61310	9	5	80	0	0	0	0	0	0	0	0	0	0	0	0	0	0	
1022.880967	8	6	3	0	2	7	1	3224	-1351	23	61371	9	5	81	0	0	0	0	0	0	0	0	0	0	0	0	0	0	
1023.867367	8	6	3	0	2	7	1	3189	-1350	23	61430	9	5	83	0	0	0	0	0	0	0	0	0	0	0	0	0	0	
1024.872483	8	6	3	0	2	7	1	3136	-1350	23	61490	9	5	85	0	0	0	0	0	0	0	0	0	0	0	0	0	0	
1025.877600	8	6	3	0	2	7	1	3050	-1349	23	61550	9	5	86	0	0	0	0	0	0	0	0	0	0	0	0	0	0	
1026.884167	8	6	3	0	2	7	1	2881	-1350	23	61611	9	5	88	0	0	0	0	0	0	0	0	0	0	0	0	0	0	
1027.418400	8	15	3	0	1	31	2	3114	307	23	61643	11	5	89	0	0	0	0	0	0	0	0	0	0	0	0	0	0	
1027.438567	8	3	3	0	1	2	2	3248	676	23	61644	11	5	89	0	0	0	0	0	0	0	0	0	0	0	0	0	0	
1027.873433	8	3	3	0	1	2	2	3472	675	23	61670	11	5	89	0	0	0	0	0	0	0	0	0	0	0	0	0	0	
1028.878567	8	3	3	0	1	2	2	3627	672	23	61730	11	5	89	0	0	0	0	0	0	0	0	0	0	0	0	0	0	
1029.883683	8	3	3	0	1	2	2	3710	674	23	61791	11	5	89	0	0	0	0	0	0	0	0	0	0	0	0	0	0	
1030.871517	8	3	3	0	1	2	2	3767	674	23	61850	11	5	89	0	0	0	0	0	0	0	0	0	0	0	0	0	0	
1031.876633	8	3	3	0	1	2	2	3811	674	23	61910	11	5	89	0	0	0	0	0	0	0	0	0	0	0	0	0	0	
1032.881767	8	3	3	0	1	2	2	3840	675	23	61971	11	5	89	0	0	0	0	0	0	0	0	0	0	0	0	0	0	
1033.868167	8	3	3	0	1	2	2	3853	674	23	62030	11	5	89	0	0	0	0	0	0	0	0	0	0	0	0	0	0	
1034.873283	8	3	3	0	1	2	2	3861	674	23	62090	11	5	89	0	0	0	0	0	0	0	0	0	0	0	0	0	0	
1035.878400	8	3	3	0	1	2	2	3868	674	23	62150	11	5	89	0	0	0	0	0	0	0	0	0	0	0	0	0	0	
1036.884967	8	3	3	0	1	2	2	3875	675	23	62211	11	5	89	0	0	0	0	0	0	0	0	0	0	0	0	0	0	
1037.871367	8	3	3	0	1	2	2	3882	675	23	62270	11	5	89	0	0	0	0	0	0	0	0	0	0	0	0	0	0	
1038.876483	8	3	3	0	1	2	2	3889	674	23	62330	11	5	89	0	0	0	0	0	0	0	0	0	0	0	0	0	0	
1039.881600	8	3	3	0	1	2	2	3895	675	23	62391	11	5	89	0	0	0	0	0	0	0	0	0	0	0	0	0	0	
1040.868000	8	3	3	0	1	2	2	3902	674	23	62450	11	5	89	0	0	0	0	0	0	0	0	0	0	0	0	0	0	
1041.873117	8	3	3	0	1	2	2	3907	674	23	62510	11	5	89	0	0	0	0	0	0	0	0	0	0	0	0	0	0	
1042.879683	8	3	3	0	1	2	2	3914	674	23	62570	11	5	89	0	0	0	0	0	0	0	0	0	0	0	0	0	0	
1043.884800	8	3	3	0	1	2	2	3920	675	23	62631	11	5	89	0	0	0	0	0	0	0	0	0	0	0	0	0	0	
1044.871200	8	3	3	0	1	2	2	3926	674	23	62690	11	5	89	0	0	0	0	0	0	0	0	0	0	0	0	0	0	
1045.876317	8	3	3	0	1	2	2	3933	674	23	62750	11	5	89	0	0	0	0	0	0	0	0	0	0	0	0	0	0	
1046.881433	8	3	3	0	1	2	2	3939	674	23	62811	11	5	89	0	0	0	0	0	0	0	0	0	0	0	0	0	0	
1047.869283	8	3	3	0	1	2	2	3944	675	23	62870	11	5	89	0	0	0	0	0	0	0	0	0	0	0	0	0	0	
1048.874400	8	3	3	0	1	2	2	3950	674	23	62930	11	5	89	0	0	0	0	0	0	0	0	0	0	0	0	0	0	
1049.879517	8	3	3	0	1	2	2	3955	675	23	62990	11	5	89	0	0	0	0	0	0	0	0	0	0	0	0	0	0	
1050.884633	8	3	3	0	1	2	2	3960	674	23	63051	11	5	89	0	0	0	0	0	0	0	0	0	0	0	0	0	0	
1051.871033	8	3	3	0	1	2	2	3963	675	23	63110	11	5	89	0	0	0	0	0	0	0	0	0	0	0	0	0	0	
1052.877600	8	3	3	0	1	2	2	3967	675	23	63170	11	5	89	0	0	0	0	0	0	0	0	0	0	0	0	0	0	
1053.882717	8	3	3	0	1	2	2	3970	675	23	63230	11	5	89	0	0	0	0	0	0	0	0	0	0	0	0	0	0	
1054.869117	8	3	3	0	1	2	2	3973	675	23	63290	11	5	89	0	0	0	0	0	0	0	0	0	0	0	0	0	0	
1055.874233	8	3	3	0	1	2	2	3975	675	23	63350	11	5	89	0	0	0	0	0	0	0	0	0	0	0	0	0	0	
1056.879367	8	3	3	0	1	2	2	3978	675	23	63410	11	5	89	0	0	0	0	0	0	0	0	0	0	0	0	0	0	
1057.885917	8	3	3	0	1	2	2	3981	674	23	63471	11	5	89	0	0	0	0	0	0	0	0	0	0	0	0	0	0	
1058.872317	8	3	3	0	1	2	2	3984	675	23	63530	11	5	89	0	0	0	0	0	0	0	0	0	0	0	0	0	0	
1059.877433	8	3	3	0	1	2	2	3987	675	23	63590	11	5	89	0	0	0	0	0	0	0	0	0	0	0	0	0	0	
1060.882567	8	3	3	0	1	2	2	3990	675	23	63650	11	5	89	0	0	0	0	0	0	0	0	0	0	0	0	0	0	
1061.868967	8	3	3	0	1	2	2	3992	675	23	63710	11	5	89	0	0	0	0	0	0	0	0	0	0	0	0	0	0	
1062.874083	8	3	3	0	1	2	2	3995	674	23	63770	11	5	89	0	0	0	0	0	0	0	0	0	0	0	0	0	0	
1063.880633	8	3	3	0	1	2	2	3998	674	23	63830	11	5	89	0	0	0	0	0	0	0	0	0	0	0	0	0	0	
1064.885767	8	3	3	0	1	2	2	4001	674	23	63891	11	5	89	0	0	0	0	0	0	0	0	0	0	0	0	0	0	
1065.872167	8	3	3	0	1	2	2	4003	675	23	63950	11	5	89	0	0	0	0	0	0	0	0	0	0	0	0	0	0	
1066.877283	8	3	3	0	1	2	2	4006	674	23	64010	11	5	89	0	0	0	0	0	0	0	0	0	0	0	0	0	0	
1067.882400	8	3	3	0	1	2	2	4010	675	23	64070	11	5	89	0	0	0	0	0	0	0	0	0	0	0	0	0	0	
1068.868800	8	3	3	0	1	2	2	4013	674	23	64130	11	5	89	0	0	0	0	0	0	0	0	0	0	0	0	0	0	
1069.875367	8	3	3	0	1	2	2	4016	675	23	64190	11	5	89	0	0	0	0	0	0	0	0	0	0	0	0	0	0	
1070.880483	8	3	3	0	1	2	2	4019	675	23	64250	11	5	89	0	0	0	0	0	0	0	0	0	0	0	0	0	0	
1071.885600	8	3	3	0	1	2	2	4023	675	23	64311	11	5	89	0	0	0	0	0	0	0	0	0	0	0	0	0	0	
1072.872000	8	3	3	0	1	2	2	4026	675	23	64370	11	5	89	0	0	0	0	0	0	0	0	0	0	0	0	0	0	
1073.877117	8	3	3	0	1	2	2	4029	674	23	64430	11	5	89	0	0	0	0	0	0	0	0	0	0	0	0	0	0	
1074.883683	8	3	3	0	1	2	2	4032	674	23	64490	11	5	89	0	0	0	0	0	0	0	0	0	0	0	0	0	0	
1075.870083	8	3	3	0	1	2	2	4036	674	23	64550	11	5	89	0	0	0	0	0	0	0	0	0	0	0	0	0	0	
1076.875200	8	3	3	0	1	2	2	4039	674	23	64610	11	5	89	0	0	0	0	0	0	0	0	0	0	0	0	0	0	
1077.880317	8	3	3	0	1	2	2	4042	674	23	64670	11	5	89	0	0	0	0	0	0	0	0	0	0	0	0	0	0	
1078.885433	8	3	3	0	1	2	2	4046	675	23	64731	11	5	89	0	0	0	0	0	0	0	0	0	0	0	0	0	0	
1079.871833	8	3	3	0	1	2	2	4049	675	23	64790	11	5	89	0	0	0	0	0	0	0	0	0	0	0	0	0	0	
1080.878400	8	3	3	0	1	2	2	4053	675	23	64850	11	5	89	0	0	0	0	0	0	0	0	0	0	0	0	0	0	
1081.883517	8	3	3	0	1	2	2	4057	675	23	64910	11	5	89	0	0	0	0	0	0	0	0	0	0	0	0	0	0	
1082.869917	8	3	3	0	1	2	2	4060	674	23	64970	11	5	89	0	0	0	0	0	0	0	0	0	0	0	0	0	0	
1083.875033	8	3	3	0	1	2	2	4065	675	23	65030	11	5	89	0	0	0	0	0	0	0	0	0	0	0	0	0	0	
1084.880167	8	3	3	0	1	2	2	4069	674	23	65090	11	5	89	0	0	0	0	0	0	0	0	0	0	0	0	0	0	
1085.886717	8	3	3	0	1	2	2	4073	675	23	65151	11	5	89	0	0	0	0	0	0	0	0	0	0	0	0	0	0	
1086.873117	8	3	3	0	1	2	2	4078	675	23	65210	11	5	89	0	0	0	0	0	0	0	0	0	0	0	0	0	0	
1087.878233	8	3	3	0	1	2	2	4082	675	23	65270	11	5	89	0	0	0	0	0	0	0	0	0	0	0	0	0	0	
1088.883367	8	3	3	0	1	2	2	4087	675	23	65330	11	5	89	0	0	0	0	0	0	0	0	0	0	0	0	0	0	
1089.888483	8	3	3	0	1	2	2	4091	674	23	65391	11	5	89	0	0	0	0	0	0	0	0	0	0	0	0	0	0	
1090.876317	8	3	3	0	1	2	2	4096	675	23	65450	11	5	89	0	0	0	0	0	0	0	0	0	0	0	0	0	0	
1091.881433	8	3	3	0	1	2	2	4101	675	23	65510	11	5	89	0	0	0	0	0	0	0	0	0	0	0	0	0	0	
1092.886567	8	3	3	0	1	2	2	4106	675	23	65571	11	5	89	0	0	0	0	0	0	0	0	0	0	0	0	0	0	
1093.872967	8	3	3	0	1	2	2	4110	675	23	65630	11	5	89	0	0	0	0	0	0	0	0	0	0	0	0	0	0	
1094.878083	8	3	3	0	1	2	2	4116	675	23	65690	11	5	89	0	0	0	0	0	0	0	0	0	0	0	0	0	0	
1095.884633	8	3	3	0	1	2	2	4118	666	23	65750	11	5	89	0	0	0	0	0	0	0	0	0	0	0	0	0	0	
1096.889767	8	3	3	0	1	2	2	4124	665	23	65811	11	5	89	0	0	0	0	0	0	0	0	0	0	0	0	0	0	
1097.876167	8	3	3	0	1	2	2	4129	665	23	65870	11	5	89	0	0	0	0	0	0	0	0	0	0	0	0	0	0	
1098.881283	8	3	3	0	1	2	2	4134	664	23	65930	11	5	89	0	0	0	0	0	0	0	0	0	0	0	0	0	0	
1099.889283	8	3	3	0	1	2	2	4139	664	23	65991	11	5	89	0	0	0	0	0	0	0	0	0	0	0	0	0	0	
1100.875683	8	3	3	0	1	2	2	4145	664	23	66050	11	5	89	0	0	0	0	0	0	0	0	0	0	0	0	0	0	
1101.880800	8	3	3	0	1	2	2	4150	660	23	66110	11	5	89	0	0	0	0	0	0	0	0	0	0	0	0	0	0	
1102.885917	8	3	3	0	1	2	2	4155	659	23	66170	11	5	89	0	0	0	0	0	0	0	0	0	0	0	0	0	0	
1103.872317	8	3	3	0	1	2	2	4161	660	23	66230	11	5	89	0	0	0	0	0	0	0	0	0	0	0	0	0	0	
1104.877433	8	3	3	0	1	2	2	4166	659	23	66290	11	5	89	0	0	0	0	0	0	0	0	0	0	0	0	0	0	
1105.884000	8	3	3	0	1	2	2	4172	657	23	66350	11	5	89	0	0	0	0	0	0	0	0	0	0	0	0	0	0	
1106.889117	8	3	3	0	1	2	2	4178	657	23	66411	11	5	89	0	0	0	0	0	0	0	0	0	0	0	0	0	0	
1107.875517	8	3	3	0	1	2	2	4184	654	23	66470	11	5	89	0	0	0	0	0	0	0	0	0	0	0	0	0	0	
1108.880633	8	3	3	0	1	2	2	4190	654	23	66530	11	5	89	0	0	0	0	0	0	0	0	0	0	0	0	0	0	
1109.885767	8	3	3	0	1	2	2	4196	653	23	66590	11	5	89	0	0	0	0	0	0	0	0	0	0	0	0	0	0	
1110.872167	8	3	3	0	1	2	2	4198	637	23	66650	11	5	89	0	0	0	0	0	0	0	0	0	0	0	0	0	0	
1111.878717	8	3	3	0	1	2	2	4198	614	23	66710	11	5	89	0	0	0	0	0	0	0	0	0	0	0	0	0	0	
1112.883833	8	3	3	0	1	2	2	4198	593	23	66770	11	5	89	0	0	0	0	0	0	0	0	0	0	0	0	0	0	
1113.888967	8	3	3	0	1	2	2	4198	573	23	66831	11	5	89	0	0	0	0	0	0	0	0	0	0	0	0	0	0	
1114.875367	8	3	3	0	1	2	2	4199	555	23	66890	11	5	89	0	0	0	0	0	0	0	0	0	0	0	0	0	0	
1115.880483	8	3	3	0	1	2	2	4198	535	23	66950	11	5	89	0	0	0	0	0	0	0	0	0	0	0	0	0	0	
1116.887033	8	3	3	0	1	2	2	4198	517	23	67010	11	5	89	0	0	0	0	0	0	0	0	0	0	0	0	0	0	
1117.873433	8	3	3	0	1	2	2	4198	500	23	67070	11	5	89	0	0	0	0	0	0	0	0	0	0	0	0	0	0	
1118.878567	8	3	3	0	1	2	2	4198	482	23	67130	11	5	89	0	0	0	0	0	0	0	0	0	0	0	0	0	0	
1119.883683	8	3	3	0	1	2	2	4198	466	23	67190	11	5	89	0	0	0	0	0	0	0	0	0	0	0	0	0	0	
1120.888800	8	3	3	0	1	2	2	4199	450	23	67251	11	5	89	0	0	0	0	0	0	0	0	0	0	0	0	0	0	
1121.875200	8	3	3	0	1	2	2	4198	434	23	67310	11	5	89	0	0	0	0	0	0	0	0	0	0	0	0	0	0	
1122.881767	8	3	3	0	1	2	2	4198	419	23	67370	11	5	89	0	0	0	0	0	0	0	0	0	0	0	0	0	0	
1123.886883	8	3	3	0	1	2	2	4199	404	23	67430	11	5	89	0	0	0	0	0	0	0	0	0	0	0	0	0	0	
1124.873283	8	3	3	0	1	2	2	4199	390	23	67490	11	5	89	0	0	0	0	0	0	0	0	0	0	0	0	0	0	
1125.878400	8	3	3	0	1	2	2	4199	376	23	67550	11	5	89	0	0	0	0	0	0	0	0	0	0	0	0	0	0	
1126.883517	8	3	3	0	1	2	2	4199	364	23	67610	11	5	89	0	0	0	0	0	0	0	0	0	0	0	0	0	0	
1127.890083	8	3	3	0	1	2	2	4198	351	23	67671	11	5	89	0	0	0	0	0	0	0	0	0	0	0	0	0	0	
1128.876483	8	3	3	0	1	2	2	4198	338	23	67730	11	5	89	0	0	0	0	0	0	0	0	0	0	0	0	0	0	
1129.881600	8	3	3	0	1	2	2	4198	326	23	67790	11	5	89	0	0	0	0	0	0	0	0	0	0	0	0	0	0	
1130.886717	8	3	3	0	1	2	2	4199	314	23	67850	11	5	89	0	0	0	0	0	0	0	0	0	0	0	0	0	0	
1131.873117	8	3	3	0	1	2	2	4199	303	23	67910	11	5	89	0	0	0	0	0	0	0	0	0	0	0	0	0	0	
1132.879683	8	3	3	0	1	2	2	4199	292	23	67970	11	5	89	0	0	0	0	0	0	0	0	0	0	0	0	0	0	
1133.884800	8	3	3	0	1	2	2	4199	283	23	68030	11	5	89	0	0	0	0	0	0	0	0	0	0	0	0	0	0	
1134.889917	8	3	3	0	1	2	2	4198	273	23	68091	11	5	89	0	0	0	0	0	0	0	0	0	0	0	0	0	0	
1135.876317	8	3	3	0	1	2	2	4199	264	23	68150	11	5	89	0	0	0	0	0	0	0	0	0	0	0	0	0	0	
1136.881433	8	3	3	0	1	2	2	4199	255	23	68210	11	5	89	0	0	0	0	0	0	0	0	0	0	0	0	0	0	
1137.888000	8	3	3	0	1	2	2	4199	246	23	68270	11	5	89	0	0	0	0	0	0	0	0	0	0	0	0	0	0	
1138.893117	8	3	3	0	1	2	2	4199	238	23	68331	11	5	89	0	0	0	0	0	0	0	0	0	0	0	0	0	0	
1139.879517	8	3	3	0	1	2	2	4199	230	23	68390	11	5	89	0	0	0	0	0	0	0	0	0	0	0	0	0	0	
1140.884633	8	3	3	0	1	2	2	4199	222	23	68450	11	5	89	0	0	0	0	0	0	0	0	0	0	0	0	0	0	
1141.889767	8	3	3	0	1	2	2	4199	214	23	68511	11	5	89	0	0	0	0	0	0	0	0	0	0	0	0	0	0	
1142.876167	8	3	3	0	1	2	2	4199	208	23	68570	11	5	89	0	0	0	0	0	0	0	0	0	0	0	0	0	0	
1143.882717	8	3	3	0	1	2	2	4198	201	23	68630	11	5	89	0	0	0	0	0	0	0	0	0	0	0	0	0	0	
1144.887833	8	3	3	0	1	2	2	4198	193	23	68690	11	5	89	0	0	0	0	0	0	0	0	0	0	0	0	0	0	
1145.892967	8	3	3	0	1	2	2	4198	186	23	68751	11	5	89	0	0	0	0	0	0	0	0	0	0	0	0	0	0	
1146.879367	8	3	3	0	1	2	2	4198	180	23	68810	11	5	89	0	0	0	0	0	0	0	0	0	0	0	0	0	0	
1147.884483	8	3	3	0	1	2	2	4198	173	23	68870	11	5	89	0	0	0	0	0	0	0	0	0	0	0	0	0	0	
1148.891033	8	3	3	0	1	2	2	4199	168	23	68931	11	5	89	0	0	0	0	0	0	0	0	0	0	0	0	0	0	
1149.877433	8	3	3	0	1	2	2	4199	163	23	68990	11	5	89	0	0	0	0	0	0	0	0	0	0	0	0	0	0	
1150.882567	8	3	3	0	1	2	2	4199	156	23	69050	11	5	89	0	0	0	0	0	0	0	0	0	0	0	0	0	0	
1151.887683	8	3	3	0	1	2	2	4198	151	23	69110	11	5	89	0	0	0	0	0	0	0	0	0	0	0	0	0	0	
1152.892800	8	3	3	0	1	2	2	4199	146	23	69171	11	5	89	0	0	0	0	0	0	0	0	0	0	0	0	0	0	
1153.880633	8	3	3	0	1	2	2	4199	141	23	69230	11	5	89	0	0	0	0	0	0	0	0	0	0	0	0	0	0	
1154.885767	8	3	3	0	1	2	2	4198	136	23	69290	11	5	89	0	0	0	0	0	0	0	0	0	0	0	0	0	0	
1155.890883	8	3	3	0	1	2	2	4198	131	23	69351	11	5	89	0	0	0	0	0	0	0	0	0	0	0	0	0	0	
1156.877283	8	3	3	0	1	2	2	4199	127	23	69410	11	5	89	0	0	0	0	0	0	0	0	0	0	0	0	0	0	
1157.882400	8	3	3	0	1	2	2	4199	124	23	69470	11	5	89	0	0	0	0	0	0	0	0	0	0	0	0	0	0	
1158.887517	8	3	3	0	1	2	2	4198	119	23	69530	11	5	89	0	0	0	0	0	0	0	0	0	0	0	0	0	0	
1159.894083	8	3	3	0	1	2	2	4198	114	23	69591	11	5	89	0	0	0	0	0	0	0	0	0	0	0	0	0	0	
1160.880483	8	3	3	0	1	2	2	4199	111	23	69650	11	5	89	0	0	0	0	0	0	0	0	0	0	0	0	0	0	
1161.885600	8	3	3	0	1	2	2	4198	108	23	69710	11	5	89	0	0	0	0	0	0	0	0	0	0	0	0	0	0	
1162.890717	8	3	3	0	1	2	2	4199	105	23	69770	11	5	89	0	0	0	0	0	0	0	0	0	0	0	0	0	0	
1163.877117	8	3	3	0	1	2	2	4199	100	23	69830	11	5	89	0	0	0	0	0	0	0	0	0	0	0	0	0	0	
1164.883683	8	3	3	0	1	2	2	4198	97	23	69890	11	5	89	0	0	0	0	0	0	0	0	0	0	0	0	0	0	
1165.888800	8	3	3	0	1	2	2	4198	94	23	69950	11	5	89	0	0	0	0	0	0	0	0	0	0	0	0	0	0	
1166.893917	8	3	3	0	1	2	2	4198	90	23	70011	11	5	89	0	0	0	0	0	0	0	0	0	0	0	0	0	0	
1167.880317	8	3	3	0	1	2	2	4199	87	23	70070	11	5	89	0	0	0	0	0	0	0	0	0	0	0	0	0	0	
1168.885433	8	3	3	0	1	2	2	4199	85	23	70130	11	5	89	0	0	0	0	0	0	0	0	0	0	0	0	0	0	
1169.890567	8	3	3	0	1	2	2	4198	82	23	70190	11	5	89	0	0	0	0	0	0	0	0	0	0	0	0	0	0	
1170.878400	8	3	3	0	1	2	2	4198	80	23	70250	11	5	89	0	0	0	0	0	0	0	0	0	0	0	0	0	0	
1171.883517	8	3	3	0	1	2	2	4199	77	23	70310	11	5	89	0	0	0	0	0	0	0	0	0	0	0	0	0	0	
1172.888633	8	3	3	0	1	2	2	4199	74	23	70370	11	5	89	0	0	0	0	0	0	0	0	0	0	0	0	0	0	
1173.893767	8	3	3	0	1	2	2	4198	72	23	70431	11	5	89	0	0	0	0	0	0	0	0	0	0	0	0	0	0	
1174.880167	8	3	3	0	1	2	2	4198	71	23	70490	11	5	89	0	0	0	0	0	0	0	0	0	0	0	0	0	0	
1175.886717	8	3	3	0	1	2	2	4199	68	23	70550	11	5	89	0	0	0	0	0	0	0	0	0	0	0	0	0	0	
1176.288483	8	6	3	0	2	7	1	3857	-1324	23	70574	11	6	0	0	0	0	0	0	0	0	0	0	0	0	0	0	0	
1176.893283	8	6	3	0	2	7	1	3811	-1351	23	70611	11	6	0	0	0	0	0	0	0	0	0	0	0	0	0	0	0	
1177.879683	8	6	3	0	2	7	1	3780	-1348	23	70670	11	6	2	0	0	0	0	0	0	0	0	0	0	0	0	0	0	
1178.886233	8	6	3	0	2	7	1	3756	-1349	23	70730	11	6	4	0	0	0	0	0	0	0	0	0	0	0	0	0	0	
1179.891367	8	6	3	0	2	7	1	3735	-1350	23	70790	11	6	5	0	0	0	0	0	0	0	0	0	0	0	0	0	0	
1180.896483	8	6	3	0	2	7	1	3720	-1348	23	70851	11	6	7	0	0	0	0	0	0	0	0	0	0	0	0	0	0	
1181.882883	8	6	3	0	2	7	1	3705	-1350	23	70910	11	6	9	0	0	0	0	0	0	0	0	0	0	0	0	0	0	
1182.888000	8	6	3	0	2	7	1	3690	-1349	23	70970	11	6	10	0	0	0	0	0	0	0	0	0	0	0	0	0	0	
1183.893117	8	6	3	0	2	7	1	3674	-1350	23	71031	11	6	12	0	0	0	0	0	0	0	0	0	0	0	0	0	0	
1184.880967	8	6	3	0	2	7	1	3656	-1348	23	71090	11	6	14	0	0	0	0	0	0	0	0	0	0	0	0	0	0	
1185.886083	8	6	3	0	2	7	1	3642	-1349	23	71150	11	6	15	0	0	0	0	0	0	0	0	0	0	0	0	0	0	
1186.891200	8	6	3	0	2	7	1	3627	-1350	23	71210	11	6	17	0	0	0	0	0	0	0	0	0	0	0	0	0	0	
1187.896317	8	6	3	0	2	7	1	3612	-1348	23	71271	11	6	19	0	0	0	0	0	0	0	0	0	0	0	0	0	0	
1188.882717	8	6	3	0	2	7	1	3600	-1350	23	71330	11	6	20	0	0	0	0	0	0	0	0	0	0	0	0	0	0	
1189.890717	8	6	3	0	2	7	1	3587	-1350	23	71390	11	6	22	0	0	0	0	0	0	0	0	0	0	0	0	0	0	
1190.895833	8	6	3	0	2	7	1	3571	-1349	23	71451	11	6	24	0	0	0	0	0	0	0	0	0	0	0	0	0	0	
1191.882233	8	6	3	0	2	7	1	3560	-1350	23	71510	11	6	25	0	0	0	0	0	0	0	0	0	0	0	0	0	0	
1192.887367	8	6	3	0	2	7	1	3547	-1350	23	71570	11	6	27	0	0	0	0	0	0	0	0	0	0	0	0	0	0	
1193.893917	8	6	3	0	2	7	1	3535	-1352	23	71630	11	6	29	0	0	0	0	0	0	0	0	0	0	0	0	0	0	
1194.880317	8	6	3	0	2	7	1	3525	-1348	23	71690	11	6	30	0	0	0	0	0	0	0	0	0	0	0	0	0	0	
1195.885433	8	6	3	0	2	7	1	3515	-1351	23	71750	11	6	32	0	0	0	0	0	0	0	0	0	0	0	0	0	0	
1196.890567	8	6	3	0	2	7	1	3506	-1353	23	71810	11	6	34	0	0	0	0	0	0	0	0	0	0	0	0	0	0	
1197.895683	8	6	3	0	2	7	1	3494	-1349	23	71871	11	6	35	0	0	0	0	0	0	0	0	0	0	0	0	0	0	
1198.882083	8	6	3	0	2	7	1	3481	-1350	23	71930	11	6	37	0	0	0	0	0	0	0	0	0	0	0	0	0	0	
1199.888633	8	6	3	0	2	7	1	3472	-1351	23	71990	11	6	39	0	0	0	0	0	0	0	0	0	0	0	0	0	0	
1200.893767	8	6	3	0	2	7	1	3464	-1350	23	72050	11	6	40	0	0	0	0	0	0	0	0	0	0	0	0	0	0	
1201.880167	8	6	3	0	2	7	1	3455	-1351	23	72110	11	6	42	0	0	0	0	0	0	0	0	0	0	0	0	0	0	
1202.885283	8	6	3	0	2	7	1	3446	-1349	23	72170	11	6	44	0	0	0	0	0	0	0	0	0	0	0	0	0	0	
1203.890400	8	6	3	0	2	7	1	3437	-1351	23	72230	11	6	45	0	0	0	0	0	0	0	0	0	0	0	0	0	0	
1204.896967	8	6	3	0	2	7	1	3430	-1350	23	72291	11	6	47	0	0	0	0	0	0	0	0	0	0	0	0	0	0	
1205.883367	8	6	3	0	2	7	1	3423	-1349	23	72350	11	6	48	0	0	0	0	0	0	0	0	0	0	0	0	0	0	
1206.888483	8	6	3	0	2	7	1	3415	-1349	23	72410	11	6	50	0	0	0	0	0	0	0	0	0	0	0	0	0	0	
1207.893600	8	6	3	0	2	7	1	3406	-1351	23	72470	11	6	52	0	0	0	0	0	0	0	0	0	0	0	0	0	0	
1208.880000	8	6	3	0	2	7	1	3399	-1350	23	72530	11	6	53	0	0	0	0	0	0	0	0	0	0	0	0	0	0	
1209.885117	8	6	3	0	2	7	1	3393	-1352	23	72590	11	6	55	0	0	0	0	0	0	0	0	0	0	0	0	0	0	
1210.891683	8	6	3	0	2	7	1	3388	-1350	23	72650	11	6	57	0	0	0	0	0	0	0	0	0	0	0	0	0	0	
1211.896800	8	6	3	0	2	7	1	3382	-1351	23	72711	11	6	58	0	0	0	0	0	0	0	0	0	0	0	0	0	0	
1212.883200	8	6	3	0	2	7	1	3377	-1348	23	72770	11	6	60	0	0	0	0	0	0	0	0	0	0	0	0	0	0	
1213.888317	8	6	3	0	2	7	1	3371	-1349	23	72830	11	6	62	0	0	0	0	0	0	0	0	0	0	0	0	0	0	
1214.893433	8	6	3	0	2	7	1	3367	-1349	23	72890	11	6	63	0	0	0	0	0	0	0	0	0	0	0	0	0	0	
1215.881283	8	6	3	0	2	7	1	3361	-1349	23	72950	11	6	65	0	0	0	0	0	0	0	0	0	0	0	0	0	0	
1216.886400	8	6	3	0	2	7	1	3354	-1350	23	73010	11	6	67	0	0	0	0	0	0	0	0	0	0	0	0	0	0	
1217.891517	8	6	3	0	2	7	1	3346	-1350	23	73070	11	6	68	0	0	0	0	0	0	0	0	0	0	0	0	0	0	
1218.896633	8	6	3	0	2	7	1	3339	-1349	23	73131	11	6	70	0	0	0	0	0	0	0	0	0	0	0	0	0	0	
1219.883033	8	6	3	0	2	7	1	3331	-1348	23	73190	11	6	72	0	0	0	0	0	0	0	0	0	0	0	0	0	0	
1220.889600	8	6	3	0	2	7	1	3321	-1348	23	73250	11	6	73	0	0	0	0	0	0	0	0	0	0	0	0	0	0	
1221.894717	8	6	3	0	2	7	1	3311	-1350	23	73310	11	6	75	0	0	0	0	0	0	0	0	0	0	0	0	0	0	
1222.881117	8	6	3	0	2	7	1	3298	-1349	23	73370	11	6	77	0	0	0	0	0	0	0	0	0	0	0	0	0	0	
1223.886233	8	6	3	0	2	7	1	3282	-1350	23	73430	11	6	78	0	0	0	0	0	0	0	0	0	0	0	0	0	0	
1224.891367	8	6	3	0	2	7	1	3261	-1350	23	73490	11	6	80	0	0	0	0	0	0	0	0	0	0	0	0	0	0	
1225.897917	8	6	3	0	2	7	1	3233	-1350	23	73551	11	6	82	0	0	0	0	0	0	0	0	0	0	0	0	0	0	
1226.884317	8	6	3	0	2	7	1	3193	-1348	23	73610	11	6	83	0	0	0	0	0	0	0	0	0	0	0	0	0	0	
1227.889433	8	6	3	0	2	7	1	3131	-1348	23	73670	11	6	85	0	0	0	0	0	0	0	0	0	0	0	0	0	0	
1228.894567	8	6	3	0	2	7	1	3027	-1349	23	73730	11	6	87	0	0	0	0	0	0	0	0	0	0	0	0	0	0	
1229.880967	8	6	3	0	2	7	1	2796	-1350	23	73790	11	6	88	0	0	0	0	0	0	0	0	0	0	0	0	0	0	
1230.134400	8	15	3	0	1	31	2	2881	27	23	73805	12	6	89	0	0	0	0	0	0	0	0	0	0	0	0	0	0	
1230.154567	8	3	3	0	1	2	2	3206	677	23	73806	13	6	89	0	0	0	0	0	0	0	0	0	0	0	0	0	0	
1230.890400	8	3	3	0	1	2	2	3521	674	23	73850	13	6	89	0	0	0	0	0	0	0	0	0	0	0	0	0	0	
1231.895517	8	3	3	0	1	2	2	3646	675	23	73910	13	6	89	0	0	0	0	0	0	0	0	0	0	0	0	0	0	
1232.883367	8	3	3	0	1	2	2	3718	675	23	73970	13	6	89	0	0	0	0	0	0	0	0	0	0	0	0	0	0	
1233.888483	8	3	3	0	1	2	2	3772	675	23	74030	13	6	89	0	0	0	0	0	0	0	0	0	0	0	0	0	0	
1234.893600	8	3	3	0	1	2	2	3812	675	23	74090	13	6	89	0	0	0	0	0	0	0	0	0	0	0	0	0	0	
1235.898717	8	3	3	0	1	2	2	3838	675	23	74151	13	6	89	0	0	0	0	0	0	0	0	0	0	0	0	0	0	
1236.885117	8	3	3	0	1	2	2	3849	675	23	74210	13	6	89	0	0	0	0	0	0	0	0	0	0	0	0	0	0	
1237.891683	8	3	3	0	1	2	2	3856	674	23	74270	13	6	89	0	0	0	0	0	0	0	0	0	0	0	0	0	0	
1238.896800	8	3	3	0	1	2	2	3863	674	23	74330	13	6	89	0	0	0	0	0	0	0	0	0	0	0	0	0	0	
1239.883200	8	3	3	0	1	2	2	3869	674	23	74390	13	6	89	0	0	0	0	0	0	0	0	0	0	0	0	0	0	
1240.888317	8	3	3	0	1	2	2	3876	675	23	74450	13	6	89	0	0	0	0	0	0	0	0	0	0	0	0	0	0	
1241.893433	8	3	3	0	1	2	2	3882	674	23	74510	13	6	89	0	0	0	0	0	0	0	0	0	0	0	0	0	0	
1242.900000	8	3	3	0	1	2	2	3889	674	23	74571	13	6	89	0	0	0	0	0	0	0	0	0	0	0	0	0	0	
1243.886400	8	3	3	0	1	2	2	3895	674	23	74630	13	6	89	0	0	0	0	0	0	0	0	0	0	0	0	0	0	
1244.891517	8	3	3	0	1	2	2	3902	675	23	74690	13	6	89	0	0	0	0	0	0	0	0	0	0	0	0	0	0	
1245.896633	8	3	3	0	1	2	2	3909	674	23	74750	13	6	89	0	0	0	0	0	0	0	0	0	0	0	0	0	0	
1246.883033	8	3	3	0	1	2	2	3916	675	23	74810	13	6	89	0	0	0	0	0	0	0	0	0	0	0	0	0	0	
1247.889600	8	3	3	0	1	2	2	3922	674	23	74870	13	6	89	0	0	0	0	0	0	0	0	0	0	0	0	0	0	
1248.894717	8	3	3	0	1	2	2	3929	674	23	74930	13	6	89	0	0	0	0	0	0	0	0	0	0	0	0	0	0	
1249.899833	8	3	3	0	1	2	2	3934	674	23	74991	13	6	89	0	0	0	0	0	0	0	0	0	0	0	0	0	0	
1250.886233	8	3	3	0	1	2	2	3940	674	23	75050	13	6	89	0	0	0	0	0	0	0	0	0	0	0	0	0	0	
1251.891367	8	3	3	0	1	2	2	3946	675	23	75110	13	6	89	0	0	0	0	0	0	0	0	0	0	0	0	0	0	
1252.897917	8	3	3	0	1	2	2	3950	675	23	75170	13	6	89	0	0	0	0	0	0	0	0	0	0	0	0	0	0	
1253.884317	8	3	3	0	1	2	2	3955	673	23	75230	13	6	89	0	0	0	0	0	0	0	0	0	0	0	0	0	0	
1254.889433	8	3	3	0	1	2	2	3959	674	23	75290	13	6	89	0	0	0	0	0	0	0	0	0	0	0	0	0	0	
1255.894567	8	3	3	0	1	2	2	3962	674	23	75350	13	6	89	0	0	0	0	0	0	0	0	0	0	0	0	0	0	
1256.899683	8	3	3	0	1	2	2	3966	674	23	75411	13	6	89	0	0	0	0	0	0	0	0	0	0	0	0	0	0	
1257.887517	8	3	3	0	1	2	2	3969	674	23	75470	13	6	89	0	0	0	0	0	0	0	0	0	0	0	0	0	0	
1258.892633	8	3	3	0	1	2	2	3972	674	23	75530	13	6	89	0	0	0	0	0	0	0	0	0	0	0	0	0	0	
1259.897767	8	3	3	0	1	2	2	3975	675	23	75590	13	6	89	0	0	0	0	0	0	0	0	0	0	0	0	0	0	
1260.884167	8	3	3	0	1	2	2	3978	674	23	75650	13	6	89	0	0	0	0	0	0	0	0	0	0	0	0	0	0	
1261.889283	8	3	3	0	1	2	2	3980	674	23	75710	13	6	89	0	0	0	0	0	0	0	0	0	0	0	0	0	0	
1262.895833	8	3	3	0	1	2	2	3983	675	23	75770	13	6	89	0	0	0	0	0	0	0	0	0	0	0	0	0	0	
1263.900967	8	3	3	0	1	2	2	3985	673	23	75831	13	6	89	0	0	0	0	0	0	0	0	0	0	0	0	0	0	
1264.887367	8	3	3	0	1	2	2	3989	674	23	75890	13	6	89	0	0	0	0	0	0	0	0	0	0	0	0	0	0	
1265.892483	8	3	3	0	1	2	2	3991	674	23	75950	13	6	89	0	0	0	0	0	0	0	0	0	0	0	0	0	0	
1266.899033	8	3	3	0	1	2	2	3994	674	23	76010	13	6	89	0	0	0	0	0	0	0	0	0	0	0	0	0	0	
1267.885433	8	3	3	0	1	2	2	3997	675	23	76070	13	6	89	0	0	0	0	0	0	0	0	0	0	0	0	0	0	
1268.890567	8	3	3	0	1	2	2	4000	675	23	76130	13	6	89	0	0	0	0	0	0	0	0	0	0	0	0	0	0	
1269.895683	8	3	3	0	1	2	2	4003	675	23	76190	13	6	89	0	0	0	0	0	0	0	0	0	0	0	0	0	0	
1270.900800	8	3	3	0	1	2	2	4006	674	23	76251	13	6	89	0	0	0	0	0	0	0	0	0	0	0	0	0	0	
1271.887200	8	3	3	0	1	2	2	4009	674	23	76310	13	6	89	0	0	0	0	0	0	0	0	0	0	0	0	0	0	
1272.893767	8	3	3	0	1	2	2	4012	675	23	76370	13	6	89	0	0	0	0	0	0	0	0	0	0	0	0	0	0	
1273.898883	8	3	3	0	1	2	2	4015	674	23	76430	13	6	89	0	0	0	0	0	0	0	0	0	0	0	0	0	0	
1274.885283	8	3	3	0	1	2	2	4018	674	23	76490	13	6	89	0	0	0	0	0	0	0	0	0	0	0	0	0	0	
1275.890400	8	3	3	0	1	2	2	4021	675	23	76550	13	6	89	0	0	0	0	0	0	0	0	0	0	0	0	0	0	
1276.895517	8	3	3	0	1	2	2	4025	675	23	76610	13	6	89	0	0	0	0	0	0	0	0	0	0	0	0	0	0	
1277.902083	8	3	3	0	1	2	2	4028	675	23	76671	13	6	89	0	0	0	0	0	0	0	0	0	0	0	0	0	0	
1278.888483	8	3	3	0	1	2	2	4031	674	23	76730	13	6	89	0	0	0	0	0	0	0	0	0	0	0	0	0	0	
1279.893600	8	3	3	0	1	2	2	4035	674	23	76790	13	6	89	0	0	0	0	0	0	0	0	0	0	0	0	0	0	
1280.898717	8	3	3	0	1	2	2	4038	674	23	76850	13	6	89	0	0	0	0	0	0	0	0	0	0	0	0	0	0	
1281.885117	8	3	3	0	1	2	2	4042	674	23	76910	13	6	89	0	0	0	0	0	0	0	0	0	0	0	0	0	0	
1282.891683	8	3	3	0	1	2	2	4045	674	23	76970	13	6	89	0	0	0	0	0	0	0	0	0	0	0	0	0	0	
1283.896800	8	3	3	0	1	2	2	4049	674	23	77030	13	6	89	0	0	0	0	0	0	0	0	0	0	0	0	0	0	
1284.901917	8	3	3	0	1	2	2	4053	675	23	77091	13	6	89	0	0	0	0	0	0	0	0	0	0	0	0	0	0	
1285.888317	8	3	3	0	1	2	2	4057	675	23	77150	13	6	89	0	0	0	0	0	0	0	0	0	0	0	0	0	0	
1286.893433	8	3	3	0	1	2	2	4061	674	23	77210	13	6	89	0	0	0	0	0	0	0	0	0	0	0	0	0	0	
1287.900000	8	3	3	0	1	2	2	4066	675	23	77270	13	6	89	0	0	0	0	0	0	0	0	0	0	0	0	0	0	
1288.886400	8	3	3	0	1	2	2	4070	675	23	77330	13	6	89	0	0	0	0	0	0	0	0	0	0	0	0	0	0	
1289.891517	8	3	3	0	1	2	2	4075	674	23	77390	13	6	89	0	0	0	0	0	0	0	0	0	0	0	0	0	0	
1290.896633	8	3	3	0	1	2	2	4079	675	23	77450	13	6	89	0	0	0	0	0	0	0	0	0	0	0	0	0	0	
1291.901767	8	3	3	0	1	2	2	4084	675	23	77511	13	6	89	0	0	0	0	0	0	0	0	0	0	0	0	0	0	
1292.889600	8	3	3	0	1	2	2	4089	675	23	77570	13	6	89	0	0	0	0	0	0	0	0	0	0	0	0	0	0	
1293.894717	8	3	3	0	1	2	2	4093	674	23	77630	13	6	89	0	0	0	0	0	0	0	0	0	0	0	0	0	0	
1294.899833	8	3	3	0	1	2	2	4098	675	23	77690	13	6	89	0	0	0	0	0	0	0	0	0	0	0	0	0	0	
1295.904967	8	3	3	0	1	2	2	4104	675	23	77751	13	6	89	0	0	0	0	0	0	0	0	0	0	0	0	0	0	
1296.891367	8	3	3	0	1	2	2	4108	675	23	77810	13	6	89	0	0	0	0	0	0	0	0	0	0	0	0	0	0	
1297.897917	8	3	3	0	1	2	2	4114	674	23	77870	13	6	89	0	0	0	0	0	0	0	0	0	0	0	0	0	0	
1298.903033	8	3	3	0	1	2	2	4117	665	23	77931	13	6	89	0	0	0	0	0	0	0	0	0	0	0	0	0	0	
1299.889433	8	3	3	0	1	2	2	4121	663	23	77990	13	6	89	0	0	0	0	0	0	0	0	0	0	0	0	0	0	
1300.894567	8	3	3	0	1	2	2	4126	663	23	78050	13	6	89	0	0	0	0	0	0	0	0	0	0	0	0	0	0	
1301.899683	8	3	3	0	1	2	2	4132	664	23	78110	13	6	89	0	0	0	0	0	0	0	0	0	0	0	0	0	0	
1302.904800	8	3	3	0	1	2	2	4137	662	23	78171	13	6	89	0	0	0	0	0	0	0	0	0	0	0	0	0	0	
1303.892633	8	3	3	0	1	2	2	4142	660	23	78230	13	6	89	0	0	0	0	0	0	0	0	0	0	0	0	0	0	
1304.897767	8	3	3	0	1	2	2	4148	659	23	78290	13	6	89	0	0	0	0	0	0	0	0	0	0	0	0	0	0	
1305.902883	8	3	3	0	1	2	2	4154	661	23	78351	13	6	89	0	0	0	0	0	0	0	0	0	0	0	0	0	0	
1306.889283	8	3	3	0	1	2	2	4159	659	23	78410	13	6	89	0	0	0	0	0	0	0	0	0	0	0	0	0	0	
1307.894400	8	3	3	0	1	2	2	4165	660	23	78470	13	6	89	0	0	0	0	0	0	0	0	0	0	0	0	0	0	
1308.899517	8	3	3	0	1	2	2	4171	658	23	78530	13	6	89	0	0	0	0	0	0	0	0	0	0	0	0	0	0	
1309.906083	8	3	3	0	1	2	2	4177	658	23	78591	13	6	89	0	0	0	0	0	0	0	0	0	0	0	0	0	0	
1310.892483	8	3	3	0	1	2	2	4183	658	23	78650	13	6	89	0	0	0	0	0	0	0	0	0	0	0	0	0	0	
1311.897600	8	3	3	0	1	2	2	4188	653	23	78710	13	6	89	0	0	0	0	0	0	0	0	0	0	0	0	0	0	
1312.902717	8	3	3	0	1	2	2	4195	656	23	78771	13	6	89	0	0	0	0	0	0	0	0	0	0	0	0	0	0	
1313.890567	8	3	3	0	1	2	2	4198	643	23	78830	13	6	89	0	0	0	0	0	0	0	0	0	0	0	0	0	0	
1314.895683	8	3	3	0	1	2	2	4199	619	23	78890	13	6	89	0	0	0	0	0	0	0	0	0	0	0	0	0	0	
1315.900800	8	3	3	0	1	2	2	4198	598	23	78950	13	6	89	0	0	0	0	0	0	0	0	0	0	0	0	0	0	
1316.905917	8	3	3	0	1	2	2	4198	576	23	79011	13	6	89	0	0	0	0	0	0	0	0	0	0	0	0	0	0	
1317.892317	8	3	3	0	1	2	2	4198	557	23	79070	13	6	89	0	0	0	0	0	0	0	0	0	0	0	0	0	0	
1318.898883	8	3	3	0	1	2	2	4198	537	23	79130	13	6	89	0	0	0	0	0	0	0	0	0	0	0	0	0	0	
1319.904000	8	3	3	0	1	2	2	4199	519	23	79191	13	6	89	0	0	0	0	0	0	0	0	0	0	0	0	0	0	
1320.890400	8	3	3	0	1	2	2	4198	501	23	79250	13	6	89	0	0	0	0	0	0	0	0	0	0	0	0	0	0	
1321.895517	8	3	3	0	1	2	2	4199	483	23	79310	13	6	89	0	0	0	0	0	0	0	0	0	0	0	0	0	0	
1322.900633	8	3	3	0	1	2	2	4198	466	23	79370	13	6	89	0	0	0	0	0	0	0	0	0	0	0	0	0	0	
1323.907200	8	3	3	0	1	2	2	4199	450	23	79431	13	6	89	0	0	0	0	0	0	0	0	0	0	0	0	0	0	
1324.893600	8	3	3	0	1	2	2	4199	434	23	79490	13	6	89	0	0	0	0	0	0	0	0	0	0	0	0	0	0	
1325.898717	8	3	3	0	1	2	2	4198	419	23	79550	13	6	89	0	0	0	0	0	0	0	0	0	0	0	0	0	0	
1326.903833	8	3	3	0	1	2	2	4199	404	23	79611	13	6	89	0	0	0	0	0	0	0	0	0	0	0	0	0	0	
1327.890233	8	3	3	0	1	2	2	4199	390	23	79670	13	6	89	0	0	0	0	0	0	0	0	0	0	0	0	0	0	
1328.896800	8	3	3	0	1	2	2	4199	376	23	79730	13	6	89	0	0	0	0	0	0	0	0	0	0	0	0	0	0	
1329.901917	8	3	3	0	1	2	2	4199	362	23	79790	13	6	89	0	0	0	0	0	0	0	0	0	0	0	0	0	0	
1330.907033	8	3	3	0	1	2	2	4199	351	23	79851	13	6	89	0	0	0	0	0	0	0	0	0	0	0	0	0	0	
1331.893433	8	3	3	0	1	2	2	4199	338	23	79910	13	6	89	0	0	0	0	0	0	0	0	0	0	0	0	0	0	
1332.898567	8	3	3	0	1	2	2	4198	326	23	79970	13	6	89	0	0	0	0	0	0	0	0	0	0	0	0	0	0	
1333.905117	8	3	3	0	1	2	2	4199	314	23	80031	13	6	89	0	0	0	0	0	0	0	0	0	0	0	0	0	0	
1334.891517	8	3	3	0	1	2	2	4198	303	23	80090	13	6	89	0	0	0	0	0	0	0	0	0	0	0	0	0	0	
1335.896633	8	3	3	0	1	2	2	4198	292	23	80150	13	6	89	0	0	0	0	0	0	0	0	0	0	0	0	0	0	
1336.901767	8	3	3	0	1	2	2	4198	281	23	80210	13	6	89	0	0	0	0	0	0	0	0	0	0	0	0	0	0	
1337.906883	8	3	3	0	1	2	2	4198	271	23	80271	13	6	89	0	0	0	0	0	0	0	0	0	0	0	0	0	0	
1338.893283	8	3	3	0	1	2	2	4199	262	23	80330	13	6	89	0	0	0	0	0	0	0	0	0	0	0	0	0	0	
1339.901283	8	3	3	0	1	2	2	4199	254	23	80390	13	6	89	0	0	0	0	0	0	0	0	0	0	0	0	0	0	
1340.906400	8	3	3	0	1	2	2	4199	244	23	80451	13	6	89	0	0	0	0	0	0	0	0	0	0	0	0	0	0	
1341.892800	8	3	3	0	1	2	2	4198	236	23	80510	13	6	89	0	0	0	0	0	0	0	0	0	0	0	0	0	0	
1342.897917	8	3	3	0	1	2	2	4198	227	23	80570	13	6	89	0	0	0	0	0	0	0	0	0	0	0	0	0	0	
1343.904483	8	3	3	0	1	2	2	4199	217	23	80630	13	6	89	0	0	0	0	0	0	0	0	0	0	0	0	0	0	
1344.890883	8	3	3	0	1	2	2	4199	210	23	80690	13	6	89	0	0	0	0	0	0	0	0	0	0	0	0	0	0	
1345.896000	8	3	3	0	1	2	2	4198	202	23	80750	13	6	89	0	0	0	0	0	0	0	0	0	0	0	0	0	0	
1346.901117	8	3	3	0	1	2	2	4199	195	23	80810	13	6	89	0	0	0	0	0	0	0	0	0	0	0	0	0	0	
1347.906233	8	3	3	0	1	2	2	4199	189	23	80871	13	6	89	0	0	0	0	0	0	0	0	0	0	0	0	0	0	
1348.892633	8	3	3	0	1	2	2	4198	181	23	80930	13	6	89	0	0	0	0	0	0	0	0	0	0	0	0	0	0	
1349.899200	8	3	3	0	1	2	2	4199	176	23	80990	13	6	89	0	0	0	0	0	0	0	0	0	0	0	0	0	0	
1350.904317	8	3	3	0	1	2	2	4199	169	23	81050	13	6	89	0	0	0	0	0	0	0	0	0	0	0	0	0	0	
1351.909433	8	3	3	0	1	2	2	4198	164	23	81111	13	6	89	0	0	0	0	0	0	0	0	0	0	0	0	0	0	
1352.895833	8	3	3	0	1	2	2	4199	158	23	81170	13	6	89	0	0	0	0	0	0	0	0	0	0	0	0	0	0	
1353.900967	8	3	3	0	1	2	2	4199	152	23	81230	13	6	89	0	0	0	0	0	0	0	0	0	0	0	0	0	0	
1354.907517	8	3	3	0	1	2	2	4199	147	23	81291	13	6	89	0	0	0	0	0	0	0	0	0	0	0	0	0	0	
1355.893917	8	3	3	0	1	2	2	4199	142	23	81350	13	6	89	0	0	0	0	0	0	0	0	0	0	0	0	0	0	
1356.899033	8	3	3	0	1	2	2	4198	137	23	81410	13	6	89	0	0	0	0	0	0	0	0	0	0	0	0	0	0	
1357.904167	8	3	3	0	1	2	2	4199	133	23	81470	13	6	89	0	0	0	0	0	0	0	0	0	0	0	0	0	0	
1358.909283	8	3	3	0	1	2	2	4199	128	23	81531	13	6	89	0	0	0	0	0	0	0	0	0	0	0	0	0	0	
1359.897117	8	3	3	0	1	2	2	4199	124	23	81590	13	6	89	0	0	0	0	0	0	0	0	0	0	0	0	0	0	
1360.902233	8	3	3	0	1	2	2	4199	120	23	81650	13	6	89	0	0	0	0	0	0	0	0	0	0	0	0	0	0	
1361.907367	8	3	3	0	1	2	2	4199	115	23	81711	13	6	89	0	0	0	0	0	0	0	0	0	0	0	0	0	0	
1362.893767	8	3	3	0	1	2	2	4198	111	23	81770	13	6	89	0	0	0	0	0	0	0	0	0	0	0	0	0	0	
1363.898883	8	3	3	0	1	2	2	4199	107	23	81830	13	6	89	0	0	0	0	0	0	0	0	0	0	0	0	0	0	
1364.905433	8	3	3	0	1	2	2	4199	105	23	81890	13	6	89	0	0	0	0	0	0	0	0	0	0	0	0	0	0	
1365.910567	8	3	3	0	1	2	2	4198	101	23	81951	13	6	89	0	0	0	0	0	0	0	0	0	0	0	0	0	0	
1366.896967	8	3	3	0	1	2	2	4199	97	23	82010	13	6	89	0	0	0	0	0	0	0	0	0	0	0	0	0	0	
1367.902083	8	3	3	0	1	2	2	4198	93	23	82070	13	6	89	0	0	0	0	0	0	0	0	0	0	0	0	0	0	
1368.907200	8	3	3	0	1	2	2	4198	91	23	82131	13	6	89	0	0	0	0	0	0	0	0	0	0	0	0	0	0	
1369.895033	8	3	3	0	1	2	2	4198	89	23	82190	13	6	89	0	0	0	0	0	0	0	0	0	0	0	0	0	0	
1370.900167	8	3	3	0	1	2	2	4199	84	23	82250	13	6	89	0	0	0	0	0	0	0	0	0	0	0	0	0	0	
1371.905283	8	3	3	0	1	2	2	4198	82	23	82310	13	6	89	0	0	0	0	0	0	0	0	0	0	0	0	0	0	
1372.910400	8	3	3	0	1	2	2	4199	80	23	82371	13	6	89	0	0	0	0	0	0	0	0	0	0	0	0	0	0	
1373.896800	8	3	3	0	1	2	2	4199	76	23	82430	13	6	89	0	0	0	0	0	0	0	0	0	0	0	0	0	0	
1374.903367	8	3	3	0	1	2	2	4198	74	23	82490	13	6	89	0	0	0	0	0	0	0	0	0	0	0	0	0	0	
1375.908483	8	3	3	0	1	2	2	4199	72	23	82551	13	6	89	0	0	0	0	0	0	0	0	0	0	0	0	0	0	
1376.894883	8	3	3	0	1	2	2	4198	69	23	82610	13	6	89	0	0	0	0	0	0	0	0	0	0	0	0	0	0	
1377.862567	8	6	3	0	2	7	1	3874	-1351	23	82668	13	7	0	0	0	0	0	0	0	0	0	0	0	0	0	0	0	
1377.901433	8	6	3	0	2	7	1	3866	-1350	23	82670	13	7	0	0	0	0	0	0	0	0	0	0	0	0	0	0	0	
1378.908000	8	6	3	0	2	7	1	3809	-1349	23	82730	13	7	1	0	0	0	0	0	0	0	0	0	0	0	0	0	0	
1379.894400	8	6	3	0	2	7	1	3779	-1349	23	82790	13	7	3	0	0	0	0	0	0	0	0	0	0	0	0	0	0	
1380.899517	8	6	3	0	2	7	1	3759	-1349	23	82850	13	7	4	0	0	0	0	0	0	0	0	0	0	0	0	0	0	
1381.904633	8	6	3	0	2	7	1	3739	-1349	23	82910	13	7	6	0	0	0	0	0	0	0	0	0	0	0	0	0	0	
1382.911200	8	6	3	0	2	7	1	3722	-1350	23	82971	13	7	8	0	0	0	0	0	0	0	0	0	0	0	0	0	0	
1383.897600	8	6	3	0	2	7	1	3707	-1350	23	83030	13	7	9	0	0	0	0	0	0	0	0	0	0	0	0	0	0	
1384.902717	8	6	3	0	2	7	1	3691	-1347	23	83090	13	7	11	0	0	0	0	0	0	0	0	0	0	0	0	0	0	
1385.907833	8	6	3	0	2	7	1	3675	-1349	23	83150	13	7	13	0	0	0	0	0	0	0	0	0	0	0	0	0	0	
1386.894233	8	6	3	0	2	7	1	3661	-1346	23	83210	13	7	14	0	0	0	0	0	0	0	0	0	0	0	0	0	0	
1387.900800	8	6	3	0	2	7	1	3645	-1347	23	83270	13	7	16	0	0	0	0	0	0	0	0	0	0	0	0	0	0	
1388.905917	8	6	3	0	2	7	1	3631	-1348	23	83330	13	7	18	0	0	0	0	0	0	0	0	0	0	0	0	0	0	
1389.911033	8	6	3	0	2	7	1	3617	-1350	23	83391	13	7	19	0	0	0	0	0	0	0	0	0	0	0	0	0	0	
1390.897433	8	6	3	0	2	7	1	3604	-1350	23	83450	13	7	21	0	0	0	0	0	0	0	0	0	0	0	0	0	0	
1391.902567	8	6	3	0	2	7	1	3592	-1350	23	83510	13	7	23	0	0	0	0	0	0	0	0	0	0	0	0	0	0	
1392.909117	8	6	3	0	2	7	1	3581	-1348	23	83570	13	7	24	0	0	0	0	0	0	0	0	0	0	0	0	0	0	
1393.895517	8	6	3	0	2	7	1	3571	-1350	23	83630	13	7	26	0	0	0	0	0	0	0	0	0	0	0	0	0	0	
1394.900633	8	6	3	0	2	7	1	3559	-1350	23	83690	13	7	28	0	0	0	0	0	0	0	0	0	0	0	0	0	0	
1395.905767	8	6	3	0	2	7	1	3547	-1349	23	83750	13	7	29	0	0	0	0	0	0	0	0	0	0	0	0	0	0	
1396.910883	8	6	3	0	2	7	1	3536	-1349	23	83811	13	7	31	0	0	0	0	0	0	0	0	0	0	0	0	0	0	
1397.898717	8	6	3	0	2	7	1	3525	-1350	23	83870	13	7	33	0	0	0	0	0	0	0	0	0	0	0	0	0	0	
1398.903833	8	6	3	0	2	7	1	3515	-1350	23	83930	13	7	34	0	0	0	0	0	0	0	0	0	0	0	0	0	0	
1399.908967	8	6	3	0	2	7	1	3504	-1350	23	83990	13	7	36	0	0	0	0	0	0	0	0	0	0	0	0	0	0	
1400.895367	8	6	3	0	2	7	1	3494	-1349	23	84050	13	7	38	0	0	0	0	0	0	0	0	0	0	0	0	0	0	
1401.900483	8	6	3	0	2	7	1	3482	-1350	23	84110	13	7	39	0	0	0	0	0	0	0	0	0	0	0	0	0	0	
1402.905600	8	6	3	0	2	7	1	3473	-1350	23	84170	13	7	41	0	0	0	0	0	0	0	0	0	0	0	0	0	0	
1403.912167	8	6	3	0	2	7	1	3463	-1349	23	84231	13	7	43	0	0	0	0	0	0	0	0	0	0	0	0	0	0	
1404.898567	8	6	3	0	2	7	1	3454	-1351	23	84290	13	7	44	0	0	0	0	0	0	0	0	0	0	0	0	0	0	
1405.903683	8	6	3	0	2	7	1	3446	-1350	23	84350	13	7	46	0	0	0	0	0	0	0	0	0	0	0	0	0	0	
1406.908800	8	6	3	0	2	7	1	3438	-1350	23	84410	13	7	48	0	0	0	0	0	0	0	0	0	0	0	0	0	0	
1407.895200	8	6	3	0	2	7	1	3429	-1347	23	84470	13	7	49	0	0	0	0	0	0	0	0	0	0	0	0	0	0	
1408.901767	8	6	3	0	2	7	1	3422	-1348	23	84530	13	7	51	0	0	0	0	0	0	0	0	0	0	0	0	0	0	
1409.906883	8	6	3	0	2	7	1	3415	-1350	23	84590	13	7	53	0	0	0	0	0	0	0	0	0	0	0	0	0	0	
1410.912000	8	6	3	0	2	7	1	3407	-1350	23	84651	13	7	54	0	0	0	0	0	0	0	0	0	0	0	0	0	0	
1411.898400	8	6	3	0	2	7	1	3401	-1349	23	84710	13	7	56	0	0	0	0	0	0	0	0	0	0	0	0	0	0	
1412.903517	8	6	3	0	2	7	1	3394	-1351	23	84770	13	7	58	0	0	0	0	0	0	0	0	0	0	0	0	0	0	
1413.910083	8	6	3	0	2	7	1	3388	-1350	23	84830	13	7	59	0	0	0	0	0	0	0	0	0	0	0	0	0	0	
1414.896483	8	6	3	0	2	7	1	3382	-1348	23	84890	13	7	61	0	0	0	0	0	0	0	0	0	0	0	0	0	0	
1415.901600	8	6	3	0	2	7	1	3376	-1349	23	84950	13	7	63	0	0	0	0	0	0	0	0	0	0	0	0	0	0	
1416.906717	8	6	3	0	2	7	1	3369	-1350	23	85010	13	7	64	0	0	0	0	0	0	0	0	0	0	0	0	0	0	
1417.911833	8	6	3	0	2	7	1	3362	-1348	23	85071	13	7	66	0	0	0	0	0	0	0	0	0	0	0	0	0	0	
1418.898233	8	6	3	0	2	7	1	3354	-1350	23	85130	13	7	68	0	0	0	0	0	0	0	0	0	0	0	0	0	0	
1419.904800	8	6	3	0	2	7	1	3347	-1350	23	85190	13	7	69	0	0	0	0	0	0	0	0	0	0	0	0	0	0	
1420.909917	8	6	3	0	2	7	1	3338	-1352	23	85250	13	7	71	0	0	0	0	0	0	0	0	0	0	0	0	0	0	
1421.915033	8	6	3	0	2	7	1	3329	-1349	23	85311	13	7	73	0	0	0	0	0	0	0	0	0	0	0	0	0	0	
1422.901433	8	6	3	0	2	7	1	3319	-1349	23	85370	13	7	74	0	0	0	0	0	0	0	0	0	0	0	0	0	0	
1423.906567	8	6	3	0	2	7	1	3307	-1350	23	85430	13	7	76	0	0	0	0	0	0	0	0	0	0	0	0	0	0	
1424.911683	8	6	3	0	2	7	1	3293	-1350	23	85491	13	7	77	0	0	0	0	0	0	0	0	0	0	0	0	0	0	
1425.899517	8	6	3	0	2	7	1	3274	-1349	23	85550	13	7	79	0	0	0	0	0	0	0	0	0	0	0	0	0	0	
1426.904633	8	6	3	0	2	7	1	3250	-1351	23	85610	13	7	81	0	0	0	0	0	0	0	0	0	0	0	0	0	0	
1427.909767	8	6	3	0	2	7	1	3216	-1351	23	85670	13	7	82	0	0	0	0	0	0	0	0	0	0	0	0	0	0	
1428.914883	8	6	3	0	2	7	1	3167	-1347	23	85731	13	7	84	0	0	0	0	0	0	0	0	0	0	0	0	0	0	
1429.904167	8	6	3	0	2	7	1	3089	-1349	23	85790	13	7	86	0	0	0	0	0	0	0	0	0	0	0	0	0	0	
1430.909283	8	6	3	0	2	7	1	2939	-1349	23	85850	13	7	87	0	0	0	0	0	0	0	0	0	0	0	0	0	0	
1431.632167	8	15	3	0	1	31	2	2748	3	23	85894	14	7	89	0	0	0	0	0	0	0	0	0	0	0	0	0	0	
1431.652317	8	3	3	0	1	2	2	3186	662	23	85895	15	7	89	0	0	0	0	0	0	0	0	0	0	0	0	0	0	
1431.900000	8	3	3	0	1	2	2	3396	676	23	85910	15	7	89	0	0	0	0	0	0	0	0	0	0	0	0	0	0	
1432.905117	8	3	3	0	1	2	2	3594	674	23	85970	15	7	89	0	0	0	0	0	0	0	0	0	0	0	0	0	0	
1433.910233	8	3	3	0	1	2	2	3685	674	23	86030	15	7	89	0	0	0	0	0	0	0	0	0	0	0	0	0	0	
1434.915367	8	3	3	0	1	2	2	3747	675	23	86091	15	7	89	0	0	0	0	0	0	0	0	0	0	0	0	0	0	
1435.901767	8	3	3	0	1	2	2	3793	673	23	86150	15	7	89	0	0	0	0	0	0	0	0	0	0	0	0	0	0	
1436.908317	8	3	3	0	1	2	2	3826	674	23	86210	15	7	89	0	0	0	0	0	0	0	0	0	0	0	0	0	0	
1437.913433	8	3	3	0	1	2	2	3842	674	23	86271	15	7	89	0	0	0	0	0	0	0	0	0	0	0	0	0	0	
1438.899833	8	3	3	0	1	2	2	3851	674	23	86330	15	7	89	0	0	0	0	0	0	0	0	0	0	0	0	0	0	
1439.904967	8	3	3	0	1	2	2	3858	674	23	86390	15	7	89	0	0	0	0	0	0	0	0	0	0	0	0	0	0	
1440.910083	8	3	3	0	1	2	2	3864	674	23	86450	15	7	89	0	0	0	0	0	0	0	0	0	0	0	0	0	0	
1441.916633	8	3	3	0	1	2	2	3871	674	23	86511	15	7	89	0	0	0	0	0	0	0	0	0	0	0	0	0	0	
1442.903033	8	3	3	0	1	2	2	3877	675	23	86570	15	7	89	0	0	0	0	0	0	0	0	0	0	0	0	0	0	
1443.908167	8	3	3	0	1	2	2	3883	674	23	86630	15	7	89	0	0	0	0	0	0	0	0	0	0	0	0	0	0	
1444.913283	8	3	3	0	1	2	2	3890	674	23	86691	15	7	89	0	0	0	0	0	0	0	0	0	0	0	0	0	0	
1445.899683	8	3	3	0	1	2	2	3896	674	23	86750	15	7	89	0	0	0	0	0	0	0	0	0	0	0	0	0	0	
1446.906233	8	3	3	0	1	2	2	3902	674	23	86810	15	7	89	0	0	0	0	0	0	0	0	0	0	0	0	0	0	
1447.911367	8	3	3	0	1	2	2	3910	674	23	86870	15	7	89	0	0	0	0	0	0	0	0	0	0	0	0	0	0	
1448.916483	8	3	3	0	1	2	2	3917	674	23	86931	15	7	89	0	0	0	0	0	0	0	0	0	0	0	0	0	0	
1449.902883	8	3	3	0	1	2	2	3923	675	23	86990	15	7	89	0	0	0	0	0	0	0	0	0	0	0	0	0	0	
1450.908000	8	3	3	0	1	2	2	3928	674	23	87050	15	7	89	0	0	0	0	0	0	0	0	0	0	0	0	0	0	
1451.913117	8	3	3	0	1	2	2	3934	675	23	87111	15	7	89	0	0	0	0	0	0	0	0	0	0	0	0	0	0	
1452.900967	8	3	3	0	1	2	2	3939	674	23	87170	15	7	89	0	0	0	0	0	0	0	0	0	0	0	0	0	0	
1453.906083	8	3	3	0	1	2	2	3944	674	23	87230	15	7	89	0	0	0	0	0	0	0	0	0	0	0	0	0	0	
1454.911200	8	3	3	0	1	2	2	3949	674	23	87290	15	7	89	0	0	0	0	0	0	0	0	0	0	0	0	0	0	
1455.916317	8	3	3	0	1	2	2	3952	674	23	87351	15	7	89	0	0	0	0	0	0	0	0	0	0	0	0	0	0	
1456.902717	8	3	3	0	1	2	2	3957	675	23	87410	15	7	89	0	0	0	0	0	0	0	0	0	0	0	0	0	0	
1457.907833	8	3	3	0	1	2	2	3960	675	23	87470	15	7	89	0	0	0	0	0	0	0	0	0	0	0	0	0	0	
1458.914400	8	3	3	0	1	2	2	3963	673	23	87530	15	7	89	0	0	0	0	0	0	0	0	0	0	0	0	0	0	
1459.900800	8	3	3	0	1	2	2	3966	674	23	87590	15	7	89	0	0	0	0	0	0	0	0	0	0	0	0	0	0	
1460.905917	8	3	3	0	1	2	2	3968	674	23	87650	15	7	89	0	0	0	0	0	0	0	0	0	0	0	0	0	0	
1461.911033	8	3	3	0	1	2	2	3972	675	23	87710	15	7	89	0	0	0	0	0	0	0	0	0	0	0	0	0	0	
1462.916167	8	3	3	0	1	2	2	3974	675	23	87771	15	7	89	0	0	0	0	0	0	0	0	0	0	0	0	0	0	
1463.902567	8	3	3	0	1	2	2	3977	674	23	87830	15	7	89	0	0	0	0	0	0	0	0	0	0	0	0	0	0	
1464.909117	8	3	3	0	1	2	2	3980	675	23	87890	15	7	89	0	0	0	0	0	0	0	0	0	0	0	0	0	0	
1465.914233	8	3	3	0	1	2	2	3983	674	23	87950	15	7	89	0	0	0	0	0	0	0	0	0	0	0	0	0	0	
1466.900633	8	3	3	0	1	2	2	3986	674	23	88010	15	7	89	0	0	0	0	0	0	0	0	0	0	0	0	0	0	
1467.905767	8	3	3	0	1	2	2	3989	674	23	88070	15	7	89	0	0	0	0	0	0	0	0	0	0	0	0	0	0	
1468.910883	8	3	3	0	1	2	2	3992	674	23	88130	15	7	89	0	0	0	0	0	0	0	0	0	0	0	0	0	0	
1469.917433	8	3	3	0	1	2	2	3995	675	23	88191	15	7	89	0	0	0	0	0	0	0	0	0	0	0	0	0	0	
1470.903833	8	3	3	0	1	2	2	3997	674	23	88250	15	7	89	0	0	0	0	0	0	0	0	0	0	0	0	0	0	
1471.908967	8	3	3	0	1	2	2	4001	675	23	88310	15	7	89	0	0	0	0	0	0	0	0	0	0	0	0	0	0	
1472.914083	8	3	3	0	1	2	2	4004	675	23	88370	15	7	89	0	0	0	0	0	0	0	0	0	0	0	0	0	0	
1473.900483	8	3	3	0	1	2	2	4007	674	23	88430	15	7	89	0	0	0	0	0	0	0	0	0	0	0	0	0	0	
1474.907033	8	3	3	0	1	2	2	4010	676	23	88490	15	7	89	0	0	0	0	0	0	0	0	0	0	0	0	0	0	
1475.912167	8	3	3	0	1	2	2	4013	674	23	88550	15	7	89	0	0	0	0	0	0	0	0	0	0	0	0	0	0	
1476.917283	8	3	3	0	1	2	2	4016	675	23	88611	15	7	89	0	0	0	0	0	0	0	0	0	0	0	0	0	0	
1477.903683	8	3	3	0	1	2	2	4019	675	23	88670	15	7	89	0	0	0	0	0	0	0	0	0	0	0	0	0	0	
1478.908800	8	3	3	0	1	2	2	4022	674	23	88730	15	7	89	0	0	0	0	0	0	0	0	0	0	0	0	0	0	
1479.913917	8	3	3	0	1	2	2	4026	675	23	88790	15	7	89	0	0	0	0	0	0	0	0	0	0	0	0	0	0	
1480.901767	8	3	3	0	1	2	2	4029	674	23	88850	15	7	89	0	0	0	0	0	0	0	0	0	0	0	0	0	0	
1481.906883	8	3	3	0	1	2	2	4032	674	23	88910	15	7	89	0	0	0	0	0	0	0	0	0	0	0	0	0	0	
1482.912000	8	3	3	0	1	2	2	4035	673	23	88970	15	7	89	0	0	0	0	0	0	0	0	0	0	0	0	0	0	
1483.917117	8	3	3	0	1	2	2	4039	674	23	89031	15	7	89	0	0	0	0	0	0	0	0	0	0	0	0	0	0	
1484.903517	8	3	3	0	1	2	2	4043	674	23	89090	15	7	89	0	0	0	0	0	0	0	0	0	0	0	0	0	0	
1485.910083	8	3	3	0	1	2	2	4047	675	23	89150	15	7	89	0	0	0	0	0	0	0	0	0	0	0	0	0	0	
1486.915200	8	3	3	0	1	2	2	4050	674	23	89210	15	7	89	0	0	0	0	0	0	0	0	0	0	0	0	0	0	
1487.901600	8	3	3	0	1	2	2	4054	674	23	89270	15	7	89	0	0	0	0	0	0	0	0	0	0	0	0	0	0	
1488.906717	8	3	3	0	1	2	2	4058	675	23	89330	15	7	89	0	0	0	0	0	0	0	0	0	0	0	0	0	0	
1489.911833	8	3	3	0	1	2	2	4063	675	23	89390	15	7	89	0	0	0	0	0	0	0	0	0	0	0	0	0	0	
1490.918400	8	3	3	0	1	2	2	4067	675	23	89451	15	7	89	0	0	0	0	0	0	0	0	0	0	0	0	0	0	
1491.904800	8	3	3	0	1	2	2	4071	673	23	89510	15	7	89	0	0	0	0	0	0	0	0	0	0	0	0	0	0	
1492.909917	8	3	3	0	1	2	2	4075	674	23	89570	15	7	89	0	0	0	0	0	0	0	0	0	0	0	0	0	0	
1493.915033	8	3	3	0	1	2	2	4080	675	23	89630	15	7	89	0	0	0	0	0	0	0	0	0	0	0	0	0	0	
1494.901433	8	3	3	0	1	2	2	4085	674	23	89690	15	7	89	0	0	0	0	0	0	0	0	0	0	0	0	0	0	
1495.908000	8	3	3	0	1	2	2	4090	675	23	89750	15	7	89	0	0	0	0	0	0	0	0	0	0	0	0	0	0	
1496.913117	8	3	3	0	1	2	2	4095	676	23	89810	15	7	89	0	0	0	0	0	0	0	0	0	0	0	0	0	0	
1497.918233	8	3	3	0	1	2	2	4099	674	23	89871	15	7	89	0	0	0	0	0	0	0	0	0	0	0	0	0	0	
1498.904633	8	3	3	0	1	2	2	4105	675	23	89930	15	7	89	0	0	0	0	0	0	0	0	0	0	0	0	0	0	
1499.909767	8	3	3	0	1	2	2	4110	675	23	89990	15	7	89	0	0	0	0	0	0	0	0	0	0	0	0	0	0	
1500.916317	8	3	3	0	1	2	2	4116	676	23	90050	15	7	89	0	0	0	0	0	0	0	0	0	0	0	0	0	0	
1501.921433	8	3	3	0	1	2	2	4119	665	23	90111	15	7	89	0	0	0	0	0	0	0	0	0	0	0	0	0	0	
1502.907833	8	3	3	0	1	2	2	4124	666	23	90170	15	7	89	0	0	0	0	0	0	0	0	0	0	0	0	0	0	
1503.912967	8	3	3	0	1	2	2	4130	665	23	90230	15	7	89	0	0	0	0	0	0	0	0	0	0	0	0	0	0	
1504.918083	8	3	3	0	1	2	2	4135	665	23	90291	15	7	89	0	0	0	0	0	0	0	0	0	0	0	0	0	0	
1505.904483	8	3	3	0	1	2	2	4140	663	23	90350	15	7	89	0	0	0	0	0	0	0	0	0	0	0	0	0	0	
1506.911033	8	3	3	0	1	2	2	4146	663	23	90410	15	7	89	0	0	0	0	0	0	0	0	0	0	0	0	0	0	
1507.916167	8	3	3	0	1	2	2	4151	661	23	90470	15	7	89	0	0	0	0	0	0	0	0	0	0	0	0	0	0	
1508.921283	8	3	3	0	1	2	2	4158	663	23	90531	15	7	89	0	0	0	0	0	0	0	0	0	0	0	0	0	0	
1509.907683	8	3	3	0	1	2	2	4163	660	23	90590	15	7	89	0	0	0	0	0	0	0	0	0	0	0	0	0	0	
1510.912800	8	3	3	0	1	2	2	4168	659	23	90650	15	7	89	0	0	0	0	0	0	0	0	0	0	0	0	0	0	
1511.917917	8	3	3	0	1	2	2	4175	656	23	90711	15	7	89	0	0	0	0	0	0	0	0	0	0	0	0	0	0	
1512.905767	8	3	3	0	1	2	2	4180	655	23	90770	15	7	89	0	0	0	0	0	0	0	0	0	0	0	0	0	0	
1513.910883	8	3	3	0	1	2	2	4187	654	23	90830	15	7	89	0	0	0	0	0	0	0	0	0	0	0	0	0	0	
1514.916000	8	3	3	0	1	2	2	4194	655	23	90890	15	7	89	0	0	0	0	0	0	0	0	0	0	0	0	0	0	
1515.921117	8	3	3	0	1	2	2	4198	647	23	90951	15	7	89	0	0	0	0	0	0	0	0	0	0	0	0	0	0	
1516.907517	8	3	3	0	1	2	2	4198	623	23	91010	15	7	89	0	0	0	0	0	0	0	0	0	0	0	0	0	0	
1517.914083	8	3	3	0	1	2	2	4199	599	23	91070	15	7	89	0	0	0	0	0	0	0	0	0	0	0	0	0	0	
1518.919200	8	3	3	0	1	2	2	4199	578	23	91131	15	7	89	0	0	0	0	0	0	0	0	0	0	0	0	0	0	
1519.905600	8	3	3	0	1	2	2	4199	557	23	91190	15	7	89	0	0	0	0	0	0	0	0	0	0	0	0	0	0	
1520.910717	8	3	3	0	1	2	2	4198	537	23	91250	15	7	89	0	0	0	0	0	0	0	0	0	0	0	0	0	0	
1521.915833	8	3	3	0	1	2	2	4199	516	23	91310	15	7	89	0	0	0	0	0	0	0	0	0	0	0	0	0	0	
1522.922400	8	3	3	0	1	2	2	4198	497	23	91371	15	7	89	0	0	0	0	0	0	0	0	0	0	0	0	0	0	
1523.908800	8	3	3	0	1	2	2	4199	479	23	91430	15	7	89	0	0	0	0	0	0	0	0	0	0	0	0	0	0	
1524.913917	8	3	3	0	1	2	2	4198	462	23	91490	15	7	89	0	0	0	0	0	0	0	0	0	0	0	0	0	0	
1525.919033	8	3	3	0	1	2	2	4199	445	23	91550	15	7	89	0	0	0	0	0	0	0	0	0	0	0	0	0	0	
1526.905433	8	3	3	0	1	2	2	4199	429	23	91610	15	7	89	0	0	0	0	0	0	0	0	0	0	0	0	0	0	
1527.910567	8	3	3	0	1	2	2	4198	414	23	91670	15	7	89	0	0	0	0	0	0	0	0	0	0	0	0	0	0	
1528.917117	8	3	3	0	1	2	2	4198	398	23	91730	15	7	89	0	0	0	0	0	0	0	0	0	0	0	0	0	0	
1529.922233	8	3	3	0	1	2	2	4199	384	23	91791	15	7	89	0	0	0	0	0	0	0	0	0	0	0	0	0	0	
1530.908633	8	3	3	0	1	2	2	4198	370	23	91850	15	7	89	0	0	0	0	0	0	0	0	0	0	0	0	0	0	
1531.913767	8	3	3	0	1	2	2	4199	356	23	91910	15	7	89	0	0	0	0	0	0	0	0	0	0	0	0	0	0	
1532.918883	8	3	3	0	1	2	2	4198	343	23	91970	15	7	89	0	0	0	0	0	0	0	0	0	0	0	0	0	0	
1533.905283	8	3	3	0	1	2	2	4199	332	23	92030	15	7	89	0	0	0	0	0	0	0	0	0	0	0	0	0	0	
1534.911833	8	3	3	0	1	2	2	4199	319	23	92090	15	7	89	0	0	0	0	0	0	0	0	0	0	0	0	0	0	
1535.916967	8	3	3	0	1	2	2	4199	307	23	92150	15	7	89	0	0	0	0	0	0	0	0	0	0	0	0	0	0	
1536.922083	8	3	3	0	1	2	2	4199	296	23	92211	15	7	89	0	0	0	0	0	0	0	0	0	0	0	0	0	0	
1537.908483	8	3	3	0	1	2	2	4198	286	23	92270	15	7	89	0	0	0	0	0	0	0	0	0	0	0	0	0	0	
1538.913600	8	3	3	0	1	2	2	4199	275	23	92330	15	7	89	0	0	0	0	0	0	0	0	0	0	0	0	0	0	
1539.920167	8	3	3	0	1	2	2	4198	265	23	92390	15	7	89	0	0	0	0	0	0	0	0	0	0	0	0	0	0	
1540.906567	8	3	3	0	1	2	2	4199	255	23	92450	15	7	89	0	0	0	0	0	0	0	0	0	0	0	0	0	0	
1541.911683	8	3	3	0	1	2	2	4199	248	23	92510	15	7	89	0	0	0	0	0	0	0	0	0	0	0	0	0	0	
1542.916800	8	3	3	0	1	2	2	4199	238	23	92570	15	7	89	0	0	0	0	0	0	0	0	0	0	0	0	0	0	
1543.921917	8	3	3	0	1	2	2	4198	228	23	92631	15	7	89	0	0	0	0	0	0	0	0	0	0	0	0	0	0	
1544.909767	8	3	3	0	1	2	2	4198	221	23	92690	15	7	89	0	0	0	0	0	0	0	0	0	0	0	0	0	0	
1545.914883	8	3	3	0	1	2	2	4198	212	23	92750	15	7	89	0	0	0	0	0	0	0	0	0	0	0	0	0	0	
1546.920000	8	3	3	0	1	2	2	4198	205	23	92810	15	7	89	0	0	0	0	0	0	0	0	0	0	0	0	0	0	
1547.906400	8	3	3	0	1	2	2	4198	197	23	92870	15	7	89	0	0	0	0	0	0	0	0	0	0	0	0	0	0	
1548.911517	8	3	3	0	1	2	2	4198	190	23	92930	15	7	89	0	0	0	0	0	0	0	0	0	0	0	0	0	0	
1549.916633	8	3	3	0	1	2	2	4198	184	23	92990	15	7	89	0	0	0	0	0	0	0	0	0	0	0	0	0	0	
1550.923200	8	3	3	0	1	2	2	4199	177	23	93051	15	7	89	0	0	0	0	0	0	0	0	0	0	0	0	0	0	
1551.909600	8	3	3	0	1	2	2	4199	170	23	93110	15	7	89	0	0	0	0	0	0	0	0	0	0	0	0	0	0	
1552.914717	8	3	3	0	1	2	2	4198	164	23	93170	15	7	89	0	0	0	0	0	0	0	0	0	0	0	0	0	0	
1553.919833	8	3	3	0	1	2	2	4199	157	23	93230	15	7	89	0	0	0	0	0	0	0	0	0	0	0	0	0	0	
1554.906233	8	3	3	0	1	2	2	4198	153	23	93290	15	7	89	0	0	0	0	0	0	0	0	0	0	0	0	0	0	
1555.912800	8	3	3	0	1	2	2	4199	147	23	93350	15	7	89	0	0	0	0	0	0	0	0	0	0	0	0	0	0	
1556.917917	8	3	3	0	1	2	2	4199	142	23	93410	15	7	89	0	0	0	0	0	0	0	0	0	0	0	0	0	0	
1557.923033	8	3	3	0	1	2	2	4199	136	23	93471	15	7	89	0	0	0	0	0	0	0	0	0	0	0	0	0	0	
1558.909433	8	3	3	0	1	2	2	4198	131	23	93530	15	7	89	0	0	0	0	0	0	0	0	0	0	0	0	0	0	
1559.914567	8	3	3	0	1	2	2	4198	127	23	93590	15	7	89	0	0	0	0	0	0	0	0	0	0	0	0	0	0	
1560.921117	8	3	3	0	1	2	2	4199	122	23	93650	15	7	89	0	0	0	0	0	0	0	0	0	0	0	0	0	0	
1561.926233	8	3	3	0	1	2	2	4199	119	23	93711	15	7	89	0	0	0	0	0	0	0	0	0	0	0	0	0	0	
1562.912633	8	3	3	0	1	2	2	4198	114	23	93770	15	7	89	0	0	0	0	0	0	0	0	0	0	0	0	0	0	
1563.917767	8	3	3	0	1	2	2	4199	110	23	93830	15	7	89	0	0	0	0	0	0	0	0	0	0	0	0	0	0	
1564.922883	8	3	3	0	1	2	2	4199	107	23	93891	15	7	89	0	0	0	0	0	0	0	0	0	0	0	0	0	0	
1565.909283	8	3	3	0	1	2	2	4199	103	23	93950	15	7	89	0	0	0	0	0	0	0	0	0	0	0	0	0	0	
1566.915833	8	3	3	0	1	2	2	4198	98	23	94010	15	7	89	0	0	0	0	0	0	0	0	0	0	0	0	0	0	
1567.920967	8	3	3	0	1	2	2	4199	95	23	94070	15	7	89	0	0	0	0	0	0	0	0	0	0	0	0	0	0	
1568.926083	8	3	3	0	1	2	2	4198	92	23	94131	15	7	89	0	0	0	0	0	0	0	0	0	0	0	0	0	0	
1569.912483	8	3	3	0	1	2	2	4198	89	23	94190	15	7	89	0	0	0	0	0	0	0	0	0	0	0	0	0	0	
1570.917600	8	3	3	0	1	2	2	4198	86	23	94250	15	7	89	0	0	0	0	0	0	0	0	0	0	0	0	0	0	
1571.924167	8	3	3	0	1	2	2	4198	83	23	94311	15	7	89	0	0	0	0	0	0	0	0	0	0	0	0	0	0	
1572.910567	8	3	3	0	1	2	2	4198	81	23	94370	15	7	89	0	0	0	0	0	0	0	0	0	0	0	0	0	0	
1573.915683	8	3	3	0	1	2	2	4199	78	23	94430	15	7	89	0	0	0	0	0	0	0	0	0	0	0	0	0	0	
1574.920800	8	3	3	0	1	2	2	4198	74	23	94490	15	7	89	0	0	0	0	0	0	0	0	0	0	0	0	0	0	
1575.925917	8	3	3	0	1	2	2	4199	72	23	94551	15	7	89	0	0	0	0	0	0	0	0	0	0	0	0	0	0	
1576.912317	8	3	3	0	1	2	2	4198	70	23	94610	15	7	89	0	0	0	0	0	0	0	0	0	0	0	0	0	0	
1577.918883	8	3	3	0	1	2	2	4199	68	23	94670	15	7	89	0	0	0	0	0	0	0	0	0	0	0	0	0	0	
1578.283200	8	6	3	0	2	7	1	4075	-541	23	94692	15	8	0	0	0	0	0	0	0	0	0	0	0	0	0	0	0	
1578.925433	8	6	3	0	2	7	1	3833	-1350	23	94731	15	8	1	0	0	0	0	0	0	0	0	0	0	0	0	0	0	
1579.911833	8	6	3	0	2	7	1	3798	-1351	23	94790	15	8	2	0	0	0	0	0	0	0	0	0	0	0	0	0	0	
1580.916967	8	6	3	0	2	7	1	3775	-1351	23	94850	15	8	4	0	0	0	0	0	0	0	0	0	0	0	0	0	0	
1581.922083	8	6	3	0	2	7	1	3756	-1349	23	94910	15	8	6	0	0	0	0	0	0	0	0	0	0	0	0	0	0	
1582.909917	8	6	3	0	2	7	1	3737	-1351	23	94970	15	8	7	0	0	0	0	0	0	0	0	0	0	0	0	0	0	
1583.915033	8	6	3	0	2	7	1	3720	-1349	23	95030	15	8	9	0	0	0	0	0	0	0	0	0	0	0	0	0	0	
1584.920167	8	6	3	0	2	7	1	3704	-1350	23	95090	15	8	10	0	0	0	0	0	0	0	0	0	0	0	0	0	0	
1585.925283	8	6	3	0	2	7	1	3686	-1352	23	95151	15	8	12	0	0	0	0	0	0	0	0	0	0	0	0	0	0	
1586.911683	8	6	3	0	2	7	1	3672	-1349	23	95210	15	8	14	0	0	0	0	0	0	0	0	0	0	0	0	0	0	
1587.918233	8	6	3	0	2	7	1	3659	-1351	23	95270	15	8	15	0	0	0	0	0	0	0	0	0	0	0	0	0	0	
1588.923367	8	6	3	0	2	7	1	3643	-1350	23	95330	15	8	17	0	0	0	0	0	0	0	0	0	0	0	0	0	0	
1589.909767	8	6	3	0	2	7	1	3630	-1348	23	95390	15	8	19	0	0	0	0	0	0	0	0	0	0	0	0	0	0	
1590.914883	8	6	3	0	2	7	1	3616	-1351	23	95450	15	8	20	0	0	0	0	0	0	0	0	0	0	0	0	0	0	
1591.920000	8	6	3	0	2	7	1	3604	-1350	23	95510	15	8	22	0	0	0	0	0	0	0	0	0	0	0	0	0	0	
1592.926567	8	6	3	0	2	7	1	3592	-1350	23	95571	15	8	24	0	0	0	0	0	0	0	0	0	0	0	0	0	0	
1593.912967	8	6	3	0	2	7	1	3580	-1350	23	95630	15	8	25	0	0	0	0	0	0	0	0	0	0	0	0	0	0	
1594.918083	8	6	3	0	2	7	1	3568	-1349	23	95690	15	8	27	0	0	0	0	0	0	0	0	0	0	0	0	0	0	
1595.923200	8	6	3	0	2	7	1	3557	-1350	23	95750	15	8	29	0	0	0	0	0	0	0	0	0	0	0	0	0	0	
1596.909600	8	6	3	0	2	7	1	3546	-1348	23	95810	15	8	30	0	0	0	0	0	0	0	0	0	0	0	0	0	0	
1597.916167	8	6	3	0	2	7	1	3534	-1349	23	95870	15	8	32	0	0	0	0	0	0	0	0	0	0	0	0	0	0	
1598.921283	8	6	3	0	2	7	1	3523	-1349	23	95930	15	8	34	0	0	0	0	0	0	0	0	0	0	0	0	0	0	
1599.926400	8	6	3	0	2	7	1	3512	-1350	23	95991	15	8	35	0	0	0	0	0	0	0	0	0	0	0	0	0	0	
1600.912800	8	6	3	0	2	7	1	3502	-1351	23	96050	15	8	37	0	0	0	0	0	0	0	0	0	0	0	0	0	0	
1601.917917	8	6	3	0	2	7	1	3492	-1349	23	96110	15	8	39	0	0	0	0	0	0	0	0	0	0	0	0	0	0	
1602.924483	8	6	3	0	2	7	1	3481	-1349	23	96170	15	8	40	0	0	0	0	0	0	0	0	0	0	0	0	0	0	
1603.929600	8	6	3	0	2	7	1	3472	-1349	23	96231	15	8	42	0	0	0	0	0	0	0	0	0	0	0	0	0	0	
1604.916000	8	6	3	0	2	7	1	3462	-1350	23	96290	15	8	44	0	0	0	0	0	0	0	0	0	0	0	0	0	0	
1605.921117	8	6	3	0	2	7	1	3454	-1350	23	96350	15	8	45	0	0	0	0	0	0	0	0	0	0	0	0	0	0	
1606.926233	8	6	3	0	2	7	1	3446	-1350	23	96411	15	8	47	0	0	0	0	0	0	0	0	0	0	0	0	0	0	
1607.912633	8	6	3	0	2	7	1	3438	-1351	23	96470	15	8	48	0	0	0	0	0	0	0	0	0	0	0	0	0	0	
1608.919200	8	6	3	0	2	7	1	3430	-1349	23	96530	15	8	50	0	0	0	0	0	0	0	0	0	0	0	0	0	0	
1609.924317	8	6	3	0	2	7	1	3423	-1349	23	96590	15	8	52	0	0	0	0	0	0	0	0	0	0	0	0	0	0	
1610.929433	8	6	3	0	2	7	1	3415	-1349	23	96651	15	8	54	0	0	0	0	0	0	0	0	0	0	0	0	0	0	
1611.915833	8	6	3	0	2	7	1	3408	-1349	23	96710	15	8	55	0	0	0	0	0	0	0	0	0	0	0	0	0	0	
1612.920967	8	6	3	0	2	7	1	3402	-1349	23	96770	15	8	57	0	0	0	0	0	0	0	0	0	0	0	0	0	0	
1613.927517	8	6	3	0	2	7	1	3396	-1349	23	96831	15	8	59	0	0	0	0	0	0	0	0	0	0	0	0	0	0	
1614.913917	8	6	3	0	2	7	1	3389	-1349	23	96890	15	8	60	0	0	0	0	0	0	0	0	0	0	0	0	0	0	
1615.919033	8	6	3	0	2	7	1	3382	-1352	23	96950	15	8	62	0	0	0	0	0	0	0	0	0	0	0	0	0	0	
1616.924167	8	6	3	0	2	7	1	3374	-1351	23	97010	15	8	63	0	0	0	0	0	0	0	0	0	0	0	0	0	0	
1617.929283	8	6	3	0	2	7	1	3368	-1350	23	97071	15	8	65	0	0	0	0	0	0	0	0	0	0	0	0	0	0	
1618.915683	8	6	3	0	2	7	1	3361	-1349	23	97130	15	8	67	0	0	0	0	0	0	0	0	0	0	0	0	0	0	
1619.922233	8	6	3	0	2	7	1	3353	-1350	23	97190	15	8	68	0	0	0	0	0	0	0	0	0	0	0	0	0	0	
1620.927367	8	6	3	0	2	7	1	3345	-1349	23	97251	15	8	70	0	0	0	0	0	0	0	0	0	0	0	0	0	0	
1621.913767	8	6	3	0	2	7	1	3336	-1348	23	97310	15	8	72	0	0	0	0	0	0	0	0	0	0	0	0	0	0	
1622.918883	8	6	3	0	2	7	1	3327	-1350	23	97370	15	8	73	0	0	0	0	0	0	0	0	0	0	0	0	0	0	
1623.924000	8	6	3	0	2	7	1	3315	-1349	23	97430	15	8	75	0	0	0	0	0	0	0	0	0	0	0	0	0	0	
1624.929117	8	6	3	0	2	7	1	3302	-1348	23	97491	15	8	77	0	0	0	0	0	0	0	0	0	0	0	0	0	0	
1625.916967	8	6	3	0	2	7	1	3285	-1349	23	97550	15	8	78	0	0	0	0	0	0	0	0	0	0	0	0	0	0	
1626.922083	8	6	3	0	2	7	1	3263	-1350	23	97610	15	8	80	0	0	0	0	0	0	0	0	0	0	0	0	0	0	
1627.927200	8	6	3	0	2	7	1	3233	-1349	23	97670	15	8	82	0	0	0	0	0	0	0	0	0	0	0	0	0	0	
1628.913600	8	6	3	0	2	7	1	3192	-1350	23	97730	15	8	83	0	0	0	0	0	0	0	0	0	0	0	0	0	0	
1629.918717	8	6	3	0	2	7	1	3127	-1350	23	97790	15	8	85	0	0	0	0	0	0	0	0	0	0	0	0	0	0	
1630.925283	8	6	3	0	2	7	1	3015	-1350	23	97850	15	8	87	0	0	0	0	0	0	0	0	0	0	0	0	0	0	
1631.930400	8	6	3	0	2	7	1	2735	-1351	23	97911	15	8	88	0	0	0	0	0	0	0	0	0	0	0	0	0	0	
1632.049917	8	15	3	0	1	31	2	2856	21	23	97918	16	8	89	0	0	0	0	0	0	0	0	0	0	0	0	0	0	
1632.071517	8	3	3	0	1	2	2	3198	677	23	97919	17	8	89	0	0	0	0	0	0	0	0	0	0	0	0	0	0	
1632.919683	8	3	3	0	1	2	2	3539	674	23	97970	17	8	89	0	0	0	0	0	0	0	0	0	0	0	0	0	0	
1633.926233	8	3	3	0	1	2	2	3653	674	23	98030	17	8	89	0	0	0	0	0	0	0	0	0	0	0	0	0	0	
1634.931367	8	3	3	0	1	2	2	3724	674	23	98091	17	8	89	0	0	0	0	0	0	0	0	0	0	0	0	0	0	
1635.917767	8	3	3	0	1	2	2	3774	674	23	98150	17	8	89	0	0	0	0	0	0	0	0	0	0	0	0	0	0	
1636.922883	8	3	3	0	1	2	2	3813	674	23	98210	17	8	89	0	0	0	0	0	0	0	0	0	0	0	0	0	0	
1637.928000	8	3	3	0	1	2	2	3836	674	23	98271	17	8	89	0	0	0	0	0	0	0	0	0	0	0	0	0	0	
1638.914400	8	3	3	0	1	2	2	3846	674	23	98330	17	8	89	0	0	0	0	0	0	0	0	0	0	0	0	0	0	
1639.920967	8	3	3	0	1	2	2	3854	675	23	98390	17	8	89	0	0	0	0	0	0	0	0	0	0	0	0	0	0	
1640.926083	8	3	3	0	1	2	2	3861	675	23	98450	17	8	89	0	0	0	0	0	0	0	0	0	0	0	0	0	0	
1641.931200	8	3	3	0	1	2	2	3867	675	23	98511	17	8	89	0	0	0	0	0	0	0	0	0	0	0	0	0	0	
1642.917600	8	3	3	0	1	2	2	3874	675	23	98570	17	8	89	0	0	0	0	0	0	0	0	0	0	0	0	0	0	
1643.922717	8	3	3	0	1	2	2	3880	675	23	98630	17	8	89	0	0	0	0	0	0	0	0	0	0	0	0	0	0	
1644.927833	8	3	3	0	1	2	2	3886	674	23	98690	17	8	89	0	0	0	0	0	0	0	0	0	0	0	0	0	0	
1645.915683	8	3	3	0	1	2	2	3893	675	23	98750	17	8	89	0	0	0	0	0	0	0	0	0	0	0	0	0	0	
1646.920800	8	3	3	0	1	2	2	3899	674	23	98810	17	8	89	0	0	0	0	0	0	0	0	0	0	0	0	0	0	
1647.925917	8	3	3	0	1	2	2	3906	675	23	98870	17	8	89	0	0	0	0	0	0	0	0	0	0	0	0	0	0	
1648.931033	8	3	3	0	1	2	2	3912	674	23	98931	17	8	89	0	0	0	0	0	0	0	0	0	0	0	0	0	0	
1649.917433	8	3	3	0	1	2	2	3918	675	23	98990	17	8	89	0	0	0	0	0	0	0	0	0	0	0	0	0	0	
1650.924000	8	3	3	0	1	2	2	3925	675	23	99050	17	8	89	0	0	0	0	0	0	0	0	0	0	0	0	0	0	
1651.929117	8	3	3	0	1	2	2	3931	675	23	99110	17	8	89	0	0	0	0	0	0	0	0	0	0	0	0	0	0	
1652.915517	8	3	3	0	1	2	2	3936	674	23	99170	17	8	89	0	0	0	0	0	0	0	0	0	0	0	0	0	0	
1653.920633	8	3	3	0	1	2	2	3941	674	23	99230	17	8	89	0	0	0	0	0	0	0	0	0	0	0	0	0	0	
1654.925767	8	3	3	0	1	2	2	3946	675	23	99290	17	8	89	0	0	0	0	0	0	0	0	0	0	0	0	0	0	
1655.932317	8	3	3	0	1	2	2	3950	674	23	99351	17	8	89	0	0	0	0	0	0	0	0	0	0	0	0	0	0	
1656.918717	8	3	3	0	1	2	2	3954	675	23	99410	17	8	89	0	0	0	0	0	0	0	0	0	0	0	0	0	0	
1657.923833	8	3	3	0	1	2	2	3957	674	23	99470	17	8	89	0	0	0	0	0	0	0	0	0	0	0	0	0	0	
1658.928967	8	3	3	0	1	2	2	3960	674	23	99530	17	8	89	0	0	0	0	0	0	0	0	0	0	0	0	0	0	
1659.915367	8	3	3	0	1	2	2	3962	673	23	99590	17	8	89	0	0	0	0	0	0	0	0	0	0	0	0	0	0	
1660.921917	8	3	3	0	1	2	2	3966	675	23	99650	17	8	89	0	0	0	0	0	0	0	0	0	0	0	0	0	0	
1661.927033	8	3	3	0	1	2	2	3968	675	23	99710	17	8	89	0	0	0	0	0	0	0	0	0	0	0	0	0	0	
1662.932167	8	3	3	0	1	2	2	3971	675	23	99771	17	8	89	0	0	0	0	0	0	0	0	0	0	0	0	0	0	
1663.918567	8	3	3	0	1	2	2	3974	674	23	99830	17	8	89	0	0	0	0	0	0	0	0	0	0	0	0	0	0	
1664.923683	8	3	3	0	1	2	2	3976	674	23	99890	17	8	89	0	0	0	0	0	0	0	0	0	0	0	0	0	0	
1665.928800	8	3	3	0	1	2	2	3979	675	23	99950	17	8	89	0	0	0	0	0	0	0	0	0	0	0	0	0	0	
1666.916633	8	3	3	0	1	2	2	3982	675	23	100010	17	8	89	0	0	0	0	0	0	0	0	0	0	0	0	0	0	
1667.921767	8	3	3	0	1	2	2	3985	674	23	100070	17	8	89	0	0	0	0	0	0	0	0	0	0	0	0	0	0	
1668.926883	8	3	3	0	1	2	2	3988	675	23	100130	17	8	89	0	0	0	0	0	0	0	0	0	0	0	0	0	0	
1669.932000	8	3	3	0	1	2	2	3991	674	23	100191	17	8	89	0	0	0	0	0	0	0	0	0	0	0	0	0	0	
1670.918400	8	3	3	0	1	2	2	3994	675	23	100250	17	8	89	0	0	0	0	0	0	0	0	0	0	0	0	0	0	
1671.923517	8	3	3	0	1	2	2	3997	674	23	100310	17	8	89	0	0	0	0	0	0	0	0	0	0	0	0	0	0	
1672.930083	8	3	3	0	1	2	2	4001	674	23	100370	17	8	89	0	0	0	0	0	0	0	0	0	0	0	0	0	0	
1673.916483	8	3	3	0	1	2	2	4004	675	23	100430	17	8	89	0	0	0	0	0	0	0	0	0	0	0	0	0	0	
1674.921600	8	3	3	0	1	2	2	4007	675	23	100490	17	8	89	0	0	0	0	0	0	0	0	0	0	0	0	0	0	
1675.926717	8	3	3	0	1	2	2	4010	673	23	100550	17	8	89	0	0	0	0	0	0	0	0	0	0	0	0	0	0	
1676.931833	8	3	3	0	1	2	2	4013	675	23	100611	17	8	89	0	0	0	0	0	0	0	0	0	0	0	0	0	0	
1677.919683	8	3	3	0	1	2	2	4016	675	23	100670	17	8	89	0	0	0	0	0	0	0	0	0	0	0	0	0	0	
1678.924800	8	3	3	0	1	2	2	4019	675	23	100730	17	8	89	0	0	0	0	0	0	0	0	0	0	0	0	0	0	
1679.929917	8	3	3	0	1	2	2	4023	674	23	100790	17	8	89	0	0	0	0	0	0	0	0	0	0	0	0	0	0	
1680.935033	8	3	3	0	1	2	2	4026	675	23	100851	17	8	89	0	0	0	0	0	0	0	0	0	0	0	0	0	0	
1681.921433	8	3	3	0	1	2	2	4029	675	23	100910	17	8	89	0	0	0	0	0	0	0	0	0	0	0	0	0	0	
1682.928000	8	3	3	0	1	2	2	4033	675	23	100970	17	8	89	0	0	0	0	0	0	0	0	0	0	0	0	0	0	
1683.933117	8	3	3	0	1	2	2	4036	674	23	101031	17	8	89	0	0	0	0	0	0	0	0	0	0	0	0	0	0	
1684.919517	8	3	3	0	1	2	2	4040	674	23	101090	17	8	89	0	0	0	0	0	0	0	0	0	0	0	0	0	0	
1685.924633	8	3	3	0	1	2	2	4044	674	23	101150	17	8	89	0	0	0	0	0	0	0	0	0	0	0	0	0	0	
1686.929767	8	3	3	0	1	2	2	4048	674	23	101210	17	8	89	0	0	0	0	0	0	0	0	0	0	0	0	0	0	
1687.936317	8	3	3	0	1	2	2	4052	674	23	101271	17	8	89	0	0	0	0	0	0	0	0	0	0	0	0	0	0	
1688.922717	8	3	3	0	1	2	2	4057	675	23	101330	17	8	89	0	0	0	0	0	0	0	0	0	0	0	0	0	0	
1689.927833	8	3	3	0	1	2	2	4061	675	23	101390	17	8	89	0	0	0	0	0	0	0	0	0	0	0	0	0	0	
1690.932967	8	3	3	0	1	2	2	4065	675	23	101451	17	8	89	0	0	0	0	0	0	0	0	0	0	0	0	0	0	
1691.919367	8	3	3	0	1	2	2	4069	674	23	101510	17	8	89	0	0	0	0	0	0	0	0	0	0	0	0	0	0	
1692.924483	8	3	3	0	1	2	2	4074	675	23	101570	17	8	89	0	0	0	0	0	0	0	0	0	0	0	0	0	0	
1693.931033	8	3	3	0	1	2	2	4078	675	23	101630	17	8	89	0	0	0	0	0	0	0	0	0	0	0	0	0	0	
1694.936167	8	3	3	0	1	2	2	4083	675	23	101691	17	8	89	0	0	0	0	0	0	0	0	0	0	0	0	0	0	
1695.922567	8	3	3	0	1	2	2	4088	675	23	101750	17	8	89	0	0	0	0	0	0	0	0	0	0	0	0	0	0	
1696.927683	8	3	3	0	1	2	2	4093	675	23	101810	17	8	89	0	0	0	0	0	0	0	0	0	0	0	0	0	0	
1697.932800	8	3	3	0	1	2	2	4098	676	23	101871	17	8	89	0	0	0	0	0	0	0	0	0	0	0	0	0	0	
1698.919200	8	3	3	0	1	2	2	4103	675	23	101930	17	8	89	0	0	0	0	0	0	0	0	0	0	0	0	0	0	
1699.925767	8	3	3	0	1	2	2	4108	674	23	101990	17	8	89	0	0	0	0	0	0	0	0	0	0	0	0	0	0	
1700.930883	8	3	3	0	1	2	2	4114	675	23	102050	17	8	89	0	0	0	0	0	0	0	0	0	0	0	0	0	0	
1701.936000	8	3	3	0	1	2	2	4117	667	23	102111	17	8	89	0	0	0	0	0	0	0	0	0	0	0	0	0	0	
1702.922400	8	3	3	0	1	2	2	4122	666	23	102170	17	8	89	0	0	0	0	0	0	0	0	0	0	0	0	0	0	
1703.927517	8	3	3	0	1	2	2	4127	665	23	102230	17	8	89	0	0	0	0	0	0	0	0	0	0	0	0	0	0	
1704.934083	8	3	3	0	1	2	2	4132	663	23	102291	17	8	89	0	0	0	0	0	0	0	0	0	0	0	0	0	0	
1705.920483	8	3	3	0	1	2	2	4137	661	23	102350	17	8	89	0	0	0	0	0	0	0	0	0	0	0	0	0	0	
1706.925600	8	3	3	0	1	2	2	4143	661	23	102410	17	8	89	0	0	0	0	0	0	0	0	0	0	0	0	0	0	
1707.930717	8	3	3	0	1	2	2	4148	659	23	102470	17	8	89	0	0	0	0	0	0	0	0	0	0	0	0	0	0	
1708.935833	8	3	3	0	1	2	2	4154	660	23	102531	17	8	89	0	0	0	0	0	0	0	0	0	0	0	0	0	0	
1709.923683	8	3	3	0	1	2	2	4160	658	23	102590	17	8	89	0	0	0	0	0	0	0	0	0	0	0	0	0	0	
1710.928800	8	3	3	0	1	2	2	4166	660	23	102650	17	8	89	0	0	0	0	0	0	0	0	0	0	0	0	0	0	
1711.933917	8	3	3	0	1	2	2	4172	656	23	102711	17	8	89	0	0	0	0	0	0	0	0	0	0	0	0	0	0	
1712.920317	8	3	3	0	1	2	2	4177	656	23	102770	17	8	89	0	0	0	0	0	0	0	0	0	0	0	0	0	0	
1713.925433	8	3	3	0	1	2	2	4184	657	23	102830	17	8	89	0	0	0	0	0	0	0	0	0	0	0	0	0	0	
1714.932000	8	3	3	0	1	2	2	4190	656	23	102890	17	8	89	0	0	0	0	0	0	0	0	0	0	0	0	0	0	
1715.937117	8	3	3	0	1	2	2	4196	650	23	102951	17	8	89	0	0	0	0	0	0	0	0	0	0	0	0	0	0	
1716.923517	8	3	3	0	1	2	2	4198	635	23	103010	17	8	89	0	0	0	0	0	0	0	0	0	0	0	0	0	0	
1717.928633	8	3	3	0	1	2	2	4198	611	23	103070	17	8	89	0	0	0	0	0	0	0	0	0	0	0	0	0	0	
1718.933767	8	3	3	0	1	2	2	4199	589	23	103130	17	8	89	0	0	0	0	0	0	0	0	0	0	0	0	0	0	
1719.920167	8	3	3	0	1	2	2	4199	568	23	103190	17	8	89	0	0	0	0	0	0	0	0	0	0	0	0	0	0	
1720.926717	8	3	3	0	1	2	2	4198	546	23	103250	17	8	89	0	0	0	0	0	0	0	0	0	0	0	0	0	0	
1721.931833	8	3	3	0	1	2	2	4198	525	23	103310	17	8	89	0	0	0	0	0	0	0	0	0	0	0	0	0	0	
1722.936967	8	3	3	0	1	2	2	4198	506	23	103371	17	8	89	0	0	0	0	0	0	0	0	0	0	0	0	0	0	
1723.923367	8	3	3	0	1	2	2	4198	488	23	103430	17	8	89	0	0	0	0	0	0	0	0	0	0	0	0	0	0	
1724.928483	8	3	3	0	1	2	2	4199	470	23	103490	17	8	89	0	0	0	0	0	0	0	0	0	0	0	0	0	0	
1725.935033	8	3	3	0	1	2	2	4199	453	23	103550	17	8	89	0	0	0	0	0	0	0	0	0	0	0	0	0	0	
1726.921433	8	3	3	0	1	2	2	4199	436	23	103610	17	8	89	0	0	0	0	0	0	0	0	0	0	0	0	0	0	
1727.926567	8	3	3	0	1	2	2	4198	420	23	103670	17	8	89	0	0	0	0	0	0	0	0	0	0	0	0	0	0	
1728.931683	8	3	3	0	1	2	2	4199	404	23	103730	17	8	89	0	0	0	0	0	0	0	0	0	0	0	0	0	0	
1729.936800	8	3	3	0	1	2	2	4198	390	23	103791	17	8	89	0	0	0	0	0	0	0	0	0	0	0	0	0	0	
1730.923200	8	3	3	0	1	2	2	4198	375	23	103850	17	8	89	0	0	0	0	0	0	0	0	0	0	0	0	0	0	
1731.929767	8	3	3	0	1	2	2	4199	362	23	103910	17	8	89	0	0	0	0	0	0	0	0	0	0	0	0	0	0	
1732.934883	8	3	3	0	1	2	2	4199	348	23	103970	17	8	89	0	0	0	0	0	0	0	0	0	0	0	0	0	0	
1733.921283	8	3	3	0	1	2	2	4199	334	23	104030	17	8	89	0	0	0	0	0	0	0	0	0	0	0	0	0	0	
1734.926400	8	3	3	0	1	2	2	4198	322	23	104090	17	8	89	0	0	0	0	0	0	0	0	0	0	0	0	0	0	
1735.931517	8	3	3	0	1	2	2	4199	311	23	104150	17	8	89	0	0	0	0	0	0	0	0	0	0	0	0	0	0	
1736.936633	8	3	3	0	1	2	2	4198	299	23	104211	17	8	89	0	0	0	0	0	0	0	0	0	0	0	0	0	0	
1737.924483	8	3	3	0	1	2	2	4198	288	23	104270	17	8	89	0	0	0	0	0	0	0	0	0	0	0	0	0	0	
1738.929600	8	3	3	0	1	2	2	4198	277	23	104330	17	8	89	0	0	0	0	0	0	0	0	0	0	0	0	0	0	
1739.934717	8	3	3	0	1	2	2	4198	268	23	104390	17	8	89	0	0	0	0	0	0	0	0	0	0	0	0	0	0	
1740.921117	8	3	3	0	1	2	2	4199	258	23	104450	17	8	89	0	0	0	0	0	0	0	0	0	0	0	0	0	0	
1741.926233	8	3	3	0	1	2	2	4198	248	23	104510	17	8	89	0	0	0	0	0	0	0	0	0	0	0	0	0	0	
1742.932800	8	3	3	0	1	2	2	4199	239	23	104570	17	8	89	0	0	0	0	0	0	0	0	0	0	0	0	0	0	
1743.937917	8	3	3	0	1	2	2	4198	230	23	104631	17	8	89	0	0	0	0	0	0	0	0	0	0	0	0	0	0	
1744.924317	8	3	3	0	1	2	2	4198	222	23	104690	17	8	89	0	0	0	0	0	0	0	0	0	0	0	0	0	0	
1745.929433	8	3	3	0	1	2	2	4198	214	23	104750	17	8	89	0	0	0	0	0	0	0	0	0	0	0	0	0	0	
1746.934567	8	3	3	0	1	2	2	4199	206	23	104810	17	8	89	0	0	0	0	0	0	0	0	0	0	0	0	0	0	
1747.922400	8	3	3	0	1	2	2	4199	199	23	104870	17	8	89	0	0	0	0	0	0	0	0	0	0	0	0	0	0	
1748.927517	8	3	3	0	1	2	2	4198	190	23	104930	17	8	89	0	0	0	0	0	0	0	0	0	0	0	0	0	0	
1749.932633	8	3	3	0	1	2	2	4198	182	23	104990	17	8	89	0	0	0	0	0	0	0	0	0	0	0	0	0	0	
1750.937767	8	3	3	0	1	2	2	4198	176	23	105051	17	8	89	0	0	0	0	0	0	0	0	0	0	0	0	0	0	
1751.924167	8	3	3	0	1	2	2	4199	171	23	105110	17	8	89	0	0	0	0	0	0	0	0	0	0	0	0	0	0	
1752.930717	8	3	3	0	1	2	2	4198	164	23	105170	17	8	89	0	0	0	0	0	0	0	0	0	0	0	0	0	0	
1753.935833	8	3	3	0	1	2	2	4198	158	23	105230	17	8	89	0	0	0	0	0	0	0	0	0	0	0	0	0	0	
1754.940967	8	3	3	0	1	2	2	4198	153	23	105291	17	8	89	0	0	0	0	0	0	0	0	0	0	0	0	0	0	
1755.927367	8	3	3	0	1	2	2	4199	147	23	105350	17	8	89	0	0	0	0	0	0	0	0	0	0	0	0	0	0	
1756.932483	8	3	3	0	1	2	2	4199	142	23	105410	17	8	89	0	0	0	0	0	0	0	0	0	0	0	0	0	0	
1757.939033	8	3	3	0	1	2	2	4199	137	23	105471	17	8	89	0	0	0	0	0	0	0	0	0	0	0	0	0	0	
1758.925433	8	3	3	0	1	2	2	4198	131	23	105530	17	8	89	0	0	0	0	0	0	0	0	0	0	0	0	0	0	
1759.930567	8	3	3	0	1	2	2	4199	127	23	105590	17	8	89	0	0	0	0	0	0	0	0	0	0	0	0	0	0	
1760.935683	8	3	3	0	1	2	2	4198	123	23	105650	17	8	89	0	0	0	0	0	0	0	0	0	0	0	0	0	0	
1761.940800	8	3	3	0	1	2	2	4198	118	23	105711	17	8	89	0	0	0	0	0	0	0	0	0	0	0	0	0	0	
1762.927200	8	3	3	0	1	2	2	4198	113	23	105770	17	8	89	0	0	0	0	0	0	0	0	0	0	0	0	0	0	
1763.932317	8	3	3	0	1	2	2	4198	110	23	105830	17	8	89	0	0	0	0	0	0	0	0	0	0	0	0	0	0	
1764.938883	8	3	3	0	1	2	2	4199	106	23	105891	17	8	89	0	0	0	0	0	0	0	0	0	0	0	0	0	0	
1765.925283	8	3	3	0	1	2	2	4198	102	23	105950	17	8	89	0	0	0	0	0	0	0	0	0	0	0	0	0	0	
1766.930400	8	3	3	0	1	2	2	4199	98	23	106010	17	8	89	0	0	0	0	0	0	0	0	0	0	0	0	0	0	
1767.935517	8	3	3	0	1	2	2	4199	95	23	106070	17	8	89	0	0	0	0	0	0	0	0	0	0	0	0	0	0	
1768.940633	8	3	3	0	1	2	2	4198	93	23	106131	17	8	89	0	0	0	0	0	0	0	0	0	0	0	0	0	0	
1769.928483	8	3	3	0	1	2	2	4198	88	23	106190	17	8	89	0	0	0	0	0	0	0	0	0	0	0	0	0	0	
1770.933600	8	3	3	0	1	2	2	4198	86	23	106250	17	8	89	0	0	0	0	0	0	0	0	0	0	0	0	0	0	
1771.938717	8	3	3	0	1	2	2	4198	83	23	106311	17	8	89	0	0	0	0	0	0	0	0	0	0	0	0	0	0	
1772.925117	8	3	3	0	1	2	2	4199	79	23	106370	17	8	89	0	0	0	0	0	0	0	0	0	0	0	0	0	0	
1773.930233	8	3	3	0	1	2	2	4199	76	23	106430	17	8	89	0	0	0	0	0	0	0	0	0	0	0	0	0	0	
1774.935367	8	3	3	0	1	2	2	4198	75	23	106490	17	8	89	0	0	0	0	0	0	0	0	0	0	0	0	0	0	
1775.941917	8	3	3	0	1	2	2	4199	72	23	106551	17	8	89	0	0	0	0	0	0	0	0	0	0	0	0	0	0	
1776.928317	8	3	3	0	1	2	2	4198	69	23	106610	17	8	89	0	0	0	0	0	0	0	0	0	0	0	0	0	0	
1777.933433	8	3	3	0	1	2	2	4199	67	23	106670	17	8	89	0	0	0	0	0	0	0	0	0	0	0	0	0	0	
1778.241600	8	6	3	0	2	7	1	3894	-1350	23	106689	17	9	0	0	0	0	0	0	0	0	0	0	0	0	0	0	0	
1778.940000	8	6	3	0	2	7	1	3834	-1348	23	106731	17	9	1	0	0	0	0	0	0	0	0	0	0	0	0	0	0	
1779.927833	8	6	3	0	2	7	1	3800	-1350	23	106790	17	9	2	0	0	0	0	0	0	0	0	0	0	0	0	0	0	
1780.932967	8	6	3	0	2	7	1	3775	-1350	23	106850	17	9	4	0	0	0	0	0	0	0	0	0	0	0	0	0	0	
1781.938083	8	6	3	0	2	7	1	3754	-1352	23	106910	17	9	6	0	0	0	0	0	0	0	0	0	0	0	0	0	0	
1782.924483	8	6	3	0	2	7	1	3734	-1346	23	106970	17	9	7	0	0	0	0	0	0	0	0	0	0	0	0	0	0	
1783.929600	8	6	3	0	2	7	1	3717	-1347	23	107030	17	9	9	0	0	0	0	0	0	0	0	0	0	0	0	0	0	
1784.934717	8	6	3	0	2	7	1	3700	-1350	23	107090	17	9	11	0	0	0	0	0	0	0	0	0	0	0	0	0	0	
1785.941283	8	6	3	0	2	7	1	3685	-1351	23	107151	17	9	12	0	0	0	0	0	0	0	0	0	0	0	0	0	0	
1786.927683	8	6	3	0	2	7	1	3671	-1352	23	107210	17	9	14	0	0	0	0	0	0	0	0	0	0	0	0	0	0	
1787.932800	8	6	3	0	2	7	1	3658	-1350	23	107270	17	9	15	0	0	0	0	0	0	0	0	0	0	0	0	0	0	
1788.937917	8	6	3	0	2	7	1	3643	-1351	23	107330	17	9	17	0	0	0	0	0	0	0	0	0	0	0	0	0	0	
1789.943033	8	6	3	0	2	7	1	3630	-1352	23	107391	17	9	19	0	0	0	0	0	0	0	0	0	0	0	0	0	0	
1790.929433	8	6	3	0	2	7	1	3617	-1350	23	107450	17	9	20	0	0	0	0	0	0	0	0	0	0	0	0	0	0	
1791.936000	8	6	3	0	2	7	1	3604	-1348	23	107510	17	9	22	0	0	0	0	0	0	0	0	0	0	0	0	0	0	
1792.941117	8	6	3	0	2	7	1	3591	-1349	23	107571	17	9	24	0	0	0	0	0	0	0	0	0	0	0	0	0	0	
1793.927517	8	6	3	0	2	7	1	3579	-1346	23	107630	17	9	25	0	0	0	0	0	0	0	0	0	0	0	0	0	0	
1794.932633	8	6	3	0	2	7	1	3566	-1349	23	107690	17	9	27	0	0	0	0	0	0	0	0	0	0	0	0	0	0	
1795.937767	8	6	3	0	2	7	1	3554	-1350	23	107750	17	9	29	0	0	0	0	0	0	0	0	0	0	0	0	0	0	
1796.944317	8	6	3	0	2	7	1	3542	-1352	23	107811	17	9	30	0	0	0	0	0	0	0	0	0	0	0	0	0	0	
1797.930717	8	6	3	0	2	7	1	3531	-1348	23	107870	17	9	32	0	0	0	0	0	0	0	0	0	0	0	0	0	0	
1798.935833	8	6	3	0	2	7	1	3520	-1350	23	107930	17	9	34	0	0	0	0	0	0	0	0	0	0	0	0	0	0	
1799.940967	8	6	3	0	2	7	1	3509	-1350	23	107991	17	9	35	0	0	0	0	0	0	0	0	0	0	0	0	0	0	
1800.927367	8	6	3	0	2	7	1	3499	-1351	23	108050	17	9	37	0	0	0	0	0	0	0	0	0	0	0	0	0	0	
1801.932483	8	6	3	0	2	7	1	3488	-1351	23	108110	17	9	39	0	0	0	0	0	0	0	0	0	0	0	0	0	0	
1802.939033	8	6	3	0	2	7	1	3479	-1348	23	108170	17	9	40	0	0	0	0	0	0	0	0	0	0	0	0	0	0	
1803.944167	8	6	3	0	2	7	1	3470	-1350	23	108231	17	9	42	0	0	0	0	0	0	0	0	0	0	0	0	0	0	
1804.930567	8	6	3	0	2	7	1	3460	-1350	23	108290	17	9	44	0	0	0	0	0	0	0	0	0	0	0	0	0	0	
1805.935683	8	6	3	0	2	7	1	3452	-1348	23	108350	17	9	45	0	0	0	0	0	0	0	0	0	0	0	0	0	0	
1806.940800	8	6	3	0	2	7	1	3443	-1351	23	108411	17	9	47	0	0	0	0	0	0	0	0	0	0	0	0	0	0	
1807.928633	8	6	3	0	2	7	1	3435	-1348	23	108470	17	9	49	0	0	0	0	0	0	0	0	0	0	0	0	0	0	
1808.933767	8	6	3	0	2	7	1	3427	-1350	23	108530	17	9	50	0	0	0	0	0	0	0	0	0	0	0	0	0	0	
1809.938883	8	6	3	0	2	7	1	3420	-1351	23	108590	17	9	52	0	0	0	0	0	0	0	0	0	0	0	0	0	0	
1810.944000	8	6	3	0	2	7	1	3413	-1350	23	108651	17	9	54	0	0	0	0	0	0	0	0	0	0	0	0	0	0	
1811.930400	8	6	3	0	2	7	1	3407	-1349	23	108710	17	9	55	0	0	0	0	0	0	0	0	0	0	0	0	0	0	
1812.936967	8	6	3	0	2	7	1	3401	-1349	23	108770	17	9	57	0	0	0	0	0	0	0	0	0	0	0	0	0	0	
1813.942083	8	6	3	0	2	7	1	3394	-1350	23	108830	17	9	59	0	0	0	0	0	0	0	0	0	0	0	0	0	0	
1814.928483	8	6	3	0	2	7	1	3388	-1349	23	108890	17	9	60	0	0	0	0	0	0	0	0	0	0	0	0	0	0	
1815.933600	8	6	3	0	2	7	1	3382	-1349	23	108950	17	9	62	0	0	0	0	0	0	0	0	0	0	0	0	0	0	
1816.938717	8	6	3	0	2	7	1	3375	-1349	23	109010	17	9	64	0	0	0	0	0	0	0	0	0	0	0	0	0	0	
1817.945283	8	6	3	0	2	7	1	3368	-1350	23	109071	17	9	65	0	0	0	0	0	0	0	0	0	0	0	0	0	0	
1818.931683	8	6	3	0	2	7	1	3361	-1349	23	109130	17	9	67	0	0	0	0	0	0	0	0	0	0	0	0	0	0	
1819.936800	8	6	3	0	2	7	1	3353	-1349	23	109190	17	9	69	0	0	0	0	0	0	0	0	0	0	0	0	0	0	
1820.941917	8	6	3	0	2	7	1	3345	-1350	23	109250	17	9	70	0	0	0	0	0	0	0	0	0	0	0	0	0	0	
1821.928317	8	6	3	0	2	7	1	3336	-1349	23	109310	17	9	72	0	0	0	0	0	0	0	0	0	0	0	0	0	0	
1822.934883	8	6	3	0	2	7	1	3326	-1351	23	109370	17	9	74	0	0	0	0	0	0	0	0	0	0	0	0	0	0	
1823.940000	8	6	3	0	2	7	1	3314	-1349	23	109430	17	9	75	0	0	0	0	0	0	0	0	0	0	0	0	0	0	
1824.945117	8	6	3	0	2	7	1	3300	-1351	23	109491	17	9	77	0	0	0	0	0	0	0	0	0	0	0	0	0	0	
1825.931517	8	6	3	0	2	7	1	3283	-1351	23	109550	17	9	78	0	0	0	0	0	0	0	0	0	0	0	0	0	0	
1826.936633	8	6	3	0	2	7	1	3261	-1349	23	109610	17	9	80	0	0	0	0	0	0	0	0	0	0	0	0	0	0	
1827.943200	8	6	3	0	2	7	1	3230	-1350	23	109670	17	9	82	0	0	0	0	0	0	0	0	0	0	0	0	0	0	
1828.929600	8	6	3	0	2	7	1	3186	-1349	23	109730	17	9	83	0	0	0	0	0	0	0	0	0	0	0	0	0	0	
1829.934717	8	6	3	0	2	7	1	3117	-1349	23	109790	17	9	85	0	0	0	0	0	0	0	0	0	0	0	0	0	0	
1830.939833	8	6	3	0	2	7	1	2993	-1349	23	109850	17	9	87	0	0	0	0	0	0	0	0	0	0	0	0	0	0	
1831.926233	8	15	3	0	1	31	2	2810	14	23	109910	18	9	88	0	0	0	0	0	0	0	0	0	0	0	0	0	0	
1831.947833	8	3	3	0	1	2	2	3192	676	23	109911	19	9	88	0	0	0	0	0	0	0	0	0	0	0	0	0	0	
1832.934233	8	3	3	0	1	2	2	3560	674	23	109970	19	9	88	0	0	0	0	0	0	0	0	0	0	0	0	0	0	
1833.939367	8	3	3	0	1	2	2	3665	675	23	110030	19	9	88	0	0	0	0	0	0	0	0	0	0	0	0	0	0	
1834.944483	8	3	3	0	1	2	2	3732	675	23	110091	19	9	88	0	0	0	0	0	0	0	0	0	0	0	0	0	0	
1835.932317	8	3	3	0	1	2	2	3781	676	23	110150	19	9	88	0	0	0	0	0	0	0	0	0	0	0	0	0	0	
1836.937433	8	3	3	0	1	2	2	3818	675	23	110210	19	9	88	0	0	0	0	0	0	0	0	0	0	0	0	0	0	
1837.942567	8	3	3	0	1	2	2	3837	674	23	110270	19	9	88	0	0	0	0	0	0	0	0	0	0	0	0	0	0	
1838.928967	8	3	3	0	1	2	2	3847	675	23	110330	19	9	88	0	0	0	0	0	0	0	0	0	0	0	0	0	0	
1839.934083	8	3	3	0	1	2	2	3854	675	23	110390	19	9	88	0	0	0	0	0	0	0	0	0	0	0	0	0	0	
1840.939200	8	3	3	0	1	2	2	3861	675	23	110450	19	9	88	0	0	0	0	0	0	0	0	0	0	0	0	0	0	
1841.945767	8	3	3	0	1	2	2	3867	674	23	110511	19	9	88	0	0	0	0	0	0	0	0	0	0	0	0	0	0	
1842.932167	8	3	3	0	1	2	2	3874	673	23	110570	19	9	88	0	0	0	0	0	0	0	0	0	0	0	0	0	0	
1843.937283	8	3	3	0	1	2	2	3880	675	23	110630	19	9	88	0	0	0	0	0	0	0	0	0	0	0	0	0	0	
1844.942400	8	3	3	0	1	2	2	3886	674	23	110690	19	9	88	0	0	0	0	0	0	0	0	0	0	0	0	0	0	
1845.947517	8	3	3	0	1	2	2	3893	675	23	110751	19	9	88	0	0	0	0	0	0	0	0	0	0	0	0	0	0	
1846.933917	8	3	3	0	1	2	2	3899	675	23	110810	19	9	88	0	0	0	0	0	0	0	0	0	0	0	0	0	0	
1847.939033	8	3	3	0	1	2	2	3905	674	23	110870	19	9	88	0	0	0	0	0	0	0	0	0	0	0	0	0	0	
1848.945600	8	3	3	0	1	2	2	3912	674	23	110931	19	9	88	0	0	0	0	0	0	0	0	0	0	0	0	0	0	
1849.932000	8	3	3	0	1	2	2	3918	674	23	110990	19	9	88	0	0	0	0	0	0	0	0	0	0	0	0	0	0	
1850.937117	8	3	3	0	1	2	2	3924	674	23	111050	19	9	88	0	0	0	0	0	0	0	0	0	0	0	0	0	0	
1851.942233	8	3	3	0	1	2	2	3931	674	23	111110	19	9	88	0	0	0	0	0	0	0	0	0	0	0	0	0	0	
1852.947367	8	3	3	0	1	2	2	3936	675	23	111171	19	9	88	0	0	0	0	0	0	0	0	0	0	0	0	0	0	
1853.933767	8	3	3	0	1	2	2	3941	674	23	111230	19	9	88	0	0	0	0	0	0	0	0	0	0	0	0	0	0	
1854.938883	8	3	3	0	1	2	2	3946	674	23	111290	19	9	88	0	0	0	0	0	0	0	0	0	0	0	0	0	0	
1855.944000	8	3	3	0	1	2	2	3950	674	23	111350	19	9	88	0	0	0	0	0	0	0	0	0	0	0	0	0	0	
1856.931833	8	3	3	0	1	2	2	3953	675	23	111410	19	9	88	0	0	0	0	0	0	0	0	0	0	0	0	0	0	
1857.936967	8	3	3	0	1	2	2	3957	674	23	111470	19	9	88	0	0	0	0	0	0	0	0	0	0	0	0	0	0	
1858.942083	8	3	3	0	1	2	2	3959	674	23	111530	19	9	88	0	0	0	0	0	0	0	0	0	0	0	0	0	0	
1859.947200	8	3	3	0	1	2	2	3963	674	23	111591	19	9	88	0	0	0	0	0	0	0	0	0	0	0	0	0	0	
1860.933600	8	3	3	0	1	2	2	3965	674	23	111650	19	9	88	0	0	0	0	0	0	0	0	0	0	0	0	0	0	
1861.938717	8	3	3	0	1	2	2	3968	674	23	111710	19	9	88	0	0	0	0	0	0	0	0	0	0	0	0	0	0	
1862.945283	8	3	3	0	1	2	2	3971	674	23	111770	19	9	88	0	0	0	0	0	0	0	0	0	0	0	0	0	0	
1863.931683	8	3	3	0	1	2	2	3973	674	23	111830	19	9	88	0	0	0	0	0	0	0	0	0	0	0	0	0	0	
1864.936800	8	3	3	0	1	2	2	3977	674	23	111890	19	9	88	0	0	0	0	0	0	0	0	0	0	0	0	0	0	
1865.941917	8	3	3	0	1	2	2	3980	675	23	111950	19	9	88	0	0	0	0	0	0	0	0	0	0	0	0	0	0	
1866.947033	8	3	3	0	1	2	2	3983	674	23	112011	19	9	88	0	0	0	0	0	0	0	0	0	0	0	0	0	0	
1867.934883	8	3	3	0	1	2	2	3986	674	23	112070	19	9	88	0	0	0	0	0	0	0	0	0	0	0	0	0	0	
1868.940000	8	3	3	0	1	2	2	3989	674	23	112130	19	9	88	0	0	0	0	0	0	0	0	0	0	0	0	0	0	
1869.945117	8	3	3	0	1	2	2	3992	674	23	112190	19	9	88	0	0	0	0	0	0	0	0	0	0	0	0	0	0	
1870.931517	8	3	3	0	1	2	2	3995	675	23	112250	19	9	88	0	0	0	0	0	0	0	0	0	0	0	0	0	0	
1871.936633	8	3	3	0	1	2	2	3998	675	23	112310	19	9	88	0	0	0	0	0	0	0	0	0	0	0	0	0	0	
1872.941767	8	3	3	0	1	2	2	4001	674	23	112370	19	9	88	0	0	0	0	0	0	0	0	0	0	0	0	0	0	
1873.948317	8	3	3	0	1	2	2	4005	674	23	112431	19	9	88	0	0	0	0	0	0	0	0	0	0	0	0	0	0	
1874.934717	8	3	3	0	1	2	2	4008	674	23	112490	19	9	88	0	0	0	0	0	0	0	0	0	0	0	0	0	0	
1875.939833	8	3	3	0	1	2	2	4011	675	23	112550	19	9	88	0	0	0	0	0	0	0	0	0	0	0	0	0	0	
1876.944967	8	3	3	0	1	2	2	4014	674	23	112610	19	9	88	0	0	0	0	0	0	0	0	0	0	0	0	0	0	
1877.950083	8	3	3	0	1	2	2	4017	674	23	112671	19	9	88	0	0	0	0	0	0	0	0	0	0	0	0	0	0	
1878.936483	8	3	3	0	1	2	2	4021	674	23	112730	19	9	88	0	0	0	0	0	0	0	0	0	0	0	0	0	0	
1879.941600	8	3	3	0	1	2	2	4024	675	23	112790	19	9	88	0	0	0	0	0	0	0	0	0	0	0	0	0	0	
1880.948167	8	3	3	0	1	2	2	4027	674	23	112851	19	9	88	0	0	0	0	0	0	0	0	0	0	0	0	0	0	
1881.934567	8	3	3	0	1	2	2	4031	674	23	112910	19	9	88	0	0	0	0	0	0	0	0	0	0	0	0	0	0	
1882.939683	8	3	3	0	1	2	2	4035	675	23	112970	19	9	88	0	0	0	0	0	0	0	0	0	0	0	0	0	0	
1883.944800	8	3	3	0	1	2	2	4038	674	23	113030	19	9	88	0	0	0	0	0	0	0	0	0	0	0	0	0	0	
1884.949917	8	3	3	0	1	2	2	4042	674	23	113091	19	9	88	0	0	0	0	0	0	0	0	0	0	0	0	0	0	
1885.937767	8	3	3	0	1	2	2	4046	674	23	113150	19	9	88	0	0	0	0	0	0	0	0	0	0	0	0	0	0	
1886.942883	8	3	3	0	1	2	2	4050	674	23	113210	19	9	88	0	0	0	0	0	0	0	0	0	0	0	0	0	0	
1887.948000	8	3	3	0	1	2	2	4054	674	23	113271	19	9	88	0	0	0	0	0	0	0	0	0	0	0	0	0	0	
1888.934400	8	3	3	0	1	2	2	4058	674	23	113330	19	9	88	0	0	0	0	0	0	0	0	0	0	0	0	0	0	
1889.939517	8	3	3	0	1	2	2	4062	675	23	113390	19	9	88	0	0	0	0	0	0	0	0	0	0	0	0	0	0	
1890.944633	8	3	3	0	1	2	2	4067	674	23	113450	19	9	88	0	0	0	0	0	0	0	0	0	0	0	0	0	0	
1891.949767	8	3	3	0	1	2	2	4071	675	23	113511	19	9	88	0	0	0	0	0	0	0	0	0	0	0	0	0	0	
1892.937600	8	3	3	0	1	2	2	4075	674	23	113570	19	9	88	0	0	0	0	0	0	0	0	0	0	0	0	0	0	
1893.942717	8	3	3	0	1	2	2	4080	675	23	113630	19	9	88	0	0	0	0	0	0	0	0	0	0	0	0	0	0	
1894.947833	8	3	3	0	1	2	2	4085	675	23	113690	19	9	88	0	0	0	0	0	0	0	0	0	0	0	0	0	0	
1895.934233	8	3	3	0	1	2	2	4090	674	23	113750	19	9	88	0	0	0	0	0	0	0	0	0	0	0	0	0	0	
1896.939367	8	3	3	0	1	2	2	4095	675	23	113810	19	9	88	0	0	0	0	0	0	0	0	0	0	0	0	0	0	
1897.944483	8	3	3	0	1	2	2	4100	675	23	113870	19	9	88	0	0	0	0	0	0	0	0	0	0	0	0	0	0	
1898.951033	8	3	3	0	1	2	2	4106	674	23	113931	19	9	88	0	0	0	0	0	0	0	0	0	0	0	0	0	0	
1899.937433	8	3	3	0	1	2	2	4110	675	23	113990	19	9	88	0	0	0	0	0	0	0	0	0	0	0	0	0	0	
1900.942567	8	3	3	0	1	2	2	4116	675	23	114050	19	9	88	0	0	0	0	0	0	0	0	0	0	0	0	0	0	
1901.947683	8	3	3	0	1	2	2	4119	666	23	114110	19	9	88	0	0	0	0	0	0	0	0	0	0	0	0	0	0	
1902.934083	8	3	3	0	1	2	2	4124	664	23	114170	19	9	88	0	0	0	0	0	0	0	0	0	0	0	0	0	0	
1903.940633	8	3	3	0	1	2	2	4129	663	23	114230	19	9	88	0	0	0	0	0	0	0	0	0	0	0	0	0	0	
1904.945767	8	3	3	0	1	2	2	4134	662	23	114290	19	9	88	0	0	0	0	0	0	0	0	0	0	0	0	0	0	
1905.950883	8	3	3	0	1	2	2	4140	663	23	114351	19	9	88	0	0	0	0	0	0	0	0	0	0	0	0	0	0	
1906.937283	8	3	3	0	1	2	2	4145	662	23	114410	19	9	88	0	0	0	0	0	0	0	0	0	0	0	0	0	0	
1907.942400	8	3	3	0	1	2	2	4151	659	23	114470	19	9	88	0	0	0	0	0	0	0	0	0	0	0	0	0	0	
1908.947517	8	3	3	0	1	2	2	4157	657	23	114530	19	9	88	0	0	0	0	0	0	0	0	0	0	0	0	0	0	
1909.933917	8	3	3	0	1	2	2	4162	657	23	114590	19	9	88	0	0	0	0	0	0	0	0	0	0	0	0	0	0	
1910.940483	8	3	3	0	1	2	2	4168	659	23	114650	19	9	88	0	0	0	0	0	0	0	0	0	0	0	0	0	0	
1911.945600	8	3	3	0	1	2	2	4174	655	23	114710	19	9	88	0	0	0	0	0	0	0	0	0	0	0	0	0	0	
1912.950717	8	3	3	0	1	2	2	4180	655	23	114771	19	9	88	0	0	0	0	0	0	0	0	0	0	0	0	0	0	
1913.937117	8	3	3	0	1	2	2	4185	652	23	114830	19	9	88	0	0	0	0	0	0	0	0	0	0	0	0	0	0	
1914.942233	8	3	3	0	1	2	2	4192	654	23	114890	19	9	88	0	0	0	0	0	0	0	0	0	0	0	0	0	0	
1915.947367	8	3	3	0	1	2	2	4198	651	23	114950	19	9	88	0	0	0	0	0	0	0	0	0	0	0	0	0	0	
1916.953917	8	3	3	0	1	2	2	4199	626	23	115011	19	9	88	0	0	0	0	0	0	0	0	0	0	0	0	0	0	
1917.940317	8	3	3	0	1	2	2	4199	603	23	115070	19	9	88	0	0	0	0	0	0	0	0	0	0	0	0	0	0	
1918.945433	8	3	3	0	1	2	2	4198	581	23	115130	19	9	88	0	0	0	0	0	0	0	0	0	0	0	0	0	0	
1919.950567	8	3	3	0	1	2	2	4199	560	23	115191	19	9	88	0	0	0	0	0	0	0	0	0	0	0	0	0	0	
1920.936967	8	3	3	0	1	2	2	4199	540	23	115250	19	9	88	0	0	0	0	0	0	0	0	0	0	0	0	0	0	
1921.943517	8	3	3	0	1	2	2	4199	520	23	115310	19	9	88	0	0	0	0	0	0	0	0	0	0	0	0	0	0	
1922.948633	8	3	3	0	1	2	2	4199	501	23	115370	19	9	88	0	0	0	0	0	0	0	0	0	0	0	0	0	0	
1923.953767	8	3	3	0	1	2	2	4198	482	23	115431	19	9	88	0	0	0	0	0	0	0	0	0	0	0	0	0	0	
1924.940167	8	3	3	0	1	2	2	4199	465	23	115490	19	9	88	0	0	0	0	0	0	0	0	0	0	0	0	0	0	
1925.945283	8	3	3	0	1	2	2	4199	448	23	115550	19	9	88	0	0	0	0	0	0	0	0	0	0	0	0	0	0	
1926.950400	8	3	3	0	1	2	2	4199	431	23	115611	19	9	88	0	0	0	0	0	0	0	0	0	0	0	0	0	0	
1927.938233	8	3	3	0	1	2	2	4199	416	23	115670	19	9	88	0	0	0	0	0	0	0	0	0	0	0	0	0	0	
1928.943367	8	3	3	0	1	2	2	4198	401	23	115730	19	9	88	0	0	0	0	0	0	0	0	0	0	0	0	0	0	
1929.948483	8	3	3	0	1	2	2	4199	385	23	115790	19	9	88	0	0	0	0	0	0	0	0	0	0	0	0	0	0	
1930.953600	8	3	3	0	1	2	2	4199	371	23	115851	19	9	88	0	0	0	0	0	0	0	0	0	0	0	0	0	0	
1931.940000	8	3	3	0	1	2	2	4198	357	23	115910	19	9	88	0	0	0	0	0	0	0	0	0	0	0	0	0	0	
1932.945117	8	3	3	0	1	2	2	4199	344	23	115970	19	9	88	0	0	0	0	0	0	0	0	0	0	0	0	0	0	
1933.950233	8	3	3	0	1	2	2	4199	331	23	116030	19	9	88	0	0	0	0	0	0	0	0	0	0	0	0	0	0	
1934.936633	8	3	3	0	1	2	2	4199	319	23	116090	19	9	88	0	0	0	0	0	0	0	0	0	0	0	0	0	0	
1935.943200	8	3	3	0	1	2	2	4199	308	23	116150	19	9	88	0	0	0	0	0	0	0	0	0	0	0	0	0	0	
1936.948317	8	3	3	0	1	2	2	4199	297	23	116210	19	9	88	0	0	0	0	0	0	0	0	0	0	0	0	0	0	
1937.953433	8	3	3	0	1	2	2	4198	285	23	116271	19	9	88	0	0	0	0	0	0	0	0	0	0	0	0	0	0	
1938.939833	8	3	3	0	1	2	2	4198	275	23	116330	19	9	88	0	0	0	0	0	0	0	0	0	0	0	0	0	0	
1939.944967	8	3	3	0	1	2	2	4199	265	23	116390	19	9	88	0	0	0	0	0	0	0	0	0	0	0	0	0	0	
1940.951517	8	3	3	0	1	2	2	4199	254	23	116450	19	9	88	0	0	0	0	0	0	0	0	0	0	0	0	0	0	
1941.937917	8	3	3	0	1	2	2	4199	245	23	116510	19	9	88	0	0	0	0	0	0	0	0	0	0	0	0	0	0	
1942.943033	8	3	3	0	1	2	2	4198	237	23	116570	19	9	88	0	0	0	0	0	0	0	0	0	0	0	0	0	0	
1943.948167	8	3	3	0	1	2	2	4198	228	23	116630	19	9	88	0	0	0	0	0	0	0	0	0	0	0	0	0	0	
1944.954717	8	3	3	0	1	2	2	4198	219	23	116691	19	9	88	0	0	0	0	0	0	0	0	0	0	0	0	0	0	
1945.939683	8	3	3	0	1	2	2	4199	212	23	116750	19	9	88	0	0	0	0	0	0	0	0	0	0	0	0	0	0	
1946.946233	8	3	3	0	1	2	2	4199	204	23	116810	19	9	88	0	0	0	0	0	0	0	0	0	0	0	0	0	0	
1947.951367	8	3	3	0	1	2	2	4199	197	23	116870	19	9	88	0	0	0	0	0	0	0	0	0	0	0	0	0	0	
1948.937767	8	3	3	0	1	2	2	4199	190	23	116930	19	9	88	0	0	0	0	0	0	0	0	0	0	0	0	0	0	
1949.942883	8	3	3	0	1	2	2	4199	182	23	116990	19	9	88	0	0	0	0	0	0	0	0	0	0	0	0	0	0	
1950.948000	8	3	3	0	1	2	2	4199	175	23	117050	19	9	88	0	0	0	0	0	0	0	0	0	0	0	0	0	0	
1951.953117	8	3	3	0	1	2	2	4199	169	23	117111	19	9	88	0	0	0	0	0	0	0	0	0	0	0	0	0	0	
1952.940967	8	3	3	0	1	2	2	4198	163	23	117170	19	9	88	0	0	0	0	0	0	0	0	0	0	0	0	0	0	
1953.946083	8	3	3	0	1	2	2	4199	157	23	117230	19	9	88	0	0	0	0	0	0	0	0	0	0	0	0	0	0	
1954.951200	8	3	3	0	1	2	2	4199	151	23	117290	19	9	88	0	0	0	0	0	0	0	0	0	0	0	0	0	0	
1955.956317	8	3	3	0	1	2	2	4198	145	23	117351	19	9	88	0	0	0	0	0	0	0	0	0	0	0	0	0	0	
1956.942717	8	3	3	0	1	2	2	4198	141	23	117410	19	9	88	0	0	0	0	0	0	0	0	0	0	0	0	0	0	
1957.947833	8	3	3	0	1	2	2	4198	135	23	117470	19	9	88	0	0	0	0	0	0	0	0	0	0	0	0	0	0	
1958.954400	8	3	3	0	1	2	2	4199	131	23	117531	19	9	88	0	0	0	0	0	0	0	0	0	0	0	0	0	0	
1959.940800	8	3	3	0	1	2	2	4199	126	23	117590	19	9	88	0	0	0	0	0	0	0	0	0	0	0	0	0	0	
1960.945917	8	3	3	0	1	2	2	4199	122	23	117650	19	9	88	0	0	0	0	0	0	0	0	0	0	0	0	0	0	
1961.951033	8	3	3	0	1	2	2	4199	117	23	117710	19	9	88	0	0	0	0	0	0	0	0	0	0	0	0	0	0	
1962.956167	8	3	3	0	1	2	2	4198	113	23	117771	19	9	88	0	0	0	0	0	0	0	0	0	0	0	0	0	0	
1963.944000	8	3	3	0	1	2	2	4198	109	23	117830	19	9	88	0	0	0	0	0	0	0	0	0	0	0	0	0	0	
1964.949117	8	3	3	0	1	2	2	4198	104	23	117890	19	9	88	0	0	0	0	0	0	0	0	0	0	0	0	0	0	
1965.954233	8	3	3	0	1	2	2	4198	102	23	117951	19	9	88	0	0	0	0	0	0	0	0	0	0	0	0	0	0	
1966.940633	8	3	3	0	1	2	2	4198	97	23	118010	19	9	88	0	0	0	0	0	0	0	0	0	0	0	0	0	0	
1967.945767	8	3	3	0	1	2	2	4198	93	23	118070	19	9	88	0	0	0	0	0	0	0	0	0	0	0	0	0	0	
1968.950883	8	3	3	0	1	2	2	4198	91	23	118130	19	9	88	0	0	0	0	0	0	0	0	0	0	0	0	0	0	
1969.956000	8	3	3	0	1	2	2	4198	89	23	118191	19	9	88	0	0	0	0	0	0	0	0	0	0	0	0	0	0	
1970.943833	8	3	3	0	1	2	2	4199	85	23	118250	19	9	88	0	0	0	0	0	0	0	0	0	0	0	0	0	0	
1971.948967	8	3	3	0	1	2	2	4198	82	23	118310	19	9	88	0	0	0	0	0	0	0	0	0	0	0	0	0	0	
1972.954083	8	3	3	0	1	2	2	4198	79	23	118371	19	9	88	0	0	0	0	0	0	0	0	0	0	0	0	0	0	
1973.940483	8	3	3	0	1	2	2	4199	76	23	118430	19	9	88	0	0	0	0	0	0	0	0	0	0	0	0	0	0	
1974.947033	8	3	3	0	1	2	2	4198	73	23	118490	19	9	88	0	0	0	0	0	0	0	0	0	0	0	0	0	0	
1975.952167	8	3	3	0	1	2	2	4199	71	23	118550	19	9	88	0	0	0	0	0	0	0	0	0	0	0	0	0	0	
1976.957283	8	3	3	0	1	2	2	4198	69	23	118611	19	9	88	0	0	0	0	0	0	0	0	0	0	0	0	0	0	
1977.491517	8	6	3	0	2	7	1	3895	-1347	23	118643	19	10	0	0	0	0	0	0	0	0	0	0	0	0	0	0	0	
1977.945117	8	6	3	0	2	7	1	3848	-1350	23	118670	19	10	0	0	0	0	0	0	0	0	0	0	0	0	0	0	0	
1978.950233	8	6	3	0	2	7	1	3807	-1350	23	118730	19	10	2	0	0	0	0	0	0	0	0	0	0	0	0	0	0	
1979.956800	8	6	3	0	2	7	1	3781	-1351	23	118791	19	10	4	0	0	0	0	0	0	0	0	0	0	0	0	0	0	
1980.943200	8	6	3	0	2	7	1	3761	-1351	23	118850	19	10	5	0	0	0	0	0	0	0	0	0	0	0	0	0	0	
1981.948317	8	6	3	0	2	7	1	3742	-1350	23	118910	19	10	7	0	0	0	0	0	0	0	0	0	0	0	0	0	0	
1982.953433	8	6	3	0	2	7	1	3724	-1349	23	118970	19	10	9	0	0	0	0	0	0	0	0	0	0	0	0	0	0	
1983.958567	8	6	3	0	2	7	1	3707	-1348	23	119031	19	10	10	0	0	0	0	0	0	0	0	0	0	0	0	0	0	
1984.946400	8	6	3	0	2	7	1	3690	-1350	23	119090	19	10	12	0	0	0	0	0	0	0	0	0	0	0	0	0	0	
1985.951517	8	6	3	0	2	7	1	3674	-1349	23	119150	19	10	13	0	0	0	0	0	0	0	0	0	0	0	0	0	0	
1986.956633	8	6	3	0	2	7	1	3658	-1351	23	119211	19	10	15	0	0	0	0	0	0	0	0	0	0	0	0	0	0	
1987.943033	8	6	3	0	2	7	1	3644	-1348	23	119270	19	10	17	0	0	0	0	0	0	0	0	0	0	0	0	0	0	
1988.948167	8	6	3	0	2	7	1	3629	-1350	23	119330	19	10	18	0	0	0	0	0	0	0	0	0	0	0	0	0	0	
1989.953283	8	6	3	0	2	7	1	3615	-1350	23	119390	19	10	20	0	0	0	0	0	0	0	0	0	0	0	0	0	0	
1990.959833	8	6	3	0	2	7	1	3603	-1350	23	119451	19	10	22	0	0	0	0	0	0	0	0	0	0	0	0	0	0	
1991.946233	8	6	3	0	2	7	1	3590	-1349	23	119510	19	10	23	0	0	0	0	0	0	0	0	0	0	0	0	0	0	
1992.951367	8	6	3	0	2	7	1	3578	-1352	23	119570	19	10	25	0	0	0	0	0	0	0	0	0	0	0	0	0	0	
1993.956483	8	6	3	0	2	7	1	3565	-1351	23	119631	19	10	27	0	0	0	0	0	0	0	0	0	0	0	0	0	0	
1994.942883	8	6	3	0	2	7	1	3553	-1351	23	119690	19	10	28	0	0	0	0	0	0	0	0	0	0	0	0	0	0	
1995.948000	8	6	3	0	2	7	1	3542	-1349	23	119750	19	10	30	0	0	0	0	0	0	0	0	0	0	0	0	0	0	
1996.954567	8	6	3	0	2	7	1	3530	-1348	23	119810	19	10	32	0	0	0	0	0	0	0	0	0	0	0	0	0	0	
1997.959683	8	6	3	0	2	7	1	3519	-1349	23	119871	19	10	33	0	0	0	0	0	0	0	0	0	0	0	0	0	0	
1998.946083	8	6	3	0	2	7	1	3508	-1350	23	119930	19	10	35	0	0	0	0	0	0	0	0	0	0	0	0	0	0	
1999.951200	8	6	3	0	2	7	1	3497	-1351	23	119990	19	10	37	0	0	0	0	0	0	0	0	0	0	0	0	0	0	
2000.956317	8	6	3	0	2	7	1	3487	-1350	23	120051	19	10	38	0	0	0	0	0	0	0	0	0	0	0	0	0	0	
2001.944167	8	6	3	0	2	7	1	3478	-1351	23	120110	19	10	40	0	0	0	0	0	0	0	0	0	0	0	0	0	0	
2002.949283	8	6	3	0	2	7	1	3469	-1349	23	120170	19	10	42	0	0	0	0	0	0	0	0	0	0	0	0	0	0	
2003.954400	8	6	3	0	2	7	1	3460	-1350	23	120230	19	10	43	0	0	0	0	0	0	0	0	0	0	0	0	0	0	
2004.959517	8	6	3	0	2	7	1	3451	-1350	23	120291	19	10	45	0	0	0	0	0	0	0	0	0	0	0	0	0	0	
2005.945917	8	6	3	0	2	7	1	3443	-1349	23	120350	19	10	47	0	0	0	0	0	0	0	0	0	0	0	0	0	0	
2006.951033	8	6	3	0	2	7	1	3434	-1350	23	120410	19	10	48	0	0	0	0	0	0	0	0	0	0	0	0	0	0	
2007.957600	8	6	3	0	2	7	1	3426	-1350	23	120471	19	10	50	0	0	0	0	0	0	0	0	0	0	0	0	0	0	
2008.944000	8	6	3	0	2	7	1	3419	-1350	23	120530	19	10	52	0	0	0	0	0	0	0	0	0	0	0	0	0	0	
2009.949117	8	6	3	0	2	7	1	3412	-1350	23	120590	19	10	53	0	0	0	0	0	0	0	0	0	0	0	0	0	0	
2010.954233	8	6	3	0	2	7	1	3406	-1350	23	120650	19	10	55	0	0	0	0	0	0	0	0	0	0	0	0	0	0	
2011.959367	8	6	3	0	2	7	1	3399	-1349	23	120711	19	10	57	0	0	0	0	0	0	0	0	0	0	0	0	0	0	
2012.947200	8	6	3	0	2	7	1	3393	-1352	23	120770	19	10	58	0	0	0	0	0	0	0	0	0	0	0	0	0	0	
2013.952317	8	6	3	0	2	7	1	3387	-1350	23	120830	19	10	60	0	0	0	0	0	0	0	0	0	0	0	0	0	0	
2014.957433	8	6	3	0	2	7	1	3381	-1349	23	120890	19	10	62	0	0	0	0	0	0	0	0	0	0	0	0	0	0	
2015.943833	8	6	3	0	2	7	1	3374	-1348	23	120950	19	10	63	0	0	0	0	0	0	0	0	0	0	0	0	0	0	
2016.948967	8	6	3	0	2	7	1	3367	-1350	23	121010	19	10	65	0	0	0	0	0	0	0	0	0	0	0	0	0	0	
2017.954083	8	6	3	0	2	7	1	3360	-1351	23	121070	19	10	67	0	0	0	0	0	0	0	0	0	0	0	0	0	0	
2018.960633	8	6	3	0	2	7	1	3352	-1350	23	121131	19	10	68	0	0	0	0	0	0	0	0	0	0	0	0	0	0	
2019.947033	8	6	3	0	2	7	1	3344	-1350	23	121190	19	10	70	0	0	0	0	0	0	0	0	0	0	0	0	0	0	
2020.952167	8	6	3	0	2	7	1	3335	-1351	23	121250	19	10	72	0	0	0	0	0	0	0	0	0	0	0	0	0	0	
2021.957283	8	6	3	0	2	7	1	3325	-1351	23	121310	19	10	73	0	0	0	0	0	0	0	0	0	0	0	0	0	0	
2022.943683	8	6	3	0	2	7	1	3314	-1350	23	121370	19	10	75	0	0	0	0	0	0	0	0	0	0	0	0	0	0	
2023.950233	8	6	3	0	2	7	1	3299	-1350	23	121430	19	10	77	0	0	0	0	0	0	0	0	0	0	0	0	0	0	
2024.955367	8	6	3	0	2	7	1	3283	-1349	23	121490	19	10	78	0	0	0	0	0	0	0	0	0	0	0	0	0	0	
2025.960483	8	6	3	0	2	7	1	3261	-1351	23	121551	19	10	80	0	0	0	0	0	0	0	0	0	0	0	0	0	0	
2026.946883	8	6	3	0	2	7	1	3232	-1348	23	121610	19	10	81	0	0	0	0	0	0	0	0	0	0	0	0	0	0	
2027.952000	8	6	3	0	2	7	1	3190	-1348	23	121670	19	10	83	0	0	0	0	0	0	0	0	0	0	0	0	0	0	
2028.958567	8	6	3	0	2	7	1	3124	-1350	23	121730	19	10	85	0	0	0	0	0	0	0	0	0	0	0	0	0	0	
2029.944967	8	6	3	0	2	7	1	3013	-1347	23	121790	19	10	86	0	0	0	0	0	0	0	0	0	0	0	0	0	0	
2030.950083	8	6	3	0	2	7	1	2736	-1351	23	121850	19	10	88	0	0	0	0	0	0	0	0	0	0	0	0	0	0	
2031.088317	8	15	3	0	1	31	2	3119	413	23	121858	21	10	88	0	0	0	0	0	0	0	0	0	0	0	0	0	0	
2031.109917	8	3	3	0	1	2	2	3231	674	23	121860	21	10	88	0	0	0	0	0	0	0	0	0	0	0	0	0	0	
2031.958083	8	3	3	0	1	2	2	3547	675	23	121910	21	10	88	0	0	0	0	0	0	0	0	0	0	0	0	0	0	
2032.944483	8	3	3	0	1	2	2	3657	675	23	121970	21	10	88	0	0	0	0	0	0	0	0	0	0	0	0	0	0	
2033.951033	8	3	3	0	1	2	2	3727	675	23	122030	21	10	88	0	0	0	0	0	0	0	0	0	0	0	0	0	0	
2034.956167	8	3	3	0	1	2	2	3779	675	23	122090	21	10	88	0	0	0	0	0	0	0	0	0	0	0	0	0	0	
2035.961283	8	3	3	0	1	2	2	3817	675	23	122151	21	10	88	0	0	0	0	0	0	0	0	0	0	0	0	0	0	
2036.947683	8	3	3	0	1	2	2	3838	675	23	122210	21	10	88	0	0	0	0	0	0	0	0	0	0	0	0	0	0	
2037.952800	8	3	3	0	1	2	2	3848	674	23	122270	21	10	88	0	0	0	0	0	0	0	0	0	0	0	0	0	0	
2038.959367	8	3	3	0	1	2	2	3856	674	23	122330	21	10	88	0	0	0	0	0	0	0	0	0	0	0	0	0	0	
2039.945767	8	3	3	0	1	2	2	3862	674	23	122390	21	10	88	0	0	0	0	0	0	0	0	0	0	0	0	0	0	
2040.950883	8	3	3	0	1	2	2	3869	675	23	122450	21	10	88	0	0	0	0	0	0	0	0	0	0	0	0	0	0	
2041.261917	8	3	3	0	1	2	2	3876	675	23	122510	21	10	88	0	0	0	0	0	0	0	0	0	0	0	0	0	0	
2041.261917	8	3	3	0	1	2	2	3882	675	23	122571	21	10	88	0	0	0	0	0	0	0	0	0	0	0	0	0	0	
2041.261917	8	3	3	0	1	2	2	3889	675	23	122630	21	10	88	0	0	0	0	0	0	0	0	0	0	0	0	0	0	
2041.261917	8	3	3	0	1	2	2	3895	675	23	122690	21	10	88	0	0	0	0	0	0	0	0	0	0	0	0	0	0	
2041.261917	8	3	3	0	1	2	2	3902	675	23	122750	21	10	88	0	0	0	0	0	0	0	0	0	0	0	0	0	0	
2041.261917	8	3	3	0	1	2	2	3908	675	23	122810	21	10	88	0	0	0	0	0	0	0	0	0	0	0	0	0	0	
2041.261917	8	3	3	0	1	2	2	3915	674	23	122870	21	10	88	0	0	0	0	0	0	0	0	0	0	0	0	0	0	
2041.261917	8	3	3	0	1	2	2	3922	675	23	122930	21	10	88	0	0	0	0	0	0	0	0	0	0	0	0	0	0	
2041.261917	8	3	3	0	1	2	2	3928	674	23	122991	21	10	88	0	0	0	0	0	0	0	0	0	0	0	0	0	0	
2041.261917	8	3	3	0	1	2	2	3934	676	23	123050	21	10	88	0	0	0	0	0	0	0	0	0	0	0	0	0	0	
2041.261917	8	3	3	0	1	2	2	3939	675	23	123110	21	10	88	0	0	0	0	0	0	0	0	0	0	0	0	0	0	
2041.261917	8	3	3	0	1	2	2	3944	674	23	123170	21	10	88	0	0	0	0	0	0	0	0	0	0	0	0	0	0	
2041.261917	8	3	3	0	1	2	2	3949	674	23	123230	21	10	88	0	0	0	0	0	0	0	0	0	0	0	0	0	0	
2041.261917	8	3	3	0	1	2	2	3953	673	23	123290	21	10	88	0	0	0	0	0	0	0	0	0	0	0	0	0	0	
2041.261917	8	3	3	0	1	2	2	3957	675	23	123350	21	10	88	0	0	0	0	0	0	0	0	0	0	0	0	0	0	
2041.261917	8	3	3	0	1	2	2	3960	674	23	123411	21	10	88	0	0	0	0	0	0	0	0	0	0	0	0	0	0	
2041.261917	8	3	3	0	1	2	2	3963	674	23	123470	21	10	88	0	0	0	0	0	0	0	0	0	0	0	0	0	0	
2041.261917	8	3	3	0	1	2	2	3966	674	23	123530	21	10	88	0	0	0	0	0	0	0	0	0	0	0	0	0	0	
2041.261917	8	3	3	0	1	2	2	3969	675	23	123590	21	10	88	0	0	0	0	0	0	0	0	0	0	0	0	0	0	
2041.261917	8	3	3	0	1	2	2	3972	675	23	123651	21	10	88	0	0	0	0	0	0	0	0	0	0	0	0	0	0	
2041.261917	8	3	3	0	1	2	2	3975	675	23	123710	21	10	88	0	0	0	0	0	0	0	0	0	0	0	0	0	0	
2041.261917	8	3	3	0	1	2	2	3978	674	23	123770	21	10	88	0	0	0	0	0	0	0	0	0	0	0	0	0	0	
2041.261917	8	3	3	0	1	2	2	3980	674	23	123831	21	10	88	0	0	0	0	0	0	0	0	0	0	0	0	0	0	
2041.261917	8	3	3	0	1	2	2	3983	674	23	123890	21	10	88	0	0	0	0	0	0	0	0	0	0	0	0	0	0	
2041.261917	8	3	3	0	1	2	2	3986	674	23	123950	21	10	88	0	0	0	0	0	0	0	0	0	0	0	0	0	0	
2041.261917	8	3	3	0	1	2	2	3989	674	23	124010	21	10	88	0	0	0	0	0	0	0	0	0	0	0	0	0	0	
2041.261917	8	3	3	0	1	2	2	3992	674	23	124071	21	10	88	0	0	0	0	0	0	0	0	0	0	0	0	0	0	
2041.261917	8	3	3	0	1	2	2	3995	674	23	124130	21	10	88	0	0	0	0	0	0	0	0	0	0	0	0	0	0	
2041.261917	8	3	3	0	1	2	2	3998	674	23	124190	21	10	88	0	0	0	0	0	0	0	0	0	0	0	0	0	0	
2041.261917	8	3	3	0	1	2	2	4002	675	23	124251	21	10	88	0	0	0	0	0	0	0	0	0	0	0	0	0	0	
2041.261917	8	3	3	0	1	2	2	4004	674	23	124310	21	10	88	0	0	0	0	0	0	0	0	0	0	0	0	0	0	
2041.261917	8	3	3	0	1	2	2	4008	675	23	124370	21	10	88	0	0	0	0	0	0	0	0	0	0	0	0	0	0	
2041.261917	8	3	3	0	1	2	2	4011	675	23	124430	21	10	88	0	0	0	0	0	0	0	0	0	0	0	0	0	0	
2041.261917	8	3	3	0	1	2	2	4014	675	23	124491	21	10	88	0	0	0	0	0	0	0	0	0	0	0	0	0	0	
2041.261917	8	3	3	0	1	2	2	4017	675	23	124550	21	10	88	0	0	0	0	0	0	0	0	0	0	0	0	0	0	
2041.261917	8	3	3	0	1	2	2	4020	675	23	124610	21	10	88	0	0	0	0	0	0	0	0	0	0	0	0	0	0	
2041.261917	8	3	3	0	1	2	2	4024	674	23	124671	21	10	88	0	0	0	0	0	0	0	0	0	0	0	0	0	0	
2041.261917	8	3	3	0	1	2	2	4027	675	23	124730	21	10	88	0	0	0	0	0	0	0	0	0	0	0	0	0	0	
2041.261917	8	3	3	0	1	2	2	4030	674	23	124790	21	10	88	0	0	0	0	0	0	0	0	0	0	0	0	0	0	
2041.261917	8	3	3	0	1	2	2	4034	674	23	124850	21	10	88	0	0	0	0	0	0	0	0	0	0	0	0	0	0	
2041.261917	8	3	3	0	1	2	2	4038	675	23	124911	21	10	88	0	0	0	0	0	0	0	0	0	0	0	0	0	0	
2041.261917	8	3	3	0	1	2	2	4041	674	23	124970	21	10	88	0	0	0	0	0	0	0	0	0	0	0	0	0	0	
2041.261917	8	3	3	0	1	2	2	4045	674	23	125030	21	10	88	0	0	0	0	0	0	0	0	0	0	0	0	0	0	
2041.261917	8	3	3	0	1	2	2	4049	675	23	125090	21	10	88	0	0	0	0	0	0	0	0	0	0	0	0	0	0	
2041.261917	8	3	3	0	1	2	2	4053	674	23	125150	21	10	88	0	0	0	0	0	0	0	0	0	0	0	0	0	0	
2041.261917	8	3	3	0	1	2	2	4057	675	23	125210	21	10	88	0	0	0	0	0	0	0	0	0	0	0	0	0	0	
2041.261917	8	3	3	0	1	2	2	4061	675	23	125270	21	10	88	0	0	0	0	0	0	0	0	0	0	0	0	0	0	
2041.261917	8	3	3	0	1	2	2	4066	674	23	125331	21	10	88	0	0	0	0	0	0	0	0	0	0	0	0	0	0	
2041.261917	8	3	3	0	1	2	2	4070	675	23	125390	21	10	88	0	0	0	0	0	0	0	0	0	0	0	0	0	0	
2041.261917	8	3	3	0	1	2	2	4074	675	23	125450	21	10	88	0	0	0	0	0	0	0	0	0	0	0	0	0	0	
2041.261917	8	3	3	0	1	2	2	4079	674	23	125510	21	10	88	0	0	0	0	0	0	0	0	0	0	0	0	0	0	
2041.261917	8	3	3	0	1	2	2	4083	674	23	125570	21	10	88	0	0	0	0	0	0	0	0	0	0	0	0	0	0	
2041.261917	8	3	3	0	1	2	2	4089	676	23	125630	21	10	88	0	0	0	0	0	0	0	0	0	0	0	0	0	0	
2041.261917	8	3	3	0	1	2	2	4093	674	23	125690	21	10	88	0	0	0	0	0	0	0	0	0	0	0	0	0	0	
2041.261917	8	3	3	0	1	2	2	4098	674	23	125751	21	10	88	0	0	0	0	0	0	0	0	0	0	0	0	0	0	
2041.261917	8	3	3	0	1	2	2	4103	674	23	125810	21	10	88	0	0	0	0	0	0	0	0	0	0	0	0	0	0	
2041.261917	8	3	3	0	1	2	2	4108	675	23	125870	21	10	88	0	0	0	0	0	0	0	0	0	0	0	0	0	0	
2041.261917	8	3	3	0	1	2	2	4114	675	23	125930	21	10	88	0	0	0	0	0	0	0	0	0	0	0	0	0	0	
2041.261917	8	3	3	0	1	2	2	4117	666	23	125990	21	10	88	0	0	0	0	0	0	0	0	0	0	0	0	0	0	
2041.261917	8	3	3	0	1	2	2	4122	664	23	126050	21	10	88	0	0	0	0	0	0	0	0	0	0	0	0	0	0	
2041.961767	8	3	3	0	1	2	2	4127	664	23	126110	21	10	88	0	0	0	0	0	0	0	0	0	0	0	0	0	0	
2042.966883	8	3	3	0	1	2	2	4132	664	23	126171	21	10	88	0	0	0	0	0	0	0	0	0	0	0	0	0	0	
2043.953283	8	3	3	0	1	2	2	4137	662	23	126230	21	10	88	0	0	0	0	0	0	0	0	0	0	0	0	0	0	
2044.958400	8	3	3	0	1	2	2	4143	661	23	126290	21	10	88	0	0	0	0	0	0	0	0	0	0	0	0	0	0	
2045.963517	8	3	3	0	1	2	2	4148	660	23	126350	21	10	88	0	0	0	0	0	0	0	0	0	0	0	0	0	0	
2046.949917	8	3	3	0	1	2	2	4154	661	23	126410	21	10	88	0	0	0	0	0	0	0	0	0	0	0	0	0	0	
2047.956483	8	3	3	0	1	2	2	4160	659	23	126470	21	10	88	0	0	0	0	0	0	0	0	0	0	0	0	0	0	
2048.961600	8	3	3	0	1	2	2	4166	659	23	126530	21	10	88	0	0	0	0	0	0	0	0	0	0	0	0	0	0	
2049.966717	8	3	3	0	1	2	2	4171	655	23	126591	21	10	88	0	0	0	0	0	0	0	0	0	0	0	0	0	0	
2050.953117	8	3	3	0	1	2	2	4177	658	23	126650	21	10	88	0	0	0	0	0	0	0	0	0	0	0	0	0	0	
2051.958233	8	3	3	0	1	2	2	4184	657	23	126710	21	10	88	0	0	0	0	0	0	0	0	0	0	0	0	0	0	
2052.964800	8	3	3	0	1	2	2	4190	657	23	126770	21	10	88	0	0	0	0	0	0	0	0	0	0	0	0	0	0	
2053.951200	8	3	3	0	1	2	2	4195	651	23	126830	21	10	88	0	0	0	0	0	0	0	0	0	0	0	0	0	0	
2054.956317	8	3	3	0	1	2	2	4199	636	23	126890	21	10	88	0	0	0	0	0	0	0	0	0	0	0	0	0	0	
2055.961433	8	3	3	0	1	2	2	4199	612	23	126950	21	10	88	0	0	0	0	0	0	0	0	0	0	0	0	0	0	
2056.966567	8	3	3	0	1	2	2	4198	590	23	127011	21	10	88	0	0	0	0	0	0	0	0	0	0	0	0	0	0	
2057.952967	8	3	3	0	1	2	2	4198	568	23	127070	21	10	88	0	0	0	0	0	0	0	0	0	0	0	0	0	0	
2058.959517	8	3	3	0	1	2	2	4198	548	23	127130	21	10	88	0	0	0	0	0	0	0	0	0	0	0	0	0	0	
2059.964633	8	3	3	0	1	2	2	4198	528	23	127190	21	10	88	0	0	0	0	0	0	0	0	0	0	0	0	0	0	
2060.951033	8	3	3	0	1	2	2	4199	509	23	127250	21	10	88	0	0	0	0	0	0	0	0	0	0	0	0	0	0	
2061.956167	8	3	3	0	1	2	2	4198	491	23	127310	21	10	88	0	0	0	0	0	0	0	0	0	0	0	0	0	0	
2062.961283	8	3	3	0	1	2	2	4199	474	23	127370	21	10	88	0	0	0	0	0	0	0	0	0	0	0	0	0	0	
2063.967833	8	3	3	0	1	2	2	4198	456	23	127431	21	10	88	0	0	0	0	0	0	0	0	0	0	0	0	0	0	
2064.954233	8	3	3	0	1	2	2	4199	440	23	127490	21	10	88	0	0	0	0	0	0	0	0	0	0	0	0	0	0	
2065.959367	8	3	3	0	1	2	2	4199	424	23	127550	21	10	88	0	0	0	0	0	0	0	0	0	0	0	0	0	0	
2066.964483	8	3	3	0	1	2	2	4199	409	23	127610	21	10	88	0	0	0	0	0	0	0	0	0	0	0	0	0	0	
2067.969600	8	3	3	0	1	2	2	4198	394	23	127671	21	10	88	0	0	0	0	0	0	0	0	0	0	0	0	0	0	
2068.956000	8	3	3	0	1	2	2	4199	379	23	127730	21	10	88	0	0	0	0	0	0	0	0	0	0	0	0	0	0	
2069.962567	8	3	3	0	1	2	2	4199	366	23	127790	21	10	88	0	0	0	0	0	0	0	0	0	0	0	0	0	0	
2070.967683	8	3	3	0	1	2	2	4198	353	23	127851	21	10	88	0	0	0	0	0	0	0	0	0	0	0	0	0	0	
2071.954083	8	3	3	0	1	2	2	4198	340	23	127910	21	10	88	0	0	0	0	0	0	0	0	0	0	0	0	0	0	
2072.959200	8	3	3	0	1	2	2	4199	327	23	127970	21	10	88	0	0	0	0	0	0	0	0	0	0	0	0	0	0	
2073.965767	8	3	3	0	1	2	2	4199	316	23	128030	21	10	88	0	0	0	0	0	0	0	0	0	0	0	0	0	0	
2074.970883	8	3	3	0	1	2	2	4199	304	23	128091	21	10	88	0	0	0	0	0	0	0	0	0	0	0	0	0	0	
2075.957283	8	3	3	0	1	2	2	4198	294	23	128150	21	10	88	0	0	0	0	0	0	0	0	0	0	0	0	0	0	
2076.962400	8	3	3	0	1	2	2	4198	283	23	128210	21	10	88	0	0	0	0	0	0	0	0	0	0	0	0	0	0	
2077.967517	8	3	3	0	1	2	2	4199	273	23	128271	21	10	88	0	0	0	0	0	0	0	0	0	0	0	0	0	0	
2078.953917	8	3	3	0	1	2	2	4199	263	23	128330	21	10	88	0	0	0	0	0	0	0	0	0	0	0	0	0	0	
2079.960483	8	3	3	0	1	2	2	4199	253	23	128390	21	10	88	0	0	0	0	0	0	0	0	0	0	0	0	0	0	
2080.965600	8	3	3	0	1	2	2	4199	245	23	128450	21	10	88	0	0	0	0	0	0	0	0	0	0	0	0	0	0	
2081.970717	8	3	3	0	1	2	2	4199	235	23	128511	21	10	88	0	0	0	0	0	0	0	0	0	0	0	0	0	0	
2082.957117	8	3	3	0	1	2	2	4199	228	23	128570	21	10	88	0	0	0	0	0	0	0	0	0	0	0	0	0	0	
2083.962233	8	3	3	0	1	2	2	4199	218	23	128630	21	10	88	0	0	0	0	0	0	0	0	0	0	0	0	0	0	
2084.968800	8	3	3	0	1	2	2	4198	209	23	128691	21	10	88	0	0	0	0	0	0	0	0	0	0	0	0	0	0	
2085.955200	8	3	3	0	1	2	2	4198	203	23	128750	21	10	88	0	0	0	0	0	0	0	0	0	0	0	0	0	0	
2086.960317	8	3	3	0	1	2	2	4199	196	23	128810	21	10	88	0	0	0	0	0	0	0	0	0	0	0	0	0	0	
2087.965433	8	3	3	0	1	2	2	4199	189	23	128870	21	10	88	0	0	0	0	0	0	0	0	0	0	0	0	0	0	
2088.970567	8	3	3	0	1	2	2	4199	182	23	128931	21	10	88	0	0	0	0	0	0	0	0	0	0	0	0	0	0	
2089.956967	8	3	3	0	1	2	2	4199	176	23	128990	21	10	88	0	0	0	0	0	0	0	0	0	0	0	0	0	0	
2090.963517	8	3	3	0	1	2	2	4198	169	23	129050	21	10	88	0	0	0	0	0	0	0	0	0	0	0	0	0	0	
2091.968633	8	3	3	0	1	2	2	4199	163	23	129111	21	10	88	0	0	0	0	0	0	0	0	0	0	0	0	0	0	
2092.955033	8	3	3	0	1	2	2	4198	157	23	129170	21	10	88	0	0	0	0	0	0	0	0	0	0	0	0	0	0	
2093.960167	8	3	3	0	1	2	2	4199	153	23	129230	21	10	88	0	0	0	0	0	0	0	0	0	0	0	0	0	0	
2094.965283	8	3	3	0	1	2	2	4199	147	23	129290	21	10	88	0	0	0	0	0	0	0	0	0	0	0	0	0	0	
2095.971833	8	3	3	0	1	2	2	4199	141	23	129351	21	10	88	0	0	0	0	0	0	0	0	0	0	0	0	0	0	
2096.958233	8	3	3	0	1	2	2	4199	137	23	129410	21	10	88	0	0	0	0	0	0	0	0	0	0	0	0	0	0	
2097.963367	8	3	3	0	1	2	2	4199	131	23	129470	21	10	88	0	0	0	0	0	0	0	0	0	0	0	0	0	0	
2098.968483	8	3	3	0	1	2	2	4198	127	23	129530	21	10	88	0	0	0	0	0	0	0	0	0	0	0	0	0	0	
2099.954883	8	3	3	0	1	2	2	4199	123	23	129590	21	10	88	0	0	0	0	0	0	0	0	0	0	0	0	0	0	
2100.961433	8	3	3	0	1	2	2	4199	118	23	129650	21	10	88	0	0	0	0	0	0	0	0	0	0	0	0	0	0	
2101.966567	8	3	3	0	1	2	2	4199	115	23	129710	21	10	88	0	0	0	0	0	0	0	0	0	0	0	0	0	0	
2102.971683	8	3	3	0	1	2	2	4198	111	23	129771	21	10	88	0	0	0	0	0	0	0	0	0	0	0	0	0	0	
2103.958083	8	3	3	0	1	2	2	4199	107	23	129830	21	10	88	0	0	0	0	0	0	0	0	0	0	0	0	0	0	
2104.963200	8	3	3	0	1	2	2	4198	103	23	129890	21	10	88	0	0	0	0	0	0	0	0	0	0	0	0	0	0	
2105.969767	8	3	3	0	1	2	2	4198	99	23	129950	21	10	88	0	0	0	0	0	0	0	0	0	0	0	0	0	0	
2106.956167	8	3	3	0	1	2	2	4198	95	23	130010	21	10	88	0	0	0	0	0	0	0	0	0	0	0	0	0	0	
2107.961283	8	3	3	0	1	2	2	4199	92	23	130070	21	10	88	0	0	0	0	0	0	0	0	0	0	0	0	0	0	
2108.966400	8	3	3	0	1	2	2	4199	90	23	130130	21	10	88	0	0	0	0	0	0	0	0	0	0	0	0	0	0	
2109.971517	8	3	3	0	1	2	2	4198	86	23	130191	21	10	88	0	0	0	0	0	0	0	0	0	0	0	0	0	0	
2110.957917	8	3	3	0	1	2	2	4198	84	23	130250	21	10	88	0	0	0	0	0	0	0	0	0	0	0	0	0	0	
2111.964483	8	3	3	0	1	2	2	4198	80	23	130310	21	10	88	0	0	0	0	0	0	0	0	0	0	0	0	0	0	
2112.969600	8	3	3	0	1	2	2	4198	78	23	130370	21	10	88	0	0	0	0	0	0	0	0	0	0	0	0	0	0	
2113.956000	8	3	3	0	1	2	2	4199	75	23	130430	21	10	88	0	0	0	0	0	0	0	0	0	0	0	0	0	0	
2114.961117	8	3	3	0	1	2	2	4198	72	23	130490	21	10	88	0	0	0	0	0	0	0	0	0	0	0	0	0	0	
2115.966233	8	3	3	0	1	2	2	4198	70	23	130550	21	10	88	0	0	0	0	0	0	0	0	0	0	0	0	0	0	
2116.972800	8	3	3	0	1	2	2	4198	67	23	130611	21	10	88	0	0	0	0	0	0	0	0	0	0	0	0	0	0	
2117.656800	8	6	3	0	2	7	1	3964	-1007	23	130652	21	11	0	0	0	0	0	0	0	0	0	0	0	0	0	0	0	
2117.960633	8	6	3	0	2	7	1	3847	-1348	23	130670	21	11	0	0	0	0	0	0	0	0	0	0	0	0	0	0	0	
2118.965767	8	6	3	0	2	7	1	3800	-1349	23	130730	21	11	2	0	0	0	0	0	0	0	0	0	0	0	0	0	0	
2119.970883	8	6	3	0	2	7	1	3773	-1350	23	130791	21	11	3	0	0	0	0	0	0	0	0	0	0	0	0	0	0	
2120.957283	8	6	3	0	2	7	1	3754	-1350	23	130850	21	11	5	0	0	0	0	0	0	0	0	0	0	0	0	0	0	
2121.963833	8	6	3	0	2	7	1	3736	-1349	23	130910	21	11	7	0	0	0	0	0	0	0	0	0	0	0	0	0	0	
2122.968967	8	6	3	0	2	7	1	3719	-1349	23	130970	21	11	8	0	0	0	0	0	0	0	0	0	0	0	0	0	0	
2123.974083	8	6	3	0	2	7	1	3702	-1350	23	131031	21	11	10	0	0	0	0	0	0	0	0	0	0	0	0	0	0	
2124.960483	8	6	3	0	2	7	1	3686	-1350	23	131090	21	11	12	0	0	0	0	0	0	0	0	0	0	0	0	0	0	
2125.965600	8	6	3	0	2	7	1	3671	-1349	23	131150	21	11	13	0	0	0	0	0	0	0	0	0	0	0	0	0	0	
2126.972167	8	6	3	0	2	7	1	3656	-1351	23	131211	21	11	15	0	0	0	0	0	0	0	0	0	0	0	0	0	0	
2127.958567	8	6	3	0	2	7	1	3642	-1350	23	131270	21	11	17	0	0	0	0	0	0	0	0	0	0	0	0	0	0	
2128.963683	8	6	3	0	2	7	1	3628	-1350	23	131330	21	11	18	0	0	0	0	0	0	0	0	0	0	0	0	0	0	
2129.968800	8	6	3	0	2	7	1	3615	-1349	23	131390	21	11	20	0	0	0	0	0	0	0	0	0	0	0	0	0	0	
2130.973917	8	6	3	0	2	7	1	3602	-1350	23	131451	21	11	22	0	0	0	0	0	0	0	0	0	0	0	0	0	0	
2131.961767	8	6	3	0	2	7	1	3590	-1351	23	131510	21	11	23	0	0	0	0	0	0	0	0	0	0	0	0	0	0	
2132.966883	8	6	3	0	2	7	1	3580	-1348	23	131570	21	11	25	0	0	0	0	0	0	0	0	0	0	0	0	0	0	
2133.972000	8	6	3	0	2	7	1	3568	-1350	23	131631	21	11	27	0	0	0	0	0	0	0	0	0	0	0	0	0	0	
2134.958400	8	6	3	0	2	7	1	3557	-1350	23	131690	21	11	28	0	0	0	0	0	0	0	0	0	0	0	0	0	0	
2135.963517	8	6	3	0	2	7	1	3545	-1351	23	131750	21	11	30	0	0	0	0	0	0	0	0	0	0	0	0	0	0	
2136.968633	8	6	3	0	2	7	1	3534	-1349	23	131810	21	11	32	0	0	0	0	0	0	0	0	0	0	0	0	0	0	
2137.975200	8	6	3	0	2	7	1	3524	-1350	23	131871	21	11	33	0	0	0	0	0	0	0	0	0	0	0	0	0	0	
2138.961600	8	6	3	0	2	7	1	3513	-1349	23	131930	21	11	35	0	0	0	0	0	0	0	0	0	0	0	0	0	0	
2139.966717	8	6	3	0	2	7	1	3502	-1349	23	131990	21	11	36	0	0	0	0	0	0	0	0	0	0	0	0	0	0	
2140.971833	8	6	3	0	2	7	1	3492	-1349	23	132050	21	11	38	0	0	0	0	0	0	0	0	0	0	0	0	0	0	
2141.958233	8	6	3	0	2	7	1	3483	-1349	23	132110	21	11	40	0	0	0	0	0	0	0	0	0	0	0	0	0	0	
2142.964800	8	6	3	0	2	7	1	3473	-1350	23	132170	21	11	41	0	0	0	0	0	0	0	0	0	0	0	0	0	0	
2143.969917	8	6	3	0	2	7	1	3464	-1351	23	132230	21	11	43	0	0	0	0	0	0	0	0	0	0	0	0	0	0	
2144.975033	8	6	3	0	2	7	1	3456	-1348	23	132291	21	11	45	0	0	0	0	0	0	0	0	0	0	0	0	0	0	
2145.961433	8	6	3	0	2	7	1	3447	-1350	23	132350	21	11	46	0	0	0	0	0	0	0	0	0	0	0	0	0	0	
2146.966567	8	6	3	0	2	7	1	3439	-1350	23	132410	21	11	48	0	0	0	0	0	0	0	0	0	0	0	0	0	0	
2147.973117	8	6	3	0	2	7	1	3431	-1350	23	132470	21	11	50	0	0	0	0	0	0	0	0	0	0	0	0	0	0	
2148.959517	8	6	3	0	2	7	1	3424	-1349	23	132530	21	11	51	0	0	0	0	0	0	0	0	0	0	0	0	0	0	
2149.964633	8	6	3	0	2	7	1	3417	-1349	23	132590	21	11	53	0	0	0	0	0	0	0	0	0	0	0	0	0	0	
2150.969767	8	6	3	0	2	7	1	3409	-1349	23	132650	21	11	55	0	0	0	0	0	0	0	0	0	0	0	0	0	0	
2151.974883	8	6	3	0	2	7	1	3403	-1349	23	132711	21	11	56	0	0	0	0	0	0	0	0	0	0	0	0	0	0	
2152.961283	8	6	3	0	2	7	1	3396	-1349	23	132770	21	11	58	0	0	0	0	0	0	0	0	0	0	0	0	0	0	
2153.967833	8	6	3	0	2	7	1	3390	-1350	23	132830	21	11	60	0	0	0	0	0	0	0	0	0	0	0	0	0	0	
2154.972967	8	6	3	0	2	7	1	3384	-1349	23	132890	21	11	61	0	0	0	0	0	0	0	0	0	0	0	0	0	0	
2155.959367	8	6	3	0	2	7	1	3377	-1349	23	132950	21	11	63	0	0	0	0	0	0	0	0	0	0	0	0	0	0	
2156.964483	8	6	3	0	2	7	1	3370	-1348	23	133010	21	11	65	0	0	0	0	0	0	0	0	0	0	0	0	0	0	
2157.969600	8	6	3	0	2	7	1	3363	-1350	23	133070	21	11	66	0	0	0	0	0	0	0	0	0	0	0	0	0	0	
2158.974717	8	6	3	0	2	7	1	3355	-1348	23	133131	21	11	68	0	0	0	0	0	0	0	0	0	0	0	0	0	0	
2159.962567	8	6	3	0	2	7	1	3347	-1351	23	133190	21	11	70	0	0	0	0	0	0	0	0	0	0	0	0	0	0	
2160.967683	8	6	3	0	2	7	1	3338	-1350	23	133250	21	11	71	0	0	0	0	0	0	0	0	0	0	0	0	0	0	
2161.972800	8	6	3	0	2	7	1	3327	-1349	23	133310	21	11	73	0	0	0	0	0	0	0	0	0	0	0	0	0	0	
2162.959200	8	6	3	0	2	7	1	3316	-1350	23	133370	21	11	75	0	0	0	0	0	0	0	0	0	0	0	0	0	0	
2163.964317	8	6	3	0	2	7	1	3303	-1350	23	133430	21	11	76	0	0	0	0	0	0	0	0	0	0	0	0	0	0	
2164.970883	8	6	3	0	2	7	1	3286	-1349	23	133490	21	11	78	0	0	0	0	0	0	0	0	0	0	0	0	0	0	
2165.976000	8	6	3	0	2	7	1	3264	-1349	23	133551	21	11	79	0	0	0	0	0	0	0	0	0	0	0	0	0	0	
2166.962400	8	6	3	0	2	7	1	3236	-1350	23	133610	21	11	81	0	0	0	0	0	0	0	0	0	0	0	0	0	0	
2167.967517	8	6	3	0	2	7	1	3195	-1350	23	133670	21	11	83	0	0	0	0	0	0	0	0	0	0	0	0	0	0	
2168.972633	8	6	3	0	2	7	1	3132	-1350	23	133730	21	11	84	0	0	0	0	0	0	0	0	0	0	0	0	0	0	
2169.959033	8	6	3	0	2	7	1	3027	-1350	23	133790	21	11	86	0	0	0	0	0	0	0	0	0	0	0	0	0	0	
2170.965600	8	6	3	0	2	7	1	2778	-1349	23	133850	21	11	88	0	0	0	0	0	0	0	0	0	0	0	0	0	0	
2171.181600	10	0	5	0	0	15	0	3013	0	23	133863	21	11	88	0	0	0	0	0	0	0	0	0	0	0	0	0	0	
2171.203200	8	15	3	0	0	31	0	3050	0	23	133863	21	11	88	0	0	0	0	0	0	0	0	0	0	0	0	0	0	
