Time	Status code	Status category	Status color	Pgm code	Pgm step	Pgm para	Pgm cycle	mV	mA	Temperature	Duration	Charge count	Discharge count	Capacity	Analog input 1	Analog input 2	Analog input 3	Analog input 4	Digital input 1	Digital input 2	Digital input 3	Digital input 4	Digital output 1	Digital output 2	Digital output 3	Digital output 4	Analog output 1	Analog output 2	
0.000000	8	3	3	0	1	2	2	3638	138	23	2	1	0	0	0	0	0	0	0	0	0	0	0	0	0	0	0	0	
0.976317	8	3	3	0	1	2	2	3904	675	24	60	1	0	0	0	0	0	0	0	0	0	0	0	0	0	0	0	0	
1.971367	8	3	3	0	1	2	2	3947	675	23	120	1	0	0	0	0	0	0	0	0	0	0	0	0	0	0	0	0	
2.967833	8	3	3	0	1	2	2	3978	675	23	180	1	0	0	0	0	0	0	0	0	0	0	0	0	0	0	0	0	
3.981600	8	3	3	0	1	2	2	3992	674	23	241	1	0	0	0	0	0	0	0	0	0	0	0	0	0	0	0	0	
4.978083	8	3	3	0	1	2	2	3996	674	23	300	1	0	0	0	0	0	0	0	0	0	0	0	0	0	0	0	0	
5.974567	8	3	3	0	1	2	2	3998	675	23	360	1	0	0	0	0	0	0	0	0	0	0	0	0	0	0	0	0	
6.969600	8	3	3	0	1	2	2	4002	675	23	420	1	0	0	0	0	0	0	0	0	0	0	0	0	0	0	0	0	
7.984800	8	3	3	0	1	2	2	4006	675	23	481	1	0	0	0	0	0	0	0	0	0	0	0	0	0	0	0	0	
8.979833	8	3	3	0	1	2	2	4009	675	23	540	1	0	0	0	0	0	0	0	0	0	0	0	0	0	0	0	0	
9.976317	8	3	3	0	1	2	2	4013	676	23	600	1	0	0	0	0	0	0	0	0	0	0	0	0	0	0	0	0	
10.972800	8	3	3	0	1	2	2	4017	674	23	660	1	0	0	0	0	0	0	0	0	0	0	0	0	0	0	0	0	
11.967833	8	3	3	0	1	2	2	4022	675	23	720	1	0	0	0	0	0	0	0	0	0	0	0	0	0	0	0	0	
12.977283	8	3	3	0	1	2	2	4027	675	23	780	1	0	0	0	0	0	0	0	0	0	0	0	0	0	0	0	0	
13.982400	8	3	3	0	1	2	2	4032	674	23	841	1	0	0	0	0	0	0	0	0	0	0	0	0	0	0	0	0	
14.970233	8	3	3	0	1	2	2	4038	675	23	900	1	0	0	0	0	0	0	0	0	0	0	0	0	0	0	0	0	
15.975367	8	3	3	0	1	2	2	4045	674	23	960	1	0	0	0	0	0	0	0	0	0	0	0	0	0	0	0	0	
16.980483	8	3	3	0	1	2	2	4054	675	23	1020	1	0	0	0	0	0	0	0	0	0	0	0	0	0	0	0	0	
17.985600	8	3	3	0	1	2	2	4062	674	23	1081	1	0	0	0	0	0	0	0	0	0	0	0	0	0	0	0	0	
18.972000	8	3	3	0	1	2	2	4068	674	23	1140	1	0	0	0	0	0	0	0	0	0	0	0	0	0	0	0	0	
19.977117	8	3	3	0	1	2	2	4073	675	23	1200	1	0	0	0	0	0	0	0	0	0	0	0	0	0	0	0	0	
20.983683	8	3	3	0	1	2	2	4076	675	23	1261	1	0	0	0	0	0	0	0	0	0	0	0	0	0	0	0	0	
21.970083	8	3	3	0	1	2	2	4080	674	23	1320	1	0	0	0	0	0	0	0	0	0	0	0	0	0	0	0	0	
22.975200	8	3	3	0	1	2	2	4083	674	23	1380	1	0	0	0	0	0	0	0	0	0	0	0	0	0	0	0	0	
23.980317	8	3	3	0	1	2	2	4087	674	24	1440	1	0	0	0	0	0	0	0	0	0	0	0	0	0	0	0	0	
24.985433	8	3	3	0	1	2	2	4089	674	23	1501	1	0	0	0	0	0	0	0	0	0	0	0	0	0	0	0	0	
25.971833	8	3	3	0	1	2	2	4092	674	24	1560	1	0	0	0	0	0	0	0	0	0	0	0	0	0	0	0	0	
26.978400	8	3	3	0	1	2	2	4095	674	24	1620	1	0	0	0	0	0	0	0	0	0	0	0	0	0	0	0	0	
27.983517	8	3	3	0	1	2	2	4098	674	24	1680	1	0	0	0	0	0	0	0	0	0	0	0	0	0	0	0	0	
28.969917	8	3	3	0	1	2	2	4101	675	24	1740	1	0	0	0	0	0	0	0	0	0	0	0	0	0	0	0	0	
29.975033	8	3	3	0	1	2	2	4103	675	24	1800	1	0	0	0	0	0	0	0	0	0	0	0	0	0	0	0	0	
30.980167	8	3	3	0	1	2	2	4106	675	24	1860	1	0	0	0	0	0	0	0	0	0	0	0	0	0	0	0	0	
31.986717	8	3	3	0	1	2	2	4109	675	23	1921	1	0	0	0	0	0	0	0	0	0	0	0	0	0	0	0	0	
32.973117	8	3	3	0	1	2	2	4112	674	24	1980	1	0	0	0	0	0	0	0	0	0	0	0	0	0	0	0	0	
33.978233	8	3	3	0	1	2	2	4115	675	24	2040	1	0	0	0	0	0	0	0	0	0	0	0	0	0	0	0	0	
34.983367	8	3	3	0	1	2	2	4117	668	24	2100	1	0	0	0	0	0	0	0	0	0	0	0	0	0	0	0	0	
35.969767	8	3	3	0	1	2	2	4120	668	24	2160	1	0	0	0	0	0	0	0	0	0	0	0	0	0	0	0	0	
36.974883	8	3	3	0	1	2	2	4124	665	24	2220	1	0	0	0	0	0	0	0	0	0	0	0	0	0	0	0	0	
37.981433	8	3	3	0	1	2	2	4129	664	24	2280	1	0	0	0	0	0	0	0	0	0	0	0	0	0	0	0	0	
38.986567	8	3	3	0	1	2	2	4135	664	24	2341	1	0	0	0	0	0	0	0	0	0	0	0	0	0	0	0	0	
39.972967	8	3	3	0	1	2	2	4142	661	24	2400	1	0	0	0	0	0	0	0	0	0	0	0	0	0	0	0	0	
40.978083	8	3	3	0	1	2	2	4152	661	24	2460	1	0	0	0	0	0	0	0	0	0	0	0	0	0	0	0	0	
41.983200	8	3	3	0	1	2	2	4165	659	24	2520	1	0	0	0	0	0	0	0	0	0	0	0	0	0	0	0	0	
42.971033	8	3	3	0	1	2	2	4180	657	24	2580	1	0	0	0	0	0	0	0	0	0	0	0	0	0	0	0	0	
43.976167	8	3	3	0	1	2	2	4199	654	24	2640	1	0	0	0	0	0	0	0	0	0	0	0	0	0	0	0	0	
44.981283	8	3	3	0	1	2	2	4198	611	24	2700	1	0	0	0	0	0	0	0	0	0	0	0	0	0	0	0	0	
45.986400	8	3	3	0	1	2	2	4199	616	24	2761	1	0	0	0	0	0	0	0	0	0	0	0	0	0	0	0	0	
46.972800	8	3	3	0	1	2	2	4198	598	24	2820	1	0	0	0	0	0	0	0	0	0	0	0	0	0	0	0	0	
47.979367	8	3	3	0	1	2	2	4198	590	24	2880	1	0	0	0	0	0	0	0	0	0	0	0	0	0	0	0	0	
48.984483	8	3	3	0	1	2	2	4199	570	24	2940	1	0	0	0	0	0	0	0	0	0	0	0	0	0	0	0	0	
49.970883	8	3	3	0	1	2	2	4199	591	24	3000	1	0	0	0	0	0	0	0	0	0	0	0	0	0	0	0	0	
50.976000	8	3	3	0	1	2	2	4198	566	24	3060	1	0	0	0	0	0	0	0	0	0	0	0	0	0	0	0	0	
51.981117	8	3	3	0	1	2	2	4198	546	24	3120	1	0	0	0	0	0	0	0	0	0	0	0	0	0	0	0	0	
52.987683	8	3	3	0	1	2	2	4199	538	24	3181	1	0	0	0	0	0	0	0	0	0	0	0	0	0	0	0	0	
53.974083	8	3	3	0	1	2	2	4198	533	24	3240	1	0	0	0	0	0	0	0	0	0	0	0	0	0	0	0	0	
54.979200	8	3	3	0	1	2	2	4198	526	24	3300	1	0	0	0	0	0	0	0	0	0	0	0	0	0	0	0	0	
55.984317	8	3	3	0	1	2	2	4198	527	24	3360	1	0	0	0	0	0	0	0	0	0	0	0	0	0	0	0	0	
56.970717	8	3	3	0	1	2	2	4198	511	24	3420	1	0	0	0	0	0	0	0	0	0	0	0	0	0	0	0	0	
57.977283	8	3	3	0	1	2	2	4198	504	24	3480	1	0	0	0	0	0	0	0	0	0	0	0	0	0	0	0	0	
58.982400	8	3	3	0	1	2	2	4198	497	24	3540	1	0	0	0	0	0	0	0	0	0	0	0	0	0	0	0	0	
59.987517	8	3	3	0	1	2	2	4198	491	24	3601	1	0	0	0	0	0	0	0	0	0	0	0	0	0	0	0	0	
60.973917	8	3	3	0	1	2	2	4199	485	24	3660	1	0	0	0	0	0	0	0	0	0	0	0	0	0	0	0	0	
61.979033	8	3	3	0	1	2	2	4198	476	24	3720	1	0	0	0	0	0	0	0	0	0	0	0	0	0	0	0	0	
62.984167	8	3	3	0	1	2	2	4198	466	24	3780	1	0	0	0	0	0	0	0	0	0	0	0	0	0	0	0	0	
63.972000	8	3	3	0	1	2	2	4199	460	24	3840	1	0	0	0	0	0	0	0	0	0	0	0	0	0	0	0	0	
64.977117	8	3	3	0	1	2	2	4198	451	24	3900	1	0	0	0	0	0	0	0	0	0	0	0	0	0	0	0	0	
65.982233	8	3	3	0	1	2	2	4198	445	24	3960	1	0	0	0	0	0	0	0	0	0	0	0	0	0	0	0	0	
66.987367	8	3	3	0	1	2	2	4199	440	24	4021	1	0	0	0	0	0	0	0	0	0	0	0	0	0	0	0	0	
67.973767	8	3	3	0	1	2	2	4199	434	24	4080	1	0	0	0	0	0	0	0	0	0	0	0	0	0	0	0	0	
68.978883	8	3	3	0	1	2	2	4198	429	24	4140	1	0	0	0	0	0	0	0	0	0	0	0	0	0	0	0	0	
69.985433	8	3	3	0	1	2	2	4198	424	24	4200	1	0	0	0	0	0	0	0	0	0	0	0	0	0	0	0	0	
70.990567	8	3	3	0	1	2	2	4199	419	24	4261	1	0	0	0	0	0	0	0	0	0	0	0	0	0	0	0	0	
71.976967	8	3	3	0	1	2	2	4198	414	24	4320	1	0	0	0	0	0	0	0	0	0	0	0	0	0	0	0	0	
72.982083	8	3	3	0	1	2	2	4198	411	24	4380	1	0	0	0	0	0	0	0	0	0	0	0	0	0	0	0	0	
73.987200	8	3	3	0	1	2	2	4198	407	24	4441	1	0	0	0	0	0	0	0	0	0	0	0	0	0	0	0	0	
74.973600	8	3	3	0	1	2	2	4199	402	24	4500	1	0	0	0	0	0	0	0	0	0	0	0	0	0	0	0	0	
75.978717	8	3	3	0	1	2	2	4199	398	24	4560	1	0	0	0	0	0	0	0	0	0	0	0	0	0	0	0	0	
76.985283	8	3	3	0	1	2	2	4198	393	24	4620	1	0	0	0	0	0	0	0	0	0	0	0	0	0	0	0	0	
77.990400	8	3	3	0	1	2	2	4198	388	24	4681	1	0	0	0	0	0	0	0	0	0	0	0	0	0	0	0	0	
78.976800	8	3	3	0	1	2	2	4198	385	24	4740	1	0	0	0	0	0	0	0	0	0	0	0	0	0	0	0	0	
79.981917	8	3	3	0	1	2	2	4199	380	24	4800	1	0	0	0	0	0	0	0	0	0	0	0	0	0	0	0	0	
80.987033	8	3	3	0	1	2	2	4198	374	24	4861	1	0	0	0	0	0	0	0	0	0	0	0	0	0	0	0	0	
81.973433	8	3	3	0	1	2	2	4198	372	24	4920	1	0	0	0	0	0	0	0	0	0	0	0	0	0	0	0	0	
82.990083	8	3	3	0	1	2	2	4199	366	24	4981	1	0	0	0	0	0	0	0	0	0	0	0	0	0	0	0	0	
83.977917	8	3	3	0	1	2	2	4198	363	24	5040	1	0	0	0	0	0	0	0	0	0	0	0	0	0	0	0	0	
84.983033	8	3	3	0	1	2	2	4199	357	24	5100	1	0	0	0	0	0	0	0	0	0	0	0	0	0	0	0	0	
85.988167	8	3	3	0	1	2	2	4199	354	24	5161	1	0	0	0	0	0	0	0	0	0	0	0	0	0	0	0	0	
86.974567	8	3	3	0	1	2	2	4198	349	24	5220	1	0	0	0	0	0	0	0	0	0	0	0	0	0	0	0	0	
87.979683	8	3	3	0	1	2	2	4199	345	24	5280	1	0	0	0	0	0	0	0	0	0	0	0	0	0	0	0	0	
88.986233	8	3	3	0	1	2	2	4198	340	24	5340	1	0	0	0	0	0	0	0	0	0	0	0	0	0	0	0	0	
89.991367	8	3	3	0	1	2	2	4198	337	24	5401	1	0	0	0	0	0	0	0	0	0	0	0	0	0	0	0	0	
90.977767	8	3	3	0	1	2	2	4199	332	24	5460	1	0	0	0	0	0	0	0	0	0	0	0	0	0	0	0	0	
91.982883	8	3	3	0	1	2	2	4198	328	24	5520	1	0	0	0	0	0	0	0	0	0	0	0	0	0	0	0	0	
92.988000	8	3	3	0	1	2	2	4198	323	24	5581	1	0	0	0	0	0	0	0	0	0	0	0	0	0	0	0	0	
93.974400	8	3	3	0	1	2	2	4198	320	24	5640	1	0	0	0	0	0	0	0	0	0	0	0	0	0	0	0	0	
94.980967	8	3	3	0	1	2	2	4199	316	24	5700	1	0	0	0	0	0	0	0	0	0	0	0	0	0	0	0	0	
95.986083	8	3	3	0	1	2	2	4198	312	24	5760	1	0	0	0	0	0	0	0	0	0	0	0	0	0	0	0	0	
96.991200	8	3	3	0	1	2	2	4198	307	24	5821	1	0	0	0	0	0	0	0	0	0	0	0	0	0	0	0	0	
97.977600	8	3	3	0	1	2	2	4199	303	24	5880	1	0	0	0	0	0	0	0	0	0	0	0	0	0	0	0	0	
98.982717	8	3	3	0	1	2	2	4198	298	24	5940	1	0	0	0	0	0	0	0	0	0	0	0	0	0	0	0	0	
99.989283	8	3	3	0	1	2	2	4199	293	24	6000	1	0	0	0	0	0	0	0	0	0	0	0	0	0	0	0	0	
100.975683	8	3	3	0	1	2	2	4198	290	24	6060	1	0	0	0	0	0	0	0	0	0	0	0	0	0	0	0	0	
101.980800	8	3	3	0	1	2	2	4198	286	24	6120	1	0	0	0	0	0	0	0	0	0	0	0	0	0	0	0	0	
102.985917	8	3	3	0	1	2	2	4198	282	24	6180	1	0	0	0	0	0	0	0	0	0	0	0	0	0	0	0	0	
103.991033	8	3	3	0	1	2	2	4199	278	24	6241	1	0	0	0	0	0	0	0	0	0	0	0	0	0	0	0	0	
104.977433	8	3	3	0	1	2	2	4198	275	24	6300	1	0	0	0	0	0	0	0	0	0	0	0	0	0	0	0	0	
105.984000	8	3	3	0	1	2	2	4199	270	24	6360	1	0	0	0	0	0	0	0	0	0	0	0	0	0	0	0	0	
106.989117	8	3	3	0	1	2	2	4198	266	24	6420	1	0	0	0	0	0	0	0	0	0	0	0	0	0	0	0	0	
107.975517	8	3	3	0	1	2	2	4198	263	24	6480	1	0	0	0	0	0	0	0	0	0	0	0	0	0	0	0	0	
108.980633	8	3	3	0	1	2	2	4198	259	24	6540	1	0	0	0	0	0	0	0	0	0	0	0	0	0	0	0	0	
109.985767	8	3	3	0	1	2	2	4198	255	24	6600	1	0	0	0	0	0	0	0	0	0	0	0	0	0	0	0	0	
110.993767	8	3	3	0	1	2	2	4198	251	24	6661	1	0	0	0	0	0	0	0	0	0	0	0	0	0	0	0	0	
111.993117	8	3	3	0	1	2	2	4199	247	24	6721	1	0	0	0	0	0	0	0	0	0	0	0	0	0	0	0	0	
112.989600	8	3	3	0	1	2	2	4198	244	24	6780	1	0	0	0	0	0	0	0	0	0	0	0	0	0	0	0	0	
113.984633	8	3	3	0	1	2	2	4199	241	24	6840	1	0	0	0	0	0	0	0	0	0	0	0	0	0	0	0	0	
114.981117	8	3	3	0	1	2	2	4198	237	24	6900	1	0	0	0	0	0	0	0	0	0	0	0	0	0	0	0	0	
115.976167	8	3	3	0	1	2	2	4198	233	24	6960	1	0	0	0	0	0	0	0	0	0	0	0	0	0	0	0	0	
116.991367	8	3	3	0	1	2	2	4198	229	24	7021	1	0	0	0	0	0	0	0	0	0	0	0	0	0	0	0	0	
117.986400	8	3	3	0	1	2	2	4198	226	24	7080	1	0	0	0	0	0	0	0	0	0	0	0	0	0	0	0	0	
118.982883	8	3	3	0	1	2	2	4199	222	24	7140	1	0	0	0	0	0	0	0	0	0	0	0	0	0	0	0	0	
119.977917	8	3	3	0	1	2	2	4199	219	24	7200	1	0	0	0	0	0	0	0	0	0	0	0	0	0	0	0	0	
120.993117	8	3	3	0	1	2	2	4199	216	24	7261	1	0	0	0	0	0	0	0	0	0	0	0	0	0	0	0	0	
121.988167	8	3	3	0	1	2	2	4198	212	25	7320	1	0	0	0	0	0	0	0	0	0	0	0	0	0	0	0	0	
122.984633	8	3	3	0	1	2	2	4198	207	24	7380	1	0	0	0	0	0	0	0	0	0	0	0	0	0	0	0	0	
123.989767	8	3	3	0	1	2	2	4198	204	24	7440	1	0	0	0	0	0	0	0	0	0	0	0	0	0	0	0	0	
124.976167	8	3	3	0	1	2	2	4198	202	24	7500	1	0	0	0	0	0	0	0	0	0	0	0	0	0	0	0	0	
125.982717	8	3	3	0	1	2	2	4199	198	24	7560	1	0	0	0	0	0	0	0	0	0	0	0	0	0	0	0	0	
126.987833	8	3	3	0	1	2	2	4199	195	25	7620	1	0	0	0	0	0	0	0	0	0	0	0	0	0	0	0	0	
127.992967	8	3	3	0	1	2	2	4199	192	24	7681	1	0	0	0	0	0	0	0	0	0	0	0	0	0	0	0	0	
128.979367	8	3	3	0	1	2	2	4199	189	24	7740	1	0	0	0	0	0	0	0	0	0	0	0	0	0	0	0	0	
129.984483	8	3	3	0	1	2	2	4199	185	24	7800	1	0	0	0	0	0	0	0	0	0	0	0	0	0	0	0	0	
130.989600	8	3	3	0	1	2	2	4198	182	24	7860	1	0	0	0	0	0	0	0	0	0	0	0	0	0	0	0	0	
131.976000	8	3	3	0	1	2	2	4199	179	24	7920	1	0	0	0	0	0	0	0	0	0	0	0	0	0	0	0	0	
132.982567	8	3	3	0	1	2	2	4198	177	25	7980	1	0	0	0	0	0	0	0	0	0	0	0	0	0	0	0	0	
133.987683	8	3	3	0	1	2	2	4199	173	24	8040	1	0	0	0	0	0	0	0	0	0	0	0	0	0	0	0	0	
134.992800	8	3	3	0	1	2	2	4198	170	24	8101	1	0	0	0	0	0	0	0	0	0	0	0	0	0	0	0	0	
135.979200	8	3	3	0	1	2	2	4199	168	24	8160	1	0	0	0	0	0	0	0	0	0	0	0	0	0	0	0	0	
136.984317	8	3	3	0	1	2	2	4199	164	24	8220	1	0	0	0	0	0	0	0	0	0	0	0	0	0	0	0	0	
137.990883	8	3	3	0	1	2	2	4199	163	24	8280	1	0	0	0	0	0	0	0	0	0	0	0	0	0	0	0	0	
138.996000	8	3	3	0	1	2	2	4199	160	24	8341	1	0	0	0	0	0	0	0	0	0	0	0	0	0	0	0	0	
139.982400	8	3	3	0	1	2	2	4199	157	24	8400	1	0	0	0	0	0	0	0	0	0	0	0	0	0	0	0	0	
140.987517	8	3	3	0	1	2	2	4199	155	24	8460	1	0	0	0	0	0	0	0	0	0	0	0	0	0	0	0	0	
141.992633	8	3	3	0	1	2	2	4198	152	24	8521	1	0	0	0	0	0	0	0	0	0	0	0	0	0	0	0	0	
142.979033	8	3	3	0	1	2	2	4199	150	24	8580	1	0	0	0	0	0	0	0	0	0	0	0	0	0	0	0	0	
143.985600	8	3	3	0	1	2	2	4198	147	24	8640	1	0	0	0	0	0	0	0	0	0	0	0	0	0	0	0	0	
144.990717	8	3	3	0	1	2	2	4198	144	24	8700	1	0	0	0	0	0	0	0	0	0	0	0	0	0	0	0	0	
145.995833	8	3	3	0	1	2	2	4198	142	24	8761	1	0	0	0	0	0	0	0	0	0	0	0	0	0	0	0	0	
146.982233	8	3	3	0	1	2	2	4199	139	24	8820	1	0	0	0	0	0	0	0	0	0	0	0	0	0	0	0	0	
147.987367	8	3	3	0	1	2	2	4199	136	24	8880	1	0	0	0	0	0	0	0	0	0	0	0	0	0	0	0	0	
148.993917	8	3	3	0	1	2	2	4199	135	24	8941	1	0	0	0	0	0	0	0	0	0	0	0	0	0	0	0	0	
149.980317	8	3	3	0	1	2	2	4199	132	24	9000	1	0	0	0	0	0	0	0	0	0	0	0	0	0	0	0	0	
150.986883	8	3	3	0	1	2	2	4199	130	24	9060	1	0	0	0	0	0	0	0	0	0	0	0	0	0	0	0	0	
151.992000	8	3	3	0	1	2	2	4199	128	24	9120	1	0	0	0	0	0	0	0	0	0	0	0	0	0	0	0	0	
152.978400	8	3	3	0	1	2	2	4198	126	24	9180	1	0	0	0	0	0	0	0	0	0	0	0	0	0	0	0	0	
153.983517	8	3	3	0	1	2	2	4199	123	24	9240	1	0	0	0	0	0	0	0	0	0	0	0	0	0	0	0	0	
154.988633	8	3	3	0	1	2	2	4199	121	24	9300	1	0	0	0	0	0	0	0	0	0	0	0	0	0	0	0	0	
155.995200	8	3	3	0	1	2	2	4199	119	24	9361	1	0	0	0	0	0	0	0	0	0	0	0	0	0	0	0	0	
156.981600	8	3	3	0	1	2	2	4199	118	24	9420	1	0	0	0	0	0	0	0	0	0	0	0	0	0	0	0	0	
157.986717	8	3	3	0	1	2	2	4199	115	24	9480	1	0	0	0	0	0	0	0	0	0	0	0	0	0	0	0	0	
158.991833	8	3	3	0	1	2	2	4198	113	24	9540	1	0	0	0	0	0	0	0	0	0	0	0	0	0	0	0	0	
159.978233	8	3	3	0	1	2	2	4199	111	24	9600	1	0	0	0	0	0	0	0	0	0	0	0	0	0	0	0	0	
160.984800	8	3	3	0	1	2	2	4199	110	24	9660	1	0	0	0	0	0	0	0	0	0	0	0	0	0	0	0	0	
161.989917	8	3	3	0	1	2	2	4198	107	24	9720	1	0	0	0	0	0	0	0	0	0	0	0	0	0	0	0	0	
162.995033	8	3	3	0	1	2	2	4199	106	24	9781	1	0	0	0	0	0	0	0	0	0	0	0	0	0	0	0	0	
163.981433	8	3	3	0	1	2	2	4199	104	25	9840	1	0	0	0	0	0	0	0	0	0	0	0	0	0	0	0	0	
164.986567	8	3	3	0	1	2	2	4199	102	24	9900	1	0	0	0	0	0	0	0	0	0	0	0	0	0	0	0	0	
165.991683	8	3	3	0	1	2	2	4199	100	24	9960	1	0	0	0	0	0	0	0	0	0	0	0	0	0	0	0	0	
166.998233	8	3	3	0	1	2	2	4198	99	24	10021	1	0	0	0	0	0	0	0	0	0	0	0	0	0	0	0	0	
167.984633	8	3	3	0	1	2	2	4199	97	25	10080	1	0	0	0	0	0	0	0	0	0	0	0	0	0	0	0	0	
168.989767	8	3	3	0	1	2	2	4199	96	25	10140	1	0	0	0	0	0	0	0	0	0	0	0	0	0	0	0	0	
169.994883	8	3	3	0	1	2	2	4198	93	24	10201	1	0	0	0	0	0	0	0	0	0	0	0	0	0	0	0	0	
170.981283	8	3	3	0	1	2	2	4198	93	24	10260	1	0	0	0	0	0	0	0	0	0	0	0	0	0	0	0	0	
171.986400	8	3	3	0	1	2	2	4198	92	24	10320	1	0	0	0	0	0	0	0	0	0	0	0	0	0	0	0	0	
172.991517	8	3	3	0	1	2	2	4198	90	24	10380	1	0	0	0	0	0	0	0	0	0	0	0	0	0	0	0	0	
173.998083	8	3	3	0	1	2	2	4199	88	24	10441	1	0	0	0	0	0	0	0	0	0	0	0	0	0	0	0	0	
174.984483	8	3	3	0	1	2	2	4199	86	25	10500	1	0	0	0	0	0	0	0	0	0	0	0	0	0	0	0	0	
175.989600	8	3	3	0	1	2	2	4198	85	24	10560	1	0	0	0	0	0	0	0	0	0	0	0	0	0	0	0	0	
176.994717	8	3	3	0	1	2	2	4199	85	24	10620	1	0	0	0	0	0	0	0	0	0	0	0	0	0	0	0	0	
177.981117	8	3	3	0	1	2	2	4198	82	24	10680	1	0	0	0	0	0	0	0	0	0	0	0	0	0	0	0	0	
178.986233	8	3	3	0	1	2	2	4199	82	25	10740	1	0	0	0	0	0	0	0	0	0	0	0	0	0	0	0	0	
179.992800	8	3	3	0	1	2	2	4198	80	25	10800	1	0	0	0	0	0	0	0	0	0	0	0	0	0	0	0	0	
180.997917	8	3	3	0	1	2	2	4199	78	25	10861	1	0	0	0	0	0	0	0	0	0	0	0	0	0	0	0	0	
181.984317	8	3	3	0	1	2	2	4198	78	25	10920	1	0	0	0	0	0	0	0	0	0	0	0	0	0	0	0	0	
182.989433	8	3	3	0	1	2	2	4199	76	25	10980	1	0	0	0	0	0	0	0	0	0	0	0	0	0	0	0	0	
183.994567	8	3	3	0	1	2	2	4199	74	25	11040	1	0	0	0	0	0	0	0	0	0	0	0	0	0	0	0	0	
184.980967	8	3	3	0	1	2	2	4199	74	25	11100	1	0	0	0	0	0	0	0	0	0	0	0	0	0	0	0	0	
185.987517	8	3	3	0	1	2	2	4199	72	25	11160	1	0	0	0	0	0	0	0	0	0	0	0	0	0	0	0	0	
186.992633	8	3	3	0	1	2	2	4198	71	24	11220	1	0	0	0	0	0	0	0	0	0	0	0	0	0	0	0	0	
187.997767	8	3	3	0	1	2	2	4199	70	24	11281	1	0	0	0	0	0	0	0	0	0	0	0	0	0	0	0	0	
188.984167	8	3	3	0	1	2	2	4199	68	24	11340	1	0	0	0	0	0	0	0	0	0	0	0	0	0	0	0	0	
189.989283	8	3	3	0	1	2	2	4199	67	25	11400	1	0	0	0	0	0	0	0	0	0	0	0	0	0	0	0	0	
190.373767	8	6	3	0	2	7	1	3533	-1349	25	11423	1	1	0	0	0	0	0	0	0	0	0	0	0	0	0	0	0	
190.997283	8	6	3	0	2	7	1	3517	-1349	25	11461	1	1	0	0	0	0	0	0	0	0	0	0	0	0	0	0	0	
191.983683	8	6	3	0	2	7	1	3519	-1348	25	11520	1	1	2	0	0	0	0	0	0	0	0	0	0	0	0	0	0	
192.988800	8	6	3	0	2	7	1	3445	-1348	25	11580	1	1	4	0	0	0	0	0	0	0	0	0	0	0	0	0	0	
193.993917	8	6	3	0	2	7	1	3519	-1349	25	11640	1	1	5	0	0	0	0	0	0	0	0	0	0	0	0	0	0	
194.999033	8	6	3	0	2	7	1	3562	-1349	24	11701	1	1	7	0	0	0	0	0	0	0	0	0	0	0	0	0	0	
195.985433	8	6	3	0	2	7	1	3541	-1350	25	11760	1	1	9	0	0	0	0	0	0	0	0	0	0	0	0	0	0	
196.992000	8	6	3	0	2	7	1	3527	-1350	25	11820	1	1	10	0	0	0	0	0	0	0	0	0	0	0	0	0	0	
197.997117	8	6	3	0	2	7	1	3512	-1351	25	11881	1	1	12	0	0	0	0	0	0	0	0	0	0	0	0	0	0	
198.983517	8	6	3	0	2	7	1	3497	-1350	25	11940	1	1	14	0	0	0	0	0	0	0	0	0	0	0	0	0	0	
199.988633	8	6	3	0	2	7	1	3484	-1348	25	12000	1	1	15	0	0	0	0	0	0	0	0	0	0	0	0	0	0	
200.993767	8	6	3	0	2	7	1	3470	-1351	25	12060	1	1	17	0	0	0	0	0	0	0	0	0	0	0	0	0	0	
201.984483	8	6	3	0	2	7	1	3457	-1350	25	12120	1	1	19	0	0	0	0	0	0	0	0	0	0	0	0	0	0	
202.989600	8	6	3	0	2	7	1	3443	-1349	24	12180	1	1	20	0	0	0	0	0	0	0	0	0	0	0	0	0	0	
203.994717	8	6	3	0	2	7	1	3430	-1350	25	12240	1	1	22	0	0	0	0	0	0	0	0	0	0	0	0	0	0	
204.999833	8	6	3	0	2	7	1	3416	-1351	25	12301	1	1	24	0	0	0	0	0	0	0	0	0	0	0	0	0	0	
205.987683	8	6	3	0	2	7	1	3405	-1351	25	12360	1	1	25	0	0	0	0	0	0	0	0	0	0	0	0	0	0	
206.992800	8	6	3	0	2	7	1	3392	-1349	25	12420	1	1	27	0	0	0	0	0	0	0	0	0	0	0	0	0	0	
207.997917	8	6	3	0	2	7	1	3381	-1350	25	12481	1	1	29	0	0	0	0	0	0	0	0	0	0	0	0	0	0	
208.984317	8	6	3	0	2	7	1	3368	-1349	25	12540	1	1	30	0	0	0	0	0	0	0	0	0	0	0	0	0	0	
209.989433	8	6	3	0	2	7	1	3356	-1350	24	12600	1	1	32	0	0	0	0	0	0	0	0	0	0	0	0	0	0	
210.996000	8	6	3	0	2	7	1	3345	-1350	25	12660	1	1	34	0	0	0	0	0	0	0	0	0	0	0	0	0	0	
212.001117	8	6	3	0	2	7	1	3334	-1348	25	12721	1	1	35	0	0	0	0	0	0	0	0	0	0	0	0	0	0	
212.987517	8	6	3	0	2	7	1	3324	-1348	25	12780	1	1	37	0	0	0	0	0	0	0	0	0	0	0	0	0	0	
213.992633	8	6	3	0	2	7	1	3315	-1350	25	12840	1	1	38	0	0	0	0	0	0	0	0	0	0	0	0	0	0	
214.997767	8	6	3	0	2	7	1	3306	-1348	25	12901	1	1	40	0	0	0	0	0	0	0	0	0	0	0	0	0	0	
215.984167	8	6	3	0	2	7	1	3297	-1350	25	12960	1	1	42	0	0	0	0	0	0	0	0	0	0	0	0	0	0	
216.990717	8	6	3	0	2	7	1	3288	-1349	25	13020	1	1	43	0	0	0	0	0	0	0	0	0	0	0	0	0	0	
217.995833	8	6	3	0	2	7	1	3278	-1350	24	13080	1	1	45	0	0	0	0	0	0	0	0	0	0	0	0	0	0	
219.000967	8	6	3	0	2	7	1	3270	-1348	25	13141	1	1	47	0	0	0	0	0	0	0	0	0	0	0	0	0	0	
219.987367	8	6	3	0	2	7	1	3259	-1350	25	13200	1	1	48	0	0	0	0	0	0	0	0	0	0	0	0	0	0	
220.992483	8	6	3	0	2	7	1	3247	-1349	25	13260	1	1	50	0	0	0	0	0	0	0	0	0	0	0	0	0	0	
221.997600	8	6	3	0	2	7	1	3227	-1349	25	13320	1	1	52	0	0	0	0	0	0	0	0	0	0	0	0	0	0	
222.985433	8	6	3	0	2	7	1	3214	-1349	25	13380	1	1	53	0	0	0	0	0	0	0	0	0	0	0	0	0	0	
223.990567	8	6	3	0	2	7	1	3198	-1350	25	13440	1	1	55	0	0	0	0	0	0	0	0	0	0	0	0	0	0	
224.995683	8	6	3	0	2	7	1	3262	-1349	25	13500	1	1	57	0	0	0	0	0	0	0	0	0	0	0	0	0	0	
226.000800	8	6	3	0	2	7	1	3256	-1351	25	13561	1	1	58	0	0	0	0	0	0	0	0	0	0	0	0	0	0	
226.987200	8	6	3	0	2	7	1	3251	-1349	25	13620	1	1	60	0	0	0	0	0	0	0	0	0	0	0	0	0	0	
227.993767	8	6	3	0	2	7	1	3245	-1350	25	13680	1	1	62	0	0	0	0	0	0	0	0	0	0	0	0	0	0	
228.998883	8	6	3	0	2	7	1	3226	-1349	25	13740	1	1	63	0	0	0	0	0	0	0	0	0	0	0	0	0	0	
229.985283	8	6	3	0	2	7	1	3212	-1348	25	13800	1	1	65	0	0	0	0	0	0	0	0	0	0	0	0	0	0	
230.990400	8	6	3	0	2	7	1	3199	-1351	25	13860	1	1	67	0	0	0	0	0	0	0	0	0	0	0	0	0	0	
231.995517	8	6	3	0	2	7	1	3187	-1348	25	13920	1	1	68	0	0	0	0	0	0	0	0	0	0	0	0	0	0	
233.002083	8	6	3	0	2	7	1	3173	-1349	25	13981	1	1	70	0	0	0	0	0	0	0	0	0	0	0	0	0	0	
233.988483	8	6	3	0	2	7	1	3156	-1350	25	14040	1	1	71	0	0	0	0	0	0	0	0	0	0	0	0	0	0	
234.993600	8	6	3	0	2	7	1	3135	-1350	25	14100	1	1	73	0	0	0	0	0	0	0	0	0	0	0	0	0	0	
235.998717	8	6	3	0	2	7	1	3107	-1349	25	14160	1	1	75	0	0	0	0	0	0	0	0	0	0	0	0	0	0	
236.985117	8	6	3	0	2	7	1	3067	-1351	25	14220	1	1	76	0	0	0	0	0	0	0	0	0	0	0	0	0	0	
237.990233	8	6	3	0	2	7	1	3003	-1349	25	14280	1	1	78	0	0	0	0	0	0	0	0	0	0	0	0	0	0	
238.999683	8	6	3	0	2	7	1	2888	-1350	25	14340	1	1	80	0	0	0	0	0	0	0	0	0	0	0	0	0	0	
239.873767	8	15	3	0	1	31	2	3004	33	25	14393	2	1	81	0	0	0	0	0	0	0	0	0	0	0	0	0	0	
239.893917	8	3	3	0	1	2	2	3405	680	25	14394	3	1	81	0	0	0	0	0	0	0	0	0	0	0	0	0	0	
239.988967	8	3	3	0	1	2	2	3489	675	25	14400	3	1	81	0	0	0	0	0	0	0	0	0	0	0	0	0	0	
240.994083	8	3	3	0	1	2	2	3721	677	25	14460	3	1	81	0	0	0	0	0	0	0	0	0	0	0	0	0	0	
242.000633	8	3	3	0	1	2	2	3806	674	25	14520	3	1	81	0	0	0	0	0	0	0	0	0	0	0	0	0	0	
242.987033	8	3	3	0	1	2	2	3856	675	25	14580	3	1	81	0	0	0	0	0	0	0	0	0	0	0	0	0	0	
243.992167	8	3	3	0	1	2	2	3882	675	25	14640	3	1	81	0	0	0	0	0	0	0	0	0	0	0	0	0	0	
244.997283	8	3	3	0	1	2	2	3909	675	25	14700	3	1	81	0	0	0	0	0	0	0	0	0	0	0	0	0	0	
246.002400	8	3	3	0	1	2	2	3921	675	25	14761	3	1	81	0	0	0	0	0	0	0	0	0	0	0	0	0	0	
246.988800	8	3	3	0	1	2	2	3936	674	25	14820	3	1	81	0	0	0	0	0	0	0	0	0	0	0	0	0	0	
247.995367	8	3	3	0	1	2	2	3941	674	25	14880	3	1	81	0	0	0	0	0	0	0	0	0	0	0	0	0	0	
249.000483	8	3	3	0	1	2	2	3952	675	25	14940	3	1	81	0	0	0	0	0	0	0	0	0	0	0	0	0	0	
249.986883	8	3	3	0	1	2	2	3958	674	25	15000	3	1	81	0	0	0	0	0	0	0	0	0	0	0	0	0	0	
250.992000	8	3	3	0	1	2	2	3962	675	25	15060	3	1	81	0	0	0	0	0	0	0	0	0	0	0	0	0	0	
251.997117	8	3	3	0	1	2	2	3968	675	25	15120	3	1	81	0	0	0	0	0	0	0	0	0	0	0	0	0	0	
253.003683	8	3	3	0	1	2	2	3976	674	24	15181	3	1	81	0	0	0	0	0	0	0	0	0	0	0	0	0	0	
253.990083	8	3	3	0	1	2	2	3979	675	25	15240	3	1	81	0	0	0	0	0	0	0	0	0	0	0	0	0	0	
254.995200	8	3	3	0	1	2	2	3986	675	25	15300	3	1	81	0	0	0	0	0	0	0	0	0	0	0	0	0	0	
256.000317	8	3	3	0	1	2	2	3994	674	25	15360	3	1	81	0	0	0	0	0	0	0	0	0	0	0	0	0	0	
256.986717	8	3	3	0	1	2	2	4001	674	24	15420	3	1	81	0	0	0	0	0	0	0	0	0	0	0	0	0	0	
257.991833	8	3	3	0	1	2	2	4008	674	24	15480	3	1	81	0	0	0	0	0	0	0	0	0	0	0	0	0	0	
258.996967	8	3	3	0	1	2	2	4015	674	25	15540	3	1	81	0	0	0	0	0	0	0	0	0	0	0	0	0	0	
260.003517	8	3	3	0	1	2	2	4021	675	25	15601	3	1	81	0	0	0	0	0	0	0	0	0	0	0	0	0	0	
260.989917	8	3	3	0	1	2	2	4028	674	25	15660	3	1	81	0	0	0	0	0	0	0	0	0	0	0	0	0	0	
261.996483	8	3	3	0	1	2	2	4034	675	25	15720	3	1	81	0	0	0	0	0	0	0	0	0	0	0	0	0	0	
263.001600	8	3	3	0	1	2	2	4038	674	25	15781	3	1	81	0	0	0	0	0	0	0	0	0	0	0	0	0	0	
263.989433	8	3	3	0	1	2	2	4041	674	25	15840	3	1	81	0	0	0	0	0	0	0	0	0	0	0	0	0	0	
264.994567	8	3	3	0	1	2	2	4044	676	25	15900	3	1	81	0	0	0	0	0	0	0	0	0	0	0	0	0	0	
265.999683	8	3	3	0	1	2	2	4047	674	25	15960	3	1	81	0	0	0	0	0	0	0	0	0	0	0	0	0	0	
267.004800	8	3	3	0	1	2	2	4050	675	25	16021	3	1	81	0	0	0	0	0	0	0	0	0	0	0	0	0	0	
267.991200	8	3	3	0	1	2	2	4053	674	25	16080	3	1	81	0	0	0	0	0	0	0	0	0	0	0	0	0	0	
268.996317	8	3	3	0	1	2	2	4056	674	25	16140	3	1	81	0	0	0	0	0	0	0	0	0	0	0	0	0	0	
270.002883	8	3	3	0	1	2	2	4059	675	25	16200	3	1	81	0	0	0	0	0	0	0	0	0	0	0	0	0	0	
270.989283	8	3	3	0	1	2	2	4062	675	25	16260	3	1	81	0	0	0	0	0	0	0	0	0	0	0	0	0	0	
271.994400	8	3	3	0	1	2	2	4065	674	25	16320	3	1	81	0	0	0	0	0	0	0	0	0	0	0	0	0	0	
272.999517	8	3	3	0	1	2	2	4068	675	25	16380	3	1	81	0	0	0	0	0	0	0	0	0	0	0	0	0	0	
274.004633	8	3	3	0	1	2	2	4072	675	25	16441	3	1	81	0	0	0	0	0	0	0	0	0	0	0	0	0	0	
274.991033	8	3	3	0	1	2	2	4075	674	25	16500	3	1	81	0	0	0	0	0	0	0	0	0	0	0	0	0	0	
275.997600	8	3	3	0	1	2	2	4078	675	25	16560	3	1	81	0	0	0	0	0	0	0	0	0	0	0	0	0	0	
277.002717	8	3	3	0	1	2	2	4081	675	25	16620	3	1	81	0	0	0	0	0	0	0	0	0	0	0	0	0	0	
277.989117	8	3	3	0	1	2	2	4085	675	25	16680	3	1	81	0	0	0	0	0	0	0	0	0	0	0	0	0	0	
278.994233	8	3	3	0	1	2	2	4087	675	25	16740	3	1	81	0	0	0	0	0	0	0	0	0	0	0	0	0	0	
279.999367	8	3	3	0	1	2	2	4090	674	25	16800	3	1	81	0	0	0	0	0	0	0	0	0	0	0	0	0	0	
281.005917	8	3	3	0	1	2	2	4094	674	25	16861	3	1	81	0	0	0	0	0	0	0	0	0	0	0	0	0	0	
281.992317	8	3	3	0	1	2	2	4097	675	25	16920	3	1	81	0	0	0	0	0	0	0	0	0	0	0	0	0	0	
282.997433	8	3	3	0	1	2	2	4101	675	25	16980	3	1	81	0	0	0	0	0	0	0	0	0	0	0	0	0	0	
284.002567	8	3	3	0	1	2	2	4104	674	25	17040	3	1	81	0	0	0	0	0	0	0	0	0	0	0	0	0	0	
284.988967	8	3	3	0	1	2	2	4107	674	25	17100	3	1	81	0	0	0	0	0	0	0	0	0	0	0	0	0	0	
285.994083	8	3	3	0	1	2	2	4110	674	25	17160	3	1	81	0	0	0	0	0	0	0	0	0	0	0	0	0	0	
287.000633	8	3	3	0	1	2	2	4114	675	25	17220	3	1	81	0	0	0	0	0	0	0	0	0	0	0	0	0	0	
288.005767	8	3	3	0	1	2	2	4117	674	25	17281	3	1	81	0	0	0	0	0	0	0	0	0	0	0	0	0	0	
288.992167	8	3	3	0	1	2	2	4118	666	25	17340	3	1	81	0	0	0	0	0	0	0	0	0	0	0	0	0	0	
289.997283	8	3	3	0	1	2	2	4121	666	25	17400	3	1	81	0	0	0	0	0	0	0	0	0	0	0	0	0	0	
291.003833	8	3	3	0	1	2	2	4125	664	25	17460	3	1	81	0	0	0	0	0	0	0	0	0	0	0	0	0	0	
291.990233	8	3	3	0	1	2	2	4128	662	25	17520	3	1	81	0	0	0	0	0	0	0	0	0	0	0	0	0	0	
292.995367	8	3	3	0	1	2	2	4132	664	25	17580	3	1	81	0	0	0	0	0	0	0	0	0	0	0	0	0	0	
294.000483	8	3	3	0	1	2	2	4136	663	25	17640	3	1	81	0	0	0	0	0	0	0	0	0	0	0	0	0	0	
295.005600	8	3	3	0	1	2	2	4140	661	25	17701	3	1	81	0	0	0	0	0	0	0	0	0	0	0	0	0	0	
295.992000	8	3	3	0	1	2	2	4144	661	25	17760	3	1	81	0	0	0	0	0	0	0	0	0	0	0	0	0	0	
296.997117	8	3	3	0	1	2	2	4148	660	25	17820	3	1	81	0	0	0	0	0	0	0	0	0	0	0	0	0	0	
298.003683	8	3	3	0	1	2	2	4153	660	25	17880	3	1	81	0	0	0	0	0	0	0	0	0	0	0	0	0	0	
299.008800	8	3	3	0	1	2	2	4157	658	25	17941	3	1	81	0	0	0	0	0	0	0	0	0	0	0	0	0	0	
299.995200	8	3	3	0	1	2	2	4162	658	25	18000	3	1	81	0	0	0	0	0	0	0	0	0	0	0	0	0	0	
301.000317	8	3	3	0	1	2	2	4166	658	25	18060	3	1	81	0	0	0	0	0	0	0	0	0	0	0	0	0	0	
302.005433	8	3	3	0	1	2	2	4171	657	25	18121	3	1	81	0	0	0	0	0	0	0	0	0	0	0	0	0	0	
302.991833	8	3	3	0	1	2	2	4175	656	25	18180	3	1	81	0	0	0	0	0	0	0	0	0	0	0	0	0	0	
303.998400	8	3	3	0	1	2	2	4179	654	25	18240	3	1	81	0	0	0	0	0	0	0	0	0	0	0	0	0	0	
305.003517	8	3	3	0	1	2	2	4185	655	25	18300	3	1	81	0	0	0	0	0	0	0	0	0	0	0	0	0	0	
306.008633	8	3	3	0	1	2	2	4190	653	25	18361	3	1	81	0	0	0	0	0	0	0	0	0	0	0	0	0	0	
306.995033	8	3	3	0	1	2	2	4195	653	25	18420	3	1	81	0	0	0	0	0	0	0	0	0	0	0	0	0	0	
308.000167	8	3	3	0	1	2	2	4198	647	25	18480	3	1	81	0	0	0	0	0	0	0	0	0	0	0	0	0	0	
309.005283	8	3	3	0	1	2	2	4199	633	25	18541	3	1	81	0	0	0	0	0	0	0	0	0	0	0	0	0	0	
309.993117	8	3	3	0	1	2	2	4198	619	25	18600	3	1	81	0	0	0	0	0	0	0	0	0	0	0	0	0	0	
310.998233	8	3	3	0	1	2	2	4199	607	25	18660	3	1	81	0	0	0	0	0	0	0	0	0	0	0	0	0	0	
312.003367	8	3	3	0	1	2	2	4198	592	25	18720	3	1	81	0	0	0	0	0	0	0	0	0	0	0	0	0	0	
313.008483	8	3	3	0	1	2	2	4199	578	25	18781	3	1	81	0	0	0	0	0	0	0	0	0	0	0	0	0	0	
313.994883	8	3	3	0	1	2	2	4198	566	25	18840	3	1	81	0	0	0	0	0	0	0	0	0	0	0	0	0	0	
315.001433	8	3	3	0	1	2	2	4199	552	25	18900	3	1	81	0	0	0	0	0	0	0	0	0	0	0	0	0	0	
316.006567	8	3	3	0	1	2	2	4198	537	25	18961	3	1	81	0	0	0	0	0	0	0	0	0	0	0	0	0	0	
316.992967	8	3	3	0	1	2	2	4198	518	25	19020	3	1	81	0	0	0	0	0	0	0	0	0	0	0	0	0	0	
317.998083	8	3	3	0	1	2	2	4199	491	25	19080	3	1	81	0	0	0	0	0	0	0	0	0	0	0	0	0	0	
319.003200	8	3	3	0	1	2	2	4199	460	25	19140	3	1	81	0	0	0	0	0	0	0	0	0	0	0	0	0	0	
320.009767	8	3	3	0	1	2	2	4198	455	25	19201	3	1	81	0	0	0	0	0	0	0	0	0	0	0	0	0	0	
320.996167	8	3	3	0	1	2	2	4199	441	25	19260	3	1	81	0	0	0	0	0	0	0	0	0	0	0	0	0	0	
322.001283	8	3	3	0	1	2	2	4198	428	25	19320	3	1	81	0	0	0	0	0	0	0	0	0	0	0	0	0	0	
323.007833	8	3	3	0	1	2	2	4199	430	25	19381	3	1	81	0	0	0	0	0	0	0	0	0	0	0	0	0	0	
323.994233	8	3	3	0	1	2	2	4199	427	25	19440	3	1	81	0	0	0	0	0	0	0	0	0	0	0	0	0	0	
325.000800	8	3	3	0	1	2	2	4199	416	25	19500	3	1	81	0	0	0	0	0	0	0	0	0	0	0	0	0	0	
326.005917	8	3	3	0	1	2	2	4199	395	25	19560	3	1	81	0	0	0	0	0	0	0	0	0	0	0	0	0	0	
326.992317	8	3	3	0	1	2	2	4199	371	25	19620	3	1	81	0	0	0	0	0	0	0	0	0	0	0	0	0	0	
327.997433	8	3	3	0	1	2	2	4199	365	25	19680	3	1	81	0	0	0	0	0	0	0	0	0	0	0	0	0	0	
329.002567	8	3	3	0	1	2	2	4198	364	25	19740	3	1	81	0	0	0	0	0	0	0	0	0	0	0	0	0	0	
330.007683	8	3	3	0	1	2	2	4199	339	25	19801	3	1	81	0	0	0	0	0	0	0	0	0	0	0	0	0	0	
330.994083	8	3	3	0	1	2	2	4199	324	25	19860	3	1	81	0	0	0	0	0	0	0	0	0	0	0	0	0	0	
332.000633	8	3	3	0	1	2	2	4199	320	25	19920	3	1	81	0	0	0	0	0	0	0	0	0	0	0	0	0	0	
333.005767	8	3	3	0	1	2	2	4199	319	25	19980	3	1	81	0	0	0	0	0	0	0	0	0	0	0	0	0	0	
334.010883	8	3	3	0	1	2	2	4199	306	25	20041	3	1	81	0	0	0	0	0	0	0	0	0	0	0	0	0	0	
334.997283	8	3	3	0	1	2	2	4199	288	25	20100	3	1	81	0	0	0	0	0	0	0	0	0	0	0	0	0	0	
336.002400	8	3	3	0	1	2	2	4198	279	25	20160	3	1	81	0	0	0	0	0	0	0	0	0	0	0	0	0	0	
337.008967	8	3	3	0	1	2	2	4199	278	25	20221	3	1	81	0	0	0	0	0	0	0	0	0	0	0	0	0	0	
337.995367	8	3	3	0	1	2	2	4199	281	25	20280	3	1	81	0	0	0	0	0	0	0	0	0	0	0	0	0	0	
339.000483	8	3	3	0	1	2	2	4199	280	25	20340	3	1	81	0	0	0	0	0	0	0	0	0	0	0	0	0	0	
340.005600	8	3	3	0	1	2	2	4199	275	25	20400	3	1	81	0	0	0	0	0	0	0	0	0	0	0	0	0	0	
341.010717	8	3	3	0	1	2	2	4199	266	25	20461	3	1	81	0	0	0	0	0	0	0	0	0	0	0	0	0	0	
341.997117	8	3	3	0	1	2	2	4199	263	25	20520	3	1	81	0	0	0	0	0	0	0	0	0	0	0	0	0	0	
343.003683	8	3	3	0	1	2	2	4199	255	25	20580	3	1	81	0	0	0	0	0	0	0	0	0	0	0	0	0	0	
344.008800	8	3	3	0	1	2	2	4199	247	25	20641	3	1	81	0	0	0	0	0	0	0	0	0	0	0	0	0	0	
344.995200	8	3	3	0	1	2	2	4198	241	25	20700	3	1	81	0	0	0	0	0	0	0	0	0	0	0	0	0	0	
346.000317	8	3	3	0	1	2	2	4198	237	25	20760	3	1	81	0	0	0	0	0	0	0	0	0	0	0	0	0	0	
347.005433	8	3	3	0	1	2	2	4199	234	25	20820	3	1	81	0	0	0	0	0	0	0	0	0	0	0	0	0	0	
348.010567	8	3	3	0	1	2	2	4199	228	25	20881	3	1	81	0	0	0	0	0	0	0	0	0	0	0	0	0	0	
348.996967	8	3	3	0	1	2	2	4199	224	25	20940	3	1	81	0	0	0	0	0	0	0	0	0	0	0	0	0	0	
350.003517	8	3	3	0	1	2	2	4198	217	25	21000	3	1	81	0	0	0	0	0	0	0	0	0	0	0	0	0	0	
351.008633	8	3	3	0	1	2	2	4199	211	25	21060	3	1	81	0	0	0	0	0	0	0	0	0	0	0	0	0	0	
351.995033	8	3	3	0	1	2	2	4199	207	25	21120	3	1	81	0	0	0	0	0	0	0	0	0	0	0	0	0	0	
353.000167	8	3	3	0	1	2	2	4199	203	25	21180	3	1	81	0	0	0	0	0	0	0	0	0	0	0	0	0	0	
354.005283	8	3	3	0	1	2	2	4199	194	25	21240	3	1	81	0	0	0	0	0	0	0	0	0	0	0	0	0	0	
355.011833	8	3	3	0	1	2	2	4199	191	25	21301	3	1	81	0	0	0	0	0	0	0	0	0	0	0	0	0	0	
355.998233	8	3	3	0	1	2	2	4198	186	25	21360	3	1	81	0	0	0	0	0	0	0	0	0	0	0	0	0	0	
357.003367	8	3	3	0	1	2	2	4199	183	25	21420	3	1	81	0	0	0	0	0	0	0	0	0	0	0	0	0	0	
358.008483	8	3	3	0	1	2	2	4198	177	25	21480	3	1	81	0	0	0	0	0	0	0	0	0	0	0	0	0	0	
358.994883	8	3	3	0	1	2	2	4199	174	25	21540	3	1	81	0	0	0	0	0	0	0	0	0	0	0	0	0	0	
360.000000	8	3	3	0	1	2	2	4199	168	25	21600	3	1	81	0	0	0	0	0	0	0	0	0	0	0	0	0	0	
361.005117	8	3	3	0	1	2	2	4199	164	25	21660	3	1	81	0	0	0	0	0	0	0	0	0	0	0	0	0	0	
362.011683	8	3	3	0	1	2	2	4199	160	25	21721	3	1	81	0	0	0	0	0	0	0	0	0	0	0	0	0	0	
362.998083	8	3	3	0	1	2	2	4199	155	25	21780	3	1	81	0	0	0	0	0	0	0	0	0	0	0	0	0	0	
364.003200	8	3	3	0	1	2	2	4199	150	25	21840	3	1	81	0	0	0	0	0	0	0	0	0	0	0	0	0	0	
365.008317	8	3	3	0	1	2	2	4198	146	25	21900	3	1	81	0	0	0	0	0	0	0	0	0	0	0	0	0	0	
365.994717	8	3	3	0	1	2	2	4199	142	25	21960	3	1	81	0	0	0	0	0	0	0	0	0	0	0	0	0	0	
366.999833	8	3	3	0	1	2	2	4199	139	25	22020	3	1	81	0	0	0	0	0	0	0	0	0	0	0	0	0	0	
368.006400	8	3	3	0	1	2	2	4199	136	25	22080	3	1	81	0	0	0	0	0	0	0	0	0	0	0	0	0	0	
369.011517	8	3	3	0	1	2	2	4199	132	25	22141	3	1	81	0	0	0	0	0	0	0	0	0	0	0	0	0	0	
369.997917	8	3	3	0	1	2	2	4199	129	25	22200	3	1	81	0	0	0	0	0	0	0	0	0	0	0	0	0	0	
371.003033	8	3	3	0	1	2	2	4199	125	25	22260	3	1	81	0	0	0	0	0	0	0	0	0	0	0	0	0	0	
372.008167	8	3	3	0	1	2	2	4199	122	25	22320	3	1	81	0	0	0	0	0	0	0	0	0	0	0	0	0	0	
373.014717	8	3	3	0	1	2	2	4199	120	25	22381	3	1	81	0	0	0	0	0	0	0	0	0	0	0	0	0	0	
374.001117	8	3	3	0	1	2	2	4198	116	25	22440	3	1	81	0	0	0	0	0	0	0	0	0	0	0	0	0	0	
375.006233	8	3	3	0	1	2	2	4199	112	25	22500	3	1	81	0	0	0	0	0	0	0	0	0	0	0	0	0	0	
375.995517	8	3	3	0	1	2	2	4199	110	25	22560	3	1	81	0	0	0	0	0	0	0	0	0	0	0	0	0	0	
377.000633	8	3	3	0	1	2	2	4198	107	25	22620	3	1	81	0	0	0	0	0	0	0	0	0	0	0	0	0	0	
378.007200	8	3	3	0	1	2	2	4199	103	25	22680	3	1	81	0	0	0	0	0	0	0	0	0	0	0	0	0	0	
379.012317	8	3	3	0	1	2	2	4199	101	25	22741	3	1	81	0	0	0	0	0	0	0	0	0	0	0	0	0	0	
380.000167	8	3	3	0	1	2	2	4198	98	25	22800	3	1	81	0	0	0	0	0	0	0	0	0	0	0	0	0	0	
381.005283	8	3	3	0	1	2	2	4199	96	25	22860	3	1	81	0	0	0	0	0	0	0	0	0	0	0	0	0	0	
382.011833	8	3	3	0	1	2	2	4198	94	25	22921	3	1	81	0	0	0	0	0	0	0	0	0	0	0	0	0	0	
382.998233	8	3	3	0	1	2	2	4199	92	25	22980	3	1	81	0	0	0	0	0	0	0	0	0	0	0	0	0	0	
384.003367	8	3	3	0	1	2	2	4198	90	25	23040	3	1	81	0	0	0	0	0	0	0	0	0	0	0	0	0	0	
385.008483	8	3	3	0	1	2	2	4199	87	25	23100	3	1	81	0	0	0	0	0	0	0	0	0	0	0	0	0	0	
386.013600	8	3	3	0	1	2	2	4199	85	24	23161	3	1	81	0	0	0	0	0	0	0	0	0	0	0	0	0	0	
387.000000	8	3	3	0	1	2	2	4198	82	25	23220	3	1	81	0	0	0	0	0	0	0	0	0	0	0	0	0	0	
388.006567	8	3	3	0	1	2	2	4199	81	25	23280	3	1	81	0	0	0	0	0	0	0	0	0	0	0	0	0	0	
389.011683	8	3	3	0	1	2	2	4199	79	24	23340	3	1	81	0	0	0	0	0	0	0	0	0	0	0	0	0	0	
389.998083	8	3	3	0	1	2	2	4199	78	24	23400	3	1	81	0	0	0	0	0	0	0	0	0	0	0	0	0	0	
391.003200	8	3	3	0	1	2	2	4198	75	24	23460	3	1	81	0	0	0	0	0	0	0	0	0	0	0	0	0	0	
392.008317	8	3	3	0	1	2	2	4198	74	24	23520	3	1	81	0	0	0	0	0	0	0	0	0	0	0	0	0	0	
393.014883	8	3	3	0	1	2	2	4199	73	24	23581	3	1	81	0	0	0	0	0	0	0	0	0	0	0	0	0	0	
394.001283	8	3	3	0	1	2	2	4199	73	24	23640	3	1	81	0	0	0	0	0	0	0	0	0	0	0	0	0	0	
395.006400	8	3	3	0	1	2	2	4198	72	25	23700	3	1	81	0	0	0	0	0	0	0	0	0	0	0	0	0	0	
396.011517	8	3	3	0	1	2	2	4198	69	24	23760	3	1	81	0	0	0	0	0	0	0	0	0	0	0	0	0	0	
396.997917	8	3	3	0	1	2	2	4199	70	24	23820	3	1	81	0	0	0	0	0	0	0	0	0	0	0	0	0	0	
398.003033	8	3	3	0	1	2	2	4199	68	24	23880	3	1	81	0	0	0	0	0	0	0	0	0	0	0	0	0	0	
398.387517	8	6	3	0	2	7	1	3707	-1349	24	23903	3	2	0	0	0	0	0	0	0	0	0	0	0	0	0	0	0	
399.013917	8	6	3	0	2	7	1	3691	-1350	24	23941	3	2	0	0	0	0	0	0	0	0	0	0	0	0	0	0	0	
400.000317	8	6	3	0	2	7	1	3655	-1349	24	24000	3	2	2	0	0	0	0	0	0	0	0	0	0	0	0	0	0	
401.005433	8	6	3	0	2	7	1	3607	-1350	24	24060	3	2	4	0	0	0	0	0	0	0	0	0	0	0	0	0	0	
402.012000	8	6	3	0	2	7	1	3581	-1349	24	24120	3	2	5	0	0	0	0	0	0	0	0	0	0	0	0	0	0	
402.998400	8	6	3	0	2	7	1	3634	-1349	24	24180	3	2	7	0	0	0	0	0	0	0	0	0	0	0	0	0	0	
404.003517	8	6	3	0	2	7	1	3617	-1350	24	24240	3	2	9	0	0	0	0	0	0	0	0	0	0	0	0	0	0	
405.008633	8	6	3	0	2	7	1	3599	-1350	24	24300	3	2	10	0	0	0	0	0	0	0	0	0	0	0	0	0	0	
406.013767	8	6	3	0	2	7	1	3581	-1350	24	24361	3	2	12	0	0	0	0	0	0	0	0	0	0	0	0	0	0	
407.000167	8	6	3	0	2	7	1	3565	-1350	24	24420	3	2	14	0	0	0	0	0	0	0	0	0	0	0	0	0	0	
408.006717	8	6	3	0	2	7	1	3549	-1351	24	24480	3	2	15	0	0	0	0	0	0	0	0	0	0	0	0	0	0	
409.011833	8	6	3	0	2	7	1	3534	-1350	24	24540	3	2	17	0	0	0	0	0	0	0	0	0	0	0	0	0	0	
410.016967	8	6	3	0	2	7	1	3519	-1349	24	24601	3	2	19	0	0	0	0	0	0	0	0	0	0	0	0	0	0	
411.003367	8	6	3	0	2	7	1	3505	-1350	24	24660	3	2	20	0	0	0	0	0	0	0	0	0	0	0	0	0	0	
412.008483	8	6	3	0	2	7	1	3491	-1349	24	24720	3	2	22	0	0	0	0	0	0	0	0	0	0	0	0	0	0	
413.015033	8	6	3	0	2	7	1	3478	-1349	24	24781	3	2	23	0	0	0	0	0	0	0	0	0	0	0	0	0	0	
414.001433	8	6	3	0	2	7	1	3465	-1350	24	24840	3	2	25	0	0	0	0	0	0	0	0	0	0	0	0	0	0	
415.006567	8	6	3	0	2	7	1	3452	-1351	24	24900	3	2	27	0	0	0	0	0	0	0	0	0	0	0	0	0	0	
416.011683	8	6	3	0	2	7	1	3440	-1349	24	24960	3	2	28	0	0	0	0	0	0	0	0	0	0	0	0	0	0	
417.016800	8	6	3	0	2	7	1	3428	-1349	24	25021	3	2	30	0	0	0	0	0	0	0	0	0	0	0	0	0	0	
418.003200	8	6	3	0	2	7	1	3416	-1349	24	25080	3	2	32	0	0	0	0	0	0	0	0	0	0	0	0	0	0	
419.009767	8	6	3	0	2	7	1	3404	-1350	24	25140	3	2	33	0	0	0	0	0	0	0	0	0	0	0	0	0	0	
420.014883	8	6	3	0	2	7	1	3393	-1349	24	25201	3	2	35	0	0	0	0	0	0	0	0	0	0	0	0	0	0	
421.001283	8	6	3	0	2	7	1	3382	-1348	24	25260	3	2	37	0	0	0	0	0	0	0	0	0	0	0	0	0	0	
422.006400	8	6	3	0	2	7	1	3372	-1348	24	25320	3	2	38	0	0	0	0	0	0	0	0	0	0	0	0	0	0	
423.011517	8	6	3	0	2	7	1	3361	-1349	25	25380	3	2	40	0	0	0	0	0	0	0	0	0	0	0	0	0	0	
424.018083	8	6	3	0	2	7	1	3351	-1350	24	25441	3	2	42	0	0	0	0	0	0	0	0	0	0	0	0	0	0	
425.004483	8	6	3	0	2	7	1	3342	-1351	24	25500	3	2	43	0	0	0	0	0	0	0	0	0	0	0	0	0	0	
426.009600	8	6	3	0	2	7	1	3332	-1350	24	25560	3	2	45	0	0	0	0	0	0	0	0	0	0	0	0	0	0	
427.014717	8	6	3	0	2	7	1	3324	-1350	24	25621	3	2	47	0	0	0	0	0	0	0	0	0	0	0	0	0	0	
428.001117	8	6	3	0	2	7	1	3316	-1350	25	25680	3	2	48	0	0	0	0	0	0	0	0	0	0	0	0	0	0	
429.006233	8	6	3	0	2	7	1	3308	-1350	25	25740	3	2	50	0	0	0	0	0	0	0	0	0	0	0	0	0	0	
430.012800	8	6	3	0	2	7	1	3300	-1349	24	25800	3	2	52	0	0	0	0	0	0	0	0	0	0	0	0	0	0	
431.017917	8	6	3	0	2	7	1	3293	-1351	24	25861	3	2	53	0	0	0	0	0	0	0	0	0	0	0	0	0	0	
432.004317	8	6	3	0	2	7	1	3287	-1349	24	25920	3	2	55	0	0	0	0	0	0	0	0	0	0	0	0	0	0	
433.009433	8	6	3	0	2	7	1	3280	-1350	24	25980	3	2	57	0	0	0	0	0	0	0	0	0	0	0	0	0	0	
434.016000	8	6	3	0	2	7	1	3273	-1349	24	26041	3	2	58	0	0	0	0	0	0	0	0	0	0	0	0	0	0	
435.002400	8	6	3	0	2	7	1	3266	-1350	24	26100	3	2	60	0	0	0	0	0	0	0	0	0	0	0	0	0	0	
436.007517	8	6	3	0	2	7	1	3259	-1350	24	26160	3	2	62	0	0	0	0	0	0	0	0	0	0	0	0	0	0	
437.012633	8	6	3	0	2	7	1	3251	-1350	24	26220	3	2	63	0	0	0	0	0	0	0	0	0	0	0	0	0	0	
438.017767	8	6	3	0	2	7	1	3243	-1348	24	26281	3	2	65	0	0	0	0	0	0	0	0	0	0	0	0	0	0	
439.004167	8	6	3	0	2	7	1	3234	-1349	24	26340	3	2	66	0	0	0	0	0	0	0	0	0	0	0	0	0	0	
440.010717	8	6	3	0	2	7	1	3224	-1349	25	26400	3	2	68	0	0	0	0	0	0	0	0	0	0	0	0	0	0	
441.015833	8	6	3	0	2	7	1	3213	-1349	24	26460	3	2	70	0	0	0	0	0	0	0	0	0	0	0	0	0	0	
442.002233	8	6	3	0	2	7	1	3199	-1348	24	26520	3	2	71	0	0	0	0	0	0	0	0	0	0	0	0	0	0	
443.007367	8	6	3	0	2	7	1	3182	-1349	24	26580	3	2	73	0	0	0	0	0	0	0	0	0	0	0	0	0	0	
444.012483	8	6	3	0	2	7	1	3160	-1350	25	26640	3	2	75	0	0	0	0	0	0	0	0	0	0	0	0	0	0	
445.017600	8	6	3	0	2	7	1	3130	-1350	24	26701	3	2	76	0	0	0	0	0	0	0	0	0	0	0	0	0	0	
446.005433	8	6	3	0	2	7	1	3086	-1350	24	26760	3	2	78	0	0	0	0	0	0	0	0	0	0	0	0	0	0	
447.010567	8	6	3	0	2	7	1	3014	-1349	24	26820	3	2	80	0	0	0	0	0	0	0	0	0	0	0	0	0	0	
448.015683	8	6	3	0	2	7	1	2880	-1350	25	26880	3	2	81	0	0	0	0	0	0	0	0	0	0	0	0	0	0	
448.757283	8	15	3	0	1	31	2	3321	556	24	26925	5	2	83	0	0	0	0	0	0	0	0	0	0	0	0	0	0	
448.777433	8	3	3	0	1	2	2	3402	680	24	26926	5	2	83	0	0	0	0	0	0	0	0	0	0	0	0	0	0	
449.006400	8	3	3	0	1	2	2	3540	675	25	26940	5	2	83	0	0	0	0	0	0	0	0	0	0	0	0	0	0	
450.011517	8	3	3	0	1	2	2	3719	674	25	27000	5	2	83	0	0	0	0	0	0	0	0	0	0	0	0	0	0	
451.016633	8	3	3	0	1	2	2	3794	674	24	27060	5	2	83	0	0	0	0	0	0	0	0	0	0	0	0	0	0	
452.003033	8	3	3	0	1	2	2	3852	675	24	27120	5	2	83	0	0	0	0	0	0	0	0	0	0	0	0	0	0	
453.008167	8	3	3	0	1	2	2	3884	675	24	27180	5	2	83	0	0	0	0	0	0	0	0	0	0	0	0	0	0	
454.013283	8	3	3	0	1	2	2	3901	674	24	27240	5	2	83	0	0	0	0	0	0	0	0	0	0	0	0	0	0	
455.019833	8	3	3	0	1	2	2	3909	675	24	27301	5	2	83	0	0	0	0	0	0	0	0	0	0	0	0	0	0	
456.006233	8	3	3	0	1	2	2	3914	674	24	27360	5	2	83	0	0	0	0	0	0	0	0	0	0	0	0	0	0	
457.011367	8	3	3	0	1	2	2	3929	676	24	27420	5	2	83	0	0	0	0	0	0	0	0	0	0	0	0	0	0	
458.016483	8	3	3	0	1	2	2	3936	675	24	27480	5	2	83	0	0	0	0	0	0	0	0	0	0	0	0	0	0	
459.002883	8	3	3	0	1	2	2	3941	675	24	27540	5	2	83	0	0	0	0	0	0	0	0	0	0	0	0	0	0	
460.008000	8	3	3	0	1	2	2	3953	675	24	27600	5	2	83	0	0	0	0	0	0	0	0	0	0	0	0	0	0	
461.014567	8	3	3	0	1	2	2	3964	675	24	27660	5	2	83	0	0	0	0	0	0	0	0	0	0	0	0	0	0	
462.019683	8	3	3	0	1	2	2	3972	674	24	27721	5	2	83	0	0	0	0	0	0	0	0	0	0	0	0	0	0	
463.006083	8	3	3	0	1	2	2	3980	675	24	27780	5	2	83	0	0	0	0	0	0	0	0	0	0	0	0	0	0	
464.011200	8	3	3	0	1	2	2	3987	675	24	27840	5	2	83	0	0	0	0	0	0	0	0	0	0	0	0	0	0	
465.016317	8	3	3	0	1	2	2	3995	675	24	27900	5	2	83	0	0	0	0	0	0	0	0	0	0	0	0	0	0	
466.002717	8	3	3	0	1	2	2	4002	675	24	27960	5	2	83	0	0	0	0	0	0	0	0	0	0	0	0	0	0	
467.009283	8	3	3	0	1	2	2	4008	674	24	28020	5	2	83	0	0	0	0	0	0	0	0	0	0	0	0	0	0	
468.017283	8	3	3	0	1	2	2	4013	674	24	28080	5	2	83	0	0	0	0	0	0	0	0	0	0	0	0	0	0	
469.003683	8	3	3	0	1	2	2	4019	673	24	28140	5	2	83	0	0	0	0	0	0	0	0	0	0	0	0	0	0	
470.008800	8	3	3	0	1	2	2	4024	675	24	28200	5	2	83	0	0	0	0	0	0	0	0	0	0	0	0	0	0	
471.013917	8	3	3	0	1	2	2	4028	675	24	28260	5	2	83	0	0	0	0	0	0	0	0	0	0	0	0	0	0	
472.020483	8	3	3	0	1	2	2	4032	674	24	28321	5	2	83	0	0	0	0	0	0	0	0	0	0	0	0	0	0	
473.006883	8	3	3	0	1	2	2	4036	674	24	28380	5	2	83	0	0	0	0	0	0	0	0	0	0	0	0	0	0	
474.012000	8	3	3	0	1	2	2	4039	675	24	28440	5	2	83	0	0	0	0	0	0	0	0	0	0	0	0	0	0	
475.017117	8	3	3	0	1	2	2	4042	675	24	28500	5	2	83	0	0	0	0	0	0	0	0	0	0	0	0	0	0	
476.003517	8	3	3	0	1	2	2	4045	674	24	28560	5	2	83	0	0	0	0	0	0	0	0	0	0	0	0	0	0	
477.010083	8	3	3	0	1	2	2	4048	675	24	28620	5	2	83	0	0	0	0	0	0	0	0	0	0	0	0	0	0	
478.015200	8	3	3	0	1	2	2	4052	675	24	28680	5	2	83	0	0	0	0	0	0	0	0	0	0	0	0	0	0	
479.020317	8	3	3	0	1	2	2	4055	675	24	28741	5	2	83	0	0	0	0	0	0	0	0	0	0	0	0	0	0	
480.006717	8	3	3	0	1	2	2	4057	673	24	28800	5	2	83	0	0	0	0	0	0	0	0	0	0	0	0	0	0	
481.011833	8	3	3	0	1	2	2	4060	673	24	28860	5	2	83	0	0	0	0	0	0	0	0	0	0	0	0	0	0	
482.018400	8	3	3	0	1	2	2	4064	674	24	28920	5	2	83	0	0	0	0	0	0	0	0	0	0	0	0	0	0	
483.004800	8	3	3	0	1	2	2	4067	674	24	28980	5	2	83	0	0	0	0	0	0	0	0	0	0	0	0	0	0	
484.009917	8	3	3	0	1	2	2	4071	675	24	29040	5	2	83	0	0	0	0	0	0	0	0	0	0	0	0	0	0	
485.015033	8	3	3	0	1	2	2	4074	674	24	29100	5	2	83	0	0	0	0	0	0	0	0	0	0	0	0	0	0	
486.020167	8	3	3	0	1	2	2	4077	675	24	29161	5	2	83	0	0	0	0	0	0	0	0	0	0	0	0	0	0	
487.006567	8	3	3	0	1	2	2	4081	675	24	29220	5	2	83	0	0	0	0	0	0	0	0	0	0	0	0	0	0	
488.011683	8	3	3	0	1	2	2	4085	676	24	29280	5	2	83	0	0	0	0	0	0	0	0	0	0	0	0	0	0	
489.018233	8	3	3	0	1	2	2	4087	674	24	29340	5	2	83	0	0	0	0	0	0	0	0	0	0	0	0	0	0	
490.023367	8	3	3	0	1	2	2	4090	674	24	29401	5	2	83	0	0	0	0	0	0	0	0	0	0	0	0	0	0	
491.009767	8	3	3	0	1	2	2	4094	674	24	29460	5	2	83	0	0	0	0	0	0	0	0	0	0	0	0	0	0	
492.014883	8	3	3	0	1	2	2	4098	676	24	29520	5	2	83	0	0	0	0	0	0	0	0	0	0	0	0	0	0	
493.020000	8	3	3	0	1	2	2	4101	675	24	29581	5	2	83	0	0	0	0	0	0	0	0	0	0	0	0	0	0	
494.006400	8	3	3	0	1	2	2	4104	675	24	29640	5	2	83	0	0	0	0	0	0	0	0	0	0	0	0	0	0	
495.012967	8	3	3	0	1	2	2	4108	674	24	29700	5	2	83	0	0	0	0	0	0	0	0	0	0	0	0	0	0	
496.018083	8	3	3	0	1	2	2	4112	674	24	29760	5	2	83	0	0	0	0	0	0	0	0	0	0	0	0	0	0	
497.023200	8	3	3	0	1	2	2	4116	675	24	29821	5	2	83	0	0	0	0	0	0	0	0	0	0	0	0	0	0	
498.009600	8	3	3	0	1	2	2	4116	666	24	29880	5	2	83	0	0	0	0	0	0	0	0	0	0	0	0	0	0	
499.014717	8	3	3	0	1	2	2	4120	665	24	29940	5	2	83	0	0	0	0	0	0	0	0	0	0	0	0	0	0	
500.021283	8	3	3	0	1	2	2	4123	665	24	30000	5	2	83	0	0	0	0	0	0	0	0	0	0	0	0	0	0	
501.007683	8	3	3	0	1	2	2	4127	664	24	30060	5	2	83	0	0	0	0	0	0	0	0	0	0	0	0	0	0	
502.012800	8	3	3	0	1	2	2	4130	662	24	30120	5	2	83	0	0	0	0	0	0	0	0	0	0	0	0	0	0	
503.017917	8	3	3	0	1	2	2	4135	661	24	30180	5	2	83	0	0	0	0	0	0	0	0	0	0	0	0	0	0	
504.023033	8	3	3	0	1	2	2	4139	659	24	30241	5	2	83	0	0	0	0	0	0	0	0	0	0	0	0	0	0	
505.009433	8	3	3	0	1	2	2	4143	660	24	30300	5	2	83	0	0	0	0	0	0	0	0	0	0	0	0	0	0	
506.014567	8	3	3	0	1	2	2	4147	659	24	30360	5	2	83	0	0	0	0	0	0	0	0	0	0	0	0	0	0	
507.021117	8	3	3	0	1	2	2	4152	658	24	30420	5	2	83	0	0	0	0	0	0	0	0	0	0	0	0	0	0	
508.007517	8	3	3	0	1	2	2	4157	659	24	30480	5	2	83	0	0	0	0	0	0	0	0	0	0	0	0	0	0	
509.012633	8	3	3	0	1	2	2	4161	659	24	30540	5	2	83	0	0	0	0	0	0	0	0	0	0	0	0	0	0	
510.017767	8	3	3	0	1	2	2	4166	656	24	30600	5	2	83	0	0	0	0	0	0	0	0	0	0	0	0	0	0	
511.022883	8	3	3	0	1	2	2	4170	656	24	30661	5	2	83	0	0	0	0	0	0	0	0	0	0	0	0	0	0	
512.009283	8	3	3	0	1	2	2	4175	654	24	30720	5	2	83	0	0	0	0	0	0	0	0	0	0	0	0	0	0	
513.015833	8	3	3	0	1	2	2	4180	653	24	30780	5	2	83	0	0	0	0	0	0	0	0	0	0	0	0	0	0	
514.020967	8	3	3	0	1	2	2	4185	652	24	30840	5	2	83	0	0	0	0	0	0	0	0	0	0	0	0	0	0	
515.007367	8	3	3	0	1	2	2	4189	651	24	30900	5	2	83	0	0	0	0	0	0	0	0	0	0	0	0	0	0	
516.012483	8	3	3	0	1	2	2	4195	651	24	30960	5	2	83	0	0	0	0	0	0	0	0	0	0	0	0	0	0	
517.017600	8	3	3	0	1	2	2	4199	644	24	31020	5	2	83	0	0	0	0	0	0	0	0	0	0	0	0	0	0	
518.024167	8	3	3	0	1	2	2	4199	630	24	31081	5	2	83	0	0	0	0	0	0	0	0	0	0	0	0	0	0	
519.010567	8	3	3	0	1	2	2	4198	614	24	31140	5	2	83	0	0	0	0	0	0	0	0	0	0	0	0	0	0	
520.015683	8	3	3	0	1	2	2	4198	600	24	31200	5	2	83	0	0	0	0	0	0	0	0	0	0	0	0	0	0	
521.020800	8	3	3	0	1	2	2	4198	586	24	31260	5	2	83	0	0	0	0	0	0	0	0	0	0	0	0	0	0	
522.007200	8	3	3	0	1	2	2	4199	573	24	31320	5	2	83	0	0	0	0	0	0	0	0	0	0	0	0	0	0	
523.012317	8	3	3	0	1	2	2	4199	554	24	31380	5	2	83	0	0	0	0	0	0	0	0	0	0	0	0	0	0	
524.020317	8	3	3	0	1	2	2	4199	531	24	31440	5	2	83	0	0	0	0	0	0	0	0	0	0	0	0	0	0	
525.025433	8	3	3	0	1	2	2	4199	504	24	31501	5	2	83	0	0	0	0	0	0	0	0	0	0	0	0	0	0	
526.011833	8	3	3	0	1	2	2	4199	496	24	31560	5	2	83	0	0	0	0	0	0	0	0	0	0	0	0	0	0	
527.016967	8	3	3	0	1	2	2	4199	486	24	31620	5	2	83	0	0	0	0	0	0	0	0	0	0	0	0	0	0	
528.024967	8	3	3	0	1	2	2	4199	479	24	31681	5	2	83	0	0	0	0	0	0	0	0	0	0	0	0	0	0	
529.011367	8	3	3	0	1	2	2	4199	477	24	31740	5	2	83	0	0	0	0	0	0	0	0	0	0	0	0	0	0	
530.016483	8	3	3	0	1	2	2	4199	470	24	31800	5	2	83	0	0	0	0	0	0	0	0	0	0	0	0	0	0	
531.021600	8	3	3	0	1	2	2	4199	455	24	31860	5	2	83	0	0	0	0	0	0	0	0	0	0	0	0	0	0	
532.008000	8	3	3	0	1	2	2	4199	449	24	31920	5	2	83	0	0	0	0	0	0	0	0	0	0	0	0	0	0	
533.013117	8	3	3	0	1	2	2	4199	446	24	31980	5	2	83	0	0	0	0	0	0	0	0	0	0	0	0	0	0	
534.019683	8	3	3	0	1	2	2	4199	434	24	32040	5	2	83	0	0	0	0	0	0	0	0	0	0	0	0	0	0	
535.024800	8	3	3	0	1	2	2	4198	415	24	32101	5	2	83	0	0	0	0	0	0	0	0	0	0	0	0	0	0	
536.011200	8	3	3	0	1	2	2	4199	402	24	32160	5	2	83	0	0	0	0	0	0	0	0	0	0	0	0	0	0	
537.016317	8	3	3	0	1	2	2	4199	392	24	32220	5	2	83	0	0	0	0	0	0	0	0	0	0	0	0	0	0	
538.021433	8	3	3	0	1	2	2	4199	381	24	32280	5	2	83	0	0	0	0	0	0	0	0	0	0	0	0	0	0	
539.009283	8	3	3	0	1	2	2	4199	367	24	32340	5	2	83	0	0	0	0	0	0	0	0	0	0	0	0	0	0	
540.014400	8	3	3	0	1	2	2	4199	360	24	32400	5	2	83	0	0	0	0	0	0	0	0	0	0	0	0	0	0	
541.019517	8	3	3	0	1	2	2	4199	355	24	32460	5	2	83	0	0	0	0	0	0	0	0	0	0	0	0	0	0	
542.024633	8	3	3	0	1	2	2	4199	345	24	32521	5	2	83	0	0	0	0	0	0	0	0	0	0	0	0	0	0	
543.011033	8	3	3	0	1	2	2	4199	339	24	32580	5	2	83	0	0	0	0	0	0	0	0	0	0	0	0	0	0	
544.017600	8	3	3	0	1	2	2	4199	327	24	32640	5	2	83	0	0	0	0	0	0	0	0	0	0	0	0	0	0	
545.022717	8	3	3	0	1	2	2	4199	310	24	32700	5	2	83	0	0	0	0	0	0	0	0	0	0	0	0	0	0	
546.027833	8	3	3	0	1	2	2	4199	299	24	32761	5	2	83	0	0	0	0	0	0	0	0	0	0	0	0	0	0	
547.014233	8	3	3	0	1	2	2	4199	293	24	32820	5	2	83	0	0	0	0	0	0	0	0	0	0	0	0	0	0	
548.019367	8	3	3	0	1	2	2	4198	285	24	32880	5	2	83	0	0	0	0	0	0	0	0	0	0	0	0	0	0	
549.025917	8	3	3	0	1	2	2	4199	279	24	32941	5	2	83	0	0	0	0	0	0	0	0	0	0	0	0	0	0	
550.012317	8	3	3	0	1	2	2	4199	275	24	33000	5	2	83	0	0	0	0	0	0	0	0	0	0	0	0	0	0	
551.017433	8	3	3	0	1	2	2	4199	270	24	33060	5	2	83	0	0	0	0	0	0	0	0	0	0	0	0	0	0	
552.022567	8	3	3	0	1	2	2	4199	260	24	33120	5	2	83	0	0	0	0	0	0	0	0	0	0	0	0	0	0	
553.027683	8	3	3	0	1	2	2	4199	250	24	33181	5	2	83	0	0	0	0	0	0	0	0	0	0	0	0	0	0	
554.014083	8	3	3	0	1	2	2	4199	244	24	33240	5	2	83	0	0	0	0	0	0	0	0	0	0	0	0	0	0	
555.020633	8	3	3	0	1	2	2	4198	237	24	33300	5	2	83	0	0	0	0	0	0	0	0	0	0	0	0	0	0	
556.025767	8	3	3	0	1	2	2	4199	231	24	33361	5	2	83	0	0	0	0	0	0	0	0	0	0	0	0	0	0	
557.012167	8	3	3	0	1	2	2	4199	224	24	33420	5	2	83	0	0	0	0	0	0	0	0	0	0	0	0	0	0	
558.017283	8	3	3	0	1	2	2	4199	214	24	33480	5	2	83	0	0	0	0	0	0	0	0	0	0	0	0	0	0	
559.022400	8	3	3	0	1	2	2	4199	207	24	33540	5	2	83	0	0	0	0	0	0	0	0	0	0	0	0	0	0	
560.027517	8	3	3	0	1	2	2	4199	201	24	33601	5	2	83	0	0	0	0	0	0	0	0	0	0	0	0	0	0	
561.015367	8	3	3	0	1	2	2	4198	199	24	33660	5	2	83	0	0	0	0	0	0	0	0	0	0	0	0	0	0	
562.020483	8	3	3	0	1	2	2	4199	194	24	33720	5	2	83	0	0	0	0	0	0	0	0	0	0	0	0	0	0	
563.025600	8	3	3	0	1	2	2	4199	189	24	33780	5	2	83	0	0	0	0	0	0	0	0	0	0	0	0	0	0	
564.012000	8	3	3	0	1	2	2	4199	184	24	33840	5	2	83	0	0	0	0	0	0	0	0	0	0	0	0	0	0	
565.017117	8	3	3	0	1	2	2	4199	177	24	33900	5	2	83	0	0	0	0	0	0	0	0	0	0	0	0	0	0	
566.022233	8	3	3	0	1	2	2	4199	171	24	33960	5	2	83	0	0	0	0	0	0	0	0	0	0	0	0	0	0	
567.028800	8	3	3	0	1	2	2	4198	164	24	34021	5	2	83	0	0	0	0	0	0	0	0	0	0	0	0	0	0	
568.015200	8	3	3	0	1	2	2	4199	161	24	34080	5	2	83	0	0	0	0	0	0	0	0	0	0	0	0	0	0	
569.020317	8	3	3	0	1	2	2	4199	157	24	34140	5	2	83	0	0	0	0	0	0	0	0	0	0	0	0	0	0	
570.025433	8	3	3	0	1	2	2	4199	153	24	34200	5	2	83	0	0	0	0	0	0	0	0	0	0	0	0	0	0	
571.011833	8	3	3	0	1	2	2	4199	148	24	34260	5	2	83	0	0	0	0	0	0	0	0	0	0	0	0	0	0	
572.018400	8	3	3	0	1	2	2	4199	146	24	34320	5	2	83	0	0	0	0	0	0	0	0	0	0	0	0	0	0	
573.023517	8	3	3	0	1	2	2	4199	141	24	34380	5	2	83	0	0	0	0	0	0	0	0	0	0	0	0	0	0	
574.028633	8	3	3	0	1	2	2	4198	137	24	34441	5	2	83	0	0	0	0	0	0	0	0	0	0	0	0	0	0	
575.015033	8	3	3	0	1	2	2	4199	133	24	34500	5	2	83	0	0	0	0	0	0	0	0	0	0	0	0	0	0	
576.020167	8	3	3	0	1	2	2	4199	130	24	34560	5	2	83	0	0	0	0	0	0	0	0	0	0	0	0	0	0	
577.026717	8	3	3	0	1	2	2	4199	128	24	34620	5	2	83	0	0	0	0	0	0	0	0	0	0	0	0	0	0	
578.013117	8	3	3	0	1	2	2	4199	124	24	34680	5	2	83	0	0	0	0	0	0	0	0	0	0	0	0	0	0	
579.018233	8	3	3	0	1	2	2	4198	121	24	34740	5	2	83	0	0	0	0	0	0	0	0	0	0	0	0	0	0	
580.023367	8	3	3	0	1	2	2	4199	119	24	34800	5	2	83	0	0	0	0	0	0	0	0	0	0	0	0	0	0	
581.028483	8	3	3	0	1	2	2	4198	115	24	34861	5	2	83	0	0	0	0	0	0	0	0	0	0	0	0	0	0	
582.014883	8	3	3	0	1	2	2	4199	113	24	34920	5	2	83	0	0	0	0	0	0	0	0	0	0	0	0	0	0	
583.021433	8	3	3	0	1	2	2	4199	112	24	34980	5	2	83	0	0	0	0	0	0	0	0	0	0	0	0	0	0	
584.026567	8	3	3	0	1	2	2	4199	109	24	35040	5	2	83	0	0	0	0	0	0	0	0	0	0	0	0	0	0	
585.012967	8	3	3	0	1	2	2	4199	105	24	35100	5	2	83	0	0	0	0	0	0	0	0	0	0	0	0	0	0	
586.018083	8	3	3	0	1	2	2	4198	102	24	35160	5	2	83	0	0	0	0	0	0	0	0	0	0	0	0	0	0	
587.024633	8	3	3	0	1	2	2	4199	101	24	35220	5	2	83	0	0	0	0	0	0	0	0	0	0	0	0	0	0	
588.029767	8	3	3	0	1	2	2	4199	97	24	35281	5	2	83	0	0	0	0	0	0	0	0	0	0	0	0	0	0	
589.016167	8	3	3	0	1	2	2	4199	94	24	35340	5	2	83	0	0	0	0	0	0	0	0	0	0	0	0	0	0	
590.021283	8	3	3	0	1	2	2	4199	93	24	35400	5	2	83	0	0	0	0	0	0	0	0	0	0	0	0	0	0	
591.026400	8	3	3	0	1	2	2	4199	89	24	35460	5	2	83	0	0	0	0	0	0	0	0	0	0	0	0	0	0	
592.014233	8	3	3	0	1	2	2	4198	87	24	35520	5	2	83	0	0	0	0	0	0	0	0	0	0	0	0	0	0	
593.019367	8	3	3	0	1	2	2	4199	84	24	35580	5	2	83	0	0	0	0	0	0	0	0	0	0	0	0	0	0	
594.024483	8	3	3	0	1	2	2	4199	82	24	35640	5	2	83	0	0	0	0	0	0	0	0	0	0	0	0	0	0	
595.029600	8	3	3	0	1	2	2	4199	79	24	35701	5	2	83	0	0	0	0	0	0	0	0	0	0	0	0	0	0	
596.016000	8	3	3	0	1	2	2	4199	77	24	35760	5	2	83	0	0	0	0	0	0	0	0	0	0	0	0	0	0	
597.022567	8	3	3	0	1	2	2	4199	76	24	35820	5	2	83	0	0	0	0	0	0	0	0	0	0	0	0	0	0	
598.027683	8	3	3	0	1	2	2	4198	74	24	35880	5	2	83	0	0	0	0	0	0	0	0	0	0	0	0	0	0	
599.016967	8	3	3	0	1	2	2	4199	72	24	35940	5	2	83	0	0	0	0	0	0	0	0	0	0	0	0	0	0	
600.022083	8	3	3	0	1	2	2	4198	70	24	36000	5	2	83	0	0	0	0	0	0	0	0	0	0	0	0	0	0	
601.027200	8	3	3	0	1	2	2	4198	69	24	36060	5	2	83	0	0	0	0	0	0	0	0	0	0	0	0	0	0	
602.015033	8	3	3	0	1	2	2	4198	68	24	36120	5	2	83	0	0	0	0	0	0	0	0	0	0	0	0	0	0	
602.586717	8	6	3	0	2	7	1	3627	-1345	24	36154	5	3	0	0	0	0	0	0	0	0	0	0	0	0	0	0	0	
603.021600	8	6	3	0	2	7	1	3691	-1348	24	36180	5	3	0	0	0	0	0	0	0	0	0	0	0	0	0	0	0	
604.026717	8	6	3	0	2	7	1	3649	-1350	24	36240	5	3	2	0	0	0	0	0	0	0	0	0	0	0	0	0	0	
605.031833	8	6	3	0	2	7	1	3628	-1348	24	36301	5	3	3	0	0	0	0	0	0	0	0	0	0	0	0	0	0	
606.019683	8	6	3	0	2	7	1	3617	-1351	24	36360	5	3	5	0	0	0	0	0	0	0	0	0	0	0	0	0	0	
607.026233	8	6	3	0	2	7	1	3587	-1351	24	36420	5	3	7	0	0	0	0	0	0	0	0	0	0	0	0	0	0	
608.031367	8	6	3	0	2	7	1	3549	-1350	24	36481	5	3	8	0	0	0	0	0	0	0	0	0	0	0	0	0	0	
609.017767	8	6	3	0	2	7	1	3393	-1350	24	36540	5	3	10	0	0	0	0	0	0	0	0	0	0	0	0	0	0	
610.024317	8	6	3	0	2	7	1	3524	-1349	24	36600	5	3	12	0	0	0	0	0	0	0	0	0	0	0	0	0	0	
611.029433	8	6	3	0	2	7	1	3482	-1350	24	36660	5	3	13	0	0	0	0	0	0	0	0	0	0	0	0	0	0	
612.015833	8	6	3	0	2	7	1	3523	-1350	24	36720	5	3	15	0	0	0	0	0	0	0	0	0	0	0	0	0	0	
613.020967	8	6	3	0	2	7	1	3508	-1349	24	36780	5	3	17	0	0	0	0	0	0	0	0	0	0	0	0	0	0	
614.026083	8	6	3	0	2	7	1	3494	-1349	24	36840	5	3	18	0	0	0	0	0	0	0	0	0	0	0	0	0	0	
615.032633	8	6	3	0	2	7	1	3481	-1349	24	36901	5	3	20	0	0	0	0	0	0	0	0	0	0	0	0	0	0	
616.019033	8	6	3	0	2	7	1	3466	-1348	24	36960	5	3	22	0	0	0	0	0	0	0	0	0	0	0	0	0	0	
617.024167	8	6	3	0	2	7	1	3452	-1349	24	37020	5	3	23	0	0	0	0	0	0	0	0	0	0	0	0	0	0	
618.029283	8	6	3	0	2	7	1	3439	-1348	24	37080	5	3	25	0	0	0	0	0	0	0	0	0	0	0	0	0	0	
619.015683	8	6	3	0	2	7	1	3425	-1349	24	37140	5	3	26	0	0	0	0	0	0	0	0	0	0	0	0	0	0	
620.020800	8	6	3	0	2	7	1	3412	-1349	24	37200	5	3	28	0	0	0	0	0	0	0	0	0	0	0	0	0	0	
621.027367	8	6	3	0	2	7	1	3399	-1348	24	37260	5	3	30	0	0	0	0	0	0	0	0	0	0	0	0	0	0	
622.032483	8	6	3	0	2	7	1	3386	-1349	24	37321	5	3	31	0	0	0	0	0	0	0	0	0	0	0	0	0	0	
623.018883	8	6	3	0	2	7	1	3374	-1349	24	37380	5	3	33	0	0	0	0	0	0	0	0	0	0	0	0	0	0	
624.024000	8	6	3	0	2	7	1	3362	-1351	24	37440	5	3	35	0	0	0	0	0	0	0	0	0	0	0	0	0	0	
625.029117	8	6	3	0	2	7	1	3351	-1349	24	37500	5	3	36	0	0	0	0	0	0	0	0	0	0	0	0	0	0	
626.015517	8	6	3	0	2	7	1	3341	-1350	24	37560	5	3	38	0	0	0	0	0	0	0	0	0	0	0	0	0	0	
627.022083	8	6	3	0	2	7	1	3331	-1349	24	37620	5	3	40	0	0	0	0	0	0	0	0	0	0	0	0	0	0	
628.027200	8	6	3	0	2	7	1	3321	-1350	24	37680	5	3	41	0	0	0	0	0	0	0	0	0	0	0	0	0	0	
629.032317	8	6	3	0	2	7	1	3311	-1348	24	37741	5	3	43	0	0	0	0	0	0	0	0	0	0	0	0	0	0	
630.018717	8	6	3	0	2	7	1	3303	-1349	24	37800	5	3	45	0	0	0	0	0	0	0	0	0	0	0	0	0	0	
631.023833	8	6	3	0	2	7	1	3293	-1351	24	37860	5	3	46	0	0	0	0	0	0	0	0	0	0	0	0	0	0	
632.030400	8	6	3	0	2	7	1	3286	-1351	24	37920	5	3	48	0	0	0	0	0	0	0	0	0	0	0	0	0	0	
633.016800	8	6	3	0	2	7	1	3278	-1350	24	37980	5	3	50	0	0	0	0	0	0	0	0	0	0	0	0	0	0	
634.021917	8	6	3	0	2	7	1	3271	-1349	24	38040	5	3	51	0	0	0	0	0	0	0	0	0	0	0	0	0	0	
635.027033	8	6	3	0	2	7	1	3264	-1350	24	38100	5	3	53	0	0	0	0	0	0	0	0	0	0	0	0	0	0	
636.032167	8	6	3	0	2	7	1	3257	-1348	24	38161	5	3	55	0	0	0	0	0	0	0	0	0	0	0	0	0	0	
637.018567	8	6	3	0	2	7	1	3250	-1350	24	38220	5	3	56	0	0	0	0	0	0	0	0	0	0	0	0	0	0	
638.025117	8	6	3	0	2	7	1	3244	-1348	24	38280	5	3	58	0	0	0	0	0	0	0	0	0	0	0	0	0	0	
639.030233	8	6	3	0	2	7	1	3238	-1348	24	38340	5	3	59	0	0	0	0	0	0	0	0	0	0	0	0	0	0	
640.035367	8	6	3	0	2	7	1	3231	-1350	24	38401	5	3	61	0	0	0	0	0	0	0	0	0	0	0	0	0	0	
641.024633	8	6	3	0	2	7	1	3224	-1348	24	38460	5	3	63	0	0	0	0	0	0	0	0	0	0	0	0	0	0	
642.031200	8	6	3	0	2	7	1	3216	-1348	24	38520	5	3	64	0	0	0	0	0	0	0	0	0	0	0	0	0	0	
643.017600	8	6	3	0	2	7	1	3208	-1349	24	38580	5	3	66	0	0	0	0	0	0	0	0	0	0	0	0	0	0	
644.022717	8	6	3	0	2	7	1	3199	-1349	24	38640	5	3	68	0	0	0	0	0	0	0	0	0	0	0	0	0	0	
645.027833	8	6	3	0	2	7	1	3187	-1350	24	38700	5	3	69	0	0	0	0	0	0	0	0	0	0	0	0	0	0	
646.032967	8	6	3	0	2	7	1	3173	-1350	24	38761	5	3	71	0	0	0	0	0	0	0	0	0	0	0	0	0	0	
647.019367	8	6	3	0	2	7	1	3158	-1349	24	38820	5	3	73	0	0	0	0	0	0	0	0	0	0	0	0	0	0	
648.025917	8	6	3	0	2	7	1	3135	-1349	24	38880	5	3	74	0	0	0	0	0	0	0	0	0	0	0	0	0	0	
649.031033	8	6	3	0	2	7	1	3105	-1350	24	38940	5	3	76	0	0	0	0	0	0	0	0	0	0	0	0	0	0	
650.017433	8	6	3	0	2	7	1	3062	-1349	24	39000	5	3	78	0	0	0	0	0	0	0	0	0	0	0	0	0	0	
651.022567	8	6	3	0	2	7	1	2992	-1349	24	39060	5	3	79	0	0	0	0	0	0	0	0	0	0	0	0	0	0	
652.027683	8	6	3	0	2	7	1	2863	-1349	24	39120	5	3	81	0	0	0	0	0	0	0	0	0	0	0	0	0	0	
652.750567	8	15	3	0	1	31	2	2977	28	24	39164	6	3	82	0	0	0	0	0	0	0	0	0	0	0	0	0	0	
652.772167	8	3	3	0	1	2	2	3422	677	24	39165	7	3	82	0	0	0	0	0	0	0	0	0	0	0	0	0	0	
653.018400	8	3	3	0	1	2	2	3571	675	24	39180	7	3	82	0	0	0	0	0	0	0	0	0	0	0	0	0	0	
654.023517	8	3	3	0	1	2	2	3749	672	24	39240	7	3	82	0	0	0	0	0	0	0	0	0	0	0	0	0	0	
655.028633	8	3	3	0	1	2	2	3824	674	24	39300	7	3	82	0	0	0	0	0	0	0	0	0	0	0	0	0	0	
656.033767	8	3	3	0	1	2	2	3868	674	24	39361	7	3	82	0	0	0	0	0	0	0	0	0	0	0	0	0	0	
657.021600	8	3	3	0	1	2	2	3890	675	24	39420	7	3	82	0	0	0	0	0	0	0	0	0	0	0	0	0	0	
658.026717	8	3	3	0	1	2	2	3904	674	24	39480	7	3	82	0	0	0	0	0	0	0	0	0	0	0	0	0	0	
659.031833	8	3	3	0	1	2	2	3912	675	24	39540	7	3	82	0	0	0	0	0	0	0	0	0	0	0	0	0	0	
660.018233	8	3	3	0	1	2	2	3916	675	24	39600	7	3	82	0	0	0	0	0	0	0	0	0	0	0	0	0	0	
661.023367	8	3	3	0	1	2	2	3924	675	24	39660	7	3	82	0	0	0	0	0	0	0	0	0	0	0	0	0	0	
662.028483	8	3	3	0	1	2	2	3932	675	24	39720	7	3	82	0	0	0	0	0	0	0	0	0	0	0	0	0	0	
663.035033	8	3	3	0	1	2	2	3938	674	24	39781	7	3	82	0	0	0	0	0	0	0	0	0	0	0	0	0	0	
664.021433	8	3	3	0	1	2	2	3947	675	24	39840	7	3	82	0	0	0	0	0	0	0	0	0	0	0	0	0	0	
665.026567	8	3	3	0	1	2	2	3955	675	24	39900	7	3	82	0	0	0	0	0	0	0	0	0	0	0	0	0	0	
666.031683	8	3	3	0	1	2	2	3961	675	24	39960	7	3	82	0	0	0	0	0	0	0	0	0	0	0	0	0	0	
667.036800	8	3	3	0	1	2	2	3969	673	24	40021	7	3	82	0	0	0	0	0	0	0	0	0	0	0	0	0	0	
668.024633	8	3	3	0	1	2	2	3977	674	24	40080	7	3	82	0	0	0	0	0	0	0	0	0	0	0	0	0	0	
669.029767	8	3	3	0	1	2	2	3984	673	24	40140	7	3	82	0	0	0	0	0	0	0	0	0	0	0	0	0	0	
670.034883	8	3	3	0	1	2	2	3991	676	24	40201	7	3	82	0	0	0	0	0	0	0	0	0	0	0	0	0	0	
671.021283	8	3	3	0	1	2	2	3996	674	24	40260	7	3	82	0	0	0	0	0	0	0	0	0	0	0	0	0	0	
672.026400	8	3	3	0	1	2	2	4001	675	24	40320	7	3	82	0	0	0	0	0	0	0	0	0	0	0	0	0	0	
673.032967	8	3	3	0	1	2	2	4005	674	24	40380	7	3	82	0	0	0	0	0	0	0	0	0	0	0	0	0	0	
674.038083	8	3	3	0	1	2	2	4010	675	24	40441	7	3	82	0	0	0	0	0	0	0	0	0	0	0	0	0	0	
675.024483	8	3	3	0	1	2	2	4014	674	24	40500	7	3	82	0	0	0	0	0	0	0	0	0	0	0	0	0	0	
676.029600	8	3	3	0	1	2	2	4017	675	24	40560	7	3	82	0	0	0	0	0	0	0	0	0	0	0	0	0	0	
677.034717	8	3	3	0	1	2	2	4021	674	24	40621	7	3	82	0	0	0	0	0	0	0	0	0	0	0	0	0	0	
678.021117	8	3	3	0	1	2	2	4024	674	24	40680	7	3	82	0	0	0	0	0	0	0	0	0	0	0	0	0	0	
679.027683	8	3	3	0	1	2	2	4028	676	24	40740	7	3	82	0	0	0	0	0	0	0	0	0	0	0	0	0	0	
680.032800	8	3	3	0	1	2	2	4031	675	24	40800	7	3	82	0	0	0	0	0	0	0	0	0	0	0	0	0	0	
681.037917	8	3	3	0	1	2	2	4034	674	24	40861	7	3	82	0	0	0	0	0	0	0	0	0	0	0	0	0	0	
682.024317	8	3	3	0	1	2	2	4037	675	24	40920	7	3	82	0	0	0	0	0	0	0	0	0	0	0	0	0	0	
683.029433	8	3	3	0	1	2	2	4041	675	24	40980	7	3	82	0	0	0	0	0	0	0	0	0	0	0	0	0	0	
684.036000	8	3	3	0	1	2	2	4043	674	24	41041	7	3	82	0	0	0	0	0	0	0	0	0	0	0	0	0	0	
685.022400	8	3	3	0	1	2	2	4046	674	24	41100	7	3	82	0	0	0	0	0	0	0	0	0	0	0	0	0	0	
686.027517	8	3	3	0	1	2	2	4050	674	24	41160	7	3	82	0	0	0	0	0	0	0	0	0	0	0	0	0	0	
687.032633	8	3	3	0	1	2	2	4053	674	24	41220	7	3	82	0	0	0	0	0	0	0	0	0	0	0	0	0	0	
688.037767	8	3	3	0	1	2	2	4056	676	24	41281	7	3	82	0	0	0	0	0	0	0	0	0	0	0	0	0	0	
689.025600	8	3	3	0	1	2	2	4059	674	24	41340	7	3	82	0	0	0	0	0	0	0	0	0	0	0	0	0	0	
690.030717	8	3	3	0	1	2	2	4062	674	24	41400	7	3	82	0	0	0	0	0	0	0	0	0	0	0	0	0	0	
691.035833	8	3	3	0	1	2	2	4066	675	24	41461	7	3	82	0	0	0	0	0	0	0	0	0	0	0	0	0	0	
692.022233	8	3	3	0	1	2	2	4070	675	24	41520	7	3	82	0	0	0	0	0	0	0	0	0	0	0	0	0	0	
693.027367	8	3	3	0	1	2	2	4073	675	24	41580	7	3	82	0	0	0	0	0	0	0	0	0	0	0	0	0	0	
694.036800	8	3	3	0	1	2	2	4076	675	24	41641	7	3	82	0	0	0	0	0	0	0	0	0	0	0	0	0	0	
695.023200	8	3	3	0	1	2	2	4080	675	24	41700	7	3	82	0	0	0	0	0	0	0	0	0	0	0	0	0	0	
696.028317	8	3	3	0	1	2	2	4083	674	24	41760	7	3	82	0	0	0	0	0	0	0	0	0	0	0	0	0	0	
697.033433	8	3	3	0	1	2	2	4086	674	24	41820	7	3	82	0	0	0	0	0	0	0	0	0	0	0	0	0	0	
698.040000	8	3	3	0	1	2	2	4090	674	24	41881	7	3	82	0	0	0	0	0	0	0	0	0	0	0	0	0	0	
699.026400	8	3	3	0	1	2	2	4094	674	24	41940	7	3	82	0	0	0	0	0	0	0	0	0	0	0	0	0	0	
700.031517	8	3	3	0	1	2	2	4098	676	24	42000	7	3	82	0	0	0	0	0	0	0	0	0	0	0	0	0	0	
701.036633	8	3	3	0	1	2	2	4101	673	24	42061	7	3	82	0	0	0	0	0	0	0	0	0	0	0	0	0	0	
702.023033	8	3	3	0	1	2	2	4105	674	24	42120	7	3	82	0	0	0	0	0	0	0	0	0	0	0	0	0	0	
703.029600	8	3	3	0	1	2	2	4109	674	24	42180	7	3	82	0	0	0	0	0	0	0	0	0	0	0	0	0	0	
704.034717	8	3	3	0	1	2	2	4114	674	24	42240	7	3	82	0	0	0	0	0	0	0	0	0	0	0	0	0	0	
705.039833	8	3	3	0	1	2	2	4117	672	24	42301	7	3	82	0	0	0	0	0	0	0	0	0	0	0	0	0	0	
706.026233	8	3	3	0	1	2	2	4118	664	24	42360	7	3	82	0	0	0	0	0	0	0	0	0	0	0	0	0	0	
707.031367	8	3	3	0	1	2	2	4122	663	24	42420	7	3	82	0	0	0	0	0	0	0	0	0	0	0	0	0	0	
708.037917	8	3	3	0	1	2	2	4126	663	24	42481	7	3	82	0	0	0	0	0	0	0	0	0	0	0	0	0	0	
709.024317	8	3	3	0	1	2	2	4130	662	24	42540	7	3	82	0	0	0	0	0	0	0	0	0	0	0	0	0	0	
710.029433	8	3	3	0	1	2	2	4135	661	24	42600	7	3	82	0	0	0	0	0	0	0	0	0	0	0	0	0	0	
711.034567	8	3	3	0	1	2	2	4139	661	24	42660	7	3	82	0	0	0	0	0	0	0	0	0	0	0	0	0	0	
712.039683	8	3	3	0	1	2	2	4144	660	24	42721	7	3	82	0	0	0	0	0	0	0	0	0	0	0	0	0	0	
713.026083	8	3	3	0	1	2	2	4149	660	24	42780	7	3	82	0	0	0	0	0	0	0	0	0	0	0	0	0	0	
714.032633	8	3	3	0	1	2	2	4154	659	24	42840	7	3	82	0	0	0	0	0	0	0	0	0	0	0	0	0	0	
715.037767	8	3	3	0	1	2	2	4159	659	24	42901	7	3	82	0	0	0	0	0	0	0	0	0	0	0	0	0	0	
716.024167	8	3	3	0	1	2	2	4164	657	24	42960	7	3	82	0	0	0	0	0	0	0	0	0	0	0	0	0	0	
717.029283	8	3	3	0	1	2	2	4169	658	24	43020	7	3	82	0	0	0	0	0	0	0	0	0	0	0	0	0	0	
718.034400	8	3	3	0	1	2	2	4173	655	24	43080	7	3	82	0	0	0	0	0	0	0	0	0	0	0	0	0	0	
719.040967	8	3	3	0	1	2	2	4179	655	24	43141	7	3	82	0	0	0	0	0	0	0	0	0	0	0	0	0	0	
720.027367	8	3	3	0	1	2	2	4184	654	24	43200	7	3	82	0	0	0	0	0	0	0	0	0	0	0	0	0	0	
721.032483	8	3	3	0	1	2	2	4190	653	24	43260	7	3	82	0	0	0	0	0	0	0	0	0	0	0	0	0	0	
722.039033	8	3	3	0	1	2	2	4195	652	24	43321	7	3	82	0	0	0	0	0	0	0	0	0	0	0	0	0	0	
723.025433	8	3	3	0	1	2	2	4198	645	24	43380	7	3	82	0	0	0	0	0	0	0	0	0	0	0	0	0	0	
724.030567	8	3	3	0	1	2	2	4199	629	24	43440	7	3	82	0	0	0	0	0	0	0	0	0	0	0	0	0	0	
725.037117	8	3	3	0	1	2	2	4198	613	24	43500	7	3	82	0	0	0	0	0	0	0	0	0	0	0	0	0	0	
726.042233	8	3	3	0	1	2	2	4198	597	24	43561	7	3	82	0	0	0	0	0	0	0	0	0	0	0	0	0	0	
727.028633	8	3	3	0	1	2	2	4199	581	24	43620	7	3	82	0	0	0	0	0	0	0	0	0	0	0	0	0	0	
728.033767	8	3	3	0	1	2	2	4199	565	24	43680	7	3	82	0	0	0	0	0	0	0	0	0	0	0	0	0	0	
729.038883	8	3	3	0	1	2	2	4198	543	24	43741	7	3	82	0	0	0	0	0	0	0	0	0	0	0	0	0	0	
730.026717	8	3	3	0	1	2	2	4199	526	24	43800	7	3	82	0	0	0	0	0	0	0	0	0	0	0	0	0	0	
731.031833	8	3	3	0	1	2	2	4199	511	24	43860	7	3	82	0	0	0	0	0	0	0	0	0	0	0	0	0	0	
732.036967	8	3	3	0	1	2	2	4199	493	24	43920	7	3	82	0	0	0	0	0	0	0	0	0	0	0	0	0	0	
733.042083	8	3	3	0	1	2	2	4199	477	24	43981	7	3	82	0	0	0	0	0	0	0	0	0	0	0	0	0	0	
734.028483	8	3	3	0	1	2	2	4198	462	24	44040	7	3	82	0	0	0	0	0	0	0	0	0	0	0	0	0	0	
735.035033	8	3	3	0	1	2	2	4199	453	24	44100	7	3	82	0	0	0	0	0	0	0	0	0	0	0	0	0	0	
736.040167	8	3	3	0	1	2	2	4199	445	24	44161	7	3	82	0	0	0	0	0	0	0	0	0	0	0	0	0	0	
737.026567	8	3	3	0	1	2	2	4199	434	24	44220	7	3	82	0	0	0	0	0	0	0	0	0	0	0	0	0	0	
738.031683	8	3	3	0	1	2	2	4199	429	24	44280	7	3	82	0	0	0	0	0	0	0	0	0	0	0	0	0	0	
739.036800	8	3	3	0	1	2	2	4198	419	24	44340	7	3	82	0	0	0	0	0	0	0	0	0	0	0	0	0	0	
740.043367	8	3	3	0	1	2	2	4199	406	24	44401	7	3	82	0	0	0	0	0	0	0	0	0	0	0	0	0	0	
741.029767	8	3	3	0	1	2	2	4199	392	24	44460	7	3	82	0	0	0	0	0	0	0	0	0	0	0	0	0	0	
742.034883	8	3	3	0	1	2	2	4199	382	24	44520	7	3	82	0	0	0	0	0	0	0	0	0	0	0	0	0	0	
743.040000	8	3	3	0	1	2	2	4199	375	24	44581	7	3	82	0	0	0	0	0	0	0	0	0	0	0	0	0	0	
744.026400	8	3	3	0	1	2	2	4198	366	24	44640	7	3	82	0	0	0	0	0	0	0	0	0	0	0	0	0	0	
745.031517	8	3	3	0	1	2	2	4199	353	24	44700	7	3	82	0	0	0	0	0	0	0	0	0	0	0	0	0	0	
746.038083	8	3	3	0	1	2	2	4199	341	24	44760	7	3	82	0	0	0	0	0	0	0	0	0	0	0	0	0	0	
747.043200	8	3	3	0	1	2	2	4199	331	24	44821	7	3	82	0	0	0	0	0	0	0	0	0	0	0	0	0	0	
748.029600	8	3	3	0	1	2	2	4199	320	24	44880	7	3	82	0	0	0	0	0	0	0	0	0	0	0	0	0	0	
749.034717	8	3	3	0	1	2	2	4199	313	24	44940	7	3	82	0	0	0	0	0	0	0	0	0	0	0	0	0	0	
750.039833	8	3	3	0	1	2	2	4198	304	24	45000	7	3	82	0	0	0	0	0	0	0	0	0	0	0	0	0	0	
751.026233	8	3	3	0	1	2	2	4199	294	24	45060	7	3	82	0	0	0	0	0	0	0	0	0	0	0	0	0	0	
752.032800	8	3	3	0	1	2	2	4199	283	24	45120	7	3	82	0	0	0	0	0	0	0	0	0	0	0	0	0	0	
753.037917	8	3	3	0	1	2	2	4199	273	24	45180	7	3	82	0	0	0	0	0	0	0	0	0	0	0	0	0	0	
754.043033	8	3	3	0	1	2	2	4199	265	24	45241	7	3	82	0	0	0	0	0	0	0	0	0	0	0	0	0	0	
755.029433	8	3	3	0	1	2	2	4198	257	24	45300	7	3	82	0	0	0	0	0	0	0	0	0	0	0	0	0	0	
756.034567	8	3	3	0	1	2	2	4199	249	24	45360	7	3	82	0	0	0	0	0	0	0	0	0	0	0	0	0	0	
757.039683	8	3	3	0	1	2	2	4198	245	24	45420	7	3	82	0	0	0	0	0	0	0	0	0	0	0	0	0	0	
758.027517	8	3	3	0	1	2	2	4199	239	24	45480	7	3	82	0	0	0	0	0	0	0	0	0	0	0	0	0	0	
759.032633	8	3	3	0	1	2	2	4199	233	24	45540	7	3	82	0	0	0	0	0	0	0	0	0	0	0	0	0	0	
760.037767	8	3	3	0	1	2	2	4198	224	24	45600	7	3	82	0	0	0	0	0	0	0	0	0	0	0	0	0	0	
761.042883	8	3	3	0	1	2	2	4199	218	24	45661	7	3	82	0	0	0	0	0	0	0	0	0	0	0	0	0	0	
762.029283	8	3	3	0	1	2	2	4198	212	24	45720	7	3	82	0	0	0	0	0	0	0	0	0	0	0	0	0	0	
763.035833	8	3	3	0	1	2	2	4199	206	24	45780	7	3	82	0	0	0	0	0	0	0	0	0	0	0	0	0	0	
764.040967	8	3	3	0	1	2	2	4199	200	24	45840	7	3	82	0	0	0	0	0	0	0	0	0	0	0	0	0	0	
765.027367	8	3	3	0	1	2	2	4199	195	24	45900	7	3	82	0	0	0	0	0	0	0	0	0	0	0	0	0	0	
766.032483	8	3	3	0	1	2	2	4199	190	24	45960	7	3	82	0	0	0	0	0	0	0	0	0	0	0	0	0	0	
767.037600	8	3	3	0	1	2	2	4199	185	24	46020	7	3	82	0	0	0	0	0	0	0	0	0	0	0	0	0	0	
768.042717	8	3	3	0	1	2	2	4199	179	24	46081	7	3	82	0	0	0	0	0	0	0	0	0	0	0	0	0	0	
769.030567	8	3	3	0	1	2	2	4199	175	24	46140	7	3	82	0	0	0	0	0	0	0	0	0	0	0	0	0	0	
770.035683	8	3	3	0	1	2	2	4199	168	24	46200	7	3	82	0	0	0	0	0	0	0	0	0	0	0	0	0	0	
771.040800	8	3	3	0	1	2	2	4199	164	24	46260	7	3	82	0	0	0	0	0	0	0	0	0	0	0	0	0	0	
772.027200	8	3	3	0	1	2	2	4199	160	24	46320	7	3	82	0	0	0	0	0	0	0	0	0	0	0	0	0	0	
773.032317	8	3	3	0	1	2	2	4199	155	24	46380	7	3	82	0	0	0	0	0	0	0	0	0	0	0	0	0	0	
774.037433	8	3	3	0	1	2	2	4198	151	24	46440	7	3	82	0	0	0	0	0	0	0	0	0	0	0	0	0	0	
775.044000	8	3	3	0	1	2	2	4199	145	24	46501	7	3	82	0	0	0	0	0	0	0	0	0	0	0	0	0	0	
776.030400	8	3	3	0	1	2	2	4199	142	24	46560	7	3	82	0	0	0	0	0	0	0	0	0	0	0	0	0	0	
777.035517	8	3	3	0	1	2	2	4198	138	24	46620	7	3	82	0	0	0	0	0	0	0	0	0	0	0	0	0	0	
778.040633	8	3	3	0	1	2	2	4199	133	24	46680	7	3	82	0	0	0	0	0	0	0	0	0	0	0	0	0	0	
779.045767	8	3	3	0	1	2	2	4199	130	24	46741	7	3	82	0	0	0	0	0	0	0	0	0	0	0	0	0	0	
780.032167	8	3	3	0	1	2	2	4199	127	24	46800	7	3	82	0	0	0	0	0	0	0	0	0	0	0	0	0	0	
781.038717	8	3	3	0	1	2	2	4199	124	24	46860	7	3	82	0	0	0	0	0	0	0	0	0	0	0	0	0	0	
782.043833	8	3	3	0	1	2	2	4199	120	24	46921	7	3	82	0	0	0	0	0	0	0	0	0	0	0	0	0	0	
783.030233	8	3	3	0	1	2	2	4198	116	24	46980	7	3	82	0	0	0	0	0	0	0	0	0	0	0	0	0	0	
784.035367	8	3	3	0	1	2	2	4199	114	24	47040	7	3	82	0	0	0	0	0	0	0	0	0	0	0	0	0	0	
785.040483	8	3	3	0	1	2	2	4198	111	24	47100	7	3	82	0	0	0	0	0	0	0	0	0	0	0	0	0	0	
786.047033	8	3	3	0	1	2	2	4198	108	24	47161	7	3	82	0	0	0	0	0	0	0	0	0	0	0	0	0	0	
787.033433	8	3	3	0	1	2	2	4199	105	24	47220	7	3	82	0	0	0	0	0	0	0	0	0	0	0	0	0	0	
788.038567	8	3	3	0	1	2	2	4199	103	24	47280	7	3	82	0	0	0	0	0	0	0	0	0	0	0	0	0	0	
789.043683	8	3	3	0	1	2	2	4199	100	24	47341	7	3	82	0	0	0	0	0	0	0	0	0	0	0	0	0	0	
790.030083	8	3	3	0	1	2	2	4199	97	24	47400	7	3	82	0	0	0	0	0	0	0	0	0	0	0	0	0	0	
791.036633	8	3	3	0	1	2	2	4198	95	24	47460	7	3	82	0	0	0	0	0	0	0	0	0	0	0	0	0	0	
792.041767	8	3	3	0	1	2	2	4199	91	24	47520	7	3	82	0	0	0	0	0	0	0	0	0	0	0	0	0	0	
793.029600	8	3	3	0	1	2	2	4199	90	24	47580	7	3	82	0	0	0	0	0	0	0	0	0	0	0	0	0	0	
794.034717	8	3	3	0	1	2	2	4199	86	24	47640	7	3	82	0	0	0	0	0	0	0	0	0	0	0	0	0	0	
795.039833	8	3	3	0	1	2	2	4198	84	24	47700	7	3	82	0	0	0	0	0	0	0	0	0	0	0	0	0	0	
796.046400	8	3	3	0	1	2	2	4199	83	24	47761	7	3	82	0	0	0	0	0	0	0	0	0	0	0	0	0	0	
797.035683	8	3	3	0	1	2	2	4198	79	24	47820	7	3	82	0	0	0	0	0	0	0	0	0	0	0	0	0	0	
798.040800	8	3	3	0	1	2	2	4198	77	24	47880	7	3	82	0	0	0	0	0	0	0	0	0	0	0	0	0	0	
799.045917	8	3	3	0	1	2	2	4199	75	24	47941	7	3	82	0	0	0	0	0	0	0	0	0	0	0	0	0	0	
800.033767	8	3	3	0	1	2	2	4199	74	24	48000	7	3	82	0	0	0	0	0	0	0	0	0	0	0	0	0	0	
801.038883	8	3	3	0	1	2	2	4198	72	24	48060	7	3	82	0	0	0	0	0	0	0	0	0	0	0	0	0	0	
802.044000	8	3	3	0	1	2	2	4199	70	24	48120	7	3	82	0	0	0	0	0	0	0	0	0	0	0	0	0	0	
803.030400	8	3	3	0	1	2	2	4198	69	24	48180	7	3	82	0	0	0	0	0	0	0	0	0	0	0	0	0	0	
803.809433	8	6	3	0	2	7	1	3679	-1349	24	48226	7	4	0	0	0	0	0	0	0	0	0	0	0	0	0	0	0	
804.038400	8	6	3	0	2	7	1	3670	-1348	24	48240	7	4	0	0	0	0	0	0	0	0	0	0	0	0	0	0	0	
805.043517	8	6	3	0	2	7	1	3724	-1350	24	48300	7	4	1	0	0	0	0	0	0	0	0	0	0	0	0	0	0	
806.029917	8	6	3	0	2	7	1	3697	-1349	24	48360	7	4	3	0	0	0	0	0	0	0	0	0	0	0	0	0	0	
807.035033	8	6	3	0	2	7	1	3676	-1350	24	48420	7	4	5	0	0	0	0	0	0	0	0	0	0	0	0	0	0	
808.040167	8	6	3	0	2	7	1	3655	-1349	24	48480	7	4	6	0	0	0	0	0	0	0	0	0	0	0	0	0	0	
809.046717	8	6	3	0	2	7	1	3635	-1350	24	48541	7	4	8	0	0	0	0	0	0	0	0	0	0	0	0	0	0	
810.033117	8	6	3	0	2	7	1	3617	-1348	24	48600	7	4	10	0	0	0	0	0	0	0	0	0	0	0	0	0	0	
811.038233	8	6	3	0	2	7	1	3600	-1349	24	48660	7	4	11	0	0	0	0	0	0	0	0	0	0	0	0	0	0	
812.043367	8	6	3	0	2	7	1	3582	-1350	24	48720	7	4	13	0	0	0	0	0	0	0	0	0	0	0	0	0	0	
813.048483	8	6	3	0	2	7	1	3565	-1350	24	48781	7	4	15	0	0	0	0	0	0	0	0	0	0	0	0	0	0	
814.034883	8	6	3	0	2	7	1	3551	-1350	24	48840	7	4	16	0	0	0	0	0	0	0	0	0	0	0	0	0	0	
815.041433	8	6	3	0	2	7	1	3535	-1349	24	48900	7	4	18	0	0	0	0	0	0	0	0	0	0	0	0	0	0	
816.046567	8	6	3	0	2	7	1	3520	-1349	24	48961	7	4	20	0	0	0	0	0	0	0	0	0	0	0	0	0	0	
817.032967	8	6	3	0	2	7	1	3504	-1351	24	49020	7	4	21	0	0	0	0	0	0	0	0	0	0	0	0	0	0	
818.038083	8	6	3	0	2	7	1	3488	-1349	24	49080	7	4	23	0	0	0	0	0	0	0	0	0	0	0	0	0	0	
819.043200	8	6	3	0	2	7	1	3474	-1349	24	49140	7	4	25	0	0	0	0	0	0	0	0	0	0	0	0	0	0	
820.048317	8	6	3	0	2	7	1	3460	-1350	24	49201	7	4	26	0	0	0	0	0	0	0	0	0	0	0	0	0	0	
821.036167	8	6	3	0	2	7	1	3447	-1350	24	49260	7	4	28	0	0	0	0	0	0	0	0	0	0	0	0	0	0	
822.041283	8	6	3	0	2	7	1	3434	-1350	24	49320	7	4	30	0	0	0	0	0	0	0	0	0	0	0	0	0	0	
823.046400	8	6	3	0	2	7	1	3421	-1351	24	49381	7	4	31	0	0	0	0	0	0	0	0	0	0	0	0	0	0	
824.032800	8	6	3	0	2	7	1	3409	-1348	24	49440	7	4	33	0	0	0	0	0	0	0	0	0	0	0	0	0	0	
825.037917	8	6	3	0	2	7	1	3396	-1351	24	49500	7	4	34	0	0	0	0	0	0	0	0	0	0	0	0	0	0	
826.043033	8	6	3	0	2	7	1	3384	-1349	24	49560	7	4	36	0	0	0	0	0	0	0	0	0	0	0	0	0	0	
827.049600	8	6	3	0	2	7	1	3373	-1350	24	49621	7	4	38	0	0	0	0	0	0	0	0	0	0	0	0	0	0	
828.036000	8	6	3	0	2	7	1	3362	-1350	24	49680	7	4	39	0	0	0	0	0	0	0	0	0	0	0	0	0	0	
829.041117	8	6	3	0	2	7	1	3350	-1351	24	49740	7	4	41	0	0	0	0	0	0	0	0	0	0	0	0	0	0	
830.046233	8	6	3	0	2	7	1	3341	-1350	24	49801	7	4	43	0	0	0	0	0	0	0	0	0	0	0	0	0	0	
831.032633	8	6	3	0	2	7	1	3332	-1350	24	49860	7	4	44	0	0	0	0	0	0	0	0	0	0	0	0	0	0	
832.039200	8	6	3	0	2	7	1	3324	-1350	24	49920	7	4	46	0	0	0	0	0	0	0	0	0	0	0	0	0	0	
833.044317	8	6	3	0	2	7	1	3315	-1349	24	49980	7	4	48	0	0	0	0	0	0	0	0	0	0	0	0	0	0	
834.032167	8	6	3	0	2	7	1	3307	-1349	24	50040	7	4	49	0	0	0	0	0	0	0	0	0	0	0	0	0	0	
835.037283	8	6	3	0	2	7	1	3300	-1350	24	50100	7	4	51	0	0	0	0	0	0	0	0	0	0	0	0	0	0	
836.042400	8	6	3	0	2	7	1	3293	-1350	24	50160	7	4	52	0	0	0	0	0	0	0	0	0	0	0	0	0	0	
837.048967	8	6	3	0	2	7	1	3286	-1349	24	50221	7	4	54	0	0	0	0	0	0	0	0	0	0	0	0	0	0	
838.035367	8	6	3	0	2	7	1	3281	-1350	24	50280	7	4	56	0	0	0	0	0	0	0	0	0	0	0	0	0	0	
839.040483	8	6	3	0	2	7	1	3274	-1348	24	50340	7	4	57	0	0	0	0	0	0	0	0	0	0	0	0	0	0	
840.045600	8	6	3	0	2	7	1	3267	-1350	24	50400	7	4	59	0	0	0	0	0	0	0	0	0	0	0	0	0	0	
841.050717	8	6	3	0	2	7	1	3260	-1350	24	50461	7	4	61	0	0	0	0	0	0	0	0	0	0	0	0	0	0	
842.037117	8	6	3	0	2	7	1	3254	-1349	24	50520	7	4	62	0	0	0	0	0	0	0	0	0	0	0	0	0	0	
843.043683	8	6	3	0	2	7	1	3245	-1349	24	50580	7	4	64	0	0	0	0	0	0	0	0	0	0	0	0	0	0	
844.048800	8	6	3	0	2	7	1	3237	-1349	24	50641	7	4	66	0	0	0	0	0	0	0	0	0	0	0	0	0	0	
845.035200	8	6	3	0	2	7	1	3227	-1349	24	50700	7	4	67	0	0	0	0	0	0	0	0	0	0	0	0	0	0	
846.040317	8	6	3	0	2	7	1	3216	-1350	24	50760	7	4	69	0	0	0	0	0	0	0	0	0	0	0	0	0	0	
847.045433	8	6	3	0	2	7	1	3203	-1350	24	50820	7	4	71	0	0	0	0	0	0	0	0	0	0	0	0	0	0	
848.050567	8	6	3	0	2	7	1	3185	-1349	24	50881	7	4	72	0	0	0	0	0	0	0	0	0	0	0	0	0	0	
849.038400	8	6	3	0	2	7	1	3166	-1349	24	50940	7	4	74	0	0	0	0	0	0	0	0	0	0	0	0	0	0	
850.043517	8	6	3	0	2	7	1	3138	-1350	24	51000	7	4	76	0	0	0	0	0	0	0	0	0	0	0	0	0	0	
851.048633	8	6	3	0	2	7	1	3099	-1349	24	51061	7	4	77	0	0	0	0	0	0	0	0	0	0	0	0	0	0	
852.035033	8	6	3	0	2	7	1	3039	-1349	24	51120	7	4	79	0	0	0	0	0	0	0	0	0	0	0	0	0	0	
853.040167	8	6	3	0	2	7	1	2931	-1350	24	51180	7	4	81	0	0	0	0	0	0	0	0	0	0	0	0	0	0	
854.045283	8	6	3	0	2	7	1	2699	-1349	24	51240	7	4	82	0	0	0	0	0	0	0	0	0	0	0	0	0	0	
854.110083	8	15	3	0	1	31	2	3130	60	24	51244	9	4	82	0	0	0	0	0	0	0	0	0	0	0	0	0	0	
854.130233	8	3	3	0	1	2	2	3404	678	24	51245	9	4	82	0	0	0	0	0	0	0	0	0	0	0	0	0	0	
855.036000	8	3	3	0	1	2	2	3687	675	24	51300	9	4	82	0	0	0	0	0	0	0	0	0	0	0	0	0	0	
856.041117	8	3	3	0	1	2	2	3779	676	24	51360	9	4	82	0	0	0	0	0	0	0	0	0	0	0	0	0	0	
857.046233	8	3	3	0	1	2	2	3830	674	24	51420	9	4	82	0	0	0	0	0	0	0	0	0	0	0	0	0	0	
858.052800	8	3	3	0	1	2	2	3865	675	24	51481	9	4	82	0	0	0	0	0	0	0	0	0	0	0	0	0	0	
859.039200	8	3	3	0	1	2	2	3882	675	24	51540	9	4	82	0	0	0	0	0	0	0	0	0	0	0	0	0	0	
860.044317	8	3	3	0	1	2	2	3891	674	24	51600	9	4	82	0	0	0	0	0	0	0	0	0	0	0	0	0	0	
861.049433	8	3	3	0	1	2	2	3903	675	24	51661	9	4	82	0	0	0	0	0	0	0	0	0	0	0	0	0	0	
862.035833	8	3	3	0	1	2	2	3909	674	24	51720	9	4	82	0	0	0	0	0	0	0	0	0	0	0	0	0	0	
863.042400	8	3	3	0	1	2	2	3916	674	24	51780	9	4	82	0	0	0	0	0	0	0	0	0	0	0	0	0	0	
864.047517	8	3	3	0	1	2	2	3925	674	24	51840	9	4	82	0	0	0	0	0	0	0	0	0	0	0	0	0	0	
865.052633	8	3	3	0	1	2	2	3932	675	24	51901	9	4	82	0	0	0	0	0	0	0	0	0	0	0	0	0	0	
866.039033	8	3	3	0	1	2	2	3938	673	24	51960	9	4	82	0	0	0	0	0	0	0	0	0	0	0	0	0	0	
867.044167	8	3	3	0	1	2	2	3945	674	24	52020	9	4	82	0	0	0	0	0	0	0	0	0	0	0	0	0	0	
868.050717	8	3	3	0	1	2	2	3952	674	24	52081	9	4	82	0	0	0	0	0	0	0	0	0	0	0	0	0	0	
869.037117	8	3	3	0	1	2	2	3960	674	24	52140	9	4	82	0	0	0	0	0	0	0	0	0	0	0	0	0	0	
870.042233	8	3	3	0	1	2	2	3966	675	24	52200	9	4	82	0	0	0	0	0	0	0	0	0	0	0	0	0	0	
871.047367	8	3	3	0	1	2	2	3972	676	24	52260	9	4	82	0	0	0	0	0	0	0	0	0	0	0	0	0	0	
872.052483	8	3	3	0	1	2	2	3977	675	24	52321	9	4	82	0	0	0	0	0	0	0	0	0	0	0	0	0	0	
873.038883	8	3	3	0	1	2	2	3981	674	24	52380	9	4	82	0	0	0	0	0	0	0	0	0	0	0	0	0	0	
874.045433	8	3	3	0	1	2	2	3985	674	24	52440	9	4	82	0	0	0	0	0	0	0	0	0	0	0	0	0	0	
875.050567	8	3	3	0	1	2	2	3990	674	24	52501	9	4	82	0	0	0	0	0	0	0	0	0	0	0	0	0	0	
876.036967	8	3	3	0	1	2	2	3994	674	24	52560	9	4	82	0	0	0	0	0	0	0	0	0	0	0	0	0	0	
877.042083	8	3	3	0	1	2	2	3998	674	24	52620	9	4	82	0	0	0	0	0	0	0	0	0	0	0	0	0	0	
878.047200	8	3	3	0	1	2	2	4002	674	24	52680	9	4	82	0	0	0	0	0	0	0	0	0	0	0	0	0	0	
879.053767	8	3	3	0	1	2	2	4006	675	24	52741	9	4	82	0	0	0	0	0	0	0	0	0	0	0	0	0	0	
880.040167	8	3	3	0	1	2	2	4009	674	24	52800	9	4	82	0	0	0	0	0	0	0	0	0	0	0	0	0	0	
881.045283	8	3	3	0	1	2	2	4012	674	24	52860	9	4	82	0	0	0	0	0	0	0	0	0	0	0	0	0	0	
882.050400	8	3	3	0	1	2	2	4015	675	24	52920	9	4	82	0	0	0	0	0	0	0	0	0	0	0	0	0	0	
883.036800	8	3	3	0	1	2	2	4019	675	24	52980	9	4	82	0	0	0	0	0	0	0	0	0	0	0	0	0	0	
884.041917	8	3	3	0	1	2	2	4022	676	24	53040	9	4	82	0	0	0	0	0	0	0	0	0	0	0	0	0	0	
885.048483	8	3	3	0	1	2	2	4025	675	24	53100	9	4	82	0	0	0	0	0	0	0	0	0	0	0	0	0	0	
886.053600	8	3	3	0	1	2	2	4028	674	24	53161	9	4	82	0	0	0	0	0	0	0	0	0	0	0	0	0	0	
887.040000	8	3	3	0	1	2	2	4031	675	24	53220	9	4	82	0	0	0	0	0	0	0	0	0	0	0	0	0	0	
888.045117	8	3	3	0	1	2	2	4035	675	24	53280	9	4	82	0	0	0	0	0	0	0	0	0	0	0	0	0	0	
889.050233	8	3	3	0	1	2	2	4038	675	24	53340	9	4	82	0	0	0	0	0	0	0	0	0	0	0	0	0	0	
890.036633	8	3	3	0	1	2	2	4041	674	24	53400	9	4	82	0	0	0	0	0	0	0	0	0	0	0	0	0	0	
891.043200	8	3	3	0	1	2	2	4045	674	24	53460	9	4	82	0	0	0	0	0	0	0	0	0	0	0	0	0	0	
892.048317	8	3	3	0	1	2	2	4048	675	24	53520	9	4	82	0	0	0	0	0	0	0	0	0	0	0	0	0	0	
893.053433	8	3	3	0	1	2	2	4050	673	24	53581	9	4	82	0	0	0	0	0	0	0	0	0	0	0	0	0	0	
894.039833	8	3	3	0	1	2	2	4054	674	24	53640	9	4	82	0	0	0	0	0	0	0	0	0	0	0	0	0	0	
895.044967	8	3	3	0	1	2	2	4058	675	24	53700	9	4	82	0	0	0	0	0	0	0	0	0	0	0	0	0	0	
896.051517	8	3	3	0	1	2	2	4061	675	24	53760	9	4	82	0	0	0	0	0	0	0	0	0	0	0	0	0	0	
897.037917	8	3	3	0	1	2	2	4064	675	24	53820	9	4	82	0	0	0	0	0	0	0	0	0	0	0	0	0	0	
898.043033	8	3	3	0	1	2	2	4067	674	24	53880	9	4	82	0	0	0	0	0	0	0	0	0	0	0	0	0	0	
899.048167	8	3	3	0	1	2	2	4071	674	24	53940	9	4	82	0	0	0	0	0	0	0	0	0	0	0	0	0	0	
900.053283	8	3	3	0	1	2	2	4075	675	24	54001	9	4	82	0	0	0	0	0	0	0	0	0	0	0	0	0	0	
901.039683	8	3	3	0	1	2	2	4079	675	24	54060	9	4	82	0	0	0	0	0	0	0	0	0	0	0	0	0	0	
902.046233	8	3	3	0	1	2	2	4082	675	24	54120	9	4	82	0	0	0	0	0	0	0	0	0	0	0	0	0	0	
903.051367	8	3	3	0	1	2	2	4086	674	24	54180	9	4	82	0	0	0	0	0	0	0	0	0	0	0	0	0	0	
904.037767	8	3	3	0	1	2	2	4090	675	24	54240	9	4	82	0	0	0	0	0	0	0	0	0	0	0	0	0	0	
905.042883	8	3	3	0	1	2	2	4093	673	24	54300	9	4	82	0	0	0	0	0	0	0	0	0	0	0	0	0	0	
906.052317	8	3	3	0	1	2	2	4098	675	24	54360	9	4	82	0	0	0	0	0	0	0	0	0	0	0	0	0	0	
907.038717	8	3	3	0	1	2	2	4103	675	24	54420	9	4	82	0	0	0	0	0	0	0	0	0	0	0	0	0	0	
908.043833	8	3	3	0	1	2	2	4107	675	24	54480	9	4	82	0	0	0	0	0	0	0	0	0	0	0	0	0	0	
909.048967	8	3	3	0	1	2	2	4111	674	24	54540	9	4	82	0	0	0	0	0	0	0	0	0	0	0	0	0	0	
910.054083	8	3	3	0	1	2	2	4116	675	24	54601	9	4	82	0	0	0	0	0	0	0	0	0	0	0	0	0	0	
911.040483	8	3	3	0	1	2	2	4121	674	24	54660	9	4	82	0	0	0	0	0	0	0	0	0	0	0	0	0	0	
912.047033	8	3	3	0	1	2	2	4122	664	24	54720	9	4	82	0	0	0	0	0	0	0	0	0	0	0	0	0	0	
913.052167	8	3	3	0	1	2	2	4127	664	24	54780	9	4	82	0	0	0	0	0	0	0	0	0	0	0	0	0	0	
914.038567	8	3	3	0	1	2	2	4131	662	24	54840	9	4	82	0	0	0	0	0	0	0	0	0	0	0	0	0	0	
915.043683	8	3	3	0	1	2	2	4136	661	24	54900	9	4	82	0	0	0	0	0	0	0	0	0	0	0	0	0	0	
916.051683	8	3	3	0	1	2	2	4141	660	24	54960	9	4	82	0	0	0	0	0	0	0	0	0	0	0	0	0	0	
917.056800	8	3	3	0	1	2	2	4146	659	24	55021	9	4	82	0	0	0	0	0	0	0	0	0	0	0	0	0	0	
918.043200	8	3	3	0	1	2	2	4150	658	24	55080	9	4	82	0	0	0	0	0	0	0	0	0	0	0	0	0	0	
919.048317	8	3	3	0	1	2	2	4155	656	24	55140	9	4	82	0	0	0	0	0	0	0	0	0	0	0	0	0	0	
920.053433	8	3	3	0	1	2	2	4161	656	24	55201	9	4	82	0	0	0	0	0	0	0	0	0	0	0	0	0	0	
921.044167	8	3	3	0	1	2	2	4167	655	24	55260	9	4	82	0	0	0	0	0	0	0	0	0	0	0	0	0	0	
922.049283	8	3	3	0	1	2	2	4171	653	24	55320	9	4	82	0	0	0	0	0	0	0	0	0	0	0	0	0	0	
923.054400	8	3	3	0	1	2	2	4176	651	24	55381	9	4	82	0	0	0	0	0	0	0	0	0	0	0	0	0	0	
924.040800	8	3	3	0	1	2	2	4183	654	24	55440	9	4	82	0	0	0	0	0	0	0	0	0	0	0	0	0	0	
925.045917	8	3	3	0	1	2	2	4188	652	24	55500	9	4	82	0	0	0	0	0	0	0	0	0	0	0	0	0	0	
926.052483	8	3	3	0	1	2	2	4194	651	24	55560	9	4	82	0	0	0	0	0	0	0	0	0	0	0	0	0	0	
927.057600	8	3	3	0	1	2	2	4198	645	24	55621	9	4	82	0	0	0	0	0	0	0	0	0	0	0	0	0	0	
928.044000	8	3	3	0	1	2	2	4199	627	24	55680	9	4	82	0	0	0	0	0	0	0	0	0	0	0	0	0	0	
929.049117	8	3	3	0	1	2	2	4199	609	24	55740	9	4	82	0	0	0	0	0	0	0	0	0	0	0	0	0	0	
930.054233	8	3	3	0	1	2	2	4199	591	24	55801	9	4	82	0	0	0	0	0	0	0	0	0	0	0	0	0	0	
931.042083	8	3	3	0	1	2	2	4198	574	24	55860	9	4	82	0	0	0	0	0	0	0	0	0	0	0	0	0	0	
932.047200	8	3	3	0	1	2	2	4199	558	24	55920	9	4	82	0	0	0	0	0	0	0	0	0	0	0	0	0	0	
933.052317	8	3	3	0	1	2	2	4198	541	24	55980	9	4	82	0	0	0	0	0	0	0	0	0	0	0	0	0	0	
934.057433	8	3	3	0	1	2	2	4199	526	24	56041	9	4	82	0	0	0	0	0	0	0	0	0	0	0	0	0	0	
935.043833	8	3	3	0	1	2	2	4199	511	24	56100	9	4	82	0	0	0	0	0	0	0	0	0	0	0	0	0	0	
936.050400	8	3	3	0	1	2	2	4198	495	24	56160	9	4	82	0	0	0	0	0	0	0	0	0	0	0	0	0	0	
937.055517	8	3	3	0	1	2	2	4199	480	24	56221	9	4	82	0	0	0	0	0	0	0	0	0	0	0	0	0	0	
938.041917	8	3	3	0	1	2	2	4199	465	24	56280	9	4	82	0	0	0	0	0	0	0	0	0	0	0	0	0	0	
939.047033	8	3	3	0	1	2	2	4199	449	24	56340	9	4	82	0	0	0	0	0	0	0	0	0	0	0	0	0	0	
940.052167	8	3	3	0	1	2	2	4198	434	24	56400	9	4	82	0	0	0	0	0	0	0	0	0	0	0	0	0	0	
941.058717	8	3	3	0	1	2	2	4199	422	24	56461	9	4	82	0	0	0	0	0	0	0	0	0	0	0	0	0	0	
942.045117	8	3	3	0	1	2	2	4199	410	24	56520	9	4	82	0	0	0	0	0	0	0	0	0	0	0	0	0	0	
943.050233	8	3	3	0	1	2	2	4199	396	24	56580	9	4	82	0	0	0	0	0	0	0	0	0	0	0	0	0	0	
944.055367	8	3	3	0	1	2	2	4199	384	24	56640	9	4	82	0	0	0	0	0	0	0	0	0	0	0	0	0	0	
945.041767	8	3	3	0	1	2	2	4199	372	24	56700	9	4	82	0	0	0	0	0	0	0	0	0	0	0	0	0	0	
946.046883	8	3	3	0	1	2	2	4199	361	24	56760	9	4	82	0	0	0	0	0	0	0	0	0	0	0	0	0	0	
947.053433	8	3	3	0	1	2	2	4199	350	24	56820	9	4	82	0	0	0	0	0	0	0	0	0	0	0	0	0	0	
948.058567	8	3	3	0	1	2	2	4199	339	24	56881	9	4	82	0	0	0	0	0	0	0	0	0	0	0	0	0	0	
949.044967	8	3	3	0	1	2	2	4199	329	24	56940	9	4	82	0	0	0	0	0	0	0	0	0	0	0	0	0	0	
950.050083	8	3	3	0	1	2	2	4199	320	24	57000	9	4	82	0	0	0	0	0	0	0	0	0	0	0	0	0	0	
951.055200	8	3	3	0	1	2	2	4199	310	24	57060	9	4	82	0	0	0	0	0	0	0	0	0	0	0	0	0	0	
952.041600	8	3	3	0	1	2	2	4199	300	24	57120	9	4	82	0	0	0	0	0	0	0	0	0	0	0	0	0	0	
953.048167	8	3	3	0	1	2	2	4199	291	24	57180	9	4	82	0	0	0	0	0	0	0	0	0	0	0	0	0	0	
954.053283	8	3	3	0	1	2	2	4199	282	24	57240	9	4	82	0	0	0	0	0	0	0	0	0	0	0	0	0	0	
955.058400	8	3	3	0	1	2	2	4199	274	24	57301	9	4	82	0	0	0	0	0	0	0	0	0	0	0	0	0	0	
956.044800	8	3	3	0	1	2	2	4198	266	24	57360	9	4	82	0	0	0	0	0	0	0	0	0	0	0	0	0	0	
957.049917	8	3	3	0	1	2	2	4199	258	24	57420	9	4	82	0	0	0	0	0	0	0	0	0	0	0	0	0	0	
958.055033	8	3	3	0	1	2	2	4199	250	24	57480	9	4	82	0	0	0	0	0	0	0	0	0	0	0	0	0	0	
959.042883	8	3	3	0	1	2	2	4199	244	24	57540	9	4	82	0	0	0	0	0	0	0	0	0	0	0	0	0	0	
960.048000	8	3	3	0	1	2	2	4199	236	24	57600	9	4	82	0	0	0	0	0	0	0	0	0	0	0	0	0	0	
961.053117	8	3	3	0	1	2	2	4198	229	24	57660	9	4	82	0	0	0	0	0	0	0	0	0	0	0	0	0	0	
962.058233	8	3	3	0	1	2	2	4199	221	24	57721	9	4	82	0	0	0	0	0	0	0	0	0	0	0	0	0	0	
963.044633	8	3	3	0	1	2	2	4199	215	24	57780	9	4	82	0	0	0	0	0	0	0	0	0	0	0	0	0	0	
964.051200	8	3	3	0	1	2	2	4198	209	24	57840	9	4	82	0	0	0	0	0	0	0	0	0	0	0	0	0	0	
965.056317	8	3	3	0	1	2	2	4198	202	24	57900	9	4	82	0	0	0	0	0	0	0	0	0	0	0	0	0	0	
966.042717	8	3	3	0	1	2	2	4198	195	24	57960	9	4	82	0	0	0	0	0	0	0	0	0	0	0	0	0	0	
967.047833	8	3	3	0	1	2	2	4199	189	24	58020	9	4	82	0	0	0	0	0	0	0	0	0	0	0	0	0	0	
968.052967	8	3	3	0	1	2	2	4198	184	24	58080	9	4	82	0	0	0	0	0	0	0	0	0	0	0	0	0	0	
969.058083	8	3	3	0	1	2	2	4198	178	24	58141	9	4	82	0	0	0	0	0	0	0	0	0	0	0	0	0	0	
970.045917	8	3	3	0	1	2	2	4199	173	24	58200	9	4	82	0	0	0	0	0	0	0	0	0	0	0	0	0	0	
971.051033	8	3	3	0	1	2	2	4198	167	24	58260	9	4	82	0	0	0	0	0	0	0	0	0	0	0	0	0	0	
972.056167	8	3	3	0	1	2	2	4198	161	24	58320	9	4	82	0	0	0	0	0	0	0	0	0	0	0	0	0	0	
973.061283	8	3	3	0	1	2	2	4199	157	24	58381	9	4	82	0	0	0	0	0	0	0	0	0	0	0	0	0	0	
974.047683	8	3	3	0	1	2	2	4198	152	24	58440	9	4	82	0	0	0	0	0	0	0	0	0	0	0	0	0	0	
975.054233	8	3	3	0	1	2	2	4198	148	24	58500	9	4	82	0	0	0	0	0	0	0	0	0	0	0	0	0	0	
976.059367	8	3	3	0	1	2	2	4199	143	24	58561	9	4	82	0	0	0	0	0	0	0	0	0	0	0	0	0	0	
977.045767	8	3	3	0	1	2	2	4199	139	24	58620	9	4	82	0	0	0	0	0	0	0	0	0	0	0	0	0	0	
978.050883	8	3	3	0	1	2	2	4198	134	24	58680	9	4	82	0	0	0	0	0	0	0	0	0	0	0	0	0	0	
979.056000	8	3	3	0	1	2	2	4199	130	24	58740	9	4	82	0	0	0	0	0	0	0	0	0	0	0	0	0	0	
980.062567	8	3	3	0	1	2	2	4199	127	24	58801	9	4	82	0	0	0	0	0	0	0	0	0	0	0	0	0	0	
981.048967	8	3	3	0	1	2	2	4198	122	24	58860	9	4	82	0	0	0	0	0	0	0	0	0	0	0	0	0	0	
982.054083	8	3	3	0	1	2	2	4198	118	24	58920	9	4	82	0	0	0	0	0	0	0	0	0	0	0	0	0	0	
983.059200	8	3	3	0	1	2	2	4198	115	24	58981	9	4	82	0	0	0	0	0	0	0	0	0	0	0	0	0	0	
984.045600	8	3	3	0	1	2	2	4198	112	24	59040	9	4	82	0	0	0	0	0	0	0	0	0	0	0	0	0	0	
985.050717	8	3	3	0	1	2	2	4198	108	24	59100	9	4	82	0	0	0	0	0	0	0	0	0	0	0	0	0	0	
986.057283	8	3	3	0	1	2	2	4198	105	24	59160	9	4	82	0	0	0	0	0	0	0	0	0	0	0	0	0	0	
987.062400	8	3	3	0	1	2	2	4199	102	24	59221	9	4	82	0	0	0	0	0	0	0	0	0	0	0	0	0	0	
988.048800	8	3	3	0	1	2	2	4199	98	24	59280	9	4	82	0	0	0	0	0	0	0	0	0	0	0	0	0	0	
989.053917	8	3	3	0	1	2	2	4198	95	24	59340	9	4	82	0	0	0	0	0	0	0	0	0	0	0	0	0	0	
990.059033	8	3	3	0	1	2	2	4199	93	24	59401	9	4	82	0	0	0	0	0	0	0	0	0	0	0	0	0	0	
991.045433	8	3	3	0	1	2	2	4199	89	24	59460	9	4	82	0	0	0	0	0	0	0	0	0	0	0	0	0	0	
992.054883	8	3	3	0	1	2	2	4198	87	24	59520	9	4	82	0	0	0	0	0	0	0	0	0	0	0	0	0	0	
993.060000	8	3	3	0	1	2	2	4199	85	24	59581	9	4	82	0	0	0	0	0	0	0	0	0	0	0	0	0	0	
994.046400	8	3	3	0	1	2	2	4198	82	24	59640	9	4	82	0	0	0	0	0	0	0	0	0	0	0	0	0	0	
995.052967	8	3	3	0	1	2	2	4198	78	24	59700	9	4	82	0	0	0	0	0	0	0	0	0	0	0	0	0	0	
996.058083	8	3	3	0	1	2	2	4198	77	24	59760	9	4	82	0	0	0	0	0	0	0	0	0	0	0	0	0	0	
997.063200	8	3	3	0	1	2	2	4198	74	24	59821	9	4	82	0	0	0	0	0	0	0	0	0	0	0	0	0	0	
998.049600	8	3	3	0	1	2	2	4198	72	24	59880	9	4	82	0	0	0	0	0	0	0	0	0	0	0	0	0	0	
999.054717	8	3	3	0	1	2	2	4199	70	24	59940	9	4	82	0	0	0	0	0	0	0	0	0	0	0	0	0	0	
1000.059833	8	3	3	0	1	2	2	4199	69	24	60001	9	4	82	0	0	0	0	0	0	0	0	0	0	0	0	0	0	
1000.670400	8	6	3	0	2	7	1	4094	-344	24	60037	9	5	0	0	0	0	0	0	0	0	0	0	0	0	0	0	0	
1001.049117	8	6	3	0	2	7	1	3728	-1349	24	60060	9	5	0	0	0	0	0	0	0	0	0	0	0	0	0	0	0	
1002.054233	8	6	3	0	2	7	1	3690	-1351	24	60120	9	5	2	0	0	0	0	0	0	0	0	0	0	0	0	0	0	
1003.059367	8	6	3	0	2	7	1	3663	-1350	24	60180	9	5	3	0	0	0	0	0	0	0	0	0	0	0	0	0	0	
1004.045767	8	6	3	0	2	7	1	3643	-1349	24	60240	9	5	5	0	0	0	0	0	0	0	0	0	0	0	0	0	0	
1005.050883	8	6	3	0	2	7	1	3627	-1349	24	60300	9	5	7	0	0	0	0	0	0	0	0	0	0	0	0	0	0	
1006.057433	8	6	3	0	2	7	1	3602	-1350	24	60360	9	5	8	0	0	0	0	0	0	0	0	0	0	0	0	0	0	
1007.062567	8	6	3	0	2	7	1	3576	-1350	24	60421	9	5	10	0	0	0	0	0	0	0	0	0	0	0	0	0	0	
1008.048967	8	6	3	0	2	7	1	3557	-1350	24	60480	9	5	12	0	0	0	0	0	0	0	0	0	0	0	0	0	0	
1009.054083	8	6	3	0	2	7	1	3530	-1349	24	60540	9	5	13	0	0	0	0	0	0	0	0	0	0	0	0	0	0	
1010.059200	8	6	3	0	2	7	1	3514	-1350	24	60600	9	5	15	0	0	0	0	0	0	0	0	0	0	0	0	0	0	
1011.047033	8	6	3	0	2	7	1	3498	-1350	24	60660	9	5	17	0	0	0	0	0	0	0	0	0	0	0	0	0	0	
1012.052167	8	6	3	0	2	7	1	3477	-1350	24	60720	9	5	18	0	0	0	0	0	0	0	0	0	0	0	0	0	0	
1013.057283	8	6	3	0	2	7	1	3445	-1350	24	60780	9	5	20	0	0	0	0	0	0	0	0	0	0	0	0	0	0	
1014.062400	8	6	3	0	2	7	1	3440	-1349	24	60841	9	5	22	0	0	0	0	0	0	0	0	0	0	0	0	0	0	
1015.048800	8	6	3	0	2	7	1	3416	-1350	24	60900	9	5	23	0	0	0	0	0	0	0	0	0	0	0	0	0	0	
1016.053917	8	6	3	0	2	7	1	3396	-1350	24	60960	9	5	25	0	0	0	0	0	0	0	0	0	0	0	0	0	0	
1017.060483	8	6	3	0	2	7	1	3388	-1350	24	61020	9	5	26	0	0	0	0	0	0	0	0	0	0	0	0	0	0	
1018.065600	8	6	3	0	2	7	1	3369	-1348	24	61081	9	5	28	0	0	0	0	0	0	0	0	0	0	0	0	0	0	
1019.052000	8	6	3	0	2	7	1	3367	-1349	24	61140	9	5	30	0	0	0	0	0	0	0	0	0	0	0	0	0	0	
1020.057117	8	6	3	0	2	7	1	3356	-1349	24	61200	9	5	31	0	0	0	0	0	0	0	0	0	0	0	0	0	0	
1021.062233	8	6	3	0	2	7	1	3343	-1349	24	61261	9	5	33	0	0	0	0	0	0	0	0	0	0	0	0	0	0	
1022.048633	8	6	3	0	2	7	1	3332	-1349	24	61320	9	5	35	0	0	0	0	0	0	0	0	0	0	0	0	0	0	
1023.055200	8	6	3	0	2	7	1	3319	-1349	24	61380	9	5	36	0	0	0	0	0	0	0	0	0	0	0	0	0	0	
1024.060317	8	6	3	0	2	7	1	3301	-1350	24	61440	9	5	38	0	0	0	0	0	0	0	0	0	0	0	0	0	0	
1025.065433	8	6	3	0	2	7	1	3297	-1349	24	61501	9	5	40	0	0	0	0	0	0	0	0	0	0	0	0	0	0	
1026.051833	8	6	3	0	2	7	1	3287	-1349	24	61560	9	5	41	0	0	0	0	0	0	0	0	0	0	0	0	0	0	
1027.056967	8	6	3	0	2	7	1	3274	-1350	24	61620	9	5	43	0	0	0	0	0	0	0	0	0	0	0	0	0	0	
1028.062083	8	6	3	0	2	7	1	3261	-1349	24	61681	9	5	45	0	0	0	0	0	0	0	0	0	0	0	0	0	0	
1029.049917	8	6	3	0	2	7	1	3261	-1349	24	61740	9	5	46	0	0	0	0	0	0	0	0	0	0	0	0	0	0	
1030.055033	8	6	3	0	2	7	1	3251	-1350	24	61800	9	5	48	0	0	0	0	0	0	0	0	0	0	0	0	0	0	
1031.060167	8	6	3	0	2	7	1	3242	-1350	24	61860	9	5	49	0	0	0	0	0	0	0	0	0	0	0	0	0	0	
1032.065283	8	6	3	0	2	7	1	3235	-1350	24	61921	9	5	51	0	0	0	0	0	0	0	0	0	0	0	0	0	0	
1033.051683	8	6	3	0	2	7	1	3230	-1350	24	61980	9	5	53	0	0	0	0	0	0	0	0	0	0	0	0	0	0	
1034.058233	8	6	3	0	2	7	1	3223	-1350	24	62040	9	5	54	0	0	0	0	0	0	0	0	0	0	0	0	0	0	
1035.063367	8	6	3	0	2	7	1	3215	-1348	24	62101	9	5	56	0	0	0	0	0	0	0	0	0	0	0	0	0	0	
1036.049767	8	6	3	0	2	7	1	3208	-1349	24	62160	9	5	58	0	0	0	0	0	0	0	0	0	0	0	0	0	0	
1037.054883	8	6	3	0	2	7	1	3201	-1347	24	62220	9	5	59	0	0	0	0	0	0	0	0	0	0	0	0	0	0	
1038.060000	8	6	3	0	2	7	1	3194	-1348	24	62280	9	5	61	0	0	0	0	0	0	0	0	0	0	0	0	0	0	
1039.066567	8	6	3	0	2	7	1	3187	-1350	24	62341	9	5	63	0	0	0	0	0	0	0	0	0	0	0	0	0	0	
1040.052967	8	6	3	0	2	7	1	3187	-1350	24	62400	9	5	64	0	0	0	0	0	0	0	0	0	0	0	0	0	0	
1041.058083	8	6	3	0	2	7	1	3180	-1348	24	62460	9	5	66	0	0	0	0	0	0	0	0	0	0	0	0	0	0	
1042.063200	8	6	3	0	2	7	1	3171	-1350	24	62521	9	5	68	0	0	0	0	0	0	0	0	0	0	0	0	0	0	
1043.049600	8	6	3	0	2	7	1	3160	-1349	24	62580	9	5	69	0	0	0	0	0	0	0	0	0	0	0	0	0	0	
1044.056167	8	6	3	0	2	7	1	3148	-1350	24	62640	9	5	71	0	0	0	0	0	0	0	0	0	0	0	0	0	0	
1045.061283	8	6	3	0	2	7	1	3131	-1348	24	62700	9	5	73	0	0	0	0	0	0	0	0	0	0	0	0	0	0	
1046.066400	8	6	3	0	2	7	1	3110	-1350	24	62761	9	5	74	0	0	0	0	0	0	0	0	0	0	0	0	0	0	
1047.052800	8	6	3	0	2	7	1	3083	-1350	24	62820	9	5	76	0	0	0	0	0	0	0	0	0	0	0	0	0	0	
1048.057917	8	6	3	0	2	7	1	3044	-1349	24	62880	9	5	78	0	0	0	0	0	0	0	0	0	0	0	0	0	0	
1049.063033	8	6	3	0	2	7	1	2981	-1349	24	62940	9	5	79	0	0	0	0	0	0	0	0	0	0	0	0	0	0	
1050.050883	8	6	3	0	2	7	1	2873	-1349	24	63000	9	5	81	0	0	0	0	0	0	0	0	0	0	0	0	0	0	
1050.923517	8	15	3	0	1	31	2	2866	11	24	63052	10	5	82	0	0	0	0	0	0	0	0	0	0	0	0	0	0	
1050.943683	8	3	3	0	1	2	2	3458	679	24	63053	11	5	82	0	0	0	0	0	0	0	0	0	0	0	0	0	0	
1051.058883	8	3	3	0	1	2	2	3554	674	24	63060	11	5	82	0	0	0	0	0	0	0	0	0	0	0	0	0	0	
1052.064000	8	3	3	0	1	2	2	3752	676	24	63121	11	5	82	0	0	0	0	0	0	0	0	0	0	0	0	0	0	
1053.050400	8	3	3	0	1	2	2	3824	675	24	63180	11	5	82	0	0	0	0	0	0	0	0	0	0	0	0	0	0	
1054.056967	8	3	3	0	1	2	2	3878	675	24	63240	11	5	82	0	0	0	0	0	0	0	0	0	0	0	0	0	0	
1055.062083	8	3	3	0	1	2	2	3900	676	24	63300	11	5	82	0	0	0	0	0	0	0	0	0	0	0	0	0	0	
1056.067200	8	3	3	0	1	2	2	3915	675	24	63361	11	5	82	0	0	0	0	0	0	0	0	0	0	0	0	0	0	
1057.055033	8	3	3	0	1	2	2	3922	674	24	63420	11	5	82	0	0	0	0	0	0	0	0	0	0	0	0	0	0	
1058.061600	8	3	3	0	1	2	2	3933	675	24	63480	11	5	82	0	0	0	0	0	0	0	0	0	0	0	0	0	0	
1059.066717	8	3	3	0	1	2	2	3940	674	24	63541	11	5	82	0	0	0	0	0	0	0	0	0	0	0	0	0	0	
1060.054567	8	3	3	0	1	2	2	3940	673	24	63600	11	5	82	0	0	0	0	0	0	0	0	0	0	0	0	0	0	
1061.059683	8	3	3	0	1	2	2	3946	674	24	63660	11	5	82	0	0	0	0	0	0	0	0	0	0	0	0	0	0	
1062.066233	8	3	3	0	1	2	2	3957	674	24	63721	11	5	82	0	0	0	0	0	0	0	0	0	0	0	0	0	0	
1063.052633	8	3	3	0	1	2	2	3961	674	24	63780	11	5	82	0	0	0	0	0	0	0	0	0	0	0	0	0	0	
1064.057767	8	3	3	0	1	2	2	3970	674	24	63840	11	5	82	0	0	0	0	0	0	0	0	0	0	0	0	0	0	
1065.062883	8	3	3	0	1	2	2	3975	674	24	63900	11	5	82	0	0	0	0	0	0	0	0	0	0	0	0	0	0	
1066.068000	8	3	3	0	1	2	2	3981	675	24	63961	11	5	82	0	0	0	0	0	0	0	0	0	0	0	0	0	0	
1067.054400	8	3	3	0	1	2	2	3988	674	24	64020	11	5	82	0	0	0	0	0	0	0	0	0	0	0	0	0	0	
1068.060967	8	3	3	0	1	2	2	3995	674	24	64080	11	5	82	0	0	0	0	0	0	0	0	0	0	0	0	0	0	
1069.066083	8	3	3	0	1	2	2	4000	674	24	64141	11	5	82	0	0	0	0	0	0	0	0	0	0	0	0	0	0	
1070.052483	8	3	3	0	1	2	2	4006	676	24	64200	11	5	82	0	0	0	0	0	0	0	0	0	0	0	0	0	0	
1071.057600	8	3	3	0	1	2	2	4010	674	24	64260	11	5	82	0	0	0	0	0	0	0	0	0	0	0	0	0	0	
1072.062717	8	3	3	0	1	2	2	4014	674	24	64320	11	5	82	0	0	0	0	0	0	0	0	0	0	0	0	0	0	
1073.067833	8	3	3	0	1	2	2	4018	674	24	64381	11	5	82	0	0	0	0	0	0	0	0	0	0	0	0	0	0	
1074.055683	8	3	3	0	1	2	2	4021	674	24	64440	11	5	82	0	0	0	0	0	0	0	0	0	0	0	0	0	0	
1075.060800	8	3	3	0	1	2	2	4025	674	24	64500	11	5	82	0	0	0	0	0	0	0	0	0	0	0	0	0	0	
1076.065917	8	3	3	0	1	2	2	4027	675	24	64560	11	5	82	0	0	0	0	0	0	0	0	0	0	0	0	0	0	
1077.052317	8	3	3	0	1	2	2	4029	673	24	64620	11	5	82	0	0	0	0	0	0	0	0	0	0	0	0	0	0	
1078.057433	8	3	3	0	1	2	2	4033	675	24	64680	11	5	82	0	0	0	0	0	0	0	0	0	0	0	0	0	0	
1079.064000	8	3	3	0	1	2	2	4037	674	24	64740	11	5	82	0	0	0	0	0	0	0	0	0	0	0	0	0	0	
1080.069117	8	3	3	0	1	2	2	4041	675	24	64801	11	5	82	0	0	0	0	0	0	0	0	0	0	0	0	0	0	
1081.055517	8	3	3	0	1	2	2	4044	674	24	64860	11	5	82	0	0	0	0	0	0	0	0	0	0	0	0	0	0	
1082.060633	8	3	3	0	1	2	2	4047	675	24	64920	11	5	82	0	0	0	0	0	0	0	0	0	0	0	0	0	0	
1083.065767	8	3	3	0	1	2	2	4050	673	24	64980	11	5	82	0	0	0	0	0	0	0	0	0	0	0	0	0	0	
1084.052167	8	3	3	0	1	2	2	4054	676	24	65040	11	5	82	0	0	0	0	0	0	0	0	0	0	0	0	0	0	
1085.058717	8	3	3	0	1	2	2	4056	675	24	65100	11	5	82	0	0	0	0	0	0	0	0	0	0	0	0	0	0	
1086.063833	8	3	3	0	1	2	2	4059	674	24	65160	11	5	82	0	0	0	0	0	0	0	0	0	0	0	0	0	0	
1087.068967	8	3	3	0	1	2	2	4062	674	24	65221	11	5	82	0	0	0	0	0	0	0	0	0	0	0	0	0	0	
1088.055367	8	3	3	0	1	2	2	4066	675	24	65280	11	5	82	0	0	0	0	0	0	0	0	0	0	0	0	0	0	
1089.060483	8	3	3	0	1	2	2	4069	675	24	65340	11	5	82	0	0	0	0	0	0	0	0	0	0	0	0	0	0	
1090.067033	8	3	3	0	1	2	2	4072	675	24	65400	11	5	82	0	0	0	0	0	0	0	0	0	0	0	0	0	0	
1091.053433	8	3	3	0	1	2	2	4075	674	24	65460	11	5	82	0	0	0	0	0	0	0	0	0	0	0	0	0	0	
1092.058567	8	3	3	0	1	2	2	4079	674	24	65520	11	5	82	0	0	0	0	0	0	0	0	0	0	0	0	0	0	
1093.063683	8	3	3	0	1	2	2	4082	674	24	65580	11	5	82	0	0	0	0	0	0	0	0	0	0	0	0	0	0	
1094.068800	8	3	3	0	1	2	2	4085	674	24	65641	11	5	82	0	0	0	0	0	0	0	0	0	0	0	0	0	0	
1095.055200	8	3	3	0	1	2	2	4090	675	24	65700	11	5	82	0	0	0	0	0	0	0	0	0	0	0	0	0	0	
1096.060317	8	3	3	0	1	2	2	4093	674	24	65760	11	5	82	0	0	0	0	0	0	0	0	0	0	0	0	0	0	
1097.066883	8	3	3	0	1	2	2	4097	675	24	65820	11	5	82	0	0	0	0	0	0	0	0	0	0	0	0	0	0	
1098.053283	8	3	3	0	1	2	2	4101	675	24	65880	11	5	82	0	0	0	0	0	0	0	0	0	0	0	0	0	0	
1099.058400	8	3	3	0	1	2	2	4104	676	24	65940	11	5	82	0	0	0	0	0	0	0	0	0	0	0	0	0	0	
1100.063517	8	3	3	0	1	2	2	4108	676	24	66000	11	5	82	0	0	0	0	0	0	0	0	0	0	0	0	0	0	
1101.068633	8	3	3	0	1	2	2	4112	675	24	66061	11	5	82	0	0	0	0	0	0	0	0	0	0	0	0	0	0	
1102.055033	8	3	3	0	1	2	2	4117	676	24	66120	11	5	82	0	0	0	0	0	0	0	0	0	0	0	0	0	0	
1103.061600	8	3	3	0	1	2	2	4117	666	24	66180	11	5	82	0	0	0	0	0	0	0	0	0	0	0	0	0	0	
1104.066717	8	3	3	0	1	2	2	4122	665	24	66240	11	5	82	0	0	0	0	0	0	0	0	0	0	0	0	0	0	
1105.053117	8	3	3	0	1	2	2	4125	664	24	66300	11	5	82	0	0	0	0	0	0	0	0	0	0	0	0	0	0	
1106.058233	8	3	3	0	1	2	2	4130	664	24	66360	11	5	82	0	0	0	0	0	0	0	0	0	0	0	0	0	0	
1107.064800	8	3	3	0	1	2	2	4134	662	24	66420	11	5	82	0	0	0	0	0	0	0	0	0	0	0	0	0	0	
1108.069917	8	3	3	0	1	2	2	4139	663	24	66481	11	5	82	0	0	0	0	0	0	0	0	0	0	0	0	0	0	
1109.056317	8	3	3	0	1	2	2	4143	660	24	66540	11	5	82	0	0	0	0	0	0	0	0	0	0	0	0	0	0	
1110.061433	8	3	3	0	1	2	2	4148	660	24	66600	11	5	82	0	0	0	0	0	0	0	0	0	0	0	0	0	0	
1111.069433	8	3	3	0	1	2	2	4153	660	24	66661	11	5	82	0	0	0	0	0	0	0	0	0	0	0	0	0	0	
1112.055833	8	3	3	0	1	2	2	4157	657	24	66720	11	5	82	0	0	0	0	0	0	0	0	0	0	0	0	0	0	
1113.060967	8	3	3	0	1	2	2	4161	656	24	66780	11	5	82	0	0	0	0	0	0	0	0	0	0	0	0	0	0	
1114.066083	8	3	3	0	1	2	2	4166	653	24	66840	11	5	82	0	0	0	0	0	0	0	0	0	0	0	0	0	0	
1115.071200	8	3	3	0	1	2	2	4171	654	24	66901	11	5	82	0	0	0	0	0	0	0	0	0	0	0	0	0	0	
1116.057600	8	3	3	0	1	2	2	4176	653	24	66960	11	5	82	0	0	0	0	0	0	0	0	0	0	0	0	0	0	
1117.064167	8	3	3	0	1	2	2	4181	653	24	67020	11	5	82	0	0	0	0	0	0	0	0	0	0	0	0	0	0	
1118.069283	8	3	3	0	1	2	2	4187	652	24	67080	11	5	82	0	0	0	0	0	0	0	0	0	0	0	0	0	0	
1119.055683	8	3	3	0	1	2	2	4193	651	24	67140	11	5	82	0	0	0	0	0	0	0	0	0	0	0	0	0	0	
1120.060800	8	3	3	0	1	2	2	4198	652	24	67200	11	5	82	0	0	0	0	0	0	0	0	0	0	0	0	0	0	
1121.065917	8	3	3	0	1	2	2	4199	635	24	67260	11	5	82	0	0	0	0	0	0	0	0	0	0	0	0	0	0	
1122.072483	8	3	3	0	1	2	2	4199	620	24	67321	11	5	82	0	0	0	0	0	0	0	0	0	0	0	0	0	0	
1123.058883	8	3	3	0	1	2	2	4199	604	24	67380	11	5	82	0	0	0	0	0	0	0	0	0	0	0	0	0	0	
1124.064000	8	3	3	0	1	2	2	4199	588	24	67440	11	5	82	0	0	0	0	0	0	0	0	0	0	0	0	0	0	
1125.069117	8	3	3	0	1	2	2	4199	574	24	67500	11	5	82	0	0	0	0	0	0	0	0	0	0	0	0	0	0	
1126.055517	8	3	3	0	1	2	2	4199	560	24	67560	11	5	82	0	0	0	0	0	0	0	0	0	0	0	0	0	0	
1127.060633	8	3	3	0	1	2	2	4199	545	24	67620	11	5	82	0	0	0	0	0	0	0	0	0	0	0	0	0	0	
1128.067200	8	3	3	0	1	2	2	4199	530	24	67680	11	5	82	0	0	0	0	0	0	0	0	0	0	0	0	0	0	
1129.072317	8	3	3	0	1	2	2	4199	513	24	67741	11	5	82	0	0	0	0	0	0	0	0	0	0	0	0	0	0	
1130.058717	8	3	3	0	1	2	2	4199	494	24	67800	11	5	82	0	0	0	0	0	0	0	0	0	0	0	0	0	0	
1131.063833	8	3	3	0	1	2	2	4199	472	24	67860	11	5	82	0	0	0	0	0	0	0	0	0	0	0	0	0	0	
1132.068967	8	3	3	0	1	2	2	4199	456	24	67920	11	5	82	0	0	0	0	0	0	0	0	0	0	0	0	0	0	
1133.055367	8	3	3	0	1	2	2	4199	444	24	67980	11	5	82	0	0	0	0	0	0	0	0	0	0	0	0	0	0	
1134.061917	8	3	3	0	1	2	2	4199	429	24	68040	11	5	82	0	0	0	0	0	0	0	0	0	0	0	0	0	0	
1135.067033	8	3	3	0	1	2	2	4199	418	24	68100	11	5	82	0	0	0	0	0	0	0	0	0	0	0	0	0	0	
1136.072167	8	3	3	0	1	2	2	4199	406	24	68161	11	5	82	0	0	0	0	0	0	0	0	0	0	0	0	0	0	
1137.058567	8	3	3	0	1	2	2	4198	396	24	68220	11	5	82	0	0	0	0	0	0	0	0	0	0	0	0	0	0	
1138.063683	8	3	3	0	1	2	2	4199	385	24	68280	11	5	82	0	0	0	0	0	0	0	0	0	0	0	0	0	0	
1139.070233	8	3	3	0	1	2	2	4199	374	24	68340	11	5	82	0	0	0	0	0	0	0	0	0	0	0	0	0	0	
1140.056633	8	3	3	0	1	2	2	4199	366	24	68400	11	5	82	0	0	0	0	0	0	0	0	0	0	0	0	0	0	
1141.061767	8	3	3	0	1	2	2	4199	360	24	68460	11	5	82	0	0	0	0	0	0	0	0	0	0	0	0	0	0	
1142.066883	8	3	3	0	1	2	2	4199	350	24	68520	11	5	82	0	0	0	0	0	0	0	0	0	0	0	0	0	0	
1143.072000	8	3	3	0	1	2	2	4199	338	24	68581	11	5	82	0	0	0	0	0	0	0	0	0	0	0	0	0	0	
1144.058400	8	3	3	0	1	2	2	4199	327	24	68640	11	5	82	0	0	0	0	0	0	0	0	0	0	0	0	0	0	
1145.064967	8	3	3	0	1	2	2	4199	320	24	68700	11	5	82	0	0	0	0	0	0	0	0	0	0	0	0	0	0	
1146.070083	8	3	3	0	1	2	2	4199	312	24	68760	11	5	82	0	0	0	0	0	0	0	0	0	0	0	0	0	0	
1147.075200	8	3	3	0	1	2	2	4199	304	24	68821	11	5	82	0	0	0	0	0	0	0	0	0	0	0	0	0	0	
1148.064483	8	3	3	0	1	2	2	4199	297	24	68880	11	5	82	0	0	0	0	0	0	0	0	0	0	0	0	0	0	
1149.071033	8	3	3	0	1	2	2	4198	288	24	68940	11	5	82	0	0	0	0	0	0	0	0	0	0	0	0	0	0	
1150.057433	8	3	3	0	1	2	2	4198	281	24	69000	11	5	82	0	0	0	0	0	0	0	0	0	0	0	0	0	0	
1151.062567	8	3	3	0	1	2	2	4199	274	24	69060	11	5	82	0	0	0	0	0	0	0	0	0	0	0	0	0	0	
1152.067683	8	3	3	0	1	2	2	4199	268	24	69120	11	5	82	0	0	0	0	0	0	0	0	0	0	0	0	0	0	
1153.072800	8	3	3	0	1	2	2	4199	261	24	69181	11	5	82	0	0	0	0	0	0	0	0	0	0	0	0	0	0	
1154.059200	8	3	3	0	1	2	2	4199	255	24	69240	11	5	82	0	0	0	0	0	0	0	0	0	0	0	0	0	0	
1155.065767	8	3	3	0	1	2	2	4198	247	24	69300	11	5	82	0	0	0	0	0	0	0	0	0	0	0	0	0	0	
1156.070883	8	3	3	0	1	2	2	4198	241	24	69360	11	5	82	0	0	0	0	0	0	0	0	0	0	0	0	0	0	
1157.076000	8	3	3	0	1	2	2	4198	234	24	69421	11	5	82	0	0	0	0	0	0	0	0	0	0	0	0	0	0	
1158.062400	8	3	3	0	1	2	2	4199	228	24	69480	11	5	82	0	0	0	0	0	0	0	0	0	0	0	0	0	0	
1159.068967	8	3	3	0	1	2	2	4199	222	24	69540	11	5	82	0	0	0	0	0	0	0	0	0	0	0	0	0	0	
1160.074083	8	3	3	0	1	2	2	4199	215	24	69601	11	5	82	0	0	0	0	0	0	0	0	0	0	0	0	0	0	
1161.060483	8	3	3	0	1	2	2	4198	209	24	69660	11	5	82	0	0	0	0	0	0	0	0	0	0	0	0	0	0	
1162.065600	8	3	3	0	1	2	2	4199	202	24	69720	11	5	82	0	0	0	0	0	0	0	0	0	0	0	0	0	0	
1163.070717	8	3	3	0	1	2	2	4199	196	24	69780	11	5	82	0	0	0	0	0	0	0	0	0	0	0	0	0	0	
1164.075833	8	3	3	0	1	2	2	4198	191	24	69841	11	5	82	0	0	0	0	0	0	0	0	0	0	0	0	0	0	
1165.063683	8	3	3	0	1	2	2	4198	186	24	69900	11	5	82	0	0	0	0	0	0	0	0	0	0	0	0	0	0	
1166.068800	8	3	3	0	1	2	2	4198	180	24	69960	11	5	82	0	0	0	0	0	0	0	0	0	0	0	0	0	0	
1167.073917	8	3	3	0	1	2	2	4198	176	24	70021	11	5	82	0	0	0	0	0	0	0	0	0	0	0	0	0	0	
1168.060317	8	3	3	0	1	2	2	4199	170	24	70080	11	5	82	0	0	0	0	0	0	0	0	0	0	0	0	0	0	
1169.065433	8	3	3	0	1	2	2	4199	164	24	70140	11	5	82	0	0	0	0	0	0	0	0	0	0	0	0	0	0	
1170.070567	8	3	3	0	1	2	2	4199	161	24	70200	11	5	82	0	0	0	0	0	0	0	0	0	0	0	0	0	0	
1171.061283	8	3	3	0	1	2	2	4199	155	24	70260	11	5	82	0	0	0	0	0	0	0	0	0	0	0	0	0	0	
1172.066400	8	3	3	0	1	2	2	4199	152	24	70320	11	5	82	0	0	0	0	0	0	0	0	0	0	0	0	0	0	
1173.071517	8	3	3	0	1	2	2	4199	147	24	70380	11	5	82	0	0	0	0	0	0	0	0	0	0	0	0	0	0	
1174.076633	8	3	3	0	1	2	2	4198	143	24	70441	11	5	82	0	0	0	0	0	0	0	0	0	0	0	0	0	0	
1175.064483	8	3	3	0	1	2	2	4198	140	24	70500	11	5	82	0	0	0	0	0	0	0	0	0	0	0	0	0	0	
1176.069600	8	3	3	0	1	2	2	4199	136	24	70560	11	5	82	0	0	0	0	0	0	0	0	0	0	0	0	0	0	
1177.074717	8	3	3	0	1	2	2	4199	132	24	70621	11	5	82	0	0	0	0	0	0	0	0	0	0	0	0	0	0	
1178.061117	8	3	3	0	1	2	2	4199	129	24	70680	11	5	82	0	0	0	0	0	0	0	0	0	0	0	0	0	0	
1179.066233	8	3	3	0	1	2	2	4198	124	24	70740	11	5	82	0	0	0	0	0	0	0	0	0	0	0	0	0	0	
1180.072800	8	3	3	0	1	2	2	4199	122	24	70800	11	5	82	0	0	0	0	0	0	0	0	0	0	0	0	0	0	
1181.077917	8	3	3	0	1	2	2	4198	118	24	70861	11	5	82	0	0	0	0	0	0	0	0	0	0	0	0	0	0	
1182.064317	8	3	3	0	1	2	2	4199	115	24	70920	11	5	82	0	0	0	0	0	0	0	0	0	0	0	0	0	0	
1183.069433	8	3	3	0	1	2	2	4199	112	24	70980	11	5	82	0	0	0	0	0	0	0	0	0	0	0	0	0	0	
1184.074567	8	3	3	0	1	2	2	4199	109	24	71041	11	5	82	0	0	0	0	0	0	0	0	0	0	0	0	0	0	
1185.060967	8	3	3	0	1	2	2	4199	106	24	71100	11	5	82	0	0	0	0	0	0	0	0	0	0	0	0	0	0	
1186.066083	8	3	3	0	1	2	2	4199	102	24	71160	11	5	82	0	0	0	0	0	0	0	0	0	0	0	0	0	0	
1187.075517	8	3	3	0	1	2	2	4199	99	24	71221	11	5	82	0	0	0	0	0	0	0	0	0	0	0	0	0	0	
1188.061917	8	3	3	0	1	2	2	4198	97	24	71280	11	5	82	0	0	0	0	0	0	0	0	0	0	0	0	0	0	
1189.067033	8	3	3	0	1	2	2	4198	95	24	71340	11	5	82	0	0	0	0	0	0	0	0	0	0	0	0	0	0	
1190.073600	8	3	3	0	1	2	2	4198	92	24	71400	11	5	82	0	0	0	0	0	0	0	0	0	0	0	0	0	0	
1191.078717	8	3	3	0	1	2	2	4199	89	24	71461	11	5	82	0	0	0	0	0	0	0	0	0	0	0	0	0	0	
1192.065117	8	3	3	0	1	2	2	4198	87	24	71520	11	5	82	0	0	0	0	0	0	0	0	0	0	0	0	0	0	
1193.070233	8	3	3	0	1	2	2	4198	85	24	71580	11	5	82	0	0	0	0	0	0	0	0	0	0	0	0	0	0	
1194.075367	8	3	3	0	1	2	2	4198	83	24	71641	11	5	82	0	0	0	0	0	0	0	0	0	0	0	0	0	0	
1195.061767	8	3	3	0	1	2	2	4198	80	24	71700	11	5	82	0	0	0	0	0	0	0	0	0	0	0	0	0	0	
1196.068317	8	3	3	0	1	2	2	4198	78	24	71760	11	5	82	0	0	0	0	0	0	0	0	0	0	0	0	0	0	
1197.073433	8	3	3	0	1	2	2	4199	76	24	71820	11	5	82	0	0	0	0	0	0	0	0	0	0	0	0	0	0	
1198.078567	8	3	3	0	1	2	2	4199	73	24	71881	11	5	82	0	0	0	0	0	0	0	0	0	0	0	0	0	0	
1199.064967	8	3	3	0	1	2	2	4198	72	24	71940	11	5	82	0	0	0	0	0	0	0	0	0	0	0	0	0	0	
1200.070083	8	3	3	0	1	2	2	4199	70	24	72000	11	5	82	0	0	0	0	0	0	0	0	0	0	0	0	0	0	
1201.076633	8	3	3	0	1	2	2	4199	68	24	72061	11	5	82	0	0	0	0	0	0	0	0	0	0	0	0	0	0	
1201.760633	8	6	3	0	2	7	1	4085	-310	24	72102	11	6	0	0	0	0	0	0	0	0	0	0	0	0	0	0	0	
1202.064483	8	6	3	0	2	7	1	3663	-1349	24	72120	11	6	0	0	0	0	0	0	0	0	0	0	0	0	0	0	0	
1203.069600	8	6	3	0	2	7	1	3639	-1350	24	72180	11	6	2	0	0	0	0	0	0	0	0	0	0	0	0	0	0	
1204.074717	8	6	3	0	2	7	1	3614	-1351	24	72240	11	6	3	0	0	0	0	0	0	0	0	0	0	0	0	0	0	
1205.061117	8	6	3	0	2	7	1	3594	-1349	24	72300	11	6	5	0	0	0	0	0	0	0	0	0	0	0	0	0	0	
1206.066233	8	6	3	0	2	7	1	3574	-1351	24	72360	11	6	6	0	0	0	0	0	0	0	0	0	0	0	0	0	0	
1207.072800	8	6	3	0	2	7	1	3534	-1350	24	72420	11	6	8	0	0	0	0	0	0	0	0	0	0	0	0	0	0	
1208.077917	8	6	3	0	2	7	1	3485	-1350	24	72481	11	6	10	0	0	0	0	0	0	0	0	0	0	0	0	0	0	
1209.064317	8	6	3	0	2	7	1	3515	-1350	24	72540	11	6	11	0	0	0	0	0	0	0	0	0	0	0	0	0	0	
1210.069433	8	6	3	0	2	7	1	3498	-1348	24	72600	11	6	13	0	0	0	0	0	0	0	0	0	0	0	0	0	0	
1211.074567	8	6	3	0	2	7	1	3483	-1348	24	72660	11	6	15	0	0	0	0	0	0	0	0	0	0	0	0	0	0	
1212.062400	8	6	3	0	2	7	1	3465	-1350	24	72720	11	6	16	0	0	0	0	0	0	0	0	0	0	0	0	0	0	
1213.067517	8	6	3	0	2	7	1	3452	-1349	24	72780	11	6	18	0	0	0	0	0	0	0	0	0	0	0	0	0	0	
1214.072633	8	6	3	0	2	7	1	3438	-1349	24	72840	11	6	20	0	0	0	0	0	0	0	0	0	0	0	0	0	0	
1215.077767	8	6	3	0	2	7	1	3425	-1351	24	72901	11	6	21	0	0	0	0	0	0	0	0	0	0	0	0	0	0	
1216.064167	8	6	3	0	2	7	1	3413	-1351	24	72960	11	6	23	0	0	0	0	0	0	0	0	0	0	0	0	0	0	
1217.070717	8	6	3	0	2	7	1	3400	-1349	24	73020	11	6	25	0	0	0	0	0	0	0	0	0	0	0	0	0	0	
1218.075833	8	6	3	0	2	7	1	3386	-1349	24	73080	11	6	26	0	0	0	0	0	0	0	0	0	0	0	0	0	0	
1219.080967	8	6	3	0	2	7	1	3372	-1350	24	73141	11	6	28	0	0	0	0	0	0	0	0	0	0	0	0	0	0	
1220.067367	8	6	3	0	2	7	1	3360	-1350	24	73200	11	6	30	0	0	0	0	0	0	0	0	0	0	0	0	0	0	
1221.072483	8	6	3	0	2	7	1	3348	-1349	24	73260	11	6	31	0	0	0	0	0	0	0	0	0	0	0	0	0	0	
1222.079033	8	6	3	0	2	7	1	3337	-1348	24	73321	11	6	33	0	0	0	0	0	0	0	0	0	0	0	0	0	0	
1223.065433	8	6	3	0	2	7	1	3325	-1349	24	73380	11	6	35	0	0	0	0	0	0	0	0	0	0	0	0	0	0	
1224.070567	8	6	3	0	2	7	1	3314	-1349	24	73440	11	6	36	0	0	0	0	0	0	0	0	0	0	0	0	0	0	
1225.075683	8	6	3	0	2	7	1	3304	-1349	24	73500	11	6	38	0	0	0	0	0	0	0	0	0	0	0	0	0	0	
1226.080800	8	6	3	0	2	7	1	3293	-1348	24	73561	11	6	40	0	0	0	0	0	0	0	0	0	0	0	0	0	0	
1227.067200	8	6	3	0	2	7	1	3283	-1351	24	73620	11	6	41	0	0	0	0	0	0	0	0	0	0	0	0	0	0	
1228.072317	8	6	3	0	2	7	1	3275	-1350	24	73680	11	6	43	0	0	0	0	0	0	0	0	0	0	0	0	0	0	
1229.078883	8	6	3	0	2	7	1	3266	-1351	24	73741	11	6	44	0	0	0	0	0	0	0	0	0	0	0	0	0	0	
1230.065283	8	6	3	0	2	7	1	3258	-1349	24	73800	11	6	46	0	0	0	0	0	0	0	0	0	0	0	0	0	0	
1231.070400	8	6	3	0	2	7	1	3249	-1349	24	73860	11	6	48	0	0	0	0	0	0	0	0	0	0	0	0	0	0	
1232.075517	8	6	3	0	2	7	1	3243	-1349	24	73920	11	6	49	0	0	0	0	0	0	0	0	0	0	0	0	0	0	
1233.080633	8	6	3	0	2	7	1	3233	-1350	24	73981	11	6	51	0	0	0	0	0	0	0	0	0	0	0	0	0	0	
1234.067033	8	6	3	0	2	7	1	3226	-1349	24	74040	11	6	53	0	0	0	0	0	0	0	0	0	0	0	0	0	0	
1235.073600	8	6	3	0	2	7	1	3218	-1350	24	74100	11	6	54	0	0	0	0	0	0	0	0	0	0	0	0	0	0	
1236.078717	8	6	3	0	2	7	1	3211	-1350	24	74160	11	6	56	0	0	0	0	0	0	0	0	0	0	0	0	0	0	
1237.065117	8	6	3	0	2	7	1	3205	-1350	24	74220	11	6	58	0	0	0	0	0	0	0	0	0	0	0	0	0	0	
1238.070233	8	6	3	0	2	7	1	3198	-1350	24	74280	11	6	59	0	0	0	0	0	0	0	0	0	0	0	0	0	0	
1239.075367	8	6	3	0	2	7	1	3192	-1349	24	74340	11	6	61	0	0	0	0	0	0	0	0	0	0	0	0	0	0	
1240.081917	8	6	3	0	2	7	1	3184	-1350	24	74401	11	6	63	0	0	0	0	0	0	0	0	0	0	0	0	0	0	
1241.068317	8	6	3	0	2	7	1	3176	-1349	24	74460	11	6	64	0	0	0	0	0	0	0	0	0	0	0	0	0	0	
1242.073433	8	6	3	0	2	7	1	3169	-1351	24	74520	11	6	66	0	0	0	0	0	0	0	0	0	0	0	0	0	0	
1243.078567	8	6	3	0	2	7	1	3160	-1349	24	74580	11	6	68	0	0	0	0	0	0	0	0	0	0	0	0	0	0	
1244.064967	8	6	3	0	2	7	1	3149	-1350	24	74640	11	6	69	0	0	0	0	0	0	0	0	0	0	0	0	0	0	
1245.071517	8	6	3	0	2	7	1	3136	-1349	24	74700	11	6	71	0	0	0	0	0	0	0	0	0	0	0	0	0	0	
1246.076633	8	6	3	0	2	7	1	3120	-1350	24	74760	11	6	72	0	0	0	0	0	0	0	0	0	0	0	0	0	0	
1247.081767	8	6	3	0	2	7	1	3097	-1349	24	74821	11	6	74	0	0	0	0	0	0	0	0	0	0	0	0	0	0	
1248.068167	8	6	3	0	2	7	1	3068	-1350	24	74880	11	6	76	0	0	0	0	0	0	0	0	0	0	0	0	0	0	
1249.073283	8	6	3	0	2	7	1	3024	-1351	24	74940	11	6	77	0	0	0	0	0	0	0	0	0	0	0	0	0	0	
1250.079833	8	6	3	0	2	7	1	2955	-1350	24	75000	11	6	79	0	0	0	0	0	0	0	0	0	0	0	0	0	0	
1251.066233	8	6	3	0	2	7	1	2834	-1350	24	75060	11	6	81	0	0	0	0	0	0	0	0	0	0	0	0	0	0	
1251.731517	8	15	3	0	1	31	2	2869	11	24	75100	12	6	82	0	0	0	0	0	0	0	0	0	0	0	0	0	0	
1251.753117	8	3	3	0	1	2	2	3463	677	24	75101	13	6	82	0	0	0	0	0	0	0	0	0	0	0	0	0	0	
1252.074233	8	3	3	0	1	2	2	3631	675	24	75120	13	6	82	0	0	0	0	0	0	0	0	0	0	0	0	0	0	
1253.079367	8	3	3	0	1	2	2	3775	677	24	75181	13	6	82	0	0	0	0	0	0	0	0	0	0	0	0	0	0	
1254.065767	8	3	3	0	1	2	2	3839	675	24	75240	13	6	82	0	0	0	0	0	0	0	0	0	0	0	0	0	0	
1255.072317	8	3	3	0	1	2	2	3877	674	24	75300	13	6	82	0	0	0	0	0	0	0	0	0	0	0	0	0	0	
1256.077433	8	3	3	0	1	2	2	3897	675	24	75360	13	6	82	0	0	0	0	0	0	0	0	0	0	0	0	0	0	
1257.082567	8	3	3	0	1	2	2	3907	674	24	75421	13	6	82	0	0	0	0	0	0	0	0	0	0	0	0	0	0	
1258.068967	8	3	3	0	1	2	2	3916	675	24	75480	13	6	82	0	0	0	0	0	0	0	0	0	0	0	0	0	0	
1259.074083	8	3	3	0	1	2	2	3922	675	24	75540	13	6	82	0	0	0	0	0	0	0	0	0	0	0	0	0	0	
1260.080633	8	3	3	0	1	2	2	3927	674	24	75600	13	6	82	0	0	0	0	0	0	0	0	0	0	0	0	0	0	
1261.067033	8	3	3	0	1	2	2	3932	674	24	75660	13	6	82	0	0	0	0	0	0	0	0	0	0	0	0	0	0	
1262.072167	8	3	3	0	1	2	2	3941	674	24	75720	13	6	82	0	0	0	0	0	0	0	0	0	0	0	0	0	0	
1263.077283	8	3	3	0	1	2	2	3948	675	24	75780	13	6	82	0	0	0	0	0	0	0	0	0	0	0	0	0	0	
1264.082400	8	3	3	0	1	2	2	3954	675	24	75841	13	6	82	0	0	0	0	0	0	0	0	0	0	0	0	0	0	
1265.070233	8	3	3	0	1	2	2	3962	675	24	75900	13	6	82	0	0	0	0	0	0	0	0	0	0	0	0	0	0	
1266.075367	8	3	3	0	1	2	2	3968	674	24	75960	13	6	82	0	0	0	0	0	0	0	0	0	0	0	0	0	0	
1267.080483	8	3	3	0	1	2	2	3973	674	24	76020	13	6	82	0	0	0	0	0	0	0	0	0	0	0	0	0	0	
1268.066883	8	3	3	0	1	2	2	3982	675	24	76080	13	6	82	0	0	0	0	0	0	0	0	0	0	0	0	0	0	
1269.072000	8	3	3	0	1	2	2	3988	675	24	76140	13	6	82	0	0	0	0	0	0	0	0	0	0	0	0	0	0	
1270.077117	8	3	3	0	1	2	2	3994	674	24	76200	13	6	82	0	0	0	0	0	0	0	0	0	0	0	0	0	0	
1271.083683	8	3	3	0	1	2	2	4001	675	24	76261	13	6	82	0	0	0	0	0	0	0	0	0	0	0	0	0	0	
1272.070083	8	3	3	0	1	2	2	4005	676	24	76320	13	6	82	0	0	0	0	0	0	0	0	0	0	0	0	0	0	
1273.075200	8	3	3	0	1	2	2	4009	674	24	76380	13	6	82	0	0	0	0	0	0	0	0	0	0	0	0	0	0	
1274.080317	8	3	3	0	1	2	2	4012	673	24	76440	13	6	82	0	0	0	0	0	0	0	0	0	0	0	0	0	0	
1275.066717	8	3	3	0	1	2	2	4016	674	24	76500	13	6	82	0	0	0	0	0	0	0	0	0	0	0	0	0	0	
1276.073283	8	3	3	0	1	2	2	4020	675	24	76560	13	6	82	0	0	0	0	0	0	0	0	0	0	0	0	0	0	
1277.078400	8	3	3	0	1	2	2	4023	676	24	76620	13	6	82	0	0	0	0	0	0	0	0	0	0	0	0	0	0	
1278.083517	8	3	3	0	1	2	2	4026	674	24	76681	13	6	82	0	0	0	0	0	0	0	0	0	0	0	0	0	0	
1279.069917	8	3	3	0	1	2	2	4029	675	24	76740	13	6	82	0	0	0	0	0	0	0	0	0	0	0	0	0	0	
1280.075033	8	3	3	0	1	2	2	4032	675	24	76800	13	6	82	0	0	0	0	0	0	0	0	0	0	0	0	0	0	
1281.081600	8	3	3	0	1	2	2	4035	673	24	76860	13	6	82	0	0	0	0	0	0	0	0	0	0	0	0	0	0	
1282.068000	8	3	3	0	1	2	2	4038	675	24	76920	13	6	82	0	0	0	0	0	0	0	0	0	0	0	0	0	0	
1283.073117	8	3	3	0	1	2	2	4041	674	24	76980	13	6	82	0	0	0	0	0	0	0	0	0	0	0	0	0	0	
1284.078233	8	3	3	0	1	2	2	4044	674	24	77040	13	6	82	0	0	0	0	0	0	0	0	0	0	0	0	0	0	
1285.083367	8	3	3	0	1	2	2	4047	675	24	77101	13	6	82	0	0	0	0	0	0	0	0	0	0	0	0	0	0	
1286.071200	8	3	3	0	1	2	2	4050	675	24	77160	13	6	82	0	0	0	0	0	0	0	0	0	0	0	0	0	0	
1287.076317	8	3	3	0	1	2	2	4053	674	24	77220	13	6	82	0	0	0	0	0	0	0	0	0	0	0	0	0	0	
1288.081433	8	3	3	0	1	2	2	4057	673	24	77280	13	6	82	0	0	0	0	0	0	0	0	0	0	0	0	0	0	
1289.069283	8	3	3	0	1	2	2	4059	674	24	77340	13	6	82	0	0	0	0	0	0	0	0	0	0	0	0	0	0	
1290.075833	8	3	3	0	1	2	2	4063	674	24	77400	13	6	82	0	0	0	0	0	0	0	0	0	0	0	0	0	0	
1291.080967	8	3	3	0	1	2	2	4067	675	24	77460	13	6	82	0	0	0	0	0	0	0	0	0	0	0	0	0	0	
1292.086083	8	3	3	0	1	2	2	4070	676	24	77521	13	6	82	0	0	0	0	0	0	0	0	0	0	0	0	0	0	
1293.072483	8	3	3	0	1	2	2	4073	674	24	77580	13	6	82	0	0	0	0	0	0	0	0	0	0	0	0	0	0	
1294.077600	8	3	3	0	1	2	2	4077	673	24	77640	13	6	82	0	0	0	0	0	0	0	0	0	0	0	0	0	0	
1295.082717	8	3	3	0	1	2	2	4080	675	24	77701	13	6	82	0	0	0	0	0	0	0	0	0	0	0	0	0	0	
1296.070567	8	3	3	0	1	2	2	4084	675	24	77760	13	6	82	0	0	0	0	0	0	0	0	0	0	0	0	0	0	
1297.075683	8	3	3	0	1	2	2	4088	675	24	77820	13	6	82	0	0	0	0	0	0	0	0	0	0	0	0	0	0	
1298.080800	8	3	3	0	1	2	2	4091	674	24	77880	13	6	82	0	0	0	0	0	0	0	0	0	0	0	0	0	0	
1299.085917	8	3	3	0	1	2	2	4095	674	24	77941	13	6	82	0	0	0	0	0	0	0	0	0	0	0	0	0	0	
1300.072317	8	3	3	0	1	2	2	4099	674	24	78000	13	6	82	0	0	0	0	0	0	0	0	0	0	0	0	0	0	
1301.077433	8	3	3	0	1	2	2	4103	676	24	78060	13	6	82	0	0	0	0	0	0	0	0	0	0	0	0	0	0	
1302.084000	8	3	3	0	1	2	2	4107	675	24	78120	13	6	82	0	0	0	0	0	0	0	0	0	0	0	0	0	0	
1303.070400	8	3	3	0	1	2	2	4112	675	24	78180	13	6	82	0	0	0	0	0	0	0	0	0	0	0	0	0	0	
1304.075517	8	3	3	0	1	2	2	4116	676	24	78240	13	6	82	0	0	0	0	0	0	0	0	0	0	0	0	0	0	
1305.080633	8	3	3	0	1	2	2	4118	667	24	78300	13	6	82	0	0	0	0	0	0	0	0	0	0	0	0	0	0	
1306.087200	8	3	3	0	1	2	2	4122	666	24	78361	13	6	82	0	0	0	0	0	0	0	0	0	0	0	0	0	0	
1307.075033	8	3	3	0	1	2	2	4125	663	24	78420	13	6	82	0	0	0	0	0	0	0	0	0	0	0	0	0	0	
1308.080167	8	3	3	0	1	2	2	4130	663	24	78480	13	6	82	0	0	0	0	0	0	0	0	0	0	0	0	0	0	
1309.085283	8	3	3	0	1	2	2	4134	661	24	78541	13	6	82	0	0	0	0	0	0	0	0	0	0	0	0	0	0	
1310.071683	8	3	3	0	1	2	2	4139	661	24	78600	13	6	82	0	0	0	0	0	0	0	0	0	0	0	0	0	0	
1311.076800	8	3	3	0	1	2	2	4143	659	24	78660	13	6	82	0	0	0	0	0	0	0	0	0	0	0	0	0	0	
1312.083367	8	3	3	0	1	2	2	4148	659	24	78720	13	6	82	0	0	0	0	0	0	0	0	0	0	0	0	0	0	
1313.088483	8	3	3	0	1	2	2	4153	660	24	78781	13	6	82	0	0	0	0	0	0	0	0	0	0	0	0	0	0	
1314.074883	8	3	3	0	1	2	2	4158	657	24	78840	13	6	82	0	0	0	0	0	0	0	0	0	0	0	0	0	0	
1315.080000	8	3	3	0	1	2	2	4164	658	24	78900	13	6	82	0	0	0	0	0	0	0	0	0	0	0	0	0	0	
1316.085117	8	3	3	0	1	2	2	4169	658	24	78961	13	6	82	0	0	0	0	0	0	0	0	0	0	0	0	0	0	
1317.071517	8	3	3	0	1	2	2	4174	656	24	79020	13	6	82	0	0	0	0	0	0	0	0	0	0	0	0	0	0	
1318.078083	8	3	3	0	1	2	2	4180	657	24	79080	13	6	82	0	0	0	0	0	0	0	0	0	0	0	0	0	0	
1319.083200	8	3	3	0	1	2	2	4185	655	24	79140	13	6	82	0	0	0	0	0	0	0	0	0	0	0	0	0	0	
1320.088317	8	3	3	0	1	2	2	4191	656	24	79201	13	6	82	0	0	0	0	0	0	0	0	0	0	0	0	0	0	
1321.074717	8	3	3	0	1	2	2	4199	172	24	79260	13	6	82	0	0	0	0	0	0	0	0	0	0	0	0	0	0	
1322.079833	8	3	3	0	1	2	2	4199	175	24	79320	13	6	82	0	0	0	0	0	0	0	0	0	0	0	0	0	0	
1323.086400	8	3	3	0	1	2	2	4199	176	24	79381	13	6	82	0	0	0	0	0	0	0	0	0	0	0	0	0	0	
1324.074233	8	3	3	0	1	2	2	4199	176	24	79440	13	6	82	0	0	0	0	0	0	0	0	0	0	0	0	0	0	
1325.079367	8	3	3	0	1	2	2	4199	172	24	79500	13	6	82	0	0	0	0	0	0	0	0	0	0	0	0	0	0	
1326.084483	8	3	3	0	1	2	2	4199	166	24	79560	13	6	82	0	0	0	0	0	0	0	0	0	0	0	0	0	0	
1327.072317	8	3	3	0	1	2	2	4199	161	24	79620	13	6	82	0	0	0	0	0	0	0	0	0	0	0	0	0	0	
1328.077433	8	3	3	0	1	2	2	4199	159	24	79680	13	6	82	0	0	0	0	0	0	0	0	0	0	0	0	0	0	
1329.082567	8	3	3	0	1	2	2	4199	157	24	79740	13	6	82	0	0	0	0	0	0	0	0	0	0	0	0	0	0	
1330.087683	8	3	3	0	1	2	2	4199	155	24	79801	13	6	82	0	0	0	0	0	0	0	0	0	0	0	0	0	0	
1331.074083	8	3	3	0	1	2	2	4199	153	24	79860	13	6	82	0	0	0	0	0	0	0	0	0	0	0	0	0	0	
1332.080633	8	3	3	0	1	2	2	4199	151	24	79920	13	6	82	0	0	0	0	0	0	0	0	0	0	0	0	0	0	
1333.085767	8	3	3	0	1	2	2	4199	148	24	79980	13	6	82	0	0	0	0	0	0	0	0	0	0	0	0	0	0	
1334.072167	8	3	3	0	1	2	2	4199	147	24	80040	13	6	82	0	0	0	0	0	0	0	0	0	0	0	0	0	0	
1335.077283	8	3	3	0	1	2	2	4199	145	24	80100	13	6	82	0	0	0	0	0	0	0	0	0	0	0	0	0	0	
1336.082400	8	3	3	0	1	2	2	4199	144	24	80160	13	6	82	0	0	0	0	0	0	0	0	0	0	0	0	0	0	
1337.088967	8	3	3	0	1	2	2	4199	143	24	80221	13	6	82	0	0	0	0	0	0	0	0	0	0	0	0	0	0	
1338.075367	8	3	3	0	1	2	2	4199	143	24	80280	13	6	82	0	0	0	0	0	0	0	0	0	0	0	0	0	0	
1339.080483	8	3	3	0	1	2	2	4199	140	24	80340	13	6	82	0	0	0	0	0	0	0	0	0	0	0	0	0	0	
1340.085600	8	3	3	0	1	2	2	4199	143	24	80400	13	6	82	0	0	0	0	0	0	0	0	0	0	0	0	0	0	
1341.072000	8	3	3	0	1	2	2	4199	141	24	80460	13	6	82	0	0	0	0	0	0	0	0	0	0	0	0	0	0	
1342.077117	8	3	3	0	1	2	2	4199	140	24	80520	13	6	82	0	0	0	0	0	0	0	0	0	0	0	0	0	0	
1343.082233	8	3	3	0	1	2	2	4199	139	24	80580	13	6	82	0	0	0	0	0	0	0	0	0	0	0	0	0	0	
1344.088800	8	3	3	0	1	2	2	4199	138	24	80641	13	6	82	0	0	0	0	0	0	0	0	0	0	0	0	0	0	
1345.075200	8	3	3	0	1	2	2	4199	138	24	80700	13	6	82	0	0	0	0	0	0	0	0	0	0	0	0	0	0	
1346.080317	8	3	3	0	1	2	2	4199	137	24	80760	13	6	82	0	0	0	0	0	0	0	0	0	0	0	0	0	0	
1347.085433	8	3	3	0	1	2	2	4199	139	24	80820	13	6	82	0	0	0	0	0	0	0	0	0	0	0	0	0	0	
1348.090567	8	3	3	0	1	2	2	4199	137	24	80881	13	6	82	0	0	0	0	0	0	0	0	0	0	0	0	0	0	
1349.076967	8	3	3	0	1	2	2	4198	136	24	80940	13	6	82	0	0	0	0	0	0	0	0	0	0	0	0	0	0	
1350.083517	8	3	3	0	1	2	2	4199	136	24	81000	13	6	82	0	0	0	0	0	0	0	0	0	0	0	0	0	0	
1351.088633	8	3	3	0	1	2	2	4199	135	24	81061	13	6	82	0	0	0	0	0	0	0	0	0	0	0	0	0	0	
1352.075033	8	3	3	0	1	2	2	4199	133	24	81120	13	6	82	0	0	0	0	0	0	0	0	0	0	0	0	0	0	
1353.080167	8	3	3	0	1	2	2	4199	133	24	81180	13	6	82	0	0	0	0	0	0	0	0	0	0	0	0	0	0	
1354.085283	8	3	3	0	1	2	2	4198	132	24	81240	13	6	82	0	0	0	0	0	0	0	0	0	0	0	0	0	0	
1355.091833	8	3	3	0	1	2	2	4199	131	24	81301	13	6	82	0	0	0	0	0	0	0	0	0	0	0	0	0	0	
1356.078233	8	3	3	0	1	2	2	4198	130	24	81360	13	6	82	0	0	0	0	0	0	0	0	0	0	0	0	0	0	
1357.083367	8	3	3	0	1	2	2	4199	130	24	81420	13	6	82	0	0	0	0	0	0	0	0	0	0	0	0	0	0	
1358.088483	8	3	3	0	1	2	2	4199	128	24	81481	13	6	82	0	0	0	0	0	0	0	0	0	0	0	0	0	0	
1359.074883	8	3	3	0	1	2	2	4199	126	24	81540	13	6	82	0	0	0	0	0	0	0	0	0	0	0	0	0	0	
1360.080000	8	3	3	0	1	2	2	4198	126	24	81600	13	6	82	0	0	0	0	0	0	0	0	0	0	0	0	0	0	
1361.086567	8	3	3	0	1	2	2	4199	125	24	81660	13	6	82	0	0	0	0	0	0	0	0	0	0	0	0	0	0	
1362.091683	8	3	3	0	1	2	2	4199	123	24	81721	13	6	82	0	0	0	0	0	0	0	0	0	0	0	0	0	0	
1363.078083	8	3	3	0	1	2	2	4198	123	24	81780	13	6	82	0	0	0	0	0	0	0	0	0	0	0	0	0	0	
1364.083200	8	3	3	0	1	2	2	4199	123	24	81840	13	6	82	0	0	0	0	0	0	0	0	0	0	0	0	0	0	
1365.088317	8	3	3	0	1	2	2	4199	122	24	81900	13	6	82	0	0	0	0	0	0	0	0	0	0	0	0	0	0	
1366.074717	8	3	3	0	1	2	2	4198	120	24	81960	13	6	82	0	0	0	0	0	0	0	0	0	0	0	0	0	0	
1367.079833	8	3	3	0	1	2	2	4199	120	24	82020	13	6	82	0	0	0	0	0	0	0	0	0	0	0	0	0	0	
1368.086400	8	3	3	0	1	2	2	4199	120	24	82080	13	6	82	0	0	0	0	0	0	0	0	0	0	0	0	0	0	
1369.091517	8	3	3	0	1	2	2	4199	118	24	82141	13	6	82	0	0	0	0	0	0	0	0	0	0	0	0	0	0	
1370.077917	8	3	3	0	1	2	2	4198	117	24	82200	13	6	82	0	0	0	0	0	0	0	0	0	0	0	0	0	0	
1371.083033	8	3	3	0	1	2	2	4199	117	24	82260	13	6	82	0	0	0	0	0	0	0	0	0	0	0	0	0	0	
1372.088167	8	3	3	0	1	2	2	4198	117	24	82320	13	6	82	0	0	0	0	0	0	0	0	0	0	0	0	0	0	
1373.074567	8	3	3	0	1	2	2	4199	116	24	82380	13	6	82	0	0	0	0	0	0	0	0	0	0	0	0	0	0	
1374.081117	8	3	3	0	1	2	2	4199	115	24	82440	13	6	82	0	0	0	0	0	0	0	0	0	0	0	0	0	0	
1375.086233	8	3	3	0	1	2	2	4199	114	24	82500	13	6	82	0	0	0	0	0	0	0	0	0	0	0	0	0	0	
1376.075517	8	3	3	0	1	2	2	4199	114	24	82560	13	6	82	0	0	0	0	0	0	0	0	0	0	0	0	0	0	
1377.080633	8	3	3	0	1	2	2	4198	113	24	82620	13	6	82	0	0	0	0	0	0	0	0	0	0	0	0	0	0	
1378.085767	8	3	3	0	1	2	2	4199	111	24	82680	13	6	82	0	0	0	0	0	0	0	0	0	0	0	0	0	0	
1379.092317	8	3	3	0	1	2	2	4199	110	24	82741	13	6	82	0	0	0	0	0	0	0	0	0	0	0	0	0	0	
1380.078717	8	3	3	0	1	2	2	4199	110	24	82800	13	6	82	0	0	0	0	0	0	0	0	0	0	0	0	0	0	
1381.083833	8	3	3	0	1	2	2	4199	109	24	82860	13	6	82	0	0	0	0	0	0	0	0	0	0	0	0	0	0	
1382.091833	8	3	3	0	1	2	2	4198	109	24	82921	13	6	82	0	0	0	0	0	0	0	0	0	0	0	0	0	0	
1383.078233	8	3	3	0	1	2	2	4199	108	24	82980	13	6	82	0	0	0	0	0	0	0	0	0	0	0	0	0	0	
1384.084800	8	3	3	0	1	2	2	4198	106	24	83040	13	6	82	0	0	0	0	0	0	0	0	0	0	0	0	0	0	
1385.089917	8	3	3	0	1	2	2	4199	105	24	83100	13	6	82	0	0	0	0	0	0	0	0	0	0	0	0	0	0	
1386.076317	8	3	3	0	1	2	2	4198	103	24	83160	13	6	82	0	0	0	0	0	0	0	0	0	0	0	0	0	0	
1387.081433	8	3	3	0	1	2	2	4198	102	24	83220	13	6	82	0	0	0	0	0	0	0	0	0	0	0	0	0	0	
1388.086567	8	3	3	0	1	2	2	4198	102	24	83280	13	6	82	0	0	0	0	0	0	0	0	0	0	0	0	0	0	
1389.093117	8	3	3	0	1	2	2	4198	102	24	83341	13	6	82	0	0	0	0	0	0	0	0	0	0	0	0	0	0	
1390.079517	8	3	3	0	1	2	2	4199	101	23	83400	13	6	82	0	0	0	0	0	0	0	0	0	0	0	0	0	0	
1391.084633	8	3	3	0	1	2	2	4198	101	23	83460	13	6	82	0	0	0	0	0	0	0	0	0	0	0	0	0	0	
1392.089767	8	3	3	0	1	2	2	4198	99	23	83520	13	6	82	0	0	0	0	0	0	0	0	0	0	0	0	0	0	
1393.076167	8	3	3	0	1	2	2	4198	99	23	83580	13	6	82	0	0	0	0	0	0	0	0	0	0	0	0	0	0	
1394.081283	8	3	3	0	1	2	2	4198	99	23	83640	13	6	82	0	0	0	0	0	0	0	0	0	0	0	0	0	0	
1395.086400	8	3	3	0	1	2	2	4198	97	23	83700	13	6	82	0	0	0	0	0	0	0	0	0	0	0	0	0	0	
1396.092967	8	3	3	0	1	2	2	4198	96	23	83761	13	6	82	0	0	0	0	0	0	0	0	0	0	0	0	0	0	
1397.079367	8	3	3	0	1	2	2	4198	96	23	83820	13	6	82	0	0	0	0	0	0	0	0	0	0	0	0	0	0	
1398.084483	8	3	3	0	1	2	2	4198	96	23	83880	13	6	82	0	0	0	0	0	0	0	0	0	0	0	0	0	0	
1399.089600	8	3	3	0	1	2	2	4198	95	23	83940	13	6	82	0	0	0	0	0	0	0	0	0	0	0	0	0	0	
1400.094717	8	3	3	0	1	2	2	4198	94	23	84001	13	6	82	0	0	0	0	0	0	0	0	0	0	0	0	0	0	
1401.081117	8	3	3	0	1	2	2	4198	94	23	84060	13	6	82	0	0	0	0	0	0	0	0	0	0	0	0	0	0	
1402.087683	8	3	3	0	1	2	2	4198	94	23	84120	13	6	82	0	0	0	0	0	0	0	0	0	0	0	0	0	0	
1403.092800	8	3	3	0	1	2	2	4199	93	23	84181	13	6	82	0	0	0	0	0	0	0	0	0	0	0	0	0	0	
1404.079200	8	3	3	0	1	2	2	4198	92	23	84240	13	6	82	0	0	0	0	0	0	0	0	0	0	0	0	0	0	
1405.084317	8	3	3	0	1	2	2	4199	91	23	84300	13	6	82	0	0	0	0	0	0	0	0	0	0	0	0	0	0	
1406.089433	8	3	3	0	1	2	2	4198	89	23	84360	13	6	82	0	0	0	0	0	0	0	0	0	0	0	0	0	0	
1407.094567	8	3	3	0	1	2	2	4198	90	23	84421	13	6	82	0	0	0	0	0	0	0	0	0	0	0	0	0	0	
1408.080967	8	3	3	0	1	2	2	4199	90	23	84480	13	6	82	0	0	0	0	0	0	0	0	0	0	0	0	0	0	
1409.086083	8	3	3	0	1	2	2	4198	90	23	84540	13	6	82	0	0	0	0	0	0	0	0	0	0	0	0	0	0	
1410.092633	8	3	3	0	1	2	2	4199	89	23	84600	13	6	82	0	0	0	0	0	0	0	0	0	0	0	0	0	0	
1411.079033	8	3	3	0	1	2	2	4198	90	23	84660	13	6	82	0	0	0	0	0	0	0	0	0	0	0	0	0	0	
1412.084167	8	3	3	0	1	2	2	4199	90	23	84720	13	6	82	0	0	0	0	0	0	0	0	0	0	0	0	0	0	
1413.089283	8	3	3	0	1	2	2	4198	89	23	84780	13	6	82	0	0	0	0	0	0	0	0	0	0	0	0	0	0	
1414.094400	8	3	3	0	1	2	2	4198	89	23	84841	13	6	82	0	0	0	0	0	0	0	0	0	0	0	0	0	0	
1415.082233	8	3	3	0	1	2	2	4198	87	23	84900	13	6	82	0	0	0	0	0	0	0	0	0	0	0	0	0	0	
1416.087367	8	3	3	0	1	2	2	4198	88	23	84960	13	6	82	0	0	0	0	0	0	0	0	0	0	0	0	0	0	
1417.092483	8	3	3	0	1	2	2	4198	86	23	85020	13	6	82	0	0	0	0	0	0	0	0	0	0	0	0	0	0	
1418.078883	8	3	3	0	1	2	2	4198	85	23	85080	13	6	82	0	0	0	0	0	0	0	0	0	0	0	0	0	0	
1419.084000	8	3	3	0	1	2	2	4199	85	23	85140	13	6	82	0	0	0	0	0	0	0	0	0	0	0	0	0	0	
1420.089117	8	3	3	0	1	2	2	4198	84	23	85200	13	6	82	0	0	0	0	0	0	0	0	0	0	0	0	0	0	
1421.095683	8	3	3	0	1	2	2	4198	84	23	85261	13	6	82	0	0	0	0	0	0	0	0	0	0	0	0	0	0	
1422.082083	8	3	3	0	1	2	2	4199	83	23	85320	13	6	82	0	0	0	0	0	0	0	0	0	0	0	0	0	0	
1423.087200	8	3	3	0	1	2	2	4198	83	23	85380	13	6	82	0	0	0	0	0	0	0	0	0	0	0	0	0	0	
1424.092317	8	3	3	0	1	2	2	4198	83	23	85440	13	6	82	0	0	0	0	0	0	0	0	0	0	0	0	0	0	
1425.078717	8	3	3	0	1	2	2	4199	82	23	85500	13	6	82	0	0	0	0	0	0	0	0	0	0	0	0	0	0	
1426.083833	8	3	3	0	1	2	2	4198	81	23	85560	13	6	82	0	0	0	0	0	0	0	0	0	0	0	0	0	0	
1427.088967	8	3	3	0	1	2	2	4198	80	23	85620	13	6	82	0	0	0	0	0	0	0	0	0	0	0	0	0	0	
1428.094083	8	3	3	0	1	2	2	4198	80	23	85681	13	6	82	0	0	0	0	0	0	0	0	0	0	0	0	0	0	
1429.081917	8	3	3	0	1	2	2	4199	79	23	85740	13	6	82	0	0	0	0	0	0	0	0	0	0	0	0	0	0	
1430.087033	8	3	3	0	1	2	2	4198	79	23	85800	13	6	82	0	0	0	0	0	0	0	0	0	0	0	0	0	0	
1431.092167	8	3	3	0	1	2	2	4198	78	23	85860	13	6	82	0	0	0	0	0	0	0	0	0	0	0	0	0	0	
1432.097283	8	3	3	0	1	2	2	4199	77	23	85921	13	6	82	0	0	0	0	0	0	0	0	0	0	0	0	0	0	
1433.083683	8	3	3	0	1	2	2	4199	76	23	85980	13	6	82	0	0	0	0	0	0	0	0	0	0	0	0	0	0	
1434.090233	8	3	3	0	1	2	2	4199	76	23	86040	13	6	82	0	0	0	0	0	0	0	0	0	0	0	0	0	0	
1435.095367	8	3	3	0	1	2	2	4198	76	23	86101	13	6	82	0	0	0	0	0	0	0	0	0	0	0	0	0	0	
1436.081767	8	3	3	0	1	2	2	4198	75	23	86160	13	6	82	0	0	0	0	0	0	0	0	0	0	0	0	0	0	
1437.089767	8	3	3	0	1	2	2	4199	74	23	86220	13	6	82	0	0	0	0	0	0	0	0	0	0	0	0	0	0	
1438.094883	8	3	3	0	1	2	2	4198	73	23	86281	13	6	82	0	0	0	0	0	0	0	0	0	0	0	0	0	0	
1439.082717	8	3	3	0	1	2	2	4199	74	23	86340	13	6	82	0	0	0	0	0	0	0	0	0	0	0	0	0	0	
1440.087833	8	3	3	0	1	2	2	4199	72	23	86400	13	6	82	0	0	0	0	0	0	0	0	0	0	0	0	0	0	
1441.092967	8	3	3	0	1	2	2	4198	72	23	86460	13	6	82	0	0	0	0	0	0	0	0	0	0	0	0	0	0	
1442.098083	8	3	3	0	1	2	2	4198	73	23	86521	13	6	82	0	0	0	0	0	0	0	0	0	0	0	0	0	0	
1443.084483	8	3	3	0	1	2	2	4199	71	23	86580	13	6	82	0	0	0	0	0	0	0	0	0	0	0	0	0	0	
1444.089600	8	3	3	0	1	2	2	4199	72	23	86640	13	6	82	0	0	0	0	0	0	0	0	0	0	0	0	0	0	
1445.094717	8	3	3	0	1	2	2	4199	71	23	86701	13	6	82	0	0	0	0	0	0	0	0	0	0	0	0	0	0	
1446.082567	8	3	3	0	1	2	2	4198	70	23	86760	13	6	82	0	0	0	0	0	0	0	0	0	0	0	0	0	0	
1447.087683	8	3	3	0	1	2	2	4198	70	23	86820	13	6	82	0	0	0	0	0	0	0	0	0	0	0	0	0	0	
1448.092800	8	3	3	0	1	2	2	4199	70	23	86880	13	6	82	0	0	0	0	0	0	0	0	0	0	0	0	0	0	
1449.097917	8	3	3	0	1	2	2	4198	69	23	86941	13	6	82	0	0	0	0	0	0	0	0	0	0	0	0	0	0	
1450.084317	8	3	3	0	1	2	2	4199	69	23	87000	13	6	82	0	0	0	0	0	0	0	0	0	0	0	0	0	0	
1451.089433	8	3	3	0	1	2	2	4198	68	23	87060	13	6	82	0	0	0	0	0	0	0	0	0	0	0	0	0	0	
1452.096000	8	3	3	0	1	2	2	4199	67	23	87120	13	6	82	0	0	0	0	0	0	0	0	0	0	0	0	0	0	
1453.082400	8	3	3	0	1	2	2	4198	67	23	87180	13	6	82	0	0	0	0	0	0	0	0	0	0	0	0	0	0	
1453.465433	8	6	3	0	2	7	1	3501	-1348	22	87203	13	7	0	0	0	0	0	0	0	0	0	0	0	0	0	0	0	
1454.088967	8	6	3	0	2	7	1	3568	-1350	23	87240	13	7	0	0	0	0	0	0	0	0	0	0	0	0	0	0	0	
1455.094083	8	6	3	0	2	7	1	3405	-1351	23	87300	13	7	2	0	0	0	0	0	0	0	0	0	0	0	0	0	0	
1456.080483	8	6	3	0	2	7	1	3502	-1350	23	87360	13	7	4	0	0	0	0	0	0	0	0	0	0	0	0	0	0	
1457.087033	8	6	3	0	2	7	1	3476	-1350	23	87420	13	7	5	0	0	0	0	0	0	0	0	0	0	0	0	0	0	
1458.092167	8	6	3	0	2	7	1	3504	-1349	23	87480	13	7	7	0	0	0	0	0	0	0	0	0	0	0	0	0	0	
1459.097283	8	6	3	0	2	7	1	3489	-1349	23	87541	13	7	9	0	0	0	0	0	0	0	0	0	0	0	0	0	0	
1460.083683	8	6	3	0	2	7	1	3472	-1350	23	87600	13	7	10	0	0	0	0	0	0	0	0	0	0	0	0	0	0	
1461.088800	8	6	3	0	2	7	1	3457	-1349	23	87660	13	7	12	0	0	0	0	0	0	0	0	0	0	0	0	0	0	
1462.095367	8	6	3	0	2	7	1	3443	-1350	23	87720	13	7	14	0	0	0	0	0	0	0	0	0	0	0	0	0	0	
1463.100483	8	6	3	0	2	7	1	3429	-1350	23	87781	13	7	15	0	0	0	0	0	0	0	0	0	0	0	0	0	0	
1464.086883	8	6	3	0	2	7	1	3416	-1350	23	87840	13	7	17	0	0	0	0	0	0	0	0	0	0	0	0	0	0	
1465.092000	8	6	3	0	2	7	1	3402	-1349	23	87900	13	7	19	0	0	0	0	0	0	0	0	0	0	0	0	0	0	
1466.097117	8	6	3	0	2	7	1	3390	-1349	23	87961	13	7	20	0	0	0	0	0	0	0	0	0	0	0	0	0	0	
1467.083517	8	6	3	0	2	7	1	3377	-1348	23	88020	13	7	22	0	0	0	0	0	0	0	0	0	0	0	0	0	0	
1468.090083	8	6	3	0	2	7	1	3365	-1350	22	88080	13	7	24	0	0	0	0	0	0	0	0	0	0	0	0	0	0	
1469.095200	8	6	3	0	2	7	1	3353	-1350	22	88140	13	7	25	0	0	0	0	0	0	0	0	0	0	0	0	0	0	
1470.100317	8	6	3	0	2	7	1	3341	-1349	23	88201	13	7	27	0	0	0	0	0	0	0	0	0	0	0	0	0	0	
1471.086717	8	6	3	0	2	7	1	3330	-1349	22	88260	13	7	29	0	0	0	0	0	0	0	0	0	0	0	0	0	0	
1472.091833	8	6	3	0	2	7	1	3318	-1350	23	88320	13	7	30	0	0	0	0	0	0	0	0	0	0	0	0	0	0	
1473.098400	8	6	3	0	2	7	1	3307	-1349	22	88381	13	7	32	0	0	0	0	0	0	0	0	0	0	0	0	0	0	
1474.084800	8	6	3	0	2	7	1	3297	-1350	22	88440	13	7	34	0	0	0	0	0	0	0	0	0	0	0	0	0	0	
1475.089917	8	6	3	0	2	7	1	3287	-1350	22	88500	13	7	35	0	0	0	0	0	0	0	0	0	0	0	0	0	0	
1476.095033	8	6	3	0	2	7	1	3277	-1350	23	88560	13	7	37	0	0	0	0	0	0	0	0	0	0	0	0	0	0	
1477.100167	8	6	3	0	2	7	1	3267	-1350	22	88621	13	7	39	0	0	0	0	0	0	0	0	0	0	0	0	0	0	
1478.086567	8	6	3	0	2	7	1	3259	-1349	23	88680	13	7	40	0	0	0	0	0	0	0	0	0	0	0	0	0	0	
1479.093117	8	6	3	0	2	7	1	3249	-1350	22	88740	13	7	42	0	0	0	0	0	0	0	0	0	0	0	0	0	0	
1480.098233	8	6	3	0	2	7	1	3236	-1350	23	88801	13	7	43	0	0	0	0	0	0	0	0	0	0	0	0	0	0	
1481.084633	8	6	3	0	2	7	1	3211	-1350	23	88860	13	7	45	0	0	0	0	0	0	0	0	0	0	0	0	0	0	
1482.089767	8	6	3	0	2	7	1	3206	-1351	23	88920	13	7	47	0	0	0	0	0	0	0	0	0	0	0	0	0	0	
1483.094883	8	6	3	0	2	7	1	3184	-1349	23	88980	13	7	48	0	0	0	0	0	0	0	0	0	0	0	0	0	0	
1484.101433	8	6	3	0	2	7	1	3219	-1350	22	89041	13	7	50	0	0	0	0	0	0	0	0	0	0	0	0	0	0	
1485.087833	8	6	3	0	2	7	1	3227	-1350	23	89100	13	7	52	0	0	0	0	0	0	0	0	0	0	0	0	0	0	
1486.092967	8	6	3	0	2	7	1	3221	-1349	22	89160	13	7	53	0	0	0	0	0	0	0	0	0	0	0	0	0	0	
1487.098083	8	6	3	0	2	7	1	3213	-1350	23	89220	13	7	55	0	0	0	0	0	0	0	0	0	0	0	0	0	0	
1488.084483	8	6	3	0	2	7	1	3199	-1349	23	89280	13	7	57	0	0	0	0	0	0	0	0	0	0	0	0	0	0	
1489.089600	8	6	3	0	2	7	1	3180	-1349	22	89340	13	7	58	0	0	0	0	0	0	0	0	0	0	0	0	0	0	
1490.094717	8	6	3	0	2	7	1	3166	-1350	23	89400	13	7	60	0	0	0	0	0	0	0	0	0	0	0	0	0	0	
1491.101283	8	6	3	0	2	7	1	3152	-1349	22	89461	13	7	62	0	0	0	0	0	0	0	0	0	0	0	0	0	0	
1492.087683	8	6	3	0	2	7	1	3139	-1349	22	89520	13	7	63	0	0	0	0	0	0	0	0	0	0	0	0	0	0	
1493.092800	8	6	3	0	2	7	1	3121	-1349	23	89580	13	7	65	0	0	0	0	0	0	0	0	0	0	0	0	0	0	
1494.097917	8	6	3	0	2	7	1	3098	-1350	22	89640	13	7	67	0	0	0	0	0	0	0	0	0	0	0	0	0	0	
1495.084317	8	6	3	0	2	7	1	3068	-1349	22	89700	13	7	68	0	0	0	0	0	0	0	0	0	0	0	0	0	0	
1496.089433	8	6	3	0	2	7	1	3023	-1349	22	89760	13	7	70	0	0	0	0	0	0	0	0	0	0	0	0	0	0	
1497.096000	8	6	3	0	2	7	1	2950	-1349	23	89820	13	7	71	0	0	0	0	0	0	0	0	0	0	0	0	0	0	
1498.101117	8	6	3	0	2	7	1	2823	-1350	23	89881	13	7	73	0	0	0	0	0	0	0	0	0	0	0	0	0	0	
1498.710233	8	15	3	0	1	31	2	2985	26	23	89917	14	7	74	0	0	0	0	0	0	0	0	0	0	0	0	0	0	
1498.731833	8	3	3	0	1	2	2	3473	678	23	89918	15	7	74	0	0	0	0	0	0	0	0	0	0	0	0	0	0	
1499.090400	8	3	3	0	1	2	2	3645	674	23	89940	15	7	74	0	0	0	0	0	0	0	0	0	0	0	0	0	0	
1500.095517	8	3	3	0	1	2	2	3781	674	23	90000	15	7	74	0	0	0	0	0	0	0	0	0	0	0	0	0	0	
1501.103517	8	3	3	0	1	2	2	3836	674	23	90061	15	7	74	0	0	0	0	0	0	0	0	0	0	0	0	0	0	
1502.089917	8	3	3	0	1	2	2	3873	675	22	90120	15	7	74	0	0	0	0	0	0	0	0	0	0	0	0	0	0	
1503.095033	8	3	3	0	1	2	2	3899	676	22	90180	15	7	74	0	0	0	0	0	0	0	0	0	0	0	0	0	0	
1504.100167	8	3	3	0	1	2	2	3910	674	23	90241	15	7	74	0	0	0	0	0	0	0	0	0	0	0	0	0	0	
1505.086567	8	3	3	0	1	2	2	3924	674	23	90300	15	7	74	0	0	0	0	0	0	0	0	0	0	0	0	0	0	
1506.093117	8	3	3	0	1	2	2	3929	674	22	90360	15	7	74	0	0	0	0	0	0	0	0	0	0	0	0	0	0	
1507.098233	8	3	3	0	1	2	2	3937	675	22	90420	15	7	74	0	0	0	0	0	0	0	0	0	0	0	0	0	0	
1508.103367	8	3	3	0	1	2	2	3942	673	23	90481	15	7	74	0	0	0	0	0	0	0	0	0	0	0	0	0	0	
1509.089767	8	3	3	0	1	2	2	3954	676	23	90540	15	7	74	0	0	0	0	0	0	0	0	0	0	0	0	0	0	
1510.094883	8	3	3	0	1	2	2	3963	674	22	90600	15	7	74	0	0	0	0	0	0	0	0	0	0	0	0	0	0	
1511.100000	8	3	3	0	1	2	2	3970	674	22	90661	15	7	74	0	0	0	0	0	0	0	0	0	0	0	0	0	0	
1512.086400	8	3	3	0	1	2	2	3977	673	22	90720	15	7	74	0	0	0	0	0	0	0	0	0	0	0	0	0	0	
1513.091517	8	3	3	0	1	2	2	3985	674	22	90780	15	7	74	0	0	0	0	0	0	0	0	0	0	0	0	0	0	
1514.099517	8	3	3	0	1	2	2	3995	675	22	90840	15	7	74	0	0	0	0	0	0	0	0	0	0	0	0	0	0	
1515.085917	8	3	3	0	1	2	2	4000	675	22	90900	15	7	74	0	0	0	0	0	0	0	0	0	0	0	0	0	0	
1516.091033	8	3	3	0	1	2	2	4006	674	22	90960	15	7	74	0	0	0	0	0	0	0	0	0	0	0	0	0	0	
1517.096167	8	3	3	0	1	2	2	4012	675	22	91020	15	7	74	0	0	0	0	0	0	0	0	0	0	0	0	0	0	
1518.102717	8	3	3	0	1	2	2	4017	674	22	91081	15	7	74	0	0	0	0	0	0	0	0	0	0	0	0	0	0	
1519.089117	8	3	3	0	1	2	2	4023	675	22	91140	15	7	74	0	0	0	0	0	0	0	0	0	0	0	0	0	0	
1520.094233	8	3	3	0	1	2	2	4027	675	22	91200	15	7	74	0	0	0	0	0	0	0	0	0	0	0	0	0	0	
1521.099367	8	3	3	0	1	2	2	4030	674	22	91260	15	7	74	0	0	0	0	0	0	0	0	0	0	0	0	0	0	
1522.104483	8	3	3	0	1	2	2	4034	675	22	91321	15	7	74	0	0	0	0	0	0	0	0	0	0	0	0	0	0	
1523.090883	8	3	3	0	1	2	2	4037	675	22	91380	15	7	74	0	0	0	0	0	0	0	0	0	0	0	0	0	0	
1524.096000	8	3	3	0	1	2	2	4041	675	22	91440	15	7	74	0	0	0	0	0	0	0	0	0	0	0	0	0	0	
1525.102567	8	3	3	0	1	2	2	4044	675	22	91501	15	7	74	0	0	0	0	0	0	0	0	0	0	0	0	0	0	
1526.088967	8	3	3	0	1	2	2	4046	675	22	91560	15	7	74	0	0	0	0	0	0	0	0	0	0	0	0	0	0	
1527.094083	8	3	3	0	1	2	2	4049	674	22	91620	15	7	74	0	0	0	0	0	0	0	0	0	0	0	0	0	0	
1528.099200	8	3	3	0	1	2	2	4052	676	22	91680	15	7	74	0	0	0	0	0	0	0	0	0	0	0	0	0	0	
1529.104317	8	3	3	0	1	2	2	4055	674	22	91741	15	7	74	0	0	0	0	0	0	0	0	0	0	0	0	0	0	
1530.090717	8	3	3	0	1	2	2	4057	674	22	91800	15	7	74	0	0	0	0	0	0	0	0	0	0	0	0	0	0	
1531.097283	8	3	3	0	1	2	2	4061	675	22	91860	15	7	74	0	0	0	0	0	0	0	0	0	0	0	0	0	0	
1532.102400	8	3	3	0	1	2	2	4064	674	22	91921	15	7	74	0	0	0	0	0	0	0	0	0	0	0	0	0	0	
1533.088800	8	3	3	0	1	2	2	4067	675	22	91980	15	7	74	0	0	0	0	0	0	0	0	0	0	0	0	0	0	
1534.093917	8	3	3	0	1	2	2	4070	673	22	92040	15	7	74	0	0	0	0	0	0	0	0	0	0	0	0	0	0	
1535.099033	8	3	3	0	1	2	2	4074	674	22	92100	15	7	74	0	0	0	0	0	0	0	0	0	0	0	0	0	0	
1536.104167	8	3	3	0	1	2	2	4078	674	22	92161	15	7	74	0	0	0	0	0	0	0	0	0	0	0	0	0	0	
1537.090567	8	3	3	0	1	2	2	4082	675	22	92220	15	7	74	0	0	0	0	0	0	0	0	0	0	0	0	0	0	
1538.097117	8	3	3	0	1	2	2	4085	674	22	92280	15	7	74	0	0	0	0	0	0	0	0	0	0	0	0	0	0	
1539.102233	8	3	3	0	1	2	2	4089	674	22	92340	15	7	74	0	0	0	0	0	0	0	0	0	0	0	0	0	0	
1540.088633	8	3	3	0	1	2	2	4093	674	22	92400	15	7	74	0	0	0	0	0	0	0	0	0	0	0	0	0	0	
1541.095200	8	3	3	0	1	2	2	4097	675	22	92460	15	7	74	0	0	0	0	0	0	0	0	0	0	0	0	0	0	
1542.100317	8	3	3	0	1	2	2	4100	675	22	92520	15	7	74	0	0	0	0	0	0	0	0	0	0	0	0	0	0	
1543.105433	8	3	3	0	1	2	2	4104	675	22	92581	15	7	74	0	0	0	0	0	0	0	0	0	0	0	0	0	0	
1544.091833	8	3	3	0	1	2	2	4108	675	22	92640	15	7	74	0	0	0	0	0	0	0	0	0	0	0	0	0	0	
1545.096967	8	3	3	0	1	2	2	4112	673	22	92700	15	7	74	0	0	0	0	0	0	0	0	0	0	0	0	0	0	
1546.102083	8	3	3	0	1	2	2	4116	676	22	92760	15	7	74	0	0	0	0	0	0	0	0	0	0	0	0	0	0	
1547.088483	8	3	3	0	1	2	2	4116	665	22	92820	15	7	74	0	0	0	0	0	0	0	0	0	0	0	0	0	0	
1548.095033	8	3	3	0	1	2	2	4120	663	22	92880	15	7	74	0	0	0	0	0	0	0	0	0	0	0	0	0	0	
1549.100167	8	3	3	0	1	2	2	4123	663	22	92940	15	7	74	0	0	0	0	0	0	0	0	0	0	0	0	0	0	
1550.105283	8	3	3	0	1	2	2	4127	662	22	93001	15	7	74	0	0	0	0	0	0	0	0	0	0	0	0	0	0	
1551.091683	8	3	3	0	1	2	2	4131	662	22	93060	15	7	74	0	0	0	0	0	0	0	0	0	0	0	0	0	0	
1552.096800	8	3	3	0	1	2	2	4136	662	22	93120	15	7	74	0	0	0	0	0	0	0	0	0	0	0	0	0	0	
1553.101917	8	3	3	0	1	2	2	4140	661	22	93180	15	7	74	0	0	0	0	0	0	0	0	0	0	0	0	0	0	
1554.089767	8	3	3	0	1	2	2	4145	660	22	93240	15	7	74	0	0	0	0	0	0	0	0	0	0	0	0	0	0	
1555.094883	8	3	3	0	1	2	2	4149	660	22	93300	15	7	74	0	0	0	0	0	0	0	0	0	0	0	0	0	0	
1556.100000	8	3	3	0	1	2	2	4154	660	22	93360	15	7	74	0	0	0	0	0	0	0	0	0	0	0	0	0	0	
1557.105117	8	3	3	0	1	2	2	4159	660	22	93421	15	7	74	0	0	0	0	0	0	0	0	0	0	0	0	0	0	
1558.091517	8	3	3	0	1	2	2	4163	658	22	93480	15	7	74	0	0	0	0	0	0	0	0	0	0	0	0	0	0	
1559.096633	8	3	3	0	1	2	2	4168	657	22	93540	15	7	74	0	0	0	0	0	0	0	0	0	0	0	0	0	0	
1560.103200	8	3	3	0	1	2	2	4173	657	22	93600	15	7	74	0	0	0	0	0	0	0	0	0	0	0	0	0	0	
1561.108317	8	3	3	0	1	2	2	4178	656	22	93661	15	7	74	0	0	0	0	0	0	0	0	0	0	0	0	0	0	
1562.094717	8	3	3	0	1	2	2	4183	657	22	93720	15	7	74	0	0	0	0	0	0	0	0	0	0	0	0	0	0	
1563.099833	8	3	3	0	1	2	2	4188	655	22	93780	15	7	74	0	0	0	0	0	0	0	0	0	0	0	0	0	0	
1564.104967	8	3	3	0	1	2	2	4194	654	22	93841	15	7	74	0	0	0	0	0	0	0	0	0	0	0	0	0	0	
1565.091367	8	3	3	0	1	2	2	4199	652	22	93900	15	7	74	0	0	0	0	0	0	0	0	0	0	0	0	0	0	
1566.096483	8	3	3	0	1	2	2	4199	636	22	93960	15	7	74	0	0	0	0	0	0	0	0	0	0	0	0	0	0	
1567.103033	8	3	3	0	1	2	2	4199	622	22	94020	15	7	74	0	0	0	0	0	0	0	0	0	0	0	0	0	0	
1568.108167	8	3	3	0	1	2	2	4199	608	22	94081	15	7	74	0	0	0	0	0	0	0	0	0	0	0	0	0	0	
1569.094567	8	3	3	0	1	2	2	4198	593	22	94140	15	7	74	0	0	0	0	0	0	0	0	0	0	0	0	0	0	
1570.099683	8	3	3	0	1	2	2	4199	575	22	94200	15	7	74	0	0	0	0	0	0	0	0	0	0	0	0	0	0	
1571.104800	8	3	3	0	1	2	2	4199	555	22	94261	15	7	74	0	0	0	0	0	0	0	0	0	0	0	0	0	0	
1572.092633	8	3	3	0	1	2	2	4199	536	22	94320	15	7	74	0	0	0	0	0	0	0	0	0	0	0	0	0	0	
1573.097767	8	3	3	0	1	2	2	4198	524	22	94380	15	7	74	0	0	0	0	0	0	0	0	0	0	0	0	0	0	
1574.102883	8	3	3	0	1	2	2	4199	501	22	94440	15	7	74	0	0	0	0	0	0	0	0	0	0	0	0	0	0	
1575.108000	8	3	3	0	1	2	2	4199	491	22	94501	15	7	74	0	0	0	0	0	0	0	0	0	0	0	0	0	0	
1576.094400	8	3	3	0	1	2	2	4199	477	22	94560	15	7	74	0	0	0	0	0	0	0	0	0	0	0	0	0	0	
1577.103833	8	3	3	0	1	2	2	4198	466	22	94620	15	7	74	0	0	0	0	0	0	0	0	0	0	0	0	0	0	
1578.108967	8	3	3	0	1	2	2	4198	452	22	94681	15	7	74	0	0	0	0	0	0	0	0	0	0	0	0	0	0	
1579.095367	8	3	3	0	1	2	2	4199	440	22	94740	15	7	74	0	0	0	0	0	0	0	0	0	0	0	0	0	0	
1580.100483	8	3	3	0	1	2	2	4198	429	22	94800	15	7	74	0	0	0	0	0	0	0	0	0	0	0	0	0	0	
1581.105600	8	3	3	0	1	2	2	4199	418	22	94861	15	7	74	0	0	0	0	0	0	0	0	0	0	0	0	0	0	
1582.092000	8	3	3	0	1	2	2	4199	405	22	94920	15	7	74	0	0	0	0	0	0	0	0	0	0	0	0	0	0	
1583.097117	8	3	3	0	1	2	2	4198	390	22	94980	15	7	74	0	0	0	0	0	0	0	0	0	0	0	0	0	0	
1584.102233	8	3	3	0	1	2	2	4199	383	22	95040	15	7	74	0	0	0	0	0	0	0	0	0	0	0	0	0	0	
1585.108800	8	3	3	0	1	2	2	4198	377	22	95101	15	7	74	0	0	0	0	0	0	0	0	0	0	0	0	0	0	
1586.096633	8	3	3	0	1	2	2	4199	369	22	95160	15	7	74	0	0	0	0	0	0	0	0	0	0	0	0	0	0	
1587.101767	8	3	3	0	1	2	2	4199	357	22	95220	15	7	74	0	0	0	0	0	0	0	0	0	0	0	0	0	0	
1588.106883	8	3	3	0	1	2	2	4198	344	22	95281	15	7	74	0	0	0	0	0	0	0	0	0	0	0	0	0	0	
1589.094717	8	3	3	0	1	2	2	4198	337	22	95340	15	7	74	0	0	0	0	0	0	0	0	0	0	0	0	0	0	
1590.099833	8	3	3	0	1	2	2	4198	325	22	95400	15	7	74	0	0	0	0	0	0	0	0	0	0	0	0	0	0	
1591.104967	8	3	3	0	1	2	2	4198	310	22	95460	15	7	74	0	0	0	0	0	0	0	0	0	0	0	0	0	0	
1592.110083	8	3	3	0	1	2	2	4198	297	22	95521	15	7	74	0	0	0	0	0	0	0	0	0	0	0	0	0	0	
1593.096483	8	3	3	0	1	2	2	4199	287	22	95580	15	7	74	0	0	0	0	0	0	0	0	0	0	0	0	0	0	
1594.101600	8	3	3	0	1	2	2	4199	278	22	95640	15	7	74	0	0	0	0	0	0	0	0	0	0	0	0	0	0	
1595.108167	8	3	3	0	1	2	2	4199	271	22	95701	15	7	74	0	0	0	0	0	0	0	0	0	0	0	0	0	0	
1596.094567	8	3	3	0	1	2	2	4199	263	22	95760	15	7	74	0	0	0	0	0	0	0	0	0	0	0	0	0	0	
1597.099683	8	3	3	0	1	2	2	4198	255	22	95820	15	7	74	0	0	0	0	0	0	0	0	0	0	0	0	0	0	
1598.104800	8	3	3	0	1	2	2	4199	250	22	95880	15	7	74	0	0	0	0	0	0	0	0	0	0	0	0	0	0	
1599.109917	8	3	3	0	1	2	2	4199	245	22	95941	15	7	74	0	0	0	0	0	0	0	0	0	0	0	0	0	0	
1600.096317	8	3	3	0	1	2	2	4199	238	22	96000	15	7	74	0	0	0	0	0	0	0	0	0	0	0	0	0	0	
1601.102883	8	3	3	0	1	2	2	4198	229	22	96060	15	7	74	0	0	0	0	0	0	0	0	0	0	0	0	0	0	
1602.110883	8	3	3	0	1	2	2	4198	220	22	96121	15	7	74	0	0	0	0	0	0	0	0	0	0	0	0	0	0	
1603.097283	8	3	3	0	1	2	2	4198	212	22	96180	15	7	74	0	0	0	0	0	0	0	0	0	0	0	0	0	0	
1604.102400	8	3	3	0	1	2	2	4198	208	22	96240	15	7	74	0	0	0	0	0	0	0	0	0	0	0	0	0	0	
1605.108967	8	3	3	0	1	2	2	4198	203	22	96301	15	7	74	0	0	0	0	0	0	0	0	0	0	0	0	0	0	
1606.095367	8	3	3	0	1	2	2	4199	198	22	96360	15	7	74	0	0	0	0	0	0	0	0	0	0	0	0	0	0	
1607.100483	8	3	3	0	1	2	2	4199	193	22	96420	15	7	74	0	0	0	0	0	0	0	0	0	0	0	0	0	0	
1608.105600	8	3	3	0	1	2	2	4198	186	22	96480	15	7	74	0	0	0	0	0	0	0	0	0	0	0	0	0	0	
1609.110717	8	3	3	0	1	2	2	4199	182	22	96541	15	7	74	0	0	0	0	0	0	0	0	0	0	0	0	0	0	
1610.097117	8	3	3	0	1	2	2	4199	178	22	96600	15	7	74	0	0	0	0	0	0	0	0	0	0	0	0	0	0	
1611.102233	8	3	3	0	1	2	2	4198	175	22	96660	15	7	74	0	0	0	0	0	0	0	0	0	0	0	0	0	0	
1612.108800	8	3	3	0	1	2	2	4199	170	22	96721	15	7	74	0	0	0	0	0	0	0	0	0	0	0	0	0	0	
1613.095200	8	3	3	0	1	2	2	4198	166	22	96780	15	7	74	0	0	0	0	0	0	0	0	0	0	0	0	0	0	
1614.100317	8	3	3	0	1	2	2	4198	163	22	96840	15	7	74	0	0	0	0	0	0	0	0	0	0	0	0	0	0	
1615.105433	8	3	3	0	1	2	2	4199	160	22	96900	15	7	74	0	0	0	0	0	0	0	0	0	0	0	0	0	0	
1616.110567	8	3	3	0	1	2	2	4198	157	22	96961	15	7	74	0	0	0	0	0	0	0	0	0	0	0	0	0	0	
1617.096967	8	3	3	0	1	2	2	4198	155	22	97020	15	7	74	0	0	0	0	0	0	0	0	0	0	0	0	0	0	
1618.103517	8	3	3	0	1	2	2	4198	152	22	97080	15	7	74	0	0	0	0	0	0	0	0	0	0	0	0	0	0	
1619.108633	8	3	3	0	1	2	2	4199	148	22	97140	15	7	74	0	0	0	0	0	0	0	0	0	0	0	0	0	0	
1620.095033	8	3	3	0	1	2	2	4198	145	22	97200	15	7	74	0	0	0	0	0	0	0	0	0	0	0	0	0	0	
1621.100167	8	3	3	0	1	2	2	4198	141	22	97260	15	7	74	0	0	0	0	0	0	0	0	0	0	0	0	0	0	
1622.105283	8	3	3	0	1	2	2	4199	137	22	97320	15	7	74	0	0	0	0	0	0	0	0	0	0	0	0	0	0	
1623.110400	8	3	3	0	1	2	2	4198	134	22	97381	15	7	74	0	0	0	0	0	0	0	0	0	0	0	0	0	0	
1624.096800	8	3	3	0	1	2	2	4198	130	22	97440	15	7	74	0	0	0	0	0	0	0	0	0	0	0	0	0	0	
1625.103367	8	3	3	0	1	2	2	4198	127	22	97500	15	7	74	0	0	0	0	0	0	0	0	0	0	0	0	0	0	
1626.108483	8	3	3	0	1	2	2	4199	123	22	97560	15	7	74	0	0	0	0	0	0	0	0	0	0	0	0	0	0	
1627.094883	8	3	3	0	1	2	2	4198	120	22	97620	15	7	74	0	0	0	0	0	0	0	0	0	0	0	0	0	0	
1628.100000	8	3	3	0	1	2	2	4199	117	22	97680	15	7	74	0	0	0	0	0	0	0	0	0	0	0	0	0	0	
1629.105117	8	3	3	0	1	2	2	4199	115	22	97740	15	7	74	0	0	0	0	0	0	0	0	0	0	0	0	0	0	
1630.110233	8	3	3	0	1	2	2	4199	113	22	97801	15	7	74	0	0	0	0	0	0	0	0	0	0	0	0	0	0	
1631.098083	8	3	3	0	1	2	2	4199	110	22	97860	15	7	74	0	0	0	0	0	0	0	0	0	0	0	0	0	0	
1632.103200	8	3	3	0	1	2	2	4199	109	22	97920	15	7	74	0	0	0	0	0	0	0	0	0	0	0	0	0	0	
1633.108317	8	3	3	0	1	2	2	4198	105	22	97980	15	7	74	0	0	0	0	0	0	0	0	0	0	0	0	0	0	
1634.113433	8	3	3	0	1	2	2	4198	103	22	98041	15	7	74	0	0	0	0	0	0	0	0	0	0	0	0	0	0	
1635.099833	8	3	3	0	1	2	2	4198	101	22	98100	15	7	74	0	0	0	0	0	0	0	0	0	0	0	0	0	0	
1636.104967	8	3	3	0	1	2	2	4198	100	22	98160	15	7	74	0	0	0	0	0	0	0	0	0	0	0	0	0	0	
1637.111517	8	3	3	0	1	2	2	4198	98	22	98221	15	7	74	0	0	0	0	0	0	0	0	0	0	0	0	0	0	
1638.097917	8	3	3	0	1	2	2	4198	95	22	98280	15	7	74	0	0	0	0	0	0	0	0	0	0	0	0	0	0	
1639.103033	8	3	3	0	1	2	2	4198	95	22	98340	15	7	74	0	0	0	0	0	0	0	0	0	0	0	0	0	0	
1640.108167	8	3	3	0	1	2	2	4198	91	22	98400	15	7	74	0	0	0	0	0	0	0	0	0	0	0	0	0	0	
1641.113283	8	3	3	0	1	2	2	4199	91	22	98461	15	7	74	0	0	0	0	0	0	0	0	0	0	0	0	0	0	
1642.099683	8	3	3	0	1	2	2	4199	88	22	98520	15	7	74	0	0	0	0	0	0	0	0	0	0	0	0	0	0	
1643.106233	8	3	3	0	1	2	2	4198	87	22	98580	15	7	74	0	0	0	0	0	0	0	0	0	0	0	0	0	0	
1644.111367	8	3	3	0	1	2	2	4198	84	22	98641	15	7	74	0	0	0	0	0	0	0	0	0	0	0	0	0	0	
1645.097767	8	3	3	0	1	2	2	4198	82	22	98700	15	7	74	0	0	0	0	0	0	0	0	0	0	0	0	0	0	
1646.102883	8	3	3	0	1	2	2	4199	81	22	98760	15	7	74	0	0	0	0	0	0	0	0	0	0	0	0	0	0	
1647.108000	8	3	3	0	1	2	2	4199	80	22	98820	15	7	74	0	0	0	0	0	0	0	0	0	0	0	0	0	0	
1648.113117	8	3	3	0	1	2	2	4198	79	22	98881	15	7	74	0	0	0	0	0	0	0	0	0	0	0	0	0	0	
1649.100967	8	3	3	0	1	2	2	4199	77	22	98940	15	7	74	0	0	0	0	0	0	0	0	0	0	0	0	0	0	
1650.106083	8	3	3	0	1	2	2	4198	75	22	99000	15	7	74	0	0	0	0	0	0	0	0	0	0	0	0	0	0	
1651.111200	8	3	3	0	1	2	2	4199	74	22	99061	15	7	74	0	0	0	0	0	0	0	0	0	0	0	0	0	0	
1652.097600	8	3	3	0	1	2	2	4198	72	22	99120	15	7	74	0	0	0	0	0	0	0	0	0	0	0	0	0	0	
1653.102717	8	3	3	0	1	2	2	4199	71	22	99180	15	7	74	0	0	0	0	0	0	0	0	0	0	0	0	0	0	
1654.109283	8	3	3	0	1	2	2	4198	68	22	99240	15	7	74	0	0	0	0	0	0	0	0	0	0	0	0	0	0	
1655.114400	8	3	3	0	1	2	2	4198	67	22	99301	15	7	74	0	0	0	0	0	0	0	0	0	0	0	0	0	0	
1655.818567	8	6	3	0	2	7	1	3656	-1070	22	99343	15	8	0	0	0	0	0	0	0	0	0	0	0	0	0	0	0	
1656.102233	8	6	3	0	2	7	1	3624	-1350	22	99360	15	8	0	0	0	0	0	0	0	0	0	0	0	0	0	0	0	
1657.107367	8	6	3	0	2	7	1	3588	-1349	22	99420	15	8	2	0	0	0	0	0	0	0	0	0	0	0	0	0	0	
1658.112483	8	6	3	0	2	7	1	3568	-1349	22	99481	15	8	3	0	0	0	0	0	0	0	0	0	0	0	0	0	0	
1659.098883	8	6	3	0	2	7	1	3554	-1350	22	99540	15	8	5	0	0	0	0	0	0	0	0	0	0	0	0	0	0	
1660.104000	8	6	3	0	2	7	1	3516	-1349	22	99600	15	8	6	0	0	0	0	0	0	0	0	0	0	0	0	0	0	
1661.110567	8	6	3	0	2	7	1	3525	-1350	22	99660	15	8	8	0	0	0	0	0	0	0	0	0	0	0	0	0	0	
1662.115683	8	6	3	0	2	7	1	3512	-1348	22	99721	15	8	10	0	0	0	0	0	0	0	0	0	0	0	0	0	0	
1663.102083	8	6	3	0	2	7	1	3498	-1350	22	99780	15	8	11	0	0	0	0	0	0	0	0	0	0	0	0	0	0	
1664.107200	8	6	3	0	2	7	1	3481	-1350	22	99840	15	8	13	0	0	0	0	0	0	0	0	0	0	0	0	0	0	
1665.113767	8	6	3	0	2	7	1	3462	-1350	22	99901	15	8	15	0	0	0	0	0	0	0	0	0	0	0	0	0	0	
1666.100167	8	6	3	0	2	7	1	3437	-1349	22	99960	15	8	16	0	0	0	0	0	0	0	0	0	0	0	0	0	0	
1667.105283	8	6	3	0	2	7	1	3424	-1350	22	100020	15	8	18	0	0	0	0	0	0	0	0	0	0	0	0	0	0	
1668.110400	8	6	3	0	2	7	1	3293	-1349	22	100080	15	8	20	0	0	0	0	0	0	0	0	0	0	0	0	0	0	
1669.115517	8	6	3	0	2	7	1	3412	-1350	22	100141	15	8	21	0	0	0	0	0	0	0	0	0	0	0	0	0	0	
1670.101917	8	6	3	0	2	7	1	3396	-1349	22	100200	15	8	23	0	0	0	0	0	0	0	0	0	0	0	0	0	0	
1671.108483	8	6	3	0	2	7	1	3381	-1349	22	100260	15	8	25	0	0	0	0	0	0	0	0	0	0	0	0	0	0	
1672.113600	8	6	3	0	2	7	1	3367	-1348	22	100321	15	8	26	0	0	0	0	0	0	0	0	0	0	0	0	0	0	
1673.100000	8	6	3	0	2	7	1	3354	-1350	22	100380	15	8	28	0	0	0	0	0	0	0	0	0	0	0	0	0	0	
1674.105117	8	6	3	0	2	7	1	3341	-1350	22	100440	15	8	30	0	0	0	0	0	0	0	0	0	0	0	0	0	0	
1675.110233	8	6	3	0	2	7	1	3328	-1349	22	100500	15	8	31	0	0	0	0	0	0	0	0	0	0	0	0	0	0	
1676.116800	8	6	3	0	2	7	1	3315	-1350	22	100561	15	8	33	0	0	0	0	0	0	0	0	0	0	0	0	0	0	
1677.103200	8	6	3	0	2	7	1	3303	-1350	22	100620	15	8	35	0	0	0	0	0	0	0	0	0	0	0	0	0	0	
1678.108317	8	6	3	0	2	7	1	3291	-1349	22	100680	15	8	36	0	0	0	0	0	0	0	0	0	0	0	0	0	0	
1679.113433	8	6	3	0	2	7	1	3279	-1351	22	100740	15	8	38	0	0	0	0	0	0	0	0	0	0	0	0	0	0	
1680.099833	8	6	3	0	2	7	1	3265	-1350	22	100800	15	8	40	0	0	0	0	0	0	0	0	0	0	0	0	0	0	
1681.104967	8	6	3	0	2	7	1	3239	-1349	22	100860	15	8	41	0	0	0	0	0	0	0	0	0	0	0	0	0	0	
1682.111517	8	6	3	0	2	7	1	3258	-1349	22	100920	15	8	43	0	0	0	0	0	0	0	0	0	0	0	0	0	0	
1683.116633	8	6	3	0	2	7	1	3235	-1350	22	100981	15	8	45	0	0	0	0	0	0	0	0	0	0	0	0	0	0	
1684.103033	8	6	3	0	2	7	1	3224	-1348	22	101040	15	8	46	0	0	0	0	0	0	0	0	0	0	0	0	0	0	
1685.108167	8	6	3	0	2	7	1	3212	-1351	22	101100	15	8	48	0	0	0	0	0	0	0	0	0	0	0	0	0	0	
1686.113283	8	6	3	0	2	7	1	3197	-1350	22	101160	15	8	50	0	0	0	0	0	0	0	0	0	0	0	0	0	0	
1687.099683	8	6	3	0	2	7	1	3179	-1349	22	101220	15	8	51	0	0	0	0	0	0	0	0	0	0	0	0	0	0	
1688.106233	8	6	3	0	2	7	1	3217	-1349	22	101280	15	8	53	0	0	0	0	0	0	0	0	0	0	0	0	0	0	
1689.111367	8	6	3	0	2	7	1	3207	-1351	22	101340	15	8	55	0	0	0	0	0	0	0	0	0	0	0	0	0	0	
1690.116483	8	6	3	0	2	7	1	3200	-1350	22	101401	15	8	56	0	0	0	0	0	0	0	0	0	0	0	0	0	0	
1691.102883	8	6	3	0	2	7	1	3192	-1350	22	101460	15	8	58	0	0	0	0	0	0	0	0	0	0	0	0	0	0	
1692.108000	8	6	3	0	2	7	1	3184	-1349	22	101520	15	8	60	0	0	0	0	0	0	0	0	0	0	0	0	0	0	
1693.113117	8	6	3	0	2	7	1	3176	-1349	22	101580	15	8	61	0	0	0	0	0	0	0	0	0	0	0	0	0	0	
1694.100967	8	6	3	0	2	7	1	3167	-1350	22	101640	15	8	63	0	0	0	0	0	0	0	0	0	0	0	0	0	0	
1695.106083	8	6	3	0	2	7	1	3158	-1350	22	101700	15	8	65	0	0	0	0	0	0	0	0	0	0	0	0	0	0	
1696.112633	8	6	3	0	2	7	1	3148	-1348	22	101760	15	8	66	0	0	0	0	0	0	0	0	0	0	0	0	0	0	
1697.119200	8	6	3	0	2	7	1	3136	-1349	22	101821	15	8	68	0	0	0	0	0	0	0	0	0	0	0	0	0	0	
1698.105600	8	6	3	0	2	7	1	3122	-1349	22	101880	15	8	70	0	0	0	0	0	0	0	0	0	0	0	0	0	0	
1699.110717	8	6	3	0	2	7	1	3105	-1349	22	101940	15	8	71	0	0	0	0	0	0	0	0	0	0	0	0	0	0	
1700.100000	8	6	3	0	2	7	1	3084	-1348	22	102000	15	8	73	0	0	0	0	0	0	0	0	0	0	0	0	0	0	
1701.106567	8	6	3	0	2	7	1	3054	-1349	22	102060	15	8	74	0	0	0	0	0	0	0	0	0	0	0	0	0	0	
1702.111683	8	6	3	0	2	7	1	3010	-1350	22	102120	15	8	76	0	0	0	0	0	0	0	0	0	0	0	0	0	0	
1703.116800	8	6	3	0	2	7	1	2941	-1349	22	102181	15	8	78	0	0	0	0	0	0	0	0	0	0	0	0	0	0	
1704.103200	8	6	3	0	2	7	1	2823	-1351	22	102240	15	8	79	0	0	0	0	0	0	0	0	0	0	0	0	0	0	
1704.769917	8	15	3	0	1	31	2	3465	623	22	102280	17	8	81	0	0	0	0	0	0	0	0	0	0	0	0	0	0	
1704.790083	8	3	3	0	1	2	2	3520	677	22	102281	17	8	81	0	0	0	0	0	0	0	0	0	0	0	0	0	0	
1705.112633	8	3	3	0	1	2	2	3664	674	22	102300	17	8	81	0	0	0	0	0	0	0	0	0	0	0	0	0	0	
1706.117767	8	3	3	0	1	2	2	3792	675	22	102361	17	8	81	0	0	0	0	0	0	0	0	0	0	0	0	0	0	
1707.104167	8	3	3	0	1	2	2	3844	674	22	102420	17	8	81	0	0	0	0	0	0	0	0	0	0	0	0	0	0	
1708.109283	8	3	3	0	1	2	2	3885	674	22	102480	17	8	81	0	0	0	0	0	0	0	0	0	0	0	0	0	0	
1709.114400	8	3	3	0	1	2	2	3908	674	22	102540	17	8	81	0	0	0	0	0	0	0	0	0	0	0	0	0	0	
1710.100800	8	3	3	0	1	2	2	3920	674	22	102600	17	8	81	0	0	0	0	0	0	0	0	0	0	0	0	0	0	
1711.107367	8	3	3	0	1	2	2	3934	673	22	102660	17	8	81	0	0	0	0	0	0	0	0	0	0	0	0	0	0	
1712.112483	8	3	3	0	1	2	2	3941	674	22	102720	17	8	81	0	0	0	0	0	0	0	0	0	0	0	0	0	0	
1713.117600	8	3	3	0	1	2	2	3949	674	22	102781	17	8	81	0	0	0	0	0	0	0	0	0	0	0	0	0	0	
1714.104000	8	3	3	0	1	2	2	3958	674	22	102840	17	8	81	0	0	0	0	0	0	0	0	0	0	0	0	0	0	
1715.109117	8	3	3	0	1	2	2	3968	675	22	102900	17	8	81	0	0	0	0	0	0	0	0	0	0	0	0	0	0	
1716.115683	8	3	3	0	1	2	2	3976	675	22	102960	17	8	81	0	0	0	0	0	0	0	0	0	0	0	0	0	0	
1717.102083	8	3	3	0	1	2	2	3986	675	22	103020	17	8	81	0	0	0	0	0	0	0	0	0	0	0	0	0	0	
1718.107200	8	3	3	0	1	2	2	3992	675	22	103080	17	8	81	0	0	0	0	0	0	0	0	0	0	0	0	0	0	
1719.112317	8	3	3	0	1	2	2	4004	675	22	103140	17	8	81	0	0	0	0	0	0	0	0	0	0	0	0	0	0	
1720.117433	8	3	3	0	1	2	2	4013	674	22	103201	17	8	81	0	0	0	0	0	0	0	0	0	0	0	0	0	0	
1721.103833	8	3	3	0	1	2	2	4020	675	22	103260	17	8	81	0	0	0	0	0	0	0	0	0	0	0	0	0	0	
1722.108967	8	3	3	0	1	2	2	4026	674	22	103320	17	8	81	0	0	0	0	0	0	0	0	0	0	0	0	0	0	
1723.115517	8	3	3	0	1	2	2	4032	674	22	103380	17	8	81	0	0	0	0	0	0	0	0	0	0	0	0	0	0	
1724.120633	8	3	3	0	1	2	2	4037	674	22	103441	17	8	81	0	0	0	0	0	0	0	0	0	0	0	0	0	0	
1725.107033	8	3	3	0	1	2	2	4041	674	22	103500	17	8	81	0	0	0	0	0	0	0	0	0	0	0	0	0	0	
1726.112167	8	3	3	0	1	2	2	4045	673	22	103560	17	8	81	0	0	0	0	0	0	0	0	0	0	0	0	0	0	
1727.117283	8	3	3	0	1	2	2	4050	675	22	103621	17	8	81	0	0	0	0	0	0	0	0	0	0	0	0	0	0	
1728.105117	8	3	3	0	1	2	2	4053	674	22	103680	17	8	81	0	0	0	0	0	0	0	0	0	0	0	0	0	0	
1729.110233	8	3	3	0	1	2	2	4056	674	22	103740	17	8	81	0	0	0	0	0	0	0	0	0	0	0	0	0	0	
1730.115367	8	3	3	0	1	2	2	4059	674	22	103800	17	8	81	0	0	0	0	0	0	0	0	0	0	0	0	0	0	
1731.120483	8	3	3	0	1	2	2	4062	675	22	103861	17	8	81	0	0	0	0	0	0	0	0	0	0	0	0	0	0	
1732.106883	8	3	3	0	1	2	2	4066	676	22	103920	17	8	81	0	0	0	0	0	0	0	0	0	0	0	0	0	0	
1733.112000	8	3	3	0	1	2	2	4070	674	22	103980	17	8	81	0	0	0	0	0	0	0	0	0	0	0	0	0	0	
1734.118567	8	3	3	0	1	2	2	4073	676	22	104041	17	8	81	0	0	0	0	0	0	0	0	0	0	0	0	0	0	
1735.104967	8	3	3	0	1	2	2	4076	675	22	104100	17	8	81	0	0	0	0	0	0	0	0	0	0	0	0	0	0	
1736.110083	8	3	3	0	1	2	2	4078	674	22	104160	17	8	81	0	0	0	0	0	0	0	0	0	0	0	0	0	0	
1737.115200	8	3	3	0	1	2	2	4081	675	22	104220	17	8	81	0	0	0	0	0	0	0	0	0	0	0	0	0	0	
1738.120317	8	3	3	0	1	2	2	4086	675	22	104281	17	8	81	0	0	0	0	0	0	0	0	0	0	0	0	0	0	
1739.108167	8	3	3	0	1	2	2	4091	675	22	104340	17	8	81	0	0	0	0	0	0	0	0	0	0	0	0	0	0	
1740.114717	8	3	3	0	1	2	2	4095	673	22	104400	17	8	81	0	0	0	0	0	0	0	0	0	0	0	0	0	0	
1741.119833	8	3	3	0	1	2	2	4100	676	22	104461	17	8	81	0	0	0	0	0	0	0	0	0	0	0	0	0	0	
1742.106233	8	3	3	0	1	2	2	4102	675	22	104520	17	8	81	0	0	0	0	0	0	0	0	0	0	0	0	0	0	
1743.111367	8	3	3	0	1	2	2	4106	673	22	104580	17	8	81	0	0	0	0	0	0	0	0	0	0	0	0	0	0	
1744.116483	8	3	3	0	1	2	2	4110	674	22	104640	17	8	81	0	0	0	0	0	0	0	0	0	0	0	0	0	0	
1745.123033	8	3	3	0	1	2	2	4114	674	22	104701	17	8	81	0	0	0	0	0	0	0	0	0	0	0	0	0	0	
1746.109433	8	3	3	0	1	2	2	4117	673	22	104760	17	8	81	0	0	0	0	0	0	0	0	0	0	0	0	0	0	
1747.114567	8	3	3	0	1	2	2	4117	666	22	104820	17	8	81	0	0	0	0	0	0	0	0	0	0	0	0	0	0	
1748.119683	8	3	3	0	1	2	2	4120	663	22	104881	17	8	81	0	0	0	0	0	0	0	0	0	0	0	0	0	0	
1749.106083	8	3	3	0	1	2	2	4124	663	22	104940	17	8	81	0	0	0	0	0	0	0	0	0	0	0	0	0	0	
1750.111200	8	3	3	0	1	2	2	4128	662	22	105000	17	8	81	0	0	0	0	0	0	0	0	0	0	0	0	0	0	
1751.116317	8	3	3	0	1	2	2	4131	661	22	105060	17	8	81	0	0	0	0	0	0	0	0	0	0	0	0	0	0	
1752.122883	8	3	3	0	1	2	2	4135	662	22	105121	17	8	81	0	0	0	0	0	0	0	0	0	0	0	0	0	0	
1753.109283	8	3	3	0	1	2	2	4138	661	22	105180	17	8	81	0	0	0	0	0	0	0	0	0	0	0	0	0	0	
1754.114400	8	3	3	0	1	2	2	4142	661	22	105240	17	8	81	0	0	0	0	0	0	0	0	0	0	0	0	0	0	
1755.119517	8	3	3	0	1	2	2	4146	659	22	105301	17	8	81	0	0	0	0	0	0	0	0	0	0	0	0	0	0	
1756.105917	8	3	3	0	1	2	2	4150	658	22	105360	17	8	81	0	0	0	0	0	0	0	0	0	0	0	0	0	0	
1757.112483	8	3	3	0	1	2	2	4155	659	22	105420	17	8	81	0	0	0	0	0	0	0	0	0	0	0	0	0	0	
1758.117600	8	3	3	0	1	2	2	4160	657	22	105480	17	8	81	0	0	0	0	0	0	0	0	0	0	0	0	0	0	
1759.122717	8	3	3	0	1	2	2	4165	657	22	105541	17	8	81	0	0	0	0	0	0	0	0	0	0	0	0	0	0	
1760.109117	8	3	3	0	1	2	2	4169	656	22	105600	17	8	81	0	0	0	0	0	0	0	0	0	0	0	0	0	0	
1761.114233	8	3	3	0	1	2	2	4174	654	22	105660	17	8	81	0	0	0	0	0	0	0	0	0	0	0	0	0	0	
1762.120800	8	3	3	0	1	2	2	4179	654	22	105721	17	8	81	0	0	0	0	0	0	0	0	0	0	0	0	0	0	
1763.107200	8	3	3	0	1	2	2	4184	653	22	105780	17	8	81	0	0	0	0	0	0	0	0	0	0	0	0	0	0	
1764.112317	8	3	3	0	1	2	2	4189	653	22	105840	17	8	81	0	0	0	0	0	0	0	0	0	0	0	0	0	0	
1765.117433	8	3	3	0	1	2	2	4194	651	22	105900	17	8	81	0	0	0	0	0	0	0	0	0	0	0	0	0	0	
1766.122567	8	3	3	0	1	2	2	4198	648	22	105961	17	8	81	0	0	0	0	0	0	0	0	0	0	0	0	0	0	
1767.108967	8	3	3	0	1	2	2	4199	634	22	106020	17	8	81	0	0	0	0	0	0	0	0	0	0	0	0	0	0	
1768.115517	8	3	3	0	1	2	2	4198	620	22	106080	17	8	81	0	0	0	0	0	0	0	0	0	0	0	0	0	0	
1769.120633	8	3	3	0	1	2	2	4199	604	22	106140	17	8	81	0	0	0	0	0	0	0	0	0	0	0	0	0	0	
1770.107033	8	3	3	0	1	2	2	4199	589	22	106200	17	8	81	0	0	0	0	0	0	0	0	0	0	0	0	0	0	
1771.112167	8	3	3	0	1	2	2	4199	574	22	106260	17	8	81	0	0	0	0	0	0	0	0	0	0	0	0	0	0	
1772.121600	8	3	3	0	1	2	2	4198	553	22	106321	17	8	81	0	0	0	0	0	0	0	0	0	0	0	0	0	0	
1773.108000	8	3	3	0	1	2	2	4198	565	22	106380	17	8	81	0	0	0	0	0	0	0	0	0	0	0	0	0	0	
1774.113117	8	3	3	0	1	2	2	4199	549	22	106440	17	8	81	0	0	0	0	0	0	0	0	0	0	0	0	0	0	
1775.118233	8	3	3	0	1	2	2	4198	513	22	106500	17	8	81	0	0	0	0	0	0	0	0	0	0	0	0	0	0	
1776.123367	8	3	3	0	1	2	2	4198	498	22	106561	17	8	81	0	0	0	0	0	0	0	0	0	0	0	0	0	0	
1777.109767	8	3	3	0	1	2	2	4198	498	22	106620	17	8	81	0	0	0	0	0	0	0	0	0	0	0	0	0	0	
1778.116317	8	3	3	0	1	2	2	4198	481	22	106680	17	8	81	0	0	0	0	0	0	0	0	0	0	0	0	0	0	
1779.121433	8	3	3	0	1	2	2	4198	482	22	106740	17	8	81	0	0	0	0	0	0	0	0	0	0	0	0	0	0	
1780.107833	8	3	3	0	1	2	2	4198	463	22	106800	17	8	81	0	0	0	0	0	0	0	0	0	0	0	0	0	0	
1781.112967	8	3	3	0	1	2	2	4199	449	22	106860	17	8	81	0	0	0	0	0	0	0	0	0	0	0	0	0	0	
1782.118083	8	3	3	0	1	2	2	4199	429	22	106920	17	8	81	0	0	0	0	0	0	0	0	0	0	0	0	0	0	
1783.123200	8	3	3	0	1	2	2	4199	434	22	106981	17	8	81	0	0	0	0	0	0	0	0	0	0	0	0	0	0	
1784.109600	8	3	3	0	1	2	2	4198	417	22	107040	17	8	81	0	0	0	0	0	0	0	0	0	0	0	0	0	0	
1785.116167	8	3	3	0	1	2	2	4199	383	22	107100	17	8	81	0	0	0	0	0	0	0	0	0	0	0	0	0	0	
1786.121283	8	3	3	0	1	2	2	4198	381	22	107160	17	8	81	0	0	0	0	0	0	0	0	0	0	0	0	0	0	
1787.107683	8	3	3	0	1	2	2	4198	358	22	107220	17	8	81	0	0	0	0	0	0	0	0	0	0	0	0	0	0	
1788.112800	8	3	3	0	1	2	2	4199	350	22	107280	17	8	81	0	0	0	0	0	0	0	0	0	0	0	0	0	0	
1789.117917	8	3	3	0	1	2	2	4198	348	22	107340	17	8	81	0	0	0	0	0	0	0	0	0	0	0	0	0	0	
1790.123033	8	3	3	0	1	2	2	4198	349	22	107401	17	8	81	0	0	0	0	0	0	0	0	0	0	0	0	0	0	
1791.110883	8	3	3	0	1	2	2	4199	325	22	107460	17	8	81	0	0	0	0	0	0	0	0	0	0	0	0	0	0	
1792.116000	8	3	3	0	1	2	2	4199	328	22	107520	17	8	81	0	0	0	0	0	0	0	0	0	0	0	0	0	0	
1793.121117	8	3	3	0	1	2	2	4198	319	22	107580	17	8	81	0	0	0	0	0	0	0	0	0	0	0	0	0	0	
1794.107517	8	3	3	0	1	2	2	4199	316	22	107640	17	8	81	0	0	0	0	0	0	0	0	0	0	0	0	0	0	
1795.112633	8	3	3	0	1	2	2	4199	324	22	107700	17	8	81	0	0	0	0	0	0	0	0	0	0	0	0	0	0	
1796.119200	8	3	3	0	1	2	2	4199	320	22	107760	17	8	81	0	0	0	0	0	0	0	0	0	0	0	0	0	0	
1797.124317	8	3	3	0	1	2	2	4199	308	22	107821	17	8	81	0	0	0	0	0	0	0	0	0	0	0	0	0	0	
1798.110717	8	3	3	0	1	2	2	4198	302	22	107880	17	8	81	0	0	0	0	0	0	0	0	0	0	0	0	0	0	
1799.115833	8	3	3	0	1	2	2	4199	303	22	107940	17	8	81	0	0	0	0	0	0	0	0	0	0	0	0	0	0	
1800.120967	8	3	3	0	1	2	2	4198	299	22	108000	17	8	81	0	0	0	0	0	0	0	0	0	0	0	0	0	0	
1801.126083	8	3	3	0	1	2	2	4198	288	22	108061	17	8	81	0	0	0	0	0	0	0	0	0	0	0	0	0	0	
1802.112483	8	3	3	0	1	2	2	4198	273	22	108120	17	8	81	0	0	0	0	0	0	0	0	0	0	0	0	0	0	
1803.119033	8	3	3	0	1	2	2	4198	261	22	108180	17	8	81	0	0	0	0	0	0	0	0	0	0	0	0	0	0	
1804.124167	8	3	3	0	1	2	2	4198	256	22	108241	17	8	81	0	0	0	0	0	0	0	0	0	0	0	0	0	0	
1805.110567	8	3	3	0	1	2	2	4199	254	22	108300	17	8	81	0	0	0	0	0	0	0	0	0	0	0	0	0	0	
1806.115683	8	3	3	0	1	2	2	4198	251	22	108360	17	8	81	0	0	0	0	0	0	0	0	0	0	0	0	0	0	
1807.120800	8	3	3	0	1	2	2	4199	243	22	108420	17	8	81	0	0	0	0	0	0	0	0	0	0	0	0	0	0	
1808.125917	8	3	3	0	1	2	2	4198	232	22	108481	17	8	81	0	0	0	0	0	0	0	0	0	0	0	0	0	0	
1809.113767	8	3	3	0	1	2	2	4198	220	22	108540	17	8	81	0	0	0	0	0	0	0	0	0	0	0	0	0	0	
1810.118883	8	3	3	0	1	2	2	4198	210	22	108600	17	8	81	0	0	0	0	0	0	0	0	0	0	0	0	0	0	
1811.124000	8	3	3	0	1	2	2	4199	199	22	108661	17	8	81	0	0	0	0	0	0	0	0	0	0	0	0	0	0	
1812.110400	8	3	3	0	1	2	2	4198	200	22	108720	17	8	81	0	0	0	0	0	0	0	0	0	0	0	0	0	0	
1813.115517	8	3	3	0	1	2	2	4198	197	22	108780	17	8	81	0	0	0	0	0	0	0	0	0	0	0	0	0	0	
1814.120633	8	3	3	0	1	2	2	4199	197	22	108840	17	8	81	0	0	0	0	0	0	0	0	0	0	0	0	0	0	
1815.127200	8	3	3	0	1	2	2	4199	193	22	108901	17	8	81	0	0	0	0	0	0	0	0	0	0	0	0	0	0	
1816.113600	8	3	3	0	1	2	2	4198	192	22	108960	17	8	81	0	0	0	0	0	0	0	0	0	0	0	0	0	0	
1817.118717	8	3	3	0	1	2	2	4199	189	22	109020	17	8	81	0	0	0	0	0	0	0	0	0	0	0	0	0	0	
1818.123833	8	3	3	0	1	2	2	4198	176	22	109080	17	8	81	0	0	0	0	0	0	0	0	0	0	0	0	0	0	
1819.110233	8	3	3	0	1	2	2	4199	178	22	109140	17	8	81	0	0	0	0	0	0	0	0	0	0	0	0	0	0	
1820.115367	8	3	3	0	1	2	2	4199	178	22	109200	17	8	81	0	0	0	0	0	0	0	0	0	0	0	0	0	0	
1821.121917	8	3	3	0	1	2	2	4199	174	22	109260	17	8	81	0	0	0	0	0	0	0	0	0	0	0	0	0	0	
1822.127033	8	3	3	0	1	2	2	4198	167	22	109321	17	8	81	0	0	0	0	0	0	0	0	0	0	0	0	0	0	
1823.113433	8	3	3	0	1	2	2	4199	163	22	109380	17	8	81	0	0	0	0	0	0	0	0	0	0	0	0	0	0	
1824.118567	8	3	3	0	1	2	2	4199	160	22	109440	17	8	81	0	0	0	0	0	0	0	0	0	0	0	0	0	0	
1825.123683	8	3	3	0	1	2	2	4198	153	22	109500	17	8	81	0	0	0	0	0	0	0	0	0	0	0	0	0	0	
1826.110083	8	3	3	0	1	2	2	4199	145	22	109560	17	8	81	0	0	0	0	0	0	0	0	0	0	0	0	0	0	
1827.119517	8	3	3	0	1	2	2	4198	140	22	109620	17	8	81	0	0	0	0	0	0	0	0	0	0	0	0	0	0	
1828.124633	8	3	3	0	1	2	2	4198	137	22	109680	17	8	81	0	0	0	0	0	0	0	0	0	0	0	0	0	0	
1829.111033	8	3	3	0	1	2	2	4199	135	22	109740	17	8	81	0	0	0	0	0	0	0	0	0	0	0	0	0	0	
1830.116167	8	3	3	0	1	2	2	4198	131	22	109800	17	8	81	0	0	0	0	0	0	0	0	0	0	0	0	0	0	
1831.122717	8	3	3	0	1	2	2	4199	130	22	109860	17	8	81	0	0	0	0	0	0	0	0	0	0	0	0	0	0	
1832.127833	8	3	3	0	1	2	2	4198	130	22	109921	17	8	81	0	0	0	0	0	0	0	0	0	0	0	0	0	0	
1833.114233	8	3	3	0	1	2	2	4199	130	22	109980	17	8	81	0	0	0	0	0	0	0	0	0	0	0	0	0	0	
1834.119367	8	3	3	0	1	2	2	4198	127	22	110040	17	8	81	0	0	0	0	0	0	0	0	0	0	0	0	0	0	
1835.124483	8	3	3	0	1	2	2	4199	122	22	110100	17	8	81	0	0	0	0	0	0	0	0	0	0	0	0	0	0	
1836.110883	8	3	3	0	1	2	2	4199	118	22	110160	17	8	81	0	0	0	0	0	0	0	0	0	0	0	0	0	0	
1837.116000	8	3	3	0	1	2	2	4199	118	22	110220	17	8	81	0	0	0	0	0	0	0	0	0	0	0	0	0	0	
1838.122567	8	3	3	0	1	2	2	4198	119	22	110280	17	8	81	0	0	0	0	0	0	0	0	0	0	0	0	0	0	
1839.127683	8	3	3	0	1	2	2	4199	120	22	110341	17	8	81	0	0	0	0	0	0	0	0	0	0	0	0	0	0	
1840.114083	8	3	3	0	1	2	2	4198	117	22	110400	17	8	81	0	0	0	0	0	0	0	0	0	0	0	0	0	0	
1841.119200	8	3	3	0	1	2	2	4198	115	22	110460	17	8	81	0	0	0	0	0	0	0	0	0	0	0	0	0	0	
1842.124317	8	3	3	0	1	2	2	4198	112	22	110520	17	8	81	0	0	0	0	0	0	0	0	0	0	0	0	0	0	
1843.112167	8	3	3	0	1	2	2	4198	110	21	110580	17	8	81	0	0	0	0	0	0	0	0	0	0	0	0	0	0	
1844.117283	8	3	3	0	1	2	2	4198	108	22	110640	17	8	81	0	0	0	0	0	0	0	0	0	0	0	0	0	0	
1845.122400	8	3	3	0	1	2	2	4198	104	21	110700	17	8	81	0	0	0	0	0	0	0	0	0	0	0	0	0	0	
1846.127517	8	3	3	0	1	2	2	4198	102	21	110761	17	8	81	0	0	0	0	0	0	0	0	0	0	0	0	0	0	
1847.113917	8	3	3	0	1	2	2	4199	98	22	110820	17	8	81	0	0	0	0	0	0	0	0	0	0	0	0	0	0	
1848.120483	8	3	3	0	1	2	2	4198	93	22	110880	17	8	81	0	0	0	0	0	0	0	0	0	0	0	0	0	0	
1849.127033	8	3	3	0	1	2	2	4198	91	21	110940	17	8	81	0	0	0	0	0	0	0	0	0	0	0	0	0	0	
1850.113433	8	3	3	0	1	2	2	4198	89	21	111000	17	8	81	0	0	0	0	0	0	0	0	0	0	0	0	0	0	
1851.118567	8	3	3	0	1	2	2	4199	86	21	111060	17	8	81	0	0	0	0	0	0	0	0	0	0	0	0	0	0	
1852.125117	8	3	3	0	1	2	2	4198	85	21	111120	17	8	81	0	0	0	0	0	0	0	0	0	0	0	0	0	0	
1853.130233	8	3	3	0	1	2	2	4199	83	21	111181	17	8	81	0	0	0	0	0	0	0	0	0	0	0	0	0	0	
1854.116633	8	3	3	0	1	2	2	4198	81	21	111240	17	8	81	0	0	0	0	0	0	0	0	0	0	0	0	0	0	
1855.121767	8	3	3	0	1	2	2	4198	80	21	111300	17	8	81	0	0	0	0	0	0	0	0	0	0	0	0	0	0	
1856.126883	8	3	3	0	1	2	2	4198	79	21	111360	17	8	81	0	0	0	0	0	0	0	0	0	0	0	0	0	0	
1857.113283	8	3	3	0	1	2	2	4198	78	21	111420	17	8	81	0	0	0	0	0	0	0	0	0	0	0	0	0	0	
1858.118400	8	3	3	0	1	2	2	4199	76	21	111480	17	8	81	0	0	0	0	0	0	0	0	0	0	0	0	0	0	
1859.123517	8	3	3	0	1	2	2	4198	75	21	111540	17	8	81	0	0	0	0	0	0	0	0	0	0	0	0	0	0	
1860.130083	8	3	3	0	1	2	2	4198	76	21	111601	17	8	81	0	0	0	0	0	0	0	0	0	0	0	0	0	0	
1861.116483	8	3	3	0	1	2	2	4199	75	21	111660	17	8	81	0	0	0	0	0	0	0	0	0	0	0	0	0	0	
1862.121600	8	3	3	0	1	2	2	4199	75	21	111720	17	8	81	0	0	0	0	0	0	0	0	0	0	0	0	0	0	
1863.126717	8	3	3	0	1	2	2	4199	74	21	111780	17	8	81	0	0	0	0	0	0	0	0	0	0	0	0	0	0	
1864.113117	8	3	3	0	1	2	2	4198	72	21	111840	17	8	81	0	0	0	0	0	0	0	0	0	0	0	0	0	0	
1865.119683	8	3	3	0	1	2	2	4198	70	21	111900	17	8	81	0	0	0	0	0	0	0	0	0	0	0	0	0	0	
1866.124800	8	3	3	0	1	2	2	4198	70	21	111960	17	8	81	0	0	0	0	0	0	0	0	0	0	0	0	0	0	
1867.129917	8	3	3	0	1	2	2	4198	69	21	112021	17	8	81	0	0	0	0	0	0	0	0	0	0	0	0	0	0	
1868.060167	8	6	3	0	2	7	1	3760	-860	21	112076	17	9	0	0	0	0	0	0	0	0	0	0	0	0	0	0	0	
1868.117767	8	6	3	0	2	7	1	3624	-1350	21	112080	17	9	0	0	0	0	0	0	0	0	0	0	0	0	0	0	0	
1869.124317	8	6	3	0	2	7	1	3620	-1350	21	112140	17	9	1	0	0	0	0	0	0	0	0	0	0	0	0	0	0	
1870.129433	8	6	3	0	2	7	1	3573	-1349	21	112201	17	9	3	0	0	0	0	0	0	0	0	0	0	0	0	0	0	
1871.115833	8	6	3	0	2	7	1	3546	-1349	21	112260	17	9	5	0	0	0	0	0	0	0	0	0	0	0	0	0	0	
1872.120967	8	6	3	0	2	7	1	3448	-1350	21	112320	17	9	6	0	0	0	0	0	0	0	0	0	0	0	0	0	0	
1873.126083	8	6	3	0	2	7	1	3516	-1350	21	112380	17	9	8	0	0	0	0	0	0	0	0	0	0	0	0	0	0	
1874.132633	8	6	3	0	2	7	1	3474	-1349	21	112441	17	9	10	0	0	0	0	0	0	0	0	0	0	0	0	0	0	
1875.119033	8	6	3	0	2	7	1	3326	-1349	21	112500	17	9	11	0	0	0	0	0	0	0	0	0	0	0	0	0	0	
1876.124167	8	6	3	0	2	7	1	3472	-1351	21	112560	17	9	13	0	0	0	0	0	0	0	0	0	0	0	0	0	0	
1877.129283	8	6	3	0	2	7	1	3454	-1350	21	112621	17	9	14	0	0	0	0	0	0	0	0	0	0	0	0	0	0	
1878.115683	8	6	3	0	2	7	1	3437	-1349	21	112680	17	9	16	0	0	0	0	0	0	0	0	0	0	0	0	0	0	
1879.120800	8	6	3	0	2	7	1	3421	-1350	21	112740	17	9	18	0	0	0	0	0	0	0	0	0	0	0	0	0	0	
1880.127367	8	6	3	0	2	7	1	3404	-1351	21	112800	17	9	19	0	0	0	0	0	0	0	0	0	0	0	0	0	0	
1881.132483	8	6	3	0	2	7	1	3385	-1350	21	112861	17	9	21	0	0	0	0	0	0	0	0	0	0	0	0	0	0	
1882.118883	8	6	3	0	2	7	1	3340	-1350	21	112920	17	9	23	0	0	0	0	0	0	0	0	0	0	0	0	0	0	
1883.124000	8	6	3	0	2	7	1	3370	-1349	21	112980	17	9	24	0	0	0	0	0	0	0	0	0	0	0	0	0	0	
1884.129117	8	6	3	0	2	7	1	3352	-1350	21	113041	17	9	26	0	0	0	0	0	0	0	0	0	0	0	0	0	0	
1885.115517	8	6	3	0	2	7	1	3337	-1350	21	113100	17	9	28	0	0	0	0	0	0	0	0	0	0	0	0	0	0	
1886.122083	8	6	3	0	2	7	1	3322	-1349	21	113160	17	9	29	0	0	0	0	0	0	0	0	0	0	0	0	0	0	
1887.127200	8	6	3	0	2	7	1	3307	-1349	21	113220	17	9	31	0	0	0	0	0	0	0	0	0	0	0	0	0	0	
1888.132317	8	6	3	0	2	7	1	3293	-1352	21	113281	17	9	33	0	0	0	0	0	0	0	0	0	0	0	0	0	0	
1889.118717	8	6	3	0	2	7	1	3277	-1349	21	113340	17	9	34	0	0	0	0	0	0	0	0	0	0	0	0	0	0	
1890.123833	8	6	3	0	2	7	1	3254	-1349	21	113400	17	9	36	0	0	0	0	0	0	0	0	0	0	0	0	0	0	
1891.130400	8	6	3	0	2	7	1	3271	-1348	21	113460	17	9	38	0	0	0	0	0	0	0	0	0	0	0	0	0	0	
1892.116800	8	6	3	0	2	7	1	3247	-1350	21	113520	17	9	39	0	0	0	0	0	0	0	0	0	0	0	0	0	0	
1893.123367	8	6	3	0	2	7	1	3230	-1350	21	113580	17	9	41	0	0	0	0	0	0	0	0	0	0	0	0	0	0	
1894.128483	8	6	3	0	2	7	1	3214	-1350	21	113640	17	9	43	0	0	0	0	0	0	0	0	0	0	0	0	0	0	
1895.135033	8	6	3	0	2	7	1	3190	-1347	21	113701	17	9	44	0	0	0	0	0	0	0	0	0	0	0	0	0	0	
1896.121433	8	6	3	0	2	7	1	3240	-1350	21	113760	17	9	46	0	0	0	0	0	0	0	0	0	0	0	0	0	0	
1897.126567	8	6	3	0	2	7	1	3234	-1350	21	113820	17	9	48	0	0	0	0	0	0	0	0	0	0	0	0	0	0	
1898.131683	8	6	3	0	2	7	1	3226	-1351	21	113881	17	9	49	0	0	0	0	0	0	0	0	0	0	0	0	0	0	
1899.118083	8	6	3	0	2	7	1	3219	-1350	21	113940	17	9	51	0	0	0	0	0	0	0	0	0	0	0	0	0	0	
1900.123200	8	6	3	0	2	7	1	3212	-1350	21	114000	17	9	53	0	0	0	0	0	0	0	0	0	0	0	0	0	0	
1901.129767	8	6	3	0	2	7	1	3202	-1348	21	114060	17	9	54	0	0	0	0	0	0	0	0	0	0	0	0	0	0	
1902.134883	8	6	3	0	2	7	1	3188	-1348	21	114121	17	9	56	0	0	0	0	0	0	0	0	0	0	0	0	0	0	
1903.121283	8	6	3	0	2	7	1	3179	-1349	21	114180	17	9	57	0	0	0	0	0	0	0	0	0	0	0	0	0	0	
1904.126400	8	6	3	0	2	7	1	3170	-1350	21	114240	17	9	59	0	0	0	0	0	0	0	0	0	0	0	0	0	0	
1905.131517	8	6	3	0	2	7	1	3161	-1349	21	114301	17	9	61	0	0	0	0	0	0	0	0	0	0	0	0	0	0	
1906.117917	8	6	3	0	2	7	1	3152	-1351	21	114360	17	9	62	0	0	0	0	0	0	0	0	0	0	0	0	0	0	
1907.124483	8	6	3	0	2	7	1	3142	-1350	21	114420	17	9	64	0	0	0	0	0	0	0	0	0	0	0	0	0	0	
1908.129600	8	6	3	0	2	7	1	3130	-1349	21	114480	17	9	66	0	0	0	0	0	0	0	0	0	0	0	0	0	0	
1909.134717	8	6	3	0	2	7	1	3118	-1347	21	114541	17	9	67	0	0	0	0	0	0	0	0	0	0	0	0	0	0	
1910.121117	8	6	3	0	2	7	1	3102	-1351	21	114600	17	9	69	0	0	0	0	0	0	0	0	0	0	0	0	0	0	
1911.126233	8	6	3	0	2	7	1	3083	-1348	21	114660	17	9	71	0	0	0	0	0	0	0	0	0	0	0	0	0	0	
1912.132800	8	6	3	0	2	7	1	3059	-1349	21	114721	17	9	72	0	0	0	0	0	0	0	0	0	0	0	0	0	0	
1913.119200	8	6	3	0	2	7	1	3027	-1351	21	114780	17	9	74	0	0	0	0	0	0	0	0	0	0	0	0	0	0	
1914.124317	8	6	3	0	2	7	1	2980	-1349	21	114840	17	9	76	0	0	0	0	0	0	0	0	0	0	0	0	0	0	
1915.129433	8	6	3	0	2	7	1	2904	-1348	21	114900	17	9	77	0	0	0	0	0	0	0	0	0	0	0	0	0	0	
1916.134567	8	6	3	0	2	7	1	2768	-1349	21	114961	17	9	79	0	0	0	0	0	0	0	0	0	0	0	0	0	0	
1916.462883	8	15	3	0	1	31	2	3558	620	21	114980	19	9	80	0	0	0	0	0	0	0	0	0	0	0	0	0	0	
1916.483033	8	3	3	0	1	2	2	3604	676	21	114982	19	9	80	0	0	0	0	0	0	0	0	0	0	0	0	0	0	
1917.125283	8	3	3	0	1	2	2	3759	675	21	115020	19	9	80	0	0	0	0	0	0	0	0	0	0	0	0	0	0	
1918.130400	8	3	3	0	1	2	2	3846	675	21	115080	19	9	80	0	0	0	0	0	0	0	0	0	0	0	0	0	0	
1919.135517	8	3	3	0	1	2	2	3883	675	21	115141	19	9	80	0	0	0	0	0	0	0	0	0	0	0	0	0	0	
1920.121917	8	3	3	0	1	2	2	3913	673	21	115200	19	9	80	0	0	0	0	0	0	0	0	0	0	0	0	0	0	
1921.127033	8	3	3	0	1	2	2	3919	675	21	115260	19	9	80	0	0	0	0	0	0	0	0	0	0	0	0	0	0	
1922.133600	8	3	3	0	1	2	2	3931	675	21	115321	19	9	80	0	0	0	0	0	0	0	0	0	0	0	0	0	0	
1923.120000	8	3	3	0	1	2	2	3942	674	21	115380	19	9	80	0	0	0	0	0	0	0	0	0	0	0	0	0	0	
1924.125117	8	3	3	0	1	2	2	3951	674	21	115440	19	9	80	0	0	0	0	0	0	0	0	0	0	0	0	0	0	
1925.130233	8	3	3	0	1	2	2	3958	673	21	115500	19	9	80	0	0	0	0	0	0	0	0	0	0	0	0	0	0	
1926.135367	8	3	3	0	1	2	2	3964	674	21	115561	19	9	80	0	0	0	0	0	0	0	0	0	0	0	0	0	0	
1927.121767	8	3	3	0	1	2	2	3977	675	21	115620	19	9	80	0	0	0	0	0	0	0	0	0	0	0	0	0	0	
1928.128317	8	3	3	0	1	2	2	3990	674	21	115680	19	9	80	0	0	0	0	0	0	0	0	0	0	0	0	0	0	
1929.133433	8	3	3	0	1	2	2	3992	675	21	115741	19	9	80	0	0	0	0	0	0	0	0	0	0	0	0	0	0	
1930.119833	8	3	3	0	1	2	2	3998	675	21	115800	19	9	80	0	0	0	0	0	0	0	0	0	0	0	0	0	0	
1931.124967	8	3	3	0	1	2	2	4004	675	21	115860	19	9	80	0	0	0	0	0	0	0	0	0	0	0	0	0	0	
1932.130083	8	3	3	0	1	2	2	4013	675	21	115920	19	9	80	0	0	0	0	0	0	0	0	0	0	0	0	0	0	
1933.136633	8	3	3	0	1	2	2	4017	674	21	115981	19	9	80	0	0	0	0	0	0	0	0	0	0	0	0	0	0	
1934.123033	8	3	3	0	1	2	2	4024	675	21	116040	19	9	80	0	0	0	0	0	0	0	0	0	0	0	0	0	0	
1935.128167	8	3	3	0	1	2	2	4030	675	21	116100	19	9	80	0	0	0	0	0	0	0	0	0	0	0	0	0	0	
1936.133283	8	3	3	0	1	2	2	4036	674	21	116160	19	9	80	0	0	0	0	0	0	0	0	0	0	0	0	0	0	
1937.119683	8	3	3	0	1	2	2	4041	675	21	116220	19	9	80	0	0	0	0	0	0	0	0	0	0	0	0	0	0	
1938.126233	8	3	3	0	1	2	2	4042	673	21	116280	19	9	80	0	0	0	0	0	0	0	0	0	0	0	0	0	0	
1939.131367	8	3	3	0	1	2	2	4047	674	21	116340	19	9	80	0	0	0	0	0	0	0	0	0	0	0	0	0	0	
1940.136483	8	3	3	0	1	2	2	4053	675	21	116401	19	9	80	0	0	0	0	0	0	0	0	0	0	0	0	0	0	
1941.122883	8	3	3	0	1	2	2	4057	674	21	116460	19	9	80	0	0	0	0	0	0	0	0	0	0	0	0	0	0	
1942.128000	8	3	3	0	1	2	2	4060	674	21	116520	19	9	80	0	0	0	0	0	0	0	0	0	0	0	0	0	0	
1943.134567	8	3	3	0	1	2	2	4065	675	21	116580	19	9	80	0	0	0	0	0	0	0	0	0	0	0	0	0	0	
1944.120967	8	3	3	0	1	2	2	4069	674	21	116640	19	9	80	0	0	0	0	0	0	0	0	0	0	0	0	0	0	
1945.126083	8	3	3	0	1	2	2	4073	676	21	116700	19	9	80	0	0	0	0	0	0	0	0	0	0	0	0	0	0	
1946.131200	8	3	3	0	1	2	2	4077	674	21	116760	19	9	80	0	0	0	0	0	0	0	0	0	0	0	0	0	0	
1947.136317	8	3	3	0	1	2	2	4080	675	21	116821	19	9	80	0	0	0	0	0	0	0	0	0	0	0	0	0	0	
1948.122717	8	3	3	0	1	2	2	4083	675	21	116880	19	9	80	0	0	0	0	0	0	0	0	0	0	0	0	0	0	
1949.129283	8	3	3	0	1	2	2	4087	676	21	116940	19	9	80	0	0	0	0	0	0	0	0	0	0	0	0	0	0	
1950.134400	8	3	3	0	1	2	2	4090	675	21	117000	19	9	80	0	0	0	0	0	0	0	0	0	0	0	0	0	0	
1951.120800	8	3	3	0	1	2	2	4093	673	21	117060	19	9	80	0	0	0	0	0	0	0	0	0	0	0	0	0	0	
1952.125917	8	3	3	0	1	2	2	4097	674	21	117120	19	9	80	0	0	0	0	0	0	0	0	0	0	0	0	0	0	
1953.131033	8	3	3	0	1	2	2	4101	675	21	117180	19	9	80	0	0	0	0	0	0	0	0	0	0	0	0	0	0	
1954.137600	8	3	3	0	1	2	2	4105	675	21	117241	19	9	80	0	0	0	0	0	0	0	0	0	0	0	0	0	0	
1955.124000	8	3	3	0	1	2	2	4109	675	21	117300	19	9	80	0	0	0	0	0	0	0	0	0	0	0	0	0	0	
1956.129117	8	3	3	0	1	2	2	4112	674	21	117360	19	9	80	0	0	0	0	0	0	0	0	0	0	0	0	0	0	
1957.134233	8	3	3	0	1	2	2	4116	675	21	117420	19	9	80	0	0	0	0	0	0	0	0	0	0	0	0	0	0	
1958.120633	8	3	3	0	1	2	2	4116	668	21	117480	19	9	80	0	0	0	0	0	0	0	0	0	0	0	0	0	0	
1959.125767	8	3	3	0	1	2	2	4119	663	21	117540	19	9	80	0	0	0	0	0	0	0	0	0	0	0	0	0	0	
1960.132317	8	3	3	0	1	2	2	4124	663	21	117600	19	9	80	0	0	0	0	0	0	0	0	0	0	0	0	0	0	
1961.137433	8	3	3	0	1	2	2	4128	662	21	117661	19	9	80	0	0	0	0	0	0	0	0	0	0	0	0	0	0	
1962.123833	8	3	3	0	1	2	2	4132	663	21	117720	19	9	80	0	0	0	0	0	0	0	0	0	0	0	0	0	0	
1963.131833	8	3	3	0	1	2	2	4136	662	21	117780	19	9	80	0	0	0	0	0	0	0	0	0	0	0	0	0	0	
1964.138400	8	3	3	0	1	2	2	4139	661	21	117841	19	9	80	0	0	0	0	0	0	0	0	0	0	0	0	0	0	
1965.124800	8	3	3	0	1	2	2	4143	659	21	117900	19	9	80	0	0	0	0	0	0	0	0	0	0	0	0	0	0	
1966.129917	8	3	3	0	1	2	2	4148	658	21	117960	19	9	80	0	0	0	0	0	0	0	0	0	0	0	0	0	0	
1967.135033	8	3	3	0	1	2	2	4152	657	21	118020	19	9	80	0	0	0	0	0	0	0	0	0	0	0	0	0	0	
1968.125767	8	3	3	0	1	2	2	4157	660	21	118080	19	9	80	0	0	0	0	0	0	0	0	0	0	0	0	0	0	
1969.130883	8	3	3	0	1	2	2	4163	663	21	118140	19	9	80	0	0	0	0	0	0	0	0	0	0	0	0	0	0	
1970.136000	8	3	3	0	1	2	2	4168	664	21	118200	19	9	80	0	0	0	0	0	0	0	0	0	0	0	0	0	0	
1971.122400	8	3	3	0	1	2	2	4173	662	21	118260	19	9	80	0	0	0	0	0	0	0	0	0	0	0	0	0	0	
1972.127517	8	3	3	0	1	2	2	4179	664	21	118320	19	9	80	0	0	0	0	0	0	0	0	0	0	0	0	0	0	
1973.134083	8	3	3	0	1	2	2	4183	662	21	118380	19	9	80	0	0	0	0	0	0	0	0	0	0	0	0	0	0	
1974.139200	8	3	3	0	1	2	2	4188	663	21	118441	19	9	80	0	0	0	0	0	0	0	0	0	0	0	0	0	0	
1975.125600	8	3	3	0	1	2	2	4193	661	21	118500	19	9	80	0	0	0	0	0	0	0	0	0	0	0	0	0	0	
1976.130717	8	3	3	0	1	2	2	4198	662	21	118560	19	9	80	0	0	0	0	0	0	0	0	0	0	0	0	0	0	
1977.137283	8	3	3	0	1	2	2	4199	650	21	118620	19	9	80	0	0	0	0	0	0	0	0	0	0	0	0	0	0	
1978.123683	8	3	3	0	1	2	2	4199	637	21	118680	19	9	80	0	0	0	0	0	0	0	0	0	0	0	0	0	0	
1979.128800	8	3	3	0	1	2	2	4198	623	21	118740	19	9	80	0	0	0	0	0	0	0	0	0	0	0	0	0	0	
1980.133917	8	3	3	0	1	2	2	4199	608	21	118800	19	9	80	0	0	0	0	0	0	0	0	0	0	0	0	0	0	
1981.139033	8	3	3	0	1	2	2	4198	584	21	118861	19	9	80	0	0	0	0	0	0	0	0	0	0	0	0	0	0	
1982.125433	8	3	3	0	1	2	2	4199	567	21	118920	19	9	80	0	0	0	0	0	0	0	0	0	0	0	0	0	0	
1983.132000	8	3	3	0	1	2	2	4198	551	21	118980	19	9	80	0	0	0	0	0	0	0	0	0	0	0	0	0	0	
1984.137117	8	3	3	0	1	2	2	4199	528	21	119040	19	9	80	0	0	0	0	0	0	0	0	0	0	0	0	0	0	
1985.123517	8	3	3	0	1	2	2	4199	516	21	119100	19	9	80	0	0	0	0	0	0	0	0	0	0	0	0	0	0	
1986.128633	8	3	3	0	1	2	2	4199	515	21	119160	19	9	80	0	0	0	0	0	0	0	0	0	0	0	0	0	0	
1987.133767	8	3	3	0	1	2	2	4198	514	21	119220	19	9	80	0	0	0	0	0	0	0	0	0	0	0	0	0	0	
1988.140317	8	3	3	0	1	2	2	4198	506	21	119281	19	9	80	0	0	0	0	0	0	0	0	0	0	0	0	0	0	
1989.126717	8	3	3	0	1	2	2	4198	483	21	119340	19	9	80	0	0	0	0	0	0	0	0	0	0	0	0	0	0	
1990.131833	8	3	3	0	1	2	2	4198	471	21	119400	19	9	80	0	0	0	0	0	0	0	0	0	0	0	0	0	0	
1991.136967	8	3	3	0	1	2	2	4198	458	21	119460	19	9	80	0	0	0	0	0	0	0	0	0	0	0	0	0	0	
1992.123367	8	3	3	0	1	2	2	4198	456	21	119520	19	9	80	0	0	0	0	0	0	0	0	0	0	0	0	0	0	
1993.128483	8	3	3	0	1	2	2	4198	444	21	119580	19	9	80	0	0	0	0	0	0	0	0	0	0	0	0	0	0	
1994.135033	8	3	3	0	1	2	2	4198	423	21	119640	19	9	80	0	0	0	0	0	0	0	0	0	0	0	0	0	0	
1995.140167	8	3	3	0	1	2	2	4198	420	21	119701	19	9	80	0	0	0	0	0	0	0	0	0	0	0	0	0	0	
1996.126567	8	3	3	0	1	2	2	4199	412	21	119760	19	9	80	0	0	0	0	0	0	0	0	0	0	0	0	0	0	
1997.131683	8	3	3	0	1	2	2	4198	411	21	119820	19	9	80	0	0	0	0	0	0	0	0	0	0	0	0	0	0	
1998.136800	8	3	3	0	1	2	2	4198	405	21	119880	19	9	80	0	0	0	0	0	0	0	0	0	0	0	0	0	0	
1999.124633	8	3	3	0	1	2	2	4198	400	21	119940	19	9	80	0	0	0	0	0	0	0	0	0	0	0	0	0	0	
2000.129767	8	3	3	0	1	2	2	4199	393	21	120000	19	9	80	0	0	0	0	0	0	0	0	0	0	0	0	0	0	
2001.134883	8	3	3	0	1	2	2	4199	382	21	120060	19	9	80	0	0	0	0	0	0	0	0	0	0	0	0	0	0	
2002.140000	8	3	3	0	1	2	2	4198	372	21	120121	19	9	80	0	0	0	0	0	0	0	0	0	0	0	0	0	0	
2003.126400	8	3	3	0	1	2	2	4199	349	21	120180	19	9	80	0	0	0	0	0	0	0	0	0	0	0	0	0	0	
2004.132967	8	3	3	0	1	2	2	4199	338	21	120240	19	9	80	0	0	0	0	0	0	0	0	0	0	0	0	0	0	
2005.138083	8	3	3	0	1	2	2	4199	329	21	120300	19	9	80	0	0	0	0	0	0	0	0	0	0	0	0	0	0	
2006.143200	8	3	3	0	1	2	2	4198	319	21	120361	19	9	80	0	0	0	0	0	0	0	0	0	0	0	0	0	0	
2007.129600	8	3	3	0	1	2	2	4199	310	21	120420	19	9	80	0	0	0	0	0	0	0	0	0	0	0	0	0	0	
2008.134717	8	3	3	0	1	2	2	4198	303	21	120480	19	9	80	0	0	0	0	0	0	0	0	0	0	0	0	0	0	
2009.141283	8	3	3	0	1	2	2	4198	296	21	120541	19	9	80	0	0	0	0	0	0	0	0	0	0	0	0	0	0	
2010.127683	8	3	3	0	1	2	2	4199	284	21	120600	19	9	80	0	0	0	0	0	0	0	0	0	0	0	0	0	0	
2011.132800	8	3	3	0	1	2	2	4198	267	21	120660	19	9	80	0	0	0	0	0	0	0	0	0	0	0	0	0	0	
2012.137917	8	3	3	0	1	2	2	4198	252	21	120720	19	9	80	0	0	0	0	0	0	0	0	0	0	0	0	0	0	
2013.143033	8	3	3	0	1	2	2	4198	243	21	120781	19	9	80	0	0	0	0	0	0	0	0	0	0	0	0	0	0	
2014.129433	8	3	3	0	1	2	2	4198	239	21	120840	19	9	80	0	0	0	0	0	0	0	0	0	0	0	0	0	0	
2015.136000	8	3	3	0	1	2	2	4198	238	21	120900	19	9	80	0	0	0	0	0	0	0	0	0	0	0	0	0	0	
2016.141117	8	3	3	0	1	2	2	4199	233	21	120961	19	9	80	0	0	0	0	0	0	0	0	0	0	0	0	0	0	
2017.127517	8	3	3	0	1	2	2	4199	227	21	121020	19	9	80	0	0	0	0	0	0	0	0	0	0	0	0	0	0	
2018.132633	8	3	3	0	1	2	2	4199	219	21	121080	19	9	80	0	0	0	0	0	0	0	0	0	0	0	0	0	0	
2019.137767	8	3	3	0	1	2	2	4198	207	21	121140	19	9	80	0	0	0	0	0	0	0	0	0	0	0	0	0	0	
2020.142883	8	3	3	0	1	2	2	4199	196	21	121201	19	9	80	0	0	0	0	0	0	0	0	0	0	0	0	0	0	
2021.130717	8	3	3	0	1	2	2	4198	194	21	121260	19	9	80	0	0	0	0	0	0	0	0	0	0	0	0	0	0	
2022.135833	8	3	3	0	1	2	2	4198	193	21	121320	19	9	80	0	0	0	0	0	0	0	0	0	0	0	0	0	0	
2023.140967	8	3	3	0	1	2	2	4199	190	21	121381	19	9	80	0	0	0	0	0	0	0	0	0	0	0	0	0	0	
2024.127367	8	3	3	0	1	2	2	4198	192	21	121440	19	9	80	0	0	0	0	0	0	0	0	0	0	0	0	0	0	
2025.132483	8	3	3	0	1	2	2	4199	190	21	121500	19	9	80	0	0	0	0	0	0	0	0	0	0	0	0	0	0	
2026.137600	8	3	3	0	1	2	2	4198	188	21	121560	19	9	80	0	0	0	0	0	0	0	0	0	0	0	0	0	0	
2027.144167	8	3	3	0	1	2	2	4199	184	21	121621	19	9	80	0	0	0	0	0	0	0	0	0	0	0	0	0	0	
2028.130567	8	3	3	0	1	2	2	4199	176	21	121680	19	9	80	0	0	0	0	0	0	0	0	0	0	0	0	0	0	
2029.135683	8	3	3	0	1	2	2	4198	177	21	121740	19	9	80	0	0	0	0	0	0	0	0	0	0	0	0	0	0	
2030.140800	8	3	3	0	1	2	2	4198	173	21	121800	19	9	80	0	0	0	0	0	0	0	0	0	0	0	0	0	0	
2031.127200	8	3	3	0	1	2	2	4198	168	21	121860	19	9	80	0	0	0	0	0	0	0	0	0	0	0	0	0	0	
2032.133767	8	3	3	0	1	2	2	4198	164	21	121920	19	9	80	0	0	0	0	0	0	0	0	0	0	0	0	0	0	
2033.138883	8	3	3	0	1	2	2	4198	160	21	121980	19	9	80	0	0	0	0	0	0	0	0	0	0	0	0	0	0	
2034.144000	8	3	3	0	1	2	2	4198	156	21	122041	19	9	80	0	0	0	0	0	0	0	0	0	0	0	0	0	0	
2035.130400	8	3	3	0	1	2	2	4199	155	21	122100	19	9	80	0	0	0	0	0	0	0	0	0	0	0	0	0	0	
2036.135517	8	3	3	0	1	2	2	4198	154	21	122160	19	9	80	0	0	0	0	0	0	0	0	0	0	0	0	0	0	
2037.142083	8	3	3	0	1	2	2	4198	150	21	122220	19	9	80	0	0	0	0	0	0	0	0	0	0	0	0	0	0	
2038.128483	8	3	3	0	1	2	2	4199	147	21	122280	19	9	80	0	0	0	0	0	0	0	0	0	0	0	0	0	0	
2039.133600	8	3	3	0	1	2	2	4198	146	21	122340	19	9	80	0	0	0	0	0	0	0	0	0	0	0	0	0	0	
2040.138717	8	3	3	0	1	2	2	4198	145	21	122400	19	9	80	0	0	0	0	0	0	0	0	0	0	0	0	0	0	
2041.143833	8	3	3	0	1	2	2	4198	142	21	122461	19	9	80	0	0	0	0	0	0	0	0	0	0	0	0	0	0	
2042.130233	8	3	3	0	1	2	2	4198	139	21	122520	19	9	80	0	0	0	0	0	0	0	0	0	0	0	0	0	0	
2043.136800	8	3	3	0	1	2	2	4198	138	21	122580	19	9	80	0	0	0	0	0	0	0	0	0	0	0	0	0	0	
2044.141917	8	3	3	0	1	2	2	4198	136	21	122640	19	9	80	0	0	0	0	0	0	0	0	0	0	0	0	0	0	
2045.128317	8	3	3	0	1	2	2	4198	133	21	122700	19	9	80	0	0	0	0	0	0	0	0	0	0	0	0	0	0	
2046.133433	8	3	3	0	1	2	2	4199	130	21	122760	19	9	80	0	0	0	0	0	0	0	0	0	0	0	0	0	0	
2047.138567	8	3	3	0	1	2	2	4199	128	21	122820	19	9	80	0	0	0	0	0	0	0	0	0	0	0	0	0	0	
2048.145117	8	3	3	0	1	2	2	4199	124	21	122881	19	9	80	0	0	0	0	0	0	0	0	0	0	0	0	0	0	
2049.131517	8	3	3	0	1	2	2	4199	119	21	122940	19	9	80	0	0	0	0	0	0	0	0	0	0	0	0	0	0	
2050.136633	8	3	3	0	1	2	2	4199	115	21	123000	19	9	80	0	0	0	0	0	0	0	0	0	0	0	0	0	0	
2051.144633	8	3	3	0	1	2	2	4198	112	21	123061	19	9	80	0	0	0	0	0	0	0	0	0	0	0	0	0	0	
2052.132483	8	3	3	0	1	2	2	4198	109	21	123120	19	9	80	0	0	0	0	0	0	0	0	0	0	0	0	0	0	
2053.137600	8	3	3	0	1	2	2	4198	106	21	123180	19	9	80	0	0	0	0	0	0	0	0	0	0	0	0	0	0	
2054.142717	8	3	3	0	1	2	2	4198	102	21	123240	19	9	80	0	0	0	0	0	0	0	0	0	0	0	0	0	0	
2055.129117	8	3	3	0	1	2	2	4199	101	21	123300	19	9	80	0	0	0	0	0	0	0	0	0	0	0	0	0	0	
2056.134233	8	3	3	0	1	2	2	4198	101	21	123360	19	9	80	0	0	0	0	0	0	0	0	0	0	0	0	0	0	
2057.140800	8	3	3	0	1	2	2	4198	98	21	123420	19	9	80	0	0	0	0	0	0	0	0	0	0	0	0	0	0	
2058.145917	8	3	3	0	1	2	2	4198	97	21	123481	19	9	80	0	0	0	0	0	0	0	0	0	0	0	0	0	0	
2059.132317	8	3	3	0	1	2	2	4198	95	21	123540	19	9	80	0	0	0	0	0	0	0	0	0	0	0	0	0	0	
2060.137433	8	3	3	0	1	2	2	4199	94	21	123600	19	9	80	0	0	0	0	0	0	0	0	0	0	0	0	0	0	
2061.142567	8	3	3	0	1	2	2	4198	91	21	123660	19	9	80	0	0	0	0	0	0	0	0	0	0	0	0	0	0	
2062.128967	8	3	3	0	1	2	2	4199	89	21	123720	19	9	80	0	0	0	0	0	0	0	0	0	0	0	0	0	0	
2063.134083	8	3	3	0	1	2	2	4199	87	21	123780	19	9	80	0	0	0	0	0	0	0	0	0	0	0	0	0	0	
2064.140633	8	3	3	0	1	2	2	4199	86	21	123840	19	9	80	0	0	0	0	0	0	0	0	0	0	0	0	0	0	
2065.145767	8	3	3	0	1	2	2	4198	84	21	123901	19	9	80	0	0	0	0	0	0	0	0	0	0	0	0	0	0	
2066.132167	8	3	3	0	1	2	2	4199	83	21	123960	19	9	80	0	0	0	0	0	0	0	0	0	0	0	0	0	0	
2067.137283	8	3	3	0	1	2	2	4198	82	20	124020	19	9	80	0	0	0	0	0	0	0	0	0	0	0	0	0	0	
2068.142400	8	3	3	0	1	2	2	4198	81	21	124080	19	9	80	0	0	0	0	0	0	0	0	0	0	0	0	0	0	
2069.128800	8	3	3	0	1	2	2	4198	79	21	124140	19	9	80	0	0	0	0	0	0	0	0	0	0	0	0	0	0	
2070.135367	8	3	3	0	1	2	2	4198	77	21	124200	19	9	80	0	0	0	0	0	0	0	0	0	0	0	0	0	0	
2071.140483	8	3	3	0	1	2	2	4199	77	21	124260	19	9	80	0	0	0	0	0	0	0	0	0	0	0	0	0	0	
2072.145600	8	3	3	0	1	2	2	4198	76	21	124321	19	9	80	0	0	0	0	0	0	0	0	0	0	0	0	0	0	
2073.132000	8	3	3	0	1	2	2	4198	74	21	124380	19	9	80	0	0	0	0	0	0	0	0	0	0	0	0	0	0	
2074.137117	8	3	3	0	1	2	2	4199	73	21	124440	19	9	80	0	0	0	0	0	0	0	0	0	0	0	0	0	0	
2075.143683	8	3	3	0	1	2	2	4198	72	21	124500	19	9	80	0	0	0	0	0	0	0	0	0	0	0	0	0	0	
2076.148800	8	3	3	0	1	2	2	4199	71	21	124561	19	9	80	0	0	0	0	0	0	0	0	0	0	0	0	0	0	
2077.135200	8	3	3	0	1	2	2	4199	69	21	124620	19	9	80	0	0	0	0	0	0	0	0	0	0	0	0	0	0	
2078.140317	8	3	3	0	1	2	2	4199	68	20	124680	19	9	80	0	0	0	0	0	0	0	0	0	0	0	0	0	0	
2078.562233	8	6	3	0	2	7	1	4075	-223	20	124706	19	10	0	0	0	0	0	0	0	0	0	0	0	0	0	0	0	
2079.148317	8	6	3	0	2	7	1	3644	-1348	21	124741	19	10	0	0	0	0	0	0	0	0	0	0	0	0	0	0	0	
2080.134717	8	6	3	0	2	7	1	3587	-1347	21	124800	19	10	2	0	0	0	0	0	0	0	0	0	0	0	0	0	0	
2081.139833	8	6	3	0	2	7	1	3550	-1351	21	124860	19	10	4	0	0	0	0	0	0	0	0	0	0	0	0	0	0	
2082.144967	8	6	3	0	2	7	1	3534	-1350	21	124920	19	10	5	0	0	0	0	0	0	0	0	0	0	0	0	0	0	
2083.131367	8	6	3	0	2	7	1	3516	-1349	21	124980	19	10	7	0	0	0	0	0	0	0	0	0	0	0	0	0	0	
2084.136483	8	6	3	0	2	7	1	3492	-1351	21	125040	19	10	9	0	0	0	0	0	0	0	0	0	0	0	0	0	0	
2085.143033	8	6	3	0	2	7	1	3472	-1350	21	125100	19	10	10	0	0	0	0	0	0	0	0	0	0	0	0	0	0	
2086.148167	8	6	3	0	2	7	1	3463	-1350	21	125161	19	10	12	0	0	0	0	0	0	0	0	0	0	0	0	0	0	
2087.134567	8	6	3	0	2	7	1	3425	-1351	20	125220	19	10	14	0	0	0	0	0	0	0	0	0	0	0	0	0	0	
2088.139683	8	6	3	0	2	7	1	3465	-1349	21	125280	19	10	15	0	0	0	0	0	0	0	0	0	0	0	0	0	0	
2089.144800	8	6	3	0	2	7	1	3455	-1350	21	125340	19	10	17	0	0	0	0	0	0	0	0	0	0	0	0	0	0	
2090.131200	8	6	3	0	2	7	1	3440	-1350	21	125400	19	10	18	0	0	0	0	0	0	0	0	0	0	0	0	0	0	
2091.137767	8	6	3	0	2	7	1	3425	-1351	21	125460	19	10	20	0	0	0	0	0	0	0	0	0	0	0	0	0	0	
2092.144317	8	6	3	0	2	7	1	3411	-1349	21	125520	19	10	22	0	0	0	0	0	0	0	0	0	0	0	0	0	0	
2093.149433	8	6	3	0	2	7	1	3398	-1351	21	125581	19	10	24	0	0	0	0	0	0	0	0	0	0	0	0	0	0	
2094.135833	8	6	3	0	2	7	1	3384	-1349	21	125640	19	10	25	0	0	0	0	0	0	0	0	0	0	0	0	0	0	
2095.140967	8	6	3	0	2	7	1	3370	-1350	21	125700	19	10	27	0	0	0	0	0	0	0	0	0	0	0	0	0	0	
2096.147517	8	6	3	0	2	7	1	3358	-1351	21	125761	19	10	29	0	0	0	0	0	0	0	0	0	0	0	0	0	0	
2097.133917	8	6	3	0	2	7	1	3345	-1351	21	125820	19	10	30	0	0	0	0	0	0	0	0	0	0	0	0	0	0	
2098.139033	8	6	3	0	2	7	1	3332	-1350	21	125880	19	10	32	0	0	0	0	0	0	0	0	0	0	0	0	0	0	
2099.144167	8	6	3	0	2	7	1	3321	-1350	21	125940	19	10	34	0	0	0	0	0	0	0	0	0	0	0	0	0	0	
2100.149283	8	6	3	0	2	7	1	3310	-1351	21	126001	19	10	35	0	0	0	0	0	0	0	0	0	0	0	0	0	0	
2101.137117	8	6	3	0	2	7	1	3299	-1349	21	126060	19	10	37	0	0	0	0	0	0	0	0	0	0	0	0	0	0	
2102.142233	8	6	3	0	2	7	1	3289	-1349	21	126120	19	10	38	0	0	0	0	0	0	0	0	0	0	0	0	0	0	
2103.147367	8	6	3	0	2	7	1	3280	-1351	21	126181	19	10	40	0	0	0	0	0	0	0	0	0	0	0	0	0	0	
2104.133767	8	6	3	0	2	7	1	3271	-1350	21	126240	19	10	42	0	0	0	0	0	0	0	0	0	0	0	0	0	0	
2105.138883	8	6	3	0	2	7	1	3262	-1350	21	126300	19	10	43	0	0	0	0	0	0	0	0	0	0	0	0	0	0	
2106.145433	8	6	3	0	2	7	1	3255	-1348	21	126360	19	10	45	0	0	0	0	0	0	0	0	0	0	0	0	0	0	
2107.150567	8	6	3	0	2	7	1	3247	-1350	21	126421	19	10	47	0	0	0	0	0	0	0	0	0	0	0	0	0	0	
2108.136967	8	6	3	0	2	7	1	3240	-1350	21	126480	19	10	48	0	0	0	0	0	0	0	0	0	0	0	0	0	0	
2109.142083	8	6	3	0	2	7	1	3233	-1349	21	126540	19	10	50	0	0	0	0	0	0	0	0	0	0	0	0	0	0	
2110.147200	8	6	3	0	2	7	1	3226	-1350	21	126601	19	10	52	0	0	0	0	0	0	0	0	0	0	0	0	0	0	
2111.133600	8	6	3	0	2	7	1	3220	-1350	21	126660	19	10	53	0	0	0	0	0	0	0	0	0	0	0	0	0	0	
2112.141600	8	6	3	0	2	7	1	3213	-1350	21	126720	19	10	55	0	0	0	0	0	0	0	0	0	0	0	0	0	0	
2113.146717	8	6	3	0	2	7	1	3206	-1350	21	126780	19	10	57	0	0	0	0	0	0	0	0	0	0	0	0	0	0	
2114.133117	8	6	3	0	2	7	1	3199	-1350	21	126840	19	10	58	0	0	0	0	0	0	0	0	0	0	0	0	0	0	
2115.138233	8	6	3	0	2	7	1	3192	-1350	21	126900	19	10	60	0	0	0	0	0	0	0	0	0	0	0	0	0	0	
2116.143367	8	6	3	0	2	7	1	3185	-1348	21	126960	19	10	62	0	0	0	0	0	0	0	0	0	0	0	0	0	0	
2117.149917	8	6	3	0	2	7	1	3176	-1350	21	127021	19	10	63	0	0	0	0	0	0	0	0	0	0	0	0	0	0	
2118.136317	8	6	3	0	2	7	1	3168	-1349	21	127080	19	10	65	0	0	0	0	0	0	0	0	0	0	0	0	0	0	
2119.141433	8	6	3	0	2	7	1	3157	-1350	21	127140	19	10	67	0	0	0	0	0	0	0	0	0	0	0	0	0	0	
2120.146567	8	6	3	0	2	7	1	3145	-1350	21	127200	19	10	68	0	0	0	0	0	0	0	0	0	0	0	0	0	0	
2121.151683	8	6	3	0	2	7	1	3129	-1349	21	127261	19	10	70	0	0	0	0	0	0	0	0	0	0	0	0	0	0	
2122.138083	8	6	3	0	2	7	1	3111	-1349	21	127320	19	10	72	0	0	0	0	0	0	0	0	0	0	0	0	0	0	
2123.143200	8	6	3	0	2	7	1	3085	-1350	21	127380	19	10	73	0	0	0	0	0	0	0	0	0	0	0	0	0	0	
2124.149767	8	6	3	0	2	7	1	3048	-1350	21	127441	19	10	75	0	0	0	0	0	0	0	0	0	0	0	0	0	0	
2125.136167	8	6	3	0	2	7	1	2993	-1349	21	127500	19	10	77	0	0	0	0	0	0	0	0	0	0	0	0	0	0	
2126.141283	8	6	3	0	2	7	1	2899	-1349	21	127560	19	10	78	0	0	0	0	0	0	0	0	0	0	0	0	0	0	
2127.146400	8	6	3	0	2	7	1	2719	-1348	21	127620	19	10	80	0	0	0	0	0	0	0	0	0	0	0	0	0	0	
2127.286083	8	15	3	0	1	31	2	3331	308	21	127629	21	10	80	0	0	0	0	0	0	0	0	0	0	0	0	0	0	
2127.306233	8	3	3	0	1	2	2	3499	676	21	127630	21	10	80	0	0	0	0	0	0	0	0	0	0	0	0	0	0	
2128.137117	8	3	3	0	1	2	2	3747	675	21	127680	21	10	80	0	0	0	0	0	0	0	0	0	0	0	0	0	0	
2129.142233	8	3	3	0	1	2	2	3839	675	21	127740	21	10	80	0	0	0	0	0	0	0	0	0	0	0	0	0	0	
2130.147367	8	3	3	0	1	2	2	3889	675	21	127800	21	10	80	0	0	0	0	0	0	0	0	0	0	0	0	0	0	
2131.152483	8	3	3	0	1	2	2	3912	676	21	127861	21	10	80	0	0	0	0	0	0	0	0	0	0	0	0	0	0	
2132.138883	8	3	3	0	1	2	2	3923	673	21	127920	21	10	80	0	0	0	0	0	0	0	0	0	0	0	0	0	0	
2133.144000	8	3	3	0	1	2	2	3934	676	21	127980	21	10	80	0	0	0	0	0	0	0	0	0	0	0	0	0	0	
2134.150567	8	3	3	0	1	2	2	3940	675	21	128041	21	10	80	0	0	0	0	0	0	0	0	0	0	0	0	0	0	
2135.136967	8	3	3	0	1	2	2	3947	674	21	128100	21	10	80	0	0	0	0	0	0	0	0	0	0	0	0	0	0	
2136.142083	8	3	3	0	1	2	2	3957	673	21	128160	21	10	80	0	0	0	0	0	0	0	0	0	0	0	0	0	0	
2137.147200	8	3	3	0	1	2	2	3965	674	21	128220	21	10	80	0	0	0	0	0	0	0	0	0	0	0	0	0	0	
2138.152317	8	3	3	0	1	2	2	3975	675	21	128281	21	10	80	0	0	0	0	0	0	0	0	0	0	0	0	0	0	
2139.138717	8	3	3	0	1	2	2	3980	673	21	128340	21	10	80	0	0	0	0	0	0	0	0	0	0	0	0	0	0	
2140.143833	8	3	3	0	1	2	2	3990	674	21	128400	21	10	80	0	0	0	0	0	0	0	0	0	0	0	0	0	0	
2141.150400	8	3	3	0	1	2	2	3998	673	21	128460	21	10	80	0	0	0	0	0	0	0	0	0	0	0	0	0	0	
2142.136800	8	3	3	0	1	2	2	4002	673	21	128520	21	10	80	0	0	0	0	0	0	0	0	0	0	0	0	0	0	
2143.141917	8	3	3	0	1	2	2	4010	675	21	128580	21	10	80	0	0	0	0	0	0	0	0	0	0	0	0	0	0	
2144.147033	8	3	3	0	1	2	2	4015	675	21	128640	21	10	80	0	0	0	0	0	0	0	0	0	0	0	0	0	0	
2145.152167	8	3	3	0	1	2	2	4020	674	21	128701	21	10	80	0	0	0	0	0	0	0	0	0	0	0	0	0	0	
2146.140000	8	3	3	0	1	2	2	4025	676	21	128760	21	10	80	0	0	0	0	0	0	0	0	0	0	0	0	0	0	
2147.145117	8	3	3	0	1	2	2	4030	674	21	128820	21	10	80	0	0	0	0	0	0	0	0	0	0	0	0	0	0	
2148.150233	8	3	3	0	1	2	2	4034	676	21	128880	21	10	80	0	0	0	0	0	0	0	0	0	0	0	0	0	0	
2149.136633	8	3	3	0	1	2	2	4037	674	21	128940	21	10	80	0	0	0	0	0	0	0	0	0	0	0	0	0	0	
2150.141767	8	3	3	0	1	2	2	4041	674	21	129000	21	10	80	0	0	0	0	0	0	0	0	0	0	0	0	0	0	
2151.146883	8	3	3	0	1	2	2	4046	676	21	129060	21	10	80	0	0	0	0	0	0	0	0	0	0	0	0	0	0	
2152.153433	8	3	3	0	1	2	2	4049	673	21	129121	21	10	80	0	0	0	0	0	0	0	0	0	0	0	0	0	0	
2153.139833	8	3	3	0	1	2	2	4051	673	21	129180	21	10	80	0	0	0	0	0	0	0	0	0	0	0	0	0	0	
2154.144967	8	3	3	0	1	2	2	4055	674	21	129240	21	10	80	0	0	0	0	0	0	0	0	0	0	0	0	0	0	
2155.150083	8	3	3	0	1	2	2	4059	674	21	129300	21	10	80	0	0	0	0	0	0	0	0	0	0	0	0	0	0	
2156.136483	8	3	3	0	1	2	2	4063	675	21	129360	21	10	80	0	0	0	0	0	0	0	0	0	0	0	0	0	0	
2157.141600	8	3	3	0	1	2	2	4066	675	21	129420	21	10	80	0	0	0	0	0	0	0	0	0	0	0	0	0	0	
2158.146717	8	3	3	0	1	2	2	4069	675	21	129480	21	10	80	0	0	0	0	0	0	0	0	0	0	0	0	0	0	
2159.153283	8	3	3	0	1	2	2	4073	676	21	129541	21	10	80	0	0	0	0	0	0	0	0	0	0	0	0	0	0	
2160.139683	8	3	3	0	1	2	2	4076	676	21	129600	21	10	80	0	0	0	0	0	0	0	0	0	0	0	0	0	0	
2161.144800	8	3	3	0	1	2	2	4078	674	21	129660	21	10	80	0	0	0	0	0	0	0	0	0	0	0	0	0	0	
2162.149917	8	3	3	0	1	2	2	4083	676	21	129720	21	10	80	0	0	0	0	0	0	0	0	0	0	0	0	0	0	
2163.136317	8	3	3	0	1	2	2	4085	674	21	129780	21	10	80	0	0	0	0	0	0	0	0	0	0	0	0	0	0	
2164.142883	8	3	3	0	1	2	2	4089	675	21	129840	21	10	80	0	0	0	0	0	0	0	0	0	0	0	0	0	0	
2165.148000	8	3	3	0	1	2	2	4092	673	21	129900	21	10	80	0	0	0	0	0	0	0	0	0	0	0	0	0	0	
2166.137283	8	3	3	0	1	2	2	4096	674	21	129960	21	10	80	0	0	0	0	0	0	0	0	0	0	0	0	0	0	
2167.142400	8	3	3	0	1	2	2	4099	673	21	130020	21	10	80	0	0	0	0	0	0	0	0	0	0	0	0	0	0	
2168.148967	8	3	3	0	1	2	2	4104	676	21	130080	21	10	80	0	0	0	0	0	0	0	0	0	0	0	0	0	0	
2169.154083	8	3	3	0	1	2	2	4106	675	21	130141	21	10	80	0	0	0	0	0	0	0	0	0	0	0	0	0	0	
2170.140483	8	3	3	0	1	2	2	4110	675	21	130200	21	10	80	0	0	0	0	0	0	0	0	0	0	0	0	0	0	
2171.145600	8	3	3	0	1	2	2	4114	674	21	130260	21	10	80	0	0	0	0	0	0	0	0	0	0	0	0	0	0	
2172.150717	8	3	3	0	1	2	2	4116	668	21	130320	21	10	80	0	0	0	0	0	0	0	0	0	0	0	0	0	0	
2173.138567	8	3	3	0	1	2	2	4119	665	21	130380	21	10	80	0	0	0	0	0	0	0	0	0	0	0	0	0	0	
2174.143683	8	3	3	0	1	2	2	4123	663	21	130440	21	10	80	0	0	0	0	0	0	0	0	0	0	0	0	0	0	
2175.148800	8	3	3	0	1	2	2	4127	664	21	130500	21	10	80	0	0	0	0	0	0	0	0	0	0	0	0	0	0	
2176.153917	8	3	3	0	1	2	2	4131	663	21	130561	21	10	80	0	0	0	0	0	0	0	0	0	0	0	0	0	0	
2177.140317	8	3	3	0	1	2	2	4135	663	21	130620	21	10	80	0	0	0	0	0	0	0	0	0	0	0	0	0	0	
2178.145433	8	3	3	0	1	2	2	4139	662	21	130680	21	10	80	0	0	0	0	0	0	0	0	0	0	0	0	0	0	
2179.152000	8	3	3	0	1	2	2	4143	661	21	130740	21	10	80	0	0	0	0	0	0	0	0	0	0	0	0	0	0	
2180.138400	8	3	3	0	1	2	2	4147	661	21	130800	21	10	80	0	0	0	0	0	0	0	0	0	0	0	0	0	0	
2181.143517	8	3	3	0	1	2	2	4151	660	21	130860	21	10	80	0	0	0	0	0	0	0	0	0	0	0	0	0	0	
2182.148633	8	3	3	0	1	2	2	4155	659	21	130920	21	10	80	0	0	0	0	0	0	0	0	0	0	0	0	0	0	
2183.153767	8	3	3	0	1	2	2	4160	659	21	130981	21	10	80	0	0	0	0	0	0	0	0	0	0	0	0	0	0	
2184.141600	8	3	3	0	1	2	2	4165	658	21	131040	21	10	80	0	0	0	0	0	0	0	0	0	0	0	0	0	0	
2185.146717	8	3	3	0	1	2	2	4169	658	21	131100	21	10	80	0	0	0	0	0	0	0	0	0	0	0	0	0	0	
2186.151833	8	3	3	0	1	2	2	4174	657	21	131160	21	10	80	0	0	0	0	0	0	0	0	0	0	0	0	0	0	
2187.156967	8	3	3	0	1	2	2	4179	656	21	131221	21	10	80	0	0	0	0	0	0	0	0	0	0	0	0	0	0	
2188.143367	8	3	3	0	1	2	2	4183	656	21	131280	21	10	80	0	0	0	0	0	0	0	0	0	0	0	0	0	0	
2189.151367	8	3	3	0	1	2	2	4188	655	21	131340	21	10	80	0	0	0	0	0	0	0	0	0	0	0	0	0	0	
2190.156483	8	3	3	0	1	2	2	4193	654	21	131401	21	10	80	0	0	0	0	0	0	0	0	0	0	0	0	0	0	
2191.142883	8	3	3	0	1	2	2	4199	653	21	131460	21	10	80	0	0	0	0	0	0	0	0	0	0	0	0	0	0	
2192.148000	8	3	3	0	1	2	2	4199	639	21	131520	21	10	80	0	0	0	0	0	0	0	0	0	0	0	0	0	0	
2193.154567	8	3	3	0	1	2	2	4198	624	21	131580	21	10	80	0	0	0	0	0	0	0	0	0	0	0	0	0	0	
2194.140967	8	3	3	0	1	2	2	4199	610	21	131640	21	10	80	0	0	0	0	0	0	0	0	0	0	0	0	0	0	
2195.146083	8	3	3	0	1	2	2	4198	595	21	131700	21	10	80	0	0	0	0	0	0	0	0	0	0	0	0	0	0	
2196.151200	8	3	3	0	1	2	2	4198	579	21	131760	21	10	80	0	0	0	0	0	0	0	0	0	0	0	0	0	0	
2197.156317	8	3	3	0	1	2	2	4198	565	21	131821	21	10	80	0	0	0	0	0	0	0	0	0	0	0	0	0	0	
2198.142717	8	3	3	0	1	2	2	4199	550	21	131880	21	10	80	0	0	0	0	0	0	0	0	0	0	0	0	0	0	
2199.147833	8	3	3	0	1	2	2	4198	540	21	131940	21	10	80	0	0	0	0	0	0	0	0	0	0	0	0	0	0	
2200.152967	8	3	3	0	1	2	2	4198	522	21	132000	21	10	80	0	0	0	0	0	0	0	0	0	0	0	0	0	0	
2201.140800	8	3	3	0	1	2	2	4198	515	21	132060	21	10	80	0	0	0	0	0	0	0	0	0	0	0	0	0	0	
2202.145917	8	3	3	0	1	2	2	4198	503	21	132120	21	10	80	0	0	0	0	0	0	0	0	0	0	0	0	0	0	
2203.151033	8	3	3	0	1	2	2	4198	490	21	132180	21	10	80	0	0	0	0	0	0	0	0	0	0	0	0	0	0	
2204.156167	8	3	3	0	1	2	2	4199	478	21	132241	21	10	80	0	0	0	0	0	0	0	0	0	0	0	0	0	0	
2205.142567	8	3	3	0	1	2	2	4199	470	21	132300	21	10	80	0	0	0	0	0	0	0	0	0	0	0	0	0	0	
2206.149117	8	3	3	0	1	2	2	4199	455	21	132360	21	10	80	0	0	0	0	0	0	0	0	0	0	0	0	0	0	
2207.154233	8	3	3	0	1	2	2	4199	446	21	132420	21	10	80	0	0	0	0	0	0	0	0	0	0	0	0	0	0	
2208.140633	8	3	3	0	1	2	2	4199	438	21	132480	21	10	80	0	0	0	0	0	0	0	0	0	0	0	0	0	0	
2209.145767	8	3	3	0	1	2	2	4199	426	21	132540	21	10	80	0	0	0	0	0	0	0	0	0	0	0	0	0	0	
2210.150883	8	3	3	0	1	2	2	4198	413	21	132600	21	10	80	0	0	0	0	0	0	0	0	0	0	0	0	0	0	
2211.156000	8	3	3	0	1	2	2	4199	398	21	132661	21	10	80	0	0	0	0	0	0	0	0	0	0	0	0	0	0	
2212.143833	8	3	3	0	1	2	2	4199	386	21	132720	21	10	80	0	0	0	0	0	0	0	0	0	0	0	0	0	0	
2213.148967	8	3	3	0	1	2	2	4199	375	21	132780	21	10	80	0	0	0	0	0	0	0	0	0	0	0	0	0	0	
2214.154083	8	3	3	0	1	2	2	4199	363	21	132840	21	10	80	0	0	0	0	0	0	0	0	0	0	0	0	0	0	
2215.159200	8	3	3	0	1	2	2	4199	356	21	132901	21	10	80	0	0	0	0	0	0	0	0	0	0	0	0	0	0	
2216.145600	8	3	3	0	1	2	2	4198	349	21	132960	21	10	80	0	0	0	0	0	0	0	0	0	0	0	0	0	0	
2217.150717	8	3	3	0	1	2	2	4198	341	21	133020	21	10	80	0	0	0	0	0	0	0	0	0	0	0	0	0	0	
2218.155833	8	3	3	0	1	2	2	4199	332	21	133081	21	10	80	0	0	0	0	0	0	0	0	0	0	0	0	0	0	
2219.143683	8	3	3	0	1	2	2	4199	323	21	133140	21	10	80	0	0	0	0	0	0	0	0	0	0	0	0	0	0	
2220.148800	8	3	3	0	1	2	2	4198	316	21	133200	21	10	80	0	0	0	0	0	0	0	0	0	0	0	0	0	0	
2221.153917	8	3	3	0	1	2	2	4199	307	21	133260	21	10	80	0	0	0	0	0	0	0	0	0	0	0	0	0	0	
2222.159033	8	3	3	0	1	2	2	4198	301	21	133321	21	10	80	0	0	0	0	0	0	0	0	0	0	0	0	0	0	
2223.145433	8	3	3	0	1	2	2	4198	292	21	133380	21	10	80	0	0	0	0	0	0	0	0	0	0	0	0	0	0	
2224.152000	8	3	3	0	1	2	2	4198	284	21	133440	21	10	80	0	0	0	0	0	0	0	0	0	0	0	0	0	0	
2225.160000	8	3	3	0	1	2	2	4198	274	21	133501	21	10	80	0	0	0	0	0	0	0	0	0	0	0	0	0	0	
2226.146400	8	3	3	0	1	2	2	4198	266	21	133560	21	10	80	0	0	0	0	0	0	0	0	0	0	0	0	0	0	
2227.151517	8	3	3	0	1	2	2	4198	259	21	133620	21	10	80	0	0	0	0	0	0	0	0	0	0	0	0	0	0	
2228.156633	8	3	3	0	1	2	2	4199	252	21	133681	21	10	80	0	0	0	0	0	0	0	0	0	0	0	0	0	0	
2229.144483	8	3	3	0	1	2	2	4198	248	21	133740	21	10	80	0	0	0	0	0	0	0	0	0	0	0	0	0	0	
2230.149600	8	3	3	0	1	2	2	4198	242	21	133800	21	10	80	0	0	0	0	0	0	0	0	0	0	0	0	0	0	
2231.154717	8	3	3	0	1	2	2	4198	236	21	133860	21	10	80	0	0	0	0	0	0	0	0	0	0	0	0	0	0	
2232.159833	8	3	3	0	1	2	2	4199	229	21	133921	21	10	80	0	0	0	0	0	0	0	0	0	0	0	0	0	0	
2233.146233	8	3	3	0	1	2	2	4199	224	21	133980	21	10	80	0	0	0	0	0	0	0	0	0	0	0	0	0	0	
2234.152800	8	3	3	0	1	2	2	4198	217	21	134040	21	10	80	0	0	0	0	0	0	0	0	0	0	0	0	0	0	
2235.157917	8	3	3	0	1	2	2	4198	211	21	134101	21	10	80	0	0	0	0	0	0	0	0	0	0	0	0	0	0	
2236.144317	8	3	3	0	1	2	2	4199	206	21	134160	21	10	80	0	0	0	0	0	0	0	0	0	0	0	0	0	0	
2237.149433	8	3	3	0	1	2	2	4199	200	21	134220	21	10	80	0	0	0	0	0	0	0	0	0	0	0	0	0	0	
2238.154567	8	3	3	0	1	2	2	4199	195	21	134280	21	10	80	0	0	0	0	0	0	0	0	0	0	0	0	0	0	
2239.161117	8	3	3	0	1	2	2	4199	191	21	134341	21	10	80	0	0	0	0	0	0	0	0	0	0	0	0	0	0	
2240.147517	8	3	3	0	1	2	2	4198	185	21	134400	21	10	80	0	0	0	0	0	0	0	0	0	0	0	0	0	0	
2241.152633	8	3	3	0	1	2	2	4198	181	21	134460	21	10	80	0	0	0	0	0	0	0	0	0	0	0	0	0	0	
2242.157767	8	3	3	0	1	2	2	4198	176	21	134520	21	10	80	0	0	0	0	0	0	0	0	0	0	0	0	0	0	
2243.144167	8	3	3	0	1	2	2	4198	171	21	134580	21	10	80	0	0	0	0	0	0	0	0	0	0	0	0	0	0	
2244.149283	8	3	3	0	1	2	2	4199	166	21	134640	21	10	80	0	0	0	0	0	0	0	0	0	0	0	0	0	0	
2245.154400	8	3	3	0	1	2	2	4198	162	21	134700	21	10	80	0	0	0	0	0	0	0	0	0	0	0	0	0	0	
2246.160967	8	3	3	0	1	2	2	4199	158	21	134761	21	10	80	0	0	0	0	0	0	0	0	0	0	0	0	0	0	
2247.147367	8	3	3	0	1	2	2	4198	153	21	134820	21	10	80	0	0	0	0	0	0	0	0	0	0	0	0	0	0	
2248.152483	8	3	3	0	1	2	2	4198	149	21	134880	21	10	80	0	0	0	0	0	0	0	0	0	0	0	0	0	0	
2249.157600	8	3	3	0	1	2	2	4199	145	21	134940	21	10	80	0	0	0	0	0	0	0	0	0	0	0	0	0	0	
2250.144000	8	3	3	0	1	2	2	4199	141	21	135000	21	10	80	0	0	0	0	0	0	0	0	0	0	0	0	0	0	
2251.149117	8	3	3	0	1	2	2	4199	137	21	135060	21	10	80	0	0	0	0	0	0	0	0	0	0	0	0	0	0	
2252.155683	8	3	3	0	1	2	2	4199	134	21	135120	21	10	80	0	0	0	0	0	0	0	0	0	0	0	0	0	0	
2253.160800	8	3	3	0	1	2	2	4199	130	21	135181	21	10	80	0	0	0	0	0	0	0	0	0	0	0	0	0	0	
2254.147200	8	3	3	0	1	2	2	4199	127	21	135240	21	10	80	0	0	0	0	0	0	0	0	0	0	0	0	0	0	
2255.152317	8	3	3	0	1	2	2	4199	124	21	135300	21	10	80	0	0	0	0	0	0	0	0	0	0	0	0	0	0	
2256.157433	8	3	3	0	1	2	2	4199	121	21	135360	21	10	80	0	0	0	0	0	0	0	0	0	0	0	0	0	0	
2257.143833	8	3	3	0	1	2	2	4199	117	21	135420	21	10	80	0	0	0	0	0	0	0	0	0	0	0	0	0	0	
2258.150400	8	3	3	0	1	2	2	4199	115	21	135480	21	10	80	0	0	0	0	0	0	0	0	0	0	0	0	0	0	
2259.155517	8	3	3	0	1	2	2	4198	112	21	135540	21	10	80	0	0	0	0	0	0	0	0	0	0	0	0	0	0	
2260.160633	8	3	3	0	1	2	2	4198	110	21	135601	21	10	80	0	0	0	0	0	0	0	0	0	0	0	0	0	0	
2261.147033	8	3	3	0	1	2	2	4199	107	21	135660	21	10	80	0	0	0	0	0	0	0	0	0	0	0	0	0	0	
2262.152167	8	3	3	0	1	2	2	4198	106	21	135720	21	10	80	0	0	0	0	0	0	0	0	0	0	0	0	0	0	
2263.158717	8	3	3	0	1	2	2	4198	102	21	135780	21	10	80	0	0	0	0	0	0	0	0	0	0	0	0	0	0	
2264.145117	8	3	3	0	1	2	2	4198	100	21	135840	21	10	80	0	0	0	0	0	0	0	0	0	0	0	0	0	0	
2265.150233	8	3	3	0	1	2	2	4198	98	21	135900	21	10	80	0	0	0	0	0	0	0	0	0	0	0	0	0	0	
2266.155367	8	3	3	0	1	2	2	4198	95	21	135960	21	10	80	0	0	0	0	0	0	0	0	0	0	0	0	0	0	
2267.160483	8	3	3	0	1	2	2	4198	93	21	136021	21	10	80	0	0	0	0	0	0	0	0	0	0	0	0	0	0	
2268.148317	8	3	3	0	1	2	2	4198	91	21	136080	21	10	80	0	0	0	0	0	0	0	0	0	0	0	0	0	0	
2269.153433	8	3	3	0	1	2	2	4198	89	21	136140	21	10	80	0	0	0	0	0	0	0	0	0	0	0	0	0	0	
2270.158567	8	3	3	0	1	2	2	4198	86	21	136200	21	10	80	0	0	0	0	0	0	0	0	0	0	0	0	0	0	
2271.163683	8	3	3	0	1	2	2	4198	85	21	136261	21	10	80	0	0	0	0	0	0	0	0	0	0	0	0	0	0	
2272.150083	8	3	3	0	1	2	2	4198	83	21	136320	21	10	80	0	0	0	0	0	0	0	0	0	0	0	0	0	0	
2273.155200	8	3	3	0	1	2	2	4198	81	21	136380	21	10	80	0	0	0	0	0	0	0	0	0	0	0	0	0	0	
2274.160317	8	3	3	0	1	2	2	4199	79	21	136441	21	10	80	0	0	0	0	0	0	0	0	0	0	0	0	0	0	
2275.148167	8	3	3	0	1	2	2	4199	77	21	136500	21	10	80	0	0	0	0	0	0	0	0	0	0	0	0	0	0	
2276.156167	8	3	3	0	1	2	2	4198	75	21	136560	21	10	80	0	0	0	0	0	0	0	0	0	0	0	0	0	0	
2277.161283	8	3	3	0	1	2	2	4198	73	21	136621	21	10	80	0	0	0	0	0	0	0	0	0	0	0	0	0	0	
2278.149117	8	3	3	0	1	2	2	4199	72	21	136680	21	10	80	0	0	0	0	0	0	0	0	0	0	0	0	0	0	
2279.154233	8	3	3	0	1	2	2	4198	70	21	136740	21	10	80	0	0	0	0	0	0	0	0	0	0	0	0	0	0	
2280.159367	8	3	3	0	1	2	2	4198	68	21	136800	21	10	80	0	0	0	0	0	0	0	0	0	0	0	0	0	0	
2280.807367	8	6	3	0	2	7	1	3659	-1350	21	136839	21	11	0	0	0	0	0	0	0	0	0	0	0	0	0	0	0	
2281.147200	8	6	3	0	2	7	1	3651	-1349	21	136860	21	11	0	0	0	0	0	0	0	0	0	0	0	0	0	0	0	
2282.153767	8	6	3	0	2	7	1	3612	-1349	21	136920	21	11	2	0	0	0	0	0	0	0	0	0	0	0	0	0	0	
2283.158883	8	6	3	0	2	7	1	3577	-1349	21	136980	21	11	3	0	0	0	0	0	0	0	0	0	0	0	0	0	0	
2284.164000	8	6	3	0	2	7	1	3562	-1349	21	137041	21	11	5	0	0	0	0	0	0	0	0	0	0	0	0	0	0	
2285.150400	8	6	3	0	2	7	1	3549	-1349	21	137100	21	11	7	0	0	0	0	0	0	0	0	0	0	0	0	0	0	
2286.155517	8	6	3	0	2	7	1	3520	-1350	21	137160	21	11	8	0	0	0	0	0	0	0	0	0	0	0	0	0	0	
2287.163517	8	6	3	0	2	7	1	3513	-1349	21	137221	21	11	10	0	0	0	0	0	0	0	0	0	0	0	0	0	0	
2288.149917	8	6	3	0	2	7	1	3492	-1351	21	137280	21	11	12	0	0	0	0	0	0	0	0	0	0	0	0	0	0	
2289.155033	8	6	3	0	2	7	1	3470	-1350	21	137340	21	11	13	0	0	0	0	0	0	0	0	0	0	0	0	0	0	
2290.160167	8	6	3	0	2	7	1	3461	-1349	21	137400	21	11	15	0	0	0	0	0	0	0	0	0	0	0	0	0	0	
2291.146567	8	6	3	0	2	7	1	3447	-1348	21	137460	21	11	17	0	0	0	0	0	0	0	0	0	0	0	0	0	0	
2292.151683	8	6	3	0	2	7	1	3435	-1350	21	137520	21	11	18	0	0	0	0	0	0	0	0	0	0	0	0	0	0	
2293.158233	8	6	3	0	2	7	1	3415	-1350	21	137580	21	11	20	0	0	0	0	0	0	0	0	0	0	0	0	0	0	
2294.163367	8	6	3	0	2	7	1	3397	-1350	21	137641	21	11	22	0	0	0	0	0	0	0	0	0	0	0	0	0	0	
2295.149767	8	6	3	0	2	7	1	3383	-1350	21	137700	21	11	23	0	0	0	0	0	0	0	0	0	0	0	0	0	0	
2296.154883	8	6	3	0	2	7	1	3365	-1350	21	137760	21	11	25	0	0	0	0	0	0	0	0	0	0	0	0	0	0	
2297.160000	8	6	3	0	2	7	1	3343	-1349	21	137820	21	11	27	0	0	0	0	0	0	0	0	0	0	0	0	0	0	
2298.166567	8	6	3	0	2	7	1	3332	-1348	21	137881	21	11	28	0	0	0	0	0	0	0	0	0	0	0	0	0	0	
2299.152967	8	6	3	0	2	7	1	3302	-1350	21	137940	21	11	30	0	0	0	0	0	0	0	0	0	0	0	0	0	0	
2300.158083	8	6	3	0	2	7	1	3333	-1349	21	138000	21	11	31	0	0	0	0	0	0	0	0	0	0	0	0	0	0	
2301.163200	8	6	3	0	2	7	1	3326	-1349	21	138061	21	11	33	0	0	0	0	0	0	0	0	0	0	0	0	0	0	
2302.149600	8	6	3	0	2	7	1	3315	-1351	21	138120	21	11	35	0	0	0	0	0	0	0	0	0	0	0	0	0	0	
2303.154717	8	6	3	0	2	7	1	3304	-1352	21	138180	21	11	36	0	0	0	0	0	0	0	0	0	0	0	0	0	0	
2304.161283	8	6	3	0	2	7	1	3293	-1349	21	138240	21	11	38	0	0	0	0	0	0	0	0	0	0	0	0	0	0	
2305.166400	8	6	3	0	2	7	1	3282	-1349	21	138301	21	11	40	0	0	0	0	0	0	0	0	0	0	0	0	0	0	
2306.152800	8	6	3	0	2	7	1	3272	-1350	21	138360	21	11	41	0	0	0	0	0	0	0	0	0	0	0	0	0	0	
2307.157917	8	6	3	0	2	7	1	3264	-1349	21	138420	21	11	43	0	0	0	0	0	0	0	0	0	0	0	0	0	0	
2308.163033	8	6	3	0	2	7	1	3255	-1349	21	138481	21	11	45	0	0	0	0	0	0	0	0	0	0	0	0	0	0	
2309.149433	8	6	3	0	2	7	1	3246	-1352	21	138540	21	11	46	0	0	0	0	0	0	0	0	0	0	0	0	0	0	
2310.156000	8	6	3	0	2	7	1	3239	-1350	21	138600	21	11	48	0	0	0	0	0	0	0	0	0	0	0	0	0	0	
2311.161117	8	6	3	0	2	7	1	3231	-1350	21	138660	21	11	50	0	0	0	0	0	0	0	0	0	0	0	0	0	0	
2312.166233	8	6	3	0	2	7	1	3224	-1351	21	138721	21	11	51	0	0	0	0	0	0	0	0	0	0	0	0	0	0	
2313.152633	8	6	3	0	2	7	1	3218	-1349	21	138780	21	11	53	0	0	0	0	0	0	0	0	0	0	0	0	0	0	
2314.157767	8	6	3	0	2	7	1	3211	-1350	21	138840	21	11	55	0	0	0	0	0	0	0	0	0	0	0	0	0	0	
2315.162883	8	6	3	0	2	7	1	3204	-1351	21	138900	21	11	56	0	0	0	0	0	0	0	0	0	0	0	0	0	0	
2316.150717	8	6	3	0	2	7	1	3198	-1349	21	138960	21	11	58	0	0	0	0	0	0	0	0	0	0	0	0	0	0	
2317.155833	8	6	3	0	2	7	1	3191	-1349	21	139020	21	11	60	0	0	0	0	0	0	0	0	0	0	0	0	0	0	
2318.160967	8	6	3	0	2	7	1	3184	-1349	21	139080	21	11	61	0	0	0	0	0	0	0	0	0	0	0	0	0	0	
2319.166083	8	6	3	0	2	7	1	3176	-1349	21	139141	21	11	63	0	0	0	0	0	0	0	0	0	0	0	0	0	0	
2320.152483	8	6	3	0	2	7	1	3167	-1350	21	139200	21	11	65	0	0	0	0	0	0	0	0	0	0	0	0	0	0	
2321.159033	8	6	3	0	2	7	1	3158	-1349	21	139260	21	11	66	0	0	0	0	0	0	0	0	0	0	0	0	0	0	
2322.164167	8	6	3	0	2	7	1	3146	-1349	21	139320	21	11	68	0	0	0	0	0	0	0	0	0	0	0	0	0	0	
2323.150567	8	6	3	0	2	7	1	3133	-1349	21	139380	21	11	70	0	0	0	0	0	0	0	0	0	0	0	0	0	0	
2324.155683	8	6	3	0	2	7	1	3116	-1351	21	139440	21	11	71	0	0	0	0	0	0	0	0	0	0	0	0	0	0	
2325.160800	8	6	3	0	2	7	1	3095	-1349	21	139500	21	11	73	0	0	0	0	0	0	0	0	0	0	0	0	0	0	
2326.165917	8	6	3	0	2	7	1	3064	-1350	21	139561	21	11	75	0	0	0	0	0	0	0	0	0	0	0	0	0	0	
2327.152317	8	6	3	0	2	7	1	3020	-1348	21	139620	21	11	76	0	0	0	0	0	0	0	0	0	0	0	0	0	0	
2328.158883	8	6	3	0	2	7	1	2946	-1350	21	139680	21	11	78	0	0	0	0	0	0	0	0	0	0	0	0	0	0	
2329.164000	8	6	3	0	2	7	1	2820	-1349	21	139740	21	11	80	0	0	0	0	0	0	0	0	0	0	0	0	0	0	
2329.776000	10	0	5	0	0	15	0	3227	0	21	139777	21	11	81	0	0	0	0	0	0	0	0	0	0	0	0	0	0	
2329.784633	8	15	3	0	0	31	0	3243	0	21	139777	21	11	81	0	0	0	0	0	0	0	0	0	0	0	0	0	0	
2329.806233	10	0	5	0	0	15	0	3264	0	21	139777	21	11	81	0	0	0	0	0	0	0	0	0	0	0	0	0	0	
