Time	Status code	Status category	Status color	Pgm code	Pgm step	Pgm para	Pgm cycle	mV	mA	Temperature	Duration	Charge count	Discharge count	Capacity	Analog input 1	Analog input 2	Analog input 3	Analog input 4	Digital input 1	Digital input 2	Digital input 3	Digital input 4	Digital output 1	Digital output 2	Digital output 3	Digital output 4	Analog output 1	Analog output 2	
0.000000	8	3	3	0	1	2	2	3717	679	27	2	1	0	0	0	0	0	0	0	0	0	0	0	0	0	0	0	0	
0.780483	8	3	3	0	1	2	2	3819	676	27	49	1	0	0	0	0	0	0	0	0	0	0	0	0	0	0	0	0	
1.776967	8	3	3	0	1	2	2	3878	675	27	108	1	0	0	0	0	0	0	0	0	0	0	0	0	0	0	0	0	
2.772000	8	3	3	0	1	2	2	3915	675	27	168	1	0	0	0	0	0	0	0	0	0	0	0	0	0	0	0	0	
3.768483	8	3	3	0	1	2	2	3949	674	27	228	1	0	0	0	0	0	0	0	0	0	0	0	0	0	0	0	0	
4.763517	8	3	3	0	1	2	2	3980	674	27	288	1	0	0	0	0	0	0	0	0	0	0	0	0	0	0	0	0	
5.778717	8	3	3	0	1	2	2	3995	674	27	349	1	0	0	0	0	0	0	0	0	0	0	0	0	0	0	0	0	
6.773767	8	3	3	0	1	2	2	3991	675	27	408	1	0	0	0	0	0	0	0	0	0	0	0	0	0	0	0	0	
7.770233	8	3	3	0	1	2	2	3994	674	27	468	1	0	0	0	0	0	0	0	0	0	0	0	0	0	0	0	0	
8.766717	8	3	3	0	1	2	2	3995	675	27	528	1	0	0	0	0	0	0	0	0	0	0	0	0	0	0	0	0	
9.780483	8	3	3	0	1	2	2	3997	674	27	589	1	0	0	0	0	0	0	0	0	0	0	0	0	0	0	0	0	
10.776967	8	3	3	0	1	2	2	4000	675	27	648	1	0	0	0	0	0	0	0	0	0	0	0	0	0	0	0	0	
11.770567	8	3	3	0	1	2	2	4005	674	27	708	1	0	0	0	0	0	0	0	0	0	0	0	0	0	0	0	0	
12.775683	8	3	3	0	1	2	2	4011	674	27	768	1	0	0	0	0	0	0	0	0	0	0	0	0	0	0	0	0	
13.780800	8	3	3	0	1	2	2	4018	675	27	829	1	0	0	0	0	0	0	0	0	0	0	0	0	0	0	0	0	
14.768633	8	3	3	0	1	2	2	4022	674	27	888	1	0	0	0	0	0	0	0	0	0	0	0	0	0	0	0	0	
15.773767	8	3	3	0	1	2	2	4029	675	27	948	1	0	0	0	0	0	0	0	0	0	0	0	0	0	0	0	0	
16.781767	8	3	3	0	1	2	2	4034	674	27	1009	1	0	0	0	0	0	0	0	0	0	0	0	0	0	0	0	0	
17.768167	8	3	3	0	1	2	2	4039	674	27	1068	1	0	0	0	0	0	0	0	0	0	0	0	0	0	0	0	0	
18.774717	8	3	3	0	1	2	2	4046	675	27	1128	1	0	0	0	0	0	0	0	0	0	0	0	0	0	0	0	0	
19.779833	8	3	3	0	1	2	2	4049	675	27	1188	1	0	0	0	0	0	0	0	0	0	0	0	0	0	0	0	0	
20.766233	8	3	3	0	1	2	2	4052	675	27	1248	1	0	0	0	0	0	0	0	0	0	0	0	0	0	0	0	0	
21.771367	8	3	3	0	1	2	2	4056	675	27	1308	1	0	0	0	0	0	0	0	0	0	0	0	0	0	0	0	0	
22.776483	8	3	3	0	1	2	2	4060	674	27	1368	1	0	0	0	0	0	0	0	0	0	0	0	0	0	0	0	0	
23.781600	8	3	3	0	1	2	2	4066	674	27	1429	1	0	0	0	0	0	0	0	0	0	0	0	0	0	0	0	0	
24.768000	8	3	3	0	1	2	2	4070	674	27	1488	1	0	0	0	0	0	0	0	0	0	0	0	0	0	0	0	0	
25.774567	8	3	3	0	1	2	2	4072	674	27	1548	1	0	0	0	0	0	0	0	0	0	0	0	0	0	0	0	0	
26.779683	8	3	3	0	1	2	2	4076	674	27	1608	1	0	0	0	0	0	0	0	0	0	0	0	0	0	0	0	0	
27.766083	8	3	3	0	1	2	2	4078	674	27	1668	1	0	0	0	0	0	0	0	0	0	0	0	0	0	0	0	0	
28.771200	8	3	3	0	1	2	2	4081	674	27	1728	1	0	0	0	0	0	0	0	0	0	0	0	0	0	0	0	0	
29.776317	8	3	3	0	1	2	2	4083	674	27	1788	1	0	0	0	0	0	0	0	0	0	0	0	0	0	0	0	0	
30.781433	8	3	3	0	1	2	2	4085	674	27	1849	1	0	0	0	0	0	0	0	0	0	0	0	0	0	0	0	0	
31.767833	8	3	3	0	1	2	2	4087	674	27	1908	1	0	0	0	0	0	0	0	0	0	0	0	0	0	0	0	0	
32.772967	8	3	3	0	1	2	2	4089	675	27	1968	1	0	0	0	0	0	0	0	0	0	0	0	0	0	0	0	0	
33.780967	8	3	3	0	1	2	2	4091	674	27	2029	1	0	0	0	0	0	0	0	0	0	0	0	0	0	0	0	0	
34.767367	8	3	3	0	1	2	2	4093	675	27	2088	1	0	0	0	0	0	0	0	0	0	0	0	0	0	0	0	0	
35.772483	8	3	3	0	1	2	2	4095	675	27	2148	1	0	0	0	0	0	0	0	0	0	0	0	0	0	0	0	0	
36.777600	8	3	3	0	1	2	2	4097	675	27	2208	1	0	0	0	0	0	0	0	0	0	0	0	0	0	0	0	0	
37.782717	8	3	3	0	1	2	2	4099	674	27	2269	1	0	0	0	0	0	0	0	0	0	0	0	0	0	0	0	0	
38.769117	8	3	3	0	1	2	2	4101	675	27	2328	1	0	0	0	0	0	0	0	0	0	0	0	0	0	0	0	0	
39.775683	8	3	3	0	1	2	2	4103	675	27	2388	1	0	0	0	0	0	0	0	0	0	0	0	0	0	0	0	0	
40.780800	8	3	3	0	1	2	2	4106	674	27	2448	1	0	0	0	0	0	0	0	0	0	0	0	0	0	0	0	0	
41.767200	8	3	3	0	1	2	2	4108	673	27	2508	1	0	0	0	0	0	0	0	0	0	0	0	0	0	0	0	0	
42.772317	8	3	3	0	1	2	2	4111	674	27	2568	1	0	0	0	0	0	0	0	0	0	0	0	0	0	0	0	0	
43.777433	8	3	3	0	1	2	2	4114	675	27	2628	1	0	0	0	0	0	0	0	0	0	0	0	0	0	0	0	0	
44.782567	8	3	3	0	1	2	2	4116	673	27	2689	1	0	0	0	0	0	0	0	0	0	0	0	0	0	0	0	0	
45.768967	8	3	3	0	1	2	2	4117	669	27	2748	1	0	0	0	0	0	0	0	0	0	0	0	0	0	0	0	0	
46.774083	8	3	3	0	1	2	2	4118	667	27	2808	1	0	0	0	0	0	0	0	0	0	0	0	0	0	0	0	0	
47.780633	8	3	3	0	1	2	2	4120	667	27	2868	1	0	0	0	0	0	0	0	0	0	0	0	0	0	0	0	0	
48.767033	8	3	3	0	1	2	2	4122	666	27	2928	1	0	0	0	0	0	0	0	0	0	0	0	0	0	0	0	0	
49.772167	8	3	3	0	1	2	2	4124	664	27	2988	1	0	0	0	0	0	0	0	0	0	0	0	0	0	0	0	0	
50.777283	8	3	3	0	1	2	2	4127	664	27	3048	1	0	0	0	0	0	0	0	0	0	0	0	0	0	0	0	0	
51.782400	8	3	3	0	1	2	2	4130	665	27	3109	1	0	0	0	0	0	0	0	0	0	0	0	0	0	0	0	0	
52.768800	8	3	3	0	1	2	2	4133	664	27	3168	1	0	0	0	0	0	0	0	0	0	0	0	0	0	0	0	0	
53.773917	8	3	3	0	1	2	2	4136	664	27	3228	1	0	0	0	0	0	0	0	0	0	0	0	0	0	0	0	0	
54.780483	8	3	3	0	1	2	2	4139	664	27	3288	1	0	0	0	0	0	0	0	0	0	0	0	0	0	0	0	0	
55.785600	8	3	3	0	1	2	2	4141	661	27	3349	1	0	0	0	0	0	0	0	0	0	0	0	0	0	0	0	0	
56.772000	8	3	3	0	1	2	2	4144	663	27	3408	1	0	0	0	0	0	0	0	0	0	0	0	0	0	0	0	0	
57.777117	8	3	3	0	1	2	2	4148	662	28	3468	1	0	0	0	0	0	0	0	0	0	0	0	0	0	0	0	0	
58.782233	8	3	3	0	1	2	2	4150	661	27	3529	1	0	0	0	0	0	0	0	0	0	0	0	0	0	0	0	0	
59.768633	8	3	3	0	1	2	2	4154	662	28	3588	1	0	0	0	0	0	0	0	0	0	0	0	0	0	0	0	0	
60.773767	8	3	3	0	1	2	2	4157	661	28	3648	1	0	0	0	0	0	0	0	0	0	0	0	0	0	0	0	0	
61.780317	8	3	3	0	1	2	2	4161	661	28	3708	1	0	0	0	0	0	0	0	0	0	0	0	0	0	0	0	0	
62.785433	8	3	3	0	1	2	2	4165	660	28	3769	1	0	0	0	0	0	0	0	0	0	0	0	0	0	0	0	0	
63.771833	8	3	3	0	1	2	2	4168	660	28	3828	1	0	0	0	0	0	0	0	0	0	0	0	0	0	0	0	0	
64.776967	8	3	3	0	1	2	2	4172	659	28	3888	1	0	0	0	0	0	0	0	0	0	0	0	0	0	0	0	0	
65.782083	8	3	3	0	1	2	2	4176	659	28	3948	1	0	0	0	0	0	0	0	0	0	0	0	0	0	0	0	0	
66.768483	8	3	3	0	1	2	2	4179	658	28	4008	1	0	0	0	0	0	0	0	0	0	0	0	0	0	0	0	0	
67.773600	8	3	3	0	1	2	2	4183	657	28	4068	1	0	0	0	0	0	0	0	0	0	0	0	0	0	0	0	0	
68.780167	8	3	3	0	1	2	2	4188	658	28	4128	1	0	0	0	0	0	0	0	0	0	0	0	0	0	0	0	0	
69.785283	8	3	3	0	1	2	2	4192	657	28	4189	1	0	0	0	0	0	0	0	0	0	0	0	0	0	0	0	0	
70.771683	8	3	3	0	1	2	2	4196	656	28	4248	1	0	0	0	0	0	0	0	0	0	0	0	0	0	0	0	0	
71.776800	8	3	3	0	1	2	2	4198	652	28	4308	1	0	0	0	0	0	0	0	0	0	0	0	0	0	0	0	0	
72.781917	8	3	3	0	1	2	2	4198	643	28	4368	1	0	0	0	0	0	0	0	0	0	0	0	0	0	0	0	0	
73.768317	8	3	3	0	1	2	2	4199	634	28	4428	1	0	0	0	0	0	0	0	0	0	0	0	0	0	0	0	0	
74.774883	8	3	3	0	1	2	2	4198	624	28	4488	1	0	0	0	0	0	0	0	0	0	0	0	0	0	0	0	0	
75.780000	8	3	3	0	1	2	2	4198	615	28	4548	1	0	0	0	0	0	0	0	0	0	0	0	0	0	0	0	0	
76.785117	8	3	3	0	1	2	2	4199	605	28	4609	1	0	0	0	0	0	0	0	0	0	0	0	0	0	0	0	0	
77.771517	8	3	3	0	1	2	2	4198	596	28	4668	1	0	0	0	0	0	0	0	0	0	0	0	0	0	0	0	0	
78.776633	8	3	3	0	1	2	2	4198	588	28	4728	1	0	0	0	0	0	0	0	0	0	0	0	0	0	0	0	0	
79.781767	8	3	3	0	1	2	2	4198	578	28	4788	1	0	0	0	0	0	0	0	0	0	0	0	0	0	0	0	0	
80.786883	8	3	3	0	1	2	2	4198	568	28	4849	1	0	0	0	0	0	0	0	0	0	0	0	0	0	0	0	0	
81.773283	8	3	3	0	1	2	2	4198	560	28	4908	1	0	0	0	0	0	0	0	0	0	0	0	0	0	0	0	0	
82.779833	8	3	3	0	1	2	2	4198	551	28	4968	1	0	0	0	0	0	0	0	0	0	0	0	0	0	0	0	0	
83.784967	8	3	3	0	1	2	2	4199	542	28	5029	1	0	0	0	0	0	0	0	0	0	0	0	0	0	0	0	0	
84.771367	8	3	3	0	1	2	2	4198	532	28	5088	1	0	0	0	0	0	0	0	0	0	0	0	0	0	0	0	0	
85.776483	8	3	3	0	1	2	2	4198	523	28	5148	1	0	0	0	0	0	0	0	0	0	0	0	0	0	0	0	0	
86.781600	8	3	3	0	1	2	2	4198	512	28	5208	1	0	0	0	0	0	0	0	0	0	0	0	0	0	0	0	0	
87.786717	8	3	3	0	1	2	2	4199	504	28	5269	1	0	0	0	0	0	0	0	0	0	0	0	0	0	0	0	0	
88.773117	8	3	3	0	1	2	2	4198	494	28	5328	1	0	0	0	0	0	0	0	0	0	0	0	0	0	0	0	0	
89.778233	8	3	3	0	1	2	2	4198	485	28	5388	1	0	0	0	0	0	0	0	0	0	0	0	0	0	0	0	0	
90.784800	8	3	3	0	1	2	2	4198	476	28	5448	1	0	0	0	0	0	0	0	0	0	0	0	0	0	0	0	0	
91.771200	8	3	3	0	1	2	2	4198	467	28	5508	1	0	0	0	0	0	0	0	0	0	0	0	0	0	0	0	0	
92.776317	8	3	3	0	1	2	2	4198	458	28	5568	1	0	0	0	0	0	0	0	0	0	0	0	0	0	0	0	0	
93.781433	8	3	3	0	1	2	2	4199	449	28	5628	1	0	0	0	0	0	0	0	0	0	0	0	0	0	0	0	0	
94.786567	8	3	3	0	1	2	2	4198	439	28	5689	1	0	0	0	0	0	0	0	0	0	0	0	0	0	0	0	0	
95.772967	8	3	3	0	1	2	2	4199	431	28	5748	1	0	0	0	0	0	0	0	0	0	0	0	0	0	0	0	0	
96.778083	8	3	3	0	1	2	2	4199	421	28	5808	1	0	0	0	0	0	0	0	0	0	0	0	0	0	0	0	0	
97.783200	8	3	3	0	1	2	2	4198	412	28	5868	1	0	0	0	0	0	0	0	0	0	0	0	0	0	0	0	0	
98.789767	8	3	3	0	1	2	2	4198	404	28	5929	1	0	0	0	0	0	0	0	0	0	0	0	0	0	0	0	0	
99.776167	8	3	3	0	1	2	2	4198	395	28	5988	1	0	0	0	0	0	0	0	0	0	0	0	0	0	0	0	0	
100.781283	8	3	3	0	1	2	2	4198	386	28	6048	1	0	0	0	0	0	0	0	0	0	0	0	0	0	0	0	0	
101.786400	8	3	3	0	1	2	2	4198	378	28	6109	1	0	0	0	0	0	0	0	0	0	0	0	0	0	0	0	0	
102.772800	8	3	3	0	1	2	2	4198	370	28	6168	1	0	0	0	0	0	0	0	0	0	0	0	0	0	0	0	0	
103.777917	8	3	3	0	1	2	2	4199	360	28	6228	1	0	0	0	0	0	0	0	0	0	0	0	0	0	0	0	0	
104.784483	8	3	3	0	1	2	2	4198	352	28	6288	1	0	0	0	0	0	0	0	0	0	0	0	0	0	0	0	0	
105.789600	8	3	3	0	1	2	2	4198	345	28	6349	1	0	0	0	0	0	0	0	0	0	0	0	0	0	0	0	0	
106.776000	8	3	3	0	1	2	2	4198	336	28	6408	1	0	0	0	0	0	0	0	0	0	0	0	0	0	0	0	0	
107.781117	8	3	3	0	1	2	2	4199	330	28	6468	1	0	0	0	0	0	0	0	0	0	0	0	0	0	0	0	0	
108.786233	8	3	3	0	1	2	2	4198	320	28	6529	1	0	0	0	0	0	0	0	0	0	0	0	0	0	0	0	0	
109.772633	8	3	3	0	1	2	2	4198	313	28	6588	1	0	0	0	0	0	0	0	0	0	0	0	0	0	0	0	0	
110.777767	8	3	3	0	1	2	2	4199	306	28	6648	1	0	0	0	0	0	0	0	0	0	0	0	0	0	0	0	0	
111.782883	8	3	3	0	1	2	2	4198	299	28	6708	1	0	0	0	0	0	0	0	0	0	0	0	0	0	0	0	0	
112.789433	8	3	3	0	1	2	2	4199	291	28	6769	1	0	0	0	0	0	0	0	0	0	0	0	0	0	0	0	0	
113.775833	8	3	3	0	1	2	2	4198	285	28	6828	1	0	0	0	0	0	0	0	0	0	0	0	0	0	0	0	0	
114.780967	8	3	3	0	1	2	2	4199	278	28	6888	1	0	0	0	0	0	0	0	0	0	0	0	0	0	0	0	0	
115.786083	8	3	3	0	1	2	2	4198	271	28	6948	1	0	0	0	0	0	0	0	0	0	0	0	0	0	0	0	0	
116.772483	8	3	3	0	1	2	2	4198	265	28	7008	1	0	0	0	0	0	0	0	0	0	0	0	0	0	0	0	0	
117.777600	8	3	3	0	1	2	2	4199	258	28	7068	1	0	0	0	0	0	0	0	0	0	0	0	0	0	0	0	0	
118.784167	8	3	3	0	1	2	2	4199	252	28	7128	1	0	0	0	0	0	0	0	0	0	0	0	0	0	0	0	0	
119.789283	8	3	3	0	1	2	2	4199	245	28	7189	1	0	0	0	0	0	0	0	0	0	0	0	0	0	0	0	0	
120.775683	8	3	3	0	1	2	2	4198	241	28	7248	1	0	0	0	0	0	0	0	0	0	0	0	0	0	0	0	0	
121.780800	8	3	3	0	1	2	2	4199	234	28	7308	1	0	0	0	0	0	0	0	0	0	0	0	0	0	0	0	0	
122.785917	8	3	3	0	1	2	2	4199	228	28	7368	1	0	0	0	0	0	0	0	0	0	0	0	0	0	0	0	0	
123.772317	8	3	3	0	1	2	2	4199	223	28	7428	1	0	0	0	0	0	0	0	0	0	0	0	0	0	0	0	0	
124.777433	8	3	3	0	1	2	2	4198	217	28	7488	1	0	0	0	0	0	0	0	0	0	0	0	0	0	0	0	0	
125.784000	8	3	3	0	1	2	2	4199	212	28	7548	1	0	0	0	0	0	0	0	0	0	0	0	0	0	0	0	0	
126.789117	8	3	3	0	1	2	2	4198	205	28	7609	1	0	0	0	0	0	0	0	0	0	0	0	0	0	0	0	0	
127.775517	8	3	3	0	1	2	2	4198	200	28	7668	1	0	0	0	0	0	0	0	0	0	0	0	0	0	0	0	0	
128.780633	8	3	3	0	1	2	2	4198	195	28	7728	1	0	0	0	0	0	0	0	0	0	0	0	0	0	0	0	0	
129.785767	8	3	3	0	1	2	2	4199	191	28	7788	1	0	0	0	0	0	0	0	0	0	0	0	0	0	0	0	0	
130.790883	8	3	3	0	1	2	2	4198	185	28	7849	1	0	0	0	0	0	0	0	0	0	0	0	0	0	0	0	0	
131.777283	8	3	3	0	1	2	2	4199	181	28	7908	1	0	0	0	0	0	0	0	0	0	0	0	0	0	0	0	0	
132.782400	8	3	3	0	1	2	2	4198	177	28	7968	1	0	0	0	0	0	0	0	0	0	0	0	0	0	0	0	0	
133.788967	8	3	3	0	1	2	2	4198	172	28	8029	1	0	0	0	0	0	0	0	0	0	0	0	0	0	0	0	0	
134.779683	8	3	3	0	1	2	2	4198	168	28	8088	1	0	0	0	0	0	0	0	0	0	0	0	0	0	0	0	0	
135.784800	8	3	3	0	1	2	2	4198	163	28	8148	1	0	0	0	0	0	0	0	0	0	0	0	0	0	0	0	0	
136.789917	8	3	3	0	1	2	2	4198	159	28	8209	1	0	0	0	0	0	0	0	0	0	0	0	0	0	0	0	0	
137.777767	8	3	3	0	1	2	2	4198	155	28	8268	1	0	0	0	0	0	0	0	0	0	0	0	0	0	0	0	0	
138.782883	8	3	3	0	1	2	2	4198	151	28	8328	1	0	0	0	0	0	0	0	0	0	0	0	0	0	0	0	0	
139.788000	8	3	3	0	1	2	2	4198	147	28	8388	1	0	0	0	0	0	0	0	0	0	0	0	0	0	0	0	0	
140.774400	8	3	3	0	1	2	2	4199	143	28	8448	1	0	0	0	0	0	0	0	0	0	0	0	0	0	0	0	0	
141.779517	8	3	3	0	1	2	2	4198	140	28	8508	1	0	0	0	0	0	0	0	0	0	0	0	0	0	0	0	0	
142.784633	8	3	3	0	1	2	2	4199	136	28	8568	1	0	0	0	0	0	0	0	0	0	0	0	0	0	0	0	0	
143.789767	8	3	3	0	1	2	2	4198	133	28	8629	1	0	0	0	0	0	0	0	0	0	0	0	0	0	0	0	0	
144.779033	8	3	3	0	1	2	2	4198	130	28	8688	1	0	0	0	0	0	0	0	0	0	0	0	0	0	0	0	0	
145.784167	8	3	3	0	1	2	2	4199	126	28	8748	1	0	0	0	0	0	0	0	0	0	0	0	0	0	0	0	0	
146.789283	8	3	3	0	1	2	2	4199	124	28	8808	1	0	0	0	0	0	0	0	0	0	0	0	0	0	0	0	0	
147.775683	8	3	3	0	1	2	2	4199	121	28	8868	1	0	0	0	0	0	0	0	0	0	0	0	0	0	0	0	0	
148.780800	8	3	3	0	1	2	2	4198	118	28	8928	1	0	0	0	0	0	0	0	0	0	0	0	0	0	0	0	0	
149.785917	8	3	3	0	1	2	2	4199	115	28	8988	1	0	0	0	0	0	0	0	0	0	0	0	0	0	0	0	0	
150.792483	8	3	3	0	1	2	2	4199	112	28	9049	1	0	0	0	0	0	0	0	0	0	0	0	0	0	0	0	0	
151.778883	8	3	3	0	1	2	2	4199	110	28	9108	1	0	0	0	0	0	0	0	0	0	0	0	0	0	0	0	0	
152.784000	8	3	3	0	1	2	2	4198	107	28	9168	1	0	0	0	0	0	0	0	0	0	0	0	0	0	0	0	0	
153.789117	8	3	3	0	1	2	2	4199	105	28	9228	1	0	0	0	0	0	0	0	0	0	0	0	0	0	0	0	0	
154.775517	8	3	3	0	1	2	2	4199	102	28	9288	1	0	0	0	0	0	0	0	0	0	0	0	0	0	0	0	0	
155.780633	8	3	3	0	1	2	2	4199	100	28	9348	1	0	0	0	0	0	0	0	0	0	0	0	0	0	0	0	0	
156.785767	8	3	3	0	1	2	2	4198	97	28	9408	1	0	0	0	0	0	0	0	0	0	0	0	0	0	0	0	0	
157.790883	8	3	3	0	1	2	2	4199	95	28	9469	1	0	0	0	0	0	0	0	0	0	0	0	0	0	0	0	0	
158.778717	8	3	3	0	1	2	2	4198	93	28	9528	1	0	0	0	0	0	0	0	0	0	0	0	0	0	0	0	0	
159.783833	8	3	3	0	1	2	2	4198	90	28	9588	1	0	0	0	0	0	0	0	0	0	0	0	0	0	0	0	0	
160.788967	8	3	3	0	1	2	2	4199	88	28	9648	1	0	0	0	0	0	0	0	0	0	0	0	0	0	0	0	0	
161.794083	8	3	3	0	1	2	2	4199	86	28	9709	1	0	0	0	0	0	0	0	0	0	0	0	0	0	0	0	0	
162.780483	8	3	3	0	1	2	2	4198	84	28	9768	1	0	0	0	0	0	0	0	0	0	0	0	0	0	0	0	0	
163.785600	8	3	3	0	1	2	2	4199	82	28	9828	1	0	0	0	0	0	0	0	0	0	0	0	0	0	0	0	0	
164.792167	8	3	3	0	1	2	2	4198	79	28	9889	1	0	0	0	0	0	0	0	0	0	0	0	0	0	0	0	0	
165.778567	8	3	3	0	1	2	2	4199	79	28	9948	1	0	0	0	0	0	0	0	0	0	0	0	0	0	0	0	0	
166.783683	8	3	3	0	1	2	2	4199	77	28	10008	1	0	0	0	0	0	0	0	0	0	0	0	0	0	0	0	0	
167.788800	8	3	3	0	1	2	2	4198	74	28	10068	1	0	0	0	0	0	0	0	0	0	0	0	0	0	0	0	0	
168.793917	8	3	3	0	1	2	2	4198	73	28	10129	1	0	0	0	0	0	0	0	0	0	0	0	0	0	0	0	0	
169.780317	8	3	3	0	1	2	2	4199	71	28	10188	1	0	0	0	0	0	0	0	0	0	0	0	0	0	0	0	0	
170.786883	8	3	3	0	1	2	2	4198	69	28	10248	1	0	0	0	0	0	0	0	0	0	0	0	0	0	0	0	0	
171.792000	8	3	3	0	1	2	2	4199	67	28	10309	1	0	0	0	0	0	0	0	0	0	0	0	0	0	0	0	0	
172.193767	8	6	3	0	2	7	1	3919	-650	28	10333	1	1	0	0	0	0	0	0	0	0	0	0	0	0	0	0	0	
172.779833	8	6	3	0	2	7	1	3603	-1350	28	10368	1	1	0	0	0	0	0	0	0	0	0	0	0	0	0	0	0	
173.784967	8	6	3	0	2	7	1	3434	-1349	28	10428	1	1	2	0	0	0	0	0	0	0	0	0	0	0	0	0	0	
174.790083	8	6	3	0	2	7	1	3527	-1349	28	10488	1	1	4	0	0	0	0	0	0	0	0	0	0	0	0	0	0	
175.776483	8	6	3	0	2	7	1	3521	-1348	28	10548	1	1	5	0	0	0	0	0	0	0	0	0	0	0	0	0	0	
176.783033	8	6	3	0	2	7	1	3509	-1350	28	10608	1	1	7	0	0	0	0	0	0	0	0	0	0	0	0	0	0	
177.788167	8	6	3	0	2	7	1	3506	-1349	28	10668	1	1	9	0	0	0	0	0	0	0	0	0	0	0	0	0	0	
178.793283	8	6	3	0	2	7	1	3489	-1349	28	10729	1	1	10	0	0	0	0	0	0	0	0	0	0	0	0	0	0	
179.779683	8	6	3	0	2	7	1	3473	-1350	28	10788	1	1	12	0	0	0	0	0	0	0	0	0	0	0	0	0	0	
180.784800	8	6	3	0	2	7	1	3459	-1348	28	10848	1	1	14	0	0	0	0	0	0	0	0	0	0	0	0	0	0	
181.789917	8	6	3	0	2	7	1	3445	-1351	28	10908	1	1	15	0	0	0	0	0	0	0	0	0	0	0	0	0	0	
182.777767	8	6	3	0	2	7	1	3438	-1350	28	10968	1	1	17	0	0	0	0	0	0	0	0	0	0	0	0	0	0	
183.782883	8	6	3	0	2	7	1	3427	-1349	28	11028	1	1	19	0	0	0	0	0	0	0	0	0	0	0	0	0	0	
184.788000	8	6	3	0	2	7	1	3416	-1348	28	11088	1	1	20	0	0	0	0	0	0	0	0	0	0	0	0	0	0	
185.793117	8	6	3	0	2	7	1	3405	-1349	28	11149	1	1	22	0	0	0	0	0	0	0	0	0	0	0	0	0	0	
186.779517	8	6	3	0	2	7	1	3397	-1351	28	11208	1	1	24	0	0	0	0	0	0	0	0	0	0	0	0	0	0	
187.784633	8	6	3	0	2	7	1	3383	-1351	28	11268	1	1	25	0	0	0	0	0	0	0	0	0	0	0	0	0	0	
188.791200	8	6	3	0	2	7	1	3372	-1350	28	11328	1	1	27	0	0	0	0	0	0	0	0	0	0	0	0	0	0	
189.796317	8	6	3	0	2	7	1	3364	-1347	28	11389	1	1	29	0	0	0	0	0	0	0	0	0	0	0	0	0	0	
190.782717	8	6	3	0	2	7	1	3345	-1349	28	11448	1	1	30	0	0	0	0	0	0	0	0	0	0	0	0	0	0	
191.787833	8	6	3	0	2	7	1	3335	-1347	28	11508	1	1	32	0	0	0	0	0	0	0	0	0	0	0	0	0	0	
192.792967	8	6	3	0	2	7	1	3326	-1349	28	11569	1	1	34	0	0	0	0	0	0	0	0	0	0	0	0	0	0	
193.779367	8	6	3	0	2	7	1	3313	-1349	28	11628	1	1	35	0	0	0	0	0	0	0	0	0	0	0	0	0	0	
194.784483	8	6	3	0	2	7	1	3310	-1350	28	11688	1	1	37	0	0	0	0	0	0	0	0	0	0	0	0	0	0	
195.791033	8	6	3	0	2	7	1	3299	-1349	28	11748	1	1	39	0	0	0	0	0	0	0	0	0	0	0	0	0	0	
196.796167	8	6	3	0	2	7	1	3291	-1350	28	11809	1	1	40	0	0	0	0	0	0	0	0	0	0	0	0	0	0	
197.782567	8	6	3	0	2	7	1	3276	-1351	28	11868	1	1	42	0	0	0	0	0	0	0	0	0	0	0	0	0	0	
198.787683	8	6	3	0	2	7	1	3263	-1351	28	11928	1	1	43	0	0	0	0	0	0	0	0	0	0	0	0	0	0	
199.792800	8	6	3	0	2	7	1	3242	-1349	28	11988	1	1	45	0	0	0	0	0	0	0	0	0	0	0	0	0	0	
200.779200	8	6	3	0	2	7	1	3227	-1350	28	12048	1	1	47	0	0	0	0	0	0	0	0	0	0	0	0	0	0	
201.785767	8	6	3	0	2	7	1	3219	-1351	28	12108	1	1	48	0	0	0	0	0	0	0	0	0	0	0	0	0	0	
202.790883	8	6	3	0	2	7	1	3202	-1349	28	12168	1	1	50	0	0	0	0	0	0	0	0	0	0	0	0	0	0	
203.796000	8	6	3	0	2	7	1	3192	-1351	28	12229	1	1	52	0	0	0	0	0	0	0	0	0	0	0	0	0	0	
204.782400	8	6	3	0	2	7	1	3185	-1350	28	12288	1	1	53	0	0	0	0	0	0	0	0	0	0	0	0	0	0	
205.787517	8	6	3	0	2	7	1	3169	-1350	28	12348	1	1	55	0	0	0	0	0	0	0	0	0	0	0	0	0	0	
206.794083	8	6	3	0	2	7	1	3159	-1349	28	12408	1	1	57	0	0	0	0	0	0	0	0	0	0	0	0	0	0	
207.780483	8	6	3	0	2	7	1	3152	-1349	28	12468	1	1	58	0	0	0	0	0	0	0	0	0	0	0	0	0	0	
208.785600	8	6	3	0	2	7	1	3150	-1350	28	12528	1	1	60	0	0	0	0	0	0	0	0	0	0	0	0	0	0	
209.790717	8	6	3	0	2	7	1	3148	-1348	28	12588	1	1	62	0	0	0	0	0	0	0	0	0	0	0	0	0	0	
210.795833	8	6	3	0	2	7	1	3142	-1349	28	12649	1	1	63	0	0	0	0	0	0	0	0	0	0	0	0	0	0	
211.783683	8	6	3	0	2	7	1	3139	-1349	28	12708	1	1	65	0	0	0	0	0	0	0	0	0	0	0	0	0	0	
212.788800	8	6	3	0	2	7	1	3122	-1349	28	12768	1	1	67	0	0	0	0	0	0	0	0	0	0	0	0	0	0	
213.793917	8	6	3	0	2	7	1	3113	-1350	28	12828	1	1	68	0	0	0	0	0	0	0	0	0	0	0	0	0	0	
214.780317	8	6	3	0	2	7	1	3102	-1350	28	12888	1	1	70	0	0	0	0	0	0	0	0	0	0	0	0	0	0	
215.785433	8	6	3	0	2	7	1	3092	-1350	28	12948	1	1	72	0	0	0	0	0	0	0	0	0	0	0	0	0	0	
216.790567	8	6	3	0	2	7	1	3084	-1349	28	13008	1	1	73	0	0	0	0	0	0	0	0	0	0	0	0	0	0	
217.795683	8	6	3	0	2	7	1	3065	-1350	28	13069	1	1	75	0	0	0	0	0	0	0	0	0	0	0	0	0	0	
218.783517	8	6	3	0	2	7	1	3080	-1350	28	13128	1	1	77	0	0	0	0	0	0	0	0	0	0	0	0	0	0	
219.788633	8	6	3	0	2	7	1	3068	-1349	28	13188	1	1	78	0	0	0	0	0	0	0	0	0	0	0	0	0	0	
220.793767	8	6	3	0	2	7	1	3071	-1349	28	13248	1	1	80	0	0	0	0	0	0	0	0	0	0	0	0	0	0	
221.780167	8	6	3	0	2	7	1	3053	-1348	28	13308	1	1	82	0	0	0	0	0	0	0	0	0	0	0	0	0	0	
222.785283	8	6	3	0	2	7	1	3031	-1348	28	13368	1	1	83	0	0	0	0	0	0	0	0	0	0	0	0	0	0	
223.790400	8	6	3	0	2	7	1	3014	-1349	28	13428	1	1	85	0	0	0	0	0	0	0	0	0	0	0	0	0	0	
224.796967	8	6	3	0	2	7	1	2977	-1349	28	13489	1	1	87	0	0	0	0	0	0	0	0	0	0	0	0	0	0	
225.783367	8	6	3	0	2	7	1	2933	-1351	28	13548	1	1	88	0	0	0	0	0	0	0	0	0	0	0	0	0	0	
226.788483	8	6	3	0	2	7	1	2898	-1350	28	13608	1	1	90	0	0	0	0	0	0	0	0	0	0	0	0	0	0	
227.793600	8	6	3	0	2	7	1	2801	-1349	28	13668	1	1	92	0	0	0	0	0	0	0	0	0	0	0	0	0	0	
228.422883	8	15	3	0	1	31	2	3330	267	28	13706	3	1	93	0	0	0	0	0	0	0	0	0	0	0	0	0	0	
228.443033	8	3	3	0	1	2	2	3472	677	28	13707	3	1	93	0	0	0	0	0	0	0	0	0	0	0	0	0	0	
228.784317	8	3	3	0	1	2	2	3580	674	28	13728	3	1	93	0	0	0	0	0	0	0	0	0	0	0	0	0	0	
229.789433	8	3	3	0	1	2	2	3714	674	28	13788	3	1	93	0	0	0	0	0	0	0	0	0	0	0	0	0	0	
230.794567	8	3	3	0	1	2	2	3830	673	28	13848	3	1	93	0	0	0	0	0	0	0	0	0	0	0	0	0	0	
231.780967	8	3	3	0	1	2	2	3937	674	28	13908	3	1	93	0	0	0	0	0	0	0	0	0	0	0	0	0	0	
232.786083	8	3	3	0	1	2	2	3973	674	28	13968	3	1	93	0	0	0	0	0	0	0	0	0	0	0	0	0	0	
233.795517	8	3	3	0	1	2	2	3974	675	28	14028	3	1	93	0	0	0	0	0	0	0	0	0	0	0	0	0	0	
234.781917	8	3	3	0	1	2	2	3987	675	28	14088	3	1	93	0	0	0	0	0	0	0	0	0	0	0	0	0	0	
235.787033	8	3	3	0	1	2	2	3993	675	28	14148	3	1	93	0	0	0	0	0	0	0	0	0	0	0	0	0	0	
236.792167	8	3	3	0	1	2	2	3989	675	28	14208	3	1	93	0	0	0	0	0	0	0	0	0	0	0	0	0	0	
237.797283	8	3	3	0	1	2	2	4002	675	28	14269	3	1	93	0	0	0	0	0	0	0	0	0	0	0	0	0	0	
238.783683	8	3	3	0	1	2	2	4015	675	28	14328	3	1	93	0	0	0	0	0	0	0	0	0	0	0	0	0	0	
239.790233	8	3	3	0	1	2	2	4030	675	28	14388	3	1	93	0	0	0	0	0	0	0	0	0	0	0	0	0	0	
240.795367	8	3	3	0	1	2	2	4027	673	28	14448	3	1	93	0	0	0	0	0	0	0	0	0	0	0	0	0	0	
241.781767	8	3	3	0	1	2	2	4029	675	28	14508	3	1	93	0	0	0	0	0	0	0	0	0	0	0	0	0	0	
242.786883	8	3	3	0	1	2	2	4026	674	28	14568	3	1	93	0	0	0	0	0	0	0	0	0	0	0	0	0	0	
243.792000	8	3	3	0	1	2	2	4029	675	28	14628	3	1	93	0	0	0	0	0	0	0	0	0	0	0	0	0	0	
244.798567	8	3	3	0	1	2	2	4033	674	28	14689	3	1	93	0	0	0	0	0	0	0	0	0	0	0	0	0	0	
245.784967	8	3	3	0	1	2	2	4038	674	28	14748	3	1	93	0	0	0	0	0	0	0	0	0	0	0	0	0	0	
246.790083	8	3	3	0	1	2	2	4044	675	28	14808	3	1	93	0	0	0	0	0	0	0	0	0	0	0	0	0	0	
247.795200	8	3	3	0	1	2	2	4051	675	28	14868	3	1	93	0	0	0	0	0	0	0	0	0	0	0	0	0	0	
248.800317	8	3	3	0	1	2	2	4058	674	28	14929	3	1	93	0	0	0	0	0	0	0	0	0	0	0	0	0	0	
249.788167	8	3	3	0	1	2	2	4064	675	28	14988	3	1	93	0	0	0	0	0	0	0	0	0	0	0	0	0	0	
250.793283	8	3	3	0	1	2	2	4070	675	28	15048	3	1	93	0	0	0	0	0	0	0	0	0	0	0	0	0	0	
251.798400	8	3	3	0	1	2	2	4076	675	28	15109	3	1	93	0	0	0	0	0	0	0	0	0	0	0	0	0	0	
252.784800	8	3	3	0	1	2	2	4080	675	28	15168	3	1	93	0	0	0	0	0	0	0	0	0	0	0	0	0	0	
253.789917	8	3	3	0	1	2	2	4084	674	28	15228	3	1	93	0	0	0	0	0	0	0	0	0	0	0	0	0	0	
254.795033	8	3	3	0	1	2	2	4086	675	28	15288	3	1	93	0	0	0	0	0	0	0	0	0	0	0	0	0	0	
255.800167	8	3	3	0	1	2	2	4089	675	28	15349	3	1	93	0	0	0	0	0	0	0	0	0	0	0	0	0	0	
256.788000	8	3	3	0	1	2	2	4094	675	28	15408	3	1	93	0	0	0	0	0	0	0	0	0	0	0	0	0	0	
257.793117	8	3	3	0	1	2	2	4097	674	28	15468	3	1	93	0	0	0	0	0	0	0	0	0	0	0	0	0	0	
258.798233	8	3	3	0	1	2	2	4102	675	28	15529	3	1	93	0	0	0	0	0	0	0	0	0	0	0	0	0	0	
259.784633	8	3	3	0	1	2	2	4105	674	28	15588	3	1	93	0	0	0	0	0	0	0	0	0	0	0	0	0	0	
260.791200	8	3	3	0	1	2	2	4108	674	28	15648	3	1	93	0	0	0	0	0	0	0	0	0	0	0	0	0	0	
261.796317	8	3	3	0	1	2	2	4111	673	28	15708	3	1	93	0	0	0	0	0	0	0	0	0	0	0	0	0	0	
262.801433	8	3	3	0	1	2	2	4114	675	28	15769	3	1	93	0	0	0	0	0	0	0	0	0	0	0	0	0	0	
263.787833	8	3	3	0	1	2	2	4118	674	28	15828	3	1	93	0	0	0	0	0	0	0	0	0	0	0	0	0	0	
264.792967	8	3	3	0	1	2	2	4117	669	28	15888	3	1	93	0	0	0	0	0	0	0	0	0	0	0	0	0	0	
265.798083	8	3	3	0	1	2	2	4119	668	28	15949	3	1	93	0	0	0	0	0	0	0	0	0	0	0	0	0	0	
266.785917	8	3	3	0	1	2	2	4121	666	28	16008	3	1	93	0	0	0	0	0	0	0	0	0	0	0	0	0	0	
267.791033	8	3	3	0	1	2	2	4125	665	28	16068	3	1	93	0	0	0	0	0	0	0	0	0	0	0	0	0	0	
268.796167	8	3	3	0	1	2	2	4128	665	28	16128	3	1	93	0	0	0	0	0	0	0	0	0	0	0	0	0	0	
269.801283	8	3	3	0	1	2	2	4131	663	28	16189	3	1	93	0	0	0	0	0	0	0	0	0	0	0	0	0	0	
270.787683	8	3	3	0	1	2	2	4135	663	28	16248	3	1	93	0	0	0	0	0	0	0	0	0	0	0	0	0	0	
271.792800	8	3	3	0	1	2	2	4138	663	28	16308	3	1	93	0	0	0	0	0	0	0	0	0	0	0	0	0	0	
272.799367	8	3	3	0	1	2	2	4142	662	28	16369	3	1	93	0	0	0	0	0	0	0	0	0	0	0	0	0	0	
273.785767	8	3	3	0	1	2	2	4145	662	28	16428	3	1	93	0	0	0	0	0	0	0	0	0	0	0	0	0	0	
274.790883	8	3	3	0	1	2	2	4148	661	28	16488	3	1	93	0	0	0	0	0	0	0	0	0	0	0	0	0	0	
275.796000	8	3	3	0	1	2	2	4152	661	28	16548	3	1	93	0	0	0	0	0	0	0	0	0	0	0	0	0	0	
276.801117	8	3	3	0	1	2	2	4155	661	28	16609	3	1	93	0	0	0	0	0	0	0	0	0	0	0	0	0	0	
277.790400	8	3	3	0	1	2	2	4158	660	28	16668	3	1	93	0	0	0	0	0	0	0	0	0	0	0	0	0	0	
278.795517	8	3	3	0	1	2	2	4161	660	28	16728	3	1	93	0	0	0	0	0	0	0	0	0	0	0	0	0	0	
279.800633	8	3	3	0	1	2	2	4164	659	28	16789	3	1	93	0	0	0	0	0	0	0	0	0	0	0	0	0	0	
280.787033	8	3	3	0	1	2	2	4167	659	28	16848	3	1	93	0	0	0	0	0	0	0	0	0	0	0	0	0	0	
281.792167	8	3	3	0	1	2	2	4171	658	28	16908	3	1	93	0	0	0	0	0	0	0	0	0	0	0	0	0	0	
282.798717	8	3	3	0	1	2	2	4174	658	28	16968	3	1	93	0	0	0	0	0	0	0	0	0	0	0	0	0	0	
283.803833	8	3	3	0	1	2	2	4177	657	28	17029	3	1	93	0	0	0	0	0	0	0	0	0	0	0	0	0	0	
284.790233	8	3	3	0	1	2	2	4181	658	28	17088	3	1	93	0	0	0	0	0	0	0	0	0	0	0	0	0	0	
285.795367	8	3	3	0	1	2	2	4184	656	28	17148	3	1	93	0	0	0	0	0	0	0	0	0	0	0	0	0	0	
286.800483	8	3	3	0	1	2	2	4188	655	28	17209	3	1	93	0	0	0	0	0	0	0	0	0	0	0	0	0	0	
287.786883	8	3	3	0	1	2	2	4191	654	28	17268	3	1	93	0	0	0	0	0	0	0	0	0	0	0	0	0	0	
288.792000	8	3	3	0	1	2	2	4195	655	28	17328	3	1	93	0	0	0	0	0	0	0	0	0	0	0	0	0	0	
289.798567	8	3	3	0	1	2	2	4198	654	28	17388	3	1	93	0	0	0	0	0	0	0	0	0	0	0	0	0	0	
290.803683	8	3	3	0	1	2	2	4198	647	28	17449	3	1	93	0	0	0	0	0	0	0	0	0	0	0	0	0	0	
291.790083	8	3	3	0	1	2	2	4198	639	28	17508	3	1	93	0	0	0	0	0	0	0	0	0	0	0	0	0	0	
292.795200	8	3	3	0	1	2	2	4199	632	28	17568	3	1	93	0	0	0	0	0	0	0	0	0	0	0	0	0	0	
293.800317	8	3	3	0	1	2	2	4198	625	28	17628	3	1	93	0	0	0	0	0	0	0	0	0	0	0	0	0	0	
294.786717	8	3	3	0	1	2	2	4198	618	28	17688	3	1	93	0	0	0	0	0	0	0	0	0	0	0	0	0	0	
295.791833	8	3	3	0	1	2	2	4199	610	28	17748	3	1	93	0	0	0	0	0	0	0	0	0	0	0	0	0	0	
296.798400	8	3	3	0	1	2	2	4199	602	28	17808	3	1	93	0	0	0	0	0	0	0	0	0	0	0	0	0	0	
297.803517	8	3	3	0	1	2	2	4199	595	28	17869	3	1	93	0	0	0	0	0	0	0	0	0	0	0	0	0	0	
298.789917	8	3	3	0	1	2	2	4198	587	28	17928	3	1	93	0	0	0	0	0	0	0	0	0	0	0	0	0	0	
299.795033	8	3	3	0	1	2	2	4199	579	28	17988	3	1	93	0	0	0	0	0	0	0	0	0	0	0	0	0	0	
300.800167	8	3	3	0	1	2	2	4198	571	28	18048	3	1	93	0	0	0	0	0	0	0	0	0	0	0	0	0	0	
301.786567	8	3	3	0	1	2	2	4199	564	28	18108	3	1	93	0	0	0	0	0	0	0	0	0	0	0	0	0	0	
302.793117	8	3	3	0	1	2	2	4199	556	28	18168	3	1	93	0	0	0	0	0	0	0	0	0	0	0	0	0	0	
303.798233	8	3	3	0	1	2	2	4198	548	28	18228	3	1	93	0	0	0	0	0	0	0	0	0	0	0	0	0	0	
304.803367	8	3	3	0	1	2	2	4199	541	28	18289	3	1	93	0	0	0	0	0	0	0	0	0	0	0	0	0	0	
305.789767	8	3	3	0	1	2	2	4198	533	28	18348	3	1	93	0	0	0	0	0	0	0	0	0	0	0	0	0	0	
306.794883	8	3	3	0	1	2	2	4198	525	28	18408	3	1	93	0	0	0	0	0	0	0	0	0	0	0	0	0	0	
307.800000	8	3	3	0	1	2	2	4198	517	28	18468	3	1	93	0	0	0	0	0	0	0	0	0	0	0	0	0	0	
308.786400	8	3	3	0	1	2	2	4198	510	28	18528	3	1	93	0	0	0	0	0	0	0	0	0	0	0	0	0	0	
309.791517	8	3	3	0	1	2	2	4199	502	28	18588	3	1	93	0	0	0	0	0	0	0	0	0	0	0	0	0	0	
310.798083	8	3	3	0	1	2	2	4198	496	28	18648	3	1	93	0	0	0	0	0	0	0	0	0	0	0	0	0	0	
311.803200	8	3	3	0	1	2	2	4199	492	28	18709	3	1	93	0	0	0	0	0	0	0	0	0	0	0	0	0	0	
312.789600	8	3	3	0	1	2	2	4199	486	28	18768	3	1	93	0	0	0	0	0	0	0	0	0	0	0	0	0	0	
313.794717	8	3	3	0	1	2	2	4198	480	28	18828	3	1	93	0	0	0	0	0	0	0	0	0	0	0	0	0	0	
314.799833	8	3	3	0	1	2	2	4199	473	28	18888	3	1	93	0	0	0	0	0	0	0	0	0	0	0	0	0	0	
315.806400	8	3	3	0	1	2	2	4199	467	28	18949	3	1	93	0	0	0	0	0	0	0	0	0	0	0	0	0	0	
316.792800	8	3	3	0	1	2	2	4198	460	28	19008	3	1	93	0	0	0	0	0	0	0	0	0	0	0	0	0	0	
317.797917	8	3	3	0	1	2	2	4199	454	28	19068	3	1	93	0	0	0	0	0	0	0	0	0	0	0	0	0	0	
318.803033	8	3	3	0	1	2	2	4198	447	28	19129	3	1	93	0	0	0	0	0	0	0	0	0	0	0	0	0	0	
319.789433	8	3	3	0	1	2	2	4199	440	28	19188	3	1	93	0	0	0	0	0	0	0	0	0	0	0	0	0	0	
320.794567	8	3	3	0	1	2	2	4198	433	28	19248	3	1	93	0	0	0	0	0	0	0	0	0	0	0	0	0	0	
321.799683	8	3	3	0	1	2	2	4198	426	28	19308	3	1	93	0	0	0	0	0	0	0	0	0	0	0	0	0	0	
322.804800	8	3	3	0	1	2	2	4199	417	28	19369	3	1	93	0	0	0	0	0	0	0	0	0	0	0	0	0	0	
323.791200	8	3	3	0	1	2	2	4199	409	28	19428	3	1	93	0	0	0	0	0	0	0	0	0	0	0	0	0	0	
324.797767	8	3	3	0	1	2	2	4199	401	28	19488	3	1	93	0	0	0	0	0	0	0	0	0	0	0	0	0	0	
325.802883	8	3	3	0	1	2	2	4198	394	28	19548	3	1	93	0	0	0	0	0	0	0	0	0	0	0	0	0	0	
326.789283	8	3	3	0	1	2	2	4198	386	28	19608	3	1	93	0	0	0	0	0	0	0	0	0	0	0	0	0	0	
327.794400	8	3	3	0	1	2	2	4199	381	28	19668	3	1	93	0	0	0	0	0	0	0	0	0	0	0	0	0	0	
328.799517	8	3	3	0	1	2	2	4199	375	28	19728	3	1	93	0	0	0	0	0	0	0	0	0	0	0	0	0	0	
329.806083	8	3	3	0	1	2	2	4198	371	28	19789	3	1	93	0	0	0	0	0	0	0	0	0	0	0	0	0	0	
330.792483	8	3	3	0	1	2	2	4199	365	28	19848	3	1	93	0	0	0	0	0	0	0	0	0	0	0	0	0	0	
331.797600	8	3	3	0	1	2	2	4199	359	28	19908	3	1	93	0	0	0	0	0	0	0	0	0	0	0	0	0	0	
332.802717	8	3	3	0	1	2	2	4199	354	28	19968	3	1	93	0	0	0	0	0	0	0	0	0	0	0	0	0	0	
333.789117	8	3	3	0	1	2	2	4198	347	28	20028	3	1	93	0	0	0	0	0	0	0	0	0	0	0	0	0	0	
334.794233	8	3	3	0	1	2	2	4198	339	28	20088	3	1	93	0	0	0	0	0	0	0	0	0	0	0	0	0	0	
335.799367	8	3	3	0	1	2	2	4198	328	28	20148	3	1	93	0	0	0	0	0	0	0	0	0	0	0	0	0	0	
336.804483	8	3	3	0	1	2	2	4199	321	28	20209	3	1	93	0	0	0	0	0	0	0	0	0	0	0	0	0	0	
337.792317	8	3	3	0	1	2	2	4199	314	28	20268	3	1	93	0	0	0	0	0	0	0	0	0	0	0	0	0	0	
338.797433	8	3	3	0	1	2	2	4199	306	28	20328	3	1	93	0	0	0	0	0	0	0	0	0	0	0	0	0	0	
339.802567	8	3	3	0	1	2	2	4199	298	28	20388	3	1	93	0	0	0	0	0	0	0	0	0	0	0	0	0	0	
340.807683	8	3	3	0	1	2	2	4198	292	28	20449	3	1	93	0	0	0	0	0	0	0	0	0	0	0	0	0	0	
341.794083	8	3	3	0	1	2	2	4199	286	28	20508	3	1	93	0	0	0	0	0	0	0	0	0	0	0	0	0	0	
342.799200	8	3	3	0	1	2	2	4198	280	28	20568	3	1	93	0	0	0	0	0	0	0	0	0	0	0	0	0	0	
343.805767	8	3	3	0	1	2	2	4198	276	28	20629	3	1	93	0	0	0	0	0	0	0	0	0	0	0	0	0	0	
344.792167	8	3	3	0	1	2	2	4199	269	28	20688	3	1	93	0	0	0	0	0	0	0	0	0	0	0	0	0	0	
345.797283	8	3	3	0	1	2	2	4198	264	28	20748	3	1	93	0	0	0	0	0	0	0	0	0	0	0	0	0	0	
346.802400	8	3	3	0	1	2	2	4198	257	28	20808	3	1	93	0	0	0	0	0	0	0	0	0	0	0	0	0	0	
347.807517	8	3	3	0	1	2	2	4199	252	28	20869	3	1	93	0	0	0	0	0	0	0	0	0	0	0	0	0	0	
348.793917	8	3	3	0	1	2	2	4199	249	28	20928	3	1	93	0	0	0	0	0	0	0	0	0	0	0	0	0	0	
349.799033	8	3	3	0	1	2	2	4199	243	28	20988	3	1	93	0	0	0	0	0	0	0	0	0	0	0	0	0	0	
350.805600	8	3	3	0	1	2	2	4199	239	28	21049	3	1	93	0	0	0	0	0	0	0	0	0	0	0	0	0	0	
351.792000	8	3	3	0	1	2	2	4199	233	28	21108	3	1	93	0	0	0	0	0	0	0	0	0	0	0	0	0	0	
352.797117	8	3	3	0	1	2	2	4198	228	28	21168	3	1	93	0	0	0	0	0	0	0	0	0	0	0	0	0	0	
353.802233	8	3	3	0	1	2	2	4199	223	28	21228	3	1	93	0	0	0	0	0	0	0	0	0	0	0	0	0	0	
354.807367	8	3	3	0	1	2	2	4199	218	28	21289	3	1	93	0	0	0	0	0	0	0	0	0	0	0	0	0	0	
355.793767	8	3	3	0	1	2	2	4198	215	28	21348	3	1	93	0	0	0	0	0	0	0	0	0	0	0	0	0	0	
356.800317	8	3	3	0	1	2	2	4198	210	28	21408	3	1	93	0	0	0	0	0	0	0	0	0	0	0	0	0	0	
357.805433	8	3	3	0	1	2	2	4199	206	28	21468	3	1	93	0	0	0	0	0	0	0	0	0	0	0	0	0	0	
358.791833	8	3	3	0	1	2	2	4199	202	28	21528	3	1	93	0	0	0	0	0	0	0	0	0	0	0	0	0	0	
359.796967	8	3	3	0	1	2	2	4198	198	28	21588	3	1	93	0	0	0	0	0	0	0	0	0	0	0	0	0	0	
360.803517	8	3	3	0	1	2	2	4199	194	28	21648	3	1	93	0	0	0	0	0	0	0	0	0	0	0	0	0	0	
361.808633	8	3	3	0	1	2	2	4199	191	28	21709	3	1	93	0	0	0	0	0	0	0	0	0	0	0	0	0	0	
362.796483	8	3	3	0	1	2	2	4199	186	28	21768	3	1	93	0	0	0	0	0	0	0	0	0	0	0	0	0	0	
363.801600	8	3	3	0	1	2	2	4199	183	28	21828	3	1	93	0	0	0	0	0	0	0	0	0	0	0	0	0	0	
364.806717	8	3	3	0	1	2	2	4199	179	28	21889	3	1	93	0	0	0	0	0	0	0	0	0	0	0	0	0	0	
365.793117	8	3	3	0	1	2	2	4199	175	28	21948	3	1	93	0	0	0	0	0	0	0	0	0	0	0	0	0	0	
366.798233	8	3	3	0	1	2	2	4199	171	28	22008	3	1	93	0	0	0	0	0	0	0	0	0	0	0	0	0	0	
367.803367	8	3	3	0	1	2	2	4198	168	28	22068	3	1	93	0	0	0	0	0	0	0	0	0	0	0	0	0	0	
368.808483	8	3	3	0	1	2	2	4199	165	28	22129	3	1	93	0	0	0	0	0	0	0	0	0	0	0	0	0	0	
369.794883	8	3	3	0	1	2	2	4199	162	28	22188	3	1	93	0	0	0	0	0	0	0	0	0	0	0	0	0	0	
370.800000	8	3	3	0	1	2	2	4199	157	28	22248	3	1	93	0	0	0	0	0	0	0	0	0	0	0	0	0	0	
371.806567	8	3	3	0	1	2	2	4199	153	28	22308	3	1	93	0	0	0	0	0	0	0	0	0	0	0	0	0	0	
372.791517	8	3	3	0	1	2	2	4199	150	28	22368	3	1	93	0	0	0	0	0	0	0	0	0	0	0	0	0	0	
373.798083	8	3	3	0	1	2	2	4199	147	28	22428	3	1	93	0	0	0	0	0	0	0	0	0	0	0	0	0	0	
374.803200	8	3	3	0	1	2	2	4199	144	28	22488	3	1	93	0	0	0	0	0	0	0	0	0	0	0	0	0	0	
375.808317	8	3	3	0	1	2	2	4199	140	28	22549	3	1	93	0	0	0	0	0	0	0	0	0	0	0	0	0	0	
376.794717	8	3	3	0	1	2	2	4198	138	28	22608	3	1	93	0	0	0	0	0	0	0	0	0	0	0	0	0	0	
377.805600	8	3	3	0	1	2	2	4198	134	28	22668	3	1	93	0	0	0	0	0	0	0	0	0	0	0	0	0	0	
378.810717	8	3	3	0	1	2	2	4199	131	28	22729	3	1	93	0	0	0	0	0	0	0	0	0	0	0	0	0	0	
379.797117	8	3	3	0	1	2	2	4198	129	28	22788	3	1	93	0	0	0	0	0	0	0	0	0	0	0	0	0	0	
380.802233	8	3	3	0	1	2	2	4199	127	28	22848	3	1	93	0	0	0	0	0	0	0	0	0	0	0	0	0	0	
381.807367	8	3	3	0	1	2	2	4198	124	28	22909	3	1	93	0	0	0	0	0	0	0	0	0	0	0	0	0	0	
382.795200	8	3	3	0	1	2	2	4199	121	28	22968	3	1	93	0	0	0	0	0	0	0	0	0	0	0	0	0	0	
383.800317	8	3	3	0	1	2	2	4199	119	28	23028	3	1	93	0	0	0	0	0	0	0	0	0	0	0	0	0	0	
384.805433	8	3	3	0	1	2	2	4199	116	28	23088	3	1	93	0	0	0	0	0	0	0	0	0	0	0	0	0	0	
385.810567	8	3	3	0	1	2	2	4199	114	28	23149	3	1	93	0	0	0	0	0	0	0	0	0	0	0	0	0	0	
386.796967	8	3	3	0	1	2	2	4199	112	28	23208	3	1	93	0	0	0	0	0	0	0	0	0	0	0	0	0	0	
387.802083	8	3	3	0	1	2	2	4198	110	28	23268	3	1	93	0	0	0	0	0	0	0	0	0	0	0	0	0	0	
388.807200	8	3	3	0	1	2	2	4199	107	28	23328	3	1	93	0	0	0	0	0	0	0	0	0	0	0	0	0	0	
389.793600	8	3	3	0	1	2	2	4199	105	28	23388	3	1	93	0	0	0	0	0	0	0	0	0	0	0	0	0	0	
390.800167	8	3	3	0	1	2	2	4199	102	28	23448	3	1	93	0	0	0	0	0	0	0	0	0	0	0	0	0	0	
391.805283	8	3	3	0	1	2	2	4199	100	28	23508	3	1	93	0	0	0	0	0	0	0	0	0	0	0	0	0	0	
392.810400	8	3	3	0	1	2	2	4198	97	28	23569	3	1	93	0	0	0	0	0	0	0	0	0	0	0	0	0	0	
393.796800	8	3	3	0	1	2	2	4199	97	28	23628	3	1	93	0	0	0	0	0	0	0	0	0	0	0	0	0	0	
394.801917	8	3	3	0	1	2	2	4199	95	28	23688	3	1	93	0	0	0	0	0	0	0	0	0	0	0	0	0	0	
395.808483	8	3	3	0	1	2	2	4198	92	28	23748	3	1	93	0	0	0	0	0	0	0	0	0	0	0	0	0	0	
396.794883	8	3	3	0	1	2	2	4199	91	28	23808	3	1	93	0	0	0	0	0	0	0	0	0	0	0	0	0	0	
397.800000	8	3	3	0	1	2	2	4198	88	28	23868	3	1	93	0	0	0	0	0	0	0	0	0	0	0	0	0	0	
398.805117	8	3	3	0	1	2	2	4199	86	28	23928	3	1	93	0	0	0	0	0	0	0	0	0	0	0	0	0	0	
399.810233	8	3	3	0	1	2	2	4198	85	28	23989	3	1	93	0	0	0	0	0	0	0	0	0	0	0	0	0	0	
400.796633	8	3	3	0	1	2	2	4199	83	28	24048	3	1	93	0	0	0	0	0	0	0	0	0	0	0	0	0	0	
401.801767	8	3	3	0	1	2	2	4198	81	28	24108	3	1	93	0	0	0	0	0	0	0	0	0	0	0	0	0	0	
402.806883	8	3	3	0	1	2	2	4199	81	28	24168	3	1	93	0	0	0	0	0	0	0	0	0	0	0	0	0	0	
403.813433	8	3	3	0	1	2	2	4199	78	28	24229	3	1	93	0	0	0	0	0	0	0	0	0	0	0	0	0	0	
404.799833	8	3	3	0	1	2	2	4198	76	28	24288	3	1	93	0	0	0	0	0	0	0	0	0	0	0	0	0	0	
405.804967	8	3	3	0	1	2	2	4199	75	28	24348	3	1	93	0	0	0	0	0	0	0	0	0	0	0	0	0	0	
406.810083	8	3	3	0	1	2	2	4199	74	28	24409	3	1	93	0	0	0	0	0	0	0	0	0	0	0	0	0	0	
407.796483	8	3	3	0	1	2	2	4198	72	28	24468	3	1	93	0	0	0	0	0	0	0	0	0	0	0	0	0	0	
408.801600	8	3	3	0	1	2	2	4199	70	28	24528	3	1	93	0	0	0	0	0	0	0	0	0	0	0	0	0	0	
409.806717	8	3	3	0	1	2	2	4199	70	28	24588	3	1	93	0	0	0	0	0	0	0	0	0	0	0	0	0	0	
410.811833	8	3	3	0	1	2	2	4198	67	28	24649	3	1	93	0	0	0	0	0	0	0	0	0	0	0	0	0	0	
411.084000	8	6	3	0	2	7	1	3605	-1349	28	24665	3	2	0	0	0	0	0	0	0	0	0	0	0	0	0	0	0	
411.801117	8	6	3	0	2	7	1	3608	-1350	28	24708	3	2	1	0	0	0	0	0	0	0	0	0	0	0	0	0	0	
412.806233	8	6	3	0	2	7	1	3579	-1349	28	24768	3	2	2	0	0	0	0	0	0	0	0	0	0	0	0	0	0	
413.811367	8	6	3	0	2	7	1	3556	-1349	28	24829	3	2	4	0	0	0	0	0	0	0	0	0	0	0	0	0	0	
414.797767	8	6	3	0	2	7	1	3515	-1350	28	24888	3	2	6	0	0	0	0	0	0	0	0	0	0	0	0	0	0	
415.802883	8	6	3	0	2	7	1	3414	-1348	28	24948	3	2	7	0	0	0	0	0	0	0	0	0	0	0	0	0	0	
416.808000	8	6	3	0	2	7	1	3401	-1351	28	25008	3	2	9	0	0	0	0	0	0	0	0	0	0	0	0	0	0	
417.813117	8	6	3	0	2	7	1	3501	-1349	28	25069	3	2	11	0	0	0	0	0	0	0	0	0	0	0	0	0	0	
418.799517	8	6	3	0	2	7	1	3503	-1350	28	25128	3	2	12	0	0	0	0	0	0	0	0	0	0	0	0	0	0	
419.806083	8	6	3	0	2	7	1	3500	-1348	28	25188	3	2	14	0	0	0	0	0	0	0	0	0	0	0	0	0	0	
420.811200	8	6	3	0	2	7	1	3489	-1350	28	25249	3	2	16	0	0	0	0	0	0	0	0	0	0	0	0	0	0	
421.797600	8	6	3	0	2	7	1	3476	-1349	28	25308	3	2	17	0	0	0	0	0	0	0	0	0	0	0	0	0	0	
422.802717	8	6	3	0	2	7	1	3465	-1351	28	25368	3	2	19	0	0	0	0	0	0	0	0	0	0	0	0	0	0	
423.807833	8	6	3	0	2	7	1	3454	-1350	28	25428	3	2	21	0	0	0	0	0	0	0	0	0	0	0	0	0	0	
424.812967	8	6	3	0	2	7	1	3441	-1350	28	25489	3	2	22	0	0	0	0	0	0	0	0	0	0	0	0	0	0	
425.799367	8	6	3	0	2	7	1	3429	-1349	28	25548	3	2	24	0	0	0	0	0	0	0	0	0	0	0	0	0	0	
426.804483	8	6	3	0	2	7	1	3418	-1351	28	25608	3	2	26	0	0	0	0	0	0	0	0	0	0	0	0	0	0	
427.811033	8	6	3	0	2	7	1	3407	-1348	28	25668	3	2	27	0	0	0	0	0	0	0	0	0	0	0	0	0	0	
428.797433	8	6	3	0	2	7	1	3396	-1348	28	25728	3	2	29	0	0	0	0	0	0	0	0	0	0	0	0	0	0	
429.802567	8	6	3	0	2	7	1	3390	-1348	28	25788	3	2	31	0	0	0	0	0	0	0	0	0	0	0	0	0	0	
430.807683	8	6	3	0	2	7	1	3377	-1350	28	25848	3	2	32	0	0	0	0	0	0	0	0	0	0	0	0	0	0	
431.812800	8	6	3	0	2	7	1	3366	-1349	28	25909	3	2	34	0	0	0	0	0	0	0	0	0	0	0	0	0	0	
432.799200	8	6	3	0	2	7	1	3355	-1350	28	25968	3	2	35	0	0	0	0	0	0	0	0	0	0	0	0	0	0	
433.804317	8	6	3	0	2	7	1	3343	-1351	28	26028	3	2	37	0	0	0	0	0	0	0	0	0	0	0	0	0	0	
434.809433	8	6	3	0	2	7	1	3335	-1349	28	26088	3	2	39	0	0	0	0	0	0	0	0	0	0	0	0	0	0	
435.816000	8	6	3	0	2	7	1	3325	-1349	28	26149	3	2	40	0	0	0	0	0	0	0	0	0	0	0	0	0	0	
436.802400	8	6	3	0	2	7	1	3316	-1348	28	26208	3	2	42	0	0	0	0	0	0	0	0	0	0	0	0	0	0	
437.807517	8	6	3	0	2	7	1	3306	-1349	28	26268	3	2	44	0	0	0	0	0	0	0	0	0	0	0	0	0	0	
438.812633	8	6	3	0	2	7	1	3299	-1349	28	26329	3	2	45	0	0	0	0	0	0	0	0	0	0	0	0	0	0	
439.799033	8	6	3	0	2	7	1	3290	-1350	28	26388	3	2	47	0	0	0	0	0	0	0	0	0	0	0	0	0	0	
440.804167	8	6	3	0	2	7	1	3282	-1349	28	26448	3	2	49	0	0	0	0	0	0	0	0	0	0	0	0	0	0	
441.809283	8	6	3	0	2	7	1	3276	-1351	28	26508	3	2	50	0	0	0	0	0	0	0	0	0	0	0	0	0	0	
442.815833	8	6	3	0	2	7	1	3269	-1349	28	26569	3	2	52	0	0	0	0	0	0	0	0	0	0	0	0	0	0	
443.802233	8	6	3	0	2	7	1	3260	-1349	28	26628	3	2	54	0	0	0	0	0	0	0	0	0	0	0	0	0	0	
444.807367	8	6	3	0	2	7	1	3254	-1349	28	26688	3	2	55	0	0	0	0	0	0	0	0	0	0	0	0	0	0	
445.812483	8	6	3	0	2	7	1	3247	-1351	28	26748	3	2	57	0	0	0	0	0	0	0	0	0	0	0	0	0	0	
446.798883	8	6	3	0	2	7	1	3241	-1349	28	26808	3	2	59	0	0	0	0	0	0	0	0	0	0	0	0	0	0	
447.804000	8	6	3	0	2	7	1	3234	-1348	28	26868	3	2	60	0	0	0	0	0	0	0	0	0	0	0	0	0	0	
448.813433	8	6	3	0	2	7	1	3229	-1350	28	26929	3	2	62	0	0	0	0	0	0	0	0	0	0	0	0	0	0	
449.799833	8	6	3	0	2	7	1	3223	-1349	28	26988	3	2	64	0	0	0	0	0	0	0	0	0	0	0	0	0	0	
450.804967	8	6	3	0	2	7	1	3217	-1350	28	27048	3	2	65	0	0	0	0	0	0	0	0	0	0	0	0	0	0	
451.810083	8	6	3	0	2	7	1	3211	-1350	28	27108	3	2	67	0	0	0	0	0	0	0	0	0	0	0	0	0	0	
452.815200	8	6	3	0	2	7	1	3205	-1349	28	27169	3	2	69	0	0	0	0	0	0	0	0	0	0	0	0	0	0	
453.801600	8	6	3	0	2	7	1	3198	-1350	28	27228	3	2	70	0	0	0	0	0	0	0	0	0	0	0	0	0	0	
454.806717	8	6	3	0	2	7	1	3189	-1349	28	27288	3	2	72	0	0	0	0	0	0	0	0	0	0	0	0	0	0	
455.811833	8	6	3	0	2	7	1	3181	-1350	28	27348	3	2	73	0	0	0	0	0	0	0	0	0	0	0	0	0	0	
456.798233	8	6	3	0	2	7	1	3173	-1350	28	27408	3	2	75	0	0	0	0	0	0	0	0	0	0	0	0	0	0	
457.804800	8	6	3	0	2	7	1	3165	-1349	28	27468	3	2	77	0	0	0	0	0	0	0	0	0	0	0	0	0	0	
458.809917	8	6	3	0	2	7	1	3155	-1349	28	27528	3	2	78	0	0	0	0	0	0	0	0	0	0	0	0	0	0	
459.815033	8	6	3	0	2	7	1	3142	-1349	28	27589	3	2	80	0	0	0	0	0	0	0	0	0	0	0	0	0	0	
460.801433	8	6	3	0	2	7	1	3129	-1349	28	27648	3	2	82	0	0	0	0	0	0	0	0	0	0	0	0	0	0	
461.806567	8	6	3	0	2	7	1	3110	-1349	28	27708	3	2	83	0	0	0	0	0	0	0	0	0	0	0	0	0	0	
462.811683	8	6	3	0	2	7	1	3087	-1349	28	27768	3	2	85	0	0	0	0	0	0	0	0	0	0	0	0	0	0	
463.816800	8	6	3	0	2	7	1	3055	-1350	28	27829	3	2	87	0	0	0	0	0	0	0	0	0	0	0	0	0	0	
464.803200	8	6	3	0	2	7	1	3010	-1350	28	27888	3	2	88	0	0	0	0	0	0	0	0	0	0	0	0	0	0	
465.809767	8	6	3	0	2	7	1	2938	-1349	28	27948	3	2	90	0	0	0	0	0	0	0	0	0	0	0	0	0	0	
466.814883	8	6	3	0	2	7	1	2803	-1348	28	28009	3	2	92	0	0	0	0	0	0	0	0	0	0	0	0	0	0	
467.291517	8	15	3	0	1	31	2	2904	23	28	28037	4	2	92	0	0	0	0	0	0	0	0	0	0	0	0	0	0	
467.313117	8	3	3	0	1	2	2	3380	678	28	28038	5	2	92	0	0	0	0	0	0	0	0	0	0	0	0	0	0	
467.804167	8	3	3	0	1	2	2	3544	675	28	28068	5	2	92	0	0	0	0	0	0	0	0	0	0	0	0	0	0	
468.809283	8	3	3	0	1	2	2	3673	675	28	28128	5	2	92	0	0	0	0	0	0	0	0	0	0	0	0	0	0	
469.814400	8	3	3	0	1	2	2	3753	674	28	28189	5	2	92	0	0	0	0	0	0	0	0	0	0	0	0	0	0	
470.800800	8	3	3	0	1	2	2	3817	676	28	28248	5	2	92	0	0	0	0	0	0	0	0	0	0	0	0	0	0	
471.805917	8	3	3	0	1	2	2	3869	675	28	28308	5	2	92	0	0	0	0	0	0	0	0	0	0	0	0	0	0	
472.812483	8	3	3	0	1	2	2	3913	674	28	28368	5	2	92	0	0	0	0	0	0	0	0	0	0	0	0	0	0	
473.817600	8	3	3	0	1	2	2	3941	675	28	28429	5	2	92	0	0	0	0	0	0	0	0	0	0	0	0	0	0	
474.804000	8	3	3	0	1	2	2	3957	674	28	28488	5	2	92	0	0	0	0	0	0	0	0	0	0	0	0	0	0	
475.809117	8	3	3	0	1	2	2	3968	675	28	28548	5	2	92	0	0	0	0	0	0	0	0	0	0	0	0	0	0	
476.814233	8	3	3	0	1	2	2	3977	674	28	28608	5	2	92	0	0	0	0	0	0	0	0	0	0	0	0	0	0	
477.800633	8	3	3	0	1	2	2	3986	674	28	28668	5	2	92	0	0	0	0	0	0	0	0	0	0	0	0	0	0	
478.805767	8	3	3	0	1	2	2	3993	675	28	28728	5	2	92	0	0	0	0	0	0	0	0	0	0	0	0	0	0	
479.812317	8	3	3	0	1	2	2	3999	675	28	28788	5	2	92	0	0	0	0	0	0	0	0	0	0	0	0	0	0	
480.817433	8	3	3	0	1	2	2	4006	675	28	28849	5	2	92	0	0	0	0	0	0	0	0	0	0	0	0	0	0	
481.803833	8	3	3	0	1	2	2	4012	675	28	28908	5	2	92	0	0	0	0	0	0	0	0	0	0	0	0	0	0	
482.808967	8	3	3	0	1	2	2	4018	674	28	28968	5	2	92	0	0	0	0	0	0	0	0	0	0	0	0	0	0	
483.814083	8	3	3	0	1	2	2	4024	674	28	29028	5	2	92	0	0	0	0	0	0	0	0	0	0	0	0	0	0	
484.819200	8	3	3	0	1	2	2	4032	675	28	29089	5	2	92	0	0	0	0	0	0	0	0	0	0	0	0	0	0	
485.805600	8	3	3	0	1	2	2	4038	675	28	29148	5	2	92	0	0	0	0	0	0	0	0	0	0	0	0	0	0	
486.810717	8	3	3	0	1	2	2	4045	674	28	29208	5	2	92	0	0	0	0	0	0	0	0	0	0	0	0	0	0	
487.815833	8	3	3	0	1	2	2	4052	675	28	29269	5	2	92	0	0	0	0	0	0	0	0	0	0	0	0	0	0	
488.802233	8	3	3	0	1	2	2	4057	674	28	29328	5	2	92	0	0	0	0	0	0	0	0	0	0	0	0	0	0	
489.807367	8	3	3	0	1	2	2	4063	674	28	29388	5	2	92	0	0	0	0	0	0	0	0	0	0	0	0	0	0	
490.813917	8	3	3	0	1	2	2	4068	674	28	29448	5	2	92	0	0	0	0	0	0	0	0	0	0	0	0	0	0	
491.819033	8	3	3	0	1	2	2	4073	675	28	29509	5	2	92	0	0	0	0	0	0	0	0	0	0	0	0	0	0	
492.805433	8	3	3	0	1	2	2	4077	674	28	29568	5	2	92	0	0	0	0	0	0	0	0	0	0	0	0	0	0	
493.810567	8	3	3	0	1	2	2	4081	675	28	29628	5	2	92	0	0	0	0	0	0	0	0	0	0	0	0	0	0	
494.815683	8	3	3	0	1	2	2	4085	675	28	29688	5	2	92	0	0	0	0	0	0	0	0	0	0	0	0	0	0	
495.802083	8	3	3	0	1	2	2	4088	675	28	29748	5	2	92	0	0	0	0	0	0	0	0	0	0	0	0	0	0	
496.807200	8	3	3	0	1	2	2	4090	674	28	29808	5	2	92	0	0	0	0	0	0	0	0	0	0	0	0	0	0	
497.813767	8	3	3	0	1	2	2	4093	674	28	29868	5	2	92	0	0	0	0	0	0	0	0	0	0	0	0	0	0	
498.818883	8	3	3	0	1	2	2	4096	675	28	29929	5	2	92	0	0	0	0	0	0	0	0	0	0	0	0	0	0	
499.805283	8	3	3	0	1	2	2	4098	675	28	29988	5	2	92	0	0	0	0	0	0	0	0	0	0	0	0	0	0	
500.810400	8	3	3	0	1	2	2	4101	675	28	30048	5	2	92	0	0	0	0	0	0	0	0	0	0	0	0	0	0	
501.815517	8	3	3	0	1	2	2	4104	675	28	30108	5	2	92	0	0	0	0	0	0	0	0	0	0	0	0	0	0	
502.820633	8	3	3	0	1	2	2	4105	674	28	30169	5	2	92	0	0	0	0	0	0	0	0	0	0	0	0	0	0	
503.807033	8	3	3	0	1	2	2	4108	674	28	30228	5	2	92	0	0	0	0	0	0	0	0	0	0	0	0	0	0	
504.812167	8	3	3	0	1	2	2	4111	675	28	30288	5	2	92	0	0	0	0	0	0	0	0	0	0	0	0	0	0	
505.817283	8	3	3	0	1	2	2	4113	674	28	30349	5	2	92	0	0	0	0	0	0	0	0	0	0	0	0	0	0	
506.803683	8	3	3	0	1	2	2	4116	674	28	30408	5	2	92	0	0	0	0	0	0	0	0	0	0	0	0	0	0	
507.810233	8	3	3	0	1	2	2	4119	675	28	30468	5	2	92	0	0	0	0	0	0	0	0	0	0	0	0	0	0	
508.815367	8	3	3	0	1	2	2	4117	666	28	30528	5	2	92	0	0	0	0	0	0	0	0	0	0	0	0	0	0	
509.820483	8	3	3	0	1	2	2	4120	666	28	30589	5	2	92	0	0	0	0	0	0	0	0	0	0	0	0	0	0	
510.806883	8	3	3	0	1	2	2	4123	667	28	30648	5	2	92	0	0	0	0	0	0	0	0	0	0	0	0	0	0	
511.812000	8	3	3	0	1	2	2	4126	666	28	30708	5	2	92	0	0	0	0	0	0	0	0	0	0	0	0	0	0	
512.817117	8	3	3	0	1	2	2	4129	666	28	30768	5	2	92	0	0	0	0	0	0	0	0	0	0	0	0	0	0	
513.803517	8	3	3	0	1	2	2	4131	665	28	30828	5	2	92	0	0	0	0	0	0	0	0	0	0	0	0	0	0	
514.808633	8	3	3	0	1	2	2	4134	665	28	30888	5	2	92	0	0	0	0	0	0	0	0	0	0	0	0	0	0	
515.815200	8	3	3	0	1	2	2	4137	665	28	30948	5	2	92	0	0	0	0	0	0	0	0	0	0	0	0	0	0	
516.820317	8	3	3	0	1	2	2	4139	665	28	31009	5	2	92	0	0	0	0	0	0	0	0	0	0	0	0	0	0	
517.806717	8	3	3	0	1	2	2	4143	665	28	31068	5	2	92	0	0	0	0	0	0	0	0	0	0	0	0	0	0	
518.811833	8	3	3	0	1	2	2	4145	663	28	31128	5	2	92	0	0	0	0	0	0	0	0	0	0	0	0	0	0	
519.816967	8	3	3	0	1	2	2	4149	664	28	31188	5	2	92	0	0	0	0	0	0	0	0	0	0	0	0	0	0	
520.804800	8	3	3	0	1	2	2	4152	664	28	31248	5	2	92	0	0	0	0	0	0	0	0	0	0	0	0	0	0	
521.811367	8	3	3	0	1	2	2	4155	664	28	31308	5	2	92	0	0	0	0	0	0	0	0	0	0	0	0	0	0	
522.816483	8	3	3	0	1	2	2	4158	663	28	31368	5	2	92	0	0	0	0	0	0	0	0	0	0	0	0	0	0	
523.821600	8	3	3	0	1	2	2	4160	662	28	31429	5	2	92	0	0	0	0	0	0	0	0	0	0	0	0	0	0	
524.808000	8	3	3	0	1	2	2	4164	662	28	31488	5	2	92	0	0	0	0	0	0	0	0	0	0	0	0	0	0	
525.814567	8	3	3	0	1	2	2	4167	662	28	31548	5	2	92	0	0	0	0	0	0	0	0	0	0	0	0	0	0	
526.819683	8	3	3	0	1	2	2	4170	661	28	31609	5	2	92	0	0	0	0	0	0	0	0	0	0	0	0	0	0	
527.806083	8	3	3	0	1	2	2	4173	661	28	31668	5	2	92	0	0	0	0	0	0	0	0	0	0	0	0	0	0	
528.811200	8	3	3	0	1	2	2	4176	660	28	31728	5	2	92	0	0	0	0	0	0	0	0	0	0	0	0	0	0	
529.816317	8	3	3	0	1	2	2	4181	660	28	31788	5	2	92	0	0	0	0	0	0	0	0	0	0	0	0	0	0	
530.821433	8	3	3	0	1	2	2	4184	660	28	31849	5	2	92	0	0	0	0	0	0	0	0	0	0	0	0	0	0	
531.807833	8	3	3	0	1	2	2	4188	659	28	31908	5	2	92	0	0	0	0	0	0	0	0	0	0	0	0	0	0	
532.814400	8	3	3	0	1	2	2	4191	658	28	31968	5	2	92	0	0	0	0	0	0	0	0	0	0	0	0	0	0	
533.819517	8	3	3	0	1	2	2	4195	657	28	32028	5	2	92	0	0	0	0	0	0	0	0	0	0	0	0	0	0	
534.805917	8	3	3	0	1	2	2	4198	655	28	32088	5	2	92	0	0	0	0	0	0	0	0	0	0	0	0	0	0	
535.811033	8	3	3	0	1	2	2	4198	647	28	32148	5	2	92	0	0	0	0	0	0	0	0	0	0	0	0	0	0	
536.816167	8	3	3	0	1	2	2	4199	638	28	32208	5	2	92	0	0	0	0	0	0	0	0	0	0	0	0	0	0	
537.821283	8	3	3	0	1	2	2	4198	630	28	32269	5	2	92	0	0	0	0	0	0	0	0	0	0	0	0	0	0	
538.807683	8	3	3	0	1	2	2	4198	620	28	32328	5	2	92	0	0	0	0	0	0	0	0	0	0	0	0	0	0	
539.812800	8	3	3	0	1	2	2	4198	613	28	32388	5	2	92	0	0	0	0	0	0	0	0	0	0	0	0	0	0	
540.817917	8	3	3	0	1	2	2	4198	604	28	32448	5	2	92	0	0	0	0	0	0	0	0	0	0	0	0	0	0	
541.805767	8	3	3	0	1	2	2	4198	595	28	32508	5	2	92	0	0	0	0	0	0	0	0	0	0	0	0	0	0	
542.810883	8	3	3	0	1	2	2	4198	586	28	32568	5	2	92	0	0	0	0	0	0	0	0	0	0	0	0	0	0	
543.816000	8	3	3	0	1	2	2	4198	578	28	32628	5	2	92	0	0	0	0	0	0	0	0	0	0	0	0	0	0	
544.821117	8	3	3	0	1	2	2	4199	568	28	32689	5	2	92	0	0	0	0	0	0	0	0	0	0	0	0	0	0	
545.807517	8	3	3	0	1	2	2	4198	559	28	32748	5	2	92	0	0	0	0	0	0	0	0	0	0	0	0	0	0	
546.812633	8	3	3	0	1	2	2	4199	550	28	32808	5	2	92	0	0	0	0	0	0	0	0	0	0	0	0	0	0	
547.817767	8	3	3	0	1	2	2	4199	540	28	32868	5	2	92	0	0	0	0	0	0	0	0	0	0	0	0	0	0	
548.824317	8	3	3	0	1	2	2	4198	530	28	32929	5	2	92	0	0	0	0	0	0	0	0	0	0	0	0	0	0	
549.810717	8	3	3	0	1	2	2	4198	521	28	32988	5	2	92	0	0	0	0	0	0	0	0	0	0	0	0	0	0	
550.815833	8	3	3	0	1	2	2	4199	511	28	33048	5	2	92	0	0	0	0	0	0	0	0	0	0	0	0	0	0	
551.820967	8	3	3	0	1	2	2	4198	501	28	33109	5	2	92	0	0	0	0	0	0	0	0	0	0	0	0	0	0	
552.807367	8	3	3	0	1	2	2	4198	492	28	33168	5	2	92	0	0	0	0	0	0	0	0	0	0	0	0	0	0	
553.812483	8	3	3	0	1	2	2	4198	482	28	33228	5	2	92	0	0	0	0	0	0	0	0	0	0	0	0	0	0	
554.817600	8	3	3	0	1	2	2	4199	472	28	33288	5	2	92	0	0	0	0	0	0	0	0	0	0	0	0	0	0	
555.822717	8	3	3	0	1	2	2	4199	462	28	33349	5	2	92	0	0	0	0	0	0	0	0	0	0	0	0	0	0	
556.809117	8	3	3	0	1	2	2	4198	452	28	33408	5	2	92	0	0	0	0	0	0	0	0	0	0	0	0	0	0	
557.814233	8	3	3	0	1	2	2	4199	444	28	33468	5	2	92	0	0	0	0	0	0	0	0	0	0	0	0	0	0	
558.820800	8	3	3	0	1	2	2	4198	436	28	33528	5	2	92	0	0	0	0	0	0	0	0	0	0	0	0	0	0	
559.807200	8	3	3	0	1	2	2	4199	426	28	33588	5	2	92	0	0	0	0	0	0	0	0	0	0	0	0	0	0	
560.812317	8	3	3	0	1	2	2	4198	417	28	33648	5	2	92	0	0	0	0	0	0	0	0	0	0	0	0	0	0	
561.817433	8	3	3	0	1	2	2	4199	409	28	33708	5	2	92	0	0	0	0	0	0	0	0	0	0	0	0	0	0	
562.822567	8	3	3	0	1	2	2	4199	400	28	33769	5	2	92	0	0	0	0	0	0	0	0	0	0	0	0	0	0	
563.808967	8	3	3	0	1	2	2	4198	393	28	33828	5	2	92	0	0	0	0	0	0	0	0	0	0	0	0	0	0	
564.814083	8	3	3	0	1	2	2	4199	386	28	33888	5	2	92	0	0	0	0	0	0	0	0	0	0	0	0	0	0	
565.819200	8	3	3	0	1	2	2	4199	380	28	33948	5	2	92	0	0	0	0	0	0	0	0	0	0	0	0	0	0	
566.825767	8	3	3	0	1	2	2	4199	374	28	34009	5	2	92	0	0	0	0	0	0	0	0	0	0	0	0	0	0	
567.812167	8	3	3	0	1	2	2	4199	367	28	34068	5	2	92	0	0	0	0	0	0	0	0	0	0	0	0	0	0	
568.817283	8	3	3	0	1	2	2	4199	359	28	34128	5	2	92	0	0	0	0	0	0	0	0	0	0	0	0	0	0	
569.822400	8	3	3	0	1	2	2	4199	352	28	34189	5	2	92	0	0	0	0	0	0	0	0	0	0	0	0	0	0	
570.808800	8	3	3	0	1	2	2	4199	344	28	34248	5	2	92	0	0	0	0	0	0	0	0	0	0	0	0	0	0	
571.813917	8	3	3	0	1	2	2	4198	336	28	34308	5	2	92	0	0	0	0	0	0	0	0	0	0	0	0	0	0	
572.819033	8	3	3	0	1	2	2	4198	327	28	34368	5	2	92	0	0	0	0	0	0	0	0	0	0	0	0	0	0	
573.825600	8	3	3	0	1	2	2	4198	320	28	34429	5	2	92	0	0	0	0	0	0	0	0	0	0	0	0	0	0	
574.812000	8	3	3	0	1	2	2	4199	312	28	34488	5	2	92	0	0	0	0	0	0	0	0	0	0	0	0	0	0	
575.817117	8	3	3	0	1	2	2	4199	306	28	34548	5	2	92	0	0	0	0	0	0	0	0	0	0	0	0	0	0	
576.823683	8	3	3	0	1	2	2	4199	300	28	34609	5	2	92	0	0	0	0	0	0	0	0	0	0	0	0	0	0	
577.810083	8	3	3	0	1	2	2	4199	294	28	34668	5	2	92	0	0	0	0	0	0	0	0	0	0	0	0	0	0	
578.815200	8	3	3	0	1	2	2	4199	288	28	34728	5	2	92	0	0	0	0	0	0	0	0	0	0	0	0	0	0	
579.821767	8	3	3	0	1	2	2	4198	282	28	34788	5	2	92	0	0	0	0	0	0	0	0	0	0	0	0	0	0	
580.826883	8	3	3	0	1	2	2	4199	276	28	34849	5	2	92	0	0	0	0	0	0	0	0	0	0	0	0	0	0	
581.813283	8	3	3	0	1	2	2	4199	270	28	34908	5	2	92	0	0	0	0	0	0	0	0	0	0	0	0	0	0	
582.818400	8	3	3	0	1	2	2	4199	264	28	34968	5	2	92	0	0	0	0	0	0	0	0	0	0	0	0	0	0	
583.823517	8	3	3	0	1	2	2	4199	258	28	35029	5	2	92	0	0	0	0	0	0	0	0	0	0	0	0	0	0	
584.809917	8	3	3	0	1	2	2	4199	253	28	35088	5	2	92	0	0	0	0	0	0	0	0	0	0	0	0	0	0	
585.815033	8	3	3	0	1	2	2	4199	247	28	35148	5	2	92	0	0	0	0	0	0	0	0	0	0	0	0	0	0	
586.820167	8	3	3	0	1	2	2	4199	241	28	35208	5	2	92	0	0	0	0	0	0	0	0	0	0	0	0	0	0	
587.825283	8	3	3	0	1	2	2	4199	235	28	35269	5	2	92	0	0	0	0	0	0	0	0	0	0	0	0	0	0	
588.811683	8	3	3	0	1	2	2	4199	231	28	35328	5	2	92	0	0	0	0	0	0	0	0	0	0	0	0	0	0	
589.818233	8	3	3	0	1	2	2	4199	225	28	35388	5	2	92	0	0	0	0	0	0	0	0	0	0	0	0	0	0	
590.823367	8	3	3	0	1	2	2	4199	221	28	35448	5	2	92	0	0	0	0	0	0	0	0	0	0	0	0	0	0	
591.809767	8	3	3	0	1	2	2	4199	215	28	35508	5	2	92	0	0	0	0	0	0	0	0	0	0	0	0	0	0	
592.814883	8	3	3	0	1	2	2	4199	211	28	35568	5	2	92	0	0	0	0	0	0	0	0	0	0	0	0	0	0	
593.820000	8	3	3	0	1	2	2	4199	206	28	35628	5	2	92	0	0	0	0	0	0	0	0	0	0	0	0	0	0	
594.825117	8	3	3	0	1	2	2	4199	202	28	35689	5	2	92	0	0	0	0	0	0	0	0	0	0	0	0	0	0	
595.811517	8	3	3	0	1	2	2	4199	198	28	35748	5	2	92	0	0	0	0	0	0	0	0	0	0	0	0	0	0	
596.816633	8	3	3	0	1	2	2	4198	194	28	35808	5	2	92	0	0	0	0	0	0	0	0	0	0	0	0	0	0	
597.821767	8	3	3	0	1	2	2	4199	190	28	35868	5	2	92	0	0	0	0	0	0	0	0	0	0	0	0	0	0	
598.828317	8	3	3	0	1	2	2	4199	185	28	35929	5	2	92	0	0	0	0	0	0	0	0	0	0	0	0	0	0	
599.814717	8	3	3	0	1	2	2	4199	182	28	35988	5	2	92	0	0	0	0	0	0	0	0	0	0	0	0	0	0	
600.819833	8	3	3	0	1	2	2	4199	177	28	36048	5	2	92	0	0	0	0	0	0	0	0	0	0	0	0	0	0	
601.824967	8	3	3	0	1	2	2	4199	174	28	36109	5	2	92	0	0	0	0	0	0	0	0	0	0	0	0	0	0	
602.811367	8	3	3	0	1	2	2	4199	171	28	36168	5	2	92	0	0	0	0	0	0	0	0	0	0	0	0	0	0	
603.816483	8	3	3	0	1	2	2	4199	166	28	36228	5	2	92	0	0	0	0	0	0	0	0	0	0	0	0	0	0	
604.821600	8	3	3	0	1	2	2	4199	163	28	36288	5	2	92	0	0	0	0	0	0	0	0	0	0	0	0	0	0	
605.826717	8	3	3	0	1	2	2	4199	159	28	36349	5	2	92	0	0	0	0	0	0	0	0	0	0	0	0	0	0	
606.813117	8	3	3	0	1	2	2	4199	157	28	36408	5	2	92	0	0	0	0	0	0	0	0	0	0	0	0	0	0	
607.819683	8	3	3	0	1	2	2	4199	153	28	36468	5	2	92	0	0	0	0	0	0	0	0	0	0	0	0	0	0	
608.824800	8	3	3	0	1	2	2	4199	150	28	36528	5	2	92	0	0	0	0	0	0	0	0	0	0	0	0	0	0	
609.811200	8	3	3	0	1	2	2	4199	147	28	36588	5	2	92	0	0	0	0	0	0	0	0	0	0	0	0	0	0	
610.816317	8	3	3	0	1	2	2	4198	144	28	36648	5	2	92	0	0	0	0	0	0	0	0	0	0	0	0	0	0	
611.821433	8	3	3	0	1	2	2	4199	142	28	36708	5	2	92	0	0	0	0	0	0	0	0	0	0	0	0	0	0	
612.826567	8	3	3	0	1	2	2	4199	139	28	36769	5	2	92	0	0	0	0	0	0	0	0	0	0	0	0	0	0	
613.812967	8	3	3	0	1	2	2	4199	135	28	36828	5	2	92	0	0	0	0	0	0	0	0	0	0	0	0	0	0	
614.818083	8	3	3	0	1	2	2	4199	133	28	36888	5	2	92	0	0	0	0	0	0	0	0	0	0	0	0	0	0	
615.823200	8	3	3	0	1	2	2	4199	129	28	36948	5	2	92	0	0	0	0	0	0	0	0	0	0	0	0	0	0	
616.828317	8	3	3	0	1	2	2	4199	127	28	37009	5	2	92	0	0	0	0	0	0	0	0	0	0	0	0	0	0	
617.814717	8	3	3	0	1	2	2	4199	124	28	37068	5	2	92	0	0	0	0	0	0	0	0	0	0	0	0	0	0	
618.821283	8	3	3	0	1	2	2	4199	122	28	37128	5	2	92	0	0	0	0	0	0	0	0	0	0	0	0	0	0	
619.826400	8	3	3	0	1	2	2	4199	119	28	37189	5	2	92	0	0	0	0	0	0	0	0	0	0	0	0	0	0	
620.812800	8	3	3	0	1	2	2	4198	117	28	37248	5	2	92	0	0	0	0	0	0	0	0	0	0	0	0	0	0	
621.817917	8	3	3	0	1	2	2	4199	114	28	37308	5	2	92	0	0	0	0	0	0	0	0	0	0	0	0	0	0	
622.828800	8	3	3	0	1	2	2	4199	112	28	37369	5	2	92	0	0	0	0	0	0	0	0	0	0	0	0	0	0	
623.815200	8	3	3	0	1	2	2	4199	109	28	37428	5	2	92	0	0	0	0	0	0	0	0	0	0	0	0	0	0	
624.820317	8	3	3	0	1	2	2	4199	108	28	37488	5	2	92	0	0	0	0	0	0	0	0	0	0	0	0	0	0	
625.825433	8	3	3	0	1	2	2	4198	105	28	37548	5	2	92	0	0	0	0	0	0	0	0	0	0	0	0	0	0	
626.811833	8	3	3	0	1	2	2	4198	103	28	37608	5	2	92	0	0	0	0	0	0	0	0	0	0	0	0	0	0	
627.816967	8	3	3	0	1	2	2	4199	101	28	37668	5	2	92	0	0	0	0	0	0	0	0	0	0	0	0	0	0	
628.822083	8	3	3	0	1	2	2	4198	99	28	37728	5	2	92	0	0	0	0	0	0	0	0	0	0	0	0	0	0	
629.828633	8	3	3	0	1	2	2	4198	97	29	37789	5	2	92	0	0	0	0	0	0	0	0	0	0	0	0	0	0	
630.815033	8	3	3	0	1	2	2	4199	95	29	37848	5	2	92	0	0	0	0	0	0	0	0	0	0	0	0	0	0	
631.820167	8	3	3	0	1	2	2	4198	92	29	37908	5	2	92	0	0	0	0	0	0	0	0	0	0	0	0	0	0	
632.825283	8	3	3	0	1	2	2	4199	91	29	37968	5	2	92	0	0	0	0	0	0	0	0	0	0	0	0	0	0	
633.830400	8	3	3	0	1	2	2	4199	89	29	38029	5	2	92	0	0	0	0	0	0	0	0	0	0	0	0	0	0	
634.816800	8	3	3	0	1	2	2	4198	88	29	38088	5	2	92	0	0	0	0	0	0	0	0	0	0	0	0	0	0	
635.821917	8	3	3	0	1	2	2	4199	85	28	38148	5	2	92	0	0	0	0	0	0	0	0	0	0	0	0	0	0	
636.827033	8	3	3	0	1	2	2	4198	84	29	38209	5	2	92	0	0	0	0	0	0	0	0	0	0	0	0	0	0	
637.813433	8	3	3	0	1	2	2	4199	81	29	38268	5	2	92	0	0	0	0	0	0	0	0	0	0	0	0	0	0	
638.818567	8	3	3	0	1	2	2	4199	81	29	38328	5	2	92	0	0	0	0	0	0	0	0	0	0	0	0	0	0	
639.825117	8	3	3	0	1	2	2	4198	79	29	38388	5	2	92	0	0	0	0	0	0	0	0	0	0	0	0	0	0	
640.830233	8	3	3	0	1	2	2	4199	77	29	38449	5	2	92	0	0	0	0	0	0	0	0	0	0	0	0	0	0	
641.816633	8	3	3	0	1	2	2	4198	75	29	38508	5	2	92	0	0	0	0	0	0	0	0	0	0	0	0	0	0	
642.821767	8	3	3	0	1	2	2	4199	74	29	38568	5	2	92	0	0	0	0	0	0	0	0	0	0	0	0	0	0	
643.826883	8	3	3	0	1	2	2	4199	72	29	38628	5	2	92	0	0	0	0	0	0	0	0	0	0	0	0	0	0	
644.813283	8	3	3	0	1	2	2	4199	70	29	38688	5	2	92	0	0	0	0	0	0	0	0	0	0	0	0	0	0	
645.818400	8	3	3	0	1	2	2	4198	68	29	38748	5	2	92	0	0	0	0	0	0	0	0	0	0	0	0	0	0	
646.823517	8	3	3	0	1	2	2	4198	68	29	38808	5	2	92	0	0	0	0	0	0	0	0	0	0	0	0	0	0	
647.169117	8	6	3	0	2	7	1	3525	-1349	29	38829	5	3	0	0	0	0	0	0	0	0	0	0	0	0	0	0	0	
647.830083	8	6	3	0	2	7	1	3430	-1349	29	38869	5	3	1	0	0	0	0	0	0	0	0	0	0	0	0	0	0	
648.817917	8	6	3	0	2	7	1	3515	-1349	29	38928	5	3	2	0	0	0	0	0	0	0	0	0	0	0	0	0	0	
649.823033	8	6	3	0	2	7	1	3548	-1349	29	38988	5	3	4	0	0	0	0	0	0	0	0	0	0	0	0	0	0	
650.828167	8	6	3	0	2	7	1	3525	-1349	29	39048	5	3	6	0	0	0	0	0	0	0	0	0	0	0	0	0	0	
651.814567	8	6	3	0	2	7	1	3514	-1349	29	39108	5	3	7	0	0	0	0	0	0	0	0	0	0	0	0	0	0	
652.819683	8	6	3	0	2	7	1	3502	-1349	29	39168	5	3	9	0	0	0	0	0	0	0	0	0	0	0	0	0	0	
653.824800	8	6	3	0	2	7	1	3495	-1347	29	39228	5	3	10	0	0	0	0	0	0	0	0	0	0	0	0	0	0	
654.829917	8	6	3	0	2	7	1	3475	-1350	29	39289	5	3	12	0	0	0	0	0	0	0	0	0	0	0	0	0	0	
655.816317	8	6	3	0	2	7	1	3461	-1350	29	39348	5	3	14	0	0	0	0	0	0	0	0	0	0	0	0	0	0	
656.821433	8	6	3	0	2	7	1	3443	-1350	29	39408	5	3	15	0	0	0	0	0	0	0	0	0	0	0	0	0	0	
657.828000	8	6	3	0	2	7	1	3427	-1349	29	39468	5	3	17	0	0	0	0	0	0	0	0	0	0	0	0	0	0	
658.814400	8	6	3	0	2	7	1	3413	-1349	29	39528	5	3	19	0	0	0	0	0	0	0	0	0	0	0	0	0	0	
659.819517	8	6	3	0	2	7	1	3403	-1350	29	39588	5	3	20	0	0	0	0	0	0	0	0	0	0	0	0	0	0	
660.824633	8	6	3	0	2	7	1	3393	-1350	29	39648	5	3	22	0	0	0	0	0	0	0	0	0	0	0	0	0	0	
661.829767	8	6	3	0	2	7	1	3375	-1350	29	39709	5	3	24	0	0	0	0	0	0	0	0	0	0	0	0	0	0	
662.816167	8	6	3	0	2	7	1	3360	-1349	29	39768	5	3	25	0	0	0	0	0	0	0	0	0	0	0	0	0	0	
663.821283	8	6	3	0	2	7	1	3345	-1349	29	39828	5	3	27	0	0	0	0	0	0	0	0	0	0	0	0	0	0	
664.827833	8	6	3	0	2	7	1	3330	-1349	29	39888	5	3	29	0	0	0	0	0	0	0	0	0	0	0	0	0	0	
665.832967	8	6	3	0	2	7	1	3313	-1349	29	39949	5	3	30	0	0	0	0	0	0	0	0	0	0	0	0	0	0	
666.823683	8	6	3	0	2	7	1	3295	-1349	29	40008	5	3	32	0	0	0	0	0	0	0	0	0	0	0	0	0	0	
667.828800	8	6	3	0	2	7	1	3277	-1351	29	40068	5	3	34	0	0	0	0	0	0	0	0	0	0	0	0	0	0	
668.815200	8	6	3	0	2	7	1	3261	-1350	29	40128	5	3	35	0	0	0	0	0	0	0	0	0	0	0	0	0	0	
669.821767	8	6	3	0	2	7	1	3228	-1350	29	40188	5	3	37	0	0	0	0	0	0	0	0	0	0	0	0	0	0	
670.826883	8	6	3	0	2	7	1	3321	-1350	29	40248	5	3	39	0	0	0	0	0	0	0	0	0	0	0	0	0	0	
671.832000	8	6	3	0	2	7	1	3296	-1349	29	40309	5	3	40	0	0	0	0	0	0	0	0	0	0	0	0	0	0	
672.818400	8	6	3	0	2	7	1	3272	-1350	29	40368	5	3	42	0	0	0	0	0	0	0	0	0	0	0	0	0	0	
673.823517	8	6	3	0	2	7	1	3251	-1349	29	40428	5	3	44	0	0	0	0	0	0	0	0	0	0	0	0	0	0	
674.828633	8	6	3	0	2	7	1	3218	-1349	29	40488	5	3	45	0	0	0	0	0	0	0	0	0	0	0	0	0	0	
675.833767	8	6	3	0	2	7	1	3195	-1350	29	40549	5	3	47	0	0	0	0	0	0	0	0	0	0	0	0	0	0	
676.820167	8	6	3	0	2	7	1	3247	-1349	29	40608	5	3	48	0	0	0	0	0	0	0	0	0	0	0	0	0	0	
677.825283	8	6	3	0	2	7	1	3235	-1350	29	40668	5	3	50	0	0	0	0	0	0	0	0	0	0	0	0	0	0	
678.830400	8	6	3	0	2	7	1	3191	-1350	29	40729	5	3	52	0	0	0	0	0	0	0	0	0	0	0	0	0	0	
679.816800	8	6	3	0	2	7	1	3227	-1350	29	40788	5	3	53	0	0	0	0	0	0	0	0	0	0	0	0	0	0	
680.821917	8	6	3	0	2	7	1	3238	-1350	29	40848	5	3	55	0	0	0	0	0	0	0	0	0	0	0	0	0	0	
681.828483	8	6	3	0	2	7	1	3234	-1349	29	40908	5	3	57	0	0	0	0	0	0	0	0	0	0	0	0	0	0	
682.833600	8	6	3	0	2	7	1	3230	-1349	29	40969	5	3	58	0	0	0	0	0	0	0	0	0	0	0	0	0	0	
683.820000	8	6	3	0	2	7	1	3226	-1351	29	41028	5	3	60	0	0	0	0	0	0	0	0	0	0	0	0	0	0	
684.825117	8	6	3	0	2	7	1	3225	-1349	29	41088	5	3	62	0	0	0	0	0	0	0	0	0	0	0	0	0	0	
685.830233	8	6	3	0	2	7	1	3218	-1349	29	41148	5	3	63	0	0	0	0	0	0	0	0	0	0	0	0	0	0	
686.816633	8	6	3	0	2	7	1	3211	-1350	29	41208	5	3	65	0	0	0	0	0	0	0	0	0	0	0	0	0	0	
687.821767	8	6	3	0	2	7	1	3205	-1350	29	41268	5	3	67	0	0	0	0	0	0	0	0	0	0	0	0	0	0	
688.826883	8	6	3	0	2	7	1	3200	-1348	29	41328	5	3	68	0	0	0	0	0	0	0	0	0	0	0	0	0	0	
689.833433	8	6	3	0	2	7	1	3194	-1349	29	41389	5	3	70	0	0	0	0	0	0	0	0	0	0	0	0	0	0	
690.819833	8	6	3	0	2	7	1	3188	-1350	29	41448	5	3	72	0	0	0	0	0	0	0	0	0	0	0	0	0	0	
691.824967	8	6	3	0	2	7	1	3182	-1350	29	41508	5	3	73	0	0	0	0	0	0	0	0	0	0	0	0	0	0	
692.830083	8	6	3	0	2	7	1	3173	-1348	29	41568	5	3	75	0	0	0	0	0	0	0	0	0	0	0	0	0	0	
693.835200	8	6	3	0	2	7	1	3162	-1348	29	41629	5	3	77	0	0	0	0	0	0	0	0	0	0	0	0	0	0	
694.821600	8	6	3	0	2	7	1	3147	-1350	29	41688	5	3	78	0	0	0	0	0	0	0	0	0	0	0	0	0	0	
695.826717	8	6	3	0	2	7	1	3134	-1350	29	41748	5	3	80	0	0	0	0	0	0	0	0	0	0	0	0	0	0	
696.831833	8	6	3	0	2	7	1	3115	-1349	29	41809	5	3	81	0	0	0	0	0	0	0	0	0	0	0	0	0	0	
697.818233	8	6	3	0	2	7	1	3097	-1350	29	41868	5	3	83	0	0	0	0	0	0	0	0	0	0	0	0	0	0	
698.824800	8	6	3	0	2	7	1	3072	-1349	29	41928	5	3	85	0	0	0	0	0	0	0	0	0	0	0	0	0	0	
699.829917	8	6	3	0	2	7	1	3037	-1350	29	41988	5	3	86	0	0	0	0	0	0	0	0	0	0	0	0	0	0	
700.835033	8	6	3	0	2	7	1	2986	-1349	29	42049	5	3	88	0	0	0	0	0	0	0	0	0	0	0	0	0	0	
701.821433	8	6	3	0	2	7	1	2902	-1348	29	42108	5	3	90	0	0	0	0	0	0	0	0	0	0	0	0	0	0	
702.826567	8	6	3	0	2	7	1	2723	-1350	29	42168	5	3	91	0	0	0	0	0	0	0	0	0	0	0	0	0	0	
703.002233	8	15	3	0	1	31	2	3369	454	29	42179	7	3	92	0	0	0	0	0	0	0	0	0	0	0	0	0	0	
703.023833	8	3	3	0	1	2	2	3455	677	29	42180	7	3	92	0	0	0	0	0	0	0	0	0	0	0	0	0	0	
703.834567	8	3	3	0	1	2	2	3628	674	29	42229	7	3	92	0	0	0	0	0	0	0	0	0	0	0	0	0	0	
704.820967	8	3	3	0	1	2	2	3722	675	29	42288	7	3	92	0	0	0	0	0	0	0	0	0	0	0	0	0	0	
705.826083	8	3	3	0	1	2	2	3779	674	30	42348	7	3	92	0	0	0	0	0	0	0	0	0	0	0	0	0	0	
706.832633	8	3	3	0	1	2	2	3821	674	29	42408	7	3	92	0	0	0	0	0	0	0	0	0	0	0	0	0	0	
707.819033	8	3	3	0	1	2	2	3856	675	29	42468	7	3	92	0	0	0	0	0	0	0	0	0	0	0	0	0	0	
708.824167	8	3	3	0	1	2	2	3882	676	30	42528	7	3	92	0	0	0	0	0	0	0	0	0	0	0	0	0	0	
709.829283	8	3	3	0	1	2	2	3894	674	30	42588	7	3	92	0	0	0	0	0	0	0	0	0	0	0	0	0	0	
710.834400	8	3	3	0	1	2	2	3901	674	30	42649	7	3	92	0	0	0	0	0	0	0	0	0	0	0	0	0	0	
711.820800	8	3	3	0	1	2	2	3908	675	30	42708	7	3	92	0	0	0	0	0	0	0	0	0	0	0	0	0	0	
712.825917	8	3	3	0	1	2	2	3916	674	30	42768	7	3	92	0	0	0	0	0	0	0	0	0	0	0	0	0	0	
713.831033	8	3	3	0	1	2	2	3922	674	30	42828	7	3	92	0	0	0	0	0	0	0	0	0	0	0	0	0	0	
714.837600	8	3	3	0	1	2	2	3928	675	30	42889	7	3	92	0	0	0	0	0	0	0	0	0	0	0	0	0	0	
715.824000	8	3	3	0	1	2	2	3933	675	30	42948	7	3	92	0	0	0	0	0	0	0	0	0	0	0	0	0	0	
716.829117	8	3	3	0	1	2	2	3936	675	30	43008	7	3	92	0	0	0	0	0	0	0	0	0	0	0	0	0	0	
717.834233	8	3	3	0	1	2	2	3943	674	30	43069	7	3	92	0	0	0	0	0	0	0	0	0	0	0	0	0	0	
718.820633	8	3	3	0	1	2	2	3950	675	30	43128	7	3	92	0	0	0	0	0	0	0	0	0	0	0	0	0	0	
719.825767	8	3	3	0	1	2	2	3955	674	30	43188	7	3	92	0	0	0	0	0	0	0	0	0	0	0	0	0	0	
720.830883	8	3	3	0	1	2	2	3961	673	30	43248	7	3	92	0	0	0	0	0	0	0	0	0	0	0	0	0	0	
721.836000	8	3	3	0	1	2	2	3967	674	30	43309	7	3	92	0	0	0	0	0	0	0	0	0	0	0	0	0	0	
722.822400	8	3	3	0	1	2	2	3973	675	30	43368	7	3	92	0	0	0	0	0	0	0	0	0	0	0	0	0	0	
723.827517	8	3	3	0	1	2	2	3979	675	30	43428	7	3	92	0	0	0	0	0	0	0	0	0	0	0	0	0	0	
724.834083	8	3	3	0	1	2	2	3983	674	30	43488	7	3	92	0	0	0	0	0	0	0	0	0	0	0	0	0	0	
725.819033	8	3	3	0	1	2	2	3990	675	30	43548	7	3	92	0	0	0	0	0	0	0	0	0	0	0	0	0	0	
726.825600	8	3	3	0	1	2	2	3994	675	29	43608	7	3	92	0	0	0	0	0	0	0	0	0	0	0	0	0	0	
727.830717	8	3	3	0	1	2	2	3999	676	30	43668	7	3	92	0	0	0	0	0	0	0	0	0	0	0	0	0	0	
728.835833	8	3	3	0	1	2	2	4002	675	30	43729	7	3	92	0	0	0	0	0	0	0	0	0	0	0	0	0	0	
729.822233	8	3	3	0	1	2	2	4006	674	30	43788	7	3	92	0	0	0	0	0	0	0	0	0	0	0	0	0	0	
730.827367	8	3	3	0	1	2	2	4009	675	30	43848	7	3	92	0	0	0	0	0	0	0	0	0	0	0	0	0	0	
731.832483	8	3	3	0	1	2	2	4012	675	30	43908	7	3	92	0	0	0	0	0	0	0	0	0	0	0	0	0	0	
732.837600	8	3	3	0	1	2	2	4015	675	30	43969	7	3	92	0	0	0	0	0	0	0	0	0	0	0	0	0	0	
733.824000	8	3	3	0	1	2	2	4017	673	30	44028	7	3	92	0	0	0	0	0	0	0	0	0	0	0	0	0	0	
734.830567	8	3	3	0	1	2	2	4020	675	30	44088	7	3	92	0	0	0	0	0	0	0	0	0	0	0	0	0	0	
735.835683	8	3	3	0	1	2	2	4022	675	30	44149	7	3	92	0	0	0	0	0	0	0	0	0	0	0	0	0	0	
736.822083	8	3	3	0	1	2	2	4025	675	30	44208	7	3	92	0	0	0	0	0	0	0	0	0	0	0	0	0	0	
737.827200	8	3	3	0	1	2	2	4027	675	30	44268	7	3	92	0	0	0	0	0	0	0	0	0	0	0	0	0	0	
738.832317	8	3	3	0	1	2	2	4029	674	30	44328	7	3	92	0	0	0	0	0	0	0	0	0	0	0	0	0	0	
739.837433	8	3	3	0	1	2	2	4032	674	30	44389	7	3	92	0	0	0	0	0	0	0	0	0	0	0	0	0	0	
740.823833	8	3	3	0	1	2	2	4035	675	30	44448	7	3	92	0	0	0	0	0	0	0	0	0	0	0	0	0	0	
741.828967	8	3	3	0	1	2	2	4038	674	30	44508	7	3	92	0	0	0	0	0	0	0	0	0	0	0	0	0	0	
742.835517	8	3	3	0	1	2	2	4041	675	30	44568	7	3	92	0	0	0	0	0	0	0	0	0	0	0	0	0	0	
743.821917	8	3	3	0	1	2	2	4043	674	30	44628	7	3	92	0	0	0	0	0	0	0	0	0	0	0	0	0	0	
744.827033	8	3	3	0	1	2	2	4046	673	30	44688	7	3	92	0	0	0	0	0	0	0	0	0	0	0	0	0	0	
745.832167	8	3	3	0	1	2	2	4049	674	30	44748	7	3	92	0	0	0	0	0	0	0	0	0	0	0	0	0	0	
746.837283	8	3	3	0	1	2	2	4052	675	30	44809	7	3	92	0	0	0	0	0	0	0	0	0	0	0	0	0	0	
747.823683	8	3	3	0	1	2	2	4055	674	30	44868	7	3	92	0	0	0	0	0	0	0	0	0	0	0	0	0	0	
748.828800	8	3	3	0	1	2	2	4058	675	30	44928	7	3	92	0	0	0	0	0	0	0	0	0	0	0	0	0	0	
749.833917	8	3	3	0	1	2	2	4060	674	30	44988	7	3	92	0	0	0	0	0	0	0	0	0	0	0	0	0	0	
750.821767	8	3	3	0	1	2	2	4064	674	30	45048	7	3	92	0	0	0	0	0	0	0	0	0	0	0	0	0	0	
751.826883	8	3	3	0	1	2	2	4066	675	30	45108	7	3	92	0	0	0	0	0	0	0	0	0	0	0	0	0	0	
752.832000	8	3	3	0	1	2	2	4070	675	30	45168	7	3	92	0	0	0	0	0	0	0	0	0	0	0	0	0	0	
753.837117	8	3	3	0	1	2	2	4073	675	30	45229	7	3	92	0	0	0	0	0	0	0	0	0	0	0	0	0	0	
754.823517	8	3	3	0	1	2	2	4076	675	30	45288	7	3	92	0	0	0	0	0	0	0	0	0	0	0	0	0	0	
755.828633	8	3	3	0	1	2	2	4079	675	30	45348	7	3	92	0	0	0	0	0	0	0	0	0	0	0	0	0	0	
756.833767	8	3	3	0	1	2	2	4083	676	30	45408	7	3	92	0	0	0	0	0	0	0	0	0	0	0	0	0	0	
757.838883	8	3	3	0	1	2	2	4086	675	30	45469	7	3	92	0	0	0	0	0	0	0	0	0	0	0	0	0	0	
758.826717	8	3	3	0	1	2	2	4089	674	30	45528	7	3	92	0	0	0	0	0	0	0	0	0	0	0	0	0	0	
759.831833	8	3	3	0	1	2	2	4093	675	30	45588	7	3	92	0	0	0	0	0	0	0	0	0	0	0	0	0	0	
760.836967	8	3	3	0	1	2	2	4096	674	30	45648	7	3	92	0	0	0	0	0	0	0	0	0	0	0	0	0	0	
761.823367	8	3	3	0	1	2	2	4100	674	30	45708	7	3	92	0	0	0	0	0	0	0	0	0	0	0	0	0	0	
762.828483	8	3	3	0	1	2	2	4104	674	30	45768	7	3	92	0	0	0	0	0	0	0	0	0	0	0	0	0	0	
763.833600	8	3	3	0	1	2	2	4108	674	30	45828	7	3	92	0	0	0	0	0	0	0	0	0	0	0	0	0	0	
764.838717	8	3	3	0	1	2	2	4112	675	30	45889	7	3	92	0	0	0	0	0	0	0	0	0	0	0	0	0	0	
765.825117	8	3	3	0	1	2	2	4116	674	30	45948	7	3	92	0	0	0	0	0	0	0	0	0	0	0	0	0	0	
766.833117	8	3	3	0	1	2	2	4117	666	30	46008	7	3	92	0	0	0	0	0	0	0	0	0	0	0	0	0	0	
767.838233	8	3	3	0	1	2	2	4121	665	30	46069	7	3	92	0	0	0	0	0	0	0	0	0	0	0	0	0	0	
768.824633	8	3	3	0	1	2	2	4125	664	30	46128	7	3	92	0	0	0	0	0	0	0	0	0	0	0	0	0	0	
769.829767	8	3	3	0	1	2	2	4129	665	30	46188	7	3	92	0	0	0	0	0	0	0	0	0	0	0	0	0	0	
770.834883	8	3	3	0	1	2	2	4133	661	30	46248	7	3	92	0	0	0	0	0	0	0	0	0	0	0	0	0	0	
771.840000	8	3	3	0	1	2	2	4138	662	30	46309	7	3	92	0	0	0	0	0	0	0	0	0	0	0	0	0	0	
772.826400	8	3	3	0	1	2	2	4141	661	30	46368	7	3	92	0	0	0	0	0	0	0	0	0	0	0	0	0	0	
773.832967	8	3	3	0	1	2	2	4145	659	30	46428	7	3	92	0	0	0	0	0	0	0	0	0	0	0	0	0	0	
774.838083	8	3	3	0	1	2	2	4150	660	30	46488	7	3	92	0	0	0	0	0	0	0	0	0	0	0	0	0	0	
775.824483	8	3	3	0	1	2	2	4155	658	30	46548	7	3	92	0	0	0	0	0	0	0	0	0	0	0	0	0	0	
776.829600	8	3	3	0	1	2	2	4159	656	30	46608	7	3	92	0	0	0	0	0	0	0	0	0	0	0	0	0	0	
777.834717	8	3	3	0	1	2	2	4164	658	30	46668	7	3	92	0	0	0	0	0	0	0	0	0	0	0	0	0	0	
778.839833	8	3	3	0	1	2	2	4169	657	30	46729	7	3	92	0	0	0	0	0	0	0	0	0	0	0	0	0	0	
779.826233	8	3	3	0	1	2	2	4174	656	30	46788	7	3	92	0	0	0	0	0	0	0	0	0	0	0	0	0	0	
780.831367	8	3	3	0	1	2	2	4178	654	30	46848	7	3	92	0	0	0	0	0	0	0	0	0	0	0	0	0	0	
781.836483	8	3	3	0	1	2	2	4184	656	30	46908	7	3	92	0	0	0	0	0	0	0	0	0	0	0	0	0	0	
782.824317	8	3	3	0	1	2	2	4189	653	30	46968	7	3	92	0	0	0	0	0	0	0	0	0	0	0	0	0	0	
783.829433	8	3	3	0	1	2	2	4194	653	30	47028	7	3	92	0	0	0	0	0	0	0	0	0	0	0	0	0	0	
784.834567	8	3	3	0	1	2	2	4198	650	30	47088	7	3	92	0	0	0	0	0	0	0	0	0	0	0	0	0	0	
785.839683	8	3	3	0	1	2	2	4198	632	30	47149	7	3	92	0	0	0	0	0	0	0	0	0	0	0	0	0	0	
786.826083	8	3	3	0	1	2	2	4199	619	30	47208	7	3	92	0	0	0	0	0	0	0	0	0	0	0	0	0	0	
787.831200	8	3	3	0	1	2	2	4198	603	30	47268	7	3	92	0	0	0	0	0	0	0	0	0	0	0	0	0	0	
788.836317	8	3	3	0	1	2	2	4198	589	30	47328	7	3	92	0	0	0	0	0	0	0	0	0	0	0	0	0	0	
789.841433	8	3	3	0	1	2	2	4198	573	30	47389	7	3	92	0	0	0	0	0	0	0	0	0	0	0	0	0	0	
790.829283	8	3	3	0	1	2	2	4199	561	30	47448	7	3	92	0	0	0	0	0	0	0	0	0	0	0	0	0	0	
791.834400	8	3	3	0	1	2	2	4198	546	30	47508	7	3	92	0	0	0	0	0	0	0	0	0	0	0	0	0	0	
792.839517	8	3	3	0	1	2	2	4198	531	29	47568	7	3	92	0	0	0	0	0	0	0	0	0	0	0	0	0	0	
793.825917	8	3	3	0	1	2	2	4199	518	30	47628	7	3	92	0	0	0	0	0	0	0	0	0	0	0	0	0	0	
794.831033	8	3	3	0	1	2	2	4199	506	30	47688	7	3	92	0	0	0	0	0	0	0	0	0	0	0	0	0	0	
795.836167	8	3	3	0	1	2	2	4199	492	30	47748	7	3	92	0	0	0	0	0	0	0	0	0	0	0	0	0	0	
796.841283	8	3	3	0	1	2	2	4199	480	30	47809	7	3	92	0	0	0	0	0	0	0	0	0	0	0	0	0	0	
797.827683	8	3	3	0	1	2	2	4198	467	29	47868	7	3	92	0	0	0	0	0	0	0	0	0	0	0	0	0	0	
798.832800	8	3	3	0	1	2	2	4198	454	29	47928	7	3	92	0	0	0	0	0	0	0	0	0	0	0	0	0	0	
799.837917	8	3	3	0	1	2	2	4198	443	29	47988	7	3	92	0	0	0	0	0	0	0	0	0	0	0	0	0	0	
800.824317	8	3	3	0	1	2	2	4199	431	29	48048	7	3	92	0	0	0	0	0	0	0	0	0	0	0	0	0	0	
801.830883	8	3	3	0	1	2	2	4198	419	29	48108	7	3	92	0	0	0	0	0	0	0	0	0	0	0	0	0	0	
802.836000	8	3	3	0	1	2	2	4199	408	29	48168	7	3	92	0	0	0	0	0	0	0	0	0	0	0	0	0	0	
803.841117	8	3	3	0	1	2	2	4199	397	29	48229	7	3	92	0	0	0	0	0	0	0	0	0	0	0	0	0	0	
804.827517	8	3	3	0	1	2	2	4199	386	29	48288	7	3	92	0	0	0	0	0	0	0	0	0	0	0	0	0	0	
805.832633	8	3	3	0	1	2	2	4199	375	29	48348	7	3	92	0	0	0	0	0	0	0	0	0	0	0	0	0	0	
806.837767	8	3	3	0	1	2	2	4199	366	29	48408	7	3	92	0	0	0	0	0	0	0	0	0	0	0	0	0	0	
807.842883	8	3	3	0	1	2	2	4198	355	29	48469	7	3	92	0	0	0	0	0	0	0	0	0	0	0	0	0	0	
808.829283	8	3	3	0	1	2	2	4199	345	29	48528	7	3	92	0	0	0	0	0	0	0	0	0	0	0	0	0	0	
809.834400	8	3	3	0	1	2	2	4199	335	29	48588	7	3	92	0	0	0	0	0	0	0	0	0	0	0	0	0	0	
810.840967	8	3	3	0	1	2	2	4199	326	29	48648	7	3	92	0	0	0	0	0	0	0	0	0	0	0	0	0	0	
811.827367	8	3	3	0	1	2	2	4199	317	29	48708	7	3	92	0	0	0	0	0	0	0	0	0	0	0	0	0	0	
812.832483	8	3	3	0	1	2	2	4199	309	29	48768	7	3	92	0	0	0	0	0	0	0	0	0	0	0	0	0	0	
813.837600	8	3	3	0	1	2	2	4199	300	29	48828	7	3	92	0	0	0	0	0	0	0	0	0	0	0	0	0	0	
814.842717	8	3	3	0	1	2	2	4198	291	29	48889	7	3	92	0	0	0	0	0	0	0	0	0	0	0	0	0	0	
815.829117	8	3	3	0	1	2	2	4199	284	29	48948	7	3	92	0	0	0	0	0	0	0	0	0	0	0	0	0	0	
816.834233	8	3	3	0	1	2	2	4199	276	29	49008	7	3	92	0	0	0	0	0	0	0	0	0	0	0	0	0	0	
817.839367	8	3	3	0	1	2	2	4199	267	29	49068	7	3	92	0	0	0	0	0	0	0	0	0	0	0	0	0	0	
818.827200	8	3	3	0	1	2	2	4199	260	29	49128	7	3	92	0	0	0	0	0	0	0	0	0	0	0	0	0	0	
819.832317	8	3	3	0	1	2	2	4199	253	29	49188	7	3	92	0	0	0	0	0	0	0	0	0	0	0	0	0	0	
820.837433	8	3	3	0	1	2	2	4198	246	29	49248	7	3	92	0	0	0	0	0	0	0	0	0	0	0	0	0	0	
821.842567	8	3	3	0	1	2	2	4199	238	29	49309	7	3	92	0	0	0	0	0	0	0	0	0	0	0	0	0	0	
822.828967	8	3	3	0	1	2	2	4199	232	29	49368	7	3	92	0	0	0	0	0	0	0	0	0	0	0	0	0	0	
823.834083	8	3	3	0	1	2	2	4199	225	29	49428	7	3	92	0	0	0	0	0	0	0	0	0	0	0	0	0	0	
824.839200	8	3	3	0	1	2	2	4198	219	29	49488	7	3	92	0	0	0	0	0	0	0	0	0	0	0	0	0	0	
825.844317	8	3	3	0	1	2	2	4199	212	29	49549	7	3	92	0	0	0	0	0	0	0	0	0	0	0	0	0	0	
826.830717	8	3	3	0	1	2	2	4198	206	29	49608	7	3	92	0	0	0	0	0	0	0	0	0	0	0	0	0	0	
827.837283	8	3	3	0	1	2	2	4198	200	29	49668	7	3	92	0	0	0	0	0	0	0	0	0	0	0	0	0	0	
828.842400	8	3	3	0	1	2	2	4199	195	29	49728	7	3	92	0	0	0	0	0	0	0	0	0	0	0	0	0	0	
829.828800	8	3	3	0	1	2	2	4199	189	29	49788	7	3	92	0	0	0	0	0	0	0	0	0	0	0	0	0	0	
830.833917	8	3	3	0	1	2	2	4199	184	29	49848	7	3	92	0	0	0	0	0	0	0	0	0	0	0	0	0	0	
831.839033	8	3	3	0	1	2	2	4199	178	29	49908	7	3	92	0	0	0	0	0	0	0	0	0	0	0	0	0	0	
832.844167	8	3	3	0	1	2	2	4199	173	29	49969	7	3	92	0	0	0	0	0	0	0	0	0	0	0	0	0	0	
833.830567	8	3	3	0	1	2	2	4199	168	29	50028	7	3	92	0	0	0	0	0	0	0	0	0	0	0	0	0	0	
834.837117	8	3	3	0	1	2	2	4199	163	29	50088	7	3	92	0	0	0	0	0	0	0	0	0	0	0	0	0	0	
835.842233	8	3	3	0	1	2	2	4199	158	29	50148	7	3	92	0	0	0	0	0	0	0	0	0	0	0	0	0	0	
836.828633	8	3	3	0	1	2	2	4199	154	29	50208	7	3	92	0	0	0	0	0	0	0	0	0	0	0	0	0	0	
837.833767	8	3	3	0	1	2	2	4199	149	29	50268	7	3	92	0	0	0	0	0	0	0	0	0	0	0	0	0	0	
838.838883	8	3	3	0	1	2	2	4199	145	29	50328	7	3	92	0	0	0	0	0	0	0	0	0	0	0	0	0	0	
839.844000	8	3	3	0	1	2	2	4199	141	29	50389	7	3	92	0	0	0	0	0	0	0	0	0	0	0	0	0	0	
840.830400	8	3	3	0	1	2	2	4199	136	29	50448	7	3	92	0	0	0	0	0	0	0	0	0	0	0	0	0	0	
841.835517	8	3	3	0	1	2	2	4199	133	29	50508	7	3	92	0	0	0	0	0	0	0	0	0	0	0	0	0	0	
842.842083	8	3	3	0	1	2	2	4199	129	29	50568	7	3	92	0	0	0	0	0	0	0	0	0	0	0	0	0	0	
843.847200	8	3	3	0	1	2	2	4199	125	29	50629	7	3	92	0	0	0	0	0	0	0	0	0	0	0	0	0	0	
844.833600	8	3	3	0	1	2	2	4198	121	29	50688	7	3	92	0	0	0	0	0	0	0	0	0	0	0	0	0	0	
845.838717	8	3	3	0	1	2	2	4199	118	29	50748	7	3	92	0	0	0	0	0	0	0	0	0	0	0	0	0	0	
846.843833	8	3	3	0	1	2	2	4198	114	29	50809	7	3	92	0	0	0	0	0	0	0	0	0	0	0	0	0	0	
847.830233	8	3	3	0	1	2	2	4199	111	29	50868	7	3	92	0	0	0	0	0	0	0	0	0	0	0	0	0	0	
848.835367	8	3	3	0	1	2	2	4198	108	29	50928	7	3	92	0	0	0	0	0	0	0	0	0	0	0	0	0	0	
849.840483	8	3	3	0	1	2	2	4199	106	29	50988	7	3	92	0	0	0	0	0	0	0	0	0	0	0	0	0	0	
850.845600	8	3	3	0	1	2	2	4199	103	29	51049	7	3	92	0	0	0	0	0	0	0	0	0	0	0	0	0	0	
851.833433	8	3	3	0	1	2	2	4198	99	29	51108	7	3	92	0	0	0	0	0	0	0	0	0	0	0	0	0	0	
852.838567	8	3	3	0	1	2	2	4199	97	29	51168	7	3	92	0	0	0	0	0	0	0	0	0	0	0	0	0	0	
853.843683	8	3	3	0	1	2	2	4199	94	29	51228	7	3	92	0	0	0	0	0	0	0	0	0	0	0	0	0	0	
854.830083	8	3	3	0	1	2	2	4199	91	29	51288	7	3	92	0	0	0	0	0	0	0	0	0	0	0	0	0	0	
855.835200	8	3	3	0	1	2	2	4199	88	29	51348	7	3	92	0	0	0	0	0	0	0	0	0	0	0	0	0	0	
856.840317	8	3	3	0	1	2	2	4199	87	29	51408	7	3	92	0	0	0	0	0	0	0	0	0	0	0	0	0	0	
857.845433	8	3	3	0	1	2	2	4199	84	29	51469	7	3	92	0	0	0	0	0	0	0	0	0	0	0	0	0	0	
858.831833	8	3	3	0	1	2	2	4198	81	29	51528	7	3	92	0	0	0	0	0	0	0	0	0	0	0	0	0	0	
859.836967	8	3	3	0	1	2	2	4199	80	29	51588	7	3	92	0	0	0	0	0	0	0	0	0	0	0	0	0	0	
860.842083	8	3	3	0	1	2	2	4198	76	29	51648	7	3	92	0	0	0	0	0	0	0	0	0	0	0	0	0	0	
861.847200	8	3	3	0	1	2	2	4199	75	29	51709	7	3	92	0	0	0	0	0	0	0	0	0	0	0	0	0	0	
862.833600	8	3	3	0	1	2	2	4199	72	29	51768	7	3	92	0	0	0	0	0	0	0	0	0	0	0	0	0	0	
863.840167	8	3	3	0	1	2	2	4199	70	29	51828	7	3	92	0	0	0	0	0	0	0	0	0	0	0	0	0	0	
864.845283	8	3	3	0	1	2	2	4199	68	29	51889	7	3	92	0	0	0	0	0	0	0	0	0	0	0	0	0	0	
865.680483	8	6	3	0	2	7	1	3752	-1348	29	51939	7	4	0	0	0	0	0	0	0	0	0	0	0	0	0	0	0	
865.833117	8	6	3	0	2	7	1	3734	-1349	29	51948	7	4	0	0	0	0	0	0	0	0	0	0	0	0	0	0	0	
866.838233	8	6	3	0	2	7	1	3683	-1350	29	52008	7	4	1	0	0	0	0	0	0	0	0	0	0	0	0	0	0	
867.843367	8	6	3	0	2	7	1	3662	-1348	29	52068	7	4	3	0	0	0	0	0	0	0	0	0	0	0	0	0	0	
868.835517	8	6	3	0	2	7	1	3640	-1350	29	52128	7	4	5	0	0	0	0	0	0	0	0	0	0	0	0	0	0	
869.840633	8	6	3	0	2	7	1	3620	-1350	29	52188	7	4	6	0	0	0	0	0	0	0	0	0	0	0	0	0	0	
870.845767	8	6	3	0	2	7	1	3597	-1350	29	52249	7	4	8	0	0	0	0	0	0	0	0	0	0	0	0	0	0	
871.832167	8	6	3	0	2	7	1	3584	-1349	29	52308	7	4	10	0	0	0	0	0	0	0	0	0	0	0	0	0	0	
872.837283	8	6	3	0	2	7	1	3568	-1349	29	52368	7	4	11	0	0	0	0	0	0	0	0	0	0	0	0	0	0	
873.842400	8	6	3	0	2	7	1	3553	-1349	29	52428	7	4	13	0	0	0	0	0	0	0	0	0	0	0	0	0	0	
874.847517	8	6	3	0	2	7	1	3541	-1349	29	52489	7	4	15	0	0	0	0	0	0	0	0	0	0	0	0	0	0	
875.835367	8	6	3	0	2	7	1	3527	-1349	29	52548	7	4	16	0	0	0	0	0	0	0	0	0	0	0	0	0	0	
876.840483	8	6	3	0	2	7	1	3514	-1348	29	52608	7	4	18	0	0	0	0	0	0	0	0	0	0	0	0	0	0	
877.845600	8	6	3	0	2	7	1	3503	-1349	29	52668	7	4	20	0	0	0	0	0	0	0	0	0	0	0	0	0	0	
878.832000	8	6	3	0	2	7	1	3489	-1351	29	52728	7	4	21	0	0	0	0	0	0	0	0	0	0	0	0	0	0	
879.837117	8	6	3	0	2	7	1	3476	-1350	29	52788	7	4	23	0	0	0	0	0	0	0	0	0	0	0	0	0	0	
880.842233	8	6	3	0	2	7	1	3464	-1350	29	52848	7	4	25	0	0	0	0	0	0	0	0	0	0	0	0	0	0	
881.847367	8	6	3	0	2	7	1	3451	-1348	29	52909	7	4	26	0	0	0	0	0	0	0	0	0	0	0	0	0	0	
882.833767	8	6	3	0	2	7	1	3439	-1350	29	52968	7	4	28	0	0	0	0	0	0	0	0	0	0	0	0	0	0	
883.840317	8	6	3	0	2	7	1	3424	-1349	29	53028	7	4	29	0	0	0	0	0	0	0	0	0	0	0	0	0	0	
884.845433	8	6	3	0	2	7	1	3415	-1350	29	53088	7	4	31	0	0	0	0	0	0	0	0	0	0	0	0	0	0	
885.834717	8	6	3	0	2	7	1	3403	-1348	29	53148	7	4	33	0	0	0	0	0	0	0	0	0	0	0	0	0	0	
886.839833	8	6	3	0	2	7	1	3392	-1350	29	53208	7	4	34	0	0	0	0	0	0	0	0	0	0	0	0	0	0	
887.844967	8	6	3	0	2	7	1	3382	-1349	29	53268	7	4	36	0	0	0	0	0	0	0	0	0	0	0	0	0	0	
888.831367	8	6	3	0	2	7	1	3373	-1349	29	53328	7	4	38	0	0	0	0	0	0	0	0	0	0	0	0	0	0	
889.836483	8	6	3	0	2	7	1	3362	-1349	29	53388	7	4	39	0	0	0	0	0	0	0	0	0	0	0	0	0	0	
890.843033	8	6	3	0	2	7	1	3354	-1349	29	53448	7	4	41	0	0	0	0	0	0	0	0	0	0	0	0	0	0	
891.848167	8	6	3	0	2	7	1	3340	-1351	29	53509	7	4	43	0	0	0	0	0	0	0	0	0	0	0	0	0	0	
892.834567	8	6	3	0	2	7	1	3330	-1349	29	53568	7	4	44	0	0	0	0	0	0	0	0	0	0	0	0	0	0	
893.839683	8	6	3	0	2	7	1	3323	-1350	29	53628	7	4	46	0	0	0	0	0	0	0	0	0	0	0	0	0	0	
894.844800	8	6	3	0	2	7	1	3317	-1351	29	53688	7	4	48	0	0	0	0	0	0	0	0	0	0	0	0	0	0	
895.849917	8	6	3	0	2	7	1	3309	-1351	29	53749	7	4	49	0	0	0	0	0	0	0	0	0	0	0	0	0	0	
896.836317	8	6	3	0	2	7	1	3304	-1345	29	53808	7	4	51	0	0	0	0	0	0	0	0	0	0	0	0	0	0	
897.841433	8	6	3	0	2	7	1	3297	-1349	29	53868	7	4	53	0	0	0	0	0	0	0	0	0	0	0	0	0	0	
898.848000	8	6	3	0	2	7	1	3290	-1354	30	53929	7	4	54	0	0	0	0	0	0	0	0	0	0	0	0	0	0	
899.834400	8	6	3	0	2	7	1	3284	-1351	30	53988	7	4	56	0	0	0	0	0	0	0	0	0	0	0	0	0	0	
900.839517	8	6	3	0	2	7	1	3278	-1349	30	54048	7	4	58	0	0	0	0	0	0	0	0	0	0	0	0	0	0	
901.844633	8	6	3	0	2	7	1	3272	-1350	30	54108	7	4	59	0	0	0	0	0	0	0	0	0	0	0	0	0	0	
902.849767	8	6	3	0	2	7	1	3266	-1349	29	54169	7	4	61	0	0	0	0	0	0	0	0	0	0	0	0	0	0	
903.836167	8	6	3	0	2	7	1	3260	-1347	30	54228	7	4	63	0	0	0	0	0	0	0	0	0	0	0	0	0	0	
904.841283	8	6	3	0	2	7	1	3256	-1349	30	54288	7	4	64	0	0	0	0	0	0	0	0	0	0	0	0	0	0	
905.846400	8	6	3	0	2	7	1	3250	-1351	30	54348	7	4	66	0	0	0	0	0	0	0	0	0	0	0	0	0	0	
906.832800	8	6	3	0	2	7	1	3243	-1350	30	54408	7	4	67	0	0	0	0	0	0	0	0	0	0	0	0	0	0	
907.837917	8	6	3	0	2	7	1	3235	-1351	30	54468	7	4	69	0	0	0	0	0	0	0	0	0	0	0	0	0	0	
908.844483	8	6	3	0	2	7	1	3229	-1350	30	54528	7	4	71	0	0	0	0	0	0	0	0	0	0	0	0	0	0	
909.849600	8	6	3	0	2	7	1	3220	-1349	30	54589	7	4	72	0	0	0	0	0	0	0	0	0	0	0	0	0	0	
910.836000	8	6	3	0	2	7	1	3215	-1348	30	54648	7	4	74	0	0	0	0	0	0	0	0	0	0	0	0	0	0	
911.841117	8	6	3	0	2	7	1	3208	-1349	30	54708	7	4	76	0	0	0	0	0	0	0	0	0	0	0	0	0	0	
912.846233	8	6	3	0	2	7	1	3199	-1349	30	54768	7	4	77	0	0	0	0	0	0	0	0	0	0	0	0	0	0	
913.851367	8	6	3	0	2	7	1	3189	-1350	30	54829	7	4	79	0	0	0	0	0	0	0	0	0	0	0	0	0	0	
914.837767	8	6	3	0	2	7	1	3175	-1350	30	54888	7	4	81	0	0	0	0	0	0	0	0	0	0	0	0	0	0	
915.842883	8	6	3	0	2	7	1	3158	-1349	30	54948	7	4	82	0	0	0	0	0	0	0	0	0	0	0	0	0	0	
916.848000	8	6	3	0	2	7	1	3138	-1350	30	55008	7	4	84	0	0	0	0	0	0	0	0	0	0	0	0	0	0	
917.834400	8	6	3	0	2	7	1	3114	-1349	30	55068	7	4	86	0	0	0	0	0	0	0	0	0	0	0	0	0	0	
918.840967	8	6	3	0	2	7	1	3082	-1350	30	55128	7	4	87	0	0	0	0	0	0	0	0	0	0	0	0	0	0	
919.846083	8	6	3	0	2	7	1	3034	-1350	30	55188	7	4	89	0	0	0	0	0	0	0	0	0	0	0	0	0	0	
920.851200	8	6	3	0	2	7	1	2955	-1351	30	55249	7	4	90	0	0	0	0	0	0	0	0	0	0	0	0	0	0	
921.837600	8	6	3	0	2	7	1	2808	-1350	30	55308	7	4	92	0	0	0	0	0	0	0	0	0	0	0	0	0	0	
922.296967	8	15	3	0	1	31	2	3283	475	30	55335	9	4	93	0	0	0	0	0	0	0	0	0	0	0	0	0	0	
922.317117	8	3	3	0	1	2	2	3363	675	30	55337	9	4	93	0	0	0	0	0	0	0	0	0	0	0	0	0	0	
922.845600	8	3	3	0	1	2	2	3526	675	30	55368	9	4	93	0	0	0	0	0	0	0	0	0	0	0	0	0	0	
923.850717	8	3	3	0	1	2	2	3655	675	30	55429	9	4	93	0	0	0	0	0	0	0	0	0	0	0	0	0	0	
924.838567	8	3	3	0	1	2	2	3733	674	30	55488	9	4	93	0	0	0	0	0	0	0	0	0	0	0	0	0	0	
925.843683	8	3	3	0	1	2	2	3794	675	30	55548	9	4	93	0	0	0	0	0	0	0	0	0	0	0	0	0	0	
926.848800	8	3	3	0	1	2	2	3840	675	30	55608	9	4	93	0	0	0	0	0	0	0	0	0	0	0	0	0	0	
927.835200	8	3	3	0	1	2	2	3876	675	30	55668	9	4	93	0	0	0	0	0	0	0	0	0	0	0	0	0	0	
928.840317	8	3	3	0	1	2	2	3901	675	30	55728	9	4	93	0	0	0	0	0	0	0	0	0	0	0	0	0	0	
929.845433	8	3	3	0	1	2	2	3909	673	30	55788	9	4	93	0	0	0	0	0	0	0	0	0	0	0	0	0	0	
930.850567	8	3	3	0	1	2	2	3916	675	30	55849	9	4	93	0	0	0	0	0	0	0	0	0	0	0	0	0	0	
931.836967	8	3	3	0	1	2	2	3921	675	30	55908	9	4	93	0	0	0	0	0	0	0	0	0	0	0	0	0	0	
932.843517	8	3	3	0	1	2	2	3926	675	30	55968	9	4	93	0	0	0	0	0	0	0	0	0	0	0	0	0	0	
933.848633	8	3	3	0	1	2	2	3931	674	30	56028	9	4	93	0	0	0	0	0	0	0	0	0	0	0	0	0	0	
934.853767	8	3	3	0	1	2	2	3936	674	30	56089	9	4	93	0	0	0	0	0	0	0	0	0	0	0	0	0	0	
935.840167	8	3	3	0	1	2	2	3941	674	30	56148	9	4	93	0	0	0	0	0	0	0	0	0	0	0	0	0	0	
936.845283	8	3	3	0	1	2	2	3947	675	30	56208	9	4	93	0	0	0	0	0	0	0	0	0	0	0	0	0	0	
937.850400	8	3	3	0	1	2	2	3952	675	30	56269	9	4	93	0	0	0	0	0	0	0	0	0	0	0	0	0	0	
938.836800	8	3	3	0	1	2	2	3958	675	30	56328	9	4	93	0	0	0	0	0	0	0	0	0	0	0	0	0	0	
939.841917	8	3	3	0	1	2	2	3964	675	30	56388	9	4	93	0	0	0	0	0	0	0	0	0	0	0	0	0	0	
940.848483	8	3	3	0	1	2	2	3970	675	30	56448	9	4	93	0	0	0	0	0	0	0	0	0	0	0	0	0	0	
941.853600	8	3	3	0	1	2	2	3976	674	30	56509	9	4	93	0	0	0	0	0	0	0	0	0	0	0	0	0	0	
942.840000	8	3	3	0	1	2	2	3982	674	30	56568	9	4	93	0	0	0	0	0	0	0	0	0	0	0	0	0	0	
943.845117	8	3	3	0	1	2	2	3988	675	30	56628	9	4	93	0	0	0	0	0	0	0	0	0	0	0	0	0	0	
944.850233	8	3	3	0	1	2	2	3993	674	30	56688	9	4	93	0	0	0	0	0	0	0	0	0	0	0	0	0	0	
945.836633	8	3	3	0	1	2	2	3998	675	30	56748	9	4	93	0	0	0	0	0	0	0	0	0	0	0	0	0	0	
946.841767	8	3	3	0	1	2	2	4002	674	30	56808	9	4	93	0	0	0	0	0	0	0	0	0	0	0	0	0	0	
947.848317	8	3	3	0	1	2	2	4007	675	30	56868	9	4	93	0	0	0	0	0	0	0	0	0	0	0	0	0	0	
948.853433	8	3	3	0	1	2	2	4011	675	30	56929	9	4	93	0	0	0	0	0	0	0	0	0	0	0	0	0	0	
949.839833	8	3	3	0	1	2	2	4014	675	30	56988	9	4	93	0	0	0	0	0	0	0	0	0	0	0	0	0	0	
950.844967	8	3	3	0	1	2	2	4017	675	30	57048	9	4	93	0	0	0	0	0	0	0	0	0	0	0	0	0	0	
951.850083	8	3	3	0	1	2	2	4021	675	30	57108	9	4	93	0	0	0	0	0	0	0	0	0	0	0	0	0	0	
952.836483	8	3	3	0	1	2	2	4023	675	30	57168	9	4	93	0	0	0	0	0	0	0	0	0	0	0	0	0	0	
953.841600	8	3	3	0	1	2	2	4026	675	30	57228	9	4	93	0	0	0	0	0	0	0	0	0	0	0	0	0	0	
954.846717	8	3	3	0	1	2	2	4028	674	30	57288	9	4	93	0	0	0	0	0	0	0	0	0	0	0	0	0	0	
955.851833	8	3	3	0	1	2	2	4031	675	30	57349	9	4	93	0	0	0	0	0	0	0	0	0	0	0	0	0	0	
956.838233	8	3	3	0	1	2	2	4033	674	30	57408	9	4	93	0	0	0	0	0	0	0	0	0	0	0	0	0	0	
957.844800	8	3	3	0	1	2	2	4035	675	30	57468	9	4	93	0	0	0	0	0	0	0	0	0	0	0	0	0	0	
958.849917	8	3	3	0	1	2	2	4038	675	30	57528	9	4	93	0	0	0	0	0	0	0	0	0	0	0	0	0	0	
959.855033	8	3	3	0	1	2	2	4040	675	30	57589	9	4	93	0	0	0	0	0	0	0	0	0	0	0	0	0	0	
960.841433	8	3	3	0	1	2	2	4043	674	30	57648	9	4	93	0	0	0	0	0	0	0	0	0	0	0	0	0	0	
961.846567	8	3	3	0	1	2	2	4046	675	30	57708	9	4	93	0	0	0	0	0	0	0	0	0	0	0	0	0	0	
962.851683	8	3	3	0	1	2	2	4049	675	30	57768	9	4	93	0	0	0	0	0	0	0	0	0	0	0	0	0	0	
963.838083	8	3	3	0	1	2	2	4051	675	30	57828	9	4	93	0	0	0	0	0	0	0	0	0	0	0	0	0	0	
964.843200	8	3	3	0	1	2	2	4054	674	30	57888	9	4	93	0	0	0	0	0	0	0	0	0	0	0	0	0	0	
965.849767	8	3	3	0	1	2	2	4057	675	30	57948	9	4	93	0	0	0	0	0	0	0	0	0	0	0	0	0	0	
966.854883	8	3	3	0	1	2	2	4060	675	30	58009	9	4	93	0	0	0	0	0	0	0	0	0	0	0	0	0	0	
967.841283	8	3	3	0	1	2	2	4063	674	30	58068	9	4	93	0	0	0	0	0	0	0	0	0	0	0	0	0	0	
968.846400	8	3	3	0	1	2	2	4066	675	30	58128	9	4	93	0	0	0	0	0	0	0	0	0	0	0	0	0	0	
969.851517	8	3	3	0	1	2	2	4069	674	30	58188	9	4	93	0	0	0	0	0	0	0	0	0	0	0	0	0	0	
970.837917	8	3	3	0	1	2	2	4071	674	30	58248	9	4	93	0	0	0	0	0	0	0	0	0	0	0	0	0	0	
971.843033	8	3	3	0	1	2	2	4075	675	30	58308	9	4	93	0	0	0	0	0	0	0	0	0	0	0	0	0	0	
972.848167	8	3	3	0	1	2	2	4078	675	30	58368	9	4	93	0	0	0	0	0	0	0	0	0	0	0	0	0	0	
973.854717	8	3	3	0	1	2	2	4081	674	30	58429	9	4	93	0	0	0	0	0	0	0	0	0	0	0	0	0	0	
974.841117	8	3	3	0	1	2	2	4084	675	30	58488	9	4	93	0	0	0	0	0	0	0	0	0	0	0	0	0	0	
975.846233	8	3	3	0	1	2	2	4087	674	30	58548	9	4	93	0	0	0	0	0	0	0	0	0	0	0	0	0	0	
976.851367	8	3	3	0	1	2	2	4091	675	30	58608	9	4	93	0	0	0	0	0	0	0	0	0	0	0	0	0	0	
977.856483	8	3	3	0	1	2	2	4094	674	30	58669	9	4	93	0	0	0	0	0	0	0	0	0	0	0	0	0	0	
978.842883	8	3	3	0	1	2	2	4098	675	30	58728	9	4	93	0	0	0	0	0	0	0	0	0	0	0	0	0	0	
979.848000	8	3	3	0	1	2	2	4102	674	30	58788	9	4	93	0	0	0	0	0	0	0	0	0	0	0	0	0	0	
980.853117	8	3	3	0	1	2	2	4105	675	30	58849	9	4	93	0	0	0	0	0	0	0	0	0	0	0	0	0	0	
981.839517	8	3	3	0	1	2	2	4109	675	30	58908	9	4	93	0	0	0	0	0	0	0	0	0	0	0	0	0	0	
982.846083	8	3	3	0	1	2	2	4113	674	30	58968	9	4	93	0	0	0	0	0	0	0	0	0	0	0	0	0	0	
983.851200	8	3	3	0	1	2	2	4117	674	30	59028	9	4	93	0	0	0	0	0	0	0	0	0	0	0	0	0	0	
984.856317	8	3	3	0	1	2	2	4118	666	30	59089	9	4	93	0	0	0	0	0	0	0	0	0	0	0	0	0	0	
985.842717	8	3	3	0	1	2	2	4122	666	30	59148	9	4	93	0	0	0	0	0	0	0	0	0	0	0	0	0	0	
986.847833	8	3	3	0	1	2	2	4125	665	30	59208	9	4	93	0	0	0	0	0	0	0	0	0	0	0	0	0	0	
987.852967	8	3	3	0	1	2	2	4129	664	30	59268	9	4	93	0	0	0	0	0	0	0	0	0	0	0	0	0	0	
988.839367	8	3	3	0	1	2	2	4133	663	30	59328	9	4	93	0	0	0	0	0	0	0	0	0	0	0	0	0	0	
989.845917	8	3	3	0	1	2	2	4138	663	30	59388	9	4	93	0	0	0	0	0	0	0	0	0	0	0	0	0	0	
990.851033	8	3	3	0	1	2	2	4141	662	30	59448	9	4	93	0	0	0	0	0	0	0	0	0	0	0	0	0	0	
991.856167	8	3	3	0	1	2	2	4146	661	30	59509	9	4	93	0	0	0	0	0	0	0	0	0	0	0	0	0	0	
992.842567	8	3	3	0	1	2	2	4150	660	30	59568	9	4	93	0	0	0	0	0	0	0	0	0	0	0	0	0	0	
993.847683	8	3	3	0	1	2	2	4155	660	30	59628	9	4	93	0	0	0	0	0	0	0	0	0	0	0	0	0	0	
994.852800	8	3	3	0	1	2	2	4159	659	30	59688	9	4	93	0	0	0	0	0	0	0	0	0	0	0	0	0	0	
995.857917	8	3	3	0	1	2	2	4164	658	30	59749	9	4	93	0	0	0	0	0	0	0	0	0	0	0	0	0	0	
996.844317	8	3	3	0	1	2	2	4168	657	30	59808	9	4	93	0	0	0	0	0	0	0	0	0	0	0	0	0	0	
997.850883	8	3	3	0	1	2	2	4173	656	30	59868	9	4	93	0	0	0	0	0	0	0	0	0	0	0	0	0	0	
998.856000	8	3	3	0	1	2	2	4177	655	30	59929	9	4	93	0	0	0	0	0	0	0	0	0	0	0	0	0	0	
999.842400	8	3	3	0	1	2	2	4183	655	30	59988	9	4	93	0	0	0	0	0	0	0	0	0	0	0	0	0	0	
1000.847517	8	3	3	0	1	2	2	4188	654	30	60048	9	4	93	0	0	0	0	0	0	0	0	0	0	0	0	0	0	
1001.852633	8	3	3	0	1	2	2	4193	653	30	60108	9	4	93	0	0	0	0	0	0	0	0	0	0	0	0	0	0	
1002.857767	8	3	3	0	1	2	2	4198	653	30	60169	9	4	93	0	0	0	0	0	0	0	0	0	0	0	0	0	0	
1003.844167	8	3	3	0	1	2	2	4198	640	30	60228	9	4	93	0	0	0	0	0	0	0	0	0	0	0	0	0	0	
1004.849283	8	3	3	0	1	2	2	4198	624	30	60288	9	4	93	0	0	0	0	0	0	0	0	0	0	0	0	0	0	
1005.855833	8	3	3	0	1	2	2	4198	611	30	60348	9	4	93	0	0	0	0	0	0	0	0	0	0	0	0	0	0	
1006.842233	8	3	3	0	1	2	2	4198	596	30	60408	9	4	93	0	0	0	0	0	0	0	0	0	0	0	0	0	0	
1007.847367	8	3	3	0	1	2	2	4199	583	30	60468	9	4	93	0	0	0	0	0	0	0	0	0	0	0	0	0	0	
1008.852483	8	3	3	0	1	2	2	4199	569	30	60528	9	4	93	0	0	0	0	0	0	0	0	0	0	0	0	0	0	
1009.857600	8	3	3	0	1	2	2	4198	556	30	60589	9	4	93	0	0	0	0	0	0	0	0	0	0	0	0	0	0	
1010.844000	8	3	3	0	1	2	2	4199	541	30	60648	9	4	93	0	0	0	0	0	0	0	0	0	0	0	0	0	0	
1011.849117	8	3	3	0	1	2	2	4198	529	30	60708	9	4	93	0	0	0	0	0	0	0	0	0	0	0	0	0	0	
1012.857117	8	3	3	0	1	2	2	4198	517	30	60769	9	4	93	0	0	0	0	0	0	0	0	0	0	0	0	0	0	
1013.843517	8	3	3	0	1	2	2	4199	504	30	60828	9	4	93	0	0	0	0	0	0	0	0	0	0	0	0	0	0	
1014.850083	8	3	3	0	1	2	2	4199	491	30	60888	9	4	93	0	0	0	0	0	0	0	0	0	0	0	0	0	0	
1015.855200	8	3	3	0	1	2	2	4199	479	30	60948	9	4	93	0	0	0	0	0	0	0	0	0	0	0	0	0	0	
1016.841600	8	3	3	0	1	2	2	4199	468	30	61008	9	4	93	0	0	0	0	0	0	0	0	0	0	0	0	0	0	
1017.848167	8	3	3	0	1	2	2	4199	455	30	61068	9	4	93	0	0	0	0	0	0	0	0	0	0	0	0	0	0	
1018.853283	8	3	3	0	1	2	2	4198	444	30	61128	9	4	93	0	0	0	0	0	0	0	0	0	0	0	0	0	0	
1019.858400	8	3	3	0	1	2	2	4199	432	30	61189	9	4	93	0	0	0	0	0	0	0	0	0	0	0	0	0	0	
1020.844800	8	3	3	0	1	2	2	4199	421	30	61248	9	4	93	0	0	0	0	0	0	0	0	0	0	0	0	0	0	
1021.849917	8	3	3	0	1	2	2	4199	411	30	61308	9	4	93	0	0	0	0	0	0	0	0	0	0	0	0	0	0	
1022.855033	8	3	3	0	1	2	2	4199	399	30	61368	9	4	93	0	0	0	0	0	0	0	0	0	0	0	0	0	0	
1023.860167	8	3	3	0	1	2	2	4199	389	30	61429	9	4	93	0	0	0	0	0	0	0	0	0	0	0	0	0	0	
1024.846567	8	3	3	0	1	2	2	4199	379	30	61488	9	4	93	0	0	0	0	0	0	0	0	0	0	0	0	0	0	
1025.853117	8	3	3	0	1	2	2	4199	369	30	61548	9	4	93	0	0	0	0	0	0	0	0	0	0	0	0	0	0	
1026.858233	8	3	3	0	1	2	2	4199	358	30	61609	9	4	93	0	0	0	0	0	0	0	0	0	0	0	0	0	0	
1027.844633	8	3	3	0	1	2	2	4199	350	30	61668	9	4	93	0	0	0	0	0	0	0	0	0	0	0	0	0	0	
1028.849767	8	3	3	0	1	2	2	4199	340	30	61728	9	4	93	0	0	0	0	0	0	0	0	0	0	0	0	0	0	
1029.854883	8	3	3	0	1	2	2	4199	331	30	61788	9	4	93	0	0	0	0	0	0	0	0	0	0	0	0	0	0	
1030.860000	8	3	3	0	1	2	2	4199	322	30	61849	9	4	93	0	0	0	0	0	0	0	0	0	0	0	0	0	0	
1031.846400	8	3	3	0	1	2	2	4199	313	30	61908	9	4	93	0	0	0	0	0	0	0	0	0	0	0	0	0	0	
1032.851517	8	3	3	0	1	2	2	4199	304	30	61968	9	4	93	0	0	0	0	0	0	0	0	0	0	0	0	0	0	
1033.856633	8	3	3	0	1	2	2	4199	296	30	62028	9	4	93	0	0	0	0	0	0	0	0	0	0	0	0	0	0	
1034.843033	8	3	3	0	1	2	2	4198	287	30	62088	9	4	93	0	0	0	0	0	0	0	0	0	0	0	0	0	0	
1035.849600	8	3	3	0	1	2	2	4199	280	30	62148	9	4	93	0	0	0	0	0	0	0	0	0	0	0	0	0	0	
1036.854717	8	3	3	0	1	2	2	4199	273	30	62208	9	4	93	0	0	0	0	0	0	0	0	0	0	0	0	0	0	
1037.859833	8	3	3	0	1	2	2	4199	265	30	62269	9	4	93	0	0	0	0	0	0	0	0	0	0	0	0	0	0	
1038.846233	8	3	3	0	1	2	2	4199	258	30	62328	9	4	93	0	0	0	0	0	0	0	0	0	0	0	0	0	0	
1039.851367	8	3	3	0	1	2	2	4198	251	30	62388	9	4	93	0	0	0	0	0	0	0	0	0	0	0	0	0	0	
1040.856483	8	3	3	0	1	2	2	4199	245	30	62448	9	4	93	0	0	0	0	0	0	0	0	0	0	0	0	0	0	
1041.861600	8	3	3	0	1	2	2	4199	236	30	62509	9	4	93	0	0	0	0	0	0	0	0	0	0	0	0	0	0	
1042.848000	8	3	3	0	1	2	2	4199	231	30	62568	9	4	93	0	0	0	0	0	0	0	0	0	0	0	0	0	0	
1043.853117	8	3	3	0	1	2	2	4198	224	30	62628	9	4	93	0	0	0	0	0	0	0	0	0	0	0	0	0	0	
1044.858233	8	3	3	0	1	2	2	4199	218	30	62689	9	4	93	0	0	0	0	0	0	0	0	0	0	0	0	0	0	
1045.844633	8	3	3	0	1	2	2	4199	212	30	62748	9	4	93	0	0	0	0	0	0	0	0	0	0	0	0	0	0	
1046.849767	8	3	3	0	1	2	2	4199	207	30	62808	9	4	93	0	0	0	0	0	0	0	0	0	0	0	0	0	0	
1047.856317	8	3	3	0	1	2	2	4199	201	30	62868	9	4	93	0	0	0	0	0	0	0	0	0	0	0	0	0	0	
1048.861433	8	3	3	0	1	2	2	4198	195	30	62929	9	4	93	0	0	0	0	0	0	0	0	0	0	0	0	0	0	
1049.847833	8	3	3	0	1	2	2	4198	189	30	62988	9	4	93	0	0	0	0	0	0	0	0	0	0	0	0	0	0	
1050.852967	8	3	3	0	1	2	2	4199	184	30	63048	9	4	93	0	0	0	0	0	0	0	0	0	0	0	0	0	0	
1051.858083	8	3	3	0	1	2	2	4199	180	30	63108	9	4	93	0	0	0	0	0	0	0	0	0	0	0	0	0	0	
1052.844483	8	3	3	0	1	2	2	4199	174	30	63168	9	4	93	0	0	0	0	0	0	0	0	0	0	0	0	0	0	
1053.849600	8	3	3	0	1	2	2	4199	169	30	63228	9	4	93	0	0	0	0	0	0	0	0	0	0	0	0	0	0	
1054.854717	8	3	3	0	1	2	2	4198	164	30	63288	9	4	93	0	0	0	0	0	0	0	0	0	0	0	0	0	0	
1055.861283	8	3	3	0	1	2	2	4198	160	30	63349	9	4	93	0	0	0	0	0	0	0	0	0	0	0	0	0	0	
1056.847683	8	3	3	0	1	2	2	4199	155	30	63408	9	4	93	0	0	0	0	0	0	0	0	0	0	0	0	0	0	
1057.852800	8	3	3	0	1	2	2	4199	151	30	63468	9	4	93	0	0	0	0	0	0	0	0	0	0	0	0	0	0	
1058.857917	8	3	3	0	1	2	2	4199	148	30	63528	9	4	93	0	0	0	0	0	0	0	0	0	0	0	0	0	0	
1059.863033	8	3	3	0	1	2	2	4199	143	30	63589	9	4	93	0	0	0	0	0	0	0	0	0	0	0	0	0	0	
1060.849433	8	3	3	0	1	2	2	4198	139	30	63648	9	4	93	0	0	0	0	0	0	0	0	0	0	0	0	0	0	
1061.854567	8	3	3	0	1	2	2	4199	135	30	63708	9	4	93	0	0	0	0	0	0	0	0	0	0	0	0	0	0	
1062.859683	8	3	3	0	1	2	2	4199	131	30	63769	9	4	93	0	0	0	0	0	0	0	0	0	0	0	0	0	0	
1063.846083	8	3	3	0	1	2	2	4199	128	30	63828	9	4	93	0	0	0	0	0	0	0	0	0	0	0	0	0	0	
1064.852633	8	3	3	0	1	2	2	4199	124	30	63888	9	4	93	0	0	0	0	0	0	0	0	0	0	0	0	0	0	
1065.857767	8	3	3	0	1	2	2	4199	120	30	63948	9	4	93	0	0	0	0	0	0	0	0	0	0	0	0	0	0	
1066.862883	8	3	3	0	1	2	2	4199	117	30	64009	9	4	93	0	0	0	0	0	0	0	0	0	0	0	0	0	0	
1067.849283	8	3	3	0	1	2	2	4199	114	30	64068	9	4	93	0	0	0	0	0	0	0	0	0	0	0	0	0	0	
1068.854400	8	3	3	0	1	2	2	4199	111	30	64128	9	4	93	0	0	0	0	0	0	0	0	0	0	0	0	0	0	
1069.859517	8	3	3	0	1	2	2	4199	108	30	64188	9	4	93	0	0	0	0	0	0	0	0	0	0	0	0	0	0	
1070.845917	8	3	3	0	1	2	2	4198	105	30	64248	9	4	93	0	0	0	0	0	0	0	0	0	0	0	0	0	0	
1071.851033	8	3	3	0	1	2	2	4198	102	30	64308	9	4	93	0	0	0	0	0	0	0	0	0	0	0	0	0	0	
1072.856167	8	3	3	0	1	2	2	4199	99	30	64368	9	4	93	0	0	0	0	0	0	0	0	0	0	0	0	0	0	
1073.861283	8	3	3	0	1	2	2	4199	97	30	64429	9	4	93	0	0	0	0	0	0	0	0	0	0	0	0	0	0	
1074.847683	8	3	3	0	1	2	2	4199	94	30	64488	9	4	93	0	0	0	0	0	0	0	0	0	0	0	0	0	0	
1075.854233	8	3	3	0	1	2	2	4199	91	30	64548	9	4	93	0	0	0	0	0	0	0	0	0	0	0	0	0	0	
1076.859367	8	3	3	0	1	2	2	4199	89	30	64608	9	4	93	0	0	0	0	0	0	0	0	0	0	0	0	0	0	
1077.864483	8	3	3	0	1	2	2	4199	86	30	64669	9	4	93	0	0	0	0	0	0	0	0	0	0	0	0	0	0	
1078.850883	8	3	3	0	1	2	2	4198	84	30	64728	9	4	93	0	0	0	0	0	0	0	0	0	0	0	0	0	0	
1079.856000	8	3	3	0	1	2	2	4199	81	30	64788	9	4	93	0	0	0	0	0	0	0	0	0	0	0	0	0	0	
1080.861117	8	3	3	0	1	2	2	4199	78	30	64849	9	4	93	0	0	0	0	0	0	0	0	0	0	0	0	0	0	
1081.847517	8	3	3	0	1	2	2	4198	76	30	64908	9	4	93	0	0	0	0	0	0	0	0	0	0	0	0	0	0	
1082.854083	8	3	3	0	1	2	2	4199	74	30	64968	9	4	93	0	0	0	0	0	0	0	0	0	0	0	0	0	0	
1083.859200	8	3	3	0	1	2	2	4199	73	30	65028	9	4	93	0	0	0	0	0	0	0	0	0	0	0	0	0	0	
1084.864317	8	3	3	0	1	2	2	4199	71	30	65089	9	4	93	0	0	0	0	0	0	0	0	0	0	0	0	0	0	
1085.850717	8	3	3	0	1	2	2	4199	68	30	65148	9	4	93	0	0	0	0	0	0	0	0	0	0	0	0	0	0	
1086.667200	8	6	3	0	2	7	1	4027	-482	30	65197	9	5	0	0	0	0	0	0	0	0	0	0	0	0	0	0	0	
1086.857283	8	6	3	0	2	7	1	3699	-1351	30	65208	9	5	0	0	0	0	0	0	0	0	0	0	0	0	0	0	0	
1087.862400	8	6	3	0	2	7	1	3655	-1350	30	65269	9	5	1	0	0	0	0	0	0	0	0	0	0	0	0	0	0	
1088.848800	8	6	3	0	2	7	1	3628	-1349	30	65328	9	5	3	0	0	0	0	0	0	0	0	0	0	0	0	0	0	
1089.855367	8	6	3	0	2	7	1	3600	-1350	30	65388	9	5	5	0	0	0	0	0	0	0	0	0	0	0	0	0	0	
1090.860483	8	6	3	0	2	7	1	3579	-1350	30	65448	9	5	6	0	0	0	0	0	0	0	0	0	0	0	0	0	0	
1091.865600	8	6	3	0	2	7	1	3548	-1350	30	65509	9	5	8	0	0	0	0	0	0	0	0	0	0	0	0	0	0	
1092.852000	8	6	3	0	2	7	1	3538	-1350	30	65568	9	5	10	0	0	0	0	0	0	0	0	0	0	0	0	0	0	
1093.857117	8	6	3	0	2	7	1	3529	-1349	30	65628	9	5	11	0	0	0	0	0	0	0	0	0	0	0	0	0	0	
1094.862233	8	6	3	0	2	7	1	3520	-1350	30	65689	9	5	13	0	0	0	0	0	0	0	0	0	0	0	0	0	0	
1095.848633	8	6	3	0	2	7	1	3500	-1349	30	65748	9	5	15	0	0	0	0	0	0	0	0	0	0	0	0	0	0	
1096.853767	8	6	3	0	2	7	1	3474	-1349	30	65808	9	5	16	0	0	0	0	0	0	0	0	0	0	0	0	0	0	
1097.858883	8	6	3	0	2	7	1	3448	-1349	30	65868	9	5	18	0	0	0	0	0	0	0	0	0	0	0	0	0	0	
1098.865433	8	6	3	0	2	7	1	3422	-1349	30	65929	9	5	20	0	0	0	0	0	0	0	0	0	0	0	0	0	0	
1099.851833	8	6	3	0	2	7	1	3407	-1350	30	65988	9	5	21	0	0	0	0	0	0	0	0	0	0	0	0	0	0	
1100.856967	8	6	3	0	2	7	1	3402	-1348	30	66048	9	5	23	0	0	0	0	0	0	0	0	0	0	0	0	0	0	
1101.862083	8	6	3	0	2	7	1	3402	-1350	30	66108	9	5	25	0	0	0	0	0	0	0	0	0	0	0	0	0	0	
1102.848483	8	6	3	0	2	7	1	3392	-1350	30	66168	9	5	26	0	0	0	0	0	0	0	0	0	0	0	0	0	0	
1103.853600	8	6	3	0	2	7	1	3374	-1348	30	66228	9	5	28	0	0	0	0	0	0	0	0	0	0	0	0	0	0	
1104.858717	8	6	3	0	2	7	1	3333	-1349	30	66288	9	5	30	0	0	0	0	0	0	0	0	0	0	0	0	0	0	
1105.850883	8	6	3	0	2	7	1	3311	-1350	30	66348	9	5	31	0	0	0	0	0	0	0	0	0	0	0	0	0	0	
1106.856000	8	6	3	0	2	7	1	3300	-1349	30	66408	9	5	33	0	0	0	0	0	0	0	0	0	0	0	0	0	0	
1107.861117	8	6	3	0	2	7	1	3320	-1349	30	66468	9	5	35	0	0	0	0	0	0	0	0	0	0	0	0	0	0	
1108.866233	8	6	3	0	2	7	1	3303	-1350	30	66529	9	5	36	0	0	0	0	0	0	0	0	0	0	0	0	0	0	
1109.852633	8	6	3	0	2	7	1	3292	-1349	30	66588	9	5	38	0	0	0	0	0	0	0	0	0	0	0	0	0	0	
1110.859200	8	6	3	0	2	7	1	3282	-1349	30	66648	9	5	40	0	0	0	0	0	0	0	0	0	0	0	0	0	0	
1111.864317	8	6	3	0	2	7	1	3269	-1350	30	66709	9	5	41	0	0	0	0	0	0	0	0	0	0	0	0	0	0	
1112.850717	8	6	3	0	2	7	1	3270	-1348	30	66768	9	5	43	0	0	0	0	0	0	0	0	0	0	0	0	0	0	
1113.855833	8	6	3	0	2	7	1	3243	-1350	30	66828	9	5	45	0	0	0	0	0	0	0	0	0	0	0	0	0	0	
1114.860967	8	6	3	0	2	7	1	3241	-1350	30	66888	9	5	46	0	0	0	0	0	0	0	0	0	0	0	0	0	0	
1115.851683	8	6	3	0	2	7	1	3220	-1350	30	66948	9	5	48	0	0	0	0	0	0	0	0	0	0	0	0	0	0	
1116.858233	8	6	3	0	2	7	1	3218	-1350	30	67008	9	5	49	0	0	0	0	0	0	0	0	0	0	0	0	0	0	
1117.863367	8	6	3	0	2	7	1	3216	-1350	30	67068	9	5	51	0	0	0	0	0	0	0	0	0	0	0	0	0	0	
1118.849767	8	6	3	0	2	7	1	3220	-1349	30	67128	9	5	53	0	0	0	0	0	0	0	0	0	0	0	0	0	0	
1119.854883	8	6	3	0	2	7	1	3216	-1349	30	67188	9	5	54	0	0	0	0	0	0	0	0	0	0	0	0	0	0	
1120.860000	8	6	3	0	2	7	1	3213	-1350	31	67248	9	5	56	0	0	0	0	0	0	0	0	0	0	0	0	0	0	
1121.865117	8	6	3	0	2	7	1	3208	-1351	30	67309	9	5	58	0	0	0	0	0	0	0	0	0	0	0	0	0	0	
1122.851517	8	6	3	0	2	7	1	3202	-1349	31	67368	9	5	59	0	0	0	0	0	0	0	0	0	0	0	0	0	0	
1123.856633	8	6	3	0	2	7	1	3193	-1349	31	67428	9	5	61	0	0	0	0	0	0	0	0	0	0	0	0	0	0	
1124.861767	8	6	3	0	2	7	1	3193	-1350	31	67488	9	5	63	0	0	0	0	0	0	0	0	0	0	0	0	0	0	
1125.868317	8	6	3	0	2	7	1	3185	-1349	31	67549	9	5	64	0	0	0	0	0	0	0	0	0	0	0	0	0	0	
1126.854717	8	6	3	0	2	7	1	3171	-1349	31	67608	9	5	66	0	0	0	0	0	0	0	0	0	0	0	0	0	0	
1127.859833	8	6	3	0	2	7	1	3163	-1349	31	67668	9	5	68	0	0	0	0	0	0	0	0	0	0	0	0	0	0	
1128.864967	8	6	3	0	2	7	1	3152	-1350	31	67728	9	5	69	0	0	0	0	0	0	0	0	0	0	0	0	0	0	
1129.851367	8	6	3	0	2	7	1	3139	-1344	31	67788	9	5	71	0	0	0	0	0	0	0	0	0	0	0	0	0	0	
1130.856483	8	6	3	0	2	7	1	3136	-1349	31	67848	9	5	73	0	0	0	0	0	0	0	0	0	0	0	0	0	0	
1131.861600	8	6	3	0	2	7	1	3126	-1349	31	67908	9	5	74	0	0	0	0	0	0	0	0	0	0	0	0	0	0	
1132.866717	8	6	3	0	2	7	1	3157	-1351	31	67969	9	5	76	0	0	0	0	0	0	0	0	0	0	0	0	0	0	
1133.853117	8	6	3	0	2	7	1	3138	-1350	30	68028	9	5	78	0	0	0	0	0	0	0	0	0	0	0	0	0	0	
1134.858233	8	6	3	0	2	7	1	3107	-1351	31	68088	9	5	79	0	0	0	0	0	0	0	0	0	0	0	0	0	0	
1135.864800	8	6	3	0	2	7	1	3089	-1352	31	68148	9	5	81	0	0	0	0	0	0	0	0	0	0	0	0	0	0	
1136.849767	8	6	3	0	2	7	1	3075	-1349	31	68208	9	5	83	0	0	0	0	0	0	0	0	0	0	0	0	0	0	
1137.856317	8	6	3	0	2	7	1	3046	-1351	31	68268	9	5	84	0	0	0	0	0	0	0	0	0	0	0	0	0	0	
1138.861433	8	6	3	0	2	7	1	3021	-1352	31	68328	9	5	86	0	0	0	0	0	0	0	0	0	0	0	0	0	0	
1139.866567	8	6	3	0	2	7	1	2985	-1350	31	68389	9	5	88	0	0	0	0	0	0	0	0	0	0	0	0	0	0	
1140.852967	8	6	3	0	2	7	1	2938	-1350	31	68448	9	5	89	0	0	0	0	0	0	0	0	0	0	0	0	0	0	
1141.858083	8	6	3	0	2	7	1	2862	-1350	31	68508	9	5	91	0	0	0	0	0	0	0	0	0	0	0	0	0	0	
1142.863200	8	6	3	0	2	7	1	2701	-1348	31	68568	9	5	93	0	0	0	0	0	0	0	0	0	0	0	0	0	0	
1142.946717	8	15	3	0	1	31	2	3407	637	31	68573	11	5	93	0	0	0	0	0	0	0	0	0	0	0	0	0	0	
1142.966883	8	3	3	0	1	2	2	3436	675	31	68575	11	5	93	0	0	0	0	0	0	0	0	0	0	0	0	0	0	
1143.853917	8	3	3	0	1	2	2	3626	675	31	68628	11	5	93	0	0	0	0	0	0	0	0	0	0	0	0	0	0	
1144.859033	8	3	3	0	1	2	2	3715	673	31	68688	11	5	93	0	0	0	0	0	0	0	0	0	0	0	0	0	0	
1145.864167	8	3	3	0	1	2	2	3767	675	31	68748	11	5	93	0	0	0	0	0	0	0	0	0	0	0	0	0	0	
1146.870717	8	3	3	0	1	2	2	3812	674	31	68809	11	5	93	0	0	0	0	0	0	0	0	0	0	0	0	0	0	
1147.857117	8	3	3	0	1	2	2	3851	674	31	68868	11	5	93	0	0	0	0	0	0	0	0	0	0	0	0	0	0	
1148.862233	8	3	3	0	1	2	2	3879	673	31	68928	11	5	93	0	0	0	0	0	0	0	0	0	0	0	0	0	0	
1149.867367	8	3	3	0	1	2	2	3894	675	31	68989	11	5	93	0	0	0	0	0	0	0	0	0	0	0	0	0	0	
1150.853767	8	3	3	0	1	2	2	3902	675	31	69048	11	5	93	0	0	0	0	0	0	0	0	0	0	0	0	0	0	
1151.858883	8	3	3	0	1	2	2	3909	675	31	69108	11	5	93	0	0	0	0	0	0	0	0	0	0	0	0	0	0	
1152.864000	8	3	3	0	1	2	2	3915	675	31	69168	11	5	93	0	0	0	0	0	0	0	0	0	0	0	0	0	0	
1153.869117	8	3	3	0	1	2	2	3921	675	31	69229	11	5	93	0	0	0	0	0	0	0	0	0	0	0	0	0	0	
1154.855517	8	3	3	0	1	2	2	3926	675	31	69288	11	5	93	0	0	0	0	0	0	0	0	0	0	0	0	0	0	
1155.860633	8	3	3	0	1	2	2	3929	674	31	69348	11	5	93	0	0	0	0	0	0	0	0	0	0	0	0	0	0	
1156.865767	8	3	3	0	1	2	2	3936	674	30	69408	11	5	93	0	0	0	0	0	0	0	0	0	0	0	0	0	0	
1157.852167	8	3	3	0	1	2	2	3943	675	31	69468	11	5	93	0	0	0	0	0	0	0	0	0	0	0	0	0	0	
1158.858717	8	3	3	0	1	2	2	3948	674	31	69528	11	5	93	0	0	0	0	0	0	0	0	0	0	0	0	0	0	
1159.863833	8	3	3	0	1	2	2	3954	675	31	69588	11	5	93	0	0	0	0	0	0	0	0	0	0	0	0	0	0	
1160.868967	8	3	3	0	1	2	2	3959	675	31	69649	11	5	93	0	0	0	0	0	0	0	0	0	0	0	0	0	0	
1161.855367	8	3	3	0	1	2	2	3966	674	31	69708	11	5	93	0	0	0	0	0	0	0	0	0	0	0	0	0	0	
1162.860483	8	3	3	0	1	2	2	3972	674	31	69768	11	5	93	0	0	0	0	0	0	0	0	0	0	0	0	0	0	
1163.865600	8	3	3	0	1	2	2	3978	673	31	69828	11	5	93	0	0	0	0	0	0	0	0	0	0	0	0	0	0	
1164.870717	8	3	3	0	1	2	2	3984	674	31	69889	11	5	93	0	0	0	0	0	0	0	0	0	0	0	0	0	0	
1165.857117	8	3	3	0	1	2	2	3989	675	30	69948	11	5	93	0	0	0	0	0	0	0	0	0	0	0	0	0	0	
1166.862233	8	3	3	0	1	2	2	3994	675	31	70008	11	5	93	0	0	0	0	0	0	0	0	0	0	0	0	0	0	
1167.867367	8	3	3	0	1	2	2	3999	675	30	70069	11	5	93	0	0	0	0	0	0	0	0	0	0	0	0	0	0	
1168.853767	8	3	3	0	1	2	2	4003	675	30	70128	11	5	93	0	0	0	0	0	0	0	0	0	0	0	0	0	0	
1169.860317	8	3	3	0	1	2	2	4006	675	30	70188	11	5	93	0	0	0	0	0	0	0	0	0	0	0	0	0	0	
1170.865433	8	3	3	0	1	2	2	4010	675	30	70248	11	5	93	0	0	0	0	0	0	0	0	0	0	0	0	0	0	
1171.870567	8	3	3	0	1	2	2	4013	674	30	70309	11	5	93	0	0	0	0	0	0	0	0	0	0	0	0	0	0	
1172.856967	8	3	3	0	1	2	2	4015	674	31	70368	11	5	93	0	0	0	0	0	0	0	0	0	0	0	0	0	0	
1173.862083	8	3	3	0	1	2	2	4018	676	31	70428	11	5	93	0	0	0	0	0	0	0	0	0	0	0	0	0	0	
1174.868633	8	3	3	0	1	2	2	4021	674	30	70488	11	5	93	0	0	0	0	0	0	0	0	0	0	0	0	0	0	
1175.853600	8	3	3	0	1	2	2	4024	675	30	70548	11	5	93	0	0	0	0	0	0	0	0	0	0	0	0	0	0	
1176.860167	8	3	3	0	1	2	2	4026	675	30	70608	11	5	93	0	0	0	0	0	0	0	0	0	0	0	0	0	0	
1177.865283	8	3	3	0	1	2	2	4028	674	30	70668	11	5	93	0	0	0	0	0	0	0	0	0	0	0	0	0	0	
1178.870400	8	3	3	0	1	2	2	4032	674	30	70729	11	5	93	0	0	0	0	0	0	0	0	0	0	0	0	0	0	
1179.856800	8	3	3	0	1	2	2	4034	674	30	70788	11	5	93	0	0	0	0	0	0	0	0	0	0	0	0	0	0	
1180.861917	8	3	3	0	1	2	2	4037	675	30	70848	11	5	93	0	0	0	0	0	0	0	0	0	0	0	0	0	0	
1181.867033	8	3	3	0	1	2	2	4039	674	30	70908	11	5	93	0	0	0	0	0	0	0	0	0	0	0	0	0	0	
1182.872167	8	3	3	0	1	2	2	4042	674	30	70969	11	5	93	0	0	0	0	0	0	0	0	0	0	0	0	0	0	
1183.858567	8	3	3	0	1	2	2	4045	674	30	71028	11	5	93	0	0	0	0	0	0	0	0	0	0	0	0	0	0	
1184.863683	8	3	3	0	1	2	2	4048	675	30	71088	11	5	93	0	0	0	0	0	0	0	0	0	0	0	0	0	0	
1185.868800	8	3	3	0	1	2	2	4051	674	30	71149	11	5	93	0	0	0	0	0	0	0	0	0	0	0	0	0	0	
1186.856633	8	3	3	0	1	2	2	4054	675	30	71208	11	5	93	0	0	0	0	0	0	0	0	0	0	0	0	0	0	
1187.861767	8	3	3	0	1	2	2	4056	673	30	71268	11	5	93	0	0	0	0	0	0	0	0	0	0	0	0	0	0	
1188.866883	8	3	3	0	1	2	2	4059	674	30	71328	11	5	93	0	0	0	0	0	0	0	0	0	0	0	0	0	0	
1189.872000	8	3	3	0	1	2	2	4063	675	30	71389	11	5	93	0	0	0	0	0	0	0	0	0	0	0	0	0	0	
1190.858400	8	3	3	0	1	2	2	4066	675	30	71448	11	5	93	0	0	0	0	0	0	0	0	0	0	0	0	0	0	
1191.863517	8	3	3	0	1	2	2	4069	675	30	71508	11	5	93	0	0	0	0	0	0	0	0	0	0	0	0	0	0	
1192.868633	8	3	3	0	1	2	2	4072	674	30	71568	11	5	93	0	0	0	0	0	0	0	0	0	0	0	0	0	0	
1193.855033	8	3	3	0	1	2	2	4075	674	30	71628	11	5	93	0	0	0	0	0	0	0	0	0	0	0	0	0	0	
1194.860167	8	3	3	0	1	2	2	4078	674	30	71688	11	5	93	0	0	0	0	0	0	0	0	0	0	0	0	0	0	
1195.865283	8	3	3	0	1	2	2	4082	675	30	71748	11	5	93	0	0	0	0	0	0	0	0	0	0	0	0	0	0	
1196.870400	8	3	3	0	1	2	2	4085	675	30	71809	11	5	93	0	0	0	0	0	0	0	0	0	0	0	0	0	0	
1197.856800	8	3	3	0	1	2	2	4089	675	30	71868	11	5	93	0	0	0	0	0	0	0	0	0	0	0	0	0	0	
1198.863367	8	3	3	0	1	2	2	4092	674	31	71928	11	5	93	0	0	0	0	0	0	0	0	0	0	0	0	0	0	
1199.868483	8	3	3	0	1	2	2	4096	675	30	71988	11	5	93	0	0	0	0	0	0	0	0	0	0	0	0	0	0	
1200.873600	8	3	3	0	1	2	2	4100	675	30	72049	11	5	93	0	0	0	0	0	0	0	0	0	0	0	0	0	0	
1201.860000	8	3	3	0	1	2	2	4103	675	30	72108	11	5	93	0	0	0	0	0	0	0	0	0	0	0	0	0	0	
1202.865117	8	3	3	0	1	2	2	4107	675	30	72168	11	5	93	0	0	0	0	0	0	0	0	0	0	0	0	0	0	
1203.870233	8	3	3	0	1	2	2	4110	674	30	72229	11	5	93	0	0	0	0	0	0	0	0	0	0	0	0	0	0	
1204.856633	8	3	3	0	1	2	2	4115	675	30	72288	11	5	93	0	0	0	0	0	0	0	0	0	0	0	0	0	0	
1205.861767	8	3	3	0	1	2	2	4117	668	30	72348	11	5	93	0	0	0	0	0	0	0	0	0	0	0	0	0	0	
1206.868317	8	3	3	0	1	2	2	4120	666	31	72408	11	5	93	0	0	0	0	0	0	0	0	0	0	0	0	0	0	
1207.873433	8	3	3	0	1	2	2	4124	666	30	72469	11	5	93	0	0	0	0	0	0	0	0	0	0	0	0	0	0	
1208.859833	8	3	3	0	1	2	2	4128	665	30	72528	11	5	93	0	0	0	0	0	0	0	0	0	0	0	0	0	0	
1209.864967	8	3	3	0	1	2	2	4132	664	30	72588	11	5	93	0	0	0	0	0	0	0	0	0	0	0	0	0	0	
1210.870083	8	3	3	0	1	2	2	4137	664	31	72648	11	5	93	0	0	0	0	0	0	0	0	0	0	0	0	0	0	
1211.856483	8	3	3	0	1	2	2	4141	663	30	72708	11	5	93	0	0	0	0	0	0	0	0	0	0	0	0	0	0	
1212.861600	8	3	3	0	1	2	2	4146	663	30	72768	11	5	93	0	0	0	0	0	0	0	0	0	0	0	0	0	0	
1213.866717	8	3	3	0	1	2	2	4150	661	30	72828	11	5	93	0	0	0	0	0	0	0	0	0	0	0	0	0	0	
1214.871833	8	3	3	0	1	2	2	4155	662	30	72889	11	5	93	0	0	0	0	0	0	0	0	0	0	0	0	0	0	
1215.858233	8	3	3	0	1	2	2	4159	661	30	72948	11	5	93	0	0	0	0	0	0	0	0	0	0	0	0	0	0	
1216.864800	8	3	3	0	1	2	2	4164	661	31	73008	11	5	93	0	0	0	0	0	0	0	0	0	0	0	0	0	0	
1217.869917	8	3	3	0	1	2	2	4169	660	31	73068	11	5	93	0	0	0	0	0	0	0	0	0	0	0	0	0	0	
1218.875033	8	3	3	0	1	2	2	4174	658	30	73129	11	5	93	0	0	0	0	0	0	0	0	0	0	0	0	0	0	
1219.861433	8	3	3	0	1	2	2	4179	658	31	73188	11	5	93	0	0	0	0	0	0	0	0	0	0	0	0	0	0	
1220.866567	8	3	3	0	1	2	2	4184	657	30	73248	11	5	93	0	0	0	0	0	0	0	0	0	0	0	0	0	0	
1221.871683	8	3	3	0	1	2	2	4188	657	30	73308	11	5	93	0	0	0	0	0	0	0	0	0	0	0	0	0	0	
1222.858083	8	3	3	0	1	2	2	4194	657	30	73368	11	5	93	0	0	0	0	0	0	0	0	0	0	0	0	0	0	
1223.863200	8	3	3	0	1	2	2	4199	656	31	73428	11	5	93	0	0	0	0	0	0	0	0	0	0	0	0	0	0	
1224.868317	8	3	3	0	1	2	2	4198	637	31	73488	11	5	93	0	0	0	0	0	0	0	0	0	0	0	0	0	0	
1225.874883	8	3	3	0	1	2	2	4198	623	31	73549	11	5	93	0	0	0	0	0	0	0	0	0	0	0	0	0	0	
1226.861283	8	3	3	0	1	2	2	4198	608	30	73608	11	5	93	0	0	0	0	0	0	0	0	0	0	0	0	0	0	
1227.866400	8	3	3	0	1	2	2	4199	595	31	73668	11	5	93	0	0	0	0	0	0	0	0	0	0	0	0	0	0	
1228.871517	8	3	3	0	1	2	2	4199	580	30	73728	11	5	93	0	0	0	0	0	0	0	0	0	0	0	0	0	0	
1229.857917	8	3	3	0	1	2	2	4198	566	30	73788	11	5	93	0	0	0	0	0	0	0	0	0	0	0	0	0	0	
1230.863033	8	3	3	0	1	2	2	4199	551	30	73848	11	5	93	0	0	0	0	0	0	0	0	0	0	0	0	0	0	
1231.868167	8	3	3	0	1	2	2	4198	537	30	73908	11	5	93	0	0	0	0	0	0	0	0	0	0	0	0	0	0	
1232.873283	8	3	3	0	1	2	2	4199	524	31	73969	11	5	93	0	0	0	0	0	0	0	0	0	0	0	0	0	0	
1233.859683	8	3	3	0	1	2	2	4198	510	31	74028	11	5	93	0	0	0	0	0	0	0	0	0	0	0	0	0	0	
1234.866233	8	3	3	0	1	2	2	4198	497	30	74088	11	5	93	0	0	0	0	0	0	0	0	0	0	0	0	0	0	
1235.871367	8	3	3	0	1	2	2	4198	485	31	74148	11	5	93	0	0	0	0	0	0	0	0	0	0	0	0	0	0	
1236.876483	8	3	3	0	1	2	2	4198	471	31	74209	11	5	93	0	0	0	0	0	0	0	0	0	0	0	0	0	0	
1237.862883	8	3	3	0	1	2	2	4198	459	31	74268	11	5	93	0	0	0	0	0	0	0	0	0	0	0	0	0	0	
1238.868000	8	3	3	0	1	2	2	4198	448	31	74328	11	5	93	0	0	0	0	0	0	0	0	0	0	0	0	0	0	
1239.873117	8	3	3	0	1	2	2	4199	435	31	74388	11	5	93	0	0	0	0	0	0	0	0	0	0	0	0	0	0	
1240.859517	8	3	3	0	1	2	2	4198	424	31	74448	11	5	93	0	0	0	0	0	0	0	0	0	0	0	0	0	0	
1241.864633	8	3	3	0	1	2	2	4199	412	30	74508	11	5	93	0	0	0	0	0	0	0	0	0	0	0	0	0	0	
1242.869767	8	3	3	0	1	2	2	4198	401	30	74568	11	5	93	0	0	0	0	0	0	0	0	0	0	0	0	0	0	
1243.874883	8	3	3	0	1	2	2	4199	389	31	74629	11	5	93	0	0	0	0	0	0	0	0	0	0	0	0	0	0	
1244.861283	8	3	3	0	1	2	2	4198	379	31	74688	11	5	93	0	0	0	0	0	0	0	0	0	0	0	0	0	0	
1245.867833	8	3	3	0	1	2	2	4199	369	31	74748	11	5	93	0	0	0	0	0	0	0	0	0	0	0	0	0	0	
1246.872967	8	3	3	0	1	2	2	4199	358	30	74808	11	5	93	0	0	0	0	0	0	0	0	0	0	0	0	0	0	
1247.878083	8	3	3	0	1	2	2	4198	348	30	74869	11	5	93	0	0	0	0	0	0	0	0	0	0	0	0	0	0	
1248.864483	8	3	3	0	1	2	2	4198	338	31	74928	11	5	93	0	0	0	0	0	0	0	0	0	0	0	0	0	0	
1249.869600	8	3	3	0	1	2	2	4198	328	30	74988	11	5	93	0	0	0	0	0	0	0	0	0	0	0	0	0	0	
1250.874717	8	3	3	0	1	2	2	4198	320	31	75049	11	5	93	0	0	0	0	0	0	0	0	0	0	0	0	0	0	
1251.861117	8	3	3	0	1	2	2	4198	310	30	75108	11	5	93	0	0	0	0	0	0	0	0	0	0	0	0	0	0	
1252.866233	8	3	3	0	1	2	2	4198	302	30	75168	11	5	93	0	0	0	0	0	0	0	0	0	0	0	0	0	0	
1253.871367	8	3	3	0	1	2	2	4199	293	31	75228	11	5	93	0	0	0	0	0	0	0	0	0	0	0	0	0	0	
1254.876483	8	3	3	0	1	2	2	4198	285	30	75289	11	5	93	0	0	0	0	0	0	0	0	0	0	0	0	0	0	
1255.862883	8	3	3	0	1	2	2	4199	277	31	75348	11	5	93	0	0	0	0	0	0	0	0	0	0	0	0	0	0	
1256.868000	8	3	3	0	1	2	2	4198	269	30	75408	11	5	93	0	0	0	0	0	0	0	0	0	0	0	0	0	0	
1257.874567	8	3	3	0	1	2	2	4198	262	30	75468	11	5	93	0	0	0	0	0	0	0	0	0	0	0	0	0	0	
1258.860967	8	3	3	0	1	2	2	4199	255	30	75528	11	5	93	0	0	0	0	0	0	0	0	0	0	0	0	0	0	
1259.867517	8	3	3	0	1	2	2	4199	247	30	75588	11	5	93	0	0	0	0	0	0	0	0	0	0	0	0	0	0	
1260.872633	8	3	3	0	1	2	2	4199	241	30	75648	11	5	93	0	0	0	0	0	0	0	0	0	0	0	0	0	0	
1261.877767	8	3	3	0	1	2	2	4199	233	30	75709	11	5	93	0	0	0	0	0	0	0	0	0	0	0	0	0	0	
1262.864167	8	3	3	0	1	2	2	4198	227	30	75768	11	5	93	0	0	0	0	0	0	0	0	0	0	0	0	0	0	
1263.870717	8	3	3	0	1	2	2	4199	221	30	75828	11	5	93	0	0	0	0	0	0	0	0	0	0	0	0	0	0	
1264.875833	8	3	3	0	1	2	2	4198	214	30	75889	11	5	93	0	0	0	0	0	0	0	0	0	0	0	0	0	0	
1265.862233	8	3	3	0	1	2	2	4199	208	30	75948	11	5	93	0	0	0	0	0	0	0	0	0	0	0	0	0	0	
1266.867367	8	3	3	0	1	2	2	4199	203	30	76008	11	5	93	0	0	0	0	0	0	0	0	0	0	0	0	0	0	
1267.872483	8	3	3	0	1	2	2	4199	197	31	76068	11	5	93	0	0	0	0	0	0	0	0	0	0	0	0	0	0	
1268.877600	8	3	3	0	1	2	2	4198	191	31	76129	11	5	93	0	0	0	0	0	0	0	0	0	0	0	0	0	0	
1269.864000	8	3	3	0	1	2	2	4198	185	31	76188	11	5	93	0	0	0	0	0	0	0	0	0	0	0	0	0	0	
1270.869117	8	3	3	0	1	2	2	4198	179	30	76248	11	5	93	0	0	0	0	0	0	0	0	0	0	0	0	0	0	
1271.874233	8	3	3	0	1	2	2	4199	175	30	76308	11	5	93	0	0	0	0	0	0	0	0	0	0	0	0	0	0	
1272.862083	8	3	3	0	1	2	2	4198	170	31	76368	11	5	93	0	0	0	0	0	0	0	0	0	0	0	0	0	0	
1273.867200	8	3	3	0	1	2	2	4198	165	31	76428	11	5	93	0	0	0	0	0	0	0	0	0	0	0	0	0	0	
1274.872317	8	3	3	0	1	2	2	4199	160	31	76488	11	5	93	0	0	0	0	0	0	0	0	0	0	0	0	0	0	
1275.877433	8	3	3	0	1	2	2	4199	156	31	76549	11	5	93	0	0	0	0	0	0	0	0	0	0	0	0	0	0	
1276.863833	8	3	3	0	1	2	2	4198	151	31	76608	11	5	93	0	0	0	0	0	0	0	0	0	0	0	0	0	0	
1277.868967	8	3	3	0	1	2	2	4198	147	31	76668	11	5	93	0	0	0	0	0	0	0	0	0	0	0	0	0	0	
1278.874083	8	3	3	0	1	2	2	4198	143	31	76728	11	5	93	0	0	0	0	0	0	0	0	0	0	0	0	0	0	
1279.879200	8	3	3	0	1	2	2	4198	140	31	76789	11	5	93	0	0	0	0	0	0	0	0	0	0	0	0	0	0	
1280.867033	8	3	3	0	1	2	2	4198	135	31	76848	11	5	93	0	0	0	0	0	0	0	0	0	0	0	0	0	0	
1281.872167	8	3	3	0	1	2	2	4198	130	31	76908	11	5	93	0	0	0	0	0	0	0	0	0	0	0	0	0	0	
1282.877283	8	3	3	0	1	2	2	4198	128	31	76969	11	5	93	0	0	0	0	0	0	0	0	0	0	0	0	0	0	
1283.863683	8	3	3	0	1	2	2	4199	124	31	77028	11	5	93	0	0	0	0	0	0	0	0	0	0	0	0	0	0	
1284.868800	8	3	3	0	1	2	2	4198	120	31	77088	11	5	93	0	0	0	0	0	0	0	0	0	0	0	0	0	0	
1285.873917	8	3	3	0	1	2	2	4198	116	31	77148	11	5	93	0	0	0	0	0	0	0	0	0	0	0	0	0	0	
1286.880483	8	3	3	0	1	2	2	4198	113	30	77209	11	5	93	0	0	0	0	0	0	0	0	0	0	0	0	0	0	
1287.866883	8	3	3	0	1	2	2	4198	110	31	77268	11	5	93	0	0	0	0	0	0	0	0	0	0	0	0	0	0	
1288.872000	8	3	3	0	1	2	2	4198	107	31	77328	11	5	93	0	0	0	0	0	0	0	0	0	0	0	0	0	0	
1289.877117	8	3	3	0	1	2	2	4199	104	31	77388	11	5	93	0	0	0	0	0	0	0	0	0	0	0	0	0	0	
1290.863517	8	3	3	0	1	2	2	4198	101	31	77448	11	5	93	0	0	0	0	0	0	0	0	0	0	0	0	0	0	
1291.868633	8	3	3	0	1	2	2	4199	99	31	77508	11	5	93	0	0	0	0	0	0	0	0	0	0	0	0	0	0	
1292.873767	8	3	3	0	1	2	2	4198	96	31	77568	11	5	93	0	0	0	0	0	0	0	0	0	0	0	0	0	0	
1293.878883	8	3	3	0	1	2	2	4198	93	31	77629	11	5	93	0	0	0	0	0	0	0	0	0	0	0	0	0	0	
1294.865283	8	3	3	0	1	2	2	4198	90	30	77688	11	5	93	0	0	0	0	0	0	0	0	0	0	0	0	0	0	
1295.871833	8	3	3	0	1	2	2	4198	89	30	77748	11	5	93	0	0	0	0	0	0	0	0	0	0	0	0	0	0	
1296.876967	8	3	3	0	1	2	2	4199	86	31	77808	11	5	93	0	0	0	0	0	0	0	0	0	0	0	0	0	0	
1297.863367	8	3	3	0	1	2	2	4198	84	31	77868	11	5	93	0	0	0	0	0	0	0	0	0	0	0	0	0	0	
1298.868483	8	3	3	0	1	2	2	4198	81	31	77928	11	5	93	0	0	0	0	0	0	0	0	0	0	0	0	0	0	
1299.873600	8	3	3	0	1	2	2	4198	79	31	77988	11	5	93	0	0	0	0	0	0	0	0	0	0	0	0	0	0	
1300.878717	8	3	3	0	1	2	2	4198	77	30	78049	11	5	93	0	0	0	0	0	0	0	0	0	0	0	0	0	0	
1301.865117	8	3	3	0	1	2	2	4199	74	31	78108	11	5	93	0	0	0	0	0	0	0	0	0	0	0	0	0	0	
1302.870233	8	3	3	0	1	2	2	4199	72	31	78168	11	5	93	0	0	0	0	0	0	0	0	0	0	0	0	0	0	
1303.876800	8	3	3	0	1	2	2	4199	69	31	78228	11	5	93	0	0	0	0	0	0	0	0	0	0	0	0	0	0	
1304.881917	8	3	3	0	1	2	2	4199	68	30	78289	11	5	93	0	0	0	0	0	0	0	0	0	0	0	0	0	0	
1305.849600	8	6	3	0	2	7	1	3730	-1349	30	78347	11	6	0	0	0	0	0	0	0	0	0	0	0	0	0	0	0	
1305.869767	8	6	3	0	2	7	1	3731	-1348	30	78348	11	6	0	0	0	0	0	0	0	0	0	0	0	0	0	0	0	
1306.874883	8	6	3	0	2	7	1	3672	-1350	31	78408	11	6	1	0	0	0	0	0	0	0	0	0	0	0	0	0	0	
1307.880000	8	6	3	0	2	7	1	3642	-1351	31	78469	11	6	3	0	0	0	0	0	0	0	0	0	0	0	0	0	0	
1308.867833	8	6	3	0	2	7	1	3622	-1350	30	78528	11	6	4	0	0	0	0	0	0	0	0	0	0	0	0	0	0	
1309.872967	8	6	3	0	2	7	1	3602	-1349	31	78588	11	6	6	0	0	0	0	0	0	0	0	0	0	0	0	0	0	
1310.878083	8	6	3	0	2	7	1	3594	-1348	31	78648	11	6	8	0	0	0	0	0	0	0	0	0	0	0	0	0	0	
1311.864483	8	6	3	0	2	7	1	3574	-1349	31	78708	11	6	9	0	0	0	0	0	0	0	0	0	0	0	0	0	0	
1312.869600	8	6	3	0	2	7	1	3551	-1351	31	78768	11	6	11	0	0	0	0	0	0	0	0	0	0	0	0	0	0	
1313.874717	8	6	3	0	2	7	1	3537	-1348	31	78828	11	6	13	0	0	0	0	0	0	0	0	0	0	0	0	0	0	
1314.879833	8	6	3	0	2	7	1	3521	-1350	31	78889	11	6	14	0	0	0	0	0	0	0	0	0	0	0	0	0	0	
1315.866233	8	6	3	0	2	7	1	3509	-1349	31	78948	11	6	16	0	0	0	0	0	0	0	0	0	0	0	0	0	0	
1316.872800	8	6	3	0	2	7	1	3493	-1348	31	79008	11	6	18	0	0	0	0	0	0	0	0	0	0	0	0	0	0	
1317.877917	8	6	3	0	2	7	1	3479	-1350	31	79068	11	6	19	0	0	0	0	0	0	0	0	0	0	0	0	0	0	
1318.883033	8	6	3	0	2	7	1	3471	-1351	31	79129	11	6	21	0	0	0	0	0	0	0	0	0	0	0	0	0	0	
1319.869433	8	6	3	0	2	7	1	3462	-1349	31	79188	11	6	23	0	0	0	0	0	0	0	0	0	0	0	0	0	0	
1320.874567	8	6	3	0	2	7	1	3445	-1352	31	79248	11	6	24	0	0	0	0	0	0	0	0	0	0	0	0	0	0	
1321.879683	8	6	3	0	2	7	1	3436	-1350	31	79309	11	6	26	0	0	0	0	0	0	0	0	0	0	0	0	0	0	
1322.866083	8	6	3	0	2	7	1	3425	-1349	31	79368	11	6	28	0	0	0	0	0	0	0	0	0	0	0	0	0	0	
1323.871200	8	6	3	0	2	7	1	3413	-1350	31	79428	11	6	29	0	0	0	0	0	0	0	0	0	0	0	0	0	0	
1324.877767	8	6	3	0	2	7	1	3401	-1351	31	79488	11	6	31	0	0	0	0	0	0	0	0	0	0	0	0	0	0	
1325.882883	8	6	3	0	2	7	1	3391	-1349	31	79549	11	6	33	0	0	0	0	0	0	0	0	0	0	0	0	0	0	
1326.869283	8	6	3	0	2	7	1	3381	-1349	31	79608	11	6	34	0	0	0	0	0	0	0	0	0	0	0	0	0	0	
1327.874400	8	6	3	0	2	7	1	3372	-1349	31	79668	11	6	36	0	0	0	0	0	0	0	0	0	0	0	0	0	0	
1328.879517	8	6	3	0	2	7	1	3363	-1350	31	79728	11	6	38	0	0	0	0	0	0	0	0	0	0	0	0	0	0	
1329.865917	8	6	3	0	2	7	1	3354	-1350	31	79788	11	6	39	0	0	0	0	0	0	0	0	0	0	0	0	0	0	
1330.871033	8	6	3	0	2	7	1	3343	-1349	31	79848	11	6	41	0	0	0	0	0	0	0	0	0	0	0	0	0	0	
1331.876167	8	6	3	0	2	7	1	3332	-1350	31	79908	11	6	43	0	0	0	0	0	0	0	0	0	0	0	0	0	0	
1332.881283	8	6	3	0	2	7	1	3326	-1349	31	79969	11	6	44	0	0	0	0	0	0	0	0	0	0	0	0	0	0	
1333.869117	8	6	3	0	2	7	1	3318	-1352	31	80028	11	6	46	0	0	0	0	0	0	0	0	0	0	0	0	0	0	
1334.874233	8	6	3	0	2	7	1	3311	-1349	31	80088	11	6	48	0	0	0	0	0	0	0	0	0	0	0	0	0	0	
1335.879367	8	6	3	0	2	7	1	3302	-1349	31	80148	11	6	49	0	0	0	0	0	0	0	0	0	0	0	0	0	0	
1336.884483	8	6	3	0	2	7	1	3298	-1352	31	80209	11	6	51	0	0	0	0	0	0	0	0	0	0	0	0	0	0	
1337.870883	8	6	3	0	2	7	1	3289	-1349	31	80268	11	6	53	0	0	0	0	0	0	0	0	0	0	0	0	0	0	
1338.876000	8	6	3	0	2	7	1	3283	-1350	31	80328	11	6	54	0	0	0	0	0	0	0	0	0	0	0	0	0	0	
1339.881117	8	6	3	0	2	7	1	3279	-1349	31	80389	11	6	56	0	0	0	0	0	0	0	0	0	0	0	0	0	0	
1340.867517	8	6	3	0	2	7	1	3271	-1346	31	80448	11	6	57	0	0	0	0	0	0	0	0	0	0	0	0	0	0	
1341.872633	8	6	3	0	2	7	1	3263	-1350	31	80508	11	6	59	0	0	0	0	0	0	0	0	0	0	0	0	0	0	
1342.879200	8	6	3	0	2	7	1	3258	-1350	31	80568	11	6	61	0	0	0	0	0	0	0	0	0	0	0	0	0	0	
1343.884317	8	6	3	0	2	7	1	3254	-1351	31	80629	11	6	62	0	0	0	0	0	0	0	0	0	0	0	0	0	0	
1344.870717	8	6	3	0	2	7	1	3246	-1348	31	80688	11	6	64	0	0	0	0	0	0	0	0	0	0	0	0	0	0	
1345.875833	8	6	3	0	2	7	1	3241	-1350	31	80748	11	6	66	0	0	0	0	0	0	0	0	0	0	0	0	0	0	
1346.880967	8	6	3	0	2	7	1	3234	-1352	31	80808	11	6	67	0	0	0	0	0	0	0	0	0	0	0	0	0	0	
1347.867367	8	6	3	0	2	7	1	3230	-1350	31	80868	11	6	69	0	0	0	0	0	0	0	0	0	0	0	0	0	0	
1348.872483	8	6	3	0	2	7	1	3221	-1346	31	80928	11	6	71	0	0	0	0	0	0	0	0	0	0	0	0	0	0	
1349.879033	8	6	3	0	2	7	1	3213	-1350	31	80988	11	6	72	0	0	0	0	0	0	0	0	0	0	0	0	0	0	
1350.884167	8	6	3	0	2	7	1	3208	-1350	31	81049	11	6	74	0	0	0	0	0	0	0	0	0	0	0	0	0	0	
1351.870567	8	6	3	0	2	7	1	3201	-1349	31	81108	11	6	76	0	0	0	0	0	0	0	0	0	0	0	0	0	0	
1352.875683	8	6	3	0	2	7	1	3191	-1348	31	81168	11	6	77	0	0	0	0	0	0	0	0	0	0	0	0	0	0	
1353.880800	8	6	3	0	2	7	1	3176	-1349	31	81228	11	6	79	0	0	0	0	0	0	0	0	0	0	0	0	0	0	
1354.867200	8	6	3	0	2	7	1	3164	-1349	31	81288	11	6	81	0	0	0	0	0	0	0	0	0	0	0	0	0	0	
1355.872317	8	6	3	0	2	7	1	3145	-1351	31	81348	11	6	82	0	0	0	0	0	0	0	0	0	0	0	0	0	0	
1356.877433	8	6	3	0	2	7	1	3127	-1349	31	81408	11	6	84	0	0	0	0	0	0	0	0	0	0	0	0	0	0	
1357.882567	8	6	3	0	2	7	1	3099	-1350	31	81469	11	6	86	0	0	0	0	0	0	0	0	0	0	0	0	0	0	
1358.870400	8	6	3	0	2	7	1	3066	-1350	31	81528	11	6	87	0	0	0	0	0	0	0	0	0	0	0	0	0	0	
1359.875517	8	6	3	0	2	7	1	3019	-1349	31	81588	11	6	89	0	0	0	0	0	0	0	0	0	0	0	0	0	0	
1360.880633	8	6	3	0	2	7	1	2945	-1349	31	81648	11	6	91	0	0	0	0	0	0	0	0	0	0	0	0	0	0	
1361.871367	8	6	3	0	2	7	1	2790	-1349	31	81708	11	6	92	0	0	0	0	0	0	0	0	0	0	0	0	0	0	
1362.255833	8	15	3	0	1	31	2	3226	264	31	81731	13	6	93	0	0	0	0	0	0	0	0	0	0	0	0	0	0	
1362.276000	8	3	3	0	1	2	2	3369	676	31	81732	13	6	93	0	0	0	0	0	0	0	0	0	0	0	0	0	0	
1362.880800	8	3	3	0	1	2	2	3546	674	31	81768	13	6	93	0	0	0	0	0	0	0	0	0	0	0	0	0	0	
1363.885917	8	3	3	0	1	2	2	3668	675	31	81829	13	6	93	0	0	0	0	0	0	0	0	0	0	0	0	0	0	
1364.872317	8	3	3	0	1	2	2	3743	674	31	81888	13	6	93	0	0	0	0	0	0	0	0	0	0	0	0	0	0	
1365.877433	8	3	3	0	1	2	2	3801	675	31	81948	13	6	93	0	0	0	0	0	0	0	0	0	0	0	0	0	0	
1366.882567	8	3	3	0	1	2	2	3847	673	31	82008	13	6	93	0	0	0	0	0	0	0	0	0	0	0	0	0	0	
1367.868967	8	3	3	0	1	2	2	3882	675	31	82068	13	6	93	0	0	0	0	0	0	0	0	0	0	0	0	0	0	
1368.874083	8	3	3	0	1	2	2	3904	675	31	82128	13	6	93	0	0	0	0	0	0	0	0	0	0	0	0	0	0	
1369.879200	8	3	3	0	1	2	2	3913	675	31	82188	13	6	93	0	0	0	0	0	0	0	0	0	0	0	0	0	0	
1370.885767	8	3	3	0	1	2	2	3919	674	31	82249	13	6	93	0	0	0	0	0	0	0	0	0	0	0	0	0	0	
1371.872167	8	3	3	0	1	2	2	3924	675	31	82308	13	6	93	0	0	0	0	0	0	0	0	0	0	0	0	0	0	
1372.877283	8	3	3	0	1	2	2	3929	675	31	82368	13	6	93	0	0	0	0	0	0	0	0	0	0	0	0	0	0	
1373.882400	8	3	3	0	1	2	2	3934	674	31	82428	13	6	93	0	0	0	0	0	0	0	0	0	0	0	0	0	0	
1374.868800	8	3	3	0	1	2	2	3939	674	31	82488	13	6	93	0	0	0	0	0	0	0	0	0	0	0	0	0	0	
1375.873917	8	3	3	0	1	2	2	3944	674	31	82548	13	6	93	0	0	0	0	0	0	0	0	0	0	0	0	0	0	
1376.879033	8	3	3	0	1	2	2	3949	675	31	82608	13	6	93	0	0	0	0	0	0	0	0	0	0	0	0	0	0	
1377.884167	8	3	3	0	1	2	2	3955	675	31	82669	13	6	93	0	0	0	0	0	0	0	0	0	0	0	0	0	0	
1378.872000	8	3	3	0	1	2	2	3960	675	31	82728	13	6	93	0	0	0	0	0	0	0	0	0	0	0	0	0	0	
1379.877117	8	3	3	0	1	2	2	3966	675	31	82788	13	6	93	0	0	0	0	0	0	0	0	0	0	0	0	0	0	
1380.882233	8	3	3	0	1	2	2	3972	674	31	82848	13	6	93	0	0	0	0	0	0	0	0	0	0	0	0	0	0	
1381.887367	8	3	3	0	1	2	2	3978	675	31	82909	13	6	93	0	0	0	0	0	0	0	0	0	0	0	0	0	0	
1382.873767	8	3	3	0	1	2	2	3984	675	31	82968	13	6	93	0	0	0	0	0	0	0	0	0	0	0	0	0	0	
1383.878883	8	3	3	0	1	2	2	3989	675	31	83028	13	6	93	0	0	0	0	0	0	0	0	0	0	0	0	0	0	
1384.884000	8	3	3	0	1	2	2	3994	675	31	83088	13	6	93	0	0	0	0	0	0	0	0	0	0	0	0	0	0	
1385.870400	8	3	3	0	1	2	2	3999	674	31	83148	13	6	93	0	0	0	0	0	0	0	0	0	0	0	0	0	0	
1386.875517	8	3	3	0	1	2	2	4004	674	31	83208	13	6	93	0	0	0	0	0	0	0	0	0	0	0	0	0	0	
1387.882083	8	3	3	0	1	2	2	4009	675	31	83268	13	6	93	0	0	0	0	0	0	0	0	0	0	0	0	0	0	
1388.887200	8	3	3	0	1	2	2	4012	675	31	83329	13	6	93	0	0	0	0	0	0	0	0	0	0	0	0	0	0	
1389.873600	8	3	3	0	1	2	2	4016	675	31	83388	13	6	93	0	0	0	0	0	0	0	0	0	0	0	0	0	0	
1390.878717	8	3	3	0	1	2	2	4019	674	31	83448	13	6	93	0	0	0	0	0	0	0	0	0	0	0	0	0	0	
1391.883833	8	3	3	0	1	2	2	4022	674	31	83508	13	6	93	0	0	0	0	0	0	0	0	0	0	0	0	0	0	
1392.870233	8	3	3	0	1	2	2	4024	675	31	83568	13	6	93	0	0	0	0	0	0	0	0	0	0	0	0	0	0	
1393.875367	8	3	3	0	1	2	2	4027	674	31	83628	13	6	93	0	0	0	0	0	0	0	0	0	0	0	0	0	0	
1394.880483	8	3	3	0	1	2	2	4030	675	31	83688	13	6	93	0	0	0	0	0	0	0	0	0	0	0	0	0	0	
1395.887033	8	3	3	0	1	2	2	4032	674	31	83749	13	6	93	0	0	0	0	0	0	0	0	0	0	0	0	0	0	
1396.872000	8	3	3	0	1	2	2	4035	675	31	83808	13	6	93	0	0	0	0	0	0	0	0	0	0	0	0	0	0	
1397.878567	8	3	3	0	1	2	2	4037	674	31	83868	13	6	93	0	0	0	0	0	0	0	0	0	0	0	0	0	0	
1398.883683	8	3	3	0	1	2	2	4040	674	31	83928	13	6	93	0	0	0	0	0	0	0	0	0	0	0	0	0	0	
1399.888800	8	3	3	0	1	2	2	4042	674	31	83989	13	6	93	0	0	0	0	0	0	0	0	0	0	0	0	0	0	
1400.875200	8	3	3	0	1	2	2	4045	675	31	84048	13	6	93	0	0	0	0	0	0	0	0	0	0	0	0	0	0	
1401.880317	8	3	3	0	1	2	2	4047	674	31	84108	13	6	93	0	0	0	0	0	0	0	0	0	0	0	0	0	0	
1402.885433	8	3	3	0	1	2	2	4049	674	31	84168	13	6	93	0	0	0	0	0	0	0	0	0	0	0	0	0	0	
1403.871833	8	3	3	0	1	2	2	4052	675	31	84228	13	6	93	0	0	0	0	0	0	0	0	0	0	0	0	0	0	
1404.876967	8	3	3	0	1	2	2	4056	675	31	84288	13	6	93	0	0	0	0	0	0	0	0	0	0	0	0	0	0	
1405.882083	8	3	3	0	1	2	2	4058	674	31	84348	13	6	93	0	0	0	0	0	0	0	0	0	0	0	0	0	0	
1406.888633	8	3	3	0	1	2	2	4061	674	31	84409	13	6	93	0	0	0	0	0	0	0	0	0	0	0	0	0	0	
1407.875033	8	3	3	0	1	2	2	4064	675	31	84468	13	6	93	0	0	0	0	0	0	0	0	0	0	0	0	0	0	
1408.880167	8	3	3	0	1	2	2	4068	675	31	84528	13	6	93	0	0	0	0	0	0	0	0	0	0	0	0	0	0	
1409.885283	8	3	3	0	1	2	2	4071	675	31	84588	13	6	93	0	0	0	0	0	0	0	0	0	0	0	0	0	0	
1410.871683	8	3	3	0	1	2	2	4073	675	31	84648	13	6	93	0	0	0	0	0	0	0	0	0	0	0	0	0	0	
1411.876800	8	3	3	0	1	2	2	4077	675	31	84708	13	6	93	0	0	0	0	0	0	0	0	0	0	0	0	0	0	
1412.881917	8	3	3	0	1	2	2	4080	675	31	84768	13	6	93	0	0	0	0	0	0	0	0	0	0	0	0	0	0	
1413.887033	8	3	3	0	1	2	2	4084	676	31	84829	13	6	93	0	0	0	0	0	0	0	0	0	0	0	0	0	0	
1414.874883	8	3	3	0	1	2	2	4087	675	31	84888	13	6	93	0	0	0	0	0	0	0	0	0	0	0	0	0	0	
1415.880000	8	3	3	0	1	2	2	4089	674	31	84948	13	6	93	0	0	0	0	0	0	0	0	0	0	0	0	0	0	
1416.885117	8	3	3	0	1	2	2	4093	674	31	85008	13	6	93	0	0	0	0	0	0	0	0	0	0	0	0	0	0	
1417.890233	8	3	3	0	1	2	2	4097	676	31	85069	13	6	93	0	0	0	0	0	0	0	0	0	0	0	0	0	0	
1418.876633	8	3	3	0	1	2	2	4100	675	31	85128	13	6	93	0	0	0	0	0	0	0	0	0	0	0	0	0	0	
1419.881767	8	3	3	0	1	2	2	4104	675	31	85188	13	6	93	0	0	0	0	0	0	0	0	0	0	0	0	0	0	
1420.886883	8	3	3	0	1	2	2	4108	675	31	85249	13	6	93	0	0	0	0	0	0	0	0	0	0	0	0	0	0	
1421.873283	8	3	3	0	1	2	2	4111	674	31	85308	13	6	93	0	0	0	0	0	0	0	0	0	0	0	0	0	0	
1422.879833	8	3	3	0	1	2	2	4115	675	31	85368	13	6	93	0	0	0	0	0	0	0	0	0	0	0	0	0	0	
1423.884967	8	3	3	0	1	2	2	4116	667	31	85428	13	6	93	0	0	0	0	0	0	0	0	0	0	0	0	0	0	
1424.890083	8	3	3	0	1	2	2	4120	666	31	85489	13	6	93	0	0	0	0	0	0	0	0	0	0	0	0	0	0	
1425.876483	8	3	3	0	1	2	2	4124	666	31	85548	13	6	93	0	0	0	0	0	0	0	0	0	0	0	0	0	0	
1426.881600	8	3	3	0	1	2	2	4128	666	31	85608	13	6	93	0	0	0	0	0	0	0	0	0	0	0	0	0	0	
1427.886717	8	3	3	0	1	2	2	4131	663	31	85668	13	6	93	0	0	0	0	0	0	0	0	0	0	0	0	0	0	
1428.873117	8	3	3	0	1	2	2	4136	664	31	85728	13	6	93	0	0	0	0	0	0	0	0	0	0	0	0	0	0	
1429.878233	8	3	3	0	1	2	2	4140	662	31	85788	13	6	93	0	0	0	0	0	0	0	0	0	0	0	0	0	0	
1430.883367	8	3	3	0	1	2	2	4144	663	31	85848	13	6	93	0	0	0	0	0	0	0	0	0	0	0	0	0	0	
1431.889917	8	3	3	0	1	2	2	4149	662	31	85909	13	6	93	0	0	0	0	0	0	0	0	0	0	0	0	0	0	
1432.876317	8	3	3	0	1	2	2	4153	661	31	85968	13	6	93	0	0	0	0	0	0	0	0	0	0	0	0	0	0	
1433.881433	8	3	3	0	1	2	2	4158	661	31	86028	13	6	93	0	0	0	0	0	0	0	0	0	0	0	0	0	0	
1434.886567	8	3	3	0	1	2	2	4162	660	31	86088	13	6	93	0	0	0	0	0	0	0	0	0	0	0	0	0	0	
1435.891683	8	3	3	0	1	2	2	4167	660	31	86149	13	6	93	0	0	0	0	0	0	0	0	0	0	0	0	0	0	
1436.878083	8	3	3	0	1	2	2	4172	659	31	86208	13	6	93	0	0	0	0	0	0	0	0	0	0	0	0	0	0	
1437.883200	8	3	3	0	1	2	2	4176	658	31	86268	13	6	93	0	0	0	0	0	0	0	0	0	0	0	0	0	0	
1438.888317	8	3	3	0	1	2	2	4181	657	31	86329	13	6	93	0	0	0	0	0	0	0	0	0	0	0	0	0	0	
1439.874717	8	3	3	0	1	2	2	4186	656	31	86388	13	6	93	0	0	0	0	0	0	0	0	0	0	0	0	0	0	
1440.881283	8	3	3	0	1	2	2	4191	656	31	86448	13	6	93	0	0	0	0	0	0	0	0	0	0	0	0	0	0	
1441.886400	8	3	3	0	1	2	2	4196	655	31	86508	13	6	93	0	0	0	0	0	0	0	0	0	0	0	0	0	0	
1442.891517	8	3	3	0	1	2	2	4198	646	31	86569	13	6	93	0	0	0	0	0	0	0	0	0	0	0	0	0	0	
1443.877917	8	3	3	0	1	2	2	4198	631	31	86628	13	6	93	0	0	0	0	0	0	0	0	0	0	0	0	0	0	
1444.883033	8	3	3	0	1	2	2	4198	617	31	86688	13	6	93	0	0	0	0	0	0	0	0	0	0	0	0	0	0	
1445.888167	8	3	3	0	1	2	2	4198	603	31	86748	13	6	93	0	0	0	0	0	0	0	0	0	0	0	0	0	0	
1446.874567	8	3	3	0	1	2	2	4198	589	31	86808	13	6	93	0	0	0	0	0	0	0	0	0	0	0	0	0	0	
1447.879683	8	3	3	0	1	2	2	4198	576	31	86868	13	6	93	0	0	0	0	0	0	0	0	0	0	0	0	0	0	
1448.884800	8	3	3	0	1	2	2	4198	562	31	86928	13	6	93	0	0	0	0	0	0	0	0	0	0	0	0	0	0	
1449.891367	8	3	3	0	1	2	2	4199	549	31	86989	13	6	93	0	0	0	0	0	0	0	0	0	0	0	0	0	0	
1450.877767	8	3	3	0	1	2	2	4199	536	31	87048	13	6	93	0	0	0	0	0	0	0	0	0	0	0	0	0	0	
1451.882883	8	3	3	0	1	2	2	4198	522	31	87108	13	6	93	0	0	0	0	0	0	0	0	0	0	0	0	0	0	
1452.888000	8	3	3	0	1	2	2	4198	511	31	87168	13	6	93	0	0	0	0	0	0	0	0	0	0	0	0	0	0	
1453.893117	8	3	3	0	1	2	2	4199	497	31	87229	13	6	93	0	0	0	0	0	0	0	0	0	0	0	0	0	0	
1454.879517	8	3	3	0	1	2	2	4198	486	31	87288	13	6	93	0	0	0	0	0	0	0	0	0	0	0	0	0	0	
1455.884633	8	3	3	0	1	2	2	4198	473	31	87348	13	6	93	0	0	0	0	0	0	0	0	0	0	0	0	0	0	
1456.889767	8	3	3	0	1	2	2	4199	461	31	87409	13	6	93	0	0	0	0	0	0	0	0	0	0	0	0	0	0	
1457.876167	8	3	3	0	1	2	2	4198	450	31	87468	13	6	93	0	0	0	0	0	0	0	0	0	0	0	0	0	0	
1458.882717	8	3	3	0	1	2	2	4199	438	31	87528	13	6	93	0	0	0	0	0	0	0	0	0	0	0	0	0	0	
1459.887833	8	3	3	0	1	2	2	4198	426	31	87588	13	6	93	0	0	0	0	0	0	0	0	0	0	0	0	0	0	
1460.892967	8	3	3	0	1	2	2	4199	415	31	87649	13	6	93	0	0	0	0	0	0	0	0	0	0	0	0	0	0	
1461.879367	8	3	3	0	1	2	2	4199	405	31	87708	13	6	93	0	0	0	0	0	0	0	0	0	0	0	0	0	0	
1462.884483	8	3	3	0	1	2	2	4198	393	31	87768	13	6	93	0	0	0	0	0	0	0	0	0	0	0	0	0	0	
1463.889600	8	3	3	0	1	2	2	4198	382	31	87828	13	6	93	0	0	0	0	0	0	0	0	0	0	0	0	0	0	
1464.876000	8	3	3	0	1	2	2	4198	373	31	87888	13	6	93	0	0	0	0	0	0	0	0	0	0	0	0	0	0	
1465.881117	8	3	3	0	1	2	2	4199	363	31	87948	13	6	93	0	0	0	0	0	0	0	0	0	0	0	0	0	0	
1466.886233	8	3	3	0	1	2	2	4198	353	31	88008	13	6	93	0	0	0	0	0	0	0	0	0	0	0	0	0	0	
1467.892800	8	3	3	0	1	2	2	4198	343	31	88069	13	6	93	0	0	0	0	0	0	0	0	0	0	0	0	0	0	
1468.879200	8	3	3	0	1	2	2	4198	334	31	88128	13	6	93	0	0	0	0	0	0	0	0	0	0	0	0	0	0	
1469.884317	8	3	3	0	1	2	2	4198	325	31	88188	13	6	93	0	0	0	0	0	0	0	0	0	0	0	0	0	0	
1470.889433	8	3	3	0	1	2	2	4199	316	31	88248	13	6	93	0	0	0	0	0	0	0	0	0	0	0	0	0	0	
1471.894567	8	3	3	0	1	2	2	4198	307	31	88309	13	6	93	0	0	0	0	0	0	0	0	0	0	0	0	0	0	
1472.880967	8	3	3	0	1	2	2	4198	298	31	88368	13	6	93	0	0	0	0	0	0	0	0	0	0	0	0	0	0	
1473.886083	8	3	3	0	1	2	2	4199	291	31	88428	13	6	93	0	0	0	0	0	0	0	0	0	0	0	0	0	0	
1474.891200	8	3	3	0	1	2	2	4198	283	31	88489	13	6	93	0	0	0	0	0	0	0	0	0	0	0	0	0	0	
1475.877600	8	3	3	0	1	2	2	4198	275	31	88548	13	6	93	0	0	0	0	0	0	0	0	0	0	0	0	0	0	
1476.884167	8	3	3	0	1	2	2	4198	267	31	88608	13	6	93	0	0	0	0	0	0	0	0	0	0	0	0	0	0	
1477.889283	8	3	3	0	1	2	2	4199	261	31	88668	13	6	93	0	0	0	0	0	0	0	0	0	0	0	0	0	0	
1478.894400	8	3	3	0	1	2	2	4198	253	31	88729	13	6	93	0	0	0	0	0	0	0	0	0	0	0	0	0	0	
1479.880800	8	3	3	0	1	2	2	4199	246	31	88788	13	6	93	0	0	0	0	0	0	0	0	0	0	0	0	0	0	
1480.885917	8	3	3	0	1	2	2	4198	240	31	88848	13	6	93	0	0	0	0	0	0	0	0	0	0	0	0	0	0	
1481.891033	8	3	3	0	1	2	2	4198	233	31	88908	13	6	93	0	0	0	0	0	0	0	0	0	0	0	0	0	0	
1482.877433	8	3	3	0	1	2	2	4198	226	31	88968	13	6	93	0	0	0	0	0	0	0	0	0	0	0	0	0	0	
1483.882567	8	3	3	0	1	2	2	4199	219	31	89028	13	6	93	0	0	0	0	0	0	0	0	0	0	0	0	0	0	
1484.889117	8	3	3	0	1	2	2	4198	213	31	89088	13	6	93	0	0	0	0	0	0	0	0	0	0	0	0	0	0	
1485.894233	8	3	3	0	1	2	2	4199	207	31	89149	13	6	93	0	0	0	0	0	0	0	0	0	0	0	0	0	0	
1486.880633	8	3	3	0	1	2	2	4198	202	31	89208	13	6	93	0	0	0	0	0	0	0	0	0	0	0	0	0	0	
1487.885767	8	3	3	0	1	2	2	4198	196	31	89268	13	6	93	0	0	0	0	0	0	0	0	0	0	0	0	0	0	
1488.890883	8	3	3	0	1	2	2	4198	190	31	89328	13	6	93	0	0	0	0	0	0	0	0	0	0	0	0	0	0	
1489.877283	8	3	3	0	1	2	2	4199	185	31	89388	13	6	93	0	0	0	0	0	0	0	0	0	0	0	0	0	0	
1490.882400	8	3	3	0	1	2	2	4199	180	31	89448	13	6	93	0	0	0	0	0	0	0	0	0	0	0	0	0	0	
1491.887517	8	3	3	0	1	2	2	4199	176	31	89508	13	6	93	0	0	0	0	0	0	0	0	0	0	0	0	0	0	
1492.894083	8	3	3	0	1	2	2	4198	170	31	89569	13	6	93	0	0	0	0	0	0	0	0	0	0	0	0	0	0	
1493.880483	8	3	3	0	1	2	2	4198	166	31	89628	13	6	93	0	0	0	0	0	0	0	0	0	0	0	0	0	0	
1494.885600	8	3	3	0	1	2	2	4198	160	31	89688	13	6	93	0	0	0	0	0	0	0	0	0	0	0	0	0	0	
1495.890717	8	3	3	0	1	2	2	4198	156	31	89748	13	6	93	0	0	0	0	0	0	0	0	0	0	0	0	0	0	
1496.895833	8	3	3	0	1	2	2	4199	152	31	89809	13	6	93	0	0	0	0	0	0	0	0	0	0	0	0	0	0	
1497.882233	8	3	3	0	1	2	2	4198	148	31	89868	13	6	93	0	0	0	0	0	0	0	0	0	0	0	0	0	0	
1498.887367	8	3	3	0	1	2	2	4198	143	31	89928	13	6	93	0	0	0	0	0	0	0	0	0	0	0	0	0	0	
1499.892483	8	3	3	0	1	2	2	4199	139	31	89989	13	6	93	0	0	0	0	0	0	0	0	0	0	0	0	0	0	
1500.880317	8	3	3	0	1	2	2	4199	136	31	90048	13	6	93	0	0	0	0	0	0	0	0	0	0	0	0	0	0	
1501.885433	8	3	3	0	1	2	2	4198	132	31	90108	13	6	93	0	0	0	0	0	0	0	0	0	0	0	0	0	0	
1502.890567	8	3	3	0	1	2	2	4198	129	31	90168	13	6	93	0	0	0	0	0	0	0	0	0	0	0	0	0	0	
1503.895683	8	3	3	0	1	2	2	4199	125	31	90229	13	6	93	0	0	0	0	0	0	0	0	0	0	0	0	0	0	
1504.882083	8	3	3	0	1	2	2	4198	122	31	90288	13	6	93	0	0	0	0	0	0	0	0	0	0	0	0	0	0	
1505.887200	8	3	3	0	1	2	2	4198	118	31	90348	13	6	93	0	0	0	0	0	0	0	0	0	0	0	0	0	0	
1506.895200	8	3	3	0	1	2	2	4198	115	31	90409	13	6	93	0	0	0	0	0	0	0	0	0	0	0	0	0	0	
1507.881600	8	3	3	0	1	2	2	4198	112	31	90468	13	6	93	0	0	0	0	0	0	0	0	0	0	0	0	0	0	
1508.886717	8	3	3	0	1	2	2	4198	109	31	90528	13	6	93	0	0	0	0	0	0	0	0	0	0	0	0	0	0	
1509.891833	8	3	3	0	1	2	2	4198	106	31	90588	13	6	93	0	0	0	0	0	0	0	0	0	0	0	0	0	0	
1510.896967	8	3	3	0	1	2	2	4199	103	31	90649	13	6	93	0	0	0	0	0	0	0	0	0	0	0	0	0	0	
1511.883367	8	3	3	0	1	2	2	4199	100	31	90708	13	6	93	0	0	0	0	0	0	0	0	0	0	0	0	0	0	
1512.888483	8	3	3	0	1	2	2	4199	97	31	90768	13	6	93	0	0	0	0	0	0	0	0	0	0	0	0	0	0	
1513.893600	8	3	3	0	1	2	2	4198	96	31	90828	13	6	93	0	0	0	0	0	0	0	0	0	0	0	0	0	0	
1514.880000	8	3	3	0	1	2	2	4198	92	31	90888	13	6	93	0	0	0	0	0	0	0	0	0	0	0	0	0	0	
1515.886567	8	3	3	0	1	2	2	4199	89	31	90948	13	6	93	0	0	0	0	0	0	0	0	0	0	0	0	0	0	
1516.891683	8	3	3	0	1	2	2	4199	87	31	91008	13	6	93	0	0	0	0	0	0	0	0	0	0	0	0	0	0	
1517.896800	8	3	3	0	1	2	2	4198	84	31	91069	13	6	93	0	0	0	0	0	0	0	0	0	0	0	0	0	0	
1518.883200	8	3	3	0	1	2	2	4198	82	31	91128	13	6	93	0	0	0	0	0	0	0	0	0	0	0	0	0	0	
1519.888317	8	3	3	0	1	2	2	4199	80	31	91188	13	6	93	0	0	0	0	0	0	0	0	0	0	0	0	0	0	
1520.893433	8	3	3	0	1	2	2	4199	78	31	91248	13	6	93	0	0	0	0	0	0	0	0	0	0	0	0	0	0	
1521.879833	8	3	3	0	1	2	2	4198	75	31	91308	13	6	93	0	0	0	0	0	0	0	0	0	0	0	0	0	0	
1522.884967	8	3	3	0	1	2	2	4198	74	31	91368	13	6	93	0	0	0	0	0	0	0	0	0	0	0	0	0	0	
1523.890083	8	3	3	0	1	2	2	4198	72	31	91428	13	6	93	0	0	0	0	0	0	0	0	0	0	0	0	0	0	
1524.895200	8	3	3	0	1	2	2	4199	70	31	91489	13	6	93	0	0	0	0	0	0	0	0	0	0	0	0	0	0	
1525.883033	8	3	3	0	1	2	2	4199	68	31	91548	13	6	93	0	0	0	0	0	0	0	0	0	0	0	0	0	0	
1526.266083	8	6	3	0	2	7	1	3698	-1351	31	91571	13	7	0	0	0	0	0	0	0	0	0	0	0	0	0	0	0	
1526.889600	8	6	3	0	2	7	1	3662	-1350	31	91608	13	7	1	0	0	0	0	0	0	0	0	0	0	0	0	0	0	
1527.894717	8	6	3	0	2	7	1	3611	-1350	31	91668	13	7	2	0	0	0	0	0	0	0	0	0	0	0	0	0	0	
1528.881117	8	6	3	0	2	7	1	3602	-1349	31	91728	13	7	4	0	0	0	0	0	0	0	0	0	0	0	0	0	0	
1529.886233	8	6	3	0	2	7	1	3601	-1349	31	91788	13	7	5	0	0	0	0	0	0	0	0	0	0	0	0	0	0	
1530.891367	8	6	3	0	2	7	1	3587	-1350	31	91848	13	7	7	0	0	0	0	0	0	0	0	0	0	0	0	0	0	
1531.896483	8	6	3	0	2	7	1	3562	-1351	31	91909	13	7	9	0	0	0	0	0	0	0	0	0	0	0	0	0	0	
1532.882883	8	6	3	0	2	7	1	3546	-1348	31	91968	13	7	10	0	0	0	0	0	0	0	0	0	0	0	0	0	0	
1533.889433	8	6	3	0	2	7	1	3532	-1350	31	92028	13	7	12	0	0	0	0	0	0	0	0	0	0	0	0	0	0	
1534.894567	8	6	3	0	2	7	1	3511	-1350	31	92088	13	7	14	0	0	0	0	0	0	0	0	0	0	0	0	0	0	
1535.899683	8	6	3	0	2	7	1	3493	-1350	31	92149	13	7	15	0	0	0	0	0	0	0	0	0	0	0	0	0	0	
1536.886083	8	6	3	0	2	7	1	3482	-1350	31	92208	13	7	17	0	0	0	0	0	0	0	0	0	0	0	0	0	0	
1537.891200	8	6	3	0	2	7	1	3472	-1349	31	92268	13	7	19	0	0	0	0	0	0	0	0	0	0	0	0	0	0	
1538.896317	8	6	3	0	2	7	1	3458	-1350	31	92329	13	7	20	0	0	0	0	0	0	0	0	0	0	0	0	0	0	
1539.882717	8	6	3	0	2	7	1	3446	-1349	31	92388	13	7	22	0	0	0	0	0	0	0	0	0	0	0	0	0	0	
1540.887833	8	6	3	0	2	7	1	3436	-1350	31	92448	13	7	24	0	0	0	0	0	0	0	0	0	0	0	0	0	0	
1541.892967	8	6	3	0	2	7	1	3424	-1350	31	92508	13	7	25	0	0	0	0	0	0	0	0	0	0	0	0	0	0	
1542.899517	8	6	3	0	2	7	1	3401	-1349	31	92569	13	7	27	0	0	0	0	0	0	0	0	0	0	0	0	0	0	
1543.884483	8	6	3	0	2	7	1	3389	-1350	31	92628	13	7	29	0	0	0	0	0	0	0	0	0	0	0	0	0	0	
1544.891033	8	6	3	0	2	7	1	3373	-1350	31	92688	13	7	30	0	0	0	0	0	0	0	0	0	0	0	0	0	0	
1545.896167	8	6	3	0	2	7	1	3363	-1351	31	92748	13	7	32	0	0	0	0	0	0	0	0	0	0	0	0	0	0	
1546.882567	8	6	3	0	2	7	1	3355	-1349	31	92808	13	7	34	0	0	0	0	0	0	0	0	0	0	0	0	0	0	
1547.887683	8	6	3	0	2	7	1	3347	-1349	31	92868	13	7	35	0	0	0	0	0	0	0	0	0	0	0	0	0	0	
1548.892800	8	6	3	0	2	7	1	3339	-1349	31	92928	13	7	37	0	0	0	0	0	0	0	0	0	0	0	0	0	0	
1549.897917	8	6	3	0	2	7	1	3326	-1349	31	92989	13	7	39	0	0	0	0	0	0	0	0	0	0	0	0	0	0	
1550.884317	8	6	3	0	2	7	1	3320	-1348	31	93048	13	7	40	0	0	0	0	0	0	0	0	0	0	0	0	0	0	
1551.889433	8	6	3	0	2	7	1	3309	-1349	31	93108	13	7	42	0	0	0	0	0	0	0	0	0	0	0	0	0	0	
1552.894567	8	6	3	0	2	7	1	3295	-1349	31	93168	13	7	44	0	0	0	0	0	0	0	0	0	0	0	0	0	0	
1553.901117	8	6	3	0	2	7	1	3282	-1350	31	93229	13	7	45	0	0	0	0	0	0	0	0	0	0	0	0	0	0	
1554.887517	8	6	3	0	2	7	1	3274	-1349	31	93288	13	7	47	0	0	0	0	0	0	0	0	0	0	0	0	0	0	
1555.892633	8	6	3	0	2	7	1	3268	-1351	31	93348	13	7	49	0	0	0	0	0	0	0	0	0	0	0	0	0	0	
1556.897767	8	6	3	0	2	7	1	3260	-1348	31	93409	13	7	50	0	0	0	0	0	0	0	0	0	0	0	0	0	0	
1557.884167	8	6	3	0	2	7	1	3243	-1349	31	93468	13	7	52	0	0	0	0	0	0	0	0	0	0	0	0	0	0	
1558.889283	8	6	3	0	2	7	1	3243	-1349	31	93528	13	7	53	0	0	0	0	0	0	0	0	0	0	0	0	0	0	
1559.894400	8	6	3	0	2	7	1	3232	-1350	31	93588	13	7	55	0	0	0	0	0	0	0	0	0	0	0	0	0	0	
1560.899517	8	6	3	0	2	7	1	3221	-1349	31	93649	13	7	57	0	0	0	0	0	0	0	0	0	0	0	0	0	0	
1561.885917	8	6	3	0	2	7	1	3216	-1349	31	93708	13	7	58	0	0	0	0	0	0	0	0	0	0	0	0	0	0	
1562.892483	8	6	3	0	2	7	1	3205	-1350	31	93768	13	7	60	0	0	0	0	0	0	0	0	0	0	0	0	0	0	
1563.897600	8	6	3	0	2	7	1	3204	-1352	31	93828	13	7	62	0	0	0	0	0	0	0	0	0	0	0	0	0	0	
1564.884000	8	6	3	0	2	7	1	3190	-1350	31	93888	13	7	63	0	0	0	0	0	0	0	0	0	0	0	0	0	0	
1565.889117	8	6	3	0	2	7	1	3177	-1351	31	93948	13	7	65	0	0	0	0	0	0	0	0	0	0	0	0	0	0	
1566.894233	8	6	3	0	2	7	1	3175	-1350	31	94008	13	7	67	0	0	0	0	0	0	0	0	0	0	0	0	0	0	
1567.899367	8	6	3	0	2	7	1	3180	-1349	31	94069	13	7	68	0	0	0	0	0	0	0	0	0	0	0	0	0	0	
1568.885767	8	6	3	0	2	7	1	3175	-1352	31	94128	13	7	70	0	0	0	0	0	0	0	0	0	0	0	0	0	0	
1569.890883	8	6	3	0	2	7	1	3173	-1350	31	94188	13	7	72	0	0	0	0	0	0	0	0	0	0	0	0	0	0	
1570.896000	8	6	3	0	2	7	1	3162	-1352	31	94248	13	7	73	0	0	0	0	0	0	0	0	0	0	0	0	0	0	
1571.901117	8	6	3	0	2	7	1	3146	-1350	31	94309	13	7	75	0	0	0	0	0	0	0	0	0	0	0	0	0	0	
1572.887517	8	6	3	0	2	7	1	3137	-1351	31	94368	13	7	77	0	0	0	0	0	0	0	0	0	0	0	0	0	0	
1573.894083	8	6	3	0	2	7	1	3129	-1351	31	94428	13	7	78	0	0	0	0	0	0	0	0	0	0	0	0	0	0	
1574.899200	8	6	3	0	2	7	1	3123	-1351	31	94489	13	7	80	0	0	0	0	0	0	0	0	0	0	0	0	0	0	
1575.885600	8	6	3	0	2	7	1	3106	-1352	31	94548	13	7	82	0	0	0	0	0	0	0	0	0	0	0	0	0	0	
1576.890717	8	6	3	0	2	7	1	3091	-1349	31	94608	13	7	83	0	0	0	0	0	0	0	0	0	0	0	0	0	0	
1577.895833	8	6	3	0	2	7	1	3067	-1350	31	94668	13	7	85	0	0	0	0	0	0	0	0	0	0	0	0	0	0	
1578.900967	8	6	3	0	2	7	1	3040	-1351	31	94729	13	7	87	0	0	0	0	0	0	0	0	0	0	0	0	0	0	
1579.887367	8	6	3	0	2	7	1	3003	-1350	31	94788	13	7	88	0	0	0	0	0	0	0	0	0	0	0	0	0	0	
1580.892483	8	6	3	0	2	7	1	2932	-1349	31	94848	13	7	90	0	0	0	0	0	0	0	0	0	0	0	0	0	0	
1581.899033	8	6	3	0	2	7	1	2799	-1348	31	94908	13	7	92	0	0	0	0	0	0	0	0	0	0	0	0	0	0	
1582.433283	8	15	3	0	1	31	2	3413	673	31	94941	15	7	93	0	0	0	0	0	0	0	0	0	0	0	0	0	0	
1582.453433	8	3	3	0	1	2	2	3430	676	31	94942	15	7	93	0	0	0	0	0	0	0	0	0	0	0	0	0	0	
1582.888317	8	3	3	0	1	2	2	3558	675	31	94968	15	7	93	0	0	0	0	0	0	0	0	0	0	0	0	0	0	
1583.893433	8	3	3	0	1	2	2	3684	674	31	95028	15	7	93	0	0	0	0	0	0	0	0	0	0	0	0	0	0	
1584.898567	8	3	3	0	1	2	2	3762	674	31	95088	15	7	93	0	0	0	0	0	0	0	0	0	0	0	0	0	0	
1585.884967	8	3	3	0	1	2	2	3820	675	31	95148	15	7	93	0	0	0	0	0	0	0	0	0	0	0	0	0	0	
1586.890083	8	3	3	0	1	2	2	3862	673	31	95208	15	7	93	0	0	0	0	0	0	0	0	0	0	0	0	0	0	
1587.895200	8	3	3	0	1	2	2	3894	674	31	95268	15	7	93	0	0	0	0	0	0	0	0	0	0	0	0	0	0	
1588.900317	8	3	3	0	1	2	2	3911	675	31	95329	15	7	93	0	0	0	0	0	0	0	0	0	0	0	0	0	0	
1589.888167	8	3	3	0	1	2	2	3919	675	31	95388	15	7	93	0	0	0	0	0	0	0	0	0	0	0	0	0	0	
1590.893283	8	3	3	0	1	2	2	3924	675	31	95448	15	7	93	0	0	0	0	0	0	0	0	0	0	0	0	0	0	
1591.898400	8	3	3	0	1	2	2	3928	674	31	95508	15	7	93	0	0	0	0	0	0	0	0	0	0	0	0	0	0	
1592.903517	8	3	3	0	1	2	2	3932	674	31	95569	15	7	93	0	0	0	0	0	0	0	0	0	0	0	0	0	0	
1593.889917	8	3	3	0	1	2	2	3936	673	31	95628	15	7	93	0	0	0	0	0	0	0	0	0	0	0	0	0	0	
1594.895033	8	3	3	0	1	2	2	3941	675	31	95688	15	7	93	0	0	0	0	0	0	0	0	0	0	0	0	0	0	
1595.900167	8	3	3	0	1	2	2	3946	674	31	95749	15	7	93	0	0	0	0	0	0	0	0	0	0	0	0	0	0	
1596.886567	8	3	3	0	1	2	2	3951	674	31	95808	15	7	93	0	0	0	0	0	0	0	0	0	0	0	0	0	0	
1597.891683	8	3	3	0	1	2	2	3957	675	31	95868	15	7	93	0	0	0	0	0	0	0	0	0	0	0	0	0	0	
1598.898233	8	3	3	0	1	2	2	3963	674	31	95928	15	7	93	0	0	0	0	0	0	0	0	0	0	0	0	0	0	
1599.903367	8	3	3	0	1	2	2	3969	674	31	95989	15	7	93	0	0	0	0	0	0	0	0	0	0	0	0	0	0	
1600.889767	8	3	3	0	1	2	2	3975	675	31	96048	15	7	93	0	0	0	0	0	0	0	0	0	0	0	0	0	0	
1601.894883	8	3	3	0	1	2	2	3981	675	31	96108	15	7	93	0	0	0	0	0	0	0	0	0	0	0	0	0	0	
1602.900000	8	3	3	0	1	2	2	3987	674	31	96168	15	7	93	0	0	0	0	0	0	0	0	0	0	0	0	0	0	
1603.886400	8	3	3	0	1	2	2	3992	673	31	96228	15	7	93	0	0	0	0	0	0	0	0	0	0	0	0	0	0	
1604.891517	8	3	3	0	1	2	2	3998	674	31	96288	15	7	93	0	0	0	0	0	0	0	0	0	0	0	0	0	0	
1605.896633	8	3	3	0	1	2	2	4002	674	31	96348	15	7	93	0	0	0	0	0	0	0	0	0	0	0	0	0	0	
1606.901767	8	3	3	0	1	2	2	4007	675	31	96409	15	7	93	0	0	0	0	0	0	0	0	0	0	0	0	0	0	
1607.888167	8	3	3	0	1	2	2	4012	674	31	96468	15	7	93	0	0	0	0	0	0	0	0	0	0	0	0	0	0	
1608.893283	8	3	3	0	1	2	2	4015	674	31	96528	15	7	93	0	0	0	0	0	0	0	0	0	0	0	0	0	0	
1609.904167	8	3	3	0	1	2	2	4019	675	32	96589	15	7	93	0	0	0	0	0	0	0	0	0	0	0	0	0	0	
1610.890567	8	3	3	0	1	2	2	4021	674	31	96648	15	7	93	0	0	0	0	0	0	0	0	0	0	0	0	0	0	
1611.895683	8	3	3	0	1	2	2	4024	674	32	96708	15	7	93	0	0	0	0	0	0	0	0	0	0	0	0	0	0	
1612.900800	8	3	3	0	1	2	2	4027	675	32	96768	15	7	93	0	0	0	0	0	0	0	0	0	0	0	0	0	0	
1613.887200	8	3	3	0	1	2	2	4029	674	32	96828	15	7	93	0	0	0	0	0	0	0	0	0	0	0	0	0	0	
1614.892317	8	3	3	0	1	2	2	4032	674	32	96888	15	7	93	0	0	0	0	0	0	0	0	0	0	0	0	0	0	
1615.898883	8	3	3	0	1	2	2	4035	675	32	96948	15	7	93	0	0	0	0	0	0	0	0	0	0	0	0	0	0	
1616.904000	8	3	3	0	1	2	2	4037	674	32	97009	15	7	93	0	0	0	0	0	0	0	0	0	0	0	0	0	0	
1617.890400	8	3	3	0	1	2	2	4039	673	31	97068	15	7	93	0	0	0	0	0	0	0	0	0	0	0	0	0	0	
1618.895517	8	3	3	0	1	2	2	4042	674	32	97128	15	7	93	0	0	0	0	0	0	0	0	0	0	0	0	0	0	
1619.900633	8	3	3	0	1	2	2	4045	674	31	97188	15	7	93	0	0	0	0	0	0	0	0	0	0	0	0	0	0	
1620.887033	8	3	3	0	1	2	2	4047	674	32	97248	15	7	93	0	0	0	0	0	0	0	0	0	0	0	0	0	0	
1621.892167	8	3	3	0	1	2	2	4050	675	32	97308	15	7	93	0	0	0	0	0	0	0	0	0	0	0	0	0	0	
1622.897283	8	3	3	0	1	2	2	4052	674	32	97368	15	7	93	0	0	0	0	0	0	0	0	0	0	0	0	0	0	
1623.903833	8	3	3	0	1	2	2	4055	675	32	97429	15	7	93	0	0	0	0	0	0	0	0	0	0	0	0	0	0	
1624.890233	8	3	3	0	1	2	2	4058	675	32	97488	15	7	93	0	0	0	0	0	0	0	0	0	0	0	0	0	0	
1625.895367	8	3	3	0	1	2	2	4061	675	32	97548	15	7	93	0	0	0	0	0	0	0	0	0	0	0	0	0	0	
1626.900483	8	3	3	0	1	2	2	4064	674	32	97608	15	7	93	0	0	0	0	0	0	0	0	0	0	0	0	0	0	
1627.905600	8	3	3	0	1	2	2	4066	674	32	97669	15	7	93	0	0	0	0	0	0	0	0	0	0	0	0	0	0	
1628.892000	8	3	3	0	1	2	2	4070	674	32	97728	15	7	93	0	0	0	0	0	0	0	0	0	0	0	0	0	0	
1629.897117	8	3	3	0	1	2	2	4073	675	32	97788	15	7	93	0	0	0	0	0	0	0	0	0	0	0	0	0	0	
1630.902233	8	3	3	0	1	2	2	4076	674	32	97848	15	7	93	0	0	0	0	0	0	0	0	0	0	0	0	0	0	
1631.888633	8	3	3	0	1	2	2	4079	674	32	97908	15	7	93	0	0	0	0	0	0	0	0	0	0	0	0	0	0	
1632.895200	8	3	3	0	1	2	2	4082	674	32	97968	15	7	93	0	0	0	0	0	0	0	0	0	0	0	0	0	0	
1633.900317	8	3	3	0	1	2	2	4086	674	32	98028	15	7	93	0	0	0	0	0	0	0	0	0	0	0	0	0	0	
1634.905433	8	3	3	0	1	2	2	4089	674	32	98089	15	7	93	0	0	0	0	0	0	0	0	0	0	0	0	0	0	
1635.891833	8	3	3	0	1	2	2	4093	675	31	98148	15	7	93	0	0	0	0	0	0	0	0	0	0	0	0	0	0	
1636.896967	8	3	3	0	1	2	2	4096	674	32	98208	15	7	93	0	0	0	0	0	0	0	0	0	0	0	0	0	0	
1637.902083	8	3	3	0	1	2	2	4100	674	32	98268	15	7	93	0	0	0	0	0	0	0	0	0	0	0	0	0	0	
1638.888483	8	3	3	0	1	2	2	4103	675	31	98328	15	7	93	0	0	0	0	0	0	0	0	0	0	0	0	0	0	
1639.893600	8	3	3	0	1	2	2	4107	675	32	98388	15	7	93	0	0	0	0	0	0	0	0	0	0	0	0	0	0	
1640.898717	8	3	3	0	1	2	2	4111	675	32	98448	15	7	93	0	0	0	0	0	0	0	0	0	0	0	0	0	0	
1641.903833	8	3	3	0	1	2	2	4114	674	32	98509	15	7	93	0	0	0	0	0	0	0	0	0	0	0	0	0	0	
1642.890233	8	3	3	0	1	2	2	4116	669	32	98568	15	7	93	0	0	0	0	0	0	0	0	0	0	0	0	0	0	
1643.895367	8	3	3	0	1	2	2	4119	667	32	98628	15	7	93	0	0	0	0	0	0	0	0	0	0	0	0	0	0	
1644.901917	8	3	3	0	1	2	2	4123	664	31	98688	15	7	93	0	0	0	0	0	0	0	0	0	0	0	0	0	0	
1645.907033	8	3	3	0	1	2	2	4126	665	32	98749	15	7	93	0	0	0	0	0	0	0	0	0	0	0	0	0	0	
1646.893433	8	3	3	0	1	2	2	4131	665	32	98808	15	7	93	0	0	0	0	0	0	0	0	0	0	0	0	0	0	
1647.898567	8	3	3	0	1	2	2	4135	665	32	98868	15	7	93	0	0	0	0	0	0	0	0	0	0	0	0	0	0	
1648.903683	8	3	3	0	1	2	2	4139	663	32	98928	15	7	93	0	0	0	0	0	0	0	0	0	0	0	0	0	0	
1649.890083	8	3	3	0	1	2	2	4143	662	32	98988	15	7	93	0	0	0	0	0	0	0	0	0	0	0	0	0	0	
1650.895200	8	3	3	0	1	2	2	4147	661	32	99048	15	7	93	0	0	0	0	0	0	0	0	0	0	0	0	0	0	
1651.900317	8	3	3	0	1	2	2	4152	662	32	99108	15	7	93	0	0	0	0	0	0	0	0	0	0	0	0	0	0	
1652.905433	8	3	3	0	1	2	2	4156	661	32	99169	15	7	93	0	0	0	0	0	0	0	0	0	0	0	0	0	0	
1653.891833	8	3	3	0	1	2	2	4160	660	32	99228	15	7	93	0	0	0	0	0	0	0	0	0	0	0	0	0	0	
1654.896967	8	3	3	0	1	2	2	4165	660	32	99288	15	7	93	0	0	0	0	0	0	0	0	0	0	0	0	0	0	
1655.903517	8	3	3	0	1	2	2	4170	659	32	99348	15	7	93	0	0	0	0	0	0	0	0	0	0	0	0	0	0	
1656.908633	8	3	3	0	1	2	2	4175	658	32	99409	15	7	93	0	0	0	0	0	0	0	0	0	0	0	0	0	0	
1657.895033	8	3	3	0	1	2	2	4179	658	32	99468	15	7	93	0	0	0	0	0	0	0	0	0	0	0	0	0	0	
1658.900167	8	3	3	0	1	2	2	4184	658	32	99528	15	7	93	0	0	0	0	0	0	0	0	0	0	0	0	0	0	
1659.905283	8	3	3	0	1	2	2	4189	657	32	99589	15	7	93	0	0	0	0	0	0	0	0	0	0	0	0	0	0	
1660.891683	8	3	3	0	1	2	2	4195	657	32	99648	15	7	93	0	0	0	0	0	0	0	0	0	0	0	0	0	0	
1661.896800	8	3	3	0	1	2	2	4199	653	31	99708	15	7	93	0	0	0	0	0	0	0	0	0	0	0	0	0	0	
1662.901917	8	3	3	0	1	2	2	4199	638	32	99768	15	7	93	0	0	0	0	0	0	0	0	0	0	0	0	0	0	
1663.908483	8	3	3	0	1	2	2	4199	623	32	99829	15	7	93	0	0	0	0	0	0	0	0	0	0	0	0	0	0	
1664.894883	8	3	3	0	1	2	2	4198	609	32	99888	15	7	93	0	0	0	0	0	0	0	0	0	0	0	0	0	0	
1665.900000	8	3	3	0	1	2	2	4199	595	32	99948	15	7	93	0	0	0	0	0	0	0	0	0	0	0	0	0	0	
1666.905117	8	3	3	0	1	2	2	4198	582	32	100008	15	7	93	0	0	0	0	0	0	0	0	0	0	0	0	0	0	
1667.891517	8	3	3	0	1	2	2	4198	568	32	100068	15	7	93	0	0	0	0	0	0	0	0	0	0	0	0	0	0	
1668.896633	8	3	3	0	1	2	2	4198	555	32	100128	15	7	93	0	0	0	0	0	0	0	0	0	0	0	0	0	0	
1669.901767	8	3	3	0	1	2	2	4198	541	32	100188	15	7	93	0	0	0	0	0	0	0	0	0	0	0	0	0	0	
1670.906883	8	3	3	0	1	2	2	4198	528	32	100249	15	7	93	0	0	0	0	0	0	0	0	0	0	0	0	0	0	
1671.893283	8	3	3	0	1	2	2	4198	516	32	100308	15	7	93	0	0	0	0	0	0	0	0	0	0	0	0	0	0	
1672.899833	8	3	3	0	1	2	2	4199	503	32	100368	15	7	93	0	0	0	0	0	0	0	0	0	0	0	0	0	0	
1673.904967	8	3	3	0	1	2	2	4199	490	32	100428	15	7	93	0	0	0	0	0	0	0	0	0	0	0	0	0	0	
1674.910083	8	3	3	0	1	2	2	4199	478	32	100489	15	7	93	0	0	0	0	0	0	0	0	0	0	0	0	0	0	
1675.896483	8	3	3	0	1	2	2	4199	466	32	100548	15	7	93	0	0	0	0	0	0	0	0	0	0	0	0	0	0	
1676.901600	8	3	3	0	1	2	2	4198	454	32	100608	15	7	93	0	0	0	0	0	0	0	0	0	0	0	0	0	0	
1677.906717	8	3	3	0	1	2	2	4198	444	32	100669	15	7	93	0	0	0	0	0	0	0	0	0	0	0	0	0	0	
1678.893117	8	3	3	0	1	2	2	4198	432	32	100728	15	7	93	0	0	0	0	0	0	0	0	0	0	0	0	0	0	
1679.898233	8	3	3	0	1	2	2	4198	421	32	100788	15	7	93	0	0	0	0	0	0	0	0	0	0	0	0	0	0	
1680.903367	8	3	3	0	1	2	2	4199	410	32	100848	15	7	93	0	0	0	0	0	0	0	0	0	0	0	0	0	0	
1681.908483	8	3	3	0	1	2	2	4199	400	32	100909	15	7	93	0	0	0	0	0	0	0	0	0	0	0	0	0	0	
1682.894883	8	3	3	0	1	2	2	4199	389	32	100968	15	7	93	0	0	0	0	0	0	0	0	0	0	0	0	0	0	
1683.901433	8	3	3	0	1	2	2	4199	379	32	101028	15	7	93	0	0	0	0	0	0	0	0	0	0	0	0	0	0	
1684.906567	8	3	3	0	1	2	2	4198	370	32	101088	15	7	93	0	0	0	0	0	0	0	0	0	0	0	0	0	0	
1685.892967	8	3	3	0	1	2	2	4198	361	32	101148	15	7	93	0	0	0	0	0	0	0	0	0	0	0	0	0	0	
1686.898083	8	3	3	0	1	2	2	4198	350	32	101208	15	7	93	0	0	0	0	0	0	0	0	0	0	0	0	0	0	
1687.903200	8	3	3	0	1	2	2	4198	342	32	101268	15	7	93	0	0	0	0	0	0	0	0	0	0	0	0	0	0	
1688.908317	8	3	3	0	1	2	2	4198	331	32	101329	15	7	93	0	0	0	0	0	0	0	0	0	0	0	0	0	0	
1689.894717	8	3	3	0	1	2	2	4198	324	32	101388	15	7	93	0	0	0	0	0	0	0	0	0	0	0	0	0	0	
1690.899833	8	3	3	0	1	2	2	4199	315	32	101448	15	7	93	0	0	0	0	0	0	0	0	0	0	0	0	0	0	
1691.904967	8	3	3	0	1	2	2	4199	306	32	101508	15	7	93	0	0	0	0	0	0	0	0	0	0	0	0	0	0	
1692.910083	8	3	3	0	1	2	2	4198	298	31	101569	15	7	93	0	0	0	0	0	0	0	0	0	0	0	0	0	0	
1693.896483	8	3	3	0	1	2	2	4198	290	32	101628	15	7	93	0	0	0	0	0	0	0	0	0	0	0	0	0	0	
1694.903033	8	3	3	0	1	2	2	4198	283	32	101688	15	7	93	0	0	0	0	0	0	0	0	0	0	0	0	0	0	
1695.908167	8	3	3	0	1	2	2	4198	275	32	101748	15	7	93	0	0	0	0	0	0	0	0	0	0	0	0	0	0	
1696.894567	8	3	3	0	1	2	2	4198	267	32	101808	15	7	93	0	0	0	0	0	0	0	0	0	0	0	0	0	0	
1697.899683	8	3	3	0	1	2	2	4198	259	31	101868	15	7	93	0	0	0	0	0	0	0	0	0	0	0	0	0	0	
1698.904800	8	3	3	0	1	2	2	4199	253	32	101928	15	7	93	0	0	0	0	0	0	0	0	0	0	0	0	0	0	
1699.909917	8	3	3	0	1	2	2	4198	246	31	101989	15	7	93	0	0	0	0	0	0	0	0	0	0	0	0	0	0	
1700.896317	8	3	3	0	1	2	2	4198	239	32	102048	15	7	93	0	0	0	0	0	0	0	0	0	0	0	0	0	0	
1701.901433	8	3	3	0	1	2	2	4198	232	32	102108	15	7	93	0	0	0	0	0	0	0	0	0	0	0	0	0	0	
1702.906567	8	3	3	0	1	2	2	4198	226	32	102168	15	7	93	0	0	0	0	0	0	0	0	0	0	0	0	0	0	
1703.911683	8	3	3	0	1	2	2	4198	219	31	102229	15	7	93	0	0	0	0	0	0	0	0	0	0	0	0	0	0	
1704.898083	8	3	3	0	1	2	2	4198	214	31	102288	15	7	93	0	0	0	0	0	0	0	0	0	0	0	0	0	0	
1705.903200	8	3	3	0	1	2	2	4198	207	32	102348	15	7	93	0	0	0	0	0	0	0	0	0	0	0	0	0	0	
1706.909767	8	3	3	0	1	2	2	4199	202	31	102409	15	7	93	0	0	0	0	0	0	0	0	0	0	0	0	0	0	
1707.896167	8	3	3	0	1	2	2	4198	196	32	102468	15	7	93	0	0	0	0	0	0	0	0	0	0	0	0	0	0	
1708.901283	8	3	3	0	1	2	2	4198	191	31	102528	15	7	93	0	0	0	0	0	0	0	0	0	0	0	0	0	0	
1709.906400	8	3	3	0	1	2	2	4198	185	32	102588	15	7	93	0	0	0	0	0	0	0	0	0	0	0	0	0	0	
1710.911517	8	3	3	0	1	2	2	4198	180	32	102649	15	7	93	0	0	0	0	0	0	0	0	0	0	0	0	0	0	
1711.897917	8	3	3	0	1	2	2	4198	175	32	102708	15	7	93	0	0	0	0	0	0	0	0	0	0	0	0	0	0	
1712.903033	8	3	3	0	1	2	2	4198	171	32	102768	15	7	93	0	0	0	0	0	0	0	0	0	0	0	0	0	0	
1713.908167	8	3	3	0	1	2	2	4199	166	32	102828	15	7	93	0	0	0	0	0	0	0	0	0	0	0	0	0	0	
1714.894567	8	3	3	0	1	2	2	4198	162	32	102888	15	7	93	0	0	0	0	0	0	0	0	0	0	0	0	0	0	
1715.899683	8	3	3	0	1	2	2	4198	156	32	102948	15	7	93	0	0	0	0	0	0	0	0	0	0	0	0	0	0	
1716.904800	8	3	3	0	1	2	2	4198	152	32	103008	15	7	93	0	0	0	0	0	0	0	0	0	0	0	0	0	0	
1717.911367	8	3	3	0	1	2	2	4198	148	32	103069	15	7	93	0	0	0	0	0	0	0	0	0	0	0	0	0	0	
1718.897767	8	3	3	0	1	2	2	4199	145	32	103128	15	7	93	0	0	0	0	0	0	0	0	0	0	0	0	0	0	
1719.902883	8	3	3	0	1	2	2	4199	140	32	103188	15	7	93	0	0	0	0	0	0	0	0	0	0	0	0	0	0	
1720.908000	8	3	3	0	1	2	2	4198	137	32	103248	15	7	93	0	0	0	0	0	0	0	0	0	0	0	0	0	0	
1721.913117	8	3	3	0	1	2	2	4198	133	32	103309	15	7	93	0	0	0	0	0	0	0	0	0	0	0	0	0	0	
1722.899517	8	3	3	0	1	2	2	4198	130	32	103368	15	7	93	0	0	0	0	0	0	0	0	0	0	0	0	0	0	
1723.904633	8	3	3	0	1	2	2	4199	126	32	103428	15	7	93	0	0	0	0	0	0	0	0	0	0	0	0	0	0	
1724.909767	8	3	3	0	1	2	2	4199	122	32	103489	15	7	93	0	0	0	0	0	0	0	0	0	0	0	0	0	0	
1725.896167	8	3	3	0	1	2	2	4199	119	32	103548	15	7	93	0	0	0	0	0	0	0	0	0	0	0	0	0	0	
1726.902717	8	3	3	0	1	2	2	4198	116	32	103608	15	7	93	0	0	0	0	0	0	0	0	0	0	0	0	0	0	
1727.907833	8	3	3	0	1	2	2	4198	112	32	103668	15	7	93	0	0	0	0	0	0	0	0	0	0	0	0	0	0	
1728.912967	8	3	3	0	1	2	2	4198	109	32	103729	15	7	93	0	0	0	0	0	0	0	0	0	0	0	0	0	0	
1729.899367	8	3	3	0	1	2	2	4198	106	32	103788	15	7	93	0	0	0	0	0	0	0	0	0	0	0	0	0	0	
1730.904483	8	3	3	0	1	2	2	4198	103	32	103848	15	7	93	0	0	0	0	0	0	0	0	0	0	0	0	0	0	
1731.909600	8	3	3	0	1	2	2	4198	100	32	103908	15	7	93	0	0	0	0	0	0	0	0	0	0	0	0	0	0	
1732.896000	8	3	3	0	1	2	2	4198	97	32	103968	15	7	93	0	0	0	0	0	0	0	0	0	0	0	0	0	0	
1733.901117	8	3	3	0	1	2	2	4198	95	32	104028	15	7	93	0	0	0	0	0	0	0	0	0	0	0	0	0	0	
1734.906233	8	3	3	0	1	2	2	4198	93	32	104088	15	7	93	0	0	0	0	0	0	0	0	0	0	0	0	0	0	
1735.911367	8	3	3	0	1	2	2	4198	89	32	104149	15	7	93	0	0	0	0	0	0	0	0	0	0	0	0	0	0	
1736.897767	8	3	3	0	1	2	2	4198	87	32	104208	15	7	93	0	0	0	0	0	0	0	0	0	0	0	0	0	0	
1737.904317	8	3	3	0	1	2	2	4199	85	32	104268	15	7	93	0	0	0	0	0	0	0	0	0	0	0	0	0	0	
1738.909433	8	3	3	0	1	2	2	4198	83	32	104328	15	7	93	0	0	0	0	0	0	0	0	0	0	0	0	0	0	
1739.914567	8	3	3	0	1	2	2	4199	80	32	104389	15	7	93	0	0	0	0	0	0	0	0	0	0	0	0	0	0	
1740.900967	8	3	3	0	1	2	2	4199	78	32	104448	15	7	93	0	0	0	0	0	0	0	0	0	0	0	0	0	0	
1741.906083	8	3	3	0	1	2	2	4199	76	32	104508	15	7	93	0	0	0	0	0	0	0	0	0	0	0	0	0	0	
1742.911200	8	3	3	0	1	2	2	4198	74	32	104568	15	7	93	0	0	0	0	0	0	0	0	0	0	0	0	0	0	
1743.897600	8	3	3	0	1	2	2	4198	72	32	104628	15	7	93	0	0	0	0	0	0	0	0	0	0	0	0	0	0	
1744.902717	8	3	3	0	1	2	2	4199	69	32	104688	15	7	93	0	0	0	0	0	0	0	0	0	0	0	0	0	0	
1745.907833	8	3	3	0	1	2	2	4199	68	32	104748	15	7	93	0	0	0	0	0	0	0	0	0	0	0	0	0	0	
1746.630717	8	6	3	0	2	7	1	3988	-584	32	104792	15	8	0	0	0	0	0	0	0	0	0	0	0	0	0	0	0	
1746.914400	8	6	3	0	2	7	1	3659	-1349	32	104809	15	8	0	0	0	0	0	0	0	0	0	0	0	0	0	0	0	
1747.902233	8	6	3	0	2	7	1	3612	-1350	32	104868	15	8	2	0	0	0	0	0	0	0	0	0	0	0	0	0	0	
1748.907367	8	6	3	0	2	7	1	3605	-1348	32	104928	15	8	3	0	0	0	0	0	0	0	0	0	0	0	0	0	0	
1749.912483	8	6	3	0	2	7	1	3595	-1349	32	104989	15	8	5	0	0	0	0	0	0	0	0	0	0	0	0	0	0	
1750.898883	8	6	3	0	2	7	1	3581	-1350	32	105048	15	8	6	0	0	0	0	0	0	0	0	0	0	0	0	0	0	
1751.904000	8	6	3	0	2	7	1	3555	-1348	32	105108	15	8	8	0	0	0	0	0	0	0	0	0	0	0	0	0	0	
1752.909117	8	6	3	0	2	7	1	3528	-1349	32	105168	15	8	10	0	0	0	0	0	0	0	0	0	0	0	0	0	0	
1753.914233	8	6	3	0	2	7	1	3454	-1349	32	105229	15	8	12	0	0	0	0	0	0	0	0	0	0	0	0	0	0	
1754.902083	8	6	3	0	2	7	1	3478	-1350	32	105288	15	8	13	0	0	0	0	0	0	0	0	0	0	0	0	0	0	
1755.908633	8	6	3	0	2	7	1	3457	-1349	32	105348	15	8	15	0	0	0	0	0	0	0	0	0	0	0	0	0	0	
1756.913767	8	6	3	0	2	7	1	3442	-1346	32	105409	15	8	17	0	0	0	0	0	0	0	0	0	0	0	0	0	0	
1757.900167	8	6	3	0	2	7	1	3441	-1348	32	105468	15	8	18	0	0	0	0	0	0	0	0	0	0	0	0	0	0	
1758.905283	8	6	3	0	2	7	1	3412	-1351	32	105528	15	8	20	0	0	0	0	0	0	0	0	0	0	0	0	0	0	
1759.910400	8	6	3	0	2	7	1	3401	-1355	32	105588	15	8	21	0	0	0	0	0	0	0	0	0	0	0	0	0	0	
1760.915517	8	6	3	0	2	7	1	3370	-1349	32	105649	15	8	23	0	0	0	0	0	0	0	0	0	0	0	0	0	0	
1761.901917	8	6	3	0	2	7	1	3360	-1348	32	105708	15	8	25	0	0	0	0	0	0	0	0	0	0	0	0	0	0	
1762.907033	8	6	3	0	2	7	1	3349	-1351	32	105768	15	8	26	0	0	0	0	0	0	0	0	0	0	0	0	0	0	
1763.912167	8	6	3	0	2	7	1	3331	-1351	32	105828	15	8	28	0	0	0	0	0	0	0	0	0	0	0	0	0	0	
1764.898567	8	6	3	0	2	7	1	3299	-1350	32	105888	15	8	30	0	0	0	0	0	0	0	0	0	0	0	0	0	0	
1765.905117	8	6	3	0	2	7	1	3304	-1349	32	105948	15	8	31	0	0	0	0	0	0	0	0	0	0	0	0	0	0	
1766.910233	8	6	3	0	2	7	1	3337	-1350	32	106008	15	8	33	0	0	0	0	0	0	0	0	0	0	0	0	0	0	
1767.915367	8	6	3	0	2	7	1	3337	-1350	32	106069	15	8	35	0	0	0	0	0	0	0	0	0	0	0	0	0	0	
1768.901767	8	6	3	0	2	7	1	3328	-1351	32	106128	15	8	36	0	0	0	0	0	0	0	0	0	0	0	0	0	0	
1769.906883	8	6	3	0	2	7	1	3321	-1350	32	106188	15	8	38	0	0	0	0	0	0	0	0	0	0	0	0	0	0	
1770.912000	8	6	3	0	2	7	1	3304	-1350	32	106248	15	8	40	0	0	0	0	0	0	0	0	0	0	0	0	0	0	
1771.917117	8	6	3	0	2	7	1	3285	-1351	32	106309	15	8	41	0	0	0	0	0	0	0	0	0	0	0	0	0	0	
1772.903517	8	6	3	0	2	7	1	3275	-1350	32	106368	15	8	43	0	0	0	0	0	0	0	0	0	0	0	0	0	0	
1773.908633	8	6	3	0	2	7	1	3275	-1351	32	106428	15	8	45	0	0	0	0	0	0	0	0	0	0	0	0	0	0	
1774.915200	8	6	3	0	2	7	1	3268	-1352	32	106489	15	8	46	0	0	0	0	0	0	0	0	0	0	0	0	0	0	
1775.901600	8	6	3	0	2	7	1	3255	-1350	32	106548	15	8	48	0	0	0	0	0	0	0	0	0	0	0	0	0	0	
1776.906717	8	6	3	0	2	7	1	3242	-1349	32	106608	15	8	50	0	0	0	0	0	0	0	0	0	0	0	0	0	0	
1777.911833	8	6	3	0	2	7	1	3231	-1350	32	106668	15	8	51	0	0	0	0	0	0	0	0	0	0	0	0	0	0	
1778.916967	8	6	3	0	2	7	1	3209	-1348	32	106729	15	8	53	0	0	0	0	0	0	0	0	0	0	0	0	0	0	
1779.903367	8	6	3	0	2	7	1	3184	-1351	32	106788	15	8	55	0	0	0	0	0	0	0	0	0	0	0	0	0	0	
1780.908483	8	6	3	0	2	7	1	3159	-1350	32	106848	15	8	56	0	0	0	0	0	0	0	0	0	0	0	0	0	0	
1781.913600	8	6	3	0	2	7	1	3168	-1349	32	106908	15	8	58	0	0	0	0	0	0	0	0	0	0	0	0	0	0	
1782.900000	8	6	3	0	2	7	1	3172	-1350	32	106968	15	8	59	0	0	0	0	0	0	0	0	0	0	0	0	0	0	
1783.906567	8	6	3	0	2	7	1	3170	-1348	32	107028	15	8	61	0	0	0	0	0	0	0	0	0	0	0	0	0	0	
1784.911683	8	6	3	0	2	7	1	3162	-1348	32	107088	15	8	63	0	0	0	0	0	0	0	0	0	0	0	0	0	0	
1785.916800	8	6	3	0	2	7	1	3161	-1350	32	107149	15	8	64	0	0	0	0	0	0	0	0	0	0	0	0	0	0	
1786.903200	8	6	3	0	2	7	1	3156	-1348	32	107208	15	8	66	0	0	0	0	0	0	0	0	0	0	0	0	0	0	
1787.908317	8	6	3	0	2	7	1	3153	-1352	32	107268	15	8	68	0	0	0	0	0	0	0	0	0	0	0	0	0	0	
1788.913433	8	6	3	0	2	7	1	3147	-1348	32	107328	15	8	69	0	0	0	0	0	0	0	0	0	0	0	0	0	0	
1789.899833	8	6	3	0	2	7	1	3141	-1350	32	107388	15	8	71	0	0	0	0	0	0	0	0	0	0	0	0	0	0	
1790.904967	8	6	3	0	2	7	1	3131	-1349	32	107448	15	8	73	0	0	0	0	0	0	0	0	0	0	0	0	0	0	
1791.911517	8	6	3	0	2	7	1	3125	-1352	32	107508	15	8	74	0	0	0	0	0	0	0	0	0	0	0	0	0	0	
1792.916633	8	6	3	0	2	7	1	3117	-1352	32	107569	15	8	76	0	0	0	0	0	0	0	0	0	0	0	0	0	0	
1793.903033	8	6	3	0	2	7	1	3107	-1351	32	107628	15	8	78	0	0	0	0	0	0	0	0	0	0	0	0	0	0	
1794.908167	8	6	3	0	2	7	1	3092	-1350	32	107688	15	8	79	0	0	0	0	0	0	0	0	0	0	0	0	0	0	
1795.913283	8	6	3	0	2	7	1	3078	-1351	32	107748	15	8	81	0	0	0	0	0	0	0	0	0	0	0	0	0	0	
1796.918400	8	6	3	0	2	7	1	3061	-1350	32	107809	15	8	83	0	0	0	0	0	0	0	0	0	0	0	0	0	0	
1797.904800	8	6	3	0	2	7	1	3037	-1349	32	107868	15	8	84	0	0	0	0	0	0	0	0	0	0	0	0	0	0	
1798.909917	8	6	3	0	2	7	1	3012	-1351	32	107928	15	8	86	0	0	0	0	0	0	0	0	0	0	0	0	0	0	
1799.915033	8	6	3	0	2	7	1	2972	-1346	32	107988	15	8	88	0	0	0	0	0	0	0	0	0	0	0	0	0	0	
1800.901433	8	6	3	0	2	7	1	2920	-1350	32	108048	15	8	89	0	0	0	0	0	0	0	0	0	0	0	0	0	0	
1801.906567	8	6	3	0	2	7	1	2818	-1350	32	108108	15	8	91	0	0	0	0	0	0	0	0	0	0	0	0	0	0	
1802.651033	8	15	3	0	1	31	2	3320	275	32	108153	17	8	92	0	0	0	0	0	0	0	0	0	0	0	0	0	0	
1802.671200	8	3	3	0	1	2	2	3459	676	32	108154	17	8	92	0	0	0	0	0	0	0	0	0	0	0	0	0	0	
1802.917433	8	3	3	0	1	2	2	3546	674	32	108169	17	8	92	0	0	0	0	0	0	0	0	0	0	0	0	0	0	
1803.903833	8	3	3	0	1	2	2	3684	675	32	108228	17	8	92	0	0	0	0	0	0	0	0	0	0	0	0	0	0	
1804.908967	8	3	3	0	1	2	2	3763	674	32	108288	17	8	92	0	0	0	0	0	0	0	0	0	0	0	0	0	0	
1805.914083	8	3	3	0	1	2	2	3810	674	32	108348	17	8	92	0	0	0	0	0	0	0	0	0	0	0	0	0	0	
1806.919200	8	3	3	0	1	2	2	3845	675	32	108409	17	8	92	0	0	0	0	0	0	0	0	0	0	0	0	0	0	
1807.905600	8	3	3	0	1	2	2	3874	674	32	108468	17	8	92	0	0	0	0	0	0	0	0	0	0	0	0	0	0	
1808.912167	8	3	3	0	1	2	2	3892	674	32	108528	17	8	92	0	0	0	0	0	0	0	0	0	0	0	0	0	0	
1809.917283	8	3	3	0	1	2	2	3900	675	32	108589	17	8	92	0	0	0	0	0	0	0	0	0	0	0	0	0	0	
1810.903683	8	3	3	0	1	2	2	3905	674	32	108648	17	8	92	0	0	0	0	0	0	0	0	0	0	0	0	0	0	
1811.908800	8	3	3	0	1	2	2	3912	675	32	108708	17	8	92	0	0	0	0	0	0	0	0	0	0	0	0	0	0	
1812.913917	8	3	3	0	1	2	2	3918	674	32	108768	17	8	92	0	0	0	0	0	0	0	0	0	0	0	0	0	0	
1813.919033	8	3	3	0	1	2	2	3924	673	32	108829	17	8	92	0	0	0	0	0	0	0	0	0	0	0	0	0	0	
1814.905433	8	3	3	0	1	2	2	3930	674	32	108888	17	8	92	0	0	0	0	0	0	0	0	0	0	0	0	0	0	
1815.910567	8	3	3	0	1	2	2	3936	675	32	108948	17	8	92	0	0	0	0	0	0	0	0	0	0	0	0	0	0	
1816.915683	8	3	3	0	1	2	2	3943	675	32	109008	17	8	92	0	0	0	0	0	0	0	0	0	0	0	0	0	0	
1817.903517	8	3	3	0	1	2	2	3949	675	32	109068	17	8	92	0	0	0	0	0	0	0	0	0	0	0	0	0	0	
1818.908633	8	3	3	0	1	2	2	3956	675	32	109128	17	8	92	0	0	0	0	0	0	0	0	0	0	0	0	0	0	
1819.913767	8	3	3	0	1	2	2	3963	675	32	109188	17	8	92	0	0	0	0	0	0	0	0	0	0	0	0	0	0	
1820.918883	8	3	3	0	1	2	2	3969	674	32	109249	17	8	92	0	0	0	0	0	0	0	0	0	0	0	0	0	0	
1821.905283	8	3	3	0	1	2	2	3976	674	32	109308	17	8	92	0	0	0	0	0	0	0	0	0	0	0	0	0	0	
1822.910400	8	3	3	0	1	2	2	3982	674	32	109368	17	8	92	0	0	0	0	0	0	0	0	0	0	0	0	0	0	
1823.915517	8	3	3	0	1	2	2	3988	675	32	109428	17	8	92	0	0	0	0	0	0	0	0	0	0	0	0	0	0	
1824.920633	8	3	3	0	1	2	2	3994	674	32	109489	17	8	92	0	0	0	0	0	0	0	0	0	0	0	0	0	0	
1825.907033	8	3	3	0	1	2	2	3999	675	32	109548	17	8	92	0	0	0	0	0	0	0	0	0	0	0	0	0	0	
1826.913600	8	3	3	0	1	2	2	4004	675	32	109608	17	8	92	0	0	0	0	0	0	0	0	0	0	0	0	0	0	
1827.918717	8	3	3	0	1	2	2	4009	675	33	109669	17	8	92	0	0	0	0	0	0	0	0	0	0	0	0	0	0	
1828.905117	8	3	3	0	1	2	2	4013	674	33	109728	17	8	92	0	0	0	0	0	0	0	0	0	0	0	0	0	0	
1829.910233	8	3	3	0	1	2	2	4016	675	32	109788	17	8	92	0	0	0	0	0	0	0	0	0	0	0	0	0	0	
1830.915367	8	3	3	0	1	2	2	4019	674	32	109848	17	8	92	0	0	0	0	0	0	0	0	0	0	0	0	0	0	
1831.920483	8	3	3	0	1	2	2	4023	676	32	109909	17	8	92	0	0	0	0	0	0	0	0	0	0	0	0	0	0	
1832.906883	8	3	3	0	1	2	2	4026	675	32	109968	17	8	92	0	0	0	0	0	0	0	0	0	0	0	0	0	0	
1833.913433	8	3	3	0	1	2	2	4029	675	33	110028	17	8	92	0	0	0	0	0	0	0	0	0	0	0	0	0	0	
1834.918567	8	3	3	0	1	2	2	4031	675	33	110088	17	8	92	0	0	0	0	0	0	0	0	0	0	0	0	0	0	
1835.904967	8	3	3	0	1	2	2	4034	674	33	110148	17	8	92	0	0	0	0	0	0	0	0	0	0	0	0	0	0	
1836.910083	8	3	3	0	1	2	2	4036	675	32	110208	17	8	92	0	0	0	0	0	0	0	0	0	0	0	0	0	0	
1837.915200	8	3	3	0	1	2	2	4039	674	33	110268	17	8	92	0	0	0	0	0	0	0	0	0	0	0	0	0	0	
1838.920317	8	3	3	0	1	2	2	4042	675	33	110329	17	8	92	0	0	0	0	0	0	0	0	0	0	0	0	0	0	
1839.906717	8	3	3	0	1	2	2	4044	674	32	110388	17	8	92	0	0	0	0	0	0	0	0	0	0	0	0	0	0	
1840.911833	8	3	3	0	1	2	2	4047	675	33	110448	17	8	92	0	0	0	0	0	0	0	0	0	0	0	0	0	0	
1841.916967	8	3	3	0	1	2	2	4050	674	32	110508	17	8	92	0	0	0	0	0	0	0	0	0	0	0	0	0	0	
1842.923517	8	3	3	0	1	2	2	4053	674	32	110569	17	8	92	0	0	0	0	0	0	0	0	0	0	0	0	0	0	
1843.909917	8	3	3	0	1	2	2	4056	675	32	110628	17	8	92	0	0	0	0	0	0	0	0	0	0	0	0	0	0	
1844.915033	8	3	3	0	1	2	2	4059	674	32	110688	17	8	92	0	0	0	0	0	0	0	0	0	0	0	0	0	0	
1845.920167	8	3	3	0	1	2	2	4062	675	32	110749	17	8	92	0	0	0	0	0	0	0	0	0	0	0	0	0	0	
1846.906567	8	3	3	0	1	2	2	4065	675	32	110808	17	8	92	0	0	0	0	0	0	0	0	0	0	0	0	0	0	
1847.911683	8	3	3	0	1	2	2	4068	673	32	110868	17	8	92	0	0	0	0	0	0	0	0	0	0	0	0	0	0	
1848.916800	8	3	3	0	1	2	2	4071	674	32	110928	17	8	92	0	0	0	0	0	0	0	0	0	0	0	0	0	0	
1849.921917	8	3	3	0	1	2	2	4074	674	32	110989	17	8	92	0	0	0	0	0	0	0	0	0	0	0	0	0	0	
1850.909767	8	3	3	0	1	2	2	4077	675	32	111048	17	8	92	0	0	0	0	0	0	0	0	0	0	0	0	0	0	
1851.914883	8	3	3	0	1	2	2	4081	675	32	111108	17	8	92	0	0	0	0	0	0	0	0	0	0	0	0	0	0	
1852.920000	8	3	3	0	1	2	2	4084	674	32	111169	17	8	92	0	0	0	0	0	0	0	0	0	0	0	0	0	0	
1853.906400	8	3	3	0	1	2	2	4087	674	32	111228	17	8	92	0	0	0	0	0	0	0	0	0	0	0	0	0	0	
1854.911517	8	3	3	0	1	2	2	4091	674	32	111288	17	8	92	0	0	0	0	0	0	0	0	0	0	0	0	0	0	
1855.916633	8	3	3	0	1	2	2	4094	675	32	111348	17	8	92	0	0	0	0	0	0	0	0	0	0	0	0	0	0	
1856.923200	8	3	3	0	1	2	2	4098	674	32	111409	17	8	92	0	0	0	0	0	0	0	0	0	0	0	0	0	0	
1857.913917	8	3	3	0	1	2	2	4101	675	32	111468	17	8	92	0	0	0	0	0	0	0	0	0	0	0	0	0	0	
1858.919033	8	3	3	0	1	2	2	4105	675	32	111528	17	8	92	0	0	0	0	0	0	0	0	0	0	0	0	0	0	
1859.905433	8	3	3	0	1	2	2	4109	675	32	111588	17	8	92	0	0	0	0	0	0	0	0	0	0	0	0	0	0	
1860.910567	8	3	3	0	1	2	2	4113	674	32	111648	17	8	92	0	0	0	0	0	0	0	0	0	0	0	0	0	0	
1861.915683	8	3	3	0	1	2	2	4117	674	32	111708	17	8	92	0	0	0	0	0	0	0	0	0	0	0	0	0	0	
1862.922233	8	3	3	0	1	2	2	4118	667	32	111769	17	8	92	0	0	0	0	0	0	0	0	0	0	0	0	0	0	
1863.908633	8	3	3	0	1	2	2	4122	668	32	111828	17	8	92	0	0	0	0	0	0	0	0	0	0	0	0	0	0	
1864.913767	8	3	3	0	1	2	2	4126	666	32	111888	17	8	92	0	0	0	0	0	0	0	0	0	0	0	0	0	0	
1865.918883	8	3	3	0	1	2	2	4130	666	32	111948	17	8	92	0	0	0	0	0	0	0	0	0	0	0	0	0	0	
1866.924000	8	3	3	0	1	2	2	4134	664	32	112009	17	8	92	0	0	0	0	0	0	0	0	0	0	0	0	0	0	
1867.910400	8	3	3	0	1	2	2	4138	664	32	112068	17	8	92	0	0	0	0	0	0	0	0	0	0	0	0	0	0	
1868.915517	8	3	3	0	1	2	2	4142	664	32	112128	17	8	92	0	0	0	0	0	0	0	0	0	0	0	0	0	0	
1869.920633	8	3	3	0	1	2	2	4146	663	32	112189	17	8	92	0	0	0	0	0	0	0	0	0	0	0	0	0	0	
1870.908483	8	3	3	0	1	2	2	4151	662	32	112248	17	8	92	0	0	0	0	0	0	0	0	0	0	0	0	0	0	
1871.913600	8	3	3	0	1	2	2	4156	663	32	112308	17	8	92	0	0	0	0	0	0	0	0	0	0	0	0	0	0	
1872.918717	8	3	3	0	1	2	2	4160	661	32	112368	17	8	92	0	0	0	0	0	0	0	0	0	0	0	0	0	0	
1873.923833	8	3	3	0	1	2	2	4165	660	32	112429	17	8	92	0	0	0	0	0	0	0	0	0	0	0	0	0	0	
1874.910233	8	3	3	0	1	2	2	4169	660	32	112488	17	8	92	0	0	0	0	0	0	0	0	0	0	0	0	0	0	
1875.915367	8	3	3	0	1	2	2	4174	660	32	112548	17	8	92	0	0	0	0	0	0	0	0	0	0	0	0	0	0	
1876.921917	8	3	3	0	1	2	2	4179	658	32	112608	17	8	92	0	0	0	0	0	0	0	0	0	0	0	0	0	0	
1877.908317	8	3	3	0	1	2	2	4184	660	32	112668	17	8	92	0	0	0	0	0	0	0	0	0	0	0	0	0	0	
1878.913433	8	3	3	0	1	2	2	4189	658	32	112728	17	8	92	0	0	0	0	0	0	0	0	0	0	0	0	0	0	
1879.918567	8	3	3	0	1	2	2	4194	658	32	112788	17	8	92	0	0	0	0	0	0	0	0	0	0	0	0	0	0	
1880.923683	8	3	3	0	1	2	2	4198	656	32	112849	17	8	92	0	0	0	0	0	0	0	0	0	0	0	0	0	0	
1881.910083	8	3	3	0	1	2	2	4198	641	32	112908	17	8	92	0	0	0	0	0	0	0	0	0	0	0	0	0	0	
1882.915200	8	3	3	0	1	2	2	4199	627	32	112968	17	8	92	0	0	0	0	0	0	0	0	0	0	0	0	0	0	
1883.920317	8	3	3	0	1	2	2	4199	612	32	113028	17	8	92	0	0	0	0	0	0	0	0	0	0	0	0	0	0	
1884.911033	8	3	3	0	1	2	2	4198	598	32	113088	17	8	92	0	0	0	0	0	0	0	0	0	0	0	0	0	0	
1885.916167	8	3	3	0	1	2	2	4198	584	32	113148	17	8	92	0	0	0	0	0	0	0	0	0	0	0	0	0	0	
1886.921283	8	3	3	0	1	2	2	4198	571	32	113208	17	8	92	0	0	0	0	0	0	0	0	0	0	0	0	0	0	
1887.907683	8	3	3	0	1	2	2	4198	558	32	113268	17	8	92	0	0	0	0	0	0	0	0	0	0	0	0	0	0	
1888.912800	8	3	3	0	1	2	2	4198	545	32	113328	17	8	92	0	0	0	0	0	0	0	0	0	0	0	0	0	0	
1889.917917	8	3	3	0	1	2	2	4198	531	32	113388	17	8	92	0	0	0	0	0	0	0	0	0	0	0	0	0	0	
1890.923033	8	3	3	0	1	2	2	4198	518	32	113449	17	8	92	0	0	0	0	0	0	0	0	0	0	0	0	0	0	
1891.909433	8	3	3	0	1	2	2	4198	506	32	113508	17	8	92	0	0	0	0	0	0	0	0	0	0	0	0	0	0	
1892.916000	8	3	3	0	1	2	2	4198	493	32	113568	17	8	92	0	0	0	0	0	0	0	0	0	0	0	0	0	0	
1893.921117	8	3	3	0	1	2	2	4198	480	32	113628	17	8	92	0	0	0	0	0	0	0	0	0	0	0	0	0	0	
1894.926233	8	3	3	0	1	2	2	4198	469	32	113689	17	8	92	0	0	0	0	0	0	0	0	0	0	0	0	0	0	
1895.912633	8	3	3	0	1	2	2	4198	456	32	113748	17	8	92	0	0	0	0	0	0	0	0	0	0	0	0	0	0	
1896.917767	8	3	3	0	1	2	2	4198	445	32	113808	17	8	92	0	0	0	0	0	0	0	0	0	0	0	0	0	0	
1897.922883	8	3	3	0	1	2	2	4198	433	32	113868	17	8	92	0	0	0	0	0	0	0	0	0	0	0	0	0	0	
1898.909283	8	3	3	0	1	2	2	4198	421	32	113928	17	8	92	0	0	0	0	0	0	0	0	0	0	0	0	0	0	
1899.914400	8	3	3	0	1	2	2	4198	409	32	113988	17	8	92	0	0	0	0	0	0	0	0	0	0	0	0	0	0	
1900.919517	8	3	3	0	1	2	2	4198	398	32	114048	17	8	92	0	0	0	0	0	0	0	0	0	0	0	0	0	0	
1901.924633	8	3	3	0	1	2	2	4198	386	32	114109	17	8	92	0	0	0	0	0	0	0	0	0	0	0	0	0	0	
1902.911033	8	3	3	0	1	2	2	4198	376	32	114168	17	8	92	0	0	0	0	0	0	0	0	0	0	0	0	0	0	
1903.917600	8	3	3	0	1	2	2	4198	365	32	114228	17	8	92	0	0	0	0	0	0	0	0	0	0	0	0	0	0	
1904.922717	8	3	3	0	1	2	2	4198	354	32	114288	17	8	92	0	0	0	0	0	0	0	0	0	0	0	0	0	0	
1905.927833	8	3	3	0	1	2	2	4198	345	32	114349	17	8	92	0	0	0	0	0	0	0	0	0	0	0	0	0	0	
1906.914233	8	3	3	0	1	2	2	4198	335	32	114408	17	8	92	0	0	0	0	0	0	0	0	0	0	0	0	0	0	
1907.919367	8	3	3	0	1	2	2	4198	325	32	114468	17	8	92	0	0	0	0	0	0	0	0	0	0	0	0	0	0	
1908.924483	8	3	3	0	1	2	2	4198	316	32	114529	17	8	92	0	0	0	0	0	0	0	0	0	0	0	0	0	0	
1909.910883	8	3	3	0	1	2	2	4198	308	32	114588	17	8	92	0	0	0	0	0	0	0	0	0	0	0	0	0	0	
1910.916000	8	3	3	0	1	2	2	4198	299	32	114648	17	8	92	0	0	0	0	0	0	0	0	0	0	0	0	0	0	
1911.922567	8	3	3	0	1	2	2	4198	290	32	114708	17	8	92	0	0	0	0	0	0	0	0	0	0	0	0	0	0	
1912.927683	8	3	3	0	1	2	2	4198	283	32	114769	17	8	92	0	0	0	0	0	0	0	0	0	0	0	0	0	0	
1913.914083	8	3	3	0	1	2	2	4198	275	32	114828	17	8	92	0	0	0	0	0	0	0	0	0	0	0	0	0	0	
1914.919200	8	3	3	0	1	2	2	4199	268	32	114888	17	8	92	0	0	0	0	0	0	0	0	0	0	0	0	0	0	
1915.924317	8	3	3	0	1	2	2	4198	261	32	114948	17	8	92	0	0	0	0	0	0	0	0	0	0	0	0	0	0	
1916.910717	8	3	3	0	1	2	2	4198	255	32	115008	17	8	92	0	0	0	0	0	0	0	0	0	0	0	0	0	0	
1917.915833	8	3	3	0	1	2	2	4199	248	32	115068	17	8	92	0	0	0	0	0	0	0	0	0	0	0	0	0	0	
1918.920967	8	3	3	0	1	2	2	4198	241	32	115128	17	8	92	0	0	0	0	0	0	0	0	0	0	0	0	0	0	
1919.926083	8	3	3	0	1	2	2	4198	234	32	115189	17	8	92	0	0	0	0	0	0	0	0	0	0	0	0	0	0	
1920.912483	8	3	3	0	1	2	2	4198	228	32	115248	17	8	92	0	0	0	0	0	0	0	0	0	0	0	0	0	0	
1921.917600	8	3	3	0	1	2	2	4199	222	32	115308	17	8	92	0	0	0	0	0	0	0	0	0	0	0	0	0	0	
1922.924167	8	3	3	0	1	2	2	4198	216	32	115368	17	8	92	0	0	0	0	0	0	0	0	0	0	0	0	0	0	
1923.929283	8	3	3	0	1	2	2	4198	210	32	115429	17	8	92	0	0	0	0	0	0	0	0	0	0	0	0	0	0	
1924.915683	8	3	3	0	1	2	2	4198	205	32	115488	17	8	92	0	0	0	0	0	0	0	0	0	0	0	0	0	0	
1925.920800	8	3	3	0	1	2	2	4198	199	32	115548	17	8	92	0	0	0	0	0	0	0	0	0	0	0	0	0	0	
1926.925917	8	3	3	0	1	2	2	4198	194	32	115609	17	8	92	0	0	0	0	0	0	0	0	0	0	0	0	0	0	
1927.912317	8	3	3	0	1	2	2	4198	191	32	115668	17	8	92	0	0	0	0	0	0	0	0	0	0	0	0	0	0	
1928.917433	8	3	3	0	1	2	2	4199	185	32	115728	17	8	92	0	0	0	0	0	0	0	0	0	0	0	0	0	0	
1929.922567	8	3	3	0	1	2	2	4198	179	32	115788	17	8	92	0	0	0	0	0	0	0	0	0	0	0	0	0	0	
1930.927683	8	3	3	0	1	2	2	4198	175	32	115849	17	8	92	0	0	0	0	0	0	0	0	0	0	0	0	0	0	
1931.915517	8	3	3	0	1	2	2	4198	170	32	115908	17	8	92	0	0	0	0	0	0	0	0	0	0	0	0	0	0	
1932.920633	8	3	3	0	1	2	2	4198	166	32	115968	17	8	92	0	0	0	0	0	0	0	0	0	0	0	0	0	0	
1933.925767	8	3	3	0	1	2	2	4198	162	32	116028	17	8	92	0	0	0	0	0	0	0	0	0	0	0	0	0	0	
1934.912167	8	3	3	0	1	2	2	4198	157	32	116088	17	8	92	0	0	0	0	0	0	0	0	0	0	0	0	0	0	
1935.917283	8	3	3	0	1	2	2	4198	154	32	116148	17	8	92	0	0	0	0	0	0	0	0	0	0	0	0	0	0	
1936.922400	8	3	3	0	1	2	2	4198	149	32	116208	17	8	92	0	0	0	0	0	0	0	0	0	0	0	0	0	0	
1937.927517	8	3	3	0	1	2	2	4198	146	32	116269	17	8	92	0	0	0	0	0	0	0	0	0	0	0	0	0	0	
1938.913917	8	3	3	0	1	2	2	4198	141	32	116328	17	8	92	0	0	0	0	0	0	0	0	0	0	0	0	0	0	
1939.919033	8	3	3	0	1	2	2	4198	138	32	116388	17	8	92	0	0	0	0	0	0	0	0	0	0	0	0	0	0	
1940.924167	8	3	3	0	1	2	2	4198	135	32	116448	17	8	92	0	0	0	0	0	0	0	0	0	0	0	0	0	0	
1941.930717	8	3	3	0	1	2	2	4199	132	32	116509	17	8	92	0	0	0	0	0	0	0	0	0	0	0	0	0	0	
1942.917117	8	3	3	0	1	2	2	4198	128	32	116568	17	8	92	0	0	0	0	0	0	0	0	0	0	0	0	0	0	
1943.922233	8	3	3	0	1	2	2	4198	124	32	116628	17	8	92	0	0	0	0	0	0	0	0	0	0	0	0	0	0	
1944.927367	8	3	3	0	1	2	2	4199	121	32	116689	17	8	92	0	0	0	0	0	0	0	0	0	0	0	0	0	0	
1945.913767	8	3	3	0	1	2	2	4198	119	32	116748	17	8	92	0	0	0	0	0	0	0	0	0	0	0	0	0	0	
1946.918883	8	3	3	0	1	2	2	4198	115	32	116808	17	8	92	0	0	0	0	0	0	0	0	0	0	0	0	0	0	
1947.924000	8	3	3	0	1	2	2	4198	113	32	116868	17	8	92	0	0	0	0	0	0	0	0	0	0	0	0	0	0	
1948.929117	8	3	3	0	1	2	2	4198	110	32	116929	17	8	92	0	0	0	0	0	0	0	0	0	0	0	0	0	0	
1949.915517	8	3	3	0	1	2	2	4198	107	32	116988	17	8	92	0	0	0	0	0	0	0	0	0	0	0	0	0	0	
1950.920633	8	3	3	0	1	2	2	4198	105	32	117048	17	8	92	0	0	0	0	0	0	0	0	0	0	0	0	0	0	
1951.927200	8	3	3	0	1	2	2	4198	102	32	117108	17	8	92	0	0	0	0	0	0	0	0	0	0	0	0	0	0	
1952.913600	8	3	3	0	1	2	2	4198	99	32	117168	17	8	92	0	0	0	0	0	0	0	0	0	0	0	0	0	0	
1953.918717	8	3	3	0	1	2	2	4198	96	32	117228	17	8	92	0	0	0	0	0	0	0	0	0	0	0	0	0	0	
1954.923833	8	3	3	0	1	2	2	4198	94	32	117288	17	8	92	0	0	0	0	0	0	0	0	0	0	0	0	0	0	
1955.928967	8	3	3	0	1	2	2	4198	92	32	117349	17	8	92	0	0	0	0	0	0	0	0	0	0	0	0	0	0	
1956.915367	8	3	3	0	1	2	2	4198	89	32	117408	17	8	92	0	0	0	0	0	0	0	0	0	0	0	0	0	0	
1957.920483	8	3	3	0	1	2	2	4198	88	32	117468	17	8	92	0	0	0	0	0	0	0	0	0	0	0	0	0	0	
1958.925600	8	3	3	0	1	2	2	4198	85	32	117528	17	8	92	0	0	0	0	0	0	0	0	0	0	0	0	0	0	
1959.932167	8	3	3	0	1	2	2	4198	83	32	117589	17	8	92	0	0	0	0	0	0	0	0	0	0	0	0	0	0	
1960.917117	8	3	3	0	1	2	2	4198	82	32	117648	17	8	92	0	0	0	0	0	0	0	0	0	0	0	0	0	0	
1961.923683	8	3	3	0	1	2	2	4198	79	32	117708	17	8	92	0	0	0	0	0	0	0	0	0	0	0	0	0	0	
1962.928800	8	3	3	0	1	2	2	4198	77	32	117769	17	8	92	0	0	0	0	0	0	0	0	0	0	0	0	0	0	
1963.915200	8	3	3	0	1	2	2	4198	75	32	117828	17	8	92	0	0	0	0	0	0	0	0	0	0	0	0	0	0	
1964.920317	8	3	3	0	1	2	2	4198	73	32	117888	17	8	92	0	0	0	0	0	0	0	0	0	0	0	0	0	0	
1965.925433	8	3	3	0	1	2	2	4198	72	32	117948	17	8	92	0	0	0	0	0	0	0	0	0	0	0	0	0	0	
1966.930567	8	3	3	0	1	2	2	4198	71	32	118009	17	8	92	0	0	0	0	0	0	0	0	0	0	0	0	0	0	
1967.916967	8	3	3	0	1	2	2	4199	68	32	118068	17	8	92	0	0	0	0	0	0	0	0	0	0	0	0	0	0	
1968.714717	8	6	3	0	2	7	1	3679	-1351	32	118116	17	9	0	0	0	0	0	0	0	0	0	0	0	0	0	0	0	
1968.924967	8	6	3	0	2	7	1	3702	-1350	32	118128	17	9	0	0	0	0	0	0	0	0	0	0	0	0	0	0	0	
1969.930083	8	6	3	0	2	7	1	3663	-1348	32	118189	17	9	1	0	0	0	0	0	0	0	0	0	0	0	0	0	0	
1970.916483	8	6	3	0	2	7	1	3644	-1349	32	118248	17	9	3	0	0	0	0	0	0	0	0	0	0	0	0	0	0	
1971.921600	8	6	3	0	2	7	1	3626	-1350	32	118308	17	9	5	0	0	0	0	0	0	0	0	0	0	0	0	0	0	
1972.926717	8	6	3	0	2	7	1	3610	-1348	32	118368	17	9	6	0	0	0	0	0	0	0	0	0	0	0	0	0	0	
1973.931833	8	6	3	0	2	7	1	3590	-1349	32	118429	17	9	8	0	0	0	0	0	0	0	0	0	0	0	0	0	0	
1974.918233	8	6	3	0	2	7	1	3576	-1349	32	118488	17	9	10	0	0	0	0	0	0	0	0	0	0	0	0	0	0	
1975.923367	8	6	3	0	2	7	1	3560	-1349	32	118548	17	9	11	0	0	0	0	0	0	0	0	0	0	0	0	0	0	
1976.928483	8	6	3	0	2	7	1	3546	-1349	32	118608	17	9	13	0	0	0	0	0	0	0	0	0	0	0	0	0	0	
1977.914883	8	6	3	0	2	7	1	3530	-1349	32	118668	17	9	15	0	0	0	0	0	0	0	0	0	0	0	0	0	0	
1978.920000	8	6	3	0	2	7	1	3516	-1349	32	118728	17	9	16	0	0	0	0	0	0	0	0	0	0	0	0	0	0	
1979.926567	8	6	3	0	2	7	1	3502	-1350	32	118788	17	9	18	0	0	0	0	0	0	0	0	0	0	0	0	0	0	
1980.931683	8	6	3	0	2	7	1	3489	-1349	32	118849	17	9	20	0	0	0	0	0	0	0	0	0	0	0	0	0	0	
1981.918083	8	6	3	0	2	7	1	3477	-1349	32	118908	17	9	21	0	0	0	0	0	0	0	0	0	0	0	0	0	0	
1982.923200	8	6	3	0	2	7	1	3464	-1348	32	118968	17	9	23	0	0	0	0	0	0	0	0	0	0	0	0	0	0	
1983.928317	8	6	3	0	2	7	1	3452	-1350	32	119028	17	9	25	0	0	0	0	0	0	0	0	0	0	0	0	0	0	
1984.933433	8	6	3	0	2	7	1	3440	-1349	32	119089	17	9	26	0	0	0	0	0	0	0	0	0	0	0	0	0	0	
1985.919833	8	6	3	0	2	7	1	3430	-1348	32	119148	17	9	28	0	0	0	0	0	0	0	0	0	0	0	0	0	0	
1986.924967	8	6	3	0	2	7	1	3419	-1351	32	119208	17	9	30	0	0	0	0	0	0	0	0	0	0	0	0	0	0	
1987.930083	8	6	3	0	2	7	1	3408	-1350	32	119269	17	9	31	0	0	0	0	0	0	0	0	0	0	0	0	0	0	
1988.916483	8	6	3	0	2	7	1	3398	-1352	32	119328	17	9	33	0	0	0	0	0	0	0	0	0	0	0	0	0	0	
1989.923033	8	6	3	0	2	7	1	3389	-1350	32	119388	17	9	35	0	0	0	0	0	0	0	0	0	0	0	0	0	0	
1990.928167	8	6	3	0	2	7	1	3378	-1351	32	119448	17	9	36	0	0	0	0	0	0	0	0	0	0	0	0	0	0	
1991.933283	8	6	3	0	2	7	1	3369	-1349	32	119509	17	9	38	0	0	0	0	0	0	0	0	0	0	0	0	0	0	
1992.919683	8	6	3	0	2	7	1	3360	-1349	32	119568	17	9	40	0	0	0	0	0	0	0	0	0	0	0	0	0	0	
1993.924800	8	6	3	0	2	7	1	3352	-1349	32	119628	17	9	41	0	0	0	0	0	0	0	0	0	0	0	0	0	0	
1994.929917	8	6	3	0	2	7	1	3343	-1349	32	119688	17	9	43	0	0	0	0	0	0	0	0	0	0	0	0	0	0	
1995.916317	8	6	3	0	2	7	1	3334	-1351	32	119748	17	9	44	0	0	0	0	0	0	0	0	0	0	0	0	0	0	
1996.921433	8	6	3	0	2	7	1	3326	-1348	32	119808	17	9	46	0	0	0	0	0	0	0	0	0	0	0	0	0	0	
1997.926567	8	6	3	0	2	7	1	3317	-1350	32	119868	17	9	48	0	0	0	0	0	0	0	0	0	0	0	0	0	0	
1998.931683	8	6	3	0	2	7	1	3310	-1350	32	119929	17	9	49	0	0	0	0	0	0	0	0	0	0	0	0	0	0	
1999.918083	8	6	3	0	2	7	1	3303	-1350	32	119988	17	9	51	0	0	0	0	0	0	0	0	0	0	0	0	0	0	
2000.924633	8	6	3	0	2	7	1	3297	-1349	32	120048	17	9	53	0	0	0	0	0	0	0	0	0	0	0	0	0	0	
2001.929767	8	6	3	0	2	7	1	3290	-1350	32	120108	17	9	54	0	0	0	0	0	0	0	0	0	0	0	0	0	0	
2002.917600	8	6	3	0	2	7	1	3283	-1350	32	120168	17	9	56	0	0	0	0	0	0	0	0	0	0	0	0	0	0	
2003.922717	8	6	3	0	2	7	1	3277	-1350	32	120228	17	9	58	0	0	0	0	0	0	0	0	0	0	0	0	0	0	
2004.927833	8	6	3	0	2	7	1	3271	-1349	32	120288	17	9	59	0	0	0	0	0	0	0	0	0	0	0	0	0	0	
2005.932967	8	6	3	0	2	7	1	3265	-1350	32	120349	17	9	61	0	0	0	0	0	0	0	0	0	0	0	0	0	0	
2006.919367	8	6	3	0	2	7	1	3259	-1349	32	120408	17	9	63	0	0	0	0	0	0	0	0	0	0	0	0	0	0	
2007.924483	8	6	3	0	2	7	1	3251	-1349	32	120468	17	9	64	0	0	0	0	0	0	0	0	0	0	0	0	0	0	
2008.929600	8	6	3	0	2	7	1	3246	-1351	32	120528	17	9	66	0	0	0	0	0	0	0	0	0	0	0	0	0	0	
2009.934717	8	6	3	0	2	7	1	3240	-1347	32	120589	17	9	68	0	0	0	0	0	0	0	0	0	0	0	0	0	0	
2010.922567	8	6	3	0	2	7	1	3234	-1349	32	120648	17	9	69	0	0	0	0	0	0	0	0	0	0	0	0	0	0	
2011.927683	8	6	3	0	2	7	1	3228	-1349	32	120708	17	9	71	0	0	0	0	0	0	0	0	0	0	0	0	0	0	
2012.932800	8	6	3	0	2	7	1	3219	-1349	32	120769	17	9	73	0	0	0	0	0	0	0	0	0	0	0	0	0	0	
2013.919200	8	6	3	0	2	7	1	3212	-1349	32	120828	17	9	74	0	0	0	0	0	0	0	0	0	0	0	0	0	0	
2014.924317	8	6	3	0	2	7	1	3204	-1351	32	120888	17	9	76	0	0	0	0	0	0	0	0	0	0	0	0	0	0	
2015.930883	8	6	3	0	2	7	1	3195	-1349	32	120948	17	9	78	0	0	0	0	0	0	0	0	0	0	0	0	0	0	
2016.917283	8	6	3	0	2	7	1	3184	-1349	32	121008	17	9	79	0	0	0	0	0	0	0	0	0	0	0	0	0	0	
2017.922400	8	6	3	0	2	7	1	3169	-1350	32	121068	17	9	81	0	0	0	0	0	0	0	0	0	0	0	0	0	0	
2018.927517	8	6	3	0	2	7	1	3153	-1346	32	121128	17	9	83	0	0	0	0	0	0	0	0	0	0	0	0	0	0	
2019.932633	8	6	3	0	2	7	1	3132	-1350	32	121189	17	9	84	0	0	0	0	0	0	0	0	0	0	0	0	0	0	
2020.920483	8	6	3	0	2	7	1	3106	-1350	32	121248	17	9	86	0	0	0	0	0	0	0	0	0	0	0	0	0	0	
2021.925600	8	6	3	0	2	7	1	3066	-1350	32	121308	17	9	87	0	0	0	0	0	0	0	0	0	0	0	0	0	0	
2022.930717	8	6	3	0	2	7	1	3005	-1349	32	121368	17	9	89	0	0	0	0	0	0	0	0	0	0	0	0	0	0	
2023.935833	8	6	3	0	2	7	1	2891	-1351	32	121429	17	9	91	0	0	0	0	0	0	0	0	0	0	0	0	0	0	
2024.771033	8	15	3	0	1	31	2	2969	37	32	121479	18	9	92	0	0	0	0	0	0	0	0	0	0	0	0	0	0	
2024.791200	8	3	3	0	1	2	2	3340	677	32	121480	19	9	92	0	0	0	0	0	0	0	0	0	0	0	0	0	0	
2024.925117	8	3	3	0	1	2	2	3415	674	32	121488	19	9	92	0	0	0	0	0	0	0	0	0	0	0	0	0	0	
2025.930233	8	3	3	0	1	2	2	3607	675	32	121548	19	9	92	0	0	0	0	0	0	0	0	0	0	0	0	0	0	
2026.936800	8	3	3	0	1	2	2	3702	674	32	121609	19	9	92	0	0	0	0	0	0	0	0	0	0	0	0	0	0	
2027.923200	8	3	3	0	1	2	2	3768	675	32	121668	19	9	92	0	0	0	0	0	0	0	0	0	0	0	0	0	0	
2028.928317	8	3	3	0	1	2	2	3819	674	32	121728	19	9	92	0	0	0	0	0	0	0	0	0	0	0	0	0	0	
2029.933433	8	3	3	0	1	2	2	3860	674	32	121788	19	9	92	0	0	0	0	0	0	0	0	0	0	0	0	0	0	
2030.919833	8	3	3	0	1	2	2	3890	674	32	121848	19	9	92	0	0	0	0	0	0	0	0	0	0	0	0	0	0	
2031.924967	8	3	3	0	1	2	2	3905	675	32	121908	19	9	92	0	0	0	0	0	0	0	0	0	0	0	0	0	0	
2032.930083	8	3	3	0	1	2	2	3913	675	32	121968	19	9	92	0	0	0	0	0	0	0	0	0	0	0	0	0	0	
2033.935200	8	3	3	0	1	2	2	3919	675	32	122029	19	9	92	0	0	0	0	0	0	0	0	0	0	0	0	0	0	
2034.923033	8	3	3	0	1	2	2	3923	674	32	122088	19	9	92	0	0	0	0	0	0	0	0	0	0	0	0	0	0	
2035.928167	8	3	3	0	1	2	2	3929	675	32	122148	19	9	92	0	0	0	0	0	0	0	0	0	0	0	0	0	0	
2036.933283	8	3	3	0	1	2	2	3933	674	32	122208	19	9	92	0	0	0	0	0	0	0	0	0	0	0	0	0	0	
2037.919683	8	3	3	0	1	2	2	3939	674	32	122268	19	9	92	0	0	0	0	0	0	0	0	0	0	0	0	0	0	
2038.924800	8	3	3	0	1	2	2	3944	675	32	122328	19	9	92	0	0	0	0	0	0	0	0	0	0	0	0	0	0	
2039.929917	8	3	3	0	1	2	2	3949	674	32	122388	19	9	92	0	0	0	0	0	0	0	0	0	0	0	0	0	0	
2040.935033	8	3	3	0	1	2	2	3954	673	32	122449	19	9	92	0	0	0	0	0	0	0	0	0	0	0	0	0	0	
2041.921433	8	3	3	0	1	2	2	3960	674	32	122508	19	9	92	0	0	0	0	0	0	0	0	0	0	0	0	0	0	
2042.928000	8	3	3	0	1	2	2	3966	675	32	122568	19	9	92	0	0	0	0	0	0	0	0	0	0	0	0	0	0	
2043.933117	8	3	3	0	1	2	2	3972	674	32	122628	19	9	92	0	0	0	0	0	0	0	0	0	0	0	0	0	0	
2044.938233	8	3	3	0	1	2	2	3978	675	32	122689	19	9	92	0	0	0	0	0	0	0	0	0	0	0	0	0	0	
2045.924633	8	3	3	0	1	2	2	3983	674	32	122748	19	9	92	0	0	0	0	0	0	0	0	0	0	0	0	0	0	
2046.929767	8	3	3	0	1	2	2	3989	673	32	122808	19	9	92	0	0	0	0	0	0	0	0	0	0	0	0	0	0	
2047.934883	8	3	3	0	1	2	2	3994	674	32	122869	19	9	92	0	0	0	0	0	0	0	0	0	0	0	0	0	0	
2048.921283	8	3	3	0	1	2	2	3999	675	32	122928	19	9	92	0	0	0	0	0	0	0	0	0	0	0	0	0	0	
2049.926400	8	3	3	0	1	2	2	4003	675	32	122988	19	9	92	0	0	0	0	0	0	0	0	0	0	0	0	0	0	
2050.932967	8	3	3	0	1	2	2	4007	674	32	123048	19	9	92	0	0	0	0	0	0	0	0	0	0	0	0	0	0	
2051.938083	8	3	3	0	1	2	2	4011	675	32	123109	19	9	92	0	0	0	0	0	0	0	0	0	0	0	0	0	0	
2052.924483	8	3	3	0	1	2	2	4014	675	32	123168	19	9	92	0	0	0	0	0	0	0	0	0	0	0	0	0	0	
2053.929600	8	3	3	0	1	2	2	4017	675	32	123228	19	9	92	0	0	0	0	0	0	0	0	0	0	0	0	0	0	
2054.934717	8	3	3	0	1	2	2	4020	675	32	123288	19	9	92	0	0	0	0	0	0	0	0	0	0	0	0	0	0	
2055.921117	8	3	3	0	1	2	2	4023	675	32	123348	19	9	92	0	0	0	0	0	0	0	0	0	0	0	0	0	0	
2056.926233	8	3	3	0	1	2	2	4025	675	32	123408	19	9	92	0	0	0	0	0	0	0	0	0	0	0	0	0	0	
2057.931367	8	3	3	0	1	2	2	4028	675	32	123468	19	9	92	0	0	0	0	0	0	0	0	0	0	0	0	0	0	
2058.937917	8	3	3	0	1	2	2	4030	675	32	123529	19	9	92	0	0	0	0	0	0	0	0	0	0	0	0	0	0	
2059.924317	8	3	3	0	1	2	2	4033	674	32	123588	19	9	92	0	0	0	0	0	0	0	0	0	0	0	0	0	0	
2060.929433	8	3	3	0	1	2	2	4035	674	32	123648	19	9	92	0	0	0	0	0	0	0	0	0	0	0	0	0	0	
2061.934567	8	3	3	0	1	2	2	4038	675	32	123708	19	9	92	0	0	0	0	0	0	0	0	0	0	0	0	0	0	
2062.920967	8	3	3	0	1	2	2	4040	675	32	123768	19	9	92	0	0	0	0	0	0	0	0	0	0	0	0	0	0	
2063.926083	8	3	3	0	1	2	2	4043	675	32	123828	19	9	92	0	0	0	0	0	0	0	0	0	0	0	0	0	0	
2064.931200	8	3	3	0	1	2	2	4045	675	32	123888	19	9	92	0	0	0	0	0	0	0	0	0	0	0	0	0	0	
2065.936317	8	3	3	0	1	2	2	4048	675	32	123949	19	9	92	0	0	0	0	0	0	0	0	0	0	0	0	0	0	
2066.922717	8	3	3	0	1	2	2	4051	674	32	124008	19	9	92	0	0	0	0	0	0	0	0	0	0	0	0	0	0	
2067.927833	8	3	3	0	1	2	2	4054	675	32	124068	19	9	92	0	0	0	0	0	0	0	0	0	0	0	0	0	0	
2068.934400	8	3	3	0	1	2	2	4056	674	32	124128	19	9	92	0	0	0	0	0	0	0	0	0	0	0	0	0	0	
2069.939517	8	3	3	0	1	2	2	4059	674	32	124189	19	9	92	0	0	0	0	0	0	0	0	0	0	0	0	0	0	
2070.925917	8	3	3	0	1	2	2	4062	675	32	124248	19	9	92	0	0	0	0	0	0	0	0	0	0	0	0	0	0	
2071.931033	8	3	3	0	1	2	2	4065	674	32	124308	19	9	92	0	0	0	0	0	0	0	0	0	0	0	0	0	0	
2072.936167	8	3	3	0	1	2	2	4069	674	32	124368	19	9	92	0	0	0	0	0	0	0	0	0	0	0	0	0	0	
2073.922567	8	3	3	0	1	2	2	4071	674	32	124428	19	9	92	0	0	0	0	0	0	0	0	0	0	0	0	0	0	
2074.927683	8	3	3	0	1	2	2	4075	674	32	124488	19	9	92	0	0	0	0	0	0	0	0	0	0	0	0	0	0	
2075.932800	8	3	3	0	1	2	2	4078	676	32	124548	19	9	92	0	0	0	0	0	0	0	0	0	0	0	0	0	0	
2076.939367	8	3	3	0	1	2	2	4082	675	32	124609	19	9	92	0	0	0	0	0	0	0	0	0	0	0	0	0	0	
2077.925767	8	3	3	0	1	2	2	4085	675	32	124668	19	9	92	0	0	0	0	0	0	0	0	0	0	0	0	0	0	
2078.930883	8	3	3	0	1	2	2	4088	675	32	124728	19	9	92	0	0	0	0	0	0	0	0	0	0	0	0	0	0	
2079.936000	8	3	3	0	1	2	2	4092	675	32	124788	19	9	92	0	0	0	0	0	0	0	0	0	0	0	0	0	0	
2080.922400	8	3	3	0	1	2	2	4095	674	32	124848	19	9	92	0	0	0	0	0	0	0	0	0	0	0	0	0	0	
2081.927517	8	3	3	0	1	2	2	4099	674	32	124908	19	9	92	0	0	0	0	0	0	0	0	0	0	0	0	0	0	
2082.932633	8	3	3	0	1	2	2	4102	675	32	124968	19	9	92	0	0	0	0	0	0	0	0	0	0	0	0	0	0	
2083.937767	8	3	3	0	1	2	2	4106	675	32	125029	19	9	92	0	0	0	0	0	0	0	0	0	0	0	0	0	0	
2084.924167	8	3	3	0	1	2	2	4109	675	32	125088	19	9	92	0	0	0	0	0	0	0	0	0	0	0	0	0	0	
2085.929283	8	3	3	0	1	2	2	4114	675	32	125148	19	9	92	0	0	0	0	0	0	0	0	0	0	0	0	0	0	
2086.935833	8	3	3	0	1	2	2	4118	675	32	125208	19	9	92	0	0	0	0	0	0	0	0	0	0	0	0	0	0	
2087.940967	8	3	3	0	1	2	2	4119	668	32	125269	19	9	92	0	0	0	0	0	0	0	0	0	0	0	0	0	0	
2088.927367	8	3	3	0	1	2	2	4123	667	32	125328	19	9	92	0	0	0	0	0	0	0	0	0	0	0	0	0	0	
2089.932483	8	3	3	0	1	2	2	4127	665	32	125388	19	9	92	0	0	0	0	0	0	0	0	0	0	0	0	0	0	
2090.937600	8	3	3	0	1	2	2	4131	665	32	125449	19	9	92	0	0	0	0	0	0	0	0	0	0	0	0	0	0	
2091.924000	8	3	3	0	1	2	2	4135	665	32	125508	19	9	92	0	0	0	0	0	0	0	0	0	0	0	0	0	0	
2092.929117	8	3	3	0	1	2	2	4139	664	32	125568	19	9	92	0	0	0	0	0	0	0	0	0	0	0	0	0	0	
2093.935683	8	3	3	0	1	2	2	4144	663	32	125628	19	9	92	0	0	0	0	0	0	0	0	0	0	0	0	0	0	
2094.940800	8	3	3	0	1	2	2	4148	662	32	125689	19	9	92	0	0	0	0	0	0	0	0	0	0	0	0	0	0	
2095.927200	8	3	3	0	1	2	2	4153	662	32	125748	19	9	92	0	0	0	0	0	0	0	0	0	0	0	0	0	0	
2096.932317	8	3	3	0	1	2	2	4157	661	32	125808	19	9	92	0	0	0	0	0	0	0	0	0	0	0	0	0	0	
2097.937433	8	3	3	0	1	2	2	4162	661	32	125868	19	9	92	0	0	0	0	0	0	0	0	0	0	0	0	0	0	
2098.923833	8	3	3	0	1	2	2	4166	661	32	125928	19	9	92	0	0	0	0	0	0	0	0	0	0	0	0	0	0	
2099.928967	8	3	3	0	1	2	2	4171	660	32	125988	19	9	92	0	0	0	0	0	0	0	0	0	0	0	0	0	0	
2100.934083	8	3	3	0	1	2	2	4176	659	32	126048	19	9	92	0	0	0	0	0	0	0	0	0	0	0	0	0	0	
2101.939200	8	3	3	0	1	2	2	4181	659	32	126109	19	9	92	0	0	0	0	0	0	0	0	0	0	0	0	0	0	
2102.925600	8	3	3	0	1	2	2	4186	658	32	126168	19	9	92	0	0	0	0	0	0	0	0	0	0	0	0	0	0	
2103.932167	8	3	3	0	1	2	2	4191	657	32	126228	19	9	92	0	0	0	0	0	0	0	0	0	0	0	0	0	0	
2104.937283	8	3	3	0	1	2	2	4196	656	32	126288	19	9	92	0	0	0	0	0	0	0	0	0	0	0	0	0	0	
2105.928000	8	3	3	0	1	2	2	4199	648	32	126348	19	9	92	0	0	0	0	0	0	0	0	0	0	0	0	0	0	
2106.933117	8	3	3	0	1	2	2	4198	632	32	126408	19	9	92	0	0	0	0	0	0	0	0	0	0	0	0	0	0	
2107.941117	8	3	3	0	1	2	2	4198	617	32	126469	19	9	92	0	0	0	0	0	0	0	0	0	0	0	0	0	0	
2108.927517	8	3	3	0	1	2	2	4198	602	32	126528	19	9	92	0	0	0	0	0	0	0	0	0	0	0	0	0	0	
2109.932633	8	3	3	0	1	2	2	4198	588	32	126588	19	9	92	0	0	0	0	0	0	0	0	0	0	0	0	0	0	
2110.937767	8	3	3	0	1	2	2	4198	573	32	126648	19	9	92	0	0	0	0	0	0	0	0	0	0	0	0	0	0	
2111.942883	8	3	3	0	1	2	2	4198	560	32	126709	19	9	92	0	0	0	0	0	0	0	0	0	0	0	0	0	0	
2112.929283	8	3	3	0	1	2	2	4198	546	32	126768	19	9	92	0	0	0	0	0	0	0	0	0	0	0	0	0	0	
2113.934400	8	3	3	0	1	2	2	4198	532	32	126828	19	9	92	0	0	0	0	0	0	0	0	0	0	0	0	0	0	
2114.939517	8	3	3	0	1	2	2	4198	519	32	126889	19	9	92	0	0	0	0	0	0	0	0	0	0	0	0	0	0	
2115.925917	8	3	3	0	1	2	2	4198	505	32	126948	19	9	92	0	0	0	0	0	0	0	0	0	0	0	0	0	0	
2116.932483	8	3	3	0	1	2	2	4198	493	32	127008	19	9	92	0	0	0	0	0	0	0	0	0	0	0	0	0	0	
2117.937600	8	3	3	0	1	2	2	4199	480	32	127068	19	9	92	0	0	0	0	0	0	0	0	0	0	0	0	0	0	
2118.942717	8	3	3	0	1	2	2	4198	467	32	127129	19	9	92	0	0	0	0	0	0	0	0	0	0	0	0	0	0	
2119.929117	8	3	3	0	1	2	2	4198	455	32	127188	19	9	92	0	0	0	0	0	0	0	0	0	0	0	0	0	0	
2120.934233	8	3	3	0	1	2	2	4198	444	32	127248	19	9	92	0	0	0	0	0	0	0	0	0	0	0	0	0	0	
2121.939367	8	3	3	0	1	2	2	4198	431	32	127308	19	9	92	0	0	0	0	0	0	0	0	0	0	0	0	0	0	
2122.925767	8	3	3	0	1	2	2	4198	420	32	127368	19	9	92	0	0	0	0	0	0	0	0	0	0	0	0	0	0	
2123.930883	8	3	3	0	1	2	2	4198	409	32	127428	19	9	92	0	0	0	0	0	0	0	0	0	0	0	0	0	0	
2124.936000	8	3	3	0	1	2	2	4198	398	32	127488	19	9	92	0	0	0	0	0	0	0	0	0	0	0	0	0	0	
2125.941117	8	3	3	0	1	2	2	4199	388	32	127549	19	9	92	0	0	0	0	0	0	0	0	0	0	0	0	0	0	
2126.927517	8	3	3	0	1	2	2	4198	377	32	127608	19	9	92	0	0	0	0	0	0	0	0	0	0	0	0	0	0	
2127.934083	8	3	3	0	1	2	2	4198	367	32	127668	19	9	92	0	0	0	0	0	0	0	0	0	0	0	0	0	0	
2128.939200	8	3	3	0	1	2	2	4198	356	32	127728	19	9	92	0	0	0	0	0	0	0	0	0	0	0	0	0	0	
2129.944317	8	3	3	0	1	2	2	4198	347	32	127789	19	9	92	0	0	0	0	0	0	0	0	0	0	0	0	0	0	
2130.930717	8	3	3	0	1	2	2	4198	337	32	127848	19	9	92	0	0	0	0	0	0	0	0	0	0	0	0	0	0	
2131.935833	8	3	3	0	1	2	2	4198	328	32	127908	19	9	92	0	0	0	0	0	0	0	0	0	0	0	0	0	0	
2132.940967	8	3	3	0	1	2	2	4199	320	32	127968	19	9	92	0	0	0	0	0	0	0	0	0	0	0	0	0	0	
2133.927367	8	3	3	0	1	2	2	4198	310	32	128028	19	9	92	0	0	0	0	0	0	0	0	0	0	0	0	0	0	
2134.932483	8	3	3	0	1	2	2	4199	302	32	128088	19	9	92	0	0	0	0	0	0	0	0	0	0	0	0	0	0	
2135.937600	8	3	3	0	1	2	2	4198	293	32	128148	19	9	92	0	0	0	0	0	0	0	0	0	0	0	0	0	0	
2136.942717	8	3	3	0	1	2	2	4198	285	32	128209	19	9	92	0	0	0	0	0	0	0	0	0	0	0	0	0	0	
2137.929117	8	3	3	0	1	2	2	4198	278	32	128268	19	9	92	0	0	0	0	0	0	0	0	0	0	0	0	0	0	
2138.934233	8	3	3	0	1	2	2	4198	270	32	128328	19	9	92	0	0	0	0	0	0	0	0	0	0	0	0	0	0	
2139.940800	8	3	3	0	1	2	2	4198	262	32	128388	19	9	92	0	0	0	0	0	0	0	0	0	0	0	0	0	0	
2140.927200	8	3	3	0	1	2	2	4198	255	32	128448	19	9	92	0	0	0	0	0	0	0	0	0	0	0	0	0	0	
2141.932317	8	3	3	0	1	2	2	4198	248	32	128508	19	9	92	0	0	0	0	0	0	0	0	0	0	0	0	0	0	
2142.937433	8	3	3	0	1	2	2	4198	242	32	128568	19	9	92	0	0	0	0	0	0	0	0	0	0	0	0	0	0	
2143.942567	8	3	3	0	1	2	2	4198	235	32	128629	19	9	92	0	0	0	0	0	0	0	0	0	0	0	0	0	0	
2144.928967	8	3	3	0	1	2	2	4199	229	32	128688	19	9	92	0	0	0	0	0	0	0	0	0	0	0	0	0	0	
2145.934083	8	3	3	0	1	2	2	4198	222	32	128748	19	9	92	0	0	0	0	0	0	0	0	0	0	0	0	0	0	
2146.939200	8	3	3	0	1	2	2	4199	216	32	128808	19	9	92	0	0	0	0	0	0	0	0	0	0	0	0	0	0	
2147.945767	8	3	3	0	1	2	2	4198	209	32	128869	19	9	92	0	0	0	0	0	0	0	0	0	0	0	0	0	0	
2148.932167	8	3	3	0	1	2	2	4198	203	32	128928	19	9	92	0	0	0	0	0	0	0	0	0	0	0	0	0	0	
2149.937283	8	3	3	0	1	2	2	4198	197	32	128988	19	9	92	0	0	0	0	0	0	0	0	0	0	0	0	0	0	
2150.942400	8	3	3	0	1	2	2	4198	192	32	129048	19	9	92	0	0	0	0	0	0	0	0	0	0	0	0	0	0	
2151.928800	8	3	3	0	1	2	2	4198	187	32	129108	19	9	92	0	0	0	0	0	0	0	0	0	0	0	0	0	0	
2152.933917	8	3	3	0	1	2	2	4198	181	32	129168	19	9	92	0	0	0	0	0	0	0	0	0	0	0	0	0	0	
2153.939033	8	3	3	0	1	2	2	4198	176	32	129228	19	9	92	0	0	0	0	0	0	0	0	0	0	0	0	0	0	
2154.944167	8	3	3	0	1	2	2	4198	171	32	129289	19	9	92	0	0	0	0	0	0	0	0	0	0	0	0	0	0	
2155.930567	8	3	3	0	1	2	2	4198	165	32	129348	19	9	92	0	0	0	0	0	0	0	0	0	0	0	0	0	0	
2156.937117	8	3	3	0	1	2	2	4198	161	32	129408	19	9	92	0	0	0	0	0	0	0	0	0	0	0	0	0	0	
2157.942233	8	3	3	0	1	2	2	4199	157	32	129468	19	9	92	0	0	0	0	0	0	0	0	0	0	0	0	0	0	
2158.928633	8	3	3	0	1	2	2	4198	153	32	129528	19	9	92	0	0	0	0	0	0	0	0	0	0	0	0	0	0	
2159.933767	8	3	3	0	1	2	2	4198	149	32	129588	19	9	92	0	0	0	0	0	0	0	0	0	0	0	0	0	0	
2160.938883	8	3	3	0	1	2	2	4198	145	32	129648	19	9	92	0	0	0	0	0	0	0	0	0	0	0	0	0	0	
2161.944000	8	3	3	0	1	2	2	4198	140	32	129709	19	9	92	0	0	0	0	0	0	0	0	0	0	0	0	0	0	
2162.930400	8	3	3	0	1	2	2	4198	136	32	129768	19	9	92	0	0	0	0	0	0	0	0	0	0	0	0	0	0	
2163.935517	8	3	3	0	1	2	2	4198	132	32	129828	19	9	92	0	0	0	0	0	0	0	0	0	0	0	0	0	0	
2164.940633	8	3	3	0	1	2	2	4199	128	32	129888	19	9	92	0	0	0	0	0	0	0	0	0	0	0	0	0	0	
2165.947200	8	3	3	0	1	2	2	4198	125	32	129949	19	9	92	0	0	0	0	0	0	0	0	0	0	0	0	0	0	
2166.932167	8	3	3	0	1	2	2	4198	120	32	130008	19	9	92	0	0	0	0	0	0	0	0	0	0	0	0	0	0	
2167.937283	8	3	3	0	1	2	2	4198	118	32	130068	19	9	92	0	0	0	0	0	0	0	0	0	0	0	0	0	0	
2168.943833	8	3	3	0	1	2	2	4199	115	32	130128	19	9	92	0	0	0	0	0	0	0	0	0	0	0	0	0	0	
2169.930233	8	3	3	0	1	2	2	4198	111	32	130188	19	9	92	0	0	0	0	0	0	0	0	0	0	0	0	0	0	
2170.935367	8	3	3	0	1	2	2	4198	107	32	130248	19	9	92	0	0	0	0	0	0	0	0	0	0	0	0	0	0	
2171.940483	8	3	3	0	1	2	2	4198	105	32	130308	19	9	92	0	0	0	0	0	0	0	0	0	0	0	0	0	0	
2172.945600	8	3	3	0	1	2	2	4198	101	32	130369	19	9	92	0	0	0	0	0	0	0	0	0	0	0	0	0	0	
2173.932000	8	3	3	0	1	2	2	4198	99	32	130428	19	9	92	0	0	0	0	0	0	0	0	0	0	0	0	0	0	
2174.937117	8	3	3	0	1	2	2	4198	97	32	130488	19	9	92	0	0	0	0	0	0	0	0	0	0	0	0	0	0	
2175.942233	8	3	3	0	1	2	2	4198	93	32	130548	19	9	92	0	0	0	0	0	0	0	0	0	0	0	0	0	0	
2176.947367	8	3	3	0	1	2	2	4199	92	32	130609	19	9	92	0	0	0	0	0	0	0	0	0	0	0	0	0	0	
2177.933767	8	3	3	0	1	2	2	4198	89	32	130668	19	9	92	0	0	0	0	0	0	0	0	0	0	0	0	0	0	
2178.940317	8	3	3	0	1	2	2	4198	87	32	130728	19	9	92	0	0	0	0	0	0	0	0	0	0	0	0	0	0	
2179.945433	8	3	3	0	1	2	2	4198	85	32	130789	19	9	92	0	0	0	0	0	0	0	0	0	0	0	0	0	0	
2180.931833	8	3	3	0	1	2	2	4199	81	32	130848	19	9	92	0	0	0	0	0	0	0	0	0	0	0	0	0	0	
2181.936967	8	3	3	0	1	2	2	4198	80	32	130908	19	9	92	0	0	0	0	0	0	0	0	0	0	0	0	0	0	
2182.942083	8	3	3	0	1	2	2	4198	77	32	130968	19	9	92	0	0	0	0	0	0	0	0	0	0	0	0	0	0	
2183.947200	8	3	3	0	1	2	2	4198	75	32	131029	19	9	92	0	0	0	0	0	0	0	0	0	0	0	0	0	0	
2184.933600	8	3	3	0	1	2	2	4199	73	32	131088	19	9	92	0	0	0	0	0	0	0	0	0	0	0	0	0	0	
2185.938717	8	3	3	0	1	2	2	4198	71	32	131148	19	9	92	0	0	0	0	0	0	0	0	0	0	0	0	0	0	
2186.943833	8	3	3	0	1	2	2	4199	69	32	131208	19	9	92	0	0	0	0	0	0	0	0	0	0	0	0	0	0	
2187.685433	8	6	3	0	2	7	1	3733	-1348	32	131253	19	10	0	0	0	0	0	0	0	0	0	0	0	0	0	0	0	
2187.931683	8	6	3	0	2	7	1	3699	-1349	32	131268	19	10	0	0	0	0	0	0	0	0	0	0	0	0	0	0	0	
2188.938233	8	6	3	0	2	7	1	3661	-1349	32	131328	19	10	2	0	0	0	0	0	0	0	0	0	0	0	0	0	0	
2189.943367	8	6	3	0	2	7	1	3644	-1349	32	131388	19	10	3	0	0	0	0	0	0	0	0	0	0	0	0	0	0	
2190.948483	8	6	3	0	2	7	1	3617	-1350	32	131449	19	10	5	0	0	0	0	0	0	0	0	0	0	0	0	0	0	
2191.934883	8	6	3	0	2	7	1	3592	-1350	32	131508	19	10	7	0	0	0	0	0	0	0	0	0	0	0	0	0	0	
2192.940000	8	6	3	0	2	7	1	3583	-1350	32	131568	19	10	8	0	0	0	0	0	0	0	0	0	0	0	0	0	0	
2193.945117	8	6	3	0	2	7	1	3567	-1350	32	131628	19	10	10	0	0	0	0	0	0	0	0	0	0	0	0	0	0	
2194.931517	8	6	3	0	2	7	1	3553	-1348	32	131688	19	10	11	0	0	0	0	0	0	0	0	0	0	0	0	0	0	
2195.936633	8	6	3	0	2	7	1	3539	-1349	32	131748	19	10	13	0	0	0	0	0	0	0	0	0	0	0	0	0	0	
2196.943200	8	6	3	0	2	7	1	3525	-1349	32	131808	19	10	15	0	0	0	0	0	0	0	0	0	0	0	0	0	0	
2197.948317	8	6	3	0	2	7	1	3510	-1350	32	131869	19	10	16	0	0	0	0	0	0	0	0	0	0	0	0	0	0	
2198.934717	8	6	3	0	2	7	1	3497	-1348	32	131928	19	10	18	0	0	0	0	0	0	0	0	0	0	0	0	0	0	
2199.939833	8	6	3	0	2	7	1	3483	-1348	32	131988	19	10	20	0	0	0	0	0	0	0	0	0	0	0	0	0	0	
2200.944967	8	6	3	0	2	7	1	3471	-1351	32	132048	19	10	21	0	0	0	0	0	0	0	0	0	0	0	0	0	0	
2201.931367	8	6	3	0	2	7	1	3459	-1350	32	132108	19	10	23	0	0	0	0	0	0	0	0	0	0	0	0	0	0	
2202.936483	8	6	3	0	2	7	1	3446	-1349	32	132168	19	10	25	0	0	0	0	0	0	0	0	0	0	0	0	0	0	
2203.941600	8	6	3	0	2	7	1	3434	-1348	32	132228	19	10	26	0	0	0	0	0	0	0	0	0	0	0	0	0	0	
2204.948167	8	6	3	0	2	7	1	3421	-1350	32	132289	19	10	28	0	0	0	0	0	0	0	0	0	0	0	0	0	0	
2205.934567	8	6	3	0	2	7	1	3410	-1349	32	132348	19	10	30	0	0	0	0	0	0	0	0	0	0	0	0	0	0	
2206.939683	8	6	3	0	2	7	1	3398	-1348	32	132408	19	10	31	0	0	0	0	0	0	0	0	0	0	0	0	0	0	
2207.944800	8	6	3	0	2	7	1	3385	-1350	32	132468	19	10	33	0	0	0	0	0	0	0	0	0	0	0	0	0	0	
2208.949917	8	6	3	0	2	7	1	3372	-1350	32	132529	19	10	35	0	0	0	0	0	0	0	0	0	0	0	0	0	0	
2209.936317	8	6	3	0	2	7	1	3360	-1350	32	132588	19	10	36	0	0	0	0	0	0	0	0	0	0	0	0	0	0	
2210.941433	8	6	3	0	2	7	1	3348	-1350	32	132648	19	10	38	0	0	0	0	0	0	0	0	0	0	0	0	0	0	
2211.948000	8	6	3	0	2	7	1	3331	-1350	32	132709	19	10	40	0	0	0	0	0	0	0	0	0	0	0	0	0	0	
2212.934400	8	6	3	0	2	7	1	3324	-1350	32	132768	19	10	41	0	0	0	0	0	0	0	0	0	0	0	0	0	0	
2213.939517	8	6	3	0	2	7	1	3312	-1349	32	132828	19	10	43	0	0	0	0	0	0	0	0	0	0	0	0	0	0	
2214.944633	8	6	3	0	2	7	1	3306	-1349	32	132888	19	10	45	0	0	0	0	0	0	0	0	0	0	0	0	0	0	
2215.949767	8	6	3	0	2	7	1	3294	-1348	32	132949	19	10	46	0	0	0	0	0	0	0	0	0	0	0	0	0	0	
2216.936167	8	6	3	0	2	7	1	3286	-1349	32	133008	19	10	48	0	0	0	0	0	0	0	0	0	0	0	0	0	0	
2217.941283	8	6	3	0	2	7	1	3295	-1348	32	133068	19	10	50	0	0	0	0	0	0	0	0	0	0	0	0	0	0	
2218.946400	8	6	3	0	2	7	1	3273	-1350	32	133128	19	10	51	0	0	0	0	0	0	0	0	0	0	0	0	0	0	
2219.932800	8	6	3	0	2	7	1	3260	-1351	32	133188	19	10	53	0	0	0	0	0	0	0	0	0	0	0	0	0	0	
2220.937917	8	6	3	0	2	7	1	3254	-1350	32	133248	19	10	55	0	0	0	0	0	0	0	0	0	0	0	0	0	0	
2221.944483	8	6	3	0	2	7	1	3249	-1348	32	133308	19	10	56	0	0	0	0	0	0	0	0	0	0	0	0	0	0	
2222.949600	8	6	3	0	2	7	1	3242	-1350	32	133369	19	10	58	0	0	0	0	0	0	0	0	0	0	0	0	0	0	
2223.936000	8	6	3	0	2	7	1	3238	-1349	32	133428	19	10	59	0	0	0	0	0	0	0	0	0	0	0	0	0	0	
2224.941117	8	6	3	0	2	7	1	3227	-1349	32	133488	19	10	61	0	0	0	0	0	0	0	0	0	0	0	0	0	0	
2225.946233	8	6	3	0	2	7	1	3220	-1348	32	133548	19	10	63	0	0	0	0	0	0	0	0	0	0	0	0	0	0	
2226.951367	8	6	3	0	2	7	1	3214	-1352	32	133609	19	10	65	0	0	0	0	0	0	0	0	0	0	0	0	0	0	
2227.937767	8	6	3	0	2	7	1	3209	-1349	32	133668	19	10	66	0	0	0	0	0	0	0	0	0	0	0	0	0	0	
2228.942883	8	6	3	0	2	7	1	3203	-1348	32	133728	19	10	68	0	0	0	0	0	0	0	0	0	0	0	0	0	0	
2229.948000	8	6	3	0	2	7	1	3197	-1347	32	133789	19	10	70	0	0	0	0	0	0	0	0	0	0	0	0	0	0	
2230.934400	8	6	3	0	2	7	1	3189	-1353	32	133848	19	10	71	0	0	0	0	0	0	0	0	0	0	0	0	0	0	
2231.940967	8	6	3	0	2	7	1	3181	-1349	32	133908	19	10	73	0	0	0	0	0	0	0	0	0	0	0	0	0	0	
2232.946083	8	6	3	0	2	7	1	3172	-1349	32	133968	19	10	74	0	0	0	0	0	0	0	0	0	0	0	0	0	0	
2233.951200	8	6	3	0	2	7	1	3163	-1349	32	134029	19	10	76	0	0	0	0	0	0	0	0	0	0	0	0	0	0	
2234.937600	8	6	3	0	2	7	1	3155	-1351	32	134088	19	10	78	0	0	0	0	0	0	0	0	0	0	0	0	0	0	
2235.942717	8	6	3	0	2	7	1	3146	-1349	32	134148	19	10	79	0	0	0	0	0	0	0	0	0	0	0	0	0	0	
2236.947833	8	6	3	0	2	7	1	3132	-1349	32	134208	19	10	81	0	0	0	0	0	0	0	0	0	0	0	0	0	0	
2237.937117	8	6	3	0	2	7	1	3117	-1350	32	134268	19	10	83	0	0	0	0	0	0	0	0	0	0	0	0	0	0	
2238.942233	8	6	3	0	2	7	1	3095	-1350	32	134328	19	10	84	0	0	0	0	0	0	0	0	0	0	0	0	0	0	
2239.947367	8	6	3	0	2	7	1	3068	-1350	32	134388	19	10	86	0	0	0	0	0	0	0	0	0	0	0	0	0	0	
2240.952483	8	6	3	0	2	7	1	3032	-1350	32	134449	19	10	88	0	0	0	0	0	0	0	0	0	0	0	0	0	0	
2241.938883	8	6	3	0	2	7	1	2977	-1350	32	134508	19	10	89	0	0	0	0	0	0	0	0	0	0	0	0	0	0	
2242.944000	8	6	3	0	2	7	1	2874	-1349	32	134568	19	10	91	0	0	0	0	0	0	0	0	0	0	0	0	0	0	
2243.836800	8	15	3	0	1	31	2	3266	297	32	134622	21	10	92	0	0	0	0	0	0	0	0	0	0	0	0	0	0	
2243.856967	8	3	3	0	1	2	2	3406	677	32	134623	21	10	92	0	0	0	0	0	0	0	0	0	0	0	0	0	0	
2243.953433	8	3	3	0	1	2	2	3456	675	32	134629	21	10	92	0	0	0	0	0	0	0	0	0	0	0	0	0	0	
2244.939833	8	3	3	0	1	2	2	3638	675	32	134688	21	10	92	0	0	0	0	0	0	0	0	0	0	0	0	0	0	
2245.944967	8	3	3	0	1	2	2	3730	674	32	134748	21	10	92	0	0	0	0	0	0	0	0	0	0	0	0	0	0	
2246.950083	8	3	3	0	1	2	2	3793	675	32	134809	21	10	92	0	0	0	0	0	0	0	0	0	0	0	0	0	0	
2247.936483	8	3	3	0	1	2	2	3843	674	32	134868	21	10	92	0	0	0	0	0	0	0	0	0	0	0	0	0	0	
2248.941600	8	3	3	0	1	2	2	3883	674	32	134928	21	10	92	0	0	0	0	0	0	0	0	0	0	0	0	0	0	
2249.946717	8	3	3	0	1	2	2	3912	675	32	134988	21	10	92	0	0	0	0	0	0	0	0	0	0	0	0	0	0	
2250.934567	8	3	3	0	1	2	2	3925	674	32	135048	21	10	92	0	0	0	0	0	0	0	0	0	0	0	0	0	0	
2251.941117	8	3	3	0	1	2	2	3932	674	32	135108	21	10	92	0	0	0	0	0	0	0	0	0	0	0	0	0	0	
2252.946233	8	3	3	0	1	2	2	3938	675	32	135168	21	10	92	0	0	0	0	0	0	0	0	0	0	0	0	0	0	
2253.951367	8	3	3	0	1	2	2	3943	675	32	135229	21	10	92	0	0	0	0	0	0	0	0	0	0	0	0	0	0	
2254.937767	8	3	3	0	1	2	2	3948	675	32	135288	21	10	92	0	0	0	0	0	0	0	0	0	0	0	0	0	0	
2255.942883	8	3	3	0	1	2	2	3953	674	32	135348	21	10	92	0	0	0	0	0	0	0	0	0	0	0	0	0	0	
2256.948000	8	3	3	0	1	2	2	3959	674	32	135408	21	10	92	0	0	0	0	0	0	0	0	0	0	0	0	0	0	
2257.953117	8	3	3	0	1	2	2	3963	673	32	135469	21	10	92	0	0	0	0	0	0	0	0	0	0	0	0	0	0	
2258.939517	8	3	3	0	1	2	2	3969	674	32	135528	21	10	92	0	0	0	0	0	0	0	0	0	0	0	0	0	0	
2259.946083	8	3	3	0	1	2	2	3975	675	32	135588	21	10	92	0	0	0	0	0	0	0	0	0	0	0	0	0	0	
2260.951200	8	3	3	0	1	2	2	3981	675	32	135649	21	10	92	0	0	0	0	0	0	0	0	0	0	0	0	0	0	
2261.937600	8	3	3	0	1	2	2	3987	674	32	135708	21	10	92	0	0	0	0	0	0	0	0	0	0	0	0	0	0	
2262.942717	8	3	3	0	1	2	2	3993	675	32	135768	21	10	92	0	0	0	0	0	0	0	0	0	0	0	0	0	0	
2263.947833	8	3	3	0	1	2	2	3998	674	32	135828	21	10	92	0	0	0	0	0	0	0	0	0	0	0	0	0	0	
2264.952967	8	3	3	0	1	2	2	4004	675	32	135889	21	10	92	0	0	0	0	0	0	0	0	0	0	0	0	0	0	
2265.939367	8	3	3	0	1	2	2	4010	675	32	135948	21	10	92	0	0	0	0	0	0	0	0	0	0	0	0	0	0	
2266.944483	8	3	3	0	1	2	2	4015	675	32	136008	21	10	92	0	0	0	0	0	0	0	0	0	0	0	0	0	0	
2267.949600	8	3	3	0	1	2	2	4020	674	32	136068	21	10	92	0	0	0	0	0	0	0	0	0	0	0	0	0	0	
2268.936000	8	3	3	0	1	2	2	4025	674	32	136128	21	10	92	0	0	0	0	0	0	0	0	0	0	0	0	0	0	
2269.942567	8	3	3	0	1	2	2	4029	674	32	136188	21	10	92	0	0	0	0	0	0	0	0	0	0	0	0	0	0	
2270.947683	8	3	3	0	1	2	2	4032	675	32	136248	21	10	92	0	0	0	0	0	0	0	0	0	0	0	0	0	0	
2271.952800	8	3	3	0	1	2	2	4036	674	32	136309	21	10	92	0	0	0	0	0	0	0	0	0	0	0	0	0	0	
2272.939200	8	3	3	0	1	2	2	4039	675	32	136368	21	10	92	0	0	0	0	0	0	0	0	0	0	0	0	0	0	
2273.944317	8	3	3	0	1	2	2	4041	674	32	136428	21	10	92	0	0	0	0	0	0	0	0	0	0	0	0	0	0	
2274.949433	8	3	3	0	1	2	2	4044	675	32	136488	21	10	92	0	0	0	0	0	0	0	0	0	0	0	0	0	0	
2275.954567	8	3	3	0	1	2	2	4047	675	32	136549	21	10	92	0	0	0	0	0	0	0	0	0	0	0	0	0	0	
2276.940967	8	3	3	0	1	2	2	4049	674	32	136608	21	10	92	0	0	0	0	0	0	0	0	0	0	0	0	0	0	
2277.947517	8	3	3	0	1	2	2	4051	674	32	136668	21	10	92	0	0	0	0	0	0	0	0	0	0	0	0	0	0	
2278.952633	8	3	3	0	1	2	2	4054	675	32	136729	21	10	92	0	0	0	0	0	0	0	0	0	0	0	0	0	0	
2279.939033	8	3	3	0	1	2	2	4056	674	32	136788	21	10	92	0	0	0	0	0	0	0	0	0	0	0	0	0	0	
2280.944167	8	3	3	0	1	2	2	4059	674	32	136848	21	10	92	0	0	0	0	0	0	0	0	0	0	0	0	0	0	
2281.949283	8	3	3	0	1	2	2	4061	674	32	136908	21	10	92	0	0	0	0	0	0	0	0	0	0	0	0	0	0	
2282.954400	8	3	3	0	1	2	2	4064	674	32	136969	21	10	92	0	0	0	0	0	0	0	0	0	0	0	0	0	0	
2283.940800	8	3	3	0	1	2	2	4067	674	32	137028	21	10	92	0	0	0	0	0	0	0	0	0	0	0	0	0	0	
2284.945917	8	3	3	0	1	2	2	4070	674	32	137088	21	10	92	0	0	0	0	0	0	0	0	0	0	0	0	0	0	
2285.952483	8	3	3	0	1	2	2	4073	674	32	137148	21	10	92	0	0	0	0	0	0	0	0	0	0	0	0	0	0	
2286.937433	8	3	3	0	1	2	2	4075	674	32	137208	21	10	92	0	0	0	0	0	0	0	0	0	0	0	0	0	0	
2287.944000	8	3	3	0	1	2	2	4078	674	32	137268	21	10	92	0	0	0	0	0	0	0	0	0	0	0	0	0	0	
2288.949117	8	3	3	0	1	2	2	4081	675	32	137328	21	10	92	0	0	0	0	0	0	0	0	0	0	0	0	0	0	
2289.954233	8	3	3	0	1	2	2	4084	675	32	137389	21	10	92	0	0	0	0	0	0	0	0	0	0	0	0	0	0	
2290.940633	8	3	3	0	1	2	2	4088	674	32	137448	21	10	92	0	0	0	0	0	0	0	0	0	0	0	0	0	0	
2291.945767	8	3	3	0	1	2	2	4091	674	32	137508	21	10	92	0	0	0	0	0	0	0	0	0	0	0	0	0	0	
2292.950883	8	3	3	0	1	2	2	4094	675	32	137568	21	10	92	0	0	0	0	0	0	0	0	0	0	0	0	0	0	
2293.957433	8	3	3	0	1	2	2	4097	674	32	137629	21	10	92	0	0	0	0	0	0	0	0	0	0	0	0	0	0	
2294.943833	8	3	3	0	1	2	2	4100	674	32	137688	21	10	92	0	0	0	0	0	0	0	0	0	0	0	0	0	0	
2295.948967	8	3	3	0	1	2	2	4104	675	32	137748	21	10	92	0	0	0	0	0	0	0	0	0	0	0	0	0	0	
2296.954083	8	3	3	0	1	2	2	4107	674	32	137809	21	10	92	0	0	0	0	0	0	0	0	0	0	0	0	0	0	
2297.940483	8	3	3	0	1	2	2	4110	675	32	137868	21	10	92	0	0	0	0	0	0	0	0	0	0	0	0	0	0	
2298.945600	8	3	3	0	1	2	2	4114	675	32	137928	21	10	92	0	0	0	0	0	0	0	0	0	0	0	0	0	0	
2299.950717	8	3	3	0	1	2	2	4116	669	32	137988	21	10	92	0	0	0	0	0	0	0	0	0	0	0	0	0	0	
2300.955833	8	3	3	0	1	2	2	4119	667	32	138049	21	10	92	0	0	0	0	0	0	0	0	0	0	0	0	0	0	
2301.942233	8	3	3	0	1	2	2	4122	667	32	138108	21	10	92	0	0	0	0	0	0	0	0	0	0	0	0	0	0	
2302.947367	8	3	3	0	1	2	2	4125	665	32	138168	21	10	92	0	0	0	0	0	0	0	0	0	0	0	0	0	0	
2303.952483	8	3	3	0	1	2	2	4129	666	32	138228	21	10	92	0	0	0	0	0	0	0	0	0	0	0	0	0	0	
2304.938883	8	3	3	0	1	2	2	4132	664	32	138288	21	10	92	0	0	0	0	0	0	0	0	0	0	0	0	0	0	
2305.945433	8	3	3	0	1	2	2	4136	664	32	138348	21	10	92	0	0	0	0	0	0	0	0	0	0	0	0	0	0	
2306.950567	8	3	3	0	1	2	2	4140	664	32	138408	21	10	92	0	0	0	0	0	0	0	0	0	0	0	0	0	0	
2307.955683	8	3	3	0	1	2	2	4144	663	32	138469	21	10	92	0	0	0	0	0	0	0	0	0	0	0	0	0	0	
2308.942083	8	3	3	0	1	2	2	4148	662	32	138528	21	10	92	0	0	0	0	0	0	0	0	0	0	0	0	0	0	
2309.947200	8	3	3	0	1	2	2	4152	662	32	138588	21	10	92	0	0	0	0	0	0	0	0	0	0	0	0	0	0	
2310.952317	8	3	3	0	1	2	2	4157	661	32	138648	21	10	92	0	0	0	0	0	0	0	0	0	0	0	0	0	0	
2311.957433	8	3	3	0	1	2	2	4160	662	32	138709	21	10	92	0	0	0	0	0	0	0	0	0	0	0	0	0	0	
2312.943833	8	3	3	0	1	2	2	4165	660	32	138768	21	10	92	0	0	0	0	0	0	0	0	0	0	0	0	0	0	
2313.950400	8	3	3	0	1	2	2	4169	660	32	138828	21	10	92	0	0	0	0	0	0	0	0	0	0	0	0	0	0	
2314.955517	8	3	3	0	1	2	2	4174	659	32	138889	21	10	92	0	0	0	0	0	0	0	0	0	0	0	0	0	0	
2315.941917	8	3	3	0	1	2	2	4178	658	32	138948	21	10	92	0	0	0	0	0	0	0	0	0	0	0	0	0	0	
2316.947033	8	3	3	0	1	2	2	4183	657	32	139008	21	10	92	0	0	0	0	0	0	0	0	0	0	0	0	0	0	
2317.952167	8	3	3	0	1	2	2	4187	658	32	139068	21	10	92	0	0	0	0	0	0	0	0	0	0	0	0	0	0	
2318.957283	8	3	3	0	1	2	2	4192	657	32	139129	21	10	92	0	0	0	0	0	0	0	0	0	0	0	0	0	0	
2319.943683	8	3	3	0	1	2	2	4197	656	32	139188	21	10	92	0	0	0	0	0	0	0	0	0	0	0	0	0	0	
2320.948800	8	3	3	0	1	2	2	4199	646	32	139248	21	10	92	0	0	0	0	0	0	0	0	0	0	0	0	0	0	
2321.953917	8	3	3	0	1	2	2	4199	634	32	139308	21	10	92	0	0	0	0	0	0	0	0	0	0	0	0	0	0	
2322.940317	8	3	3	0	1	2	2	4199	621	32	139368	21	10	92	0	0	0	0	0	0	0	0	0	0	0	0	0	0	
2323.945433	8	3	3	0	1	2	2	4199	608	32	139428	21	10	92	0	0	0	0	0	0	0	0	0	0	0	0	0	0	
2324.950567	8	3	3	0	1	2	2	4199	596	32	139488	21	10	92	0	0	0	0	0	0	0	0	0	0	0	0	0	0	
2325.957117	8	3	3	0	1	2	2	4198	583	32	139549	21	10	92	0	0	0	0	0	0	0	0	0	0	0	0	0	0	
2326.943517	8	3	3	0	1	2	2	4198	570	32	139608	21	10	92	0	0	0	0	0	0	0	0	0	0	0	0	0	0	
2327.948633	8	3	3	0	1	2	2	4198	558	32	139668	21	10	92	0	0	0	0	0	0	0	0	0	0	0	0	0	0	
2328.959517	8	3	3	0	1	2	2	4198	545	32	139729	21	10	92	0	0	0	0	0	0	0	0	0	0	0	0	0	0	
2329.945917	8	3	3	0	1	2	2	4199	534	32	139788	21	10	92	0	0	0	0	0	0	0	0	0	0	0	0	0	0	
2330.951033	8	3	3	0	1	2	2	4198	522	32	139848	21	10	92	0	0	0	0	0	0	0	0	0	0	0	0	0	0	
2331.956167	8	3	3	0	1	2	2	4198	510	32	139908	21	10	92	0	0	0	0	0	0	0	0	0	0	0	0	0	0	
2332.942567	8	3	3	0	1	2	2	4198	498	32	139968	21	10	92	0	0	0	0	0	0	0	0	0	0	0	0	0	0	
2333.947683	8	3	3	0	1	2	2	4199	487	32	140028	21	10	92	0	0	0	0	0	0	0	0	0	0	0	0	0	0	
2334.952800	8	3	3	0	1	2	2	4199	476	32	140088	21	10	92	0	0	0	0	0	0	0	0	0	0	0	0	0	0	
2335.957917	8	3	3	0	1	2	2	4198	464	32	140149	21	10	92	0	0	0	0	0	0	0	0	0	0	0	0	0	0	
2336.944317	8	3	3	0	1	2	2	4198	454	32	140208	21	10	92	0	0	0	0	0	0	0	0	0	0	0	0	0	0	
2337.949433	8	3	3	0	1	2	2	4198	442	32	140268	21	10	92	0	0	0	0	0	0	0	0	0	0	0	0	0	0	
2338.954567	8	3	3	0	1	2	2	4198	432	32	140328	21	10	92	0	0	0	0	0	0	0	0	0	0	0	0	0	0	
2339.959683	8	3	3	0	1	2	2	4199	422	32	140389	21	10	92	0	0	0	0	0	0	0	0	0	0	0	0	0	0	
2340.947517	8	3	3	0	1	2	2	4199	411	32	140448	21	10	92	0	0	0	0	0	0	0	0	0	0	0	0	0	0	
2341.952633	8	3	3	0	1	2	2	4198	401	32	140508	21	10	92	0	0	0	0	0	0	0	0	0	0	0	0	0	0	
2342.957767	8	3	3	0	1	2	2	4198	391	32	140569	21	10	92	0	0	0	0	0	0	0	0	0	0	0	0	0	0	
2343.944167	8	3	3	0	1	2	2	4198	382	32	140628	21	10	92	0	0	0	0	0	0	0	0	0	0	0	0	0	0	
2344.949283	8	3	3	0	1	2	2	4199	373	32	140688	21	10	92	0	0	0	0	0	0	0	0	0	0	0	0	0	0	
2345.954400	8	3	3	0	1	2	2	4198	363	32	140748	21	10	92	0	0	0	0	0	0	0	0	0	0	0	0	0	0	
2346.959517	8	3	3	0	1	2	2	4198	354	32	140809	21	10	92	0	0	0	0	0	0	0	0	0	0	0	0	0	0	
2347.945917	8	3	3	0	1	2	2	4199	346	32	140868	21	10	92	0	0	0	0	0	0	0	0	0	0	0	0	0	0	
2348.951033	8	3	3	0	1	2	2	4199	337	32	140928	21	10	92	0	0	0	0	0	0	0	0	0	0	0	0	0	0	
2349.957600	8	3	3	0	1	2	2	4199	328	32	140988	21	10	92	0	0	0	0	0	0	0	0	0	0	0	0	0	0	
2350.942567	8	3	3	0	1	2	2	4199	321	32	141048	21	10	92	0	0	0	0	0	0	0	0	0	0	0	0	0	0	
2351.949117	8	3	3	0	1	2	2	4198	312	32	141108	21	10	92	0	0	0	0	0	0	0	0	0	0	0	0	0	0	
2352.958567	8	3	3	0	1	2	2	4198	304	32	141169	21	10	92	0	0	0	0	0	0	0	0	0	0	0	0	0	0	
2353.944967	8	3	3	0	1	2	2	4199	297	32	141228	21	10	92	0	0	0	0	0	0	0	0	0	0	0	0	0	0	
2354.951517	8	3	3	0	1	2	2	4198	289	32	141288	21	10	92	0	0	0	0	0	0	0	0	0	0	0	0	0	0	
2355.956633	8	3	3	0	1	2	2	4198	282	32	141348	21	10	92	0	0	0	0	0	0	0	0	0	0	0	0	0	0	
2356.961767	8	3	3	0	1	2	2	4198	274	32	141409	21	10	92	0	0	0	0	0	0	0	0	0	0	0	0	0	0	
2357.948167	8	3	3	0	1	2	2	4198	267	32	141468	21	10	92	0	0	0	0	0	0	0	0	0	0	0	0	0	0	
2358.953283	8	3	3	0	1	2	2	4198	260	32	141528	21	10	92	0	0	0	0	0	0	0	0	0	0	0	0	0	0	
2359.958400	8	3	3	0	1	2	2	4198	255	32	141589	21	10	92	0	0	0	0	0	0	0	0	0	0	0	0	0	0	
2360.944800	8	3	3	0	1	2	2	4198	248	32	141648	21	10	92	0	0	0	0	0	0	0	0	0	0	0	0	0	0	
2361.949917	8	3	3	0	1	2	2	4199	242	32	141708	21	10	92	0	0	0	0	0	0	0	0	0	0	0	0	0	0	
2362.955033	8	3	3	0	1	2	2	4198	235	32	141768	21	10	92	0	0	0	0	0	0	0	0	0	0	0	0	0	0	
2363.961600	8	3	3	0	1	2	2	4198	229	32	141829	21	10	92	0	0	0	0	0	0	0	0	0	0	0	0	0	0	
2364.948000	8	3	3	0	1	2	2	4198	224	32	141888	21	10	92	0	0	0	0	0	0	0	0	0	0	0	0	0	0	
2365.953117	8	3	3	0	1	2	2	4198	218	32	141948	21	10	92	0	0	0	0	0	0	0	0	0	0	0	0	0	0	
2366.958233	8	3	3	0	1	2	2	4198	213	32	142008	21	10	92	0	0	0	0	0	0	0	0	0	0	0	0	0	0	
2367.944633	8	3	3	0	1	2	2	4198	206	32	142068	21	10	92	0	0	0	0	0	0	0	0	0	0	0	0	0	0	
2368.949767	8	3	3	0	1	2	2	4198	202	32	142128	21	10	92	0	0	0	0	0	0	0	0	0	0	0	0	0	0	
2369.954883	8	3	3	0	1	2	2	4198	196	32	142188	21	10	92	0	0	0	0	0	0	0	0	0	0	0	0	0	0	
2370.960000	8	3	3	0	1	2	2	4198	191	32	142249	21	10	92	0	0	0	0	0	0	0	0	0	0	0	0	0	0	
2371.946400	8	3	3	0	1	2	2	4199	186	32	142308	21	10	92	0	0	0	0	0	0	0	0	0	0	0	0	0	0	
2372.952967	8	3	3	0	1	2	2	4199	182	32	142368	21	10	92	0	0	0	0	0	0	0	0	0	0	0	0	0	0	
2373.958083	8	3	3	0	1	2	2	4198	176	32	142428	21	10	92	0	0	0	0	0	0	0	0	0	0	0	0	0	0	
2374.963200	8	3	3	0	1	2	2	4198	172	32	142489	21	10	92	0	0	0	0	0	0	0	0	0	0	0	0	0	0	
2375.949600	8	3	3	0	1	2	2	4198	167	32	142548	21	10	92	0	0	0	0	0	0	0	0	0	0	0	0	0	0	
2376.954717	8	3	3	0	1	2	2	4198	163	32	142608	21	10	92	0	0	0	0	0	0	0	0	0	0	0	0	0	0	
2377.959833	8	3	3	0	1	2	2	4198	159	32	142669	21	10	92	0	0	0	0	0	0	0	0	0	0	0	0	0	0	
2378.946233	8	3	3	0	1	2	2	4199	155	32	142728	21	10	92	0	0	0	0	0	0	0	0	0	0	0	0	0	0	
2379.951367	8	3	3	0	1	2	2	4198	151	32	142788	21	10	92	0	0	0	0	0	0	0	0	0	0	0	0	0	0	
2380.956483	8	3	3	0	1	2	2	4199	147	32	142848	21	10	92	0	0	0	0	0	0	0	0	0	0	0	0	0	0	
2381.961600	8	3	3	0	1	2	2	4198	143	32	142909	21	10	92	0	0	0	0	0	0	0	0	0	0	0	0	0	0	
2382.949433	8	3	3	0	1	2	2	4198	139	32	142968	21	10	92	0	0	0	0	0	0	0	0	0	0	0	0	0	0	
2383.954567	8	3	3	0	1	2	2	4198	137	32	143028	21	10	92	0	0	0	0	0	0	0	0	0	0	0	0	0	0	
2384.959683	8	3	3	0	1	2	2	4198	133	32	143088	21	10	92	0	0	0	0	0	0	0	0	0	0	0	0	0	0	
2385.946083	8	3	3	0	1	2	2	4198	129	32	143148	21	10	92	0	0	0	0	0	0	0	0	0	0	0	0	0	0	
2386.951200	8	3	3	0	1	2	2	4198	125	32	143208	21	10	92	0	0	0	0	0	0	0	0	0	0	0	0	0	0	
2387.956317	8	3	3	0	1	2	2	4198	122	32	143268	21	10	92	0	0	0	0	0	0	0	0	0	0	0	0	0	0	
2388.961433	8	3	3	0	1	2	2	4199	119	32	143329	21	10	92	0	0	0	0	0	0	0	0	0	0	0	0	0	0	
2389.947833	8	3	3	0	1	2	2	4198	117	32	143388	21	10	92	0	0	0	0	0	0	0	0	0	0	0	0	0	0	
2390.952967	8	3	3	0	1	2	2	4199	114	32	143448	21	10	92	0	0	0	0	0	0	0	0	0	0	0	0	0	0	
2391.959517	8	3	3	0	1	2	2	4198	110	32	143508	21	10	92	0	0	0	0	0	0	0	0	0	0	0	0	0	0	
2392.964633	8	3	3	0	1	2	2	4198	108	32	143569	21	10	92	0	0	0	0	0	0	0	0	0	0	0	0	0	0	
2393.951033	8	3	3	0	1	2	2	4198	105	32	143628	21	10	92	0	0	0	0	0	0	0	0	0	0	0	0	0	0	
2394.956167	8	3	3	0	1	2	2	4198	102	32	143688	21	10	92	0	0	0	0	0	0	0	0	0	0	0	0	0	0	
2395.961283	8	3	3	0	1	2	2	4198	100	32	143749	21	10	92	0	0	0	0	0	0	0	0	0	0	0	0	0	0	
2396.947683	8	3	3	0	1	2	2	4198	97	32	143808	21	10	92	0	0	0	0	0	0	0	0	0	0	0	0	0	0	
2397.952800	8	3	3	0	1	2	2	4198	94	32	143868	21	10	92	0	0	0	0	0	0	0	0	0	0	0	0	0	0	
2398.957917	8	3	3	0	1	2	2	4198	93	32	143928	21	10	92	0	0	0	0	0	0	0	0	0	0	0	0	0	0	
2399.964483	8	3	3	0	1	2	2	4198	89	32	143989	21	10	92	0	0	0	0	0	0	0	0	0	0	0	0	0	0	
2400.950883	8	3	3	0	1	2	2	4198	88	32	144048	21	10	92	0	0	0	0	0	0	0	0	0	0	0	0	0	0	
2401.956000	8	3	3	0	1	2	2	4198	86	32	144108	21	10	92	0	0	0	0	0	0	0	0	0	0	0	0	0	0	
2402.961117	8	3	3	0	1	2	2	4198	83	32	144168	21	10	92	0	0	0	0	0	0	0	0	0	0	0	0	0	0	
2403.947517	8	3	3	0	1	2	2	4198	82	32	144228	21	10	92	0	0	0	0	0	0	0	0	0	0	0	0	0	0	
2404.952633	8	3	3	0	1	2	2	4198	79	32	144288	21	10	92	0	0	0	0	0	0	0	0	0	0	0	0	0	0	
2405.957767	8	3	3	0	1	2	2	4198	76	32	144348	21	10	92	0	0	0	0	0	0	0	0	0	0	0	0	0	0	
2406.962883	8	3	3	0	1	2	2	4198	75	32	144409	21	10	92	0	0	0	0	0	0	0	0	0	0	0	0	0	0	
2407.949283	8	3	3	0	1	2	2	4198	73	32	144468	21	10	92	0	0	0	0	0	0	0	0	0	0	0	0	0	0	
2408.955833	8	3	3	0	1	2	2	4198	71	32	144528	21	10	92	0	0	0	0	0	0	0	0	0	0	0	0	0	0	
2409.960967	8	3	3	0	1	2	2	4198	68	32	144588	21	10	92	0	0	0	0	0	0	0	0	0	0	0	0	0	0	
2410.966083	8	3	3	0	1	2	2	4198	67	32	144649	21	10	92	0	0	0	0	0	0	0	0	0	0	0	0	0	0	
2411.386567	8	6	3	0	2	7	1	3654	-1350	32	144674	21	11	0	0	0	0	0	0	0	0	0	0	0	0	0	0	0	
2411.953917	8	6	3	0	2	7	1	3623	-1349	32	144708	21	11	0	0	0	0	0	0	0	0	0	0	0	0	0	0	0	
2412.959033	8	6	3	0	2	7	1	3615	-1349	32	144768	21	11	2	0	0	0	0	0	0	0	0	0	0	0	0	0	0	
2413.964167	8	6	3	0	2	7	1	3587	-1350	32	144829	21	11	4	0	0	0	0	0	0	0	0	0	0	0	0	0	0	
2414.950567	8	6	3	0	2	7	1	3580	-1349	32	144888	21	11	5	0	0	0	0	0	0	0	0	0	0	0	0	0	0	
2415.955683	8	6	3	0	2	7	1	3551	-1351	32	144948	21	11	7	0	0	0	0	0	0	0	0	0	0	0	0	0	0	
2416.960800	8	6	3	0	2	7	1	3542	-1349	33	145008	21	11	9	0	0	0	0	0	0	0	0	0	0	0	0	0	0	
2417.948633	8	6	3	0	2	7	1	3531	-1350	33	145068	21	11	10	0	0	0	0	0	0	0	0	0	0	0	0	0	0	
2418.953767	8	6	3	0	2	7	1	3518	-1350	32	145128	21	11	12	0	0	0	0	0	0	0	0	0	0	0	0	0	0	
2419.958883	8	6	3	0	2	7	1	3502	-1351	32	145188	21	11	14	0	0	0	0	0	0	0	0	0	0	0	0	0	0	
2420.964000	8	6	3	0	2	7	1	3490	-1349	33	145249	21	11	15	0	0	0	0	0	0	0	0	0	0	0	0	0	0	
2421.950400	8	6	3	0	2	7	1	3479	-1351	33	145308	21	11	17	0	0	0	0	0	0	0	0	0	0	0	0	0	0	
2422.955517	8	6	3	0	2	7	1	3464	-1350	33	145368	21	11	19	0	0	0	0	0	0	0	0	0	0	0	0	0	0	
2423.960633	8	6	3	0	2	7	1	3447	-1349	33	145428	21	11	20	0	0	0	0	0	0	0	0	0	0	0	0	0	0	
2424.965767	8	6	3	0	2	7	1	3435	-1349	32	145489	21	11	22	0	0	0	0	0	0	0	0	0	0	0	0	0	0	
2425.952167	8	6	3	0	2	7	1	3425	-1349	32	145548	21	11	24	0	0	0	0	0	0	0	0	0	0	0	0	0	0	
2426.958717	8	6	3	0	2	7	1	3419	-1350	33	145608	21	11	25	0	0	0	0	0	0	0	0	0	0	0	0	0	0	
2427.963833	8	6	3	0	2	7	1	3405	-1349	33	145669	21	11	27	0	0	0	0	0	0	0	0	0	0	0	0	0	0	
2428.950233	8	6	3	0	2	7	1	3395	-1349	32	145728	21	11	29	0	0	0	0	0	0	0	0	0	0	0	0	0	0	
2429.955367	8	6	3	0	2	7	1	3385	-1348	33	145788	21	11	30	0	0	0	0	0	0	0	0	0	0	0	0	0	0	
2430.960483	8	6	3	0	2	7	1	3373	-1350	32	145848	21	11	32	0	0	0	0	0	0	0	0	0	0	0	0	0	0	
2431.965600	8	6	3	0	2	7	1	3362	-1349	33	145909	21	11	33	0	0	0	0	0	0	0	0	0	0	0	0	0	0	
2432.952000	8	6	3	0	2	7	1	3353	-1350	32	145968	21	11	35	0	0	0	0	0	0	0	0	0	0	0	0	0	0	
2433.957117	8	6	3	0	2	7	1	3344	-1350	32	146028	21	11	37	0	0	0	0	0	0	0	0	0	0	0	0	0	0	
2434.962233	8	6	3	0	2	7	1	3334	-1349	33	146088	21	11	38	0	0	0	0	0	0	0	0	0	0	0	0	0	0	
2435.948633	8	6	3	0	2	7	1	3323	-1352	33	146148	21	11	40	0	0	0	0	0	0	0	0	0	0	0	0	0	0	
2436.955200	8	6	3	0	2	7	1	3313	-1349	33	146208	21	11	42	0	0	0	0	0	0	0	0	0	0	0	0	0	0	
2437.960317	8	6	3	0	2	7	1	3305	-1349	32	146268	21	11	43	0	0	0	0	0	0	0	0	0	0	0	0	0	0	
2438.965433	8	6	3	0	2	7	1	3306	-1350	33	146329	21	11	45	0	0	0	0	0	0	0	0	0	0	0	0	0	0	
2439.951833	8	6	3	0	2	7	1	3298	-1350	33	146388	21	11	47	0	0	0	0	0	0	0	0	0	0	0	0	0	0	
2440.956967	8	6	3	0	2	7	1	3291	-1348	33	146448	21	11	48	0	0	0	0	0	0	0	0	0	0	0	0	0	0	
2441.962083	8	6	3	0	2	7	1	3284	-1350	33	146508	21	11	50	0	0	0	0	0	0	0	0	0	0	0	0	0	0	
2442.967200	8	6	3	0	2	7	1	3276	-1349	32	146569	21	11	52	0	0	0	0	0	0	0	0	0	0	0	0	0	0	
2443.953600	8	6	3	0	2	7	1	3264	-1350	33	146628	21	11	53	0	0	0	0	0	0	0	0	0	0	0	0	0	0	
2444.958717	8	6	3	0	2	7	1	3252	-1350	33	146688	21	11	55	0	0	0	0	0	0	0	0	0	0	0	0	0	0	
2445.963833	8	6	3	0	2	7	1	3244	-1348	33	146748	21	11	57	0	0	0	0	0	0	0	0	0	0	0	0	0	0	
2446.951683	8	6	3	0	2	7	1	3238	-1349	33	146808	21	11	58	0	0	0	0	0	0	0	0	0	0	0	0	0	0	
2447.956800	8	6	3	0	2	7	1	3232	-1350	33	146868	21	11	60	0	0	0	0	0	0	0	0	0	0	0	0	0	0	
2448.961917	8	6	3	0	2	7	1	3226	-1348	33	146928	21	11	62	0	0	0	0	0	0	0	0	0	0	0	0	0	0	
2449.967033	8	6	3	0	2	7	1	3220	-1350	33	146989	21	11	63	0	0	0	0	0	0	0	0	0	0	0	0	0	0	
2450.953433	8	6	3	0	2	7	1	3214	-1349	32	147048	21	11	65	0	0	0	0	0	0	0	0	0	0	0	0	0	0	
2451.958567	8	6	3	0	2	7	1	3208	-1348	33	147108	21	11	67	0	0	0	0	0	0	0	0	0	0	0	0	0	0	
2452.963683	8	6	3	0	2	7	1	3201	-1349	33	147168	21	11	68	0	0	0	0	0	0	0	0	0	0	0	0	0	0	
2453.951517	8	6	3	0	2	7	1	3196	-1349	33	147228	21	11	70	0	0	0	0	0	0	0	0	0	0	0	0	0	0	
2454.956633	8	6	3	0	2	7	1	3189	-1349	33	147288	21	11	71	0	0	0	0	0	0	0	0	0	0	0	0	0	0	
2455.961767	8	6	3	0	2	7	1	3182	-1350	33	147348	21	11	73	0	0	0	0	0	0	0	0	0	0	0	0	0	0	
2456.966883	8	6	3	0	2	7	1	3175	-1351	33	147409	21	11	75	0	0	0	0	0	0	0	0	0	0	0	0	0	0	
2457.953283	8	6	3	0	2	7	1	3167	-1348	33	147468	21	11	76	0	0	0	0	0	0	0	0	0	0	0	0	0	0	
2458.958400	8	6	3	0	2	7	1	3158	-1351	33	147528	21	11	78	0	0	0	0	0	0	0	0	0	0	0	0	0	0	
2459.964967	8	6	3	0	2	7	1	3147	-1351	33	147588	21	11	80	0	0	0	0	0	0	0	0	0	0	0	0	0	0	
2460.951367	8	6	3	0	2	7	1	3134	-1349	33	147648	21	11	81	0	0	0	0	0	0	0	0	0	0	0	0	0	0	
2461.957917	8	6	3	0	2	7	1	3114	-1349	33	147708	21	11	83	0	0	0	0	0	0	0	0	0	0	0	0	0	0	
2462.963033	8	6	3	0	2	7	1	3090	-1349	33	147768	21	11	85	0	0	0	0	0	0	0	0	0	0	0	0	0	0	
2463.968167	8	6	3	0	2	7	1	3061	-1349	33	147829	21	11	86	0	0	0	0	0	0	0	0	0	0	0	0	0	0	
2464.954567	8	6	3	0	2	7	1	3018	-1348	33	147888	21	11	88	0	0	0	0	0	0	0	0	0	0	0	0	0	0	
2465.959683	8	6	3	0	2	7	1	2947	-1348	33	147948	21	11	90	0	0	0	0	0	0	0	0	0	0	0	0	0	0	
2466.964800	8	6	3	0	2	7	1	2801	-1349	33	148008	21	11	91	0	0	0	0	0	0	0	0	0	0	0	0	0	0	
2467.406883	10	0	5	0	0	15	0	2892	0	33	148035	21	11	92	0	0	0	0	0	0	0	0	0	0	0	0	0	0	
2467.416967	8	15	3	0	0	31	0	3145	0	33	148035	21	11	92	0	0	0	0	0	0	0	0	0	0	0	0	0	0	
2467.437117	10	0	5	0	0	15	0	3157	0	33	148035	21	11	92	0	0	0	0	0	0	0	0	0	0	0	0	0	0	
