Time	Status code	Status category	Status color	Pgm code	Pgm step	Pgm para	Pgm cycle	mV	mA	Temperature	Duration	Charge count	Discharge count	Capacity	Analog input 1	Analog input 2	Analog input 3	Analog input 4	Digital input 1	Digital input 2	Digital input 3	Digital input 4	Digital output 1	Digital output 2	Digital output 3	Digital output 4	Analog output 1	Analog output 2	
0.000000	8	3	3	0	1	2	2	3847	680	24	2	1	0	0	0	0	0	0	0	0	0	0	0	0	0	0	0	0	
0.040317	8	3	3	0	1	2	2	3823	676	24	4	1	0	0	0	0	0	0	0	0	0	0	0	0	0	0	0	0	
1.035367	8	3	3	0	1	2	2	3814	674	24	64	1	0	0	0	0	0	0	0	0	0	0	0	0	0	0	0	0	
2.031833	8	3	3	0	1	2	2	3858	675	24	124	1	0	0	0	0	0	0	0	0	0	0	0	0	0	0	0	0	
3.047033	8	3	3	0	1	2	2	3898	674	24	185	1	0	0	0	0	0	0	0	0	0	0	0	0	0	0	0	0	
4.042083	8	3	3	0	1	2	2	3927	675	24	244	1	0	0	0	0	0	0	0	0	0	0	0	0	0	0	0	0	
5.038567	8	3	3	0	1	2	2	3929	674	24	304	1	0	0	0	0	0	0	0	0	0	0	0	0	0	0	0	0	
6.033600	8	3	3	0	1	2	2	3930	673	24	364	1	0	0	0	0	0	0	0	0	0	0	0	0	0	0	0	0	
7.030083	8	3	3	0	1	2	2	3935	674	24	424	1	0	0	0	0	0	0	0	0	0	0	0	0	0	0	0	0	
8.043833	8	3	3	0	1	2	2	3933	674	24	485	1	0	0	0	0	0	0	0	0	0	0	0	0	0	0	0	0	
9.040317	8	3	3	0	1	2	2	3939	674	24	544	1	0	0	0	0	0	0	0	0	0	0	0	0	0	0	0	0	
10.036800	8	3	3	0	1	2	2	3945	676	24	604	1	0	0	0	0	0	0	0	0	0	0	0	0	0	0	0	0	
11.031833	8	3	3	0	1	2	2	3959	674	24	664	1	0	0	0	0	0	0	0	0	0	0	0	0	0	0	0	0	
12.042717	8	3	3	0	1	2	2	3988	674	24	724	1	0	0	0	0	0	0	0	0	0	0	0	0	0	0	0	0	
13.029117	8	3	3	0	1	2	2	3964	674	24	784	1	0	0	0	0	0	0	0	0	0	0	0	0	0	0	0	0	
14.034233	8	3	3	0	1	2	2	3995	675	24	844	1	0	0	0	0	0	0	0	0	0	0	0	0	0	0	0	0	
15.040800	8	3	3	0	1	2	2	3987	675	24	904	1	0	0	0	0	0	0	0	0	0	0	0	0	0	0	0	0	
16.045917	8	3	3	0	1	2	2	3999	675	24	965	1	0	0	0	0	0	0	0	0	0	0	0	0	0	0	0	0	
17.032317	8	3	3	0	1	2	2	4004	674	24	1024	1	0	0	0	0	0	0	0	0	0	0	0	0	0	0	0	0	
18.037433	8	3	3	0	1	2	2	4013	675	24	1084	1	0	0	0	0	0	0	0	0	0	0	0	0	0	0	0	0	
19.042567	8	3	3	0	1	2	2	4013	674	24	1144	1	0	0	0	0	0	0	0	0	0	0	0	0	0	0	0	0	
20.028967	8	3	3	0	1	2	2	4013	674	24	1204	1	0	0	0	0	0	0	0	0	0	0	0	0	0	0	0	0	
21.034083	8	3	3	0	1	2	2	4024	675	24	1264	1	0	0	0	0	0	0	0	0	0	0	0	0	0	0	0	0	
22.039200	8	3	3	0	1	2	2	4030	675	24	1324	1	0	0	0	0	0	0	0	0	0	0	0	0	0	0	0	0	
23.044317	8	3	3	0	1	2	2	4034	674	24	1385	1	0	0	0	0	0	0	0	0	0	0	0	0	0	0	0	0	
24.032167	8	3	3	0	1	2	2	4038	674	24	1444	1	0	0	0	0	0	0	0	0	0	0	0	0	0	0	0	0	
25.038717	8	3	3	0	1	2	2	4038	675	24	1504	1	0	0	0	0	0	0	0	0	0	0	0	0	0	0	0	0	
26.043833	8	3	3	0	1	2	2	4035	673	24	1564	1	0	0	0	0	0	0	0	0	0	0	0	0	0	0	0	0	
27.030233	8	3	3	0	1	2	2	4038	674	24	1624	1	0	0	0	0	0	0	0	0	0	0	0	0	0	0	0	0	
28.035367	8	3	3	0	1	2	2	4036	675	24	1684	1	0	0	0	0	0	0	0	0	0	0	0	0	0	0	0	0	
29.040483	8	3	3	0	1	2	2	4040	674	24	1744	1	0	0	0	0	0	0	0	0	0	0	0	0	0	0	0	0	
30.047033	8	3	3	0	1	2	2	4046	675	24	1805	1	0	0	0	0	0	0	0	0	0	0	0	0	0	0	0	0	
31.033433	8	3	3	0	1	2	2	4044	675	24	1864	1	0	0	0	0	0	0	0	0	0	0	0	0	0	0	0	0	
32.038567	8	3	3	0	1	2	2	4044	675	24	1924	1	0	0	0	0	0	0	0	0	0	0	0	0	0	0	0	0	
33.043683	8	3	3	0	1	2	2	4042	674	24	1984	1	0	0	0	0	0	0	0	0	0	0	0	0	0	0	0	0	
34.030083	8	3	3	0	1	2	2	4043	675	24	2044	1	0	0	0	0	0	0	0	0	0	0	0	0	0	0	0	0	
35.036633	8	3	3	0	1	2	2	4047	675	24	2104	1	0	0	0	0	0	0	0	0	0	0	0	0	0	0	0	0	
36.041767	8	3	3	0	1	2	2	4051	676	24	2164	1	0	0	0	0	0	0	0	0	0	0	0	0	0	0	0	0	
37.046883	8	3	3	0	1	2	2	4054	674	24	2225	1	0	0	0	0	0	0	0	0	0	0	0	0	0	0	0	0	
38.033283	8	3	3	0	1	2	2	4054	674	24	2284	1	0	0	0	0	0	0	0	0	0	0	0	0	0	0	0	0	
39.038400	8	3	3	0	1	2	2	4058	674	24	2344	1	0	0	0	0	0	0	0	0	0	0	0	0	0	0	0	0	
40.043517	8	3	3	0	1	2	2	4059	674	24	2404	1	0	0	0	0	0	0	0	0	0	0	0	0	0	0	0	0	
41.048633	8	3	3	0	1	2	2	4063	675	24	2465	1	0	0	0	0	0	0	0	0	0	0	0	0	0	0	0	0	
42.035033	8	3	3	0	1	2	2	4068	674	24	2524	1	0	0	0	0	0	0	0	0	0	0	0	0	0	0	0	0	
43.041600	8	3	3	0	1	2	2	4070	675	24	2584	1	0	0	0	0	0	0	0	0	0	0	0	0	0	0	0	0	
44.046717	8	3	3	0	1	2	2	4071	674	24	2645	1	0	0	0	0	0	0	0	0	0	0	0	0	0	0	0	0	
45.033117	8	3	3	0	1	2	2	4075	675	24	2704	1	0	0	0	0	0	0	0	0	0	0	0	0	0	0	0	0	
46.038233	8	3	3	0	1	2	2	4079	675	24	2764	1	0	0	0	0	0	0	0	0	0	0	0	0	0	0	0	0	
47.043367	8	3	3	0	1	2	2	4081	674	24	2824	1	0	0	0	0	0	0	0	0	0	0	0	0	0	0	0	0	
48.032633	8	3	3	0	1	2	2	4085	675	24	2884	1	0	0	0	0	0	0	0	0	0	0	0	0	0	0	0	0	
49.039200	8	3	3	0	1	2	2	4091	674	24	2944	1	0	0	0	0	0	0	0	0	0	0	0	0	0	0	0	0	
50.044317	8	3	3	0	1	2	2	4095	674	24	3004	1	0	0	0	0	0	0	0	0	0	0	0	0	0	0	0	0	
51.049433	8	3	3	0	1	2	2	4097	675	24	3065	1	0	0	0	0	0	0	0	0	0	0	0	0	0	0	0	0	
52.035833	8	3	3	0	1	2	2	4101	675	24	3124	1	0	0	0	0	0	0	0	0	0	0	0	0	0	0	0	0	
53.040967	8	3	3	0	1	2	2	4102	674	24	3184	1	0	0	0	0	0	0	0	0	0	0	0	0	0	0	0	0	
54.046083	8	3	3	0	1	2	2	4106	676	24	3244	1	0	0	0	0	0	0	0	0	0	0	0	0	0	0	0	0	
55.032483	8	3	3	0	1	2	2	4110	676	24	3304	1	0	0	0	0	0	0	0	0	0	0	0	0	0	0	0	0	
56.039033	8	3	3	0	1	2	2	4115	675	24	3364	1	0	0	0	0	0	0	0	0	0	0	0	0	0	0	0	0	
57.044167	8	3	3	0	1	2	2	4117	675	24	3424	1	0	0	0	0	0	0	0	0	0	0	0	0	0	0	0	0	
58.049283	8	3	3	0	1	2	2	4118	664	24	3485	1	0	0	0	0	0	0	0	0	0	0	0	0	0	0	0	0	
59.035683	8	3	3	0	1	2	2	4121	664	24	3544	1	0	0	0	0	0	0	0	0	0	0	0	0	0	0	0	0	
60.040800	8	3	3	0	1	2	2	4125	664	24	3604	1	0	0	0	0	0	0	0	0	0	0	0	0	0	0	0	0	
61.045917	8	3	3	0	1	2	2	4128	662	24	3664	1	0	0	0	0	0	0	0	0	0	0	0	0	0	0	0	0	
62.033767	8	3	3	0	1	2	2	4132	662	24	3724	1	0	0	0	0	0	0	0	0	0	0	0	0	0	0	0	0	
63.038883	8	3	3	0	1	2	2	4136	662	24	3784	1	0	0	0	0	0	0	0	0	0	0	0	0	0	0	0	0	
64.044000	8	3	3	0	1	2	2	4141	661	24	3844	1	0	0	0	0	0	0	0	0	0	0	0	0	0	0	0	0	
65.049117	8	3	3	0	1	2	2	4146	661	24	3905	1	0	0	0	0	0	0	0	0	0	0	0	0	0	0	0	0	
66.035517	8	3	3	0	1	2	2	4150	660	24	3964	1	0	0	0	0	0	0	0	0	0	0	0	0	0	0	0	0	
67.040633	8	3	3	0	1	2	2	4155	659	24	4024	1	0	0	0	0	0	0	0	0	0	0	0	0	0	0	0	0	
68.045767	8	3	3	0	1	2	2	4161	658	24	4084	1	0	0	0	0	0	0	0	0	0	0	0	0	0	0	0	0	
69.032167	8	3	3	0	1	2	2	4167	657	24	4144	1	0	0	0	0	0	0	0	0	0	0	0	0	0	0	0	0	
70.038717	8	3	3	0	1	2	2	4174	657	24	4204	1	0	0	0	0	0	0	0	0	0	0	0	0	0	0	0	0	
71.043833	8	3	3	0	1	2	2	4178	654	24	4264	1	0	0	0	0	0	0	0	0	0	0	0	0	0	0	0	0	
72.048967	8	3	3	0	1	2	2	4186	654	24	4325	1	0	0	0	0	0	0	0	0	0	0	0	0	0	0	0	0	
73.035367	8	3	3	0	1	2	2	4193	653	24	4384	1	0	0	0	0	0	0	0	0	0	0	0	0	0	0	0	0	
74.040483	8	3	3	0	1	2	2	4196	653	24	4444	1	0	0	0	0	0	0	0	0	0	0	0	0	0	0	0	0	
75.047033	8	3	3	0	1	2	2	4199	642	24	4504	1	0	0	0	0	0	0	0	0	0	0	0	0	0	0	0	0	
76.052167	8	3	3	0	1	2	2	4199	623	24	4565	1	0	0	0	0	0	0	0	0	0	0	0	0	0	0	0	0	
77.040000	8	3	3	0	1	2	2	4199	601	25	4624	1	0	0	0	0	0	0	0	0	0	0	0	0	0	0	0	0	
78.045117	8	3	3	0	1	2	2	4198	581	25	4684	1	0	0	0	0	0	0	0	0	0	0	0	0	0	0	0	0	
79.050233	8	3	3	0	1	2	2	4199	561	24	4745	1	0	0	0	0	0	0	0	0	0	0	0	0	0	0	0	0	
80.036633	8	3	3	0	1	2	2	4199	544	24	4804	1	0	0	0	0	0	0	0	0	0	0	0	0	0	0	0	0	
81.041767	8	3	3	0	1	2	2	4198	527	24	4864	1	0	0	0	0	0	0	0	0	0	0	0	0	0	0	0	0	
82.048317	8	3	3	0	1	2	2	4198	512	24	4924	1	0	0	0	0	0	0	0	0	0	0	0	0	0	0	0	0	
83.034717	8	3	3	0	1	2	2	4199	497	24	4984	1	0	0	0	0	0	0	0	0	0	0	0	0	0	0	0	0	
84.039833	8	3	3	0	1	2	2	4199	482	25	5044	1	0	0	0	0	0	0	0	0	0	0	0	0	0	0	0	0	
85.044967	8	3	3	0	1	2	2	4199	467	24	5104	1	0	0	0	0	0	0	0	0	0	0	0	0	0	0	0	0	
86.050083	8	3	3	0	1	2	2	4199	453	24	5165	1	0	0	0	0	0	0	0	0	0	0	0	0	0	0	0	0	
87.037917	8	3	3	0	1	2	2	4199	438	24	5224	1	0	0	0	0	0	0	0	0	0	0	0	0	0	0	0	0	
88.043033	8	3	3	0	1	2	2	4198	426	24	5284	1	0	0	0	0	0	0	0	0	0	0	0	0	0	0	0	0	
89.048167	8	3	3	0	1	2	2	4199	412	24	5344	1	0	0	0	0	0	0	0	0	0	0	0	0	0	0	0	0	
90.053283	8	3	3	0	1	2	2	4199	401	24	5405	1	0	0	0	0	0	0	0	0	0	0	0	0	0	0	0	0	
91.039683	8	3	3	0	1	2	2	4198	388	24	5464	1	0	0	0	0	0	0	0	0	0	0	0	0	0	0	0	0	
92.044800	8	3	3	0	1	2	2	4199	377	24	5524	1	0	0	0	0	0	0	0	0	0	0	0	0	0	0	0	0	
93.049917	8	3	3	0	1	2	2	4198	365	24	5585	1	0	0	0	0	0	0	0	0	0	0	0	0	0	0	0	0	
94.036317	8	3	3	0	1	2	2	4198	353	24	5644	1	0	0	0	0	0	0	0	0	0	0	0	0	0	0	0	0	
95.045767	8	3	3	0	1	2	2	4198	342	24	5704	1	0	0	0	0	0	0	0	0	0	0	0	0	0	0	0	0	
96.050883	8	3	3	0	1	2	2	4199	331	24	5765	1	0	0	0	0	0	0	0	0	0	0	0	0	0	0	0	0	
97.037283	8	3	3	0	1	2	2	4198	322	24	5824	1	0	0	0	0	0	0	0	0	0	0	0	0	0	0	0	0	
98.042400	8	3	3	0	1	2	2	4198	311	24	5884	1	0	0	0	0	0	0	0	0	0	0	0	0	0	0	0	0	
99.047517	8	3	3	0	1	2	2	4198	301	24	5944	1	0	0	0	0	0	0	0	0	0	0	0	0	0	0	0	0	
100.054083	8	3	3	0	1	2	2	4199	292	24	6005	1	0	0	0	0	0	0	0	0	0	0	0	0	0	0	0	0	
101.040483	8	3	3	0	1	2	2	4198	282	24	6064	1	0	0	0	0	0	0	0	0	0	0	0	0	0	0	0	0	
102.045600	8	3	3	0	1	2	2	4199	273	24	6124	1	0	0	0	0	0	0	0	0	0	0	0	0	0	0	0	0	
103.050717	8	3	3	0	1	2	2	4198	264	24	6185	1	0	0	0	0	0	0	0	0	0	0	0	0	0	0	0	0	
104.037117	8	3	3	0	1	2	2	4198	255	24	6244	1	0	0	0	0	0	0	0	0	0	0	0	0	0	0	0	0	
105.042233	8	3	3	0	1	2	2	4198	247	24	6304	1	0	0	0	0	0	0	0	0	0	0	0	0	0	0	0	0	
106.048800	8	3	3	0	1	2	2	4198	238	24	6364	1	0	0	0	0	0	0	0	0	0	0	0	0	0	0	0	0	
107.053917	8	3	3	0	1	2	2	4198	230	24	6425	1	0	0	0	0	0	0	0	0	0	0	0	0	0	0	0	0	
108.040317	8	3	3	0	1	2	2	4198	222	24	6484	1	0	0	0	0	0	0	0	0	0	0	0	0	0	0	0	0	
109.045433	8	3	3	0	1	2	2	4198	215	24	6544	1	0	0	0	0	0	0	0	0	0	0	0	0	0	0	0	0	
110.050567	8	3	3	0	1	2	2	4198	207	24	6604	1	0	0	0	0	0	0	0	0	0	0	0	0	0	0	0	0	
111.036967	8	3	3	0	1	2	2	4198	201	24	6664	1	0	0	0	0	0	0	0	0	0	0	0	0	0	0	0	0	
112.042083	8	3	3	0	1	2	2	4198	194	24	6724	1	0	0	0	0	0	0	0	0	0	0	0	0	0	0	0	0	
113.047200	8	3	3	0	1	2	2	4198	188	24	6784	1	0	0	0	0	0	0	0	0	0	0	0	0	0	0	0	0	
114.053767	8	3	3	0	1	2	2	4198	183	24	6845	1	0	0	0	0	0	0	0	0	0	0	0	0	0	0	0	0	
115.040167	8	3	3	0	1	2	2	4198	177	24	6904	1	0	0	0	0	0	0	0	0	0	0	0	0	0	0	0	0	
116.045283	8	3	3	0	1	2	2	4199	170	24	6964	1	0	0	0	0	0	0	0	0	0	0	0	0	0	0	0	0	
117.050400	8	3	3	0	1	2	2	4199	164	24	7024	1	0	0	0	0	0	0	0	0	0	0	0	0	0	0	0	0	
118.036800	8	3	3	0	1	2	2	4199	158	24	7084	1	0	0	0	0	0	0	0	0	0	0	0	0	0	0	0	0	
119.043367	8	3	3	0	1	2	2	4198	152	24	7144	1	0	0	0	0	0	0	0	0	0	0	0	0	0	0	0	0	
120.048483	8	3	3	0	1	2	2	4198	148	24	7204	1	0	0	0	0	0	0	0	0	0	0	0	0	0	0	0	0	
121.053600	8	3	3	0	1	2	2	4198	142	24	7265	1	0	0	0	0	0	0	0	0	0	0	0	0	0	0	0	0	
122.040000	8	3	3	0	1	2	2	4199	136	24	7324	1	0	0	0	0	0	0	0	0	0	0	0	0	0	0	0	0	
123.045117	8	3	3	0	1	2	2	4198	133	24	7384	1	0	0	0	0	0	0	0	0	0	0	0	0	0	0	0	0	
124.050233	8	3	3	0	1	2	2	4199	128	24	7444	1	0	0	0	0	0	0	0	0	0	0	0	0	0	0	0	0	
125.055367	8	3	3	0	1	2	2	4199	125	24	7505	1	0	0	0	0	0	0	0	0	0	0	0	0	0	0	0	0	
126.041767	8	3	3	0	1	2	2	4198	121	24	7564	1	0	0	0	0	0	0	0	0	0	0	0	0	0	0	0	0	
127.046883	8	3	3	0	1	2	2	4199	117	24	7624	1	0	0	0	0	0	0	0	0	0	0	0	0	0	0	0	0	
128.052000	8	3	3	0	1	2	2	4199	113	24	7685	1	0	0	0	0	0	0	0	0	0	0	0	0	0	0	0	0	
129.039833	8	3	3	0	1	2	2	4199	110	24	7744	1	0	0	0	0	0	0	0	0	0	0	0	0	0	0	0	0	
130.044967	8	3	3	0	1	2	2	4199	107	24	7804	1	0	0	0	0	0	0	0	0	0	0	0	0	0	0	0	0	
131.050083	8	3	3	0	1	2	2	4199	103	24	7864	1	0	0	0	0	0	0	0	0	0	0	0	0	0	0	0	0	
132.055200	8	3	3	0	1	2	2	4198	100	24	7925	1	0	0	0	0	0	0	0	0	0	0	0	0	0	0	0	0	
133.041600	8	3	3	0	1	2	2	4198	98	24	7984	1	0	0	0	0	0	0	0	0	0	0	0	0	0	0	0	0	
134.048167	8	3	3	0	1	2	2	4199	95	24	8044	1	0	0	0	0	0	0	0	0	0	0	0	0	0	0	0	0	
135.053283	8	3	3	0	1	2	2	4198	92	24	8104	1	0	0	0	0	0	0	0	0	0	0	0	0	0	0	0	0	
136.039683	8	3	3	0	1	2	2	4198	90	24	8164	1	0	0	0	0	0	0	0	0	0	0	0	0	0	0	0	0	
137.044800	8	3	3	0	1	2	2	4198	88	24	8224	1	0	0	0	0	0	0	0	0	0	0	0	0	0	0	0	0	
138.049917	8	3	3	0	1	2	2	4199	86	24	8284	1	0	0	0	0	0	0	0	0	0	0	0	0	0	0	0	0	
139.055033	8	3	3	0	1	2	2	4198	83	24	8345	1	0	0	0	0	0	0	0	0	0	0	0	0	0	0	0	0	
140.041433	8	3	3	0	1	2	2	4198	81	24	8404	1	0	0	0	0	0	0	0	0	0	0	0	0	0	0	0	0	
141.046567	8	3	3	0	1	2	2	4199	79	24	8464	1	0	0	0	0	0	0	0	0	0	0	0	0	0	0	0	0	
142.051683	8	3	3	0	1	2	2	4199	76	24	8524	1	0	0	0	0	0	0	0	0	0	0	0	0	0	0	0	0	
143.038083	8	3	3	0	1	2	2	4198	75	24	8584	1	0	0	0	0	0	0	0	0	0	0	0	0	0	0	0	0	
144.044633	8	3	3	0	1	2	2	4198	73	24	8644	1	0	0	0	0	0	0	0	0	0	0	0	0	0	0	0	0	
145.049767	8	3	3	0	1	2	2	4199	73	24	8704	1	0	0	0	0	0	0	0	0	0	0	0	0	0	0	0	0	
146.054883	8	3	3	0	1	2	2	4198	70	24	8765	1	0	0	0	0	0	0	0	0	0	0	0	0	0	0	0	0	
147.041283	8	3	3	0	1	2	2	4198	69	24	8824	1	0	0	0	0	0	0	0	0	0	0	0	0	0	0	0	0	
147.896633	8	6	3	0	2	7	1	4144	-206	24	8875	1	1	0	0	0	0	0	0	0	0	0	0	0	0	0	0	0	
148.047833	8	6	3	0	2	7	1	3843	-1350	24	8884	1	1	0	0	0	0	0	0	0	0	0	0	0	0	0	0	0	
149.054400	8	6	3	0	2	7	1	3857	-1351	24	8944	1	1	1	0	0	0	0	0	0	0	0	0	0	0	0	0	0	
150.040800	8	6	3	0	2	7	1	3827	-1349	24	9004	1	1	3	0	0	0	0	0	0	0	0	0	0	0	0	0	0	
151.045917	8	6	3	0	2	7	1	3802	-1349	24	9064	1	1	5	0	0	0	0	0	0	0	0	0	0	0	0	0	0	
152.051033	8	6	3	0	2	7	1	3776	-1349	24	9124	1	1	6	0	0	0	0	0	0	0	0	0	0	0	0	0	0	
153.056167	8	6	3	0	2	7	1	3738	-1349	24	9185	1	1	8	0	0	0	0	0	0	0	0	0	0	0	0	0	0	
154.042567	8	6	3	0	2	7	1	3724	-1351	24	9244	1	1	10	0	0	0	0	0	0	0	0	0	0	0	0	0	0	
155.049117	8	6	3	0	2	7	1	3711	-1349	24	9304	1	1	11	0	0	0	0	0	0	0	0	0	0	0	0	0	0	
156.054233	8	6	3	0	2	7	1	3700	-1350	24	9364	1	1	13	0	0	0	0	0	0	0	0	0	0	0	0	0	0	
157.040633	8	6	3	0	2	7	1	3687	-1349	24	9424	1	1	15	0	0	0	0	0	0	0	0	0	0	0	0	0	0	
158.045767	8	6	3	0	2	7	1	3669	-1349	24	9484	1	1	16	0	0	0	0	0	0	0	0	0	0	0	0	0	0	
159.050883	8	6	3	0	2	7	1	3648	-1349	25	9544	1	1	18	0	0	0	0	0	0	0	0	0	0	0	0	0	0	
160.057433	8	6	3	0	2	7	1	3634	-1349	24	9605	1	1	19	0	0	0	0	0	0	0	0	0	0	0	0	0	0	
161.046717	8	6	3	0	2	7	1	3618	-1350	24	9664	1	1	21	0	0	0	0	0	0	0	0	0	0	0	0	0	0	
162.051833	8	6	3	0	2	7	1	3607	-1350	24	9724	1	1	23	0	0	0	0	0	0	0	0	0	0	0	0	0	0	
163.056967	8	6	3	0	2	7	1	3593	-1350	24	9785	1	1	24	0	0	0	0	0	0	0	0	0	0	0	0	0	0	
164.043367	8	6	3	0	2	7	1	3578	-1349	25	9844	1	1	26	0	0	0	0	0	0	0	0	0	0	0	0	0	0	
165.049917	8	6	3	0	2	7	1	3563	-1349	24	9904	1	1	28	0	0	0	0	0	0	0	0	0	0	0	0	0	0	
166.055033	8	6	3	0	2	7	1	3548	-1350	25	9964	1	1	29	0	0	0	0	0	0	0	0	0	0	0	0	0	0	
167.041433	8	6	3	0	2	7	1	3533	-1349	25	10024	1	1	31	0	0	0	0	0	0	0	0	0	0	0	0	0	0	
168.046567	8	6	3	0	2	7	1	3517	-1350	25	10084	1	1	33	0	0	0	0	0	0	0	0	0	0	0	0	0	0	
169.051683	8	6	3	0	2	7	1	3501	-1351	24	10144	1	1	34	0	0	0	0	0	0	0	0	0	0	0	0	0	0	
170.056800	8	6	3	0	2	7	1	3486	-1348	24	10205	1	1	36	0	0	0	0	0	0	0	0	0	0	0	0	0	0	
171.043200	8	6	3	0	2	7	1	3471	-1350	24	10264	1	1	38	0	0	0	0	0	0	0	0	0	0	0	0	0	0	
172.048317	8	6	3	0	2	7	1	3455	-1349	24	10324	1	1	39	0	0	0	0	0	0	0	0	0	0	0	0	0	0	
173.053433	8	6	3	0	2	7	1	3429	-1351	24	10384	1	1	41	0	0	0	0	0	0	0	0	0	0	0	0	0	0	
174.058567	8	6	3	0	2	7	1	3399	-1349	24	10445	1	1	43	0	0	0	0	0	0	0	0	0	0	0	0	0	0	
175.046400	8	6	3	0	2	7	1	3468	-1349	25	10504	1	1	44	0	0	0	0	0	0	0	0	0	0	0	0	0	0	
176.051517	8	6	3	0	2	7	1	3460	-1349	24	10564	1	1	46	0	0	0	0	0	0	0	0	0	0	0	0	0	0	
177.056633	8	6	3	0	2	7	1	3452	-1349	24	10625	1	1	48	0	0	0	0	0	0	0	0	0	0	0	0	0	0	
178.043033	8	6	3	0	2	7	1	3444	-1350	25	10684	1	1	49	0	0	0	0	0	0	0	0	0	0	0	0	0	0	
179.048167	8	6	3	0	2	7	1	3436	-1350	24	10744	1	1	51	0	0	0	0	0	0	0	0	0	0	0	0	0	0	
180.053283	8	6	3	0	2	7	1	3429	-1349	24	10804	1	1	53	0	0	0	0	0	0	0	0	0	0	0	0	0	0	
181.058400	8	6	3	0	2	7	1	3422	-1349	24	10865	1	1	54	0	0	0	0	0	0	0	0	0	0	0	0	0	0	
182.044800	8	6	3	0	2	7	1	3415	-1350	25	10924	1	1	56	0	0	0	0	0	0	0	0	0	0	0	0	0	0	
183.051367	8	6	3	0	2	7	1	3408	-1350	25	10984	1	1	57	0	0	0	0	0	0	0	0	0	0	0	0	0	0	
184.057917	8	6	3	0	2	7	1	3400	-1348	24	11044	1	1	59	0	0	0	0	0	0	0	0	0	0	0	0	0	0	
185.042883	8	6	3	0	2	7	1	3393	-1350	25	11104	1	1	61	0	0	0	0	0	0	0	0	0	0	0	0	0	0	
186.048000	8	6	3	0	2	7	1	3385	-1349	25	11164	1	1	62	0	0	0	0	0	0	0	0	0	0	0	0	0	0	
187.053117	8	6	3	0	2	7	1	3375	-1349	25	11224	1	1	64	0	0	0	0	0	0	0	0	0	0	0	0	0	0	
188.058233	8	6	3	0	2	7	1	3365	-1350	24	11285	1	1	66	0	0	0	0	0	0	0	0	0	0	0	0	0	0	
189.044633	8	6	3	0	2	7	1	3353	-1349	25	11344	1	1	67	0	0	0	0	0	0	0	0	0	0	0	0	0	0	
190.051200	8	6	3	0	2	7	1	3339	-1349	25	11404	1	1	69	0	0	0	0	0	0	0	0	0	0	0	0	0	0	
191.056317	8	6	3	0	2	7	1	3321	-1349	25	11464	1	1	71	0	0	0	0	0	0	0	0	0	0	0	0	0	0	
192.061433	8	6	3	0	2	7	1	3298	-1350	25	11525	1	1	72	0	0	0	0	0	0	0	0	0	0	0	0	0	0	
193.047833	8	6	3	0	2	7	1	3267	-1350	25	11584	1	1	74	0	0	0	0	0	0	0	0	0	0	0	0	0	0	
194.052967	8	6	3	0	2	7	1	3220	-1349	25	11644	1	1	76	0	0	0	0	0	0	0	0	0	0	0	0	0	0	
195.058083	8	6	3	0	2	7	1	3141	-1349	25	11705	1	1	77	0	0	0	0	0	0	0	0	0	0	0	0	0	0	
196.044483	8	6	3	0	2	7	1	3003	-1349	25	11764	1	1	79	0	0	0	0	0	0	0	0	0	0	0	0	0	0	
196.993433	8	15	3	0	1	31	2	3051	167	25	11821	3	1	80	0	0	0	0	0	0	0	0	0	0	0	0	0	0	
197.013600	8	3	3	0	1	2	2	3219	678	25	11822	3	1	80	0	0	0	0	0	0	0	0	0	0	0	0	0	0	
197.052483	8	3	3	0	1	2	2	3289	676	25	11824	3	1	80	0	0	0	0	0	0	0	0	0	0	0	0	0	0	
198.057600	8	3	3	0	1	2	2	3610	677	25	11885	3	1	80	0	0	0	0	0	0	0	0	0	0	0	0	0	0	
199.045433	8	3	3	0	1	2	2	3707	673	25	11944	3	1	80	0	0	0	0	0	0	0	0	0	0	0	0	0	0	
200.050567	8	3	3	0	1	2	2	3769	674	25	12004	3	1	80	0	0	0	0	0	0	0	0	0	0	0	0	0	0	
201.055683	8	3	3	0	1	2	2	3812	674	25	12064	3	1	80	0	0	0	0	0	0	0	0	0	0	0	0	0	0	
202.060800	8	3	3	0	1	2	2	3832	673	25	12125	3	1	80	0	0	0	0	0	0	0	0	0	0	0	0	0	0	
203.047200	8	3	3	0	1	2	2	3842	675	25	12184	3	1	80	0	0	0	0	0	0	0	0	0	0	0	0	0	0	
204.052317	8	3	3	0	1	2	2	3850	677	25	12244	3	1	80	0	0	0	0	0	0	0	0	0	0	0	0	0	0	
205.057433	8	3	3	0	1	2	2	3857	675	25	12304	3	1	80	0	0	0	0	0	0	0	0	0	0	0	0	0	0	
206.045283	8	3	3	0	1	2	2	3864	675	25	12364	3	1	80	0	0	0	0	0	0	0	0	0	0	0	0	0	0	
207.050400	8	3	3	0	1	2	2	3871	675	25	12424	3	1	80	0	0	0	0	0	0	0	0	0	0	0	0	0	0	
208.055517	8	3	3	0	1	2	2	3879	675	25	12484	3	1	80	0	0	0	0	0	0	0	0	0	0	0	0	0	0	
209.060633	8	3	3	0	1	2	2	3886	675	25	12545	3	1	80	0	0	0	0	0	0	0	0	0	0	0	0	0	0	
210.047033	8	3	3	0	1	2	2	3893	675	25	12604	3	1	80	0	0	0	0	0	0	0	0	0	0	0	0	0	0	
211.052167	8	3	3	0	1	2	2	3899	675	25	12664	3	1	80	0	0	0	0	0	0	0	0	0	0	0	0	0	0	
212.060167	8	3	3	0	1	2	2	3906	675	25	12725	3	1	80	0	0	0	0	0	0	0	0	0	0	0	0	0	0	
213.046567	8	3	3	0	1	2	2	3912	674	25	12784	3	1	80	0	0	0	0	0	0	0	0	0	0	0	0	0	0	
214.051683	8	3	3	0	1	2	2	3918	674	25	12844	3	1	80	0	0	0	0	0	0	0	0	0	0	0	0	0	0	
215.056800	8	3	3	0	1	2	2	3924	673	25	12904	3	1	80	0	0	0	0	0	0	0	0	0	0	0	0	0	0	
216.061917	8	3	3	0	1	2	2	3929	674	25	12965	3	1	80	0	0	0	0	0	0	0	0	0	0	0	0	0	0	
217.048317	8	3	3	0	1	2	2	3934	676	25	13024	3	1	80	0	0	0	0	0	0	0	0	0	0	0	0	0	0	
218.053433	8	3	3	0	1	2	2	3939	674	25	13084	3	1	80	0	0	0	0	0	0	0	0	0	0	0	0	0	0	
219.060000	8	3	3	0	1	2	2	3943	676	25	13144	3	1	80	0	0	0	0	0	0	0	0	0	0	0	0	0	0	
220.046400	8	3	3	0	1	2	2	3946	676	25	13204	3	1	80	0	0	0	0	0	0	0	0	0	0	0	0	0	0	
221.051517	8	3	3	0	1	2	2	3949	674	25	13264	3	1	80	0	0	0	0	0	0	0	0	0	0	0	0	0	0	
222.056633	8	3	3	0	1	2	2	3953	674	25	13324	3	1	80	0	0	0	0	0	0	0	0	0	0	0	0	0	0	
223.061767	8	3	3	0	1	2	2	3956	676	24	13385	3	1	80	0	0	0	0	0	0	0	0	0	0	0	0	0	0	
224.048167	8	3	3	0	1	2	2	3959	675	25	13444	3	1	80	0	0	0	0	0	0	0	0	0	0	0	0	0	0	
225.053283	8	3	3	0	1	2	2	3962	674	25	13504	3	1	80	0	0	0	0	0	0	0	0	0	0	0	0	0	0	
226.058400	8	3	3	0	1	2	2	3965	674	25	13564	3	1	80	0	0	0	0	0	0	0	0	0	0	0	0	0	0	
227.046233	8	3	3	0	1	2	2	3968	674	25	13624	3	1	80	0	0	0	0	0	0	0	0	0	0	0	0	0	0	
228.051367	8	3	3	0	1	2	2	3971	675	24	13684	3	1	80	0	0	0	0	0	0	0	0	0	0	0	0	0	0	
229.056483	8	3	3	0	1	2	2	3975	675	25	13744	3	1	80	0	0	0	0	0	0	0	0	0	0	0	0	0	0	
230.061600	8	3	3	0	1	2	2	3978	674	25	13805	3	1	80	0	0	0	0	0	0	0	0	0	0	0	0	0	0	
231.048000	8	3	3	0	1	2	2	3981	674	24	13864	3	1	80	0	0	0	0	0	0	0	0	0	0	0	0	0	0	
232.053117	8	3	3	0	1	2	2	3985	674	24	13924	3	1	80	0	0	0	0	0	0	0	0	0	0	0	0	0	0	
233.058233	8	3	3	0	1	2	2	3988	675	24	13984	3	1	80	0	0	0	0	0	0	0	0	0	0	0	0	0	0	
234.063367	8	3	3	0	1	2	2	3991	674	25	14045	3	1	80	0	0	0	0	0	0	0	0	0	0	0	0	0	0	
235.049767	8	3	3	0	1	2	2	3995	676	24	14104	3	1	80	0	0	0	0	0	0	0	0	0	0	0	0	0	0	
236.056317	8	3	3	0	1	2	2	3998	674	25	14164	3	1	80	0	0	0	0	0	0	0	0	0	0	0	0	0	0	
237.061433	8	3	3	0	1	2	2	4002	674	24	14225	3	1	80	0	0	0	0	0	0	0	0	0	0	0	0	0	0	
238.047833	8	3	3	0	1	2	2	4006	675	25	14284	3	1	80	0	0	0	0	0	0	0	0	0	0	0	0	0	0	
239.052967	8	3	3	0	1	2	2	4009	674	24	14344	3	1	80	0	0	0	0	0	0	0	0	0	0	0	0	0	0	
240.058083	8	3	3	0	1	2	2	4013	675	25	14404	3	1	80	0	0	0	0	0	0	0	0	0	0	0	0	0	0	
241.063200	8	3	3	0	1	2	2	4016	675	24	14465	3	1	80	0	0	0	0	0	0	0	0	0	0	0	0	0	0	
242.051033	8	3	3	0	1	2	2	4020	675	24	14524	3	1	80	0	0	0	0	0	0	0	0	0	0	0	0	0	0	
243.056167	8	3	3	0	1	2	2	4024	674	24	14584	3	1	80	0	0	0	0	0	0	0	0	0	0	0	0	0	0	
244.061283	8	3	3	0	1	2	2	4028	674	25	14644	3	1	80	0	0	0	0	0	0	0	0	0	0	0	0	0	0	
245.047683	8	3	3	0	1	2	2	4032	675	24	14704	3	1	80	0	0	0	0	0	0	0	0	0	0	0	0	0	0	
246.052800	8	3	3	0	1	2	2	4036	674	24	14764	3	1	80	0	0	0	0	0	0	0	0	0	0	0	0	0	0	
247.057917	8	3	3	0	1	2	2	4040	674	24	14824	3	1	80	0	0	0	0	0	0	0	0	0	0	0	0	0	0	
248.064483	8	3	3	0	1	2	2	4044	674	24	14885	3	1	80	0	0	0	0	0	0	0	0	0	0	0	0	0	0	
249.050883	8	3	3	0	1	2	2	4049	675	24	14944	3	1	80	0	0	0	0	0	0	0	0	0	0	0	0	0	0	
250.056000	8	3	3	0	1	2	2	4053	675	24	15004	3	1	80	0	0	0	0	0	0	0	0	0	0	0	0	0	0	
251.061117	8	3	3	0	1	2	2	4058	674	24	15064	3	1	80	0	0	0	0	0	0	0	0	0	0	0	0	0	0	
252.047517	8	3	3	0	1	2	2	4062	673	24	15124	3	1	80	0	0	0	0	0	0	0	0	0	0	0	0	0	0	
253.052633	8	3	3	0	1	2	2	4067	675	24	15184	3	1	80	0	0	0	0	0	0	0	0	0	0	0	0	0	0	
254.057767	8	3	3	0	1	2	2	4072	674	24	15244	3	1	80	0	0	0	0	0	0	0	0	0	0	0	0	0	0	
255.062883	8	3	3	0	1	2	2	4078	675	24	15305	3	1	80	0	0	0	0	0	0	0	0	0	0	0	0	0	0	
256.049283	8	3	3	0	1	2	2	4082	674	24	15364	3	1	80	0	0	0	0	0	0	0	0	0	0	0	0	0	0	
257.055833	8	3	3	0	1	2	2	4088	674	24	15424	3	1	80	0	0	0	0	0	0	0	0	0	0	0	0	0	0	
258.060967	8	3	3	0	1	2	2	4094	674	24	15484	3	1	80	0	0	0	0	0	0	0	0	0	0	0	0	0	0	
259.066083	8	3	3	0	1	2	2	4099	675	24	15545	3	1	80	0	0	0	0	0	0	0	0	0	0	0	0	0	0	
260.052483	8	3	3	0	1	2	2	4105	675	24	15604	3	1	80	0	0	0	0	0	0	0	0	0	0	0	0	0	0	
261.057600	8	3	3	0	1	2	2	4111	675	25	15664	3	1	80	0	0	0	0	0	0	0	0	0	0	0	0	0	0	
262.062717	8	3	3	0	1	2	2	4116	672	25	15725	3	1	80	0	0	0	0	0	0	0	0	0	0	0	0	0	0	
263.049117	8	3	3	0	1	2	2	4120	667	24	15784	3	1	80	0	0	0	0	0	0	0	0	0	0	0	0	0	0	
264.054233	8	3	3	0	1	2	2	4126	666	25	15844	3	1	80	0	0	0	0	0	0	0	0	0	0	0	0	0	0	
265.060800	8	3	3	0	1	2	2	4132	666	25	15904	3	1	80	0	0	0	0	0	0	0	0	0	0	0	0	0	0	
266.065917	8	3	3	0	1	2	2	4138	665	25	15965	3	1	80	0	0	0	0	0	0	0	0	0	0	0	0	0	0	
267.052317	8	3	3	0	1	2	2	4144	665	25	16024	3	1	80	0	0	0	0	0	0	0	0	0	0	0	0	0	0	
268.057433	8	3	3	0	1	2	2	4150	664	25	16084	3	1	80	0	0	0	0	0	0	0	0	0	0	0	0	0	0	
269.062567	8	3	3	0	1	2	2	4157	663	25	16144	3	1	80	0	0	0	0	0	0	0	0	0	0	0	0	0	0	
270.048967	8	3	3	0	1	2	2	4163	663	25	16204	3	1	80	0	0	0	0	0	0	0	0	0	0	0	0	0	0	
271.054083	8	3	3	0	1	2	2	4170	662	25	16264	3	1	80	0	0	0	0	0	0	0	0	0	0	0	0	0	0	
272.059200	8	3	3	0	1	2	2	4177	662	25	16324	3	1	80	0	0	0	0	0	0	0	0	0	0	0	0	0	0	
273.065767	8	3	3	0	1	2	2	4184	662	25	16385	3	1	80	0	0	0	0	0	0	0	0	0	0	0	0	0	0	
274.052167	8	3	3	0	1	2	2	4190	662	25	16444	3	1	80	0	0	0	0	0	0	0	0	0	0	0	0	0	0	
275.057283	8	3	3	0	1	2	2	4197	658	25	16504	3	1	80	0	0	0	0	0	0	0	0	0	0	0	0	0	0	
276.062400	8	3	3	0	1	2	2	4199	632	25	16564	3	1	80	0	0	0	0	0	0	0	0	0	0	0	0	0	0	
277.067517	8	3	3	0	1	2	2	4199	605	25	16625	3	1	80	0	0	0	0	0	0	0	0	0	0	0	0	0	0	
278.053917	8	3	3	0	1	2	2	4199	579	25	16684	3	1	80	0	0	0	0	0	0	0	0	0	0	0	0	0	0	
279.059033	8	3	3	0	1	2	2	4199	554	25	16744	3	1	80	0	0	0	0	0	0	0	0	0	0	0	0	0	0	
280.065600	8	3	3	0	1	2	2	4199	530	25	16805	3	1	80	0	0	0	0	0	0	0	0	0	0	0	0	0	0	
281.052000	8	3	3	0	1	2	2	4199	508	25	16864	3	1	80	0	0	0	0	0	0	0	0	0	0	0	0	0	0	
282.060000	8	3	3	0	1	2	2	4199	486	25	16924	3	1	80	0	0	0	0	0	0	0	0	0	0	0	0	0	0	
283.065117	8	3	3	0	1	2	2	4198	466	25	16985	3	1	80	0	0	0	0	0	0	0	0	0	0	0	0	0	0	
284.051517	8	3	3	0	1	2	2	4198	447	25	17044	3	1	80	0	0	0	0	0	0	0	0	0	0	0	0	0	0	
285.056633	8	3	3	0	1	2	2	4198	429	25	17104	3	1	80	0	0	0	0	0	0	0	0	0	0	0	0	0	0	
286.063200	8	3	3	0	1	2	2	4199	411	25	17164	3	1	80	0	0	0	0	0	0	0	0	0	0	0	0	0	0	
287.068317	8	3	3	0	1	2	2	4199	394	25	17225	3	1	80	0	0	0	0	0	0	0	0	0	0	0	0	0	0	
288.054717	8	3	3	0	1	2	2	4199	378	25	17284	3	1	80	0	0	0	0	0	0	0	0	0	0	0	0	0	0	
289.059833	8	3	3	0	1	2	2	4198	362	25	17344	3	1	80	0	0	0	0	0	0	0	0	0	0	0	0	0	0	
290.064967	8	3	3	0	1	2	2	4199	348	25	17404	3	1	80	0	0	0	0	0	0	0	0	0	0	0	0	0	0	
291.051367	8	3	3	0	1	2	2	4198	334	25	17464	3	1	80	0	0	0	0	0	0	0	0	0	0	0	0	0	0	
292.056483	8	3	3	0	1	2	2	4199	320	25	17524	3	1	80	0	0	0	0	0	0	0	0	0	0	0	0	0	0	
293.064483	8	3	3	0	1	2	2	4199	305	25	17584	3	1	80	0	0	0	0	0	0	0	0	0	0	0	0	0	0	
294.069600	8	3	3	0	1	2	2	4199	294	25	17645	3	1	80	0	0	0	0	0	0	0	0	0	0	0	0	0	0	
295.056000	8	3	3	0	1	2	2	4199	281	25	17704	3	1	80	0	0	0	0	0	0	0	0	0	0	0	0	0	0	
296.061117	8	3	3	0	1	2	2	4199	270	25	17764	3	1	80	0	0	0	0	0	0	0	0	0	0	0	0	0	0	
297.066233	8	3	3	0	1	2	2	4198	258	25	17825	3	1	80	0	0	0	0	0	0	0	0	0	0	0	0	0	0	
298.052633	8	3	3	0	1	2	2	4199	249	25	17884	3	1	80	0	0	0	0	0	0	0	0	0	0	0	0	0	0	
299.057767	8	3	3	0	1	2	2	4199	239	25	17944	3	1	80	0	0	0	0	0	0	0	0	0	0	0	0	0	0	
300.062883	8	3	3	0	1	2	2	4199	230	25	18004	3	1	80	0	0	0	0	0	0	0	0	0	0	0	0	0	0	
301.069433	8	3	3	0	1	2	2	4198	220	25	18065	3	1	80	0	0	0	0	0	0	0	0	0	0	0	0	0	0	
302.055833	8	3	3	0	1	2	2	4199	211	25	18124	3	1	80	0	0	0	0	0	0	0	0	0	0	0	0	0	0	
303.063833	8	3	3	0	1	2	2	4199	202	25	18184	3	1	80	0	0	0	0	0	0	0	0	0	0	0	0	0	0	
304.068967	8	3	3	0	1	2	2	4198	194	25	18245	3	1	80	0	0	0	0	0	0	0	0	0	0	0	0	0	0	
305.055367	8	3	3	0	1	2	2	4199	187	25	18304	3	1	80	0	0	0	0	0	0	0	0	0	0	0	0	0	0	
306.060483	8	3	3	0	1	2	2	4198	178	25	18364	3	1	80	0	0	0	0	0	0	0	0	0	0	0	0	0	0	
307.067033	8	3	3	0	1	2	2	4199	172	25	18424	3	1	80	0	0	0	0	0	0	0	0	0	0	0	0	0	0	
308.053433	8	3	3	0	1	2	2	4199	165	25	18484	3	1	80	0	0	0	0	0	0	0	0	0	0	0	0	0	0	
309.058567	8	3	3	0	1	2	2	4198	158	25	18544	3	1	80	0	0	0	0	0	0	0	0	0	0	0	0	0	0	
310.063683	8	3	3	0	1	2	2	4199	152	25	18604	3	1	80	0	0	0	0	0	0	0	0	0	0	0	0	0	0	
311.068800	8	3	3	0	1	2	2	4198	146	25	18665	3	1	80	0	0	0	0	0	0	0	0	0	0	0	0	0	0	
312.055200	8	3	3	0	1	2	2	4198	139	25	18724	3	1	80	0	0	0	0	0	0	0	0	0	0	0	0	0	0	
313.060317	8	3	3	0	1	2	2	4198	135	25	18784	3	1	80	0	0	0	0	0	0	0	0	0	0	0	0	0	0	
314.066883	8	3	3	0	1	2	2	4198	129	25	18844	3	1	80	0	0	0	0	0	0	0	0	0	0	0	0	0	0	
315.053283	8	3	3	0	1	2	2	4198	124	25	18904	3	1	80	0	0	0	0	0	0	0	0	0	0	0	0	0	0	
316.058400	8	3	3	0	1	2	2	4199	119	25	18964	3	1	80	0	0	0	0	0	0	0	0	0	0	0	0	0	0	
317.063517	8	3	3	0	1	2	2	4199	115	25	19024	3	1	80	0	0	0	0	0	0	0	0	0	0	0	0	0	0	
318.068633	8	3	3	0	1	2	2	4198	112	25	19085	3	1	80	0	0	0	0	0	0	0	0	0	0	0	0	0	0	
319.055033	8	3	3	0	1	2	2	4198	106	25	19144	3	1	80	0	0	0	0	0	0	0	0	0	0	0	0	0	0	
320.060167	8	3	3	0	1	2	2	4198	102	25	19204	3	1	80	0	0	0	0	0	0	0	0	0	0	0	0	0	0	
321.065283	8	3	3	0	1	2	2	4199	98	25	19264	3	1	80	0	0	0	0	0	0	0	0	0	0	0	0	0	0	
322.071833	8	3	3	0	1	2	2	4198	94	25	19325	3	1	80	0	0	0	0	0	0	0	0	0	0	0	0	0	0	
323.058233	8	3	3	0	1	2	2	4199	91	25	19384	3	1	80	0	0	0	0	0	0	0	0	0	0	0	0	0	0	
324.063367	8	3	3	0	1	2	2	4199	87	25	19444	3	1	80	0	0	0	0	0	0	0	0	0	0	0	0	0	0	
325.068483	8	3	3	0	1	2	2	4198	83	25	19505	3	1	80	0	0	0	0	0	0	0	0	0	0	0	0	0	0	
326.054883	8	3	3	0	1	2	2	4198	81	25	19564	3	1	80	0	0	0	0	0	0	0	0	0	0	0	0	0	0	
327.060000	8	3	3	0	1	2	2	4199	78	25	19624	3	1	80	0	0	0	0	0	0	0	0	0	0	0	0	0	0	
328.066567	8	3	3	0	1	2	2	4198	75	25	19684	3	1	80	0	0	0	0	0	0	0	0	0	0	0	0	0	0	
329.071683	8	3	3	0	1	2	2	4199	73	25	19745	3	1	80	0	0	0	0	0	0	0	0	0	0	0	0	0	0	
330.058083	8	3	3	0	1	2	2	4198	70	25	19804	3	1	80	0	0	0	0	0	0	0	0	0	0	0	0	0	0	
331.063200	8	3	3	0	1	2	2	4198	67	25	19864	3	1	80	0	0	0	0	0	0	0	0	0	0	0	0	0	0	
331.296483	8	6	3	0	2	7	1	3936	-1341	25	19878	3	2	0	0	0	0	0	0	0	0	0	0	0	0	0	0	0	
332.069767	8	6	3	0	2	7	1	3866	-1350	25	19925	3	2	1	0	0	0	0	0	0	0	0	0	0	0	0	0	0	
333.056167	8	6	3	0	2	7	1	3831	-1349	25	19984	3	2	2	0	0	0	0	0	0	0	0	0	0	0	0	0	0	
334.061283	8	6	3	0	2	7	1	3802	-1349	25	20044	3	2	4	0	0	0	0	0	0	0	0	0	0	0	0	0	0	
335.066400	8	6	3	0	2	7	1	3775	-1349	25	20104	3	2	6	0	0	0	0	0	0	0	0	0	0	0	0	0	0	
336.072967	8	6	3	0	2	7	1	3739	-1349	25	20165	3	2	7	0	0	0	0	0	0	0	0	0	0	0	0	0	0	
337.059367	8	6	3	0	2	7	1	3685	-1349	25	20224	3	2	9	0	0	0	0	0	0	0	0	0	0	0	0	0	0	
338.064483	8	6	3	0	2	7	1	3633	-1350	25	20284	3	2	11	0	0	0	0	0	0	0	0	0	0	0	0	0	0	
339.069600	8	6	3	0	2	7	1	3634	-1349	25	20345	3	2	12	0	0	0	0	0	0	0	0	0	0	0	0	0	0	
340.056000	8	6	3	0	2	7	1	3645	-1348	25	20404	3	2	14	0	0	0	0	0	0	0	0	0	0	0	0	0	0	
341.061117	8	6	3	0	2	7	1	3597	-1349	25	20464	3	2	16	0	0	0	0	0	0	0	0	0	0	0	0	0	0	
342.066233	8	6	3	0	2	7	1	3590	-1349	25	20524	3	2	17	0	0	0	0	0	0	0	0	0	0	0	0	0	0	
343.072800	8	6	3	0	2	7	1	3588	-1350	25	20585	3	2	19	0	0	0	0	0	0	0	0	0	0	0	0	0	0	
344.059200	8	6	3	0	2	7	1	3571	-1350	25	20644	3	2	21	0	0	0	0	0	0	0	0	0	0	0	0	0	0	
345.064317	8	6	3	0	2	7	1	3555	-1349	25	20704	3	2	22	0	0	0	0	0	0	0	0	0	0	0	0	0	0	
346.069433	8	6	3	0	2	7	1	3547	-1351	25	20764	3	2	24	0	0	0	0	0	0	0	0	0	0	0	0	0	0	
347.055833	8	6	3	0	2	7	1	3535	-1349	25	20824	3	2	26	0	0	0	0	0	0	0	0	0	0	0	0	0	0	
348.060967	8	6	3	0	2	7	1	3522	-1349	25	20884	3	2	27	0	0	0	0	0	0	0	0	0	0	0	0	0	0	
349.066083	8	6	3	0	2	7	1	3509	-1349	25	20944	3	2	29	0	0	0	0	0	0	0	0	0	0	0	0	0	0	
350.072633	8	6	3	0	2	7	1	3495	-1349	25	21005	3	2	31	0	0	0	0	0	0	0	0	0	0	0	0	0	0	
351.059033	8	6	3	0	2	7	1	3483	-1351	25	21064	3	2	32	0	0	0	0	0	0	0	0	0	0	0	0	0	0	
352.064167	8	6	3	0	2	7	1	3471	-1349	25	21124	3	2	34	0	0	0	0	0	0	0	0	0	0	0	0	0	0	
353.069283	8	6	3	0	2	7	1	3462	-1348	25	21184	3	2	35	0	0	0	0	0	0	0	0	0	0	0	0	0	0	
354.055683	8	6	3	0	2	7	1	3451	-1350	25	21244	3	2	37	0	0	0	0	0	0	0	0	0	0	0	0	0	0	
355.060800	8	6	3	0	2	7	1	3439	-1349	26	21304	3	2	39	0	0	0	0	0	0	0	0	0	0	0	0	0	0	
356.065917	8	6	3	0	2	7	1	3430	-1349	25	21364	3	2	40	0	0	0	0	0	0	0	0	0	0	0	0	0	0	
357.071033	8	6	3	0	2	7	1	3420	-1349	26	21425	3	2	42	0	0	0	0	0	0	0	0	0	0	0	0	0	0	
358.057433	8	6	3	0	2	7	1	3410	-1350	26	21484	3	2	44	0	0	0	0	0	0	0	0	0	0	0	0	0	0	
359.064000	8	6	3	0	2	7	1	3401	-1349	26	21544	3	2	45	0	0	0	0	0	0	0	0	0	0	0	0	0	0	
360.069117	8	6	3	0	2	7	1	3394	-1349	26	21604	3	2	47	0	0	0	0	0	0	0	0	0	0	0	0	0	0	
361.074233	8	6	3	0	2	7	1	3388	-1350	26	21665	3	2	49	0	0	0	0	0	0	0	0	0	0	0	0	0	0	
362.060633	8	6	3	0	2	7	1	3379	-1351	26	21724	3	2	50	0	0	0	0	0	0	0	0	0	0	0	0	0	0	
363.065767	8	6	3	0	2	7	1	3371	-1350	26	21784	3	2	52	0	0	0	0	0	0	0	0	0	0	0	0	0	0	
364.072317	8	6	3	0	2	7	1	3363	-1349	26	21845	3	2	54	0	0	0	0	0	0	0	0	0	0	0	0	0	0	
365.058717	8	6	3	0	2	7	1	3356	-1349	26	21904	3	2	55	0	0	0	0	0	0	0	0	0	0	0	0	0	0	
366.063833	8	6	3	0	2	7	1	3350	-1350	26	21964	3	2	57	0	0	0	0	0	0	0	0	0	0	0	0	0	0	
367.068967	8	6	3	0	2	7	1	3345	-1350	26	22024	3	2	59	0	0	0	0	0	0	0	0	0	0	0	0	0	0	
368.074083	8	6	3	0	2	7	1	3339	-1348	26	22085	3	2	60	0	0	0	0	0	0	0	0	0	0	0	0	0	0	
369.060483	8	6	3	0	2	7	1	3331	-1348	26	22144	3	2	62	0	0	0	0	0	0	0	0	0	0	0	0	0	0	
370.065600	8	6	3	0	2	7	1	3323	-1349	26	22204	3	2	64	0	0	0	0	0	0	0	0	0	0	0	0	0	0	
371.070717	8	6	3	0	2	7	1	3315	-1349	26	22264	3	2	65	0	0	0	0	0	0	0	0	0	0	0	0	0	0	
372.057117	8	6	3	0	2	7	1	3304	-1349	26	22324	3	2	67	0	0	0	0	0	0	0	0	0	0	0	0	0	0	
373.063683	8	6	3	0	2	7	1	3293	-1349	26	22384	3	2	69	0	0	0	0	0	0	0	0	0	0	0	0	0	0	
374.068800	8	6	3	0	2	7	1	3279	-1349	26	22444	3	2	70	0	0	0	0	0	0	0	0	0	0	0	0	0	0	
375.073917	8	6	3	0	2	7	1	3262	-1349	26	22505	3	2	72	0	0	0	0	0	0	0	0	0	0	0	0	0	0	
376.060317	8	6	3	0	2	7	1	3239	-1349	26	22564	3	2	74	0	0	0	0	0	0	0	0	0	0	0	0	0	0	
377.065433	8	6	3	0	2	7	1	3205	-1349	26	22624	3	2	75	0	0	0	0	0	0	0	0	0	0	0	0	0	0	
378.074883	8	6	3	0	2	7	1	3154	-1350	26	22685	3	2	77	0	0	0	0	0	0	0	0	0	0	0	0	0	0	
379.061283	8	6	3	0	2	7	1	3066	-1350	26	22744	3	2	79	0	0	0	0	0	0	0	0	0	0	0	0	0	0	
380.066400	8	6	3	0	2	7	1	2889	-1350	26	22804	3	2	80	0	0	0	0	0	0	0	0	0	0	0	0	0	0	
380.638083	8	15	3	0	1	31	2	2904	35	26	22838	4	2	81	0	0	0	0	0	0	0	0	0	0	0	0	0	0	
380.658233	8	3	3	0	1	2	2	3295	678	26	22840	5	2	81	0	0	0	0	0	0	0	0	0	0	0	0	0	0	
381.074400	8	3	3	0	1	2	2	3544	675	26	22865	5	2	81	0	0	0	0	0	0	0	0	0	0	0	0	0	0	
382.060800	8	3	3	0	1	2	2	3695	675	26	22924	5	2	81	0	0	0	0	0	0	0	0	0	0	0	0	0	0	
383.067367	8	3	3	0	1	2	2	3767	674	26	22984	5	2	81	0	0	0	0	0	0	0	0	0	0	0	0	0	0	
384.072483	8	3	3	0	1	2	2	3813	674	26	23044	5	2	81	0	0	0	0	0	0	0	0	0	0	0	0	0	0	
385.058883	8	3	3	0	1	2	2	3832	675	26	23104	5	2	81	0	0	0	0	0	0	0	0	0	0	0	0	0	0	
386.064000	8	3	3	0	1	2	2	3845	675	26	23164	5	2	81	0	0	0	0	0	0	0	0	0	0	0	0	0	0	
387.069117	8	3	3	0	1	2	2	3857	675	26	23224	5	2	81	0	0	0	0	0	0	0	0	0	0	0	0	0	0	
388.074233	8	3	3	0	1	2	2	3864	675	26	23285	5	2	81	0	0	0	0	0	0	0	0	0	0	0	0	0	0	
389.060633	8	3	3	0	1	2	2	3869	676	26	23344	5	2	81	0	0	0	0	0	0	0	0	0	0	0	0	0	0	
390.065767	8	3	3	0	1	2	2	3875	675	26	23404	5	2	81	0	0	0	0	0	0	0	0	0	0	0	0	0	0	
391.072317	8	3	3	0	1	2	2	3881	674	26	23464	5	2	81	0	0	0	0	0	0	0	0	0	0	0	0	0	0	
392.058717	8	3	3	0	1	2	2	3888	675	26	23524	5	2	81	0	0	0	0	0	0	0	0	0	0	0	0	0	0	
393.063833	8	3	3	0	1	2	2	3895	674	26	23584	5	2	81	0	0	0	0	0	0	0	0	0	0	0	0	0	0	
394.068967	8	3	3	0	1	2	2	3901	674	26	23644	5	2	81	0	0	0	0	0	0	0	0	0	0	0	0	0	0	
395.074083	8	3	3	0	1	2	2	3908	675	26	23705	5	2	81	0	0	0	0	0	0	0	0	0	0	0	0	0	0	
396.060483	8	3	3	0	1	2	2	3913	674	26	23764	5	2	81	0	0	0	0	0	0	0	0	0	0	0	0	0	0	
397.065600	8	3	3	0	1	2	2	3920	675	26	23824	5	2	81	0	0	0	0	0	0	0	0	0	0	0	0	0	0	
398.070717	8	3	3	0	1	2	2	3926	673	26	23884	5	2	81	0	0	0	0	0	0	0	0	0	0	0	0	0	0	
399.075833	8	3	3	0	1	2	2	3932	675	26	23945	5	2	81	0	0	0	0	0	0	0	0	0	0	0	0	0	0	
400.063683	8	3	3	0	1	2	2	3937	675	26	24004	5	2	81	0	0	0	0	0	0	0	0	0	0	0	0	0	0	
401.068800	8	3	3	0	1	2	2	3942	675	26	24064	5	2	81	0	0	0	0	0	0	0	0	0	0	0	0	0	0	
402.073917	8	3	3	0	1	2	2	3946	675	26	24124	5	2	81	0	0	0	0	0	0	0	0	0	0	0	0	0	0	
403.061767	8	3	3	0	1	2	2	3949	675	26	24184	5	2	81	0	0	0	0	0	0	0	0	0	0	0	0	0	0	
404.066883	8	3	3	0	1	2	2	3953	674	26	24244	5	2	81	0	0	0	0	0	0	0	0	0	0	0	0	0	0	
405.072000	8	3	3	0	1	2	2	3956	675	26	24304	5	2	81	0	0	0	0	0	0	0	0	0	0	0	0	0	0	
406.078567	8	3	3	0	1	2	2	3959	674	26	24365	5	2	81	0	0	0	0	0	0	0	0	0	0	0	0	0	0	
407.064967	8	3	3	0	1	2	2	3963	674	26	24424	5	2	81	0	0	0	0	0	0	0	0	0	0	0	0	0	0	
408.070083	8	3	3	0	1	2	2	3966	675	26	24484	5	2	81	0	0	0	0	0	0	0	0	0	0	0	0	0	0	
409.075200	8	3	3	0	1	2	2	3969	675	26	24545	5	2	81	0	0	0	0	0	0	0	0	0	0	0	0	0	0	
410.061600	8	3	3	0	1	2	2	3972	674	26	24604	5	2	81	0	0	0	0	0	0	0	0	0	0	0	0	0	0	
411.066717	8	3	3	0	1	2	2	3976	675	26	24664	5	2	81	0	0	0	0	0	0	0	0	0	0	0	0	0	0	
412.071833	8	3	3	0	1	2	2	3979	674	26	24724	5	2	81	0	0	0	0	0	0	0	0	0	0	0	0	0	0	
413.076967	8	3	3	0	1	2	2	3982	674	26	24785	5	2	81	0	0	0	0	0	0	0	0	0	0	0	0	0	0	
414.063367	8	3	3	0	1	2	2	3986	674	26	24844	5	2	81	0	0	0	0	0	0	0	0	0	0	0	0	0	0	
415.069917	8	3	3	0	1	2	2	3989	674	26	24904	5	2	81	0	0	0	0	0	0	0	0	0	0	0	0	0	0	
416.075033	8	3	3	0	1	2	2	3992	674	26	24964	5	2	81	0	0	0	0	0	0	0	0	0	0	0	0	0	0	
417.061433	8	3	3	0	1	2	2	3996	675	26	25024	5	2	81	0	0	0	0	0	0	0	0	0	0	0	0	0	0	
418.066567	8	3	3	0	1	2	2	3999	675	26	25084	5	2	81	0	0	0	0	0	0	0	0	0	0	0	0	0	0	
419.071683	8	3	3	0	1	2	2	4003	674	26	25144	5	2	81	0	0	0	0	0	0	0	0	0	0	0	0	0	0	
420.076800	8	3	3	0	1	2	2	4006	675	26	25205	5	2	81	0	0	0	0	0	0	0	0	0	0	0	0	0	0	
421.063200	8	3	3	0	1	2	2	4010	675	26	25264	5	2	81	0	0	0	0	0	0	0	0	0	0	0	0	0	0	
422.069767	8	3	3	0	1	2	2	4013	675	26	25324	5	2	81	0	0	0	0	0	0	0	0	0	0	0	0	0	0	
423.074883	8	3	3	0	1	2	2	4016	674	26	25384	5	2	81	0	0	0	0	0	0	0	0	0	0	0	0	0	0	
424.061283	8	3	3	0	1	2	2	4020	675	27	25444	5	2	81	0	0	0	0	0	0	0	0	0	0	0	0	0	0	
425.066400	8	3	3	0	1	2	2	4024	675	26	25504	5	2	81	0	0	0	0	0	0	0	0	0	0	0	0	0	0	
426.071517	8	3	3	0	1	2	2	4028	675	27	25564	5	2	81	0	0	0	0	0	0	0	0	0	0	0	0	0	0	
427.076633	8	3	3	0	1	2	2	4032	675	27	25625	5	2	81	0	0	0	0	0	0	0	0	0	0	0	0	0	0	
428.063033	8	3	3	0	1	2	2	4036	674	26	25684	5	2	81	0	0	0	0	0	0	0	0	0	0	0	0	0	0	
429.068167	8	3	3	0	1	2	2	4040	675	27	25744	5	2	81	0	0	0	0	0	0	0	0	0	0	0	0	0	0	
430.074717	8	3	3	0	1	2	2	4044	675	27	25804	5	2	81	0	0	0	0	0	0	0	0	0	0	0	0	0	0	
431.079833	8	3	3	0	1	2	2	4048	673	27	25865	5	2	81	0	0	0	0	0	0	0	0	0	0	0	0	0	0	
432.066233	8	3	3	0	1	2	2	4052	674	27	25924	5	2	81	0	0	0	0	0	0	0	0	0	0	0	0	0	0	
433.071367	8	3	3	0	1	2	2	4057	674	27	25984	5	2	81	0	0	0	0	0	0	0	0	0	0	0	0	0	0	
434.076483	8	3	3	0	1	2	2	4062	674	27	26045	5	2	81	0	0	0	0	0	0	0	0	0	0	0	0	0	0	
435.062883	8	3	3	0	1	2	2	4066	674	27	26104	5	2	81	0	0	0	0	0	0	0	0	0	0	0	0	0	0	
436.069433	8	3	3	0	1	2	2	4071	674	27	26164	5	2	81	0	0	0	0	0	0	0	0	0	0	0	0	0	0	
437.074567	8	3	3	0	1	2	2	4076	675	27	26224	5	2	81	0	0	0	0	0	0	0	0	0	0	0	0	0	0	
438.079683	8	3	3	0	1	2	2	4082	675	27	26285	5	2	81	0	0	0	0	0	0	0	0	0	0	0	0	0	0	
439.066083	8	3	3	0	1	2	2	4087	674	27	26344	5	2	81	0	0	0	0	0	0	0	0	0	0	0	0	0	0	
440.071200	8	3	3	0	1	2	2	4092	675	27	26404	5	2	81	0	0	0	0	0	0	0	0	0	0	0	0	0	0	
441.076317	8	3	3	0	1	2	2	4097	674	27	26464	5	2	81	0	0	0	0	0	0	0	0	0	0	0	0	0	0	
442.062717	8	3	3	0	1	2	2	4103	674	27	26524	5	2	81	0	0	0	0	0	0	0	0	0	0	0	0	0	0	
443.067833	8	3	3	0	1	2	2	4108	674	27	26584	5	2	81	0	0	0	0	0	0	0	0	0	0	0	0	0	0	
444.074400	8	3	3	0	1	2	2	4114	674	27	26644	5	2	81	0	0	0	0	0	0	0	0	0	0	0	0	0	0	
445.079517	8	3	3	0	1	2	2	4118	668	27	26705	5	2	81	0	0	0	0	0	0	0	0	0	0	0	0	0	0	
446.067367	8	3	3	0	1	2	2	4124	667	27	26764	5	2	81	0	0	0	0	0	0	0	0	0	0	0	0	0	0	
447.072483	8	3	3	0	1	2	2	4129	666	27	26824	5	2	81	0	0	0	0	0	0	0	0	0	0	0	0	0	0	
448.079033	8	3	3	0	1	2	2	4135	665	27	26885	5	2	81	0	0	0	0	0	0	0	0	0	0	0	0	0	0	
449.065433	8	3	3	0	1	2	2	4141	663	27	26944	5	2	81	0	0	0	0	0	0	0	0	0	0	0	0	0	0	
450.070567	8	3	3	0	1	2	2	4147	663	27	27004	5	2	81	0	0	0	0	0	0	0	0	0	0	0	0	0	0	
451.075683	8	3	3	0	1	2	2	4153	661	27	27064	5	2	81	0	0	0	0	0	0	0	0	0	0	0	0	0	0	
452.080800	8	3	3	0	1	2	2	4159	661	27	27125	5	2	81	0	0	0	0	0	0	0	0	0	0	0	0	0	0	
453.067200	8	3	3	0	1	2	2	4166	661	27	27184	5	2	81	0	0	0	0	0	0	0	0	0	0	0	0	0	0	
454.072317	8	3	3	0	1	2	2	4172	659	27	27244	5	2	81	0	0	0	0	0	0	0	0	0	0	0	0	0	0	
455.077433	8	3	3	0	1	2	2	4178	658	27	27304	5	2	81	0	0	0	0	0	0	0	0	0	0	0	0	0	0	
456.065283	8	3	3	0	1	2	2	4185	658	27	27364	5	2	81	0	0	0	0	0	0	0	0	0	0	0	0	0	0	
457.070400	8	3	3	0	1	2	2	4192	656	27	27424	5	2	81	0	0	0	0	0	0	0	0	0	0	0	0	0	0	
458.075517	8	3	3	0	1	2	2	4198	656	27	27484	5	2	81	0	0	0	0	0	0	0	0	0	0	0	0	0	0	
459.080633	8	3	3	0	1	2	2	4199	625	27	27545	5	2	81	0	0	0	0	0	0	0	0	0	0	0	0	0	0	
460.067033	8	3	3	0	1	2	2	4198	599	27	27604	5	2	81	0	0	0	0	0	0	0	0	0	0	0	0	0	0	
461.072167	8	3	3	0	1	2	2	4199	575	27	27664	5	2	81	0	0	0	0	0	0	0	0	0	0	0	0	0	0	
462.077283	8	3	3	0	1	2	2	4199	552	27	27724	5	2	81	0	0	0	0	0	0	0	0	0	0	0	0	0	0	
463.063683	8	3	3	0	1	2	2	4198	530	27	27784	5	2	81	0	0	0	0	0	0	0	0	0	0	0	0	0	0	
464.068800	8	3	3	0	1	2	2	4198	508	27	27844	5	2	81	0	0	0	0	0	0	0	0	0	0	0	0	0	0	
465.075367	8	3	3	0	1	2	2	4199	487	27	27904	5	2	81	0	0	0	0	0	0	0	0	0	0	0	0	0	0	
466.080483	8	3	3	0	1	2	2	4199	468	27	27965	5	2	81	0	0	0	0	0	0	0	0	0	0	0	0	0	0	
467.066883	8	3	3	0	1	2	2	4199	449	27	28024	5	2	81	0	0	0	0	0	0	0	0	0	0	0	0	0	0	
468.072000	8	3	3	0	1	2	2	4199	432	27	28084	5	2	81	0	0	0	0	0	0	0	0	0	0	0	0	0	0	
469.077117	8	3	3	0	1	2	2	4199	413	27	28144	5	2	81	0	0	0	0	0	0	0	0	0	0	0	0	0	0	
470.082233	8	3	3	0	1	2	2	4199	397	27	28205	5	2	81	0	0	0	0	0	0	0	0	0	0	0	0	0	0	
471.068633	8	3	3	0	1	2	2	4199	381	27	28264	5	2	81	0	0	0	0	0	0	0	0	0	0	0	0	0	0	
472.073767	8	3	3	0	1	2	2	4199	365	27	28324	5	2	81	0	0	0	0	0	0	0	0	0	0	0	0	0	0	
473.080317	8	3	3	0	1	2	2	4199	351	27	28385	5	2	81	0	0	0	0	0	0	0	0	0	0	0	0	0	0	
474.066717	8	3	3	0	1	2	2	4199	337	27	28444	5	2	81	0	0	0	0	0	0	0	0	0	0	0	0	0	0	
475.074717	8	3	3	0	1	2	2	4198	323	27	28504	5	2	81	0	0	0	0	0	0	0	0	0	0	0	0	0	0	
476.079833	8	3	3	0	1	2	2	4198	310	27	28565	5	2	81	0	0	0	0	0	0	0	0	0	0	0	0	0	0	
477.067683	8	3	3	0	1	2	2	4198	298	27	28624	5	2	81	0	0	0	0	0	0	0	0	0	0	0	0	0	0	
478.072800	8	3	3	0	1	2	2	4198	286	27	28684	5	2	81	0	0	0	0	0	0	0	0	0	0	0	0	0	0	
479.077917	8	3	3	0	1	2	2	4199	275	27	28744	5	2	81	0	0	0	0	0	0	0	0	0	0	0	0	0	0	
480.083033	8	3	3	0	1	2	2	4198	264	27	28805	5	2	81	0	0	0	0	0	0	0	0	0	0	0	0	0	0	
481.069433	8	3	3	0	1	2	2	4199	253	27	28864	5	2	81	0	0	0	0	0	0	0	0	0	0	0	0	0	0	
482.074567	8	3	3	0	1	2	2	4198	244	27	28924	5	2	81	0	0	0	0	0	0	0	0	0	0	0	0	0	0	
483.081117	8	3	3	0	1	2	2	4199	233	27	28985	5	2	81	0	0	0	0	0	0	0	0	0	0	0	0	0	0	
484.067517	8	3	3	0	1	2	2	4198	225	27	29044	5	2	81	0	0	0	0	0	0	0	0	0	0	0	0	0	0	
485.072633	8	3	3	0	1	2	2	4199	216	27	29104	5	2	81	0	0	0	0	0	0	0	0	0	0	0	0	0	0	
486.077767	8	3	3	0	1	2	2	4199	207	27	29164	5	2	81	0	0	0	0	0	0	0	0	0	0	0	0	0	0	
487.082883	8	3	3	0	1	2	2	4199	199	27	29225	5	2	81	0	0	0	0	0	0	0	0	0	0	0	0	0	0	
488.069283	8	3	3	0	1	2	2	4199	191	27	29284	5	2	81	0	0	0	0	0	0	0	0	0	0	0	0	0	0	
489.074400	8	3	3	0	1	2	2	4199	183	27	29344	5	2	81	0	0	0	0	0	0	0	0	0	0	0	0	0	0	
490.079517	8	3	3	0	1	2	2	4198	177	27	29404	5	2	81	0	0	0	0	0	0	0	0	0	0	0	0	0	0	
491.065917	8	3	3	0	1	2	2	4198	169	27	29464	5	2	81	0	0	0	0	0	0	0	0	0	0	0	0	0	0	
492.072483	8	3	3	0	1	2	2	4198	163	27	29524	5	2	81	0	0	0	0	0	0	0	0	0	0	0	0	0	0	
493.077600	8	3	3	0	1	2	2	4198	156	27	29584	5	2	81	0	0	0	0	0	0	0	0	0	0	0	0	0	0	
494.082717	8	3	3	0	1	2	2	4198	150	27	29645	5	2	81	0	0	0	0	0	0	0	0	0	0	0	0	0	0	
495.069117	8	3	3	0	1	2	2	4198	144	27	29704	5	2	81	0	0	0	0	0	0	0	0	0	0	0	0	0	0	
496.074233	8	3	3	0	1	2	2	4198	138	27	29764	5	2	81	0	0	0	0	0	0	0	0	0	0	0	0	0	0	
497.079367	8	3	3	0	1	2	2	4198	133	27	29824	5	2	81	0	0	0	0	0	0	0	0	0	0	0	0	0	0	
498.084483	8	3	3	0	1	2	2	4199	128	27	29885	5	2	81	0	0	0	0	0	0	0	0	0	0	0	0	0	0	
499.072317	8	3	3	0	1	2	2	4198	123	27	29944	5	2	81	0	0	0	0	0	0	0	0	0	0	0	0	0	0	
500.077433	8	3	3	0	1	2	2	4199	118	27	30004	5	2	81	0	0	0	0	0	0	0	0	0	0	0	0	0	0	
501.082567	8	3	3	0	1	2	2	4199	114	27	30065	5	2	81	0	0	0	0	0	0	0	0	0	0	0	0	0	0	
502.068967	8	3	3	0	1	2	2	4198	109	27	30124	5	2	81	0	0	0	0	0	0	0	0	0	0	0	0	0	0	
503.074083	8	3	3	0	1	2	2	4199	105	27	30184	5	2	81	0	0	0	0	0	0	0	0	0	0	0	0	0	0	
504.079200	8	3	3	0	1	2	2	4198	101	27	30244	5	2	81	0	0	0	0	0	0	0	0	0	0	0	0	0	0	
505.084317	8	3	3	0	1	2	2	4198	98	27	30305	5	2	81	0	0	0	0	0	0	0	0	0	0	0	0	0	0	
506.070717	8	3	3	0	1	2	2	4198	94	27	30364	5	2	81	0	0	0	0	0	0	0	0	0	0	0	0	0	0	
507.075833	8	3	3	0	1	2	2	4198	90	27	30424	5	2	81	0	0	0	0	0	0	0	0	0	0	0	0	0	0	
508.082400	8	3	3	0	1	2	2	4198	87	27	30484	5	2	81	0	0	0	0	0	0	0	0	0	0	0	0	0	0	
509.068800	8	3	3	0	1	2	2	4198	83	27	30544	5	2	81	0	0	0	0	0	0	0	0	0	0	0	0	0	0	
510.073917	8	3	3	0	1	2	2	4199	80	27	30604	5	2	81	0	0	0	0	0	0	0	0	0	0	0	0	0	0	
511.079033	8	3	3	0	1	2	2	4198	77	27	30664	5	2	81	0	0	0	0	0	0	0	0	0	0	0	0	0	0	
512.085600	8	3	3	0	1	2	2	4198	75	27	30725	5	2	81	0	0	0	0	0	0	0	0	0	0	0	0	0	0	
513.072000	8	3	3	0	1	2	2	4198	73	27	30784	5	2	81	0	0	0	0	0	0	0	0	0	0	0	0	0	0	
514.078567	8	3	3	0	1	2	2	4198	70	27	30844	5	2	81	0	0	0	0	0	0	0	0	0	0	0	0	0	0	
515.083683	8	3	3	0	1	2	2	4198	67	27	30905	5	2	81	0	0	0	0	0	0	0	0	0	0	0	0	0	0	
515.298233	8	6	3	0	2	7	1	3967	-1091	27	30917	5	3	0	0	0	0	0	0	0	0	0	0	0	0	0	0	0	
516.071517	8	6	3	0	2	7	1	3840	-1351	27	30964	5	3	1	0	0	0	0	0	0	0	0	0	0	0	0	0	0	
517.076633	8	6	3	0	2	7	1	3727	-1349	27	31024	5	3	2	0	0	0	0	0	0	0	0	0	0	0	0	0	0	
518.081767	8	6	3	0	2	7	1	3703	-1350	27	31084	5	3	4	0	0	0	0	0	0	0	0	0	0	0	0	0	0	
519.068167	8	6	3	0	2	7	1	3760	-1350	27	31144	5	3	6	0	0	0	0	0	0	0	0	0	0	0	0	0	0	
520.074717	8	6	3	0	2	7	1	3754	-1350	27	31204	5	3	7	0	0	0	0	0	0	0	0	0	0	0	0	0	0	
521.079833	8	6	3	0	2	7	1	3741	-1349	27	31264	5	3	9	0	0	0	0	0	0	0	0	0	0	0	0	0	0	
522.084967	8	6	3	0	2	7	1	3725	-1350	27	31325	5	3	11	0	0	0	0	0	0	0	0	0	0	0	0	0	0	
523.071367	8	6	3	0	2	7	1	3709	-1349	27	31384	5	3	12	0	0	0	0	0	0	0	0	0	0	0	0	0	0	
524.076483	8	6	3	0	2	7	1	3692	-1348	27	31444	5	3	14	0	0	0	0	0	0	0	0	0	0	0	0	0	0	
525.081600	8	6	3	0	2	7	1	3677	-1349	27	31504	5	3	16	0	0	0	0	0	0	0	0	0	0	0	0	0	0	
526.086717	8	6	3	0	2	7	1	3662	-1350	27	31565	5	3	17	0	0	0	0	0	0	0	0	0	0	0	0	0	0	
527.073117	8	6	3	0	2	7	1	3648	-1350	27	31624	5	3	19	0	0	0	0	0	0	0	0	0	0	0	0	0	0	
528.078233	8	6	3	0	2	7	1	3633	-1349	27	31684	5	3	21	0	0	0	0	0	0	0	0	0	0	0	0	0	0	
529.084800	8	6	3	0	2	7	1	3618	-1348	28	31745	5	3	22	0	0	0	0	0	0	0	0	0	0	0	0	0	0	
530.071200	8	6	3	0	2	7	1	3604	-1351	27	31804	5	3	24	0	0	0	0	0	0	0	0	0	0	0	0	0	0	
531.076317	8	6	3	0	2	7	1	3590	-1350	28	31864	5	3	25	0	0	0	0	0	0	0	0	0	0	0	0	0	0	
532.081433	8	6	3	0	2	7	1	3576	-1349	28	31924	5	3	27	0	0	0	0	0	0	0	0	0	0	0	0	0	0	
533.086567	8	6	3	0	2	7	1	3563	-1349	27	31985	5	3	29	0	0	0	0	0	0	0	0	0	0	0	0	0	0	
534.072967	8	6	3	0	2	7	1	3550	-1349	28	32044	5	3	30	0	0	0	0	0	0	0	0	0	0	0	0	0	0	
535.078083	8	6	3	0	2	7	1	3538	-1349	27	32104	5	3	32	0	0	0	0	0	0	0	0	0	0	0	0	0	0	
536.083200	8	6	3	0	2	7	1	3526	-1350	28	32164	5	3	34	0	0	0	0	0	0	0	0	0	0	0	0	0	0	
537.071033	8	6	3	0	2	7	1	3515	-1350	28	32224	5	3	35	0	0	0	0	0	0	0	0	0	0	0	0	0	0	
538.076167	8	6	3	0	2	7	1	3503	-1349	28	32284	5	3	37	0	0	0	0	0	0	0	0	0	0	0	0	0	0	
539.081283	8	6	3	0	2	7	1	3493	-1351	28	32344	5	3	39	0	0	0	0	0	0	0	0	0	0	0	0	0	0	
540.086400	8	6	3	0	2	7	1	3482	-1351	28	32405	5	3	40	0	0	0	0	0	0	0	0	0	0	0	0	0	0	
541.072800	8	6	3	0	2	7	1	3472	-1350	28	32464	5	3	42	0	0	0	0	0	0	0	0	0	0	0	0	0	0	
542.077917	8	6	3	0	2	7	1	3462	-1349	28	32524	5	3	44	0	0	0	0	0	0	0	0	0	0	0	0	0	0	
543.083033	8	6	3	0	2	7	1	3453	-1350	28	32584	5	3	45	0	0	0	0	0	0	0	0	0	0	0	0	0	0	
544.088167	8	6	3	0	2	7	1	3444	-1349	28	32645	5	3	47	0	0	0	0	0	0	0	0	0	0	0	0	0	0	
545.074567	8	6	3	0	2	7	1	3436	-1349	28	32704	5	3	48	0	0	0	0	0	0	0	0	0	0	0	0	0	0	
546.081117	8	6	3	0	2	7	1	3429	-1349	28	32764	5	3	50	0	0	0	0	0	0	0	0	0	0	0	0	0	0	
547.086233	8	6	3	0	2	7	1	3421	-1349	28	32825	5	3	52	0	0	0	0	0	0	0	0	0	0	0	0	0	0	
548.072633	8	6	3	0	2	7	1	3414	-1350	28	32884	5	3	53	0	0	0	0	0	0	0	0	0	0	0	0	0	0	
549.077767	8	6	3	0	2	7	1	3407	-1350	28	32944	5	3	55	0	0	0	0	0	0	0	0	0	0	0	0	0	0	
550.082883	8	6	3	0	2	7	1	3400	-1348	28	33004	5	3	57	0	0	0	0	0	0	0	0	0	0	0	0	0	0	
551.088000	8	6	3	0	2	7	1	3393	-1349	28	33065	5	3	58	0	0	0	0	0	0	0	0	0	0	0	0	0	0	
552.074400	8	6	3	0	2	7	1	3387	-1350	28	33124	5	3	60	0	0	0	0	0	0	0	0	0	0	0	0	0	0	
553.080967	8	6	3	0	2	7	1	3380	-1349	28	33184	5	3	62	0	0	0	0	0	0	0	0	0	0	0	0	0	0	
554.086083	8	6	3	0	2	7	1	3373	-1350	28	33244	5	3	63	0	0	0	0	0	0	0	0	0	0	0	0	0	0	
555.072483	8	6	3	0	2	7	1	3364	-1348	28	33304	5	3	65	0	0	0	0	0	0	0	0	0	0	0	0	0	0	
556.077600	8	6	3	0	2	7	1	3354	-1349	28	33364	5	3	67	0	0	0	0	0	0	0	0	0	0	0	0	0	0	
557.087033	8	6	3	0	2	7	1	3344	-1350	28	33425	5	3	68	0	0	0	0	0	0	0	0	0	0	0	0	0	0	
558.073433	8	6	3	0	2	7	1	3331	-1350	28	33484	5	3	70	0	0	0	0	0	0	0	0	0	0	0	0	0	0	
559.078567	8	6	3	0	2	7	1	3314	-1351	28	33544	5	3	72	0	0	0	0	0	0	0	0	0	0	0	0	0	0	
560.083683	8	6	3	0	2	7	1	3292	-1349	28	33604	5	3	73	0	0	0	0	0	0	0	0	0	0	0	0	0	0	
561.088800	8	6	3	0	2	7	1	3261	-1350	28	33665	5	3	75	0	0	0	0	0	0	0	0	0	0	0	0	0	0	
562.075200	8	6	3	0	2	7	1	3216	-1350	28	33724	5	3	77	0	0	0	0	0	0	0	0	0	0	0	0	0	0	
563.080317	8	6	3	0	2	7	1	3139	-1349	28	33784	5	3	78	0	0	0	0	0	0	0	0	0	0	0	0	0	0	
564.086883	8	6	3	0	2	7	1	2987	-1349	28	33844	5	3	80	0	0	0	0	0	0	0	0	0	0	0	0	0	0	
564.940800	8	15	3	0	1	31	2	2878	35	28	33896	6	3	81	0	0	0	0	0	0	0	0	0	0	0	0	0	0	
564.960967	8	3	3	0	1	2	2	3263	677	28	33897	7	3	81	0	0	0	0	0	0	0	0	0	0	0	0	0	0	
565.076167	8	3	3	0	1	2	2	3407	675	28	33904	7	3	81	0	0	0	0	0	0	0	0	0	0	0	0	0	0	
566.081283	8	3	3	0	1	2	2	3650	675	28	33964	7	3	81	0	0	0	0	0	0	0	0	0	0	0	0	0	0	
567.086400	8	3	3	0	1	2	2	3733	675	28	34025	7	3	81	0	0	0	0	0	0	0	0	0	0	0	0	0	0	
568.072800	8	3	3	0	1	2	2	3782	675	28	34084	7	3	81	0	0	0	0	0	0	0	0	0	0	0	0	0	0	
569.079367	8	3	3	0	1	2	2	3811	675	28	34144	7	3	81	0	0	0	0	0	0	0	0	0	0	0	0	0	0	
570.084483	8	3	3	0	1	2	2	3825	674	28	34204	7	3	81	0	0	0	0	0	0	0	0	0	0	0	0	0	0	
571.089600	8	3	3	0	1	2	2	3833	676	28	34265	7	3	81	0	0	0	0	0	0	0	0	0	0	0	0	0	0	
572.076000	8	3	3	0	1	2	2	3841	675	28	34324	7	3	81	0	0	0	0	0	0	0	0	0	0	0	0	0	0	
573.081117	8	3	3	0	1	2	2	3848	674	28	34384	7	3	81	0	0	0	0	0	0	0	0	0	0	0	0	0	0	
574.087683	8	3	3	0	1	2	2	3855	673	28	34444	7	3	81	0	0	0	0	0	0	0	0	0	0	0	0	0	0	
575.072633	8	3	3	0	1	2	2	3862	675	28	34504	7	3	81	0	0	0	0	0	0	0	0	0	0	0	0	0	0	
576.079200	8	3	3	0	1	2	2	3870	676	28	34564	7	3	81	0	0	0	0	0	0	0	0	0	0	0	0	0	0	
577.084317	8	3	3	0	1	2	2	3878	675	28	34624	7	3	81	0	0	0	0	0	0	0	0	0	0	0	0	0	0	
578.089433	8	3	3	0	1	2	2	3885	674	28	34685	7	3	81	0	0	0	0	0	0	0	0	0	0	0	0	0	0	
579.075833	8	3	3	0	1	2	2	3893	675	28	34744	7	3	81	0	0	0	0	0	0	0	0	0	0	0	0	0	0	
580.080967	8	3	3	0	1	2	2	3900	674	28	34804	7	3	81	0	0	0	0	0	0	0	0	0	0	0	0	0	0	
581.086083	8	3	3	0	1	2	2	3908	675	28	34864	7	3	81	0	0	0	0	0	0	0	0	0	0	0	0	0	0	
582.091200	8	3	3	0	1	2	2	3915	675	28	34925	7	3	81	0	0	0	0	0	0	0	0	0	0	0	0	0	0	
583.077600	8	3	3	0	1	2	2	3922	674	28	34984	7	3	81	0	0	0	0	0	0	0	0	0	0	0	0	0	0	
584.082717	8	3	3	0	1	2	2	3928	675	28	35044	7	3	81	0	0	0	0	0	0	0	0	0	0	0	0	0	0	
585.087833	8	3	3	0	1	2	2	3934	675	28	35105	7	3	81	0	0	0	0	0	0	0	0	0	0	0	0	0	0	
586.075683	8	3	3	0	1	2	2	3939	675	28	35164	7	3	81	0	0	0	0	0	0	0	0	0	0	0	0	0	0	
587.080800	8	3	3	0	1	2	2	3943	674	28	35224	7	3	81	0	0	0	0	0	0	0	0	0	0	0	0	0	0	
588.085917	8	3	3	0	1	2	2	3947	675	28	35284	7	3	81	0	0	0	0	0	0	0	0	0	0	0	0	0	0	
589.091033	8	3	3	0	1	2	2	3950	674	28	35345	7	3	81	0	0	0	0	0	0	0	0	0	0	0	0	0	0	
590.077433	8	3	3	0	1	2	2	3954	675	28	35404	7	3	81	0	0	0	0	0	0	0	0	0	0	0	0	0	0	
591.082567	8	3	3	0	1	2	2	3957	675	28	35464	7	3	81	0	0	0	0	0	0	0	0	0	0	0	0	0	0	
592.089117	8	3	3	0	1	2	2	3960	674	28	35524	7	3	81	0	0	0	0	0	0	0	0	0	0	0	0	0	0	
593.074083	8	3	3	0	1	2	2	3964	675	28	35584	7	3	81	0	0	0	0	0	0	0	0	0	0	0	0	0	0	
594.080633	8	3	3	0	1	2	2	3967	674	28	35644	7	3	81	0	0	0	0	0	0	0	0	0	0	0	0	0	0	
595.085767	8	3	3	0	1	2	2	3971	675	28	35704	7	3	81	0	0	0	0	0	0	0	0	0	0	0	0	0	0	
596.090883	8	3	3	0	1	2	2	3974	674	28	35765	7	3	81	0	0	0	0	0	0	0	0	0	0	0	0	0	0	
597.078717	8	3	3	0	1	2	2	3977	674	28	35824	7	3	81	0	0	0	0	0	0	0	0	0	0	0	0	0	0	
598.088167	8	3	3	0	1	2	2	3980	675	28	35884	7	3	81	0	0	0	0	0	0	0	0	0	0	0	0	0	0	
599.093283	8	3	3	0	1	2	2	3984	674	28	35945	7	3	81	0	0	0	0	0	0	0	0	0	0	0	0	0	0	
600.079683	8	3	3	0	1	2	2	3987	674	28	36004	7	3	81	0	0	0	0	0	0	0	0	0	0	0	0	0	0	
601.084800	8	3	3	0	1	2	2	3991	674	28	36064	7	3	81	0	0	0	0	0	0	0	0	0	0	0	0	0	0	
602.089917	8	3	3	0	1	2	2	3994	674	28	36125	7	3	81	0	0	0	0	0	0	0	0	0	0	0	0	0	0	
603.076317	8	3	3	0	1	2	2	3997	674	28	36184	7	3	81	0	0	0	0	0	0	0	0	0	0	0	0	0	0	
604.081433	8	3	3	0	1	2	2	4001	675	28	36244	7	3	81	0	0	0	0	0	0	0	0	0	0	0	0	0	0	
605.086567	8	3	3	0	1	2	2	4004	675	28	36304	7	3	81	0	0	0	0	0	0	0	0	0	0	0	0	0	0	
606.093117	8	3	3	0	1	2	2	4008	674	28	36365	7	3	81	0	0	0	0	0	0	0	0	0	0	0	0	0	0	
607.079517	8	3	3	0	1	2	2	4012	674	28	36424	7	3	81	0	0	0	0	0	0	0	0	0	0	0	0	0	0	
608.084633	8	3	3	0	1	2	2	4015	674	28	36484	7	3	81	0	0	0	0	0	0	0	0	0	0	0	0	0	0	
609.089767	8	3	3	0	1	2	2	4019	674	28	36544	7	3	81	0	0	0	0	0	0	0	0	0	0	0	0	0	0	
610.076167	8	3	3	0	1	2	2	4022	675	28	36604	7	3	81	0	0	0	0	0	0	0	0	0	0	0	0	0	0	
611.081283	8	3	3	0	1	2	2	4026	676	28	36664	7	3	81	0	0	0	0	0	0	0	0	0	0	0	0	0	0	
612.086400	8	3	3	0	1	2	2	4030	674	28	36724	7	3	81	0	0	0	0	0	0	0	0	0	0	0	0	0	0	
613.091517	8	3	3	0	1	2	2	4034	675	28	36785	7	3	81	0	0	0	0	0	0	0	0	0	0	0	0	0	0	
614.077917	8	3	3	0	1	2	2	4038	673	28	36844	7	3	81	0	0	0	0	0	0	0	0	0	0	0	0	0	0	
615.084483	8	3	3	0	1	2	2	4043	674	28	36904	7	3	81	0	0	0	0	0	0	0	0	0	0	0	0	0	0	
616.089600	8	3	3	0	1	2	2	4047	674	28	36964	7	3	81	0	0	0	0	0	0	0	0	0	0	0	0	0	0	
617.094717	8	3	3	0	1	2	2	4052	674	28	37025	7	3	81	0	0	0	0	0	0	0	0	0	0	0	0	0	0	
618.081117	8	3	3	0	1	2	2	4056	675	28	37084	7	3	81	0	0	0	0	0	0	0	0	0	0	0	0	0	0	
619.086233	8	3	3	0	1	2	2	4061	674	28	37144	7	3	81	0	0	0	0	0	0	0	0	0	0	0	0	0	0	
620.091367	8	3	3	0	1	2	2	4066	675	28	37205	7	3	81	0	0	0	0	0	0	0	0	0	0	0	0	0	0	
621.077767	8	3	3	0	1	2	2	4070	674	28	37264	7	3	81	0	0	0	0	0	0	0	0	0	0	0	0	0	0	
622.082883	8	3	3	0	1	2	2	4075	675	28	37324	7	3	81	0	0	0	0	0	0	0	0	0	0	0	0	0	0	
623.088000	8	3	3	0	1	2	2	4081	674	28	37384	7	3	81	0	0	0	0	0	0	0	0	0	0	0	0	0	0	
624.094567	8	3	3	0	1	2	2	4086	675	28	37445	7	3	81	0	0	0	0	0	0	0	0	0	0	0	0	0	0	
625.080967	8	3	3	0	1	2	2	4092	674	28	37504	7	3	81	0	0	0	0	0	0	0	0	0	0	0	0	0	0	
626.086083	8	3	3	0	1	2	2	4097	675	28	37564	7	3	81	0	0	0	0	0	0	0	0	0	0	0	0	0	0	
627.091200	8	3	3	0	1	2	2	4102	674	28	37624	7	3	81	0	0	0	0	0	0	0	0	0	0	0	0	0	0	
628.077600	8	3	3	0	1	2	2	4108	674	28	37684	7	3	81	0	0	0	0	0	0	0	0	0	0	0	0	0	0	
629.082717	8	3	3	0	1	2	2	4114	675	28	37744	7	3	81	0	0	0	0	0	0	0	0	0	0	0	0	0	0	
630.089283	8	3	3	0	1	2	2	4118	667	28	37804	7	3	81	0	0	0	0	0	0	0	0	0	0	0	0	0	0	
631.094400	8	3	3	0	1	2	2	4123	666	28	37865	7	3	81	0	0	0	0	0	0	0	0	0	0	0	0	0	0	
632.080800	8	3	3	0	1	2	2	4129	666	28	37924	7	3	81	0	0	0	0	0	0	0	0	0	0	0	0	0	0	
633.085917	8	3	3	0	1	2	2	4135	665	28	37984	7	3	81	0	0	0	0	0	0	0	0	0	0	0	0	0	0	
634.091033	8	3	3	0	1	2	2	4141	664	28	38044	7	3	81	0	0	0	0	0	0	0	0	0	0	0	0	0	0	
635.077433	8	3	3	0	1	2	2	4147	663	28	38104	7	3	81	0	0	0	0	0	0	0	0	0	0	0	0	0	0	
636.082567	8	3	3	0	1	2	2	4153	662	28	38164	7	3	81	0	0	0	0	0	0	0	0	0	0	0	0	0	0	
637.089117	8	3	3	0	1	2	2	4159	661	28	38224	7	3	81	0	0	0	0	0	0	0	0	0	0	0	0	0	0	
638.094233	8	3	3	0	1	2	2	4166	661	28	38285	7	3	81	0	0	0	0	0	0	0	0	0	0	0	0	0	0	
639.080633	8	3	3	0	1	2	2	4172	659	28	38344	7	3	81	0	0	0	0	0	0	0	0	0	0	0	0	0	0	
640.085767	8	3	3	0	1	2	2	4179	659	28	38404	7	3	81	0	0	0	0	0	0	0	0	0	0	0	0	0	0	
641.090883	8	3	3	0	1	2	2	4185	658	28	38464	7	3	81	0	0	0	0	0	0	0	0	0	0	0	0	0	0	
642.096000	8	3	3	0	1	2	2	4192	657	28	38525	7	3	81	0	0	0	0	0	0	0	0	0	0	0	0	0	0	
643.082400	8	3	3	0	1	2	2	4199	658	28	38584	7	3	81	0	0	0	0	0	0	0	0	0	0	0	0	0	0	
644.087517	8	3	3	0	1	2	2	4198	624	28	38644	7	3	81	0	0	0	0	0	0	0	0	0	0	0	0	0	0	
645.092633	8	3	3	0	1	2	2	4198	599	28	38705	7	3	81	0	0	0	0	0	0	0	0	0	0	0	0	0	0	
646.079033	8	3	3	0	1	2	2	4198	574	28	38764	7	3	81	0	0	0	0	0	0	0	0	0	0	0	0	0	0	
647.085600	8	3	3	0	1	2	2	4198	551	28	38824	7	3	81	0	0	0	0	0	0	0	0	0	0	0	0	0	0	
648.090717	8	3	3	0	1	2	2	4199	528	28	38884	7	3	81	0	0	0	0	0	0	0	0	0	0	0	0	0	0	
649.095833	8	3	3	0	1	2	2	4199	506	28	38945	7	3	81	0	0	0	0	0	0	0	0	0	0	0	0	0	0	
650.082233	8	3	3	0	1	2	2	4198	486	28	39004	7	3	81	0	0	0	0	0	0	0	0	0	0	0	0	0	0	
651.087367	8	3	3	0	1	2	2	4199	466	28	39064	7	3	81	0	0	0	0	0	0	0	0	0	0	0	0	0	0	
652.093917	8	3	3	0	1	2	2	4199	447	28	39124	7	3	81	0	0	0	0	0	0	0	0	0	0	0	0	0	0	
653.080317	8	3	3	0	1	2	2	4199	429	28	39184	7	3	81	0	0	0	0	0	0	0	0	0	0	0	0	0	0	
654.085433	8	3	3	0	1	2	2	4199	411	28	39244	7	3	81	0	0	0	0	0	0	0	0	0	0	0	0	0	0	
655.090567	8	3	3	0	1	2	2	4198	394	28	39304	7	3	81	0	0	0	0	0	0	0	0	0	0	0	0	0	0	
656.095683	8	3	3	0	1	2	2	4199	378	28	39365	7	3	81	0	0	0	0	0	0	0	0	0	0	0	0	0	0	
657.082083	8	3	3	0	1	2	2	4199	362	28	39424	7	3	81	0	0	0	0	0	0	0	0	0	0	0	0	0	0	
658.087200	8	3	3	0	1	2	2	4199	347	28	39484	7	3	81	0	0	0	0	0	0	0	0	0	0	0	0	0	0	
659.092317	8	3	3	0	1	2	2	4198	332	28	39544	7	3	81	0	0	0	0	0	0	0	0	0	0	0	0	0	0	
660.078717	8	3	3	0	1	2	2	4198	318	28	39604	7	3	81	0	0	0	0	0	0	0	0	0	0	0	0	0	0	
661.085283	8	3	3	0	1	2	2	4199	306	28	39664	7	3	81	0	0	0	0	0	0	0	0	0	0	0	0	0	0	
662.090400	8	3	3	0	1	2	2	4198	293	28	39724	7	3	81	0	0	0	0	0	0	0	0	0	0	0	0	0	0	
663.095517	8	3	3	0	1	2	2	4199	281	28	39785	7	3	81	0	0	0	0	0	0	0	0	0	0	0	0	0	0	
664.081917	8	3	3	0	1	2	2	4198	270	28	39844	7	3	81	0	0	0	0	0	0	0	0	0	0	0	0	0	0	
665.087033	8	3	3	0	1	2	2	4199	259	28	39904	7	3	81	0	0	0	0	0	0	0	0	0	0	0	0	0	0	
666.092167	8	3	3	0	1	2	2	4198	249	28	39964	7	3	81	0	0	0	0	0	0	0	0	0	0	0	0	0	0	
667.097283	8	3	3	0	1	2	2	4199	239	28	40025	7	3	81	0	0	0	0	0	0	0	0	0	0	0	0	0	0	
668.085117	8	3	3	0	1	2	2	4199	229	28	40084	7	3	81	0	0	0	0	0	0	0	0	0	0	0	0	0	0	
669.090233	8	3	3	0	1	2	2	4199	220	28	40144	7	3	81	0	0	0	0	0	0	0	0	0	0	0	0	0	0	
670.079517	8	3	3	0	1	2	2	4198	211	28	40204	7	3	81	0	0	0	0	0	0	0	0	0	0	0	0	0	0	
671.086083	8	3	3	0	1	2	2	4198	202	28	40264	7	3	81	0	0	0	0	0	0	0	0	0	0	0	0	0	0	
672.091200	8	3	3	0	1	2	2	4198	196	28	40324	7	3	81	0	0	0	0	0	0	0	0	0	0	0	0	0	0	
673.096317	8	3	3	0	1	2	2	4199	188	28	40385	7	3	81	0	0	0	0	0	0	0	0	0	0	0	0	0	0	
674.082717	8	3	3	0	1	2	2	4199	181	28	40444	7	3	81	0	0	0	0	0	0	0	0	0	0	0	0	0	0	
675.087833	8	3	3	0	1	2	2	4198	173	28	40504	7	3	81	0	0	0	0	0	0	0	0	0	0	0	0	0	0	
676.092967	8	3	3	0	1	2	2	4198	167	28	40564	7	3	81	0	0	0	0	0	0	0	0	0	0	0	0	0	0	
677.098083	8	3	3	0	1	2	2	4198	159	28	40625	7	3	81	0	0	0	0	0	0	0	0	0	0	0	0	0	0	
678.084483	8	3	3	0	1	2	2	4198	154	28	40684	7	3	81	0	0	0	0	0	0	0	0	0	0	0	0	0	0	
679.091033	8	3	3	0	1	2	2	4199	148	28	40744	7	3	81	0	0	0	0	0	0	0	0	0	0	0	0	0	0	
680.096167	8	3	3	0	1	2	2	4198	142	28	40804	7	3	81	0	0	0	0	0	0	0	0	0	0	0	0	0	0	
681.082567	8	3	3	0	1	2	2	4199	137	28	40864	7	3	81	0	0	0	0	0	0	0	0	0	0	0	0	0	0	
682.087683	8	3	3	0	1	2	2	4198	131	28	40924	7	3	81	0	0	0	0	0	0	0	0	0	0	0	0	0	0	
683.092800	8	3	3	0	1	2	2	4198	127	28	40984	7	3	81	0	0	0	0	0	0	0	0	0	0	0	0	0	0	
684.097917	8	3	3	0	1	2	2	4198	121	28	41045	7	3	81	0	0	0	0	0	0	0	0	0	0	0	0	0	0	
685.084317	8	3	3	0	1	2	2	4198	117	28	41104	7	3	81	0	0	0	0	0	0	0	0	0	0	0	0	0	0	
686.089433	8	3	3	0	1	2	2	4198	112	28	41164	7	3	81	0	0	0	0	0	0	0	0	0	0	0	0	0	0	
687.096000	8	3	3	0	1	2	2	4198	108	28	41224	7	3	81	0	0	0	0	0	0	0	0	0	0	0	0	0	0	
688.082400	8	3	3	0	1	2	2	4198	104	28	41284	7	3	81	0	0	0	0	0	0	0	0	0	0	0	0	0	0	
689.087517	8	3	3	0	1	2	2	4198	100	28	41344	7	3	81	0	0	0	0	0	0	0	0	0	0	0	0	0	0	
690.092633	8	3	3	0	1	2	2	4198	96	28	41404	7	3	81	0	0	0	0	0	0	0	0	0	0	0	0	0	0	
691.097767	8	3	3	0	1	2	2	4198	92	28	41465	7	3	81	0	0	0	0	0	0	0	0	0	0	0	0	0	0	
692.084167	8	3	3	0	1	2	2	4198	89	28	41524	7	3	81	0	0	0	0	0	0	0	0	0	0	0	0	0	0	
693.089283	8	3	3	0	1	2	2	4198	87	28	41584	7	3	81	0	0	0	0	0	0	0	0	0	0	0	0	0	0	
694.094400	8	3	3	0	1	2	2	4199	83	28	41644	7	3	81	0	0	0	0	0	0	0	0	0	0	0	0	0	0	
695.100967	8	3	3	0	1	2	2	4199	79	28	41705	7	3	81	0	0	0	0	0	0	0	0	0	0	0	0	0	0	
696.087367	8	3	3	0	1	2	2	4198	77	28	41764	7	3	81	0	0	0	0	0	0	0	0	0	0	0	0	0	0	
697.092483	8	3	3	0	1	2	2	4198	74	28	41824	7	3	81	0	0	0	0	0	0	0	0	0	0	0	0	0	0	
698.097600	8	3	3	0	1	2	2	4198	70	28	41885	7	3	81	0	0	0	0	0	0	0	0	0	0	0	0	0	0	
699.084000	8	3	3	0	1	2	2	4198	68	28	41944	7	3	81	0	0	0	0	0	0	0	0	0	0	0	0	0	0	
699.655683	8	6	3	0	2	7	1	3907	-1348	28	41978	7	4	0	0	0	0	0	0	0	0	0	0	0	0	0	0	0	
700.090567	8	6	3	0	2	7	1	3868	-1350	28	42004	7	4	0	0	0	0	0	0	0	0	0	0	0	0	0	0	0	
701.095683	8	6	3	0	2	7	1	3822	-1350	28	42064	7	4	2	0	0	0	0	0	0	0	0	0	0	0	0	0	0	
702.084967	8	6	3	0	2	7	1	3677	-1351	28	42124	7	4	4	0	0	0	0	0	0	0	0	0	0	0	0	0	0	
703.090083	8	6	3	0	2	7	1	3783	-1349	28	42184	7	4	5	0	0	0	0	0	0	0	0	0	0	0	0	0	0	
704.095200	8	6	3	0	2	7	1	3775	-1349	28	42244	7	4	7	0	0	0	0	0	0	0	0	0	0	0	0	0	0	
705.100317	8	6	3	0	2	7	1	3758	-1349	28	42305	7	4	8	0	0	0	0	0	0	0	0	0	0	0	0	0	0	
706.088167	8	6	3	0	2	7	1	3742	-1350	28	42364	7	4	10	0	0	0	0	0	0	0	0	0	0	0	0	0	0	
707.093283	8	6	3	0	2	7	1	3725	-1349	28	42424	7	4	12	0	0	0	0	0	0	0	0	0	0	0	0	0	0	
708.098400	8	6	3	0	2	7	1	3709	-1349	28	42485	7	4	13	0	0	0	0	0	0	0	0	0	0	0	0	0	0	
709.084800	8	6	3	0	2	7	1	3694	-1350	28	42544	7	4	15	0	0	0	0	0	0	0	0	0	0	0	0	0	0	
710.089917	8	6	3	0	2	7	1	3679	-1349	28	42604	7	4	17	0	0	0	0	0	0	0	0	0	0	0	0	0	0	
711.095033	8	6	3	0	2	7	1	3664	-1350	28	42664	7	4	18	0	0	0	0	0	0	0	0	0	0	0	0	0	0	
712.101600	8	6	3	0	2	7	1	3649	-1350	28	42725	7	4	20	0	0	0	0	0	0	0	0	0	0	0	0	0	0	
713.086567	8	6	3	0	2	7	1	3634	-1351	28	42784	7	4	22	0	0	0	0	0	0	0	0	0	0	0	0	0	0	
714.093117	8	6	3	0	2	7	1	3620	-1349	28	42844	7	4	23	0	0	0	0	0	0	0	0	0	0	0	0	0	0	
715.098233	8	6	3	0	2	7	1	3605	-1348	28	42904	7	4	25	0	0	0	0	0	0	0	0	0	0	0	0	0	0	
716.084633	8	6	3	0	2	7	1	3592	-1349	28	42964	7	4	27	0	0	0	0	0	0	0	0	0	0	0	0	0	0	
717.089767	8	6	3	0	2	7	1	3579	-1348	28	43024	7	4	28	0	0	0	0	0	0	0	0	0	0	0	0	0	0	
718.094883	8	6	3	0	2	7	1	3566	-1349	28	43084	7	4	30	0	0	0	0	0	0	0	0	0	0	0	0	0	0	
719.100000	8	6	3	0	2	7	1	3553	-1350	28	43145	7	4	32	0	0	0	0	0	0	0	0	0	0	0	0	0	0	
720.086400	8	6	3	0	2	7	1	3541	-1351	28	43204	7	4	33	0	0	0	0	0	0	0	0	0	0	0	0	0	0	
721.092967	8	6	3	0	2	7	1	3529	-1350	28	43264	7	4	35	0	0	0	0	0	0	0	0	0	0	0	0	0	0	
722.098083	8	6	3	0	2	7	1	3518	-1349	28	43324	7	4	37	0	0	0	0	0	0	0	0	0	0	0	0	0	0	
723.084483	8	6	3	0	2	7	1	3507	-1349	28	43384	7	4	38	0	0	0	0	0	0	0	0	0	0	0	0	0	0	
724.089600	8	6	3	0	2	7	1	3496	-1349	28	43444	7	4	40	0	0	0	0	0	0	0	0	0	0	0	0	0	0	
725.094717	8	6	3	0	2	7	1	3486	-1350	28	43504	7	4	42	0	0	0	0	0	0	0	0	0	0	0	0	0	0	
726.099833	8	6	3	0	2	7	1	3475	-1350	28	43565	7	4	43	0	0	0	0	0	0	0	0	0	0	0	0	0	0	
727.086233	8	6	3	0	2	7	1	3466	-1349	28	43624	7	4	45	0	0	0	0	0	0	0	0	0	0	0	0	0	0	
728.091367	8	6	3	0	2	7	1	3457	-1351	28	43684	7	4	46	0	0	0	0	0	0	0	0	0	0	0	0	0	0	
729.096483	8	6	3	0	2	7	1	3448	-1349	28	43744	7	4	48	0	0	0	0	0	0	0	0	0	0	0	0	0	0	
730.103033	8	6	3	0	2	7	1	3440	-1349	28	43805	7	4	50	0	0	0	0	0	0	0	0	0	0	0	0	0	0	
731.089433	8	6	3	0	2	7	1	3432	-1349	28	43864	7	4	51	0	0	0	0	0	0	0	0	0	0	0	0	0	0	
732.096000	8	6	3	0	2	7	1	3424	-1350	28	43924	7	4	53	0	0	0	0	0	0	0	0	0	0	0	0	0	0	
733.101117	8	6	3	0	2	7	1	3418	-1349	28	43985	7	4	55	0	0	0	0	0	0	0	0	0	0	0	0	0	0	
734.087517	8	6	3	0	2	7	1	3411	-1349	28	44044	7	4	56	0	0	0	0	0	0	0	0	0	0	0	0	0	0	
735.092633	8	6	3	0	2	7	1	3404	-1348	28	44104	7	4	58	0	0	0	0	0	0	0	0	0	0	0	0	0	0	
736.097767	8	6	3	0	2	7	1	3398	-1351	28	44164	7	4	60	0	0	0	0	0	0	0	0	0	0	0	0	0	0	
737.104317	8	6	3	0	2	7	1	3391	-1349	28	44225	7	4	61	0	0	0	0	0	0	0	0	0	0	0	0	0	0	
738.090717	8	6	3	0	2	7	1	3384	-1349	28	44284	7	4	63	0	0	0	0	0	0	0	0	0	0	0	0	0	0	
739.095833	8	6	3	0	2	7	1	3377	-1350	28	44344	7	4	65	0	0	0	0	0	0	0	0	0	0	0	0	0	0	
740.100967	8	6	3	0	2	7	1	3368	-1349	28	44405	7	4	66	0	0	0	0	0	0	0	0	0	0	0	0	0	0	
741.087367	8	6	3	0	2	7	1	3358	-1350	28	44464	7	4	68	0	0	0	0	0	0	0	0	0	0	0	0	0	0	
742.092483	8	6	3	0	2	7	1	3345	-1348	28	44524	7	4	70	0	0	0	0	0	0	0	0	0	0	0	0	0	0	
743.097600	8	6	3	0	2	7	1	3330	-1350	28	44584	7	4	71	0	0	0	0	0	0	0	0	0	0	0	0	0	0	
744.102717	8	6	3	0	2	7	1	3310	-1351	28	44645	7	4	73	0	0	0	0	0	0	0	0	0	0	0	0	0	0	
745.089117	8	6	3	0	2	7	1	3284	-1349	28	44704	7	4	75	0	0	0	0	0	0	0	0	0	0	0	0	0	0	
746.095683	8	6	3	0	2	7	1	3245	-1349	28	44764	7	4	76	0	0	0	0	0	0	0	0	0	0	0	0	0	0	
747.100800	8	6	3	0	2	7	1	3180	-1349	28	44824	7	4	78	0	0	0	0	0	0	0	0	0	0	0	0	0	0	
748.087200	8	6	3	0	2	7	1	3063	-1349	28	44884	7	4	80	0	0	0	0	0	0	0	0	0	0	0	0	0	0	
749.092317	8	6	3	0	2	7	1	2779	-1351	28	44944	7	4	81	0	0	0	0	0	0	0	0	0	0	0	0	0	0	
749.306883	8	15	3	0	1	31	2	3201	540	28	44957	9	4	82	0	0	0	0	0	0	0	0	0	0	0	0	0	0	
749.327033	8	3	3	0	1	2	2	3304	676	28	44958	9	4	82	0	0	0	0	0	0	0	0	0	0	0	0	0	0	
750.101767	8	3	3	0	1	2	2	3607	674	28	45005	9	4	82	0	0	0	0	0	0	0	0	0	0	0	0	0	0	
751.088167	8	3	3	0	1	2	2	3708	675	28	45064	9	4	82	0	0	0	0	0	0	0	0	0	0	0	0	0	0	
752.093283	8	3	3	0	1	2	2	3765	674	28	45124	9	4	82	0	0	0	0	0	0	0	0	0	0	0	0	0	0	
753.098400	8	3	3	0	1	2	2	3798	674	28	45184	9	4	82	0	0	0	0	0	0	0	0	0	0	0	0	0	0	
754.103517	8	3	3	0	1	2	2	3815	674	28	45245	9	4	82	0	0	0	0	0	0	0	0	0	0	0	0	0	0	
755.089917	8	3	3	0	1	2	2	3825	675	28	45304	9	4	82	0	0	0	0	0	0	0	0	0	0	0	0	0	0	
756.095033	8	3	3	0	1	2	2	3835	674	28	45364	9	4	82	0	0	0	0	0	0	0	0	0	0	0	0	0	0	
757.101600	8	3	3	0	1	2	2	3843	674	28	45424	9	4	82	0	0	0	0	0	0	0	0	0	0	0	0	0	0	
758.088000	8	3	3	0	1	2	2	3849	676	28	45484	9	4	82	0	0	0	0	0	0	0	0	0	0	0	0	0	0	
759.093117	8	3	3	0	1	2	2	3856	674	28	45544	9	4	82	0	0	0	0	0	0	0	0	0	0	0	0	0	0	
760.098233	8	3	3	0	1	2	2	3863	674	28	45604	9	4	82	0	0	0	0	0	0	0	0	0	0	0	0	0	0	
761.103367	8	3	3	0	1	2	2	3870	674	28	45665	9	4	82	0	0	0	0	0	0	0	0	0	0	0	0	0	0	
762.089767	8	3	3	0	1	2	2	3877	674	28	45724	9	4	82	0	0	0	0	0	0	0	0	0	0	0	0	0	0	
763.094883	8	3	3	0	1	2	2	3883	674	28	45784	9	4	82	0	0	0	0	0	0	0	0	0	0	0	0	0	0	
764.100000	8	3	3	0	1	2	2	3890	675	28	45844	9	4	82	0	0	0	0	0	0	0	0	0	0	0	0	0	0	
765.106567	8	3	3	0	1	2	2	3897	674	28	45905	9	4	82	0	0	0	0	0	0	0	0	0	0	0	0	0	0	
766.092967	8	3	3	0	1	2	2	3903	675	28	45964	9	4	82	0	0	0	0	0	0	0	0	0	0	0	0	0	0	
767.098083	8	3	3	0	1	2	2	3909	675	28	46024	9	4	82	0	0	0	0	0	0	0	0	0	0	0	0	0	0	
768.103200	8	3	3	0	1	2	2	3915	674	28	46085	9	4	82	0	0	0	0	0	0	0	0	0	0	0	0	0	0	
769.089600	8	3	3	0	1	2	2	3920	674	28	46144	9	4	82	0	0	0	0	0	0	0	0	0	0	0	0	0	0	
770.094717	8	3	3	0	1	2	2	3924	675	28	46204	9	4	82	0	0	0	0	0	0	0	0	0	0	0	0	0	0	
771.099833	8	3	3	0	1	2	2	3928	674	28	46264	9	4	82	0	0	0	0	0	0	0	0	0	0	0	0	0	0	
772.104967	8	3	3	0	1	2	2	3932	675	28	46325	9	4	82	0	0	0	0	0	0	0	0	0	0	0	0	0	0	
773.091367	8	3	3	0	1	2	2	3935	674	28	46384	9	4	82	0	0	0	0	0	0	0	0	0	0	0	0	0	0	
774.096483	8	3	3	0	1	2	2	3939	674	28	46444	9	4	82	0	0	0	0	0	0	0	0	0	0	0	0	0	0	
775.103033	8	3	3	0	1	2	2	3942	674	28	46504	9	4	82	0	0	0	0	0	0	0	0	0	0	0	0	0	0	
776.089433	8	3	3	0	1	2	2	3946	675	28	46564	9	4	82	0	0	0	0	0	0	0	0	0	0	0	0	0	0	
777.094567	8	3	3	0	1	2	2	3949	674	28	46624	9	4	82	0	0	0	0	0	0	0	0	0	0	0	0	0	0	
778.099683	8	3	3	0	1	2	2	3952	675	28	46684	9	4	82	0	0	0	0	0	0	0	0	0	0	0	0	0	0	
779.104800	8	3	3	0	1	2	2	3955	675	28	46745	9	4	82	0	0	0	0	0	0	0	0	0	0	0	0	0	0	
780.091200	8	3	3	0	1	2	2	3959	674	28	46804	9	4	82	0	0	0	0	0	0	0	0	0	0	0	0	0	0	
781.096317	8	3	3	0	1	2	2	3962	675	28	46864	9	4	82	0	0	0	0	0	0	0	0	0	0	0	0	0	0	
782.101433	8	3	3	0	1	2	2	3966	675	28	46924	9	4	82	0	0	0	0	0	0	0	0	0	0	0	0	0	0	
783.089283	8	3	3	0	1	2	2	3969	675	28	46984	9	4	82	0	0	0	0	0	0	0	0	0	0	0	0	0	0	
784.094400	8	3	3	0	1	2	2	3972	675	28	47044	9	4	82	0	0	0	0	0	0	0	0	0	0	0	0	0	0	
785.099517	8	3	3	0	1	2	2	3976	675	28	47104	9	4	82	0	0	0	0	0	0	0	0	0	0	0	0	0	0	
786.104633	8	3	3	0	1	2	2	3979	675	28	47165	9	4	82	0	0	0	0	0	0	0	0	0	0	0	0	0	0	
787.091033	8	3	3	0	1	2	2	3982	675	28	47224	9	4	82	0	0	0	0	0	0	0	0	0	0	0	0	0	0	
788.096167	8	3	3	0	1	2	2	3986	674	28	47284	9	4	82	0	0	0	0	0	0	0	0	0	0	0	0	0	0	
789.102717	8	3	3	0	1	2	2	3989	674	28	47344	9	4	82	0	0	0	0	0	0	0	0	0	0	0	0	0	0	
790.107833	8	3	3	0	1	2	2	3993	675	28	47405	9	4	82	0	0	0	0	0	0	0	0	0	0	0	0	0	0	
791.094233	8	3	3	0	1	2	2	3996	675	28	47464	9	4	82	0	0	0	0	0	0	0	0	0	0	0	0	0	0	
792.100800	8	3	3	0	1	2	2	4000	675	28	47524	9	4	82	0	0	0	0	0	0	0	0	0	0	0	0	0	0	
793.105917	8	3	3	0	1	2	2	4004	675	28	47585	9	4	82	0	0	0	0	0	0	0	0	0	0	0	0	0	0	
794.092317	8	3	3	0	1	2	2	4007	675	28	47644	9	4	82	0	0	0	0	0	0	0	0	0	0	0	0	0	0	
795.098883	8	3	3	0	1	2	2	4011	674	28	47704	9	4	82	0	0	0	0	0	0	0	0	0	0	0	0	0	0	
796.104000	8	3	3	0	1	2	2	4015	675	28	47764	9	4	82	0	0	0	0	0	0	0	0	0	0	0	0	0	0	
797.090400	8	3	3	0	1	2	2	4019	674	28	47824	9	4	82	0	0	0	0	0	0	0	0	0	0	0	0	0	0	
798.095517	8	3	3	0	1	2	2	4023	674	28	47884	9	4	82	0	0	0	0	0	0	0	0	0	0	0	0	0	0	
799.100633	8	3	3	0	1	2	2	4027	675	28	47944	9	4	82	0	0	0	0	0	0	0	0	0	0	0	0	0	0	
800.105767	8	3	3	0	1	2	2	4032	675	28	48005	9	4	82	0	0	0	0	0	0	0	0	0	0	0	0	0	0	
801.092167	8	3	3	0	1	2	2	4036	675	28	48064	9	4	82	0	0	0	0	0	0	0	0	0	0	0	0	0	0	
802.098717	8	3	3	0	1	2	2	4041	674	28	48124	9	4	82	0	0	0	0	0	0	0	0	0	0	0	0	0	0	
803.103833	8	3	3	0	1	2	2	4045	675	28	48184	9	4	82	0	0	0	0	0	0	0	0	0	0	0	0	0	0	
804.108967	8	3	3	0	1	2	2	4050	676	28	48245	9	4	82	0	0	0	0	0	0	0	0	0	0	0	0	0	0	
805.095367	8	3	3	0	1	2	2	4055	674	28	48304	9	4	82	0	0	0	0	0	0	0	0	0	0	0	0	0	0	
806.100483	8	3	3	0	1	2	2	4060	674	28	48364	9	4	82	0	0	0	0	0	0	0	0	0	0	0	0	0	0	
807.105600	8	3	3	0	1	2	2	4065	675	28	48425	9	4	82	0	0	0	0	0	0	0	0	0	0	0	0	0	0	
808.092000	8	3	3	0	1	2	2	4070	674	28	48484	9	4	82	0	0	0	0	0	0	0	0	0	0	0	0	0	0	
809.098567	8	3	3	0	1	2	2	4075	674	28	48544	9	4	82	0	0	0	0	0	0	0	0	0	0	0	0	0	0	
810.103683	8	3	3	0	1	2	2	4081	674	28	48604	9	4	82	0	0	0	0	0	0	0	0	0	0	0	0	0	0	
811.108800	8	3	3	0	1	2	2	4086	675	28	48665	9	4	82	0	0	0	0	0	0	0	0	0	0	0	0	0	0	
812.095200	8	3	3	0	1	2	2	4092	675	28	48724	9	4	82	0	0	0	0	0	0	0	0	0	0	0	0	0	0	
813.103200	8	3	3	0	1	2	2	4098	676	28	48784	9	4	82	0	0	0	0	0	0	0	0	0	0	0	0	0	0	
814.109767	8	3	3	0	1	2	2	4103	674	28	48845	9	4	82	0	0	0	0	0	0	0	0	0	0	0	0	0	0	
815.096167	8	3	3	0	1	2	2	4110	675	28	48904	9	4	82	0	0	0	0	0	0	0	0	0	0	0	0	0	0	
816.101283	8	3	3	0	1	2	2	4115	674	28	48964	9	4	82	0	0	0	0	0	0	0	0	0	0	0	0	0	0	
817.106400	8	3	3	0	1	2	2	4120	667	28	49024	9	4	82	0	0	0	0	0	0	0	0	0	0	0	0	0	0	
818.095683	8	3	3	0	1	2	2	4126	665	28	49084	9	4	82	0	0	0	0	0	0	0	0	0	0	0	0	0	0	
819.102233	8	3	3	0	1	2	2	4132	665	28	49144	9	4	82	0	0	0	0	0	0	0	0	0	0	0	0	0	0	
820.107367	8	3	3	0	1	2	2	4138	664	28	49205	9	4	82	0	0	0	0	0	0	0	0	0	0	0	0	0	0	
821.093767	8	3	3	0	1	2	2	4144	664	28	49264	9	4	82	0	0	0	0	0	0	0	0	0	0	0	0	0	0	
822.098883	8	3	3	0	1	2	2	4151	664	28	49324	9	4	82	0	0	0	0	0	0	0	0	0	0	0	0	0	0	
823.104000	8	3	3	0	1	2	2	4157	663	28	49384	9	4	82	0	0	0	0	0	0	0	0	0	0	0	0	0	0	
824.109117	8	3	3	0	1	2	2	4164	661	28	49445	9	4	82	0	0	0	0	0	0	0	0	0	0	0	0	0	0	
825.095517	8	3	3	0	1	2	2	4170	660	28	49504	9	4	82	0	0	0	0	0	0	0	0	0	0	0	0	0	0	
826.100633	8	3	3	0	1	2	2	4177	660	28	49564	9	4	82	0	0	0	0	0	0	0	0	0	0	0	0	0	0	
827.107200	8	3	3	0	1	2	2	4184	659	28	49624	9	4	82	0	0	0	0	0	0	0	0	0	0	0	0	0	0	
828.093600	8	3	3	0	1	2	2	4191	658	28	49684	9	4	82	0	0	0	0	0	0	0	0	0	0	0	0	0	0	
829.098717	8	3	3	0	1	2	2	4198	658	28	49744	9	4	82	0	0	0	0	0	0	0	0	0	0	0	0	0	0	
830.103833	8	3	3	0	1	2	2	4198	626	28	49804	9	4	82	0	0	0	0	0	0	0	0	0	0	0	0	0	0	
831.108967	8	3	3	0	1	2	2	4198	596	28	49865	9	4	82	0	0	0	0	0	0	0	0	0	0	0	0	0	0	
832.096800	8	3	3	0	1	2	2	4199	569	28	49924	9	4	82	0	0	0	0	0	0	0	0	0	0	0	0	0	0	
833.101917	8	3	3	0	1	2	2	4198	544	28	49984	9	4	82	0	0	0	0	0	0	0	0	0	0	0	0	0	0	
834.107033	8	3	3	0	1	2	2	4199	519	28	50044	9	4	82	0	0	0	0	0	0	0	0	0	0	0	0	0	0	
835.093433	8	3	3	0	1	2	2	4199	496	28	50104	9	4	82	0	0	0	0	0	0	0	0	0	0	0	0	0	0	
836.098567	8	3	3	0	1	2	2	4199	475	28	50164	9	4	82	0	0	0	0	0	0	0	0	0	0	0	0	0	0	
837.103683	8	3	3	0	1	2	2	4198	454	28	50224	9	4	82	0	0	0	0	0	0	0	0	0	0	0	0	0	0	
838.108800	8	3	3	0	1	2	2	4199	433	28	50285	9	4	82	0	0	0	0	0	0	0	0	0	0	0	0	0	0	
839.095200	8	3	3	0	1	2	2	4199	414	28	50344	9	4	82	0	0	0	0	0	0	0	0	0	0	0	0	0	0	
840.100317	8	3	3	0	1	2	2	4199	396	28	50404	9	4	82	0	0	0	0	0	0	0	0	0	0	0	0	0	0	
841.106883	8	3	3	0	1	2	2	4199	378	28	50464	9	4	82	0	0	0	0	0	0	0	0	0	0	0	0	0	0	
842.112000	8	3	3	0	1	2	2	4199	361	28	50525	9	4	82	0	0	0	0	0	0	0	0	0	0	0	0	0	0	
843.098400	8	3	3	0	1	2	2	4199	344	28	50584	9	4	82	0	0	0	0	0	0	0	0	0	0	0	0	0	0	
844.103517	8	3	3	0	1	2	2	4199	330	28	50644	9	4	82	0	0	0	0	0	0	0	0	0	0	0	0	0	0	
845.108633	8	3	3	0	1	2	2	4198	315	28	50705	9	4	82	0	0	0	0	0	0	0	0	0	0	0	0	0	0	
846.095033	8	3	3	0	1	2	2	4198	302	28	50764	9	4	82	0	0	0	0	0	0	0	0	0	0	0	0	0	0	
847.101600	8	3	3	0	1	2	2	4199	288	28	50824	9	4	82	0	0	0	0	0	0	0	0	0	0	0	0	0	0	
848.106717	8	3	3	0	1	2	2	4199	276	28	50884	9	4	82	0	0	0	0	0	0	0	0	0	0	0	0	0	0	
849.111833	8	3	3	0	1	2	2	4199	264	28	50945	9	4	82	0	0	0	0	0	0	0	0	0	0	0	0	0	0	
850.098233	8	3	3	0	1	2	2	4198	253	28	51004	9	4	82	0	0	0	0	0	0	0	0	0	0	0	0	0	0	
851.103367	8	3	3	0	1	2	2	4199	242	28	51064	9	4	82	0	0	0	0	0	0	0	0	0	0	0	0	0	0	
852.108483	8	3	3	0	1	2	2	4199	230	28	51124	9	4	82	0	0	0	0	0	0	0	0	0	0	0	0	0	0	
853.094883	8	3	3	0	1	2	2	4199	221	28	51184	9	4	82	0	0	0	0	0	0	0	0	0	0	0	0	0	0	
854.100000	8	3	3	0	1	2	2	4198	212	28	51244	9	4	82	0	0	0	0	0	0	0	0	0	0	0	0	0	0	
855.106567	8	3	3	0	1	2	2	4198	203	28	51304	9	4	82	0	0	0	0	0	0	0	0	0	0	0	0	0	0	
856.111683	8	3	3	0	1	2	2	4199	194	28	51365	9	4	82	0	0	0	0	0	0	0	0	0	0	0	0	0	0	
857.098083	8	3	3	0	1	2	2	4198	186	28	51424	9	4	82	0	0	0	0	0	0	0	0	0	0	0	0	0	0	
858.103200	8	3	3	0	1	2	2	4199	177	28	51484	9	4	82	0	0	0	0	0	0	0	0	0	0	0	0	0	0	
859.108317	8	3	3	0	1	2	2	4199	171	28	51544	9	4	82	0	0	0	0	0	0	0	0	0	0	0	0	0	0	
860.094717	8	3	3	0	1	2	2	4199	164	28	51604	9	4	82	0	0	0	0	0	0	0	0	0	0	0	0	0	0	
861.099833	8	3	3	0	1	2	2	4199	157	28	51664	9	4	82	0	0	0	0	0	0	0	0	0	0	0	0	0	0	
862.104967	8	3	3	0	1	2	2	4199	150	28	51724	9	4	82	0	0	0	0	0	0	0	0	0	0	0	0	0	0	
863.111517	8	3	3	0	1	2	2	4198	143	28	51785	9	4	82	0	0	0	0	0	0	0	0	0	0	0	0	0	0	
864.097917	8	3	3	0	1	2	2	4198	138	28	51844	9	4	82	0	0	0	0	0	0	0	0	0	0	0	0	0	0	
865.105917	8	3	3	0	1	2	2	4198	132	28	51904	9	4	82	0	0	0	0	0	0	0	0	0	0	0	0	0	0	
866.111033	8	3	3	0	1	2	2	4198	127	28	51965	9	4	82	0	0	0	0	0	0	0	0	0	0	0	0	0	0	
867.097433	8	3	3	0	1	2	2	4198	121	28	52024	9	4	82	0	0	0	0	0	0	0	0	0	0	0	0	0	0	
868.104000	8	3	3	0	1	2	2	4198	118	28	52084	9	4	82	0	0	0	0	0	0	0	0	0	0	0	0	0	0	
869.109117	8	3	3	0	1	2	2	4198	112	28	52144	9	4	82	0	0	0	0	0	0	0	0	0	0	0	0	0	0	
870.114233	8	3	3	0	1	2	2	4198	108	28	52205	9	4	82	0	0	0	0	0	0	0	0	0	0	0	0	0	0	
871.100633	8	3	3	0	1	2	2	4199	104	28	52264	9	4	82	0	0	0	0	0	0	0	0	0	0	0	0	0	0	
872.105767	8	3	3	0	1	2	2	4199	98	28	52324	9	4	82	0	0	0	0	0	0	0	0	0	0	0	0	0	0	
873.110883	8	3	3	0	1	2	2	4198	95	28	52385	9	4	82	0	0	0	0	0	0	0	0	0	0	0	0	0	0	
874.097283	8	3	3	0	1	2	2	4198	91	28	52444	9	4	82	0	0	0	0	0	0	0	0	0	0	0	0	0	0	
875.102400	8	3	3	0	1	2	2	4198	87	28	52504	9	4	82	0	0	0	0	0	0	0	0	0	0	0	0	0	0	
876.108967	8	3	3	0	1	2	2	4198	84	28	52564	9	4	82	0	0	0	0	0	0	0	0	0	0	0	0	0	0	
877.114083	8	3	3	0	1	2	2	4198	81	28	52625	9	4	82	0	0	0	0	0	0	0	0	0	0	0	0	0	0	
878.100483	8	3	3	0	1	2	2	4199	77	28	52684	9	4	82	0	0	0	0	0	0	0	0	0	0	0	0	0	0	
879.105600	8	3	3	0	1	2	2	4198	75	28	52744	9	4	82	0	0	0	0	0	0	0	0	0	0	0	0	0	0	
880.110717	8	3	3	0	1	2	2	4199	71	28	52804	9	4	82	0	0	0	0	0	0	0	0	0	0	0	0	0	0	
881.097117	8	3	3	0	1	2	2	4198	69	28	52864	9	4	82	0	0	0	0	0	0	0	0	0	0	0	0	0	0	
882.027367	8	6	3	0	2	7	1	3940	-1350	28	52919	9	5	0	0	0	0	0	0	0	0	0	0	0	0	0	0	0	
882.103683	8	6	3	0	2	7	1	3927	-1349	28	52924	9	5	0	0	0	0	0	0	0	0	0	0	0	0	0	0	0	
883.110233	8	6	3	0	2	7	1	3866	-1350	28	52984	9	5	1	0	0	0	0	0	0	0	0	0	0	0	0	0	0	
884.115367	8	6	3	0	2	7	1	3821	-1350	28	53045	9	5	3	0	0	0	0	0	0	0	0	0	0	0	0	0	0	
885.101767	8	6	3	0	2	7	1	3784	-1349	28	53104	9	5	5	0	0	0	0	0	0	0	0	0	0	0	0	0	0	
886.106883	8	6	3	0	2	7	1	3748	-1350	28	53164	9	5	6	0	0	0	0	0	0	0	0	0	0	0	0	0	0	
887.112000	8	6	3	0	2	7	1	3637	-1350	28	53225	9	5	8	0	0	0	0	0	0	0	0	0	0	0	0	0	0	
888.098400	8	6	3	0	2	7	1	3730	-1350	28	53284	9	5	9	0	0	0	0	0	0	0	0	0	0	0	0	0	0	
889.104967	8	6	3	0	2	7	1	3723	-1349	28	53344	9	5	11	0	0	0	0	0	0	0	0	0	0	0	0	0	0	
890.110083	8	6	3	0	2	7	1	3707	-1348	28	53404	9	5	13	0	0	0	0	0	0	0	0	0	0	0	0	0	0	
891.115200	8	6	3	0	2	7	1	3690	-1350	28	53465	9	5	14	0	0	0	0	0	0	0	0	0	0	0	0	0	0	
892.101600	8	6	3	0	2	7	1	3674	-1351	28	53524	9	5	16	0	0	0	0	0	0	0	0	0	0	0	0	0	0	
893.106717	8	6	3	0	2	7	1	3658	-1350	28	53584	9	5	18	0	0	0	0	0	0	0	0	0	0	0	0	0	0	
894.111833	8	6	3	0	2	7	1	3643	-1348	28	53644	9	5	19	0	0	0	0	0	0	0	0	0	0	0	0	0	0	
895.098233	8	6	3	0	2	7	1	3628	-1349	28	53704	9	5	21	0	0	0	0	0	0	0	0	0	0	0	0	0	0	
896.104800	8	6	3	0	2	7	1	3613	-1349	28	53764	9	5	23	0	0	0	0	0	0	0	0	0	0	0	0	0	0	
897.109917	8	6	3	0	2	7	1	3599	-1350	28	53824	9	5	24	0	0	0	0	0	0	0	0	0	0	0	0	0	0	
898.115033	8	6	3	0	2	7	1	3584	-1349	28	53885	9	5	26	0	0	0	0	0	0	0	0	0	0	0	0	0	0	
899.101433	8	6	3	0	2	7	1	3571	-1349	28	53944	9	5	28	0	0	0	0	0	0	0	0	0	0	0	0	0	0	
900.106567	8	6	3	0	2	7	1	3558	-1350	28	54004	9	5	29	0	0	0	0	0	0	0	0	0	0	0	0	0	0	
901.111683	8	6	3	0	2	7	1	3545	-1349	28	54064	9	5	31	0	0	0	0	0	0	0	0	0	0	0	0	0	0	
902.098083	8	6	3	0	2	7	1	3533	-1349	28	54124	9	5	32	0	0	0	0	0	0	0	0	0	0	0	0	0	0	
903.103200	8	6	3	0	2	7	1	3520	-1350	28	54184	9	5	34	0	0	0	0	0	0	0	0	0	0	0	0	0	0	
904.109767	8	6	3	0	2	7	1	3509	-1350	28	54244	9	5	36	0	0	0	0	0	0	0	0	0	0	0	0	0	0	
905.114883	8	6	3	0	2	7	1	3498	-1350	28	54305	9	5	37	0	0	0	0	0	0	0	0	0	0	0	0	0	0	
906.101283	8	6	3	0	2	7	1	3487	-1348	28	54364	9	5	39	0	0	0	0	0	0	0	0	0	0	0	0	0	0	
907.106400	8	6	3	0	2	7	1	3476	-1348	28	54424	9	5	41	0	0	0	0	0	0	0	0	0	0	0	0	0	0	
908.111517	8	6	3	0	2	7	1	3467	-1349	28	54484	9	5	42	0	0	0	0	0	0	0	0	0	0	0	0	0	0	
909.116633	8	6	3	0	2	7	1	3457	-1349	28	54545	9	5	44	0	0	0	0	0	0	0	0	0	0	0	0	0	0	
910.103033	8	6	3	0	2	7	1	3448	-1349	28	54604	9	5	46	0	0	0	0	0	0	0	0	0	0	0	0	0	0	
911.108167	8	6	3	0	2	7	1	3440	-1348	28	54664	9	5	47	0	0	0	0	0	0	0	0	0	0	0	0	0	0	
912.114717	8	6	3	0	2	7	1	3432	-1350	28	54725	9	5	49	0	0	0	0	0	0	0	0	0	0	0	0	0	0	
913.101117	8	6	3	0	2	7	1	3424	-1349	28	54784	9	5	51	0	0	0	0	0	0	0	0	0	0	0	0	0	0	
914.106233	8	6	3	0	2	7	1	3418	-1350	28	54844	9	5	52	0	0	0	0	0	0	0	0	0	0	0	0	0	0	
915.111367	8	6	3	0	2	7	1	3412	-1350	28	54904	9	5	54	0	0	0	0	0	0	0	0	0	0	0	0	0	0	
916.116483	8	6	3	0	2	7	1	3405	-1350	28	54965	9	5	56	0	0	0	0	0	0	0	0	0	0	0	0	0	0	
917.102883	8	6	3	0	2	7	1	3399	-1351	28	55024	9	5	57	0	0	0	0	0	0	0	0	0	0	0	0	0	0	
918.108000	8	6	3	0	2	7	1	3393	-1348	28	55084	9	5	59	0	0	0	0	0	0	0	0	0	0	0	0	0	0	
919.114567	8	6	3	0	2	7	1	3386	-1349	28	55144	9	5	61	0	0	0	0	0	0	0	0	0	0	0	0	0	0	
920.100967	8	6	3	0	2	7	1	3380	-1348	28	55204	9	5	62	0	0	0	0	0	0	0	0	0	0	0	0	0	0	
921.106083	8	6	3	0	2	7	1	3372	-1347	28	55264	9	5	64	0	0	0	0	0	0	0	0	0	0	0	0	0	0	
922.111200	8	6	3	0	2	7	1	3363	-1350	28	55324	9	5	66	0	0	0	0	0	0	0	0	0	0	0	0	0	0	
923.116317	8	6	3	0	2	7	1	3354	-1349	28	55385	9	5	67	0	0	0	0	0	0	0	0	0	0	0	0	0	0	
924.102717	8	6	3	0	2	7	1	3343	-1350	28	55444	9	5	69	0	0	0	0	0	0	0	0	0	0	0	0	0	0	
925.107833	8	6	3	0	2	7	1	3329	-1350	28	55504	9	5	70	0	0	0	0	0	0	0	0	0	0	0	0	0	0	
926.112967	8	6	3	0	2	7	1	3311	-1349	28	55564	9	5	72	0	0	0	0	0	0	0	0	0	0	0	0	0	0	
927.100800	8	6	3	0	2	7	1	3288	-1349	28	55624	9	5	74	0	0	0	0	0	0	0	0	0	0	0	0	0	0	
928.105917	8	6	3	0	2	7	1	3253	-1350	28	55684	9	5	75	0	0	0	0	0	0	0	0	0	0	0	0	0	0	
929.111033	8	6	3	0	2	7	1	3199	-1351	28	55744	9	5	77	0	0	0	0	0	0	0	0	0	0	0	0	0	0	
930.116167	8	6	3	0	2	7	1	3103	-1349	28	55805	9	5	79	0	0	0	0	0	0	0	0	0	0	0	0	0	0	
931.102567	8	6	3	0	2	7	1	2903	-1350	28	55864	9	5	80	0	0	0	0	0	0	0	0	0	0	0	0	0	0	
931.636800	8	15	3	0	1	31	2	3186	391	28	55896	11	5	81	0	0	0	0	0	0	0	0	0	0	0	0	0	0	
931.658400	8	3	3	0	1	2	2	3332	676	28	55897	11	5	81	0	0	0	0	0	0	0	0	0	0	0	0	0	0	
932.112000	8	3	3	0	1	2	2	3574	674	28	55924	11	5	81	0	0	0	0	0	0	0	0	0	0	0	0	0	0	
933.117117	8	3	3	0	1	2	2	3709	676	28	55985	11	5	81	0	0	0	0	0	0	0	0	0	0	0	0	0	0	
934.103517	8	3	3	0	1	2	2	3775	675	28	56044	11	5	81	0	0	0	0	0	0	0	0	0	0	0	0	0	0	
935.108633	8	3	3	0	1	2	2	3823	674	28	56104	11	5	81	0	0	0	0	0	0	0	0	0	0	0	0	0	0	
936.113767	8	3	3	0	1	2	2	3848	675	28	56164	11	5	81	0	0	0	0	0	0	0	0	0	0	0	0	0	0	
937.118883	8	3	3	0	1	2	2	3852	674	28	56225	11	5	81	0	0	0	0	0	0	0	0	0	0	0	0	0	0	
938.105283	8	3	3	0	1	2	2	3852	675	28	56284	11	5	81	0	0	0	0	0	0	0	0	0	0	0	0	0	0	
939.111833	8	3	3	0	1	2	2	3851	675	28	56344	11	5	81	0	0	0	0	0	0	0	0	0	0	0	0	0	0	
940.116967	8	3	3	0	1	2	2	3851	675	28	56405	11	5	81	0	0	0	0	0	0	0	0	0	0	0	0	0	0	
941.103367	8	3	3	0	1	2	2	3854	675	28	56464	11	5	81	0	0	0	0	0	0	0	0	0	0	0	0	0	0	
942.108483	8	3	3	0	1	2	2	3858	675	28	56524	11	5	81	0	0	0	0	0	0	0	0	0	0	0	0	0	0	
943.113600	8	3	3	0	1	2	2	3863	675	28	56584	11	5	81	0	0	0	0	0	0	0	0	0	0	0	0	0	0	
944.118717	8	3	3	0	1	2	2	3869	674	28	56645	11	5	81	0	0	0	0	0	0	0	0	0	0	0	0	0	0	
945.105117	8	3	3	0	1	2	2	3875	675	28	56704	11	5	81	0	0	0	0	0	0	0	0	0	0	0	0	0	0	
946.110233	8	3	3	0	1	2	2	3882	676	28	56764	11	5	81	0	0	0	0	0	0	0	0	0	0	0	0	0	0	
947.116800	8	3	3	0	1	2	2	3889	674	28	56824	11	5	81	0	0	0	0	0	0	0	0	0	0	0	0	0	0	
948.103200	8	3	3	0	1	2	2	3895	674	28	56884	11	5	81	0	0	0	0	0	0	0	0	0	0	0	0	0	0	
949.108317	8	3	3	0	1	2	2	3902	675	28	56944	11	5	81	0	0	0	0	0	0	0	0	0	0	0	0	0	0	
950.113433	8	3	3	0	1	2	2	3907	674	28	57004	11	5	81	0	0	0	0	0	0	0	0	0	0	0	0	0	0	
951.118567	8	3	3	0	1	2	2	3913	674	28	57065	11	5	81	0	0	0	0	0	0	0	0	0	0	0	0	0	0	
952.106400	8	3	3	0	1	2	2	3917	674	28	57124	11	5	81	0	0	0	0	0	0	0	0	0	0	0	0	0	0	
953.111517	8	3	3	0	1	2	2	3921	675	28	57184	11	5	81	0	0	0	0	0	0	0	0	0	0	0	0	0	0	
954.118083	8	3	3	0	1	2	2	3925	673	28	57245	11	5	81	0	0	0	0	0	0	0	0	0	0	0	0	0	0	
955.104483	8	3	3	0	1	2	2	3928	674	28	57304	11	5	81	0	0	0	0	0	0	0	0	0	0	0	0	0	0	
956.111033	8	3	3	0	1	2	2	3932	674	28	57364	11	5	81	0	0	0	0	0	0	0	0	0	0	0	0	0	0	
957.116167	8	3	3	0	1	2	2	3935	675	28	57424	11	5	81	0	0	0	0	0	0	0	0	0	0	0	0	0	0	
958.102567	8	3	3	0	1	2	2	3938	674	28	57484	11	5	81	0	0	0	0	0	0	0	0	0	0	0	0	0	0	
959.107683	8	3	3	0	1	2	2	3942	675	28	57544	11	5	81	0	0	0	0	0	0	0	0	0	0	0	0	0	0	
960.114233	8	3	3	0	1	2	2	3945	675	28	57604	11	5	81	0	0	0	0	0	0	0	0	0	0	0	0	0	0	
961.119367	8	3	3	0	1	2	2	3948	675	28	57665	11	5	81	0	0	0	0	0	0	0	0	0	0	0	0	0	0	
962.105767	8	3	3	0	1	2	2	3951	675	28	57724	11	5	81	0	0	0	0	0	0	0	0	0	0	0	0	0	0	
963.110883	8	3	3	0	1	2	2	3955	675	28	57784	11	5	81	0	0	0	0	0	0	0	0	0	0	0	0	0	0	
964.116000	8	3	3	0	1	2	2	3958	675	28	57844	11	5	81	0	0	0	0	0	0	0	0	0	0	0	0	0	0	
965.121117	8	3	3	0	1	2	2	3961	674	28	57905	11	5	81	0	0	0	0	0	0	0	0	0	0	0	0	0	0	
966.107517	8	3	3	0	1	2	2	3964	674	28	57964	11	5	81	0	0	0	0	0	0	0	0	0	0	0	0	0	0	
967.112633	8	3	3	0	1	2	2	3968	675	28	58024	11	5	81	0	0	0	0	0	0	0	0	0	0	0	0	0	0	
968.117767	8	3	3	0	1	2	2	3971	675	28	58085	11	5	81	0	0	0	0	0	0	0	0	0	0	0	0	0	0	
969.105600	8	3	3	0	1	2	2	3974	674	28	58144	11	5	81	0	0	0	0	0	0	0	0	0	0	0	0	0	0	
970.110717	8	3	3	0	1	2	2	3978	674	28	58204	11	5	81	0	0	0	0	0	0	0	0	0	0	0	0	0	0	
971.115833	8	3	3	0	1	2	2	3981	674	28	58264	11	5	81	0	0	0	0	0	0	0	0	0	0	0	0	0	0	
972.120967	8	3	3	0	1	2	2	3985	675	28	58325	11	5	81	0	0	0	0	0	0	0	0	0	0	0	0	0	0	
973.107367	8	3	3	0	1	2	2	3988	676	28	58384	11	5	81	0	0	0	0	0	0	0	0	0	0	0	0	0	0	
974.112483	8	3	3	0	1	2	2	3992	675	28	58444	11	5	81	0	0	0	0	0	0	0	0	0	0	0	0	0	0	
975.119033	8	3	3	0	1	2	2	3995	674	28	58504	11	5	81	0	0	0	0	0	0	0	0	0	0	0	0	0	0	
976.105433	8	3	3	0	1	2	2	3998	673	28	58564	11	5	81	0	0	0	0	0	0	0	0	0	0	0	0	0	0	
977.110567	8	3	3	0	1	2	2	4003	675	28	58624	11	5	81	0	0	0	0	0	0	0	0	0	0	0	0	0	0	
978.115683	8	3	3	0	1	2	2	4007	675	28	58684	11	5	81	0	0	0	0	0	0	0	0	0	0	0	0	0	0	
979.120800	8	3	3	0	1	2	2	4010	673	28	58745	11	5	81	0	0	0	0	0	0	0	0	0	0	0	0	0	0	
980.107200	8	3	3	0	1	2	2	4014	675	28	58804	11	5	81	0	0	0	0	0	0	0	0	0	0	0	0	0	0	
981.112317	8	3	3	0	1	2	2	4019	674	28	58864	11	5	81	0	0	0	0	0	0	0	0	0	0	0	0	0	0	
982.118883	8	3	3	0	1	2	2	4023	675	28	58924	11	5	81	0	0	0	0	0	0	0	0	0	0	0	0	0	0	
983.105283	8	3	3	0	1	2	2	4027	675	28	58984	11	5	81	0	0	0	0	0	0	0	0	0	0	0	0	0	0	
984.110400	8	3	3	0	1	2	2	4032	674	28	59044	11	5	81	0	0	0	0	0	0	0	0	0	0	0	0	0	0	
985.115517	8	3	3	0	1	2	2	4037	675	28	59104	11	5	81	0	0	0	0	0	0	0	0	0	0	0	0	0	0	
986.120633	8	3	3	0	1	2	2	4042	674	28	59165	11	5	81	0	0	0	0	0	0	0	0	0	0	0	0	0	0	
987.107033	8	3	3	0	1	2	2	4046	675	28	59224	11	5	81	0	0	0	0	0	0	0	0	0	0	0	0	0	0	
988.112167	8	3	3	0	1	2	2	4051	674	28	59284	11	5	81	0	0	0	0	0	0	0	0	0	0	0	0	0	0	
989.120167	8	3	3	0	1	2	2	4057	675	28	59345	11	5	81	0	0	0	0	0	0	0	0	0	0	0	0	0	0	
990.106567	8	3	3	0	1	2	2	4061	675	28	59404	11	5	81	0	0	0	0	0	0	0	0	0	0	0	0	0	0	
991.111683	8	3	3	0	1	2	2	4067	675	28	59464	11	5	81	0	0	0	0	0	0	0	0	0	0	0	0	0	0	
992.116800	8	3	3	0	1	2	2	4072	674	28	59524	11	5	81	0	0	0	0	0	0	0	0	0	0	0	0	0	0	
993.121917	8	3	3	0	1	2	2	4078	674	28	59585	11	5	81	0	0	0	0	0	0	0	0	0	0	0	0	0	0	
994.108317	8	3	3	0	1	2	2	4083	675	28	59644	11	5	81	0	0	0	0	0	0	0	0	0	0	0	0	0	0	
995.113433	8	3	3	0	1	2	2	4089	675	28	59704	11	5	81	0	0	0	0	0	0	0	0	0	0	0	0	0	0	
996.118567	8	3	3	0	1	2	2	4095	675	28	59764	11	5	81	0	0	0	0	0	0	0	0	0	0	0	0	0	0	
997.106400	8	3	3	0	1	2	2	4101	674	28	59824	11	5	81	0	0	0	0	0	0	0	0	0	0	0	0	0	0	
998.111517	8	3	3	0	1	2	2	4107	674	28	59884	11	5	81	0	0	0	0	0	0	0	0	0	0	0	0	0	0	
999.116633	8	3	3	0	1	2	2	4113	673	28	59944	11	5	81	0	0	0	0	0	0	0	0	0	0	0	0	0	0	
1000.121767	8	3	3	0	1	2	2	4119	675	28	60005	11	5	81	0	0	0	0	0	0	0	0	0	0	0	0	0	0	
1001.108167	8	3	3	0	1	2	2	4124	667	28	60064	11	5	81	0	0	0	0	0	0	0	0	0	0	0	0	0	0	
1002.113283	8	3	3	0	1	2	2	4130	666	28	60124	11	5	81	0	0	0	0	0	0	0	0	0	0	0	0	0	0	
1003.118400	8	3	3	0	1	2	2	4136	664	28	60184	11	5	81	0	0	0	0	0	0	0	0	0	0	0	0	0	0	
1004.123517	8	3	3	0	1	2	2	4143	665	28	60245	11	5	81	0	0	0	0	0	0	0	0	0	0	0	0	0	0	
1005.111367	8	3	3	0	1	2	2	4149	663	28	60304	11	5	81	0	0	0	0	0	0	0	0	0	0	0	0	0	0	
1006.116483	8	3	3	0	1	2	2	4156	661	28	60364	11	5	81	0	0	0	0	0	0	0	0	0	0	0	0	0	0	
1007.121600	8	3	3	0	1	2	2	4162	661	28	60425	11	5	81	0	0	0	0	0	0	0	0	0	0	0	0	0	0	
1008.108000	8	3	3	0	1	2	2	4169	661	28	60484	11	5	81	0	0	0	0	0	0	0	0	0	0	0	0	0	0	
1009.113117	8	3	3	0	1	2	2	4176	660	28	60544	11	5	81	0	0	0	0	0	0	0	0	0	0	0	0	0	0	
1010.118233	8	3	3	0	1	2	2	4183	659	28	60604	11	5	81	0	0	0	0	0	0	0	0	0	0	0	0	0	0	
1011.123367	8	3	3	0	1	2	2	4190	658	28	60665	11	5	81	0	0	0	0	0	0	0	0	0	0	0	0	0	0	
1012.109767	8	3	3	0	1	2	2	4197	657	28	60724	11	5	81	0	0	0	0	0	0	0	0	0	0	0	0	0	0	
1013.116317	8	3	3	0	1	2	2	4199	627	28	60784	11	5	81	0	0	0	0	0	0	0	0	0	0	0	0	0	0	
1014.121433	8	3	3	0	1	2	2	4198	595	28	60844	11	5	81	0	0	0	0	0	0	0	0	0	0	0	0	0	0	
1015.107833	8	3	3	0	1	2	2	4199	566	28	60904	11	5	81	0	0	0	0	0	0	0	0	0	0	0	0	0	0	
1016.112967	8	3	3	0	1	2	2	4199	540	28	60964	11	5	81	0	0	0	0	0	0	0	0	0	0	0	0	0	0	
1017.118083	8	3	3	0	1	2	2	4199	513	28	61024	11	5	81	0	0	0	0	0	0	0	0	0	0	0	0	0	0	
1018.123200	8	3	3	0	1	2	2	4199	489	28	61085	11	5	81	0	0	0	0	0	0	0	0	0	0	0	0	0	0	
1019.109600	8	3	3	0	1	2	2	4199	466	28	61144	11	5	81	0	0	0	0	0	0	0	0	0	0	0	0	0	0	
1020.114717	8	3	3	0	1	2	2	4199	444	28	61204	11	5	81	0	0	0	0	0	0	0	0	0	0	0	0	0	0	
1021.119833	8	3	3	0	1	2	2	4199	423	28	61264	11	5	81	0	0	0	0	0	0	0	0	0	0	0	0	0	0	
1022.126400	8	3	3	0	1	2	2	4199	404	28	61325	11	5	81	0	0	0	0	0	0	0	0	0	0	0	0	0	0	
1023.112800	8	3	3	0	1	2	2	4199	386	28	61384	11	5	81	0	0	0	0	0	0	0	0	0	0	0	0	0	0	
1024.117917	8	3	3	0	1	2	2	4199	367	28	61444	11	5	81	0	0	0	0	0	0	0	0	0	0	0	0	0	0	
1025.123033	8	3	3	0	1	2	2	4199	350	28	61505	11	5	81	0	0	0	0	0	0	0	0	0	0	0	0	0	0	
1026.109433	8	3	3	0	1	2	2	4199	334	28	61564	11	5	81	0	0	0	0	0	0	0	0	0	0	0	0	0	0	
1027.114567	8	3	3	0	1	2	2	4199	319	28	61624	11	5	81	0	0	0	0	0	0	0	0	0	0	0	0	0	0	
1028.121117	8	3	3	0	1	2	2	4199	304	28	61684	11	5	81	0	0	0	0	0	0	0	0	0	0	0	0	0	0	
1029.126233	8	3	3	0	1	2	2	4199	292	28	61745	11	5	81	0	0	0	0	0	0	0	0	0	0	0	0	0	0	
1030.112633	8	3	3	0	1	2	2	4199	278	28	61804	11	5	81	0	0	0	0	0	0	0	0	0	0	0	0	0	0	
1031.117767	8	3	3	0	1	2	2	4199	265	28	61864	11	5	81	0	0	0	0	0	0	0	0	0	0	0	0	0	0	
1032.122883	8	3	3	0	1	2	2	4199	253	28	61924	11	5	81	0	0	0	0	0	0	0	0	0	0	0	0	0	0	
1033.109283	8	3	3	0	1	2	2	4199	242	28	61984	11	5	81	0	0	0	0	0	0	0	0	0	0	0	0	0	0	
1034.114400	8	3	3	0	1	2	2	4199	231	28	62044	11	5	81	0	0	0	0	0	0	0	0	0	0	0	0	0	0	
1035.120967	8	3	3	0	1	2	2	4199	221	28	62104	11	5	81	0	0	0	0	0	0	0	0	0	0	0	0	0	0	
1036.126083	8	3	3	0	1	2	2	4199	211	28	62165	11	5	81	0	0	0	0	0	0	0	0	0	0	0	0	0	0	
1037.112483	8	3	3	0	1	2	2	4198	202	28	62224	11	5	81	0	0	0	0	0	0	0	0	0	0	0	0	0	0	
1038.120483	8	3	3	0	1	2	2	4198	191	28	62284	11	5	81	0	0	0	0	0	0	0	0	0	0	0	0	0	0	
1039.125600	8	3	3	0	1	2	2	4199	183	28	62345	11	5	81	0	0	0	0	0	0	0	0	0	0	0	0	0	0	
1040.113433	8	3	3	0	1	2	2	4198	175	28	62404	11	5	81	0	0	0	0	0	0	0	0	0	0	0	0	0	0	
1041.118567	8	3	3	0	1	2	2	4198	167	28	62464	11	5	81	0	0	0	0	0	0	0	0	0	0	0	0	0	0	
1042.123683	8	3	3	0	1	2	2	4199	159	28	62524	11	5	81	0	0	0	0	0	0	0	0	0	0	0	0	0	0	
1043.110083	8	3	3	0	1	2	2	4198	153	28	62584	11	5	81	0	0	0	0	0	0	0	0	0	0	0	0	0	0	
1044.115200	8	3	3	0	1	2	2	4198	146	28	62644	11	5	81	0	0	0	0	0	0	0	0	0	0	0	0	0	0	
1045.120317	8	3	3	0	1	2	2	4199	140	28	62704	11	5	81	0	0	0	0	0	0	0	0	0	0	0	0	0	0	
1046.125433	8	3	3	0	1	2	2	4199	133	28	62765	11	5	81	0	0	0	0	0	0	0	0	0	0	0	0	0	0	
1047.113283	8	3	3	0	1	2	2	4199	129	28	62824	11	5	81	0	0	0	0	0	0	0	0	0	0	0	0	0	0	
1048.118400	8	3	3	0	1	2	2	4199	123	28	62884	11	5	81	0	0	0	0	0	0	0	0	0	0	0	0	0	0	
1049.123517	8	3	3	0	1	2	2	4198	117	28	62944	11	5	81	0	0	0	0	0	0	0	0	0	0	0	0	0	0	
1050.109917	8	3	3	0	1	2	2	4199	113	28	63004	11	5	81	0	0	0	0	0	0	0	0	0	0	0	0	0	0	
1051.115033	8	3	3	0	1	2	2	4199	108	28	63064	11	5	81	0	0	0	0	0	0	0	0	0	0	0	0	0	0	
1052.120167	8	3	3	0	1	2	2	4198	104	28	63124	11	5	81	0	0	0	0	0	0	0	0	0	0	0	0	0	0	
1053.125283	8	3	3	0	1	2	2	4199	99	28	63185	11	5	81	0	0	0	0	0	0	0	0	0	0	0	0	0	0	
1054.111683	8	3	3	0	1	2	2	4199	95	28	63244	11	5	81	0	0	0	0	0	0	0	0	0	0	0	0	0	0	
1055.118233	8	3	3	0	1	2	2	4199	91	28	63304	11	5	81	0	0	0	0	0	0	0	0	0	0	0	0	0	0	
1056.123367	8	3	3	0	1	2	2	4199	88	28	63364	11	5	81	0	0	0	0	0	0	0	0	0	0	0	0	0	0	
1057.128483	8	3	3	0	1	2	2	4198	84	28	63425	11	5	81	0	0	0	0	0	0	0	0	0	0	0	0	0	0	
1058.114883	8	3	3	0	1	2	2	4198	80	28	63484	11	5	81	0	0	0	0	0	0	0	0	0	0	0	0	0	0	
1059.120000	8	3	3	0	1	2	2	4199	77	28	63544	11	5	81	0	0	0	0	0	0	0	0	0	0	0	0	0	0	
1060.125117	8	3	3	0	1	2	2	4198	74	28	63605	11	5	81	0	0	0	0	0	0	0	0	0	0	0	0	0	0	
1061.111517	8	3	3	0	1	2	2	4198	71	28	63664	11	5	81	0	0	0	0	0	0	0	0	0	0	0	0	0	0	
1062.118083	8	3	3	0	1	2	2	4199	69	28	63724	11	5	81	0	0	0	0	0	0	0	0	0	0	0	0	0	0	
1062.354233	8	6	3	0	2	7	1	3995	-1212	28	63738	11	6	0	0	0	0	0	0	0	0	0	0	0	0	0	0	0	
1063.128967	8	6	3	0	2	7	1	3906	-1349	28	63785	11	6	1	0	0	0	0	0	0	0	0	0	0	0	0	0	0	
1064.113917	8	6	3	0	2	7	1	3870	-1349	28	63844	11	6	2	0	0	0	0	0	0	0	0	0	0	0	0	0	0	
1065.120483	8	6	3	0	2	7	1	3839	-1348	28	63904	11	6	4	0	0	0	0	0	0	0	0	0	0	0	0	0	0	
1066.125600	8	6	3	0	2	7	1	3810	-1350	28	63964	11	6	6	0	0	0	0	0	0	0	0	0	0	0	0	0	0	
1067.114883	8	6	3	0	2	7	1	3761	-1350	28	64024	11	6	7	0	0	0	0	0	0	0	0	0	0	0	0	0	0	
1068.120000	8	6	3	0	2	7	1	3619	-1350	28	64084	11	6	9	0	0	0	0	0	0	0	0	0	0	0	0	0	0	
1069.126567	8	6	3	0	2	7	1	3671	-1349	28	64145	11	6	11	0	0	0	0	0	0	0	0	0	0	0	0	0	0	
1070.112967	8	6	3	0	2	7	1	3698	-1349	28	64204	11	6	12	0	0	0	0	0	0	0	0	0	0	0	0	0	0	
1071.118083	8	6	3	0	2	7	1	3684	-1349	28	64264	11	6	14	0	0	0	0	0	0	0	0	0	0	0	0	0	0	
1072.123200	8	6	3	0	2	7	1	3669	-1349	28	64324	11	6	16	0	0	0	0	0	0	0	0	0	0	0	0	0	0	
1073.128317	8	6	3	0	2	7	1	3654	-1351	28	64385	11	6	17	0	0	0	0	0	0	0	0	0	0	0	0	0	0	
1074.114717	8	6	3	0	2	7	1	3639	-1349	28	64444	11	6	19	0	0	0	0	0	0	0	0	0	0	0	0	0	0	
1075.119833	8	6	3	0	2	7	1	3625	-1350	28	64504	11	6	20	0	0	0	0	0	0	0	0	0	0	0	0	0	0	
1076.126400	8	6	3	0	2	7	1	3611	-1349	28	64564	11	6	22	0	0	0	0	0	0	0	0	0	0	0	0	0	0	
1077.112800	8	6	3	0	2	7	1	3597	-1349	28	64624	11	6	24	0	0	0	0	0	0	0	0	0	0	0	0	0	0	
1078.117917	8	6	3	0	2	7	1	3584	-1350	28	64684	11	6	25	0	0	0	0	0	0	0	0	0	0	0	0	0	0	
1079.123033	8	6	3	0	2	7	1	3571	-1351	28	64744	11	6	27	0	0	0	0	0	0	0	0	0	0	0	0	0	0	
1080.128167	8	6	3	0	2	7	1	3558	-1349	28	64805	11	6	29	0	0	0	0	0	0	0	0	0	0	0	0	0	0	
1081.114567	8	6	3	0	2	7	1	3546	-1351	28	64864	11	6	30	0	0	0	0	0	0	0	0	0	0	0	0	0	0	
1082.119683	8	6	3	0	2	7	1	3534	-1351	28	64924	11	6	32	0	0	0	0	0	0	0	0	0	0	0	0	0	0	
1083.126233	8	6	3	0	2	7	1	3522	-1349	28	64984	11	6	34	0	0	0	0	0	0	0	0	0	0	0	0	0	0	
1084.131367	8	6	3	0	2	7	1	3510	-1348	28	65045	11	6	35	0	0	0	0	0	0	0	0	0	0	0	0	0	0	
1085.117767	8	6	3	0	2	7	1	3500	-1349	28	65104	11	6	37	0	0	0	0	0	0	0	0	0	0	0	0	0	0	
1086.122883	8	6	3	0	2	7	1	3489	-1350	28	65164	11	6	39	0	0	0	0	0	0	0	0	0	0	0	0	0	0	
1087.128000	8	6	3	0	2	7	1	3479	-1348	28	65225	11	6	40	0	0	0	0	0	0	0	0	0	0	0	0	0	0	
1088.114400	8	6	3	0	2	7	1	3469	-1350	28	65284	11	6	42	0	0	0	0	0	0	0	0	0	0	0	0	0	0	
1089.119517	8	6	3	0	2	7	1	3460	-1350	28	65344	11	6	44	0	0	0	0	0	0	0	0	0	0	0	0	0	0	
1090.124633	8	6	3	0	2	7	1	3451	-1349	28	65404	11	6	45	0	0	0	0	0	0	0	0	0	0	0	0	0	0	
1091.129767	8	6	3	0	2	7	1	3443	-1348	28	65465	11	6	47	0	0	0	0	0	0	0	0	0	0	0	0	0	0	
1092.117600	8	6	3	0	2	7	1	3435	-1350	28	65524	11	6	48	0	0	0	0	0	0	0	0	0	0	0	0	0	0	
1093.122717	8	6	3	0	2	7	1	3428	-1348	28	65584	11	6	50	0	0	0	0	0	0	0	0	0	0	0	0	0	0	
1094.127833	8	6	3	0	2	7	1	3421	-1349	28	65644	11	6	52	0	0	0	0	0	0	0	0	0	0	0	0	0	0	
1095.114233	8	6	3	0	2	7	1	3414	-1351	28	65704	11	6	53	0	0	0	0	0	0	0	0	0	0	0	0	0	0	
1096.119367	8	6	3	0	2	7	1	3408	-1350	28	65764	11	6	55	0	0	0	0	0	0	0	0	0	0	0	0	0	0	
1097.124483	8	6	3	0	2	7	1	3401	-1349	28	65824	11	6	57	0	0	0	0	0	0	0	0	0	0	0	0	0	0	
1098.129600	8	6	3	0	2	7	1	3394	-1350	28	65885	11	6	58	0	0	0	0	0	0	0	0	0	0	0	0	0	0	
1099.116000	8	6	3	0	2	7	1	3388	-1351	28	65944	11	6	60	0	0	0	0	0	0	0	0	0	0	0	0	0	0	
1100.122567	8	6	3	0	2	7	1	3382	-1347	28	66004	11	6	62	0	0	0	0	0	0	0	0	0	0	0	0	0	0	
1101.127683	8	6	3	0	2	7	1	3374	-1350	28	66064	11	6	63	0	0	0	0	0	0	0	0	0	0	0	0	0	0	
1102.114083	8	6	3	0	2	7	1	3366	-1350	28	66124	11	6	65	0	0	0	0	0	0	0	0	0	0	0	0	0	0	
1103.119200	8	6	3	0	2	7	1	3357	-1350	28	66184	11	6	67	0	0	0	0	0	0	0	0	0	0	0	0	0	0	
1104.124317	8	6	3	0	2	7	1	3346	-1350	28	66244	11	6	68	0	0	0	0	0	0	0	0	0	0	0	0	0	0	
1105.129433	8	6	3	0	2	7	1	3333	-1349	28	66305	11	6	70	0	0	0	0	0	0	0	0	0	0	0	0	0	0	
1106.115833	8	6	3	0	2	7	1	3316	-1349	28	66364	11	6	72	0	0	0	0	0	0	0	0	0	0	0	0	0	0	
1107.122400	8	6	3	0	2	7	1	3294	-1349	28	66424	11	6	73	0	0	0	0	0	0	0	0	0	0	0	0	0	0	
1108.127517	8	6	3	0	2	7	1	3263	-1349	28	66484	11	6	75	0	0	0	0	0	0	0	0	0	0	0	0	0	0	
1109.132633	8	6	3	0	2	7	1	3215	-1350	28	66545	11	6	77	0	0	0	0	0	0	0	0	0	0	0	0	0	0	
1110.119033	8	6	3	0	2	7	1	3135	-1350	28	66604	11	6	78	0	0	0	0	0	0	0	0	0	0	0	0	0	0	
1111.124167	8	6	3	0	2	7	1	2969	-1350	28	66664	11	6	80	0	0	0	0	0	0	0	0	0	0	0	0	0	0	
1111.884483	8	15	3	0	1	31	2	2824	27	28	66710	12	6	81	0	0	0	0	0	0	0	0	0	0	0	0	0	0	
1111.906083	8	3	3	0	1	2	2	3292	675	28	66711	13	6	81	0	0	0	0	0	0	0	0	0	0	0	0	0	0	
1112.114883	8	3	3	0	1	2	2	3493	674	28	66724	13	6	81	0	0	0	0	0	0	0	0	0	0	0	0	0	0	
1113.120000	8	3	3	0	1	2	2	3685	674	28	66784	13	6	81	0	0	0	0	0	0	0	0	0	0	0	0	0	0	
1114.125117	8	3	3	0	1	2	2	3758	675	28	66844	13	6	81	0	0	0	0	0	0	0	0	0	0	0	0	0	0	
1115.130233	8	3	3	0	1	2	2	3800	674	28	66905	13	6	81	0	0	0	0	0	0	0	0	0	0	0	0	0	0	
1116.116633	8	3	3	0	1	2	2	3827	675	28	66964	13	6	81	0	0	0	0	0	0	0	0	0	0	0	0	0	0	
1117.121767	8	3	3	0	1	2	2	3845	676	28	67024	13	6	81	0	0	0	0	0	0	0	0	0	0	0	0	0	0	
1118.126883	8	3	3	0	1	2	2	3853	676	28	67084	13	6	81	0	0	0	0	0	0	0	0	0	0	0	0	0	0	
1119.133433	8	3	3	0	1	2	2	3859	675	28	67145	13	6	81	0	0	0	0	0	0	0	0	0	0	0	0	0	0	
1120.119833	8	3	3	0	1	2	2	3863	675	28	67204	13	6	81	0	0	0	0	0	0	0	0	0	0	0	0	0	0	
1121.124967	8	3	3	0	1	2	2	3867	674	28	67264	13	6	81	0	0	0	0	0	0	0	0	0	0	0	0	0	0	
1122.130083	8	3	3	0	1	2	2	3872	675	28	67325	13	6	81	0	0	0	0	0	0	0	0	0	0	0	0	0	0	
1123.116483	8	3	3	0	1	2	2	3876	675	28	67384	13	6	81	0	0	0	0	0	0	0	0	0	0	0	0	0	0	
1124.121600	8	3	3	0	1	2	2	3881	673	28	67444	13	6	81	0	0	0	0	0	0	0	0	0	0	0	0	0	0	
1125.128167	8	3	3	0	1	2	2	3888	675	28	67504	13	6	81	0	0	0	0	0	0	0	0	0	0	0	0	0	0	
1126.133283	8	3	3	0	1	2	2	3895	676	28	67565	13	6	81	0	0	0	0	0	0	0	0	0	0	0	0	0	0	
1127.119683	8	3	3	0	1	2	2	3901	674	28	67624	13	6	81	0	0	0	0	0	0	0	0	0	0	0	0	0	0	
1128.124800	8	3	3	0	1	2	2	3908	675	28	67684	13	6	81	0	0	0	0	0	0	0	0	0	0	0	0	0	0	
1129.129917	8	3	3	0	1	2	2	3913	674	28	67744	13	6	81	0	0	0	0	0	0	0	0	0	0	0	0	0	0	
1130.116317	8	3	3	0	1	2	2	3919	674	28	67804	13	6	81	0	0	0	0	0	0	0	0	0	0	0	0	0	0	
1131.122883	8	3	3	0	1	2	2	3924	674	28	67864	13	6	81	0	0	0	0	0	0	0	0	0	0	0	0	0	0	
1132.128000	8	3	3	0	1	2	2	3928	675	28	67924	13	6	81	0	0	0	0	0	0	0	0	0	0	0	0	0	0	
1133.133117	8	3	3	0	1	2	2	3932	674	28	67985	13	6	81	0	0	0	0	0	0	0	0	0	0	0	0	0	0	
1134.119517	8	3	3	0	1	2	2	3936	674	28	68044	13	6	81	0	0	0	0	0	0	0	0	0	0	0	0	0	0	
1135.124633	8	3	3	0	1	2	2	3940	676	28	68104	13	6	81	0	0	0	0	0	0	0	0	0	0	0	0	0	0	
1136.129767	8	3	3	0	1	2	2	3943	675	28	68164	13	6	81	0	0	0	0	0	0	0	0	0	0	0	0	0	0	
1137.116167	8	3	3	0	1	2	2	3946	676	28	68224	13	6	81	0	0	0	0	0	0	0	0	0	0	0	0	0	0	
1138.121283	8	3	3	0	1	2	2	3949	674	28	68284	13	6	81	0	0	0	0	0	0	0	0	0	0	0	0	0	0	
1139.126400	8	3	3	0	1	2	2	3952	675	28	68344	13	6	81	0	0	0	0	0	0	0	0	0	0	0	0	0	0	
1140.132967	8	3	3	0	1	2	2	3955	674	28	68405	13	6	81	0	0	0	0	0	0	0	0	0	0	0	0	0	0	
1141.119367	8	3	3	0	1	2	2	3959	674	28	68464	13	6	81	0	0	0	0	0	0	0	0	0	0	0	0	0	0	
1142.124483	8	3	3	0	1	2	2	3962	674	28	68524	13	6	81	0	0	0	0	0	0	0	0	0	0	0	0	0	0	
1143.129600	8	3	3	0	1	2	2	3965	674	28	68584	13	6	81	0	0	0	0	0	0	0	0	0	0	0	0	0	0	
1144.134717	8	3	3	0	1	2	2	3968	674	28	68645	13	6	81	0	0	0	0	0	0	0	0	0	0	0	0	0	0	
1145.121117	8	3	3	0	1	2	2	3972	675	28	68704	13	6	81	0	0	0	0	0	0	0	0	0	0	0	0	0	0	
1146.126233	8	3	3	0	1	2	2	3975	674	28	68764	13	6	81	0	0	0	0	0	0	0	0	0	0	0	0	0	0	
1147.131367	8	3	3	0	1	2	2	3979	676	28	68825	13	6	81	0	0	0	0	0	0	0	0	0	0	0	0	0	0	
1148.117767	8	3	3	0	1	2	2	3982	675	28	68884	13	6	81	0	0	0	0	0	0	0	0	0	0	0	0	0	0	
1149.124317	8	3	3	0	1	2	2	3985	674	28	68944	13	6	81	0	0	0	0	0	0	0	0	0	0	0	0	0	0	
1150.129433	8	3	3	0	1	2	2	3989	676	28	69004	13	6	81	0	0	0	0	0	0	0	0	0	0	0	0	0	0	
1151.134567	8	3	3	0	1	2	2	3992	674	28	69065	13	6	81	0	0	0	0	0	0	0	0	0	0	0	0	0	0	
1152.120967	8	3	3	0	1	2	2	3995	675	28	69124	13	6	81	0	0	0	0	0	0	0	0	0	0	0	0	0	0	
1153.126083	8	3	3	0	1	2	2	3999	675	28	69184	13	6	81	0	0	0	0	0	0	0	0	0	0	0	0	0	0	
1154.131200	8	3	3	0	1	2	2	4002	675	28	69244	13	6	81	0	0	0	0	0	0	0	0	0	0	0	0	0	0	
1155.117600	8	3	3	0	1	2	2	4006	675	28	69304	13	6	81	0	0	0	0	0	0	0	0	0	0	0	0	0	0	
1156.122717	8	3	3	0	1	2	2	4010	675	28	69364	13	6	81	0	0	0	0	0	0	0	0	0	0	0	0	0	0	
1157.129283	8	3	3	0	1	2	2	4013	675	28	69424	13	6	81	0	0	0	0	0	0	0	0	0	0	0	0	0	0	
1158.134400	8	3	3	0	1	2	2	4018	676	28	69485	13	6	81	0	0	0	0	0	0	0	0	0	0	0	0	0	0	
1159.120800	8	3	3	0	1	2	2	4021	675	28	69544	13	6	81	0	0	0	0	0	0	0	0	0	0	0	0	0	0	
1160.125917	8	3	3	0	1	2	2	4026	674	28	69604	13	6	81	0	0	0	0	0	0	0	0	0	0	0	0	0	0	
1161.131033	8	3	3	0	1	2	2	4030	674	28	69664	13	6	81	0	0	0	0	0	0	0	0	0	0	0	0	0	0	
1162.136167	8	3	3	0	1	2	2	4034	674	28	69725	13	6	81	0	0	0	0	0	0	0	0	0	0	0	0	0	0	
1163.122567	8	3	3	0	1	2	2	4039	675	28	69784	13	6	81	0	0	0	0	0	0	0	0	0	0	0	0	0	0	
1164.127683	8	3	3	0	1	2	2	4043	674	28	69844	13	6	81	0	0	0	0	0	0	0	0	0	0	0	0	0	0	
1165.134233	8	3	3	0	1	2	2	4048	675	28	69905	13	6	81	0	0	0	0	0	0	0	0	0	0	0	0	0	0	
1166.120633	8	3	3	0	1	2	2	4053	674	28	69964	13	6	81	0	0	0	0	0	0	0	0	0	0	0	0	0	0	
1167.125767	8	3	3	0	1	2	2	4058	674	28	70024	13	6	81	0	0	0	0	0	0	0	0	0	0	0	0	0	0	
1168.130883	8	3	3	0	1	2	2	4062	674	28	70084	13	6	81	0	0	0	0	0	0	0	0	0	0	0	0	0	0	
1169.136000	8	3	3	0	1	2	2	4068	675	28	70145	13	6	81	0	0	0	0	0	0	0	0	0	0	0	0	0	0	
1170.122400	8	3	3	0	1	2	2	4073	674	28	70204	13	6	81	0	0	0	0	0	0	0	0	0	0	0	0	0	0	
1171.127517	8	3	3	0	1	2	2	4078	675	28	70264	13	6	81	0	0	0	0	0	0	0	0	0	0	0	0	0	0	
1172.132633	8	3	3	0	1	2	2	4084	675	28	70324	13	6	81	0	0	0	0	0	0	0	0	0	0	0	0	0	0	
1173.121917	8	3	3	0	1	2	2	4089	675	28	70384	13	6	81	0	0	0	0	0	0	0	0	0	0	0	0	0	0	
1174.127033	8	3	3	0	1	2	2	4094	673	28	70444	13	6	81	0	0	0	0	0	0	0	0	0	0	0	0	0	0	
1175.132167	8	3	3	0	1	2	2	4100	673	28	70504	13	6	81	0	0	0	0	0	0	0	0	0	0	0	0	0	0	
1176.137283	8	3	3	0	1	2	2	4106	675	28	70565	13	6	81	0	0	0	0	0	0	0	0	0	0	0	0	0	0	
1177.123683	8	3	3	0	1	2	2	4112	675	28	70624	13	6	81	0	0	0	0	0	0	0	0	0	0	0	0	0	0	
1178.128800	8	3	3	0	1	2	2	4117	668	28	70684	13	6	81	0	0	0	0	0	0	0	0	0	0	0	0	0	0	
1179.133917	8	3	3	0	1	2	2	4122	666	28	70745	13	6	81	0	0	0	0	0	0	0	0	0	0	0	0	0	0	
1180.121767	8	3	3	0	1	2	2	4128	665	28	70804	13	6	81	0	0	0	0	0	0	0	0	0	0	0	0	0	0	
1181.126883	8	3	3	0	1	2	2	4134	663	28	70864	13	6	81	0	0	0	0	0	0	0	0	0	0	0	0	0	0	
1182.132000	8	3	3	0	1	2	2	4140	662	28	70924	13	6	81	0	0	0	0	0	0	0	0	0	0	0	0	0	0	
1183.137117	8	3	3	0	1	2	2	4146	662	28	70985	13	6	81	0	0	0	0	0	0	0	0	0	0	0	0	0	0	
1184.123517	8	3	3	0	1	2	2	4153	662	28	71044	13	6	81	0	0	0	0	0	0	0	0	0	0	0	0	0	0	
1185.128633	8	3	3	0	1	2	2	4159	659	28	71104	13	6	81	0	0	0	0	0	0	0	0	0	0	0	0	0	0	
1186.135200	8	3	3	0	1	2	2	4166	658	28	71164	13	6	81	0	0	0	0	0	0	0	0	0	0	0	0	0	0	
1187.123033	8	3	3	0	1	2	2	4172	659	28	71224	13	6	81	0	0	0	0	0	0	0	0	0	0	0	0	0	0	
1188.128167	8	3	3	0	1	2	2	4179	657	28	71284	13	6	81	0	0	0	0	0	0	0	0	0	0	0	0	0	0	
1189.133283	8	3	3	0	1	2	2	4185	654	28	71344	13	6	81	0	0	0	0	0	0	0	0	0	0	0	0	0	0	
1190.138400	8	3	3	0	1	2	2	4192	654	28	71405	13	6	81	0	0	0	0	0	0	0	0	0	0	0	0	0	0	
1191.124800	8	3	3	0	1	2	2	4199	653	28	71464	13	6	81	0	0	0	0	0	0	0	0	0	0	0	0	0	0	
1192.131367	8	3	3	0	1	2	2	4198	618	28	71524	13	6	81	0	0	0	0	0	0	0	0	0	0	0	0	0	0	
1193.136483	8	3	3	0	1	2	2	4199	589	28	71585	13	6	81	0	0	0	0	0	0	0	0	0	0	0	0	0	0	
1194.122883	8	3	3	0	1	2	2	4199	565	28	71644	13	6	81	0	0	0	0	0	0	0	0	0	0	0	0	0	0	
1195.128000	8	3	3	0	1	2	2	4198	539	28	71704	13	6	81	0	0	0	0	0	0	0	0	0	0	0	0	0	0	
1196.133117	8	3	3	0	1	2	2	4198	515	28	71764	13	6	81	0	0	0	0	0	0	0	0	0	0	0	0	0	0	
1197.138233	8	3	3	0	1	2	2	4198	491	28	71825	13	6	81	0	0	0	0	0	0	0	0	0	0	0	0	0	0	
1198.124633	8	3	3	0	1	2	2	4199	470	28	71884	13	6	81	0	0	0	0	0	0	0	0	0	0	0	0	0	0	
1199.131200	8	3	3	0	1	2	2	4199	449	28	71944	13	6	81	0	0	0	0	0	0	0	0	0	0	0	0	0	0	
1200.136317	8	3	3	0	1	2	2	4199	429	28	72004	13	6	81	0	0	0	0	0	0	0	0	0	0	0	0	0	0	
1201.122717	8	3	3	0	1	2	2	4199	410	28	72064	13	6	81	0	0	0	0	0	0	0	0	0	0	0	0	0	0	
1202.127833	8	3	3	0	1	2	2	4199	393	28	72124	13	6	81	0	0	0	0	0	0	0	0	0	0	0	0	0	0	
1203.132967	8	3	3	0	1	2	2	4199	375	28	72184	13	6	81	0	0	0	0	0	0	0	0	0	0	0	0	0	0	
1204.138083	8	3	3	0	1	2	2	4199	359	28	72245	13	6	81	0	0	0	0	0	0	0	0	0	0	0	0	0	0	
1205.124483	8	3	3	0	1	2	2	4199	343	28	72304	13	6	81	0	0	0	0	0	0	0	0	0	0	0	0	0	0	
1206.131033	8	3	3	0	1	2	2	4198	329	28	72364	13	6	81	0	0	0	0	0	0	0	0	0	0	0	0	0	0	
1207.136167	8	3	3	0	1	2	2	4199	316	28	72424	13	6	81	0	0	0	0	0	0	0	0	0	0	0	0	0	0	
1208.122567	8	3	3	0	1	2	2	4199	302	28	72484	13	6	81	0	0	0	0	0	0	0	0	0	0	0	0	0	0	
1209.127683	8	3	3	0	1	2	2	4198	289	28	72544	13	6	81	0	0	0	0	0	0	0	0	0	0	0	0	0	0	
1210.132800	8	3	3	0	1	2	2	4199	277	28	72604	13	6	81	0	0	0	0	0	0	0	0	0	0	0	0	0	0	
1211.139367	8	3	3	0	1	2	2	4199	267	28	72665	13	6	81	0	0	0	0	0	0	0	0	0	0	0	0	0	0	
1212.127200	8	3	3	0	1	2	2	4199	256	28	72724	13	6	81	0	0	0	0	0	0	0	0	0	0	0	0	0	0	
1213.132317	8	3	3	0	1	2	2	4199	244	28	72784	13	6	81	0	0	0	0	0	0	0	0	0	0	0	0	0	0	
1214.137433	8	3	3	0	1	2	2	4199	235	28	72844	13	6	81	0	0	0	0	0	0	0	0	0	0	0	0	0	0	
1215.123833	8	3	3	0	1	2	2	4199	225	28	72904	13	6	81	0	0	0	0	0	0	0	0	0	0	0	0	0	0	
1216.128967	8	3	3	0	1	2	2	4199	216	28	72964	13	6	81	0	0	0	0	0	0	0	0	0	0	0	0	0	0	
1217.134083	8	3	3	0	1	2	2	4199	205	28	73024	13	6	81	0	0	0	0	0	0	0	0	0	0	0	0	0	0	
1218.139200	8	3	3	0	1	2	2	4199	196	28	73085	13	6	81	0	0	0	0	0	0	0	0	0	0	0	0	0	0	
1219.125600	8	3	3	0	1	2	2	4199	190	28	73144	13	6	81	0	0	0	0	0	0	0	0	0	0	0	0	0	0	
1220.132167	8	3	3	0	1	2	2	4199	181	28	73204	13	6	81	0	0	0	0	0	0	0	0	0	0	0	0	0	0	
1221.137283	8	3	3	0	1	2	2	4198	173	28	73264	13	6	81	0	0	0	0	0	0	0	0	0	0	0	0	0	0	
1222.123683	8	3	3	0	1	2	2	4199	167	28	73324	13	6	81	0	0	0	0	0	0	0	0	0	0	0	0	0	0	
1223.128800	8	3	3	0	1	2	2	4199	160	28	73384	13	6	81	0	0	0	0	0	0	0	0	0	0	0	0	0	0	
1224.133917	8	3	3	0	1	2	2	4199	152	28	73444	13	6	81	0	0	0	0	0	0	0	0	0	0	0	0	0	0	
1225.139033	8	3	3	0	1	2	2	4199	146	28	73505	13	6	81	0	0	0	0	0	0	0	0	0	0	0	0	0	0	
1226.125433	8	3	3	0	1	2	2	4199	140	28	73564	13	6	81	0	0	0	0	0	0	0	0	0	0	0	0	0	0	
1227.130567	8	3	3	0	1	2	2	4199	134	28	73624	13	6	81	0	0	0	0	0	0	0	0	0	0	0	0	0	0	
1228.137117	8	3	3	0	1	2	2	4199	129	28	73684	13	6	81	0	0	0	0	0	0	0	0	0	0	0	0	0	0	
1229.142233	8	3	3	0	1	2	2	4199	124	28	73745	13	6	81	0	0	0	0	0	0	0	0	0	0	0	0	0	0	
1230.128633	8	3	3	0	1	2	2	4199	118	28	73804	13	6	81	0	0	0	0	0	0	0	0	0	0	0	0	0	0	
1231.133767	8	3	3	0	1	2	2	4199	114	28	73864	13	6	81	0	0	0	0	0	0	0	0	0	0	0	0	0	0	
1232.138883	8	3	3	0	1	2	2	4199	110	28	73925	13	6	81	0	0	0	0	0	0	0	0	0	0	0	0	0	0	
1233.125283	8	3	3	0	1	2	2	4199	105	28	73984	13	6	81	0	0	0	0	0	0	0	0	0	0	0	0	0	0	
1234.131833	8	3	3	0	1	2	2	4199	101	28	74044	13	6	81	0	0	0	0	0	0	0	0	0	0	0	0	0	0	
1235.136967	8	3	3	0	1	2	2	4198	96	28	74104	13	6	81	0	0	0	0	0	0	0	0	0	0	0	0	0	0	
1236.142083	8	3	3	0	1	2	2	4199	93	28	74165	13	6	81	0	0	0	0	0	0	0	0	0	0	0	0	0	0	
1237.128483	8	3	3	0	1	2	2	4199	90	28	74224	13	6	81	0	0	0	0	0	0	0	0	0	0	0	0	0	0	
1238.133600	8	3	3	0	1	2	2	4199	86	28	74284	13	6	81	0	0	0	0	0	0	0	0	0	0	0	0	0	0	
1239.138717	8	3	3	0	1	2	2	4199	83	28	74344	13	6	81	0	0	0	0	0	0	0	0	0	0	0	0	0	0	
1240.125117	8	3	3	0	1	2	2	4198	79	28	74404	13	6	81	0	0	0	0	0	0	0	0	0	0	0	0	0	0	
1241.131683	8	3	3	0	1	2	2	4199	77	28	74464	13	6	81	0	0	0	0	0	0	0	0	0	0	0	0	0	0	
1242.136800	8	3	3	0	1	2	2	4199	74	28	74524	13	6	81	0	0	0	0	0	0	0	0	0	0	0	0	0	0	
1243.141917	8	3	3	0	1	2	2	4199	71	28	74585	13	6	81	0	0	0	0	0	0	0	0	0	0	0	0	0	0	
1244.128317	8	3	3	0	1	2	2	4198	69	28	74644	13	6	81	0	0	0	0	0	0	0	0	0	0	0	0	0	0	
1244.718717	8	6	3	0	2	7	1	3932	-1349	28	74679	13	7	0	0	0	0	0	0	0	0	0	0	0	0	0	0	0	
1245.134883	8	6	3	0	2	7	1	3889	-1349	28	74704	13	7	0	0	0	0	0	0	0	0	0	0	0	0	0	0	0	
1246.140000	8	6	3	0	2	7	1	3834	-1349	28	74765	13	7	2	0	0	0	0	0	0	0	0	0	0	0	0	0	0	
1247.126400	8	6	3	0	2	7	1	3673	-1349	28	74824	13	7	3	0	0	0	0	0	0	0	0	0	0	0	0	0	0	
1248.132967	8	6	3	0	2	7	1	3802	-1349	28	74884	13	7	5	0	0	0	0	0	0	0	0	0	0	0	0	0	0	
1249.138083	8	6	3	0	2	7	1	3786	-1350	28	74944	13	7	7	0	0	0	0	0	0	0	0	0	0	0	0	0	0	
1250.143200	8	6	3	0	2	7	1	3767	-1351	28	75005	13	7	8	0	0	0	0	0	0	0	0	0	0	0	0	0	0	
1251.129600	8	6	3	0	2	7	1	3750	-1350	28	75064	13	7	10	0	0	0	0	0	0	0	0	0	0	0	0	0	0	
1252.134717	8	6	3	0	2	7	1	3732	-1350	28	75124	13	7	12	0	0	0	0	0	0	0	0	0	0	0	0	0	0	
1253.139833	8	6	3	0	2	7	1	3715	-1349	28	75184	13	7	13	0	0	0	0	0	0	0	0	0	0	0	0	0	0	
1254.126233	8	6	3	0	2	7	1	3700	-1350	28	75244	13	7	15	0	0	0	0	0	0	0	0	0	0	0	0	0	0	
1255.131367	8	6	3	0	2	7	1	3684	-1350	28	75304	13	7	17	0	0	0	0	0	0	0	0	0	0	0	0	0	0	
1256.137917	8	6	3	0	2	7	1	3669	-1349	28	75364	13	7	18	0	0	0	0	0	0	0	0	0	0	0	0	0	0	
1257.143033	8	6	3	0	2	7	1	3654	-1350	28	75425	13	7	20	0	0	0	0	0	0	0	0	0	0	0	0	0	0	
1258.129433	8	6	3	0	2	7	1	3639	-1350	28	75484	13	7	22	0	0	0	0	0	0	0	0	0	0	0	0	0	0	
1259.134567	8	6	3	0	2	7	1	3625	-1350	28	75544	13	7	23	0	0	0	0	0	0	0	0	0	0	0	0	0	0	
1260.144000	8	6	3	0	2	7	1	3611	-1349	28	75605	13	7	25	0	0	0	0	0	0	0	0	0	0	0	0	0	0	
1261.133283	8	6	3	0	2	7	1	3598	-1349	28	75664	13	7	27	0	0	0	0	0	0	0	0	0	0	0	0	0	0	
1262.138400	8	6	3	0	2	7	1	3584	-1349	28	75724	13	7	28	0	0	0	0	0	0	0	0	0	0	0	0	0	0	
1263.143517	8	6	3	0	2	7	1	3572	-1350	28	75785	13	7	30	0	0	0	0	0	0	0	0	0	0	0	0	0	0	
1264.129917	8	6	3	0	2	7	1	3559	-1349	28	75844	13	7	32	0	0	0	0	0	0	0	0	0	0	0	0	0	0	
1265.136483	8	6	3	0	2	7	1	3547	-1349	28	75904	13	7	33	0	0	0	0	0	0	0	0	0	0	0	0	0	0	
1266.141600	8	6	3	0	2	7	1	3535	-1351	28	75964	13	7	35	0	0	0	0	0	0	0	0	0	0	0	0	0	0	
1267.128000	8	6	3	0	2	7	1	3524	-1349	28	76024	13	7	37	0	0	0	0	0	0	0	0	0	0	0	0	0	0	
1268.133117	8	6	3	0	2	7	1	3513	-1350	29	76084	13	7	38	0	0	0	0	0	0	0	0	0	0	0	0	0	0	
1269.138233	8	6	3	0	2	7	1	3503	-1349	29	76144	13	7	40	0	0	0	0	0	0	0	0	0	0	0	0	0	0	
1270.143367	8	6	3	0	2	7	1	3493	-1350	28	76205	13	7	42	0	0	0	0	0	0	0	0	0	0	0	0	0	0	
1271.129767	8	6	3	0	2	7	1	3483	-1350	28	76264	13	7	43	0	0	0	0	0	0	0	0	0	0	0	0	0	0	
1272.136317	8	6	3	0	2	7	1	3475	-1349	29	76324	13	7	45	0	0	0	0	0	0	0	0	0	0	0	0	0	0	
1273.141433	8	6	3	0	2	7	1	3466	-1350	28	76384	13	7	46	0	0	0	0	0	0	0	0	0	0	0	0	0	0	
1274.127833	8	6	3	0	2	7	1	3458	-1347	29	76444	13	7	48	0	0	0	0	0	0	0	0	0	0	0	0	0	0	
1275.132967	8	6	3	0	2	7	1	3451	-1350	29	76504	13	7	50	0	0	0	0	0	0	0	0	0	0	0	0	0	0	
1276.138083	8	6	3	0	2	7	1	3444	-1352	29	76564	13	7	51	0	0	0	0	0	0	0	0	0	0	0	0	0	0	
1277.144633	8	6	3	0	2	7	1	3436	-1350	28	76625	13	7	53	0	0	0	0	0	0	0	0	0	0	0	0	0	0	
1278.131033	8	6	3	0	2	7	1	3430	-1350	29	76684	13	7	55	0	0	0	0	0	0	0	0	0	0	0	0	0	0	
1279.136167	8	6	3	0	2	7	1	3423	-1350	29	76744	13	7	56	0	0	0	0	0	0	0	0	0	0	0	0	0	0	
1280.141283	8	6	3	0	2	7	1	3417	-1350	29	76804	13	7	58	0	0	0	0	0	0	0	0	0	0	0	0	0	0	
1281.127683	8	6	3	0	2	7	1	3410	-1348	28	76864	13	7	60	0	0	0	0	0	0	0	0	0	0	0	0	0	0	
1282.132800	8	6	3	0	2	7	1	3404	-1349	29	76924	13	7	61	0	0	0	0	0	0	0	0	0	0	0	0	0	0	
1283.137917	8	6	3	0	2	7	1	3396	-1350	29	76984	13	7	63	0	0	0	0	0	0	0	0	0	0	0	0	0	0	
1284.143033	8	6	3	0	2	7	1	3389	-1350	29	77045	13	7	65	0	0	0	0	0	0	0	0	0	0	0	0	0	0	
1285.130883	8	6	3	0	2	7	1	3380	-1351	29	77104	13	7	66	0	0	0	0	0	0	0	0	0	0	0	0	0	0	
1286.136000	8	6	3	0	2	7	1	3369	-1350	29	77164	13	7	68	0	0	0	0	0	0	0	0	0	0	0	0	0	0	
1287.141117	8	6	3	0	2	7	1	3357	-1350	29	77224	13	7	69	0	0	0	0	0	0	0	0	0	0	0	0	0	0	
1288.146233	8	6	3	0	2	7	1	3341	-1350	29	77285	13	7	71	0	0	0	0	0	0	0	0	0	0	0	0	0	0	
1289.132633	8	6	3	0	2	7	1	3320	-1350	29	77344	13	7	73	0	0	0	0	0	0	0	0	0	0	0	0	0	0	
1290.137767	8	6	3	0	2	7	1	3291	-1350	29	77404	13	7	74	0	0	0	0	0	0	0	0	0	0	0	0	0	0	
1291.144317	8	6	3	0	2	7	1	3248	-1350	29	77465	13	7	76	0	0	0	0	0	0	0	0	0	0	0	0	0	0	
1292.130717	8	6	3	0	2	7	1	3175	-1350	28	77524	13	7	78	0	0	0	0	0	0	0	0	0	0	0	0	0	0	
1293.135833	8	6	3	0	2	7	1	3031	-1350	29	77584	13	7	79	0	0	0	0	0	0	0	0	0	0	0	0	0	0	
1294.122233	8	15	3	0	1	31	2	3111	204	29	77643	15	7	81	0	0	0	0	0	0	0	0	0	0	0	0	0	0	
1294.142400	8	3	3	0	1	2	2	3309	677	29	77644	15	7	81	0	0	0	0	0	0	0	0	0	0	0	0	0	0	
1295.130233	8	3	3	0	1	2	2	3652	675	29	77704	15	7	81	0	0	0	0	0	0	0	0	0	0	0	0	0	0	
1296.135367	8	3	3	0	1	2	2	3734	675	29	77764	15	7	81	0	0	0	0	0	0	0	0	0	0	0	0	0	0	
1297.140483	8	3	3	0	1	2	2	3779	675	29	77824	15	7	81	0	0	0	0	0	0	0	0	0	0	0	0	0	0	
1298.145600	8	3	3	0	1	2	2	3805	676	29	77885	15	7	81	0	0	0	0	0	0	0	0	0	0	0	0	0	0	
1299.132000	8	3	3	0	1	2	2	3819	675	29	77944	15	7	81	0	0	0	0	0	0	0	0	0	0	0	0	0	0	
1300.137117	8	3	3	0	1	2	2	3831	674	29	78004	15	7	81	0	0	0	0	0	0	0	0	0	0	0	0	0	0	
1301.142233	8	3	3	0	1	2	2	3844	674	29	78064	15	7	81	0	0	0	0	0	0	0	0	0	0	0	0	0	0	
1302.130083	8	3	3	0	1	2	2	3857	673	29	78124	15	7	81	0	0	0	0	0	0	0	0	0	0	0	0	0	0	
1303.135200	8	3	3	0	1	2	2	3869	674	29	78184	15	7	81	0	0	0	0	0	0	0	0	0	0	0	0	0	0	
1304.140317	8	3	3	0	1	2	2	3878	674	29	78244	15	7	81	0	0	0	0	0	0	0	0	0	0	0	0	0	0	
1305.145433	8	3	3	0	1	2	2	3887	675	29	78305	15	7	81	0	0	0	0	0	0	0	0	0	0	0	0	0	0	
1306.131833	8	3	3	0	1	2	2	3894	673	29	78364	15	7	81	0	0	0	0	0	0	0	0	0	0	0	0	0	0	
1307.136967	8	3	3	0	1	2	2	3902	675	29	78424	15	7	81	0	0	0	0	0	0	0	0	0	0	0	0	0	0	
1308.142083	8	3	3	0	1	2	2	3910	674	28	78484	15	7	81	0	0	0	0	0	0	0	0	0	0	0	0	0	0	
1309.148633	8	3	3	0	1	2	2	3916	675	29	78545	15	7	81	0	0	0	0	0	0	0	0	0	0	0	0	0	0	
1310.135033	8	3	3	0	1	2	2	3923	674	28	78604	15	7	81	0	0	0	0	0	0	0	0	0	0	0	0	0	0	
1311.140167	8	3	3	0	1	2	2	3929	674	29	78664	15	7	81	0	0	0	0	0	0	0	0	0	0	0	0	0	0	
1312.145283	8	3	3	0	1	2	2	3935	674	28	78725	15	7	81	0	0	0	0	0	0	0	0	0	0	0	0	0	0	
1313.131683	8	3	3	0	1	2	2	3940	675	29	78784	15	7	81	0	0	0	0	0	0	0	0	0	0	0	0	0	0	
1314.136800	8	3	3	0	1	2	2	3944	674	29	78844	15	7	81	0	0	0	0	0	0	0	0	0	0	0	0	0	0	
1315.143367	8	3	3	0	1	2	2	3948	675	29	78904	15	7	81	0	0	0	0	0	0	0	0	0	0	0	0	0	0	
1316.148483	8	3	3	0	1	2	2	3951	674	29	78965	15	7	81	0	0	0	0	0	0	0	0	0	0	0	0	0	0	
1317.134883	8	3	3	0	1	2	2	3955	675	29	79024	15	7	81	0	0	0	0	0	0	0	0	0	0	0	0	0	0	
1318.140000	8	3	3	0	1	2	2	3958	675	29	79084	15	7	81	0	0	0	0	0	0	0	0	0	0	0	0	0	0	
1319.145117	8	3	3	0	1	2	2	3960	674	28	79145	15	7	81	0	0	0	0	0	0	0	0	0	0	0	0	0	0	
1320.131517	8	3	3	0	1	2	2	3963	674	29	79204	15	7	81	0	0	0	0	0	0	0	0	0	0	0	0	0	0	
1321.138083	8	3	3	0	1	2	2	3966	675	29	79264	15	7	81	0	0	0	0	0	0	0	0	0	0	0	0	0	0	
1322.137433	8	3	3	0	1	2	2	3968	675	28	79324	15	7	81	0	0	0	0	0	0	0	0	0	0	0	0	0	0	
1323.142567	8	3	3	0	1	2	2	3971	674	29	79384	15	7	81	0	0	0	0	0	0	0	0	0	0	0	0	0	0	
1324.147683	8	3	3	0	1	2	2	3973	675	29	79445	15	7	81	0	0	0	0	0	0	0	0	0	0	0	0	0	0	
1325.134083	8	3	3	0	1	2	2	3975	674	29	79504	15	7	81	0	0	0	0	0	0	0	0	0	0	0	0	0	0	
1326.140633	8	3	3	0	1	2	2	3977	674	29	79564	15	7	81	0	0	0	0	0	0	0	0	0	0	0	0	0	0	
1327.145767	8	3	3	0	1	2	2	3980	675	28	79624	15	7	81	0	0	0	0	0	0	0	0	0	0	0	0	0	0	
1328.132167	8	3	3	0	1	2	2	3982	675	28	79684	15	7	81	0	0	0	0	0	0	0	0	0	0	0	0	0	0	
1329.137283	8	3	3	0	1	2	2	3984	674	29	79744	15	7	81	0	0	0	0	0	0	0	0	0	0	0	0	0	0	
1330.142400	8	3	3	0	1	2	2	3986	675	29	79804	15	7	81	0	0	0	0	0	0	0	0	0	0	0	0	0	0	
1331.147517	8	3	3	0	1	2	2	3988	674	28	79865	15	7	81	0	0	0	0	0	0	0	0	0	0	0	0	0	0	
1332.133917	8	3	3	0	1	2	2	3990	674	29	79924	15	7	81	0	0	0	0	0	0	0	0	0	0	0	0	0	0	
1333.140483	8	3	3	0	1	2	2	3991	673	28	79984	15	7	81	0	0	0	0	0	0	0	0	0	0	0	0	0	0	
1334.145600	8	3	3	0	1	2	2	3993	675	28	80044	15	7	81	0	0	0	0	0	0	0	0	0	0	0	0	0	0	
1335.132000	8	3	3	0	1	2	2	3995	673	28	80104	15	7	81	0	0	0	0	0	0	0	0	0	0	0	0	0	0	
1336.137117	8	3	3	0	1	2	2	3997	674	29	80164	15	7	81	0	0	0	0	0	0	0	0	0	0	0	0	0	0	
1337.142233	8	3	3	0	1	2	2	3999	675	28	80224	15	7	81	0	0	0	0	0	0	0	0	0	0	0	0	0	0	
1338.147367	8	3	3	0	1	2	2	4001	675	28	80285	15	7	81	0	0	0	0	0	0	0	0	0	0	0	0	0	0	
1339.133767	8	3	3	0	1	2	2	4004	674	28	80344	15	7	81	0	0	0	0	0	0	0	0	0	0	0	0	0	0	
1340.140317	8	3	3	0	1	2	2	4007	674	29	80404	15	7	81	0	0	0	0	0	0	0	0	0	0	0	0	0	0	
1341.145433	8	3	3	0	1	2	2	4010	674	28	80464	15	7	81	0	0	0	0	0	0	0	0	0	0	0	0	0	0	
1342.150567	8	3	3	0	1	2	2	4013	673	28	80525	15	7	81	0	0	0	0	0	0	0	0	0	0	0	0	0	0	
1343.136967	8	3	3	0	1	2	2	4017	674	28	80584	15	7	81	0	0	0	0	0	0	0	0	0	0	0	0	0	0	
1344.142083	8	3	3	0	1	2	2	4020	675	29	80644	15	7	81	0	0	0	0	0	0	0	0	0	0	0	0	0	0	
1345.147200	8	3	3	0	1	2	2	4024	674	28	80705	15	7	81	0	0	0	0	0	0	0	0	0	0	0	0	0	0	
1346.135033	8	3	3	0	1	2	2	4029	676	28	80764	15	7	81	0	0	0	0	0	0	0	0	0	0	0	0	0	0	
1347.140167	8	3	3	0	1	2	2	4032	675	28	80824	15	7	81	0	0	0	0	0	0	0	0	0	0	0	0	0	0	
1348.145283	8	3	3	0	1	2	2	4037	674	28	80884	15	7	81	0	0	0	0	0	0	0	0	0	0	0	0	0	0	
1349.150400	8	3	3	0	1	2	2	4041	674	28	80945	15	7	81	0	0	0	0	0	0	0	0	0	0	0	0	0	0	
1350.136800	8	3	3	0	1	2	2	4046	674	28	81004	15	7	81	0	0	0	0	0	0	0	0	0	0	0	0	0	0	
1351.141917	8	3	3	0	1	2	2	4051	674	28	81064	15	7	81	0	0	0	0	0	0	0	0	0	0	0	0	0	0	
1352.147033	8	3	3	0	1	2	2	4056	675	28	81124	15	7	81	0	0	0	0	0	0	0	0	0	0	0	0	0	0	
1353.133433	8	3	3	0	1	2	2	4061	674	29	81184	15	7	81	0	0	0	0	0	0	0	0	0	0	0	0	0	0	
1354.140000	8	3	3	0	1	2	2	4066	674	28	81244	15	7	81	0	0	0	0	0	0	0	0	0	0	0	0	0	0	
1355.145117	8	3	3	0	1	2	2	4072	675	29	81304	15	7	81	0	0	0	0	0	0	0	0	0	0	0	0	0	0	
1356.150233	8	3	3	0	1	2	2	4078	675	29	81365	15	7	81	0	0	0	0	0	0	0	0	0	0	0	0	0	0	
1357.136633	8	3	3	0	1	2	2	4083	675	28	81424	15	7	81	0	0	0	0	0	0	0	0	0	0	0	0	0	0	
1358.141767	8	3	3	0	1	2	2	4089	675	28	81484	15	7	81	0	0	0	0	0	0	0	0	0	0	0	0	0	0	
1359.146883	8	3	3	0	1	2	2	4095	676	28	81544	15	7	81	0	0	0	0	0	0	0	0	0	0	0	0	0	0	
1360.134717	8	3	3	0	1	2	2	4101	676	28	81604	15	7	81	0	0	0	0	0	0	0	0	0	0	0	0	0	0	
1361.139833	8	3	3	0	1	2	2	4106	674	28	81664	15	7	81	0	0	0	0	0	0	0	0	0	0	0	0	0	0	
1362.144967	8	3	3	0	1	2	2	4113	674	28	81724	15	7	81	0	0	0	0	0	0	0	0	0	0	0	0	0	0	
1363.150083	8	3	3	0	1	2	2	4118	667	28	81785	15	7	81	0	0	0	0	0	0	0	0	0	0	0	0	0	0	
1364.136483	8	3	3	0	1	2	2	4123	664	28	81844	15	7	81	0	0	0	0	0	0	0	0	0	0	0	0	0	0	
1365.141600	8	3	3	0	1	2	2	4130	664	28	81904	15	7	81	0	0	0	0	0	0	0	0	0	0	0	0	0	0	
1366.146717	8	3	3	0	1	2	2	4136	663	28	81964	15	7	81	0	0	0	0	0	0	0	0	0	0	0	0	0	0	
1367.153283	8	3	3	0	1	2	2	4143	661	28	82025	15	7	81	0	0	0	0	0	0	0	0	0	0	0	0	0	0	
1368.139683	8	3	3	0	1	2	2	4149	660	28	82084	15	7	81	0	0	0	0	0	0	0	0	0	0	0	0	0	0	
1369.144800	8	3	3	0	1	2	2	4156	660	28	82144	15	7	81	0	0	0	0	0	0	0	0	0	0	0	0	0	0	
1370.149917	8	3	3	0	1	2	2	4162	659	29	82205	15	7	81	0	0	0	0	0	0	0	0	0	0	0	0	0	0	
1371.136317	8	3	3	0	1	2	2	4169	657	28	82264	15	7	81	0	0	0	0	0	0	0	0	0	0	0	0	0	0	
1372.141433	8	3	3	0	1	2	2	4176	657	28	82324	15	7	81	0	0	0	0	0	0	0	0	0	0	0	0	0	0	
1373.146567	8	3	3	0	1	2	2	4183	654	28	82384	15	7	81	0	0	0	0	0	0	0	0	0	0	0	0	0	0	
1374.151683	8	3	3	0	1	2	2	4190	654	29	82445	15	7	81	0	0	0	0	0	0	0	0	0	0	0	0	0	0	
1375.139517	8	3	3	0	1	2	2	4197	654	28	82504	15	7	81	0	0	0	0	0	0	0	0	0	0	0	0	0	0	
1376.144633	8	3	3	0	1	2	2	4199	622	29	82564	15	7	81	0	0	0	0	0	0	0	0	0	0	0	0	0	0	
1377.149767	8	3	3	0	1	2	2	4198	589	28	82624	15	7	81	0	0	0	0	0	0	0	0	0	0	0	0	0	0	
1378.136167	8	3	3	0	1	2	2	4198	559	29	82684	15	7	81	0	0	0	0	0	0	0	0	0	0	0	0	0	0	
1379.141283	8	3	3	0	1	2	2	4198	531	28	82744	15	7	81	0	0	0	0	0	0	0	0	0	0	0	0	0	0	
1380.146400	8	3	3	0	1	2	2	4199	505	28	82804	15	7	81	0	0	0	0	0	0	0	0	0	0	0	0	0	0	
1381.152967	8	3	3	0	1	2	2	4198	481	28	82865	15	7	81	0	0	0	0	0	0	0	0	0	0	0	0	0	0	
1382.139367	8	3	3	0	1	2	2	4199	457	29	82924	15	7	81	0	0	0	0	0	0	0	0	0	0	0	0	0	0	
1383.144483	8	3	3	0	1	2	2	4198	435	28	82984	15	7	81	0	0	0	0	0	0	0	0	0	0	0	0	0	0	
1384.149600	8	3	3	0	1	2	2	4198	414	28	83044	15	7	81	0	0	0	0	0	0	0	0	0	0	0	0	0	0	
1385.136000	8	3	3	0	1	2	2	4198	395	28	83104	15	7	81	0	0	0	0	0	0	0	0	0	0	0	0	0	0	
1386.142567	8	3	3	0	1	2	2	4199	378	29	83164	15	7	81	0	0	0	0	0	0	0	0	0	0	0	0	0	0	
1387.147683	8	3	3	0	1	2	2	4199	359	28	83224	15	7	81	0	0	0	0	0	0	0	0	0	0	0	0	0	0	
1388.152800	8	3	3	0	1	2	2	4199	343	28	83285	15	7	81	0	0	0	0	0	0	0	0	0	0	0	0	0	0	
1389.140633	8	3	3	0	1	2	2	4199	328	28	83344	15	7	81	0	0	0	0	0	0	0	0	0	0	0	0	0	0	
1390.145767	8	3	3	0	1	2	2	4199	311	28	83404	15	7	81	0	0	0	0	0	0	0	0	0	0	0	0	0	0	
1391.150883	8	3	3	0	1	2	2	4199	298	29	83464	15	7	81	0	0	0	0	0	0	0	0	0	0	0	0	0	0	
1392.137283	8	3	3	0	1	2	2	4199	284	28	83524	15	7	81	0	0	0	0	0	0	0	0	0	0	0	0	0	0	
1393.142400	8	3	3	0	1	2	2	4199	271	28	83584	15	7	81	0	0	0	0	0	0	0	0	0	0	0	0	0	0	
1394.147517	8	3	3	0	1	2	2	4199	258	28	83644	15	7	81	0	0	0	0	0	0	0	0	0	0	0	0	0	0	
1395.155517	8	3	3	0	1	2	2	4199	247	28	83705	15	7	81	0	0	0	0	0	0	0	0	0	0	0	0	0	0	
1396.141917	8	3	3	0	1	2	2	4198	235	28	83764	15	7	81	0	0	0	0	0	0	0	0	0	0	0	0	0	0	
1397.147033	8	3	3	0	1	2	2	4198	224	28	83824	15	7	81	0	0	0	0	0	0	0	0	0	0	0	0	0	0	
1398.152167	8	3	3	0	1	2	2	4198	214	28	83885	15	7	81	0	0	0	0	0	0	0	0	0	0	0	0	0	0	
1399.138567	8	3	3	0	1	2	2	4199	204	28	83944	15	7	81	0	0	0	0	0	0	0	0	0	0	0	0	0	0	
1400.143683	8	3	3	0	1	2	2	4198	195	29	84004	15	7	81	0	0	0	0	0	0	0	0	0	0	0	0	0	0	
1401.150233	8	3	3	0	1	2	2	4199	186	28	84064	15	7	81	0	0	0	0	0	0	0	0	0	0	0	0	0	0	
1402.155367	8	3	3	0	1	2	2	4199	176	28	84125	15	7	81	0	0	0	0	0	0	0	0	0	0	0	0	0	0	
1403.141767	8	3	3	0	1	2	2	4199	169	28	84184	15	7	81	0	0	0	0	0	0	0	0	0	0	0	0	0	0	
1404.146883	8	3	3	0	1	2	2	4198	161	28	84244	15	7	81	0	0	0	0	0	0	0	0	0	0	0	0	0	0	
1405.152000	8	3	3	0	1	2	2	4199	154	28	84305	15	7	81	0	0	0	0	0	0	0	0	0	0	0	0	0	0	
1406.138400	8	3	3	0	1	2	2	4198	147	28	84364	15	7	81	0	0	0	0	0	0	0	0	0	0	0	0	0	0	
1407.144967	8	3	3	0	1	2	2	4199	140	28	84424	15	7	81	0	0	0	0	0	0	0	0	0	0	0	0	0	0	
1408.150083	8	3	3	0	1	2	2	4199	133	28	84484	15	7	81	0	0	0	0	0	0	0	0	0	0	0	0	0	0	
1409.155200	8	3	3	0	1	2	2	4199	127	28	84545	15	7	81	0	0	0	0	0	0	0	0	0	0	0	0	0	0	
1410.141600	8	3	3	0	1	2	2	4199	122	28	84604	15	7	81	0	0	0	0	0	0	0	0	0	0	0	0	0	0	
1411.146717	8	3	3	0	1	2	2	4199	116	28	84664	15	7	81	0	0	0	0	0	0	0	0	0	0	0	0	0	0	
1412.151833	8	3	3	0	1	2	2	4199	112	29	84724	15	7	81	0	0	0	0	0	0	0	0	0	0	0	0	0	0	
1413.139683	8	3	3	0	1	2	2	4199	107	28	84784	15	7	81	0	0	0	0	0	0	0	0	0	0	0	0	0	0	
1414.144800	8	3	3	0	1	2	2	4199	102	29	84844	15	7	81	0	0	0	0	0	0	0	0	0	0	0	0	0	0	
1415.149917	8	3	3	0	1	2	2	4199	97	29	84904	15	7	81	0	0	0	0	0	0	0	0	0	0	0	0	0	0	
1416.155033	8	3	3	0	1	2	2	4199	94	28	84965	15	7	81	0	0	0	0	0	0	0	0	0	0	0	0	0	0	
1417.141433	8	3	3	0	1	2	2	4199	90	28	85024	15	7	81	0	0	0	0	0	0	0	0	0	0	0	0	0	0	
1418.146567	8	3	3	0	1	2	2	4199	85	28	85084	15	7	81	0	0	0	0	0	0	0	0	0	0	0	0	0	0	
1419.153117	8	3	3	0	1	2	2	4199	81	28	85144	15	7	81	0	0	0	0	0	0	0	0	0	0	0	0	0	0	
1420.139517	8	3	3	0	1	2	2	4198	79	28	85204	15	7	81	0	0	0	0	0	0	0	0	0	0	0	0	0	0	
1421.144633	8	3	3	0	1	2	2	4199	76	29	85264	15	7	81	0	0	0	0	0	0	0	0	0	0	0	0	0	0	
1422.149767	8	3	3	0	1	2	2	4199	73	29	85324	15	7	81	0	0	0	0	0	0	0	0	0	0	0	0	0	0	
1423.154883	8	3	3	0	1	2	2	4199	69	29	85385	15	7	81	0	0	0	0	0	0	0	0	0	0	0	0	0	0	
1423.915200	8	6	3	0	2	7	1	4103	-651	29	85430	15	8	0	0	0	0	0	0	0	0	0	0	0	0	0	0	0	
1424.142717	8	6	3	0	2	7	1	3968	-1348	28	85444	15	8	0	0	0	0	0	0	0	0	0	0	0	0	0	0	0	
1425.149283	8	6	3	0	2	7	1	3917	-1350	29	85504	15	8	1	0	0	0	0	0	0	0	0	0	0	0	0	0	0	
1426.154400	8	6	3	0	2	7	1	3888	-1349	28	85565	15	8	3	0	0	0	0	0	0	0	0	0	0	0	0	0	0	
1427.140800	8	6	3	0	2	7	1	3864	-1350	28	85624	15	8	5	0	0	0	0	0	0	0	0	0	0	0	0	0	0	
1428.145917	8	6	3	0	2	7	1	3840	-1349	28	85684	15	8	6	0	0	0	0	0	0	0	0	0	0	0	0	0	0	
1429.151033	8	6	3	0	2	7	1	3816	-1350	29	85744	15	8	8	0	0	0	0	0	0	0	0	0	0	0	0	0	0	
1430.156167	8	6	3	0	2	7	1	3791	-1350	28	85805	15	8	10	0	0	0	0	0	0	0	0	0	0	0	0	0	0	
1431.142567	8	6	3	0	2	7	1	3759	-1349	29	85864	15	8	11	0	0	0	0	0	0	0	0	0	0	0	0	0	0	
1432.149117	8	6	3	0	2	7	1	3732	-1350	29	85924	15	8	13	0	0	0	0	0	0	0	0	0	0	0	0	0	0	
1433.154233	8	6	3	0	2	7	1	3712	-1349	28	85984	15	8	15	0	0	0	0	0	0	0	0	0	0	0	0	0	0	
1434.140633	8	6	3	0	2	7	1	3692	-1350	29	86044	15	8	16	0	0	0	0	0	0	0	0	0	0	0	0	0	0	
1435.145767	8	6	3	0	2	7	1	3671	-1349	28	86104	15	8	18	0	0	0	0	0	0	0	0	0	0	0	0	0	0	
1436.150883	8	6	3	0	2	7	1	3651	-1349	28	86164	15	8	20	0	0	0	0	0	0	0	0	0	0	0	0	0	0	
1437.156000	8	6	3	0	2	7	1	3634	-1349	29	86225	15	8	21	0	0	0	0	0	0	0	0	0	0	0	0	0	0	
1438.142400	8	6	3	0	2	7	1	3615	-1349	29	86284	15	8	23	0	0	0	0	0	0	0	0	0	0	0	0	0	0	
1439.148967	8	6	3	0	2	7	1	3595	-1349	29	86344	15	8	25	0	0	0	0	0	0	0	0	0	0	0	0	0	0	
1440.154083	8	6	3	0	2	7	1	3585	-1349	29	86404	15	8	26	0	0	0	0	0	0	0	0	0	0	0	0	0	0	
1441.140483	8	6	3	0	2	7	1	3576	-1349	29	86464	15	8	28	0	0	0	0	0	0	0	0	0	0	0	0	0	0	
1442.145600	8	6	3	0	2	7	1	3566	-1350	29	86524	15	8	30	0	0	0	0	0	0	0	0	0	0	0	0	0	0	
1443.150717	8	6	3	0	2	7	1	3555	-1349	29	86584	15	8	31	0	0	0	0	0	0	0	0	0	0	0	0	0	0	
1444.155833	8	6	3	0	2	7	1	3544	-1349	29	86645	15	8	33	0	0	0	0	0	0	0	0	0	0	0	0	0	0	
1445.142233	8	6	3	0	2	7	1	3533	-1349	29	86704	15	8	35	0	0	0	0	0	0	0	0	0	0	0	0	0	0	
1446.148800	8	6	3	0	2	7	1	3522	-1350	29	86764	15	8	36	0	0	0	0	0	0	0	0	0	0	0	0	0	0	
1447.153917	8	6	3	0	2	7	1	3512	-1349	29	86824	15	8	38	0	0	0	0	0	0	0	0	0	0	0	0	0	0	
1448.159033	8	6	3	0	2	7	1	3501	-1349	29	86885	15	8	40	0	0	0	0	0	0	0	0	0	0	0	0	0	0	
1449.145433	8	6	3	0	2	7	1	3491	-1349	29	86944	15	8	41	0	0	0	0	0	0	0	0	0	0	0	0	0	0	
1450.150567	8	6	3	0	2	7	1	3482	-1349	29	87004	15	8	43	0	0	0	0	0	0	0	0	0	0	0	0	0	0	
1451.157117	8	6	3	0	2	7	1	3473	-1350	29	87065	15	8	45	0	0	0	0	0	0	0	0	0	0	0	0	0	0	
1452.142083	8	6	3	0	2	7	1	3465	-1350	29	87124	15	8	46	0	0	0	0	0	0	0	0	0	0	0	0	0	0	
1453.148633	8	6	3	0	2	7	1	3457	-1348	29	87184	15	8	48	0	0	0	0	0	0	0	0	0	0	0	0	0	0	
1454.153767	8	6	3	0	2	7	1	3449	-1349	29	87244	15	8	50	0	0	0	0	0	0	0	0	0	0	0	0	0	0	
1455.158883	8	6	3	0	2	7	1	3442	-1349	29	87305	15	8	51	0	0	0	0	0	0	0	0	0	0	0	0	0	0	
1456.145283	8	6	3	0	2	7	1	3435	-1349	29	87364	15	8	53	0	0	0	0	0	0	0	0	0	0	0	0	0	0	
1457.150400	8	6	3	0	2	7	1	3429	-1348	29	87424	15	8	55	0	0	0	0	0	0	0	0	0	0	0	0	0	0	
1458.155517	8	6	3	0	2	7	1	3423	-1349	29	87484	15	8	56	0	0	0	0	0	0	0	0	0	0	0	0	0	0	
1459.141917	8	6	3	0	2	7	1	3416	-1349	29	87544	15	8	58	0	0	0	0	0	0	0	0	0	0	0	0	0	0	
1460.151367	8	6	3	0	2	7	1	3410	-1349	29	87604	15	8	59	0	0	0	0	0	0	0	0	0	0	0	0	0	0	
1461.156483	8	6	3	0	2	7	1	3403	-1349	29	87665	15	8	61	0	0	0	0	0	0	0	0	0	0	0	0	0	0	
1462.142883	8	6	3	0	2	7	1	3396	-1349	29	87724	15	8	63	0	0	0	0	0	0	0	0	0	0	0	0	0	0	
1463.148000	8	6	3	0	2	7	1	3389	-1349	29	87784	15	8	64	0	0	0	0	0	0	0	0	0	0	0	0	0	0	
1464.154567	8	6	3	0	2	7	1	3380	-1349	29	87844	15	8	66	0	0	0	0	0	0	0	0	0	0	0	0	0	0	
1465.159683	8	6	3	0	2	7	1	3370	-1350	29	87905	15	8	68	0	0	0	0	0	0	0	0	0	0	0	0	0	0	
1466.146083	8	6	3	0	2	7	1	3358	-1350	29	87964	15	8	69	0	0	0	0	0	0	0	0	0	0	0	0	0	0	
1467.151200	8	6	3	0	2	7	1	3343	-1349	29	88024	15	8	71	0	0	0	0	0	0	0	0	0	0	0	0	0	0	
1468.156317	8	6	3	0	2	7	1	3324	-1350	29	88084	15	8	73	0	0	0	0	0	0	0	0	0	0	0	0	0	0	
1469.142717	8	6	3	0	2	7	1	3298	-1347	29	88144	15	8	74	0	0	0	0	0	0	0	0	0	0	0	0	0	0	
1470.149283	8	6	3	0	2	7	1	3258	-1348	29	88204	15	8	76	0	0	0	0	0	0	0	0	0	0	0	0	0	0	
1471.154400	8	6	3	0	2	7	1	3193	-1351	29	88264	15	8	78	0	0	0	0	0	0	0	0	0	0	0	0	0	0	
1472.159517	8	6	3	0	2	7	1	3069	-1349	29	88325	15	8	79	0	0	0	0	0	0	0	0	0	0	0	0	0	0	
1473.145917	8	6	3	0	2	7	1	2770	-1350	29	88384	15	8	81	0	0	0	0	0	0	0	0	0	0	0	0	0	0	
1473.341767	8	15	3	0	1	31	2	3225	563	29	88396	17	8	81	0	0	0	0	0	0	0	0	0	0	0	0	0	0	
1473.361917	8	3	3	0	1	2	2	3329	676	29	88397	17	8	81	0	0	0	0	0	0	0	0	0	0	0	0	0	0	
1474.155367	8	3	3	0	1	2	2	3634	673	29	88444	17	8	81	0	0	0	0	0	0	0	0	0	0	0	0	0	0	
1475.160483	8	3	3	0	1	2	2	3727	673	29	88505	17	8	81	0	0	0	0	0	0	0	0	0	0	0	0	0	0	
1476.146883	8	3	3	0	1	2	2	3773	674	29	88564	17	8	81	0	0	0	0	0	0	0	0	0	0	0	0	0	0	
1477.152000	8	3	3	0	1	2	2	3799	674	29	88624	17	8	81	0	0	0	0	0	0	0	0	0	0	0	0	0	0	
1478.157117	8	3	3	0	1	2	2	3812	674	29	88684	17	8	81	0	0	0	0	0	0	0	0	0	0	0	0	0	0	
1479.144967	8	3	3	0	1	2	2	3821	673	29	88744	17	8	81	0	0	0	0	0	0	0	0	0	0	0	0	0	0	
1480.150083	8	3	3	0	1	2	2	3830	675	29	88804	17	8	81	0	0	0	0	0	0	0	0	0	0	0	0	0	0	
1481.155200	8	3	3	0	1	2	2	3838	674	29	88864	17	8	81	0	0	0	0	0	0	0	0	0	0	0	0	0	0	
1482.144483	8	3	3	0	1	2	2	3845	674	29	88924	17	8	81	0	0	0	0	0	0	0	0	0	0	0	0	0	0	
1483.151033	8	3	3	0	1	2	2	3852	675	29	88984	17	8	81	0	0	0	0	0	0	0	0	0	0	0	0	0	0	
1484.156167	8	3	3	0	1	2	2	3859	674	29	89044	17	8	81	0	0	0	0	0	0	0	0	0	0	0	0	0	0	
1485.161283	8	3	3	0	1	2	2	3866	675	29	89105	17	8	81	0	0	0	0	0	0	0	0	0	0	0	0	0	0	
1486.147683	8	3	3	0	1	2	2	3872	675	29	89164	17	8	81	0	0	0	0	0	0	0	0	0	0	0	0	0	0	
1487.152800	8	3	3	0	1	2	2	3879	674	29	89224	17	8	81	0	0	0	0	0	0	0	0	0	0	0	0	0	0	
1488.157917	8	3	3	0	1	2	2	3885	675	29	89285	17	8	81	0	0	0	0	0	0	0	0	0	0	0	0	0	0	
1489.144317	8	3	3	0	1	2	2	3892	675	29	89344	17	8	81	0	0	0	0	0	0	0	0	0	0	0	0	0	0	
1490.150883	8	3	3	0	1	2	2	3898	675	29	89404	17	8	81	0	0	0	0	0	0	0	0	0	0	0	0	0	0	
1491.156000	8	3	3	0	1	2	2	3903	674	29	89464	17	8	81	0	0	0	0	0	0	0	0	0	0	0	0	0	0	
1492.161117	8	3	3	0	1	2	2	3908	674	29	89525	17	8	81	0	0	0	0	0	0	0	0	0	0	0	0	0	0	
1493.147517	8	3	3	0	1	2	2	3912	674	29	89584	17	8	81	0	0	0	0	0	0	0	0	0	0	0	0	0	0	
1494.152633	8	3	3	0	1	2	2	3917	674	29	89644	17	8	81	0	0	0	0	0	0	0	0	0	0	0	0	0	0	
1495.157767	8	3	3	0	1	2	2	3920	674	29	89704	17	8	81	0	0	0	0	0	0	0	0	0	0	0	0	0	0	
1496.144167	8	3	3	0	1	2	2	3924	674	29	89764	17	8	81	0	0	0	0	0	0	0	0	0	0	0	0	0	0	
1497.149283	8	3	3	0	1	2	2	3927	676	29	89824	17	8	81	0	0	0	0	0	0	0	0	0	0	0	0	0	0	
1498.155833	8	3	3	0	1	2	2	3930	674	29	89884	17	8	81	0	0	0	0	0	0	0	0	0	0	0	0	0	0	
1499.160967	8	3	3	0	1	2	2	3933	674	29	89945	17	8	81	0	0	0	0	0	0	0	0	0	0	0	0	0	0	
1500.147367	8	3	3	0	1	2	2	3937	674	29	90004	17	8	81	0	0	0	0	0	0	0	0	0	0	0	0	0	0	
1501.152483	8	3	3	0	1	2	2	3940	674	29	90064	17	8	81	0	0	0	0	0	0	0	0	0	0	0	0	0	0	
1502.157600	8	3	3	0	1	2	2	3943	674	29	90124	17	8	81	0	0	0	0	0	0	0	0	0	0	0	0	0	0	
1503.162717	8	3	3	0	1	2	2	3946	676	29	90185	17	8	81	0	0	0	0	0	0	0	0	0	0	0	0	0	0	
1504.150567	8	3	3	0	1	2	2	3949	675	29	90244	17	8	81	0	0	0	0	0	0	0	0	0	0	0	0	0	0	
1505.155683	8	3	3	0	1	2	2	3953	676	29	90304	17	8	81	0	0	0	0	0	0	0	0	0	0	0	0	0	0	
1506.160800	8	3	3	0	1	2	2	3956	673	29	90365	17	8	81	0	0	0	0	0	0	0	0	0	0	0	0	0	0	
1507.147200	8	3	3	0	1	2	2	3959	674	29	90424	17	8	81	0	0	0	0	0	0	0	0	0	0	0	0	0	0	
1508.152317	8	3	3	0	1	2	2	3963	676	29	90484	17	8	81	0	0	0	0	0	0	0	0	0	0	0	0	0	0	
1509.157433	8	3	3	0	1	2	2	3966	675	29	90544	17	8	81	0	0	0	0	0	0	0	0	0	0	0	0	0	0	
1510.164000	8	3	3	0	1	2	2	3969	675	29	90605	17	8	81	0	0	0	0	0	0	0	0	0	0	0	0	0	0	
1511.150400	8	3	3	0	1	2	2	3972	674	29	90664	17	8	81	0	0	0	0	0	0	0	0	0	0	0	0	0	0	
1512.155517	8	3	3	0	1	2	2	3976	675	29	90724	17	8	81	0	0	0	0	0	0	0	0	0	0	0	0	0	0	
1513.160633	8	3	3	0	1	2	2	3980	675	29	90785	17	8	81	0	0	0	0	0	0	0	0	0	0	0	0	0	0	
1514.147033	8	3	3	0	1	2	2	3982	674	29	90844	17	8	81	0	0	0	0	0	0	0	0	0	0	0	0	0	0	
1515.152167	8	3	3	0	1	2	2	3986	674	29	90904	17	8	81	0	0	0	0	0	0	0	0	0	0	0	0	0	0	
1516.158717	8	3	3	0	1	2	2	3990	675	29	90964	17	8	81	0	0	0	0	0	0	0	0	0	0	0	0	0	0	
1517.163833	8	3	3	0	1	2	2	3993	675	29	91025	17	8	81	0	0	0	0	0	0	0	0	0	0	0	0	0	0	
1518.150233	8	3	3	0	1	2	2	3997	676	29	91084	17	8	81	0	0	0	0	0	0	0	0	0	0	0	0	0	0	
1519.155367	8	3	3	0	1	2	2	4001	675	29	91144	17	8	81	0	0	0	0	0	0	0	0	0	0	0	0	0	0	
1520.160483	8	3	3	0	1	2	2	4005	675	29	91204	17	8	81	0	0	0	0	0	0	0	0	0	0	0	0	0	0	
1521.146883	8	3	3	0	1	2	2	4009	675	29	91264	17	8	81	0	0	0	0	0	0	0	0	0	0	0	0	0	0	
1522.152000	8	3	3	0	1	2	2	4013	674	29	91324	17	8	81	0	0	0	0	0	0	0	0	0	0	0	0	0	0	
1523.158567	8	3	3	0	1	2	2	4018	674	29	91384	17	8	81	0	0	0	0	0	0	0	0	0	0	0	0	0	0	
1524.163683	8	3	3	0	1	2	2	4022	674	29	91445	17	8	81	0	0	0	0	0	0	0	0	0	0	0	0	0	0	
1525.150083	8	3	3	0	1	2	2	4026	673	29	91504	17	8	81	0	0	0	0	0	0	0	0	0	0	0	0	0	0	
1526.155200	8	3	3	0	1	2	2	4031	675	29	91564	17	8	81	0	0	0	0	0	0	0	0	0	0	0	0	0	0	
1527.160317	8	3	3	0	1	2	2	4036	674	29	91624	17	8	81	0	0	0	0	0	0	0	0	0	0	0	0	0	0	
1528.146717	8	3	3	0	1	2	2	4041	674	29	91684	17	8	81	0	0	0	0	0	0	0	0	0	0	0	0	0	0	
1529.153283	8	3	3	0	1	2	2	4046	674	29	91744	17	8	81	0	0	0	0	0	0	0	0	0	0	0	0	0	0	
1530.158400	8	3	3	0	1	2	2	4051	673	29	91804	17	8	81	0	0	0	0	0	0	0	0	0	0	0	0	0	0	
1531.163517	8	3	3	0	1	2	2	4056	674	29	91865	17	8	81	0	0	0	0	0	0	0	0	0	0	0	0	0	0	
1532.149917	8	3	3	0	1	2	2	4061	674	29	91924	17	8	81	0	0	0	0	0	0	0	0	0	0	0	0	0	0	
1533.155033	8	3	3	0	1	2	2	4067	675	29	91984	17	8	81	0	0	0	0	0	0	0	0	0	0	0	0	0	0	
1534.160167	8	3	3	0	1	2	2	4072	675	29	92044	17	8	81	0	0	0	0	0	0	0	0	0	0	0	0	0	0	
1535.165283	8	3	3	0	1	2	2	4078	673	29	92105	17	8	81	0	0	0	0	0	0	0	0	0	0	0	0	0	0	
1536.151683	8	3	3	0	1	2	2	4083	674	29	92164	17	8	81	0	0	0	0	0	0	0	0	0	0	0	0	0	0	
1537.158233	8	3	3	0	1	2	2	4090	675	29	92224	17	8	81	0	0	0	0	0	0	0	0	0	0	0	0	0	0	
1538.163367	8	3	3	0	1	2	2	4096	676	29	92285	17	8	81	0	0	0	0	0	0	0	0	0	0	0	0	0	0	
1539.149767	8	3	3	0	1	2	2	4102	675	29	92344	17	8	81	0	0	0	0	0	0	0	0	0	0	0	0	0	0	
1540.154883	8	3	3	0	1	2	2	4108	674	29	92404	17	8	81	0	0	0	0	0	0	0	0	0	0	0	0	0	0	
1541.160000	8	3	3	0	1	2	2	4114	674	29	92464	17	8	81	0	0	0	0	0	0	0	0	0	0	0	0	0	0	
1542.165117	8	3	3	0	1	2	2	4119	666	29	92525	17	8	81	0	0	0	0	0	0	0	0	0	0	0	0	0	0	
1543.151517	8	3	3	0	1	2	2	4125	663	29	92584	17	8	81	0	0	0	0	0	0	0	0	0	0	0	0	0	0	
1544.156633	8	3	3	0	1	2	2	4131	663	29	92644	17	8	81	0	0	0	0	0	0	0	0	0	0	0	0	0	0	
1545.163200	8	3	3	0	1	2	2	4137	662	29	92704	17	8	81	0	0	0	0	0	0	0	0	0	0	0	0	0	0	
1546.149600	8	3	3	0	1	2	2	4144	662	29	92764	17	8	81	0	0	0	0	0	0	0	0	0	0	0	0	0	0	
1547.154717	8	3	3	0	1	2	2	4150	660	29	92824	17	8	81	0	0	0	0	0	0	0	0	0	0	0	0	0	0	
1548.159833	8	3	3	0	1	2	2	4156	658	29	92884	17	8	81	0	0	0	0	0	0	0	0	0	0	0	0	0	0	
1549.164967	8	3	3	0	1	2	2	4163	656	29	92945	17	8	81	0	0	0	0	0	0	0	0	0	0	0	0	0	0	
1550.151367	8	3	3	0	1	2	2	4170	658	29	93004	17	8	81	0	0	0	0	0	0	0	0	0	0	0	0	0	0	
1551.157917	8	3	3	0	1	2	2	4177	655	29	93064	17	8	81	0	0	0	0	0	0	0	0	0	0	0	0	0	0	
1552.163033	8	3	3	0	1	2	2	4184	654	29	93124	17	8	81	0	0	0	0	0	0	0	0	0	0	0	0	0	0	
1553.149433	8	3	3	0	1	2	2	4191	654	29	93184	17	8	81	0	0	0	0	0	0	0	0	0	0	0	0	0	0	
1554.154567	8	3	3	0	1	2	2	4198	652	29	93244	17	8	81	0	0	0	0	0	0	0	0	0	0	0	0	0	0	
1555.159683	8	3	3	0	1	2	2	4198	617	29	93304	17	8	81	0	0	0	0	0	0	0	0	0	0	0	0	0	0	
1556.164800	8	3	3	0	1	2	2	4198	584	29	93365	17	8	81	0	0	0	0	0	0	0	0	0	0	0	0	0	0	
1557.151200	8	3	3	0	1	2	2	4198	556	29	93424	17	8	81	0	0	0	0	0	0	0	0	0	0	0	0	0	0	
1558.157767	8	3	3	0	1	2	2	4199	527	29	93484	17	8	81	0	0	0	0	0	0	0	0	0	0	0	0	0	0	
1559.162883	8	3	3	0	1	2	2	4198	502	29	93544	17	8	81	0	0	0	0	0	0	0	0	0	0	0	0	0	0	
1560.149283	8	3	3	0	1	2	2	4198	478	29	93604	17	8	81	0	0	0	0	0	0	0	0	0	0	0	0	0	0	
1561.154400	8	3	3	0	1	2	2	4198	456	29	93664	17	8	81	0	0	0	0	0	0	0	0	0	0	0	0	0	0	
1562.159517	8	3	3	0	1	2	2	4199	434	29	93724	17	8	81	0	0	0	0	0	0	0	0	0	0	0	0	0	0	
1563.164633	8	3	3	0	1	2	2	4199	412	29	93785	17	8	81	0	0	0	0	0	0	0	0	0	0	0	0	0	0	
1564.151033	8	3	3	0	1	2	2	4198	394	29	93844	17	8	81	0	0	0	0	0	0	0	0	0	0	0	0	0	0	
1565.157600	8	3	3	0	1	2	2	4198	375	29	93904	17	8	81	0	0	0	0	0	0	0	0	0	0	0	0	0	0	
1566.162717	8	3	3	0	1	2	2	4198	358	29	93964	17	8	81	0	0	0	0	0	0	0	0	0	0	0	0	0	0	
1567.167833	8	3	3	0	1	2	2	4198	340	29	94025	17	8	81	0	0	0	0	0	0	0	0	0	0	0	0	0	0	
1568.154233	8	3	3	0	1	2	2	4198	324	29	94084	17	8	81	0	0	0	0	0	0	0	0	0	0	0	0	0	0	
1569.159367	8	3	3	0	1	2	2	4198	310	29	94144	17	8	81	0	0	0	0	0	0	0	0	0	0	0	0	0	0	
1570.165917	8	3	3	0	1	2	2	4199	295	29	94205	17	8	81	0	0	0	0	0	0	0	0	0	0	0	0	0	0	
1571.152317	8	3	3	0	1	2	2	4198	281	29	94264	17	8	81	0	0	0	0	0	0	0	0	0	0	0	0	0	0	
1572.157433	8	3	3	0	1	2	2	4199	269	29	94324	17	8	81	0	0	0	0	0	0	0	0	0	0	0	0	0	0	
1573.162567	8	3	3	0	1	2	2	4198	256	29	94384	17	8	81	0	0	0	0	0	0	0	0	0	0	0	0	0	0	
1574.167683	8	3	3	0	1	2	2	4198	244	29	94445	17	8	81	0	0	0	0	0	0	0	0	0	0	0	0	0	0	
1575.154083	8	3	3	0	1	2	2	4198	233	29	94504	17	8	81	0	0	0	0	0	0	0	0	0	0	0	0	0	0	
1576.159200	8	3	3	0	1	2	2	4198	223	29	94564	17	8	81	0	0	0	0	0	0	0	0	0	0	0	0	0	0	
1577.165767	8	3	3	0	1	2	2	4198	211	29	94624	17	8	81	0	0	0	0	0	0	0	0	0	0	0	0	0	0	
1578.152167	8	3	3	0	1	2	2	4198	203	29	94684	17	8	81	0	0	0	0	0	0	0	0	0	0	0	0	0	0	
1579.157283	8	3	3	0	1	2	2	4199	193	29	94744	17	8	81	0	0	0	0	0	0	0	0	0	0	0	0	0	0	
1580.162400	8	3	3	0	1	2	2	4198	184	29	94804	17	8	81	0	0	0	0	0	0	0	0	0	0	0	0	0	0	
1581.167517	8	3	3	0	1	2	2	4198	175	29	94865	17	8	81	0	0	0	0	0	0	0	0	0	0	0	0	0	0	
1582.153917	8	3	3	0	1	2	2	4199	168	29	94924	17	8	81	0	0	0	0	0	0	0	0	0	0	0	0	0	0	
1583.160483	8	3	3	0	1	2	2	4199	160	29	94984	17	8	81	0	0	0	0	0	0	0	0	0	0	0	0	0	0	
1584.165600	8	3	3	0	1	2	2	4199	153	29	95044	17	8	81	0	0	0	0	0	0	0	0	0	0	0	0	0	0	
1585.152000	8	3	3	0	1	2	2	4198	147	29	95104	17	8	81	0	0	0	0	0	0	0	0	0	0	0	0	0	0	
1586.157117	8	3	3	0	1	2	2	4199	140	29	95164	17	8	81	0	0	0	0	0	0	0	0	0	0	0	0	0	0	
1587.163683	8	3	3	0	1	2	2	4198	135	29	95224	17	8	81	0	0	0	0	0	0	0	0	0	0	0	0	0	0	
1588.168800	8	3	3	0	1	2	2	4199	129	29	95285	17	8	81	0	0	0	0	0	0	0	0	0	0	0	0	0	0	
1589.156633	8	3	3	0	1	2	2	4198	124	29	95344	17	8	81	0	0	0	0	0	0	0	0	0	0	0	0	0	0	
1590.161767	8	3	3	0	1	2	2	4198	118	29	95404	17	8	81	0	0	0	0	0	0	0	0	0	0	0	0	0	0	
1591.166883	8	3	3	0	1	2	2	4198	112	29	95465	17	8	81	0	0	0	0	0	0	0	0	0	0	0	0	0	0	
1592.153283	8	3	3	0	1	2	2	4199	107	29	95524	17	8	81	0	0	0	0	0	0	0	0	0	0	0	0	0	0	
1593.158400	8	3	3	0	1	2	2	4199	103	29	95584	17	8	81	0	0	0	0	0	0	0	0	0	0	0	0	0	0	
1594.164967	8	3	3	0	1	2	2	4199	99	29	95644	17	8	81	0	0	0	0	0	0	0	0	0	0	0	0	0	0	
1595.170083	8	3	3	0	1	2	2	4198	93	29	95705	17	8	81	0	0	0	0	0	0	0	0	0	0	0	0	0	0	
1596.156483	8	3	3	0	1	2	2	4199	91	29	95764	17	8	81	0	0	0	0	0	0	0	0	0	0	0	0	0	0	
1597.161600	8	3	3	0	1	2	2	4198	87	29	95824	17	8	81	0	0	0	0	0	0	0	0	0	0	0	0	0	0	
1598.166717	8	3	3	0	1	2	2	4198	83	29	95885	17	8	81	0	0	0	0	0	0	0	0	0	0	0	0	0	0	
1599.153117	8	3	3	0	1	2	2	4198	79	29	95944	17	8	81	0	0	0	0	0	0	0	0	0	0	0	0	0	0	
1600.159683	8	3	3	0	1	2	2	4198	76	29	96004	17	8	81	0	0	0	0	0	0	0	0	0	0	0	0	0	0	
1601.164800	8	3	3	0	1	2	2	4199	74	29	96064	17	8	81	0	0	0	0	0	0	0	0	0	0	0	0	0	0	
1602.169917	8	3	3	0	1	2	2	4199	70	29	96125	17	8	81	0	0	0	0	0	0	0	0	0	0	0	0	0	0	
1603.156317	8	3	3	0	1	2	2	4199	68	29	96184	17	8	81	0	0	0	0	0	0	0	0	0	0	0	0	0	0	
1603.333433	8	6	3	0	2	7	1	3979	-1349	29	96194	17	9	0	0	0	0	0	0	0	0	0	0	0	0	0	0	0	
1604.162883	8	6	3	0	2	7	1	3914	-1348	29	96244	17	9	1	0	0	0	0	0	0	0	0	0	0	0	0	0	0	
1605.169433	8	6	3	0	2	7	1	3874	-1349	29	96305	17	9	3	0	0	0	0	0	0	0	0	0	0	0	0	0	0	
1606.155833	8	6	3	0	2	7	1	3831	-1350	29	96364	17	9	4	0	0	0	0	0	0	0	0	0	0	0	0	0	0	
1607.160967	8	6	3	0	2	7	1	3798	-1352	29	96424	17	9	6	0	0	0	0	0	0	0	0	0	0	0	0	0	0	
1608.166083	8	6	3	0	2	7	1	3777	-1351	29	96484	17	9	7	0	0	0	0	0	0	0	0	0	0	0	0	0	0	
1609.171200	8	6	3	0	2	7	1	3767	-1349	29	96545	17	9	9	0	0	0	0	0	0	0	0	0	0	0	0	0	0	
1610.157600	8	6	3	0	2	7	1	3754	-1351	29	96604	17	9	11	0	0	0	0	0	0	0	0	0	0	0	0	0	0	
1611.162717	8	6	3	0	2	7	1	3740	-1350	29	96664	17	9	12	0	0	0	0	0	0	0	0	0	0	0	0	0	0	
1612.167833	8	6	3	0	2	7	1	3724	-1349	29	96725	17	9	14	0	0	0	0	0	0	0	0	0	0	0	0	0	0	
1613.155683	8	6	3	0	2	7	1	3709	-1350	30	96784	17	9	16	0	0	0	0	0	0	0	0	0	0	0	0	0	0	
1614.160800	8	6	3	0	2	7	1	3695	-1350	29	96844	17	9	17	0	0	0	0	0	0	0	0	0	0	0	0	0	0	
1615.165917	8	6	3	0	2	7	1	3680	-1348	30	96904	17	9	19	0	0	0	0	0	0	0	0	0	0	0	0	0	0	
1616.171033	8	6	3	0	2	7	1	3667	-1351	30	96965	17	9	21	0	0	0	0	0	0	0	0	0	0	0	0	0	0	
1617.157433	8	6	3	0	2	7	1	3652	-1350	30	97024	17	9	22	0	0	0	0	0	0	0	0	0	0	0	0	0	0	
1618.164000	8	6	3	0	2	7	1	3638	-1350	30	97084	17	9	24	0	0	0	0	0	0	0	0	0	0	0	0	0	0	
1619.170567	8	6	3	0	2	7	1	3625	-1350	30	97145	17	9	26	0	0	0	0	0	0	0	0	0	0	0	0	0	0	
1620.156967	8	6	3	0	2	7	1	3612	-1349	30	97204	17	9	27	0	0	0	0	0	0	0	0	0	0	0	0	0	0	
1621.162083	8	6	3	0	2	7	1	3599	-1348	30	97264	17	9	29	0	0	0	0	0	0	0	0	0	0	0	0	0	0	
1622.167200	8	6	3	0	2	7	1	3587	-1349	30	97324	17	9	31	0	0	0	0	0	0	0	0	0	0	0	0	0	0	
1623.172317	8	6	3	0	2	7	1	3575	-1350	30	97385	17	9	32	0	0	0	0	0	0	0	0	0	0	0	0	0	0	
1624.158717	8	6	3	0	2	7	1	3564	-1349	30	97444	17	9	34	0	0	0	0	0	0	0	0	0	0	0	0	0	0	
1625.163833	8	6	3	0	2	7	1	3552	-1349	30	97504	17	9	36	0	0	0	0	0	0	0	0	0	0	0	0	0	0	
1626.168967	8	6	3	0	2	7	1	3541	-1349	30	97565	17	9	37	0	0	0	0	0	0	0	0	0	0	0	0	0	0	
1627.156800	8	6	3	0	2	7	1	3531	-1349	30	97624	17	9	39	0	0	0	0	0	0	0	0	0	0	0	0	0	0	
1628.161917	8	6	3	0	2	7	1	3521	-1351	30	97684	17	9	41	0	0	0	0	0	0	0	0	0	0	0	0	0	0	
1629.167033	8	6	3	0	2	7	1	3511	-1351	30	97744	17	9	42	0	0	0	0	0	0	0	0	0	0	0	0	0	0	
1630.172167	8	6	3	0	2	7	1	3502	-1349	30	97805	17	9	44	0	0	0	0	0	0	0	0	0	0	0	0	0	0	
1631.158567	8	6	3	0	2	7	1	3493	-1348	30	97864	17	9	46	0	0	0	0	0	0	0	0	0	0	0	0	0	0	
1632.163683	8	6	3	0	2	7	1	3485	-1350	30	97924	17	9	47	0	0	0	0	0	0	0	0	0	0	0	0	0	0	
1633.168800	8	6	3	0	2	7	1	3477	-1349	30	97984	17	9	49	0	0	0	0	0	0	0	0	0	0	0	0	0	0	
1634.156633	8	6	3	0	2	7	1	3470	-1348	30	98044	17	9	50	0	0	0	0	0	0	0	0	0	0	0	0	0	0	
1635.161767	8	6	3	0	2	7	1	3463	-1349	30	98104	17	9	52	0	0	0	0	0	0	0	0	0	0	0	0	0	0	
1636.166883	8	6	3	0	2	7	1	3457	-1350	30	98164	17	9	54	0	0	0	0	0	0	0	0	0	0	0	0	0	0	
1637.172000	8	6	3	0	2	7	1	3450	-1350	30	98225	17	9	56	0	0	0	0	0	0	0	0	0	0	0	0	0	0	
1638.158400	8	6	3	0	2	7	1	3444	-1350	30	98284	17	9	57	0	0	0	0	0	0	0	0	0	0	0	0	0	0	
1639.163517	8	6	3	0	2	7	1	3437	-1350	30	98344	17	9	59	0	0	0	0	0	0	0	0	0	0	0	0	0	0	
1640.170083	8	6	3	0	2	7	1	3431	-1349	30	98404	17	9	61	0	0	0	0	0	0	0	0	0	0	0	0	0	0	
1641.156483	8	6	3	0	2	7	1	3424	-1349	30	98464	17	9	62	0	0	0	0	0	0	0	0	0	0	0	0	0	0	
1642.161600	8	6	3	0	2	7	1	3417	-1349	30	98524	17	9	64	0	0	0	0	0	0	0	0	0	0	0	0	0	0	
1643.166717	8	6	3	0	2	7	1	3409	-1349	30	98584	17	9	66	0	0	0	0	0	0	0	0	0	0	0	0	0	0	
1644.171833	8	6	3	0	2	7	1	3399	-1350	30	98645	17	9	67	0	0	0	0	0	0	0	0	0	0	0	0	0	0	
1645.158233	8	6	3	0	2	7	1	3389	-1350	30	98704	17	9	69	0	0	0	0	0	0	0	0	0	0	0	0	0	0	
1646.164800	8	6	3	0	2	7	1	3375	-1350	30	98764	17	9	70	0	0	0	0	0	0	0	0	0	0	0	0	0	0	
1647.169917	8	6	3	0	2	7	1	3358	-1349	30	98824	17	9	72	0	0	0	0	0	0	0	0	0	0	0	0	0	0	
1648.156317	8	6	3	0	2	7	1	3336	-1349	30	98884	17	9	74	0	0	0	0	0	0	0	0	0	0	0	0	0	0	
1649.161433	8	6	3	0	2	7	1	3303	-1351	30	98944	17	9	75	0	0	0	0	0	0	0	0	0	0	0	0	0	0	
1650.166567	8	6	3	0	2	7	1	3252	-1348	30	99004	17	9	77	0	0	0	0	0	0	0	0	0	0	0	0	0	0	
1651.171683	8	6	3	0	2	7	1	3160	-1349	30	99065	17	9	79	0	0	0	0	0	0	0	0	0	0	0	0	0	0	
1652.159517	8	6	3	0	2	7	1	2969	-1349	30	99124	17	9	80	0	0	0	0	0	0	0	0	0	0	0	0	0	0	
1652.806083	8	15	3	0	1	31	2	2768	19	30	99163	18	9	82	0	0	0	0	0	0	0	0	0	0	0	0	0	0	
1652.826233	8	3	3	0	1	2	2	3231	671	30	99164	19	9	82	0	0	0	0	0	0	0	0	0	0	0	0	0	0	
1653.167517	8	3	3	0	1	2	2	3516	675	30	99184	19	9	82	0	0	0	0	0	0	0	0	0	0	0	0	0	0	
1654.172633	8	3	3	0	1	2	2	3676	676	30	99245	19	9	82	0	0	0	0	0	0	0	0	0	0	0	0	0	0	
1655.159033	8	3	3	0	1	2	2	3741	674	30	99304	19	9	82	0	0	0	0	0	0	0	0	0	0	0	0	0	0	
1656.164167	8	3	3	0	1	2	2	3779	677	30	99364	19	9	82	0	0	0	0	0	0	0	0	0	0	0	0	0	0	
1657.170717	8	3	3	0	1	2	2	3798	674	30	99424	19	9	82	0	0	0	0	0	0	0	0	0	0	0	0	0	0	
1658.157117	8	3	3	0	1	2	2	3810	675	30	99484	19	9	82	0	0	0	0	0	0	0	0	0	0	0	0	0	0	
1659.162233	8	3	3	0	1	2	2	3819	676	30	99544	19	9	82	0	0	0	0	0	0	0	0	0	0	0	0	0	0	
1660.167367	8	3	3	0	1	2	2	3827	674	30	99604	19	9	82	0	0	0	0	0	0	0	0	0	0	0	0	0	0	
1661.172483	8	3	3	0	1	2	2	3835	675	30	99665	19	9	82	0	0	0	0	0	0	0	0	0	0	0	0	0	0	
1662.163200	8	3	3	0	1	2	2	3842	674	30	99724	19	9	82	0	0	0	0	0	0	0	0	0	0	0	0	0	0	
1663.168317	8	3	3	0	1	2	2	3849	675	30	99784	19	9	82	0	0	0	0	0	0	0	0	0	0	0	0	0	0	
1664.173433	8	3	3	0	1	2	2	3856	675	30	99845	19	9	82	0	0	0	0	0	0	0	0	0	0	0	0	0	0	
1665.159833	8	3	3	0	1	2	2	3863	674	30	99904	19	9	82	0	0	0	0	0	0	0	0	0	0	0	0	0	0	
1666.164967	8	3	3	0	1	2	2	3871	674	30	99964	19	9	82	0	0	0	0	0	0	0	0	0	0	0	0	0	0	
1667.171517	8	3	3	0	1	2	2	3878	675	30	100024	19	9	82	0	0	0	0	0	0	0	0	0	0	0	0	0	0	
1668.176633	8	3	3	0	1	2	2	3884	674	30	100085	19	9	82	0	0	0	0	0	0	0	0	0	0	0	0	0	0	
1669.163033	8	3	3	0	1	2	2	3891	675	30	100144	19	9	82	0	0	0	0	0	0	0	0	0	0	0	0	0	0	
1670.168167	8	3	3	0	1	2	2	3897	675	30	100204	19	9	82	0	0	0	0	0	0	0	0	0	0	0	0	0	0	
1671.173283	8	3	3	0	1	2	2	3902	675	30	100265	19	9	82	0	0	0	0	0	0	0	0	0	0	0	0	0	0	
1672.159683	8	3	3	0	1	2	2	3907	675	30	100324	19	9	82	0	0	0	0	0	0	0	0	0	0	0	0	0	0	
1673.164800	8	3	3	0	1	2	2	3911	676	30	100384	19	9	82	0	0	0	0	0	0	0	0	0	0	0	0	0	0	
1674.169917	8	3	3	0	1	2	2	3915	674	30	100444	19	9	82	0	0	0	0	0	0	0	0	0	0	0	0	0	0	
1675.176483	8	3	3	0	1	2	2	3919	675	30	100505	19	9	82	0	0	0	0	0	0	0	0	0	0	0	0	0	0	
1676.162883	8	3	3	0	1	2	2	3922	675	30	100564	19	9	82	0	0	0	0	0	0	0	0	0	0	0	0	0	0	
1677.168000	8	3	3	0	1	2	2	3925	674	30	100624	19	9	82	0	0	0	0	0	0	0	0	0	0	0	0	0	0	
1678.173117	8	3	3	0	1	2	2	3929	674	30	100684	19	9	82	0	0	0	0	0	0	0	0	0	0	0	0	0	0	
1679.159517	8	3	3	0	1	2	2	3932	675	30	100744	19	9	82	0	0	0	0	0	0	0	0	0	0	0	0	0	0	
1680.164633	8	3	3	0	1	2	2	3935	674	30	100804	19	9	82	0	0	0	0	0	0	0	0	0	0	0	0	0	0	
1681.171200	8	3	3	0	1	2	2	3939	674	30	100864	19	9	82	0	0	0	0	0	0	0	0	0	0	0	0	0	0	
1682.176317	8	3	3	0	1	2	2	3942	674	29	100925	19	9	82	0	0	0	0	0	0	0	0	0	0	0	0	0	0	
1683.162717	8	3	3	0	1	2	2	3945	674	29	100984	19	9	82	0	0	0	0	0	0	0	0	0	0	0	0	0	0	
1684.167833	8	3	3	0	1	2	2	3948	675	29	101044	19	9	82	0	0	0	0	0	0	0	0	0	0	0	0	0	0	
1685.172967	8	3	3	0	1	2	2	3951	673	30	101104	19	9	82	0	0	0	0	0	0	0	0	0	0	0	0	0	0	
1686.159367	8	3	3	0	1	2	2	3955	675	29	101164	19	9	82	0	0	0	0	0	0	0	0	0	0	0	0	0	0	
1687.164483	8	3	3	0	1	2	2	3958	675	29	101224	19	9	82	0	0	0	0	0	0	0	0	0	0	0	0	0	0	
1688.169600	8	3	3	0	1	2	2	3961	675	29	101284	19	9	82	0	0	0	0	0	0	0	0	0	0	0	0	0	0	
1689.176167	8	3	3	0	1	2	2	3965	675	30	101345	19	9	82	0	0	0	0	0	0	0	0	0	0	0	0	0	0	
1690.162567	8	3	3	0	1	2	2	3968	675	29	101404	19	9	82	0	0	0	0	0	0	0	0	0	0	0	0	0	0	
1691.167683	8	3	3	0	1	2	2	3971	675	29	101464	19	9	82	0	0	0	0	0	0	0	0	0	0	0	0	0	0	
1692.172800	8	3	3	0	1	2	2	3974	674	30	101524	19	9	82	0	0	0	0	0	0	0	0	0	0	0	0	0	0	
1693.177917	8	3	3	0	1	2	2	3978	676	29	101585	19	9	82	0	0	0	0	0	0	0	0	0	0	0	0	0	0	
1694.164317	8	3	3	0	1	2	2	3981	675	29	101644	19	9	82	0	0	0	0	0	0	0	0	0	0	0	0	0	0	
1695.169433	8	3	3	0	1	2	2	3985	674	29	101704	19	9	82	0	0	0	0	0	0	0	0	0	0	0	0	0	0	
1696.174567	8	3	3	0	1	2	2	3989	676	30	101765	19	9	82	0	0	0	0	0	0	0	0	0	0	0	0	0	0	
1697.162400	8	3	3	0	1	2	2	3992	674	30	101824	19	9	82	0	0	0	0	0	0	0	0	0	0	0	0	0	0	
1698.167517	8	3	3	0	1	2	2	3996	675	29	101884	19	9	82	0	0	0	0	0	0	0	0	0	0	0	0	0	0	
1699.172633	8	3	3	0	1	2	2	4000	675	29	101944	19	9	82	0	0	0	0	0	0	0	0	0	0	0	0	0	0	
1700.177767	8	3	3	0	1	2	2	4004	675	29	102005	19	9	82	0	0	0	0	0	0	0	0	0	0	0	0	0	0	
1701.164167	8	3	3	0	1	2	2	4008	675	29	102064	19	9	82	0	0	0	0	0	0	0	0	0	0	0	0	0	0	
1702.170717	8	3	3	0	1	2	2	4013	676	29	102124	19	9	82	0	0	0	0	0	0	0	0	0	0	0	0	0	0	
1703.175833	8	3	3	0	1	2	2	4017	674	29	102185	19	9	82	0	0	0	0	0	0	0	0	0	0	0	0	0	0	
1704.162233	8	3	3	0	1	2	2	4021	675	29	102244	19	9	82	0	0	0	0	0	0	0	0	0	0	0	0	0	0	
1705.167367	8	3	3	0	1	2	2	4026	674	29	102304	19	9	82	0	0	0	0	0	0	0	0	0	0	0	0	0	0	
1706.176800	8	3	3	0	1	2	2	4031	673	29	102365	19	9	82	0	0	0	0	0	0	0	0	0	0	0	0	0	0	
1707.163200	8	3	3	0	1	2	2	4035	674	29	102424	19	9	82	0	0	0	0	0	0	0	0	0	0	0	0	0	0	
1708.168317	8	3	3	0	1	2	2	4041	675	29	102484	19	9	82	0	0	0	0	0	0	0	0	0	0	0	0	0	0	
1709.173433	8	3	3	0	1	2	2	4045	675	29	102544	19	9	82	0	0	0	0	0	0	0	0	0	0	0	0	0	0	
1710.178567	8	3	3	0	1	2	2	4050	675	29	102605	19	9	82	0	0	0	0	0	0	0	0	0	0	0	0	0	0	
1711.164967	8	3	3	0	1	2	2	4055	674	29	102664	19	9	82	0	0	0	0	0	0	0	0	0	0	0	0	0	0	
1712.171517	8	3	3	0	1	2	2	4061	675	29	102724	19	9	82	0	0	0	0	0	0	0	0	0	0	0	0	0	0	
1713.176633	8	3	3	0	1	2	2	4067	674	29	102785	19	9	82	0	0	0	0	0	0	0	0	0	0	0	0	0	0	
1714.163033	8	3	3	0	1	2	2	4072	674	29	102844	19	9	82	0	0	0	0	0	0	0	0	0	0	0	0	0	0	
1715.168167	8	3	3	0	1	2	2	4078	674	29	102904	19	9	82	0	0	0	0	0	0	0	0	0	0	0	0	0	0	
1716.173283	8	3	3	0	1	2	2	4084	674	29	102964	19	9	82	0	0	0	0	0	0	0	0	0	0	0	0	0	0	
1717.179833	8	3	3	0	1	2	2	4089	675	29	103025	19	9	82	0	0	0	0	0	0	0	0	0	0	0	0	0	0	
1718.166233	8	3	3	0	1	2	2	4095	675	29	103084	19	9	82	0	0	0	0	0	0	0	0	0	0	0	0	0	0	
1719.171367	8	3	3	0	1	2	2	4101	675	29	103144	19	9	82	0	0	0	0	0	0	0	0	0	0	0	0	0	0	
1720.176483	8	3	3	0	1	2	2	4107	675	29	103204	19	9	82	0	0	0	0	0	0	0	0	0	0	0	0	0	0	
1721.162883	8	3	3	0	1	2	2	4114	675	29	103264	19	9	82	0	0	0	0	0	0	0	0	0	0	0	0	0	0	
1722.168000	8	3	3	0	1	2	2	4119	669	29	103324	19	9	82	0	0	0	0	0	0	0	0	0	0	0	0	0	0	
1723.174567	8	3	3	0	1	2	2	4125	666	29	103384	19	9	82	0	0	0	0	0	0	0	0	0	0	0	0	0	0	
1724.179683	8	3	3	0	1	2	2	4131	664	29	103445	19	9	82	0	0	0	0	0	0	0	0	0	0	0	0	0	0	
1725.166083	8	3	3	0	1	2	2	4137	663	29	103504	19	9	82	0	0	0	0	0	0	0	0	0	0	0	0	0	0	
1726.171200	8	3	3	0	1	2	2	4144	662	29	103564	19	9	82	0	0	0	0	0	0	0	0	0	0	0	0	0	0	
1727.176317	8	3	3	0	1	2	2	4150	662	29	103624	19	9	82	0	0	0	0	0	0	0	0	0	0	0	0	0	0	
1728.162717	8	3	3	0	1	2	2	4157	660	29	103684	19	9	82	0	0	0	0	0	0	0	0	0	0	0	0	0	0	
1729.167833	8	3	3	0	1	2	2	4163	660	29	103744	19	9	82	0	0	0	0	0	0	0	0	0	0	0	0	0	0	
1730.174400	8	3	3	0	1	2	2	4170	659	29	103804	19	9	82	0	0	0	0	0	0	0	0	0	0	0	0	0	0	
1731.179517	8	3	3	0	1	2	2	4177	657	29	103865	19	9	82	0	0	0	0	0	0	0	0	0	0	0	0	0	0	
1732.165917	8	3	3	0	1	2	2	4184	657	29	103924	19	9	82	0	0	0	0	0	0	0	0	0	0	0	0	0	0	
1733.171033	8	3	3	0	1	2	2	4191	655	29	103984	19	9	82	0	0	0	0	0	0	0	0	0	0	0	0	0	0	
1734.176167	8	3	3	0	1	2	2	4198	654	29	104044	19	9	82	0	0	0	0	0	0	0	0	0	0	0	0	0	0	
1735.162567	8	3	3	0	1	2	2	4198	615	29	104104	19	9	82	0	0	0	0	0	0	0	0	0	0	0	0	0	0	
1736.169117	8	3	3	0	1	2	2	4198	584	29	104164	19	9	82	0	0	0	0	0	0	0	0	0	0	0	0	0	0	
1737.174233	8	3	3	0	1	2	2	4198	554	29	104224	19	9	82	0	0	0	0	0	0	0	0	0	0	0	0	0	0	
1738.179367	8	3	3	0	1	2	2	4198	527	29	104285	19	9	82	0	0	0	0	0	0	0	0	0	0	0	0	0	0	
1739.165767	8	3	3	0	1	2	2	4198	500	29	104344	19	9	82	0	0	0	0	0	0	0	0	0	0	0	0	0	0	
1740.170883	8	3	3	0	1	2	2	4198	476	29	104404	19	9	82	0	0	0	0	0	0	0	0	0	0	0	0	0	0	
1741.177433	8	3	3	0	1	2	2	4198	454	29	104464	19	9	82	0	0	0	0	0	0	0	0	0	0	0	0	0	0	
1742.163833	8	3	3	0	1	2	2	4198	432	29	104524	19	9	82	0	0	0	0	0	0	0	0	0	0	0	0	0	0	
1743.168967	8	3	3	0	1	2	2	4198	411	29	104584	19	9	82	0	0	0	0	0	0	0	0	0	0	0	0	0	0	
1744.174083	8	3	3	0	1	2	2	4198	390	29	104644	19	9	82	0	0	0	0	0	0	0	0	0	0	0	0	0	0	
1745.179200	8	3	3	0	1	2	2	4198	371	29	104705	19	9	82	0	0	0	0	0	0	0	0	0	0	0	0	0	0	
1746.165600	8	3	3	0	1	2	2	4198	354	29	104764	19	9	82	0	0	0	0	0	0	0	0	0	0	0	0	0	0	
1747.170717	8	3	3	0	1	2	2	4199	338	29	104824	19	9	82	0	0	0	0	0	0	0	0	0	0	0	0	0	0	
1748.175833	8	3	3	0	1	2	2	4198	321	29	104884	19	9	82	0	0	0	0	0	0	0	0	0	0	0	0	0	0	
1749.182400	8	3	3	0	1	2	2	4199	306	29	104945	19	9	82	0	0	0	0	0	0	0	0	0	0	0	0	0	0	
1750.168800	8	3	3	0	1	2	2	4198	293	29	105004	19	9	82	0	0	0	0	0	0	0	0	0	0	0	0	0	0	
1751.173917	8	3	3	0	1	2	2	4198	278	29	105064	19	9	82	0	0	0	0	0	0	0	0	0	0	0	0	0	0	
1752.179033	8	3	3	0	1	2	2	4198	265	29	105124	19	9	82	0	0	0	0	0	0	0	0	0	0	0	0	0	0	
1753.165433	8	3	3	0	1	2	2	4198	252	29	105184	19	9	82	0	0	0	0	0	0	0	0	0	0	0	0	0	0	
1754.170567	8	3	3	0	1	2	2	4198	240	29	105244	19	9	82	0	0	0	0	0	0	0	0	0	0	0	0	0	0	
1755.175683	8	3	3	0	1	2	2	4198	229	29	105304	19	9	82	0	0	0	0	0	0	0	0	0	0	0	0	0	0	
1756.180800	8	3	3	0	1	2	2	4199	219	29	105365	19	9	82	0	0	0	0	0	0	0	0	0	0	0	0	0	0	
1757.168633	8	3	3	0	1	2	2	4199	209	29	105424	19	9	82	0	0	0	0	0	0	0	0	0	0	0	0	0	0	
1758.173767	8	3	3	0	1	2	2	4198	199	29	105484	19	9	82	0	0	0	0	0	0	0	0	0	0	0	0	0	0	
1759.178883	8	3	3	0	1	2	2	4198	189	29	105544	19	9	82	0	0	0	0	0	0	0	0	0	0	0	0	0	0	
1760.165283	8	3	3	0	1	2	2	4199	181	29	105604	19	9	82	0	0	0	0	0	0	0	0	0	0	0	0	0	0	
1761.170400	8	3	3	0	1	2	2	4198	173	29	105664	19	9	82	0	0	0	0	0	0	0	0	0	0	0	0	0	0	
1762.175517	8	3	3	0	1	2	2	4199	164	29	105724	19	9	82	0	0	0	0	0	0	0	0	0	0	0	0	0	0	
1763.182083	8	3	3	0	1	2	2	4198	158	29	105785	19	9	82	0	0	0	0	0	0	0	0	0	0	0	0	0	0	
1764.168483	8	3	3	0	1	2	2	4198	151	29	105844	19	9	82	0	0	0	0	0	0	0	0	0	0	0	0	0	0	
1765.173600	8	3	3	0	1	2	2	4198	143	29	105904	19	9	82	0	0	0	0	0	0	0	0	0	0	0	0	0	0	
1766.178717	8	3	3	0	1	2	2	4198	136	29	105964	19	9	82	0	0	0	0	0	0	0	0	0	0	0	0	0	0	
1767.165117	8	3	3	0	1	2	2	4198	131	29	106024	19	9	82	0	0	0	0	0	0	0	0	0	0	0	0	0	0	
1768.170233	8	3	3	0	1	2	2	4198	125	29	106084	19	9	82	0	0	0	0	0	0	0	0	0	0	0	0	0	0	
1769.175367	8	3	3	0	1	2	2	4198	119	29	106144	19	9	82	0	0	0	0	0	0	0	0	0	0	0	0	0	0	
1770.181917	8	3	3	0	1	2	2	4199	113	29	106205	19	9	82	0	0	0	0	0	0	0	0	0	0	0	0	0	0	
1771.168317	8	3	3	0	1	2	2	4199	109	29	106264	19	9	82	0	0	0	0	0	0	0	0	0	0	0	0	0	0	
1772.173433	8	3	3	0	1	2	2	4198	105	29	106324	19	9	82	0	0	0	0	0	0	0	0	0	0	0	0	0	0	
1773.178567	8	3	3	0	1	2	2	4199	100	29	106384	19	9	82	0	0	0	0	0	0	0	0	0	0	0	0	0	0	
1774.183683	8	3	3	0	1	2	2	4198	96	29	106445	19	9	82	0	0	0	0	0	0	0	0	0	0	0	0	0	0	
1775.170083	8	3	3	0	1	2	2	4198	92	29	106504	19	9	82	0	0	0	0	0	0	0	0	0	0	0	0	0	0	
1776.175200	8	3	3	0	1	2	2	4199	88	29	106564	19	9	82	0	0	0	0	0	0	0	0	0	0	0	0	0	0	
1777.181767	8	3	3	0	1	2	2	4198	83	29	106625	19	9	82	0	0	0	0	0	0	0	0	0	0	0	0	0	0	
1778.168167	8	3	3	0	1	2	2	4198	80	29	106684	19	9	82	0	0	0	0	0	0	0	0	0	0	0	0	0	0	
1779.173283	8	3	3	0	1	2	2	4198	76	29	106744	19	9	82	0	0	0	0	0	0	0	0	0	0	0	0	0	0	
1780.178400	8	3	3	0	1	2	2	4199	73	29	106804	19	9	82	0	0	0	0	0	0	0	0	0	0	0	0	0	0	
1781.183517	8	3	3	0	1	2	2	4199	70	29	106865	19	9	82	0	0	0	0	0	0	0	0	0	0	0	0	0	0	
1782.169917	8	3	3	0	1	2	2	4199	68	29	106924	19	9	82	0	0	0	0	0	0	0	0	0	0	0	0	0	0	
1782.648000	8	6	3	0	2	7	1	3979	-1349	29	106953	19	10	0	0	0	0	0	0	0	0	0	0	0	0	0	0	0	
1783.177917	8	6	3	0	2	7	1	3931	-1350	29	106984	19	10	0	0	0	0	0	0	0	0	0	0	0	0	0	0	0	
1784.183033	8	6	3	0	2	7	1	3891	-1350	29	107045	19	10	2	0	0	0	0	0	0	0	0	0	0	0	0	0	0	
1785.169433	8	6	3	0	2	7	1	3858	-1349	29	107104	19	10	4	0	0	0	0	0	0	0	0	0	0	0	0	0	0	
1786.174567	8	6	3	0	2	7	1	3825	-1348	29	107164	19	10	5	0	0	0	0	0	0	0	0	0	0	0	0	0	0	
1787.179683	8	6	3	0	2	7	1	3793	-1347	29	107224	19	10	7	0	0	0	0	0	0	0	0	0	0	0	0	0	0	
1788.184800	8	6	3	0	2	7	1	3776	-1351	29	107285	19	10	9	0	0	0	0	0	0	0	0	0	0	0	0	0	0	
1789.174083	8	6	3	0	2	7	1	3765	-1348	29	107344	19	10	10	0	0	0	0	0	0	0	0	0	0	0	0	0	0	
1790.179200	8	6	3	0	2	7	1	3751	-1350	29	107404	19	10	12	0	0	0	0	0	0	0	0	0	0	0	0	0	0	
1791.184317	8	6	3	0	2	7	1	3736	-1349	29	107465	19	10	14	0	0	0	0	0	0	0	0	0	0	0	0	0	0	
1792.170717	8	6	3	0	2	7	1	3720	-1349	29	107524	19	10	15	0	0	0	0	0	0	0	0	0	0	0	0	0	0	
1793.175833	8	6	3	0	2	7	1	3705	-1350	29	107584	19	10	17	0	0	0	0	0	0	0	0	0	0	0	0	0	0	
1794.182400	8	6	3	0	2	7	1	3689	-1350	29	107644	19	10	19	0	0	0	0	0	0	0	0	0	0	0	0	0	0	
1795.168800	8	6	3	0	2	7	1	3674	-1351	29	107704	19	10	20	0	0	0	0	0	0	0	0	0	0	0	0	0	0	
1796.173917	8	6	3	0	2	7	1	3660	-1349	29	107764	19	10	22	0	0	0	0	0	0	0	0	0	0	0	0	0	0	
1797.179033	8	6	3	0	2	7	1	3645	-1348	29	107824	19	10	23	0	0	0	0	0	0	0	0	0	0	0	0	0	0	
1798.184167	8	6	3	0	2	7	1	3631	-1346	29	107885	19	10	25	0	0	0	0	0	0	0	0	0	0	0	0	0	0	
1799.170567	8	6	3	0	2	7	1	3618	-1351	29	107944	19	10	27	0	0	0	0	0	0	0	0	0	0	0	0	0	0	
1800.175683	8	6	3	0	2	7	1	3605	-1350	29	108004	19	10	28	0	0	0	0	0	0	0	0	0	0	0	0	0	0	
1801.180800	8	6	3	0	2	7	1	3593	-1350	29	108064	19	10	30	0	0	0	0	0	0	0	0	0	0	0	0	0	0	
1802.168633	8	6	3	0	2	7	1	3580	-1350	29	108124	19	10	32	0	0	0	0	0	0	0	0	0	0	0	0	0	0	
1803.173767	8	6	3	0	2	7	1	3569	-1350	29	108184	19	10	33	0	0	0	0	0	0	0	0	0	0	0	0	0	0	
1804.178883	8	6	3	0	2	7	1	3557	-1350	29	108244	19	10	35	0	0	0	0	0	0	0	0	0	0	0	0	0	0	
1805.184000	8	6	3	0	2	7	1	3546	-1348	29	108305	19	10	37	0	0	0	0	0	0	0	0	0	0	0	0	0	0	
1806.170400	8	6	3	0	2	7	1	3536	-1350	29	108364	19	10	38	0	0	0	0	0	0	0	0	0	0	0	0	0	0	
1807.175517	8	6	3	0	2	7	1	3526	-1350	29	108424	19	10	40	0	0	0	0	0	0	0	0	0	0	0	0	0	0	
1808.182083	8	6	3	0	2	7	1	3516	-1350	29	108484	19	10	42	0	0	0	0	0	0	0	0	0	0	0	0	0	0	
1809.187200	8	6	3	0	2	7	1	3507	-1351	29	108545	19	10	43	0	0	0	0	0	0	0	0	0	0	0	0	0	0	
1810.173600	8	6	3	0	2	7	1	3498	-1347	29	108604	19	10	45	0	0	0	0	0	0	0	0	0	0	0	0	0	0	
1811.178717	8	6	3	0	2	7	1	3490	-1349	29	108664	19	10	47	0	0	0	0	0	0	0	0	0	0	0	0	0	0	
1812.183833	8	6	3	0	2	7	1	3481	-1349	29	108725	19	10	48	0	0	0	0	0	0	0	0	0	0	0	0	0	0	
1813.170233	8	6	3	0	2	7	1	3474	-1349	29	108784	19	10	50	0	0	0	0	0	0	0	0	0	0	0	0	0	0	
1814.175367	8	6	3	0	2	7	1	3467	-1349	29	108844	19	10	52	0	0	0	0	0	0	0	0	0	0	0	0	0	0	
1815.181917	8	6	3	0	2	7	1	3460	-1348	29	108904	19	10	53	0	0	0	0	0	0	0	0	0	0	0	0	0	0	
1816.187033	8	6	3	0	2	7	1	3453	-1350	29	108965	19	10	55	0	0	0	0	0	0	0	0	0	0	0	0	0	0	
1817.173433	8	6	3	0	2	7	1	3447	-1351	29	109024	19	10	57	0	0	0	0	0	0	0	0	0	0	0	0	0	0	
1818.178567	8	6	3	0	2	7	1	3440	-1350	29	109084	19	10	58	0	0	0	0	0	0	0	0	0	0	0	0	0	0	
1819.183683	8	6	3	0	2	7	1	3434	-1350	29	109144	19	10	60	0	0	0	0	0	0	0	0	0	0	0	0	0	0	
1820.171517	8	6	3	0	2	7	1	3427	-1348	29	109204	19	10	62	0	0	0	0	0	0	0	0	0	0	0	0	0	0	
1821.176633	8	6	3	0	2	7	1	3420	-1350	29	109264	19	10	63	0	0	0	0	0	0	0	0	0	0	0	0	0	0	
1822.181767	8	6	3	0	2	7	1	3412	-1349	29	109324	19	10	65	0	0	0	0	0	0	0	0	0	0	0	0	0	0	
1823.186883	8	6	3	0	2	7	1	3403	-1348	29	109385	19	10	67	0	0	0	0	0	0	0	0	0	0	0	0	0	0	
1824.173283	8	6	3	0	2	7	1	3393	-1350	29	109444	19	10	68	0	0	0	0	0	0	0	0	0	0	0	0	0	0	
1825.178400	8	6	3	0	2	7	1	3380	-1349	29	109504	19	10	70	0	0	0	0	0	0	0	0	0	0	0	0	0	0	
1826.183517	8	6	3	0	2	7	1	3365	-1349	29	109564	19	10	72	0	0	0	0	0	0	0	0	0	0	0	0	0	0	
1827.169917	8	6	3	0	2	7	1	3345	-1350	29	109624	19	10	73	0	0	0	0	0	0	0	0	0	0	0	0	0	0	
1828.176483	8	6	3	0	2	7	1	3316	-1350	29	109684	19	10	75	0	0	0	0	0	0	0	0	0	0	0	0	0	0	
1829.181600	8	6	3	0	2	7	1	3273	-1348	29	109744	19	10	77	0	0	0	0	0	0	0	0	0	0	0	0	0	0	
1830.186717	8	6	3	0	2	7	1	3200	-1349	29	109805	19	10	78	0	0	0	0	0	0	0	0	0	0	0	0	0	0	
1831.173117	8	6	3	0	2	7	1	3058	-1350	29	109864	19	10	80	0	0	0	0	0	0	0	0	0	0	0	0	0	0	
1832.178233	8	15	3	0	1	31	2	3018	14	29	109924	21	10	82	0	0	0	0	0	0	0	0	0	0	0	0	0	0	
1832.204167	8	3	3	0	1	2	2	3279	675	29	109926	21	10	82	0	0	0	0	0	0	0	0	0	0	0	0	0	0	
1833.186233	8	3	3	0	1	2	2	3637	674	29	109985	21	10	82	0	0	0	0	0	0	0	0	0	0	0	0	0	0	
1834.172633	8	3	3	0	1	2	2	3719	675	29	110044	21	10	82	0	0	0	0	0	0	0	0	0	0	0	0	0	0	
1835.177767	8	3	3	0	1	2	2	3765	674	29	110104	21	10	82	0	0	0	0	0	0	0	0	0	0	0	0	0	0	
1836.182883	8	3	3	0	1	2	2	3791	674	29	110164	21	10	82	0	0	0	0	0	0	0	0	0	0	0	0	0	0	
1837.189433	8	3	3	0	1	2	2	3806	675	29	110225	21	10	82	0	0	0	0	0	0	0	0	0	0	0	0	0	0	
1838.175833	8	3	3	0	1	2	2	3815	674	29	110284	21	10	82	0	0	0	0	0	0	0	0	0	0	0	0	0	0	
1839.180967	8	3	3	0	1	2	2	3824	676	29	110344	21	10	82	0	0	0	0	0	0	0	0	0	0	0	0	0	0	
1840.186083	8	3	3	0	1	2	2	3832	674	29	110405	21	10	82	0	0	0	0	0	0	0	0	0	0	0	0	0	0	
1841.172483	8	3	3	0	1	2	2	3839	674	29	110464	21	10	82	0	0	0	0	0	0	0	0	0	0	0	0	0	0	
1842.180483	8	3	3	0	1	2	2	3846	675	29	110524	21	10	82	0	0	0	0	0	0	0	0	0	0	0	0	0	0	
1843.185600	8	3	3	0	1	2	2	3853	675	29	110584	21	10	82	0	0	0	0	0	0	0	0	0	0	0	0	0	0	
1844.172000	8	3	3	0	1	2	2	3860	674	29	110644	21	10	82	0	0	0	0	0	0	0	0	0	0	0	0	0	0	
1845.177117	8	3	3	0	1	2	2	3867	673	29	110704	21	10	82	0	0	0	0	0	0	0	0	0	0	0	0	0	0	
1846.182233	8	3	3	0	1	2	2	3875	674	29	110764	21	10	82	0	0	0	0	0	0	0	0	0	0	0	0	0	0	
1847.187367	8	3	3	0	1	2	2	3882	675	29	110825	21	10	82	0	0	0	0	0	0	0	0	0	0	0	0	0	0	
1848.173767	8	3	3	0	1	2	2	3888	674	29	110884	21	10	82	0	0	0	0	0	0	0	0	0	0	0	0	0	0	
1849.180317	8	3	3	0	1	2	2	3894	675	29	110944	21	10	82	0	0	0	0	0	0	0	0	0	0	0	0	0	0	
1850.185433	8	3	3	0	1	2	2	3899	675	29	111004	21	10	82	0	0	0	0	0	0	0	0	0	0	0	0	0	0	
1851.171833	8	3	3	0	1	2	2	3905	675	29	111064	21	10	82	0	0	0	0	0	0	0	0	0	0	0	0	0	0	
1852.176967	8	3	3	0	1	2	2	3909	675	29	111124	21	10	82	0	0	0	0	0	0	0	0	0	0	0	0	0	0	
1853.182083	8	3	3	0	1	2	2	3913	675	29	111184	21	10	82	0	0	0	0	0	0	0	0	0	0	0	0	0	0	
1854.187200	8	3	3	0	1	2	2	3917	675	29	111245	21	10	82	0	0	0	0	0	0	0	0	0	0	0	0	0	0	
1855.175033	8	3	3	0	1	2	2	3920	675	29	111304	21	10	82	0	0	0	0	0	0	0	0	0	0	0	0	0	0	
1856.180167	8	3	3	0	1	2	2	3923	674	29	111364	21	10	82	0	0	0	0	0	0	0	0	0	0	0	0	0	0	
1857.185283	8	3	3	0	1	2	2	3927	675	29	111424	21	10	82	0	0	0	0	0	0	0	0	0	0	0	0	0	0	
1858.190400	8	3	3	0	1	2	2	3930	675	29	111485	21	10	82	0	0	0	0	0	0	0	0	0	0	0	0	0	0	
1859.176800	8	3	3	0	1	2	2	3933	675	29	111544	21	10	82	0	0	0	0	0	0	0	0	0	0	0	0	0	0	
1860.181917	8	3	3	0	1	2	2	3936	674	29	111604	21	10	82	0	0	0	0	0	0	0	0	0	0	0	0	0	0	
1861.188483	8	3	3	0	1	2	2	3940	675	29	111665	21	10	82	0	0	0	0	0	0	0	0	0	0	0	0	0	0	
1862.174883	8	3	3	0	1	2	2	3943	675	29	111724	21	10	82	0	0	0	0	0	0	0	0	0	0	0	0	0	0	
1863.180000	8	3	3	0	1	2	2	3946	675	29	111784	21	10	82	0	0	0	0	0	0	0	0	0	0	0	0	0	0	
1864.188000	8	3	3	0	1	2	2	3950	674	29	111845	21	10	82	0	0	0	0	0	0	0	0	0	0	0	0	0	0	
1865.174400	8	3	3	0	1	2	2	3952	675	29	111904	21	10	82	0	0	0	0	0	0	0	0	0	0	0	0	0	0	
1866.180967	8	3	3	0	1	2	2	3956	675	29	111964	21	10	82	0	0	0	0	0	0	0	0	0	0	0	0	0	0	
1867.186083	8	3	3	0	1	2	2	3959	676	29	112024	21	10	82	0	0	0	0	0	0	0	0	0	0	0	0	0	0	
1868.191200	8	3	3	0	1	2	2	3962	675	29	112085	21	10	82	0	0	0	0	0	0	0	0	0	0	0	0	0	0	
1869.177600	8	3	3	0	1	2	2	3966	673	29	112144	21	10	82	0	0	0	0	0	0	0	0	0	0	0	0	0	0	
1870.182717	8	3	3	0	1	2	2	3969	675	29	112204	21	10	82	0	0	0	0	0	0	0	0	0	0	0	0	0	0	
1871.187833	8	3	3	0	1	2	2	3972	674	29	112265	21	10	82	0	0	0	0	0	0	0	0	0	0	0	0	0	0	
1872.175683	8	3	3	0	1	2	2	3976	674	29	112324	21	10	82	0	0	0	0	0	0	0	0	0	0	0	0	0	0	
1873.180800	8	3	3	0	1	2	2	3979	675	29	112384	21	10	82	0	0	0	0	0	0	0	0	0	0	0	0	0	0	
1874.185917	8	3	3	0	1	2	2	3982	674	29	112444	21	10	82	0	0	0	0	0	0	0	0	0	0	0	0	0	0	
1875.191033	8	3	3	0	1	2	2	3987	674	29	112505	21	10	82	0	0	0	0	0	0	0	0	0	0	0	0	0	0	
1876.177433	8	3	3	0	1	2	2	3990	675	29	112564	21	10	82	0	0	0	0	0	0	0	0	0	0	0	0	0	0	
1877.182567	8	3	3	0	1	2	2	3994	674	29	112624	21	10	82	0	0	0	0	0	0	0	0	0	0	0	0	0	0	
1878.187683	8	3	3	0	1	2	2	3998	674	29	112684	21	10	82	0	0	0	0	0	0	0	0	0	0	0	0	0	0	
1879.174083	8	3	3	0	1	2	2	4002	675	29	112744	21	10	82	0	0	0	0	0	0	0	0	0	0	0	0	0	0	
1880.180633	8	3	3	0	1	2	2	4006	674	29	112804	21	10	82	0	0	0	0	0	0	0	0	0	0	0	0	0	0	
1881.185767	8	3	3	0	1	2	2	4010	675	29	112864	21	10	82	0	0	0	0	0	0	0	0	0	0	0	0	0	0	
1882.190883	8	3	3	0	1	2	2	4014	675	29	112925	21	10	82	0	0	0	0	0	0	0	0	0	0	0	0	0	0	
1883.177283	8	3	3	0	1	2	2	4019	675	29	112984	21	10	82	0	0	0	0	0	0	0	0	0	0	0	0	0	0	
1884.182400	8	3	3	0	1	2	2	4023	674	29	113044	21	10	82	0	0	0	0	0	0	0	0	0	0	0	0	0	0	
1885.188967	8	3	3	0	1	2	2	4028	675	29	113104	21	10	82	0	0	0	0	0	0	0	0	0	0	0	0	0	0	
1886.175367	8	3	3	0	1	2	2	4033	674	29	113164	21	10	82	0	0	0	0	0	0	0	0	0	0	0	0	0	0	
1887.180483	8	3	3	0	1	2	2	4038	675	29	113224	21	10	82	0	0	0	0	0	0	0	0	0	0	0	0	0	0	
1888.185600	8	3	3	0	1	2	2	4043	674	29	113284	21	10	82	0	0	0	0	0	0	0	0	0	0	0	0	0	0	
1889.190717	8	3	3	0	1	2	2	4048	674	29	113345	21	10	82	0	0	0	0	0	0	0	0	0	0	0	0	0	0	
1890.177117	8	3	3	0	1	2	2	4053	675	29	113404	21	10	82	0	0	0	0	0	0	0	0	0	0	0	0	0	0	
1891.182233	8	3	3	0	1	2	2	4058	674	29	113464	21	10	82	0	0	0	0	0	0	0	0	0	0	0	0	0	0	
1892.187367	8	3	3	0	1	2	2	4064	674	29	113524	21	10	82	0	0	0	0	0	0	0	0	0	0	0	0	0	0	
1893.193917	8	3	3	0	1	2	2	4069	675	29	113585	21	10	82	0	0	0	0	0	0	0	0	0	0	0	0	0	0	
1894.180317	8	3	3	0	1	2	2	4075	675	29	113644	21	10	82	0	0	0	0	0	0	0	0	0	0	0	0	0	0	
1895.185433	8	3	3	0	1	2	2	4080	675	29	113704	21	10	82	0	0	0	0	0	0	0	0	0	0	0	0	0	0	
1896.190567	8	3	3	0	1	2	2	4086	673	29	113765	21	10	82	0	0	0	0	0	0	0	0	0	0	0	0	0	0	
1897.176967	8	3	3	0	1	2	2	4092	675	29	113824	21	10	82	0	0	0	0	0	0	0	0	0	0	0	0	0	0	
1898.183517	8	3	3	0	1	2	2	4098	674	29	113884	21	10	82	0	0	0	0	0	0	0	0	0	0	0	0	0	0	
1899.188633	8	3	3	0	1	2	2	4104	675	29	113944	21	10	82	0	0	0	0	0	0	0	0	0	0	0	0	0	0	
1900.193767	8	3	3	0	1	2	2	4110	675	29	114005	21	10	82	0	0	0	0	0	0	0	0	0	0	0	0	0	0	
1901.180167	8	3	3	0	1	2	2	4117	675	29	114064	21	10	82	0	0	0	0	0	0	0	0	0	0	0	0	0	0	
1902.185283	8	3	3	0	1	2	2	4121	667	29	114124	21	10	82	0	0	0	0	0	0	0	0	0	0	0	0	0	0	
1903.190400	8	3	3	0	1	2	2	4127	666	29	114185	21	10	82	0	0	0	0	0	0	0	0	0	0	0	0	0	0	
1904.176800	8	3	3	0	1	2	2	4134	664	29	114244	21	10	82	0	0	0	0	0	0	0	0	0	0	0	0	0	0	
1905.181917	8	3	3	0	1	2	2	4140	664	29	114304	21	10	82	0	0	0	0	0	0	0	0	0	0	0	0	0	0	
1906.187033	8	3	3	0	1	2	2	4147	662	29	114364	21	10	82	0	0	0	0	0	0	0	0	0	0	0	0	0	0	
1907.193600	8	3	3	0	1	2	2	4154	662	29	114425	21	10	82	0	0	0	0	0	0	0	0	0	0	0	0	0	0	
1908.180000	8	3	3	0	1	2	2	4160	661	29	114484	21	10	82	0	0	0	0	0	0	0	0	0	0	0	0	0	0	
1909.185117	8	3	3	0	1	2	2	4167	660	29	114544	21	10	82	0	0	0	0	0	0	0	0	0	0	0	0	0	0	
1910.190233	8	3	3	0	1	2	2	4174	659	29	114604	21	10	82	0	0	0	0	0	0	0	0	0	0	0	0	0	0	
1911.176633	8	3	3	0	1	2	2	4181	657	29	114664	21	10	82	0	0	0	0	0	0	0	0	0	0	0	0	0	0	
1912.183200	8	3	3	0	1	2	2	4188	658	29	114724	21	10	82	0	0	0	0	0	0	0	0	0	0	0	0	0	0	
1913.188317	8	3	3	0	1	2	2	4195	656	29	114784	21	10	82	0	0	0	0	0	0	0	0	0	0	0	0	0	0	
1914.193433	8	3	3	0	1	2	2	4199	632	29	114845	21	10	82	0	0	0	0	0	0	0	0	0	0	0	0	0	0	
1915.179833	8	3	3	0	1	2	2	4198	599	29	114904	21	10	82	0	0	0	0	0	0	0	0	0	0	0	0	0	0	
1916.184967	8	3	3	0	1	2	2	4198	568	29	114964	21	10	82	0	0	0	0	0	0	0	0	0	0	0	0	0	0	
1917.190083	8	3	3	0	1	2	2	4198	539	29	115024	21	10	82	0	0	0	0	0	0	0	0	0	0	0	0	0	0	
1918.176483	8	3	3	0	1	2	2	4198	512	29	115084	21	10	82	0	0	0	0	0	0	0	0	0	0	0	0	0	0	
1919.183033	8	3	3	0	1	2	2	4198	487	29	115144	21	10	82	0	0	0	0	0	0	0	0	0	0	0	0	0	0	
1920.188167	8	3	3	0	1	2	2	4198	464	29	115204	21	10	82	0	0	0	0	0	0	0	0	0	0	0	0	0	0	
1921.193283	8	3	3	0	1	2	2	4198	441	29	115265	21	10	82	0	0	0	0	0	0	0	0	0	0	0	0	0	0	
1922.179683	8	3	3	0	1	2	2	4199	419	29	115324	21	10	82	0	0	0	0	0	0	0	0	0	0	0	0	0	0	
1923.184800	8	3	3	0	1	2	2	4198	400	29	115384	21	10	82	0	0	0	0	0	0	0	0	0	0	0	0	0	0	
1924.189917	8	3	3	0	1	2	2	4199	379	29	115444	21	10	82	0	0	0	0	0	0	0	0	0	0	0	0	0	0	
1925.196483	8	3	3	0	1	2	2	4199	362	29	115505	21	10	82	0	0	0	0	0	0	0	0	0	0	0	0	0	0	
1926.182883	8	3	3	0	1	2	2	4198	344	29	115564	21	10	82	0	0	0	0	0	0	0	0	0	0	0	0	0	0	
1927.188000	8	3	3	0	1	2	2	4198	327	29	115624	21	10	82	0	0	0	0	0	0	0	0	0	0	0	0	0	0	
1928.193117	8	3	3	0	1	2	2	4198	313	29	115685	21	10	82	0	0	0	0	0	0	0	0	0	0	0	0	0	0	
1929.182400	8	3	3	0	1	2	2	4199	297	29	115744	21	10	82	0	0	0	0	0	0	0	0	0	0	0	0	0	0	
1930.188967	8	3	3	0	1	2	2	4199	283	29	115804	21	10	82	0	0	0	0	0	0	0	0	0	0	0	0	0	0	
1931.194083	8	3	3	0	1	2	2	4199	269	29	115865	21	10	82	0	0	0	0	0	0	0	0	0	0	0	0	0	0	
1932.180483	8	3	3	0	1	2	2	4199	257	29	115924	21	10	82	0	0	0	0	0	0	0	0	0	0	0	0	0	0	
1933.185600	8	3	3	0	1	2	2	4198	245	29	115984	21	10	82	0	0	0	0	0	0	0	0	0	0	0	0	0	0	
1934.190717	8	3	3	0	1	2	2	4199	233	29	116044	21	10	82	0	0	0	0	0	0	0	0	0	0	0	0	0	0	
1935.197283	8	3	3	0	1	2	2	4198	222	29	116105	21	10	82	0	0	0	0	0	0	0	0	0	0	0	0	0	0	
1936.183683	8	3	3	0	1	2	2	4198	212	29	116164	21	10	82	0	0	0	0	0	0	0	0	0	0	0	0	0	0	
1937.188800	8	3	3	0	1	2	2	4198	202	29	116224	21	10	82	0	0	0	0	0	0	0	0	0	0	0	0	0	0	
1938.193917	8	3	3	0	1	2	2	4199	193	29	116285	21	10	82	0	0	0	0	0	0	0	0	0	0	0	0	0	0	
1939.180317	8	3	3	0	1	2	2	4198	184	29	116344	21	10	82	0	0	0	0	0	0	0	0	0	0	0	0	0	0	
1940.185433	8	3	3	0	1	2	2	4198	175	29	116404	21	10	82	0	0	0	0	0	0	0	0	0	0	0	0	0	0	
1941.190567	8	3	3	0	1	2	2	4198	167	29	116464	21	10	82	0	0	0	0	0	0	0	0	0	0	0	0	0	0	
1942.195683	8	3	3	0	1	2	2	4198	159	29	116525	21	10	82	0	0	0	0	0	0	0	0	0	0	0	0	0	0	
1943.183517	8	3	3	0	1	2	2	4198	152	29	116584	21	10	82	0	0	0	0	0	0	0	0	0	0	0	0	0	0	
1944.188633	8	3	3	0	1	2	2	4198	145	29	116644	21	10	82	0	0	0	0	0	0	0	0	0	0	0	0	0	0	
1945.193767	8	3	3	0	1	2	2	4199	138	29	116704	21	10	82	0	0	0	0	0	0	0	0	0	0	0	0	0	0	
1946.180167	8	3	3	0	1	2	2	4199	132	29	116764	21	10	82	0	0	0	0	0	0	0	0	0	0	0	0	0	0	
1947.185283	8	3	3	0	1	2	2	4198	126	29	116824	21	10	82	0	0	0	0	0	0	0	0	0	0	0	0	0	0	
1948.190400	8	3	3	0	1	2	2	4199	121	29	116884	21	10	82	0	0	0	0	0	0	0	0	0	0	0	0	0	0	
1949.196967	8	3	3	0	1	2	2	4199	116	29	116945	21	10	82	0	0	0	0	0	0	0	0	0	0	0	0	0	0	
1950.183367	8	3	3	0	1	2	2	4199	111	29	117004	21	10	82	0	0	0	0	0	0	0	0	0	0	0	0	0	0	
1951.188483	8	3	3	0	1	2	2	4198	105	29	117064	21	10	82	0	0	0	0	0	0	0	0	0	0	0	0	0	0	
1952.193600	8	3	3	0	1	2	2	4198	101	29	117124	21	10	82	0	0	0	0	0	0	0	0	0	0	0	0	0	0	
1953.180000	8	3	3	0	1	2	2	4199	96	29	117184	21	10	82	0	0	0	0	0	0	0	0	0	0	0	0	0	0	
1954.186567	8	3	3	0	1	2	2	4198	92	29	117244	21	10	82	0	0	0	0	0	0	0	0	0	0	0	0	0	0	
1955.191683	8	3	3	0	1	2	2	4199	89	29	117304	21	10	82	0	0	0	0	0	0	0	0	0	0	0	0	0	0	
1956.196800	8	3	3	0	1	2	2	4198	84	29	117365	21	10	82	0	0	0	0	0	0	0	0	0	0	0	0	0	0	
1957.183200	8	3	3	0	1	2	2	4198	81	29	117424	21	10	82	0	0	0	0	0	0	0	0	0	0	0	0	0	0	
1958.188317	8	3	3	0	1	2	2	4198	78	29	117484	21	10	82	0	0	0	0	0	0	0	0	0	0	0	0	0	0	
1959.193433	8	3	3	0	1	2	2	4198	74	29	117544	21	10	82	0	0	0	0	0	0	0	0	0	0	0	0	0	0	
1960.179833	8	3	3	0	1	2	2	4198	73	29	117604	21	10	82	0	0	0	0	0	0	0	0	0	0	0	0	0	0	
1961.184967	8	3	3	0	1	2	2	4199	69	29	117664	21	10	82	0	0	0	0	0	0	0	0	0	0	0	0	0	0	
1961.683200	8	6	3	0	2	7	1	3978	-1349	29	117694	21	11	0	0	0	0	0	0	0	0	0	0	0	0	0	0	0	
1962.192967	8	6	3	0	2	7	1	3929	-1348	29	117724	21	11	0	0	0	0	0	0	0	0	0	0	0	0	0	0	0	
1963.198083	8	6	3	0	2	7	1	3889	-1351	29	117785	21	11	2	0	0	0	0	0	0	0	0	0	0	0	0	0	0	
1964.184483	8	6	3	0	2	7	1	3854	-1348	29	117844	21	11	4	0	0	0	0	0	0	0	0	0	0	0	0	0	0	
1965.191033	8	6	3	0	2	7	1	3814	-1350	29	117904	21	11	5	0	0	0	0	0	0	0	0	0	0	0	0	0	0	
1966.196167	8	6	3	0	2	7	1	3778	-1348	29	117965	21	11	7	0	0	0	0	0	0	0	0	0	0	0	0	0	0	
1967.182567	8	6	3	0	2	7	1	3759	-1351	29	118024	21	11	8	0	0	0	0	0	0	0	0	0	0	0	0	0	0	
1968.187683	8	6	3	0	2	7	1	3750	-1350	29	118084	21	11	10	0	0	0	0	0	0	0	0	0	0	0	0	0	0	
1969.192800	8	6	3	0	2	7	1	3737	-1350	30	118144	21	11	12	0	0	0	0	0	0	0	0	0	0	0	0	0	0	
1970.199367	8	6	3	0	2	7	1	3724	-1348	29	118205	21	11	14	0	0	0	0	0	0	0	0	0	0	0	0	0	0	
1971.185767	8	6	3	0	2	7	1	3709	-1349	29	118264	21	11	15	0	0	0	0	0	0	0	0	0	0	0	0	0	0	
1972.190883	8	6	3	0	2	7	1	3694	-1351	29	118324	21	11	17	0	0	0	0	0	0	0	0	0	0	0	0	0	0	
1973.196000	8	6	3	0	2	7	1	3678	-1351	29	118384	21	11	19	0	0	0	0	0	0	0	0	0	0	0	0	0	0	
1974.182400	8	6	3	0	2	7	1	3664	-1350	29	118444	21	11	20	0	0	0	0	0	0	0	0	0	0	0	0	0	0	
1975.187517	8	6	3	0	2	7	1	3650	-1350	30	118504	21	11	22	0	0	0	0	0	0	0	0	0	0	0	0	0	0	
1976.192633	8	6	3	0	2	7	1	3636	-1348	30	118564	21	11	23	0	0	0	0	0	0	0	0	0	0	0	0	0	0	
1977.197767	8	6	3	0	2	7	1	3623	-1350	30	118625	21	11	25	0	0	0	0	0	0	0	0	0	0	0	0	0	0	
1978.185600	8	6	3	0	2	7	1	3610	-1350	30	118684	21	11	27	0	0	0	0	0	0	0	0	0	0	0	0	0	0	
1979.190717	8	6	3	0	2	7	1	3598	-1349	30	118744	21	11	28	0	0	0	0	0	0	0	0	0	0	0	0	0	0	
1980.195833	8	6	3	0	2	7	1	3585	-1349	30	118804	21	11	30	0	0	0	0	0	0	0	0	0	0	0	0	0	0	
1981.182233	8	6	3	0	2	7	1	3573	-1350	30	118864	21	11	32	0	0	0	0	0	0	0	0	0	0	0	0	0	0	
1982.187367	8	6	3	0	2	7	1	3562	-1351	30	118924	21	11	33	0	0	0	0	0	0	0	0	0	0	0	0	0	0	
1983.193917	8	6	3	0	2	7	1	3550	-1350	30	118984	21	11	35	0	0	0	0	0	0	0	0	0	0	0	0	0	0	
1984.199033	8	6	3	0	2	7	1	3540	-1349	30	119045	21	11	37	0	0	0	0	0	0	0	0	0	0	0	0	0	0	
1985.185433	8	6	3	0	2	7	1	3530	-1350	30	119104	21	11	38	0	0	0	0	0	0	0	0	0	0	0	0	0	0	
1986.190567	8	6	3	0	2	7	1	3519	-1350	30	119164	21	11	40	0	0	0	0	0	0	0	0	0	0	0	0	0	0	
1987.195683	8	6	3	0	2	7	1	3510	-1350	30	119224	21	11	42	0	0	0	0	0	0	0	0	0	0	0	0	0	0	
1988.182083	8	6	3	0	2	7	1	3501	-1350	30	119284	21	11	43	0	0	0	0	0	0	0	0	0	0	0	0	0	0	
1989.187200	8	6	3	0	2	7	1	3492	-1350	30	119344	21	11	45	0	0	0	0	0	0	0	0	0	0	0	0	0	0	
1990.193767	8	6	3	0	2	7	1	3483	-1350	30	119404	21	11	47	0	0	0	0	0	0	0	0	0	0	0	0	0	0	
1991.198883	8	6	3	0	2	7	1	3476	-1349	30	119465	21	11	48	0	0	0	0	0	0	0	0	0	0	0	0	0	0	
1992.186717	8	6	3	0	2	7	1	3469	-1346	30	119524	21	11	50	0	0	0	0	0	0	0	0	0	0	0	0	0	0	
1993.191833	8	6	3	0	2	7	1	3461	-1349	30	119584	21	11	52	0	0	0	0	0	0	0	0	0	0	0	0	0	0	
1994.196967	8	6	3	0	2	7	1	3455	-1349	30	119644	21	11	53	0	0	0	0	0	0	0	0	0	0	0	0	0	0	
1995.184800	8	6	3	0	2	7	1	3448	-1351	30	119704	21	11	55	0	0	0	0	0	0	0	0	0	0	0	0	0	0	
1996.189917	8	6	3	0	2	7	1	3442	-1350	30	119764	21	11	57	0	0	0	0	0	0	0	0	0	0	0	0	0	0	
1997.195033	8	6	3	0	2	7	1	3435	-1349	30	119824	21	11	58	0	0	0	0	0	0	0	0	0	0	0	0	0	0	
1998.200167	8	6	3	0	2	7	1	3429	-1350	30	119885	21	11	60	0	0	0	0	0	0	0	0	0	0	0	0	0	0	
1999.186567	8	6	3	0	2	7	1	3422	-1349	30	119944	21	11	62	0	0	0	0	0	0	0	0	0	0	0	0	0	0	
2000.191683	8	6	3	0	2	7	1	3415	-1350	30	120004	21	11	63	0	0	0	0	0	0	0	0	0	0	0	0	0	0	
2001.196800	8	6	3	0	2	7	1	3407	-1350	30	120064	21	11	65	0	0	0	0	0	0	0	0	0	0	0	0	0	0	
2002.183200	8	6	3	0	2	7	1	3398	-1350	30	120124	21	11	67	0	0	0	0	0	0	0	0	0	0	0	0	0	0	
2003.189767	8	6	3	0	2	7	1	3388	-1349	30	120184	21	11	68	0	0	0	0	0	0	0	0	0	0	0	0	0	0	
2004.194883	8	6	3	0	2	7	1	3376	-1350	30	120244	21	11	70	0	0	0	0	0	0	0	0	0	0	0	0	0	0	
2005.200000	8	6	3	0	2	7	1	3360	-1349	30	120305	21	11	71	0	0	0	0	0	0	0	0	0	0	0	0	0	0	
2006.186400	8	6	3	0	2	7	1	3340	-1349	30	120364	21	11	73	0	0	0	0	0	0	0	0	0	0	0	0	0	0	
2007.191517	8	6	3	0	2	7	1	3312	-1348	30	120424	21	11	75	0	0	0	0	0	0	0	0	0	0	0	0	0	0	
2008.196633	8	6	3	0	2	7	1	3269	-1348	30	120484	21	11	76	0	0	0	0	0	0	0	0	0	0	0	0	0	0	
2009.184483	8	6	3	0	2	7	1	3198	-1349	30	120544	21	11	78	0	0	0	0	0	0	0	0	0	0	0	0	0	0	
2010.189600	8	6	3	0	2	7	1	3053	-1352	30	120604	21	11	80	0	0	0	0	0	0	0	0	0	0	0	0	0	0	
2011.177433	10	0	5	0	0	15	0	2871	0	30	120663	21	11	81	0	0	0	0	0	0	0	0	0	0	0	0	0	0	
2011.187517	8	15	3	0	0	31	0	3039	0	30	120663	21	11	81	0	0	0	0	0	0	0	0	0	0	0	0	0	0	
