Time	Status code	Status category	Status color	Pgm code	Pgm step	Pgm para	Pgm cycle	mV	mA	Temperature	Duration	Charge count	Discharge count	Capacity	Analog input 1	Analog input 2	Analog input 3	Analog input 4	Digital input 1	Digital input 2	Digital input 3	Digital input 4	Digital output 1	Digital output 2	Digital output 3	Digital output 4	Analog output 1	Analog output 2	
0.000000	8	3	3	0	1	2	2	3782	679	24	2	1	0	0	0	0	0	0	0	0	0	0	0	0	0	0	0	0	
0.230400	8	3	3	0	1	2	2	3777	675	24	16	1	0	0	0	0	0	0	0	0	0	0	0	0	0	0	0	0	
1.225433	8	3	3	0	1	2	2	3879	674	24	76	1	0	0	0	0	0	0	0	0	0	0	0	0	0	0	0	0	
2.240633	8	3	3	0	1	2	2	3898	673	25	137	1	0	0	0	0	0	0	0	0	0	0	0	0	0	0	0	0	
3.235683	8	3	3	0	1	2	2	3936	674	24	196	1	0	0	0	0	0	0	0	0	0	0	0	0	0	0	0	0	
4.232167	8	3	3	0	1	2	2	3966	674	25	256	1	0	0	0	0	0	0	0	0	0	0	0	0	0	0	0	0	
5.228633	8	3	3	0	1	2	2	4030	675	25	316	1	0	0	0	0	0	0	0	0	0	0	0	0	0	0	0	0	
6.223683	8	3	3	0	1	2	2	4023	674	25	376	1	0	0	0	0	0	0	0	0	0	0	0	0	0	0	0	0	
7.238883	8	3	3	0	1	2	2	4023	673	25	437	1	0	0	0	0	0	0	0	0	0	0	0	0	0	0	0	0	
8.233917	8	3	3	0	1	2	2	4037	675	25	496	1	0	0	0	0	0	0	0	0	0	0	0	0	0	0	0	0	
9.230400	8	3	3	0	1	2	2	4021	675	25	556	1	0	0	0	0	0	0	0	0	0	0	0	0	0	0	0	0	
10.225433	8	3	3	0	1	2	2	4033	674	25	616	1	0	0	0	0	0	0	0	0	0	0	0	0	0	0	0	0	
11.240633	8	3	3	0	1	2	2	4051	675	25	677	1	0	0	0	0	0	0	0	0	0	0	0	0	0	0	0	0	
12.231367	8	3	3	0	1	2	2	4066	676	25	736	1	0	0	0	0	0	0	0	0	0	0	0	0	0	0	0	0	
13.236483	8	3	3	0	1	2	2	4069	675	25	796	1	0	0	0	0	0	0	0	0	0	0	0	0	0	0	0	0	
14.241600	8	3	3	0	1	2	2	4065	674	25	857	1	0	0	0	0	0	0	0	0	0	0	0	0	0	0	0	0	
15.228000	8	3	3	0	1	2	2	4065	675	25	916	1	0	0	0	0	0	0	0	0	0	0	0	0	0	0	0	0	
16.236000	8	3	3	0	1	2	2	4073	675	25	976	1	0	0	0	0	0	0	0	0	0	0	0	0	0	0	0	0	
17.241117	8	3	3	0	1	2	2	4086	674	25	1037	1	0	0	0	0	0	0	0	0	0	0	0	0	0	0	0	0	
18.227517	8	3	3	0	1	2	2	4076	674	25	1096	1	0	0	0	0	0	0	0	0	0	0	0	0	0	0	0	0	
19.235517	8	3	3	0	1	2	2	4082	674	25	1156	1	0	0	0	0	0	0	0	0	0	0	0	0	0	0	0	0	
20.240633	8	3	3	0	1	2	2	4090	675	25	1217	1	0	0	0	0	0	0	0	0	0	0	0	0	0	0	0	0	
21.227033	8	3	3	0	1	2	2	4098	675	25	1276	1	0	0	0	0	0	0	0	0	0	0	0	0	0	0	0	0	
22.232167	8	3	3	0	1	2	2	4106	675	25	1336	1	0	0	0	0	0	0	0	0	0	0	0	0	0	0	0	0	
23.237283	8	3	3	0	1	2	2	4123	676	25	1396	1	0	0	0	0	0	0	0	0	0	0	0	0	0	0	0	0	
24.243833	8	3	3	0	1	2	2	4113	675	25	1457	1	0	0	0	0	0	0	0	0	0	0	0	0	0	0	0	0	
25.230233	8	3	3	0	1	2	2	4107	674	25	1516	1	0	0	0	0	0	0	0	0	0	0	0	0	0	0	0	0	
26.235367	8	3	3	0	1	2	2	4110	674	25	1576	1	0	0	0	0	0	0	0	0	0	0	0	0	0	0	0	0	
27.240483	8	3	3	0	1	2	2	4114	675	25	1637	1	0	0	0	0	0	0	0	0	0	0	0	0	0	0	0	0	
28.226883	8	3	3	0	1	2	2	4115	669	25	1696	1	0	0	0	0	0	0	0	0	0	0	0	0	0	0	0	0	
29.232000	8	3	3	0	1	2	2	4117	666	25	1756	1	0	0	0	0	0	0	0	0	0	0	0	0	0	0	0	0	
30.238567	8	3	3	0	1	2	2	4118	664	25	1816	1	0	0	0	0	0	0	0	0	0	0	0	0	0	0	0	0	
31.243683	8	3	3	0	1	2	2	4120	664	25	1877	1	0	0	0	0	0	0	0	0	0	0	0	0	0	0	0	0	
32.230083	8	3	3	0	1	2	2	4123	665	25	1936	1	0	0	0	0	0	0	0	0	0	0	0	0	0	0	0	0	
33.235200	8	3	3	0	1	2	2	4127	664	25	1996	1	0	0	0	0	0	0	0	0	0	0	0	0	0	0	0	0	
34.240317	8	3	3	0	1	2	2	4128	664	25	2057	1	0	0	0	0	0	0	0	0	0	0	0	0	0	0	0	0	
35.226717	8	3	3	0	1	2	2	4132	663	25	2116	1	0	0	0	0	0	0	0	0	0	0	0	0	0	0	0	0	
36.233283	8	3	3	0	1	2	2	4137	662	25	2176	1	0	0	0	0	0	0	0	0	0	0	0	0	0	0	0	0	
37.238400	8	3	3	0	1	2	2	4141	661	25	2236	1	0	0	0	0	0	0	0	0	0	0	0	0	0	0	0	0	
38.243517	8	3	3	0	1	2	2	4145	662	25	2297	1	0	0	0	0	0	0	0	0	0	0	0	0	0	0	0	0	
39.229917	8	3	3	0	1	2	2	4148	661	24	2356	1	0	0	0	0	0	0	0	0	0	0	0	0	0	0	0	0	
40.236483	8	3	3	0	1	2	2	4150	661	24	2416	1	0	0	0	0	0	0	0	0	0	0	0	0	0	0	0	0	
41.241600	8	3	3	0	1	2	2	4153	661	25	2477	1	0	0	0	0	0	0	0	0	0	0	0	0	0	0	0	0	
42.228000	8	3	3	0	1	2	2	4157	660	24	2536	1	0	0	0	0	0	0	0	0	0	0	0	0	0	0	0	0	
43.233117	8	3	3	0	1	2	2	4160	659	24	2596	1	0	0	0	0	0	0	0	0	0	0	0	0	0	0	0	0	
44.238233	8	3	3	0	1	2	2	4165	660	24	2656	1	0	0	0	0	0	0	0	0	0	0	0	0	0	0	0	0	
45.243367	8	3	3	0	1	2	2	4168	658	24	2717	1	0	0	0	0	0	0	0	0	0	0	0	0	0	0	0	0	
46.231200	8	3	3	0	1	2	2	4173	657	25	2776	1	0	0	0	0	0	0	0	0	0	0	0	0	0	0	0	0	
47.236317	8	3	3	0	1	2	2	4173	656	24	2836	1	0	0	0	0	0	0	0	0	0	0	0	0	0	0	0	0	
48.241433	8	3	3	0	1	2	2	4175	656	24	2896	1	0	0	0	0	0	0	0	0	0	0	0	0	0	0	0	0	
49.227833	8	3	3	0	1	2	2	4175	656	24	2956	1	0	0	0	0	0	0	0	0	0	0	0	0	0	0	0	0	
50.232967	8	3	3	0	1	2	2	4178	657	24	3016	1	0	0	0	0	0	0	0	0	0	0	0	0	0	0	0	0	
51.239517	8	3	3	0	1	2	2	4181	655	24	3076	1	0	0	0	0	0	0	0	0	0	0	0	0	0	0	0	0	
52.244633	8	3	3	0	1	2	2	4185	656	24	3137	1	0	0	0	0	0	0	0	0	0	0	0	0	0	0	0	0	
53.231033	8	3	3	0	1	2	2	4189	656	24	3196	1	0	0	0	0	0	0	0	0	0	0	0	0	0	0	0	0	
54.236167	8	3	3	0	1	2	2	4192	654	24	3256	1	0	0	0	0	0	0	0	0	0	0	0	0	0	0	0	0	
55.241283	8	3	3	0	1	2	2	4195	652	24	3316	1	0	0	0	0	0	0	0	0	0	0	0	0	0	0	0	0	
56.227683	8	3	3	0	1	2	2	4197	652	24	3376	1	0	0	0	0	0	0	0	0	0	0	0	0	0	0	0	0	
57.234233	8	3	3	0	1	2	2	4198	648	24	3436	1	0	0	0	0	0	0	0	0	0	0	0	0	0	0	0	0	
58.239367	8	3	3	0	1	2	2	4198	643	24	3496	1	0	0	0	0	0	0	0	0	0	0	0	0	0	0	0	0	
59.244483	8	3	3	0	1	2	2	4198	636	24	3557	1	0	0	0	0	0	0	0	0	0	0	0	0	0	0	0	0	
60.230883	8	3	3	0	1	2	2	4198	630	24	3616	1	0	0	0	0	0	0	0	0	0	0	0	0	0	0	0	0	
61.236000	8	3	3	0	1	2	2	4198	629	24	3676	1	0	0	0	0	0	0	0	0	0	0	0	0	0	0	0	0	
62.242567	8	3	3	0	1	2	2	4199	622	24	3736	1	0	0	0	0	0	0	0	0	0	0	0	0	0	0	0	0	
63.228967	8	3	3	0	1	2	2	4199	621	24	3796	1	0	0	0	0	0	0	0	0	0	0	0	0	0	0	0	0	
64.234083	8	3	3	0	1	2	2	4199	599	24	3856	1	0	0	0	0	0	0	0	0	0	0	0	0	0	0	0	0	
65.239200	8	3	3	0	1	2	2	4199	605	24	3916	1	0	0	0	0	0	0	0	0	0	0	0	0	0	0	0	0	
66.244317	8	3	3	0	1	2	2	4198	574	24	3977	1	0	0	0	0	0	0	0	0	0	0	0	0	0	0	0	0	
67.232167	8	3	3	0	1	2	2	4199	573	24	4036	1	0	0	0	0	0	0	0	0	0	0	0	0	0	0	0	0	
68.237283	8	3	3	0	1	2	2	4198	570	24	4096	1	0	0	0	0	0	0	0	0	0	0	0	0	0	0	0	0	
69.242400	8	3	3	0	1	2	2	4199	585	24	4156	1	0	0	0	0	0	0	0	0	0	0	0	0	0	0	0	0	
70.228800	8	3	3	0	1	2	2	4199	582	24	4216	1	0	0	0	0	0	0	0	0	0	0	0	0	0	0	0	0	
71.233917	8	3	3	0	1	2	2	4199	594	24	4276	1	0	0	0	0	0	0	0	0	0	0	0	0	0	0	0	0	
72.239033	8	3	3	0	1	2	2	4198	567	24	4336	1	0	0	0	0	0	0	0	0	0	0	0	0	0	0	0	0	
73.245600	8	3	3	0	1	2	2	4199	542	24	4397	1	0	0	0	0	0	0	0	0	0	0	0	0	0	0	0	0	
74.232000	8	3	3	0	1	2	2	4199	538	24	4456	1	0	0	0	0	0	0	0	0	0	0	0	0	0	0	0	0	
75.237117	8	3	3	0	1	2	2	4199	512	24	4516	1	0	0	0	0	0	0	0	0	0	0	0	0	0	0	0	0	
76.242233	8	3	3	0	1	2	2	4198	502	24	4576	1	0	0	0	0	0	0	0	0	0	0	0	0	0	0	0	0	
77.228633	8	3	3	0	1	2	2	4198	490	24	4636	1	0	0	0	0	0	0	0	0	0	0	0	0	0	0	0	0	
78.235200	8	3	3	0	1	2	2	4199	490	24	4696	1	0	0	0	0	0	0	0	0	0	0	0	0	0	0	0	0	
79.240317	8	3	3	0	1	2	2	4199	483	24	4756	1	0	0	0	0	0	0	0	0	0	0	0	0	0	0	0	0	
80.245433	8	3	3	0	1	2	2	4199	466	24	4817	1	0	0	0	0	0	0	0	0	0	0	0	0	0	0	0	0	
81.231833	8	3	3	0	1	2	2	4198	464	24	4876	1	0	0	0	0	0	0	0	0	0	0	0	0	0	0	0	0	
82.236967	8	3	3	0	1	2	2	4199	454	24	4936	1	0	0	0	0	0	0	0	0	0	0	0	0	0	0	0	0	
83.243517	8	3	3	0	1	2	2	4199	426	24	4996	1	0	0	0	0	0	0	0	0	0	0	0	0	0	0	0	0	
84.229917	8	3	3	0	1	2	2	4199	406	24	5056	1	0	0	0	0	0	0	0	0	0	0	0	0	0	0	0	0	
85.235033	8	3	3	0	1	2	2	4199	385	24	5116	1	0	0	0	0	0	0	0	0	0	0	0	0	0	0	0	0	
86.240167	8	3	3	0	1	2	2	4199	372	24	5176	1	0	0	0	0	0	0	0	0	0	0	0	0	0	0	0	0	
87.245283	8	3	3	0	1	2	2	4198	365	24	5237	1	0	0	0	0	0	0	0	0	0	0	0	0	0	0	0	0	
88.231683	8	3	3	0	1	2	2	4198	369	24	5296	1	0	0	0	0	0	0	0	0	0	0	0	0	0	0	0	0	
89.238233	8	3	3	0	1	2	2	4199	360	24	5356	1	0	0	0	0	0	0	0	0	0	0	0	0	0	0	0	0	
90.243367	8	3	3	0	1	2	2	4198	353	24	5416	1	0	0	0	0	0	0	0	0	0	0	0	0	0	0	0	0	
91.248483	8	3	3	0	1	2	2	4198	337	24	5477	1	0	0	0	0	0	0	0	0	0	0	0	0	0	0	0	0	
92.234883	8	3	3	0	1	2	2	4199	343	24	5536	1	0	0	0	0	0	0	0	0	0	0	0	0	0	0	0	0	
93.240000	8	3	3	0	1	2	2	4199	341	24	5596	1	0	0	0	0	0	0	0	0	0	0	0	0	0	0	0	0	
94.246567	8	3	3	0	1	2	2	4199	323	24	5657	1	0	0	0	0	0	0	0	0	0	0	0	0	0	0	0	0	
95.232967	8	3	3	0	1	2	2	4199	326	24	5716	1	0	0	0	0	0	0	0	0	0	0	0	0	0	0	0	0	
96.238083	8	3	3	0	1	2	2	4199	308	24	5776	1	0	0	0	0	0	0	0	0	0	0	0	0	0	0	0	0	
97.243200	8	3	3	0	1	2	2	4199	304	24	5836	1	0	0	0	0	0	0	0	0	0	0	0	0	0	0	0	0	
98.248317	8	3	3	0	1	2	2	4198	302	24	5897	1	0	0	0	0	0	0	0	0	0	0	0	0	0	0	0	0	
99.236167	8	3	3	0	1	2	2	4199	292	24	5956	1	0	0	0	0	0	0	0	0	0	0	0	0	0	0	0	0	
100.241283	8	3	3	0	1	2	2	4198	290	24	6016	1	0	0	0	0	0	0	0	0	0	0	0	0	0	0	0	0	
101.246400	8	3	3	0	1	2	2	4198	286	24	6077	1	0	0	0	0	0	0	0	0	0	0	0	0	0	0	0	0	
102.232800	8	3	3	0	1	2	2	4198	283	24	6136	1	0	0	0	0	0	0	0	0	0	0	0	0	0	0	0	0	
103.237917	8	3	3	0	1	2	2	4199	273	24	6196	1	0	0	0	0	0	0	0	0	0	0	0	0	0	0	0	0	
104.243033	8	3	3	0	1	2	2	4199	269	24	6256	1	0	0	0	0	0	0	0	0	0	0	0	0	0	0	0	0	
105.233767	8	3	3	0	1	2	2	4198	265	24	6316	1	0	0	0	0	0	0	0	0	0	0	0	0	0	0	0	0	
106.238883	8	3	3	0	1	2	2	4198	262	24	6376	1	0	0	0	0	0	0	0	0	0	0	0	0	0	0	0	0	
107.244000	8	3	3	0	1	2	2	4199	255	24	6436	1	0	0	0	0	0	0	0	0	0	0	0	0	0	0	0	0	
108.249117	8	3	3	0	1	2	2	4198	250	24	6497	1	0	0	0	0	0	0	0	0	0	0	0	0	0	0	0	0	
109.236967	8	3	3	0	1	2	2	4198	244	24	6556	1	0	0	0	0	0	0	0	0	0	0	0	0	0	0	0	0	
110.242083	8	3	3	0	1	2	2	4198	236	25	6616	1	0	0	0	0	0	0	0	0	0	0	0	0	0	0	0	0	
111.247200	8	3	3	0	1	2	2	4199	236	25	6677	1	0	0	0	0	0	0	0	0	0	0	0	0	0	0	0	0	
112.233600	8	3	3	0	1	2	2	4199	232	25	6736	1	0	0	0	0	0	0	0	0	0	0	0	0	0	0	0	0	
113.238717	8	3	3	0	1	2	2	4199	227	24	6796	1	0	0	0	0	0	0	0	0	0	0	0	0	0	0	0	0	
114.245283	8	3	3	0	1	2	2	4199	226	24	6856	1	0	0	0	0	0	0	0	0	0	0	0	0	0	0	0	0	
115.250400	8	3	3	0	1	2	2	4199	222	24	6917	1	0	0	0	0	0	0	0	0	0	0	0	0	0	0	0	0	
116.238233	8	3	3	0	1	2	2	4199	223	24	6976	1	0	0	0	0	0	0	0	0	0	0	0	0	0	0	0	0	
117.243367	8	3	3	0	1	2	2	4198	214	24	7036	1	0	0	0	0	0	0	0	0	0	0	0	0	0	0	0	0	
118.248483	8	3	3	0	1	2	2	4198	208	24	7097	1	0	0	0	0	0	0	0	0	0	0	0	0	0	0	0	0	
119.234883	8	3	3	0	1	2	2	4198	207	24	7156	1	0	0	0	0	0	0	0	0	0	0	0	0	0	0	0	0	
120.241433	8	3	3	0	1	2	2	4199	203	24	7216	1	0	0	0	0	0	0	0	0	0	0	0	0	0	0	0	0	
121.246567	8	3	3	0	1	2	2	4199	200	24	7276	1	0	0	0	0	0	0	0	0	0	0	0	0	0	0	0	0	
122.232967	8	3	3	0	1	2	2	4198	198	24	7336	1	0	0	0	0	0	0	0	0	0	0	0	0	0	0	0	0	
123.238083	8	3	3	0	1	2	2	4199	193	24	7396	1	0	0	0	0	0	0	0	0	0	0	0	0	0	0	0	0	
124.243200	8	3	3	0	1	2	2	4199	190	24	7456	1	0	0	0	0	0	0	0	0	0	0	0	0	0	0	0	0	
125.249767	8	3	3	0	1	2	2	4199	194	24	7517	1	0	0	0	0	0	0	0	0	0	0	0	0	0	0	0	0	
126.236167	8	3	3	0	1	2	2	4198	188	24	7576	1	0	0	0	0	0	0	0	0	0	0	0	0	0	0	0	0	
127.241283	8	3	3	0	1	2	2	4199	183	24	7636	1	0	0	0	0	0	0	0	0	0	0	0	0	0	0	0	0	
128.246400	8	3	3	0	1	2	2	4199	175	24	7696	1	0	0	0	0	0	0	0	0	0	0	0	0	0	0	0	0	
129.232800	8	3	3	0	1	2	2	4199	169	24	7756	1	0	0	0	0	0	0	0	0	0	0	0	0	0	0	0	0	
130.239367	8	3	3	0	1	2	2	4199	168	24	7816	1	0	0	0	0	0	0	0	0	0	0	0	0	0	0	0	0	
131.244483	8	3	3	0	1	2	2	4199	167	24	7876	1	0	0	0	0	0	0	0	0	0	0	0	0	0	0	0	0	
132.249600	8	3	3	0	1	2	2	4199	164	24	7937	1	0	0	0	0	0	0	0	0	0	0	0	0	0	0	0	0	
133.236000	8	3	3	0	1	2	2	4199	160	24	7996	1	0	0	0	0	0	0	0	0	0	0	0	0	0	0	0	0	
134.241117	8	3	3	0	1	2	2	4199	157	24	8056	1	0	0	0	0	0	0	0	0	0	0	0	0	0	0	0	0	
135.233283	8	3	3	0	1	2	2	4199	153	24	8116	1	0	0	0	0	0	0	0	0	0	0	0	0	0	0	0	0	
136.238400	8	3	3	0	1	2	2	4199	151	24	8176	1	0	0	0	0	0	0	0	0	0	0	0	0	0	0	0	0	
137.243517	8	3	3	0	1	2	2	4199	147	24	8236	1	0	0	0	0	0	0	0	0	0	0	0	0	0	0	0	0	
138.250083	8	3	3	0	1	2	2	4198	144	24	8297	1	0	0	0	0	0	0	0	0	0	0	0	0	0	0	0	0	
139.236483	8	3	3	0	1	2	2	4199	141	24	8356	1	0	0	0	0	0	0	0	0	0	0	0	0	0	0	0	0	
140.241600	8	3	3	0	1	2	2	4199	138	24	8416	1	0	0	0	0	0	0	0	0	0	0	0	0	0	0	0	0	
141.246717	8	3	3	0	1	2	2	4199	135	24	8476	1	0	0	0	0	0	0	0	0	0	0	0	0	0	0	0	0	
142.251833	8	3	3	0	1	2	2	4199	132	24	8537	1	0	0	0	0	0	0	0	0	0	0	0	0	0	0	0	0	
143.238233	8	3	3	0	1	2	2	4199	130	24	8596	1	0	0	0	0	0	0	0	0	0	0	0	0	0	0	0	0	
144.244800	8	3	3	0	1	2	2	4199	127	24	8656	1	0	0	0	0	0	0	0	0	0	0	0	0	0	0	0	0	
145.249917	8	3	3	0	1	2	2	4199	125	24	8717	1	0	0	0	0	0	0	0	0	0	0	0	0	0	0	0	0	
146.236317	8	3	3	0	1	2	2	4198	122	24	8776	1	0	0	0	0	0	0	0	0	0	0	0	0	0	0	0	0	
147.241433	8	3	3	0	1	2	2	4198	119	24	8836	1	0	0	0	0	0	0	0	0	0	0	0	0	0	0	0	0	
148.246567	8	3	3	0	1	2	2	4198	116	24	8896	1	0	0	0	0	0	0	0	0	0	0	0	0	0	0	0	0	
149.253117	8	3	3	0	1	2	2	4198	114	24	8957	1	0	0	0	0	0	0	0	0	0	0	0	0	0	0	0	0	
150.239517	8	3	3	0	1	2	2	4199	112	24	9016	1	0	0	0	0	0	0	0	0	0	0	0	0	0	0	0	0	
151.244633	8	3	3	0	1	2	2	4199	109	24	9076	1	0	0	0	0	0	0	0	0	0	0	0	0	0	0	0	0	
152.249767	8	3	3	0	1	2	2	4199	107	24	9137	1	0	0	0	0	0	0	0	0	0	0	0	0	0	0	0	0	
153.236167	8	3	3	0	1	2	2	4199	105	24	9196	1	0	0	0	0	0	0	0	0	0	0	0	0	0	0	0	0	
154.242717	8	3	3	0	1	2	2	4199	103	24	9256	1	0	0	0	0	0	0	0	0	0	0	0	0	0	0	0	0	
155.247833	8	3	3	0	1	2	2	4199	101	24	9316	1	0	0	0	0	0	0	0	0	0	0	0	0	0	0	0	0	
156.252967	8	3	3	0	1	2	2	4198	98	24	9377	1	0	0	0	0	0	0	0	0	0	0	0	0	0	0	0	0	
157.239367	8	3	3	0	1	2	2	4198	95	24	9436	1	0	0	0	0	0	0	0	0	0	0	0	0	0	0	0	0	
158.244483	8	3	3	0	1	2	2	4199	94	24	9496	1	0	0	0	0	0	0	0	0	0	0	0	0	0	0	0	0	
159.251033	8	3	3	0	1	2	2	4198	92	24	9557	1	0	0	0	0	0	0	0	0	0	0	0	0	0	0	0	0	
160.237433	8	3	3	0	1	2	2	4198	89	24	9616	1	0	0	0	0	0	0	0	0	0	0	0	0	0	0	0	0	
161.242567	8	3	3	0	1	2	2	4199	88	24	9676	1	0	0	0	0	0	0	0	0	0	0	0	0	0	0	0	0	
162.247683	8	3	3	0	1	2	2	4199	88	24	9736	1	0	0	0	0	0	0	0	0	0	0	0	0	0	0	0	0	
163.252800	8	3	3	0	1	2	2	4199	86	24	9797	1	0	0	0	0	0	0	0	0	0	0	0	0	0	0	0	0	
164.239200	8	3	3	0	1	2	2	4199	83	24	9856	1	0	0	0	0	0	0	0	0	0	0	0	0	0	0	0	0	
165.245767	8	3	3	0	1	2	2	4198	81	24	9916	1	0	0	0	0	0	0	0	0	0	0	0	0	0	0	0	0	
166.250883	8	3	3	0	1	2	2	4199	80	24	9976	1	0	0	0	0	0	0	0	0	0	0	0	0	0	0	0	0	
167.237283	8	3	3	0	1	2	2	4199	78	24	10036	1	0	0	0	0	0	0	0	0	0	0	0	0	0	0	0	0	
168.242400	8	3	3	0	1	2	2	4199	76	24	10096	1	0	0	0	0	0	0	0	0	0	0	0	0	0	0	0	0	
169.247517	8	3	3	0	1	2	2	4199	75	24	10156	1	0	0	0	0	0	0	0	0	0	0	0	0	0	0	0	0	
170.252633	8	3	3	0	1	2	2	4199	74	24	10217	1	0	0	0	0	0	0	0	0	0	0	0	0	0	0	0	0	
171.240483	8	3	3	0	1	2	2	4199	72	24	10276	1	0	0	0	0	0	0	0	0	0	0	0	0	0	0	0	0	
172.245600	8	3	3	0	1	2	2	4199	70	24	10336	1	0	0	0	0	0	0	0	0	0	0	0	0	0	0	0	0	
173.250717	8	3	3	0	1	2	2	4199	69	24	10396	1	0	0	0	0	0	0	0	0	0	0	0	0	0	0	0	0	
174.237117	8	3	3	0	1	2	2	4199	67	24	10456	1	0	0	0	0	0	0	0	0	0	0	0	0	0	0	0	0	
174.376800	8	6	3	0	2	7	1	4107	-206	24	10464	1	1	0	0	0	0	0	0	0	0	0	0	0	0	0	0	0	
175.245117	8	6	3	0	2	7	1	3693	-1349	24	10516	1	1	1	0	0	0	0	0	0	0	0	0	0	0	0	0	0	
176.250233	8	6	3	0	2	7	1	3658	-1349	24	10576	1	1	3	0	0	0	0	0	0	0	0	0	0	0	0	0	0	
177.236633	8	6	3	0	2	7	1	3642	-1349	24	10636	1	1	4	0	0	0	0	0	0	0	0	0	0	0	0	0	0	
178.241767	8	6	3	0	2	7	1	3628	-1349	24	10696	1	1	6	0	0	0	0	0	0	0	0	0	0	0	0	0	0	
179.246883	8	6	3	0	2	7	1	3609	-1349	24	10756	1	1	7	0	0	0	0	0	0	0	0	0	0	0	0	0	0	
180.253433	8	6	3	0	2	7	1	3596	-1349	24	10817	1	1	9	0	0	0	0	0	0	0	0	0	0	0	0	0	0	
181.239833	8	6	3	0	2	7	1	3571	-1350	24	10876	1	1	11	0	0	0	0	0	0	0	0	0	0	0	0	0	0	
182.244967	8	6	3	0	2	7	1	3566	-1349	24	10936	1	1	12	0	0	0	0	0	0	0	0	0	0	0	0	0	0	
183.250083	8	6	3	0	2	7	1	3552	-1349	24	10996	1	1	14	0	0	0	0	0	0	0	0	0	0	0	0	0	0	
184.255200	8	6	3	0	2	7	1	3541	-1349	24	11057	1	1	16	0	0	0	0	0	0	0	0	0	0	0	0	0	0	
185.243033	8	6	3	0	2	7	1	3524	-1349	24	11116	1	1	17	0	0	0	0	0	0	0	0	0	0	0	0	0	0	
186.248167	8	6	3	0	2	7	1	3505	-1348	24	11176	1	1	19	0	0	0	0	0	0	0	0	0	0	0	0	0	0	
187.253283	8	6	3	0	2	7	1	3487	-1348	24	11237	1	1	21	0	0	0	0	0	0	0	0	0	0	0	0	0	0	
188.239683	8	6	3	0	2	7	1	3474	-1352	24	11296	1	1	22	0	0	0	0	0	0	0	0	0	0	0	0	0	0	
189.244800	8	6	3	0	2	7	1	3465	-1349	24	11356	1	1	24	0	0	0	0	0	0	0	0	0	0	0	0	0	0	
190.249917	8	6	3	0	2	7	1	3454	-1349	24	11416	1	1	26	0	0	0	0	0	0	0	0	0	0	0	0	0	0	
191.256483	8	6	3	0	2	7	1	3442	-1351	24	11477	1	1	27	0	0	0	0	0	0	0	0	0	0	0	0	0	0	
192.242883	8	6	3	0	2	7	1	3432	-1350	24	11536	1	1	29	0	0	0	0	0	0	0	0	0	0	0	0	0	0	
193.252317	8	6	3	0	2	7	1	3417	-1349	24	11596	1	1	31	0	0	0	0	0	0	0	0	0	0	0	0	0	0	
194.238717	8	6	3	0	2	7	1	3406	-1348	24	11656	1	1	32	0	0	0	0	0	0	0	0	0	0	0	0	0	0	
195.243833	8	6	3	0	2	7	1	3397	-1349	24	11716	1	1	34	0	0	0	0	0	0	0	0	0	0	0	0	0	0	
196.248967	8	6	3	0	2	7	1	3388	-1348	24	11776	1	1	36	0	0	0	0	0	0	0	0	0	0	0	0	0	0	
197.254083	8	6	3	0	2	7	1	3379	-1351	24	11837	1	1	37	0	0	0	0	0	0	0	0	0	0	0	0	0	0	
198.241917	8	6	3	0	2	7	1	3368	-1350	24	11896	1	1	39	0	0	0	0	0	0	0	0	0	0	0	0	0	0	
199.247033	8	6	3	0	2	7	1	3359	-1348	24	11956	1	1	41	0	0	0	0	0	0	0	0	0	0	0	0	0	0	
200.252167	8	6	3	0	2	7	1	3349	-1350	24	12016	1	1	42	0	0	0	0	0	0	0	0	0	0	0	0	0	0	
201.238567	8	6	3	0	2	7	1	3340	-1350	24	12076	1	1	44	0	0	0	0	0	0	0	0	0	0	0	0	0	0	
202.243683	8	6	3	0	2	7	1	3332	-1349	24	12136	1	1	46	0	0	0	0	0	0	0	0	0	0	0	0	0	0	
203.248800	8	6	3	0	2	7	1	3323	-1350	24	12196	1	1	47	0	0	0	0	0	0	0	0	0	0	0	0	0	0	
204.255367	8	6	3	0	2	7	1	3316	-1348	24	12257	1	1	49	0	0	0	0	0	0	0	0	0	0	0	0	0	0	
205.241767	8	6	3	0	2	7	1	3308	-1350	24	12316	1	1	50	0	0	0	0	0	0	0	0	0	0	0	0	0	0	
206.246883	8	6	3	0	2	7	1	3301	-1350	24	12376	1	1	52	0	0	0	0	0	0	0	0	0	0	0	0	0	0	
207.252000	8	6	3	0	2	7	1	3294	-1349	24	12436	1	1	54	0	0	0	0	0	0	0	0	0	0	0	0	0	0	
208.257117	8	6	3	0	2	7	1	3288	-1349	24	12497	1	1	55	0	0	0	0	0	0	0	0	0	0	0	0	0	0	
209.243517	8	6	3	0	2	7	1	3282	-1349	24	12556	1	1	57	0	0	0	0	0	0	0	0	0	0	0	0	0	0	
210.250083	8	6	3	0	2	7	1	3276	-1351	24	12616	1	1	59	0	0	0	0	0	0	0	0	0	0	0	0	0	0	
211.255200	8	6	3	0	2	7	1	3270	-1349	24	12677	1	1	60	0	0	0	0	0	0	0	0	0	0	0	0	0	0	
212.247367	8	6	3	0	2	7	1	3263	-1350	24	12736	1	1	62	0	0	0	0	0	0	0	0	0	0	0	0	0	0	
213.245283	8	6	3	0	2	7	1	3256	-1350	24	12796	1	1	64	0	0	0	0	0	0	0	0	0	0	0	0	0	0	
214.250400	8	6	3	0	2	7	1	3248	-1350	24	12856	1	1	65	0	0	0	0	0	0	0	0	0	0	0	0	0	0	
215.254083	8	6	3	0	2	7	1	3240	-1351	24	12917	1	1	67	0	0	0	0	0	0	0	0	0	0	0	0	0	0	
216.249117	8	6	3	0	2	7	1	3231	-1349	24	12976	1	1	69	0	0	0	0	0	0	0	0	0	0	0	0	0	0	
217.252800	8	6	3	0	2	7	1	3221	-1349	24	13036	1	1	70	0	0	0	0	0	0	0	0	0	0	0	0	0	0	
218.266567	8	6	3	0	2	7	1	3209	-1350	24	13097	1	1	72	0	0	0	0	0	0	0	0	0	0	0	0	0	0	
219.257283	8	6	3	0	2	7	1	3195	-1350	24	13157	1	1	74	0	0	0	0	0	0	0	0	0	0	0	0	0	0	
220.240800	8	6	3	0	2	7	1	3177	-1349	24	13216	1	1	75	0	0	0	0	0	0	0	0	0	0	0	0	0	0	
221.251683	8	6	3	0	2	7	1	3153	-1349	24	13276	1	1	77	0	0	0	0	0	0	0	0	0	0	0	0	0	0	
222.248167	8	6	3	0	2	7	1	3121	-1349	24	13336	1	1	78	0	0	0	0	0	0	0	0	0	0	0	0	0	0	
223.243200	8	6	3	0	2	7	1	3072	-1350	24	13396	1	1	80	0	0	0	0	0	0	0	0	0	0	0	0	0	0	
224.258400	8	6	3	0	2	7	1	2993	-1350	24	13457	1	1	82	0	0	0	0	0	0	0	0	0	0	0	0	0	0	
225.253433	8	6	3	0	2	7	1	2845	-1350	24	13516	1	1	83	0	0	0	0	0	0	0	0	0	0	0	0	0	0	
225.812167	8	15	3	0	1	31	2	2989	34	24	13550	2	1	84	0	0	0	0	0	0	0	0	0	0	0	0	0	0	
225.833767	8	3	3	0	1	2	2	3342	679	24	13551	3	1	84	0	0	0	0	0	0	0	0	0	0	0	0	0	0	
226.252800	8	3	3	0	1	2	2	3559	675	24	13576	3	1	84	0	0	0	0	0	0	0	0	0	0	0	0	0	0	
227.249283	8	3	3	0	1	2	2	3751	675	24	13636	3	1	84	0	0	0	0	0	0	0	0	0	0	0	0	0	0	
228.244317	8	3	3	0	1	2	2	3846	675	24	13696	3	1	84	0	0	0	0	0	0	0	0	0	0	0	0	0	0	
229.240800	8	3	3	0	1	2	2	3896	674	24	13756	3	1	84	0	0	0	0	0	0	0	0	0	0	0	0	0	0	
230.256000	8	3	3	0	1	2	2	3941	674	24	13816	3	1	84	0	0	0	0	0	0	0	0	0	0	0	0	0	0	
231.251033	8	3	3	0	1	2	2	3949	674	24	13876	3	1	84	0	0	0	0	0	0	0	0	0	0	0	0	0	0	
232.247517	8	3	3	0	1	2	2	3969	673	24	13936	3	1	84	0	0	0	0	0	0	0	0	0	0	0	0	0	0	
233.255517	8	3	3	0	1	2	2	3965	674	24	13996	3	1	84	0	0	0	0	0	0	0	0	0	0	0	0	0	0	
234.241917	8	3	3	0	1	2	2	3966	674	24	14056	3	1	84	0	0	0	0	0	0	0	0	0	0	0	0	0	0	
235.248483	8	3	3	0	1	2	2	3979	675	24	14116	3	1	84	0	0	0	0	0	0	0	0	0	0	0	0	0	0	
236.253600	8	3	3	0	1	2	2	3975	674	24	14176	3	1	84	0	0	0	0	0	0	0	0	0	0	0	0	0	0	
237.258717	8	3	3	0	1	2	2	3985	674	24	14237	3	1	84	0	0	0	0	0	0	0	0	0	0	0	0	0	0	
238.245117	8	3	3	0	1	2	2	3997	674	24	14296	3	1	84	0	0	0	0	0	0	0	0	0	0	0	0	0	0	
239.250233	8	3	3	0	1	2	2	3998	674	24	14356	3	1	84	0	0	0	0	0	0	0	0	0	0	0	0	0	0	
240.256800	8	3	3	0	1	2	2	4005	674	24	14416	3	1	84	0	0	0	0	0	0	0	0	0	0	0	0	0	0	
241.244633	8	3	3	0	1	2	2	4015	674	24	14476	3	1	84	0	0	0	0	0	0	0	0	0	0	0	0	0	0	
242.249767	8	3	3	0	1	2	2	4023	675	24	14536	3	1	84	0	0	0	0	0	0	0	0	0	0	0	0	0	0	
243.254883	8	3	3	0	1	2	2	4031	675	24	14596	3	1	84	0	0	0	0	0	0	0	0	0	0	0	0	0	0	
244.260000	8	3	3	0	1	2	2	4036	675	24	14657	3	1	84	0	0	0	0	0	0	0	0	0	0	0	0	0	0	
245.247833	8	3	3	0	1	2	2	4043	675	24	14716	3	1	84	0	0	0	0	0	0	0	0	0	0	0	0	0	0	
246.252967	8	3	3	0	1	2	2	4047	675	24	14776	3	1	84	0	0	0	0	0	0	0	0	0	0	0	0	0	0	
247.258083	8	3	3	0	1	2	2	4048	675	24	14837	3	1	84	0	0	0	0	0	0	0	0	0	0	0	0	0	0	
248.244483	8	3	3	0	1	2	2	4053	675	24	14896	3	1	84	0	0	0	0	0	0	0	0	0	0	0	0	0	0	
249.249600	8	3	3	0	1	2	2	4057	674	24	14956	3	1	84	0	0	0	0	0	0	0	0	0	0	0	0	0	0	
250.256167	8	3	3	0	1	2	2	4061	672	24	15016	3	1	84	0	0	0	0	0	0	0	0	0	0	0	0	0	0	
251.261283	8	3	3	0	1	2	2	4065	675	24	15077	3	1	84	0	0	0	0	0	0	0	0	0	0	0	0	0	0	
252.247683	8	3	3	0	1	2	2	4065	675	24	15136	3	1	84	0	0	0	0	0	0	0	0	0	0	0	0	0	0	
253.252800	8	3	3	0	1	2	2	4071	674	24	15196	3	1	84	0	0	0	0	0	0	0	0	0	0	0	0	0	0	
254.257917	8	3	3	0	1	2	2	4073	675	24	15257	3	1	84	0	0	0	0	0	0	0	0	0	0	0	0	0	0	
255.244317	8	3	3	0	1	2	2	4075	674	24	15316	3	1	84	0	0	0	0	0	0	0	0	0	0	0	0	0	0	
256.250883	8	3	3	0	1	2	2	4077	675	24	15376	3	1	84	0	0	0	0	0	0	0	0	0	0	0	0	0	0	
257.256000	8	3	3	0	1	2	2	4081	675	24	15436	3	1	84	0	0	0	0	0	0	0	0	0	0	0	0	0	0	
258.261117	8	3	3	0	1	2	2	4084	675	24	15497	3	1	84	0	0	0	0	0	0	0	0	0	0	0	0	0	0	
259.247517	8	3	3	0	1	2	2	4086	674	24	15556	3	1	84	0	0	0	0	0	0	0	0	0	0	0	0	0	0	
260.252633	8	3	3	0	1	2	2	4089	674	24	15616	3	1	84	0	0	0	0	0	0	0	0	0	0	0	0	0	0	
261.257767	8	3	3	0	1	2	2	4092	675	24	15677	3	1	84	0	0	0	0	0	0	0	0	0	0	0	0	0	0	
262.245600	8	3	3	0	1	2	2	4096	676	24	15736	3	1	84	0	0	0	0	0	0	0	0	0	0	0	0	0	0	
263.250717	8	3	3	0	1	2	2	4098	673	24	15796	3	1	84	0	0	0	0	0	0	0	0	0	0	0	0	0	0	
264.255833	8	3	3	0	1	2	2	4101	675	24	15856	3	1	84	0	0	0	0	0	0	0	0	0	0	0	0	0	0	
265.260967	8	3	3	0	1	2	2	4104	674	24	15917	3	1	84	0	0	0	0	0	0	0	0	0	0	0	0	0	0	
266.247367	8	3	3	0	1	2	2	4107	675	24	15976	3	1	84	0	0	0	0	0	0	0	0	0	0	0	0	0	0	
267.253917	8	3	3	0	1	2	2	4111	675	24	16036	3	1	84	0	0	0	0	0	0	0	0	0	0	0	0	0	0	
268.259033	8	3	3	0	1	2	2	4113	673	24	16096	3	1	84	0	0	0	0	0	0	0	0	0	0	0	0	0	0	
269.245433	8	3	3	0	1	2	2	4117	676	24	16156	3	1	84	0	0	0	0	0	0	0	0	0	0	0	0	0	0	
270.250567	8	3	3	0	1	2	2	4117	669	24	16216	3	1	84	0	0	0	0	0	0	0	0	0	0	0	0	0	0	
271.255683	8	3	3	0	1	2	2	4118	666	24	16276	3	1	84	0	0	0	0	0	0	0	0	0	0	0	0	0	0	
272.262233	8	3	3	0	1	2	2	4121	663	24	16337	3	1	84	0	0	0	0	0	0	0	0	0	0	0	0	0	0	
273.248633	8	3	3	0	1	2	2	4124	664	24	16396	3	1	84	0	0	0	0	0	0	0	0	0	0	0	0	0	0	
274.253767	8	3	3	0	1	2	2	4128	662	24	16456	3	1	84	0	0	0	0	0	0	0	0	0	0	0	0	0	0	
275.258883	8	3	3	0	1	2	2	4131	662	24	16516	3	1	84	0	0	0	0	0	0	0	0	0	0	0	0	0	0	
276.245283	8	3	3	0	1	2	2	4133	659	24	16576	3	1	84	0	0	0	0	0	0	0	0	0	0	0	0	0	0	
277.251833	8	3	3	0	1	2	2	4138	659	24	16636	3	1	84	0	0	0	0	0	0	0	0	0	0	0	0	0	0	
278.256967	8	3	3	0	1	2	2	4142	660	24	16696	3	1	84	0	0	0	0	0	0	0	0	0	0	0	0	0	0	
279.262083	8	3	3	0	1	2	2	4145	658	24	16757	3	1	84	0	0	0	0	0	0	0	0	0	0	0	0	0	0	
280.248483	8	3	3	0	1	2	2	4148	657	24	16816	3	1	84	0	0	0	0	0	0	0	0	0	0	0	0	0	0	
281.253600	8	3	3	0	1	2	2	4152	656	24	16876	3	1	84	0	0	0	0	0	0	0	0	0	0	0	0	0	0	
282.258717	8	3	3	0	1	2	2	4157	656	24	16936	3	1	84	0	0	0	0	0	0	0	0	0	0	0	0	0	0	
283.246567	8	3	3	0	1	2	2	4162	658	24	16996	3	1	84	0	0	0	0	0	0	0	0	0	0	0	0	0	0	
284.251683	8	3	3	0	1	2	2	4164	655	24	17056	3	1	84	0	0	0	0	0	0	0	0	0	0	0	0	0	0	
285.256800	8	3	3	0	1	2	2	4169	653	24	17116	3	1	84	0	0	0	0	0	0	0	0	0	0	0	0	0	0	
286.261917	8	3	3	0	1	2	2	4172	652	24	17177	3	1	84	0	0	0	0	0	0	0	0	0	0	0	0	0	0	
287.248317	8	3	3	0	1	2	2	4176	651	24	17236	3	1	84	0	0	0	0	0	0	0	0	0	0	0	0	0	0	
288.253433	8	3	3	0	1	2	2	4178	651	24	17296	3	1	84	0	0	0	0	0	0	0	0	0	0	0	0	0	0	
289.260000	8	3	3	0	1	2	2	4184	650	24	17356	3	1	84	0	0	0	0	0	0	0	0	0	0	0	0	0	0	
290.246400	8	3	3	0	1	2	2	4185	650	24	17416	3	1	84	0	0	0	0	0	0	0	0	0	0	0	0	0	0	
291.251517	8	3	3	0	1	2	2	4191	648	24	17476	3	1	84	0	0	0	0	0	0	0	0	0	0	0	0	0	0	
292.256633	8	3	3	0	1	2	2	4198	647	24	17536	3	1	84	0	0	0	0	0	0	0	0	0	0	0	0	0	0	
293.261767	8	3	3	0	1	2	2	4198	637	24	17597	3	1	84	0	0	0	0	0	0	0	0	0	0	0	0	0	0	
294.248167	8	3	3	0	1	2	2	4198	623	24	17656	3	1	84	0	0	0	0	0	0	0	0	0	0	0	0	0	0	
295.254717	8	3	3	0	1	2	2	4198	621	24	17716	3	1	84	0	0	0	0	0	0	0	0	0	0	0	0	0	0	
296.259833	8	3	3	0	1	2	2	4199	604	24	17776	3	1	84	0	0	0	0	0	0	0	0	0	0	0	0	0	0	
297.246233	8	3	3	0	1	2	2	4198	592	24	17836	3	1	84	0	0	0	0	0	0	0	0	0	0	0	0	0	0	
298.251367	8	3	3	0	1	2	2	4198	582	24	17896	3	1	84	0	0	0	0	0	0	0	0	0	0	0	0	0	0	
299.256483	8	3	3	0	1	2	2	4198	568	24	17956	3	1	84	0	0	0	0	0	0	0	0	0	0	0	0	0	0	
300.263033	8	3	3	0	1	2	2	4199	548	24	18017	3	1	84	0	0	0	0	0	0	0	0	0	0	0	0	0	0	
301.249433	8	3	3	0	1	2	2	4199	537	24	18076	3	1	84	0	0	0	0	0	0	0	0	0	0	0	0	0	0	
302.254567	8	3	3	0	1	2	2	4199	524	24	18136	3	1	84	0	0	0	0	0	0	0	0	0	0	0	0	0	0	
303.259683	8	3	3	0	1	2	2	4199	496	24	18196	3	1	84	0	0	0	0	0	0	0	0	0	0	0	0	0	0	
304.264800	8	3	3	0	1	2	2	4198	479	24	18257	3	1	84	0	0	0	0	0	0	0	0	0	0	0	0	0	0	
305.251200	8	3	3	0	1	2	2	4198	475	24	18316	3	1	84	0	0	0	0	0	0	0	0	0	0	0	0	0	0	
306.257767	8	3	3	0	1	2	2	4198	468	24	18376	3	1	84	0	0	0	0	0	0	0	0	0	0	0	0	0	0	
307.262883	8	3	3	0	1	2	2	4199	455	24	18437	3	1	84	0	0	0	0	0	0	0	0	0	0	0	0	0	0	
308.249283	8	3	3	0	1	2	2	4199	438	24	18496	3	1	84	0	0	0	0	0	0	0	0	0	0	0	0	0	0	
309.254400	8	3	3	0	1	2	2	4198	430	24	18556	3	1	84	0	0	0	0	0	0	0	0	0	0	0	0	0	0	
310.260967	8	3	3	0	1	2	2	4198	422	24	18616	3	1	84	0	0	0	0	0	0	0	0	0	0	0	0	0	0	
311.266083	8	3	3	0	1	2	2	4199	404	24	18677	3	1	84	0	0	0	0	0	0	0	0	0	0	0	0	0	0	
312.252483	8	3	3	0	1	2	2	4199	399	24	18736	3	1	84	0	0	0	0	0	0	0	0	0	0	0	0	0	0	
313.257600	8	3	3	0	1	2	2	4198	394	24	18796	3	1	84	0	0	0	0	0	0	0	0	0	0	0	0	0	0	
314.262717	8	3	3	0	1	2	2	4199	381	24	18857	3	1	84	0	0	0	0	0	0	0	0	0	0	0	0	0	0	
315.249117	8	3	3	0	1	2	2	4199	370	24	18916	3	1	84	0	0	0	0	0	0	0	0	0	0	0	0	0	0	
316.255683	8	3	3	0	1	2	2	4199	348	24	18976	3	1	84	0	0	0	0	0	0	0	0	0	0	0	0	0	0	
317.260800	8	3	3	0	1	2	2	4199	345	24	19036	3	1	84	0	0	0	0	0	0	0	0	0	0	0	0	0	0	
318.248633	8	3	3	0	1	2	2	4199	335	24	19096	3	1	84	0	0	0	0	0	0	0	0	0	0	0	0	0	0	
319.255200	8	3	3	0	1	2	2	4199	331	24	19156	3	1	84	0	0	0	0	0	0	0	0	0	0	0	0	0	0	
320.260317	8	3	3	0	1	2	2	4199	323	24	19216	3	1	84	0	0	0	0	0	0	0	0	0	0	0	0	0	0	
321.265433	8	3	3	0	1	2	2	4198	317	24	19277	3	1	84	0	0	0	0	0	0	0	0	0	0	0	0	0	0	
322.251833	8	3	3	0	1	2	2	4199	314	24	19336	3	1	84	0	0	0	0	0	0	0	0	0	0	0	0	0	0	
323.256967	8	3	3	0	1	2	2	4198	308	24	19396	3	1	84	0	0	0	0	0	0	0	0	0	0	0	0	0	0	
324.262083	8	3	3	0	1	2	2	4199	297	24	19456	3	1	84	0	0	0	0	0	0	0	0	0	0	0	0	0	0	
325.248483	8	3	3	0	1	2	2	4199	283	24	19516	3	1	84	0	0	0	0	0	0	0	0	0	0	0	0	0	0	
326.255033	8	3	3	0	1	2	2	4198	277	24	19576	3	1	84	0	0	0	0	0	0	0	0	0	0	0	0	0	0	
327.260167	8	3	3	0	1	2	2	4199	265	24	19636	3	1	84	0	0	0	0	0	0	0	0	0	0	0	0	0	0	
328.265283	8	3	3	0	1	2	2	4199	259	24	19697	3	1	84	0	0	0	0	0	0	0	0	0	0	0	0	0	0	
329.251683	8	3	3	0	1	2	2	4199	252	24	19756	3	1	84	0	0	0	0	0	0	0	0	0	0	0	0	0	0	
330.256800	8	3	3	0	1	2	2	4199	240	24	19816	3	1	84	0	0	0	0	0	0	0	0	0	0	0	0	0	0	
331.264800	8	3	3	0	1	2	2	4199	234	24	19877	3	1	84	0	0	0	0	0	0	0	0	0	0	0	0	0	0	
332.251200	8	3	3	0	1	2	2	4198	228	24	19936	3	1	84	0	0	0	0	0	0	0	0	0	0	0	0	0	0	
333.256317	8	3	3	0	1	2	2	4199	221	24	19996	3	1	84	0	0	0	0	0	0	0	0	0	0	0	0	0	0	
334.262883	8	3	3	0	1	2	2	4199	219	24	20056	3	1	84	0	0	0	0	0	0	0	0	0	0	0	0	0	0	
335.268000	8	3	3	0	1	2	2	4199	214	24	20117	3	1	84	0	0	0	0	0	0	0	0	0	0	0	0	0	0	
336.254400	8	3	3	0	1	2	2	4198	207	24	20176	3	1	84	0	0	0	0	0	0	0	0	0	0	0	0	0	0	
337.259517	8	3	3	0	1	2	2	4199	205	24	20236	3	1	84	0	0	0	0	0	0	0	0	0	0	0	0	0	0	
338.264633	8	3	3	0	1	2	2	4199	200	24	20297	3	1	84	0	0	0	0	0	0	0	0	0	0	0	0	0	0	
339.251033	8	3	3	0	1	2	2	4199	194	24	20356	3	1	84	0	0	0	0	0	0	0	0	0	0	0	0	0	0	
340.257600	8	3	3	0	1	2	2	4199	189	24	20416	3	1	84	0	0	0	0	0	0	0	0	0	0	0	0	0	0	
341.262717	8	3	3	0	1	2	2	4199	185	24	20476	3	1	84	0	0	0	0	0	0	0	0	0	0	0	0	0	0	
342.267833	8	3	3	0	1	2	2	4199	181	24	20537	3	1	84	0	0	0	0	0	0	0	0	0	0	0	0	0	0	
343.254233	8	3	3	0	1	2	2	4199	177	24	20596	3	1	84	0	0	0	0	0	0	0	0	0	0	0	0	0	0	
344.259367	8	3	3	0	1	2	2	4199	174	24	20656	3	1	84	0	0	0	0	0	0	0	0	0	0	0	0	0	0	
345.265917	8	3	3	0	1	2	2	4199	171	24	20717	3	1	84	0	0	0	0	0	0	0	0	0	0	0	0	0	0	
346.252317	8	3	3	0	1	2	2	4199	168	24	20776	3	1	84	0	0	0	0	0	0	0	0	0	0	0	0	0	0	
347.257433	8	3	3	0	1	2	2	4199	166	24	20836	3	1	84	0	0	0	0	0	0	0	0	0	0	0	0	0	0	
348.262567	8	3	3	0	1	2	2	4199	162	24	20896	3	1	84	0	0	0	0	0	0	0	0	0	0	0	0	0	0	
349.267683	8	3	3	0	1	2	2	4199	160	24	20957	3	1	84	0	0	0	0	0	0	0	0	0	0	0	0	0	0	
350.254083	8	3	3	0	1	2	2	4199	156	24	21016	3	1	84	0	0	0	0	0	0	0	0	0	0	0	0	0	0	
351.260633	8	3	3	0	1	2	2	4199	154	24	21076	3	1	84	0	0	0	0	0	0	0	0	0	0	0	0	0	0	
352.265767	8	3	3	0	1	2	2	4199	151	24	21137	3	1	84	0	0	0	0	0	0	0	0	0	0	0	0	0	0	
353.252167	8	3	3	0	1	2	2	4199	148	24	21196	3	1	84	0	0	0	0	0	0	0	0	0	0	0	0	0	0	
354.257283	8	3	3	0	1	2	2	4198	146	24	21256	3	1	84	0	0	0	0	0	0	0	0	0	0	0	0	0	0	
355.262400	8	3	3	0	1	2	2	4199	143	24	21316	3	1	84	0	0	0	0	0	0	0	0	0	0	0	0	0	0	
356.268967	8	3	3	0	1	2	2	4199	141	24	21377	3	1	84	0	0	0	0	0	0	0	0	0	0	0	0	0	0	
357.255367	8	3	3	0	1	2	2	4199	137	24	21436	3	1	84	0	0	0	0	0	0	0	0	0	0	0	0	0	0	
358.260483	8	3	3	0	1	2	2	4199	134	24	21496	3	1	84	0	0	0	0	0	0	0	0	0	0	0	0	0	0	
359.265600	8	3	3	0	1	2	2	4199	132	24	21557	3	1	84	0	0	0	0	0	0	0	0	0	0	0	0	0	0	
360.252000	8	3	3	0	1	2	2	4199	130	24	21616	3	1	84	0	0	0	0	0	0	0	0	0	0	0	0	0	0	
361.258567	8	3	3	0	1	2	2	4198	127	24	21676	3	1	84	0	0	0	0	0	0	0	0	0	0	0	0	0	0	
362.263683	8	3	3	0	1	2	2	4199	125	24	21736	3	1	84	0	0	0	0	0	0	0	0	0	0	0	0	0	0	
363.268800	8	3	3	0	1	2	2	4199	123	24	21797	3	1	84	0	0	0	0	0	0	0	0	0	0	0	0	0	0	
364.255200	8	3	3	0	1	2	2	4199	120	24	21856	3	1	84	0	0	0	0	0	0	0	0	0	0	0	0	0	0	
365.260317	8	3	3	0	1	2	2	4199	118	24	21916	3	1	84	0	0	0	0	0	0	0	0	0	0	0	0	0	0	
366.266883	8	3	3	0	1	2	2	4199	116	24	21976	3	1	84	0	0	0	0	0	0	0	0	0	0	0	0	0	0	
367.253283	8	3	3	0	1	2	2	4198	113	24	22036	3	1	84	0	0	0	0	0	0	0	0	0	0	0	0	0	0	
368.258400	8	3	3	0	1	2	2	4198	110	24	22096	3	1	84	0	0	0	0	0	0	0	0	0	0	0	0	0	0	
369.263517	8	3	3	0	1	2	2	4199	109	24	22156	3	1	84	0	0	0	0	0	0	0	0	0	0	0	0	0	0	
370.251367	8	3	3	0	1	2	2	4199	107	24	22216	3	1	84	0	0	0	0	0	0	0	0	0	0	0	0	0	0	
371.257917	8	3	3	0	1	2	2	4199	105	24	22276	3	1	84	0	0	0	0	0	0	0	0	0	0	0	0	0	0	
372.263033	8	3	3	0	1	2	2	4199	103	24	22336	3	1	84	0	0	0	0	0	0	0	0	0	0	0	0	0	0	
373.268167	8	3	3	0	1	2	2	4199	101	24	22397	3	1	84	0	0	0	0	0	0	0	0	0	0	0	0	0	0	
374.254567	8	3	3	0	1	2	2	4198	98	24	22456	3	1	84	0	0	0	0	0	0	0	0	0	0	0	0	0	0	
375.259683	8	3	3	0	1	2	2	4199	97	24	22516	3	1	84	0	0	0	0	0	0	0	0	0	0	0	0	0	0	
376.264800	8	3	3	0	1	2	2	4199	95	24	22576	3	1	84	0	0	0	0	0	0	0	0	0	0	0	0	0	0	
377.271367	8	3	3	0	1	2	2	4198	93	24	22637	3	1	84	0	0	0	0	0	0	0	0	0	0	0	0	0	0	
378.257767	8	3	3	0	1	2	2	4199	92	24	22696	3	1	84	0	0	0	0	0	0	0	0	0	0	0	0	0	0	
379.262883	8	3	3	0	1	2	2	4198	89	24	22756	3	1	84	0	0	0	0	0	0	0	0	0	0	0	0	0	0	
380.268000	8	3	3	0	1	2	2	4199	88	24	22817	3	1	84	0	0	0	0	0	0	0	0	0	0	0	0	0	0	
381.254400	8	3	3	0	1	2	2	4199	86	24	22876	3	1	84	0	0	0	0	0	0	0	0	0	0	0	0	0	0	
382.260967	8	3	3	0	1	2	2	4198	84	24	22936	3	1	84	0	0	0	0	0	0	0	0	0	0	0	0	0	0	
383.266083	8	3	3	0	1	2	2	4199	83	24	22996	3	1	84	0	0	0	0	0	0	0	0	0	0	0	0	0	0	
384.271200	8	3	3	0	1	2	2	4199	80	24	23057	3	1	84	0	0	0	0	0	0	0	0	0	0	0	0	0	0	
385.257600	8	3	3	0	1	2	2	4199	79	24	23116	3	1	84	0	0	0	0	0	0	0	0	0	0	0	0	0	0	
386.262717	8	3	3	0	1	2	2	4199	78	24	23176	3	1	84	0	0	0	0	0	0	0	0	0	0	0	0	0	0	
387.269283	8	3	3	0	1	2	2	4199	76	24	23237	3	1	84	0	0	0	0	0	0	0	0	0	0	0	0	0	0	
388.255683	8	3	3	0	1	2	2	4199	76	24	23296	3	1	84	0	0	0	0	0	0	0	0	0	0	0	0	0	0	
389.260800	8	3	3	0	1	2	2	4198	74	24	23356	3	1	84	0	0	0	0	0	0	0	0	0	0	0	0	0	0	
390.265917	8	3	3	0	1	2	2	4198	72	24	23416	3	1	84	0	0	0	0	0	0	0	0	0	0	0	0	0	0	
391.271033	8	3	3	0	1	2	2	4199	71	24	23477	3	1	84	0	0	0	0	0	0	0	0	0	0	0	0	0	0	
392.257433	8	3	3	0	1	2	2	4198	69	24	23536	3	1	84	0	0	0	0	0	0	0	0	0	0	0	0	0	0	
393.264000	8	3	3	0	1	2	2	4199	68	24	23596	3	1	84	0	0	0	0	0	0	0	0	0	0	0	0	0	0	
393.966717	8	6	3	0	2	7	1	3754	-1351	24	23638	3	2	0	0	0	0	0	0	0	0	0	0	0	0	0	0	0	
394.270567	8	6	3	0	2	7	1	3714	-1349	24	23657	3	2	0	0	0	0	0	0	0	0	0	0	0	0	0	0	0	
395.259833	8	6	3	0	2	7	1	3713	-1348	24	23716	3	2	2	0	0	0	0	0	0	0	0	0	0	0	0	0	0	
396.266400	8	6	3	0	2	7	1	3684	-1350	24	23776	3	2	3	0	0	0	0	0	0	0	0	0	0	0	0	0	0	
397.271517	8	6	3	0	2	7	1	3659	-1349	24	23837	3	2	5	0	0	0	0	0	0	0	0	0	0	0	0	0	0	
398.257917	8	6	3	0	2	7	1	3643	-1351	24	23896	3	2	7	0	0	0	0	0	0	0	0	0	0	0	0	0	0	
399.263033	8	6	3	0	2	7	1	3620	-1348	24	23956	3	2	8	0	0	0	0	0	0	0	0	0	0	0	0	0	0	
400.268167	8	6	3	0	2	7	1	3604	-1348	24	24016	3	2	10	0	0	0	0	0	0	0	0	0	0	0	0	0	0	
401.254567	8	6	3	0	2	7	1	3584	-1350	24	24076	3	2	12	0	0	0	0	0	0	0	0	0	0	0	0	0	0	
402.261117	8	6	3	0	2	7	1	3560	-1347	24	24136	3	2	13	0	0	0	0	0	0	0	0	0	0	0	0	0	0	
403.266233	8	6	3	0	2	7	1	3555	-1349	24	24196	3	2	15	0	0	0	0	0	0	0	0	0	0	0	0	0	0	
404.271367	8	6	3	0	2	7	1	3535	-1350	24	24257	3	2	16	0	0	0	0	0	0	0	0	0	0	0	0	0	0	
405.257767	8	6	3	0	2	7	1	3517	-1351	24	24316	3	2	18	0	0	0	0	0	0	0	0	0	0	0	0	0	0	
406.262883	8	6	3	0	2	7	1	3499	-1350	24	24376	3	2	20	0	0	0	0	0	0	0	0	0	0	0	0	0	0	
407.269433	8	6	3	0	2	7	1	3486	-1352	24	24436	3	2	21	0	0	0	0	0	0	0	0	0	0	0	0	0	0	
408.255833	8	6	3	0	2	7	1	3475	-1350	24	24496	3	2	23	0	0	0	0	0	0	0	0	0	0	0	0	0	0	
409.260967	8	6	3	0	2	7	1	3458	-1348	24	24556	3	2	25	0	0	0	0	0	0	0	0	0	0	0	0	0	0	
410.266083	8	6	3	0	2	7	1	3448	-1349	24	24616	3	2	26	0	0	0	0	0	0	0	0	0	0	0	0	0	0	
411.271200	8	6	3	0	2	7	1	3430	-1351	24	24677	3	2	28	0	0	0	0	0	0	0	0	0	0	0	0	0	0	
412.257600	8	6	3	0	2	7	1	3422	-1350	24	24736	3	2	30	0	0	0	0	0	0	0	0	0	0	0	0	0	0	
413.264167	8	6	3	0	2	7	1	3414	-1348	24	24796	3	2	31	0	0	0	0	0	0	0	0	0	0	0	0	0	0	
414.269283	8	6	3	0	2	7	1	3403	-1349	24	24856	3	2	33	0	0	0	0	0	0	0	0	0	0	0	0	0	0	
415.255683	8	6	3	0	2	7	1	3392	-1350	24	24916	3	2	34	0	0	0	0	0	0	0	0	0	0	0	0	0	0	
416.260800	8	6	3	0	2	7	1	3380	-1349	24	24976	3	2	36	0	0	0	0	0	0	0	0	0	0	0	0	0	0	
417.265917	8	6	3	0	2	7	1	3370	-1349	24	25036	3	2	38	0	0	0	0	0	0	0	0	0	0	0	0	0	0	
418.271033	8	6	3	0	2	7	1	3361	-1350	24	25097	3	2	39	0	0	0	0	0	0	0	0	0	0	0	0	0	0	
419.258883	8	6	3	0	2	7	1	3351	-1349	24	25156	3	2	41	0	0	0	0	0	0	0	0	0	0	0	0	0	0	
420.264000	8	6	3	0	2	7	1	3342	-1350	24	25216	3	2	43	0	0	0	0	0	0	0	0	0	0	0	0	0	0	
421.269117	8	6	3	0	2	7	1	3334	-1349	24	25276	3	2	44	0	0	0	0	0	0	0	0	0	0	0	0	0	0	
422.274233	8	6	3	0	2	7	1	3325	-1350	24	25337	3	2	46	0	0	0	0	0	0	0	0	0	0	0	0	0	0	
423.260633	8	6	3	0	2	7	1	3317	-1350	24	25396	3	2	48	0	0	0	0	0	0	0	0	0	0	0	0	0	0	
424.267200	8	6	3	0	2	7	1	3310	-1350	24	25456	3	2	49	0	0	0	0	0	0	0	0	0	0	0	0	0	0	
425.272317	8	6	3	0	2	7	1	3302	-1350	24	25517	3	2	51	0	0	0	0	0	0	0	0	0	0	0	0	0	0	
426.258717	8	6	3	0	2	7	1	3295	-1350	24	25576	3	2	53	0	0	0	0	0	0	0	0	0	0	0	0	0	0	
427.263833	8	6	3	0	2	7	1	3288	-1351	24	25636	3	2	54	0	0	0	0	0	0	0	0	0	0	0	0	0	0	
428.268967	8	6	3	0	2	7	1	3282	-1349	24	25696	3	2	56	0	0	0	0	0	0	0	0	0	0	0	0	0	0	
429.275517	8	6	3	0	2	7	1	3275	-1350	24	25757	3	2	58	0	0	0	0	0	0	0	0	0	0	0	0	0	0	
430.261917	8	6	3	0	2	7	1	3269	-1350	24	25816	3	2	59	0	0	0	0	0	0	0	0	0	0	0	0	0	0	
431.267033	8	6	3	0	2	7	1	3262	-1350	24	25876	3	2	61	0	0	0	0	0	0	0	0	0	0	0	0	0	0	
432.272167	8	6	3	0	2	7	1	3255	-1350	24	25937	3	2	63	0	0	0	0	0	0	0	0	0	0	0	0	0	0	
433.258567	8	6	3	0	2	7	1	3249	-1349	24	25996	3	2	64	0	0	0	0	0	0	0	0	0	0	0	0	0	0	
434.265117	8	6	3	0	2	7	1	3240	-1349	24	26056	3	2	66	0	0	0	0	0	0	0	0	0	0	0	0	0	0	
435.270233	8	6	3	0	2	7	1	3232	-1349	24	26116	3	2	68	0	0	0	0	0	0	0	0	0	0	0	0	0	0	
436.275367	8	6	3	0	2	7	1	3221	-1350	24	26177	3	2	69	0	0	0	0	0	0	0	0	0	0	0	0	0	0	
437.261767	8	6	3	0	2	7	1	3211	-1349	24	26236	3	2	71	0	0	0	0	0	0	0	0	0	0	0	0	0	0	
438.266883	8	6	3	0	2	7	1	3198	-1351	24	26296	3	2	72	0	0	0	0	0	0	0	0	0	0	0	0	0	0	
439.273433	8	6	3	0	2	7	1	3181	-1349	24	26357	3	2	74	0	0	0	0	0	0	0	0	0	0	0	0	0	0	
440.259833	8	6	3	0	2	7	1	3160	-1349	24	26416	3	2	76	0	0	0	0	0	0	0	0	0	0	0	0	0	0	
441.264967	8	6	3	0	2	7	1	3132	-1348	24	26476	3	2	77	0	0	0	0	0	0	0	0	0	0	0	0	0	0	
442.270083	8	6	3	0	2	7	1	3090	-1349	24	26536	3	2	79	0	0	0	0	0	0	0	0	0	0	0	0	0	0	
443.275200	8	6	3	0	2	7	1	3025	-1349	24	26597	3	2	81	0	0	0	0	0	0	0	0	0	0	0	0	0	0	
444.263033	8	6	3	0	2	7	1	2912	-1350	24	26656	3	2	82	0	0	0	0	0	0	0	0	0	0	0	0	0	0	
445.210567	8	15	3	0	1	31	2	3229	300	24	26713	5	2	84	0	0	0	0	0	0	0	0	0	0	0	0	0	0	
445.232167	8	3	3	0	1	2	2	3379	677	24	26714	5	2	84	0	0	0	0	0	0	0	0	0	0	0	0	0	0	
445.271033	8	3	3	0	1	2	2	3422	677	24	26716	5	2	84	0	0	0	0	0	0	0	0	0	0	0	0	0	0	
446.276167	8	3	3	0	1	2	2	3694	675	24	26777	5	2	84	0	0	0	0	0	0	0	0	0	0	0	0	0	0	
447.262567	8	3	3	0	1	2	2	3803	674	24	26836	5	2	84	0	0	0	0	0	0	0	0	0	0	0	0	0	0	
448.267683	8	3	3	0	1	2	2	3902	675	24	26896	5	2	84	0	0	0	0	0	0	0	0	0	0	0	0	0	0	
449.274233	8	3	3	0	1	2	2	3924	674	24	26957	5	2	84	0	0	0	0	0	0	0	0	0	0	0	0	0	0	
450.260633	8	3	3	0	1	2	2	3963	675	24	27016	5	2	84	0	0	0	0	0	0	0	0	0	0	0	0	0	0	
451.265767	8	3	3	0	1	2	2	3968	674	24	27076	5	2	84	0	0	0	0	0	0	0	0	0	0	0	0	0	0	
452.270883	8	3	3	0	1	2	2	3976	674	24	27136	5	2	84	0	0	0	0	0	0	0	0	0	0	0	0	0	0	
453.276000	8	3	3	0	1	2	2	3981	674	24	27197	5	2	84	0	0	0	0	0	0	0	0	0	0	0	0	0	0	
454.262400	8	3	3	0	1	2	2	3982	674	24	27256	5	2	84	0	0	0	0	0	0	0	0	0	0	0	0	0	0	
455.267517	8	3	3	0	1	2	2	3991	674	24	27316	5	2	84	0	0	0	0	0	0	0	0	0	0	0	0	0	0	
456.274083	8	3	3	0	1	2	2	3991	674	24	27376	5	2	84	0	0	0	0	0	0	0	0	0	0	0	0	0	0	
457.260483	8	3	3	0	1	2	2	3991	674	24	27436	5	2	84	0	0	0	0	0	0	0	0	0	0	0	0	0	0	
458.265600	8	3	3	0	1	2	2	3996	673	24	27496	5	2	84	0	0	0	0	0	0	0	0	0	0	0	0	0	0	
459.270717	8	3	3	0	1	2	2	4005	675	24	27556	5	2	84	0	0	0	0	0	0	0	0	0	0	0	0	0	0	
460.275833	8	3	3	0	1	2	2	4018	675	24	27617	5	2	84	0	0	0	0	0	0	0	0	0	0	0	0	0	0	
461.262233	8	3	3	0	1	2	2	4027	675	24	27676	5	2	84	0	0	0	0	0	0	0	0	0	0	0	0	0	0	
462.267367	8	3	3	0	1	2	2	4033	675	24	27736	5	2	84	0	0	0	0	0	0	0	0	0	0	0	0	0	0	
463.273917	8	3	3	0	1	2	2	4041	674	24	27796	5	2	84	0	0	0	0	0	0	0	0	0	0	0	0	0	0	
464.260317	8	3	3	0	1	2	2	4048	674	24	27856	5	2	84	0	0	0	0	0	0	0	0	0	0	0	0	0	0	
465.265433	8	3	3	0	1	2	2	4054	674	24	27916	5	2	84	0	0	0	0	0	0	0	0	0	0	0	0	0	0	
466.273433	8	3	3	0	1	2	2	4061	675	24	27976	5	2	84	0	0	0	0	0	0	0	0	0	0	0	0	0	0	
467.259833	8	3	3	0	1	2	2	4066	675	24	28036	5	2	84	0	0	0	0	0	0	0	0	0	0	0	0	0	0	
468.264967	8	3	3	0	1	2	2	4069	674	24	28096	5	2	84	0	0	0	0	0	0	0	0	0	0	0	0	0	0	
469.270083	8	3	3	0	1	2	2	4073	674	24	28156	5	2	84	0	0	0	0	0	0	0	0	0	0	0	0	0	0	
470.275200	8	3	3	0	1	2	2	4076	675	24	28217	5	2	84	0	0	0	0	0	0	0	0	0	0	0	0	0	0	
471.263033	8	3	3	0	1	2	2	4079	674	24	28276	5	2	84	0	0	0	0	0	0	0	0	0	0	0	0	0	0	
472.268167	8	3	3	0	1	2	2	4082	674	24	28336	5	2	84	0	0	0	0	0	0	0	0	0	0	0	0	0	0	
473.273283	8	3	3	0	1	2	2	4085	674	24	28396	5	2	84	0	0	0	0	0	0	0	0	0	0	0	0	0	0	
474.278400	8	3	3	0	1	2	2	4088	674	24	28457	5	2	84	0	0	0	0	0	0	0	0	0	0	0	0	0	0	
475.264800	8	3	3	0	1	2	2	4092	675	24	28516	5	2	84	0	0	0	0	0	0	0	0	0	0	0	0	0	0	
476.271367	8	3	3	0	1	2	2	4096	675	24	28576	5	2	84	0	0	0	0	0	0	0	0	0	0	0	0	0	0	
477.276483	8	3	3	0	1	2	2	4098	675	24	28637	5	2	84	0	0	0	0	0	0	0	0	0	0	0	0	0	0	
478.262883	8	3	3	0	1	2	2	4100	674	24	28696	5	2	84	0	0	0	0	0	0	0	0	0	0	0	0	0	0	
479.268000	8	3	3	0	1	2	2	4104	674	24	28756	5	2	84	0	0	0	0	0	0	0	0	0	0	0	0	0	0	
480.273117	8	3	3	0	1	2	2	4106	675	24	28816	5	2	84	0	0	0	0	0	0	0	0	0	0	0	0	0	0	
481.278233	8	3	3	0	1	2	2	4111	675	24	28877	5	2	84	0	0	0	0	0	0	0	0	0	0	0	0	0	0	
482.264633	8	3	3	0	1	2	2	4113	674	24	28936	5	2	84	0	0	0	0	0	0	0	0	0	0	0	0	0	0	
483.269767	8	3	3	0	1	2	2	4116	675	24	28996	5	2	84	0	0	0	0	0	0	0	0	0	0	0	0	0	0	
484.276317	8	3	3	0	1	2	2	4117	674	24	29057	5	2	84	0	0	0	0	0	0	0	0	0	0	0	0	0	0	
485.262717	8	3	3	0	1	2	2	4120	670	24	29116	5	2	84	0	0	0	0	0	0	0	0	0	0	0	0	0	0	
486.270717	8	3	3	0	1	2	2	4122	667	24	29176	5	2	84	0	0	0	0	0	0	0	0	0	0	0	0	0	0	
487.275833	8	3	3	0	1	2	2	4125	664	24	29237	5	2	84	0	0	0	0	0	0	0	0	0	0	0	0	0	0	
488.263683	8	3	3	0	1	2	2	4126	663	24	29296	5	2	84	0	0	0	0	0	0	0	0	0	0	0	0	0	0	
489.268800	8	3	3	0	1	2	2	4131	663	24	29356	5	2	84	0	0	0	0	0	0	0	0	0	0	0	0	0	0	
490.273917	8	3	3	0	1	2	2	4133	662	24	29416	5	2	84	0	0	0	0	0	0	0	0	0	0	0	0	0	0	
491.279033	8	3	3	0	1	2	2	4135	661	24	29477	5	2	84	0	0	0	0	0	0	0	0	0	0	0	0	0	0	
492.265433	8	3	3	0	1	2	2	4139	663	24	29536	5	2	84	0	0	0	0	0	0	0	0	0	0	0	0	0	0	
493.270567	8	3	3	0	1	2	2	4142	661	24	29596	5	2	84	0	0	0	0	0	0	0	0	0	0	0	0	0	0	
494.277117	8	3	3	0	1	2	2	4145	660	24	29657	5	2	84	0	0	0	0	0	0	0	0	0	0	0	0	0	0	
495.263517	8	3	3	0	1	2	2	4148	660	24	29716	5	2	84	0	0	0	0	0	0	0	0	0	0	0	0	0	0	
496.268633	8	3	3	0	1	2	2	4153	660	24	29776	5	2	84	0	0	0	0	0	0	0	0	0	0	0	0	0	0	
497.273767	8	3	3	0	1	2	2	4156	659	24	29836	5	2	84	0	0	0	0	0	0	0	0	0	0	0	0	0	0	
498.278883	8	3	3	0	1	2	2	4160	659	24	29897	5	2	84	0	0	0	0	0	0	0	0	0	0	0	0	0	0	
499.265283	8	3	3	0	1	2	2	4165	659	24	29956	5	2	84	0	0	0	0	0	0	0	0	0	0	0	0	0	0	
500.271833	8	3	3	0	1	2	2	4167	656	24	30016	5	2	84	0	0	0	0	0	0	0	0	0	0	0	0	0	0	
501.276967	8	3	3	0	1	2	2	4170	655	24	30076	5	2	84	0	0	0	0	0	0	0	0	0	0	0	0	0	0	
502.263367	8	3	3	0	1	2	2	4175	656	24	30136	5	2	84	0	0	0	0	0	0	0	0	0	0	0	0	0	0	
503.268483	8	3	3	0	1	2	2	4180	656	24	30196	5	2	84	0	0	0	0	0	0	0	0	0	0	0	0	0	0	
504.273600	8	3	3	0	1	2	2	4185	658	24	30256	5	2	84	0	0	0	0	0	0	0	0	0	0	0	0	0	0	
505.280167	8	3	3	0	1	2	2	4187	653	24	30317	5	2	84	0	0	0	0	0	0	0	0	0	0	0	0	0	0	
506.266567	8	3	3	0	1	2	2	4191	653	24	30376	5	2	84	0	0	0	0	0	0	0	0	0	0	0	0	0	0	
507.271683	8	3	3	0	1	2	2	4196	652	24	30436	5	2	84	0	0	0	0	0	0	0	0	0	0	0	0	0	0	
508.276800	8	3	3	0	1	2	2	4198	648	24	30496	5	2	84	0	0	0	0	0	0	0	0	0	0	0	0	0	0	
509.263200	8	3	3	0	1	2	2	4199	640	24	30556	5	2	84	0	0	0	0	0	0	0	0	0	0	0	0	0	0	
510.269767	8	3	3	0	1	2	2	4198	630	24	30616	5	2	84	0	0	0	0	0	0	0	0	0	0	0	0	0	0	
511.274883	8	3	3	0	1	2	2	4199	612	24	30676	5	2	84	0	0	0	0	0	0	0	0	0	0	0	0	0	0	
512.280000	8	3	3	0	1	2	2	4198	601	24	30737	5	2	84	0	0	0	0	0	0	0	0	0	0	0	0	0	0	
513.266400	8	3	3	0	1	2	2	4199	592	24	30796	5	2	84	0	0	0	0	0	0	0	0	0	0	0	0	0	0	
514.271517	8	3	3	0	1	2	2	4198	587	24	30856	5	2	84	0	0	0	0	0	0	0	0	0	0	0	0	0	0	
515.276633	8	3	3	0	1	2	2	4199	575	24	30916	5	2	84	0	0	0	0	0	0	0	0	0	0	0	0	0	0	
516.264483	8	3	3	0	1	2	2	4199	563	24	30976	5	2	84	0	0	0	0	0	0	0	0	0	0	0	0	0	0	
517.269600	8	3	3	0	1	2	2	4199	535	24	31036	5	2	84	0	0	0	0	0	0	0	0	0	0	0	0	0	0	
518.274717	8	3	3	0	1	2	2	4198	522	24	31096	5	2	84	0	0	0	0	0	0	0	0	0	0	0	0	0	0	
519.279833	8	3	3	0	1	2	2	4198	507	24	31157	5	2	84	0	0	0	0	0	0	0	0	0	0	0	0	0	0	
520.267683	8	3	3	0	1	2	2	4199	500	24	31216	5	2	84	0	0	0	0	0	0	0	0	0	0	0	0	0	0	
521.274233	8	3	3	0	1	2	2	4198	472	24	31276	5	2	84	0	0	0	0	0	0	0	0	0	0	0	0	0	0	
522.279367	8	3	3	0	1	2	2	4198	462	24	31337	5	2	84	0	0	0	0	0	0	0	0	0	0	0	0	0	0	
523.265767	8	3	3	0	1	2	2	4199	445	24	31396	5	2	84	0	0	0	0	0	0	0	0	0	0	0	0	0	0	
524.270883	8	3	3	0	1	2	2	4199	440	24	31456	5	2	84	0	0	0	0	0	0	0	0	0	0	0	0	0	0	
525.276000	8	3	3	0	1	2	2	4199	429	24	31516	5	2	84	0	0	0	0	0	0	0	0	0	0	0	0	0	0	
526.282567	8	3	3	0	1	2	2	4199	409	24	31577	5	2	84	0	0	0	0	0	0	0	0	0	0	0	0	0	0	
527.268967	8	3	3	0	1	2	2	4199	394	24	31636	5	2	84	0	0	0	0	0	0	0	0	0	0	0	0	0	0	
528.274083	8	3	3	0	1	2	2	4199	392	24	31696	5	2	84	0	0	0	0	0	0	0	0	0	0	0	0	0	0	
529.279200	8	3	3	0	1	2	2	4199	389	24	31757	5	2	84	0	0	0	0	0	0	0	0	0	0	0	0	0	0	
530.265600	8	3	3	0	1	2	2	4198	375	24	31816	5	2	84	0	0	0	0	0	0	0	0	0	0	0	0	0	0	
531.272167	8	3	3	0	1	2	2	4198	359	24	31876	5	2	84	0	0	0	0	0	0	0	0	0	0	0	0	0	0	
532.277283	8	3	3	0	1	2	2	4199	345	24	31936	5	2	84	0	0	0	0	0	0	0	0	0	0	0	0	0	0	
533.282400	8	3	3	0	1	2	2	4199	337	24	31997	5	2	84	0	0	0	0	0	0	0	0	0	0	0	0	0	0	
534.268800	8	3	3	0	1	2	2	4199	337	24	32056	5	2	84	0	0	0	0	0	0	0	0	0	0	0	0	0	0	
535.273917	8	3	3	0	1	2	2	4198	333	24	32116	5	2	84	0	0	0	0	0	0	0	0	0	0	0	0	0	0	
536.279033	8	3	3	0	1	2	2	4199	324	24	32176	5	2	84	0	0	0	0	0	0	0	0	0	0	0	0	0	0	
537.266883	8	3	3	0	1	2	2	4199	319	24	32236	5	2	84	0	0	0	0	0	0	0	0	0	0	0	0	0	0	
538.272000	8	3	3	0	1	2	2	4199	306	24	32296	5	2	84	0	0	0	0	0	0	0	0	0	0	0	0	0	0	
539.277117	8	3	3	0	1	2	2	4199	294	24	32356	5	2	84	0	0	0	0	0	0	0	0	0	0	0	0	0	0	
540.282233	8	3	3	0	1	2	2	4199	289	24	32417	5	2	84	0	0	0	0	0	0	0	0	0	0	0	0	0	0	
541.268633	8	3	3	0	1	2	2	4199	283	24	32476	5	2	84	0	0	0	0	0	0	0	0	0	0	0	0	0	0	
542.275200	8	3	3	0	1	2	2	4199	282	24	32536	5	2	84	0	0	0	0	0	0	0	0	0	0	0	0	0	0	
543.280317	8	3	3	0	1	2	2	4198	265	24	32596	5	2	84	0	0	0	0	0	0	0	0	0	0	0	0	0	0	
544.266717	8	3	3	0	1	2	2	4199	255	24	32656	5	2	84	0	0	0	0	0	0	0	0	0	0	0	0	0	0	
545.271833	8	3	3	0	1	2	2	4199	260	24	32716	5	2	84	0	0	0	0	0	0	0	0	0	0	0	0	0	0	
546.276967	8	3	3	0	1	2	2	4199	255	24	32776	5	2	84	0	0	0	0	0	0	0	0	0	0	0	0	0	0	
547.282083	8	3	3	0	1	2	2	4199	257	24	32837	5	2	84	0	0	0	0	0	0	0	0	0	0	0	0	0	0	
548.268483	8	3	3	0	1	2	2	4198	248	24	32896	5	2	84	0	0	0	0	0	0	0	0	0	0	0	0	0	0	
549.275033	8	3	3	0	1	2	2	4199	243	24	32956	5	2	84	0	0	0	0	0	0	0	0	0	0	0	0	0	0	
550.280167	8	3	3	0	1	2	2	4199	235	24	33016	5	2	84	0	0	0	0	0	0	0	0	0	0	0	0	0	0	
551.266567	8	3	3	0	1	2	2	4199	222	24	33076	5	2	84	0	0	0	0	0	0	0	0	0	0	0	0	0	0	
552.271683	8	3	3	0	1	2	2	4199	219	24	33136	5	2	84	0	0	0	0	0	0	0	0	0	0	0	0	0	0	
553.276800	8	3	3	0	1	2	2	4199	214	24	33196	5	2	84	0	0	0	0	0	0	0	0	0	0	0	0	0	0	
554.283367	8	3	3	0	1	2	2	4199	207	24	33257	5	2	84	0	0	0	0	0	0	0	0	0	0	0	0	0	0	
555.272633	8	3	3	0	1	2	2	4199	200	24	33316	5	2	84	0	0	0	0	0	0	0	0	0	0	0	0	0	0	
556.277767	8	3	3	0	1	2	2	4199	196	24	33376	5	2	84	0	0	0	0	0	0	0	0	0	0	0	0	0	0	
557.284317	8	3	3	0	1	2	2	4199	194	24	33437	5	2	84	0	0	0	0	0	0	0	0	0	0	0	0	0	0	
558.270717	8	3	3	0	1	2	2	4199	198	24	33496	5	2	84	0	0	0	0	0	0	0	0	0	0	0	0	0	0	
559.275833	8	3	3	0	1	2	2	4199	191	24	33556	5	2	84	0	0	0	0	0	0	0	0	0	0	0	0	0	0	
560.280967	8	3	3	0	1	2	2	4199	179	24	33616	5	2	84	0	0	0	0	0	0	0	0	0	0	0	0	0	0	
561.267367	8	3	3	0	1	2	2	4198	176	24	33676	5	2	84	0	0	0	0	0	0	0	0	0	0	0	0	0	0	
562.272483	8	3	3	0	1	2	2	4199	173	24	33736	5	2	84	0	0	0	0	0	0	0	0	0	0	0	0	0	0	
563.279033	8	3	3	0	1	2	2	4199	167	24	33796	5	2	84	0	0	0	0	0	0	0	0	0	0	0	0	0	0	
564.284167	8	3	3	0	1	2	2	4199	166	24	33857	5	2	84	0	0	0	0	0	0	0	0	0	0	0	0	0	0	
565.270567	8	3	3	0	1	2	2	4199	163	24	33916	5	2	84	0	0	0	0	0	0	0	0	0	0	0	0	0	0	
566.275683	8	3	3	0	1	2	2	4199	161	24	33976	5	2	84	0	0	0	0	0	0	0	0	0	0	0	0	0	0	
567.280800	8	3	3	0	1	2	2	4199	158	24	34036	5	2	84	0	0	0	0	0	0	0	0	0	0	0	0	0	0	
568.267200	8	3	3	0	1	2	2	4198	154	24	34096	5	2	84	0	0	0	0	0	0	0	0	0	0	0	0	0	0	
569.273767	8	3	3	0	1	2	2	4199	151	24	34156	5	2	84	0	0	0	0	0	0	0	0	0	0	0	0	0	0	
570.278883	8	3	3	0	1	2	2	4199	147	24	34216	5	2	84	0	0	0	0	0	0	0	0	0	0	0	0	0	0	
571.284000	8	3	3	0	1	2	2	4199	144	24	34277	5	2	84	0	0	0	0	0	0	0	0	0	0	0	0	0	0	
572.270400	8	3	3	0	1	2	2	4199	141	24	34336	5	2	84	0	0	0	0	0	0	0	0	0	0	0	0	0	0	
573.275517	8	3	3	0	1	2	2	4198	138	24	34396	5	2	84	0	0	0	0	0	0	0	0	0	0	0	0	0	0	
574.282083	8	3	3	0	1	2	2	4199	136	24	34456	5	2	84	0	0	0	0	0	0	0	0	0	0	0	0	0	0	
575.268483	8	3	3	0	1	2	2	4198	132	24	34516	5	2	84	0	0	0	0	0	0	0	0	0	0	0	0	0	0	
576.273600	8	3	3	0	1	2	2	4198	131	24	34576	5	2	84	0	0	0	0	0	0	0	0	0	0	0	0	0	0	
577.278717	8	3	3	0	1	2	2	4199	128	24	34636	5	2	84	0	0	0	0	0	0	0	0	0	0	0	0	0	0	
578.283833	8	3	3	0	1	2	2	4198	124	24	34697	5	2	84	0	0	0	0	0	0	0	0	0	0	0	0	0	0	
579.270233	8	3	3	0	1	2	2	4199	122	24	34756	5	2	84	0	0	0	0	0	0	0	0	0	0	0	0	0	0	
580.276800	8	3	3	0	1	2	2	4199	120	24	34816	5	2	84	0	0	0	0	0	0	0	0	0	0	0	0	0	0	
581.281917	8	3	3	0	1	2	2	4199	118	24	34876	5	2	84	0	0	0	0	0	0	0	0	0	0	0	0	0	0	
582.287033	8	3	3	0	1	2	2	4199	115	24	34937	5	2	84	0	0	0	0	0	0	0	0	0	0	0	0	0	0	
583.273433	8	3	3	0	1	2	2	4199	114	24	34996	5	2	84	0	0	0	0	0	0	0	0	0	0	0	0	0	0	
584.278567	8	3	3	0	1	2	2	4198	112	24	35056	5	2	84	0	0	0	0	0	0	0	0	0	0	0	0	0	0	
585.285117	8	3	3	0	1	2	2	4199	111	24	35117	5	2	84	0	0	0	0	0	0	0	0	0	0	0	0	0	0	
586.271517	8	3	3	0	1	2	2	4199	109	24	35176	5	2	84	0	0	0	0	0	0	0	0	0	0	0	0	0	0	
587.276633	8	3	3	0	1	2	2	4198	108	23	35236	5	2	84	0	0	0	0	0	0	0	0	0	0	0	0	0	0	
588.281767	8	3	3	0	1	2	2	4199	106	23	35296	5	2	84	0	0	0	0	0	0	0	0	0	0	0	0	0	0	
589.286883	8	3	3	0	1	2	2	4198	104	24	35357	5	2	84	0	0	0	0	0	0	0	0	0	0	0	0	0	0	
590.274717	8	3	3	0	1	2	2	4199	103	24	35416	5	2	84	0	0	0	0	0	0	0	0	0	0	0	0	0	0	
591.279833	8	3	3	0	1	2	2	4199	102	24	35476	5	2	84	0	0	0	0	0	0	0	0	0	0	0	0	0	0	
592.284967	8	3	3	0	1	2	2	4199	101	24	35537	5	2	84	0	0	0	0	0	0	0	0	0	0	0	0	0	0	
593.271367	8	3	3	0	1	2	2	4199	99	24	35596	5	2	84	0	0	0	0	0	0	0	0	0	0	0	0	0	0	
594.276483	8	3	3	0	1	2	2	4199	97	23	35656	5	2	84	0	0	0	0	0	0	0	0	0	0	0	0	0	0	
595.283033	8	3	3	0	1	2	2	4199	96	24	35716	5	2	84	0	0	0	0	0	0	0	0	0	0	0	0	0	0	
596.288167	8	3	3	0	1	2	2	4198	95	24	35777	5	2	84	0	0	0	0	0	0	0	0	0	0	0	0	0	0	
597.277433	8	3	3	0	1	2	2	4198	93	24	35836	5	2	84	0	0	0	0	0	0	0	0	0	0	0	0	0	0	
598.284000	8	3	3	0	1	2	2	4198	91	24	35896	5	2	84	0	0	0	0	0	0	0	0	0	0	0	0	0	0	
599.270400	8	3	3	0	1	2	2	4198	91	24	35956	5	2	84	0	0	0	0	0	0	0	0	0	0	0	0	0	0	
600.275517	8	3	3	0	1	2	2	4199	90	24	36016	5	2	84	0	0	0	0	0	0	0	0	0	0	0	0	0	0	
601.280633	8	3	3	0	1	2	2	4198	87	24	36076	5	2	84	0	0	0	0	0	0	0	0	0	0	0	0	0	0	
602.285767	8	3	3	0	1	2	2	4199	86	24	36137	5	2	84	0	0	0	0	0	0	0	0	0	0	0	0	0	0	
603.272167	8	3	3	0	1	2	2	4198	86	24	36196	5	2	84	0	0	0	0	0	0	0	0	0	0	0	0	0	0	
604.278717	8	3	3	0	1	2	2	4198	84	24	36256	5	2	84	0	0	0	0	0	0	0	0	0	0	0	0	0	0	
605.283833	8	3	3	0	1	2	2	4198	82	24	36316	5	2	84	0	0	0	0	0	0	0	0	0	0	0	0	0	0	
606.288967	8	3	3	0	1	2	2	4198	81	24	36377	5	2	84	0	0	0	0	0	0	0	0	0	0	0	0	0	0	
607.275367	8	3	3	0	1	2	2	4199	80	24	36436	5	2	84	0	0	0	0	0	0	0	0	0	0	0	0	0	0	
608.280483	8	3	3	0	1	2	2	4199	80	24	36496	5	2	84	0	0	0	0	0	0	0	0	0	0	0	0	0	0	
609.287033	8	3	3	0	1	2	2	4198	78	24	36557	5	2	84	0	0	0	0	0	0	0	0	0	0	0	0	0	0	
610.273433	8	3	3	0	1	2	2	4198	76	24	36616	5	2	84	0	0	0	0	0	0	0	0	0	0	0	0	0	0	
611.278567	8	3	3	0	1	2	2	4199	75	24	36676	5	2	84	0	0	0	0	0	0	0	0	0	0	0	0	0	0	
612.283683	8	3	3	0	1	2	2	4199	74	24	36736	5	2	84	0	0	0	0	0	0	0	0	0	0	0	0	0	0	
613.288800	8	3	3	0	1	2	2	4198	73	24	36797	5	2	84	0	0	0	0	0	0	0	0	0	0	0	0	0	0	
614.275200	8	3	3	0	1	2	2	4198	73	24	36856	5	2	84	0	0	0	0	0	0	0	0	0	0	0	0	0	0	
615.281767	8	3	3	0	1	2	2	4199	72	24	36916	5	2	84	0	0	0	0	0	0	0	0	0	0	0	0	0	0	
616.286883	8	3	3	0	1	2	2	4199	71	24	36977	5	2	84	0	0	0	0	0	0	0	0	0	0	0	0	0	0	
617.273283	8	3	3	0	1	2	2	4199	69	24	37036	5	2	84	0	0	0	0	0	0	0	0	0	0	0	0	0	0	
618.278400	8	3	3	0	1	2	2	4198	68	24	37096	5	2	84	0	0	0	0	0	0	0	0	0	0	0	0	0	0	
619.171200	8	6	3	0	2	7	1	3905	-725	24	37150	5	3	0	0	0	0	0	0	0	0	0	0	0	0	0	0	0	
619.286400	8	6	3	0	2	7	1	3711	-1349	24	37156	5	3	0	0	0	0	0	0	0	0	0	0	0	0	0	0	0	
620.272800	8	6	3	0	2	7	1	3706	-1350	24	37216	5	3	1	0	0	0	0	0	0	0	0	0	0	0	0	0	0	
621.277917	8	6	3	0	2	7	1	3688	-1350	24	37276	5	3	3	0	0	0	0	0	0	0	0	0	0	0	0	0	0	
622.283033	8	6	3	0	2	7	1	3665	-1352	24	37336	5	3	5	0	0	0	0	0	0	0	0	0	0	0	0	0	0	
623.288167	8	6	3	0	2	7	1	3646	-1351	24	37397	5	3	6	0	0	0	0	0	0	0	0	0	0	0	0	0	0	
624.274567	8	6	3	0	2	7	1	3629	-1349	24	37456	5	3	8	0	0	0	0	0	0	0	0	0	0	0	0	0	0	
625.281117	8	6	3	0	2	7	1	3604	-1349	24	37516	5	3	10	0	0	0	0	0	0	0	0	0	0	0	0	0	0	
626.286233	8	6	3	0	2	7	1	3522	-1349	24	37576	5	3	11	0	0	0	0	0	0	0	0	0	0	0	0	0	0	
627.272633	8	6	3	0	2	7	1	3534	-1351	24	37636	5	3	13	0	0	0	0	0	0	0	0	0	0	0	0	0	0	
628.277767	8	6	3	0	2	7	1	3493	-1350	24	37696	5	3	14	0	0	0	0	0	0	0	0	0	0	0	0	0	0	
629.282883	8	6	3	0	2	7	1	3498	-1349	24	37756	5	3	16	0	0	0	0	0	0	0	0	0	0	0	0	0	0	
630.289433	8	6	3	0	2	7	1	3499	-1350	24	37817	5	3	18	0	0	0	0	0	0	0	0	0	0	0	0	0	0	
631.275833	8	6	3	0	2	7	1	3481	-1350	24	37876	5	3	19	0	0	0	0	0	0	0	0	0	0	0	0	0	0	
632.280967	8	6	3	0	2	7	1	3467	-1350	24	37936	5	3	21	0	0	0	0	0	0	0	0	0	0	0	0	0	0	
633.286083	8	6	3	0	2	7	1	3432	-1350	24	37996	5	3	23	0	0	0	0	0	0	0	0	0	0	0	0	0	0	
634.272483	8	6	3	0	2	7	1	3399	-1349	24	38056	5	3	24	0	0	0	0	0	0	0	0	0	0	0	0	0	0	
635.279033	8	6	3	0	2	7	1	3411	-1350	24	38116	5	3	26	0	0	0	0	0	0	0	0	0	0	0	0	0	0	
636.285600	8	6	3	0	2	7	1	3412	-1349	24	38176	5	3	28	0	0	0	0	0	0	0	0	0	0	0	0	0	0	
637.290717	8	6	3	0	2	7	1	3403	-1350	24	38237	5	3	29	0	0	0	0	0	0	0	0	0	0	0	0	0	0	
638.277117	8	6	3	0	2	7	1	3393	-1349	24	38296	5	3	31	0	0	0	0	0	0	0	0	0	0	0	0	0	0	
639.282233	8	6	3	0	2	7	1	3383	-1350	24	38356	5	3	33	0	0	0	0	0	0	0	0	0	0	0	0	0	0	
640.288800	8	6	3	0	2	7	1	3372	-1349	24	38417	5	3	34	0	0	0	0	0	0	0	0	0	0	0	0	0	0	
641.275200	8	6	3	0	2	7	1	3360	-1349	24	38476	5	3	36	0	0	0	0	0	0	0	0	0	0	0	0	0	0	
642.280317	8	6	3	0	2	7	1	3350	-1349	24	38536	5	3	38	0	0	0	0	0	0	0	0	0	0	0	0	0	0	
643.285433	8	6	3	0	2	7	1	3341	-1350	24	38596	5	3	39	0	0	0	0	0	0	0	0	0	0	0	0	0	0	
644.290567	8	6	3	0	2	7	1	3331	-1350	24	38657	5	3	41	0	0	0	0	0	0	0	0	0	0	0	0	0	0	
645.278400	8	6	3	0	2	7	1	3323	-1350	24	38716	5	3	43	0	0	0	0	0	0	0	0	0	0	0	0	0	0	
646.283517	8	6	3	0	2	7	1	3314	-1349	24	38776	5	3	44	0	0	0	0	0	0	0	0	0	0	0	0	0	0	
647.288633	8	6	3	0	2	7	1	3307	-1349	24	38836	5	3	46	0	0	0	0	0	0	0	0	0	0	0	0	0	0	
648.275033	8	6	3	0	2	7	1	3299	-1350	24	38896	5	3	48	0	0	0	0	0	0	0	0	0	0	0	0	0	0	
649.280167	8	6	3	0	2	7	1	3292	-1349	24	38956	5	3	49	0	0	0	0	0	0	0	0	0	0	0	0	0	0	
650.286717	8	6	3	0	2	7	1	3286	-1348	24	39016	5	3	51	0	0	0	0	0	0	0	0	0	0	0	0	0	0	
651.291833	8	6	3	0	2	7	1	3278	-1350	24	39077	5	3	53	0	0	0	0	0	0	0	0	0	0	0	0	0	0	
652.278233	8	6	3	0	2	7	1	3273	-1349	24	39136	5	3	54	0	0	0	0	0	0	0	0	0	0	0	0	0	0	
653.283367	8	6	3	0	2	7	1	3265	-1351	24	39196	5	3	56	0	0	0	0	0	0	0	0	0	0	0	0	0	0	
654.288483	8	6	3	0	2	7	1	3259	-1351	24	39256	5	3	57	0	0	0	0	0	0	0	0	0	0	0	0	0	0	
655.276317	8	6	3	0	2	7	1	3254	-1349	24	39316	5	3	59	0	0	0	0	0	0	0	0	0	0	0	0	0	0	
656.281433	8	6	3	0	2	7	1	3249	-1350	24	39376	5	3	61	0	0	0	0	0	0	0	0	0	0	0	0	0	0	
657.286567	8	6	3	0	2	7	1	3242	-1350	24	39436	5	3	62	0	0	0	0	0	0	0	0	0	0	0	0	0	0	
658.291683	8	6	3	0	2	7	1	3235	-1351	24	39497	5	3	64	0	0	0	0	0	0	0	0	0	0	0	0	0	0	
659.278083	8	6	3	0	2	7	1	3230	-1347	24	39556	5	3	66	0	0	0	0	0	0	0	0	0	0	0	0	0	0	
660.283200	8	6	3	0	2	7	1	3223	-1349	24	39616	5	3	67	0	0	0	0	0	0	0	0	0	0	0	0	0	0	
661.289767	8	6	3	0	2	7	1	3223	-1351	24	39676	5	3	69	0	0	0	0	0	0	0	0	0	0	0	0	0	0	
662.276167	8	6	3	0	2	7	1	3209	-1350	24	39736	5	3	71	0	0	0	0	0	0	0	0	0	0	0	0	0	0	
663.281283	8	6	3	0	2	7	1	3196	-1349	24	39796	5	3	72	0	0	0	0	0	0	0	0	0	0	0	0	0	0	
664.286400	8	6	3	0	2	7	1	3179	-1351	24	39856	5	3	74	0	0	0	0	0	0	0	0	0	0	0	0	0	0	
665.291517	8	6	3	0	2	7	1	3152	-1351	24	39917	5	3	76	0	0	0	0	0	0	0	0	0	0	0	0	0	0	
666.277917	8	6	3	0	2	7	1	3118	-1350	24	39976	5	3	77	0	0	0	0	0	0	0	0	0	0	0	0	0	0	
667.284483	8	6	3	0	2	7	1	3063	-1351	24	40036	5	3	79	0	0	0	0	0	0	0	0	0	0	0	0	0	0	
668.289600	8	6	3	0	2	7	1	2975	-1350	24	40096	5	3	81	0	0	0	0	0	0	0	0	0	0	0	0	0	0	
669.276000	8	6	3	0	2	7	1	2809	-1350	24	40156	5	3	82	0	0	0	0	0	0	0	0	0	0	0	0	0	0	
669.679200	8	15	3	0	1	31	2	3036	38	24	40180	6	3	83	0	0	0	0	0	0	0	0	0	0	0	0	0	0	
669.699367	8	3	3	0	1	2	2	3354	676	24	40181	7	3	83	0	0	0	0	0	0	0	0	0	0	0	0	0	0	
670.285433	8	3	3	0	1	2	2	3598	674	24	40216	7	3	83	0	0	0	0	0	0	0	0	0	0	0	0	0	0	
671.290567	8	3	3	0	1	2	2	3726	674	24	40276	7	3	83	0	0	0	0	0	0	0	0	0	0	0	0	0	0	
672.276967	8	3	3	0	1	2	2	3797	674	24	40336	7	3	83	0	0	0	0	0	0	0	0	0	0	0	0	0	0	
673.282083	8	3	3	0	1	2	2	3844	674	24	40396	7	3	83	0	0	0	0	0	0	0	0	0	0	0	0	0	0	
674.287200	8	3	3	0	1	2	2	3880	675	24	40456	7	3	83	0	0	0	0	0	0	0	0	0	0	0	0	0	0	
675.293767	8	3	3	0	1	2	2	3890	675	24	40517	7	3	83	0	0	0	0	0	0	0	0	0	0	0	0	0	0	
676.280167	8	3	3	0	1	2	2	3908	674	24	40576	7	3	83	0	0	0	0	0	0	0	0	0	0	0	0	0	0	
677.285283	8	3	3	0	1	2	2	3911	673	24	40636	7	3	83	0	0	0	0	0	0	0	0	0	0	0	0	0	0	
678.290400	8	3	3	0	1	2	2	3922	674	24	40696	7	3	83	0	0	0	0	0	0	0	0	0	0	0	0	0	0	
679.276800	8	3	3	0	1	2	2	3925	675	24	40756	7	3	83	0	0	0	0	0	0	0	0	0	0	0	0	0	0	
680.283367	8	3	3	0	1	2	2	3934	675	24	40816	7	3	83	0	0	0	0	0	0	0	0	0	0	0	0	0	0	
681.288483	8	3	3	0	1	2	2	3942	674	24	40876	7	3	83	0	0	0	0	0	0	0	0	0	0	0	0	0	0	
682.293600	8	3	3	0	1	2	2	3947	675	24	40937	7	3	83	0	0	0	0	0	0	0	0	0	0	0	0	0	0	
683.280000	8	3	3	0	1	2	2	3953	674	24	40996	7	3	83	0	0	0	0	0	0	0	0	0	0	0	0	0	0	
684.285117	8	3	3	0	1	2	2	3961	674	24	41056	7	3	83	0	0	0	0	0	0	0	0	0	0	0	0	0	0	
685.291683	8	3	3	0	1	2	2	3966	676	24	41116	7	3	83	0	0	0	0	0	0	0	0	0	0	0	0	0	0	
686.278083	8	3	3	0	1	2	2	3972	675	24	41176	7	3	83	0	0	0	0	0	0	0	0	0	0	0	0	0	0	
687.283200	8	3	3	0	1	2	2	3978	674	24	41236	7	3	83	0	0	0	0	0	0	0	0	0	0	0	0	0	0	
688.288317	8	3	3	0	1	2	2	3983	674	24	41296	7	3	83	0	0	0	0	0	0	0	0	0	0	0	0	0	0	
689.293433	8	3	3	0	1	2	2	3989	673	24	41357	7	3	83	0	0	0	0	0	0	0	0	0	0	0	0	0	0	
690.282717	8	3	3	0	1	2	2	3995	675	24	41416	7	3	83	0	0	0	0	0	0	0	0	0	0	0	0	0	0	
691.287833	8	3	3	0	1	2	2	3999	675	24	41476	7	3	83	0	0	0	0	0	0	0	0	0	0	0	0	0	0	
692.292967	8	3	3	0	1	2	2	4003	673	24	41537	7	3	83	0	0	0	0	0	0	0	0	0	0	0	0	0	0	
693.279367	8	3	3	0	1	2	2	4008	674	24	41596	7	3	83	0	0	0	0	0	0	0	0	0	0	0	0	0	0	
694.285917	8	3	3	0	1	2	2	4012	673	24	41656	7	3	83	0	0	0	0	0	0	0	0	0	0	0	0	0	0	
695.291033	8	3	3	0	1	2	2	4016	675	24	41716	7	3	83	0	0	0	0	0	0	0	0	0	0	0	0	0	0	
696.277433	8	3	3	0	1	2	2	4020	674	24	41776	7	3	83	0	0	0	0	0	0	0	0	0	0	0	0	0	0	
697.282567	8	3	3	0	1	2	2	4024	675	24	41836	7	3	83	0	0	0	0	0	0	0	0	0	0	0	0	0	0	
698.287683	8	3	3	0	1	2	2	4026	673	24	41896	7	3	83	0	0	0	0	0	0	0	0	0	0	0	0	0	0	
699.294233	8	3	3	0	1	2	2	4030	675	24	41957	7	3	83	0	0	0	0	0	0	0	0	0	0	0	0	0	0	
700.280633	8	3	3	0	1	2	2	4033	675	24	42016	7	3	83	0	0	0	0	0	0	0	0	0	0	0	0	0	0	
701.285767	8	3	3	0	1	2	2	4036	674	24	42076	7	3	83	0	0	0	0	0	0	0	0	0	0	0	0	0	0	
702.290883	8	3	3	0	1	2	2	4039	675	24	42136	7	3	83	0	0	0	0	0	0	0	0	0	0	0	0	0	0	
703.296000	8	3	3	0	1	2	2	4043	674	24	42197	7	3	83	0	0	0	0	0	0	0	0	0	0	0	0	0	0	
704.283833	8	3	3	0	1	2	2	4045	674	24	42256	7	3	83	0	0	0	0	0	0	0	0	0	0	0	0	0	0	
705.288967	8	3	3	0	1	2	2	4049	675	24	42316	7	3	83	0	0	0	0	0	0	0	0	0	0	0	0	0	0	
706.294083	8	3	3	0	1	2	2	4052	674	23	42377	7	3	83	0	0	0	0	0	0	0	0	0	0	0	0	0	0	
707.280483	8	3	3	0	1	2	2	4055	674	24	42436	7	3	83	0	0	0	0	0	0	0	0	0	0	0	0	0	0	
708.285600	8	3	3	0	1	2	2	4058	674	24	42496	7	3	83	0	0	0	0	0	0	0	0	0	0	0	0	0	0	
709.292167	8	3	3	0	1	2	2	4060	674	24	42556	7	3	83	0	0	0	0	0	0	0	0	0	0	0	0	0	0	
710.297283	8	3	3	0	1	2	2	4064	675	24	42617	7	3	83	0	0	0	0	0	0	0	0	0	0	0	0	0	0	
711.283683	8	3	3	0	1	2	2	4067	674	23	42676	7	3	83	0	0	0	0	0	0	0	0	0	0	0	0	0	0	
712.288800	8	3	3	0	1	2	2	4070	674	23	42736	7	3	83	0	0	0	0	0	0	0	0	0	0	0	0	0	0	
713.293917	8	3	3	0	1	2	2	4074	674	23	42797	7	3	83	0	0	0	0	0	0	0	0	0	0	0	0	0	0	
714.281767	8	3	3	0	1	2	2	4078	674	23	42856	7	3	83	0	0	0	0	0	0	0	0	0	0	0	0	0	0	
715.286883	8	3	3	0	1	2	2	4081	674	24	42916	7	3	83	0	0	0	0	0	0	0	0	0	0	0	0	0	0	
716.292000	8	3	3	0	1	2	2	4084	674	23	42976	7	3	83	0	0	0	0	0	0	0	0	0	0	0	0	0	0	
717.297117	8	3	3	0	1	2	2	4088	674	23	43037	7	3	83	0	0	0	0	0	0	0	0	0	0	0	0	0	0	
718.283517	8	3	3	0	1	2	2	4092	675	23	43096	7	3	83	0	0	0	0	0	0	0	0	0	0	0	0	0	0	
719.290083	8	3	3	0	1	2	2	4095	674	23	43156	7	3	83	0	0	0	0	0	0	0	0	0	0	0	0	0	0	
720.295200	8	3	3	0	1	2	2	4099	674	23	43217	7	3	83	0	0	0	0	0	0	0	0	0	0	0	0	0	0	
721.281600	8	3	3	0	1	2	2	4103	674	23	43276	7	3	83	0	0	0	0	0	0	0	0	0	0	0	0	0	0	
722.289600	8	3	3	0	1	2	2	4107	674	23	43336	7	3	83	0	0	0	0	0	0	0	0	0	0	0	0	0	0	
723.294717	8	3	3	0	1	2	2	4112	675	23	43396	7	3	83	0	0	0	0	0	0	0	0	0	0	0	0	0	0	
724.281117	8	3	3	0	1	2	2	4115	674	23	43456	7	3	83	0	0	0	0	0	0	0	0	0	0	0	0	0	0	
725.286233	8	3	3	0	1	2	2	4116	666	23	43516	7	3	83	0	0	0	0	0	0	0	0	0	0	0	0	0	0	
726.291367	8	3	3	0	1	2	2	4120	663	23	43576	7	3	83	0	0	0	0	0	0	0	0	0	0	0	0	0	0	
727.297917	8	3	3	0	1	2	2	4124	664	23	43637	7	3	83	0	0	0	0	0	0	0	0	0	0	0	0	0	0	
728.284317	8	3	3	0	1	2	2	4129	663	23	43696	7	3	83	0	0	0	0	0	0	0	0	0	0	0	0	0	0	
729.289433	8	3	3	0	1	2	2	4133	661	23	43756	7	3	83	0	0	0	0	0	0	0	0	0	0	0	0	0	0	
730.294567	8	3	3	0	1	2	2	4139	662	23	43816	7	3	83	0	0	0	0	0	0	0	0	0	0	0	0	0	0	
731.280967	8	3	3	0	1	2	2	4143	661	23	43876	7	3	83	0	0	0	0	0	0	0	0	0	0	0	0	0	0	
732.287517	8	3	3	0	1	2	2	4148	660	23	43936	7	3	83	0	0	0	0	0	0	0	0	0	0	0	0	0	0	
733.292633	8	3	3	0	1	2	2	4153	661	23	43996	7	3	83	0	0	0	0	0	0	0	0	0	0	0	0	0	0	
734.297767	8	3	3	0	1	2	2	4158	659	23	44057	7	3	83	0	0	0	0	0	0	0	0	0	0	0	0	0	0	
735.284167	8	3	3	0	1	2	2	4163	658	23	44116	7	3	83	0	0	0	0	0	0	0	0	0	0	0	0	0	0	
736.289283	8	3	3	0	1	2	2	4168	656	23	44176	7	3	83	0	0	0	0	0	0	0	0	0	0	0	0	0	0	
737.295833	8	3	3	0	1	2	2	4174	658	23	44236	7	3	83	0	0	0	0	0	0	0	0	0	0	0	0	0	0	
738.282233	8	3	3	0	1	2	2	4179	657	23	44296	7	3	83	0	0	0	0	0	0	0	0	0	0	0	0	0	0	
739.287367	8	3	3	0	1	2	2	4184	656	23	44356	7	3	83	0	0	0	0	0	0	0	0	0	0	0	0	0	0	
740.292483	8	3	3	0	1	2	2	4189	655	23	44416	7	3	83	0	0	0	0	0	0	0	0	0	0	0	0	0	0	
741.297600	8	3	3	0	1	2	2	4195	656	23	44477	7	3	83	0	0	0	0	0	0	0	0	0	0	0	0	0	0	
742.285433	8	3	3	0	1	2	2	4198	648	23	44536	7	3	83	0	0	0	0	0	0	0	0	0	0	0	0	0	0	
743.290567	8	3	3	0	1	2	2	4198	632	23	44596	7	3	83	0	0	0	0	0	0	0	0	0	0	0	0	0	0	
744.295683	8	3	3	0	1	2	2	4199	605	23	44656	7	3	83	0	0	0	0	0	0	0	0	0	0	0	0	0	0	
745.282083	8	3	3	0	1	2	2	4198	589	23	44716	7	3	83	0	0	0	0	0	0	0	0	0	0	0	0	0	0	
746.287200	8	3	3	0	1	2	2	4198	579	23	44776	7	3	83	0	0	0	0	0	0	0	0	0	0	0	0	0	0	
747.292317	8	3	3	0	1	2	2	4198	556	23	44836	7	3	83	0	0	0	0	0	0	0	0	0	0	0	0	0	0	
748.298883	8	3	3	0	1	2	2	4199	536	23	44897	7	3	83	0	0	0	0	0	0	0	0	0	0	0	0	0	0	
749.285283	8	3	3	0	1	2	2	4199	520	23	44956	7	3	83	0	0	0	0	0	0	0	0	0	0	0	0	0	0	
750.290400	8	3	3	0	1	2	2	4199	505	23	45016	7	3	83	0	0	0	0	0	0	0	0	0	0	0	0	0	0	
751.295517	8	3	3	0	1	2	2	4199	482	23	45076	7	3	83	0	0	0	0	0	0	0	0	0	0	0	0	0	0	
752.286233	8	3	3	0	1	2	2	4199	469	23	45136	7	3	83	0	0	0	0	0	0	0	0	0	0	0	0	0	0	
753.291367	8	3	3	0	1	2	2	4199	461	23	45196	7	3	83	0	0	0	0	0	0	0	0	0	0	0	0	0	0	
754.296483	8	3	3	0	1	2	2	4199	453	23	45256	7	3	83	0	0	0	0	0	0	0	0	0	0	0	0	0	0	
755.282883	8	3	3	0	1	2	2	4199	430	23	45316	7	3	83	0	0	0	0	0	0	0	0	0	0	0	0	0	0	
756.288000	8	3	3	0	1	2	2	4198	407	23	45376	7	3	83	0	0	0	0	0	0	0	0	0	0	0	0	0	0	
757.294567	8	3	3	0	1	2	2	4199	367	23	45436	7	3	83	0	0	0	0	0	0	0	0	0	0	0	0	0	0	
758.299683	8	3	3	0	1	2	2	4199	351	23	45497	7	3	83	0	0	0	0	0	0	0	0	0	0	0	0	0	0	
759.286083	8	3	3	0	1	2	2	4199	334	23	45556	7	3	83	0	0	0	0	0	0	0	0	0	0	0	0	0	0	
760.291200	8	3	3	0	1	2	2	4199	326	23	45616	7	3	83	0	0	0	0	0	0	0	0	0	0	0	0	0	0	
761.296317	8	3	3	0	1	2	2	4199	325	23	45676	7	3	83	0	0	0	0	0	0	0	0	0	0	0	0	0	0	
762.282717	8	3	3	0	1	2	2	4199	324	23	45736	7	3	83	0	0	0	0	0	0	0	0	0	0	0	0	0	0	
763.289283	8	3	3	0	1	2	2	4199	317	23	45796	7	3	83	0	0	0	0	0	0	0	0	0	0	0	0	0	0	
764.294400	8	3	3	0	1	2	2	4199	310	23	45856	7	3	83	0	0	0	0	0	0	0	0	0	0	0	0	0	0	
765.299517	8	3	3	0	1	2	2	4199	305	23	45917	7	3	83	0	0	0	0	0	0	0	0	0	0	0	0	0	0	
766.285917	8	3	3	0	1	2	2	4198	295	23	45976	7	3	83	0	0	0	0	0	0	0	0	0	0	0	0	0	0	
767.291033	8	3	3	0	1	2	2	4198	280	23	46036	7	3	83	0	0	0	0	0	0	0	0	0	0	0	0	0	0	
768.296167	8	3	3	0	1	2	2	4199	273	23	46096	7	3	83	0	0	0	0	0	0	0	0	0	0	0	0	0	0	
769.284000	8	3	3	0	1	2	2	4199	270	23	46156	7	3	83	0	0	0	0	0	0	0	0	0	0	0	0	0	0	
770.289117	8	3	3	0	1	2	2	4198	261	23	46216	7	3	83	0	0	0	0	0	0	0	0	0	0	0	0	0	0	
771.294233	8	3	3	0	1	2	2	4199	254	23	46276	7	3	83	0	0	0	0	0	0	0	0	0	0	0	0	0	0	
772.299367	8	3	3	0	1	2	2	4199	250	23	46337	7	3	83	0	0	0	0	0	0	0	0	0	0	0	0	0	0	
773.285767	8	3	3	0	1	2	2	4199	242	23	46396	7	3	83	0	0	0	0	0	0	0	0	0	0	0	0	0	0	
774.290883	8	3	3	0	1	2	2	4199	233	23	46456	7	3	83	0	0	0	0	0	0	0	0	0	0	0	0	0	0	
775.297433	8	3	3	0	1	2	2	4199	227	23	46516	7	3	83	0	0	0	0	0	0	0	0	0	0	0	0	0	0	
776.302567	8	3	3	0	1	2	2	4199	221	23	46577	7	3	83	0	0	0	0	0	0	0	0	0	0	0	0	0	0	
777.288967	8	3	3	0	1	2	2	4199	217	23	46636	7	3	83	0	0	0	0	0	0	0	0	0	0	0	0	0	0	
778.294083	8	3	3	0	1	2	2	4199	212	23	46696	7	3	83	0	0	0	0	0	0	0	0	0	0	0	0	0	0	
779.284800	8	3	3	0	1	2	2	4199	206	23	46756	7	3	83	0	0	0	0	0	0	0	0	0	0	0	0	0	0	
780.289917	8	3	3	0	1	2	2	4199	199	23	46816	7	3	83	0	0	0	0	0	0	0	0	0	0	0	0	0	0	
781.295033	8	3	3	0	1	2	2	4198	191	23	46876	7	3	83	0	0	0	0	0	0	0	0	0	0	0	0	0	0	
782.300167	8	3	3	0	1	2	2	4199	183	23	46937	7	3	83	0	0	0	0	0	0	0	0	0	0	0	0	0	0	
783.288000	8	3	3	0	1	2	2	4199	177	23	46996	7	3	83	0	0	0	0	0	0	0	0	0	0	0	0	0	0	
784.293117	8	3	3	0	1	2	2	4198	173	23	47056	7	3	83	0	0	0	0	0	0	0	0	0	0	0	0	0	0	
785.298233	8	3	3	0	1	2	2	4199	169	23	47116	7	3	83	0	0	0	0	0	0	0	0	0	0	0	0	0	0	
786.284633	8	3	3	0	1	2	2	4198	167	23	47176	7	3	83	0	0	0	0	0	0	0	0	0	0	0	0	0	0	
787.289767	8	3	3	0	1	2	2	4199	164	23	47236	7	3	83	0	0	0	0	0	0	0	0	0	0	0	0	0	0	
788.296317	8	3	3	0	1	2	2	4198	160	23	47296	7	3	83	0	0	0	0	0	0	0	0	0	0	0	0	0	0	
789.301433	8	3	3	0	1	2	2	4198	158	23	47357	7	3	83	0	0	0	0	0	0	0	0	0	0	0	0	0	0	
790.287833	8	3	3	0	1	2	2	4199	155	23	47416	7	3	83	0	0	0	0	0	0	0	0	0	0	0	0	0	0	
791.292967	8	3	3	0	1	2	2	4199	152	23	47476	7	3	83	0	0	0	0	0	0	0	0	0	0	0	0	0	0	
792.298083	8	3	3	0	1	2	2	4199	149	23	47536	7	3	83	0	0	0	0	0	0	0	0	0	0	0	0	0	0	
793.285917	8	3	3	0	1	2	2	4198	146	23	47596	7	3	83	0	0	0	0	0	0	0	0	0	0	0	0	0	0	
794.291033	8	3	3	0	1	2	2	4199	143	23	47656	7	3	83	0	0	0	0	0	0	0	0	0	0	0	0	0	0	
795.296167	8	3	3	0	1	2	2	4199	140	23	47716	7	3	83	0	0	0	0	0	0	0	0	0	0	0	0	0	0	
796.301283	8	3	3	0	1	2	2	4198	138	23	47777	7	3	83	0	0	0	0	0	0	0	0	0	0	0	0	0	0	
797.287683	8	3	3	0	1	2	2	4198	135	23	47836	7	3	83	0	0	0	0	0	0	0	0	0	0	0	0	0	0	
798.294233	8	3	3	0	1	2	2	4199	132	23	47896	7	3	83	0	0	0	0	0	0	0	0	0	0	0	0	0	0	
799.302233	8	3	3	0	1	2	2	4198	128	23	47957	7	3	83	0	0	0	0	0	0	0	0	0	0	0	0	0	0	
800.288633	8	3	3	0	1	2	2	4198	127	23	48016	7	3	83	0	0	0	0	0	0	0	0	0	0	0	0	0	0	
801.293767	8	3	3	0	1	2	2	4198	124	23	48076	7	3	83	0	0	0	0	0	0	0	0	0	0	0	0	0	0	
802.300317	8	3	3	0	1	2	2	4198	122	23	48136	7	3	83	0	0	0	0	0	0	0	0	0	0	0	0	0	0	
803.286717	8	3	3	0	1	2	2	4199	119	23	48196	7	3	83	0	0	0	0	0	0	0	0	0	0	0	0	0	0	
804.291833	8	3	3	0	1	2	2	4199	117	23	48256	7	3	83	0	0	0	0	0	0	0	0	0	0	0	0	0	0	
805.296967	8	3	3	0	1	2	2	4199	114	23	48316	7	3	83	0	0	0	0	0	0	0	0	0	0	0	0	0	0	
806.303517	8	3	3	0	1	2	2	4198	112	23	48377	7	3	83	0	0	0	0	0	0	0	0	0	0	0	0	0	0	
807.289917	8	3	3	0	1	2	2	4199	110	23	48436	7	3	83	0	0	0	0	0	0	0	0	0	0	0	0	0	0	
808.295033	8	3	3	0	1	2	2	4198	107	23	48496	7	3	83	0	0	0	0	0	0	0	0	0	0	0	0	0	0	
809.300167	8	3	3	0	1	2	2	4198	106	23	48556	7	3	83	0	0	0	0	0	0	0	0	0	0	0	0	0	0	
810.286567	8	3	3	0	1	2	2	4198	104	23	48616	7	3	83	0	0	0	0	0	0	0	0	0	0	0	0	0	0	
811.293117	8	3	3	0	1	2	2	4198	102	23	48676	7	3	83	0	0	0	0	0	0	0	0	0	0	0	0	0	0	
812.298233	8	3	3	0	1	2	2	4198	101	23	48736	7	3	83	0	0	0	0	0	0	0	0	0	0	0	0	0	0	
813.303367	8	3	3	0	1	2	2	4198	98	23	48797	7	3	83	0	0	0	0	0	0	0	0	0	0	0	0	0	0	
814.289767	8	3	3	0	1	2	2	4198	95	23	48856	7	3	83	0	0	0	0	0	0	0	0	0	0	0	0	0	0	
815.294883	8	3	3	0	1	2	2	4199	94	23	48916	7	3	83	0	0	0	0	0	0	0	0	0	0	0	0	0	0	
816.300000	8	3	3	0	1	2	2	4199	93	23	48976	7	3	83	0	0	0	0	0	0	0	0	0	0	0	0	0	0	
817.287833	8	3	3	0	1	2	2	4199	91	23	49036	7	3	83	0	0	0	0	0	0	0	0	0	0	0	0	0	0	
818.292967	8	3	3	0	1	2	2	4198	89	23	49096	7	3	83	0	0	0	0	0	0	0	0	0	0	0	0	0	0	
819.298083	8	3	3	0	1	2	2	4198	87	23	49156	7	3	83	0	0	0	0	0	0	0	0	0	0	0	0	0	0	
820.303200	8	3	3	0	1	2	2	4198	85	23	49217	7	3	83	0	0	0	0	0	0	0	0	0	0	0	0	0	0	
821.291033	8	3	3	0	1	2	2	4198	84	23	49276	7	3	83	0	0	0	0	0	0	0	0	0	0	0	0	0	0	
822.296167	8	3	3	0	1	2	2	4199	81	23	49336	7	3	83	0	0	0	0	0	0	0	0	0	0	0	0	0	0	
823.301283	8	3	3	0	1	2	2	4198	80	23	49396	7	3	83	0	0	0	0	0	0	0	0	0	0	0	0	0	0	
824.287683	8	3	3	0	1	2	2	4198	79	23	49456	7	3	83	0	0	0	0	0	0	0	0	0	0	0	0	0	0	
825.292800	8	3	3	0	1	2	2	4198	76	23	49516	7	3	83	0	0	0	0	0	0	0	0	0	0	0	0	0	0	
826.299367	8	3	3	0	1	2	2	4199	75	23	49576	7	3	83	0	0	0	0	0	0	0	0	0	0	0	0	0	0	
827.304483	8	3	3	0	1	2	2	4199	74	23	49637	7	3	83	0	0	0	0	0	0	0	0	0	0	0	0	0	0	
828.290883	8	3	3	0	1	2	2	4199	72	23	49696	7	3	83	0	0	0	0	0	0	0	0	0	0	0	0	0	0	
829.296000	8	3	3	0	1	2	2	4198	70	23	49756	7	3	83	0	0	0	0	0	0	0	0	0	0	0	0	0	0	
830.301117	8	3	3	0	1	2	2	4198	69	23	49816	7	3	83	0	0	0	0	0	0	0	0	0	0	0	0	0	0	
831.288967	8	3	3	0	1	2	2	4198	67	23	49876	7	3	83	0	0	0	0	0	0	0	0	0	0	0	0	0	0	
831.634567	8	6	3	0	2	7	1	3761	-1348	23	49896	7	4	0	0	0	0	0	0	0	0	0	0	0	0	0	0	0	
832.295517	8	6	3	0	2	7	1	3716	-1348	23	49936	7	4	1	0	0	0	0	0	0	0	0	0	0	0	0	0	0	
833.300633	8	6	3	0	2	7	1	3698	-1347	23	49996	7	4	2	0	0	0	0	0	0	0	0	0	0	0	0	0	0	
834.305767	8	6	3	0	2	7	1	3680	-1351	23	50057	7	4	4	0	0	0	0	0	0	0	0	0	0	0	0	0	0	
835.293600	8	6	3	0	2	7	1	3658	-1350	23	50116	7	4	5	0	0	0	0	0	0	0	0	0	0	0	0	0	0	
836.298717	8	6	3	0	2	7	1	3621	-1350	23	50176	7	4	7	0	0	0	0	0	0	0	0	0	0	0	0	0	0	
837.303833	8	6	3	0	2	7	1	3594	-1351	23	50237	7	4	9	0	0	0	0	0	0	0	0	0	0	0	0	0	0	
838.290233	8	6	3	0	2	7	1	3582	-1350	23	50296	7	4	10	0	0	0	0	0	0	0	0	0	0	0	0	0	0	
839.295367	8	6	3	0	2	7	1	3569	-1350	23	50356	7	4	12	0	0	0	0	0	0	0	0	0	0	0	0	0	0	
840.300483	8	6	3	0	2	7	1	3552	-1349	23	50416	7	4	14	0	0	0	0	0	0	0	0	0	0	0	0	0	0	
841.307033	8	6	3	0	2	7	1	3534	-1349	23	50477	7	4	15	0	0	0	0	0	0	0	0	0	0	0	0	0	0	
842.293433	8	6	3	0	2	7	1	3527	-1349	23	50536	7	4	17	0	0	0	0	0	0	0	0	0	0	0	0	0	0	
843.298567	8	6	3	0	2	7	1	3509	-1350	23	50596	7	4	19	0	0	0	0	0	0	0	0	0	0	0	0	0	0	
844.303683	8	6	3	0	2	7	1	3490	-1349	23	50656	7	4	20	0	0	0	0	0	0	0	0	0	0	0	0	0	0	
845.290083	8	6	3	0	2	7	1	3475	-1349	23	50716	7	4	22	0	0	0	0	0	0	0	0	0	0	0	0	0	0	
846.296633	8	6	3	0	2	7	1	3455	-1350	23	50776	7	4	24	0	0	0	0	0	0	0	0	0	0	0	0	0	0	
847.301767	8	6	3	0	2	7	1	3430	-1349	23	50836	7	4	25	0	0	0	0	0	0	0	0	0	0	0	0	0	0	
848.306883	8	6	3	0	2	7	1	3421	-1350	23	50897	7	4	27	0	0	0	0	0	0	0	0	0	0	0	0	0	0	
849.293283	8	6	3	0	2	7	1	3417	-1350	23	50956	7	4	29	0	0	0	0	0	0	0	0	0	0	0	0	0	0	
850.298400	8	6	3	0	2	7	1	3407	-1350	23	51016	7	4	30	0	0	0	0	0	0	0	0	0	0	0	0	0	0	
851.304967	8	6	3	0	2	7	1	3397	-1348	23	51076	7	4	32	0	0	0	0	0	0	0	0	0	0	0	0	0	0	
852.291367	8	6	3	0	2	7	1	3388	-1349	23	51136	7	4	34	0	0	0	0	0	0	0	0	0	0	0	0	0	0	
853.296483	8	6	3	0	2	7	1	3378	-1349	23	51196	7	4	35	0	0	0	0	0	0	0	0	0	0	0	0	0	0	
854.301600	8	6	3	0	2	7	1	3368	-1350	23	51256	7	4	37	0	0	0	0	0	0	0	0	0	0	0	0	0	0	
855.306717	8	6	3	0	2	7	1	3358	-1351	23	51317	7	4	39	0	0	0	0	0	0	0	0	0	0	0	0	0	0	
856.294567	8	6	3	0	2	7	1	3345	-1351	23	51376	7	4	40	0	0	0	0	0	0	0	0	0	0	0	0	0	0	
857.299683	8	6	3	0	2	7	1	3337	-1351	23	51436	7	4	42	0	0	0	0	0	0	0	0	0	0	0	0	0	0	
858.304800	8	6	3	0	2	7	1	3329	-1349	23	51496	7	4	43	0	0	0	0	0	0	0	0	0	0	0	0	0	0	
859.291200	8	6	3	0	2	7	1	3321	-1349	23	51556	7	4	45	0	0	0	0	0	0	0	0	0	0	0	0	0	0	
860.296317	8	6	3	0	2	7	1	3314	-1350	23	51616	7	4	47	0	0	0	0	0	0	0	0	0	0	0	0	0	0	
861.302883	8	6	3	0	2	7	1	3306	-1349	23	51676	7	4	48	0	0	0	0	0	0	0	0	0	0	0	0	0	0	
862.308000	8	6	3	0	2	7	1	3299	-1350	23	51737	7	4	50	0	0	0	0	0	0	0	0	0	0	0	0	0	0	
863.294400	8	6	3	0	2	7	1	3293	-1349	23	51796	7	4	52	0	0	0	0	0	0	0	0	0	0	0	0	0	0	
864.299517	8	6	3	0	2	7	1	3287	-1350	23	51856	7	4	53	0	0	0	0	0	0	0	0	0	0	0	0	0	0	
865.304633	8	6	3	0	2	7	1	3281	-1351	23	51916	7	4	55	0	0	0	0	0	0	0	0	0	0	0	0	0	0	
866.291033	8	6	3	0	2	7	1	3276	-1350	23	51976	7	4	57	0	0	0	0	0	0	0	0	0	0	0	0	0	0	
867.297600	8	6	3	0	2	7	1	3269	-1351	23	52036	7	4	58	0	0	0	0	0	0	0	0	0	0	0	0	0	0	
868.302717	8	6	3	0	2	7	1	3263	-1349	23	52096	7	4	60	0	0	0	0	0	0	0	0	0	0	0	0	0	0	
869.307833	8	6	3	0	2	7	1	3257	-1350	23	52157	7	4	62	0	0	0	0	0	0	0	0	0	0	0	0	0	0	
870.294233	8	6	3	0	2	7	1	3250	-1349	23	52216	7	4	63	0	0	0	0	0	0	0	0	0	0	0	0	0	0	
871.299367	8	6	3	0	2	7	1	3243	-1349	23	52276	7	4	65	0	0	0	0	0	0	0	0	0	0	0	0	0	0	
872.304483	8	6	3	0	2	7	1	3235	-1349	23	52336	7	4	66	0	0	0	0	0	0	0	0	0	0	0	0	0	0	
873.292317	8	6	3	0	2	7	1	3226	-1349	23	52396	7	4	68	0	0	0	0	0	0	0	0	0	0	0	0	0	0	
874.297433	8	6	3	0	2	7	1	3217	-1349	23	52456	7	4	70	0	0	0	0	0	0	0	0	0	0	0	0	0	0	
875.302567	8	6	3	0	2	7	1	3204	-1349	23	52516	7	4	71	0	0	0	0	0	0	0	0	0	0	0	0	0	0	
876.307683	8	6	3	0	2	7	1	3189	-1349	23	52577	7	4	73	0	0	0	0	0	0	0	0	0	0	0	0	0	0	
877.294083	8	6	3	0	2	7	1	3171	-1350	23	52636	7	4	75	0	0	0	0	0	0	0	0	0	0	0	0	0	0	
878.300633	8	6	3	0	2	7	1	3146	-1351	23	52696	7	4	76	0	0	0	0	0	0	0	0	0	0	0	0	0	0	
879.305767	8	6	3	0	2	7	1	3113	-1349	23	52756	7	4	78	0	0	0	0	0	0	0	0	0	0	0	0	0	0	
880.292167	8	6	3	0	2	7	1	3061	-1349	23	52816	7	4	80	0	0	0	0	0	0	0	0	0	0	0	0	0	0	
881.297283	8	6	3	0	2	7	1	2976	-1350	23	52876	7	4	81	0	0	0	0	0	0	0	0	0	0	0	0	0	0	
882.303833	8	6	3	0	2	7	1	2810	-1350	23	52936	7	4	83	0	0	0	0	0	0	0	0	0	0	0	0	0	0	
882.724317	8	15	3	0	1	31	2	3043	36	23	52962	8	4	84	0	0	0	0	0	0	0	0	0	0	0	0	0	0	
882.744483	8	3	3	0	1	2	2	3377	676	23	52963	9	4	84	0	0	0	0	0	0	0	0	0	0	0	0	0	0	
883.293117	8	3	3	0	1	2	2	3622	676	23	52996	9	4	84	0	0	0	0	0	0	0	0	0	0	0	0	0	0	
884.298233	8	3	3	0	1	2	2	3757	674	23	53056	9	4	84	0	0	0	0	0	0	0	0	0	0	0	0	0	0	
885.303367	8	3	3	0	1	2	2	3833	675	23	53116	9	4	84	0	0	0	0	0	0	0	0	0	0	0	0	0	0	
886.309917	8	3	3	0	1	2	2	3890	673	23	53177	9	4	84	0	0	0	0	0	0	0	0	0	0	0	0	0	0	
887.296317	8	3	3	0	1	2	2	3977	674	23	53236	9	4	84	0	0	0	0	0	0	0	0	0	0	0	0	0	0	
888.301433	8	3	3	0	1	2	2	3990	674	23	53296	9	4	84	0	0	0	0	0	0	0	0	0	0	0	0	0	0	
889.306567	8	3	3	0	1	2	2	4007	674	23	53356	9	4	84	0	0	0	0	0	0	0	0	0	0	0	0	0	0	
890.292967	8	3	3	0	1	2	2	4014	674	23	53416	9	4	84	0	0	0	0	0	0	0	0	0	0	0	0	0	0	
891.299517	8	3	3	0	1	2	2	4020	675	24	53476	9	4	84	0	0	0	0	0	0	0	0	0	0	0	0	0	0	
892.304633	8	3	3	0	1	2	2	4026	674	23	53536	9	4	84	0	0	0	0	0	0	0	0	0	0	0	0	0	0	
893.309767	8	3	3	0	1	2	2	4032	674	23	53597	9	4	84	0	0	0	0	0	0	0	0	0	0	0	0	0	0	
894.296167	8	3	3	0	1	2	2	4038	674	23	53656	9	4	84	0	0	0	0	0	0	0	0	0	0	0	0	0	0	
895.301283	8	3	3	0	1	2	2	4047	676	23	53716	9	4	84	0	0	0	0	0	0	0	0	0	0	0	0	0	0	
896.307833	8	3	3	0	1	2	2	4052	675	23	53776	9	4	84	0	0	0	0	0	0	0	0	0	0	0	0	0	0	
897.294233	8	3	3	0	1	2	2	4055	674	23	53836	9	4	84	0	0	0	0	0	0	0	0	0	0	0	0	0	0	
898.299367	8	3	3	0	1	2	2	4063	674	23	53896	9	4	84	0	0	0	0	0	0	0	0	0	0	0	0	0	0	
899.304483	8	3	3	0	1	2	2	4068	674	23	53956	9	4	84	0	0	0	0	0	0	0	0	0	0	0	0	0	0	
900.309600	8	3	3	0	1	2	2	4073	674	23	54017	9	4	84	0	0	0	0	0	0	0	0	0	0	0	0	0	0	
901.298883	8	3	3	0	1	2	2	4070	674	23	54076	9	4	84	0	0	0	0	0	0	0	0	0	0	0	0	0	0	
902.304000	8	3	3	0	1	2	2	4075	675	23	54136	9	4	84	0	0	0	0	0	0	0	0	0	0	0	0	0	0	
903.309117	8	3	3	0	1	2	2	4070	675	23	54197	9	4	84	0	0	0	0	0	0	0	0	0	0	0	0	0	0	
904.295517	8	3	3	0	1	2	2	4088	676	23	54256	9	4	84	0	0	0	0	0	0	0	0	0	0	0	0	0	0	
905.300633	8	3	3	0	1	2	2	4088	675	23	54316	9	4	84	0	0	0	0	0	0	0	0	0	0	0	0	0	0	
906.307200	8	3	3	0	1	2	2	4095	674	23	54376	9	4	84	0	0	0	0	0	0	0	0	0	0	0	0	0	0	
907.312317	8	3	3	0	1	2	2	4099	675	23	54437	9	4	84	0	0	0	0	0	0	0	0	0	0	0	0	0	0	
908.298717	8	3	3	0	1	2	2	4095	675	23	54496	9	4	84	0	0	0	0	0	0	0	0	0	0	0	0	0	0	
909.303833	8	3	3	0	1	2	2	4099	675	23	54556	9	4	84	0	0	0	0	0	0	0	0	0	0	0	0	0	0	
910.308967	8	3	3	0	1	2	2	4100	672	23	54617	9	4	84	0	0	0	0	0	0	0	0	0	0	0	0	0	0	
911.295367	8	3	3	0	1	2	2	4101	676	23	54676	9	4	84	0	0	0	0	0	0	0	0	0	0	0	0	0	0	
912.301917	8	3	3	0	1	2	2	4102	674	23	54736	9	4	84	0	0	0	0	0	0	0	0	0	0	0	0	0	0	
913.307033	8	3	3	0	1	2	2	4102	674	23	54796	9	4	84	0	0	0	0	0	0	0	0	0	0	0	0	0	0	
914.294883	8	3	3	0	1	2	2	4091	674	23	54856	9	4	84	0	0	0	0	0	0	0	0	0	0	0	0	0	0	
915.300000	8	3	3	0	1	2	2	4085	674	23	54916	9	4	84	0	0	0	0	0	0	0	0	0	0	0	0	0	0	
916.306567	8	3	3	0	1	2	2	4098	674	23	54976	9	4	84	0	0	0	0	0	0	0	0	0	0	0	0	0	0	
917.311683	8	3	3	0	1	2	2	4099	674	23	55037	9	4	84	0	0	0	0	0	0	0	0	0	0	0	0	0	0	
918.298083	8	3	3	0	1	2	2	4106	674	23	55096	9	4	84	0	0	0	0	0	0	0	0	0	0	0	0	0	0	
919.303200	8	3	3	0	1	2	2	4109	675	23	55156	9	4	84	0	0	0	0	0	0	0	0	0	0	0	0	0	0	
920.308317	8	3	3	0	1	2	2	4113	674	23	55216	9	4	84	0	0	0	0	0	0	0	0	0	0	0	0	0	0	
921.294717	8	3	3	0	1	2	2	4116	674	23	55276	9	4	84	0	0	0	0	0	0	0	0	0	0	0	0	0	0	
922.301283	8	3	3	0	1	2	2	4117	667	23	55336	9	4	84	0	0	0	0	0	0	0	0	0	0	0	0	0	0	
923.306400	8	3	3	0	1	2	2	4121	663	23	55396	9	4	84	0	0	0	0	0	0	0	0	0	0	0	0	0	0	
924.312967	8	3	3	0	1	2	2	4123	664	23	55457	9	4	84	0	0	0	0	0	0	0	0	0	0	0	0	0	0	
925.300800	8	3	3	0	1	2	2	4127	662	23	55516	9	4	84	0	0	0	0	0	0	0	0	0	0	0	0	0	0	
926.305917	8	3	3	0	1	2	2	4132	661	23	55576	9	4	84	0	0	0	0	0	0	0	0	0	0	0	0	0	0	
927.311033	8	3	3	0	1	2	2	4137	659	23	55637	9	4	84	0	0	0	0	0	0	0	0	0	0	0	0	0	0	
928.297433	8	3	3	0	1	2	2	4140	659	23	55696	9	4	84	0	0	0	0	0	0	0	0	0	0	0	0	0	0	
929.302567	8	3	3	0	1	2	2	4143	659	23	55756	9	4	84	0	0	0	0	0	0	0	0	0	0	0	0	0	0	
930.309117	8	3	3	0	1	2	2	4147	658	23	55816	9	4	84	0	0	0	0	0	0	0	0	0	0	0	0	0	0	
931.314233	8	3	3	0	1	2	2	4150	658	23	55877	9	4	84	0	0	0	0	0	0	0	0	0	0	0	0	0	0	
932.300633	8	3	3	0	1	2	2	4152	658	23	55936	9	4	84	0	0	0	0	0	0	0	0	0	0	0	0	0	0	
933.305767	8	3	3	0	1	2	2	4156	658	23	55996	9	4	84	0	0	0	0	0	0	0	0	0	0	0	0	0	0	
934.310883	8	3	3	0	1	2	2	4161	658	23	56057	9	4	84	0	0	0	0	0	0	0	0	0	0	0	0	0	0	
935.298717	8	3	3	0	1	2	2	4164	657	23	56116	9	4	84	0	0	0	0	0	0	0	0	0	0	0	0	0	0	
936.303833	8	3	3	0	1	2	2	4167	655	23	56176	9	4	84	0	0	0	0	0	0	0	0	0	0	0	0	0	0	
937.308967	8	3	3	0	1	2	2	4171	655	23	56236	9	4	84	0	0	0	0	0	0	0	0	0	0	0	0	0	0	
938.314083	8	3	3	0	1	2	2	4175	654	23	56297	9	4	84	0	0	0	0	0	0	0	0	0	0	0	0	0	0	
939.300483	8	3	3	0	1	2	2	4178	651	23	56356	9	4	84	0	0	0	0	0	0	0	0	0	0	0	0	0	0	
940.305600	8	3	3	0	1	2	2	4183	652	23	56416	9	4	84	0	0	0	0	0	0	0	0	0	0	0	0	0	0	
941.312167	8	3	3	0	1	2	2	4185	650	23	56476	9	4	84	0	0	0	0	0	0	0	0	0	0	0	0	0	0	
942.298567	8	3	3	0	1	2	2	4192	654	23	56536	9	4	84	0	0	0	0	0	0	0	0	0	0	0	0	0	0	
943.303683	8	3	3	0	1	2	2	4195	650	23	56596	9	4	84	0	0	0	0	0	0	0	0	0	0	0	0	0	0	
944.308800	8	3	3	0	1	2	2	4199	649	23	56656	9	4	84	0	0	0	0	0	0	0	0	0	0	0	0	0	0	
945.315367	8	3	3	0	1	2	2	4199	638	23	56717	9	4	84	0	0	0	0	0	0	0	0	0	0	0	0	0	0	
946.301767	8	3	3	0	1	2	2	4199	626	23	56776	9	4	84	0	0	0	0	0	0	0	0	0	0	0	0	0	0	
947.306883	8	3	3	0	1	2	2	4198	597	23	56836	9	4	84	0	0	0	0	0	0	0	0	0	0	0	0	0	0	
948.312000	8	3	3	0	1	2	2	4199	582	23	56896	9	4	84	0	0	0	0	0	0	0	0	0	0	0	0	0	0	
949.298400	8	3	3	0	1	2	2	4199	568	23	56956	9	4	84	0	0	0	0	0	0	0	0	0	0	0	0	0	0	
950.303517	8	3	3	0	1	2	2	4199	580	23	57016	9	4	84	0	0	0	0	0	0	0	0	0	0	0	0	0	0	
951.310083	8	3	3	0	1	2	2	4199	548	23	57076	9	4	84	0	0	0	0	0	0	0	0	0	0	0	0	0	0	
952.315200	8	3	3	0	1	2	2	4199	537	23	57137	9	4	84	0	0	0	0	0	0	0	0	0	0	0	0	0	0	
953.301600	8	3	3	0	1	2	2	4199	530	23	57196	9	4	84	0	0	0	0	0	0	0	0	0	0	0	0	0	0	
954.306717	8	3	3	0	1	2	2	4199	505	23	57256	9	4	84	0	0	0	0	0	0	0	0	0	0	0	0	0	0	
955.311833	8	3	3	0	1	2	2	4199	491	23	57316	9	4	84	0	0	0	0	0	0	0	0	0	0	0	0	0	0	
956.298233	8	3	3	0	1	2	2	4199	486	23	57376	9	4	84	0	0	0	0	0	0	0	0	0	0	0	0	0	0	
957.304800	8	3	3	0	1	2	2	4199	492	23	57436	9	4	84	0	0	0	0	0	0	0	0	0	0	0	0	0	0	
958.309917	8	3	3	0	1	2	2	4199	461	23	57496	9	4	84	0	0	0	0	0	0	0	0	0	0	0	0	0	0	
959.315033	8	3	3	0	1	2	2	4199	437	23	57557	9	4	84	0	0	0	0	0	0	0	0	0	0	0	0	0	0	
960.301433	8	3	3	0	1	2	2	4199	434	23	57616	9	4	84	0	0	0	0	0	0	0	0	0	0	0	0	0	0	
961.306567	8	3	3	0	1	2	2	4199	425	23	57676	9	4	84	0	0	0	0	0	0	0	0	0	0	0	0	0	0	
962.311683	8	3	3	0	1	2	2	4198	408	23	57736	9	4	84	0	0	0	0	0	0	0	0	0	0	0	0	0	0	
963.299517	8	3	3	0	1	2	2	4199	406	23	57796	9	4	84	0	0	0	0	0	0	0	0	0	0	0	0	0	0	
964.304633	8	3	3	0	1	2	2	4199	398	23	57856	9	4	84	0	0	0	0	0	0	0	0	0	0	0	0	0	0	
965.309767	8	3	3	0	1	2	2	4199	389	23	57916	9	4	84	0	0	0	0	0	0	0	0	0	0	0	0	0	0	
966.314883	8	3	3	0	1	2	2	4199	384	23	57977	9	4	84	0	0	0	0	0	0	0	0	0	0	0	0	0	0	
967.301283	8	3	3	0	1	2	2	4199	379	23	58036	9	4	84	0	0	0	0	0	0	0	0	0	0	0	0	0	0	
968.307833	8	3	3	0	1	2	2	4199	374	23	58096	9	4	84	0	0	0	0	0	0	0	0	0	0	0	0	0	0	
969.312967	8	3	3	0	1	2	2	4199	356	23	58156	9	4	84	0	0	0	0	0	0	0	0	0	0	0	0	0	0	
970.299367	8	3	3	0	1	2	2	4199	359	24	58216	9	4	84	0	0	0	0	0	0	0	0	0	0	0	0	0	0	
971.304483	8	3	3	0	1	2	2	4199	337	23	58276	9	4	84	0	0	0	0	0	0	0	0	0	0	0	0	0	0	
972.309600	8	3	3	0	1	2	2	4199	306	23	58336	9	4	84	0	0	0	0	0	0	0	0	0	0	0	0	0	0	
973.316167	8	3	3	0	1	2	2	4199	281	23	58397	9	4	84	0	0	0	0	0	0	0	0	0	0	0	0	0	0	
974.302567	8	3	3	0	1	2	2	4199	281	23	58456	9	4	84	0	0	0	0	0	0	0	0	0	0	0	0	0	0	
975.307683	8	3	3	0	1	2	2	4199	281	23	58516	9	4	84	0	0	0	0	0	0	0	0	0	0	0	0	0	0	
976.312800	8	3	3	0	1	2	2	4199	288	23	58576	9	4	84	0	0	0	0	0	0	0	0	0	0	0	0	0	0	
977.317917	8	3	3	0	1	2	2	4199	276	23	58637	9	4	84	0	0	0	0	0	0	0	0	0	0	0	0	0	0	
978.305767	8	3	3	0	1	2	2	4199	269	23	58696	9	4	84	0	0	0	0	0	0	0	0	0	0	0	0	0	0	
979.310883	8	3	3	0	1	2	2	4199	261	23	58756	9	4	84	0	0	0	0	0	0	0	0	0	0	0	0	0	0	
980.316000	8	3	3	0	1	2	2	4199	253	23	58817	9	4	84	0	0	0	0	0	0	0	0	0	0	0	0	0	0	
981.302400	8	3	3	0	1	2	2	4199	251	23	58876	9	4	84	0	0	0	0	0	0	0	0	0	0	0	0	0	0	
982.307517	8	3	3	0	1	2	2	4199	253	23	58936	9	4	84	0	0	0	0	0	0	0	0	0	0	0	0	0	0	
983.314083	8	3	3	0	1	2	2	4199	239	23	58996	9	4	84	0	0	0	0	0	0	0	0	0	0	0	0	0	0	
984.319200	8	3	3	0	1	2	2	4199	232	23	59057	9	4	84	0	0	0	0	0	0	0	0	0	0	0	0	0	0	
985.305600	8	3	3	0	1	2	2	4199	216	23	59116	9	4	84	0	0	0	0	0	0	0	0	0	0	0	0	0	0	
986.310717	8	3	3	0	1	2	2	4199	215	23	59176	9	4	84	0	0	0	0	0	0	0	0	0	0	0	0	0	0	
987.315833	8	3	3	0	1	2	2	4199	214	23	59237	9	4	84	0	0	0	0	0	0	0	0	0	0	0	0	0	0	
988.303683	8	3	3	0	1	2	2	4199	201	23	59296	9	4	84	0	0	0	0	0	0	0	0	0	0	0	0	0	0	
989.308800	8	3	3	0	1	2	2	4198	197	23	59356	9	4	84	0	0	0	0	0	0	0	0	0	0	0	0	0	0	
990.313917	8	3	3	0	1	2	2	4199	199	23	59416	9	4	84	0	0	0	0	0	0	0	0	0	0	0	0	0	0	
991.319033	8	3	3	0	1	2	2	4198	202	23	59477	9	4	84	0	0	0	0	0	0	0	0	0	0	0	0	0	0	
992.305433	8	3	3	0	1	2	2	4199	201	23	59536	9	4	84	0	0	0	0	0	0	0	0	0	0	0	0	0	0	
993.312000	8	3	3	0	1	2	2	4199	203	23	59596	9	4	84	0	0	0	0	0	0	0	0	0	0	0	0	0	0	
994.317117	8	3	3	0	1	2	2	4199	193	23	59657	9	4	84	0	0	0	0	0	0	0	0	0	0	0	0	0	0	
995.303517	8	3	3	0	1	2	2	4199	183	23	59716	9	4	84	0	0	0	0	0	0	0	0	0	0	0	0	0	0	
996.308633	8	3	3	0	1	2	2	4199	180	23	59776	9	4	84	0	0	0	0	0	0	0	0	0	0	0	0	0	0	
997.313767	8	3	3	0	1	2	2	4199	178	23	59836	9	4	84	0	0	0	0	0	0	0	0	0	0	0	0	0	0	
998.318883	8	3	3	0	1	2	2	4199	173	23	59897	9	4	84	0	0	0	0	0	0	0	0	0	0	0	0	0	0	
999.306717	8	3	3	0	1	2	2	4199	169	23	59956	9	4	84	0	0	0	0	0	0	0	0	0	0	0	0	0	0	
1000.311833	8	3	3	0	1	2	2	4199	160	23	60016	9	4	84	0	0	0	0	0	0	0	0	0	0	0	0	0	0	
1001.319833	8	3	3	0	1	2	2	4198	149	23	60077	9	4	84	0	0	0	0	0	0	0	0	0	0	0	0	0	0	
1002.306233	8	3	3	0	1	2	2	4199	142	23	60136	9	4	84	0	0	0	0	0	0	0	0	0	0	0	0	0	0	
1003.312800	8	3	3	0	1	2	2	4198	147	23	60196	9	4	84	0	0	0	0	0	0	0	0	0	0	0	0	0	0	
1004.302083	8	3	3	0	1	2	2	4198	147	23	60256	9	4	84	0	0	0	0	0	0	0	0	0	0	0	0	0	0	
1005.307200	8	3	3	0	1	2	2	4199	143	23	60316	9	4	84	0	0	0	0	0	0	0	0	0	0	0	0	0	0	
1006.313767	8	3	3	0	1	2	2	4199	141	23	60376	9	4	84	0	0	0	0	0	0	0	0	0	0	0	0	0	0	
1007.318883	8	3	3	0	1	2	2	4199	138	23	60437	9	4	84	0	0	0	0	0	0	0	0	0	0	0	0	0	0	
1008.305283	8	3	3	0	1	2	2	4199	133	23	60496	9	4	84	0	0	0	0	0	0	0	0	0	0	0	0	0	0	
1009.310400	8	3	3	0	1	2	2	4198	131	23	60556	9	4	84	0	0	0	0	0	0	0	0	0	0	0	0	0	0	
1010.315517	8	3	3	0	1	2	2	4198	130	23	60616	9	4	84	0	0	0	0	0	0	0	0	0	0	0	0	0	0	
1011.301917	8	3	3	0	1	2	2	4198	127	23	60676	9	4	84	0	0	0	0	0	0	0	0	0	0	0	0	0	0	
1012.308483	8	3	3	0	1	2	2	4198	128	23	60736	9	4	84	0	0	0	0	0	0	0	0	0	0	0	0	0	0	
1013.313600	8	3	3	0	1	2	2	4198	124	23	60796	9	4	84	0	0	0	0	0	0	0	0	0	0	0	0	0	0	
1014.318717	8	3	3	0	1	2	2	4198	124	23	60857	9	4	84	0	0	0	0	0	0	0	0	0	0	0	0	0	0	
1015.305117	8	3	3	0	1	2	2	4198	121	23	60916	9	4	84	0	0	0	0	0	0	0	0	0	0	0	0	0	0	
1016.310233	8	3	3	0	1	2	2	4199	123	23	60976	9	4	84	0	0	0	0	0	0	0	0	0	0	0	0	0	0	
1017.319683	8	3	3	0	1	2	2	4198	122	23	61037	9	4	84	0	0	0	0	0	0	0	0	0	0	0	0	0	0	
1018.306083	8	3	3	0	1	2	2	4199	119	23	61096	9	4	84	0	0	0	0	0	0	0	0	0	0	0	0	0	0	
1019.311200	8	3	3	0	1	2	2	4198	116	23	61156	9	4	84	0	0	0	0	0	0	0	0	0	0	0	0	0	0	
1020.316317	8	3	3	0	1	2	2	4198	115	23	61216	9	4	84	0	0	0	0	0	0	0	0	0	0	0	0	0	0	
1021.304167	8	3	3	0	1	2	2	4198	113	23	61276	9	4	84	0	0	0	0	0	0	0	0	0	0	0	0	0	0	
1022.309283	8	3	3	0	1	2	2	4198	111	23	61336	9	4	84	0	0	0	0	0	0	0	0	0	0	0	0	0	0	
1023.314400	8	3	3	0	1	2	2	4198	108	23	61396	9	4	84	0	0	0	0	0	0	0	0	0	0	0	0	0	0	
1024.319517	8	3	3	0	1	2	2	4198	106	23	61457	9	4	84	0	0	0	0	0	0	0	0	0	0	0	0	0	0	
1025.305917	8	3	3	0	1	2	2	4198	105	23	61516	9	4	84	0	0	0	0	0	0	0	0	0	0	0	0	0	0	
1026.311033	8	3	3	0	1	2	2	4198	103	23	61576	9	4	84	0	0	0	0	0	0	0	0	0	0	0	0	0	0	
1027.317600	8	3	3	0	1	2	2	4199	102	23	61636	9	4	84	0	0	0	0	0	0	0	0	0	0	0	0	0	0	
1028.322717	8	3	3	0	1	2	2	4198	100	23	61697	9	4	84	0	0	0	0	0	0	0	0	0	0	0	0	0	0	
1029.309117	8	3	3	0	1	2	2	4198	98	23	61756	9	4	84	0	0	0	0	0	0	0	0	0	0	0	0	0	0	
1030.314233	8	3	3	0	1	2	2	4198	97	23	61816	9	4	84	0	0	0	0	0	0	0	0	0	0	0	0	0	0	
1031.319367	8	3	3	0	1	2	2	4198	96	23	61877	9	4	84	0	0	0	0	0	0	0	0	0	0	0	0	0	0	
1032.305767	8	3	3	0	1	2	2	4198	96	23	61936	9	4	84	0	0	0	0	0	0	0	0	0	0	0	0	0	0	
1033.312317	8	3	3	0	1	2	2	4199	94	23	61996	9	4	84	0	0	0	0	0	0	0	0	0	0	0	0	0	0	
1034.317433	8	3	3	0	1	2	2	4198	92	23	62056	9	4	84	0	0	0	0	0	0	0	0	0	0	0	0	0	0	
1035.322567	8	3	3	0	1	2	2	4198	92	23	62117	9	4	84	0	0	0	0	0	0	0	0	0	0	0	0	0	0	
1036.308967	8	3	3	0	1	2	2	4199	90	23	62176	9	4	84	0	0	0	0	0	0	0	0	0	0	0	0	0	0	
1037.315517	8	3	3	0	1	2	2	4198	89	23	62236	9	4	84	0	0	0	0	0	0	0	0	0	0	0	0	0	0	
1038.320633	8	3	3	0	1	2	2	4199	89	23	62297	9	4	84	0	0	0	0	0	0	0	0	0	0	0	0	0	0	
1039.307033	8	3	3	0	1	2	2	4198	87	23	62356	9	4	84	0	0	0	0	0	0	0	0	0	0	0	0	0	0	
1040.312167	8	3	3	0	1	2	2	4199	86	23	62416	9	4	84	0	0	0	0	0	0	0	0	0	0	0	0	0	0	
1041.317283	8	3	3	0	1	2	2	4198	85	23	62476	9	4	84	0	0	0	0	0	0	0	0	0	0	0	0	0	0	
1042.322400	8	3	3	0	1	2	2	4198	83	23	62537	9	4	84	0	0	0	0	0	0	0	0	0	0	0	0	0	0	
1043.310233	8	3	3	0	1	2	2	4198	83	23	62596	9	4	84	0	0	0	0	0	0	0	0	0	0	0	0	0	0	
1044.315367	8	3	3	0	1	2	2	4198	82	23	62656	9	4	84	0	0	0	0	0	0	0	0	0	0	0	0	0	0	
1045.320483	8	3	3	0	1	2	2	4198	81	23	62717	9	4	84	0	0	0	0	0	0	0	0	0	0	0	0	0	0	
1046.306883	8	3	3	0	1	2	2	4198	79	23	62776	9	4	84	0	0	0	0	0	0	0	0	0	0	0	0	0	0	
1047.312000	8	3	3	0	1	2	2	4198	78	23	62836	9	4	84	0	0	0	0	0	0	0	0	0	0	0	0	0	0	
1048.317117	8	3	3	0	1	2	2	4198	77	23	62896	9	4	84	0	0	0	0	0	0	0	0	0	0	0	0	0	0	
1049.323683	8	3	3	0	1	2	2	4199	75	23	62957	9	4	84	0	0	0	0	0	0	0	0	0	0	0	0	0	0	
1050.310083	8	3	3	0	1	2	2	4198	75	23	63016	9	4	84	0	0	0	0	0	0	0	0	0	0	0	0	0	0	
1051.315200	8	3	3	0	1	2	2	4199	74	23	63076	9	4	84	0	0	0	0	0	0	0	0	0	0	0	0	0	0	
1052.320317	8	3	3	0	1	2	2	4198	73	23	63137	9	4	84	0	0	0	0	0	0	0	0	0	0	0	0	0	0	
1053.306717	8	3	3	0	1	2	2	4199	72	23	63196	9	4	84	0	0	0	0	0	0	0	0	0	0	0	0	0	0	
1054.313283	8	3	3	0	1	2	2	4198	72	23	63256	9	4	84	0	0	0	0	0	0	0	0	0	0	0	0	0	0	
1055.318400	8	3	3	0	1	2	2	4199	71	23	63316	9	4	84	0	0	0	0	0	0	0	0	0	0	0	0	0	0	
1056.323517	8	3	3	0	1	2	2	4199	70	23	63377	9	4	84	0	0	0	0	0	0	0	0	0	0	0	0	0	0	
1057.309917	8	3	3	0	1	2	2	4199	69	23	63436	9	4	84	0	0	0	0	0	0	0	0	0	0	0	0	0	0	
1058.315033	8	3	3	0	1	2	2	4198	68	23	63496	9	4	84	0	0	0	0	0	0	0	0	0	0	0	0	0	0	
1059.321600	8	3	3	0	1	2	2	4198	67	23	63556	9	4	84	0	0	0	0	0	0	0	0	0	0	0	0	0	0	
1059.685917	8	6	3	0	2	7	1	3728	-1349	23	63578	9	5	0	0	0	0	0	0	0	0	0	0	0	0	0	0	0	
1060.309433	8	6	3	0	2	7	1	3690	-1350	23	63616	9	5	0	0	0	0	0	0	0	0	0	0	0	0	0	0	0	
1061.314567	8	6	3	0	2	7	1	3691	-1350	23	63676	9	5	2	0	0	0	0	0	0	0	0	0	0	0	0	0	0	
1062.319683	8	6	3	0	2	7	1	3650	-1350	23	63736	9	5	4	0	0	0	0	0	0	0	0	0	0	0	0	0	0	
1063.306083	8	6	3	0	2	7	1	3625	-1350	23	63796	9	5	5	0	0	0	0	0	0	0	0	0	0	0	0	0	0	
1064.312633	8	6	3	0	2	7	1	3573	-1349	23	63856	9	5	7	0	0	0	0	0	0	0	0	0	0	0	0	0	0	
1065.317767	8	6	3	0	2	7	1	3563	-1350	23	63916	9	5	9	0	0	0	0	0	0	0	0	0	0	0	0	0	0	
1066.322883	8	6	3	0	2	7	1	3534	-1349	23	63977	9	5	10	0	0	0	0	0	0	0	0	0	0	0	0	0	0	
1067.309283	8	6	3	0	2	7	1	3532	-1350	23	64036	9	5	12	0	0	0	0	0	0	0	0	0	0	0	0	0	0	
1068.314400	8	6	3	0	2	7	1	3517	-1350	23	64096	9	5	14	0	0	0	0	0	0	0	0	0	0	0	0	0	0	
1069.320967	8	6	3	0	2	7	1	3509	-1351	23	64156	9	5	15	0	0	0	0	0	0	0	0	0	0	0	0	0	0	
1070.326083	8	6	3	0	2	7	1	3497	-1351	23	64217	9	5	17	0	0	0	0	0	0	0	0	0	0	0	0	0	0	
1071.312483	8	6	3	0	2	7	1	3479	-1350	23	64276	9	5	19	0	0	0	0	0	0	0	0	0	0	0	0	0	0	
1072.317600	8	6	3	0	2	7	1	3466	-1349	23	64336	9	5	20	0	0	0	0	0	0	0	0	0	0	0	0	0	0	
1073.322717	8	6	3	0	2	7	1	3452	-1349	23	64397	9	5	22	0	0	0	0	0	0	0	0	0	0	0	0	0	0	
1074.309117	8	6	3	0	2	7	1	3441	-1351	23	64456	9	5	24	0	0	0	0	0	0	0	0	0	0	0	0	0	0	
1075.315683	8	6	3	0	2	7	1	3425	-1349	24	64516	9	5	25	0	0	0	0	0	0	0	0	0	0	0	0	0	0	
1076.320800	8	6	3	0	2	7	1	3415	-1350	24	64576	9	5	27	0	0	0	0	0	0	0	0	0	0	0	0	0	0	
1077.325917	8	6	3	0	2	7	1	3407	-1349	23	64637	9	5	29	0	0	0	0	0	0	0	0	0	0	0	0	0	0	
1078.312317	8	6	3	0	2	7	1	3393	-1348	24	64696	9	5	30	0	0	0	0	0	0	0	0	0	0	0	0	0	0	
1079.317433	8	6	3	0	2	7	1	3379	-1351	24	64756	9	5	32	0	0	0	0	0	0	0	0	0	0	0	0	0	0	
1080.322567	8	6	3	0	2	7	1	3370	-1349	23	64817	9	5	34	0	0	0	0	0	0	0	0	0	0	0	0	0	0	
1081.310400	8	6	3	0	2	7	1	3362	-1348	24	64876	9	5	35	0	0	0	0	0	0	0	0	0	0	0	0	0	0	
1082.315517	8	6	3	0	2	7	1	3356	-1351	24	64936	9	5	37	0	0	0	0	0	0	0	0	0	0	0	0	0	0	
1083.320633	8	6	3	0	2	7	1	3347	-1350	24	64996	9	5	39	0	0	0	0	0	0	0	0	0	0	0	0	0	0	
1084.325767	8	6	3	0	2	7	1	3338	-1350	24	65057	9	5	40	0	0	0	0	0	0	0	0	0	0	0	0	0	0	
1085.312167	8	6	3	0	2	7	1	3329	-1350	24	65116	9	5	42	0	0	0	0	0	0	0	0	0	0	0	0	0	0	
1086.318717	8	6	3	0	2	7	1	3321	-1349	24	65176	9	5	44	0	0	0	0	0	0	0	0	0	0	0	0	0	0	
1087.323833	8	6	3	0	2	7	1	3312	-1349	24	65237	9	5	45	0	0	0	0	0	0	0	0	0	0	0	0	0	0	
1088.310233	8	6	3	0	2	7	1	3305	-1350	24	65296	9	5	47	0	0	0	0	0	0	0	0	0	0	0	0	0	0	
1089.315367	8	6	3	0	2	7	1	3296	-1350	24	65356	9	5	49	0	0	0	0	0	0	0	0	0	0	0	0	0	0	
1090.320483	8	6	3	0	2	7	1	3290	-1349	24	65416	9	5	50	0	0	0	0	0	0	0	0	0	0	0	0	0	0	
1091.327033	8	6	3	0	2	7	1	3283	-1351	24	65477	9	5	52	0	0	0	0	0	0	0	0	0	0	0	0	0	0	
1092.313433	8	6	3	0	2	7	1	3276	-1351	24	65536	9	5	54	0	0	0	0	0	0	0	0	0	0	0	0	0	0	
1093.318567	8	6	3	0	2	7	1	3269	-1351	24	65596	9	5	55	0	0	0	0	0	0	0	0	0	0	0	0	0	0	
1094.323683	8	6	3	0	2	7	1	3260	-1350	24	65657	9	5	57	0	0	0	0	0	0	0	0	0	0	0	0	0	0	
1095.310083	8	6	3	0	2	7	1	3256	-1350	24	65716	9	5	58	0	0	0	0	0	0	0	0	0	0	0	0	0	0	
1096.316633	8	6	3	0	2	7	1	3249	-1348	24	65776	9	5	60	0	0	0	0	0	0	0	0	0	0	0	0	0	0	
1097.321767	8	6	3	0	2	7	1	3243	-1350	24	65836	9	5	62	0	0	0	0	0	0	0	0	0	0	0	0	0	0	
1098.326883	8	6	3	0	2	7	1	3234	-1350	24	65897	9	5	64	0	0	0	0	0	0	0	0	0	0	0	0	0	0	
1099.313283	8	6	3	0	2	7	1	3228	-1348	24	65956	9	5	65	0	0	0	0	0	0	0	0	0	0	0	0	0	0	
1100.318400	8	6	3	0	2	7	1	3219	-1348	24	66016	9	5	67	0	0	0	0	0	0	0	0	0	0	0	0	0	0	
1101.324967	8	6	3	0	2	7	1	3208	-1349	24	66076	9	5	68	0	0	0	0	0	0	0	0	0	0	0	0	0	0	
1102.311367	8	6	3	0	2	7	1	3193	-1350	24	66136	9	5	70	0	0	0	0	0	0	0	0	0	0	0	0	0	0	
1103.316483	8	6	3	0	2	7	1	3177	-1349	24	66196	9	5	72	0	0	0	0	0	0	0	0	0	0	0	0	0	0	
1104.321600	8	6	3	0	2	7	1	3155	-1350	24	66256	9	5	73	0	0	0	0	0	0	0	0	0	0	0	0	0	0	
1105.326717	8	6	3	0	2	7	1	3126	-1350	24	66317	9	5	75	0	0	0	0	0	0	0	0	0	0	0	0	0	0	
1106.313117	8	6	3	0	2	7	1	3082	-1349	24	66376	9	5	77	0	0	0	0	0	0	0	0	0	0	0	0	0	0	
1107.319683	8	6	3	0	2	7	1	3035	-1350	24	66436	9	5	78	0	0	0	0	0	0	0	0	0	0	0	0	0	0	
1108.324800	8	6	3	0	2	7	1	2927	-1350	24	66496	9	5	80	0	0	0	0	0	0	0	0	0	0	0	0	0	0	
1109.311200	8	6	3	0	2	7	1	2700	-1349	24	66556	9	5	82	0	0	0	0	0	0	0	0	0	0	0	0	0	0	
1109.374567	8	15	3	0	1	31	2	3093	29	24	66559	11	5	82	0	0	0	0	0	0	0	0	0	0	0	0	0	0	
1109.396167	8	3	3	0	1	2	2	3390	678	24	66561	11	5	82	0	0	0	0	0	0	0	0	0	0	0	0	0	0	
1110.320633	8	3	3	0	1	2	2	3687	674	24	66616	11	5	82	0	0	0	0	0	0	0	0	0	0	0	0	0	0	
1111.325767	8	3	3	0	1	2	2	3797	675	24	66677	11	5	82	0	0	0	0	0	0	0	0	0	0	0	0	0	0	
1112.312167	8	3	3	0	1	2	2	3964	674	24	66736	11	5	82	0	0	0	0	0	0	0	0	0	0	0	0	0	0	
1113.318717	8	3	3	0	1	2	2	4038	675	24	66796	11	5	82	0	0	0	0	0	0	0	0	0	0	0	0	0	0	
1114.323833	8	3	3	0	1	2	2	4047	674	24	66856	11	5	82	0	0	0	0	0	0	0	0	0	0	0	0	0	0	
1115.328967	8	3	3	0	1	2	2	4071	674	24	66917	11	5	82	0	0	0	0	0	0	0	0	0	0	0	0	0	0	
1116.315367	8	3	3	0	1	2	2	4026	674	24	66976	11	5	82	0	0	0	0	0	0	0	0	0	0	0	0	0	0	
1117.320483	8	3	3	0	1	2	2	4032	674	24	67036	11	5	82	0	0	0	0	0	0	0	0	0	0	0	0	0	0	
1118.325600	8	3	3	0	1	2	2	4028	674	24	67097	11	5	82	0	0	0	0	0	0	0	0	0	0	0	0	0	0	
1119.313433	8	3	3	0	1	2	2	4018	675	24	67156	11	5	82	0	0	0	0	0	0	0	0	0	0	0	0	0	0	
1120.318567	8	3	3	0	1	2	2	4036	674	24	67216	11	5	82	0	0	0	0	0	0	0	0	0	0	0	0	0	0	
1121.323683	8	3	3	0	1	2	2	4044	674	24	67276	11	5	82	0	0	0	0	0	0	0	0	0	0	0	0	0	0	
1122.328800	8	3	3	0	1	2	2	4061	674	24	67337	11	5	82	0	0	0	0	0	0	0	0	0	0	0	0	0	0	
1123.315200	8	3	3	0	1	2	2	4073	674	24	67396	11	5	82	0	0	0	0	0	0	0	0	0	0	0	0	0	0	
1124.323200	8	3	3	0	1	2	2	4068	675	24	67456	11	5	82	0	0	0	0	0	0	0	0	0	0	0	0	0	0	
1125.328317	8	3	3	0	1	2	2	4077	674	24	67517	11	5	82	0	0	0	0	0	0	0	0	0	0	0	0	0	0	
1126.314717	8	3	3	0	1	2	2	4067	674	24	67576	11	5	82	0	0	0	0	0	0	0	0	0	0	0	0	0	0	
1127.321283	8	3	3	0	1	2	2	4087	674	24	67636	11	5	82	0	0	0	0	0	0	0	0	0	0	0	0	0	0	
1128.326400	8	3	3	0	1	2	2	4096	675	24	67696	11	5	82	0	0	0	0	0	0	0	0	0	0	0	0	0	0	
1129.312800	8	3	3	0	1	2	2	4100	675	24	67756	11	5	82	0	0	0	0	0	0	0	0	0	0	0	0	0	0	
1130.317917	8	3	3	0	1	2	2	4097	675	24	67816	11	5	82	0	0	0	0	0	0	0	0	0	0	0	0	0	0	
1131.323033	8	3	3	0	1	2	2	4085	674	24	67876	11	5	82	0	0	0	0	0	0	0	0	0	0	0	0	0	0	
1132.328167	8	3	3	0	1	2	2	4102	676	24	67937	11	5	82	0	0	0	0	0	0	0	0	0	0	0	0	0	0	
1133.316000	8	3	3	0	1	2	2	4111	674	24	67996	11	5	82	0	0	0	0	0	0	0	0	0	0	0	0	0	0	
1134.321117	8	3	3	0	1	2	2	4114	676	24	68056	11	5	82	0	0	0	0	0	0	0	0	0	0	0	0	0	0	
1135.326233	8	3	3	0	1	2	2	4114	675	24	68116	11	5	82	0	0	0	0	0	0	0	0	0	0	0	0	0	0	
1136.312633	8	3	3	0	1	2	2	4112	674	24	68176	11	5	82	0	0	0	0	0	0	0	0	0	0	0	0	0	0	
1137.317767	8	3	3	0	1	2	2	4116	675	24	68236	11	5	82	0	0	0	0	0	0	0	0	0	0	0	0	0	0	
1138.325767	8	3	3	0	1	2	2	4101	676	24	68296	11	5	82	0	0	0	0	0	0	0	0	0	0	0	0	0	0	
1139.330883	8	3	3	0	1	2	2	4111	675	24	68357	11	5	82	0	0	0	0	0	0	0	0	0	0	0	0	0	0	
1140.317283	8	3	3	0	1	2	2	4112	675	24	68416	11	5	82	0	0	0	0	0	0	0	0	0	0	0	0	0	0	
1141.322400	8	3	3	0	1	2	2	4121	667	24	68476	11	5	82	0	0	0	0	0	0	0	0	0	0	0	0	0	0	
1142.327517	8	3	3	0	1	2	2	4128	664	24	68537	11	5	82	0	0	0	0	0	0	0	0	0	0	0	0	0	0	
1143.315367	8	3	3	0	1	2	2	4132	662	24	68596	11	5	82	0	0	0	0	0	0	0	0	0	0	0	0	0	0	
1144.320483	8	3	3	0	1	2	2	4136	662	24	68656	11	5	82	0	0	0	0	0	0	0	0	0	0	0	0	0	0	
1145.325600	8	3	3	0	1	2	2	4143	663	24	68716	11	5	82	0	0	0	0	0	0	0	0	0	0	0	0	0	0	
1146.330717	8	3	3	0	1	2	2	4147	661	24	68777	11	5	82	0	0	0	0	0	0	0	0	0	0	0	0	0	0	
1147.317117	8	3	3	0	1	2	2	4152	661	24	68836	11	5	82	0	0	0	0	0	0	0	0	0	0	0	0	0	0	
1148.323683	8	3	3	0	1	2	2	4155	660	24	68896	11	5	82	0	0	0	0	0	0	0	0	0	0	0	0	0	0	
1149.328800	8	3	3	0	1	2	2	4156	658	24	68957	11	5	82	0	0	0	0	0	0	0	0	0	0	0	0	0	0	
1150.315200	8	3	3	0	1	2	2	4155	660	24	69016	11	5	82	0	0	0	0	0	0	0	0	0	0	0	0	0	0	
1151.320317	8	3	3	0	1	2	2	4159	661	24	69076	11	5	82	0	0	0	0	0	0	0	0	0	0	0	0	0	0	
1152.325433	8	3	3	0	1	2	2	4161	659	24	69136	11	5	82	0	0	0	0	0	0	0	0	0	0	0	0	0	0	
1153.332000	8	3	3	0	1	2	2	4162	658	24	69197	11	5	82	0	0	0	0	0	0	0	0	0	0	0	0	0	0	
1154.318400	8	3	3	0	1	2	2	4166	654	24	69256	11	5	82	0	0	0	0	0	0	0	0	0	0	0	0	0	0	
1155.323517	8	3	3	0	1	2	2	4176	654	24	69316	11	5	82	0	0	0	0	0	0	0	0	0	0	0	0	0	0	
1156.328633	8	3	3	0	1	2	2	4175	653	24	69377	11	5	82	0	0	0	0	0	0	0	0	0	0	0	0	0	0	
1157.315033	8	3	3	0	1	2	2	4177	651	24	69436	11	5	82	0	0	0	0	0	0	0	0	0	0	0	0	0	0	
1158.321600	8	3	3	0	1	2	2	4183	654	24	69496	11	5	82	0	0	0	0	0	0	0	0	0	0	0	0	0	0	
1159.326717	8	3	3	0	1	2	2	4189	654	24	69556	11	5	82	0	0	0	0	0	0	0	0	0	0	0	0	0	0	
1160.331833	8	3	3	0	1	2	2	4191	651	24	69617	11	5	82	0	0	0	0	0	0	0	0	0	0	0	0	0	0	
1161.318233	8	3	3	0	1	2	2	4194	650	24	69676	11	5	82	0	0	0	0	0	0	0	0	0	0	0	0	0	0	
1162.323367	8	3	3	0	1	2	2	4199	649	24	69736	11	5	82	0	0	0	0	0	0	0	0	0	0	0	0	0	0	
1163.329917	8	3	3	0	1	2	2	4199	643	24	69796	11	5	82	0	0	0	0	0	0	0	0	0	0	0	0	0	0	
1164.316317	8	3	3	0	1	2	2	4198	614	24	69856	11	5	82	0	0	0	0	0	0	0	0	0	0	0	0	0	0	
1165.321433	8	3	3	0	1	2	2	4199	631	24	69916	11	5	82	0	0	0	0	0	0	0	0	0	0	0	0	0	0	
1166.326567	8	3	3	0	1	2	2	4185	653	24	69976	11	5	82	0	0	0	0	0	0	0	0	0	0	0	0	0	0	
1167.315833	8	3	3	0	1	2	2	4199	640	24	70036	11	5	82	0	0	0	0	0	0	0	0	0	0	0	0	0	0	
1168.320967	8	3	3	0	1	2	2	4198	653	24	70096	11	5	82	0	0	0	0	0	0	0	0	0	0	0	0	0	0	
1169.326083	8	3	3	0	1	2	2	4199	621	24	70156	11	5	82	0	0	0	0	0	0	0	0	0	0	0	0	0	0	
1170.331200	8	3	3	0	1	2	2	4199	537	24	70217	11	5	82	0	0	0	0	0	0	0	0	0	0	0	0	0	0	
1171.319033	8	3	3	0	1	2	2	4198	536	24	70276	11	5	82	0	0	0	0	0	0	0	0	0	0	0	0	0	0	
1172.324167	8	3	3	0	1	2	2	4198	546	24	70336	11	5	82	0	0	0	0	0	0	0	0	0	0	0	0	0	0	
1173.329283	8	3	3	0	1	2	2	4199	544	24	70396	11	5	82	0	0	0	0	0	0	0	0	0	0	0	0	0	0	
1174.315683	8	3	3	0	1	2	2	4199	544	24	70456	11	5	82	0	0	0	0	0	0	0	0	0	0	0	0	0	0	
1175.320800	8	3	3	0	1	2	2	4199	526	24	70516	11	5	82	0	0	0	0	0	0	0	0	0	0	0	0	0	0	
1176.327367	8	3	3	0	1	2	2	4199	526	24	70576	11	5	82	0	0	0	0	0	0	0	0	0	0	0	0	0	0	
1177.332483	8	3	3	0	1	2	2	4199	545	24	70637	11	5	82	0	0	0	0	0	0	0	0	0	0	0	0	0	0	
1178.318883	8	3	3	0	1	2	2	4199	542	24	70696	11	5	82	0	0	0	0	0	0	0	0	0	0	0	0	0	0	
1179.324000	8	3	3	0	1	2	2	4199	531	24	70756	11	5	82	0	0	0	0	0	0	0	0	0	0	0	0	0	0	
1180.329117	8	3	3	0	1	2	2	4199	532	24	70816	11	5	82	0	0	0	0	0	0	0	0	0	0	0	0	0	0	
1181.316967	8	3	3	0	1	2	2	4198	512	24	70876	11	5	82	0	0	0	0	0	0	0	0	0	0	0	0	0	0	
1182.322083	8	3	3	0	1	2	2	4199	521	24	70936	11	5	82	0	0	0	0	0	0	0	0	0	0	0	0	0	0	
1183.327200	8	3	3	0	1	2	2	4199	517	24	70996	11	5	82	0	0	0	0	0	0	0	0	0	0	0	0	0	0	
1184.332317	8	3	3	0	1	2	2	4199	496	24	71057	11	5	82	0	0	0	0	0	0	0	0	0	0	0	0	0	0	
1185.318717	8	3	3	0	1	2	2	4198	468	24	71116	11	5	82	0	0	0	0	0	0	0	0	0	0	0	0	0	0	
1186.325283	8	3	3	0	1	2	2	4199	407	24	71176	11	5	82	0	0	0	0	0	0	0	0	0	0	0	0	0	0	
1187.330400	8	3	3	0	1	2	2	4199	362	24	71236	11	5	82	0	0	0	0	0	0	0	0	0	0	0	0	0	0	
1188.316800	8	3	3	0	1	2	2	4199	339	24	71296	11	5	82	0	0	0	0	0	0	0	0	0	0	0	0	0	0	
1189.321917	8	3	3	0	1	2	2	4199	325	24	71356	11	5	82	0	0	0	0	0	0	0	0	0	0	0	0	0	0	
1190.327033	8	3	3	0	1	2	2	4199	299	24	71416	11	5	82	0	0	0	0	0	0	0	0	0	0	0	0	0	0	
1191.333600	8	3	3	0	1	2	2	4199	256	24	71477	11	5	82	0	0	0	0	0	0	0	0	0	0	0	0	0	0	
1192.320000	8	3	3	0	1	2	2	4199	284	24	71536	11	5	82	0	0	0	0	0	0	0	0	0	0	0	0	0	0	
1193.325117	8	3	3	0	1	2	2	4199	255	24	71596	11	5	82	0	0	0	0	0	0	0	0	0	0	0	0	0	0	
1194.330233	8	3	3	0	1	2	2	4199	267	24	71656	11	5	82	0	0	0	0	0	0	0	0	0	0	0	0	0	0	
1195.316633	8	3	3	0	1	2	2	4199	276	24	71716	11	5	82	0	0	0	0	0	0	0	0	0	0	0	0	0	0	
1196.323200	8	3	3	0	1	2	2	4199	265	24	71776	11	5	82	0	0	0	0	0	0	0	0	0	0	0	0	0	0	
1197.328317	8	3	3	0	1	2	2	4199	258	24	71836	11	5	82	0	0	0	0	0	0	0	0	0	0	0	0	0	0	
1198.333433	8	3	3	0	1	2	2	4199	278	24	71897	11	5	82	0	0	0	0	0	0	0	0	0	0	0	0	0	0	
1199.319833	8	3	3	0	1	2	2	4199	266	24	71956	11	5	82	0	0	0	0	0	0	0	0	0	0	0	0	0	0	
1200.324967	8	3	3	0	1	2	2	4199	254	24	72016	11	5	82	0	0	0	0	0	0	0	0	0	0	0	0	0	0	
1201.331517	8	3	3	0	1	2	2	4199	241	24	72076	11	5	82	0	0	0	0	0	0	0	0	0	0	0	0	0	0	
1202.320800	8	3	3	0	1	2	2	4198	222	24	72136	11	5	82	0	0	0	0	0	0	0	0	0	0	0	0	0	0	
1203.325917	8	3	3	0	1	2	2	4199	212	24	72196	11	5	82	0	0	0	0	0	0	0	0	0	0	0	0	0	0	
1204.331033	8	3	3	0	1	2	2	4199	195	24	72256	11	5	82	0	0	0	0	0	0	0	0	0	0	0	0	0	0	
1205.317433	8	3	3	0	1	2	2	4198	207	24	72316	11	5	82	0	0	0	0	0	0	0	0	0	0	0	0	0	0	
1206.324000	8	3	3	0	1	2	2	4198	213	24	72376	11	5	82	0	0	0	0	0	0	0	0	0	0	0	0	0	0	
1207.329117	8	3	3	0	1	2	2	4199	201	24	72436	11	5	82	0	0	0	0	0	0	0	0	0	0	0	0	0	0	
1208.334233	8	3	3	0	1	2	2	4198	210	24	72497	11	5	82	0	0	0	0	0	0	0	0	0	0	0	0	0	0	
1209.320633	8	3	3	0	1	2	2	4199	212	24	72556	11	5	82	0	0	0	0	0	0	0	0	0	0	0	0	0	0	
1210.325767	8	3	3	0	1	2	2	4198	203	24	72616	11	5	82	0	0	0	0	0	0	0	0	0	0	0	0	0	0	
1211.330883	8	3	3	0	1	2	2	4198	199	24	72676	11	5	82	0	0	0	0	0	0	0	0	0	0	0	0	0	0	
1212.318717	8	3	3	0	1	2	2	4198	195	24	72736	11	5	82	0	0	0	0	0	0	0	0	0	0	0	0	0	0	
1213.323833	8	3	3	0	1	2	2	4198	179	24	72796	11	5	82	0	0	0	0	0	0	0	0	0	0	0	0	0	0	
1214.328967	8	3	3	0	1	2	2	4199	182	24	72856	11	5	82	0	0	0	0	0	0	0	0	0	0	0	0	0	0	
1215.334083	8	3	3	0	1	2	2	4199	186	24	72917	11	5	82	0	0	0	0	0	0	0	0	0	0	0	0	0	0	
1216.320483	8	3	3	0	1	2	2	4199	186	24	72976	11	5	82	0	0	0	0	0	0	0	0	0	0	0	0	0	0	
1217.327033	8	3	3	0	1	2	2	4199	179	24	73036	11	5	82	0	0	0	0	0	0	0	0	0	0	0	0	0	0	
1218.332167	8	3	3	0	1	2	2	4199	181	24	73096	11	5	82	0	0	0	0	0	0	0	0	0	0	0	0	0	0	
1219.337283	8	3	3	0	1	2	2	4199	179	24	73157	11	5	82	0	0	0	0	0	0	0	0	0	0	0	0	0	0	
1220.323683	8	3	3	0	1	2	2	4198	178	24	73216	11	5	82	0	0	0	0	0	0	0	0	0	0	0	0	0	0	
1221.328800	8	3	3	0	1	2	2	4199	180	24	73276	11	5	82	0	0	0	0	0	0	0	0	0	0	0	0	0	0	
1222.335367	8	3	3	0	1	2	2	4199	181	24	73337	11	5	82	0	0	0	0	0	0	0	0	0	0	0	0	0	0	
1223.321767	8	3	3	0	1	2	2	4199	178	24	73396	11	5	82	0	0	0	0	0	0	0	0	0	0	0	0	0	0	
1224.326883	8	3	3	0	1	2	2	4199	170	24	73456	11	5	82	0	0	0	0	0	0	0	0	0	0	0	0	0	0	
1225.332000	8	3	3	0	1	2	2	4199	171	24	73516	11	5	82	0	0	0	0	0	0	0	0	0	0	0	0	0	0	
1226.337117	8	3	3	0	1	2	2	4199	166	24	73577	11	5	82	0	0	0	0	0	0	0	0	0	0	0	0	0	0	
1227.327833	8	3	3	0	1	2	2	4199	155	24	73636	11	5	82	0	0	0	0	0	0	0	0	0	0	0	0	0	0	
1228.332967	8	3	3	0	1	2	2	4198	161	24	73696	11	5	82	0	0	0	0	0	0	0	0	0	0	0	0	0	0	
1229.338083	8	3	3	0	1	2	2	4198	153	24	73757	11	5	82	0	0	0	0	0	0	0	0	0	0	0	0	0	0	
1230.324483	8	3	3	0	1	2	2	4199	140	24	73816	11	5	82	0	0	0	0	0	0	0	0	0	0	0	0	0	0	
1231.329600	8	3	3	0	1	2	2	4199	140	24	73876	11	5	82	0	0	0	0	0	0	0	0	0	0	0	0	0	0	
1232.336167	8	3	3	0	1	2	2	4198	139	24	73937	11	5	82	0	0	0	0	0	0	0	0	0	0	0	0	0	0	
1233.322567	8	3	3	0	1	2	2	4198	137	24	73996	11	5	82	0	0	0	0	0	0	0	0	0	0	0	0	0	0	
1234.327683	8	3	3	0	1	2	2	4198	147	24	74056	11	5	82	0	0	0	0	0	0	0	0	0	0	0	0	0	0	
1235.332800	8	3	3	0	1	2	2	4198	145	24	74116	11	5	82	0	0	0	0	0	0	0	0	0	0	0	0	0	0	
1236.337917	8	3	3	0	1	2	2	4198	137	24	74177	11	5	82	0	0	0	0	0	0	0	0	0	0	0	0	0	0	
1237.325767	8	3	3	0	1	2	2	4199	137	24	74236	11	5	82	0	0	0	0	0	0	0	0	0	0	0	0	0	0	
1238.330883	8	3	3	0	1	2	2	4198	138	24	74296	11	5	82	0	0	0	0	0	0	0	0	0	0	0	0	0	0	
1239.336000	8	3	3	0	1	2	2	4198	131	24	74357	11	5	82	0	0	0	0	0	0	0	0	0	0	0	0	0	0	
1240.322400	8	3	3	0	1	2	2	4198	123	24	74416	11	5	82	0	0	0	0	0	0	0	0	0	0	0	0	0	0	
1241.327517	8	3	3	0	1	2	2	4199	121	24	74476	11	5	82	0	0	0	0	0	0	0	0	0	0	0	0	0	0	
1242.332633	8	3	3	0	1	2	2	4198	123	24	74536	11	5	82	0	0	0	0	0	0	0	0	0	0	0	0	0	0	
1243.339200	8	3	3	0	1	2	2	4198	120	24	74597	11	5	82	0	0	0	0	0	0	0	0	0	0	0	0	0	0	
1244.325600	8	3	3	0	1	2	2	4199	116	24	74656	11	5	82	0	0	0	0	0	0	0	0	0	0	0	0	0	0	
1245.330717	8	3	3	0	1	2	2	4198	112	24	74716	11	5	82	0	0	0	0	0	0	0	0	0	0	0	0	0	0	
1246.335833	8	3	3	0	1	2	2	4198	113	24	74777	11	5	82	0	0	0	0	0	0	0	0	0	0	0	0	0	0	
1247.322233	8	3	3	0	1	2	2	4199	112	24	74836	11	5	82	0	0	0	0	0	0	0	0	0	0	0	0	0	0	
1248.328800	8	3	3	0	1	2	2	4199	111	24	74896	11	5	82	0	0	0	0	0	0	0	0	0	0	0	0	0	0	
1249.333917	8	3	3	0	1	2	2	4199	111	24	74956	11	5	82	0	0	0	0	0	0	0	0	0	0	0	0	0	0	
1250.339033	8	3	3	0	1	2	2	4198	109	24	75017	11	5	82	0	0	0	0	0	0	0	0	0	0	0	0	0	0	
1251.325433	8	3	3	0	1	2	2	4199	109	24	75076	11	5	82	0	0	0	0	0	0	0	0	0	0	0	0	0	0	
1252.330567	8	3	3	0	1	2	2	4199	108	24	75136	11	5	82	0	0	0	0	0	0	0	0	0	0	0	0	0	0	
1253.335683	8	3	3	0	1	2	2	4198	107	24	75196	11	5	82	0	0	0	0	0	0	0	0	0	0	0	0	0	0	
1254.323517	8	3	3	0	1	2	2	4198	106	24	75256	11	5	82	0	0	0	0	0	0	0	0	0	0	0	0	0	0	
1255.328633	8	3	3	0	1	2	2	4198	105	24	75316	11	5	82	0	0	0	0	0	0	0	0	0	0	0	0	0	0	
1256.333767	8	3	3	0	1	2	2	4198	104	24	75376	11	5	82	0	0	0	0	0	0	0	0	0	0	0	0	0	0	
1257.338883	8	3	3	0	1	2	2	4198	103	24	75437	11	5	82	0	0	0	0	0	0	0	0	0	0	0	0	0	0	
1258.325283	8	3	3	0	1	2	2	4199	102	24	75496	11	5	82	0	0	0	0	0	0	0	0	0	0	0	0	0	0	
1259.330400	8	3	3	0	1	2	2	4198	101	24	75556	11	5	82	0	0	0	0	0	0	0	0	0	0	0	0	0	0	
1260.336967	8	3	3	0	1	2	2	4198	99	24	75616	11	5	82	0	0	0	0	0	0	0	0	0	0	0	0	0	0	
1261.323367	8	3	3	0	1	2	2	4198	99	24	75676	11	5	82	0	0	0	0	0	0	0	0	0	0	0	0	0	0	
1262.328483	8	3	3	0	1	2	2	4198	98	24	75736	11	5	82	0	0	0	0	0	0	0	0	0	0	0	0	0	0	
1263.333600	8	3	3	0	1	2	2	4199	97	24	75796	11	5	82	0	0	0	0	0	0	0	0	0	0	0	0	0	0	
1264.338717	8	3	3	0	1	2	2	4199	95	24	75857	11	5	82	0	0	0	0	0	0	0	0	0	0	0	0	0	0	
1265.326567	8	3	3	0	1	2	2	4198	94	24	75916	11	5	82	0	0	0	0	0	0	0	0	0	0	0	0	0	0	
1266.331683	8	3	3	0	1	2	2	4198	93	24	75976	11	5	82	0	0	0	0	0	0	0	0	0	0	0	0	0	0	
1267.336800	8	3	3	0	1	2	2	4199	92	24	76036	11	5	82	0	0	0	0	0	0	0	0	0	0	0	0	0	0	
1268.323200	8	3	3	0	1	2	2	4198	91	24	76096	11	5	82	0	0	0	0	0	0	0	0	0	0	0	0	0	0	
1269.328317	8	3	3	0	1	2	2	4198	90	24	76156	11	5	82	0	0	0	0	0	0	0	0	0	0	0	0	0	0	
1270.334883	8	3	3	0	1	2	2	4198	90	24	76216	11	5	82	0	0	0	0	0	0	0	0	0	0	0	0	0	0	
1271.340000	8	3	3	0	1	2	2	4199	88	24	76277	11	5	82	0	0	0	0	0	0	0	0	0	0	0	0	0	0	
1272.326400	8	3	3	0	1	2	2	4198	87	24	76336	11	5	82	0	0	0	0	0	0	0	0	0	0	0	0	0	0	
1273.331517	8	3	3	0	1	2	2	4198	86	24	76396	11	5	82	0	0	0	0	0	0	0	0	0	0	0	0	0	0	
1274.336633	8	3	3	0	1	2	2	4198	86	24	76456	11	5	82	0	0	0	0	0	0	0	0	0	0	0	0	0	0	
1275.324483	8	3	3	0	1	2	2	4198	84	24	76516	11	5	82	0	0	0	0	0	0	0	0	0	0	0	0	0	0	
1276.329600	8	3	3	0	1	2	2	4199	84	24	76576	11	5	82	0	0	0	0	0	0	0	0	0	0	0	0	0	0	
1277.334717	8	3	3	0	1	2	2	4198	83	24	76636	11	5	82	0	0	0	0	0	0	0	0	0	0	0	0	0	0	
1278.339833	8	3	3	0	1	2	2	4198	82	24	76697	11	5	82	0	0	0	0	0	0	0	0	0	0	0	0	0	0	
1279.326233	8	3	3	0	1	2	2	4198	82	24	76756	11	5	82	0	0	0	0	0	0	0	0	0	0	0	0	0	0	
1280.331367	8	3	3	0	1	2	2	4199	81	24	76816	11	5	82	0	0	0	0	0	0	0	0	0	0	0	0	0	0	
1281.337917	8	3	3	0	1	2	2	4199	80	24	76876	11	5	82	0	0	0	0	0	0	0	0	0	0	0	0	0	0	
1282.327200	8	3	3	0	1	2	2	4198	79	24	76936	11	5	82	0	0	0	0	0	0	0	0	0	0	0	0	0	0	
1283.332317	8	3	3	0	1	2	2	4198	78	24	76996	11	5	82	0	0	0	0	0	0	0	0	0	0	0	0	0	0	
1284.337433	8	3	3	0	1	2	2	4198	77	24	77056	11	5	82	0	0	0	0	0	0	0	0	0	0	0	0	0	0	
1285.325283	8	3	3	0	1	2	2	4198	76	24	77116	11	5	82	0	0	0	0	0	0	0	0	0	0	0	0	0	0	
1286.330400	8	3	3	0	1	2	2	4198	76	24	77176	11	5	82	0	0	0	0	0	0	0	0	0	0	0	0	0	0	
1287.335517	8	3	3	0	1	2	2	4198	75	24	77236	11	5	82	0	0	0	0	0	0	0	0	0	0	0	0	0	0	
1288.340633	8	3	3	0	1	2	2	4198	75	24	77297	11	5	82	0	0	0	0	0	0	0	0	0	0	0	0	0	0	
1289.327033	8	3	3	0	1	2	2	4198	73	24	77356	11	5	82	0	0	0	0	0	0	0	0	0	0	0	0	0	0	
1290.333600	8	3	3	0	1	2	2	4198	73	24	77416	11	5	82	0	0	0	0	0	0	0	0	0	0	0	0	0	0	
1291.338717	8	3	3	0	1	2	2	4199	72	24	77476	11	5	82	0	0	0	0	0	0	0	0	0	0	0	0	0	0	
1292.325117	8	3	3	0	1	2	2	4199	72	24	77536	11	5	82	0	0	0	0	0	0	0	0	0	0	0	0	0	0	
1293.330233	8	3	3	0	1	2	2	4198	72	24	77596	11	5	82	0	0	0	0	0	0	0	0	0	0	0	0	0	0	
1294.335367	8	3	3	0	1	2	2	4199	71	24	77656	11	5	82	0	0	0	0	0	0	0	0	0	0	0	0	0	0	
1295.341917	8	3	3	0	1	2	2	4199	69	24	77717	11	5	82	0	0	0	0	0	0	0	0	0	0	0	0	0	0	
1296.328317	8	3	3	0	1	2	2	4199	69	24	77776	11	5	82	0	0	0	0	0	0	0	0	0	0	0	0	0	0	
1297.333433	8	3	3	0	1	2	2	4198	69	24	77836	11	5	82	0	0	0	0	0	0	0	0	0	0	0	0	0	0	
1298.319833	8	6	3	0	2	7	1	4084	-227	24	77895	11	6	0	0	0	0	0	0	0	0	0	0	0	0	0	0	0	
1298.340000	8	6	3	0	2	7	1	3708	-1349	24	77897	11	6	0	0	0	0	0	0	0	0	0	0	0	0	0	0	0	
1299.327833	8	6	3	0	2	7	1	3692	-1350	24	77956	11	6	1	0	0	0	0	0	0	0	0	0	0	0	0	0	0	
1300.332967	8	6	3	0	2	7	1	3613	-1349	24	78016	11	6	3	0	0	0	0	0	0	0	0	0	0	0	0	0	0	
1301.338083	8	6	3	0	2	7	1	3605	-1350	24	78076	11	6	4	0	0	0	0	0	0	0	0	0	0	0	0	0	0	
1302.343200	8	6	3	0	2	7	1	3623	-1349	24	78137	11	6	6	0	0	0	0	0	0	0	0	0	0	0	0	0	0	
1303.329600	8	6	3	0	2	7	1	3606	-1348	24	78196	11	6	8	0	0	0	0	0	0	0	0	0	0	0	0	0	0	
1304.334717	8	6	3	0	2	7	1	3581	-1350	24	78256	11	6	9	0	0	0	0	0	0	0	0	0	0	0	0	0	0	
1305.341283	8	6	3	0	2	7	1	3542	-1350	24	78317	11	6	11	0	0	0	0	0	0	0	0	0	0	0	0	0	0	
1306.327683	8	6	3	0	2	7	1	3594	-1349	24	78376	11	6	13	0	0	0	0	0	0	0	0	0	0	0	0	0	0	
1307.332800	8	6	3	0	2	7	1	3577	-1349	24	78436	11	6	14	0	0	0	0	0	0	0	0	0	0	0	0	0	0	
1308.337917	8	6	3	0	2	7	1	3560	-1349	24	78496	11	6	16	0	0	0	0	0	0	0	0	0	0	0	0	0	0	
1309.344483	8	6	3	0	2	7	1	3545	-1349	24	78557	11	6	18	0	0	0	0	0	0	0	0	0	0	0	0	0	0	
1310.330883	8	6	3	0	2	7	1	3530	-1350	24	78616	11	6	19	0	0	0	0	0	0	0	0	0	0	0	0	0	0	
1311.336000	8	6	3	0	2	7	1	3514	-1349	24	78676	11	6	21	0	0	0	0	0	0	0	0	0	0	0	0	0	0	
1312.341117	8	6	3	0	2	7	1	3501	-1349	24	78737	11	6	23	0	0	0	0	0	0	0	0	0	0	0	0	0	0	
1313.327517	8	6	3	0	2	7	1	3488	-1349	24	78796	11	6	24	0	0	0	0	0	0	0	0	0	0	0	0	0	0	
1314.332633	8	6	3	0	2	7	1	3475	-1350	24	78856	11	6	26	0	0	0	0	0	0	0	0	0	0	0	0	0	0	
1315.339200	8	6	3	0	2	7	1	3462	-1350	24	78916	11	6	27	0	0	0	0	0	0	0	0	0	0	0	0	0	0	
1316.344317	8	6	3	0	2	7	1	3450	-1350	24	78977	11	6	29	0	0	0	0	0	0	0	0	0	0	0	0	0	0	
1317.330717	8	6	3	0	2	7	1	3439	-1350	24	79036	11	6	31	0	0	0	0	0	0	0	0	0	0	0	0	0	0	
1318.335833	8	6	3	0	2	7	1	3428	-1349	24	79096	11	6	32	0	0	0	0	0	0	0	0	0	0	0	0	0	0	
1319.340967	8	6	3	0	2	7	1	3417	-1350	24	79156	11	6	34	0	0	0	0	0	0	0	0	0	0	0	0	0	0	
1320.327367	8	6	3	0	2	7	1	3408	-1347	24	79216	11	6	36	0	0	0	0	0	0	0	0	0	0	0	0	0	0	
1321.333917	8	6	3	0	2	7	1	3397	-1350	24	79276	11	6	37	0	0	0	0	0	0	0	0	0	0	0	0	0	0	
1322.339033	8	6	3	0	2	7	1	3388	-1351	24	79336	11	6	39	0	0	0	0	0	0	0	0	0	0	0	0	0	0	
1323.344167	8	6	3	0	2	7	1	3379	-1350	24	79397	11	6	41	0	0	0	0	0	0	0	0	0	0	0	0	0	0	
1324.330567	8	6	3	0	2	7	1	3370	-1349	24	79456	11	6	42	0	0	0	0	0	0	0	0	0	0	0	0	0	0	
1325.338567	8	6	3	0	2	7	1	3362	-1350	24	79516	11	6	44	0	0	0	0	0	0	0	0	0	0	0	0	0	0	
1326.343683	8	6	3	0	2	7	1	3354	-1349	24	79577	11	6	46	0	0	0	0	0	0	0	0	0	0	0	0	0	0	
1327.330083	8	6	3	0	2	7	1	3347	-1349	24	79636	11	6	47	0	0	0	0	0	0	0	0	0	0	0	0	0	0	
1328.335200	8	6	3	0	2	7	1	3340	-1351	24	79696	11	6	49	0	0	0	0	0	0	0	0	0	0	0	0	0	0	
1329.340317	8	6	3	0	2	7	1	3333	-1351	24	79756	11	6	51	0	0	0	0	0	0	0	0	0	0	0	0	0	0	
1330.346883	8	6	3	0	2	7	1	3326	-1349	24	79817	11	6	52	0	0	0	0	0	0	0	0	0	0	0	0	0	0	
1331.333283	8	6	3	0	2	7	1	3320	-1347	24	79876	11	6	54	0	0	0	0	0	0	0	0	0	0	0	0	0	0	
1332.338400	8	6	3	0	2	7	1	3313	-1349	24	79936	11	6	56	0	0	0	0	0	0	0	0	0	0	0	0	0	0	
1333.343517	8	6	3	0	2	7	1	3306	-1348	24	79997	11	6	57	0	0	0	0	0	0	0	0	0	0	0	0	0	0	
1334.329917	8	6	3	0	2	7	1	3299	-1350	24	80056	11	6	59	0	0	0	0	0	0	0	0	0	0	0	0	0	0	
1335.336483	8	6	3	0	2	7	1	3292	-1349	24	80116	11	6	61	0	0	0	0	0	0	0	0	0	0	0	0	0	0	
1336.341600	8	6	3	0	2	7	1	3284	-1349	24	80176	11	6	62	0	0	0	0	0	0	0	0	0	0	0	0	0	0	
1337.346717	8	6	3	0	2	7	1	3275	-1352	24	80237	11	6	64	0	0	0	0	0	0	0	0	0	0	0	0	0	0	
1338.333117	8	6	3	0	2	7	1	3265	-1349	24	80296	11	6	66	0	0	0	0	0	0	0	0	0	0	0	0	0	0	
1339.338233	8	6	3	0	2	7	1	3253	-1350	24	80356	11	6	67	0	0	0	0	0	0	0	0	0	0	0	0	0	0	
1340.343367	8	6	3	0	2	7	1	3239	-1349	24	80417	11	6	69	0	0	0	0	0	0	0	0	0	0	0	0	0	0	
1341.329767	8	6	3	0	2	7	1	3221	-1351	24	80476	11	6	71	0	0	0	0	0	0	0	0	0	0	0	0	0	0	
1342.336317	8	6	3	0	2	7	1	3197	-1350	24	80536	11	6	72	0	0	0	0	0	0	0	0	0	0	0	0	0	0	
1343.341433	8	6	3	0	2	7	1	3164	-1350	24	80596	11	6	74	0	0	0	0	0	0	0	0	0	0	0	0	0	0	
1344.346567	8	6	3	0	2	7	1	3116	-1350	24	80657	11	6	76	0	0	0	0	0	0	0	0	0	0	0	0	0	0	
1345.332967	8	6	3	0	2	7	1	3039	-1350	24	80716	11	6	77	0	0	0	0	0	0	0	0	0	0	0	0	0	0	
1346.338083	8	6	3	0	2	7	1	2891	-1351	24	80776	11	6	79	0	0	0	0	0	0	0	0	0	0	0	0	0	0	
1347.023517	8	15	3	0	1	31	2	2995	36	24	80817	12	6	80	0	0	0	0	0	0	0	0	0	0	0	0	0	0	
1347.043683	8	3	3	0	1	2	2	3342	678	24	80819	13	6	80	0	0	0	0	0	0	0	0	0	0	0	0	0	0	
1347.347517	8	3	3	0	1	2	2	3526	676	24	80837	13	6	80	0	0	0	0	0	0	0	0	0	0	0	0	0	0	
1348.333917	8	3	3	0	1	2	2	3688	676	24	80896	13	6	80	0	0	0	0	0	0	0	0	0	0	0	0	0	0	
1349.339033	8	3	3	0	1	2	2	3772	674	24	80956	13	6	80	0	0	0	0	0	0	0	0	0	0	0	0	0	0	
1350.345600	8	3	3	0	1	2	2	3824	674	24	81017	13	6	80	0	0	0	0	0	0	0	0	0	0	0	0	0	0	
1351.332000	8	3	3	0	1	2	2	3860	675	24	81076	13	6	80	0	0	0	0	0	0	0	0	0	0	0	0	0	0	
1352.337117	8	3	3	0	1	2	2	3877	674	24	81136	13	6	80	0	0	0	0	0	0	0	0	0	0	0	0	0	0	
1353.342233	8	3	3	0	1	2	2	3893	674	24	81196	13	6	80	0	0	0	0	0	0	0	0	0	0	0	0	0	0	
1354.347367	8	3	3	0	1	2	2	3908	674	24	81257	13	6	80	0	0	0	0	0	0	0	0	0	0	0	0	0	0	
1355.333767	8	3	3	0	1	2	2	3915	675	24	81316	13	6	80	0	0	0	0	0	0	0	0	0	0	0	0	0	0	
1356.340317	8	3	3	0	1	2	2	3925	675	24	81376	13	6	80	0	0	0	0	0	0	0	0	0	0	0	0	0	0	
1357.345433	8	3	3	0	1	2	2	3934	674	24	81437	13	6	80	0	0	0	0	0	0	0	0	0	0	0	0	0	0	
1358.331833	8	3	3	0	1	2	2	3941	675	24	81496	13	6	80	0	0	0	0	0	0	0	0	0	0	0	0	0	0	
1359.336967	8	3	3	0	1	2	2	3949	674	24	81556	13	6	80	0	0	0	0	0	0	0	0	0	0	0	0	0	0	
1360.342083	8	3	3	0	1	2	2	3958	676	24	81616	13	6	80	0	0	0	0	0	0	0	0	0	0	0	0	0	0	
1361.347200	8	3	3	0	1	2	2	3965	675	24	81677	13	6	80	0	0	0	0	0	0	0	0	0	0	0	0	0	0	
1362.336483	8	3	3	0	1	2	2	3971	674	24	81736	13	6	80	0	0	0	0	0	0	0	0	0	0	0	0	0	0	
1363.341600	8	3	3	0	1	2	2	3980	675	24	81796	13	6	80	0	0	0	0	0	0	0	0	0	0	0	0	0	0	
1364.346717	8	3	3	0	1	2	2	3987	675	24	81857	13	6	80	0	0	0	0	0	0	0	0	0	0	0	0	0	0	
1365.333117	8	3	3	0	1	2	2	3994	675	24	81916	13	6	80	0	0	0	0	0	0	0	0	0	0	0	0	0	0	
1366.339683	8	3	3	0	1	2	2	4001	674	24	81976	13	6	80	0	0	0	0	0	0	0	0	0	0	0	0	0	0	
1367.344800	8	3	3	0	1	2	2	4007	675	24	82036	13	6	80	0	0	0	0	0	0	0	0	0	0	0	0	0	0	
1368.331200	8	3	3	0	1	2	2	4012	674	24	82096	13	6	80	0	0	0	0	0	0	0	0	0	0	0	0	0	0	
1369.336317	8	3	3	0	1	2	2	4019	674	24	82156	13	6	80	0	0	0	0	0	0	0	0	0	0	0	0	0	0	
1370.342883	8	3	3	0	1	2	2	4024	675	24	82216	13	6	80	0	0	0	0	0	0	0	0	0	0	0	0	0	0	
1371.348000	8	3	3	0	1	2	2	4028	674	24	82277	13	6	80	0	0	0	0	0	0	0	0	0	0	0	0	0	0	
1372.334400	8	3	3	0	1	2	2	4032	675	24	82336	13	6	80	0	0	0	0	0	0	0	0	0	0	0	0	0	0	
1373.339517	8	3	3	0	1	2	2	4035	674	24	82396	13	6	80	0	0	0	0	0	0	0	0	0	0	0	0	0	0	
1374.344633	8	3	3	0	1	2	2	4039	674	24	82456	13	6	80	0	0	0	0	0	0	0	0	0	0	0	0	0	0	
1375.332483	8	3	3	0	1	2	2	4042	674	24	82516	13	6	80	0	0	0	0	0	0	0	0	0	0	0	0	0	0	
1376.337600	8	3	3	0	1	2	2	4045	674	24	82576	13	6	80	0	0	0	0	0	0	0	0	0	0	0	0	0	0	
1377.342717	8	3	3	0	1	2	2	4048	675	24	82636	13	6	80	0	0	0	0	0	0	0	0	0	0	0	0	0	0	
1378.347833	8	3	3	0	1	2	2	4052	675	24	82697	13	6	80	0	0	0	0	0	0	0	0	0	0	0	0	0	0	
1379.334233	8	3	3	0	1	2	2	4055	674	24	82756	13	6	80	0	0	0	0	0	0	0	0	0	0	0	0	0	0	
1380.339367	8	3	3	0	1	2	2	4058	674	24	82816	13	6	80	0	0	0	0	0	0	0	0	0	0	0	0	0	0	
1381.345917	8	3	3	0	1	2	2	4061	674	24	82876	13	6	80	0	0	0	0	0	0	0	0	0	0	0	0	0	0	
1382.332317	8	3	3	0	1	2	2	4064	674	24	82936	13	6	80	0	0	0	0	0	0	0	0	0	0	0	0	0	0	
1383.337433	8	3	3	0	1	2	2	4068	675	24	82996	13	6	80	0	0	0	0	0	0	0	0	0	0	0	0	0	0	
1384.342567	8	3	3	0	1	2	2	4071	674	24	83056	13	6	80	0	0	0	0	0	0	0	0	0	0	0	0	0	0	
1385.347683	8	3	3	0	1	2	2	4074	674	24	83117	13	6	80	0	0	0	0	0	0	0	0	0	0	0	0	0	0	
1386.334083	8	3	3	0	1	2	2	4078	674	24	83176	13	6	80	0	0	0	0	0	0	0	0	0	0	0	0	0	0	
1387.340633	8	3	3	0	1	2	2	4081	674	24	83236	13	6	80	0	0	0	0	0	0	0	0	0	0	0	0	0	0	
1388.345767	8	3	3	0	1	2	2	4084	675	24	83296	13	6	80	0	0	0	0	0	0	0	0	0	0	0	0	0	0	
1389.332167	8	3	3	0	1	2	2	4087	674	24	83356	13	6	80	0	0	0	0	0	0	0	0	0	0	0	0	0	0	
1390.337283	8	3	3	0	1	2	2	4090	674	24	83416	13	6	80	0	0	0	0	0	0	0	0	0	0	0	0	0	0	
1391.343833	8	3	3	0	1	2	2	4093	675	24	83476	13	6	80	0	0	0	0	0	0	0	0	0	0	0	0	0	0	
1392.348967	8	3	3	0	1	2	2	4097	675	24	83537	13	6	80	0	0	0	0	0	0	0	0	0	0	0	0	0	0	
1393.335367	8	3	3	0	1	2	2	4101	674	24	83596	13	6	80	0	0	0	0	0	0	0	0	0	0	0	0	0	0	
1394.340483	8	3	3	0	1	2	2	4104	675	24	83656	13	6	80	0	0	0	0	0	0	0	0	0	0	0	0	0	0	
1395.345600	8	3	3	0	1	2	2	4108	676	24	83716	13	6	80	0	0	0	0	0	0	0	0	0	0	0	0	0	0	
1396.350717	8	3	3	0	1	2	2	4111	675	24	83777	13	6	80	0	0	0	0	0	0	0	0	0	0	0	0	0	0	
1397.338567	8	3	3	0	1	2	2	4116	676	24	83836	13	6	80	0	0	0	0	0	0	0	0	0	0	0	0	0	0	
1398.343683	8	3	3	0	1	2	2	4118	671	24	83896	13	6	80	0	0	0	0	0	0	0	0	0	0	0	0	0	0	
1399.348800	8	3	3	0	1	2	2	4120	665	24	83957	13	6	80	0	0	0	0	0	0	0	0	0	0	0	0	0	0	
1400.335200	8	3	3	0	1	2	2	4123	664	24	84016	13	6	80	0	0	0	0	0	0	0	0	0	0	0	0	0	0	
1401.340317	8	3	3	0	1	2	2	4127	664	24	84076	13	6	80	0	0	0	0	0	0	0	0	0	0	0	0	0	0	
1402.346883	8	3	3	0	1	2	2	4131	663	24	84136	13	6	80	0	0	0	0	0	0	0	0	0	0	0	0	0	0	
1403.336167	8	3	3	0	1	2	2	4137	666	24	84196	13	6	80	0	0	0	0	0	0	0	0	0	0	0	0	0	0	
1404.341283	8	3	3	0	1	2	2	4141	666	24	84256	13	6	80	0	0	0	0	0	0	0	0	0	0	0	0	0	0	
1405.346400	8	3	3	0	1	2	2	4146	665	24	84316	13	6	80	0	0	0	0	0	0	0	0	0	0	0	0	0	0	
1406.332800	8	3	3	0	1	2	2	4149	664	24	84376	13	6	80	0	0	0	0	0	0	0	0	0	0	0	0	0	0	
1407.339367	8	3	3	0	1	2	2	4155	664	24	84436	13	6	80	0	0	0	0	0	0	0	0	0	0	0	0	0	0	
1408.344483	8	3	3	0	1	2	2	4160	665	24	84496	13	6	80	0	0	0	0	0	0	0	0	0	0	0	0	0	0	
1409.349600	8	3	3	0	1	2	2	4164	662	24	84557	13	6	80	0	0	0	0	0	0	0	0	0	0	0	0	0	0	
1410.336000	8	3	3	0	1	2	2	4169	661	24	84616	13	6	80	0	0	0	0	0	0	0	0	0	0	0	0	0	0	
1411.341117	8	3	3	0	1	2	2	4175	662	24	84676	13	6	80	0	0	0	0	0	0	0	0	0	0	0	0	0	0	
1412.347683	8	3	3	0	1	2	2	4180	661	24	84736	13	6	80	0	0	0	0	0	0	0	0	0	0	0	0	0	0	
1413.352800	8	3	3	0	1	2	2	4185	662	24	84797	13	6	80	0	0	0	0	0	0	0	0	0	0	0	0	0	0	
1414.339200	8	3	3	0	1	2	2	4190	661	24	84856	13	6	80	0	0	0	0	0	0	0	0	0	0	0	0	0	0	
1415.344317	8	3	3	0	1	2	2	4196	661	24	84916	13	6	80	0	0	0	0	0	0	0	0	0	0	0	0	0	0	
1416.349433	8	3	3	0	1	2	2	4198	652	24	84977	13	6	80	0	0	0	0	0	0	0	0	0	0	0	0	0	0	
1417.335833	8	3	3	0	1	2	2	4199	636	24	85036	13	6	80	0	0	0	0	0	0	0	0	0	0	0	0	0	0	
1418.342400	8	3	3	0	1	2	2	4199	615	24	85096	13	6	80	0	0	0	0	0	0	0	0	0	0	0	0	0	0	
1419.347517	8	3	3	0	1	2	2	4198	589	24	85156	13	6	80	0	0	0	0	0	0	0	0	0	0	0	0	0	0	
1420.352633	8	3	3	0	1	2	2	4199	574	24	85217	13	6	80	0	0	0	0	0	0	0	0	0	0	0	0	0	0	
1421.339033	8	3	3	0	1	2	2	4198	557	24	85276	13	6	80	0	0	0	0	0	0	0	0	0	0	0	0	0	0	
1422.345600	8	3	3	0	1	2	2	4199	550	24	85336	13	6	80	0	0	0	0	0	0	0	0	0	0	0	0	0	0	
1423.350717	8	3	3	0	1	2	2	4198	548	24	85397	13	6	80	0	0	0	0	0	0	0	0	0	0	0	0	0	0	
1424.337117	8	3	3	0	1	2	2	4198	512	24	85456	13	6	80	0	0	0	0	0	0	0	0	0	0	0	0	0	0	
1425.342233	8	3	3	0	1	2	2	4199	496	24	85516	13	6	80	0	0	0	0	0	0	0	0	0	0	0	0	0	0	
1426.347367	8	3	3	0	1	2	2	4198	472	24	85576	13	6	80	0	0	0	0	0	0	0	0	0	0	0	0	0	0	
1427.353917	8	3	3	0	1	2	2	4198	451	24	85637	13	6	80	0	0	0	0	0	0	0	0	0	0	0	0	0	0	
1428.340317	8	3	3	0	1	2	2	4199	418	24	85696	13	6	80	0	0	0	0	0	0	0	0	0	0	0	0	0	0	
1429.345433	8	3	3	0	1	2	2	4199	396	24	85756	13	6	80	0	0	0	0	0	0	0	0	0	0	0	0	0	0	
1430.350567	8	3	3	0	1	2	2	4199	374	24	85817	13	6	80	0	0	0	0	0	0	0	0	0	0	0	0	0	0	
1431.338400	8	3	3	0	1	2	2	4199	357	24	85876	13	6	80	0	0	0	0	0	0	0	0	0	0	0	0	0	0	
1432.344967	8	3	3	0	1	2	2	4198	358	24	85936	13	6	80	0	0	0	0	0	0	0	0	0	0	0	0	0	0	
1433.350083	8	3	3	0	1	2	2	4198	363	24	85996	13	6	80	0	0	0	0	0	0	0	0	0	0	0	0	0	0	
1434.336483	8	3	3	0	1	2	2	4198	346	24	86056	13	6	80	0	0	0	0	0	0	0	0	0	0	0	0	0	0	
1435.341600	8	3	3	0	1	2	2	4199	330	24	86116	13	6	80	0	0	0	0	0	0	0	0	0	0	0	0	0	0	
1436.346717	8	3	3	0	1	2	2	4199	314	24	86176	13	6	80	0	0	0	0	0	0	0	0	0	0	0	0	0	0	
1437.351833	8	3	3	0	1	2	2	4198	318	24	86237	13	6	80	0	0	0	0	0	0	0	0	0	0	0	0	0	0	
1438.339683	8	3	3	0	1	2	2	4198	303	24	86296	13	6	80	0	0	0	0	0	0	0	0	0	0	0	0	0	0	
1439.344800	8	3	3	0	1	2	2	4199	306	24	86356	13	6	80	0	0	0	0	0	0	0	0	0	0	0	0	0	0	
1440.349917	8	3	3	0	1	2	2	4199	316	24	86416	13	6	80	0	0	0	0	0	0	0	0	0	0	0	0	0	0	
1441.336317	8	3	3	0	1	2	2	4198	308	24	86476	13	6	80	0	0	0	0	0	0	0	0	0	0	0	0	0	0	
1442.341433	8	3	3	0	1	2	2	4199	290	24	86536	13	6	80	0	0	0	0	0	0	0	0	0	0	0	0	0	0	
1443.346567	8	3	3	0	1	2	2	4198	287	24	86596	13	6	80	0	0	0	0	0	0	0	0	0	0	0	0	0	0	
1444.353117	8	3	3	0	1	2	2	4199	282	24	86657	13	6	80	0	0	0	0	0	0	0	0	0	0	0	0	0	0	
1445.339517	8	3	3	0	1	2	2	4199	269	24	86716	13	6	80	0	0	0	0	0	0	0	0	0	0	0	0	0	0	
1446.344633	8	3	3	0	1	2	2	4199	262	24	86776	13	6	80	0	0	0	0	0	0	0	0	0	0	0	0	0	0	
1447.349767	8	3	3	0	1	2	2	4198	267	24	86836	13	6	80	0	0	0	0	0	0	0	0	0	0	0	0	0	0	
1448.354883	8	3	3	0	1	2	2	4199	266	24	86897	13	6	80	0	0	0	0	0	0	0	0	0	0	0	0	0	0	
1449.342717	8	3	3	0	1	2	2	4198	251	24	86956	13	6	80	0	0	0	0	0	0	0	0	0	0	0	0	0	0	
1450.347833	8	3	3	0	1	2	2	4198	236	24	87016	13	6	80	0	0	0	0	0	0	0	0	0	0	0	0	0	0	
1451.352967	8	3	3	0	1	2	2	4198	220	24	87077	13	6	80	0	0	0	0	0	0	0	0	0	0	0	0	0	0	
1452.342233	8	3	3	0	1	2	2	4198	203	24	87136	13	6	80	0	0	0	0	0	0	0	0	0	0	0	0	0	0	
1453.348800	8	3	3	0	1	2	2	4198	193	24	87196	13	6	80	0	0	0	0	0	0	0	0	0	0	0	0	0	0	
1454.353917	8	3	3	0	1	2	2	4198	186	24	87257	13	6	80	0	0	0	0	0	0	0	0	0	0	0	0	0	0	
1455.340317	8	3	3	0	1	2	2	4198	184	24	87316	13	6	80	0	0	0	0	0	0	0	0	0	0	0	0	0	0	
1456.345433	8	3	3	0	1	2	2	4198	181	24	87376	13	6	80	0	0	0	0	0	0	0	0	0	0	0	0	0	0	
1457.350567	8	3	3	0	1	2	2	4199	176	24	87436	13	6	80	0	0	0	0	0	0	0	0	0	0	0	0	0	0	
1458.336967	8	3	3	0	1	2	2	4199	167	24	87496	13	6	80	0	0	0	0	0	0	0	0	0	0	0	0	0	0	
1459.343517	8	3	3	0	1	2	2	4198	161	24	87556	13	6	80	0	0	0	0	0	0	0	0	0	0	0	0	0	0	
1460.348633	8	3	3	0	1	2	2	4199	158	24	87616	13	6	80	0	0	0	0	0	0	0	0	0	0	0	0	0	0	
1461.353767	8	3	3	0	1	2	2	4198	155	24	87677	13	6	80	0	0	0	0	0	0	0	0	0	0	0	0	0	0	
1462.340167	8	3	3	0	1	2	2	4199	155	24	87736	13	6	80	0	0	0	0	0	0	0	0	0	0	0	0	0	0	
1463.345283	8	3	3	0	1	2	2	4199	152	24	87796	13	6	80	0	0	0	0	0	0	0	0	0	0	0	0	0	0	
1464.351833	8	3	3	0	1	2	2	4199	149	24	87856	13	6	80	0	0	0	0	0	0	0	0	0	0	0	0	0	0	
1465.356967	8	3	3	0	1	2	2	4199	147	24	87917	13	6	80	0	0	0	0	0	0	0	0	0	0	0	0	0	0	
1466.343367	8	3	3	0	1	2	2	4199	142	24	87976	13	6	80	0	0	0	0	0	0	0	0	0	0	0	0	0	0	
1467.348483	8	3	3	0	1	2	2	4199	139	24	88036	13	6	80	0	0	0	0	0	0	0	0	0	0	0	0	0	0	
1468.353600	8	3	3	0	1	2	2	4199	132	24	88097	13	6	80	0	0	0	0	0	0	0	0	0	0	0	0	0	0	
1469.340000	8	3	3	0	1	2	2	4198	129	24	88156	13	6	80	0	0	0	0	0	0	0	0	0	0	0	0	0	0	
1470.346567	8	3	3	0	1	2	2	4199	126	24	88216	13	6	80	0	0	0	0	0	0	0	0	0	0	0	0	0	0	
1471.351683	8	3	3	0	1	2	2	4199	121	24	88276	13	6	80	0	0	0	0	0	0	0	0	0	0	0	0	0	0	
1472.356800	8	3	3	0	1	2	2	4198	119	24	88337	13	6	80	0	0	0	0	0	0	0	0	0	0	0	0	0	0	
1473.343200	8	3	3	0	1	2	2	4198	116	24	88396	13	6	80	0	0	0	0	0	0	0	0	0	0	0	0	0	0	
1474.349767	8	3	3	0	1	2	2	4198	113	24	88456	13	6	80	0	0	0	0	0	0	0	0	0	0	0	0	0	0	
1475.354883	8	3	3	0	1	2	2	4198	110	24	88517	13	6	80	0	0	0	0	0	0	0	0	0	0	0	0	0	0	
1476.341283	8	3	3	0	1	2	2	4199	106	24	88576	13	6	80	0	0	0	0	0	0	0	0	0	0	0	0	0	0	
1477.346400	8	3	3	0	1	2	2	4198	104	24	88636	13	6	80	0	0	0	0	0	0	0	0	0	0	0	0	0	0	
1478.351517	8	3	3	0	1	2	2	4198	100	24	88696	13	6	80	0	0	0	0	0	0	0	0	0	0	0	0	0	0	
1479.358083	8	3	3	0	1	2	2	4198	99	24	88757	13	6	80	0	0	0	0	0	0	0	0	0	0	0	0	0	0	
1480.344483	8	3	3	0	1	2	2	4198	97	24	88816	13	6	80	0	0	0	0	0	0	0	0	0	0	0	0	0	0	
1481.349600	8	3	3	0	1	2	2	4198	96	24	88876	13	6	80	0	0	0	0	0	0	0	0	0	0	0	0	0	0	
1482.354717	8	3	3	0	1	2	2	4199	95	24	88937	13	6	80	0	0	0	0	0	0	0	0	0	0	0	0	0	0	
1483.341117	8	3	3	0	1	2	2	4198	94	24	88996	13	6	80	0	0	0	0	0	0	0	0	0	0	0	0	0	0	
1484.347683	8	3	3	0	1	2	2	4198	92	24	89056	13	6	80	0	0	0	0	0	0	0	0	0	0	0	0	0	0	
1485.352800	8	3	3	0	1	2	2	4199	92	24	89116	13	6	80	0	0	0	0	0	0	0	0	0	0	0	0	0	0	
1486.357917	8	3	3	0	1	2	2	4198	90	24	89177	13	6	80	0	0	0	0	0	0	0	0	0	0	0	0	0	0	
1487.344317	8	3	3	0	1	2	2	4199	89	24	89236	13	6	80	0	0	0	0	0	0	0	0	0	0	0	0	0	0	
1488.349433	8	3	3	0	1	2	2	4198	87	24	89296	13	6	80	0	0	0	0	0	0	0	0	0	0	0	0	0	0	
1489.356000	8	3	3	0	1	2	2	4199	87	24	89357	13	6	80	0	0	0	0	0	0	0	0	0	0	0	0	0	0	
1490.342400	8	3	3	0	1	2	2	4198	84	24	89416	13	6	80	0	0	0	0	0	0	0	0	0	0	0	0	0	0	
1491.347517	8	3	3	0	1	2	2	4199	83	24	89476	13	6	80	0	0	0	0	0	0	0	0	0	0	0	0	0	0	
1492.352633	8	3	3	0	1	2	2	4199	82	24	89536	13	6	80	0	0	0	0	0	0	0	0	0	0	0	0	0	0	
1493.357767	8	3	3	0	1	2	2	4198	82	24	89597	13	6	80	0	0	0	0	0	0	0	0	0	0	0	0	0	0	
1494.344167	8	3	3	0	1	2	2	4199	80	24	89656	13	6	80	0	0	0	0	0	0	0	0	0	0	0	0	0	0	
1495.350717	8	3	3	0	1	2	2	4198	79	24	89716	13	6	80	0	0	0	0	0	0	0	0	0	0	0	0	0	0	
1496.355833	8	3	3	0	1	2	2	4198	77	24	89776	13	6	80	0	0	0	0	0	0	0	0	0	0	0	0	0	0	
1497.342233	8	3	3	0	1	2	2	4199	75	24	89836	13	6	80	0	0	0	0	0	0	0	0	0	0	0	0	0	0	
1498.347367	8	3	3	0	1	2	2	4198	73	24	89896	13	6	80	0	0	0	0	0	0	0	0	0	0	0	0	0	0	
1499.352483	8	3	3	0	1	2	2	4199	72	24	89956	13	6	80	0	0	0	0	0	0	0	0	0	0	0	0	0	0	
1500.359033	8	3	3	0	1	2	2	4199	70	24	90017	13	6	80	0	0	0	0	0	0	0	0	0	0	0	0	0	0	
1501.345433	8	3	3	0	1	2	2	4199	69	24	90076	13	6	80	0	0	0	0	0	0	0	0	0	0	0	0	0	0	
1502.350567	8	3	3	0	1	2	2	4198	67	24	90136	13	6	80	0	0	0	0	0	0	0	0	0	0	0	0	0	0	
1503.355683	8	3	3	0	1	2	2	4199	67	24	90196	13	6	80	0	0	0	0	0	0	0	0	0	0	0	0	0	0	
1503.833767	8	6	3	0	2	7	1	3685	-1282	24	90225	13	7	0	0	0	0	0	0	0	0	0	0	0	0	0	0	0	
1504.344967	8	6	3	0	2	7	1	3752	-1351	24	90256	13	7	0	0	0	0	0	0	0	0	0	0	0	0	0	0	0	
1505.350083	8	6	3	0	2	7	1	3702	-1349	24	90316	13	7	2	0	0	0	0	0	0	0	0	0	0	0	0	0	0	
1506.355200	8	6	3	0	2	7	1	3676	-1351	24	90376	13	7	4	0	0	0	0	0	0	0	0	0	0	0	0	0	0	
1507.341600	8	6	3	0	2	7	1	3656	-1351	24	90436	13	7	5	0	0	0	0	0	0	0	0	0	0	0	0	0	0	
1508.346717	8	6	3	0	2	7	1	3638	-1351	24	90496	13	7	7	0	0	0	0	0	0	0	0	0	0	0	0	0	0	
1509.353283	8	6	3	0	2	7	1	3637	-1349	24	90556	13	7	9	0	0	0	0	0	0	0	0	0	0	0	0	0	0	
1510.358400	8	6	3	0	2	7	1	3623	-1349	24	90617	13	7	10	0	0	0	0	0	0	0	0	0	0	0	0	0	0	
1511.344800	8	6	3	0	2	7	1	3604	-1350	24	90676	13	7	12	0	0	0	0	0	0	0	0	0	0	0	0	0	0	
1512.349917	8	6	3	0	2	7	1	3588	-1350	24	90736	13	7	14	0	0	0	0	0	0	0	0	0	0	0	0	0	0	
1513.355033	8	6	3	0	2	7	1	3576	-1352	24	90796	13	7	15	0	0	0	0	0	0	0	0	0	0	0	0	0	0	
1514.341433	8	6	3	0	2	7	1	3563	-1351	24	90856	13	7	17	0	0	0	0	0	0	0	0	0	0	0	0	0	0	
1515.348000	8	6	3	0	2	7	1	3546	-1349	24	90916	13	7	19	0	0	0	0	0	0	0	0	0	0	0	0	0	0	
1516.353117	8	6	3	0	2	7	1	3526	-1350	24	90976	13	7	20	0	0	0	0	0	0	0	0	0	0	0	0	0	0	
1517.358233	8	6	3	0	2	7	1	3513	-1350	24	91037	13	7	22	0	0	0	0	0	0	0	0	0	0	0	0	0	0	
1518.344633	8	6	3	0	2	7	1	3503	-1349	24	91096	13	7	23	0	0	0	0	0	0	0	0	0	0	0	0	0	0	
1519.349767	8	6	3	0	2	7	1	3475	-1349	24	91156	13	7	25	0	0	0	0	0	0	0	0	0	0	0	0	0	0	
1520.356317	8	6	3	0	2	7	1	3464	-1349	24	91216	13	7	27	0	0	0	0	0	0	0	0	0	0	0	0	0	0	
1521.361433	8	6	3	0	2	7	1	3452	-1350	24	91277	13	7	28	0	0	0	0	0	0	0	0	0	0	0	0	0	0	
1522.347833	8	6	3	0	2	7	1	3366	-1350	24	91336	13	7	30	0	0	0	0	0	0	0	0	0	0	0	0	0	0	
1523.352967	8	6	3	0	2	7	1	3464	-1349	24	91396	13	7	32	0	0	0	0	0	0	0	0	0	0	0	0	0	0	
1524.358083	8	6	3	0	2	7	1	3442	-1350	24	91457	13	7	33	0	0	0	0	0	0	0	0	0	0	0	0	0	0	
1525.344483	8	6	3	0	2	7	1	3429	-1349	24	91516	13	7	35	0	0	0	0	0	0	0	0	0	0	0	0	0	0	
1526.351033	8	6	3	0	2	7	1	3421	-1349	24	91576	13	7	37	0	0	0	0	0	0	0	0	0	0	0	0	0	0	
1527.357600	8	6	3	0	2	7	1	3409	-1350	24	91636	13	7	38	0	0	0	0	0	0	0	0	0	0	0	0	0	0	
1528.344000	8	6	3	0	2	7	1	3400	-1350	24	91696	13	7	40	0	0	0	0	0	0	0	0	0	0	0	0	0	0	
1529.349117	8	6	3	0	2	7	1	3391	-1348	24	91756	13	7	42	0	0	0	0	0	0	0	0	0	0	0	0	0	0	
1530.355683	8	6	3	0	2	7	1	3382	-1350	24	91816	13	7	43	0	0	0	0	0	0	0	0	0	0	0	0	0	0	
1531.360800	8	6	3	0	2	7	1	3373	-1351	24	91877	13	7	45	0	0	0	0	0	0	0	0	0	0	0	0	0	0	
1532.347200	8	6	3	0	2	7	1	3366	-1349	24	91936	13	7	47	0	0	0	0	0	0	0	0	0	0	0	0	0	0	
1533.352317	8	6	3	0	2	7	1	3357	-1349	24	91996	13	7	48	0	0	0	0	0	0	0	0	0	0	0	0	0	0	
1534.357433	8	6	3	0	2	7	1	3349	-1349	24	92056	13	7	50	0	0	0	0	0	0	0	0	0	0	0	0	0	0	
1535.345283	8	6	3	0	2	7	1	3342	-1350	24	92116	13	7	52	0	0	0	0	0	0	0	0	0	0	0	0	0	0	
1536.350400	8	6	3	0	2	7	1	3336	-1349	24	92176	13	7	53	0	0	0	0	0	0	0	0	0	0	0	0	0	0	
1537.355517	8	6	3	0	2	7	1	3329	-1349	24	92236	13	7	55	0	0	0	0	0	0	0	0	0	0	0	0	0	0	
1538.360633	8	6	3	0	2	7	1	3322	-1349	24	92297	13	7	57	0	0	0	0	0	0	0	0	0	0	0	0	0	0	
1539.347033	8	6	3	0	2	7	1	3316	-1350	24	92356	13	7	58	0	0	0	0	0	0	0	0	0	0	0	0	0	0	
1540.353600	8	6	3	0	2	7	1	3309	-1348	24	92416	13	7	60	0	0	0	0	0	0	0	0	0	0	0	0	0	0	
1541.358717	8	6	3	0	2	7	1	3301	-1349	24	92476	13	7	62	0	0	0	0	0	0	0	0	0	0	0	0	0	0	
1542.345117	8	6	3	0	2	7	1	3294	-1348	24	92536	13	7	63	0	0	0	0	0	0	0	0	0	0	0	0	0	0	
1543.350233	8	6	3	0	2	7	1	3285	-1350	24	92596	13	7	65	0	0	0	0	0	0	0	0	0	0	0	0	0	0	
1544.355367	8	6	3	0	2	7	1	3275	-1349	24	92656	13	7	66	0	0	0	0	0	0	0	0	0	0	0	0	0	0	
1545.361917	8	6	3	0	2	7	1	3263	-1351	24	92717	13	7	68	0	0	0	0	0	0	0	0	0	0	0	0	0	0	
1546.348317	8	6	3	0	2	7	1	3250	-1350	24	92776	13	7	70	0	0	0	0	0	0	0	0	0	0	0	0	0	0	
1547.356317	8	6	3	0	2	7	1	3232	-1350	24	92836	13	7	71	0	0	0	0	0	0	0	0	0	0	0	0	0	0	
1548.361433	8	6	3	0	2	7	1	3210	-1349	24	92897	13	7	73	0	0	0	0	0	0	0	0	0	0	0	0	0	0	
1549.349283	8	6	3	0	2	7	1	3180	-1350	24	92956	13	7	75	0	0	0	0	0	0	0	0	0	0	0	0	0	0	
1550.354400	8	6	3	0	2	7	1	3134	-1348	24	93016	13	7	76	0	0	0	0	0	0	0	0	0	0	0	0	0	0	
1551.359517	8	6	3	0	2	7	1	3060	-1350	24	93076	13	7	78	0	0	0	0	0	0	0	0	0	0	0	0	0	0	
1552.345917	8	6	3	0	2	7	1	2930	-1348	24	93136	13	7	80	0	0	0	0	0	0	0	0	0	0	0	0	0	0	
1553.201283	8	15	3	0	1	31	2	3100	22	24	93187	15	7	81	0	0	0	0	0	0	0	0	0	0	0	0	0	0	
1553.221433	8	3	3	0	1	2	2	3331	677	24	93188	15	7	81	0	0	0	0	0	0	0	0	0	0	0	0	0	0	
1553.355367	8	3	3	0	1	2	2	3448	675	24	93196	15	7	81	0	0	0	0	0	0	0	0	0	0	0	0	0	0	
1554.360483	8	3	3	0	1	2	2	3673	675	24	93257	15	7	81	0	0	0	0	0	0	0	0	0	0	0	0	0	0	
1555.346883	8	3	3	0	1	2	2	3775	675	24	93316	15	7	81	0	0	0	0	0	0	0	0	0	0	0	0	0	0	
1556.352000	8	3	3	0	1	2	2	3841	674	24	93376	15	7	81	0	0	0	0	0	0	0	0	0	0	0	0	0	0	
1557.357117	8	3	3	0	1	2	2	3886	675	24	93436	15	7	81	0	0	0	0	0	0	0	0	0	0	0	0	0	0	
1558.363683	8	3	3	0	1	2	2	3911	675	24	93497	15	7	81	0	0	0	0	0	0	0	0	0	0	0	0	0	0	
1559.350083	8	3	3	0	1	2	2	3915	675	24	93556	15	7	81	0	0	0	0	0	0	0	0	0	0	0	0	0	0	
1560.355200	8	3	3	0	1	2	2	3916	674	24	93616	15	7	81	0	0	0	0	0	0	0	0	0	0	0	0	0	0	
1561.360317	8	3	3	0	1	2	2	3925	674	24	93677	15	7	81	0	0	0	0	0	0	0	0	0	0	0	0	0	0	
1562.346717	8	3	3	0	1	2	2	3931	674	24	93736	15	7	81	0	0	0	0	0	0	0	0	0	0	0	0	0	0	
1563.353283	8	3	3	0	1	2	2	3932	675	24	93796	15	7	81	0	0	0	0	0	0	0	0	0	0	0	0	0	0	
1564.358400	8	3	3	0	1	2	2	3946	675	24	93856	15	7	81	0	0	0	0	0	0	0	0	0	0	0	0	0	0	
1565.363517	8	3	3	0	1	2	2	3953	674	24	93917	15	7	81	0	0	0	0	0	0	0	0	0	0	0	0	0	0	
1566.349917	8	3	3	0	1	2	2	3955	674	24	93976	15	7	81	0	0	0	0	0	0	0	0	0	0	0	0	0	0	
1567.355033	8	3	3	0	1	2	2	3962	675	24	94036	15	7	81	0	0	0	0	0	0	0	0	0	0	0	0	0	0	
1568.361600	8	3	3	0	1	2	2	3970	675	24	94096	15	7	81	0	0	0	0	0	0	0	0	0	0	0	0	0	0	
1569.348000	8	3	3	0	1	2	2	3978	674	24	94156	15	7	81	0	0	0	0	0	0	0	0	0	0	0	0	0	0	
1570.353117	8	3	3	0	1	2	2	3985	676	24	94216	15	7	81	0	0	0	0	0	0	0	0	0	0	0	0	0	0	
1571.358233	8	3	3	0	1	2	2	3992	674	24	94276	15	7	81	0	0	0	0	0	0	0	0	0	0	0	0	0	0	
1572.363367	8	3	3	0	1	2	2	3999	674	24	94337	15	7	81	0	0	0	0	0	0	0	0	0	0	0	0	0	0	
1573.349767	8	3	3	0	1	2	2	4005	675	24	94396	15	7	81	0	0	0	0	0	0	0	0	0	0	0	0	0	0	
1574.356317	8	3	3	0	1	2	2	4010	675	24	94456	15	7	81	0	0	0	0	0	0	0	0	0	0	0	0	0	0	
1575.361433	8	3	3	0	1	2	2	4013	674	24	94516	15	7	81	0	0	0	0	0	0	0	0	0	0	0	0	0	0	
1576.347833	8	3	3	0	1	2	2	4018	675	24	94576	15	7	81	0	0	0	0	0	0	0	0	0	0	0	0	0	0	
1577.352967	8	3	3	0	1	2	2	4021	675	24	94636	15	7	81	0	0	0	0	0	0	0	0	0	0	0	0	0	0	
1578.358083	8	3	3	0	1	2	2	4024	674	24	94696	15	7	81	0	0	0	0	0	0	0	0	0	0	0	0	0	0	
1579.363200	8	3	3	0	1	2	2	4027	674	24	94757	15	7	81	0	0	0	0	0	0	0	0	0	0	0	0	0	0	
1580.351033	8	3	3	0	1	2	2	4030	675	24	94816	15	7	81	0	0	0	0	0	0	0	0	0	0	0	0	0	0	
1581.356167	8	3	3	0	1	2	2	4033	674	24	94876	15	7	81	0	0	0	0	0	0	0	0	0	0	0	0	0	0	
1582.361283	8	3	3	0	1	2	2	4036	674	24	94936	15	7	81	0	0	0	0	0	0	0	0	0	0	0	0	0	0	
1583.347683	8	3	3	0	1	2	2	4039	675	24	94996	15	7	81	0	0	0	0	0	0	0	0	0	0	0	0	0	0	
1584.352800	8	3	3	0	1	2	2	4042	675	24	95056	15	7	81	0	0	0	0	0	0	0	0	0	0	0	0	0	0	
1585.359367	8	3	3	0	1	2	2	4045	674	24	95116	15	7	81	0	0	0	0	0	0	0	0	0	0	0	0	0	0	
1586.364483	8	3	3	0	1	2	2	4049	675	24	95177	15	7	81	0	0	0	0	0	0	0	0	0	0	0	0	0	0	
1587.352317	8	3	3	0	1	2	2	4052	675	24	95236	15	7	81	0	0	0	0	0	0	0	0	0	0	0	0	0	0	
1588.357433	8	3	3	0	1	2	2	4055	675	24	95296	15	7	81	0	0	0	0	0	0	0	0	0	0	0	0	0	0	
1589.364000	8	3	3	0	1	2	2	4059	675	24	95357	15	7	81	0	0	0	0	0	0	0	0	0	0	0	0	0	0	
1590.350400	8	3	3	0	1	2	2	4061	675	24	95416	15	7	81	0	0	0	0	0	0	0	0	0	0	0	0	0	0	
1591.355517	8	3	3	0	1	2	2	4065	676	24	95476	15	7	81	0	0	0	0	0	0	0	0	0	0	0	0	0	0	
1592.360633	8	3	3	0	1	2	2	4068	674	24	95536	15	7	81	0	0	0	0	0	0	0	0	0	0	0	0	0	0	
1593.365767	8	3	3	0	1	2	2	4071	674	24	95597	15	7	81	0	0	0	0	0	0	0	0	0	0	0	0	0	0	
1594.353600	8	3	3	0	1	2	2	4075	674	24	95656	15	7	81	0	0	0	0	0	0	0	0	0	0	0	0	0	0	
1595.358717	8	3	3	0	1	2	2	4078	675	24	95716	15	7	81	0	0	0	0	0	0	0	0	0	0	0	0	0	0	
1596.363833	8	3	3	0	1	2	2	4081	674	24	95777	15	7	81	0	0	0	0	0	0	0	0	0	0	0	0	0	0	
1597.350233	8	3	3	0	1	2	2	4085	675	24	95836	15	7	81	0	0	0	0	0	0	0	0	0	0	0	0	0	0	
1598.355367	8	3	3	0	1	2	2	4088	675	24	95896	15	7	81	0	0	0	0	0	0	0	0	0	0	0	0	0	0	
1599.360483	8	3	3	0	1	2	2	4092	675	24	95956	15	7	81	0	0	0	0	0	0	0	0	0	0	0	0	0	0	
1600.367033	8	3	3	0	1	2	2	4095	674	24	96017	15	7	81	0	0	0	0	0	0	0	0	0	0	0	0	0	0	
1601.353433	8	3	3	0	1	2	2	4099	675	24	96076	15	7	81	0	0	0	0	0	0	0	0	0	0	0	0	0	0	
1602.358567	8	3	3	0	1	2	2	4103	675	24	96136	15	7	81	0	0	0	0	0	0	0	0	0	0	0	0	0	0	
1603.363683	8	3	3	0	1	2	2	4107	675	24	96196	15	7	81	0	0	0	0	0	0	0	0	0	0	0	0	0	0	
1604.351517	8	3	3	0	1	2	2	4111	674	24	96256	15	7	81	0	0	0	0	0	0	0	0	0	0	0	0	0	0	
1605.358083	8	3	3	0	1	2	2	4115	674	24	96316	15	7	81	0	0	0	0	0	0	0	0	0	0	0	0	0	0	
1606.363200	8	3	3	0	1	2	2	4118	672	24	96376	15	7	81	0	0	0	0	0	0	0	0	0	0	0	0	0	0	
1607.349600	8	3	3	0	1	2	2	4119	664	24	96436	15	7	81	0	0	0	0	0	0	0	0	0	0	0	0	0	0	
1608.354717	8	3	3	0	1	2	2	4123	664	24	96496	15	7	81	0	0	0	0	0	0	0	0	0	0	0	0	0	0	
1609.361283	8	3	3	0	1	2	2	4127	663	24	96556	15	7	81	0	0	0	0	0	0	0	0	0	0	0	0	0	0	
1610.366400	8	3	3	0	1	2	2	4132	664	24	96617	15	7	81	0	0	0	0	0	0	0	0	0	0	0	0	0	0	
1611.352800	8	3	3	0	1	2	2	4136	661	24	96676	15	7	81	0	0	0	0	0	0	0	0	0	0	0	0	0	0	
1612.357917	8	3	3	0	1	2	2	4141	663	24	96736	15	7	81	0	0	0	0	0	0	0	0	0	0	0	0	0	0	
1613.363033	8	3	3	0	1	2	2	4147	663	24	96796	15	7	81	0	0	0	0	0	0	0	0	0	0	0	0	0	0	
1614.349433	8	3	3	0	1	2	2	4150	661	24	96856	15	7	81	0	0	0	0	0	0	0	0	0	0	0	0	0	0	
1615.356000	8	3	3	0	1	2	2	4155	660	24	96916	15	7	81	0	0	0	0	0	0	0	0	0	0	0	0	0	0	
1616.361117	8	3	3	0	1	2	2	4175	657	24	96976	15	7	81	0	0	0	0	0	0	0	0	0	0	0	0	0	0	
1617.366233	8	3	3	0	1	2	2	4178	656	24	97037	15	7	81	0	0	0	0	0	0	0	0	0	0	0	0	0	0	
1618.352633	8	3	3	0	1	2	2	4185	658	24	97096	15	7	81	0	0	0	0	0	0	0	0	0	0	0	0	0	0	
1619.357767	8	3	3	0	1	2	2	4189	657	24	97156	15	7	81	0	0	0	0	0	0	0	0	0	0	0	0	0	0	
1620.364317	8	3	3	0	1	2	2	4194	655	24	97216	15	7	81	0	0	0	0	0	0	0	0	0	0	0	0	0	0	
1621.369433	8	3	3	0	1	2	2	4198	653	24	97277	15	7	81	0	0	0	0	0	0	0	0	0	0	0	0	0	0	
1622.355833	8	3	3	0	1	2	2	4198	641	24	97336	15	7	81	0	0	0	0	0	0	0	0	0	0	0	0	0	0	
1623.360967	8	3	3	0	1	2	2	4198	627	24	97396	15	7	81	0	0	0	0	0	0	0	0	0	0	0	0	0	0	
1624.366083	8	3	3	0	1	2	2	4198	612	24	97457	15	7	81	0	0	0	0	0	0	0	0	0	0	0	0	0	0	
1625.353917	8	3	3	0	1	2	2	4199	600	24	97516	15	7	81	0	0	0	0	0	0	0	0	0	0	0	0	0	0	
1626.359033	8	3	3	0	1	2	2	4199	585	24	97576	15	7	81	0	0	0	0	0	0	0	0	0	0	0	0	0	0	
1627.364167	8	3	3	0	1	2	2	4199	575	24	97636	15	7	81	0	0	0	0	0	0	0	0	0	0	0	0	0	0	
1628.369283	8	3	3	0	1	2	2	4198	557	24	97697	15	7	81	0	0	0	0	0	0	0	0	0	0	0	0	0	0	
1629.355683	8	3	3	0	1	2	2	4199	558	24	97756	15	7	81	0	0	0	0	0	0	0	0	0	0	0	0	0	0	
1630.362233	8	3	3	0	1	2	2	4199	544	24	97816	15	7	81	0	0	0	0	0	0	0	0	0	0	0	0	0	0	
1631.367367	8	3	3	0	1	2	2	4198	534	24	97877	15	7	81	0	0	0	0	0	0	0	0	0	0	0	0	0	0	
1632.353767	8	3	3	0	1	2	2	4198	526	24	97936	15	7	81	0	0	0	0	0	0	0	0	0	0	0	0	0	0	
1633.358883	8	3	3	0	1	2	2	4198	505	24	97996	15	7	81	0	0	0	0	0	0	0	0	0	0	0	0	0	0	
1634.364000	8	3	3	0	1	2	2	4199	489	24	98056	15	7	81	0	0	0	0	0	0	0	0	0	0	0	0	0	0	
1635.370567	8	3	3	0	1	2	2	4199	450	24	98117	15	7	81	0	0	0	0	0	0	0	0	0	0	0	0	0	0	
1636.356967	8	3	3	0	1	2	2	4199	433	24	98176	15	7	81	0	0	0	0	0	0	0	0	0	0	0	0	0	0	
1637.362083	8	3	3	0	1	2	2	4198	425	24	98236	15	7	81	0	0	0	0	0	0	0	0	0	0	0	0	0	0	
1638.367200	8	3	3	0	1	2	2	4199	405	24	98297	15	7	81	0	0	0	0	0	0	0	0	0	0	0	0	0	0	
1639.353600	8	3	3	0	1	2	2	4198	391	24	98356	15	7	81	0	0	0	0	0	0	0	0	0	0	0	0	0	0	
1640.358717	8	3	3	0	1	2	2	4198	385	24	98416	15	7	81	0	0	0	0	0	0	0	0	0	0	0	0	0	0	
1641.365283	8	3	3	0	1	2	2	4198	385	24	98476	15	7	81	0	0	0	0	0	0	0	0	0	0	0	0	0	0	
1642.370400	8	3	3	0	1	2	2	4198	377	24	98537	15	7	81	0	0	0	0	0	0	0	0	0	0	0	0	0	0	
1643.356800	8	3	3	0	1	2	2	4199	340	24	98596	15	7	81	0	0	0	0	0	0	0	0	0	0	0	0	0	0	
1644.361917	8	3	3	0	1	2	2	4199	314	24	98656	15	7	81	0	0	0	0	0	0	0	0	0	0	0	0	0	0	
1645.367033	8	3	3	0	1	2	2	4199	310	24	98717	15	7	81	0	0	0	0	0	0	0	0	0	0	0	0	0	0	
1646.353433	8	3	3	0	1	2	2	4199	313	24	98776	15	7	81	0	0	0	0	0	0	0	0	0	0	0	0	0	0	
1647.360000	8	3	3	0	1	2	2	4198	304	24	98836	15	7	81	0	0	0	0	0	0	0	0	0	0	0	0	0	0	
1648.365117	8	3	3	0	1	2	2	4199	298	24	98896	15	7	81	0	0	0	0	0	0	0	0	0	0	0	0	0	0	
1649.370233	8	3	3	0	1	2	2	4199	288	24	98957	15	7	81	0	0	0	0	0	0	0	0	0	0	0	0	0	0	
1650.356633	8	3	3	0	1	2	2	4198	281	24	99016	15	7	81	0	0	0	0	0	0	0	0	0	0	0	0	0	0	
1651.361767	8	3	3	0	1	2	2	4198	266	24	99076	15	7	81	0	0	0	0	0	0	0	0	0	0	0	0	0	0	
1652.368317	8	3	3	0	1	2	2	4199	260	24	99136	15	7	81	0	0	0	0	0	0	0	0	0	0	0	0	0	0	
1653.354717	8	3	3	0	1	2	2	4199	256	24	99196	15	7	81	0	0	0	0	0	0	0	0	0	0	0	0	0	0	
1654.359833	8	3	3	0	1	2	2	4198	256	24	99256	15	7	81	0	0	0	0	0	0	0	0	0	0	0	0	0	0	
1655.364967	8	3	3	0	1	2	2	4199	261	24	99316	15	7	81	0	0	0	0	0	0	0	0	0	0	0	0	0	0	
1656.370083	8	3	3	0	1	2	2	4199	255	24	99377	15	7	81	0	0	0	0	0	0	0	0	0	0	0	0	0	0	
1657.356483	8	3	3	0	1	2	2	4199	247	24	99436	15	7	81	0	0	0	0	0	0	0	0	0	0	0	0	0	0	
1658.363033	8	3	3	0	1	2	2	4199	239	24	99496	15	7	81	0	0	0	0	0	0	0	0	0	0	0	0	0	0	
1659.368167	8	3	3	0	1	2	2	4199	233	24	99556	15	7	81	0	0	0	0	0	0	0	0	0	0	0	0	0	0	
1660.354567	8	3	3	0	1	2	2	4199	227	24	99616	15	7	81	0	0	0	0	0	0	0	0	0	0	0	0	0	0	
1661.359683	8	3	3	0	1	2	2	4199	220	24	99676	15	7	81	0	0	0	0	0	0	0	0	0	0	0	0	0	0	
1662.364800	8	3	3	0	1	2	2	4199	214	24	99736	15	7	81	0	0	0	0	0	0	0	0	0	0	0	0	0	0	
1663.371367	8	3	3	0	1	2	2	4198	207	24	99797	15	7	81	0	0	0	0	0	0	0	0	0	0	0	0	0	0	
1664.357767	8	3	3	0	1	2	2	4199	201	24	99856	15	7	81	0	0	0	0	0	0	0	0	0	0	0	0	0	0	
1665.362883	8	3	3	0	1	2	2	4198	192	24	99916	15	7	81	0	0	0	0	0	0	0	0	0	0	0	0	0	0	
1666.368000	8	3	3	0	1	2	2	4199	186	24	99976	15	7	81	0	0	0	0	0	0	0	0	0	0	0	0	0	0	
1667.354400	8	3	3	0	1	2	2	4198	180	24	100036	15	7	81	0	0	0	0	0	0	0	0	0	0	0	0	0	0	
1668.360967	8	3	3	0	1	2	2	4199	176	24	100096	15	7	81	0	0	0	0	0	0	0	0	0	0	0	0	0	0	
1669.366083	8	3	3	0	1	2	2	4199	172	24	100156	15	7	81	0	0	0	0	0	0	0	0	0	0	0	0	0	0	
1670.371200	8	3	3	0	1	2	2	4198	169	24	100217	15	7	81	0	0	0	0	0	0	0	0	0	0	0	0	0	0	
1671.357600	8	3	3	0	1	2	2	4198	164	24	100276	15	7	81	0	0	0	0	0	0	0	0	0	0	0	0	0	0	
1672.362717	8	3	3	0	1	2	2	4198	160	25	100336	15	7	81	0	0	0	0	0	0	0	0	0	0	0	0	0	0	
1673.367833	8	3	3	0	1	2	2	4198	157	25	100396	15	7	81	0	0	0	0	0	0	0	0	0	0	0	0	0	0	
1674.355683	8	3	3	0	1	2	2	4198	154	25	100456	15	7	81	0	0	0	0	0	0	0	0	0	0	0	0	0	0	
1675.360800	8	3	3	0	1	2	2	4199	152	25	100516	15	7	81	0	0	0	0	0	0	0	0	0	0	0	0	0	0	
1676.365917	8	3	3	0	1	2	2	4198	148	25	100576	15	7	81	0	0	0	0	0	0	0	0	0	0	0	0	0	0	
1677.355200	8	3	3	0	1	2	2	4199	145	25	100636	15	7	81	0	0	0	0	0	0	0	0	0	0	0	0	0	0	
1678.361767	8	3	3	0	1	2	2	4198	143	24	100696	15	7	81	0	0	0	0	0	0	0	0	0	0	0	0	0	0	
1679.366883	8	3	3	0	1	2	2	4199	140	25	100756	15	7	81	0	0	0	0	0	0	0	0	0	0	0	0	0	0	
1680.372000	8	3	3	0	1	2	2	4199	136	24	100817	15	7	81	0	0	0	0	0	0	0	0	0	0	0	0	0	0	
1681.358400	8	3	3	0	1	2	2	4198	133	25	100876	15	7	81	0	0	0	0	0	0	0	0	0	0	0	0	0	0	
1682.363517	8	3	3	0	1	2	2	4199	129	24	100936	15	7	81	0	0	0	0	0	0	0	0	0	0	0	0	0	0	
1683.370083	8	3	3	0	1	2	2	4199	124	25	100996	15	7	81	0	0	0	0	0	0	0	0	0	0	0	0	0	0	
1684.356483	8	3	3	0	1	2	2	4199	121	24	101056	15	7	81	0	0	0	0	0	0	0	0	0	0	0	0	0	0	
1685.361600	8	3	3	0	1	2	2	4198	116	25	101116	15	7	81	0	0	0	0	0	0	0	0	0	0	0	0	0	0	
1686.366717	8	3	3	0	1	2	2	4198	112	24	101176	15	7	81	0	0	0	0	0	0	0	0	0	0	0	0	0	0	
1687.371833	8	3	3	0	1	2	2	4198	108	24	101237	15	7	81	0	0	0	0	0	0	0	0	0	0	0	0	0	0	
1688.358233	8	3	3	0	1	2	2	4198	106	24	101296	15	7	81	0	0	0	0	0	0	0	0	0	0	0	0	0	0	
1689.364800	8	3	3	0	1	2	2	4198	105	24	101356	15	7	81	0	0	0	0	0	0	0	0	0	0	0	0	0	0	
1690.369917	8	3	3	0	1	2	2	4199	103	24	101416	15	7	81	0	0	0	0	0	0	0	0	0	0	0	0	0	0	
1691.356317	8	3	3	0	1	2	2	4198	100	24	101476	15	7	81	0	0	0	0	0	0	0	0	0	0	0	0	0	0	
1692.361433	8	3	3	0	1	2	2	4198	98	24	101536	15	7	81	0	0	0	0	0	0	0	0	0	0	0	0	0	0	
1693.368000	8	3	3	0	1	2	2	4198	96	24	101596	15	7	81	0	0	0	0	0	0	0	0	0	0	0	0	0	0	
1694.374567	8	3	3	0	1	2	2	4199	94	24	101657	15	7	81	0	0	0	0	0	0	0	0	0	0	0	0	0	0	
1695.360967	8	3	3	0	1	2	2	4199	92	24	101716	15	7	81	0	0	0	0	0	0	0	0	0	0	0	0	0	0	
1696.366083	8	3	3	0	1	2	2	4199	90	24	101776	15	7	81	0	0	0	0	0	0	0	0	0	0	0	0	0	0	
1697.372633	8	3	3	0	1	2	2	4198	88	24	101837	15	7	81	0	0	0	0	0	0	0	0	0	0	0	0	0	0	
1698.359033	8	3	3	0	1	2	2	4199	87	24	101896	15	7	81	0	0	0	0	0	0	0	0	0	0	0	0	0	0	
1699.364167	8	3	3	0	1	2	2	4198	86	24	101956	15	7	81	0	0	0	0	0	0	0	0	0	0	0	0	0	0	
1700.369283	8	3	3	0	1	2	2	4198	84	24	102016	15	7	81	0	0	0	0	0	0	0	0	0	0	0	0	0	0	
1701.374400	8	3	3	0	1	2	2	4198	83	24	102077	15	7	81	0	0	0	0	0	0	0	0	0	0	0	0	0	0	
1702.362233	8	3	3	0	1	2	2	4199	82	24	102136	15	7	81	0	0	0	0	0	0	0	0	0	0	0	0	0	0	
1703.367367	8	3	3	0	1	2	2	4199	79	24	102196	15	7	81	0	0	0	0	0	0	0	0	0	0	0	0	0	0	
1704.372483	8	3	3	0	1	2	2	4198	78	24	102257	15	7	81	0	0	0	0	0	0	0	0	0	0	0	0	0	0	
1705.358883	8	3	3	0	1	2	2	4199	77	24	102316	15	7	81	0	0	0	0	0	0	0	0	0	0	0	0	0	0	
1706.364000	8	3	3	0	1	2	2	4198	75	24	102376	15	7	81	0	0	0	0	0	0	0	0	0	0	0	0	0	0	
1707.369117	8	3	3	0	1	2	2	4198	75	24	102436	15	7	81	0	0	0	0	0	0	0	0	0	0	0	0	0	0	
1708.375683	8	3	3	0	1	2	2	4198	73	24	102497	15	7	81	0	0	0	0	0	0	0	0	0	0	0	0	0	0	
1709.362083	8	3	3	0	1	2	2	4198	72	24	102556	15	7	81	0	0	0	0	0	0	0	0	0	0	0	0	0	0	
1710.367200	8	3	3	0	1	2	2	4198	70	24	102616	15	7	81	0	0	0	0	0	0	0	0	0	0	0	0	0	0	
1711.372317	8	3	3	0	1	2	2	4199	68	24	102677	15	7	81	0	0	0	0	0	0	0	0	0	0	0	0	0	0	
1712.358717	8	3	3	0	1	2	2	4198	67	24	102736	15	7	81	0	0	0	0	0	0	0	0	0	0	0	0	0	0	
1712.780633	8	6	3	0	2	7	1	3823	-1065	24	102761	15	8	0	0	0	0	0	0	0	0	0	0	0	0	0	0	0	
1713.366717	8	6	3	0	2	7	1	3719	-1348	24	102796	15	8	0	0	0	0	0	0	0	0	0	0	0	0	0	0	0	
1714.371833	8	6	3	0	2	7	1	3719	-1349	24	102856	15	8	2	0	0	0	0	0	0	0	0	0	0	0	0	0	0	
1715.358233	8	6	3	0	2	7	1	3617	-1349	24	102916	15	8	4	0	0	0	0	0	0	0	0	0	0	0	0	0	0	
1716.363367	8	6	3	0	2	7	1	3664	-1350	24	102976	15	8	5	0	0	0	0	0	0	0	0	0	0	0	0	0	0	
1717.368483	8	6	3	0	2	7	1	3645	-1349	24	103036	15	8	7	0	0	0	0	0	0	0	0	0	0	0	0	0	0	
1718.375033	8	6	3	0	2	7	1	3633	-1350	24	103097	15	8	9	0	0	0	0	0	0	0	0	0	0	0	0	0	0	
1719.361433	8	6	3	0	2	7	1	3621	-1350	24	103156	15	8	10	0	0	0	0	0	0	0	0	0	0	0	0	0	0	
1720.366567	8	6	3	0	2	7	1	3612	-1350	24	103216	15	8	12	0	0	0	0	0	0	0	0	0	0	0	0	0	0	
1721.371683	8	6	3	0	2	7	1	3600	-1351	24	103276	15	8	14	0	0	0	0	0	0	0	0	0	0	0	0	0	0	
1722.358083	8	6	3	0	2	7	1	3585	-1351	24	103336	15	8	15	0	0	0	0	0	0	0	0	0	0	0	0	0	0	
1723.363200	8	6	3	0	2	7	1	3571	-1351	24	103396	15	8	17	0	0	0	0	0	0	0	0	0	0	0	0	0	0	
1724.369767	8	6	3	0	2	7	1	3557	-1349	24	103456	15	8	19	0	0	0	0	0	0	0	0	0	0	0	0	0	0	
1725.374883	8	6	3	0	2	7	1	3542	-1349	24	103517	15	8	20	0	0	0	0	0	0	0	0	0	0	0	0	0	0	
1726.361283	8	6	3	0	2	7	1	3525	-1351	24	103576	15	8	22	0	0	0	0	0	0	0	0	0	0	0	0	0	0	
1727.366400	8	6	3	0	2	7	1	3514	-1349	24	103636	15	8	24	0	0	0	0	0	0	0	0	0	0	0	0	0	0	
1728.371517	8	6	3	0	2	7	1	3501	-1349	24	103696	15	8	25	0	0	0	0	0	0	0	0	0	0	0	0	0	0	
1729.378083	8	6	3	0	2	7	1	3480	-1348	24	103757	15	8	27	0	0	0	0	0	0	0	0	0	0	0	0	0	0	
1730.364483	8	6	3	0	2	7	1	3461	-1349	24	103816	15	8	29	0	0	0	0	0	0	0	0	0	0	0	0	0	0	
1731.369600	8	6	3	0	2	7	1	3437	-1349	24	103876	15	8	30	0	0	0	0	0	0	0	0	0	0	0	0	0	0	
1732.374717	8	6	3	0	2	7	1	3422	-1351	24	103937	15	8	32	0	0	0	0	0	0	0	0	0	0	0	0	0	0	
1733.362567	8	6	3	0	2	7	1	3472	-1350	24	103996	15	8	34	0	0	0	0	0	0	0	0	0	0	0	0	0	0	
1734.369117	8	6	3	0	2	7	1	3450	-1349	24	104056	15	8	35	0	0	0	0	0	0	0	0	0	0	0	0	0	0	
1735.374233	8	6	3	0	2	7	1	3441	-1349	24	104116	15	8	37	0	0	0	0	0	0	0	0	0	0	0	0	0	0	
1736.360633	8	6	3	0	2	7	1	3426	-1351	24	104176	15	8	38	0	0	0	0	0	0	0	0	0	0	0	0	0	0	
1737.365767	8	6	3	0	2	7	1	3417	-1351	24	104236	15	8	40	0	0	0	0	0	0	0	0	0	0	0	0	0	0	
1738.370883	8	6	3	0	2	7	1	3407	-1350	24	104296	15	8	42	0	0	0	0	0	0	0	0	0	0	0	0	0	0	
1739.376000	8	6	3	0	2	7	1	3398	-1349	24	104357	15	8	43	0	0	0	0	0	0	0	0	0	0	0	0	0	0	
1740.363833	8	6	3	0	2	7	1	3390	-1347	24	104416	15	8	45	0	0	0	0	0	0	0	0	0	0	0	0	0	0	
1741.368967	8	6	3	0	2	7	1	3379	-1351	24	104476	15	8	47	0	0	0	0	0	0	0	0	0	0	0	0	0	0	
1742.374083	8	6	3	0	2	7	1	3371	-1350	24	104536	15	8	48	0	0	0	0	0	0	0	0	0	0	0	0	0	0	
1743.360483	8	6	3	0	2	7	1	3362	-1351	24	104596	15	8	50	0	0	0	0	0	0	0	0	0	0	0	0	0	0	
1744.365600	8	6	3	0	2	7	1	3355	-1349	24	104656	15	8	52	0	0	0	0	0	0	0	0	0	0	0	0	0	0	
1745.372167	8	6	3	0	2	7	1	3349	-1350	24	104716	15	8	53	0	0	0	0	0	0	0	0	0	0	0	0	0	0	
1746.377283	8	6	3	0	2	7	1	3341	-1349	24	104777	15	8	55	0	0	0	0	0	0	0	0	0	0	0	0	0	0	
1747.363683	8	6	3	0	2	7	1	3335	-1350	24	104836	15	8	57	0	0	0	0	0	0	0	0	0	0	0	0	0	0	
1748.368800	8	6	3	0	2	7	1	3329	-1350	24	104896	15	8	58	0	0	0	0	0	0	0	0	0	0	0	0	0	0	
1749.373917	8	6	3	0	2	7	1	3322	-1349	24	104956	15	8	60	0	0	0	0	0	0	0	0	0	0	0	0	0	0	
1750.360317	8	6	3	0	2	7	1	3316	-1349	24	105016	15	8	62	0	0	0	0	0	0	0	0	0	0	0	0	0	0	
1751.366883	8	6	3	0	2	7	1	3309	-1351	24	105076	15	8	63	0	0	0	0	0	0	0	0	0	0	0	0	0	0	
1752.372000	8	6	3	0	2	7	1	3300	-1351	24	105136	15	8	65	0	0	0	0	0	0	0	0	0	0	0	0	0	0	
1753.377117	8	6	3	0	2	7	1	3292	-1350	24	105197	15	8	67	0	0	0	0	0	0	0	0	0	0	0	0	0	0	
1754.363517	8	6	3	0	2	7	1	3282	-1350	24	105256	15	8	68	0	0	0	0	0	0	0	0	0	0	0	0	0	0	
1755.370083	8	6	3	0	2	7	1	3271	-1349	24	105316	15	8	70	0	0	0	0	0	0	0	0	0	0	0	0	0	0	
1756.375200	8	6	3	0	2	7	1	3258	-1350	24	105376	15	8	72	0	0	0	0	0	0	0	0	0	0	0	0	0	0	
1757.361600	8	6	3	0	2	7	1	3242	-1349	24	105436	15	8	73	0	0	0	0	0	0	0	0	0	0	0	0	0	0	
1758.366717	8	6	3	0	2	7	1	3220	-1349	24	105496	15	8	75	0	0	0	0	0	0	0	0	0	0	0	0	0	0	
1759.371833	8	6	3	0	2	7	1	3191	-1349	24	105556	15	8	76	0	0	0	0	0	0	0	0	0	0	0	0	0	0	
1760.378400	8	6	3	0	2	7	1	3148	-1350	24	105617	15	8	78	0	0	0	0	0	0	0	0	0	0	0	0	0	0	
1761.364800	8	6	3	0	2	7	1	3082	-1350	24	105676	15	8	80	0	0	0	0	0	0	0	0	0	0	0	0	0	0	
1762.369917	8	6	3	0	2	7	1	2963	-1350	24	105736	15	8	81	0	0	0	0	0	0	0	0	0	0	0	0	0	0	
1763.375033	8	6	3	0	2	7	1	2673	-1350	24	105796	15	8	83	0	0	0	0	0	0	0	0	0	0	0	0	0	0	
1763.400967	8	15	3	0	1	31	2	3242	481	24	105798	17	8	83	0	0	0	0	0	0	0	0	0	0	0	0	0	0	
1763.421117	8	3	3	0	1	2	2	3347	677	24	105799	17	8	83	0	0	0	0	0	0	0	0	0	0	0	0	0	0	
1764.364317	8	3	3	0	1	2	2	3656	674	24	105856	17	8	83	0	0	0	0	0	0	0	0	0	0	0	0	0	0	
1765.370883	8	3	3	0	1	2	2	3762	674	24	105916	17	8	83	0	0	0	0	0	0	0	0	0	0	0	0	0	0	
1766.376000	8	3	3	0	1	2	2	3825	675	24	105976	17	8	83	0	0	0	0	0	0	0	0	0	0	0	0	0	0	
1767.362400	8	3	3	0	1	2	2	3865	675	24	106036	17	8	83	0	0	0	0	0	0	0	0	0	0	0	0	0	0	
1768.367517	8	3	3	0	1	2	2	3905	675	24	106096	17	8	83	0	0	0	0	0	0	0	0	0	0	0	0	0	0	
1769.372633	8	3	3	0	1	2	2	3926	674	24	106156	17	8	83	0	0	0	0	0	0	0	0	0	0	0	0	0	0	
1770.379200	8	3	3	0	1	2	2	3932	674	24	106217	17	8	83	0	0	0	0	0	0	0	0	0	0	0	0	0	0	
1771.365600	8	3	3	0	1	2	2	3941	673	24	106276	17	8	83	0	0	0	0	0	0	0	0	0	0	0	0	0	0	
1772.370717	8	3	3	0	1	2	2	3949	675	24	106336	17	8	83	0	0	0	0	0	0	0	0	0	0	0	0	0	0	
1773.375833	8	3	3	0	1	2	2	3954	675	24	106396	17	8	83	0	0	0	0	0	0	0	0	0	0	0	0	0	0	
1774.362233	8	3	3	0	1	2	2	3955	675	24	106456	17	8	83	0	0	0	0	0	0	0	0	0	0	0	0	0	0	
1775.367367	8	3	3	0	1	2	2	3948	675	24	106516	17	8	83	0	0	0	0	0	0	0	0	0	0	0	0	0	0	
1776.373917	8	3	3	0	1	2	2	3965	675	24	106576	17	8	83	0	0	0	0	0	0	0	0	0	0	0	0	0	0	
1777.379033	8	3	3	0	1	2	2	3980	674	24	106637	17	8	83	0	0	0	0	0	0	0	0	0	0	0	0	0	0	
1778.365433	8	3	3	0	1	2	2	3989	674	24	106696	17	8	83	0	0	0	0	0	0	0	0	0	0	0	0	0	0	
1779.370567	8	3	3	0	1	2	2	3997	675	24	106756	17	8	83	0	0	0	0	0	0	0	0	0	0	0	0	0	0	
1780.375683	8	3	3	0	1	2	2	4004	675	24	106816	17	8	83	0	0	0	0	0	0	0	0	0	0	0	0	0	0	
1781.382233	8	3	3	0	1	2	2	4011	674	24	106877	17	8	83	0	0	0	0	0	0	0	0	0	0	0	0	0	0	
1782.368633	8	3	3	0	1	2	2	4018	673	24	106936	17	8	83	0	0	0	0	0	0	0	0	0	0	0	0	0	0	
1783.373767	8	3	3	0	1	2	2	4025	675	24	106996	17	8	83	0	0	0	0	0	0	0	0	0	0	0	0	0	0	
1784.378883	8	3	3	0	1	2	2	4030	674	24	107057	17	8	83	0	0	0	0	0	0	0	0	0	0	0	0	0	0	
1785.365283	8	3	3	0	1	2	2	4035	674	24	107116	17	8	83	0	0	0	0	0	0	0	0	0	0	0	0	0	0	
1786.370400	8	3	3	0	1	2	2	4041	675	24	107176	17	8	83	0	0	0	0	0	0	0	0	0	0	0	0	0	0	
1787.376967	8	3	3	0	1	2	2	4046	675	24	107236	17	8	83	0	0	0	0	0	0	0	0	0	0	0	0	0	0	
1788.382083	8	3	3	0	1	2	2	4048	674	24	107297	17	8	83	0	0	0	0	0	0	0	0	0	0	0	0	0	0	
1789.368483	8	3	3	0	1	2	2	4053	675	24	107356	17	8	83	0	0	0	0	0	0	0	0	0	0	0	0	0	0	
1790.373600	8	3	3	0	1	2	2	4056	674	24	107416	17	8	83	0	0	0	0	0	0	0	0	0	0	0	0	0	0	
1791.378717	8	3	3	0	1	2	2	4060	674	24	107477	17	8	83	0	0	0	0	0	0	0	0	0	0	0	0	0	0	
1792.365117	8	3	3	0	1	2	2	4064	675	24	107536	17	8	83	0	0	0	0	0	0	0	0	0	0	0	0	0	0	
1793.370233	8	3	3	0	1	2	2	4067	675	24	107596	17	8	83	0	0	0	0	0	0	0	0	0	0	0	0	0	0	
1794.376800	8	3	3	0	1	2	2	4070	675	24	107656	17	8	83	0	0	0	0	0	0	0	0	0	0	0	0	0	0	
1795.381917	8	3	3	0	1	2	2	4074	675	24	107717	17	8	83	0	0	0	0	0	0	0	0	0	0	0	0	0	0	
1796.368317	8	3	3	0	1	2	2	4077	674	24	107776	17	8	83	0	0	0	0	0	0	0	0	0	0	0	0	0	0	
1797.373433	8	3	3	0	1	2	2	4080	674	24	107836	17	8	83	0	0	0	0	0	0	0	0	0	0	0	0	0	0	
1798.378567	8	3	3	0	1	2	2	4084	674	24	107896	17	8	83	0	0	0	0	0	0	0	0	0	0	0	0	0	0	
1799.366400	8	3	3	0	1	2	2	4087	674	24	107956	17	8	83	0	0	0	0	0	0	0	0	0	0	0	0	0	0	
1800.371517	8	3	3	0	1	2	2	4090	673	24	108016	17	8	83	0	0	0	0	0	0	0	0	0	0	0	0	0	0	
1801.376633	8	3	3	0	1	2	2	4094	675	24	108076	17	8	83	0	0	0	0	0	0	0	0	0	0	0	0	0	0	
1802.381767	8	3	3	0	1	2	2	4097	674	24	108137	17	8	83	0	0	0	0	0	0	0	0	0	0	0	0	0	0	
1803.368167	8	3	3	0	1	2	2	4101	674	24	108196	17	8	83	0	0	0	0	0	0	0	0	0	0	0	0	0	0	
1804.374717	8	3	3	0	1	2	2	4104	674	24	108256	17	8	83	0	0	0	0	0	0	0	0	0	0	0	0	0	0	
1805.379833	8	3	3	0	1	2	2	4108	675	24	108316	17	8	83	0	0	0	0	0	0	0	0	0	0	0	0	0	0	
1806.366233	8	3	3	0	1	2	2	4111	674	24	108376	17	8	83	0	0	0	0	0	0	0	0	0	0	0	0	0	0	
1807.371367	8	3	3	0	1	2	2	4115	674	24	108436	17	8	83	0	0	0	0	0	0	0	0	0	0	0	0	0	0	
1808.376483	8	3	3	0	1	2	2	4118	675	24	108496	17	8	83	0	0	0	0	0	0	0	0	0	0	0	0	0	0	
1809.370083	8	3	3	0	1	2	2	4118	667	24	108556	17	8	83	0	0	0	0	0	0	0	0	0	0	0	0	0	0	
1810.375200	8	3	3	0	1	2	2	4122	667	24	108616	17	8	83	0	0	0	0	0	0	0	0	0	0	0	0	0	0	
1811.381767	8	3	3	0	1	2	2	4124	665	24	108677	17	8	83	0	0	0	0	0	0	0	0	0	0	0	0	0	0	
1812.369600	8	3	3	0	1	2	2	4128	664	24	108736	17	8	83	0	0	0	0	0	0	0	0	0	0	0	0	0	0	
1813.374717	8	3	3	0	1	2	2	4132	665	24	108796	17	8	83	0	0	0	0	0	0	0	0	0	0	0	0	0	0	
1814.379833	8	3	3	0	1	2	2	4136	664	24	108856	17	8	83	0	0	0	0	0	0	0	0	0	0	0	0	0	0	
1815.366233	8	3	3	0	1	2	2	4139	664	24	108916	17	8	83	0	0	0	0	0	0	0	0	0	0	0	0	0	0	
1816.372800	8	3	3	0	1	2	2	4143	662	24	108976	17	8	83	0	0	0	0	0	0	0	0	0	0	0	0	0	0	
1817.377917	8	3	3	0	1	2	2	4147	662	24	109036	17	8	83	0	0	0	0	0	0	0	0	0	0	0	0	0	0	
1818.383033	8	3	3	0	1	2	2	4152	662	24	109097	17	8	83	0	0	0	0	0	0	0	0	0	0	0	0	0	0	
1819.369433	8	3	3	0	1	2	2	4156	662	24	109156	17	8	83	0	0	0	0	0	0	0	0	0	0	0	0	0	0	
1820.374567	8	3	3	0	1	2	2	4160	660	24	109216	17	8	83	0	0	0	0	0	0	0	0	0	0	0	0	0	0	
1821.379683	8	3	3	0	1	2	2	4165	659	24	109276	17	8	83	0	0	0	0	0	0	0	0	0	0	0	0	0	0	
1822.367517	8	3	3	0	1	2	2	4170	659	24	109336	17	8	83	0	0	0	0	0	0	0	0	0	0	0	0	0	0	
1823.372633	8	3	3	0	1	2	2	4175	659	24	109396	17	8	83	0	0	0	0	0	0	0	0	0	0	0	0	0	0	
1824.377767	8	3	3	0	1	2	2	4179	658	24	109456	17	8	83	0	0	0	0	0	0	0	0	0	0	0	0	0	0	
1825.382883	8	3	3	0	1	2	2	4184	657	24	109517	17	8	83	0	0	0	0	0	0	0	0	0	0	0	0	0	0	
1826.369283	8	3	3	0	1	2	2	4188	656	24	109576	17	8	83	0	0	0	0	0	0	0	0	0	0	0	0	0	0	
1827.374400	8	3	3	0	1	2	2	4193	656	24	109636	17	8	83	0	0	0	0	0	0	0	0	0	0	0	0	0	0	
1828.380967	8	3	3	0	1	2	2	4198	654	24	109696	17	8	83	0	0	0	0	0	0	0	0	0	0	0	0	0	0	
1829.367367	8	3	3	0	1	2	2	4199	644	24	109756	17	8	83	0	0	0	0	0	0	0	0	0	0	0	0	0	0	
1830.372483	8	3	3	0	1	2	2	4199	631	24	109816	17	8	83	0	0	0	0	0	0	0	0	0	0	0	0	0	0	
1831.377600	8	3	3	0	1	2	2	4198	610	24	109876	17	8	83	0	0	0	0	0	0	0	0	0	0	0	0	0	0	
1832.382717	8	3	3	0	1	2	2	4198	594	24	109937	17	8	83	0	0	0	0	0	0	0	0	0	0	0	0	0	0	
1833.370567	8	3	3	0	1	2	2	4198	600	24	109996	17	8	83	0	0	0	0	0	0	0	0	0	0	0	0	0	0	
1834.375683	8	3	3	0	1	2	2	4199	600	24	110056	17	8	83	0	0	0	0	0	0	0	0	0	0	0	0	0	0	
1835.380800	8	3	3	0	1	2	2	4199	581	24	110116	17	8	83	0	0	0	0	0	0	0	0	0	0	0	0	0	0	
1836.367200	8	3	3	0	1	2	2	4199	560	24	110176	17	8	83	0	0	0	0	0	0	0	0	0	0	0	0	0	0	
1837.372317	8	3	3	0	1	2	2	4199	569	24	110236	17	8	83	0	0	0	0	0	0	0	0	0	0	0	0	0	0	
1838.378883	8	3	3	0	1	2	2	4199	523	24	110296	17	8	83	0	0	0	0	0	0	0	0	0	0	0	0	0	0	
1839.384000	8	3	3	0	1	2	2	4198	500	24	110357	17	8	83	0	0	0	0	0	0	0	0	0	0	0	0	0	0	
1840.370400	8	3	3	0	1	2	2	4199	509	24	110416	17	8	83	0	0	0	0	0	0	0	0	0	0	0	0	0	0	
1841.375517	8	3	3	0	1	2	2	4199	462	24	110476	17	8	83	0	0	0	0	0	0	0	0	0	0	0	0	0	0	
1842.380633	8	3	3	0	1	2	2	4199	447	24	110536	17	8	83	0	0	0	0	0	0	0	0	0	0	0	0	0	0	
1843.368483	8	3	3	0	1	2	2	4198	445	24	110596	17	8	83	0	0	0	0	0	0	0	0	0	0	0	0	0	0	
1844.373600	8	3	3	0	1	2	2	4199	435	24	110656	17	8	83	0	0	0	0	0	0	0	0	0	0	0	0	0	0	
1845.378717	8	3	3	0	1	2	2	4198	414	24	110716	17	8	83	0	0	0	0	0	0	0	0	0	0	0	0	0	0	
1846.383833	8	3	3	0	1	2	2	4198	409	24	110777	17	8	83	0	0	0	0	0	0	0	0	0	0	0	0	0	0	
1847.370233	8	3	3	0	1	2	2	4198	362	24	110836	17	8	83	0	0	0	0	0	0	0	0	0	0	0	0	0	0	
1848.376800	8	3	3	0	1	2	2	4199	358	24	110896	17	8	83	0	0	0	0	0	0	0	0	0	0	0	0	0	0	
1849.381917	8	3	3	0	1	2	2	4199	348	24	110956	17	8	83	0	0	0	0	0	0	0	0	0	0	0	0	0	0	
1850.387033	8	3	3	0	1	2	2	4199	333	24	111017	17	8	83	0	0	0	0	0	0	0	0	0	0	0	0	0	0	
1851.373433	8	3	3	0	1	2	2	4198	326	24	111076	17	8	83	0	0	0	0	0	0	0	0	0	0	0	0	0	0	
1852.378567	8	3	3	0	1	2	2	4199	328	24	111136	17	8	83	0	0	0	0	0	0	0	0	0	0	0	0	0	0	
1853.385117	8	3	3	0	1	2	2	4199	331	24	111197	17	8	83	0	0	0	0	0	0	0	0	0	0	0	0	0	0	
1854.371517	8	3	3	0	1	2	2	4199	330	24	111256	17	8	83	0	0	0	0	0	0	0	0	0	0	0	0	0	0	
1855.376633	8	3	3	0	1	2	2	4198	311	24	111316	17	8	83	0	0	0	0	0	0	0	0	0	0	0	0	0	0	
1856.381767	8	3	3	0	1	2	2	4199	307	24	111376	17	8	83	0	0	0	0	0	0	0	0	0	0	0	0	0	0	
1857.386883	8	3	3	0	1	2	2	4199	306	24	111437	17	8	83	0	0	0	0	0	0	0	0	0	0	0	0	0	0	
1858.373283	8	3	3	0	1	2	2	4199	307	24	111496	17	8	83	0	0	0	0	0	0	0	0	0	0	0	0	0	0	
1859.379833	8	3	3	0	1	2	2	4199	303	24	111556	17	8	83	0	0	0	0	0	0	0	0	0	0	0	0	0	0	
1860.384967	8	3	3	0	1	2	2	4198	296	24	111617	17	8	83	0	0	0	0	0	0	0	0	0	0	0	0	0	0	
1861.371367	8	3	3	0	1	2	2	4198	268	24	111676	17	8	83	0	0	0	0	0	0	0	0	0	0	0	0	0	0	
1862.376483	8	3	3	0	1	2	2	4198	245	24	111736	17	8	83	0	0	0	0	0	0	0	0	0	0	0	0	0	0	
1863.381600	8	3	3	0	1	2	2	4198	227	24	111796	17	8	83	0	0	0	0	0	0	0	0	0	0	0	0	0	0	
1864.386717	8	3	3	0	1	2	2	4199	243	24	111857	17	8	83	0	0	0	0	0	0	0	0	0	0	0	0	0	0	
1865.374567	8	3	3	0	1	2	2	4198	244	24	111916	17	8	83	0	0	0	0	0	0	0	0	0	0	0	0	0	0	
1866.379683	8	3	3	0	1	2	2	4198	247	24	111976	17	8	83	0	0	0	0	0	0	0	0	0	0	0	0	0	0	
1867.384800	8	3	3	0	1	2	2	4199	247	24	112037	17	8	83	0	0	0	0	0	0	0	0	0	0	0	0	0	0	
1868.371200	8	3	3	0	1	2	2	4198	241	24	112096	17	8	83	0	0	0	0	0	0	0	0	0	0	0	0	0	0	
1869.376317	8	3	3	0	1	2	2	4198	235	24	112156	17	8	83	0	0	0	0	0	0	0	0	0	0	0	0	0	0	
1870.381433	8	3	3	0	1	2	2	4198	233	24	112216	17	8	83	0	0	0	0	0	0	0	0	0	0	0	0	0	0	
1871.388000	8	3	3	0	1	2	2	4198	232	24	112277	17	8	83	0	0	0	0	0	0	0	0	0	0	0	0	0	0	
1872.374400	8	3	3	0	1	2	2	4198	224	24	112336	17	8	83	0	0	0	0	0	0	0	0	0	0	0	0	0	0	
1873.379517	8	3	3	0	1	2	2	4198	217	24	112396	17	8	83	0	0	0	0	0	0	0	0	0	0	0	0	0	0	
1874.384633	8	3	3	0	1	2	2	4199	208	24	112456	17	8	83	0	0	0	0	0	0	0	0	0	0	0	0	0	0	
1875.371033	8	3	3	0	1	2	2	4198	201	24	112516	17	8	83	0	0	0	0	0	0	0	0	0	0	0	0	0	0	
1876.377600	8	3	3	0	1	2	2	4199	195	24	112576	17	8	83	0	0	0	0	0	0	0	0	0	0	0	0	0	0	
1877.382717	8	3	3	0	1	2	2	4198	192	24	112636	17	8	83	0	0	0	0	0	0	0	0	0	0	0	0	0	0	
1878.387833	8	3	3	0	1	2	2	4198	188	24	112697	17	8	83	0	0	0	0	0	0	0	0	0	0	0	0	0	0	
1879.374233	8	3	3	0	1	2	2	4198	179	24	112756	17	8	83	0	0	0	0	0	0	0	0	0	0	0	0	0	0	
1880.379367	8	3	3	0	1	2	2	4198	169	24	112816	17	8	83	0	0	0	0	0	0	0	0	0	0	0	0	0	0	
1881.385917	8	3	3	0	1	2	2	4199	161	24	112876	17	8	83	0	0	0	0	0	0	0	0	0	0	0	0	0	0	
1882.372317	8	3	3	0	1	2	2	4198	162	24	112936	17	8	83	0	0	0	0	0	0	0	0	0	0	0	0	0	0	
1883.377433	8	3	3	0	1	2	2	4199	163	24	112996	17	8	83	0	0	0	0	0	0	0	0	0	0	0	0	0	0	
1884.382567	8	3	3	0	1	2	2	4199	163	24	113056	17	8	83	0	0	0	0	0	0	0	0	0	0	0	0	0	0	
1885.387683	8	3	3	0	1	2	2	4198	159	24	113117	17	8	83	0	0	0	0	0	0	0	0	0	0	0	0	0	0	
1886.374083	8	3	3	0	1	2	2	4198	156	24	113176	17	8	83	0	0	0	0	0	0	0	0	0	0	0	0	0	0	
1887.380633	8	3	3	0	1	2	2	4199	152	24	113236	17	8	83	0	0	0	0	0	0	0	0	0	0	0	0	0	0	
1888.385767	8	3	3	0	1	2	2	4198	149	24	113296	17	8	83	0	0	0	0	0	0	0	0	0	0	0	0	0	0	
1889.372167	8	3	3	0	1	2	2	4198	146	24	113356	17	8	83	0	0	0	0	0	0	0	0	0	0	0	0	0	0	
1890.377283	8	3	3	0	1	2	2	4199	142	24	113416	17	8	83	0	0	0	0	0	0	0	0	0	0	0	0	0	0	
1891.382400	8	3	3	0	1	2	2	4199	140	24	113476	17	8	83	0	0	0	0	0	0	0	0	0	0	0	0	0	0	
1892.388967	8	3	3	0	1	2	2	4199	138	24	113537	17	8	83	0	0	0	0	0	0	0	0	0	0	0	0	0	0	
1893.375367	8	3	3	0	1	2	2	4199	135	24	113596	17	8	83	0	0	0	0	0	0	0	0	0	0	0	0	0	0	
1894.380483	8	3	3	0	1	2	2	4198	132	24	113656	17	8	83	0	0	0	0	0	0	0	0	0	0	0	0	0	0	
1895.385600	8	3	3	0	1	2	2	4198	128	24	113716	17	8	83	0	0	0	0	0	0	0	0	0	0	0	0	0	0	
1896.372000	8	3	3	0	1	2	2	4198	126	24	113776	17	8	83	0	0	0	0	0	0	0	0	0	0	0	0	0	0	
1897.378567	8	3	3	0	1	2	2	4199	121	24	113836	17	8	83	0	0	0	0	0	0	0	0	0	0	0	0	0	0	
1898.383683	8	3	3	0	1	2	2	4198	118	24	113896	17	8	83	0	0	0	0	0	0	0	0	0	0	0	0	0	0	
1899.388800	8	3	3	0	1	2	2	4199	115	24	113957	17	8	83	0	0	0	0	0	0	0	0	0	0	0	0	0	0	
1900.375200	8	3	3	0	1	2	2	4199	110	24	114016	17	8	83	0	0	0	0	0	0	0	0	0	0	0	0	0	0	
1901.384633	8	3	3	0	1	2	2	4198	108	24	114076	17	8	83	0	0	0	0	0	0	0	0	0	0	0	0	0	0	
1902.389767	8	3	3	0	1	2	2	4198	106	24	114137	17	8	83	0	0	0	0	0	0	0	0	0	0	0	0	0	0	
1903.376167	8	3	3	0	1	2	2	4198	105	24	114196	17	8	83	0	0	0	0	0	0	0	0	0	0	0	0	0	0	
1904.381283	8	3	3	0	1	2	2	4199	106	24	114256	17	8	83	0	0	0	0	0	0	0	0	0	0	0	0	0	0	
1905.387833	8	3	3	0	1	2	2	4199	106	24	114316	17	8	83	0	0	0	0	0	0	0	0	0	0	0	0	0	0	
1906.374233	8	3	3	0	1	2	2	4198	104	24	114376	17	8	83	0	0	0	0	0	0	0	0	0	0	0	0	0	0	
1907.379367	8	3	3	0	1	2	2	4199	103	24	114436	17	8	83	0	0	0	0	0	0	0	0	0	0	0	0	0	0	
1908.384483	8	3	3	0	1	2	2	4198	101	24	114496	17	8	83	0	0	0	0	0	0	0	0	0	0	0	0	0	0	
1909.389600	8	3	3	0	1	2	2	4199	100	24	114557	17	8	83	0	0	0	0	0	0	0	0	0	0	0	0	0	0	
1910.376000	8	3	3	0	1	2	2	4199	98	24	114616	17	8	83	0	0	0	0	0	0	0	0	0	0	0	0	0	0	
1911.382567	8	3	3	0	1	2	2	4198	97	24	114676	17	8	83	0	0	0	0	0	0	0	0	0	0	0	0	0	0	
1912.387683	8	3	3	0	1	2	2	4199	96	24	114736	17	8	83	0	0	0	0	0	0	0	0	0	0	0	0	0	0	
1913.374083	8	3	3	0	1	2	2	4199	94	24	114796	17	8	83	0	0	0	0	0	0	0	0	0	0	0	0	0	0	
1914.379200	8	3	3	0	1	2	2	4198	92	24	114856	17	8	83	0	0	0	0	0	0	0	0	0	0	0	0	0	0	
1915.384317	8	3	3	0	1	2	2	4198	90	24	114916	17	8	83	0	0	0	0	0	0	0	0	0	0	0	0	0	0	
1916.390883	8	3	3	0	1	2	2	4199	89	24	114977	17	8	83	0	0	0	0	0	0	0	0	0	0	0	0	0	0	
1917.377283	8	3	3	0	1	2	2	4198	87	24	115036	17	8	83	0	0	0	0	0	0	0	0	0	0	0	0	0	0	
1918.382400	8	3	3	0	1	2	2	4198	85	24	115096	17	8	83	0	0	0	0	0	0	0	0	0	0	0	0	0	0	
1919.387517	8	3	3	0	1	2	2	4198	84	24	115156	17	8	83	0	0	0	0	0	0	0	0	0	0	0	0	0	0	
1920.373917	8	3	3	0	1	2	2	4198	82	24	115216	17	8	83	0	0	0	0	0	0	0	0	0	0	0	0	0	0	
1921.380483	8	3	3	0	1	2	2	4198	80	24	115276	17	8	83	0	0	0	0	0	0	0	0	0	0	0	0	0	0	
1922.385600	8	3	3	0	1	2	2	4199	79	24	115336	17	8	83	0	0	0	0	0	0	0	0	0	0	0	0	0	0	
1923.390717	8	3	3	0	1	2	2	4198	78	24	115397	17	8	83	0	0	0	0	0	0	0	0	0	0	0	0	0	0	
1924.377117	8	3	3	0	1	2	2	4199	76	24	115456	17	8	83	0	0	0	0	0	0	0	0	0	0	0	0	0	0	
1925.382233	8	3	3	0	1	2	2	4198	75	24	115516	17	8	83	0	0	0	0	0	0	0	0	0	0	0	0	0	0	
1926.387367	8	3	3	0	1	2	2	4198	73	24	115576	17	8	83	0	0	0	0	0	0	0	0	0	0	0	0	0	0	
1927.375200	8	3	3	0	1	2	2	4198	72	24	115636	17	8	83	0	0	0	0	0	0	0	0	0	0	0	0	0	0	
1928.380317	8	3	3	0	1	2	2	4199	70	24	115696	17	8	83	0	0	0	0	0	0	0	0	0	0	0	0	0	0	
1929.385433	8	3	3	0	1	2	2	4199	69	24	115756	17	8	83	0	0	0	0	0	0	0	0	0	0	0	0	0	0	
1930.390567	8	3	3	0	1	2	2	4199	68	24	115817	17	8	83	0	0	0	0	0	0	0	0	0	0	0	0	0	0	
1931.057283	8	6	3	0	2	7	1	3733	-1281	24	115857	17	9	0	0	0	0	0	0	0	0	0	0	0	0	0	0	0	
1931.379833	8	6	3	0	2	7	1	3724	-1349	24	115876	17	9	0	0	0	0	0	0	0	0	0	0	0	0	0	0	0	
1932.384967	8	6	3	0	2	7	1	3674	-1350	24	115936	17	9	2	0	0	0	0	0	0	0	0	0	0	0	0	0	0	
1933.390083	8	6	3	0	2	7	1	3602	-1349	24	115997	17	9	3	0	0	0	0	0	0	0	0	0	0	0	0	0	0	
1934.376483	8	6	3	0	2	7	1	3673	-1349	24	116056	17	9	5	0	0	0	0	0	0	0	0	0	0	0	0	0	0	
1935.384483	8	6	3	0	2	7	1	3653	-1352	24	116116	17	9	7	0	0	0	0	0	0	0	0	0	0	0	0	0	0	
1936.389600	8	6	3	0	2	7	1	3637	-1350	24	116176	17	9	8	0	0	0	0	0	0	0	0	0	0	0	0	0	0	
1937.376000	8	6	3	0	2	7	1	3594	-1350	24	116236	17	9	10	0	0	0	0	0	0	0	0	0	0	0	0	0	0	
1938.381117	8	6	3	0	2	7	1	3587	-1351	24	116296	17	9	12	0	0	0	0	0	0	0	0	0	0	0	0	0	0	
1939.386233	8	6	3	0	2	7	1	3580	-1350	24	116356	17	9	13	0	0	0	0	0	0	0	0	0	0	0	0	0	0	
1940.392800	8	6	3	0	2	7	1	3565	-1349	24	116417	17	9	15	0	0	0	0	0	0	0	0	0	0	0	0	0	0	
1941.379200	8	6	3	0	2	7	1	3552	-1350	24	116476	17	9	17	0	0	0	0	0	0	0	0	0	0	0	0	0	0	
1942.384317	8	6	3	0	2	7	1	3539	-1350	24	116536	17	9	18	0	0	0	0	0	0	0	0	0	0	0	0	0	0	
1943.389433	8	6	3	0	2	7	1	3526	-1350	24	116596	17	9	20	0	0	0	0	0	0	0	0	0	0	0	0	0	0	
1944.375833	8	6	3	0	2	7	1	3513	-1350	24	116656	17	9	22	0	0	0	0	0	0	0	0	0	0	0	0	0	0	
1945.380967	8	6	3	0	2	7	1	3500	-1349	24	116716	17	9	23	0	0	0	0	0	0	0	0	0	0	0	0	0	0	
1946.387517	8	6	3	0	2	7	1	3487	-1350	24	116776	17	9	25	0	0	0	0	0	0	0	0	0	0	0	0	0	0	
1947.392633	8	6	3	0	2	7	1	3475	-1350	24	116837	17	9	26	0	0	0	0	0	0	0	0	0	0	0	0	0	0	
1948.379033	8	6	3	0	2	7	1	3463	-1350	24	116896	17	9	28	0	0	0	0	0	0	0	0	0	0	0	0	0	0	
1949.384167	8	6	3	0	2	7	1	3451	-1350	24	116956	17	9	30	0	0	0	0	0	0	0	0	0	0	0	0	0	0	
1950.389283	8	6	3	0	2	7	1	3439	-1349	24	117016	17	9	31	0	0	0	0	0	0	0	0	0	0	0	0	0	0	
1951.375683	8	6	3	0	2	7	1	3429	-1349	24	117076	17	9	33	0	0	0	0	0	0	0	0	0	0	0	0	0	0	
1952.382233	8	6	3	0	2	7	1	3417	-1351	24	117136	17	9	35	0	0	0	0	0	0	0	0	0	0	0	0	0	0	
1953.387367	8	6	3	0	2	7	1	3406	-1351	24	117196	17	9	36	0	0	0	0	0	0	0	0	0	0	0	0	0	0	
1954.392483	8	6	3	0	2	7	1	3396	-1349	24	117257	17	9	38	0	0	0	0	0	0	0	0	0	0	0	0	0	0	
1955.378883	8	6	3	0	2	7	1	3388	-1350	24	117316	17	9	40	0	0	0	0	0	0	0	0	0	0	0	0	0	0	
1956.385433	8	6	3	0	2	7	1	3379	-1348	24	117376	17	9	41	0	0	0	0	0	0	0	0	0	0	0	0	0	0	
1957.392000	8	6	3	0	2	7	1	3371	-1349	24	117436	17	9	43	0	0	0	0	0	0	0	0	0	0	0	0	0	0	
1958.378400	8	6	3	0	2	7	1	3362	-1351	24	117496	17	9	45	0	0	0	0	0	0	0	0	0	0	0	0	0	0	
1959.383517	8	6	3	0	2	7	1	3354	-1349	24	117556	17	9	46	0	0	0	0	0	0	0	0	0	0	0	0	0	0	
1960.388633	8	6	3	0	2	7	1	3346	-1351	24	117616	17	9	48	0	0	0	0	0	0	0	0	0	0	0	0	0	0	
1961.393767	8	6	3	0	2	7	1	3339	-1349	24	117677	17	9	50	0	0	0	0	0	0	0	0	0	0	0	0	0	0	
1962.381600	8	6	3	0	2	7	1	3332	-1348	24	117736	17	9	51	0	0	0	0	0	0	0	0	0	0	0	0	0	0	
1963.386717	8	6	3	0	2	7	1	3324	-1350	24	117796	17	9	53	0	0	0	0	0	0	0	0	0	0	0	0	0	0	
1964.391833	8	6	3	0	2	7	1	3317	-1349	24	117856	17	9	55	0	0	0	0	0	0	0	0	0	0	0	0	0	0	
1965.378233	8	6	3	0	2	7	1	3310	-1348	24	117916	17	9	56	0	0	0	0	0	0	0	0	0	0	0	0	0	0	
1966.383367	8	6	3	0	2	7	1	3304	-1349	24	117976	17	9	58	0	0	0	0	0	0	0	0	0	0	0	0	0	0	
1967.388483	8	6	3	0	2	7	1	3299	-1349	24	118036	17	9	60	0	0	0	0	0	0	0	0	0	0	0	0	0	0	
1968.395033	8	6	3	0	2	7	1	3292	-1349	24	118097	17	9	61	0	0	0	0	0	0	0	0	0	0	0	0	0	0	
1969.381433	8	6	3	0	2	7	1	3285	-1350	24	118156	17	9	63	0	0	0	0	0	0	0	0	0	0	0	0	0	0	
1970.386567	8	6	3	0	2	7	1	3278	-1350	24	118216	17	9	65	0	0	0	0	0	0	0	0	0	0	0	0	0	0	
1971.391683	8	6	3	0	2	7	1	3270	-1349	24	118276	17	9	66	0	0	0	0	0	0	0	0	0	0	0	0	0	0	
1972.378083	8	6	3	0	2	7	1	3260	-1350	24	118336	17	9	68	0	0	0	0	0	0	0	0	0	0	0	0	0	0	
1973.384633	8	6	3	0	2	7	1	3250	-1350	24	118396	17	9	70	0	0	0	0	0	0	0	0	0	0	0	0	0	0	
1974.389767	8	6	3	0	2	7	1	3237	-1350	24	118456	17	9	71	0	0	0	0	0	0	0	0	0	0	0	0	0	0	
1975.394883	8	6	3	0	2	7	1	3220	-1351	24	118517	17	9	73	0	0	0	0	0	0	0	0	0	0	0	0	0	0	
1976.381283	8	6	3	0	2	7	1	3200	-1350	24	118576	17	9	75	0	0	0	0	0	0	0	0	0	0	0	0	0	0	
1977.386400	8	6	3	0	2	7	1	3172	-1349	24	118636	17	9	76	0	0	0	0	0	0	0	0	0	0	0	0	0	0	
1978.392967	8	6	3	0	2	7	1	3132	-1350	24	118696	17	9	78	0	0	0	0	0	0	0	0	0	0	0	0	0	0	
1979.379367	8	6	3	0	2	7	1	3070	-1351	24	118756	17	9	80	0	0	0	0	0	0	0	0	0	0	0	0	0	0	
1980.384483	8	6	3	0	2	7	1	2960	-1350	24	118816	17	9	81	0	0	0	0	0	0	0	0	0	0	0	0	0	0	
1981.389600	8	6	3	0	2	7	1	2715	-1349	24	118876	17	9	83	0	0	0	0	0	0	0	0	0	0	0	0	0	0	
1981.490400	8	15	3	0	1	31	2	3018	40	24	118882	18	9	83	0	0	0	0	0	0	0	0	0	0	0	0	0	0	
1981.512000	8	3	3	0	1	2	2	3363	677	24	118884	19	9	83	0	0	0	0	0	0	0	0	0	0	0	0	0	0	
1982.380317	8	3	3	0	1	2	2	3690	674	24	118936	19	9	83	0	0	0	0	0	0	0	0	0	0	0	0	0	0	
1983.385433	8	3	3	0	1	2	2	3787	674	24	118996	19	9	83	0	0	0	0	0	0	0	0	0	0	0	0	0	0	
1984.390567	8	3	3	0	1	2	2	3843	675	24	119056	19	9	83	0	0	0	0	0	0	0	0	0	0	0	0	0	0	
1985.395683	8	3	3	0	1	2	2	3883	674	24	119117	19	9	83	0	0	0	0	0	0	0	0	0	0	0	0	0	0	
1986.382083	8	3	3	0	1	2	2	3922	674	24	119176	19	9	83	0	0	0	0	0	0	0	0	0	0	0	0	0	0	
1987.387200	8	3	3	0	1	2	2	3939	674	24	119236	19	9	83	0	0	0	0	0	0	0	0	0	0	0	0	0	0	
1988.393767	8	3	3	0	1	2	2	3954	674	24	119296	19	9	83	0	0	0	0	0	0	0	0	0	0	0	0	0	0	
1989.380167	8	3	3	0	1	2	2	3954	675	24	119356	19	9	83	0	0	0	0	0	0	0	0	0	0	0	0	0	0	
1990.385283	8	3	3	0	1	2	2	3960	674	24	119416	19	9	83	0	0	0	0	0	0	0	0	0	0	0	0	0	0	
1991.390400	8	3	3	0	1	2	2	3968	674	24	119476	19	9	83	0	0	0	0	0	0	0	0	0	0	0	0	0	0	
1992.395517	8	3	3	0	1	2	2	3968	673	24	119537	19	9	83	0	0	0	0	0	0	0	0	0	0	0	0	0	0	
1993.383367	8	3	3	0	1	2	2	3985	674	24	119596	19	9	83	0	0	0	0	0	0	0	0	0	0	0	0	0	0	
1994.388483	8	3	3	0	1	2	2	3997	674	24	119656	19	9	83	0	0	0	0	0	0	0	0	0	0	0	0	0	0	
1995.393600	8	3	3	0	1	2	2	4004	674	24	119716	19	9	83	0	0	0	0	0	0	0	0	0	0	0	0	0	0	
1996.380000	8	3	3	0	1	2	2	4011	675	24	119776	19	9	83	0	0	0	0	0	0	0	0	0	0	0	0	0	0	
1997.385117	8	3	3	0	1	2	2	4018	674	24	119836	19	9	83	0	0	0	0	0	0	0	0	0	0	0	0	0	0	
1998.391683	8	3	3	0	1	2	2	4026	675	24	119896	19	9	83	0	0	0	0	0	0	0	0	0	0	0	0	0	0	
1999.396800	8	3	3	0	1	2	2	4031	674	24	119957	19	9	83	0	0	0	0	0	0	0	0	0	0	0	0	0	0	
2000.383200	8	3	3	0	1	2	2	4037	675	24	120016	19	9	83	0	0	0	0	0	0	0	0	0	0	0	0	0	0	
2001.388317	8	3	3	0	1	2	2	4041	675	24	120076	19	9	83	0	0	0	0	0	0	0	0	0	0	0	0	0	0	
2002.393433	8	3	3	0	1	2	2	4036	674	24	120136	19	9	83	0	0	0	0	0	0	0	0	0	0	0	0	0	0	
2003.398567	8	3	3	0	1	2	2	4037	675	24	120197	19	9	83	0	0	0	0	0	0	0	0	0	0	0	0	0	0	
2004.386400	8	3	3	0	1	2	2	4046	675	24	120256	19	9	83	0	0	0	0	0	0	0	0	0	0	0	0	0	0	
2005.391517	8	3	3	0	1	2	2	4051	675	24	120316	19	9	83	0	0	0	0	0	0	0	0	0	0	0	0	0	0	
2006.396633	8	3	3	0	1	2	2	4051	674	24	120377	19	9	83	0	0	0	0	0	0	0	0	0	0	0	0	0	0	
2007.383033	8	3	3	0	1	2	2	4054	674	24	120436	19	9	83	0	0	0	0	0	0	0	0	0	0	0	0	0	0	
2008.388167	8	3	3	0	1	2	2	4057	675	24	120496	19	9	83	0	0	0	0	0	0	0	0	0	0	0	0	0	0	
2009.393283	8	3	3	0	1	2	2	4062	674	24	120556	19	9	83	0	0	0	0	0	0	0	0	0	0	0	0	0	0	
2010.399833	8	3	3	0	1	2	2	4070	675	24	120617	19	9	83	0	0	0	0	0	0	0	0	0	0	0	0	0	0	
2011.389117	8	3	3	0	1	2	2	4074	674	24	120676	19	9	83	0	0	0	0	0	0	0	0	0	0	0	0	0	0	
2012.394233	8	3	3	0	1	2	2	4076	674	24	120736	19	9	83	0	0	0	0	0	0	0	0	0	0	0	0	0	0	
2013.400800	8	3	3	0	1	2	2	4081	673	24	120797	19	9	83	0	0	0	0	0	0	0	0	0	0	0	0	0	0	
2014.387200	8	3	3	0	1	2	2	4085	673	24	120856	19	9	83	0	0	0	0	0	0	0	0	0	0	0	0	0	0	
2015.392317	8	3	3	0	1	2	2	4089	674	24	120916	19	9	83	0	0	0	0	0	0	0	0	0	0	0	0	0	0	
2016.397433	8	3	3	0	1	2	2	4094	676	24	120977	19	9	83	0	0	0	0	0	0	0	0	0	0	0	0	0	0	
2017.383833	8	3	3	0	1	2	2	4096	675	24	121036	19	9	83	0	0	0	0	0	0	0	0	0	0	0	0	0	0	
2018.390400	8	3	3	0	1	2	2	4099	673	24	121096	19	9	83	0	0	0	0	0	0	0	0	0	0	0	0	0	0	
2019.395517	8	3	3	0	1	2	2	4103	673	24	121156	19	9	83	0	0	0	0	0	0	0	0	0	0	0	0	0	0	
2020.400633	8	3	3	0	1	2	2	4108	674	24	121217	19	9	83	0	0	0	0	0	0	0	0	0	0	0	0	0	0	
2021.387033	8	3	3	0	1	2	2	4111	675	24	121276	19	9	83	0	0	0	0	0	0	0	0	0	0	0	0	0	0	
2022.392167	8	3	3	0	1	2	2	4115	675	24	121336	19	9	83	0	0	0	0	0	0	0	0	0	0	0	0	0	0	
2023.397283	8	3	3	0	1	2	2	4118	674	24	121397	19	9	83	0	0	0	0	0	0	0	0	0	0	0	0	0	0	
2024.385117	8	3	3	0	1	2	2	4118	666	24	121456	19	9	83	0	0	0	0	0	0	0	0	0	0	0	0	0	0	
2025.390233	8	3	3	0	1	2	2	4122	665	24	121516	19	9	83	0	0	0	0	0	0	0	0	0	0	0	0	0	0	
2026.395367	8	3	3	0	1	2	2	4126	662	24	121576	19	9	83	0	0	0	0	0	0	0	0	0	0	0	0	0	0	
2027.400483	8	3	3	0	1	2	2	4129	662	24	121637	19	9	83	0	0	0	0	0	0	0	0	0	0	0	0	0	0	
2028.386883	8	3	3	0	1	2	2	4135	663	24	121696	19	9	83	0	0	0	0	0	0	0	0	0	0	0	0	0	0	
2029.392000	8	3	3	0	1	2	2	4137	661	24	121756	19	9	83	0	0	0	0	0	0	0	0	0	0	0	0	0	0	
2030.398567	8	3	3	0	1	2	2	4140	660	24	121817	19	9	83	0	0	0	0	0	0	0	0	0	0	0	0	0	0	
2031.384967	8	3	3	0	1	2	2	4144	660	24	121876	19	9	83	0	0	0	0	0	0	0	0	0	0	0	0	0	0	
2032.390083	8	3	3	0	1	2	2	4147	660	24	121936	19	9	83	0	0	0	0	0	0	0	0	0	0	0	0	0	0	
2033.395200	8	3	3	0	1	2	2	4150	660	24	121996	19	9	83	0	0	0	0	0	0	0	0	0	0	0	0	0	0	
2034.400317	8	3	3	0	1	2	2	4156	659	24	122057	19	9	83	0	0	0	0	0	0	0	0	0	0	0	0	0	0	
2035.386717	8	3	3	0	1	2	2	4159	657	24	122116	19	9	83	0	0	0	0	0	0	0	0	0	0	0	0	0	0	
2036.393283	8	3	3	0	1	2	2	4159	659	24	122176	19	9	83	0	0	0	0	0	0	0	0	0	0	0	0	0	0	
2037.399833	8	3	3	0	1	2	2	4162	658	24	122237	19	9	83	0	0	0	0	0	0	0	0	0	0	0	0	0	0	
2038.386233	8	3	3	0	1	2	2	4167	655	24	122296	19	9	83	0	0	0	0	0	0	0	0	0	0	0	0	0	0	
2039.391367	8	3	3	0	1	2	2	4170	656	24	122356	19	9	83	0	0	0	0	0	0	0	0	0	0	0	0	0	0	
2040.397917	8	3	3	0	1	2	2	4172	656	24	122416	19	9	83	0	0	0	0	0	0	0	0	0	0	0	0	0	0	
2041.384317	8	3	3	0	1	2	2	4178	655	23	122476	19	9	83	0	0	0	0	0	0	0	0	0	0	0	0	0	0	
2042.389433	8	3	3	0	1	2	2	4183	654	24	122536	19	9	83	0	0	0	0	0	0	0	0	0	0	0	0	0	0	
2043.394567	8	3	3	0	1	2	2	4188	653	24	122596	19	9	83	0	0	0	0	0	0	0	0	0	0	0	0	0	0	
2044.399683	8	3	3	0	1	2	2	4193	652	24	122657	19	9	83	0	0	0	0	0	0	0	0	0	0	0	0	0	0	
2045.386083	8	3	3	0	1	2	2	4198	652	24	122716	19	9	83	0	0	0	0	0	0	0	0	0	0	0	0	0	0	
2046.392633	8	3	3	0	1	2	2	4198	639	24	122776	19	9	83	0	0	0	0	0	0	0	0	0	0	0	0	0	0	
2047.397767	8	3	3	0	1	2	2	4198	608	24	122836	19	9	83	0	0	0	0	0	0	0	0	0	0	0	0	0	0	
2048.384167	8	3	3	0	1	2	2	4199	568	24	122896	19	9	83	0	0	0	0	0	0	0	0	0	0	0	0	0	0	
2049.389283	8	3	3	0	1	2	2	4199	579	24	122956	19	9	83	0	0	0	0	0	0	0	0	0	0	0	0	0	0	
2050.394400	8	3	3	0	1	2	2	4198	532	24	123016	19	9	83	0	0	0	0	0	0	0	0	0	0	0	0	0	0	
2051.400967	8	3	3	0	1	2	2	4198	504	24	123077	19	9	83	0	0	0	0	0	0	0	0	0	0	0	0	0	0	
2052.387367	8	3	3	0	1	2	2	4199	483	24	123136	19	9	83	0	0	0	0	0	0	0	0	0	0	0	0	0	0	
2053.392483	8	3	3	0	1	2	2	4199	485	24	123196	19	9	83	0	0	0	0	0	0	0	0	0	0	0	0	0	0	
2054.397600	8	3	3	0	1	2	2	4198	492	24	123256	19	9	83	0	0	0	0	0	0	0	0	0	0	0	0	0	0	
2055.402717	8	3	3	0	1	2	2	4198	449	24	123317	19	9	83	0	0	0	0	0	0	0	0	0	0	0	0	0	0	
2056.389117	8	3	3	0	1	2	2	4199	451	24	123376	19	9	83	0	0	0	0	0	0	0	0	0	0	0	0	0	0	
2057.395683	8	3	3	0	1	2	2	4198	465	24	123436	19	9	83	0	0	0	0	0	0	0	0	0	0	0	0	0	0	
2058.400800	8	3	3	0	1	2	2	4199	425	24	123497	19	9	83	0	0	0	0	0	0	0	0	0	0	0	0	0	0	
2059.387200	8	3	3	0	1	2	2	4199	389	23	123556	19	9	83	0	0	0	0	0	0	0	0	0	0	0	0	0	0	
2060.392317	8	3	3	0	1	2	2	4199	376	24	123616	19	9	83	0	0	0	0	0	0	0	0	0	0	0	0	0	0	
2061.397433	8	3	3	0	1	2	2	4199	351	23	123676	19	9	83	0	0	0	0	0	0	0	0	0	0	0	0	0	0	
2062.404000	8	3	3	0	1	2	2	4198	324	23	123737	19	9	83	0	0	0	0	0	0	0	0	0	0	0	0	0	0	
2063.390400	8	3	3	0	1	2	2	4199	335	23	123796	19	9	83	0	0	0	0	0	0	0	0	0	0	0	0	0	0	
2064.395517	8	3	3	0	1	2	2	4199	339	24	123856	19	9	83	0	0	0	0	0	0	0	0	0	0	0	0	0	0	
2065.400633	8	3	3	0	1	2	2	4199	330	24	123917	19	9	83	0	0	0	0	0	0	0	0	0	0	0	0	0	0	
2066.387033	8	3	3	0	1	2	2	4199	312	24	123976	19	9	83	0	0	0	0	0	0	0	0	0	0	0	0	0	0	
2067.392167	8	3	3	0	1	2	2	4199	283	24	124036	19	9	83	0	0	0	0	0	0	0	0	0	0	0	0	0	0	
2068.398717	8	3	3	0	1	2	2	4199	269	24	124096	19	9	83	0	0	0	0	0	0	0	0	0	0	0	0	0	0	
2069.403833	8	3	3	0	1	2	2	4199	262	24	124157	19	9	83	0	0	0	0	0	0	0	0	0	0	0	0	0	0	
2070.390233	8	3	3	0	1	2	2	4199	260	24	124216	19	9	83	0	0	0	0	0	0	0	0	0	0	0	0	0	0	
2071.395367	8	3	3	0	1	2	2	4199	250	23	124276	19	9	83	0	0	0	0	0	0	0	0	0	0	0	0	0	0	
2072.404800	8	3	3	0	1	2	2	4199	263	24	124337	19	9	83	0	0	0	0	0	0	0	0	0	0	0	0	0	0	
2073.391200	8	3	3	0	1	2	2	4199	239	24	124396	19	9	83	0	0	0	0	0	0	0	0	0	0	0	0	0	0	
2074.396317	8	3	3	0	1	2	2	4199	230	24	124456	19	9	83	0	0	0	0	0	0	0	0	0	0	0	0	0	0	
2075.401433	8	3	3	0	1	2	2	4198	218	23	124517	19	9	83	0	0	0	0	0	0	0	0	0	0	0	0	0	0	
2076.387833	8	3	3	0	1	2	2	4199	220	24	124576	19	9	83	0	0	0	0	0	0	0	0	0	0	0	0	0	0	
2077.394400	8	3	3	0	1	2	2	4199	217	24	124636	19	9	83	0	0	0	0	0	0	0	0	0	0	0	0	0	0	
2078.399517	8	3	3	0	1	2	2	4198	214	24	124696	19	9	83	0	0	0	0	0	0	0	0	0	0	0	0	0	0	
2079.404633	8	3	3	0	1	2	2	4199	207	24	124757	19	9	83	0	0	0	0	0	0	0	0	0	0	0	0	0	0	
2080.391033	8	3	3	0	1	2	2	4198	201	24	124816	19	9	83	0	0	0	0	0	0	0	0	0	0	0	0	0	0	
2081.396167	8	3	3	0	1	2	2	4199	203	24	124876	19	9	83	0	0	0	0	0	0	0	0	0	0	0	0	0	0	
2082.401283	8	3	3	0	1	2	2	4198	186	24	124937	19	9	83	0	0	0	0	0	0	0	0	0	0	0	0	0	0	
2083.387683	8	3	3	0	1	2	2	4198	146	23	124996	19	9	83	0	0	0	0	0	0	0	0	0	0	0	0	0	0	
2084.394233	8	3	3	0	1	2	2	4198	141	23	125056	19	9	83	0	0	0	0	0	0	0	0	0	0	0	0	0	0	
2085.399367	8	3	3	0	1	2	2	4199	147	23	125116	19	9	83	0	0	0	0	0	0	0	0	0	0	0	0	0	0	
2086.404483	8	3	3	0	1	2	2	4198	158	23	125177	19	9	83	0	0	0	0	0	0	0	0	0	0	0	0	0	0	
2087.390883	8	3	3	0	1	2	2	4198	169	23	125236	19	9	83	0	0	0	0	0	0	0	0	0	0	0	0	0	0	
2088.396000	8	3	3	0	1	2	2	4198	171	24	125296	19	9	83	0	0	0	0	0	0	0	0	0	0	0	0	0	0	
2089.402567	8	3	3	0	1	2	2	4199	168	23	125356	19	9	83	0	0	0	0	0	0	0	0	0	0	0	0	0	0	
2090.388967	8	3	3	0	1	2	2	4198	162	23	125416	19	9	83	0	0	0	0	0	0	0	0	0	0	0	0	0	0	
2091.394083	8	3	3	0	1	2	2	4199	161	23	125476	19	9	83	0	0	0	0	0	0	0	0	0	0	0	0	0	0	
2092.399200	8	3	3	0	1	2	2	4199	154	24	125536	19	9	83	0	0	0	0	0	0	0	0	0	0	0	0	0	0	
2093.405767	8	3	3	0	1	2	2	4199	144	23	125597	19	9	83	0	0	0	0	0	0	0	0	0	0	0	0	0	0	
2094.392167	8	3	3	0	1	2	2	4199	141	24	125656	19	9	83	0	0	0	0	0	0	0	0	0	0	0	0	0	0	
2095.397283	8	3	3	0	1	2	2	4198	146	23	125716	19	9	83	0	0	0	0	0	0	0	0	0	0	0	0	0	0	
2096.402400	8	3	3	0	1	2	2	4198	147	23	125776	19	9	83	0	0	0	0	0	0	0	0	0	0	0	0	0	0	
2097.388800	8	3	3	0	1	2	2	4199	146	24	125836	19	9	83	0	0	0	0	0	0	0	0	0	0	0	0	0	0	
2098.393917	8	3	3	0	1	2	2	4198	145	24	125896	19	9	83	0	0	0	0	0	0	0	0	0	0	0	0	0	0	
2099.400483	8	3	3	0	1	2	2	4199	144	24	125956	19	9	83	0	0	0	0	0	0	0	0	0	0	0	0	0	0	
2100.405600	8	3	3	0	1	2	2	4198	143	24	126017	19	9	83	0	0	0	0	0	0	0	0	0	0	0	0	0	0	
2101.392000	8	3	3	0	1	2	2	4199	143	24	126076	19	9	83	0	0	0	0	0	0	0	0	0	0	0	0	0	0	
2102.397117	8	3	3	0	1	2	2	4198	142	24	126136	19	9	83	0	0	0	0	0	0	0	0	0	0	0	0	0	0	
2103.403683	8	3	3	0	1	2	2	4198	141	23	126196	19	9	83	0	0	0	0	0	0	0	0	0	0	0	0	0	0	
2104.390083	8	3	3	0	1	2	2	4199	138	24	126256	19	9	83	0	0	0	0	0	0	0	0	0	0	0	0	0	0	
2105.395200	8	3	3	0	1	2	2	4199	137	24	126316	19	9	83	0	0	0	0	0	0	0	0	0	0	0	0	0	0	
2106.400317	8	3	3	0	1	2	2	4199	135	24	126376	19	9	83	0	0	0	0	0	0	0	0	0	0	0	0	0	0	
2107.405433	8	3	3	0	1	2	2	4199	134	24	126437	19	9	83	0	0	0	0	0	0	0	0	0	0	0	0	0	0	
2108.391833	8	3	3	0	1	2	2	4198	133	24	126496	19	9	83	0	0	0	0	0	0	0	0	0	0	0	0	0	0	
2109.398400	8	3	3	0	1	2	2	4198	132	24	126556	19	9	83	0	0	0	0	0	0	0	0	0	0	0	0	0	0	
2110.403517	8	3	3	0	1	2	2	4199	129	24	126616	19	9	83	0	0	0	0	0	0	0	0	0	0	0	0	0	0	
2111.389917	8	3	3	0	1	2	2	4199	127	24	126676	19	9	83	0	0	0	0	0	0	0	0	0	0	0	0	0	0	
2112.395033	8	3	3	0	1	2	2	4198	127	24	126736	19	9	83	0	0	0	0	0	0	0	0	0	0	0	0	0	0	
2113.400167	8	3	3	0	1	2	2	4199	126	23	126796	19	9	83	0	0	0	0	0	0	0	0	0	0	0	0	0	0	
2114.405283	8	3	3	0	1	2	2	4198	124	24	126857	19	9	83	0	0	0	0	0	0	0	0	0	0	0	0	0	0	
2115.393117	8	3	3	0	1	2	2	4199	118	24	126916	19	9	83	0	0	0	0	0	0	0	0	0	0	0	0	0	0	
2116.398233	8	3	3	0	1	2	2	4198	110	23	126976	19	9	83	0	0	0	0	0	0	0	0	0	0	0	0	0	0	
2117.403367	8	3	3	0	1	2	2	4198	103	23	127036	19	9	83	0	0	0	0	0	0	0	0	0	0	0	0	0	0	
2118.389767	8	3	3	0	1	2	2	4199	91	23	127096	19	9	83	0	0	0	0	0	0	0	0	0	0	0	0	0	0	
2119.394883	8	3	3	0	1	2	2	4199	76	23	127156	19	9	83	0	0	0	0	0	0	0	0	0	0	0	0	0	0	
2120.061600	8	6	3	0	2	7	1	3832	-813	23	127196	19	10	0	0	0	0	0	0	0	0	0	0	0	0	0	0	0	
2120.402883	8	6	3	0	2	7	1	3621	-1350	23	127216	19	10	0	0	0	0	0	0	0	0	0	0	0	0	0	0	0	
2121.408000	8	6	3	0	2	7	1	3571	-1347	23	127277	19	10	2	0	0	0	0	0	0	0	0	0	0	0	0	0	0	
2122.394400	8	6	3	0	2	7	1	3590	-1349	23	127336	19	10	3	0	0	0	0	0	0	0	0	0	0	0	0	0	0	
2123.399517	8	6	3	0	2	7	1	3584	-1351	23	127396	19	10	5	0	0	0	0	0	0	0	0	0	0	0	0	0	0	
2124.404633	8	6	3	0	2	7	1	3555	-1349	23	127457	19	10	7	0	0	0	0	0	0	0	0	0	0	0	0	0	0	
2125.392483	8	6	3	0	2	7	1	3533	-1349	23	127516	19	10	8	0	0	0	0	0	0	0	0	0	0	0	0	0	0	
2126.400483	8	6	3	0	2	7	1	3470	-1350	23	127576	19	10	10	0	0	0	0	0	0	0	0	0	0	0	0	0	0	
2127.405600	8	6	3	0	2	7	1	3492	-1349	23	127637	19	10	12	0	0	0	0	0	0	0	0	0	0	0	0	0	0	
2128.393433	8	6	3	0	2	7	1	3494	-1349	23	127696	19	10	13	0	0	0	0	0	0	0	0	0	0	0	0	0	0	
2129.398567	8	6	3	0	2	7	1	3472	-1350	23	127756	19	10	15	0	0	0	0	0	0	0	0	0	0	0	0	0	0	
2130.403683	8	6	3	0	2	7	1	3453	-1349	23	127816	19	10	17	0	0	0	0	0	0	0	0	0	0	0	0	0	0	
2131.408800	8	6	3	0	2	7	1	3443	-1349	23	127877	19	10	18	0	0	0	0	0	0	0	0	0	0	0	0	0	0	
2132.395200	8	6	3	0	2	7	1	3427	-1349	23	127936	19	10	20	0	0	0	0	0	0	0	0	0	0	0	0	0	0	
2133.400317	8	6	3	0	2	7	1	3394	-1350	23	127996	19	10	21	0	0	0	0	0	0	0	0	0	0	0	0	0	0	
2134.406883	8	6	3	0	2	7	1	3399	-1349	23	128057	19	10	23	0	0	0	0	0	0	0	0	0	0	0	0	0	0	
2135.393283	8	6	3	0	2	7	1	3383	-1348	23	128116	19	10	25	0	0	0	0	0	0	0	0	0	0	0	0	0	0	
2136.399833	8	6	3	0	2	7	1	3376	-1350	23	128176	19	10	26	0	0	0	0	0	0	0	0	0	0	0	0	0	0	
2137.404967	8	6	3	0	2	7	1	3363	-1350	23	128236	19	10	28	0	0	0	0	0	0	0	0	0	0	0	0	0	0	
2138.391367	8	6	3	0	2	7	1	3349	-1350	23	128296	19	10	30	0	0	0	0	0	0	0	0	0	0	0	0	0	0	
2139.397917	8	6	3	0	2	7	1	3335	-1350	23	128356	19	10	31	0	0	0	0	0	0	0	0	0	0	0	0	0	0	
2140.403033	8	6	3	0	2	7	1	3323	-1350	23	128416	19	10	33	0	0	0	0	0	0	0	0	0	0	0	0	0	0	
2141.408167	8	6	3	0	2	7	1	3310	-1350	23	128477	19	10	35	0	0	0	0	0	0	0	0	0	0	0	0	0	0	
2142.394567	8	6	3	0	2	7	1	3302	-1348	23	128536	19	10	36	0	0	0	0	0	0	0	0	0	0	0	0	0	0	
2143.399683	8	6	3	0	2	7	1	3298	-1351	23	128596	19	10	38	0	0	0	0	0	0	0	0	0	0	0	0	0	0	
2144.406233	8	6	3	0	2	7	1	3292	-1349	23	128656	19	10	40	0	0	0	0	0	0	0	0	0	0	0	0	0	0	
2145.392633	8	6	3	0	2	7	1	3282	-1350	23	128716	19	10	41	0	0	0	0	0	0	0	0	0	0	0	0	0	0	
2146.397767	8	6	3	0	2	7	1	3276	-1349	23	128776	19	10	43	0	0	0	0	0	0	0	0	0	0	0	0	0	0	
2147.402883	8	6	3	0	2	7	1	3265	-1350	23	128836	19	10	45	0	0	0	0	0	0	0	0	0	0	0	0	0	0	
2148.408000	8	6	3	0	2	7	1	3254	-1350	23	128897	19	10	46	0	0	0	0	0	0	0	0	0	0	0	0	0	0	
2149.395833	8	6	3	0	2	7	1	3253	-1349	23	128956	19	10	48	0	0	0	0	0	0	0	0	0	0	0	0	0	0	
2150.400967	8	6	3	0	2	7	1	3245	-1351	23	129016	19	10	50	0	0	0	0	0	0	0	0	0	0	0	0	0	0	
2151.406083	8	6	3	0	2	7	1	3243	-1348	23	129076	19	10	51	0	0	0	0	0	0	0	0	0	0	0	0	0	0	
2152.392483	8	6	3	0	2	7	1	3226	-1349	23	129136	19	10	53	0	0	0	0	0	0	0	0	0	0	0	0	0	0	
2153.397600	8	6	3	0	2	7	1	3217	-1351	23	129196	19	10	55	0	0	0	0	0	0	0	0	0	0	0	0	0	0	
2154.404167	8	6	3	0	2	7	1	3208	-1349	23	129256	19	10	56	0	0	0	0	0	0	0	0	0	0	0	0	0	0	
2155.409283	8	6	3	0	2	7	1	3205	-1350	24	129317	19	10	58	0	0	0	0	0	0	0	0	0	0	0	0	0	0	
2156.395683	8	6	3	0	2	7	1	3192	-1349	24	129376	19	10	60	0	0	0	0	0	0	0	0	0	0	0	0	0	0	
2157.400800	8	6	3	0	2	7	1	3177	-1348	24	129436	19	10	61	0	0	0	0	0	0	0	0	0	0	0	0	0	0	
2158.405917	8	6	3	0	2	7	1	3161	-1349	23	129496	19	10	63	0	0	0	0	0	0	0	0	0	0	0	0	0	0	
2159.392317	8	6	3	0	2	7	1	3155	-1351	24	129556	19	10	65	0	0	0	0	0	0	0	0	0	0	0	0	0	0	
2160.398883	8	6	3	0	2	7	1	3130	-1349	23	129616	19	10	66	0	0	0	0	0	0	0	0	0	0	0	0	0	0	
2161.404000	8	6	3	0	2	7	1	3107	-1349	23	129676	19	10	68	0	0	0	0	0	0	0	0	0	0	0	0	0	0	
2162.409117	8	6	3	0	2	7	1	3076	-1348	24	129737	19	10	70	0	0	0	0	0	0	0	0	0	0	0	0	0	0	
2163.395517	8	6	3	0	2	7	1	3023	-1349	24	129796	19	10	71	0	0	0	0	0	0	0	0	0	0	0	0	0	0	
2164.400633	8	6	3	0	2	7	1	2935	-1350	23	129856	19	10	73	0	0	0	0	0	0	0	0	0	0	0	0	0	0	
2165.407200	8	6	3	0	2	7	1	2758	-1350	23	129916	19	10	75	0	0	0	0	0	0	0	0	0	0	0	0	0	0	
2165.677917	8	15	3	0	1	31	2	3387	671	24	129933	21	10	75	0	0	0	0	0	0	0	0	0	0	0	0	0	0	
2165.698083	8	3	3	0	1	2	2	3423	675	24	129934	21	10	75	0	0	0	0	0	0	0	0	0	0	0	0	0	0	
2166.396483	8	3	3	0	1	2	2	3652	674	23	129976	21	10	75	0	0	0	0	0	0	0	0	0	0	0	0	0	0	
2167.401600	8	3	3	0	1	2	2	3765	674	23	130036	21	10	75	0	0	0	0	0	0	0	0	0	0	0	0	0	0	
2168.406717	8	3	3	0	1	2	2	3843	674	24	130096	21	10	75	0	0	0	0	0	0	0	0	0	0	0	0	0	0	
2169.394567	8	3	3	0	1	2	2	3894	675	24	130156	21	10	75	0	0	0	0	0	0	0	0	0	0	0	0	0	0	
2170.399683	8	3	3	0	1	2	2	3906	674	24	130216	21	10	75	0	0	0	0	0	0	0	0	0	0	0	0	0	0	
2171.404800	8	3	3	0	1	2	2	3927	674	24	130276	21	10	75	0	0	0	0	0	0	0	0	0	0	0	0	0	0	
2172.409917	8	3	3	0	1	2	2	3922	674	24	130337	21	10	75	0	0	0	0	0	0	0	0	0	0	0	0	0	0	
2173.396317	8	3	3	0	1	2	2	3916	674	24	130396	21	10	75	0	0	0	0	0	0	0	0	0	0	0	0	0	0	
2174.402883	8	3	3	0	1	2	2	3920	675	24	130456	21	10	75	0	0	0	0	0	0	0	0	0	0	0	0	0	0	
2175.408000	8	3	3	0	1	2	2	3933	675	24	130516	21	10	75	0	0	0	0	0	0	0	0	0	0	0	0	0	0	
2176.394400	8	3	3	0	1	2	2	3935	675	24	130576	21	10	75	0	0	0	0	0	0	0	0	0	0	0	0	0	0	
2177.399517	8	3	3	0	1	2	2	3941	675	24	130636	21	10	75	0	0	0	0	0	0	0	0	0	0	0	0	0	0	
2178.404633	8	3	3	0	1	2	2	3949	674	24	130696	21	10	75	0	0	0	0	0	0	0	0	0	0	0	0	0	0	
2179.411200	8	3	3	0	1	2	2	3959	674	24	130757	21	10	75	0	0	0	0	0	0	0	0	0	0	0	0	0	0	
2180.397600	8	3	3	0	1	2	2	3970	674	24	130816	21	10	75	0	0	0	0	0	0	0	0	0	0	0	0	0	0	
2181.402717	8	3	3	0	1	2	2	3978	675	24	130876	21	10	75	0	0	0	0	0	0	0	0	0	0	0	0	0	0	
2182.407833	8	3	3	0	1	2	2	3986	674	24	130936	21	10	75	0	0	0	0	0	0	0	0	0	0	0	0	0	0	
2183.412967	8	3	3	0	1	2	2	3996	675	24	130997	21	10	75	0	0	0	0	0	0	0	0	0	0	0	0	0	0	
2184.399367	8	3	3	0	1	2	2	4003	675	24	131056	21	10	75	0	0	0	0	0	0	0	0	0	0	0	0	0	0	
2185.405917	8	3	3	0	1	2	2	4010	675	24	131116	21	10	75	0	0	0	0	0	0	0	0	0	0	0	0	0	0	
2186.411033	8	3	3	0	1	2	2	4016	674	24	131177	21	10	75	0	0	0	0	0	0	0	0	0	0	0	0	0	0	
2187.397433	8	3	3	0	1	2	2	4022	675	24	131236	21	10	75	0	0	0	0	0	0	0	0	0	0	0	0	0	0	
2188.402567	8	3	3	0	1	2	2	4027	675	24	131296	21	10	75	0	0	0	0	0	0	0	0	0	0	0	0	0	0	
2189.407683	8	3	3	0	1	2	2	4031	675	24	131356	21	10	75	0	0	0	0	0	0	0	0	0	0	0	0	0	0	
2190.412800	8	3	3	0	1	2	2	4035	674	24	131417	21	10	75	0	0	0	0	0	0	0	0	0	0	0	0	0	0	
2191.400633	8	3	3	0	1	2	2	4038	673	24	131476	21	10	75	0	0	0	0	0	0	0	0	0	0	0	0	0	0	
2192.405767	8	3	3	0	1	2	2	4043	674	24	131536	21	10	75	0	0	0	0	0	0	0	0	0	0	0	0	0	0	
2193.410883	8	3	3	0	1	2	2	4047	675	24	131597	21	10	75	0	0	0	0	0	0	0	0	0	0	0	0	0	0	
2194.397283	8	3	3	0	1	2	2	4050	675	24	131656	21	10	75	0	0	0	0	0	0	0	0	0	0	0	0	0	0	
2195.402400	8	3	3	0	1	2	2	4054	673	24	131716	21	10	75	0	0	0	0	0	0	0	0	0	0	0	0	0	0	
2196.407517	8	3	3	0	1	2	2	4058	674	24	131776	21	10	75	0	0	0	0	0	0	0	0	0	0	0	0	0	0	
2197.414083	8	3	3	0	1	2	2	4062	674	24	131837	21	10	75	0	0	0	0	0	0	0	0	0	0	0	0	0	0	
2198.400483	8	3	3	0	1	2	2	4066	673	24	131896	21	10	75	0	0	0	0	0	0	0	0	0	0	0	0	0	0	
2199.405600	8	3	3	0	1	2	2	4070	674	24	131956	21	10	75	0	0	0	0	0	0	0	0	0	0	0	0	0	0	
2200.410717	8	3	3	0	1	2	2	4074	675	24	132017	21	10	75	0	0	0	0	0	0	0	0	0	0	0	0	0	0	
2201.397117	8	3	3	0	1	2	2	4077	674	24	132076	21	10	75	0	0	0	0	0	0	0	0	0	0	0	0	0	0	
2202.403683	8	3	3	0	1	2	2	4081	674	24	132136	21	10	75	0	0	0	0	0	0	0	0	0	0	0	0	0	0	
2203.408800	8	3	3	0	1	2	2	4084	674	24	132196	21	10	75	0	0	0	0	0	0	0	0	0	0	0	0	0	0	
2204.413917	8	3	3	0	1	2	2	4088	675	24	132257	21	10	75	0	0	0	0	0	0	0	0	0	0	0	0	0	0	
2205.400317	8	3	3	0	1	2	2	4093	676	24	132316	21	10	75	0	0	0	0	0	0	0	0	0	0	0	0	0	0	
2206.405433	8	3	3	0	1	2	2	4096	674	24	132376	21	10	75	0	0	0	0	0	0	0	0	0	0	0	0	0	0	
2207.412000	8	3	3	0	1	2	2	4101	675	24	132436	21	10	75	0	0	0	0	0	0	0	0	0	0	0	0	0	0	
2208.398400	8	3	3	0	1	2	2	4104	673	24	132496	21	10	75	0	0	0	0	0	0	0	0	0	0	0	0	0	0	
2209.403517	8	3	3	0	1	2	2	4109	675	23	132556	21	10	75	0	0	0	0	0	0	0	0	0	0	0	0	0	0	
2210.408633	8	3	3	0	1	2	2	4112	674	24	132616	21	10	75	0	0	0	0	0	0	0	0	0	0	0	0	0	0	
2211.413767	8	3	3	0	1	2	2	4118	674	24	132677	21	10	75	0	0	0	0	0	0	0	0	0	0	0	0	0	0	
2212.404483	8	3	3	0	1	2	2	4119	667	24	132736	21	10	75	0	0	0	0	0	0	0	0	0	0	0	0	0	0	
2213.409600	8	3	3	0	1	2	2	4123	665	24	132796	21	10	75	0	0	0	0	0	0	0	0	0	0	0	0	0	0	
2214.414717	8	3	3	0	1	2	2	4128	665	24	132857	21	10	75	0	0	0	0	0	0	0	0	0	0	0	0	0	0	
2215.401117	8	3	3	0	1	2	2	4133	665	24	132916	21	10	75	0	0	0	0	0	0	0	0	0	0	0	0	0	0	
2216.406233	8	3	3	0	1	2	2	4137	664	24	132976	21	10	75	0	0	0	0	0	0	0	0	0	0	0	0	0	0	
2217.412800	8	3	3	0	1	2	2	4142	664	24	133036	21	10	75	0	0	0	0	0	0	0	0	0	0	0	0	0	0	
2218.399200	8	3	3	0	1	2	2	4146	662	24	133096	21	10	75	0	0	0	0	0	0	0	0	0	0	0	0	0	0	
2219.404317	8	3	3	0	1	2	2	4151	663	23	133156	21	10	75	0	0	0	0	0	0	0	0	0	0	0	0	0	0	
2220.410883	8	3	3	0	1	2	2	4154	661	23	133216	21	10	75	0	0	0	0	0	0	0	0	0	0	0	0	0	0	
2221.397283	8	3	3	0	1	2	2	4160	662	23	133276	21	10	75	0	0	0	0	0	0	0	0	0	0	0	0	0	0	
2222.403833	8	3	3	0	1	2	2	4165	660	24	133336	21	10	75	0	0	0	0	0	0	0	0	0	0	0	0	0	0	
2223.408967	8	3	3	0	1	2	2	4170	662	23	133396	21	10	75	0	0	0	0	0	0	0	0	0	0	0	0	0	0	
2224.414083	8	3	3	0	1	2	2	4176	662	24	133457	21	10	75	0	0	0	0	0	0	0	0	0	0	0	0	0	0	
2225.400483	8	3	3	0	1	2	2	4180	658	24	133516	21	10	75	0	0	0	0	0	0	0	0	0	0	0	0	0	0	
2226.405600	8	3	3	0	1	2	2	4186	660	23	133576	21	10	75	0	0	0	0	0	0	0	0	0	0	0	0	0	0	
2227.412167	8	3	3	0	1	2	2	4192	660	23	133636	21	10	75	0	0	0	0	0	0	0	0	0	0	0	0	0	0	
2228.417283	8	3	3	0	1	2	2	4196	656	23	133697	21	10	75	0	0	0	0	0	0	0	0	0	0	0	0	0	0	
2229.403683	8	3	3	0	1	2	2	4198	650	24	133756	21	10	75	0	0	0	0	0	0	0	0	0	0	0	0	0	0	
2230.408800	8	3	3	0	1	2	2	4198	638	24	133816	21	10	75	0	0	0	0	0	0	0	0	0	0	0	0	0	0	
2231.413917	8	3	3	0	1	2	2	4198	627	23	133877	21	10	75	0	0	0	0	0	0	0	0	0	0	0	0	0	0	
2232.400317	8	3	3	0	1	2	2	4198	616	23	133936	21	10	75	0	0	0	0	0	0	0	0	0	0	0	0	0	0	
2233.406883	8	3	3	0	1	2	2	4198	604	24	133996	21	10	75	0	0	0	0	0	0	0	0	0	0	0	0	0	0	
2234.412000	8	3	3	0	1	2	2	4198	593	23	134056	21	10	75	0	0	0	0	0	0	0	0	0	0	0	0	0	0	
2235.417117	8	3	3	0	1	2	2	4199	582	23	134117	21	10	75	0	0	0	0	0	0	0	0	0	0	0	0	0	0	
2236.403517	8	3	3	0	1	2	2	4199	554	23	134176	21	10	75	0	0	0	0	0	0	0	0	0	0	0	0	0	0	
2237.408633	8	3	3	0	1	2	2	4199	530	23	134236	21	10	75	0	0	0	0	0	0	0	0	0	0	0	0	0	0	
2238.413767	8	3	3	0	1	2	2	4198	521	23	134297	21	10	75	0	0	0	0	0	0	0	0	0	0	0	0	0	0	
2239.401600	8	3	3	0	1	2	2	4198	511	23	134356	21	10	75	0	0	0	0	0	0	0	0	0	0	0	0	0	0	
2240.406717	8	3	3	0	1	2	2	4198	489	23	134416	21	10	75	0	0	0	0	0	0	0	0	0	0	0	0	0	0	
2241.411833	8	3	3	0	1	2	2	4199	465	23	134476	21	10	75	0	0	0	0	0	0	0	0	0	0	0	0	0	0	
2242.416967	8	3	3	0	1	2	2	4199	457	23	134537	21	10	75	0	0	0	0	0	0	0	0	0	0	0	0	0	0	
2243.403367	8	3	3	0	1	2	2	4199	445	23	134596	21	10	75	0	0	0	0	0	0	0	0	0	0	0	0	0	0	
2244.409917	8	3	3	0	1	2	2	4199	447	23	134656	21	10	75	0	0	0	0	0	0	0	0	0	0	0	0	0	0	
2245.415033	8	3	3	0	1	2	2	4198	458	23	134717	21	10	75	0	0	0	0	0	0	0	0	0	0	0	0	0	0	
2246.401433	8	3	3	0	1	2	2	4198	455	23	134776	21	10	75	0	0	0	0	0	0	0	0	0	0	0	0	0	0	
2247.406567	8	3	3	0	1	2	2	4198	432	23	134836	21	10	75	0	0	0	0	0	0	0	0	0	0	0	0	0	0	
2248.411683	8	3	3	0	1	2	2	4199	429	23	134896	21	10	75	0	0	0	0	0	0	0	0	0	0	0	0	0	0	
2249.418233	8	3	3	0	1	2	2	4199	418	23	134957	21	10	75	0	0	0	0	0	0	0	0	0	0	0	0	0	0	
2250.404633	8	3	3	0	1	2	2	4199	424	23	135016	21	10	75	0	0	0	0	0	0	0	0	0	0	0	0	0	0	
2251.409767	8	3	3	0	1	2	2	4198	404	23	135076	21	10	75	0	0	0	0	0	0	0	0	0	0	0	0	0	0	
2252.414883	8	3	3	0	1	2	2	4198	365	23	135136	21	10	75	0	0	0	0	0	0	0	0	0	0	0	0	0	0	
2253.401283	8	3	3	0	1	2	2	4198	359	23	135196	21	10	75	0	0	0	0	0	0	0	0	0	0	0	0	0	0	
2254.407833	8	3	3	0	1	2	2	4199	349	23	135256	21	10	75	0	0	0	0	0	0	0	0	0	0	0	0	0	0	
2255.412967	8	3	3	0	1	2	2	4198	352	23	135316	21	10	75	0	0	0	0	0	0	0	0	0	0	0	0	0	0	
2256.418083	8	3	3	0	1	2	2	4198	349	23	135377	21	10	75	0	0	0	0	0	0	0	0	0	0	0	0	0	0	
2257.404483	8	3	3	0	1	2	2	4199	350	23	135436	21	10	75	0	0	0	0	0	0	0	0	0	0	0	0	0	0	
2258.409600	8	3	3	0	1	2	2	4198	340	23	135496	21	10	75	0	0	0	0	0	0	0	0	0	0	0	0	0	0	
2259.416167	8	3	3	0	1	2	2	4198	326	23	135556	21	10	75	0	0	0	0	0	0	0	0	0	0	0	0	0	0	
2260.402567	8	3	3	0	1	2	2	4199	317	23	135616	21	10	75	0	0	0	0	0	0	0	0	0	0	0	0	0	0	
2261.409117	8	3	3	0	1	2	2	4199	314	23	135676	21	10	75	0	0	0	0	0	0	0	0	0	0	0	0	0	0	
2262.414233	8	3	3	0	1	2	2	4199	314	23	135736	21	10	75	0	0	0	0	0	0	0	0	0	0	0	0	0	0	
2263.400633	8	3	3	0	1	2	2	4198	303	23	135796	21	10	75	0	0	0	0	0	0	0	0	0	0	0	0	0	0	
2264.405767	8	3	3	0	1	2	2	4199	295	23	135856	21	10	75	0	0	0	0	0	0	0	0	0	0	0	0	0	0	
2265.412317	8	3	3	0	1	2	2	4199	283	23	135916	21	10	75	0	0	0	0	0	0	0	0	0	0	0	0	0	0	
2266.417433	8	3	3	0	1	2	2	4199	277	23	135977	21	10	75	0	0	0	0	0	0	0	0	0	0	0	0	0	0	
2267.403833	8	3	3	0	1	2	2	4198	267	23	136036	21	10	75	0	0	0	0	0	0	0	0	0	0	0	0	0	0	
2268.408967	8	3	3	0	1	2	2	4199	258	23	136096	21	10	75	0	0	0	0	0	0	0	0	0	0	0	0	0	0	
2269.414083	8	3	3	0	1	2	2	4199	252	23	136156	21	10	75	0	0	0	0	0	0	0	0	0	0	0	0	0	0	
2270.420633	8	3	3	0	1	2	2	4198	249	23	136217	21	10	75	0	0	0	0	0	0	0	0	0	0	0	0	0	0	
2271.407033	8	3	3	0	1	2	2	4199	245	23	136276	21	10	75	0	0	0	0	0	0	0	0	0	0	0	0	0	0	
2272.412167	8	3	3	0	1	2	2	4199	245	23	136336	21	10	75	0	0	0	0	0	0	0	0	0	0	0	0	0	0	
2273.417283	8	3	3	0	1	2	2	4198	245	23	136397	21	10	75	0	0	0	0	0	0	0	0	0	0	0	0	0	0	
2274.403683	8	3	3	0	1	2	2	4198	238	23	136456	21	10	75	0	0	0	0	0	0	0	0	0	0	0	0	0	0	
2275.408800	8	3	3	0	1	2	2	4199	231	23	136516	21	10	75	0	0	0	0	0	0	0	0	0	0	0	0	0	0	
2276.415367	8	3	3	0	1	2	2	4198	223	23	136576	21	10	75	0	0	0	0	0	0	0	0	0	0	0	0	0	0	
2277.420483	8	3	3	0	1	2	2	4198	219	23	136637	21	10	75	0	0	0	0	0	0	0	0	0	0	0	0	0	0	
2278.406883	8	3	3	0	1	2	2	4198	213	23	136696	21	10	75	0	0	0	0	0	0	0	0	0	0	0	0	0	0	
2279.412000	8	3	3	0	1	2	2	4199	206	23	136756	21	10	75	0	0	0	0	0	0	0	0	0	0	0	0	0	0	
2280.417117	8	3	3	0	1	2	2	4198	199	23	136817	21	10	75	0	0	0	0	0	0	0	0	0	0	0	0	0	0	
2281.404967	8	3	3	0	1	2	2	4199	193	23	136876	21	10	75	0	0	0	0	0	0	0	0	0	0	0	0	0	0	
2282.410083	8	3	3	0	1	2	2	4198	187	23	136936	21	10	75	0	0	0	0	0	0	0	0	0	0	0	0	0	0	
2283.415200	8	3	3	0	1	2	2	4198	181	23	136996	21	10	75	0	0	0	0	0	0	0	0	0	0	0	0	0	0	
2284.420317	8	3	3	0	1	2	2	4198	178	23	137057	21	10	75	0	0	0	0	0	0	0	0	0	0	0	0	0	0	
2285.406717	8	3	3	0	1	2	2	4198	175	23	137116	21	10	75	0	0	0	0	0	0	0	0	0	0	0	0	0	0	
2286.413283	8	3	3	0	1	2	2	4198	173	23	137176	21	10	75	0	0	0	0	0	0	0	0	0	0	0	0	0	0	
2287.418400	8	3	3	0	1	2	2	4199	169	23	137237	21	10	75	0	0	0	0	0	0	0	0	0	0	0	0	0	0	
2288.404800	8	3	3	0	1	2	2	4199	165	23	137296	21	10	75	0	0	0	0	0	0	0	0	0	0	0	0	0	0	
2289.409917	8	3	3	0	1	2	2	4199	160	23	137356	21	10	75	0	0	0	0	0	0	0	0	0	0	0	0	0	0	
2290.415033	8	3	3	0	1	2	2	4198	157	23	137416	21	10	75	0	0	0	0	0	0	0	0	0	0	0	0	0	0	
2291.420167	8	3	3	0	1	2	2	4198	154	23	137477	21	10	75	0	0	0	0	0	0	0	0	0	0	0	0	0	0	
2292.408000	8	3	3	0	1	2	2	4199	150	23	137536	21	10	75	0	0	0	0	0	0	0	0	0	0	0	0	0	0	
2293.413117	8	3	3	0	1	2	2	4199	147	23	137596	21	10	75	0	0	0	0	0	0	0	0	0	0	0	0	0	0	
2294.418233	8	3	3	0	1	2	2	4199	142	23	137656	21	10	75	0	0	0	0	0	0	0	0	0	0	0	0	0	0	
2295.404633	8	3	3	0	1	2	2	4198	139	23	137716	21	10	75	0	0	0	0	0	0	0	0	0	0	0	0	0	0	
2296.409767	8	3	3	0	1	2	2	4199	135	23	137776	21	10	75	0	0	0	0	0	0	0	0	0	0	0	0	0	0	
2297.414883	8	3	3	0	1	2	2	4199	131	23	137836	21	10	75	0	0	0	0	0	0	0	0	0	0	0	0	0	0	
2298.421433	8	3	3	0	1	2	2	4199	128	23	137897	21	10	75	0	0	0	0	0	0	0	0	0	0	0	0	0	0	
2299.407833	8	3	3	0	1	2	2	4199	125	23	137956	21	10	75	0	0	0	0	0	0	0	0	0	0	0	0	0	0	
2300.412967	8	3	3	0	1	2	2	4199	122	23	138016	21	10	75	0	0	0	0	0	0	0	0	0	0	0	0	0	0	
2301.418083	8	3	3	0	1	2	2	4198	119	23	138076	21	10	75	0	0	0	0	0	0	0	0	0	0	0	0	0	0	
2302.404483	8	3	3	0	1	2	2	4199	117	23	138136	21	10	75	0	0	0	0	0	0	0	0	0	0	0	0	0	0	
2303.411033	8	3	3	0	1	2	2	4199	115	23	138196	21	10	75	0	0	0	0	0	0	0	0	0	0	0	0	0	0	
2304.416167	8	3	3	0	1	2	2	4198	112	23	138256	21	10	75	0	0	0	0	0	0	0	0	0	0	0	0	0	0	
2305.421283	8	3	3	0	1	2	2	4198	109	23	138317	21	10	75	0	0	0	0	0	0	0	0	0	0	0	0	0	0	
2306.407683	8	3	3	0	1	2	2	4199	107	23	138376	21	10	75	0	0	0	0	0	0	0	0	0	0	0	0	0	0	
2307.414233	8	3	3	0	1	2	2	4199	105	23	138436	21	10	75	0	0	0	0	0	0	0	0	0	0	0	0	0	0	
2308.419367	8	3	3	0	1	2	2	4198	102	23	138496	21	10	75	0	0	0	0	0	0	0	0	0	0	0	0	0	0	
2309.405767	8	3	3	0	1	2	2	4199	101	23	138556	21	10	75	0	0	0	0	0	0	0	0	0	0	0	0	0	0	
2310.410883	8	3	3	0	1	2	2	4198	98	23	138616	21	10	75	0	0	0	0	0	0	0	0	0	0	0	0	0	0	
2311.416000	8	3	3	0	1	2	2	4199	96	23	138676	21	10	75	0	0	0	0	0	0	0	0	0	0	0	0	0	0	
2312.421117	8	3	3	0	1	2	2	4199	94	23	138737	21	10	75	0	0	0	0	0	0	0	0	0	0	0	0	0	0	
2313.407517	8	3	3	0	1	2	2	4198	91	23	138796	21	10	75	0	0	0	0	0	0	0	0	0	0	0	0	0	0	
2314.414083	8	3	3	0	1	2	2	4199	90	23	138856	21	10	75	0	0	0	0	0	0	0	0	0	0	0	0	0	0	
2315.419200	8	3	3	0	1	2	2	4198	87	23	138916	21	10	75	0	0	0	0	0	0	0	0	0	0	0	0	0	0	
2316.405600	8	3	3	0	1	2	2	4199	86	23	138976	21	10	75	0	0	0	0	0	0	0	0	0	0	0	0	0	0	
2317.410717	8	3	3	0	1	2	2	4198	84	23	139036	21	10	75	0	0	0	0	0	0	0	0	0	0	0	0	0	0	
2318.415833	8	3	3	0	1	2	2	4198	82	23	139096	21	10	75	0	0	0	0	0	0	0	0	0	0	0	0	0	0	
2319.422400	8	3	3	0	1	2	2	4198	80	23	139157	21	10	75	0	0	0	0	0	0	0	0	0	0	0	0	0	0	
2320.408800	8	3	3	0	1	2	2	4199	78	23	139216	21	10	75	0	0	0	0	0	0	0	0	0	0	0	0	0	0	
2321.413917	8	3	3	0	1	2	2	4199	76	23	139276	21	10	75	0	0	0	0	0	0	0	0	0	0	0	0	0	0	
2322.419033	8	3	3	0	1	2	2	4198	76	23	139336	21	10	75	0	0	0	0	0	0	0	0	0	0	0	0	0	0	
2323.405433	8	3	3	0	1	2	2	4198	73	23	139396	21	10	75	0	0	0	0	0	0	0	0	0	0	0	0	0	0	
2324.412000	8	3	3	0	1	2	2	4199	73	23	139456	21	10	75	0	0	0	0	0	0	0	0	0	0	0	0	0	0	
2325.417117	8	3	3	0	1	2	2	4199	69	23	139516	21	10	75	0	0	0	0	0	0	0	0	0	0	0	0	0	0	
2326.422233	8	3	3	0	1	2	2	4198	67	23	139577	21	10	75	0	0	0	0	0	0	0	0	0	0	0	0	0	0	
2326.674233	8	6	3	0	2	7	1	3739	-1349	23	139592	21	11	0	0	0	0	0	0	0	0	0	0	0	0	0	0	0	
2327.410083	8	6	3	0	2	7	1	3665	-1350	23	139636	21	11	1	0	0	0	0	0	0	0	0	0	0	0	0	0	0	
2328.416633	8	6	3	0	2	7	1	3635	-1350	23	139696	21	11	2	0	0	0	0	0	0	0	0	0	0	0	0	0	0	
2329.421767	8	6	3	0	2	7	1	3660	-1349	23	139757	21	11	4	0	0	0	0	0	0	0	0	0	0	0	0	0	0	
2330.408167	8	6	3	0	2	7	1	3609	-1350	23	139816	21	11	6	0	0	0	0	0	0	0	0	0	0	0	0	0	0	
2331.413283	8	6	3	0	2	7	1	3581	-1350	23	139876	21	11	7	0	0	0	0	0	0	0	0	0	0	0	0	0	0	
2332.418400	8	6	3	0	2	7	1	3551	-1350	23	139936	21	11	9	0	0	0	0	0	0	0	0	0	0	0	0	0	0	
2333.424967	8	6	3	0	2	7	1	3526	-1350	23	139997	21	11	11	0	0	0	0	0	0	0	0	0	0	0	0	0	0	
2334.411367	8	6	3	0	2	7	1	3510	-1348	23	140056	21	11	12	0	0	0	0	0	0	0	0	0	0	0	0	0	0	
2335.419367	8	6	3	0	2	7	1	3479	-1352	23	140116	21	11	14	0	0	0	0	0	0	0	0	0	0	0	0	0	0	
2336.424483	8	6	3	0	2	7	1	3467	-1348	23	140177	21	11	16	0	0	0	0	0	0	0	0	0	0	0	0	0	0	
2337.413767	8	6	3	0	2	7	1	3453	-1349	23	140236	21	11	17	0	0	0	0	0	0	0	0	0	0	0	0	0	0	
2338.418883	8	6	3	0	2	7	1	3453	-1350	23	140296	21	11	19	0	0	0	0	0	0	0	0	0	0	0	0	0	0	
2339.424000	8	6	3	0	2	7	1	3441	-1349	23	140357	21	11	21	0	0	0	0	0	0	0	0	0	0	0	0	0	0	
2340.410400	8	6	3	0	2	7	1	3423	-1350	23	140416	21	11	22	0	0	0	0	0	0	0	0	0	0	0	0	0	0	
2341.416967	8	6	3	0	2	7	1	3414	-1350	23	140476	21	11	24	0	0	0	0	0	0	0	0	0	0	0	0	0	0	
2342.422083	8	6	3	0	2	7	1	3401	-1350	23	140536	21	11	26	0	0	0	0	0	0	0	0	0	0	0	0	0	0	
2343.408483	8	6	3	0	2	7	1	3397	-1350	23	140596	21	11	27	0	0	0	0	0	0	0	0	0	0	0	0	0	0	
2344.413600	8	6	3	0	2	7	1	3387	-1349	23	140656	21	11	29	0	0	0	0	0	0	0	0	0	0	0	0	0	0	
2345.418717	8	6	3	0	2	7	1	3374	-1349	23	140716	21	11	31	0	0	0	0	0	0	0	0	0	0	0	0	0	0	
2346.423833	8	6	3	0	2	7	1	3363	-1350	23	140777	21	11	32	0	0	0	0	0	0	0	0	0	0	0	0	0	0	
2347.411683	8	6	3	0	2	7	1	3356	-1350	23	140836	21	11	34	0	0	0	0	0	0	0	0	0	0	0	0	0	0	
2348.416800	8	6	3	0	2	7	1	3350	-1349	23	140896	21	11	35	0	0	0	0	0	0	0	0	0	0	0	0	0	0	
2349.421917	8	6	3	0	2	7	1	3342	-1350	23	140956	21	11	37	0	0	0	0	0	0	0	0	0	0	0	0	0	0	
2350.411200	8	6	3	0	2	7	1	3332	-1350	23	141016	21	11	39	0	0	0	0	0	0	0	0	0	0	0	0	0	0	
2351.417767	8	6	3	0	2	7	1	3320	-1349	23	141076	21	11	40	0	0	0	0	0	0	0	0	0	0	0	0	0	0	
2352.422883	8	6	3	0	2	7	1	3310	-1350	23	141136	21	11	42	0	0	0	0	0	0	0	0	0	0	0	0	0	0	
2353.409283	8	6	3	0	2	7	1	3301	-1350	23	141196	21	11	44	0	0	0	0	0	0	0	0	0	0	0	0	0	0	
2354.414400	8	6	3	0	2	7	1	3292	-1349	23	141256	21	11	45	0	0	0	0	0	0	0	0	0	0	0	0	0	0	
2355.419517	8	6	3	0	2	7	1	3278	-1350	23	141316	21	11	47	0	0	0	0	0	0	0	0	0	0	0	0	0	0	
2356.426083	8	6	3	0	2	7	1	3265	-1348	23	141377	21	11	49	0	0	0	0	0	0	0	0	0	0	0	0	0	0	
2357.412483	8	6	3	0	2	7	1	3257	-1348	23	141436	21	11	50	0	0	0	0	0	0	0	0	0	0	0	0	0	0	
2358.417600	8	6	3	0	2	7	1	3250	-1348	23	141496	21	11	52	0	0	0	0	0	0	0	0	0	0	0	0	0	0	
2359.422717	8	6	3	0	2	7	1	3248	-1350	23	141556	21	11	54	0	0	0	0	0	0	0	0	0	0	0	0	0	0	
2360.409117	8	6	3	0	2	7	1	3242	-1349	23	141616	21	11	55	0	0	0	0	0	0	0	0	0	0	0	0	0	0	
2361.415683	8	6	3	0	2	7	1	3237	-1349	23	141676	21	11	57	0	0	0	0	0	0	0	0	0	0	0	0	0	0	
2362.420800	8	6	3	0	2	7	1	3231	-1349	23	141736	21	11	59	0	0	0	0	0	0	0	0	0	0	0	0	0	0	
2363.425917	8	6	3	0	2	7	1	3226	-1349	23	141797	21	11	60	0	0	0	0	0	0	0	0	0	0	0	0	0	0	
2364.412317	8	6	3	0	2	7	1	3220	-1349	23	141856	21	11	62	0	0	0	0	0	0	0	0	0	0	0	0	0	0	
2365.417433	8	6	3	0	2	7	1	3213	-1350	23	141916	21	11	64	0	0	0	0	0	0	0	0	0	0	0	0	0	0	
2366.422567	8	6	3	0	2	7	1	3206	-1350	23	141976	21	11	65	0	0	0	0	0	0	0	0	0	0	0	0	0	0	
2367.410400	8	6	3	0	2	7	1	3197	-1348	23	142036	21	11	67	0	0	0	0	0	0	0	0	0	0	0	0	0	0	
2368.415517	8	6	3	0	2	7	1	3187	-1350	23	142096	21	11	69	0	0	0	0	0	0	0	0	0	0	0	0	0	0	
2369.420633	8	6	3	0	2	7	1	3175	-1350	23	142156	21	11	70	0	0	0	0	0	0	0	0	0	0	0	0	0	0	
2370.425767	8	6	3	0	2	7	1	3161	-1350	23	142217	21	11	72	0	0	0	0	0	0	0	0	0	0	0	0	0	0	
2371.412167	8	6	3	0	2	7	1	3143	-1349	23	142276	21	11	74	0	0	0	0	0	0	0	0	0	0	0	0	0	0	
2372.418717	8	6	3	0	2	7	1	3120	-1348	23	142336	21	11	75	0	0	0	0	0	0	0	0	0	0	0	0	0	0	
2373.423833	8	6	3	0	2	7	1	3088	-1349	23	142396	21	11	77	0	0	0	0	0	0	0	0	0	0	0	0	0	0	
2374.410233	8	6	3	0	2	7	1	3040	-1349	23	142456	21	11	78	0	0	0	0	0	0	0	0	0	0	0	0	0	0	
2375.415367	8	6	3	0	2	7	1	2965	-1350	23	142516	21	11	80	0	0	0	0	0	0	0	0	0	0	0	0	0	0	
2376.420483	8	6	3	0	2	7	1	2828	-1350	23	142576	21	11	82	0	0	0	0	0	0	0	0	0	0	0	0	0	0	
2376.995033	10	0	5	0	0	15	0	2947	0	23	142611	21	11	83	0	0	0	0	0	0	0	0	0	0	0	0	0	0	
2377.005117	8	15	3	0	0	31	0	3186	0	23	142611	21	11	83	0	0	0	0	0	0	0	0	0	0	0	0	0	0	
