Time	Status code	Status category	Status color	Pgm code	Pgm step	Pgm para	Pgm cycle	mV	mA	Temperature	Duration	Charge count	Discharge count	Capacity	Analog input 1	Analog input 2	Analog input 3	Analog input 4	Digital input 1	Digital input 2	Digital input 3	Digital input 4	Digital output 1	Digital output 2	Digital output 3	Digital output 4	Analog output 1	Analog output 2	
0.000000	8	3	3	0	1	2	2	3739	679	25	3	1	0	0	0	0	0	0	0	0	0	0	0	0	0	0	0	0	
0.894233	8	3	3	0	1	2	2	3763	675	25	56	1	0	0	0	0	0	0	0	0	0	0	0	0	0	0	0	0	
1.890717	8	3	3	0	1	2	2	3807	674	25	116	1	0	0	0	0	0	0	0	0	0	0	0	0	0	0	0	0	
2.885767	8	3	3	0	1	2	2	3836	676	25	176	1	0	0	0	0	0	0	0	0	0	0	0	0	0	0	0	0	
3.900967	8	3	3	0	1	2	2	3846	675	25	237	1	0	0	0	0	0	0	0	0	0	0	0	0	0	0	0	0	
4.896000	8	3	3	0	1	2	2	3852	674	25	296	1	0	0	0	0	0	0	0	0	0	0	0	0	0	0	0	0	
5.892483	8	3	3	0	1	2	2	3857	675	25	356	1	0	0	0	0	0	0	0	0	0	0	0	0	0	0	0	0	
6.896167	8	3	3	0	1	2	2	3862	674	25	416	1	0	0	0	0	0	0	0	0	0	0	0	0	0	0	0	0	
7.891200	8	3	3	0	1	2	2	3865	674	25	476	1	0	0	0	0	0	0	0	0	0	0	0	0	0	0	0	0	
8.890567	8	3	3	0	1	2	2	3870	673	25	536	1	0	0	0	0	0	0	0	0	0	0	0	0	0	0	0	0	
9.897117	8	3	3	0	1	2	2	3875	674	25	596	1	0	0	0	0	0	0	0	0	0	0	0	0	0	0	0	0	
10.899367	8	3	3	0	1	2	2	3880	674	25	657	1	0	0	0	0	0	0	0	0	0	0	0	0	0	0	0	0	
11.891517	8	3	3	0	1	2	2	3885	675	25	716	1	0	0	0	0	0	0	0	0	0	0	0	0	0	0	0	0	
12.888000	8	3	3	0	1	2	2	3891	674	25	776	1	0	0	0	0	0	0	0	0	0	0	0	0	0	0	0	0	
13.901767	8	3	3	0	1	2	2	3897	674	25	837	1	0	0	0	0	0	0	0	0	0	0	0	0	0	0	0	0	
14.898233	8	3	3	0	1	2	2	3904	675	25	896	1	0	0	0	0	0	0	0	0	0	0	0	0	0	0	0	0	
15.894717	8	3	3	0	1	2	2	3908	674	25	956	1	0	0	0	0	0	0	0	0	0	0	0	0	0	0	0	0	
16.889767	8	3	3	0	1	2	2	3913	675	25	1016	1	0	0	0	0	0	0	0	0	0	0	0	0	0	0	0	0	
17.884800	8	3	3	0	1	2	2	3919	675	25	1076	1	0	0	0	0	0	0	0	0	0	0	0	0	0	0	0	0	
18.900000	8	3	3	0	1	2	2	3925	674	25	1137	1	0	0	0	0	0	0	0	0	0	0	0	0	0	0	0	0	
19.896483	8	3	3	0	1	2	2	3930	675	25	1196	1	0	0	0	0	0	0	0	0	0	0	0	0	0	0	0	0	
20.891517	8	3	3	0	1	2	2	3935	673	25	1256	1	0	0	0	0	0	0	0	0	0	0	0	0	0	0	0	0	
21.888000	8	3	3	0	1	2	2	3939	675	26	1316	1	0	0	0	0	0	0	0	0	0	0	0	0	0	0	0	0	
22.896000	8	3	3	0	1	2	2	3943	675	26	1376	1	0	0	0	0	0	0	0	0	0	0	0	0	0	0	0	0	
23.886717	8	3	3	0	1	2	2	3947	674	26	1436	1	0	0	0	0	0	0	0	0	0	0	0	0	0	0	0	0	
24.900483	8	3	3	0	1	2	2	3950	674	26	1497	1	0	0	0	0	0	0	0	0	0	0	0	0	0	0	0	0	
25.891200	8	3	3	0	1	2	2	3952	675	26	1556	1	0	0	0	0	0	0	0	0	0	0	0	0	0	0	0	0	
26.894883	8	3	3	0	1	2	2	3956	675	26	1616	1	0	0	0	0	0	0	0	0	0	0	0	0	0	0	0	0	
27.898567	8	3	3	0	1	2	2	3959	675	26	1676	1	0	0	0	0	0	0	0	0	0	0	0	0	0	0	0	0	
28.895033	8	3	3	0	1	2	2	3962	674	26	1736	1	0	0	0	0	0	0	0	0	0	0	0	0	0	0	0	0	
29.897283	8	3	3	0	1	2	2	3965	675	26	1796	1	0	0	0	0	0	0	0	0	0	0	0	0	0	0	0	0	
30.893767	8	3	3	0	1	2	2	3968	675	26	1856	1	0	0	0	0	0	0	0	0	0	0	0	0	0	0	0	0	
31.888800	8	3	3	0	1	2	2	3971	674	26	1916	1	0	0	0	0	0	0	0	0	0	0	0	0	0	0	0	0	
32.904000	8	3	3	0	1	2	2	3974	674	26	1977	1	0	0	0	0	0	0	0	0	0	0	0	0	0	0	0	0	
33.900483	8	3	3	0	1	2	2	3977	675	26	2036	1	0	0	0	0	0	0	0	0	0	0	0	0	0	0	0	0	
34.895517	8	3	3	0	1	2	2	3981	673	26	2096	1	0	0	0	0	0	0	0	0	0	0	0	0	0	0	0	0	
35.890567	8	3	3	0	1	2	2	3984	675	26	2156	1	0	0	0	0	0	0	0	0	0	0	0	0	0	0	0	0	
36.887033	8	3	3	0	1	2	2	3987	674	26	2216	1	0	0	0	0	0	0	0	0	0	0	0	0	0	0	0	0	
37.902233	8	3	3	0	1	2	2	3991	674	26	2277	1	0	0	0	0	0	0	0	0	0	0	0	0	0	0	0	0	
38.897283	8	3	3	0	1	2	2	3996	675	26	2336	1	0	0	0	0	0	0	0	0	0	0	0	0	0	0	0	0	
39.893767	8	3	3	0	1	2	2	3998	675	26	2396	1	0	0	0	0	0	0	0	0	0	0	0	0	0	0	0	0	
40.888800	8	3	3	0	1	2	2	4000	675	26	2456	1	0	0	0	0	0	0	0	0	0	0	0	0	0	0	0	0	
41.898233	8	3	3	0	1	2	2	4002	675	26	2516	1	0	0	0	0	0	0	0	0	0	0	0	0	0	0	0	0	
42.903367	8	3	3	0	1	2	2	4005	674	26	2577	1	0	0	0	0	0	0	0	0	0	0	0	0	0	0	0	0	
43.889767	8	3	3	0	1	2	2	4009	674	26	2636	1	0	0	0	0	0	0	0	0	0	0	0	0	0	0	0	0	
44.894883	8	3	3	0	1	2	2	4013	674	26	2696	1	0	0	0	0	0	0	0	0	0	0	0	0	0	0	0	0	
45.900000	8	3	3	0	1	2	2	4016	675	26	2756	1	0	0	0	0	0	0	0	0	0	0	0	0	0	0	0	0	
46.905117	8	3	3	0	1	2	2	4020	675	26	2817	1	0	0	0	0	0	0	0	0	0	0	0	0	0	0	0	0	
47.892967	8	3	3	0	1	2	2	4024	675	26	2876	1	0	0	0	0	0	0	0	0	0	0	0	0	0	0	0	0	
48.898083	8	3	3	0	1	2	2	4027	675	26	2936	1	0	0	0	0	0	0	0	0	0	0	0	0	0	0	0	0	
49.903200	8	3	3	0	1	2	2	4031	674	26	2997	1	0	0	0	0	0	0	0	0	0	0	0	0	0	0	0	0	
50.889600	8	3	3	0	1	2	2	4035	674	26	3056	1	0	0	0	0	0	0	0	0	0	0	0	0	0	0	0	0	
51.894717	8	3	3	0	1	2	2	4038	675	26	3116	1	0	0	0	0	0	0	0	0	0	0	0	0	0	0	0	0	
52.901283	8	3	3	0	1	2	2	4043	675	26	3176	1	0	0	0	0	0	0	0	0	0	0	0	0	0	0	0	0	
53.906400	8	3	3	0	1	2	2	4047	674	26	3237	1	0	0	0	0	0	0	0	0	0	0	0	0	0	0	0	0	
54.892800	8	3	3	0	1	2	2	4050	674	26	3296	1	0	0	0	0	0	0	0	0	0	0	0	0	0	0	0	0	
55.897917	8	3	3	0	1	2	2	4054	675	26	3356	1	0	0	0	0	0	0	0	0	0	0	0	0	0	0	0	0	
56.903033	8	3	3	0	1	2	2	4058	675	26	3417	1	0	0	0	0	0	0	0	0	0	0	0	0	0	0	0	0	
57.889433	8	3	3	0	1	2	2	4062	675	26	3476	1	0	0	0	0	0	0	0	0	0	0	0	0	0	0	0	0	
58.894567	8	3	3	0	1	2	2	4067	675	26	3536	1	0	0	0	0	0	0	0	0	0	0	0	0	0	0	0	0	
59.901117	8	3	3	0	1	2	2	4072	675	26	3596	1	0	0	0	0	0	0	0	0	0	0	0	0	0	0	0	0	
60.906233	8	3	3	0	1	2	2	4077	675	26	3657	1	0	0	0	0	0	0	0	0	0	0	0	0	0	0	0	0	
61.892633	8	3	3	0	1	2	2	4082	675	26	3716	1	0	0	0	0	0	0	0	0	0	0	0	0	0	0	0	0	
62.897767	8	3	3	0	1	2	2	4087	676	26	3776	1	0	0	0	0	0	0	0	0	0	0	0	0	0	0	0	0	
63.902883	8	3	3	0	1	2	2	4092	675	26	3836	1	0	0	0	0	0	0	0	0	0	0	0	0	0	0	0	0	
64.889283	8	3	3	0	1	2	2	4097	675	26	3896	1	0	0	0	0	0	0	0	0	0	0	0	0	0	0	0	0	
65.895833	8	3	3	0	1	2	2	4102	674	26	3956	1	0	0	0	0	0	0	0	0	0	0	0	0	0	0	0	0	
66.900967	8	3	3	0	1	2	2	4107	674	26	4016	1	0	0	0	0	0	0	0	0	0	0	0	0	0	0	0	0	
67.906083	8	3	3	0	1	2	2	4113	675	26	4077	1	0	0	0	0	0	0	0	0	0	0	0	0	0	0	0	0	
68.892483	8	3	3	0	1	2	2	4117	669	26	4136	1	0	0	0	0	0	0	0	0	0	0	0	0	0	0	0	0	
69.897600	8	3	3	0	1	2	2	4122	667	26	4196	1	0	0	0	0	0	0	0	0	0	0	0	0	0	0	0	0	
70.902717	8	3	3	0	1	2	2	4128	666	26	4256	1	0	0	0	0	0	0	0	0	0	0	0	0	0	0	0	0	
71.890567	8	3	3	0	1	2	2	4134	666	26	4316	1	0	0	0	0	0	0	0	0	0	0	0	0	0	0	0	0	
72.895683	8	3	3	0	1	2	2	4140	664	26	4376	1	0	0	0	0	0	0	0	0	0	0	0	0	0	0	0	0	
73.900800	8	3	3	0	1	2	2	4146	663	26	4436	1	0	0	0	0	0	0	0	0	0	0	0	0	0	0	0	0	
74.905917	8	3	3	0	1	2	2	4153	662	26	4497	1	0	0	0	0	0	0	0	0	0	0	0	0	0	0	0	0	
75.892317	8	3	3	0	1	2	2	4159	661	26	4556	1	0	0	0	0	0	0	0	0	0	0	0	0	0	0	0	0	
76.897433	8	3	3	0	1	2	2	4165	660	26	4616	1	0	0	0	0	0	0	0	0	0	0	0	0	0	0	0	0	
77.902567	8	3	3	0	1	2	2	4172	659	26	4676	1	0	0	0	0	0	0	0	0	0	0	0	0	0	0	0	0	
78.909117	8	3	3	0	1	2	2	4178	659	26	4737	1	0	0	0	0	0	0	0	0	0	0	0	0	0	0	0	0	
79.895517	8	3	3	0	1	2	2	4184	658	26	4796	1	0	0	0	0	0	0	0	0	0	0	0	0	0	0	0	0	
80.900633	8	3	3	0	1	2	2	4190	658	26	4856	1	0	0	0	0	0	0	0	0	0	0	0	0	0	0	0	0	
81.905767	8	3	3	0	1	2	2	4197	656	26	4917	1	0	0	0	0	0	0	0	0	0	0	0	0	0	0	0	0	
82.892167	8	3	3	0	1	2	2	4198	628	26	4976	1	0	0	0	0	0	0	0	0	0	0	0	0	0	0	0	0	
83.897283	8	3	3	0	1	2	2	4198	596	26	5036	1	0	0	0	0	0	0	0	0	0	0	0	0	0	0	0	0	
84.903833	8	3	3	0	1	2	2	4199	569	26	5096	1	0	0	0	0	0	0	0	0	0	0	0	0	0	0	0	0	
85.908967	8	3	3	0	1	2	2	4198	543	26	5157	1	0	0	0	0	0	0	0	0	0	0	0	0	0	0	0	0	
86.895367	8	3	3	0	1	2	2	4198	519	26	5216	1	0	0	0	0	0	0	0	0	0	0	0	0	0	0	0	0	
87.900483	8	3	3	0	1	2	2	4198	496	26	5276	1	0	0	0	0	0	0	0	0	0	0	0	0	0	0	0	0	
88.905600	8	3	3	0	1	2	2	4198	474	26	5337	1	0	0	0	0	0	0	0	0	0	0	0	0	0	0	0	0	
89.894883	8	3	3	0	1	2	2	4199	455	26	5396	1	0	0	0	0	0	0	0	0	0	0	0	0	0	0	0	0	
90.900000	8	3	3	0	1	2	2	4198	434	26	5456	1	0	0	0	0	0	0	0	0	0	0	0	0	0	0	0	0	
91.905117	8	3	3	0	1	2	2	4199	415	27	5516	1	0	0	0	0	0	0	0	0	0	0	0	0	0	0	0	0	
92.891517	8	3	3	0	1	2	2	4198	397	27	5576	1	0	0	0	0	0	0	0	0	0	0	0	0	0	0	0	0	
93.896633	8	3	3	0	1	2	2	4199	381	27	5636	1	0	0	0	0	0	0	0	0	0	0	0	0	0	0	0	0	
94.901767	8	3	3	0	1	2	2	4199	364	27	5696	1	0	0	0	0	0	0	0	0	0	0	0	0	0	0	0	0	
95.908317	8	3	3	0	1	2	2	4199	349	26	5757	1	0	0	0	0	0	0	0	0	0	0	0	0	0	0	0	0	
96.894717	8	3	3	0	1	2	2	4198	333	27	5816	1	0	0	0	0	0	0	0	0	0	0	0	0	0	0	0	0	
97.899833	8	3	3	0	1	2	2	4198	319	26	5876	1	0	0	0	0	0	0	0	0	0	0	0	0	0	0	0	0	
98.904967	8	3	3	0	1	2	2	4199	307	27	5936	1	0	0	0	0	0	0	0	0	0	0	0	0	0	0	0	0	
99.910083	8	3	3	0	1	2	2	4199	293	27	5997	1	0	0	0	0	0	0	0	0	0	0	0	0	0	0	0	0	
100.896483	8	3	3	0	1	2	2	4198	280	26	6056	1	0	0	0	0	0	0	0	0	0	0	0	0	0	0	0	0	
101.901600	8	3	3	0	1	2	2	4199	268	27	6116	1	0	0	0	0	0	0	0	0	0	0	0	0	0	0	0	0	
102.908167	8	3	3	0	1	2	2	4199	258	27	6177	1	0	0	0	0	0	0	0	0	0	0	0	0	0	0	0	0	
103.894567	8	3	3	0	1	2	2	4199	247	27	6236	1	0	0	0	0	0	0	0	0	0	0	0	0	0	0	0	0	
104.899683	8	3	3	0	1	2	2	4198	237	27	6296	1	0	0	0	0	0	0	0	0	0	0	0	0	0	0	0	0	
105.904800	8	3	3	0	1	2	2	4198	226	27	6356	1	0	0	0	0	0	0	0	0	0	0	0	0	0	0	0	0	
106.909917	8	3	3	0	1	2	2	4198	217	27	6417	1	0	0	0	0	0	0	0	0	0	0	0	0	0	0	0	0	
107.896317	8	3	3	0	1	2	2	4199	209	27	6476	1	0	0	0	0	0	0	0	0	0	0	0	0	0	0	0	0	
108.902883	8	3	3	0	1	2	2	4199	201	27	6536	1	0	0	0	0	0	0	0	0	0	0	0	0	0	0	0	0	
109.908000	8	3	3	0	1	2	2	4198	191	27	6597	1	0	0	0	0	0	0	0	0	0	0	0	0	0	0	0	0	
110.894400	8	3	3	0	1	2	2	4199	184	27	6656	1	0	0	0	0	0	0	0	0	0	0	0	0	0	0	0	0	
111.899517	8	3	3	0	1	2	2	4199	176	27	6716	1	0	0	0	0	0	0	0	0	0	0	0	0	0	0	0	0	
112.904633	8	3	3	0	1	2	2	4199	168	27	6776	1	0	0	0	0	0	0	0	0	0	0	0	0	0	0	0	0	
113.909767	8	3	3	0	1	2	2	4199	162	27	6837	1	0	0	0	0	0	0	0	0	0	0	0	0	0	0	0	0	
114.897600	8	3	3	0	1	2	2	4198	155	27	6896	1	0	0	0	0	0	0	0	0	0	0	0	0	0	0	0	0	
115.902717	8	3	3	0	1	2	2	4199	149	27	6956	1	0	0	0	0	0	0	0	0	0	0	0	0	0	0	0	0	
116.907833	8	3	3	0	1	2	2	4198	143	27	7016	1	0	0	0	0	0	0	0	0	0	0	0	0	0	0	0	0	
117.894233	8	3	3	0	1	2	2	4198	138	27	7076	1	0	0	0	0	0	0	0	0	0	0	0	0	0	0	0	0	
118.899367	8	3	3	0	1	2	2	4199	132	27	7136	1	0	0	0	0	0	0	0	0	0	0	0	0	0	0	0	0	
119.904483	8	3	3	0	1	2	2	4199	127	27	7196	1	0	0	0	0	0	0	0	0	0	0	0	0	0	0	0	0	
120.909600	8	3	3	0	1	2	2	4199	122	27	7257	1	0	0	0	0	0	0	0	0	0	0	0	0	0	0	0	0	
121.896000	8	3	3	0	1	2	2	4198	118	27	7316	1	0	0	0	0	0	0	0	0	0	0	0	0	0	0	0	0	
122.902567	8	3	3	0	1	2	2	4198	112	27	7376	1	0	0	0	0	0	0	0	0	0	0	0	0	0	0	0	0	
123.907683	8	3	3	0	1	2	2	4199	108	27	7436	1	0	0	0	0	0	0	0	0	0	0	0	0	0	0	0	0	
124.894083	8	3	3	0	1	2	2	4199	104	27	7496	1	0	0	0	0	0	0	0	0	0	0	0	0	0	0	0	0	
125.899200	8	3	3	0	1	2	2	4199	100	27	7556	1	0	0	0	0	0	0	0	0	0	0	0	0	0	0	0	0	
126.904317	8	3	3	0	1	2	2	4199	97	27	7616	1	0	0	0	0	0	0	0	0	0	0	0	0	0	0	0	0	
127.910883	8	3	3	0	1	2	2	4199	93	27	7677	1	0	0	0	0	0	0	0	0	0	0	0	0	0	0	0	0	
128.897283	8	3	3	0	1	2	2	4198	88	27	7736	1	0	0	0	0	0	0	0	0	0	0	0	0	0	0	0	0	
129.902400	8	3	3	0	1	2	2	4199	86	27	7796	1	0	0	0	0	0	0	0	0	0	0	0	0	0	0	0	0	
130.907517	8	3	3	0	1	2	2	4198	81	27	7856	1	0	0	0	0	0	0	0	0	0	0	0	0	0	0	0	0	
131.893917	8	3	3	0	1	2	2	4199	79	27	7916	1	0	0	0	0	0	0	0	0	0	0	0	0	0	0	0	0	
132.899033	8	3	3	0	1	2	2	4198	76	27	7976	1	0	0	0	0	0	0	0	0	0	0	0	0	0	0	0	0	
133.905600	8	3	3	0	1	2	2	4199	72	27	8036	1	0	0	0	0	0	0	0	0	0	0	0	0	0	0	0	0	
134.910717	8	3	3	0	1	2	2	4199	71	27	8097	1	0	0	0	0	0	0	0	0	0	0	0	0	0	0	0	0	
135.897117	8	3	3	0	1	2	2	4198	68	27	8156	1	0	0	0	0	0	0	0	0	0	0	0	0	0	0	0	0	
136.205283	8	6	3	0	2	7	1	3954	-1348	27	8174	1	1	0	0	0	0	0	0	0	0	0	0	0	0	0	0	0	
136.903683	8	6	3	0	2	7	1	3787	-1349	27	8216	1	1	1	0	0	0	0	0	0	0	0	0	0	0	0	0	0	
137.908800	8	6	3	0	2	7	1	3697	-1349	27	8276	1	1	2	0	0	0	0	0	0	0	0	0	0	0	0	0	0	
138.896633	8	6	3	0	2	7	1	3826	-1350	27	8336	1	1	4	0	0	0	0	0	0	0	0	0	0	0	0	0	0	
139.901767	8	6	3	0	2	7	1	3807	-1351	27	8396	1	1	6	0	0	0	0	0	0	0	0	0	0	0	0	0	0	
140.906883	8	6	3	0	2	7	1	3785	-1349	27	8456	1	1	7	0	0	0	0	0	0	0	0	0	0	0	0	0	0	
141.912000	8	6	3	0	2	7	1	3764	-1349	27	8517	1	1	9	0	0	0	0	0	0	0	0	0	0	0	0	0	0	
142.898400	8	6	3	0	2	7	1	3742	-1348	27	8576	1	1	11	0	0	0	0	0	0	0	0	0	0	0	0	0	0	
143.904967	8	6	3	0	2	7	1	3721	-1350	27	8636	1	1	12	0	0	0	0	0	0	0	0	0	0	0	0	0	0	
144.910083	8	6	3	0	2	7	1	3700	-1348	27	8696	1	1	14	0	0	0	0	0	0	0	0	0	0	0	0	0	0	
145.896483	8	6	3	0	2	7	1	3676	-1349	27	8756	1	1	15	0	0	0	0	0	0	0	0	0	0	0	0	0	0	
146.901600	8	6	3	0	2	7	1	3656	-1349	27	8816	1	1	17	0	0	0	0	0	0	0	0	0	0	0	0	0	0	
147.906717	8	6	3	0	2	7	1	3633	-1351	27	8876	1	1	19	0	0	0	0	0	0	0	0	0	0	0	0	0	0	
148.913283	8	6	3	0	2	7	1	3606	-1350	27	8937	1	1	20	0	0	0	0	0	0	0	0	0	0	0	0	0	0	
149.899683	8	6	3	0	2	7	1	3552	-1351	27	8996	1	1	22	0	0	0	0	0	0	0	0	0	0	0	0	0	0	
150.904800	8	6	3	0	2	7	1	3501	-1350	27	9056	1	1	24	0	0	0	0	0	0	0	0	0	0	0	0	0	0	
151.909917	8	6	3	0	2	7	1	3535	-1350	27	9116	1	1	25	0	0	0	0	0	0	0	0	0	0	0	0	0	0	
152.897767	8	6	3	0	2	7	1	3522	-1349	27	9176	1	1	27	0	0	0	0	0	0	0	0	0	0	0	0	0	0	
153.904317	8	6	3	0	2	7	1	3485	-1349	27	9236	1	1	29	0	0	0	0	0	0	0	0	0	0	0	0	0	0	
154.909433	8	6	3	0	2	7	1	3516	-1349	27	9296	1	1	30	0	0	0	0	0	0	0	0	0	0	0	0	0	0	
155.914567	8	6	3	0	2	7	1	3506	-1350	27	9357	1	1	32	0	0	0	0	0	0	0	0	0	0	0	0	0	0	
156.903833	8	6	3	0	2	7	1	3492	-1351	27	9416	1	1	34	0	0	0	0	0	0	0	0	0	0	0	0	0	0	
157.910400	8	6	3	0	2	7	1	3478	-1349	27	9476	1	1	35	0	0	0	0	0	0	0	0	0	0	0	0	0	0	
158.896800	8	6	3	0	2	7	1	3466	-1351	27	9536	1	1	37	0	0	0	0	0	0	0	0	0	0	0	0	0	0	
159.901917	8	6	3	0	2	7	1	3454	-1349	27	9596	1	1	39	0	0	0	0	0	0	0	0	0	0	0	0	0	0	
160.907033	8	6	3	0	2	7	1	3441	-1350	27	9656	1	1	40	0	0	0	0	0	0	0	0	0	0	0	0	0	0	
161.912167	8	6	3	0	2	7	1	3430	-1349	27	9717	1	1	42	0	0	0	0	0	0	0	0	0	0	0	0	0	0	
162.898567	8	6	3	0	2	7	1	3419	-1349	27	9776	1	1	44	0	0	0	0	0	0	0	0	0	0	0	0	0	0	
163.903683	8	6	3	0	2	7	1	3408	-1349	27	9836	1	1	45	0	0	0	0	0	0	0	0	0	0	0	0	0	0	
164.910233	8	6	3	0	2	7	1	3397	-1350	27	9896	1	1	47	0	0	0	0	0	0	0	0	0	0	0	0	0	0	
165.915367	8	6	3	0	2	7	1	3387	-1349	27	9957	1	1	49	0	0	0	0	0	0	0	0	0	0	0	0	0	0	
166.901767	8	6	3	0	2	7	1	3376	-1350	27	10016	1	1	50	0	0	0	0	0	0	0	0	0	0	0	0	0	0	
167.906883	8	6	3	0	2	7	1	3366	-1349	27	10076	1	1	52	0	0	0	0	0	0	0	0	0	0	0	0	0	0	
168.912000	8	6	3	0	2	7	1	3356	-1350	27	10137	1	1	53	0	0	0	0	0	0	0	0	0	0	0	0	0	0	
169.898400	8	6	3	0	2	7	1	3343	-1349	27	10196	1	1	55	0	0	0	0	0	0	0	0	0	0	0	0	0	0	
170.904967	8	6	3	0	2	7	1	3284	-1348	27	10256	1	1	57	0	0	0	0	0	0	0	0	0	0	0	0	0	0	
171.910083	8	6	3	0	2	7	1	3363	-1350	27	10316	1	1	58	0	0	0	0	0	0	0	0	0	0	0	0	0	0	
172.915200	8	6	3	0	2	7	1	3349	-1350	27	10377	1	1	60	0	0	0	0	0	0	0	0	0	0	0	0	0	0	
173.901600	8	6	3	0	2	7	1	3341	-1349	27	10436	1	1	62	0	0	0	0	0	0	0	0	0	0	0	0	0	0	
174.906717	8	6	3	0	2	7	1	3331	-1350	27	10496	1	1	63	0	0	0	0	0	0	0	0	0	0	0	0	0	0	
175.911833	8	6	3	0	2	7	1	3322	-1349	27	10556	1	1	65	0	0	0	0	0	0	0	0	0	0	0	0	0	0	
176.898233	8	6	3	0	2	7	1	3310	-1350	27	10616	1	1	67	0	0	0	0	0	0	0	0	0	0	0	0	0	0	
177.903367	8	6	3	0	2	7	1	3296	-1350	27	10676	1	1	68	0	0	0	0	0	0	0	0	0	0	0	0	0	0	
178.909917	8	6	3	0	2	7	1	3279	-1349	27	10736	1	1	70	0	0	0	0	0	0	0	0	0	0	0	0	0	0	
179.915033	8	6	3	0	2	7	1	3258	-1350	27	10797	1	1	72	0	0	0	0	0	0	0	0	0	0	0	0	0	0	
180.901433	8	6	3	0	2	7	1	3231	-1350	27	10856	1	1	73	0	0	0	0	0	0	0	0	0	0	0	0	0	0	
181.906567	8	6	3	0	2	7	1	3190	-1349	27	10916	1	1	75	0	0	0	0	0	0	0	0	0	0	0	0	0	0	
182.911683	8	6	3	0	2	7	1	3125	-1351	27	10976	1	1	77	0	0	0	0	0	0	0	0	0	0	0	0	0	0	
183.898083	8	6	3	0	2	7	1	3015	-1350	27	11036	1	1	78	0	0	0	0	0	0	0	0	0	0	0	0	0	0	
184.904633	8	6	3	0	2	7	1	2771	-1349	27	11096	1	1	80	0	0	0	0	0	0	0	0	0	0	0	0	0	0	
185.119200	8	15	3	0	1	31	2	2974	48	27	11109	2	1	80	0	0	0	0	0	0	0	0	0	0	0	0	0	0	
185.139367	8	3	3	0	1	2	2	3261	677	27	11110	3	1	80	0	0	0	0	0	0	0	0	0	0	0	0	0	0	
185.912633	8	3	3	0	1	2	2	3588	674	27	11156	3	1	80	0	0	0	0	0	0	0	0	0	0	0	0	0	0	
186.899033	8	3	3	0	1	2	2	3703	674	27	11216	3	1	80	0	0	0	0	0	0	0	0	0	0	0	0	0	0	
187.905600	8	3	3	0	1	2	2	3768	674	27	11276	3	1	80	0	0	0	0	0	0	0	0	0	0	0	0	0	0	
188.910717	8	3	3	0	1	2	2	3799	674	27	11336	3	1	80	0	0	0	0	0	0	0	0	0	0	0	0	0	0	
189.915833	8	3	3	0	1	2	2	3803	675	27	11397	3	1	80	0	0	0	0	0	0	0	0	0	0	0	0	0	0	
190.902233	8	3	3	0	1	2	2	3806	674	27	11456	3	1	80	0	0	0	0	0	0	0	0	0	0	0	0	0	0	
191.907367	8	3	3	0	1	2	2	3811	675	27	11516	3	1	80	0	0	0	0	0	0	0	0	0	0	0	0	0	0	
192.913917	8	3	3	0	1	2	2	3817	676	27	11576	3	1	80	0	0	0	0	0	0	0	0	0	0	0	0	0	0	
193.900317	8	3	3	0	1	2	2	3823	674	27	11636	3	1	80	0	0	0	0	0	0	0	0	0	0	0	0	0	0	
194.905433	8	3	3	0	1	2	2	3830	674	27	11696	3	1	80	0	0	0	0	0	0	0	0	0	0	0	0	0	0	
195.910567	8	3	3	0	1	2	2	3836	674	27	11756	3	1	80	0	0	0	0	0	0	0	0	0	0	0	0	0	0	
196.915683	8	3	3	0	1	2	2	3843	675	27	11817	3	1	80	0	0	0	0	0	0	0	0	0	0	0	0	0	0	
197.902083	8	3	3	0	1	2	2	3850	675	27	11876	3	1	80	0	0	0	0	0	0	0	0	0	0	0	0	0	0	
198.908633	8	3	3	0	1	2	2	3857	674	27	11936	3	1	80	0	0	0	0	0	0	0	0	0	0	0	0	0	0	
199.913767	8	3	3	0	1	2	2	3864	676	27	11996	3	1	80	0	0	0	0	0	0	0	0	0	0	0	0	0	0	
200.900167	8	3	3	0	1	2	2	3871	675	27	12056	3	1	80	0	0	0	0	0	0	0	0	0	0	0	0	0	0	
201.905283	8	3	3	0	1	2	2	3878	675	27	12116	3	1	80	0	0	0	0	0	0	0	0	0	0	0	0	0	0	
202.910400	8	3	3	0	1	2	2	3884	674	27	12176	3	1	80	0	0	0	0	0	0	0	0	0	0	0	0	0	0	
203.915517	8	3	3	0	1	2	2	3890	676	27	12237	3	1	80	0	0	0	0	0	0	0	0	0	0	0	0	0	0	
204.903367	8	3	3	0	1	2	2	3896	674	27	12296	3	1	80	0	0	0	0	0	0	0	0	0	0	0	0	0	0	
205.908483	8	3	3	0	1	2	2	3900	675	27	12356	3	1	80	0	0	0	0	0	0	0	0	0	0	0	0	0	0	
206.913600	8	3	3	0	1	2	2	3905	675	27	12416	3	1	80	0	0	0	0	0	0	0	0	0	0	0	0	0	0	
207.900000	8	3	3	0	1	2	2	3909	674	27	12476	3	1	80	0	0	0	0	0	0	0	0	0	0	0	0	0	0	
208.905117	8	3	3	0	1	2	2	3912	674	27	12536	3	1	80	0	0	0	0	0	0	0	0	0	0	0	0	0	0	
209.911683	8	3	3	0	1	2	2	3916	675	27	12596	3	1	80	0	0	0	0	0	0	0	0	0	0	0	0	0	0	
210.916800	8	3	3	0	1	2	2	3919	675	27	12657	3	1	80	0	0	0	0	0	0	0	0	0	0	0	0	0	0	
211.903200	8	3	3	0	1	2	2	3922	675	27	12716	3	1	80	0	0	0	0	0	0	0	0	0	0	0	0	0	0	
212.908317	8	3	3	0	1	2	2	3926	674	27	12776	3	1	80	0	0	0	0	0	0	0	0	0	0	0	0	0	0	
213.913433	8	3	3	0	1	2	2	3929	674	27	12836	3	1	80	0	0	0	0	0	0	0	0	0	0	0	0	0	0	
214.920000	8	3	3	0	1	2	2	3932	674	27	12897	3	1	80	0	0	0	0	0	0	0	0	0	0	0	0	0	0	
215.906400	8	3	3	0	1	2	2	3936	675	27	12956	3	1	80	0	0	0	0	0	0	0	0	0	0	0	0	0	0	
216.911517	8	3	3	0	1	2	2	3939	674	27	13016	3	1	80	0	0	0	0	0	0	0	0	0	0	0	0	0	0	
217.916633	8	3	3	0	1	2	2	3942	673	27	13077	3	1	80	0	0	0	0	0	0	0	0	0	0	0	0	0	0	
218.903033	8	3	3	0	1	2	2	3946	675	27	13136	3	1	80	0	0	0	0	0	0	0	0	0	0	0	0	0	0	
219.908167	8	3	3	0	1	2	2	3949	674	27	13196	3	1	80	0	0	0	0	0	0	0	0	0	0	0	0	0	0	
220.914717	8	3	3	0	1	2	2	3953	675	27	13256	3	1	80	0	0	0	0	0	0	0	0	0	0	0	0	0	0	
221.919833	8	3	3	0	1	2	2	3956	674	27	13317	3	1	80	0	0	0	0	0	0	0	0	0	0	0	0	0	0	
222.906233	8	3	3	0	1	2	2	3960	675	27	13376	3	1	80	0	0	0	0	0	0	0	0	0	0	0	0	0	0	
223.911367	8	3	3	0	1	2	2	3963	674	27	13436	3	1	80	0	0	0	0	0	0	0	0	0	0	0	0	0	0	
224.916483	8	3	3	0	1	2	2	3967	674	27	13497	3	1	80	0	0	0	0	0	0	0	0	0	0	0	0	0	0	
225.902883	8	3	3	0	1	2	2	3970	674	27	13556	3	1	80	0	0	0	0	0	0	0	0	0	0	0	0	0	0	
226.908000	8	3	3	0	1	2	2	3974	674	27	13616	3	1	80	0	0	0	0	0	0	0	0	0	0	0	0	0	0	
227.914567	8	3	3	0	1	2	2	3978	674	27	13676	3	1	80	0	0	0	0	0	0	0	0	0	0	0	0	0	0	
228.919683	8	3	3	0	1	2	2	3982	675	27	13737	3	1	80	0	0	0	0	0	0	0	0	0	0	0	0	0	0	
229.906083	8	3	3	0	1	2	2	3986	674	27	13796	3	1	80	0	0	0	0	0	0	0	0	0	0	0	0	0	0	
230.911200	8	3	3	0	1	2	2	3990	675	27	13856	3	1	80	0	0	0	0	0	0	0	0	0	0	0	0	0	0	
231.916317	8	3	3	0	1	2	2	3994	673	27	13916	3	1	80	0	0	0	0	0	0	0	0	0	0	0	0	0	0	
232.904167	8	3	3	0	1	2	2	3998	675	27	13976	3	1	80	0	0	0	0	0	0	0	0	0	0	0	0	0	0	
233.909283	8	3	3	0	1	2	2	4002	675	27	14036	3	1	80	0	0	0	0	0	0	0	0	0	0	0	0	0	0	
234.914400	8	3	3	0	1	2	2	4006	674	27	14096	3	1	80	0	0	0	0	0	0	0	0	0	0	0	0	0	0	
235.919517	8	3	3	0	1	2	2	4011	674	27	14157	3	1	80	0	0	0	0	0	0	0	0	0	0	0	0	0	0	
236.905917	8	3	3	0	1	2	2	4015	674	27	14216	3	1	80	0	0	0	0	0	0	0	0	0	0	0	0	0	0	
237.912483	8	3	3	0	1	2	2	4020	674	27	14276	3	1	80	0	0	0	0	0	0	0	0	0	0	0	0	0	0	
238.917600	8	3	3	0	1	2	2	4025	674	27	14336	3	1	80	0	0	0	0	0	0	0	0	0	0	0	0	0	0	
239.904000	8	3	3	0	1	2	2	4030	675	27	14396	3	1	80	0	0	0	0	0	0	0	0	0	0	0	0	0	0	
240.909117	8	3	3	0	1	2	2	4035	675	27	14456	3	1	80	0	0	0	0	0	0	0	0	0	0	0	0	0	0	
241.914233	8	3	3	0	1	2	2	4040	674	27	14516	3	1	80	0	0	0	0	0	0	0	0	0	0	0	0	0	0	
242.919367	8	3	3	0	1	2	2	4045	675	27	14577	3	1	80	0	0	0	0	0	0	0	0	0	0	0	0	0	0	
243.905767	8	3	3	0	1	2	2	4050	674	27	14636	3	1	80	0	0	0	0	0	0	0	0	0	0	0	0	0	0	
244.912317	8	3	3	0	1	2	2	4056	675	27	14696	3	1	80	0	0	0	0	0	0	0	0	0	0	0	0	0	0	
245.917433	8	3	3	0	1	2	2	4061	674	27	14756	3	1	80	0	0	0	0	0	0	0	0	0	0	0	0	0	0	
246.903833	8	3	3	0	1	2	2	4067	675	27	14816	3	1	80	0	0	0	0	0	0	0	0	0	0	0	0	0	0	
247.908967	8	3	3	0	1	2	2	4073	675	27	14876	3	1	80	0	0	0	0	0	0	0	0	0	0	0	0	0	0	
248.914083	8	3	3	0	1	2	2	4079	675	27	14936	3	1	80	0	0	0	0	0	0	0	0	0	0	0	0	0	0	
249.920633	8	3	3	0	1	2	2	4085	674	27	14997	3	1	80	0	0	0	0	0	0	0	0	0	0	0	0	0	0	
250.907033	8	3	3	0	1	2	2	4091	674	27	15056	3	1	80	0	0	0	0	0	0	0	0	0	0	0	0	0	0	
251.912167	8	3	3	0	1	2	2	4097	674	27	15116	3	1	80	0	0	0	0	0	0	0	0	0	0	0	0	0	0	
252.917283	8	3	3	0	1	2	2	4104	675	27	15176	3	1	80	0	0	0	0	0	0	0	0	0	0	0	0	0	0	
253.903683	8	3	3	0	1	2	2	4110	675	27	15236	3	1	80	0	0	0	0	0	0	0	0	0	0	0	0	0	0	
254.908800	8	3	3	0	1	2	2	4116	674	27	15296	3	1	80	0	0	0	0	0	0	0	0	0	0	0	0	0	0	
255.915367	8	3	3	0	1	2	2	4121	666	27	15356	3	1	80	0	0	0	0	0	0	0	0	0	0	0	0	0	0	
256.920483	8	3	3	0	1	2	2	4128	665	27	15417	3	1	80	0	0	0	0	0	0	0	0	0	0	0	0	0	0	
257.906883	8	3	3	0	1	2	2	4134	664	27	15476	3	1	80	0	0	0	0	0	0	0	0	0	0	0	0	0	0	
258.912000	8	3	3	0	1	2	2	4140	662	27	15536	3	1	80	0	0	0	0	0	0	0	0	0	0	0	0	0	0	
259.917117	8	3	3	0	1	2	2	4147	661	27	15596	3	1	80	0	0	0	0	0	0	0	0	0	0	0	0	0	0	
260.904967	8	3	3	0	1	2	2	4154	661	27	15656	3	1	80	0	0	0	0	0	0	0	0	0	0	0	0	0	0	
261.910083	8	3	3	0	1	2	2	4161	660	27	15716	3	1	80	0	0	0	0	0	0	0	0	0	0	0	0	0	0	
262.915200	8	3	3	0	1	2	2	4168	658	27	15776	3	1	80	0	0	0	0	0	0	0	0	0	0	0	0	0	0	
263.920317	8	3	3	0	1	2	2	4175	657	27	15837	3	1	80	0	0	0	0	0	0	0	0	0	0	0	0	0	0	
264.911033	8	3	3	0	1	2	2	4182	657	27	15896	3	1	80	0	0	0	0	0	0	0	0	0	0	0	0	0	0	
265.916167	8	3	3	0	1	2	2	4189	655	27	15956	3	1	80	0	0	0	0	0	0	0	0	0	0	0	0	0	0	
266.921283	8	3	3	0	1	2	2	4197	655	27	16017	3	1	80	0	0	0	0	0	0	0	0	0	0	0	0	0	0	
267.907683	8	3	3	0	1	2	2	4198	618	27	16076	3	1	80	0	0	0	0	0	0	0	0	0	0	0	0	0	0	
268.912800	8	3	3	0	1	2	2	4198	581	27	16136	3	1	80	0	0	0	0	0	0	0	0	0	0	0	0	0	0	
269.917917	8	3	3	0	1	2	2	4199	547	27	16196	3	1	80	0	0	0	0	0	0	0	0	0	0	0	0	0	0	
270.905767	8	3	3	0	1	2	2	4198	517	27	16256	3	1	80	0	0	0	0	0	0	0	0	0	0	0	0	0	0	
271.910883	8	3	3	0	1	2	2	4199	490	27	16316	3	1	80	0	0	0	0	0	0	0	0	0	0	0	0	0	0	
272.916000	8	3	3	0	1	2	2	4198	462	27	16376	3	1	80	0	0	0	0	0	0	0	0	0	0	0	0	0	0	
273.921117	8	3	3	0	1	2	2	4198	438	27	16437	3	1	80	0	0	0	0	0	0	0	0	0	0	0	0	0	0	
274.907517	8	3	3	0	1	2	2	4198	416	27	16496	3	1	80	0	0	0	0	0	0	0	0	0	0	0	0	0	0	
275.914083	8	3	3	0	1	2	2	4198	394	27	16556	3	1	80	0	0	0	0	0	0	0	0	0	0	0	0	0	0	
276.919200	8	3	3	0	1	2	2	4199	373	27	16616	3	1	80	0	0	0	0	0	0	0	0	0	0	0	0	0	0	
277.924317	8	3	3	0	1	2	2	4198	354	27	16677	3	1	80	0	0	0	0	0	0	0	0	0	0	0	0	0	0	
278.910717	8	3	3	0	1	2	2	4199	336	27	16736	3	1	80	0	0	0	0	0	0	0	0	0	0	0	0	0	0	
279.915833	8	3	3	0	1	2	2	4198	319	27	16796	3	1	80	0	0	0	0	0	0	0	0	0	0	0	0	0	0	
280.920967	8	3	3	0	1	2	2	4199	304	27	16857	3	1	80	0	0	0	0	0	0	0	0	0	0	0	0	0	0	
281.908800	8	3	3	0	1	2	2	4199	288	27	16916	3	1	80	0	0	0	0	0	0	0	0	0	0	0	0	0	0	
282.913917	8	3	3	0	1	2	2	4198	274	27	16976	3	1	80	0	0	0	0	0	0	0	0	0	0	0	0	0	0	
283.919033	8	3	3	0	1	2	2	4198	260	27	17036	3	1	80	0	0	0	0	0	0	0	0	0	0	0	0	0	0	
284.906883	8	3	3	0	1	2	2	4199	248	27	17096	3	1	80	0	0	0	0	0	0	0	0	0	0	0	0	0	0	
285.912000	8	3	3	0	1	2	2	4199	236	27	17156	3	1	80	0	0	0	0	0	0	0	0	0	0	0	0	0	0	
286.918567	8	3	3	0	1	2	2	4198	224	27	17216	3	1	80	0	0	0	0	0	0	0	0	0	0	0	0	0	0	
287.923683	8	3	3	0	1	2	2	4199	214	27	17277	3	1	80	0	0	0	0	0	0	0	0	0	0	0	0	0	0	
288.910083	8	3	3	0	1	2	2	4199	203	27	17336	3	1	80	0	0	0	0	0	0	0	0	0	0	0	0	0	0	
289.915200	8	3	3	0	1	2	2	4199	192	27	17396	3	1	80	0	0	0	0	0	0	0	0	0	0	0	0	0	0	
290.920317	8	3	3	0	1	2	2	4198	184	27	17456	3	1	80	0	0	0	0	0	0	0	0	0	0	0	0	0	0	
291.906717	8	3	3	0	1	2	2	4199	175	27	17516	3	1	80	0	0	0	0	0	0	0	0	0	0	0	0	0	0	
292.911833	8	3	3	0	1	2	2	4199	166	27	17576	3	1	80	0	0	0	0	0	0	0	0	0	0	0	0	0	0	
293.918400	8	3	3	0	1	2	2	4199	157	27	17636	3	1	80	0	0	0	0	0	0	0	0	0	0	0	0	0	0	
294.923517	8	3	3	0	1	2	2	4198	150	27	17697	3	1	80	0	0	0	0	0	0	0	0	0	0	0	0	0	0	
295.909917	8	3	3	0	1	2	2	4198	143	27	17756	3	1	80	0	0	0	0	0	0	0	0	0	0	0	0	0	0	
296.915033	8	3	3	0	1	2	2	4199	136	27	17816	3	1	80	0	0	0	0	0	0	0	0	0	0	0	0	0	0	
297.920167	8	3	3	0	1	2	2	4199	131	27	17876	3	1	80	0	0	0	0	0	0	0	0	0	0	0	0	0	0	
298.925283	8	3	3	0	1	2	2	4199	125	27	17937	3	1	80	0	0	0	0	0	0	0	0	0	0	0	0	0	0	
299.913117	8	3	3	0	1	2	2	4199	118	27	17996	3	1	80	0	0	0	0	0	0	0	0	0	0	0	0	0	0	
300.918233	8	3	3	0	1	2	2	4199	113	27	18056	3	1	80	0	0	0	0	0	0	0	0	0	0	0	0	0	0	
301.923367	8	3	3	0	1	2	2	4199	108	27	18117	3	1	80	0	0	0	0	0	0	0	0	0	0	0	0	0	0	
302.909767	8	3	3	0	1	2	2	4199	102	27	18176	3	1	80	0	0	0	0	0	0	0	0	0	0	0	0	0	0	
303.914883	8	3	3	0	1	2	2	4199	99	27	18236	3	1	80	0	0	0	0	0	0	0	0	0	0	0	0	0	0	
304.920000	8	3	3	0	1	2	2	4199	94	27	18296	3	1	80	0	0	0	0	0	0	0	0	0	0	0	0	0	0	
305.926567	8	3	3	0	1	2	2	4199	89	27	18357	3	1	80	0	0	0	0	0	0	0	0	0	0	0	0	0	0	
306.912967	8	3	3	0	1	2	2	4198	86	27	18416	3	1	80	0	0	0	0	0	0	0	0	0	0	0	0	0	0	
307.918083	8	3	3	0	1	2	2	4198	81	27	18476	3	1	80	0	0	0	0	0	0	0	0	0	0	0	0	0	0	
308.923200	8	3	3	0	1	2	2	4198	78	27	18537	3	1	80	0	0	0	0	0	0	0	0	0	0	0	0	0	0	
309.909600	8	3	3	0	1	2	2	4199	76	27	18596	3	1	80	0	0	0	0	0	0	0	0	0	0	0	0	0	0	
310.916167	8	3	3	0	1	2	2	4199	72	27	18656	3	1	80	0	0	0	0	0	0	0	0	0	0	0	0	0	0	
311.921283	8	3	3	0	1	2	2	4198	68	27	18716	3	1	80	0	0	0	0	0	0	0	0	0	0	0	0	0	0	
312.380633	8	6	3	0	2	7	1	4019	-1349	27	18744	3	2	0	0	0	0	0	0	0	0	0	0	0	0	0	0	0	
312.909117	8	6	3	0	2	7	1	3969	-1348	27	18776	3	2	0	0	0	0	0	0	0	0	0	0	0	0	0	0	0	
313.914233	8	6	3	0	2	7	1	3930	-1349	27	18836	3	2	2	0	0	0	0	0	0	0	0	0	0	0	0	0	0	
314.919367	8	6	3	0	2	7	1	3904	-1348	27	18896	3	2	4	0	0	0	0	0	0	0	0	0	0	0	0	0	0	
315.925917	8	6	3	0	2	7	1	3882	-1349	27	18957	3	2	5	0	0	0	0	0	0	0	0	0	0	0	0	0	0	
316.912317	8	6	3	0	2	7	1	3861	-1348	27	19016	3	2	7	0	0	0	0	0	0	0	0	0	0	0	0	0	0	
317.917433	8	6	3	0	2	7	1	3841	-1349	27	19076	3	2	9	0	0	0	0	0	0	0	0	0	0	0	0	0	0	
318.922567	8	6	3	0	2	7	1	3821	-1349	27	19136	3	2	10	0	0	0	0	0	0	0	0	0	0	0	0	0	0	
319.908967	8	6	3	0	2	7	1	3801	-1350	27	19196	3	2	12	0	0	0	0	0	0	0	0	0	0	0	0	0	0	
320.914083	8	6	3	0	2	7	1	3781	-1347	27	19256	3	2	14	0	0	0	0	0	0	0	0	0	0	0	0	0	0	
321.920633	8	6	3	0	2	7	1	3762	-1350	27	19316	3	2	15	0	0	0	0	0	0	0	0	0	0	0	0	0	0	
322.925767	8	6	3	0	2	7	1	3742	-1349	27	19377	3	2	17	0	0	0	0	0	0	0	0	0	0	0	0	0	0	
323.912167	8	6	3	0	2	7	1	3717	-1349	27	19436	3	2	19	0	0	0	0	0	0	0	0	0	0	0	0	0	0	
324.917283	8	6	3	0	2	7	1	3643	-1349	27	19496	3	2	20	0	0	0	0	0	0	0	0	0	0	0	0	0	0	
325.922400	8	6	3	0	2	7	1	3606	-1349	27	19556	3	2	22	0	0	0	0	0	0	0	0	0	0	0	0	0	0	
326.910233	8	6	3	0	2	7	1	3583	-1350	27	19616	3	2	24	0	0	0	0	0	0	0	0	0	0	0	0	0	0	
327.915367	8	6	3	0	2	7	1	3562	-1348	27	19676	3	2	25	0	0	0	0	0	0	0	0	0	0	0	0	0	0	
328.920483	8	6	3	0	2	7	1	3541	-1351	27	19736	3	2	27	0	0	0	0	0	0	0	0	0	0	0	0	0	0	
329.925600	8	6	3	0	2	7	1	3518	-1352	27	19797	3	2	28	0	0	0	0	0	0	0	0	0	0	0	0	0	0	
330.912000	8	6	3	0	2	7	1	3448	-1350	27	19856	3	2	30	0	0	0	0	0	0	0	0	0	0	0	0	0	0	
331.917117	8	6	3	0	2	7	1	3510	-1349	27	19916	3	2	32	0	0	0	0	0	0	0	0	0	0	0	0	0	0	
332.923683	8	6	3	0	2	7	1	3496	-1350	27	19976	3	2	33	0	0	0	0	0	0	0	0	0	0	0	0	0	0	
333.928800	8	6	3	0	2	7	1	3481	-1349	27	20037	3	2	35	0	0	0	0	0	0	0	0	0	0	0	0	0	0	
334.915200	8	6	3	0	2	7	1	3466	-1349	27	20096	3	2	37	0	0	0	0	0	0	0	0	0	0	0	0	0	0	
335.920317	8	6	3	0	2	7	1	3448	-1348	27	20156	3	2	38	0	0	0	0	0	0	0	0	0	0	0	0	0	0	
336.925433	8	6	3	0	2	7	1	3389	-1348	27	20217	3	2	40	0	0	0	0	0	0	0	0	0	0	0	0	0	0	
337.913283	8	6	3	0	2	7	1	3393	-1349	27	20276	3	2	42	0	0	0	0	0	0	0	0	0	0	0	0	0	0	
338.918400	8	6	3	0	2	7	1	3445	-1349	27	20336	3	2	43	0	0	0	0	0	0	0	0	0	0	0	0	0	0	
339.923517	8	6	3	0	2	7	1	3437	-1350	27	20396	3	2	45	0	0	0	0	0	0	0	0	0	0	0	0	0	0	
340.928633	8	6	3	0	2	7	1	3426	-1349	27	20457	3	2	47	0	0	0	0	0	0	0	0	0	0	0	0	0	0	
341.915033	8	6	3	0	2	7	1	3418	-1348	27	20516	3	2	48	0	0	0	0	0	0	0	0	0	0	0	0	0	0	
342.921600	8	6	3	0	2	7	1	3409	-1349	27	20576	3	2	50	0	0	0	0	0	0	0	0	0	0	0	0	0	0	
343.926717	8	6	3	0	2	7	1	3402	-1350	27	20637	3	2	52	0	0	0	0	0	0	0	0	0	0	0	0	0	0	
344.913117	8	6	3	0	2	7	1	3395	-1349	27	20696	3	2	53	0	0	0	0	0	0	0	0	0	0	0	0	0	0	
345.918233	8	6	3	0	2	7	1	3388	-1351	27	20756	3	2	55	0	0	0	0	0	0	0	0	0	0	0	0	0	0	
346.923367	8	6	3	0	2	7	1	3381	-1350	27	20816	3	2	57	0	0	0	0	0	0	0	0	0	0	0	0	0	0	
347.928483	8	6	3	0	2	7	1	3373	-1350	27	20877	3	2	58	0	0	0	0	0	0	0	0	0	0	0	0	0	0	
348.916317	8	6	3	0	2	7	1	3366	-1349	27	20936	3	2	60	0	0	0	0	0	0	0	0	0	0	0	0	0	0	
349.921433	8	6	3	0	2	7	1	3359	-1351	27	20996	3	2	62	0	0	0	0	0	0	0	0	0	0	0	0	0	0	
350.926567	8	6	3	0	2	7	1	3351	-1351	27	21057	3	2	63	0	0	0	0	0	0	0	0	0	0	0	0	0	0	
351.917283	8	6	3	0	2	7	1	3342	-1349	27	21116	3	2	65	0	0	0	0	0	0	0	0	0	0	0	0	0	0	
352.922400	8	6	3	0	2	7	1	3332	-1350	27	21176	3	2	67	0	0	0	0	0	0	0	0	0	0	0	0	0	0	
353.927517	8	6	3	0	2	7	1	3320	-1348	27	21237	3	2	68	0	0	0	0	0	0	0	0	0	0	0	0	0	0	
354.913917	8	6	3	0	2	7	1	3305	-1350	27	21296	3	2	70	0	0	0	0	0	0	0	0	0	0	0	0	0	0	
355.919033	8	6	3	0	2	7	1	3287	-1349	27	21356	3	2	72	0	0	0	0	0	0	0	0	0	0	0	0	0	0	
356.925600	8	6	3	0	2	7	1	3262	-1350	27	21416	3	2	73	0	0	0	0	0	0	0	0	0	0	0	0	0	0	
357.930717	8	6	3	0	2	7	1	3227	-1349	27	21477	3	2	75	0	0	0	0	0	0	0	0	0	0	0	0	0	0	
358.917117	8	6	3	0	2	7	1	3173	-1348	27	21536	3	2	76	0	0	0	0	0	0	0	0	0	0	0	0	0	0	
359.922233	8	6	3	0	2	7	1	3076	-1350	27	21596	3	2	78	0	0	0	0	0	0	0	0	0	0	0	0	0	0	
360.927367	8	6	3	0	2	7	1	2874	-1350	27	21657	3	2	80	0	0	0	0	0	0	0	0	0	0	0	0	0	0	
361.405433	8	15	3	0	1	31	2	3031	57	27	21685	4	2	81	0	0	0	0	0	0	0	0	0	0	0	0	0	0	
361.425600	8	3	3	0	1	2	2	3285	677	27	21686	5	2	81	0	0	0	0	0	0	0	0	0	0	0	0	0	0	
361.918083	8	3	3	0	1	2	2	3554	674	27	21716	5	2	81	0	0	0	0	0	0	0	0	0	0	0	0	0	0	
362.923200	8	3	3	0	1	2	2	3696	676	27	21776	5	2	81	0	0	0	0	0	0	0	0	0	0	0	0	0	0	
363.928317	8	3	3	0	1	2	2	3765	675	27	21837	5	2	81	0	0	0	0	0	0	0	0	0	0	0	0	0	0	
364.914717	8	3	3	0	1	2	2	3805	675	27	21896	5	2	81	0	0	0	0	0	0	0	0	0	0	0	0	0	0	
365.919833	8	3	3	0	1	2	2	3825	675	27	21956	5	2	81	0	0	0	0	0	0	0	0	0	0	0	0	0	0	
366.926400	8	3	3	0	1	2	2	3836	674	27	22016	5	2	81	0	0	0	0	0	0	0	0	0	0	0	0	0	0	
367.931517	8	3	3	0	1	2	2	3844	674	27	22077	5	2	81	0	0	0	0	0	0	0	0	0	0	0	0	0	0	
368.917917	8	3	3	0	1	2	2	3848	675	27	22136	5	2	81	0	0	0	0	0	0	0	0	0	0	0	0	0	0	
369.923033	8	3	3	0	1	2	2	3849	675	27	22196	5	2	81	0	0	0	0	0	0	0	0	0	0	0	0	0	0	
370.928167	8	3	3	0	1	2	2	3851	675	27	22257	5	2	81	0	0	0	0	0	0	0	0	0	0	0	0	0	0	
371.914567	8	3	3	0	1	2	2	3854	675	27	22316	5	2	81	0	0	0	0	0	0	0	0	0	0	0	0	0	0	
372.921117	8	3	3	0	1	2	2	3859	674	27	22376	5	2	81	0	0	0	0	0	0	0	0	0	0	0	0	0	0	
373.926233	8	3	3	0	1	2	2	3865	674	27	22436	5	2	81	0	0	0	0	0	0	0	0	0	0	0	0	0	0	
374.931367	8	3	3	0	1	2	2	3872	674	27	22497	5	2	81	0	0	0	0	0	0	0	0	0	0	0	0	0	0	
375.917767	8	3	3	0	1	2	2	3878	675	27	22556	5	2	81	0	0	0	0	0	0	0	0	0	0	0	0	0	0	
376.922883	8	3	3	0	1	2	2	3885	673	27	22616	5	2	81	0	0	0	0	0	0	0	0	0	0	0	0	0	0	
377.929433	8	3	3	0	1	2	2	3892	674	27	22677	5	2	81	0	0	0	0	0	0	0	0	0	0	0	0	0	0	
378.915833	8	3	3	0	1	2	2	3897	674	27	22736	5	2	81	0	0	0	0	0	0	0	0	0	0	0	0	0	0	
379.920967	8	3	3	0	1	2	2	3903	674	27	22796	5	2	81	0	0	0	0	0	0	0	0	0	0	0	0	0	0	
380.926083	8	3	3	0	1	2	2	3909	675	27	22856	5	2	81	0	0	0	0	0	0	0	0	0	0	0	0	0	0	
381.931200	8	3	3	0	1	2	2	3913	674	27	22917	5	2	81	0	0	0	0	0	0	0	0	0	0	0	0	0	0	
382.917600	8	3	3	0	1	2	2	3917	675	27	22976	5	2	81	0	0	0	0	0	0	0	0	0	0	0	0	0	0	
383.922717	8	3	3	0	1	2	2	3921	674	27	23036	5	2	81	0	0	0	0	0	0	0	0	0	0	0	0	0	0	
384.929283	8	3	3	0	1	2	2	3924	675	27	23096	5	2	81	0	0	0	0	0	0	0	0	0	0	0	0	0	0	
385.915683	8	3	3	0	1	2	2	3928	674	27	23156	5	2	81	0	0	0	0	0	0	0	0	0	0	0	0	0	0	
386.920800	8	3	3	0	1	2	2	3931	675	27	23216	5	2	81	0	0	0	0	0	0	0	0	0	0	0	0	0	0	
387.925917	8	3	3	0	1	2	2	3934	676	27	23276	5	2	81	0	0	0	0	0	0	0	0	0	0	0	0	0	0	
388.931033	8	3	3	0	1	2	2	3938	675	27	23337	5	2	81	0	0	0	0	0	0	0	0	0	0	0	0	0	0	
389.918883	8	3	3	0	1	2	2	3941	674	27	23396	5	2	81	0	0	0	0	0	0	0	0	0	0	0	0	0	0	
390.924000	8	3	3	0	1	2	2	3944	674	27	23456	5	2	81	0	0	0	0	0	0	0	0	0	0	0	0	0	0	
391.929117	8	3	3	0	1	2	2	3947	674	27	23516	5	2	81	0	0	0	0	0	0	0	0	0	0	0	0	0	0	
392.915517	8	3	3	0	1	2	2	3951	674	27	23576	5	2	81	0	0	0	0	0	0	0	0	0	0	0	0	0	0	
393.920633	8	3	3	0	1	2	2	3954	673	27	23636	5	2	81	0	0	0	0	0	0	0	0	0	0	0	0	0	0	
394.925767	8	3	3	0	1	2	2	3958	676	27	23696	5	2	81	0	0	0	0	0	0	0	0	0	0	0	0	0	0	
395.930883	8	3	3	0	1	2	2	3961	674	27	23757	5	2	81	0	0	0	0	0	0	0	0	0	0	0	0	0	0	
396.918717	8	3	3	0	1	2	2	3965	675	27	23816	5	2	81	0	0	0	0	0	0	0	0	0	0	0	0	0	0	
397.923833	8	3	3	0	1	2	2	3968	674	27	23876	5	2	81	0	0	0	0	0	0	0	0	0	0	0	0	0	0	
398.928967	8	3	3	0	1	2	2	3971	674	27	23936	5	2	81	0	0	0	0	0	0	0	0	0	0	0	0	0	0	
399.915367	8	3	3	0	1	2	2	3975	675	27	23996	5	2	81	0	0	0	0	0	0	0	0	0	0	0	0	0	0	
400.920483	8	3	3	0	1	2	2	3979	675	27	24056	5	2	81	0	0	0	0	0	0	0	0	0	0	0	0	0	0	
401.927033	8	3	3	0	1	2	2	3982	674	27	24116	5	2	81	0	0	0	0	0	0	0	0	0	0	0	0	0	0	
402.932167	8	3	3	0	1	2	2	3986	675	27	24177	5	2	81	0	0	0	0	0	0	0	0	0	0	0	0	0	0	
403.918567	8	3	3	0	1	2	2	3989	674	27	24236	5	2	81	0	0	0	0	0	0	0	0	0	0	0	0	0	0	
404.923683	8	3	3	0	1	2	2	3993	674	27	24296	5	2	81	0	0	0	0	0	0	0	0	0	0	0	0	0	0	
405.931683	8	3	3	0	1	2	2	3997	675	27	24357	5	2	81	0	0	0	0	0	0	0	0	0	0	0	0	0	0	
406.918083	8	3	3	0	1	2	2	4001	675	27	24416	5	2	81	0	0	0	0	0	0	0	0	0	0	0	0	0	0	
407.923200	8	3	3	0	1	2	2	4005	675	27	24476	5	2	81	0	0	0	0	0	0	0	0	0	0	0	0	0	0	
408.928317	8	3	3	0	1	2	2	4009	674	27	24536	5	2	81	0	0	0	0	0	0	0	0	0	0	0	0	0	0	
409.933433	8	3	3	0	1	2	2	4013	675	27	24597	5	2	81	0	0	0	0	0	0	0	0	0	0	0	0	0	0	
410.919833	8	3	3	0	1	2	2	4017	674	27	24656	5	2	81	0	0	0	0	0	0	0	0	0	0	0	0	0	0	
411.924967	8	3	3	0	1	2	2	4022	674	27	24716	5	2	81	0	0	0	0	0	0	0	0	0	0	0	0	0	0	
412.931517	8	3	3	0	1	2	2	4027	674	27	24776	5	2	81	0	0	0	0	0	0	0	0	0	0	0	0	0	0	
413.917917	8	3	3	0	1	2	2	4031	675	27	24836	5	2	81	0	0	0	0	0	0	0	0	0	0	0	0	0	0	
414.923033	8	3	3	0	1	2	2	4036	675	27	24896	5	2	81	0	0	0	0	0	0	0	0	0	0	0	0	0	0	
415.928167	8	3	3	0	1	2	2	4041	675	27	24956	5	2	81	0	0	0	0	0	0	0	0	0	0	0	0	0	0	
416.933283	8	3	3	0	1	2	2	4046	675	27	25017	5	2	81	0	0	0	0	0	0	0	0	0	0	0	0	0	0	
417.919683	8	3	3	0	1	2	2	4051	674	27	25076	5	2	81	0	0	0	0	0	0	0	0	0	0	0	0	0	0	
418.926233	8	3	3	0	1	2	2	4056	674	27	25136	5	2	81	0	0	0	0	0	0	0	0	0	0	0	0	0	0	
419.931367	8	3	3	0	1	2	2	4061	675	27	25196	5	2	81	0	0	0	0	0	0	0	0	0	0	0	0	0	0	
420.917767	8	3	3	0	1	2	2	4067	675	27	25256	5	2	81	0	0	0	0	0	0	0	0	0	0	0	0	0	0	
421.922883	8	3	3	0	1	2	2	4072	674	27	25316	5	2	81	0	0	0	0	0	0	0	0	0	0	0	0	0	0	
422.928000	8	3	3	0	1	2	2	4078	674	27	25376	5	2	81	0	0	0	0	0	0	0	0	0	0	0	0	0	0	
423.933117	8	3	3	0	1	2	2	4084	674	27	25437	5	2	81	0	0	0	0	0	0	0	0	0	0	0	0	0	0	
424.920967	8	3	3	0	1	2	2	4089	675	27	25496	5	2	81	0	0	0	0	0	0	0	0	0	0	0	0	0	0	
425.926083	8	3	3	0	1	2	2	4095	674	27	25556	5	2	81	0	0	0	0	0	0	0	0	0	0	0	0	0	0	
426.931200	8	3	3	0	1	2	2	4101	675	27	25616	5	2	81	0	0	0	0	0	0	0	0	0	0	0	0	0	0	
427.917600	8	3	3	0	1	2	2	4108	675	27	25676	5	2	81	0	0	0	0	0	0	0	0	0	0	0	0	0	0	
428.922717	8	3	3	0	1	2	2	4114	674	27	25736	5	2	81	0	0	0	0	0	0	0	0	0	0	0	0	0	0	
429.929283	8	3	3	0	1	2	2	4119	667	27	25796	5	2	81	0	0	0	0	0	0	0	0	0	0	0	0	0	0	
430.934400	8	3	3	0	1	2	2	4125	665	27	25857	5	2	81	0	0	0	0	0	0	0	0	0	0	0	0	0	0	
431.920800	8	3	3	0	1	2	2	4131	664	27	25916	5	2	81	0	0	0	0	0	0	0	0	0	0	0	0	0	0	
432.925917	8	3	3	0	1	2	2	4137	660	27	25976	5	2	81	0	0	0	0	0	0	0	0	0	0	0	0	0	0	
433.931033	8	3	3	0	1	2	2	4144	660	27	26036	5	2	81	0	0	0	0	0	0	0	0	0	0	0	0	0	0	
434.917433	8	3	3	0	1	2	2	4150	660	27	26096	5	2	81	0	0	0	0	0	0	0	0	0	0	0	0	0	0	
435.922567	8	3	3	0	1	2	2	4157	658	27	26156	5	2	81	0	0	0	0	0	0	0	0	0	0	0	0	0	0	
436.929117	8	3	3	0	1	2	2	4163	657	27	26216	5	2	81	0	0	0	0	0	0	0	0	0	0	0	0	0	0	
437.934233	8	3	3	0	1	2	2	4171	656	27	26277	5	2	81	0	0	0	0	0	0	0	0	0	0	0	0	0	0	
438.920633	8	3	3	0	1	2	2	4177	655	27	26336	5	2	81	0	0	0	0	0	0	0	0	0	0	0	0	0	0	
439.925767	8	3	3	0	1	2	2	4184	655	27	26396	5	2	81	0	0	0	0	0	0	0	0	0	0	0	0	0	0	
440.930883	8	3	3	0	1	2	2	4191	653	27	26456	5	2	81	0	0	0	0	0	0	0	0	0	0	0	0	0	0	
441.937433	8	3	3	0	1	2	2	4198	651	27	26517	5	2	81	0	0	0	0	0	0	0	0	0	0	0	0	0	0	
442.923833	8	3	3	0	1	2	2	4199	611	27	26576	5	2	81	0	0	0	0	0	0	0	0	0	0	0	0	0	0	
443.928967	8	3	3	0	1	2	2	4198	578	27	26636	5	2	81	0	0	0	0	0	0	0	0	0	0	0	0	0	0	
444.934083	8	3	3	0	1	2	2	4199	548	27	26697	5	2	81	0	0	0	0	0	0	0	0	0	0	0	0	0	0	
445.920483	8	3	3	0	1	2	2	4198	521	27	26756	5	2	81	0	0	0	0	0	0	0	0	0	0	0	0	0	0	
446.925600	8	3	3	0	1	2	2	4198	494	27	26816	5	2	81	0	0	0	0	0	0	0	0	0	0	0	0	0	0	
447.930717	8	3	3	0	1	2	2	4199	470	27	26876	5	2	81	0	0	0	0	0	0	0	0	0	0	0	0	0	0	
448.937283	8	3	3	0	1	2	2	4198	447	27	26937	5	2	81	0	0	0	0	0	0	0	0	0	0	0	0	0	0	
449.923683	8	3	3	0	1	2	2	4198	425	27	26996	5	2	81	0	0	0	0	0	0	0	0	0	0	0	0	0	0	
450.928800	8	3	3	0	1	2	2	4199	405	27	27056	5	2	81	0	0	0	0	0	0	0	0	0	0	0	0	0	0	
451.933917	8	3	3	0	1	2	2	4199	385	27	27117	5	2	81	0	0	0	0	0	0	0	0	0	0	0	0	0	0	
452.920317	8	3	3	0	1	2	2	4198	367	27	27176	5	2	81	0	0	0	0	0	0	0	0	0	0	0	0	0	0	
453.925433	8	3	3	0	1	2	2	4198	349	27	27236	5	2	81	0	0	0	0	0	0	0	0	0	0	0	0	0	0	
454.932000	8	3	3	0	1	2	2	4199	332	27	27296	5	2	81	0	0	0	0	0	0	0	0	0	0	0	0	0	0	
455.937117	8	3	3	0	1	2	2	4198	317	27	27357	5	2	81	0	0	0	0	0	0	0	0	0	0	0	0	0	0	
456.923517	8	3	3	0	1	2	2	4199	302	27	27416	5	2	81	0	0	0	0	0	0	0	0	0	0	0	0	0	0	
457.928633	8	3	3	0	1	2	2	4199	288	27	27476	5	2	81	0	0	0	0	0	0	0	0	0	0	0	0	0	0	
458.933767	8	3	3	0	1	2	2	4199	274	27	27536	5	2	81	0	0	0	0	0	0	0	0	0	0	0	0	0	0	
459.921600	8	3	3	0	1	2	2	4198	261	27	27596	5	2	81	0	0	0	0	0	0	0	0	0	0	0	0	0	0	
460.926717	8	3	3	0	1	2	2	4199	250	27	27656	5	2	81	0	0	0	0	0	0	0	0	0	0	0	0	0	0	
461.931833	8	3	3	0	1	2	2	4198	238	27	27716	5	2	81	0	0	0	0	0	0	0	0	0	0	0	0	0	0	
462.936967	8	3	3	0	1	2	2	4198	228	27	27777	5	2	81	0	0	0	0	0	0	0	0	0	0	0	0	0	0	
463.923367	8	3	3	0	1	2	2	4198	216	27	27836	5	2	81	0	0	0	0	0	0	0	0	0	0	0	0	0	0	
464.928483	8	3	3	0	1	2	2	4198	206	27	27896	5	2	81	0	0	0	0	0	0	0	0	0	0	0	0	0	0	
465.935033	8	3	3	0	1	2	2	4198	197	27	27956	5	2	81	0	0	0	0	0	0	0	0	0	0	0	0	0	0	
466.921433	8	3	3	0	1	2	2	4199	188	27	28016	5	2	81	0	0	0	0	0	0	0	0	0	0	0	0	0	0	
467.926567	8	3	3	0	1	2	2	4198	179	27	28076	5	2	81	0	0	0	0	0	0	0	0	0	0	0	0	0	0	
468.931683	8	3	3	0	1	2	2	4198	171	27	28136	5	2	81	0	0	0	0	0	0	0	0	0	0	0	0	0	0	
469.936800	8	3	3	0	1	2	2	4199	164	27	28197	5	2	81	0	0	0	0	0	0	0	0	0	0	0	0	0	0	
470.923200	8	3	3	0	1	2	2	4199	156	27	28256	5	2	81	0	0	0	0	0	0	0	0	0	0	0	0	0	0	
471.929767	8	3	3	0	1	2	2	4198	149	27	28316	5	2	81	0	0	0	0	0	0	0	0	0	0	0	0	0	0	
472.934883	8	3	3	0	1	2	2	4199	142	27	28376	5	2	81	0	0	0	0	0	0	0	0	0	0	0	0	0	0	
473.921283	8	3	3	0	1	2	2	4198	136	27	28436	5	2	81	0	0	0	0	0	0	0	0	0	0	0	0	0	0	
474.926400	8	3	3	0	1	2	2	4199	131	27	28496	5	2	81	0	0	0	0	0	0	0	0	0	0	0	0	0	0	
475.931517	8	3	3	0	1	2	2	4198	124	27	28556	5	2	81	0	0	0	0	0	0	0	0	0	0	0	0	0	0	
476.938083	8	3	3	0	1	2	2	4199	118	27	28617	5	2	81	0	0	0	0	0	0	0	0	0	0	0	0	0	0	
477.925917	8	3	3	0	1	2	2	4199	114	27	28676	5	2	81	0	0	0	0	0	0	0	0	0	0	0	0	0	0	
478.931033	8	3	3	0	1	2	2	4199	109	27	28736	5	2	81	0	0	0	0	0	0	0	0	0	0	0	0	0	0	
479.936167	8	3	3	0	1	2	2	4199	104	27	28797	5	2	81	0	0	0	0	0	0	0	0	0	0	0	0	0	0	
480.922567	8	3	3	0	1	2	2	4199	100	27	28856	5	2	81	0	0	0	0	0	0	0	0	0	0	0	0	0	0	
481.929117	8	3	3	0	1	2	2	4199	95	27	28916	5	2	81	0	0	0	0	0	0	0	0	0	0	0	0	0	0	
482.934233	8	3	3	0	1	2	2	4198	91	27	28976	5	2	81	0	0	0	0	0	0	0	0	0	0	0	0	0	0	
483.939367	8	3	3	0	1	2	2	4199	87	27	29037	5	2	81	0	0	0	0	0	0	0	0	0	0	0	0	0	0	
484.925767	8	3	3	0	1	2	2	4199	84	27	29096	5	2	81	0	0	0	0	0	0	0	0	0	0	0	0	0	0	
485.930883	8	3	3	0	1	2	2	4198	80	27	29156	5	2	81	0	0	0	0	0	0	0	0	0	0	0	0	0	0	
486.936000	8	3	3	0	1	2	2	4198	77	27	29216	5	2	81	0	0	0	0	0	0	0	0	0	0	0	0	0	0	
487.923833	8	3	3	0	1	2	2	4199	73	27	29276	5	2	81	0	0	0	0	0	0	0	0	0	0	0	0	0	0	
488.928967	8	3	3	0	1	2	2	4198	70	27	29336	5	2	81	0	0	0	0	0	0	0	0	0	0	0	0	0	0	
489.934083	8	3	3	0	1	2	2	4199	67	27	29396	5	2	81	0	0	0	0	0	0	0	0	0	0	0	0	0	0	
490.356000	8	6	3	0	2	7	1	3998	-1349	27	29422	5	3	0	0	0	0	0	0	0	0	0	0	0	0	0	0	0	
490.921917	8	6	3	0	2	7	1	3945	-1348	27	29456	5	3	0	0	0	0	0	0	0	0	0	0	0	0	0	0	0	
491.927033	8	6	3	0	2	7	1	3907	-1349	27	29516	5	3	2	0	0	0	0	0	0	0	0	0	0	0	0	0	0	
492.933600	8	6	3	0	2	7	1	3881	-1350	27	29576	5	3	4	0	0	0	0	0	0	0	0	0	0	0	0	0	0	
493.938717	8	6	3	0	2	7	1	3858	-1352	27	29637	5	3	5	0	0	0	0	0	0	0	0	0	0	0	0	0	0	
494.925117	8	6	3	0	2	7	1	3834	-1351	27	29696	5	3	7	0	0	0	0	0	0	0	0	0	0	0	0	0	0	
495.930233	8	6	3	0	2	7	1	3803	-1347	27	29756	5	3	9	0	0	0	0	0	0	0	0	0	0	0	0	0	0	
496.935367	8	6	3	0	2	7	1	3717	-1349	27	29816	5	3	10	0	0	0	0	0	0	0	0	0	0	0	0	0	0	
497.941917	8	6	3	0	2	7	1	3696	-1343	27	29877	5	3	12	0	0	0	0	0	0	0	0	0	0	0	0	0	0	
498.928317	8	6	3	0	2	7	1	3679	-1350	27	29936	5	3	14	0	0	0	0	0	0	0	0	0	0	0	0	0	0	
499.933433	8	6	3	0	2	7	1	3662	-1349	27	29996	5	3	15	0	0	0	0	0	0	0	0	0	0	0	0	0	0	
500.938567	8	6	3	0	2	7	1	3645	-1349	27	30057	5	3	17	0	0	0	0	0	0	0	0	0	0	0	0	0	0	
501.924967	8	6	3	0	2	7	1	3628	-1348	27	30116	5	3	19	0	0	0	0	0	0	0	0	0	0	0	0	0	0	
502.930083	8	6	3	0	2	7	1	3612	-1350	27	30176	5	3	20	0	0	0	0	0	0	0	0	0	0	0	0	0	0	
503.935200	8	6	3	0	2	7	1	3596	-1349	27	30236	5	3	22	0	0	0	0	0	0	0	0	0	0	0	0	0	0	
504.941767	8	6	3	0	2	7	1	3579	-1348	27	30297	5	3	24	0	0	0	0	0	0	0	0	0	0	0	0	0	0	
505.928167	8	6	3	0	2	7	1	3564	-1348	27	30356	5	3	25	0	0	0	0	0	0	0	0	0	0	0	0	0	0	
506.933283	8	6	3	0	2	7	1	3548	-1348	27	30416	5	3	27	0	0	0	0	0	0	0	0	0	0	0	0	0	0	
507.938400	8	6	3	0	2	7	1	3531	-1346	27	30477	5	3	29	0	0	0	0	0	0	0	0	0	0	0	0	0	0	
508.926233	8	6	3	0	2	7	1	3516	-1349	27	30536	5	3	30	0	0	0	0	0	0	0	0	0	0	0	0	0	0	
509.931367	8	6	3	0	2	7	1	3499	-1350	27	30596	5	3	32	0	0	0	0	0	0	0	0	0	0	0	0	0	0	
510.936483	8	6	3	0	2	7	1	3481	-1349	27	30656	5	3	34	0	0	0	0	0	0	0	0	0	0	0	0	0	0	
511.941600	8	6	3	0	2	7	1	3464	-1349	27	30717	5	3	35	0	0	0	0	0	0	0	0	0	0	0	0	0	0	
512.928000	8	6	3	0	2	7	1	3431	-1351	27	30776	5	3	37	0	0	0	0	0	0	0	0	0	0	0	0	0	0	
513.933117	8	6	3	0	2	7	1	3472	-1349	27	30836	5	3	39	0	0	0	0	0	0	0	0	0	0	0	0	0	0	
514.938233	8	6	3	0	2	7	1	3465	-1350	27	30896	5	3	40	0	0	0	0	0	0	0	0	0	0	0	0	0	0	
515.924633	8	6	3	0	2	7	1	3454	-1350	27	30956	5	3	42	0	0	0	0	0	0	0	0	0	0	0	0	0	0	
516.931200	8	6	3	0	2	7	1	3444	-1348	27	31016	5	3	44	0	0	0	0	0	0	0	0	0	0	0	0	0	0	
517.939200	8	6	3	0	2	7	1	3435	-1345	27	31077	5	3	45	0	0	0	0	0	0	0	0	0	0	0	0	0	0	
518.927033	8	6	3	0	2	7	1	3427	-1351	27	31136	5	3	47	0	0	0	0	0	0	0	0	0	0	0	0	0	0	
519.932167	8	6	3	0	2	7	1	3418	-1348	27	31196	5	3	48	0	0	0	0	0	0	0	0	0	0	0	0	0	0	
520.937283	8	6	3	0	2	7	1	3411	-1350	27	31256	5	3	50	0	0	0	0	0	0	0	0	0	0	0	0	0	0	
521.942400	8	6	3	0	2	7	1	3403	-1348	27	31317	5	3	52	0	0	0	0	0	0	0	0	0	0	0	0	0	0	
522.928800	8	6	3	0	2	7	1	3396	-1350	27	31376	5	3	53	0	0	0	0	0	0	0	0	0	0	0	0	0	0	
523.933917	8	6	3	0	2	7	1	3389	-1350	27	31436	5	3	55	0	0	0	0	0	0	0	0	0	0	0	0	0	0	
524.939033	8	6	3	0	2	7	1	3383	-1349	27	31496	5	3	57	0	0	0	0	0	0	0	0	0	0	0	0	0	0	
525.926883	8	6	3	0	2	7	1	3376	-1349	27	31556	5	3	58	0	0	0	0	0	0	0	0	0	0	0	0	0	0	
526.932000	8	6	3	0	2	7	1	3369	-1349	27	31616	5	3	60	0	0	0	0	0	0	0	0	0	0	0	0	0	0	
527.937117	8	6	3	0	2	7	1	3361	-1348	27	31676	5	3	62	0	0	0	0	0	0	0	0	0	0	0	0	0	0	
528.943683	8	6	3	0	2	7	1	3353	-1350	27	31737	5	3	63	0	0	0	0	0	0	0	0	0	0	0	0	0	0	
529.930083	8	6	3	0	2	7	1	3344	-1349	27	31796	5	3	65	0	0	0	0	0	0	0	0	0	0	0	0	0	0	
530.935200	8	6	3	0	2	7	1	3334	-1349	27	31856	5	3	67	0	0	0	0	0	0	0	0	0	0	0	0	0	0	
531.940317	8	6	3	0	2	7	1	3322	-1349	27	31916	5	3	68	0	0	0	0	0	0	0	0	0	0	0	0	0	0	
532.926717	8	6	3	0	2	7	1	3307	-1350	27	31976	5	3	70	0	0	0	0	0	0	0	0	0	0	0	0	0	0	
533.931833	8	6	3	0	2	7	1	3287	-1349	27	32036	5	3	72	0	0	0	0	0	0	0	0	0	0	0	0	0	0	
534.936967	8	6	3	0	2	7	1	3261	-1348	27	32096	5	3	73	0	0	0	0	0	0	0	0	0	0	0	0	0	0	
535.943517	8	6	3	0	2	7	1	3223	-1349	27	32157	5	3	75	0	0	0	0	0	0	0	0	0	0	0	0	0	0	
536.929917	8	6	3	0	2	7	1	3162	-1350	27	32216	5	3	77	0	0	0	0	0	0	0	0	0	0	0	0	0	0	
537.935033	8	6	3	0	2	7	1	3049	-1351	27	32276	5	3	78	0	0	0	0	0	0	0	0	0	0	0	0	0	0	
538.940167	8	6	3	0	2	7	1	2794	-1349	27	32336	5	3	80	0	0	0	0	0	0	0	0	0	0	0	0	0	0	
539.192167	8	15	3	0	1	31	2	2828	18	27	32352	6	3	80	0	0	0	0	0	0	0	0	0	0	0	0	0	0	
539.213767	8	3	3	0	1	2	2	3298	676	27	32353	7	3	80	0	0	0	0	0	0	0	0	0	0	0	0	0	0	
539.930883	8	3	3	0	1	2	2	3625	675	27	32396	7	3	80	0	0	0	0	0	0	0	0	0	0	0	0	0	0	
540.936000	8	3	3	0	1	2	2	3731	675	27	32456	7	3	80	0	0	0	0	0	0	0	0	0	0	0	0	0	0	
541.941117	8	3	3	0	1	2	2	3787	675	27	32517	7	3	80	0	0	0	0	0	0	0	0	0	0	0	0	0	0	
542.927517	8	3	3	0	1	2	2	3816	674	27	32576	7	3	80	0	0	0	0	0	0	0	0	0	0	0	0	0	0	
543.932633	8	3	3	0	1	2	2	3831	674	27	32636	7	3	80	0	0	0	0	0	0	0	0	0	0	0	0	0	0	
544.939200	8	3	3	0	1	2	2	3841	675	27	32696	7	3	80	0	0	0	0	0	0	0	0	0	0	0	0	0	0	
545.928483	8	3	3	0	1	2	2	3849	676	27	32756	7	3	80	0	0	0	0	0	0	0	0	0	0	0	0	0	0	
546.933600	8	3	3	0	1	2	2	3855	676	27	32816	7	3	80	0	0	0	0	0	0	0	0	0	0	0	0	0	0	
547.938717	8	3	3	0	1	2	2	3858	674	27	32876	7	3	80	0	0	0	0	0	0	0	0	0	0	0	0	0	0	
548.945283	8	3	3	0	1	2	2	3863	676	27	32937	7	3	80	0	0	0	0	0	0	0	0	0	0	0	0	0	0	
549.931683	8	3	3	0	1	2	2	3867	675	27	32996	7	3	80	0	0	0	0	0	0	0	0	0	0	0	0	0	0	
550.936800	8	3	3	0	1	2	2	3873	672	27	33056	7	3	80	0	0	0	0	0	0	0	0	0	0	0	0	0	0	
551.941917	8	3	3	0	1	2	2	3879	675	27	33117	7	3	80	0	0	0	0	0	0	0	0	0	0	0	0	0	0	
552.928317	8	3	3	0	1	2	2	3885	674	27	33176	7	3	80	0	0	0	0	0	0	0	0	0	0	0	0	0	0	
553.933433	8	3	3	0	1	2	2	3892	674	27	33236	7	3	80	0	0	0	0	0	0	0	0	0	0	0	0	0	0	
554.940000	8	3	3	0	1	2	2	3898	674	27	33296	7	3	80	0	0	0	0	0	0	0	0	0	0	0	0	0	0	
555.945117	8	3	3	0	1	2	2	3905	674	27	33357	7	3	80	0	0	0	0	0	0	0	0	0	0	0	0	0	0	
556.931517	8	3	3	0	1	2	2	3911	675	27	33416	7	3	80	0	0	0	0	0	0	0	0	0	0	0	0	0	0	
557.936633	8	3	3	0	1	2	2	3915	675	27	33476	7	3	80	0	0	0	0	0	0	0	0	0	0	0	0	0	0	
558.941767	8	3	3	0	1	2	2	3920	675	27	33536	7	3	80	0	0	0	0	0	0	0	0	0	0	0	0	0	0	
559.929600	8	3	3	0	1	2	2	3924	673	27	33596	7	3	80	0	0	0	0	0	0	0	0	0	0	0	0	0	0	
560.934717	8	3	3	0	1	2	2	3928	675	27	33656	7	3	80	0	0	0	0	0	0	0	0	0	0	0	0	0	0	
561.939833	8	3	3	0	1	2	2	3932	674	27	33716	7	3	80	0	0	0	0	0	0	0	0	0	0	0	0	0	0	
562.944967	8	3	3	0	1	2	2	3935	674	27	33777	7	3	80	0	0	0	0	0	0	0	0	0	0	0	0	0	0	
563.932800	8	3	3	0	1	2	2	3939	675	27	33836	7	3	80	0	0	0	0	0	0	0	0	0	0	0	0	0	0	
564.937917	8	3	3	0	1	2	2	3941	675	27	33896	7	3	80	0	0	0	0	0	0	0	0	0	0	0	0	0	0	
565.943033	8	3	3	0	1	2	2	3945	674	27	33956	7	3	80	0	0	0	0	0	0	0	0	0	0	0	0	0	0	
566.929433	8	3	3	0	1	2	2	3948	674	27	34016	7	3	80	0	0	0	0	0	0	0	0	0	0	0	0	0	0	
567.934567	8	3	3	0	1	2	2	3952	675	27	34076	7	3	80	0	0	0	0	0	0	0	0	0	0	0	0	0	0	
568.939683	8	3	3	0	1	2	2	3955	675	27	34136	7	3	80	0	0	0	0	0	0	0	0	0	0	0	0	0	0	
569.946233	8	3	3	0	1	2	2	3958	675	27	34197	7	3	80	0	0	0	0	0	0	0	0	0	0	0	0	0	0	
570.932633	8	3	3	0	1	2	2	3962	674	27	34256	7	3	80	0	0	0	0	0	0	0	0	0	0	0	0	0	0	
571.937767	8	3	3	0	1	2	2	3965	675	27	34316	7	3	80	0	0	0	0	0	0	0	0	0	0	0	0	0	0	
572.942883	8	3	3	0	1	2	2	3969	675	27	34376	7	3	80	0	0	0	0	0	0	0	0	0	0	0	0	0	0	
573.929283	8	3	3	0	1	2	2	3972	676	27	34436	7	3	80	0	0	0	0	0	0	0	0	0	0	0	0	0	0	
574.934400	8	3	3	0	1	2	2	3975	674	27	34496	7	3	80	0	0	0	0	0	0	0	0	0	0	0	0	0	0	
575.939517	8	3	3	0	1	2	2	3979	675	27	34556	7	3	80	0	0	0	0	0	0	0	0	0	0	0	0	0	0	
576.946083	8	3	3	0	1	2	2	3982	674	27	34617	7	3	80	0	0	0	0	0	0	0	0	0	0	0	0	0	0	
577.932483	8	3	3	0	1	2	2	3986	674	27	34676	7	3	80	0	0	0	0	0	0	0	0	0	0	0	0	0	0	
578.937600	8	3	3	0	1	2	2	3989	675	27	34736	7	3	80	0	0	0	0	0	0	0	0	0	0	0	0	0	0	
579.942717	8	3	3	0	1	2	2	3993	675	27	34796	7	3	80	0	0	0	0	0	0	0	0	0	0	0	0	0	0	
580.929117	8	3	3	0	1	2	2	3996	674	27	34856	7	3	80	0	0	0	0	0	0	0	0	0	0	0	0	0	0	
581.935683	8	3	3	0	1	2	2	4000	674	27	34916	7	3	80	0	0	0	0	0	0	0	0	0	0	0	0	0	0	
582.940800	8	3	3	0	1	2	2	4004	675	27	34976	7	3	80	0	0	0	0	0	0	0	0	0	0	0	0	0	0	
583.945917	8	3	3	0	1	2	2	4008	674	27	35037	7	3	80	0	0	0	0	0	0	0	0	0	0	0	0	0	0	
584.932317	8	3	3	0	1	2	2	4012	674	27	35096	7	3	80	0	0	0	0	0	0	0	0	0	0	0	0	0	0	
585.937433	8	3	3	0	1	2	2	4015	674	27	35156	7	3	80	0	0	0	0	0	0	0	0	0	0	0	0	0	0	
586.944000	8	3	3	0	1	2	2	4020	675	27	35216	7	3	80	0	0	0	0	0	0	0	0	0	0	0	0	0	0	
587.930400	8	3	3	0	1	2	2	4024	675	27	35276	7	3	80	0	0	0	0	0	0	0	0	0	0	0	0	0	0	
588.935517	8	3	3	0	1	2	2	4028	675	27	35336	7	3	80	0	0	0	0	0	0	0	0	0	0	0	0	0	0	
589.940633	8	3	3	0	1	2	2	4033	675	27	35396	7	3	80	0	0	0	0	0	0	0	0	0	0	0	0	0	0	
590.945767	8	3	3	0	1	2	2	4037	674	27	35457	7	3	80	0	0	0	0	0	0	0	0	0	0	0	0	0	0	
591.933600	8	3	3	0	1	2	2	4042	674	27	35516	7	3	80	0	0	0	0	0	0	0	0	0	0	0	0	0	0	
592.938717	8	3	3	0	1	2	2	4047	674	27	35576	7	3	80	0	0	0	0	0	0	0	0	0	0	0	0	0	0	
593.943833	8	3	3	0	1	2	2	4052	675	27	35636	7	3	80	0	0	0	0	0	0	0	0	0	0	0	0	0	0	
594.930233	8	3	3	0	1	2	2	4057	674	27	35696	7	3	80	0	0	0	0	0	0	0	0	0	0	0	0	0	0	
595.935367	8	3	3	0	1	2	2	4062	674	27	35756	7	3	80	0	0	0	0	0	0	0	0	0	0	0	0	0	0	
596.941917	8	3	3	0	1	2	2	4067	674	27	35816	7	3	80	0	0	0	0	0	0	0	0	0	0	0	0	0	0	
597.947033	8	3	3	0	1	2	2	4073	674	27	35877	7	3	80	0	0	0	0	0	0	0	0	0	0	0	0	0	0	
598.933433	8	3	3	0	1	2	2	4078	675	27	35936	7	3	80	0	0	0	0	0	0	0	0	0	0	0	0	0	0	
599.938567	8	3	3	0	1	2	2	4084	674	27	35996	7	3	80	0	0	0	0	0	0	0	0	0	0	0	0	0	0	
600.943683	8	3	3	0	1	2	2	4089	674	27	36056	7	3	80	0	0	0	0	0	0	0	0	0	0	0	0	0	0	
601.950233	8	3	3	0	1	2	2	4095	673	27	36117	7	3	80	0	0	0	0	0	0	0	0	0	0	0	0	0	0	
602.936633	8	3	3	0	1	2	2	4101	675	27	36176	7	3	80	0	0	0	0	0	0	0	0	0	0	0	0	0	0	
603.941767	8	3	3	0	1	2	2	4107	674	27	36236	7	3	80	0	0	0	0	0	0	0	0	0	0	0	0	0	0	
604.946883	8	3	3	0	1	2	2	4113	675	27	36297	7	3	80	0	0	0	0	0	0	0	0	0	0	0	0	0	0	
605.933283	8	3	3	0	1	2	2	4119	669	27	36356	7	3	80	0	0	0	0	0	0	0	0	0	0	0	0	0	0	
606.939833	8	3	3	0	1	2	2	4124	667	28	36416	7	3	80	0	0	0	0	0	0	0	0	0	0	0	0	0	0	
607.944967	8	3	3	0	1	2	2	4130	665	28	36476	7	3	80	0	0	0	0	0	0	0	0	0	0	0	0	0	0	
608.950083	8	3	3	0	1	2	2	4137	665	27	36537	7	3	80	0	0	0	0	0	0	0	0	0	0	0	0	0	0	
609.936483	8	3	3	0	1	2	2	4143	664	28	36596	7	3	80	0	0	0	0	0	0	0	0	0	0	0	0	0	0	
610.941600	8	3	3	0	1	2	2	4150	663	28	36656	7	3	80	0	0	0	0	0	0	0	0	0	0	0	0	0	0	
611.948167	8	3	3	0	1	2	2	4156	662	28	36717	7	3	80	0	0	0	0	0	0	0	0	0	0	0	0	0	0	
612.934567	8	3	3	0	1	2	2	4163	662	28	36776	7	3	80	0	0	0	0	0	0	0	0	0	0	0	0	0	0	
613.939683	8	3	3	0	1	2	2	4170	661	28	36836	7	3	80	0	0	0	0	0	0	0	0	0	0	0	0	0	0	
614.944800	8	3	3	0	1	2	2	4177	660	28	36896	7	3	80	0	0	0	0	0	0	0	0	0	0	0	0	0	0	
615.949917	8	3	3	0	1	2	2	4184	658	28	36957	7	3	80	0	0	0	0	0	0	0	0	0	0	0	0	0	0	
616.936317	8	3	3	0	1	2	2	4191	658	28	37016	7	3	80	0	0	0	0	0	0	0	0	0	0	0	0	0	0	
617.941433	8	3	3	0	1	2	2	4198	657	28	37076	7	3	80	0	0	0	0	0	0	0	0	0	0	0	0	0	0	
618.948000	8	3	3	0	1	2	2	4199	622	28	37137	7	3	80	0	0	0	0	0	0	0	0	0	0	0	0	0	0	
619.934400	8	3	3	0	1	2	2	4198	591	28	37196	7	3	80	0	0	0	0	0	0	0	0	0	0	0	0	0	0	
620.939517	8	3	3	0	1	2	2	4198	563	28	37256	7	3	80	0	0	0	0	0	0	0	0	0	0	0	0	0	0	
621.944633	8	3	3	0	1	2	2	4199	537	28	37316	7	3	80	0	0	0	0	0	0	0	0	0	0	0	0	0	0	
622.949767	8	3	3	0	1	2	2	4199	511	28	37377	7	3	80	0	0	0	0	0	0	0	0	0	0	0	0	0	0	
623.936167	8	3	3	0	1	2	2	4199	488	28	37436	7	3	80	0	0	0	0	0	0	0	0	0	0	0	0	0	0	
624.942717	8	3	3	0	1	2	2	4198	466	28	37496	7	3	80	0	0	0	0	0	0	0	0	0	0	0	0	0	0	
625.947833	8	3	3	0	1	2	2	4198	445	28	37556	7	3	80	0	0	0	0	0	0	0	0	0	0	0	0	0	0	
626.934233	8	3	3	0	1	2	2	4198	425	28	37616	7	3	80	0	0	0	0	0	0	0	0	0	0	0	0	0	0	
627.939367	8	3	3	0	1	2	2	4198	405	28	37676	7	3	80	0	0	0	0	0	0	0	0	0	0	0	0	0	0	
628.944483	8	3	3	0	1	2	2	4198	387	28	37736	7	3	80	0	0	0	0	0	0	0	0	0	0	0	0	0	0	
629.949600	8	3	3	0	1	2	2	4199	368	28	37797	7	3	80	0	0	0	0	0	0	0	0	0	0	0	0	0	0	
630.937433	8	3	3	0	1	2	2	4199	353	28	37856	7	3	80	0	0	0	0	0	0	0	0	0	0	0	0	0	0	
631.942567	8	3	3	0	1	2	2	4199	337	28	37916	7	3	80	0	0	0	0	0	0	0	0	0	0	0	0	0	0	
632.947683	8	3	3	0	1	2	2	4198	321	28	37976	7	3	80	0	0	0	0	0	0	0	0	0	0	0	0	0	0	
633.934083	8	3	3	0	1	2	2	4198	307	28	38036	7	3	80	0	0	0	0	0	0	0	0	0	0	0	0	0	0	
634.939200	8	3	3	0	1	2	2	4199	293	28	38096	7	3	80	0	0	0	0	0	0	0	0	0	0	0	0	0	0	
635.944317	8	3	3	0	1	2	2	4198	280	28	38156	7	3	80	0	0	0	0	0	0	0	0	0	0	0	0	0	0	
636.949433	8	3	3	0	1	2	2	4198	267	28	38217	7	3	80	0	0	0	0	0	0	0	0	0	0	0	0	0	0	
637.937283	8	3	3	0	1	2	2	4199	256	28	38276	7	3	80	0	0	0	0	0	0	0	0	0	0	0	0	0	0	
638.942400	8	3	3	0	1	2	2	4198	245	28	38336	7	3	80	0	0	0	0	0	0	0	0	0	0	0	0	0	0	
639.947517	8	3	3	0	1	2	2	4198	233	28	38396	7	3	80	0	0	0	0	0	0	0	0	0	0	0	0	0	0	
640.933917	8	3	3	0	1	2	2	4199	223	28	38456	7	3	80	0	0	0	0	0	0	0	0	0	0	0	0	0	0	
641.939033	8	3	3	0	1	2	2	4198	214	28	38516	7	3	80	0	0	0	0	0	0	0	0	0	0	0	0	0	0	
642.945600	8	3	3	0	1	2	2	4198	204	28	38576	7	3	80	0	0	0	0	0	0	0	0	0	0	0	0	0	0	
643.950717	8	3	3	0	1	2	2	4199	196	28	38637	7	3	80	0	0	0	0	0	0	0	0	0	0	0	0	0	0	
644.937117	8	3	3	0	1	2	2	4198	187	28	38696	7	3	80	0	0	0	0	0	0	0	0	0	0	0	0	0	0	
645.942233	8	3	3	0	1	2	2	4198	178	28	38756	7	3	80	0	0	0	0	0	0	0	0	0	0	0	0	0	0	
646.947367	8	3	3	0	1	2	2	4198	171	28	38816	7	3	80	0	0	0	0	0	0	0	0	0	0	0	0	0	0	
647.953917	8	3	3	0	1	2	2	4198	163	28	38877	7	3	80	0	0	0	0	0	0	0	0	0	0	0	0	0	0	
648.940317	8	3	3	0	1	2	2	4198	156	28	38936	7	3	80	0	0	0	0	0	0	0	0	0	0	0	0	0	0	
649.945433	8	3	3	0	1	2	2	4199	149	28	38996	7	3	80	0	0	0	0	0	0	0	0	0	0	0	0	0	0	
650.950567	8	3	3	0	1	2	2	4198	143	28	39057	7	3	80	0	0	0	0	0	0	0	0	0	0	0	0	0	0	
651.936967	8	3	3	0	1	2	2	4198	138	28	39116	7	3	80	0	0	0	0	0	0	0	0	0	0	0	0	0	0	
652.942083	8	3	3	0	1	2	2	4198	131	28	39176	7	3	80	0	0	0	0	0	0	0	0	0	0	0	0	0	0	
653.948633	8	3	3	0	1	2	2	4198	125	28	39236	7	3	80	0	0	0	0	0	0	0	0	0	0	0	0	0	0	
654.953767	8	3	3	0	1	2	2	4199	121	28	39297	7	3	80	0	0	0	0	0	0	0	0	0	0	0	0	0	0	
655.940167	8	3	3	0	1	2	2	4198	115	28	39356	7	3	80	0	0	0	0	0	0	0	0	0	0	0	0	0	0	
656.945283	8	3	3	0	1	2	2	4198	111	28	39416	7	3	80	0	0	0	0	0	0	0	0	0	0	0	0	0	0	
657.951833	8	3	3	0	1	2	2	4198	106	28	39477	7	3	80	0	0	0	0	0	0	0	0	0	0	0	0	0	0	
658.938233	8	3	3	0	1	2	2	4199	102	28	39536	7	3	80	0	0	0	0	0	0	0	0	0	0	0	0	0	0	
659.944800	8	3	3	0	1	2	2	4198	98	28	39596	7	3	80	0	0	0	0	0	0	0	0	0	0	0	0	0	0	
660.949917	8	3	3	0	1	2	2	4199	93	28	39656	7	3	80	0	0	0	0	0	0	0	0	0	0	0	0	0	0	
661.936317	8	3	3	0	1	2	2	4199	91	28	39716	7	3	80	0	0	0	0	0	0	0	0	0	0	0	0	0	0	
662.941433	8	3	3	0	1	2	2	4198	86	28	39776	7	3	80	0	0	0	0	0	0	0	0	0	0	0	0	0	0	
663.946567	8	3	3	0	1	2	2	4198	83	28	39836	7	3	80	0	0	0	0	0	0	0	0	0	0	0	0	0	0	
664.951683	8	3	3	0	1	2	2	4199	80	28	39897	7	3	80	0	0	0	0	0	0	0	0	0	0	0	0	0	0	
665.938083	8	3	3	0	1	2	2	4199	76	28	39956	7	3	80	0	0	0	0	0	0	0	0	0	0	0	0	0	0	
666.944633	8	3	3	0	1	2	2	4199	73	28	40016	7	3	80	0	0	0	0	0	0	0	0	0	0	0	0	0	0	
667.949767	8	3	3	0	1	2	2	4198	70	28	40076	7	3	80	0	0	0	0	0	0	0	0	0	0	0	0	0	0	
668.936167	8	3	3	0	1	2	2	4198	67	28	40136	7	3	80	0	0	0	0	0	0	0	0	0	0	0	0	0	0	
669.132000	8	6	3	0	2	7	1	4072	-749	28	40147	7	4	0	0	0	0	0	0	0	0	0	0	0	0	0	0	0	
669.942717	8	6	3	0	2	7	1	3855	-1348	28	40196	7	4	1	0	0	0	0	0	0	0	0	0	0	0	0	0	0	
670.949283	8	6	3	0	2	7	1	3817	-1349	28	40256	7	4	2	0	0	0	0	0	0	0	0	0	0	0	0	0	0	
671.954400	8	6	3	0	2	7	1	3792	-1350	28	40317	7	4	4	0	0	0	0	0	0	0	0	0	0	0	0	0	0	
672.940800	8	6	3	0	2	7	1	3770	-1349	28	40376	7	4	6	0	0	0	0	0	0	0	0	0	0	0	0	0	0	
673.947367	8	6	3	0	2	7	1	3745	-1350	28	40436	7	4	7	0	0	0	0	0	0	0	0	0	0	0	0	0	0	
674.952483	8	6	3	0	2	7	1	3714	-1350	28	40497	7	4	9	0	0	0	0	0	0	0	0	0	0	0	0	0	0	
675.940317	8	6	3	0	2	7	1	3695	-1349	28	40556	7	4	11	0	0	0	0	0	0	0	0	0	0	0	0	0	0	
676.945433	8	6	3	0	2	7	1	3685	-1348	28	40616	7	4	12	0	0	0	0	0	0	0	0	0	0	0	0	0	0	
677.950567	8	6	3	0	2	7	1	3656	-1349	28	40676	7	4	14	0	0	0	0	0	0	0	0	0	0	0	0	0	0	
678.936967	8	6	3	0	2	7	1	3632	-1349	28	40736	7	4	16	0	0	0	0	0	0	0	0	0	0	0	0	0	0	
679.942083	8	6	3	0	2	7	1	3628	-1349	28	40796	7	4	17	0	0	0	0	0	0	0	0	0	0	0	0	0	0	
680.947200	8	6	3	0	2	7	1	3622	-1349	28	40856	7	4	19	0	0	0	0	0	0	0	0	0	0	0	0	0	0	
681.953767	8	6	3	0	2	7	1	3610	-1349	28	40917	7	4	21	0	0	0	0	0	0	0	0	0	0	0	0	0	0	
682.940167	8	6	3	0	2	7	1	3597	-1349	28	40976	7	4	22	0	0	0	0	0	0	0	0	0	0	0	0	0	0	
683.945283	8	6	3	0	2	7	1	3584	-1349	28	41036	7	4	24	0	0	0	0	0	0	0	0	0	0	0	0	0	0	
684.950400	8	6	3	0	2	7	1	3565	-1349	28	41096	7	4	26	0	0	0	0	0	0	0	0	0	0	0	0	0	0	
685.955517	8	6	3	0	2	7	1	3547	-1350	28	41157	7	4	27	0	0	0	0	0	0	0	0	0	0	0	0	0	0	
686.943367	8	6	3	0	2	7	1	3531	-1348	28	41216	7	4	29	0	0	0	0	0	0	0	0	0	0	0	0	0	0	
687.948483	8	6	3	0	2	7	1	3510	-1349	28	41276	7	4	31	0	0	0	0	0	0	0	0	0	0	0	0	0	0	
688.953600	8	6	3	0	2	7	1	3487	-1350	29	41337	7	4	32	0	0	0	0	0	0	0	0	0	0	0	0	0	0	
689.940000	8	6	3	0	2	7	1	3449	-1349	28	41396	7	4	34	0	0	0	0	0	0	0	0	0	0	0	0	0	0	
690.945117	8	6	3	0	2	7	1	3512	-1350	28	41456	7	4	36	0	0	0	0	0	0	0	0	0	0	0	0	0	0	
691.950233	8	6	3	0	2	7	1	3501	-1349	28	41516	7	4	37	0	0	0	0	0	0	0	0	0	0	0	0	0	0	
692.956800	8	6	3	0	2	7	1	3490	-1349	29	41577	7	4	39	0	0	0	0	0	0	0	0	0	0	0	0	0	0	
693.943200	8	6	3	0	2	7	1	3480	-1350	29	41636	7	4	41	0	0	0	0	0	0	0	0	0	0	0	0	0	0	
694.948317	8	6	3	0	2	7	1	3469	-1349	29	41696	7	4	42	0	0	0	0	0	0	0	0	0	0	0	0	0	0	
695.953433	8	6	3	0	2	7	1	3460	-1349	29	41757	7	4	44	0	0	0	0	0	0	0	0	0	0	0	0	0	0	
696.939833	8	6	3	0	2	7	1	3451	-1351	29	41816	7	4	46	0	0	0	0	0	0	0	0	0	0	0	0	0	0	
697.944967	8	6	3	0	2	7	1	3442	-1348	29	41876	7	4	47	0	0	0	0	0	0	0	0	0	0	0	0	0	0	
698.951517	8	6	3	0	2	7	1	3435	-1349	29	41936	7	4	49	0	0	0	0	0	0	0	0	0	0	0	0	0	0	
699.956633	8	6	3	0	2	7	1	3427	-1350	29	41997	7	4	50	0	0	0	0	0	0	0	0	0	0	0	0	0	0	
700.943033	8	6	3	0	2	7	1	3419	-1349	29	42056	7	4	52	0	0	0	0	0	0	0	0	0	0	0	0	0	0	
701.948167	8	6	3	0	2	7	1	3413	-1350	29	42116	7	4	54	0	0	0	0	0	0	0	0	0	0	0	0	0	0	
702.953283	8	6	3	0	2	7	1	3406	-1349	29	42176	7	4	55	0	0	0	0	0	0	0	0	0	0	0	0	0	0	
703.939683	8	6	3	0	2	7	1	3399	-1349	29	42236	7	4	57	0	0	0	0	0	0	0	0	0	0	0	0	0	0	
704.944800	8	6	3	0	2	7	1	3393	-1350	29	42296	7	4	59	0	0	0	0	0	0	0	0	0	0	0	0	0	0	
705.951367	8	6	3	0	2	7	1	3385	-1349	29	42356	7	4	60	0	0	0	0	0	0	0	0	0	0	0	0	0	0	
706.956483	8	6	3	0	2	7	1	3378	-1350	29	42417	7	4	62	0	0	0	0	0	0	0	0	0	0	0	0	0	0	
707.942883	8	6	3	0	2	7	1	3371	-1350	29	42476	7	4	64	0	0	0	0	0	0	0	0	0	0	0	0	0	0	
708.948000	8	6	3	0	2	7	1	3362	-1350	29	42536	7	4	65	0	0	0	0	0	0	0	0	0	0	0	0	0	0	
709.953117	8	6	3	0	2	7	1	3352	-1348	29	42596	7	4	67	0	0	0	0	0	0	0	0	0	0	0	0	0	0	
710.940967	8	6	3	0	2	7	1	3339	-1349	29	42656	7	4	69	0	0	0	0	0	0	0	0	0	0	0	0	0	0	
711.946083	8	6	3	0	2	7	1	3324	-1350	29	42716	7	4	70	0	0	0	0	0	0	0	0	0	0	0	0	0	0	
712.951200	8	6	3	0	2	7	1	3304	-1350	29	42776	7	4	72	0	0	0	0	0	0	0	0	0	0	0	0	0	0	
713.956317	8	6	3	0	2	7	1	3276	-1350	29	42837	7	4	74	0	0	0	0	0	0	0	0	0	0	0	0	0	0	
714.942717	8	6	3	0	2	7	1	3236	-1350	29	42896	7	4	75	0	0	0	0	0	0	0	0	0	0	0	0	0	0	
715.949283	8	6	3	0	2	7	1	3167	-1349	29	42956	7	4	77	0	0	0	0	0	0	0	0	0	0	0	0	0	0	
716.954400	8	6	3	0	2	7	1	3037	-1349	29	43016	7	4	79	0	0	0	0	0	0	0	0	0	0	0	0	0	0	
717.940800	8	6	3	0	2	7	1	2716	-1349	29	43076	7	4	80	0	0	0	0	0	0	0	0	0	0	0	0	0	0	
718.041600	8	15	3	0	1	31	2	3188	400	29	43082	9	4	80	0	0	0	0	0	0	0	0	0	0	0	0	0	0	
718.063200	8	3	3	0	1	2	2	3329	676	29	43083	9	4	80	0	0	0	0	0	0	0	0	0	0	0	0	0	0	
718.950233	8	3	3	0	1	2	2	3644	675	29	43136	9	4	80	0	0	0	0	0	0	0	0	0	0	0	0	0	0	
719.955367	8	3	3	0	1	2	2	3734	674	29	43196	9	4	80	0	0	0	0	0	0	0	0	0	0	0	0	0	0	
720.941767	8	3	3	0	1	2	2	3782	675	29	43256	9	4	80	0	0	0	0	0	0	0	0	0	0	0	0	0	0	
721.946883	8	3	3	0	1	2	2	3809	675	29	43316	9	4	80	0	0	0	0	0	0	0	0	0	0	0	0	0	0	
722.952000	8	3	3	0	1	2	2	3821	674	29	43376	9	4	80	0	0	0	0	0	0	0	0	0	0	0	0	0	0	
723.957117	8	3	3	0	1	2	2	3831	675	29	43437	9	4	80	0	0	0	0	0	0	0	0	0	0	0	0	0	0	
724.944967	8	3	3	0	1	2	2	3839	674	29	43496	9	4	80	0	0	0	0	0	0	0	0	0	0	0	0	0	0	
725.950083	8	3	3	0	1	2	2	3847	674	29	43556	9	4	80	0	0	0	0	0	0	0	0	0	0	0	0	0	0	
726.955200	8	3	3	0	1	2	2	3854	675	29	43616	9	4	80	0	0	0	0	0	0	0	0	0	0	0	0	0	0	
727.941600	8	3	3	0	1	2	2	3862	674	29	43676	9	4	80	0	0	0	0	0	0	0	0	0	0	0	0	0	0	
728.946717	8	3	3	0	1	2	2	3869	676	29	43736	9	4	80	0	0	0	0	0	0	0	0	0	0	0	0	0	0	
729.951833	8	3	3	0	1	2	2	3876	674	29	43796	9	4	80	0	0	0	0	0	0	0	0	0	0	0	0	0	0	
730.958400	8	3	3	0	1	2	2	3883	674	29	43857	9	4	80	0	0	0	0	0	0	0	0	0	0	0	0	0	0	
731.944800	8	3	3	0	1	2	2	3890	675	29	43916	9	4	80	0	0	0	0	0	0	0	0	0	0	0	0	0	0	
732.949917	8	3	3	0	1	2	2	3897	674	29	43976	9	4	80	0	0	0	0	0	0	0	0	0	0	0	0	0	0	
733.955033	8	3	3	0	1	2	2	3904	675	29	44036	9	4	80	0	0	0	0	0	0	0	0	0	0	0	0	0	0	
734.941433	8	3	3	0	1	2	2	3910	674	29	44096	9	4	80	0	0	0	0	0	0	0	0	0	0	0	0	0	0	
735.948000	8	3	3	0	1	2	2	3916	675	29	44156	9	4	80	0	0	0	0	0	0	0	0	0	0	0	0	0	0	
736.953117	8	3	3	0	1	2	2	3921	674	29	44216	9	4	80	0	0	0	0	0	0	0	0	0	0	0	0	0	0	
737.958233	8	3	3	0	1	2	2	3926	675	29	44277	9	4	80	0	0	0	0	0	0	0	0	0	0	0	0	0	0	
738.944633	8	3	3	0	1	2	2	3930	674	29	44336	9	4	80	0	0	0	0	0	0	0	0	0	0	0	0	0	0	
739.949767	8	3	3	0	1	2	2	3934	673	29	44396	9	4	80	0	0	0	0	0	0	0	0	0	0	0	0	0	0	
740.954883	8	3	3	0	1	2	2	3937	675	29	44456	9	4	80	0	0	0	0	0	0	0	0	0	0	0	0	0	0	
741.942717	8	3	3	0	1	2	2	3941	674	29	44516	9	4	80	0	0	0	0	0	0	0	0	0	0	0	0	0	0	
742.947833	8	3	3	0	1	2	2	3945	676	29	44576	9	4	80	0	0	0	0	0	0	0	0	0	0	0	0	0	0	
743.957283	8	3	3	0	1	2	2	3948	674	29	44636	9	4	80	0	0	0	0	0	0	0	0	0	0	0	0	0	0	
744.942233	8	3	3	0	1	2	2	3951	674	29	44696	9	4	80	0	0	0	0	0	0	0	0	0	0	0	0	0	0	
745.948800	8	3	3	0	1	2	2	3954	673	29	44756	9	4	80	0	0	0	0	0	0	0	0	0	0	0	0	0	0	
746.953917	8	3	3	0	1	2	2	3957	673	29	44816	9	4	80	0	0	0	0	0	0	0	0	0	0	0	0	0	0	
747.959033	8	3	3	0	1	2	2	3960	673	29	44877	9	4	80	0	0	0	0	0	0	0	0	0	0	0	0	0	0	
748.945433	8	3	3	0	1	2	2	3964	675	29	44936	9	4	80	0	0	0	0	0	0	0	0	0	0	0	0	0	0	
749.950567	8	3	3	0	1	2	2	3967	675	29	44996	9	4	80	0	0	0	0	0	0	0	0	0	0	0	0	0	0	
750.955683	8	3	3	0	1	2	2	3971	674	29	45056	9	4	80	0	0	0	0	0	0	0	0	0	0	0	0	0	0	
751.943517	8	3	3	0	1	2	2	3974	674	29	45116	9	4	80	0	0	0	0	0	0	0	0	0	0	0	0	0	0	
752.948633	8	3	3	0	1	2	2	3977	675	29	45176	9	4	80	0	0	0	0	0	0	0	0	0	0	0	0	0	0	
753.953767	8	3	3	0	1	2	2	3981	675	29	45236	9	4	80	0	0	0	0	0	0	0	0	0	0	0	0	0	0	
754.958883	8	3	3	0	1	2	2	3984	675	29	45297	9	4	80	0	0	0	0	0	0	0	0	0	0	0	0	0	0	
755.945283	8	3	3	0	1	2	2	3988	675	29	45356	9	4	80	0	0	0	0	0	0	0	0	0	0	0	0	0	0	
756.951833	8	3	3	0	1	2	2	3991	675	29	45416	9	4	80	0	0	0	0	0	0	0	0	0	0	0	0	0	0	
757.956967	8	3	3	0	1	2	2	3995	675	29	45476	9	4	80	0	0	0	0	0	0	0	0	0	0	0	0	0	0	
758.943367	8	3	3	0	1	2	2	3998	675	29	45536	9	4	80	0	0	0	0	0	0	0	0	0	0	0	0	0	0	
759.948483	8	3	3	0	1	2	2	4002	675	29	45596	9	4	80	0	0	0	0	0	0	0	0	0	0	0	0	0	0	
760.953600	8	3	3	0	1	2	2	4006	674	29	45656	9	4	80	0	0	0	0	0	0	0	0	0	0	0	0	0	0	
761.960167	8	3	3	0	1	2	2	4009	674	29	45717	9	4	80	0	0	0	0	0	0	0	0	0	0	0	0	0	0	
762.945117	8	3	3	0	1	2	2	4013	675	29	45776	9	4	80	0	0	0	0	0	0	0	0	0	0	0	0	0	0	
763.951683	8	3	3	0	1	2	2	4017	675	29	45836	9	4	80	0	0	0	0	0	0	0	0	0	0	0	0	0	0	
764.956800	8	3	3	0	1	2	2	4020	673	29	45896	9	4	80	0	0	0	0	0	0	0	0	0	0	0	0	0	0	
765.961917	8	3	3	0	1	2	2	4025	673	29	45957	9	4	80	0	0	0	0	0	0	0	0	0	0	0	0	0	0	
766.948317	8	3	3	0	1	2	2	4030	676	29	46016	9	4	80	0	0	0	0	0	0	0	0	0	0	0	0	0	0	
767.953433	8	3	3	0	1	2	2	4034	675	29	46076	9	4	80	0	0	0	0	0	0	0	0	0	0	0	0	0	0	
768.960000	8	3	3	0	1	2	2	4038	675	29	46137	9	4	80	0	0	0	0	0	0	0	0	0	0	0	0	0	0	
769.949283	8	3	3	0	1	2	2	4043	674	29	46196	9	4	80	0	0	0	0	0	0	0	0	0	0	0	0	0	0	
770.954400	8	3	3	0	1	2	2	4048	675	29	46256	9	4	80	0	0	0	0	0	0	0	0	0	0	0	0	0	0	
771.960967	8	3	3	0	1	2	2	4052	674	29	46317	9	4	80	0	0	0	0	0	0	0	0	0	0	0	0	0	0	
772.947367	8	3	3	0	1	2	2	4058	675	29	46376	9	4	80	0	0	0	0	0	0	0	0	0	0	0	0	0	0	
773.952483	8	3	3	0	1	2	2	4062	675	30	46436	9	4	80	0	0	0	0	0	0	0	0	0	0	0	0	0	0	
774.957600	8	3	3	0	1	2	2	4068	675	29	46496	9	4	80	0	0	0	0	0	0	0	0	0	0	0	0	0	0	
775.962717	8	3	3	0	1	2	2	4072	676	30	46557	9	4	80	0	0	0	0	0	0	0	0	0	0	0	0	0	0	
776.949117	8	3	3	0	1	2	2	4078	674	30	46616	9	4	80	0	0	0	0	0	0	0	0	0	0	0	0	0	0	
777.955683	8	3	3	0	1	2	2	4083	674	29	46676	9	4	80	0	0	0	0	0	0	0	0	0	0	0	0	0	0	
778.960800	8	3	3	0	1	2	2	4089	675	30	46737	9	4	80	0	0	0	0	0	0	0	0	0	0	0	0	0	0	
779.947200	8	3	3	0	1	2	2	4094	674	30	46796	9	4	80	0	0	0	0	0	0	0	0	0	0	0	0	0	0	
780.952317	8	3	3	0	1	2	2	4100	674	30	46856	9	4	80	0	0	0	0	0	0	0	0	0	0	0	0	0	0	
781.958883	8	3	3	0	1	2	2	4106	675	30	46916	9	4	80	0	0	0	0	0	0	0	0	0	0	0	0	0	0	
782.964000	8	3	3	0	1	2	2	4112	674	30	46977	9	4	80	0	0	0	0	0	0	0	0	0	0	0	0	0	0	
783.950400	8	3	3	0	1	2	2	4117	667	30	47036	9	4	80	0	0	0	0	0	0	0	0	0	0	0	0	0	0	
784.955517	8	3	3	0	1	2	2	4122	667	30	47096	9	4	80	0	0	0	0	0	0	0	0	0	0	0	0	0	0	
785.960633	8	3	3	0	1	2	2	4128	666	30	47157	9	4	80	0	0	0	0	0	0	0	0	0	0	0	0	0	0	
786.947033	8	3	3	0	1	2	2	4134	665	30	47216	9	4	80	0	0	0	0	0	0	0	0	0	0	0	0	0	0	
787.953600	8	3	3	0	1	2	2	4140	664	30	47276	9	4	80	0	0	0	0	0	0	0	0	0	0	0	0	0	0	
788.958717	8	3	3	0	1	2	2	4147	663	30	47336	9	4	80	0	0	0	0	0	0	0	0	0	0	0	0	0	0	
789.963833	8	3	3	0	1	2	2	4153	662	30	47397	9	4	80	0	0	0	0	0	0	0	0	0	0	0	0	0	0	
790.950233	8	3	3	0	1	2	2	4159	660	30	47456	9	4	80	0	0	0	0	0	0	0	0	0	0	0	0	0	0	
791.955367	8	3	3	0	1	2	2	4166	659	30	47516	9	4	80	0	0	0	0	0	0	0	0	0	0	0	0	0	0	
792.960483	8	3	3	0	1	2	2	4173	659	30	47577	9	4	80	0	0	0	0	0	0	0	0	0	0	0	0	0	0	
793.946883	8	3	3	0	1	2	2	4179	658	30	47636	9	4	80	0	0	0	0	0	0	0	0	0	0	0	0	0	0	
794.952000	8	3	3	0	1	2	2	4186	657	30	47696	9	4	80	0	0	0	0	0	0	0	0	0	0	0	0	0	0	
795.958567	8	3	3	0	1	2	2	4193	656	30	47756	9	4	80	0	0	0	0	0	0	0	0	0	0	0	0	0	0	
796.963683	8	3	3	0	1	2	2	4198	646	30	47817	9	4	80	0	0	0	0	0	0	0	0	0	0	0	0	0	0	
797.950083	8	3	3	0	1	2	2	4199	614	30	47876	9	4	80	0	0	0	0	0	0	0	0	0	0	0	0	0	0	
798.955200	8	3	3	0	1	2	2	4198	586	30	47936	9	4	80	0	0	0	0	0	0	0	0	0	0	0	0	0	0	
799.960317	8	3	3	0	1	2	2	4198	559	30	47996	9	4	80	0	0	0	0	0	0	0	0	0	0	0	0	0	0	
800.948167	8	3	3	0	1	2	2	4199	534	30	48056	9	4	80	0	0	0	0	0	0	0	0	0	0	0	0	0	0	
801.953283	8	3	3	0	1	2	2	4198	509	30	48116	9	4	80	0	0	0	0	0	0	0	0	0	0	0	0	0	0	
802.958400	8	3	3	0	1	2	2	4198	486	30	48176	9	4	80	0	0	0	0	0	0	0	0	0	0	0	0	0	0	
803.963517	8	3	3	0	1	2	2	4199	465	30	48237	9	4	80	0	0	0	0	0	0	0	0	0	0	0	0	0	0	
804.949917	8	3	3	0	1	2	2	4199	445	30	48296	9	4	80	0	0	0	0	0	0	0	0	0	0	0	0	0	0	
805.955033	8	3	3	0	1	2	2	4198	425	30	48356	9	4	80	0	0	0	0	0	0	0	0	0	0	0	0	0	0	
806.961600	8	3	3	0	1	2	2	4198	406	30	48416	9	4	80	0	0	0	0	0	0	0	0	0	0	0	0	0	0	
807.948000	8	3	3	0	1	2	2	4198	388	30	48476	9	4	80	0	0	0	0	0	0	0	0	0	0	0	0	0	0	
808.953117	8	3	3	0	1	2	2	4198	372	30	48536	9	4	80	0	0	0	0	0	0	0	0	0	0	0	0	0	0	
809.958233	8	3	3	0	1	2	2	4198	354	30	48596	9	4	80	0	0	0	0	0	0	0	0	0	0	0	0	0	0	
810.963367	8	3	3	0	1	2	2	4198	338	30	48657	9	4	80	0	0	0	0	0	0	0	0	0	0	0	0	0	0	
811.949767	8	3	3	0	1	2	2	4199	325	30	48716	9	4	80	0	0	0	0	0	0	0	0	0	0	0	0	0	0	
812.956317	8	3	3	0	1	2	2	4198	310	30	48776	9	4	80	0	0	0	0	0	0	0	0	0	0	0	0	0	0	
813.961433	8	3	3	0	1	2	2	4199	296	30	48836	9	4	80	0	0	0	0	0	0	0	0	0	0	0	0	0	0	
814.947833	8	3	3	0	1	2	2	4198	283	30	48896	9	4	80	0	0	0	0	0	0	0	0	0	0	0	0	0	0	
815.952967	8	3	3	0	1	2	2	4198	270	30	48956	9	4	80	0	0	0	0	0	0	0	0	0	0	0	0	0	0	
816.958083	8	3	3	0	1	2	2	4198	258	30	49016	9	4	80	0	0	0	0	0	0	0	0	0	0	0	0	0	0	
817.963200	8	3	3	0	1	2	2	4199	248	30	49077	9	4	80	0	0	0	0	0	0	0	0	0	0	0	0	0	0	
818.951033	8	3	3	0	1	2	2	4198	237	30	49136	9	4	80	0	0	0	0	0	0	0	0	0	0	0	0	0	0	
819.956167	8	3	3	0	1	2	2	4199	227	30	49196	9	4	80	0	0	0	0	0	0	0	0	0	0	0	0	0	0	
820.961283	8	3	3	0	1	2	2	4199	216	30	49256	9	4	80	0	0	0	0	0	0	0	0	0	0	0	0	0	0	
821.966400	8	3	3	0	1	2	2	4199	207	30	49317	9	4	80	0	0	0	0	0	0	0	0	0	0	0	0	0	0	
822.952800	8	3	3	0	1	2	2	4199	199	30	49376	9	4	80	0	0	0	0	0	0	0	0	0	0	0	0	0	0	
823.957917	8	3	3	0	1	2	2	4198	190	30	49436	9	4	80	0	0	0	0	0	0	0	0	0	0	0	0	0	0	
824.964483	8	3	3	0	1	2	2	4198	181	30	49497	9	4	80	0	0	0	0	0	0	0	0	0	0	0	0	0	0	
825.950883	8	3	3	0	1	2	2	4198	174	30	49556	9	4	80	0	0	0	0	0	0	0	0	0	0	0	0	0	0	
826.956000	8	3	3	0	1	2	2	4198	166	30	49616	9	4	80	0	0	0	0	0	0	0	0	0	0	0	0	0	0	
827.961117	8	3	3	0	1	2	2	4198	158	30	49676	9	4	80	0	0	0	0	0	0	0	0	0	0	0	0	0	0	
828.966233	8	3	3	0	1	2	2	4199	152	30	49737	9	4	80	0	0	0	0	0	0	0	0	0	0	0	0	0	0	
829.952633	8	3	3	0	1	2	2	4199	146	30	49796	9	4	80	0	0	0	0	0	0	0	0	0	0	0	0	0	0	
830.959200	8	3	3	0	1	2	2	4198	140	30	49856	9	4	80	0	0	0	0	0	0	0	0	0	0	0	0	0	0	
831.964317	8	3	3	0	1	2	2	4198	134	30	49917	9	4	80	0	0	0	0	0	0	0	0	0	0	0	0	0	0	
832.950717	8	3	3	0	1	2	2	4199	128	30	49976	9	4	80	0	0	0	0	0	0	0	0	0	0	0	0	0	0	
833.955833	8	3	3	0	1	2	2	4199	123	30	50036	9	4	80	0	0	0	0	0	0	0	0	0	0	0	0	0	0	
834.962400	8	3	3	0	1	2	2	4198	117	30	50096	9	4	80	0	0	0	0	0	0	0	0	0	0	0	0	0	0	
835.967517	8	3	3	0	1	2	2	4198	112	30	50157	9	4	80	0	0	0	0	0	0	0	0	0	0	0	0	0	0	
836.953917	8	3	3	0	1	2	2	4198	109	30	50216	9	4	80	0	0	0	0	0	0	0	0	0	0	0	0	0	0	
837.959033	8	3	3	0	1	2	2	4199	104	30	50276	9	4	80	0	0	0	0	0	0	0	0	0	0	0	0	0	0	
838.964167	8	3	3	0	1	2	2	4198	99	30	50337	9	4	80	0	0	0	0	0	0	0	0	0	0	0	0	0	0	
839.950567	8	3	3	0	1	2	2	4199	97	30	50396	9	4	80	0	0	0	0	0	0	0	0	0	0	0	0	0	0	
840.955683	8	3	3	0	1	2	2	4199	91	30	50456	9	4	80	0	0	0	0	0	0	0	0	0	0	0	0	0	0	
841.962233	8	3	3	0	1	2	2	4199	89	30	50516	9	4	80	0	0	0	0	0	0	0	0	0	0	0	0	0	0	
842.967367	8	3	3	0	1	2	2	4199	84	30	50577	9	4	80	0	0	0	0	0	0	0	0	0	0	0	0	0	0	
843.953767	8	3	3	0	1	2	2	4198	82	30	50636	9	4	80	0	0	0	0	0	0	0	0	0	0	0	0	0	0	
844.958883	8	3	3	0	1	2	2	4199	77	30	50696	9	4	80	0	0	0	0	0	0	0	0	0	0	0	0	0	0	
845.964000	8	3	3	0	1	2	2	4199	75	30	50756	9	4	80	0	0	0	0	0	0	0	0	0	0	0	0	0	0	
846.950400	8	3	3	0	1	2	2	4198	71	30	50816	9	4	80	0	0	0	0	0	0	0	0	0	0	0	0	0	0	
847.955517	8	3	3	0	1	2	2	4198	69	30	50876	9	4	80	0	0	0	0	0	0	0	0	0	0	0	0	0	0	
848.829600	8	6	3	0	2	7	1	3953	-1349	30	50928	9	5	0	0	0	0	0	0	0	0	0	0	0	0	0	0	0	
848.963517	8	6	3	0	2	7	1	3924	-1349	30	50936	9	5	0	0	0	0	0	0	0	0	0	0	0	0	0	0	0	
849.968633	8	6	3	0	2	7	1	3869	-1350	30	50997	9	5	1	0	0	0	0	0	0	0	0	0	0	0	0	0	0	
850.955033	8	6	3	0	2	7	1	3838	-1349	30	51056	9	5	3	0	0	0	0	0	0	0	0	0	0	0	0	0	0	
851.960167	8	6	3	0	2	7	1	3812	-1349	30	51116	9	5	5	0	0	0	0	0	0	0	0	0	0	0	0	0	0	
852.965283	8	6	3	0	2	7	1	3780	-1349	30	51177	9	5	6	0	0	0	0	0	0	0	0	0	0	0	0	0	0	
853.951683	8	6	3	0	2	7	1	3763	-1348	30	51236	9	5	8	0	0	0	0	0	0	0	0	0	0	0	0	0	0	
854.958233	8	6	3	0	2	7	1	3743	-1351	30	51296	9	5	10	0	0	0	0	0	0	0	0	0	0	0	0	0	0	
855.963367	8	6	3	0	2	7	1	3708	-1349	30	51356	9	5	11	0	0	0	0	0	0	0	0	0	0	0	0	0	0	
856.968483	8	6	3	0	2	7	1	3688	-1349	30	51417	9	5	13	0	0	0	0	0	0	0	0	0	0	0	0	0	0	
857.954883	8	6	3	0	2	7	1	3652	-1350	30	51476	9	5	15	0	0	0	0	0	0	0	0	0	0	0	0	0	0	
858.961433	8	6	3	0	2	7	1	3637	-1350	30	51536	9	5	16	0	0	0	0	0	0	0	0	0	0	0	0	0	0	
859.966567	8	6	3	0	2	7	1	3621	-1349	30	51597	9	5	18	0	0	0	0	0	0	0	0	0	0	0	0	0	0	
860.952967	8	6	3	0	2	7	1	3586	-1350	30	51656	9	5	19	0	0	0	0	0	0	0	0	0	0	0	0	0	0	
861.958083	8	6	3	0	2	7	1	3600	-1349	30	51716	9	5	21	0	0	0	0	0	0	0	0	0	0	0	0	0	0	
862.963200	8	6	3	0	2	7	1	3591	-1350	30	51776	9	5	23	0	0	0	0	0	0	0	0	0	0	0	0	0	0	
863.968317	8	6	3	0	2	7	1	3579	-1350	30	51837	9	5	24	0	0	0	0	0	0	0	0	0	0	0	0	0	0	
864.956167	8	6	3	0	2	7	1	3564	-1351	29	51896	9	5	26	0	0	0	0	0	0	0	0	0	0	0	0	0	0	
865.961283	8	6	3	0	2	7	1	3547	-1348	30	51956	9	5	28	0	0	0	0	0	0	0	0	0	0	0	0	0	0	
866.966400	8	6	3	0	2	7	1	3530	-1349	29	52017	9	5	29	0	0	0	0	0	0	0	0	0	0	0	0	0	0	
867.952800	8	6	3	0	2	7	1	3510	-1350	29	52076	9	5	31	0	0	0	0	0	0	0	0	0	0	0	0	0	0	
868.957917	8	6	3	0	2	7	1	3419	-1351	29	52136	9	5	33	0	0	0	0	0	0	0	0	0	0	0	0	0	0	
869.963033	8	6	3	0	2	7	1	3501	-1350	29	52196	9	5	34	0	0	0	0	0	0	0	0	0	0	0	0	0	0	
870.969600	8	6	3	0	2	7	1	3486	-1350	29	52257	9	5	36	0	0	0	0	0	0	0	0	0	0	0	0	0	0	
871.956000	8	6	3	0	2	7	1	3473	-1349	29	52316	9	5	38	0	0	0	0	0	0	0	0	0	0	0	0	0	0	
872.961117	8	6	3	0	2	7	1	3459	-1350	29	52376	9	5	39	0	0	0	0	0	0	0	0	0	0	0	0	0	0	
873.966233	8	6	3	0	2	7	1	3446	-1349	29	52436	9	5	41	0	0	0	0	0	0	0	0	0	0	0	0	0	0	
874.952633	8	6	3	0	2	7	1	3433	-1348	29	52496	9	5	43	0	0	0	0	0	0	0	0	0	0	0	0	0	0	
875.960633	8	6	3	0	2	7	1	3420	-1349	29	52556	9	5	44	0	0	0	0	0	0	0	0	0	0	0	0	0	0	
876.965767	8	6	3	0	2	7	1	3406	-1349	29	52616	9	5	46	0	0	0	0	0	0	0	0	0	0	0	0	0	0	
877.952167	8	6	3	0	2	7	1	3390	-1350	29	52676	9	5	48	0	0	0	0	0	0	0	0	0	0	0	0	0	0	
878.957283	8	6	3	0	2	7	1	3377	-1350	29	52736	9	5	49	0	0	0	0	0	0	0	0	0	0	0	0	0	0	
879.962400	8	6	3	0	2	7	1	3392	-1350	29	52796	9	5	51	0	0	0	0	0	0	0	0	0	0	0	0	0	0	
880.968967	8	6	3	0	2	7	1	3395	-1350	29	52857	9	5	53	0	0	0	0	0	0	0	0	0	0	0	0	0	0	
881.955367	8	6	3	0	2	7	1	3389	-1348	29	52916	9	5	54	0	0	0	0	0	0	0	0	0	0	0	0	0	0	
882.960483	8	6	3	0	2	7	1	3380	-1350	29	52976	9	5	56	0	0	0	0	0	0	0	0	0	0	0	0	0	0	
883.965600	8	6	3	0	2	7	1	3372	-1349	29	53036	9	5	58	0	0	0	0	0	0	0	0	0	0	0	0	0	0	
884.972167	8	6	3	0	2	7	1	3364	-1349	29	53097	9	5	59	0	0	0	0	0	0	0	0	0	0	0	0	0	0	
885.957117	8	6	3	0	2	7	1	3356	-1349	29	53156	9	5	61	0	0	0	0	0	0	0	0	0	0	0	0	0	0	
886.963683	8	6	3	0	2	7	1	3346	-1349	29	53216	9	5	63	0	0	0	0	0	0	0	0	0	0	0	0	0	0	
887.968800	8	6	3	0	2	7	1	3335	-1349	29	53277	9	5	64	0	0	0	0	0	0	0	0	0	0	0	0	0	0	
888.955200	8	6	3	0	2	7	1	3323	-1349	29	53336	9	5	66	0	0	0	0	0	0	0	0	0	0	0	0	0	0	
889.960317	8	6	3	0	2	7	1	3306	-1350	29	53396	9	5	68	0	0	0	0	0	0	0	0	0	0	0	0	0	0	
890.965433	8	6	3	0	2	7	1	3272	-1351	29	53456	9	5	69	0	0	0	0	0	0	0	0	0	0	0	0	0	0	
891.970567	8	6	3	0	2	7	1	3321	-1349	29	53517	9	5	71	0	0	0	0	0	0	0	0	0	0	0	0	0	0	
892.958400	8	6	3	0	2	7	1	3303	-1349	29	53576	9	5	73	0	0	0	0	0	0	0	0	0	0	0	0	0	0	
893.963517	8	6	3	0	2	7	1	3275	-1349	29	53636	9	5	74	0	0	0	0	0	0	0	0	0	0	0	0	0	0	
894.968633	8	6	3	0	2	7	1	3231	-1350	29	53697	9	5	76	0	0	0	0	0	0	0	0	0	0	0	0	0	0	
895.955033	8	6	3	0	2	7	1	3158	-1349	29	53756	9	5	78	0	0	0	0	0	0	0	0	0	0	0	0	0	0	
896.960167	8	6	3	0	2	7	1	3012	-1351	29	53816	9	5	79	0	0	0	0	0	0	0	0	0	0	0	0	0	0	
897.890400	8	15	3	0	1	31	2	2845	31	29	53872	10	5	81	0	0	0	0	0	0	0	0	0	0	0	0	0	0	
897.910567	8	3	3	0	1	2	2	3286	677	29	53873	11	5	81	0	0	0	0	0	0	0	0	0	0	0	0	0	0	
897.969600	8	3	3	0	1	2	2	3388	676	29	53877	11	5	81	0	0	0	0	0	0	0	0	0	0	0	0	0	0	
898.956000	8	3	3	0	1	2	2	3661	675	29	53936	11	5	81	0	0	0	0	0	0	0	0	0	0	0	0	0	0	
899.961117	8	3	3	0	1	2	2	3741	674	29	53996	11	5	81	0	0	0	0	0	0	0	0	0	0	0	0	0	0	
900.966233	8	3	3	0	1	2	2	3786	675	29	54056	11	5	81	0	0	0	0	0	0	0	0	0	0	0	0	0	0	
901.971367	8	3	3	0	1	2	2	3810	674	29	54117	11	5	81	0	0	0	0	0	0	0	0	0	0	0	0	0	0	
902.957767	8	3	3	0	1	2	2	3823	674	29	54176	11	5	81	0	0	0	0	0	0	0	0	0	0	0	0	0	0	
903.964317	8	3	3	0	1	2	2	3832	673	29	54236	11	5	81	0	0	0	0	0	0	0	0	0	0	0	0	0	0	
904.969433	8	3	3	0	1	2	2	3841	674	29	54296	11	5	81	0	0	0	0	0	0	0	0	0	0	0	0	0	0	
905.955833	8	3	3	0	1	2	2	3849	674	29	54356	11	5	81	0	0	0	0	0	0	0	0	0	0	0	0	0	0	
906.960967	8	3	3	0	1	2	2	3856	675	29	54416	11	5	81	0	0	0	0	0	0	0	0	0	0	0	0	0	0	
907.966083	8	3	3	0	1	2	2	3863	674	29	54476	11	5	81	0	0	0	0	0	0	0	0	0	0	0	0	0	0	
908.955367	8	3	3	0	1	2	2	3870	675	29	54536	11	5	81	0	0	0	0	0	0	0	0	0	0	0	0	0	0	
909.960483	8	3	3	0	1	2	2	3877	674	29	54596	11	5	81	0	0	0	0	0	0	0	0	0	0	0	0	0	0	
910.965600	8	3	3	0	1	2	2	3884	675	29	54656	11	5	81	0	0	0	0	0	0	0	0	0	0	0	0	0	0	
911.972167	8	3	3	0	1	2	2	3891	674	29	54717	11	5	81	0	0	0	0	0	0	0	0	0	0	0	0	0	0	
912.958567	8	3	3	0	1	2	2	3898	675	29	54776	11	5	81	0	0	0	0	0	0	0	0	0	0	0	0	0	0	
913.963683	8	3	3	0	1	2	2	3905	674	29	54836	11	5	81	0	0	0	0	0	0	0	0	0	0	0	0	0	0	
914.968800	8	3	3	0	1	2	2	3911	675	29	54896	11	5	81	0	0	0	0	0	0	0	0	0	0	0	0	0	0	
915.955200	8	3	3	0	1	2	2	3916	674	29	54956	11	5	81	0	0	0	0	0	0	0	0	0	0	0	0	0	0	
916.960317	8	3	3	0	1	2	2	3921	674	29	55016	11	5	81	0	0	0	0	0	0	0	0	0	0	0	0	0	0	
917.966883	8	3	3	0	1	2	2	3926	674	29	55076	11	5	81	0	0	0	0	0	0	0	0	0	0	0	0	0	0	
918.972000	8	3	3	0	1	2	2	3930	674	29	55137	11	5	81	0	0	0	0	0	0	0	0	0	0	0	0	0	0	
919.958400	8	3	3	0	1	2	2	3934	675	29	55196	11	5	81	0	0	0	0	0	0	0	0	0	0	0	0	0	0	
920.963517	8	3	3	0	1	2	2	3938	674	29	55256	11	5	81	0	0	0	0	0	0	0	0	0	0	0	0	0	0	
921.970083	8	3	3	0	1	2	2	3941	674	29	55316	11	5	81	0	0	0	0	0	0	0	0	0	0	0	0	0	0	
922.956483	8	3	3	0	1	2	2	3945	675	29	55376	11	5	81	0	0	0	0	0	0	0	0	0	0	0	0	0	0	
923.961600	8	3	3	0	1	2	2	3948	676	29	55436	11	5	81	0	0	0	0	0	0	0	0	0	0	0	0	0	0	
924.966717	8	3	3	0	1	2	2	3951	675	29	55496	11	5	81	0	0	0	0	0	0	0	0	0	0	0	0	0	0	
925.971833	8	3	3	0	1	2	2	3955	676	29	55557	11	5	81	0	0	0	0	0	0	0	0	0	0	0	0	0	0	
926.958233	8	3	3	0	1	2	2	3958	675	29	55616	11	5	81	0	0	0	0	0	0	0	0	0	0	0	0	0	0	
927.964800	8	3	3	0	1	2	2	3961	674	29	55676	11	5	81	0	0	0	0	0	0	0	0	0	0	0	0	0	0	
928.969917	8	3	3	0	1	2	2	3964	674	29	55736	11	5	81	0	0	0	0	0	0	0	0	0	0	0	0	0	0	
929.975033	8	3	3	0	1	2	2	3968	674	29	55797	11	5	81	0	0	0	0	0	0	0	0	0	0	0	0	0	0	
930.961433	8	3	3	0	1	2	2	3971	675	29	55856	11	5	81	0	0	0	0	0	0	0	0	0	0	0	0	0	0	
931.966567	8	3	3	0	1	2	2	3974	675	29	55916	11	5	81	0	0	0	0	0	0	0	0	0	0	0	0	0	0	
932.973117	8	3	3	0	1	2	2	3978	675	29	55977	11	5	81	0	0	0	0	0	0	0	0	0	0	0	0	0	0	
933.959517	8	3	3	0	1	2	2	3981	674	29	56036	11	5	81	0	0	0	0	0	0	0	0	0	0	0	0	0	0	
934.964633	8	3	3	0	1	2	2	3984	675	29	56096	11	5	81	0	0	0	0	0	0	0	0	0	0	0	0	0	0	
935.969767	8	3	3	0	1	2	2	3988	675	29	56156	11	5	81	0	0	0	0	0	0	0	0	0	0	0	0	0	0	
936.974883	8	3	3	0	1	2	2	3991	675	29	56217	11	5	81	0	0	0	0	0	0	0	0	0	0	0	0	0	0	
937.961283	8	3	3	0	1	2	2	3995	675	29	56276	11	5	81	0	0	0	0	0	0	0	0	0	0	0	0	0	0	
938.967833	8	3	3	0	1	2	2	3998	674	29	56336	11	5	81	0	0	0	0	0	0	0	0	0	0	0	0	0	0	
939.972967	8	3	3	0	1	2	2	4002	675	29	56397	11	5	81	0	0	0	0	0	0	0	0	0	0	0	0	0	0	
940.959367	8	3	3	0	1	2	2	4005	674	29	56456	11	5	81	0	0	0	0	0	0	0	0	0	0	0	0	0	0	
941.964483	8	3	3	0	1	2	2	4009	674	29	56516	11	5	81	0	0	0	0	0	0	0	0	0	0	0	0	0	0	
942.969600	8	3	3	0	1	2	2	4013	674	29	56576	11	5	81	0	0	0	0	0	0	0	0	0	0	0	0	0	0	
943.976167	8	3	3	0	1	2	2	4017	674	29	56637	11	5	81	0	0	0	0	0	0	0	0	0	0	0	0	0	0	
944.962567	8	3	3	0	1	2	2	4021	675	29	56696	11	5	81	0	0	0	0	0	0	0	0	0	0	0	0	0	0	
945.967683	8	3	3	0	1	2	2	4026	674	29	56756	11	5	81	0	0	0	0	0	0	0	0	0	0	0	0	0	0	
946.975683	8	3	3	0	1	2	2	4030	675	29	56817	11	5	81	0	0	0	0	0	0	0	0	0	0	0	0	0	0	
947.963517	8	3	3	0	1	2	2	4034	674	29	56876	11	5	81	0	0	0	0	0	0	0	0	0	0	0	0	0	0	
948.968633	8	3	3	0	1	2	2	4038	674	29	56936	11	5	81	0	0	0	0	0	0	0	0	0	0	0	0	0	0	
949.973767	8	3	3	0	1	2	2	4043	675	29	56997	11	5	81	0	0	0	0	0	0	0	0	0	0	0	0	0	0	
950.960167	8	3	3	0	1	2	2	4048	675	29	57056	11	5	81	0	0	0	0	0	0	0	0	0	0	0	0	0	0	
951.965283	8	3	3	0	1	2	2	4053	675	29	57116	11	5	81	0	0	0	0	0	0	0	0	0	0	0	0	0	0	
952.971833	8	3	3	0	1	2	2	4058	674	29	57176	11	5	81	0	0	0	0	0	0	0	0	0	0	0	0	0	0	
953.976967	8	3	3	0	1	2	2	4063	675	29	57237	11	5	81	0	0	0	0	0	0	0	0	0	0	0	0	0	0	
954.963367	8	3	3	0	1	2	2	4068	674	29	57296	11	5	81	0	0	0	0	0	0	0	0	0	0	0	0	0	0	
955.968483	8	3	3	0	1	2	2	4073	675	29	57356	11	5	81	0	0	0	0	0	0	0	0	0	0	0	0	0	0	
956.973600	8	3	3	0	1	2	2	4078	674	29	57417	11	5	81	0	0	0	0	0	0	0	0	0	0	0	0	0	0	
957.960000	8	3	3	0	1	2	2	4084	674	29	57476	11	5	81	0	0	0	0	0	0	0	0	0	0	0	0	0	0	
958.966567	8	3	3	0	1	2	2	4090	675	29	57536	11	5	81	0	0	0	0	0	0	0	0	0	0	0	0	0	0	
959.971683	8	3	3	0	1	2	2	4096	675	29	57596	11	5	81	0	0	0	0	0	0	0	0	0	0	0	0	0	0	
960.976800	8	3	3	0	1	2	2	4101	675	29	57657	11	5	81	0	0	0	0	0	0	0	0	0	0	0	0	0	0	
961.963200	8	3	3	0	1	2	2	4107	674	29	57716	11	5	81	0	0	0	0	0	0	0	0	0	0	0	0	0	0	
962.968317	8	3	3	0	1	2	2	4113	675	29	57776	11	5	81	0	0	0	0	0	0	0	0	0	0	0	0	0	0	
963.973433	8	3	3	0	1	2	2	4117	667	29	57837	11	5	81	0	0	0	0	0	0	0	0	0	0	0	0	0	0	
964.961283	8	3	3	0	1	2	2	4123	666	29	57896	11	5	81	0	0	0	0	0	0	0	0	0	0	0	0	0	0	
965.966400	8	3	3	0	1	2	2	4129	664	29	57956	11	5	81	0	0	0	0	0	0	0	0	0	0	0	0	0	0	
966.971517	8	3	3	0	1	2	2	4135	663	29	58016	11	5	81	0	0	0	0	0	0	0	0	0	0	0	0	0	0	
967.976633	8	3	3	0	1	2	2	4141	662	29	58077	11	5	81	0	0	0	0	0	0	0	0	0	0	0	0	0	0	
968.963033	8	3	3	0	1	2	2	4147	662	29	58136	11	5	81	0	0	0	0	0	0	0	0	0	0	0	0	0	0	
969.968167	8	3	3	0	1	2	2	4154	662	29	58196	11	5	81	0	0	0	0	0	0	0	0	0	0	0	0	0	0	
970.974717	8	3	3	0	1	2	2	4160	659	29	58256	11	5	81	0	0	0	0	0	0	0	0	0	0	0	0	0	0	
971.961117	8	3	3	0	1	2	2	4167	658	29	58316	11	5	81	0	0	0	0	0	0	0	0	0	0	0	0	0	0	
972.966233	8	3	3	0	1	2	2	4173	658	29	58376	11	5	81	0	0	0	0	0	0	0	0	0	0	0	0	0	0	
973.971367	8	3	3	0	1	2	2	4180	657	29	58436	11	5	81	0	0	0	0	0	0	0	0	0	0	0	0	0	0	
974.976483	8	3	3	0	1	2	2	4187	657	29	58497	11	5	81	0	0	0	0	0	0	0	0	0	0	0	0	0	0	
975.964317	8	3	3	0	1	2	2	4194	655	29	58556	11	5	81	0	0	0	0	0	0	0	0	0	0	0	0	0	0	
976.969433	8	3	3	0	1	2	2	4198	643	29	58616	11	5	81	0	0	0	0	0	0	0	0	0	0	0	0	0	0	
977.974567	8	3	3	0	1	2	2	4199	611	29	58676	11	5	81	0	0	0	0	0	0	0	0	0	0	0	0	0	0	
978.960967	8	3	3	0	1	2	2	4198	584	29	58736	11	5	81	0	0	0	0	0	0	0	0	0	0	0	0	0	0	
979.966083	8	3	3	0	1	2	2	4198	558	29	58796	11	5	81	0	0	0	0	0	0	0	0	0	0	0	0	0	0	
980.971200	8	3	3	0	1	2	2	4198	533	29	58856	11	5	81	0	0	0	0	0	0	0	0	0	0	0	0	0	0	
981.976317	8	3	3	0	1	2	2	4198	509	29	58917	11	5	81	0	0	0	0	0	0	0	0	0	0	0	0	0	0	
982.964167	8	3	3	0	1	2	2	4198	487	29	58976	11	5	81	0	0	0	0	0	0	0	0	0	0	0	0	0	0	
983.969283	8	3	3	0	1	2	2	4198	466	29	59036	11	5	81	0	0	0	0	0	0	0	0	0	0	0	0	0	0	
984.974400	8	3	3	0	1	2	2	4198	445	29	59096	11	5	81	0	0	0	0	0	0	0	0	0	0	0	0	0	0	
985.960800	8	3	3	0	1	2	2	4199	426	29	59156	11	5	81	0	0	0	0	0	0	0	0	0	0	0	0	0	0	
986.965917	8	3	3	0	1	2	2	4198	407	29	59216	11	5	81	0	0	0	0	0	0	0	0	0	0	0	0	0	0	
987.971033	8	3	3	0	1	2	2	4199	389	29	59276	11	5	81	0	0	0	0	0	0	0	0	0	0	0	0	0	0	
988.977600	8	3	3	0	1	2	2	4199	372	29	59337	11	5	81	0	0	0	0	0	0	0	0	0	0	0	0	0	0	
989.964000	8	3	3	0	1	2	2	4198	355	29	59396	11	5	81	0	0	0	0	0	0	0	0	0	0	0	0	0	0	
990.969117	8	3	3	0	1	2	2	4198	340	29	59456	11	5	81	0	0	0	0	0	0	0	0	0	0	0	0	0	0	
991.974233	8	3	3	0	1	2	2	4199	325	29	59516	11	5	81	0	0	0	0	0	0	0	0	0	0	0	0	0	0	
992.979367	8	3	3	0	1	2	2	4198	311	29	59577	11	5	81	0	0	0	0	0	0	0	0	0	0	0	0	0	0	
993.965767	8	3	3	0	1	2	2	4198	298	29	59636	11	5	81	0	0	0	0	0	0	0	0	0	0	0	0	0	0	
994.972317	8	3	3	0	1	2	2	4199	285	29	59696	11	5	81	0	0	0	0	0	0	0	0	0	0	0	0	0	0	
995.977433	8	3	3	0	1	2	2	4198	273	29	59757	11	5	81	0	0	0	0	0	0	0	0	0	0	0	0	0	0	
996.963833	8	3	3	0	1	2	2	4198	260	29	59816	11	5	81	0	0	0	0	0	0	0	0	0	0	0	0	0	0	
997.968967	8	3	3	0	1	2	2	4198	250	29	59876	11	5	81	0	0	0	0	0	0	0	0	0	0	0	0	0	0	
998.974083	8	3	3	0	1	2	2	4199	239	29	59936	11	5	81	0	0	0	0	0	0	0	0	0	0	0	0	0	0	
999.979200	8	3	3	0	1	2	2	4199	228	29	59997	11	5	81	0	0	0	0	0	0	0	0	0	0	0	0	0	0	
1000.965600	8	3	3	0	1	2	2	4199	219	29	60056	11	5	81	0	0	0	0	0	0	0	0	0	0	0	0	0	0	
1001.972167	8	3	3	0	1	2	2	4199	209	30	60116	11	5	81	0	0	0	0	0	0	0	0	0	0	0	0	0	0	
1002.977283	8	3	3	0	1	2	2	4199	200	30	60177	11	5	81	0	0	0	0	0	0	0	0	0	0	0	0	0	0	
1003.963683	8	3	3	0	1	2	2	4199	192	30	60236	11	5	81	0	0	0	0	0	0	0	0	0	0	0	0	0	0	
1004.968800	8	3	3	0	1	2	2	4198	183	29	60296	11	5	81	0	0	0	0	0	0	0	0	0	0	0	0	0	0	
1005.973917	8	3	3	0	1	2	2	4198	175	30	60356	11	5	81	0	0	0	0	0	0	0	0	0	0	0	0	0	0	
1006.980483	8	3	3	0	1	2	2	4198	169	30	60417	11	5	81	0	0	0	0	0	0	0	0	0	0	0	0	0	0	
1007.966883	8	3	3	0	1	2	2	4199	161	30	60476	11	5	81	0	0	0	0	0	0	0	0	0	0	0	0	0	0	
1008.972000	8	3	3	0	1	2	2	4198	154	29	60536	11	5	81	0	0	0	0	0	0	0	0	0	0	0	0	0	0	
1009.977117	8	3	3	0	1	2	2	4199	148	30	60596	11	5	81	0	0	0	0	0	0	0	0	0	0	0	0	0	0	
1010.963517	8	3	3	0	1	2	2	4198	142	30	60656	11	5	81	0	0	0	0	0	0	0	0	0	0	0	0	0	0	
1011.968633	8	3	3	0	1	2	2	4198	136	30	60716	11	5	81	0	0	0	0	0	0	0	0	0	0	0	0	0	0	
1012.973767	8	3	3	0	1	2	2	4199	131	30	60776	11	5	81	0	0	0	0	0	0	0	0	0	0	0	0	0	0	
1013.980317	8	3	3	0	1	2	2	4199	124	30	60837	11	5	81	0	0	0	0	0	0	0	0	0	0	0	0	0	0	
1014.966717	8	3	3	0	1	2	2	4198	119	30	60896	11	5	81	0	0	0	0	0	0	0	0	0	0	0	0	0	0	
1015.971833	8	3	3	0	1	2	2	4198	115	30	60956	11	5	81	0	0	0	0	0	0	0	0	0	0	0	0	0	0	
1016.976967	8	3	3	0	1	2	2	4199	109	30	61016	11	5	81	0	0	0	0	0	0	0	0	0	0	0	0	0	0	
1017.963367	8	3	3	0	1	2	2	4199	105	30	61076	11	5	81	0	0	0	0	0	0	0	0	0	0	0	0	0	0	
1018.968483	8	3	3	0	1	2	2	4198	100	30	61136	11	5	81	0	0	0	0	0	0	0	0	0	0	0	0	0	0	
1019.975033	8	3	3	0	1	2	2	4198	96	30	61196	11	5	81	0	0	0	0	0	0	0	0	0	0	0	0	0	0	
1020.964317	8	3	3	0	1	2	2	4198	92	30	61256	11	5	81	0	0	0	0	0	0	0	0	0	0	0	0	0	0	
1021.969433	8	3	3	0	1	2	2	4198	89	30	61316	11	5	81	0	0	0	0	0	0	0	0	0	0	0	0	0	0	
1022.976000	8	3	3	0	1	2	2	4198	84	30	61376	11	5	81	0	0	0	0	0	0	0	0	0	0	0	0	0	0	
1023.981117	8	3	3	0	1	2	2	4198	82	30	61437	11	5	81	0	0	0	0	0	0	0	0	0	0	0	0	0	0	
1024.967517	8	3	3	0	1	2	2	4198	79	30	61496	11	5	81	0	0	0	0	0	0	0	0	0	0	0	0	0	0	
1025.972633	8	3	3	0	1	2	2	4199	76	30	61556	11	5	81	0	0	0	0	0	0	0	0	0	0	0	0	0	0	
1026.977767	8	3	3	0	1	2	2	4198	72	30	61616	11	5	81	0	0	0	0	0	0	0	0	0	0	0	0	0	0	
1027.965600	8	3	3	0	1	2	2	4198	69	30	61676	11	5	81	0	0	0	0	0	0	0	0	0	0	0	0	0	0	
1028.970717	8	3	3	0	1	2	2	4198	66	30	61736	11	5	81	0	0	0	0	0	0	0	0	0	0	0	0	0	0	
1029.015367	8	6	3	0	2	7	1	3947	-1332	30	61739	11	6	0	0	0	0	0	0	0	0	0	0	0	0	0	0	0	
1029.977283	8	6	3	0	2	7	1	3868	-1349	30	61796	11	6	1	0	0	0	0	0	0	0	0	0	0	0	0	0	0	
1030.963683	8	6	3	0	2	7	1	3836	-1348	30	61856	11	6	3	0	0	0	0	0	0	0	0	0	0	0	0	0	0	
1031.968800	8	6	3	0	2	7	1	3810	-1349	30	61916	11	6	4	0	0	0	0	0	0	0	0	0	0	0	0	0	0	
1032.975367	8	6	3	0	2	7	1	3779	-1348	30	61976	11	6	6	0	0	0	0	0	0	0	0	0	0	0	0	0	0	
1033.980483	8	6	3	0	2	7	1	3737	-1351	30	62037	11	6	8	0	0	0	0	0	0	0	0	0	0	0	0	0	0	
1034.966883	8	6	3	0	2	7	1	3669	-1350	30	62096	11	6	9	0	0	0	0	0	0	0	0	0	0	0	0	0	0	
1035.972000	8	6	3	0	2	7	1	3716	-1348	30	62156	11	6	11	0	0	0	0	0	0	0	0	0	0	0	0	0	0	
1036.977117	8	6	3	0	2	7	1	3686	-1349	30	62216	11	6	13	0	0	0	0	0	0	0	0	0	0	0	0	0	0	
1037.982233	8	6	3	0	2	7	1	3663	-1349	30	62277	11	6	14	0	0	0	0	0	0	0	0	0	0	0	0	0	0	
1038.968633	8	6	3	0	2	7	1	3566	-1349	30	62336	11	6	16	0	0	0	0	0	0	0	0	0	0	0	0	0	0	
1039.975200	8	6	3	0	2	7	1	3641	-1349	30	62396	11	6	18	0	0	0	0	0	0	0	0	0	0	0	0	0	0	
1040.980317	8	6	3	0	2	7	1	3617	-1350	30	62457	11	6	19	0	0	0	0	0	0	0	0	0	0	0	0	0	0	
1041.966717	8	6	3	0	2	7	1	3594	-1350	30	62516	11	6	21	0	0	0	0	0	0	0	0	0	0	0	0	0	0	
1042.971833	8	6	3	0	2	7	1	3524	-1349	30	62576	11	6	23	0	0	0	0	0	0	0	0	0	0	0	0	0	0	
1043.976967	8	6	3	0	2	7	1	3590	-1350	30	62636	11	6	24	0	0	0	0	0	0	0	0	0	0	0	0	0	0	
1044.982083	8	6	3	0	2	7	1	3579	-1350	30	62697	11	6	26	0	0	0	0	0	0	0	0	0	0	0	0	0	0	
1045.968483	8	6	3	0	2	7	1	3567	-1349	30	62756	11	6	28	0	0	0	0	0	0	0	0	0	0	0	0	0	0	
1046.975033	8	6	3	0	2	7	1	3554	-1350	30	62816	11	6	29	0	0	0	0	0	0	0	0	0	0	0	0	0	0	
1047.980167	8	6	3	0	2	7	1	3541	-1348	30	62876	11	6	31	0	0	0	0	0	0	0	0	0	0	0	0	0	0	
1048.966567	8	6	3	0	2	7	1	3529	-1348	30	62936	11	6	33	0	0	0	0	0	0	0	0	0	0	0	0	0	0	
1049.971683	8	6	3	0	2	7	1	3517	-1349	30	62996	11	6	34	0	0	0	0	0	0	0	0	0	0	0	0	0	0	
1050.976800	8	6	3	0	2	7	1	3505	-1349	30	63056	11	6	36	0	0	0	0	0	0	0	0	0	0	0	0	0	0	
1051.981917	8	6	3	0	2	7	1	3494	-1351	30	63117	11	6	37	0	0	0	0	0	0	0	0	0	0	0	0	0	0	
1052.969767	8	6	3	0	2	7	1	3484	-1350	30	63176	11	6	39	0	0	0	0	0	0	0	0	0	0	0	0	0	0	
1053.974883	8	6	3	0	2	7	1	3474	-1350	30	63236	11	6	41	0	0	0	0	0	0	0	0	0	0	0	0	0	0	
1054.980000	8	6	3	0	2	7	1	3464	-1351	30	63296	11	6	42	0	0	0	0	0	0	0	0	0	0	0	0	0	0	
1055.966400	8	6	3	0	2	7	1	3455	-1350	30	63356	11	6	44	0	0	0	0	0	0	0	0	0	0	0	0	0	0	
1056.971517	8	6	3	0	2	7	1	3446	-1349	30	63416	11	6	46	0	0	0	0	0	0	0	0	0	0	0	0	0	0	
1057.976633	8	6	3	0	2	7	1	3438	-1348	30	63476	11	6	47	0	0	0	0	0	0	0	0	0	0	0	0	0	0	
1058.983200	8	6	3	0	2	7	1	3430	-1349	30	63537	11	6	49	0	0	0	0	0	0	0	0	0	0	0	0	0	0	
1059.969600	8	6	3	0	2	7	1	3423	-1349	30	63596	11	6	51	0	0	0	0	0	0	0	0	0	0	0	0	0	0	
1060.974717	8	6	3	0	2	7	1	3415	-1350	30	63656	11	6	52	0	0	0	0	0	0	0	0	0	0	0	0	0	0	
1061.979833	8	6	3	0	2	7	1	3408	-1349	30	63716	11	6	54	0	0	0	0	0	0	0	0	0	0	0	0	0	0	
1062.984967	8	6	3	0	2	7	1	3401	-1348	30	63777	11	6	56	0	0	0	0	0	0	0	0	0	0	0	0	0	0	
1063.971367	8	6	3	0	2	7	1	3395	-1349	30	63836	11	6	57	0	0	0	0	0	0	0	0	0	0	0	0	0	0	
1064.976483	8	6	3	0	2	7	1	3388	-1350	30	63896	11	6	59	0	0	0	0	0	0	0	0	0	0	0	0	0	0	
1065.983033	8	6	3	0	2	7	1	3382	-1350	30	63957	11	6	61	0	0	0	0	0	0	0	0	0	0	0	0	0	0	
1066.969433	8	6	3	0	2	7	1	3374	-1352	30	64016	11	6	62	0	0	0	0	0	0	0	0	0	0	0	0	0	0	
1067.974567	8	6	3	0	2	7	1	3366	-1348	30	64076	11	6	64	0	0	0	0	0	0	0	0	0	0	0	0	0	0	
1068.979683	8	6	3	0	2	7	1	3357	-1348	29	64136	11	6	66	0	0	0	0	0	0	0	0	0	0	0	0	0	0	
1069.984800	8	6	3	0	2	7	1	3347	-1350	29	64197	11	6	67	0	0	0	0	0	0	0	0	0	0	0	0	0	0	
1070.971200	8	6	3	0	2	7	1	3335	-1350	29	64256	11	6	69	0	0	0	0	0	0	0	0	0	0	0	0	0	0	
1071.977767	8	6	3	0	2	7	1	3320	-1350	29	64316	11	6	71	0	0	0	0	0	0	0	0	0	0	0	0	0	0	
1072.982883	8	6	3	0	2	7	1	3301	-1350	29	64377	11	6	72	0	0	0	0	0	0	0	0	0	0	0	0	0	0	
1073.970717	8	6	3	0	2	7	1	3274	-1349	29	64436	11	6	74	0	0	0	0	0	0	0	0	0	0	0	0	0	0	
1074.975833	8	6	3	0	2	7	1	3234	-1349	29	64496	11	6	76	0	0	0	0	0	0	0	0	0	0	0	0	0	0	
1075.982400	8	6	3	0	2	7	1	3168	-1349	29	64556	11	6	77	0	0	0	0	0	0	0	0	0	0	0	0	0	0	
1076.968800	8	6	3	0	2	7	1	3043	-1350	29	64616	11	6	79	0	0	0	0	0	0	0	0	0	0	0	0	0	0	
1077.973917	8	6	3	0	2	7	1	2732	-1350	29	64676	11	6	80	0	0	0	0	0	0	0	0	0	0	0	0	0	0	
1078.093433	8	15	3	0	1	31	2	3020	53	29	64683	12	6	81	0	0	0	0	0	0	0	0	0	0	0	0	0	0	
1078.115033	8	3	3	0	1	2	2	3316	675	29	64684	13	6	81	0	0	0	0	0	0	0	0	0	0	0	0	0	0	
1078.981917	8	3	3	0	1	2	2	3650	673	29	64736	13	6	81	0	0	0	0	0	0	0	0	0	0	0	0	0	0	
1079.968317	8	3	3	0	1	2	2	3739	674	29	64796	13	6	81	0	0	0	0	0	0	0	0	0	0	0	0	0	0	
1080.974883	8	3	3	0	1	2	2	3788	675	29	64856	13	6	81	0	0	0	0	0	0	0	0	0	0	0	0	0	0	
1081.980000	8	3	3	0	1	2	2	3814	675	29	64916	13	6	81	0	0	0	0	0	0	0	0	0	0	0	0	0	0	
1082.985117	8	3	3	0	1	2	2	3829	675	29	64977	13	6	81	0	0	0	0	0	0	0	0	0	0	0	0	0	0	
1083.971517	8	3	3	0	1	2	2	3839	674	29	65036	13	6	81	0	0	0	0	0	0	0	0	0	0	0	0	0	0	
1084.978083	8	3	3	0	1	2	2	3847	674	29	65096	13	6	81	0	0	0	0	0	0	0	0	0	0	0	0	0	0	
1085.983200	8	3	3	0	1	2	2	3855	674	29	65156	13	6	81	0	0	0	0	0	0	0	0	0	0	0	0	0	0	
1086.969600	8	3	3	0	1	2	2	3863	675	29	65216	13	6	81	0	0	0	0	0	0	0	0	0	0	0	0	0	0	
1087.974717	8	3	3	0	1	2	2	3870	675	29	65276	13	6	81	0	0	0	0	0	0	0	0	0	0	0	0	0	0	
1088.979833	8	3	3	0	1	2	2	3877	676	29	65336	13	6	81	0	0	0	0	0	0	0	0	0	0	0	0	0	0	
1089.984967	8	3	3	0	1	2	2	3884	675	29	65397	13	6	81	0	0	0	0	0	0	0	0	0	0	0	0	0	0	
1090.971367	8	3	3	0	1	2	2	3891	675	29	65456	13	6	81	0	0	0	0	0	0	0	0	0	0	0	0	0	0	
1091.977917	8	3	3	0	1	2	2	3899	674	29	65516	13	6	81	0	0	0	0	0	0	0	0	0	0	0	0	0	0	
1092.983033	8	3	3	0	1	2	2	3905	675	29	65576	13	6	81	0	0	0	0	0	0	0	0	0	0	0	0	0	0	
1093.969433	8	3	3	0	1	2	2	3912	675	29	65636	13	6	81	0	0	0	0	0	0	0	0	0	0	0	0	0	0	
1094.974567	8	3	3	0	1	2	2	3918	674	29	65696	13	6	81	0	0	0	0	0	0	0	0	0	0	0	0	0	0	
1095.979683	8	3	3	0	1	2	2	3924	674	29	65756	13	6	81	0	0	0	0	0	0	0	0	0	0	0	0	0	0	
1096.984800	8	3	3	0	1	2	2	3929	674	30	65817	13	6	81	0	0	0	0	0	0	0	0	0	0	0	0	0	0	
1097.972633	8	3	3	0	1	2	2	3934	676	30	65876	13	6	81	0	0	0	0	0	0	0	0	0	0	0	0	0	0	
1098.977767	8	3	3	0	1	2	2	3938	675	30	65936	13	6	81	0	0	0	0	0	0	0	0	0	0	0	0	0	0	
1099.982883	8	3	3	0	1	2	2	3941	674	30	65996	13	6	81	0	0	0	0	0	0	0	0	0	0	0	0	0	0	
1100.969283	8	3	3	0	1	2	2	3945	675	30	66056	13	6	81	0	0	0	0	0	0	0	0	0	0	0	0	0	0	
1101.974400	8	3	3	0	1	2	2	3949	673	30	66116	13	6	81	0	0	0	0	0	0	0	0	0	0	0	0	0	0	
1102.980967	8	3	3	0	1	2	2	3952	674	30	66176	13	6	81	0	0	0	0	0	0	0	0	0	0	0	0	0	0	
1103.986083	8	3	3	0	1	2	2	3956	676	30	66237	13	6	81	0	0	0	0	0	0	0	0	0	0	0	0	0	0	
1104.972483	8	3	3	0	1	2	2	3959	675	30	66296	13	6	81	0	0	0	0	0	0	0	0	0	0	0	0	0	0	
1105.977600	8	3	3	0	1	2	2	3962	675	30	66356	13	6	81	0	0	0	0	0	0	0	0	0	0	0	0	0	0	
1106.982717	8	3	3	0	1	2	2	3966	675	30	66416	13	6	81	0	0	0	0	0	0	0	0	0	0	0	0	0	0	
1107.989283	8	3	3	0	1	2	2	3969	675	30	66477	13	6	81	0	0	0	0	0	0	0	0	0	0	0	0	0	0	
1108.975683	8	3	3	0	1	2	2	3973	675	30	66536	13	6	81	0	0	0	0	0	0	0	0	0	0	0	0	0	0	
1109.980800	8	3	3	0	1	2	2	3976	674	30	66596	13	6	81	0	0	0	0	0	0	0	0	0	0	0	0	0	0	
1110.985917	8	3	3	0	1	2	2	3979	674	30	66657	13	6	81	0	0	0	0	0	0	0	0	0	0	0	0	0	0	
1111.972317	8	3	3	0	1	2	2	3983	675	30	66716	13	6	81	0	0	0	0	0	0	0	0	0	0	0	0	0	0	
1112.977433	8	3	3	0	1	2	2	3986	675	30	66776	13	6	81	0	0	0	0	0	0	0	0	0	0	0	0	0	0	
1113.982567	8	3	3	0	1	2	2	3989	674	30	66836	13	6	81	0	0	0	0	0	0	0	0	0	0	0	0	0	0	
1114.989117	8	3	3	0	1	2	2	3993	674	30	66897	13	6	81	0	0	0	0	0	0	0	0	0	0	0	0	0	0	
1115.975517	8	3	3	0	1	2	2	3996	674	30	66956	13	6	81	0	0	0	0	0	0	0	0	0	0	0	0	0	0	
1116.980633	8	3	3	0	1	2	2	4000	675	30	67016	13	6	81	0	0	0	0	0	0	0	0	0	0	0	0	0	0	
1117.985767	8	3	3	0	1	2	2	4003	675	30	67077	13	6	81	0	0	0	0	0	0	0	0	0	0	0	0	0	0	
1118.972167	8	3	3	0	1	2	2	4007	674	30	67136	13	6	81	0	0	0	0	0	0	0	0	0	0	0	0	0	0	
1119.977283	8	3	3	0	1	2	2	4011	674	30	67196	13	6	81	0	0	0	0	0	0	0	0	0	0	0	0	0	0	
1120.983833	8	3	3	0	1	2	2	4014	675	29	67256	13	6	81	0	0	0	0	0	0	0	0	0	0	0	0	0	0	
1121.988967	8	3	3	0	1	2	2	4018	675	29	67317	13	6	81	0	0	0	0	0	0	0	0	0	0	0	0	0	0	
1122.975367	8	3	3	0	1	2	2	4022	675	29	67376	13	6	81	0	0	0	0	0	0	0	0	0	0	0	0	0	0	
1123.980483	8	3	3	0	1	2	2	4026	675	29	67436	13	6	81	0	0	0	0	0	0	0	0	0	0	0	0	0	0	
1124.985600	8	3	3	0	1	2	2	4030	675	29	67496	13	6	81	0	0	0	0	0	0	0	0	0	0	0	0	0	0	
1125.973433	8	3	3	0	1	2	2	4035	675	29	67556	13	6	81	0	0	0	0	0	0	0	0	0	0	0	0	0	0	
1126.978567	8	3	3	0	1	2	2	4039	675	29	67616	13	6	81	0	0	0	0	0	0	0	0	0	0	0	0	0	0	
1127.983683	8	3	3	0	1	2	2	4044	675	29	67676	13	6	81	0	0	0	0	0	0	0	0	0	0	0	0	0	0	
1128.988800	8	3	3	0	1	2	2	4048	674	29	67737	13	6	81	0	0	0	0	0	0	0	0	0	0	0	0	0	0	
1129.975200	8	3	3	0	1	2	2	4053	675	29	67796	13	6	81	0	0	0	0	0	0	0	0	0	0	0	0	0	0	
1130.980317	8	3	3	0	1	2	2	4057	674	29	67856	13	6	81	0	0	0	0	0	0	0	0	0	0	0	0	0	0	
1131.985433	8	3	3	0	1	2	2	4062	674	29	67916	13	6	81	0	0	0	0	0	0	0	0	0	0	0	0	0	0	
1132.973283	8	3	3	0	1	2	2	4067	674	29	67976	13	6	81	0	0	0	0	0	0	0	0	0	0	0	0	0	0	
1133.978400	8	3	3	0	1	2	2	4073	675	29	68036	13	6	81	0	0	0	0	0	0	0	0	0	0	0	0	0	0	
1134.983517	8	3	3	0	1	2	2	4077	674	29	68096	13	6	81	0	0	0	0	0	0	0	0	0	0	0	0	0	0	
1135.988633	8	3	3	0	1	2	2	4083	674	29	68157	13	6	81	0	0	0	0	0	0	0	0	0	0	0	0	0	0	
1136.975033	8	3	3	0	1	2	2	4088	675	29	68216	13	6	81	0	0	0	0	0	0	0	0	0	0	0	0	0	0	
1137.980167	8	3	3	0	1	2	2	4094	674	29	68276	13	6	81	0	0	0	0	0	0	0	0	0	0	0	0	0	0	
1138.986717	8	3	3	0	1	2	2	4099	675	29	68336	13	6	81	0	0	0	0	0	0	0	0	0	0	0	0	0	0	
1139.973117	8	3	3	0	1	2	2	4105	675	29	68396	13	6	81	0	0	0	0	0	0	0	0	0	0	0	0	0	0	
1140.978233	8	3	3	0	1	2	2	4111	675	29	68456	13	6	81	0	0	0	0	0	0	0	0	0	0	0	0	0	0	
1141.983367	8	3	3	0	1	2	2	4116	671	29	68516	13	6	81	0	0	0	0	0	0	0	0	0	0	0	0	0	0	
1142.988483	8	3	3	0	1	2	2	4121	667	29	68577	13	6	81	0	0	0	0	0	0	0	0	0	0	0	0	0	0	
1143.979200	8	3	3	0	1	2	2	4127	668	29	68636	13	6	81	0	0	0	0	0	0	0	0	0	0	0	0	0	0	
1144.984317	8	3	3	0	1	2	2	4133	669	29	68696	13	6	81	0	0	0	0	0	0	0	0	0	0	0	0	0	0	
1145.989433	8	3	3	0	1	2	2	4139	666	29	68757	13	6	81	0	0	0	0	0	0	0	0	0	0	0	0	0	0	
1146.975833	8	3	3	0	1	2	2	4145	665	29	68816	13	6	81	0	0	0	0	0	0	0	0	0	0	0	0	0	0	
1147.980967	8	3	3	0	1	2	2	4151	664	29	68876	13	6	81	0	0	0	0	0	0	0	0	0	0	0	0	0	0	
1148.987517	8	3	3	0	1	2	2	4158	664	29	68936	13	6	81	0	0	0	0	0	0	0	0	0	0	0	0	0	0	
1149.973917	8	3	3	0	1	2	2	4164	663	29	68996	13	6	81	0	0	0	0	0	0	0	0	0	0	0	0	0	0	
1150.979033	8	3	3	0	1	2	2	4170	661	29	69056	13	6	81	0	0	0	0	0	0	0	0	0	0	0	0	0	0	
1151.984167	8	3	3	0	1	2	2	4177	661	29	69116	13	6	81	0	0	0	0	0	0	0	0	0	0	0	0	0	0	
1152.989283	8	3	3	0	1	2	2	4184	661	29	69177	13	6	81	0	0	0	0	0	0	0	0	0	0	0	0	0	0	
1153.975683	8	3	3	0	1	2	2	4190	660	29	69236	13	6	81	0	0	0	0	0	0	0	0	0	0	0	0	0	0	
1154.982233	8	3	3	0	1	2	2	4197	659	29	69296	13	6	81	0	0	0	0	0	0	0	0	0	0	0	0	0	0	
1155.987367	8	3	3	0	1	2	2	4198	632	29	69356	13	6	81	0	0	0	0	0	0	0	0	0	0	0	0	0	0	
1156.973767	8	3	3	0	1	2	2	4199	605	29	69416	13	6	81	0	0	0	0	0	0	0	0	0	0	0	0	0	0	
1157.978883	8	3	3	0	1	2	2	4198	579	29	69476	13	6	81	0	0	0	0	0	0	0	0	0	0	0	0	0	0	
1158.984000	8	3	3	0	1	2	2	4199	556	29	69536	13	6	81	0	0	0	0	0	0	0	0	0	0	0	0	0	0	
1159.990567	8	3	3	0	1	2	2	4198	532	29	69597	13	6	81	0	0	0	0	0	0	0	0	0	0	0	0	0	0	
1160.978400	8	3	3	0	1	2	2	4198	510	29	69656	13	6	81	0	0	0	0	0	0	0	0	0	0	0	0	0	0	
1161.983517	8	3	3	0	1	2	2	4199	488	29	69716	13	6	81	0	0	0	0	0	0	0	0	0	0	0	0	0	0	
1162.988633	8	3	3	0	1	2	2	4198	468	29	69776	13	6	81	0	0	0	0	0	0	0	0	0	0	0	0	0	0	
1163.976483	8	3	3	0	1	2	2	4199	449	29	69836	13	6	81	0	0	0	0	0	0	0	0	0	0	0	0	0	0	
1164.981600	8	3	3	0	1	2	2	4198	431	29	69896	13	6	81	0	0	0	0	0	0	0	0	0	0	0	0	0	0	
1165.986717	8	3	3	0	1	2	2	4199	413	29	69956	13	6	81	0	0	0	0	0	0	0	0	0	0	0	0	0	0	
1166.991833	8	3	3	0	1	2	2	4198	396	29	70017	13	6	81	0	0	0	0	0	0	0	0	0	0	0	0	0	0	
1167.978233	8	3	3	0	1	2	2	4198	379	29	70076	13	6	81	0	0	0	0	0	0	0	0	0	0	0	0	0	0	
1168.983367	8	3	3	0	1	2	2	4198	364	29	70136	13	6	81	0	0	0	0	0	0	0	0	0	0	0	0	0	0	
1169.988483	8	3	3	0	1	2	2	4198	349	29	70196	13	6	81	0	0	0	0	0	0	0	0	0	0	0	0	0	0	
1170.976317	8	3	3	0	1	2	2	4199	335	29	70256	13	6	81	0	0	0	0	0	0	0	0	0	0	0	0	0	0	
1171.981433	8	3	3	0	1	2	2	4198	321	29	70316	13	6	81	0	0	0	0	0	0	0	0	0	0	0	0	0	0	
1172.986567	8	3	3	0	1	2	2	4198	307	29	70376	13	6	81	0	0	0	0	0	0	0	0	0	0	0	0	0	0	
1173.991683	8	3	3	0	1	2	2	4199	295	29	70437	13	6	81	0	0	0	0	0	0	0	0	0	0	0	0	0	0	
1174.978083	8	3	3	0	1	2	2	4198	283	29	70496	13	6	81	0	0	0	0	0	0	0	0	0	0	0	0	0	0	
1175.983200	8	3	3	0	1	2	2	4198	271	29	70556	13	6	81	0	0	0	0	0	0	0	0	0	0	0	0	0	0	
1176.989767	8	3	3	0	1	2	2	4199	260	29	70616	13	6	81	0	0	0	0	0	0	0	0	0	0	0	0	0	0	
1177.976167	8	3	3	0	1	2	2	4198	250	29	70676	13	6	81	0	0	0	0	0	0	0	0	0	0	0	0	0	0	
1178.981283	8	3	3	0	1	2	2	4199	239	29	70736	13	6	81	0	0	0	0	0	0	0	0	0	0	0	0	0	0	
1179.986400	8	3	3	0	1	2	2	4199	230	29	70796	13	6	81	0	0	0	0	0	0	0	0	0	0	0	0	0	0	
1180.991517	8	3	3	0	1	2	2	4198	221	29	70857	13	6	81	0	0	0	0	0	0	0	0	0	0	0	0	0	0	
1181.977917	8	3	3	0	1	2	2	4198	212	29	70916	13	6	81	0	0	0	0	0	0	0	0	0	0	0	0	0	0	
1182.984483	8	3	3	0	1	2	2	4199	203	29	70976	13	6	81	0	0	0	0	0	0	0	0	0	0	0	0	0	0	
1183.989600	8	3	3	0	1	2	2	4199	195	29	71036	13	6	81	0	0	0	0	0	0	0	0	0	0	0	0	0	0	
1184.994717	8	3	3	0	1	2	2	4198	186	29	71097	13	6	81	0	0	0	0	0	0	0	0	0	0	0	0	0	0	
1185.981117	8	3	3	0	1	2	2	4198	178	29	71156	13	6	81	0	0	0	0	0	0	0	0	0	0	0	0	0	0	
1186.986233	8	3	3	0	1	2	2	4199	172	29	71216	13	6	81	0	0	0	0	0	0	0	0	0	0	0	0	0	0	
1187.991367	8	3	3	0	1	2	2	4199	164	29	71277	13	6	81	0	0	0	0	0	0	0	0	0	0	0	0	0	0	
1188.977767	8	3	3	0	1	2	2	4199	158	29	71336	13	6	81	0	0	0	0	0	0	0	0	0	0	0	0	0	0	
1189.984317	8	3	3	0	1	2	2	4198	151	29	71396	13	6	81	0	0	0	0	0	0	0	0	0	0	0	0	0	0	
1190.989433	8	3	3	0	1	2	2	4198	145	29	71456	13	6	81	0	0	0	0	0	0	0	0	0	0	0	0	0	0	
1191.994567	8	3	3	0	1	2	2	4198	141	28	71517	13	6	81	0	0	0	0	0	0	0	0	0	0	0	0	0	0	
1192.980967	8	3	3	0	1	2	2	4198	135	28	71576	13	6	81	0	0	0	0	0	0	0	0	0	0	0	0	0	0	
1193.986083	8	3	3	0	1	2	2	4199	129	28	71636	13	6	81	0	0	0	0	0	0	0	0	0	0	0	0	0	0	
1194.991200	8	3	3	0	1	2	2	4199	124	28	71697	13	6	81	0	0	0	0	0	0	0	0	0	0	0	0	0	0	
1195.979033	8	3	3	0	1	2	2	4198	119	28	71756	13	6	81	0	0	0	0	0	0	0	0	0	0	0	0	0	0	
1196.984167	8	3	3	0	1	2	2	4198	114	28	71816	13	6	81	0	0	0	0	0	0	0	0	0	0	0	0	0	0	
1197.989283	8	3	3	0	1	2	2	4199	111	28	71876	13	6	81	0	0	0	0	0	0	0	0	0	0	0	0	0	0	
1198.994400	8	3	3	0	1	2	2	4198	106	28	71937	13	6	81	0	0	0	0	0	0	0	0	0	0	0	0	0	0	
1199.980800	8	3	3	0	1	2	2	4199	102	28	71996	13	6	81	0	0	0	0	0	0	0	0	0	0	0	0	0	0	
1200.985917	8	3	3	0	1	2	2	4199	98	28	72056	13	6	81	0	0	0	0	0	0	0	0	0	0	0	0	0	0	
1201.992483	8	3	3	0	1	2	2	4199	94	28	72116	13	6	81	0	0	0	0	0	0	0	0	0	0	0	0	0	0	
1202.978883	8	3	3	0	1	2	2	4199	90	28	72176	13	6	81	0	0	0	0	0	0	0	0	0	0	0	0	0	0	
1203.984000	8	3	3	0	1	2	2	4198	86	28	72236	13	6	81	0	0	0	0	0	0	0	0	0	0	0	0	0	0	
1204.989117	8	3	3	0	1	2	2	4199	84	28	72296	13	6	81	0	0	0	0	0	0	0	0	0	0	0	0	0	0	
1205.994233	8	3	3	0	1	2	2	4198	80	28	72357	13	6	81	0	0	0	0	0	0	0	0	0	0	0	0	0	0	
1206.980633	8	3	3	0	1	2	2	4199	77	28	72416	13	6	81	0	0	0	0	0	0	0	0	0	0	0	0	0	0	
1207.985767	8	3	3	0	1	2	2	4199	75	28	72476	13	6	81	0	0	0	0	0	0	0	0	0	0	0	0	0	0	
1208.992317	8	3	3	0	1	2	2	4198	72	28	72536	13	6	81	0	0	0	0	0	0	0	0	0	0	0	0	0	0	
1209.978717	8	3	3	0	1	2	2	4199	70	28	72596	13	6	81	0	0	0	0	0	0	0	0	0	0	0	0	0	0	
1210.907517	8	6	3	0	2	7	1	3911	-1350	28	72651	13	7	0	0	0	0	0	0	0	0	0	0	0	0	0	0	0	
1210.985283	8	6	3	0	2	7	1	3908	-1350	28	72656	13	7	0	0	0	0	0	0	0	0	0	0	0	0	0	0	0	
1211.990400	8	6	3	0	2	7	1	3843	-1349	28	72716	13	7	1	0	0	0	0	0	0	0	0	0	0	0	0	0	0	
1212.995517	8	6	3	0	2	7	1	3813	-1349	28	72777	13	7	3	0	0	0	0	0	0	0	0	0	0	0	0	0	0	
1213.983367	8	6	3	0	2	7	1	3790	-1348	28	72836	13	7	5	0	0	0	0	0	0	0	0	0	0	0	0	0	0	
1214.988483	8	6	3	0	2	7	1	3768	-1350	28	72896	13	7	6	0	0	0	0	0	0	0	0	0	0	0	0	0	0	
1215.993600	8	6	3	0	2	7	1	3747	-1351	28	72957	13	7	8	0	0	0	0	0	0	0	0	0	0	0	0	0	0	
1216.980000	8	6	3	0	2	7	1	3728	-1349	28	73016	13	7	10	0	0	0	0	0	0	0	0	0	0	0	0	0	0	
1217.985117	8	6	3	0	2	7	1	3708	-1349	28	73076	13	7	11	0	0	0	0	0	0	0	0	0	0	0	0	0	0	
1218.991683	8	6	3	0	2	7	1	3690	-1350	28	73136	13	7	13	0	0	0	0	0	0	0	0	0	0	0	0	0	0	
1219.996800	8	6	3	0	2	7	1	3672	-1349	28	73197	13	7	15	0	0	0	0	0	0	0	0	0	0	0	0	0	0	
1220.983200	8	6	3	0	2	7	1	3655	-1350	28	73256	13	7	16	0	0	0	0	0	0	0	0	0	0	0	0	0	0	
1221.988317	8	6	3	0	2	7	1	3639	-1350	28	73316	13	7	18	0	0	0	0	0	0	0	0	0	0	0	0	0	0	
1222.993433	8	6	3	0	2	7	1	3622	-1348	28	73376	13	7	19	0	0	0	0	0	0	0	0	0	0	0	0	0	0	
1223.979833	8	6	3	0	2	7	1	3606	-1350	28	73436	13	7	21	0	0	0	0	0	0	0	0	0	0	0	0	0	0	
1224.984967	8	6	3	0	2	7	1	3591	-1350	28	73496	13	7	23	0	0	0	0	0	0	0	0	0	0	0	0	0	0	
1225.991517	8	6	3	0	2	7	1	3576	-1349	28	73556	13	7	24	0	0	0	0	0	0	0	0	0	0	0	0	0	0	
1226.996633	8	6	3	0	2	7	1	3561	-1350	28	73617	13	7	26	0	0	0	0	0	0	0	0	0	0	0	0	0	0	
1227.983033	8	6	3	0	2	7	1	3547	-1350	28	73676	13	7	28	0	0	0	0	0	0	0	0	0	0	0	0	0	0	
1228.988167	8	6	3	0	2	7	1	3533	-1350	28	73736	13	7	29	0	0	0	0	0	0	0	0	0	0	0	0	0	0	
1229.993283	8	6	3	0	2	7	1	3520	-1349	28	73796	13	7	31	0	0	0	0	0	0	0	0	0	0	0	0	0	0	
1230.979683	8	6	3	0	2	7	1	3507	-1349	28	73856	13	7	33	0	0	0	0	0	0	0	0	0	0	0	0	0	0	
1231.984800	8	6	3	0	2	7	1	3495	-1350	28	73916	13	7	34	0	0	0	0	0	0	0	0	0	0	0	0	0	0	
1232.991367	8	6	3	0	2	7	1	3483	-1350	28	73976	13	7	36	0	0	0	0	0	0	0	0	0	0	0	0	0	0	
1233.996483	8	6	3	0	2	7	1	3471	-1349	28	74037	13	7	38	0	0	0	0	0	0	0	0	0	0	0	0	0	0	
1234.982883	8	6	3	0	2	7	1	3461	-1351	28	74096	13	7	39	0	0	0	0	0	0	0	0	0	0	0	0	0	0	
1235.988000	8	6	3	0	2	7	1	3451	-1349	28	74156	13	7	41	0	0	0	0	0	0	0	0	0	0	0	0	0	0	
1236.993117	8	6	3	0	2	7	1	3440	-1350	28	74216	13	7	43	0	0	0	0	0	0	0	0	0	0	0	0	0	0	
1237.980967	8	6	3	0	2	7	1	3431	-1349	28	74276	13	7	44	0	0	0	0	0	0	0	0	0	0	0	0	0	0	
1238.986083	8	6	3	0	2	7	1	3422	-1350	28	74336	13	7	46	0	0	0	0	0	0	0	0	0	0	0	0	0	0	
1239.991200	8	6	3	0	2	7	1	3413	-1350	28	74396	13	7	47	0	0	0	0	0	0	0	0	0	0	0	0	0	0	
1240.996317	8	6	3	0	2	7	1	3406	-1351	28	74457	13	7	49	0	0	0	0	0	0	0	0	0	0	0	0	0	0	
1241.982717	8	6	3	0	2	7	1	3398	-1349	28	74516	13	7	51	0	0	0	0	0	0	0	0	0	0	0	0	0	0	
1242.987833	8	6	3	0	2	7	1	3390	-1349	28	74576	13	7	52	0	0	0	0	0	0	0	0	0	0	0	0	0	0	
1243.992967	8	6	3	0	2	7	1	3383	-1350	28	74636	13	7	54	0	0	0	0	0	0	0	0	0	0	0	0	0	0	
1244.999517	8	6	3	0	2	7	1	3376	-1351	28	74697	13	7	56	0	0	0	0	0	0	0	0	0	0	0	0	0	0	
1245.985917	8	6	3	0	2	7	1	3369	-1350	28	74756	13	7	57	0	0	0	0	0	0	0	0	0	0	0	0	0	0	
1246.991033	8	6	3	0	2	7	1	3362	-1350	28	74816	13	7	59	0	0	0	0	0	0	0	0	0	0	0	0	0	0	
1247.996167	8	6	3	0	2	7	1	3355	-1349	28	74877	13	7	61	0	0	0	0	0	0	0	0	0	0	0	0	0	0	
1248.982567	8	6	3	0	2	7	1	3347	-1348	28	74936	13	7	62	0	0	0	0	0	0	0	0	0	0	0	0	0	0	
1249.987683	8	6	3	0	2	7	1	3338	-1348	28	74996	13	7	64	0	0	0	0	0	0	0	0	0	0	0	0	0	0	
1250.994233	8	6	3	0	2	7	1	3327	-1348	28	75056	13	7	66	0	0	0	0	0	0	0	0	0	0	0	0	0	0	
1251.999367	8	6	3	0	2	7	1	3316	-1351	28	75117	13	7	67	0	0	0	0	0	0	0	0	0	0	0	0	0	0	
1252.985767	8	6	3	0	2	7	1	3301	-1349	28	75176	13	7	69	0	0	0	0	0	0	0	0	0	0	0	0	0	0	
1253.990883	8	6	3	0	2	7	1	3283	-1350	28	75236	13	7	70	0	0	0	0	0	0	0	0	0	0	0	0	0	0	
1254.996000	8	6	3	0	2	7	1	3258	-1350	28	75296	13	7	72	0	0	0	0	0	0	0	0	0	0	0	0	0	0	
1255.982400	8	6	3	0	2	7	1	3222	-1348	28	75356	13	7	74	0	0	0	0	0	0	0	0	0	0	0	0	0	0	
1256.988967	8	6	3	0	2	7	1	3163	-1350	28	75416	13	7	75	0	0	0	0	0	0	0	0	0	0	0	0	0	0	
1257.994083	8	6	3	0	2	7	1	3055	-1348	28	75476	13	7	77	0	0	0	0	0	0	0	0	0	0	0	0	0	0	
1258.999200	8	6	3	0	2	7	1	2818	-1350	28	75537	13	7	79	0	0	0	0	0	0	0	0	0	0	0	0	0	0	
1259.326083	8	15	3	0	1	31	2	3103	6	28	75556	15	7	79	0	0	0	0	0	0	0	0	0	0	0	0	0	0	
1259.347683	8	3	3	0	1	2	2	3375	676	28	75558	15	7	79	0	0	0	0	0	0	0	0	0	0	0	0	0	0	
1259.988483	8	3	3	0	1	2	2	3655	675	28	75596	15	7	79	0	0	0	0	0	0	0	0	0	0	0	0	0	0	
1260.995033	8	3	3	0	1	2	2	3756	674	28	75656	15	7	79	0	0	0	0	0	0	0	0	0	0	0	0	0	0	
1262.000167	8	3	3	0	1	2	2	3803	674	28	75717	15	7	79	0	0	0	0	0	0	0	0	0	0	0	0	0	0	
1262.986567	8	3	3	0	1	2	2	3827	675	28	75776	15	7	79	0	0	0	0	0	0	0	0	0	0	0	0	0	0	
1263.991683	8	3	3	0	1	2	2	3841	674	28	75836	15	7	79	0	0	0	0	0	0	0	0	0	0	0	0	0	0	
1264.996800	8	3	3	0	1	2	2	3852	674	28	75897	15	7	79	0	0	0	0	0	0	0	0	0	0	0	0	0	0	
1265.984633	8	3	3	0	1	2	2	3861	676	28	75956	15	7	79	0	0	0	0	0	0	0	0	0	0	0	0	0	0	
1266.989767	8	3	3	0	1	2	2	3869	674	28	76016	15	7	79	0	0	0	0	0	0	0	0	0	0	0	0	0	0	
1267.994883	8	3	3	0	1	2	2	3877	674	28	76076	15	7	79	0	0	0	0	0	0	0	0	0	0	0	0	0	0	
1269.000000	8	3	3	0	1	2	2	3885	675	28	76137	15	7	79	0	0	0	0	0	0	0	0	0	0	0	0	0	0	
1269.986400	8	3	3	0	1	2	2	3892	675	28	76196	15	7	79	0	0	0	0	0	0	0	0	0	0	0	0	0	0	
1270.992967	8	3	3	0	1	2	2	3900	675	28	76256	15	7	79	0	0	0	0	0	0	0	0	0	0	0	0	0	0	
1271.983683	8	3	3	0	1	2	2	3907	675	28	76316	15	7	79	0	0	0	0	0	0	0	0	0	0	0	0	0	0	
1272.990233	8	3	3	0	1	2	2	3915	675	28	76376	15	7	79	0	0	0	0	0	0	0	0	0	0	0	0	0	0	
1273.995367	8	3	3	0	1	2	2	3921	674	28	76436	15	7	79	0	0	0	0	0	0	0	0	0	0	0	0	0	0	
1275.000483	8	3	3	0	1	2	2	3928	674	28	76497	15	7	79	0	0	0	0	0	0	0	0	0	0	0	0	0	0	
1275.986883	8	3	3	0	1	2	2	3934	675	28	76556	15	7	79	0	0	0	0	0	0	0	0	0	0	0	0	0	0	
1276.992000	8	3	3	0	1	2	2	3939	675	28	76616	15	7	79	0	0	0	0	0	0	0	0	0	0	0	0	0	0	
1277.997117	8	3	3	0	1	2	2	3944	674	28	76676	15	7	79	0	0	0	0	0	0	0	0	0	0	0	0	0	0	
1278.984967	8	3	3	0	1	2	2	3948	674	28	76736	15	7	79	0	0	0	0	0	0	0	0	0	0	0	0	0	0	
1279.990083	8	3	3	0	1	2	2	3952	675	28	76796	15	7	79	0	0	0	0	0	0	0	0	0	0	0	0	0	0	
1280.995200	8	3	3	0	1	2	2	3956	675	28	76856	15	7	79	0	0	0	0	0	0	0	0	0	0	0	0	0	0	
1282.000317	8	3	3	0	1	2	2	3960	675	28	76917	15	7	79	0	0	0	0	0	0	0	0	0	0	0	0	0	0	
1282.986717	8	3	3	0	1	2	2	3963	674	28	76976	15	7	79	0	0	0	0	0	0	0	0	0	0	0	0	0	0	
1283.993283	8	3	3	0	1	2	2	3967	674	28	77036	15	7	79	0	0	0	0	0	0	0	0	0	0	0	0	0	0	
1284.998400	8	3	3	0	1	2	2	3970	674	28	77096	15	7	79	0	0	0	0	0	0	0	0	0	0	0	0	0	0	
1285.984800	8	3	3	0	1	2	2	3973	675	28	77156	15	7	79	0	0	0	0	0	0	0	0	0	0	0	0	0	0	
1286.989917	8	3	3	0	1	2	2	3977	674	28	77216	15	7	79	0	0	0	0	0	0	0	0	0	0	0	0	0	0	
1287.995033	8	3	3	0	1	2	2	3980	675	28	77276	15	7	79	0	0	0	0	0	0	0	0	0	0	0	0	0	0	
1289.000167	8	3	3	0	1	2	2	3984	675	28	77337	15	7	79	0	0	0	0	0	0	0	0	0	0	0	0	0	0	
1289.986567	8	3	3	0	1	2	2	3987	675	28	77396	15	7	79	0	0	0	0	0	0	0	0	0	0	0	0	0	0	
1290.993117	8	3	3	0	1	2	2	3991	676	28	77456	15	7	79	0	0	0	0	0	0	0	0	0	0	0	0	0	0	
1291.998233	8	3	3	0	1	2	2	3993	674	28	77516	15	7	79	0	0	0	0	0	0	0	0	0	0	0	0	0	0	
1292.984633	8	3	3	0	1	2	2	3997	674	28	77576	15	7	79	0	0	0	0	0	0	0	0	0	0	0	0	0	0	
1293.989767	8	3	3	0	1	2	2	4000	675	28	77636	15	7	79	0	0	0	0	0	0	0	0	0	0	0	0	0	0	
1294.996317	8	3	3	0	1	2	2	4004	674	27	77696	15	7	79	0	0	0	0	0	0	0	0	0	0	0	0	0	0	
1296.001433	8	3	3	0	1	2	2	4007	674	27	77757	15	7	79	0	0	0	0	0	0	0	0	0	0	0	0	0	0	
1296.987833	8	3	3	0	1	2	2	4010	674	28	77816	15	7	79	0	0	0	0	0	0	0	0	0	0	0	0	0	0	
1297.992967	8	3	3	0	1	2	2	4014	674	28	77876	15	7	79	0	0	0	0	0	0	0	0	0	0	0	0	0	0	
1298.998083	8	3	3	0	1	2	2	4017	674	28	77936	15	7	79	0	0	0	0	0	0	0	0	0	0	0	0	0	0	
1300.003200	8	3	3	0	1	2	2	4021	675	27	77997	15	7	79	0	0	0	0	0	0	0	0	0	0	0	0	0	0	
1300.989600	8	3	3	0	1	2	2	4025	675	28	78056	15	7	79	0	0	0	0	0	0	0	0	0	0	0	0	0	0	
1301.996167	8	3	3	0	1	2	2	4029	674	28	78116	15	7	79	0	0	0	0	0	0	0	0	0	0	0	0	0	0	
1303.001283	8	3	3	0	1	2	2	4032	674	27	78177	15	7	79	0	0	0	0	0	0	0	0	0	0	0	0	0	0	
1303.987683	8	3	3	0	1	2	2	4036	674	27	78236	15	7	79	0	0	0	0	0	0	0	0	0	0	0	0	0	0	
1304.992800	8	3	3	0	1	2	2	4040	675	27	78296	15	7	79	0	0	0	0	0	0	0	0	0	0	0	0	0	0	
1305.997917	8	3	3	0	1	2	2	4044	674	27	78356	15	7	79	0	0	0	0	0	0	0	0	0	0	0	0	0	0	
1307.004483	8	3	3	0	1	2	2	4048	673	28	78417	15	7	79	0	0	0	0	0	0	0	0	0	0	0	0	0	0	
1307.990883	8	3	3	0	1	2	2	4053	675	27	78476	15	7	79	0	0	0	0	0	0	0	0	0	0	0	0	0	0	
1308.996000	8	3	3	0	1	2	2	4057	674	27	78536	15	7	79	0	0	0	0	0	0	0	0	0	0	0	0	0	0	
1310.001117	8	3	3	0	1	2	2	4062	674	27	78597	15	7	79	0	0	0	0	0	0	0	0	0	0	0	0	0	0	
1310.988967	8	3	3	0	1	2	2	4067	674	27	78656	15	7	79	0	0	0	0	0	0	0	0	0	0	0	0	0	0	
1311.994083	8	3	3	0	1	2	2	4072	675	27	78716	15	7	79	0	0	0	0	0	0	0	0	0	0	0	0	0	0	
1312.999200	8	3	3	0	1	2	2	4077	675	27	78776	15	7	79	0	0	0	0	0	0	0	0	0	0	0	0	0	0	
1314.004317	8	3	3	0	1	2	2	4081	674	27	78837	15	7	79	0	0	0	0	0	0	0	0	0	0	0	0	0	0	
1314.990717	8	3	3	0	1	2	2	4087	675	27	78896	15	7	79	0	0	0	0	0	0	0	0	0	0	0	0	0	0	
1315.995833	8	3	3	0	1	2	2	4092	674	27	78956	15	7	79	0	0	0	0	0	0	0	0	0	0	0	0	0	0	
1317.002400	8	3	3	0	1	2	2	4097	675	27	79017	15	7	79	0	0	0	0	0	0	0	0	0	0	0	0	0	0	
1317.988800	8	3	3	0	1	2	2	4103	674	27	79076	15	7	79	0	0	0	0	0	0	0	0	0	0	0	0	0	0	
1318.993917	8	3	3	0	1	2	2	4109	675	27	79136	15	7	79	0	0	0	0	0	0	0	0	0	0	0	0	0	0	
1319.999033	8	3	3	0	1	2	2	4114	674	27	79196	15	7	79	0	0	0	0	0	0	0	0	0	0	0	0	0	0	
1321.004167	8	3	3	0	1	2	2	4118	667	27	79257	15	7	79	0	0	0	0	0	0	0	0	0	0	0	0	0	0	
1321.992000	8	3	3	0	1	2	2	4123	665	28	79316	15	7	79	0	0	0	0	0	0	0	0	0	0	0	0	0	0	
1322.997117	8	3	3	0	1	2	2	4129	666	27	79376	15	7	79	0	0	0	0	0	0	0	0	0	0	0	0	0	0	
1324.002233	8	3	3	0	1	2	2	4135	665	27	79437	15	7	79	0	0	0	0	0	0	0	0	0	0	0	0	0	0	
1324.988633	8	3	3	0	1	2	2	4140	664	27	79496	15	7	79	0	0	0	0	0	0	0	0	0	0	0	0	0	0	
1325.993767	8	3	3	0	1	2	2	4147	664	27	79556	15	7	79	0	0	0	0	0	0	0	0	0	0	0	0	0	0	
1326.998883	8	3	3	0	1	2	2	4153	663	27	79616	15	7	79	0	0	0	0	0	0	0	0	0	0	0	0	0	0	
1328.005433	8	3	3	0	1	2	2	4159	662	27	79677	15	7	79	0	0	0	0	0	0	0	0	0	0	0	0	0	0	
1328.991833	8	3	3	0	1	2	2	4165	659	27	79736	15	7	79	0	0	0	0	0	0	0	0	0	0	0	0	0	0	
1329.996967	8	3	3	0	1	2	2	4171	660	27	79796	15	7	79	0	0	0	0	0	0	0	0	0	0	0	0	0	0	
1331.002083	8	3	3	0	1	2	2	4178	660	27	79856	15	7	79	0	0	0	0	0	0	0	0	0	0	0	0	0	0	
1331.988483	8	3	3	0	1	2	2	4184	659	27	79916	15	7	79	0	0	0	0	0	0	0	0	0	0	0	0	0	0	
1332.995033	8	3	3	0	1	2	2	4191	657	27	79976	15	7	79	0	0	0	0	0	0	0	0	0	0	0	0	0	0	
1334.000167	8	3	3	0	1	2	2	4198	657	27	80036	15	7	79	0	0	0	0	0	0	0	0	0	0	0	0	0	0	
1335.005283	8	3	3	0	1	2	2	4198	631	27	80097	15	7	79	0	0	0	0	0	0	0	0	0	0	0	0	0	0	
1335.991683	8	3	3	0	1	2	2	4199	606	27	80156	15	7	79	0	0	0	0	0	0	0	0	0	0	0	0	0	0	
1336.996800	8	3	3	0	1	2	2	4199	582	27	80216	15	7	79	0	0	0	0	0	0	0	0	0	0	0	0	0	0	
1338.001917	8	3	3	0	1	2	2	4199	561	27	80276	15	7	79	0	0	0	0	0	0	0	0	0	0	0	0	0	0	
1338.989767	8	3	3	0	1	2	2	4199	538	27	80336	15	7	79	0	0	0	0	0	0	0	0	0	0	0	0	0	0	
1339.997767	8	3	3	0	1	2	2	4198	517	27	80396	15	7	79	0	0	0	0	0	0	0	0	0	0	0	0	0	0	
1341.002883	8	3	3	0	1	2	2	4199	497	28	80456	15	7	79	0	0	0	0	0	0	0	0	0	0	0	0	0	0	
1341.989283	8	3	3	0	1	2	2	4198	477	27	80516	15	7	79	0	0	0	0	0	0	0	0	0	0	0	0	0	0	
1342.995833	8	3	3	0	1	2	2	4199	459	27	80576	15	7	79	0	0	0	0	0	0	0	0	0	0	0	0	0	0	
1344.000967	8	3	3	0	1	2	2	4199	440	27	80636	15	7	79	0	0	0	0	0	0	0	0	0	0	0	0	0	0	
1345.006083	8	3	3	0	1	2	2	4198	423	27	80697	15	7	79	0	0	0	0	0	0	0	0	0	0	0	0	0	0	
1345.992483	8	3	3	0	1	2	2	4198	407	27	80756	15	7	79	0	0	0	0	0	0	0	0	0	0	0	0	0	0	
1346.997600	8	3	3	0	1	2	2	4199	391	27	80816	15	7	79	0	0	0	0	0	0	0	0	0	0	0	0	0	0	
1348.004167	8	3	3	0	1	2	2	4199	377	27	80876	15	7	79	0	0	0	0	0	0	0	0	0	0	0	0	0	0	
1348.990567	8	3	3	0	1	2	2	4199	361	27	80936	15	7	79	0	0	0	0	0	0	0	0	0	0	0	0	0	0	
1349.995683	8	3	3	0	1	2	2	4199	347	27	80996	15	7	79	0	0	0	0	0	0	0	0	0	0	0	0	0	0	
1351.000800	8	3	3	0	1	2	2	4198	334	27	81056	15	7	79	0	0	0	0	0	0	0	0	0	0	0	0	0	0	
1352.005917	8	3	3	0	1	2	2	4198	321	27	81117	15	7	79	0	0	0	0	0	0	0	0	0	0	0	0	0	0	
1352.992317	8	3	3	0	1	2	2	4198	308	27	81176	15	7	79	0	0	0	0	0	0	0	0	0	0	0	0	0	0	
1353.998883	8	3	3	0	1	2	2	4199	295	27	81236	15	7	79	0	0	0	0	0	0	0	0	0	0	0	0	0	0	
1355.004000	8	3	3	0	1	2	2	4198	284	27	81296	15	7	79	0	0	0	0	0	0	0	0	0	0	0	0	0	0	
1355.990400	8	3	3	0	1	2	2	4198	273	28	81356	15	7	79	0	0	0	0	0	0	0	0	0	0	0	0	0	0	
1356.995517	8	3	3	0	1	2	2	4198	262	27	81416	15	7	79	0	0	0	0	0	0	0	0	0	0	0	0	0	0	
1358.000633	8	3	3	0	1	2	2	4198	252	27	81476	15	7	79	0	0	0	0	0	0	0	0	0	0	0	0	0	0	
1359.005767	8	3	3	0	1	2	2	4199	242	27	81537	15	7	79	0	0	0	0	0	0	0	0	0	0	0	0	0	0	
1359.993600	8	3	3	0	1	2	2	4199	233	27	81596	15	7	79	0	0	0	0	0	0	0	0	0	0	0	0	0	0	
1360.998717	8	3	3	0	1	2	2	4198	224	27	81656	15	7	79	0	0	0	0	0	0	0	0	0	0	0	0	0	0	
1362.003833	8	3	3	0	1	2	2	4199	214	27	81716	15	7	79	0	0	0	0	0	0	0	0	0	0	0	0	0	0	
1362.990233	8	3	3	0	1	2	2	4199	207	27	81776	15	7	79	0	0	0	0	0	0	0	0	0	0	0	0	0	0	
1363.995367	8	3	3	0	1	2	2	4198	197	27	81836	15	7	79	0	0	0	0	0	0	0	0	0	0	0	0	0	0	
1365.000483	8	3	3	0	1	2	2	4199	190	27	81896	15	7	79	0	0	0	0	0	0	0	0	0	0	0	0	0	0	
1366.007033	8	3	3	0	1	2	2	4199	183	27	81957	15	7	79	0	0	0	0	0	0	0	0	0	0	0	0	0	0	
1366.993433	8	3	3	0	1	2	2	4198	176	27	82016	15	7	79	0	0	0	0	0	0	0	0	0	0	0	0	0	0	
1367.998567	8	3	3	0	1	2	2	4198	169	27	82076	15	7	79	0	0	0	0	0	0	0	0	0	0	0	0	0	0	
1369.003683	8	3	3	0	1	2	2	4199	162	27	82136	15	7	79	0	0	0	0	0	0	0	0	0	0	0	0	0	0	
1369.990083	8	3	3	0	1	2	2	4199	155	27	82196	15	7	79	0	0	0	0	0	0	0	0	0	0	0	0	0	0	
1370.995200	8	3	3	0	1	2	2	4199	150	27	82256	15	7	79	0	0	0	0	0	0	0	0	0	0	0	0	0	0	
1372.001767	8	3	3	0	1	2	2	4199	144	27	82316	15	7	79	0	0	0	0	0	0	0	0	0	0	0	0	0	0	
1373.006883	8	3	3	0	1	2	2	4199	138	27	82377	15	7	79	0	0	0	0	0	0	0	0	0	0	0	0	0	0	
1373.993283	8	3	3	0	1	2	2	4199	133	27	82436	15	7	79	0	0	0	0	0	0	0	0	0	0	0	0	0	0	
1374.998400	8	3	3	0	1	2	2	4198	129	27	82496	15	7	79	0	0	0	0	0	0	0	0	0	0	0	0	0	0	
1376.004967	8	3	3	0	1	2	2	4198	124	27	82556	15	7	79	0	0	0	0	0	0	0	0	0	0	0	0	0	0	
1377.010083	8	3	3	0	1	2	2	4199	118	27	82617	15	7	79	0	0	0	0	0	0	0	0	0	0	0	0	0	0	
1377.996483	8	3	3	0	1	2	2	4199	113	27	82676	15	7	79	0	0	0	0	0	0	0	0	0	0	0	0	0	0	
1379.001600	8	3	3	0	1	2	2	4199	110	27	82736	15	7	79	0	0	0	0	0	0	0	0	0	0	0	0	0	0	
1380.006717	8	3	3	0	1	2	2	4199	105	27	82797	15	7	79	0	0	0	0	0	0	0	0	0	0	0	0	0	0	
1380.993117	8	3	3	0	1	2	2	4199	101	27	82856	15	7	79	0	0	0	0	0	0	0	0	0	0	0	0	0	0	
1381.998233	8	3	3	0	1	2	2	4198	97	27	82916	15	7	79	0	0	0	0	0	0	0	0	0	0	0	0	0	0	
1383.004800	8	3	3	0	1	2	2	4199	94	27	82976	15	7	79	0	0	0	0	0	0	0	0	0	0	0	0	0	0	
1384.009917	8	3	3	0	1	2	2	4198	90	27	83037	15	7	79	0	0	0	0	0	0	0	0	0	0	0	0	0	0	
1384.996317	8	3	3	0	1	2	2	4199	87	27	83096	15	7	79	0	0	0	0	0	0	0	0	0	0	0	0	0	0	
1386.001433	8	3	3	0	1	2	2	4199	84	27	83156	15	7	79	0	0	0	0	0	0	0	0	0	0	0	0	0	0	
1387.006567	8	3	3	0	1	2	2	4198	81	27	83217	15	7	79	0	0	0	0	0	0	0	0	0	0	0	0	0	0	
1387.992967	8	3	3	0	1	2	2	4198	78	27	83276	15	7	79	0	0	0	0	0	0	0	0	0	0	0	0	0	0	
1388.998083	8	3	3	0	1	2	2	4198	75	27	83336	15	7	79	0	0	0	0	0	0	0	0	0	0	0	0	0	0	
1390.004633	8	3	3	0	1	2	2	4199	73	27	83396	15	7	79	0	0	0	0	0	0	0	0	0	0	0	0	0	0	
1391.009767	8	3	3	0	1	2	2	4198	71	27	83457	15	7	79	0	0	0	0	0	0	0	0	0	0	0	0	0	0	
1391.996167	8	3	3	0	1	2	2	4199	67	27	83516	15	7	79	0	0	0	0	0	0	0	0	0	0	0	0	0	0	
1392.323033	8	6	3	0	2	7	1	3971	-1002	27	83535	15	8	0	0	0	0	0	0	0	0	0	0	0	0	0	0	0	
1393.004167	8	6	3	0	2	7	1	3843	-1350	27	83576	15	8	1	0	0	0	0	0	0	0	0	0	0	0	0	0	0	
1394.009283	8	6	3	0	2	7	1	3806	-1349	27	83637	15	8	2	0	0	0	0	0	0	0	0	0	0	0	0	0	0	
1394.995683	8	6	3	0	2	7	1	3780	-1351	27	83696	15	8	4	0	0	0	0	0	0	0	0	0	0	0	0	0	0	
1396.000800	8	6	3	0	2	7	1	3757	-1351	27	83756	15	8	6	0	0	0	0	0	0	0	0	0	0	0	0	0	0	
1397.005917	8	6	3	0	2	7	1	3736	-1351	27	83816	15	8	7	0	0	0	0	0	0	0	0	0	0	0	0	0	0	
1397.993767	8	6	3	0	2	7	1	3715	-1350	27	83876	15	8	9	0	0	0	0	0	0	0	0	0	0	0	0	0	0	
1398.998883	8	6	3	0	2	7	1	3695	-1349	27	83936	15	8	10	0	0	0	0	0	0	0	0	0	0	0	0	0	0	
1400.004000	8	6	3	0	2	7	1	3676	-1350	27	83996	15	8	12	0	0	0	0	0	0	0	0	0	0	0	0	0	0	
1401.009117	8	6	3	0	2	7	1	3657	-1349	27	84057	15	8	14	0	0	0	0	0	0	0	0	0	0	0	0	0	0	
1401.995517	8	6	3	0	2	7	1	3639	-1347	27	84116	15	8	15	0	0	0	0	0	0	0	0	0	0	0	0	0	0	
1403.002083	8	6	3	0	2	7	1	3621	-1349	27	84176	15	8	17	0	0	0	0	0	0	0	0	0	0	0	0	0	0	
1404.007200	8	6	3	0	2	7	1	3603	-1350	27	84236	15	8	19	0	0	0	0	0	0	0	0	0	0	0	0	0	0	
1404.993600	8	6	3	0	2	7	1	3584	-1349	27	84296	15	8	20	0	0	0	0	0	0	0	0	0	0	0	0	0	0	
1405.998717	8	6	3	0	2	7	1	3565	-1350	27	84356	15	8	22	0	0	0	0	0	0	0	0	0	0	0	0	0	0	
1407.003833	8	6	3	0	2	7	1	3542	-1351	27	84416	15	8	24	0	0	0	0	0	0	0	0	0	0	0	0	0	0	
1408.010400	8	6	3	0	2	7	1	3437	-1350	27	84477	15	8	25	0	0	0	0	0	0	0	0	0	0	0	0	0	0	
1408.996800	8	6	3	0	2	7	1	3453	-1348	27	84536	15	8	27	0	0	0	0	0	0	0	0	0	0	0	0	0	0	
1410.001917	8	6	3	0	2	7	1	3440	-1350	27	84596	15	8	29	0	0	0	0	0	0	0	0	0	0	0	0	0	0	
1411.007033	8	6	3	0	2	7	1	3404	-1349	27	84656	15	8	30	0	0	0	0	0	0	0	0	0	0	0	0	0	0	
1411.994883	8	6	3	0	2	7	1	3497	-1350	27	84716	15	8	32	0	0	0	0	0	0	0	0	0	0	0	0	0	0	
1413.000000	8	6	3	0	2	7	1	3487	-1349	27	84776	15	8	34	0	0	0	0	0	0	0	0	0	0	0	0	0	0	
1414.006567	8	6	3	0	2	7	1	3476	-1349	27	84836	15	8	35	0	0	0	0	0	0	0	0	0	0	0	0	0	0	
1415.011683	8	6	3	0	2	7	1	3464	-1349	27	84897	15	8	37	0	0	0	0	0	0	0	0	0	0	0	0	0	0	
1415.998083	8	6	3	0	2	7	1	3454	-1350	27	84956	15	8	39	0	0	0	0	0	0	0	0	0	0	0	0	0	0	
1417.003200	8	6	3	0	2	7	1	3443	-1349	27	85016	15	8	40	0	0	0	0	0	0	0	0	0	0	0	0	0	0	
1418.008317	8	6	3	0	2	7	1	3434	-1350	27	85076	15	8	42	0	0	0	0	0	0	0	0	0	0	0	0	0	0	
1418.994717	8	6	3	0	2	7	1	3424	-1350	27	85136	15	8	43	0	0	0	0	0	0	0	0	0	0	0	0	0	0	
1419.999833	8	6	3	0	2	7	1	3416	-1348	27	85196	15	8	45	0	0	0	0	0	0	0	0	0	0	0	0	0	0	
1421.006400	8	6	3	0	2	7	1	3407	-1348	27	85256	15	8	47	0	0	0	0	0	0	0	0	0	0	0	0	0	0	
1422.011517	8	6	3	0	2	7	1	3400	-1350	27	85317	15	8	48	0	0	0	0	0	0	0	0	0	0	0	0	0	0	
1422.997917	8	6	3	0	2	7	1	3392	-1349	27	85376	15	8	50	0	0	0	0	0	0	0	0	0	0	0	0	0	0	
1424.003033	8	6	3	0	2	7	1	3385	-1351	27	85436	15	8	52	0	0	0	0	0	0	0	0	0	0	0	0	0	0	
1425.008167	8	6	3	0	2	7	1	3378	-1350	27	85496	15	8	53	0	0	0	0	0	0	0	0	0	0	0	0	0	0	
1425.996000	8	6	3	0	2	7	1	3371	-1350	27	85556	15	8	55	0	0	0	0	0	0	0	0	0	0	0	0	0	0	
1427.001117	8	6	3	0	2	7	1	3364	-1349	27	85616	15	8	57	0	0	0	0	0	0	0	0	0	0	0	0	0	0	
1428.006233	8	6	3	0	2	7	1	3357	-1350	27	85676	15	8	58	0	0	0	0	0	0	0	0	0	0	0	0	0	0	
1429.011367	8	6	3	0	2	7	1	3349	-1349	27	85737	15	8	60	0	0	0	0	0	0	0	0	0	0	0	0	0	0	
1429.997767	8	6	3	0	2	7	1	3342	-1350	27	85796	15	8	62	0	0	0	0	0	0	0	0	0	0	0	0	0	0	
1431.002883	8	6	3	0	2	7	1	3333	-1349	27	85856	15	8	63	0	0	0	0	0	0	0	0	0	0	0	0	0	0	
1432.009433	8	6	3	0	2	7	1	3323	-1349	27	85916	15	8	65	0	0	0	0	0	0	0	0	0	0	0	0	0	0	
1432.995833	8	6	3	0	2	7	1	3312	-1349	27	85976	15	8	67	0	0	0	0	0	0	0	0	0	0	0	0	0	0	
1434.000967	8	6	3	0	2	7	1	3297	-1350	27	86036	15	8	68	0	0	0	0	0	0	0	0	0	0	0	0	0	0	
1435.006083	8	6	3	0	2	7	1	3279	-1349	27	86096	15	8	70	0	0	0	0	0	0	0	0	0	0	0	0	0	0	
1436.011200	8	6	3	0	2	7	1	3254	-1350	27	86157	15	8	72	0	0	0	0	0	0	0	0	0	0	0	0	0	0	
1436.997600	8	6	3	0	2	7	1	3219	-1349	27	86216	15	8	73	0	0	0	0	0	0	0	0	0	0	0	0	0	0	
1438.004167	8	6	3	0	2	7	1	3162	-1350	27	86276	15	8	75	0	0	0	0	0	0	0	0	0	0	0	0	0	0	
1439.009283	8	6	3	0	2	7	1	3059	-1349	27	86336	15	8	76	0	0	0	0	0	0	0	0	0	0	0	0	0	0	
1440.014400	8	6	3	0	2	7	1	2834	-1349	27	86397	15	8	78	0	0	0	0	0	0	0	0	0	0	0	0	0	0	
1440.398883	8	15	3	0	1	31	2	3251	364	27	86420	17	8	79	0	0	0	0	0	0	0	0	0	0	0	0	0	0	
1440.419033	8	3	3	0	1	2	2	3411	677	27	86421	17	8	79	0	0	0	0	0	0	0	0	0	0	0	0	0	0	
1441.003683	8	3	3	0	1	2	2	3656	674	27	86456	17	8	79	0	0	0	0	0	0	0	0	0	0	0	0	0	0	
1442.010233	8	3	3	0	1	2	2	3758	676	27	86516	17	8	79	0	0	0	0	0	0	0	0	0	0	0	0	0	0	
1442.996633	8	3	3	0	1	2	2	3804	675	27	86576	17	8	79	0	0	0	0	0	0	0	0	0	0	0	0	0	0	
1444.001767	8	3	3	0	1	2	2	3828	674	27	86636	17	8	79	0	0	0	0	0	0	0	0	0	0	0	0	0	0	
1445.006883	8	3	3	0	1	2	2	3841	674	27	86696	17	8	79	0	0	0	0	0	0	0	0	0	0	0	0	0	0	
1446.012000	8	3	3	0	1	2	2	3851	674	27	86757	17	8	79	0	0	0	0	0	0	0	0	0	0	0	0	0	0	
1446.998400	8	3	3	0	1	2	2	3860	674	27	86816	17	8	79	0	0	0	0	0	0	0	0	0	0	0	0	0	0	
1448.004967	8	3	3	0	1	2	2	3868	674	27	86876	17	8	79	0	0	0	0	0	0	0	0	0	0	0	0	0	0	
1449.010083	8	3	3	0	1	2	2	3877	675	27	86936	17	8	79	0	0	0	0	0	0	0	0	0	0	0	0	0	0	
1450.015200	8	3	3	0	1	2	2	3885	674	27	86997	17	8	79	0	0	0	0	0	0	0	0	0	0	0	0	0	0	
1451.001600	8	3	3	0	1	2	2	3892	674	27	87056	17	8	79	0	0	0	0	0	0	0	0	0	0	0	0	0	0	
1452.006717	8	3	3	0	1	2	2	3899	675	27	87116	17	8	79	0	0	0	0	0	0	0	0	0	0	0	0	0	0	
1453.013283	8	3	3	0	1	2	2	3907	675	27	87177	17	8	79	0	0	0	0	0	0	0	0	0	0	0	0	0	0	
1453.999683	8	3	3	0	1	2	2	3913	676	27	87236	17	8	79	0	0	0	0	0	0	0	0	0	0	0	0	0	0	
1455.004800	8	3	3	0	1	2	2	3920	675	27	87296	17	8	79	0	0	0	0	0	0	0	0	0	0	0	0	0	0	
1456.009917	8	3	3	0	1	2	2	3926	675	27	87356	17	8	79	0	0	0	0	0	0	0	0	0	0	0	0	0	0	
1457.015033	8	3	3	0	1	2	2	3932	674	27	87417	17	8	79	0	0	0	0	0	0	0	0	0	0	0	0	0	0	
1458.001433	8	3	3	0	1	2	2	3937	675	27	87476	17	8	79	0	0	0	0	0	0	0	0	0	0	0	0	0	0	
1459.008000	8	3	3	0	1	2	2	3941	674	27	87536	17	8	79	0	0	0	0	0	0	0	0	0	0	0	0	0	0	
1460.013117	8	3	3	0	1	2	2	3946	676	27	87597	17	8	79	0	0	0	0	0	0	0	0	0	0	0	0	0	0	
1460.999517	8	3	3	0	1	2	2	3949	674	27	87656	17	8	79	0	0	0	0	0	0	0	0	0	0	0	0	0	0	
1462.004633	8	3	3	0	1	2	2	3953	674	27	87716	17	8	79	0	0	0	0	0	0	0	0	0	0	0	0	0	0	
1463.009767	8	3	3	0	1	2	2	3956	674	27	87776	17	8	79	0	0	0	0	0	0	0	0	0	0	0	0	0	0	
1464.014883	8	3	3	0	1	2	2	3960	674	27	87837	17	8	79	0	0	0	0	0	0	0	0	0	0	0	0	0	0	
1465.001283	8	3	3	0	1	2	2	3963	675	27	87896	17	8	79	0	0	0	0	0	0	0	0	0	0	0	0	0	0	
1466.007833	8	3	3	0	1	2	2	3967	674	27	87956	17	8	79	0	0	0	0	0	0	0	0	0	0	0	0	0	0	
1467.014400	8	3	3	0	1	2	2	3970	675	27	88017	17	8	79	0	0	0	0	0	0	0	0	0	0	0	0	0	0	
1468.000800	8	3	3	0	1	2	2	3973	675	27	88076	17	8	79	0	0	0	0	0	0	0	0	0	0	0	0	0	0	
1469.005917	8	3	3	0	1	2	2	3977	675	27	88136	17	8	79	0	0	0	0	0	0	0	0	0	0	0	0	0	0	
1470.012483	8	3	3	0	1	2	2	3980	674	27	88196	17	8	79	0	0	0	0	0	0	0	0	0	0	0	0	0	0	
1471.017600	8	3	3	0	1	2	2	3984	674	27	88257	17	8	79	0	0	0	0	0	0	0	0	0	0	0	0	0	0	
1472.004000	8	3	3	0	1	2	2	3987	676	27	88316	17	8	79	0	0	0	0	0	0	0	0	0	0	0	0	0	0	
1473.009117	8	3	3	0	1	2	2	3990	674	27	88376	17	8	79	0	0	0	0	0	0	0	0	0	0	0	0	0	0	
1474.014233	8	3	3	0	1	2	2	3993	673	27	88437	17	8	79	0	0	0	0	0	0	0	0	0	0	0	0	0	0	
1475.002083	8	3	3	0	1	2	2	3997	676	27	88496	17	8	79	0	0	0	0	0	0	0	0	0	0	0	0	0	0	
1476.007200	8	3	3	0	1	2	2	4000	675	27	88556	17	8	79	0	0	0	0	0	0	0	0	0	0	0	0	0	0	
1477.012317	8	3	3	0	1	2	2	4004	676	27	88616	17	8	79	0	0	0	0	0	0	0	0	0	0	0	0	0	0	
1478.017433	8	3	3	0	1	2	2	4007	675	27	88677	17	8	79	0	0	0	0	0	0	0	0	0	0	0	0	0	0	
1479.003833	8	3	3	0	1	2	2	4010	674	27	88736	17	8	79	0	0	0	0	0	0	0	0	0	0	0	0	0	0	
1480.008967	8	3	3	0	1	2	2	4014	675	27	88796	17	8	79	0	0	0	0	0	0	0	0	0	0	0	0	0	0	
1481.015517	8	3	3	0	1	2	2	4017	675	27	88857	17	8	79	0	0	0	0	0	0	0	0	0	0	0	0	0	0	
1482.001917	8	3	3	0	1	2	2	4020	675	27	88916	17	8	79	0	0	0	0	0	0	0	0	0	0	0	0	0	0	
1483.007033	8	3	3	0	1	2	2	4024	674	27	88976	17	8	79	0	0	0	0	0	0	0	0	0	0	0	0	0	0	
1484.012167	8	3	3	0	1	2	2	4028	675	27	89036	17	8	79	0	0	0	0	0	0	0	0	0	0	0	0	0	0	
1485.017283	8	3	3	0	1	2	2	4032	674	27	89097	17	8	79	0	0	0	0	0	0	0	0	0	0	0	0	0	0	
1486.003683	8	3	3	0	1	2	2	4036	674	27	89156	17	8	79	0	0	0	0	0	0	0	0	0	0	0	0	0	0	
1487.010233	8	3	3	0	1	2	2	4040	674	27	89216	17	8	79	0	0	0	0	0	0	0	0	0	0	0	0	0	0	
1488.015367	8	3	3	0	1	2	2	4045	675	27	89277	17	8	79	0	0	0	0	0	0	0	0	0	0	0	0	0	0	
1489.001767	8	3	3	0	1	2	2	4049	675	27	89336	17	8	79	0	0	0	0	0	0	0	0	0	0	0	0	0	0	
1490.006883	8	3	3	0	1	2	2	4054	675	27	89396	17	8	79	0	0	0	0	0	0	0	0	0	0	0	0	0	0	
1491.012000	8	3	3	0	1	2	2	4058	674	27	89456	17	8	79	0	0	0	0	0	0	0	0	0	0	0	0	0	0	
1492.018567	8	3	3	0	1	2	2	4063	675	27	89517	17	8	79	0	0	0	0	0	0	0	0	0	0	0	0	0	0	
1493.004967	8	3	3	0	1	2	2	4067	674	27	89576	17	8	79	0	0	0	0	0	0	0	0	0	0	0	0	0	0	
1494.010083	8	3	3	0	1	2	2	4072	674	27	89636	17	8	79	0	0	0	0	0	0	0	0	0	0	0	0	0	0	
1495.015200	8	3	3	0	1	2	2	4077	675	27	89697	17	8	79	0	0	0	0	0	0	0	0	0	0	0	0	0	0	
1496.001600	8	3	3	0	1	2	2	4082	674	27	89756	17	8	79	0	0	0	0	0	0	0	0	0	0	0	0	0	0	
1497.006717	8	3	3	0	1	2	2	4087	675	27	89816	17	8	79	0	0	0	0	0	0	0	0	0	0	0	0	0	0	
1498.013283	8	3	3	0	1	2	2	4093	674	27	89876	17	8	79	0	0	0	0	0	0	0	0	0	0	0	0	0	0	
1499.018400	8	3	3	0	1	2	2	4098	674	27	89937	17	8	79	0	0	0	0	0	0	0	0	0	0	0	0	0	0	
1500.004800	8	3	3	0	1	2	2	4104	675	27	89996	17	8	79	0	0	0	0	0	0	0	0	0	0	0	0	0	0	
1501.009917	8	3	3	0	1	2	2	4109	674	27	90056	17	8	79	0	0	0	0	0	0	0	0	0	0	0	0	0	0	
1502.015033	8	3	3	0	1	2	2	4115	675	27	90116	17	8	79	0	0	0	0	0	0	0	0	0	0	0	0	0	0	
1503.002883	8	3	3	0	1	2	2	4119	667	27	90176	17	8	79	0	0	0	0	0	0	0	0	0	0	0	0	0	0	
1504.008000	8	3	3	0	1	2	2	4125	665	27	90236	17	8	79	0	0	0	0	0	0	0	0	0	0	0	0	0	0	
1505.013117	8	3	3	0	1	2	2	4131	664	27	90296	17	8	79	0	0	0	0	0	0	0	0	0	0	0	0	0	0	
1506.018233	8	3	3	0	1	2	2	4137	664	27	90357	17	8	79	0	0	0	0	0	0	0	0	0	0	0	0	0	0	
1507.004633	8	3	3	0	1	2	2	4142	663	27	90416	17	8	79	0	0	0	0	0	0	0	0	0	0	0	0	0	0	
1508.009767	8	3	3	0	1	2	2	4149	662	27	90476	17	8	79	0	0	0	0	0	0	0	0	0	0	0	0	0	0	
1509.016317	8	3	3	0	1	2	2	4155	661	27	90536	17	8	79	0	0	0	0	0	0	0	0	0	0	0	0	0	0	
1510.002717	8	3	3	0	1	2	2	4161	660	27	90596	17	8	79	0	0	0	0	0	0	0	0	0	0	0	0	0	0	
1511.007833	8	3	3	0	1	2	2	4167	659	27	90656	17	8	79	0	0	0	0	0	0	0	0	0	0	0	0	0	0	
1512.012967	8	3	3	0	1	2	2	4174	659	27	90716	17	8	79	0	0	0	0	0	0	0	0	0	0	0	0	0	0	
1513.018083	8	3	3	0	1	2	2	4180	656	27	90777	17	8	79	0	0	0	0	0	0	0	0	0	0	0	0	0	0	
1514.004483	8	3	3	0	1	2	2	4188	655	27	90836	17	8	79	0	0	0	0	0	0	0	0	0	0	0	0	0	0	
1515.011033	8	3	3	0	1	2	2	4194	655	27	90896	17	8	79	0	0	0	0	0	0	0	0	0	0	0	0	0	0	
1516.016167	8	3	3	0	1	2	2	4199	642	27	90956	17	8	79	0	0	0	0	0	0	0	0	0	0	0	0	0	0	
1517.002567	8	3	3	0	1	2	2	4199	614	27	91016	17	8	79	0	0	0	0	0	0	0	0	0	0	0	0	0	0	
1518.007683	8	3	3	0	1	2	2	4199	588	27	91076	17	8	79	0	0	0	0	0	0	0	0	0	0	0	0	0	0	
1519.012800	8	3	3	0	1	2	2	4199	564	27	91136	17	8	79	0	0	0	0	0	0	0	0	0	0	0	0	0	0	
1520.017917	8	3	3	0	1	2	2	4198	542	27	91197	17	8	79	0	0	0	0	0	0	0	0	0	0	0	0	0	0	
1521.004317	8	3	3	0	1	2	2	4199	519	27	91256	17	8	79	0	0	0	0	0	0	0	0	0	0	0	0	0	0	
1522.010883	8	3	3	0	1	2	2	4199	498	27	91316	17	8	79	0	0	0	0	0	0	0	0	0	0	0	0	0	0	
1523.020317	8	3	3	0	1	2	2	4199	477	27	91377	17	8	79	0	0	0	0	0	0	0	0	0	0	0	0	0	0	
1524.006717	8	3	3	0	1	2	2	4199	458	27	91436	17	8	79	0	0	0	0	0	0	0	0	0	0	0	0	0	0	
1525.011833	8	3	3	0	1	2	2	4199	438	27	91496	17	8	79	0	0	0	0	0	0	0	0	0	0	0	0	0	0	
1526.016967	8	3	3	0	1	2	2	4199	421	27	91556	17	8	79	0	0	0	0	0	0	0	0	0	0	0	0	0	0	
1527.003367	8	3	3	0	1	2	2	4199	404	27	91616	17	8	79	0	0	0	0	0	0	0	0	0	0	0	0	0	0	
1528.008483	8	3	3	0	1	2	2	4198	388	27	91676	17	8	79	0	0	0	0	0	0	0	0	0	0	0	0	0	0	
1529.015033	8	3	3	0	1	2	2	4199	371	27	91736	17	8	79	0	0	0	0	0	0	0	0	0	0	0	0	0	0	
1530.020167	8	3	3	0	1	2	2	4199	356	27	91797	17	8	79	0	0	0	0	0	0	0	0	0	0	0	0	0	0	
1531.006567	8	3	3	0	1	2	2	4199	342	27	91856	17	8	79	0	0	0	0	0	0	0	0	0	0	0	0	0	0	
1532.011683	8	3	3	0	1	2	2	4199	327	27	91916	17	8	79	0	0	0	0	0	0	0	0	0	0	0	0	0	0	
1533.016800	8	3	3	0	1	2	2	4199	315	27	91976	17	8	79	0	0	0	0	0	0	0	0	0	0	0	0	0	0	
1534.003200	8	3	3	0	1	2	2	4198	302	27	92036	17	8	79	0	0	0	0	0	0	0	0	0	0	0	0	0	0	
1535.012633	8	3	3	0	1	2	2	4198	289	27	92096	17	8	79	0	0	0	0	0	0	0	0	0	0	0	0	0	0	
1536.017767	8	3	3	0	1	2	2	4199	278	27	92156	17	8	79	0	0	0	0	0	0	0	0	0	0	0	0	0	0	
1537.004167	8	3	3	0	1	2	2	4198	266	27	92216	17	8	79	0	0	0	0	0	0	0	0	0	0	0	0	0	0	
1538.009283	8	3	3	0	1	2	2	4199	255	27	92276	17	8	79	0	0	0	0	0	0	0	0	0	0	0	0	0	0	
1539.015833	8	3	3	0	1	2	2	4199	245	27	92336	17	8	79	0	0	0	0	0	0	0	0	0	0	0	0	0	0	
1540.020967	8	3	3	0	1	2	2	4198	235	27	92397	17	8	79	0	0	0	0	0	0	0	0	0	0	0	0	0	0	
1541.007367	8	3	3	0	1	2	2	4199	226	27	92456	17	8	79	0	0	0	0	0	0	0	0	0	0	0	0	0	0	
1542.012483	8	3	3	0	1	2	2	4198	217	27	92516	17	8	79	0	0	0	0	0	0	0	0	0	0	0	0	0	0	
1543.017600	8	3	3	0	1	2	2	4198	207	27	92576	17	8	79	0	0	0	0	0	0	0	0	0	0	0	0	0	0	
1544.004000	8	3	3	0	1	2	2	4198	200	27	92636	17	8	79	0	0	0	0	0	0	0	0	0	0	0	0	0	0	
1545.010567	8	3	3	0	1	2	2	4198	191	27	92696	17	8	79	0	0	0	0	0	0	0	0	0	0	0	0	0	0	
1546.015683	8	3	3	0	1	2	2	4199	185	27	92756	17	8	79	0	0	0	0	0	0	0	0	0	0	0	0	0	0	
1547.020800	8	3	3	0	1	2	2	4198	176	27	92817	17	8	79	0	0	0	0	0	0	0	0	0	0	0	0	0	0	
1548.007200	8	3	3	0	1	2	2	4199	168	27	92876	17	8	79	0	0	0	0	0	0	0	0	0	0	0	0	0	0	
1549.012317	8	3	3	0	1	2	2	4198	162	27	92936	17	8	79	0	0	0	0	0	0	0	0	0	0	0	0	0	0	
1550.017433	8	3	3	0	1	2	2	4198	155	27	92996	17	8	79	0	0	0	0	0	0	0	0	0	0	0	0	0	0	
1551.005283	8	3	3	0	1	2	2	4198	149	27	93056	17	8	79	0	0	0	0	0	0	0	0	0	0	0	0	0	0	
1552.010400	8	3	3	0	1	2	2	4199	144	27	93116	17	8	79	0	0	0	0	0	0	0	0	0	0	0	0	0	0	
1553.015517	8	3	3	0	1	2	2	4198	138	27	93176	17	8	79	0	0	0	0	0	0	0	0	0	0	0	0	0	0	
1554.020633	8	3	3	0	1	2	2	4198	132	27	93237	17	8	79	0	0	0	0	0	0	0	0	0	0	0	0	0	0	
1555.007033	8	3	3	0	1	2	2	4199	128	27	93296	17	8	79	0	0	0	0	0	0	0	0	0	0	0	0	0	0	
1556.012167	8	3	3	0	1	2	2	4199	122	27	93356	17	8	79	0	0	0	0	0	0	0	0	0	0	0	0	0	0	
1557.018717	8	3	3	0	1	2	2	4199	118	27	93416	17	8	79	0	0	0	0	0	0	0	0	0	0	0	0	0	0	
1558.023833	8	3	3	0	1	2	2	4199	113	27	93477	17	8	79	0	0	0	0	0	0	0	0	0	0	0	0	0	0	
1559.010233	8	3	3	0	1	2	2	4198	109	27	93536	17	8	79	0	0	0	0	0	0	0	0	0	0	0	0	0	0	
1560.015367	8	3	3	0	1	2	2	4198	105	27	93596	17	8	79	0	0	0	0	0	0	0	0	0	0	0	0	0	0	
1561.020483	8	3	3	0	1	2	2	4199	101	27	93657	17	8	79	0	0	0	0	0	0	0	0	0	0	0	0	0	0	
1562.008317	8	3	3	0	1	2	2	4199	97	27	93716	17	8	79	0	0	0	0	0	0	0	0	0	0	0	0	0	0	
1563.013433	8	3	3	0	1	2	2	4198	93	27	93776	17	8	79	0	0	0	0	0	0	0	0	0	0	0	0	0	0	
1564.018567	8	3	3	0	1	2	2	4198	90	27	93836	17	8	79	0	0	0	0	0	0	0	0	0	0	0	0	0	0	
1565.023683	8	3	3	0	1	2	2	4198	86	27	93897	17	8	79	0	0	0	0	0	0	0	0	0	0	0	0	0	0	
1566.010083	8	3	3	0	1	2	2	4199	84	27	93956	17	8	79	0	0	0	0	0	0	0	0	0	0	0	0	0	0	
1567.015200	8	3	3	0	1	2	2	4199	80	27	94016	17	8	79	0	0	0	0	0	0	0	0	0	0	0	0	0	0	
1568.021767	8	3	3	0	1	2	2	4199	77	27	94077	17	8	79	0	0	0	0	0	0	0	0	0	0	0	0	0	0	
1569.008167	8	3	3	0	1	2	2	4198	74	27	94136	17	8	79	0	0	0	0	0	0	0	0	0	0	0	0	0	0	
1570.013283	8	3	3	0	1	2	2	4199	73	27	94196	17	8	79	0	0	0	0	0	0	0	0	0	0	0	0	0	0	
1571.018400	8	3	3	0	1	2	2	4198	69	27	94256	17	8	79	0	0	0	0	0	0	0	0	0	0	0	0	0	0	
1571.986083	8	6	3	0	2	7	1	4037	-794	27	94314	17	9	0	0	0	0	0	0	0	0	0	0	0	0	0	0	0	
1572.006233	8	6	3	0	2	7	1	3913	-1350	27	94316	17	9	0	0	0	0	0	0	0	0	0	0	0	0	0	0	0	
1573.012800	8	6	3	0	2	7	1	3830	-1350	27	94376	17	9	1	0	0	0	0	0	0	0	0	0	0	0	0	0	0	
1574.017917	8	6	3	0	2	7	1	3797	-1350	27	94436	17	9	3	0	0	0	0	0	0	0	0	0	0	0	0	0	0	
1575.023033	8	6	3	0	2	7	1	3771	-1350	27	94497	17	9	4	0	0	0	0	0	0	0	0	0	0	0	0	0	0	
1576.009433	8	6	3	0	2	7	1	3748	-1349	27	94556	17	9	6	0	0	0	0	0	0	0	0	0	0	0	0	0	0	
1577.014567	8	6	3	0	2	7	1	3725	-1351	27	94616	17	9	8	0	0	0	0	0	0	0	0	0	0	0	0	0	0	
1578.021117	8	6	3	0	2	7	1	3702	-1349	27	94676	17	9	9	0	0	0	0	0	0	0	0	0	0	0	0	0	0	
1579.007517	8	6	3	0	2	7	1	3680	-1349	27	94736	17	9	11	0	0	0	0	0	0	0	0	0	0	0	0	0	0	
1580.012633	8	6	3	0	2	7	1	3656	-1349	27	94796	17	9	13	0	0	0	0	0	0	0	0	0	0	0	0	0	0	
1581.017767	8	6	3	0	2	7	1	3615	-1350	27	94856	17	9	14	0	0	0	0	0	0	0	0	0	0	0	0	0	0	
1582.022883	8	6	3	0	2	7	1	3553	-1349	27	94917	17	9	16	0	0	0	0	0	0	0	0	0	0	0	0	0	0	
1583.010717	8	6	3	0	2	7	1	3536	-1350	27	94976	17	9	18	0	0	0	0	0	0	0	0	0	0	0	0	0	0	
1584.015833	8	6	3	0	2	7	1	3536	-1349	27	95036	17	9	19	0	0	0	0	0	0	0	0	0	0	0	0	0	0	
1585.020967	8	6	3	0	2	7	1	3511	-1350	27	95096	17	9	21	0	0	0	0	0	0	0	0	0	0	0	0	0	0	
1586.007367	8	6	3	0	2	7	1	3491	-1348	27	95156	17	9	23	0	0	0	0	0	0	0	0	0	0	0	0	0	0	
1587.012483	8	6	3	0	2	7	1	3476	-1349	27	95216	17	9	24	0	0	0	0	0	0	0	0	0	0	0	0	0	0	
1588.017600	8	6	3	0	2	7	1	3481	-1350	27	95276	17	9	26	0	0	0	0	0	0	0	0	0	0	0	0	0	0	
1589.024167	8	6	3	0	2	7	1	3476	-1350	27	95337	17	9	28	0	0	0	0	0	0	0	0	0	0	0	0	0	0	
1590.010567	8	6	3	0	2	7	1	3445	-1349	27	95396	17	9	29	0	0	0	0	0	0	0	0	0	0	0	0	0	0	
1591.015683	8	6	3	0	2	7	1	3409	-1351	27	95456	17	9	31	0	0	0	0	0	0	0	0	0	0	0	0	0	0	
1592.020800	8	6	3	0	2	7	1	3423	-1349	27	95516	17	9	33	0	0	0	0	0	0	0	0	0	0	0	0	0	0	
1593.027367	8	6	3	0	2	7	1	3401	-1349	27	95577	17	9	34	0	0	0	0	0	0	0	0	0	0	0	0	0	0	
1594.013767	8	6	3	0	2	7	1	3371	-1350	27	95636	17	9	36	0	0	0	0	0	0	0	0	0	0	0	0	0	0	
1595.018883	8	6	3	0	2	7	1	3426	-1349	27	95696	17	9	38	0	0	0	0	0	0	0	0	0	0	0	0	0	0	
1596.024000	8	6	3	0	2	7	1	3398	-1351	27	95757	17	9	39	0	0	0	0	0	0	0	0	0	0	0	0	0	0	
1597.010400	8	6	3	0	2	7	1	3375	-1349	27	95816	17	9	41	0	0	0	0	0	0	0	0	0	0	0	0	0	0	
1598.015517	8	6	3	0	2	7	1	3333	-1351	27	95876	17	9	42	0	0	0	0	0	0	0	0	0	0	0	0	0	0	
1599.022083	8	6	3	0	2	7	1	3329	-1350	27	95936	17	9	44	0	0	0	0	0	0	0	0	0	0	0	0	0	0	
1600.027200	8	6	3	0	2	7	1	3339	-1351	27	95997	17	9	46	0	0	0	0	0	0	0	0	0	0	0	0	0	0	
1601.013600	8	6	3	0	2	7	1	3323	-1350	27	96056	17	9	47	0	0	0	0	0	0	0	0	0	0	0	0	0	0	
1602.018717	8	6	3	0	2	7	1	3303	-1349	27	96116	17	9	49	0	0	0	0	0	0	0	0	0	0	0	0	0	0	
1603.025283	8	6	3	0	2	7	1	3373	-1348	27	96177	17	9	51	0	0	0	0	0	0	0	0	0	0	0	0	0	0	
1604.011683	8	6	3	0	2	7	1	3364	-1349	27	96236	17	9	52	0	0	0	0	0	0	0	0	0	0	0	0	0	0	
1605.016800	8	6	3	0	2	7	1	3358	-1349	27	96296	17	9	54	0	0	0	0	0	0	0	0	0	0	0	0	0	0	
1606.021917	8	6	3	0	2	7	1	3351	-1350	27	96356	17	9	56	0	0	0	0	0	0	0	0	0	0	0	0	0	0	
1607.027033	8	6	3	0	2	7	1	3344	-1348	27	96417	17	9	57	0	0	0	0	0	0	0	0	0	0	0	0	0	0	
1608.013433	8	6	3	0	2	7	1	3338	-1352	27	96476	17	9	59	0	0	0	0	0	0	0	0	0	0	0	0	0	0	
1609.018567	8	6	3	0	2	7	1	3330	-1348	27	96536	17	9	61	0	0	0	0	0	0	0	0	0	0	0	0	0	0	
1610.025117	8	6	3	0	2	7	1	3323	-1349	27	96597	17	9	62	0	0	0	0	0	0	0	0	0	0	0	0	0	0	
1611.011517	8	6	3	0	2	7	1	3314	-1348	27	96656	17	9	64	0	0	0	0	0	0	0	0	0	0	0	0	0	0	
1612.016633	8	6	3	0	2	7	1	3304	-1349	27	96716	17	9	66	0	0	0	0	0	0	0	0	0	0	0	0	0	0	
1613.021767	8	6	3	0	2	7	1	3291	-1349	27	96776	17	9	67	0	0	0	0	0	0	0	0	0	0	0	0	0	0	
1614.026883	8	6	3	0	2	7	1	3276	-1351	27	96837	17	9	69	0	0	0	0	0	0	0	0	0	0	0	0	0	0	
1615.013283	8	6	3	0	2	7	1	3256	-1349	27	96896	17	9	71	0	0	0	0	0	0	0	0	0	0	0	0	0	0	
1616.018400	8	6	3	0	2	7	1	3227	-1348	27	96956	17	9	72	0	0	0	0	0	0	0	0	0	0	0	0	0	0	
1617.024967	8	6	3	0	2	7	1	3183	-1349	27	97016	17	9	74	0	0	0	0	0	0	0	0	0	0	0	0	0	0	
1618.011367	8	6	3	0	2	7	1	3110	-1349	27	97076	17	9	76	0	0	0	0	0	0	0	0	0	0	0	0	0	0	
1619.016483	8	6	3	0	2	7	1	2966	-1349	27	97136	17	9	77	0	0	0	0	0	0	0	0	0	0	0	0	0	0	
1619.909283	8	15	3	0	1	31	2	3245	322	27	97190	19	9	79	0	0	0	0	0	0	0	0	0	0	0	0	0	0	
1619.929433	8	3	3	0	1	2	2	3411	675	27	97191	19	9	79	0	0	0	0	0	0	0	0	0	0	0	0	0	0	
1620.025917	8	3	3	0	1	2	2	3504	675	27	97197	19	9	79	0	0	0	0	0	0	0	0	0	0	0	0	0	0	
1621.012317	8	3	3	0	1	2	2	3716	673	27	97256	19	9	79	0	0	0	0	0	0	0	0	0	0	0	0	0	0	
1622.017433	8	3	3	0	1	2	2	3780	674	27	97316	19	9	79	0	0	0	0	0	0	0	0	0	0	0	0	0	0	
1623.022567	8	3	3	0	1	2	2	3812	675	27	97376	19	9	79	0	0	0	0	0	0	0	0	0	0	0	0	0	0	
1624.027683	8	3	3	0	1	2	2	3829	675	27	97437	19	9	79	0	0	0	0	0	0	0	0	0	0	0	0	0	0	
1625.014083	8	3	3	0	1	2	2	3840	674	27	97496	19	9	79	0	0	0	0	0	0	0	0	0	0	0	0	0	0	
1626.019200	8	3	3	0	1	2	2	3849	674	27	97556	19	9	79	0	0	0	0	0	0	0	0	0	0	0	0	0	0	
1627.025767	8	3	3	0	1	2	2	3859	674	27	97616	19	9	79	0	0	0	0	0	0	0	0	0	0	0	0	0	0	
1628.012167	8	3	3	0	1	2	2	3866	674	27	97676	19	9	79	0	0	0	0	0	0	0	0	0	0	0	0	0	0	
1629.017283	8	3	3	0	1	2	2	3875	675	27	97736	19	9	79	0	0	0	0	0	0	0	0	0	0	0	0	0	0	
1630.022400	8	3	3	0	1	2	2	3883	675	27	97796	19	9	79	0	0	0	0	0	0	0	0	0	0	0	0	0	0	
1631.027517	8	3	3	0	1	2	2	3890	675	27	97857	19	9	79	0	0	0	0	0	0	0	0	0	0	0	0	0	0	
1632.015367	8	3	3	0	1	2	2	3897	674	27	97916	19	9	79	0	0	0	0	0	0	0	0	0	0	0	0	0	0	
1633.020483	8	3	3	0	1	2	2	3905	675	27	97976	19	9	79	0	0	0	0	0	0	0	0	0	0	0	0	0	0	
1634.025600	8	3	3	0	1	2	2	3912	675	27	98036	19	9	79	0	0	0	0	0	0	0	0	0	0	0	0	0	0	
1635.012000	8	3	3	0	1	2	2	3918	674	27	98096	19	9	79	0	0	0	0	0	0	0	0	0	0	0	0	0	0	
1636.017117	8	3	3	0	1	2	2	3924	676	27	98156	19	9	79	0	0	0	0	0	0	0	0	0	0	0	0	0	0	
1637.023683	8	3	3	0	1	2	2	3929	675	27	98216	19	9	79	0	0	0	0	0	0	0	0	0	0	0	0	0	0	
1638.028800	8	3	3	0	1	2	2	3934	675	27	98277	19	9	79	0	0	0	0	0	0	0	0	0	0	0	0	0	0	
1639.015200	8	3	3	0	1	2	2	3938	673	27	98336	19	9	79	0	0	0	0	0	0	0	0	0	0	0	0	0	0	
1640.020317	8	3	3	0	1	2	2	3942	674	27	98396	19	9	79	0	0	0	0	0	0	0	0	0	0	0	0	0	0	
1641.025433	8	3	3	0	1	2	2	3946	675	27	98456	19	9	79	0	0	0	0	0	0	0	0	0	0	0	0	0	0	
1642.013283	8	3	3	0	1	2	2	3949	674	27	98516	19	9	79	0	0	0	0	0	0	0	0	0	0	0	0	0	0	
1643.018400	8	3	3	0	1	2	2	3952	673	27	98576	19	9	79	0	0	0	0	0	0	0	0	0	0	0	0	0	0	
1644.023517	8	3	3	0	1	2	2	3956	673	27	98636	19	9	79	0	0	0	0	0	0	0	0	0	0	0	0	0	0	
1645.028633	8	3	3	0	1	2	2	3960	675	27	98697	19	9	79	0	0	0	0	0	0	0	0	0	0	0	0	0	0	
1646.015033	8	3	3	0	1	2	2	3963	675	27	98756	19	9	79	0	0	0	0	0	0	0	0	0	0	0	0	0	0	
1647.020167	8	3	3	0	1	2	2	3967	674	27	98816	19	9	79	0	0	0	0	0	0	0	0	0	0	0	0	0	0	
1648.026717	8	3	3	0	1	2	2	3970	675	27	98876	19	9	79	0	0	0	0	0	0	0	0	0	0	0	0	0	0	
1649.013117	8	3	3	0	1	2	2	3973	674	27	98936	19	9	79	0	0	0	0	0	0	0	0	0	0	0	0	0	0	
1650.018233	8	3	3	0	1	2	2	3977	673	27	98996	19	9	79	0	0	0	0	0	0	0	0	0	0	0	0	0	0	
1651.023367	8	3	3	0	1	2	2	3980	675	27	99056	19	9	79	0	0	0	0	0	0	0	0	0	0	0	0	0	0	
1652.028483	8	3	3	0	1	2	2	3984	674	27	99117	19	9	79	0	0	0	0	0	0	0	0	0	0	0	0	0	0	
1653.014883	8	3	3	0	1	2	2	3987	675	27	99176	19	9	79	0	0	0	0	0	0	0	0	0	0	0	0	0	0	
1654.021433	8	3	3	0	1	2	2	3990	675	27	99236	19	9	79	0	0	0	0	0	0	0	0	0	0	0	0	0	0	
1655.026567	8	3	3	0	1	2	2	3994	673	27	99296	19	9	79	0	0	0	0	0	0	0	0	0	0	0	0	0	0	
1656.012967	8	3	3	0	1	2	2	3997	675	27	99356	19	9	79	0	0	0	0	0	0	0	0	0	0	0	0	0	0	
1657.018083	8	3	3	0	1	2	2	4001	675	27	99416	19	9	79	0	0	0	0	0	0	0	0	0	0	0	0	0	0	
1658.024633	8	3	3	0	1	2	2	4004	673	27	99476	19	9	79	0	0	0	0	0	0	0	0	0	0	0	0	0	0	
1659.029767	8	3	3	0	1	2	2	4008	675	27	99537	19	9	79	0	0	0	0	0	0	0	0	0	0	0	0	0	0	
1660.016167	8	3	3	0	1	2	2	4011	674	27	99596	19	9	79	0	0	0	0	0	0	0	0	0	0	0	0	0	0	
1661.021283	8	3	3	0	1	2	2	4015	675	27	99656	19	9	79	0	0	0	0	0	0	0	0	0	0	0	0	0	0	
1662.026400	8	3	3	0	1	2	2	4019	674	27	99716	19	9	79	0	0	0	0	0	0	0	0	0	0	0	0	0	0	
1663.017117	8	3	3	0	1	2	2	4023	674	27	99776	19	9	79	0	0	0	0	0	0	0	0	0	0	0	0	0	0	
1664.022233	8	3	3	0	1	2	2	4027	676	27	99836	19	9	79	0	0	0	0	0	0	0	0	0	0	0	0	0	0	
1665.027367	8	3	3	0	1	2	2	4031	675	27	99896	19	9	79	0	0	0	0	0	0	0	0	0	0	0	0	0	0	
1666.013767	8	3	3	0	1	2	2	4035	675	27	99956	19	9	79	0	0	0	0	0	0	0	0	0	0	0	0	0	0	
1667.020317	8	3	3	0	1	2	2	4039	675	27	100016	19	9	79	0	0	0	0	0	0	0	0	0	0	0	0	0	0	
1668.025433	8	3	3	0	1	2	2	4043	675	27	100076	19	9	79	0	0	0	0	0	0	0	0	0	0	0	0	0	0	
1669.030567	8	3	3	0	1	2	2	4048	674	27	100137	19	9	79	0	0	0	0	0	0	0	0	0	0	0	0	0	0	
1670.016967	8	3	3	0	1	2	2	4053	673	27	100196	19	9	79	0	0	0	0	0	0	0	0	0	0	0	0	0	0	
1671.022083	8	3	3	0	1	2	2	4058	675	27	100256	19	9	79	0	0	0	0	0	0	0	0	0	0	0	0	0	0	
1672.028633	8	3	3	0	1	2	2	4062	675	27	100316	19	9	79	0	0	0	0	0	0	0	0	0	0	0	0	0	0	
1673.013600	8	3	3	0	1	2	2	4068	676	27	100376	19	9	79	0	0	0	0	0	0	0	0	0	0	0	0	0	0	
1674.020167	8	3	3	0	1	2	2	4073	675	27	100436	19	9	79	0	0	0	0	0	0	0	0	0	0	0	0	0	0	
1675.025283	8	3	3	0	1	2	2	4078	674	27	100496	19	9	79	0	0	0	0	0	0	0	0	0	0	0	0	0	0	
1676.030400	8	3	3	0	1	2	2	4083	674	27	100557	19	9	79	0	0	0	0	0	0	0	0	0	0	0	0	0	0	
1677.016800	8	3	3	0	1	2	2	4089	674	27	100616	19	9	79	0	0	0	0	0	0	0	0	0	0	0	0	0	0	
1678.021917	8	3	3	0	1	2	2	4094	674	27	100676	19	9	79	0	0	0	0	0	0	0	0	0	0	0	0	0	0	
1679.028483	8	3	3	0	1	2	2	4099	674	27	100736	19	9	79	0	0	0	0	0	0	0	0	0	0	0	0	0	0	
1680.033600	8	3	3	0	1	2	2	4105	675	27	100797	19	9	79	0	0	0	0	0	0	0	0	0	0	0	0	0	0	
1681.020000	8	3	3	0	1	2	2	4111	675	27	100856	19	9	79	0	0	0	0	0	0	0	0	0	0	0	0	0	0	
1682.025117	8	3	3	0	1	2	2	4117	673	27	100916	19	9	79	0	0	0	0	0	0	0	0	0	0	0	0	0	0	
1683.030233	8	3	3	0	1	2	2	4121	665	27	100977	19	9	79	0	0	0	0	0	0	0	0	0	0	0	0	0	0	
1684.016633	8	3	3	0	1	2	2	4127	664	27	101036	19	9	79	0	0	0	0	0	0	0	0	0	0	0	0	0	0	
1685.023200	8	3	3	0	1	2	2	4133	664	27	101096	19	9	79	0	0	0	0	0	0	0	0	0	0	0	0	0	0	
1686.028317	8	3	3	0	1	2	2	4139	662	27	101156	19	9	79	0	0	0	0	0	0	0	0	0	0	0	0	0	0	
1687.033433	8	3	3	0	1	2	2	4145	662	27	101217	19	9	79	0	0	0	0	0	0	0	0	0	0	0	0	0	0	
1688.019833	8	3	3	0	1	2	2	4151	660	27	101276	19	9	79	0	0	0	0	0	0	0	0	0	0	0	0	0	0	
1689.024967	8	3	3	0	1	2	2	4157	660	27	101336	19	9	79	0	0	0	0	0	0	0	0	0	0	0	0	0	0	
1690.030083	8	3	3	0	1	2	2	4164	660	27	101396	19	9	79	0	0	0	0	0	0	0	0	0	0	0	0	0	0	
1691.016483	8	3	3	0	1	2	2	4171	658	27	101456	19	9	79	0	0	0	0	0	0	0	0	0	0	0	0	0	0	
1692.021600	8	3	3	0	1	2	2	4177	657	27	101516	19	9	79	0	0	0	0	0	0	0	0	0	0	0	0	0	0	
1693.028167	8	3	3	0	1	2	2	4184	656	27	101576	19	9	79	0	0	0	0	0	0	0	0	0	0	0	0	0	0	
1694.033283	8	3	3	0	1	2	2	4191	656	27	101637	19	9	79	0	0	0	0	0	0	0	0	0	0	0	0	0	0	
1695.019683	8	3	3	0	1	2	2	4197	654	27	101696	19	9	79	0	0	0	0	0	0	0	0	0	0	0	0	0	0	
1696.024800	8	3	3	0	1	2	2	4199	627	27	101756	19	9	79	0	0	0	0	0	0	0	0	0	0	0	0	0	0	
1697.029917	8	3	3	0	1	2	2	4199	600	27	101816	19	9	79	0	0	0	0	0	0	0	0	0	0	0	0	0	0	
1698.016317	8	3	3	0	1	2	2	4199	574	27	101876	19	9	79	0	0	0	0	0	0	0	0	0	0	0	0	0	0	
1699.022883	8	3	3	0	1	2	2	4199	551	27	101936	19	9	79	0	0	0	0	0	0	0	0	0	0	0	0	0	0	
1700.028000	8	3	3	0	1	2	2	4198	527	27	101996	19	9	79	0	0	0	0	0	0	0	0	0	0	0	0	0	0	
1701.033117	8	3	3	0	1	2	2	4199	505	27	102057	19	9	79	0	0	0	0	0	0	0	0	0	0	0	0	0	0	
1702.019517	8	3	3	0	1	2	2	4199	484	27	102116	19	9	79	0	0	0	0	0	0	0	0	0	0	0	0	0	0	
1703.024633	8	3	3	0	1	2	2	4199	464	27	102176	19	9	79	0	0	0	0	0	0	0	0	0	0	0	0	0	0	
1704.031200	8	3	3	0	1	2	2	4199	444	27	102236	19	9	79	0	0	0	0	0	0	0	0	0	0	0	0	0	0	
1705.017600	8	3	3	0	1	2	2	4199	426	27	102296	19	9	79	0	0	0	0	0	0	0	0	0	0	0	0	0	0	
1706.022717	8	3	3	0	1	2	2	4199	409	27	102356	19	9	79	0	0	0	0	0	0	0	0	0	0	0	0	0	0	
1707.027833	8	3	3	0	1	2	2	4199	391	27	102416	19	9	79	0	0	0	0	0	0	0	0	0	0	0	0	0	0	
1708.032967	8	3	3	0	1	2	2	4199	375	27	102477	19	9	79	0	0	0	0	0	0	0	0	0	0	0	0	0	0	
1709.019367	8	3	3	0	1	2	2	4199	358	27	102536	19	9	79	0	0	0	0	0	0	0	0	0	0	0	0	0	0	
1710.024483	8	3	3	0	1	2	2	4198	344	27	102596	19	9	79	0	0	0	0	0	0	0	0	0	0	0	0	0	0	
1711.031033	8	3	3	0	1	2	2	4198	330	27	102656	19	9	79	0	0	0	0	0	0	0	0	0	0	0	0	0	0	
1712.036167	8	3	3	0	1	2	2	4198	315	27	102717	19	9	79	0	0	0	0	0	0	0	0	0	0	0	0	0	0	
1713.022567	8	3	3	0	1	2	2	4199	303	27	102776	19	9	79	0	0	0	0	0	0	0	0	0	0	0	0	0	0	
1714.027683	8	3	3	0	1	2	2	4199	290	27	102836	19	9	79	0	0	0	0	0	0	0	0	0	0	0	0	0	0	
1715.032800	8	3	3	0	1	2	2	4199	278	27	102897	19	9	79	0	0	0	0	0	0	0	0	0	0	0	0	0	0	
1716.019200	8	3	3	0	1	2	2	4199	266	27	102956	19	9	79	0	0	0	0	0	0	0	0	0	0	0	0	0	0	
1717.025767	8	3	3	0	1	2	2	4199	255	27	103016	19	9	79	0	0	0	0	0	0	0	0	0	0	0	0	0	0	
1718.030883	8	3	3	0	1	2	2	4199	245	27	103076	19	9	79	0	0	0	0	0	0	0	0	0	0	0	0	0	0	
1719.036000	8	3	3	0	1	2	2	4198	235	27	103137	19	9	79	0	0	0	0	0	0	0	0	0	0	0	0	0	0	
1720.022400	8	3	3	0	1	2	2	4198	225	27	103196	19	9	79	0	0	0	0	0	0	0	0	0	0	0	0	0	0	
1721.027517	8	3	3	0	1	2	2	4198	216	27	103256	19	9	79	0	0	0	0	0	0	0	0	0	0	0	0	0	0	
1722.032633	8	3	3	0	1	2	2	4199	207	27	103317	19	9	79	0	0	0	0	0	0	0	0	0	0	0	0	0	0	
1723.019033	8	3	3	0	1	2	2	4199	199	27	103376	19	9	79	0	0	0	0	0	0	0	0	0	0	0	0	0	0	
1724.025600	8	3	3	0	1	2	2	4199	191	27	103436	19	9	79	0	0	0	0	0	0	0	0	0	0	0	0	0	0	
1725.030717	8	3	3	0	1	2	2	4199	183	27	103496	19	9	79	0	0	0	0	0	0	0	0	0	0	0	0	0	0	
1726.035833	8	3	3	0	1	2	2	4199	176	27	103557	19	9	79	0	0	0	0	0	0	0	0	0	0	0	0	0	0	
1727.022233	8	3	3	0	1	2	2	4199	168	27	103616	19	9	79	0	0	0	0	0	0	0	0	0	0	0	0	0	0	
1728.028800	8	3	3	0	1	2	2	4199	161	27	103676	19	9	79	0	0	0	0	0	0	0	0	0	0	0	0	0	0	
1729.033917	8	3	3	0	1	2	2	4199	154	27	103736	19	9	79	0	0	0	0	0	0	0	0	0	0	0	0	0	0	
1730.023200	8	3	3	0	1	2	2	4199	148	27	103796	19	9	79	0	0	0	0	0	0	0	0	0	0	0	0	0	0	
1731.028317	8	3	3	0	1	2	2	4198	143	27	103856	19	9	79	0	0	0	0	0	0	0	0	0	0	0	0	0	0	
1732.034883	8	3	3	0	1	2	2	4199	137	27	103917	19	9	79	0	0	0	0	0	0	0	0	0	0	0	0	0	0	
1733.021283	8	3	3	0	1	2	2	4199	132	27	103976	19	9	79	0	0	0	0	0	0	0	0	0	0	0	0	0	0	
1734.026400	8	3	3	0	1	2	2	4198	126	27	104036	19	9	79	0	0	0	0	0	0	0	0	0	0	0	0	0	0	
1735.031517	8	3	3	0	1	2	2	4198	121	27	104096	19	9	79	0	0	0	0	0	0	0	0	0	0	0	0	0	0	
1736.036633	8	3	3	0	1	2	2	4198	116	27	104157	19	9	79	0	0	0	0	0	0	0	0	0	0	0	0	0	0	
1737.024483	8	3	3	0	1	2	2	4199	112	27	104216	19	9	79	0	0	0	0	0	0	0	0	0	0	0	0	0	0	
1738.029600	8	3	3	0	1	2	2	4199	108	27	104276	19	9	79	0	0	0	0	0	0	0	0	0	0	0	0	0	0	
1739.034717	8	3	3	0	1	2	2	4199	104	27	104337	19	9	79	0	0	0	0	0	0	0	0	0	0	0	0	0	0	
1740.021117	8	3	3	0	1	2	2	4199	99	27	104396	19	9	79	0	0	0	0	0	0	0	0	0	0	0	0	0	0	
1741.026233	8	3	3	0	1	2	2	4199	95	27	104456	19	9	79	0	0	0	0	0	0	0	0	0	0	0	0	0	0	
1742.032800	8	3	3	0	1	2	2	4199	92	27	104516	19	9	79	0	0	0	0	0	0	0	0	0	0	0	0	0	0	
1743.037917	8	3	3	0	1	2	2	4198	89	27	104577	19	9	79	0	0	0	0	0	0	0	0	0	0	0	0	0	0	
1744.024317	8	3	3	0	1	2	2	4199	85	27	104636	19	9	79	0	0	0	0	0	0	0	0	0	0	0	0	0	0	
1745.029433	8	3	3	0	1	2	2	4199	82	27	104696	19	9	79	0	0	0	0	0	0	0	0	0	0	0	0	0	0	
1746.034567	8	3	3	0	1	2	2	4198	80	27	104756	19	9	79	0	0	0	0	0	0	0	0	0	0	0	0	0	0	
1747.020967	8	3	3	0	1	2	2	4199	77	27	104816	19	9	79	0	0	0	0	0	0	0	0	0	0	0	0	0	0	
1748.027517	8	3	3	0	1	2	2	4198	75	27	104876	19	9	79	0	0	0	0	0	0	0	0	0	0	0	0	0	0	
1749.032633	8	3	3	0	1	2	2	4198	70	27	104936	19	9	79	0	0	0	0	0	0	0	0	0	0	0	0	0	0	
1750.037767	8	3	3	0	1	2	2	4199	68	27	104997	19	9	79	0	0	0	0	0	0	0	0	0	0	0	0	0	0	
1750.553283	8	6	3	0	2	7	1	4065	-669	27	105028	19	10	0	0	0	0	0	0	0	0	0	0	0	0	0	0	0	
1751.025600	8	6	3	0	2	7	1	3866	-1349	27	105056	19	10	0	0	0	0	0	0	0	0	0	0	0	0	0	0	0	
1752.032167	8	6	3	0	2	7	1	3821	-1349	27	105116	19	10	2	0	0	0	0	0	0	0	0	0	0	0	0	0	0	
1753.037283	8	6	3	0	2	7	1	3793	-1349	27	105177	19	10	4	0	0	0	0	0	0	0	0	0	0	0	0	0	0	
1754.023683	8	6	3	0	2	7	1	3770	-1348	27	105236	19	10	5	0	0	0	0	0	0	0	0	0	0	0	0	0	0	
1755.028800	8	6	3	0	2	7	1	3748	-1350	27	105296	19	10	7	0	0	0	0	0	0	0	0	0	0	0	0	0	0	
1756.033917	8	6	3	0	2	7	1	3728	-1349	27	105356	19	10	8	0	0	0	0	0	0	0	0	0	0	0	0	0	0	
1757.020317	8	6	3	0	2	7	1	3709	-1350	27	105416	19	10	10	0	0	0	0	0	0	0	0	0	0	0	0	0	0	
1758.026883	8	6	3	0	2	7	1	3690	-1349	27	105476	19	10	12	0	0	0	0	0	0	0	0	0	0	0	0	0	0	
1759.032000	8	6	3	0	2	7	1	3671	-1348	27	105536	19	10	13	0	0	0	0	0	0	0	0	0	0	0	0	0	0	
1760.037117	8	6	3	0	2	7	1	3654	-1350	27	105597	19	10	15	0	0	0	0	0	0	0	0	0	0	0	0	0	0	
1761.023517	8	6	3	0	2	7	1	3636	-1349	27	105656	19	10	17	0	0	0	0	0	0	0	0	0	0	0	0	0	0	
1762.030083	8	6	3	0	2	7	1	3620	-1350	27	105716	19	10	18	0	0	0	0	0	0	0	0	0	0	0	0	0	0	
1763.035200	8	6	3	0	2	7	1	3604	-1348	27	105776	19	10	20	0	0	0	0	0	0	0	0	0	0	0	0	0	0	
1764.021600	8	6	3	0	2	7	1	3588	-1350	27	105836	19	10	22	0	0	0	0	0	0	0	0	0	0	0	0	0	0	
1765.026717	8	6	3	0	2	7	1	3573	-1348	27	105896	19	10	23	0	0	0	0	0	0	0	0	0	0	0	0	0	0	
1766.031833	8	6	3	0	2	7	1	3558	-1350	27	105956	19	10	25	0	0	0	0	0	0	0	0	0	0	0	0	0	0	
1767.036967	8	6	3	0	2	7	1	3544	-1349	27	106017	19	10	27	0	0	0	0	0	0	0	0	0	0	0	0	0	0	
1768.024800	8	6	3	0	2	7	1	3530	-1350	27	106076	19	10	28	0	0	0	0	0	0	0	0	0	0	0	0	0	0	
1769.029917	8	6	3	0	2	7	1	3517	-1349	27	106136	19	10	30	0	0	0	0	0	0	0	0	0	0	0	0	0	0	
1770.035033	8	6	3	0	2	7	1	3504	-1350	27	106196	19	10	32	0	0	0	0	0	0	0	0	0	0	0	0	0	0	
1771.040167	8	6	3	0	2	7	1	3491	-1351	27	106257	19	10	33	0	0	0	0	0	0	0	0	0	0	0	0	0	0	
1772.026567	8	6	3	0	2	7	1	3479	-1349	27	106316	19	10	35	0	0	0	0	0	0	0	0	0	0	0	0	0	0	
1773.031683	8	6	3	0	2	7	1	3468	-1350	27	106376	19	10	37	0	0	0	0	0	0	0	0	0	0	0	0	0	0	
1774.022400	8	6	3	0	2	7	1	3457	-1350	27	106436	19	10	38	0	0	0	0	0	0	0	0	0	0	0	0	0	0	
1775.027517	8	6	3	0	2	7	1	3447	-1350	27	106496	19	10	40	0	0	0	0	0	0	0	0	0	0	0	0	0	0	
1776.032633	8	6	3	0	2	7	1	3436	-1349	27	106556	19	10	42	0	0	0	0	0	0	0	0	0	0	0	0	0	0	
1777.039200	8	6	3	0	2	7	1	3427	-1349	27	106617	19	10	43	0	0	0	0	0	0	0	0	0	0	0	0	0	0	
1778.025600	8	6	3	0	2	7	1	3419	-1349	27	106676	19	10	45	0	0	0	0	0	0	0	0	0	0	0	0	0	0	
1779.030717	8	6	3	0	2	7	1	3410	-1350	27	106736	19	10	47	0	0	0	0	0	0	0	0	0	0	0	0	0	0	
1780.035833	8	6	3	0	2	7	1	3402	-1350	27	106796	19	10	48	0	0	0	0	0	0	0	0	0	0	0	0	0	0	
1781.022233	8	6	3	0	2	7	1	3395	-1350	27	106856	19	10	50	0	0	0	0	0	0	0	0	0	0	0	0	0	0	
1782.027367	8	6	3	0	2	7	1	3387	-1348	27	106916	19	10	52	0	0	0	0	0	0	0	0	0	0	0	0	0	0	
1783.033917	8	6	3	0	2	7	1	3380	-1351	27	106976	19	10	53	0	0	0	0	0	0	0	0	0	0	0	0	0	0	
1784.039033	8	6	3	0	2	7	1	3374	-1350	27	107037	19	10	55	0	0	0	0	0	0	0	0	0	0	0	0	0	0	
1785.025433	8	6	3	0	2	7	1	3367	-1349	27	107096	19	10	57	0	0	0	0	0	0	0	0	0	0	0	0	0	0	
1786.030567	8	6	3	0	2	7	1	3360	-1349	27	107156	19	10	58	0	0	0	0	0	0	0	0	0	0	0	0	0	0	
1787.035683	8	6	3	0	2	7	1	3352	-1348	27	107216	19	10	60	0	0	0	0	0	0	0	0	0	0	0	0	0	0	
1788.042233	8	6	3	0	2	7	1	3345	-1350	27	107277	19	10	61	0	0	0	0	0	0	0	0	0	0	0	0	0	0	
1789.028633	8	6	3	0	2	7	1	3337	-1349	27	107336	19	10	63	0	0	0	0	0	0	0	0	0	0	0	0	0	0	
1790.033767	8	6	3	0	2	7	1	3327	-1349	27	107396	19	10	65	0	0	0	0	0	0	0	0	0	0	0	0	0	0	
1791.038883	8	6	3	0	2	7	1	3316	-1349	27	107457	19	10	66	0	0	0	0	0	0	0	0	0	0	0	0	0	0	
1792.025283	8	6	3	0	2	7	1	3301	-1350	27	107516	19	10	68	0	0	0	0	0	0	0	0	0	0	0	0	0	0	
1793.031833	8	6	3	0	2	7	1	3283	-1349	27	107576	19	10	70	0	0	0	0	0	0	0	0	0	0	0	0	0	0	
1794.036967	8	6	3	0	2	7	1	3258	-1349	27	107636	19	10	71	0	0	0	0	0	0	0	0	0	0	0	0	0	0	
1795.042083	8	6	3	0	2	7	1	3221	-1349	27	107697	19	10	73	0	0	0	0	0	0	0	0	0	0	0	0	0	0	
1796.028483	8	6	3	0	2	7	1	3161	-1350	27	107756	19	10	75	0	0	0	0	0	0	0	0	0	0	0	0	0	0	
1797.033600	8	6	3	0	2	7	1	3049	-1349	27	107816	19	10	76	0	0	0	0	0	0	0	0	0	0	0	0	0	0	
1798.038717	8	6	3	0	2	7	1	2795	-1350	27	107877	19	10	78	0	0	0	0	0	0	0	0	0	0	0	0	0	0	
1798.310883	8	15	3	0	1	31	2	3140	57	27	107893	21	10	79	0	0	0	0	0	0	0	0	0	0	0	0	0	0	
1798.331033	8	3	3	0	1	2	2	3397	676	27	107894	21	10	79	0	0	0	0	0	0	0	0	0	0	0	0	0	0	
1799.029433	8	3	3	0	1	2	2	3677	676	27	107936	21	10	79	0	0	0	0	0	0	0	0	0	0	0	0	0	0	
1800.034567	8	3	3	0	1	2	2	3766	675	27	107996	21	10	79	0	0	0	0	0	0	0	0	0	0	0	0	0	0	
1801.041117	8	3	3	0	1	2	2	3806	674	27	108057	21	10	79	0	0	0	0	0	0	0	0	0	0	0	0	0	0	
1802.027517	8	3	3	0	1	2	2	3827	675	27	108116	21	10	79	0	0	0	0	0	0	0	0	0	0	0	0	0	0	
1803.032633	8	3	3	0	1	2	2	3841	674	27	108176	21	10	79	0	0	0	0	0	0	0	0	0	0	0	0	0	0	
1804.037767	8	3	3	0	1	2	2	3852	675	27	108236	21	10	79	0	0	0	0	0	0	0	0	0	0	0	0	0	0	
1805.024167	8	3	3	0	1	2	2	3861	674	27	108296	21	10	79	0	0	0	0	0	0	0	0	0	0	0	0	0	0	
1806.030717	8	3	3	0	1	2	2	3871	676	27	108356	21	10	79	0	0	0	0	0	0	0	0	0	0	0	0	0	0	
1807.035833	8	3	3	0	1	2	2	3879	675	27	108416	21	10	79	0	0	0	0	0	0	0	0	0	0	0	0	0	0	
1808.040967	8	3	3	0	1	2	2	3887	675	27	108477	21	10	79	0	0	0	0	0	0	0	0	0	0	0	0	0	0	
1809.027367	8	3	3	0	1	2	2	3895	674	27	108536	21	10	79	0	0	0	0	0	0	0	0	0	0	0	0	0	0	
1810.032483	8	3	3	0	1	2	2	3903	675	27	108596	21	10	79	0	0	0	0	0	0	0	0	0	0	0	0	0	0	
1811.039033	8	3	3	0	1	2	2	3911	674	27	108656	21	10	79	0	0	0	0	0	0	0	0	0	0	0	0	0	0	
1812.044167	8	3	3	0	1	2	2	3917	674	27	108717	21	10	79	0	0	0	0	0	0	0	0	0	0	0	0	0	0	
1813.030567	8	3	3	0	1	2	2	3923	674	27	108776	21	10	79	0	0	0	0	0	0	0	0	0	0	0	0	0	0	
1814.035683	8	3	3	0	1	2	2	3930	675	27	108836	21	10	79	0	0	0	0	0	0	0	0	0	0	0	0	0	0	
1815.040800	8	3	3	0	1	2	2	3935	675	27	108897	21	10	79	0	0	0	0	0	0	0	0	0	0	0	0	0	0	
1816.028633	8	3	3	0	1	2	2	3940	674	27	108956	21	10	79	0	0	0	0	0	0	0	0	0	0	0	0	0	0	
1817.033767	8	3	3	0	1	2	2	3944	675	27	109016	21	10	79	0	0	0	0	0	0	0	0	0	0	0	0	0	0	
1818.038883	8	3	3	0	1	2	2	3948	675	27	109076	21	10	79	0	0	0	0	0	0	0	0	0	0	0	0	0	0	
1819.044000	8	3	3	0	1	2	2	3952	675	27	109137	21	10	79	0	0	0	0	0	0	0	0	0	0	0	0	0	0	
1820.030400	8	3	3	0	1	2	2	3956	674	27	109196	21	10	79	0	0	0	0	0	0	0	0	0	0	0	0	0	0	
1821.036967	8	3	3	0	1	2	2	3959	675	27	109256	21	10	79	0	0	0	0	0	0	0	0	0	0	0	0	0	0	
1822.042083	8	3	3	0	1	2	2	3962	673	27	109317	21	10	79	0	0	0	0	0	0	0	0	0	0	0	0	0	0	
1823.028483	8	3	3	0	1	2	2	3966	674	27	109376	21	10	79	0	0	0	0	0	0	0	0	0	0	0	0	0	0	
1824.033600	8	3	3	0	1	2	2	3970	675	27	109436	21	10	79	0	0	0	0	0	0	0	0	0	0	0	0	0	0	
1825.040167	8	3	3	0	1	2	2	3973	675	27	109496	21	10	79	0	0	0	0	0	0	0	0	0	0	0	0	0	0	
1826.045283	8	3	3	0	1	2	2	3977	674	27	109557	21	10	79	0	0	0	0	0	0	0	0	0	0	0	0	0	0	
1827.031683	8	3	3	0	1	2	2	3980	675	27	109616	21	10	79	0	0	0	0	0	0	0	0	0	0	0	0	0	0	
1828.036800	8	3	3	0	1	2	2	3984	675	27	109676	21	10	79	0	0	0	0	0	0	0	0	0	0	0	0	0	0	
1829.041917	8	3	3	0	1	2	2	3986	674	27	109737	21	10	79	0	0	0	0	0	0	0	0	0	0	0	0	0	0	
1830.028317	8	3	3	0	1	2	2	3990	674	27	109796	21	10	79	0	0	0	0	0	0	0	0	0	0	0	0	0	0	
1831.034883	8	3	3	0	1	2	2	3993	675	26	109856	21	10	79	0	0	0	0	0	0	0	0	0	0	0	0	0	0	
1832.040000	8	3	3	0	1	2	2	3997	676	27	109916	21	10	79	0	0	0	0	0	0	0	0	0	0	0	0	0	0	
1833.045117	8	3	3	0	1	2	2	4000	674	27	109977	21	10	79	0	0	0	0	0	0	0	0	0	0	0	0	0	0	
1834.031517	8	3	3	0	1	2	2	4003	674	27	110036	21	10	79	0	0	0	0	0	0	0	0	0	0	0	0	0	0	
1835.036633	8	3	3	0	1	2	2	4007	674	27	110096	21	10	79	0	0	0	0	0	0	0	0	0	0	0	0	0	0	
1836.043200	8	3	3	0	1	2	2	4010	675	27	110157	21	10	79	0	0	0	0	0	0	0	0	0	0	0	0	0	0	
1837.029600	8	3	3	0	1	2	2	4014	675	26	110216	21	10	79	0	0	0	0	0	0	0	0	0	0	0	0	0	0	
1838.034717	8	3	3	0	1	2	2	4017	674	27	110276	21	10	79	0	0	0	0	0	0	0	0	0	0	0	0	0	0	
1839.039833	8	3	3	0	1	2	2	4021	674	26	110336	21	10	79	0	0	0	0	0	0	0	0	0	0	0	0	0	0	
1840.044967	8	3	3	0	1	2	2	4025	675	27	110397	21	10	79	0	0	0	0	0	0	0	0	0	0	0	0	0	0	
1841.032800	8	3	3	0	1	2	2	4029	673	27	110456	21	10	79	0	0	0	0	0	0	0	0	0	0	0	0	0	0	
1842.037917	8	3	3	0	1	2	2	4033	674	27	110516	21	10	79	0	0	0	0	0	0	0	0	0	0	0	0	0	0	
1843.043033	8	3	3	0	1	2	2	4037	673	27	110577	21	10	79	0	0	0	0	0	0	0	0	0	0	0	0	0	0	
1844.029433	8	3	3	0	1	2	2	4041	674	27	110636	21	10	79	0	0	0	0	0	0	0	0	0	0	0	0	0	0	
1845.034567	8	3	3	0	1	2	2	4045	675	26	110696	21	10	79	0	0	0	0	0	0	0	0	0	0	0	0	0	0	
1846.041117	8	3	3	0	1	2	2	4050	676	26	110756	21	10	79	0	0	0	0	0	0	0	0	0	0	0	0	0	0	
1847.046233	8	3	3	0	1	2	2	4054	674	27	110817	21	10	79	0	0	0	0	0	0	0	0	0	0	0	0	0	0	
1848.032633	8	3	3	0	1	2	2	4059	674	26	110876	21	10	79	0	0	0	0	0	0	0	0	0	0	0	0	0	0	
1849.037767	8	3	3	0	1	2	2	4064	675	27	110936	21	10	79	0	0	0	0	0	0	0	0	0	0	0	0	0	0	
1850.044317	8	3	3	0	1	2	2	4068	674	27	110997	21	10	79	0	0	0	0	0	0	0	0	0	0	0	0	0	0	
1851.030717	8	3	3	0	1	2	2	4073	675	26	111056	21	10	79	0	0	0	0	0	0	0	0	0	0	0	0	0	0	
1852.035833	8	3	3	0	1	2	2	4078	674	27	111116	21	10	79	0	0	0	0	0	0	0	0	0	0	0	0	0	0	
1853.040967	8	3	3	0	1	2	2	4083	674	27	111176	21	10	79	0	0	0	0	0	0	0	0	0	0	0	0	0	0	
1854.046083	8	3	3	0	1	2	2	4089	674	26	111237	21	10	79	0	0	0	0	0	0	0	0	0	0	0	0	0	0	
1855.035367	8	3	3	0	1	2	2	4094	675	26	111296	21	10	79	0	0	0	0	0	0	0	0	0	0	0	0	0	0	
1856.040483	8	3	3	0	1	2	2	4100	674	27	111356	21	10	79	0	0	0	0	0	0	0	0	0	0	0	0	0	0	
1857.047033	8	3	3	0	1	2	2	4106	676	26	111417	21	10	79	0	0	0	0	0	0	0	0	0	0	0	0	0	0	
1858.033433	8	3	3	0	1	2	2	4111	676	27	111476	21	10	79	0	0	0	0	0	0	0	0	0	0	0	0	0	0	
1859.038567	8	3	3	0	1	2	2	4116	668	26	111536	21	10	79	0	0	0	0	0	0	0	0	0	0	0	0	0	0	
1860.043683	8	3	3	0	1	2	2	4120	664	27	111596	21	10	79	0	0	0	0	0	0	0	0	0	0	0	0	0	0	
1861.030083	8	3	3	0	1	2	2	4127	664	26	111656	21	10	79	0	0	0	0	0	0	0	0	0	0	0	0	0	0	
1862.036633	8	3	3	0	1	2	2	4131	662	27	111716	21	10	79	0	0	0	0	0	0	0	0	0	0	0	0	0	0	
1863.041767	8	3	3	0	1	2	2	4138	662	26	111776	21	10	79	0	0	0	0	0	0	0	0	0	0	0	0	0	0	
1864.046883	8	3	3	0	1	2	2	4144	661	27	111837	21	10	79	0	0	0	0	0	0	0	0	0	0	0	0	0	0	
1865.033283	8	3	3	0	1	2	2	4150	660	27	111896	21	10	79	0	0	0	0	0	0	0	0	0	0	0	0	0	0	
1866.038400	8	3	3	0	1	2	2	4156	659	26	111956	21	10	79	0	0	0	0	0	0	0	0	0	0	0	0	0	0	
1867.043517	8	3	3	0	1	2	2	4162	659	26	112016	21	10	79	0	0	0	0	0	0	0	0	0	0	0	0	0	0	
1868.031367	8	3	3	0	1	2	2	4168	656	27	112076	21	10	79	0	0	0	0	0	0	0	0	0	0	0	0	0	0	
1869.036483	8	3	3	0	1	2	2	4175	656	27	112136	21	10	79	0	0	0	0	0	0	0	0	0	0	0	0	0	0	
1870.041600	8	3	3	0	1	2	2	4182	655	26	112196	21	10	79	0	0	0	0	0	0	0	0	0	0	0	0	0	0	
1871.046717	8	3	3	0	1	2	2	4189	655	27	112257	21	10	79	0	0	0	0	0	0	0	0	0	0	0	0	0	0	
1872.034567	8	3	3	0	1	2	2	4195	654	26	112316	21	10	79	0	0	0	0	0	0	0	0	0	0	0	0	0	0	
1873.039683	8	3	3	0	1	2	2	4199	637	26	112376	21	10	79	0	0	0	0	0	0	0	0	0	0	0	0	0	0	
1874.044800	8	3	3	0	1	2	2	4198	610	27	112436	21	10	79	0	0	0	0	0	0	0	0	0	0	0	0	0	0	
1875.031200	8	3	3	0	1	2	2	4199	586	26	112496	21	10	79	0	0	0	0	0	0	0	0	0	0	0	0	0	0	
1876.036317	8	3	3	0	1	2	2	4199	562	26	112556	21	10	79	0	0	0	0	0	0	0	0	0	0	0	0	0	0	
1877.042883	8	3	3	0	1	2	2	4199	539	26	112616	21	10	79	0	0	0	0	0	0	0	0	0	0	0	0	0	0	
1878.048000	8	3	3	0	1	2	2	4198	519	26	112677	21	10	79	0	0	0	0	0	0	0	0	0	0	0	0	0	0	
1879.034400	8	3	3	0	1	2	2	4199	497	26	112736	21	10	79	0	0	0	0	0	0	0	0	0	0	0	0	0	0	
1880.039517	8	3	3	0	1	2	2	4199	477	27	112796	21	10	79	0	0	0	0	0	0	0	0	0	0	0	0	0	0	
1881.044633	8	3	3	0	1	2	2	4199	458	26	112856	21	10	79	0	0	0	0	0	0	0	0	0	0	0	0	0	0	
1882.031033	8	3	3	0	1	2	2	4199	440	26	112916	21	10	79	0	0	0	0	0	0	0	0	0	0	0	0	0	0	
1883.037600	8	3	3	0	1	2	2	4199	422	26	112976	21	10	79	0	0	0	0	0	0	0	0	0	0	0	0	0	0	
1884.042717	8	3	3	0	1	2	2	4199	405	26	113036	21	10	79	0	0	0	0	0	0	0	0	0	0	0	0	0	0	
1885.047833	8	3	3	0	1	2	2	4199	388	26	113097	21	10	79	0	0	0	0	0	0	0	0	0	0	0	0	0	0	
1886.034233	8	3	3	0	1	2	2	4198	372	26	113156	21	10	79	0	0	0	0	0	0	0	0	0	0	0	0	0	0	
1887.039367	8	3	3	0	1	2	2	4198	357	26	113216	21	10	79	0	0	0	0	0	0	0	0	0	0	0	0	0	0	
1888.045917	8	3	3	0	1	2	2	4199	343	26	113276	21	10	79	0	0	0	0	0	0	0	0	0	0	0	0	0	0	
1889.032317	8	3	3	0	1	2	2	4199	329	26	113336	21	10	79	0	0	0	0	0	0	0	0	0	0	0	0	0	0	
1890.037433	8	3	3	0	1	2	2	4199	315	26	113396	21	10	79	0	0	0	0	0	0	0	0	0	0	0	0	0	0	
1891.042567	8	3	3	0	1	2	2	4199	303	26	113456	21	10	79	0	0	0	0	0	0	0	0	0	0	0	0	0	0	
1892.047683	8	3	3	0	1	2	2	4199	291	26	113517	21	10	79	0	0	0	0	0	0	0	0	0	0	0	0	0	0	
1893.034083	8	3	3	0	1	2	2	4199	279	26	113576	21	10	79	0	0	0	0	0	0	0	0	0	0	0	0	0	0	
1894.040633	8	3	3	0	1	2	2	4199	267	26	113636	21	10	79	0	0	0	0	0	0	0	0	0	0	0	0	0	0	
1895.045767	8	3	3	0	1	2	2	4199	257	26	113696	21	10	79	0	0	0	0	0	0	0	0	0	0	0	0	0	0	
1896.032167	8	3	3	0	1	2	2	4199	246	26	113756	21	10	79	0	0	0	0	0	0	0	0	0	0	0	0	0	0	
1897.037283	8	3	3	0	1	2	2	4199	237	26	113816	21	10	79	0	0	0	0	0	0	0	0	0	0	0	0	0	0	
1898.042400	8	3	3	0	1	2	2	4198	227	26	113876	21	10	79	0	0	0	0	0	0	0	0	0	0	0	0	0	0	
1899.048967	8	3	3	0	1	2	2	4199	218	26	113937	21	10	79	0	0	0	0	0	0	0	0	0	0	0	0	0	0	
1900.035367	8	3	3	0	1	2	2	4199	209	26	113996	21	10	79	0	0	0	0	0	0	0	0	0	0	0	0	0	0	
1901.040483	8	3	3	0	1	2	2	4198	201	26	114056	21	10	79	0	0	0	0	0	0	0	0	0	0	0	0	0	0	
1902.045600	8	3	3	0	1	2	2	4199	193	26	114116	21	10	79	0	0	0	0	0	0	0	0	0	0	0	0	0	0	
1903.050717	8	3	3	0	1	2	2	4199	185	26	114177	21	10	79	0	0	0	0	0	0	0	0	0	0	0	0	0	0	
1904.037117	8	3	3	0	1	2	2	4199	177	26	114236	21	10	79	0	0	0	0	0	0	0	0	0	0	0	0	0	0	
1905.043683	8	3	3	0	1	2	2	4199	170	26	114296	21	10	79	0	0	0	0	0	0	0	0	0	0	0	0	0	0	
1906.048800	8	3	3	0	1	2	2	4198	163	26	114357	21	10	79	0	0	0	0	0	0	0	0	0	0	0	0	0	0	
1907.035200	8	3	3	0	1	2	2	4198	157	26	114416	21	10	79	0	0	0	0	0	0	0	0	0	0	0	0	0	0	
1908.040317	8	3	3	0	1	2	2	4199	151	26	114476	21	10	79	0	0	0	0	0	0	0	0	0	0	0	0	0	0	
1909.045433	8	3	3	0	1	2	2	4198	145	26	114536	21	10	79	0	0	0	0	0	0	0	0	0	0	0	0	0	0	
1910.052000	8	3	3	0	1	2	2	4199	139	26	114597	21	10	79	0	0	0	0	0	0	0	0	0	0	0	0	0	0	
1911.038400	8	3	3	0	1	2	2	4199	134	26	114656	21	10	79	0	0	0	0	0	0	0	0	0	0	0	0	0	0	
1912.043517	8	3	3	0	1	2	2	4199	129	26	114716	21	10	79	0	0	0	0	0	0	0	0	0	0	0	0	0	0	
1913.048633	8	3	3	0	1	2	2	4199	124	26	114777	21	10	79	0	0	0	0	0	0	0	0	0	0	0	0	0	0	
1914.035033	8	3	3	0	1	2	2	4199	120	26	114836	21	10	79	0	0	0	0	0	0	0	0	0	0	0	0	0	0	
1915.041600	8	3	3	0	1	2	2	4199	115	26	114896	21	10	79	0	0	0	0	0	0	0	0	0	0	0	0	0	0	
1916.046717	8	3	3	0	1	2	2	4199	111	26	114956	21	10	79	0	0	0	0	0	0	0	0	0	0	0	0	0	0	
1917.033117	8	3	3	0	1	2	2	4198	107	26	115016	21	10	79	0	0	0	0	0	0	0	0	0	0	0	0	0	0	
1918.039683	8	3	3	0	1	2	2	4199	102	26	115076	21	10	79	0	0	0	0	0	0	0	0	0	0	0	0	0	0	
1919.044800	8	3	3	0	1	2	2	4199	98	26	115136	21	10	79	0	0	0	0	0	0	0	0	0	0	0	0	0	0	
1920.049917	8	3	3	0	1	2	2	4198	94	26	115197	21	10	79	0	0	0	0	0	0	0	0	0	0	0	0	0	0	
1921.036317	8	3	3	0	1	2	2	4199	92	26	115256	21	10	79	0	0	0	0	0	0	0	0	0	0	0	0	0	0	
1922.045767	8	3	3	0	1	2	2	4198	88	26	115316	21	10	79	0	0	0	0	0	0	0	0	0	0	0	0	0	0	
1923.050883	8	3	3	0	1	2	2	4198	84	26	115377	21	10	79	0	0	0	0	0	0	0	0	0	0	0	0	0	0	
1924.037283	8	3	3	0	1	2	2	4199	81	26	115436	21	10	79	0	0	0	0	0	0	0	0	0	0	0	0	0	0	
1925.043833	8	3	3	0	1	2	2	4198	78	26	115496	21	10	79	0	0	0	0	0	0	0	0	0	0	0	0	0	0	
1926.048967	8	3	3	0	1	2	2	4199	76	26	115556	21	10	79	0	0	0	0	0	0	0	0	0	0	0	0	0	0	
1927.035367	8	3	3	0	1	2	2	4198	72	26	115616	21	10	79	0	0	0	0	0	0	0	0	0	0	0	0	0	0	
1928.040483	8	3	3	0	1	2	2	4198	70	26	115676	21	10	79	0	0	0	0	0	0	0	0	0	0	0	0	0	0	
1929.047033	8	3	3	0	1	2	2	4199	68	26	115736	21	10	79	0	0	0	0	0	0	0	0	0	0	0	0	0	0	
1929.486233	8	6	3	0	2	7	1	3899	-1347	26	115763	21	11	0	0	0	0	0	0	0	0	0	0	0	0	0	0	0	
1930.034883	8	6	3	0	2	7	1	3845	-1350	26	115796	21	11	0	0	0	0	0	0	0	0	0	0	0	0	0	0	0	
1931.040000	8	6	3	0	2	7	1	3804	-1346	26	115856	21	11	2	0	0	0	0	0	0	0	0	0	0	0	0	0	0	
1932.045117	8	6	3	0	2	7	1	3776	-1350	26	115916	21	11	4	0	0	0	0	0	0	0	0	0	0	0	0	0	0	
1933.050233	8	6	3	0	2	7	1	3752	-1349	26	115977	21	11	5	0	0	0	0	0	0	0	0	0	0	0	0	0	0	
1934.036633	8	6	3	0	2	7	1	3731	-1350	26	116036	21	11	7	0	0	0	0	0	0	0	0	0	0	0	0	0	0	
1935.043200	8	6	3	0	2	7	1	3710	-1348	26	116096	21	11	9	0	0	0	0	0	0	0	0	0	0	0	0	0	0	
1936.048317	8	6	3	0	2	7	1	3690	-1350	26	116156	21	11	10	0	0	0	0	0	0	0	0	0	0	0	0	0	0	
1937.053433	8	6	3	0	2	7	1	3671	-1350	26	116217	21	11	12	0	0	0	0	0	0	0	0	0	0	0	0	0	0	
1938.039833	8	6	3	0	2	7	1	3652	-1348	26	116276	21	11	14	0	0	0	0	0	0	0	0	0	0	0	0	0	0	
1939.044967	8	6	3	0	2	7	1	3634	-1349	26	116336	21	11	15	0	0	0	0	0	0	0	0	0	0	0	0	0	0	
1940.051517	8	6	3	0	2	7	1	3616	-1350	26	116397	21	11	17	0	0	0	0	0	0	0	0	0	0	0	0	0	0	
1941.037917	8	6	3	0	2	7	1	3597	-1350	26	116456	21	11	19	0	0	0	0	0	0	0	0	0	0	0	0	0	0	
1942.043033	8	6	3	0	2	7	1	3577	-1350	26	116516	21	11	20	0	0	0	0	0	0	0	0	0	0	0	0	0	0	
1943.048167	8	6	3	0	2	7	1	3554	-1351	26	116576	21	11	22	0	0	0	0	0	0	0	0	0	0	0	0	0	0	
1944.053283	8	6	3	0	2	7	1	3506	-1349	26	116637	21	11	24	0	0	0	0	0	0	0	0	0	0	0	0	0	0	
1945.041117	8	6	3	0	2	7	1	3478	-1350	26	116696	21	11	25	0	0	0	0	0	0	0	0	0	0	0	0	0	0	
1946.046233	8	6	3	0	2	7	1	3458	-1351	26	116756	21	11	27	0	0	0	0	0	0	0	0	0	0	0	0	0	0	
1947.051367	8	6	3	0	2	7	1	3472	-1349	26	116817	21	11	28	0	0	0	0	0	0	0	0	0	0	0	0	0	0	
1948.037767	8	6	3	0	2	7	1	3388	-1349	26	116876	21	11	30	0	0	0	0	0	0	0	0	0	0	0	0	0	0	
1949.042883	8	6	3	0	2	7	1	3370	-1346	26	116936	21	11	32	0	0	0	0	0	0	0	0	0	0	0	0	0	0	
1950.048000	8	6	3	0	2	7	1	3520	-1349	26	116996	21	11	33	0	0	0	0	0	0	0	0	0	0	0	0	0	0	
1951.054567	8	6	3	0	2	7	1	3511	-1349	26	117057	21	11	35	0	0	0	0	0	0	0	0	0	0	0	0	0	0	
1952.040967	8	6	3	0	2	7	1	3502	-1351	26	117116	21	11	37	0	0	0	0	0	0	0	0	0	0	0	0	0	0	
1953.046083	8	6	3	0	2	7	1	3493	-1346	26	117176	21	11	38	0	0	0	0	0	0	0	0	0	0	0	0	0	0	
1954.051200	8	6	3	0	2	7	1	3485	-1349	26	117237	21	11	40	0	0	0	0	0	0	0	0	0	0	0	0	0	0	
1955.037600	8	6	3	0	2	7	1	3476	-1351	26	117296	21	11	42	0	0	0	0	0	0	0	0	0	0	0	0	0	0	
1956.042717	8	6	3	0	2	7	1	3468	-1350	26	117356	21	11	43	0	0	0	0	0	0	0	0	0	0	0	0	0	0	
1957.049283	8	6	3	0	2	7	1	3460	-1349	26	117416	21	11	45	0	0	0	0	0	0	0	0	0	0	0	0	0	0	
1958.054400	8	6	3	0	2	7	1	3452	-1351	26	117477	21	11	47	0	0	0	0	0	0	0	0	0	0	0	0	0	0	
1959.040800	8	6	3	0	2	7	1	3444	-1350	26	117536	21	11	48	0	0	0	0	0	0	0	0	0	0	0	0	0	0	
1960.045917	8	6	3	0	2	7	1	3437	-1350	26	117596	21	11	50	0	0	0	0	0	0	0	0	0	0	0	0	0	0	
1961.051033	8	6	3	0	2	7	1	3430	-1349	26	117656	21	11	52	0	0	0	0	0	0	0	0	0	0	0	0	0	0	
1962.038883	8	6	3	0	2	7	1	3424	-1350	26	117716	21	11	53	0	0	0	0	0	0	0	0	0	0	0	0	0	0	
1963.044000	8	6	3	0	2	7	1	3417	-1348	26	117776	21	11	55	0	0	0	0	0	0	0	0	0	0	0	0	0	0	
1964.049117	8	6	3	0	2	7	1	3411	-1352	26	117836	21	11	57	0	0	0	0	0	0	0	0	0	0	0	0	0	0	
1965.054233	8	6	3	0	2	7	1	3404	-1349	26	117897	21	11	58	0	0	0	0	0	0	0	0	0	0	0	0	0	0	
1966.040633	8	6	3	0	2	7	1	3397	-1349	26	117956	21	11	60	0	0	0	0	0	0	0	0	0	0	0	0	0	0	
1967.045767	8	6	3	0	2	7	1	3389	-1351	26	118016	21	11	62	0	0	0	0	0	0	0	0	0	0	0	0	0	0	
1968.052317	8	6	3	0	2	7	1	3381	-1348	26	118076	21	11	63	0	0	0	0	0	0	0	0	0	0	0	0	0	0	
1969.038717	8	6	3	0	2	7	1	3372	-1350	26	118136	21	11	65	0	0	0	0	0	0	0	0	0	0	0	0	0	0	
1970.043833	8	6	3	0	2	7	1	3359	-1350	26	118196	21	11	66	0	0	0	0	0	0	0	0	0	0	0	0	0	0	
1971.048967	8	6	3	0	2	7	1	3345	-1349	26	118256	21	11	68	0	0	0	0	0	0	0	0	0	0	0	0	0	0	
1972.054083	8	6	3	0	2	7	1	3326	-1352	26	118317	21	11	70	0	0	0	0	0	0	0	0	0	0	0	0	0	0	
1973.041917	8	6	3	0	2	7	1	3299	-1348	26	118376	21	11	71	0	0	0	0	0	0	0	0	0	0	0	0	0	0	
1974.047033	8	6	3	0	2	7	1	3258	-1351	26	118436	21	11	73	0	0	0	0	0	0	0	0	0	0	0	0	0	0	
1975.052167	8	6	3	0	2	7	1	3189	-1350	26	118496	21	11	75	0	0	0	0	0	0	0	0	0	0	0	0	0	0	
1976.038567	8	6	3	0	2	7	1	3060	-1348	26	118556	21	11	76	0	0	0	0	0	0	0	0	0	0	0	0	0	0	
1977.043683	8	6	3	0	2	7	1	2738	-1350	26	118616	21	11	78	0	0	0	0	0	0	0	0	0	0	0	0	0	0	
1977.186233	10	0	5	0	0	15	0	3107	0	26	118624	21	11	78	0	0	0	0	0	0	0	0	0	0	0	0	0	0	
1977.206400	8	15	3	0	0	31	0	3155	0	26	118624	21	11	78	0	0	0	0	0	0	0	0	0	0	0	0	0	0	
