Time	Status code	Status category	Status color	Pgm code	Pgm step	Pgm para	Pgm cycle	mV	mA	Temperature	Duration	Charge count	Discharge count	Capacity	Analog input 1	Analog input 2	Analog input 3	Analog input 4	Digital input 1	Digital input 2	Digital input 3	Digital input 4	Digital output 1	Digital output 2	Digital output 3	Digital output 4	Analog output 1	Analog output 2	
0.000000	8	3	3	0	1	2	2	3552	536	24	2	1	0	0	0	0	0	0	0	0	0	0	0	0	0	0	0	0	
0.210233	8	3	3	0	1	2	2	3629	675	24	15	1	0	0	0	0	0	0	0	0	0	0	0	0	0	0	0	0	
1.208167	8	3	3	0	1	2	2	3728	673	24	75	1	0	0	0	0	0	0	0	0	0	0	0	0	0	0	0	0	
2.204633	8	3	3	0	1	2	2	3791	676	24	134	1	0	0	0	0	0	0	0	0	0	0	0	0	0	0	0	0	
3.199683	8	3	3	0	1	2	2	3838	676	24	194	1	0	0	0	0	0	0	0	0	0	0	0	0	0	0	0	0	
4.196167	8	3	3	0	1	2	2	3875	675	24	254	1	0	0	0	0	0	0	0	0	0	0	0	0	0	0	0	0	
5.209917	8	3	3	0	1	2	2	3900	675	24	315	1	0	0	0	0	0	0	0	0	0	0	0	0	0	0	0	0	
6.206400	8	3	3	0	1	2	2	3909	675	24	374	1	0	0	0	0	0	0	0	0	0	0	0	0	0	0	0	0	
7.201433	8	3	3	0	1	2	2	3913	674	24	434	1	0	0	0	0	0	0	0	0	0	0	0	0	0	0	0	0	
8.197917	8	3	3	0	1	2	2	3917	673	24	494	1	0	0	0	0	0	0	0	0	0	0	0	0	0	0	0	0	
9.192967	8	3	3	0	1	2	2	3920	675	24	554	1	0	0	0	0	0	0	0	0	0	0	0	0	0	0	0	0	
10.208167	8	3	3	0	1	2	2	3926	674	24	614	1	0	0	0	0	0	0	0	0	0	0	0	0	0	0	0	0	
11.204633	8	3	3	0	1	2	2	3928	675	24	674	1	0	0	0	0	0	0	0	0	0	0	0	0	0	0	0	0	
12.199683	8	3	3	0	1	2	2	3934	675	24	734	1	0	0	0	0	0	0	0	0	0	0	0	0	0	0	0	0	
13.206233	8	3	3	0	1	2	2	3940	674	24	794	1	0	0	0	0	0	0	0	0	0	0	0	0	0	0	0	0	
14.211367	8	3	3	0	1	2	2	3946	675	24	855	1	0	0	0	0	0	0	0	0	0	0	0	0	0	0	0	0	
15.197767	8	3	3	0	1	2	2	3951	674	24	914	1	0	0	0	0	0	0	0	0	0	0	0	0	0	0	0	0	
16.202883	8	3	3	0	1	2	2	3957	674	24	974	1	0	0	0	0	0	0	0	0	0	0	0	0	0	0	0	0	
17.209433	8	3	3	0	1	2	2	3963	675	24	1034	1	0	0	0	0	0	0	0	0	0	0	0	0	0	0	0	0	
18.195833	8	3	3	0	1	2	2	3969	674	24	1094	1	0	0	0	0	0	0	0	0	0	0	0	0	0	0	0	0	
19.200967	8	3	3	0	1	2	2	3973	674	24	1154	1	0	0	0	0	0	0	0	0	0	0	0	0	0	0	0	0	
20.206083	8	3	3	0	1	2	2	3979	674	24	1214	1	0	0	0	0	0	0	0	0	0	0	0	0	0	0	0	0	
21.211200	8	3	3	0	1	2	2	3984	674	24	1275	1	0	0	0	0	0	0	0	0	0	0	0	0	0	0	0	0	
22.197600	8	3	3	0	1	2	2	3988	674	24	1334	1	0	0	0	0	0	0	0	0	0	0	0	0	0	0	0	0	
23.202717	8	3	3	0	1	2	2	3992	675	24	1394	1	0	0	0	0	0	0	0	0	0	0	0	0	0	0	0	0	
24.207833	8	3	3	0	1	2	2	3993	674	24	1454	1	0	0	0	0	0	0	0	0	0	0	0	0	0	0	0	0	
25.195683	8	3	3	0	1	2	2	3995	674	24	1514	1	0	0	0	0	0	0	0	0	0	0	0	0	0	0	0	0	
26.200800	8	3	3	0	1	2	2	4002	674	24	1574	1	0	0	0	0	0	0	0	0	0	0	0	0	0	0	0	0	
27.205917	8	3	3	0	1	2	2	4007	673	24	1634	1	0	0	0	0	0	0	0	0	0	0	0	0	0	0	0	0	
28.211033	8	3	3	0	1	2	2	4010	674	24	1695	1	0	0	0	0	0	0	0	0	0	0	0	0	0	0	0	0	
29.197433	8	3	3	0	1	2	2	4011	673	24	1754	1	0	0	0	0	0	0	0	0	0	0	0	0	0	0	0	0	
30.202567	8	3	3	0	1	2	2	4015	676	24	1814	1	0	0	0	0	0	0	0	0	0	0	0	0	0	0	0	0	
31.207683	8	3	3	0	1	2	2	4017	675	24	1874	1	0	0	0	0	0	0	0	0	0	0	0	0	0	0	0	0	
32.212800	8	3	3	0	1	2	2	4020	674	24	1935	1	0	0	0	0	0	0	0	0	0	0	0	0	0	0	0	0	
33.200633	8	3	3	0	1	2	2	4022	674	24	1994	1	0	0	0	0	0	0	0	0	0	0	0	0	0	0	0	0	
34.205767	8	3	3	0	1	2	2	4024	676	24	2054	1	0	0	0	0	0	0	0	0	0	0	0	0	0	0	0	0	
35.210883	8	3	3	0	1	2	2	4025	674	24	2114	1	0	0	0	0	0	0	0	0	0	0	0	0	0	0	0	0	
36.197283	8	3	3	0	1	2	2	4027	676	24	2174	1	0	0	0	0	0	0	0	0	0	0	0	0	0	0	0	0	
37.202400	8	3	3	0	1	2	2	4027	676	24	2234	1	0	0	0	0	0	0	0	0	0	0	0	0	0	0	0	0	
38.207517	8	3	3	0	1	2	2	4032	675	24	2294	1	0	0	0	0	0	0	0	0	0	0	0	0	0	0	0	0	
39.212633	8	3	3	0	1	2	2	4035	675	24	2355	1	0	0	0	0	0	0	0	0	0	0	0	0	0	0	0	0	
40.199033	8	3	3	0	1	2	2	4040	674	24	2414	1	0	0	0	0	0	0	0	0	0	0	0	0	0	0	0	0	
41.204167	8	3	3	0	1	2	2	4045	674	24	2474	1	0	0	0	0	0	0	0	0	0	0	0	0	0	0	0	0	
42.210717	8	3	3	0	1	2	2	4048	674	24	2534	1	0	0	0	0	0	0	0	0	0	0	0	0	0	0	0	0	
43.197117	8	3	3	0	1	2	2	4051	675	24	2594	1	0	0	0	0	0	0	0	0	0	0	0	0	0	0	0	0	
44.202233	8	3	3	0	1	2	2	4055	674	24	2654	1	0	0	0	0	0	0	0	0	0	0	0	0	0	0	0	0	
45.207367	8	3	3	0	1	2	2	4058	673	24	2714	1	0	0	0	0	0	0	0	0	0	0	0	0	0	0	0	0	
46.212483	8	3	3	0	1	2	2	4063	675	24	2775	1	0	0	0	0	0	0	0	0	0	0	0	0	0	0	0	0	
47.198883	8	3	3	0	1	2	2	4067	675	24	2834	1	0	0	0	0	0	0	0	0	0	0	0	0	0	0	0	0	
48.204000	8	3	3	0	1	2	2	4071	674	24	2894	1	0	0	0	0	0	0	0	0	0	0	0	0	0	0	0	0	
49.209117	8	3	3	0	1	2	2	4074	674	24	2954	1	0	0	0	0	0	0	0	0	0	0	0	0	0	0	0	0	
50.214233	8	3	3	0	1	2	2	4077	674	24	3015	1	0	0	0	0	0	0	0	0	0	0	0	0	0	0	0	0	
51.200633	8	3	3	0	1	2	2	4080	674	24	3074	1	0	0	0	0	0	0	0	0	0	0	0	0	0	0	0	0	
52.205767	8	3	3	0	1	2	2	4083	674	24	3134	1	0	0	0	0	0	0	0	0	0	0	0	0	0	0	0	0	
53.212317	8	3	3	0	1	2	2	4087	675	24	3194	1	0	0	0	0	0	0	0	0	0	0	0	0	0	0	0	0	
54.198717	8	3	3	0	1	2	2	4091	674	24	3254	1	0	0	0	0	0	0	0	0	0	0	0	0	0	0	0	0	
55.203833	8	3	3	0	1	2	2	4095	674	24	3314	1	0	0	0	0	0	0	0	0	0	0	0	0	0	0	0	0	
56.208967	8	3	3	0	1	2	2	4098	674	24	3374	1	0	0	0	0	0	0	0	0	0	0	0	0	0	0	0	0	
57.214083	8	3	3	0	1	2	2	4103	673	24	3435	1	0	0	0	0	0	0	0	0	0	0	0	0	0	0	0	0	
58.200483	8	3	3	0	1	2	2	4106	675	24	3494	1	0	0	0	0	0	0	0	0	0	0	0	0	0	0	0	0	
59.205600	8	3	3	0	1	2	2	4112	675	24	3554	1	0	0	0	0	0	0	0	0	0	0	0	0	0	0	0	0	
60.210717	8	3	3	0	1	2	2	4117	674	24	3614	1	0	0	0	0	0	0	0	0	0	0	0	0	0	0	0	0	
61.197117	8	3	3	0	1	2	2	4119	665	24	3674	1	0	0	0	0	0	0	0	0	0	0	0	0	0	0	0	0	
62.203683	8	3	3	0	1	2	2	4124	665	24	3734	1	0	0	0	0	0	0	0	0	0	0	0	0	0	0	0	0	
63.208800	8	3	3	0	1	2	2	4128	664	24	3794	1	0	0	0	0	0	0	0	0	0	0	0	0	0	0	0	0	
64.213917	8	3	3	0	1	2	2	4133	663	24	3855	1	0	0	0	0	0	0	0	0	0	0	0	0	0	0	0	0	
65.200317	8	3	3	0	1	2	2	4137	662	24	3914	1	0	0	0	0	0	0	0	0	0	0	0	0	0	0	0	0	
66.205433	8	3	3	0	1	2	2	4141	661	24	3974	1	0	0	0	0	0	0	0	0	0	0	0	0	0	0	0	0	
67.210567	8	3	3	0	1	2	2	4145	661	24	4034	1	0	0	0	0	0	0	0	0	0	0	0	0	0	0	0	0	
68.215683	8	3	3	0	1	2	2	4150	660	24	4095	1	0	0	0	0	0	0	0	0	0	0	0	0	0	0	0	0	
69.202083	8	3	3	0	1	2	2	4155	659	24	4154	1	0	0	0	0	0	0	0	0	0	0	0	0	0	0	0	0	
70.208633	8	3	3	0	1	2	2	4160	658	24	4214	1	0	0	0	0	0	0	0	0	0	0	0	0	0	0	0	0	
71.213767	8	3	3	0	1	2	2	4165	658	24	4274	1	0	0	0	0	0	0	0	0	0	0	0	0	0	0	0	0	
72.200167	8	3	3	0	1	2	2	4170	656	24	4334	1	0	0	0	0	0	0	0	0	0	0	0	0	0	0	0	0	
73.205283	8	3	3	0	1	2	2	4176	656	24	4394	1	0	0	0	0	0	0	0	0	0	0	0	0	0	0	0	0	
74.210400	8	3	3	0	1	2	2	4181	655	24	4454	1	0	0	0	0	0	0	0	0	0	0	0	0	0	0	0	0	
75.215517	8	3	3	0	1	2	2	4187	655	24	4515	1	0	0	0	0	0	0	0	0	0	0	0	0	0	0	0	0	
76.201917	8	3	3	0	1	2	2	4193	654	24	4574	1	0	0	0	0	0	0	0	0	0	0	0	0	0	0	0	0	
77.207033	8	3	3	0	1	2	2	4198	653	24	4634	1	0	0	0	0	0	0	0	0	0	0	0	0	0	0	0	0	
78.212167	8	3	3	0	1	2	2	4198	633	24	4694	1	0	0	0	0	0	0	0	0	0	0	0	0	0	0	0	0	
79.198567	8	3	3	0	1	2	2	4199	616	24	4754	1	0	0	0	0	0	0	0	0	0	0	0	0	0	0	0	0	
80.205117	8	3	3	0	1	2	2	4199	599	24	4814	1	0	0	0	0	0	0	0	0	0	0	0	0	0	0	0	0	
81.210233	8	3	3	0	1	2	2	4198	583	24	4874	1	0	0	0	0	0	0	0	0	0	0	0	0	0	0	0	0	
82.215367	8	3	3	0	1	2	2	4199	566	24	4935	1	0	0	0	0	0	0	0	0	0	0	0	0	0	0	0	0	
83.201767	8	3	3	0	1	2	2	4198	549	24	4994	1	0	0	0	0	0	0	0	0	0	0	0	0	0	0	0	0	
84.206883	8	3	3	0	1	2	2	4198	534	24	5054	1	0	0	0	0	0	0	0	0	0	0	0	0	0	0	0	0	
85.212000	8	3	3	0	1	2	2	4198	516	24	5114	1	0	0	0	0	0	0	0	0	0	0	0	0	0	0	0	0	
86.217117	8	3	3	0	1	2	2	4198	499	24	5175	1	0	0	0	0	0	0	0	0	0	0	0	0	0	0	0	0	
87.203517	8	3	3	0	1	2	2	4198	485	24	5234	1	0	0	0	0	0	0	0	0	0	0	0	0	0	0	0	0	
88.208633	8	3	3	0	1	2	2	4198	471	24	5294	1	0	0	0	0	0	0	0	0	0	0	0	0	0	0	0	0	
89.215200	8	3	3	0	1	2	2	4198	458	24	5354	1	0	0	0	0	0	0	0	0	0	0	0	0	0	0	0	0	
90.201600	8	3	3	0	1	2	2	4199	445	24	5414	1	0	0	0	0	0	0	0	0	0	0	0	0	0	0	0	0	
91.206717	8	3	3	0	1	2	2	4198	430	24	5474	1	0	0	0	0	0	0	0	0	0	0	0	0	0	0	0	0	
92.211833	8	3	3	0	1	2	2	4199	416	24	5534	1	0	0	0	0	0	0	0	0	0	0	0	0	0	0	0	0	
93.216967	8	3	3	0	1	2	2	4199	403	24	5595	1	0	0	0	0	0	0	0	0	0	0	0	0	0	0	0	0	
94.203367	8	3	3	0	1	2	2	4198	391	24	5654	1	0	0	0	0	0	0	0	0	0	0	0	0	0	0	0	0	
95.208483	8	3	3	0	1	2	2	4198	379	24	5714	1	0	0	0	0	0	0	0	0	0	0	0	0	0	0	0	0	
96.213600	8	3	3	0	1	2	2	4198	366	24	5774	1	0	0	0	0	0	0	0	0	0	0	0	0	0	0	0	0	
97.218717	8	3	3	0	1	2	2	4198	356	24	5835	1	0	0	0	0	0	0	0	0	0	0	0	0	0	0	0	0	
98.205117	8	3	3	0	1	2	2	4198	346	24	5894	1	0	0	0	0	0	0	0	0	0	0	0	0	0	0	0	0	
99.211683	8	3	3	0	1	2	2	4199	334	24	5954	1	0	0	0	0	0	0	0	0	0	0	0	0	0	0	0	0	
100.216800	8	3	3	0	1	2	2	4198	323	24	6015	1	0	0	0	0	0	0	0	0	0	0	0	0	0	0	0	0	
101.203200	8	3	3	0	1	2	2	4198	313	24	6074	1	0	0	0	0	0	0	0	0	0	0	0	0	0	0	0	0	
102.208317	8	3	3	0	1	2	2	4199	304	24	6134	1	0	0	0	0	0	0	0	0	0	0	0	0	0	0	0	0	
103.213433	8	3	3	0	1	2	2	4199	294	24	6194	1	0	0	0	0	0	0	0	0	0	0	0	0	0	0	0	0	
104.218567	8	3	3	0	1	2	2	4198	285	24	6255	1	0	0	0	0	0	0	0	0	0	0	0	0	0	0	0	0	
105.204967	8	3	3	0	1	2	2	4198	277	24	6314	1	0	0	0	0	0	0	0	0	0	0	0	0	0	0	0	0	
106.210083	8	3	3	0	1	2	2	4199	268	24	6374	1	0	0	0	0	0	0	0	0	0	0	0	0	0	0	0	0	
107.215200	8	3	3	0	1	2	2	4199	259	24	6434	1	0	0	0	0	0	0	0	0	0	0	0	0	0	0	0	0	
108.201600	8	3	3	0	1	2	2	4199	251	24	6494	1	0	0	0	0	0	0	0	0	0	0	0	0	0	0	0	0	
109.208167	8	3	3	0	1	2	2	4199	242	24	6554	1	0	0	0	0	0	0	0	0	0	0	0	0	0	0	0	0	
110.213283	8	3	3	0	1	2	2	4198	236	24	6614	1	0	0	0	0	0	0	0	0	0	0	0	0	0	0	0	0	
111.218400	8	3	3	0	1	2	2	4198	227	24	6675	1	0	0	0	0	0	0	0	0	0	0	0	0	0	0	0	0	
112.204800	8	3	3	0	1	2	2	4198	220	24	6734	1	0	0	0	0	0	0	0	0	0	0	0	0	0	0	0	0	
113.209917	8	3	3	0	1	2	2	4199	213	24	6794	1	0	0	0	0	0	0	0	0	0	0	0	0	0	0	0	0	
114.215033	8	3	3	0	1	2	2	4198	207	24	6854	1	0	0	0	0	0	0	0	0	0	0	0	0	0	0	0	0	
115.201433	8	3	3	0	1	2	2	4198	200	24	6914	1	0	0	0	0	0	0	0	0	0	0	0	0	0	0	0	0	
116.206567	8	3	3	0	1	2	2	4199	194	24	6974	1	0	0	0	0	0	0	0	0	0	0	0	0	0	0	0	0	
117.213117	8	3	3	0	1	2	2	4198	187	24	7034	1	0	0	0	0	0	0	0	0	0	0	0	0	0	0	0	0	
118.218233	8	3	3	0	1	2	2	4198	181	24	7095	1	0	0	0	0	0	0	0	0	0	0	0	0	0	0	0	0	
119.204633	8	3	3	0	1	2	2	4198	175	24	7154	1	0	0	0	0	0	0	0	0	0	0	0	0	0	0	0	0	
120.209767	8	3	3	0	1	2	2	4199	169	24	7214	1	0	0	0	0	0	0	0	0	0	0	0	0	0	0	0	0	
121.214883	8	3	3	0	1	2	2	4199	165	24	7274	1	0	0	0	0	0	0	0	0	0	0	0	0	0	0	0	0	
122.221433	8	3	3	0	1	2	2	4198	158	24	7335	1	0	0	0	0	0	0	0	0	0	0	0	0	0	0	0	0	
123.207833	8	3	3	0	1	2	2	4199	153	25	7394	1	0	0	0	0	0	0	0	0	0	0	0	0	0	0	0	0	
124.212967	8	3	3	0	1	2	2	4198	149	24	7454	1	0	0	0	0	0	0	0	0	0	0	0	0	0	0	0	0	
125.218083	8	3	3	0	1	2	2	4199	144	25	7515	1	0	0	0	0	0	0	0	0	0	0	0	0	0	0	0	0	
126.204483	8	3	3	0	1	2	2	4198	140	25	7574	1	0	0	0	0	0	0	0	0	0	0	0	0	0	0	0	0	
127.209600	8	3	3	0	1	2	2	4198	136	25	7634	1	0	0	0	0	0	0	0	0	0	0	0	0	0	0	0	0	
128.214717	8	3	3	0	1	2	2	4198	131	25	7694	1	0	0	0	0	0	0	0	0	0	0	0	0	0	0	0	0	
129.219833	8	3	3	0	1	2	2	4199	128	25	7755	1	0	0	0	0	0	0	0	0	0	0	0	0	0	0	0	0	
130.206233	8	3	3	0	1	2	2	4198	124	24	7814	1	0	0	0	0	0	0	0	0	0	0	0	0	0	0	0	0	
131.211367	8	3	3	0	1	2	2	4198	119	25	7874	1	0	0	0	0	0	0	0	0	0	0	0	0	0	0	0	0	
132.217917	8	3	3	0	1	2	2	4198	115	24	7934	1	0	0	0	0	0	0	0	0	0	0	0	0	0	0	0	0	
133.204317	8	3	3	0	1	2	2	4199	112	25	7994	1	0	0	0	0	0	0	0	0	0	0	0	0	0	0	0	0	
134.209433	8	3	3	0	1	2	2	4198	109	25	8054	1	0	0	0	0	0	0	0	0	0	0	0	0	0	0	0	0	
135.216000	8	3	3	0	1	2	2	4199	106	25	8114	1	0	0	0	0	0	0	0	0	0	0	0	0	0	0	0	0	
136.221117	8	3	3	0	1	2	2	4199	101	24	8175	1	0	0	0	0	0	0	0	0	0	0	0	0	0	0	0	0	
137.207517	8	3	3	0	1	2	2	4198	99	24	8234	1	0	0	0	0	0	0	0	0	0	0	0	0	0	0	0	0	
138.214083	8	3	3	0	1	2	2	4198	96	25	8294	1	0	0	0	0	0	0	0	0	0	0	0	0	0	0	0	0	
139.219200	8	3	3	0	1	2	2	4199	93	24	8355	1	0	0	0	0	0	0	0	0	0	0	0	0	0	0	0	0	
140.205600	8	3	3	0	1	2	2	4198	91	25	8414	1	0	0	0	0	0	0	0	0	0	0	0	0	0	0	0	0	
141.210717	8	3	3	0	1	2	2	4199	88	25	8474	1	0	0	0	0	0	0	0	0	0	0	0	0	0	0	0	0	
142.215833	8	3	3	0	1	2	2	4198	85	25	8534	1	0	0	0	0	0	0	0	0	0	0	0	0	0	0	0	0	
143.220967	8	3	3	0	1	2	2	4198	81	25	8595	1	0	0	0	0	0	0	0	0	0	0	0	0	0	0	0	0	
144.208800	8	3	3	0	1	2	2	4198	80	25	8654	1	0	0	0	0	0	0	0	0	0	0	0	0	0	0	0	0	
145.213917	8	3	3	0	1	2	2	4198	77	25	8714	1	0	0	0	0	0	0	0	0	0	0	0	0	0	0	0	0	
146.220483	8	3	3	0	1	2	2	4198	74	24	8775	1	0	0	0	0	0	0	0	0	0	0	0	0	0	0	0	0	
147.206883	8	3	3	0	1	2	2	4199	74	25	8834	1	0	0	0	0	0	0	0	0	0	0	0	0	0	0	0	0	
148.212000	8	3	3	0	1	2	2	4199	70	25	8894	1	0	0	0	0	0	0	0	0	0	0	0	0	0	0	0	0	
149.217117	8	3	3	0	1	2	2	4199	68	24	8954	1	0	0	0	0	0	0	0	0	0	0	0	0	0	0	0	0	
149.996167	8	6	3	0	2	7	1	3907	-988	25	9001	1	1	0	0	0	0	0	0	0	0	0	0	0	0	0	0	0	
150.204967	8	6	3	0	2	7	1	3780	-1348	25	9014	1	1	0	0	0	0	0	0	0	0	0	0	0	0	0	0	0	
151.210083	8	6	3	0	2	7	1	3754	-1349	24	9074	1	1	1	0	0	0	0	0	0	0	0	0	0	0	0	0	0	
152.215200	8	6	3	0	2	7	1	3740	-1351	24	9134	1	1	3	0	0	0	0	0	0	0	0	0	0	0	0	0	0	
153.220317	8	6	3	0	2	7	1	3718	-1350	25	9195	1	1	5	0	0	0	0	0	0	0	0	0	0	0	0	0	0	
154.208167	8	6	3	0	2	7	1	3699	-1349	25	9254	1	1	6	0	0	0	0	0	0	0	0	0	0	0	0	0	0	
155.213283	8	6	3	0	2	7	1	3684	-1348	25	9314	1	1	8	0	0	0	0	0	0	0	0	0	0	0	0	0	0	
156.218400	8	6	3	0	2	7	1	3671	-1351	25	9374	1	1	10	0	0	0	0	0	0	0	0	0	0	0	0	0	0	
157.223517	8	6	3	0	2	7	1	3660	-1350	25	9435	1	1	11	0	0	0	0	0	0	0	0	0	0	0	0	0	0	
158.209917	8	6	3	0	2	7	1	3646	-1348	25	9494	1	1	13	0	0	0	0	0	0	0	0	0	0	0	0	0	0	
159.215033	8	6	3	0	2	7	1	3636	-1348	25	9554	1	1	15	0	0	0	0	0	0	0	0	0	0	0	0	0	0	
160.220167	8	6	3	0	2	7	1	3618	-1349	25	9615	1	1	16	0	0	0	0	0	0	0	0	0	0	0	0	0	0	
161.206567	8	6	3	0	2	7	1	3609	-1351	25	9674	1	1	18	0	0	0	0	0	0	0	0	0	0	0	0	0	0	
162.211683	8	6	3	0	2	7	1	3591	-1348	25	9734	1	1	20	0	0	0	0	0	0	0	0	0	0	0	0	0	0	
163.216800	8	6	3	0	2	7	1	3579	-1349	25	9794	1	1	21	0	0	0	0	0	0	0	0	0	0	0	0	0	0	
164.221917	8	6	3	0	2	7	1	3564	-1349	25	9855	1	1	23	0	0	0	0	0	0	0	0	0	0	0	0	0	0	
165.208317	8	6	3	0	2	7	1	3550	-1351	25	9914	1	1	25	0	0	0	0	0	0	0	0	0	0	0	0	0	0	
166.214883	8	6	3	0	2	7	1	3536	-1350	25	9974	1	1	26	0	0	0	0	0	0	0	0	0	0	0	0	0	0	
167.220000	8	6	3	0	2	7	1	3526	-1347	25	10034	1	1	28	0	0	0	0	0	0	0	0	0	0	0	0	0	0	
168.206400	8	6	3	0	2	7	1	3513	-1349	25	10094	1	1	30	0	0	0	0	0	0	0	0	0	0	0	0	0	0	
169.211517	8	6	3	0	2	7	1	3500	-1352	25	10154	1	1	31	0	0	0	0	0	0	0	0	0	0	0	0	0	0	
170.216633	8	6	3	0	2	7	1	3488	-1351	25	10214	1	1	33	0	0	0	0	0	0	0	0	0	0	0	0	0	0	
171.221767	8	6	3	0	2	7	1	3475	-1349	25	10275	1	1	35	0	0	0	0	0	0	0	0	0	0	0	0	0	0	
172.208167	8	6	3	0	2	7	1	3465	-1347	25	10334	1	1	36	0	0	0	0	0	0	0	0	0	0	0	0	0	0	
173.213283	8	6	3	0	2	7	1	3453	-1349	25	10394	1	1	38	0	0	0	0	0	0	0	0	0	0	0	0	0	0	
174.218400	8	6	3	0	2	7	1	3443	-1348	25	10454	1	1	40	0	0	0	0	0	0	0	0	0	0	0	0	0	0	
175.224967	8	6	3	0	2	7	1	3429	-1350	25	10515	1	1	41	0	0	0	0	0	0	0	0	0	0	0	0	0	0	
176.209917	8	6	3	0	2	7	1	3418	-1348	25	10574	1	1	43	0	0	0	0	0	0	0	0	0	0	0	0	0	0	
177.216483	8	6	3	0	2	7	1	3406	-1350	25	10634	1	1	45	0	0	0	0	0	0	0	0	0	0	0	0	0	0	
178.221600	8	6	3	0	2	7	1	3397	-1349	25	10694	1	1	46	0	0	0	0	0	0	0	0	0	0	0	0	0	0	
179.208000	8	6	3	0	2	7	1	3389	-1350	25	10754	1	1	48	0	0	0	0	0	0	0	0	0	0	0	0	0	0	
180.213117	8	6	3	0	2	7	1	3376	-1349	25	10814	1	1	50	0	0	0	0	0	0	0	0	0	0	0	0	0	0	
181.218233	8	6	3	0	2	7	1	3371	-1352	25	10874	1	1	51	0	0	0	0	0	0	0	0	0	0	0	0	0	0	
182.223367	8	6	3	0	2	7	1	3358	-1350	25	10935	1	1	53	0	0	0	0	0	0	0	0	0	0	0	0	0	0	
183.209767	8	6	3	0	2	7	1	3356	-1350	25	10994	1	1	55	0	0	0	0	0	0	0	0	0	0	0	0	0	0	
184.214883	8	6	3	0	2	7	1	3345	-1348	25	11054	1	1	56	0	0	0	0	0	0	0	0	0	0	0	0	0	0	
185.220000	8	6	3	0	2	7	1	3339	-1348	25	11114	1	1	58	0	0	0	0	0	0	0	0	0	0	0	0	0	0	
186.225117	8	6	3	0	2	7	1	3328	-1351	25	11175	1	1	60	0	0	0	0	0	0	0	0	0	0	0	0	0	0	
187.212967	8	6	3	0	2	7	1	3326	-1350	25	11234	1	1	61	0	0	0	0	0	0	0	0	0	0	0	0	0	0	
188.218083	8	6	3	0	2	7	1	3319	-1349	25	11294	1	1	63	0	0	0	0	0	0	0	0	0	0	0	0	0	0	
189.223200	8	6	3	0	2	7	1	3310	-1348	25	11355	1	1	64	0	0	0	0	0	0	0	0	0	0	0	0	0	0	
190.209600	8	6	3	0	2	7	1	3305	-1349	25	11414	1	1	66	0	0	0	0	0	0	0	0	0	0	0	0	0	0	
191.214717	8	6	3	0	2	7	1	3299	-1351	25	11474	1	1	68	0	0	0	0	0	0	0	0	0	0	0	0	0	0	
192.219833	8	6	3	0	2	7	1	3287	-1349	25	11534	1	1	69	0	0	0	0	0	0	0	0	0	0	0	0	0	0	
193.224967	8	6	3	0	2	7	1	3271	-1349	25	11595	1	1	71	0	0	0	0	0	0	0	0	0	0	0	0	0	0	
194.211367	8	6	3	0	2	7	1	3256	-1349	25	11654	1	1	73	0	0	0	0	0	0	0	0	0	0	0	0	0	0	
195.216483	8	6	3	0	2	7	1	3236	-1348	25	11714	1	1	74	0	0	0	0	0	0	0	0	0	0	0	0	0	0	
196.221600	8	6	3	0	2	7	1	3208	-1347	25	11774	1	1	76	0	0	0	0	0	0	0	0	0	0	0	0	0	0	
197.209433	8	6	3	0	2	7	1	3171	-1348	25	11834	1	1	78	0	0	0	0	0	0	0	0	0	0	0	0	0	0	
198.214567	8	6	3	0	2	7	1	3110	-1350	25	11894	1	1	79	0	0	0	0	0	0	0	0	0	0	0	0	0	0	
199.219683	8	6	3	0	2	7	1	2997	-1350	25	11954	1	1	81	0	0	0	0	0	0	0	0	0	0	0	0	0	0	
200.224800	8	6	3	0	2	7	1	2725	-1349	25	12015	1	1	83	0	0	0	0	0	0	0	0	0	0	0	0	0	0	
200.344317	8	15	3	0	1	31	2	3160	499	25	12022	3	1	83	0	0	0	0	0	0	0	0	0	0	0	0	0	0	
200.365917	8	3	3	0	1	2	2	3254	675	25	12023	3	1	83	0	0	0	0	0	0	0	0	0	0	0	0	0	0	
201.214083	8	3	3	0	1	2	2	3603	676	25	12074	3	1	83	0	0	0	0	0	0	0	0	0	0	0	0	0	0	
202.220633	8	3	3	0	1	2	2	3718	677	25	12134	3	1	83	0	0	0	0	0	0	0	0	0	0	0	0	0	0	
203.225767	8	3	3	0	1	2	2	3781	674	25	12195	3	1	83	0	0	0	0	0	0	0	0	0	0	0	0	0	0	
204.212167	8	3	3	0	1	2	2	3826	676	25	12254	3	1	83	0	0	0	0	0	0	0	0	0	0	0	0	0	0	
205.217283	8	3	3	0	1	2	2	3850	673	25	12314	3	1	83	0	0	0	0	0	0	0	0	0	0	0	0	0	0	
206.222400	8	3	3	0	1	2	2	3859	675	25	12374	3	1	83	0	0	0	0	0	0	0	0	0	0	0	0	0	0	
207.227517	8	3	3	0	1	2	2	3867	675	25	12435	3	1	83	0	0	0	0	0	0	0	0	0	0	0	0	0	0	
208.213917	8	3	3	0	1	2	2	3873	675	25	12494	3	1	83	0	0	0	0	0	0	0	0	0	0	0	0	0	0	
209.219033	8	3	3	0	1	2	2	3882	675	25	12554	3	1	83	0	0	0	0	0	0	0	0	0	0	0	0	0	0	
210.209767	8	3	3	0	1	2	2	3889	674	25	12614	3	1	83	0	0	0	0	0	0	0	0	0	0	0	0	0	0	
211.214883	8	3	3	0	1	2	2	3896	675	25	12674	3	1	83	0	0	0	0	0	0	0	0	0	0	0	0	0	0	
212.220000	8	3	3	0	1	2	2	3904	674	25	12734	3	1	83	0	0	0	0	0	0	0	0	0	0	0	0	0	0	
213.225117	8	3	3	0	1	2	2	3913	674	25	12795	3	1	83	0	0	0	0	0	0	0	0	0	0	0	0	0	0	
214.211517	8	3	3	0	1	2	2	3922	674	25	12854	3	1	83	0	0	0	0	0	0	0	0	0	0	0	0	0	0	
215.216633	8	3	3	0	1	2	2	3930	675	25	12914	3	1	83	0	0	0	0	0	0	0	0	0	0	0	0	0	0	
216.221767	8	3	3	0	1	2	2	3938	675	25	12974	3	1	83	0	0	0	0	0	0	0	0	0	0	0	0	0	0	
217.226883	8	3	3	0	1	2	2	3946	674	25	13035	3	1	83	0	0	0	0	0	0	0	0	0	0	0	0	0	0	
218.213283	8	3	3	0	1	2	2	3953	675	25	13094	3	1	83	0	0	0	0	0	0	0	0	0	0	0	0	0	0	
219.219833	8	3	3	0	1	2	2	3960	674	25	13154	3	1	83	0	0	0	0	0	0	0	0	0	0	0	0	0	0	
220.224967	8	3	3	0	1	2	2	3967	675	25	13214	3	1	83	0	0	0	0	0	0	0	0	0	0	0	0	0	0	
221.211367	8	3	3	0	1	2	2	3973	674	25	13274	3	1	83	0	0	0	0	0	0	0	0	0	0	0	0	0	0	
222.216483	8	3	3	0	1	2	2	3979	675	25	13334	3	1	83	0	0	0	0	0	0	0	0	0	0	0	0	0	0	
223.221600	8	3	3	0	1	2	2	3985	674	25	13394	3	1	83	0	0	0	0	0	0	0	0	0	0	0	0	0	0	
224.226717	8	3	3	0	1	2	2	3987	674	25	13455	3	1	83	0	0	0	0	0	0	0	0	0	0	0	0	0	0	
225.213117	8	3	3	0	1	2	2	3991	674	25	13514	3	1	83	0	0	0	0	0	0	0	0	0	0	0	0	0	0	
226.218233	8	3	3	0	1	2	2	3996	675	25	13574	3	1	83	0	0	0	0	0	0	0	0	0	0	0	0	0	0	
227.224800	8	3	3	0	1	2	2	4000	674	25	13634	3	1	83	0	0	0	0	0	0	0	0	0	0	0	0	0	0	
228.229917	8	3	3	0	1	2	2	4005	675	25	13695	3	1	83	0	0	0	0	0	0	0	0	0	0	0	0	0	0	
229.216317	8	3	3	0	1	2	2	4009	676	25	13754	3	1	83	0	0	0	0	0	0	0	0	0	0	0	0	0	0	
230.221433	8	3	3	0	1	2	2	4013	674	25	13814	3	1	83	0	0	0	0	0	0	0	0	0	0	0	0	0	0	
231.213600	8	3	3	0	1	2	2	4015	675	25	13874	3	1	83	0	0	0	0	0	0	0	0	0	0	0	0	0	0	
232.218717	8	3	3	0	1	2	2	4016	675	25	13934	3	1	83	0	0	0	0	0	0	0	0	0	0	0	0	0	0	
233.223833	8	3	3	0	1	2	2	4021	674	25	13994	3	1	83	0	0	0	0	0	0	0	0	0	0	0	0	0	0	
234.228967	8	3	3	0	1	2	2	4027	675	25	14055	3	1	83	0	0	0	0	0	0	0	0	0	0	0	0	0	0	
235.215367	8	3	3	0	1	2	2	4032	674	25	14114	3	1	83	0	0	0	0	0	0	0	0	0	0	0	0	0	0	
236.220483	8	3	3	0	1	2	2	4035	674	24	14174	3	1	83	0	0	0	0	0	0	0	0	0	0	0	0	0	0	
237.225600	8	3	3	0	1	2	2	4042	674	25	14234	3	1	83	0	0	0	0	0	0	0	0	0	0	0	0	0	0	
238.212000	8	3	3	0	1	2	2	4048	675	25	14294	3	1	83	0	0	0	0	0	0	0	0	0	0	0	0	0	0	
239.217117	8	3	3	0	1	2	2	4054	674	25	14354	3	1	83	0	0	0	0	0	0	0	0	0	0	0	0	0	0	
240.222233	8	3	3	0	1	2	2	4060	675	25	14414	3	1	83	0	0	0	0	0	0	0	0	0	0	0	0	0	0	
241.227367	8	3	3	0	1	2	2	4064	675	25	14475	3	1	83	0	0	0	0	0	0	0	0	0	0	0	0	0	0	
242.215200	8	3	3	0	1	2	2	4067	675	25	14534	3	1	83	0	0	0	0	0	0	0	0	0	0	0	0	0	0	
243.220317	8	3	3	0	1	2	2	4071	675	25	14594	3	1	83	0	0	0	0	0	0	0	0	0	0	0	0	0	0	
244.225433	8	3	3	0	1	2	2	4077	674	25	14654	3	1	83	0	0	0	0	0	0	0	0	0	0	0	0	0	0	
245.230567	8	3	3	0	1	2	2	4083	675	25	14715	3	1	83	0	0	0	0	0	0	0	0	0	0	0	0	0	0	
246.216967	8	3	3	0	1	2	2	4088	674	25	14774	3	1	83	0	0	0	0	0	0	0	0	0	0	0	0	0	0	
247.222083	8	3	3	0	1	2	2	4093	675	25	14834	3	1	83	0	0	0	0	0	0	0	0	0	0	0	0	0	0	
248.227200	8	3	3	0	1	2	2	4099	674	24	14895	3	1	83	0	0	0	0	0	0	0	0	0	0	0	0	0	0	
249.213600	8	3	3	0	1	2	2	4103	674	25	14954	3	1	83	0	0	0	0	0	0	0	0	0	0	0	0	0	0	
250.218717	8	3	3	0	1	2	2	4110	674	25	15014	3	1	83	0	0	0	0	0	0	0	0	0	0	0	0	0	0	
251.223833	8	3	3	0	1	2	2	4116	675	24	15074	3	1	83	0	0	0	0	0	0	0	0	0	0	0	0	0	0	
252.228967	8	3	3	0	1	2	2	4116	669	24	15135	3	1	83	0	0	0	0	0	0	0	0	0	0	0	0	0	0	
253.215367	8	3	3	0	1	2	2	4118	666	24	15194	3	1	83	0	0	0	0	0	0	0	0	0	0	0	0	0	0	
254.221917	8	3	3	0	1	2	2	4122	665	25	15254	3	1	83	0	0	0	0	0	0	0	0	0	0	0	0	0	0	
255.227033	8	3	3	0	1	2	2	4128	665	24	15314	3	1	83	0	0	0	0	0	0	0	0	0	0	0	0	0	0	
256.213433	8	3	3	0	1	2	2	4131	664	24	15374	3	1	83	0	0	0	0	0	0	0	0	0	0	0	0	0	0	
257.218567	8	3	3	0	1	2	2	4135	664	24	15434	3	1	83	0	0	0	0	0	0	0	0	0	0	0	0	0	0	
258.223683	8	3	3	0	1	2	2	4139	663	24	15494	3	1	83	0	0	0	0	0	0	0	0	0	0	0	0	0	0	
259.228800	8	3	3	0	1	2	2	4146	661	24	15555	3	1	83	0	0	0	0	0	0	0	0	0	0	0	0	0	0	
260.215200	8	3	3	0	1	2	2	4147	662	24	15614	3	1	83	0	0	0	0	0	0	0	0	0	0	0	0	0	0	
261.220317	8	3	3	0	1	2	2	4150	661	24	15674	3	1	83	0	0	0	0	0	0	0	0	0	0	0	0	0	0	
262.225433	8	3	3	0	1	2	2	4153	661	24	15734	3	1	83	0	0	0	0	0	0	0	0	0	0	0	0	0	0	
263.230567	8	3	3	0	1	2	2	4158	660	24	15795	3	1	83	0	0	0	0	0	0	0	0	0	0	0	0	0	0	
264.216967	8	3	3	0	1	2	2	4164	659	24	15854	3	1	83	0	0	0	0	0	0	0	0	0	0	0	0	0	0	
265.223517	8	3	3	0	1	2	2	4169	658	24	15914	3	1	83	0	0	0	0	0	0	0	0	0	0	0	0	0	0	
266.228633	8	3	3	0	1	2	2	4175	657	24	15974	3	1	83	0	0	0	0	0	0	0	0	0	0	0	0	0	0	
267.215033	8	3	3	0	1	2	2	4177	656	24	16034	3	1	83	0	0	0	0	0	0	0	0	0	0	0	0	0	0	
268.220167	8	3	3	0	1	2	2	4182	655	24	16094	3	1	83	0	0	0	0	0	0	0	0	0	0	0	0	0	0	
269.225283	8	3	3	0	1	2	2	4189	656	24	16154	3	1	83	0	0	0	0	0	0	0	0	0	0	0	0	0	0	
270.230400	8	3	3	0	1	2	2	4195	654	24	16215	3	1	83	0	0	0	0	0	0	0	0	0	0	0	0	0	0	
271.216800	8	3	3	0	1	2	2	4198	647	24	16274	3	1	83	0	0	0	0	0	0	0	0	0	0	0	0	0	0	
272.221917	8	3	3	0	1	2	2	4198	624	24	16334	3	1	83	0	0	0	0	0	0	0	0	0	0	0	0	0	0	
273.227033	8	3	3	0	1	2	2	4198	602	24	16394	3	1	83	0	0	0	0	0	0	0	0	0	0	0	0	0	0	
274.232167	8	3	3	0	1	2	2	4199	584	24	16455	3	1	83	0	0	0	0	0	0	0	0	0	0	0	0	0	0	
275.218567	8	3	3	0	1	2	2	4198	570	24	16514	3	1	83	0	0	0	0	0	0	0	0	0	0	0	0	0	0	
276.223683	8	3	3	0	1	2	2	4198	559	24	16574	3	1	83	0	0	0	0	0	0	0	0	0	0	0	0	0	0	
277.228800	8	3	3	0	1	2	2	4198	545	24	16634	3	1	83	0	0	0	0	0	0	0	0	0	0	0	0	0	0	
278.215200	8	3	3	0	1	2	2	4198	522	24	16694	3	1	83	0	0	0	0	0	0	0	0	0	0	0	0	0	0	
279.220317	8	3	3	0	1	2	2	4198	504	24	16754	3	1	83	0	0	0	0	0	0	0	0	0	0	0	0	0	0	
280.226883	8	3	3	0	1	2	2	4198	483	24	16814	3	1	83	0	0	0	0	0	0	0	0	0	0	0	0	0	0	
281.232000	8	3	3	0	1	2	2	4198	466	24	16875	3	1	83	0	0	0	0	0	0	0	0	0	0	0	0	0	0	
282.218400	8	3	3	0	1	2	2	4199	453	24	16934	3	1	83	0	0	0	0	0	0	0	0	0	0	0	0	0	0	
283.223517	8	3	3	0	1	2	2	4198	439	24	16994	3	1	83	0	0	0	0	0	0	0	0	0	0	0	0	0	0	
284.228633	8	3	3	0	1	2	2	4199	424	24	17054	3	1	83	0	0	0	0	0	0	0	0	0	0	0	0	0	0	
285.233767	8	3	3	0	1	2	2	4198	417	24	17115	3	1	83	0	0	0	0	0	0	0	0	0	0	0	0	0	0	
286.220167	8	3	3	0	1	2	2	4198	403	24	17174	3	1	83	0	0	0	0	0	0	0	0	0	0	0	0	0	0	
287.225283	8	3	3	0	1	2	2	4198	387	24	17234	3	1	83	0	0	0	0	0	0	0	0	0	0	0	0	0	0	
288.230400	8	3	3	0	1	2	2	4198	373	24	17295	3	1	83	0	0	0	0	0	0	0	0	0	0	0	0	0	0	
289.216800	8	3	3	0	1	2	2	4198	351	24	17354	3	1	83	0	0	0	0	0	0	0	0	0	0	0	0	0	0	
290.221917	8	3	3	0	1	2	2	4198	333	24	17414	3	1	83	0	0	0	0	0	0	0	0	0	0	0	0	0	0	
291.227033	8	3	3	0	1	2	2	4198	320	24	17474	3	1	83	0	0	0	0	0	0	0	0	0	0	0	0	0	0	
292.232167	8	3	3	0	1	2	2	4198	311	24	17535	3	1	83	0	0	0	0	0	0	0	0	0	0	0	0	0	0	
293.218567	8	3	3	0	1	2	2	4199	299	24	17594	3	1	83	0	0	0	0	0	0	0	0	0	0	0	0	0	0	
294.225117	8	3	3	0	1	2	2	4199	290	24	17654	3	1	83	0	0	0	0	0	0	0	0	0	0	0	0	0	0	
295.230233	8	3	3	0	1	2	2	4199	287	24	17714	3	1	83	0	0	0	0	0	0	0	0	0	0	0	0	0	0	
296.216633	8	3	3	0	1	2	2	4198	272	24	17774	3	1	83	0	0	0	0	0	0	0	0	0	0	0	0	0	0	
297.221767	8	3	3	0	1	2	2	4198	262	24	17834	3	1	83	0	0	0	0	0	0	0	0	0	0	0	0	0	0	
298.226883	8	3	3	0	1	2	2	4198	250	24	17894	3	1	83	0	0	0	0	0	0	0	0	0	0	0	0	0	0	
299.232000	8	3	3	0	1	2	2	4198	244	24	17955	3	1	83	0	0	0	0	0	0	0	0	0	0	0	0	0	0	
300.218400	8	3	3	0	1	2	2	4198	224	24	18014	3	1	83	0	0	0	0	0	0	0	0	0	0	0	0	0	0	
301.223517	8	3	3	0	1	2	2	4198	209	24	18074	3	1	83	0	0	0	0	0	0	0	0	0	0	0	0	0	0	
302.228633	8	3	3	0	1	2	2	4198	210	24	18134	3	1	83	0	0	0	0	0	0	0	0	0	0	0	0	0	0	
303.235200	8	3	3	0	1	2	2	4198	201	24	18195	3	1	83	0	0	0	0	0	0	0	0	0	0	0	0	0	0	
304.221600	8	3	3	0	1	2	2	4198	193	24	18254	3	1	83	0	0	0	0	0	0	0	0	0	0	0	0	0	0	
305.226717	8	3	3	0	1	2	2	4199	179	24	18314	3	1	83	0	0	0	0	0	0	0	0	0	0	0	0	0	0	
306.231833	8	3	3	0	1	2	2	4198	163	24	18374	3	1	83	0	0	0	0	0	0	0	0	0	0	0	0	0	0	
307.218233	8	3	3	0	1	2	2	4198	158	24	18434	3	1	83	0	0	0	0	0	0	0	0	0	0	0	0	0	0	
308.223367	8	3	3	0	1	2	2	4198	155	24	18494	3	1	83	0	0	0	0	0	0	0	0	0	0	0	0	0	0	
309.228483	8	3	3	0	1	2	2	4199	157	24	18554	3	1	83	0	0	0	0	0	0	0	0	0	0	0	0	0	0	
310.233600	8	3	3	0	1	2	2	4199	142	24	18615	3	1	83	0	0	0	0	0	0	0	0	0	0	0	0	0	0	
311.220000	8	3	3	0	1	2	2	4198	131	24	18674	3	1	83	0	0	0	0	0	0	0	0	0	0	0	0	0	0	
312.225117	8	3	3	0	1	2	2	4199	135	24	18734	3	1	83	0	0	0	0	0	0	0	0	0	0	0	0	0	0	
313.230233	8	3	3	0	1	2	2	4199	138	24	18794	3	1	83	0	0	0	0	0	0	0	0	0	0	0	0	0	0	
314.235367	8	3	3	0	1	2	2	4198	127	24	18855	3	1	83	0	0	0	0	0	0	0	0	0	0	0	0	0	0	
315.223200	8	3	3	0	1	2	2	4198	119	24	18914	3	1	83	0	0	0	0	0	0	0	0	0	0	0	0	0	0	
316.228317	8	3	3	0	1	2	2	4198	115	24	18974	3	1	83	0	0	0	0	0	0	0	0	0	0	0	0	0	0	
317.233433	8	3	3	0	1	2	2	4199	113	24	19035	3	1	83	0	0	0	0	0	0	0	0	0	0	0	0	0	0	
318.219833	8	3	3	0	1	2	2	4199	113	24	19094	3	1	83	0	0	0	0	0	0	0	0	0	0	0	0	0	0	
319.224967	8	3	3	0	1	2	2	4198	104	24	19154	3	1	83	0	0	0	0	0	0	0	0	0	0	0	0	0	0	
320.230083	8	3	3	0	1	2	2	4199	104	24	19214	3	1	83	0	0	0	0	0	0	0	0	0	0	0	0	0	0	
321.235200	8	3	3	0	1	2	2	4198	103	24	19275	3	1	83	0	0	0	0	0	0	0	0	0	0	0	0	0	0	
322.221600	8	3	3	0	1	2	2	4198	108	24	19334	3	1	83	0	0	0	0	0	0	0	0	0	0	0	0	0	0	
323.226717	8	3	3	0	1	2	2	4199	111	24	19394	3	1	83	0	0	0	0	0	0	0	0	0	0	0	0	0	0	
324.231833	8	3	3	0	1	2	2	4198	113	24	19454	3	1	83	0	0	0	0	0	0	0	0	0	0	0	0	0	0	
325.218233	8	3	3	0	1	2	2	4198	109	24	19514	3	1	83	0	0	0	0	0	0	0	0	0	0	0	0	0	0	
326.224800	8	3	3	0	1	2	2	4198	111	24	19574	3	1	83	0	0	0	0	0	0	0	0	0	0	0	0	0	0	
327.229917	8	3	3	0	1	2	2	4199	109	24	19634	3	1	83	0	0	0	0	0	0	0	0	0	0	0	0	0	0	
328.235033	8	3	3	0	1	2	2	4199	102	24	19695	3	1	83	0	0	0	0	0	0	0	0	0	0	0	0	0	0	
329.221433	8	3	3	0	1	2	2	4198	105	24	19754	3	1	83	0	0	0	0	0	0	0	0	0	0	0	0	0	0	
330.226567	8	3	3	0	1	2	2	4199	107	24	19814	3	1	83	0	0	0	0	0	0	0	0	0	0	0	0	0	0	
331.231683	8	3	3	0	1	2	2	4199	108	24	19874	3	1	83	0	0	0	0	0	0	0	0	0	0	0	0	0	0	
332.236800	8	3	3	0	1	2	2	4198	107	24	19935	3	1	83	0	0	0	0	0	0	0	0	0	0	0	0	0	0	
333.223200	8	3	3	0	1	2	2	4198	104	24	19994	3	1	83	0	0	0	0	0	0	0	0	0	0	0	0	0	0	
334.228317	8	3	3	0	1	2	2	4198	96	24	20054	3	1	83	0	0	0	0	0	0	0	0	0	0	0	0	0	0	
335.234883	8	3	3	0	1	2	2	4199	100	24	20115	3	1	83	0	0	0	0	0	0	0	0	0	0	0	0	0	0	
336.221283	8	3	3	0	1	2	2	4198	100	24	20174	3	1	83	0	0	0	0	0	0	0	0	0	0	0	0	0	0	
337.226400	8	3	3	0	1	2	2	4198	98	24	20234	3	1	83	0	0	0	0	0	0	0	0	0	0	0	0	0	0	
338.231517	8	3	3	0	1	2	2	4199	96	24	20294	3	1	83	0	0	0	0	0	0	0	0	0	0	0	0	0	0	
339.238083	8	3	3	0	1	2	2	4198	93	24	20355	3	1	83	0	0	0	0	0	0	0	0	0	0	0	0	0	0	
340.224483	8	3	3	0	1	2	2	4198	93	24	20414	3	1	83	0	0	0	0	0	0	0	0	0	0	0	0	0	0	
341.229600	8	3	3	0	1	2	2	4199	92	24	20474	3	1	83	0	0	0	0	0	0	0	0	0	0	0	0	0	0	
342.234717	8	3	3	0	1	2	2	4198	91	24	20535	3	1	83	0	0	0	0	0	0	0	0	0	0	0	0	0	0	
343.221117	8	3	3	0	1	2	2	4199	89	24	20594	3	1	83	0	0	0	0	0	0	0	0	0	0	0	0	0	0	
344.226233	8	3	3	0	1	2	2	4198	87	24	20654	3	1	83	0	0	0	0	0	0	0	0	0	0	0	0	0	0	
345.231367	8	3	3	0	1	2	2	4199	83	24	20714	3	1	83	0	0	0	0	0	0	0	0	0	0	0	0	0	0	
346.236483	8	3	3	0	1	2	2	4198	80	24	20775	3	1	83	0	0	0	0	0	0	0	0	0	0	0	0	0	0	
347.222883	8	3	3	0	1	2	2	4198	79	24	20834	3	1	83	0	0	0	0	0	0	0	0	0	0	0	0	0	0	
348.228000	8	3	3	0	1	2	2	4198	77	24	20894	3	1	83	0	0	0	0	0	0	0	0	0	0	0	0	0	0	
349.233117	8	3	3	0	1	2	2	4198	75	24	20954	3	1	83	0	0	0	0	0	0	0	0	0	0	0	0	0	0	
350.219517	8	3	3	0	1	2	2	4198	77	24	21014	3	1	83	0	0	0	0	0	0	0	0	0	0	0	0	0	0	
351.226083	8	3	3	0	1	2	2	4198	76	24	21074	3	1	83	0	0	0	0	0	0	0	0	0	0	0	0	0	0	
352.231200	8	3	3	0	1	2	2	4198	75	24	21134	3	1	83	0	0	0	0	0	0	0	0	0	0	0	0	0	0	
353.236317	8	3	3	0	1	2	2	4199	71	24	21195	3	1	83	0	0	0	0	0	0	0	0	0	0	0	0	0	0	
354.222717	8	3	3	0	1	2	2	4198	71	24	21254	3	1	83	0	0	0	0	0	0	0	0	0	0	0	0	0	0	
355.227833	8	3	3	0	1	2	2	4199	71	24	21314	3	1	83	0	0	0	0	0	0	0	0	0	0	0	0	0	0	
356.232967	8	3	3	0	1	2	2	4198	69	24	21374	3	1	83	0	0	0	0	0	0	0	0	0	0	0	0	0	0	
356.824800	8	6	3	0	2	7	1	3872	-862	24	21410	3	2	0	0	0	0	0	0	0	0	0	0	0	0	0	0	0	
357.220800	8	6	3	0	2	7	1	3747	-1350	24	21434	3	2	0	0	0	0	0	0	0	0	0	0	0	0	0	0	0	
358.227367	8	6	3	0	2	7	1	3729	-1350	24	21494	3	2	2	0	0	0	0	0	0	0	0	0	0	0	0	0	0	
359.232483	8	6	3	0	2	7	1	3713	-1349	24	21554	3	2	3	0	0	0	0	0	0	0	0	0	0	0	0	0	0	
360.237600	8	6	3	0	2	7	1	3691	-1350	24	21615	3	2	5	0	0	0	0	0	0	0	0	0	0	0	0	0	0	
361.224000	8	6	3	0	2	7	1	3691	-1350	24	21674	3	2	7	0	0	0	0	0	0	0	0	0	0	0	0	0	0	
362.229117	8	6	3	0	2	7	1	3686	-1348	24	21734	3	2	8	0	0	0	0	0	0	0	0	0	0	0	0	0	0	
363.234233	8	6	3	0	2	7	1	3666	-1349	24	21794	3	2	10	0	0	0	0	0	0	0	0	0	0	0	0	0	0	
364.239367	8	6	3	0	2	7	1	3646	-1349	24	21855	3	2	12	0	0	0	0	0	0	0	0	0	0	0	0	0	0	
365.225767	8	6	3	0	2	7	1	3625	-1350	24	21914	3	2	13	0	0	0	0	0	0	0	0	0	0	0	0	0	0	
366.232317	8	6	3	0	2	7	1	3605	-1348	24	21974	3	2	15	0	0	0	0	0	0	0	0	0	0	0	0	0	0	
367.238883	8	6	3	0	2	7	1	3588	-1351	24	22035	3	2	17	0	0	0	0	0	0	0	0	0	0	0	0	0	0	
368.225283	8	6	3	0	2	7	1	3573	-1349	24	22094	3	2	18	0	0	0	0	0	0	0	0	0	0	0	0	0	0	
369.230400	8	6	3	0	2	7	1	3559	-1350	24	22154	3	2	20	0	0	0	0	0	0	0	0	0	0	0	0	0	0	
370.235517	8	6	3	0	2	7	1	3545	-1349	24	22214	3	2	22	0	0	0	0	0	0	0	0	0	0	0	0	0	0	
371.221917	8	6	3	0	2	7	1	3534	-1350	24	22274	3	2	23	0	0	0	0	0	0	0	0	0	0	0	0	0	0	
372.227033	8	6	3	0	2	7	1	3522	-1349	24	22334	3	2	25	0	0	0	0	0	0	0	0	0	0	0	0	0	0	
373.232167	8	6	3	0	2	7	1	3511	-1351	24	22394	3	2	27	0	0	0	0	0	0	0	0	0	0	0	0	0	0	
374.237283	8	6	3	0	2	7	1	3501	-1349	24	22455	3	2	28	0	0	0	0	0	0	0	0	0	0	0	0	0	0	
375.225117	8	6	3	0	2	7	1	3491	-1349	24	22514	3	2	30	0	0	0	0	0	0	0	0	0	0	0	0	0	0	
376.230233	8	6	3	0	2	7	1	3478	-1348	24	22574	3	2	32	0	0	0	0	0	0	0	0	0	0	0	0	0	0	
377.235367	8	6	3	0	2	7	1	3467	-1351	24	22634	3	2	33	0	0	0	0	0	0	0	0	0	0	0	0	0	0	
378.240483	8	6	3	0	2	7	1	3457	-1349	24	22695	3	2	35	0	0	0	0	0	0	0	0	0	0	0	0	0	0	
379.226883	8	6	3	0	2	7	1	3447	-1350	24	22754	3	2	37	0	0	0	0	0	0	0	0	0	0	0	0	0	0	
380.232000	8	6	3	0	2	7	1	3437	-1349	24	22814	3	2	38	0	0	0	0	0	0	0	0	0	0	0	0	0	0	
381.237117	8	6	3	0	2	7	1	3427	-1348	24	22874	3	2	40	0	0	0	0	0	0	0	0	0	0	0	0	0	0	
382.223517	8	6	3	0	2	7	1	3418	-1348	24	22934	3	2	41	0	0	0	0	0	0	0	0	0	0	0	0	0	0	
383.228633	8	6	3	0	2	7	1	3408	-1351	24	22994	3	2	43	0	0	0	0	0	0	0	0	0	0	0	0	0	0	
384.233767	8	6	3	0	2	7	1	3400	-1349	24	23054	3	2	45	0	0	0	0	0	0	0	0	0	0	0	0	0	0	
385.238883	8	6	3	0	2	7	1	3393	-1349	24	23115	3	2	47	0	0	0	0	0	0	0	0	0	0	0	0	0	0	
386.225283	8	6	3	0	2	7	1	3385	-1351	24	23174	3	2	48	0	0	0	0	0	0	0	0	0	0	0	0	0	0	
387.231833	8	6	3	0	2	7	1	3379	-1351	24	23234	3	2	50	0	0	0	0	0	0	0	0	0	0	0	0	0	0	
388.236967	8	6	3	0	2	7	1	3372	-1349	24	23294	3	2	51	0	0	0	0	0	0	0	0	0	0	0	0	0	0	
389.242083	8	6	3	0	2	7	1	3366	-1348	24	23355	3	2	53	0	0	0	0	0	0	0	0	0	0	0	0	0	0	
390.228483	8	6	3	0	2	7	1	3359	-1350	24	23414	3	2	55	0	0	0	0	0	0	0	0	0	0	0	0	0	0	
391.233600	8	6	3	0	2	7	1	3353	-1349	24	23474	3	2	56	0	0	0	0	0	0	0	0	0	0	0	0	0	0	
392.238717	8	6	3	0	2	7	1	3346	-1348	24	23535	3	2	58	0	0	0	0	0	0	0	0	0	0	0	0	0	0	
393.225117	8	6	3	0	2	7	1	3340	-1349	24	23594	3	2	60	0	0	0	0	0	0	0	0	0	0	0	0	0	0	
394.230233	8	6	3	0	2	7	1	3333	-1350	24	23654	3	2	61	0	0	0	0	0	0	0	0	0	0	0	0	0	0	
395.235367	8	6	3	0	2	7	1	3325	-1350	24	23714	3	2	63	0	0	0	0	0	0	0	0	0	0	0	0	0	0	
396.240483	8	6	3	0	2	7	1	3316	-1352	24	23775	3	2	65	0	0	0	0	0	0	0	0	0	0	0	0	0	0	
397.226883	8	6	3	0	2	7	1	3306	-1349	24	23834	3	2	66	0	0	0	0	0	0	0	0	0	0	0	0	0	0	
398.232000	8	6	3	0	2	7	1	3294	-1349	24	23894	3	2	68	0	0	0	0	0	0	0	0	0	0	0	0	0	0	
399.238567	8	6	3	0	2	7	1	3280	-1350	24	23954	3	2	70	0	0	0	0	0	0	0	0	0	0	0	0	0	0	
400.224967	8	6	3	0	2	7	1	3262	-1349	24	24014	3	2	71	0	0	0	0	0	0	0	0	0	0	0	0	0	0	
401.230083	8	6	3	0	2	7	1	3238	-1349	24	24074	3	2	73	0	0	0	0	0	0	0	0	0	0	0	0	0	0	
402.235200	8	6	3	0	2	7	1	3204	-1349	24	24134	3	2	75	0	0	0	0	0	0	0	0	0	0	0	0	0	0	
403.240317	8	6	3	0	2	7	1	3153	-1349	24	24195	3	2	76	0	0	0	0	0	0	0	0	0	0	0	0	0	0	
404.226717	8	6	3	0	2	7	1	3069	-1351	24	24254	3	2	78	0	0	0	0	0	0	0	0	0	0	0	0	0	0	
405.231833	8	6	3	0	2	7	1	2904	-1350	24	24314	3	2	80	0	0	0	0	0	0	0	0	0	0	0	0	0	0	
405.861117	8	15	3	0	1	31	2	3130	305	24	24352	5	2	81	0	0	0	0	0	0	0	0	0	0	0	0	0	0	
405.881283	8	3	3	0	1	2	2	3276	677	24	24353	5	2	81	0	0	0	0	0	0	0	0	0	0	0	0	0	0	
406.239833	8	3	3	0	1	2	2	3502	674	24	24375	5	2	81	0	0	0	0	0	0	0	0	0	0	0	0	0	0	
407.227683	8	3	3	0	1	2	2	3676	675	24	24434	5	2	81	0	0	0	0	0	0	0	0	0	0	0	0	0	0	
408.232800	8	3	3	0	1	2	2	3755	674	24	24494	5	2	81	0	0	0	0	0	0	0	0	0	0	0	0	0	0	
409.237917	8	3	3	0	1	2	2	3806	676	24	24554	5	2	81	0	0	0	0	0	0	0	0	0	0	0	0	0	0	
410.243033	8	3	3	0	1	2	2	3837	675	24	24615	5	2	81	0	0	0	0	0	0	0	0	0	0	0	0	0	0	
411.233767	8	3	3	0	1	2	2	3850	674	24	24674	5	2	81	0	0	0	0	0	0	0	0	0	0	0	0	0	0	
412.238883	8	3	3	0	1	2	2	3858	675	24	24734	5	2	81	0	0	0	0	0	0	0	0	0	0	0	0	0	0	
413.244000	8	3	3	0	1	2	2	3866	674	24	24795	5	2	81	0	0	0	0	0	0	0	0	0	0	0	0	0	0	
414.230400	8	3	3	0	1	2	2	3873	675	24	24854	5	2	81	0	0	0	0	0	0	0	0	0	0	0	0	0	0	
415.235517	8	3	3	0	1	2	2	3880	675	24	24914	5	2	81	0	0	0	0	0	0	0	0	0	0	0	0	0	0	
416.240633	8	3	3	0	1	2	2	3887	674	24	24975	5	2	81	0	0	0	0	0	0	0	0	0	0	0	0	0	0	
417.227033	8	3	3	0	1	2	2	3895	676	24	25034	5	2	81	0	0	0	0	0	0	0	0	0	0	0	0	0	0	
418.232167	8	3	3	0	1	2	2	3902	674	24	25094	5	2	81	0	0	0	0	0	0	0	0	0	0	0	0	0	0	
419.237283	8	3	3	0	1	2	2	3908	673	24	25154	5	2	81	0	0	0	0	0	0	0	0	0	0	0	0	0	0	
420.243833	8	3	3	0	1	2	2	3916	674	24	25215	5	2	81	0	0	0	0	0	0	0	0	0	0	0	0	0	0	
421.230233	8	3	3	0	1	2	2	3923	675	24	25274	5	2	81	0	0	0	0	0	0	0	0	0	0	0	0	0	0	
422.235367	8	3	3	0	1	2	2	3930	675	24	25334	5	2	81	0	0	0	0	0	0	0	0	0	0	0	0	0	0	
423.240483	8	3	3	0	1	2	2	3937	675	24	25394	5	2	81	0	0	0	0	0	0	0	0	0	0	0	0	0	0	
424.226883	8	3	3	0	1	2	2	3943	674	24	25454	5	2	81	0	0	0	0	0	0	0	0	0	0	0	0	0	0	
425.232000	8	3	3	0	1	2	2	3949	674	24	25514	5	2	81	0	0	0	0	0	0	0	0	0	0	0	0	0	0	
426.237117	8	3	3	0	1	2	2	3955	675	24	25574	5	2	81	0	0	0	0	0	0	0	0	0	0	0	0	0	0	
427.242233	8	3	3	0	1	2	2	3960	675	24	25635	5	2	81	0	0	0	0	0	0	0	0	0	0	0	0	0	0	
428.228633	8	3	3	0	1	2	2	3964	675	24	25694	5	2	81	0	0	0	0	0	0	0	0	0	0	0	0	0	0	
429.233767	8	3	3	0	1	2	2	3968	675	24	25754	5	2	81	0	0	0	0	0	0	0	0	0	0	0	0	0	0	
430.238883	8	3	3	0	1	2	2	3972	675	24	25814	5	2	81	0	0	0	0	0	0	0	0	0	0	0	0	0	0	
431.245433	8	3	3	0	1	2	2	3975	675	24	25875	5	2	81	0	0	0	0	0	0	0	0	0	0	0	0	0	0	
432.231833	8	3	3	0	1	2	2	3979	674	24	25934	5	2	81	0	0	0	0	0	0	0	0	0	0	0	0	0	0	
433.236967	8	3	3	0	1	2	2	3982	673	24	25994	5	2	81	0	0	0	0	0	0	0	0	0	0	0	0	0	0	
434.242083	8	3	3	0	1	2	2	3985	674	24	26055	5	2	81	0	0	0	0	0	0	0	0	0	0	0	0	0	0	
435.228483	8	3	3	0	1	2	2	3989	675	24	26114	5	2	81	0	0	0	0	0	0	0	0	0	0	0	0	0	0	
436.233600	8	3	3	0	1	2	2	3992	674	24	26174	5	2	81	0	0	0	0	0	0	0	0	0	0	0	0	0	0	
437.238717	8	3	3	0	1	2	2	3995	674	24	26234	5	2	81	0	0	0	0	0	0	0	0	0	0	0	0	0	0	
438.243833	8	3	3	0	1	2	2	3999	674	24	26295	5	2	81	0	0	0	0	0	0	0	0	0	0	0	0	0	0	
439.230233	8	3	3	0	1	2	2	4002	675	24	26354	5	2	81	0	0	0	0	0	0	0	0	0	0	0	0	0	0	
440.235367	8	3	3	0	1	2	2	4006	674	24	26414	5	2	81	0	0	0	0	0	0	0	0	0	0	0	0	0	0	
441.240483	8	3	3	0	1	2	2	4009	675	24	26474	5	2	81	0	0	0	0	0	0	0	0	0	0	0	0	0	0	
442.226883	8	3	3	0	1	2	2	4012	675	24	26534	5	2	81	0	0	0	0	0	0	0	0	0	0	0	0	0	0	
443.233433	8	3	3	0	1	2	2	4015	674	24	26594	5	2	81	0	0	0	0	0	0	0	0	0	0	0	0	0	0	
444.238567	8	3	3	0	1	2	2	4019	673	24	26654	5	2	81	0	0	0	0	0	0	0	0	0	0	0	0	0	0	
445.243683	8	3	3	0	1	2	2	4023	675	24	26715	5	2	81	0	0	0	0	0	0	0	0	0	0	0	0	0	0	
446.230083	8	3	3	0	1	2	2	4026	674	24	26774	5	2	81	0	0	0	0	0	0	0	0	0	0	0	0	0	0	
447.235200	8	3	3	0	1	2	2	4030	674	24	26834	5	2	81	0	0	0	0	0	0	0	0	0	0	0	0	0	0	
448.240317	8	3	3	0	1	2	2	4033	675	24	26894	5	2	81	0	0	0	0	0	0	0	0	0	0	0	0	0	0	
449.245433	8	3	3	0	1	2	2	4037	674	24	26955	5	2	81	0	0	0	0	0	0	0	0	0	0	0	0	0	0	
450.231833	8	3	3	0	1	2	2	4041	674	24	27014	5	2	81	0	0	0	0	0	0	0	0	0	0	0	0	0	0	
451.236967	8	3	3	0	1	2	2	4045	675	24	27074	5	2	81	0	0	0	0	0	0	0	0	0	0	0	0	0	0	
452.242083	8	3	3	0	1	2	2	4049	675	24	27134	5	2	81	0	0	0	0	0	0	0	0	0	0	0	0	0	0	
453.228483	8	3	3	0	1	2	2	4052	675	24	27194	5	2	81	0	0	0	0	0	0	0	0	0	0	0	0	0	0	
454.237917	8	3	3	0	1	2	2	4056	674	24	27254	5	2	81	0	0	0	0	0	0	0	0	0	0	0	0	0	0	
455.243033	8	3	3	0	1	2	2	4061	676	24	27314	5	2	81	0	0	0	0	0	0	0	0	0	0	0	0	0	0	
456.229433	8	3	3	0	1	2	2	4065	674	24	27374	5	2	81	0	0	0	0	0	0	0	0	0	0	0	0	0	0	
457.234567	8	3	3	0	1	2	2	4069	675	24	27434	5	2	81	0	0	0	0	0	0	0	0	0	0	0	0	0	0	
458.239683	8	3	3	0	1	2	2	4074	675	24	27494	5	2	81	0	0	0	0	0	0	0	0	0	0	0	0	0	0	
459.244800	8	3	3	0	1	2	2	4078	674	24	27555	5	2	81	0	0	0	0	0	0	0	0	0	0	0	0	0	0	
460.231200	8	3	3	0	1	2	2	4084	675	24	27614	5	2	81	0	0	0	0	0	0	0	0	0	0	0	0	0	0	
461.236317	8	3	3	0	1	2	2	4088	675	24	27674	5	2	81	0	0	0	0	0	0	0	0	0	0	0	0	0	0	
462.241433	8	3	3	0	1	2	2	4093	675	24	27734	5	2	81	0	0	0	0	0	0	0	0	0	0	0	0	0	0	
463.246567	8	3	3	0	1	2	2	4097	674	24	27795	5	2	81	0	0	0	0	0	0	0	0	0	0	0	0	0	0	
464.234400	8	3	3	0	1	2	2	4103	674	24	27854	5	2	81	0	0	0	0	0	0	0	0	0	0	0	0	0	0	
465.239517	8	3	3	0	1	2	2	4108	674	24	27914	5	2	81	0	0	0	0	0	0	0	0	0	0	0	0	0	0	
466.244633	8	3	3	0	1	2	2	4113	675	24	27974	5	2	81	0	0	0	0	0	0	0	0	0	0	0	0	0	0	
467.231033	8	3	3	0	1	2	2	4117	669	24	28034	5	2	81	0	0	0	0	0	0	0	0	0	0	0	0	0	0	
468.236167	8	3	3	0	1	2	2	4122	666	24	28094	5	2	81	0	0	0	0	0	0	0	0	0	0	0	0	0	0	
469.241283	8	3	3	0	1	2	2	4127	666	24	28154	5	2	81	0	0	0	0	0	0	0	0	0	0	0	0	0	0	
470.246400	8	3	3	0	1	2	2	4132	662	24	28215	5	2	81	0	0	0	0	0	0	0	0	0	0	0	0	0	0	
471.232800	8	3	3	0	1	2	2	4137	663	24	28274	5	2	81	0	0	0	0	0	0	0	0	0	0	0	0	0	0	
472.237917	8	3	3	0	1	2	2	4143	663	24	28334	5	2	81	0	0	0	0	0	0	0	0	0	0	0	0	0	0	
473.243033	8	3	3	0	1	2	2	4149	663	24	28394	5	2	81	0	0	0	0	0	0	0	0	0	0	0	0	0	0	
474.248167	8	3	3	0	1	2	2	4154	661	24	28455	5	2	81	0	0	0	0	0	0	0	0	0	0	0	0	0	0	
475.234567	8	3	3	0	1	2	2	4160	660	24	28514	5	2	81	0	0	0	0	0	0	0	0	0	0	0	0	0	0	
476.239683	8	3	3	0	1	2	2	4166	660	24	28574	5	2	81	0	0	0	0	0	0	0	0	0	0	0	0	0	0	
477.244800	8	3	3	0	1	2	2	4172	657	24	28635	5	2	81	0	0	0	0	0	0	0	0	0	0	0	0	0	0	
478.232633	8	3	3	0	1	2	2	4178	657	24	28694	5	2	81	0	0	0	0	0	0	0	0	0	0	0	0	0	0	
479.237767	8	3	3	0	1	2	2	4184	656	24	28754	5	2	81	0	0	0	0	0	0	0	0	0	0	0	0	0	0	
480.242883	8	3	3	0	1	2	2	4190	655	24	28814	5	2	81	0	0	0	0	0	0	0	0	0	0	0	0	0	0	
481.248000	8	3	3	0	1	2	2	4197	655	24	28875	5	2	81	0	0	0	0	0	0	0	0	0	0	0	0	0	0	
482.234400	8	3	3	0	1	2	2	4198	635	24	28934	5	2	81	0	0	0	0	0	0	0	0	0	0	0	0	0	0	
483.239517	8	3	3	0	1	2	2	4198	612	24	28994	5	2	81	0	0	0	0	0	0	0	0	0	0	0	0	0	0	
484.244633	8	3	3	0	1	2	2	4198	589	24	29054	5	2	81	0	0	0	0	0	0	0	0	0	0	0	0	0	0	
485.231033	8	3	3	0	1	2	2	4198	570	24	29114	5	2	81	0	0	0	0	0	0	0	0	0	0	0	0	0	0	
486.236167	8	3	3	0	1	2	2	4198	550	24	29174	5	2	81	0	0	0	0	0	0	0	0	0	0	0	0	0	0	
487.241283	8	3	3	0	1	2	2	4199	531	24	29234	5	2	81	0	0	0	0	0	0	0	0	0	0	0	0	0	0	
488.246400	8	3	3	0	1	2	2	4198	512	24	29295	5	2	81	0	0	0	0	0	0	0	0	0	0	0	0	0	0	
489.234233	8	3	3	0	1	2	2	4198	494	24	29354	5	2	81	0	0	0	0	0	0	0	0	0	0	0	0	0	0	
490.239367	8	3	3	0	1	2	2	4198	476	24	29414	5	2	81	0	0	0	0	0	0	0	0	0	0	0	0	0	0	
491.244483	8	3	3	0	1	2	2	4198	459	24	29474	5	2	81	0	0	0	0	0	0	0	0	0	0	0	0	0	0	
492.249600	8	3	3	0	1	2	2	4198	443	24	29535	5	2	81	0	0	0	0	0	0	0	0	0	0	0	0	0	0	
493.236000	8	3	3	0	1	2	2	4198	428	24	29594	5	2	81	0	0	0	0	0	0	0	0	0	0	0	0	0	0	
494.241117	8	3	3	0	1	2	2	4198	412	24	29654	5	2	81	0	0	0	0	0	0	0	0	0	0	0	0	0	0	
495.246233	8	3	3	0	1	2	2	4198	398	24	29714	5	2	81	0	0	0	0	0	0	0	0	0	0	0	0	0	0	
496.232633	8	3	3	0	1	2	2	4199	384	24	29774	5	2	81	0	0	0	0	0	0	0	0	0	0	0	0	0	0	
497.237767	8	3	3	0	1	2	2	4198	371	24	29834	5	2	81	0	0	0	0	0	0	0	0	0	0	0	0	0	0	
498.242883	8	3	3	0	1	2	2	4198	357	24	29894	5	2	81	0	0	0	0	0	0	0	0	0	0	0	0	0	0	
499.248000	8	3	3	0	1	2	2	4198	345	24	29955	5	2	81	0	0	0	0	0	0	0	0	0	0	0	0	0	0	
500.234400	8	3	3	0	1	2	2	4198	332	24	30014	5	2	81	0	0	0	0	0	0	0	0	0	0	0	0	0	0	
501.240967	8	3	3	0	1	2	2	4199	320	24	30074	5	2	81	0	0	0	0	0	0	0	0	0	0	0	0	0	0	
502.246083	8	3	3	0	1	2	2	4199	309	24	30134	5	2	81	0	0	0	0	0	0	0	0	0	0	0	0	0	0	
503.251200	8	3	3	0	1	2	2	4198	298	24	30195	5	2	81	0	0	0	0	0	0	0	0	0	0	0	0	0	0	
504.237600	8	3	3	0	1	2	2	4198	288	24	30254	5	2	81	0	0	0	0	0	0	0	0	0	0	0	0	0	0	
505.242717	8	3	3	0	1	2	2	4199	278	24	30314	5	2	81	0	0	0	0	0	0	0	0	0	0	0	0	0	0	
506.247833	8	3	3	0	1	2	2	4198	268	24	30375	5	2	81	0	0	0	0	0	0	0	0	0	0	0	0	0	0	
507.234233	8	3	3	0	1	2	2	4199	259	24	30434	5	2	81	0	0	0	0	0	0	0	0	0	0	0	0	0	0	
508.239367	8	3	3	0	1	2	2	4198	250	24	30494	5	2	81	0	0	0	0	0	0	0	0	0	0	0	0	0	0	
509.244483	8	3	3	0	1	2	2	4199	242	24	30554	5	2	81	0	0	0	0	0	0	0	0	0	0	0	0	0	0	
510.249600	8	3	3	0	1	2	2	4198	233	24	30615	5	2	81	0	0	0	0	0	0	0	0	0	0	0	0	0	0	
511.236000	8	3	3	0	1	2	2	4199	226	24	30674	5	2	81	0	0	0	0	0	0	0	0	0	0	0	0	0	0	
512.241117	8	3	3	0	1	2	2	4198	218	24	30734	5	2	81	0	0	0	0	0	0	0	0	0	0	0	0	0	0	
513.246233	8	3	3	0	1	2	2	4198	210	24	30794	5	2	81	0	0	0	0	0	0	0	0	0	0	0	0	0	0	
514.232633	8	3	3	0	1	2	2	4199	204	24	30854	5	2	81	0	0	0	0	0	0	0	0	0	0	0	0	0	0	
515.237767	8	3	3	0	1	2	2	4198	197	24	30914	5	2	81	0	0	0	0	0	0	0	0	0	0	0	0	0	0	
516.244317	8	3	3	0	1	2	2	4198	190	24	30974	5	2	81	0	0	0	0	0	0	0	0	0	0	0	0	0	0	
517.249433	8	3	3	0	1	2	2	4198	183	24	31035	5	2	81	0	0	0	0	0	0	0	0	0	0	0	0	0	0	
518.235833	8	3	3	0	1	2	2	4198	176	24	31094	5	2	81	0	0	0	0	0	0	0	0	0	0	0	0	0	0	
519.240967	8	3	3	0	1	2	2	4198	171	24	31154	5	2	81	0	0	0	0	0	0	0	0	0	0	0	0	0	0	
520.246083	8	3	3	0	1	2	2	4198	165	24	31214	5	2	81	0	0	0	0	0	0	0	0	0	0	0	0	0	0	
521.251200	8	3	3	0	1	2	2	4198	159	24	31275	5	2	81	0	0	0	0	0	0	0	0	0	0	0	0	0	0	
522.237600	8	3	3	0	1	2	2	4198	154	24	31334	5	2	81	0	0	0	0	0	0	0	0	0	0	0	0	0	0	
523.242717	8	3	3	0	1	2	2	4198	149	24	31394	5	2	81	0	0	0	0	0	0	0	0	0	0	0	0	0	0	
524.247833	8	3	3	0	1	2	2	4198	144	24	31454	5	2	81	0	0	0	0	0	0	0	0	0	0	0	0	0	0	
525.234233	8	3	3	0	1	2	2	4199	139	24	31514	5	2	81	0	0	0	0	0	0	0	0	0	0	0	0	0	0	
526.239367	8	3	3	0	1	2	2	4198	135	24	31574	5	2	81	0	0	0	0	0	0	0	0	0	0	0	0	0	0	
527.244483	8	3	3	0	1	2	2	4198	130	24	31634	5	2	81	0	0	0	0	0	0	0	0	0	0	0	0	0	0	
528.251033	8	3	3	0	1	2	2	4199	126	24	31695	5	2	81	0	0	0	0	0	0	0	0	0	0	0	0	0	0	
529.237433	8	3	3	0	1	2	2	4198	121	24	31754	5	2	81	0	0	0	0	0	0	0	0	0	0	0	0	0	0	
530.242567	8	3	3	0	1	2	2	4198	116	24	31814	5	2	81	0	0	0	0	0	0	0	0	0	0	0	0	0	0	
531.247683	8	3	3	0	1	2	2	4199	114	24	31874	5	2	81	0	0	0	0	0	0	0	0	0	0	0	0	0	0	
532.252800	8	3	3	0	1	2	2	4198	110	24	31935	5	2	81	0	0	0	0	0	0	0	0	0	0	0	0	0	0	
533.239200	8	3	3	0	1	2	2	4198	106	24	31994	5	2	81	0	0	0	0	0	0	0	0	0	0	0	0	0	0	
534.245767	8	3	3	0	1	2	2	4198	104	24	32054	5	2	81	0	0	0	0	0	0	0	0	0	0	0	0	0	0	
535.250883	8	3	3	0	1	2	2	4198	99	24	32115	5	2	81	0	0	0	0	0	0	0	0	0	0	0	0	0	0	
536.237283	8	3	3	0	1	2	2	4199	97	24	32174	5	2	81	0	0	0	0	0	0	0	0	0	0	0	0	0	0	
537.242400	8	3	3	0	1	2	2	4199	94	24	32234	5	2	81	0	0	0	0	0	0	0	0	0	0	0	0	0	0	
538.247517	8	3	3	0	1	2	2	4198	90	24	32294	5	2	81	0	0	0	0	0	0	0	0	0	0	0	0	0	0	
539.252633	8	3	3	0	1	2	2	4198	88	24	32355	5	2	81	0	0	0	0	0	0	0	0	0	0	0	0	0	0	
540.240483	8	3	3	0	1	2	2	4199	85	24	32414	5	2	81	0	0	0	0	0	0	0	0	0	0	0	0	0	0	
541.245600	8	3	3	0	1	2	2	4198	82	24	32474	5	2	81	0	0	0	0	0	0	0	0	0	0	0	0	0	0	
542.250717	8	3	3	0	1	2	2	4198	79	24	32534	5	2	81	0	0	0	0	0	0	0	0	0	0	0	0	0	0	
543.237117	8	3	3	0	1	2	2	4199	77	24	32594	5	2	81	0	0	0	0	0	0	0	0	0	0	0	0	0	0	
544.242233	8	3	3	0	1	2	2	4198	75	24	32654	5	2	81	0	0	0	0	0	0	0	0	0	0	0	0	0	0	
545.247367	8	3	3	0	1	2	2	4198	72	24	32714	5	2	81	0	0	0	0	0	0	0	0	0	0	0	0	0	0	
546.252483	8	3	3	0	1	2	2	4199	70	23	32775	5	2	81	0	0	0	0	0	0	0	0	0	0	0	0	0	0	
547.238883	8	3	3	0	1	2	2	4198	68	24	32834	5	2	81	0	0	0	0	0	0	0	0	0	0	0	0	0	0	
547.679517	8	6	3	0	2	7	1	3913	-1032	24	32860	5	3	0	0	0	0	0	0	0	0	0	0	0	0	0	0	0	
548.245433	8	6	3	0	2	7	1	3753	-1350	24	32894	5	3	0	0	0	0	0	0	0	0	0	0	0	0	0	0	0	
549.250567	8	6	3	0	2	7	1	3711	-1349	24	32955	5	3	2	0	0	0	0	0	0	0	0	0	0	0	0	0	0	
550.236967	8	6	3	0	2	7	1	3726	-1350	24	33014	5	3	4	0	0	0	0	0	0	0	0	0	0	0	0	0	0	
551.243517	8	6	3	0	2	7	1	3721	-1351	24	33074	5	3	5	0	0	0	0	0	0	0	0	0	0	0	0	0	0	
552.248633	8	6	3	0	2	7	1	3708	-1349	24	33134	5	3	7	0	0	0	0	0	0	0	0	0	0	0	0	0	0	
553.253767	8	6	3	0	2	7	1	3693	-1350	24	33195	5	3	9	0	0	0	0	0	0	0	0	0	0	0	0	0	0	
554.240167	8	6	3	0	2	7	1	3679	-1350	24	33254	5	3	10	0	0	0	0	0	0	0	0	0	0	0	0	0	0	
555.245283	8	6	3	0	2	7	1	3664	-1350	24	33314	5	3	12	0	0	0	0	0	0	0	0	0	0	0	0	0	0	
556.250400	8	6	3	0	2	7	1	3649	-1351	24	33374	5	3	14	0	0	0	0	0	0	0	0	0	0	0	0	0	0	
557.236800	8	6	3	0	2	7	1	3635	-1349	24	33434	5	3	15	0	0	0	0	0	0	0	0	0	0	0	0	0	0	
558.241917	8	6	3	0	2	7	1	3622	-1348	24	33494	5	3	17	0	0	0	0	0	0	0	0	0	0	0	0	0	0	
559.247033	8	6	3	0	2	7	1	3608	-1351	24	33554	5	3	19	0	0	0	0	0	0	0	0	0	0	0	0	0	0	
560.252167	8	6	3	0	2	7	1	3594	-1350	24	33615	5	3	20	0	0	0	0	0	0	0	0	0	0	0	0	0	0	
561.240000	8	6	3	0	2	7	1	3580	-1350	24	33674	5	3	22	0	0	0	0	0	0	0	0	0	0	0	0	0	0	
562.245117	8	6	3	0	2	7	1	3567	-1349	24	33734	5	3	24	0	0	0	0	0	0	0	0	0	0	0	0	0	0	
563.250233	8	6	3	0	2	7	1	3554	-1350	24	33794	5	3	25	0	0	0	0	0	0	0	0	0	0	0	0	0	0	
564.255367	8	6	3	0	2	7	1	3542	-1349	24	33855	5	3	27	0	0	0	0	0	0	0	0	0	0	0	0	0	0	
565.241767	8	6	3	0	2	7	1	3529	-1351	24	33914	5	3	29	0	0	0	0	0	0	0	0	0	0	0	0	0	0	
566.246883	8	6	3	0	2	7	1	3516	-1350	24	33974	5	3	30	0	0	0	0	0	0	0	0	0	0	0	0	0	0	
567.252000	8	6	3	0	2	7	1	3504	-1349	24	34034	5	3	32	0	0	0	0	0	0	0	0	0	0	0	0	0	0	
568.238400	8	6	3	0	2	7	1	3492	-1349	24	34094	5	3	34	0	0	0	0	0	0	0	0	0	0	0	0	0	0	
569.243517	8	6	3	0	2	7	1	3480	-1350	24	34154	5	3	35	0	0	0	0	0	0	0	0	0	0	0	0	0	0	
570.248633	8	6	3	0	2	7	1	3469	-1349	24	34214	5	3	37	0	0	0	0	0	0	0	0	0	0	0	0	0	0	
571.253767	8	6	3	0	2	7	1	3458	-1349	24	34275	5	3	38	0	0	0	0	0	0	0	0	0	0	0	0	0	0	
572.240167	8	6	3	0	2	7	1	3448	-1351	24	34334	5	3	40	0	0	0	0	0	0	0	0	0	0	0	0	0	0	
573.246717	8	6	3	0	2	7	1	3438	-1349	24	34394	5	3	42	0	0	0	0	0	0	0	0	0	0	0	0	0	0	
574.251833	8	6	3	0	2	7	1	3429	-1350	24	34454	5	3	43	0	0	0	0	0	0	0	0	0	0	0	0	0	0	
575.256967	8	6	3	0	2	7	1	3420	-1350	24	34515	5	3	45	0	0	0	0	0	0	0	0	0	0	0	0	0	0	
576.243367	8	6	3	0	2	7	1	3412	-1348	24	34574	5	3	47	0	0	0	0	0	0	0	0	0	0	0	0	0	0	
577.248483	8	6	3	0	2	7	1	3403	-1352	24	34634	5	3	48	0	0	0	0	0	0	0	0	0	0	0	0	0	0	
578.253600	8	6	3	0	2	7	1	3395	-1350	24	34695	5	3	50	0	0	0	0	0	0	0	0	0	0	0	0	0	0	
579.240000	8	6	3	0	2	7	1	3388	-1348	24	34754	5	3	52	0	0	0	0	0	0	0	0	0	0	0	0	0	0	
580.245117	8	6	3	0	2	7	1	3381	-1353	24	34814	5	3	53	0	0	0	0	0	0	0	0	0	0	0	0	0	0	
581.250233	8	6	3	0	2	7	1	3374	-1350	24	34874	5	3	55	0	0	0	0	0	0	0	0	0	0	0	0	0	0	
582.255367	8	6	3	0	2	7	1	3367	-1350	24	34935	5	3	57	0	0	0	0	0	0	0	0	0	0	0	0	0	0	
583.241767	8	6	3	0	2	7	1	3361	-1350	24	34994	5	3	58	0	0	0	0	0	0	0	0	0	0	0	0	0	0	
584.246883	8	6	3	0	2	7	1	3354	-1349	24	35054	5	3	60	0	0	0	0	0	0	0	0	0	0	0	0	0	0	
585.252000	8	6	3	0	2	7	1	3347	-1349	24	35114	5	3	62	0	0	0	0	0	0	0	0	0	0	0	0	0	0	
586.238400	8	6	3	0	2	7	1	3340	-1350	24	35174	5	3	63	0	0	0	0	0	0	0	0	0	0	0	0	0	0	
587.243517	8	6	3	0	2	7	1	3332	-1348	24	35234	5	3	65	0	0	0	0	0	0	0	0	0	0	0	0	0	0	
588.251517	8	6	3	0	2	7	1	3322	-1350	24	35294	5	3	67	0	0	0	0	0	0	0	0	0	0	0	0	0	0	
589.256633	8	6	3	0	2	7	1	3312	-1348	24	35355	5	3	68	0	0	0	0	0	0	0	0	0	0	0	0	0	0	
590.243033	8	6	3	0	2	7	1	3300	-1349	24	35414	5	3	70	0	0	0	0	0	0	0	0	0	0	0	0	0	0	
591.248167	8	6	3	0	2	7	1	3285	-1350	24	35474	5	3	72	0	0	0	0	0	0	0	0	0	0	0	0	0	0	
592.253283	8	6	3	0	2	7	1	3266	-1350	24	35534	5	3	73	0	0	0	0	0	0	0	0	0	0	0	0	0	0	
593.239683	8	6	3	0	2	7	1	3241	-1350	24	35594	5	3	75	0	0	0	0	0	0	0	0	0	0	0	0	0	0	
594.244800	8	6	3	0	2	7	1	3205	-1348	24	35654	5	3	77	0	0	0	0	0	0	0	0	0	0	0	0	0	0	
595.251367	8	6	3	0	2	7	1	3149	-1349	24	35714	5	3	78	0	0	0	0	0	0	0	0	0	0	0	0	0	0	
596.256483	8	6	3	0	2	7	1	3055	-1348	24	35775	5	3	80	0	0	0	0	0	0	0	0	0	0	0	0	0	0	
597.242883	8	6	3	0	2	7	1	2870	-1349	24	35834	5	3	82	0	0	0	0	0	0	0	0	0	0	0	0	0	0	
597.739683	8	15	3	0	1	31	2	3163	367	24	35864	7	3	82	0	0	0	0	0	0	0	0	0	0	0	0	0	0	
597.759833	8	3	3	0	1	2	2	3298	679	24	35865	7	3	82	0	0	0	0	0	0	0	0	0	0	0	0	0	0	
598.250883	8	3	3	0	1	2	2	3556	675	24	35894	7	3	82	0	0	0	0	0	0	0	0	0	0	0	0	0	0	
599.256000	8	3	3	0	1	2	2	3701	675	24	35955	7	3	82	0	0	0	0	0	0	0	0	0	0	0	0	0	0	
600.242400	8	3	3	0	1	2	2	3770	675	24	36014	7	3	82	0	0	0	0	0	0	0	0	0	0	0	0	0	0	
601.247517	8	3	3	0	1	2	2	3815	673	24	36074	7	3	82	0	0	0	0	0	0	0	0	0	0	0	0	0	0	
602.252633	8	3	3	0	1	2	2	3839	674	24	36134	7	3	82	0	0	0	0	0	0	0	0	0	0	0	0	0	0	
603.259200	8	3	3	0	1	2	2	3850	674	24	36195	7	3	82	0	0	0	0	0	0	0	0	0	0	0	0	0	0	
604.245600	8	3	3	0	1	2	2	3859	675	24	36254	7	3	82	0	0	0	0	0	0	0	0	0	0	0	0	0	0	
605.250717	8	3	3	0	1	2	2	3866	675	24	36314	7	3	82	0	0	0	0	0	0	0	0	0	0	0	0	0	0	
606.255833	8	3	3	0	1	2	2	3873	673	24	36375	7	3	82	0	0	0	0	0	0	0	0	0	0	0	0	0	0	
607.242233	8	3	3	0	1	2	2	3880	675	24	36434	7	3	82	0	0	0	0	0	0	0	0	0	0	0	0	0	0	
608.247367	8	3	3	0	1	2	2	3887	675	24	36494	7	3	82	0	0	0	0	0	0	0	0	0	0	0	0	0	0	
609.255367	8	3	3	0	1	2	2	3895	675	24	36555	7	3	82	0	0	0	0	0	0	0	0	0	0	0	0	0	0	
610.241767	8	3	3	0	1	2	2	3902	674	24	36614	7	3	82	0	0	0	0	0	0	0	0	0	0	0	0	0	0	
611.246883	8	3	3	0	1	2	2	3909	675	24	36674	7	3	82	0	0	0	0	0	0	0	0	0	0	0	0	0	0	
612.253433	8	3	3	0	1	2	2	3916	675	24	36734	7	3	82	0	0	0	0	0	0	0	0	0	0	0	0	0	0	
613.258567	8	3	3	0	1	2	2	3923	675	24	36795	7	3	82	0	0	0	0	0	0	0	0	0	0	0	0	0	0	
614.244967	8	3	3	0	1	2	2	3930	675	24	36854	7	3	82	0	0	0	0	0	0	0	0	0	0	0	0	0	0	
615.250083	8	3	3	0	1	2	2	3936	674	24	36914	7	3	82	0	0	0	0	0	0	0	0	0	0	0	0	0	0	
616.255200	8	3	3	0	1	2	2	3942	674	24	36974	7	3	82	0	0	0	0	0	0	0	0	0	0	0	0	0	0	
617.241600	8	3	3	0	1	2	2	3948	675	24	37034	7	3	82	0	0	0	0	0	0	0	0	0	0	0	0	0	0	
618.246717	8	3	3	0	1	2	2	3953	675	24	37094	7	3	82	0	0	0	0	0	0	0	0	0	0	0	0	0	0	
619.251833	8	3	3	0	1	2	2	3957	675	24	37154	7	3	82	0	0	0	0	0	0	0	0	0	0	0	0	0	0	
620.256967	8	3	3	0	1	2	2	3961	675	24	37215	7	3	82	0	0	0	0	0	0	0	0	0	0	0	0	0	0	
621.244800	8	3	3	0	1	2	2	3965	675	24	37274	7	3	82	0	0	0	0	0	0	0	0	0	0	0	0	0	0	
622.249917	8	3	3	0	1	2	2	3969	674	24	37334	7	3	82	0	0	0	0	0	0	0	0	0	0	0	0	0	0	
623.255033	8	3	3	0	1	2	2	3972	674	24	37394	7	3	82	0	0	0	0	0	0	0	0	0	0	0	0	0	0	
624.260167	8	3	3	0	1	2	2	3975	675	24	37455	7	3	82	0	0	0	0	0	0	0	0	0	0	0	0	0	0	
625.246567	8	3	3	0	1	2	2	3978	674	24	37514	7	3	82	0	0	0	0	0	0	0	0	0	0	0	0	0	0	
626.251683	8	3	3	0	1	2	2	3982	675	24	37574	7	3	82	0	0	0	0	0	0	0	0	0	0	0	0	0	0	
627.256800	8	3	3	0	1	2	2	3984	674	24	37635	7	3	82	0	0	0	0	0	0	0	0	0	0	0	0	0	0	
628.243200	8	3	3	0	1	2	2	3988	675	24	37694	7	3	82	0	0	0	0	0	0	0	0	0	0	0	0	0	0	
629.248317	8	3	3	0	1	2	2	3991	674	24	37754	7	3	82	0	0	0	0	0	0	0	0	0	0	0	0	0	0	
630.253433	8	3	3	0	1	2	2	3994	675	24	37814	7	3	82	0	0	0	0	0	0	0	0	0	0	0	0	0	0	
631.260000	8	3	3	0	1	2	2	3997	674	24	37875	7	3	82	0	0	0	0	0	0	0	0	0	0	0	0	0	0	
632.246400	8	3	3	0	1	2	2	4001	674	24	37934	7	3	82	0	0	0	0	0	0	0	0	0	0	0	0	0	0	
633.251517	8	3	3	0	1	2	2	4004	675	24	37994	7	3	82	0	0	0	0	0	0	0	0	0	0	0	0	0	0	
634.256633	8	3	3	0	1	2	2	4008	675	24	38054	7	3	82	0	0	0	0	0	0	0	0	0	0	0	0	0	0	
635.243033	8	3	3	0	1	2	2	4011	675	24	38114	7	3	82	0	0	0	0	0	0	0	0	0	0	0	0	0	0	
636.248167	8	3	3	0	1	2	2	4014	674	24	38174	7	3	82	0	0	0	0	0	0	0	0	0	0	0	0	0	0	
637.253283	8	3	3	0	1	2	2	4018	676	24	38234	7	3	82	0	0	0	0	0	0	0	0	0	0	0	0	0	0	
638.258400	8	3	3	0	1	2	2	4021	674	24	38295	7	3	82	0	0	0	0	0	0	0	0	0	0	0	0	0	0	
639.244800	8	3	3	0	1	2	2	4024	675	24	38354	7	3	82	0	0	0	0	0	0	0	0	0	0	0	0	0	0	
640.251367	8	3	3	0	1	2	2	4028	676	24	38414	7	3	82	0	0	0	0	0	0	0	0	0	0	0	0	0	0	
641.256483	8	3	3	0	1	2	2	4031	674	24	38474	7	3	82	0	0	0	0	0	0	0	0	0	0	0	0	0	0	
642.261600	8	3	3	0	1	2	2	4035	675	24	38535	7	3	82	0	0	0	0	0	0	0	0	0	0	0	0	0	0	
643.248000	8	3	3	0	1	2	2	4039	675	24	38594	7	3	82	0	0	0	0	0	0	0	0	0	0	0	0	0	0	
644.253117	8	3	3	0	1	2	2	4043	675	24	38654	7	3	82	0	0	0	0	0	0	0	0	0	0	0	0	0	0	
645.258233	8	3	3	0	1	2	2	4047	673	24	38714	7	3	82	0	0	0	0	0	0	0	0	0	0	0	0	0	0	
646.244633	8	3	3	0	1	2	2	4051	674	24	38774	7	3	82	0	0	0	0	0	0	0	0	0	0	0	0	0	0	
647.249767	8	3	3	0	1	2	2	4055	674	24	38834	7	3	82	0	0	0	0	0	0	0	0	0	0	0	0	0	0	
648.254883	8	3	3	0	1	2	2	4059	675	24	38894	7	3	82	0	0	0	0	0	0	0	0	0	0	0	0	0	0	
649.260000	8	3	3	0	1	2	2	4063	673	24	38955	7	3	82	0	0	0	0	0	0	0	0	0	0	0	0	0	0	
650.247833	8	3	3	0	1	2	2	4067	675	24	39014	7	3	82	0	0	0	0	0	0	0	0	0	0	0	0	0	0	
651.252967	8	3	3	0	1	2	2	4072	675	24	39074	7	3	82	0	0	0	0	0	0	0	0	0	0	0	0	0	0	
652.258083	8	3	3	0	1	2	2	4076	675	24	39134	7	3	82	0	0	0	0	0	0	0	0	0	0	0	0	0	0	
653.244483	8	3	3	0	1	2	2	4081	675	24	39194	7	3	82	0	0	0	0	0	0	0	0	0	0	0	0	0	0	
654.249600	8	3	3	0	1	2	2	4086	674	24	39254	7	3	82	0	0	0	0	0	0	0	0	0	0	0	0	0	0	
655.254717	8	3	3	0	1	2	2	4091	674	24	39314	7	3	82	0	0	0	0	0	0	0	0	0	0	0	0	0	0	
656.259833	8	3	3	0	1	2	2	4096	675	24	39375	7	3	82	0	0	0	0	0	0	0	0	0	0	0	0	0	0	
657.246233	8	3	3	0	1	2	2	4101	675	24	39434	7	3	82	0	0	0	0	0	0	0	0	0	0	0	0	0	0	
658.251367	8	3	3	0	1	2	2	4106	674	24	39494	7	3	82	0	0	0	0	0	0	0	0	0	0	0	0	0	0	
659.257917	8	3	3	0	1	2	2	4112	674	24	39554	7	3	82	0	0	0	0	0	0	0	0	0	0	0	0	0	0	
660.263033	8	3	3	0	1	2	2	4116	669	24	39615	7	3	82	0	0	0	0	0	0	0	0	0	0	0	0	0	0	
661.249433	8	3	3	0	1	2	2	4121	666	24	39674	7	3	82	0	0	0	0	0	0	0	0	0	0	0	0	0	0	
662.254567	8	3	3	0	1	2	2	4126	665	24	39734	7	3	82	0	0	0	0	0	0	0	0	0	0	0	0	0	0	
663.259683	8	3	3	0	1	2	2	4131	665	24	39794	7	3	82	0	0	0	0	0	0	0	0	0	0	0	0	0	0	
664.246083	8	3	3	0	1	2	2	4137	664	24	39854	7	3	82	0	0	0	0	0	0	0	0	0	0	0	0	0	0	
665.251200	8	3	3	0	1	2	2	4143	662	24	39914	7	3	82	0	0	0	0	0	0	0	0	0	0	0	0	0	0	
666.256317	8	3	3	0	1	2	2	4148	661	24	39974	7	3	82	0	0	0	0	0	0	0	0	0	0	0	0	0	0	
667.262883	8	3	3	0	1	2	2	4154	661	24	40035	7	3	82	0	0	0	0	0	0	0	0	0	0	0	0	0	0	
668.249283	8	3	3	0	1	2	2	4159	658	24	40094	7	3	82	0	0	0	0	0	0	0	0	0	0	0	0	0	0	
669.254400	8	3	3	0	1	2	2	4166	658	24	40154	7	3	82	0	0	0	0	0	0	0	0	0	0	0	0	0	0	
670.259517	8	3	3	0	1	2	2	4172	658	23	40214	7	3	82	0	0	0	0	0	0	0	0	0	0	0	0	0	0	
671.245917	8	3	3	0	1	2	2	4178	657	24	40274	7	3	82	0	0	0	0	0	0	0	0	0	0	0	0	0	0	
672.251033	8	3	3	0	1	2	2	4184	655	24	40334	7	3	82	0	0	0	0	0	0	0	0	0	0	0	0	0	0	
673.256167	8	3	3	0	1	2	2	4190	655	24	40394	7	3	82	0	0	0	0	0	0	0	0	0	0	0	0	0	0	
674.261283	8	3	3	0	1	2	2	4197	655	24	40455	7	3	82	0	0	0	0	0	0	0	0	0	0	0	0	0	0	
675.247683	8	3	3	0	1	2	2	4199	633	24	40514	7	3	82	0	0	0	0	0	0	0	0	0	0	0	0	0	0	
676.257117	8	3	3	0	1	2	2	4199	609	24	40574	7	3	82	0	0	0	0	0	0	0	0	0	0	0	0	0	0	
677.262233	8	3	3	0	1	2	2	4198	586	24	40635	7	3	82	0	0	0	0	0	0	0	0	0	0	0	0	0	0	
678.248633	8	3	3	0	1	2	2	4199	566	24	40694	7	3	82	0	0	0	0	0	0	0	0	0	0	0	0	0	0	
679.253767	8	3	3	0	1	2	2	4198	544	24	40754	7	3	82	0	0	0	0	0	0	0	0	0	0	0	0	0	0	
680.258883	8	3	3	0	1	2	2	4198	523	24	40814	7	3	82	0	0	0	0	0	0	0	0	0	0	0	0	0	0	
681.265433	8	3	3	0	1	2	2	4198	504	24	40875	7	3	82	0	0	0	0	0	0	0	0	0	0	0	0	0	0	
682.251833	8	3	3	0	1	2	2	4199	486	24	40934	7	3	82	0	0	0	0	0	0	0	0	0	0	0	0	0	0	
683.256967	8	3	3	0	1	2	2	4199	469	24	40994	7	3	82	0	0	0	0	0	0	0	0	0	0	0	0	0	0	
684.262083	8	3	3	0	1	2	2	4199	451	24	41055	7	3	82	0	0	0	0	0	0	0	0	0	0	0	0	0	0	
685.248483	8	3	3	0	1	2	2	4199	434	24	41114	7	3	82	0	0	0	0	0	0	0	0	0	0	0	0	0	0	
686.253600	8	3	3	0	1	2	2	4198	419	24	41174	7	3	82	0	0	0	0	0	0	0	0	0	0	0	0	0	0	
687.258717	8	3	3	0	1	2	2	4198	404	24	41234	7	3	82	0	0	0	0	0	0	0	0	0	0	0	0	0	0	
688.263833	8	3	3	0	1	2	2	4198	389	24	41295	7	3	82	0	0	0	0	0	0	0	0	0	0	0	0	0	0	
689.250233	8	3	3	0	1	2	2	4199	375	24	41354	7	3	82	0	0	0	0	0	0	0	0	0	0	0	0	0	0	
690.255367	8	3	3	0	1	2	2	4198	361	24	41414	7	3	82	0	0	0	0	0	0	0	0	0	0	0	0	0	0	
691.260483	8	3	3	0	1	2	2	4198	347	24	41474	7	3	82	0	0	0	0	0	0	0	0	0	0	0	0	0	0	
692.246883	8	3	3	0	1	2	2	4199	334	24	41534	7	3	82	0	0	0	0	0	0	0	0	0	0	0	0	0	0	
693.253433	8	3	3	0	1	2	2	4198	323	24	41594	7	3	82	0	0	0	0	0	0	0	0	0	0	0	0	0	0	
694.258567	8	3	3	0	1	2	2	4198	310	24	41654	7	3	82	0	0	0	0	0	0	0	0	0	0	0	0	0	0	
695.263683	8	3	3	0	1	2	2	4198	300	24	41715	7	3	82	0	0	0	0	0	0	0	0	0	0	0	0	0	0	
696.250083	8	3	3	0	1	2	2	4198	289	24	41774	7	3	82	0	0	0	0	0	0	0	0	0	0	0	0	0	0	
697.255200	8	3	3	0	1	2	2	4199	278	24	41834	7	3	82	0	0	0	0	0	0	0	0	0	0	0	0	0	0	
698.260317	8	3	3	0	1	2	2	4198	268	24	41894	7	3	82	0	0	0	0	0	0	0	0	0	0	0	0	0	0	
699.265433	8	3	3	0	1	2	2	4198	258	24	41955	7	3	82	0	0	0	0	0	0	0	0	0	0	0	0	0	0	
700.251833	8	3	3	0	1	2	2	4198	249	24	42014	7	3	82	0	0	0	0	0	0	0	0	0	0	0	0	0	0	
701.256967	8	3	3	0	1	2	2	4198	241	24	42074	7	3	82	0	0	0	0	0	0	0	0	0	0	0	0	0	0	
702.262083	8	3	3	0	1	2	2	4198	232	24	42134	7	3	82	0	0	0	0	0	0	0	0	0	0	0	0	0	0	
703.248483	8	3	3	0	1	2	2	4198	223	24	42194	7	3	82	0	0	0	0	0	0	0	0	0	0	0	0	0	0	
704.255033	8	3	3	0	1	2	2	4199	216	24	42254	7	3	82	0	0	0	0	0	0	0	0	0	0	0	0	0	0	
705.260167	8	3	3	0	1	2	2	4199	208	24	42314	7	3	82	0	0	0	0	0	0	0	0	0	0	0	0	0	0	
706.265283	8	3	3	0	1	2	2	4199	199	24	42375	7	3	82	0	0	0	0	0	0	0	0	0	0	0	0	0	0	
707.251683	8	3	3	0	1	2	2	4199	193	24	42434	7	3	82	0	0	0	0	0	0	0	0	0	0	0	0	0	0	
708.256800	8	3	3	0	1	2	2	4198	186	24	42494	7	3	82	0	0	0	0	0	0	0	0	0	0	0	0	0	0	
709.261917	8	3	3	0	1	2	2	4198	179	23	42554	7	3	82	0	0	0	0	0	0	0	0	0	0	0	0	0	0	
710.267033	8	3	3	0	1	2	2	4198	173	23	42615	7	3	82	0	0	0	0	0	0	0	0	0	0	0	0	0	0	
711.253433	8	3	3	0	1	2	2	4198	166	24	42674	7	3	82	0	0	0	0	0	0	0	0	0	0	0	0	0	0	
712.258567	8	3	3	0	1	2	2	4199	160	23	42734	7	3	82	0	0	0	0	0	0	0	0	0	0	0	0	0	0	
713.263683	8	3	3	0	1	2	2	4199	155	23	42795	7	3	82	0	0	0	0	0	0	0	0	0	0	0	0	0	0	
714.250083	8	3	3	0	1	2	2	4198	149	24	42854	7	3	82	0	0	0	0	0	0	0	0	0	0	0	0	0	0	
715.256633	8	3	3	0	1	2	2	4198	143	23	42914	7	3	82	0	0	0	0	0	0	0	0	0	0	0	0	0	0	
716.261767	8	3	3	0	1	2	2	4199	139	24	42974	7	3	82	0	0	0	0	0	0	0	0	0	0	0	0	0	0	
717.266883	8	3	3	0	1	2	2	4199	134	24	43035	7	3	82	0	0	0	0	0	0	0	0	0	0	0	0	0	0	
718.253283	8	3	3	0	1	2	2	4198	130	24	43094	7	3	82	0	0	0	0	0	0	0	0	0	0	0	0	0	0	
719.258400	8	3	3	0	1	2	2	4198	125	23	43154	7	3	82	0	0	0	0	0	0	0	0	0	0	0	0	0	0	
720.263517	8	3	3	0	1	2	2	4199	119	24	43214	7	3	82	0	0	0	0	0	0	0	0	0	0	0	0	0	0	
721.249917	8	3	3	0	1	2	2	4198	116	24	43274	7	3	82	0	0	0	0	0	0	0	0	0	0	0	0	0	0	
722.255033	8	3	3	0	1	2	2	4198	112	23	43334	7	3	82	0	0	0	0	0	0	0	0	0	0	0	0	0	0	
723.260167	8	3	3	0	1	2	2	4198	108	24	43394	7	3	82	0	0	0	0	0	0	0	0	0	0	0	0	0	0	
724.265283	8	3	3	0	1	2	2	4198	105	23	43455	7	3	82	0	0	0	0	0	0	0	0	0	0	0	0	0	0	
725.251683	8	3	3	0	1	2	2	4199	101	23	43514	7	3	82	0	0	0	0	0	0	0	0	0	0	0	0	0	0	
726.256800	8	3	3	0	1	2	2	4199	98	23	43574	7	3	82	0	0	0	0	0	0	0	0	0	0	0	0	0	0	
727.261917	8	3	3	0	1	2	2	4198	94	24	43634	7	3	82	0	0	0	0	0	0	0	0	0	0	0	0	0	0	
728.268483	8	3	3	0	1	2	2	4198	91	23	43695	7	3	82	0	0	0	0	0	0	0	0	0	0	0	0	0	0	
729.254883	8	3	3	0	1	2	2	4198	88	23	43754	7	3	82	0	0	0	0	0	0	0	0	0	0	0	0	0	0	
730.260000	8	3	3	0	1	2	2	4198	85	23	43814	7	3	82	0	0	0	0	0	0	0	0	0	0	0	0	0	0	
731.266567	8	3	3	0	1	2	2	4199	83	23	43875	7	3	82	0	0	0	0	0	0	0	0	0	0	0	0	0	0	
732.252967	8	3	3	0	1	2	2	4198	79	23	43934	7	3	82	0	0	0	0	0	0	0	0	0	0	0	0	0	0	
733.258083	8	3	3	0	1	2	2	4199	77	23	43994	7	3	82	0	0	0	0	0	0	0	0	0	0	0	0	0	0	
734.264633	8	3	3	0	1	2	2	4199	74	23	44054	7	3	82	0	0	0	0	0	0	0	0	0	0	0	0	0	0	
735.269767	8	3	3	0	1	2	2	4198	72	23	44115	7	3	82	0	0	0	0	0	0	0	0	0	0	0	0	0	0	
736.256167	8	3	3	0	1	2	2	4198	70	23	44174	7	3	82	0	0	0	0	0	0	0	0	0	0	0	0	0	0	
737.035200	8	6	3	0	2	7	1	4012	-821	23	44221	7	4	0	0	0	0	0	0	0	0	0	0	0	0	0	0	0	
737.262717	8	6	3	0	2	7	1	3860	-1350	23	44234	7	4	0	0	0	0	0	0	0	0	0	0	0	0	0	0	0	
738.267833	8	6	3	0	2	7	1	3805	-1349	23	44295	7	4	1	0	0	0	0	0	0	0	0	0	0	0	0	0	0	
739.254233	8	6	3	0	2	7	1	3775	-1349	23	44354	7	4	3	0	0	0	0	0	0	0	0	0	0	0	0	0	0	
740.259367	8	6	3	0	2	7	1	3751	-1349	23	44414	7	4	5	0	0	0	0	0	0	0	0	0	0	0	0	0	0	
741.264483	8	6	3	0	2	7	1	3730	-1348	23	44474	7	4	6	0	0	0	0	0	0	0	0	0	0	0	0	0	0	
742.250883	8	6	3	0	2	7	1	3711	-1351	23	44534	7	4	8	0	0	0	0	0	0	0	0	0	0	0	0	0	0	
743.256000	8	6	3	0	2	7	1	3692	-1348	23	44594	7	4	10	0	0	0	0	0	0	0	0	0	0	0	0	0	0	
744.262567	8	6	3	0	2	7	1	3674	-1349	23	44654	7	4	11	0	0	0	0	0	0	0	0	0	0	0	0	0	0	
745.267683	8	6	3	0	2	7	1	3657	-1350	23	44715	7	4	13	0	0	0	0	0	0	0	0	0	0	0	0	0	0	
746.254083	8	6	3	0	2	7	1	3640	-1348	23	44774	7	4	15	0	0	0	0	0	0	0	0	0	0	0	0	0	0	
747.259200	8	6	3	0	2	7	1	3624	-1350	23	44834	7	4	16	0	0	0	0	0	0	0	0	0	0	0	0	0	0	
748.264317	8	6	3	0	2	7	1	3609	-1348	23	44894	7	4	18	0	0	0	0	0	0	0	0	0	0	0	0	0	0	
749.269433	8	6	3	0	2	7	1	3595	-1349	23	44955	7	4	20	0	0	0	0	0	0	0	0	0	0	0	0	0	0	
750.255833	8	6	3	0	2	7	1	3581	-1349	23	45014	7	4	21	0	0	0	0	0	0	0	0	0	0	0	0	0	0	
751.260967	8	6	3	0	2	7	1	3567	-1347	23	45074	7	4	23	0	0	0	0	0	0	0	0	0	0	0	0	0	0	
752.266083	8	6	3	0	2	7	1	3554	-1349	23	45134	7	4	25	0	0	0	0	0	0	0	0	0	0	0	0	0	0	
753.252483	8	6	3	0	2	7	1	3541	-1350	23	45194	7	4	26	0	0	0	0	0	0	0	0	0	0	0	0	0	0	
754.257600	8	6	3	0	2	7	1	3529	-1349	23	45254	7	4	28	0	0	0	0	0	0	0	0	0	0	0	0	0	0	
755.262717	8	6	3	0	2	7	1	3516	-1348	23	45314	7	4	30	0	0	0	0	0	0	0	0	0	0	0	0	0	0	
756.269283	8	6	3	0	2	7	1	3504	-1350	23	45375	7	4	31	0	0	0	0	0	0	0	0	0	0	0	0	0	0	
757.255683	8	6	3	0	2	7	1	3492	-1351	23	45434	7	4	33	0	0	0	0	0	0	0	0	0	0	0	0	0	0	
758.260800	8	6	3	0	2	7	1	3480	-1351	24	45494	7	4	35	0	0	0	0	0	0	0	0	0	0	0	0	0	0	
759.265917	8	6	3	0	2	7	1	3468	-1351	23	45554	7	4	36	0	0	0	0	0	0	0	0	0	0	0	0	0	0	
760.271033	8	6	3	0	2	7	1	3457	-1349	24	45615	7	4	38	0	0	0	0	0	0	0	0	0	0	0	0	0	0	
761.257433	8	6	3	0	2	7	1	3447	-1351	24	45674	7	4	40	0	0	0	0	0	0	0	0	0	0	0	0	0	0	
762.262567	8	6	3	0	2	7	1	3437	-1348	24	45734	7	4	41	0	0	0	0	0	0	0	0	0	0	0	0	0	0	
763.267683	8	6	3	0	2	7	1	3428	-1350	23	45794	7	4	43	0	0	0	0	0	0	0	0	0	0	0	0	0	0	
764.254083	8	6	3	0	2	7	1	3419	-1349	24	45854	7	4	45	0	0	0	0	0	0	0	0	0	0	0	0	0	0	
765.259200	8	6	3	0	2	7	1	3411	-1350	24	45914	7	4	46	0	0	0	0	0	0	0	0	0	0	0	0	0	0	
766.264317	8	6	3	0	2	7	1	3402	-1349	23	45974	7	4	48	0	0	0	0	0	0	0	0	0	0	0	0	0	0	
767.269433	8	6	3	0	2	7	1	3394	-1349	24	46035	7	4	50	0	0	0	0	0	0	0	0	0	0	0	0	0	0	
768.255833	8	6	3	0	2	7	1	3387	-1350	24	46094	7	4	51	0	0	0	0	0	0	0	0	0	0	0	0	0	0	
769.260967	8	6	3	0	2	7	1	3379	-1350	24	46154	7	4	53	0	0	0	0	0	0	0	0	0	0	0	0	0	0	
770.267517	8	6	3	0	2	7	1	3372	-1349	24	46214	7	4	55	0	0	0	0	0	0	0	0	0	0	0	0	0	0	
771.253917	8	6	3	0	2	7	1	3366	-1349	24	46274	7	4	56	0	0	0	0	0	0	0	0	0	0	0	0	0	0	
772.259033	8	6	3	0	2	7	1	3359	-1350	24	46334	7	4	58	0	0	0	0	0	0	0	0	0	0	0	0	0	0	
773.264167	8	6	3	0	2	7	1	3353	-1350	24	46394	7	4	60	0	0	0	0	0	0	0	0	0	0	0	0	0	0	
774.269283	8	6	3	0	2	7	1	3345	-1350	24	46455	7	4	61	0	0	0	0	0	0	0	0	0	0	0	0	0	0	
775.255683	8	6	3	0	2	7	1	3338	-1350	24	46514	7	4	63	0	0	0	0	0	0	0	0	0	0	0	0	0	0	
776.260800	8	6	3	0	2	7	1	3329	-1350	24	46574	7	4	64	0	0	0	0	0	0	0	0	0	0	0	0	0	0	
777.265917	8	6	3	0	2	7	1	3321	-1349	24	46634	7	4	66	0	0	0	0	0	0	0	0	0	0	0	0	0	0	
778.272483	8	6	3	0	2	7	1	3312	-1346	24	46695	7	4	68	0	0	0	0	0	0	0	0	0	0	0	0	0	0	
779.258883	8	6	3	0	2	7	1	3300	-1350	24	46754	7	4	69	0	0	0	0	0	0	0	0	0	0	0	0	0	0	
780.264000	8	6	3	0	2	7	1	3286	-1350	24	46814	7	4	71	0	0	0	0	0	0	0	0	0	0	0	0	0	0	
781.269117	8	6	3	0	2	7	1	3269	-1350	24	46874	7	4	73	0	0	0	0	0	0	0	0	0	0	0	0	0	0	
782.255517	8	6	3	0	2	7	1	3247	-1349	24	46934	7	4	74	0	0	0	0	0	0	0	0	0	0	0	0	0	0	
783.260633	8	6	3	0	2	7	1	3216	-1350	23	46994	7	4	76	0	0	0	0	0	0	0	0	0	0	0	0	0	0	
784.265767	8	6	3	0	2	7	1	3168	-1349	24	47054	7	4	78	0	0	0	0	0	0	0	0	0	0	0	0	0	0	
785.270883	8	6	3	0	2	7	1	3092	-1350	24	47115	7	4	79	0	0	0	0	0	0	0	0	0	0	0	0	0	0	
786.257283	8	6	3	0	2	7	1	2954	-1349	24	47174	7	4	81	0	0	0	0	0	0	0	0	0	0	0	0	0	0	
787.131367	8	15	3	0	1	31	2	3203	431	24	47226	9	4	82	0	0	0	0	0	0	0	0	0	0	0	0	0	0	
787.151517	8	3	3	0	1	2	2	3325	679	24	47227	9	4	82	0	0	0	0	0	0	0	0	0	0	0	0	0	0	
787.266717	8	3	3	0	1	2	2	3436	676	24	47234	9	4	82	0	0	0	0	0	0	0	0	0	0	0	0	0	0	
788.271833	8	3	3	0	1	2	2	3675	676	24	47295	9	4	82	0	0	0	0	0	0	0	0	0	0	0	0	0	0	
789.258233	8	3	3	0	1	2	2	3758	676	24	47354	9	4	82	0	0	0	0	0	0	0	0	0	0	0	0	0	0	
790.263367	8	3	3	0	1	2	2	3808	674	24	47414	9	4	82	0	0	0	0	0	0	0	0	0	0	0	0	0	0	
791.268483	8	3	3	0	1	2	2	3837	677	24	47474	9	4	82	0	0	0	0	0	0	0	0	0	0	0	0	0	0	
792.273600	8	3	3	0	1	2	2	3850	675	24	47535	9	4	82	0	0	0	0	0	0	0	0	0	0	0	0	0	0	
793.260000	8	3	3	0	1	2	2	3859	675	24	47594	9	4	82	0	0	0	0	0	0	0	0	0	0	0	0	0	0	
794.265117	8	3	3	0	1	2	2	3867	676	24	47654	9	4	82	0	0	0	0	0	0	0	0	0	0	0	0	0	0	
795.270233	8	3	3	0	1	2	2	3874	675	24	47715	9	4	82	0	0	0	0	0	0	0	0	0	0	0	0	0	0	
796.256633	8	3	3	0	1	2	2	3881	675	24	47774	9	4	82	0	0	0	0	0	0	0	0	0	0	0	0	0	0	
797.261767	8	3	3	0	1	2	2	3888	675	24	47834	9	4	82	0	0	0	0	0	0	0	0	0	0	0	0	0	0	
798.268317	8	3	3	0	1	2	2	3895	674	24	47894	9	4	82	0	0	0	0	0	0	0	0	0	0	0	0	0	0	
799.273433	8	3	3	0	1	2	2	3903	675	24	47955	9	4	82	0	0	0	0	0	0	0	0	0	0	0	0	0	0	
800.259833	8	3	3	0	1	2	2	3910	674	24	48014	9	4	82	0	0	0	0	0	0	0	0	0	0	0	0	0	0	
801.264967	8	3	3	0	1	2	2	3917	674	24	48074	9	4	82	0	0	0	0	0	0	0	0	0	0	0	0	0	0	
802.270083	8	3	3	0	1	2	2	3925	677	24	48134	9	4	82	0	0	0	0	0	0	0	0	0	0	0	0	0	0	
803.256483	8	3	3	0	1	2	2	3931	675	24	48194	9	4	82	0	0	0	0	0	0	0	0	0	0	0	0	0	0	
804.261600	8	3	3	0	1	2	2	3938	674	24	48254	9	4	82	0	0	0	0	0	0	0	0	0	0	0	0	0	0	
805.266717	8	3	3	0	1	2	2	3944	675	24	48314	9	4	82	0	0	0	0	0	0	0	0	0	0	0	0	0	0	
806.256000	8	3	3	0	1	2	2	3950	675	24	48374	9	4	82	0	0	0	0	0	0	0	0	0	0	0	0	0	0	
807.262567	8	3	3	0	1	2	2	3954	674	24	48434	9	4	82	0	0	0	0	0	0	0	0	0	0	0	0	0	0	
808.269117	8	3	3	0	1	2	2	3959	675	24	48494	9	4	82	0	0	0	0	0	0	0	0	0	0	0	0	0	0	
809.274233	8	3	3	0	1	2	2	3963	675	24	48555	9	4	82	0	0	0	0	0	0	0	0	0	0	0	0	0	0	
810.260633	8	3	3	0	1	2	2	3967	674	24	48614	9	4	82	0	0	0	0	0	0	0	0	0	0	0	0	0	0	
811.265767	8	3	3	0	1	2	2	3970	675	24	48674	9	4	82	0	0	0	0	0	0	0	0	0	0	0	0	0	0	
812.270883	8	3	3	0	1	2	2	3974	675	24	48734	9	4	82	0	0	0	0	0	0	0	0	0	0	0	0	0	0	
813.258717	8	3	3	0	1	2	2	3977	674	24	48794	9	4	82	0	0	0	0	0	0	0	0	0	0	0	0	0	0	
814.263833	8	3	3	0	1	2	2	3980	674	24	48854	9	4	82	0	0	0	0	0	0	0	0	0	0	0	0	0	0	
815.268967	8	3	3	0	1	2	2	3983	674	24	48914	9	4	82	0	0	0	0	0	0	0	0	0	0	0	0	0	0	
816.274083	8	3	3	0	1	2	2	3986	674	24	48975	9	4	82	0	0	0	0	0	0	0	0	0	0	0	0	0	0	
817.260483	8	3	3	0	1	2	2	3989	674	24	49034	9	4	82	0	0	0	0	0	0	0	0	0	0	0	0	0	0	
818.265600	8	3	3	0	1	2	2	3993	674	24	49094	9	4	82	0	0	0	0	0	0	0	0	0	0	0	0	0	0	
819.270717	8	3	3	0	1	2	2	3996	675	24	49154	9	4	82	0	0	0	0	0	0	0	0	0	0	0	0	0	0	
820.275833	8	3	3	0	1	2	2	4000	675	24	49215	9	4	82	0	0	0	0	0	0	0	0	0	0	0	0	0	0	
821.262233	8	3	3	0	1	2	2	4002	675	24	49274	9	4	82	0	0	0	0	0	0	0	0	0	0	0	0	0	0	
822.267367	8	3	3	0	1	2	2	4006	674	24	49334	9	4	82	0	0	0	0	0	0	0	0	0	0	0	0	0	0	
823.272483	8	3	3	0	1	2	2	4010	676	24	49395	9	4	82	0	0	0	0	0	0	0	0	0	0	0	0	0	0	
824.258883	8	3	3	0	1	2	2	4013	674	23	49454	9	4	82	0	0	0	0	0	0	0	0	0	0	0	0	0	0	
825.264000	8	3	3	0	1	2	2	4016	675	24	49514	9	4	82	0	0	0	0	0	0	0	0	0	0	0	0	0	0	
826.270567	8	3	3	0	1	2	2	4019	675	24	49574	9	4	82	0	0	0	0	0	0	0	0	0	0	0	0	0	0	
827.275683	8	3	3	0	1	2	2	4023	675	23	49635	9	4	82	0	0	0	0	0	0	0	0	0	0	0	0	0	0	
828.262083	8	3	3	0	1	2	2	4026	675	23	49694	9	4	82	0	0	0	0	0	0	0	0	0	0	0	0	0	0	
829.267200	8	3	3	0	1	2	2	4030	674	24	49754	9	4	82	0	0	0	0	0	0	0	0	0	0	0	0	0	0	
830.272317	8	3	3	0	1	2	2	4033	675	23	49814	9	4	82	0	0	0	0	0	0	0	0	0	0	0	0	0	0	
831.258717	8	3	3	0	1	2	2	4037	674	24	49874	9	4	82	0	0	0	0	0	0	0	0	0	0	0	0	0	0	
832.263833	8	3	3	0	1	2	2	4041	675	24	49934	9	4	82	0	0	0	0	0	0	0	0	0	0	0	0	0	0	
833.268967	8	3	3	0	1	2	2	4044	674	24	49994	9	4	82	0	0	0	0	0	0	0	0	0	0	0	0	0	0	
834.274083	8	3	3	0	1	2	2	4048	674	23	50055	9	4	82	0	0	0	0	0	0	0	0	0	0	0	0	0	0	
835.260483	8	3	3	0	1	2	2	4052	675	24	50114	9	4	82	0	0	0	0	0	0	0	0	0	0	0	0	0	0	
836.265600	8	3	3	0	1	2	2	4056	674	23	50174	9	4	82	0	0	0	0	0	0	0	0	0	0	0	0	0	0	
837.270717	8	3	3	0	1	2	2	4060	674	23	50234	9	4	82	0	0	0	0	0	0	0	0	0	0	0	0	0	0	
838.275833	8	3	3	0	1	2	2	4064	675	24	50295	9	4	82	0	0	0	0	0	0	0	0	0	0	0	0	0	0	
839.262233	8	3	3	0	1	2	2	4069	674	23	50354	9	4	82	0	0	0	0	0	0	0	0	0	0	0	0	0	0	
840.268800	8	3	3	0	1	2	2	4073	674	24	50414	9	4	82	0	0	0	0	0	0	0	0	0	0	0	0	0	0	
841.273917	8	3	3	0	1	2	2	4078	675	23	50474	9	4	82	0	0	0	0	0	0	0	0	0	0	0	0	0	0	
842.260317	8	3	3	0	1	2	2	4082	675	23	50534	9	4	82	0	0	0	0	0	0	0	0	0	0	0	0	0	0	
843.265433	8	3	3	0	1	2	2	4087	675	23	50594	9	4	82	0	0	0	0	0	0	0	0	0	0	0	0	0	0	
844.270567	8	3	3	0	1	2	2	4092	675	24	50654	9	4	82	0	0	0	0	0	0	0	0	0	0	0	0	0	0	
845.275683	8	3	3	0	1	2	2	4097	674	23	50715	9	4	82	0	0	0	0	0	0	0	0	0	0	0	0	0	0	
846.262083	8	3	3	0	1	2	2	4103	676	23	50774	9	4	82	0	0	0	0	0	0	0	0	0	0	0	0	0	0	
847.267200	8	3	3	0	1	2	2	4107	674	23	50834	9	4	82	0	0	0	0	0	0	0	0	0	0	0	0	0	0	
848.272317	8	3	3	0	1	2	2	4113	675	23	50894	9	4	82	0	0	0	0	0	0	0	0	0	0	0	0	0	0	
849.277433	8	3	3	0	1	2	2	4117	670	23	50955	9	4	82	0	0	0	0	0	0	0	0	0	0	0	0	0	0	
850.263833	8	3	3	0	1	2	2	4122	665	23	51014	9	4	82	0	0	0	0	0	0	0	0	0	0	0	0	0	0	
851.268967	8	3	3	0	1	2	2	4127	665	23	51074	9	4	82	0	0	0	0	0	0	0	0	0	0	0	0	0	0	
852.274083	8	3	3	0	1	2	2	4133	665	23	51134	9	4	82	0	0	0	0	0	0	0	0	0	0	0	0	0	0	
853.260483	8	3	3	0	1	2	2	4138	665	23	51194	9	4	82	0	0	0	0	0	0	0	0	0	0	0	0	0	0	
854.267033	8	3	3	0	1	2	2	4143	664	23	51254	9	4	82	0	0	0	0	0	0	0	0	0	0	0	0	0	0	
855.272167	8	3	3	0	1	2	2	4149	663	23	51314	9	4	82	0	0	0	0	0	0	0	0	0	0	0	0	0	0	
856.277283	8	3	3	0	1	2	2	4155	662	23	51375	9	4	82	0	0	0	0	0	0	0	0	0	0	0	0	0	0	
857.263683	8	3	3	0	1	2	2	4161	661	23	51434	9	4	82	0	0	0	0	0	0	0	0	0	0	0	0	0	0	
858.268800	8	3	3	0	1	2	2	4167	659	23	51494	9	4	82	0	0	0	0	0	0	0	0	0	0	0	0	0	0	
859.273917	8	3	3	0	1	2	2	4173	659	23	51554	9	4	82	0	0	0	0	0	0	0	0	0	0	0	0	0	0	
860.279033	8	3	3	0	1	2	2	4179	658	23	51615	9	4	82	0	0	0	0	0	0	0	0	0	0	0	0	0	0	
861.265433	8	3	3	0	1	2	2	4185	657	23	51674	9	4	82	0	0	0	0	0	0	0	0	0	0	0	0	0	0	
862.270567	8	3	3	0	1	2	2	4192	656	23	51734	9	4	82	0	0	0	0	0	0	0	0	0	0	0	0	0	0	
863.275683	8	3	3	0	1	2	2	4198	655	23	51795	9	4	82	0	0	0	0	0	0	0	0	0	0	0	0	0	0	
864.262083	8	3	3	0	1	2	2	4198	630	23	51854	9	4	82	0	0	0	0	0	0	0	0	0	0	0	0	0	0	
865.267200	8	3	3	0	1	2	2	4199	608	23	51914	9	4	82	0	0	0	0	0	0	0	0	0	0	0	0	0	0	
866.273767	8	3	3	0	1	2	2	4198	584	23	51974	9	4	82	0	0	0	0	0	0	0	0	0	0	0	0	0	0	
867.278883	8	3	3	0	1	2	2	4199	564	23	52035	9	4	82	0	0	0	0	0	0	0	0	0	0	0	0	0	0	
868.265283	8	3	3	0	1	2	2	4198	543	23	52094	9	4	82	0	0	0	0	0	0	0	0	0	0	0	0	0	0	
869.270400	8	3	3	0	1	2	2	4198	523	23	52154	9	4	82	0	0	0	0	0	0	0	0	0	0	0	0	0	0	
870.275517	8	3	3	0	1	2	2	4199	504	23	52214	9	4	82	0	0	0	0	0	0	0	0	0	0	0	0	0	0	
871.261917	8	3	3	0	1	2	2	4199	486	23	52274	9	4	82	0	0	0	0	0	0	0	0	0	0	0	0	0	0	
872.267033	8	3	3	0	1	2	2	4198	468	23	52334	9	4	82	0	0	0	0	0	0	0	0	0	0	0	0	0	0	
873.272167	8	3	3	0	1	2	2	4198	452	23	52394	9	4	82	0	0	0	0	0	0	0	0	0	0	0	0	0	0	
874.277283	8	3	3	0	1	2	2	4198	435	23	52455	9	4	82	0	0	0	0	0	0	0	0	0	0	0	0	0	0	
875.263683	8	3	3	0	1	2	2	4199	419	23	52514	9	4	82	0	0	0	0	0	0	0	0	0	0	0	0	0	0	
876.268800	8	3	3	0	1	2	2	4199	404	24	52574	9	4	82	0	0	0	0	0	0	0	0	0	0	0	0	0	0	
877.273917	8	3	3	0	1	2	2	4198	390	23	52634	9	4	82	0	0	0	0	0	0	0	0	0	0	0	0	0	0	
878.279033	8	3	3	0	1	2	2	4198	375	23	52695	9	4	82	0	0	0	0	0	0	0	0	0	0	0	0	0	0	
879.265433	8	3	3	0	1	2	2	4199	362	23	52754	9	4	82	0	0	0	0	0	0	0	0	0	0	0	0	0	0	
880.270567	8	3	3	0	1	2	2	4198	349	23	52814	9	4	82	0	0	0	0	0	0	0	0	0	0	0	0	0	0	
881.277117	8	3	3	0	1	2	2	4199	335	23	52874	9	4	82	0	0	0	0	0	0	0	0	0	0	0	0	0	0	
882.263517	8	3	3	0	1	2	2	4199	323	23	52934	9	4	82	0	0	0	0	0	0	0	0	0	0	0	0	0	0	
883.268633	8	3	3	0	1	2	2	4198	313	23	52994	9	4	82	0	0	0	0	0	0	0	0	0	0	0	0	0	0	
884.273767	8	3	3	0	1	2	2	4199	302	23	53054	9	4	82	0	0	0	0	0	0	0	0	0	0	0	0	0	0	
885.278883	8	3	3	0	1	2	2	4199	291	23	53115	9	4	82	0	0	0	0	0	0	0	0	0	0	0	0	0	0	
886.265283	8	3	3	0	1	2	2	4198	280	23	53174	9	4	82	0	0	0	0	0	0	0	0	0	0	0	0	0	0	
887.270400	8	3	3	0	1	2	2	4199	270	23	53234	9	4	82	0	0	0	0	0	0	0	0	0	0	0	0	0	0	
888.275517	8	3	3	0	1	2	2	4198	260	23	53294	9	4	82	0	0	0	0	0	0	0	0	0	0	0	0	0	0	
889.280633	8	3	3	0	1	2	2	4199	250	23	53355	9	4	82	0	0	0	0	0	0	0	0	0	0	0	0	0	0	
890.267033	8	3	3	0	1	2	2	4199	242	23	53414	9	4	82	0	0	0	0	0	0	0	0	0	0	0	0	0	0	
891.272167	8	3	3	0	1	2	2	4199	234	23	53474	9	4	82	0	0	0	0	0	0	0	0	0	0	0	0	0	0	
892.278717	8	3	3	0	1	2	2	4198	226	23	53534	9	4	82	0	0	0	0	0	0	0	0	0	0	0	0	0	0	
893.263683	8	3	3	0	1	2	2	4198	217	23	53594	9	4	82	0	0	0	0	0	0	0	0	0	0	0	0	0	0	
894.270233	8	3	3	0	1	2	2	4198	209	23	53654	9	4	82	0	0	0	0	0	0	0	0	0	0	0	0	0	0	
895.275367	8	3	3	0	1	2	2	4198	201	23	53714	9	4	82	0	0	0	0	0	0	0	0	0	0	0	0	0	0	
896.264633	8	3	3	0	1	2	2	4199	194	23	53774	9	4	82	0	0	0	0	0	0	0	0	0	0	0	0	0	0	
897.269767	8	3	3	0	1	2	2	4198	187	23	53834	9	4	82	0	0	0	0	0	0	0	0	0	0	0	0	0	0	
898.274883	8	3	3	0	1	2	2	4199	180	23	53894	9	4	82	0	0	0	0	0	0	0	0	0	0	0	0	0	0	
899.280000	8	3	3	0	1	2	2	4198	174	23	53955	9	4	82	0	0	0	0	0	0	0	0	0	0	0	0	0	0	
900.266400	8	3	3	0	1	2	2	4198	167	23	54014	9	4	82	0	0	0	0	0	0	0	0	0	0	0	0	0	0	
901.272967	8	3	3	0	1	2	2	4199	161	23	54074	9	4	82	0	0	0	0	0	0	0	0	0	0	0	0	0	0	
902.278083	8	3	3	0	1	2	2	4199	156	23	54134	9	4	82	0	0	0	0	0	0	0	0	0	0	0	0	0	0	
903.264483	8	3	3	0	1	2	2	4198	150	23	54194	9	4	82	0	0	0	0	0	0	0	0	0	0	0	0	0	0	
904.269600	8	3	3	0	1	2	2	4199	146	23	54254	9	4	82	0	0	0	0	0	0	0	0	0	0	0	0	0	0	
905.274717	8	3	3	0	1	2	2	4199	141	23	54314	9	4	82	0	0	0	0	0	0	0	0	0	0	0	0	0	0	
906.279833	8	3	3	0	1	2	2	4199	135	23	54375	9	4	82	0	0	0	0	0	0	0	0	0	0	0	0	0	0	
907.266233	8	3	3	0	1	2	2	4199	130	23	54434	9	4	82	0	0	0	0	0	0	0	0	0	0	0	0	0	0	
908.271367	8	3	3	0	1	2	2	4198	126	23	54494	9	4	82	0	0	0	0	0	0	0	0	0	0	0	0	0	0	
909.276483	8	3	3	0	1	2	2	4199	122	23	54554	9	4	82	0	0	0	0	0	0	0	0	0	0	0	0	0	0	
910.281600	8	3	3	0	1	2	2	4198	118	23	54615	9	4	82	0	0	0	0	0	0	0	0	0	0	0	0	0	0	
911.268000	8	3	3	0	1	2	2	4199	113	23	54674	9	4	82	0	0	0	0	0	0	0	0	0	0	0	0	0	0	
912.274567	8	3	3	0	1	2	2	4199	110	23	54734	9	4	82	0	0	0	0	0	0	0	0	0	0	0	0	0	0	
913.279683	8	3	3	0	1	2	2	4199	107	23	54794	9	4	82	0	0	0	0	0	0	0	0	0	0	0	0	0	0	
914.266083	8	3	3	0	1	2	2	4198	102	23	54854	9	4	82	0	0	0	0	0	0	0	0	0	0	0	0	0	0	
915.271200	8	3	3	0	1	2	2	4198	99	23	54914	9	4	82	0	0	0	0	0	0	0	0	0	0	0	0	0	0	
916.276317	8	3	3	0	1	2	2	4198	96	23	54974	9	4	82	0	0	0	0	0	0	0	0	0	0	0	0	0	0	
917.281433	8	3	3	0	1	2	2	4198	92	23	55035	9	4	82	0	0	0	0	0	0	0	0	0	0	0	0	0	0	
918.267833	8	3	3	0	1	2	2	4198	87	23	55094	9	4	82	0	0	0	0	0	0	0	0	0	0	0	0	0	0	
919.272967	8	3	3	0	1	2	2	4198	86	23	55154	9	4	82	0	0	0	0	0	0	0	0	0	0	0	0	0	0	
920.278083	8	3	3	0	1	2	2	4198	83	23	55214	9	4	82	0	0	0	0	0	0	0	0	0	0	0	0	0	0	
921.283200	8	3	3	0	1	2	2	4198	81	23	55275	9	4	82	0	0	0	0	0	0	0	0	0	0	0	0	0	0	
922.269600	8	3	3	0	1	2	2	4198	78	23	55334	9	4	82	0	0	0	0	0	0	0	0	0	0	0	0	0	0	
923.274717	8	3	3	0	1	2	2	4198	75	23	55394	9	4	82	0	0	0	0	0	0	0	0	0	0	0	0	0	0	
924.279833	8	3	3	0	1	2	2	4198	72	23	55454	9	4	82	0	0	0	0	0	0	0	0	0	0	0	0	0	0	
925.266233	8	3	3	0	1	2	2	4198	70	23	55514	9	4	82	0	0	0	0	0	0	0	0	0	0	0	0	0	0	
926.272800	8	3	3	0	1	2	2	4198	67	23	55574	9	4	82	0	0	0	0	0	0	0	0	0	0	0	0	0	0	
926.543517	8	6	3	0	2	7	1	3987	-919	23	55590	9	5	0	0	0	0	0	0	0	0	0	0	0	0	0	0	0	
927.279367	8	6	3	0	2	7	1	3823	-1349	23	55634	9	5	1	0	0	0	0	0	0	0	0	0	0	0	0	0	0	
928.267200	8	6	3	0	2	7	1	3787	-1349	23	55694	9	5	2	0	0	0	0	0	0	0	0	0	0	0	0	0	0	
929.272317	8	6	3	0	2	7	1	3762	-1349	23	55754	9	5	4	0	0	0	0	0	0	0	0	0	0	0	0	0	0	
930.277433	8	6	3	0	2	7	1	3740	-1350	23	55814	9	5	6	0	0	0	0	0	0	0	0	0	0	0	0	0	0	
931.282567	8	6	3	0	2	7	1	3720	-1350	23	55875	9	5	7	0	0	0	0	0	0	0	0	0	0	0	0	0	0	
932.270400	8	6	3	0	2	7	1	3702	-1350	23	55934	9	5	9	0	0	0	0	0	0	0	0	0	0	0	0	0	0	
933.275517	8	6	3	0	2	7	1	3684	-1349	23	55994	9	5	11	0	0	0	0	0	0	0	0	0	0	0	0	0	0	
934.280633	8	6	3	0	2	7	1	3666	-1349	23	56054	9	5	12	0	0	0	0	0	0	0	0	0	0	0	0	0	0	
935.267033	8	6	3	0	2	7	1	3649	-1349	23	56114	9	5	14	0	0	0	0	0	0	0	0	0	0	0	0	0	0	
936.272167	8	6	3	0	2	7	1	3633	-1350	23	56174	9	5	16	0	0	0	0	0	0	0	0	0	0	0	0	0	0	
937.277283	8	6	3	0	2	7	1	3617	-1349	23	56234	9	5	17	0	0	0	0	0	0	0	0	0	0	0	0	0	0	
938.282400	8	6	3	0	2	7	1	3602	-1349	23	56295	9	5	19	0	0	0	0	0	0	0	0	0	0	0	0	0	0	
939.268800	8	6	3	0	2	7	1	3588	-1349	23	56354	9	5	21	0	0	0	0	0	0	0	0	0	0	0	0	0	0	
940.273917	8	6	3	0	2	7	1	3575	-1350	23	56414	9	5	22	0	0	0	0	0	0	0	0	0	0	0	0	0	0	
941.279033	8	6	3	0	2	7	1	3561	-1349	23	56474	9	5	24	0	0	0	0	0	0	0	0	0	0	0	0	0	0	
942.284167	8	6	3	0	2	7	1	3547	-1348	23	56535	9	5	26	0	0	0	0	0	0	0	0	0	0	0	0	0	0	
943.270567	8	6	3	0	2	7	1	3534	-1349	23	56594	9	5	27	0	0	0	0	0	0	0	0	0	0	0	0	0	0	
944.275683	8	6	3	0	2	7	1	3521	-1352	23	56654	9	5	29	0	0	0	0	0	0	0	0	0	0	0	0	0	0	
945.280800	8	6	3	0	2	7	1	3508	-1350	23	56714	9	5	30	0	0	0	0	0	0	0	0	0	0	0	0	0	0	
946.267200	8	6	3	0	2	7	1	3495	-1351	23	56774	9	5	32	0	0	0	0	0	0	0	0	0	0	0	0	0	0	
947.273767	8	6	3	0	2	7	1	3483	-1351	23	56834	9	5	34	0	0	0	0	0	0	0	0	0	0	0	0	0	0	
948.278883	8	6	3	0	2	7	1	3471	-1348	23	56894	9	5	35	0	0	0	0	0	0	0	0	0	0	0	0	0	0	
949.284000	8	6	3	0	2	7	1	3460	-1349	23	56955	9	5	37	0	0	0	0	0	0	0	0	0	0	0	0	0	0	
950.270400	8	6	3	0	2	7	1	3449	-1348	23	57014	9	5	39	0	0	0	0	0	0	0	0	0	0	0	0	0	0	
951.275517	8	6	3	0	2	7	1	3439	-1347	23	57074	9	5	40	0	0	0	0	0	0	0	0	0	0	0	0	0	0	
952.280633	8	6	3	0	2	7	1	3429	-1350	23	57134	9	5	42	0	0	0	0	0	0	0	0	0	0	0	0	0	0	
953.285767	8	6	3	0	2	7	1	3419	-1351	23	57195	9	5	44	0	0	0	0	0	0	0	0	0	0	0	0	0	0	
954.272167	8	6	3	0	2	7	1	3411	-1349	23	57254	9	5	45	0	0	0	0	0	0	0	0	0	0	0	0	0	0	
955.277283	8	6	3	0	2	7	1	3402	-1351	23	57314	9	5	47	0	0	0	0	0	0	0	0	0	0	0	0	0	0	
956.282400	8	6	3	0	2	7	1	3394	-1349	23	57374	9	5	49	0	0	0	0	0	0	0	0	0	0	0	0	0	0	
957.268800	8	6	3	0	2	7	1	3386	-1350	23	57434	9	5	50	0	0	0	0	0	0	0	0	0	0	0	0	0	0	
958.275367	8	6	3	0	2	7	1	3379	-1349	23	57494	9	5	52	0	0	0	0	0	0	0	0	0	0	0	0	0	0	
959.280483	8	6	3	0	2	7	1	3372	-1350	23	57554	9	5	54	0	0	0	0	0	0	0	0	0	0	0	0	0	0	
960.285600	8	6	3	0	2	7	1	3366	-1348	23	57615	9	5	55	0	0	0	0	0	0	0	0	0	0	0	0	0	0	
961.272000	8	6	3	0	2	7	1	3359	-1349	23	57674	9	5	57	0	0	0	0	0	0	0	0	0	0	0	0	0	0	
962.277117	8	6	3	0	2	7	1	3352	-1350	23	57734	9	5	59	0	0	0	0	0	0	0	0	0	0	0	0	0	0	
963.282233	8	6	3	0	2	7	1	3344	-1350	23	57794	9	5	60	0	0	0	0	0	0	0	0	0	0	0	0	0	0	
964.287367	8	6	3	0	2	7	1	3337	-1350	23	57855	9	5	62	0	0	0	0	0	0	0	0	0	0	0	0	0	0	
965.273767	8	6	3	0	2	7	1	3330	-1350	23	57914	9	5	64	0	0	0	0	0	0	0	0	0	0	0	0	0	0	
966.278883	8	6	3	0	2	7	1	3322	-1350	23	57974	9	5	65	0	0	0	0	0	0	0	0	0	0	0	0	0	0	
967.284000	8	6	3	0	2	7	1	3312	-1351	24	58035	9	5	67	0	0	0	0	0	0	0	0	0	0	0	0	0	0	
968.270400	8	6	3	0	2	7	1	3301	-1351	23	58094	9	5	69	0	0	0	0	0	0	0	0	0	0	0	0	0	0	
969.275517	8	6	3	0	2	7	1	3289	-1349	23	58154	9	5	70	0	0	0	0	0	0	0	0	0	0	0	0	0	0	
970.282083	8	6	3	0	2	7	1	3273	-1348	23	58214	9	5	72	0	0	0	0	0	0	0	0	0	0	0	0	0	0	
971.287200	8	6	3	0	2	7	1	3253	-1349	24	58275	9	5	74	0	0	0	0	0	0	0	0	0	0	0	0	0	0	
972.273600	8	6	3	0	2	7	1	3225	-1349	23	58334	9	5	75	0	0	0	0	0	0	0	0	0	0	0	0	0	0	
973.278717	8	6	3	0	2	7	1	3185	-1350	23	58394	9	5	77	0	0	0	0	0	0	0	0	0	0	0	0	0	0	
974.283833	8	6	3	0	2	7	1	3122	-1349	23	58454	9	5	79	0	0	0	0	0	0	0	0	0	0	0	0	0	0	
975.270233	8	6	3	0	2	7	1	3016	-1350	24	58514	9	5	80	0	0	0	0	0	0	0	0	0	0	0	0	0	0	
976.275367	8	6	3	0	2	7	1	2781	-1350	24	58574	9	5	82	0	0	0	0	0	0	0	0	0	0	0	0	0	0	
976.527367	8	15	3	0	1	31	2	3125	118	24	58589	11	5	82	0	0	0	0	0	0	0	0	0	0	0	0	0	0	
976.547517	8	3	3	0	1	2	2	3332	679	24	58590	11	5	82	0	0	0	0	0	0	0	0	0	0	0	0	0	0	
977.283367	8	3	3	0	1	2	2	3632	675	24	58634	11	5	82	0	0	0	0	0	0	0	0	0	0	0	0	0	0	
978.271200	8	3	3	0	1	2	2	3739	674	23	58694	11	5	82	0	0	0	0	0	0	0	0	0	0	0	0	0	0	
979.276317	8	3	3	0	1	2	2	3797	674	24	58754	11	5	82	0	0	0	0	0	0	0	0	0	0	0	0	0	0	
980.281433	8	3	3	0	1	2	2	3832	675	24	58814	11	5	82	0	0	0	0	0	0	0	0	0	0	0	0	0	0	
981.286567	8	3	3	0	1	2	2	3848	673	24	58875	11	5	82	0	0	0	0	0	0	0	0	0	0	0	0	0	0	
982.272967	8	3	3	0	1	2	2	3858	674	24	58934	11	5	82	0	0	0	0	0	0	0	0	0	0	0	0	0	0	
983.278083	8	3	3	0	1	2	2	3866	675	24	58994	11	5	82	0	0	0	0	0	0	0	0	0	0	0	0	0	0	
984.283200	8	3	3	0	1	2	2	3874	674	24	59054	11	5	82	0	0	0	0	0	0	0	0	0	0	0	0	0	0	
985.288317	8	3	3	0	1	2	2	3882	674	24	59115	11	5	82	0	0	0	0	0	0	0	0	0	0	0	0	0	0	
986.274717	8	3	3	0	1	2	2	3888	674	23	59174	11	5	82	0	0	0	0	0	0	0	0	0	0	0	0	0	0	
987.279833	8	3	3	0	1	2	2	3896	675	23	59234	11	5	82	0	0	0	0	0	0	0	0	0	0	0	0	0	0	
988.284967	8	3	3	0	1	2	2	3904	674	24	59295	11	5	82	0	0	0	0	0	0	0	0	0	0	0	0	0	0	
989.272800	8	3	3	0	1	2	2	3911	676	24	59354	11	5	82	0	0	0	0	0	0	0	0	0	0	0	0	0	0	
990.277917	8	3	3	0	1	2	2	3918	675	24	59414	11	5	82	0	0	0	0	0	0	0	0	0	0	0	0	0	0	
991.283033	8	3	3	0	1	2	2	3925	675	24	59474	11	5	82	0	0	0	0	0	0	0	0	0	0	0	0	0	0	
992.288167	8	3	3	0	1	2	2	3932	675	24	59535	11	5	82	0	0	0	0	0	0	0	0	0	0	0	0	0	0	
993.274567	8	3	3	0	1	2	2	3938	674	24	59594	11	5	82	0	0	0	0	0	0	0	0	0	0	0	0	0	0	
994.279683	8	3	3	0	1	2	2	3945	673	23	59654	11	5	82	0	0	0	0	0	0	0	0	0	0	0	0	0	0	
995.284800	8	3	3	0	1	2	2	3951	673	24	59714	11	5	82	0	0	0	0	0	0	0	0	0	0	0	0	0	0	
996.271200	8	3	3	0	1	2	2	3956	674	23	59774	11	5	82	0	0	0	0	0	0	0	0	0	0	0	0	0	0	
997.276317	8	3	3	0	1	2	2	3960	675	23	59834	11	5	82	0	0	0	0	0	0	0	0	0	0	0	0	0	0	
998.282883	8	3	3	0	1	2	2	3964	675	24	59894	11	5	82	0	0	0	0	0	0	0	0	0	0	0	0	0	0	
999.288000	8	3	3	0	1	2	2	3968	675	24	59955	11	5	82	0	0	0	0	0	0	0	0	0	0	0	0	0	0	
1000.274400	8	3	3	0	1	2	2	3971	674	24	60014	11	5	82	0	0	0	0	0	0	0	0	0	0	0	0	0	0	
1001.279517	8	3	3	0	1	2	2	3975	674	23	60074	11	5	82	0	0	0	0	0	0	0	0	0	0	0	0	0	0	
1002.284633	8	3	3	0	1	2	2	3978	674	24	60134	11	5	82	0	0	0	0	0	0	0	0	0	0	0	0	0	0	
1003.273917	8	3	3	0	1	2	2	3981	674	23	60194	11	5	82	0	0	0	0	0	0	0	0	0	0	0	0	0	0	
1004.279033	8	3	3	0	1	2	2	3984	675	24	60254	11	5	82	0	0	0	0	0	0	0	0	0	0	0	0	0	0	
1005.284167	8	3	3	0	1	2	2	3987	674	23	60314	11	5	82	0	0	0	0	0	0	0	0	0	0	0	0	0	0	
1006.290717	8	3	3	0	1	2	2	3991	675	23	60375	11	5	82	0	0	0	0	0	0	0	0	0	0	0	0	0	0	
1007.277117	8	3	3	0	1	2	2	3994	675	23	60434	11	5	82	0	0	0	0	0	0	0	0	0	0	0	0	0	0	
1008.282233	8	3	3	0	1	2	2	3998	675	23	60494	11	5	82	0	0	0	0	0	0	0	0	0	0	0	0	0	0	
1009.287367	8	3	3	0	1	2	2	4001	675	24	60554	11	5	82	0	0	0	0	0	0	0	0	0	0	0	0	0	0	
1010.273767	8	3	3	0	1	2	2	4004	674	24	60614	11	5	82	0	0	0	0	0	0	0	0	0	0	0	0	0	0	
1011.278883	8	3	3	0	1	2	2	4008	674	23	60674	11	5	82	0	0	0	0	0	0	0	0	0	0	0	0	0	0	
1012.284000	8	3	3	0	1	2	2	4010	675	23	60734	11	5	82	0	0	0	0	0	0	0	0	0	0	0	0	0	0	
1013.289117	8	3	3	0	1	2	2	4014	675	23	60795	11	5	82	0	0	0	0	0	0	0	0	0	0	0	0	0	0	
1014.275517	8	3	3	0	1	2	2	4017	674	23	60854	11	5	82	0	0	0	0	0	0	0	0	0	0	0	0	0	0	
1015.280633	8	3	3	0	1	2	2	4021	675	23	60914	11	5	82	0	0	0	0	0	0	0	0	0	0	0	0	0	0	
1016.287200	8	3	3	0	1	2	2	4024	674	23	60974	11	5	82	0	0	0	0	0	0	0	0	0	0	0	0	0	0	
1017.273600	8	3	3	0	1	2	2	4028	675	23	61034	11	5	82	0	0	0	0	0	0	0	0	0	0	0	0	0	0	
1018.278717	8	3	3	0	1	2	2	4032	674	23	61094	11	5	82	0	0	0	0	0	0	0	0	0	0	0	0	0	0	
1019.283833	8	3	3	0	1	2	2	4035	675	23	61154	11	5	82	0	0	0	0	0	0	0	0	0	0	0	0	0	0	
1020.288967	8	3	3	0	1	2	2	4038	674	23	61215	11	5	82	0	0	0	0	0	0	0	0	0	0	0	0	0	0	
1021.275367	8	3	3	0	1	2	2	4042	675	23	61274	11	5	82	0	0	0	0	0	0	0	0	0	0	0	0	0	0	
1022.280483	8	3	3	0	1	2	2	4046	675	23	61334	11	5	82	0	0	0	0	0	0	0	0	0	0	0	0	0	0	
1023.285600	8	3	3	0	1	2	2	4050	674	23	61394	11	5	82	0	0	0	0	0	0	0	0	0	0	0	0	0	0	
1024.290717	8	3	3	0	1	2	2	4053	675	23	61455	11	5	82	0	0	0	0	0	0	0	0	0	0	0	0	0	0	
1025.277117	8	3	3	0	1	2	2	4057	675	23	61514	11	5	82	0	0	0	0	0	0	0	0	0	0	0	0	0	0	
1026.282233	8	3	3	0	1	2	2	4062	674	23	61574	11	5	82	0	0	0	0	0	0	0	0	0	0	0	0	0	0	
1027.287367	8	3	3	0	1	2	2	4066	676	23	61634	11	5	82	0	0	0	0	0	0	0	0	0	0	0	0	0	0	
1028.273767	8	3	3	0	1	2	2	4070	675	23	61694	11	5	82	0	0	0	0	0	0	0	0	0	0	0	0	0	0	
1029.281767	8	3	3	0	1	2	2	4074	675	23	61754	11	5	82	0	0	0	0	0	0	0	0	0	0	0	0	0	0	
1030.286883	8	3	3	0	1	2	2	4079	675	23	61814	11	5	82	0	0	0	0	0	0	0	0	0	0	0	0	0	0	
1031.292000	8	3	3	0	1	2	2	4084	675	23	61875	11	5	82	0	0	0	0	0	0	0	0	0	0	0	0	0	0	
1032.278400	8	3	3	0	1	2	2	4088	674	23	61934	11	5	82	0	0	0	0	0	0	0	0	0	0	0	0	0	0	
1033.283517	8	3	3	0	1	2	2	4093	674	23	61994	11	5	82	0	0	0	0	0	0	0	0	0	0	0	0	0	0	
1034.288633	8	3	3	0	1	2	2	4098	674	23	62055	11	5	82	0	0	0	0	0	0	0	0	0	0	0	0	0	0	
1035.275033	8	3	3	0	1	2	2	4103	674	23	62114	11	5	82	0	0	0	0	0	0	0	0	0	0	0	0	0	0	
1036.281600	8	3	3	0	1	2	2	4109	674	23	62174	11	5	82	0	0	0	0	0	0	0	0	0	0	0	0	0	0	
1037.286717	8	3	3	0	1	2	2	4114	675	23	62234	11	5	82	0	0	0	0	0	0	0	0	0	0	0	0	0	0	
1038.291833	8	3	3	0	1	2	2	4118	669	23	62295	11	5	82	0	0	0	0	0	0	0	0	0	0	0	0	0	0	
1039.278233	8	3	3	0	1	2	2	4123	667	23	62354	11	5	82	0	0	0	0	0	0	0	0	0	0	0	0	0	0	
1040.283367	8	3	3	0	1	2	2	4128	665	23	62414	11	5	82	0	0	0	0	0	0	0	0	0	0	0	0	0	0	
1041.288483	8	3	3	0	1	2	2	4134	665	23	62474	11	5	82	0	0	0	0	0	0	0	0	0	0	0	0	0	0	
1042.274883	8	3	3	0	1	2	2	4139	665	23	62534	11	5	82	0	0	0	0	0	0	0	0	0	0	0	0	0	0	
1043.280000	8	3	3	0	1	2	2	4144	664	23	62594	11	5	82	0	0	0	0	0	0	0	0	0	0	0	0	0	0	
1044.286567	8	3	3	0	1	2	2	4150	663	23	62654	11	5	82	0	0	0	0	0	0	0	0	0	0	0	0	0	0	
1045.291683	8	3	3	0	1	2	2	4156	662	23	62715	11	5	82	0	0	0	0	0	0	0	0	0	0	0	0	0	0	
1046.278083	8	3	3	0	1	2	2	4162	662	23	62774	11	5	82	0	0	0	0	0	0	0	0	0	0	0	0	0	0	
1047.283200	8	3	3	0	1	2	2	4168	661	23	62834	11	5	82	0	0	0	0	0	0	0	0	0	0	0	0	0	0	
1048.288317	8	3	3	0	1	2	2	4174	661	24	62894	11	5	82	0	0	0	0	0	0	0	0	0	0	0	0	0	0	
1049.293433	8	3	3	0	1	2	2	4180	659	23	62955	11	5	82	0	0	0	0	0	0	0	0	0	0	0	0	0	0	
1050.279833	8	3	3	0	1	2	2	4187	659	23	63014	11	5	82	0	0	0	0	0	0	0	0	0	0	0	0	0	0	
1051.284967	8	3	3	0	1	2	2	4193	658	23	63074	11	5	82	0	0	0	0	0	0	0	0	0	0	0	0	0	0	
1052.290083	8	3	3	0	1	2	2	4199	652	23	63134	11	5	82	0	0	0	0	0	0	0	0	0	0	0	0	0	0	
1053.276483	8	3	3	0	1	2	2	4198	627	23	63194	11	5	82	0	0	0	0	0	0	0	0	0	0	0	0	0	0	
1054.283033	8	3	3	0	1	2	2	4199	605	23	63254	11	5	82	0	0	0	0	0	0	0	0	0	0	0	0	0	0	
1055.288167	8	3	3	0	1	2	2	4199	582	23	63314	11	5	82	0	0	0	0	0	0	0	0	0	0	0	0	0	0	
1056.293283	8	3	3	0	1	2	2	4198	562	23	63375	11	5	82	0	0	0	0	0	0	0	0	0	0	0	0	0	0	
1057.279683	8	3	3	0	1	2	2	4198	543	23	63434	11	5	82	0	0	0	0	0	0	0	0	0	0	0	0	0	0	
1058.284800	8	3	3	0	1	2	2	4199	524	23	63494	11	5	82	0	0	0	0	0	0	0	0	0	0	0	0	0	0	
1059.289917	8	3	3	0	1	2	2	4198	504	23	63554	11	5	82	0	0	0	0	0	0	0	0	0	0	0	0	0	0	
1060.276317	8	3	3	0	1	2	2	4199	486	23	63614	11	5	82	0	0	0	0	0	0	0	0	0	0	0	0	0	0	
1061.281433	8	3	3	0	1	2	2	4198	469	23	63674	11	5	82	0	0	0	0	0	0	0	0	0	0	0	0	0	0	
1062.286567	8	3	3	0	1	2	2	4199	452	23	63734	11	5	82	0	0	0	0	0	0	0	0	0	0	0	0	0	0	
1063.291683	8	3	3	0	1	2	2	4198	435	23	63795	11	5	82	0	0	0	0	0	0	0	0	0	0	0	0	0	0	
1064.279517	8	3	3	0	1	2	2	4199	420	23	63854	11	5	82	0	0	0	0	0	0	0	0	0	0	0	0	0	0	
1065.284633	8	3	3	0	1	2	2	4198	405	23	63914	11	5	82	0	0	0	0	0	0	0	0	0	0	0	0	0	0	
1066.289767	8	3	3	0	1	2	2	4198	389	23	63974	11	5	82	0	0	0	0	0	0	0	0	0	0	0	0	0	0	
1067.294883	8	3	3	0	1	2	2	4199	376	23	64035	11	5	82	0	0	0	0	0	0	0	0	0	0	0	0	0	0	
1068.281283	8	3	3	0	1	2	2	4199	363	23	64094	11	5	82	0	0	0	0	0	0	0	0	0	0	0	0	0	0	
1069.286400	8	3	3	0	1	2	2	4199	350	23	64154	11	5	82	0	0	0	0	0	0	0	0	0	0	0	0	0	0	
1070.291517	8	3	3	0	1	2	2	4199	337	23	64214	11	5	82	0	0	0	0	0	0	0	0	0	0	0	0	0	0	
1071.277917	8	3	3	0	1	2	2	4198	324	23	64274	11	5	82	0	0	0	0	0	0	0	0	0	0	0	0	0	0	
1072.284483	8	3	3	0	1	2	2	4199	313	23	64334	11	5	82	0	0	0	0	0	0	0	0	0	0	0	0	0	0	
1073.289600	8	3	3	0	1	2	2	4198	302	23	64394	11	5	82	0	0	0	0	0	0	0	0	0	0	0	0	0	0	
1074.294717	8	3	3	0	1	2	2	4199	292	23	64455	11	5	82	0	0	0	0	0	0	0	0	0	0	0	0	0	0	
1075.281117	8	3	3	0	1	2	2	4199	281	23	64514	11	5	82	0	0	0	0	0	0	0	0	0	0	0	0	0	0	
1076.286233	8	3	3	0	1	2	2	4198	271	23	64574	11	5	82	0	0	0	0	0	0	0	0	0	0	0	0	0	0	
1077.291367	8	3	3	0	1	2	2	4199	261	23	64634	11	5	82	0	0	0	0	0	0	0	0	0	0	0	0	0	0	
1078.277767	8	3	3	0	1	2	2	4199	253	23	64694	11	5	82	0	0	0	0	0	0	0	0	0	0	0	0	0	0	
1079.282883	8	3	3	0	1	2	2	4199	244	23	64754	11	5	82	0	0	0	0	0	0	0	0	0	0	0	0	0	0	
1080.288000	8	3	3	0	1	2	2	4199	235	23	64814	11	5	82	0	0	0	0	0	0	0	0	0	0	0	0	0	0	
1081.294567	8	3	3	0	1	2	2	4199	226	24	64875	11	5	82	0	0	0	0	0	0	0	0	0	0	0	0	0	0	
1082.280967	8	3	3	0	1	2	2	4199	218	23	64934	11	5	82	0	0	0	0	0	0	0	0	0	0	0	0	0	0	
1083.286083	8	3	3	0	1	2	2	4199	210	23	64994	11	5	82	0	0	0	0	0	0	0	0	0	0	0	0	0	0	
1084.291200	8	3	3	0	1	2	2	4198	203	23	65054	11	5	82	0	0	0	0	0	0	0	0	0	0	0	0	0	0	
1085.296317	8	3	3	0	1	2	2	4199	195	23	65115	11	5	82	0	0	0	0	0	0	0	0	0	0	0	0	0	0	
1086.282717	8	3	3	0	1	2	2	4199	189	23	65174	11	5	82	0	0	0	0	0	0	0	0	0	0	0	0	0	0	
1087.287833	8	3	3	0	1	2	2	4198	181	23	65234	11	5	82	0	0	0	0	0	0	0	0	0	0	0	0	0	0	
1088.292967	8	3	3	0	1	2	2	4198	175	23	65294	11	5	82	0	0	0	0	0	0	0	0	0	0	0	0	0	0	
1089.279367	8	3	3	0	1	2	2	4198	169	23	65354	11	5	82	0	0	0	0	0	0	0	0	0	0	0	0	0	0	
1090.285917	8	3	3	0	1	2	2	4199	164	23	65414	11	5	82	0	0	0	0	0	0	0	0	0	0	0	0	0	0	
1091.291033	8	3	3	0	1	2	2	4199	157	24	65474	11	5	82	0	0	0	0	0	0	0	0	0	0	0	0	0	0	
1092.296167	8	3	3	0	1	2	2	4198	152	23	65535	11	5	82	0	0	0	0	0	0	0	0	0	0	0	0	0	0	
1093.282567	8	3	3	0	1	2	2	4198	147	24	65594	11	5	82	0	0	0	0	0	0	0	0	0	0	0	0	0	0	
1094.287683	8	3	3	0	1	2	2	4198	141	23	65654	11	5	82	0	0	0	0	0	0	0	0	0	0	0	0	0	0	
1095.292800	8	3	3	0	1	2	2	4199	136	24	65714	11	5	82	0	0	0	0	0	0	0	0	0	0	0	0	0	0	
1096.279200	8	3	3	0	1	2	2	4198	132	23	65774	11	5	82	0	0	0	0	0	0	0	0	0	0	0	0	0	0	
1097.284317	8	3	3	0	1	2	2	4199	127	23	65834	11	5	82	0	0	0	0	0	0	0	0	0	0	0	0	0	0	
1098.290883	8	3	3	0	1	2	2	4198	123	24	65894	11	5	82	0	0	0	0	0	0	0	0	0	0	0	0	0	0	
1099.296000	8	3	3	0	1	2	2	4199	118	24	65955	11	5	82	0	0	0	0	0	0	0	0	0	0	0	0	0	0	
1100.282400	8	3	3	0	1	2	2	4198	114	24	66014	11	5	82	0	0	0	0	0	0	0	0	0	0	0	0	0	0	
1101.287517	8	3	3	0	1	2	2	4199	112	24	66074	11	5	82	0	0	0	0	0	0	0	0	0	0	0	0	0	0	
1102.292633	8	3	3	0	1	2	2	4199	107	23	66134	11	5	82	0	0	0	0	0	0	0	0	0	0	0	0	0	0	
1103.297767	8	3	3	0	1	2	2	4198	103	24	66195	11	5	82	0	0	0	0	0	0	0	0	0	0	0	0	0	0	
1104.284167	8	3	3	0	1	2	2	4198	101	24	66254	11	5	82	0	0	0	0	0	0	0	0	0	0	0	0	0	0	
1105.289283	8	3	3	0	1	2	2	4198	97	24	66314	11	5	82	0	0	0	0	0	0	0	0	0	0	0	0	0	0	
1106.295833	8	3	3	0	1	2	2	4198	94	24	66375	11	5	82	0	0	0	0	0	0	0	0	0	0	0	0	0	0	
1107.282233	8	3	3	0	1	2	2	4198	89	24	66434	11	5	82	0	0	0	0	0	0	0	0	0	0	0	0	0	0	
1108.287367	8	3	3	0	1	2	2	4198	88	24	66494	11	5	82	0	0	0	0	0	0	0	0	0	0	0	0	0	0	
1109.292483	8	3	3	0	1	2	2	4198	83	23	66554	11	5	82	0	0	0	0	0	0	0	0	0	0	0	0	0	0	
1110.297600	8	3	3	0	1	2	2	4199	81	24	66615	11	5	82	0	0	0	0	0	0	0	0	0	0	0	0	0	0	
1111.284000	8	3	3	0	1	2	2	4198	79	24	66674	11	5	82	0	0	0	0	0	0	0	0	0	0	0	0	0	0	
1112.289117	8	3	3	0	1	2	2	4198	75	24	66734	11	5	82	0	0	0	0	0	0	0	0	0	0	0	0	0	0	
1113.295683	8	3	3	0	1	2	2	4199	73	24	66794	11	5	82	0	0	0	0	0	0	0	0	0	0	0	0	0	0	
1114.282083	8	3	3	0	1	2	2	4199	72	24	66854	11	5	82	0	0	0	0	0	0	0	0	0	0	0	0	0	0	
1115.287200	8	3	3	0	1	2	2	4198	69	24	66914	11	5	82	0	0	0	0	0	0	0	0	0	0	0	0	0	0	
1115.991367	8	6	3	0	2	7	1	4112	-372	24	66956	11	6	0	0	0	0	0	0	0	0	0	0	0	0	0	0	0	
1116.293767	8	6	3	0	2	7	1	3845	-1350	24	66974	11	6	0	0	0	0	0	0	0	0	0	0	0	0	0	0	0	
1117.283033	8	6	3	0	2	7	1	3796	-1350	24	67034	11	6	2	0	0	0	0	0	0	0	0	0	0	0	0	0	0	
1118.288167	8	6	3	0	2	7	1	3767	-1350	24	67094	11	6	3	0	0	0	0	0	0	0	0	0	0	0	0	0	0	
1119.293283	8	6	3	0	2	7	1	3744	-1351	24	67154	11	6	5	0	0	0	0	0	0	0	0	0	0	0	0	0	0	
1120.299833	8	6	3	0	2	7	1	3724	-1350	24	67215	11	6	7	0	0	0	0	0	0	0	0	0	0	0	0	0	0	
1121.286233	8	6	3	0	2	7	1	3706	-1349	24	67274	11	6	8	0	0	0	0	0	0	0	0	0	0	0	0	0	0	
1122.291367	8	6	3	0	2	7	1	3688	-1349	24	67334	11	6	10	0	0	0	0	0	0	0	0	0	0	0	0	0	0	
1123.296483	8	6	3	0	2	7	1	3671	-1349	24	67395	11	6	12	0	0	0	0	0	0	0	0	0	0	0	0	0	0	
1124.282883	8	6	3	0	2	7	1	3654	-1350	24	67454	11	6	13	0	0	0	0	0	0	0	0	0	0	0	0	0	0	
1125.289433	8	6	3	0	2	7	1	3639	-1348	24	67514	11	6	15	0	0	0	0	0	0	0	0	0	0	0	0	0	0	
1126.294567	8	6	3	0	2	7	1	3623	-1349	24	67574	11	6	16	0	0	0	0	0	0	0	0	0	0	0	0	0	0	
1127.301117	8	6	3	0	2	7	1	3608	-1350	24	67635	11	6	18	0	0	0	0	0	0	0	0	0	0	0	0	0	0	
1128.287517	8	6	3	0	2	7	1	3594	-1350	24	67694	11	6	20	0	0	0	0	0	0	0	0	0	0	0	0	0	0	
1129.292633	8	6	3	0	2	7	1	3580	-1350	24	67754	11	6	21	0	0	0	0	0	0	0	0	0	0	0	0	0	0	
1130.297767	8	6	3	0	2	7	1	3566	-1349	24	67815	11	6	23	0	0	0	0	0	0	0	0	0	0	0	0	0	0	
1131.284167	8	6	3	0	2	7	1	3553	-1350	24	67874	11	6	25	0	0	0	0	0	0	0	0	0	0	0	0	0	0	
1132.289283	8	6	3	0	2	7	1	3540	-1349	24	67934	11	6	26	0	0	0	0	0	0	0	0	0	0	0	0	0	0	
1133.294400	8	6	3	0	2	7	1	3527	-1350	24	67994	11	6	28	0	0	0	0	0	0	0	0	0	0	0	0	0	0	
1134.299517	8	6	3	0	2	7	1	3515	-1349	24	68055	11	6	30	0	0	0	0	0	0	0	0	0	0	0	0	0	0	
1135.285917	8	6	3	0	2	7	1	3503	-1350	24	68114	11	6	31	0	0	0	0	0	0	0	0	0	0	0	0	0	0	
1136.291033	8	6	3	0	2	7	1	3492	-1349	24	68174	11	6	33	0	0	0	0	0	0	0	0	0	0	0	0	0	0	
1137.296167	8	6	3	0	2	7	1	3480	-1350	24	68234	11	6	35	0	0	0	0	0	0	0	0	0	0	0	0	0	0	
1138.282567	8	6	3	0	2	7	1	3469	-1352	24	68294	11	6	36	0	0	0	0	0	0	0	0	0	0	0	0	0	0	
1139.289117	8	6	3	0	2	7	1	3459	-1347	24	68354	11	6	38	0	0	0	0	0	0	0	0	0	0	0	0	0	0	
1140.294233	8	6	3	0	2	7	1	3448	-1351	24	68414	11	6	40	0	0	0	0	0	0	0	0	0	0	0	0	0	0	
1141.299367	8	6	3	0	2	7	1	3438	-1349	24	68475	11	6	41	0	0	0	0	0	0	0	0	0	0	0	0	0	0	
1142.285767	8	6	3	0	2	7	1	3429	-1350	24	68534	11	6	43	0	0	0	0	0	0	0	0	0	0	0	0	0	0	
1143.290883	8	6	3	0	2	7	1	3419	-1348	24	68594	11	6	45	0	0	0	0	0	0	0	0	0	0	0	0	0	0	
1144.296000	8	6	3	0	2	7	1	3411	-1351	24	68654	11	6	46	0	0	0	0	0	0	0	0	0	0	0	0	0	0	
1145.301117	8	6	3	0	2	7	1	3403	-1350	24	68715	11	6	48	0	0	0	0	0	0	0	0	0	0	0	0	0	0	
1146.287517	8	6	3	0	2	7	1	3395	-1350	24	68774	11	6	50	0	0	0	0	0	0	0	0	0	0	0	0	0	0	
1147.292633	8	6	3	0	2	7	1	3388	-1350	24	68834	11	6	51	0	0	0	0	0	0	0	0	0	0	0	0	0	0	
1148.297767	8	6	3	0	2	7	1	3381	-1349	24	68894	11	6	53	0	0	0	0	0	0	0	0	0	0	0	0	0	0	
1149.284167	8	6	3	0	2	7	1	3374	-1350	24	68954	11	6	54	0	0	0	0	0	0	0	0	0	0	0	0	0	0	
1150.290717	8	6	3	0	2	7	1	3368	-1349	24	69014	11	6	56	0	0	0	0	0	0	0	0	0	0	0	0	0	0	
1151.295833	8	6	3	0	2	7	1	3361	-1350	24	69074	11	6	58	0	0	0	0	0	0	0	0	0	0	0	0	0	0	
1152.285117	8	6	3	0	2	7	1	3354	-1348	24	69134	11	6	59	0	0	0	0	0	0	0	0	0	0	0	0	0	0	
1153.291683	8	6	3	0	2	7	1	3346	-1350	24	69194	11	6	61	0	0	0	0	0	0	0	0	0	0	0	0	0	0	
1154.288167	8	6	3	0	2	7	1	3339	-1350	24	69254	11	6	63	0	0	0	0	0	0	0	0	0	0	0	0	0	0	
1155.284633	8	6	3	0	2	7	1	3331	-1350	24	69314	11	6	64	0	0	0	0	0	0	0	0	0	0	0	0	0	0	
1156.298400	8	6	3	0	2	7	1	3322	-1350	24	69375	11	6	66	0	0	0	0	0	0	0	0	0	0	0	0	0	0	
1157.294883	8	6	3	0	2	7	1	3312	-1349	24	69434	11	6	68	0	0	0	0	0	0	0	0	0	0	0	0	0	0	
1158.289917	8	6	3	0	2	7	1	3300	-1350	24	69494	11	6	69	0	0	0	0	0	0	0	0	0	0	0	0	0	0	
1159.286400	8	6	3	0	2	7	1	3286	-1349	24	69554	11	6	71	0	0	0	0	0	0	0	0	0	0	0	0	0	0	
1160.300167	8	6	3	0	2	7	1	3268	-1350	24	69615	11	6	73	0	0	0	0	0	0	0	0	0	0	0	0	0	0	
1161.296633	8	6	3	0	2	7	1	3244	-1351	24	69674	11	6	75	0	0	0	0	0	0	0	0	0	0	0	0	0	0	
1162.291683	8	6	3	0	2	7	1	3210	-1348	24	69734	11	6	76	0	0	0	0	0	0	0	0	0	0	0	0	0	0	
1163.288167	8	6	3	0	2	7	1	3158	-1352	24	69794	11	6	78	0	0	0	0	0	0	0	0	0	0	0	0	0	0	
1164.301917	8	6	3	0	2	7	1	3070	-1350	24	69855	11	6	79	0	0	0	0	0	0	0	0	0	0	0	0	0	0	
1165.288317	8	6	3	0	2	7	1	2904	-1349	24	69914	11	6	81	0	0	0	0	0	0	0	0	0	0	0	0	0	0	
1165.917600	8	15	3	0	1	31	2	2876	24	24	69952	12	6	82	0	0	0	0	0	0	0	0	0	0	0	0	0	0	
1165.937767	8	3	3	0	1	2	2	3307	680	24	69953	13	6	82	0	0	0	0	0	0	0	0	0	0	0	0	0	0	
1166.297767	8	3	3	0	1	2	2	3549	676	24	69974	13	6	82	0	0	0	0	0	0	0	0	0	0	0	0	0	0	
1167.302883	8	3	3	0	1	2	2	3708	675	24	70035	13	6	82	0	0	0	0	0	0	0	0	0	0	0	0	0	0	
1168.289283	8	3	3	0	1	2	2	3776	673	24	70094	13	6	82	0	0	0	0	0	0	0	0	0	0	0	0	0	0	
1169.295833	8	3	3	0	1	2	2	3818	675	24	70154	13	6	82	0	0	0	0	0	0	0	0	0	0	0	0	0	0	
1170.300967	8	3	3	0	1	2	2	3840	675	24	70215	13	6	82	0	0	0	0	0	0	0	0	0	0	0	0	0	0	
1171.287367	8	3	3	0	1	2	2	3852	675	24	70274	13	6	82	0	0	0	0	0	0	0	0	0	0	0	0	0	0	
1172.292483	8	3	3	0	1	2	2	3861	676	24	70334	13	6	82	0	0	0	0	0	0	0	0	0	0	0	0	0	0	
1173.297600	8	3	3	0	1	2	2	3868	675	24	70394	13	6	82	0	0	0	0	0	0	0	0	0	0	0	0	0	0	
1174.302717	8	3	3	0	1	2	2	3876	674	24	70455	13	6	82	0	0	0	0	0	0	0	0	0	0	0	0	0	0	
1175.289117	8	3	3	0	1	2	2	3883	673	24	70514	13	6	82	0	0	0	0	0	0	0	0	0	0	0	0	0	0	
1176.294233	8	3	3	0	1	2	2	3891	675	24	70574	13	6	82	0	0	0	0	0	0	0	0	0	0	0	0	0	0	
1177.299367	8	3	3	0	1	2	2	3897	674	24	70634	13	6	82	0	0	0	0	0	0	0	0	0	0	0	0	0	0	
1178.287200	8	3	3	0	1	2	2	3905	675	24	70694	13	6	82	0	0	0	0	0	0	0	0	0	0	0	0	0	0	
1179.292317	8	3	3	0	1	2	2	3912	675	24	70754	13	6	82	0	0	0	0	0	0	0	0	0	0	0	0	0	0	
1180.297433	8	3	3	0	1	2	2	3920	675	24	70814	13	6	82	0	0	0	0	0	0	0	0	0	0	0	0	0	0	
1181.302567	8	3	3	0	1	2	2	3927	675	24	70875	13	6	82	0	0	0	0	0	0	0	0	0	0	0	0	0	0	
1182.288967	8	3	3	0	1	2	2	3933	675	24	70934	13	6	82	0	0	0	0	0	0	0	0	0	0	0	0	0	0	
1183.294083	8	3	3	0	1	2	2	3939	673	24	70994	13	6	82	0	0	0	0	0	0	0	0	0	0	0	0	0	0	
1184.300633	8	3	3	0	1	2	2	3945	675	24	71054	13	6	82	0	0	0	0	0	0	0	0	0	0	0	0	0	0	
1185.287033	8	3	3	0	1	2	2	3951	675	24	71114	13	6	82	0	0	0	0	0	0	0	0	0	0	0	0	0	0	
1186.292167	8	3	3	0	1	2	2	3955	674	24	71174	13	6	82	0	0	0	0	0	0	0	0	0	0	0	0	0	0	
1187.297283	8	3	3	0	1	2	2	3960	676	24	71234	13	6	82	0	0	0	0	0	0	0	0	0	0	0	0	0	0	
1188.302400	8	3	3	0	1	2	2	3964	677	24	71295	13	6	82	0	0	0	0	0	0	0	0	0	0	0	0	0	0	
1189.288800	8	3	3	0	1	2	2	3967	674	24	71354	13	6	82	0	0	0	0	0	0	0	0	0	0	0	0	0	0	
1190.293917	8	3	3	0	1	2	2	3970	674	24	71414	13	6	82	0	0	0	0	0	0	0	0	0	0	0	0	0	0	
1191.299033	8	3	3	0	1	2	2	3974	675	24	71474	13	6	82	0	0	0	0	0	0	0	0	0	0	0	0	0	0	
1192.304167	8	3	3	0	1	2	2	3976	674	24	71535	13	6	82	0	0	0	0	0	0	0	0	0	0	0	0	0	0	
1193.292000	8	3	3	0	1	2	2	3980	673	24	71594	13	6	82	0	0	0	0	0	0	0	0	0	0	0	0	0	0	
1194.297117	8	3	3	0	1	2	2	3983	675	24	71654	13	6	82	0	0	0	0	0	0	0	0	0	0	0	0	0	0	
1195.302233	8	3	3	0	1	2	2	3986	675	24	71715	13	6	82	0	0	0	0	0	0	0	0	0	0	0	0	0	0	
1196.288633	8	3	3	0	1	2	2	3990	674	24	71774	13	6	82	0	0	0	0	0	0	0	0	0	0	0	0	0	0	
1197.293767	8	3	3	0	1	2	2	3993	674	24	71834	13	6	82	0	0	0	0	0	0	0	0	0	0	0	0	0	0	
1198.298883	8	3	3	0	1	2	2	3996	674	24	71894	13	6	82	0	0	0	0	0	0	0	0	0	0	0	0	0	0	
1199.305433	8	3	3	0	1	2	2	3999	675	24	71955	13	6	82	0	0	0	0	0	0	0	0	0	0	0	0	0	0	
1200.291833	8	3	3	0	1	2	2	4003	676	24	72014	13	6	82	0	0	0	0	0	0	0	0	0	0	0	0	0	0	
1201.299833	8	3	3	0	1	2	2	4006	673	24	72074	13	6	82	0	0	0	0	0	0	0	0	0	0	0	0	0	0	
1202.304967	8	3	3	0	1	2	2	4010	676	24	72135	13	6	82	0	0	0	0	0	0	0	0	0	0	0	0	0	0	
1203.292800	8	3	3	0	1	2	2	4013	675	24	72194	13	6	82	0	0	0	0	0	0	0	0	0	0	0	0	0	0	
1204.297917	8	3	3	0	1	2	2	4016	675	24	72254	13	6	82	0	0	0	0	0	0	0	0	0	0	0	0	0	0	
1205.303033	8	3	3	0	1	2	2	4020	675	24	72314	13	6	82	0	0	0	0	0	0	0	0	0	0	0	0	0	0	
1206.289433	8	3	3	0	1	2	2	4023	674	24	72374	13	6	82	0	0	0	0	0	0	0	0	0	0	0	0	0	0	
1207.294567	8	3	3	0	1	2	2	4026	675	24	72434	13	6	82	0	0	0	0	0	0	0	0	0	0	0	0	0	0	
1208.299683	8	3	3	0	1	2	2	4030	675	24	72494	13	6	82	0	0	0	0	0	0	0	0	0	0	0	0	0	0	
1209.304800	8	3	3	0	1	2	2	4034	676	24	72555	13	6	82	0	0	0	0	0	0	0	0	0	0	0	0	0	0	
1210.291200	8	3	3	0	1	2	2	4037	675	24	72614	13	6	82	0	0	0	0	0	0	0	0	0	0	0	0	0	0	
1211.297767	8	3	3	0	1	2	2	4040	673	24	72674	13	6	82	0	0	0	0	0	0	0	0	0	0	0	0	0	0	
1212.302883	8	3	3	0	1	2	2	4045	675	24	72734	13	6	82	0	0	0	0	0	0	0	0	0	0	0	0	0	0	
1213.289283	8	3	3	0	1	2	2	4048	675	24	72794	13	6	82	0	0	0	0	0	0	0	0	0	0	0	0	0	0	
1214.294400	8	3	3	0	1	2	2	4053	676	24	72854	13	6	82	0	0	0	0	0	0	0	0	0	0	0	0	0	0	
1215.299517	8	3	3	0	1	2	2	4056	674	24	72914	13	6	82	0	0	0	0	0	0	0	0	0	0	0	0	0	0	
1216.304633	8	3	3	0	1	2	2	4060	675	24	72975	13	6	82	0	0	0	0	0	0	0	0	0	0	0	0	0	0	
1217.291033	8	3	3	0	1	2	2	4065	675	24	73034	13	6	82	0	0	0	0	0	0	0	0	0	0	0	0	0	0	
1218.296167	8	3	3	0	1	2	2	4069	674	24	73094	13	6	82	0	0	0	0	0	0	0	0	0	0	0	0	0	0	
1219.302717	8	3	3	0	1	2	2	4074	674	24	73154	13	6	82	0	0	0	0	0	0	0	0	0	0	0	0	0	0	
1220.307833	8	3	3	0	1	2	2	4078	674	24	73215	13	6	82	0	0	0	0	0	0	0	0	0	0	0	0	0	0	
1221.294233	8	3	3	0	1	2	2	4083	675	24	73274	13	6	82	0	0	0	0	0	0	0	0	0	0	0	0	0	0	
1222.299367	8	3	3	0	1	2	2	4088	675	24	73334	13	6	82	0	0	0	0	0	0	0	0	0	0	0	0	0	0	
1223.304483	8	3	3	0	1	2	2	4093	674	24	73395	13	6	82	0	0	0	0	0	0	0	0	0	0	0	0	0	0	
1224.290883	8	3	3	0	1	2	2	4098	674	24	73454	13	6	82	0	0	0	0	0	0	0	0	0	0	0	0	0	0	
1225.297433	8	3	3	0	1	2	2	4103	675	24	73514	13	6	82	0	0	0	0	0	0	0	0	0	0	0	0	0	0	
1226.302567	8	3	3	0	1	2	2	4109	675	24	73574	13	6	82	0	0	0	0	0	0	0	0	0	0	0	0	0	0	
1227.307683	8	3	3	0	1	2	2	4114	674	24	73635	13	6	82	0	0	0	0	0	0	0	0	0	0	0	0	0	0	
1228.294083	8	3	3	0	1	2	2	4117	667	24	73694	13	6	82	0	0	0	0	0	0	0	0	0	0	0	0	0	0	
1229.299200	8	3	3	0	1	2	2	4122	666	24	73754	13	6	82	0	0	0	0	0	0	0	0	0	0	0	0	0	0	
1230.304317	8	3	3	0	1	2	2	4127	664	24	73814	13	6	82	0	0	0	0	0	0	0	0	0	0	0	0	0	0	
1231.290717	8	3	3	0	1	2	2	4133	665	24	73874	13	6	82	0	0	0	0	0	0	0	0	0	0	0	0	0	0	
1232.295833	8	3	3	0	1	2	2	4138	662	24	73934	13	6	82	0	0	0	0	0	0	0	0	0	0	0	0	0	0	
1233.302400	8	3	3	0	1	2	2	4144	662	24	73994	13	6	82	0	0	0	0	0	0	0	0	0	0	0	0	0	0	
1234.307517	8	3	3	0	1	2	2	4150	660	24	74055	13	6	82	0	0	0	0	0	0	0	0	0	0	0	0	0	0	
1235.293917	8	3	3	0	1	2	2	4156	660	24	74114	13	6	82	0	0	0	0	0	0	0	0	0	0	0	0	0	0	
1236.299033	8	3	3	0	1	2	2	4162	660	24	74174	13	6	82	0	0	0	0	0	0	0	0	0	0	0	0	0	0	
1237.304167	8	3	3	0	1	2	2	4168	657	24	74234	13	6	82	0	0	0	0	0	0	0	0	0	0	0	0	0	0	
1238.290567	8	3	3	0	1	2	2	4174	657	24	74294	13	6	82	0	0	0	0	0	0	0	0	0	0	0	0	0	0	
1239.295683	8	3	3	0	1	2	2	4180	657	24	74354	13	6	82	0	0	0	0	0	0	0	0	0	0	0	0	0	0	
1240.300800	8	3	3	0	1	2	2	4186	656	24	74414	13	6	82	0	0	0	0	0	0	0	0	0	0	0	0	0	0	
1241.307367	8	3	3	0	1	2	2	4193	655	24	74475	13	6	82	0	0	0	0	0	0	0	0	0	0	0	0	0	0	
1242.293767	8	3	3	0	1	2	2	4199	652	24	74534	13	6	82	0	0	0	0	0	0	0	0	0	0	0	0	0	0	
1243.298883	8	3	3	0	1	2	2	4198	624	24	74594	13	6	82	0	0	0	0	0	0	0	0	0	0	0	0	0	0	
1244.304000	8	3	3	0	1	2	2	4198	602	24	74654	13	6	82	0	0	0	0	0	0	0	0	0	0	0	0	0	0	
1245.309117	8	3	3	0	1	2	2	4198	579	24	74715	13	6	82	0	0	0	0	0	0	0	0	0	0	0	0	0	0	
1246.295517	8	3	3	0	1	2	2	4198	558	24	74774	13	6	82	0	0	0	0	0	0	0	0	0	0	0	0	0	0	
1247.300633	8	3	3	0	1	2	2	4199	537	24	74834	13	6	82	0	0	0	0	0	0	0	0	0	0	0	0	0	0	
1248.305767	8	3	3	0	1	2	2	4198	518	24	74895	13	6	82	0	0	0	0	0	0	0	0	0	0	0	0	0	0	
1249.293600	8	3	3	0	1	2	2	4199	499	24	74954	13	6	82	0	0	0	0	0	0	0	0	0	0	0	0	0	0	
1250.298717	8	3	3	0	1	2	2	4199	482	24	75014	13	6	82	0	0	0	0	0	0	0	0	0	0	0	0	0	0	
1251.305283	8	3	3	0	1	2	2	4198	463	24	75074	13	6	82	0	0	0	0	0	0	0	0	0	0	0	0	0	0	
1252.291683	8	3	3	0	1	2	2	4198	447	24	75134	13	6	82	0	0	0	0	0	0	0	0	0	0	0	0	0	0	
1253.298233	8	3	3	0	1	2	2	4199	430	24	75194	13	6	82	0	0	0	0	0	0	0	0	0	0	0	0	0	0	
1254.303367	8	3	3	0	1	2	2	4199	414	24	75254	13	6	82	0	0	0	0	0	0	0	0	0	0	0	0	0	0	
1255.308483	8	3	3	0	1	2	2	4198	399	24	75315	13	6	82	0	0	0	0	0	0	0	0	0	0	0	0	0	0	
1256.294883	8	3	3	0	1	2	2	4198	385	24	75374	13	6	82	0	0	0	0	0	0	0	0	0	0	0	0	0	0	
1257.300000	8	3	3	0	1	2	2	4199	371	24	75434	13	6	82	0	0	0	0	0	0	0	0	0	0	0	0	0	0	
1258.305117	8	3	3	0	1	2	2	4198	357	24	75494	13	6	82	0	0	0	0	0	0	0	0	0	0	0	0	0	0	
1259.310233	8	3	3	0	1	2	2	4198	344	24	75555	13	6	82	0	0	0	0	0	0	0	0	0	0	0	0	0	0	
1260.296633	8	3	3	0	1	2	2	4198	330	24	75614	13	6	82	0	0	0	0	0	0	0	0	0	0	0	0	0	0	
1261.303200	8	3	3	0	1	2	2	4198	319	24	75674	13	6	82	0	0	0	0	0	0	0	0	0	0	0	0	0	0	
1262.308317	8	3	3	0	1	2	2	4199	308	24	75735	13	6	82	0	0	0	0	0	0	0	0	0	0	0	0	0	0	
1263.294717	8	3	3	0	1	2	2	4199	297	24	75794	13	6	82	0	0	0	0	0	0	0	0	0	0	0	0	0	0	
1264.299833	8	3	3	0	1	2	2	4199	285	24	75854	13	6	82	0	0	0	0	0	0	0	0	0	0	0	0	0	0	
1265.304967	8	3	3	0	1	2	2	4198	275	24	75914	13	6	82	0	0	0	0	0	0	0	0	0	0	0	0	0	0	
1266.310083	8	3	3	0	1	2	2	4198	264	24	75975	13	6	82	0	0	0	0	0	0	0	0	0	0	0	0	0	0	
1267.296483	8	3	3	0	1	2	2	4199	255	24	76034	13	6	82	0	0	0	0	0	0	0	0	0	0	0	0	0	0	
1268.301600	8	3	3	0	1	2	2	4198	246	24	76094	13	6	82	0	0	0	0	0	0	0	0	0	0	0	0	0	0	
1269.308167	8	3	3	0	1	2	2	4198	237	24	76154	13	6	82	0	0	0	0	0	0	0	0	0	0	0	0	0	0	
1270.294567	8	3	3	0	1	2	2	4199	229	24	76214	13	6	82	0	0	0	0	0	0	0	0	0	0	0	0	0	0	
1271.299683	8	3	3	0	1	2	2	4199	221	24	76274	13	6	82	0	0	0	0	0	0	0	0	0	0	0	0	0	0	
1272.304800	8	3	3	0	1	2	2	4198	213	24	76334	13	6	82	0	0	0	0	0	0	0	0	0	0	0	0	0	0	
1273.309917	8	3	3	0	1	2	2	4198	204	24	76395	13	6	82	0	0	0	0	0	0	0	0	0	0	0	0	0	0	
1274.296317	8	3	3	0	1	2	2	4199	198	24	76454	13	6	82	0	0	0	0	0	0	0	0	0	0	0	0	0	0	
1275.301433	8	3	3	0	1	2	2	4198	190	24	76514	13	6	82	0	0	0	0	0	0	0	0	0	0	0	0	0	0	
1276.306567	8	3	3	0	1	2	2	4199	184	24	76574	13	6	82	0	0	0	0	0	0	0	0	0	0	0	0	0	0	
1277.292967	8	3	3	0	1	2	2	4198	176	24	76634	13	6	82	0	0	0	0	0	0	0	0	0	0	0	0	0	0	
1278.299517	8	3	3	0	1	2	2	4199	171	24	76694	13	6	82	0	0	0	0	0	0	0	0	0	0	0	0	0	0	
1279.304633	8	3	3	0	1	2	2	4198	164	24	76754	13	6	82	0	0	0	0	0	0	0	0	0	0	0	0	0	0	
1280.309767	8	3	3	0	1	2	2	4199	158	24	76815	13	6	82	0	0	0	0	0	0	0	0	0	0	0	0	0	0	
1281.296167	8	3	3	0	1	2	2	4199	153	24	76874	13	6	82	0	0	0	0	0	0	0	0	0	0	0	0	0	0	
1282.301283	8	3	3	0	1	2	2	4198	148	24	76934	13	6	82	0	0	0	0	0	0	0	0	0	0	0	0	0	0	
1283.306400	8	3	3	0	1	2	2	4198	142	24	76994	13	6	82	0	0	0	0	0	0	0	0	0	0	0	0	0	0	
1284.311517	8	3	3	0	1	2	2	4198	137	24	77055	13	6	82	0	0	0	0	0	0	0	0	0	0	0	0	0	0	
1285.297917	8	3	3	0	1	2	2	4199	132	24	77114	13	6	82	0	0	0	0	0	0	0	0	0	0	0	0	0	0	
1286.303033	8	3	3	0	1	2	2	4199	128	24	77174	13	6	82	0	0	0	0	0	0	0	0	0	0	0	0	0	0	
1287.309600	8	3	3	0	1	2	2	4198	124	24	77234	13	6	82	0	0	0	0	0	0	0	0	0	0	0	0	0	0	
1288.296000	8	3	3	0	1	2	2	4198	120	24	77294	13	6	82	0	0	0	0	0	0	0	0	0	0	0	0	0	0	
1289.301117	8	3	3	0	1	2	2	4198	114	24	77354	13	6	82	0	0	0	0	0	0	0	0	0	0	0	0	0	0	
1290.306233	8	3	3	0	1	2	2	4198	110	24	77414	13	6	82	0	0	0	0	0	0	0	0	0	0	0	0	0	0	
1291.311367	8	3	3	0	1	2	2	4199	107	24	77475	13	6	82	0	0	0	0	0	0	0	0	0	0	0	0	0	0	
1292.297767	8	3	3	0	1	2	2	4199	104	24	77534	13	6	82	0	0	0	0	0	0	0	0	0	0	0	0	0	0	
1293.302883	8	3	3	0	1	2	2	4198	98	24	77594	13	6	82	0	0	0	0	0	0	0	0	0	0	0	0	0	0	
1294.309433	8	3	3	0	1	2	2	4198	96	24	77654	13	6	82	0	0	0	0	0	0	0	0	0	0	0	0	0	0	
1295.295833	8	3	3	0	1	2	2	4199	92	24	77714	13	6	82	0	0	0	0	0	0	0	0	0	0	0	0	0	0	
1296.300967	8	3	3	0	1	2	2	4199	90	24	77774	13	6	82	0	0	0	0	0	0	0	0	0	0	0	0	0	0	
1297.306083	8	3	3	0	1	2	2	4198	87	24	77834	13	6	82	0	0	0	0	0	0	0	0	0	0	0	0	0	0	
1298.311200	8	3	3	0	1	2	2	4198	84	24	77895	13	6	82	0	0	0	0	0	0	0	0	0	0	0	0	0	0	
1299.297600	8	3	3	0	1	2	2	4199	82	24	77954	13	6	82	0	0	0	0	0	0	0	0	0	0	0	0	0	0	
1300.302717	8	3	3	0	1	2	2	4199	77	24	78014	13	6	82	0	0	0	0	0	0	0	0	0	0	0	0	0	0	
1301.307833	8	3	3	0	1	2	2	4198	75	24	78074	13	6	82	0	0	0	0	0	0	0	0	0	0	0	0	0	0	
1302.314400	8	3	3	0	1	2	2	4198	73	24	78135	13	6	82	0	0	0	0	0	0	0	0	0	0	0	0	0	0	
1303.300800	8	3	3	0	1	2	2	4198	70	24	78194	13	6	82	0	0	0	0	0	0	0	0	0	0	0	0	0	0	
1304.305917	8	3	3	0	1	2	2	4199	68	24	78254	13	6	82	0	0	0	0	0	0	0	0	0	0	0	0	0	0	
1304.784000	8	6	3	0	2	7	1	3913	-1258	24	78283	13	7	0	0	0	0	0	0	0	0	0	0	0	0	0	0	0	
1305.312483	8	6	3	0	2	7	1	3837	-1350	24	78315	13	7	0	0	0	0	0	0	0	0	0	0	0	0	0	0	0	
1306.298883	8	6	3	0	2	7	1	3797	-1347	24	78374	13	7	2	0	0	0	0	0	0	0	0	0	0	0	0	0	0	
1307.305433	8	6	3	0	2	7	1	3770	-1352	24	78434	13	7	4	0	0	0	0	0	0	0	0	0	0	0	0	0	0	
1308.312000	8	6	3	0	2	7	1	3748	-1347	24	78495	13	7	5	0	0	0	0	0	0	0	0	0	0	0	0	0	0	
1309.298400	8	6	3	0	2	7	1	3729	-1349	24	78554	13	7	7	0	0	0	0	0	0	0	0	0	0	0	0	0	0	
1310.303517	8	6	3	0	2	7	1	3709	-1348	24	78614	13	7	9	0	0	0	0	0	0	0	0	0	0	0	0	0	0	
1311.308633	8	6	3	0	2	7	1	3691	-1351	24	78674	13	7	10	0	0	0	0	0	0	0	0	0	0	0	0	0	0	
1312.313767	8	6	3	0	2	7	1	3673	-1351	24	78735	13	7	12	0	0	0	0	0	0	0	0	0	0	0	0	0	0	
1313.300167	8	6	3	0	2	7	1	3656	-1349	24	78794	13	7	14	0	0	0	0	0	0	0	0	0	0	0	0	0	0	
1314.305283	8	6	3	0	2	7	1	3640	-1349	24	78854	13	7	15	0	0	0	0	0	0	0	0	0	0	0	0	0	0	
1315.310400	8	6	3	0	2	7	1	3624	-1349	24	78914	13	7	17	0	0	0	0	0	0	0	0	0	0	0	0	0	0	
1316.298233	8	6	3	0	2	7	1	3609	-1349	24	78974	13	7	18	0	0	0	0	0	0	0	0	0	0	0	0	0	0	
1317.303367	8	6	3	0	2	7	1	3593	-1350	24	79034	13	7	20	0	0	0	0	0	0	0	0	0	0	0	0	0	0	
1318.308483	8	6	3	0	2	7	1	3578	-1350	24	79094	13	7	22	0	0	0	0	0	0	0	0	0	0	0	0	0	0	
1319.313600	8	6	3	0	2	7	1	3564	-1349	24	79155	13	7	23	0	0	0	0	0	0	0	0	0	0	0	0	0	0	
1320.300000	8	6	3	0	2	7	1	3551	-1349	24	79214	13	7	25	0	0	0	0	0	0	0	0	0	0	0	0	0	0	
1321.305117	8	6	3	0	2	7	1	3538	-1349	24	79274	13	7	27	0	0	0	0	0	0	0	0	0	0	0	0	0	0	
1322.311683	8	6	3	0	2	7	1	3524	-1350	24	79334	13	7	28	0	0	0	0	0	0	0	0	0	0	0	0	0	0	
1323.296633	8	6	3	0	2	7	1	3512	-1349	24	79394	13	7	30	0	0	0	0	0	0	0	0	0	0	0	0	0	0	
1324.303200	8	6	3	0	2	7	1	3500	-1348	24	79454	13	7	32	0	0	0	0	0	0	0	0	0	0	0	0	0	0	
1325.309767	8	6	3	0	2	7	1	3487	-1349	24	79514	13	7	33	0	0	0	0	0	0	0	0	0	0	0	0	0	0	
1326.314883	8	6	3	0	2	7	1	3476	-1348	24	79575	13	7	35	0	0	0	0	0	0	0	0	0	0	0	0	0	0	
1327.301283	8	6	3	0	2	7	1	3465	-1349	24	79634	13	7	37	0	0	0	0	0	0	0	0	0	0	0	0	0	0	
1328.306400	8	6	3	0	2	7	1	3455	-1349	24	79694	13	7	38	0	0	0	0	0	0	0	0	0	0	0	0	0	0	
1329.311517	8	6	3	0	2	7	1	3444	-1350	24	79754	13	7	40	0	0	0	0	0	0	0	0	0	0	0	0	0	0	
1330.297917	8	6	3	0	2	7	1	3435	-1348	25	79814	13	7	42	0	0	0	0	0	0	0	0	0	0	0	0	0	0	
1331.304483	8	6	3	0	2	7	1	3425	-1354	25	79874	13	7	43	0	0	0	0	0	0	0	0	0	0	0	0	0	0	
1332.309600	8	6	3	0	2	7	1	3416	-1350	24	79934	13	7	45	0	0	0	0	0	0	0	0	0	0	0	0	0	0	
1333.314717	8	6	3	0	2	7	1	3407	-1349	25	79995	13	7	47	0	0	0	0	0	0	0	0	0	0	0	0	0	0	
1334.301117	8	6	3	0	2	7	1	3399	-1350	25	80054	13	7	48	0	0	0	0	0	0	0	0	0	0	0	0	0	0	
1335.306233	8	6	3	0	2	7	1	3392	-1353	25	80114	13	7	50	0	0	0	0	0	0	0	0	0	0	0	0	0	0	
1336.311367	8	6	3	0	2	7	1	3385	-1351	24	80174	13	7	52	0	0	0	0	0	0	0	0	0	0	0	0	0	0	
1337.316483	8	6	3	0	2	7	1	3378	-1349	25	80235	13	7	53	0	0	0	0	0	0	0	0	0	0	0	0	0	0	
1338.302883	8	6	3	0	2	7	1	3372	-1349	25	80294	13	7	55	0	0	0	0	0	0	0	0	0	0	0	0	0	0	
1339.309433	8	6	3	0	2	7	1	3365	-1351	25	80354	13	7	57	0	0	0	0	0	0	0	0	0	0	0	0	0	0	
1340.298717	8	6	3	0	2	7	1	3359	-1350	25	80414	13	7	58	0	0	0	0	0	0	0	0	0	0	0	0	0	0	
1341.303833	8	6	3	0	2	7	1	3352	-1351	25	80474	13	7	60	0	0	0	0	0	0	0	0	0	0	0	0	0	0	
1342.308967	8	6	3	0	2	7	1	3346	-1351	25	80534	13	7	62	0	0	0	0	0	0	0	0	0	0	0	0	0	0	
1343.314083	8	6	3	0	2	7	1	3338	-1350	25	80595	13	7	63	0	0	0	0	0	0	0	0	0	0	0	0	0	0	
1344.301917	8	6	3	0	2	7	1	3330	-1350	25	80654	13	7	65	0	0	0	0	0	0	0	0	0	0	0	0	0	0	
1345.307033	8	6	3	0	2	7	1	3321	-1349	25	80714	13	7	66	0	0	0	0	0	0	0	0	0	0	0	0	0	0	
1346.312167	8	6	3	0	2	7	1	3311	-1348	25	80774	13	7	68	0	0	0	0	0	0	0	0	0	0	0	0	0	0	
1347.317283	8	6	3	0	2	7	1	3300	-1348	25	80835	13	7	70	0	0	0	0	0	0	0	0	0	0	0	0	0	0	
1348.303683	8	6	3	0	2	7	1	3286	-1349	25	80894	13	7	71	0	0	0	0	0	0	0	0	0	0	0	0	0	0	
1349.308800	8	6	3	0	2	7	1	3266	-1350	25	80954	13	7	73	0	0	0	0	0	0	0	0	0	0	0	0	0	0	
1350.313917	8	6	3	0	2	7	1	3241	-1350	25	81015	13	7	75	0	0	0	0	0	0	0	0	0	0	0	0	0	0	
1351.300317	8	6	3	0	2	7	1	3205	-1349	25	81074	13	7	76	0	0	0	0	0	0	0	0	0	0	0	0	0	0	
1352.306883	8	6	3	0	2	7	1	3148	-1350	25	81134	13	7	78	0	0	0	0	0	0	0	0	0	0	0	0	0	0	
1353.312000	8	6	3	0	2	7	1	3050	-1349	25	81194	13	7	80	0	0	0	0	0	0	0	0	0	0	0	0	0	0	
1354.317117	8	6	3	0	2	7	1	2847	-1350	25	81255	13	7	81	0	0	0	0	0	0	0	0	0	0	0	0	0	0	
1354.739033	8	15	3	0	1	31	2	2955	39	25	81280	14	7	82	0	0	0	0	0	0	0	0	0	0	0	0	0	0	
1354.759200	8	3	3	0	1	2	2	3312	679	25	81281	15	7	82	0	0	0	0	0	0	0	0	0	0	0	0	0	0	
1355.306400	8	3	3	0	1	2	2	3595	674	25	81314	15	7	82	0	0	0	0	0	0	0	0	0	0	0	0	0	0	
1356.311517	8	3	3	0	1	2	2	3723	675	25	81374	15	7	82	0	0	0	0	0	0	0	0	0	0	0	0	0	0	
1357.318083	8	3	3	0	1	2	2	3785	674	25	81435	15	7	82	0	0	0	0	0	0	0	0	0	0	0	0	0	0	
1358.304483	8	3	3	0	1	2	2	3822	676	25	81494	15	7	82	0	0	0	0	0	0	0	0	0	0	0	0	0	0	
1359.309600	8	3	3	0	1	2	2	3841	673	25	81554	15	7	82	0	0	0	0	0	0	0	0	0	0	0	0	0	0	
1360.314717	8	3	3	0	1	2	2	3852	675	25	81614	15	7	82	0	0	0	0	0	0	0	0	0	0	0	0	0	0	
1361.301117	8	3	3	0	1	2	2	3861	674	25	81674	15	7	82	0	0	0	0	0	0	0	0	0	0	0	0	0	0	
1362.306233	8	3	3	0	1	2	2	3869	676	25	81734	15	7	82	0	0	0	0	0	0	0	0	0	0	0	0	0	0	
1363.312800	8	3	3	0	1	2	2	3876	672	25	81794	15	7	82	0	0	0	0	0	0	0	0	0	0	0	0	0	0	
1364.317917	8	3	3	0	1	2	2	3884	675	25	81855	15	7	82	0	0	0	0	0	0	0	0	0	0	0	0	0	0	
1365.304317	8	3	3	0	1	2	2	3890	674	25	81914	15	7	82	0	0	0	0	0	0	0	0	0	0	0	0	0	0	
1366.309433	8	3	3	0	1	2	2	3898	675	25	81974	15	7	82	0	0	0	0	0	0	0	0	0	0	0	0	0	0	
1367.314567	8	3	3	0	1	2	2	3905	674	25	82034	15	7	82	0	0	0	0	0	0	0	0	0	0	0	0	0	0	
1368.300967	8	3	3	0	1	2	2	3912	674	25	82094	15	7	82	0	0	0	0	0	0	0	0	0	0	0	0	0	0	
1369.306083	8	3	3	0	1	2	2	3919	674	25	82154	15	7	82	0	0	0	0	0	0	0	0	0	0	0	0	0	0	
1370.311200	8	3	3	0	1	2	2	3927	675	25	82214	15	7	82	0	0	0	0	0	0	0	0	0	0	0	0	0	0	
1371.317767	8	3	3	0	1	2	2	3933	676	25	82275	15	7	82	0	0	0	0	0	0	0	0	0	0	0	0	0	0	
1372.304167	8	3	3	0	1	2	2	3939	674	25	82334	15	7	82	0	0	0	0	0	0	0	0	0	0	0	0	0	0	
1373.309283	8	3	3	0	1	2	2	3945	676	25	82394	15	7	82	0	0	0	0	0	0	0	0	0	0	0	0	0	0	
1374.314400	8	3	3	0	1	2	2	3950	674	25	82454	15	7	82	0	0	0	0	0	0	0	0	0	0	0	0	0	0	
1375.319517	8	3	3	0	1	2	2	3955	674	25	82515	15	7	82	0	0	0	0	0	0	0	0	0	0	0	0	0	0	
1376.305917	8	3	3	0	1	2	2	3959	674	25	82574	15	7	82	0	0	0	0	0	0	0	0	0	0	0	0	0	0	
1377.311033	8	3	3	0	1	2	2	3962	674	25	82634	15	7	82	0	0	0	0	0	0	0	0	0	0	0	0	0	0	
1378.316167	8	3	3	0	1	2	2	3966	675	25	82695	15	7	82	0	0	0	0	0	0	0	0	0	0	0	0	0	0	
1379.304000	8	3	3	0	1	2	2	3969	674	25	82754	15	7	82	0	0	0	0	0	0	0	0	0	0	0	0	0	0	
1380.309117	8	3	3	0	1	2	2	3973	674	25	82814	15	7	82	0	0	0	0	0	0	0	0	0	0	0	0	0	0	
1381.314233	8	3	3	0	1	2	2	3976	674	25	82874	15	7	82	0	0	0	0	0	0	0	0	0	0	0	0	0	0	
1382.319367	8	3	3	0	1	2	2	3979	674	25	82935	15	7	82	0	0	0	0	0	0	0	0	0	0	0	0	0	0	
1383.305767	8	3	3	0	1	2	2	3982	675	25	82994	15	7	82	0	0	0	0	0	0	0	0	0	0	0	0	0	0	
1384.310883	8	3	3	0	1	2	2	3986	675	25	83054	15	7	82	0	0	0	0	0	0	0	0	0	0	0	0	0	0	
1385.316000	8	3	3	0	1	2	2	3989	675	25	83114	15	7	82	0	0	0	0	0	0	0	0	0	0	0	0	0	0	
1386.302400	8	3	3	0	1	2	2	3992	674	25	83174	15	7	82	0	0	0	0	0	0	0	0	0	0	0	0	0	0	
1387.308967	8	3	3	0	1	2	2	3995	674	25	83234	15	7	82	0	0	0	0	0	0	0	0	0	0	0	0	0	0	
1388.314083	8	3	3	0	1	2	2	3998	674	25	83294	15	7	82	0	0	0	0	0	0	0	0	0	0	0	0	0	0	
1389.319200	8	3	3	0	1	2	2	4002	675	25	83355	15	7	82	0	0	0	0	0	0	0	0	0	0	0	0	0	0	
1390.305600	8	3	3	0	1	2	2	4005	674	25	83414	15	7	82	0	0	0	0	0	0	0	0	0	0	0	0	0	0	
1391.310717	8	3	3	0	1	2	2	4008	675	25	83474	15	7	82	0	0	0	0	0	0	0	0	0	0	0	0	0	0	
1392.315833	8	3	3	0	1	2	2	4012	676	25	83534	15	7	82	0	0	0	0	0	0	0	0	0	0	0	0	0	0	
1393.302233	8	3	3	0	1	2	2	4015	673	25	83594	15	7	82	0	0	0	0	0	0	0	0	0	0	0	0	0	0	
1394.308800	8	3	3	0	1	2	2	4018	673	25	83654	15	7	82	0	0	0	0	0	0	0	0	0	0	0	0	0	0	
1395.313917	8	3	3	0	1	2	2	4022	674	25	83714	15	7	82	0	0	0	0	0	0	0	0	0	0	0	0	0	0	
1396.319033	8	3	3	0	1	2	2	4026	674	25	83775	15	7	82	0	0	0	0	0	0	0	0	0	0	0	0	0	0	
1397.305433	8	3	3	0	1	2	2	4029	675	25	83834	15	7	82	0	0	0	0	0	0	0	0	0	0	0	0	0	0	
1398.310567	8	3	3	0	1	2	2	4032	674	25	83894	15	7	82	0	0	0	0	0	0	0	0	0	0	0	0	0	0	
1399.315683	8	3	3	0	1	2	2	4036	675	25	83954	15	7	82	0	0	0	0	0	0	0	0	0	0	0	0	0	0	
1400.320800	8	3	3	0	1	2	2	4040	675	25	84015	15	7	82	0	0	0	0	0	0	0	0	0	0	0	0	0	0	
1401.311517	8	3	3	0	1	2	2	4043	674	25	84074	15	7	82	0	0	0	0	0	0	0	0	0	0	0	0	0	0	
1402.316633	8	3	3	0	1	2	2	4048	675	25	84134	15	7	82	0	0	0	0	0	0	0	0	0	0	0	0	0	0	
1403.321767	8	3	3	0	1	2	2	4051	675	25	84195	15	7	82	0	0	0	0	0	0	0	0	0	0	0	0	0	0	
1404.308167	8	3	3	0	1	2	2	4056	674	25	84254	15	7	82	0	0	0	0	0	0	0	0	0	0	0	0	0	0	
1405.313283	8	3	3	0	1	2	2	4060	674	25	84314	15	7	82	0	0	0	0	0	0	0	0	0	0	0	0	0	0	
1406.318400	8	3	3	0	1	2	2	4064	675	25	84375	15	7	82	0	0	0	0	0	0	0	0	0	0	0	0	0	0	
1407.304800	8	3	3	0	1	2	2	4069	674	25	84434	15	7	82	0	0	0	0	0	0	0	0	0	0	0	0	0	0	
1408.311367	8	3	3	0	1	2	2	4073	675	25	84494	15	7	82	0	0	0	0	0	0	0	0	0	0	0	0	0	0	
1409.316483	8	3	3	0	1	2	2	4078	675	25	84554	15	7	82	0	0	0	0	0	0	0	0	0	0	0	0	0	0	
1410.321600	8	3	3	0	1	2	2	4083	674	25	84615	15	7	82	0	0	0	0	0	0	0	0	0	0	0	0	0	0	
1411.308000	8	3	3	0	1	2	2	4087	675	25	84674	15	7	82	0	0	0	0	0	0	0	0	0	0	0	0	0	0	
1412.313117	8	3	3	0	1	2	2	4092	674	25	84734	15	7	82	0	0	0	0	0	0	0	0	0	0	0	0	0	0	
1413.318233	8	3	3	0	1	2	2	4097	674	25	84794	15	7	82	0	0	0	0	0	0	0	0	0	0	0	0	0	0	
1414.304633	8	3	3	0	1	2	2	4103	675	25	84854	15	7	82	0	0	0	0	0	0	0	0	0	0	0	0	0	0	
1415.309767	8	3	3	0	1	2	2	4108	675	25	84914	15	7	82	0	0	0	0	0	0	0	0	0	0	0	0	0	0	
1416.314883	8	3	3	0	1	2	2	4113	674	25	84974	15	7	82	0	0	0	0	0	0	0	0	0	0	0	0	0	0	
1417.321433	8	3	3	0	1	2	2	4117	667	25	85035	15	7	82	0	0	0	0	0	0	0	0	0	0	0	0	0	0	
1418.307833	8	3	3	0	1	2	2	4122	664	25	85094	15	7	82	0	0	0	0	0	0	0	0	0	0	0	0	0	0	
1419.312967	8	3	3	0	1	2	2	4127	663	25	85154	15	7	82	0	0	0	0	0	0	0	0	0	0	0	0	0	0	
1420.320967	8	3	3	0	1	2	2	4132	663	25	85215	15	7	82	0	0	0	0	0	0	0	0	0	0	0	0	0	0	
1421.307367	8	3	3	0	1	2	2	4138	660	25	85274	15	7	82	0	0	0	0	0	0	0	0	0	0	0	0	0	0	
1422.312483	8	3	3	0	1	2	2	4143	661	25	85334	15	7	82	0	0	0	0	0	0	0	0	0	0	0	0	0	0	
1423.317600	8	3	3	0	1	2	2	4149	659	25	85394	15	7	82	0	0	0	0	0	0	0	0	0	0	0	0	0	0	
1424.324167	8	3	3	0	1	2	2	4155	659	25	85455	15	7	82	0	0	0	0	0	0	0	0	0	0	0	0	0	0	
1425.310567	8	3	3	0	1	2	2	4160	656	25	85514	15	7	82	0	0	0	0	0	0	0	0	0	0	0	0	0	0	
1426.315683	8	3	3	0	1	2	2	4167	656	25	85574	15	7	82	0	0	0	0	0	0	0	0	0	0	0	0	0	0	
1427.320800	8	3	3	0	1	2	2	4173	655	25	85635	15	7	82	0	0	0	0	0	0	0	0	0	0	0	0	0	0	
1428.307200	8	3	3	0	1	2	2	4179	654	25	85694	15	7	82	0	0	0	0	0	0	0	0	0	0	0	0	0	0	
1429.312317	8	3	3	0	1	2	2	4185	652	25	85754	15	7	82	0	0	0	0	0	0	0	0	0	0	0	0	0	0	
1430.317433	8	3	3	0	1	2	2	4191	651	25	85814	15	7	82	0	0	0	0	0	0	0	0	0	0	0	0	0	0	
1431.322567	8	3	3	0	1	2	2	4198	650	25	85875	15	7	82	0	0	0	0	0	0	0	0	0	0	0	0	0	0	
1432.308967	8	3	3	0	1	2	2	4198	626	25	85934	15	7	82	0	0	0	0	0	0	0	0	0	0	0	0	0	0	
1433.315517	8	3	3	0	1	2	2	4198	603	25	85994	15	7	82	0	0	0	0	0	0	0	0	0	0	0	0	0	0	
1434.320633	8	3	3	0	1	2	2	4198	580	25	86054	15	7	82	0	0	0	0	0	0	0	0	0	0	0	0	0	0	
1435.307033	8	3	3	0	1	2	2	4198	559	25	86114	15	7	82	0	0	0	0	0	0	0	0	0	0	0	0	0	0	
1436.312167	8	3	3	0	1	2	2	4198	539	25	86174	15	7	82	0	0	0	0	0	0	0	0	0	0	0	0	0	0	
1437.317283	8	3	3	0	1	2	2	4198	518	25	86234	15	7	82	0	0	0	0	0	0	0	0	0	0	0	0	0	0	
1438.322400	8	3	3	0	1	2	2	4199	499	25	86295	15	7	82	0	0	0	0	0	0	0	0	0	0	0	0	0	0	
1439.308800	8	3	3	0	1	2	2	4198	481	25	86354	15	7	82	0	0	0	0	0	0	0	0	0	0	0	0	0	0	
1440.313917	8	3	3	0	1	2	2	4198	462	25	86414	15	7	82	0	0	0	0	0	0	0	0	0	0	0	0	0	0	
1441.320483	8	3	3	0	1	2	2	4199	446	25	86474	15	7	82	0	0	0	0	0	0	0	0	0	0	0	0	0	0	
1442.325600	8	3	3	0	1	2	2	4198	430	25	86535	15	7	82	0	0	0	0	0	0	0	0	0	0	0	0	0	0	
1443.312000	8	3	3	0	1	2	2	4198	413	25	86594	15	7	82	0	0	0	0	0	0	0	0	0	0	0	0	0	0	
1444.317117	8	3	3	0	1	2	2	4198	399	25	86654	15	7	82	0	0	0	0	0	0	0	0	0	0	0	0	0	0	
1445.322233	8	3	3	0	1	2	2	4198	384	25	86715	15	7	82	0	0	0	0	0	0	0	0	0	0	0	0	0	0	
1446.308633	8	3	3	0	1	2	2	4198	371	25	86774	15	7	82	0	0	0	0	0	0	0	0	0	0	0	0	0	0	
1447.313767	8	3	3	0	1	2	2	4198	356	25	86834	15	7	82	0	0	0	0	0	0	0	0	0	0	0	0	0	0	
1448.318883	8	3	3	0	1	2	2	4198	343	25	86894	15	7	82	0	0	0	0	0	0	0	0	0	0	0	0	0	0	
1449.324000	8	3	3	0	1	2	2	4198	330	25	86955	15	7	82	0	0	0	0	0	0	0	0	0	0	0	0	0	0	
1450.310400	8	3	3	0	1	2	2	4198	318	25	87014	15	7	82	0	0	0	0	0	0	0	0	0	0	0	0	0	0	
1451.316967	8	3	3	0	1	2	2	4199	306	25	87074	15	7	82	0	0	0	0	0	0	0	0	0	0	0	0	0	0	
1452.322083	8	3	3	0	1	2	2	4199	295	25	87134	15	7	82	0	0	0	0	0	0	0	0	0	0	0	0	0	0	
1453.308483	8	3	3	0	1	2	2	4198	285	25	87194	15	7	82	0	0	0	0	0	0	0	0	0	0	0	0	0	0	
1454.313600	8	3	3	0	1	2	2	4199	274	25	87254	15	7	82	0	0	0	0	0	0	0	0	0	0	0	0	0	0	
1455.318717	8	3	3	0	1	2	2	4199	263	25	87314	15	7	82	0	0	0	0	0	0	0	0	0	0	0	0	0	0	
1456.325283	8	3	3	0	1	2	2	4198	254	25	87375	15	7	82	0	0	0	0	0	0	0	0	0	0	0	0	0	0	
1457.311683	8	3	3	0	1	2	2	4199	245	25	87434	15	7	82	0	0	0	0	0	0	0	0	0	0	0	0	0	0	
1458.316800	8	3	3	0	1	2	2	4198	236	25	87494	15	7	82	0	0	0	0	0	0	0	0	0	0	0	0	0	0	
1459.321917	8	3	3	0	1	2	2	4198	228	25	87554	15	7	82	0	0	0	0	0	0	0	0	0	0	0	0	0	0	
1460.308317	8	3	3	0	1	2	2	4199	219	25	87614	15	7	82	0	0	0	0	0	0	0	0	0	0	0	0	0	0	
1461.313433	8	3	3	0	1	2	2	4198	211	25	87674	15	7	82	0	0	0	0	0	0	0	0	0	0	0	0	0	0	
1462.318567	8	3	3	0	1	2	2	4198	203	25	87734	15	7	82	0	0	0	0	0	0	0	0	0	0	0	0	0	0	
1463.323683	8	3	3	0	1	2	2	4198	196	25	87795	15	7	82	0	0	0	0	0	0	0	0	0	0	0	0	0	0	
1464.310083	8	3	3	0	1	2	2	4199	189	25	87854	15	7	82	0	0	0	0	0	0	0	0	0	0	0	0	0	0	
1465.316633	8	3	3	0	1	2	2	4198	182	25	87914	15	7	82	0	0	0	0	0	0	0	0	0	0	0	0	0	0	
1466.321767	8	3	3	0	1	2	2	4198	175	25	87974	15	7	82	0	0	0	0	0	0	0	0	0	0	0	0	0	0	
1467.326883	8	3	3	0	1	2	2	4198	169	25	88035	15	7	82	0	0	0	0	0	0	0	0	0	0	0	0	0	0	
1468.313283	8	3	3	0	1	2	2	4198	163	24	88094	15	7	82	0	0	0	0	0	0	0	0	0	0	0	0	0	0	
1469.318400	8	3	3	0	1	2	2	4198	157	25	88154	15	7	82	0	0	0	0	0	0	0	0	0	0	0	0	0	0	
1470.323517	8	3	3	0	1	2	2	4198	151	24	88215	15	7	82	0	0	0	0	0	0	0	0	0	0	0	0	0	0	
1471.309917	8	3	3	0	1	2	2	4199	146	24	88274	15	7	82	0	0	0	0	0	0	0	0	0	0	0	0	0	0	
1472.315033	8	3	3	0	1	2	2	4198	140	24	88334	15	7	82	0	0	0	0	0	0	0	0	0	0	0	0	0	0	
1473.323033	8	3	3	0	1	2	2	4198	135	24	88394	15	7	82	0	0	0	0	0	0	0	0	0	0	0	0	0	0	
1474.309433	8	3	3	0	1	2	2	4198	132	24	88454	15	7	82	0	0	0	0	0	0	0	0	0	0	0	0	0	0	
1475.314567	8	3	3	0	1	2	2	4198	126	24	88514	15	7	82	0	0	0	0	0	0	0	0	0	0	0	0	0	0	
1476.319683	8	3	3	0	1	2	2	4199	122	24	88574	15	7	82	0	0	0	0	0	0	0	0	0	0	0	0	0	0	
1477.324800	8	3	3	0	1	2	2	4198	118	24	88635	15	7	82	0	0	0	0	0	0	0	0	0	0	0	0	0	0	
1478.312633	8	3	3	0	1	2	2	4198	112	24	88694	15	7	82	0	0	0	0	0	0	0	0	0	0	0	0	0	0	
1479.317767	8	3	3	0	1	2	2	4199	109	24	88754	15	7	82	0	0	0	0	0	0	0	0	0	0	0	0	0	0	
1480.322883	8	3	3	0	1	2	2	4199	105	24	88814	15	7	82	0	0	0	0	0	0	0	0	0	0	0	0	0	0	
1481.328000	8	3	3	0	1	2	2	4198	101	24	88875	15	7	82	0	0	0	0	0	0	0	0	0	0	0	0	0	0	
1482.314400	8	3	3	0	1	2	2	4198	99	24	88934	15	7	82	0	0	0	0	0	0	0	0	0	0	0	0	0	0	
1483.319517	8	3	3	0	1	2	2	4198	95	24	88994	15	7	82	0	0	0	0	0	0	0	0	0	0	0	0	0	0	
1484.324633	8	3	3	0	1	2	2	4199	92	24	89055	15	7	82	0	0	0	0	0	0	0	0	0	0	0	0	0	0	
1485.311033	8	3	3	0	1	2	2	4199	89	24	89114	15	7	82	0	0	0	0	0	0	0	0	0	0	0	0	0	0	
1486.317600	8	3	3	0	1	2	2	4198	86	24	89174	15	7	82	0	0	0	0	0	0	0	0	0	0	0	0	0	0	
1487.322717	8	3	3	0	1	2	2	4198	82	24	89234	15	7	82	0	0	0	0	0	0	0	0	0	0	0	0	0	0	
1488.327833	8	3	3	0	1	2	2	4198	79	24	89295	15	7	82	0	0	0	0	0	0	0	0	0	0	0	0	0	0	
1489.314233	8	3	3	0	1	2	2	4198	77	24	89354	15	7	82	0	0	0	0	0	0	0	0	0	0	0	0	0	0	
1490.319367	8	3	3	0	1	2	2	4198	74	24	89414	15	7	82	0	0	0	0	0	0	0	0	0	0	0	0	0	0	
1491.324483	8	3	3	0	1	2	2	4198	72	24	89474	15	7	82	0	0	0	0	0	0	0	0	0	0	0	0	0	0	
1492.310883	8	3	3	0	1	2	2	4199	70	24	89534	15	7	82	0	0	0	0	0	0	0	0	0	0	0	0	0	0	
1493.241117	8	6	3	0	2	7	1	4027	-752	24	89589	15	8	0	0	0	0	0	0	0	0	0	0	0	0	0	0	0	
1493.317433	8	6	3	0	2	7	1	3876	-1350	24	89594	15	8	0	0	0	0	0	0	0	0	0	0	0	0	0	0	0	
1494.324000	8	6	3	0	2	7	1	3811	-1351	24	89654	15	8	1	0	0	0	0	0	0	0	0	0	0	0	0	0	0	
1495.310400	8	6	3	0	2	7	1	3781	-1350	24	89714	15	8	3	0	0	0	0	0	0	0	0	0	0	0	0	0	0	
1496.315517	8	6	3	0	2	7	1	3757	-1349	24	89774	15	8	5	0	0	0	0	0	0	0	0	0	0	0	0	0	0	
1497.320633	8	6	3	0	2	7	1	3736	-1349	24	89834	15	8	6	0	0	0	0	0	0	0	0	0	0	0	0	0	0	
1498.327200	8	6	3	0	2	7	1	3717	-1349	24	89895	15	8	8	0	0	0	0	0	0	0	0	0	0	0	0	0	0	
1499.313600	8	6	3	0	2	7	1	3698	-1349	24	89954	15	8	10	0	0	0	0	0	0	0	0	0	0	0	0	0	0	
1500.318717	8	6	3	0	2	7	1	3681	-1351	24	90014	15	8	11	0	0	0	0	0	0	0	0	0	0	0	0	0	0	
1501.323833	8	6	3	0	2	7	1	3664	-1350	24	90074	15	8	13	0	0	0	0	0	0	0	0	0	0	0	0	0	0	
1502.328967	8	6	3	0	2	7	1	3647	-1349	24	90135	15	8	15	0	0	0	0	0	0	0	0	0	0	0	0	0	0	
1503.315367	8	6	3	0	2	7	1	3632	-1349	24	90194	15	8	16	0	0	0	0	0	0	0	0	0	0	0	0	0	0	
1504.321917	8	6	3	0	2	7	1	3617	-1349	24	90254	15	8	18	0	0	0	0	0	0	0	0	0	0	0	0	0	0	
1505.327033	8	6	3	0	2	7	1	3602	-1350	24	90315	15	8	19	0	0	0	0	0	0	0	0	0	0	0	0	0	0	
1506.313433	8	6	3	0	2	7	1	3588	-1349	24	90374	15	8	21	0	0	0	0	0	0	0	0	0	0	0	0	0	0	
1507.318567	8	6	3	0	2	7	1	3574	-1349	24	90434	15	8	23	0	0	0	0	0	0	0	0	0	0	0	0	0	0	
1508.323683	8	6	3	0	2	7	1	3560	-1349	24	90494	15	8	24	0	0	0	0	0	0	0	0	0	0	0	0	0	0	
1509.328800	8	6	3	0	2	7	1	3547	-1350	24	90555	15	8	26	0	0	0	0	0	0	0	0	0	0	0	0	0	0	
1510.315200	8	6	3	0	2	7	1	3534	-1350	24	90614	15	8	28	0	0	0	0	0	0	0	0	0	0	0	0	0	0	
1511.320317	8	6	3	0	2	7	1	3521	-1350	24	90674	15	8	29	0	0	0	0	0	0	0	0	0	0	0	0	0	0	
1512.326883	8	6	3	0	2	7	1	3509	-1351	24	90734	15	8	31	0	0	0	0	0	0	0	0	0	0	0	0	0	0	
1513.313283	8	6	3	0	2	7	1	3497	-1348	24	90794	15	8	33	0	0	0	0	0	0	0	0	0	0	0	0	0	0	
1514.318400	8	6	3	0	2	7	1	3485	-1349	24	90854	15	8	34	0	0	0	0	0	0	0	0	0	0	0	0	0	0	
1515.323517	8	6	3	0	2	7	1	3474	-1350	24	90914	15	8	36	0	0	0	0	0	0	0	0	0	0	0	0	0	0	
1516.328633	8	6	3	0	2	7	1	3463	-1351	24	90975	15	8	38	0	0	0	0	0	0	0	0	0	0	0	0	0	0	
1517.315033	8	6	3	0	2	7	1	3452	-1350	24	91034	15	8	39	0	0	0	0	0	0	0	0	0	0	0	0	0	0	
1518.321600	8	6	3	0	2	7	1	3442	-1349	24	91094	15	8	41	0	0	0	0	0	0	0	0	0	0	0	0	0	0	
1519.326717	8	6	3	0	2	7	1	3433	-1348	24	91154	15	8	43	0	0	0	0	0	0	0	0	0	0	0	0	0	0	
1520.313117	8	6	3	0	2	7	1	3424	-1349	24	91214	15	8	44	0	0	0	0	0	0	0	0	0	0	0	0	0	0	
1521.318233	8	6	3	0	2	7	1	3415	-1349	24	91274	15	8	46	0	0	0	0	0	0	0	0	0	0	0	0	0	0	
1522.323367	8	6	3	0	2	7	1	3407	-1350	24	91334	15	8	48	0	0	0	0	0	0	0	0	0	0	0	0	0	0	
1523.331367	8	6	3	0	2	7	1	3399	-1350	24	91395	15	8	49	0	0	0	0	0	0	0	0	0	0	0	0	0	0	
1524.317767	8	6	3	0	2	7	1	3391	-1349	24	91454	15	8	51	0	0	0	0	0	0	0	0	0	0	0	0	0	0	
1525.322883	8	6	3	0	2	7	1	3384	-1350	24	91514	15	8	53	0	0	0	0	0	0	0	0	0	0	0	0	0	0	
1526.328000	8	6	3	0	2	7	1	3378	-1348	24	91574	15	8	54	0	0	0	0	0	0	0	0	0	0	0	0	0	0	
1527.314400	8	6	3	0	2	7	1	3371	-1349	24	91634	15	8	56	0	0	0	0	0	0	0	0	0	0	0	0	0	0	
1528.319517	8	6	3	0	2	7	1	3364	-1350	24	91694	15	8	57	0	0	0	0	0	0	0	0	0	0	0	0	0	0	
1529.324633	8	6	3	0	2	7	1	3358	-1349	24	91754	15	8	59	0	0	0	0	0	0	0	0	0	0	0	0	0	0	
1530.329767	8	6	3	0	2	7	1	3351	-1349	24	91815	15	8	61	0	0	0	0	0	0	0	0	0	0	0	0	0	0	
1531.316167	8	6	3	0	2	7	1	3344	-1348	24	91874	15	8	62	0	0	0	0	0	0	0	0	0	0	0	0	0	0	
1532.322717	8	6	3	0	2	7	1	3336	-1348	24	91934	15	8	64	0	0	0	0	0	0	0	0	0	0	0	0	0	0	
1533.327833	8	6	3	0	2	7	1	3327	-1352	24	91994	15	8	66	0	0	0	0	0	0	0	0	0	0	0	0	0	0	
1534.314233	8	6	3	0	2	7	1	3318	-1348	24	92054	15	8	67	0	0	0	0	0	0	0	0	0	0	0	0	0	0	
1535.319367	8	6	3	0	2	7	1	3307	-1347	24	92114	15	8	69	0	0	0	0	0	0	0	0	0	0	0	0	0	0	
1536.324483	8	6	3	0	2	7	1	3293	-1351	24	92174	15	8	71	0	0	0	0	0	0	0	0	0	0	0	0	0	0	
1537.331033	8	6	3	0	2	7	1	3276	-1350	24	92235	15	8	72	0	0	0	0	0	0	0	0	0	0	0	0	0	0	
1538.316000	8	6	3	0	2	7	1	3253	-1350	24	92294	15	8	74	0	0	0	0	0	0	0	0	0	0	0	0	0	0	
1539.322567	8	6	3	0	2	7	1	3220	-1349	24	92354	15	8	76	0	0	0	0	0	0	0	0	0	0	0	0	0	0	
1540.327683	8	6	3	0	2	7	1	3170	-1350	24	92414	15	8	77	0	0	0	0	0	0	0	0	0	0	0	0	0	0	
1541.332800	8	6	3	0	2	7	1	3089	-1350	24	92475	15	8	79	0	0	0	0	0	0	0	0	0	0	0	0	0	0	
1542.319200	8	6	3	0	2	7	1	2938	-1349	24	92534	15	8	81	0	0	0	0	0	0	0	0	0	0	0	0	0	0	
1543.098233	8	15	3	0	1	31	2	3166	260	24	92581	17	8	82	0	0	0	0	0	0	0	0	0	0	0	0	0	0	
1543.118400	8	3	3	0	1	2	2	3340	677	24	92582	17	8	82	0	0	0	0	0	0	0	0	0	0	0	0	0	0	
1543.327200	8	3	3	0	1	2	2	3504	675	24	92594	17	8	82	0	0	0	0	0	0	0	0	0	0	0	0	0	0	
1544.333767	8	3	3	0	1	2	2	3697	674	24	92655	17	8	82	0	0	0	0	0	0	0	0	0	0	0	0	0	0	
1545.320167	8	3	3	0	1	2	2	3770	675	24	92714	17	8	82	0	0	0	0	0	0	0	0	0	0	0	0	0	0	
1546.325283	8	3	3	0	1	2	2	3814	674	24	92774	17	8	82	0	0	0	0	0	0	0	0	0	0	0	0	0	0	
1547.330400	8	3	3	0	1	2	2	3837	675	24	92835	17	8	82	0	0	0	0	0	0	0	0	0	0	0	0	0	0	
1548.316800	8	3	3	0	1	2	2	3849	674	24	92894	17	8	82	0	0	0	0	0	0	0	0	0	0	0	0	0	0	
1549.321917	8	3	3	0	1	2	2	3859	674	24	92954	17	8	82	0	0	0	0	0	0	0	0	0	0	0	0	0	0	
1550.327033	8	3	3	0	1	2	2	3867	674	24	93014	17	8	82	0	0	0	0	0	0	0	0	0	0	0	0	0	0	
1551.332167	8	3	3	0	1	2	2	3875	675	24	93075	17	8	82	0	0	0	0	0	0	0	0	0	0	0	0	0	0	
1552.318567	8	3	3	0	1	2	2	3882	676	24	93134	17	8	82	0	0	0	0	0	0	0	0	0	0	0	0	0	0	
1553.325117	8	3	3	0	1	2	2	3889	674	24	93194	17	8	82	0	0	0	0	0	0	0	0	0	0	0	0	0	0	
1554.330233	8	3	3	0	1	2	2	3896	673	24	93254	17	8	82	0	0	0	0	0	0	0	0	0	0	0	0	0	0	
1555.316633	8	3	3	0	1	2	2	3905	675	24	93314	17	8	82	0	0	0	0	0	0	0	0	0	0	0	0	0	0	
1556.321767	8	3	3	0	1	2	2	3912	674	24	93374	17	8	82	0	0	0	0	0	0	0	0	0	0	0	0	0	0	
1557.326883	8	3	3	0	1	2	2	3919	674	24	93434	17	8	82	0	0	0	0	0	0	0	0	0	0	0	0	0	0	
1558.332000	8	3	3	0	1	2	2	3926	674	24	93495	17	8	82	0	0	0	0	0	0	0	0	0	0	0	0	0	0	
1559.318400	8	3	3	0	1	2	2	3933	675	24	93554	17	8	82	0	0	0	0	0	0	0	0	0	0	0	0	0	0	
1560.327833	8	3	3	0	1	2	2	3939	674	24	93614	17	8	82	0	0	0	0	0	0	0	0	0	0	0	0	0	0	
1561.332967	8	3	3	0	1	2	2	3945	673	24	93675	17	8	82	0	0	0	0	0	0	0	0	0	0	0	0	0	0	
1562.319367	8	3	3	0	1	2	2	3950	675	24	93734	17	8	82	0	0	0	0	0	0	0	0	0	0	0	0	0	0	
1563.324483	8	3	3	0	1	2	2	3955	673	24	93794	17	8	82	0	0	0	0	0	0	0	0	0	0	0	0	0	0	
1564.331033	8	3	3	0	1	2	2	3959	675	24	93854	17	8	82	0	0	0	0	0	0	0	0	0	0	0	0	0	0	
1565.317433	8	3	3	0	1	2	2	3963	675	24	93914	17	8	82	0	0	0	0	0	0	0	0	0	0	0	0	0	0	
1566.322567	8	3	3	0	1	2	2	3966	674	24	93974	17	8	82	0	0	0	0	0	0	0	0	0	0	0	0	0	0	
1567.327683	8	3	3	0	1	2	2	3969	673	24	94034	17	8	82	0	0	0	0	0	0	0	0	0	0	0	0	0	0	
1568.332800	8	3	3	0	1	2	2	3973	674	24	94095	17	8	82	0	0	0	0	0	0	0	0	0	0	0	0	0	0	
1569.319200	8	3	3	0	1	2	2	3976	674	24	94154	17	8	82	0	0	0	0	0	0	0	0	0	0	0	0	0	0	
1570.324317	8	3	3	0	1	2	2	3979	673	23	94214	17	8	82	0	0	0	0	0	0	0	0	0	0	0	0	0	0	
1571.329433	8	3	3	0	1	2	2	3983	674	24	94274	17	8	82	0	0	0	0	0	0	0	0	0	0	0	0	0	0	
1572.336000	8	3	3	0	1	2	2	3986	675	23	94335	17	8	82	0	0	0	0	0	0	0	0	0	0	0	0	0	0	
1573.322400	8	3	3	0	1	2	2	3989	674	23	94394	17	8	82	0	0	0	0	0	0	0	0	0	0	0	0	0	0	
1574.328967	8	3	3	0	1	2	2	3993	676	24	94454	17	8	82	0	0	0	0	0	0	0	0	0	0	0	0	0	0	
1575.334083	8	3	3	0	1	2	2	3996	674	23	94515	17	8	82	0	0	0	0	0	0	0	0	0	0	0	0	0	0	
1576.320483	8	3	3	0	1	2	2	3999	674	23	94574	17	8	82	0	0	0	0	0	0	0	0	0	0	0	0	0	0	
1577.325600	8	3	3	0	1	2	2	4003	674	23	94634	17	8	82	0	0	0	0	0	0	0	0	0	0	0	0	0	0	
1578.330717	8	3	3	0	1	2	2	4006	675	23	94694	17	8	82	0	0	0	0	0	0	0	0	0	0	0	0	0	0	
1579.318567	8	3	3	0	1	2	2	4009	674	23	94754	17	8	82	0	0	0	0	0	0	0	0	0	0	0	0	0	0	
1580.323683	8	3	3	0	1	2	2	4013	675	23	94814	17	8	82	0	0	0	0	0	0	0	0	0	0	0	0	0	0	
1581.328800	8	3	3	0	1	2	2	4016	675	23	94874	17	8	82	0	0	0	0	0	0	0	0	0	0	0	0	0	0	
1582.333917	8	3	3	0	1	2	2	4020	675	23	94935	17	8	82	0	0	0	0	0	0	0	0	0	0	0	0	0	0	
1583.320317	8	3	3	0	1	2	2	4023	674	23	94994	17	8	82	0	0	0	0	0	0	0	0	0	0	0	0	0	0	
1584.325433	8	3	3	0	1	2	2	4026	674	23	95054	17	8	82	0	0	0	0	0	0	0	0	0	0	0	0	0	0	
1585.330567	8	3	3	0	1	2	2	4030	675	23	95114	17	8	82	0	0	0	0	0	0	0	0	0	0	0	0	0	0	
1586.335683	8	3	3	0	1	2	2	4033	675	23	95175	17	8	82	0	0	0	0	0	0	0	0	0	0	0	0	0	0	
1587.323517	8	3	3	0	1	2	2	4037	674	23	95234	17	8	82	0	0	0	0	0	0	0	0	0	0	0	0	0	0	
1588.328633	8	3	3	0	1	2	2	4041	675	23	95294	17	8	82	0	0	0	0	0	0	0	0	0	0	0	0	0	0	
1589.333767	8	3	3	0	1	2	2	4044	673	23	95355	17	8	82	0	0	0	0	0	0	0	0	0	0	0	0	0	0	
1590.320167	8	3	3	0	1	2	2	4048	675	23	95414	17	8	82	0	0	0	0	0	0	0	0	0	0	0	0	0	0	
1591.325283	8	3	3	0	1	2	2	4052	674	23	95474	17	8	82	0	0	0	0	0	0	0	0	0	0	0	0	0	0	
1592.330400	8	3	3	0	1	2	2	4057	674	23	95534	17	8	82	0	0	0	0	0	0	0	0	0	0	0	0	0	0	
1593.335517	8	3	3	0	1	2	2	4061	675	23	95595	17	8	82	0	0	0	0	0	0	0	0	0	0	0	0	0	0	
1594.321917	8	3	3	0	1	2	2	4065	675	23	95654	17	8	82	0	0	0	0	0	0	0	0	0	0	0	0	0	0	
1595.328483	8	3	3	0	1	2	2	4070	675	23	95714	17	8	82	0	0	0	0	0	0	0	0	0	0	0	0	0	0	
1596.333600	8	3	3	0	1	2	2	4075	675	23	95774	17	8	82	0	0	0	0	0	0	0	0	0	0	0	0	0	0	
1597.322883	8	3	3	0	1	2	2	4079	674	23	95834	17	8	82	0	0	0	0	0	0	0	0	0	0	0	0	0	0	
1598.328000	8	3	3	0	1	2	2	4084	674	23	95894	17	8	82	0	0	0	0	0	0	0	0	0	0	0	0	0	0	
1599.333117	8	3	3	0	1	2	2	4088	674	23	95955	17	8	82	0	0	0	0	0	0	0	0	0	0	0	0	0	0	
1600.319517	8	3	3	0	1	2	2	4094	675	23	96014	17	8	82	0	0	0	0	0	0	0	0	0	0	0	0	0	0	
1601.326083	8	3	3	0	1	2	2	4099	675	23	96074	17	8	82	0	0	0	0	0	0	0	0	0	0	0	0	0	0	
1602.331200	8	3	3	0	1	2	2	4104	674	23	96134	17	8	82	0	0	0	0	0	0	0	0	0	0	0	0	0	0	
1603.336317	8	3	3	0	1	2	2	4109	673	23	96195	17	8	82	0	0	0	0	0	0	0	0	0	0	0	0	0	0	
1604.322717	8	3	3	0	1	2	2	4115	674	23	96254	17	8	82	0	0	0	0	0	0	0	0	0	0	0	0	0	0	
1605.327833	8	3	3	0	1	2	2	4118	667	23	96314	17	8	82	0	0	0	0	0	0	0	0	0	0	0	0	0	0	
1606.332967	8	3	3	0	1	2	2	4123	666	23	96374	17	8	82	0	0	0	0	0	0	0	0	0	0	0	0	0	0	
1607.319367	8	3	3	0	1	2	2	4128	664	23	96434	17	8	82	0	0	0	0	0	0	0	0	0	0	0	0	0	0	
1608.324483	8	3	3	0	1	2	2	4133	664	23	96494	17	8	82	0	0	0	0	0	0	0	0	0	0	0	0	0	0	
1609.331033	8	3	3	0	1	2	2	4139	662	23	96554	17	8	82	0	0	0	0	0	0	0	0	0	0	0	0	0	0	
1610.336167	8	3	3	0	1	2	2	4145	661	23	96615	17	8	82	0	0	0	0	0	0	0	0	0	0	0	0	0	0	
1611.322567	8	3	3	0	1	2	2	4150	660	23	96674	17	8	82	0	0	0	0	0	0	0	0	0	0	0	0	0	0	
1612.327683	8	3	3	0	1	2	2	4156	659	23	96734	17	8	82	0	0	0	0	0	0	0	0	0	0	0	0	0	0	
1613.332800	8	3	3	0	1	2	2	4163	659	23	96794	17	8	82	0	0	0	0	0	0	0	0	0	0	0	0	0	0	
1614.337917	8	3	3	0	1	2	2	4169	659	23	96855	17	8	82	0	0	0	0	0	0	0	0	0	0	0	0	0	0	
1615.325767	8	3	3	0	1	2	2	4174	656	23	96914	17	8	82	0	0	0	0	0	0	0	0	0	0	0	0	0	0	
1616.330883	8	3	3	0	1	2	2	4181	655	23	96974	17	8	82	0	0	0	0	0	0	0	0	0	0	0	0	0	0	
1617.336000	8	3	3	0	1	2	2	4187	655	23	97035	17	8	82	0	0	0	0	0	0	0	0	0	0	0	0	0	0	
1618.322400	8	3	3	0	1	2	2	4193	654	23	97094	17	8	82	0	0	0	0	0	0	0	0	0	0	0	0	0	0	
1619.327517	8	3	3	0	1	2	2	4198	645	23	97154	17	8	82	0	0	0	0	0	0	0	0	0	0	0	0	0	0	
1620.332633	8	3	3	0	1	2	2	4198	620	23	97214	17	8	82	0	0	0	0	0	0	0	0	0	0	0	0	0	0	
1621.337767	8	3	3	0	1	2	2	4198	597	23	97275	17	8	82	0	0	0	0	0	0	0	0	0	0	0	0	0	0	
1622.325600	8	3	3	0	1	2	2	4198	576	23	97334	17	8	82	0	0	0	0	0	0	0	0	0	0	0	0	0	0	
1623.330717	8	3	3	0	1	2	2	4199	554	23	97394	17	8	82	0	0	0	0	0	0	0	0	0	0	0	0	0	0	
1624.335833	8	3	3	0	1	2	2	4198	534	23	97454	17	8	82	0	0	0	0	0	0	0	0	0	0	0	0	0	0	
1625.322233	8	3	3	0	1	2	2	4199	515	23	97514	17	8	82	0	0	0	0	0	0	0	0	0	0	0	0	0	0	
1626.327367	8	3	3	0	1	2	2	4199	496	23	97574	17	8	82	0	0	0	0	0	0	0	0	0	0	0	0	0	0	
1627.332483	8	3	3	0	1	2	2	4198	478	23	97634	17	8	82	0	0	0	0	0	0	0	0	0	0	0	0	0	0	
1628.337600	8	3	3	0	1	2	2	4198	460	23	97695	17	8	82	0	0	0	0	0	0	0	0	0	0	0	0	0	0	
1629.324000	8	3	3	0	1	2	2	4199	443	23	97754	17	8	82	0	0	0	0	0	0	0	0	0	0	0	0	0	0	
1630.330567	8	3	3	0	1	2	2	4198	427	23	97814	17	8	82	0	0	0	0	0	0	0	0	0	0	0	0	0	0	
1631.335683	8	3	3	0	1	2	2	4198	411	23	97874	17	8	82	0	0	0	0	0	0	0	0	0	0	0	0	0	0	
1632.322083	8	3	3	0	1	2	2	4198	397	23	97934	17	8	82	0	0	0	0	0	0	0	0	0	0	0	0	0	0	
1633.327200	8	3	3	0	1	2	2	4199	382	23	97994	17	8	82	0	0	0	0	0	0	0	0	0	0	0	0	0	0	
1634.332317	8	3	3	0	1	2	2	4198	368	23	98054	17	8	82	0	0	0	0	0	0	0	0	0	0	0	0	0	0	
1635.337433	8	3	3	0	1	2	2	4198	355	23	98115	17	8	82	0	0	0	0	0	0	0	0	0	0	0	0	0	0	
1636.323833	8	3	3	0	1	2	2	4199	342	23	98174	17	8	82	0	0	0	0	0	0	0	0	0	0	0	0	0	0	
1637.328967	8	3	3	0	1	2	2	4198	329	23	98234	17	8	82	0	0	0	0	0	0	0	0	0	0	0	0	0	0	
1638.334083	8	3	3	0	1	2	2	4198	318	23	98294	17	8	82	0	0	0	0	0	0	0	0	0	0	0	0	0	0	
1639.339200	8	3	3	0	1	2	2	4199	306	23	98355	17	8	82	0	0	0	0	0	0	0	0	0	0	0	0	0	0	
1640.327033	8	3	3	0	1	2	2	4198	296	23	98414	17	8	82	0	0	0	0	0	0	0	0	0	0	0	0	0	0	
1641.332167	8	3	3	0	1	2	2	4198	284	23	98474	17	8	82	0	0	0	0	0	0	0	0	0	0	0	0	0	0	
1642.337283	8	3	3	0	1	2	2	4198	274	23	98534	17	8	82	0	0	0	0	0	0	0	0	0	0	0	0	0	0	
1643.323683	8	3	3	0	1	2	2	4199	264	23	98594	17	8	82	0	0	0	0	0	0	0	0	0	0	0	0	0	0	
1644.328800	8	3	3	0	1	2	2	4198	255	23	98654	17	8	82	0	0	0	0	0	0	0	0	0	0	0	0	0	0	
1645.333917	8	3	3	0	1	2	2	4198	245	23	98714	17	8	82	0	0	0	0	0	0	0	0	0	0	0	0	0	0	
1646.340483	8	3	3	0	1	2	2	4198	236	23	98775	17	8	82	0	0	0	0	0	0	0	0	0	0	0	0	0	0	
1647.326883	8	3	3	0	1	2	2	4199	229	23	98834	17	8	82	0	0	0	0	0	0	0	0	0	0	0	0	0	0	
1648.332000	8	3	3	0	1	2	2	4198	220	23	98894	17	8	82	0	0	0	0	0	0	0	0	0	0	0	0	0	0	
1649.337117	8	3	3	0	1	2	2	4198	212	23	98954	17	8	82	0	0	0	0	0	0	0	0	0	0	0	0	0	0	
1650.323517	8	3	3	0	1	2	2	4199	204	23	99014	17	8	82	0	0	0	0	0	0	0	0	0	0	0	0	0	0	
1651.328633	8	3	3	0	1	2	2	4199	196	23	99074	17	8	82	0	0	0	0	0	0	0	0	0	0	0	0	0	0	
1652.333767	8	3	3	0	1	2	2	4198	190	23	99134	17	8	82	0	0	0	0	0	0	0	0	0	0	0	0	0	0	
1653.338883	8	3	3	0	1	2	2	4198	182	23	99195	17	8	82	0	0	0	0	0	0	0	0	0	0	0	0	0	0	
1654.325283	8	3	3	0	1	2	2	4199	176	23	99254	17	8	82	0	0	0	0	0	0	0	0	0	0	0	0	0	0	
1655.331833	8	3	3	0	1	2	2	4198	169	23	99314	17	8	82	0	0	0	0	0	0	0	0	0	0	0	0	0	0	
1656.336967	8	3	3	0	1	2	2	4198	163	22	99374	17	8	82	0	0	0	0	0	0	0	0	0	0	0	0	0	0	
1657.342083	8	3	3	0	1	2	2	4199	157	23	99435	17	8	82	0	0	0	0	0	0	0	0	0	0	0	0	0	0	
1658.328483	8	3	3	0	1	2	2	4199	152	23	99494	17	8	82	0	0	0	0	0	0	0	0	0	0	0	0	0	0	
1659.333600	8	3	3	0	1	2	2	4199	147	23	99554	17	8	82	0	0	0	0	0	0	0	0	0	0	0	0	0	0	
1660.338717	8	3	3	0	1	2	2	4198	141	23	99615	17	8	82	0	0	0	0	0	0	0	0	0	0	0	0	0	0	
1661.325117	8	3	3	0	1	2	2	4198	136	23	99674	17	8	82	0	0	0	0	0	0	0	0	0	0	0	0	0	0	
1662.331683	8	3	3	0	1	2	2	4198	132	23	99734	17	8	82	0	0	0	0	0	0	0	0	0	0	0	0	0	0	
1663.336800	8	3	3	0	1	2	2	4199	127	23	99794	17	8	82	0	0	0	0	0	0	0	0	0	0	0	0	0	0	
1664.341917	8	3	3	0	1	2	2	4198	123	23	99855	17	8	82	0	0	0	0	0	0	0	0	0	0	0	0	0	0	
1665.328317	8	3	3	0	1	2	2	4198	119	23	99914	17	8	82	0	0	0	0	0	0	0	0	0	0	0	0	0	0	
1666.333433	8	3	3	0	1	2	2	4199	114	22	99974	17	8	82	0	0	0	0	0	0	0	0	0	0	0	0	0	0	
1667.338567	8	3	3	0	1	2	2	4199	111	22	100034	17	8	82	0	0	0	0	0	0	0	0	0	0	0	0	0	0	
1668.324967	8	3	3	0	1	2	2	4199	107	22	100094	17	8	82	0	0	0	0	0	0	0	0	0	0	0	0	0	0	
1669.331517	8	3	3	0	1	2	2	4199	103	22	100154	17	8	82	0	0	0	0	0	0	0	0	0	0	0	0	0	0	
1670.336633	8	3	3	0	1	2	2	4198	100	22	100214	17	8	82	0	0	0	0	0	0	0	0	0	0	0	0	0	0	
1671.341767	8	3	3	0	1	2	2	4198	97	23	100275	17	8	82	0	0	0	0	0	0	0	0	0	0	0	0	0	0	
1672.328167	8	3	3	0	1	2	2	4199	93	22	100334	17	8	82	0	0	0	0	0	0	0	0	0	0	0	0	0	0	
1673.333283	8	3	3	0	1	2	2	4198	88	22	100394	17	8	82	0	0	0	0	0	0	0	0	0	0	0	0	0	0	
1674.338400	8	3	3	0	1	2	2	4198	86	22	100454	17	8	82	0	0	0	0	0	0	0	0	0	0	0	0	0	0	
1675.324800	8	3	3	0	1	2	2	4198	84	22	100514	17	8	82	0	0	0	0	0	0	0	0	0	0	0	0	0	0	
1676.331367	8	3	3	0	1	2	2	4199	81	22	100574	17	8	82	0	0	0	0	0	0	0	0	0	0	0	0	0	0	
1677.336483	8	3	3	0	1	2	2	4198	78	22	100634	17	8	82	0	0	0	0	0	0	0	0	0	0	0	0	0	0	
1678.341600	8	3	3	0	1	2	2	4198	75	22	100695	17	8	82	0	0	0	0	0	0	0	0	0	0	0	0	0	0	
1679.328000	8	3	3	0	1	2	2	4198	73	22	100754	17	8	82	0	0	0	0	0	0	0	0	0	0	0	0	0	0	
1680.333117	8	3	3	0	1	2	2	4198	71	22	100814	17	8	82	0	0	0	0	0	0	0	0	0	0	0	0	0	0	
1681.338233	8	3	3	0	1	2	2	4199	68	22	100874	17	8	82	0	0	0	0	0	0	0	0	0	0	0	0	0	0	
1682.098567	8	6	3	0	2	7	1	3890	-1350	22	100920	17	9	0	0	0	0	0	0	0	0	0	0	0	0	0	0	0	
1682.326083	8	6	3	0	2	7	1	3859	-1350	22	100934	17	9	0	0	0	0	0	0	0	0	0	0	0	0	0	0	0	
1683.332633	8	6	3	0	2	7	1	3804	-1348	22	100994	17	9	1	0	0	0	0	0	0	0	0	0	0	0	0	0	0	
1684.337767	8	6	3	0	2	7	1	3774	-1348	22	101054	17	9	3	0	0	0	0	0	0	0	0	0	0	0	0	0	0	
1685.342883	8	6	3	0	2	7	1	3751	-1349	22	101115	17	9	5	0	0	0	0	0	0	0	0	0	0	0	0	0	0	
1686.332167	8	6	3	0	2	7	1	3730	-1349	22	101174	17	9	6	0	0	0	0	0	0	0	0	0	0	0	0	0	0	
1687.337283	8	6	3	0	2	7	1	3711	-1349	22	101234	17	9	8	0	0	0	0	0	0	0	0	0	0	0	0	0	0	
1688.343833	8	6	3	0	2	7	1	3693	-1349	22	101295	17	9	10	0	0	0	0	0	0	0	0	0	0	0	0	0	0	
1689.330233	8	6	3	0	2	7	1	3676	-1350	22	101354	17	9	11	0	0	0	0	0	0	0	0	0	0	0	0	0	0	
1690.335367	8	6	3	0	2	7	1	3658	-1350	22	101414	17	9	13	0	0	0	0	0	0	0	0	0	0	0	0	0	0	
1691.340483	8	6	3	0	2	7	1	3642	-1349	22	101474	17	9	15	0	0	0	0	0	0	0	0	0	0	0	0	0	0	
1692.326883	8	6	3	0	2	7	1	3628	-1349	22	101534	17	9	16	0	0	0	0	0	0	0	0	0	0	0	0	0	0	
1693.333433	8	6	3	0	2	7	1	3612	-1350	22	101594	17	9	18	0	0	0	0	0	0	0	0	0	0	0	0	0	0	
1694.338567	8	6	3	0	2	7	1	3597	-1349	22	101654	17	9	20	0	0	0	0	0	0	0	0	0	0	0	0	0	0	
1695.345117	8	6	3	0	2	7	1	3582	-1350	22	101715	17	9	21	0	0	0	0	0	0	0	0	0	0	0	0	0	0	
1696.331517	8	6	3	0	2	7	1	3568	-1350	22	101774	17	9	23	0	0	0	0	0	0	0	0	0	0	0	0	0	0	
1697.336633	8	6	3	0	2	7	1	3555	-1348	22	101834	17	9	25	0	0	0	0	0	0	0	0	0	0	0	0	0	0	
1698.341767	8	6	3	0	2	7	1	3542	-1350	22	101895	17	9	26	0	0	0	0	0	0	0	0	0	0	0	0	0	0	
1699.328167	8	6	3	0	2	7	1	3529	-1349	22	101954	17	9	28	0	0	0	0	0	0	0	0	0	0	0	0	0	0	
1700.333283	8	6	3	0	2	7	1	3516	-1351	22	102014	17	9	30	0	0	0	0	0	0	0	0	0	0	0	0	0	0	
1701.338400	8	6	3	0	2	7	1	3504	-1350	22	102074	17	9	31	0	0	0	0	0	0	0	0	0	0	0	0	0	0	
1702.344967	8	6	3	0	2	7	1	3492	-1350	22	102135	17	9	33	0	0	0	0	0	0	0	0	0	0	0	0	0	0	
1703.331367	8	6	3	0	2	7	1	3481	-1350	22	102194	17	9	35	0	0	0	0	0	0	0	0	0	0	0	0	0	0	
1704.336483	8	6	3	0	2	7	1	3469	-1350	22	102254	17	9	36	0	0	0	0	0	0	0	0	0	0	0	0	0	0	
1705.341600	8	6	3	0	2	7	1	3458	-1351	22	102314	17	9	38	0	0	0	0	0	0	0	0	0	0	0	0	0	0	
1706.328000	8	6	3	0	2	7	1	3448	-1349	22	102374	17	9	39	0	0	0	0	0	0	0	0	0	0	0	0	0	0	
1707.333117	8	6	3	0	2	7	1	3439	-1349	22	102434	17	9	41	0	0	0	0	0	0	0	0	0	0	0	0	0	0	
1708.338233	8	6	3	0	2	7	1	3429	-1349	22	102494	17	9	43	0	0	0	0	0	0	0	0	0	0	0	0	0	0	
1709.343367	8	6	3	0	2	7	1	3420	-1349	22	102555	17	9	44	0	0	0	0	0	0	0	0	0	0	0	0	0	0	
1710.331200	8	6	3	0	2	7	1	3412	-1350	22	102614	17	9	46	0	0	0	0	0	0	0	0	0	0	0	0	0	0	
1711.336317	8	6	3	0	2	7	1	3404	-1350	22	102674	17	9	48	0	0	0	0	0	0	0	0	0	0	0	0	0	0	
1712.341433	8	6	3	0	2	7	1	3396	-1350	22	102734	17	9	49	0	0	0	0	0	0	0	0	0	0	0	0	0	0	
1713.327833	8	6	3	0	2	7	1	3389	-1350	22	102794	17	9	51	0	0	0	0	0	0	0	0	0	0	0	0	0	0	
1714.332967	8	6	3	0	2	7	1	3382	-1349	22	102854	17	9	53	0	0	0	0	0	0	0	0	0	0	0	0	0	0	
1715.338083	8	6	3	0	2	7	1	3375	-1349	22	102914	17	9	54	0	0	0	0	0	0	0	0	0	0	0	0	0	0	
1716.346083	8	6	3	0	2	7	1	3368	-1349	22	102975	17	9	56	0	0	0	0	0	0	0	0	0	0	0	0	0	0	
1717.332483	8	6	3	0	2	7	1	3362	-1349	22	103034	17	9	58	0	0	0	0	0	0	0	0	0	0	0	0	0	0	
1718.337600	8	6	3	0	2	7	1	3355	-1351	22	103094	17	9	59	0	0	0	0	0	0	0	0	0	0	0	0	0	0	
1719.342717	8	6	3	0	2	7	1	3348	-1350	22	103154	17	9	61	0	0	0	0	0	0	0	0	0	0	0	0	0	0	
1720.329117	8	6	3	0	2	7	1	3341	-1351	22	103214	17	9	63	0	0	0	0	0	0	0	0	0	0	0	0	0	0	
1721.335683	8	6	3	0	2	7	1	3332	-1350	22	103274	17	9	64	0	0	0	0	0	0	0	0	0	0	0	0	0	0	
1722.340800	8	6	3	0	2	7	1	3323	-1349	22	103334	17	9	66	0	0	0	0	0	0	0	0	0	0	0	0	0	0	
1723.345917	8	6	3	0	2	7	1	3313	-1349	22	103395	17	9	68	0	0	0	0	0	0	0	0	0	0	0	0	0	0	
1724.332317	8	6	3	0	2	7	1	3301	-1351	22	103454	17	9	69	0	0	0	0	0	0	0	0	0	0	0	0	0	0	
1725.337433	8	6	3	0	2	7	1	3285	-1350	22	103514	17	9	71	0	0	0	0	0	0	0	0	0	0	0	0	0	0	
1726.342567	8	6	3	0	2	7	1	3265	-1349	22	103574	17	9	73	0	0	0	0	0	0	0	0	0	0	0	0	0	0	
1727.330400	8	6	3	0	2	7	1	3239	-1349	22	103634	17	9	74	0	0	0	0	0	0	0	0	0	0	0	0	0	0	
1728.335517	8	6	3	0	2	7	1	3200	-1350	22	103694	17	9	76	0	0	0	0	0	0	0	0	0	0	0	0	0	0	
1729.340633	8	6	3	0	2	7	1	3138	-1349	22	103754	17	9	77	0	0	0	0	0	0	0	0	0	0	0	0	0	0	
1730.345767	8	6	3	0	2	7	1	3032	-1350	22	103815	17	9	79	0	0	0	0	0	0	0	0	0	0	0	0	0	0	
1731.332167	8	6	3	0	2	7	1	2814	-1350	22	103874	17	9	81	0	0	0	0	0	0	0	0	0	0	0	0	0	0	
1731.679200	8	15	3	0	1	31	2	3256	513	22	103895	19	9	81	0	0	0	0	0	0	0	0	0	0	0	0	0	0	
1731.699367	8	3	3	0	1	2	2	3366	677	22	103896	19	9	81	0	0	0	0	0	0	0	0	0	0	0	0	0	0	
1732.341600	8	3	3	0	1	2	2	3635	674	22	103934	19	9	81	0	0	0	0	0	0	0	0	0	0	0	0	0	0	
1733.346717	8	3	3	0	1	2	2	3745	675	22	103995	19	9	81	0	0	0	0	0	0	0	0	0	0	0	0	0	0	
1734.333117	8	3	3	0	1	2	2	3800	675	22	104054	19	9	81	0	0	0	0	0	0	0	0	0	0	0	0	0	0	
1735.338233	8	3	3	0	1	2	2	3831	677	22	104114	19	9	81	0	0	0	0	0	0	0	0	0	0	0	0	0	0	
1736.343367	8	3	3	0	1	2	2	3846	675	22	104174	19	9	81	0	0	0	0	0	0	0	0	0	0	0	0	0	0	
1737.329767	8	3	3	0	1	2	2	3856	675	22	104234	19	9	81	0	0	0	0	0	0	0	0	0	0	0	0	0	0	
1738.336317	8	3	3	0	1	2	2	3865	674	22	104294	19	9	81	0	0	0	0	0	0	0	0	0	0	0	0	0	0	
1739.341433	8	3	3	0	1	2	2	3873	675	22	104354	19	9	81	0	0	0	0	0	0	0	0	0	0	0	0	0	0	
1740.346567	8	3	3	0	1	2	2	3881	674	22	104415	19	9	81	0	0	0	0	0	0	0	0	0	0	0	0	0	0	
1741.332967	8	3	3	0	1	2	2	3889	676	22	104474	19	9	81	0	0	0	0	0	0	0	0	0	0	0	0	0	0	
1742.338083	8	3	3	0	1	2	2	3896	675	22	104534	19	9	81	0	0	0	0	0	0	0	0	0	0	0	0	0	0	
1743.343200	8	3	3	0	1	2	2	3904	675	22	104594	19	9	81	0	0	0	0	0	0	0	0	0	0	0	0	0	0	
1744.348317	8	3	3	0	1	2	2	3911	673	22	104655	19	9	81	0	0	0	0	0	0	0	0	0	0	0	0	0	0	
1745.334717	8	3	3	0	1	2	2	3919	675	22	104714	19	9	81	0	0	0	0	0	0	0	0	0	0	0	0	0	0	
1746.341283	8	3	3	0	1	2	2	3926	674	22	104774	19	9	81	0	0	0	0	0	0	0	0	0	0	0	0	0	0	
1747.346400	8	3	3	0	1	2	2	3933	674	22	104835	19	9	81	0	0	0	0	0	0	0	0	0	0	0	0	0	0	
1748.332800	8	3	3	0	1	2	2	3939	675	22	104894	19	9	81	0	0	0	0	0	0	0	0	0	0	0	0	0	0	
1749.337917	8	3	3	0	1	2	2	3945	675	22	104954	19	9	81	0	0	0	0	0	0	0	0	0	0	0	0	0	0	
1750.343033	8	3	3	0	1	2	2	3951	673	22	105014	19	9	81	0	0	0	0	0	0	0	0	0	0	0	0	0	0	
1751.349600	8	3	3	0	1	2	2	3955	673	22	105075	19	9	81	0	0	0	0	0	0	0	0	0	0	0	0	0	0	
1752.336000	8	3	3	0	1	2	2	3959	675	22	105134	19	9	81	0	0	0	0	0	0	0	0	0	0	0	0	0	0	
1753.341117	8	3	3	0	1	2	2	3963	675	22	105194	19	9	81	0	0	0	0	0	0	0	0	0	0	0	0	0	0	
1754.346233	8	3	3	0	1	2	2	3967	676	22	105255	19	9	81	0	0	0	0	0	0	0	0	0	0	0	0	0	0	
1755.332633	8	3	3	0	1	2	2	3970	675	22	105314	19	9	81	0	0	0	0	0	0	0	0	0	0	0	0	0	0	
1756.337767	8	3	3	0	1	2	2	3974	674	22	105374	19	9	81	0	0	0	0	0	0	0	0	0	0	0	0	0	0	
1757.342883	8	3	3	0	1	2	2	3977	675	22	105434	19	9	81	0	0	0	0	0	0	0	0	0	0	0	0	0	0	
1758.349433	8	3	3	0	1	2	2	3981	674	22	105495	19	9	81	0	0	0	0	0	0	0	0	0	0	0	0	0	0	
1759.335833	8	3	3	0	1	2	2	3983	674	22	105554	19	9	81	0	0	0	0	0	0	0	0	0	0	0	0	0	0	
1760.340967	8	3	3	0	1	2	2	3987	673	22	105614	19	9	81	0	0	0	0	0	0	0	0	0	0	0	0	0	0	
1761.346083	8	3	3	0	1	2	2	3991	674	22	105674	19	9	81	0	0	0	0	0	0	0	0	0	0	0	0	0	0	
1762.332483	8	3	3	0	1	2	2	3994	675	22	105734	19	9	81	0	0	0	0	0	0	0	0	0	0	0	0	0	0	
1763.337600	8	3	3	0	1	2	2	3997	674	22	105794	19	9	81	0	0	0	0	0	0	0	0	0	0	0	0	0	0	
1764.342717	8	3	3	0	1	2	2	4001	674	22	105854	19	9	81	0	0	0	0	0	0	0	0	0	0	0	0	0	0	
1765.349283	8	3	3	0	1	2	2	4004	675	22	105915	19	9	81	0	0	0	0	0	0	0	0	0	0	0	0	0	0	
1766.335683	8	3	3	0	1	2	2	4007	674	22	105974	19	9	81	0	0	0	0	0	0	0	0	0	0	0	0	0	0	
1767.340800	8	3	3	0	1	2	2	4011	674	22	106034	19	9	81	0	0	0	0	0	0	0	0	0	0	0	0	0	0	
1768.345917	8	3	3	0	1	2	2	4014	675	22	106094	19	9	81	0	0	0	0	0	0	0	0	0	0	0	0	0	0	
1769.332317	8	3	3	0	1	2	2	4018	675	22	106154	19	9	81	0	0	0	0	0	0	0	0	0	0	0	0	0	0	
1770.337433	8	3	3	0	1	2	2	4021	675	22	106214	19	9	81	0	0	0	0	0	0	0	0	0	0	0	0	0	0	
1771.342567	8	3	3	0	1	2	2	4024	675	22	106274	19	9	81	0	0	0	0	0	0	0	0	0	0	0	0	0	0	
1772.349117	8	3	3	0	1	2	2	4027	674	22	106335	19	9	81	0	0	0	0	0	0	0	0	0	0	0	0	0	0	
1773.335517	8	3	3	0	1	2	2	4031	673	22	106394	19	9	81	0	0	0	0	0	0	0	0	0	0	0	0	0	0	
1774.340633	8	3	3	0	1	2	2	4035	674	22	106454	19	9	81	0	0	0	0	0	0	0	0	0	0	0	0	0	0	
1775.345767	8	3	3	0	1	2	2	4038	674	22	106514	19	9	81	0	0	0	0	0	0	0	0	0	0	0	0	0	0	
1776.350883	8	3	3	0	1	2	2	4042	674	22	106575	19	9	81	0	0	0	0	0	0	0	0	0	0	0	0	0	0	
1777.337283	8	3	3	0	1	2	2	4046	675	22	106634	19	9	81	0	0	0	0	0	0	0	0	0	0	0	0	0	0	
1778.342400	8	3	3	0	1	2	2	4050	675	22	106694	19	9	81	0	0	0	0	0	0	0	0	0	0	0	0	0	0	
1779.348967	8	3	3	0	1	2	2	4054	675	22	106755	19	9	81	0	0	0	0	0	0	0	0	0	0	0	0	0	0	
1780.338233	8	3	3	0	1	2	2	4058	676	22	106814	19	9	81	0	0	0	0	0	0	0	0	0	0	0	0	0	0	
1781.343367	8	3	3	0	1	2	2	4061	672	22	106874	19	9	81	0	0	0	0	0	0	0	0	0	0	0	0	0	0	
1782.348483	8	3	3	0	1	2	2	4066	675	22	106935	19	9	81	0	0	0	0	0	0	0	0	0	0	0	0	0	0	
1783.334883	8	3	3	0	1	2	2	4071	674	22	106994	19	9	81	0	0	0	0	0	0	0	0	0	0	0	0	0	0	
1784.341433	8	3	3	0	1	2	2	4075	674	22	107054	19	9	81	0	0	0	0	0	0	0	0	0	0	0	0	0	0	
1785.346567	8	3	3	0	1	2	2	4080	674	22	107114	19	9	81	0	0	0	0	0	0	0	0	0	0	0	0	0	0	
1786.351683	8	3	3	0	1	2	2	4084	674	22	107175	19	9	81	0	0	0	0	0	0	0	0	0	0	0	0	0	0	
1787.338083	8	3	3	0	1	2	2	4089	674	22	107234	19	9	81	0	0	0	0	0	0	0	0	0	0	0	0	0	0	
1788.343200	8	3	3	0	1	2	2	4095	674	22	107294	19	9	81	0	0	0	0	0	0	0	0	0	0	0	0	0	0	
1789.351200	8	3	3	0	1	2	2	4100	674	22	107355	19	9	81	0	0	0	0	0	0	0	0	0	0	0	0	0	0	
1790.337600	8	3	3	0	1	2	2	4105	674	22	107414	19	9	81	0	0	0	0	0	0	0	0	0	0	0	0	0	0	
1791.344167	8	3	3	0	1	2	2	4110	675	22	107474	19	9	81	0	0	0	0	0	0	0	0	0	0	0	0	0	0	
1792.349283	8	3	3	0	1	2	2	4116	675	22	107534	19	9	81	0	0	0	0	0	0	0	0	0	0	0	0	0	0	
1793.335683	8	3	3	0	1	2	2	4119	666	22	107594	19	9	81	0	0	0	0	0	0	0	0	0	0	0	0	0	0	
1794.340800	8	3	3	0	1	2	2	4124	666	22	107654	19	9	81	0	0	0	0	0	0	0	0	0	0	0	0	0	0	
1795.345917	8	3	3	0	1	2	2	4129	664	22	107714	19	9	81	0	0	0	0	0	0	0	0	0	0	0	0	0	0	
1796.351033	8	3	3	0	1	2	2	4135	663	22	107775	19	9	81	0	0	0	0	0	0	0	0	0	0	0	0	0	0	
1797.338883	8	3	3	0	1	2	2	4140	663	22	107834	19	9	81	0	0	0	0	0	0	0	0	0	0	0	0	0	0	
1798.344000	8	3	3	0	1	2	2	4146	663	22	107894	19	9	81	0	0	0	0	0	0	0	0	0	0	0	0	0	0	
1799.349117	8	3	3	0	1	2	2	4151	661	22	107954	19	9	81	0	0	0	0	0	0	0	0	0	0	0	0	0	0	
1800.335517	8	3	3	0	1	2	2	4157	659	22	108014	19	9	81	0	0	0	0	0	0	0	0	0	0	0	0	0	0	
1801.340633	8	3	3	0	1	2	2	4163	660	22	108074	19	9	81	0	0	0	0	0	0	0	0	0	0	0	0	0	0	
1802.345767	8	3	3	0	1	2	2	4169	659	22	108134	19	9	81	0	0	0	0	0	0	0	0	0	0	0	0	0	0	
1803.350883	8	3	3	0	1	2	2	4176	659	22	108195	19	9	81	0	0	0	0	0	0	0	0	0	0	0	0	0	0	
1804.337283	8	3	3	0	1	2	2	4182	657	22	108254	19	9	81	0	0	0	0	0	0	0	0	0	0	0	0	0	0	
1805.343833	8	3	3	0	1	2	2	4188	656	22	108314	19	9	81	0	0	0	0	0	0	0	0	0	0	0	0	0	0	
1806.348967	8	3	3	0	1	2	2	4195	657	22	108374	19	9	81	0	0	0	0	0	0	0	0	0	0	0	0	0	0	
1807.354083	8	3	3	0	1	2	2	4199	643	22	108435	19	9	81	0	0	0	0	0	0	0	0	0	0	0	0	0	0	
1808.340483	8	3	3	0	1	2	2	4199	617	22	108494	19	9	81	0	0	0	0	0	0	0	0	0	0	0	0	0	0	
1809.345600	8	3	3	0	1	2	2	4198	594	22	108554	19	9	81	0	0	0	0	0	0	0	0	0	0	0	0	0	0	
1810.350717	8	3	3	0	1	2	2	4198	573	22	108615	19	9	81	0	0	0	0	0	0	0	0	0	0	0	0	0	0	
1811.337117	8	3	3	0	1	2	2	4198	552	22	108674	19	9	81	0	0	0	0	0	0	0	0	0	0	0	0	0	0	
1812.343683	8	3	3	0	1	2	2	4198	532	22	108734	19	9	81	0	0	0	0	0	0	0	0	0	0	0	0	0	0	
1813.348800	8	3	3	0	1	2	2	4198	512	22	108794	19	9	81	0	0	0	0	0	0	0	0	0	0	0	0	0	0	
1814.353917	8	3	3	0	1	2	2	4198	493	22	108855	19	9	81	0	0	0	0	0	0	0	0	0	0	0	0	0	0	
1815.340317	8	3	3	0	1	2	2	4199	476	22	108914	19	9	81	0	0	0	0	0	0	0	0	0	0	0	0	0	0	
1816.345433	8	3	3	0	1	2	2	4198	459	22	108974	19	9	81	0	0	0	0	0	0	0	0	0	0	0	0	0	0	
1817.350567	8	3	3	0	1	2	2	4199	442	22	109034	19	9	81	0	0	0	0	0	0	0	0	0	0	0	0	0	0	
1818.336967	8	3	3	0	1	2	2	4199	426	21	109094	19	9	81	0	0	0	0	0	0	0	0	0	0	0	0	0	0	
1819.342083	8	3	3	0	1	2	2	4199	411	22	109154	19	9	81	0	0	0	0	0	0	0	0	0	0	0	0	0	0	
1820.348633	8	3	3	0	1	2	2	4198	396	22	109214	19	9	81	0	0	0	0	0	0	0	0	0	0	0	0	0	0	
1821.353767	8	3	3	0	1	2	2	4199	381	22	109275	19	9	81	0	0	0	0	0	0	0	0	0	0	0	0	0	0	
1822.340167	8	3	3	0	1	2	2	4198	367	22	109334	19	9	81	0	0	0	0	0	0	0	0	0	0	0	0	0	0	
1823.345283	8	3	3	0	1	2	2	4198	354	22	109394	19	9	81	0	0	0	0	0	0	0	0	0	0	0	0	0	0	
1824.350400	8	3	3	0	1	2	2	4199	342	22	109454	19	9	81	0	0	0	0	0	0	0	0	0	0	0	0	0	0	
1825.336800	8	3	3	0	1	2	2	4198	329	22	109514	19	9	81	0	0	0	0	0	0	0	0	0	0	0	0	0	0	
1826.343367	8	3	3	0	1	2	2	4198	317	22	109574	19	9	81	0	0	0	0	0	0	0	0	0	0	0	0	0	0	
1827.348483	8	3	3	0	1	2	2	4198	305	22	109634	19	9	81	0	0	0	0	0	0	0	0	0	0	0	0	0	0	
1828.353600	8	3	3	0	1	2	2	4199	294	22	109695	19	9	81	0	0	0	0	0	0	0	0	0	0	0	0	0	0	
1829.340000	8	3	3	0	1	2	2	4198	284	21	109754	19	9	81	0	0	0	0	0	0	0	0	0	0	0	0	0	0	
1830.345117	8	3	3	0	1	2	2	4198	273	22	109814	19	9	81	0	0	0	0	0	0	0	0	0	0	0	0	0	0	
1831.351683	8	3	3	0	1	2	2	4198	263	21	109874	19	9	81	0	0	0	0	0	0	0	0	0	0	0	0	0	0	
1832.336633	8	3	3	0	1	2	2	4198	254	22	109934	19	9	81	0	0	0	0	0	0	0	0	0	0	0	0	0	0	
1833.343200	8	3	3	0	1	2	2	4199	246	22	109994	19	9	81	0	0	0	0	0	0	0	0	0	0	0	0	0	0	
1834.348317	8	3	3	0	1	2	2	4198	236	22	110054	19	9	81	0	0	0	0	0	0	0	0	0	0	0	0	0	0	
1835.353433	8	3	3	0	1	2	2	4198	227	22	110115	19	9	81	0	0	0	0	0	0	0	0	0	0	0	0	0	0	
1836.339833	8	3	3	0	1	2	2	4198	219	21	110174	19	9	81	0	0	0	0	0	0	0	0	0	0	0	0	0	0	
1837.344967	8	3	3	0	1	2	2	4198	213	22	110234	19	9	81	0	0	0	0	0	0	0	0	0	0	0	0	0	0	
1838.350083	8	3	3	0	1	2	2	4198	204	22	110294	19	9	81	0	0	0	0	0	0	0	0	0	0	0	0	0	0	
1839.339367	8	3	3	0	1	2	2	4198	197	22	110354	19	9	81	0	0	0	0	0	0	0	0	0	0	0	0	0	0	
1840.344483	8	3	3	0	1	2	2	4198	190	22	110414	19	9	81	0	0	0	0	0	0	0	0	0	0	0	0	0	0	
1841.349600	8	3	3	0	1	2	2	4198	183	22	110474	19	9	81	0	0	0	0	0	0	0	0	0	0	0	0	0	0	
1842.354717	8	3	3	0	1	2	2	4199	177	21	110535	19	9	81	0	0	0	0	0	0	0	0	0	0	0	0	0	0	
1843.341117	8	3	3	0	1	2	2	4199	170	21	110594	19	9	81	0	0	0	0	0	0	0	0	0	0	0	0	0	0	
1844.347683	8	3	3	0	1	2	2	4198	165	21	110654	19	9	81	0	0	0	0	0	0	0	0	0	0	0	0	0	0	
1845.352800	8	3	3	0	1	2	2	4199	159	22	110714	19	9	81	0	0	0	0	0	0	0	0	0	0	0	0	0	0	
1846.339200	8	3	3	0	1	2	2	4199	153	21	110774	19	9	81	0	0	0	0	0	0	0	0	0	0	0	0	0	0	
1847.344317	8	3	3	0	1	2	2	4199	148	21	110834	19	9	81	0	0	0	0	0	0	0	0	0	0	0	0	0	0	
1848.349433	8	3	3	0	1	2	2	4198	143	21	110894	19	9	81	0	0	0	0	0	0	0	0	0	0	0	0	0	0	
1849.354567	8	3	3	0	1	2	2	4198	138	21	110955	19	9	81	0	0	0	0	0	0	0	0	0	0	0	0	0	0	
1850.340967	8	3	3	0	1	2	2	4198	132	21	111014	19	9	81	0	0	0	0	0	0	0	0	0	0	0	0	0	0	
1851.347517	8	3	3	0	1	2	2	4198	128	21	111074	19	9	81	0	0	0	0	0	0	0	0	0	0	0	0	0	0	
1852.352633	8	3	3	0	1	2	2	4198	124	21	111134	19	9	81	0	0	0	0	0	0	0	0	0	0	0	0	0	0	
1853.357767	8	3	3	0	1	2	2	4198	120	21	111195	19	9	81	0	0	0	0	0	0	0	0	0	0	0	0	0	0	
1854.344167	8	3	3	0	1	2	2	4199	115	21	111254	19	9	81	0	0	0	0	0	0	0	0	0	0	0	0	0	0	
1855.349283	8	3	3	0	1	2	2	4199	111	21	111314	19	9	81	0	0	0	0	0	0	0	0	0	0	0	0	0	0	
1856.354400	8	3	3	0	1	2	2	4198	107	21	111375	19	9	81	0	0	0	0	0	0	0	0	0	0	0	0	0	0	
1857.340800	8	3	3	0	1	2	2	4198	104	21	111434	19	9	81	0	0	0	0	0	0	0	0	0	0	0	0	0	0	
1858.345917	8	3	3	0	1	2	2	4198	99	21	111494	19	9	81	0	0	0	0	0	0	0	0	0	0	0	0	0	0	
1859.352483	8	3	3	0	1	2	2	4198	97	21	111554	19	9	81	0	0	0	0	0	0	0	0	0	0	0	0	0	0	
1860.357600	8	3	3	0	1	2	2	4199	94	21	111615	19	9	81	0	0	0	0	0	0	0	0	0	0	0	0	0	0	
1861.344000	8	3	3	0	1	2	2	4198	91	21	111674	19	9	81	0	0	0	0	0	0	0	0	0	0	0	0	0	0	
1862.349117	8	3	3	0	1	2	2	4199	89	21	111734	19	9	81	0	0	0	0	0	0	0	0	0	0	0	0	0	0	
1863.354233	8	3	3	0	1	2	2	4198	85	21	111795	19	9	81	0	0	0	0	0	0	0	0	0	0	0	0	0	0	
1864.340633	8	3	3	0	1	2	2	4199	82	21	111854	19	9	81	0	0	0	0	0	0	0	0	0	0	0	0	0	0	
1865.347200	8	3	3	0	1	2	2	4199	79	21	111914	19	9	81	0	0	0	0	0	0	0	0	0	0	0	0	0	0	
1866.352317	8	3	3	0	1	2	2	4198	77	21	111974	19	9	81	0	0	0	0	0	0	0	0	0	0	0	0	0	0	
1867.357433	8	3	3	0	1	2	2	4198	75	21	112035	19	9	81	0	0	0	0	0	0	0	0	0	0	0	0	0	0	
1868.343833	8	3	3	0	1	2	2	4199	72	21	112094	19	9	81	0	0	0	0	0	0	0	0	0	0	0	0	0	0	
1869.348967	8	3	3	0	1	2	2	4199	69	21	112154	19	9	81	0	0	0	0	0	0	0	0	0	0	0	0	0	0	
1870.354083	8	3	3	0	1	2	2	4199	68	21	112214	19	9	81	0	0	0	0	0	0	0	0	0	0	0	0	0	0	
1870.437600	8	6	3	0	2	7	1	3915	-1258	21	112219	19	10	0	0	0	0	0	0	0	0	0	0	0	0	0	0	0	
1871.343367	8	6	3	0	2	7	1	3818	-1350	21	112274	19	10	1	0	0	0	0	0	0	0	0	0	0	0	0	0	0	
1872.348483	8	6	3	0	2	7	1	3784	-1350	21	112334	19	10	3	0	0	0	0	0	0	0	0	0	0	0	0	0	0	
1873.355033	8	6	3	0	2	7	1	3759	-1350	21	112394	19	10	4	0	0	0	0	0	0	0	0	0	0	0	0	0	0	
1874.341433	8	6	3	0	2	7	1	3737	-1350	21	112454	19	10	6	0	0	0	0	0	0	0	0	0	0	0	0	0	0	
1875.346567	8	6	3	0	2	7	1	3717	-1351	21	112514	19	10	8	0	0	0	0	0	0	0	0	0	0	0	0	0	0	
1876.351683	8	6	3	0	2	7	1	3698	-1350	21	112574	19	10	9	0	0	0	0	0	0	0	0	0	0	0	0	0	0	
1877.356800	8	6	3	0	2	7	1	3680	-1349	21	112635	19	10	11	0	0	0	0	0	0	0	0	0	0	0	0	0	0	
1878.343200	8	6	3	0	2	7	1	3663	-1349	21	112694	19	10	12	0	0	0	0	0	0	0	0	0	0	0	0	0	0	
1879.348317	8	6	3	0	2	7	1	3647	-1350	21	112754	19	10	14	0	0	0	0	0	0	0	0	0	0	0	0	0	0	
1880.353433	8	6	3	0	2	7	1	3632	-1351	21	112814	19	10	16	0	0	0	0	0	0	0	0	0	0	0	0	0	0	
1881.360000	8	6	3	0	2	7	1	3616	-1350	21	112875	19	10	17	0	0	0	0	0	0	0	0	0	0	0	0	0	0	
1882.346400	8	6	3	0	2	7	1	3601	-1349	21	112934	19	10	19	0	0	0	0	0	0	0	0	0	0	0	0	0	0	
1883.351517	8	6	3	0	2	7	1	3587	-1349	21	112994	19	10	21	0	0	0	0	0	0	0	0	0	0	0	0	0	0	
1884.356633	8	6	3	0	2	7	1	3573	-1348	21	113055	19	10	22	0	0	0	0	0	0	0	0	0	0	0	0	0	0	
1885.343033	8	6	3	0	2	7	1	3559	-1350	21	113114	19	10	24	0	0	0	0	0	0	0	0	0	0	0	0	0	0	
1886.348167	8	6	3	0	2	7	1	3546	-1350	21	113174	19	10	26	0	0	0	0	0	0	0	0	0	0	0	0	0	0	
1887.353283	8	6	3	0	2	7	1	3533	-1348	21	113234	19	10	27	0	0	0	0	0	0	0	0	0	0	0	0	0	0	
1888.359833	8	6	3	0	2	7	1	3520	-1350	21	113295	19	10	29	0	0	0	0	0	0	0	0	0	0	0	0	0	0	
1889.346233	8	6	3	0	2	7	1	3508	-1350	21	113354	19	10	31	0	0	0	0	0	0	0	0	0	0	0	0	0	0	
1890.351367	8	6	3	0	2	7	1	3496	-1352	21	113414	19	10	32	0	0	0	0	0	0	0	0	0	0	0	0	0	0	
1891.356483	8	6	3	0	2	7	1	3485	-1350	21	113474	19	10	34	0	0	0	0	0	0	0	0	0	0	0	0	0	0	
1892.342883	8	6	3	0	2	7	1	3474	-1349	21	113534	19	10	36	0	0	0	0	0	0	0	0	0	0	0	0	0	0	
1893.348000	8	6	3	0	2	7	1	3463	-1350	21	113594	19	10	37	0	0	0	0	0	0	0	0	0	0	0	0	0	0	
1894.353117	8	6	3	0	2	7	1	3453	-1350	21	113654	19	10	39	0	0	0	0	0	0	0	0	0	0	0	0	0	0	
1895.359683	8	6	3	0	2	7	1	3443	-1349	21	113715	19	10	41	0	0	0	0	0	0	0	0	0	0	0	0	0	0	
1896.346083	8	6	3	0	2	7	1	3434	-1350	21	113774	19	10	42	0	0	0	0	0	0	0	0	0	0	0	0	0	0	
1897.351200	8	6	3	0	2	7	1	3424	-1349	21	113834	19	10	44	0	0	0	0	0	0	0	0	0	0	0	0	0	0	
1898.356317	8	6	3	0	2	7	1	3416	-1348	21	113894	19	10	45	0	0	0	0	0	0	0	0	0	0	0	0	0	0	
1899.342717	8	6	3	0	2	7	1	3408	-1349	21	113954	19	10	47	0	0	0	0	0	0	0	0	0	0	0	0	0	0	
1900.347833	8	6	3	0	2	7	1	3400	-1349	21	114014	19	10	49	0	0	0	0	0	0	0	0	0	0	0	0	0	0	
1901.354400	8	6	3	0	2	7	1	3393	-1348	21	114074	19	10	50	0	0	0	0	0	0	0	0	0	0	0	0	0	0	
1902.359517	8	6	3	0	2	7	1	3386	-1350	21	114135	19	10	52	0	0	0	0	0	0	0	0	0	0	0	0	0	0	
1903.345917	8	6	3	0	2	7	1	3379	-1349	21	114194	19	10	54	0	0	0	0	0	0	0	0	0	0	0	0	0	0	
1904.351033	8	6	3	0	2	7	1	3373	-1350	21	114254	19	10	55	0	0	0	0	0	0	0	0	0	0	0	0	0	0	
1905.356167	8	6	3	0	2	7	1	3367	-1349	22	114314	19	10	57	0	0	0	0	0	0	0	0	0	0	0	0	0	0	
1906.361283	8	6	3	0	2	7	1	3360	-1349	22	114375	19	10	59	0	0	0	0	0	0	0	0	0	0	0	0	0	0	
1907.350567	8	6	3	0	2	7	1	3353	-1349	21	114434	19	10	60	0	0	0	0	0	0	0	0	0	0	0	0	0	0	
1908.355683	8	6	3	0	2	7	1	3345	-1352	22	114494	19	10	62	0	0	0	0	0	0	0	0	0	0	0	0	0	0	
1909.360800	8	6	3	0	2	7	1	3338	-1350	21	114555	19	10	64	0	0	0	0	0	0	0	0	0	0	0	0	0	0	
1910.347200	8	6	3	0	2	7	1	3329	-1349	21	114614	19	10	65	0	0	0	0	0	0	0	0	0	0	0	0	0	0	
1911.353767	8	6	3	0	2	7	1	3318	-1351	22	114674	19	10	67	0	0	0	0	0	0	0	0	0	0	0	0	0	0	
1912.360317	8	6	3	0	2	7	1	3306	-1349	22	114735	19	10	69	0	0	0	0	0	0	0	0	0	0	0	0	0	0	
1913.346717	8	6	3	0	2	7	1	3292	-1351	22	114794	19	10	70	0	0	0	0	0	0	0	0	0	0	0	0	0	0	
1914.351833	8	6	3	0	2	7	1	3273	-1350	21	114854	19	10	72	0	0	0	0	0	0	0	0	0	0	0	0	0	0	
1915.356967	8	6	3	0	2	7	1	3247	-1350	21	114914	19	10	74	0	0	0	0	0	0	0	0	0	0	0	0	0	0	
1916.362083	8	6	3	0	2	7	1	3209	-1349	22	114975	19	10	75	0	0	0	0	0	0	0	0	0	0	0	0	0	0	
1917.348483	8	6	3	0	2	7	1	3152	-1349	22	115034	19	10	77	0	0	0	0	0	0	0	0	0	0	0	0	0	0	
1918.353600	8	6	3	0	2	7	1	3054	-1350	21	115094	19	10	79	0	0	0	0	0	0	0	0	0	0	0	0	0	0	
1919.358717	8	6	3	0	2	7	1	2857	-1349	21	115155	19	10	80	0	0	0	0	0	0	0	0	0	0	0	0	0	0	
1919.836800	8	15	3	0	1	31	2	3192	299	21	115183	21	10	81	0	0	0	0	0	0	0	0	0	0	0	0	0	0	
1919.858400	8	3	3	0	1	2	2	3364	675	21	115184	21	10	81	0	0	0	0	0	0	0	0	0	0	0	0	0	0	
1920.349433	8	3	3	0	1	2	2	3609	673	22	115214	21	10	81	0	0	0	0	0	0	0	0	0	0	0	0	0	0	
1921.354567	8	3	3	0	1	2	2	3737	675	21	115274	21	10	81	0	0	0	0	0	0	0	0	0	0	0	0	0	0	
1922.359683	8	3	3	0	1	2	2	3795	675	21	115335	21	10	81	0	0	0	0	0	0	0	0	0	0	0	0	0	0	
1923.346083	8	3	3	0	1	2	2	3827	673	22	115394	21	10	81	0	0	0	0	0	0	0	0	0	0	0	0	0	0	
1924.351200	8	3	3	0	1	2	2	3843	674	22	115454	21	10	81	0	0	0	0	0	0	0	0	0	0	0	0	0	0	
1925.357767	8	3	3	0	1	2	2	3854	674	22	115514	21	10	81	0	0	0	0	0	0	0	0	0	0	0	0	0	0	
1926.362883	8	3	3	0	1	2	2	3863	675	22	115575	21	10	81	0	0	0	0	0	0	0	0	0	0	0	0	0	0	
1927.349283	8	3	3	0	1	2	2	3872	675	22	115634	21	10	81	0	0	0	0	0	0	0	0	0	0	0	0	0	0	
1928.354400	8	3	3	0	1	2	2	3879	674	22	115694	21	10	81	0	0	0	0	0	0	0	0	0	0	0	0	0	0	
1929.359517	8	3	3	0	1	2	2	3888	675	22	115754	21	10	81	0	0	0	0	0	0	0	0	0	0	0	0	0	0	
1930.345917	8	3	3	0	1	2	2	3895	674	22	115814	21	10	81	0	0	0	0	0	0	0	0	0	0	0	0	0	0	
1931.351033	8	3	3	0	1	2	2	3903	676	22	115874	21	10	81	0	0	0	0	0	0	0	0	0	0	0	0	0	0	
1932.357600	8	3	3	0	1	2	2	3911	674	22	115934	21	10	81	0	0	0	0	0	0	0	0	0	0	0	0	0	0	
1933.362717	8	3	3	0	1	2	2	3918	675	22	115995	21	10	81	0	0	0	0	0	0	0	0	0	0	0	0	0	0	
1934.349117	8	3	3	0	1	2	2	3925	674	21	116054	21	10	81	0	0	0	0	0	0	0	0	0	0	0	0	0	0	
1935.354233	8	3	3	0	1	2	2	3932	674	22	116114	21	10	81	0	0	0	0	0	0	0	0	0	0	0	0	0	0	
1936.359367	8	3	3	0	1	2	2	3938	674	22	116174	21	10	81	0	0	0	0	0	0	0	0	0	0	0	0	0	0	
1937.345767	8	3	3	0	1	2	2	3944	675	22	116234	21	10	81	0	0	0	0	0	0	0	0	0	0	0	0	0	0	
1938.352317	8	3	3	0	1	2	2	3950	675	21	116294	21	10	81	0	0	0	0	0	0	0	0	0	0	0	0	0	0	
1939.357433	8	3	3	0	1	2	2	3954	674	22	116354	21	10	81	0	0	0	0	0	0	0	0	0	0	0	0	0	0	
1940.362567	8	3	3	0	1	2	2	3958	675	21	116415	21	10	81	0	0	0	0	0	0	0	0	0	0	0	0	0	0	
1941.348967	8	3	3	0	1	2	2	3962	674	22	116474	21	10	81	0	0	0	0	0	0	0	0	0	0	0	0	0	0	
1942.354083	8	3	3	0	1	2	2	3966	674	22	116534	21	10	81	0	0	0	0	0	0	0	0	0	0	0	0	0	0	
1943.359200	8	3	3	0	1	2	2	3969	674	22	116594	21	10	81	0	0	0	0	0	0	0	0	0	0	0	0	0	0	
1944.345600	8	3	3	0	1	2	2	3972	674	22	116654	21	10	81	0	0	0	0	0	0	0	0	0	0	0	0	0	0	
1945.352167	8	3	3	0	1	2	2	3976	674	21	116714	21	10	81	0	0	0	0	0	0	0	0	0	0	0	0	0	0	
1946.357283	8	3	3	0	1	2	2	3979	675	22	116774	21	10	81	0	0	0	0	0	0	0	0	0	0	0	0	0	0	
1947.362400	8	3	3	0	1	2	2	3983	673	21	116835	21	10	81	0	0	0	0	0	0	0	0	0	0	0	0	0	0	
1948.348800	8	3	3	0	1	2	2	3986	674	22	116894	21	10	81	0	0	0	0	0	0	0	0	0	0	0	0	0	0	
1949.353917	8	3	3	0	1	2	2	3989	675	21	116954	21	10	81	0	0	0	0	0	0	0	0	0	0	0	0	0	0	
1950.363367	8	3	3	0	1	2	2	3992	674	22	117015	21	10	81	0	0	0	0	0	0	0	0	0	0	0	0	0	0	
1951.349767	8	3	3	0	1	2	2	3996	674	21	117074	21	10	81	0	0	0	0	0	0	0	0	0	0	0	0	0	0	
1952.354883	8	3	3	0	1	2	2	4000	675	21	117134	21	10	81	0	0	0	0	0	0	0	0	0	0	0	0	0	0	
1953.360000	8	3	3	0	1	2	2	4003	675	21	117194	21	10	81	0	0	0	0	0	0	0	0	0	0	0	0	0	0	
1954.346400	8	3	3	0	1	2	2	4006	674	21	117254	21	10	81	0	0	0	0	0	0	0	0	0	0	0	0	0	0	
1955.352967	8	3	3	0	1	2	2	4009	674	21	117314	21	10	81	0	0	0	0	0	0	0	0	0	0	0	0	0	0	
1956.358083	8	3	3	0	1	2	2	4013	674	21	117374	21	10	81	0	0	0	0	0	0	0	0	0	0	0	0	0	0	
1957.363200	8	3	3	0	1	2	2	4016	674	21	117435	21	10	81	0	0	0	0	0	0	0	0	0	0	0	0	0	0	
1958.349600	8	3	3	0	1	2	2	4020	676	21	117494	21	10	81	0	0	0	0	0	0	0	0	0	0	0	0	0	0	
1959.354717	8	3	3	0	1	2	2	4023	674	21	117554	21	10	81	0	0	0	0	0	0	0	0	0	0	0	0	0	0	
1960.359833	8	3	3	0	1	2	2	4026	674	21	117614	21	10	81	0	0	0	0	0	0	0	0	0	0	0	0	0	0	
1961.364967	8	3	3	0	1	2	2	4030	674	21	117675	21	10	81	0	0	0	0	0	0	0	0	0	0	0	0	0	0	
1962.351367	8	3	3	0	1	2	2	4033	675	21	117734	21	10	81	0	0	0	0	0	0	0	0	0	0	0	0	0	0	
1963.357917	8	3	3	0	1	2	2	4037	676	21	117794	21	10	81	0	0	0	0	0	0	0	0	0	0	0	0	0	0	
1964.363033	8	3	3	0	1	2	2	4041	674	21	117855	21	10	81	0	0	0	0	0	0	0	0	0	0	0	0	0	0	
1965.349433	8	3	3	0	1	2	2	4044	675	21	117914	21	10	81	0	0	0	0	0	0	0	0	0	0	0	0	0	0	
1966.354567	8	3	3	0	1	2	2	4048	675	21	117974	21	10	81	0	0	0	0	0	0	0	0	0	0	0	0	0	0	
1967.359683	8	3	3	0	1	2	2	4053	674	21	118034	21	10	81	0	0	0	0	0	0	0	0	0	0	0	0	0	0	
1968.364800	8	3	3	0	1	2	2	4057	674	21	118095	21	10	81	0	0	0	0	0	0	0	0	0	0	0	0	0	0	
1969.352633	8	3	3	0	1	2	2	4061	675	22	118154	21	10	81	0	0	0	0	0	0	0	0	0	0	0	0	0	0	
1970.357767	8	3	3	0	1	2	2	4065	675	21	118214	21	10	81	0	0	0	0	0	0	0	0	0	0	0	0	0	0	
1971.362883	8	3	3	0	1	2	2	4070	675	21	118274	21	10	81	0	0	0	0	0	0	0	0	0	0	0	0	0	0	
1972.349283	8	3	3	0	1	2	2	4074	673	21	118334	21	10	81	0	0	0	0	0	0	0	0	0	0	0	0	0	0	
1973.354400	8	3	3	0	1	2	2	4079	675	21	118394	21	10	81	0	0	0	0	0	0	0	0	0	0	0	0	0	0	
1974.359517	8	3	3	0	1	2	2	4083	674	21	118454	21	10	81	0	0	0	0	0	0	0	0	0	0	0	0	0	0	
1975.364633	8	3	3	0	1	2	2	4089	675	21	118515	21	10	81	0	0	0	0	0	0	0	0	0	0	0	0	0	0	
1976.351033	8	3	3	0	1	2	2	4093	675	21	118574	21	10	81	0	0	0	0	0	0	0	0	0	0	0	0	0	0	
1977.357600	8	3	3	0	1	2	2	4098	673	21	118634	21	10	81	0	0	0	0	0	0	0	0	0	0	0	0	0	0	
1978.362717	8	3	3	0	1	2	2	4104	674	21	118694	21	10	81	0	0	0	0	0	0	0	0	0	0	0	0	0	0	
1979.349117	8	3	3	0	1	2	2	4109	675	21	118754	21	10	81	0	0	0	0	0	0	0	0	0	0	0	0	0	0	
1980.355683	8	3	3	0	1	2	2	4114	674	21	118814	21	10	81	0	0	0	0	0	0	0	0	0	0	0	0	0	0	
1981.362233	8	3	3	0	1	2	2	4118	667	21	118874	21	10	81	0	0	0	0	0	0	0	0	0	0	0	0	0	0	
1982.367367	8	3	3	0	1	2	2	4123	666	21	118935	21	10	81	0	0	0	0	0	0	0	0	0	0	0	0	0	0	
1983.353767	8	3	3	0	1	2	2	4128	665	21	118994	21	10	81	0	0	0	0	0	0	0	0	0	0	0	0	0	0	
1984.358883	8	3	3	0	1	2	2	4134	664	21	119054	21	10	81	0	0	0	0	0	0	0	0	0	0	0	0	0	0	
1985.364000	8	3	3	0	1	2	2	4139	662	21	119115	21	10	81	0	0	0	0	0	0	0	0	0	0	0	0	0	0	
1986.350400	8	3	3	0	1	2	2	4145	663	21	119174	21	10	81	0	0	0	0	0	0	0	0	0	0	0	0	0	0	
1987.355517	8	3	3	0	1	2	2	4151	663	21	119234	21	10	81	0	0	0	0	0	0	0	0	0	0	0	0	0	0	
1988.362083	8	3	3	0	1	2	2	4157	661	21	119294	21	10	81	0	0	0	0	0	0	0	0	0	0	0	0	0	0	
1989.367200	8	3	3	0	1	2	2	4163	661	21	119355	21	10	81	0	0	0	0	0	0	0	0	0	0	0	0	0	0	
1990.353600	8	3	3	0	1	2	2	4169	659	21	119414	21	10	81	0	0	0	0	0	0	0	0	0	0	0	0	0	0	
1991.358717	8	3	3	0	1	2	2	4175	659	21	119474	21	10	81	0	0	0	0	0	0	0	0	0	0	0	0	0	0	
1992.363833	8	3	3	0	1	2	2	4182	659	21	119534	21	10	81	0	0	0	0	0	0	0	0	0	0	0	0	0	0	
1993.350233	8	3	3	0	1	2	2	4188	656	21	119594	21	10	81	0	0	0	0	0	0	0	0	0	0	0	0	0	0	
1994.355367	8	3	3	0	1	2	2	4195	658	21	119654	21	10	81	0	0	0	0	0	0	0	0	0	0	0	0	0	0	
1995.361917	8	3	3	0	1	2	2	4199	645	21	119714	21	10	81	0	0	0	0	0	0	0	0	0	0	0	0	0	0	
1996.367033	8	3	3	0	1	2	2	4199	619	21	119775	21	10	81	0	0	0	0	0	0	0	0	0	0	0	0	0	0	
1997.353433	8	3	3	0	1	2	2	4199	596	21	119834	21	10	81	0	0	0	0	0	0	0	0	0	0	0	0	0	0	
1998.361433	8	3	3	0	1	2	2	4198	573	21	119894	21	10	81	0	0	0	0	0	0	0	0	0	0	0	0	0	0	
1999.368000	8	3	3	0	1	2	2	4198	552	21	119955	21	10	81	0	0	0	0	0	0	0	0	0	0	0	0	0	0	
2000.354400	8	3	3	0	1	2	2	4198	532	21	120014	21	10	81	0	0	0	0	0	0	0	0	0	0	0	0	0	0	
2001.359517	8	3	3	0	1	2	2	4198	512	21	120074	21	10	81	0	0	0	0	0	0	0	0	0	0	0	0	0	0	
2002.364633	8	3	3	0	1	2	2	4198	493	21	120134	21	10	81	0	0	0	0	0	0	0	0	0	0	0	0	0	0	
2003.351033	8	3	3	0	1	2	2	4199	476	21	120194	21	10	81	0	0	0	0	0	0	0	0	0	0	0	0	0	0	
2004.356167	8	3	3	0	1	2	2	4198	458	21	120254	21	10	81	0	0	0	0	0	0	0	0	0	0	0	0	0	0	
2005.361283	8	3	3	0	1	2	2	4198	441	21	120314	21	10	81	0	0	0	0	0	0	0	0	0	0	0	0	0	0	
2006.367833	8	3	3	0	1	2	2	4199	424	21	120375	21	10	81	0	0	0	0	0	0	0	0	0	0	0	0	0	0	
2007.354233	8	3	3	0	1	2	2	4198	410	21	120434	21	10	81	0	0	0	0	0	0	0	0	0	0	0	0	0	0	
2008.359367	8	3	3	0	1	2	2	4199	394	21	120494	21	10	81	0	0	0	0	0	0	0	0	0	0	0	0	0	0	
2009.364483	8	3	3	0	1	2	2	4199	380	21	120554	21	10	81	0	0	0	0	0	0	0	0	0	0	0	0	0	0	
2010.369600	8	3	3	0	1	2	2	4198	365	21	120615	21	10	81	0	0	0	0	0	0	0	0	0	0	0	0	0	0	
2011.356000	8	3	3	0	1	2	2	4198	352	21	120674	21	10	81	0	0	0	0	0	0	0	0	0	0	0	0	0	0	
2012.361117	8	3	3	0	1	2	2	4198	339	21	120734	21	10	81	0	0	0	0	0	0	0	0	0	0	0	0	0	0	
2013.366233	8	3	3	0	1	2	2	4198	328	21	120795	21	10	81	0	0	0	0	0	0	0	0	0	0	0	0	0	0	
2014.354083	8	3	3	0	1	2	2	4199	315	21	120854	21	10	81	0	0	0	0	0	0	0	0	0	0	0	0	0	0	
2015.359200	8	3	3	0	1	2	2	4198	303	21	120914	21	10	81	0	0	0	0	0	0	0	0	0	0	0	0	0	0	
2016.364317	8	3	3	0	1	2	2	4198	293	21	120974	21	10	81	0	0	0	0	0	0	0	0	0	0	0	0	0	0	
2017.369433	8	3	3	0	1	2	2	4198	282	21	121035	21	10	81	0	0	0	0	0	0	0	0	0	0	0	0	0	0	
2018.355833	8	3	3	0	1	2	2	4198	271	21	121094	21	10	81	0	0	0	0	0	0	0	0	0	0	0	0	0	0	
2019.360967	8	3	3	0	1	2	2	4198	262	21	121154	21	10	81	0	0	0	0	0	0	0	0	0	0	0	0	0	0	
2020.367517	8	3	3	0	1	2	2	4199	252	21	121214	21	10	81	0	0	0	0	0	0	0	0	0	0	0	0	0	0	
2021.353917	8	3	3	0	1	2	2	4198	243	21	121274	21	10	81	0	0	0	0	0	0	0	0	0	0	0	0	0	0	
2022.359033	8	3	3	0	1	2	2	4198	235	21	121334	21	10	81	0	0	0	0	0	0	0	0	0	0	0	0	0	0	
2023.364167	8	3	3	0	1	2	2	4198	225	21	121394	21	10	81	0	0	0	0	0	0	0	0	0	0	0	0	0	0	
2024.369283	8	3	3	0	1	2	2	4198	218	21	121455	21	10	81	0	0	0	0	0	0	0	0	0	0	0	0	0	0	
2025.355683	8	3	3	0	1	2	2	4198	210	21	121514	21	10	81	0	0	0	0	0	0	0	0	0	0	0	0	0	0	
2026.360800	8	3	3	0	1	2	2	4198	203	21	121574	21	10	81	0	0	0	0	0	0	0	0	0	0	0	0	0	0	
2027.365917	8	3	3	0	1	2	2	4198	195	21	121634	21	10	81	0	0	0	0	0	0	0	0	0	0	0	0	0	0	
2028.353767	8	3	3	0	1	2	2	4198	187	21	121694	21	10	81	0	0	0	0	0	0	0	0	0	0	0	0	0	0	
2029.358883	8	3	3	0	1	2	2	4198	182	21	121754	21	10	81	0	0	0	0	0	0	0	0	0	0	0	0	0	0	
2030.364000	8	3	3	0	1	2	2	4199	175	21	121814	21	10	81	0	0	0	0	0	0	0	0	0	0	0	0	0	0	
2031.369117	8	3	3	0	1	2	2	4199	168	21	121875	21	10	81	0	0	0	0	0	0	0	0	0	0	0	0	0	0	
2032.355517	8	3	3	0	1	2	2	4198	162	21	121934	21	10	81	0	0	0	0	0	0	0	0	0	0	0	0	0	0	
2033.360633	8	3	3	0	1	2	2	4198	155	21	121994	21	10	81	0	0	0	0	0	0	0	0	0	0	0	0	0	0	
2034.365767	8	3	3	0	1	2	2	4198	151	21	122054	21	10	81	0	0	0	0	0	0	0	0	0	0	0	0	0	0	
2035.370883	8	3	3	0	1	2	2	4199	145	21	122115	21	10	81	0	0	0	0	0	0	0	0	0	0	0	0	0	0	
2036.358717	8	3	3	0	1	2	2	4198	141	21	122174	21	10	81	0	0	0	0	0	0	0	0	0	0	0	0	0	0	
2037.363833	8	3	3	0	1	2	2	4199	135	21	122234	21	10	81	0	0	0	0	0	0	0	0	0	0	0	0	0	0	
2038.368967	8	3	3	0	1	2	2	4198	132	21	122295	21	10	81	0	0	0	0	0	0	0	0	0	0	0	0	0	0	
2039.355367	8	3	3	0	1	2	2	4199	127	21	122354	21	10	81	0	0	0	0	0	0	0	0	0	0	0	0	0	0	
2040.360483	8	3	3	0	1	2	2	4198	121	21	122414	21	10	81	0	0	0	0	0	0	0	0	0	0	0	0	0	0	
2041.365600	8	3	3	0	1	2	2	4198	117	21	122474	21	10	81	0	0	0	0	0	0	0	0	0	0	0	0	0	0	
2042.370717	8	3	3	0	1	2	2	4198	112	21	122535	21	10	81	0	0	0	0	0	0	0	0	0	0	0	0	0	0	
2043.357117	8	3	3	0	1	2	2	4198	110	21	122594	21	10	81	0	0	0	0	0	0	0	0	0	0	0	0	0	0	
2044.362233	8	3	3	0	1	2	2	4198	105	21	122654	21	10	81	0	0	0	0	0	0	0	0	0	0	0	0	0	0	
2045.368800	8	3	3	0	1	2	2	4198	103	21	122714	21	10	81	0	0	0	0	0	0	0	0	0	0	0	0	0	0	
2046.355200	8	3	3	0	1	2	2	4198	98	21	122774	21	10	81	0	0	0	0	0	0	0	0	0	0	0	0	0	0	
2047.360317	8	3	3	0	1	2	2	4199	95	21	122834	21	10	81	0	0	0	0	0	0	0	0	0	0	0	0	0	0	
2048.365433	8	3	3	0	1	2	2	4198	92	21	122894	21	10	81	0	0	0	0	0	0	0	0	0	0	0	0	0	0	
2049.370567	8	3	3	0	1	2	2	4198	89	21	122955	21	10	81	0	0	0	0	0	0	0	0	0	0	0	0	0	0	
2050.356967	8	3	3	0	1	2	2	4198	86	21	123014	21	10	81	0	0	0	0	0	0	0	0	0	0	0	0	0	0	
2051.363517	8	3	3	0	1	2	2	4198	83	21	123074	21	10	81	0	0	0	0	0	0	0	0	0	0	0	0	0	0	
2052.368633	8	3	3	0	1	2	2	4198	80	21	123134	21	10	81	0	0	0	0	0	0	0	0	0	0	0	0	0	0	
2053.355033	8	3	3	0	1	2	2	4198	78	21	123194	21	10	81	0	0	0	0	0	0	0	0	0	0	0	0	0	0	
2054.360167	8	3	3	0	1	2	2	4198	75	21	123254	21	10	81	0	0	0	0	0	0	0	0	0	0	0	0	0	0	
2055.365283	8	3	3	0	1	2	2	4198	73	21	123314	21	10	81	0	0	0	0	0	0	0	0	0	0	0	0	0	0	
2056.370400	8	3	3	0	1	2	2	4198	71	21	123375	21	10	81	0	0	0	0	0	0	0	0	0	0	0	0	0	0	
2057.356800	8	3	3	0	1	2	2	4198	68	21	123434	21	10	81	0	0	0	0	0	0	0	0	0	0	0	0	0	0	
2057.760000	8	6	3	0	2	7	1	4116	-373	21	123458	21	11	0	0	0	0	0	0	0	0	0	0	0	0	0	0	0	
2058.364800	8	6	3	0	2	7	1	3840	-1350	21	123494	21	11	0	0	0	0	0	0	0	0	0	0	0	0	0	0	0	
2059.369917	8	6	3	0	2	7	1	3799	-1349	21	123554	21	11	2	0	0	0	0	0	0	0	0	0	0	0	0	0	0	
2060.356317	8	6	3	0	2	7	1	3772	-1350	21	123614	21	11	4	0	0	0	0	0	0	0	0	0	0	0	0	0	0	
2061.361433	8	6	3	0	2	7	1	3750	-1350	21	123674	21	11	5	0	0	0	0	0	0	0	0	0	0	0	0	0	0	
2062.368000	8	6	3	0	2	7	1	3729	-1351	21	123734	21	11	7	0	0	0	0	0	0	0	0	0	0	0	0	0	0	
2063.373117	8	6	3	0	2	7	1	3710	-1350	21	123795	21	11	9	0	0	0	0	0	0	0	0	0	0	0	0	0	0	
2064.359517	8	6	3	0	2	7	1	3692	-1350	21	123854	21	11	10	0	0	0	0	0	0	0	0	0	0	0	0	0	0	
2065.364633	8	6	3	0	2	7	1	3675	-1351	21	123914	21	11	12	0	0	0	0	0	0	0	0	0	0	0	0	0	0	
2066.369767	8	6	3	0	2	7	1	3659	-1350	21	123974	21	11	14	0	0	0	0	0	0	0	0	0	0	0	0	0	0	
2067.356167	8	6	3	0	2	7	1	3643	-1349	21	124034	21	11	15	0	0	0	0	0	0	0	0	0	0	0	0	0	0	
2068.361283	8	6	3	0	2	7	1	3627	-1349	21	124094	21	11	17	0	0	0	0	0	0	0	0	0	0	0	0	0	0	
2069.366400	8	6	3	0	2	7	1	3612	-1349	21	124154	21	11	19	0	0	0	0	0	0	0	0	0	0	0	0	0	0	
2070.372967	8	6	3	0	2	7	1	3597	-1350	21	124215	21	11	20	0	0	0	0	0	0	0	0	0	0	0	0	0	0	
2071.359367	8	6	3	0	2	7	1	3583	-1349	21	124274	21	11	22	0	0	0	0	0	0	0	0	0	0	0	0	0	0	
2072.364483	8	6	3	0	2	7	1	3568	-1350	21	124334	21	11	24	0	0	0	0	0	0	0	0	0	0	0	0	0	0	
2073.369600	8	6	3	0	2	7	1	3554	-1349	21	124394	21	11	25	0	0	0	0	0	0	0	0	0	0	0	0	0	0	
2074.356000	8	6	3	0	2	7	1	3541	-1349	21	124454	21	11	27	0	0	0	0	0	0	0	0	0	0	0	0	0	0	
2075.362567	8	6	3	0	2	7	1	3528	-1349	21	124514	21	11	29	0	0	0	0	0	0	0	0	0	0	0	0	0	0	
2076.367683	8	6	3	0	2	7	1	3516	-1349	21	124574	21	11	30	0	0	0	0	0	0	0	0	0	0	0	0	0	0	
2077.372800	8	6	3	0	2	7	1	3504	-1349	21	124635	21	11	32	0	0	0	0	0	0	0	0	0	0	0	0	0	0	
2078.359200	8	6	3	0	2	7	1	3492	-1350	21	124694	21	11	34	0	0	0	0	0	0	0	0	0	0	0	0	0	0	
2079.364317	8	6	3	0	2	7	1	3481	-1349	21	124754	21	11	35	0	0	0	0	0	0	0	0	0	0	0	0	0	0	
2080.370883	8	6	3	0	2	7	1	3469	-1349	21	124814	21	11	37	0	0	0	0	0	0	0	0	0	0	0	0	0	0	
2081.376000	8	6	3	0	2	7	1	3459	-1350	21	124875	21	11	39	0	0	0	0	0	0	0	0	0	0	0	0	0	0	
2082.362400	8	6	3	0	2	7	1	3449	-1350	21	124934	21	11	40	0	0	0	0	0	0	0	0	0	0	0	0	0	0	
2083.367517	8	6	3	0	2	7	1	3439	-1350	21	124994	21	11	42	0	0	0	0	0	0	0	0	0	0	0	0	0	0	
2084.372633	8	6	3	0	2	7	1	3430	-1350	21	125055	21	11	44	0	0	0	0	0	0	0	0	0	0	0	0	0	0	
2085.359033	8	6	3	0	2	7	1	3421	-1350	21	125114	21	11	45	0	0	0	0	0	0	0	0	0	0	0	0	0	0	
2086.364167	8	6	3	0	2	7	1	3413	-1350	21	125174	21	11	47	0	0	0	0	0	0	0	0	0	0	0	0	0	0	
2087.369283	8	6	3	0	2	7	1	3406	-1349	22	125234	21	11	48	0	0	0	0	0	0	0	0	0	0	0	0	0	0	
2088.375833	8	6	3	0	2	7	1	3398	-1350	21	125295	21	11	50	0	0	0	0	0	0	0	0	0	0	0	0	0	0	
2089.362233	8	6	3	0	2	7	1	3391	-1348	21	125354	21	11	52	0	0	0	0	0	0	0	0	0	0	0	0	0	0	
2090.367367	8	6	3	0	2	7	1	3384	-1351	21	125414	21	11	53	0	0	0	0	0	0	0	0	0	0	0	0	0	0	
2091.372483	8	6	3	0	2	7	1	3378	-1349	21	125475	21	11	55	0	0	0	0	0	0	0	0	0	0	0	0	0	0	
2092.358883	8	6	3	0	2	7	1	3371	-1350	21	125534	21	11	57	0	0	0	0	0	0	0	0	0	0	0	0	0	0	
2093.364000	8	6	3	0	2	7	1	3365	-1350	22	125594	21	11	58	0	0	0	0	0	0	0	0	0	0	0	0	0	0	
2094.370567	8	6	3	0	2	7	1	3358	-1350	21	125654	21	11	60	0	0	0	0	0	0	0	0	0	0	0	0	0	0	
2095.375683	8	6	3	0	2	7	1	3350	-1350	21	125715	21	11	62	0	0	0	0	0	0	0	0	0	0	0	0	0	0	
2096.362083	8	6	3	0	2	7	1	3343	-1349	22	125774	21	11	63	0	0	0	0	0	0	0	0	0	0	0	0	0	0	
2097.367200	8	6	3	0	2	7	1	3334	-1350	22	125834	21	11	65	0	0	0	0	0	0	0	0	0	0	0	0	0	0	
2098.372317	8	6	3	0	2	7	1	3324	-1350	21	125894	21	11	67	0	0	0	0	0	0	0	0	0	0	0	0	0	0	
2099.361600	8	6	3	0	2	7	1	3312	-1350	21	125954	21	11	68	0	0	0	0	0	0	0	0	0	0	0	0	0	0	
2100.366717	8	6	3	0	2	7	1	3298	-1350	21	126014	21	11	70	0	0	0	0	0	0	0	0	0	0	0	0	0	0	
2101.371833	8	6	3	0	2	7	1	3280	-1350	21	126074	21	11	72	0	0	0	0	0	0	0	0	0	0	0	0	0	0	
2102.376967	8	6	3	0	2	7	1	3256	-1349	22	126135	21	11	73	0	0	0	0	0	0	0	0	0	0	0	0	0	0	
2103.363367	8	6	3	0	2	7	1	3222	-1348	21	126194	21	11	75	0	0	0	0	0	0	0	0	0	0	0	0	0	0	
2104.371367	8	6	3	0	2	7	1	3170	-1351	22	126254	21	11	77	0	0	0	0	0	0	0	0	0	0	0	0	0	0	
2105.376483	8	6	3	0	2	7	1	3083	-1350	22	126315	21	11	78	0	0	0	0	0	0	0	0	0	0	0	0	0	0	
2106.362883	8	6	3	0	2	7	1	2922	-1348	22	126374	21	11	80	0	0	0	0	0	0	0	0	0	0	0	0	0	0	
2107.069917	10	0	5	0	0	15	0	2959	0	22	126416	21	11	81	0	0	0	0	0	0	0	0	0	0	0	0	0	0	
2107.077117	8	15	3	0	0	31	0	3112	0	22	126416	21	11	81	0	0	0	0	0	0	0	0	0	0	0	0	0	0	
2107.110233	10	0	5	0	0	15	0	3179	0	22	126416	21	11	81	0	0	0	0	0	0	0	0	0	0	0	0	0	0	
