Time	Status code	Status category	Status color	Pgm code	Pgm step	Pgm para	Pgm cycle	mV	mA	Temperature	Duration	Charge count	Discharge count	Capacity	Analog input 1	Analog input 2	Analog input 3	Analog input 4	Digital input 1	Digital input 2	Digital input 3	Digital input 4	Digital output 1	Digital output 2	Digital output 3	Digital output 4	Analog output 1	Analog output 2	
0.000000	8	3	3	0	1	2	2	4198	560	23	2	1	0	0	0	0	0	0	0	0	0	0	0	0	0	0	0	0	
0.154083	8	3	3	0	1	2	2	4198	588	23	12	1	0	0	0	0	0	0	0	0	0	0	0	0	0	0	0	0	
1.149117	8	3	3	0	1	2	2	4003	675	23	71	1	0	0	0	0	0	0	0	0	0	0	0	0	0	0	0	0	
2.145600	8	3	3	0	1	2	2	4001	674	23	131	1	0	0	0	0	0	0	0	0	0	0	0	0	0	0	0	0	
3.140633	8	3	3	0	1	2	2	4001	673	23	191	1	0	0	0	0	0	0	0	0	0	0	0	0	0	0	0	0	
4.155833	8	3	3	0	1	2	2	4003	674	23	252	1	0	0	0	0	0	0	0	0	0	0	0	0	0	0	0	0	
5.152317	8	3	3	0	1	2	2	4006	675	23	311	1	0	0	0	0	0	0	0	0	0	0	0	0	0	0	0	0	
6.147367	8	3	3	0	1	2	2	4005	675	23	371	1	0	0	0	0	0	0	0	0	0	0	0	0	0	0	0	0	
7.143833	8	3	3	0	1	2	2	4008	673	23	431	1	0	0	0	0	0	0	0	0	0	0	0	0	0	0	0	0	
8.140317	8	3	3	0	1	2	2	4012	675	23	491	1	0	0	0	0	0	0	0	0	0	0	0	0	0	0	0	0	
9.154083	8	3	3	0	1	2	2	4016	674	23	552	1	0	0	0	0	0	0	0	0	0	0	0	0	0	0	0	0	
10.150567	8	3	3	0	1	2	2	4022	675	23	611	1	0	0	0	0	0	0	0	0	0	0	0	0	0	0	0	0	
11.145600	8	3	3	0	1	2	2	4029	674	23	671	1	0	0	0	0	0	0	0	0	0	0	0	0	0	0	0	0	
12.156483	8	3	3	0	1	2	2	4036	674	23	732	1	0	0	0	0	0	0	0	0	0	0	0	0	0	0	0	0	
13.142883	8	3	3	0	1	2	2	4045	674	23	791	1	0	0	0	0	0	0	0	0	0	0	0	0	0	0	0	0	
14.148000	8	3	3	0	1	2	2	4052	674	23	851	1	0	0	0	0	0	0	0	0	0	0	0	0	0	0	0	0	
15.153117	8	3	3	0	1	2	2	4060	674	23	911	1	0	0	0	0	0	0	0	0	0	0	0	0	0	0	0	0	
16.139517	8	3	3	0	1	2	2	4067	674	23	971	1	0	0	0	0	0	0	0	0	0	0	0	0	0	0	0	0	
17.146083	8	3	3	0	1	2	2	4074	675	23	1031	1	0	0	0	0	0	0	0	0	0	0	0	0	0	0	0	0	
18.151200	8	3	3	0	1	2	2	4081	675	23	1091	1	0	0	0	0	0	0	0	0	0	0	0	0	0	0	0	0	
19.156317	8	3	3	0	1	2	2	4086	674	23	1152	1	0	0	0	0	0	0	0	0	0	0	0	0	0	0	0	0	
20.142717	8	3	3	0	1	2	2	4090	674	23	1211	1	0	0	0	0	0	0	0	0	0	0	0	0	0	0	0	0	
21.147833	8	3	3	0	1	2	2	4095	675	23	1271	1	0	0	0	0	0	0	0	0	0	0	0	0	0	0	0	0	
22.154400	8	3	3	0	1	2	2	4099	674	23	1331	1	0	0	0	0	0	0	0	0	0	0	0	0	0	0	0	0	
23.140800	8	3	3	0	1	2	2	4103	674	23	1391	1	0	0	0	0	0	0	0	0	0	0	0	0	0	0	0	0	
24.145917	8	3	3	0	1	2	2	4106	674	23	1451	1	0	0	0	0	0	0	0	0	0	0	0	0	0	0	0	0	
25.151033	8	3	3	0	1	2	2	4110	676	23	1511	1	0	0	0	0	0	0	0	0	0	0	0	0	0	0	0	0	
26.156167	8	3	3	0	1	2	2	4114	674	23	1572	1	0	0	0	0	0	0	0	0	0	0	0	0	0	0	0	0	
27.144000	8	3	3	0	1	2	2	4116	674	23	1631	1	0	0	0	0	0	0	0	0	0	0	0	0	0	0	0	0	
28.149117	8	3	3	0	1	2	2	4122	676	23	1691	1	0	0	0	0	0	0	0	0	0	0	0	0	0	0	0	0	
29.154233	8	3	3	0	1	2	2	4117	663	23	1751	1	0	0	0	0	0	0	0	0	0	0	0	0	0	0	0	0	
30.140633	8	3	3	0	1	2	2	4120	664	23	1811	1	0	0	0	0	0	0	0	0	0	0	0	0	0	0	0	0	
31.145767	8	3	3	0	1	2	2	4123	663	23	1871	1	0	0	0	0	0	0	0	0	0	0	0	0	0	0	0	0	
32.152317	8	3	3	0	1	2	2	4127	663	23	1931	1	0	0	0	0	0	0	0	0	0	0	0	0	0	0	0	0	
33.157433	8	3	3	0	1	2	2	4130	661	23	1992	1	0	0	0	0	0	0	0	0	0	0	0	0	0	0	0	0	
34.143833	8	3	3	0	1	2	2	4133	661	23	2051	1	0	0	0	0	0	0	0	0	0	0	0	0	0	0	0	0	
35.148967	8	3	3	0	1	2	2	4136	660	23	2111	1	0	0	0	0	0	0	0	0	0	0	0	0	0	0	0	0	
36.155517	8	3	3	0	1	2	2	4139	661	23	2171	1	0	0	0	0	0	0	0	0	0	0	0	0	0	0	0	0	
37.141917	8	3	3	0	1	2	2	4142	660	23	2231	1	0	0	0	0	0	0	0	0	0	0	0	0	0	0	0	0	
38.147033	8	3	3	0	1	2	2	4145	661	23	2291	1	0	0	0	0	0	0	0	0	0	0	0	0	0	0	0	0	
39.152167	8	3	3	0	1	2	2	4148	660	23	2351	1	0	0	0	0	0	0	0	0	0	0	0	0	0	0	0	0	
40.157283	8	3	3	0	1	2	2	4150	660	23	2412	1	0	0	0	0	0	0	0	0	0	0	0	0	0	0	0	0	
41.143683	8	3	3	0	1	2	2	4152	658	23	2471	1	0	0	0	0	0	0	0	0	0	0	0	0	0	0	0	0	
42.150233	8	3	3	0	1	2	2	4155	658	23	2531	1	0	0	0	0	0	0	0	0	0	0	0	0	0	0	0	0	
43.155367	8	3	3	0	1	2	2	4159	658	23	2591	1	0	0	0	0	0	0	0	0	0	0	0	0	0	0	0	0	
44.160483	8	3	3	0	1	2	2	4162	657	23	2652	1	0	0	0	0	0	0	0	0	0	0	0	0	0	0	0	0	
45.146883	8	3	3	0	1	2	2	4164	656	23	2711	1	0	0	0	0	0	0	0	0	0	0	0	0	0	0	0	0	
46.152000	8	3	3	0	1	2	2	4167	656	23	2771	1	0	0	0	0	0	0	0	0	0	0	0	0	0	0	0	0	
47.158567	8	3	3	0	1	2	2	4169	654	23	2832	1	0	0	0	0	0	0	0	0	0	0	0	0	0	0	0	0	
48.144967	8	3	3	0	1	2	2	4175	657	22	2891	1	0	0	0	0	0	0	0	0	0	0	0	0	0	0	0	0	
49.150083	8	3	3	0	1	2	2	4177	656	22	2951	1	0	0	0	0	0	0	0	0	0	0	0	0	0	0	0	0	
50.155200	8	3	3	0	1	2	2	4181	656	22	3011	1	0	0	0	0	0	0	0	0	0	0	0	0	0	0	0	0	
51.160317	8	3	3	0	1	2	2	4185	655	22	3072	1	0	0	0	0	0	0	0	0	0	0	0	0	0	0	0	0	
52.148167	8	3	3	0	1	2	2	4189	656	22	3131	1	0	0	0	0	0	0	0	0	0	0	0	0	0	0	0	0	
53.153283	8	3	3	0	1	2	2	4193	654	22	3191	1	0	0	0	0	0	0	0	0	0	0	0	0	0	0	0	0	
54.158400	8	3	3	0	1	2	2	4196	652	22	3252	1	0	0	0	0	0	0	0	0	0	0	0	0	0	0	0	0	
55.144800	8	3	3	0	1	2	2	4198	648	22	3311	1	0	0	0	0	0	0	0	0	0	0	0	0	0	0	0	0	
56.149917	8	3	3	0	1	2	2	4198	641	22	3371	1	0	0	0	0	0	0	0	0	0	0	0	0	0	0	0	0	
57.156483	8	3	3	0	1	2	2	4199	633	22	3431	1	0	0	0	0	0	0	0	0	0	0	0	0	0	0	0	0	
58.144317	8	3	3	0	1	2	2	4198	624	22	3491	1	0	0	0	0	0	0	0	0	0	0	0	0	0	0	0	0	
59.149433	8	3	3	0	1	2	2	4198	616	22	3551	1	0	0	0	0	0	0	0	0	0	0	0	0	0	0	0	0	
60.154567	8	3	3	0	1	2	2	4198	607	22	3611	1	0	0	0	0	0	0	0	0	0	0	0	0	0	0	0	0	
61.159683	8	3	3	0	1	2	2	4198	598	22	3672	1	0	0	0	0	0	0	0	0	0	0	0	0	0	0	0	0	
62.146083	8	3	3	0	1	2	2	4199	588	22	3731	1	0	0	0	0	0	0	0	0	0	0	0	0	0	0	0	0	
63.154083	8	3	3	0	1	2	2	4199	580	22	3791	1	0	0	0	0	0	0	0	0	0	0	0	0	0	0	0	0	
64.159200	8	3	3	0	1	2	2	4199	570	22	3852	1	0	0	0	0	0	0	0	0	0	0	0	0	0	0	0	0	
65.145600	8	3	3	0	1	2	2	4198	560	22	3911	1	0	0	0	0	0	0	0	0	0	0	0	0	0	0	0	0	
66.150717	8	3	3	0	1	2	2	4199	551	22	3971	1	0	0	0	0	0	0	0	0	0	0	0	0	0	0	0	0	
67.157283	8	3	3	0	1	2	2	4199	541	22	4031	1	0	0	0	0	0	0	0	0	0	0	0	0	0	0	0	0	
68.162400	8	3	3	0	1	2	2	4199	533	22	4092	1	0	0	0	0	0	0	0	0	0	0	0	0	0	0	0	0	
69.148800	8	3	3	0	1	2	2	4199	525	22	4151	1	0	0	0	0	0	0	0	0	0	0	0	0	0	0	0	0	
70.153917	8	3	3	0	1	2	2	4199	518	22	4211	1	0	0	0	0	0	0	0	0	0	0	0	0	0	0	0	0	
71.159033	8	3	3	0	1	2	2	4199	512	22	4272	1	0	0	0	0	0	0	0	0	0	0	0	0	0	0	0	0	
72.145433	8	3	3	0	1	2	2	4199	505	22	4331	1	0	0	0	0	0	0	0	0	0	0	0	0	0	0	0	0	
73.152000	8	3	3	0	1	2	2	4199	497	22	4391	1	0	0	0	0	0	0	0	0	0	0	0	0	0	0	0	0	
74.157117	8	3	3	0	1	2	2	4199	490	22	4451	1	0	0	0	0	0	0	0	0	0	0	0	0	0	0	0	0	
75.162233	8	3	3	0	1	2	2	4199	481	22	4512	1	0	0	0	0	0	0	0	0	0	0	0	0	0	0	0	0	
76.148633	8	3	3	0	1	2	2	4198	474	22	4571	1	0	0	0	0	0	0	0	0	0	0	0	0	0	0	0	0	
77.155200	8	3	3	0	1	2	2	4199	466	22	4631	1	0	0	0	0	0	0	0	0	0	0	0	0	0	0	0	0	
78.160317	8	3	3	0	1	2	2	4199	458	22	4692	1	0	0	0	0	0	0	0	0	0	0	0	0	0	0	0	0	
79.146717	8	3	3	0	1	2	2	4199	448	22	4751	1	0	0	0	0	0	0	0	0	0	0	0	0	0	0	0	0	
80.151833	8	3	3	0	1	2	2	4198	439	22	4811	1	0	0	0	0	0	0	0	0	0	0	0	0	0	0	0	0	
81.156967	8	3	3	0	1	2	2	4199	432	22	4871	1	0	0	0	0	0	0	0	0	0	0	0	0	0	0	0	0	
82.162083	8	3	3	0	1	2	2	4199	423	22	4932	1	0	0	0	0	0	0	0	0	0	0	0	0	0	0	0	0	
83.149917	8	3	3	0	1	2	2	4199	415	22	4991	1	0	0	0	0	0	0	0	0	0	0	0	0	0	0	0	0	
84.155033	8	3	3	0	1	2	2	4199	406	22	5051	1	0	0	0	0	0	0	0	0	0	0	0	0	0	0	0	0	
85.160167	8	3	3	0	1	2	2	4199	398	22	5112	1	0	0	0	0	0	0	0	0	0	0	0	0	0	0	0	0	
86.146567	8	3	3	0	1	2	2	4199	390	22	5171	1	0	0	0	0	0	0	0	0	0	0	0	0	0	0	0	0	
87.151683	8	3	3	0	1	2	2	4199	382	22	5231	1	0	0	0	0	0	0	0	0	0	0	0	0	0	0	0	0	
88.158233	8	3	3	0	1	2	2	4199	375	22	5291	1	0	0	0	0	0	0	0	0	0	0	0	0	0	0	0	0	
89.163367	8	3	3	0	1	2	2	4199	367	22	5352	1	0	0	0	0	0	0	0	0	0	0	0	0	0	0	0	0	
90.149767	8	3	3	0	1	2	2	4199	359	22	5411	1	0	0	0	0	0	0	0	0	0	0	0	0	0	0	0	0	
91.154883	8	3	3	0	1	2	2	4198	352	22	5471	1	0	0	0	0	0	0	0	0	0	0	0	0	0	0	0	0	
92.160000	8	3	3	0	1	2	2	4199	344	22	5531	1	0	0	0	0	0	0	0	0	0	0	0	0	0	0	0	0	
93.146400	8	3	3	0	1	2	2	4198	337	22	5591	1	0	0	0	0	0	0	0	0	0	0	0	0	0	0	0	0	
94.152967	8	3	3	0	1	2	2	4199	330	22	5651	1	0	0	0	0	0	0	0	0	0	0	0	0	0	0	0	0	
95.158083	8	3	3	0	1	2	2	4199	324	22	5711	1	0	0	0	0	0	0	0	0	0	0	0	0	0	0	0	0	
96.163200	8	3	3	0	1	2	2	4199	317	22	5772	1	0	0	0	0	0	0	0	0	0	0	0	0	0	0	0	0	
97.149600	8	3	3	0	1	2	2	4199	311	22	5831	1	0	0	0	0	0	0	0	0	0	0	0	0	0	0	0	0	
98.154717	8	3	3	0	1	2	2	4199	304	22	5891	1	0	0	0	0	0	0	0	0	0	0	0	0	0	0	0	0	
99.161283	8	3	3	0	1	2	2	4199	299	22	5951	1	0	0	0	0	0	0	0	0	0	0	0	0	0	0	0	0	
100.147683	8	3	3	0	1	2	2	4199	293	22	6011	1	0	0	0	0	0	0	0	0	0	0	0	0	0	0	0	0	
101.152800	8	3	3	0	1	2	2	4199	286	22	6071	1	0	0	0	0	0	0	0	0	0	0	0	0	0	0	0	0	
102.157917	8	3	3	0	1	2	2	4199	281	22	6131	1	0	0	0	0	0	0	0	0	0	0	0	0	0	0	0	0	
103.164483	8	3	3	0	1	2	2	4199	275	22	6192	1	0	0	0	0	0	0	0	0	0	0	0	0	0	0	0	0	
104.150883	8	3	3	0	1	2	2	4199	269	22	6251	1	0	0	0	0	0	0	0	0	0	0	0	0	0	0	0	0	
105.156000	8	3	3	0	1	2	2	4199	263	22	6311	1	0	0	0	0	0	0	0	0	0	0	0	0	0	0	0	0	
106.161117	8	3	3	0	1	2	2	4199	257	22	6371	1	0	0	0	0	0	0	0	0	0	0	0	0	0	0	0	0	
107.147517	8	3	3	0	1	2	2	4199	252	22	6431	1	0	0	0	0	0	0	0	0	0	0	0	0	0	0	0	0	
108.154083	8	3	3	0	1	2	2	4199	246	22	6491	1	0	0	0	0	0	0	0	0	0	0	0	0	0	0	0	0	
109.159200	8	3	3	0	1	2	2	4199	241	22	6551	1	0	0	0	0	0	0	0	0	0	0	0	0	0	0	0	0	
110.164317	8	3	3	0	1	2	2	4199	235	21	6612	1	0	0	0	0	0	0	0	0	0	0	0	0	0	0	0	0	
111.150717	8	3	3	0	1	2	2	4199	230	22	6671	1	0	0	0	0	0	0	0	0	0	0	0	0	0	0	0	0	
112.157283	8	3	3	0	1	2	2	4199	225	22	6731	1	0	0	0	0	0	0	0	0	0	0	0	0	0	0	0	0	
113.162400	8	3	3	0	1	2	2	4199	220	22	6791	1	0	0	0	0	0	0	0	0	0	0	0	0	0	0	0	0	
114.148800	8	3	3	0	1	2	2	4199	214	22	6851	1	0	0	0	0	0	0	0	0	0	0	0	0	0	0	0	0	
115.153917	8	3	3	0	1	2	2	4199	210	21	6911	1	0	0	0	0	0	0	0	0	0	0	0	0	0	0	0	0	
116.159033	8	3	3	0	1	2	2	4199	205	22	6971	1	0	0	0	0	0	0	0	0	0	0	0	0	0	0	0	0	
117.165600	8	3	3	0	1	2	2	4199	200	21	7032	1	0	0	0	0	0	0	0	0	0	0	0	0	0	0	0	0	
118.152000	8	3	3	0	1	2	2	4199	195	21	7091	1	0	0	0	0	0	0	0	0	0	0	0	0	0	0	0	0	
119.157117	8	3	3	0	1	2	2	4199	193	21	7151	1	0	0	0	0	0	0	0	0	0	0	0	0	0	0	0	0	
120.162233	8	3	3	0	1	2	2	4199	189	21	7211	1	0	0	0	0	0	0	0	0	0	0	0	0	0	0	0	0	
121.148633	8	3	3	0	1	2	2	4198	184	21	7271	1	0	0	0	0	0	0	0	0	0	0	0	0	0	0	0	0	
122.153767	8	3	3	0	1	2	2	4199	178	21	7331	1	0	0	0	0	0	0	0	0	0	0	0	0	0	0	0	0	
123.160317	8	3	3	0	1	2	2	4199	175	21	7391	1	0	0	0	0	0	0	0	0	0	0	0	0	0	0	0	0	
124.165433	8	3	3	0	1	2	2	4198	171	22	7452	1	0	0	0	0	0	0	0	0	0	0	0	0	0	0	0	0	
125.151833	8	3	3	0	1	2	2	4199	167	21	7511	1	0	0	0	0	0	0	0	0	0	0	0	0	0	0	0	0	
126.156967	8	3	3	0	1	2	2	4199	163	21	7571	1	0	0	0	0	0	0	0	0	0	0	0	0	0	0	0	0	
127.162083	8	3	3	0	1	2	2	4199	159	21	7631	1	0	0	0	0	0	0	0	0	0	0	0	0	0	0	0	0	
128.148483	8	3	3	0	1	2	2	4199	156	21	7691	1	0	0	0	0	0	0	0	0	0	0	0	0	0	0	0	0	
129.155033	8	3	3	0	1	2	2	4199	153	21	7751	1	0	0	0	0	0	0	0	0	0	0	0	0	0	0	0	0	
130.160167	8	3	3	0	1	2	2	4199	150	21	7811	1	0	0	0	0	0	0	0	0	0	0	0	0	0	0	0	0	
131.165283	8	3	3	0	1	2	2	4199	145	21	7872	1	0	0	0	0	0	0	0	0	0	0	0	0	0	0	0	0	
132.153117	8	3	3	0	1	2	2	4199	143	21	7931	1	0	0	0	0	0	0	0	0	0	0	0	0	0	0	0	0	
133.158233	8	3	3	0	1	2	2	4199	139	21	7991	1	0	0	0	0	0	0	0	0	0	0	0	0	0	0	0	0	
134.164800	8	3	3	0	1	2	2	4199	136	21	8052	1	0	0	0	0	0	0	0	0	0	0	0	0	0	0	0	0	
135.151200	8	3	3	0	1	2	2	4199	133	21	8111	1	0	0	0	0	0	0	0	0	0	0	0	0	0	0	0	0	
136.156317	8	3	3	0	1	2	2	4199	130	21	8171	1	0	0	0	0	0	0	0	0	0	0	0	0	0	0	0	0	
137.161433	8	3	3	0	1	2	2	4199	128	21	8231	1	0	0	0	0	0	0	0	0	0	0	0	0	0	0	0	0	
138.166567	8	3	3	0	1	2	2	4199	125	21	8292	1	0	0	0	0	0	0	0	0	0	0	0	0	0	0	0	0	
139.157283	8	3	3	0	1	2	2	4199	122	21	8351	1	0	0	0	0	0	0	0	0	0	0	0	0	0	0	0	0	
140.162400	8	3	3	0	1	2	2	4199	118	21	8411	1	0	0	0	0	0	0	0	0	0	0	0	0	0	0	0	0	
141.167517	8	3	3	0	1	2	2	4199	116	21	8472	1	0	0	0	0	0	0	0	0	0	0	0	0	0	0	0	0	
142.153917	8	3	3	0	1	2	2	4198	114	21	8531	1	0	0	0	0	0	0	0	0	0	0	0	0	0	0	0	0	
143.160483	8	3	3	0	1	2	2	4198	111	21	8591	1	0	0	0	0	0	0	0	0	0	0	0	0	0	0	0	0	
144.165600	8	3	3	0	1	2	2	4199	108	21	8652	1	0	0	0	0	0	0	0	0	0	0	0	0	0	0	0	0	
145.152000	8	3	3	0	1	2	2	4198	105	21	8711	1	0	0	0	0	0	0	0	0	0	0	0	0	0	0	0	0	
146.157117	8	3	3	0	1	2	2	4199	103	21	8771	1	0	0	0	0	0	0	0	0	0	0	0	0	0	0	0	0	
147.166567	8	3	3	0	1	2	2	4198	100	21	8832	1	0	0	0	0	0	0	0	0	0	0	0	0	0	0	0	0	
148.152967	8	3	3	0	1	2	2	4198	98	21	8891	1	0	0	0	0	0	0	0	0	0	0	0	0	0	0	0	0	
149.158083	8	3	3	0	1	2	2	4199	97	21	8951	1	0	0	0	0	0	0	0	0	0	0	0	0	0	0	0	0	
150.163200	8	3	3	0	1	2	2	4198	93	21	9011	1	0	0	0	0	0	0	0	0	0	0	0	0	0	0	0	0	
151.168317	8	3	3	0	1	2	2	4198	92	21	9072	1	0	0	0	0	0	0	0	0	0	0	0	0	0	0	0	0	
152.156167	8	3	3	0	1	2	2	4198	90	21	9131	1	0	0	0	0	0	0	0	0	0	0	0	0	0	0	0	0	
153.161283	8	3	3	0	1	2	2	4199	88	21	9191	1	0	0	0	0	0	0	0	0	0	0	0	0	0	0	0	0	
154.166400	8	3	3	0	1	2	2	4198	86	21	9252	1	0	0	0	0	0	0	0	0	0	0	0	0	0	0	0	0	
155.152800	8	3	3	0	1	2	2	4198	84	21	9311	1	0	0	0	0	0	0	0	0	0	0	0	0	0	0	0	0	
156.157917	8	3	3	0	1	2	2	4198	82	21	9371	1	0	0	0	0	0	0	0	0	0	0	0	0	0	0	0	0	
157.163033	8	3	3	0	1	2	2	4198	80	21	9431	1	0	0	0	0	0	0	0	0	0	0	0	0	0	0	0	0	
158.169600	8	3	3	0	1	2	2	4198	79	21	9492	1	0	0	0	0	0	0	0	0	0	0	0	0	0	0	0	0	
159.156000	8	3	3	0	1	2	2	4199	76	21	9551	1	0	0	0	0	0	0	0	0	0	0	0	0	0	0	0	0	
160.161117	8	3	3	0	1	2	2	4198	75	21	9611	1	0	0	0	0	0	0	0	0	0	0	0	0	0	0	0	0	
161.166233	8	3	3	0	1	2	2	4198	73	21	9672	1	0	0	0	0	0	0	0	0	0	0	0	0	0	0	0	0	
162.152633	8	3	3	0	1	2	2	4198	71	21	9731	1	0	0	0	0	0	0	0	0	0	0	0	0	0	0	0	0	
163.159200	8	3	3	0	1	2	2	4199	70	21	9791	1	0	0	0	0	0	0	0	0	0	0	0	0	0	0	0	0	
164.164317	8	3	3	0	1	2	2	4198	68	21	9851	1	0	0	0	0	0	0	0	0	0	0	0	0	0	0	0	0	
164.736000	8	6	3	0	2	7	1	3995	-435	21	9886	1	1	0	0	0	0	0	0	0	0	0	0	0	0	0	0	0	
165.152167	8	6	3	0	2	7	1	3599	-1349	21	9911	1	1	0	0	0	0	0	0	0	0	0	0	0	0	0	0	0	
166.157283	8	6	3	0	2	7	1	3582	-1350	21	9971	1	1	2	0	0	0	0	0	0	0	0	0	0	0	0	0	0	
167.162400	8	6	3	0	2	7	1	3576	-1349	21	10031	1	1	3	0	0	0	0	0	0	0	0	0	0	0	0	0	0	
168.168967	8	6	3	0	2	7	1	3503	-1350	21	10092	1	1	5	0	0	0	0	0	0	0	0	0	0	0	0	0	0	
169.155367	8	6	3	0	2	7	1	3643	-1348	21	10151	1	1	7	0	0	0	0	0	0	0	0	0	0	0	0	0	0	
170.160483	8	6	3	0	2	7	1	3623	-1351	21	10211	1	1	8	0	0	0	0	0	0	0	0	0	0	0	0	0	0	
171.165600	8	6	3	0	2	7	1	3600	-1350	21	10271	1	1	10	0	0	0	0	0	0	0	0	0	0	0	0	0	0	
172.152000	8	6	3	0	2	7	1	3580	-1350	21	10331	1	1	12	0	0	0	0	0	0	0	0	0	0	0	0	0	0	
173.158567	8	6	3	0	2	7	1	3561	-1348	21	10391	1	1	13	0	0	0	0	0	0	0	0	0	0	0	0	0	0	
174.163683	8	6	3	0	2	7	1	3541	-1350	21	10451	1	1	15	0	0	0	0	0	0	0	0	0	0	0	0	0	0	
175.168800	8	6	3	0	2	7	1	3521	-1350	21	10512	1	1	17	0	0	0	0	0	0	0	0	0	0	0	0	0	0	
176.155200	8	6	3	0	2	7	1	3503	-1351	21	10571	1	1	18	0	0	0	0	0	0	0	0	0	0	0	0	0	0	
177.160317	8	6	3	0	2	7	1	3485	-1350	21	10631	1	1	20	0	0	0	0	0	0	0	0	0	0	0	0	0	0	
178.166883	8	6	3	0	2	7	1	3466	-1350	21	10691	1	1	22	0	0	0	0	0	0	0	0	0	0	0	0	0	0	
179.153283	8	6	3	0	2	7	1	3446	-1349	21	10751	1	1	23	0	0	0	0	0	0	0	0	0	0	0	0	0	0	
180.158400	8	6	3	0	2	7	1	3426	-1349	21	10811	1	1	25	0	0	0	0	0	0	0	0	0	0	0	0	0	0	
181.163517	8	6	3	0	2	7	1	3403	-1349	21	10871	1	1	27	0	0	0	0	0	0	0	0	0	0	0	0	0	0	
182.168633	8	6	3	0	2	7	1	3407	-1349	21	10932	1	1	28	0	0	0	0	0	0	0	0	0	0	0	0	0	0	
183.155033	8	6	3	0	2	7	1	3371	-1350	21	10991	1	1	30	0	0	0	0	0	0	0	0	0	0	0	0	0	0	
184.161600	8	6	3	0	2	7	1	3393	-1349	21	11051	1	1	32	0	0	0	0	0	0	0	0	0	0	0	0	0	0	
185.166717	8	6	3	0	2	7	1	3365	-1349	21	11111	1	1	33	0	0	0	0	0	0	0	0	0	0	0	0	0	0	
186.171833	8	6	3	0	2	7	1	3325	-1350	21	11172	1	1	35	0	0	0	0	0	0	0	0	0	0	0	0	0	0	
187.158233	8	6	3	0	2	7	1	3340	-1349	21	11231	1	1	37	0	0	0	0	0	0	0	0	0	0	0	0	0	0	
188.163367	8	6	3	0	2	7	1	3249	-1349	21	11291	1	1	38	0	0	0	0	0	0	0	0	0	0	0	0	0	0	
189.169917	8	6	3	0	2	7	1	3226	-1348	21	11352	1	1	40	0	0	0	0	0	0	0	0	0	0	0	0	0	0	
190.156317	8	6	3	0	2	7	1	3241	-1351	21	11411	1	1	41	0	0	0	0	0	0	0	0	0	0	0	0	0	0	
191.161433	8	6	3	0	2	7	1	3249	-1350	21	11471	1	1	43	0	0	0	0	0	0	0	0	0	0	0	0	0	0	
192.166567	8	6	3	0	2	7	1	3231	-1350	21	11531	1	1	45	0	0	0	0	0	0	0	0	0	0	0	0	0	0	
193.171683	8	6	3	0	2	7	1	3237	-1349	21	11592	1	1	46	0	0	0	0	0	0	0	0	0	0	0	0	0	0	
194.158083	8	6	3	0	2	7	1	3217	-1349	21	11651	1	1	48	0	0	0	0	0	0	0	0	0	0	0	0	0	0	
195.164633	8	6	3	0	2	7	1	3268	-1351	21	11711	1	1	50	0	0	0	0	0	0	0	0	0	0	0	0	0	0	
196.169767	8	6	3	0	2	7	1	3237	-1350	21	11772	1	1	51	0	0	0	0	0	0	0	0	0	0	0	0	0	0	
197.156167	8	6	3	0	2	7	1	3201	-1350	21	11831	1	1	53	0	0	0	0	0	0	0	0	0	0	0	0	0	0	
198.161283	8	6	3	0	2	7	1	3187	-1350	21	11891	1	1	55	0	0	0	0	0	0	0	0	0	0	0	0	0	0	
199.166400	8	6	3	0	2	7	1	3184	-1351	21	11951	1	1	56	0	0	0	0	0	0	0	0	0	0	0	0	0	0	
200.171517	8	6	3	0	2	7	1	3190	-1349	21	12012	1	1	58	0	0	0	0	0	0	0	0	0	0	0	0	0	0	
201.159367	8	6	3	0	2	7	1	3192	-1350	21	12071	1	1	60	0	0	0	0	0	0	0	0	0	0	0	0	0	0	
202.164483	8	6	3	0	2	7	1	3189	-1350	21	12131	1	1	61	0	0	0	0	0	0	0	0	0	0	0	0	0	0	
203.169600	8	6	3	0	2	7	1	3177	-1349	21	12192	1	1	63	0	0	0	0	0	0	0	0	0	0	0	0	0	0	
204.156000	8	6	3	0	2	7	1	3171	-1350	21	12251	1	1	65	0	0	0	0	0	0	0	0	0	0	0	0	0	0	
205.161117	8	6	3	0	2	7	1	3160	-1350	21	12311	1	1	66	0	0	0	0	0	0	0	0	0	0	0	0	0	0	
206.167683	8	6	3	0	2	7	1	3150	-1350	21	12371	1	1	68	0	0	0	0	0	0	0	0	0	0	0	0	0	0	
207.172800	8	6	3	0	2	7	1	3139	-1349	21	12432	1	1	70	0	0	0	0	0	0	0	0	0	0	0	0	0	0	
208.159200	8	6	3	0	2	7	1	3129	-1349	21	12491	1	1	71	0	0	0	0	0	0	0	0	0	0	0	0	0	0	
209.164317	8	6	3	0	2	7	1	3114	-1349	21	12551	1	1	73	0	0	0	0	0	0	0	0	0	0	0	0	0	0	
210.169433	8	6	3	0	2	7	1	3097	-1349	21	12612	1	1	75	0	0	0	0	0	0	0	0	0	0	0	0	0	0	
211.157283	8	6	3	0	2	7	1	3072	-1349	21	12671	1	1	76	0	0	0	0	0	0	0	0	0	0	0	0	0	0	
212.162400	8	6	3	0	2	7	1	3037	-1348	21	12731	1	1	78	0	0	0	0	0	0	0	0	0	0	0	0	0	0	
213.167517	8	6	3	0	2	7	1	2987	-1349	21	12791	1	1	80	0	0	0	0	0	0	0	0	0	0	0	0	0	0	
214.172633	8	6	3	0	2	7	1	2904	-1350	21	12852	1	1	81	0	0	0	0	0	0	0	0	0	0	0	0	0	0	
215.159033	8	6	3	0	2	7	1	2745	-1350	21	12911	1	1	83	0	0	0	0	0	0	0	0	0	0	0	0	0	0	
215.411033	8	15	3	0	1	31	2	3373	470	21	12926	3	1	83	0	0	0	0	0	0	0	0	0	0	0	0	0	0	
215.431200	8	3	3	0	1	2	2	3471	676	21	12927	3	1	83	0	0	0	0	0	0	0	0	0	0	0	0	0	0	
216.168483	8	3	3	0	1	2	2	3684	675	21	12971	3	1	83	0	0	0	0	0	0	0	0	0	0	0	0	0	0	
217.173600	8	3	3	0	1	2	2	3796	675	21	13032	3	1	83	0	0	0	0	0	0	0	0	0	0	0	0	0	0	
218.160000	8	3	3	0	1	2	2	3862	674	21	13091	3	1	83	0	0	0	0	0	0	0	0	0	0	0	0	0	0	
219.165117	8	3	3	0	1	2	2	3897	676	21	13151	3	1	83	0	0	0	0	0	0	0	0	0	0	0	0	0	0	
220.170233	8	3	3	0	1	2	2	3911	674	21	13212	3	1	83	0	0	0	0	0	0	0	0	0	0	0	0	0	0	
221.158083	8	3	3	0	1	2	2	3919	675	22	13271	3	1	83	0	0	0	0	0	0	0	0	0	0	0	0	0	0	
222.163200	8	3	3	0	1	2	2	3926	674	22	13331	3	1	83	0	0	0	0	0	0	0	0	0	0	0	0	0	0	
223.168317	8	3	3	0	1	2	2	3930	673	23	13391	3	1	83	0	0	0	0	0	0	0	0	0	0	0	0	0	0	
224.173433	8	3	3	0	1	2	2	3939	675	24	13452	3	1	83	0	0	0	0	0	0	0	0	0	0	0	0	0	0	
225.159833	8	3	3	0	1	2	2	3951	674	25	13511	3	1	83	0	0	0	0	0	0	0	0	0	0	0	0	0	0	
226.166400	8	3	3	0	1	2	2	3953	674	26	13571	3	1	83	0	0	0	0	0	0	0	0	0	0	0	0	0	0	
227.171517	8	3	3	0	1	2	2	3952	674	27	13631	3	1	83	0	0	0	0	0	0	0	0	0	0	0	0	0	0	
228.157917	8	3	3	0	1	2	2	3958	675	28	13691	3	1	83	0	0	0	0	0	0	0	0	0	0	0	0	0	0	
229.163033	8	3	3	0	1	2	2	3964	675	28	13751	3	1	83	0	0	0	0	0	0	0	0	0	0	0	0	0	0	
230.168167	8	3	3	0	1	2	2	3968	674	29	13811	3	1	83	0	0	0	0	0	0	0	0	0	0	0	0	0	0	
231.174717	8	3	3	0	1	2	2	3978	674	29	13872	3	1	83	0	0	0	0	0	0	0	0	0	0	0	0	0	0	
232.161117	8	3	3	0	1	2	2	3991	674	29	13931	3	1	83	0	0	0	0	0	0	0	0	0	0	0	0	0	0	
233.166233	8	3	3	0	1	2	2	4011	674	30	13991	3	1	83	0	0	0	0	0	0	0	0	0	0	0	0	0	0	
234.171367	8	3	3	0	1	2	2	4027	675	29	14051	3	1	83	0	0	0	0	0	0	0	0	0	0	0	0	0	0	
235.157767	8	3	3	0	1	2	2	4066	675	30	14111	3	1	83	0	0	0	0	0	0	0	0	0	0	0	0	0	0	
236.162883	8	3	3	0	1	2	2	4136	663	30	14171	3	1	83	0	0	0	0	0	0	0	0	0	0	0	0	0	0	
237.169433	8	3	3	0	1	2	2	4119	666	30	14231	3	1	83	0	0	0	0	0	0	0	0	0	0	0	0	0	0	
238.174567	8	3	3	0	1	2	2	4114	675	31	14292	3	1	83	0	0	0	0	0	0	0	0	0	0	0	0	0	0	
239.160967	8	3	3	0	1	2	2	4106	675	31	14351	3	1	83	0	0	0	0	0	0	0	0	0	0	0	0	0	0	
240.166083	8	3	3	0	1	2	2	4129	664	31	14411	3	1	83	0	0	0	0	0	0	0	0	0	0	0	0	0	0	
241.172633	8	3	3	0	1	2	2	4124	664	32	14471	3	1	83	0	0	0	0	0	0	0	0	0	0	0	0	0	0	
242.159033	8	3	3	0	1	2	2	4131	664	32	14531	3	1	83	0	0	0	0	0	0	0	0	0	0	0	0	0	0	
243.164167	8	3	3	0	1	2	2	4130	664	32	14591	3	1	83	0	0	0	0	0	0	0	0	0	0	0	0	0	0	
244.169283	8	3	3	0	1	2	2	4126	663	32	14651	3	1	83	0	0	0	0	0	0	0	0	0	0	0	0	0	0	
245.174400	8	3	3	0	1	2	2	4126	662	32	14712	3	1	83	0	0	0	0	0	0	0	0	0	0	0	0	0	0	
246.160800	8	3	3	0	1	2	2	4130	660	32	14771	3	1	83	0	0	0	0	0	0	0	0	0	0	0	0	0	0	
247.160167	8	3	3	0	1	2	2	4139	662	33	14831	3	1	83	0	0	0	0	0	0	0	0	0	0	0	0	0	0	
248.165283	8	3	3	0	1	2	2	4143	660	33	14891	3	1	83	0	0	0	0	0	0	0	0	0	0	0	0	0	0	
249.170400	8	3	3	0	1	2	2	4136	662	33	14951	3	1	83	0	0	0	0	0	0	0	0	0	0	0	0	0	0	
250.176967	8	3	3	0	1	2	2	4140	659	33	15012	3	1	83	0	0	0	0	0	0	0	0	0	0	0	0	0	0	
251.163367	8	3	3	0	1	2	2	4135	660	33	15071	3	1	83	0	0	0	0	0	0	0	0	0	0	0	0	0	0	
252.168483	8	3	3	0	1	2	2	4140	659	33	15131	3	1	83	0	0	0	0	0	0	0	0	0	0	0	0	0	0	
253.173600	8	3	3	0	1	2	2	4148	658	33	15192	3	1	83	0	0	0	0	0	0	0	0	0	0	0	0	0	0	
254.160000	8	3	3	0	1	2	2	4159	656	33	15251	3	1	83	0	0	0	0	0	0	0	0	0	0	0	0	0	0	
255.165117	8	3	3	0	1	2	2	4161	655	33	15311	3	1	83	0	0	0	0	0	0	0	0	0	0	0	0	0	0	
256.171683	8	3	3	0	1	2	2	4157	656	33	15371	3	1	83	0	0	0	0	0	0	0	0	0	0	0	0	0	0	
257.176800	8	3	3	0	1	2	2	4161	655	33	15432	3	1	83	0	0	0	0	0	0	0	0	0	0	0	0	0	0	
258.163200	8	3	3	0	1	2	2	4165	654	33	15491	3	1	83	0	0	0	0	0	0	0	0	0	0	0	0	0	0	
259.168317	8	3	3	0	1	2	2	4170	655	33	15551	3	1	83	0	0	0	0	0	0	0	0	0	0	0	0	0	0	
260.173433	8	3	3	0	1	2	2	4176	653	33	15612	3	1	83	0	0	0	0	0	0	0	0	0	0	0	0	0	0	
261.159833	8	3	3	0	1	2	2	4178	651	33	15671	3	1	83	0	0	0	0	0	0	0	0	0	0	0	0	0	0	
262.167833	8	3	3	0	1	2	2	4184	650	33	15731	3	1	83	0	0	0	0	0	0	0	0	0	0	0	0	0	0	
263.172967	8	3	3	0	1	2	2	4190	649	33	15791	3	1	83	0	0	0	0	0	0	0	0	0	0	0	0	0	0	
264.159367	8	3	3	0	1	2	2	4192	647	33	15851	3	1	83	0	0	0	0	0	0	0	0	0	0	0	0	0	0	
265.164483	8	3	3	0	1	2	2	4196	646	33	15911	3	1	83	0	0	0	0	0	0	0	0	0	0	0	0	0	0	
266.171033	8	3	3	0	1	2	2	4199	641	33	15971	3	1	83	0	0	0	0	0	0	0	0	0	0	0	0	0	0	
267.176167	8	3	3	0	1	2	2	4199	636	33	16032	3	1	83	0	0	0	0	0	0	0	0	0	0	0	0	0	0	
268.162567	8	3	3	0	1	2	2	4199	627	33	16091	3	1	83	0	0	0	0	0	0	0	0	0	0	0	0	0	0	
269.167683	8	3	3	0	1	2	2	4198	619	33	16151	3	1	83	0	0	0	0	0	0	0	0	0	0	0	0	0	0	
270.172800	8	3	3	0	1	2	2	4199	612	33	16211	3	1	83	0	0	0	0	0	0	0	0	0	0	0	0	0	0	
271.160633	8	3	3	0	1	2	2	4199	602	33	16271	3	1	83	0	0	0	0	0	0	0	0	0	0	0	0	0	0	
272.165767	8	3	3	0	1	2	2	4198	593	33	16331	3	1	83	0	0	0	0	0	0	0	0	0	0	0	0	0	0	
273.170883	8	3	3	0	1	2	2	4198	586	33	16391	3	1	83	0	0	0	0	0	0	0	0	0	0	0	0	0	0	
274.176000	8	3	3	0	1	2	2	4199	578	33	16452	3	1	83	0	0	0	0	0	0	0	0	0	0	0	0	0	0	
275.162400	8	3	3	0	1	2	2	4199	570	33	16511	3	1	83	0	0	0	0	0	0	0	0	0	0	0	0	0	0	
276.168967	8	3	3	0	1	2	2	4199	562	33	16571	3	1	83	0	0	0	0	0	0	0	0	0	0	0	0	0	0	
277.174083	8	3	3	0	1	2	2	4199	555	33	16631	3	1	83	0	0	0	0	0	0	0	0	0	0	0	0	0	0	
278.179200	8	3	3	0	1	2	2	4199	547	33	16692	3	1	83	0	0	0	0	0	0	0	0	0	0	0	0	0	0	
279.165600	8	3	3	0	1	2	2	4199	540	33	16751	3	1	83	0	0	0	0	0	0	0	0	0	0	0	0	0	0	
280.170717	8	3	3	0	1	2	2	4198	534	33	16811	3	1	83	0	0	0	0	0	0	0	0	0	0	0	0	0	0	
281.177283	8	3	3	0	1	2	2	4199	530	33	16872	3	1	83	0	0	0	0	0	0	0	0	0	0	0	0	0	0	
282.165117	8	3	3	0	1	2	2	4199	525	33	16931	3	1	83	0	0	0	0	0	0	0	0	0	0	0	0	0	0	
283.170233	8	3	3	0	1	2	2	4199	521	33	16991	3	1	83	0	0	0	0	0	0	0	0	0	0	0	0	0	0	
284.175367	8	3	3	0	1	2	2	4199	515	33	17052	3	1	83	0	0	0	0	0	0	0	0	0	0	0	0	0	0	
285.163200	8	3	3	0	1	2	2	4199	509	33	17111	3	1	83	0	0	0	0	0	0	0	0	0	0	0	0	0	0	
286.168317	8	3	3	0	1	2	2	4199	504	33	17171	3	1	83	0	0	0	0	0	0	0	0	0	0	0	0	0	0	
287.173433	8	3	3	0	1	2	2	4199	499	33	17231	3	1	83	0	0	0	0	0	0	0	0	0	0	0	0	0	0	
288.178567	8	3	3	0	1	2	2	4199	492	33	17292	3	1	83	0	0	0	0	0	0	0	0	0	0	0	0	0	0	
289.164967	8	3	3	0	1	2	2	4199	486	33	17351	3	1	83	0	0	0	0	0	0	0	0	0	0	0	0	0	0	
290.170083	8	3	3	0	1	2	2	4199	477	33	17411	3	1	83	0	0	0	0	0	0	0	0	0	0	0	0	0	0	
291.176633	8	3	3	0	1	2	2	4199	466	33	17471	3	1	83	0	0	0	0	0	0	0	0	0	0	0	0	0	0	
292.163033	8	3	3	0	1	2	2	4199	458	33	17531	3	1	83	0	0	0	0	0	0	0	0	0	0	0	0	0	0	
293.168167	8	3	3	0	1	2	2	4198	446	33	17591	3	1	83	0	0	0	0	0	0	0	0	0	0	0	0	0	0	
294.173283	8	3	3	0	1	2	2	4199	438	32	17651	3	1	83	0	0	0	0	0	0	0	0	0	0	0	0	0	0	
295.178400	8	3	3	0	1	2	2	4199	434	33	17712	3	1	83	0	0	0	0	0	0	0	0	0	0	0	0	0	0	
296.164800	8	3	3	0	1	2	2	4199	422	32	17771	3	1	83	0	0	0	0	0	0	0	0	0	0	0	0	0	0	
297.171367	8	3	3	0	1	2	2	4199	413	32	17831	3	1	83	0	0	0	0	0	0	0	0	0	0	0	0	0	0	
298.176483	8	3	3	0	1	2	2	4199	401	32	17891	3	1	83	0	0	0	0	0	0	0	0	0	0	0	0	0	0	
299.162883	8	3	3	0	1	2	2	4199	392	32	17951	3	1	83	0	0	0	0	0	0	0	0	0	0	0	0	0	0	
300.168000	8	3	3	0	1	2	2	4199	386	32	18011	3	1	83	0	0	0	0	0	0	0	0	0	0	0	0	0	0	
301.173117	8	3	3	0	1	2	2	4199	382	32	18071	3	1	83	0	0	0	0	0	0	0	0	0	0	0	0	0	0	
302.179683	8	3	3	0	1	2	2	4199	365	32	18132	3	1	83	0	0	0	0	0	0	0	0	0	0	0	0	0	0	
303.166083	8	3	3	0	1	2	2	4199	352	32	18191	3	1	83	0	0	0	0	0	0	0	0	0	0	0	0	0	0	
304.171200	8	3	3	0	1	2	2	4199	349	32	18251	3	1	83	0	0	0	0	0	0	0	0	0	0	0	0	0	0	
305.176317	8	3	3	0	1	2	2	4199	343	32	18311	3	1	83	0	0	0	0	0	0	0	0	0	0	0	0	0	0	
306.162717	8	3	3	0	1	2	2	4199	333	32	18371	3	1	83	0	0	0	0	0	0	0	0	0	0	0	0	0	0	
307.167833	8	3	3	0	1	2	2	4199	323	32	18431	3	1	83	0	0	0	0	0	0	0	0	0	0	0	0	0	0	
308.174400	8	3	3	0	1	2	2	4199	322	32	18491	3	1	83	0	0	0	0	0	0	0	0	0	0	0	0	0	0	
309.179517	8	3	3	0	1	2	2	4199	316	32	18552	3	1	83	0	0	0	0	0	0	0	0	0	0	0	0	0	0	
310.165917	8	3	3	0	1	2	2	4199	309	32	18611	3	1	83	0	0	0	0	0	0	0	0	0	0	0	0	0	0	
311.171033	8	3	3	0	1	2	2	4199	297	32	18671	3	1	83	0	0	0	0	0	0	0	0	0	0	0	0	0	0	
312.176167	8	3	3	0	1	2	2	4199	296	32	18731	3	1	83	0	0	0	0	0	0	0	0	0	0	0	0	0	0	
313.164000	8	3	3	0	1	2	2	4199	283	32	18791	3	1	83	0	0	0	0	0	0	0	0	0	0	0	0	0	0	
314.169117	8	3	3	0	1	2	2	4199	272	32	18851	3	1	83	0	0	0	0	0	0	0	0	0	0	0	0	0	0	
315.174233	8	3	3	0	1	2	2	4199	263	32	18911	3	1	83	0	0	0	0	0	0	0	0	0	0	0	0	0	0	
316.179367	8	3	3	0	1	2	2	4199	255	32	18972	3	1	83	0	0	0	0	0	0	0	0	0	0	0	0	0	0	
317.165767	8	3	3	0	1	2	2	4199	248	32	19031	3	1	83	0	0	0	0	0	0	0	0	0	0	0	0	0	0	
318.172317	8	3	3	0	1	2	2	4199	242	32	19091	3	1	83	0	0	0	0	0	0	0	0	0	0	0	0	0	0	
319.177433	8	3	3	0	1	2	2	4199	232	32	19151	3	1	83	0	0	0	0	0	0	0	0	0	0	0	0	0	0	
320.163833	8	3	3	0	1	2	2	4199	229	32	19211	3	1	83	0	0	0	0	0	0	0	0	0	0	0	0	0	0	
321.168967	8	3	3	0	1	2	2	4199	229	32	19271	3	1	83	0	0	0	0	0	0	0	0	0	0	0	0	0	0	
322.174083	8	3	3	0	1	2	2	4199	228	32	19331	3	1	83	0	0	0	0	0	0	0	0	0	0	0	0	0	0	
323.180633	8	3	3	0	1	2	2	4199	223	32	19392	3	1	83	0	0	0	0	0	0	0	0	0	0	0	0	0	0	
324.167033	8	3	3	0	1	2	2	4199	221	32	19451	3	1	83	0	0	0	0	0	0	0	0	0	0	0	0	0	0	
325.172167	8	3	3	0	1	2	2	4199	216	32	19511	3	1	83	0	0	0	0	0	0	0	0	0	0	0	0	0	0	
326.177283	8	3	3	0	1	2	2	4199	216	32	19571	3	1	83	0	0	0	0	0	0	0	0	0	0	0	0	0	0	
327.182400	8	3	3	0	1	2	2	4199	208	32	19632	3	1	83	0	0	0	0	0	0	0	0	0	0	0	0	0	0	
328.168800	8	3	3	0	1	2	2	4199	201	32	19691	3	1	83	0	0	0	0	0	0	0	0	0	0	0	0	0	0	
329.175367	8	3	3	0	1	2	2	4198	196	32	19751	3	1	83	0	0	0	0	0	0	0	0	0	0	0	0	0	0	
330.180483	8	3	3	0	1	2	2	4199	192	32	19812	3	1	83	0	0	0	0	0	0	0	0	0	0	0	0	0	0	
331.166883	8	3	3	0	1	2	2	4199	185	32	19871	3	1	83	0	0	0	0	0	0	0	0	0	0	0	0	0	0	
332.172000	8	3	3	0	1	2	2	4199	181	32	19931	3	1	83	0	0	0	0	0	0	0	0	0	0	0	0	0	0	
333.177117	8	3	3	0	1	2	2	4198	183	32	19991	3	1	83	0	0	0	0	0	0	0	0	0	0	0	0	0	0	
334.182233	8	3	3	0	1	2	2	4199	179	32	20052	3	1	83	0	0	0	0	0	0	0	0	0	0	0	0	0	0	
335.170083	8	3	3	0	1	2	2	4199	176	32	20111	3	1	83	0	0	0	0	0	0	0	0	0	0	0	0	0	0	
336.175200	8	3	3	0	1	2	2	4199	173	32	20171	3	1	83	0	0	0	0	0	0	0	0	0	0	0	0	0	0	
337.180317	8	3	3	0	1	2	2	4199	171	32	20232	3	1	83	0	0	0	0	0	0	0	0	0	0	0	0	0	0	
338.166717	8	3	3	0	1	2	2	4198	165	32	20291	3	1	83	0	0	0	0	0	0	0	0	0	0	0	0	0	0	
339.174717	8	3	3	0	1	2	2	4199	164	32	20351	3	1	83	0	0	0	0	0	0	0	0	0	0	0	0	0	0	
340.179833	8	3	3	0	1	2	2	4198	159	32	20411	3	1	83	0	0	0	0	0	0	0	0	0	0	0	0	0	0	
341.166233	8	3	3	0	1	2	2	4198	157	32	20471	3	1	83	0	0	0	0	0	0	0	0	0	0	0	0	0	0	
342.171367	8	3	3	0	1	2	2	4198	156	32	20531	3	1	83	0	0	0	0	0	0	0	0	0	0	0	0	0	0	
343.176483	8	3	3	0	1	2	2	4199	153	32	20591	3	1	83	0	0	0	0	0	0	0	0	0	0	0	0	0	0	
344.183033	8	3	3	0	1	2	2	4199	150	32	20652	3	1	83	0	0	0	0	0	0	0	0	0	0	0	0	0	0	
345.169433	8	3	3	0	1	2	2	4199	149	32	20711	3	1	83	0	0	0	0	0	0	0	0	0	0	0	0	0	0	
346.174567	8	3	3	0	1	2	2	4198	147	32	20771	3	1	83	0	0	0	0	0	0	0	0	0	0	0	0	0	0	
347.179683	8	3	3	0	1	2	2	4198	144	32	20831	3	1	83	0	0	0	0	0	0	0	0	0	0	0	0	0	0	
348.166083	8	3	3	0	1	2	2	4199	143	32	20891	3	1	83	0	0	0	0	0	0	0	0	0	0	0	0	0	0	
349.172633	8	3	3	0	1	2	2	4199	142	32	20951	3	1	83	0	0	0	0	0	0	0	0	0	0	0	0	0	0	
350.177767	8	3	3	0	1	2	2	4199	139	32	21011	3	1	83	0	0	0	0	0	0	0	0	0	0	0	0	0	0	
351.182883	8	3	3	0	1	2	2	4199	133	32	21072	3	1	83	0	0	0	0	0	0	0	0	0	0	0	0	0	0	
352.169283	8	3	3	0	1	2	2	4198	128	32	21131	3	1	83	0	0	0	0	0	0	0	0	0	0	0	0	0	0	
353.174400	8	3	3	0	1	2	2	4199	121	32	21191	3	1	83	0	0	0	0	0	0	0	0	0	0	0	0	0	0	
354.180967	8	3	3	0	1	2	2	4199	120	32	21251	3	1	83	0	0	0	0	0	0	0	0	0	0	0	0	0	0	
355.167367	8	3	3	0	1	2	2	4199	118	32	21311	3	1	83	0	0	0	0	0	0	0	0	0	0	0	0	0	0	
356.172483	8	3	3	0	1	2	2	4199	115	32	21371	3	1	83	0	0	0	0	0	0	0	0	0	0	0	0	0	0	
357.177600	8	3	3	0	1	2	2	4198	113	32	21431	3	1	83	0	0	0	0	0	0	0	0	0	0	0	0	0	0	
358.182717	8	3	3	0	1	2	2	4198	112	32	21492	3	1	83	0	0	0	0	0	0	0	0	0	0	0	0	0	0	
359.170567	8	3	3	0	1	2	2	4199	111	32	21551	3	1	83	0	0	0	0	0	0	0	0	0	0	0	0	0	0	
360.175683	8	3	3	0	1	2	2	4198	108	32	21611	3	1	83	0	0	0	0	0	0	0	0	0	0	0	0	0	0	
361.180800	8	3	3	0	1	2	2	4198	107	32	21671	3	1	83	0	0	0	0	0	0	0	0	0	0	0	0	0	0	
362.167200	8	3	3	0	1	2	2	4199	105	32	21731	3	1	83	0	0	0	0	0	0	0	0	0	0	0	0	0	0	
363.172317	8	3	3	0	1	2	2	4199	103	32	21791	3	1	83	0	0	0	0	0	0	0	0	0	0	0	0	0	0	
364.177433	8	3	3	0	1	2	2	4198	103	32	21851	3	1	83	0	0	0	0	0	0	0	0	0	0	0	0	0	0	
365.184000	8	3	3	0	1	2	2	4199	100	32	21912	3	1	83	0	0	0	0	0	0	0	0	0	0	0	0	0	0	
366.170400	8	3	3	0	1	2	2	4198	99	32	21971	3	1	83	0	0	0	0	0	0	0	0	0	0	0	0	0	0	
367.175517	8	3	3	0	1	2	2	4198	98	32	22031	3	1	83	0	0	0	0	0	0	0	0	0	0	0	0	0	0	
368.180633	8	3	3	0	1	2	2	4199	97	32	22091	3	1	83	0	0	0	0	0	0	0	0	0	0	0	0	0	0	
369.185767	8	3	3	0	1	2	2	4199	95	32	22152	3	1	83	0	0	0	0	0	0	0	0	0	0	0	0	0	0	
370.172167	8	3	3	0	1	2	2	4198	94	32	22211	3	1	83	0	0	0	0	0	0	0	0	0	0	0	0	0	0	
371.181600	8	3	3	0	1	2	2	4199	92	32	22271	3	1	83	0	0	0	0	0	0	0	0	0	0	0	0	0	0	
372.168000	8	3	3	0	1	2	2	4198	90	32	22331	3	1	83	0	0	0	0	0	0	0	0	0	0	0	0	0	0	
373.173117	8	3	3	0	1	2	2	4198	88	32	22391	3	1	83	0	0	0	0	0	0	0	0	0	0	0	0	0	0	
374.179683	8	3	3	0	1	2	2	4198	87	32	22451	3	1	83	0	0	0	0	0	0	0	0	0	0	0	0	0	0	
375.184800	8	3	3	0	1	2	2	4198	86	32	22512	3	1	83	0	0	0	0	0	0	0	0	0	0	0	0	0	0	
376.171200	8	3	3	0	1	2	2	4199	85	32	22571	3	1	83	0	0	0	0	0	0	0	0	0	0	0	0	0	0	
377.176317	8	3	3	0	1	2	2	4199	83	32	22631	3	1	83	0	0	0	0	0	0	0	0	0	0	0	0	0	0	
378.181433	8	3	3	0	1	2	2	4199	83	32	22691	3	1	83	0	0	0	0	0	0	0	0	0	0	0	0	0	0	
379.167833	8	3	3	0	1	2	2	4199	82	32	22751	3	1	83	0	0	0	0	0	0	0	0	0	0	0	0	0	0	
380.174400	8	3	3	0	1	2	2	4199	80	32	22811	3	1	83	0	0	0	0	0	0	0	0	0	0	0	0	0	0	
381.179517	8	3	3	0	1	2	2	4198	77	32	22871	3	1	83	0	0	0	0	0	0	0	0	0	0	0	0	0	0	
382.184633	8	3	3	0	1	2	2	4198	76	32	22932	3	1	83	0	0	0	0	0	0	0	0	0	0	0	0	0	0	
383.171033	8	3	3	0	1	2	2	4198	74	32	22991	3	1	83	0	0	0	0	0	0	0	0	0	0	0	0	0	0	
384.176167	8	3	3	0	1	2	2	4198	72	32	23051	3	1	83	0	0	0	0	0	0	0	0	0	0	0	0	0	0	
385.182717	8	3	3	0	1	2	2	4198	71	32	23111	3	1	83	0	0	0	0	0	0	0	0	0	0	0	0	0	0	
386.187833	8	3	3	0	1	2	2	4198	68	32	23172	3	1	83	0	0	0	0	0	0	0	0	0	0	0	0	0	0	
387.174233	8	3	3	0	1	2	2	4198	67	32	23231	3	1	83	0	0	0	0	0	0	0	0	0	0	0	0	0	0	
387.200167	8	6	3	0	2	7	1	3653	-1349	32	23232	3	2	0	0	0	0	0	0	0	0	0	0	0	0	0	0	0	
388.180800	8	6	3	0	2	7	1	3625	-1348	32	23291	3	2	1	0	0	0	0	0	0	0	0	0	0	0	0	0	0	
389.187367	8	6	3	0	2	7	1	3657	-1351	32	23352	3	2	3	0	0	0	0	0	0	0	0	0	0	0	0	0	0	
390.173767	8	6	3	0	2	7	1	3643	-1349	32	23411	3	2	4	0	0	0	0	0	0	0	0	0	0	0	0	0	0	
391.178883	8	6	3	0	2	7	1	3628	-1348	32	23471	3	2	6	0	0	0	0	0	0	0	0	0	0	0	0	0	0	
392.184000	8	6	3	0	2	7	1	3610	-1350	32	23531	3	2	8	0	0	0	0	0	0	0	0	0	0	0	0	0	0	
393.170400	8	6	3	0	2	7	1	3593	-1349	32	23591	3	2	9	0	0	0	0	0	0	0	0	0	0	0	0	0	0	
394.175517	8	6	3	0	2	7	1	3576	-1351	32	23651	3	2	11	0	0	0	0	0	0	0	0	0	0	0	0	0	0	
395.182083	8	6	3	0	2	7	1	3561	-1350	32	23711	3	2	13	0	0	0	0	0	0	0	0	0	0	0	0	0	0	
396.187200	8	6	3	0	2	7	1	3545	-1350	32	23772	3	2	14	0	0	0	0	0	0	0	0	0	0	0	0	0	0	
397.173600	8	6	3	0	2	7	1	3528	-1350	32	23831	3	2	16	0	0	0	0	0	0	0	0	0	0	0	0	0	0	
398.178717	8	6	3	0	2	7	1	3512	-1350	32	23891	3	2	18	0	0	0	0	0	0	0	0	0	0	0	0	0	0	
399.185283	8	6	3	0	2	7	1	3494	-1349	32	23951	3	2	19	0	0	0	0	0	0	0	0	0	0	0	0	0	0	
400.171683	8	6	3	0	2	7	1	3476	-1351	32	24011	3	2	21	0	0	0	0	0	0	0	0	0	0	0	0	0	0	
401.176800	8	6	3	0	2	7	1	3455	-1351	32	24071	3	2	23	0	0	0	0	0	0	0	0	0	0	0	0	0	0	
402.181917	8	6	3	0	2	7	1	3435	-1349	32	24131	3	2	24	0	0	0	0	0	0	0	0	0	0	0	0	0	0	
403.187033	8	6	3	0	2	7	1	3415	-1349	32	24192	3	2	26	0	0	0	0	0	0	0	0	0	0	0	0	0	0	
404.173433	8	6	3	0	2	7	1	3401	-1350	32	24251	3	2	28	0	0	0	0	0	0	0	0	0	0	0	0	0	0	
405.180000	8	6	3	0	2	7	1	3391	-1349	32	24311	3	2	29	0	0	0	0	0	0	0	0	0	0	0	0	0	0	
406.185117	8	6	3	0	2	7	1	3380	-1352	32	24371	3	2	31	0	0	0	0	0	0	0	0	0	0	0	0	0	0	
407.171517	8	6	3	0	2	7	1	3369	-1349	32	24431	3	2	33	0	0	0	0	0	0	0	0	0	0	0	0	0	0	
408.176633	8	6	3	0	2	7	1	3362	-1349	32	24491	3	2	34	0	0	0	0	0	0	0	0	0	0	0	0	0	0	
409.181767	8	6	3	0	2	7	1	3351	-1350	32	24551	3	2	36	0	0	0	0	0	0	0	0	0	0	0	0	0	0	
410.186883	8	6	3	0	2	7	1	3343	-1349	32	24612	3	2	37	0	0	0	0	0	0	0	0	0	0	0	0	0	0	
411.174717	8	6	3	0	2	7	1	3333	-1349	32	24671	3	2	39	0	0	0	0	0	0	0	0	0	0	0	0	0	0	
412.179833	8	6	3	0	2	7	1	3321	-1350	32	24731	3	2	41	0	0	0	0	0	0	0	0	0	0	0	0	0	0	
413.184967	8	6	3	0	2	7	1	3314	-1348	32	24791	3	2	42	0	0	0	0	0	0	0	0	0	0	0	0	0	0	
414.171367	8	6	3	0	2	7	1	3307	-1349	32	24851	3	2	44	0	0	0	0	0	0	0	0	0	0	0	0	0	0	
415.176483	8	6	3	0	2	7	1	3298	-1348	32	24911	3	2	46	0	0	0	0	0	0	0	0	0	0	0	0	0	0	
416.183033	8	6	3	0	2	7	1	3291	-1349	32	24971	3	2	47	0	0	0	0	0	0	0	0	0	0	0	0	0	0	
417.188167	8	6	3	0	2	7	1	3284	-1348	32	25032	3	2	49	0	0	0	0	0	0	0	0	0	0	0	0	0	0	
418.174567	8	6	3	0	2	7	1	3278	-1348	32	25091	3	2	51	0	0	0	0	0	0	0	0	0	0	0	0	0	0	
419.179683	8	6	3	0	2	7	1	3270	-1350	32	25151	3	2	52	0	0	0	0	0	0	0	0	0	0	0	0	0	0	
420.184800	8	6	3	0	2	7	1	3260	-1349	32	25211	3	2	54	0	0	0	0	0	0	0	0	0	0	0	0	0	0	
421.171200	8	6	3	0	2	7	1	3253	-1350	32	25271	3	2	56	0	0	0	0	0	0	0	0	0	0	0	0	0	0	
422.177767	8	6	3	0	2	7	1	3250	-1350	32	25331	3	2	57	0	0	0	0	0	0	0	0	0	0	0	0	0	0	
423.182883	8	6	3	0	2	7	1	3247	-1350	32	25391	3	2	59	0	0	0	0	0	0	0	0	0	0	0	0	0	0	
424.188000	8	6	3	0	2	7	1	3240	-1350	32	25452	3	2	61	0	0	0	0	0	0	0	0	0	0	0	0	0	0	
425.174400	8	6	3	0	2	7	1	3234	-1349	32	25511	3	2	62	0	0	0	0	0	0	0	0	0	0	0	0	0	0	
426.180967	8	6	3	0	2	7	1	3226	-1349	32	25571	3	2	64	0	0	0	0	0	0	0	0	0	0	0	0	0	0	
427.186083	8	6	3	0	2	7	1	3218	-1349	32	25631	3	2	66	0	0	0	0	0	0	0	0	0	0	0	0	0	0	
428.172483	8	6	3	0	2	7	1	3210	-1350	32	25691	3	2	67	0	0	0	0	0	0	0	0	0	0	0	0	0	0	
429.177600	8	6	3	0	2	7	1	3200	-1349	32	25751	3	2	69	0	0	0	0	0	0	0	0	0	0	0	0	0	0	
430.182717	8	6	3	0	2	7	1	3189	-1348	32	25811	3	2	71	0	0	0	0	0	0	0	0	0	0	0	0	0	0	
431.187833	8	6	3	0	2	7	1	3174	-1350	32	25872	3	2	72	0	0	0	0	0	0	0	0	0	0	0	0	0	0	
432.175683	8	6	3	0	2	7	1	3158	-1348	32	25931	3	2	74	0	0	0	0	0	0	0	0	0	0	0	0	0	0	
433.180800	8	6	3	0	2	7	1	3136	-1349	32	25991	3	2	76	0	0	0	0	0	0	0	0	0	0	0	0	0	0	
434.185917	8	6	3	0	2	7	1	3105	-1348	32	26051	3	2	77	0	0	0	0	0	0	0	0	0	0	0	0	0	0	
435.191033	8	6	3	0	2	7	1	3059	-1351	32	26112	3	2	79	0	0	0	0	0	0	0	0	0	0	0	0	0	0	
436.177433	8	6	3	0	2	7	1	2981	-1347	32	26171	3	2	81	0	0	0	0	0	0	0	0	0	0	0	0	0	0	
437.182567	8	6	3	0	2	7	1	2820	-1350	32	26231	3	2	82	0	0	0	0	0	0	0	0	0	0	0	0	0	0	
437.641917	8	15	3	0	1	31	2	3270	492	32	26259	5	2	83	0	0	0	0	0	0	0	0	0	0	0	0	0	0	
437.663517	8	3	3	0	1	2	2	3350	678	32	26260	5	2	83	0	0	0	0	0	0	0	0	0	0	0	0	0	0	
438.173283	8	3	3	0	1	2	2	3540	674	32	26291	5	2	83	0	0	0	0	0	0	0	0	0	0	0	0	0	0	
439.178400	8	3	3	0	1	2	2	3673	675	32	26351	5	2	83	0	0	0	0	0	0	0	0	0	0	0	0	0	0	
440.183517	8	3	3	0	1	2	2	3740	675	32	26411	5	2	83	0	0	0	0	0	0	0	0	0	0	0	0	0	0	
441.190083	8	3	3	0	1	2	2	3793	675	32	26472	5	2	83	0	0	0	0	0	0	0	0	0	0	0	0	0	0	
442.176483	8	3	3	0	1	2	2	3835	674	32	26531	5	2	83	0	0	0	0	0	0	0	0	0	0	0	0	0	0	
443.181600	8	3	3	0	1	2	2	3865	674	32	26591	5	2	83	0	0	0	0	0	0	0	0	0	0	0	0	0	0	
444.186717	8	3	3	0	1	2	2	3876	674	32	26651	5	2	83	0	0	0	0	0	0	0	0	0	0	0	0	0	0	
445.191833	8	3	3	0	1	2	2	3886	675	32	26712	5	2	83	0	0	0	0	0	0	0	0	0	0	0	0	0	0	
446.178233	8	3	3	0	1	2	2	3892	674	32	26771	5	2	83	0	0	0	0	0	0	0	0	0	0	0	0	0	0	
447.184800	8	3	3	0	1	2	2	3899	674	32	26831	5	2	83	0	0	0	0	0	0	0	0	0	0	0	0	0	0	
448.189917	8	3	3	0	1	2	2	3905	674	32	26892	5	2	83	0	0	0	0	0	0	0	0	0	0	0	0	0	0	
449.176317	8	3	3	0	1	2	2	3911	675	32	26951	5	2	83	0	0	0	0	0	0	0	0	0	0	0	0	0	0	
450.181433	8	3	3	0	1	2	2	3916	674	32	27011	5	2	83	0	0	0	0	0	0	0	0	0	0	0	0	0	0	
451.186567	8	3	3	0	1	2	2	3921	673	32	27071	5	2	83	0	0	0	0	0	0	0	0	0	0	0	0	0	0	
452.193117	8	3	3	0	1	2	2	3928	674	32	27132	5	2	83	0	0	0	0	0	0	0	0	0	0	0	0	0	0	
453.179517	8	3	3	0	1	2	2	3934	674	32	27191	5	2	83	0	0	0	0	0	0	0	0	0	0	0	0	0	0	
454.184633	8	3	3	0	1	2	2	3940	674	32	27251	5	2	83	0	0	0	0	0	0	0	0	0	0	0	0	0	0	
455.189767	8	3	3	0	1	2	2	3946	674	32	27312	5	2	83	0	0	0	0	0	0	0	0	0	0	0	0	0	0	
456.176167	8	3	3	0	1	2	2	3953	674	32	27371	5	2	83	0	0	0	0	0	0	0	0	0	0	0	0	0	0	
457.182717	8	3	3	0	1	2	2	3959	674	32	27431	5	2	83	0	0	0	0	0	0	0	0	0	0	0	0	0	0	
458.187833	8	3	3	0	1	2	2	3965	674	32	27491	5	2	83	0	0	0	0	0	0	0	0	0	0	0	0	0	0	
459.192967	8	3	3	0	1	2	2	3971	675	32	27552	5	2	83	0	0	0	0	0	0	0	0	0	0	0	0	0	0	
460.179367	8	3	3	0	1	2	2	3976	674	32	27611	5	2	83	0	0	0	0	0	0	0	0	0	0	0	0	0	0	
461.187367	8	3	3	0	1	2	2	3980	674	32	27671	5	2	83	0	0	0	0	0	0	0	0	0	0	0	0	0	0	
462.192483	8	3	3	0	1	2	2	3985	675	32	27732	5	2	83	0	0	0	0	0	0	0	0	0	0	0	0	0	0	
463.178883	8	3	3	0	1	2	2	3989	674	32	27791	5	2	83	0	0	0	0	0	0	0	0	0	0	0	0	0	0	
464.184000	8	3	3	0	1	2	2	3992	674	32	27851	5	2	83	0	0	0	0	0	0	0	0	0	0	0	0	0	0	
465.189117	8	3	3	0	1	2	2	3996	674	32	27911	5	2	83	0	0	0	0	0	0	0	0	0	0	0	0	0	0	
466.175517	8	3	3	0	1	2	2	3999	675	32	27971	5	2	83	0	0	0	0	0	0	0	0	0	0	0	0	0	0	
467.182083	8	3	3	0	1	2	2	4002	675	32	28031	5	2	83	0	0	0	0	0	0	0	0	0	0	0	0	0	0	
468.187200	8	3	3	0	1	2	2	4004	674	32	28091	5	2	83	0	0	0	0	0	0	0	0	0	0	0	0	0	0	
469.192317	8	3	3	0	1	2	2	4007	674	32	28152	5	2	83	0	0	0	0	0	0	0	0	0	0	0	0	0	0	
470.178717	8	3	3	0	1	2	2	4010	674	32	28211	5	2	83	0	0	0	0	0	0	0	0	0	0	0	0	0	0	
471.185283	8	3	3	0	1	2	2	4013	674	32	28271	5	2	83	0	0	0	0	0	0	0	0	0	0	0	0	0	0	
472.190400	8	3	3	0	1	2	2	4017	675	32	28331	5	2	83	0	0	0	0	0	0	0	0	0	0	0	0	0	0	
473.176800	8	3	3	0	1	2	2	4019	673	32	28391	5	2	83	0	0	0	0	0	0	0	0	0	0	0	0	0	0	
474.181917	8	3	3	0	1	2	2	4023	674	32	28451	5	2	83	0	0	0	0	0	0	0	0	0	0	0	0	0	0	
475.187033	8	3	3	0	1	2	2	4026	674	32	28511	5	2	83	0	0	0	0	0	0	0	0	0	0	0	0	0	0	
476.193600	8	3	3	0	1	2	2	4029	674	32	28572	5	2	83	0	0	0	0	0	0	0	0	0	0	0	0	0	0	
477.180000	8	3	3	0	1	2	2	4033	674	32	28631	5	2	83	0	0	0	0	0	0	0	0	0	0	0	0	0	0	
478.185117	8	3	3	0	1	2	2	4036	674	32	28691	5	2	83	0	0	0	0	0	0	0	0	0	0	0	0	0	0	
479.190233	8	3	3	0	1	2	2	4039	674	32	28751	5	2	83	0	0	0	0	0	0	0	0	0	0	0	0	0	0	
480.176633	8	3	3	0	1	2	2	4042	674	32	28811	5	2	83	0	0	0	0	0	0	0	0	0	0	0	0	0	0	
481.181767	8	3	3	0	1	2	2	4047	675	32	28871	5	2	83	0	0	0	0	0	0	0	0	0	0	0	0	0	0	
482.188317	8	3	3	0	1	2	2	4050	676	32	28931	5	2	83	0	0	0	0	0	0	0	0	0	0	0	0	0	0	
483.193433	8	3	3	0	1	2	2	4054	675	32	28992	5	2	83	0	0	0	0	0	0	0	0	0	0	0	0	0	0	
484.179833	8	3	3	0	1	2	2	4057	675	32	29051	5	2	83	0	0	0	0	0	0	0	0	0	0	0	0	0	0	
485.184967	8	3	3	0	1	2	2	4061	675	32	29111	5	2	83	0	0	0	0	0	0	0	0	0	0	0	0	0	0	
486.190083	8	3	3	0	1	2	2	4064	675	32	29171	5	2	83	0	0	0	0	0	0	0	0	0	0	0	0	0	0	
487.176483	8	3	3	0	1	2	2	4068	674	32	29231	5	2	83	0	0	0	0	0	0	0	0	0	0	0	0	0	0	
488.183033	8	3	3	0	1	2	2	4072	674	32	29291	5	2	83	0	0	0	0	0	0	0	0	0	0	0	0	0	0	
489.188167	8	3	3	0	1	2	2	4075	674	32	29351	5	2	83	0	0	0	0	0	0	0	0	0	0	0	0	0	0	
490.193283	8	3	3	0	1	2	2	4080	675	32	29412	5	2	83	0	0	0	0	0	0	0	0	0	0	0	0	0	0	
491.179683	8	3	3	0	1	2	2	4084	674	32	29471	5	2	83	0	0	0	0	0	0	0	0	0	0	0	0	0	0	
492.184800	8	3	3	0	1	2	2	4088	674	32	29531	5	2	83	0	0	0	0	0	0	0	0	0	0	0	0	0	0	
493.191367	8	3	3	0	1	2	2	4093	675	32	29591	5	2	83	0	0	0	0	0	0	0	0	0	0	0	0	0	0	
494.177767	8	3	3	0	1	2	2	4097	674	32	29651	5	2	83	0	0	0	0	0	0	0	0	0	0	0	0	0	0	
495.182883	8	3	3	0	1	2	2	4101	675	32	29711	5	2	83	0	0	0	0	0	0	0	0	0	0	0	0	0	0	
496.188000	8	3	3	0	1	2	2	4106	675	32	29771	5	2	83	0	0	0	0	0	0	0	0	0	0	0	0	0	0	
497.193117	8	3	3	0	1	2	2	4110	674	32	29832	5	2	83	0	0	0	0	0	0	0	0	0	0	0	0	0	0	
498.180967	8	3	3	0	1	2	2	4115	675	32	29891	5	2	83	0	0	0	0	0	0	0	0	0	0	0	0	0	0	
499.186083	8	3	3	0	1	2	2	4118	667	32	29951	5	2	83	0	0	0	0	0	0	0	0	0	0	0	0	0	0	
500.191200	8	3	3	0	1	2	2	4122	666	32	30011	5	2	83	0	0	0	0	0	0	0	0	0	0	0	0	0	0	
501.196317	8	3	3	0	1	2	2	4127	665	32	30072	5	2	83	0	0	0	0	0	0	0	0	0	0	0	0	0	0	
502.182717	8	3	3	0	1	2	2	4132	665	32	30131	5	2	83	0	0	0	0	0	0	0	0	0	0	0	0	0	0	
503.189283	8	3	3	0	1	2	2	4136	662	32	30191	5	2	83	0	0	0	0	0	0	0	0	0	0	0	0	0	0	
504.194400	8	3	3	0	1	2	2	4141	662	32	30252	5	2	83	0	0	0	0	0	0	0	0	0	0	0	0	0	0	
505.182233	8	3	3	0	1	2	2	4146	660	32	30311	5	2	83	0	0	0	0	0	0	0	0	0	0	0	0	0	0	
506.187367	8	3	3	0	1	2	2	4151	660	32	30371	5	2	83	0	0	0	0	0	0	0	0	0	0	0	0	0	0	
507.192483	8	3	3	0	1	2	2	4156	660	32	30431	5	2	83	0	0	0	0	0	0	0	0	0	0	0	0	0	0	
508.180317	8	3	3	0	1	2	2	4162	661	32	30491	5	2	83	0	0	0	0	0	0	0	0	0	0	0	0	0	0	
509.185433	8	3	3	0	1	2	2	4167	659	32	30551	5	2	83	0	0	0	0	0	0	0	0	0	0	0	0	0	0	
510.190567	8	3	3	0	1	2	2	4173	659	32	30611	5	2	83	0	0	0	0	0	0	0	0	0	0	0	0	0	0	
511.195683	8	3	3	0	1	2	2	4178	658	32	30672	5	2	83	0	0	0	0	0	0	0	0	0	0	0	0	0	0	
512.182083	8	3	3	0	1	2	2	4184	656	32	30731	5	2	83	0	0	0	0	0	0	0	0	0	0	0	0	0	0	
513.187200	8	3	3	0	1	2	2	4189	652	32	30791	5	2	83	0	0	0	0	0	0	0	0	0	0	0	0	0	0	
514.193767	8	3	3	0	1	2	2	4196	654	32	30851	5	2	83	0	0	0	0	0	0	0	0	0	0	0	0	0	0	
515.180167	8	3	3	0	1	2	2	4199	644	32	30911	5	2	83	0	0	0	0	0	0	0	0	0	0	0	0	0	0	
516.185283	8	3	3	0	1	2	2	4199	626	32	30971	5	2	83	0	0	0	0	0	0	0	0	0	0	0	0	0	0	
517.190400	8	3	3	0	1	2	2	4199	607	32	31031	5	2	83	0	0	0	0	0	0	0	0	0	0	0	0	0	0	
518.195517	8	3	3	0	1	2	2	4199	590	32	31092	5	2	83	0	0	0	0	0	0	0	0	0	0	0	0	0	0	
519.181917	8	3	3	0	1	2	2	4199	572	32	31151	5	2	83	0	0	0	0	0	0	0	0	0	0	0	0	0	0	
520.188483	8	3	3	0	1	2	2	4199	555	32	31211	5	2	83	0	0	0	0	0	0	0	0	0	0	0	0	0	0	
521.193600	8	3	3	0	1	2	2	4199	536	32	31271	5	2	83	0	0	0	0	0	0	0	0	0	0	0	0	0	0	
522.180000	8	3	3	0	1	2	2	4199	519	32	31331	5	2	83	0	0	0	0	0	0	0	0	0	0	0	0	0	0	
523.185117	8	3	3	0	1	2	2	4199	501	32	31391	5	2	83	0	0	0	0	0	0	0	0	0	0	0	0	0	0	
524.190233	8	3	3	0	1	2	2	4199	486	32	31451	5	2	83	0	0	0	0	0	0	0	0	0	0	0	0	0	0	
525.196800	8	3	3	0	1	2	2	4199	472	32	31512	5	2	83	0	0	0	0	0	0	0	0	0	0	0	0	0	0	
526.183200	8	3	3	0	1	2	2	4199	457	32	31571	5	2	83	0	0	0	0	0	0	0	0	0	0	0	0	0	0	
527.188317	8	3	3	0	1	2	2	4199	444	32	31631	5	2	83	0	0	0	0	0	0	0	0	0	0	0	0	0	0	
528.193433	8	3	3	0	1	2	2	4199	433	32	31691	5	2	83	0	0	0	0	0	0	0	0	0	0	0	0	0	0	
529.179833	8	3	3	0	1	2	2	4199	420	32	31751	5	2	83	0	0	0	0	0	0	0	0	0	0	0	0	0	0	
530.186400	8	3	3	0	1	2	2	4199	407	32	31811	5	2	83	0	0	0	0	0	0	0	0	0	0	0	0	0	0	
531.191517	8	3	3	0	1	2	2	4198	394	32	31871	5	2	83	0	0	0	0	0	0	0	0	0	0	0	0	0	0	
532.196633	8	3	3	0	1	2	2	4199	381	32	31932	5	2	83	0	0	0	0	0	0	0	0	0	0	0	0	0	0	
533.183033	8	3	3	0	1	2	2	4199	370	32	31991	5	2	83	0	0	0	0	0	0	0	0	0	0	0	0	0	0	
534.188167	8	3	3	0	1	2	2	4199	358	32	32051	5	2	83	0	0	0	0	0	0	0	0	0	0	0	0	0	0	
535.194717	8	3	3	0	1	2	2	4199	346	32	32111	5	2	83	0	0	0	0	0	0	0	0	0	0	0	0	0	0	
536.181117	8	3	3	0	1	2	2	4199	336	32	32171	5	2	83	0	0	0	0	0	0	0	0	0	0	0	0	0	0	
537.189117	8	3	3	0	1	2	2	4198	324	32	32231	5	2	83	0	0	0	0	0	0	0	0	0	0	0	0	0	0	
538.195683	8	3	3	0	1	2	2	4199	314	32	32291	5	2	83	0	0	0	0	0	0	0	0	0	0	0	0	0	0	
539.182083	8	3	3	0	1	2	2	4199	305	32	32351	5	2	83	0	0	0	0	0	0	0	0	0	0	0	0	0	0	
540.187200	8	3	3	0	1	2	2	4199	295	32	32411	5	2	83	0	0	0	0	0	0	0	0	0	0	0	0	0	0	
541.192317	8	3	3	0	1	2	2	4199	286	32	32471	5	2	83	0	0	0	0	0	0	0	0	0	0	0	0	0	0	
542.197433	8	3	3	0	1	2	2	4198	278	32	32532	5	2	83	0	0	0	0	0	0	0	0	0	0	0	0	0	0	
543.183833	8	3	3	0	1	2	2	4199	269	32	32591	5	2	83	0	0	0	0	0	0	0	0	0	0	0	0	0	0	
544.190400	8	3	3	0	1	2	2	4199	260	32	32651	5	2	83	0	0	0	0	0	0	0	0	0	0	0	0	0	0	
545.195517	8	3	3	0	1	2	2	4199	252	32	32711	5	2	83	0	0	0	0	0	0	0	0	0	0	0	0	0	0	
546.181917	8	3	3	0	1	2	2	4198	245	32	32771	5	2	83	0	0	0	0	0	0	0	0	0	0	0	0	0	0	
547.187033	8	3	3	0	1	2	2	4199	237	32	32831	5	2	83	0	0	0	0	0	0	0	0	0	0	0	0	0	0	
548.192167	8	3	3	0	1	2	2	4199	230	32	32891	5	2	83	0	0	0	0	0	0	0	0	0	0	0	0	0	0	
549.198717	8	3	3	0	1	2	2	4198	222	32	32952	5	2	83	0	0	0	0	0	0	0	0	0	0	0	0	0	0	
550.185117	8	3	3	0	1	2	2	4199	216	32	33011	5	2	83	0	0	0	0	0	0	0	0	0	0	0	0	0	0	
551.190233	8	3	3	0	1	2	2	4198	208	32	33071	5	2	83	0	0	0	0	0	0	0	0	0	0	0	0	0	0	
552.195367	8	3	3	0	1	2	2	4198	201	32	33131	5	2	83	0	0	0	0	0	0	0	0	0	0	0	0	0	0	
553.181767	8	3	3	0	1	2	2	4199	195	32	33191	5	2	83	0	0	0	0	0	0	0	0	0	0	0	0	0	0	
554.186883	8	3	3	0	1	2	2	4198	189	32	33251	5	2	83	0	0	0	0	0	0	0	0	0	0	0	0	0	0	
555.193433	8	3	3	0	1	2	2	4199	182	32	33311	5	2	83	0	0	0	0	0	0	0	0	0	0	0	0	0	0	
556.198567	8	3	3	0	1	2	2	4198	177	32	33372	5	2	83	0	0	0	0	0	0	0	0	0	0	0	0	0	0	
557.184967	8	3	3	0	1	2	2	4199	171	32	33431	5	2	83	0	0	0	0	0	0	0	0	0	0	0	0	0	0	
558.190083	8	3	3	0	1	2	2	4198	165	32	33491	5	2	83	0	0	0	0	0	0	0	0	0	0	0	0	0	0	
559.195200	8	3	3	0	1	2	2	4199	161	32	33551	5	2	83	0	0	0	0	0	0	0	0	0	0	0	0	0	0	
560.201767	8	3	3	0	1	2	2	4198	155	32	33612	5	2	83	0	0	0	0	0	0	0	0	0	0	0	0	0	0	
561.188167	8	3	3	0	1	2	2	4199	151	32	33671	5	2	83	0	0	0	0	0	0	0	0	0	0	0	0	0	0	
562.193283	8	3	3	0	1	2	2	4199	146	32	33731	5	2	83	0	0	0	0	0	0	0	0	0	0	0	0	0	0	
563.198400	8	3	3	0	1	2	2	4198	141	32	33792	5	2	83	0	0	0	0	0	0	0	0	0	0	0	0	0	0	
564.184800	8	3	3	0	1	2	2	4199	136	32	33851	5	2	83	0	0	0	0	0	0	0	0	0	0	0	0	0	0	
565.191367	8	3	3	0	1	2	2	4199	132	32	33911	5	2	83	0	0	0	0	0	0	0	0	0	0	0	0	0	0	
566.196483	8	3	3	0	1	2	2	4199	129	32	33971	5	2	83	0	0	0	0	0	0	0	0	0	0	0	0	0	0	
567.201600	8	3	3	0	1	2	2	4199	124	32	34032	5	2	83	0	0	0	0	0	0	0	0	0	0	0	0	0	0	
568.188000	8	3	3	0	1	2	2	4199	120	32	34091	5	2	83	0	0	0	0	0	0	0	0	0	0	0	0	0	0	
569.193117	8	3	3	0	1	2	2	4198	116	32	34151	5	2	83	0	0	0	0	0	0	0	0	0	0	0	0	0	0	
570.198233	8	3	3	0	1	2	2	4198	113	32	34212	5	2	83	0	0	0	0	0	0	0	0	0	0	0	0	0	0	
571.186083	8	3	3	0	1	2	2	4198	110	32	34271	5	2	83	0	0	0	0	0	0	0	0	0	0	0	0	0	0	
572.191200	8	3	3	0	1	2	2	4198	107	32	34331	5	2	83	0	0	0	0	0	0	0	0	0	0	0	0	0	0	
573.196317	8	3	3	0	1	2	2	4199	103	32	34391	5	2	83	0	0	0	0	0	0	0	0	0	0	0	0	0	0	
574.201433	8	3	3	0	1	2	2	4198	100	32	34452	5	2	83	0	0	0	0	0	0	0	0	0	0	0	0	0	0	
575.189283	8	3	3	0	1	2	2	4198	97	32	34511	5	2	83	0	0	0	0	0	0	0	0	0	0	0	0	0	0	
576.194400	8	3	3	0	1	2	2	4199	94	32	34571	5	2	83	0	0	0	0	0	0	0	0	0	0	0	0	0	0	
577.199517	8	3	3	0	1	2	2	4198	90	32	34632	5	2	83	0	0	0	0	0	0	0	0	0	0	0	0	0	0	
578.185917	8	3	3	0	1	2	2	4198	88	32	34691	5	2	83	0	0	0	0	0	0	0	0	0	0	0	0	0	0	
579.191033	8	3	3	0	1	2	2	4199	86	32	34751	5	2	83	0	0	0	0	0	0	0	0	0	0	0	0	0	0	
580.196167	8	3	3	0	1	2	2	4198	83	32	34811	5	2	83	0	0	0	0	0	0	0	0	0	0	0	0	0	0	
581.202717	8	3	3	0	1	2	2	4199	81	32	34872	5	2	83	0	0	0	0	0	0	0	0	0	0	0	0	0	0	
582.189117	8	3	3	0	1	2	2	4199	78	32	34931	5	2	83	0	0	0	0	0	0	0	0	0	0	0	0	0	0	
583.194233	8	3	3	0	1	2	2	4199	76	32	34991	5	2	83	0	0	0	0	0	0	0	0	0	0	0	0	0	0	
584.199367	8	3	3	0	1	2	2	4198	73	32	35052	5	2	83	0	0	0	0	0	0	0	0	0	0	0	0	0	0	
585.185767	8	3	3	0	1	2	2	4198	71	32	35111	5	2	83	0	0	0	0	0	0	0	0	0	0	0	0	0	0	
586.192317	8	3	3	0	1	2	2	4199	69	32	35171	5	2	83	0	0	0	0	0	0	0	0	0	0	0	0	0	0	
587.027517	8	6	3	0	2	7	1	3829	-1158	32	35221	5	3	0	0	0	0	0	0	0	0	0	0	0	0	0	0	0	
587.198883	8	6	3	0	2	7	1	3736	-1349	32	35231	5	3	0	0	0	0	0	0	0	0	0	0	0	0	0	0	0	
588.185283	8	6	3	0	2	7	1	3626	-1350	32	35291	5	3	1	0	0	0	0	0	0	0	0	0	0	0	0	0	0	
589.190400	8	6	3	0	2	7	1	3616	-1350	32	35351	5	3	3	0	0	0	0	0	0	0	0	0	0	0	0	0	0	
590.195517	8	6	3	0	2	7	1	3610	-1349	32	35411	5	3	5	0	0	0	0	0	0	0	0	0	0	0	0	0	0	
591.202083	8	6	3	0	2	7	1	3606	-1349	32	35472	5	3	6	0	0	0	0	0	0	0	0	0	0	0	0	0	0	
592.188483	8	6	3	0	2	7	1	3600	-1350	32	35531	5	3	8	0	0	0	0	0	0	0	0	0	0	0	0	0	0	
593.193600	8	6	3	0	2	7	1	3584	-1349	32	35591	5	3	10	0	0	0	0	0	0	0	0	0	0	0	0	0	0	
594.201600	8	6	3	0	2	7	1	3567	-1349	32	35652	5	3	11	0	0	0	0	0	0	0	0	0	0	0	0	0	0	
595.189433	8	6	3	0	2	7	1	3554	-1350	32	35711	5	3	13	0	0	0	0	0	0	0	0	0	0	0	0	0	0	
596.194567	8	6	3	0	2	7	1	3537	-1349	32	35771	5	3	15	0	0	0	0	0	0	0	0	0	0	0	0	0	0	
597.199683	8	6	3	0	2	7	1	3530	-1349	32	35831	5	3	16	0	0	0	0	0	0	0	0	0	0	0	0	0	0	
598.186083	8	6	3	0	2	7	1	3520	-1350	32	35891	5	3	18	0	0	0	0	0	0	0	0	0	0	0	0	0	0	
599.191200	8	6	3	0	2	7	1	3502	-1349	32	35951	5	3	20	0	0	0	0	0	0	0	0	0	0	0	0	0	0	
600.196317	8	6	3	0	2	7	1	3489	-1348	32	36011	5	3	21	0	0	0	0	0	0	0	0	0	0	0	0	0	0	
601.202883	8	6	3	0	2	7	1	3479	-1350	32	36072	5	3	23	0	0	0	0	0	0	0	0	0	0	0	0	0	0	
602.189283	8	6	3	0	2	7	1	3466	-1350	32	36131	5	3	24	0	0	0	0	0	0	0	0	0	0	0	0	0	0	
603.194400	8	6	3	0	2	7	1	3452	-1349	32	36191	5	3	26	0	0	0	0	0	0	0	0	0	0	0	0	0	0	
604.199517	8	6	3	0	2	7	1	3441	-1348	32	36251	5	3	28	0	0	0	0	0	0	0	0	0	0	0	0	0	0	
605.185917	8	6	3	0	2	7	1	3429	-1349	32	36311	5	3	29	0	0	0	0	0	0	0	0	0	0	0	0	0	0	
606.191033	8	6	3	0	2	7	1	3417	-1350	32	36371	5	3	31	0	0	0	0	0	0	0	0	0	0	0	0	0	0	
607.197600	8	6	3	0	2	7	1	3407	-1350	32	36431	5	3	33	0	0	0	0	0	0	0	0	0	0	0	0	0	0	
608.202717	8	6	3	0	2	7	1	3396	-1349	32	36492	5	3	34	0	0	0	0	0	0	0	0	0	0	0	0	0	0	
609.189117	8	6	3	0	2	7	1	3386	-1350	32	36551	5	3	36	0	0	0	0	0	0	0	0	0	0	0	0	0	0	
610.194233	8	6	3	0	2	7	1	3377	-1351	32	36611	5	3	38	0	0	0	0	0	0	0	0	0	0	0	0	0	0	
611.199367	8	6	3	0	2	7	1	3366	-1348	32	36671	5	3	39	0	0	0	0	0	0	0	0	0	0	0	0	0	0	
612.187200	8	6	3	0	2	7	1	3357	-1350	32	36731	5	3	41	0	0	0	0	0	0	0	0	0	0	0	0	0	0	
613.192317	8	6	3	0	2	7	1	3348	-1349	32	36791	5	3	43	0	0	0	0	0	0	0	0	0	0	0	0	0	0	
614.197433	8	6	3	0	2	7	1	3340	-1348	32	36851	5	3	44	0	0	0	0	0	0	0	0	0	0	0	0	0	0	
615.202567	8	6	3	0	2	7	1	3332	-1349	32	36912	5	3	46	0	0	0	0	0	0	0	0	0	0	0	0	0	0	
616.188967	8	6	3	0	2	7	1	3323	-1349	32	36971	5	3	48	0	0	0	0	0	0	0	0	0	0	0	0	0	0	
617.195517	8	6	3	0	2	7	1	3316	-1350	32	37031	5	3	49	0	0	0	0	0	0	0	0	0	0	0	0	0	0	
618.200633	8	6	3	0	2	7	1	3308	-1350	32	37091	5	3	51	0	0	0	0	0	0	0	0	0	0	0	0	0	0	
619.205767	8	6	3	0	2	7	1	3301	-1349	32	37152	5	3	53	0	0	0	0	0	0	0	0	0	0	0	0	0	0	
620.192167	8	6	3	0	2	7	1	3295	-1348	32	37211	5	3	54	0	0	0	0	0	0	0	0	0	0	0	0	0	0	
621.197283	8	6	3	0	2	7	1	3288	-1349	32	37271	5	3	56	0	0	0	0	0	0	0	0	0	0	0	0	0	0	
622.203833	8	6	3	0	2	7	1	3282	-1348	32	37332	5	3	57	0	0	0	0	0	0	0	0	0	0	0	0	0	0	
623.190233	8	6	3	0	2	7	1	3275	-1350	32	37391	5	3	59	0	0	0	0	0	0	0	0	0	0	0	0	0	0	
624.195367	8	6	3	0	2	7	1	3269	-1349	32	37451	5	3	61	0	0	0	0	0	0	0	0	0	0	0	0	0	0	
625.200483	8	6	3	0	2	7	1	3262	-1350	32	37511	5	3	62	0	0	0	0	0	0	0	0	0	0	0	0	0	0	
626.205600	8	6	3	0	2	7	1	3256	-1348	32	37572	5	3	64	0	0	0	0	0	0	0	0	0	0	0	0	0	0	
627.192000	8	6	3	0	2	7	1	3249	-1349	32	37631	5	3	66	0	0	0	0	0	0	0	0	0	0	0	0	0	0	
628.198567	8	6	3	0	2	7	1	3241	-1350	32	37691	5	3	67	0	0	0	0	0	0	0	0	0	0	0	0	0	0	
629.203683	8	6	3	0	2	7	1	3233	-1349	32	37752	5	3	69	0	0	0	0	0	0	0	0	0	0	0	0	0	0	
630.190083	8	6	3	0	2	7	1	3225	-1349	32	37811	5	3	71	0	0	0	0	0	0	0	0	0	0	0	0	0	0	
631.195200	8	6	3	0	2	7	1	3214	-1351	32	37871	5	3	72	0	0	0	0	0	0	0	0	0	0	0	0	0	0	
632.200317	8	6	3	0	2	7	1	3202	-1350	32	37931	5	3	74	0	0	0	0	0	0	0	0	0	0	0	0	0	0	
633.206883	8	6	3	0	2	7	1	3187	-1349	32	37992	5	3	76	0	0	0	0	0	0	0	0	0	0	0	0	0	0	
634.193283	8	6	3	0	2	7	1	3168	-1349	32	38051	5	3	77	0	0	0	0	0	0	0	0	0	0	0	0	0	0	
635.198400	8	6	3	0	2	7	1	3143	-1350	32	38111	5	3	79	0	0	0	0	0	0	0	0	0	0	0	0	0	0	
636.203517	8	6	3	0	2	7	1	3109	-1349	32	38172	5	3	81	0	0	0	0	0	0	0	0	0	0	0	0	0	0	
637.189917	8	6	3	0	2	7	1	3056	-1350	32	38231	5	3	82	0	0	0	0	0	0	0	0	0	0	0	0	0	0	
638.195033	8	6	3	0	2	7	1	2957	-1349	32	38291	5	3	84	0	0	0	0	0	0	0	0	0	0	0	0	0	0	
639.201600	8	6	3	0	2	7	1	2743	-1350	32	38351	5	3	85	0	0	0	0	0	0	0	0	0	0	0	0	0	0	
639.377283	8	15	3	0	1	31	2	3138	43	32	38362	7	3	86	0	0	0	0	0	0	0	0	0	0	0	0	0	0	
639.398883	8	3	3	0	1	2	2	3328	676	32	38363	7	3	86	0	0	0	0	0	0	0	0	0	0	0	0	0	0	
640.190883	8	3	3	0	1	2	2	3579	675	32	38411	7	3	86	0	0	0	0	0	0	0	0	0	0	0	0	0	0	
641.196000	8	3	3	0	1	2	2	3690	674	32	38471	7	3	86	0	0	0	0	0	0	0	0	0	0	0	0	0	0	
642.202567	8	3	3	0	1	2	2	3758	675	32	38531	7	3	86	0	0	0	0	0	0	0	0	0	0	0	0	0	0	
643.207683	8	3	3	0	1	2	2	3810	673	32	38592	7	3	86	0	0	0	0	0	0	0	0	0	0	0	0	0	0	
644.194083	8	3	3	0	1	2	2	3843	675	32	38651	7	3	86	0	0	0	0	0	0	0	0	0	0	0	0	0	0	
645.199200	8	3	3	0	1	2	2	3865	675	32	38711	7	3	86	0	0	0	0	0	0	0	0	0	0	0	0	0	0	
646.204317	8	3	3	0	1	2	2	3876	675	32	38772	7	3	86	0	0	0	0	0	0	0	0	0	0	0	0	0	0	
647.190717	8	3	3	0	1	2	2	3885	674	32	38831	7	3	86	0	0	0	0	0	0	0	0	0	0	0	0	0	0	
648.197283	8	3	3	0	1	2	2	3892	676	32	38891	7	3	86	0	0	0	0	0	0	0	0	0	0	0	0	0	0	
649.202400	8	3	3	0	1	2	2	3898	674	32	38951	7	3	86	0	0	0	0	0	0	0	0	0	0	0	0	0	0	
650.207517	8	3	3	0	1	2	2	3906	675	32	39012	7	3	86	0	0	0	0	0	0	0	0	0	0	0	0	0	0	
651.193917	8	3	3	0	1	2	2	3913	674	32	39071	7	3	86	0	0	0	0	0	0	0	0	0	0	0	0	0	0	
652.199033	8	3	3	0	1	2	2	3920	675	32	39131	7	3	86	0	0	0	0	0	0	0	0	0	0	0	0	0	0	
653.205600	8	3	3	0	1	2	2	3928	676	32	39192	7	3	86	0	0	0	0	0	0	0	0	0	0	0	0	0	0	
654.192000	8	3	3	0	1	2	2	3933	674	32	39251	7	3	86	0	0	0	0	0	0	0	0	0	0	0	0	0	0	
655.197117	8	3	3	0	1	2	2	3940	673	32	39311	7	3	86	0	0	0	0	0	0	0	0	0	0	0	0	0	0	
656.202233	8	3	3	0	1	2	2	3947	674	32	39371	7	3	86	0	0	0	0	0	0	0	0	0	0	0	0	0	0	
657.207367	8	3	3	0	1	2	2	3954	675	32	39432	7	3	86	0	0	0	0	0	0	0	0	0	0	0	0	0	0	
658.193767	8	3	3	0	1	2	2	3961	675	32	39491	7	3	86	0	0	0	0	0	0	0	0	0	0	0	0	0	0	
659.201767	8	3	3	0	1	2	2	3967	674	32	39551	7	3	86	0	0	0	0	0	0	0	0	0	0	0	0	0	0	
660.206883	8	3	3	0	1	2	2	3973	673	32	39612	7	3	86	0	0	0	0	0	0	0	0	0	0	0	0	0	0	
661.193283	8	3	3	0	1	2	2	3978	674	32	39671	7	3	86	0	0	0	0	0	0	0	0	0	0	0	0	0	0	
662.198400	8	3	3	0	1	2	2	3983	674	32	39731	7	3	86	0	0	0	0	0	0	0	0	0	0	0	0	0	0	
663.203517	8	3	3	0	1	2	2	3988	675	32	39791	7	3	86	0	0	0	0	0	0	0	0	0	0	0	0	0	0	
664.191367	8	3	3	0	1	2	2	3993	675	32	39851	7	3	86	0	0	0	0	0	0	0	0	0	0	0	0	0	0	
665.196483	8	3	3	0	1	2	2	3996	674	32	39911	7	3	86	0	0	0	0	0	0	0	0	0	0	0	0	0	0	
666.201600	8	3	3	0	1	2	2	4000	675	32	39971	7	3	86	0	0	0	0	0	0	0	0	0	0	0	0	0	0	
667.206717	8	3	3	0	1	2	2	4004	675	32	40032	7	3	86	0	0	0	0	0	0	0	0	0	0	0	0	0	0	
668.193117	8	3	3	0	1	2	2	4007	674	32	40091	7	3	86	0	0	0	0	0	0	0	0	0	0	0	0	0	0	
669.199683	8	3	3	0	1	2	2	4010	674	32	40151	7	3	86	0	0	0	0	0	0	0	0	0	0	0	0	0	0	
670.204800	8	3	3	0	1	2	2	4013	675	32	40211	7	3	86	0	0	0	0	0	0	0	0	0	0	0	0	0	0	
671.209917	8	3	3	0	1	2	2	4016	674	32	40272	7	3	86	0	0	0	0	0	0	0	0	0	0	0	0	0	0	
672.196317	8	3	3	0	1	2	2	4019	675	32	40331	7	3	86	0	0	0	0	0	0	0	0	0	0	0	0	0	0	
673.201433	8	3	3	0	1	2	2	4023	674	32	40391	7	3	86	0	0	0	0	0	0	0	0	0	0	0	0	0	0	
674.208000	8	3	3	0	1	2	2	4026	675	32	40452	7	3	86	0	0	0	0	0	0	0	0	0	0	0	0	0	0	
675.194400	8	3	3	0	1	2	2	4029	675	32	40511	7	3	86	0	0	0	0	0	0	0	0	0	0	0	0	0	0	
676.199517	8	3	3	0	1	2	2	4033	675	32	40571	7	3	86	0	0	0	0	0	0	0	0	0	0	0	0	0	0	
677.204633	8	3	3	0	1	2	2	4036	675	32	40631	7	3	86	0	0	0	0	0	0	0	0	0	0	0	0	0	0	
678.209767	8	3	3	0	1	2	2	4039	674	32	40692	7	3	86	0	0	0	0	0	0	0	0	0	0	0	0	0	0	
679.197600	8	3	3	0	1	2	2	4042	674	32	40751	7	3	86	0	0	0	0	0	0	0	0	0	0	0	0	0	0	
680.202717	8	3	3	0	1	2	2	4045	674	32	40811	7	3	86	0	0	0	0	0	0	0	0	0	0	0	0	0	0	
681.207833	8	3	3	0	1	2	2	4049	674	32	40872	7	3	86	0	0	0	0	0	0	0	0	0	0	0	0	0	0	
682.194233	8	3	3	0	1	2	2	4052	674	32	40931	7	3	86	0	0	0	0	0	0	0	0	0	0	0	0	0	0	
683.199367	8	3	3	0	1	2	2	4056	674	32	40991	7	3	86	0	0	0	0	0	0	0	0	0	0	0	0	0	0	
684.204483	8	3	3	0	1	2	2	4059	674	32	41051	7	3	86	0	0	0	0	0	0	0	0	0	0	0	0	0	0	
685.211033	8	3	3	0	1	2	2	4063	675	32	41112	7	3	86	0	0	0	0	0	0	0	0	0	0	0	0	0	0	
686.197433	8	3	3	0	1	2	2	4066	674	32	41171	7	3	86	0	0	0	0	0	0	0	0	0	0	0	0	0	0	
687.202567	8	3	3	0	1	2	2	4070	674	32	41231	7	3	86	0	0	0	0	0	0	0	0	0	0	0	0	0	0	
688.207683	8	3	3	0	1	2	2	4074	674	32	41292	7	3	86	0	0	0	0	0	0	0	0	0	0	0	0	0	0	
689.194083	8	3	3	0	1	2	2	4078	676	32	41351	7	3	86	0	0	0	0	0	0	0	0	0	0	0	0	0	0	
690.200633	8	3	3	0	1	2	2	4082	675	32	41411	7	3	86	0	0	0	0	0	0	0	0	0	0	0	0	0	0	
691.205767	8	3	3	0	1	2	2	4086	675	32	41471	7	3	86	0	0	0	0	0	0	0	0	0	0	0	0	0	0	
692.210883	8	3	3	0	1	2	2	4090	673	32	41532	7	3	86	0	0	0	0	0	0	0	0	0	0	0	0	0	0	
693.197283	8	3	3	0	1	2	2	4095	674	32	41591	7	3	86	0	0	0	0	0	0	0	0	0	0	0	0	0	0	
694.202400	8	3	3	0	1	2	2	4099	675	32	41651	7	3	86	0	0	0	0	0	0	0	0	0	0	0	0	0	0	
695.208967	8	3	3	0	1	2	2	4103	674	32	41712	7	3	86	0	0	0	0	0	0	0	0	0	0	0	0	0	0	
696.195367	8	3	3	0	1	2	2	4108	674	32	41771	7	3	86	0	0	0	0	0	0	0	0	0	0	0	0	0	0	
697.200483	8	3	3	0	1	2	2	4113	675	32	41831	7	3	86	0	0	0	0	0	0	0	0	0	0	0	0	0	0	
698.205600	8	3	3	0	1	2	2	4117	675	32	41891	7	3	86	0	0	0	0	0	0	0	0	0	0	0	0	0	0	
699.210717	8	3	3	0	1	2	2	4119	666	32	41952	7	3	86	0	0	0	0	0	0	0	0	0	0	0	0	0	0	
700.197117	8	3	3	0	1	2	2	4123	666	32	42011	7	3	86	0	0	0	0	0	0	0	0	0	0	0	0	0	0	
701.203683	8	3	3	0	1	2	2	4128	665	32	42071	7	3	86	0	0	0	0	0	0	0	0	0	0	0	0	0	0	
702.208800	8	3	3	0	1	2	2	4132	662	32	42131	7	3	86	0	0	0	0	0	0	0	0	0	0	0	0	0	0	
703.195200	8	3	3	0	1	2	2	4137	661	32	42191	7	3	86	0	0	0	0	0	0	0	0	0	0	0	0	0	0	
704.200317	8	3	3	0	1	2	2	4142	661	32	42251	7	3	86	0	0	0	0	0	0	0	0	0	0	0	0	0	0	
705.205433	8	3	3	0	1	2	2	4147	661	32	42311	7	3	86	0	0	0	0	0	0	0	0	0	0	0	0	0	0	
706.210567	8	3	3	0	1	2	2	4152	660	32	42372	7	3	86	0	0	0	0	0	0	0	0	0	0	0	0	0	0	
707.198400	8	3	3	0	1	2	2	4157	659	32	42431	7	3	86	0	0	0	0	0	0	0	0	0	0	0	0	0	0	
708.203517	8	3	3	0	1	2	2	4162	660	32	42491	7	3	86	0	0	0	0	0	0	0	0	0	0	0	0	0	0	
709.208633	8	3	3	0	1	2	2	4168	659	32	42551	7	3	86	0	0	0	0	0	0	0	0	0	0	0	0	0	0	
710.195033	8	3	3	0	1	2	2	4173	657	32	42611	7	3	86	0	0	0	0	0	0	0	0	0	0	0	0	0	0	
711.200167	8	3	3	0	1	2	2	4178	655	32	42671	7	3	86	0	0	0	0	0	0	0	0	0	0	0	0	0	0	
712.206717	8	3	3	0	1	2	2	4184	656	32	42731	7	3	86	0	0	0	0	0	0	0	0	0	0	0	0	0	0	
713.211833	8	3	3	0	1	2	2	4189	655	32	42792	7	3	86	0	0	0	0	0	0	0	0	0	0	0	0	0	0	
714.198233	8	3	3	0	1	2	2	4195	655	32	42851	7	3	86	0	0	0	0	0	0	0	0	0	0	0	0	0	0	
715.203367	8	3	3	0	1	2	2	4199	648	32	42911	7	3	86	0	0	0	0	0	0	0	0	0	0	0	0	0	0	
716.208483	8	3	3	0	1	2	2	4199	631	32	42971	7	3	86	0	0	0	0	0	0	0	0	0	0	0	0	0	0	
717.196317	8	3	3	0	1	2	2	4199	614	32	43031	7	3	86	0	0	0	0	0	0	0	0	0	0	0	0	0	0	
718.201433	8	3	3	0	1	2	2	4199	597	32	43091	7	3	86	0	0	0	0	0	0	0	0	0	0	0	0	0	0	
719.206567	8	3	3	0	1	2	2	4199	581	32	43151	7	3	86	0	0	0	0	0	0	0	0	0	0	0	0	0	0	
720.211683	8	3	3	0	1	2	2	4199	564	32	43212	7	3	86	0	0	0	0	0	0	0	0	0	0	0	0	0	0	
721.198083	8	3	3	0	1	2	2	4199	554	32	43271	7	3	86	0	0	0	0	0	0	0	0	0	0	0	0	0	0	
722.203200	8	3	3	0	1	2	2	4198	543	32	43331	7	3	86	0	0	0	0	0	0	0	0	0	0	0	0	0	0	
723.209767	8	3	3	0	1	2	2	4199	530	32	43391	7	3	86	0	0	0	0	0	0	0	0	0	0	0	0	0	0	
724.196167	8	3	3	0	1	2	2	4199	521	32	43451	7	3	86	0	0	0	0	0	0	0	0	0	0	0	0	0	0	
725.201283	8	3	3	0	1	2	2	4198	510	32	43511	7	3	86	0	0	0	0	0	0	0	0	0	0	0	0	0	0	
726.206400	8	3	3	0	1	2	2	4199	494	32	43571	7	3	86	0	0	0	0	0	0	0	0	0	0	0	0	0	0	
727.211517	8	3	3	0	1	2	2	4199	478	32	43632	7	3	86	0	0	0	0	0	0	0	0	0	0	0	0	0	0	
728.200800	8	3	3	0	1	2	2	4199	466	32	43691	7	3	86	0	0	0	0	0	0	0	0	0	0	0	0	0	0	
729.205917	8	3	3	0	1	2	2	4199	453	32	43751	7	3	86	0	0	0	0	0	0	0	0	0	0	0	0	0	0	
730.211033	8	3	3	0	1	2	2	4199	437	32	43812	7	3	86	0	0	0	0	0	0	0	0	0	0	0	0	0	0	
731.197433	8	3	3	0	1	2	2	4199	422	32	43871	7	3	86	0	0	0	0	0	0	0	0	0	0	0	0	0	0	
732.202567	8	3	3	0	1	2	2	4199	408	32	43931	7	3	86	0	0	0	0	0	0	0	0	0	0	0	0	0	0	
733.207683	8	3	3	0	1	2	2	4199	395	32	43991	7	3	86	0	0	0	0	0	0	0	0	0	0	0	0	0	0	
734.214233	8	3	3	0	1	2	2	4199	382	32	44052	7	3	86	0	0	0	0	0	0	0	0	0	0	0	0	0	0	
735.200633	8	3	3	0	1	2	2	4199	370	32	44111	7	3	86	0	0	0	0	0	0	0	0	0	0	0	0	0	0	
736.205767	8	3	3	0	1	2	2	4199	356	32	44171	7	3	86	0	0	0	0	0	0	0	0	0	0	0	0	0	0	
737.210883	8	3	3	0	1	2	2	4199	345	32	44231	7	3	86	0	0	0	0	0	0	0	0	0	0	0	0	0	0	
738.197283	8	3	3	0	1	2	2	4199	334	32	44291	7	3	86	0	0	0	0	0	0	0	0	0	0	0	0	0	0	
739.203833	8	3	3	0	1	2	2	4199	323	32	44351	7	3	86	0	0	0	0	0	0	0	0	0	0	0	0	0	0	
740.208967	8	3	3	0	1	2	2	4199	312	32	44411	7	3	86	0	0	0	0	0	0	0	0	0	0	0	0	0	0	
741.214083	8	3	3	0	1	2	2	4199	303	32	44472	7	3	86	0	0	0	0	0	0	0	0	0	0	0	0	0	0	
742.200483	8	3	3	0	1	2	2	4199	294	32	44531	7	3	86	0	0	0	0	0	0	0	0	0	0	0	0	0	0	
743.205600	8	3	3	0	1	2	2	4199	284	32	44591	7	3	86	0	0	0	0	0	0	0	0	0	0	0	0	0	0	
744.212167	8	3	3	0	1	2	2	4199	274	32	44651	7	3	86	0	0	0	0	0	0	0	0	0	0	0	0	0	0	
745.198567	8	3	3	0	1	2	2	4199	266	32	44711	7	3	86	0	0	0	0	0	0	0	0	0	0	0	0	0	0	
746.206567	8	3	3	0	1	2	2	4198	258	32	44771	7	3	86	0	0	0	0	0	0	0	0	0	0	0	0	0	0	
747.211683	8	3	3	0	1	2	2	4199	250	32	44832	7	3	86	0	0	0	0	0	0	0	0	0	0	0	0	0	0	
748.198083	8	3	3	0	1	2	2	4198	242	32	44891	7	3	86	0	0	0	0	0	0	0	0	0	0	0	0	0	0	
749.204633	8	3	3	0	1	2	2	4199	233	32	44951	7	3	86	0	0	0	0	0	0	0	0	0	0	0	0	0	0	
750.209767	8	3	3	0	1	2	2	4198	226	32	45011	7	3	86	0	0	0	0	0	0	0	0	0	0	0	0	0	0	
751.214883	8	3	3	0	1	2	2	4199	219	32	45072	7	3	86	0	0	0	0	0	0	0	0	0	0	0	0	0	0	
752.201283	8	3	3	0	1	2	2	4199	212	32	45131	7	3	86	0	0	0	0	0	0	0	0	0	0	0	0	0	0	
753.206400	8	3	3	0	1	2	2	4199	204	32	45191	7	3	86	0	0	0	0	0	0	0	0	0	0	0	0	0	0	
754.212967	8	3	3	0	1	2	2	4199	197	32	45251	7	3	86	0	0	0	0	0	0	0	0	0	0	0	0	0	0	
755.199367	8	3	3	0	1	2	2	4198	192	32	45311	7	3	86	0	0	0	0	0	0	0	0	0	0	0	0	0	0	
756.204483	8	3	3	0	1	2	2	4198	185	32	45371	7	3	86	0	0	0	0	0	0	0	0	0	0	0	0	0	0	
757.209600	8	3	3	0	1	2	2	4198	180	32	45431	7	3	86	0	0	0	0	0	0	0	0	0	0	0	0	0	0	
758.214717	8	3	3	0	1	2	2	4199	173	32	45492	7	3	86	0	0	0	0	0	0	0	0	0	0	0	0	0	0	
759.202567	8	3	3	0	1	2	2	4198	167	32	45551	7	3	86	0	0	0	0	0	0	0	0	0	0	0	0	0	0	
760.207683	8	3	3	0	1	2	2	4198	162	32	45611	7	3	86	0	0	0	0	0	0	0	0	0	0	0	0	0	0	
761.212800	8	3	3	0	1	2	2	4198	157	32	45671	7	3	86	0	0	0	0	0	0	0	0	0	0	0	0	0	0	
762.199200	8	3	3	0	1	2	2	4199	153	32	45731	7	3	86	0	0	0	0	0	0	0	0	0	0	0	0	0	0	
763.204317	8	3	3	0	1	2	2	4198	148	32	45791	7	3	86	0	0	0	0	0	0	0	0	0	0	0	0	0	0	
764.210883	8	3	3	0	1	2	2	4199	143	32	45851	7	3	86	0	0	0	0	0	0	0	0	0	0	0	0	0	0	
765.216000	8	3	3	0	1	2	2	4199	139	32	45912	7	3	86	0	0	0	0	0	0	0	0	0	0	0	0	0	0	
766.202400	8	3	3	0	1	2	2	4199	135	32	45971	7	3	86	0	0	0	0	0	0	0	0	0	0	0	0	0	0	
767.207517	8	3	3	0	1	2	2	4198	130	32	46031	7	3	86	0	0	0	0	0	0	0	0	0	0	0	0	0	0	
768.212633	8	3	3	0	1	2	2	4199	126	32	46091	7	3	86	0	0	0	0	0	0	0	0	0	0	0	0	0	0	
769.199033	8	3	3	0	1	2	2	4199	122	32	46151	7	3	86	0	0	0	0	0	0	0	0	0	0	0	0	0	0	
770.205600	8	3	3	0	1	2	2	4198	119	32	46211	7	3	86	0	0	0	0	0	0	0	0	0	0	0	0	0	0	
771.210717	8	3	3	0	1	2	2	4198	113	32	46271	7	3	86	0	0	0	0	0	0	0	0	0	0	0	0	0	0	
772.215833	8	3	3	0	1	2	2	4199	110	32	46332	7	3	86	0	0	0	0	0	0	0	0	0	0	0	0	0	0	
773.202233	8	3	3	0	1	2	2	4199	106	32	46391	7	3	86	0	0	0	0	0	0	0	0	0	0	0	0	0	0	
774.207367	8	3	3	0	1	2	2	4199	104	32	46451	7	3	86	0	0	0	0	0	0	0	0	0	0	0	0	0	0	
775.213917	8	3	3	0	1	2	2	4198	101	32	46511	7	3	86	0	0	0	0	0	0	0	0	0	0	0	0	0	0	
776.200317	8	3	3	0	1	2	2	4199	97	32	46571	7	3	86	0	0	0	0	0	0	0	0	0	0	0	0	0	0	
777.205433	8	3	3	0	1	2	2	4198	94	32	46631	7	3	86	0	0	0	0	0	0	0	0	0	0	0	0	0	0	
778.210567	8	3	3	0	1	2	2	4198	90	32	46691	7	3	86	0	0	0	0	0	0	0	0	0	0	0	0	0	0	
779.215683	8	3	3	0	1	2	2	4198	89	32	46752	7	3	86	0	0	0	0	0	0	0	0	0	0	0	0	0	0	
780.202083	8	3	3	0	1	2	2	4199	85	32	46811	7	3	86	0	0	0	0	0	0	0	0	0	0	0	0	0	0	
781.208633	8	3	3	0	1	2	2	4198	83	32	46871	7	3	86	0	0	0	0	0	0	0	0	0	0	0	0	0	0	
782.213767	8	3	3	0	1	2	2	4199	81	32	46931	7	3	86	0	0	0	0	0	0	0	0	0	0	0	0	0	0	
783.200167	8	3	3	0	1	2	2	4199	78	32	46991	7	3	86	0	0	0	0	0	0	0	0	0	0	0	0	0	0	
784.205283	8	3	3	0	1	2	2	4198	75	32	47051	7	3	86	0	0	0	0	0	0	0	0	0	0	0	0	0	0	
785.210400	8	3	3	0	1	2	2	4198	73	32	47111	7	3	86	0	0	0	0	0	0	0	0	0	0	0	0	0	0	
786.215517	8	3	3	0	1	2	2	4198	71	32	47172	7	3	86	0	0	0	0	0	0	0	0	0	0	0	0	0	0	
787.203367	8	3	3	0	1	2	2	4199	69	32	47231	7	3	86	0	0	0	0	0	0	0	0	0	0	0	0	0	0	
787.849917	8	6	3	0	2	7	1	3781	-1348	32	47270	7	4	0	0	0	0	0	0	0	0	0	0	0	0	0	0	0	
788.209917	8	6	3	0	2	7	1	3731	-1350	32	47291	7	4	0	0	0	0	0	0	0	0	0	0	0	0	0	0	0	
789.215033	8	6	3	0	2	7	1	3658	-1349	32	47351	7	4	2	0	0	0	0	0	0	0	0	0	0	0	0	0	0	
790.201433	8	6	3	0	2	7	1	3643	-1350	32	47411	7	4	3	0	0	0	0	0	0	0	0	0	0	0	0	0	0	
791.208000	8	6	3	0	2	7	1	3621	-1350	32	47471	7	4	5	0	0	0	0	0	0	0	0	0	0	0	0	0	0	
792.213117	8	6	3	0	2	7	1	3623	-1349	32	47531	7	4	7	0	0	0	0	0	0	0	0	0	0	0	0	0	0	
793.218233	8	6	3	0	2	7	1	3604	-1350	32	47592	7	4	8	0	0	0	0	0	0	0	0	0	0	0	0	0	0	
794.204633	8	6	3	0	2	7	1	3582	-1348	32	47651	7	4	10	0	0	0	0	0	0	0	0	0	0	0	0	0	0	
795.209767	8	6	3	0	2	7	1	3560	-1350	32	47711	7	4	12	0	0	0	0	0	0	0	0	0	0	0	0	0	0	
796.216317	8	6	3	0	2	7	1	3551	-1350	32	47771	7	4	13	0	0	0	0	0	0	0	0	0	0	0	0	0	0	
797.202717	8	6	3	0	2	7	1	3543	-1350	32	47831	7	4	15	0	0	0	0	0	0	0	0	0	0	0	0	0	0	
798.207833	8	6	3	0	2	7	1	3524	-1349	32	47891	7	4	17	0	0	0	0	0	0	0	0	0	0	0	0	0	0	
799.212967	8	6	3	0	2	7	1	3515	-1352	32	47951	7	4	18	0	0	0	0	0	0	0	0	0	0	0	0	0	0	
800.218083	8	6	3	0	2	7	1	3496	-1349	32	48012	7	4	20	0	0	0	0	0	0	0	0	0	0	0	0	0	0	
801.205917	8	6	3	0	2	7	1	3483	-1348	32	48071	7	4	21	0	0	0	0	0	0	0	0	0	0	0	0	0	0	
802.211033	8	6	3	0	2	7	1	3472	-1351	32	48131	7	4	23	0	0	0	0	0	0	0	0	0	0	0	0	0	0	
803.216167	8	6	3	0	2	7	1	3458	-1349	32	48191	7	4	25	0	0	0	0	0	0	0	0	0	0	0	0	0	0	
804.202567	8	6	3	0	2	7	1	3446	-1350	32	48251	7	4	26	0	0	0	0	0	0	0	0	0	0	0	0	0	0	
805.207683	8	6	3	0	2	7	1	3433	-1349	32	48311	7	4	28	0	0	0	0	0	0	0	0	0	0	0	0	0	0	
806.214233	8	6	3	0	2	7	1	3422	-1349	32	48371	7	4	30	0	0	0	0	0	0	0	0	0	0	0	0	0	0	
807.219367	8	6	3	0	2	7	1	3410	-1350	32	48432	7	4	32	0	0	0	0	0	0	0	0	0	0	0	0	0	0	
808.205767	8	6	3	0	2	7	1	3400	-1350	32	48491	7	4	33	0	0	0	0	0	0	0	0	0	0	0	0	0	0	
809.210883	8	6	3	0	2	7	1	3389	-1351	32	48551	7	4	35	0	0	0	0	0	0	0	0	0	0	0	0	0	0	
810.216000	8	6	3	0	2	7	1	3379	-1349	32	48611	7	4	36	0	0	0	0	0	0	0	0	0	0	0	0	0	0	
811.202400	8	6	3	0	2	7	1	3370	-1349	32	48671	7	4	38	0	0	0	0	0	0	0	0	0	0	0	0	0	0	
812.208967	8	6	3	0	2	7	1	3361	-1351	32	48731	7	4	40	0	0	0	0	0	0	0	0	0	0	0	0	0	0	
813.214083	8	6	3	0	2	7	1	3352	-1348	32	48791	7	4	41	0	0	0	0	0	0	0	0	0	0	0	0	0	0	
814.219200	8	6	3	0	2	7	1	3343	-1349	32	48852	7	4	43	0	0	0	0	0	0	0	0	0	0	0	0	0	0	
815.205600	8	6	3	0	2	7	1	3334	-1350	32	48911	7	4	45	0	0	0	0	0	0	0	0	0	0	0	0	0	0	
816.210717	8	6	3	0	2	7	1	3326	-1351	32	48971	7	4	46	0	0	0	0	0	0	0	0	0	0	0	0	0	0	
817.220167	8	6	3	0	2	7	1	3317	-1350	32	49032	7	4	48	0	0	0	0	0	0	0	0	0	0	0	0	0	0	
818.206567	8	6	3	0	2	7	1	3309	-1348	32	49091	7	4	50	0	0	0	0	0	0	0	0	0	0	0	0	0	0	
819.211683	8	6	3	0	2	7	1	3302	-1349	32	49151	7	4	51	0	0	0	0	0	0	0	0	0	0	0	0	0	0	
820.216800	8	6	3	0	2	7	1	3295	-1349	32	49211	7	4	53	0	0	0	0	0	0	0	0	0	0	0	0	0	0	
821.204633	8	6	3	0	2	7	1	3289	-1349	32	49271	7	4	55	0	0	0	0	0	0	0	0	0	0	0	0	0	0	
822.209767	8	6	3	0	2	7	1	3282	-1349	32	49331	7	4	56	0	0	0	0	0	0	0	0	0	0	0	0	0	0	
823.214883	8	6	3	0	2	7	1	3276	-1349	32	49391	7	4	58	0	0	0	0	0	0	0	0	0	0	0	0	0	0	
824.220000	8	6	3	0	2	7	1	3270	-1349	32	49452	7	4	60	0	0	0	0	0	0	0	0	0	0	0	0	0	0	
825.206400	8	6	3	0	2	7	1	3264	-1349	32	49511	7	4	61	0	0	0	0	0	0	0	0	0	0	0	0	0	0	
826.211517	8	6	3	0	2	7	1	3257	-1350	32	49571	7	4	63	0	0	0	0	0	0	0	0	0	0	0	0	0	0	
827.218083	8	6	3	0	2	7	1	3251	-1350	32	49631	7	4	65	0	0	0	0	0	0	0	0	0	0	0	0	0	0	
828.204483	8	6	3	0	2	7	1	3244	-1349	32	49691	7	4	66	0	0	0	0	0	0	0	0	0	0	0	0	0	0	
829.209600	8	6	3	0	2	7	1	3236	-1349	32	49751	7	4	68	0	0	0	0	0	0	0	0	0	0	0	0	0	0	
830.214717	8	6	3	0	2	7	1	3228	-1350	32	49811	7	4	70	0	0	0	0	0	0	0	0	0	0	0	0	0	0	
831.219833	8	6	3	0	2	7	1	3219	-1349	32	49872	7	4	71	0	0	0	0	0	0	0	0	0	0	0	0	0	0	
832.206233	8	6	3	0	2	7	1	3209	-1351	32	49931	7	4	73	0	0	0	0	0	0	0	0	0	0	0	0	0	0	
833.212800	8	6	3	0	2	7	1	3195	-1349	32	49991	7	4	75	0	0	0	0	0	0	0	0	0	0	0	0	0	0	
834.217917	8	6	3	0	2	7	1	3179	-1350	32	50051	7	4	76	0	0	0	0	0	0	0	0	0	0	0	0	0	0	
835.204317	8	6	3	0	2	7	1	3159	-1350	32	50111	7	4	78	0	0	0	0	0	0	0	0	0	0	0	0	0	0	
836.209433	8	6	3	0	2	7	1	3132	-1350	32	50171	7	4	80	0	0	0	0	0	0	0	0	0	0	0	0	0	0	
837.214567	8	6	3	0	2	7	1	3093	-1349	32	50231	7	4	81	0	0	0	0	0	0	0	0	0	0	0	0	0	0	
838.221117	8	6	3	0	2	7	1	3029	-1350	32	50292	7	4	83	0	0	0	0	0	0	0	0	0	0	0	0	0	0	
839.207517	8	6	3	0	2	7	1	2911	-1349	32	50351	7	4	85	0	0	0	0	0	0	0	0	0	0	0	0	0	0	
840.080167	8	15	3	0	1	31	2	2863	12	32	50403	8	4	86	0	0	0	0	0	0	0	0	0	0	0	0	0	0	
840.101767	8	3	3	0	1	2	2	3325	672	32	50404	9	4	86	0	0	0	0	0	0	0	0	0	0	0	0	0	0	
840.215517	8	3	3	0	1	2	2	3415	675	32	50411	9	4	86	0	0	0	0	0	0	0	0	0	0	0	0	0	0	
841.222083	8	3	3	0	1	2	2	3629	675	32	50472	9	4	86	0	0	0	0	0	0	0	0	0	0	0	0	0	0	
842.208483	8	3	3	0	1	2	2	3729	674	32	50531	9	4	86	0	0	0	0	0	0	0	0	0	0	0	0	0	0	
843.213600	8	3	3	0	1	2	2	3787	675	32	50591	9	4	86	0	0	0	0	0	0	0	0	0	0	0	0	0	0	
844.218717	8	3	3	0	1	2	2	3832	675	32	50651	9	4	86	0	0	0	0	0	0	0	0	0	0	0	0	0	0	
845.205117	8	3	3	0	1	2	2	3865	674	32	50711	9	4	86	0	0	0	0	0	0	0	0	0	0	0	0	0	0	
846.211683	8	3	3	0	1	2	2	3877	674	32	50771	9	4	86	0	0	0	0	0	0	0	0	0	0	0	0	0	0	
847.216800	8	3	3	0	1	2	2	3882	674	32	50831	9	4	86	0	0	0	0	0	0	0	0	0	0	0	0	0	0	
848.221917	8	3	3	0	1	2	2	3886	674	32	50892	9	4	86	0	0	0	0	0	0	0	0	0	0	0	0	0	0	
849.208317	8	3	3	0	1	2	2	3893	673	32	50951	9	4	86	0	0	0	0	0	0	0	0	0	0	0	0	0	0	
850.213433	8	3	3	0	1	2	2	3901	675	32	51011	9	4	86	0	0	0	0	0	0	0	0	0	0	0	0	0	0	
851.220000	8	3	3	0	1	2	2	3910	674	32	51071	9	4	86	0	0	0	0	0	0	0	0	0	0	0	0	0	0	
852.206400	8	3	3	0	1	2	2	3915	673	32	51131	9	4	86	0	0	0	0	0	0	0	0	0	0	0	0	0	0	
853.211517	8	3	3	0	1	2	2	3922	674	32	51191	9	4	86	0	0	0	0	0	0	0	0	0	0	0	0	0	0	
854.216633	8	3	3	0	1	2	2	3928	674	32	51251	9	4	86	0	0	0	0	0	0	0	0	0	0	0	0	0	0	
855.221767	8	3	3	0	1	2	2	3935	675	32	51312	9	4	86	0	0	0	0	0	0	0	0	0	0	0	0	0	0	
856.209600	8	3	3	0	1	2	2	3942	674	32	51371	9	4	86	0	0	0	0	0	0	0	0	0	0	0	0	0	0	
857.214717	8	3	3	0	1	2	2	3949	675	32	51431	9	4	86	0	0	0	0	0	0	0	0	0	0	0	0	0	0	
858.219833	8	3	3	0	1	2	2	3956	674	32	51491	9	4	86	0	0	0	0	0	0	0	0	0	0	0	0	0	0	
859.206233	8	3	3	0	1	2	2	3962	674	32	51551	9	4	86	0	0	0	0	0	0	0	0	0	0	0	0	0	0	
860.211367	8	3	3	0	1	2	2	3968	674	32	51611	9	4	86	0	0	0	0	0	0	0	0	0	0	0	0	0	0	
861.217917	8	3	3	0	1	2	2	3974	675	32	51671	9	4	86	0	0	0	0	0	0	0	0	0	0	0	0	0	0	
862.223033	8	3	3	0	1	2	2	3979	675	32	51732	9	4	86	0	0	0	0	0	0	0	0	0	0	0	0	0	0	
863.209433	8	3	3	0	1	2	2	3985	674	32	51791	9	4	86	0	0	0	0	0	0	0	0	0	0	0	0	0	0	
864.214567	8	3	3	0	1	2	2	3989	675	32	51851	9	4	86	0	0	0	0	0	0	0	0	0	0	0	0	0	0	
865.219683	8	3	3	0	1	2	2	3993	674	32	51911	9	4	86	0	0	0	0	0	0	0	0	0	0	0	0	0	0	
866.206083	8	3	3	0	1	2	2	3997	675	32	51971	9	4	86	0	0	0	0	0	0	0	0	0	0	0	0	0	0	
867.212633	8	3	3	0	1	2	2	4001	674	32	52031	9	4	86	0	0	0	0	0	0	0	0	0	0	0	0	0	0	
868.217767	8	3	3	0	1	2	2	4004	674	32	52091	9	4	86	0	0	0	0	0	0	0	0	0	0	0	0	0	0	
869.224317	8	3	3	0	1	2	2	4007	674	32	52152	9	4	86	0	0	0	0	0	0	0	0	0	0	0	0	0	0	
870.210717	8	3	3	0	1	2	2	4011	675	32	52211	9	4	86	0	0	0	0	0	0	0	0	0	0	0	0	0	0	
871.215833	8	3	3	0	1	2	2	4013	675	32	52271	9	4	86	0	0	0	0	0	0	0	0	0	0	0	0	0	0	
872.222400	8	3	3	0	1	2	2	4017	675	32	52331	9	4	86	0	0	0	0	0	0	0	0	0	0	0	0	0	0	
873.208800	8	3	3	0	1	2	2	4019	674	32	52391	9	4	86	0	0	0	0	0	0	0	0	0	0	0	0	0	0	
874.213917	8	3	3	0	1	2	2	4022	674	32	52451	9	4	86	0	0	0	0	0	0	0	0	0	0	0	0	0	0	
875.219033	8	3	3	0	1	2	2	4026	674	32	52511	9	4	86	0	0	0	0	0	0	0	0	0	0	0	0	0	0	
876.224167	8	3	3	0	1	2	2	4029	675	32	52572	9	4	86	0	0	0	0	0	0	0	0	0	0	0	0	0	0	
877.210567	8	3	3	0	1	2	2	4032	675	32	52631	9	4	86	0	0	0	0	0	0	0	0	0	0	0	0	0	0	
878.217117	8	3	3	0	1	2	2	4035	674	32	52691	9	4	86	0	0	0	0	0	0	0	0	0	0	0	0	0	0	
879.222233	8	3	3	0	1	2	2	4039	674	32	52751	9	4	86	0	0	0	0	0	0	0	0	0	0	0	0	0	0	
880.208633	8	3	3	0	1	2	2	4042	675	32	52811	9	4	86	0	0	0	0	0	0	0	0	0	0	0	0	0	0	
881.213767	8	3	3	0	1	2	2	4046	675	32	52871	9	4	86	0	0	0	0	0	0	0	0	0	0	0	0	0	0	
882.218883	8	3	3	0	1	2	2	4049	674	32	52931	9	4	86	0	0	0	0	0	0	0	0	0	0	0	0	0	0	
883.225433	8	3	3	0	1	2	2	4052	674	32	52992	9	4	86	0	0	0	0	0	0	0	0	0	0	0	0	0	0	
884.211833	8	3	3	0	1	2	2	4056	675	32	53051	9	4	86	0	0	0	0	0	0	0	0	0	0	0	0	0	0	
885.216967	8	3	3	0	1	2	2	4059	674	32	53111	9	4	86	0	0	0	0	0	0	0	0	0	0	0	0	0	0	
886.222083	8	3	3	0	1	2	2	4062	674	32	53171	9	4	86	0	0	0	0	0	0	0	0	0	0	0	0	0	0	
887.208483	8	3	3	0	1	2	2	4067	675	32	53231	9	4	86	0	0	0	0	0	0	0	0	0	0	0	0	0	0	
888.215033	8	3	3	0	1	2	2	4070	674	32	53291	9	4	86	0	0	0	0	0	0	0	0	0	0	0	0	0	0	
889.220167	8	3	3	0	1	2	2	4073	675	32	53351	9	4	86	0	0	0	0	0	0	0	0	0	0	0	0	0	0	
890.225283	8	3	3	0	1	2	2	4078	675	32	53412	9	4	86	0	0	0	0	0	0	0	0	0	0	0	0	0	0	
891.211683	8	3	3	0	1	2	2	4082	676	32	53471	9	4	86	0	0	0	0	0	0	0	0	0	0	0	0	0	0	
892.216800	8	3	3	0	1	2	2	4086	676	32	53531	9	4	86	0	0	0	0	0	0	0	0	0	0	0	0	0	0	
893.223367	8	3	3	0	1	2	2	4090	675	32	53591	9	4	86	0	0	0	0	0	0	0	0	0	0	0	0	0	0	
894.209767	8	3	3	0	1	2	2	4094	675	32	53651	9	4	86	0	0	0	0	0	0	0	0	0	0	0	0	0	0	
895.214883	8	3	3	0	1	2	2	4099	677	32	53711	9	4	86	0	0	0	0	0	0	0	0	0	0	0	0	0	0	
896.220000	8	3	3	0	1	2	2	4102	674	32	53771	9	4	86	0	0	0	0	0	0	0	0	0	0	0	0	0	0	
897.225117	8	3	3	0	1	2	2	4107	674	32	53832	9	4	86	0	0	0	0	0	0	0	0	0	0	0	0	0	0	
898.212967	8	3	3	0	1	2	2	4111	675	32	53891	9	4	86	0	0	0	0	0	0	0	0	0	0	0	0	0	0	
899.218083	8	3	3	0	1	2	2	4115	674	32	53951	9	4	86	0	0	0	0	0	0	0	0	0	0	0	0	0	0	
900.223200	8	3	3	0	1	2	2	4119	669	32	54011	9	4	86	0	0	0	0	0	0	0	0	0	0	0	0	0	0	
901.209600	8	3	3	0	1	2	2	4122	666	32	54071	9	4	86	0	0	0	0	0	0	0	0	0	0	0	0	0	0	
902.214717	8	3	3	0	1	2	2	4127	665	32	54131	9	4	86	0	0	0	0	0	0	0	0	0	0	0	0	0	0	
903.219833	8	3	3	0	1	2	2	4131	663	32	54191	9	4	86	0	0	0	0	0	0	0	0	0	0	0	0	0	0	
904.226400	8	3	3	0	1	2	2	4136	663	32	54252	9	4	86	0	0	0	0	0	0	0	0	0	0	0	0	0	0	
905.212800	8	3	3	0	1	2	2	4141	661	32	54311	9	4	86	0	0	0	0	0	0	0	0	0	0	0	0	0	0	
906.217917	8	3	3	0	1	2	2	4146	662	32	54371	9	4	86	0	0	0	0	0	0	0	0	0	0	0	0	0	0	
907.223033	8	3	3	0	1	2	2	4151	660	32	54431	9	4	86	0	0	0	0	0	0	0	0	0	0	0	0	0	0	
908.209433	8	3	3	0	1	2	2	4156	660	32	54491	9	4	86	0	0	0	0	0	0	0	0	0	0	0	0	0	0	
909.216000	8	3	3	0	1	2	2	4162	660	32	54551	9	4	86	0	0	0	0	0	0	0	0	0	0	0	0	0	0	
910.221117	8	3	3	0	1	2	2	4167	659	32	54611	9	4	86	0	0	0	0	0	0	0	0	0	0	0	0	0	0	
911.226233	8	3	3	0	1	2	2	4171	656	32	54672	9	4	86	0	0	0	0	0	0	0	0	0	0	0	0	0	0	
912.212633	8	3	3	0	1	2	2	4177	656	32	54731	9	4	86	0	0	0	0	0	0	0	0	0	0	0	0	0	0	
913.217767	8	3	3	0	1	2	2	4184	657	32	54791	9	4	86	0	0	0	0	0	0	0	0	0	0	0	0	0	0	
914.224317	8	3	3	0	1	2	2	4189	656	32	54851	9	4	86	0	0	0	0	0	0	0	0	0	0	0	0	0	0	
915.229433	8	3	3	0	1	2	2	4195	656	32	54912	9	4	86	0	0	0	0	0	0	0	0	0	0	0	0	0	0	
916.215833	8	3	3	0	1	2	2	4199	648	32	54971	9	4	86	0	0	0	0	0	0	0	0	0	0	0	0	0	0	
917.220967	8	3	3	0	1	2	2	4199	631	32	55031	9	4	86	0	0	0	0	0	0	0	0	0	0	0	0	0	0	
918.226083	8	3	3	0	1	2	2	4199	614	32	55092	9	4	86	0	0	0	0	0	0	0	0	0	0	0	0	0	0	
919.212483	8	3	3	0	1	2	2	4199	597	32	55151	9	4	86	0	0	0	0	0	0	0	0	0	0	0	0	0	0	
920.219033	8	3	3	0	1	2	2	4199	582	32	55211	9	4	86	0	0	0	0	0	0	0	0	0	0	0	0	0	0	
921.224167	8	3	3	0	1	2	2	4199	564	32	55271	9	4	86	0	0	0	0	0	0	0	0	0	0	0	0	0	0	
922.229283	8	3	3	0	1	2	2	4199	542	32	55332	9	4	86	0	0	0	0	0	0	0	0	0	0	0	0	0	0	
923.215683	8	3	3	0	1	2	2	4199	524	32	55391	9	4	86	0	0	0	0	0	0	0	0	0	0	0	0	0	0	
924.220800	8	3	3	0	1	2	2	4199	512	32	55451	9	4	86	0	0	0	0	0	0	0	0	0	0	0	0	0	0	
925.225917	8	3	3	0	1	2	2	4199	503	32	55512	9	4	86	0	0	0	0	0	0	0	0	0	0	0	0	0	0	
926.213767	8	3	3	0	1	2	2	4199	489	32	55571	9	4	86	0	0	0	0	0	0	0	0	0	0	0	0	0	0	
927.218883	8	3	3	0	1	2	2	4199	473	32	55631	9	4	86	0	0	0	0	0	0	0	0	0	0	0	0	0	0	
928.224000	8	3	3	0	1	2	2	4199	459	32	55691	9	4	86	0	0	0	0	0	0	0	0	0	0	0	0	0	0	
929.229117	8	3	3	0	1	2	2	4198	447	32	55752	9	4	86	0	0	0	0	0	0	0	0	0	0	0	0	0	0	
930.215517	8	3	3	0	1	2	2	4199	436	32	55811	9	4	86	0	0	0	0	0	0	0	0	0	0	0	0	0	0	
931.222083	8	3	3	0	1	2	2	4199	423	32	55871	9	4	86	0	0	0	0	0	0	0	0	0	0	0	0	0	0	
932.227200	8	3	3	0	1	2	2	4199	408	32	55932	9	4	86	0	0	0	0	0	0	0	0	0	0	0	0	0	0	
933.213600	8	3	3	0	1	2	2	4199	396	32	55991	9	4	86	0	0	0	0	0	0	0	0	0	0	0	0	0	0	
934.218717	8	3	3	0	1	2	2	4199	385	32	56051	9	4	86	0	0	0	0	0	0	0	0	0	0	0	0	0	0	
935.223833	8	3	3	0	1	2	2	4199	374	32	56111	9	4	86	0	0	0	0	0	0	0	0	0	0	0	0	0	0	
936.230400	8	3	3	0	1	2	2	4199	362	32	56172	9	4	86	0	0	0	0	0	0	0	0	0	0	0	0	0	0	
937.216800	8	3	3	0	1	2	2	4199	350	32	56231	9	4	86	0	0	0	0	0	0	0	0	0	0	0	0	0	0	
938.221917	8	3	3	0	1	2	2	4199	339	32	56291	9	4	86	0	0	0	0	0	0	0	0	0	0	0	0	0	0	
939.227033	8	3	3	0	1	2	2	4199	328	32	56351	9	4	86	0	0	0	0	0	0	0	0	0	0	0	0	0	0	
940.213433	8	3	3	0	1	2	2	4199	317	32	56411	9	4	86	0	0	0	0	0	0	0	0	0	0	0	0	0	0	
941.218567	8	3	3	0	1	2	2	4199	306	32	56471	9	4	86	0	0	0	0	0	0	0	0	0	0	0	0	0	0	
942.225117	8	3	3	0	1	2	2	4199	296	32	56531	9	4	86	0	0	0	0	0	0	0	0	0	0	0	0	0	0	
943.230233	8	3	3	0	1	2	2	4199	286	32	56592	9	4	86	0	0	0	0	0	0	0	0	0	0	0	0	0	0	
944.216633	8	3	3	0	1	2	2	4199	278	32	56651	9	4	86	0	0	0	0	0	0	0	0	0	0	0	0	0	0	
945.226083	8	3	3	0	1	2	2	4199	269	32	56711	9	4	86	0	0	0	0	0	0	0	0	0	0	0	0	0	0	
946.231200	8	3	3	0	1	2	2	4198	261	32	56772	9	4	86	0	0	0	0	0	0	0	0	0	0	0	0	0	0	
947.217600	8	3	3	0	1	2	2	4199	252	32	56831	9	4	86	0	0	0	0	0	0	0	0	0	0	0	0	0	0	
948.222717	8	3	3	0	1	2	2	4199	243	32	56891	9	4	86	0	0	0	0	0	0	0	0	0	0	0	0	0	0	
949.227833	8	3	3	0	1	2	2	4199	235	32	56952	9	4	86	0	0	0	0	0	0	0	0	0	0	0	0	0	0	
950.214233	8	3	3	0	1	2	2	4198	228	32	57011	9	4	86	0	0	0	0	0	0	0	0	0	0	0	0	0	0	
951.222233	8	3	3	0	1	2	2	4199	221	32	57071	9	4	86	0	0	0	0	0	0	0	0	0	0	0	0	0	0	
952.227367	8	3	3	0	1	2	2	4199	213	32	57131	9	4	86	0	0	0	0	0	0	0	0	0	0	0	0	0	0	
953.213767	8	3	3	0	1	2	2	4199	207	32	57191	9	4	86	0	0	0	0	0	0	0	0	0	0	0	0	0	0	
954.218883	8	3	3	0	1	2	2	4199	201	32	57251	9	4	86	0	0	0	0	0	0	0	0	0	0	0	0	0	0	
955.225433	8	3	3	0	1	2	2	4199	194	32	57311	9	4	86	0	0	0	0	0	0	0	0	0	0	0	0	0	0	
956.230567	8	3	3	0	1	2	2	4199	187	32	57372	9	4	86	0	0	0	0	0	0	0	0	0	0	0	0	0	0	
957.216967	8	3	3	0	1	2	2	4199	182	32	57431	9	4	86	0	0	0	0	0	0	0	0	0	0	0	0	0	0	
958.222083	8	3	3	0	1	2	2	4199	176	32	57491	9	4	86	0	0	0	0	0	0	0	0	0	0	0	0	0	0	
959.227200	8	3	3	0	1	2	2	4199	169	32	57551	9	4	86	0	0	0	0	0	0	0	0	0	0	0	0	0	0	
960.215033	8	3	3	0	1	2	2	4198	165	32	57611	9	4	86	0	0	0	0	0	0	0	0	0	0	0	0	0	0	
961.220167	8	3	3	0	1	2	2	4198	160	32	57671	9	4	86	0	0	0	0	0	0	0	0	0	0	0	0	0	0	
962.225283	8	3	3	0	1	2	2	4199	154	32	57731	9	4	86	0	0	0	0	0	0	0	0	0	0	0	0	0	0	
963.230400	8	3	3	0	1	2	2	4199	150	32	57792	9	4	86	0	0	0	0	0	0	0	0	0	0	0	0	0	0	
964.216800	8	3	3	0	1	2	2	4198	145	32	57851	9	4	86	0	0	0	0	0	0	0	0	0	0	0	0	0	0	
965.223367	8	3	3	0	1	2	2	4199	141	32	57911	9	4	86	0	0	0	0	0	0	0	0	0	0	0	0	0	0	
966.228483	8	3	3	0	1	2	2	4199	136	32	57971	9	4	86	0	0	0	0	0	0	0	0	0	0	0	0	0	0	
967.214883	8	3	3	0	1	2	2	4198	132	32	58031	9	4	86	0	0	0	0	0	0	0	0	0	0	0	0	0	0	
968.220000	8	3	3	0	1	2	2	4198	127	32	58091	9	4	86	0	0	0	0	0	0	0	0	0	0	0	0	0	0	
969.225117	8	3	3	0	1	2	2	4199	123	32	58151	9	4	86	0	0	0	0	0	0	0	0	0	0	0	0	0	0	
970.231683	8	3	3	0	1	2	2	4198	120	32	58212	9	4	86	0	0	0	0	0	0	0	0	0	0	0	0	0	0	
971.218083	8	3	3	0	1	2	2	4199	115	32	58271	9	4	86	0	0	0	0	0	0	0	0	0	0	0	0	0	0	
972.223200	8	3	3	0	1	2	2	4199	112	32	58331	9	4	86	0	0	0	0	0	0	0	0	0	0	0	0	0	0	
973.228317	8	3	3	0	1	2	2	4199	108	32	58391	9	4	86	0	0	0	0	0	0	0	0	0	0	0	0	0	0	
974.233433	8	3	3	0	1	2	2	4198	105	32	58452	9	4	86	0	0	0	0	0	0	0	0	0	0	0	0	0	0	
975.219833	8	3	3	0	1	2	2	4198	102	32	58511	9	4	86	0	0	0	0	0	0	0	0	0	0	0	0	0	0	
976.226400	8	3	3	0	1	2	2	4199	99	32	58571	9	4	86	0	0	0	0	0	0	0	0	0	0	0	0	0	0	
977.231517	8	3	3	0	1	2	2	4199	95	32	58632	9	4	86	0	0	0	0	0	0	0	0	0	0	0	0	0	0	
978.217917	8	3	3	0	1	2	2	4199	92	32	58691	9	4	86	0	0	0	0	0	0	0	0	0	0	0	0	0	0	
979.223033	8	3	3	0	1	2	2	4198	90	32	58751	9	4	86	0	0	0	0	0	0	0	0	0	0	0	0	0	0	
980.228167	8	3	3	0	1	2	2	4198	88	32	58811	9	4	86	0	0	0	0	0	0	0	0	0	0	0	0	0	0	
981.233283	8	3	3	0	1	2	2	4199	85	32	58872	9	4	86	0	0	0	0	0	0	0	0	0	0	0	0	0	0	
982.221117	8	3	3	0	1	2	2	4198	81	32	58931	9	4	86	0	0	0	0	0	0	0	0	0	0	0	0	0	0	
983.226233	8	3	3	0	1	2	2	4198	80	32	58991	9	4	86	0	0	0	0	0	0	0	0	0	0	0	0	0	0	
984.231367	8	3	3	0	1	2	2	4199	77	32	59052	9	4	86	0	0	0	0	0	0	0	0	0	0	0	0	0	0	
985.217767	8	3	3	0	1	2	2	4199	74	32	59111	9	4	86	0	0	0	0	0	0	0	0	0	0	0	0	0	0	
986.222883	8	3	3	0	1	2	2	4199	73	32	59171	9	4	86	0	0	0	0	0	0	0	0	0	0	0	0	0	0	
987.228000	8	3	3	0	1	2	2	4198	70	32	59231	9	4	86	0	0	0	0	0	0	0	0	0	0	0	0	0	0	
988.234567	8	3	3	0	1	2	2	4198	68	32	59292	9	4	86	0	0	0	0	0	0	0	0	0	0	0	0	0	0	
988.843683	8	6	3	0	2	7	1	3782	-1311	32	59328	9	5	0	0	0	0	0	0	0	0	0	0	0	0	0	0	0	
989.222400	8	6	3	0	2	7	1	3707	-1348	32	59351	9	5	0	0	0	0	0	0	0	0	0	0	0	0	0	0	0	
990.227517	8	6	3	0	2	7	1	3646	-1350	32	59411	9	5	2	0	0	0	0	0	0	0	0	0	0	0	0	0	0	
991.234083	8	6	3	0	2	7	1	3670	-1350	32	59472	9	5	3	0	0	0	0	0	0	0	0	0	0	0	0	0	0	
992.220483	8	6	3	0	2	7	1	3646	-1349	32	59531	9	5	5	0	0	0	0	0	0	0	0	0	0	0	0	0	0	
993.225600	8	6	3	0	2	7	1	3633	-1349	32	59591	9	5	7	0	0	0	0	0	0	0	0	0	0	0	0	0	0	
994.230717	8	6	3	0	2	7	1	3607	-1350	32	59651	9	5	8	0	0	0	0	0	0	0	0	0	0	0	0	0	0	
995.217117	8	6	3	0	2	7	1	3590	-1348	32	59711	9	5	10	0	0	0	0	0	0	0	0	0	0	0	0	0	0	
996.222233	8	6	3	0	2	7	1	3565	-1350	32	59771	9	5	12	0	0	0	0	0	0	0	0	0	0	0	0	0	0	
997.228800	8	6	3	0	2	7	1	3531	-1350	32	59831	9	5	13	0	0	0	0	0	0	0	0	0	0	0	0	0	0	
998.233917	8	6	3	0	2	7	1	3535	-1348	32	59892	9	5	15	0	0	0	0	0	0	0	0	0	0	0	0	0	0	
999.220317	8	6	3	0	2	7	1	3525	-1349	32	59951	9	5	17	0	0	0	0	0	0	0	0	0	0	0	0	0	0	
1000.225433	8	6	3	0	2	7	1	3508	-1348	32	60011	9	5	18	0	0	0	0	0	0	0	0	0	0	0	0	0	0	
1001.230567	8	6	3	0	2	7	1	3496	-1349	32	60071	9	5	20	0	0	0	0	0	0	0	0	0	0	0	0	0	0	
1002.216967	8	6	3	0	2	7	1	3481	-1350	32	60131	9	5	22	0	0	0	0	0	0	0	0	0	0	0	0	0	0	
1003.223517	8	6	3	0	2	7	1	3472	-1350	32	60191	9	5	23	0	0	0	0	0	0	0	0	0	0	0	0	0	0	
1004.228633	8	6	3	0	2	7	1	3457	-1350	32	60251	9	5	25	0	0	0	0	0	0	0	0	0	0	0	0	0	0	
1005.233767	8	6	3	0	2	7	1	3442	-1349	32	60312	9	5	26	0	0	0	0	0	0	0	0	0	0	0	0	0	0	
1006.220167	8	6	3	0	2	7	1	3427	-1351	32	60371	9	5	28	0	0	0	0	0	0	0	0	0	0	0	0	0	0	
1007.225283	8	6	3	0	2	7	1	3413	-1350	32	60431	9	5	30	0	0	0	0	0	0	0	0	0	0	0	0	0	0	
1008.231833	8	6	3	0	2	7	1	3402	-1349	32	60491	9	5	31	0	0	0	0	0	0	0	0	0	0	0	0	0	0	
1009.218233	8	6	3	0	2	7	1	3393	-1350	32	60551	9	5	33	0	0	0	0	0	0	0	0	0	0	0	0	0	0	
1010.223367	8	6	3	0	2	7	1	3383	-1351	32	60611	9	5	35	0	0	0	0	0	0	0	0	0	0	0	0	0	0	
1011.228483	8	6	3	0	2	7	1	3370	-1350	32	60671	9	5	36	0	0	0	0	0	0	0	0	0	0	0	0	0	0	
1012.233600	8	6	3	0	2	7	1	3358	-1351	32	60732	9	5	38	0	0	0	0	0	0	0	0	0	0	0	0	0	0	
1013.220000	8	6	3	0	2	7	1	3348	-1350	32	60791	9	5	40	0	0	0	0	0	0	0	0	0	0	0	0	0	0	
1014.226567	8	6	3	0	2	7	1	3340	-1348	32	60851	9	5	41	0	0	0	0	0	0	0	0	0	0	0	0	0	0	
1015.231683	8	6	3	0	2	7	1	3329	-1349	32	60911	9	5	43	0	0	0	0	0	0	0	0	0	0	0	0	0	0	
1016.236800	8	6	3	0	2	7	1	3319	-1350	32	60972	9	5	45	0	0	0	0	0	0	0	0	0	0	0	0	0	0	
1017.223200	8	6	3	0	2	7	1	3315	-1350	32	61031	9	5	46	0	0	0	0	0	0	0	0	0	0	0	0	0	0	
1018.228317	8	6	3	0	2	7	1	3305	-1348	32	61091	9	5	48	0	0	0	0	0	0	0	0	0	0	0	0	0	0	
1019.234883	8	6	3	0	2	7	1	3297	-1350	32	61152	9	5	50	0	0	0	0	0	0	0	0	0	0	0	0	0	0	
1020.221283	8	6	3	0	2	7	1	3291	-1349	32	61211	9	5	51	0	0	0	0	0	0	0	0	0	0	0	0	0	0	
1021.226400	8	6	3	0	2	7	1	3282	-1349	32	61271	9	5	53	0	0	0	0	0	0	0	0	0	0	0	0	0	0	
1022.231517	8	6	3	0	2	7	1	3275	-1350	32	61331	9	5	54	0	0	0	0	0	0	0	0	0	0	0	0	0	0	
1023.236633	8	6	3	0	2	7	1	3266	-1351	32	61392	9	5	56	0	0	0	0	0	0	0	0	0	0	0	0	0	0	
1024.223033	8	6	3	0	2	7	1	3259	-1350	32	61451	9	5	58	0	0	0	0	0	0	0	0	0	0	0	0	0	0	
1025.229600	8	6	3	0	2	7	1	3248	-1351	32	61511	9	5	59	0	0	0	0	0	0	0	0	0	0	0	0	0	0	
1026.234717	8	6	3	0	2	7	1	3241	-1350	32	61572	9	5	61	0	0	0	0	0	0	0	0	0	0	0	0	0	0	
1027.221117	8	6	3	0	2	7	1	3245	-1350	32	61631	9	5	63	0	0	0	0	0	0	0	0	0	0	0	0	0	0	
1028.226233	8	6	3	0	2	7	1	3240	-1350	32	61691	9	5	64	0	0	0	0	0	0	0	0	0	0	0	0	0	0	
1029.231367	8	6	3	0	2	7	1	3230	-1350	32	61751	9	5	66	0	0	0	0	0	0	0	0	0	0	0	0	0	0	
1030.237917	8	6	3	0	2	7	1	3220	-1349	32	61812	9	5	68	0	0	0	0	0	0	0	0	0	0	0	0	0	0	
1031.224317	8	6	3	0	2	7	1	3209	-1350	32	61871	9	5	69	0	0	0	0	0	0	0	0	0	0	0	0	0	0	
1032.229433	8	6	3	0	2	7	1	3197	-1350	32	61931	9	5	71	0	0	0	0	0	0	0	0	0	0	0	0	0	0	
1033.234567	8	6	3	0	2	7	1	3185	-1349	32	61992	9	5	73	0	0	0	0	0	0	0	0	0	0	0	0	0	0	
1034.220967	8	6	3	0	2	7	1	3168	-1349	32	62051	9	5	74	0	0	0	0	0	0	0	0	0	0	0	0	0	0	
1035.226083	8	6	3	0	2	7	1	3151	-1348	32	62111	9	5	76	0	0	0	0	0	0	0	0	0	0	0	0	0	0	
1036.232633	8	6	3	0	2	7	1	3127	-1352	32	62171	9	5	78	0	0	0	0	0	0	0	0	0	0	0	0	0	0	
1037.237767	8	6	3	0	2	7	1	3101	-1349	32	62232	9	5	79	0	0	0	0	0	0	0	0	0	0	0	0	0	0	
1038.224167	8	6	3	0	2	7	1	3060	-1351	32	62291	9	5	81	0	0	0	0	0	0	0	0	0	0	0	0	0	0	
1039.229283	8	6	3	0	2	7	1	2995	-1349	32	62351	9	5	83	0	0	0	0	0	0	0	0	0	0	0	0	0	0	
1040.238717	8	6	3	0	2	7	1	2857	-1348	32	62412	9	5	84	0	0	0	0	0	0	0	0	0	0	0	0	0	0	
1040.904000	8	15	3	0	1	31	2	3295	487	32	62452	11	5	85	0	0	0	0	0	0	0	0	0	0	0	0	0	0	
1040.925600	8	3	3	0	1	2	2	3375	676	32	62453	11	5	85	0	0	0	0	0	0	0	0	0	0	0	0	0	0	
1041.228000	8	3	3	0	1	2	2	3510	674	32	62471	11	5	85	0	0	0	0	0	0	0	0	0	0	0	0	0	0	
1042.233117	8	3	3	0	1	2	2	3672	674	32	62531	11	5	85	0	0	0	0	0	0	0	0	0	0	0	0	0	0	
1043.238233	8	3	3	0	1	2	2	3755	675	32	62592	11	5	85	0	0	0	0	0	0	0	0	0	0	0	0	0	0	
1044.226083	8	3	3	0	1	2	2	3799	674	32	62651	11	5	85	0	0	0	0	0	0	0	0	0	0	0	0	0	0	
1045.231200	8	3	3	0	1	2	2	3841	674	32	62711	11	5	85	0	0	0	0	0	0	0	0	0	0	0	0	0	0	
1046.236317	8	3	3	0	1	2	2	3863	674	32	62772	11	5	85	0	0	0	0	0	0	0	0	0	0	0	0	0	0	
1047.222717	8	3	3	0	1	2	2	3876	674	32	62831	11	5	85	0	0	0	0	0	0	0	0	0	0	0	0	0	0	
1048.227833	8	3	3	0	1	2	2	3880	673	32	62891	11	5	85	0	0	0	0	0	0	0	0	0	0	0	0	0	0	
1049.234400	8	3	3	0	1	2	2	3887	674	32	62951	11	5	85	0	0	0	0	0	0	0	0	0	0	0	0	0	0	
1050.239517	8	3	3	0	1	2	2	3889	675	32	63012	11	5	85	0	0	0	0	0	0	0	0	0	0	0	0	0	0	
1051.225917	8	3	3	0	1	2	2	3896	674	32	63071	11	5	85	0	0	0	0	0	0	0	0	0	0	0	0	0	0	
1052.231033	8	3	3	0	1	2	2	3901	674	32	63131	11	5	85	0	0	0	0	0	0	0	0	0	0	0	0	0	0	
1053.236167	8	3	3	0	1	2	2	3908	674	32	63192	11	5	85	0	0	0	0	0	0	0	0	0	0	0	0	0	0	
1054.222567	8	3	3	0	1	2	2	3915	675	32	63251	11	5	85	0	0	0	0	0	0	0	0	0	0	0	0	0	0	
1055.229117	8	3	3	0	1	2	2	3923	675	32	63311	11	5	85	0	0	0	0	0	0	0	0	0	0	0	0	0	0	
1056.234233	8	3	3	0	1	2	2	3931	675	32	63371	11	5	85	0	0	0	0	0	0	0	0	0	0	0	0	0	0	
1057.239367	8	3	3	0	1	2	2	3938	675	32	63432	11	5	85	0	0	0	0	0	0	0	0	0	0	0	0	0	0	
1058.225767	8	3	3	0	1	2	2	3945	674	32	63491	11	5	85	0	0	0	0	0	0	0	0	0	0	0	0	0	0	
1059.230883	8	3	3	0	1	2	2	3952	675	32	63551	11	5	85	0	0	0	0	0	0	0	0	0	0	0	0	0	0	
1060.237433	8	3	3	0	1	2	2	3959	674	32	63612	11	5	85	0	0	0	0	0	0	0	0	0	0	0	0	0	0	
1061.223833	8	3	3	0	1	2	2	3966	674	32	63671	11	5	85	0	0	0	0	0	0	0	0	0	0	0	0	0	0	
1062.228967	8	3	3	0	1	2	2	3971	675	32	63731	11	5	85	0	0	0	0	0	0	0	0	0	0	0	0	0	0	
1063.234083	8	3	3	0	1	2	2	3977	674	32	63791	11	5	85	0	0	0	0	0	0	0	0	0	0	0	0	0	0	
1064.239200	8	3	3	0	1	2	2	3983	675	32	63852	11	5	85	0	0	0	0	0	0	0	0	0	0	0	0	0	0	
1065.225600	8	3	3	0	1	2	2	3987	674	32	63911	11	5	85	0	0	0	0	0	0	0	0	0	0	0	0	0	0	
1066.232167	8	3	3	0	1	2	2	3990	674	32	63971	11	5	85	0	0	0	0	0	0	0	0	0	0	0	0	0	0	
1067.238717	8	3	3	0	1	2	2	3994	675	32	64032	11	5	85	0	0	0	0	0	0	0	0	0	0	0	0	0	0	
1068.225117	8	3	3	0	1	2	2	3997	675	32	64091	11	5	85	0	0	0	0	0	0	0	0	0	0	0	0	0	0	
1069.230233	8	3	3	0	1	2	2	4001	675	32	64151	11	5	85	0	0	0	0	0	0	0	0	0	0	0	0	0	0	
1070.235367	8	3	3	0	1	2	2	4004	674	32	64211	11	5	85	0	0	0	0	0	0	0	0	0	0	0	0	0	0	
1071.223200	8	3	3	0	1	2	2	4007	674	32	64271	11	5	85	0	0	0	0	0	0	0	0	0	0	0	0	0	0	
1072.228317	8	3	3	0	1	2	2	4010	674	32	64331	11	5	85	0	0	0	0	0	0	0	0	0	0	0	0	0	0	
1073.233433	8	3	3	0	1	2	2	4014	675	32	64391	11	5	85	0	0	0	0	0	0	0	0	0	0	0	0	0	0	
1074.238567	8	3	3	0	1	2	2	4017	675	32	64452	11	5	85	0	0	0	0	0	0	0	0	0	0	0	0	0	0	
1075.224967	8	3	3	0	1	2	2	4020	674	32	64511	11	5	85	0	0	0	0	0	0	0	0	0	0	0	0	0	0	
1076.231517	8	3	3	0	1	2	2	4024	675	32	64571	11	5	85	0	0	0	0	0	0	0	0	0	0	0	0	0	0	
1077.236633	8	3	3	0	1	2	2	4027	676	32	64631	11	5	85	0	0	0	0	0	0	0	0	0	0	0	0	0	0	
1078.241767	8	3	3	0	1	2	2	4030	674	32	64692	11	5	85	0	0	0	0	0	0	0	0	0	0	0	0	0	0	
1079.228167	8	3	3	0	1	2	2	4033	674	32	64751	11	5	85	0	0	0	0	0	0	0	0	0	0	0	0	0	0	
1080.233283	8	3	3	0	1	2	2	4037	675	32	64811	11	5	85	0	0	0	0	0	0	0	0	0	0	0	0	0	0	
1081.239833	8	3	3	0	1	2	2	4040	675	32	64872	11	5	85	0	0	0	0	0	0	0	0	0	0	0	0	0	0	
1082.226233	8	3	3	0	1	2	2	4044	676	32	64931	11	5	85	0	0	0	0	0	0	0	0	0	0	0	0	0	0	
1083.231367	8	3	3	0	1	2	2	4047	674	32	64991	11	5	85	0	0	0	0	0	0	0	0	0	0	0	0	0	0	
1084.236483	8	3	3	0	1	2	2	4050	675	32	65051	11	5	85	0	0	0	0	0	0	0	0	0	0	0	0	0	0	
1085.241600	8	3	3	0	1	2	2	4054	675	32	65112	11	5	85	0	0	0	0	0	0	0	0	0	0	0	0	0	0	
1086.228000	8	3	3	0	1	2	2	4058	675	32	65171	11	5	85	0	0	0	0	0	0	0	0	0	0	0	0	0	0	
1087.234567	8	3	3	0	1	2	2	4061	675	32	65231	11	5	85	0	0	0	0	0	0	0	0	0	0	0	0	0	0	
1088.239683	8	3	3	0	1	2	2	4065	675	32	65292	11	5	85	0	0	0	0	0	0	0	0	0	0	0	0	0	0	
1089.226083	8	3	3	0	1	2	2	4069	675	32	65351	11	5	85	0	0	0	0	0	0	0	0	0	0	0	0	0	0	
1090.231200	8	3	3	0	1	2	2	4072	674	32	65411	11	5	85	0	0	0	0	0	0	0	0	0	0	0	0	0	0	
1091.236317	8	3	3	0	1	2	2	4076	674	32	65471	11	5	85	0	0	0	0	0	0	0	0	0	0	0	0	0	0	
1092.242883	8	3	3	0	1	2	2	4080	675	32	65532	11	5	85	0	0	0	0	0	0	0	0	0	0	0	0	0	0	
1093.229283	8	3	3	0	1	2	2	4084	674	32	65591	11	5	85	0	0	0	0	0	0	0	0	0	0	0	0	0	0	
1094.234400	8	3	3	0	1	2	2	4089	676	32	65651	11	5	85	0	0	0	0	0	0	0	0	0	0	0	0	0	0	
1095.239517	8	3	3	0	1	2	2	4093	675	32	65712	11	5	85	0	0	0	0	0	0	0	0	0	0	0	0	0	0	
1096.225917	8	3	3	0	1	2	2	4098	676	32	65771	11	5	85	0	0	0	0	0	0	0	0	0	0	0	0	0	0	
1097.232483	8	3	3	0	1	2	2	4102	675	32	65831	11	5	85	0	0	0	0	0	0	0	0	0	0	0	0	0	0	
1098.237600	8	3	3	0	1	2	2	4106	675	32	65891	11	5	85	0	0	0	0	0	0	0	0	0	0	0	0	0	0	
1099.242717	8	3	3	0	1	2	2	4112	676	32	65952	11	5	85	0	0	0	0	0	0	0	0	0	0	0	0	0	0	
1100.229117	8	3	3	0	1	2	2	4116	675	32	66011	11	5	85	0	0	0	0	0	0	0	0	0	0	0	0	0	0	
1101.234233	8	3	3	0	1	2	2	4118	666	32	66071	11	5	85	0	0	0	0	0	0	0	0	0	0	0	0	0	0	
1102.239367	8	3	3	0	1	2	2	4122	663	32	66131	11	5	85	0	0	0	0	0	0	0	0	0	0	0	0	0	0	
1103.227200	8	3	3	0	1	2	2	4127	663	32	66191	11	5	85	0	0	0	0	0	0	0	0	0	0	0	0	0	0	
1104.232317	8	3	3	0	1	2	2	4132	663	32	66251	11	5	85	0	0	0	0	0	0	0	0	0	0	0	0	0	0	
1105.237433	8	3	3	0	1	2	2	4137	663	32	66311	11	5	85	0	0	0	0	0	0	0	0	0	0	0	0	0	0	
1106.242567	8	3	3	0	1	2	2	4142	661	32	66372	11	5	85	0	0	0	0	0	0	0	0	0	0	0	0	0	0	
1107.228967	8	3	3	0	1	2	2	4147	661	32	66431	11	5	85	0	0	0	0	0	0	0	0	0	0	0	0	0	0	
1108.235517	8	3	3	0	1	2	2	4152	660	32	66491	11	5	85	0	0	0	0	0	0	0	0	0	0	0	0	0	0	
1109.240633	8	3	3	0	1	2	2	4157	659	32	66551	11	5	85	0	0	0	0	0	0	0	0	0	0	0	0	0	0	
1110.227033	8	3	3	0	1	2	2	4163	659	32	66611	11	5	85	0	0	0	0	0	0	0	0	0	0	0	0	0	0	
1111.232167	8	3	3	0	1	2	2	4168	659	32	66671	11	5	85	0	0	0	0	0	0	0	0	0	0	0	0	0	0	
1112.237283	8	3	3	0	1	2	2	4174	659	32	66731	11	5	85	0	0	0	0	0	0	0	0	0	0	0	0	0	0	
1113.242400	8	3	3	0	1	2	2	4179	655	32	66792	11	5	85	0	0	0	0	0	0	0	0	0	0	0	0	0	0	
1114.230233	8	3	3	0	1	2	2	4185	657	32	66851	11	5	85	0	0	0	0	0	0	0	0	0	0	0	0	0	0	
1115.235367	8	3	3	0	1	2	2	4191	656	32	66911	11	5	85	0	0	0	0	0	0	0	0	0	0	0	0	0	0	
1116.240483	8	3	3	0	1	2	2	4197	656	32	66971	11	5	85	0	0	0	0	0	0	0	0	0	0	0	0	0	0	
1117.226883	8	3	3	0	1	2	2	4199	643	32	67031	11	5	85	0	0	0	0	0	0	0	0	0	0	0	0	0	0	
1118.232000	8	3	3	0	1	2	2	4199	625	32	67091	11	5	85	0	0	0	0	0	0	0	0	0	0	0	0	0	0	
1119.238567	8	3	3	0	1	2	2	4199	607	32	67151	11	5	85	0	0	0	0	0	0	0	0	0	0	0	0	0	0	
1120.243683	8	3	3	0	1	2	2	4198	589	32	67212	11	5	85	0	0	0	0	0	0	0	0	0	0	0	0	0	0	
1121.230083	8	3	3	0	1	2	2	4199	572	32	67271	11	5	85	0	0	0	0	0	0	0	0	0	0	0	0	0	0	
1122.235200	8	3	3	0	1	2	2	4199	554	32	67331	11	5	85	0	0	0	0	0	0	0	0	0	0	0	0	0	0	
1123.240317	8	3	3	0	1	2	2	4199	536	32	67391	11	5	85	0	0	0	0	0	0	0	0	0	0	0	0	0	0	
1124.226717	8	3	3	0	1	2	2	4199	512	32	67451	11	5	85	0	0	0	0	0	0	0	0	0	0	0	0	0	0	
1125.233283	8	3	3	0	1	2	2	4199	495	32	67511	11	5	85	0	0	0	0	0	0	0	0	0	0	0	0	0	0	
1126.238400	8	3	3	0	1	2	2	4199	483	32	67571	11	5	85	0	0	0	0	0	0	0	0	0	0	0	0	0	0	
1127.243517	8	3	3	0	1	2	2	4199	471	32	67632	11	5	85	0	0	0	0	0	0	0	0	0	0	0	0	0	0	
1128.231367	8	3	3	0	1	2	2	4199	461	32	67691	11	5	85	0	0	0	0	0	0	0	0	0	0	0	0	0	0	
1129.236483	8	3	3	0	1	2	2	4199	453	32	67751	11	5	85	0	0	0	0	0	0	0	0	0	0	0	0	0	0	
1130.241600	8	3	3	0	1	2	2	4199	437	32	67811	11	5	85	0	0	0	0	0	0	0	0	0	0	0	0	0	0	
1131.228000	8	3	3	0	1	2	2	4199	424	32	67871	11	5	85	0	0	0	0	0	0	0	0	0	0	0	0	0	0	
1132.233117	8	3	3	0	1	2	2	4199	411	32	67931	11	5	85	0	0	0	0	0	0	0	0	0	0	0	0	0	0	
1133.238233	8	3	3	0	1	2	2	4199	396	32	67991	11	5	85	0	0	0	0	0	0	0	0	0	0	0	0	0	0	
1134.244800	8	3	3	0	1	2	2	4199	385	32	68052	11	5	85	0	0	0	0	0	0	0	0	0	0	0	0	0	0	
1135.231200	8	3	3	0	1	2	2	4199	375	32	68111	11	5	85	0	0	0	0	0	0	0	0	0	0	0	0	0	0	
1136.236317	8	3	3	0	1	2	2	4199	366	32	68171	11	5	85	0	0	0	0	0	0	0	0	0	0	0	0	0	0	
1137.241433	8	3	3	0	1	2	2	4199	356	32	68231	11	5	85	0	0	0	0	0	0	0	0	0	0	0	0	0	0	
1138.227833	8	3	3	0	1	2	2	4199	345	32	68291	11	5	85	0	0	0	0	0	0	0	0	0	0	0	0	0	0	
1139.234400	8	3	3	0	1	2	2	4199	333	32	68351	11	5	85	0	0	0	0	0	0	0	0	0	0	0	0	0	0	
1140.239517	8	3	3	0	1	2	2	4198	323	32	68411	11	5	85	0	0	0	0	0	0	0	0	0	0	0	0	0	0	
1141.244633	8	3	3	0	1	2	2	4199	312	32	68472	11	5	85	0	0	0	0	0	0	0	0	0	0	0	0	0	0	
1142.231033	8	3	3	0	1	2	2	4199	303	32	68531	11	5	85	0	0	0	0	0	0	0	0	0	0	0	0	0	0	
1143.240483	8	3	3	0	1	2	2	4199	294	32	68591	11	5	85	0	0	0	0	0	0	0	0	0	0	0	0	0	0	
1144.245600	8	3	3	0	1	2	2	4198	284	32	68652	11	5	85	0	0	0	0	0	0	0	0	0	0	0	0	0	0	
1145.232000	8	3	3	0	1	2	2	4198	275	32	68711	11	5	85	0	0	0	0	0	0	0	0	0	0	0	0	0	0	
1146.237117	8	3	3	0	1	2	2	4198	266	32	68771	11	5	85	0	0	0	0	0	0	0	0	0	0	0	0	0	0	
1147.243683	8	3	3	0	1	2	2	4199	257	32	68831	11	5	85	0	0	0	0	0	0	0	0	0	0	0	0	0	0	
1148.230083	8	3	3	0	1	2	2	4199	249	32	68891	11	5	85	0	0	0	0	0	0	0	0	0	0	0	0	0	0	
1149.235200	8	3	3	0	1	2	2	4199	242	32	68951	11	5	85	0	0	0	0	0	0	0	0	0	0	0	0	0	0	
1150.240317	8	3	3	0	1	2	2	4199	234	32	69011	11	5	85	0	0	0	0	0	0	0	0	0	0	0	0	0	0	
1151.245433	8	3	3	0	1	2	2	4199	227	32	69072	11	5	85	0	0	0	0	0	0	0	0	0	0	0	0	0	0	
1152.233283	8	3	3	0	1	2	2	4199	221	32	69131	11	5	85	0	0	0	0	0	0	0	0	0	0	0	0	0	0	
1153.238400	8	3	3	0	1	2	2	4198	213	32	69191	11	5	85	0	0	0	0	0	0	0	0	0	0	0	0	0	0	
1154.243517	8	3	3	0	1	2	2	4198	206	32	69251	11	5	85	0	0	0	0	0	0	0	0	0	0	0	0	0	0	
1155.229917	8	3	3	0	1	2	2	4198	200	32	69311	11	5	85	0	0	0	0	0	0	0	0	0	0	0	0	0	0	
1156.235033	8	3	3	0	1	2	2	4198	193	32	69371	11	5	85	0	0	0	0	0	0	0	0	0	0	0	0	0	0	
1157.241600	8	3	3	0	1	2	2	4199	187	32	69431	11	5	85	0	0	0	0	0	0	0	0	0	0	0	0	0	0	
1158.246717	8	3	3	0	1	2	2	4198	181	32	69492	11	5	85	0	0	0	0	0	0	0	0	0	0	0	0	0	0	
1159.233117	8	3	3	0	1	2	2	4198	175	32	69551	11	5	85	0	0	0	0	0	0	0	0	0	0	0	0	0	0	
1160.238233	8	3	3	0	1	2	2	4198	170	32	69611	11	5	85	0	0	0	0	0	0	0	0	0	0	0	0	0	0	
1161.243367	8	3	3	0	1	2	2	4199	164	32	69671	11	5	85	0	0	0	0	0	0	0	0	0	0	0	0	0	0	
1162.231200	8	3	3	0	1	2	2	4198	159	32	69731	11	5	85	0	0	0	0	0	0	0	0	0	0	0	0	0	0	
1163.236317	8	3	3	0	1	2	2	4199	154	32	69791	11	5	85	0	0	0	0	0	0	0	0	0	0	0	0	0	0	
1164.241433	8	3	3	0	1	2	2	4198	149	32	69851	11	5	85	0	0	0	0	0	0	0	0	0	0	0	0	0	0	
1165.246567	8	3	3	0	1	2	2	4199	144	32	69912	11	5	85	0	0	0	0	0	0	0	0	0	0	0	0	0	0	
1166.232967	8	3	3	0	1	2	2	4199	140	32	69971	11	5	85	0	0	0	0	0	0	0	0	0	0	0	0	0	0	
1167.239517	8	3	3	0	1	2	2	4198	135	32	70031	11	5	85	0	0	0	0	0	0	0	0	0	0	0	0	0	0	
1168.244633	8	3	3	0	1	2	2	4199	131	32	70091	11	5	85	0	0	0	0	0	0	0	0	0	0	0	0	0	0	
1169.231033	8	3	3	0	1	2	2	4199	127	32	70151	11	5	85	0	0	0	0	0	0	0	0	0	0	0	0	0	0	
1170.236167	8	3	3	0	1	2	2	4198	123	32	70211	11	5	85	0	0	0	0	0	0	0	0	0	0	0	0	0	0	
1171.241283	8	3	3	0	1	2	2	4198	120	32	70271	11	5	85	0	0	0	0	0	0	0	0	0	0	0	0	0	0	
1172.247833	8	3	3	0	1	2	2	4198	115	32	70332	11	5	85	0	0	0	0	0	0	0	0	0	0	0	0	0	0	
1173.234233	8	3	3	0	1	2	2	4199	111	32	70391	11	5	85	0	0	0	0	0	0	0	0	0	0	0	0	0	0	
1174.240800	8	3	3	0	1	2	2	4199	108	32	70451	11	5	85	0	0	0	0	0	0	0	0	0	0	0	0	0	0	
1175.247367	8	3	3	0	1	2	2	4198	105	32	70512	11	5	85	0	0	0	0	0	0	0	0	0	0	0	0	0	0	
1176.233767	8	3	3	0	1	2	2	4199	102	32	70571	11	5	85	0	0	0	0	0	0	0	0	0	0	0	0	0	0	
1177.238883	8	3	3	0	1	2	2	4198	98	32	70631	11	5	85	0	0	0	0	0	0	0	0	0	0	0	0	0	0	
1178.244000	8	3	3	0	1	2	2	4199	95	32	70691	11	5	85	0	0	0	0	0	0	0	0	0	0	0	0	0	0	
1179.249117	8	3	3	0	1	2	2	4199	92	32	70752	11	5	85	0	0	0	0	0	0	0	0	0	0	0	0	0	0	
1180.235517	8	3	3	0	1	2	2	4198	90	32	70811	11	5	85	0	0	0	0	0	0	0	0	0	0	0	0	0	0	
1181.242083	8	3	3	0	1	2	2	4198	86	32	70871	11	5	85	0	0	0	0	0	0	0	0	0	0	0	0	0	0	
1182.247200	8	3	3	0	1	2	2	4198	84	32	70932	11	5	85	0	0	0	0	0	0	0	0	0	0	0	0	0	0	
1183.233600	8	3	3	0	1	2	2	4199	81	32	70991	11	5	85	0	0	0	0	0	0	0	0	0	0	0	0	0	0	
1184.238717	8	3	3	0	1	2	2	4198	78	32	71051	11	5	85	0	0	0	0	0	0	0	0	0	0	0	0	0	0	
1185.243833	8	3	3	0	1	2	2	4198	76	32	71111	11	5	85	0	0	0	0	0	0	0	0	0	0	0	0	0	0	
1186.250400	8	3	3	0	1	2	2	4198	74	32	71172	11	5	85	0	0	0	0	0	0	0	0	0	0	0	0	0	0	
1187.236800	8	3	3	0	1	2	2	4199	72	32	71231	11	5	85	0	0	0	0	0	0	0	0	0	0	0	0	0	0	
1188.241917	8	3	3	0	1	2	2	4199	69	32	71291	11	5	85	0	0	0	0	0	0	0	0	0	0	0	0	0	0	
1189.247033	8	3	3	0	1	2	2	4199	67	32	71352	11	5	85	0	0	0	0	0	0	0	0	0	0	0	0	0	0	
1189.536483	8	6	3	0	2	7	1	3765	-1349	32	71369	11	6	0	0	0	0	0	0	0	0	0	0	0	0	0	0	0	
1190.236317	8	6	3	0	2	7	1	3746	-1350	32	71411	11	6	1	0	0	0	0	0	0	0	0	0	0	0	0	0	0	
1191.241433	8	6	3	0	2	7	1	3721	-1349	32	71471	11	6	2	0	0	0	0	0	0	0	0	0	0	0	0	0	0	
1192.246567	8	6	3	0	2	7	1	3701	-1350	32	71531	11	6	4	0	0	0	0	0	0	0	0	0	0	0	0	0	0	
1193.232967	8	6	3	0	2	7	1	3684	-1350	32	71591	11	6	6	0	0	0	0	0	0	0	0	0	0	0	0	0	0	
1194.239517	8	6	3	0	2	7	1	3663	-1348	32	71651	11	6	7	0	0	0	0	0	0	0	0	0	0	0	0	0	0	
1195.244633	8	6	3	0	2	7	1	3646	-1350	32	71711	11	6	9	0	0	0	0	0	0	0	0	0	0	0	0	0	0	
1196.249767	8	6	3	0	2	7	1	3622	-1350	32	71772	11	6	11	0	0	0	0	0	0	0	0	0	0	0	0	0	0	
1197.236167	8	6	3	0	2	7	1	3563	-1350	32	71831	11	6	12	0	0	0	0	0	0	0	0	0	0	0	0	0	0	
1198.241283	8	6	3	0	2	7	1	3495	-1348	32	71891	11	6	14	0	0	0	0	0	0	0	0	0	0	0	0	0	0	
1199.247833	8	6	3	0	2	7	1	3540	-1349	32	71951	11	6	16	0	0	0	0	0	0	0	0	0	0	0	0	0	0	
1200.234233	8	6	3	0	2	7	1	3500	-1350	32	72011	11	6	17	0	0	0	0	0	0	0	0	0	0	0	0	0	0	
1201.239367	8	6	3	0	2	7	1	3541	-1351	32	72071	11	6	19	0	0	0	0	0	0	0	0	0	0	0	0	0	0	
1202.244483	8	6	3	0	2	7	1	3517	-1349	32	72131	11	6	21	0	0	0	0	0	0	0	0	0	0	0	0	0	0	
1203.249600	8	6	3	0	2	7	1	3496	-1350	32	72192	11	6	22	0	0	0	0	0	0	0	0	0	0	0	0	0	0	
1204.237433	8	6	3	0	2	7	1	3475	-1349	32	72251	11	6	24	0	0	0	0	0	0	0	0	0	0	0	0	0	0	
1205.242567	8	6	3	0	2	7	1	3451	-1350	32	72311	11	6	25	0	0	0	0	0	0	0	0	0	0	0	0	0	0	
1206.247683	8	6	3	0	2	7	1	3415	-1349	32	72371	11	6	27	0	0	0	0	0	0	0	0	0	0	0	0	0	0	
1207.234083	8	6	3	0	2	7	1	3450	-1351	32	72431	11	6	29	0	0	0	0	0	0	0	0	0	0	0	0	0	0	
1208.239200	8	6	3	0	2	7	1	3428	-1350	32	72491	11	6	30	0	0	0	0	0	0	0	0	0	0	0	0	0	0	
1209.245767	8	6	3	0	2	7	1	3407	-1349	32	72551	11	6	32	0	0	0	0	0	0	0	0	0	0	0	0	0	0	
1210.250883	8	6	3	0	2	7	1	3378	-1349	32	72612	11	6	34	0	0	0	0	0	0	0	0	0	0	0	0	0	0	
1211.237283	8	6	3	0	2	7	1	3307	-1350	32	72671	11	6	35	0	0	0	0	0	0	0	0	0	0	0	0	0	0	
1212.242400	8	6	3	0	2	7	1	3309	-1351	32	72731	11	6	37	0	0	0	0	0	0	0	0	0	0	0	0	0	0	
1213.247517	8	6	3	0	2	7	1	3356	-1349	32	72791	11	6	39	0	0	0	0	0	0	0	0	0	0	0	0	0	0	
1214.235367	8	6	3	0	2	7	1	3293	-1349	32	72851	11	6	40	0	0	0	0	0	0	0	0	0	0	0	0	0	0	
1215.240483	8	6	3	0	2	7	1	3277	-1351	32	72911	11	6	42	0	0	0	0	0	0	0	0	0	0	0	0	0	0	
1216.245600	8	6	3	0	2	7	1	3281	-1350	32	72971	11	6	44	0	0	0	0	0	0	0	0	0	0	0	0	0	0	
1217.250717	8	6	3	0	2	7	1	3368	-1350	32	73032	11	6	45	0	0	0	0	0	0	0	0	0	0	0	0	0	0	
1218.237117	8	6	3	0	2	7	1	3325	-1350	32	73091	11	6	47	0	0	0	0	0	0	0	0	0	0	0	0	0	0	
1219.243683	8	6	3	0	2	7	1	3277	-1348	32	73151	11	6	49	0	0	0	0	0	0	0	0	0	0	0	0	0	0	
1220.248800	8	6	3	0	2	7	1	3245	-1351	32	73211	11	6	50	0	0	0	0	0	0	0	0	0	0	0	0	0	0	
1221.235200	8	6	3	0	2	7	1	3378	-1350	32	73271	11	6	52	0	0	0	0	0	0	0	0	0	0	0	0	0	0	
1222.240317	8	6	3	0	2	7	1	3319	-1349	32	73331	11	6	54	0	0	0	0	0	0	0	0	0	0	0	0	0	0	
1223.245433	8	6	3	0	2	7	1	3311	-1349	32	73391	11	6	55	0	0	0	0	0	0	0	0	0	0	0	0	0	0	
1224.252000	8	6	3	0	2	7	1	3298	-1350	32	73452	11	6	57	0	0	0	0	0	0	0	0	0	0	0	0	0	0	
1225.238400	8	6	3	0	2	7	1	3285	-1350	32	73511	11	6	59	0	0	0	0	0	0	0	0	0	0	0	0	0	0	
1226.243517	8	6	3	0	2	7	1	3271	-1349	32	73571	11	6	60	0	0	0	0	0	0	0	0	0	0	0	0	0	0	
1227.248633	8	6	3	0	2	7	1	3257	-1350	32	73631	11	6	62	0	0	0	0	0	0	0	0	0	0	0	0	0	0	
1228.235033	8	6	3	0	2	7	1	3238	-1348	32	73691	11	6	64	0	0	0	0	0	0	0	0	0	0	0	0	0	0	
1229.241600	8	6	3	0	2	7	1	3172	-1351	32	73751	11	6	65	0	0	0	0	0	0	0	0	0	0	0	0	0	0	
1230.246717	8	6	3	0	2	7	1	3182	-1348	32	73811	11	6	67	0	0	0	0	0	0	0	0	0	0	0	0	0	0	
1231.251833	8	6	3	0	2	7	1	3324	-1349	32	73872	11	6	69	0	0	0	0	0	0	0	0	0	0	0	0	0	0	
1232.238233	8	6	3	0	2	7	1	3266	-1349	32	73931	11	6	70	0	0	0	0	0	0	0	0	0	0	0	0	0	0	
1233.243367	8	6	3	0	2	7	1	3221	-1349	32	73991	11	6	72	0	0	0	0	0	0	0	0	0	0	0	0	0	0	
1234.249917	8	6	3	0	2	7	1	3205	-1350	32	74051	11	6	73	0	0	0	0	0	0	0	0	0	0	0	0	0	0	
1235.236317	8	6	3	0	2	7	1	3188	-1348	32	74111	11	6	75	0	0	0	0	0	0	0	0	0	0	0	0	0	0	
1236.241433	8	6	3	0	2	7	1	3167	-1348	32	74171	11	6	77	0	0	0	0	0	0	0	0	0	0	0	0	0	0	
1237.246567	8	6	3	0	2	7	1	3141	-1349	32	74231	11	6	78	0	0	0	0	0	0	0	0	0	0	0	0	0	0	
1238.251683	8	6	3	0	2	7	1	3107	-1349	32	74292	11	6	80	0	0	0	0	0	0	0	0	0	0	0	0	0	0	
1239.238083	8	6	3	0	2	7	1	3057	-1349	32	74351	11	6	82	0	0	0	0	0	0	0	0	0	0	0	0	0	0	
1240.244633	8	6	3	0	2	7	1	2967	-1350	32	74411	11	6	83	0	0	0	0	0	0	0	0	0	0	0	0	0	0	
1241.249767	8	6	3	0	2	7	1	2784	-1350	32	74471	11	6	85	0	0	0	0	0	0	0	0	0	0	0	0	0	0	
1241.557917	8	15	3	0	1	31	2	2973	26	32	74490	12	6	86	0	0	0	0	0	0	0	0	0	0	0	0	0	0	
1241.578083	8	3	3	0	1	2	2	3350	677	32	74491	13	6	86	0	0	0	0	0	0	0	0	0	0	0	0	0	0	
1242.239033	8	3	3	0	1	2	2	3571	674	32	74531	13	6	86	0	0	0	0	0	0	0	0	0	0	0	0	0	0	
1243.245600	8	3	3	0	1	2	2	3679	674	32	74591	13	6	86	0	0	0	0	0	0	0	0	0	0	0	0	0	0	
1244.250717	8	3	3	0	1	2	2	3750	675	32	74651	13	6	86	0	0	0	0	0	0	0	0	0	0	0	0	0	0	
1245.237117	8	3	3	0	1	2	2	3804	675	32	74711	13	6	86	0	0	0	0	0	0	0	0	0	0	0	0	0	0	
1246.242233	8	3	3	0	1	2	2	3842	673	32	74771	13	6	86	0	0	0	0	0	0	0	0	0	0	0	0	0	0	
1247.247367	8	3	3	0	1	2	2	3864	675	32	74831	13	6	86	0	0	0	0	0	0	0	0	0	0	0	0	0	0	
1248.253917	8	3	3	0	1	2	2	3873	675	32	74892	13	6	86	0	0	0	0	0	0	0	0	0	0	0	0	0	0	
1249.240317	8	3	3	0	1	2	2	3880	674	32	74951	13	6	86	0	0	0	0	0	0	0	0	0	0	0	0	0	0	
1250.245433	8	3	3	0	1	2	2	3887	675	32	75011	13	6	86	0	0	0	0	0	0	0	0	0	0	0	0	0	0	
1251.250567	8	3	3	0	1	2	2	3895	675	32	75071	13	6	86	0	0	0	0	0	0	0	0	0	0	0	0	0	0	
1252.236967	8	3	3	0	1	2	2	3899	676	32	75131	13	6	86	0	0	0	0	0	0	0	0	0	0	0	0	0	0	
1253.242083	8	3	3	0	1	2	2	3905	674	32	75191	13	6	86	0	0	0	0	0	0	0	0	0	0	0	0	0	0	
1254.248633	8	3	3	0	1	2	2	3910	674	32	75251	13	6	86	0	0	0	0	0	0	0	0	0	0	0	0	0	0	
1255.253767	8	3	3	0	1	2	2	3915	674	32	75312	13	6	86	0	0	0	0	0	0	0	0	0	0	0	0	0	0	
1256.240167	8	3	3	0	1	2	2	3922	675	32	75371	13	6	86	0	0	0	0	0	0	0	0	0	0	0	0	0	0	
1257.245283	8	3	3	0	1	2	2	3927	674	32	75431	13	6	86	0	0	0	0	0	0	0	0	0	0	0	0	0	0	
1258.250400	8	3	3	0	1	2	2	3934	675	32	75491	13	6	86	0	0	0	0	0	0	0	0	0	0	0	0	0	0	
1259.238233	8	3	3	0	1	2	2	3940	675	32	75551	13	6	86	0	0	0	0	0	0	0	0	0	0	0	0	0	0	
1260.243367	8	3	3	0	1	2	2	3947	675	32	75611	13	6	86	0	0	0	0	0	0	0	0	0	0	0	0	0	0	
1261.248483	8	3	3	0	1	2	2	3953	674	32	75671	13	6	86	0	0	0	0	0	0	0	0	0	0	0	0	0	0	
1262.253600	8	3	3	0	1	2	2	3958	674	32	75732	13	6	86	0	0	0	0	0	0	0	0	0	0	0	0	0	0	
1263.244317	8	3	3	0	1	2	2	3964	674	32	75791	13	6	86	0	0	0	0	0	0	0	0	0	0	0	0	0	0	
1264.249433	8	3	3	0	1	2	2	3969	673	32	75851	13	6	86	0	0	0	0	0	0	0	0	0	0	0	0	0	0	
1265.254567	8	3	3	0	1	2	2	3974	674	32	75912	13	6	86	0	0	0	0	0	0	0	0	0	0	0	0	0	0	
1266.242400	8	3	3	0	1	2	2	3978	676	32	75971	13	6	86	0	0	0	0	0	0	0	0	0	0	0	0	0	0	
1267.247517	8	3	3	0	1	2	2	3982	674	32	76031	13	6	86	0	0	0	0	0	0	0	0	0	0	0	0	0	0	
1268.254083	8	3	3	0	1	2	2	3985	674	32	76092	13	6	86	0	0	0	0	0	0	0	0	0	0	0	0	0	0	
1269.240483	8	3	3	0	1	2	2	3989	674	32	76151	13	6	86	0	0	0	0	0	0	0	0	0	0	0	0	0	0	
1270.245600	8	3	3	0	1	2	2	3992	674	32	76211	13	6	86	0	0	0	0	0	0	0	0	0	0	0	0	0	0	
1271.250717	8	3	3	0	1	2	2	3995	673	32	76271	13	6	86	0	0	0	0	0	0	0	0	0	0	0	0	0	0	
1272.257283	8	3	3	0	1	2	2	3998	674	32	76332	13	6	86	0	0	0	0	0	0	0	0	0	0	0	0	0	0	
1273.243683	8	3	3	0	1	2	2	4001	674	32	76391	13	6	86	0	0	0	0	0	0	0	0	0	0	0	0	0	0	
1274.248800	8	3	3	0	1	2	2	4005	675	32	76451	13	6	86	0	0	0	0	0	0	0	0	0	0	0	0	0	0	
1275.253917	8	3	3	0	1	2	2	4008	675	32	76512	13	6	86	0	0	0	0	0	0	0	0	0	0	0	0	0	0	
1276.240317	8	3	3	0	1	2	2	4011	674	32	76571	13	6	86	0	0	0	0	0	0	0	0	0	0	0	0	0	0	
1277.245433	8	3	3	0	1	2	2	4014	675	32	76631	13	6	86	0	0	0	0	0	0	0	0	0	0	0	0	0	0	
1278.252000	8	3	3	0	1	2	2	4018	675	32	76691	13	6	86	0	0	0	0	0	0	0	0	0	0	0	0	0	0	
1279.257117	8	3	3	0	1	2	2	4021	674	32	76752	13	6	86	0	0	0	0	0	0	0	0	0	0	0	0	0	0	
1280.243517	8	3	3	0	1	2	2	4024	674	32	76811	13	6	86	0	0	0	0	0	0	0	0	0	0	0	0	0	0	
1281.248633	8	3	3	0	1	2	2	4028	675	32	76871	13	6	86	0	0	0	0	0	0	0	0	0	0	0	0	0	0	
1282.255200	8	3	3	0	1	2	2	4031	675	32	76932	13	6	86	0	0	0	0	0	0	0	0	0	0	0	0	0	0	
1283.241600	8	3	3	0	1	2	2	4035	675	32	76991	13	6	86	0	0	0	0	0	0	0	0	0	0	0	0	0	0	
1284.246717	8	3	3	0	1	2	2	4038	673	32	77051	13	6	86	0	0	0	0	0	0	0	0	0	0	0	0	0	0	
1285.251833	8	3	3	0	1	2	2	4041	675	32	77111	13	6	86	0	0	0	0	0	0	0	0	0	0	0	0	0	0	
1286.256967	8	3	3	0	1	2	2	4045	675	32	77172	13	6	86	0	0	0	0	0	0	0	0	0	0	0	0	0	0	
1287.243367	8	3	3	0	1	2	2	4049	674	32	77231	13	6	86	0	0	0	0	0	0	0	0	0	0	0	0	0	0	
1288.249917	8	3	3	0	1	2	2	4053	676	32	77291	13	6	86	0	0	0	0	0	0	0	0	0	0	0	0	0	0	
1289.255033	8	3	3	0	1	2	2	4056	674	32	77352	13	6	86	0	0	0	0	0	0	0	0	0	0	0	0	0	0	
1290.241433	8	3	3	0	1	2	2	4059	675	32	77411	13	6	86	0	0	0	0	0	0	0	0	0	0	0	0	0	0	
1291.246567	8	3	3	0	1	2	2	4063	674	32	77471	13	6	86	0	0	0	0	0	0	0	0	0	0	0	0	0	0	
1292.251683	8	3	3	0	1	2	2	4067	674	32	77531	13	6	86	0	0	0	0	0	0	0	0	0	0	0	0	0	0	
1293.258233	8	3	3	0	1	2	2	4071	675	32	77592	13	6	86	0	0	0	0	0	0	0	0	0	0	0	0	0	0	
1294.244633	8	3	3	0	1	2	2	4075	674	32	77651	13	6	86	0	0	0	0	0	0	0	0	0	0	0	0	0	0	
1295.249767	8	3	3	0	1	2	2	4080	674	32	77711	13	6	86	0	0	0	0	0	0	0	0	0	0	0	0	0	0	
1296.254883	8	3	3	0	1	2	2	4084	675	32	77771	13	6	86	0	0	0	0	0	0	0	0	0	0	0	0	0	0	
1297.241283	8	3	3	0	1	2	2	4088	674	32	77831	13	6	86	0	0	0	0	0	0	0	0	0	0	0	0	0	0	
1298.247833	8	3	3	0	1	2	2	4093	676	32	77891	13	6	86	0	0	0	0	0	0	0	0	0	0	0	0	0	0	
1299.252967	8	3	3	0	1	2	2	4098	675	32	77951	13	6	86	0	0	0	0	0	0	0	0	0	0	0	0	0	0	
1300.258083	8	3	3	0	1	2	2	4102	675	32	78012	13	6	86	0	0	0	0	0	0	0	0	0	0	0	0	0	0	
1301.244483	8	3	3	0	1	2	2	4107	675	32	78071	13	6	86	0	0	0	0	0	0	0	0	0	0	0	0	0	0	
1302.249600	8	3	3	0	1	2	2	4112	675	32	78131	13	6	86	0	0	0	0	0	0	0	0	0	0	0	0	0	0	
1303.256167	8	3	3	0	1	2	2	4117	674	32	78191	13	6	86	0	0	0	0	0	0	0	0	0	0	0	0	0	0	
1304.242567	8	3	3	0	1	2	2	4119	665	32	78251	13	6	86	0	0	0	0	0	0	0	0	0	0	0	0	0	0	
1305.247683	8	3	3	0	1	2	2	4124	664	32	78311	13	6	86	0	0	0	0	0	0	0	0	0	0	0	0	0	0	
1306.252800	8	3	3	0	1	2	2	4128	664	32	78371	13	6	86	0	0	0	0	0	0	0	0	0	0	0	0	0	0	
1307.257917	8	3	3	0	1	2	2	4133	663	32	78432	13	6	86	0	0	0	0	0	0	0	0	0	0	0	0	0	0	
1308.244317	8	3	3	0	1	2	2	4139	663	32	78491	13	6	86	0	0	0	0	0	0	0	0	0	0	0	0	0	0	
1309.250883	8	3	3	0	1	2	2	4144	662	32	78551	13	6	86	0	0	0	0	0	0	0	0	0	0	0	0	0	0	
1310.256000	8	3	3	0	1	2	2	4149	661	32	78611	13	6	86	0	0	0	0	0	0	0	0	0	0	0	0	0	0	
1311.242400	8	3	3	0	1	2	2	4155	661	32	78671	13	6	86	0	0	0	0	0	0	0	0	0	0	0	0	0	0	
1312.247517	8	3	3	0	1	2	2	4160	661	32	78731	13	6	86	0	0	0	0	0	0	0	0	0	0	0	0	0	0	
1313.252633	8	3	3	0	1	2	2	4165	660	32	78791	13	6	86	0	0	0	0	0	0	0	0	0	0	0	0	0	0	
1314.257767	8	3	3	0	1	2	2	4171	657	32	78852	13	6	86	0	0	0	0	0	0	0	0	0	0	0	0	0	0	
1315.245600	8	3	3	0	1	2	2	4176	656	32	78911	13	6	86	0	0	0	0	0	0	0	0	0	0	0	0	0	0	
1316.250717	8	3	3	0	1	2	2	4183	658	32	78971	13	6	86	0	0	0	0	0	0	0	0	0	0	0	0	0	0	
1317.255833	8	3	3	0	1	2	2	4188	656	32	79031	13	6	86	0	0	0	0	0	0	0	0	0	0	0	0	0	0	
1318.242233	8	3	3	0	1	2	2	4194	655	32	79091	13	6	86	0	0	0	0	0	0	0	0	0	0	0	0	0	0	
1319.247367	8	3	3	0	1	2	2	4199	650	32	79151	13	6	86	0	0	0	0	0	0	0	0	0	0	0	0	0	0	
1320.252483	8	3	3	0	1	2	2	4198	629	32	79211	13	6	86	0	0	0	0	0	0	0	0	0	0	0	0	0	0	
1321.259033	8	3	3	0	1	2	2	4199	609	32	79272	13	6	86	0	0	0	0	0	0	0	0	0	0	0	0	0	0	
1322.245433	8	3	3	0	1	2	2	4198	590	32	79331	13	6	86	0	0	0	0	0	0	0	0	0	0	0	0	0	0	
1323.250567	8	3	3	0	1	2	2	4199	572	32	79391	13	6	86	0	0	0	0	0	0	0	0	0	0	0	0	0	0	
1324.255683	8	3	3	0	1	2	2	4199	554	32	79451	13	6	86	0	0	0	0	0	0	0	0	0	0	0	0	0	0	
1325.242083	8	3	3	0	1	2	2	4199	535	32	79511	13	6	86	0	0	0	0	0	0	0	0	0	0	0	0	0	0	
1326.248633	8	3	3	0	1	2	2	4199	517	32	79571	13	6	86	0	0	0	0	0	0	0	0	0	0	0	0	0	0	
1327.253767	8	3	3	0	1	2	2	4199	498	32	79631	13	6	86	0	0	0	0	0	0	0	0	0	0	0	0	0	0	
1328.258883	8	3	3	0	1	2	2	4199	479	32	79692	13	6	86	0	0	0	0	0	0	0	0	0	0	0	0	0	0	
1329.245283	8	3	3	0	1	2	2	4199	462	32	79751	13	6	86	0	0	0	0	0	0	0	0	0	0	0	0	0	0	
1330.250400	8	3	3	0	1	2	2	4199	450	32	79811	13	6	86	0	0	0	0	0	0	0	0	0	0	0	0	0	0	
1331.256967	8	3	3	0	1	2	2	4198	439	32	79871	13	6	86	0	0	0	0	0	0	0	0	0	0	0	0	0	0	
1332.262083	8	3	3	0	1	2	2	4198	428	32	79932	13	6	86	0	0	0	0	0	0	0	0	0	0	0	0	0	0	
1333.248483	8	3	3	0	1	2	2	4199	418	32	79991	13	6	86	0	0	0	0	0	0	0	0	0	0	0	0	0	0	
1334.253600	8	3	3	0	1	2	2	4199	406	32	80051	13	6	86	0	0	0	0	0	0	0	0	0	0	0	0	0	0	
1335.258717	8	3	3	0	1	2	2	4199	392	32	80112	13	6	86	0	0	0	0	0	0	0	0	0	0	0	0	0	0	
1336.246567	8	3	3	0	1	2	2	4199	378	32	80171	13	6	86	0	0	0	0	0	0	0	0	0	0	0	0	0	0	
1337.251683	8	3	3	0	1	2	2	4199	367	32	80231	13	6	86	0	0	0	0	0	0	0	0	0	0	0	0	0	0	
1338.256800	8	3	3	0	1	2	2	4198	353	32	80291	13	6	86	0	0	0	0	0	0	0	0	0	0	0	0	0	0	
1339.261917	8	3	3	0	1	2	2	4199	341	32	80352	13	6	86	0	0	0	0	0	0	0	0	0	0	0	0	0	0	
1340.248317	8	3	3	0	1	2	2	4199	330	32	80411	13	6	86	0	0	0	0	0	0	0	0	0	0	0	0	0	0	
1341.257767	8	3	3	0	1	2	2	4199	319	32	80471	13	6	86	0	0	0	0	0	0	0	0	0	0	0	0	0	0	
1342.244167	8	3	3	0	1	2	2	4198	307	32	80531	13	6	86	0	0	0	0	0	0	0	0	0	0	0	0	0	0	
1343.249283	8	3	3	0	1	2	2	4198	297	32	80591	13	6	86	0	0	0	0	0	0	0	0	0	0	0	0	0	0	
1344.254400	8	3	3	0	1	2	2	4199	286	32	80651	13	6	86	0	0	0	0	0	0	0	0	0	0	0	0	0	0	
1345.260967	8	3	3	0	1	2	2	4199	276	32	80712	13	6	86	0	0	0	0	0	0	0	0	0	0	0	0	0	0	
1346.247367	8	3	3	0	1	2	2	4199	267	32	80771	13	6	86	0	0	0	0	0	0	0	0	0	0	0	0	0	0	
1347.252483	8	3	3	0	1	2	2	4199	258	32	80831	13	6	86	0	0	0	0	0	0	0	0	0	0	0	0	0	0	
1348.257600	8	3	3	0	1	2	2	4199	250	32	80891	13	6	86	0	0	0	0	0	0	0	0	0	0	0	0	0	0	
1349.262717	8	3	3	0	1	2	2	4199	242	32	80952	13	6	86	0	0	0	0	0	0	0	0	0	0	0	0	0	0	
1350.249117	8	3	3	0	1	2	2	4198	233	32	81011	13	6	86	0	0	0	0	0	0	0	0	0	0	0	0	0	0	
1351.255683	8	3	3	0	1	2	2	4198	225	32	81071	13	6	86	0	0	0	0	0	0	0	0	0	0	0	0	0	0	
1352.260800	8	3	3	0	1	2	2	4199	217	32	81132	13	6	86	0	0	0	0	0	0	0	0	0	0	0	0	0	0	
1353.247200	8	3	3	0	1	2	2	4199	210	32	81191	13	6	86	0	0	0	0	0	0	0	0	0	0	0	0	0	0	
1354.252317	8	3	3	0	1	2	2	4199	203	32	81251	13	6	86	0	0	0	0	0	0	0	0	0	0	0	0	0	0	
1355.257433	8	3	3	0	1	2	2	4198	195	32	81311	13	6	86	0	0	0	0	0	0	0	0	0	0	0	0	0	0	
1356.264000	8	3	3	0	1	2	2	4199	189	32	81372	13	6	86	0	0	0	0	0	0	0	0	0	0	0	0	0	0	
1357.250400	8	3	3	0	1	2	2	4199	181	32	81431	13	6	86	0	0	0	0	0	0	0	0	0	0	0	0	0	0	
1358.255517	8	3	3	0	1	2	2	4198	176	32	81491	13	6	86	0	0	0	0	0	0	0	0	0	0	0	0	0	0	
1359.260633	8	3	3	0	1	2	2	4198	170	32	81552	13	6	86	0	0	0	0	0	0	0	0	0	0	0	0	0	0	
1360.247033	8	3	3	0	1	2	2	4199	166	32	81611	13	6	86	0	0	0	0	0	0	0	0	0	0	0	0	0	0	
1361.253600	8	3	3	0	1	2	2	4199	160	32	81671	13	6	86	0	0	0	0	0	0	0	0	0	0	0	0	0	0	
1362.258717	8	3	3	0	1	2	2	4198	154	32	81731	13	6	86	0	0	0	0	0	0	0	0	0	0	0	0	0	0	
1363.263833	8	3	3	0	1	2	2	4198	149	32	81792	13	6	86	0	0	0	0	0	0	0	0	0	0	0	0	0	0	
1364.250233	8	3	3	0	1	2	2	4198	144	32	81851	13	6	86	0	0	0	0	0	0	0	0	0	0	0	0	0	0	
1365.255367	8	3	3	0	1	2	2	4199	140	32	81911	13	6	86	0	0	0	0	0	0	0	0	0	0	0	0	0	0	
1366.260483	8	3	3	0	1	2	2	4199	134	32	81972	13	6	86	0	0	0	0	0	0	0	0	0	0	0	0	0	0	
1367.248317	8	3	3	0	1	2	2	4198	131	32	82031	13	6	86	0	0	0	0	0	0	0	0	0	0	0	0	0	0	
1368.253433	8	3	3	0	1	2	2	4198	126	32	82091	13	6	86	0	0	0	0	0	0	0	0	0	0	0	0	0	0	
1369.258567	8	3	3	0	1	2	2	4198	122	32	82151	13	6	86	0	0	0	0	0	0	0	0	0	0	0	0	0	0	
1370.263683	8	3	3	0	1	2	2	4198	118	32	82212	13	6	86	0	0	0	0	0	0	0	0	0	0	0	0	0	0	
1371.250083	8	3	3	0	1	2	2	4199	114	32	82271	13	6	86	0	0	0	0	0	0	0	0	0	0	0	0	0	0	
1372.256633	8	3	3	0	1	2	2	4198	111	32	82331	13	6	86	0	0	0	0	0	0	0	0	0	0	0	0	0	0	
1373.261767	8	3	3	0	1	2	2	4198	107	32	82392	13	6	86	0	0	0	0	0	0	0	0	0	0	0	0	0	0	
1374.248167	8	3	3	0	1	2	2	4198	104	32	82451	13	6	86	0	0	0	0	0	0	0	0	0	0	0	0	0	0	
1375.253283	8	3	3	0	1	2	2	4198	101	32	82511	13	6	86	0	0	0	0	0	0	0	0	0	0	0	0	0	0	
1376.258400	8	3	3	0	1	2	2	4199	97	32	82571	13	6	86	0	0	0	0	0	0	0	0	0	0	0	0	0	0	
1377.263517	8	3	3	0	1	2	2	4198	95	32	82632	13	6	86	0	0	0	0	0	0	0	0	0	0	0	0	0	0	
1378.251367	8	3	3	0	1	2	2	4198	92	32	82691	13	6	86	0	0	0	0	0	0	0	0	0	0	0	0	0	0	
1379.256483	8	3	3	0	1	2	2	4199	89	32	82751	13	6	86	0	0	0	0	0	0	0	0	0	0	0	0	0	0	
1380.261600	8	3	3	0	1	2	2	4199	86	32	82811	13	6	86	0	0	0	0	0	0	0	0	0	0	0	0	0	0	
1381.248000	8	3	3	0	1	2	2	4198	83	32	82871	13	6	86	0	0	0	0	0	0	0	0	0	0	0	0	0	0	
1382.253117	8	3	3	0	1	2	2	4198	81	32	82931	13	6	86	0	0	0	0	0	0	0	0	0	0	0	0	0	0	
1383.259683	8	3	3	0	1	2	2	4198	79	32	82991	13	6	86	0	0	0	0	0	0	0	0	0	0	0	0	0	0	
1384.264800	8	3	3	0	1	2	2	4199	75	32	83052	13	6	86	0	0	0	0	0	0	0	0	0	0	0	0	0	0	
1385.251200	8	3	3	0	1	2	2	4198	73	32	83111	13	6	86	0	0	0	0	0	0	0	0	0	0	0	0	0	0	
1386.256317	8	3	3	0	1	2	2	4199	71	32	83171	13	6	86	0	0	0	0	0	0	0	0	0	0	0	0	0	0	
1387.261433	8	3	3	0	1	2	2	4198	68	32	83231	13	6	86	0	0	0	0	0	0	0	0	0	0	0	0	0	0	
1388.210400	8	6	3	0	2	7	1	3784	-1350	32	83288	13	7	0	0	0	0	0	0	0	0	0	0	0	0	0	0	0	
1388.250717	8	6	3	0	2	7	1	3769	-1349	32	83291	13	7	0	0	0	0	0	0	0	0	0	0	0	0	0	0	0	
1389.255833	8	6	3	0	2	7	1	3729	-1350	32	83351	13	7	1	0	0	0	0	0	0	0	0	0	0	0	0	0	0	
1390.260967	8	6	3	0	2	7	1	3718	-1349	32	83411	13	7	3	0	0	0	0	0	0	0	0	0	0	0	0	0	0	
1391.247367	8	6	3	0	2	7	1	3694	-1350	32	83471	13	7	4	0	0	0	0	0	0	0	0	0	0	0	0	0	0	
1392.253917	8	6	3	0	2	7	1	3671	-1349	32	83531	13	7	6	0	0	0	0	0	0	0	0	0	0	0	0	0	0	
1393.259033	8	6	3	0	2	7	1	3643	-1349	32	83591	13	7	8	0	0	0	0	0	0	0	0	0	0	0	0	0	0	
1394.264167	8	6	3	0	2	7	1	3626	-1349	32	83652	13	7	9	0	0	0	0	0	0	0	0	0	0	0	0	0	0	
1395.250567	8	6	3	0	2	7	1	3613	-1350	32	83711	13	7	11	0	0	0	0	0	0	0	0	0	0	0	0	0	0	
1396.255683	8	6	3	0	2	7	1	3611	-1350	32	83771	13	7	13	0	0	0	0	0	0	0	0	0	0	0	0	0	0	
1397.260800	8	6	3	0	2	7	1	3592	-1349	32	83831	13	7	14	0	0	0	0	0	0	0	0	0	0	0	0	0	0	
1398.250083	8	6	3	0	2	7	1	3573	-1349	32	83891	13	7	16	0	0	0	0	0	0	0	0	0	0	0	0	0	0	
1399.255200	8	6	3	0	2	7	1	3554	-1349	32	83951	13	7	18	0	0	0	0	0	0	0	0	0	0	0	0	0	0	
1400.260317	8	6	3	0	2	7	1	3538	-1350	32	84011	13	7	19	0	0	0	0	0	0	0	0	0	0	0	0	0	0	
1401.266883	8	6	3	0	2	7	1	3517	-1349	32	84072	13	7	21	0	0	0	0	0	0	0	0	0	0	0	0	0	0	
1402.253283	8	6	3	0	2	7	1	3500	-1350	32	84131	13	7	23	0	0	0	0	0	0	0	0	0	0	0	0	0	0	
1403.258400	8	6	3	0	2	7	1	3482	-1350	32	84191	13	7	24	0	0	0	0	0	0	0	0	0	0	0	0	0	0	
1404.263517	8	6	3	0	2	7	1	3457	-1350	32	84251	13	7	26	0	0	0	0	0	0	0	0	0	0	0	0	0	0	
1405.249917	8	6	3	0	2	7	1	3451	-1351	32	84311	13	7	28	0	0	0	0	0	0	0	0	0	0	0	0	0	0	
1406.255033	8	6	3	0	2	7	1	3436	-1349	32	84371	13	7	29	0	0	0	0	0	0	0	0	0	0	0	0	0	0	
1407.261600	8	6	3	0	2	7	1	3443	-1349	32	84431	13	7	31	0	0	0	0	0	0	0	0	0	0	0	0	0	0	
1408.266717	8	6	3	0	2	7	1	3429	-1350	32	84492	13	7	33	0	0	0	0	0	0	0	0	0	0	0	0	0	0	
1409.253117	8	6	3	0	2	7	1	3416	-1349	32	84551	13	7	34	0	0	0	0	0	0	0	0	0	0	0	0	0	0	
1410.258233	8	6	3	0	2	7	1	3405	-1349	32	84611	13	7	36	0	0	0	0	0	0	0	0	0	0	0	0	0	0	
1411.263367	8	6	3	0	2	7	1	3394	-1350	32	84671	13	7	38	0	0	0	0	0	0	0	0	0	0	0	0	0	0	
1412.249767	8	6	3	0	2	7	1	3383	-1352	32	84731	13	7	39	0	0	0	0	0	0	0	0	0	0	0	0	0	0	
1413.256317	8	6	3	0	2	7	1	3374	-1350	32	84791	13	7	41	0	0	0	0	0	0	0	0	0	0	0	0	0	0	
1414.261433	8	6	3	0	2	7	1	3365	-1350	32	84851	13	7	43	0	0	0	0	0	0	0	0	0	0	0	0	0	0	
1415.266567	8	6	3	0	2	7	1	3356	-1350	32	84912	13	7	44	0	0	0	0	0	0	0	0	0	0	0	0	0	0	
1416.252967	8	6	3	0	2	7	1	3347	-1349	32	84971	13	7	46	0	0	0	0	0	0	0	0	0	0	0	0	0	0	
1417.258083	8	6	3	0	2	7	1	3340	-1351	32	85031	13	7	48	0	0	0	0	0	0	0	0	0	0	0	0	0	0	
1418.264633	8	6	3	0	2	7	1	3331	-1351	32	85091	13	7	49	0	0	0	0	0	0	0	0	0	0	0	0	0	0	
1419.251033	8	6	3	0	2	7	1	3323	-1350	32	85151	13	7	51	0	0	0	0	0	0	0	0	0	0	0	0	0	0	
1420.256167	8	6	3	0	2	7	1	3316	-1350	32	85211	13	7	53	0	0	0	0	0	0	0	0	0	0	0	0	0	0	
1421.261283	8	6	3	0	2	7	1	3309	-1349	32	85271	13	7	54	0	0	0	0	0	0	0	0	0	0	0	0	0	0	
1422.266400	8	6	3	0	2	7	1	3301	-1349	32	85332	13	7	56	0	0	0	0	0	0	0	0	0	0	0	0	0	0	
1423.252800	8	6	3	0	2	7	1	3294	-1349	32	85391	13	7	58	0	0	0	0	0	0	0	0	0	0	0	0	0	0	
1424.259367	8	6	3	0	2	7	1	3288	-1351	32	85451	13	7	59	0	0	0	0	0	0	0	0	0	0	0	0	0	0	
1425.264483	8	6	3	0	2	7	1	3280	-1350	32	85511	13	7	61	0	0	0	0	0	0	0	0	0	0	0	0	0	0	
1426.250883	8	6	3	0	2	7	1	3276	-1349	32	85571	13	7	63	0	0	0	0	0	0	0	0	0	0	0	0	0	0	
1427.256000	8	6	3	0	2	7	1	3268	-1350	32	85631	13	7	64	0	0	0	0	0	0	0	0	0	0	0	0	0	0	
1428.261117	8	6	3	0	2	7	1	3260	-1350	32	85691	13	7	66	0	0	0	0	0	0	0	0	0	0	0	0	0	0	
1429.267683	8	6	3	0	2	7	1	3252	-1350	32	85752	13	7	67	0	0	0	0	0	0	0	0	0	0	0	0	0	0	
1430.254083	8	6	3	0	2	7	1	3244	-1351	32	85811	13	7	69	0	0	0	0	0	0	0	0	0	0	0	0	0	0	
1431.259200	8	6	3	0	2	7	1	3235	-1351	32	85871	13	7	71	0	0	0	0	0	0	0	0	0	0	0	0	0	0	
1432.264317	8	6	3	0	2	7	1	3223	-1348	32	85931	13	7	72	0	0	0	0	0	0	0	0	0	0	0	0	0	0	
1433.250717	8	6	3	0	2	7	1	3209	-1349	32	85991	13	7	74	0	0	0	0	0	0	0	0	0	0	0	0	0	0	
1434.257283	8	6	3	0	2	7	1	3191	-1349	32	86051	13	7	76	0	0	0	0	0	0	0	0	0	0	0	0	0	0	
1435.262400	8	6	3	0	2	7	1	3171	-1350	32	86111	13	7	77	0	0	0	0	0	0	0	0	0	0	0	0	0	0	
1436.267517	8	6	3	0	2	7	1	3146	-1352	32	86172	13	7	79	0	0	0	0	0	0	0	0	0	0	0	0	0	0	
1437.253917	8	6	3	0	2	7	1	3107	-1350	32	86231	13	7	81	0	0	0	0	0	0	0	0	0	0	0	0	0	0	
1438.259033	8	6	3	0	2	7	1	3042	-1350	32	86291	13	7	82	0	0	0	0	0	0	0	0	0	0	0	0	0	0	
1439.265600	8	6	3	0	2	7	1	2932	-1350	32	86351	13	7	84	0	0	0	0	0	0	0	0	0	0	0	0	0	0	
1440.233283	8	15	3	0	1	31	2	3016	36	32	86409	14	7	86	0	0	0	0	0	0	0	0	0	0	0	0	0	0	
1440.253433	8	3	3	0	1	2	2	3320	678	32	86411	15	7	86	0	0	0	0	0	0	0	0	0	0	0	0	0	0	
1441.258567	8	3	3	0	1	2	2	3612	673	32	86471	15	7	86	0	0	0	0	0	0	0	0	0	0	0	0	0	0	
1442.265117	8	3	3	0	1	2	2	3717	674	32	86531	15	7	86	0	0	0	0	0	0	0	0	0	0	0	0	0	0	
1443.270233	8	3	3	0	1	2	2	3780	675	32	86592	15	7	86	0	0	0	0	0	0	0	0	0	0	0	0	0	0	
1444.256633	8	3	3	0	1	2	2	3824	674	32	86651	15	7	86	0	0	0	0	0	0	0	0	0	0	0	0	0	0	
1445.261767	8	3	3	0	1	2	2	3854	675	32	86711	15	7	86	0	0	0	0	0	0	0	0	0	0	0	0	0	0	
1446.266883	8	3	3	0	1	2	2	3871	674	32	86772	15	7	86	0	0	0	0	0	0	0	0	0	0	0	0	0	0	
1447.253283	8	3	3	0	1	2	2	3883	674	32	86831	15	7	86	0	0	0	0	0	0	0	0	0	0	0	0	0	0	
1448.259833	8	3	3	0	1	2	2	3889	674	32	86891	15	7	86	0	0	0	0	0	0	0	0	0	0	0	0	0	0	
1449.264967	8	3	3	0	1	2	2	3898	674	32	86951	15	7	86	0	0	0	0	0	0	0	0	0	0	0	0	0	0	
1450.270083	8	3	3	0	1	2	2	3905	675	32	87012	15	7	86	0	0	0	0	0	0	0	0	0	0	0	0	0	0	
1451.256483	8	3	3	0	1	2	2	3911	675	32	87071	15	7	86	0	0	0	0	0	0	0	0	0	0	0	0	0	0	
1452.261600	8	3	3	0	1	2	2	3917	674	32	87131	15	7	86	0	0	0	0	0	0	0	0	0	0	0	0	0	0	
1453.268167	8	3	3	0	1	2	2	3925	675	32	87191	15	7	86	0	0	0	0	0	0	0	0	0	0	0	0	0	0	
1454.254567	8	3	3	0	1	2	2	3932	675	32	87251	15	7	86	0	0	0	0	0	0	0	0	0	0	0	0	0	0	
1455.259683	8	3	3	0	1	2	2	3939	674	32	87311	15	7	86	0	0	0	0	0	0	0	0	0	0	0	0	0	0	
1456.264800	8	3	3	0	1	2	2	3946	674	32	87371	15	7	86	0	0	0	0	0	0	0	0	0	0	0	0	0	0	
1457.269917	8	3	3	0	1	2	2	3953	674	32	87432	15	7	86	0	0	0	0	0	0	0	0	0	0	0	0	0	0	
1458.256317	8	3	3	0	1	2	2	3959	674	32	87491	15	7	86	0	0	0	0	0	0	0	0	0	0	0	0	0	0	
1459.262883	8	3	3	0	1	2	2	3966	674	32	87551	15	7	86	0	0	0	0	0	0	0	0	0	0	0	0	0	0	
1460.268000	8	3	3	0	1	2	2	3972	674	32	87611	15	7	86	0	0	0	0	0	0	0	0	0	0	0	0	0	0	
1461.254400	8	3	3	0	1	2	2	3978	675	32	87671	15	7	86	0	0	0	0	0	0	0	0	0	0	0	0	0	0	
1462.259517	8	3	3	0	1	2	2	3984	674	32	87731	15	7	86	0	0	0	0	0	0	0	0	0	0	0	0	0	0	
1463.264633	8	3	3	0	1	2	2	3989	675	32	87791	15	7	86	0	0	0	0	0	0	0	0	0	0	0	0	0	0	
1464.269767	8	3	3	0	1	2	2	3993	674	32	87852	15	7	86	0	0	0	0	0	0	0	0	0	0	0	0	0	0	
1465.259033	8	3	3	0	1	2	2	3998	676	32	87911	15	7	86	0	0	0	0	0	0	0	0	0	0	0	0	0	0	
1466.264167	8	3	3	0	1	2	2	4001	674	32	87971	15	7	86	0	0	0	0	0	0	0	0	0	0	0	0	0	0	
1467.269283	8	3	3	0	1	2	2	4005	674	32	88032	15	7	86	0	0	0	0	0	0	0	0	0	0	0	0	0	0	
1468.257117	8	3	3	0	1	2	2	4008	675	32	88091	15	7	86	0	0	0	0	0	0	0	0	0	0	0	0	0	0	
1469.262233	8	3	3	0	1	2	2	4011	675	32	88151	15	7	86	0	0	0	0	0	0	0	0	0	0	0	0	0	0	
1470.267367	8	3	3	0	1	2	2	4015	674	32	88211	15	7	86	0	0	0	0	0	0	0	0	0	0	0	0	0	0	
1471.272483	8	3	3	0	1	2	2	4018	675	32	88272	15	7	86	0	0	0	0	0	0	0	0	0	0	0	0	0	0	
1472.258883	8	3	3	0	1	2	2	4021	674	32	88331	15	7	86	0	0	0	0	0	0	0	0	0	0	0	0	0	0	
1473.265433	8	3	3	0	1	2	2	4025	675	32	88391	15	7	86	0	0	0	0	0	0	0	0	0	0	0	0	0	0	
1474.270567	8	3	3	0	1	2	2	4028	674	32	88452	15	7	86	0	0	0	0	0	0	0	0	0	0	0	0	0	0	
1475.256967	8	3	3	0	1	2	2	4032	676	32	88511	15	7	86	0	0	0	0	0	0	0	0	0	0	0	0	0	0	
1476.262083	8	3	3	0	1	2	2	4035	675	32	88571	15	7	86	0	0	0	0	0	0	0	0	0	0	0	0	0	0	
1477.267200	8	3	3	0	1	2	2	4038	675	32	88631	15	7	86	0	0	0	0	0	0	0	0	0	0	0	0	0	0	
1478.272317	8	3	3	0	1	2	2	4041	675	32	88692	15	7	86	0	0	0	0	0	0	0	0	0	0	0	0	0	0	
1479.258717	8	3	3	0	1	2	2	4045	675	32	88751	15	7	86	0	0	0	0	0	0	0	0	0	0	0	0	0	0	
1480.265283	8	3	3	0	1	2	2	4048	675	32	88811	15	7	86	0	0	0	0	0	0	0	0	0	0	0	0	0	0	
1481.270400	8	3	3	0	1	2	2	4052	675	32	88872	15	7	86	0	0	0	0	0	0	0	0	0	0	0	0	0	0	
1482.256800	8	3	3	0	1	2	2	4055	675	32	88931	15	7	86	0	0	0	0	0	0	0	0	0	0	0	0	0	0	
1483.261917	8	3	3	0	1	2	2	4058	674	32	88991	15	7	86	0	0	0	0	0	0	0	0	0	0	0	0	0	0	
1484.268483	8	3	3	0	1	2	2	4062	674	32	89051	15	7	86	0	0	0	0	0	0	0	0	0	0	0	0	0	0	
1485.273600	8	3	3	0	1	2	2	4065	674	32	89112	15	7	86	0	0	0	0	0	0	0	0	0	0	0	0	0	0	
1486.262883	8	3	3	0	1	2	2	4069	674	32	89171	15	7	86	0	0	0	0	0	0	0	0	0	0	0	0	0	0	
1487.269433	8	3	3	0	1	2	2	4073	674	32	89231	15	7	86	0	0	0	0	0	0	0	0	0	0	0	0	0	0	
1488.274567	8	3	3	0	1	2	2	4077	674	32	89292	15	7	86	0	0	0	0	0	0	0	0	0	0	0	0	0	0	
1489.260967	8	3	3	0	1	2	2	4080	673	32	89351	15	7	86	0	0	0	0	0	0	0	0	0	0	0	0	0	0	
1490.266083	8	3	3	0	1	2	2	4084	674	32	89411	15	7	86	0	0	0	0	0	0	0	0	0	0	0	0	0	0	
1491.271200	8	3	3	0	1	2	2	4088	673	32	89472	15	7	86	0	0	0	0	0	0	0	0	0	0	0	0	0	0	
1492.257600	8	3	3	0	1	2	2	4092	674	32	89531	15	7	86	0	0	0	0	0	0	0	0	0	0	0	0	0	0	
1493.264167	8	3	3	0	1	2	2	4096	675	32	89591	15	7	86	0	0	0	0	0	0	0	0	0	0	0	0	0	0	
1494.269283	8	3	3	0	1	2	2	4100	675	32	89651	15	7	86	0	0	0	0	0	0	0	0	0	0	0	0	0	0	
1495.274400	8	3	3	0	1	2	2	4105	675	32	89712	15	7	86	0	0	0	0	0	0	0	0	0	0	0	0	0	0	
1496.260800	8	3	3	0	1	2	2	4109	674	32	89771	15	7	86	0	0	0	0	0	0	0	0	0	0	0	0	0	0	
1497.267367	8	3	3	0	1	2	2	4114	674	32	89831	15	7	86	0	0	0	0	0	0	0	0	0	0	0	0	0	0	
1498.272483	8	3	3	0	1	2	2	4118	674	32	89892	15	7	86	0	0	0	0	0	0	0	0	0	0	0	0	0	0	
1499.258883	8	3	3	0	1	2	2	4120	666	32	89951	15	7	86	0	0	0	0	0	0	0	0	0	0	0	0	0	0	
1500.264000	8	3	3	0	1	2	2	4124	665	32	90011	15	7	86	0	0	0	0	0	0	0	0	0	0	0	0	0	0	
1501.269117	8	3	3	0	1	2	2	4129	664	32	90071	15	7	86	0	0	0	0	0	0	0	0	0	0	0	0	0	0	
1502.274233	8	3	3	0	1	2	2	4133	662	32	90132	15	7	86	0	0	0	0	0	0	0	0	0	0	0	0	0	0	
1503.262083	8	3	3	0	1	2	2	4138	663	32	90191	15	7	86	0	0	0	0	0	0	0	0	0	0	0	0	0	0	
1504.267200	8	3	3	0	1	2	2	4143	663	32	90251	15	7	86	0	0	0	0	0	0	0	0	0	0	0	0	0	0	
1505.272317	8	3	3	0	1	2	2	4148	661	32	90312	15	7	86	0	0	0	0	0	0	0	0	0	0	0	0	0	0	
1506.258717	8	3	3	0	1	2	2	4153	660	32	90371	15	7	86	0	0	0	0	0	0	0	0	0	0	0	0	0	0	
1507.263833	8	3	3	0	1	2	2	4158	661	32	90431	15	7	86	0	0	0	0	0	0	0	0	0	0	0	0	0	0	
1508.268967	8	3	3	0	1	2	2	4163	658	32	90491	15	7	86	0	0	0	0	0	0	0	0	0	0	0	0	0	0	
1509.275517	8	3	3	0	1	2	2	4168	658	32	90552	15	7	86	0	0	0	0	0	0	0	0	0	0	0	0	0	0	
1510.261917	8	3	3	0	1	2	2	4173	657	32	90611	15	7	86	0	0	0	0	0	0	0	0	0	0	0	0	0	0	
1511.267033	8	3	3	0	1	2	2	4178	656	32	90671	15	7	86	0	0	0	0	0	0	0	0	0	0	0	0	0	0	
1512.272167	8	3	3	0	1	2	2	4184	655	32	90732	15	7	86	0	0	0	0	0	0	0	0	0	0	0	0	0	0	
1513.258567	8	3	3	0	1	2	2	4189	653	32	90791	15	7	86	0	0	0	0	0	0	0	0	0	0	0	0	0	0	
1514.265117	8	3	3	0	1	2	2	4195	652	32	90851	15	7	86	0	0	0	0	0	0	0	0	0	0	0	0	0	0	
1515.270233	8	3	3	0	1	2	2	4198	645	32	90911	15	7	86	0	0	0	0	0	0	0	0	0	0	0	0	0	0	
1516.275367	8	3	3	0	1	2	2	4199	628	32	90972	15	7	86	0	0	0	0	0	0	0	0	0	0	0	0	0	0	
1517.261767	8	3	3	0	1	2	2	4198	612	32	91031	15	7	86	0	0	0	0	0	0	0	0	0	0	0	0	0	0	
1518.266883	8	3	3	0	1	2	2	4199	596	32	91091	15	7	86	0	0	0	0	0	0	0	0	0	0	0	0	0	0	
1519.273433	8	3	3	0	1	2	2	4199	579	32	91152	15	7	86	0	0	0	0	0	0	0	0	0	0	0	0	0	0	
1520.259833	8	3	3	0	1	2	2	4198	563	32	91211	15	7	86	0	0	0	0	0	0	0	0	0	0	0	0	0	0	
1521.264967	8	3	3	0	1	2	2	4199	543	32	91271	15	7	86	0	0	0	0	0	0	0	0	0	0	0	0	0	0	
1522.270083	8	3	3	0	1	2	2	4199	526	32	91331	15	7	86	0	0	0	0	0	0	0	0	0	0	0	0	0	0	
1523.275200	8	3	3	0	1	2	2	4199	507	32	91392	15	7	86	0	0	0	0	0	0	0	0	0	0	0	0	0	0	
1524.261600	8	3	3	0	1	2	2	4199	496	32	91451	15	7	86	0	0	0	0	0	0	0	0	0	0	0	0	0	0	
1525.268167	8	3	3	0	1	2	2	4199	480	32	91511	15	7	86	0	0	0	0	0	0	0	0	0	0	0	0	0	0	
1526.273283	8	3	3	0	1	2	2	4198	469	32	91571	15	7	86	0	0	0	0	0	0	0	0	0	0	0	0	0	0	
1527.259683	8	3	3	0	1	2	2	4199	463	32	91631	15	7	86	0	0	0	0	0	0	0	0	0	0	0	0	0	0	
1528.264800	8	3	3	0	1	2	2	4199	453	32	91691	15	7	86	0	0	0	0	0	0	0	0	0	0	0	0	0	0	
1529.269917	8	3	3	0	1	2	2	4199	445	32	91751	15	7	86	0	0	0	0	0	0	0	0	0	0	0	0	0	0	
1530.276483	8	3	3	0	1	2	2	4199	429	32	91812	15	7	86	0	0	0	0	0	0	0	0	0	0	0	0	0	0	
1531.262883	8	3	3	0	1	2	2	4198	416	32	91871	15	7	86	0	0	0	0	0	0	0	0	0	0	0	0	0	0	
1532.268000	8	3	3	0	1	2	2	4199	399	32	91931	15	7	86	0	0	0	0	0	0	0	0	0	0	0	0	0	0	
1533.273117	8	3	3	0	1	2	2	4199	388	32	91991	15	7	86	0	0	0	0	0	0	0	0	0	0	0	0	0	0	
1534.259517	8	3	3	0	1	2	2	4199	374	32	92051	15	7	86	0	0	0	0	0	0	0	0	0	0	0	0	0	0	
1535.266083	8	3	3	0	1	2	2	4199	364	32	92111	15	7	86	0	0	0	0	0	0	0	0	0	0	0	0	0	0	
1536.271200	8	3	3	0	1	2	2	4198	352	32	92171	15	7	86	0	0	0	0	0	0	0	0	0	0	0	0	0	0	
1537.276317	8	3	3	0	1	2	2	4199	338	32	92232	15	7	86	0	0	0	0	0	0	0	0	0	0	0	0	0	0	
1538.262717	8	3	3	0	1	2	2	4199	328	32	92291	15	7	86	0	0	0	0	0	0	0	0	0	0	0	0	0	0	
1539.267833	8	3	3	0	1	2	2	4199	316	32	92351	15	7	86	0	0	0	0	0	0	0	0	0	0	0	0	0	0	
1540.277283	8	3	3	0	1	2	2	4198	307	32	92412	15	7	86	0	0	0	0	0	0	0	0	0	0	0	0	0	0	
1541.263683	8	3	3	0	1	2	2	4199	298	32	92471	15	7	86	0	0	0	0	0	0	0	0	0	0	0	0	0	0	
1542.268800	8	3	3	0	1	2	2	4198	288	32	92531	15	7	86	0	0	0	0	0	0	0	0	0	0	0	0	0	0	
1543.273917	8	3	3	0	1	2	2	4199	283	32	92591	15	7	86	0	0	0	0	0	0	0	0	0	0	0	0	0	0	
1544.260317	8	3	3	0	1	2	2	4198	276	32	92651	15	7	86	0	0	0	0	0	0	0	0	0	0	0	0	0	0	
1545.266883	8	3	3	0	1	2	2	4199	270	32	92711	15	7	86	0	0	0	0	0	0	0	0	0	0	0	0	0	0	
1546.272000	8	3	3	0	1	2	2	4199	262	32	92771	15	7	86	0	0	0	0	0	0	0	0	0	0	0	0	0	0	
1547.277117	8	3	3	0	1	2	2	4198	254	32	92832	15	7	86	0	0	0	0	0	0	0	0	0	0	0	0	0	0	
1548.263517	8	3	3	0	1	2	2	4199	246	32	92891	15	7	86	0	0	0	0	0	0	0	0	0	0	0	0	0	0	
1549.268633	8	3	3	0	1	2	2	4199	240	32	92951	15	7	86	0	0	0	0	0	0	0	0	0	0	0	0	0	0	
1550.275200	8	3	3	0	1	2	2	4199	233	32	93011	15	7	86	0	0	0	0	0	0	0	0	0	0	0	0	0	0	
1551.261600	8	3	3	0	1	2	2	4199	225	32	93071	15	7	86	0	0	0	0	0	0	0	0	0	0	0	0	0	0	
1552.266717	8	3	3	0	1	2	2	4199	218	32	93131	15	7	86	0	0	0	0	0	0	0	0	0	0	0	0	0	0	
1553.271833	8	3	3	0	1	2	2	4198	211	32	93191	15	7	86	0	0	0	0	0	0	0	0	0	0	0	0	0	0	
1554.276967	8	3	3	0	1	2	2	4199	204	32	93252	15	7	86	0	0	0	0	0	0	0	0	0	0	0	0	0	0	
1555.264800	8	3	3	0	1	2	2	4199	200	32	93311	15	7	86	0	0	0	0	0	0	0	0	0	0	0	0	0	0	
1556.269917	8	3	3	0	1	2	2	4198	193	32	93371	15	7	86	0	0	0	0	0	0	0	0	0	0	0	0	0	0	
1557.275033	8	3	3	0	1	2	2	4199	186	32	93431	15	7	86	0	0	0	0	0	0	0	0	0	0	0	0	0	0	
1558.261433	8	3	3	0	1	2	2	4199	180	32	93491	15	7	86	0	0	0	0	0	0	0	0	0	0	0	0	0	0	
1559.266567	8	3	3	0	1	2	2	4199	173	32	93551	15	7	86	0	0	0	0	0	0	0	0	0	0	0	0	0	0	
1560.271683	8	3	3	0	1	2	2	4198	168	32	93611	15	7	86	0	0	0	0	0	0	0	0	0	0	0	0	0	0	
1561.278233	8	3	3	0	1	2	2	4199	162	32	93672	15	7	86	0	0	0	0	0	0	0	0	0	0	0	0	0	0	
1562.264633	8	3	3	0	1	2	2	4199	157	32	93731	15	7	86	0	0	0	0	0	0	0	0	0	0	0	0	0	0	
1563.269767	8	3	3	0	1	2	2	4199	152	32	93791	15	7	86	0	0	0	0	0	0	0	0	0	0	0	0	0	0	
1564.274883	8	3	3	0	1	2	2	4199	146	32	93851	15	7	86	0	0	0	0	0	0	0	0	0	0	0	0	0	0	
1565.261283	8	3	3	0	1	2	2	4199	141	32	93911	15	7	86	0	0	0	0	0	0	0	0	0	0	0	0	0	0	
1566.267833	8	3	3	0	1	2	2	4198	136	32	93971	15	7	86	0	0	0	0	0	0	0	0	0	0	0	0	0	0	
1567.272967	8	3	3	0	1	2	2	4199	131	32	94031	15	7	86	0	0	0	0	0	0	0	0	0	0	0	0	0	0	
1568.278083	8	3	3	0	1	2	2	4198	128	32	94092	15	7	86	0	0	0	0	0	0	0	0	0	0	0	0	0	0	
1569.264483	8	3	3	0	1	2	2	4199	125	32	94151	15	7	86	0	0	0	0	0	0	0	0	0	0	0	0	0	0	
1570.269600	8	3	3	0	1	2	2	4198	120	32	94211	15	7	86	0	0	0	0	0	0	0	0	0	0	0	0	0	0	
1571.274717	8	3	3	0	1	2	2	4198	116	32	94271	15	7	86	0	0	0	0	0	0	0	0	0	0	0	0	0	0	
1572.281283	8	3	3	0	1	2	2	4199	112	32	94332	15	7	86	0	0	0	0	0	0	0	0	0	0	0	0	0	0	
1573.267683	8	3	3	0	1	2	2	4198	108	32	94391	15	7	86	0	0	0	0	0	0	0	0	0	0	0	0	0	0	
1574.272800	8	3	3	0	1	2	2	4199	106	32	94451	15	7	86	0	0	0	0	0	0	0	0	0	0	0	0	0	0	
1575.277917	8	3	3	0	1	2	2	4198	103	32	94512	15	7	86	0	0	0	0	0	0	0	0	0	0	0	0	0	0	
1576.264317	8	3	3	0	1	2	2	4198	98	32	94571	15	7	86	0	0	0	0	0	0	0	0	0	0	0	0	0	0	
1577.269433	8	3	3	0	1	2	2	4199	96	32	94631	15	7	86	0	0	0	0	0	0	0	0	0	0	0	0	0	0	
1578.276000	8	3	3	0	1	2	2	4199	93	32	94691	15	7	86	0	0	0	0	0	0	0	0	0	0	0	0	0	0	
1579.281117	8	3	3	0	1	2	2	4199	89	32	94752	15	7	86	0	0	0	0	0	0	0	0	0	0	0	0	0	0	
1580.267517	8	3	3	0	1	2	2	4199	87	32	94811	15	7	86	0	0	0	0	0	0	0	0	0	0	0	0	0	0	
1581.272633	8	3	3	0	1	2	2	4198	84	32	94871	15	7	86	0	0	0	0	0	0	0	0	0	0	0	0	0	0	
1582.277767	8	3	3	0	1	2	2	4198	82	32	94932	15	7	86	0	0	0	0	0	0	0	0	0	0	0	0	0	0	
1583.265600	8	3	3	0	1	2	2	4198	80	32	94991	15	7	86	0	0	0	0	0	0	0	0	0	0	0	0	0	0	
1584.270717	8	3	3	0	1	2	2	4198	77	32	95051	15	7	86	0	0	0	0	0	0	0	0	0	0	0	0	0	0	
1585.275833	8	3	3	0	1	2	2	4198	75	32	95111	15	7	86	0	0	0	0	0	0	0	0	0	0	0	0	0	0	
1586.280967	8	3	3	0	1	2	2	4199	73	32	95172	15	7	86	0	0	0	0	0	0	0	0	0	0	0	0	0	0	
1587.267367	8	3	3	0	1	2	2	4199	71	32	95231	15	7	86	0	0	0	0	0	0	0	0	0	0	0	0	0	0	
1588.273917	8	3	3	0	1	2	2	4199	68	32	95291	15	7	86	0	0	0	0	0	0	0	0	0	0	0	0	0	0	
1589.090400	8	6	3	0	2	7	1	4115	-228	32	95340	15	8	0	0	0	0	0	0	0	0	0	0	0	0	0	0	0	
1589.280483	8	6	3	0	2	7	1	3674	-1350	32	95352	15	8	0	0	0	0	0	0	0	0	0	0	0	0	0	0	0	
1590.266883	8	6	3	0	2	7	1	3721	-1349	32	95411	15	8	1	0	0	0	0	0	0	0	0	0	0	0	0	0	0	
1591.272000	8	6	3	0	2	7	1	3700	-1350	32	95471	15	8	3	0	0	0	0	0	0	0	0	0	0	0	0	0	0	
1592.278567	8	6	3	0	2	7	1	3683	-1350	32	95531	15	8	5	0	0	0	0	0	0	0	0	0	0	0	0	0	0	
1593.264967	8	6	3	0	2	7	1	3626	-1349	32	95591	15	8	6	0	0	0	0	0	0	0	0	0	0	0	0	0	0	
1594.270083	8	6	3	0	2	7	1	3627	-1349	32	95651	15	8	8	0	0	0	0	0	0	0	0	0	0	0	0	0	0	
1595.275200	8	6	3	0	2	7	1	3523	-1350	32	95711	15	8	10	0	0	0	0	0	0	0	0	0	0	0	0	0	0	
1596.280317	8	6	3	0	2	7	1	3611	-1349	32	95772	15	8	11	0	0	0	0	0	0	0	0	0	0	0	0	0	0	
1597.268167	8	6	3	0	2	7	1	3589	-1348	32	95831	15	8	13	0	0	0	0	0	0	0	0	0	0	0	0	0	0	
1598.273283	8	6	3	0	2	7	1	3567	-1350	32	95891	15	8	15	0	0	0	0	0	0	0	0	0	0	0	0	0	0	
1599.278400	8	6	3	0	2	7	1	3532	-1350	32	95951	15	8	16	0	0	0	0	0	0	0	0	0	0	0	0	0	0	
1600.264800	8	6	3	0	2	7	1	3541	-1350	32	96011	15	8	18	0	0	0	0	0	0	0	0	0	0	0	0	0	0	
1601.269917	8	6	3	0	2	7	1	3513	-1350	32	96071	15	8	20	0	0	0	0	0	0	0	0	0	0	0	0	0	0	
1602.276483	8	6	3	0	2	7	1	3475	-1350	32	96131	15	8	21	0	0	0	0	0	0	0	0	0	0	0	0	0	0	
1603.281600	8	6	3	0	2	7	1	3544	-1349	32	96192	15	8	23	0	0	0	0	0	0	0	0	0	0	0	0	0	0	
1604.268000	8	6	3	0	2	7	1	3448	-1350	32	96251	15	8	24	0	0	0	0	0	0	0	0	0	0	0	0	0	0	
1605.273117	8	6	3	0	2	7	1	3526	-1349	32	96311	15	8	26	0	0	0	0	0	0	0	0	0	0	0	0	0	0	
1606.278233	8	6	3	0	2	7	1	3487	-1348	32	96371	15	8	28	0	0	0	0	0	0	0	0	0	0	0	0	0	0	
1607.264633	8	6	3	0	2	7	1	3377	-1349	32	96431	15	8	29	0	0	0	0	0	0	0	0	0	0	0	0	0	0	
1608.271200	8	6	3	0	2	7	1	3498	-1349	32	96491	15	8	31	0	0	0	0	0	0	0	0	0	0	0	0	0	0	
1609.276317	8	6	3	0	2	7	1	3471	-1350	32	96551	15	8	33	0	0	0	0	0	0	0	0	0	0	0	0	0	0	
1610.281433	8	6	3	0	2	7	1	3306	-1348	32	96612	15	8	34	0	0	0	0	0	0	0	0	0	0	0	0	0	0	
1611.267833	8	6	3	0	2	7	1	3464	-1349	32	96671	15	8	36	0	0	0	0	0	0	0	0	0	0	0	0	0	0	
1612.272967	8	6	3	0	2	7	1	3424	-1350	32	96731	15	8	38	0	0	0	0	0	0	0	0	0	0	0	0	0	0	
1613.278083	8	6	3	0	2	7	1	3285	-1349	32	96791	15	8	39	0	0	0	0	0	0	0	0	0	0	0	0	0	0	
1614.265917	8	6	3	0	2	7	1	3309	-1349	32	96851	15	8	41	0	0	0	0	0	0	0	0	0	0	0	0	0	0	
1615.271033	8	6	3	0	2	7	1	3420	-1350	32	96911	15	8	43	0	0	0	0	0	0	0	0	0	0	0	0	0	0	
1616.276167	8	6	3	0	2	7	1	3375	-1348	32	96971	15	8	44	0	0	0	0	0	0	0	0	0	0	0	0	0	0	
1617.281283	8	6	3	0	2	7	1	3304	-1350	32	97032	15	8	46	0	0	0	0	0	0	0	0	0	0	0	0	0	0	
1618.267683	8	6	3	0	2	7	1	3270	-1350	32	97091	15	8	47	0	0	0	0	0	0	0	0	0	0	0	0	0	0	
1619.274233	8	6	3	0	2	7	1	3372	-1348	32	97151	15	8	49	0	0	0	0	0	0	0	0	0	0	0	0	0	0	
1620.280800	8	6	3	0	2	7	1	3340	-1350	32	97211	15	8	51	0	0	0	0	0	0	0	0	0	0	0	0	0	0	
1621.267200	8	6	3	0	2	7	1	3259	-1348	32	97271	15	8	52	0	0	0	0	0	0	0	0	0	0	0	0	0	0	
1622.273767	8	6	3	0	2	7	1	3345	-1349	32	97331	15	8	54	0	0	0	0	0	0	0	0	0	0	0	0	0	0	
1623.278883	8	6	3	0	2	7	1	3334	-1349	32	97391	15	8	56	0	0	0	0	0	0	0	0	0	0	0	0	0	0	
1624.284000	8	6	3	0	2	7	1	3314	-1351	32	97452	15	8	57	0	0	0	0	0	0	0	0	0	0	0	0	0	0	
1625.270400	8	6	3	0	2	7	1	3302	-1349	32	97511	15	8	59	0	0	0	0	0	0	0	0	0	0	0	0	0	0	
1626.275517	8	6	3	0	2	7	1	3292	-1350	32	97571	15	8	61	0	0	0	0	0	0	0	0	0	0	0	0	0	0	
1627.282083	8	6	3	0	2	7	1	3282	-1349	32	97632	15	8	62	0	0	0	0	0	0	0	0	0	0	0	0	0	0	
1628.268483	8	6	3	0	2	7	1	3273	-1350	32	97691	15	8	64	0	0	0	0	0	0	0	0	0	0	0	0	0	0	
1629.273600	8	6	3	0	2	7	1	3261	-1351	32	97751	15	8	66	0	0	0	0	0	0	0	0	0	0	0	0	0	0	
1630.278717	8	6	3	0	2	7	1	3247	-1350	32	97811	15	8	67	0	0	0	0	0	0	0	0	0	0	0	0	0	0	
1631.283833	8	6	3	0	2	7	1	3233	-1350	32	97872	15	8	69	0	0	0	0	0	0	0	0	0	0	0	0	0	0	
1632.270233	8	6	3	0	2	7	1	3218	-1350	32	97931	15	8	71	0	0	0	0	0	0	0	0	0	0	0	0	0	0	
1633.276800	8	6	3	0	2	7	1	3196	-1349	32	97991	15	8	72	0	0	0	0	0	0	0	0	0	0	0	0	0	0	
1634.281917	8	6	3	0	2	7	1	3269	-1351	32	98051	15	8	74	0	0	0	0	0	0	0	0	0	0	0	0	0	0	
1635.268317	8	6	3	0	2	7	1	3258	-1350	32	98111	15	8	76	0	0	0	0	0	0	0	0	0	0	0	0	0	0	
1636.273433	8	6	3	0	2	7	1	3194	-1351	32	98171	15	8	77	0	0	0	0	0	0	0	0	0	0	0	0	0	0	
1637.278567	8	6	3	0	2	7	1	3158	-1349	32	98231	15	8	79	0	0	0	0	0	0	0	0	0	0	0	0	0	0	
1638.285117	8	6	3	0	2	7	1	3111	-1350	32	98292	15	8	81	0	0	0	0	0	0	0	0	0	0	0	0	0	0	
1639.271517	8	6	3	0	2	7	1	3038	-1351	32	98351	15	8	82	0	0	0	0	0	0	0	0	0	0	0	0	0	0	
1640.276633	8	6	3	0	2	7	1	2896	-1349	32	98411	15	8	84	0	0	0	0	0	0	0	0	0	0	0	0	0	0	
1640.999517	8	15	3	0	1	31	2	3116	17	32	98455	17	8	85	0	0	0	0	0	0	0	0	0	0	0	0	0	0	
1641.019683	8	3	3	0	1	2	2	3334	677	32	98456	17	8	85	0	0	0	0	0	0	0	0	0	0	0	0	0	0	
1641.286083	8	3	3	0	1	2	2	3483	675	32	98472	17	8	85	0	0	0	0	0	0	0	0	0	0	0	0	0	0	
1642.272483	8	3	3	0	1	2	2	3633	674	32	98531	17	8	85	0	0	0	0	0	0	0	0	0	0	0	0	0	0	
1643.277600	8	3	3	0	1	2	2	3709	675	32	98591	17	8	85	0	0	0	0	0	0	0	0	0	0	0	0	0	0	
1644.282717	8	3	3	0	1	2	2	3765	673	32	98652	17	8	85	0	0	0	0	0	0	0	0	0	0	0	0	0	0	
1645.269117	8	3	3	0	1	2	2	3806	675	32	98711	17	8	85	0	0	0	0	0	0	0	0	0	0	0	0	0	0	
1646.274233	8	3	3	0	1	2	2	3833	674	32	98771	17	8	85	0	0	0	0	0	0	0	0	0	0	0	0	0	0	
1647.280800	8	3	3	0	1	2	2	3847	675	32	98831	17	8	85	0	0	0	0	0	0	0	0	0	0	0	0	0	0	
1648.285917	8	3	3	0	1	2	2	3856	675	32	98892	17	8	85	0	0	0	0	0	0	0	0	0	0	0	0	0	0	
1649.272317	8	3	3	0	1	2	2	3862	675	32	98951	17	8	85	0	0	0	0	0	0	0	0	0	0	0	0	0	0	
1650.277433	8	3	3	0	1	2	2	3868	674	32	99011	17	8	85	0	0	0	0	0	0	0	0	0	0	0	0	0	0	
1651.282567	8	3	3	0	1	2	2	3875	674	32	99071	17	8	85	0	0	0	0	0	0	0	0	0	0	0	0	0	0	
1652.268967	8	3	3	0	1	2	2	3880	674	32	99131	17	8	85	0	0	0	0	0	0	0	0	0	0	0	0	0	0	
1653.275517	8	3	3	0	1	2	2	3885	674	32	99191	17	8	85	0	0	0	0	0	0	0	0	0	0	0	0	0	0	
1654.280633	8	3	3	0	1	2	2	3891	675	32	99251	17	8	85	0	0	0	0	0	0	0	0	0	0	0	0	0	0	
1655.287200	8	3	3	0	1	2	2	3897	674	32	99312	17	8	85	0	0	0	0	0	0	0	0	0	0	0	0	0	0	
1656.273600	8	3	3	0	1	2	2	3903	675	32	99371	17	8	85	0	0	0	0	0	0	0	0	0	0	0	0	0	0	
1657.278717	8	3	3	0	1	2	2	3910	674	32	99431	17	8	85	0	0	0	0	0	0	0	0	0	0	0	0	0	0	
1658.283833	8	3	3	0	1	2	2	3916	674	32	99492	17	8	85	0	0	0	0	0	0	0	0	0	0	0	0	0	0	
1659.270233	8	3	3	0	1	2	2	3922	674	32	99551	17	8	85	0	0	0	0	0	0	0	0	0	0	0	0	0	0	
1660.275367	8	3	3	0	1	2	2	3927	675	32	99611	17	8	85	0	0	0	0	0	0	0	0	0	0	0	0	0	0	
1661.281917	8	3	3	0	1	2	2	3933	675	32	99671	17	8	85	0	0	0	0	0	0	0	0	0	0	0	0	0	0	
1662.287033	8	3	3	0	1	2	2	3938	675	32	99732	17	8	85	0	0	0	0	0	0	0	0	0	0	0	0	0	0	
1663.273433	8	3	3	0	1	2	2	3944	674	32	99791	17	8	85	0	0	0	0	0	0	0	0	0	0	0	0	0	0	
1664.280000	8	3	3	0	1	2	2	3948	675	32	99851	17	8	85	0	0	0	0	0	0	0	0	0	0	0	0	0	0	
1665.285117	8	3	3	0	1	2	2	3952	675	32	99912	17	8	85	0	0	0	0	0	0	0	0	0	0	0	0	0	0	
1666.271517	8	3	3	0	1	2	2	3956	674	32	99971	17	8	85	0	0	0	0	0	0	0	0	0	0	0	0	0	0	
1667.278083	8	3	3	0	1	2	2	3960	675	32	100031	17	8	85	0	0	0	0	0	0	0	0	0	0	0	0	0	0	
1668.283200	8	3	3	0	1	2	2	3963	675	32	100091	17	8	85	0	0	0	0	0	0	0	0	0	0	0	0	0	0	
1669.269600	8	3	3	0	1	2	2	3966	674	32	100151	17	8	85	0	0	0	0	0	0	0	0	0	0	0	0	0	0	
1670.274717	8	3	3	0	1	2	2	3969	674	32	100211	17	8	85	0	0	0	0	0	0	0	0	0	0	0	0	0	0	
1671.279833	8	3	3	0	1	2	2	3973	675	32	100271	17	8	85	0	0	0	0	0	0	0	0	0	0	0	0	0	0	
1672.286400	8	3	3	0	1	2	2	3975	674	32	100332	17	8	85	0	0	0	0	0	0	0	0	0	0	0	0	0	0	
1673.272800	8	3	3	0	1	2	2	3979	674	32	100391	17	8	85	0	0	0	0	0	0	0	0	0	0	0	0	0	0	
1674.277917	8	3	3	0	1	2	2	3982	675	32	100451	17	8	85	0	0	0	0	0	0	0	0	0	0	0	0	0	0	
1675.283033	8	3	3	0	1	2	2	3984	675	32	100511	17	8	85	0	0	0	0	0	0	0	0	0	0	0	0	0	0	
1676.288167	8	3	3	0	1	2	2	3988	675	32	100572	17	8	85	0	0	0	0	0	0	0	0	0	0	0	0	0	0	
1677.276000	8	3	3	0	1	2	2	3991	674	32	100631	17	8	85	0	0	0	0	0	0	0	0	0	0	0	0	0	0	
1678.281117	8	3	3	0	1	2	2	3994	674	32	100691	17	8	85	0	0	0	0	0	0	0	0	0	0	0	0	0	0	
1679.286233	8	3	3	0	1	2	2	3997	675	32	100752	17	8	85	0	0	0	0	0	0	0	0	0	0	0	0	0	0	
1680.272633	8	3	3	0	1	2	2	4000	675	32	100811	17	8	85	0	0	0	0	0	0	0	0	0	0	0	0	0	0	
1681.277767	8	3	3	0	1	2	2	4003	674	32	100871	17	8	85	0	0	0	0	0	0	0	0	0	0	0	0	0	0	
1682.284317	8	3	3	0	1	2	2	4007	674	32	100931	17	8	85	0	0	0	0	0	0	0	0	0	0	0	0	0	0	
1683.289433	8	3	3	0	1	2	2	4010	674	32	100992	17	8	85	0	0	0	0	0	0	0	0	0	0	0	0	0	0	
1684.275833	8	3	3	0	1	2	2	4014	674	32	101051	17	8	85	0	0	0	0	0	0	0	0	0	0	0	0	0	0	
1685.280967	8	3	3	0	1	2	2	4017	674	32	101111	17	8	85	0	0	0	0	0	0	0	0	0	0	0	0	0	0	
1686.286083	8	3	3	0	1	2	2	4020	675	32	101172	17	8	85	0	0	0	0	0	0	0	0	0	0	0	0	0	0	
1687.272483	8	3	3	0	1	2	2	4024	673	32	101231	17	8	85	0	0	0	0	0	0	0	0	0	0	0	0	0	0	
1688.279033	8	3	3	0	1	2	2	4028	675	32	101291	17	8	85	0	0	0	0	0	0	0	0	0	0	0	0	0	0	
1689.284167	8	3	3	0	1	2	2	4031	675	32	101351	17	8	85	0	0	0	0	0	0	0	0	0	0	0	0	0	0	
1690.289283	8	3	3	0	1	2	2	4035	675	32	101412	17	8	85	0	0	0	0	0	0	0	0	0	0	0	0	0	0	
1691.275683	8	3	3	0	1	2	2	4039	674	32	101471	17	8	85	0	0	0	0	0	0	0	0	0	0	0	0	0	0	
1692.280800	8	3	3	0	1	2	2	4042	674	32	101531	17	8	85	0	0	0	0	0	0	0	0	0	0	0	0	0	0	
1693.287367	8	3	3	0	1	2	2	4047	674	32	101592	17	8	85	0	0	0	0	0	0	0	0	0	0	0	0	0	0	
1694.273767	8	3	3	0	1	2	2	4051	674	32	101651	17	8	85	0	0	0	0	0	0	0	0	0	0	0	0	0	0	
1695.278883	8	3	3	0	1	2	2	4055	674	32	101711	17	8	85	0	0	0	0	0	0	0	0	0	0	0	0	0	0	
1696.284000	8	3	3	0	1	2	2	4060	675	32	101771	17	8	85	0	0	0	0	0	0	0	0	0	0	0	0	0	0	
1697.289117	8	3	3	0	1	2	2	4064	674	32	101832	17	8	85	0	0	0	0	0	0	0	0	0	0	0	0	0	0	
1698.276967	8	3	3	0	1	2	2	4069	675	32	101891	17	8	85	0	0	0	0	0	0	0	0	0	0	0	0	0	0	
1699.282083	8	3	3	0	1	2	2	4073	675	32	101951	17	8	85	0	0	0	0	0	0	0	0	0	0	0	0	0	0	
1700.287200	8	3	3	0	1	2	2	4078	674	32	102012	17	8	85	0	0	0	0	0	0	0	0	0	0	0	0	0	0	
1701.273600	8	3	3	0	1	2	2	4082	675	32	102071	17	8	85	0	0	0	0	0	0	0	0	0	0	0	0	0	0	
1702.278717	8	3	3	0	1	2	2	4088	676	32	102131	17	8	85	0	0	0	0	0	0	0	0	0	0	0	0	0	0	
1703.285283	8	3	3	0	1	2	2	4092	673	32	102191	17	8	85	0	0	0	0	0	0	0	0	0	0	0	0	0	0	
1704.290400	8	3	3	0	1	2	2	4097	672	32	102252	17	8	85	0	0	0	0	0	0	0	0	0	0	0	0	0	0	
1705.276800	8	3	3	0	1	2	2	4103	673	32	102311	17	8	85	0	0	0	0	0	0	0	0	0	0	0	0	0	0	
1706.281917	8	3	3	0	1	2	2	4108	675	32	102371	17	8	85	0	0	0	0	0	0	0	0	0	0	0	0	0	0	
1707.288483	8	3	3	0	1	2	2	4114	676	32	102432	17	8	85	0	0	0	0	0	0	0	0	0	0	0	0	0	0	
1708.274883	8	3	3	0	1	2	2	4117	668	32	102491	17	8	85	0	0	0	0	0	0	0	0	0	0	0	0	0	0	
1709.282883	8	3	3	0	1	2	2	4122	664	32	102551	17	8	85	0	0	0	0	0	0	0	0	0	0	0	0	0	0	
1710.288000	8	3	3	0	1	2	2	4127	663	32	102612	17	8	85	0	0	0	0	0	0	0	0	0	0	0	0	0	0	
1711.274400	8	3	3	0	1	2	2	4133	664	32	102671	17	8	85	0	0	0	0	0	0	0	0	0	0	0	0	0	0	
1712.280967	8	3	3	0	1	2	2	4138	664	32	102731	17	8	85	0	0	0	0	0	0	0	0	0	0	0	0	0	0	
1713.286083	8	3	3	0	1	2	2	4144	663	32	102791	17	8	85	0	0	0	0	0	0	0	0	0	0	0	0	0	0	
1714.291200	8	3	3	0	1	2	2	4149	660	32	102852	17	8	85	0	0	0	0	0	0	0	0	0	0	0	0	0	0	
1715.277600	8	3	3	0	1	2	2	4155	660	32	102911	17	8	85	0	0	0	0	0	0	0	0	0	0	0	0	0	0	
1716.284167	8	3	3	0	1	2	2	4161	659	32	102971	17	8	85	0	0	0	0	0	0	0	0	0	0	0	0	0	0	
1717.289283	8	3	3	0	1	2	2	4167	659	32	103032	17	8	85	0	0	0	0	0	0	0	0	0	0	0	0	0	0	
1718.275683	8	3	3	0	1	2	2	4173	657	32	103091	17	8	85	0	0	0	0	0	0	0	0	0	0	0	0	0	0	
1719.280800	8	3	3	0	1	2	2	4179	656	32	103151	17	8	85	0	0	0	0	0	0	0	0	0	0	0	0	0	0	
1720.285917	8	3	3	0	1	2	2	4185	654	32	103211	17	8	85	0	0	0	0	0	0	0	0	0	0	0	0	0	0	
1721.291033	8	3	3	0	1	2	2	4191	656	32	103272	17	8	85	0	0	0	0	0	0	0	0	0	0	0	0	0	0	
1722.278883	8	3	3	0	1	2	2	4197	652	32	103331	17	8	85	0	0	0	0	0	0	0	0	0	0	0	0	0	0	
1723.284000	8	3	3	0	1	2	2	4199	631	32	103391	17	8	85	0	0	0	0	0	0	0	0	0	0	0	0	0	0	
1724.289117	8	3	3	0	1	2	2	4199	606	32	103452	17	8	85	0	0	0	0	0	0	0	0	0	0	0	0	0	0	
1725.275517	8	3	3	0	1	2	2	4199	583	32	103511	17	8	85	0	0	0	0	0	0	0	0	0	0	0	0	0	0	
1726.280633	8	3	3	0	1	2	2	4198	563	32	103571	17	8	85	0	0	0	0	0	0	0	0	0	0	0	0	0	0	
1727.287200	8	3	3	0	1	2	2	4199	541	32	103631	17	8	85	0	0	0	0	0	0	0	0	0	0	0	0	0	0	
1728.292317	8	3	3	0	1	2	2	4199	520	32	103692	17	8	85	0	0	0	0	0	0	0	0	0	0	0	0	0	0	
1729.278717	8	3	3	0	1	2	2	4199	501	32	103751	17	8	85	0	0	0	0	0	0	0	0	0	0	0	0	0	0	
1730.283833	8	3	3	0	1	2	2	4198	478	32	103811	17	8	85	0	0	0	0	0	0	0	0	0	0	0	0	0	0	
1731.288967	8	3	3	0	1	2	2	4198	459	32	103872	17	8	85	0	0	0	0	0	0	0	0	0	0	0	0	0	0	
1732.276800	8	3	3	0	1	2	2	4199	441	32	103931	17	8	85	0	0	0	0	0	0	0	0	0	0	0	0	0	0	
1733.281917	8	3	3	0	1	2	2	4198	424	32	103991	17	8	85	0	0	0	0	0	0	0	0	0	0	0	0	0	0	
1734.287033	8	3	3	0	1	2	2	4199	408	32	104051	17	8	85	0	0	0	0	0	0	0	0	0	0	0	0	0	0	
1735.292167	8	3	3	0	1	2	2	4199	393	32	104112	17	8	85	0	0	0	0	0	0	0	0	0	0	0	0	0	0	
1736.278567	8	3	3	0	1	2	2	4199	379	32	104171	17	8	85	0	0	0	0	0	0	0	0	0	0	0	0	0	0	
1737.285117	8	3	3	0	1	2	2	4199	365	32	104231	17	8	85	0	0	0	0	0	0	0	0	0	0	0	0	0	0	
1738.290233	8	3	3	0	1	2	2	4199	351	32	104291	17	8	85	0	0	0	0	0	0	0	0	0	0	0	0	0	0	
1739.279517	8	3	3	0	1	2	2	4199	338	32	104351	17	8	85	0	0	0	0	0	0	0	0	0	0	0	0	0	0	
1740.286083	8	3	3	0	1	2	2	4198	326	32	104411	17	8	85	0	0	0	0	0	0	0	0	0	0	0	0	0	0	
1741.291200	8	3	3	0	1	2	2	4199	315	32	104472	17	8	85	0	0	0	0	0	0	0	0	0	0	0	0	0	0	
1742.277600	8	3	3	0	1	2	2	4198	302	32	104531	17	8	85	0	0	0	0	0	0	0	0	0	0	0	0	0	0	
1743.282717	8	3	3	0	1	2	2	4198	291	32	104591	17	8	85	0	0	0	0	0	0	0	0	0	0	0	0	0	0	
1744.287833	8	3	3	0	1	2	2	4198	281	32	104651	17	8	85	0	0	0	0	0	0	0	0	0	0	0	0	0	0	
1745.294400	8	3	3	0	1	2	2	4199	270	32	104712	17	8	85	0	0	0	0	0	0	0	0	0	0	0	0	0	0	
1746.280800	8	3	3	0	1	2	2	4198	260	32	104771	17	8	85	0	0	0	0	0	0	0	0	0	0	0	0	0	0	
1747.285917	8	3	3	0	1	2	2	4199	251	32	104831	17	8	85	0	0	0	0	0	0	0	0	0	0	0	0	0	0	
1748.291033	8	3	3	0	1	2	2	4198	242	32	104892	17	8	85	0	0	0	0	0	0	0	0	0	0	0	0	0	0	
1749.277433	8	3	3	0	1	2	2	4198	233	32	104951	17	8	85	0	0	0	0	0	0	0	0	0	0	0	0	0	0	
1750.282567	8	3	3	0	1	2	2	4199	224	32	105011	17	8	85	0	0	0	0	0	0	0	0	0	0	0	0	0	0	
1751.289117	8	3	3	0	1	2	2	4199	216	32	105071	17	8	85	0	0	0	0	0	0	0	0	0	0	0	0	0	0	
1752.294233	8	3	3	0	1	2	2	4198	209	32	105132	17	8	85	0	0	0	0	0	0	0	0	0	0	0	0	0	0	
1753.280633	8	3	3	0	1	2	2	4199	201	32	105191	17	8	85	0	0	0	0	0	0	0	0	0	0	0	0	0	0	
1754.285767	8	3	3	0	1	2	2	4199	195	32	105251	17	8	85	0	0	0	0	0	0	0	0	0	0	0	0	0	0	
1755.290883	8	3	3	0	1	2	2	4198	187	32	105311	17	8	85	0	0	0	0	0	0	0	0	0	0	0	0	0	0	
1756.277283	8	3	3	0	1	2	2	4198	179	32	105371	17	8	85	0	0	0	0	0	0	0	0	0	0	0	0	0	0	
1757.283833	8	3	3	0	1	2	2	4199	173	32	105431	17	8	85	0	0	0	0	0	0	0	0	0	0	0	0	0	0	
1758.288967	8	3	3	0	1	2	2	4199	167	32	105491	17	8	85	0	0	0	0	0	0	0	0	0	0	0	0	0	0	
1759.294083	8	3	3	0	1	2	2	4199	161	32	105552	17	8	85	0	0	0	0	0	0	0	0	0	0	0	0	0	0	
1760.280483	8	3	3	0	1	2	2	4198	155	32	105611	17	8	85	0	0	0	0	0	0	0	0	0	0	0	0	0	0	
1761.285600	8	3	3	0	1	2	2	4198	150	32	105671	17	8	85	0	0	0	0	0	0	0	0	0	0	0	0	0	0	
1762.292167	8	3	3	0	1	2	2	4198	143	32	105731	17	8	85	0	0	0	0	0	0	0	0	0	0	0	0	0	0	
1763.278567	8	3	3	0	1	2	2	4199	139	32	105791	17	8	85	0	0	0	0	0	0	0	0	0	0	0	0	0	0	
1764.283683	8	3	3	0	1	2	2	4199	134	32	105851	17	8	85	0	0	0	0	0	0	0	0	0	0	0	0	0	0	
1765.288800	8	3	3	0	1	2	2	4198	128	32	105911	17	8	85	0	0	0	0	0	0	0	0	0	0	0	0	0	0	
1766.293917	8	3	3	0	1	2	2	4198	124	32	105972	17	8	85	0	0	0	0	0	0	0	0	0	0	0	0	0	0	
1767.281767	8	3	3	0	1	2	2	4199	119	32	106031	17	8	85	0	0	0	0	0	0	0	0	0	0	0	0	0	0	
1768.286883	8	3	3	0	1	2	2	4198	114	32	106091	17	8	85	0	0	0	0	0	0	0	0	0	0	0	0	0	0	
1769.292000	8	3	3	0	1	2	2	4198	110	32	106151	17	8	85	0	0	0	0	0	0	0	0	0	0	0	0	0	0	
1770.278400	8	3	3	0	1	2	2	4198	107	32	106211	17	8	85	0	0	0	0	0	0	0	0	0	0	0	0	0	0	
1771.283517	8	3	3	0	1	2	2	4199	102	32	106271	17	8	85	0	0	0	0	0	0	0	0	0	0	0	0	0	0	
1772.290083	8	3	3	0	1	2	2	4199	100	32	106331	17	8	85	0	0	0	0	0	0	0	0	0	0	0	0	0	0	
1773.295200	8	3	3	0	1	2	2	4198	96	32	106392	17	8	85	0	0	0	0	0	0	0	0	0	0	0	0	0	0	
1774.281600	8	3	3	0	1	2	2	4198	92	32	106451	17	8	85	0	0	0	0	0	0	0	0	0	0	0	0	0	0	
1775.286717	8	3	3	0	1	2	2	4198	89	32	106511	17	8	85	0	0	0	0	0	0	0	0	0	0	0	0	0	0	
1776.291833	8	3	3	0	1	2	2	4198	86	32	106571	17	8	85	0	0	0	0	0	0	0	0	0	0	0	0	0	0	
1777.278233	8	3	3	0	1	2	2	4198	82	32	106631	17	8	85	0	0	0	0	0	0	0	0	0	0	0	0	0	0	
1778.284800	8	3	3	0	1	2	2	4198	79	32	106691	17	8	85	0	0	0	0	0	0	0	0	0	0	0	0	0	0	
1779.289917	8	3	3	0	1	2	2	4198	77	32	106751	17	8	85	0	0	0	0	0	0	0	0	0	0	0	0	0	0	
1780.295033	8	3	3	0	1	2	2	4198	74	32	106812	17	8	85	0	0	0	0	0	0	0	0	0	0	0	0	0	0	
1781.281433	8	3	3	0	1	2	2	4198	71	32	106871	17	8	85	0	0	0	0	0	0	0	0	0	0	0	0	0	0	
1782.286567	8	3	3	0	1	2	2	4198	69	32	106931	17	8	85	0	0	0	0	0	0	0	0	0	0	0	0	0	0	
1783.255683	8	6	3	0	2	7	1	4006	-771	32	106989	17	9	0	0	0	0	0	0	0	0	0	0	0	0	0	0	0	
1783.294567	8	6	3	0	2	7	1	3846	-1350	32	106992	17	9	0	0	0	0	0	0	0	0	0	0	0	0	0	0	0	
1784.280967	8	6	3	0	2	7	1	3776	-1349	32	107051	17	9	1	0	0	0	0	0	0	0	0	0	0	0	0	0	0	
1785.286083	8	6	3	0	2	7	1	3752	-1350	32	107111	17	9	3	0	0	0	0	0	0	0	0	0	0	0	0	0	0	
1786.292633	8	6	3	0	2	7	1	3727	-1350	32	107171	17	9	4	0	0	0	0	0	0	0	0	0	0	0	0	0	0	
1787.297767	8	6	3	0	2	7	1	3695	-1349	32	107232	17	9	6	0	0	0	0	0	0	0	0	0	0	0	0	0	0	
1788.284167	8	6	3	0	2	7	1	3676	-1350	32	107291	17	9	8	0	0	0	0	0	0	0	0	0	0	0	0	0	0	
1789.289283	8	6	3	0	2	7	1	3658	-1350	32	107351	17	9	9	0	0	0	0	0	0	0	0	0	0	0	0	0	0	
1790.294400	8	6	3	0	2	7	1	3646	-1350	32	107412	17	9	11	0	0	0	0	0	0	0	0	0	0	0	0	0	0	
1791.282233	8	6	3	0	2	7	1	3623	-1349	32	107471	17	9	13	0	0	0	0	0	0	0	0	0	0	0	0	0	0	
1792.287367	8	6	3	0	2	7	1	3617	-1350	32	107531	17	9	14	0	0	0	0	0	0	0	0	0	0	0	0	0	0	
1793.292483	8	6	3	0	2	7	1	3602	-1347	32	107591	17	9	16	0	0	0	0	0	0	0	0	0	0	0	0	0	0	
1794.297600	8	6	3	0	2	7	1	3587	-1350	32	107652	17	9	18	0	0	0	0	0	0	0	0	0	0	0	0	0	0	
1795.284000	8	6	3	0	2	7	1	3573	-1349	32	107711	17	9	19	0	0	0	0	0	0	0	0	0	0	0	0	0	0	
1796.290567	8	6	3	0	2	7	1	3558	-1350	32	107771	17	9	21	0	0	0	0	0	0	0	0	0	0	0	0	0	0	
1797.295683	8	6	3	0	2	7	1	3544	-1349	32	107832	17	9	23	0	0	0	0	0	0	0	0	0	0	0	0	0	0	
1798.282083	8	6	3	0	2	7	1	3529	-1349	32	107891	17	9	24	0	0	0	0	0	0	0	0	0	0	0	0	0	0	
1799.287200	8	6	3	0	2	7	1	3515	-1349	32	107951	17	9	26	0	0	0	0	0	0	0	0	0	0	0	0	0	0	
1800.292317	8	6	3	0	2	7	1	3503	-1349	32	108011	17	9	28	0	0	0	0	0	0	0	0	0	0	0	0	0	0	
1801.298883	8	6	3	0	2	7	1	3492	-1350	32	108072	17	9	29	0	0	0	0	0	0	0	0	0	0	0	0	0	0	
1802.285283	8	6	3	0	2	7	1	3479	-1349	32	108131	17	9	31	0	0	0	0	0	0	0	0	0	0	0	0	0	0	
1803.290400	8	6	3	0	2	7	1	3466	-1351	32	108191	17	9	33	0	0	0	0	0	0	0	0	0	0	0	0	0	0	
1804.295517	8	6	3	0	2	7	1	3454	-1348	32	108252	17	9	34	0	0	0	0	0	0	0	0	0	0	0	0	0	0	
1805.281917	8	6	3	0	2	7	1	3442	-1350	32	108311	17	9	36	0	0	0	0	0	0	0	0	0	0	0	0	0	0	
1806.287033	8	6	3	0	2	7	1	3429	-1352	32	108371	17	9	37	0	0	0	0	0	0	0	0	0	0	0	0	0	0	
1807.293600	8	6	3	0	2	7	1	3415	-1352	32	108431	17	9	39	0	0	0	0	0	0	0	0	0	0	0	0	0	0	
1808.298717	8	6	3	0	2	7	1	3402	-1351	32	108492	17	9	41	0	0	0	0	0	0	0	0	0	0	0	0	0	0	
1809.285117	8	6	3	0	2	7	1	3396	-1350	32	108551	17	9	42	0	0	0	0	0	0	0	0	0	0	0	0	0	0	
1810.290233	8	6	3	0	2	7	1	3388	-1349	32	108611	17	9	44	0	0	0	0	0	0	0	0	0	0	0	0	0	0	
1811.295367	8	6	3	0	2	7	1	3377	-1351	32	108672	17	9	46	0	0	0	0	0	0	0	0	0	0	0	0	0	0	
1812.281767	8	6	3	0	2	7	1	3368	-1350	32	108731	17	9	47	0	0	0	0	0	0	0	0	0	0	0	0	0	0	
1813.288317	8	6	3	0	2	7	1	3358	-1349	32	108791	17	9	49	0	0	0	0	0	0	0	0	0	0	0	0	0	0	
1814.293433	8	6	3	0	2	7	1	3347	-1349	32	108851	17	9	51	0	0	0	0	0	0	0	0	0	0	0	0	0	0	
1815.298567	8	6	3	0	2	7	1	3334	-1349	32	108912	17	9	52	0	0	0	0	0	0	0	0	0	0	0	0	0	0	
1816.284967	8	6	3	0	2	7	1	3333	-1349	32	108971	17	9	54	0	0	0	0	0	0	0	0	0	0	0	0	0	0	
1817.290083	8	6	3	0	2	7	1	3325	-1349	32	109031	17	9	56	0	0	0	0	0	0	0	0	0	0	0	0	0	0	
1818.296633	8	6	3	0	2	7	1	3314	-1349	32	109091	17	9	57	0	0	0	0	0	0	0	0	0	0	0	0	0	0	
1819.283033	8	6	3	0	2	7	1	3301	-1349	32	109151	17	9	59	0	0	0	0	0	0	0	0	0	0	0	0	0	0	
1820.288167	8	6	3	0	2	7	1	3331	-1350	32	109211	17	9	61	0	0	0	0	0	0	0	0	0	0	0	0	0	0	
1821.293283	8	6	3	0	2	7	1	3322	-1351	32	109271	17	9	62	0	0	0	0	0	0	0	0	0	0	0	0	0	0	
1822.298400	8	6	3	0	2	7	1	3314	-1350	32	109332	17	9	64	0	0	0	0	0	0	0	0	0	0	0	0	0	0	
1823.286233	8	6	3	0	2	7	1	3306	-1349	32	109391	17	9	66	0	0	0	0	0	0	0	0	0	0	0	0	0	0	
1824.291367	8	6	3	0	2	7	1	3297	-1348	32	109451	17	9	67	0	0	0	0	0	0	0	0	0	0	0	0	0	0	
1825.296483	8	6	3	0	2	7	1	3288	-1350	32	109511	17	9	69	0	0	0	0	0	0	0	0	0	0	0	0	0	0	
1826.282883	8	6	3	0	2	7	1	3278	-1350	32	109571	17	9	71	0	0	0	0	0	0	0	0	0	0	0	0	0	0	
1827.288000	8	6	3	0	2	7	1	3267	-1349	32	109631	17	9	72	0	0	0	0	0	0	0	0	0	0	0	0	0	0	
1828.293117	8	6	3	0	2	7	1	3255	-1350	32	109691	17	9	74	0	0	0	0	0	0	0	0	0	0	0	0	0	0	
1829.299683	8	6	3	0	2	7	1	3239	-1349	32	109752	17	9	76	0	0	0	0	0	0	0	0	0	0	0	0	0	0	
1830.286083	8	6	3	0	2	7	1	3219	-1348	32	109811	17	9	77	0	0	0	0	0	0	0	0	0	0	0	0	0	0	
1831.291200	8	6	3	0	2	7	1	3192	-1350	32	109871	17	9	79	0	0	0	0	0	0	0	0	0	0	0	0	0	0	
1832.296317	8	6	3	0	2	7	1	3155	-1349	32	109931	17	9	81	0	0	0	0	0	0	0	0	0	0	0	0	0	0	
1833.282717	8	6	3	0	2	7	1	3098	-1350	32	109991	17	9	82	0	0	0	0	0	0	0	0	0	0	0	0	0	0	
1834.289283	8	6	3	0	2	7	1	2990	-1349	32	110051	17	9	84	0	0	0	0	0	0	0	0	0	0	0	0	0	0	
1835.294400	8	6	3	0	2	7	1	2742	-1350	32	110111	17	9	86	0	0	0	0	0	0	0	0	0	0	0	0	0	0	
1835.451367	8	15	3	0	1	31	2	3171	342	32	110121	19	9	86	0	0	0	0	0	0	0	0	0	0	0	0	0	0	
1835.472967	8	3	3	0	1	2	2	3298	676	32	110122	19	9	86	0	0	0	0	0	0	0	0	0	0	0	0	0	0	
1836.283683	8	3	3	0	1	2	2	3578	674	32	110171	19	9	86	0	0	0	0	0	0	0	0	0	0	0	0	0	0	
1837.288800	8	3	3	0	1	2	2	3690	675	32	110231	19	9	86	0	0	0	0	0	0	0	0	0	0	0	0	0	0	
1838.295367	8	3	3	0	1	2	2	3761	674	32	110291	19	9	86	0	0	0	0	0	0	0	0	0	0	0	0	0	0	
1839.300483	8	3	3	0	1	2	2	3808	674	32	110352	19	9	86	0	0	0	0	0	0	0	0	0	0	0	0	0	0	
1840.286883	8	3	3	0	1	2	2	3842	675	32	110411	19	9	86	0	0	0	0	0	0	0	0	0	0	0	0	0	0	
1841.292000	8	3	3	0	1	2	2	3860	674	32	110471	19	9	86	0	0	0	0	0	0	0	0	0	0	0	0	0	0	
1842.297117	8	3	3	0	1	2	2	3871	674	32	110531	19	9	86	0	0	0	0	0	0	0	0	0	0	0	0	0	0	
1843.286400	8	3	3	0	1	2	2	3878	674	32	110591	19	9	86	0	0	0	0	0	0	0	0	0	0	0	0	0	0	
1844.291517	8	3	3	0	1	2	2	3886	674	32	110651	19	9	86	0	0	0	0	0	0	0	0	0	0	0	0	0	0	
1845.296633	8	3	3	0	1	2	2	3893	674	32	110711	19	9	86	0	0	0	0	0	0	0	0	0	0	0	0	0	0	
1846.283033	8	3	3	0	1	2	2	3896	675	32	110771	19	9	86	0	0	0	0	0	0	0	0	0	0	0	0	0	0	
1847.289600	8	3	3	0	1	2	2	3900	675	32	110831	19	9	86	0	0	0	0	0	0	0	0	0	0	0	0	0	0	
1848.294717	8	3	3	0	1	2	2	3903	674	32	110891	19	9	86	0	0	0	0	0	0	0	0	0	0	0	0	0	0	
1849.299833	8	3	3	0	1	2	2	3909	674	32	110952	19	9	86	0	0	0	0	0	0	0	0	0	0	0	0	0	0	
1850.286233	8	3	3	0	1	2	2	3914	675	32	111011	19	9	86	0	0	0	0	0	0	0	0	0	0	0	0	0	0	
1851.291367	8	3	3	0	1	2	2	3920	674	32	111071	19	9	86	0	0	0	0	0	0	0	0	0	0	0	0	0	0	
1852.296483	8	3	3	0	1	2	2	3926	675	32	111131	19	9	86	0	0	0	0	0	0	0	0	0	0	0	0	0	0	
1853.303033	8	3	3	0	1	2	2	3932	674	32	111192	19	9	86	0	0	0	0	0	0	0	0	0	0	0	0	0	0	
1854.289433	8	3	3	0	1	2	2	3939	674	32	111251	19	9	86	0	0	0	0	0	0	0	0	0	0	0	0	0	0	
1855.294567	8	3	3	0	1	2	2	3945	674	32	111311	19	9	86	0	0	0	0	0	0	0	0	0	0	0	0	0	0	
1856.299683	8	3	3	0	1	2	2	3952	674	32	111372	19	9	86	0	0	0	0	0	0	0	0	0	0	0	0	0	0	
1857.286083	8	3	3	0	1	2	2	3956	674	32	111431	19	9	86	0	0	0	0	0	0	0	0	0	0	0	0	0	0	
1858.292633	8	3	3	0	1	2	2	3962	675	32	111491	19	9	86	0	0	0	0	0	0	0	0	0	0	0	0	0	0	
1859.297767	8	3	3	0	1	2	2	3967	674	32	111551	19	9	86	0	0	0	0	0	0	0	0	0	0	0	0	0	0	
1860.302883	8	3	3	0	1	2	2	3971	675	32	111612	19	9	86	0	0	0	0	0	0	0	0	0	0	0	0	0	0	
1861.289283	8	3	3	0	1	2	2	3975	674	32	111671	19	9	86	0	0	0	0	0	0	0	0	0	0	0	0	0	0	
1862.294400	8	3	3	0	1	2	2	3978	675	32	111731	19	9	86	0	0	0	0	0	0	0	0	0	0	0	0	0	0	
1863.302400	8	3	3	0	1	2	2	3981	674	32	111792	19	9	86	0	0	0	0	0	0	0	0	0	0	0	0	0	0	
1864.288800	8	3	3	0	1	2	2	3984	674	32	111851	19	9	86	0	0	0	0	0	0	0	0	0	0	0	0	0	0	
1865.293917	8	3	3	0	1	2	2	3987	675	32	111911	19	9	86	0	0	0	0	0	0	0	0	0	0	0	0	0	0	
1866.300483	8	3	3	0	1	2	2	3990	674	32	111972	19	9	86	0	0	0	0	0	0	0	0	0	0	0	0	0	0	
1867.286883	8	3	3	0	1	2	2	3993	675	32	112031	19	9	86	0	0	0	0	0	0	0	0	0	0	0	0	0	0	
1868.292000	8	3	3	0	1	2	2	3997	675	32	112091	19	9	86	0	0	0	0	0	0	0	0	0	0	0	0	0	0	
1869.297117	8	3	3	0	1	2	2	4000	674	32	112151	19	9	86	0	0	0	0	0	0	0	0	0	0	0	0	0	0	
1870.302233	8	3	3	0	1	2	2	4002	673	32	112212	19	9	86	0	0	0	0	0	0	0	0	0	0	0	0	0	0	
1871.290083	8	3	3	0	1	2	2	4006	675	32	112271	19	9	86	0	0	0	0	0	0	0	0	0	0	0	0	0	0	
1872.295200	8	3	3	0	1	2	2	4009	675	32	112331	19	9	86	0	0	0	0	0	0	0	0	0	0	0	0	0	0	
1873.300317	8	3	3	0	1	2	2	4013	675	32	112392	19	9	86	0	0	0	0	0	0	0	0	0	0	0	0	0	0	
1874.286717	8	3	3	0	1	2	2	4015	674	32	112451	19	9	86	0	0	0	0	0	0	0	0	0	0	0	0	0	0	
1875.293283	8	3	3	0	1	2	2	4019	674	32	112511	19	9	86	0	0	0	0	0	0	0	0	0	0	0	0	0	0	
1876.298400	8	3	3	0	1	2	2	4022	674	32	112571	19	9	86	0	0	0	0	0	0	0	0	0	0	0	0	0	0	
1877.303517	8	3	3	0	1	2	2	4025	675	32	112632	19	9	86	0	0	0	0	0	0	0	0	0	0	0	0	0	0	
1878.289917	8	3	3	0	1	2	2	4029	675	32	112691	19	9	86	0	0	0	0	0	0	0	0	0	0	0	0	0	0	
1879.295033	8	3	3	0	1	2	2	4032	674	32	112751	19	9	86	0	0	0	0	0	0	0	0	0	0	0	0	0	0	
1880.301600	8	3	3	0	1	2	2	4035	673	32	112811	19	9	86	0	0	0	0	0	0	0	0	0	0	0	0	0	0	
1881.288000	8	3	3	0	1	2	2	4039	674	32	112871	19	9	86	0	0	0	0	0	0	0	0	0	0	0	0	0	0	
1882.293117	8	3	3	0	1	2	2	4042	675	32	112931	19	9	86	0	0	0	0	0	0	0	0	0	0	0	0	0	0	
1883.298233	8	3	3	0	1	2	2	4046	674	32	112991	19	9	86	0	0	0	0	0	0	0	0	0	0	0	0	0	0	
1884.303367	8	3	3	0	1	2	2	4050	675	32	113052	19	9	86	0	0	0	0	0	0	0	0	0	0	0	0	0	0	
1885.289767	8	3	3	0	1	2	2	4054	674	32	113111	19	9	86	0	0	0	0	0	0	0	0	0	0	0	0	0	0	
1886.296317	8	3	3	0	1	2	2	4058	675	32	113171	19	9	86	0	0	0	0	0	0	0	0	0	0	0	0	0	0	
1887.301433	8	3	3	0	1	2	2	4062	675	32	113231	19	9	86	0	0	0	0	0	0	0	0	0	0	0	0	0	0	
1888.287833	8	3	3	0	1	2	2	4066	675	32	113291	19	9	86	0	0	0	0	0	0	0	0	0	0	0	0	0	0	
1889.292967	8	3	3	0	1	2	2	4070	675	32	113351	19	9	86	0	0	0	0	0	0	0	0	0	0	0	0	0	0	
1890.298083	8	3	3	0	1	2	2	4075	675	32	113411	19	9	86	0	0	0	0	0	0	0	0	0	0	0	0	0	0	
1891.304633	8	3	3	0	1	2	2	4079	675	32	113472	19	9	86	0	0	0	0	0	0	0	0	0	0	0	0	0	0	
1892.291033	8	3	3	0	1	2	2	4084	675	32	113531	19	9	86	0	0	0	0	0	0	0	0	0	0	0	0	0	0	
1893.296167	8	3	3	0	1	2	2	4089	676	32	113591	19	9	86	0	0	0	0	0	0	0	0	0	0	0	0	0	0	
1894.301283	8	3	3	0	1	2	2	4093	675	32	113651	19	9	86	0	0	0	0	0	0	0	0	0	0	0	0	0	0	
1895.287683	8	3	3	0	1	2	2	4098	675	32	113711	19	9	86	0	0	0	0	0	0	0	0	0	0	0	0	0	0	
1896.292800	8	3	3	0	1	2	2	4102	674	32	113771	19	9	86	0	0	0	0	0	0	0	0	0	0	0	0	0	0	
1897.299367	8	3	3	0	1	2	2	4107	675	32	113831	19	9	86	0	0	0	0	0	0	0	0	0	0	0	0	0	0	
1898.304483	8	3	3	0	1	2	2	4113	674	32	113892	19	9	86	0	0	0	0	0	0	0	0	0	0	0	0	0	0	
1899.290883	8	3	3	0	1	2	2	4116	668	32	113951	19	9	86	0	0	0	0	0	0	0	0	0	0	0	0	0	0	
1900.296000	8	3	3	0	1	2	2	4119	663	32	114011	19	9	86	0	0	0	0	0	0	0	0	0	0	0	0	0	0	
1901.301117	8	3	3	0	1	2	2	4125	664	32	114071	19	9	86	0	0	0	0	0	0	0	0	0	0	0	0	0	0	
1902.287517	8	3	3	0	1	2	2	4129	661	32	114131	19	9	86	0	0	0	0	0	0	0	0	0	0	0	0	0	0	
1903.294083	8	3	3	0	1	2	2	4135	663	32	114191	19	9	86	0	0	0	0	0	0	0	0	0	0	0	0	0	0	
1904.299200	8	3	3	0	1	2	2	4141	663	32	114251	19	9	86	0	0	0	0	0	0	0	0	0	0	0	0	0	0	
1905.304317	8	3	3	0	1	2	2	4145	660	32	114312	19	9	86	0	0	0	0	0	0	0	0	0	0	0	0	0	0	
1906.290717	8	3	3	0	1	2	2	4151	659	32	114371	19	9	86	0	0	0	0	0	0	0	0	0	0	0	0	0	0	
1907.295833	8	3	3	0	1	2	2	4156	659	32	114431	19	9	86	0	0	0	0	0	0	0	0	0	0	0	0	0	0	
1908.302400	8	3	3	0	1	2	2	4162	658	32	114491	19	9	86	0	0	0	0	0	0	0	0	0	0	0	0	0	0	
1909.307517	8	3	3	0	1	2	2	4169	660	32	114552	19	9	86	0	0	0	0	0	0	0	0	0	0	0	0	0	0	
1910.293917	8	3	3	0	1	2	2	4173	655	32	114611	19	9	86	0	0	0	0	0	0	0	0	0	0	0	0	0	0	
1911.299033	8	3	3	0	1	2	2	4179	654	32	114671	19	9	86	0	0	0	0	0	0	0	0	0	0	0	0	0	0	
1912.304167	8	3	3	0	1	2	2	4185	653	32	114732	19	9	86	0	0	0	0	0	0	0	0	0	0	0	0	0	0	
1913.290567	8	3	3	0	1	2	2	4191	653	32	114791	19	9	86	0	0	0	0	0	0	0	0	0	0	0	0	0	0	
1914.297117	8	3	3	0	1	2	2	4197	652	32	114851	19	9	86	0	0	0	0	0	0	0	0	0	0	0	0	0	0	
1915.302233	8	3	3	0	1	2	2	4198	634	32	114911	19	9	86	0	0	0	0	0	0	0	0	0	0	0	0	0	0	
1916.307367	8	3	3	0	1	2	2	4199	613	32	114972	19	9	86	0	0	0	0	0	0	0	0	0	0	0	0	0	0	
1917.293767	8	3	3	0	1	2	2	4199	592	32	115031	19	9	86	0	0	0	0	0	0	0	0	0	0	0	0	0	0	
1918.298883	8	3	3	0	1	2	2	4199	572	32	115091	19	9	86	0	0	0	0	0	0	0	0	0	0	0	0	0	0	
1919.305433	8	3	3	0	1	2	2	4199	554	32	115152	19	9	86	0	0	0	0	0	0	0	0	0	0	0	0	0	0	
1920.291833	8	3	3	0	1	2	2	4199	534	32	115211	19	9	86	0	0	0	0	0	0	0	0	0	0	0	0	0	0	
1921.296967	8	3	3	0	1	2	2	4199	512	32	115271	19	9	86	0	0	0	0	0	0	0	0	0	0	0	0	0	0	
1922.302083	8	3	3	0	1	2	2	4199	487	32	115331	19	9	86	0	0	0	0	0	0	0	0	0	0	0	0	0	0	
1923.307200	8	3	3	0	1	2	2	4199	469	32	115392	19	9	86	0	0	0	0	0	0	0	0	0	0	0	0	0	0	
1924.295033	8	3	3	0	1	2	2	4199	454	32	115451	19	9	86	0	0	0	0	0	0	0	0	0	0	0	0	0	0	
1925.300167	8	3	3	0	1	2	2	4199	441	32	115511	19	9	86	0	0	0	0	0	0	0	0	0	0	0	0	0	0	
1926.305283	8	3	3	0	1	2	2	4199	423	32	115572	19	9	86	0	0	0	0	0	0	0	0	0	0	0	0	0	0	
1927.291683	8	3	3	0	1	2	2	4199	412	32	115631	19	9	86	0	0	0	0	0	0	0	0	0	0	0	0	0	0	
1928.296800	8	3	3	0	1	2	2	4199	394	32	115691	19	9	86	0	0	0	0	0	0	0	0	0	0	0	0	0	0	
1929.301917	8	3	3	0	1	2	2	4199	379	32	115751	19	9	86	0	0	0	0	0	0	0	0	0	0	0	0	0	0	
1930.308483	8	3	3	0	1	2	2	4199	369	32	115812	19	9	86	0	0	0	0	0	0	0	0	0	0	0	0	0	0	
1931.294883	8	3	3	0	1	2	2	4199	357	32	115871	19	9	86	0	0	0	0	0	0	0	0	0	0	0	0	0	0	
1932.302883	8	3	3	0	1	2	2	4199	348	32	115931	19	9	86	0	0	0	0	0	0	0	0	0	0	0	0	0	0	
1933.308000	8	3	3	0	1	2	2	4199	338	32	115992	19	9	86	0	0	0	0	0	0	0	0	0	0	0	0	0	0	
1934.294400	8	3	3	0	1	2	2	4199	329	32	116051	19	9	86	0	0	0	0	0	0	0	0	0	0	0	0	0	0	
1935.300967	8	3	3	0	1	2	2	4198	319	32	116111	19	9	86	0	0	0	0	0	0	0	0	0	0	0	0	0	0	
1936.306083	8	3	3	0	1	2	2	4198	309	32	116172	19	9	86	0	0	0	0	0	0	0	0	0	0	0	0	0	0	
1937.292483	8	3	3	0	1	2	2	4199	296	32	116231	19	9	86	0	0	0	0	0	0	0	0	0	0	0	0	0	0	
1938.301917	8	3	3	0	1	2	2	4198	286	32	116291	19	9	86	0	0	0	0	0	0	0	0	0	0	0	0	0	0	
1939.307033	8	3	3	0	1	2	2	4198	275	32	116352	19	9	86	0	0	0	0	0	0	0	0	0	0	0	0	0	0	
1940.293433	8	3	3	0	1	2	2	4198	265	32	116411	19	9	86	0	0	0	0	0	0	0	0	0	0	0	0	0	0	
1941.298567	8	3	3	0	1	2	2	4198	257	32	116471	19	9	86	0	0	0	0	0	0	0	0	0	0	0	0	0	0	
1942.303683	8	3	3	0	1	2	2	4198	248	32	116531	19	9	86	0	0	0	0	0	0	0	0	0	0	0	0	0	0	
1943.310233	8	3	3	0	1	2	2	4199	240	32	116592	19	9	86	0	0	0	0	0	0	0	0	0	0	0	0	0	0	
1944.296633	8	3	3	0	1	2	2	4199	231	32	116651	19	9	86	0	0	0	0	0	0	0	0	0	0	0	0	0	0	
1945.301767	8	3	3	0	1	2	2	4198	223	32	116711	19	9	86	0	0	0	0	0	0	0	0	0	0	0	0	0	0	
1946.306883	8	3	3	0	1	2	2	4198	215	32	116772	19	9	86	0	0	0	0	0	0	0	0	0	0	0	0	0	0	
1947.293283	8	3	3	0	1	2	2	4199	206	32	116831	19	9	86	0	0	0	0	0	0	0	0	0	0	0	0	0	0	
1948.298400	8	3	3	0	1	2	2	4198	200	32	116891	19	9	86	0	0	0	0	0	0	0	0	0	0	0	0	0	0	
1949.304967	8	3	3	0	1	2	2	4198	192	32	116951	19	9	86	0	0	0	0	0	0	0	0	0	0	0	0	0	0	
1950.310083	8	3	3	0	1	2	2	4199	185	32	117012	19	9	86	0	0	0	0	0	0	0	0	0	0	0	0	0	0	
1951.296483	8	3	3	0	1	2	2	4198	178	32	117071	19	9	86	0	0	0	0	0	0	0	0	0	0	0	0	0	0	
1952.301600	8	3	3	0	1	2	2	4198	173	32	117131	19	9	86	0	0	0	0	0	0	0	0	0	0	0	0	0	0	
1953.308167	8	3	3	0	1	2	2	4199	166	32	117192	19	9	86	0	0	0	0	0	0	0	0	0	0	0	0	0	0	
1954.294567	8	3	3	0	1	2	2	4199	161	32	117251	19	9	86	0	0	0	0	0	0	0	0	0	0	0	0	0	0	
1955.299683	8	3	3	0	1	2	2	4199	156	32	117311	19	9	86	0	0	0	0	0	0	0	0	0	0	0	0	0	0	
1956.304800	8	3	3	0	1	2	2	4199	151	32	117371	19	9	86	0	0	0	0	0	0	0	0	0	0	0	0	0	0	
1957.309917	8	3	3	0	1	2	2	4198	146	32	117432	19	9	86	0	0	0	0	0	0	0	0	0	0	0	0	0	0	
1958.296317	8	3	3	0	1	2	2	4198	141	32	117491	19	9	86	0	0	0	0	0	0	0	0	0	0	0	0	0	0	
1959.302883	8	3	3	0	1	2	2	4198	137	32	117551	19	9	86	0	0	0	0	0	0	0	0	0	0	0	0	0	0	
1960.308000	8	3	3	0	1	2	2	4198	131	32	117612	19	9	86	0	0	0	0	0	0	0	0	0	0	0	0	0	0	
1961.294400	8	3	3	0	1	2	2	4198	128	32	117671	19	9	86	0	0	0	0	0	0	0	0	0	0	0	0	0	0	
1962.299517	8	3	3	0	1	2	2	4198	123	32	117731	19	9	86	0	0	0	0	0	0	0	0	0	0	0	0	0	0	
1963.304633	8	3	3	0	1	2	2	4199	120	32	117791	19	9	86	0	0	0	0	0	0	0	0	0	0	0	0	0	0	
1964.309767	8	3	3	0	1	2	2	4198	115	32	117852	19	9	86	0	0	0	0	0	0	0	0	0	0	0	0	0	0	
1965.297600	8	3	3	0	1	2	2	4198	111	32	117911	19	9	86	0	0	0	0	0	0	0	0	0	0	0	0	0	0	
1966.302717	8	3	3	0	1	2	2	4199	109	32	117971	19	9	86	0	0	0	0	0	0	0	0	0	0	0	0	0	0	
1967.307833	8	3	3	0	1	2	2	4199	105	32	118031	19	9	86	0	0	0	0	0	0	0	0	0	0	0	0	0	0	
1968.294233	8	3	3	0	1	2	2	4198	102	32	118091	19	9	86	0	0	0	0	0	0	0	0	0	0	0	0	0	0	
1969.299367	8	3	3	0	1	2	2	4198	98	32	118151	19	9	86	0	0	0	0	0	0	0	0	0	0	0	0	0	0	
1970.305917	8	3	3	0	1	2	2	4198	93	32	118211	19	9	86	0	0	0	0	0	0	0	0	0	0	0	0	0	0	
1971.311033	8	3	3	0	1	2	2	4198	91	32	118272	19	9	86	0	0	0	0	0	0	0	0	0	0	0	0	0	0	
1972.297433	8	3	3	0	1	2	2	4198	88	32	118331	19	9	86	0	0	0	0	0	0	0	0	0	0	0	0	0	0	
1973.302567	8	3	3	0	1	2	2	4198	86	32	118391	19	9	86	0	0	0	0	0	0	0	0	0	0	0	0	0	0	
1974.307683	8	3	3	0	1	2	2	4198	83	32	118451	19	9	86	0	0	0	0	0	0	0	0	0	0	0	0	0	0	
1975.295517	8	3	3	0	1	2	2	4199	80	32	118511	19	9	86	0	0	0	0	0	0	0	0	0	0	0	0	0	0	
1976.300633	8	3	3	0	1	2	2	4198	78	32	118571	19	9	86	0	0	0	0	0	0	0	0	0	0	0	0	0	0	
1977.305767	8	3	3	0	1	2	2	4198	74	32	118631	19	9	86	0	0	0	0	0	0	0	0	0	0	0	0	0	0	
1978.310883	8	3	3	0	1	2	2	4198	72	32	118692	19	9	86	0	0	0	0	0	0	0	0	0	0	0	0	0	0	
1979.297283	8	3	3	0	1	2	2	4199	70	32	118751	19	9	86	0	0	0	0	0	0	0	0	0	0	0	0	0	0	
1980.303833	8	3	3	0	1	2	2	4198	68	32	118811	19	9	86	0	0	0	0	0	0	0	0	0	0	0	0	0	0	
1980.780483	8	6	3	0	2	7	1	3778	-1338	32	118840	19	10	0	0	0	0	0	0	0	0	0	0	0	0	0	0	0	
1981.310400	8	6	3	0	2	7	1	3771	-1349	32	118872	19	10	0	0	0	0	0	0	0	0	0	0	0	0	0	0	0	
1982.296800	8	6	3	0	2	7	1	3747	-1350	32	118931	19	10	2	0	0	0	0	0	0	0	0	0	0	0	0	0	0	
1983.301917	8	6	3	0	2	7	1	3731	-1350	32	118991	19	10	4	0	0	0	0	0	0	0	0	0	0	0	0	0	0	
1984.307033	8	6	3	0	2	7	1	3705	-1350	32	119051	19	10	5	0	0	0	0	0	0	0	0	0	0	0	0	0	0	
1985.313600	8	6	3	0	2	7	1	3688	-1349	32	119112	19	10	7	0	0	0	0	0	0	0	0	0	0	0	0	0	0	
1986.300000	8	6	3	0	2	7	1	3672	-1348	32	119171	19	10	9	0	0	0	0	0	0	0	0	0	0	0	0	0	0	
1987.305117	8	6	3	0	2	7	1	3654	-1349	32	119231	19	10	10	0	0	0	0	0	0	0	0	0	0	0	0	0	0	
1988.310233	8	6	3	0	2	7	1	3641	-1349	32	119292	19	10	12	0	0	0	0	0	0	0	0	0	0	0	0	0	0	
1989.296633	8	6	3	0	2	7	1	3627	-1350	32	119351	19	10	13	0	0	0	0	0	0	0	0	0	0	0	0	0	0	
1990.303200	8	6	3	0	2	7	1	3611	-1348	32	119411	19	10	15	0	0	0	0	0	0	0	0	0	0	0	0	0	0	
1991.308317	8	6	3	0	2	7	1	3593	-1349	32	119471	19	10	17	0	0	0	0	0	0	0	0	0	0	0	0	0	0	
1992.313433	8	6	3	0	2	7	1	3577	-1349	32	119532	19	10	18	0	0	0	0	0	0	0	0	0	0	0	0	0	0	
1993.299833	8	6	3	0	2	7	1	3558	-1349	32	119591	19	10	20	0	0	0	0	0	0	0	0	0	0	0	0	0	0	
1994.304967	8	6	3	0	2	7	1	3537	-1351	32	119651	19	10	22	0	0	0	0	0	0	0	0	0	0	0	0	0	0	
1995.310083	8	6	3	0	2	7	1	3501	-1349	32	119712	19	10	23	0	0	0	0	0	0	0	0	0	0	0	0	0	0	
1996.297917	8	6	3	0	2	7	1	3488	-1349	32	119771	19	10	25	0	0	0	0	0	0	0	0	0	0	0	0	0	0	
1997.303033	8	6	3	0	2	7	1	3468	-1351	32	119831	19	10	27	0	0	0	0	0	0	0	0	0	0	0	0	0	0	
1998.308167	8	6	3	0	2	7	1	3455	-1349	32	119891	19	10	28	0	0	0	0	0	0	0	0	0	0	0	0	0	0	
1999.313283	8	6	3	0	2	7	1	3420	-1350	32	119952	19	10	30	0	0	0	0	0	0	0	0	0	0	0	0	0	0	
2000.299683	8	6	3	0	2	7	1	3470	-1349	32	120011	19	10	32	0	0	0	0	0	0	0	0	0	0	0	0	0	0	
2001.306233	8	6	3	0	2	7	1	3442	-1349	32	120071	19	10	33	0	0	0	0	0	0	0	0	0	0	0	0	0	0	
2002.311367	8	6	3	0	2	7	1	3290	-1347	32	120132	19	10	35	0	0	0	0	0	0	0	0	0	0	0	0	0	0	
2003.297767	8	6	3	0	2	7	1	3470	-1351	32	120191	19	10	37	0	0	0	0	0	0	0	0	0	0	0	0	0	0	
2004.302883	8	6	3	0	2	7	1	3461	-1349	32	120251	19	10	38	0	0	0	0	0	0	0	0	0	0	0	0	0	0	
2005.308000	8	6	3	0	2	7	1	3439	-1350	32	120311	19	10	40	0	0	0	0	0	0	0	0	0	0	0	0	0	0	
2006.314567	8	6	3	0	2	7	1	3413	-1349	32	120372	19	10	42	0	0	0	0	0	0	0	0	0	0	0	0	0	0	
2007.300967	8	6	3	0	2	7	1	3400	-1349	32	120431	19	10	43	0	0	0	0	0	0	0	0	0	0	0	0	0	0	
2008.306083	8	6	3	0	2	7	1	3386	-1349	32	120491	19	10	45	0	0	0	0	0	0	0	0	0	0	0	0	0	0	
2009.311200	8	6	3	0	2	7	1	3373	-1349	32	120551	19	10	46	0	0	0	0	0	0	0	0	0	0	0	0	0	0	
2010.297600	8	6	3	0	2	7	1	3362	-1350	32	120611	19	10	48	0	0	0	0	0	0	0	0	0	0	0	0	0	0	
2011.302717	8	6	3	0	2	7	1	3353	-1349	32	120671	19	10	50	0	0	0	0	0	0	0	0	0	0	0	0	0	0	
2012.309283	8	6	3	0	2	7	1	3344	-1350	32	120731	19	10	51	0	0	0	0	0	0	0	0	0	0	0	0	0	0	
2013.314400	8	6	3	0	2	7	1	3336	-1350	32	120792	19	10	53	0	0	0	0	0	0	0	0	0	0	0	0	0	0	
2014.300800	8	6	3	0	2	7	1	3328	-1350	32	120851	19	10	55	0	0	0	0	0	0	0	0	0	0	0	0	0	0	
2015.305917	8	6	3	0	2	7	1	3321	-1349	32	120911	19	10	56	0	0	0	0	0	0	0	0	0	0	0	0	0	0	
2016.312483	8	6	3	0	2	7	1	3313	-1349	32	120971	19	10	58	0	0	0	0	0	0	0	0	0	0	0	0	0	0	
2017.298883	8	6	3	0	2	7	1	3306	-1351	32	121031	19	10	60	0	0	0	0	0	0	0	0	0	0	0	0	0	0	
2018.304000	8	6	3	0	2	7	1	3298	-1349	32	121091	19	10	61	0	0	0	0	0	0	0	0	0	0	0	0	0	0	
2019.309117	8	6	3	0	2	7	1	3291	-1350	32	121151	19	10	63	0	0	0	0	0	0	0	0	0	0	0	0	0	0	
2020.314233	8	6	3	0	2	7	1	3283	-1350	32	121212	19	10	65	0	0	0	0	0	0	0	0	0	0	0	0	0	0	
2021.302083	8	6	3	0	2	7	1	3275	-1350	32	121271	19	10	66	0	0	0	0	0	0	0	0	0	0	0	0	0	0	
2022.307200	8	6	3	0	2	7	1	3266	-1350	32	121331	19	10	68	0	0	0	0	0	0	0	0	0	0	0	0	0	0	
2023.312317	8	6	3	0	2	7	1	3256	-1350	32	121391	19	10	70	0	0	0	0	0	0	0	0	0	0	0	0	0	0	
2024.298717	8	6	3	0	2	7	1	3246	-1350	32	121451	19	10	71	0	0	0	0	0	0	0	0	0	0	0	0	0	0	
2025.303833	8	6	3	0	2	7	1	3234	-1349	32	121511	19	10	73	0	0	0	0	0	0	0	0	0	0	0	0	0	0	
2026.310400	8	6	3	0	2	7	1	3218	-1349	32	121571	19	10	75	0	0	0	0	0	0	0	0	0	0	0	0	0	0	
2027.315517	8	6	3	0	2	7	1	3198	-1349	32	121632	19	10	76	0	0	0	0	0	0	0	0	0	0	0	0	0	0	
2028.301917	8	6	3	0	2	7	1	3174	-1350	32	121691	19	10	78	0	0	0	0	0	0	0	0	0	0	0	0	0	0	
2029.307033	8	6	3	0	2	7	1	3141	-1348	32	121751	19	10	80	0	0	0	0	0	0	0	0	0	0	0	0	0	0	
2030.312167	8	6	3	0	2	7	1	3090	-1350	32	121811	19	10	81	0	0	0	0	0	0	0	0	0	0	0	0	0	0	
2031.298567	8	6	3	0	2	7	1	3004	-1349	32	121871	19	10	83	0	0	0	0	0	0	0	0	0	0	0	0	0	0	
2032.305117	8	6	3	0	2	7	1	2823	-1348	32	121931	19	10	85	0	0	0	0	0	0	0	0	0	0	0	0	0	0	
2032.706883	8	15	3	0	1	31	2	3030	39	32	121955	20	10	85	0	0	0	0	0	0	0	0	0	0	0	0	0	0	
2032.727033	8	3	3	0	1	2	2	3326	678	32	121956	21	10	85	0	0	0	0	0	0	0	0	0	0	0	0	0	0	
2033.313117	8	3	3	0	1	2	2	3559	673	32	121992	21	10	85	0	0	0	0	0	0	0	0	0	0	0	0	0	0	
2034.299517	8	3	3	0	1	2	2	3683	675	32	122051	21	10	85	0	0	0	0	0	0	0	0	0	0	0	0	0	0	
2035.304633	8	3	3	0	1	2	2	3741	674	32	122111	21	10	85	0	0	0	0	0	0	0	0	0	0	0	0	0	0	
2036.311200	8	3	3	0	1	2	2	3786	674	32	122171	21	10	85	0	0	0	0	0	0	0	0	0	0	0	0	0	0	
2037.316317	8	3	3	0	1	2	2	3818	674	32	122232	21	10	85	0	0	0	0	0	0	0	0	0	0	0	0	0	0	
2038.302717	8	3	3	0	1	2	2	3838	675	32	122291	21	10	85	0	0	0	0	0	0	0	0	0	0	0	0	0	0	
2039.307833	8	3	3	0	1	2	2	3848	674	32	122351	21	10	85	0	0	0	0	0	0	0	0	0	0	0	0	0	0	
2040.312967	8	3	3	0	1	2	2	3854	674	32	122411	21	10	85	0	0	0	0	0	0	0	0	0	0	0	0	0	0	
2041.299367	8	3	3	0	1	2	2	3861	673	32	122471	21	10	85	0	0	0	0	0	0	0	0	0	0	0	0	0	0	
2042.305917	8	3	3	0	1	2	2	3866	674	32	122531	21	10	85	0	0	0	0	0	0	0	0	0	0	0	0	0	0	
2043.311033	8	3	3	0	1	2	2	3873	674	32	122591	21	10	85	0	0	0	0	0	0	0	0	0	0	0	0	0	0	
2044.316167	8	3	3	0	1	2	2	3879	674	32	122652	21	10	85	0	0	0	0	0	0	0	0	0	0	0	0	0	0	
2045.302567	8	3	3	0	1	2	2	3884	675	32	122711	21	10	85	0	0	0	0	0	0	0	0	0	0	0	0	0	0	
2046.307683	8	3	3	0	1	2	2	3889	675	32	122771	21	10	85	0	0	0	0	0	0	0	0	0	0	0	0	0	0	
2047.314233	8	3	3	0	1	2	2	3895	673	32	122831	21	10	85	0	0	0	0	0	0	0	0	0	0	0	0	0	0	
2048.300633	8	3	3	0	1	2	2	3902	675	32	122891	21	10	85	0	0	0	0	0	0	0	0	0	0	0	0	0	0	
2049.305767	8	3	3	0	1	2	2	3908	674	32	122951	21	10	85	0	0	0	0	0	0	0	0	0	0	0	0	0	0	
2050.310883	8	3	3	0	1	2	2	3914	675	32	123011	21	10	85	0	0	0	0	0	0	0	0	0	0	0	0	0	0	
2051.316000	8	3	3	0	1	2	2	3921	675	32	123072	21	10	85	0	0	0	0	0	0	0	0	0	0	0	0	0	0	
2052.303833	8	3	3	0	1	2	2	3926	674	32	123131	21	10	85	0	0	0	0	0	0	0	0	0	0	0	0	0	0	
2053.308967	8	3	3	0	1	2	2	3932	674	32	123191	21	10	85	0	0	0	0	0	0	0	0	0	0	0	0	0	0	
2054.314083	8	3	3	0	1	2	2	3937	675	32	123251	21	10	85	0	0	0	0	0	0	0	0	0	0	0	0	0	0	
2055.300483	8	3	3	0	1	2	2	3942	674	32	123311	21	10	85	0	0	0	0	0	0	0	0	0	0	0	0	0	0	
2056.305600	8	3	3	0	1	2	2	3947	673	32	123371	21	10	85	0	0	0	0	0	0	0	0	0	0	0	0	0	0	
2057.312167	8	3	3	0	1	2	2	3951	673	32	123431	21	10	85	0	0	0	0	0	0	0	0	0	0	0	0	0	0	
2058.317283	8	3	3	0	1	2	2	3955	675	32	123492	21	10	85	0	0	0	0	0	0	0	0	0	0	0	0	0	0	
2059.303683	8	3	3	0	1	2	2	3958	674	32	123551	21	10	85	0	0	0	0	0	0	0	0	0	0	0	0	0	0	
2060.308800	8	3	3	0	1	2	2	3962	674	32	123611	21	10	85	0	0	0	0	0	0	0	0	0	0	0	0	0	0	
2061.315367	8	3	3	0	1	2	2	3965	674	32	123672	21	10	85	0	0	0	0	0	0	0	0	0	0	0	0	0	0	
2062.301767	8	3	3	0	1	2	2	3968	675	32	123731	21	10	85	0	0	0	0	0	0	0	0	0	0	0	0	0	0	
2063.308317	8	3	3	0	1	2	2	3971	674	32	123791	21	10	85	0	0	0	0	0	0	0	0	0	0	0	0	0	0	
2064.313433	8	3	3	0	1	2	2	3975	675	32	123851	21	10	85	0	0	0	0	0	0	0	0	0	0	0	0	0	0	
2065.318567	8	3	3	0	1	2	2	3978	675	32	123912	21	10	85	0	0	0	0	0	0	0	0	0	0	0	0	0	0	
2066.304967	8	3	3	0	1	2	2	3981	674	32	123971	21	10	85	0	0	0	0	0	0	0	0	0	0	0	0	0	0	
2067.312967	8	3	3	0	1	2	2	3984	675	32	124031	21	10	85	0	0	0	0	0	0	0	0	0	0	0	0	0	0	
2068.318083	8	3	3	0	1	2	2	3987	674	32	124092	21	10	85	0	0	0	0	0	0	0	0	0	0	0	0	0	0	
2069.304483	8	3	3	0	1	2	2	3990	674	32	124151	21	10	85	0	0	0	0	0	0	0	0	0	0	0	0	0	0	
2070.309600	8	3	3	0	1	2	2	3993	674	32	124211	21	10	85	0	0	0	0	0	0	0	0	0	0	0	0	0	0	
2071.314717	8	3	3	0	1	2	2	3996	674	32	124271	21	10	85	0	0	0	0	0	0	0	0	0	0	0	0	0	0	
2072.301117	8	3	3	0	1	2	2	4000	674	32	124331	21	10	85	0	0	0	0	0	0	0	0	0	0	0	0	0	0	
2073.307683	8	3	3	0	1	2	2	4003	674	32	124391	21	10	85	0	0	0	0	0	0	0	0	0	0	0	0	0	0	
2074.312800	8	3	3	0	1	2	2	4006	674	32	124451	21	10	85	0	0	0	0	0	0	0	0	0	0	0	0	0	0	
2075.317917	8	3	3	0	1	2	2	4010	674	32	124512	21	10	85	0	0	0	0	0	0	0	0	0	0	0	0	0	0	
2076.304317	8	3	3	0	1	2	2	4013	674	32	124571	21	10	85	0	0	0	0	0	0	0	0	0	0	0	0	0	0	
2077.309433	8	3	3	0	1	2	2	4017	674	32	124631	21	10	85	0	0	0	0	0	0	0	0	0	0	0	0	0	0	
2078.316000	8	3	3	0	1	2	2	4020	675	32	124691	21	10	85	0	0	0	0	0	0	0	0	0	0	0	0	0	0	
2079.302400	8	3	3	0	1	2	2	4024	675	32	124751	21	10	85	0	0	0	0	0	0	0	0	0	0	0	0	0	0	
2080.307517	8	3	3	0	1	2	2	4027	674	32	124811	21	10	85	0	0	0	0	0	0	0	0	0	0	0	0	0	0	
2081.312633	8	3	3	0	1	2	2	4031	675	32	124871	21	10	85	0	0	0	0	0	0	0	0	0	0	0	0	0	0	
2082.317767	8	3	3	0	1	2	2	4035	675	32	124932	21	10	85	0	0	0	0	0	0	0	0	0	0	0	0	0	0	
2083.304167	8	3	3	0	1	2	2	4039	675	32	124991	21	10	85	0	0	0	0	0	0	0	0	0	0	0	0	0	0	
2084.310717	8	3	3	0	1	2	2	4043	674	32	125051	21	10	85	0	0	0	0	0	0	0	0	0	0	0	0	0	0	
2085.315833	8	3	3	0	1	2	2	4047	675	32	125111	21	10	85	0	0	0	0	0	0	0	0	0	0	0	0	0	0	
2086.320967	8	3	3	0	1	2	2	4051	674	32	125172	21	10	85	0	0	0	0	0	0	0	0	0	0	0	0	0	0	
2087.307367	8	3	3	0	1	2	2	4055	674	32	125231	21	10	85	0	0	0	0	0	0	0	0	0	0	0	0	0	0	
2088.312483	8	3	3	0	1	2	2	4059	675	32	125291	21	10	85	0	0	0	0	0	0	0	0	0	0	0	0	0	0	
2089.319033	8	3	3	0	1	2	2	4064	675	32	125352	21	10	85	0	0	0	0	0	0	0	0	0	0	0	0	0	0	
2090.305433	8	3	3	0	1	2	2	4069	675	32	125411	21	10	85	0	0	0	0	0	0	0	0	0	0	0	0	0	0	
2091.310567	8	3	3	0	1	2	2	4073	676	32	125471	21	10	85	0	0	0	0	0	0	0	0	0	0	0	0	0	0	
2092.315683	8	3	3	0	1	2	2	4078	674	32	125531	21	10	85	0	0	0	0	0	0	0	0	0	0	0	0	0	0	
2093.322233	8	3	3	0	1	2	2	4083	674	32	125592	21	10	85	0	0	0	0	0	0	0	0	0	0	0	0	0	0	
2094.308633	8	3	3	0	1	2	2	4088	675	32	125651	21	10	85	0	0	0	0	0	0	0	0	0	0	0	0	0	0	
2095.313767	8	3	3	0	1	2	2	4093	675	32	125711	21	10	85	0	0	0	0	0	0	0	0	0	0	0	0	0	0	
2096.318883	8	3	3	0	1	2	2	4098	674	32	125772	21	10	85	0	0	0	0	0	0	0	0	0	0	0	0	0	0	
2097.305283	8	3	3	0	1	2	2	4103	675	32	125831	21	10	85	0	0	0	0	0	0	0	0	0	0	0	0	0	0	
2098.311833	8	3	3	0	1	2	2	4109	674	32	125891	21	10	85	0	0	0	0	0	0	0	0	0	0	0	0	0	0	
2099.316967	8	3	3	0	1	2	2	4114	675	32	125951	21	10	85	0	0	0	0	0	0	0	0	0	0	0	0	0	0	
2100.322083	8	3	3	0	1	2	2	4117	665	32	126012	21	10	85	0	0	0	0	0	0	0	0	0	0	0	0	0	0	
2101.308483	8	3	3	0	1	2	2	4122	664	32	126071	21	10	85	0	0	0	0	0	0	0	0	0	0	0	0	0	0	
2102.313600	8	3	3	0	1	2	2	4128	664	32	126131	21	10	85	0	0	0	0	0	0	0	0	0	0	0	0	0	0	
2103.318717	8	3	3	0	1	2	2	4133	664	32	126192	21	10	85	0	0	0	0	0	0	0	0	0	0	0	0	0	0	
2104.306567	8	3	3	0	1	2	2	4139	662	32	126251	21	10	85	0	0	0	0	0	0	0	0	0	0	0	0	0	0	
2105.311683	8	3	3	0	1	2	2	4145	663	32	126311	21	10	85	0	0	0	0	0	0	0	0	0	0	0	0	0	0	
2106.316800	8	3	3	0	1	2	2	4150	661	32	126371	21	10	85	0	0	0	0	0	0	0	0	0	0	0	0	0	0	
2107.321917	8	3	3	0	1	2	2	4155	658	32	126432	21	10	85	0	0	0	0	0	0	0	0	0	0	0	0	0	0	
2108.308317	8	3	3	0	1	2	2	4161	658	32	126491	21	10	85	0	0	0	0	0	0	0	0	0	0	0	0	0	0	
2109.313433	8	3	3	0	1	2	2	4168	657	32	126551	21	10	85	0	0	0	0	0	0	0	0	0	0	0	0	0	0	
2110.320000	8	3	3	0	1	2	2	4174	657	32	126612	21	10	85	0	0	0	0	0	0	0	0	0	0	0	0	0	0	
2111.306400	8	3	3	0	1	2	2	4180	658	32	126671	21	10	85	0	0	0	0	0	0	0	0	0	0	0	0	0	0	
2112.311517	8	3	3	0	1	2	2	4186	656	32	126731	21	10	85	0	0	0	0	0	0	0	0	0	0	0	0	0	0	
2113.316633	8	3	3	0	1	2	2	4193	654	32	126791	21	10	85	0	0	0	0	0	0	0	0	0	0	0	0	0	0	
2114.321767	8	3	3	0	1	2	2	4198	651	32	126852	21	10	85	0	0	0	0	0	0	0	0	0	0	0	0	0	0	
2115.309600	8	3	3	0	1	2	2	4199	626	32	126911	21	10	85	0	0	0	0	0	0	0	0	0	0	0	0	0	0	
2116.314717	8	3	3	0	1	2	2	4199	603	32	126971	21	10	85	0	0	0	0	0	0	0	0	0	0	0	0	0	0	
2117.319833	8	3	3	0	1	2	2	4199	580	32	127031	21	10	85	0	0	0	0	0	0	0	0	0	0	0	0	0	0	
2118.306233	8	3	3	0	1	2	2	4198	558	32	127091	21	10	85	0	0	0	0	0	0	0	0	0	0	0	0	0	0	
2119.311367	8	3	3	0	1	2	2	4199	536	32	127151	21	10	85	0	0	0	0	0	0	0	0	0	0	0	0	0	0	
2120.317917	8	3	3	0	1	2	2	4199	515	32	127211	21	10	85	0	0	0	0	0	0	0	0	0	0	0	0	0	0	
2121.323033	8	3	3	0	1	2	2	4199	495	32	127272	21	10	85	0	0	0	0	0	0	0	0	0	0	0	0	0	0	
2122.309433	8	3	3	0	1	2	2	4199	476	32	127331	21	10	85	0	0	0	0	0	0	0	0	0	0	0	0	0	0	
2123.314567	8	3	3	0	1	2	2	4198	458	32	127391	21	10	85	0	0	0	0	0	0	0	0	0	0	0	0	0	0	
2124.319683	8	3	3	0	1	2	2	4199	440	32	127451	21	10	85	0	0	0	0	0	0	0	0	0	0	0	0	0	0	
2125.306083	8	3	3	0	1	2	2	4199	423	32	127511	21	10	85	0	0	0	0	0	0	0	0	0	0	0	0	0	0	
2126.312633	8	3	3	0	1	2	2	4199	407	32	127571	21	10	85	0	0	0	0	0	0	0	0	0	0	0	0	0	0	
2127.317767	8	3	3	0	1	2	2	4199	390	32	127631	21	10	85	0	0	0	0	0	0	0	0	0	0	0	0	0	0	
2128.322883	8	3	3	0	1	2	2	4199	373	32	127692	21	10	85	0	0	0	0	0	0	0	0	0	0	0	0	0	0	
2129.309283	8	3	3	0	1	2	2	4199	358	32	127751	21	10	85	0	0	0	0	0	0	0	0	0	0	0	0	0	0	
2130.314400	8	3	3	0	1	2	2	4198	345	32	127811	21	10	85	0	0	0	0	0	0	0	0	0	0	0	0	0	0	
2131.319517	8	3	3	0	1	2	2	4199	332	32	127871	21	10	85	0	0	0	0	0	0	0	0	0	0	0	0	0	0	
2132.307367	8	3	3	0	1	2	2	4199	319	32	127931	21	10	85	0	0	0	0	0	0	0	0	0	0	0	0	0	0	
2133.312483	8	3	3	0	1	2	2	4199	308	32	127991	21	10	85	0	0	0	0	0	0	0	0	0	0	0	0	0	0	
2134.317600	8	3	3	0	1	2	2	4199	297	32	128051	21	10	85	0	0	0	0	0	0	0	0	0	0	0	0	0	0	
2135.322717	8	3	3	0	1	2	2	4199	285	32	128112	21	10	85	0	0	0	0	0	0	0	0	0	0	0	0	0	0	
2136.313433	8	3	3	0	1	2	2	4199	275	32	128171	21	10	85	0	0	0	0	0	0	0	0	0	0	0	0	0	0	
2137.318567	8	3	3	0	1	2	2	4199	264	32	128231	21	10	85	0	0	0	0	0	0	0	0	0	0	0	0	0	0	
2138.323683	8	3	3	0	1	2	2	4199	255	32	128292	21	10	85	0	0	0	0	0	0	0	0	0	0	0	0	0	0	
2139.310083	8	3	3	0	1	2	2	4199	246	32	128351	21	10	85	0	0	0	0	0	0	0	0	0	0	0	0	0	0	
2140.315200	8	3	3	0	1	2	2	4199	238	32	128411	21	10	85	0	0	0	0	0	0	0	0	0	0	0	0	0	0	
2141.321767	8	3	3	0	1	2	2	4198	229	32	128471	21	10	85	0	0	0	0	0	0	0	0	0	0	0	0	0	0	
2142.308167	8	3	3	0	1	2	2	4198	220	32	128531	21	10	85	0	0	0	0	0	0	0	0	0	0	0	0	0	0	
2143.313283	8	3	3	0	1	2	2	4199	212	32	128591	21	10	85	0	0	0	0	0	0	0	0	0	0	0	0	0	0	
2144.318400	8	3	3	0	1	2	2	4199	205	32	128651	21	10	85	0	0	0	0	0	0	0	0	0	0	0	0	0	0	
2145.323517	8	3	3	0	1	2	2	4199	196	32	128712	21	10	85	0	0	0	0	0	0	0	0	0	0	0	0	0	0	
2146.309917	8	3	3	0	1	2	2	4198	190	32	128771	21	10	85	0	0	0	0	0	0	0	0	0	0	0	0	0	0	
2147.316483	8	3	3	0	1	2	2	4199	182	32	128831	21	10	85	0	0	0	0	0	0	0	0	0	0	0	0	0	0	
2148.321600	8	3	3	0	1	2	2	4198	175	32	128891	21	10	85	0	0	0	0	0	0	0	0	0	0	0	0	0	0	
2149.308000	8	3	3	0	1	2	2	4199	169	32	128951	21	10	85	0	0	0	0	0	0	0	0	0	0	0	0	0	0	
2150.313117	8	3	3	0	1	2	2	4198	162	32	129011	21	10	85	0	0	0	0	0	0	0	0	0	0	0	0	0	0	
2151.318233	8	3	3	0	1	2	2	4199	156	32	129071	21	10	85	0	0	0	0	0	0	0	0	0	0	0	0	0	0	
2152.324800	8	3	3	0	1	2	2	4199	151	32	129132	21	10	85	0	0	0	0	0	0	0	0	0	0	0	0	0	0	
2153.311200	8	3	3	0	1	2	2	4198	145	32	129191	21	10	85	0	0	0	0	0	0	0	0	0	0	0	0	0	0	
2154.316317	8	3	3	0	1	2	2	4199	140	32	129251	21	10	85	0	0	0	0	0	0	0	0	0	0	0	0	0	0	
2155.324317	8	3	3	0	1	2	2	4198	135	32	129312	21	10	85	0	0	0	0	0	0	0	0	0	0	0	0	0	0	
2156.312167	8	3	3	0	1	2	2	4198	129	32	129371	21	10	85	0	0	0	0	0	0	0	0	0	0	0	0	0	0	
2157.317283	8	3	3	0	1	2	2	4198	125	32	129431	21	10	85	0	0	0	0	0	0	0	0	0	0	0	0	0	0	
2158.322400	8	3	3	0	1	2	2	4198	120	32	129491	21	10	85	0	0	0	0	0	0	0	0	0	0	0	0	0	0	
2159.308800	8	3	3	0	1	2	2	4199	115	32	129551	21	10	85	0	0	0	0	0	0	0	0	0	0	0	0	0	0	
2160.313917	8	3	3	0	1	2	2	4198	111	32	129611	21	10	85	0	0	0	0	0	0	0	0	0	0	0	0	0	0	
2161.320483	8	3	3	0	1	2	2	4199	108	32	129671	21	10	85	0	0	0	0	0	0	0	0	0	0	0	0	0	0	
2162.325600	8	3	3	0	1	2	2	4199	103	32	129732	21	10	85	0	0	0	0	0	0	0	0	0	0	0	0	0	0	
2163.312000	8	3	3	0	1	2	2	4198	99	32	129791	21	10	85	0	0	0	0	0	0	0	0	0	0	0	0	0	0	
2164.317117	8	3	3	0	1	2	2	4198	96	32	129851	21	10	85	0	0	0	0	0	0	0	0	0	0	0	0	0	0	
2165.322233	8	3	3	0	1	2	2	4199	93	32	129911	21	10	85	0	0	0	0	0	0	0	0	0	0	0	0	0	0	
2166.308633	8	3	3	0	1	2	2	4198	89	32	129971	21	10	85	0	0	0	0	0	0	0	0	0	0	0	0	0	0	
2167.315200	8	3	3	0	1	2	2	4199	87	32	130031	21	10	85	0	0	0	0	0	0	0	0	0	0	0	0	0	0	
2168.320317	8	3	3	0	1	2	2	4198	83	32	130091	21	10	85	0	0	0	0	0	0	0	0	0	0	0	0	0	0	
2169.325433	8	3	3	0	1	2	2	4199	80	32	130152	21	10	85	0	0	0	0	0	0	0	0	0	0	0	0	0	0	
2170.311833	8	3	3	0	1	2	2	4199	77	32	130211	21	10	85	0	0	0	0	0	0	0	0	0	0	0	0	0	0	
2171.316967	8	3	3	0	1	2	2	4198	73	32	130271	21	10	85	0	0	0	0	0	0	0	0	0	0	0	0	0	0	
2172.322083	8	3	3	0	1	2	2	4198	71	32	130331	21	10	85	0	0	0	0	0	0	0	0	0	0	0	0	0	0	
2173.309917	8	3	3	0	1	2	2	4198	69	32	130391	21	10	85	0	0	0	0	0	0	0	0	0	0	0	0	0	0	
2174.070233	8	6	3	0	2	7	1	4145	-224	32	130436	21	11	0	0	0	0	0	0	0	0	0	0	0	0	0	0	0	
2174.316483	8	6	3	0	2	7	1	3838	-1351	32	130451	21	11	0	0	0	0	0	0	0	0	0	0	0	0	0	0	0	
2175.321600	8	6	3	0	2	7	1	3792	-1350	32	130511	21	11	2	0	0	0	0	0	0	0	0	0	0	0	0	0	0	
2176.326717	8	6	3	0	2	7	1	3767	-1350	32	130572	21	11	3	0	0	0	0	0	0	0	0	0	0	0	0	0	0	
2177.314567	8	6	3	0	2	7	1	3750	-1350	32	130631	21	11	5	0	0	0	0	0	0	0	0	0	0	0	0	0	0	
2178.319683	8	6	3	0	2	7	1	3726	-1349	32	130691	21	11	6	0	0	0	0	0	0	0	0	0	0	0	0	0	0	
2179.324800	8	6	3	0	2	7	1	3697	-1350	32	130752	21	11	8	0	0	0	0	0	0	0	0	0	0	0	0	0	0	
2180.311200	8	6	3	0	2	7	1	3674	-1351	32	130811	21	11	10	0	0	0	0	0	0	0	0	0	0	0	0	0	0	
2181.316317	8	6	3	0	2	7	1	3656	-1349	32	130871	21	11	11	0	0	0	0	0	0	0	0	0	0	0	0	0	0	
2182.322883	8	6	3	0	2	7	1	3643	-1350	32	130931	21	11	13	0	0	0	0	0	0	0	0	0	0	0	0	0	0	
2183.328000	8	6	3	0	2	7	1	3623	-1350	32	130992	21	11	15	0	0	0	0	0	0	0	0	0	0	0	0	0	0	
2184.314400	8	6	3	0	2	7	1	3608	-1350	32	131051	21	11	16	0	0	0	0	0	0	0	0	0	0	0	0	0	0	
2185.319517	8	6	3	0	2	7	1	3592	-1350	32	131111	21	11	18	0	0	0	0	0	0	0	0	0	0	0	0	0	0	
2186.324633	8	6	3	0	2	7	1	3579	-1350	32	131171	21	11	20	0	0	0	0	0	0	0	0	0	0	0	0	0	0	
2187.311033	8	6	3	0	2	7	1	3559	-1351	32	131231	21	11	21	0	0	0	0	0	0	0	0	0	0	0	0	0	0	
2188.317600	8	6	3	0	2	7	1	3544	-1350	32	131291	21	11	23	0	0	0	0	0	0	0	0	0	0	0	0	0	0	
2189.322717	8	6	3	0	2	7	1	3535	-1348	32	131351	21	11	25	0	0	0	0	0	0	0	0	0	0	0	0	0	0	
2190.327833	8	6	3	0	2	7	1	3521	-1351	32	131412	21	11	26	0	0	0	0	0	0	0	0	0	0	0	0	0	0	
2191.314233	8	6	3	0	2	7	1	3505	-1350	32	131471	21	11	28	0	0	0	0	0	0	0	0	0	0	0	0	0	0	
2192.319367	8	6	3	0	2	7	1	3488	-1349	32	131531	21	11	30	0	0	0	0	0	0	0	0	0	0	0	0	0	0	
2193.325917	8	6	3	0	2	7	1	3485	-1349	32	131591	21	11	31	0	0	0	0	0	0	0	0	0	0	0	0	0	0	
2194.312317	8	6	3	0	2	7	1	3471	-1349	32	131651	21	11	33	0	0	0	0	0	0	0	0	0	0	0	0	0	0	
2195.317433	8	6	3	0	2	7	1	3458	-1350	32	131711	21	11	35	0	0	0	0	0	0	0	0	0	0	0	0	0	0	
2196.322567	8	6	3	0	2	7	1	3447	-1348	32	131771	21	11	36	0	0	0	0	0	0	0	0	0	0	0	0	0	0	
2197.327683	8	6	3	0	2	7	1	3436	-1349	32	131832	21	11	38	0	0	0	0	0	0	0	0	0	0	0	0	0	0	
2198.315517	8	6	3	0	2	7	1	3424	-1349	32	131891	21	11	40	0	0	0	0	0	0	0	0	0	0	0	0	0	0	
2199.320633	8	6	3	0	2	7	1	3414	-1349	32	131951	21	11	41	0	0	0	0	0	0	0	0	0	0	0	0	0	0	
2200.325767	8	6	3	0	2	7	1	3404	-1350	32	132011	21	11	43	0	0	0	0	0	0	0	0	0	0	0	0	0	0	
2201.312167	8	6	3	0	2	7	1	3397	-1349	32	132071	21	11	44	0	0	0	0	0	0	0	0	0	0	0	0	0	0	
2202.317283	8	6	3	0	2	7	1	3393	-1350	32	132131	21	11	46	0	0	0	0	0	0	0	0	0	0	0	0	0	0	
2203.322400	8	6	3	0	2	7	1	3385	-1349	32	132191	21	11	48	0	0	0	0	0	0	0	0	0	0	0	0	0	0	
2204.328967	8	6	3	0	2	7	1	3377	-1349	32	132252	21	11	49	0	0	0	0	0	0	0	0	0	0	0	0	0	0	
2205.315367	8	6	3	0	2	7	1	3369	-1350	32	132311	21	11	51	0	0	0	0	0	0	0	0	0	0	0	0	0	0	
2206.320483	8	6	3	0	2	7	1	3362	-1350	32	132371	21	11	53	0	0	0	0	0	0	0	0	0	0	0	0	0	0	
2207.325600	8	6	3	0	2	7	1	3355	-1350	32	132431	21	11	54	0	0	0	0	0	0	0	0	0	0	0	0	0	0	
2208.313433	8	6	3	0	2	7	1	3348	-1349	32	132491	21	11	56	0	0	0	0	0	0	0	0	0	0	0	0	0	0	
2209.318567	8	6	3	0	2	7	1	3341	-1349	32	132551	21	11	58	0	0	0	0	0	0	0	0	0	0	0	0	0	0	
2210.323683	8	6	3	0	2	7	1	3334	-1350	32	132611	21	11	59	0	0	0	0	0	0	0	0	0	0	0	0	0	0	
2211.328800	8	6	3	0	2	7	1	3328	-1348	32	132672	21	11	61	0	0	0	0	0	0	0	0	0	0	0	0	0	0	
2212.315200	8	6	3	0	2	7	1	3321	-1350	32	132731	21	11	63	0	0	0	0	0	0	0	0	0	0	0	0	0	0	
2213.321767	8	6	3	0	2	7	1	3314	-1350	32	132791	21	11	64	0	0	0	0	0	0	0	0	0	0	0	0	0	0	
2214.326883	8	6	3	0	2	7	1	3307	-1350	32	132851	21	11	66	0	0	0	0	0	0	0	0	0	0	0	0	0	0	
2215.313283	8	6	3	0	2	7	1	3299	-1351	32	132911	21	11	68	0	0	0	0	0	0	0	0	0	0	0	0	0	0	
2216.318400	8	6	3	0	2	7	1	3290	-1349	32	132971	21	11	69	0	0	0	0	0	0	0	0	0	0	0	0	0	0	
2217.323517	8	6	3	0	2	7	1	3281	-1348	32	133031	21	11	71	0	0	0	0	0	0	0	0	0	0	0	0	0	0	
2218.328633	8	6	3	0	2	7	1	3270	-1350	32	133092	21	11	73	0	0	0	0	0	0	0	0	0	0	0	0	0	0	
2219.315033	8	6	3	0	2	7	1	3257	-1349	32	133151	21	11	74	0	0	0	0	0	0	0	0	0	0	0	0	0	0	
2220.321600	8	6	3	0	2	7	1	3241	-1348	32	133211	21	11	76	0	0	0	0	0	0	0	0	0	0	0	0	0	0	
2221.326717	8	6	3	0	2	7	1	3219	-1349	32	133271	21	11	78	0	0	0	0	0	0	0	0	0	0	0	0	0	0	
2222.313117	8	6	3	0	2	7	1	3191	-1351	32	133331	21	11	79	0	0	0	0	0	0	0	0	0	0	0	0	0	0	
2223.318233	8	6	3	0	2	7	1	3150	-1350	32	133391	21	11	81	0	0	0	0	0	0	0	0	0	0	0	0	0	0	
2224.323367	8	6	3	0	2	7	1	3081	-1349	32	133451	21	11	83	0	0	0	0	0	0	0	0	0	0	0	0	0	0	
2225.329917	8	6	3	0	2	7	1	2951	-1348	32	133512	21	11	84	0	0	0	0	0	0	0	0	0	0	0	0	0	0	
2226.204000	10	0	5	0	0	15	0	2801	0	32	133564	21	11	86	0	0	0	0	0	0	0	0	0	0	0	0	0	0	
2226.214083	8	15	3	0	0	31	0	3057	0	32	133564	21	11	86	0	0	0	0	0	0	0	0	0	0	0	0	0	0	
