Time	Status code	Status category	Status color	Pgm code	Pgm step	Pgm para	Pgm cycle	mV	mA	Temperature	Duration	Charge count	Discharge count	Capacity	Analog input 1	Analog input 2	Analog input 3	Analog input 4	Digital input 1	Digital input 2	Digital input 3	Digital input 4	Digital output 1	Digital output 2	Digital output 3	Digital output 4	Analog output 1	Analog output 2	
0.000000	8	3	3	0	1	2	2	4078	679	23	3	1	0	0	0	0	0	0	0	0	0	0	0	0	0	0	0	0	
0.401767	8	3	3	0	1	2	2	3997	674	23	28	1	0	0	0	0	0	0	0	0	0	0	0	0	0	0	0	0	
1.396800	8	3	3	0	1	2	2	4121	674	23	87	1	0	0	0	0	0	0	0	0	0	0	0	0	0	0	0	0	
2.393283	8	3	3	0	1	2	2	4120	670	23	147	1	0	0	0	0	0	0	0	0	0	0	0	0	0	0	0	0	
3.388317	8	3	3	0	1	2	2	4152	665	23	207	1	0	0	0	0	0	0	0	0	0	0	0	0	0	0	0	0	
4.403517	8	3	3	0	1	2	2	4199	138	24	268	1	0	0	0	0	0	0	0	0	0	0	0	0	0	0	0	0	
5.398567	8	3	3	0	1	2	2	4199	139	25	327	1	0	0	0	0	0	0	0	0	0	0	0	0	0	0	0	0	
6.395033	8	3	3	0	1	2	2	4198	162	25	387	1	0	0	0	0	0	0	0	0	0	0	0	0	0	0	0	0	
7.390083	8	3	3	0	1	2	2	4198	210	26	447	1	0	0	0	0	0	0	0	0	0	0	0	0	0	0	0	0	
8.386567	8	3	3	0	1	2	2	4119	664	27	507	1	0	0	0	0	0	0	0	0	0	0	0	0	0	0	0	0	
9.401767	8	3	3	0	1	2	2	4199	625	27	567	1	0	0	0	0	0	0	0	0	0	0	0	0	0	0	0	0	
10.396800	8	3	3	0	1	2	2	4191	661	28	627	1	0	0	0	0	0	0	0	0	0	0	0	0	0	0	0	0	
11.393283	8	3	3	0	1	2	2	4198	585	28	687	1	0	0	0	0	0	0	0	0	0	0	0	0	0	0	0	0	
12.401283	8	3	3	0	1	2	2	4184	660	29	747	1	0	0	0	0	0	0	0	0	0	0	0	0	0	0	0	0	
13.387683	8	3	3	0	1	2	2	4139	667	29	807	1	0	0	0	0	0	0	0	0	0	0	0	0	0	0	0	0	
14.392800	8	3	3	0	1	2	2	4199	555	29	867	1	0	0	0	0	0	0	0	0	0	0	0	0	0	0	0	0	
15.397917	8	3	3	0	1	2	2	4193	658	30	927	1	0	0	0	0	0	0	0	0	0	0	0	0	0	0	0	0	
16.403033	8	3	3	0	1	2	2	4198	622	30	988	1	0	0	0	0	0	0	0	0	0	0	0	0	0	0	0	0	
17.389433	8	3	3	0	1	2	2	4188	659	29	1047	1	0	0	0	0	0	0	0	0	0	0	0	0	0	0	0	0	
18.396000	8	3	3	0	1	2	2	4185	660	29	1107	1	0	0	0	0	0	0	0	0	0	0	0	0	0	0	0	0	
19.401117	8	3	3	0	1	2	2	4200	654	30	1167	1	0	0	0	0	0	0	0	0	0	0	0	0	0	0	0	0	
20.387517	8	3	3	0	1	2	2	4181	660	30	1227	1	0	0	0	0	0	0	0	0	0	0	0	0	0	0	0	0	
21.392633	8	3	3	0	1	2	2	4186	659	30	1287	1	0	0	0	0	0	0	0	0	0	0	0	0	0	0	0	0	
22.397767	8	3	3	0	1	2	2	4174	659	30	1347	1	0	0	0	0	0	0	0	0	0	0	0	0	0	0	0	0	
23.402883	8	3	3	0	1	2	2	4198	658	31	1408	1	0	0	0	0	0	0	0	0	0	0	0	0	0	0	0	0	
24.390717	8	3	3	0	1	2	2	4198	624	31	1467	1	0	0	0	0	0	0	0	0	0	0	0	0	0	0	0	0	
25.395833	8	3	3	0	1	2	2	4199	594	31	1527	1	0	0	0	0	0	0	0	0	0	0	0	0	0	0	0	0	
26.400967	8	3	3	0	1	2	2	4199	580	31	1587	1	0	0	0	0	0	0	0	0	0	0	0	0	0	0	0	0	
27.406083	8	3	3	0	1	2	2	4198	579	31	1648	1	0	0	0	0	0	0	0	0	0	0	0	0	0	0	0	0	
28.392483	8	3	3	0	1	2	2	4198	578	31	1707	1	0	0	0	0	0	0	0	0	0	0	0	0	0	0	0	0	
29.397600	8	3	3	0	1	2	2	4199	555	32	1767	1	0	0	0	0	0	0	0	0	0	0	0	0	0	0	0	0	
30.404167	8	3	3	0	1	2	2	4198	529	32	1828	1	0	0	0	0	0	0	0	0	0	0	0	0	0	0	0	0	
31.390567	8	3	3	0	1	2	2	4198	526	32	1887	1	0	0	0	0	0	0	0	0	0	0	0	0	0	0	0	0	
32.395683	8	3	3	0	1	2	2	4199	548	32	1947	1	0	0	0	0	0	0	0	0	0	0	0	0	0	0	0	0	
33.400800	8	3	3	0	1	2	2	4198	550	32	2007	1	0	0	0	0	0	0	0	0	0	0	0	0	0	0	0	0	
34.407367	8	3	3	0	1	2	2	4199	550	32	2068	1	0	0	0	0	0	0	0	0	0	0	0	0	0	0	0	0	
35.393767	8	3	3	0	1	2	2	4199	539	32	2127	1	0	0	0	0	0	0	0	0	0	0	0	0	0	0	0	0	
36.398883	8	3	3	0	1	2	2	4199	544	32	2187	1	0	0	0	0	0	0	0	0	0	0	0	0	0	0	0	0	
37.404000	8	3	3	0	1	2	2	4199	530	32	2248	1	0	0	0	0	0	0	0	0	0	0	0	0	0	0	0	0	
38.390400	8	3	3	0	1	2	2	4199	532	32	2307	1	0	0	0	0	0	0	0	0	0	0	0	0	0	0	0	0	
39.395517	8	3	3	0	1	2	2	4199	519	32	2367	1	0	0	0	0	0	0	0	0	0	0	0	0	0	0	0	0	
40.402083	8	3	3	0	1	2	2	4199	520	32	2427	1	0	0	0	0	0	0	0	0	0	0	0	0	0	0	0	0	
41.407200	8	3	3	0	1	2	2	4198	515	32	2488	1	0	0	0	0	0	0	0	0	0	0	0	0	0	0	0	0	
42.393600	8	3	3	0	1	2	2	4198	522	32	2547	1	0	0	0	0	0	0	0	0	0	0	0	0	0	0	0	0	
43.398717	8	3	3	0	1	2	2	4199	523	32	2607	1	0	0	0	0	0	0	0	0	0	0	0	0	0	0	0	0	
44.403833	8	3	3	0	1	2	2	4198	504	32	2668	1	0	0	0	0	0	0	0	0	0	0	0	0	0	0	0	0	
45.391683	8	3	3	0	1	2	2	4198	475	32	2727	1	0	0	0	0	0	0	0	0	0	0	0	0	0	0	0	0	
46.396800	8	3	3	0	1	2	2	4198	471	32	2787	1	0	0	0	0	0	0	0	0	0	0	0	0	0	0	0	0	
47.401917	8	3	3	0	1	2	2	4199	476	33	2847	1	0	0	0	0	0	0	0	0	0	0	0	0	0	0	0	0	
48.407033	8	3	3	0	1	2	2	4199	493	33	2908	1	0	0	0	0	0	0	0	0	0	0	0	0	0	0	0	0	
49.393433	8	3	3	0	1	2	2	4199	497	33	2967	1	0	0	0	0	0	0	0	0	0	0	0	0	0	0	0	0	
50.398567	8	3	3	0	1	2	2	4199	503	33	3027	1	0	0	0	0	0	0	0	0	0	0	0	0	0	0	0	0	
51.405117	8	3	3	0	1	2	2	4199	512	33	3088	1	0	0	0	0	0	0	0	0	0	0	0	0	0	0	0	0	
52.391517	8	3	3	0	1	2	2	4199	511	33	3147	1	0	0	0	0	0	0	0	0	0	0	0	0	0	0	0	0	
53.396633	8	3	3	0	1	2	2	4199	510	33	3207	1	0	0	0	0	0	0	0	0	0	0	0	0	0	0	0	0	
54.401767	8	3	3	0	1	2	2	4198	512	33	3267	1	0	0	0	0	0	0	0	0	0	0	0	0	0	0	0	0	
55.406883	8	3	3	0	1	2	2	4199	511	33	3328	1	0	0	0	0	0	0	0	0	0	0	0	0	0	0	0	0	
56.394717	8	3	3	0	1	2	2	4198	508	33	3387	1	0	0	0	0	0	0	0	0	0	0	0	0	0	0	0	0	
57.399833	8	3	3	0	1	2	2	4199	501	33	3447	1	0	0	0	0	0	0	0	0	0	0	0	0	0	0	0	0	
58.404967	8	3	3	0	1	2	2	4199	490	33	3507	1	0	0	0	0	0	0	0	0	0	0	0	0	0	0	0	0	
59.391367	8	3	3	0	1	2	2	4198	485	33	3567	1	0	0	0	0	0	0	0	0	0	0	0	0	0	0	0	0	
60.396483	8	3	3	0	1	2	2	4198	486	33	3627	1	0	0	0	0	0	0	0	0	0	0	0	0	0	0	0	0	
61.401600	8	3	3	0	1	2	2	4198	488	33	3687	1	0	0	0	0	0	0	0	0	0	0	0	0	0	0	0	0	
62.408167	8	3	3	0	1	2	2	4198	487	33	3748	1	0	0	0	0	0	0	0	0	0	0	0	0	0	0	0	0	
63.394567	8	3	3	0	1	2	2	4198	487	33	3807	1	0	0	0	0	0	0	0	0	0	0	0	0	0	0	0	0	
64.399683	8	3	3	0	1	2	2	4198	471	32	3867	1	0	0	0	0	0	0	0	0	0	0	0	0	0	0	0	0	
65.404800	8	3	3	0	1	2	2	4198	460	32	3927	1	0	0	0	0	0	0	0	0	0	0	0	0	0	0	0	0	
66.391200	8	3	3	0	1	2	2	4199	463	33	3987	1	0	0	0	0	0	0	0	0	0	0	0	0	0	0	0	0	
67.396317	8	3	3	0	1	2	2	4198	450	33	4047	1	0	0	0	0	0	0	0	0	0	0	0	0	0	0	0	0	
68.402883	8	3	3	0	1	2	2	4199	460	33	4107	1	0	0	0	0	0	0	0	0	0	0	0	0	0	0	0	0	
69.408000	8	3	3	0	1	2	2	4199	458	32	4168	1	0	0	0	0	0	0	0	0	0	0	0	0	0	0	0	0	
70.394400	8	3	3	0	1	2	2	4198	451	32	4227	1	0	0	0	0	0	0	0	0	0	0	0	0	0	0	0	0	
71.399517	8	3	3	0	1	2	2	4198	445	32	4287	1	0	0	0	0	0	0	0	0	0	0	0	0	0	0	0	0	
72.404633	8	3	3	0	1	2	2	4198	446	32	4347	1	0	0	0	0	0	0	0	0	0	0	0	0	0	0	0	0	
73.391033	8	3	3	0	1	2	2	4198	441	32	4407	1	0	0	0	0	0	0	0	0	0	0	0	0	0	0	0	0	
74.397600	8	3	3	0	1	2	2	4198	434	32	4467	1	0	0	0	0	0	0	0	0	0	0	0	0	0	0	0	0	
75.402717	8	3	3	0	1	2	2	4198	431	32	4527	1	0	0	0	0	0	0	0	0	0	0	0	0	0	0	0	0	
76.407833	8	3	3	0	1	2	2	4199	431	32	4588	1	0	0	0	0	0	0	0	0	0	0	0	0	0	0	0	0	
77.394233	8	3	3	0	1	2	2	4199	414	32	4647	1	0	0	0	0	0	0	0	0	0	0	0	0	0	0	0	0	
78.400800	8	3	3	0	1	2	2	4198	387	32	4707	1	0	0	0	0	0	0	0	0	0	0	0	0	0	0	0	0	
79.405917	8	3	3	0	1	2	2	4198	379	32	4767	1	0	0	0	0	0	0	0	0	0	0	0	0	0	0	0	0	
80.392317	8	3	3	0	1	2	2	4199	345	32	4827	1	0	0	0	0	0	0	0	0	0	0	0	0	0	0	0	0	
81.397433	8	3	3	0	1	2	2	4198	321	32	4887	1	0	0	0	0	0	0	0	0	0	0	0	0	0	0	0	0	
82.402567	8	3	3	0	1	2	2	4198	254	32	4947	1	0	0	0	0	0	0	0	0	0	0	0	0	0	0	0	0	
83.407683	8	3	3	0	1	2	2	4199	159	32	5008	1	0	0	0	0	0	0	0	0	0	0	0	0	0	0	0	0	
84.395517	8	3	3	0	1	2	2	4199	144	32	5067	1	0	0	0	0	0	0	0	0	0	0	0	0	0	0	0	0	
85.400633	8	3	3	0	1	2	2	4199	155	32	5127	1	0	0	0	0	0	0	0	0	0	0	0	0	0	0	0	0	
86.405767	8	3	3	0	1	2	2	4198	203	32	5187	1	0	0	0	0	0	0	0	0	0	0	0	0	0	0	0	0	
87.410883	8	3	3	0	1	2	2	4198	248	32	5248	1	0	0	0	0	0	0	0	0	0	0	0	0	0	0	0	0	
88.397283	8	3	3	0	1	2	2	4198	277	32	5307	1	0	0	0	0	0	0	0	0	0	0	0	0	0	0	0	0	
89.402400	8	3	3	0	1	2	2	4198	321	32	5367	1	0	0	0	0	0	0	0	0	0	0	0	0	0	0	0	0	
90.408967	8	3	3	0	1	2	2	4199	321	32	5428	1	0	0	0	0	0	0	0	0	0	0	0	0	0	0	0	0	
91.395367	8	3	3	0	1	2	2	4198	335	32	5487	1	0	0	0	0	0	0	0	0	0	0	0	0	0	0	0	0	
92.400483	8	3	3	0	1	2	2	4198	344	32	5547	1	0	0	0	0	0	0	0	0	0	0	0	0	0	0	0	0	
93.405600	8	3	3	0	1	2	2	4199	343	32	5607	1	0	0	0	0	0	0	0	0	0	0	0	0	0	0	0	0	
94.412167	8	3	3	0	1	2	2	4199	336	32	5668	1	0	0	0	0	0	0	0	0	0	0	0	0	0	0	0	0	
95.398567	8	3	3	0	1	2	2	4198	334	32	5727	1	0	0	0	0	0	0	0	0	0	0	0	0	0	0	0	0	
96.403683	8	3	3	0	1	2	2	4198	338	32	5787	1	0	0	0	0	0	0	0	0	0	0	0	0	0	0	0	0	
97.408800	8	3	3	0	1	2	2	4198	330	32	5848	1	0	0	0	0	0	0	0	0	0	0	0	0	0	0	0	0	
98.395200	8	3	3	0	1	2	2	4199	326	32	5907	1	0	0	0	0	0	0	0	0	0	0	0	0	0	0	0	0	
99.400317	8	3	3	0	1	2	2	4198	310	32	5967	1	0	0	0	0	0	0	0	0	0	0	0	0	0	0	0	0	
100.406883	8	3	3	0	1	2	2	4199	295	32	6027	1	0	0	0	0	0	0	0	0	0	0	0	0	0	0	0	0	
101.412000	8	3	3	0	1	2	2	4199	286	32	6088	1	0	0	0	0	0	0	0	0	0	0	0	0	0	0	0	0	
102.398400	8	3	3	0	1	2	2	4199	256	32	6147	1	0	0	0	0	0	0	0	0	0	0	0	0	0	0	0	0	
103.403517	8	3	3	0	1	2	2	4198	241	32	6207	1	0	0	0	0	0	0	0	0	0	0	0	0	0	0	0	0	
104.408633	8	3	3	0	1	2	2	4199	290	32	6268	1	0	0	0	0	0	0	0	0	0	0	0	0	0	0	0	0	
105.395033	8	3	3	0	1	2	2	4199	302	32	6327	1	0	0	0	0	0	0	0	0	0	0	0	0	0	0	0	0	
106.401600	8	3	3	0	1	2	2	4199	300	32	6387	1	0	0	0	0	0	0	0	0	0	0	0	0	0	0	0	0	
107.406717	8	3	3	0	1	2	2	4198	290	32	6447	1	0	0	0	0	0	0	0	0	0	0	0	0	0	0	0	0	
108.411833	8	3	3	0	1	2	2	4198	275	32	6508	1	0	0	0	0	0	0	0	0	0	0	0	0	0	0	0	0	
109.398233	8	3	3	0	1	2	2	4198	231	32	6567	1	0	0	0	0	0	0	0	0	0	0	0	0	0	0	0	0	
110.403367	8	3	3	0	1	2	2	4199	226	32	6627	1	0	0	0	0	0	0	0	0	0	0	0	0	0	0	0	0	
111.409917	8	3	3	0	1	2	2	4199	237	32	6688	1	0	0	0	0	0	0	0	0	0	0	0	0	0	0	0	0	
112.396317	8	3	3	0	1	2	2	4198	257	32	6747	1	0	0	0	0	0	0	0	0	0	0	0	0	0	0	0	0	
113.401433	8	3	3	0	1	2	2	4199	239	32	6807	1	0	0	0	0	0	0	0	0	0	0	0	0	0	0	0	0	
114.406567	8	3	3	0	1	2	2	4199	234	32	6867	1	0	0	0	0	0	0	0	0	0	0	0	0	0	0	0	0	
115.411683	8	3	3	0	1	2	2	4198	231	32	6928	1	0	0	0	0	0	0	0	0	0	0	0	0	0	0	0	0	
116.398083	8	3	3	0	1	2	2	4199	249	32	6987	1	0	0	0	0	0	0	0	0	0	0	0	0	0	0	0	0	
117.404633	8	3	3	0	1	2	2	4199	246	32	7047	1	0	0	0	0	0	0	0	0	0	0	0	0	0	0	0	0	
118.409767	8	3	3	0	1	2	2	4198	217	32	7107	1	0	0	0	0	0	0	0	0	0	0	0	0	0	0	0	0	
119.396167	8	3	3	0	1	2	2	4198	205	32	7167	1	0	0	0	0	0	0	0	0	0	0	0	0	0	0	0	0	
120.401283	8	3	3	0	1	2	2	4198	194	32	7227	1	0	0	0	0	0	0	0	0	0	0	0	0	0	0	0	0	
121.406400	8	3	3	0	1	2	2	4198	208	32	7287	1	0	0	0	0	0	0	0	0	0	0	0	0	0	0	0	0	
122.412967	8	3	3	0	1	2	2	4198	222	32	7348	1	0	0	0	0	0	0	0	0	0	0	0	0	0	0	0	0	
123.399367	8	3	3	0	1	2	2	4199	213	32	7407	1	0	0	0	0	0	0	0	0	0	0	0	0	0	0	0	0	
124.404483	8	3	3	0	1	2	2	4199	205	32	7467	1	0	0	0	0	0	0	0	0	0	0	0	0	0	0	0	0	
125.409600	8	3	3	0	1	2	2	4199	187	32	7527	1	0	0	0	0	0	0	0	0	0	0	0	0	0	0	0	0	
126.396000	8	3	3	0	1	2	2	4199	187	32	7587	1	0	0	0	0	0	0	0	0	0	0	0	0	0	0	0	0	
127.401117	8	3	3	0	1	2	2	4198	192	32	7647	1	0	0	0	0	0	0	0	0	0	0	0	0	0	0	0	0	
128.407683	8	3	3	0	1	2	2	4198	218	32	7707	1	0	0	0	0	0	0	0	0	0	0	0	0	0	0	0	0	
129.412800	8	3	3	0	1	2	2	4198	223	32	7768	1	0	0	0	0	0	0	0	0	0	0	0	0	0	0	0	0	
130.399200	8	3	3	0	1	2	2	4198	227	32	7827	1	0	0	0	0	0	0	0	0	0	0	0	0	0	0	0	0	
131.404317	8	3	3	0	1	2	2	4199	232	32	7887	1	0	0	0	0	0	0	0	0	0	0	0	0	0	0	0	0	
132.409433	8	3	3	0	1	2	2	4198	222	32	7947	1	0	0	0	0	0	0	0	0	0	0	0	0	0	0	0	0	
133.395833	8	3	3	0	1	2	2	4198	214	32	8007	1	0	0	0	0	0	0	0	0	0	0	0	0	0	0	0	0	
134.402400	8	3	3	0	1	2	2	4198	201	32	8067	1	0	0	0	0	0	0	0	0	0	0	0	0	0	0	0	0	
135.407517	8	3	3	0	1	2	2	4198	196	32	8127	1	0	0	0	0	0	0	0	0	0	0	0	0	0	0	0	0	
136.412633	8	3	3	0	1	2	2	4198	185	32	8188	1	0	0	0	0	0	0	0	0	0	0	0	0	0	0	0	0	
137.399033	8	3	3	0	1	2	2	4198	179	32	8247	1	0	0	0	0	0	0	0	0	0	0	0	0	0	0	0	0	
138.404167	8	3	3	0	1	2	2	4198	186	32	8307	1	0	0	0	0	0	0	0	0	0	0	0	0	0	0	0	0	
139.409283	8	3	3	0	1	2	2	4199	187	32	8367	1	0	0	0	0	0	0	0	0	0	0	0	0	0	0	0	0	
140.397117	8	3	3	0	1	2	2	4198	183	32	8427	1	0	0	0	0	0	0	0	0	0	0	0	0	0	0	0	0	
141.402233	8	3	3	0	1	2	2	4199	181	32	8487	1	0	0	0	0	0	0	0	0	0	0	0	0	0	0	0	0	
142.407367	8	3	3	0	1	2	2	4198	177	32	8547	1	0	0	0	0	0	0	0	0	0	0	0	0	0	0	0	0	
143.412483	8	3	3	0	1	2	2	4198	179	32	8608	1	0	0	0	0	0	0	0	0	0	0	0	0	0	0	0	0	
144.398883	8	3	3	0	1	2	2	4198	181	32	8667	1	0	0	0	0	0	0	0	0	0	0	0	0	0	0	0	0	
145.405433	8	3	3	0	1	2	2	4199	181	32	8727	1	0	0	0	0	0	0	0	0	0	0	0	0	0	0	0	0	
146.410567	8	3	3	0	1	2	2	4199	188	32	8787	1	0	0	0	0	0	0	0	0	0	0	0	0	0	0	0	0	
147.415683	8	3	3	0	1	2	2	4199	190	32	8848	1	0	0	0	0	0	0	0	0	0	0	0	0	0	0	0	0	
148.402083	8	3	3	0	1	2	2	4198	192	32	8907	1	0	0	0	0	0	0	0	0	0	0	0	0	0	0	0	0	
149.407200	8	3	3	0	1	2	2	4198	194	32	8967	1	0	0	0	0	0	0	0	0	0	0	0	0	0	0	0	0	
150.413767	8	3	3	0	1	2	2	4198	198	32	9028	1	0	0	0	0	0	0	0	0	0	0	0	0	0	0	0	0	
151.400167	8	3	3	0	1	2	2	4199	195	32	9087	1	0	0	0	0	0	0	0	0	0	0	0	0	0	0	0	0	
152.405283	8	3	3	0	1	2	2	4198	188	32	9147	1	0	0	0	0	0	0	0	0	0	0	0	0	0	0	0	0	
153.410400	8	3	3	0	1	2	2	4198	183	32	9207	1	0	0	0	0	0	0	0	0	0	0	0	0	0	0	0	0	
154.415517	8	3	3	0	1	2	2	4198	174	32	9268	1	0	0	0	0	0	0	0	0	0	0	0	0	0	0	0	0	
155.401917	8	3	3	0	1	2	2	4199	169	32	9327	1	0	0	0	0	0	0	0	0	0	0	0	0	0	0	0	0	
156.408483	8	3	3	0	1	2	2	4198	162	32	9387	1	0	0	0	0	0	0	0	0	0	0	0	0	0	0	0	0	
157.413600	8	3	3	0	1	2	2	4198	157	32	9448	1	0	0	0	0	0	0	0	0	0	0	0	0	0	0	0	0	
158.400000	8	3	3	0	1	2	2	4199	157	32	9507	1	0	0	0	0	0	0	0	0	0	0	0	0	0	0	0	0	
159.405117	8	3	3	0	1	2	2	4198	156	32	9567	1	0	0	0	0	0	0	0	0	0	0	0	0	0	0	0	0	
160.410233	8	3	3	0	1	2	2	4199	155	32	9627	1	0	0	0	0	0	0	0	0	0	0	0	0	0	0	0	0	
161.416800	8	3	3	0	1	2	2	4198	152	32	9688	1	0	0	0	0	0	0	0	0	0	0	0	0	0	0	0	0	
162.403200	8	3	3	0	1	2	2	4198	151	32	9747	1	0	0	0	0	0	0	0	0	0	0	0	0	0	0	0	0	
163.408317	8	3	3	0	1	2	2	4198	148	32	9807	1	0	0	0	0	0	0	0	0	0	0	0	0	0	0	0	0	
164.413433	8	3	3	0	1	2	2	4198	147	32	9868	1	0	0	0	0	0	0	0	0	0	0	0	0	0	0	0	0	
165.399833	8	3	3	0	1	2	2	4199	146	32	9927	1	0	0	0	0	0	0	0	0	0	0	0	0	0	0	0	0	
166.404967	8	3	3	0	1	2	2	4198	152	32	9987	1	0	0	0	0	0	0	0	0	0	0	0	0	0	0	0	0	
167.411517	8	3	3	0	1	2	2	4199	151	32	10047	1	0	0	0	0	0	0	0	0	0	0	0	0	0	0	0	0	
168.416633	8	3	3	0	1	2	2	4198	147	32	10108	1	0	0	0	0	0	0	0	0	0	0	0	0	0	0	0	0	
169.403033	8	3	3	0	1	2	2	4198	142	32	10167	1	0	0	0	0	0	0	0	0	0	0	0	0	0	0	0	0	
170.408167	8	3	3	0	1	2	2	4199	138	32	10227	1	0	0	0	0	0	0	0	0	0	0	0	0	0	0	0	0	
171.413283	8	3	3	0	1	2	2	4198	134	32	10287	1	0	0	0	0	0	0	0	0	0	0	0	0	0	0	0	0	
172.399683	8	3	3	0	1	2	2	4198	129	32	10347	1	0	0	0	0	0	0	0	0	0	0	0	0	0	0	0	0	
173.406233	8	3	3	0	1	2	2	4198	126	32	10407	1	0	0	0	0	0	0	0	0	0	0	0	0	0	0	0	0	
174.411367	8	3	3	0	1	2	2	4199	122	32	10467	1	0	0	0	0	0	0	0	0	0	0	0	0	0	0	0	0	
175.416483	8	3	3	0	1	2	2	4198	121	32	10528	1	0	0	0	0	0	0	0	0	0	0	0	0	0	0	0	0	
176.402883	8	3	3	0	1	2	2	4198	117	32	10587	1	0	0	0	0	0	0	0	0	0	0	0	0	0	0	0	0	
177.408000	8	3	3	0	1	2	2	4198	115	32	10647	1	0	0	0	0	0	0	0	0	0	0	0	0	0	0	0	0	
178.414567	8	3	3	0	1	2	2	4199	114	32	10707	1	0	0	0	0	0	0	0	0	0	0	0	0	0	0	0	0	
179.400967	8	3	3	0	1	2	2	4198	107	32	10767	1	0	0	0	0	0	0	0	0	0	0	0	0	0	0	0	0	
180.406083	8	3	3	0	1	2	2	4199	104	32	10827	1	0	0	0	0	0	0	0	0	0	0	0	0	0	0	0	0	
181.411200	8	3	3	0	1	2	2	4198	103	32	10887	1	0	0	0	0	0	0	0	0	0	0	0	0	0	0	0	0	
182.416317	8	3	3	0	1	2	2	4198	105	32	10948	1	0	0	0	0	0	0	0	0	0	0	0	0	0	0	0	0	
183.404167	8	3	3	0	1	2	2	4198	109	32	11007	1	0	0	0	0	0	0	0	0	0	0	0	0	0	0	0	0	
184.409283	8	3	3	0	1	2	2	4198	108	32	11067	1	0	0	0	0	0	0	0	0	0	0	0	0	0	0	0	0	
185.414400	8	3	3	0	1	2	2	4198	106	32	11127	1	0	0	0	0	0	0	0	0	0	0	0	0	0	0	0	0	
186.400800	8	3	3	0	1	2	2	4198	105	32	11187	1	0	0	0	0	0	0	0	0	0	0	0	0	0	0	0	0	
187.405917	8	3	3	0	1	2	2	4198	101	32	11247	1	0	0	0	0	0	0	0	0	0	0	0	0	0	0	0	0	
188.411033	8	3	3	0	1	2	2	4199	100	32	11307	1	0	0	0	0	0	0	0	0	0	0	0	0	0	0	0	0	
189.417600	8	3	3	0	1	2	2	4198	96	32	11368	1	0	0	0	0	0	0	0	0	0	0	0	0	0	0	0	0	
190.404000	8	3	3	0	1	2	2	4198	91	32	11427	1	0	0	0	0	0	0	0	0	0	0	0	0	0	0	0	0	
191.409117	8	3	3	0	1	2	2	4199	84	32	11487	1	0	0	0	0	0	0	0	0	0	0	0	0	0	0	0	0	
192.414233	8	3	3	0	1	2	2	4199	80	32	11547	1	0	0	0	0	0	0	0	0	0	0	0	0	0	0	0	0	
193.400633	8	3	3	0	1	2	2	4199	84	32	11607	1	0	0	0	0	0	0	0	0	0	0	0	0	0	0	0	0	
194.405767	8	3	3	0	1	2	2	4198	84	32	11667	1	0	0	0	0	0	0	0	0	0	0	0	0	0	0	0	0	
195.412317	8	3	3	0	1	2	2	4198	85	32	11727	1	0	0	0	0	0	0	0	0	0	0	0	0	0	0	0	0	
196.417433	8	3	3	0	1	2	2	4199	89	32	11788	1	0	0	0	0	0	0	0	0	0	0	0	0	0	0	0	0	
197.403833	8	3	3	0	1	2	2	4198	93	32	11847	1	0	0	0	0	0	0	0	0	0	0	0	0	0	0	0	0	
198.408967	8	3	3	0	1	2	2	4198	94	32	11907	1	0	0	0	0	0	0	0	0	0	0	0	0	0	0	0	0	
199.414083	8	3	3	0	1	2	2	4198	92	32	11967	1	0	0	0	0	0	0	0	0	0	0	0	0	0	0	0	0	
200.401917	8	3	3	0	1	2	2	4198	90	32	12027	1	0	0	0	0	0	0	0	0	0	0	0	0	0	0	0	0	
201.407033	8	3	3	0	1	2	2	4198	88	32	12087	1	0	0	0	0	0	0	0	0	0	0	0	0	0	0	0	0	
202.412167	8	3	3	0	1	2	2	4199	87	32	12147	1	0	0	0	0	0	0	0	0	0	0	0	0	0	0	0	0	
203.417283	8	3	3	0	1	2	2	4198	88	32	12208	1	0	0	0	0	0	0	0	0	0	0	0	0	0	0	0	0	
204.403683	8	3	3	0	1	2	2	4198	89	32	12267	1	0	0	0	0	0	0	0	0	0	0	0	0	0	0	0	0	
205.408800	8	3	3	0	1	2	2	4199	88	32	12327	1	0	0	0	0	0	0	0	0	0	0	0	0	0	0	0	0	
206.415367	8	3	3	0	1	2	2	4198	88	32	12387	1	0	0	0	0	0	0	0	0	0	0	0	0	0	0	0	0	
207.420483	8	3	3	0	1	2	2	4198	87	32	12448	1	0	0	0	0	0	0	0	0	0	0	0	0	0	0	0	0	
208.406883	8	3	3	0	1	2	2	4198	87	32	12507	1	0	0	0	0	0	0	0	0	0	0	0	0	0	0	0	0	
209.412000	8	3	3	0	1	2	2	4199	86	32	12567	1	0	0	0	0	0	0	0	0	0	0	0	0	0	0	0	0	
210.417117	8	3	3	0	1	2	2	4198	84	32	12628	1	0	0	0	0	0	0	0	0	0	0	0	0	0	0	0	0	
211.404967	8	3	3	0	1	2	2	4198	82	32	12687	1	0	0	0	0	0	0	0	0	0	0	0	0	0	0	0	0	
212.410083	8	3	3	0	1	2	2	4198	82	32	12747	1	0	0	0	0	0	0	0	0	0	0	0	0	0	0	0	0	
213.415200	8	3	3	0	1	2	2	4199	80	32	12807	1	0	0	0	0	0	0	0	0	0	0	0	0	0	0	0	0	
214.420317	8	3	3	0	1	2	2	4199	80	32	12868	1	0	0	0	0	0	0	0	0	0	0	0	0	0	0	0	0	
215.406717	8	3	3	0	1	2	2	4199	80	32	12927	1	0	0	0	0	0	0	0	0	0	0	0	0	0	0	0	0	
216.413283	8	3	3	0	1	2	2	4198	79	32	12987	1	0	0	0	0	0	0	0	0	0	0	0	0	0	0	0	0	
217.418400	8	3	3	0	1	2	2	4198	78	32	13048	1	0	0	0	0	0	0	0	0	0	0	0	0	0	0	0	0	
218.404800	8	3	3	0	1	2	2	4198	77	32	13107	1	0	0	0	0	0	0	0	0	0	0	0	0	0	0	0	0	
219.409917	8	3	3	0	1	2	2	4198	75	32	13167	1	0	0	0	0	0	0	0	0	0	0	0	0	0	0	0	0	
220.415033	8	3	3	0	1	2	2	4199	72	32	13227	1	0	0	0	0	0	0	0	0	0	0	0	0	0	0	0	0	
221.421600	8	3	3	0	1	2	2	4198	71	32	13288	1	0	0	0	0	0	0	0	0	0	0	0	0	0	0	0	0	
222.408000	8	3	3	0	1	2	2	4199	71	32	13347	1	0	0	0	0	0	0	0	0	0	0	0	0	0	0	0	0	
223.413117	8	3	3	0	1	2	2	4198	70	32	13407	1	0	0	0	0	0	0	0	0	0	0	0	0	0	0	0	0	
224.418233	8	3	3	0	1	2	2	4199	68	32	13468	1	0	0	0	0	0	0	0	0	0	0	0	0	0	0	0	0	
225.404633	8	3	3	0	1	2	2	4198	67	32	13527	1	0	0	0	0	0	0	0	0	0	0	0	0	0	0	0	0	
226.409767	8	3	3	0	1	2	2	4199	69	32	13587	1	0	0	0	0	0	0	0	0	0	0	0	0	0	0	0	0	
227.416317	8	3	3	0	1	2	2	4199	68	32	13647	1	0	0	0	0	0	0	0	0	0	0	0	0	0	0	0	0	
228.421433	8	3	3	0	1	2	2	4198	68	32	13708	1	0	0	0	0	0	0	0	0	0	0	0	0	0	0	0	0	
229.407833	8	3	3	0	1	2	2	4199	68	32	13767	1	0	0	0	0	0	0	0	0	0	0	0	0	0	0	0	0	
230.093283	8	6	3	0	2	7	1	3706	-797	32	13808	1	1	0	0	0	0	0	0	0	0	0	0	0	0	0	0	0	
230.414400	8	6	3	0	2	7	1	3125	-1347	32	13827	1	1	0	0	0	0	0	0	0	0	0	0	0	0	0	0	0	
231.419517	8	6	3	0	2	7	1	3061	-1350	32	13888	1	1	2	0	0	0	0	0	0	0	0	0	0	0	0	0	0	
232.405917	8	6	3	0	2	7	1	3350	-1350	32	13947	1	1	3	0	0	0	0	0	0	0	0	0	0	0	0	0	0	
233.412483	8	6	3	0	2	7	1	3311	-1352	32	14007	1	1	5	0	0	0	0	0	0	0	0	0	0	0	0	0	0	
234.417600	8	6	3	0	2	7	1	3309	-1350	32	14067	1	1	7	0	0	0	0	0	0	0	0	0	0	0	0	0	0	
235.404000	8	6	3	0	2	7	1	3451	-1348	32	14127	1	1	8	0	0	0	0	0	0	0	0	0	0	0	0	0	0	
236.409117	8	6	3	0	2	7	1	3305	-1350	32	14187	1	1	10	0	0	0	0	0	0	0	0	0	0	0	0	0	0	
237.414233	8	6	3	0	2	7	1	3240	-1349	32	14247	1	1	12	0	0	0	0	0	0	0	0	0	0	0	0	0	0	
238.420800	8	6	3	0	2	7	1	3286	-1350	32	14308	1	1	13	0	0	0	0	0	0	0	0	0	0	0	0	0	0	
239.407200	8	6	3	0	2	7	1	3237	-1350	32	14367	1	1	15	0	0	0	0	0	0	0	0	0	0	0	0	0	0	
240.412317	8	6	3	0	2	7	1	3214	-1349	32	14427	1	1	17	0	0	0	0	0	0	0	0	0	0	0	0	0	0	
241.417433	8	6	3	0	2	7	1	3220	-1350	32	14487	1	1	18	0	0	0	0	0	0	0	0	0	0	0	0	0	0	
242.422567	8	6	3	0	2	7	1	3215	-1351	32	14548	1	1	20	0	0	0	0	0	0	0	0	0	0	0	0	0	0	
243.410400	8	6	3	0	2	7	1	3166	-1349	32	14607	1	1	21	0	0	0	0	0	0	0	0	0	0	0	0	0	0	
244.415517	8	6	3	0	2	7	1	3202	-1348	32	14667	1	1	23	0	0	0	0	0	0	0	0	0	0	0	0	0	0	
245.420633	8	6	3	0	2	7	1	3171	-1350	32	14728	1	1	25	0	0	0	0	0	0	0	0	0	0	0	0	0	0	
246.407033	8	6	3	0	2	7	1	3138	-1354	32	14787	1	1	26	0	0	0	0	0	0	0	0	0	0	0	0	0	0	
247.412167	8	6	3	0	2	7	1	3142	-1350	32	14847	1	1	28	0	0	0	0	0	0	0	0	0	0	0	0	0	0	
248.417283	8	6	3	0	2	7	1	3120	-1348	32	14907	1	1	30	0	0	0	0	0	0	0	0	0	0	0	0	0	0	
249.423833	8	6	3	0	2	7	1	3146	-1349	32	14968	1	1	32	0	0	0	0	0	0	0	0	0	0	0	0	0	0	
250.410233	8	6	3	0	2	7	1	3124	-1349	32	15027	1	1	33	0	0	0	0	0	0	0	0	0	0	0	0	0	0	
251.415367	8	6	3	0	2	7	1	3084	-1349	32	15087	1	1	35	0	0	0	0	0	0	0	0	0	0	0	0	0	0	
252.420483	8	6	3	0	2	7	1	3069	-1349	32	15148	1	1	37	0	0	0	0	0	0	0	0	0	0	0	0	0	0	
253.406883	8	6	3	0	2	7	1	3063	-1348	32	15207	1	1	38	0	0	0	0	0	0	0	0	0	0	0	0	0	0	
254.412000	8	6	3	0	2	7	1	3061	-1351	32	15267	1	1	40	0	0	0	0	0	0	0	0	0	0	0	0	0	0	
255.418567	8	6	3	0	2	7	1	3054	-1352	32	15327	1	1	41	0	0	0	0	0	0	0	0	0	0	0	0	0	0	
256.423683	8	6	3	0	2	7	1	3036	-1346	32	15388	1	1	43	0	0	0	0	0	0	0	0	0	0	0	0	0	0	
257.410083	8	6	3	0	2	7	1	3031	-1351	32	15447	1	1	45	0	0	0	0	0	0	0	0	0	0	0	0	0	0	
258.415200	8	6	3	0	2	7	1	3021	-1351	32	15507	1	1	46	0	0	0	0	0	0	0	0	0	0	0	0	0	0	
259.420317	8	6	3	0	2	7	1	3013	-1346	32	15568	1	1	48	0	0	0	0	0	0	0	0	0	0	0	0	0	0	
260.408167	8	6	3	0	2	7	1	3009	-1351	32	15627	1	1	50	0	0	0	0	0	0	0	0	0	0	0	0	0	0	
261.413283	8	6	3	0	2	7	1	3003	-1347	32	15687	1	1	51	0	0	0	0	0	0	0	0	0	0	0	0	0	0	
262.418400	8	6	3	0	2	7	1	2997	-1350	32	15747	1	1	53	0	0	0	0	0	0	0	0	0	0	0	0	0	0	
263.423517	8	6	3	0	2	7	1	2983	-1350	32	15808	1	1	55	0	0	0	0	0	0	0	0	0	0	0	0	0	0	
264.409917	8	6	3	0	2	7	1	3001	-1350	32	15867	1	1	56	0	0	0	0	0	0	0	0	0	0	0	0	0	0	
265.416483	8	6	3	0	2	7	1	2975	-1349	32	15927	1	1	58	0	0	0	0	0	0	0	0	0	0	0	0	0	0	
266.421600	8	6	3	0	2	7	1	2966	-1349	32	15988	1	1	60	0	0	0	0	0	0	0	0	0	0	0	0	0	0	
267.408000	8	6	3	0	2	7	1	2944	-1349	32	16047	1	1	61	0	0	0	0	0	0	0	0	0	0	0	0	0	0	
268.413117	8	6	3	0	2	7	1	2948	-1348	32	16107	1	1	63	0	0	0	0	0	0	0	0	0	0	0	0	0	0	
269.418233	8	6	3	0	2	7	1	2929	-1349	32	16167	1	1	65	0	0	0	0	0	0	0	0	0	0	0	0	0	0	
270.423367	8	6	3	0	2	7	1	2954	-1351	32	16228	1	1	66	0	0	0	0	0	0	0	0	0	0	0	0	0	0	
271.411200	8	6	3	0	2	7	1	2918	-1353	32	16287	1	1	68	0	0	0	0	0	0	0	0	0	0	0	0	0	0	
272.416317	8	6	3	0	2	7	1	2905	-1351	32	16347	1	1	70	0	0	0	0	0	0	0	0	0	0	0	0	0	0	
273.421433	8	6	3	0	2	7	1	2889	-1347	32	16407	1	1	71	0	0	0	0	0	0	0	0	0	0	0	0	0	0	
274.407833	8	6	3	0	2	7	1	2886	-1348	32	16467	1	1	73	0	0	0	0	0	0	0	0	0	0	0	0	0	0	
275.412967	8	6	3	0	2	7	1	2870	-1348	32	16527	1	1	75	0	0	0	0	0	0	0	0	0	0	0	0	0	0	
276.419517	8	6	3	0	2	7	1	2831	-1349	32	16587	1	1	76	0	0	0	0	0	0	0	0	0	0	0	0	0	0	
277.424633	8	6	3	0	2	7	1	2840	-1350	32	16648	1	1	78	0	0	0	0	0	0	0	0	0	0	0	0	0	0	
278.411033	8	6	3	0	2	7	1	2776	-1351	32	16707	1	1	80	0	0	0	0	0	0	0	0	0	0	0	0	0	0	
279.416167	8	6	3	0	2	7	1	2704	-1348	32	16767	1	1	81	0	0	0	0	0	0	0	0	0	0	0	0	0	0	
279.630717	8	15	3	0	1	31	2	3041	14	32	16780	2	1	82	0	0	0	0	0	0	0	0	0	0	0	0	0	0	
279.650883	8	3	3	0	1	2	2	3694	680	32	16781	3	1	82	0	0	0	0	0	0	0	0	0	0	0	0	0	0	
280.425600	8	3	3	0	1	2	2	3788	674	32	16828	3	1	82	0	0	0	0	0	0	0	0	0	0	0	0	0	0	
281.412000	8	3	3	0	1	2	2	3830	674	32	16887	3	1	82	0	0	0	0	0	0	0	0	0	0	0	0	0	0	
282.417117	8	3	3	0	1	2	2	3901	676	32	16947	3	1	82	0	0	0	0	0	0	0	0	0	0	0	0	0	0	
283.422233	8	3	3	0	1	2	2	3919	676	32	17007	3	1	82	0	0	0	0	0	0	0	0	0	0	0	0	0	0	
284.408633	8	3	3	0	1	2	2	3941	674	32	17067	3	1	82	0	0	0	0	0	0	0	0	0	0	0	0	0	0	
285.413767	8	3	3	0	1	2	2	3942	675	32	17127	3	1	82	0	0	0	0	0	0	0	0	0	0	0	0	0	0	
286.420317	8	3	3	0	1	2	2	3950	675	32	17187	3	1	82	0	0	0	0	0	0	0	0	0	0	0	0	0	0	
287.425433	8	3	3	0	1	2	2	3960	675	32	17248	3	1	82	0	0	0	0	0	0	0	0	0	0	0	0	0	0	
288.411833	8	3	3	0	1	2	2	3971	675	32	17307	3	1	82	0	0	0	0	0	0	0	0	0	0	0	0	0	0	
289.416967	8	3	3	0	1	2	2	3986	674	32	17367	3	1	82	0	0	0	0	0	0	0	0	0	0	0	0	0	0	
290.422083	8	3	3	0	1	2	2	3996	674	32	17427	3	1	82	0	0	0	0	0	0	0	0	0	0	0	0	0	0	
291.409917	8	3	3	0	1	2	2	4004	675	32	17487	3	1	82	0	0	0	0	0	0	0	0	0	0	0	0	0	0	
292.415033	8	3	3	0	1	2	2	4015	675	32	17547	3	1	82	0	0	0	0	0	0	0	0	0	0	0	0	0	0	
293.420167	8	3	3	0	1	2	2	4020	674	32	17607	3	1	82	0	0	0	0	0	0	0	0	0	0	0	0	0	0	
294.425283	8	3	3	0	1	2	2	4036	674	32	17668	3	1	82	0	0	0	0	0	0	0	0	0	0	0	0	0	0	
295.411683	8	3	3	0	1	2	2	4040	674	32	17727	3	1	82	0	0	0	0	0	0	0	0	0	0	0	0	0	0	
296.418233	8	3	3	0	1	2	2	4037	675	32	17787	3	1	82	0	0	0	0	0	0	0	0	0	0	0	0	0	0	
297.423367	8	3	3	0	1	2	2	4036	675	32	17847	3	1	82	0	0	0	0	0	0	0	0	0	0	0	0	0	0	
298.409767	8	3	3	0	1	2	2	4039	675	32	17907	3	1	82	0	0	0	0	0	0	0	0	0	0	0	0	0	0	
299.414883	8	3	3	0	1	2	2	4041	675	32	17967	3	1	82	0	0	0	0	0	0	0	0	0	0	0	0	0	0	
300.420000	8	3	3	0	1	2	2	4042	675	32	18027	3	1	82	0	0	0	0	0	0	0	0	0	0	0	0	0	0	
301.425117	8	3	3	0	1	2	2	4046	674	32	18088	3	1	82	0	0	0	0	0	0	0	0	0	0	0	0	0	0	
302.412967	8	3	3	0	1	2	2	4045	674	32	18147	3	1	82	0	0	0	0	0	0	0	0	0	0	0	0	0	0	
303.418083	8	3	3	0	1	2	2	4049	674	32	18207	3	1	82	0	0	0	0	0	0	0	0	0	0	0	0	0	0	
304.423200	8	3	3	0	1	2	2	4051	675	32	18267	3	1	82	0	0	0	0	0	0	0	0	0	0	0	0	0	0	
305.409600	8	3	3	0	1	2	2	4052	675	32	18327	3	1	82	0	0	0	0	0	0	0	0	0	0	0	0	0	0	
306.414717	8	3	3	0	1	2	2	4057	675	32	18387	3	1	82	0	0	0	0	0	0	0	0	0	0	0	0	0	0	
307.419833	8	3	3	0	1	2	2	4061	674	32	18447	3	1	82	0	0	0	0	0	0	0	0	0	0	0	0	0	0	
308.426400	8	3	3	0	1	2	2	4069	675	32	18508	3	1	82	0	0	0	0	0	0	0	0	0	0	0	0	0	0	
309.412800	8	3	3	0	1	2	2	4077	674	32	18567	3	1	82	0	0	0	0	0	0	0	0	0	0	0	0	0	0	
310.417917	8	3	3	0	1	2	2	4079	675	32	18627	3	1	82	0	0	0	0	0	0	0	0	0	0	0	0	0	0	
311.423033	8	3	3	0	1	2	2	4082	673	32	18687	3	1	82	0	0	0	0	0	0	0	0	0	0	0	0	0	0	
312.409433	8	3	3	0	1	2	2	4087	673	32	18747	3	1	82	0	0	0	0	0	0	0	0	0	0	0	0	0	0	
313.414567	8	3	3	0	1	2	2	4092	674	32	18807	3	1	82	0	0	0	0	0	0	0	0	0	0	0	0	0	0	
314.421117	8	3	3	0	1	2	2	4098	675	32	18867	3	1	82	0	0	0	0	0	0	0	0	0	0	0	0	0	0	
315.426233	8	3	3	0	1	2	2	4102	674	32	18928	3	1	82	0	0	0	0	0	0	0	0	0	0	0	0	0	0	
316.412633	8	3	3	0	1	2	2	4108	674	32	18987	3	1	82	0	0	0	0	0	0	0	0	0	0	0	0	0	0	
317.417767	8	3	3	0	1	2	2	4112	674	32	19047	3	1	82	0	0	0	0	0	0	0	0	0	0	0	0	0	0	
318.424317	8	3	3	0	1	2	2	4114	673	32	19107	3	1	82	0	0	0	0	0	0	0	0	0	0	0	0	0	0	
319.429433	8	3	3	0	1	2	2	4117	671	32	19168	3	1	82	0	0	0	0	0	0	0	0	0	0	0	0	0	0	
320.415833	8	3	3	0	1	2	2	4118	665	32	19227	3	1	82	0	0	0	0	0	0	0	0	0	0	0	0	0	0	
321.420967	8	3	3	0	1	2	2	4122	666	32	19287	3	1	82	0	0	0	0	0	0	0	0	0	0	0	0	0	0	
322.426083	8	3	3	0	1	2	2	4125	664	32	19348	3	1	82	0	0	0	0	0	0	0	0	0	0	0	0	0	0	
323.412483	8	3	3	0	1	2	2	4128	664	32	19407	3	1	82	0	0	0	0	0	0	0	0	0	0	0	0	0	0	
324.419033	8	3	3	0	1	2	2	4131	663	32	19467	3	1	82	0	0	0	0	0	0	0	0	0	0	0	0	0	0	
325.424167	8	3	3	0	1	2	2	4135	665	32	19527	3	1	82	0	0	0	0	0	0	0	0	0	0	0	0	0	0	
326.429283	8	3	3	0	1	2	2	4139	665	32	19588	3	1	82	0	0	0	0	0	0	0	0	0	0	0	0	0	0	
327.415683	8	3	3	0	1	2	2	4141	663	32	19647	3	1	82	0	0	0	0	0	0	0	0	0	0	0	0	0	0	
328.420800	8	3	3	0	1	2	2	4145	664	32	19707	3	1	82	0	0	0	0	0	0	0	0	0	0	0	0	0	0	
329.427367	8	3	3	0	1	2	2	4147	662	32	19768	3	1	82	0	0	0	0	0	0	0	0	0	0	0	0	0	0	
330.413767	8	3	3	0	1	2	2	4150	663	32	19827	3	1	82	0	0	0	0	0	0	0	0	0	0	0	0	0	0	
331.418883	8	3	3	0	1	2	2	4153	661	32	19887	3	1	82	0	0	0	0	0	0	0	0	0	0	0	0	0	0	
332.424000	8	3	3	0	1	2	2	4156	661	32	19947	3	1	82	0	0	0	0	0	0	0	0	0	0	0	0	0	0	
333.430567	8	3	3	0	1	2	2	4160	661	32	20008	3	1	82	0	0	0	0	0	0	0	0	0	0	0	0	0	0	
334.416967	8	3	3	0	1	2	2	4162	658	32	20067	3	1	82	0	0	0	0	0	0	0	0	0	0	0	0	0	0	
335.422083	8	3	3	0	1	2	2	4166	660	32	20127	3	1	82	0	0	0	0	0	0	0	0	0	0	0	0	0	0	
336.427200	8	3	3	0	1	2	2	4170	659	32	20188	3	1	82	0	0	0	0	0	0	0	0	0	0	0	0	0	0	
337.413600	8	3	3	0	1	2	2	4174	660	32	20247	3	1	82	0	0	0	0	0	0	0	0	0	0	0	0	0	0	
338.420167	8	3	3	0	1	2	2	4178	657	32	20307	3	1	82	0	0	0	0	0	0	0	0	0	0	0	0	0	0	
339.425283	8	3	3	0	1	2	2	4182	658	32	20367	3	1	82	0	0	0	0	0	0	0	0	0	0	0	0	0	0	
340.430400	8	3	3	0	1	2	2	4187	659	32	20428	3	1	82	0	0	0	0	0	0	0	0	0	0	0	0	0	0	
341.416800	8	3	3	0	1	2	2	4191	658	32	20487	3	1	82	0	0	0	0	0	0	0	0	0	0	0	0	0	0	
342.421917	8	3	3	0	1	2	2	4195	656	32	20547	3	1	82	0	0	0	0	0	0	0	0	0	0	0	0	0	0	
343.428483	8	3	3	0	1	2	2	4199	656	32	20608	3	1	82	0	0	0	0	0	0	0	0	0	0	0	0	0	0	
344.414883	8	3	3	0	1	2	2	4198	645	32	20667	3	1	82	0	0	0	0	0	0	0	0	0	0	0	0	0	0	
345.420000	8	3	3	0	1	2	2	4198	636	32	20727	3	1	82	0	0	0	0	0	0	0	0	0	0	0	0	0	0	
346.425117	8	3	3	0	1	2	2	4199	627	32	20787	3	1	82	0	0	0	0	0	0	0	0	0	0	0	0	0	0	
347.430233	8	3	3	0	1	2	2	4198	621	32	20848	3	1	82	0	0	0	0	0	0	0	0	0	0	0	0	0	0	
348.418083	8	3	3	0	1	2	2	4199	610	32	20907	3	1	82	0	0	0	0	0	0	0	0	0	0	0	0	0	0	
349.423200	8	3	3	0	1	2	2	4199	593	32	20967	3	1	82	0	0	0	0	0	0	0	0	0	0	0	0	0	0	
350.428317	8	3	3	0	1	2	2	4199	576	32	21028	3	1	82	0	0	0	0	0	0	0	0	0	0	0	0	0	0	
351.414717	8	3	3	0	1	2	2	4198	567	32	21087	3	1	82	0	0	0	0	0	0	0	0	0	0	0	0	0	0	
352.419833	8	3	3	0	1	2	2	4199	545	32	21147	3	1	82	0	0	0	0	0	0	0	0	0	0	0	0	0	0	
353.426400	8	3	3	0	1	2	2	4198	537	32	21207	3	1	82	0	0	0	0	0	0	0	0	0	0	0	0	0	0	
354.431517	8	3	3	0	1	2	2	4198	527	32	21268	3	1	82	0	0	0	0	0	0	0	0	0	0	0	0	0	0	
355.417917	8	3	3	0	1	2	2	4198	522	32	21327	3	1	82	0	0	0	0	0	0	0	0	0	0	0	0	0	0	
356.423033	8	3	3	0	1	2	2	4198	520	32	21387	3	1	82	0	0	0	0	0	0	0	0	0	0	0	0	0	0	
357.429600	8	3	3	0	1	2	2	4198	499	32	21448	3	1	82	0	0	0	0	0	0	0	0	0	0	0	0	0	0	
358.416000	8	3	3	0	1	2	2	4199	491	32	21507	3	1	82	0	0	0	0	0	0	0	0	0	0	0	0	0	0	
359.421117	8	3	3	0	1	2	2	4198	475	32	21567	3	1	82	0	0	0	0	0	0	0	0	0	0	0	0	0	0	
360.426233	8	3	3	0	1	2	2	4199	459	32	21627	3	1	82	0	0	0	0	0	0	0	0	0	0	0	0	0	0	
361.431367	8	3	3	0	1	2	2	4199	446	32	21688	3	1	82	0	0	0	0	0	0	0	0	0	0	0	0	0	0	
362.419200	8	3	3	0	1	2	2	4198	413	32	21747	3	1	82	0	0	0	0	0	0	0	0	0	0	0	0	0	0	
363.424317	8	3	3	0	1	2	2	4198	407	32	21807	3	1	82	0	0	0	0	0	0	0	0	0	0	0	0	0	0	
364.429433	8	3	3	0	1	2	2	4199	399	32	21868	3	1	82	0	0	0	0	0	0	0	0	0	0	0	0	0	0	
365.415833	8	3	3	0	1	2	2	4199	395	32	21927	3	1	82	0	0	0	0	0	0	0	0	0	0	0	0	0	0	
366.420967	8	3	3	0	1	2	2	4199	386	32	21987	3	1	82	0	0	0	0	0	0	0	0	0	0	0	0	0	0	
367.427517	8	3	3	0	1	2	2	4198	383	32	22047	3	1	82	0	0	0	0	0	0	0	0	0	0	0	0	0	0	
368.432633	8	3	3	0	1	2	2	4199	373	32	22108	3	1	82	0	0	0	0	0	0	0	0	0	0	0	0	0	0	
369.419033	8	3	3	0	1	2	2	4198	354	32	22167	3	1	82	0	0	0	0	0	0	0	0	0	0	0	0	0	0	
370.424167	8	3	3	0	1	2	2	4198	342	32	22227	3	1	82	0	0	0	0	0	0	0	0	0	0	0	0	0	0	
371.429283	8	3	3	0	1	2	2	4199	330	32	22288	3	1	82	0	0	0	0	0	0	0	0	0	0	0	0	0	0	
372.415683	8	3	3	0	1	2	2	4199	320	32	22347	3	1	82	0	0	0	0	0	0	0	0	0	0	0	0	0	0	
373.422233	8	3	3	0	1	2	2	4199	318	32	22407	3	1	82	0	0	0	0	0	0	0	0	0	0	0	0	0	0	
374.427367	8	3	3	0	1	2	2	4198	312	32	22467	3	1	82	0	0	0	0	0	0	0	0	0	0	0	0	0	0	
375.432483	8	3	3	0	1	2	2	4198	308	32	22528	3	1	82	0	0	0	0	0	0	0	0	0	0	0	0	0	0	
376.418883	8	3	3	0	1	2	2	4199	291	32	22587	3	1	82	0	0	0	0	0	0	0	0	0	0	0	0	0	0	
377.424000	8	3	3	0	1	2	2	4199	293	32	22647	3	1	82	0	0	0	0	0	0	0	0	0	0	0	0	0	0	
378.429117	8	3	3	0	1	2	2	4198	279	32	22707	3	1	82	0	0	0	0	0	0	0	0	0	0	0	0	0	0	
379.416967	8	3	3	0	1	2	2	4198	277	32	22767	3	1	82	0	0	0	0	0	0	0	0	0	0	0	0	0	0	
380.422083	8	3	3	0	1	2	2	4198	272	32	22827	3	1	82	0	0	0	0	0	0	0	0	0	0	0	0	0	0	
381.427200	8	3	3	0	1	2	2	4198	266	32	22887	3	1	82	0	0	0	0	0	0	0	0	0	0	0	0	0	0	
382.432317	8	3	3	0	1	2	2	4199	257	32	22948	3	1	82	0	0	0	0	0	0	0	0	0	0	0	0	0	0	
383.418717	8	3	3	0	1	2	2	4198	249	32	23007	3	1	82	0	0	0	0	0	0	0	0	0	0	0	0	0	0	
384.425283	8	3	3	0	1	2	2	4198	242	32	23067	3	1	82	0	0	0	0	0	0	0	0	0	0	0	0	0	0	
385.430400	8	3	3	0	1	2	2	4198	230	32	23127	3	1	82	0	0	0	0	0	0	0	0	0	0	0	0	0	0	
386.416800	8	3	3	0	1	2	2	4198	229	32	23187	3	1	82	0	0	0	0	0	0	0	0	0	0	0	0	0	0	
387.421917	8	3	3	0	1	2	2	4198	228	32	23247	3	1	82	0	0	0	0	0	0	0	0	0	0	0	0	0	0	
388.427033	8	3	3	0	1	2	2	4198	224	32	23307	3	1	82	0	0	0	0	0	0	0	0	0	0	0	0	0	0	
389.433600	8	3	3	0	1	2	2	4198	216	32	23368	3	1	82	0	0	0	0	0	0	0	0	0	0	0	0	0	0	
390.420000	8	3	3	0	1	2	2	4198	208	32	23427	3	1	82	0	0	0	0	0	0	0	0	0	0	0	0	0	0	
391.425117	8	3	3	0	1	2	2	4199	207	32	23487	3	1	82	0	0	0	0	0	0	0	0	0	0	0	0	0	0	
392.430233	8	3	3	0	1	2	2	4199	205	32	23547	3	1	82	0	0	0	0	0	0	0	0	0	0	0	0	0	0	
393.416633	8	3	3	0	1	2	2	4199	195	32	23607	3	1	82	0	0	0	0	0	0	0	0	0	0	0	0	0	0	
394.423200	8	3	3	0	1	2	2	4199	189	32	23667	3	1	82	0	0	0	0	0	0	0	0	0	0	0	0	0	0	
395.428317	8	3	3	0	1	2	2	4198	187	32	23727	3	1	82	0	0	0	0	0	0	0	0	0	0	0	0	0	0	
396.433433	8	3	3	0	1	2	2	4198	190	32	23788	3	1	82	0	0	0	0	0	0	0	0	0	0	0	0	0	0	
397.419833	8	3	3	0	1	2	2	4198	187	32	23847	3	1	82	0	0	0	0	0	0	0	0	0	0	0	0	0	0	
398.424967	8	3	3	0	1	2	2	4199	181	32	23907	3	1	82	0	0	0	0	0	0	0	0	0	0	0	0	0	0	
399.431517	8	3	3	0	1	2	2	4199	176	32	23967	3	1	82	0	0	0	0	0	0	0	0	0	0	0	0	0	0	
400.417917	8	3	3	0	1	2	2	4198	172	32	24027	3	1	82	0	0	0	0	0	0	0	0	0	0	0	0	0	0	
401.423033	8	3	3	0	1	2	2	4199	166	32	24087	3	1	82	0	0	0	0	0	0	0	0	0	0	0	0	0	0	
402.428167	8	3	3	0	1	2	2	4198	160	32	24147	3	1	82	0	0	0	0	0	0	0	0	0	0	0	0	0	0	
403.433283	8	3	3	0	1	2	2	4198	155	32	24208	3	1	82	0	0	0	0	0	0	0	0	0	0	0	0	0	0	
404.421117	8	3	3	0	1	2	2	4198	152	32	24267	3	1	82	0	0	0	0	0	0	0	0	0	0	0	0	0	0	
405.426233	8	3	3	0	1	2	2	4198	150	32	24327	3	1	82	0	0	0	0	0	0	0	0	0	0	0	0	0	0	
406.431367	8	3	3	0	1	2	2	4199	147	32	24387	3	1	82	0	0	0	0	0	0	0	0	0	0	0	0	0	0	
407.417767	8	3	3	0	1	2	2	4199	146	32	24447	3	1	82	0	0	0	0	0	0	0	0	0	0	0	0	0	0	
408.424317	8	3	3	0	1	2	2	4199	144	32	24507	3	1	82	0	0	0	0	0	0	0	0	0	0	0	0	0	0	
409.429433	8	3	3	0	1	2	2	4199	144	32	24567	3	1	82	0	0	0	0	0	0	0	0	0	0	0	0	0	0	
410.434567	8	3	3	0	1	2	2	4198	142	32	24628	3	1	82	0	0	0	0	0	0	0	0	0	0	0	0	0	0	
411.420967	8	3	3	0	1	2	2	4198	140	32	24687	3	1	82	0	0	0	0	0	0	0	0	0	0	0	0	0	0	
412.426083	8	3	3	0	1	2	2	4198	137	32	24747	3	1	82	0	0	0	0	0	0	0	0	0	0	0	0	0	0	
413.432633	8	3	3	0	1	2	2	4198	135	32	24807	3	1	82	0	0	0	0	0	0	0	0	0	0	0	0	0	0	
414.419033	8	3	3	0	1	2	2	4199	133	32	24867	3	1	82	0	0	0	0	0	0	0	0	0	0	0	0	0	0	
415.424167	8	3	3	0	1	2	2	4199	133	32	24927	3	1	82	0	0	0	0	0	0	0	0	0	0	0	0	0	0	
416.429283	8	3	3	0	1	2	2	4199	130	32	24987	3	1	82	0	0	0	0	0	0	0	0	0	0	0	0	0	0	
417.434400	8	3	3	0	1	2	2	4199	128	32	25048	3	1	82	0	0	0	0	0	0	0	0	0	0	0	0	0	0	
418.420800	8	3	3	0	1	2	2	4198	127	32	25107	3	1	82	0	0	0	0	0	0	0	0	0	0	0	0	0	0	
419.427367	8	3	3	0	1	2	2	4198	124	32	25167	3	1	82	0	0	0	0	0	0	0	0	0	0	0	0	0	0	
420.432483	8	3	3	0	1	2	2	4198	122	32	25227	3	1	82	0	0	0	0	0	0	0	0	0	0	0	0	0	0	
421.418883	8	3	3	0	1	2	2	4199	120	32	25287	3	1	82	0	0	0	0	0	0	0	0	0	0	0	0	0	0	
422.424000	8	3	3	0	1	2	2	4199	119	32	25347	3	1	82	0	0	0	0	0	0	0	0	0	0	0	0	0	0	
423.429117	8	3	3	0	1	2	2	4199	118	32	25407	3	1	82	0	0	0	0	0	0	0	0	0	0	0	0	0	0	
424.435683	8	3	3	0	1	2	2	4199	114	32	25468	3	1	82	0	0	0	0	0	0	0	0	0	0	0	0	0	0	
425.422083	8	3	3	0	1	2	2	4198	112	32	25527	3	1	82	0	0	0	0	0	0	0	0	0	0	0	0	0	0	
426.427200	8	3	3	0	1	2	2	4199	111	32	25587	3	1	82	0	0	0	0	0	0	0	0	0	0	0	0	0	0	
427.432317	8	3	3	0	1	2	2	4199	110	32	25647	3	1	82	0	0	0	0	0	0	0	0	0	0	0	0	0	0	
428.418717	8	3	3	0	1	2	2	4198	108	32	25707	3	1	82	0	0	0	0	0	0	0	0	0	0	0	0	0	0	
429.425283	8	3	3	0	1	2	2	4198	107	32	25767	3	1	82	0	0	0	0	0	0	0	0	0	0	0	0	0	0	
430.430400	8	3	3	0	1	2	2	4199	107	32	25827	3	1	82	0	0	0	0	0	0	0	0	0	0	0	0	0	0	
431.435517	8	3	3	0	1	2	2	4198	105	32	25888	3	1	82	0	0	0	0	0	0	0	0	0	0	0	0	0	0	
432.421917	8	3	3	0	1	2	2	4198	102	32	25947	3	1	82	0	0	0	0	0	0	0	0	0	0	0	0	0	0	
433.427033	8	3	3	0	1	2	2	4199	99	32	26007	3	1	82	0	0	0	0	0	0	0	0	0	0	0	0	0	0	
434.433600	8	3	3	0	1	2	2	4199	96	32	26067	3	1	82	0	0	0	0	0	0	0	0	0	0	0	0	0	0	
435.420000	8	3	3	0	1	2	2	4199	94	32	26127	3	1	82	0	0	0	0	0	0	0	0	0	0	0	0	0	0	
436.425117	8	3	3	0	1	2	2	4199	91	32	26187	3	1	82	0	0	0	0	0	0	0	0	0	0	0	0	0	0	
437.430233	8	3	3	0	1	2	2	4198	90	32	26247	3	1	82	0	0	0	0	0	0	0	0	0	0	0	0	0	0	
438.435367	8	3	3	0	1	2	2	4198	88	32	26308	3	1	82	0	0	0	0	0	0	0	0	0	0	0	0	0	0	
439.423200	8	3	3	0	1	2	2	4198	87	32	26367	3	1	82	0	0	0	0	0	0	0	0	0	0	0	0	0	0	
440.428317	8	3	3	0	1	2	2	4198	85	32	26427	3	1	82	0	0	0	0	0	0	0	0	0	0	0	0	0	0	
441.433433	8	3	3	0	1	2	2	4198	83	32	26487	3	1	82	0	0	0	0	0	0	0	0	0	0	0	0	0	0	
442.419833	8	3	3	0	1	2	2	4198	81	32	26547	3	1	82	0	0	0	0	0	0	0	0	0	0	0	0	0	0	
443.426400	8	3	3	0	1	2	2	4199	80	32	26607	3	1	82	0	0	0	0	0	0	0	0	0	0	0	0	0	0	
444.431517	8	3	3	0	1	2	2	4199	78	32	26667	3	1	82	0	0	0	0	0	0	0	0	0	0	0	0	0	0	
445.436633	8	3	3	0	1	2	2	4199	77	32	26728	3	1	82	0	0	0	0	0	0	0	0	0	0	0	0	0	0	
446.423033	8	3	3	0	1	2	2	4199	74	32	26787	3	1	82	0	0	0	0	0	0	0	0	0	0	0	0	0	0	
447.428167	8	3	3	0	1	2	2	4198	73	32	26847	3	1	82	0	0	0	0	0	0	0	0	0	0	0	0	0	0	
448.434717	8	3	3	0	1	2	2	4199	72	32	26907	3	1	82	0	0	0	0	0	0	0	0	0	0	0	0	0	0	
449.421117	8	3	3	0	1	2	2	4198	69	32	26967	3	1	82	0	0	0	0	0	0	0	0	0	0	0	0	0	0	
450.426233	8	3	3	0	1	2	2	4199	69	32	27027	3	1	82	0	0	0	0	0	0	0	0	0	0	0	0	0	0	
451.431367	8	3	3	0	1	2	2	4198	68	32	27087	3	1	82	0	0	0	0	0	0	0	0	0	0	0	0	0	0	
452.436483	8	3	3	0	1	2	2	4198	67	32	27148	3	1	82	0	0	0	0	0	0	0	0	0	0	0	0	0	0	
452.651033	8	6	3	0	2	7	1	3659	-1346	32	27160	3	2	0	0	0	0	0	0	0	0	0	0	0	0	0	0	0	
453.425767	8	6	3	0	2	7	1	3644	-1348	32	27207	3	2	1	0	0	0	0	0	0	0	0	0	0	0	0	0	0	
454.430883	8	6	3	0	2	7	1	3628	-1348	32	27267	3	2	2	0	0	0	0	0	0	0	0	0	0	0	0	0	0	
455.436000	8	6	3	0	2	7	1	3615	-1348	32	27328	3	2	4	0	0	0	0	0	0	0	0	0	0	0	0	0	0	
456.422400	8	6	3	0	2	7	1	3605	-1351	32	27387	3	2	6	0	0	0	0	0	0	0	0	0	0	0	0	0	0	
457.427517	8	6	3	0	2	7	1	3597	-1349	32	27447	3	2	7	0	0	0	0	0	0	0	0	0	0	0	0	0	0	
458.434083	8	6	3	0	2	7	1	3578	-1349	32	27507	3	2	9	0	0	0	0	0	0	0	0	0	0	0	0	0	0	
459.439200	8	6	3	0	2	7	1	3560	-1349	32	27568	3	2	11	0	0	0	0	0	0	0	0	0	0	0	0	0	0	
460.425600	8	6	3	0	2	7	1	3543	-1350	32	27627	3	2	12	0	0	0	0	0	0	0	0	0	0	0	0	0	0	
461.430717	8	6	3	0	2	7	1	3528	-1350	32	27687	3	2	14	0	0	0	0	0	0	0	0	0	0	0	0	0	0	
462.437283	8	6	3	0	2	7	1	3508	-1348	32	27748	3	2	16	0	0	0	0	0	0	0	0	0	0	0	0	0	0	
463.423683	8	6	3	0	2	7	1	3510	-1349	32	27807	3	2	17	0	0	0	0	0	0	0	0	0	0	0	0	0	0	
464.428800	8	6	3	0	2	7	1	3493	-1347	32	27867	3	2	19	0	0	0	0	0	0	0	0	0	0	0	0	0	0	
465.433917	8	6	3	0	2	7	1	3486	-1348	32	27927	3	2	21	0	0	0	0	0	0	0	0	0	0	0	0	0	0	
466.439033	8	6	3	0	2	7	1	3470	-1347	32	27988	3	2	22	0	0	0	0	0	0	0	0	0	0	0	0	0	0	
467.425433	8	6	3	0	2	7	1	3455	-1349	32	28047	3	2	24	0	0	0	0	0	0	0	0	0	0	0	0	0	0	
468.432000	8	6	3	0	2	7	1	3435	-1349	32	28107	3	2	26	0	0	0	0	0	0	0	0	0	0	0	0	0	0	
469.437117	8	6	3	0	2	7	1	3430	-1347	32	28167	3	2	27	0	0	0	0	0	0	0	0	0	0	0	0	0	0	
470.423517	8	6	3	0	2	7	1	3419	-1351	32	28227	3	2	29	0	0	0	0	0	0	0	0	0	0	0	0	0	0	
471.428633	8	6	3	0	2	7	1	3409	-1347	32	28287	3	2	31	0	0	0	0	0	0	0	0	0	0	0	0	0	0	
472.433767	8	6	3	0	2	7	1	3404	-1351	32	28347	3	2	32	0	0	0	0	0	0	0	0	0	0	0	0	0	0	
473.440317	8	6	3	0	2	7	1	3389	-1350	32	28408	3	2	34	0	0	0	0	0	0	0	0	0	0	0	0	0	0	
474.426717	8	6	3	0	2	7	1	3383	-1349	32	28467	3	2	36	0	0	0	0	0	0	0	0	0	0	0	0	0	0	
475.431833	8	6	3	0	2	7	1	3373	-1351	32	28527	3	2	37	0	0	0	0	0	0	0	0	0	0	0	0	0	0	
476.436967	8	6	3	0	2	7	1	3363	-1347	32	28587	3	2	39	0	0	0	0	0	0	0	0	0	0	0	0	0	0	
477.423367	8	6	3	0	2	7	1	3356	-1350	32	28647	3	2	41	0	0	0	0	0	0	0	0	0	0	0	0	0	0	
478.429917	8	6	3	0	2	7	1	3349	-1349	32	28707	3	2	42	0	0	0	0	0	0	0	0	0	0	0	0	0	0	
479.435033	8	6	3	0	2	7	1	3344	-1349	32	28767	3	2	44	0	0	0	0	0	0	0	0	0	0	0	0	0	0	
480.440167	8	6	3	0	2	7	1	3337	-1349	32	28828	3	2	45	0	0	0	0	0	0	0	0	0	0	0	0	0	0	
481.426567	8	6	3	0	2	7	1	3333	-1349	32	28887	3	2	47	0	0	0	0	0	0	0	0	0	0	0	0	0	0	
482.431683	8	6	3	0	2	7	1	3325	-1351	32	28947	3	2	49	0	0	0	0	0	0	0	0	0	0	0	0	0	0	
483.438233	8	6	3	0	2	7	1	3318	-1351	32	29007	3	2	50	0	0	0	0	0	0	0	0	0	0	0	0	0	0	
484.424633	8	6	3	0	2	7	1	3310	-1348	32	29067	3	2	52	0	0	0	0	0	0	0	0	0	0	0	0	0	0	
485.429767	8	6	3	0	2	7	1	3305	-1350	32	29127	3	2	54	0	0	0	0	0	0	0	0	0	0	0	0	0	0	
486.434883	8	6	3	0	2	7	1	3298	-1351	32	29187	3	2	55	0	0	0	0	0	0	0	0	0	0	0	0	0	0	
487.441433	8	6	3	0	2	7	1	3291	-1350	32	29248	3	2	57	0	0	0	0	0	0	0	0	0	0	0	0	0	0	
488.427833	8	6	3	0	2	7	1	3285	-1350	32	29307	3	2	59	0	0	0	0	0	0	0	0	0	0	0	0	0	0	
489.432967	8	6	3	0	2	7	1	3280	-1351	32	29367	3	2	60	0	0	0	0	0	0	0	0	0	0	0	0	0	0	
490.438083	8	6	3	0	2	7	1	3272	-1350	32	29427	3	2	62	0	0	0	0	0	0	0	0	0	0	0	0	0	0	
491.424483	8	6	3	0	2	7	1	3266	-1351	32	29487	3	2	64	0	0	0	0	0	0	0	0	0	0	0	0	0	0	
492.429600	8	6	3	0	2	7	1	3257	-1351	32	29547	3	2	65	0	0	0	0	0	0	0	0	0	0	0	0	0	0	
493.436167	8	6	3	0	2	7	1	3250	-1349	32	29607	3	2	67	0	0	0	0	0	0	0	0	0	0	0	0	0	0	
494.441283	8	6	3	0	2	7	1	3242	-1350	32	29668	3	2	69	0	0	0	0	0	0	0	0	0	0	0	0	0	0	
495.427683	8	6	3	0	2	7	1	3233	-1349	32	29727	3	2	70	0	0	0	0	0	0	0	0	0	0	0	0	0	0	
496.432800	8	6	3	0	2	7	1	3225	-1349	32	29787	3	2	72	0	0	0	0	0	0	0	0	0	0	0	0	0	0	
497.439367	8	6	3	0	2	7	1	3215	-1350	32	29847	3	2	74	0	0	0	0	0	0	0	0	0	0	0	0	0	0	
498.425767	8	6	3	0	2	7	1	3204	-1352	32	29907	3	2	75	0	0	0	0	0	0	0	0	0	0	0	0	0	0	
499.430883	8	6	3	0	2	7	1	3189	-1347	32	29967	3	2	77	0	0	0	0	0	0	0	0	0	0	0	0	0	0	
500.436000	8	6	3	0	2	7	1	3170	-1352	32	30027	3	2	79	0	0	0	0	0	0	0	0	0	0	0	0	0	0	
501.441117	8	6	3	0	2	7	1	3144	-1348	32	30088	3	2	80	0	0	0	0	0	0	0	0	0	0	0	0	0	0	
502.427517	8	6	3	0	2	7	1	3112	-1350	32	30147	3	2	82	0	0	0	0	0	0	0	0	0	0	0	0	0	0	
503.434083	8	6	3	0	2	7	1	3062	-1352	32	30207	3	2	84	0	0	0	0	0	0	0	0	0	0	0	0	0	0	
504.439200	8	6	3	0	2	7	1	2973	-1348	32	30267	3	2	85	0	0	0	0	0	0	0	0	0	0	0	0	0	0	
505.425600	8	6	3	0	2	7	1	2795	-1348	32	30327	3	2	87	0	0	0	0	0	0	0	0	0	0	0	0	0	0	
505.771200	8	15	3	0	1	31	2	3203	328	32	30347	5	2	88	0	0	0	0	0	0	0	0	0	0	0	0	0	0	
505.791367	8	3	3	0	1	2	2	3326	676	32	30349	5	2	88	0	0	0	0	0	0	0	0	0	0	0	0	0	0	
506.433600	8	3	3	0	1	2	2	3534	675	32	30387	5	2	88	0	0	0	0	0	0	0	0	0	0	0	0	0	0	
507.440167	8	3	3	0	1	2	2	3663	675	32	30447	5	2	88	0	0	0	0	0	0	0	0	0	0	0	0	0	0	
508.426567	8	3	3	0	1	2	2	3763	674	32	30507	5	2	88	0	0	0	0	0	0	0	0	0	0	0	0	0	0	
509.431683	8	3	3	0	1	2	2	3868	675	32	30567	5	2	88	0	0	0	0	0	0	0	0	0	0	0	0	0	0	
510.436800	8	3	3	0	1	2	2	3918	674	32	30627	5	2	88	0	0	0	0	0	0	0	0	0	0	0	0	0	0	
511.441917	8	3	3	0	1	2	2	3920	674	32	30688	5	2	88	0	0	0	0	0	0	0	0	0	0	0	0	0	0	
512.429767	8	3	3	0	1	2	2	3936	675	32	30747	5	2	88	0	0	0	0	0	0	0	0	0	0	0	0	0	0	
513.434883	8	3	3	0	1	2	2	3941	675	32	30807	5	2	88	0	0	0	0	0	0	0	0	0	0	0	0	0	0	
514.440000	8	3	3	0	1	2	2	3963	674	32	30867	5	2	88	0	0	0	0	0	0	0	0	0	0	0	0	0	0	
515.426400	8	3	3	0	1	2	2	3988	674	32	30927	5	2	88	0	0	0	0	0	0	0	0	0	0	0	0	0	0	
516.431517	8	3	3	0	1	2	2	3986	675	32	30987	5	2	88	0	0	0	0	0	0	0	0	0	0	0	0	0	0	
517.438083	8	3	3	0	1	2	2	3986	675	32	31047	5	2	88	0	0	0	0	0	0	0	0	0	0	0	0	0	0	
518.443200	8	3	3	0	1	2	2	3985	675	32	31108	5	2	88	0	0	0	0	0	0	0	0	0	0	0	0	0	0	
519.429600	8	3	3	0	1	2	2	3987	674	32	31167	5	2	88	0	0	0	0	0	0	0	0	0	0	0	0	0	0	
520.434717	8	3	3	0	1	2	2	3990	674	32	31227	5	2	88	0	0	0	0	0	0	0	0	0	0	0	0	0	0	
521.439833	8	3	3	0	1	2	2	4000	674	32	31287	5	2	88	0	0	0	0	0	0	0	0	0	0	0	0	0	0	
522.426233	8	3	3	0	1	2	2	4011	675	32	31347	5	2	88	0	0	0	0	0	0	0	0	0	0	0	0	0	0	
523.432800	8	3	3	0	1	2	2	4027	674	32	31407	5	2	88	0	0	0	0	0	0	0	0	0	0	0	0	0	0	
524.437917	8	3	3	0	1	2	2	4037	675	32	31467	5	2	88	0	0	0	0	0	0	0	0	0	0	0	0	0	0	
525.443033	8	3	3	0	1	2	2	4045	675	32	31528	5	2	88	0	0	0	0	0	0	0	0	0	0	0	0	0	0	
526.429433	8	3	3	0	1	2	2	4056	674	32	31587	5	2	88	0	0	0	0	0	0	0	0	0	0	0	0	0	0	
527.434567	8	3	3	0	1	2	2	4065	674	32	31647	5	2	88	0	0	0	0	0	0	0	0	0	0	0	0	0	0	
528.441117	8	3	3	0	1	2	2	4068	675	32	31707	5	2	88	0	0	0	0	0	0	0	0	0	0	0	0	0	0	
529.427517	8	3	3	0	1	2	2	4071	673	32	31767	5	2	88	0	0	0	0	0	0	0	0	0	0	0	0	0	0	
530.432633	8	3	3	0	1	2	2	4073	674	32	31827	5	2	88	0	0	0	0	0	0	0	0	0	0	0	0	0	0	
531.437767	8	3	3	0	1	2	2	4078	675	32	31887	5	2	88	0	0	0	0	0	0	0	0	0	0	0	0	0	0	
532.442883	8	3	3	0	1	2	2	4081	675	32	31948	5	2	88	0	0	0	0	0	0	0	0	0	0	0	0	0	0	
533.430717	8	3	3	0	1	2	2	4081	675	32	32007	5	2	88	0	0	0	0	0	0	0	0	0	0	0	0	0	0	
534.435833	8	3	3	0	1	2	2	4086	675	32	32067	5	2	88	0	0	0	0	0	0	0	0	0	0	0	0	0	0	
535.440967	8	3	3	0	1	2	2	4090	676	32	32127	5	2	88	0	0	0	0	0	0	0	0	0	0	0	0	0	0	
536.427367	8	3	3	0	1	2	2	4092	674	32	32187	5	2	88	0	0	0	0	0	0	0	0	0	0	0	0	0	0	
537.432483	8	3	3	0	1	2	2	4096	675	32	32247	5	2	88	0	0	0	0	0	0	0	0	0	0	0	0	0	0	
538.439033	8	3	3	0	1	2	2	4100	675	32	32307	5	2	88	0	0	0	0	0	0	0	0	0	0	0	0	0	0	
539.444167	8	3	3	0	1	2	2	4103	674	32	32368	5	2	88	0	0	0	0	0	0	0	0	0	0	0	0	0	0	
540.430567	8	3	3	0	1	2	2	4109	675	32	32427	5	2	88	0	0	0	0	0	0	0	0	0	0	0	0	0	0	
541.435683	8	3	3	0	1	2	2	4112	675	32	32487	5	2	88	0	0	0	0	0	0	0	0	0	0	0	0	0	0	
542.440800	8	3	3	0	1	2	2	4115	675	32	32547	5	2	88	0	0	0	0	0	0	0	0	0	0	0	0	0	0	
543.428633	8	3	3	0	1	2	2	4117	672	32	32607	5	2	88	0	0	0	0	0	0	0	0	0	0	0	0	0	0	
544.433767	8	3	3	0	1	2	2	4117	666	32	32667	5	2	88	0	0	0	0	0	0	0	0	0	0	0	0	0	0	
545.438883	8	3	3	0	1	2	2	4120	665	32	32727	5	2	88	0	0	0	0	0	0	0	0	0	0	0	0	0	0	
546.444000	8	3	3	0	1	2	2	4123	663	32	32788	5	2	88	0	0	0	0	0	0	0	0	0	0	0	0	0	0	
547.430400	8	3	3	0	1	2	2	4127	663	32	32847	5	2	88	0	0	0	0	0	0	0	0	0	0	0	0	0	0	
548.436967	8	3	3	0	1	2	2	4131	665	32	32907	5	2	88	0	0	0	0	0	0	0	0	0	0	0	0	0	0	
549.442083	8	3	3	0	1	2	2	4134	663	32	32967	5	2	88	0	0	0	0	0	0	0	0	0	0	0	0	0	0	
550.447200	8	3	3	0	1	2	2	4138	662	32	33028	5	2	88	0	0	0	0	0	0	0	0	0	0	0	0	0	0	
551.433600	8	3	3	0	1	2	2	4142	661	32	33087	5	2	88	0	0	0	0	0	0	0	0	0	0	0	0	0	0	
552.438717	8	3	3	0	1	2	2	4146	662	32	33147	5	2	88	0	0	0	0	0	0	0	0	0	0	0	0	0	0	
553.445283	8	3	3	0	1	2	2	4152	661	32	33208	5	2	88	0	0	0	0	0	0	0	0	0	0	0	0	0	0	
554.431683	8	3	3	0	1	2	2	4155	661	32	33267	5	2	88	0	0	0	0	0	0	0	0	0	0	0	0	0	0	
555.436800	8	3	3	0	1	2	2	4159	661	32	33327	5	2	88	0	0	0	0	0	0	0	0	0	0	0	0	0	0	
556.441917	8	3	3	0	1	2	2	4161	658	32	33387	5	2	88	0	0	0	0	0	0	0	0	0	0	0	0	0	0	
557.447033	8	3	3	0	1	2	2	4166	658	32	33448	5	2	88	0	0	0	0	0	0	0	0	0	0	0	0	0	0	
558.433433	8	3	3	0	1	2	2	4171	659	32	33507	5	2	88	0	0	0	0	0	0	0	0	0	0	0	0	0	0	
559.440000	8	3	3	0	1	2	2	4175	658	32	33567	5	2	88	0	0	0	0	0	0	0	0	0	0	0	0	0	0	
560.445117	8	3	3	0	1	2	2	4178	656	32	33628	5	2	88	0	0	0	0	0	0	0	0	0	0	0	0	0	0	
561.431517	8	3	3	0	1	2	2	4182	654	32	33687	5	2	88	0	0	0	0	0	0	0	0	0	0	0	0	0	0	
562.436633	8	3	3	0	1	2	2	4189	658	32	33747	5	2	88	0	0	0	0	0	0	0	0	0	0	0	0	0	0	
563.441767	8	3	3	0	1	2	2	4192	656	32	33807	5	2	88	0	0	0	0	0	0	0	0	0	0	0	0	0	0	
564.446883	8	3	3	0	1	2	2	4195	654	32	33868	5	2	88	0	0	0	0	0	0	0	0	0	0	0	0	0	0	
565.434717	8	3	3	0	1	2	2	4198	653	32	33927	5	2	88	0	0	0	0	0	0	0	0	0	0	0	0	0	0	
566.439833	8	3	3	0	1	2	2	4199	648	32	33987	5	2	88	0	0	0	0	0	0	0	0	0	0	0	0	0	0	
567.444967	8	3	3	0	1	2	2	4198	643	32	34048	5	2	88	0	0	0	0	0	0	0	0	0	0	0	0	0	0	
568.431367	8	3	3	0	1	2	2	4198	636	32	34107	5	2	88	0	0	0	0	0	0	0	0	0	0	0	0	0	0	
569.436483	8	3	3	0	1	2	2	4198	630	32	34167	5	2	88	0	0	0	0	0	0	0	0	0	0	0	0	0	0	
570.441600	8	3	3	0	1	2	2	4198	623	32	34227	5	2	88	0	0	0	0	0	0	0	0	0	0	0	0	0	0	
571.448167	8	3	3	0	1	2	2	4198	616	32	34288	5	2	88	0	0	0	0	0	0	0	0	0	0	0	0	0	0	
572.434567	8	3	3	0	1	2	2	4199	610	32	34347	5	2	88	0	0	0	0	0	0	0	0	0	0	0	0	0	0	
573.439683	8	3	3	0	1	2	2	4198	603	32	34407	5	2	88	0	0	0	0	0	0	0	0	0	0	0	0	0	0	
574.444800	8	3	3	0	1	2	2	4199	598	32	34467	5	2	88	0	0	0	0	0	0	0	0	0	0	0	0	0	0	
575.431200	8	3	3	0	1	2	2	4199	592	32	34527	5	2	88	0	0	0	0	0	0	0	0	0	0	0	0	0	0	
576.437767	8	3	3	0	1	2	2	4198	581	32	34587	5	2	88	0	0	0	0	0	0	0	0	0	0	0	0	0	0	
577.442883	8	3	3	0	1	2	2	4199	575	32	34647	5	2	88	0	0	0	0	0	0	0	0	0	0	0	0	0	0	
578.448000	8	3	3	0	1	2	2	4199	568	32	34708	5	2	88	0	0	0	0	0	0	0	0	0	0	0	0	0	0	
579.434400	8	3	3	0	1	2	2	4198	571	32	34767	5	2	88	0	0	0	0	0	0	0	0	0	0	0	0	0	0	
580.439517	8	3	3	0	1	2	2	4199	558	32	34827	5	2	88	0	0	0	0	0	0	0	0	0	0	0	0	0	0	
581.446083	8	3	3	0	1	2	2	4198	552	32	34887	5	2	88	0	0	0	0	0	0	0	0	0	0	0	0	0	0	
582.432483	8	3	3	0	1	2	2	4198	545	32	34947	5	2	88	0	0	0	0	0	0	0	0	0	0	0	0	0	0	
583.437600	8	3	3	0	1	2	2	4199	536	32	35007	5	2	88	0	0	0	0	0	0	0	0	0	0	0	0	0	0	
584.442717	8	3	3	0	1	2	2	4199	523	32	35067	5	2	88	0	0	0	0	0	0	0	0	0	0	0	0	0	0	
585.447833	8	3	3	0	1	2	2	4199	522	32	35128	5	2	88	0	0	0	0	0	0	0	0	0	0	0	0	0	0	
586.434233	8	3	3	0	1	2	2	4198	507	32	35187	5	2	88	0	0	0	0	0	0	0	0	0	0	0	0	0	0	
587.440800	8	3	3	0	1	2	2	4198	510	32	35247	5	2	88	0	0	0	0	0	0	0	0	0	0	0	0	0	0	
588.445917	8	3	3	0	1	2	2	4198	467	32	35307	5	2	88	0	0	0	0	0	0	0	0	0	0	0	0	0	0	
589.432317	8	3	3	0	1	2	2	4199	457	32	35367	5	2	88	0	0	0	0	0	0	0	0	0	0	0	0	0	0	
590.437433	8	3	3	0	1	2	2	4199	454	32	35427	5	2	88	0	0	0	0	0	0	0	0	0	0	0	0	0	0	
591.442567	8	3	3	0	1	2	2	4199	449	32	35487	5	2	88	0	0	0	0	0	0	0	0	0	0	0	0	0	0	
592.449117	8	3	3	0	1	2	2	4198	447	32	35548	5	2	88	0	0	0	0	0	0	0	0	0	0	0	0	0	0	
593.435517	8	3	3	0	1	2	2	4199	420	32	35607	5	2	88	0	0	0	0	0	0	0	0	0	0	0	0	0	0	
594.440633	8	3	3	0	1	2	2	4198	418	32	35667	5	2	88	0	0	0	0	0	0	0	0	0	0	0	0	0	0	
595.445767	8	3	3	0	1	2	2	4199	407	32	35727	5	2	88	0	0	0	0	0	0	0	0	0	0	0	0	0	0	
596.432167	8	3	3	0	1	2	2	4199	391	32	35787	5	2	88	0	0	0	0	0	0	0	0	0	0	0	0	0	0	
597.438717	8	3	3	0	1	2	2	4198	380	32	35847	5	2	88	0	0	0	0	0	0	0	0	0	0	0	0	0	0	
598.443833	8	3	3	0	1	2	2	4198	363	32	35907	5	2	88	0	0	0	0	0	0	0	0	0	0	0	0	0	0	
599.448967	8	3	3	0	1	2	2	4198	345	32	35968	5	2	88	0	0	0	0	0	0	0	0	0	0	0	0	0	0	
600.435367	8	3	3	0	1	2	2	4198	348	32	36027	5	2	88	0	0	0	0	0	0	0	0	0	0	0	0	0	0	
601.440483	8	3	3	0	1	2	2	4198	341	32	36087	5	2	88	0	0	0	0	0	0	0	0	0	0	0	0	0	0	
602.445600	8	3	3	0	1	2	2	4199	324	32	36147	5	2	88	0	0	0	0	0	0	0	0	0	0	0	0	0	0	
603.433433	8	3	3	0	1	2	2	4199	309	32	36207	5	2	88	0	0	0	0	0	0	0	0	0	0	0	0	0	0	
604.438567	8	3	3	0	1	2	2	4199	309	32	36267	5	2	88	0	0	0	0	0	0	0	0	0	0	0	0	0	0	
605.443683	8	3	3	0	1	2	2	4198	301	32	36327	5	2	88	0	0	0	0	0	0	0	0	0	0	0	0	0	0	
606.448800	8	3	3	0	1	2	2	4199	300	32	36388	5	2	88	0	0	0	0	0	0	0	0	0	0	0	0	0	0	
607.435200	8	3	3	0	1	2	2	4199	300	32	36447	5	2	88	0	0	0	0	0	0	0	0	0	0	0	0	0	0	
608.440317	8	3	3	0	1	2	2	4199	294	32	36507	5	2	88	0	0	0	0	0	0	0	0	0	0	0	0	0	0	
609.446883	8	3	3	0	1	2	2	4199	291	32	36567	5	2	88	0	0	0	0	0	0	0	0	0	0	0	0	0	0	
610.433283	8	3	3	0	1	2	2	4199	278	32	36627	5	2	88	0	0	0	0	0	0	0	0	0	0	0	0	0	0	
611.438400	8	3	3	0	1	2	2	4199	276	32	36687	5	2	88	0	0	0	0	0	0	0	0	0	0	0	0	0	0	
612.443517	8	3	3	0	1	2	2	4198	270	32	36747	5	2	88	0	0	0	0	0	0	0	0	0	0	0	0	0	0	
613.450083	8	3	3	0	1	2	2	4199	260	32	36808	5	2	88	0	0	0	0	0	0	0	0	0	0	0	0	0	0	
614.436483	8	3	3	0	1	2	2	4199	250	32	36867	5	2	88	0	0	0	0	0	0	0	0	0	0	0	0	0	0	
615.441600	8	3	3	0	1	2	2	4199	240	32	36927	5	2	88	0	0	0	0	0	0	0	0	0	0	0	0	0	0	
616.446717	8	3	3	0	1	2	2	4198	226	32	36987	5	2	88	0	0	0	0	0	0	0	0	0	0	0	0	0	0	
617.451833	8	3	3	0	1	2	2	4198	218	32	37048	5	2	88	0	0	0	0	0	0	0	0	0	0	0	0	0	0	
618.438233	8	3	3	0	1	2	2	4198	211	32	37107	5	2	88	0	0	0	0	0	0	0	0	0	0	0	0	0	0	
619.444800	8	3	3	0	1	2	2	4198	207	32	37167	5	2	88	0	0	0	0	0	0	0	0	0	0	0	0	0	0	
620.449917	8	3	3	0	1	2	2	4199	198	32	37228	5	2	88	0	0	0	0	0	0	0	0	0	0	0	0	0	0	
621.436317	8	3	3	0	1	2	2	4198	192	32	37287	5	2	88	0	0	0	0	0	0	0	0	0	0	0	0	0	0	
622.441433	8	3	3	0	1	2	2	4199	191	32	37347	5	2	88	0	0	0	0	0	0	0	0	0	0	0	0	0	0	
623.446567	8	3	3	0	1	2	2	4199	181	32	37407	5	2	88	0	0	0	0	0	0	0	0	0	0	0	0	0	0	
624.453117	8	3	3	0	1	2	2	4198	179	32	37468	5	2	88	0	0	0	0	0	0	0	0	0	0	0	0	0	0	
625.439517	8	3	3	0	1	2	2	4198	172	32	37527	5	2	88	0	0	0	0	0	0	0	0	0	0	0	0	0	0	
626.444633	8	3	3	0	1	2	2	4198	169	32	37587	5	2	88	0	0	0	0	0	0	0	0	0	0	0	0	0	0	
627.449767	8	3	3	0	1	2	2	4198	166	32	37648	5	2	88	0	0	0	0	0	0	0	0	0	0	0	0	0	0	
628.436167	8	3	3	0	1	2	2	4199	160	32	37707	5	2	88	0	0	0	0	0	0	0	0	0	0	0	0	0	0	
629.442717	8	3	3	0	1	2	2	4199	154	32	37767	5	2	88	0	0	0	0	0	0	0	0	0	0	0	0	0	0	
630.447833	8	3	3	0	1	2	2	4198	153	32	37827	5	2	88	0	0	0	0	0	0	0	0	0	0	0	0	0	0	
631.452967	8	3	3	0	1	2	2	4198	148	32	37888	5	2	88	0	0	0	0	0	0	0	0	0	0	0	0	0	0	
632.439367	8	3	3	0	1	2	2	4198	139	32	37947	5	2	88	0	0	0	0	0	0	0	0	0	0	0	0	0	0	
633.444483	8	3	3	0	1	2	2	4199	132	32	38007	5	2	88	0	0	0	0	0	0	0	0	0	0	0	0	0	0	
634.451033	8	3	3	0	1	2	2	4199	128	32	38068	5	2	88	0	0	0	0	0	0	0	0	0	0	0	0	0	0	
635.437433	8	3	3	0	1	2	2	4198	125	32	38127	5	2	88	0	0	0	0	0	0	0	0	0	0	0	0	0	0	
636.442567	8	3	3	0	1	2	2	4199	120	32	38187	5	2	88	0	0	0	0	0	0	0	0	0	0	0	0	0	0	
637.447683	8	3	3	0	1	2	2	4199	113	32	38247	5	2	88	0	0	0	0	0	0	0	0	0	0	0	0	0	0	
638.452800	8	3	3	0	1	2	2	4199	112	32	38308	5	2	88	0	0	0	0	0	0	0	0	0	0	0	0	0	0	
639.439200	8	3	3	0	1	2	2	4199	110	32	38367	5	2	88	0	0	0	0	0	0	0	0	0	0	0	0	0	0	
640.445767	8	3	3	0	1	2	2	4199	108	32	38427	5	2	88	0	0	0	0	0	0	0	0	0	0	0	0	0	0	
641.450883	8	3	3	0	1	2	2	4199	103	32	38488	5	2	88	0	0	0	0	0	0	0	0	0	0	0	0	0	0	
642.437283	8	3	3	0	1	2	2	4198	100	32	38547	5	2	88	0	0	0	0	0	0	0	0	0	0	0	0	0	0	
643.442400	8	3	3	0	1	2	2	4198	97	32	38607	5	2	88	0	0	0	0	0	0	0	0	0	0	0	0	0	0	
644.447517	8	3	3	0	1	2	2	4198	96	32	38667	5	2	88	0	0	0	0	0	0	0	0	0	0	0	0	0	0	
645.452633	8	3	3	0	1	2	2	4198	92	32	38728	5	2	88	0	0	0	0	0	0	0	0	0	0	0	0	0	0	
646.440483	8	3	3	0	1	2	2	4198	91	32	38787	5	2	88	0	0	0	0	0	0	0	0	0	0	0	0	0	0	
647.445600	8	3	3	0	1	2	2	4199	88	32	38847	5	2	88	0	0	0	0	0	0	0	0	0	0	0	0	0	0	
648.450717	8	3	3	0	1	2	2	4199	85	32	38907	5	2	88	0	0	0	0	0	0	0	0	0	0	0	0	0	0	
649.437117	8	3	3	0	1	2	2	4199	81	32	38967	5	2	88	0	0	0	0	0	0	0	0	0	0	0	0	0	0	
650.442233	8	3	3	0	1	2	2	4198	79	32	39027	5	2	88	0	0	0	0	0	0	0	0	0	0	0	0	0	0	
651.448800	8	3	3	0	1	2	2	4198	77	32	39087	5	2	88	0	0	0	0	0	0	0	0	0	0	0	0	0	0	
652.453917	8	3	3	0	1	2	2	4199	75	32	39148	5	2	88	0	0	0	0	0	0	0	0	0	0	0	0	0	0	
653.440317	8	3	3	0	1	2	2	4198	73	32	39207	5	2	88	0	0	0	0	0	0	0	0	0	0	0	0	0	0	
654.445433	8	3	3	0	1	2	2	4198	71	32	39267	5	2	88	0	0	0	0	0	0	0	0	0	0	0	0	0	0	
655.452000	8	3	3	0	1	2	2	4198	68	32	39327	5	2	88	0	0	0	0	0	0	0	0	0	0	0	0	0	0	
656.438400	8	3	3	0	1	2	2	4199	69	32	39387	5	2	88	0	0	0	0	0	0	0	0	0	0	0	0	0	0	
657.180000	8	6	3	0	2	7	1	3710	-1006	32	39431	5	3	0	0	0	0	0	0	0	0	0	0	0	0	0	0	0	
657.444967	8	6	3	0	2	7	1	3636	-1350	32	39447	5	3	0	0	0	0	0	0	0	0	0	0	0	0	0	0	0	
658.450083	8	6	3	0	2	7	1	3640	-1348	32	39507	5	3	2	0	0	0	0	0	0	0	0	0	0	0	0	0	0	
659.436483	8	6	3	0	2	7	1	3620	-1350	32	39567	5	3	3	0	0	0	0	0	0	0	0	0	0	0	0	0	0	
660.441600	8	6	3	0	2	7	1	3602	-1351	32	39627	5	3	5	0	0	0	0	0	0	0	0	0	0	0	0	0	0	
661.448167	8	6	3	0	2	7	1	3580	-1350	32	39687	5	3	7	0	0	0	0	0	0	0	0	0	0	0	0	0	0	
662.453283	8	6	3	0	2	7	1	3559	-1349	32	39748	5	3	8	0	0	0	0	0	0	0	0	0	0	0	0	0	0	
663.439683	8	6	3	0	2	7	1	3515	-1350	32	39807	5	3	10	0	0	0	0	0	0	0	0	0	0	0	0	0	0	
664.444800	8	6	3	0	2	7	1	3506	-1351	32	39867	5	3	12	0	0	0	0	0	0	0	0	0	0	0	0	0	0	
665.449917	8	6	3	0	2	7	1	3486	-1351	32	39927	5	3	13	0	0	0	0	0	0	0	0	0	0	0	0	0	0	
666.456483	8	6	3	0	2	7	1	3482	-1350	32	39988	5	3	15	0	0	0	0	0	0	0	0	0	0	0	0	0	0	
667.442883	8	6	3	0	2	7	1	3473	-1350	32	40047	5	3	16	0	0	0	0	0	0	0	0	0	0	0	0	0	0	
668.448000	8	6	3	0	2	7	1	3471	-1349	32	40107	5	3	18	0	0	0	0	0	0	0	0	0	0	0	0	0	0	
669.453117	8	6	3	0	2	7	1	3462	-1351	32	40168	5	3	20	0	0	0	0	0	0	0	0	0	0	0	0	0	0	
670.439517	8	6	3	0	2	7	1	3448	-1350	32	40227	5	3	21	0	0	0	0	0	0	0	0	0	0	0	0	0	0	
671.446083	8	6	3	0	2	7	1	3434	-1349	32	40287	5	3	23	0	0	0	0	0	0	0	0	0	0	0	0	0	0	
672.451200	8	6	3	0	2	7	1	3425	-1349	32	40347	5	3	25	0	0	0	0	0	0	0	0	0	0	0	0	0	0	
673.456317	8	6	3	0	2	7	1	3413	-1350	32	40408	5	3	26	0	0	0	0	0	0	0	0	0	0	0	0	0	0	
674.442717	8	6	3	0	2	7	1	3401	-1351	32	40467	5	3	28	0	0	0	0	0	0	0	0	0	0	0	0	0	0	
675.447833	8	6	3	0	2	7	1	3390	-1348	32	40527	5	3	30	0	0	0	0	0	0	0	0	0	0	0	0	0	0	
676.452967	8	6	3	0	2	7	1	3380	-1350	32	40588	5	3	31	0	0	0	0	0	0	0	0	0	0	0	0	0	0	
677.440800	8	6	3	0	2	7	1	3372	-1349	32	40647	5	3	33	0	0	0	0	0	0	0	0	0	0	0	0	0	0	
678.445917	8	6	3	0	2	7	1	3362	-1349	32	40707	5	3	35	0	0	0	0	0	0	0	0	0	0	0	0	0	0	
679.451033	8	6	3	0	2	7	1	3353	-1349	32	40767	5	3	36	0	0	0	0	0	0	0	0	0	0	0	0	0	0	
680.456167	8	6	3	0	2	7	1	3347	-1349	32	40828	5	3	38	0	0	0	0	0	0	0	0	0	0	0	0	0	0	
681.442567	8	6	3	0	2	7	1	3340	-1349	32	40887	5	3	40	0	0	0	0	0	0	0	0	0	0	0	0	0	0	
682.449117	8	6	3	0	2	7	1	3329	-1350	32	40947	5	3	41	0	0	0	0	0	0	0	0	0	0	0	0	0	0	
683.454233	8	6	3	0	2	7	1	3323	-1351	32	41008	5	3	43	0	0	0	0	0	0	0	0	0	0	0	0	0	0	
684.440633	8	6	3	0	2	7	1	3315	-1349	32	41067	5	3	45	0	0	0	0	0	0	0	0	0	0	0	0	0	0	
685.445767	8	6	3	0	2	7	1	3307	-1351	32	41127	5	3	46	0	0	0	0	0	0	0	0	0	0	0	0	0	0	
686.450883	8	6	3	0	2	7	1	3300	-1348	32	41187	5	3	48	0	0	0	0	0	0	0	0	0	0	0	0	0	0	
687.457433	8	6	3	0	2	7	1	3293	-1350	32	41248	5	3	50	0	0	0	0	0	0	0	0	0	0	0	0	0	0	
688.443833	8	6	3	0	2	7	1	3286	-1350	32	41307	5	3	51	0	0	0	0	0	0	0	0	0	0	0	0	0	0	
689.448967	8	6	3	0	2	7	1	3278	-1350	32	41367	5	3	53	0	0	0	0	0	0	0	0	0	0	0	0	0	0	
690.454083	8	6	3	0	2	7	1	3272	-1350	32	41427	5	3	55	0	0	0	0	0	0	0	0	0	0	0	0	0	0	
691.440483	8	6	3	0	2	7	1	3263	-1351	32	41487	5	3	56	0	0	0	0	0	0	0	0	0	0	0	0	0	0	
692.445600	8	6	3	0	2	7	1	3255	-1350	32	41547	5	3	58	0	0	0	0	0	0	0	0	0	0	0	0	0	0	
693.452167	8	6	3	0	2	7	1	3246	-1352	32	41607	5	3	60	0	0	0	0	0	0	0	0	0	0	0	0	0	0	
694.457283	8	6	3	0	2	7	1	3239	-1348	32	41668	5	3	61	0	0	0	0	0	0	0	0	0	0	0	0	0	0	
695.443683	8	6	3	0	2	7	1	3233	-1352	32	41727	5	3	63	0	0	0	0	0	0	0	0	0	0	0	0	0	0	
696.448800	8	6	3	0	2	7	1	3226	-1350	32	41787	5	3	65	0	0	0	0	0	0	0	0	0	0	0	0	0	0	
697.453917	8	6	3	0	2	7	1	3216	-1351	32	41847	5	3	66	0	0	0	0	0	0	0	0	0	0	0	0	0	0	
698.441767	8	6	3	0	2	7	1	3208	-1348	32	41907	5	3	68	0	0	0	0	0	0	0	0	0	0	0	0	0	0	
699.446883	8	6	3	0	2	7	1	3198	-1350	32	41967	5	3	70	0	0	0	0	0	0	0	0	0	0	0	0	0	0	
700.452000	8	6	3	0	2	7	1	3187	-1350	32	42027	5	3	71	0	0	0	0	0	0	0	0	0	0	0	0	0	0	
701.457117	8	6	3	0	2	7	1	3169	-1351	32	42088	5	3	73	0	0	0	0	0	0	0	0	0	0	0	0	0	0	
702.443517	8	6	3	0	2	7	1	3149	-1350	32	42147	5	3	74	0	0	0	0	0	0	0	0	0	0	0	0	0	0	
703.448633	8	6	3	0	2	7	1	3123	-1351	32	42207	5	3	76	0	0	0	0	0	0	0	0	0	0	0	0	0	0	
704.455200	8	6	3	0	2	7	1	3081	-1350	32	42267	5	3	78	0	0	0	0	0	0	0	0	0	0	0	0	0	0	
705.441600	8	6	3	0	2	7	1	3033	-1350	32	42327	5	3	79	0	0	0	0	0	0	0	0	0	0	0	0	0	0	
706.446717	8	6	3	0	2	7	1	2954	-1349	32	42387	5	3	81	0	0	0	0	0	0	0	0	0	0	0	0	0	0	
707.451833	8	6	3	0	2	7	1	2778	-1351	32	42447	5	3	83	0	0	0	0	0	0	0	0	0	0	0	0	0	0	
707.761433	8	15	3	0	1	31	2	2796	3	32	42466	6	3	83	0	0	0	0	0	0	0	0	0	0	0	0	0	0	
707.781600	8	3	3	0	1	2	2	3321	661	32	42467	7	3	83	0	0	0	0	0	0	0	0	0	0	0	0	0	0	
708.442567	8	3	3	0	1	2	2	3544	673	32	42507	7	3	83	0	0	0	0	0	0	0	0	0	0	0	0	0	0	
709.447683	8	3	3	0	1	2	2	3671	675	32	42567	7	3	83	0	0	0	0	0	0	0	0	0	0	0	0	0	0	
710.452800	8	3	3	0	1	2	2	3761	674	32	42627	7	3	83	0	0	0	0	0	0	0	0	0	0	0	0	0	0	
711.457917	8	3	3	0	1	2	2	3816	674	32	42688	7	3	83	0	0	0	0	0	0	0	0	0	0	0	0	0	0	
712.445767	8	3	3	0	1	2	2	3860	674	32	42747	7	3	83	0	0	0	0	0	0	0	0	0	0	0	0	0	0	
713.450883	8	3	3	0	1	2	2	3903	674	32	42807	7	3	83	0	0	0	0	0	0	0	0	0	0	0	0	0	0	
714.456000	8	3	3	0	1	2	2	3926	675	32	42867	7	3	83	0	0	0	0	0	0	0	0	0	0	0	0	0	0	
715.442400	8	3	3	0	1	2	2	3943	675	32	42927	7	3	83	0	0	0	0	0	0	0	0	0	0	0	0	0	0	
716.447517	8	3	3	0	1	2	2	3946	675	32	42987	7	3	83	0	0	0	0	0	0	0	0	0	0	0	0	0	0	
717.452633	8	3	3	0	1	2	2	3957	675	32	43047	7	3	83	0	0	0	0	0	0	0	0	0	0	0	0	0	0	
718.459200	8	3	3	0	1	2	2	3970	674	32	43108	7	3	83	0	0	0	0	0	0	0	0	0	0	0	0	0	0	
719.445600	8	3	3	0	1	2	2	3972	675	32	43167	7	3	83	0	0	0	0	0	0	0	0	0	0	0	0	0	0	
720.450717	8	3	3	0	1	2	2	3982	674	32	43227	7	3	83	0	0	0	0	0	0	0	0	0	0	0	0	0	0	
721.455833	8	3	3	0	1	2	2	3997	674	32	43287	7	3	83	0	0	0	0	0	0	0	0	0	0	0	0	0	0	
722.443683	8	3	3	0	1	2	2	4000	675	32	43347	7	3	83	0	0	0	0	0	0	0	0	0	0	0	0	0	0	
723.448800	8	3	3	0	1	2	2	4009	675	32	43407	7	3	83	0	0	0	0	0	0	0	0	0	0	0	0	0	0	
724.453917	8	3	3	0	1	2	2	4018	673	32	43467	7	3	83	0	0	0	0	0	0	0	0	0	0	0	0	0	0	
725.459033	8	3	3	0	1	2	2	4026	675	32	43528	7	3	83	0	0	0	0	0	0	0	0	0	0	0	0	0	0	
726.445433	8	3	3	0	1	2	2	4034	674	32	43587	7	3	83	0	0	0	0	0	0	0	0	0	0	0	0	0	0	
727.450567	8	3	3	0	1	2	2	4040	674	32	43647	7	3	83	0	0	0	0	0	0	0	0	0	0	0	0	0	0	
728.457117	8	3	3	0	1	2	2	4054	675	32	43707	7	3	83	0	0	0	0	0	0	0	0	0	0	0	0	0	0	
729.443517	8	3	3	0	1	2	2	4065	675	32	43767	7	3	83	0	0	0	0	0	0	0	0	0	0	0	0	0	0	
730.448633	8	3	3	0	1	2	2	4077	674	32	43827	7	3	83	0	0	0	0	0	0	0	0	0	0	0	0	0	0	
731.453767	8	3	3	0	1	2	2	4132	665	32	43887	7	3	83	0	0	0	0	0	0	0	0	0	0	0	0	0	0	
732.458883	8	3	3	0	1	2	2	4047	675	32	43948	7	3	83	0	0	0	0	0	0	0	0	0	0	0	0	0	0	
733.445283	8	3	3	0	1	2	2	4044	675	32	44007	7	3	83	0	0	0	0	0	0	0	0	0	0	0	0	0	0	
734.451833	8	3	3	0	1	2	2	4047	675	32	44067	7	3	83	0	0	0	0	0	0	0	0	0	0	0	0	0	0	
735.456967	8	3	3	0	1	2	2	4049	674	32	44127	7	3	83	0	0	0	0	0	0	0	0	0	0	0	0	0	0	
736.443367	8	3	3	0	1	2	2	4051	675	32	44187	7	3	83	0	0	0	0	0	0	0	0	0	0	0	0	0	0	
737.448483	8	3	3	0	1	2	2	4052	675	32	44247	7	3	83	0	0	0	0	0	0	0	0	0	0	0	0	0	0	
738.453600	8	3	3	0	1	2	2	4053	673	32	44307	7	3	83	0	0	0	0	0	0	0	0	0	0	0	0	0	0	
739.460167	8	3	3	0	1	2	2	4055	674	32	44368	7	3	83	0	0	0	0	0	0	0	0	0	0	0	0	0	0	
740.446567	8	3	3	0	1	2	2	4056	676	32	44427	7	3	83	0	0	0	0	0	0	0	0	0	0	0	0	0	0	
741.451683	8	3	3	0	1	2	2	4056	676	32	44487	7	3	83	0	0	0	0	0	0	0	0	0	0	0	0	0	0	
742.456800	8	3	3	0	1	2	2	4056	674	32	44547	7	3	83	0	0	0	0	0	0	0	0	0	0	0	0	0	0	
743.443200	8	3	3	0	1	2	2	4054	674	32	44607	7	3	83	0	0	0	0	0	0	0	0	0	0	0	0	0	0	
744.449767	8	3	3	0	1	2	2	4055	676	32	44667	7	3	83	0	0	0	0	0	0	0	0	0	0	0	0	0	0	
745.454883	8	3	3	0	1	2	2	4055	674	32	44727	7	3	83	0	0	0	0	0	0	0	0	0	0	0	0	0	0	
746.460000	8	3	3	0	1	2	2	4055	674	32	44788	7	3	83	0	0	0	0	0	0	0	0	0	0	0	0	0	0	
747.446400	8	3	3	0	1	2	2	4055	675	32	44847	7	3	83	0	0	0	0	0	0	0	0	0	0	0	0	0	0	
748.451517	8	3	3	0	1	2	2	4056	674	32	44907	7	3	83	0	0	0	0	0	0	0	0	0	0	0	0	0	0	
749.458083	8	3	3	0	1	2	2	4055	674	32	44967	7	3	83	0	0	0	0	0	0	0	0	0	0	0	0	0	0	
750.463200	8	3	3	0	1	2	2	4056	674	32	45028	7	3	83	0	0	0	0	0	0	0	0	0	0	0	0	0	0	
751.449600	8	3	3	0	1	2	2	4060	674	32	45087	7	3	83	0	0	0	0	0	0	0	0	0	0	0	0	0	0	
752.454717	8	3	3	0	1	2	2	4065	674	32	45147	7	3	83	0	0	0	0	0	0	0	0	0	0	0	0	0	0	
753.459833	8	3	3	0	1	2	2	4067	675	32	45208	7	3	83	0	0	0	0	0	0	0	0	0	0	0	0	0	0	
754.446233	8	3	3	0	1	2	2	4070	675	32	45267	7	3	83	0	0	0	0	0	0	0	0	0	0	0	0	0	0	
755.452800	8	3	3	0	1	2	2	4073	674	32	45327	7	3	83	0	0	0	0	0	0	0	0	0	0	0	0	0	0	
756.457917	8	3	3	0	1	2	2	4077	674	32	45387	7	3	83	0	0	0	0	0	0	0	0	0	0	0	0	0	0	
757.463033	8	3	3	0	1	2	2	4080	675	32	45448	7	3	83	0	0	0	0	0	0	0	0	0	0	0	0	0	0	
758.449433	8	3	3	0	1	2	2	4083	674	32	45507	7	3	83	0	0	0	0	0	0	0	0	0	0	0	0	0	0	
759.454567	8	3	3	0	1	2	2	4087	674	32	45567	7	3	83	0	0	0	0	0	0	0	0	0	0	0	0	0	0	
760.461117	8	3	3	0	1	2	2	4092	675	32	45628	7	3	83	0	0	0	0	0	0	0	0	0	0	0	0	0	0	
761.447517	8	3	3	0	1	2	2	4095	674	32	45687	7	3	83	0	0	0	0	0	0	0	0	0	0	0	0	0	0	
762.452633	8	3	3	0	1	2	2	4100	675	32	45747	7	3	83	0	0	0	0	0	0	0	0	0	0	0	0	0	0	
763.457767	8	3	3	0	1	2	2	4103	675	32	45807	7	3	83	0	0	0	0	0	0	0	0	0	0	0	0	0	0	
764.462883	8	3	3	0	1	2	2	4106	674	32	45868	7	3	83	0	0	0	0	0	0	0	0	0	0	0	0	0	0	
765.449283	8	3	3	0	1	2	2	4110	674	32	45927	7	3	83	0	0	0	0	0	0	0	0	0	0	0	0	0	0	
766.455833	8	3	3	0	1	2	2	4114	675	32	45987	7	3	83	0	0	0	0	0	0	0	0	0	0	0	0	0	0	
767.460967	8	3	3	0	1	2	2	4116	666	32	46048	7	3	83	0	0	0	0	0	0	0	0	0	0	0	0	0	0	
768.447367	8	3	3	0	1	2	2	4121	666	32	46107	7	3	83	0	0	0	0	0	0	0	0	0	0	0	0	0	0	
769.452483	8	3	3	0	1	2	2	4124	663	32	46167	7	3	83	0	0	0	0	0	0	0	0	0	0	0	0	0	0	
770.457600	8	3	3	0	1	2	2	4129	663	32	46227	7	3	83	0	0	0	0	0	0	0	0	0	0	0	0	0	0	
771.464167	8	3	3	0	1	2	2	4134	664	32	46288	7	3	83	0	0	0	0	0	0	0	0	0	0	0	0	0	0	
772.450567	8	3	3	0	1	2	2	4139	663	32	46347	7	3	83	0	0	0	0	0	0	0	0	0	0	0	0	0	0	
773.455683	8	3	3	0	1	2	2	4143	661	32	46407	7	3	83	0	0	0	0	0	0	0	0	0	0	0	0	0	0	
774.460800	8	3	3	0	1	2	2	4148	662	32	46468	7	3	83	0	0	0	0	0	0	0	0	0	0	0	0	0	0	
775.447200	8	3	3	0	1	2	2	4151	658	32	46527	7	3	83	0	0	0	0	0	0	0	0	0	0	0	0	0	0	
776.452317	8	3	3	0	1	2	2	4156	659	32	46587	7	3	83	0	0	0	0	0	0	0	0	0	0	0	0	0	0	
777.458883	8	3	3	0	1	2	2	4161	659	32	46647	7	3	83	0	0	0	0	0	0	0	0	0	0	0	0	0	0	
778.464000	8	3	3	0	1	2	2	4166	660	32	46708	7	3	83	0	0	0	0	0	0	0	0	0	0	0	0	0	0	
779.450400	8	3	3	0	1	2	2	4170	659	32	46767	7	3	83	0	0	0	0	0	0	0	0	0	0	0	0	0	0	
780.455517	8	3	3	0	1	2	2	4175	658	32	46827	7	3	83	0	0	0	0	0	0	0	0	0	0	0	0	0	0	
781.462083	8	3	3	0	1	2	2	4180	659	32	46888	7	3	83	0	0	0	0	0	0	0	0	0	0	0	0	0	0	
782.448483	8	3	3	0	1	2	2	4185	656	32	46947	7	3	83	0	0	0	0	0	0	0	0	0	0	0	0	0	0	
783.453600	8	3	3	0	1	2	2	4191	656	32	47007	7	3	83	0	0	0	0	0	0	0	0	0	0	0	0	0	0	
784.458717	8	3	3	0	1	2	2	4196	656	32	47067	7	3	83	0	0	0	0	0	0	0	0	0	0	0	0	0	0	
785.463833	8	3	3	0	1	2	2	4198	646	32	47128	7	3	83	0	0	0	0	0	0	0	0	0	0	0	0	0	0	
786.450233	8	3	3	0	1	2	2	4198	629	32	47187	7	3	83	0	0	0	0	0	0	0	0	0	0	0	0	0	0	
787.456800	8	3	3	0	1	2	2	4198	613	32	47247	7	3	83	0	0	0	0	0	0	0	0	0	0	0	0	0	0	
788.461917	8	3	3	0	1	2	2	4199	597	32	47307	7	3	83	0	0	0	0	0	0	0	0	0	0	0	0	0	0	
789.448317	8	3	3	0	1	2	2	4199	582	32	47367	7	3	83	0	0	0	0	0	0	0	0	0	0	0	0	0	0	
790.453433	8	3	3	0	1	2	2	4198	566	32	47427	7	3	83	0	0	0	0	0	0	0	0	0	0	0	0	0	0	
791.458567	8	3	3	0	1	2	2	4198	553	32	47487	7	3	83	0	0	0	0	0	0	0	0	0	0	0	0	0	0	
792.465117	8	3	3	0	1	2	2	4198	537	32	47548	7	3	83	0	0	0	0	0	0	0	0	0	0	0	0	0	0	
793.451517	8	3	3	0	1	2	2	4199	518	32	47607	7	3	83	0	0	0	0	0	0	0	0	0	0	0	0	0	0	
794.456633	8	3	3	0	1	2	2	4198	504	32	47667	7	3	83	0	0	0	0	0	0	0	0	0	0	0	0	0	0	
795.461767	8	3	3	0	1	2	2	4198	490	32	47727	7	3	83	0	0	0	0	0	0	0	0	0	0	0	0	0	0	
796.448167	8	3	3	0	1	2	2	4199	477	32	47787	7	3	83	0	0	0	0	0	0	0	0	0	0	0	0	0	0	
797.454717	8	3	3	0	1	2	2	4199	464	32	47847	7	3	83	0	0	0	0	0	0	0	0	0	0	0	0	0	0	
798.459833	8	3	3	0	1	2	2	4199	449	32	47907	7	3	83	0	0	0	0	0	0	0	0	0	0	0	0	0	0	
799.464967	8	3	3	0	1	2	2	4199	437	32	47968	7	3	83	0	0	0	0	0	0	0	0	0	0	0	0	0	0	
800.451367	8	3	3	0	1	2	2	4199	419	32	48027	7	3	83	0	0	0	0	0	0	0	0	0	0	0	0	0	0	
801.456483	8	3	3	0	1	2	2	4198	401	32	48087	7	3	83	0	0	0	0	0	0	0	0	0	0	0	0	0	0	
802.463033	8	3	3	0	1	2	2	4199	392	32	48147	7	3	83	0	0	0	0	0	0	0	0	0	0	0	0	0	0	
803.449433	8	3	3	0	1	2	2	4199	378	32	48207	7	3	83	0	0	0	0	0	0	0	0	0	0	0	0	0	0	
804.454567	8	3	3	0	1	2	2	4199	369	32	48267	7	3	83	0	0	0	0	0	0	0	0	0	0	0	0	0	0	
805.459683	8	3	3	0	1	2	2	4199	358	32	48327	7	3	83	0	0	0	0	0	0	0	0	0	0	0	0	0	0	
806.464800	8	3	3	0	1	2	2	4199	348	32	48388	7	3	83	0	0	0	0	0	0	0	0	0	0	0	0	0	0	
807.451200	8	3	3	0	1	2	2	4199	338	32	48447	7	3	83	0	0	0	0	0	0	0	0	0	0	0	0	0	0	
808.457767	8	3	3	0	1	2	2	4198	327	32	48507	7	3	83	0	0	0	0	0	0	0	0	0	0	0	0	0	0	
809.462883	8	3	3	0	1	2	2	4199	320	32	48567	7	3	83	0	0	0	0	0	0	0	0	0	0	0	0	0	0	
810.449283	8	3	3	0	1	2	2	4199	312	32	48627	7	3	83	0	0	0	0	0	0	0	0	0	0	0	0	0	0	
811.454400	8	3	3	0	1	2	2	4198	305	32	48687	7	3	83	0	0	0	0	0	0	0	0	0	0	0	0	0	0	
812.459517	8	3	3	0	1	2	2	4199	297	32	48747	7	3	83	0	0	0	0	0	0	0	0	0	0	0	0	0	0	
813.464633	8	3	3	0	1	2	2	4198	288	32	48808	7	3	83	0	0	0	0	0	0	0	0	0	0	0	0	0	0	
814.452483	8	3	3	0	1	2	2	4199	282	32	48867	7	3	83	0	0	0	0	0	0	0	0	0	0	0	0	0	0	
815.457600	8	3	3	0	1	2	2	4199	275	32	48927	7	3	83	0	0	0	0	0	0	0	0	0	0	0	0	0	0	
816.462717	8	3	3	0	1	2	2	4198	269	32	48987	7	3	83	0	0	0	0	0	0	0	0	0	0	0	0	0	0	
817.449117	8	3	3	0	1	2	2	4198	262	32	49047	7	3	83	0	0	0	0	0	0	0	0	0	0	0	0	0	0	
818.454233	8	3	3	0	1	2	2	4199	251	32	49107	7	3	83	0	0	0	0	0	0	0	0	0	0	0	0	0	0	
819.459367	8	3	3	0	1	2	2	4198	243	32	49167	7	3	83	0	0	0	0	0	0	0	0	0	0	0	0	0	0	
820.465917	8	3	3	0	1	2	2	4199	234	32	49228	7	3	83	0	0	0	0	0	0	0	0	0	0	0	0	0	0	
821.452317	8	3	3	0	1	2	2	4198	226	32	49287	7	3	83	0	0	0	0	0	0	0	0	0	0	0	0	0	0	
822.457433	8	3	3	0	1	2	2	4199	219	32	49347	7	3	83	0	0	0	0	0	0	0	0	0	0	0	0	0	0	
823.462567	8	3	3	0	1	2	2	4199	215	32	49407	7	3	83	0	0	0	0	0	0	0	0	0	0	0	0	0	0	
824.467683	8	3	3	0	1	2	2	4199	208	32	49468	7	3	83	0	0	0	0	0	0	0	0	0	0	0	0	0	0	
825.454083	8	3	3	0	1	2	2	4198	202	32	49527	7	3	83	0	0	0	0	0	0	0	0	0	0	0	0	0	0	
826.460633	8	3	3	0	1	2	2	4198	196	32	49587	7	3	83	0	0	0	0	0	0	0	0	0	0	0	0	0	0	
827.465767	8	3	3	0	1	2	2	4198	191	32	49648	7	3	83	0	0	0	0	0	0	0	0	0	0	0	0	0	0	
828.452167	8	3	3	0	1	2	2	4198	186	32	49707	7	3	83	0	0	0	0	0	0	0	0	0	0	0	0	0	0	
829.457283	8	3	3	0	1	2	2	4198	181	32	49767	7	3	83	0	0	0	0	0	0	0	0	0	0	0	0	0	0	
830.463833	8	3	3	0	1	2	2	4199	175	32	49827	7	3	83	0	0	0	0	0	0	0	0	0	0	0	0	0	0	
831.468967	8	3	3	0	1	2	2	4199	170	32	49888	7	3	83	0	0	0	0	0	0	0	0	0	0	0	0	0	0	
832.455367	8	3	3	0	1	2	2	4199	165	32	49947	7	3	83	0	0	0	0	0	0	0	0	0	0	0	0	0	0	
833.460483	8	3	3	0	1	2	2	4198	160	32	50007	7	3	83	0	0	0	0	0	0	0	0	0	0	0	0	0	0	
834.465600	8	3	3	0	1	2	2	4199	156	32	50068	7	3	83	0	0	0	0	0	0	0	0	0	0	0	0	0	0	
835.452000	8	3	3	0	1	2	2	4198	149	32	50127	7	3	83	0	0	0	0	0	0	0	0	0	0	0	0	0	0	
836.458567	8	3	3	0	1	2	2	4198	146	32	50187	7	3	83	0	0	0	0	0	0	0	0	0	0	0	0	0	0	
837.463683	8	3	3	0	1	2	2	4199	141	32	50247	7	3	83	0	0	0	0	0	0	0	0	0	0	0	0	0	0	
838.468800	8	3	3	0	1	2	2	4198	136	32	50308	7	3	83	0	0	0	0	0	0	0	0	0	0	0	0	0	0	
839.455200	8	3	3	0	1	2	2	4198	134	32	50367	7	3	83	0	0	0	0	0	0	0	0	0	0	0	0	0	0	
840.461767	8	3	3	0	1	2	2	4199	131	32	50427	7	3	83	0	0	0	0	0	0	0	0	0	0	0	0	0	0	
841.466883	8	3	3	0	1	2	2	4198	128	32	50488	7	3	83	0	0	0	0	0	0	0	0	0	0	0	0	0	0	
842.453283	8	3	3	0	1	2	2	4199	126	32	50547	7	3	83	0	0	0	0	0	0	0	0	0	0	0	0	0	0	
843.458400	8	3	3	0	1	2	2	4198	122	32	50607	7	3	83	0	0	0	0	0	0	0	0	0	0	0	0	0	0	
844.463517	8	3	3	0	1	2	2	4199	117	32	50667	7	3	83	0	0	0	0	0	0	0	0	0	0	0	0	0	0	
845.470083	8	3	3	0	1	2	2	4198	115	32	50728	7	3	83	0	0	0	0	0	0	0	0	0	0	0	0	0	0	
846.456483	8	3	3	0	1	2	2	4198	111	32	50787	7	3	83	0	0	0	0	0	0	0	0	0	0	0	0	0	0	
847.461600	8	3	3	0	1	2	2	4198	108	32	50847	7	3	83	0	0	0	0	0	0	0	0	0	0	0	0	0	0	
848.466717	8	3	3	0	1	2	2	4199	104	32	50908	7	3	83	0	0	0	0	0	0	0	0	0	0	0	0	0	0	
849.453117	8	3	3	0	1	2	2	4199	101	32	50967	7	3	83	0	0	0	0	0	0	0	0	0	0	0	0	0	0	
850.458233	8	3	3	0	1	2	2	4198	97	32	51027	7	3	83	0	0	0	0	0	0	0	0	0	0	0	0	0	0	
851.464800	8	3	3	0	1	2	2	4199	95	32	51087	7	3	83	0	0	0	0	0	0	0	0	0	0	0	0	0	0	
852.469917	8	3	3	0	1	2	2	4198	92	32	51148	7	3	83	0	0	0	0	0	0	0	0	0	0	0	0	0	0	
853.456317	8	3	3	0	1	2	2	4198	89	32	51207	7	3	83	0	0	0	0	0	0	0	0	0	0	0	0	0	0	
854.461433	8	3	3	0	1	2	2	4198	88	32	51267	7	3	83	0	0	0	0	0	0	0	0	0	0	0	0	0	0	
855.468000	8	3	3	0	1	2	2	4198	86	32	51328	7	3	83	0	0	0	0	0	0	0	0	0	0	0	0	0	0	
856.454400	8	3	3	0	1	2	2	4198	84	32	51387	7	3	83	0	0	0	0	0	0	0	0	0	0	0	0	0	0	
857.459517	8	3	3	0	1	2	2	4198	83	32	51447	7	3	83	0	0	0	0	0	0	0	0	0	0	0	0	0	0	
858.464633	8	3	3	0	1	2	2	4198	81	32	51507	7	3	83	0	0	0	0	0	0	0	0	0	0	0	0	0	0	
859.469767	8	3	3	0	1	2	2	4198	78	32	51568	7	3	83	0	0	0	0	0	0	0	0	0	0	0	0	0	0	
860.456167	8	3	3	0	1	2	2	4198	77	32	51627	7	3	83	0	0	0	0	0	0	0	0	0	0	0	0	0	0	
861.462717	8	3	3	0	1	2	2	4198	74	32	51687	7	3	83	0	0	0	0	0	0	0	0	0	0	0	0	0	0	
862.467833	8	3	3	0	1	2	2	4198	71	32	51747	7	3	83	0	0	0	0	0	0	0	0	0	0	0	0	0	0	
863.454233	8	3	3	0	1	2	2	4198	70	32	51807	7	3	83	0	0	0	0	0	0	0	0	0	0	0	0	0	0	
864.459367	8	3	3	0	1	2	2	4198	68	32	51867	7	3	83	0	0	0	0	0	0	0	0	0	0	0	0	0	0	
864.993600	8	6	3	0	2	7	1	3665	-1348	32	51899	7	4	0	0	0	0	0	0	0	0	0	0	0	0	0	0	0	
865.465917	8	6	3	0	2	7	1	3680	-1350	32	51927	7	4	0	0	0	0	0	0	0	0	0	0	0	0	0	0	0	
866.453767	8	6	3	0	2	7	1	3669	-1348	32	51987	7	4	2	0	0	0	0	0	0	0	0	0	0	0	0	0	0	
867.458883	8	6	3	0	2	7	1	3666	-1350	32	52047	7	4	3	0	0	0	0	0	0	0	0	0	0	0	0	0	0	
868.464000	8	6	3	0	2	7	1	3627	-1349	32	52107	7	4	5	0	0	0	0	0	0	0	0	0	0	0	0	0	0	
869.469117	8	6	3	0	2	7	1	3628	-1351	32	52168	7	4	7	0	0	0	0	0	0	0	0	0	0	0	0	0	0	
870.455517	8	6	3	0	2	7	1	3614	-1348	32	52227	7	4	8	0	0	0	0	0	0	0	0	0	0	0	0	0	0	
871.462083	8	6	3	0	2	7	1	3596	-1351	32	52287	7	4	10	0	0	0	0	0	0	0	0	0	0	0	0	0	0	
872.467200	8	6	3	0	2	7	1	3586	-1350	32	52347	7	4	12	0	0	0	0	0	0	0	0	0	0	0	0	0	0	
873.472317	8	6	3	0	2	7	1	3568	-1351	32	52408	7	4	14	0	0	0	0	0	0	0	0	0	0	0	0	0	0	
874.458717	8	6	3	0	2	7	1	3553	-1349	32	52467	7	4	15	0	0	0	0	0	0	0	0	0	0	0	0	0	0	
875.463833	8	6	3	0	2	7	1	3545	-1349	32	52527	7	4	17	0	0	0	0	0	0	0	0	0	0	0	0	0	0	
876.468967	8	6	3	0	2	7	1	3534	-1350	32	52588	7	4	18	0	0	0	0	0	0	0	0	0	0	0	0	0	0	
877.456800	8	6	3	0	2	7	1	3522	-1351	32	52647	7	4	20	0	0	0	0	0	0	0	0	0	0	0	0	0	0	
878.461917	8	6	3	0	2	7	1	3510	-1351	32	52707	7	4	22	0	0	0	0	0	0	0	0	0	0	0	0	0	0	
879.467033	8	6	3	0	2	7	1	3498	-1349	32	52767	7	4	23	0	0	0	0	0	0	0	0	0	0	0	0	0	0	
880.472167	8	6	3	0	2	7	1	3487	-1350	32	52828	7	4	25	0	0	0	0	0	0	0	0	0	0	0	0	0	0	
881.458567	8	6	3	0	2	7	1	3476	-1350	32	52887	7	4	27	0	0	0	0	0	0	0	0	0	0	0	0	0	0	
882.465117	8	6	3	0	2	7	1	3465	-1349	32	52947	7	4	28	0	0	0	0	0	0	0	0	0	0	0	0	0	0	
883.470233	8	6	3	0	2	7	1	3453	-1349	32	53008	7	4	30	0	0	0	0	0	0	0	0	0	0	0	0	0	0	
884.456633	8	6	3	0	2	7	1	3442	-1350	32	53067	7	4	32	0	0	0	0	0	0	0	0	0	0	0	0	0	0	
885.461767	8	6	3	0	2	7	1	3431	-1350	32	53127	7	4	33	0	0	0	0	0	0	0	0	0	0	0	0	0	0	
886.466883	8	6	3	0	2	7	1	3421	-1350	32	53187	7	4	35	0	0	0	0	0	0	0	0	0	0	0	0	0	0	
887.473433	8	6	3	0	2	7	1	3411	-1349	32	53248	7	4	37	0	0	0	0	0	0	0	0	0	0	0	0	0	0	
888.459833	8	6	3	0	2	7	1	3401	-1349	32	53307	7	4	38	0	0	0	0	0	0	0	0	0	0	0	0	0	0	
889.464967	8	6	3	0	2	7	1	3392	-1348	32	53367	7	4	40	0	0	0	0	0	0	0	0	0	0	0	0	0	0	
890.470083	8	6	3	0	2	7	1	3383	-1350	32	53428	7	4	42	0	0	0	0	0	0	0	0	0	0	0	0	0	0	
891.456483	8	6	3	0	2	7	1	3374	-1349	32	53487	7	4	43	0	0	0	0	0	0	0	0	0	0	0	0	0	0	
892.461600	8	6	3	0	2	7	1	3366	-1349	32	53547	7	4	45	0	0	0	0	0	0	0	0	0	0	0	0	0	0	
893.468167	8	6	3	0	2	7	1	3357	-1347	32	53607	7	4	47	0	0	0	0	0	0	0	0	0	0	0	0	0	0	
894.473283	8	6	3	0	2	7	1	3350	-1349	32	53668	7	4	48	0	0	0	0	0	0	0	0	0	0	0	0	0	0	
895.459683	8	6	3	0	2	7	1	3342	-1350	32	53727	7	4	50	0	0	0	0	0	0	0	0	0	0	0	0	0	0	
896.464800	8	6	3	0	2	7	1	3335	-1349	32	53787	7	4	52	0	0	0	0	0	0	0	0	0	0	0	0	0	0	
897.469917	8	6	3	0	2	7	1	3328	-1348	32	53847	7	4	53	0	0	0	0	0	0	0	0	0	0	0	0	0	0	
898.456317	8	6	3	0	2	7	1	3321	-1351	32	53907	7	4	55	0	0	0	0	0	0	0	0	0	0	0	0	0	0	
899.462883	8	6	3	0	2	7	1	3315	-1349	32	53967	7	4	57	0	0	0	0	0	0	0	0	0	0	0	0	0	0	
900.468000	8	6	3	0	2	7	1	3308	-1350	32	54027	7	4	58	0	0	0	0	0	0	0	0	0	0	0	0	0	0	
901.473117	8	6	3	0	2	7	1	3302	-1348	32	54088	7	4	60	0	0	0	0	0	0	0	0	0	0	0	0	0	0	
902.459517	8	6	3	0	2	7	1	3296	-1350	32	54147	7	4	62	0	0	0	0	0	0	0	0	0	0	0	0	0	0	
903.466083	8	6	3	0	2	7	1	3289	-1351	32	54207	7	4	63	0	0	0	0	0	0	0	0	0	0	0	0	0	0	
904.471200	8	6	3	0	2	7	1	3283	-1353	32	54267	7	4	65	0	0	0	0	0	0	0	0	0	0	0	0	0	0	
905.457600	8	6	3	0	2	7	1	3277	-1350	32	54327	7	4	67	0	0	0	0	0	0	0	0	0	0	0	0	0	0	
906.462717	8	6	3	0	2	7	1	3270	-1350	32	54387	7	4	68	0	0	0	0	0	0	0	0	0	0	0	0	0	0	
907.467833	8	6	3	0	2	7	1	3263	-1349	32	54447	7	4	70	0	0	0	0	0	0	0	0	0	0	0	0	0	0	
908.474400	8	6	3	0	2	7	1	3255	-1349	32	54508	7	4	71	0	0	0	0	0	0	0	0	0	0	0	0	0	0	
909.460800	8	6	3	0	2	7	1	3246	-1350	32	54567	7	4	73	0	0	0	0	0	0	0	0	0	0	0	0	0	0	
910.465917	8	6	3	0	2	7	1	3236	-1348	32	54627	7	4	75	0	0	0	0	0	0	0	0	0	0	0	0	0	0	
911.471033	8	6	3	0	2	7	1	3223	-1350	32	54687	7	4	76	0	0	0	0	0	0	0	0	0	0	0	0	0	0	
912.457433	8	6	3	0	2	7	1	3208	-1349	32	54747	7	4	78	0	0	0	0	0	0	0	0	0	0	0	0	0	0	
913.462567	8	6	3	0	2	7	1	3187	-1349	32	54807	7	4	80	0	0	0	0	0	0	0	0	0	0	0	0	0	0	
914.469117	8	6	3	0	2	7	1	3163	-1351	32	54867	7	4	81	0	0	0	0	0	0	0	0	0	0	0	0	0	0	
915.474233	8	6	3	0	2	7	1	3129	-1350	32	54928	7	4	83	0	0	0	0	0	0	0	0	0	0	0	0	0	0	
916.460633	8	6	3	0	2	7	1	3080	-1351	32	54987	7	4	85	0	0	0	0	0	0	0	0	0	0	0	0	0	0	
917.465767	8	6	3	0	2	7	1	2987	-1353	32	55047	7	4	86	0	0	0	0	0	0	0	0	0	0	0	0	0	0	
918.470883	8	6	3	0	2	7	1	2787	-1348	32	55107	7	4	88	0	0	0	0	0	0	0	0	0	0	0	0	0	0	
918.741600	8	15	3	0	1	31	2	2752	1	32	55124	8	4	89	0	0	0	0	0	0	0	0	0	0	0	0	0	0	
918.763200	8	3	3	0	1	2	2	3265	645	32	55125	9	4	89	0	0	0	0	0	0	0	0	0	0	0	0	0	0	
919.461600	8	3	3	0	1	2	2	3526	674	32	55167	9	4	89	0	0	0	0	0	0	0	0	0	0	0	0	0	0	
920.466717	8	3	3	0	1	2	2	3652	675	32	55227	9	4	89	0	0	0	0	0	0	0	0	0	0	0	0	0	0	
921.471833	8	3	3	0	1	2	2	3729	674	32	55287	9	4	89	0	0	0	0	0	0	0	0	0	0	0	0	0	0	
922.458233	8	3	3	0	1	2	2	3784	674	32	55347	9	4	89	0	0	0	0	0	0	0	0	0	0	0	0	0	0	
923.464800	8	3	3	0	1	2	2	3828	674	32	55407	9	4	89	0	0	0	0	0	0	0	0	0	0	0	0	0	0	
924.469917	8	3	3	0	1	2	2	3862	674	32	55467	9	4	89	0	0	0	0	0	0	0	0	0	0	0	0	0	0	
925.475033	8	3	3	0	1	2	2	3881	675	32	55528	9	4	89	0	0	0	0	0	0	0	0	0	0	0	0	0	0	
926.461433	8	3	3	0	1	2	2	3888	674	32	55587	9	4	89	0	0	0	0	0	0	0	0	0	0	0	0	0	0	
927.466567	8	3	3	0	1	2	2	3896	674	32	55647	9	4	89	0	0	0	0	0	0	0	0	0	0	0	0	0	0	
928.473117	8	3	3	0	1	2	2	3903	674	32	55707	9	4	89	0	0	0	0	0	0	0	0	0	0	0	0	0	0	
929.459517	8	3	3	0	1	2	2	3909	673	32	55767	9	4	89	0	0	0	0	0	0	0	0	0	0	0	0	0	0	
930.464633	8	3	3	0	1	2	2	3916	675	32	55827	9	4	89	0	0	0	0	0	0	0	0	0	0	0	0	0	0	
931.469767	8	3	3	0	1	2	2	3923	675	32	55887	9	4	89	0	0	0	0	0	0	0	0	0	0	0	0	0	0	
932.474883	8	3	3	0	1	2	2	3929	674	32	55948	9	4	89	0	0	0	0	0	0	0	0	0	0	0	0	0	0	
933.461283	8	3	3	0	1	2	2	3935	674	32	56007	9	4	89	0	0	0	0	0	0	0	0	0	0	0	0	0	0	
934.467833	8	3	3	0	1	2	2	3940	674	32	56067	9	4	89	0	0	0	0	0	0	0	0	0	0	0	0	0	0	
935.472967	8	3	3	0	1	2	2	3946	674	32	56127	9	4	89	0	0	0	0	0	0	0	0	0	0	0	0	0	0	
936.459367	8	3	3	0	1	2	2	3952	675	32	56187	9	4	89	0	0	0	0	0	0	0	0	0	0	0	0	0	0	
937.464483	8	3	3	0	1	2	2	3958	673	32	56247	9	4	89	0	0	0	0	0	0	0	0	0	0	0	0	0	0	
938.469600	8	3	3	0	1	2	2	3964	676	32	56307	9	4	89	0	0	0	0	0	0	0	0	0	0	0	0	0	0	
939.474717	8	3	3	0	1	2	2	3970	675	32	56368	9	4	89	0	0	0	0	0	0	0	0	0	0	0	0	0	0	
940.462567	8	3	3	0	1	2	2	3976	675	32	56427	9	4	89	0	0	0	0	0	0	0	0	0	0	0	0	0	0	
941.467683	8	3	3	0	1	2	2	3981	674	32	56487	9	4	89	0	0	0	0	0	0	0	0	0	0	0	0	0	0	
942.472800	8	3	3	0	1	2	2	3986	674	32	56547	9	4	89	0	0	0	0	0	0	0	0	0	0	0	0	0	0	
943.459200	8	3	3	0	1	2	2	3990	674	32	56607	9	4	89	0	0	0	0	0	0	0	0	0	0	0	0	0	0	
944.464317	8	3	3	0	1	2	2	3995	675	32	56667	9	4	89	0	0	0	0	0	0	0	0	0	0	0	0	0	0	
945.469433	8	3	3	0	1	2	2	3997	673	32	56727	9	4	89	0	0	0	0	0	0	0	0	0	0	0	0	0	0	
946.476000	8	3	3	0	1	2	2	4001	674	32	56788	9	4	89	0	0	0	0	0	0	0	0	0	0	0	0	0	0	
947.462400	8	3	3	0	1	2	2	4004	675	32	56847	9	4	89	0	0	0	0	0	0	0	0	0	0	0	0	0	0	
948.467517	8	3	3	0	1	2	2	4007	674	32	56907	9	4	89	0	0	0	0	0	0	0	0	0	0	0	0	0	0	
949.472633	8	3	3	0	1	2	2	4009	674	32	56967	9	4	89	0	0	0	0	0	0	0	0	0	0	0	0	0	0	
950.459033	8	3	3	0	1	2	2	4012	675	32	57027	9	4	89	0	0	0	0	0	0	0	0	0	0	0	0	0	0	
951.465600	8	3	3	0	1	2	2	4015	674	32	57087	9	4	89	0	0	0	0	0	0	0	0	0	0	0	0	0	0	
952.470717	8	3	3	0	1	2	2	4017	675	32	57147	9	4	89	0	0	0	0	0	0	0	0	0	0	0	0	0	0	
953.475833	8	3	3	0	1	2	2	4020	675	32	57208	9	4	89	0	0	0	0	0	0	0	0	0	0	0	0	0	0	
954.462233	8	3	3	0	1	2	2	4023	675	32	57267	9	4	89	0	0	0	0	0	0	0	0	0	0	0	0	0	0	
955.467367	8	3	3	0	1	2	2	4026	674	32	57327	9	4	89	0	0	0	0	0	0	0	0	0	0	0	0	0	0	
956.473917	8	3	3	0	1	2	2	4029	674	32	57387	9	4	89	0	0	0	0	0	0	0	0	0	0	0	0	0	0	
957.479033	8	3	3	0	1	2	2	4032	675	32	57448	9	4	89	0	0	0	0	0	0	0	0	0	0	0	0	0	0	
958.465433	8	3	3	0	1	2	2	4035	675	32	57507	9	4	89	0	0	0	0	0	0	0	0	0	0	0	0	0	0	
959.470567	8	3	3	0	1	2	2	4037	673	32	57567	9	4	89	0	0	0	0	0	0	0	0	0	0	0	0	0	0	
960.475683	8	3	3	0	1	2	2	4041	674	32	57628	9	4	89	0	0	0	0	0	0	0	0	0	0	0	0	0	0	
961.462083	8	3	3	0	1	2	2	4045	676	32	57687	9	4	89	0	0	0	0	0	0	0	0	0	0	0	0	0	0	
962.468633	8	3	3	0	1	2	2	4047	674	32	57747	9	4	89	0	0	0	0	0	0	0	0	0	0	0	0	0	0	
963.473767	8	3	3	0	1	2	2	4051	675	32	57807	9	4	89	0	0	0	0	0	0	0	0	0	0	0	0	0	0	
964.478883	8	3	3	0	1	2	2	4054	675	32	57868	9	4	89	0	0	0	0	0	0	0	0	0	0	0	0	0	0	
965.465283	8	3	3	0	1	2	2	4058	675	32	57927	9	4	89	0	0	0	0	0	0	0	0	0	0	0	0	0	0	
966.470400	8	3	3	0	1	2	2	4061	675	32	57987	9	4	89	0	0	0	0	0	0	0	0	0	0	0	0	0	0	
967.475517	8	3	3	0	1	2	2	4064	675	32	58048	9	4	89	0	0	0	0	0	0	0	0	0	0	0	0	0	0	
968.463367	8	3	3	0	1	2	2	4068	674	32	58107	9	4	89	0	0	0	0	0	0	0	0	0	0	0	0	0	0	
969.468483	8	3	3	0	1	2	2	4071	675	32	58167	9	4	89	0	0	0	0	0	0	0	0	0	0	0	0	0	0	
970.473600	8	3	3	0	1	2	2	4075	675	32	58227	9	4	89	0	0	0	0	0	0	0	0	0	0	0	0	0	0	
971.478717	8	3	3	0	1	2	2	4079	674	32	58288	9	4	89	0	0	0	0	0	0	0	0	0	0	0	0	0	0	
972.465117	8	3	3	0	1	2	2	4082	673	32	58347	9	4	89	0	0	0	0	0	0	0	0	0	0	0	0	0	0	
973.471683	8	3	3	0	1	2	2	4086	674	32	58407	9	4	89	0	0	0	0	0	0	0	0	0	0	0	0	0	0	
974.476800	8	3	3	0	1	2	2	4090	675	32	58468	9	4	89	0	0	0	0	0	0	0	0	0	0	0	0	0	0	
975.463200	8	3	3	0	1	2	2	4094	674	32	58527	9	4	89	0	0	0	0	0	0	0	0	0	0	0	0	0	0	
976.468317	8	3	3	0	1	2	2	4098	674	32	58587	9	4	89	0	0	0	0	0	0	0	0	0	0	0	0	0	0	
977.473433	8	3	3	0	1	2	2	4103	675	32	58647	9	4	89	0	0	0	0	0	0	0	0	0	0	0	0	0	0	
978.480000	8	3	3	0	1	2	2	4106	673	32	58708	9	4	89	0	0	0	0	0	0	0	0	0	0	0	0	0	0	
979.466400	8	3	3	0	1	2	2	4111	675	32	58767	9	4	89	0	0	0	0	0	0	0	0	0	0	0	0	0	0	
980.471517	8	3	3	0	1	2	2	4115	675	32	58827	9	4	89	0	0	0	0	0	0	0	0	0	0	0	0	0	0	
981.476633	8	3	3	0	1	2	2	4117	667	32	58887	9	4	89	0	0	0	0	0	0	0	0	0	0	0	0	0	0	
982.463033	8	3	3	0	1	2	2	4120	663	32	58947	9	4	89	0	0	0	0	0	0	0	0	0	0	0	0	0	0	
983.468167	8	3	3	0	1	2	2	4125	662	32	59007	9	4	89	0	0	0	0	0	0	0	0	0	0	0	0	0	0	
984.474717	8	3	3	0	1	2	2	4129	663	32	59067	9	4	89	0	0	0	0	0	0	0	0	0	0	0	0	0	0	
985.479833	8	3	3	0	1	2	2	4134	662	32	59128	9	4	89	0	0	0	0	0	0	0	0	0	0	0	0	0	0	
986.466233	8	3	3	0	1	2	2	4138	662	32	59187	9	4	89	0	0	0	0	0	0	0	0	0	0	0	0	0	0	
987.471367	8	3	3	0	1	2	2	4144	662	32	59247	9	4	89	0	0	0	0	0	0	0	0	0	0	0	0	0	0	
988.476483	8	3	3	0	1	2	2	4149	661	32	59307	9	4	89	0	0	0	0	0	0	0	0	0	0	0	0	0	0	
989.464317	8	3	3	0	1	2	2	4154	660	32	59367	9	4	89	0	0	0	0	0	0	0	0	0	0	0	0	0	0	
990.469433	8	3	3	0	1	2	2	4158	658	32	59427	9	4	89	0	0	0	0	0	0	0	0	0	0	0	0	0	0	
991.474567	8	3	3	0	1	2	2	4164	659	32	59487	9	4	89	0	0	0	0	0	0	0	0	0	0	0	0	0	0	
992.479683	8	3	3	0	1	2	2	4169	660	32	59548	9	4	89	0	0	0	0	0	0	0	0	0	0	0	0	0	0	
993.466083	8	3	3	0	1	2	2	4173	657	32	59607	9	4	89	0	0	0	0	0	0	0	0	0	0	0	0	0	0	
994.472633	8	3	3	0	1	2	2	4179	656	32	59667	9	4	89	0	0	0	0	0	0	0	0	0	0	0	0	0	0	
995.477767	8	3	3	0	1	2	2	4185	657	32	59727	9	4	89	0	0	0	0	0	0	0	0	0	0	0	0	0	0	
996.464167	8	3	3	0	1	2	2	4189	653	32	59787	9	4	89	0	0	0	0	0	0	0	0	0	0	0	0	0	0	
997.469283	8	3	3	0	1	2	2	4196	656	32	59847	9	4	89	0	0	0	0	0	0	0	0	0	0	0	0	0	0	
998.474400	8	3	3	0	1	2	2	4198	646	32	59907	9	4	89	0	0	0	0	0	0	0	0	0	0	0	0	0	0	
999.480967	8	3	3	0	1	2	2	4198	629	32	59968	9	4	89	0	0	0	0	0	0	0	0	0	0	0	0	0	0	
1000.467367	8	3	3	0	1	2	2	4199	612	32	60027	9	4	89	0	0	0	0	0	0	0	0	0	0	0	0	0	0	
1001.472483	8	3	3	0	1	2	2	4199	596	32	60087	9	4	89	0	0	0	0	0	0	0	0	0	0	0	0	0	0	
1002.477600	8	3	3	0	1	2	2	4198	579	32	60147	9	4	89	0	0	0	0	0	0	0	0	0	0	0	0	0	0	
1003.464000	8	3	3	0	1	2	2	4198	562	32	60207	9	4	89	0	0	0	0	0	0	0	0	0	0	0	0	0	0	
1004.470567	8	3	3	0	1	2	2	4199	548	32	60267	9	4	89	0	0	0	0	0	0	0	0	0	0	0	0	0	0	
1005.475683	8	3	3	0	1	2	2	4199	533	32	60327	9	4	89	0	0	0	0	0	0	0	0	0	0	0	0	0	0	
1006.480800	8	3	3	0	1	2	2	4198	517	32	60388	9	4	89	0	0	0	0	0	0	0	0	0	0	0	0	0	0	
1007.467200	8	3	3	0	1	2	2	4199	503	32	60447	9	4	89	0	0	0	0	0	0	0	0	0	0	0	0	0	0	
1008.472317	8	3	3	0	1	2	2	4199	488	32	60507	9	4	89	0	0	0	0	0	0	0	0	0	0	0	0	0	0	
1009.477433	8	3	3	0	1	2	2	4199	473	32	60567	9	4	89	0	0	0	0	0	0	0	0	0	0	0	0	0	0	
1010.465283	8	3	3	0	1	2	2	4198	461	32	60627	9	4	89	0	0	0	0	0	0	0	0	0	0	0	0	0	0	
1011.470400	8	3	3	0	1	2	2	4198	448	32	60687	9	4	89	0	0	0	0	0	0	0	0	0	0	0	0	0	0	
1012.475517	8	3	3	0	1	2	2	4199	433	32	60747	9	4	89	0	0	0	0	0	0	0	0	0	0	0	0	0	0	
1013.480633	8	3	3	0	1	2	2	4199	418	32	60808	9	4	89	0	0	0	0	0	0	0	0	0	0	0	0	0	0	
1014.467033	8	3	3	0	1	2	2	4199	406	32	60867	9	4	89	0	0	0	0	0	0	0	0	0	0	0	0	0	0	
1015.472167	8	3	3	0	1	2	2	4198	392	32	60927	9	4	89	0	0	0	0	0	0	0	0	0	0	0	0	0	0	
1016.478717	8	3	3	0	1	2	2	4199	380	32	60987	9	4	89	0	0	0	0	0	0	0	0	0	0	0	0	0	0	
1017.465117	8	3	3	0	1	2	2	4198	370	32	61047	9	4	89	0	0	0	0	0	0	0	0	0	0	0	0	0	0	
1018.470233	8	3	3	0	1	2	2	4199	357	32	61107	9	4	89	0	0	0	0	0	0	0	0	0	0	0	0	0	0	
1019.475367	8	3	3	0	1	2	2	4199	344	32	61167	9	4	89	0	0	0	0	0	0	0	0	0	0	0	0	0	0	
1020.480483	8	3	3	0	1	2	2	4198	334	32	61228	9	4	89	0	0	0	0	0	0	0	0	0	0	0	0	0	0	
1021.466883	8	3	3	0	1	2	2	4199	325	32	61287	9	4	89	0	0	0	0	0	0	0	0	0	0	0	0	0	0	
1022.473433	8	3	3	0	1	2	2	4198	314	32	61347	9	4	89	0	0	0	0	0	0	0	0	0	0	0	0	0	0	
1023.478567	8	3	3	0	1	2	2	4198	305	32	61407	9	4	89	0	0	0	0	0	0	0	0	0	0	0	0	0	0	
1024.483683	8	3	3	0	1	2	2	4198	298	32	61468	9	4	89	0	0	0	0	0	0	0	0	0	0	0	0	0	0	
1025.470083	8	3	3	0	1	2	2	4199	289	32	61527	9	4	89	0	0	0	0	0	0	0	0	0	0	0	0	0	0	
1026.475200	8	3	3	0	1	2	2	4198	282	32	61587	9	4	89	0	0	0	0	0	0	0	0	0	0	0	0	0	0	
1027.481767	8	3	3	0	1	2	2	4199	273	32	61648	9	4	89	0	0	0	0	0	0	0	0	0	0	0	0	0	0	
1028.468167	8	3	3	0	1	2	2	4199	265	32	61707	9	4	89	0	0	0	0	0	0	0	0	0	0	0	0	0	0	
1029.473283	8	3	3	0	1	2	2	4198	258	32	61767	9	4	89	0	0	0	0	0	0	0	0	0	0	0	0	0	0	
1030.478400	8	3	3	0	1	2	2	4199	250	32	61827	9	4	89	0	0	0	0	0	0	0	0	0	0	0	0	0	0	
1031.483517	8	3	3	0	1	2	2	4198	243	32	61888	9	4	89	0	0	0	0	0	0	0	0	0	0	0	0	0	0	
1032.471367	8	3	3	0	1	2	2	4199	235	32	61947	9	4	89	0	0	0	0	0	0	0	0	0	0	0	0	0	0	
1033.476483	8	3	3	0	1	2	2	4198	229	32	62007	9	4	89	0	0	0	0	0	0	0	0	0	0	0	0	0	0	
1034.481600	8	3	3	0	1	2	2	4198	222	32	62068	9	4	89	0	0	0	0	0	0	0	0	0	0	0	0	0	0	
1035.468000	8	3	3	0	1	2	2	4199	215	32	62127	9	4	89	0	0	0	0	0	0	0	0	0	0	0	0	0	0	
1036.473117	8	3	3	0	1	2	2	4199	208	32	62187	9	4	89	0	0	0	0	0	0	0	0	0	0	0	0	0	0	
1037.479683	8	3	3	0	1	2	2	4198	201	32	62247	9	4	89	0	0	0	0	0	0	0	0	0	0	0	0	0	0	
1038.484800	8	3	3	0	1	2	2	4199	196	32	62308	9	4	89	0	0	0	0	0	0	0	0	0	0	0	0	0	0	
1039.471200	8	3	3	0	1	2	2	4199	190	32	62367	9	4	89	0	0	0	0	0	0	0	0	0	0	0	0	0	0	
1040.476317	8	3	3	0	1	2	2	4199	183	32	62427	9	4	89	0	0	0	0	0	0	0	0	0	0	0	0	0	0	
1041.481433	8	3	3	0	1	2	2	4199	177	32	62488	9	4	89	0	0	0	0	0	0	0	0	0	0	0	0	0	0	
1042.469283	8	3	3	0	1	2	2	4198	172	32	62547	9	4	89	0	0	0	0	0	0	0	0	0	0	0	0	0	0	
1043.474400	8	3	3	0	1	2	2	4198	166	32	62607	9	4	89	0	0	0	0	0	0	0	0	0	0	0	0	0	0	
1044.479517	8	3	3	0	1	2	2	4198	162	32	62667	9	4	89	0	0	0	0	0	0	0	0	0	0	0	0	0	0	
1045.484633	8	3	3	0	1	2	2	4199	157	32	62728	9	4	89	0	0	0	0	0	0	0	0	0	0	0	0	0	0	
1046.471033	8	3	3	0	1	2	2	4198	152	32	62787	9	4	89	0	0	0	0	0	0	0	0	0	0	0	0	0	0	
1047.476167	8	3	3	0	1	2	2	4198	148	32	62847	9	4	89	0	0	0	0	0	0	0	0	0	0	0	0	0	0	
1048.482717	8	3	3	0	1	2	2	4198	143	32	62907	9	4	89	0	0	0	0	0	0	0	0	0	0	0	0	0	0	
1049.469117	8	3	3	0	1	2	2	4198	138	32	62967	9	4	89	0	0	0	0	0	0	0	0	0	0	0	0	0	0	
1050.474233	8	3	3	0	1	2	2	4199	134	32	63027	9	4	89	0	0	0	0	0	0	0	0	0	0	0	0	0	0	
1051.479367	8	3	3	0	1	2	2	4198	131	32	63087	9	4	89	0	0	0	0	0	0	0	0	0	0	0	0	0	0	
1052.484483	8	3	3	0	1	2	2	4198	127	32	63148	9	4	89	0	0	0	0	0	0	0	0	0	0	0	0	0	0	
1053.472317	8	3	3	0	1	2	2	4198	122	32	63207	9	4	89	0	0	0	0	0	0	0	0	0	0	0	0	0	0	
1054.477433	8	3	3	0	1	2	2	4198	119	32	63267	9	4	89	0	0	0	0	0	0	0	0	0	0	0	0	0	0	
1055.482567	8	3	3	0	1	2	2	4198	115	32	63327	9	4	89	0	0	0	0	0	0	0	0	0	0	0	0	0	0	
1056.468967	8	3	3	0	1	2	2	4198	112	32	63387	9	4	89	0	0	0	0	0	0	0	0	0	0	0	0	0	0	
1057.474083	8	3	3	0	1	2	2	4198	108	32	63447	9	4	89	0	0	0	0	0	0	0	0	0	0	0	0	0	0	
1058.480633	8	3	3	0	1	2	2	4199	105	32	63507	9	4	89	0	0	0	0	0	0	0	0	0	0	0	0	0	0	
1059.485767	8	3	3	0	1	2	2	4199	102	32	63568	9	4	89	0	0	0	0	0	0	0	0	0	0	0	0	0	0	
1060.472167	8	3	3	0	1	2	2	4199	99	32	63627	9	4	89	0	0	0	0	0	0	0	0	0	0	0	0	0	0	
1061.477283	8	3	3	0	1	2	2	4198	96	32	63687	9	4	89	0	0	0	0	0	0	0	0	0	0	0	0	0	0	
1062.482400	8	3	3	0	1	2	2	4198	93	32	63747	9	4	89	0	0	0	0	0	0	0	0	0	0	0	0	0	0	
1063.468800	8	3	3	0	1	2	2	4199	90	32	63807	9	4	89	0	0	0	0	0	0	0	0	0	0	0	0	0	0	
1064.475367	8	3	3	0	1	2	2	4198	87	32	63867	9	4	89	0	0	0	0	0	0	0	0	0	0	0	0	0	0	
1065.480483	8	3	3	0	1	2	2	4198	84	32	63927	9	4	89	0	0	0	0	0	0	0	0	0	0	0	0	0	0	
1066.485600	8	3	3	0	1	2	2	4198	83	32	63988	9	4	89	0	0	0	0	0	0	0	0	0	0	0	0	0	0	
1067.472000	8	3	3	0	1	2	2	4199	80	32	64047	9	4	89	0	0	0	0	0	0	0	0	0	0	0	0	0	0	
1068.477117	8	3	3	0	1	2	2	4198	78	32	64107	9	4	89	0	0	0	0	0	0	0	0	0	0	0	0	0	0	
1069.483683	8	3	3	0	1	2	2	4199	75	32	64167	9	4	89	0	0	0	0	0	0	0	0	0	0	0	0	0	0	
1070.470083	8	3	3	0	1	2	2	4198	73	32	64227	9	4	89	0	0	0	0	0	0	0	0	0	0	0	0	0	0	
1071.475200	8	3	3	0	1	2	2	4198	71	32	64287	9	4	89	0	0	0	0	0	0	0	0	0	0	0	0	0	0	
1072.480317	8	3	3	0	1	2	2	4198	69	32	64347	9	4	89	0	0	0	0	0	0	0	0	0	0	0	0	0	0	
1073.485433	8	3	3	0	1	2	2	4199	66	32	64408	9	4	89	0	0	0	0	0	0	0	0	0	0	0	0	0	0	
1073.511367	8	6	3	0	2	7	1	3726	-1350	32	64409	9	5	0	0	0	0	0	0	0	0	0	0	0	0	0	0	0	
1074.474717	8	6	3	0	2	7	1	3715	-1348	32	64467	9	5	1	0	0	0	0	0	0	0	0	0	0	0	0	0	0	
1075.479833	8	6	3	0	2	7	1	3696	-1347	32	64527	9	5	3	0	0	0	0	0	0	0	0	0	0	0	0	0	0	
1076.484967	8	6	3	0	2	7	1	3683	-1348	32	64588	9	5	4	0	0	0	0	0	0	0	0	0	0	0	0	0	0	
1077.471367	8	6	3	0	2	7	1	3663	-1349	32	64647	9	5	6	0	0	0	0	0	0	0	0	0	0	0	0	0	0	
1078.477917	8	6	3	0	2	7	1	3639	-1349	32	64707	9	5	8	0	0	0	0	0	0	0	0	0	0	0	0	0	0	
1079.483033	8	6	3	0	2	7	1	3626	-1349	32	64767	9	5	9	0	0	0	0	0	0	0	0	0	0	0	0	0	0	
1080.488167	8	6	3	0	2	7	1	3606	-1350	32	64828	9	5	11	0	0	0	0	0	0	0	0	0	0	0	0	0	0	
1081.474567	8	6	3	0	2	7	1	3593	-1348	32	64887	9	5	13	0	0	0	0	0	0	0	0	0	0	0	0	0	0	
1082.479683	8	6	3	0	2	7	1	3580	-1351	32	64947	9	5	14	0	0	0	0	0	0	0	0	0	0	0	0	0	0	
1083.486233	8	6	3	0	2	7	1	3567	-1348	32	65008	9	5	16	0	0	0	0	0	0	0	0	0	0	0	0	0	0	
1084.472633	8	6	3	0	2	7	1	3552	-1348	32	65067	9	5	18	0	0	0	0	0	0	0	0	0	0	0	0	0	0	
1085.477767	8	6	3	0	2	7	1	3535	-1351	32	65127	9	5	19	0	0	0	0	0	0	0	0	0	0	0	0	0	0	
1086.482883	8	6	3	0	2	7	1	3525	-1349	32	65187	9	5	21	0	0	0	0	0	0	0	0	0	0	0	0	0	0	
1087.488000	8	6	3	0	2	7	1	3511	-1352	32	65248	9	5	23	0	0	0	0	0	0	0	0	0	0	0	0	0	0	
1088.474400	8	6	3	0	2	7	1	3499	-1349	32	65307	9	5	24	0	0	0	0	0	0	0	0	0	0	0	0	0	0	
1089.480967	8	6	3	0	2	7	1	3486	-1349	32	65367	9	5	26	0	0	0	0	0	0	0	0	0	0	0	0	0	0	
1090.486083	8	6	3	0	2	7	1	3475	-1349	32	65428	9	5	28	0	0	0	0	0	0	0	0	0	0	0	0	0	0	
1091.472483	8	6	3	0	2	7	1	3464	-1348	32	65487	9	5	29	0	0	0	0	0	0	0	0	0	0	0	0	0	0	
1092.477600	8	6	3	0	2	7	1	3453	-1349	32	65547	9	5	31	0	0	0	0	0	0	0	0	0	0	0	0	0	0	
1093.484167	8	6	3	0	2	7	1	3441	-1351	32	65607	9	5	33	0	0	0	0	0	0	0	0	0	0	0	0	0	0	
1094.489283	8	6	3	0	2	7	1	3431	-1351	32	65668	9	5	34	0	0	0	0	0	0	0	0	0	0	0	0	0	0	
1095.475683	8	6	3	0	2	7	1	3422	-1347	32	65727	9	5	36	0	0	0	0	0	0	0	0	0	0	0	0	0	0	
1096.480800	8	6	3	0	2	7	1	3412	-1349	32	65787	9	5	38	0	0	0	0	0	0	0	0	0	0	0	0	0	0	
1097.485917	8	6	3	0	2	7	1	3402	-1349	32	65848	9	5	39	0	0	0	0	0	0	0	0	0	0	0	0	0	0	
1098.472317	8	6	3	0	2	7	1	3393	-1350	32	65907	9	5	41	0	0	0	0	0	0	0	0	0	0	0	0	0	0	
1099.478883	8	6	3	0	2	7	1	3384	-1350	32	65967	9	5	42	0	0	0	0	0	0	0	0	0	0	0	0	0	0	
1100.484000	8	6	3	0	2	7	1	3376	-1349	32	66027	9	5	44	0	0	0	0	0	0	0	0	0	0	0	0	0	0	
1101.489117	8	6	3	0	2	7	1	3367	-1350	32	66088	9	5	46	0	0	0	0	0	0	0	0	0	0	0	0	0	0	
1102.475517	8	6	3	0	2	7	1	3360	-1347	32	66147	9	5	47	0	0	0	0	0	0	0	0	0	0	0	0	0	0	
1103.480633	8	6	3	0	2	7	1	3352	-1350	32	66207	9	5	49	0	0	0	0	0	0	0	0	0	0	0	0	0	0	
1104.487200	8	6	3	0	2	7	1	3345	-1350	32	66268	9	5	51	0	0	0	0	0	0	0	0	0	0	0	0	0	0	
1105.473600	8	6	3	0	2	7	1	3338	-1350	32	66327	9	5	52	0	0	0	0	0	0	0	0	0	0	0	0	0	0	
1106.478717	8	6	3	0	2	7	1	3331	-1349	32	66387	9	5	54	0	0	0	0	0	0	0	0	0	0	0	0	0	0	
1107.483833	8	6	3	0	2	7	1	3324	-1349	32	66447	9	5	56	0	0	0	0	0	0	0	0	0	0	0	0	0	0	
1108.488967	8	6	3	0	2	7	1	3318	-1351	32	66508	9	5	57	0	0	0	0	0	0	0	0	0	0	0	0	0	0	
1109.476800	8	6	3	0	2	7	1	3312	-1353	32	66567	9	5	59	0	0	0	0	0	0	0	0	0	0	0	0	0	0	
1110.481917	8	6	3	0	2	7	1	3305	-1350	32	66627	9	5	61	0	0	0	0	0	0	0	0	0	0	0	0	0	0	
1111.487033	8	6	3	0	2	7	1	3299	-1349	32	66687	9	5	62	0	0	0	0	0	0	0	0	0	0	0	0	0	0	
1112.473433	8	6	3	0	2	7	1	3293	-1353	32	66747	9	5	64	0	0	0	0	0	0	0	0	0	0	0	0	0	0	
1113.478567	8	6	3	0	2	7	1	3287	-1350	32	66807	9	5	66	0	0	0	0	0	0	0	0	0	0	0	0	0	0	
1114.483683	8	6	3	0	2	7	1	3280	-1348	32	66867	9	5	67	0	0	0	0	0	0	0	0	0	0	0	0	0	0	
1115.490233	8	6	3	0	2	7	1	3273	-1350	32	66928	9	5	69	0	0	0	0	0	0	0	0	0	0	0	0	0	0	
1116.476633	8	6	3	0	2	7	1	3266	-1349	32	66987	9	5	71	0	0	0	0	0	0	0	0	0	0	0	0	0	0	
1117.481767	8	6	3	0	2	7	1	3258	-1350	32	67047	9	5	72	0	0	0	0	0	0	0	0	0	0	0	0	0	0	
1118.486883	8	6	3	0	2	7	1	3249	-1349	32	67107	9	5	74	0	0	0	0	0	0	0	0	0	0	0	0	0	0	
1119.473283	8	6	3	0	2	7	1	3239	-1349	32	67167	9	5	76	0	0	0	0	0	0	0	0	0	0	0	0	0	0	
1120.478400	8	6	3	0	2	7	1	3226	-1352	32	67227	9	5	77	0	0	0	0	0	0	0	0	0	0	0	0	0	0	
1121.484967	8	6	3	0	2	7	1	3211	-1349	32	67287	9	5	79	0	0	0	0	0	0	0	0	0	0	0	0	0	0	
1122.490083	8	6	3	0	2	7	1	3190	-1350	32	67348	9	5	81	0	0	0	0	0	0	0	0	0	0	0	0	0	0	
1123.476483	8	6	3	0	2	7	1	3165	-1347	32	67407	9	5	82	0	0	0	0	0	0	0	0	0	0	0	0	0	0	
1124.481600	8	6	3	0	2	7	1	3131	-1351	32	67467	9	5	84	0	0	0	0	0	0	0	0	0	0	0	0	0	0	
1125.486717	8	6	3	0	2	7	1	3078	-1348	32	67527	9	5	86	0	0	0	0	0	0	0	0	0	0	0	0	0	0	
1126.473117	8	6	3	0	2	7	1	2981	-1351	32	67587	9	5	87	0	0	0	0	0	0	0	0	0	0	0	0	0	0	
1127.479683	8	6	3	0	2	7	1	2761	-1351	32	67647	9	5	89	0	0	0	0	0	0	0	0	0	0	0	0	0	0	
1127.675517	8	15	3	0	1	31	2	2879	17	32	67659	10	5	89	0	0	0	0	0	0	0	0	0	0	0	0	0	0	
1127.695683	8	3	3	0	1	2	2	3275	677	32	67660	11	5	89	0	0	0	0	0	0	0	0	0	0	0	0	0	0	
1128.487683	8	3	3	0	1	2	2	3540	675	32	67707	11	5	89	0	0	0	0	0	0	0	0	0	0	0	0	0	0	
1129.475517	8	3	3	0	1	2	2	3656	674	32	67767	11	5	89	0	0	0	0	0	0	0	0	0	0	0	0	0	0	
1130.480633	8	3	3	0	1	2	2	3730	674	32	67827	11	5	89	0	0	0	0	0	0	0	0	0	0	0	0	0	0	
1131.485767	8	3	3	0	1	2	2	3785	674	32	67887	11	5	89	0	0	0	0	0	0	0	0	0	0	0	0	0	0	
1132.490883	8	3	3	0	1	2	2	3827	675	32	67948	11	5	89	0	0	0	0	0	0	0	0	0	0	0	0	0	0	
1133.477283	8	3	3	0	1	2	2	3858	675	32	68007	11	5	89	0	0	0	0	0	0	0	0	0	0	0	0	0	0	
1134.483833	8	3	3	0	1	2	2	3874	674	32	68067	11	5	89	0	0	0	0	0	0	0	0	0	0	0	0	0	0	
1135.488967	8	3	3	0	1	2	2	3882	674	32	68127	11	5	89	0	0	0	0	0	0	0	0	0	0	0	0	0	0	
1136.475367	8	3	3	0	1	2	2	3888	675	32	68187	11	5	89	0	0	0	0	0	0	0	0	0	0	0	0	0	0	
1137.480483	8	3	3	0	1	2	2	3894	675	32	68247	11	5	89	0	0	0	0	0	0	0	0	0	0	0	0	0	0	
1138.485600	8	3	3	0	1	2	2	3899	675	32	68307	11	5	89	0	0	0	0	0	0	0	0	0	0	0	0	0	0	
1139.490717	8	3	3	0	1	2	2	3905	675	32	68368	11	5	89	0	0	0	0	0	0	0	0	0	0	0	0	0	0	
1140.478567	8	3	3	0	1	2	2	3910	675	32	68427	11	5	89	0	0	0	0	0	0	0	0	0	0	0	0	0	0	
1141.483683	8	3	3	0	1	2	2	3916	674	32	68487	11	5	89	0	0	0	0	0	0	0	0	0	0	0	0	0	0	
1142.488800	8	3	3	0	1	2	2	3921	674	32	68547	11	5	89	0	0	0	0	0	0	0	0	0	0	0	0	0	0	
1143.475200	8	3	3	0	1	2	2	3927	674	32	68607	11	5	89	0	0	0	0	0	0	0	0	0	0	0	0	0	0	
1144.480317	8	3	3	0	1	2	2	3933	675	32	68667	11	5	89	0	0	0	0	0	0	0	0	0	0	0	0	0	0	
1145.486883	8	3	3	0	1	2	2	3939	674	32	68727	11	5	89	0	0	0	0	0	0	0	0	0	0	0	0	0	0	
1146.492000	8	3	3	0	1	2	2	3945	674	32	68788	11	5	89	0	0	0	0	0	0	0	0	0	0	0	0	0	0	
1147.478400	8	3	3	0	1	2	2	3951	674	32	68847	11	5	89	0	0	0	0	0	0	0	0	0	0	0	0	0	0	
1148.483517	8	3	3	0	1	2	2	3956	674	32	68907	11	5	89	0	0	0	0	0	0	0	0	0	0	0	0	0	0	
1149.488633	8	3	3	0	1	2	2	3963	675	32	68967	11	5	89	0	0	0	0	0	0	0	0	0	0	0	0	0	0	
1150.475033	8	3	3	0	1	2	2	3968	675	32	69027	11	5	89	0	0	0	0	0	0	0	0	0	0	0	0	0	0	
1151.481600	8	3	3	0	1	2	2	3973	675	32	69087	11	5	89	0	0	0	0	0	0	0	0	0	0	0	0	0	0	
1152.486717	8	3	3	0	1	2	2	3978	675	32	69147	11	5	89	0	0	0	0	0	0	0	0	0	0	0	0	0	0	
1153.491833	8	3	3	0	1	2	2	3982	675	32	69208	11	5	89	0	0	0	0	0	0	0	0	0	0	0	0	0	0	
1154.478233	8	3	3	0	1	2	2	3986	675	32	69267	11	5	89	0	0	0	0	0	0	0	0	0	0	0	0	0	0	
1155.484800	8	3	3	0	1	2	2	3989	673	32	69327	11	5	89	0	0	0	0	0	0	0	0	0	0	0	0	0	0	
1156.489917	8	3	3	0	1	2	2	3992	674	32	69387	11	5	89	0	0	0	0	0	0	0	0	0	0	0	0	0	0	
1157.476317	8	3	3	0	1	2	2	3995	675	32	69447	11	5	89	0	0	0	0	0	0	0	0	0	0	0	0	0	0	
1158.481433	8	3	3	0	1	2	2	3998	674	32	69507	11	5	89	0	0	0	0	0	0	0	0	0	0	0	0	0	0	
1159.486567	8	3	3	0	1	2	2	4001	675	32	69567	11	5	89	0	0	0	0	0	0	0	0	0	0	0	0	0	0	
1160.493117	8	3	3	0	1	2	2	4004	674	32	69628	11	5	89	0	0	0	0	0	0	0	0	0	0	0	0	0	0	
1161.479517	8	3	3	0	1	2	2	4007	675	32	69687	11	5	89	0	0	0	0	0	0	0	0	0	0	0	0	0	0	
1162.484633	8	3	3	0	1	2	2	4009	674	32	69747	11	5	89	0	0	0	0	0	0	0	0	0	0	0	0	0	0	
1163.489767	8	3	3	0	1	2	2	4012	674	32	69807	11	5	89	0	0	0	0	0	0	0	0	0	0	0	0	0	0	
1164.476167	8	3	3	0	1	2	2	4015	674	32	69867	11	5	89	0	0	0	0	0	0	0	0	0	0	0	0	0	0	
1165.481283	8	3	3	0	1	2	2	4018	674	32	69927	11	5	89	0	0	0	0	0	0	0	0	0	0	0	0	0	0	
1166.487833	8	3	3	0	1	2	2	4021	675	32	69987	11	5	89	0	0	0	0	0	0	0	0	0	0	0	0	0	0	
1167.492967	8	3	3	0	1	2	2	4024	675	32	70048	11	5	89	0	0	0	0	0	0	0	0	0	0	0	0	0	0	
1168.479367	8	3	3	0	1	2	2	4027	674	32	70107	11	5	89	0	0	0	0	0	0	0	0	0	0	0	0	0	0	
1169.484483	8	3	3	0	1	2	2	4031	674	32	70167	11	5	89	0	0	0	0	0	0	0	0	0	0	0	0	0	0	
1170.489600	8	3	3	0	1	2	2	4034	674	32	70227	11	5	89	0	0	0	0	0	0	0	0	0	0	0	0	0	0	
1171.494717	8	3	3	0	1	2	2	4037	673	32	70288	11	5	89	0	0	0	0	0	0	0	0	0	0	0	0	0	0	
1172.482567	8	3	3	0	1	2	2	4040	675	32	70347	11	5	89	0	0	0	0	0	0	0	0	0	0	0	0	0	0	
1173.487683	8	3	3	0	1	2	2	4044	675	32	70407	11	5	89	0	0	0	0	0	0	0	0	0	0	0	0	0	0	
1174.492800	8	3	3	0	1	2	2	4047	675	32	70468	11	5	89	0	0	0	0	0	0	0	0	0	0	0	0	0	0	
1175.479200	8	3	3	0	1	2	2	4051	675	32	70527	11	5	89	0	0	0	0	0	0	0	0	0	0	0	0	0	0	
1176.484317	8	3	3	0	1	2	2	4054	676	32	70587	11	5	89	0	0	0	0	0	0	0	0	0	0	0	0	0	0	
1177.490883	8	3	3	0	1	2	2	4058	675	32	70647	11	5	89	0	0	0	0	0	0	0	0	0	0	0	0	0	0	
1178.496000	8	3	3	0	1	2	2	4061	674	32	70708	11	5	89	0	0	0	0	0	0	0	0	0	0	0	0	0	0	
1179.482400	8	3	3	0	1	2	2	4065	674	32	70767	11	5	89	0	0	0	0	0	0	0	0	0	0	0	0	0	0	
1180.487517	8	3	3	0	1	2	2	4068	674	32	70827	11	5	89	0	0	0	0	0	0	0	0	0	0	0	0	0	0	
1181.492633	8	3	3	0	1	2	2	4072	674	32	70888	11	5	89	0	0	0	0	0	0	0	0	0	0	0	0	0	0	
1182.480483	8	3	3	0	1	2	2	4076	675	32	70947	11	5	89	0	0	0	0	0	0	0	0	0	0	0	0	0	0	
1183.485600	8	3	3	0	1	2	2	4080	674	32	71007	11	5	89	0	0	0	0	0	0	0	0	0	0	0	0	0	0	
1184.490717	8	3	3	0	1	2	2	4085	675	32	71067	11	5	89	0	0	0	0	0	0	0	0	0	0	0	0	0	0	
1185.495833	8	3	3	0	1	2	2	4088	675	32	71128	11	5	89	0	0	0	0	0	0	0	0	0	0	0	0	0	0	
1186.482233	8	3	3	0	1	2	2	4093	675	32	71187	11	5	89	0	0	0	0	0	0	0	0	0	0	0	0	0	0	
1187.488800	8	3	3	0	1	2	2	4096	673	32	71247	11	5	89	0	0	0	0	0	0	0	0	0	0	0	0	0	0	
1188.493917	8	3	3	0	1	2	2	4101	674	32	71308	11	5	89	0	0	0	0	0	0	0	0	0	0	0	0	0	0	
1189.480317	8	3	3	0	1	2	2	4106	674	32	71367	11	5	89	0	0	0	0	0	0	0	0	0	0	0	0	0	0	
1190.485433	8	3	3	0	1	2	2	4110	673	32	71427	11	5	89	0	0	0	0	0	0	0	0	0	0	0	0	0	0	
1191.490567	8	3	3	0	1	2	2	4115	675	32	71487	11	5	89	0	0	0	0	0	0	0	0	0	0	0	0	0	0	
1192.495683	8	3	3	0	1	2	2	4118	667	32	71548	11	5	89	0	0	0	0	0	0	0	0	0	0	0	0	0	0	
1193.482083	8	3	3	0	1	2	2	4121	664	32	71607	11	5	89	0	0	0	0	0	0	0	0	0	0	0	0	0	0	
1194.488633	8	3	3	0	1	2	2	4125	663	32	71667	11	5	89	0	0	0	0	0	0	0	0	0	0	0	0	0	0	
1195.493767	8	3	3	0	1	2	2	4131	663	32	71727	11	5	89	0	0	0	0	0	0	0	0	0	0	0	0	0	0	
1196.480167	8	3	3	0	1	2	2	4135	663	32	71787	11	5	89	0	0	0	0	0	0	0	0	0	0	0	0	0	0	
1197.485283	8	3	3	0	1	2	2	4140	660	32	71847	11	5	89	0	0	0	0	0	0	0	0	0	0	0	0	0	0	
1198.490400	8	3	3	0	1	2	2	4145	661	32	71907	11	5	89	0	0	0	0	0	0	0	0	0	0	0	0	0	0	
1199.496967	8	3	3	0	1	2	2	4149	659	32	71968	11	5	89	0	0	0	0	0	0	0	0	0	0	0	0	0	0	
1200.483367	8	3	3	0	1	2	2	4155	659	32	72027	11	5	89	0	0	0	0	0	0	0	0	0	0	0	0	0	0	
1201.488483	8	3	3	0	1	2	2	4160	657	32	72087	11	5	89	0	0	0	0	0	0	0	0	0	0	0	0	0	0	
1202.493600	8	3	3	0	1	2	2	4166	660	32	72147	11	5	89	0	0	0	0	0	0	0	0	0	0	0	0	0	0	
1203.480000	8	3	3	0	1	2	2	4171	655	32	72207	11	5	89	0	0	0	0	0	0	0	0	0	0	0	0	0	0	
1204.486567	8	3	3	0	1	2	2	4176	656	32	72267	11	5	89	0	0	0	0	0	0	0	0	0	0	0	0	0	0	
1205.491683	8	3	3	0	1	2	2	4182	656	32	72327	11	5	89	0	0	0	0	0	0	0	0	0	0	0	0	0	0	
1206.496800	8	3	3	0	1	2	2	4187	654	32	72388	11	5	89	0	0	0	0	0	0	0	0	0	0	0	0	0	0	
1207.483200	8	3	3	0	1	2	2	4193	655	32	72447	11	5	89	0	0	0	0	0	0	0	0	0	0	0	0	0	0	
1208.488317	8	3	3	0	1	2	2	4199	655	32	72507	11	5	89	0	0	0	0	0	0	0	0	0	0	0	0	0	0	
1209.494883	8	3	3	0	1	2	2	4199	632	32	72567	11	5	89	0	0	0	0	0	0	0	0	0	0	0	0	0	0	
1210.481283	8	3	3	0	1	2	2	4198	615	32	72627	11	5	89	0	0	0	0	0	0	0	0	0	0	0	0	0	0	
1211.486400	8	3	3	0	1	2	2	4198	597	32	72687	11	5	89	0	0	0	0	0	0	0	0	0	0	0	0	0	0	
1212.491517	8	3	3	0	1	2	2	4198	579	32	72747	11	5	89	0	0	0	0	0	0	0	0	0	0	0	0	0	0	
1213.496633	8	3	3	0	1	2	2	4198	561	32	72808	11	5	89	0	0	0	0	0	0	0	0	0	0	0	0	0	0	
1214.483033	8	3	3	0	1	2	2	4198	545	32	72867	11	5	89	0	0	0	0	0	0	0	0	0	0	0	0	0	0	
1215.489600	8	3	3	0	1	2	2	4199	528	32	72927	11	5	89	0	0	0	0	0	0	0	0	0	0	0	0	0	0	
1216.494717	8	3	3	0	1	2	2	4198	510	32	72987	11	5	89	0	0	0	0	0	0	0	0	0	0	0	0	0	0	
1217.481117	8	3	3	0	1	2	2	4198	495	32	73047	11	5	89	0	0	0	0	0	0	0	0	0	0	0	0	0	0	
1218.486233	8	3	3	0	1	2	2	4198	481	32	73107	11	5	89	0	0	0	0	0	0	0	0	0	0	0	0	0	0	
1219.491367	8	3	3	0	1	2	2	4199	465	32	73167	11	5	89	0	0	0	0	0	0	0	0	0	0	0	0	0	0	
1220.497917	8	3	3	0	1	2	2	4199	450	32	73228	11	5	89	0	0	0	0	0	0	0	0	0	0	0	0	0	0	
1221.484317	8	3	3	0	1	2	2	4199	437	32	73287	11	5	89	0	0	0	0	0	0	0	0	0	0	0	0	0	0	
1222.489433	8	3	3	0	1	2	2	4198	424	32	73347	11	5	89	0	0	0	0	0	0	0	0	0	0	0	0	0	0	
1223.494567	8	3	3	0	1	2	2	4198	412	32	73407	11	5	89	0	0	0	0	0	0	0	0	0	0	0	0	0	0	
1224.480967	8	3	3	0	1	2	2	4198	399	32	73467	11	5	89	0	0	0	0	0	0	0	0	0	0	0	0	0	0	
1225.487517	8	3	3	0	1	2	2	4199	386	32	73527	11	5	89	0	0	0	0	0	0	0	0	0	0	0	0	0	0	
1226.492633	8	3	3	0	1	2	2	4198	374	32	73587	11	5	89	0	0	0	0	0	0	0	0	0	0	0	0	0	0	
1227.497767	8	3	3	0	1	2	2	4199	362	32	73648	11	5	89	0	0	0	0	0	0	0	0	0	0	0	0	0	0	
1228.484167	8	3	3	0	1	2	2	4199	351	32	73707	11	5	89	0	0	0	0	0	0	0	0	0	0	0	0	0	0	
1229.489283	8	3	3	0	1	2	2	4199	339	32	73767	11	5	89	0	0	0	0	0	0	0	0	0	0	0	0	0	0	
1230.494400	8	3	3	0	1	2	2	4199	329	32	73827	11	5	89	0	0	0	0	0	0	0	0	0	0	0	0	0	0	
1231.482233	8	3	3	0	1	2	2	4198	318	32	73887	11	5	89	0	0	0	0	0	0	0	0	0	0	0	0	0	0	
1232.487367	8	3	3	0	1	2	2	4199	308	32	73947	11	5	89	0	0	0	0	0	0	0	0	0	0	0	0	0	0	
1233.492483	8	3	3	0	1	2	2	4199	298	32	74007	11	5	89	0	0	0	0	0	0	0	0	0	0	0	0	0	0	
1234.497600	8	3	3	0	1	2	2	4199	289	32	74068	11	5	89	0	0	0	0	0	0	0	0	0	0	0	0	0	0	
1235.484000	8	3	3	0	1	2	2	4198	280	32	74127	11	5	89	0	0	0	0	0	0	0	0	0	0	0	0	0	0	
1236.489117	8	3	3	0	1	2	2	4198	271	32	74187	11	5	89	0	0	0	0	0	0	0	0	0	0	0	0	0	0	
1237.495683	8	3	3	0	1	2	2	4199	262	32	74247	11	5	89	0	0	0	0	0	0	0	0	0	0	0	0	0	0	
1238.500800	8	3	3	0	1	2	2	4199	255	32	74308	11	5	89	0	0	0	0	0	0	0	0	0	0	0	0	0	0	
1239.487200	8	3	3	0	1	2	2	4198	247	32	74367	11	5	89	0	0	0	0	0	0	0	0	0	0	0	0	0	0	
1240.492317	8	3	3	0	1	2	2	4198	239	32	74427	11	5	89	0	0	0	0	0	0	0	0	0	0	0	0	0	0	
1241.497433	8	3	3	0	1	2	2	4199	231	32	74488	11	5	89	0	0	0	0	0	0	0	0	0	0	0	0	0	0	
1242.483833	8	3	3	0	1	2	2	4199	223	32	74547	11	5	89	0	0	0	0	0	0	0	0	0	0	0	0	0	0	
1243.490400	8	3	3	0	1	2	2	4198	217	32	74607	11	5	89	0	0	0	0	0	0	0	0	0	0	0	0	0	0	
1244.495517	8	3	3	0	1	2	2	4198	210	32	74667	11	5	89	0	0	0	0	0	0	0	0	0	0	0	0	0	0	
1245.500633	8	3	3	0	1	2	2	4198	202	32	74728	11	5	89	0	0	0	0	0	0	0	0	0	0	0	0	0	0	
1246.487033	8	3	3	0	1	2	2	4198	196	32	74787	11	5	89	0	0	0	0	0	0	0	0	0	0	0	0	0	0	
1247.492167	8	3	3	0	1	2	2	4199	190	32	74847	11	5	89	0	0	0	0	0	0	0	0	0	0	0	0	0	0	
1248.498717	8	3	3	0	1	2	2	4198	184	32	74908	11	5	89	0	0	0	0	0	0	0	0	0	0	0	0	0	0	
1249.485117	8	3	3	0	1	2	2	4198	177	32	74967	11	5	89	0	0	0	0	0	0	0	0	0	0	0	0	0	0	
1250.490233	8	3	3	0	1	2	2	4199	172	32	75027	11	5	89	0	0	0	0	0	0	0	0	0	0	0	0	0	0	
1251.495367	8	3	3	0	1	2	2	4198	167	32	75087	11	5	89	0	0	0	0	0	0	0	0	0	0	0	0	0	0	
1252.500483	8	3	3	0	1	2	2	4199	161	32	75148	11	5	89	0	0	0	0	0	0	0	0	0	0	0	0	0	0	
1253.486883	8	3	3	0	1	2	2	4198	157	32	75207	11	5	89	0	0	0	0	0	0	0	0	0	0	0	0	0	0	
1254.493433	8	3	3	0	1	2	2	4199	152	32	75267	11	5	89	0	0	0	0	0	0	0	0	0	0	0	0	0	0	
1255.498567	8	3	3	0	1	2	2	4199	146	32	75328	11	5	89	0	0	0	0	0	0	0	0	0	0	0	0	0	0	
1256.484967	8	3	3	0	1	2	2	4199	141	32	75387	11	5	89	0	0	0	0	0	0	0	0	0	0	0	0	0	0	
1257.490083	8	3	3	0	1	2	2	4198	137	32	75447	11	5	89	0	0	0	0	0	0	0	0	0	0	0	0	0	0	
1258.496633	8	3	3	0	1	2	2	4199	133	32	75507	11	5	89	0	0	0	0	0	0	0	0	0	0	0	0	0	0	
1259.501767	8	3	3	0	1	2	2	4198	129	32	75568	11	5	89	0	0	0	0	0	0	0	0	0	0	0	0	0	0	
1260.488167	8	3	3	0	1	2	2	4198	126	32	75627	11	5	89	0	0	0	0	0	0	0	0	0	0	0	0	0	0	
1261.493283	8	3	3	0	1	2	2	4198	121	32	75687	11	5	89	0	0	0	0	0	0	0	0	0	0	0	0	0	0	
1262.498400	8	3	3	0	1	2	2	4198	117	32	75747	11	5	89	0	0	0	0	0	0	0	0	0	0	0	0	0	0	
1263.484800	8	3	3	0	1	2	2	4199	114	32	75807	11	5	89	0	0	0	0	0	0	0	0	0	0	0	0	0	0	
1264.491367	8	3	3	0	1	2	2	4199	111	32	75867	11	5	89	0	0	0	0	0	0	0	0	0	0	0	0	0	0	
1265.496483	8	3	3	0	1	2	2	4198	107	32	75927	11	5	89	0	0	0	0	0	0	0	0	0	0	0	0	0	0	
1266.501600	8	3	3	0	1	2	2	4199	104	32	75988	11	5	89	0	0	0	0	0	0	0	0	0	0	0	0	0	0	
1267.488000	8	3	3	0	1	2	2	4199	101	32	76047	11	5	89	0	0	0	0	0	0	0	0	0	0	0	0	0	0	
1268.493117	8	3	3	0	1	2	2	4198	97	32	76107	11	5	89	0	0	0	0	0	0	0	0	0	0	0	0	0	0	
1269.498233	8	3	3	0	1	2	2	4198	94	32	76167	11	5	89	0	0	0	0	0	0	0	0	0	0	0	0	0	0	
1270.484633	8	3	3	0	1	2	2	4199	92	32	76227	11	5	89	0	0	0	0	0	0	0	0	0	0	0	0	0	0	
1271.489767	8	3	3	0	1	2	2	4199	89	32	76287	11	5	89	0	0	0	0	0	0	0	0	0	0	0	0	0	0	
1272.496317	8	3	3	0	1	2	2	4198	86	32	76347	11	5	89	0	0	0	0	0	0	0	0	0	0	0	0	0	0	
1273.501433	8	3	3	0	1	2	2	4198	84	32	76408	11	5	89	0	0	0	0	0	0	0	0	0	0	0	0	0	0	
1274.487833	8	3	3	0	1	2	2	4198	80	32	76467	11	5	89	0	0	0	0	0	0	0	0	0	0	0	0	0	0	
1275.492967	8	3	3	0	1	2	2	4198	79	32	76527	11	5	89	0	0	0	0	0	0	0	0	0	0	0	0	0	0	
1276.498083	8	3	3	0	1	2	2	4198	75	32	76587	11	5	89	0	0	0	0	0	0	0	0	0	0	0	0	0	0	
1277.485917	8	3	3	0	1	2	2	4198	74	32	76647	11	5	89	0	0	0	0	0	0	0	0	0	0	0	0	0	0	
1278.491033	8	3	3	0	1	2	2	4198	71	32	76707	11	5	89	0	0	0	0	0	0	0	0	0	0	0	0	0	0	
1279.496167	8	3	3	0	1	2	2	4198	69	32	76767	11	5	89	0	0	0	0	0	0	0	0	0	0	0	0	0	0	
1280.426400	8	6	3	0	2	7	1	3772	-1350	32	76823	11	6	0	0	0	0	0	0	0	0	0	0	0	0	0	0	0	
1280.502717	8	6	3	0	2	7	1	3764	-1351	32	76828	11	6	0	0	0	0	0	0	0	0	0	0	0	0	0	0	0	
1281.490567	8	6	3	0	2	7	1	3720	-1350	32	76887	11	6	1	0	0	0	0	0	0	0	0	0	0	0	0	0	0	
1282.495683	8	6	3	0	2	7	1	3683	-1347	32	76947	11	6	3	0	0	0	0	0	0	0	0	0	0	0	0	0	0	
1283.500800	8	6	3	0	2	7	1	3669	-1349	32	77008	11	6	5	0	0	0	0	0	0	0	0	0	0	0	0	0	0	
1284.487200	8	6	3	0	2	7	1	3636	-1351	32	77067	11	6	6	0	0	0	0	0	0	0	0	0	0	0	0	0	0	
1285.493767	8	6	3	0	2	7	1	3618	-1348	32	77127	11	6	8	0	0	0	0	0	0	0	0	0	0	0	0	0	0	
1286.498883	8	6	3	0	2	7	1	3602	-1349	32	77187	11	6	10	0	0	0	0	0	0	0	0	0	0	0	0	0	0	
1287.504000	8	6	3	0	2	7	1	3579	-1352	32	77248	11	6	11	0	0	0	0	0	0	0	0	0	0	0	0	0	0	
1288.490400	8	6	3	0	2	7	1	3574	-1350	32	77307	11	6	13	0	0	0	0	0	0	0	0	0	0	0	0	0	0	
1289.495517	8	6	3	0	2	7	1	3565	-1351	32	77367	11	6	15	0	0	0	0	0	0	0	0	0	0	0	0	0	0	
1290.500633	8	6	3	0	2	7	1	3554	-1352	32	77428	11	6	16	0	0	0	0	0	0	0	0	0	0	0	0	0	0	
1291.488483	8	6	3	0	2	7	1	3541	-1349	32	77487	11	6	18	0	0	0	0	0	0	0	0	0	0	0	0	0	0	
1292.493600	8	6	3	0	2	7	1	3527	-1351	32	77547	11	6	20	0	0	0	0	0	0	0	0	0	0	0	0	0	0	
1293.498717	8	6	3	0	2	7	1	3514	-1350	32	77607	11	6	21	0	0	0	0	0	0	0	0	0	0	0	0	0	0	
1294.503833	8	6	3	0	2	7	1	3502	-1349	32	77668	11	6	23	0	0	0	0	0	0	0	0	0	0	0	0	0	0	
1295.490233	8	6	3	0	2	7	1	3490	-1349	32	77727	11	6	24	0	0	0	0	0	0	0	0	0	0	0	0	0	0	
1296.495367	8	6	3	0	2	7	1	3477	-1348	32	77787	11	6	26	0	0	0	0	0	0	0	0	0	0	0	0	0	0	
1297.501917	8	6	3	0	2	7	1	3465	-1348	32	77847	11	6	28	0	0	0	0	0	0	0	0	0	0	0	0	0	0	
1298.488317	8	6	3	0	2	7	1	3454	-1350	32	77907	11	6	29	0	0	0	0	0	0	0	0	0	0	0	0	0	0	
1299.493433	8	6	3	0	2	7	1	3444	-1350	32	77967	11	6	31	0	0	0	0	0	0	0	0	0	0	0	0	0	0	
1300.498567	8	6	3	0	2	7	1	3433	-1349	32	78027	11	6	33	0	0	0	0	0	0	0	0	0	0	0	0	0	0	
1301.503683	8	6	3	0	2	7	1	3422	-1351	32	78088	11	6	34	0	0	0	0	0	0	0	0	0	0	0	0	0	0	
1302.490083	8	6	3	0	2	7	1	3412	-1349	32	78147	11	6	36	0	0	0	0	0	0	0	0	0	0	0	0	0	0	
1303.496633	8	6	3	0	2	7	1	3402	-1350	32	78207	11	6	38	0	0	0	0	0	0	0	0	0	0	0	0	0	0	
1304.501767	8	6	3	0	2	7	1	3392	-1350	32	78267	11	6	39	0	0	0	0	0	0	0	0	0	0	0	0	0	0	
1305.488167	8	6	3	0	2	7	1	3384	-1350	32	78327	11	6	41	0	0	0	0	0	0	0	0	0	0	0	0	0	0	
1306.493283	8	6	3	0	2	7	1	3374	-1350	32	78387	11	6	43	0	0	0	0	0	0	0	0	0	0	0	0	0	0	
1307.498400	8	6	3	0	2	7	1	3366	-1348	32	78447	11	6	44	0	0	0	0	0	0	0	0	0	0	0	0	0	0	
1308.504967	8	6	3	0	2	7	1	3358	-1349	32	78508	11	6	46	0	0	0	0	0	0	0	0	0	0	0	0	0	0	
1309.491367	8	6	3	0	2	7	1	3350	-1351	32	78567	11	6	48	0	0	0	0	0	0	0	0	0	0	0	0	0	0	
1310.496483	8	6	3	0	2	7	1	3342	-1350	32	78627	11	6	49	0	0	0	0	0	0	0	0	0	0	0	0	0	0	
1311.501600	8	6	3	0	2	7	1	3335	-1351	32	78687	11	6	51	0	0	0	0	0	0	0	0	0	0	0	0	0	0	
1312.488000	8	6	3	0	2	7	1	3328	-1348	32	78747	11	6	53	0	0	0	0	0	0	0	0	0	0	0	0	0	0	
1313.494567	8	6	3	0	2	7	1	3320	-1349	32	78807	11	6	54	0	0	0	0	0	0	0	0	0	0	0	0	0	0	
1314.499683	8	6	3	0	2	7	1	3314	-1350	32	78867	11	6	56	0	0	0	0	0	0	0	0	0	0	0	0	0	0	
1315.504800	8	6	3	0	2	7	1	3308	-1350	32	78928	11	6	58	0	0	0	0	0	0	0	0	0	0	0	0	0	0	
1316.491200	8	6	3	0	2	7	1	3301	-1352	32	78987	11	6	59	0	0	0	0	0	0	0	0	0	0	0	0	0	0	
1317.496317	8	6	3	0	2	7	1	3295	-1346	32	79047	11	6	61	0	0	0	0	0	0	0	0	0	0	0	0	0	0	
1318.501433	8	6	3	0	2	7	1	3288	-1349	32	79107	11	6	63	0	0	0	0	0	0	0	0	0	0	0	0	0	0	
1319.489283	8	6	3	0	2	7	1	3282	-1348	32	79167	11	6	64	0	0	0	0	0	0	0	0	0	0	0	0	0	0	
1320.494400	8	6	3	0	2	7	1	3276	-1348	32	79227	11	6	66	0	0	0	0	0	0	0	0	0	0	0	0	0	0	
1321.499517	8	6	3	0	2	7	1	3269	-1349	32	79287	11	6	67	0	0	0	0	0	0	0	0	0	0	0	0	0	0	
1322.504633	8	6	3	0	2	7	1	3262	-1349	32	79348	11	6	69	0	0	0	0	0	0	0	0	0	0	0	0	0	0	
1323.491033	8	6	3	0	2	7	1	3254	-1351	32	79407	11	6	71	0	0	0	0	0	0	0	0	0	0	0	0	0	0	
1324.496167	8	6	3	0	2	7	1	3247	-1348	32	79467	11	6	72	0	0	0	0	0	0	0	0	0	0	0	0	0	0	
1325.502717	8	6	3	0	2	7	1	3238	-1350	32	79527	11	6	74	0	0	0	0	0	0	0	0	0	0	0	0	0	0	
1326.507833	8	6	3	0	2	7	1	3227	-1350	32	79588	11	6	76	0	0	0	0	0	0	0	0	0	0	0	0	0	0	
1327.494233	8	6	3	0	2	7	1	3215	-1349	32	79647	11	6	77	0	0	0	0	0	0	0	0	0	0	0	0	0	0	
1328.499367	8	6	3	0	2	7	1	3199	-1349	32	79707	11	6	79	0	0	0	0	0	0	0	0	0	0	0	0	0	0	
1329.504483	8	6	3	0	2	7	1	3178	-1348	32	79768	11	6	81	0	0	0	0	0	0	0	0	0	0	0	0	0	0	
1330.492317	8	6	3	0	2	7	1	3153	-1349	32	79827	11	6	82	0	0	0	0	0	0	0	0	0	0	0	0	0	0	
1331.497433	8	6	3	0	2	7	1	3117	-1349	32	79887	11	6	84	0	0	0	0	0	0	0	0	0	0	0	0	0	0	
1332.502567	8	6	3	0	2	7	1	3061	-1344	32	79947	11	6	86	0	0	0	0	0	0	0	0	0	0	0	0	0	0	
1333.507683	8	6	3	0	2	7	1	2955	-1349	32	80008	11	6	87	0	0	0	0	0	0	0	0	0	0	0	0	0	0	
1334.494083	8	6	3	0	2	7	1	2707	-1348	32	80067	11	6	89	0	0	0	0	0	0	0	0	0	0	0	0	0	0	
1334.577600	8	15	3	0	1	31	2	3109	63	32	80072	13	6	89	0	0	0	0	0	0	0	0	0	0	0	0	0	0	
1334.597767	8	3	3	0	1	2	2	3301	677	32	80073	13	6	89	0	0	0	0	0	0	0	0	0	0	0	0	0	0	
1335.503517	8	3	3	0	1	2	2	3567	674	32	80127	13	6	89	0	0	0	0	0	0	0	0	0	0	0	0	0	0	
1336.489917	8	3	3	0	1	2	2	3675	675	32	80187	13	6	89	0	0	0	0	0	0	0	0	0	0	0	0	0	0	
1337.495033	8	3	3	0	1	2	2	3746	674	32	80247	13	6	89	0	0	0	0	0	0	0	0	0	0	0	0	0	0	
1338.501600	8	3	3	0	1	2	2	3797	675	32	80307	13	6	89	0	0	0	0	0	0	0	0	0	0	0	0	0	0	
1339.506717	8	3	3	0	1	2	2	3838	675	32	80368	13	6	89	0	0	0	0	0	0	0	0	0	0	0	0	0	0	
1340.493117	8	3	3	0	1	2	2	3866	674	32	80427	13	6	89	0	0	0	0	0	0	0	0	0	0	0	0	0	0	
1341.498233	8	3	3	0	1	2	2	3881	675	32	80487	13	6	89	0	0	0	0	0	0	0	0	0	0	0	0	0	0	
1342.503367	8	3	3	0	1	2	2	3888	675	32	80547	13	6	89	0	0	0	0	0	0	0	0	0	0	0	0	0	0	
1343.489767	8	3	3	0	1	2	2	3894	675	32	80607	13	6	89	0	0	0	0	0	0	0	0	0	0	0	0	0	0	
1344.496317	8	3	3	0	1	2	2	3900	675	32	80667	13	6	89	0	0	0	0	0	0	0	0	0	0	0	0	0	0	
1345.501433	8	3	3	0	1	2	2	3904	674	32	80727	13	6	89	0	0	0	0	0	0	0	0	0	0	0	0	0	0	
1346.506567	8	3	3	0	1	2	2	3910	675	32	80788	13	6	89	0	0	0	0	0	0	0	0	0	0	0	0	0	0	
1347.492967	8	3	3	0	1	2	2	3916	675	32	80847	13	6	89	0	0	0	0	0	0	0	0	0	0	0	0	0	0	
1348.498083	8	3	3	0	1	2	2	3921	674	32	80907	13	6	89	0	0	0	0	0	0	0	0	0	0	0	0	0	0	
1349.504633	8	3	3	0	1	2	2	3925	674	32	80967	13	6	89	0	0	0	0	0	0	0	0	0	0	0	0	0	0	
1350.491033	8	3	3	0	1	2	2	3932	674	32	81027	13	6	89	0	0	0	0	0	0	0	0	0	0	0	0	0	0	
1351.496167	8	3	3	0	1	2	2	3938	674	32	81087	13	6	89	0	0	0	0	0	0	0	0	0	0	0	0	0	0	
1352.501283	8	3	3	0	1	2	2	3945	675	32	81147	13	6	89	0	0	0	0	0	0	0	0	0	0	0	0	0	0	
1353.507833	8	3	3	0	1	2	2	3951	675	32	81208	13	6	89	0	0	0	0	0	0	0	0	0	0	0	0	0	0	
1354.494233	8	3	3	0	1	2	2	3957	674	32	81267	13	6	89	0	0	0	0	0	0	0	0	0	0	0	0	0	0	
1355.499367	8	3	3	0	1	2	2	3963	675	32	81327	13	6	89	0	0	0	0	0	0	0	0	0	0	0	0	0	0	
1356.504483	8	3	3	0	1	2	2	3969	674	32	81387	13	6	89	0	0	0	0	0	0	0	0	0	0	0	0	0	0	
1357.509600	8	3	3	0	1	2	2	3974	675	32	81448	13	6	89	0	0	0	0	0	0	0	0	0	0	0	0	0	0	
1358.496000	8	3	3	0	1	2	2	3979	674	32	81507	13	6	89	0	0	0	0	0	0	0	0	0	0	0	0	0	0	
1359.502567	8	3	3	0	1	2	2	3983	674	32	81567	13	6	89	0	0	0	0	0	0	0	0	0	0	0	0	0	0	
1360.507683	8	3	3	0	1	2	2	3987	675	32	81628	13	6	89	0	0	0	0	0	0	0	0	0	0	0	0	0	0	
1361.494083	8	3	3	0	1	2	2	3991	674	32	81687	13	6	89	0	0	0	0	0	0	0	0	0	0	0	0	0	0	
1362.499200	8	3	3	0	1	2	2	3995	674	32	81747	13	6	89	0	0	0	0	0	0	0	0	0	0	0	0	0	0	
1363.504317	8	3	3	0	1	2	2	3998	675	32	81807	13	6	89	0	0	0	0	0	0	0	0	0	0	0	0	0	0	
1364.510883	8	3	3	0	1	2	2	4001	674	32	81868	13	6	89	0	0	0	0	0	0	0	0	0	0	0	0	0	0	
1365.497283	8	3	3	0	1	2	2	4004	675	32	81927	13	6	89	0	0	0	0	0	0	0	0	0	0	0	0	0	0	
1366.502400	8	3	3	0	1	2	2	4007	675	32	81987	13	6	89	0	0	0	0	0	0	0	0	0	0	0	0	0	0	
1367.507517	8	3	3	0	1	2	2	4010	674	32	82048	13	6	89	0	0	0	0	0	0	0	0	0	0	0	0	0	0	
1368.493917	8	3	3	0	1	2	2	4012	674	32	82107	13	6	89	0	0	0	0	0	0	0	0	0	0	0	0	0	0	
1369.499033	8	3	3	0	1	2	2	4015	674	32	82167	13	6	89	0	0	0	0	0	0	0	0	0	0	0	0	0	0	
1370.505600	8	3	3	0	1	2	2	4018	675	32	82227	13	6	89	0	0	0	0	0	0	0	0	0	0	0	0	0	0	
1371.510717	8	3	3	0	1	2	2	4021	674	32	82288	13	6	89	0	0	0	0	0	0	0	0	0	0	0	0	0	0	
1372.497117	8	3	3	0	1	2	2	4024	675	32	82347	13	6	89	0	0	0	0	0	0	0	0	0	0	0	0	0	0	
1373.502233	8	3	3	0	1	2	2	4027	676	32	82407	13	6	89	0	0	0	0	0	0	0	0	0	0	0	0	0	0	
1374.507367	8	3	3	0	1	2	2	4030	675	32	82468	13	6	89	0	0	0	0	0	0	0	0	0	0	0	0	0	0	
1375.493767	8	3	3	0	1	2	2	4034	675	32	82527	13	6	89	0	0	0	0	0	0	0	0	0	0	0	0	0	0	
1376.500317	8	3	3	0	1	2	2	4036	674	32	82587	13	6	89	0	0	0	0	0	0	0	0	0	0	0	0	0	0	
1377.505433	8	3	3	0	1	2	2	4040	675	32	82647	13	6	89	0	0	0	0	0	0	0	0	0	0	0	0	0	0	
1378.510567	8	3	3	0	1	2	2	4043	675	32	82708	13	6	89	0	0	0	0	0	0	0	0	0	0	0	0	0	0	
1379.496967	8	3	3	0	1	2	2	4047	675	32	82767	13	6	89	0	0	0	0	0	0	0	0	0	0	0	0	0	0	
1380.502083	8	3	3	0	1	2	2	4050	674	32	82827	13	6	89	0	0	0	0	0	0	0	0	0	0	0	0	0	0	
1381.507200	8	3	3	0	1	2	2	4053	674	32	82887	13	6	89	0	0	0	0	0	0	0	0	0	0	0	0	0	0	
1382.495033	8	3	3	0	1	2	2	4057	674	32	82947	13	6	89	0	0	0	0	0	0	0	0	0	0	0	0	0	0	
1383.500167	8	3	3	0	1	2	2	4060	675	32	83007	13	6	89	0	0	0	0	0	0	0	0	0	0	0	0	0	0	
1384.505283	8	3	3	0	1	2	2	4063	674	32	83067	13	6	89	0	0	0	0	0	0	0	0	0	0	0	0	0	0	
1385.510400	8	3	3	0	1	2	2	4067	675	32	83128	13	6	89	0	0	0	0	0	0	0	0	0	0	0	0	0	0	
1386.496800	8	3	3	0	1	2	2	4071	675	32	83187	13	6	89	0	0	0	0	0	0	0	0	0	0	0	0	0	0	
1387.503367	8	3	3	0	1	2	2	4075	674	32	83247	13	6	89	0	0	0	0	0	0	0	0	0	0	0	0	0	0	
1388.508483	8	3	3	0	1	2	2	4078	674	32	83307	13	6	89	0	0	0	0	0	0	0	0	0	0	0	0	0	0	
1389.494883	8	3	3	0	1	2	2	4082	674	32	83367	13	6	89	0	0	0	0	0	0	0	0	0	0	0	0	0	0	
1390.500000	8	3	3	0	1	2	2	4087	675	32	83427	13	6	89	0	0	0	0	0	0	0	0	0	0	0	0	0	0	
1391.505117	8	3	3	0	1	2	2	4091	675	32	83487	13	6	89	0	0	0	0	0	0	0	0	0	0	0	0	0	0	
1392.511683	8	3	3	0	1	2	2	4095	675	32	83548	13	6	89	0	0	0	0	0	0	0	0	0	0	0	0	0	0	
1393.498083	8	3	3	0	1	2	2	4099	674	32	83607	13	6	89	0	0	0	0	0	0	0	0	0	0	0	0	0	0	
1394.503200	8	3	3	0	1	2	2	4103	676	32	83667	13	6	89	0	0	0	0	0	0	0	0	0	0	0	0	0	0	
1395.508317	8	3	3	0	1	2	2	4108	676	32	83727	13	6	89	0	0	0	0	0	0	0	0	0	0	0	0	0	0	
1396.494717	8	3	3	0	1	2	2	4112	674	32	83787	13	6	89	0	0	0	0	0	0	0	0	0	0	0	0	0	0	
1397.499833	8	3	3	0	1	2	2	4116	674	32	83847	13	6	89	0	0	0	0	0	0	0	0	0	0	0	0	0	0	
1398.506400	8	3	3	0	1	2	2	4119	666	32	83907	13	6	89	0	0	0	0	0	0	0	0	0	0	0	0	0	0	
1399.511517	8	3	3	0	1	2	2	4123	665	32	83968	13	6	89	0	0	0	0	0	0	0	0	0	0	0	0	0	0	
1400.497917	8	3	3	0	1	2	2	4128	665	32	84027	13	6	89	0	0	0	0	0	0	0	0	0	0	0	0	0	0	
1401.503033	8	3	3	0	1	2	2	4132	664	32	84087	13	6	89	0	0	0	0	0	0	0	0	0	0	0	0	0	0	
1402.508167	8	3	3	0	1	2	2	4137	663	32	84147	13	6	89	0	0	0	0	0	0	0	0	0	0	0	0	0	0	
1403.494567	8	3	3	0	1	2	2	4142	664	32	84207	13	6	89	0	0	0	0	0	0	0	0	0	0	0	0	0	0	
1404.501117	8	3	3	0	1	2	2	4147	662	32	84267	13	6	89	0	0	0	0	0	0	0	0	0	0	0	0	0	0	
1405.506233	8	3	3	0	1	2	2	4152	662	32	84327	13	6	89	0	0	0	0	0	0	0	0	0	0	0	0	0	0	
1406.511367	8	3	3	0	1	2	2	4157	662	32	84388	13	6	89	0	0	0	0	0	0	0	0	0	0	0	0	0	0	
1407.497767	8	3	3	0	1	2	2	4162	662	32	84447	13	6	89	0	0	0	0	0	0	0	0	0	0	0	0	0	0	
1408.502883	8	3	3	0	1	2	2	4168	663	32	84507	13	6	89	0	0	0	0	0	0	0	0	0	0	0	0	0	0	
1409.508000	8	3	3	0	1	2	2	4174	662	32	84567	13	6	89	0	0	0	0	0	0	0	0	0	0	0	0	0	0	
1410.514567	8	3	3	0	1	2	2	4178	658	32	84628	13	6	89	0	0	0	0	0	0	0	0	0	0	0	0	0	0	
1411.500967	8	3	3	0	1	2	2	4184	658	32	84687	13	6	89	0	0	0	0	0	0	0	0	0	0	0	0	0	0	
1412.506083	8	3	3	0	1	2	2	4189	655	32	84747	13	6	89	0	0	0	0	0	0	0	0	0	0	0	0	0	0	
1413.511200	8	3	3	0	1	2	2	4195	655	32	84808	13	6	89	0	0	0	0	0	0	0	0	0	0	0	0	0	0	
1414.499033	8	3	3	0	1	2	2	4199	650	32	84867	13	6	89	0	0	0	0	0	0	0	0	0	0	0	0	0	0	
1415.504167	8	3	3	0	1	2	2	4198	631	32	84927	13	6	89	0	0	0	0	0	0	0	0	0	0	0	0	0	0	
1416.509283	8	3	3	0	1	2	2	4199	613	32	84987	13	6	89	0	0	0	0	0	0	0	0	0	0	0	0	0	0	
1417.514400	8	3	3	0	1	2	2	4198	596	32	85048	13	6	89	0	0	0	0	0	0	0	0	0	0	0	0	0	0	
1418.500800	8	3	3	0	1	2	2	4199	580	32	85107	13	6	89	0	0	0	0	0	0	0	0	0	0	0	0	0	0	
1419.507367	8	3	3	0	1	2	2	4198	562	32	85167	13	6	89	0	0	0	0	0	0	0	0	0	0	0	0	0	0	
1420.512483	8	3	3	0	1	2	2	4199	546	32	85228	13	6	89	0	0	0	0	0	0	0	0	0	0	0	0	0	0	
1421.498883	8	3	3	0	1	2	2	4198	527	32	85287	13	6	89	0	0	0	0	0	0	0	0	0	0	0	0	0	0	
1422.504000	8	3	3	0	1	2	2	4198	507	32	85347	13	6	89	0	0	0	0	0	0	0	0	0	0	0	0	0	0	
1423.509117	8	3	3	0	1	2	2	4199	493	32	85407	13	6	89	0	0	0	0	0	0	0	0	0	0	0	0	0	0	
1424.514233	8	3	3	0	1	2	2	4198	480	32	85468	13	6	89	0	0	0	0	0	0	0	0	0	0	0	0	0	0	
1425.502083	8	3	3	0	1	2	2	4199	464	32	85527	13	6	89	0	0	0	0	0	0	0	0	0	0	0	0	0	0	
1426.507200	8	3	3	0	1	2	2	4198	448	32	85587	13	6	89	0	0	0	0	0	0	0	0	0	0	0	0	0	0	
1427.512317	8	3	3	0	1	2	2	4199	435	32	85648	13	6	89	0	0	0	0	0	0	0	0	0	0	0	0	0	0	
1428.498717	8	3	3	0	1	2	2	4198	424	32	85707	13	6	89	0	0	0	0	0	0	0	0	0	0	0	0	0	0	
1429.503833	8	3	3	0	1	2	2	4198	414	32	85767	13	6	89	0	0	0	0	0	0	0	0	0	0	0	0	0	0	
1430.510400	8	3	3	0	1	2	2	4198	401	32	85827	13	6	89	0	0	0	0	0	0	0	0	0	0	0	0	0	0	
1431.515517	8	3	3	0	1	2	2	4198	388	32	85888	13	6	89	0	0	0	0	0	0	0	0	0	0	0	0	0	0	
1432.501917	8	3	3	0	1	2	2	4198	377	32	85947	13	6	89	0	0	0	0	0	0	0	0	0	0	0	0	0	0	
1433.507033	8	3	3	0	1	2	2	4199	366	32	86007	13	6	89	0	0	0	0	0	0	0	0	0	0	0	0	0	0	
1434.512167	8	3	3	0	1	2	2	4199	354	32	86068	13	6	89	0	0	0	0	0	0	0	0	0	0	0	0	0	0	
1435.498567	8	3	3	0	1	2	2	4198	344	32	86127	13	6	89	0	0	0	0	0	0	0	0	0	0	0	0	0	0	
1436.505117	8	3	3	0	1	2	2	4198	333	32	86187	13	6	89	0	0	0	0	0	0	0	0	0	0	0	0	0	0	
1437.510233	8	3	3	0	1	2	2	4198	324	32	86247	13	6	89	0	0	0	0	0	0	0	0	0	0	0	0	0	0	
1438.515367	8	3	3	0	1	2	2	4199	313	32	86308	13	6	89	0	0	0	0	0	0	0	0	0	0	0	0	0	0	
1439.501767	8	3	3	0	1	2	2	4198	304	32	86367	13	6	89	0	0	0	0	0	0	0	0	0	0	0	0	0	0	
1440.506883	8	3	3	0	1	2	2	4198	294	32	86427	13	6	89	0	0	0	0	0	0	0	0	0	0	0	0	0	0	
1441.513433	8	3	3	0	1	2	2	4198	285	32	86487	13	6	89	0	0	0	0	0	0	0	0	0	0	0	0	0	0	
1442.499833	8	3	3	0	1	2	2	4199	277	32	86547	13	6	89	0	0	0	0	0	0	0	0	0	0	0	0	0	0	
1443.504967	8	3	3	0	1	2	2	4198	268	32	86607	13	6	89	0	0	0	0	0	0	0	0	0	0	0	0	0	0	
1444.510083	8	3	3	0	1	2	2	4198	259	32	86667	13	6	89	0	0	0	0	0	0	0	0	0	0	0	0	0	0	
1445.515200	8	3	3	0	1	2	2	4198	250	32	86728	13	6	89	0	0	0	0	0	0	0	0	0	0	0	0	0	0	
1446.501600	8	3	3	0	1	2	2	4199	243	32	86787	13	6	89	0	0	0	0	0	0	0	0	0	0	0	0	0	0	
1447.508167	8	3	3	0	1	2	2	4199	236	32	86847	13	6	89	0	0	0	0	0	0	0	0	0	0	0	0	0	0	
1448.513283	8	3	3	0	1	2	2	4199	229	32	86907	13	6	89	0	0	0	0	0	0	0	0	0	0	0	0	0	0	
1449.499683	8	3	3	0	1	2	2	4198	221	32	86967	13	6	89	0	0	0	0	0	0	0	0	0	0	0	0	0	0	
1450.504800	8	3	3	0	1	2	2	4198	215	32	87027	13	6	89	0	0	0	0	0	0	0	0	0	0	0	0	0	0	
1451.509917	8	3	3	0	1	2	2	4198	208	32	87087	13	6	89	0	0	0	0	0	0	0	0	0	0	0	0	0	0	
1452.515033	8	3	3	0	1	2	2	4198	201	32	87148	13	6	89	0	0	0	0	0	0	0	0	0	0	0	0	0	0	
1453.502883	8	3	3	0	1	2	2	4199	195	32	87207	13	6	89	0	0	0	0	0	0	0	0	0	0	0	0	0	0	
1454.508000	8	3	3	0	1	2	2	4199	189	32	87267	13	6	89	0	0	0	0	0	0	0	0	0	0	0	0	0	0	
1455.513117	8	3	3	0	1	2	2	4199	183	32	87327	13	6	89	0	0	0	0	0	0	0	0	0	0	0	0	0	0	
1456.499517	8	3	3	0	1	2	2	4199	178	32	87387	13	6	89	0	0	0	0	0	0	0	0	0	0	0	0	0	0	
1457.504633	8	3	3	0	1	2	2	4199	173	32	87447	13	6	89	0	0	0	0	0	0	0	0	0	0	0	0	0	0	
1458.511200	8	3	3	0	1	2	2	4198	166	32	87507	13	6	89	0	0	0	0	0	0	0	0	0	0	0	0	0	0	
1459.516317	8	3	3	0	1	2	2	4198	162	32	87568	13	6	89	0	0	0	0	0	0	0	0	0	0	0	0	0	0	
1460.502717	8	3	3	0	1	2	2	4198	157	32	87627	13	6	89	0	0	0	0	0	0	0	0	0	0	0	0	0	0	
1461.507833	8	3	3	0	1	2	2	4198	151	32	87687	13	6	89	0	0	0	0	0	0	0	0	0	0	0	0	0	0	
1462.512967	8	3	3	0	1	2	2	4198	147	32	87747	13	6	89	0	0	0	0	0	0	0	0	0	0	0	0	0	0	
1463.500800	8	3	3	0	1	2	2	4199	143	32	87807	13	6	89	0	0	0	0	0	0	0	0	0	0	0	0	0	0	
1464.505917	8	3	3	0	1	2	2	4198	138	32	87867	13	6	89	0	0	0	0	0	0	0	0	0	0	0	0	0	0	
1465.511033	8	3	3	0	1	2	2	4199	134	32	87927	13	6	89	0	0	0	0	0	0	0	0	0	0	0	0	0	0	
1466.516167	8	3	3	0	1	2	2	4198	129	32	87988	13	6	89	0	0	0	0	0	0	0	0	0	0	0	0	0	0	
1467.502567	8	3	3	0	1	2	2	4198	125	32	88047	13	6	89	0	0	0	0	0	0	0	0	0	0	0	0	0	0	
1468.507683	8	3	3	0	1	2	2	4198	122	32	88107	13	6	89	0	0	0	0	0	0	0	0	0	0	0	0	0	0	
1469.514233	8	3	3	0	1	2	2	4198	119	32	88167	13	6	89	0	0	0	0	0	0	0	0	0	0	0	0	0	0	
1470.500633	8	3	3	0	1	2	2	4199	115	32	88227	13	6	89	0	0	0	0	0	0	0	0	0	0	0	0	0	0	
1471.505767	8	3	3	0	1	2	2	4198	111	32	88287	13	6	89	0	0	0	0	0	0	0	0	0	0	0	0	0	0	
1472.510883	8	3	3	0	1	2	2	4198	109	32	88347	13	6	89	0	0	0	0	0	0	0	0	0	0	0	0	0	0	
1473.516000	8	3	3	0	1	2	2	4198	104	32	88408	13	6	89	0	0	0	0	0	0	0	0	0	0	0	0	0	0	
1474.503833	8	3	3	0	1	2	2	4199	102	32	88467	13	6	89	0	0	0	0	0	0	0	0	0	0	0	0	0	0	
1475.508967	8	3	3	0	1	2	2	4198	98	32	88527	13	6	89	0	0	0	0	0	0	0	0	0	0	0	0	0	0	
1476.514083	8	3	3	0	1	2	2	4199	95	32	88587	13	6	89	0	0	0	0	0	0	0	0	0	0	0	0	0	0	
1477.519200	8	3	3	0	1	2	2	4198	93	32	88648	13	6	89	0	0	0	0	0	0	0	0	0	0	0	0	0	0	
1478.505600	8	3	3	0	1	2	2	4199	89	32	88707	13	6	89	0	0	0	0	0	0	0	0	0	0	0	0	0	0	
1479.510717	8	3	3	0	1	2	2	4199	88	32	88767	13	6	89	0	0	0	0	0	0	0	0	0	0	0	0	0	0	
1480.517283	8	3	3	0	1	2	2	4198	85	32	88828	13	6	89	0	0	0	0	0	0	0	0	0	0	0	0	0	0	
1481.503683	8	3	3	0	1	2	2	4198	82	32	88887	13	6	89	0	0	0	0	0	0	0	0	0	0	0	0	0	0	
1482.508800	8	3	3	0	1	2	2	4199	79	32	88947	13	6	89	0	0	0	0	0	0	0	0	0	0	0	0	0	0	
1483.513917	8	3	3	0	1	2	2	4199	78	32	89007	13	6	89	0	0	0	0	0	0	0	0	0	0	0	0	0	0	
1484.519033	8	3	3	0	1	2	2	4198	74	32	89068	13	6	89	0	0	0	0	0	0	0	0	0	0	0	0	0	0	
1485.506883	8	3	3	0	1	2	2	4198	73	32	89127	13	6	89	0	0	0	0	0	0	0	0	0	0	0	0	0	0	
1486.512000	8	3	3	0	1	2	2	4198	70	32	89187	13	6	89	0	0	0	0	0	0	0	0	0	0	0	0	0	0	
1487.517117	8	3	3	0	1	2	2	4199	69	32	89248	13	6	89	0	0	0	0	0	0	0	0	0	0	0	0	0	0	
1488.371033	8	6	3	0	2	7	1	3761	-1349	32	89299	13	7	0	0	0	0	0	0	0	0	0	0	0	0	0	0	0	
1488.504967	8	6	3	0	2	7	1	3742	-1349	32	89307	13	7	0	0	0	0	0	0	0	0	0	0	0	0	0	0	0	
1489.510083	8	6	3	0	2	7	1	3690	-1351	32	89367	13	7	1	0	0	0	0	0	0	0	0	0	0	0	0	0	0	
1490.516633	8	6	3	0	2	7	1	3681	-1350	32	89427	13	7	3	0	0	0	0	0	0	0	0	0	0	0	0	0	0	
1491.503033	8	6	3	0	2	7	1	3669	-1350	32	89487	13	7	5	0	0	0	0	0	0	0	0	0	0	0	0	0	0	
1492.508167	8	6	3	0	2	7	1	3656	-1350	32	89547	13	7	6	0	0	0	0	0	0	0	0	0	0	0	0	0	0	
1493.513283	8	6	3	0	2	7	1	3628	-1350	32	89607	13	7	8	0	0	0	0	0	0	0	0	0	0	0	0	0	0	
1494.518400	8	6	3	0	2	7	1	3604	-1349	32	89668	13	7	10	0	0	0	0	0	0	0	0	0	0	0	0	0	0	
1495.506233	8	6	3	0	2	7	1	3590	-1351	32	89727	13	7	11	0	0	0	0	0	0	0	0	0	0	0	0	0	0	
1496.511367	8	6	3	0	2	7	1	3569	-1349	32	89787	13	7	13	0	0	0	0	0	0	0	0	0	0	0	0	0	0	
1497.516483	8	6	3	0	2	7	1	3539	-1349	32	89847	13	7	15	0	0	0	0	0	0	0	0	0	0	0	0	0	0	
1498.502883	8	6	3	0	2	7	1	3520	-1349	32	89907	13	7	16	0	0	0	0	0	0	0	0	0	0	0	0	0	0	
1499.508000	8	6	3	0	2	7	1	3508	-1350	32	89967	13	7	18	0	0	0	0	0	0	0	0	0	0	0	0	0	0	
1500.514567	8	6	3	0	2	7	1	3485	-1349	32	90027	13	7	20	0	0	0	0	0	0	0	0	0	0	0	0	0	0	
1501.519683	8	6	3	0	2	7	1	3475	-1350	32	90088	13	7	21	0	0	0	0	0	0	0	0	0	0	0	0	0	0	
1502.506083	8	6	3	0	2	7	1	3464	-1350	32	90147	13	7	23	0	0	0	0	0	0	0	0	0	0	0	0	0	0	
1503.511200	8	6	3	0	2	7	1	3453	-1350	32	90207	13	7	25	0	0	0	0	0	0	0	0	0	0	0	0	0	0	
1504.516317	8	6	3	0	2	7	1	3454	-1349	32	90267	13	7	26	0	0	0	0	0	0	0	0	0	0	0	0	0	0	
1505.502717	8	6	3	0	2	7	1	3444	-1348	32	90327	13	7	28	0	0	0	0	0	0	0	0	0	0	0	0	0	0	
1506.509283	8	6	3	0	2	7	1	3433	-1349	32	90387	13	7	29	0	0	0	0	0	0	0	0	0	0	0	0	0	0	
1507.514400	8	6	3	0	2	7	1	3422	-1349	32	90447	13	7	31	0	0	0	0	0	0	0	0	0	0	0	0	0	0	
1508.519517	8	6	3	0	2	7	1	3410	-1350	32	90508	13	7	33	0	0	0	0	0	0	0	0	0	0	0	0	0	0	
1509.505917	8	6	3	0	2	7	1	3400	-1351	32	90567	13	7	34	0	0	0	0	0	0	0	0	0	0	0	0	0	0	
1510.511033	8	6	3	0	2	7	1	3389	-1350	32	90627	13	7	36	0	0	0	0	0	0	0	0	0	0	0	0	0	0	
1511.517600	8	6	3	0	2	7	1	3379	-1349	32	90687	13	7	38	0	0	0	0	0	0	0	0	0	0	0	0	0	0	
1512.504000	8	6	3	0	2	7	1	3369	-1350	32	90747	13	7	39	0	0	0	0	0	0	0	0	0	0	0	0	0	0	
1513.509117	8	6	3	0	2	7	1	3359	-1349	32	90807	13	7	41	0	0	0	0	0	0	0	0	0	0	0	0	0	0	
1514.514233	8	6	3	0	2	7	1	3350	-1349	32	90867	13	7	43	0	0	0	0	0	0	0	0	0	0	0	0	0	0	
1515.519367	8	6	3	0	2	7	1	3341	-1350	32	90928	13	7	44	0	0	0	0	0	0	0	0	0	0	0	0	0	0	
1516.505767	8	6	3	0	2	7	1	3333	-1351	32	90987	13	7	46	0	0	0	0	0	0	0	0	0	0	0	0	0	0	
1517.512317	8	6	3	0	2	7	1	3325	-1349	32	91047	13	7	48	0	0	0	0	0	0	0	0	0	0	0	0	0	0	
1518.517433	8	6	3	0	2	7	1	3317	-1350	32	91107	13	7	49	0	0	0	0	0	0	0	0	0	0	0	0	0	0	
1519.522567	8	6	3	0	2	7	1	3311	-1348	32	91168	13	7	51	0	0	0	0	0	0	0	0	0	0	0	0	0	0	
1520.508967	8	6	3	0	2	7	1	3304	-1350	32	91227	13	7	53	0	0	0	0	0	0	0	0	0	0	0	0	0	0	
1521.514083	8	6	3	0	2	7	1	3296	-1349	32	91287	13	7	54	0	0	0	0	0	0	0	0	0	0	0	0	0	0	
1522.519200	8	6	3	0	2	7	1	3291	-1350	32	91348	13	7	56	0	0	0	0	0	0	0	0	0	0	0	0	0	0	
1523.507033	8	6	3	0	2	7	1	3283	-1350	32	91407	13	7	58	0	0	0	0	0	0	0	0	0	0	0	0	0	0	
1524.512167	8	6	3	0	2	7	1	3278	-1347	32	91467	13	7	59	0	0	0	0	0	0	0	0	0	0	0	0	0	0	
1525.517283	8	6	3	0	2	7	1	3271	-1349	32	91527	13	7	61	0	0	0	0	0	0	0	0	0	0	0	0	0	0	
1526.522400	8	6	3	0	2	7	1	3265	-1349	32	91588	13	7	63	0	0	0	0	0	0	0	0	0	0	0	0	0	0	
1527.508800	8	6	3	0	2	7	1	3260	-1349	32	91647	13	7	64	0	0	0	0	0	0	0	0	0	0	0	0	0	0	
1528.515367	8	6	3	0	2	7	1	3254	-1349	32	91707	13	7	66	0	0	0	0	0	0	0	0	0	0	0	0	0	0	
1529.520483	8	6	3	0	2	7	1	3248	-1351	32	91768	13	7	68	0	0	0	0	0	0	0	0	0	0	0	0	0	0	
1530.506883	8	6	3	0	2	7	1	3240	-1349	32	91827	13	7	69	0	0	0	0	0	0	0	0	0	0	0	0	0	0	
1531.512000	8	6	3	0	2	7	1	3233	-1349	32	91887	13	7	71	0	0	0	0	0	0	0	0	0	0	0	0	0	0	
1532.517117	8	6	3	0	2	7	1	3226	-1349	32	91947	13	7	73	0	0	0	0	0	0	0	0	0	0	0	0	0	0	
1533.523683	8	6	3	0	2	7	1	3216	-1349	32	92008	13	7	74	0	0	0	0	0	0	0	0	0	0	0	0	0	0	
1534.510083	8	6	3	0	2	7	1	3206	-1348	32	92067	13	7	76	0	0	0	0	0	0	0	0	0	0	0	0	0	0	
1535.515200	8	6	3	0	2	7	1	3193	-1348	32	92127	13	7	78	0	0	0	0	0	0	0	0	0	0	0	0	0	0	
1536.520317	8	6	3	0	2	7	1	3176	-1350	32	92188	13	7	79	0	0	0	0	0	0	0	0	0	0	0	0	0	0	
1537.506717	8	6	3	0	2	7	1	3156	-1350	32	92247	13	7	81	0	0	0	0	0	0	0	0	0	0	0	0	0	0	
1538.513283	8	6	3	0	2	7	1	3128	-1349	32	92307	13	7	83	0	0	0	0	0	0	0	0	0	0	0	0	0	0	
1539.518400	8	6	3	0	2	7	1	3090	-1349	32	92367	13	7	84	0	0	0	0	0	0	0	0	0	0	0	0	0	0	
1540.523517	8	6	3	0	2	7	1	3028	-1351	32	92428	13	7	86	0	0	0	0	0	0	0	0	0	0	0	0	0	0	
1541.509917	8	6	3	0	2	7	1	2910	-1350	32	92487	13	7	88	0	0	0	0	0	0	0	0	0	0	0	0	0	0	
1542.384000	8	15	3	0	1	31	2	3188	264	32	92539	15	7	89	0	0	0	0	0	0	0	0	0	0	0	0	0	0	
1542.404167	8	3	3	0	1	2	2	3328	677	32	92541	15	7	89	0	0	0	0	0	0	0	0	0	0	0	0	0	0	
1542.519367	8	3	3	0	1	2	2	3400	675	32	92547	15	7	89	0	0	0	0	0	0	0	0	0	0	0	0	0	0	
1543.524483	8	3	3	0	1	2	2	3608	675	32	92608	15	7	89	0	0	0	0	0	0	0	0	0	0	0	0	0	0	
1544.510883	8	3	3	0	1	2	2	3704	675	32	92667	15	7	89	0	0	0	0	0	0	0	0	0	0	0	0	0	0	
1545.516000	8	3	3	0	1	2	2	3769	674	32	92727	15	7	89	0	0	0	0	0	0	0	0	0	0	0	0	0	0	
1546.521117	8	3	3	0	1	2	2	3818	675	32	92788	15	7	89	0	0	0	0	0	0	0	0	0	0	0	0	0	0	
1547.507517	8	3	3	0	1	2	2	3854	675	32	92847	15	7	89	0	0	0	0	0	0	0	0	0	0	0	0	0	0	
1548.514083	8	3	3	0	1	2	2	3881	674	32	92907	15	7	89	0	0	0	0	0	0	0	0	0	0	0	0	0	0	
1549.519200	8	3	3	0	1	2	2	3892	675	32	92967	15	7	89	0	0	0	0	0	0	0	0	0	0	0	0	0	0	
1550.524317	8	3	3	0	1	2	2	3903	674	32	93028	15	7	89	0	0	0	0	0	0	0	0	0	0	0	0	0	0	
1551.510717	8	3	3	0	1	2	2	3905	675	32	93087	15	7	89	0	0	0	0	0	0	0	0	0	0	0	0	0	0	
1552.515833	8	3	3	0	1	2	2	3911	675	32	93147	15	7	89	0	0	0	0	0	0	0	0	0	0	0	0	0	0	
1553.522400	8	3	3	0	1	2	2	3915	675	32	93208	15	7	89	0	0	0	0	0	0	0	0	0	0	0	0	0	0	
1554.508800	8	3	3	0	1	2	2	3922	675	32	93267	15	7	89	0	0	0	0	0	0	0	0	0	0	0	0	0	0	
1555.513917	8	3	3	0	1	2	2	3927	675	32	93327	15	7	89	0	0	0	0	0	0	0	0	0	0	0	0	0	0	
1556.519033	8	3	3	0	1	2	2	3931	674	32	93387	15	7	89	0	0	0	0	0	0	0	0	0	0	0	0	0	0	
1557.524167	8	3	3	0	1	2	2	3936	675	32	93448	15	7	89	0	0	0	0	0	0	0	0	0	0	0	0	0	0	
1558.512000	8	3	3	0	1	2	2	3941	675	32	93507	15	7	89	0	0	0	0	0	0	0	0	0	0	0	0	0	0	
1559.517117	8	3	3	0	1	2	2	3947	675	32	93567	15	7	89	0	0	0	0	0	0	0	0	0	0	0	0	0	0	
1560.522233	8	3	3	0	1	2	2	3954	675	32	93628	15	7	89	0	0	0	0	0	0	0	0	0	0	0	0	0	0	
1561.508633	8	3	3	0	1	2	2	3960	675	32	93687	15	7	89	0	0	0	0	0	0	0	0	0	0	0	0	0	0	
1562.513767	8	3	3	0	1	2	2	3967	674	32	93747	15	7	89	0	0	0	0	0	0	0	0	0	0	0	0	0	0	
1563.520317	8	3	3	0	1	2	2	3972	675	32	93807	15	7	89	0	0	0	0	0	0	0	0	0	0	0	0	0	0	
1564.525433	8	3	3	0	1	2	2	3978	675	32	93868	15	7	89	0	0	0	0	0	0	0	0	0	0	0	0	0	0	
1565.511833	8	3	3	0	1	2	2	3983	675	32	93927	15	7	89	0	0	0	0	0	0	0	0	0	0	0	0	0	0	
1566.516967	8	3	3	0	1	2	2	3988	674	32	93987	15	7	89	0	0	0	0	0	0	0	0	0	0	0	0	0	0	
1567.522083	8	3	3	0	1	2	2	3993	675	32	94047	15	7	89	0	0	0	0	0	0	0	0	0	0	0	0	0	0	
1568.508483	8	3	3	0	1	2	2	3997	673	32	94107	15	7	89	0	0	0	0	0	0	0	0	0	0	0	0	0	0	
1569.515033	8	3	3	0	1	2	2	4001	674	32	94167	15	7	89	0	0	0	0	0	0	0	0	0	0	0	0	0	0	
1570.520167	8	3	3	0	1	2	2	4004	674	32	94227	15	7	89	0	0	0	0	0	0	0	0	0	0	0	0	0	0	
1571.525283	8	3	3	0	1	2	2	4008	674	32	94288	15	7	89	0	0	0	0	0	0	0	0	0	0	0	0	0	0	
1572.511683	8	3	3	0	1	2	2	4010	675	32	94347	15	7	89	0	0	0	0	0	0	0	0	0	0	0	0	0	0	
1573.516800	8	3	3	0	1	2	2	4013	676	32	94407	15	7	89	0	0	0	0	0	0	0	0	0	0	0	0	0	0	
1574.523367	8	3	3	0	1	2	2	4016	676	32	94467	15	7	89	0	0	0	0	0	0	0	0	0	0	0	0	0	0	
1575.509767	8	3	3	0	1	2	2	4019	674	32	94527	15	7	89	0	0	0	0	0	0	0	0	0	0	0	0	0	0	
1576.514883	8	3	3	0	1	2	2	4021	675	32	94587	15	7	89	0	0	0	0	0	0	0	0	0	0	0	0	0	0	
1577.520000	8	3	3	0	1	2	2	4024	674	32	94647	15	7	89	0	0	0	0	0	0	0	0	0	0	0	0	0	0	
1578.525117	8	3	3	0	1	2	2	4028	675	32	94708	15	7	89	0	0	0	0	0	0	0	0	0	0	0	0	0	0	
1579.511517	8	3	3	0	1	2	2	4030	674	32	94767	15	7	89	0	0	0	0	0	0	0	0	0	0	0	0	0	0	
1580.518083	8	3	3	0	1	2	2	4034	674	32	94827	15	7	89	0	0	0	0	0	0	0	0	0	0	0	0	0	0	
1581.523200	8	3	3	0	1	2	2	4036	674	32	94887	15	7	89	0	0	0	0	0	0	0	0	0	0	0	0	0	0	
1582.509600	8	3	3	0	1	2	2	4040	675	32	94947	15	7	89	0	0	0	0	0	0	0	0	0	0	0	0	0	0	
1583.514717	8	3	3	0	1	2	2	4043	676	32	95007	15	7	89	0	0	0	0	0	0	0	0	0	0	0	0	0	0	
1584.519833	8	3	3	0	1	2	2	4046	674	32	95067	15	7	89	0	0	0	0	0	0	0	0	0	0	0	0	0	0	
1585.524967	8	3	3	0	1	2	2	4049	675	32	95128	15	7	89	0	0	0	0	0	0	0	0	0	0	0	0	0	0	
1586.512800	8	3	3	0	1	2	2	4052	675	32	95187	15	7	89	0	0	0	0	0	0	0	0	0	0	0	0	0	0	
1587.517917	8	3	3	0	1	2	2	4055	674	32	95247	15	7	89	0	0	0	0	0	0	0	0	0	0	0	0	0	0	
1588.523033	8	3	3	0	1	2	2	4059	674	32	95307	15	7	89	0	0	0	0	0	0	0	0	0	0	0	0	0	0	
1589.509433	8	3	3	0	1	2	2	4061	673	32	95367	15	7	89	0	0	0	0	0	0	0	0	0	0	0	0	0	0	
1590.514567	8	3	3	0	1	2	2	4066	674	32	95427	15	7	89	0	0	0	0	0	0	0	0	0	0	0	0	0	0	
1591.521117	8	3	3	0	1	2	2	4069	674	32	95487	15	7	89	0	0	0	0	0	0	0	0	0	0	0	0	0	0	
1592.526233	8	3	3	0	1	2	2	4073	675	32	95548	15	7	89	0	0	0	0	0	0	0	0	0	0	0	0	0	0	
1593.512633	8	3	3	0	1	2	2	4076	675	32	95607	15	7	89	0	0	0	0	0	0	0	0	0	0	0	0	0	0	
1594.517767	8	3	3	0	1	2	2	4080	675	32	95667	15	7	89	0	0	0	0	0	0	0	0	0	0	0	0	0	0	
1595.522883	8	3	3	0	1	2	2	4084	674	32	95727	15	7	89	0	0	0	0	0	0	0	0	0	0	0	0	0	0	
1596.529433	8	3	3	0	1	2	2	4087	674	32	95788	15	7	89	0	0	0	0	0	0	0	0	0	0	0	0	0	0	
1597.515833	8	3	3	0	1	2	2	4091	675	32	95847	15	7	89	0	0	0	0	0	0	0	0	0	0	0	0	0	0	
1598.520967	8	3	3	0	1	2	2	4095	674	32	95907	15	7	89	0	0	0	0	0	0	0	0	0	0	0	0	0	0	
1599.526083	8	3	3	0	1	2	2	4099	675	32	95968	15	7	89	0	0	0	0	0	0	0	0	0	0	0	0	0	0	
1600.512483	8	3	3	0	1	2	2	4104	676	32	96027	15	7	89	0	0	0	0	0	0	0	0	0	0	0	0	0	0	
1601.517600	8	3	3	0	1	2	2	4107	674	32	96087	15	7	89	0	0	0	0	0	0	0	0	0	0	0	0	0	0	
1602.524167	8	3	3	0	1	2	2	4112	674	32	96147	15	7	89	0	0	0	0	0	0	0	0	0	0	0	0	0	0	
1603.529283	8	3	3	0	1	2	2	4116	674	32	96208	15	7	89	0	0	0	0	0	0	0	0	0	0	0	0	0	0	
1604.515683	8	3	3	0	1	2	2	4118	666	32	96267	15	7	89	0	0	0	0	0	0	0	0	0	0	0	0	0	0	
1605.520800	8	3	3	0	1	2	2	4122	664	32	96327	15	7	89	0	0	0	0	0	0	0	0	0	0	0	0	0	0	
1606.525917	8	3	3	0	1	2	2	4126	663	32	96388	15	7	89	0	0	0	0	0	0	0	0	0	0	0	0	0	0	
1607.512317	8	3	3	0	1	2	2	4130	661	32	96447	15	7	89	0	0	0	0	0	0	0	0	0	0	0	0	0	0	
1608.518883	8	3	3	0	1	2	2	4135	661	32	96507	15	7	89	0	0	0	0	0	0	0	0	0	0	0	0	0	0	
1609.524000	8	3	3	0	1	2	2	4140	661	32	96567	15	7	89	0	0	0	0	0	0	0	0	0	0	0	0	0	0	
1610.529117	8	3	3	0	1	2	2	4144	659	32	96628	15	7	89	0	0	0	0	0	0	0	0	0	0	0	0	0	0	
1611.515517	8	3	3	0	1	2	2	4149	660	32	96687	15	7	89	0	0	0	0	0	0	0	0	0	0	0	0	0	0	
1612.520633	8	3	3	0	1	2	2	4154	658	32	96747	15	7	89	0	0	0	0	0	0	0	0	0	0	0	0	0	0	
1613.527200	8	3	3	0	1	2	2	4159	659	32	96808	15	7	89	0	0	0	0	0	0	0	0	0	0	0	0	0	0	
1614.513600	8	3	3	0	1	2	2	4164	659	32	96867	15	7	89	0	0	0	0	0	0	0	0	0	0	0	0	0	0	
1615.518717	8	3	3	0	1	2	2	4170	661	32	96927	15	7	89	0	0	0	0	0	0	0	0	0	0	0	0	0	0	
1616.523833	8	3	3	0	1	2	2	4175	658	32	96987	15	7	89	0	0	0	0	0	0	0	0	0	0	0	0	0	0	
1617.528967	8	3	3	0	1	2	2	4181	660	32	97048	15	7	89	0	0	0	0	0	0	0	0	0	0	0	0	0	0	
1618.515367	8	3	3	0	1	2	2	4185	656	32	97107	15	7	89	0	0	0	0	0	0	0	0	0	0	0	0	0	0	
1619.521917	8	3	3	0	1	2	2	4191	658	32	97167	15	7	89	0	0	0	0	0	0	0	0	0	0	0	0	0	0	
1620.527033	8	3	3	0	1	2	2	4197	659	32	97227	15	7	89	0	0	0	0	0	0	0	0	0	0	0	0	0	0	
1621.513433	8	3	3	0	1	2	2	4199	643	32	97287	15	7	89	0	0	0	0	0	0	0	0	0	0	0	0	0	0	
1622.518567	8	3	3	0	1	2	2	4199	627	32	97347	15	7	89	0	0	0	0	0	0	0	0	0	0	0	0	0	0	
1623.523683	8	3	3	0	1	2	2	4198	611	32	97407	15	7	89	0	0	0	0	0	0	0	0	0	0	0	0	0	0	
1624.530233	8	3	3	0	1	2	2	4198	593	32	97468	15	7	89	0	0	0	0	0	0	0	0	0	0	0	0	0	0	
1625.516633	8	3	3	0	1	2	2	4198	578	32	97527	15	7	89	0	0	0	0	0	0	0	0	0	0	0	0	0	0	
1626.521767	8	3	3	0	1	2	2	4199	562	32	97587	15	7	89	0	0	0	0	0	0	0	0	0	0	0	0	0	0	
1627.526883	8	3	3	0	1	2	2	4199	545	32	97647	15	7	89	0	0	0	0	0	0	0	0	0	0	0	0	0	0	
1628.513283	8	3	3	0	1	2	2	4199	528	32	97707	15	7	89	0	0	0	0	0	0	0	0	0	0	0	0	0	0	
1629.518400	8	3	3	0	1	2	2	4199	512	32	97767	15	7	89	0	0	0	0	0	0	0	0	0	0	0	0	0	0	
1630.524967	8	3	3	0	1	2	2	4199	501	32	97827	15	7	89	0	0	0	0	0	0	0	0	0	0	0	0	0	0	
1631.530083	8	3	3	0	1	2	2	4199	484	32	97888	15	7	89	0	0	0	0	0	0	0	0	0	0	0	0	0	0	
1632.516483	8	3	3	0	1	2	2	4199	471	32	97947	15	7	89	0	0	0	0	0	0	0	0	0	0	0	0	0	0	
1633.521600	8	3	3	0	1	2	2	4198	458	32	98007	15	7	89	0	0	0	0	0	0	0	0	0	0	0	0	0	0	
1634.528167	8	3	3	0	1	2	2	4198	445	32	98067	15	7	89	0	0	0	0	0	0	0	0	0	0	0	0	0	0	
1635.514567	8	3	3	0	1	2	2	4198	431	32	98127	15	7	89	0	0	0	0	0	0	0	0	0	0	0	0	0	0	
1636.519683	8	3	3	0	1	2	2	4198	420	32	98187	15	7	89	0	0	0	0	0	0	0	0	0	0	0	0	0	0	
1637.524800	8	3	3	0	1	2	2	4199	406	32	98247	15	7	89	0	0	0	0	0	0	0	0	0	0	0	0	0	0	
1638.529917	8	3	3	0	1	2	2	4199	393	32	98308	15	7	89	0	0	0	0	0	0	0	0	0	0	0	0	0	0	
1639.516317	8	3	3	0	1	2	2	4198	382	32	98367	15	7	89	0	0	0	0	0	0	0	0	0	0	0	0	0	0	
1640.522883	8	3	3	0	1	2	2	4198	369	32	98427	15	7	89	0	0	0	0	0	0	0	0	0	0	0	0	0	0	
1641.528000	8	3	3	0	1	2	2	4199	358	32	98487	15	7	89	0	0	0	0	0	0	0	0	0	0	0	0	0	0	
1642.514400	8	3	3	0	1	2	2	4199	346	32	98547	15	7	89	0	0	0	0	0	0	0	0	0	0	0	0	0	0	
1643.519517	8	3	3	0	1	2	2	4198	335	32	98607	15	7	89	0	0	0	0	0	0	0	0	0	0	0	0	0	0	
1644.524633	8	3	3	0	1	2	2	4198	327	32	98667	15	7	89	0	0	0	0	0	0	0	0	0	0	0	0	0	0	
1645.529767	8	3	3	0	1	2	2	4198	316	32	98728	15	7	89	0	0	0	0	0	0	0	0	0	0	0	0	0	0	
1646.517600	8	3	3	0	1	2	2	4198	306	32	98787	15	7	89	0	0	0	0	0	0	0	0	0	0	0	0	0	0	
1647.522717	8	3	3	0	1	2	2	4198	298	32	98847	15	7	89	0	0	0	0	0	0	0	0	0	0	0	0	0	0	
1648.527833	8	3	3	0	1	2	2	4198	288	32	98907	15	7	89	0	0	0	0	0	0	0	0	0	0	0	0	0	0	
1649.514233	8	3	3	0	1	2	2	4199	279	32	98967	15	7	89	0	0	0	0	0	0	0	0	0	0	0	0	0	0	
1650.519367	8	3	3	0	1	2	2	4199	270	32	99027	15	7	89	0	0	0	0	0	0	0	0	0	0	0	0	0	0	
1651.525917	8	3	3	0	1	2	2	4199	263	32	99087	15	7	89	0	0	0	0	0	0	0	0	0	0	0	0	0	0	
1652.531033	8	3	3	0	1	2	2	4198	255	32	99148	15	7	89	0	0	0	0	0	0	0	0	0	0	0	0	0	0	
1653.517433	8	3	3	0	1	2	2	4198	247	32	99207	15	7	89	0	0	0	0	0	0	0	0	0	0	0	0	0	0	
1654.522567	8	3	3	0	1	2	2	4198	239	32	99267	15	7	89	0	0	0	0	0	0	0	0	0	0	0	0	0	0	
1655.527683	8	3	3	0	1	2	2	4199	232	32	99327	15	7	89	0	0	0	0	0	0	0	0	0	0	0	0	0	0	
1656.514083	8	3	3	0	1	2	2	4198	225	32	99387	15	7	89	0	0	0	0	0	0	0	0	0	0	0	0	0	0	
1657.520633	8	3	3	0	1	2	2	4199	219	32	99447	15	7	89	0	0	0	0	0	0	0	0	0	0	0	0	0	0	
1658.525767	8	3	3	0	1	2	2	4198	213	32	99507	15	7	89	0	0	0	0	0	0	0	0	0	0	0	0	0	0	
1659.530883	8	3	3	0	1	2	2	4198	207	32	99568	15	7	89	0	0	0	0	0	0	0	0	0	0	0	0	0	0	
1660.517283	8	3	3	0	1	2	2	4198	201	32	99627	15	7	89	0	0	0	0	0	0	0	0	0	0	0	0	0	0	
1661.522400	8	3	3	0	1	2	2	4198	194	32	99687	15	7	89	0	0	0	0	0	0	0	0	0	0	0	0	0	0	
1662.528967	8	3	3	0	1	2	2	4199	188	32	99747	15	7	89	0	0	0	0	0	0	0	0	0	0	0	0	0	0	
1663.534083	8	3	3	0	1	2	2	4198	182	32	99808	15	7	89	0	0	0	0	0	0	0	0	0	0	0	0	0	0	
1664.520483	8	3	3	0	1	2	2	4198	177	32	99867	15	7	89	0	0	0	0	0	0	0	0	0	0	0	0	0	0	
1665.525600	8	3	3	0	1	2	2	4199	172	32	99927	15	7	89	0	0	0	0	0	0	0	0	0	0	0	0	0	0	
1666.530717	8	3	3	0	1	2	2	4199	167	32	99988	15	7	89	0	0	0	0	0	0	0	0	0	0	0	0	0	0	
1667.518567	8	3	3	0	1	2	2	4199	162	32	100047	15	7	89	0	0	0	0	0	0	0	0	0	0	0	0	0	0	
1668.523683	8	3	3	0	1	2	2	4199	156	32	100107	15	7	89	0	0	0	0	0	0	0	0	0	0	0	0	0	0	
1669.528800	8	3	3	0	1	2	2	4199	152	32	100167	15	7	89	0	0	0	0	0	0	0	0	0	0	0	0	0	0	
1670.533917	8	3	3	0	1	2	2	4199	147	32	100228	15	7	89	0	0	0	0	0	0	0	0	0	0	0	0	0	0	
1671.520317	8	3	3	0	1	2	2	4199	143	32	100287	15	7	89	0	0	0	0	0	0	0	0	0	0	0	0	0	0	
1672.525433	8	3	3	0	1	2	2	4199	139	32	100347	15	7	89	0	0	0	0	0	0	0	0	0	0	0	0	0	0	
1673.532000	8	3	3	0	1	2	2	4199	134	32	100408	15	7	89	0	0	0	0	0	0	0	0	0	0	0	0	0	0	
1674.518400	8	3	3	0	1	2	2	4199	131	32	100467	15	7	89	0	0	0	0	0	0	0	0	0	0	0	0	0	0	
1675.523517	8	3	3	0	1	2	2	4199	126	32	100527	15	7	89	0	0	0	0	0	0	0	0	0	0	0	0	0	0	
1676.528633	8	3	3	0	1	2	2	4198	122	32	100587	15	7	89	0	0	0	0	0	0	0	0	0	0	0	0	0	0	
1677.533767	8	3	3	0	1	2	2	4198	118	32	100648	15	7	89	0	0	0	0	0	0	0	0	0	0	0	0	0	0	
1678.521600	8	3	3	0	1	2	2	4198	115	32	100707	15	7	89	0	0	0	0	0	0	0	0	0	0	0	0	0	0	
1679.526717	8	3	3	0	1	2	2	4199	111	32	100767	15	7	89	0	0	0	0	0	0	0	0	0	0	0	0	0	0	
1680.531833	8	3	3	0	1	2	2	4199	108	32	100828	15	7	89	0	0	0	0	0	0	0	0	0	0	0	0	0	0	
1681.518233	8	3	3	0	1	2	2	4198	105	32	100887	15	7	89	0	0	0	0	0	0	0	0	0	0	0	0	0	0	
1682.523367	8	3	3	0	1	2	2	4199	102	32	100947	15	7	89	0	0	0	0	0	0	0	0	0	0	0	0	0	0	
1683.529917	8	3	3	0	1	2	2	4198	97	32	101007	15	7	89	0	0	0	0	0	0	0	0	0	0	0	0	0	0	
1684.535033	8	3	3	0	1	2	2	4198	96	32	101068	15	7	89	0	0	0	0	0	0	0	0	0	0	0	0	0	0	
1685.521433	8	3	3	0	1	2	2	4199	93	32	101127	15	7	89	0	0	0	0	0	0	0	0	0	0	0	0	0	0	
1686.526567	8	3	3	0	1	2	2	4198	90	32	101187	15	7	89	0	0	0	0	0	0	0	0	0	0	0	0	0	0	
1687.531683	8	3	3	0	1	2	2	4199	88	32	101248	15	7	89	0	0	0	0	0	0	0	0	0	0	0	0	0	0	
1688.519517	8	3	3	0	1	2	2	4199	85	32	101307	15	7	89	0	0	0	0	0	0	0	0	0	0	0	0	0	0	
1689.524633	8	3	3	0	1	2	2	4199	82	32	101367	15	7	89	0	0	0	0	0	0	0	0	0	0	0	0	0	0	
1690.529767	8	3	3	0	1	2	2	4198	80	32	101427	15	7	89	0	0	0	0	0	0	0	0	0	0	0	0	0	0	
1691.534883	8	3	3	0	1	2	2	4199	78	32	101488	15	7	89	0	0	0	0	0	0	0	0	0	0	0	0	0	0	
1692.521283	8	3	3	0	1	2	2	4199	75	32	101547	15	7	89	0	0	0	0	0	0	0	0	0	0	0	0	0	0	
1693.526400	8	3	3	0	1	2	2	4199	73	32	101607	15	7	89	0	0	0	0	0	0	0	0	0	0	0	0	0	0	
1694.532967	8	3	3	0	1	2	2	4198	71	32	101667	15	7	89	0	0	0	0	0	0	0	0	0	0	0	0	0	0	
1695.519367	8	3	3	0	1	2	2	4198	69	32	101727	15	7	89	0	0	0	0	0	0	0	0	0	0	0	0	0	0	
1696.242233	8	6	3	0	2	7	1	4116	-248	32	101770	15	8	0	0	0	0	0	0	0	0	0	0	0	0	0	0	0	
1696.525917	8	6	3	0	2	7	1	3705	-1350	32	101787	15	8	0	0	0	0	0	0	0	0	0	0	0	0	0	0	0	
1697.531033	8	6	3	0	2	7	1	3688	-1347	32	101847	15	8	2	0	0	0	0	0	0	0	0	0	0	0	0	0	0	
1698.517433	8	6	3	0	2	7	1	3691	-1351	32	101907	15	8	3	0	0	0	0	0	0	0	0	0	0	0	0	0	0	
1699.524000	8	6	3	0	2	7	1	3667	-1350	32	101967	15	8	5	0	0	0	0	0	0	0	0	0	0	0	0	0	0	
1700.529117	8	6	3	0	2	7	1	3642	-1348	32	102027	15	8	7	0	0	0	0	0	0	0	0	0	0	0	0	0	0	
1701.534233	8	6	3	0	2	7	1	3635	-1351	32	102088	15	8	8	0	0	0	0	0	0	0	0	0	0	0	0	0	0	
1702.520633	8	6	3	0	2	7	1	3616	-1350	32	102147	15	8	10	0	0	0	0	0	0	0	0	0	0	0	0	0	0	
1703.525767	8	6	3	0	2	7	1	3602	-1350	32	102207	15	8	12	0	0	0	0	0	0	0	0	0	0	0	0	0	0	
1704.532317	8	6	3	0	2	7	1	3591	-1352	32	102267	15	8	13	0	0	0	0	0	0	0	0	0	0	0	0	0	0	
1705.537433	8	6	3	0	2	7	1	3571	-1346	32	102328	15	8	15	0	0	0	0	0	0	0	0	0	0	0	0	0	0	
1706.523833	8	6	3	0	2	7	1	3555	-1349	32	102387	15	8	16	0	0	0	0	0	0	0	0	0	0	0	0	0	0	
1707.528967	8	6	3	0	2	7	1	3537	-1349	32	102447	15	8	18	0	0	0	0	0	0	0	0	0	0	0	0	0	0	
1708.534083	8	6	3	0	2	7	1	3525	-1350	32	102508	15	8	20	0	0	0	0	0	0	0	0	0	0	0	0	0	0	
1709.520483	8	6	3	0	2	7	1	3513	-1348	32	102567	15	8	21	0	0	0	0	0	0	0	0	0	0	0	0	0	0	
1710.527033	8	6	3	0	2	7	1	3502	-1350	32	102627	15	8	23	0	0	0	0	0	0	0	0	0	0	0	0	0	0	
1711.532167	8	6	3	0	2	7	1	3488	-1349	32	102687	15	8	25	0	0	0	0	0	0	0	0	0	0	0	0	0	0	
1712.537283	8	6	3	0	2	7	1	3474	-1349	32	102748	15	8	26	0	0	0	0	0	0	0	0	0	0	0	0	0	0	
1713.523683	8	6	3	0	2	7	1	3462	-1350	32	102807	15	8	28	0	0	0	0	0	0	0	0	0	0	0	0	0	0	
1714.528800	8	6	3	0	2	7	1	3450	-1349	32	102867	15	8	30	0	0	0	0	0	0	0	0	0	0	0	0	0	0	
1715.535367	8	6	3	0	2	7	1	3438	-1352	32	102928	15	8	31	0	0	0	0	0	0	0	0	0	0	0	0	0	0	
1716.521767	8	6	3	0	2	7	1	3430	-1348	32	102987	15	8	33	0	0	0	0	0	0	0	0	0	0	0	0	0	0	
1717.526883	8	6	3	0	2	7	1	3422	-1348	32	103047	15	8	35	0	0	0	0	0	0	0	0	0	0	0	0	0	0	
1718.532000	8	6	3	0	2	7	1	3411	-1352	32	103107	15	8	36	0	0	0	0	0	0	0	0	0	0	0	0	0	0	
1719.537117	8	6	3	0	2	7	1	3401	-1350	32	103168	15	8	38	0	0	0	0	0	0	0	0	0	0	0	0	0	0	
1720.523517	8	6	3	0	2	7	1	3391	-1350	32	103227	15	8	40	0	0	0	0	0	0	0	0	0	0	0	0	0	0	
1721.530083	8	6	3	0	2	7	1	3383	-1350	32	103287	15	8	41	0	0	0	0	0	0	0	0	0	0	0	0	0	0	
1722.535200	8	6	3	0	2	7	1	3374	-1350	32	103348	15	8	43	0	0	0	0	0	0	0	0	0	0	0	0	0	0	
1723.521600	8	6	3	0	2	7	1	3366	-1350	32	103407	15	8	45	0	0	0	0	0	0	0	0	0	0	0	0	0	0	
1724.526717	8	6	3	0	2	7	1	3357	-1351	32	103467	15	8	46	0	0	0	0	0	0	0	0	0	0	0	0	0	0	
1725.531833	8	6	3	0	2	7	1	3349	-1351	32	103527	15	8	48	0	0	0	0	0	0	0	0	0	0	0	0	0	0	
1726.536967	8	6	3	0	2	7	1	3341	-1348	32	103588	15	8	50	0	0	0	0	0	0	0	0	0	0	0	0	0	0	
1727.524800	8	6	3	0	2	7	1	3333	-1350	32	103647	15	8	51	0	0	0	0	0	0	0	0	0	0	0	0	0	0	
1728.529917	8	6	3	0	2	7	1	3326	-1350	32	103707	15	8	53	0	0	0	0	0	0	0	0	0	0	0	0	0	0	
1729.535033	8	6	3	0	2	7	1	3319	-1350	32	103767	15	8	55	0	0	0	0	0	0	0	0	0	0	0	0	0	0	
1730.521433	8	6	3	0	2	7	1	3312	-1351	32	103827	15	8	56	0	0	0	0	0	0	0	0	0	0	0	0	0	0	
1731.526567	8	6	3	0	2	7	1	3306	-1349	32	103887	15	8	58	0	0	0	0	0	0	0	0	0	0	0	0	0	0	
1732.531683	8	6	3	0	2	7	1	3300	-1350	32	103947	15	8	60	0	0	0	0	0	0	0	0	0	0	0	0	0	0	
1733.538233	8	6	3	0	2	7	1	3293	-1350	32	104008	15	8	61	0	0	0	0	0	0	0	0	0	0	0	0	0	0	
1734.524633	8	6	3	0	2	7	1	3287	-1347	32	104067	15	8	63	0	0	0	0	0	0	0	0	0	0	0	0	0	0	
1735.529767	8	6	3	0	2	7	1	3280	-1348	32	104127	15	8	65	0	0	0	0	0	0	0	0	0	0	0	0	0	0	
1736.534883	8	6	3	0	2	7	1	3273	-1349	32	104187	15	8	66	0	0	0	0	0	0	0	0	0	0	0	0	0	0	
1737.521283	8	6	3	0	2	7	1	3267	-1353	32	104247	15	8	68	0	0	0	0	0	0	0	0	0	0	0	0	0	0	
1738.527833	8	6	3	0	2	7	1	3260	-1348	32	104307	15	8	70	0	0	0	0	0	0	0	0	0	0	0	0	0	0	
1739.532967	8	6	3	0	2	7	1	3253	-1351	32	104367	15	8	71	0	0	0	0	0	0	0	0	0	0	0	0	0	0	
1740.538083	8	6	3	0	2	7	1	3244	-1349	32	104428	15	8	73	0	0	0	0	0	0	0	0	0	0	0	0	0	0	
1741.524483	8	6	3	0	2	7	1	3234	-1348	32	104487	15	8	75	0	0	0	0	0	0	0	0	0	0	0	0	0	0	
1742.529600	8	6	3	0	2	7	1	3223	-1349	32	104547	15	8	76	0	0	0	0	0	0	0	0	0	0	0	0	0	0	
1743.536167	8	6	3	0	2	7	1	3209	-1349	32	104607	15	8	78	0	0	0	0	0	0	0	0	0	0	0	0	0	0	
1744.522567	8	6	3	0	2	7	1	3191	-1350	32	104667	15	8	80	0	0	0	0	0	0	0	0	0	0	0	0	0	0	
1745.527683	8	6	3	0	2	7	1	3169	-1348	32	104727	15	8	81	0	0	0	0	0	0	0	0	0	0	0	0	0	0	
1746.532800	8	6	3	0	2	7	1	3139	-1348	32	104787	15	8	83	0	0	0	0	0	0	0	0	0	0	0	0	0	0	
1747.539367	8	6	3	0	2	7	1	3096	-1350	32	104848	15	8	84	0	0	0	0	0	0	0	0	0	0	0	0	0	0	
1748.525767	8	6	3	0	2	7	1	3026	-1351	32	104907	15	8	86	0	0	0	0	0	0	0	0	0	0	0	0	0	0	
1749.530883	8	6	3	0	2	7	1	2882	-1349	32	104967	15	8	88	0	0	0	0	0	0	0	0	0	0	0	0	0	0	
1750.197600	8	15	3	0	1	31	2	3207	413	32	105007	17	8	89	0	0	0	0	0	0	0	0	0	0	0	0	0	0	
1750.217767	8	3	3	0	1	2	2	3308	677	32	105008	17	8	89	0	0	0	0	0	0	0	0	0	0	0	0	0	0	
1750.538883	8	3	3	0	1	2	2	3455	676	32	105028	17	8	89	0	0	0	0	0	0	0	0	0	0	0	0	0	0	
1751.525283	8	3	3	0	1	2	2	3620	674	32	105087	17	8	89	0	0	0	0	0	0	0	0	0	0	0	0	0	0	
1752.531833	8	3	3	0	1	2	2	3709	675	32	105147	17	8	89	0	0	0	0	0	0	0	0	0	0	0	0	0	0	
1753.536967	8	3	3	0	1	2	2	3770	675	32	105207	17	8	89	0	0	0	0	0	0	0	0	0	0	0	0	0	0	
1754.523367	8	3	3	0	1	2	2	3820	674	32	105267	17	8	89	0	0	0	0	0	0	0	0	0	0	0	0	0	0	
1755.528483	8	3	3	0	1	2	2	3857	674	32	105327	17	8	89	0	0	0	0	0	0	0	0	0	0	0	0	0	0	
1756.533600	8	3	3	0	1	2	2	3880	675	32	105387	17	8	89	0	0	0	0	0	0	0	0	0	0	0	0	0	0	
1757.540167	8	3	3	0	1	2	2	3888	675	32	105448	17	8	89	0	0	0	0	0	0	0	0	0	0	0	0	0	0	
1758.526567	8	3	3	0	1	2	2	3896	674	32	105507	17	8	89	0	0	0	0	0	0	0	0	0	0	0	0	0	0	
1759.531683	8	3	3	0	1	2	2	3902	674	32	105567	17	8	89	0	0	0	0	0	0	0	0	0	0	0	0	0	0	
1760.536800	8	3	3	0	1	2	2	3909	674	32	105627	17	8	89	0	0	0	0	0	0	0	0	0	0	0	0	0	0	
1761.523200	8	3	3	0	1	2	2	3913	675	32	105687	17	8	89	0	0	0	0	0	0	0	0	0	0	0	0	0	0	
1762.528317	8	3	3	0	1	2	2	3918	675	32	105747	17	8	89	0	0	0	0	0	0	0	0	0	0	0	0	0	0	
1763.534883	8	3	3	0	1	2	2	3924	674	32	105807	17	8	89	0	0	0	0	0	0	0	0	0	0	0	0	0	0	
1764.540000	8	3	3	0	1	2	2	3930	675	32	105868	17	8	89	0	0	0	0	0	0	0	0	0	0	0	0	0	0	
1765.526400	8	3	3	0	1	2	2	3936	675	32	105927	17	8	89	0	0	0	0	0	0	0	0	0	0	0	0	0	0	
1766.531517	8	3	3	0	1	2	2	3942	675	32	105987	17	8	89	0	0	0	0	0	0	0	0	0	0	0	0	0	0	
1767.536633	8	3	3	0	1	2	2	3948	673	32	106047	17	8	89	0	0	0	0	0	0	0	0	0	0	0	0	0	0	
1768.524483	8	3	3	0	1	2	2	3955	675	32	106107	17	8	89	0	0	0	0	0	0	0	0	0	0	0	0	0	0	
1769.529600	8	3	3	0	1	2	2	3961	675	32	106167	17	8	89	0	0	0	0	0	0	0	0	0	0	0	0	0	0	
1770.534717	8	3	3	0	1	2	2	3967	675	32	106227	17	8	89	0	0	0	0	0	0	0	0	0	0	0	0	0	0	
1771.539833	8	3	3	0	1	2	2	3973	674	32	106288	17	8	89	0	0	0	0	0	0	0	0	0	0	0	0	0	0	
1772.526233	8	3	3	0	1	2	2	3978	674	32	106347	17	8	89	0	0	0	0	0	0	0	0	0	0	0	0	0	0	
1773.532800	8	3	3	0	1	2	2	3983	674	32	106407	17	8	89	0	0	0	0	0	0	0	0	0	0	0	0	0	0	
1774.537917	8	3	3	0	1	2	2	3988	674	32	106467	17	8	89	0	0	0	0	0	0	0	0	0	0	0	0	0	0	
1775.524317	8	3	3	0	1	2	2	3992	674	32	106527	17	8	89	0	0	0	0	0	0	0	0	0	0	0	0	0	0	
1776.529433	8	3	3	0	1	2	2	3996	674	32	106587	17	8	89	0	0	0	0	0	0	0	0	0	0	0	0	0	0	
1777.534567	8	3	3	0	1	2	2	3999	675	32	106647	17	8	89	0	0	0	0	0	0	0	0	0	0	0	0	0	0	
1778.539683	8	3	3	0	1	2	2	4003	675	32	106708	17	8	89	0	0	0	0	0	0	0	0	0	0	0	0	0	0	
1779.527517	8	3	3	0	1	2	2	4006	675	32	106767	17	8	89	0	0	0	0	0	0	0	0	0	0	0	0	0	0	
1780.532633	8	3	3	0	1	2	2	4009	674	32	106827	17	8	89	0	0	0	0	0	0	0	0	0	0	0	0	0	0	
1781.537767	8	3	3	0	1	2	2	4011	674	32	106887	17	8	89	0	0	0	0	0	0	0	0	0	0	0	0	0	0	
1782.542883	8	3	3	0	1	2	2	4014	674	32	106948	17	8	89	0	0	0	0	0	0	0	0	0	0	0	0	0	0	
1783.529283	8	3	3	0	1	2	2	4017	674	32	107007	17	8	89	0	0	0	0	0	0	0	0	0	0	0	0	0	0	
1784.535833	8	3	3	0	1	2	2	4020	675	32	107067	17	8	89	0	0	0	0	0	0	0	0	0	0	0	0	0	0	
1785.540967	8	3	3	0	1	2	2	4023	674	32	107128	17	8	89	0	0	0	0	0	0	0	0	0	0	0	0	0	0	
1786.527367	8	3	3	0	1	2	2	4026	674	32	107187	17	8	89	0	0	0	0	0	0	0	0	0	0	0	0	0	0	
1787.532483	8	3	3	0	1	2	2	4029	674	32	107247	17	8	89	0	0	0	0	0	0	0	0	0	0	0	0	0	0	
1788.537600	8	3	3	0	1	2	2	4032	674	32	107307	17	8	89	0	0	0	0	0	0	0	0	0	0	0	0	0	0	
1789.542717	8	3	3	0	1	2	2	4035	675	32	107368	17	8	89	0	0	0	0	0	0	0	0	0	0	0	0	0	0	
1790.530567	8	3	3	0	1	2	2	4038	674	32	107427	17	8	89	0	0	0	0	0	0	0	0	0	0	0	0	0	0	
1791.535683	8	3	3	0	1	2	2	4041	674	32	107487	17	8	89	0	0	0	0	0	0	0	0	0	0	0	0	0	0	
1792.540800	8	3	3	0	1	2	2	4044	675	32	107548	17	8	89	0	0	0	0	0	0	0	0	0	0	0	0	0	0	
1793.527200	8	3	3	0	1	2	2	4047	675	32	107607	17	8	89	0	0	0	0	0	0	0	0	0	0	0	0	0	0	
1794.532317	8	3	3	0	1	2	2	4051	675	32	107667	17	8	89	0	0	0	0	0	0	0	0	0	0	0	0	0	0	
1795.537433	8	3	3	0	1	2	2	4054	675	32	107727	17	8	89	0	0	0	0	0	0	0	0	0	0	0	0	0	0	
1796.544000	8	3	3	0	1	2	2	4057	674	32	107788	17	8	89	0	0	0	0	0	0	0	0	0	0	0	0	0	0	
1797.530400	8	3	3	0	1	2	2	4060	674	32	107847	17	8	89	0	0	0	0	0	0	0	0	0	0	0	0	0	0	
1798.535517	8	3	3	0	1	2	2	4064	675	32	107907	17	8	89	0	0	0	0	0	0	0	0	0	0	0	0	0	0	
1799.540633	8	3	3	0	1	2	2	4067	674	32	107968	17	8	89	0	0	0	0	0	0	0	0	0	0	0	0	0	0	
1800.527033	8	3	3	0	1	2	2	4071	675	32	108027	17	8	89	0	0	0	0	0	0	0	0	0	0	0	0	0	0	
1801.533600	8	3	3	0	1	2	2	4075	674	32	108087	17	8	89	0	0	0	0	0	0	0	0	0	0	0	0	0	0	
1802.538717	8	3	3	0	1	2	2	4079	676	32	108147	17	8	89	0	0	0	0	0	0	0	0	0	0	0	0	0	0	
1803.543833	8	3	3	0	1	2	2	4082	675	32	108208	17	8	89	0	0	0	0	0	0	0	0	0	0	0	0	0	0	
1804.530233	8	3	3	0	1	2	2	4086	675	32	108267	17	8	89	0	0	0	0	0	0	0	0	0	0	0	0	0	0	
1805.535367	8	3	3	0	1	2	2	4090	675	32	108327	17	8	89	0	0	0	0	0	0	0	0	0	0	0	0	0	0	
1806.541917	8	3	3	0	1	2	2	4094	675	32	108388	17	8	89	0	0	0	0	0	0	0	0	0	0	0	0	0	0	
1807.528317	8	3	3	0	1	2	2	4098	676	32	108447	17	8	89	0	0	0	0	0	0	0	0	0	0	0	0	0	0	
1808.533433	8	3	3	0	1	2	2	4103	675	32	108507	17	8	89	0	0	0	0	0	0	0	0	0	0	0	0	0	0	
1809.538567	8	3	3	0	1	2	2	4107	675	32	108567	17	8	89	0	0	0	0	0	0	0	0	0	0	0	0	0	0	
1810.543683	8	3	3	0	1	2	2	4112	675	32	108628	17	8	89	0	0	0	0	0	0	0	0	0	0	0	0	0	0	
1811.531517	8	3	3	0	1	2	2	4115	675	32	108687	17	8	89	0	0	0	0	0	0	0	0	0	0	0	0	0	0	
1812.536633	8	3	3	0	1	2	2	4117	666	32	108747	17	8	89	0	0	0	0	0	0	0	0	0	0	0	0	0	0	
1813.541767	8	3	3	0	1	2	2	4121	663	32	108807	17	8	89	0	0	0	0	0	0	0	0	0	0	0	0	0	0	
1814.528167	8	3	3	0	1	2	2	4126	665	32	108867	17	8	89	0	0	0	0	0	0	0	0	0	0	0	0	0	0	
1815.533283	8	3	3	0	1	2	2	4130	662	32	108927	17	8	89	0	0	0	0	0	0	0	0	0	0	0	0	0	0	
1816.538400	8	3	3	0	1	2	2	4134	660	32	108987	17	8	89	0	0	0	0	0	0	0	0	0	0	0	0	0	0	
1817.544967	8	3	3	0	1	2	2	4139	659	32	109048	17	8	89	0	0	0	0	0	0	0	0	0	0	0	0	0	0	
1818.531367	8	3	3	0	1	2	2	4144	659	32	109107	17	8	89	0	0	0	0	0	0	0	0	0	0	0	0	0	0	
1819.536483	8	3	3	0	1	2	2	4150	661	32	109167	17	8	89	0	0	0	0	0	0	0	0	0	0	0	0	0	0	
1820.541600	8	3	3	0	1	2	2	4154	658	32	109227	17	8	89	0	0	0	0	0	0	0	0	0	0	0	0	0	0	
1821.528000	8	3	3	0	1	2	2	4159	658	32	109287	17	8	89	0	0	0	0	0	0	0	0	0	0	0	0	0	0	
1822.533117	8	3	3	0	1	2	2	4164	657	32	109347	17	8	89	0	0	0	0	0	0	0	0	0	0	0	0	0	0	
1823.539683	8	3	3	0	1	2	2	4169	656	32	109407	17	8	89	0	0	0	0	0	0	0	0	0	0	0	0	0	0	
1824.544800	8	3	3	0	1	2	2	4175	657	32	109468	17	8	89	0	0	0	0	0	0	0	0	0	0	0	0	0	0	
1825.531200	8	3	3	0	1	2	2	4179	653	32	109527	17	8	89	0	0	0	0	0	0	0	0	0	0	0	0	0	0	
1826.536317	8	3	3	0	1	2	2	4184	652	32	109587	17	8	89	0	0	0	0	0	0	0	0	0	0	0	0	0	0	
1827.541433	8	3	3	0	1	2	2	4189	650	32	109647	17	8	89	0	0	0	0	0	0	0	0	0	0	0	0	0	0	
1828.527833	8	3	3	0	1	2	2	4196	655	32	109707	17	8	89	0	0	0	0	0	0	0	0	0	0	0	0	0	0	
1829.534400	8	3	3	0	1	2	2	4198	642	32	109767	17	8	89	0	0	0	0	0	0	0	0	0	0	0	0	0	0	
1830.539517	8	3	3	0	1	2	2	4198	624	32	109827	17	8	89	0	0	0	0	0	0	0	0	0	0	0	0	0	0	
1831.544633	8	3	3	0	1	2	2	4198	608	32	109888	17	8	89	0	0	0	0	0	0	0	0	0	0	0	0	0	0	
1832.531033	8	3	3	0	1	2	2	4199	592	32	109947	17	8	89	0	0	0	0	0	0	0	0	0	0	0	0	0	0	
1833.536167	8	3	3	0	1	2	2	4199	576	32	110007	17	8	89	0	0	0	0	0	0	0	0	0	0	0	0	0	0	
1834.542717	8	3	3	0	1	2	2	4198	560	32	110067	17	8	89	0	0	0	0	0	0	0	0	0	0	0	0	0	0	
1835.529117	8	3	3	0	1	2	2	4198	544	32	110127	17	8	89	0	0	0	0	0	0	0	0	0	0	0	0	0	0	
1836.534233	8	3	3	0	1	2	2	4198	529	32	110187	17	8	89	0	0	0	0	0	0	0	0	0	0	0	0	0	0	
1837.539367	8	3	3	0	1	2	2	4198	513	32	110247	17	8	89	0	0	0	0	0	0	0	0	0	0	0	0	0	0	
1838.544483	8	3	3	0	1	2	2	4198	498	32	110308	17	8	89	0	0	0	0	0	0	0	0	0	0	0	0	0	0	
1839.532317	8	3	3	0	1	2	2	4199	482	32	110367	17	8	89	0	0	0	0	0	0	0	0	0	0	0	0	0	0	
1840.537433	8	3	3	0	1	2	2	4199	467	32	110427	17	8	89	0	0	0	0	0	0	0	0	0	0	0	0	0	0	
1841.542567	8	3	3	0	1	2	2	4199	452	32	110487	17	8	89	0	0	0	0	0	0	0	0	0	0	0	0	0	0	
1842.528967	8	3	3	0	1	2	2	4199	439	32	110547	17	8	89	0	0	0	0	0	0	0	0	0	0	0	0	0	0	
1843.534083	8	3	3	0	1	2	2	4198	426	32	110607	17	8	89	0	0	0	0	0	0	0	0	0	0	0	0	0	0	
1844.540633	8	3	3	0	1	2	2	4199	414	32	110667	17	8	89	0	0	0	0	0	0	0	0	0	0	0	0	0	0	
1845.545767	8	3	3	0	1	2	2	4198	402	32	110728	17	8	89	0	0	0	0	0	0	0	0	0	0	0	0	0	0	
1846.532167	8	3	3	0	1	2	2	4198	390	32	110787	17	8	89	0	0	0	0	0	0	0	0	0	0	0	0	0	0	
1847.537283	8	3	3	0	1	2	2	4199	378	32	110847	17	8	89	0	0	0	0	0	0	0	0	0	0	0	0	0	0	
1848.542400	8	3	3	0	1	2	2	4199	368	32	110907	17	8	89	0	0	0	0	0	0	0	0	0	0	0	0	0	0	
1849.548967	8	3	3	0	1	2	2	4199	356	32	110968	17	8	89	0	0	0	0	0	0	0	0	0	0	0	0	0	0	
1850.535367	8	3	3	0	1	2	2	4198	347	32	111027	17	8	89	0	0	0	0	0	0	0	0	0	0	0	0	0	0	
1851.540483	8	3	3	0	1	2	2	4198	336	32	111087	17	8	89	0	0	0	0	0	0	0	0	0	0	0	0	0	0	
1852.545600	8	3	3	0	1	2	2	4198	326	32	111148	17	8	89	0	0	0	0	0	0	0	0	0	0	0	0	0	0	
1853.532000	8	3	3	0	1	2	2	4198	316	32	111207	17	8	89	0	0	0	0	0	0	0	0	0	0	0	0	0	0	
1854.537117	8	3	3	0	1	2	2	4198	306	32	111267	17	8	89	0	0	0	0	0	0	0	0	0	0	0	0	0	0	
1855.543683	8	3	3	0	1	2	2	4198	297	32	111327	17	8	89	0	0	0	0	0	0	0	0	0	0	0	0	0	0	
1856.548800	8	3	3	0	1	2	2	4199	289	32	111388	17	8	89	0	0	0	0	0	0	0	0	0	0	0	0	0	0	
1857.535200	8	3	3	0	1	2	2	4198	280	32	111447	17	8	89	0	0	0	0	0	0	0	0	0	0	0	0	0	0	
1858.540317	8	3	3	0	1	2	2	4199	271	32	111507	17	8	89	0	0	0	0	0	0	0	0	0	0	0	0	0	0	
1859.545433	8	3	3	0	1	2	2	4199	263	32	111568	17	8	89	0	0	0	0	0	0	0	0	0	0	0	0	0	0	
1860.531833	8	3	3	0	1	2	2	4198	255	32	111627	17	8	89	0	0	0	0	0	0	0	0	0	0	0	0	0	0	
1861.538400	8	3	3	0	1	2	2	4198	247	32	111687	17	8	89	0	0	0	0	0	0	0	0	0	0	0	0	0	0	
1862.543517	8	3	3	0	1	2	2	4198	240	32	111747	17	8	89	0	0	0	0	0	0	0	0	0	0	0	0	0	0	
1863.548633	8	3	3	0	1	2	2	4199	233	32	111808	17	8	89	0	0	0	0	0	0	0	0	0	0	0	0	0	0	
1864.535033	8	3	3	0	1	2	2	4199	226	32	111867	17	8	89	0	0	0	0	0	0	0	0	0	0	0	0	0	0	
1865.540167	8	3	3	0	1	2	2	4198	218	32	111927	17	8	89	0	0	0	0	0	0	0	0	0	0	0	0	0	0	
1866.546717	8	3	3	0	1	2	2	4198	212	32	111988	17	8	89	0	0	0	0	0	0	0	0	0	0	0	0	0	0	
1867.533117	8	3	3	0	1	2	2	4198	206	32	112047	17	8	89	0	0	0	0	0	0	0	0	0	0	0	0	0	0	
1868.538233	8	3	3	0	1	2	2	4199	200	32	112107	17	8	89	0	0	0	0	0	0	0	0	0	0	0	0	0	0	
1869.543367	8	3	3	0	1	2	2	4199	193	32	112167	17	8	89	0	0	0	0	0	0	0	0	0	0	0	0	0	0	
1870.548483	8	3	3	0	1	2	2	4198	186	32	112228	17	8	89	0	0	0	0	0	0	0	0	0	0	0	0	0	0	
1871.534883	8	3	3	0	1	2	2	4199	181	32	112287	17	8	89	0	0	0	0	0	0	0	0	0	0	0	0	0	0	
1872.541433	8	3	3	0	1	2	2	4198	175	32	112347	17	8	89	0	0	0	0	0	0	0	0	0	0	0	0	0	0	
1873.546567	8	3	3	0	1	2	2	4198	170	32	112407	17	8	89	0	0	0	0	0	0	0	0	0	0	0	0	0	0	
1874.532967	8	3	3	0	1	2	2	4198	164	32	112467	17	8	89	0	0	0	0	0	0	0	0	0	0	0	0	0	0	
1875.538083	8	3	3	0	1	2	2	4198	160	32	112527	17	8	89	0	0	0	0	0	0	0	0	0	0	0	0	0	0	
1876.543200	8	3	3	0	1	2	2	4199	154	32	112587	17	8	89	0	0	0	0	0	0	0	0	0	0	0	0	0	0	
1877.549767	8	3	3	0	1	2	2	4198	150	32	112648	17	8	89	0	0	0	0	0	0	0	0	0	0	0	0	0	0	
1878.536167	8	3	3	0	1	2	2	4198	145	32	112707	17	8	89	0	0	0	0	0	0	0	0	0	0	0	0	0	0	
1879.541283	8	3	3	0	1	2	2	4199	141	32	112767	17	8	89	0	0	0	0	0	0	0	0	0	0	0	0	0	0	
1880.546400	8	3	3	0	1	2	2	4199	137	32	112827	17	8	89	0	0	0	0	0	0	0	0	0	0	0	0	0	0	
1881.532800	8	3	3	0	1	2	2	4199	132	32	112887	17	8	89	0	0	0	0	0	0	0	0	0	0	0	0	0	0	
1882.537917	8	3	3	0	1	2	2	4198	128	32	112947	17	8	89	0	0	0	0	0	0	0	0	0	0	0	0	0	0	
1883.544483	8	3	3	0	1	2	2	4199	124	32	113007	17	8	89	0	0	0	0	0	0	0	0	0	0	0	0	0	0	
1884.549600	8	3	3	0	1	2	2	4198	121	32	113068	17	8	89	0	0	0	0	0	0	0	0	0	0	0	0	0	0	
1885.536000	8	3	3	0	1	2	2	4199	118	32	113127	17	8	89	0	0	0	0	0	0	0	0	0	0	0	0	0	0	
1886.541117	8	3	3	0	1	2	2	4198	113	32	113187	17	8	89	0	0	0	0	0	0	0	0	0	0	0	0	0	0	
1887.546233	8	3	3	0	1	2	2	4198	110	32	113247	17	8	89	0	0	0	0	0	0	0	0	0	0	0	0	0	0	
1888.532633	8	3	3	0	1	2	2	4199	107	32	113307	17	8	89	0	0	0	0	0	0	0	0	0	0	0	0	0	0	
1889.539200	8	3	3	0	1	2	2	4198	103	32	113367	17	8	89	0	0	0	0	0	0	0	0	0	0	0	0	0	0	
1890.544317	8	3	3	0	1	2	2	4199	100	32	113427	17	8	89	0	0	0	0	0	0	0	0	0	0	0	0	0	0	
1891.549433	8	3	3	0	1	2	2	4198	96	32	113488	17	8	89	0	0	0	0	0	0	0	0	0	0	0	0	0	0	
1892.535833	8	3	3	0	1	2	2	4199	94	32	113547	17	8	89	0	0	0	0	0	0	0	0	0	0	0	0	0	0	
1893.540967	8	3	3	0	1	2	2	4199	91	32	113607	17	8	89	0	0	0	0	0	0	0	0	0	0	0	0	0	0	
1894.547517	8	3	3	0	1	2	2	4199	88	32	113667	17	8	89	0	0	0	0	0	0	0	0	0	0	0	0	0	0	
1895.533917	8	3	3	0	1	2	2	4198	85	32	113727	17	8	89	0	0	0	0	0	0	0	0	0	0	0	0	0	0	
1896.539033	8	3	3	0	1	2	2	4199	84	32	113787	17	8	89	0	0	0	0	0	0	0	0	0	0	0	0	0	0	
1897.544167	8	3	3	0	1	2	2	4199	82	32	113847	17	8	89	0	0	0	0	0	0	0	0	0	0	0	0	0	0	
1898.549283	8	3	3	0	1	2	2	4198	79	32	113908	17	8	89	0	0	0	0	0	0	0	0	0	0	0	0	0	0	
1899.535683	8	3	3	0	1	2	2	4199	75	32	113967	17	8	89	0	0	0	0	0	0	0	0	0	0	0	0	0	0	
1900.542233	8	3	3	0	1	2	2	4198	74	32	114027	17	8	89	0	0	0	0	0	0	0	0	0	0	0	0	0	0	
1901.547367	8	3	3	0	1	2	2	4199	72	32	114087	17	8	89	0	0	0	0	0	0	0	0	0	0	0	0	0	0	
1902.533767	8	3	3	0	1	2	2	4199	69	32	114147	17	8	89	0	0	0	0	0	0	0	0	0	0	0	0	0	0	
1903.538883	8	3	3	0	1	2	2	4198	67	32	114207	17	8	89	0	0	0	0	0	0	0	0	0	0	0	0	0	0	
1903.772167	8	6	3	0	2	7	1	3868	-968	32	114221	17	9	0	0	0	0	0	0	0	0	0	0	0	0	0	0	0	
1904.546883	8	6	3	0	2	7	1	3721	-1351	32	114267	17	9	1	0	0	0	0	0	0	0	0	0	0	0	0	0	0	
1905.552000	8	6	3	0	2	7	1	3705	-1349	32	114328	17	9	2	0	0	0	0	0	0	0	0	0	0	0	0	0	0	
1906.538400	8	6	3	0	2	7	1	3693	-1347	32	114387	17	9	4	0	0	0	0	0	0	0	0	0	0	0	0	0	0	
1907.543517	8	6	3	0	2	7	1	3684	-1349	32	114447	17	9	6	0	0	0	0	0	0	0	0	0	0	0	0	0	0	
1908.548633	8	6	3	0	2	7	1	3666	-1346	32	114508	17	9	7	0	0	0	0	0	0	0	0	0	0	0	0	0	0	
1909.536483	8	6	3	0	2	7	1	3648	-1351	32	114567	17	9	9	0	0	0	0	0	0	0	0	0	0	0	0	0	0	
1910.541600	8	6	3	0	2	7	1	3629	-1349	32	114627	17	9	11	0	0	0	0	0	0	0	0	0	0	0	0	0	0	
1911.546717	8	6	3	0	2	7	1	3612	-1350	32	114687	17	9	12	0	0	0	0	0	0	0	0	0	0	0	0	0	0	
1912.551833	8	6	3	0	2	7	1	3593	-1350	32	114748	17	9	14	0	0	0	0	0	0	0	0	0	0	0	0	0	0	
1913.538233	8	6	3	0	2	7	1	3578	-1351	32	114807	17	9	16	0	0	0	0	0	0	0	0	0	0	0	0	0	0	
1914.544800	8	6	3	0	2	7	1	3565	-1349	32	114867	17	9	17	0	0	0	0	0	0	0	0	0	0	0	0	0	0	
1915.549917	8	6	3	0	2	7	1	3547	-1347	32	114927	17	9	19	0	0	0	0	0	0	0	0	0	0	0	0	0	0	
1916.536317	8	6	3	0	2	7	1	3525	-1348	32	114987	17	9	21	0	0	0	0	0	0	0	0	0	0	0	0	0	0	
1917.541433	8	6	3	0	2	7	1	3511	-1349	32	115047	17	9	22	0	0	0	0	0	0	0	0	0	0	0	0	0	0	
1918.546567	8	6	3	0	2	7	1	3504	-1349	32	115107	17	9	24	0	0	0	0	0	0	0	0	0	0	0	0	0	0	
1919.553117	8	6	3	0	2	7	1	3491	-1349	32	115168	17	9	26	0	0	0	0	0	0	0	0	0	0	0	0	0	0	
1920.539517	8	6	3	0	2	7	1	3478	-1349	32	115227	17	9	27	0	0	0	0	0	0	0	0	0	0	0	0	0	0	
1921.544633	8	6	3	0	2	7	1	3467	-1346	32	115287	17	9	29	0	0	0	0	0	0	0	0	0	0	0	0	0	0	
1922.549767	8	6	3	0	2	7	1	3456	-1351	32	115347	17	9	31	0	0	0	0	0	0	0	0	0	0	0	0	0	0	
1923.536167	8	6	3	0	2	7	1	3445	-1350	32	115407	17	9	32	0	0	0	0	0	0	0	0	0	0	0	0	0	0	
1924.542717	8	6	3	0	2	7	1	3434	-1348	32	115467	17	9	34	0	0	0	0	0	0	0	0	0	0	0	0	0	0	
1925.547833	8	6	3	0	2	7	1	3424	-1349	32	115527	17	9	35	0	0	0	0	0	0	0	0	0	0	0	0	0	0	
1926.552967	8	6	3	0	2	7	1	3412	-1351	32	115588	17	9	37	0	0	0	0	0	0	0	0	0	0	0	0	0	0	
1927.539367	8	6	3	0	2	7	1	3402	-1352	32	115647	17	9	39	0	0	0	0	0	0	0	0	0	0	0	0	0	0	
1928.544483	8	6	3	0	2	7	1	3393	-1350	32	115707	17	9	40	0	0	0	0	0	0	0	0	0	0	0	0	0	0	
1929.549600	8	6	3	0	2	7	1	3384	-1347	32	115767	17	9	42	0	0	0	0	0	0	0	0	0	0	0	0	0	0	
1930.537433	8	6	3	0	2	7	1	3373	-1350	32	115827	17	9	44	0	0	0	0	0	0	0	0	0	0	0	0	0	0	
1931.542567	8	6	3	0	2	7	1	3365	-1348	32	115887	17	9	45	0	0	0	0	0	0	0	0	0	0	0	0	0	0	
1932.547683	8	6	3	0	2	7	1	3356	-1350	32	115947	17	9	47	0	0	0	0	0	0	0	0	0	0	0	0	0	0	
1933.552800	8	6	3	0	2	7	1	3346	-1351	32	116008	17	9	49	0	0	0	0	0	0	0	0	0	0	0	0	0	0	
1934.539200	8	6	3	0	2	7	1	3337	-1350	32	116067	17	9	50	0	0	0	0	0	0	0	0	0	0	0	0	0	0	
1935.544317	8	6	3	0	2	7	1	3327	-1350	32	116127	17	9	52	0	0	0	0	0	0	0	0	0	0	0	0	0	0	
1936.550883	8	6	3	0	2	7	1	3321	-1350	32	116187	17	9	54	0	0	0	0	0	0	0	0	0	0	0	0	0	0	
1937.537283	8	6	3	0	2	7	1	3315	-1349	32	116247	17	9	55	0	0	0	0	0	0	0	0	0	0	0	0	0	0	
1938.542400	8	6	3	0	2	7	1	3308	-1349	32	116307	17	9	57	0	0	0	0	0	0	0	0	0	0	0	0	0	0	
1939.547517	8	6	3	0	2	7	1	3301	-1350	32	116367	17	9	59	0	0	0	0	0	0	0	0	0	0	0	0	0	0	
1940.552633	8	6	3	0	2	7	1	3296	-1350	32	116428	17	9	60	0	0	0	0	0	0	0	0	0	0	0	0	0	0	
1941.539033	8	6	3	0	2	7	1	3290	-1351	32	116487	17	9	62	0	0	0	0	0	0	0	0	0	0	0	0	0	0	
1942.545600	8	6	3	0	2	7	1	3285	-1349	32	116547	17	9	64	0	0	0	0	0	0	0	0	0	0	0	0	0	0	
1943.550717	8	6	3	0	2	7	1	3279	-1350	32	116607	17	9	65	0	0	0	0	0	0	0	0	0	0	0	0	0	0	
1944.537117	8	6	3	0	2	7	1	3271	-1348	32	116667	17	9	67	0	0	0	0	0	0	0	0	0	0	0	0	0	0	
1945.542233	8	6	3	0	2	7	1	3265	-1351	32	116727	17	9	69	0	0	0	0	0	0	0	0	0	0	0	0	0	0	
1946.547367	8	6	3	0	2	7	1	3258	-1350	32	116787	17	9	70	0	0	0	0	0	0	0	0	0	0	0	0	0	0	
1947.553917	8	6	3	0	2	7	1	3250	-1350	32	116848	17	9	72	0	0	0	0	0	0	0	0	0	0	0	0	0	0	
1948.540317	8	6	3	0	2	7	1	3242	-1351	32	116907	17	9	74	0	0	0	0	0	0	0	0	0	0	0	0	0	0	
1949.545433	8	6	3	0	2	7	1	3232	-1349	32	116967	17	9	75	0	0	0	0	0	0	0	0	0	0	0	0	0	0	
1950.550567	8	6	3	0	2	7	1	3218	-1351	32	117027	17	9	77	0	0	0	0	0	0	0	0	0	0	0	0	0	0	
1951.555683	8	6	3	0	2	7	1	3203	-1349	32	117088	17	9	79	0	0	0	0	0	0	0	0	0	0	0	0	0	0	
1952.543517	8	6	3	0	2	7	1	3183	-1352	32	117147	17	9	80	0	0	0	0	0	0	0	0	0	0	0	0	0	0	
1953.548633	8	6	3	0	2	7	1	3156	-1347	32	117207	17	9	82	0	0	0	0	0	0	0	0	0	0	0	0	0	0	
1954.553767	8	6	3	0	2	7	1	3120	-1349	32	117268	17	9	84	0	0	0	0	0	0	0	0	0	0	0	0	0	0	
1955.540167	8	6	3	0	2	7	1	3067	-1348	32	117327	17	9	85	0	0	0	0	0	0	0	0	0	0	0	0	0	0	
1956.545283	8	6	3	0	2	7	1	2966	-1348	32	117387	17	9	87	0	0	0	0	0	0	0	0	0	0	0	0	0	0	
1957.551833	8	6	3	0	2	7	1	2732	-1349	32	117447	17	9	89	0	0	0	0	0	0	0	0	0	0	0	0	0	0	
1957.690083	8	15	3	0	1	31	2	3107	63	32	117456	19	9	89	0	0	0	0	0	0	0	0	0	0	0	0	0	0	
1957.710233	8	3	3	0	1	2	2	3298	676	32	117457	19	9	89	0	0	0	0	0	0	0	0	0	0	0	0	0	0	
1958.541117	8	3	3	0	1	2	2	3555	674	32	117507	19	9	89	0	0	0	0	0	0	0	0	0	0	0	0	0	0	
1959.546233	8	3	3	0	1	2	2	3669	674	32	117567	19	9	89	0	0	0	0	0	0	0	0	0	0	0	0	0	0	
1960.551367	8	3	3	0	1	2	2	3741	674	32	117627	19	9	89	0	0	0	0	0	0	0	0	0	0	0	0	0	0	
1961.539200	8	3	3	0	1	2	2	3795	675	32	117687	19	9	89	0	0	0	0	0	0	0	0	0	0	0	0	0	0	
1962.544317	8	3	3	0	1	2	2	3836	674	32	117747	19	9	89	0	0	0	0	0	0	0	0	0	0	0	0	0	0	
1963.549433	8	3	3	0	1	2	2	3866	675	32	117807	19	9	89	0	0	0	0	0	0	0	0	0	0	0	0	0	0	
1964.554567	8	3	3	0	1	2	2	3880	675	32	117868	19	9	89	0	0	0	0	0	0	0	0	0	0	0	0	0	0	
1965.540967	8	3	3	0	1	2	2	3887	674	32	117927	19	9	89	0	0	0	0	0	0	0	0	0	0	0	0	0	0	
1966.546083	8	3	3	0	1	2	2	3894	674	32	117987	19	9	89	0	0	0	0	0	0	0	0	0	0	0	0	0	0	
1967.552633	8	3	3	0	1	2	2	3901	675	32	118047	19	9	89	0	0	0	0	0	0	0	0	0	0	0	0	0	0	
1968.557767	8	3	3	0	1	2	2	3906	675	32	118108	19	9	89	0	0	0	0	0	0	0	0	0	0	0	0	0	0	
1969.544167	8	3	3	0	1	2	2	3912	675	32	118167	19	9	89	0	0	0	0	0	0	0	0	0	0	0	0	0	0	
1970.549283	8	3	3	0	1	2	2	3917	674	32	118227	19	9	89	0	0	0	0	0	0	0	0	0	0	0	0	0	0	
1971.554400	8	3	3	0	1	2	2	3923	674	32	118288	19	9	89	0	0	0	0	0	0	0	0	0	0	0	0	0	0	
1972.542233	8	3	3	0	1	2	2	3929	674	32	118347	19	9	89	0	0	0	0	0	0	0	0	0	0	0	0	0	0	
1973.547367	8	3	3	0	1	2	2	3935	675	32	118407	19	9	89	0	0	0	0	0	0	0	0	0	0	0	0	0	0	
1974.552483	8	3	3	0	1	2	2	3941	675	32	118467	19	9	89	0	0	0	0	0	0	0	0	0	0	0	0	0	0	
1975.557600	8	3	3	0	1	2	2	3947	675	32	118528	19	9	89	0	0	0	0	0	0	0	0	0	0	0	0	0	0	
1976.544000	8	3	3	0	1	2	2	3952	674	32	118587	19	9	89	0	0	0	0	0	0	0	0	0	0	0	0	0	0	
1977.550567	8	3	3	0	1	2	2	3959	674	32	118647	19	9	89	0	0	0	0	0	0	0	0	0	0	0	0	0	0	
1978.555683	8	3	3	0	1	2	2	3964	675	32	118708	19	9	89	0	0	0	0	0	0	0	0	0	0	0	0	0	0	
1979.542083	8	3	3	0	1	2	2	3970	676	32	118767	19	9	89	0	0	0	0	0	0	0	0	0	0	0	0	0	0	
1980.547200	8	3	3	0	1	2	2	3975	674	32	118827	19	9	89	0	0	0	0	0	0	0	0	0	0	0	0	0	0	
1981.552317	8	3	3	0	1	2	2	3980	674	32	118887	19	9	89	0	0	0	0	0	0	0	0	0	0	0	0	0	0	
1982.558883	8	3	3	0	1	2	2	3985	675	32	118948	19	9	89	0	0	0	0	0	0	0	0	0	0	0	0	0	0	
1983.545283	8	3	3	0	1	2	2	3989	675	32	119007	19	9	89	0	0	0	0	0	0	0	0	0	0	0	0	0	0	
1984.550400	8	3	3	0	1	2	2	3993	675	32	119067	19	9	89	0	0	0	0	0	0	0	0	0	0	0	0	0	0	
1985.555517	8	3	3	0	1	2	2	3996	674	32	119128	19	9	89	0	0	0	0	0	0	0	0	0	0	0	0	0	0	
1986.541917	8	3	3	0	1	2	2	3999	675	32	119187	19	9	89	0	0	0	0	0	0	0	0	0	0	0	0	0	0	
1987.547033	8	3	3	0	1	2	2	4002	675	32	119247	19	9	89	0	0	0	0	0	0	0	0	0	0	0	0	0	0	
1988.553600	8	3	3	0	1	2	2	4005	675	32	119307	19	9	89	0	0	0	0	0	0	0	0	0	0	0	0	0	0	
1989.558717	8	3	3	0	1	2	2	4008	674	32	119368	19	9	89	0	0	0	0	0	0	0	0	0	0	0	0	0	0	
1990.545117	8	3	3	0	1	2	2	4010	674	32	119427	19	9	89	0	0	0	0	0	0	0	0	0	0	0	0	0	0	
1991.550233	8	3	3	0	1	2	2	4013	675	32	119487	19	9	89	0	0	0	0	0	0	0	0	0	0	0	0	0	0	
1992.555367	8	3	3	0	1	2	2	4016	675	32	119547	19	9	89	0	0	0	0	0	0	0	0	0	0	0	0	0	0	
1993.543200	8	3	3	0	1	2	2	4019	674	32	119607	19	9	89	0	0	0	0	0	0	0	0	0	0	0	0	0	0	
1994.548317	8	3	3	0	1	2	2	4022	675	32	119667	19	9	89	0	0	0	0	0	0	0	0	0	0	0	0	0	0	
1995.553433	8	3	3	0	1	2	2	4025	674	32	119727	19	9	89	0	0	0	0	0	0	0	0	0	0	0	0	0	0	
1996.558567	8	3	3	0	1	2	2	4027	674	32	119788	19	9	89	0	0	0	0	0	0	0	0	0	0	0	0	0	0	
1997.544967	8	3	3	0	1	2	2	4031	675	32	119847	19	9	89	0	0	0	0	0	0	0	0	0	0	0	0	0	0	
1998.551517	8	3	3	0	1	2	2	4034	674	32	119907	19	9	89	0	0	0	0	0	0	0	0	0	0	0	0	0	0	
1999.556633	8	3	3	0	1	2	2	4037	675	32	119967	19	9	89	0	0	0	0	0	0	0	0	0	0	0	0	0	0	
2000.543033	8	3	3	0	1	2	2	4040	674	32	120027	19	9	89	0	0	0	0	0	0	0	0	0	0	0	0	0	0	
2001.548167	8	3	3	0	1	2	2	4043	674	32	120087	19	9	89	0	0	0	0	0	0	0	0	0	0	0	0	0	0	
2002.553283	8	3	3	0	1	2	2	4047	674	32	120147	19	9	89	0	0	0	0	0	0	0	0	0	0	0	0	0	0	
2003.558400	8	3	3	0	1	2	2	4051	676	32	120208	19	9	89	0	0	0	0	0	0	0	0	0	0	0	0	0	0	
2004.546233	8	3	3	0	1	2	2	4054	675	32	120267	19	9	89	0	0	0	0	0	0	0	0	0	0	0	0	0	0	
2005.551367	8	3	3	0	1	2	2	4057	674	32	120327	19	9	89	0	0	0	0	0	0	0	0	0	0	0	0	0	0	
2006.556483	8	3	3	0	1	2	2	4060	674	32	120387	19	9	89	0	0	0	0	0	0	0	0	0	0	0	0	0	0	
2007.542883	8	3	3	0	1	2	2	4064	675	32	120447	19	9	89	0	0	0	0	0	0	0	0	0	0	0	0	0	0	
2008.548000	8	3	3	0	1	2	2	4068	674	32	120507	19	9	89	0	0	0	0	0	0	0	0	0	0	0	0	0	0	
2009.553117	8	3	3	0	1	2	2	4071	674	32	120567	19	9	89	0	0	0	0	0	0	0	0	0	0	0	0	0	0	
2010.559683	8	3	3	0	1	2	2	4075	674	32	120628	19	9	89	0	0	0	0	0	0	0	0	0	0	0	0	0	0	
2011.546083	8	3	3	0	1	2	2	4079	674	32	120687	19	9	89	0	0	0	0	0	0	0	0	0	0	0	0	0	0	
2012.551200	8	3	3	0	1	2	2	4083	674	32	120747	19	9	89	0	0	0	0	0	0	0	0	0	0	0	0	0	0	
2013.556317	8	3	3	0	1	2	2	4086	673	32	120807	19	9	89	0	0	0	0	0	0	0	0	0	0	0	0	0	0	
2014.542717	8	3	3	0	1	2	2	4091	675	32	120867	19	9	89	0	0	0	0	0	0	0	0	0	0	0	0	0	0	
2015.547833	8	3	3	0	1	2	2	4095	675	32	120927	19	9	89	0	0	0	0	0	0	0	0	0	0	0	0	0	0	
2016.554400	8	3	3	0	1	2	2	4100	676	32	120987	19	9	89	0	0	0	0	0	0	0	0	0	0	0	0	0	0	
2017.559517	8	3	3	0	1	2	2	4103	673	32	121048	19	9	89	0	0	0	0	0	0	0	0	0	0	0	0	0	0	
2018.545917	8	3	3	0	1	2	2	4108	673	32	121107	19	9	89	0	0	0	0	0	0	0	0	0	0	0	0	0	0	
2019.551033	8	3	3	0	1	2	2	4112	675	32	121167	19	9	89	0	0	0	0	0	0	0	0	0	0	0	0	0	0	
2020.556167	8	3	3	0	1	2	2	4115	668	32	121227	19	9	89	0	0	0	0	0	0	0	0	0	0	0	0	0	0	
2021.544000	8	3	3	0	1	2	2	4119	664	32	121287	19	9	89	0	0	0	0	0	0	0	0	0	0	0	0	0	0	
2022.549117	8	3	3	0	1	2	2	4123	663	32	121347	19	9	89	0	0	0	0	0	0	0	0	0	0	0	0	0	0	
2023.554233	8	3	3	0	1	2	2	4127	662	32	121407	19	9	89	0	0	0	0	0	0	0	0	0	0	0	0	0	0	
2024.559367	8	3	3	0	1	2	2	4132	661	32	121468	19	9	89	0	0	0	0	0	0	0	0	0	0	0	0	0	0	
2025.545767	8	3	3	0	1	2	2	4136	660	32	121527	19	9	89	0	0	0	0	0	0	0	0	0	0	0	0	0	0	
2026.552317	8	3	3	0	1	2	2	4141	659	32	121587	19	9	89	0	0	0	0	0	0	0	0	0	0	0	0	0	0	
2027.557433	8	3	3	0	1	2	2	4146	660	32	121647	19	9	89	0	0	0	0	0	0	0	0	0	0	0	0	0	0	
2028.562567	8	3	3	0	1	2	2	4151	659	32	121708	19	9	89	0	0	0	0	0	0	0	0	0	0	0	0	0	0	
2029.548967	8	3	3	0	1	2	2	4156	657	32	121767	19	9	89	0	0	0	0	0	0	0	0	0	0	0	0	0	0	
2030.554083	8	3	3	0	1	2	2	4161	656	32	121827	19	9	89	0	0	0	0	0	0	0	0	0	0	0	0	0	0	
2031.560633	8	3	3	0	1	2	2	4167	658	32	121888	19	9	89	0	0	0	0	0	0	0	0	0	0	0	0	0	0	
2032.547033	8	3	3	0	1	2	2	4172	657	32	121947	19	9	89	0	0	0	0	0	0	0	0	0	0	0	0	0	0	
2033.552167	8	3	3	0	1	2	2	4177	656	32	122007	19	9	89	0	0	0	0	0	0	0	0	0	0	0	0	0	0	
2034.557283	8	3	3	0	1	2	2	4182	653	32	122067	19	9	89	0	0	0	0	0	0	0	0	0	0	0	0	0	0	
2035.562400	8	3	3	0	1	2	2	4188	654	32	122128	19	9	89	0	0	0	0	0	0	0	0	0	0	0	0	0	0	
2036.548800	8	3	3	0	1	2	2	4193	651	32	122187	19	9	89	0	0	0	0	0	0	0	0	0	0	0	0	0	0	
2037.555367	8	3	3	0	1	2	2	4199	651	32	122247	19	9	89	0	0	0	0	0	0	0	0	0	0	0	0	0	0	
2038.560483	8	3	3	0	1	2	2	4199	630	32	122308	19	9	89	0	0	0	0	0	0	0	0	0	0	0	0	0	0	
2039.546883	8	3	3	0	1	2	2	4199	612	32	122367	19	9	89	0	0	0	0	0	0	0	0	0	0	0	0	0	0	
2040.552000	8	3	3	0	1	2	2	4198	595	32	122427	19	9	89	0	0	0	0	0	0	0	0	0	0	0	0	0	0	
2041.557117	8	3	3	0	1	2	2	4198	578	32	122487	19	9	89	0	0	0	0	0	0	0	0	0	0	0	0	0	0	
2042.563683	8	3	3	0	1	2	2	4199	562	32	122548	19	9	89	0	0	0	0	0	0	0	0	0	0	0	0	0	0	
2043.550083	8	3	3	0	1	2	2	4199	545	32	122607	19	9	89	0	0	0	0	0	0	0	0	0	0	0	0	0	0	
2044.555200	8	3	3	0	1	2	2	4198	528	32	122667	19	9	89	0	0	0	0	0	0	0	0	0	0	0	0	0	0	
2045.560317	8	3	3	0	1	2	2	4199	514	32	122728	19	9	89	0	0	0	0	0	0	0	0	0	0	0	0	0	0	
2046.546717	8	3	3	0	1	2	2	4199	499	32	122787	19	9	89	0	0	0	0	0	0	0	0	0	0	0	0	0	0	
2047.551833	8	3	3	0	1	2	2	4199	484	32	122847	19	9	89	0	0	0	0	0	0	0	0	0	0	0	0	0	0	
2048.558400	8	3	3	0	1	2	2	4199	470	32	122907	19	9	89	0	0	0	0	0	0	0	0	0	0	0	0	0	0	
2049.563517	8	3	3	0	1	2	2	4198	456	32	122968	19	9	89	0	0	0	0	0	0	0	0	0	0	0	0	0	0	
2050.549917	8	3	3	0	1	2	2	4199	443	32	123027	19	9	89	0	0	0	0	0	0	0	0	0	0	0	0	0	0	
2051.555033	8	3	3	0	1	2	2	4198	427	32	123087	19	9	89	0	0	0	0	0	0	0	0	0	0	0	0	0	0	
2052.560167	8	3	3	0	1	2	2	4199	414	32	123148	19	9	89	0	0	0	0	0	0	0	0	0	0	0	0	0	0	
2053.546567	8	3	3	0	1	2	2	4199	403	32	123207	19	9	89	0	0	0	0	0	0	0	0	0	0	0	0	0	0	
2054.553117	8	3	3	0	1	2	2	4199	391	32	123267	19	9	89	0	0	0	0	0	0	0	0	0	0	0	0	0	0	
2055.558233	8	3	3	0	1	2	2	4199	378	32	123327	19	9	89	0	0	0	0	0	0	0	0	0	0	0	0	0	0	
2056.563367	8	3	3	0	1	2	2	4198	367	32	123388	19	9	89	0	0	0	0	0	0	0	0	0	0	0	0	0	0	
2057.549767	8	3	3	0	1	2	2	4199	356	32	123447	19	9	89	0	0	0	0	0	0	0	0	0	0	0	0	0	0	
2058.554883	8	3	3	0	1	2	2	4198	345	32	123507	19	9	89	0	0	0	0	0	0	0	0	0	0	0	0	0	0	
2059.561433	8	3	3	0	1	2	2	4198	333	32	123567	19	9	89	0	0	0	0	0	0	0	0	0	0	0	0	0	0	
2060.547833	8	3	3	0	1	2	2	4198	323	32	123627	19	9	89	0	0	0	0	0	0	0	0	0	0	0	0	0	0	
2061.552967	8	3	3	0	1	2	2	4199	313	32	123687	19	9	89	0	0	0	0	0	0	0	0	0	0	0	0	0	0	
2062.558083	8	3	3	0	1	2	2	4198	303	32	123747	19	9	89	0	0	0	0	0	0	0	0	0	0	0	0	0	0	
2063.563200	8	3	3	0	1	2	2	4199	294	32	123808	19	9	89	0	0	0	0	0	0	0	0	0	0	0	0	0	0	
2064.551033	8	3	3	0	1	2	2	4198	285	32	123867	19	9	89	0	0	0	0	0	0	0	0	0	0	0	0	0	0	
2065.556167	8	3	3	0	1	2	2	4198	276	32	123927	19	9	89	0	0	0	0	0	0	0	0	0	0	0	0	0	0	
2066.561283	8	3	3	0	1	2	2	4198	266	32	123987	19	9	89	0	0	0	0	0	0	0	0	0	0	0	0	0	0	
2067.547683	8	3	3	0	1	2	2	4199	259	32	124047	19	9	89	0	0	0	0	0	0	0	0	0	0	0	0	0	0	
2068.552800	8	3	3	0	1	2	2	4198	250	32	124107	19	9	89	0	0	0	0	0	0	0	0	0	0	0	0	0	0	
2069.557917	8	3	3	0	1	2	2	4199	242	32	124167	19	9	89	0	0	0	0	0	0	0	0	0	0	0	0	0	0	
2070.564483	8	3	3	0	1	2	2	4198	236	32	124228	19	9	89	0	0	0	0	0	0	0	0	0	0	0	0	0	0	
2071.550883	8	3	3	0	1	2	2	4199	228	32	124287	19	9	89	0	0	0	0	0	0	0	0	0	0	0	0	0	0	
2072.556000	8	3	3	0	1	2	2	4198	220	32	124347	19	9	89	0	0	0	0	0	0	0	0	0	0	0	0	0	0	
2073.561117	8	3	3	0	1	2	2	4198	213	32	124407	19	9	89	0	0	0	0	0	0	0	0	0	0	0	0	0	0	
2074.547517	8	3	3	0	1	2	2	4199	207	32	124467	19	9	89	0	0	0	0	0	0	0	0	0	0	0	0	0	0	
2075.552633	8	3	3	0	1	2	2	4199	200	32	124527	19	9	89	0	0	0	0	0	0	0	0	0	0	0	0	0	0	
2076.559200	8	3	3	0	1	2	2	4198	193	32	124587	19	9	89	0	0	0	0	0	0	0	0	0	0	0	0	0	0	
2077.564317	8	3	3	0	1	2	2	4198	188	32	124648	19	9	89	0	0	0	0	0	0	0	0	0	0	0	0	0	0	
2078.550717	8	3	3	0	1	2	2	4199	182	32	124707	19	9	89	0	0	0	0	0	0	0	0	0	0	0	0	0	0	
2079.555833	8	3	3	0	1	2	2	4198	174	32	124767	19	9	89	0	0	0	0	0	0	0	0	0	0	0	0	0	0	
2080.560967	8	3	3	0	1	2	2	4199	171	32	124827	19	9	89	0	0	0	0	0	0	0	0	0	0	0	0	0	0	
2081.548800	8	3	3	0	1	2	2	4199	165	32	124887	19	9	89	0	0	0	0	0	0	0	0	0	0	0	0	0	0	
2082.553917	8	3	3	0	1	2	2	4199	159	32	124947	19	9	89	0	0	0	0	0	0	0	0	0	0	0	0	0	0	
2083.559033	8	3	3	0	1	2	2	4199	154	32	125007	19	9	89	0	0	0	0	0	0	0	0	0	0	0	0	0	0	
2084.564167	8	3	3	0	1	2	2	4198	149	32	125068	19	9	89	0	0	0	0	0	0	0	0	0	0	0	0	0	0	
2085.550567	8	3	3	0	1	2	2	4199	145	32	125127	19	9	89	0	0	0	0	0	0	0	0	0	0	0	0	0	0	
2086.555683	8	3	3	0	1	2	2	4199	140	32	125187	19	9	89	0	0	0	0	0	0	0	0	0	0	0	0	0	0	
2087.562233	8	3	3	0	1	2	2	4199	135	32	125247	19	9	89	0	0	0	0	0	0	0	0	0	0	0	0	0	0	
2088.567367	8	3	3	0	1	2	2	4199	131	32	125308	19	9	89	0	0	0	0	0	0	0	0	0	0	0	0	0	0	
2089.553767	8	3	3	0	1	2	2	4199	127	32	125367	19	9	89	0	0	0	0	0	0	0	0	0	0	0	0	0	0	
2090.558883	8	3	3	0	1	2	2	4198	124	32	125427	19	9	89	0	0	0	0	0	0	0	0	0	0	0	0	0	0	
2091.564000	8	3	3	0	1	2	2	4199	119	32	125488	19	9	89	0	0	0	0	0	0	0	0	0	0	0	0	0	0	
2092.551833	8	3	3	0	1	2	2	4198	116	32	125547	19	9	89	0	0	0	0	0	0	0	0	0	0	0	0	0	0	
2093.556967	8	3	3	0	1	2	2	4198	112	32	125607	19	9	89	0	0	0	0	0	0	0	0	0	0	0	0	0	0	
2094.562083	8	3	3	0	1	2	2	4199	108	32	125667	19	9	89	0	0	0	0	0	0	0	0	0	0	0	0	0	0	
2095.567200	8	3	3	0	1	2	2	4198	105	32	125728	19	9	89	0	0	0	0	0	0	0	0	0	0	0	0	0	0	
2096.553600	8	3	3	0	1	2	2	4199	102	32	125787	19	9	89	0	0	0	0	0	0	0	0	0	0	0	0	0	0	
2097.560167	8	3	3	0	1	2	2	4198	99	32	125847	19	9	89	0	0	0	0	0	0	0	0	0	0	0	0	0	0	
2098.565283	8	3	3	0	1	2	2	4198	97	32	125908	19	9	89	0	0	0	0	0	0	0	0	0	0	0	0	0	0	
2099.551683	8	3	3	0	1	2	2	4199	92	32	125967	19	9	89	0	0	0	0	0	0	0	0	0	0	0	0	0	0	
2100.556800	8	3	3	0	1	2	2	4199	90	32	126027	19	9	89	0	0	0	0	0	0	0	0	0	0	0	0	0	0	
2101.561917	8	3	3	0	1	2	2	4198	86	32	126087	19	9	89	0	0	0	0	0	0	0	0	0	0	0	0	0	0	
2102.567033	8	3	3	0	1	2	2	4198	85	32	126148	19	9	89	0	0	0	0	0	0	0	0	0	0	0	0	0	0	
2103.554883	8	3	3	0	1	2	2	4198	82	32	126207	19	9	89	0	0	0	0	0	0	0	0	0	0	0	0	0	0	
2104.560000	8	3	3	0	1	2	2	4199	80	32	126267	19	9	89	0	0	0	0	0	0	0	0	0	0	0	0	0	0	
2105.565117	8	3	3	0	1	2	2	4199	77	32	126328	19	9	89	0	0	0	0	0	0	0	0	0	0	0	0	0	0	
2106.551517	8	3	3	0	1	2	2	4198	74	32	126387	19	9	89	0	0	0	0	0	0	0	0	0	0	0	0	0	0	
2107.556633	8	3	3	0	1	2	2	4198	72	32	126447	19	9	89	0	0	0	0	0	0	0	0	0	0	0	0	0	0	
2108.561767	8	3	3	0	1	2	2	4198	70	32	126507	19	9	89	0	0	0	0	0	0	0	0	0	0	0	0	0	0	
2109.568317	8	3	3	0	1	2	2	4198	67	32	126568	19	9	89	0	0	0	0	0	0	0	0	0	0	0	0	0	0	
2110.007517	8	6	3	0	2	7	1	4108	-289	32	126594	19	10	0	0	0	0	0	0	0	0	0	0	0	0	0	0	0	
2110.556167	8	6	3	0	2	7	1	3742	-1347	32	126627	19	10	0	0	0	0	0	0	0	0	0	0	0	0	0	0	0	
2111.561283	8	6	3	0	2	7	1	3718	-1351	32	126687	19	10	2	0	0	0	0	0	0	0	0	0	0	0	0	0	0	
2112.566400	8	6	3	0	2	7	1	3701	-1350	32	126748	19	10	4	0	0	0	0	0	0	0	0	0	0	0	0	0	0	
2113.552800	8	6	3	0	2	7	1	3686	-1352	32	126807	19	10	5	0	0	0	0	0	0	0	0	0	0	0	0	0	0	
2114.559367	8	6	3	0	2	7	1	3670	-1349	32	126867	19	10	7	0	0	0	0	0	0	0	0	0	0	0	0	0	0	
2115.564483	8	6	3	0	2	7	1	3656	-1349	32	126927	19	10	9	0	0	0	0	0	0	0	0	0	0	0	0	0	0	
2116.550883	8	6	3	0	2	7	1	3640	-1350	32	126987	19	10	10	0	0	0	0	0	0	0	0	0	0	0	0	0	0	
2117.556000	8	6	3	0	2	7	1	3627	-1350	32	127047	19	10	12	0	0	0	0	0	0	0	0	0	0	0	0	0	0	
2118.561117	8	6	3	0	2	7	1	3608	-1351	32	127107	19	10	14	0	0	0	0	0	0	0	0	0	0	0	0	0	0	
2119.567683	8	6	3	0	2	7	1	3592	-1349	32	127168	19	10	15	0	0	0	0	0	0	0	0	0	0	0	0	0	0	
2120.554083	8	6	3	0	2	7	1	3576	-1349	32	127227	19	10	17	0	0	0	0	0	0	0	0	0	0	0	0	0	0	
2121.559200	8	6	3	0	2	7	1	3561	-1350	32	127287	19	10	19	0	0	0	0	0	0	0	0	0	0	0	0	0	0	
2122.564317	8	6	3	0	2	7	1	3543	-1349	32	127347	19	10	20	0	0	0	0	0	0	0	0	0	0	0	0	0	0	
2123.550717	8	6	3	0	2	7	1	3532	-1352	32	127407	19	10	22	0	0	0	0	0	0	0	0	0	0	0	0	0	0	
2124.557283	8	6	3	0	2	7	1	3522	-1349	32	127467	19	10	24	0	0	0	0	0	0	0	0	0	0	0	0	0	0	
2125.562400	8	6	3	0	2	7	1	3514	-1351	32	127527	19	10	25	0	0	0	0	0	0	0	0	0	0	0	0	0	0	
2126.567517	8	6	3	0	2	7	1	3503	-1350	32	127588	19	10	27	0	0	0	0	0	0	0	0	0	0	0	0	0	0	
2127.553917	8	6	3	0	2	7	1	3491	-1351	32	127647	19	10	29	0	0	0	0	0	0	0	0	0	0	0	0	0	0	
2128.559033	8	6	3	0	2	7	1	3479	-1349	32	127707	19	10	30	0	0	0	0	0	0	0	0	0	0	0	0	0	0	
2129.565600	8	6	3	0	2	7	1	3468	-1349	32	127767	19	10	32	0	0	0	0	0	0	0	0	0	0	0	0	0	0	
2130.570717	8	6	3	0	2	7	1	3457	-1350	32	127828	19	10	33	0	0	0	0	0	0	0	0	0	0	0	0	0	0	
2131.557117	8	6	3	0	2	7	1	3446	-1349	32	127887	19	10	35	0	0	0	0	0	0	0	0	0	0	0	0	0	0	
2132.562233	8	6	3	0	2	7	1	3436	-1349	32	127947	19	10	37	0	0	0	0	0	0	0	0	0	0	0	0	0	0	
2133.567367	8	6	3	0	2	7	1	3426	-1350	32	128008	19	10	38	0	0	0	0	0	0	0	0	0	0	0	0	0	0	
2134.553767	8	6	3	0	2	7	1	3417	-1348	32	128067	19	10	40	0	0	0	0	0	0	0	0	0	0	0	0	0	0	
2135.560317	8	6	3	0	2	7	1	3407	-1350	32	128127	19	10	42	0	0	0	0	0	0	0	0	0	0	0	0	0	0	
2136.565433	8	6	3	0	2	7	1	3398	-1349	32	128187	19	10	43	0	0	0	0	0	0	0	0	0	0	0	0	0	0	
2137.570567	8	6	3	0	2	7	1	3390	-1351	32	128248	19	10	45	0	0	0	0	0	0	0	0	0	0	0	0	0	0	
2138.556967	8	6	3	0	2	7	1	3382	-1350	32	128307	19	10	47	0	0	0	0	0	0	0	0	0	0	0	0	0	0	
2139.562083	8	6	3	0	2	7	1	3373	-1350	32	128367	19	10	48	0	0	0	0	0	0	0	0	0	0	0	0	0	0	
2140.568633	8	6	3	0	2	7	1	3366	-1351	32	128428	19	10	50	0	0	0	0	0	0	0	0	0	0	0	0	0	0	
2141.555033	8	6	3	0	2	7	1	3359	-1348	32	128487	19	10	52	0	0	0	0	0	0	0	0	0	0	0	0	0	0	
2142.560167	8	6	3	0	2	7	1	3351	-1348	32	128547	19	10	53	0	0	0	0	0	0	0	0	0	0	0	0	0	0	
2143.565283	8	6	3	0	2	7	1	3345	-1349	32	128607	19	10	55	0	0	0	0	0	0	0	0	0	0	0	0	0	0	
2144.570400	8	6	3	0	2	7	1	3338	-1348	32	128668	19	10	57	0	0	0	0	0	0	0	0	0	0	0	0	0	0	
2145.556800	8	6	3	0	2	7	1	3332	-1351	32	128727	19	10	58	0	0	0	0	0	0	0	0	0	0	0	0	0	0	
2146.563367	8	6	3	0	2	7	1	3325	-1349	32	128787	19	10	60	0	0	0	0	0	0	0	0	0	0	0	0	0	0	
2147.568483	8	6	3	0	2	7	1	3319	-1351	32	128848	19	10	62	0	0	0	0	0	0	0	0	0	0	0	0	0	0	
2148.554883	8	6	3	0	2	7	1	3313	-1350	32	128907	19	10	63	0	0	0	0	0	0	0	0	0	0	0	0	0	0	
2149.560000	8	6	3	0	2	7	1	3306	-1350	32	128967	19	10	65	0	0	0	0	0	0	0	0	0	0	0	0	0	0	
2150.565117	8	6	3	0	2	7	1	3300	-1348	32	129027	19	10	67	0	0	0	0	0	0	0	0	0	0	0	0	0	0	
2151.570233	8	6	3	0	2	7	1	3293	-1349	32	129088	19	10	68	0	0	0	0	0	0	0	0	0	0	0	0	0	0	
2152.558083	8	6	3	0	2	7	1	3285	-1348	32	129147	19	10	70	0	0	0	0	0	0	0	0	0	0	0	0	0	0	
2153.563200	8	6	3	0	2	7	1	3277	-1350	32	129207	19	10	72	0	0	0	0	0	0	0	0	0	0	0	0	0	0	
2154.568317	8	6	3	0	2	7	1	3269	-1349	32	129267	19	10	73	0	0	0	0	0	0	0	0	0	0	0	0	0	0	
2155.554717	8	6	3	0	2	7	1	3259	-1349	32	129327	19	10	75	0	0	0	0	0	0	0	0	0	0	0	0	0	0	
2156.559833	8	6	3	0	2	7	1	3247	-1350	32	129387	19	10	77	0	0	0	0	0	0	0	0	0	0	0	0	0	0	
2157.566400	8	6	3	0	2	7	1	3232	-1350	32	129447	19	10	78	0	0	0	0	0	0	0	0	0	0	0	0	0	0	
2158.571517	8	6	3	0	2	7	1	3213	-1349	32	129508	19	10	80	0	0	0	0	0	0	0	0	0	0	0	0	0	0	
2159.557917	8	6	3	0	2	7	1	3188	-1349	32	129567	19	10	82	0	0	0	0	0	0	0	0	0	0	0	0	0	0	
2160.563033	8	6	3	0	2	7	1	3156	-1350	32	129627	19	10	83	0	0	0	0	0	0	0	0	0	0	0	0	0	0	
2161.568167	8	6	3	0	2	7	1	3107	-1348	32	129687	19	10	85	0	0	0	0	0	0	0	0	0	0	0	0	0	0	
2162.556000	8	6	3	0	2	7	1	3022	-1349	32	129747	19	10	87	0	0	0	0	0	0	0	0	0	0	0	0	0	0	
2163.561117	8	6	3	0	2	7	1	2840	-1350	32	129807	19	10	88	0	0	0	0	0	0	0	0	0	0	0	0	0	0	
2163.983033	8	15	3	0	1	31	2	3104	158	32	129832	21	10	89	0	0	0	0	0	0	0	0	0	0	0	0	0	0	
2164.003200	8	3	3	0	1	2	2	3268	677	32	129834	21	10	89	0	0	0	0	0	0	0	0	0	0	0	0	0	0	
2164.569117	8	3	3	0	1	2	2	3493	677	32	129868	21	10	89	0	0	0	0	0	0	0	0	0	0	0	0	0	0	
2165.556967	8	3	3	0	1	2	2	3631	674	32	129927	21	10	89	0	0	0	0	0	0	0	0	0	0	0	0	0	0	
2166.562083	8	3	3	0	1	2	2	3713	674	32	129987	21	10	89	0	0	0	0	0	0	0	0	0	0	0	0	0	0	
2167.567200	8	3	3	0	1	2	2	3770	675	32	130047	21	10	89	0	0	0	0	0	0	0	0	0	0	0	0	0	0	
2168.572317	8	3	3	0	1	2	2	3815	674	32	130108	21	10	89	0	0	0	0	0	0	0	0	0	0	0	0	0	0	
2169.558717	8	3	3	0	1	2	2	3851	674	32	130167	21	10	89	0	0	0	0	0	0	0	0	0	0	0	0	0	0	
2170.563833	8	3	3	0	1	2	2	3870	675	32	130227	21	10	89	0	0	0	0	0	0	0	0	0	0	0	0	0	0	
2171.570400	8	3	3	0	1	2	2	3879	674	32	130287	21	10	89	0	0	0	0	0	0	0	0	0	0	0	0	0	0	
2172.556800	8	3	3	0	1	2	2	3885	675	32	130347	21	10	89	0	0	0	0	0	0	0	0	0	0	0	0	0	0	
2173.561917	8	3	3	0	1	2	2	3892	675	32	130407	21	10	89	0	0	0	0	0	0	0	0	0	0	0	0	0	0	
2174.567033	8	3	3	0	1	2	2	3897	673	32	130467	21	10	89	0	0	0	0	0	0	0	0	0	0	0	0	0	0	
2175.572167	8	3	3	0	1	2	2	3902	675	32	130528	21	10	89	0	0	0	0	0	0	0	0	0	0	0	0	0	0	
2176.558567	8	3	3	0	1	2	2	3908	675	32	130587	21	10	89	0	0	0	0	0	0	0	0	0	0	0	0	0	0	
2177.565117	8	3	3	0	1	2	2	3913	675	32	130647	21	10	89	0	0	0	0	0	0	0	0	0	0	0	0	0	0	
2178.570233	8	3	3	0	1	2	2	3918	674	32	130707	21	10	89	0	0	0	0	0	0	0	0	0	0	0	0	0	0	
2179.556633	8	3	3	0	1	2	2	3923	674	32	130767	21	10	89	0	0	0	0	0	0	0	0	0	0	0	0	0	0	
2180.561767	8	3	3	0	1	2	2	3929	675	32	130827	21	10	89	0	0	0	0	0	0	0	0	0	0	0	0	0	0	
2181.566883	8	3	3	0	1	2	2	3935	674	32	130887	21	10	89	0	0	0	0	0	0	0	0	0	0	0	0	0	0	
2182.573433	8	3	3	0	1	2	2	3941	674	32	130948	21	10	89	0	0	0	0	0	0	0	0	0	0	0	0	0	0	
2183.559833	8	3	3	0	1	2	2	3947	674	32	131007	21	10	89	0	0	0	0	0	0	0	0	0	0	0	0	0	0	
2184.564967	8	3	3	0	1	2	2	3953	674	32	131067	21	10	89	0	0	0	0	0	0	0	0	0	0	0	0	0	0	
2185.570083	8	3	3	0	1	2	2	3959	674	32	131127	21	10	89	0	0	0	0	0	0	0	0	0	0	0	0	0	0	
2186.556483	8	3	3	0	1	2	2	3964	674	32	131187	21	10	89	0	0	0	0	0	0	0	0	0	0	0	0	0	0	
2187.563033	8	3	3	0	1	2	2	3969	675	32	131247	21	10	89	0	0	0	0	0	0	0	0	0	0	0	0	0	0	
2188.568167	8	3	3	0	1	2	2	3974	674	32	131307	21	10	89	0	0	0	0	0	0	0	0	0	0	0	0	0	0	
2189.573283	8	3	3	0	1	2	2	3978	673	32	131368	21	10	89	0	0	0	0	0	0	0	0	0	0	0	0	0	0	
2190.559683	8	3	3	0	1	2	2	3981	673	32	131427	21	10	89	0	0	0	0	0	0	0	0	0	0	0	0	0	0	
2191.564800	8	3	3	0	1	2	2	3985	675	32	131487	21	10	89	0	0	0	0	0	0	0	0	0	0	0	0	0	0	
2192.569917	8	3	3	0	1	2	2	3989	675	32	131547	21	10	89	0	0	0	0	0	0	0	0	0	0	0	0	0	0	
2193.557767	8	3	3	0	1	2	2	3992	675	32	131607	21	10	89	0	0	0	0	0	0	0	0	0	0	0	0	0	0	
2194.562883	8	3	3	0	1	2	2	3995	674	32	131667	21	10	89	0	0	0	0	0	0	0	0	0	0	0	0	0	0	
2195.568000	8	3	3	0	1	2	2	3998	675	32	131727	21	10	89	0	0	0	0	0	0	0	0	0	0	0	0	0	0	
2196.573117	8	3	3	0	1	2	2	4001	675	32	131788	21	10	89	0	0	0	0	0	0	0	0	0	0	0	0	0	0	
2197.559517	8	3	3	0	1	2	2	4003	675	32	131847	21	10	89	0	0	0	0	0	0	0	0	0	0	0	0	0	0	
2198.564633	8	3	3	0	1	2	2	4006	675	32	131907	21	10	89	0	0	0	0	0	0	0	0	0	0	0	0	0	0	
2199.571200	8	3	3	0	1	2	2	4009	675	32	131967	21	10	89	0	0	0	0	0	0	0	0	0	0	0	0	0	0	
2200.557600	8	3	3	0	1	2	2	4012	675	32	132027	21	10	89	0	0	0	0	0	0	0	0	0	0	0	0	0	0	
2201.562717	8	3	3	0	1	2	2	4015	674	32	132087	21	10	89	0	0	0	0	0	0	0	0	0	0	0	0	0	0	
2202.567833	8	3	3	0	1	2	2	4018	674	32	132147	21	10	89	0	0	0	0	0	0	0	0	0	0	0	0	0	0	
2203.572967	8	3	3	0	1	2	2	4021	675	32	132208	21	10	89	0	0	0	0	0	0	0	0	0	0	0	0	0	0	
2204.560800	8	3	3	0	1	2	2	4024	674	32	132267	21	10	89	0	0	0	0	0	0	0	0	0	0	0	0	0	0	
2205.565917	8	3	3	0	1	2	2	4027	675	32	132327	21	10	89	0	0	0	0	0	0	0	0	0	0	0	0	0	0	
2206.571033	8	3	3	0	1	2	2	4030	674	32	132387	21	10	89	0	0	0	0	0	0	0	0	0	0	0	0	0	0	
2207.576167	8	3	3	0	1	2	2	4034	675	32	132448	21	10	89	0	0	0	0	0	0	0	0	0	0	0	0	0	0	
2208.562567	8	3	3	0	1	2	2	4037	674	32	132507	21	10	89	0	0	0	0	0	0	0	0	0	0	0	0	0	0	
2209.567683	8	3	3	0	1	2	2	4040	674	32	132567	21	10	89	0	0	0	0	0	0	0	0	0	0	0	0	0	0	
2210.574233	8	3	3	0	1	2	2	4044	674	32	132628	21	10	89	0	0	0	0	0	0	0	0	0	0	0	0	0	0	
2211.560633	8	3	3	0	1	2	2	4047	675	32	132687	21	10	89	0	0	0	0	0	0	0	0	0	0	0	0	0	0	
2212.565767	8	3	3	0	1	2	2	4051	675	32	132747	21	10	89	0	0	0	0	0	0	0	0	0	0	0	0	0	0	
2213.570883	8	3	3	0	1	2	2	4054	675	32	132807	21	10	89	0	0	0	0	0	0	0	0	0	0	0	0	0	0	
2214.576000	8	3	3	0	1	2	2	4058	675	32	132868	21	10	89	0	0	0	0	0	0	0	0	0	0	0	0	0	0	
2215.563833	8	3	3	0	1	2	2	4061	674	32	132927	21	10	89	0	0	0	0	0	0	0	0	0	0	0	0	0	0	
2216.568967	8	3	3	0	1	2	2	4065	675	32	132987	21	10	89	0	0	0	0	0	0	0	0	0	0	0	0	0	0	
2217.574083	8	3	3	0	1	2	2	4069	676	32	133048	21	10	89	0	0	0	0	0	0	0	0	0	0	0	0	0	0	
2218.560483	8	3	3	0	1	2	2	4072	674	32	133107	21	10	89	0	0	0	0	0	0	0	0	0	0	0	0	0	0	
2219.565600	8	3	3	0	1	2	2	4077	676	32	133167	21	10	89	0	0	0	0	0	0	0	0	0	0	0	0	0	0	
2220.572167	8	3	3	0	1	2	2	4081	676	32	133227	21	10	89	0	0	0	0	0	0	0	0	0	0	0	0	0	0	
2221.577283	8	3	3	0	1	2	2	4085	674	32	133288	21	10	89	0	0	0	0	0	0	0	0	0	0	0	0	0	0	
2222.563683	8	3	3	0	1	2	2	4089	674	32	133347	21	10	89	0	0	0	0	0	0	0	0	0	0	0	0	0	0	
2223.568800	8	3	3	0	1	2	2	4094	676	32	133407	21	10	89	0	0	0	0	0	0	0	0	0	0	0	0	0	0	
2224.573917	8	3	3	0	1	2	2	4098	674	32	133468	21	10	89	0	0	0	0	0	0	0	0	0	0	0	0	0	0	
2225.561767	8	3	3	0	1	2	2	4103	675	32	133527	21	10	89	0	0	0	0	0	0	0	0	0	0	0	0	0	0	
2226.566883	8	3	3	0	1	2	2	4107	675	32	133587	21	10	89	0	0	0	0	0	0	0	0	0	0	0	0	0	0	
2227.572000	8	3	3	0	1	2	2	4112	675	32	133647	21	10	89	0	0	0	0	0	0	0	0	0	0	0	0	0	0	
2228.577117	8	3	3	0	1	2	2	4116	674	32	133708	21	10	89	0	0	0	0	0	0	0	0	0	0	0	0	0	0	
2229.563517	8	3	3	0	1	2	2	4118	666	32	133767	21	10	89	0	0	0	0	0	0	0	0	0	0	0	0	0	0	
2230.568633	8	3	3	0	1	2	2	4122	663	32	133827	21	10	89	0	0	0	0	0	0	0	0	0	0	0	0	0	0	
2231.575200	8	3	3	0	1	2	2	4127	664	32	133887	21	10	89	0	0	0	0	0	0	0	0	0	0	0	0	0	0	
2232.561600	8	3	3	0	1	2	2	4132	663	32	133947	21	10	89	0	0	0	0	0	0	0	0	0	0	0	0	0	0	
2233.566717	8	3	3	0	1	2	2	4137	662	32	134007	21	10	89	0	0	0	0	0	0	0	0	0	0	0	0	0	0	
2234.571833	8	3	3	0	1	2	2	4141	658	32	134067	21	10	89	0	0	0	0	0	0	0	0	0	0	0	0	0	0	
2235.576967	8	3	3	0	1	2	2	4147	660	32	134128	21	10	89	0	0	0	0	0	0	0	0	0	0	0	0	0	0	
2236.563367	8	3	3	0	1	2	2	4151	657	32	134187	21	10	89	0	0	0	0	0	0	0	0	0	0	0	0	0	0	
2237.569917	8	3	3	0	1	2	2	4157	657	32	134247	21	10	89	0	0	0	0	0	0	0	0	0	0	0	0	0	0	
2238.575033	8	3	3	0	1	2	2	4163	658	32	134307	21	10	89	0	0	0	0	0	0	0	0	0	0	0	0	0	0	
2239.561433	8	3	3	0	1	2	2	4167	656	32	134367	21	10	89	0	0	0	0	0	0	0	0	0	0	0	0	0	0	
2240.566567	8	3	3	0	1	2	2	4173	654	32	134427	21	10	89	0	0	0	0	0	0	0	0	0	0	0	0	0	0	
2241.571683	8	3	3	0	1	2	2	4179	656	32	134487	21	10	89	0	0	0	0	0	0	0	0	0	0	0	0	0	0	
2242.578233	8	3	3	0	1	2	2	4184	653	32	134548	21	10	89	0	0	0	0	0	0	0	0	0	0	0	0	0	0	
2243.564633	8	3	3	0	1	2	2	4190	653	32	134607	21	10	89	0	0	0	0	0	0	0	0	0	0	0	0	0	0	
2244.569767	8	3	3	0	1	2	2	4196	653	32	134667	21	10	89	0	0	0	0	0	0	0	0	0	0	0	0	0	0	
2245.574883	8	3	3	0	1	2	2	4199	642	32	134727	21	10	89	0	0	0	0	0	0	0	0	0	0	0	0	0	0	
2246.561283	8	3	3	0	1	2	2	4199	623	32	134787	21	10	89	0	0	0	0	0	0	0	0	0	0	0	0	0	0	
2247.566400	8	3	3	0	1	2	2	4199	603	32	134847	21	10	89	0	0	0	0	0	0	0	0	0	0	0	0	0	0	
2248.572967	8	3	3	0	1	2	2	4199	585	32	134907	21	10	89	0	0	0	0	0	0	0	0	0	0	0	0	0	0	
2249.578083	8	3	3	0	1	2	2	4199	566	32	134968	21	10	89	0	0	0	0	0	0	0	0	0	0	0	0	0	0	
2250.564483	8	3	3	0	1	2	2	4199	549	32	135027	21	10	89	0	0	0	0	0	0	0	0	0	0	0	0	0	0	
2251.569600	8	3	3	0	1	2	2	4199	531	32	135087	21	10	89	0	0	0	0	0	0	0	0	0	0	0	0	0	0	
2252.574717	8	3	3	0	1	2	2	4199	512	32	135147	21	10	89	0	0	0	0	0	0	0	0	0	0	0	0	0	0	
2253.561117	8	3	3	0	1	2	2	4199	497	32	135207	21	10	89	0	0	0	0	0	0	0	0	0	0	0	0	0	0	
2254.567683	8	3	3	0	1	2	2	4199	482	32	135267	21	10	89	0	0	0	0	0	0	0	0	0	0	0	0	0	0	
2255.572800	8	3	3	0	1	2	2	4199	467	32	135327	21	10	89	0	0	0	0	0	0	0	0	0	0	0	0	0	0	
2256.577917	8	3	3	0	1	2	2	4198	451	32	135388	21	10	89	0	0	0	0	0	0	0	0	0	0	0	0	0	0	
2257.564317	8	3	3	0	1	2	2	4199	437	32	135447	21	10	89	0	0	0	0	0	0	0	0	0	0	0	0	0	0	
2258.569433	8	3	3	0	1	2	2	4198	422	32	135507	21	10	89	0	0	0	0	0	0	0	0	0	0	0	0	0	0	
2259.576000	8	3	3	0	1	2	2	4199	411	32	135567	21	10	89	0	0	0	0	0	0	0	0	0	0	0	0	0	0	
2260.562400	8	3	3	0	1	2	2	4198	398	32	135627	21	10	89	0	0	0	0	0	0	0	0	0	0	0	0	0	0	
2261.567517	8	3	3	0	1	2	2	4198	385	32	135687	21	10	89	0	0	0	0	0	0	0	0	0	0	0	0	0	0	
2262.572633	8	3	3	0	1	2	2	4198	373	32	135747	21	10	89	0	0	0	0	0	0	0	0	0	0	0	0	0	0	
2263.577767	8	3	3	0	1	2	2	4199	361	32	135808	21	10	89	0	0	0	0	0	0	0	0	0	0	0	0	0	0	
2264.565600	8	3	3	0	1	2	2	4198	350	32	135867	21	10	89	0	0	0	0	0	0	0	0	0	0	0	0	0	0	
2265.570717	8	3	3	0	1	2	2	4199	338	32	135927	21	10	89	0	0	0	0	0	0	0	0	0	0	0	0	0	0	
2266.575833	8	3	3	0	1	2	2	4198	328	32	135987	21	10	89	0	0	0	0	0	0	0	0	0	0	0	0	0	0	
2267.580967	8	3	3	0	1	2	2	4198	317	32	136048	21	10	89	0	0	0	0	0	0	0	0	0	0	0	0	0	0	
2268.567367	8	3	3	0	1	2	2	4199	307	32	136107	21	10	89	0	0	0	0	0	0	0	0	0	0	0	0	0	0	
2269.573917	8	3	3	0	1	2	2	4199	297	32	136167	21	10	89	0	0	0	0	0	0	0	0	0	0	0	0	0	0	
2270.579033	8	3	3	0	1	2	2	4198	286	32	136228	21	10	89	0	0	0	0	0	0	0	0	0	0	0	0	0	0	
2271.565433	8	3	3	0	1	2	2	4198	278	32	136287	21	10	89	0	0	0	0	0	0	0	0	0	0	0	0	0	0	
2272.570567	8	3	3	0	1	2	2	4198	269	32	136347	21	10	89	0	0	0	0	0	0	0	0	0	0	0	0	0	0	
2273.575683	8	3	3	0	1	2	2	4198	260	32	136407	21	10	89	0	0	0	0	0	0	0	0	0	0	0	0	0	0	
2274.582233	8	3	3	0	1	2	2	4198	252	32	136468	21	10	89	0	0	0	0	0	0	0	0	0	0	0	0	0	0	
2275.568633	8	3	3	0	1	2	2	4199	245	32	136527	21	10	89	0	0	0	0	0	0	0	0	0	0	0	0	0	0	
2276.573767	8	3	3	0	1	2	2	4198	237	32	136587	21	10	89	0	0	0	0	0	0	0	0	0	0	0	0	0	0	
2277.578883	8	3	3	0	1	2	2	4199	229	32	136648	21	10	89	0	0	0	0	0	0	0	0	0	0	0	0	0	0	
2278.565283	8	3	3	0	1	2	2	4199	222	32	136707	21	10	89	0	0	0	0	0	0	0	0	0	0	0	0	0	0	
2279.570400	8	3	3	0	1	2	2	4198	213	32	136767	21	10	89	0	0	0	0	0	0	0	0	0	0	0	0	0	0	
2280.576967	8	3	3	0	1	2	2	4199	206	32	136827	21	10	89	0	0	0	0	0	0	0	0	0	0	0	0	0	0	
2281.582083	8	3	3	0	1	2	2	4199	200	32	136888	21	10	89	0	0	0	0	0	0	0	0	0	0	0	0	0	0	
2282.568483	8	3	3	0	1	2	2	4199	193	32	136947	21	10	89	0	0	0	0	0	0	0	0	0	0	0	0	0	0	
2283.573600	8	3	3	0	1	2	2	4198	187	32	137007	21	10	89	0	0	0	0	0	0	0	0	0	0	0	0	0	0	
2284.580167	8	3	3	0	1	2	2	4199	181	32	137068	21	10	89	0	0	0	0	0	0	0	0	0	0	0	0	0	0	
2285.566567	8	3	3	0	1	2	2	4199	175	32	137127	21	10	89	0	0	0	0	0	0	0	0	0	0	0	0	0	0	
2286.571683	8	3	3	0	1	2	2	4199	169	32	137187	21	10	89	0	0	0	0	0	0	0	0	0	0	0	0	0	0	
2287.576800	8	3	3	0	1	2	2	4198	163	32	137247	21	10	89	0	0	0	0	0	0	0	0	0	0	0	0	0	0	
2288.581917	8	3	3	0	1	2	2	4199	158	32	137308	21	10	89	0	0	0	0	0	0	0	0	0	0	0	0	0	0	
2289.569767	8	3	3	0	1	2	2	4198	152	32	137367	21	10	89	0	0	0	0	0	0	0	0	0	0	0	0	0	0	
2290.574883	8	3	3	0	1	2	2	4198	147	32	137427	21	10	89	0	0	0	0	0	0	0	0	0	0	0	0	0	0	
2291.580000	8	3	3	0	1	2	2	4199	143	32	137488	21	10	89	0	0	0	0	0	0	0	0	0	0	0	0	0	0	
2292.566400	8	3	3	0	1	2	2	4198	138	32	137547	21	10	89	0	0	0	0	0	0	0	0	0	0	0	0	0	0	
2293.571517	8	3	3	0	1	2	2	4198	133	32	137607	21	10	89	0	0	0	0	0	0	0	0	0	0	0	0	0	0	
2294.576633	8	3	3	0	1	2	2	4198	129	32	137667	21	10	89	0	0	0	0	0	0	0	0	0	0	0	0	0	0	
2295.583200	8	3	3	0	1	2	2	4199	125	32	137728	21	10	89	0	0	0	0	0	0	0	0	0	0	0	0	0	0	
2296.569600	8	3	3	0	1	2	2	4199	121	32	137787	21	10	89	0	0	0	0	0	0	0	0	0	0	0	0	0	0	
2297.574717	8	3	3	0	1	2	2	4198	116	32	137847	21	10	89	0	0	0	0	0	0	0	0	0	0	0	0	0	0	
2298.579833	8	3	3	0	1	2	2	4199	114	32	137908	21	10	89	0	0	0	0	0	0	0	0	0	0	0	0	0	0	
2299.566233	8	3	3	0	1	2	2	4199	110	32	137967	21	10	89	0	0	0	0	0	0	0	0	0	0	0	0	0	0	
2300.571367	8	3	3	0	1	2	2	4198	106	32	138027	21	10	89	0	0	0	0	0	0	0	0	0	0	0	0	0	0	
2301.577917	8	3	3	0	1	2	2	4199	103	32	138087	21	10	89	0	0	0	0	0	0	0	0	0	0	0	0	0	0	
2302.583033	8	3	3	0	1	2	2	4199	100	32	138148	21	10	89	0	0	0	0	0	0	0	0	0	0	0	0	0	0	
2303.569433	8	3	3	0	1	2	2	4199	95	32	138207	21	10	89	0	0	0	0	0	0	0	0	0	0	0	0	0	0	
2304.574567	8	3	3	0	1	2	2	4198	93	32	138267	21	10	89	0	0	0	0	0	0	0	0	0	0	0	0	0	0	
2305.579683	8	3	3	0	1	2	2	4198	90	32	138327	21	10	89	0	0	0	0	0	0	0	0	0	0	0	0	0	0	
2306.566083	8	3	3	0	1	2	2	4199	87	32	138387	21	10	89	0	0	0	0	0	0	0	0	0	0	0	0	0	0	
2307.572633	8	3	3	0	1	2	2	4198	84	32	138447	21	10	89	0	0	0	0	0	0	0	0	0	0	0	0	0	0	
2308.577767	8	3	3	0	1	2	2	4198	81	32	138507	21	10	89	0	0	0	0	0	0	0	0	0	0	0	0	0	0	
2309.582883	8	3	3	0	1	2	2	4198	79	32	138568	21	10	89	0	0	0	0	0	0	0	0	0	0	0	0	0	0	
2310.569283	8	3	3	0	1	2	2	4198	77	32	138627	21	10	89	0	0	0	0	0	0	0	0	0	0	0	0	0	0	
2311.574400	8	3	3	0	1	2	2	4198	73	32	138687	21	10	89	0	0	0	0	0	0	0	0	0	0	0	0	0	0	
2312.580967	8	3	3	0	1	2	2	4199	72	32	138747	21	10	89	0	0	0	0	0	0	0	0	0	0	0	0	0	0	
2313.567367	8	3	3	0	1	2	2	4199	69	32	138807	21	10	89	0	0	0	0	0	0	0	0	0	0	0	0	0	0	
2314.572483	8	3	3	0	1	2	2	4199	67	32	138867	21	10	89	0	0	0	0	0	0	0	0	0	0	0	0	0	0	
2314.656000	8	6	3	0	2	7	1	3813	-1335	32	138872	21	11	0	0	0	0	0	0	0	0	0	0	0	0	0	0	0	
2315.580483	8	6	3	0	2	7	1	3747	-1349	32	138927	21	11	1	0	0	0	0	0	0	0	0	0	0	0	0	0	0	
2316.566883	8	6	3	0	2	7	1	3723	-1349	32	138987	21	11	3	0	0	0	0	0	0	0	0	0	0	0	0	0	0	
2317.572000	8	6	3	0	2	7	1	3696	-1348	32	139047	21	11	4	0	0	0	0	0	0	0	0	0	0	0	0	0	0	
2318.577117	8	6	3	0	2	7	1	3683	-1350	32	139107	21	11	6	0	0	0	0	0	0	0	0	0	0	0	0	0	0	
2319.582233	8	6	3	0	2	7	1	3671	-1350	32	139168	21	11	8	0	0	0	0	0	0	0	0	0	0	0	0	0	0	
2320.570083	8	6	3	0	2	7	1	3654	-1350	32	139227	21	11	9	0	0	0	0	0	0	0	0	0	0	0	0	0	0	
2321.575200	8	6	3	0	2	7	1	3638	-1350	32	139287	21	11	11	0	0	0	0	0	0	0	0	0	0	0	0	0	0	
2322.580317	8	6	3	0	2	7	1	3619	-1351	32	139347	21	11	13	0	0	0	0	0	0	0	0	0	0	0	0	0	0	
2323.585433	8	6	3	0	2	7	1	3606	-1349	32	139408	21	11	14	0	0	0	0	0	0	0	0	0	0	0	0	0	0	
2324.571833	8	6	3	0	2	7	1	3589	-1350	32	139467	21	11	16	0	0	0	0	0	0	0	0	0	0	0	0	0	0	
2325.578400	8	6	3	0	2	7	1	3574	-1350	32	139527	21	11	18	0	0	0	0	0	0	0	0	0	0	0	0	0	0	
2326.583517	8	6	3	0	2	7	1	3558	-1349	32	139588	21	11	19	0	0	0	0	0	0	0	0	0	0	0	0	0	0	
2327.569917	8	6	3	0	2	7	1	3542	-1349	32	139647	21	11	21	0	0	0	0	0	0	0	0	0	0	0	0	0	0	
2328.575033	8	6	3	0	2	7	1	3530	-1350	32	139707	21	11	23	0	0	0	0	0	0	0	0	0	0	0	0	0	0	
2329.580167	8	6	3	0	2	7	1	3515	-1348	32	139767	21	11	24	0	0	0	0	0	0	0	0	0	0	0	0	0	0	
2330.586717	8	6	3	0	2	7	1	3502	-1350	32	139828	21	11	26	0	0	0	0	0	0	0	0	0	0	0	0	0	0	
2331.573117	8	6	3	0	2	7	1	3491	-1350	32	139887	21	11	28	0	0	0	0	0	0	0	0	0	0	0	0	0	0	
2332.578233	8	6	3	0	2	7	1	3476	-1349	32	139947	21	11	29	0	0	0	0	0	0	0	0	0	0	0	0	0	0	
2333.583367	8	6	3	0	2	7	1	3462	-1350	32	140008	21	11	31	0	0	0	0	0	0	0	0	0	0	0	0	0	0	
2334.569767	8	6	3	0	2	7	1	3450	-1350	32	140067	21	11	33	0	0	0	0	0	0	0	0	0	0	0	0	0	0	
2335.574883	8	6	3	0	2	7	1	3435	-1351	32	140127	21	11	34	0	0	0	0	0	0	0	0	0	0	0	0	0	0	
2336.581433	8	6	3	0	2	7	1	3426	-1349	32	140187	21	11	36	0	0	0	0	0	0	0	0	0	0	0	0	0	0	
2337.586567	8	6	3	0	2	7	1	3415	-1350	32	140248	21	11	37	0	0	0	0	0	0	0	0	0	0	0	0	0	0	
2338.572967	8	6	3	0	2	7	1	3404	-1350	32	140307	21	11	39	0	0	0	0	0	0	0	0	0	0	0	0	0	0	
2339.578083	8	6	3	0	2	7	1	3397	-1349	32	140367	21	11	41	0	0	0	0	0	0	0	0	0	0	0	0	0	0	
2340.583200	8	6	3	0	2	7	1	3390	-1351	32	140428	21	11	42	0	0	0	0	0	0	0	0	0	0	0	0	0	0	
2341.569600	8	6	3	0	2	7	1	3383	-1350	32	140487	21	11	44	0	0	0	0	0	0	0	0	0	0	0	0	0	0	
2342.574717	8	6	3	0	2	7	1	3373	-1350	32	140547	21	11	46	0	0	0	0	0	0	0	0	0	0	0	0	0	0	
2343.581283	8	6	3	0	2	7	1	3365	-1351	32	140607	21	11	47	0	0	0	0	0	0	0	0	0	0	0	0	0	0	
2344.586400	8	6	3	0	2	7	1	3357	-1351	32	140668	21	11	49	0	0	0	0	0	0	0	0	0	0	0	0	0	0	
2345.572800	8	6	3	0	2	7	1	3350	-1350	32	140727	21	11	51	0	0	0	0	0	0	0	0	0	0	0	0	0	0	
2346.577917	8	6	3	0	2	7	1	3342	-1350	32	140787	21	11	52	0	0	0	0	0	0	0	0	0	0	0	0	0	0	
2347.583033	8	6	3	0	2	7	1	3335	-1349	32	140847	21	11	54	0	0	0	0	0	0	0	0	0	0	0	0	0	0	
2348.570883	8	6	3	0	2	7	1	3328	-1349	32	140907	21	11	56	0	0	0	0	0	0	0	0	0	0	0	0	0	0	
2349.576000	8	6	3	0	2	7	1	3322	-1350	32	140967	21	11	57	0	0	0	0	0	0	0	0	0	0	0	0	0	0	
2350.581117	8	6	3	0	2	7	1	3315	-1352	32	141027	21	11	59	0	0	0	0	0	0	0	0	0	0	0	0	0	0	
2351.586233	8	6	3	0	2	7	1	3309	-1350	32	141088	21	11	61	0	0	0	0	0	0	0	0	0	0	0	0	0	0	
2352.572633	8	6	3	0	2	7	1	3302	-1351	32	141147	21	11	62	0	0	0	0	0	0	0	0	0	0	0	0	0	0	
2353.577767	8	6	3	0	2	7	1	3296	-1350	32	141207	21	11	64	0	0	0	0	0	0	0	0	0	0	0	0	0	0	
2354.584317	8	6	3	0	2	7	1	3289	-1352	32	141267	21	11	66	0	0	0	0	0	0	0	0	0	0	0	0	0	0	
2355.570717	8	6	3	0	2	7	1	3282	-1351	32	141327	21	11	67	0	0	0	0	0	0	0	0	0	0	0	0	0	0	
2356.575833	8	6	3	0	2	7	1	3275	-1350	32	141387	21	11	69	0	0	0	0	0	0	0	0	0	0	0	0	0	0	
2357.580967	8	6	3	0	2	7	1	3266	-1351	32	141447	21	11	71	0	0	0	0	0	0	0	0	0	0	0	0	0	0	
2358.586083	8	6	3	0	2	7	1	3258	-1350	32	141508	21	11	72	0	0	0	0	0	0	0	0	0	0	0	0	0	0	
2359.573917	8	6	3	0	2	7	1	3249	-1349	32	141567	21	11	74	0	0	0	0	0	0	0	0	0	0	0	0	0	0	
2360.579033	8	6	3	0	2	7	1	3238	-1348	32	141627	21	11	76	0	0	0	0	0	0	0	0	0	0	0	0	0	0	
2361.584167	8	6	3	0	2	7	1	3225	-1351	32	141687	21	11	77	0	0	0	0	0	0	0	0	0	0	0	0	0	0	
2362.570567	8	6	3	0	2	7	1	3209	-1351	32	141747	21	11	79	0	0	0	0	0	0	0	0	0	0	0	0	0	0	
2363.575683	8	6	3	0	2	7	1	3188	-1348	32	141807	21	11	81	0	0	0	0	0	0	0	0	0	0	0	0	0	0	
2364.582233	8	6	3	0	2	7	1	3161	-1351	32	141867	21	11	82	0	0	0	0	0	0	0	0	0	0	0	0	0	0	
2365.587367	8	6	3	0	2	7	1	3125	-1350	32	141928	21	11	84	0	0	0	0	0	0	0	0	0	0	0	0	0	0	
2366.573767	8	6	3	0	2	7	1	3067	-1351	32	141987	21	11	85	0	0	0	0	0	0	0	0	0	0	0	0	0	0	
2367.578883	8	6	3	0	2	7	1	2955	-1350	32	142047	21	11	87	0	0	0	0	0	0	0	0	0	0	0	0	0	0	
2368.584000	8	6	3	0	2	7	0	2738	0	32	142107	21	11	89	0	0	0	0	0	0	0	0	0	0	0	0	0	0	
2368.612800	10	0	5	0	0	15	0	3082	0	32	142109	21	11	89	0	0	0	0	0	0	0	0	0	0	0	0	0	0	
2368.634400	8	15	3	0	0	31	0	3096	0	32	142109	21	11	89	0	0	0	0	0	0	0	0	0	0	0	0	0	0	
