Time	Status code	Status category	Status color	Pgm code	Pgm step	Pgm para	Pgm cycle	mV	mA	Temperature	Duration	Charge count	Discharge count	Capacity	Analog input 1	Analog input 2	Analog input 3	Analog input 4	Digital input 1	Digital input 2	Digital input 3	Digital input 4	Digital output 1	Digital output 2	Digital output 3	Digital output 4	Analog output 1	Analog output 2	
0.000000	8	3	3	0	1	2	2	3633	105	22	1	1	0	0	0	0	0	0	0	0	0	0	0	0	0	0	0	0	
0.172800	8	3	3	0	1	2	2	3905	675	22	11	1	0	0	0	0	0	0	0	0	0	0	0	0	0	0	0	0	
1.169283	8	3	3	0	1	2	2	3894	675	22	71	1	0	0	0	0	0	0	0	0	0	0	0	0	0	0	0	0	
2.164317	8	3	3	0	1	2	2	3944	676	23	131	1	0	0	0	0	0	0	0	0	0	0	0	0	0	0	0	0	
3.178083	8	3	3	0	1	2	2	3974	675	24	192	1	0	0	0	0	0	0	0	0	0	0	0	0	0	0	0	0	
4.178883	8	3	3	0	1	2	2	3997	674	24	252	1	0	0	0	0	0	0	0	0	0	0	0	0	0	0	0	0	
5.173917	8	3	3	0	1	2	2	3998	674	25	311	1	0	0	0	0	0	0	0	0	0	0	0	0	0	0	0	0	
6.167517	8	3	3	0	1	2	2	4000	675	26	371	1	0	0	0	0	0	0	0	0	0	0	0	0	0	0	0	0	
7.168317	8	3	3	0	1	2	2	4002	675	26	431	1	0	0	0	0	0	0	0	0	0	0	0	0	0	0	0	0	
8.164800	8	3	3	0	1	2	2	4013	674	27	491	1	0	0	0	0	0	0	0	0	0	0	0	0	0	0	0	0	
9.177117	8	3	3	0	1	2	2	4017	674	27	552	1	0	0	0	0	0	0	0	0	0	0	0	0	0	0	0	0	
10.177917	8	3	3	0	1	2	2	4020	675	28	612	1	0	0	0	0	0	0	0	0	0	0	0	0	0	0	0	0	
11.174400	8	3	3	0	1	2	2	4025	675	28	671	1	0	0	0	0	0	0	0	0	0	0	0	0	0	0	0	0	
12.169433	8	3	3	0	1	2	2	4027	675	29	731	1	0	0	0	0	0	0	0	0	0	0	0	0	0	0	0	0	
13.168800	8	3	3	0	1	2	2	4030	675	29	791	1	0	0	0	0	0	0	0	0	0	0	0	0	0	0	0	0	
14.169600	8	3	3	0	1	2	2	4032	675	29	851	1	0	0	0	0	0	0	0	0	0	0	0	0	0	0	0	0	
15.168967	8	3	3	0	1	2	2	4034	675	30	911	1	0	0	0	0	0	0	0	0	0	0	0	0	0	0	0	0	
16.178400	8	3	3	0	1	2	2	4038	674	30	972	1	0	0	0	0	0	0	0	0	0	0	0	0	0	0	0	0	
17.163367	8	3	3	0	1	2	2	4043	674	29	1031	1	0	0	0	0	0	0	0	0	0	0	0	0	0	0	0	0	
18.178567	8	3	3	0	1	2	2	4049	674	29	1092	1	0	0	0	0	0	0	0	0	0	0	0	0	0	0	0	0	
19.172167	8	3	3	0	1	2	2	4053	675	30	1151	1	0	0	0	0	0	0	0	0	0	0	0	0	0	0	0	0	
20.174400	8	3	3	0	1	2	2	4057	675	30	1211	1	0	0	0	0	0	0	0	0	0	0	0	0	0	0	0	0	
21.170883	8	3	3	0	1	2	2	4061	675	30	1271	1	0	0	0	0	0	0	0	0	0	0	0	0	0	0	0	0	
22.167367	8	3	3	0	1	2	2	4064	674	30	1331	1	0	0	0	0	0	0	0	0	0	0	0	0	0	0	0	0	
23.162400	8	3	3	0	1	2	2	4068	674	31	1391	1	0	0	0	0	0	0	0	0	0	0	0	0	0	0	0	0	
24.179033	8	3	3	0	1	2	2	4072	675	31	1452	1	0	0	0	0	0	0	0	0	0	0	0	0	0	0	0	0	
25.176967	8	3	3	0	1	2	2	4075	675	31	1511	1	0	0	0	0	0	0	0	0	0	0	0	0	0	0	0	0	
26.172000	8	3	3	0	1	2	2	4078	675	31	1571	1	0	0	0	0	0	0	0	0	0	0	0	0	0	0	0	0	
27.168483	8	3	3	0	1	2	2	4079	675	31	1631	1	0	0	0	0	0	0	0	0	0	0	0	0	0	0	0	0	
28.163517	8	3	3	0	1	2	2	4080	674	32	1691	1	0	0	0	0	0	0	0	0	0	0	0	0	0	0	0	0	
29.178717	8	3	3	0	1	2	2	4082	674	32	1752	1	0	0	0	0	0	0	0	0	0	0	0	0	0	0	0	0	
30.173767	8	3	3	0	1	2	2	4084	675	32	1811	1	0	0	0	0	0	0	0	0	0	0	0	0	0	0	0	0	
31.170233	8	3	3	0	1	2	2	4086	675	32	1871	1	0	0	0	0	0	0	0	0	0	0	0	0	0	0	0	0	
32.168167	8	3	3	0	1	2	2	4088	675	32	1931	1	0	0	0	0	0	0	0	0	0	0	0	0	0	0	0	0	
33.168967	8	3	3	0	1	2	2	4091	675	32	1991	1	0	0	0	0	0	0	0	0	0	0	0	0	0	0	0	0	
34.165433	8	3	3	0	1	2	2	4093	675	32	2051	1	0	0	0	0	0	0	0	0	0	0	0	0	0	0	0	0	
35.161917	8	3	3	0	1	2	2	4095	673	32	2111	1	0	0	0	0	0	0	0	0	0	0	0	0	0	0	0	0	
36.162717	8	3	3	0	1	2	2	4097	676	32	2171	1	0	0	0	0	0	0	0	0	0	0	0	0	0	0	0	0	
37.167833	8	3	3	0	1	2	2	4099	674	32	2231	1	0	0	0	0	0	0	0	0	0	0	0	0	0	0	0	0	
38.172967	8	3	3	0	1	2	2	4101	675	32	2291	1	0	0	0	0	0	0	0	0	0	0	0	0	0	0	0	0	
39.175200	8	3	3	0	1	2	2	4103	674	32	2351	1	0	0	0	0	0	0	0	0	0	0	0	0	0	0	0	0	
40.171683	8	3	3	0	1	2	2	4106	675	32	2411	1	0	0	0	0	0	0	0	0	0	0	0	0	0	0	0	0	
41.168167	8	3	3	0	1	2	2	4107	674	32	2471	1	0	0	0	0	0	0	0	0	0	0	0	0	0	0	0	0	
42.174717	8	3	3	0	1	2	2	4111	675	32	2531	1	0	0	0	0	0	0	0	0	0	0	0	0	0	0	0	0	
43.175517	8	3	3	0	1	2	2	4114	675	33	2591	1	0	0	0	0	0	0	0	0	0	0	0	0	0	0	0	0	
44.166233	8	3	3	0	1	2	2	4116	674	33	2651	1	0	0	0	0	0	0	0	0	0	0	0	0	0	0	0	0	
45.181433	8	3	3	0	1	2	2	4116	669	33	2712	1	0	0	0	0	0	0	0	0	0	0	0	0	0	0	0	0	
46.163517	8	3	3	0	1	2	2	4117	665	33	2771	1	0	0	0	0	0	0	0	0	0	0	0	0	0	0	0	0	
47.183033	8	3	3	0	1	2	2	4120	664	33	2832	1	0	0	0	0	0	0	0	0	0	0	0	0	0	0	0	0	
48.178083	8	3	3	0	1	2	2	4123	664	32	2891	1	0	0	0	0	0	0	0	0	0	0	0	0	0	0	0	0	
49.173117	8	3	3	0	1	2	2	4125	663	33	2951	1	0	0	0	0	0	0	0	0	0	0	0	0	0	0	0	0	
50.166717	8	3	3	0	1	2	2	4128	663	33	3011	1	0	0	0	0	0	0	0	0	0	0	0	0	0	0	0	0	
51.174717	8	3	3	0	1	2	2	4133	666	32	3071	1	0	0	0	0	0	0	0	0	0	0	0	0	0	0	0	0	
52.179833	8	3	3	0	1	2	2	4135	663	33	3132	1	0	0	0	0	0	0	0	0	0	0	0	0	0	0	0	0	
53.166233	8	3	3	0	1	2	2	4139	664	33	3191	1	0	0	0	0	0	0	0	0	0	0	0	0	0	0	0	0	
54.167033	8	3	3	0	1	2	2	4142	663	33	3251	1	0	0	0	0	0	0	0	0	0	0	0	0	0	0	0	0	
55.182233	8	3	3	0	1	2	2	4147	664	33	3312	1	0	0	0	0	0	0	0	0	0	0	0	0	0	0	0	0	
56.177283	8	3	3	0	1	2	2	4149	663	32	3371	1	0	0	0	0	0	0	0	0	0	0	0	0	0	0	0	0	
57.176633	8	3	3	0	1	2	2	4153	663	33	3431	1	0	0	0	0	0	0	0	0	0	0	0	0	0	0	0	0	
58.181767	8	3	3	0	1	2	2	4157	663	33	3492	1	0	0	0	0	0	0	0	0	0	0	0	0	0	0	0	0	
59.166717	8	3	3	0	1	2	2	4161	662	32	3551	1	0	0	0	0	0	0	0	0	0	0	0	0	0	0	0	0	
60.180483	8	3	3	0	1	2	2	4164	661	32	3612	1	0	0	0	0	0	0	0	0	0	0	0	0	0	0	0	0	
61.176967	8	3	3	0	1	2	2	4169	660	32	3671	1	0	0	0	0	0	0	0	0	0	0	0	0	0	0	0	0	
62.169117	8	3	3	0	1	2	2	4173	661	33	3731	1	0	0	0	0	0	0	0	0	0	0	0	0	0	0	0	0	
63.172800	8	3	3	0	1	2	2	4178	662	32	3791	1	0	0	0	0	0	0	0	0	0	0	0	0	0	0	0	0	
64.176483	8	3	3	0	1	2	2	4181	659	32	3851	1	0	0	0	0	0	0	0	0	0	0	0	0	0	0	0	0	
65.178717	8	3	3	0	1	2	2	4185	661	32	3911	1	0	0	0	0	0	0	0	0	0	0	0	0	0	0	0	0	
66.178083	8	3	3	0	1	2	2	4189	661	32	3971	1	0	0	0	0	0	0	0	0	0	0	0	0	0	0	0	0	
67.171683	8	3	3	0	1	2	2	4193	660	32	4031	1	0	0	0	0	0	0	0	0	0	0	0	0	0	0	0	0	
68.178233	8	3	3	0	1	2	2	4196	659	32	4091	1	0	0	0	0	0	0	0	0	0	0	0	0	0	0	0	0	
69.167517	8	3	3	0	1	2	2	4198	655	32	4151	1	0	0	0	0	0	0	0	0	0	0	0	0	0	0	0	0	
70.182717	8	3	3	0	1	2	2	4199	647	32	4212	1	0	0	0	0	0	0	0	0	0	0	0	0	0	0	0	0	
71.179200	8	3	3	0	1	2	2	4198	636	32	4271	1	0	0	0	0	0	0	0	0	0	0	0	0	0	0	0	0	
72.174233	8	3	3	0	1	2	2	4198	626	32	4331	1	0	0	0	0	0	0	0	0	0	0	0	0	0	0	0	0	
73.167833	8	3	3	0	1	2	2	4199	616	32	4391	1	0	0	0	0	0	0	0	0	0	0	0	0	0	0	0	0	
74.168633	8	3	3	0	1	2	2	4199	606	32	4451	1	0	0	0	0	0	0	0	0	0	0	0	0	0	0	0	0	
75.179517	8	3	3	0	1	2	2	4199	596	32	4511	1	0	0	0	0	0	0	0	0	0	0	0	0	0	0	0	0	
76.181767	8	3	3	0	1	2	2	4198	586	32	4572	1	0	0	0	0	0	0	0	0	0	0	0	0	0	0	0	0	
77.188317	8	3	3	0	1	2	2	4199	575	32	4632	1	0	0	0	0	0	0	0	0	0	0	0	0	0	0	0	0	
78.183367	8	3	3	0	1	2	2	4199	565	32	4692	1	0	0	0	0	0	0	0	0	0	0	0	0	0	0	0	0	
79.178400	8	3	3	0	1	2	2	4198	553	32	4751	1	0	0	0	0	0	0	0	0	0	0	0	0	0	0	0	0	
80.172000	8	3	3	0	1	2	2	4198	541	32	4811	1	0	0	0	0	0	0	0	0	0	0	0	0	0	0	0	0	
81.174233	8	3	3	0	1	2	2	4199	531	32	4871	1	0	0	0	0	0	0	0	0	0	0	0	0	0	0	0	0	
82.169283	8	3	3	0	1	2	2	4198	520	32	4931	1	0	0	0	0	0	0	0	0	0	0	0	0	0	0	0	0	
83.168633	8	3	3	0	1	2	2	4199	509	32	4991	1	0	0	0	0	0	0	0	0	0	0	0	0	0	0	0	0	
84.182400	8	3	3	0	1	2	2	4198	499	32	5052	1	0	0	0	0	0	0	0	0	0	0	0	0	0	0	0	0	
85.177433	8	3	3	0	1	2	2	4198	490	32	5111	1	0	0	0	0	0	0	0	0	0	0	0	0	0	0	0	0	
86.172483	8	3	3	0	1	2	2	4198	479	32	5171	1	0	0	0	0	0	0	0	0	0	0	0	0	0	0	0	0	
87.168967	8	3	3	0	1	2	2	4199	469	32	5231	1	0	0	0	0	0	0	0	0	0	0	0	0	0	0	0	0	
88.182717	8	3	3	0	1	2	2	4199	459	32	5292	1	0	0	0	0	0	0	0	0	0	0	0	0	0	0	0	0	
89.179200	8	3	3	0	1	2	2	4199	450	32	5351	1	0	0	0	0	0	0	0	0	0	0	0	0	0	0	0	0	
90.175683	8	3	3	0	1	2	2	4198	440	32	5411	1	0	0	0	0	0	0	0	0	0	0	0	0	0	0	0	0	
91.173600	8	3	3	0	1	2	2	4199	429	32	5471	1	0	0	0	0	0	0	0	0	0	0	0	0	0	0	0	0	
92.183033	8	3	3	0	1	2	2	4199	419	32	5532	1	0	0	0	0	0	0	0	0	0	0	0	0	0	0	0	0	
93.169433	8	3	3	0	1	2	2	4198	408	32	5591	1	0	0	0	0	0	0	0	0	0	0	0	0	0	0	0	0	
94.168800	8	3	3	0	1	2	2	4198	398	32	5651	1	0	0	0	0	0	0	0	0	0	0	0	0	0	0	0	0	
95.178233	8	3	3	0	1	2	2	4199	388	32	5711	1	0	0	0	0	0	0	0	0	0	0	0	0	0	0	0	0	
96.181917	8	3	3	0	1	2	2	4198	378	32	5771	1	0	0	0	0	0	0	0	0	0	0	0	0	0	0	0	0	
97.176967	8	3	3	0	1	2	2	4199	369	32	5831	1	0	0	0	0	0	0	0	0	0	0	0	0	0	0	0	0	
98.173433	8	3	3	0	1	2	2	4199	360	32	5891	1	0	0	0	0	0	0	0	0	0	0	0	0	0	0	0	0	
99.169917	8	3	3	0	1	2	2	4199	352	32	5951	1	0	0	0	0	0	0	0	0	0	0	0	0	0	0	0	0	
100.169283	8	3	3	0	1	2	2	4199	343	32	6011	1	0	0	0	0	0	0	0	0	0	0	0	0	0	0	0	0	
101.185917	8	3	3	0	1	2	2	4199	334	32	6072	1	0	0	0	0	0	0	0	0	0	0	0	0	0	0	0	0	
102.180967	8	3	3	0	1	2	2	4198	327	32	6131	1	0	0	0	0	0	0	0	0	0	0	0	0	0	0	0	0	
103.177433	8	3	3	0	1	2	2	4198	319	32	6191	1	0	0	0	0	0	0	0	0	0	0	0	0	0	0	0	0	
104.171033	8	3	3	0	1	2	2	4199	311	32	6251	1	0	0	0	0	0	0	0	0	0	0	0	0	0	0	0	0	
105.184800	8	3	3	0	1	2	2	4199	303	32	6312	1	0	0	0	0	0	0	0	0	0	0	0	0	0	0	0	0	
106.181283	8	3	3	0	1	2	2	4198	296	32	6371	1	0	0	0	0	0	0	0	0	0	0	0	0	0	0	0	0	
107.177767	8	3	3	0	1	2	2	4199	289	32	6431	1	0	0	0	0	0	0	0	0	0	0	0	0	0	0	0	0	
108.174233	8	3	3	0	1	2	2	4199	282	32	6491	1	0	0	0	0	0	0	0	0	0	0	0	0	0	0	0	0	
109.172167	8	3	3	0	1	2	2	4199	276	32	6551	1	0	0	0	0	0	0	0	0	0	0	0	0	0	0	0	0	
110.185917	8	3	3	0	1	2	2	4199	270	32	6612	1	0	0	0	0	0	0	0	0	0	0	0	0	0	0	0	0	
111.182400	8	3	3	0	1	2	2	4198	263	32	6671	1	0	0	0	0	0	0	0	0	0	0	0	0	0	0	0	0	
112.177433	8	3	3	0	1	2	2	4199	256	32	6731	1	0	0	0	0	0	0	0	0	0	0	0	0	0	0	0	0	
113.173917	8	3	3	0	1	2	2	4199	250	32	6791	1	0	0	0	0	0	0	0	0	0	0	0	0	0	0	0	0	
114.170400	8	3	3	0	1	2	2	4199	245	32	6851	1	0	0	0	0	0	0	0	0	0	0	0	0	0	0	0	0	
115.184167	8	3	3	0	1	2	2	4199	238	32	6912	1	0	0	0	0	0	0	0	0	0	0	0	0	0	0	0	0	
116.180633	8	3	3	0	1	2	2	4199	232	32	6971	1	0	0	0	0	0	0	0	0	0	0	0	0	0	0	0	0	
117.172800	8	3	3	0	1	2	2	4199	227	32	7031	1	0	0	0	0	0	0	0	0	0	0	0	0	0	0	0	0	
118.176483	8	3	3	0	1	2	2	4199	221	32	7091	1	0	0	0	0	0	0	0	0	0	0	0	0	0	0	0	0	
119.171517	8	3	3	0	1	2	2	4198	216	32	7151	1	0	0	0	0	0	0	0	0	0	0	0	0	0	0	0	0	
120.186717	8	3	3	0	1	2	2	4198	210	32	7212	1	0	0	0	0	0	0	0	0	0	0	0	0	0	0	0	0	
121.181767	8	3	3	0	1	2	2	4199	205	32	7271	1	0	0	0	0	0	0	0	0	0	0	0	0	0	0	0	0	
122.181117	8	3	3	0	1	2	2	4198	200	32	7331	1	0	0	0	0	0	0	0	0	0	0	0	0	0	0	0	0	
123.173283	8	3	3	0	1	2	2	4198	195	32	7391	1	0	0	0	0	0	0	0	0	0	0	0	0	0	0	0	0	
124.175517	8	3	3	0	1	2	2	4199	191	32	7451	1	0	0	0	0	0	0	0	0	0	0	0	0	0	0	0	0	
125.186400	8	3	3	0	1	2	2	4199	186	32	7512	1	0	0	0	0	0	0	0	0	0	0	0	0	0	0	0	0	
126.171367	8	3	3	0	1	2	2	4198	181	32	7571	1	0	0	0	0	0	0	0	0	0	0	0	0	0	0	0	0	
127.188000	8	3	3	0	1	2	2	4199	176	32	7632	1	0	0	0	0	0	0	0	0	0	0	0	0	0	0	0	0	
128.184483	8	3	3	0	1	2	2	4199	171	32	7691	1	0	0	0	0	0	0	0	0	0	0	0	0	0	0	0	0	
129.179517	8	3	3	0	1	2	2	4198	167	32	7751	1	0	0	0	0	0	0	0	0	0	0	0	0	0	0	0	0	
130.176000	8	3	3	0	1	2	2	4199	163	32	7811	1	0	0	0	0	0	0	0	0	0	0	0	0	0	0	0	0	
131.171033	8	3	3	0	1	2	2	4198	159	32	7871	1	0	0	0	0	0	0	0	0	0	0	0	0	0	0	0	0	
132.186233	8	3	3	0	1	2	2	4198	154	32	7932	1	0	0	0	0	0	0	0	0	0	0	0	0	0	0	0	0	
133.179833	8	3	3	0	1	2	2	4198	151	32	7991	1	0	0	0	0	0	0	0	0	0	0	0	0	0	0	0	0	
134.183517	8	3	3	0	1	2	2	4198	147	32	8051	1	0	0	0	0	0	0	0	0	0	0	0	0	0	0	0	0	
135.181433	8	3	3	0	1	2	2	4199	143	32	8111	1	0	0	0	0	0	0	0	0	0	0	0	0	0	0	0	0	
136.176483	8	3	3	0	1	2	2	4199	140	32	8171	1	0	0	0	0	0	0	0	0	0	0	0	0	0	0	0	0	
137.171517	8	3	3	0	1	2	2	4198	136	32	8231	1	0	0	0	0	0	0	0	0	0	0	0	0	0	0	0	0	
138.173767	8	3	3	0	1	2	2	4199	132	32	8291	1	0	0	0	0	0	0	0	0	0	0	0	0	0	0	0	0	
139.178883	8	3	3	0	1	2	2	4199	130	32	8351	1	0	0	0	0	0	0	0	0	0	0	0	0	0	0	0	0	
140.182567	8	3	3	0	1	2	2	4199	126	32	8411	1	0	0	0	0	0	0	0	0	0	0	0	0	0	0	0	0	
141.177600	8	3	3	0	1	2	2	4199	123	32	8471	1	0	0	0	0	0	0	0	0	0	0	0	0	0	0	0	0	
142.174083	8	3	3	0	1	2	2	4199	120	32	8531	1	0	0	0	0	0	0	0	0	0	0	0	0	0	0	0	0	
143.189283	8	3	3	0	1	2	2	4199	117	32	8592	1	0	0	0	0	0	0	0	0	0	0	0	0	0	0	0	0	
144.187200	8	3	3	0	1	2	2	4198	114	32	8652	1	0	0	0	0	0	0	0	0	0	0	0	0	0	0	0	0	
145.188000	8	3	3	0	1	2	2	4198	112	32	8712	1	0	0	0	0	0	0	0	0	0	0	0	0	0	0	0	0	
146.181600	8	3	3	0	1	2	2	4199	109	32	8771	1	0	0	0	0	0	0	0	0	0	0	0	0	0	0	0	0	
147.173767	8	3	3	0	1	2	2	4198	105	32	8831	1	0	0	0	0	0	0	0	0	0	0	0	0	0	0	0	0	
148.176000	8	3	3	0	1	2	2	4198	103	32	8891	1	0	0	0	0	0	0	0	0	0	0	0	0	0	0	0	0	
149.176800	8	3	3	0	1	2	2	4198	100	32	8951	1	0	0	0	0	0	0	0	0	0	0	0	0	0	0	0	0	
150.173283	8	3	3	0	1	2	2	4199	98	32	9011	1	0	0	0	0	0	0	0	0	0	0	0	0	0	0	0	0	
151.187033	8	3	3	0	1	2	2	4198	96	32	9072	1	0	0	0	0	0	0	0	0	0	0	0	0	0	0	0	0	
152.186400	8	3	3	0	1	2	2	4198	93	32	9132	1	0	0	0	0	0	0	0	0	0	0	0	0	0	0	0	0	
153.182883	8	3	3	0	1	2	2	4198	91	32	9191	1	0	0	0	0	0	0	0	0	0	0	0	0	0	0	0	0	
154.180800	8	3	3	0	1	2	2	4199	89	32	9251	1	0	0	0	0	0	0	0	0	0	0	0	0	0	0	0	0	
155.180167	8	3	3	0	1	2	2	4199	87	32	9311	1	0	0	0	0	0	0	0	0	0	0	0	0	0	0	0	0	
156.175200	8	3	3	0	1	2	2	4199	85	32	9371	1	0	0	0	0	0	0	0	0	0	0	0	0	0	0	0	0	
157.177433	8	3	3	0	1	2	2	4199	82	32	9431	1	0	0	0	0	0	0	0	0	0	0	0	0	0	0	0	0	
158.172483	8	3	3	0	1	2	2	4199	80	32	9491	1	0	0	0	0	0	0	0	0	0	0	0	0	0	0	0	0	
159.176167	8	3	3	0	1	2	2	4198	78	32	9551	1	0	0	0	0	0	0	0	0	0	0	0	0	0	0	0	0	
160.189917	8	3	3	0	1	2	2	4198	75	32	9612	1	0	0	0	0	0	0	0	0	0	0	0	0	0	0	0	0	
161.186400	8	3	3	0	1	2	2	4199	75	32	9671	1	0	0	0	0	0	0	0	0	0	0	0	0	0	0	0	0	
162.180000	8	3	3	0	1	2	2	4198	72	32	9731	1	0	0	0	0	0	0	0	0	0	0	0	0	0	0	0	0	
163.182233	8	3	3	0	1	2	2	4199	71	32	9791	1	0	0	0	0	0	0	0	0	0	0	0	0	0	0	0	0	
164.184483	8	3	3	0	1	2	2	4198	69	32	9851	1	0	0	0	0	0	0	0	0	0	0	0	0	0	0	0	0	
165.003833	8	6	3	0	2	7	1	3659	-1333	32	9901	1	1	0	0	0	0	0	0	0	0	0	0	0	0	0	0	0	
165.186717	8	6	3	0	2	7	1	3686	-1350	32	9911	1	1	0	0	0	0	0	0	0	0	0	0	0	0	0	0	0	
166.181767	8	6	3	0	2	7	1	3647	-1348	32	9971	1	1	1	0	0	0	0	0	0	0	0	0	0	0	0	0	0	
167.178233	8	6	3	0	2	7	1	3635	-1349	32	10031	1	1	3	0	0	0	0	0	0	0	0	0	0	0	0	0	0	
168.173283	8	6	3	0	2	7	1	3605	-1350	32	10091	1	1	5	0	0	0	0	0	0	0	0	0	0	0	0	0	0	
169.188483	8	6	3	0	2	7	1	3629	-1350	32	10152	1	1	6	0	0	0	0	0	0	0	0	0	0	0	0	0	0	
170.183517	8	6	3	0	2	7	1	3615	-1349	32	10211	1	1	8	0	0	0	0	0	0	0	0	0	0	0	0	0	0	
171.180000	8	6	3	0	2	7	1	3600	-1349	32	10271	1	1	10	0	0	0	0	0	0	0	0	0	0	0	0	0	0	
172.175033	8	6	3	0	2	7	1	3588	-1349	32	10331	1	1	11	0	0	0	0	0	0	0	0	0	0	0	0	0	0	
173.190233	8	6	3	0	2	7	1	3573	-1349	32	10392	1	1	13	0	0	0	0	0	0	0	0	0	0	0	0	0	0	
174.186717	8	6	3	0	2	7	1	3559	-1349	32	10451	1	1	15	0	0	0	0	0	0	0	0	0	0	0	0	0	0	
175.181767	8	6	3	0	2	7	1	3545	-1350	32	10511	1	1	16	0	0	0	0	0	0	0	0	0	0	0	0	0	0	
176.178233	8	6	3	0	2	7	1	3530	-1349	32	10571	1	1	18	0	0	0	0	0	0	0	0	0	0	0	0	0	0	
177.189117	8	6	3	0	2	7	1	3517	-1349	32	10632	1	1	20	0	0	0	0	0	0	0	0	0	0	0	0	0	0	
178.175517	8	6	3	0	2	7	1	3504	-1350	32	10691	1	1	21	0	0	0	0	0	0	0	0	0	0	0	0	0	0	
179.180633	8	6	3	0	2	7	1	3492	-1351	32	10751	1	1	23	0	0	0	0	0	0	0	0	0	0	0	0	0	0	
180.185767	8	6	3	0	2	7	1	3479	-1350	32	10811	1	1	25	0	0	0	0	0	0	0	0	0	0	0	0	0	0	
181.192317	8	6	3	0	2	7	1	3467	-1349	32	10872	1	1	26	0	0	0	0	0	0	0	0	0	0	0	0	0	0	
182.178717	8	6	3	0	2	7	1	3455	-1349	32	10931	1	1	28	0	0	0	0	0	0	0	0	0	0	0	0	0	0	
183.183833	8	6	3	0	2	7	1	3444	-1350	32	10991	1	1	30	0	0	0	0	0	0	0	0	0	0	0	0	0	0	
184.188967	8	6	3	0	2	7	1	3433	-1349	32	11051	1	1	31	0	0	0	0	0	0	0	0	0	0	0	0	0	0	
185.175367	8	6	3	0	2	7	1	3422	-1349	32	11111	1	1	33	0	0	0	0	0	0	0	0	0	0	0	0	0	0	
186.180483	8	6	3	0	2	7	1	3411	-1351	32	11171	1	1	35	0	0	0	0	0	0	0	0	0	0	0	0	0	0	
187.187033	8	6	3	0	2	7	1	3401	-1349	32	11231	1	1	36	0	0	0	0	0	0	0	0	0	0	0	0	0	0	
188.192167	8	6	3	0	2	7	1	3392	-1350	32	11292	1	1	38	0	0	0	0	0	0	0	0	0	0	0	0	0	0	
189.178567	8	6	3	0	2	7	1	3382	-1349	32	11351	1	1	40	0	0	0	0	0	0	0	0	0	0	0	0	0	0	
190.183683	8	6	3	0	2	7	1	3373	-1349	32	11411	1	1	41	0	0	0	0	0	0	0	0	0	0	0	0	0	0	
191.188800	8	6	3	0	2	7	1	3363	-1348	32	11471	1	1	43	0	0	0	0	0	0	0	0	0	0	0	0	0	0	
192.175200	8	6	3	0	2	7	1	3355	-1349	32	11531	1	1	45	0	0	0	0	0	0	0	0	0	0	0	0	0	0	
193.181767	8	6	3	0	2	7	1	3346	-1349	32	11591	1	1	46	0	0	0	0	0	0	0	0	0	0	0	0	0	0	
194.186883	8	6	3	0	2	7	1	3338	-1350	32	11651	1	1	48	0	0	0	0	0	0	0	0	0	0	0	0	0	0	
195.192000	8	6	3	0	2	7	1	3330	-1350	32	11712	1	1	50	0	0	0	0	0	0	0	0	0	0	0	0	0	0	
196.178400	8	6	3	0	2	7	1	3323	-1348	32	11771	1	1	51	0	0	0	0	0	0	0	0	0	0	0	0	0	0	
197.183517	8	6	3	0	2	7	1	3316	-1350	32	11831	1	1	53	0	0	0	0	0	0	0	0	0	0	0	0	0	0	
198.190083	8	6	3	0	2	7	1	3311	-1349	32	11891	1	1	55	0	0	0	0	0	0	0	0	0	0	0	0	0	0	
199.176483	8	6	3	0	2	7	1	3305	-1351	32	11951	1	1	56	0	0	0	0	0	0	0	0	0	0	0	0	0	0	
200.181600	8	6	3	0	2	7	1	3297	-1350	32	12011	1	1	58	0	0	0	0	0	0	0	0	0	0	0	0	0	0	
201.186717	8	6	3	0	2	7	1	3290	-1349	32	12071	1	1	59	0	0	0	0	0	0	0	0	0	0	0	0	0	0	
202.191833	8	6	3	0	2	7	1	3284	-1348	32	12132	1	1	61	0	0	0	0	0	0	0	0	0	0	0	0	0	0	
203.179683	8	6	3	0	2	7	1	3278	-1350	32	12191	1	1	63	0	0	0	0	0	0	0	0	0	0	0	0	0	0	
204.184800	8	6	3	0	2	7	1	3272	-1349	32	12251	1	1	64	0	0	0	0	0	0	0	0	0	0	0	0	0	0	
205.189917	8	6	3	0	2	7	1	3266	-1350	32	12311	1	1	66	0	0	0	0	0	0	0	0	0	0	0	0	0	0	
206.176317	8	6	3	0	2	7	1	3260	-1350	32	12371	1	1	68	0	0	0	0	0	0	0	0	0	0	0	0	0	0	
207.181433	8	6	3	0	2	7	1	3253	-1350	32	12431	1	1	69	0	0	0	0	0	0	0	0	0	0	0	0	0	0	
208.186567	8	6	3	0	2	7	1	3246	-1348	32	12491	1	1	71	0	0	0	0	0	0	0	0	0	0	0	0	0	0	
209.193117	8	6	3	0	2	7	1	3238	-1350	32	12552	1	1	73	0	0	0	0	0	0	0	0	0	0	0	0	0	0	
210.179517	8	6	3	0	2	7	1	3230	-1350	32	12611	1	1	74	0	0	0	0	0	0	0	0	0	0	0	0	0	0	
211.184633	8	6	3	0	2	7	1	3220	-1350	32	12671	1	1	76	0	0	0	0	0	0	0	0	0	0	0	0	0	0	
212.189767	8	6	3	0	2	7	1	3209	-1349	32	12731	1	1	78	0	0	0	0	0	0	0	0	0	0	0	0	0	0	
213.176167	8	6	3	0	2	7	1	3195	-1349	32	12791	1	1	79	0	0	0	0	0	0	0	0	0	0	0	0	0	0	
214.181283	8	6	3	0	2	7	1	3176	-1350	32	12851	1	1	81	0	0	0	0	0	0	0	0	0	0	0	0	0	0	
215.187833	8	6	3	0	2	7	1	3154	-1350	32	12911	1	1	83	0	0	0	0	0	0	0	0	0	0	0	0	0	0	
216.192967	8	6	3	0	2	7	1	3124	-1349	32	12972	1	1	84	0	0	0	0	0	0	0	0	0	0	0	0	0	0	
217.179367	8	6	3	0	2	7	1	3081	-1348	32	13031	1	1	86	0	0	0	0	0	0	0	0	0	0	0	0	0	0	
218.184483	8	6	3	0	2	7	1	3009	-1349	32	13091	1	1	88	0	0	0	0	0	0	0	0	0	0	0	0	0	0	
219.189600	8	6	3	0	2	7	1	2866	-1349	32	13151	1	1	89	0	0	0	0	0	0	0	0	0	0	0	0	0	0	
219.818883	8	15	3	0	1	31	2	3249	450	32	13189	3	1	90	0	0	0	0	0	0	0	0	0	0	0	0	0	0	
219.839033	8	3	3	0	1	2	2	3351	679	32	13190	3	1	90	0	0	0	0	0	0	0	0	0	0	0	0	0	0	
220.180317	8	3	3	0	1	2	2	3493	674	32	13211	3	1	90	0	0	0	0	0	0	0	0	0	0	0	0	0	0	
221.185433	8	3	3	0	1	2	2	3666	674	32	13271	3	1	90	0	0	0	0	0	0	0	0	0	0	0	0	0	0	
222.179033	8	3	3	0	1	2	2	3755	675	32	13331	3	1	90	0	0	0	0	0	0	0	0	0	0	0	0	0	0	
223.178400	8	3	3	0	1	2	2	3820	674	32	13391	3	1	90	0	0	0	0	0	0	0	0	0	0	0	0	0	0	
224.193600	8	3	3	0	1	2	2	3869	674	32	13452	3	1	90	0	0	0	0	0	0	0	0	0	0	0	0	0	0	
225.191517	8	3	3	0	1	2	2	3909	675	32	13511	3	1	90	0	0	0	0	0	0	0	0	0	0	0	0	0	0	
226.188000	8	3	3	0	1	2	2	3936	675	32	13571	3	1	90	0	0	0	0	0	0	0	0	0	0	0	0	0	0	
227.185917	8	3	3	0	1	2	2	3947	675	32	13631	3	1	90	0	0	0	0	0	0	0	0	0	0	0	0	0	0	
228.182400	8	3	3	0	1	2	2	3953	674	32	13691	3	1	90	0	0	0	0	0	0	0	0	0	0	0	0	0	0	
229.177433	8	3	3	0	1	2	2	3959	675	32	13751	3	1	90	0	0	0	0	0	0	0	0	0	0	0	0	0	0	
230.185433	8	3	3	0	1	2	2	3964	674	32	13811	3	1	90	0	0	0	0	0	0	0	0	0	0	0	0	0	0	
231.180483	8	3	3	0	1	2	2	3971	675	32	13871	3	1	90	0	0	0	0	0	0	0	0	0	0	0	0	0	0	
232.178400	8	3	3	0	1	2	2	3975	674	32	13931	3	1	90	0	0	0	0	0	0	0	0	0	0	0	0	0	0	
233.179200	8	3	3	0	1	2	2	3981	675	32	13991	3	1	90	0	0	0	0	0	0	0	0	0	0	0	0	0	0	
234.195833	8	3	3	0	1	2	2	3987	675	32	14052	3	1	90	0	0	0	0	0	0	0	0	0	0	0	0	0	0	
235.189433	8	3	3	0	1	2	2	3993	675	32	14111	3	1	90	0	0	0	0	0	0	0	0	0	0	0	0	0	0	
236.194567	8	3	3	0	1	2	2	3999	674	32	14172	3	1	90	0	0	0	0	0	0	0	0	0	0	0	0	0	0	
237.189600	8	3	3	0	1	2	2	4005	675	32	14231	3	1	90	0	0	0	0	0	0	0	0	0	0	0	0	0	0	
238.186083	8	3	3	0	1	2	2	4011	675	32	14291	3	1	90	0	0	0	0	0	0	0	0	0	0	0	0	0	0	
239.181117	8	3	3	0	1	2	2	4017	674	32	14351	3	1	90	0	0	0	0	0	0	0	0	0	0	0	0	0	0	
240.183367	8	3	3	0	1	2	2	4023	675	32	14411	3	1	90	0	0	0	0	0	0	0	0	0	0	0	0	0	0	
241.185600	8	3	3	0	1	2	2	4030	674	32	14471	3	1	90	0	0	0	0	0	0	0	0	0	0	0	0	0	0	
242.189283	8	3	3	0	1	2	2	4035	675	32	14531	3	1	90	0	0	0	0	0	0	0	0	0	0	0	0	0	0	
243.182883	8	3	3	0	1	2	2	4040	675	32	14591	3	1	90	0	0	0	0	0	0	0	0	0	0	0	0	0	0	
244.186567	8	3	3	0	1	2	2	4045	675	32	14651	3	1	90	0	0	0	0	0	0	0	0	0	0	0	0	0	0	
245.187367	8	3	3	0	1	2	2	4050	674	32	14711	3	1	90	0	0	0	0	0	0	0	0	0	0	0	0	0	0	
246.183833	8	3	3	0	1	2	2	4054	674	32	14771	3	1	90	0	0	0	0	0	0	0	0	0	0	0	0	0	0	
247.181767	8	3	3	0	1	2	2	4057	674	32	14831	3	1	90	0	0	0	0	0	0	0	0	0	0	0	0	0	0	
248.191200	8	3	3	0	1	2	2	4061	675	32	14891	3	1	90	0	0	0	0	0	0	0	0	0	0	0	0	0	0	
249.194883	8	3	3	0	1	2	2	4064	675	32	14952	3	1	90	0	0	0	0	0	0	0	0	0	0	0	0	0	0	
250.181283	8	3	3	0	1	2	2	4067	675	32	15011	3	1	90	0	0	0	0	0	0	0	0	0	0	0	0	0	0	
251.182083	8	3	3	0	1	2	2	4070	675	32	15071	3	1	90	0	0	0	0	0	0	0	0	0	0	0	0	0	0	
252.194400	8	3	3	0	1	2	2	4071	673	32	15131	3	1	90	0	0	0	0	0	0	0	0	0	0	0	0	0	0	
253.179367	8	3	3	0	1	2	2	4075	675	32	15191	3	1	90	0	0	0	0	0	0	0	0	0	0	0	0	0	0	
254.185917	8	3	3	0	1	2	2	4078	675	32	15251	3	1	90	0	0	0	0	0	0	0	0	0	0	0	0	0	0	
255.189600	8	3	3	0	1	2	2	4081	674	32	15311	3	1	90	0	0	0	0	0	0	0	0	0	0	0	0	0	0	
256.184633	8	3	3	0	1	2	2	4083	673	32	15371	3	1	90	0	0	0	0	0	0	0	0	0	0	0	0	0	0	
257.179683	8	3	3	0	1	2	2	4087	674	32	15431	3	1	90	0	0	0	0	0	0	0	0	0	0	0	0	0	0	
258.194883	8	3	3	0	1	2	2	4089	674	32	15492	3	1	90	0	0	0	0	0	0	0	0	0	0	0	0	0	0	
259.191367	8	3	3	0	1	2	2	4092	675	32	15551	3	1	90	0	0	0	0	0	0	0	0	0	0	0	0	0	0	
260.186400	8	3	3	0	1	2	2	4095	675	32	15611	3	1	90	0	0	0	0	0	0	0	0	0	0	0	0	0	0	
261.182883	8	3	3	0	1	2	2	4098	673	32	15671	3	1	90	0	0	0	0	0	0	0	0	0	0	0	0	0	0	
262.183683	8	3	3	0	1	2	2	4101	675	32	15731	3	1	90	0	0	0	0	0	0	0	0	0	0	0	0	0	0	
263.198883	8	3	3	0	1	2	2	4104	674	32	15792	3	1	90	0	0	0	0	0	0	0	0	0	0	0	0	0	0	
264.193917	8	3	3	0	1	2	2	4108	674	32	15851	3	1	90	0	0	0	0	0	0	0	0	0	0	0	0	0	0	
265.190400	8	3	3	0	1	2	2	4111	675	32	15911	3	1	90	0	0	0	0	0	0	0	0	0	0	0	0	0	0	
266.186883	8	3	3	0	1	2	2	4114	675	32	15971	3	1	90	0	0	0	0	0	0	0	0	0	0	0	0	0	0	
267.181917	8	3	3	0	1	2	2	4117	674	32	16031	3	1	90	0	0	0	0	0	0	0	0	0	0	0	0	0	0	
268.197117	8	3	3	0	1	2	2	4118	668	32	16092	3	1	90	0	0	0	0	0	0	0	0	0	0	0	0	0	0	
269.192167	8	3	3	0	1	2	2	4120	666	32	16151	3	1	90	0	0	0	0	0	0	0	0	0	0	0	0	0	0	
270.188633	8	3	3	0	1	2	2	4123	665	32	16211	3	1	90	0	0	0	0	0	0	0	0	0	0	0	0	0	0	
271.183683	8	3	3	0	1	2	2	4126	664	32	16271	3	1	90	0	0	0	0	0	0	0	0	0	0	0	0	0	0	
272.198883	8	3	3	0	1	2	2	4130	663	32	16332	3	1	90	0	0	0	0	0	0	0	0	0	0	0	0	0	0	
273.193917	8	3	3	0	1	2	2	4134	664	32	16391	3	1	90	0	0	0	0	0	0	0	0	0	0	0	0	0	0	
274.184633	8	3	3	0	1	2	2	4136	662	32	16451	3	1	90	0	0	0	0	0	0	0	0	0	0	0	0	0	0	
275.186883	8	3	3	0	1	2	2	4141	663	32	16511	3	1	90	0	0	0	0	0	0	0	0	0	0	0	0	0	0	
276.181917	8	3	3	0	1	2	2	4145	664	32	16571	3	1	90	0	0	0	0	0	0	0	0	0	0	0	0	0	0	
277.197117	8	3	3	0	1	2	2	4149	664	32	16632	3	1	90	0	0	0	0	0	0	0	0	0	0	0	0	0	0	
278.192167	8	3	3	0	1	2	2	4153	663	32	16691	3	1	90	0	0	0	0	0	0	0	0	0	0	0	0	0	0	
279.190083	8	3	3	0	1	2	2	4156	662	32	16751	3	1	90	0	0	0	0	0	0	0	0	0	0	0	0	0	0	
280.193767	8	3	3	0	1	2	2	4160	661	32	16811	3	1	90	0	0	0	0	0	0	0	0	0	0	0	0	0	0	
281.197433	8	3	3	0	1	2	2	4164	660	32	16872	3	1	90	0	0	0	0	0	0	0	0	0	0	0	0	0	0	
282.186717	8	3	3	0	1	2	2	4168	660	32	16931	3	1	90	0	0	0	0	0	0	0	0	0	0	0	0	0	0	
283.190400	8	3	3	0	1	2	2	4172	660	32	16991	3	1	90	0	0	0	0	0	0	0	0	0	0	0	0	0	0	
284.186883	8	3	3	0	1	2	2	4176	659	32	17051	3	1	90	0	0	0	0	0	0	0	0	0	0	0	0	0	0	
285.184800	8	3	3	0	1	2	2	4181	659	32	17111	3	1	90	0	0	0	0	0	0	0	0	0	0	0	0	0	0	
286.200000	8	3	3	0	1	2	2	4186	660	32	17172	3	1	90	0	0	0	0	0	0	0	0	0	0	0	0	0	0	
287.195033	8	3	3	0	1	2	2	4190	658	32	17231	3	1	90	0	0	0	0	0	0	0	0	0	0	0	0	0	0	
288.191517	8	3	3	0	1	2	2	4195	657	32	17291	3	1	90	0	0	0	0	0	0	0	0	0	0	0	0	0	0	
289.188000	8	3	3	0	1	2	2	4199	655	32	17351	3	1	90	0	0	0	0	0	0	0	0	0	0	0	0	0	0	
290.183033	8	3	3	0	1	2	2	4198	644	32	17411	3	1	90	0	0	0	0	0	0	0	0	0	0	0	0	0	0	
291.201117	8	3	3	0	1	2	2	4199	634	32	17472	3	1	90	0	0	0	0	0	0	0	0	0	0	0	0	0	0	
292.190400	8	3	3	0	1	2	2	4199	624	32	17531	3	1	90	0	0	0	0	0	0	0	0	0	0	0	0	0	0	
293.194083	8	3	3	0	1	2	2	4199	612	32	17591	3	1	90	0	0	0	0	0	0	0	0	0	0	0	0	0	0	
294.194883	8	3	3	0	1	2	2	4199	599	32	17651	3	1	90	0	0	0	0	0	0	0	0	0	0	0	0	0	0	
295.189917	8	3	3	0	1	2	2	4199	587	32	17711	3	1	90	0	0	0	0	0	0	0	0	0	0	0	0	0	0	
296.189283	8	3	3	0	1	2	2	4199	573	32	17771	3	1	90	0	0	0	0	0	0	0	0	0	0	0	0	0	0	
297.198717	8	3	3	0	1	2	2	4199	562	32	17832	3	1	90	0	0	0	0	0	0	0	0	0	0	0	0	0	0	
298.199517	8	3	3	0	1	2	2	4198	552	32	17892	3	1	90	0	0	0	0	0	0	0	0	0	0	0	0	0	0	
299.194567	8	3	3	0	1	2	2	4199	541	32	17951	3	1	90	0	0	0	0	0	0	0	0	0	0	0	0	0	0	
300.191033	8	3	3	0	1	2	2	4198	528	32	18011	3	1	90	0	0	0	0	0	0	0	0	0	0	0	0	0	0	
301.186083	8	3	3	0	1	2	2	4199	516	32	18071	3	1	90	0	0	0	0	0	0	0	0	0	0	0	0	0	0	
302.189767	8	3	3	0	1	2	2	4198	505	32	18131	3	1	90	0	0	0	0	0	0	0	0	0	0	0	0	0	0	
303.187683	8	3	3	0	1	2	2	4199	496	32	18191	3	1	90	0	0	0	0	0	0	0	0	0	0	0	0	0	0	
304.201433	8	3	3	0	1	2	2	4198	487	32	18252	3	1	90	0	0	0	0	0	0	0	0	0	0	0	0	0	0	
305.184967	8	3	3	0	1	2	2	4199	478	32	18311	3	1	90	0	0	0	0	0	0	0	0	0	0	0	0	0	0	
306.190083	8	3	3	0	1	2	2	4199	469	32	18371	3	1	90	0	0	0	0	0	0	0	0	0	0	0	0	0	0	
307.195200	8	3	3	0	1	2	2	4198	462	32	18431	3	1	90	0	0	0	0	0	0	0	0	0	0	0	0	0	0	
308.190233	8	3	3	0	1	2	2	4198	452	32	18491	3	1	90	0	0	0	0	0	0	0	0	0	0	0	0	0	0	
309.186717	8	3	3	0	1	2	2	4199	442	32	18551	3	1	90	0	0	0	0	0	0	0	0	0	0	0	0	0	0	
310.200483	8	3	3	0	1	2	2	4199	432	32	18612	3	1	90	0	0	0	0	0	0	0	0	0	0	0	0	0	0	
311.196967	8	3	3	0	1	2	2	4199	422	32	18671	3	1	90	0	0	0	0	0	0	0	0	0	0	0	0	0	0	
312.194883	8	3	3	0	1	2	2	4199	411	32	18731	3	1	90	0	0	0	0	0	0	0	0	0	0	0	0	0	0	
313.187033	8	3	3	0	1	2	2	4198	401	32	18791	3	1	90	0	0	0	0	0	0	0	0	0	0	0	0	0	0	
314.202233	8	3	3	0	1	2	2	4198	393	32	18852	3	1	90	0	0	0	0	0	0	0	0	0	0	0	0	0	0	
315.197283	8	3	3	0	1	2	2	4199	384	32	18911	3	1	90	0	0	0	0	0	0	0	0	0	0	0	0	0	0	
316.196633	8	3	3	0	1	2	2	4199	377	32	18971	3	1	90	0	0	0	0	0	0	0	0	0	0	0	0	0	0	
317.201767	8	3	3	0	1	2	2	4199	369	32	19032	3	1	90	0	0	0	0	0	0	0	0	0	0	0	0	0	0	
318.195367	8	3	3	0	1	2	2	4198	358	32	19091	3	1	90	0	0	0	0	0	0	0	0	0	0	0	0	0	0	
319.200483	8	3	3	0	1	2	2	4198	346	32	19152	3	1	90	0	0	0	0	0	0	0	0	0	0	0	0	0	0	
320.198400	8	3	3	0	1	2	2	4198	337	32	19211	3	1	90	0	0	0	0	0	0	0	0	0	0	0	0	0	0	
321.203517	8	3	3	0	1	2	2	4198	328	32	19272	3	1	90	0	0	0	0	0	0	0	0	0	0	0	0	0	0	
322.202883	8	3	3	0	1	2	2	4199	320	32	19332	3	1	90	0	0	0	0	0	0	0	0	0	0	0	0	0	0	
323.199367	8	3	3	0	1	2	2	4199	312	32	19391	3	1	90	0	0	0	0	0	0	0	0	0	0	0	0	0	0	
324.194400	8	3	3	0	1	2	2	4199	305	32	19451	3	1	90	0	0	0	0	0	0	0	0	0	0	0	0	0	0	
325.188000	8	3	3	0	1	2	2	4199	296	32	19511	3	1	90	0	0	0	0	0	0	0	0	0	0	0	0	0	0	
326.190233	8	3	3	0	1	2	2	4199	288	32	19571	3	1	90	0	0	0	0	0	0	0	0	0	0	0	0	0	0	
327.201117	8	3	3	0	1	2	2	4199	282	32	19632	3	1	90	0	0	0	0	0	0	0	0	0	0	0	0	0	0	
328.186083	8	3	3	0	1	2	2	4199	275	32	19691	3	1	90	0	0	0	0	0	0	0	0	0	0	0	0	0	0	
329.202717	8	3	3	0	1	2	2	4198	269	32	19752	3	1	90	0	0	0	0	0	0	0	0	0	0	0	0	0	0	
330.197767	8	3	3	0	1	2	2	4198	263	32	19811	3	1	90	0	0	0	0	0	0	0	0	0	0	0	0	0	0	
331.194233	8	3	3	0	1	2	2	4198	256	32	19871	3	1	90	0	0	0	0	0	0	0	0	0	0	0	0	0	0	
332.189283	8	3	3	0	1	2	2	4199	252	32	19931	3	1	90	0	0	0	0	0	0	0	0	0	0	0	0	0	0	
333.204483	8	3	3	0	1	2	2	4198	245	32	19992	3	1	90	0	0	0	0	0	0	0	0	0	0	0	0	0	0	
334.199517	8	3	3	0	1	2	2	4199	241	32	20051	3	1	90	0	0	0	0	0	0	0	0	0	0	0	0	0	0	
335.196000	8	3	3	0	1	2	2	4198	235	32	20111	3	1	90	0	0	0	0	0	0	0	0	0	0	0	0	0	0	
336.191033	8	3	3	0	1	2	2	4199	231	32	20171	3	1	90	0	0	0	0	0	0	0	0	0	0	0	0	0	0	
337.203367	8	3	3	0	1	2	2	4198	226	32	20232	3	1	90	0	0	0	0	0	0	0	0	0	0	0	0	0	0	
338.205600	8	3	3	0	1	2	2	4199	221	32	20292	3	1	90	0	0	0	0	0	0	0	0	0	0	0	0	0	0	
339.200633	8	3	3	0	1	2	2	4199	217	32	20351	3	1	90	0	0	0	0	0	0	0	0	0	0	0	0	0	0	
340.197117	8	3	3	0	1	2	2	4198	213	32	20411	3	1	90	0	0	0	0	0	0	0	0	0	0	0	0	0	0	
341.192167	8	3	3	0	1	2	2	4199	208	32	20471	3	1	90	0	0	0	0	0	0	0	0	0	0	0	0	0	0	
342.188633	8	3	3	0	1	2	2	4198	203	32	20531	3	1	90	0	0	0	0	0	0	0	0	0	0	0	0	0	0	
343.202400	8	3	3	0	1	2	2	4198	200	32	20592	3	1	90	0	0	0	0	0	0	0	0	0	0	0	0	0	0	
344.198883	8	3	3	0	1	2	2	4199	196	32	20651	3	1	90	0	0	0	0	0	0	0	0	0	0	0	0	0	0	
345.193917	8	3	3	0	1	2	2	4199	191	32	20711	3	1	90	0	0	0	0	0	0	0	0	0	0	0	0	0	0	
346.193283	8	3	3	0	1	2	2	4199	188	32	20771	3	1	90	0	0	0	0	0	0	0	0	0	0	0	0	0	0	
347.198400	8	3	3	0	1	2	2	4199	185	32	20831	3	1	90	0	0	0	0	0	0	0	0	0	0	0	0	0	0	
348.202083	8	3	3	0	1	2	2	4199	180	32	20891	3	1	90	0	0	0	0	0	0	0	0	0	0	0	0	0	0	
349.202883	8	3	3	0	1	2	2	4199	176	32	20952	3	1	90	0	0	0	0	0	0	0	0	0	0	0	0	0	0	
350.200800	8	3	3	0	1	2	2	4199	173	32	21011	3	1	90	0	0	0	0	0	0	0	0	0	0	0	0	0	0	
351.200167	8	3	3	0	1	2	2	4199	169	32	21071	3	1	90	0	0	0	0	0	0	0	0	0	0	0	0	0	0	
352.198083	8	3	3	0	1	2	2	4199	164	32	21131	3	1	90	0	0	0	0	0	0	0	0	0	0	0	0	0	0	
353.200317	8	3	3	0	1	2	2	4199	162	32	21191	3	1	90	0	0	0	0	0	0	0	0	0	0	0	0	0	0	
354.196800	8	3	3	0	1	2	2	4199	158	32	21251	3	1	90	0	0	0	0	0	0	0	0	0	0	0	0	0	0	
355.196167	8	3	3	0	1	2	2	4199	154	32	21311	3	1	90	0	0	0	0	0	0	0	0	0	0	0	0	0	0	
356.189767	8	3	3	0	1	2	2	4199	151	32	21371	3	1	90	0	0	0	0	0	0	0	0	0	0	0	0	0	0	
357.192000	8	3	3	0	1	2	2	4199	148	32	21431	3	1	90	0	0	0	0	0	0	0	0	0	0	0	0	0	0	
358.191367	8	3	3	0	1	2	2	4199	145	32	21491	3	1	90	0	0	0	0	0	0	0	0	0	0	0	0	0	0	
359.205117	8	3	3	0	1	2	2	4198	142	32	21552	3	1	90	0	0	0	0	0	0	0	0	0	0	0	0	0	0	
360.201600	8	3	3	0	1	2	2	4199	138	32	21611	3	1	90	0	0	0	0	0	0	0	0	0	0	0	0	0	0	
361.203833	8	3	3	0	1	2	2	4199	135	32	21672	3	1	90	0	0	0	0	0	0	0	0	0	0	0	0	0	0	
362.190233	8	3	3	0	1	2	2	4198	132	32	21731	3	1	90	0	0	0	0	0	0	0	0	0	0	0	0	0	0	
363.193917	8	3	3	0	1	2	2	4198	129	32	21791	3	1	90	0	0	0	0	0	0	0	0	0	0	0	0	0	0	
364.188967	8	3	3	0	1	2	2	4199	126	32	21851	3	1	90	0	0	0	0	0	0	0	0	0	0	0	0	0	0	
365.204167	8	3	3	0	1	2	2	4198	123	32	21912	3	1	90	0	0	0	0	0	0	0	0	0	0	0	0	0	0	
366.197767	8	3	3	0	1	2	2	4198	120	32	21971	3	1	90	0	0	0	0	0	0	0	0	0	0	0	0	0	0	
367.205767	8	3	3	0	1	2	2	4199	118	32	22032	3	1	90	0	0	0	0	0	0	0	0	0	0	0	0	0	0	
368.192167	8	3	3	0	1	2	2	4198	114	32	22091	3	1	90	0	0	0	0	0	0	0	0	0	0	0	0	0	0	
369.195833	8	3	3	0	1	2	2	4199	112	32	22151	3	1	90	0	0	0	0	0	0	0	0	0	0	0	0	0	0	
370.206717	8	3	3	0	1	2	2	4199	110	32	22212	3	1	90	0	0	0	0	0	0	0	0	0	0	0	0	0	0	
371.196000	8	3	3	0	1	2	2	4198	107	32	22271	3	1	90	0	0	0	0	0	0	0	0	0	0	0	0	0	0	
372.201117	8	3	3	0	1	2	2	4199	104	32	22331	3	1	90	0	0	0	0	0	0	0	0	0	0	0	0	0	0	
373.206233	8	3	3	0	1	2	2	4199	101	32	22392	3	1	90	0	0	0	0	0	0	0	0	0	0	0	0	0	0	
374.207033	8	3	3	0	1	2	2	4198	98	32	22452	3	1	90	0	0	0	0	0	0	0	0	0	0	0	0	0	0	
375.199200	8	3	3	0	1	2	2	4198	97	32	22511	3	1	90	0	0	0	0	0	0	0	0	0	0	0	0	0	0	
376.200000	8	3	3	0	1	2	2	4199	94	32	22571	3	1	90	0	0	0	0	0	0	0	0	0	0	0	0	0	0	
377.196483	8	3	3	0	1	2	2	4199	93	32	22631	3	1	90	0	0	0	0	0	0	0	0	0	0	0	0	0	0	
378.190083	8	3	3	0	1	2	2	4198	90	32	22691	3	1	90	0	0	0	0	0	0	0	0	0	0	0	0	0	0	
379.192317	8	3	3	0	1	2	2	4198	88	32	22751	3	1	90	0	0	0	0	0	0	0	0	0	0	0	0	0	0	
380.207517	8	3	3	0	1	2	2	4199	86	32	22812	3	1	90	0	0	0	0	0	0	0	0	0	0	0	0	0	0	
381.199683	8	3	3	0	1	2	2	4199	84	32	22871	3	1	90	0	0	0	0	0	0	0	0	0	0	0	0	0	0	
382.191833	8	3	3	0	1	2	2	4199	82	32	22931	3	1	90	0	0	0	0	0	0	0	0	0	0	0	0	0	0	
383.207033	8	3	3	0	1	2	2	4198	80	32	22992	3	1	90	0	0	0	0	0	0	0	0	0	0	0	0	0	0	
384.202083	8	3	3	0	1	2	2	4198	77	32	23051	3	1	90	0	0	0	0	0	0	0	0	0	0	0	0	0	0	
385.198567	8	3	3	0	1	2	2	4199	76	32	23111	3	1	90	0	0	0	0	0	0	0	0	0	0	0	0	0	0	
386.195033	8	3	3	0	1	2	2	4199	74	32	23171	3	1	90	0	0	0	0	0	0	0	0	0	0	0	0	0	0	
387.190083	8	3	3	0	1	2	2	4198	73	32	23231	3	1	90	0	0	0	0	0	0	0	0	0	0	0	0	0	0	
388.205283	8	3	3	0	1	2	2	4198	70	32	23291	3	1	90	0	0	0	0	0	0	0	0	0	0	0	0	0	0	
389.200317	8	3	3	0	1	2	2	4198	69	32	23351	3	1	90	0	0	0	0	0	0	0	0	0	0	0	0	0	0	
390.196800	8	3	3	0	1	2	2	4198	68	32	23411	3	1	90	0	0	0	0	0	0	0	0	0	0	0	0	0	0	
390.584167	8	6	3	0	2	7	1	4110	-188	32	23434	3	2	0	0	0	0	0	0	0	0	0	0	0	0	0	0	0	
391.194717	8	6	3	0	2	7	1	3656	-1351	32	23471	3	2	0	0	0	0	0	0	0	0	0	0	0	0	0	0	0	
392.208483	8	6	3	0	2	7	1	3626	-1349	32	23532	3	2	2	0	0	0	0	0	0	0	0	0	0	0	0	0	0	
393.204967	8	6	3	0	2	7	1	3716	-1351	32	23591	3	2	4	0	0	0	0	0	0	0	0	0	0	0	0	0	0	
394.195683	8	6	3	0	2	7	1	3698	-1349	32	23651	3	2	5	0	0	0	0	0	0	0	0	0	0	0	0	0	0	
395.200800	8	6	3	0	2	7	1	3681	-1347	32	23711	3	2	7	0	0	0	0	0	0	0	0	0	0	0	0	0	0	
396.205917	8	6	3	0	2	7	1	3663	-1349	32	23772	3	2	9	0	0	0	0	0	0	0	0	0	0	0	0	0	0	
397.192317	8	6	3	0	2	7	1	3648	-1351	32	23831	3	2	10	0	0	0	0	0	0	0	0	0	0	0	0	0	0	
398.197433	8	6	3	0	2	7	1	3633	-1349	32	23891	3	2	12	0	0	0	0	0	0	0	0	0	0	0	0	0	0	
399.204000	8	6	3	0	2	7	1	3618	-1349	32	23951	3	2	14	0	0	0	0	0	0	0	0	0	0	0	0	0	0	
400.209117	8	6	3	0	2	7	1	3604	-1349	32	24012	3	2	15	0	0	0	0	0	0	0	0	0	0	0	0	0	0	
401.195517	8	6	3	0	2	7	1	3590	-1348	32	24071	3	2	17	0	0	0	0	0	0	0	0	0	0	0	0	0	0	
402.200633	8	6	3	0	2	7	1	3577	-1350	32	24131	3	2	19	0	0	0	0	0	0	0	0	0	0	0	0	0	0	
403.205767	8	6	3	0	2	7	1	3564	-1349	32	24192	3	2	20	0	0	0	0	0	0	0	0	0	0	0	0	0	0	
404.192167	8	6	3	0	2	7	1	3553	-1350	32	24251	3	2	22	0	0	0	0	0	0	0	0	0	0	0	0	0	0	
405.198717	8	6	3	0	2	7	1	3539	-1350	32	24311	3	2	24	0	0	0	0	0	0	0	0	0	0	0	0	0	0	
406.203833	8	6	3	0	2	7	1	3527	-1349	32	24371	3	2	25	0	0	0	0	0	0	0	0	0	0	0	0	0	0	
407.208967	8	6	3	0	2	7	1	3515	-1349	32	24432	3	2	27	0	0	0	0	0	0	0	0	0	0	0	0	0	0	
408.195367	8	6	3	0	2	7	1	3503	-1349	32	24491	3	2	29	0	0	0	0	0	0	0	0	0	0	0	0	0	0	
409.200483	8	6	3	0	2	7	1	3492	-1347	32	24551	3	2	30	0	0	0	0	0	0	0	0	0	0	0	0	0	0	
410.207033	8	6	3	0	2	7	1	3480	-1350	32	24611	3	2	32	0	0	0	0	0	0	0	0	0	0	0	0	0	0	
411.193433	8	6	3	0	2	7	1	3469	-1350	32	24671	3	2	34	0	0	0	0	0	0	0	0	0	0	0	0	0	0	
412.198567	8	6	3	0	2	7	1	3459	-1349	32	24731	3	2	35	0	0	0	0	0	0	0	0	0	0	0	0	0	0	
413.203683	8	6	3	0	2	7	1	3448	-1351	32	24791	3	2	37	0	0	0	0	0	0	0	0	0	0	0	0	0	0	
414.208800	8	6	3	0	2	7	1	3438	-1350	32	24852	3	2	39	0	0	0	0	0	0	0	0	0	0	0	0	0	0	
415.195200	8	6	3	0	2	7	1	3429	-1350	32	24911	3	2	40	0	0	0	0	0	0	0	0	0	0	0	0	0	0	
416.201767	8	6	3	0	2	7	1	3420	-1350	32	24971	3	2	42	0	0	0	0	0	0	0	0	0	0	0	0	0	0	
417.206883	8	6	3	0	2	7	1	3411	-1349	32	25031	3	2	44	0	0	0	0	0	0	0	0	0	0	0	0	0	0	
418.193283	8	6	3	0	2	7	1	3403	-1351	32	25091	3	2	45	0	0	0	0	0	0	0	0	0	0	0	0	0	0	
419.198400	8	6	3	0	2	7	1	3395	-1350	32	25151	3	2	47	0	0	0	0	0	0	0	0	0	0	0	0	0	0	
420.203517	8	6	3	0	2	7	1	3387	-1350	32	25211	3	2	48	0	0	0	0	0	0	0	0	0	0	0	0	0	0	
421.208633	8	6	3	0	2	7	1	3379	-1348	32	25272	3	2	50	0	0	0	0	0	0	0	0	0	0	0	0	0	0	
422.196483	8	6	3	0	2	7	1	3372	-1350	32	25331	3	2	52	0	0	0	0	0	0	0	0	0	0	0	0	0	0	
423.201600	8	6	3	0	2	7	1	3364	-1351	32	25391	3	2	53	0	0	0	0	0	0	0	0	0	0	0	0	0	0	
424.206717	8	6	3	0	2	7	1	3358	-1350	32	25451	3	2	55	0	0	0	0	0	0	0	0	0	0	0	0	0	0	
425.193117	8	6	3	0	2	7	1	3351	-1350	32	25511	3	2	57	0	0	0	0	0	0	0	0	0	0	0	0	0	0	
426.198233	8	6	3	0	2	7	1	3345	-1348	32	25571	3	2	58	0	0	0	0	0	0	0	0	0	0	0	0	0	0	
427.203367	8	6	3	0	2	7	1	3338	-1349	32	25631	3	2	60	0	0	0	0	0	0	0	0	0	0	0	0	0	0	
428.209917	8	6	3	0	2	7	1	3332	-1349	32	25692	3	2	62	0	0	0	0	0	0	0	0	0	0	0	0	0	0	
429.196317	8	6	3	0	2	7	1	3326	-1349	32	25751	3	2	63	0	0	0	0	0	0	0	0	0	0	0	0	0	0	
430.201433	8	6	3	0	2	7	1	3319	-1350	32	25811	3	2	65	0	0	0	0	0	0	0	0	0	0	0	0	0	0	
431.206567	8	6	3	0	2	7	1	3313	-1349	32	25871	3	2	67	0	0	0	0	0	0	0	0	0	0	0	0	0	0	
432.211683	8	6	3	0	2	7	1	3306	-1349	32	25932	3	2	68	0	0	0	0	0	0	0	0	0	0	0	0	0	0	
433.198083	8	6	3	0	2	7	1	3299	-1348	32	25991	3	2	70	0	0	0	0	0	0	0	0	0	0	0	0	0	0	
434.204633	8	6	3	0	2	7	1	3291	-1350	32	26051	3	2	72	0	0	0	0	0	0	0	0	0	0	0	0	0	0	
435.209767	8	6	3	0	2	7	1	3282	-1350	32	26112	3	2	73	0	0	0	0	0	0	0	0	0	0	0	0	0	0	
436.196167	8	6	3	0	2	7	1	3273	-1348	32	26171	3	2	75	0	0	0	0	0	0	0	0	0	0	0	0	0	0	
437.201283	8	6	3	0	2	7	1	3261	-1349	32	26231	3	2	77	0	0	0	0	0	0	0	0	0	0	0	0	0	0	
438.206400	8	6	3	0	2	7	1	3247	-1350	32	26291	3	2	78	0	0	0	0	0	0	0	0	0	0	0	0	0	0	
439.212967	8	6	3	0	2	7	1	3230	-1350	32	26352	3	2	80	0	0	0	0	0	0	0	0	0	0	0	0	0	0	
440.199367	8	6	3	0	2	7	1	3208	-1349	32	26411	3	2	82	0	0	0	0	0	0	0	0	0	0	0	0	0	0	
441.204483	8	6	3	0	2	7	1	3181	-1349	32	26471	3	2	83	0	0	0	0	0	0	0	0	0	0	0	0	0	0	
442.209600	8	6	3	0	2	7	1	3142	-1350	32	26532	3	2	85	0	0	0	0	0	0	0	0	0	0	0	0	0	0	
443.196000	8	6	3	0	2	7	1	3082	-1350	32	26591	3	2	87	0	0	0	0	0	0	0	0	0	0	0	0	0	0	
444.201117	8	6	3	0	2	7	1	2970	-1350	32	26651	3	2	88	0	0	0	0	0	0	0	0	0	0	0	0	0	0	
445.207683	8	6	3	0	2	7	1	2667	-1350	32	26711	3	2	90	0	0	0	0	0	0	0	0	0	0	0	0	0	0	
445.233600	8	15	3	0	1	31	2	3221	577	32	26713	5	2	90	0	0	0	0	0	0	0	0	0	0	0	0	0	0	
445.253767	8	3	3	0	1	2	2	3283	676	32	26714	5	2	90	0	0	0	0	0	0	0	0	0	0	0	0	0	0	
446.201283	8	3	3	0	1	2	2	3571	675	32	26771	5	2	90	0	0	0	0	0	0	0	0	0	0	0	0	0	0	
447.200633	8	3	3	0	1	2	2	3681	673	32	26831	5	2	90	0	0	0	0	0	0	0	0	0	0	0	0	0	0	
448.195683	8	3	3	0	1	2	2	3753	674	32	26891	5	2	90	0	0	0	0	0	0	0	0	0	0	0	0	0	0	
449.196483	8	3	3	0	1	2	2	3809	675	32	26951	5	2	90	0	0	0	0	0	0	0	0	0	0	0	0	0	0	
450.210233	8	3	3	0	1	2	2	3852	676	32	27012	5	2	90	0	0	0	0	0	0	0	0	0	0	0	0	0	0	
451.206717	8	3	3	0	1	2	2	3882	675	32	27071	5	2	90	0	0	0	0	0	0	0	0	0	0	0	0	0	0	
452.207517	8	3	3	0	1	2	2	3900	676	32	27131	5	2	90	0	0	0	0	0	0	0	0	0	0	0	0	0	0	
453.204000	8	3	3	0	1	2	2	3908	674	32	27191	5	2	90	0	0	0	0	0	0	0	0	0	0	0	0	0	0	
454.200483	8	3	3	0	1	2	2	3913	674	32	27251	5	2	90	0	0	0	0	0	0	0	0	0	0	0	0	0	0	
455.196967	8	3	3	0	1	2	2	3919	674	32	27311	5	2	90	0	0	0	0	0	0	0	0	0	0	0	0	0	0	
456.213600	8	3	3	0	1	2	2	3924	676	32	27372	5	2	90	0	0	0	0	0	0	0	0	0	0	0	0	0	0	
457.210083	8	3	3	0	1	2	2	3929	674	32	27431	5	2	90	0	0	0	0	0	0	0	0	0	0	0	0	0	0	
458.205117	8	3	3	0	1	2	2	3935	674	32	27491	5	2	90	0	0	0	0	0	0	0	0	0	0	0	0	0	0	
459.203033	8	3	3	0	1	2	2	3940	674	32	27551	5	2	90	0	0	0	0	0	0	0	0	0	0	0	0	0	0	
460.209600	8	3	3	0	1	2	2	3947	674	32	27611	5	2	90	0	0	0	0	0	0	0	0	0	0	0	0	0	0	
461.196000	8	3	3	0	1	2	2	3953	676	32	27671	5	2	90	0	0	0	0	0	0	0	0	0	0	0	0	0	0	
462.201117	8	3	3	0	1	2	2	3958	674	32	27731	5	2	90	0	0	0	0	0	0	0	0	0	0	0	0	0	0	
463.200483	8	3	3	0	1	2	2	3964	675	32	27791	5	2	90	0	0	0	0	0	0	0	0	0	0	0	0	0	0	
464.211367	8	3	3	0	1	2	2	3970	674	32	27852	5	2	90	0	0	0	0	0	0	0	0	0	0	0	0	0	0	
465.197767	8	3	3	0	1	2	2	3976	675	32	27911	5	2	90	0	0	0	0	0	0	0	0	0	0	0	0	0	0	
466.211517	8	3	3	0	1	2	2	3982	675	32	27972	5	2	90	0	0	0	0	0	0	0	0	0	0	0	0	0	0	
467.206567	8	3	3	0	1	2	2	3988	675	32	28031	5	2	90	0	0	0	0	0	0	0	0	0	0	0	0	0	0	
468.203033	8	3	3	0	1	2	2	3993	675	32	28091	5	2	90	0	0	0	0	0	0	0	0	0	0	0	0	0	0	
469.211033	8	3	3	0	1	2	2	3999	674	32	28151	5	2	90	0	0	0	0	0	0	0	0	0	0	0	0	0	0	
470.214717	8	3	3	0	1	2	2	4003	675	32	28212	5	2	90	0	0	0	0	0	0	0	0	0	0	0	0	0	0	
471.209767	8	3	3	0	1	2	2	4008	674	32	28271	5	2	90	0	0	0	0	0	0	0	0	0	0	0	0	0	0	
472.204800	8	3	3	0	1	2	2	4011	675	32	28331	5	2	90	0	0	0	0	0	0	0	0	0	0	0	0	0	0	
473.208483	8	3	3	0	1	2	2	4015	675	32	28391	5	2	90	0	0	0	0	0	0	0	0	0	0	0	0	0	0	
474.203517	8	3	3	0	1	2	2	4018	674	32	28451	5	2	90	0	0	0	0	0	0	0	0	0	0	0	0	0	0	
475.212967	8	3	3	0	1	2	2	4021	674	32	28512	5	2	90	0	0	0	0	0	0	0	0	0	0	0	0	0	0	
476.209433	8	3	3	0	1	2	2	4024	674	32	28571	5	2	90	0	0	0	0	0	0	0	0	0	0	0	0	0	0	
477.207367	8	3	3	0	1	2	2	4027	674	32	28631	5	2	90	0	0	0	0	0	0	0	0	0	0	0	0	0	0	
478.202400	8	3	3	0	1	2	2	4029	674	32	28691	5	2	90	0	0	0	0	0	0	0	0	0	0	0	0	0	0	
479.216167	8	3	3	0	1	2	2	4032	675	32	28752	5	2	90	0	0	0	0	0	0	0	0	0	0	0	0	0	0	
480.201117	8	3	3	0	1	2	2	4035	675	32	28811	5	2	90	0	0	0	0	0	0	0	0	0	0	0	0	0	0	
481.203367	8	3	3	0	1	2	2	4038	675	32	28871	5	2	90	0	0	0	0	0	0	0	0	0	0	0	0	0	0	
482.212800	8	3	3	0	1	2	2	4041	674	32	28932	5	2	90	0	0	0	0	0	0	0	0	0	0	0	0	0	0	
483.215033	8	3	3	0	1	2	2	4044	674	32	28992	5	2	90	0	0	0	0	0	0	0	0	0	0	0	0	0	0	
484.211517	8	3	3	0	1	2	2	4047	675	32	29051	5	2	90	0	0	0	0	0	0	0	0	0	0	0	0	0	0	
485.208000	8	3	3	0	1	2	2	4050	674	32	29111	5	2	90	0	0	0	0	0	0	0	0	0	0	0	0	0	0	
486.211683	8	3	3	0	1	2	2	4053	675	32	29171	5	2	90	0	0	0	0	0	0	0	0	0	0	0	0	0	0	
487.208167	8	3	3	0	1	2	2	4056	674	32	29231	5	2	90	0	0	0	0	0	0	0	0	0	0	0	0	0	0	
488.204633	8	3	3	0	1	2	2	4059	675	32	29291	5	2	90	0	0	0	0	0	0	0	0	0	0	0	0	0	0	
489.202567	8	3	3	0	1	2	2	4062	675	32	29351	5	2	90	0	0	0	0	0	0	0	0	0	0	0	0	0	0	
490.203367	8	3	3	0	1	2	2	4066	676	32	29411	5	2	90	0	0	0	0	0	0	0	0	0	0	0	0	0	0	
491.199833	8	3	3	0	1	2	2	4069	675	32	29471	5	2	90	0	0	0	0	0	0	0	0	0	0	0	0	0	0	
492.216483	8	3	3	0	1	2	2	4072	675	32	29532	5	2	90	0	0	0	0	0	0	0	0	0	0	0	0	0	0	
493.215833	8	3	3	0	1	2	2	4076	675	32	29592	5	2	90	0	0	0	0	0	0	0	0	0	0	0	0	0	0	
494.209433	8	3	3	0	1	2	2	4079	674	32	29651	5	2	90	0	0	0	0	0	0	0	0	0	0	0	0	0	0	
495.210233	8	3	3	0	1	2	2	4083	675	32	29711	5	2	90	0	0	0	0	0	0	0	0	0	0	0	0	0	0	
496.208167	8	3	3	0	1	2	2	4086	674	32	29771	5	2	90	0	0	0	0	0	0	0	0	0	0	0	0	0	0	
497.204633	8	3	3	0	1	2	2	4090	676	32	29831	5	2	90	0	0	0	0	0	0	0	0	0	0	0	0	0	0	
498.216967	8	3	3	0	1	2	2	4094	675	32	29892	5	2	90	0	0	0	0	0	0	0	0	0	0	0	0	0	0	
499.199033	8	3	3	0	1	2	2	4097	675	32	29951	5	2	90	0	0	0	0	0	0	0	0	0	0	0	0	0	0	
500.214233	8	3	3	0	1	2	2	4101	675	32	30012	5	2	90	0	0	0	0	0	0	0	0	0	0	0	0	0	0	
501.203517	8	3	3	0	1	2	2	4105	675	32	30071	5	2	90	0	0	0	0	0	0	0	0	0	0	0	0	0	0	
502.200000	8	3	3	0	1	2	2	4109	675	32	30131	5	2	90	0	0	0	0	0	0	0	0	0	0	0	0	0	0	
503.213767	8	3	3	0	1	2	2	4113	675	32	30192	5	2	90	0	0	0	0	0	0	0	0	0	0	0	0	0	0	
504.210233	8	3	3	0	1	2	2	4117	676	32	30251	5	2	90	0	0	0	0	0	0	0	0	0	0	0	0	0	0	
505.205283	8	3	3	0	1	2	2	4118	667	32	30311	5	2	90	0	0	0	0	0	0	0	0	0	0	0	0	0	0	
506.216167	8	3	3	0	1	2	2	4122	666	32	30372	5	2	90	0	0	0	0	0	0	0	0	0	0	0	0	0	0	
507.204000	8	3	3	0	1	2	2	4125	664	32	30431	5	2	90	0	0	0	0	0	0	0	0	0	0	0	0	0	0	
508.201917	8	3	3	0	1	2	2	4130	662	32	30491	5	2	90	0	0	0	0	0	0	0	0	0	0	0	0	0	0	
509.199833	8	3	3	0	1	2	2	4134	662	32	30551	5	2	90	0	0	0	0	0	0	0	0	0	0	0	0	0	0	
510.200633	8	3	3	0	1	2	2	4138	661	32	30611	5	2	90	0	0	0	0	0	0	0	0	0	0	0	0	0	0	
511.215833	8	3	3	0	1	2	2	4142	659	32	30672	5	2	90	0	0	0	0	0	0	0	0	0	0	0	0	0	0	
512.216633	8	3	3	0	1	2	2	4147	659	32	30732	5	2	90	0	0	0	0	0	0	0	0	0	0	0	0	0	0	
513.213117	8	3	3	0	1	2	2	4151	657	32	30791	5	2	90	0	0	0	0	0	0	0	0	0	0	0	0	0	0	
514.209600	8	3	3	0	1	2	2	4156	659	32	30851	5	2	90	0	0	0	0	0	0	0	0	0	0	0	0	0	0	
515.204633	8	3	3	0	1	2	2	4161	658	32	30911	5	2	90	0	0	0	0	0	0	0	0	0	0	0	0	0	0	
516.216967	8	3	3	0	1	2	2	4166	657	32	30972	5	2	90	0	0	0	0	0	0	0	0	0	0	0	0	0	0	
517.200483	8	3	3	0	1	2	2	4171	656	32	31031	5	2	90	0	0	0	0	0	0	0	0	0	0	0	0	0	0	
518.201283	8	3	3	0	1	2	2	4176	656	32	31091	5	2	90	0	0	0	0	0	0	0	0	0	0	0	0	0	0	
519.216483	8	3	3	0	1	2	2	4181	654	32	31152	5	2	90	0	0	0	0	0	0	0	0	0	0	0	0	0	0	
520.212967	8	3	3	0	1	2	2	4186	656	32	31211	5	2	90	0	0	0	0	0	0	0	0	0	0	0	0	0	0	
521.208000	8	3	3	0	1	2	2	4191	653	32	31271	5	2	90	0	0	0	0	0	0	0	0	0	0	0	0	0	0	
522.204483	8	3	3	0	1	2	2	4197	654	32	31331	5	2	90	0	0	0	0	0	0	0	0	0	0	0	0	0	0	
523.218233	8	3	3	0	1	2	2	4199	644	32	31392	5	2	90	0	0	0	0	0	0	0	0	0	0	0	0	0	0	
524.214717	8	3	3	0	1	2	2	4198	626	32	31451	5	2	90	0	0	0	0	0	0	0	0	0	0	0	0	0	0	
525.208317	8	3	3	0	1	2	2	4198	611	32	31511	5	2	90	0	0	0	0	0	0	0	0	0	0	0	0	0	0	
526.209117	8	3	3	0	1	2	2	4199	594	32	31571	5	2	90	0	0	0	0	0	0	0	0	0	0	0	0	0	0	
527.209917	8	3	3	0	1	2	2	4199	577	32	31631	5	2	90	0	0	0	0	0	0	0	0	0	0	0	0	0	0	
528.204967	8	3	3	0	1	2	2	4199	559	32	31691	5	2	90	0	0	0	0	0	0	0	0	0	0	0	0	0	0	
529.202883	8	3	3	0	1	2	2	4198	543	32	31751	5	2	90	0	0	0	0	0	0	0	0	0	0	0	0	0	0	
530.205117	8	3	3	0	1	2	2	4199	529	32	31811	5	2	90	0	0	0	0	0	0	0	0	0	0	0	0	0	0	
531.201600	8	3	3	0	1	2	2	4199	515	32	31871	5	2	90	0	0	0	0	0	0	0	0	0	0	0	0	0	0	
532.216800	8	3	3	0	1	2	2	4198	501	32	31932	5	2	90	0	0	0	0	0	0	0	0	0	0	0	0	0	0	
533.211833	8	3	3	0	1	2	2	4198	488	32	31991	5	2	90	0	0	0	0	0	0	0	0	0	0	0	0	0	0	
534.211200	8	3	3	0	1	2	2	4199	474	32	32051	5	2	90	0	0	0	0	0	0	0	0	0	0	0	0	0	0	
535.207683	8	3	3	0	1	2	2	4198	461	32	32111	5	2	90	0	0	0	0	0	0	0	0	0	0	0	0	0	0	
536.205600	8	3	3	0	1	2	2	4198	448	32	32171	5	2	90	0	0	0	0	0	0	0	0	0	0	0	0	0	0	
537.215033	8	3	3	0	1	2	2	4199	436	32	32231	5	2	90	0	0	0	0	0	0	0	0	0	0	0	0	0	0	
538.214400	8	3	3	0	1	2	2	4199	425	32	32291	5	2	90	0	0	0	0	0	0	0	0	0	0	0	0	0	0	
539.215200	8	3	3	0	1	2	2	4199	413	32	32351	5	2	90	0	0	0	0	0	0	0	0	0	0	0	0	0	0	
540.211683	8	3	3	0	1	2	2	4199	401	32	32411	5	2	90	0	0	0	0	0	0	0	0	0	0	0	0	0	0	
541.206717	8	3	3	0	1	2	2	4198	391	32	32471	5	2	90	0	0	0	0	0	0	0	0	0	0	0	0	0	0	
542.204633	8	3	3	0	1	2	2	4199	380	32	32531	5	2	90	0	0	0	0	0	0	0	0	0	0	0	0	0	0	
543.205433	8	3	3	0	1	2	2	4199	368	32	32591	5	2	90	0	0	0	0	0	0	0	0	0	0	0	0	0	0	
544.216317	8	3	3	0	1	2	2	4198	358	32	32651	5	2	90	0	0	0	0	0	0	0	0	0	0	0	0	0	0	
545.220000	8	3	3	0	1	2	2	4199	349	32	32712	5	2	90	0	0	0	0	0	0	0	0	0	0	0	0	0	0	
546.216483	8	3	3	0	1	2	2	4199	339	32	32771	5	2	90	0	0	0	0	0	0	0	0	0	0	0	0	0	0	
547.212967	8	3	3	0	1	2	2	4199	329	32	32831	5	2	90	0	0	0	0	0	0	0	0	0	0	0	0	0	0	
548.206567	8	3	3	0	1	2	2	4198	320	32	32891	5	2	90	0	0	0	0	0	0	0	0	0	0	0	0	0	0	
549.207367	8	3	3	0	1	2	2	4199	312	32	32951	5	2	90	0	0	0	0	0	0	0	0	0	0	0	0	0	0	
550.216800	8	3	3	0	1	2	2	4199	303	32	33011	5	2	90	0	0	0	0	0	0	0	0	0	0	0	0	0	0	
551.211833	8	3	3	0	1	2	2	4198	295	32	33071	5	2	90	0	0	0	0	0	0	0	0	0	0	0	0	0	0	
552.208317	8	3	3	0	1	2	2	4199	287	32	33131	5	2	90	0	0	0	0	0	0	0	0	0	0	0	0	0	0	
553.217767	8	3	3	0	1	2	2	4199	279	32	33191	5	2	90	0	0	0	0	0	0	0	0	0	0	0	0	0	0	
554.205600	8	3	3	0	1	2	2	4199	272	32	33251	5	2	90	0	0	0	0	0	0	0	0	0	0	0	0	0	0	
555.204967	8	3	3	0	1	2	2	4198	264	32	33311	5	2	90	0	0	0	0	0	0	0	0	0	0	0	0	0	0	
556.210083	8	3	3	0	1	2	2	4199	257	32	33371	5	2	90	0	0	0	0	0	0	0	0	0	0	0	0	0	0	
557.215200	8	3	3	0	1	2	2	4199	251	32	33431	5	2	90	0	0	0	0	0	0	0	0	0	0	0	0	0	0	
558.214567	8	3	3	0	1	2	2	4198	244	32	33491	5	2	90	0	0	0	0	0	0	0	0	0	0	0	0	0	0	
559.216800	8	3	3	0	1	2	2	4198	237	32	33551	5	2	90	0	0	0	0	0	0	0	0	0	0	0	0	0	0	
560.213283	8	3	3	0	1	2	2	4198	232	32	33611	5	2	90	0	0	0	0	0	0	0	0	0	0	0	0	0	0	
561.208317	8	3	3	0	1	2	2	4199	225	32	33671	5	2	90	0	0	0	0	0	0	0	0	0	0	0	0	0	0	
562.203367	8	3	3	0	1	2	2	4199	220	32	33731	5	2	90	0	0	0	0	0	0	0	0	0	0	0	0	0	0	
563.217117	8	3	3	0	1	2	2	4198	213	32	33791	5	2	90	0	0	0	0	0	0	0	0	0	0	0	0	0	0	
564.217917	8	3	3	0	1	2	2	4198	207	32	33851	5	2	90	0	0	0	0	0	0	0	0	0	0	0	0	0	0	
565.212967	8	3	3	0	1	2	2	4198	202	32	33911	5	2	90	0	0	0	0	0	0	0	0	0	0	0	0	0	0	
566.209433	8	3	3	0	1	2	2	4198	196	32	33971	5	2	90	0	0	0	0	0	0	0	0	0	0	0	0	0	0	
567.204483	8	3	3	0	1	2	2	4198	192	32	34031	5	2	90	0	0	0	0	0	0	0	0	0	0	0	0	0	0	
568.219683	8	3	3	0	1	2	2	4199	187	32	34092	5	2	90	0	0	0	0	0	0	0	0	0	0	0	0	0	0	
569.216167	8	3	3	0	1	2	2	4198	181	32	34151	5	2	90	0	0	0	0	0	0	0	0	0	0	0	0	0	0	
570.211200	8	3	3	0	1	2	2	4199	177	32	34211	5	2	90	0	0	0	0	0	0	0	0	0	0	0	0	0	0	
571.220633	8	3	3	0	1	2	2	4199	172	32	34272	5	2	90	0	0	0	0	0	0	0	0	0	0	0	0	0	0	
572.205600	8	3	3	0	1	2	2	4199	167	32	34331	5	2	90	0	0	0	0	0	0	0	0	0	0	0	0	0	0	
573.220800	8	3	3	0	1	2	2	4199	163	32	34392	5	2	90	0	0	0	0	0	0	0	0	0	0	0	0	0	0	
574.217283	8	3	3	0	1	2	2	4199	159	32	34451	5	2	90	0	0	0	0	0	0	0	0	0	0	0	0	0	0	
575.205117	8	3	3	0	1	2	2	4199	155	32	34511	5	2	90	0	0	0	0	0	0	0	0	0	0	0	0	0	0	
576.211683	8	3	3	0	1	2	2	4198	151	32	34571	5	2	90	0	0	0	0	0	0	0	0	0	0	0	0	0	0	
577.209600	8	3	3	0	1	2	2	4199	148	32	34631	5	2	90	0	0	0	0	0	0	0	0	0	0	0	0	0	0	
578.206083	8	3	3	0	1	2	2	4199	144	32	34691	5	2	90	0	0	0	0	0	0	0	0	0	0	0	0	0	0	
579.209767	8	3	3	0	1	2	2	4199	140	32	34751	5	2	90	0	0	0	0	0	0	0	0	0	0	0	0	0	0	
580.223517	8	3	3	0	1	2	2	4198	136	32	34812	5	2	90	0	0	0	0	0	0	0	0	0	0	0	0	0	0	
581.212800	8	3	3	0	1	2	2	4199	134	32	34871	5	2	90	0	0	0	0	0	0	0	0	0	0	0	0	0	0	
582.216483	8	3	3	0	1	2	2	4199	129	32	34931	5	2	90	0	0	0	0	0	0	0	0	0	0	0	0	0	0	
583.218717	8	3	3	0	1	2	2	4199	126	32	34991	5	2	90	0	0	0	0	0	0	0	0	0	0	0	0	0	0	
584.206567	8	3	3	0	1	2	2	4198	123	32	35051	5	2	90	0	0	0	0	0	0	0	0	0	0	0	0	0	0	
585.223200	8	3	3	0	1	2	2	4198	120	32	35112	5	2	90	0	0	0	0	0	0	0	0	0	0	0	0	0	0	
586.219683	8	3	3	0	1	2	2	4199	117	32	35171	5	2	90	0	0	0	0	0	0	0	0	0	0	0	0	0	0	
587.208967	8	3	3	0	1	2	2	4199	115	32	35231	5	2	90	0	0	0	0	0	0	0	0	0	0	0	0	0	0	
588.212633	8	3	3	0	1	2	2	4199	111	32	35291	5	2	90	0	0	0	0	0	0	0	0	0	0	0	0	0	0	
589.209117	8	3	3	0	1	2	2	4199	108	32	35351	5	2	90	0	0	0	0	0	0	0	0	0	0	0	0	0	0	
590.208483	8	3	3	0	1	2	2	4199	106	32	35411	5	2	90	0	0	0	0	0	0	0	0	0	0	0	0	0	0	
591.223683	8	3	3	0	1	2	2	4198	103	32	35472	5	2	90	0	0	0	0	0	0	0	0	0	0	0	0	0	0	
592.218717	8	3	3	0	1	2	2	4199	101	32	35531	5	2	90	0	0	0	0	0	0	0	0	0	0	0	0	0	0	
593.215200	8	3	3	0	1	2	2	4198	98	32	35591	5	2	90	0	0	0	0	0	0	0	0	0	0	0	0	0	0	
594.208800	8	3	3	0	1	2	2	4198	96	32	35651	5	2	90	0	0	0	0	0	0	0	0	0	0	0	0	0	0	
595.212483	8	3	3	0	1	2	2	4198	93	32	35711	5	2	90	0	0	0	0	0	0	0	0	0	0	0	0	0	0	
596.208967	8	3	3	0	1	2	2	4199	91	32	35771	5	2	90	0	0	0	0	0	0	0	0	0	0	0	0	0	0	
597.222717	8	3	3	0	1	2	2	4198	88	32	35832	5	2	90	0	0	0	0	0	0	0	0	0	0	0	0	0	0	
598.224967	8	3	3	0	1	2	2	4198	86	32	35892	5	2	90	0	0	0	0	0	0	0	0	0	0	0	0	0	0	
599.222883	8	3	3	0	1	2	2	4198	84	32	35952	5	2	90	0	0	0	0	0	0	0	0	0	0	0	0	0	0	
600.222233	8	3	3	0	1	2	2	4199	82	32	36012	5	2	90	0	0	0	0	0	0	0	0	0	0	0	0	0	0	
601.220167	8	3	3	0	1	2	2	4198	80	32	36071	5	2	90	0	0	0	0	0	0	0	0	0	0	0	0	0	0	
602.218083	8	3	3	0	1	2	2	4198	78	32	36131	5	2	90	0	0	0	0	0	0	0	0	0	0	0	0	0	0	
603.213117	8	3	3	0	1	2	2	4199	76	32	36191	5	2	90	0	0	0	0	0	0	0	0	0	0	0	0	0	0	
604.209600	8	3	3	0	1	2	2	4199	74	32	36251	5	2	90	0	0	0	0	0	0	0	0	0	0	0	0	0	0	
605.217600	8	3	3	0	1	2	2	4198	72	32	36311	5	2	90	0	0	0	0	0	0	0	0	0	0	0	0	0	0	
606.208317	8	3	3	0	1	2	2	4198	71	32	36371	5	2	90	0	0	0	0	0	0	0	0	0	0	0	0	0	0	
607.212000	8	3	3	0	1	2	2	4198	68	32	36431	5	2	90	0	0	0	0	0	0	0	0	0	0	0	0	0	0	
608.211367	8	3	3	0	1	2	2	4199	67	32	36491	5	2	90	0	0	0	0	0	0	0	0	0	0	0	0	0	0	
608.276167	8	6	3	0	2	7	1	3911	-650	32	36495	5	3	0	0	0	0	0	0	0	0	0	0	0	0	0	0	0	
609.209283	8	6	3	0	2	7	1	3678	-1349	32	36551	5	3	1	0	0	0	0	0	0	0	0	0	0	0	0	0	0	
610.224483	8	6	3	0	2	7	1	3674	-1350	32	36612	5	3	3	0	0	0	0	0	0	0	0	0	0	0	0	0	0	
611.219517	8	6	3	0	2	7	1	3644	-1350	32	36671	5	3	4	0	0	0	0	0	0	0	0	0	0	0	0	0	0	
612.214567	8	6	3	0	2	7	1	3375	-1350	32	36731	5	3	6	0	0	0	0	0	0	0	0	0	0	0	0	0	0	
613.211033	8	6	3	0	2	7	1	3658	-1350	32	36791	5	3	8	0	0	0	0	0	0	0	0	0	0	0	0	0	0	
614.226233	8	6	3	0	2	7	1	3282	-1350	32	36852	5	3	9	0	0	0	0	0	0	0	0	0	0	0	0	0	0	
615.221283	8	6	3	0	2	7	1	3248	-1351	32	36911	5	3	11	0	0	0	0	0	0	0	0	0	0	0	0	0	0	
616.217767	8	6	3	0	2	7	1	3242	-1349	32	36971	5	3	13	0	0	0	0	0	0	0	0	0	0	0	0	0	0	
617.212800	8	6	3	0	2	7	1	3608	-1350	32	37031	5	3	14	0	0	0	0	0	0	0	0	0	0	0	0	0	0	
618.207833	8	6	3	0	2	7	1	3233	-1350	32	37091	5	3	16	0	0	0	0	0	0	0	0	0	0	0	0	0	0	
619.223033	8	6	3	0	2	7	1	3591	-1346	32	37152	5	3	18	0	0	0	0	0	0	0	0	0	0	0	0	0	0	
620.212317	8	6	3	0	2	7	1	3452	-1350	32	37211	5	3	19	0	0	0	0	0	0	0	0	0	0	0	0	0	0	
621.217433	8	6	3	0	2	7	1	3437	-1350	32	37271	5	3	21	0	0	0	0	0	0	0	0	0	0	0	0	0	0	
622.224000	8	6	3	0	2	7	1	3168	-1349	32	37332	5	3	23	0	0	0	0	0	0	0	0	0	0	0	0	0	0	
623.210400	8	6	3	0	2	7	1	3550	-1350	32	37391	5	3	24	0	0	0	0	0	0	0	0	0	0	0	0	0	0	
624.215517	8	6	3	0	2	7	1	3141	-1349	32	37451	5	3	26	0	0	0	0	0	0	0	0	0	0	0	0	0	0	
625.220633	8	6	3	0	2	7	1	3521	-1349	32	37511	5	3	28	0	0	0	0	0	0	0	0	0	0	0	0	0	0	
626.225767	8	6	3	0	2	7	1	3189	-1349	32	37572	5	3	29	0	0	0	0	0	0	0	0	0	0	0	0	0	0	
627.212167	8	6	3	0	2	7	1	3206	-1350	32	37631	5	3	31	0	0	0	0	0	0	0	0	0	0	0	0	0	0	
628.218717	8	6	3	0	2	7	1	3447	-1349	32	37691	5	3	32	0	0	0	0	0	0	0	0	0	0	0	0	0	0	
629.223833	8	6	3	0	2	7	1	3064	-1350	32	37751	5	3	34	0	0	0	0	0	0	0	0	0	0	0	0	0	0	
630.210233	8	6	3	0	2	7	1	3463	-1348	32	37811	5	3	36	0	0	0	0	0	0	0	0	0	0	0	0	0	0	
631.215367	8	6	3	0	2	7	1	3065	-1350	32	37871	5	3	37	0	0	0	0	0	0	0	0	0	0	0	0	0	0	
632.220483	8	6	3	0	2	7	1	3040	-1349	32	37931	5	3	39	0	0	0	0	0	0	0	0	0	0	0	0	0	0	
633.227033	8	6	3	0	2	7	1	3430	-1350	32	37992	5	3	41	0	0	0	0	0	0	0	0	0	0	0	0	0	0	
634.213433	8	6	3	0	2	7	1	3045	-1350	32	38051	5	3	42	0	0	0	0	0	0	0	0	0	0	0	0	0	0	
635.218567	8	6	3	0	2	7	1	3039	-1349	32	38111	5	3	44	0	0	0	0	0	0	0	0	0	0	0	0	0	0	
636.223683	8	6	3	0	2	7	1	3050	-1350	32	38171	5	3	46	0	0	0	0	0	0	0	0	0	0	0	0	0	0	
637.210083	8	6	3	0	2	7	1	3408	-1348	32	38231	5	3	47	0	0	0	0	0	0	0	0	0	0	0	0	0	0	
638.215200	8	6	3	0	2	7	1	2988	-1349	32	38291	5	3	49	0	0	0	0	0	0	0	0	0	0	0	0	0	0	
639.221767	8	6	3	0	2	7	1	3388	-1350	32	38351	5	3	51	0	0	0	0	0	0	0	0	0	0	0	0	0	0	
640.226883	8	6	3	0	2	7	1	2892	-1350	32	38412	5	3	52	0	0	0	0	0	0	0	0	0	0	0	0	0	0	
641.213283	8	6	3	0	2	7	1	2933	-1351	32	38471	5	3	54	0	0	0	0	0	0	0	0	0	0	0	0	0	0	
642.218400	8	6	3	0	2	7	1	2928	-1350	32	38531	5	3	56	0	0	0	0	0	0	0	0	0	0	0	0	0	0	
643.223517	8	6	3	0	2	7	1	2860	-1349	32	38591	5	3	57	0	0	0	0	0	0	0	0	0	0	0	0	0	0	
644.209917	8	6	3	0	2	7	1	2943	-1349	32	38651	5	3	59	0	0	0	0	0	0	0	0	0	0	0	0	0	0	
645.216483	8	6	3	0	2	7	1	2805	-1349	32	38711	5	3	61	0	0	0	0	0	0	0	0	0	0	0	0	0	0	
646.221600	8	6	3	0	2	7	1	2922	-1349	32	38771	5	3	62	0	0	0	0	0	0	0	0	0	0	0	0	0	0	
647.226717	8	6	3	0	2	7	1	2921	-1349	32	38832	5	3	64	0	0	0	0	0	0	0	0	0	0	0	0	0	0	
648.213117	8	6	3	0	2	7	1	2922	-1348	32	38891	5	3	66	0	0	0	0	0	0	0	0	0	0	0	0	0	0	
649.218233	8	6	3	0	2	7	1	2923	-1350	32	38951	5	3	67	0	0	0	0	0	0	0	0	0	0	0	0	0	0	
650.223367	8	6	3	0	2	7	1	2912	-1350	32	39011	5	3	69	0	0	0	0	0	0	0	0	0	0	0	0	0	0	
651.211200	8	6	3	0	2	7	1	2905	-1350	32	39071	5	3	71	0	0	0	0	0	0	0	0	0	0	0	0	0	0	
652.216317	8	6	3	0	2	7	1	2889	-1349	32	39131	5	3	72	0	0	0	0	0	0	0	0	0	0	0	0	0	0	
653.221433	8	6	3	0	2	7	1	2873	-1349	32	39191	5	3	74	0	0	0	0	0	0	0	0	0	0	0	0	0	0	
654.226567	8	6	3	0	2	7	1	2863	-1350	32	39252	5	3	76	0	0	0	0	0	0	0	0	0	0	0	0	0	0	
655.212967	8	6	3	0	2	7	1	2855	-1349	32	39311	5	3	77	0	0	0	0	0	0	0	0	0	0	0	0	0	0	
656.219517	8	6	3	0	2	7	1	2835	-1349	32	39371	5	3	79	0	0	0	0	0	0	0	0	0	0	0	0	0	0	
657.224633	8	6	3	0	2	7	1	2822	-1350	32	39431	5	3	81	0	0	0	0	0	0	0	0	0	0	0	0	0	0	
658.229767	8	6	3	0	2	7	1	2807	-1348	32	39492	5	3	82	0	0	0	0	0	0	0	0	0	0	0	0	0	0	
659.216167	8	6	3	0	2	7	1	2768	-1349	32	39551	5	3	84	0	0	0	0	0	0	0	0	0	0	0	0	0	0	
660.221283	8	6	3	0	2	7	1	2737	-1348	32	39611	5	3	86	0	0	0	0	0	0	0	0	0	0	0	0	0	0	
660.775683	8	15	3	0	1	31	2	3524	296	32	39644	7	3	87	0	0	0	0	0	0	0	0	0	0	0	0	0	0	
660.795833	8	3	3	0	1	2	2	3628	676	32	39646	7	3	87	0	0	0	0	0	0	0	0	0	0	0	0	0	0	
661.212000	8	3	3	0	1	2	2	3802	675	32	39671	7	3	87	0	0	0	0	0	0	0	0	0	0	0	0	0	0	
662.217117	8	3	3	0	1	2	2	3797	675	32	39731	7	3	87	0	0	0	0	0	0	0	0	0	0	0	0	0	0	
663.222233	8	3	3	0	1	2	2	3827	674	32	39791	7	3	87	0	0	0	0	0	0	0	0	0	0	0	0	0	0	
664.228800	8	3	3	0	1	2	2	3852	673	32	39852	7	3	87	0	0	0	0	0	0	0	0	0	0	0	0	0	0	
665.225283	8	3	3	0	1	2	2	3866	675	32	39911	7	3	87	0	0	0	0	0	0	0	0	0	0	0	0	0	0	
666.227517	8	3	3	0	1	2	2	3874	675	32	39972	7	3	87	0	0	0	0	0	0	0	0	0	0	0	0	0	0	
667.222567	8	3	3	0	1	2	2	3885	675	32	40031	7	3	87	0	0	0	0	0	0	0	0	0	0	0	0	0	0	
668.219033	8	3	3	0	1	2	2	3893	674	32	40091	7	3	87	0	0	0	0	0	0	0	0	0	0	0	0	0	0	
669.214083	8	3	3	0	1	2	2	3900	675	32	40151	7	3	87	0	0	0	0	0	0	0	0	0	0	0	0	0	0	
670.229283	8	3	3	0	1	2	2	3906	675	32	40212	7	3	87	0	0	0	0	0	0	0	0	0	0	0	0	0	0	
671.224317	8	3	3	0	1	2	2	3912	674	32	40271	7	3	87	0	0	0	0	0	0	0	0	0	0	0	0	0	0	
672.220800	8	3	3	0	1	2	2	3920	675	32	40331	7	3	87	0	0	0	0	0	0	0	0	0	0	0	0	0	0	
673.215833	8	3	3	0	1	2	2	3926	675	32	40391	7	3	87	0	0	0	0	0	0	0	0	0	0	0	0	0	0	
674.228167	8	3	3	0	1	2	2	3933	675	32	40452	7	3	87	0	0	0	0	0	0	0	0	0	0	0	0	0	0	
675.213117	8	3	3	0	1	2	2	3940	674	32	40511	7	3	87	0	0	0	0	0	0	0	0	0	0	0	0	0	0	
676.231200	8	3	3	0	1	2	2	3947	675	32	40572	7	3	87	0	0	0	0	0	0	0	0	0	0	0	0	0	0	
677.226233	8	3	3	0	1	2	2	3954	675	32	40631	7	3	87	0	0	0	0	0	0	0	0	0	0	0	0	0	0	
678.219833	8	3	3	0	1	2	2	3960	674	32	40691	7	3	87	0	0	0	0	0	0	0	0	0	0	0	0	0	0	
679.222083	8	3	3	0	1	2	2	3966	674	32	40751	7	3	87	0	0	0	0	0	0	0	0	0	0	0	0	0	0	
680.222883	8	3	3	0	1	2	2	3972	675	32	40811	7	3	87	0	0	0	0	0	0	0	0	0	0	0	0	0	0	
681.219367	8	3	3	0	1	2	2	3978	674	32	40871	7	3	87	0	0	0	0	0	0	0	0	0	0	0	0	0	0	
682.214400	8	3	3	0	1	2	2	3982	675	32	40931	7	3	87	0	0	0	0	0	0	0	0	0	0	0	0	0	0	
683.229600	8	3	3	0	1	2	2	3987	675	32	40992	7	3	87	0	0	0	0	0	0	0	0	0	0	0	0	0	0	
684.224633	8	3	3	0	1	2	2	3991	675	32	41051	7	3	87	0	0	0	0	0	0	0	0	0	0	0	0	0	0	
685.225433	8	3	3	0	1	2	2	3994	675	32	41111	7	3	87	0	0	0	0	0	0	0	0	0	0	0	0	0	0	
686.221917	8	3	3	0	1	2	2	3997	675	32	41171	7	3	87	0	0	0	0	0	0	0	0	0	0	0	0	0	0	
687.218400	8	3	3	0	1	2	2	4000	674	32	41231	7	3	87	0	0	0	0	0	0	0	0	0	0	0	0	0	0	
688.216317	8	3	3	0	1	2	2	4003	674	32	41291	7	3	87	0	0	0	0	0	0	0	0	0	0	0	0	0	0	
689.225767	8	3	3	0	1	2	2	4006	673	32	41351	7	3	87	0	0	0	0	0	0	0	0	0	0	0	0	0	0	
690.213600	8	3	3	0	1	2	2	4009	674	32	41411	7	3	87	0	0	0	0	0	0	0	0	0	0	0	0	0	0	
691.231683	8	3	3	0	1	2	2	4011	674	32	41472	7	3	87	0	0	0	0	0	0	0	0	0	0	0	0	0	0	
692.228167	8	3	3	0	1	2	2	4014	675	32	41531	7	3	87	0	0	0	0	0	0	0	0	0	0	0	0	0	0	
693.220317	8	3	3	0	1	2	2	4017	675	32	41591	7	3	87	0	0	0	0	0	0	0	0	0	0	0	0	0	0	
694.222567	8	3	3	0	1	2	2	4019	675	32	41651	7	3	87	0	0	0	0	0	0	0	0	0	0	0	0	0	0	
695.221917	8	3	3	0	1	2	2	4022	675	32	41711	7	3	87	0	0	0	0	0	0	0	0	0	0	0	0	0	0	
696.215517	8	3	3	0	1	2	2	4025	673	32	41771	7	3	87	0	0	0	0	0	0	0	0	0	0	0	0	0	0	
697.219200	8	3	3	0	1	2	2	4028	675	32	41831	7	3	87	0	0	0	0	0	0	0	0	0	0	0	0	0	0	
698.214233	8	3	3	0	1	2	2	4031	674	32	41891	7	3	87	0	0	0	0	0	0	0	0	0	0	0	0	0	0	
699.226567	8	3	3	0	1	2	2	4034	674	32	41951	7	3	87	0	0	0	0	0	0	0	0	0	0	0	0	0	0	
700.228800	8	3	3	0	1	2	2	4037	674	32	42011	7	3	87	0	0	0	0	0	0	0	0	0	0	0	0	0	0	
701.223833	8	3	3	0	1	2	2	4041	674	32	42071	7	3	87	0	0	0	0	0	0	0	0	0	0	0	0	0	0	
702.220317	8	3	3	0	1	2	2	4044	674	32	42131	7	3	87	0	0	0	0	0	0	0	0	0	0	0	0	0	0	
703.218233	8	3	3	0	1	2	2	4047	675	32	42191	7	3	87	0	0	0	0	0	0	0	0	0	0	0	0	0	0	
704.214717	8	3	3	0	1	2	2	4052	677	32	42251	7	3	87	0	0	0	0	0	0	0	0	0	0	0	0	0	0	
705.231367	8	3	3	0	1	2	2	4054	675	32	42312	7	3	87	0	0	0	0	0	0	0	0	0	0	0	0	0	0	
706.216317	8	3	3	0	1	2	2	4058	675	32	42371	7	3	87	0	0	0	0	0	0	0	0	0	0	0	0	0	0	
707.230083	8	3	3	0	1	2	2	4061	675	32	42432	7	3	87	0	0	0	0	0	0	0	0	0	0	0	0	0	0	
708.217917	8	3	3	0	1	2	2	4065	674	32	42491	7	3	87	0	0	0	0	0	0	0	0	0	0	0	0	0	0	
709.231683	8	3	3	0	1	2	2	4068	673	32	42552	7	3	87	0	0	0	0	0	0	0	0	0	0	0	0	0	0	
710.231033	8	3	3	0	1	2	2	4072	674	32	42612	7	3	87	0	0	0	0	0	0	0	0	0	0	0	0	0	0	
711.217433	8	3	3	0	1	2	2	4076	674	32	42671	7	3	87	0	0	0	0	0	0	0	0	0	0	0	0	0	0	
712.221117	8	3	3	0	1	2	2	4080	675	32	42731	7	3	87	0	0	0	0	0	0	0	0	0	0	0	0	0	0	
713.217600	8	3	3	0	1	2	2	4083	674	32	42791	7	3	87	0	0	0	0	0	0	0	0	0	0	0	0	0	0	
714.232800	8	3	3	0	1	2	2	4087	673	32	42852	7	3	87	0	0	0	0	0	0	0	0	0	0	0	0	0	0	
715.230717	8	3	3	0	1	2	2	4092	674	32	42912	7	3	87	0	0	0	0	0	0	0	0	0	0	0	0	0	0	
716.225767	8	3	3	0	1	2	2	4096	675	32	42971	7	3	87	0	0	0	0	0	0	0	0	0	0	0	0	0	0	
717.220800	8	3	3	0	1	2	2	4100	675	32	43031	7	3	87	0	0	0	0	0	0	0	0	0	0	0	0	0	0	
718.221600	8	3	3	0	1	2	2	4105	675	32	43091	7	3	87	0	0	0	0	0	0	0	0	0	0	0	0	0	0	
719.222400	8	3	3	0	1	2	2	4109	675	32	43151	7	3	87	0	0	0	0	0	0	0	0	0	0	0	0	0	0	
720.217433	8	3	3	0	1	2	2	4113	674	32	43211	7	3	87	0	0	0	0	0	0	0	0	0	0	0	0	0	0	
721.232633	8	3	3	0	1	2	2	4116	669	32	43272	7	3	87	0	0	0	0	0	0	0	0	0	0	0	0	0	0	
722.223367	8	3	3	0	1	2	2	4119	664	32	43331	7	3	87	0	0	0	0	0	0	0	0	0	0	0	0	0	0	
723.227033	8	3	3	0	1	2	2	4124	665	32	43391	7	3	87	0	0	0	0	0	0	0	0	0	0	0	0	0	0	
724.222083	8	3	3	0	1	2	2	4128	663	32	43451	7	3	87	0	0	0	0	0	0	0	0	0	0	0	0	0	0	
725.220000	8	3	3	0	1	2	2	4133	662	32	43511	7	3	87	0	0	0	0	0	0	0	0	0	0	0	0	0	0	
726.217917	8	3	3	0	1	2	2	4137	663	32	43571	7	3	87	0	0	0	0	0	0	0	0	0	0	0	0	0	0	
727.231683	8	3	3	0	1	2	2	4142	662	32	43632	7	3	87	0	0	0	0	0	0	0	0	0	0	0	0	0	0	
728.231033	8	3	3	0	1	2	2	4147	661	32	43691	7	3	87	0	0	0	0	0	0	0	0	0	0	0	0	0	0	
729.231833	8	3	3	0	1	2	2	4152	658	32	43752	7	3	87	0	0	0	0	0	0	0	0	0	0	0	0	0	0	
730.228317	8	3	3	0	1	2	2	4156	658	32	43811	7	3	87	0	0	0	0	0	0	0	0	0	0	0	0	0	0	
731.229117	8	3	3	0	1	2	2	4161	656	32	43871	7	3	87	0	0	0	0	0	0	0	0	0	0	0	0	0	0	
732.225600	8	3	3	0	1	2	2	4166	655	32	43931	7	3	87	0	0	0	0	0	0	0	0	0	0	0	0	0	0	
733.232167	8	3	3	0	1	2	2	4172	656	32	43991	7	3	87	0	0	0	0	0	0	0	0	0	0	0	0	0	0	
734.231517	8	3	3	0	1	2	2	4177	656	32	44051	7	3	87	0	0	0	0	0	0	0	0	0	0	0	0	0	0	
735.217917	8	3	3	0	1	2	2	4183	655	32	44111	7	3	87	0	0	0	0	0	0	0	0	0	0	0	0	0	0	
736.221600	8	3	3	0	1	2	2	4188	653	32	44171	7	3	87	0	0	0	0	0	0	0	0	0	0	0	0	0	0	
737.219517	8	3	3	0	1	2	2	4194	653	32	44231	7	3	87	0	0	0	0	0	0	0	0	0	0	0	0	0	0	
738.231833	8	3	3	0	1	2	2	4198	648	32	44291	7	3	87	0	0	0	0	0	0	0	0	0	0	0	0	0	0	
739.234083	8	3	3	0	1	2	2	4198	630	32	44352	7	3	87	0	0	0	0	0	0	0	0	0	0	0	0	0	0	
740.232000	8	3	3	0	1	2	2	4199	613	32	44411	7	3	87	0	0	0	0	0	0	0	0	0	0	0	0	0	0	
741.227033	8	3	3	0	1	2	2	4198	595	32	44471	7	3	87	0	0	0	0	0	0	0	0	0	0	0	0	0	0	
742.219200	8	3	3	0	1	2	2	4199	578	32	44531	7	3	87	0	0	0	0	0	0	0	0	0	0	0	0	0	0	
743.224317	8	3	3	0	1	2	2	4199	561	32	44591	7	3	87	0	0	0	0	0	0	0	0	0	0	0	0	0	0	
744.232317	8	3	3	0	1	2	2	4198	546	32	44651	7	3	87	0	0	0	0	0	0	0	0	0	0	0	0	0	0	
745.227367	8	3	3	0	1	2	2	4198	529	32	44711	7	3	87	0	0	0	0	0	0	0	0	0	0	0	0	0	0	
746.226717	8	3	3	0	1	2	2	4199	515	32	44771	7	3	87	0	0	0	0	0	0	0	0	0	0	0	0	0	0	
747.231833	8	3	3	0	1	2	2	4199	498	32	44831	7	3	87	0	0	0	0	0	0	0	0	0	0	0	0	0	0	
748.235517	8	3	3	0	1	2	2	4198	483	32	44892	7	3	87	0	0	0	0	0	0	0	0	0	0	0	0	0	0	
749.227683	8	3	3	0	1	2	2	4199	468	32	44951	7	3	87	0	0	0	0	0	0	0	0	0	0	0	0	0	0	
750.229917	8	3	3	0	1	2	2	4199	454	32	45011	7	3	87	0	0	0	0	0	0	0	0	0	0	0	0	0	0	
751.226400	8	3	3	0	1	2	2	4198	439	32	45071	7	3	87	0	0	0	0	0	0	0	0	0	0	0	0	0	0	
752.221433	8	3	3	0	1	2	2	4198	426	32	45131	7	3	87	0	0	0	0	0	0	0	0	0	0	0	0	0	0	
753.236633	8	3	3	0	1	2	2	4199	412	32	45192	7	3	87	0	0	0	0	0	0	0	0	0	0	0	0	0	0	
754.230233	8	3	3	0	1	2	2	4199	400	32	45251	7	3	87	0	0	0	0	0	0	0	0	0	0	0	0	0	0	
755.226717	8	3	3	0	1	2	2	4199	388	32	45311	7	3	87	0	0	0	0	0	0	0	0	0	0	0	0	0	0	
756.233283	8	3	3	0	1	2	2	4199	376	32	45371	7	3	87	0	0	0	0	0	0	0	0	0	0	0	0	0	0	
757.228317	8	3	3	0	1	2	2	4198	365	32	45431	7	3	87	0	0	0	0	0	0	0	0	0	0	0	0	0	0	
758.226233	8	3	3	0	1	2	2	4199	353	32	45491	7	3	87	0	0	0	0	0	0	0	0	0	0	0	0	0	0	
759.227033	8	3	3	0	1	2	2	4198	343	32	45551	7	3	87	0	0	0	0	0	0	0	0	0	0	0	0	0	0	
760.222083	8	3	3	0	1	2	2	4198	332	32	45611	7	3	87	0	0	0	0	0	0	0	0	0	0	0	0	0	0	
761.234400	8	3	3	0	1	2	2	4199	322	32	45672	7	3	87	0	0	0	0	0	0	0	0	0	0	0	0	0	0	
762.219367	8	3	3	0	1	2	2	4198	311	32	45731	7	3	87	0	0	0	0	0	0	0	0	0	0	0	0	0	0	
763.234567	8	3	3	0	1	2	2	4199	302	32	45792	7	3	87	0	0	0	0	0	0	0	0	0	0	0	0	0	0	
764.229600	8	3	3	0	1	2	2	4198	292	32	45851	7	3	87	0	0	0	0	0	0	0	0	0	0	0	0	0	0	
765.228967	8	3	3	0	1	2	2	4199	284	32	45911	7	3	87	0	0	0	0	0	0	0	0	0	0	0	0	0	0	
766.225433	8	3	3	0	1	2	2	4198	275	32	45971	7	3	87	0	0	0	0	0	0	0	0	0	0	0	0	0	0	
767.221917	8	3	3	0	1	2	2	4198	266	32	46031	7	3	87	0	0	0	0	0	0	0	0	0	0	0	0	0	0	
768.219833	8	3	3	0	1	2	2	4198	259	32	46091	7	3	87	0	0	0	0	0	0	0	0	0	0	0	0	0	0	
769.235033	8	3	3	0	1	2	2	4199	251	32	46152	7	3	87	0	0	0	0	0	0	0	0	0	0	0	0	0	0	
770.231517	8	3	3	0	1	2	2	4198	243	32	46211	7	3	87	0	0	0	0	0	0	0	0	0	0	0	0	0	0	
771.226567	8	3	3	0	1	2	2	4198	236	32	46271	7	3	87	0	0	0	0	0	0	0	0	0	0	0	0	0	0	
772.223033	8	3	3	0	1	2	2	4199	229	32	46331	7	3	87	0	0	0	0	0	0	0	0	0	0	0	0	0	0	
773.236800	8	3	3	0	1	2	2	4198	221	32	46392	7	3	87	0	0	0	0	0	0	0	0	0	0	0	0	0	0	
774.236167	8	3	3	0	1	2	2	4198	215	32	46452	7	3	87	0	0	0	0	0	0	0	0	0	0	0	0	0	0	
775.238400	8	3	3	0	1	2	2	4199	208	32	46512	7	3	87	0	0	0	0	0	0	0	0	0	0	0	0	0	0	
776.223367	8	3	3	0	1	2	2	4199	202	32	46571	7	3	87	0	0	0	0	0	0	0	0	0	0	0	0	0	0	
777.237117	8	3	3	0	1	2	2	4199	195	32	46632	7	3	87	0	0	0	0	0	0	0	0	0	0	0	0	0	0	
778.220633	8	3	3	0	1	2	2	4199	190	32	46691	7	3	87	0	0	0	0	0	0	0	0	0	0	0	0	0	0	
779.225767	8	3	3	0	1	2	2	4199	184	32	46751	7	3	87	0	0	0	0	0	0	0	0	0	0	0	0	0	0	
780.230883	8	3	3	0	1	2	2	4199	178	32	46811	7	3	87	0	0	0	0	0	0	0	0	0	0	0	0	0	0	
781.227367	8	3	3	0	1	2	2	4199	172	32	46871	7	3	87	0	0	0	0	0	0	0	0	0	0	0	0	0	0	
782.231033	8	3	3	0	1	2	2	4199	166	32	46931	7	3	87	0	0	0	0	0	0	0	0	0	0	0	0	0	0	
783.221767	8	3	3	0	1	2	2	4198	161	32	46991	7	3	87	0	0	0	0	0	0	0	0	0	0	0	0	0	0	
784.225433	8	3	3	0	1	2	2	4198	157	32	47051	7	3	87	0	0	0	0	0	0	0	0	0	0	0	0	0	0	
785.226233	8	3	3	0	1	2	2	4199	152	32	47111	7	3	87	0	0	0	0	0	0	0	0	0	0	0	0	0	0	
786.231367	8	3	3	0	1	2	2	4199	148	32	47171	7	3	87	0	0	0	0	0	0	0	0	0	0	0	0	0	0	
787.235033	8	3	3	0	1	2	2	4198	144	32	47231	7	3	87	0	0	0	0	0	0	0	0	0	0	0	0	0	0	
788.230083	8	3	3	0	1	2	2	4198	139	32	47291	7	3	87	0	0	0	0	0	0	0	0	0	0	0	0	0	0	
789.226567	8	3	3	0	1	2	2	4199	134	32	47351	7	3	87	0	0	0	0	0	0	0	0	0	0	0	0	0	0	
790.224483	8	3	3	0	1	2	2	4199	131	32	47411	7	3	87	0	0	0	0	0	0	0	0	0	0	0	0	0	0	
791.229600	8	3	3	0	1	2	2	4199	126	32	47471	7	3	87	0	0	0	0	0	0	0	0	0	0	0	0	0	0	
792.233283	8	3	3	0	1	2	2	4198	122	32	47531	7	3	87	0	0	0	0	0	0	0	0	0	0	0	0	0	0	
793.229767	8	3	3	0	1	2	2	4199	119	32	47591	7	3	87	0	0	0	0	0	0	0	0	0	0	0	0	0	0	
794.224800	8	3	3	0	1	2	2	4198	114	32	47651	7	3	87	0	0	0	0	0	0	0	0	0	0	0	0	0	0	
795.240000	8	3	3	0	1	2	2	4198	112	32	47712	7	3	87	0	0	0	0	0	0	0	0	0	0	0	0	0	0	
796.236483	8	3	3	0	1	2	2	4199	108	32	47771	7	3	87	0	0	0	0	0	0	0	0	0	0	0	0	0	0	
797.231517	8	3	3	0	1	2	2	4198	104	32	47831	7	3	87	0	0	0	0	0	0	0	0	0	0	0	0	0	0	
798.230883	8	3	3	0	1	2	2	4199	102	32	47891	7	3	87	0	0	0	0	0	0	0	0	0	0	0	0	0	0	
799.231683	8	3	3	0	1	2	2	4198	98	32	47951	7	3	87	0	0	0	0	0	0	0	0	0	0	0	0	0	0	
800.229600	8	3	3	0	1	2	2	4198	95	32	48011	7	3	87	0	0	0	0	0	0	0	0	0	0	0	0	0	0	
801.226083	8	3	3	0	1	2	2	4198	92	32	48071	7	3	87	0	0	0	0	0	0	0	0	0	0	0	0	0	0	
802.239833	8	3	3	0	1	2	2	4198	90	32	48132	7	3	87	0	0	0	0	0	0	0	0	0	0	0	0	0	0	
803.234883	8	3	3	0	1	2	2	4199	88	32	48191	7	3	87	0	0	0	0	0	0	0	0	0	0	0	0	0	0	
804.237117	8	3	3	0	1	2	2	4199	84	32	48251	7	3	87	0	0	0	0	0	0	0	0	0	0	0	0	0	0	
805.232167	8	3	3	0	1	2	2	4199	82	32	48311	7	3	87	0	0	0	0	0	0	0	0	0	0	0	0	0	0	
806.227200	8	3	3	0	1	2	2	4198	80	32	48371	7	3	87	0	0	0	0	0	0	0	0	0	0	0	0	0	0	
807.230883	8	3	3	0	1	2	2	4199	76	32	48431	7	3	87	0	0	0	0	0	0	0	0	0	0	0	0	0	0	
808.225917	8	3	3	0	1	2	2	4198	75	32	48491	7	3	87	0	0	0	0	0	0	0	0	0	0	0	0	0	0	
809.241117	8	3	3	0	1	2	2	4199	72	32	48552	7	3	87	0	0	0	0	0	0	0	0	0	0	0	0	0	0	
810.237600	8	3	3	0	1	2	2	4198	69	32	48611	7	3	87	0	0	0	0	0	0	0	0	0	0	0	0	0	0	
811.222567	8	3	3	0	1	2	2	4199	68	32	48671	7	3	87	0	0	0	0	0	0	0	0	0	0	0	0	0	0	
811.663200	8	6	3	0	2	7	1	3822	-1198	32	48697	7	4	0	0	0	0	0	0	0	0	0	0	0	0	0	0	0	
812.230567	8	6	3	0	2	7	1	3739	-1348	32	48731	7	4	0	0	0	0	0	0	0	0	0	0	0	0	0	0	0	
813.232800	8	6	3	0	2	7	1	3729	-1350	32	48791	7	4	2	0	0	0	0	0	0	0	0	0	0	0	0	0	0	
814.229283	8	6	3	0	2	7	1	3728	-1349	32	48851	7	4	4	0	0	0	0	0	0	0	0	0	0	0	0	0	0	
815.225767	8	6	3	0	2	7	1	3715	-1350	32	48911	7	4	5	0	0	0	0	0	0	0	0	0	0	0	0	0	0	
816.239517	8	6	3	0	2	7	1	3697	-1350	32	48972	7	4	7	0	0	0	0	0	0	0	0	0	0	0	0	0	0	
817.236000	8	6	3	0	2	7	1	3679	-1350	32	49031	7	4	9	0	0	0	0	0	0	0	0	0	0	0	0	0	0	
818.231033	8	6	3	0	2	7	1	3661	-1351	32	49091	7	4	10	0	0	0	0	0	0	0	0	0	0	0	0	0	0	
819.227517	8	6	3	0	2	7	1	3645	-1349	32	49151	7	4	12	0	0	0	0	0	0	0	0	0	0	0	0	0	0	
820.242717	8	6	3	0	2	7	1	3628	-1350	32	49212	7	4	14	0	0	0	0	0	0	0	0	0	0	0	0	0	0	
821.237767	8	6	3	0	2	7	1	3617	-1349	32	49271	7	4	15	0	0	0	0	0	0	0	0	0	0	0	0	0	0	
822.234233	8	6	3	0	2	7	1	3603	-1350	32	49331	7	4	17	0	0	0	0	0	0	0	0	0	0	0	0	0	0	
823.229283	8	6	3	0	2	7	1	3590	-1351	32	49391	7	4	19	0	0	0	0	0	0	0	0	0	0	0	0	0	0	
824.241600	8	6	3	0	2	7	1	3577	-1349	32	49452	7	4	20	0	0	0	0	0	0	0	0	0	0	0	0	0	0	
825.232317	8	6	3	0	2	7	1	3564	-1350	32	49511	7	4	22	0	0	0	0	0	0	0	0	0	0	0	0	0	0	
826.233117	8	6	3	0	2	7	1	3552	-1348	32	49571	7	4	24	0	0	0	0	0	0	0	0	0	0	0	0	0	0	
827.229600	8	6	3	0	2	7	1	3540	-1352	32	49631	7	4	25	0	0	0	0	0	0	0	0	0	0	0	0	0	0	
828.226083	8	6	3	0	2	7	1	3528	-1351	32	49691	7	4	27	0	0	0	0	0	0	0	0	0	0	0	0	0	0	
829.239833	8	6	3	0	2	7	1	3516	-1350	32	49752	7	4	29	0	0	0	0	0	0	0	0	0	0	0	0	0	0	
830.236317	8	6	3	0	2	7	1	3505	-1350	32	49811	7	4	30	0	0	0	0	0	0	0	0	0	0	0	0	0	0	
831.231367	8	6	3	0	2	7	1	3494	-1349	32	49871	7	4	32	0	0	0	0	0	0	0	0	0	0	0	0	0	0	
832.227833	8	6	3	0	2	7	1	3483	-1350	32	49931	7	4	34	0	0	0	0	0	0	0	0	0	0	0	0	0	0	
833.243033	8	6	3	0	2	7	1	3472	-1349	32	49992	7	4	35	0	0	0	0	0	0	0	0	0	0	0	0	0	0	
834.238083	8	6	3	0	2	7	1	3462	-1350	32	50051	7	4	37	0	0	0	0	0	0	0	0	0	0	0	0	0	0	
835.234567	8	6	3	0	2	7	1	3452	-1348	32	50111	7	4	39	0	0	0	0	0	0	0	0	0	0	0	0	0	0	
836.229600	8	6	3	0	2	7	1	3443	-1350	32	50171	7	4	40	0	0	0	0	0	0	0	0	0	0	0	0	0	0	
837.226083	8	6	3	0	2	7	1	3434	-1350	32	50231	7	4	42	0	0	0	0	0	0	0	0	0	0	0	0	0	0	
838.231200	8	6	3	0	2	7	1	3424	-1351	32	50291	7	4	44	0	0	0	0	0	0	0	0	0	0	0	0	0	0	
839.236317	8	6	3	0	2	7	1	3416	-1350	32	50351	7	4	45	0	0	0	0	0	0	0	0	0	0	0	0	0	0	
840.241433	8	6	3	0	2	7	1	3408	-1348	32	50412	7	4	47	0	0	0	0	0	0	0	0	0	0	0	0	0	0	
841.229283	8	6	3	0	2	7	1	3400	-1350	32	50471	7	4	49	0	0	0	0	0	0	0	0	0	0	0	0	0	0	
842.234400	8	6	3	0	2	7	1	3392	-1351	32	50531	7	4	50	0	0	0	0	0	0	0	0	0	0	0	0	0	0	
843.239517	8	6	3	0	2	7	1	3385	-1350	32	50591	7	4	52	0	0	0	0	0	0	0	0	0	0	0	0	0	0	
844.225917	8	6	3	0	2	7	1	3378	-1351	32	50651	7	4	53	0	0	0	0	0	0	0	0	0	0	0	0	0	0	
845.231033	8	6	3	0	2	7	1	3371	-1348	32	50711	7	4	55	0	0	0	0	0	0	0	0	0	0	0	0	0	0	
846.236167	8	6	3	0	2	7	1	3364	-1350	32	50771	7	4	57	0	0	0	0	0	0	0	0	0	0	0	0	0	0	
847.242717	8	6	3	0	2	7	1	3358	-1351	32	50832	7	4	58	0	0	0	0	0	0	0	0	0	0	0	0	0	0	
848.232000	8	6	3	0	2	7	1	3352	-1349	32	50891	7	4	60	0	0	0	0	0	0	0	0	0	0	0	0	0	0	
849.231367	8	6	3	0	2	7	1	3345	-1349	32	50951	7	4	62	0	0	0	0	0	0	0	0	0	0	0	0	0	0	
850.227833	8	6	3	0	2	7	1	3339	-1349	32	51011	7	4	63	0	0	0	0	0	0	0	0	0	0	0	0	0	0	
851.241600	8	6	3	0	2	7	1	3332	-1349	32	51072	7	4	65	0	0	0	0	0	0	0	0	0	0	0	0	0	0	
852.238083	8	6	3	0	2	7	1	3326	-1349	32	51131	7	4	67	0	0	0	0	0	0	0	0	0	0	0	0	0	0	
853.233117	8	6	3	0	2	7	1	3319	-1350	32	51191	7	4	68	0	0	0	0	0	0	0	0	0	0	0	0	0	0	
854.229600	8	6	3	0	2	7	1	3312	-1349	32	51251	7	4	70	0	0	0	0	0	0	0	0	0	0	0	0	0	0	
855.244800	8	6	3	0	2	7	1	3304	-1349	32	51312	7	4	72	0	0	0	0	0	0	0	0	0	0	0	0	0	0	
856.239833	8	6	3	0	2	7	1	3296	-1349	32	51371	7	4	73	0	0	0	0	0	0	0	0	0	0	0	0	0	0	
857.236317	8	6	3	0	2	7	1	3287	-1349	32	51431	7	4	75	0	0	0	0	0	0	0	0	0	0	0	0	0	0	
858.231367	8	6	3	0	2	7	1	3276	-1349	32	51491	7	4	77	0	0	0	0	0	0	0	0	0	0	0	0	0	0	
859.227833	8	6	3	0	2	7	1	3264	-1350	32	51551	7	4	78	0	0	0	0	0	0	0	0	0	0	0	0	0	0	
860.241600	8	6	3	0	2	7	1	3247	-1349	32	51612	7	4	80	0	0	0	0	0	0	0	0	0	0	0	0	0	0	
861.232317	8	6	3	0	2	7	1	3227	-1350	32	51671	7	4	82	0	0	0	0	0	0	0	0	0	0	0	0	0	0	
862.237433	8	6	3	0	2	7	1	3201	-1348	32	51731	7	4	83	0	0	0	0	0	0	0	0	0	0	0	0	0	0	
863.242567	8	6	3	0	2	7	1	3166	-1350	32	51792	7	4	85	0	0	0	0	0	0	0	0	0	0	0	0	0	0	
864.228967	8	6	3	0	2	7	1	3114	-1349	32	51851	7	4	87	0	0	0	0	0	0	0	0	0	0	0	0	0	0	
865.234083	8	6	3	0	2	7	1	3020	-1350	32	51911	7	4	88	0	0	0	0	0	0	0	0	0	0	0	0	0	0	
866.240633	8	6	3	0	2	7	1	2813	-1350	32	51971	7	4	90	0	0	0	0	0	0	0	0	0	0	0	0	0	0	
866.548800	8	15	3	0	1	31	2	3152	428	32	51990	9	4	90	0	0	0	0	0	0	0	0	0	0	0	0	0	0	
866.568967	8	3	3	0	1	2	2	3253	677	32	51991	9	4	90	0	0	0	0	0	0	0	0	0	0	0	0	0	0	
867.234233	8	3	3	0	1	2	2	3498	674	32	52031	9	4	90	0	0	0	0	0	0	0	0	0	0	0	0	0	0	
868.239367	8	3	3	0	1	2	2	3631	676	32	52091	9	4	90	0	0	0	0	0	0	0	0	0	0	0	0	0	0	
869.245917	8	3	3	0	1	2	2	3711	674	32	52152	9	4	90	0	0	0	0	0	0	0	0	0	0	0	0	0	0	
870.232317	8	3	3	0	1	2	2	3769	674	32	52211	9	4	90	0	0	0	0	0	0	0	0	0	0	0	0	0	0	
871.234567	8	3	3	0	1	2	2	3814	674	32	52271	9	4	90	0	0	0	0	0	0	0	0	0	0	0	0	0	0	
872.235367	8	3	3	0	1	2	2	3850	675	32	52331	9	4	90	0	0	0	0	0	0	0	0	0	0	0	0	0	0	
873.241917	8	3	3	0	1	2	2	3873	675	32	52391	9	4	90	0	0	0	0	0	0	0	0	0	0	0	0	0	0	
874.247033	8	3	3	0	1	2	2	3882	674	32	52452	9	4	90	0	0	0	0	0	0	0	0	0	0	0	0	0	0	
875.244967	8	3	3	0	1	2	2	3889	674	32	52512	9	4	90	0	0	0	0	0	0	0	0	0	0	0	0	0	0	
876.241433	8	3	3	0	1	2	2	3895	674	32	52571	9	4	90	0	0	0	0	0	0	0	0	0	0	0	0	0	0	
877.237917	8	3	3	0	1	2	2	3900	674	32	52631	9	4	90	0	0	0	0	0	0	0	0	0	0	0	0	0	0	
878.232967	8	3	3	0	1	2	2	3905	675	32	52691	9	4	90	0	0	0	0	0	0	0	0	0	0	0	0	0	0	
879.243833	8	3	3	0	1	2	2	3910	675	32	52752	9	4	90	0	0	0	0	0	0	0	0	0	0	0	0	0	0	
880.246083	8	3	3	0	1	2	2	3915	673	32	52812	9	4	90	0	0	0	0	0	0	0	0	0	0	0	0	0	0	
881.244000	8	3	3	0	1	2	2	3920	675	32	52871	9	4	90	0	0	0	0	0	0	0	0	0	0	0	0	0	0	
882.241917	8	3	3	0	1	2	2	3926	676	32	52931	9	4	90	0	0	0	0	0	0	0	0	0	0	0	0	0	0	
883.236967	8	3	3	0	1	2	2	3932	675	32	52991	9	4	90	0	0	0	0	0	0	0	0	0	0	0	0	0	0	
884.233433	8	3	3	0	1	2	2	3937	675	32	53051	9	4	90	0	0	0	0	0	0	0	0	0	0	0	0	0	0	
885.247200	8	3	3	0	1	2	2	3943	674	32	53112	9	4	90	0	0	0	0	0	0	0	0	0	0	0	0	0	0	
886.243683	8	3	3	0	1	2	2	3948	673	32	53171	9	4	90	0	0	0	0	0	0	0	0	0	0	0	0	0	0	
887.238717	8	3	3	0	1	2	2	3955	674	32	53231	9	4	90	0	0	0	0	0	0	0	0	0	0	0	0	0	0	
888.230883	8	3	3	0	1	2	2	3960	675	32	53291	9	4	90	0	0	0	0	0	0	0	0	0	0	0	0	0	0	
889.233117	8	3	3	0	1	2	2	3966	675	32	53351	9	4	90	0	0	0	0	0	0	0	0	0	0	0	0	0	0	
890.229600	8	3	3	0	1	2	2	3971	675	32	53411	9	4	90	0	0	0	0	0	0	0	0	0	0	0	0	0	0	
891.244800	8	3	3	0	1	2	2	3976	674	32	53471	9	4	90	0	0	0	0	0	0	0	0	0	0	0	0	0	0	
892.238400	8	3	3	0	1	2	2	3980	674	32	53531	9	4	90	0	0	0	0	0	0	0	0	0	0	0	0	0	0	
893.239200	8	3	3	0	1	2	2	3984	674	32	53591	9	4	90	0	0	0	0	0	0	0	0	0	0	0	0	0	0	
894.235683	8	3	3	0	1	2	2	3987	673	32	53651	9	4	90	0	0	0	0	0	0	0	0	0	0	0	0	0	0	
895.230717	8	3	3	0	1	2	2	3991	675	32	53711	9	4	90	0	0	0	0	0	0	0	0	0	0	0	0	0	0	
896.248800	8	3	3	0	1	2	2	3994	675	32	53772	9	4	90	0	0	0	0	0	0	0	0	0	0	0	0	0	0	
897.235200	8	3	3	0	1	2	2	3997	675	32	53831	9	4	90	0	0	0	0	0	0	0	0	0	0	0	0	0	0	
898.240317	8	3	3	0	1	2	2	4000	676	32	53891	9	4	90	0	0	0	0	0	0	0	0	0	0	0	0	0	0	
899.235367	8	3	3	0	1	2	2	4002	674	32	53951	9	4	90	0	0	0	0	0	0	0	0	0	0	0	0	0	0	
900.231833	8	3	3	0	1	2	2	4005	674	32	54011	9	4	90	0	0	0	0	0	0	0	0	0	0	0	0	0	0	
901.232633	8	3	3	0	1	2	2	4007	673	32	54071	9	4	90	0	0	0	0	0	0	0	0	0	0	0	0	0	0	
902.246400	8	3	3	0	1	2	2	4010	674	32	54132	9	4	90	0	0	0	0	0	0	0	0	0	0	0	0	0	0	
903.242883	8	3	3	0	1	2	2	4013	674	32	54191	9	4	90	0	0	0	0	0	0	0	0	0	0	0	0	0	0	
904.245117	8	3	3	0	1	2	2	4015	674	32	54251	9	4	90	0	0	0	0	0	0	0	0	0	0	0	0	0	0	
905.247367	8	3	3	0	1	2	2	4018	673	32	54312	9	4	90	0	0	0	0	0	0	0	0	0	0	0	0	0	0	
906.242400	8	3	3	0	1	2	2	4022	674	32	54371	9	4	90	0	0	0	0	0	0	0	0	0	0	0	0	0	0	
907.238883	8	3	3	0	1	2	2	4024	674	32	54431	9	4	90	0	0	0	0	0	0	0	0	0	0	0	0	0	0	
908.233917	8	3	3	0	1	2	2	4028	674	32	54491	9	4	90	0	0	0	0	0	0	0	0	0	0	0	0	0	0	
909.249117	8	3	3	0	1	2	2	4031	674	32	54552	9	4	90	0	0	0	0	0	0	0	0	0	0	0	0	0	0	
910.245600	8	3	3	0	1	2	2	4034	674	32	54611	9	4	90	0	0	0	0	0	0	0	0	0	0	0	0	0	0	
911.240633	8	3	3	0	1	2	2	4037	675	32	54671	9	4	90	0	0	0	0	0	0	0	0	0	0	0	0	0	0	
912.240000	8	3	3	0	1	2	2	4040	675	32	54731	9	4	90	0	0	0	0	0	0	0	0	0	0	0	0	0	0	
913.245117	8	3	3	0	1	2	2	4044	674	32	54791	9	4	90	0	0	0	0	0	0	0	0	0	0	0	0	0	0	
914.248800	8	3	3	0	1	2	2	4047	674	32	54852	9	4	90	0	0	0	0	0	0	0	0	0	0	0	0	0	0	
915.246717	8	3	3	0	1	2	2	4051	675	32	54912	9	4	90	0	0	0	0	0	0	0	0	0	0	0	0	0	0	
916.246083	8	3	3	0	1	2	2	4054	676	32	54972	9	4	90	0	0	0	0	0	0	0	0	0	0	0	0	0	0	
917.242567	8	3	3	0	1	2	2	4057	674	32	55031	9	4	90	0	0	0	0	0	0	0	0	0	0	0	0	0	0	
918.237600	8	3	3	0	1	2	2	4061	675	32	55091	9	4	90	0	0	0	0	0	0	0	0	0	0	0	0	0	0	
919.231200	8	3	3	0	1	2	2	4065	675	32	55151	9	4	90	0	0	0	0	0	0	0	0	0	0	0	0	0	0	
920.237767	8	3	3	0	1	2	2	4069	676	32	55211	9	4	90	0	0	0	0	0	0	0	0	0	0	0	0	0	0	
921.234233	8	3	3	0	1	2	2	4072	675	32	55271	9	4	90	0	0	0	0	0	0	0	0	0	0	0	0	0	0	
922.249433	8	3	3	0	1	2	2	4076	674	32	55332	9	4	90	0	0	0	0	0	0	0	0	0	0	0	0	0	0	
923.247367	8	3	3	0	1	2	2	4080	675	32	55392	9	4	90	0	0	0	0	0	0	0	0	0	0	0	0	0	0	
924.246717	8	3	3	0	1	2	2	4084	675	32	55451	9	4	90	0	0	0	0	0	0	0	0	0	0	0	0	0	0	
925.237433	8	3	3	0	1	2	2	4088	675	32	55511	9	4	90	0	0	0	0	0	0	0	0	0	0	0	0	0	0	
926.241117	8	3	3	0	1	2	2	4092	675	32	55571	9	4	90	0	0	0	0	0	0	0	0	0	0	0	0	0	0	
927.236167	8	3	3	0	1	2	2	4096	674	32	55631	9	4	90	0	0	0	0	0	0	0	0	0	0	0	0	0	0	
928.236967	8	3	3	0	1	2	2	4101	674	32	55691	9	4	90	0	0	0	0	0	0	0	0	0	0	0	0	0	0	
929.250717	8	3	3	0	1	2	2	4105	675	32	55752	9	4	90	0	0	0	0	0	0	0	0	0	0	0	0	0	0	
930.244317	8	3	3	0	1	2	2	4109	674	32	55811	9	4	90	0	0	0	0	0	0	0	0	0	0	0	0	0	0	
931.245117	8	3	3	0	1	2	2	4114	674	32	55871	9	4	90	0	0	0	0	0	0	0	0	0	0	0	0	0	0	
932.241600	8	3	3	0	1	2	2	4116	666	32	55931	9	4	90	0	0	0	0	0	0	0	0	0	0	0	0	0	0	
933.251033	8	3	3	0	1	2	2	4120	665	32	55992	9	4	90	0	0	0	0	0	0	0	0	0	0	0	0	0	0	
934.238883	8	3	3	0	1	2	2	4125	664	32	56051	9	4	90	0	0	0	0	0	0	0	0	0	0	0	0	0	0	
935.244000	8	3	3	0	1	2	2	4130	664	32	56111	9	4	90	0	0	0	0	0	0	0	0	0	0	0	0	0	0	
936.247683	8	3	3	0	1	2	2	4134	663	32	56171	9	4	90	0	0	0	0	0	0	0	0	0	0	0	0	0	0	
937.245600	8	3	3	0	1	2	2	4139	660	32	56231	9	4	90	0	0	0	0	0	0	0	0	0	0	0	0	0	0	
938.252167	8	3	3	0	1	2	2	4144	659	32	56292	9	4	90	0	0	0	0	0	0	0	0	0	0	0	0	0	0	
939.241433	8	3	3	0	1	2	2	4148	659	32	56351	9	4	90	0	0	0	0	0	0	0	0	0	0	0	0	0	0	
940.250883	8	3	3	0	1	2	2	4154	660	32	56412	9	4	90	0	0	0	0	0	0	0	0	0	0	0	0	0	0	
941.244483	8	3	3	0	1	2	2	4159	657	32	56471	9	4	90	0	0	0	0	0	0	0	0	0	0	0	0	0	0	
942.248167	8	3	3	0	1	2	2	4164	657	32	56531	9	4	90	0	0	0	0	0	0	0	0	0	0	0	0	0	0	
943.244633	8	3	3	0	1	2	2	4169	658	32	56591	9	4	90	0	0	0	0	0	0	0	0	0	0	0	0	0	0	
944.239683	8	3	3	0	1	2	2	4175	656	32	56651	9	4	90	0	0	0	0	0	0	0	0	0	0	0	0	0	0	
945.250567	8	3	3	0	1	2	2	4181	656	32	56712	9	4	90	0	0	0	0	0	0	0	0	0	0	0	0	0	0	
946.235517	8	3	3	0	1	2	2	4186	656	32	56771	9	4	90	0	0	0	0	0	0	0	0	0	0	0	0	0	0	
947.249283	8	3	3	0	1	2	2	4192	656	32	56832	9	4	90	0	0	0	0	0	0	0	0	0	0	0	0	0	0	
948.244317	8	3	3	0	1	2	2	4197	654	32	56891	9	4	90	0	0	0	0	0	0	0	0	0	0	0	0	0	0	
949.246567	8	3	3	0	1	2	2	4199	638	32	56951	9	4	90	0	0	0	0	0	0	0	0	0	0	0	0	0	0	
950.243033	8	3	3	0	1	2	2	4199	619	32	57011	9	4	90	0	0	0	0	0	0	0	0	0	0	0	0	0	0	
951.240967	8	3	3	0	1	2	2	4199	601	32	57071	9	4	90	0	0	0	0	0	0	0	0	0	0	0	0	0	0	
952.246083	8	3	3	0	1	2	2	4199	582	32	57131	9	4	90	0	0	0	0	0	0	0	0	0	0	0	0	0	0	
953.249767	8	3	3	0	1	2	2	4199	564	32	57192	9	4	90	0	0	0	0	0	0	0	0	0	0	0	0	0	0	
954.246233	8	3	3	0	1	2	2	4199	546	32	57251	9	4	90	0	0	0	0	0	0	0	0	0	0	0	0	0	0	
955.242717	8	3	3	0	1	2	2	4199	528	32	57311	9	4	90	0	0	0	0	0	0	0	0	0	0	0	0	0	0	
956.240633	8	3	3	0	1	2	2	4198	510	32	57371	9	4	90	0	0	0	0	0	0	0	0	0	0	0	0	0	0	
957.237117	8	3	3	0	1	2	2	4198	494	32	57431	9	4	90	0	0	0	0	0	0	0	0	0	0	0	0	0	0	
958.250883	8	3	3	0	1	2	2	4198	478	32	57492	9	4	90	0	0	0	0	0	0	0	0	0	0	0	0	0	0	
959.247367	8	3	3	0	1	2	2	4199	463	32	57551	9	4	90	0	0	0	0	0	0	0	0	0	0	0	0	0	0	
960.245283	8	3	3	0	1	2	2	4198	448	32	57611	9	4	90	0	0	0	0	0	0	0	0	0	0	0	0	0	0	
961.241767	8	3	3	0	1	2	2	4199	434	32	57671	9	4	90	0	0	0	0	0	0	0	0	0	0	0	0	0	0	
962.252633	8	3	3	0	1	2	2	4199	421	32	57732	9	4	90	0	0	0	0	0	0	0	0	0	0	0	0	0	0	
963.236167	8	3	3	0	1	2	2	4199	408	32	57791	9	4	90	0	0	0	0	0	0	0	0	0	0	0	0	0	0	
964.251367	8	3	3	0	1	2	2	4199	396	32	57852	9	4	90	0	0	0	0	0	0	0	0	0	0	0	0	0	0	
965.250717	8	3	3	0	1	2	2	4199	383	32	57912	9	4	90	0	0	0	0	0	0	0	0	0	0	0	0	0	0	
966.241433	8	3	3	0	1	2	2	4199	372	32	57971	9	4	90	0	0	0	0	0	0	0	0	0	0	0	0	0	0	
967.245117	8	3	3	0	1	2	2	4199	360	32	58031	9	4	90	0	0	0	0	0	0	0	0	0	0	0	0	0	0	
968.240167	8	3	3	0	1	2	2	4199	349	32	58091	9	4	90	0	0	0	0	0	0	0	0	0	0	0	0	0	0	
969.236633	8	3	3	0	1	2	2	4199	338	32	58151	9	4	90	0	0	0	0	0	0	0	0	0	0	0	0	0	0	
970.244633	8	3	3	0	1	2	2	4199	328	32	58211	9	4	90	0	0	0	0	0	0	0	0	0	0	0	0	0	0	
971.241117	8	3	3	0	1	2	2	4199	318	32	58271	9	4	90	0	0	0	0	0	0	0	0	0	0	0	0	0	0	
972.239033	8	3	3	0	1	2	2	4198	309	32	58331	9	4	90	0	0	0	0	0	0	0	0	0	0	0	0	0	0	
973.254233	8	3	3	0	1	2	2	4198	298	32	58392	9	4	90	0	0	0	0	0	0	0	0	0	0	0	0	0	0	
974.250717	8	3	3	0	1	2	2	4199	290	32	58452	9	4	90	0	0	0	0	0	0	0	0	0	0	0	0	0	0	
975.248633	8	3	3	0	1	2	2	4198	281	32	58511	9	4	90	0	0	0	0	0	0	0	0	0	0	0	0	0	0	
976.245117	8	3	3	0	1	2	2	4198	272	32	58571	9	4	90	0	0	0	0	0	0	0	0	0	0	0	0	0	0	
977.237283	8	3	3	0	1	2	2	4199	264	32	58631	9	4	90	0	0	0	0	0	0	0	0	0	0	0	0	0	0	
978.245283	8	3	3	0	1	2	2	4199	256	32	58691	9	4	90	0	0	0	0	0	0	0	0	0	0	0	0	0	0	
979.254717	8	3	3	0	1	2	2	4199	248	32	58752	9	4	90	0	0	0	0	0	0	0	0	0	0	0	0	0	0	
980.239683	8	3	3	0	1	2	2	4199	240	32	58811	9	4	90	0	0	0	0	0	0	0	0	0	0	0	0	0	0	
981.254883	8	3	3	0	1	2	2	4199	233	32	58872	9	4	90	0	0	0	0	0	0	0	0	0	0	0	0	0	0	
982.244167	8	3	3	0	1	2	2	4198	226	32	58931	9	4	90	0	0	0	0	0	0	0	0	0	0	0	0	0	0	
983.250717	8	3	3	0	1	2	2	4199	219	32	58991	9	4	90	0	0	0	0	0	0	0	0	0	0	0	0	0	0	
984.254400	8	3	3	0	1	2	2	4199	212	32	59052	9	4	90	0	0	0	0	0	0	0	0	0	0	0	0	0	0	
985.243683	8	3	3	0	1	2	2	4199	205	32	59111	9	4	90	0	0	0	0	0	0	0	0	0	0	0	0	0	0	
986.248800	8	3	3	0	1	2	2	4198	199	32	59171	9	4	90	0	0	0	0	0	0	0	0	0	0	0	0	0	0	
987.246717	8	3	3	0	1	2	2	4199	193	32	59231	9	4	90	0	0	0	0	0	0	0	0	0	0	0	0	0	0	
988.241767	8	3	3	0	1	2	2	4199	187	32	59291	9	4	90	0	0	0	0	0	0	0	0	0	0	0	0	0	0	
989.236800	8	3	3	0	1	2	2	4199	181	32	59351	9	4	90	0	0	0	0	0	0	0	0	0	0	0	0	0	0	
990.256317	8	3	3	0	1	2	2	4199	176	32	59412	9	4	90	0	0	0	0	0	0	0	0	0	0	0	0	0	0	
991.247033	8	3	3	0	1	2	2	4199	170	32	59471	9	4	90	0	0	0	0	0	0	0	0	0	0	0	0	0	0	
992.250717	8	3	3	0	1	2	2	4199	164	32	59531	9	4	90	0	0	0	0	0	0	0	0	0	0	0	0	0	0	
993.245767	8	3	3	0	1	2	2	4199	159	32	59591	9	4	90	0	0	0	0	0	0	0	0	0	0	0	0	0	0	
994.253767	8	3	3	0	1	2	2	4198	155	32	59652	9	4	90	0	0	0	0	0	0	0	0	0	0	0	0	0	0	
995.250233	8	3	3	0	1	2	2	4199	151	32	59711	9	4	90	0	0	0	0	0	0	0	0	0	0	0	0	0	0	
996.248167	8	3	3	0	1	2	2	4199	145	32	59771	9	4	90	0	0	0	0	0	0	0	0	0	0	0	0	0	0	
997.240317	8	3	3	0	1	2	2	4198	140	32	59831	9	4	90	0	0	0	0	0	0	0	0	0	0	0	0	0	0	
998.242567	8	3	3	0	1	2	2	4199	136	32	59891	9	4	90	0	0	0	0	0	0	0	0	0	0	0	0	0	0	
999.237600	8	3	3	0	1	2	2	4199	131	32	59951	9	4	90	0	0	0	0	0	0	0	0	0	0	0	0	0	0	
1000.252800	8	3	3	0	1	2	2	4199	128	32	60011	9	4	90	0	0	0	0	0	0	0	0	0	0	0	0	0	0	
1001.247833	8	3	3	0	1	2	2	4199	124	32	60071	9	4	90	0	0	0	0	0	0	0	0	0	0	0	0	0	0	
1002.248633	8	3	3	0	1	2	2	4198	120	32	60131	9	4	90	0	0	0	0	0	0	0	0	0	0	0	0	0	0	
1003.255200	8	3	3	0	1	2	2	4198	117	32	60192	9	4	90	0	0	0	0	0	0	0	0	0	0	0	0	0	0	
1004.253117	8	3	3	0	1	2	2	4199	113	32	60251	9	4	90	0	0	0	0	0	0	0	0	0	0	0	0	0	0	
1005.248167	8	3	3	0	1	2	2	4198	109	32	60311	9	4	90	0	0	0	0	0	0	0	0	0	0	0	0	0	0	
1006.247517	8	3	3	0	1	2	2	4199	107	32	60371	9	4	90	0	0	0	0	0	0	0	0	0	0	0	0	0	0	
1007.244000	8	3	3	0	1	2	2	4198	102	32	60431	9	4	90	0	0	0	0	0	0	0	0	0	0	0	0	0	0	
1008.239033	8	3	3	0	1	2	2	4198	100	32	60491	9	4	90	0	0	0	0	0	0	0	0	0	0	0	0	0	0	
1009.255683	8	3	3	0	1	2	2	4199	97	32	60552	9	4	90	0	0	0	0	0	0	0	0	0	0	0	0	0	0	
1010.256483	8	3	3	0	1	2	2	4199	94	32	60612	9	4	90	0	0	0	0	0	0	0	0	0	0	0	0	0	0	
1011.257283	8	3	3	0	1	2	2	4199	91	32	60672	9	4	90	0	0	0	0	0	0	0	0	0	0	0	0	0	0	
1012.253767	8	3	3	0	1	2	2	4199	90	32	60731	9	4	90	0	0	0	0	0	0	0	0	0	0	0	0	0	0	
1013.248800	8	3	3	0	1	2	2	4198	85	32	60791	9	4	90	0	0	0	0	0	0	0	0	0	0	0	0	0	0	
1014.245283	8	3	3	0	1	2	2	4199	82	32	60851	9	4	90	0	0	0	0	0	0	0	0	0	0	0	0	0	0	
1015.256167	8	3	3	0	1	2	2	4199	80	32	60912	9	4	90	0	0	0	0	0	0	0	0	0	0	0	0	0	0	
1016.239683	8	3	3	0	1	2	2	4199	78	32	60971	9	4	90	0	0	0	0	0	0	0	0	0	0	0	0	0	0	
1017.254883	8	3	3	0	1	2	2	4199	75	32	61032	9	4	90	0	0	0	0	0	0	0	0	0	0	0	0	0	0	
1018.242717	8	3	3	0	1	2	2	4198	73	32	61091	9	4	90	0	0	0	0	0	0	0	0	0	0	0	0	0	0	
1019.255033	8	3	3	0	1	2	2	4198	71	32	61152	9	4	90	0	0	0	0	0	0	0	0	0	0	0	0	0	0	
1020.255833	8	3	3	0	1	2	2	4199	69	32	61212	9	4	90	0	0	0	0	0	0	0	0	0	0	0	0	0	0	
1021.230717	8	6	3	0	2	7	1	3907	-903	32	61270	9	5	0	0	0	0	0	0	0	0	0	0	0	0	0	0	0	
1021.250883	8	6	3	0	2	7	1	3763	-1350	32	61271	9	5	0	0	0	0	0	0	0	0	0	0	0	0	0	0	0	
1022.251683	8	6	3	0	2	7	1	3717	-1350	32	61331	9	5	1	0	0	0	0	0	0	0	0	0	0	0	0	0	0	
1023.248167	8	6	3	0	2	7	1	3718	-1349	32	61391	9	5	3	0	0	0	0	0	0	0	0	0	0	0	0	0	0	
1024.243200	8	6	3	0	2	7	1	3706	-1348	32	61451	9	5	4	0	0	0	0	0	0	0	0	0	0	0	0	0	0	
1025.258400	8	6	3	0	2	7	1	3687	-1350	32	61512	9	5	6	0	0	0	0	0	0	0	0	0	0	0	0	0	0	
1026.253433	8	6	3	0	2	7	1	3667	-1350	32	61571	9	5	8	0	0	0	0	0	0	0	0	0	0	0	0	0	0	
1027.249917	8	6	3	0	2	7	1	3651	-1350	32	61631	9	5	9	0	0	0	0	0	0	0	0	0	0	0	0	0	0	
1028.246400	8	6	3	0	2	7	1	3634	-1348	32	61691	9	5	11	0	0	0	0	0	0	0	0	0	0	0	0	0	0	
1029.241433	8	6	3	0	2	7	1	3617	-1350	32	61751	9	5	13	0	0	0	0	0	0	0	0	0	0	0	0	0	0	
1030.256633	8	6	3	0	2	7	1	3601	-1351	32	61812	9	5	14	0	0	0	0	0	0	0	0	0	0	0	0	0	0	
1031.251683	8	6	3	0	2	7	1	3587	-1349	32	61871	9	5	16	0	0	0	0	0	0	0	0	0	0	0	0	0	0	
1032.248167	8	6	3	0	2	7	1	3573	-1350	32	61931	9	5	18	0	0	0	0	0	0	0	0	0	0	0	0	0	0	
1033.244633	8	6	3	0	2	7	1	3559	-1350	32	61991	9	5	19	0	0	0	0	0	0	0	0	0	0	0	0	0	0	
1034.249767	8	6	3	0	2	7	1	3546	-1351	32	62051	9	5	21	0	0	0	0	0	0	0	0	0	0	0	0	0	0	
1035.254883	8	6	3	0	2	7	1	3533	-1349	32	62111	9	5	23	0	0	0	0	0	0	0	0	0	0	0	0	0	0	
1036.241283	8	6	3	0	2	7	1	3521	-1350	32	62171	9	5	24	0	0	0	0	0	0	0	0	0	0	0	0	0	0	
1037.246400	8	6	3	0	2	7	1	3509	-1348	32	62231	9	5	26	0	0	0	0	0	0	0	0	0	0	0	0	0	0	
1038.252967	8	6	3	0	2	7	1	3498	-1350	32	62291	9	5	28	0	0	0	0	0	0	0	0	0	0	0	0	0	0	
1039.258083	8	6	3	0	2	7	1	3486	-1350	32	62352	9	5	29	0	0	0	0	0	0	0	0	0	0	0	0	0	0	
1040.244483	8	6	3	0	2	7	1	3475	-1349	32	62411	9	5	31	0	0	0	0	0	0	0	0	0	0	0	0	0	0	
1041.249600	8	6	3	0	2	7	1	3464	-1349	32	62471	9	5	33	0	0	0	0	0	0	0	0	0	0	0	0	0	0	
1042.254717	8	6	3	0	2	7	1	3453	-1351	32	62531	9	5	34	0	0	0	0	0	0	0	0	0	0	0	0	0	0	
1043.241117	8	6	3	0	2	7	1	3443	-1350	32	62591	9	5	36	0	0	0	0	0	0	0	0	0	0	0	0	0	0	
1044.247683	8	6	3	0	2	7	1	3433	-1349	32	62651	9	5	38	0	0	0	0	0	0	0	0	0	0	0	0	0	0	
1045.252800	8	6	3	0	2	7	1	3423	-1350	32	62711	9	5	39	0	0	0	0	0	0	0	0	0	0	0	0	0	0	
1046.257917	8	6	3	0	2	7	1	3414	-1350	32	62772	9	5	41	0	0	0	0	0	0	0	0	0	0	0	0	0	0	
1047.244317	8	6	3	0	2	7	1	3405	-1350	32	62831	9	5	43	0	0	0	0	0	0	0	0	0	0	0	0	0	0	
1048.249433	8	6	3	0	2	7	1	3396	-1349	32	62891	9	5	44	0	0	0	0	0	0	0	0	0	0	0	0	0	0	
1049.256000	8	6	3	0	2	7	1	3388	-1349	32	62951	9	5	46	0	0	0	0	0	0	0	0	0	0	0	0	0	0	
1050.242400	8	6	3	0	2	7	1	3380	-1349	32	63011	9	5	48	0	0	0	0	0	0	0	0	0	0	0	0	0	0	
1051.247517	8	6	3	0	2	7	1	3372	-1349	32	63071	9	5	49	0	0	0	0	0	0	0	0	0	0	0	0	0	0	
1052.252633	8	6	3	0	2	7	1	3365	-1349	32	63131	9	5	51	0	0	0	0	0	0	0	0	0	0	0	0	0	0	
1053.257767	8	6	3	0	2	7	1	3357	-1350	32	63192	9	5	52	0	0	0	0	0	0	0	0	0	0	0	0	0	0	
1054.245600	8	6	3	0	2	7	1	3351	-1350	32	63251	9	5	54	0	0	0	0	0	0	0	0	0	0	0	0	0	0	
1055.250717	8	6	3	0	2	7	1	3344	-1350	32	63311	9	5	56	0	0	0	0	0	0	0	0	0	0	0	0	0	0	
1056.255833	8	6	3	0	2	7	1	3337	-1350	32	63371	9	5	57	0	0	0	0	0	0	0	0	0	0	0	0	0	0	
1057.260967	8	6	3	0	2	7	1	3331	-1351	32	63432	9	5	59	0	0	0	0	0	0	0	0	0	0	0	0	0	0	
1058.247367	8	6	3	0	2	7	1	3324	-1350	32	63491	9	5	61	0	0	0	0	0	0	0	0	0	0	0	0	0	0	
1059.252483	8	6	3	0	2	7	1	3318	-1349	32	63551	9	5	62	0	0	0	0	0	0	0	0	0	0	0	0	0	0	
1060.259033	8	6	3	0	2	7	1	3312	-1350	32	63612	9	5	64	0	0	0	0	0	0	0	0	0	0	0	0	0	0	
1061.245433	8	6	3	0	2	7	1	3306	-1350	32	63671	9	5	66	0	0	0	0	0	0	0	0	0	0	0	0	0	0	
1062.250567	8	6	3	0	2	7	1	3299	-1352	32	63731	9	5	67	0	0	0	0	0	0	0	0	0	0	0	0	0	0	
1063.255683	8	6	3	0	2	7	1	3292	-1349	32	63791	9	5	69	0	0	0	0	0	0	0	0	0	0	0	0	0	0	
1064.260800	8	6	3	0	2	7	1	3284	-1350	32	63852	9	5	71	0	0	0	0	0	0	0	0	0	0	0	0	0	0	
1065.247200	8	6	3	0	2	7	1	3277	-1348	32	63911	9	5	72	0	0	0	0	0	0	0	0	0	0	0	0	0	0	
1066.252317	8	6	3	0	2	7	1	3269	-1348	32	63971	9	5	74	0	0	0	0	0	0	0	0	0	0	0	0	0	0	
1067.258883	8	6	3	0	2	7	1	3259	-1350	32	64032	9	5	76	0	0	0	0	0	0	0	0	0	0	0	0	0	0	
1068.245283	8	6	3	0	2	7	1	3247	-1350	32	64091	9	5	77	0	0	0	0	0	0	0	0	0	0	0	0	0	0	
1069.250400	8	6	3	0	2	7	1	3233	-1350	32	64151	9	5	79	0	0	0	0	0	0	0	0	0	0	0	0	0	0	
1070.255517	8	6	3	0	2	7	1	3215	-1349	32	64211	9	5	81	0	0	0	0	0	0	0	0	0	0	0	0	0	0	
1071.262083	8	6	3	0	2	7	1	3191	-1350	32	64272	9	5	82	0	0	0	0	0	0	0	0	0	0	0	0	0	0	
1072.248483	8	6	3	0	2	7	1	3162	-1350	32	64331	9	5	84	0	0	0	0	0	0	0	0	0	0	0	0	0	0	
1073.253600	8	6	3	0	2	7	1	3119	-1348	32	64391	9	5	86	0	0	0	0	0	0	0	0	0	0	0	0	0	0	
1074.258717	8	6	3	0	2	7	1	3048	-1350	32	64452	9	5	87	0	0	0	0	0	0	0	0	0	0	0	0	0	0	
1075.245117	8	6	3	0	2	7	1	2914	-1350	32	64511	9	5	89	0	0	0	0	0	0	0	0	0	0	0	0	0	0	
1075.986717	8	15	3	0	1	31	2	3122	195	32	64555	11	5	90	0	0	0	0	0	0	0	0	0	0	0	0	0	0	
1076.008317	8	3	3	0	1	2	2	3294	677	32	64556	11	5	90	0	0	0	0	0	0	0	0	0	0	0	0	0	0	
1076.257433	8	3	3	0	1	2	2	3431	673	32	64571	11	5	90	0	0	0	0	0	0	0	0	0	0	0	0	0	0	
1077.245283	8	3	3	0	1	2	2	3611	673	32	64631	11	5	90	0	0	0	0	0	0	0	0	0	0	0	0	0	0	
1078.248967	8	3	3	0	1	2	2	3701	674	32	64691	11	5	90	0	0	0	0	0	0	0	0	0	0	0	0	0	0	
1079.244000	8	3	3	0	1	2	2	3765	674	32	64751	11	5	90	0	0	0	0	0	0	0	0	0	0	0	0	0	0	
1080.259200	8	3	3	0	1	2	2	3814	675	32	64811	11	5	90	0	0	0	0	0	0	0	0	0	0	0	0	0	0	
1081.258567	8	3	3	0	1	2	2	3851	674	32	64871	11	5	90	0	0	0	0	0	0	0	0	0	0	0	0	0	0	
1082.256483	8	3	3	0	1	2	2	3878	674	32	64931	11	5	90	0	0	0	0	0	0	0	0	0	0	0	0	0	0	
1083.251517	8	3	3	0	1	2	2	3890	675	32	64991	11	5	90	0	0	0	0	0	0	0	0	0	0	0	0	0	0	
1084.248000	8	3	3	0	1	2	2	3896	676	32	65051	11	5	90	0	0	0	0	0	0	0	0	0	0	0	0	0	0	
1085.263200	8	3	3	0	1	2	2	3901	675	32	65112	11	5	90	0	0	0	0	0	0	0	0	0	0	0	0	0	0	
1086.258233	8	3	3	0	1	2	2	3905	673	32	65171	11	5	90	0	0	0	0	0	0	0	0	0	0	0	0	0	0	
1087.254717	8	3	3	0	1	2	2	3911	674	32	65231	11	5	90	0	0	0	0	0	0	0	0	0	0	0	0	0	0	
1088.249767	8	3	3	0	1	2	2	3915	674	32	65291	11	5	90	0	0	0	0	0	0	0	0	0	0	0	0	0	0	
1089.246233	8	3	3	0	1	2	2	3920	674	32	65351	11	5	90	0	0	0	0	0	0	0	0	0	0	0	0	0	0	
1090.260000	8	3	3	0	1	2	2	3925	675	32	65412	11	5	90	0	0	0	0	0	0	0	0	0	0	0	0	0	0	
1091.256483	8	3	3	0	1	2	2	3930	674	32	65471	11	5	90	0	0	0	0	0	0	0	0	0	0	0	0	0	0	
1092.251517	8	3	3	0	1	2	2	3935	675	32	65531	11	5	90	0	0	0	0	0	0	0	0	0	0	0	0	0	0	
1093.250883	8	3	3	0	1	2	2	3940	674	32	65591	11	5	90	0	0	0	0	0	0	0	0	0	0	0	0	0	0	
1094.245917	8	3	3	0	1	2	2	3946	674	32	65651	11	5	90	0	0	0	0	0	0	0	0	0	0	0	0	0	0	
1095.256800	8	3	3	0	1	2	2	3952	674	32	65711	11	5	90	0	0	0	0	0	0	0	0	0	0	0	0	0	0	
1096.259033	8	3	3	0	1	2	2	3957	674	32	65771	11	5	90	0	0	0	0	0	0	0	0	0	0	0	0	0	0	
1097.254083	8	3	3	0	1	2	2	3963	675	32	65831	11	5	90	0	0	0	0	0	0	0	0	0	0	0	0	0	0	
1098.254883	8	3	3	0	1	2	2	3968	673	32	65891	11	5	90	0	0	0	0	0	0	0	0	0	0	0	0	0	0	
1099.260000	8	3	3	0	1	2	2	3973	673	32	65951	11	5	90	0	0	0	0	0	0	0	0	0	0	0	0	0	0	
1100.263683	8	3	3	0	1	2	2	3979	675	32	66012	11	5	90	0	0	0	0	0	0	0	0	0	0	0	0	0	0	
1101.258717	8	3	3	0	1	2	2	3983	674	32	66071	11	5	90	0	0	0	0	0	0	0	0	0	0	0	0	0	0	
1102.255200	8	3	3	0	1	2	2	3986	674	32	66131	11	5	90	0	0	0	0	0	0	0	0	0	0	0	0	0	0	
1103.250233	8	3	3	0	1	2	2	3991	674	32	66191	11	5	90	0	0	0	0	0	0	0	0	0	0	0	0	0	0	
1104.246717	8	3	3	0	1	2	2	3994	674	32	66251	11	5	90	0	0	0	0	0	0	0	0	0	0	0	0	0	0	
1105.261917	8	3	3	0	1	2	2	3997	675	32	66312	11	5	90	0	0	0	0	0	0	0	0	0	0	0	0	0	0	
1106.255517	8	3	3	0	1	2	2	4000	675	32	66371	11	5	90	0	0	0	0	0	0	0	0	0	0	0	0	0	0	
1107.256317	8	3	3	0	1	2	2	4003	674	32	66431	11	5	90	0	0	0	0	0	0	0	0	0	0	0	0	0	0	
1108.249917	8	3	3	0	1	2	2	4005	675	32	66491	11	5	90	0	0	0	0	0	0	0	0	0	0	0	0	0	0	
1109.250717	8	3	3	0	1	2	2	4008	675	32	66551	11	5	90	0	0	0	0	0	0	0	0	0	0	0	0	0	0	
1110.265917	8	3	3	0	1	2	2	4011	674	32	66612	11	5	90	0	0	0	0	0	0	0	0	0	0	0	0	0	0	
1111.263833	8	3	3	0	1	2	2	4013	674	32	66672	11	5	90	0	0	0	0	0	0	0	0	0	0	0	0	0	0	
1112.260317	8	3	3	0	1	2	2	4016	673	32	66731	11	5	90	0	0	0	0	0	0	0	0	0	0	0	0	0	0	
1113.265433	8	3	3	0	1	2	2	4019	674	32	66792	11	5	90	0	0	0	0	0	0	0	0	0	0	0	0	0	0	
1114.266233	8	3	3	0	1	2	2	4022	674	32	66852	11	5	90	0	0	0	0	0	0	0	0	0	0	0	0	0	0	
1115.261283	8	3	3	0	1	2	2	4025	674	32	66911	11	5	90	0	0	0	0	0	0	0	0	0	0	0	0	0	0	
1116.254883	8	3	3	0	1	2	2	4028	675	32	66971	11	5	90	0	0	0	0	0	0	0	0	0	0	0	0	0	0	
1117.261433	8	3	3	0	1	2	2	4031	674	32	67032	11	5	90	0	0	0	0	0	0	0	0	0	0	0	0	0	0	
1118.257917	8	3	3	0	1	2	2	4034	674	32	67091	11	5	90	0	0	0	0	0	0	0	0	0	0	0	0	0	0	
1119.257283	8	3	3	0	1	2	2	4037	676	32	67151	11	5	90	0	0	0	0	0	0	0	0	0	0	0	0	0	0	
1120.252317	8	3	3	0	1	2	2	4040	675	32	67211	11	5	90	0	0	0	0	0	0	0	0	0	0	0	0	0	0	
1121.248800	8	3	3	0	1	2	2	4043	674	32	67271	11	5	90	0	0	0	0	0	0	0	0	0	0	0	0	0	0	
1122.262567	8	3	3	0	1	2	2	4047	674	32	67332	11	5	90	0	0	0	0	0	0	0	0	0	0	0	0	0	0	
1123.261917	8	3	3	0	1	2	2	4050	674	32	67391	11	5	90	0	0	0	0	0	0	0	0	0	0	0	0	0	0	
1124.259833	8	3	3	0	1	2	2	4053	675	32	67451	11	5	90	0	0	0	0	0	0	0	0	0	0	0	0	0	0	
1125.257767	8	3	3	0	1	2	2	4057	674	32	67511	11	5	90	0	0	0	0	0	0	0	0	0	0	0	0	0	0	
1126.255683	8	3	3	0	1	2	2	4061	675	32	67571	11	5	90	0	0	0	0	0	0	0	0	0	0	0	0	0	0	
1127.263683	8	3	3	0	1	2	2	4064	674	32	67632	11	5	90	0	0	0	0	0	0	0	0	0	0	0	0	0	0	
1128.250083	8	3	3	0	1	2	2	4068	675	32	67691	11	5	90	0	0	0	0	0	0	0	0	0	0	0	0	0	0	
1129.253767	8	3	3	0	1	2	2	4072	675	32	67751	11	5	90	0	0	0	0	0	0	0	0	0	0	0	0	0	0	
1130.250233	8	3	3	0	1	2	2	4075	675	32	67811	11	5	90	0	0	0	0	0	0	0	0	0	0	0	0	0	0	
1131.264000	8	3	3	0	1	2	2	4079	674	32	67872	11	5	90	0	0	0	0	0	0	0	0	0	0	0	0	0	0	
1132.260483	8	3	3	0	1	2	2	4083	674	32	67931	11	5	90	0	0	0	0	0	0	0	0	0	0	0	0	0	0	
1133.256967	8	3	3	0	1	2	2	4087	675	32	67991	11	5	90	0	0	0	0	0	0	0	0	0	0	0	0	0	0	
1134.254883	8	3	3	0	1	2	2	4091	675	32	68051	11	5	90	0	0	0	0	0	0	0	0	0	0	0	0	0	0	
1135.251367	8	3	3	0	1	2	2	4095	675	32	68111	11	5	90	0	0	0	0	0	0	0	0	0	0	0	0	0	0	
1136.265117	8	3	3	0	1	2	2	4100	674	32	68172	11	5	90	0	0	0	0	0	0	0	0	0	0	0	0	0	0	
1137.261600	8	3	3	0	1	2	2	4104	676	32	68231	11	5	90	0	0	0	0	0	0	0	0	0	0	0	0	0	0	
1138.258083	8	3	3	0	1	2	2	4108	674	32	68291	11	5	90	0	0	0	0	0	0	0	0	0	0	0	0	0	0	
1139.253117	8	3	3	0	1	2	2	4112	673	32	68351	11	5	90	0	0	0	0	0	0	0	0	0	0	0	0	0	0	
1140.249600	8	3	3	0	1	2	2	4118	676	32	68411	11	5	90	0	0	0	0	0	0	0	0	0	0	0	0	0	0	
1141.261917	8	3	3	0	1	2	2	4120	666	32	68471	11	5	90	0	0	0	0	0	0	0	0	0	0	0	0	0	0	
1142.262717	8	3	3	0	1	2	2	4124	667	32	68531	11	5	90	0	0	0	0	0	0	0	0	0	0	0	0	0	0	
1143.259200	8	3	3	0	1	2	2	4129	666	32	68591	11	5	90	0	0	0	0	0	0	0	0	0	0	0	0	0	0	
1144.255683	8	3	3	0	1	2	2	4134	666	32	68651	11	5	90	0	0	0	0	0	0	0	0	0	0	0	0	0	0	
1145.253600	8	3	3	0	1	2	2	4138	666	32	68711	11	5	90	0	0	0	0	0	0	0	0	0	0	0	0	0	0	
1146.265917	8	3	3	0	1	2	2	4144	665	32	68772	11	5	90	0	0	0	0	0	0	0	0	0	0	0	0	0	0	
1147.266717	8	3	3	0	1	2	2	4148	664	32	68832	11	5	90	0	0	0	0	0	0	0	0	0	0	0	0	0	0	
1148.263200	8	3	3	0	1	2	2	4154	665	32	68891	11	5	90	0	0	0	0	0	0	0	0	0	0	0	0	0	0	
1149.259683	8	3	3	0	1	2	2	4159	664	32	68951	11	5	90	0	0	0	0	0	0	0	0	0	0	0	0	0	0	
1150.260483	8	3	3	0	1	2	2	4163	662	32	69011	11	5	90	0	0	0	0	0	0	0	0	0	0	0	0	0	0	
1151.255517	8	3	3	0	1	2	2	4169	660	32	69071	11	5	90	0	0	0	0	0	0	0	0	0	0	0	0	0	0	
1152.253433	8	3	3	0	1	2	2	4174	659	32	69131	11	5	90	0	0	0	0	0	0	0	0	0	0	0	0	0	0	
1153.265767	8	3	3	0	1	2	2	4179	659	32	69192	11	5	90	0	0	0	0	0	0	0	0	0	0	0	0	0	0	
1154.268000	8	3	3	0	1	2	2	4185	659	32	69252	11	5	90	0	0	0	0	0	0	0	0	0	0	0	0	0	0	
1155.255833	8	3	3	0	1	2	2	4191	658	32	69311	11	5	90	0	0	0	0	0	0	0	0	0	0	0	0	0	0	
1156.268167	8	3	3	0	1	2	2	4197	658	32	69372	11	5	90	0	0	0	0	0	0	0	0	0	0	0	0	0	0	
1157.257433	8	3	3	0	1	2	2	4199	645	32	69431	11	5	90	0	0	0	0	0	0	0	0	0	0	0	0	0	0	
1158.253917	8	3	3	0	1	2	2	4198	626	32	69491	11	5	90	0	0	0	0	0	0	0	0	0	0	0	0	0	0	
1159.263367	8	3	3	0	1	2	2	4198	607	32	69551	11	5	90	0	0	0	0	0	0	0	0	0	0	0	0	0	0	
1160.267033	8	3	3	0	1	2	2	4198	587	32	69612	11	5	90	0	0	0	0	0	0	0	0	0	0	0	0	0	0	
1161.259200	8	3	3	0	1	2	2	4199	569	32	69671	11	5	90	0	0	0	0	0	0	0	0	0	0	0	0	0	0	
1162.261433	8	3	3	0	1	2	2	4199	551	32	69731	11	5	90	0	0	0	0	0	0	0	0	0	0	0	0	0	0	
1163.260800	8	3	3	0	1	2	2	4198	534	32	69791	11	5	90	0	0	0	0	0	0	0	0	0	0	0	0	0	0	
1164.264483	8	3	3	0	1	2	2	4198	517	32	69851	11	5	90	0	0	0	0	0	0	0	0	0	0	0	0	0	0	
1165.263833	8	3	3	0	1	2	2	4198	500	32	69911	11	5	90	0	0	0	0	0	0	0	0	0	0	0	0	0	0	
1166.268967	8	3	3	0	1	2	2	4198	485	32	69972	11	5	90	0	0	0	0	0	0	0	0	0	0	0	0	0	0	
1167.252483	8	3	3	0	1	2	2	4199	472	32	70031	11	5	90	0	0	0	0	0	0	0	0	0	0	0	0	0	0	
1168.267683	8	3	3	0	1	2	2	4199	457	32	70092	11	5	90	0	0	0	0	0	0	0	0	0	0	0	0	0	0	
1169.264167	8	3	3	0	1	2	2	4199	444	32	70151	11	5	90	0	0	0	0	0	0	0	0	0	0	0	0	0	0	
1170.260633	8	3	3	0	1	2	2	4199	430	32	70211	11	5	90	0	0	0	0	0	0	0	0	0	0	0	0	0	0	
1171.258567	8	3	3	0	1	2	2	4198	416	32	70271	11	5	90	0	0	0	0	0	0	0	0	0	0	0	0	0	0	
1172.253600	8	3	3	0	1	2	2	4199	403	32	70331	11	5	90	0	0	0	0	0	0	0	0	0	0	0	0	0	0	
1173.268800	8	3	3	0	1	2	2	4199	391	32	70392	11	5	90	0	0	0	0	0	0	0	0	0	0	0	0	0	0	
1174.265283	8	3	3	0	1	2	2	4199	379	32	70451	11	5	90	0	0	0	0	0	0	0	0	0	0	0	0	0	0	
1175.260317	8	3	3	0	1	2	2	4198	367	32	70511	11	5	90	0	0	0	0	0	0	0	0	0	0	0	0	0	0	
1176.258233	8	3	3	0	1	2	2	4199	355	32	70571	11	5	90	0	0	0	0	0	0	0	0	0	0	0	0	0	0	
1177.259033	8	3	3	0	1	2	2	4199	343	32	70631	11	5	90	0	0	0	0	0	0	0	0	0	0	0	0	0	0	
1178.255517	8	3	3	0	1	2	2	4198	332	32	70691	11	5	90	0	0	0	0	0	0	0	0	0	0	0	0	0	0	
1179.257767	8	3	3	0	1	2	2	4198	322	32	70751	11	5	90	0	0	0	0	0	0	0	0	0	0	0	0	0	0	
1180.267200	8	3	3	0	1	2	2	4198	311	32	70812	11	5	90	0	0	0	0	0	0	0	0	0	0	0	0	0	0	
1181.252167	8	3	3	0	1	2	2	4198	302	32	70871	11	5	90	0	0	0	0	0	0	0	0	0	0	0	0	0	0	
1182.255833	8	3	3	0	1	2	2	4199	292	32	70931	11	5	90	0	0	0	0	0	0	0	0	0	0	0	0	0	0	
1183.271033	8	3	3	0	1	2	2	4198	283	32	70992	11	5	90	0	0	0	0	0	0	0	0	0	0	0	0	0	0	
1184.266083	8	3	3	0	1	2	2	4199	274	32	71051	11	5	90	0	0	0	0	0	0	0	0	0	0	0	0	0	0	
1185.261117	8	3	3	0	1	2	2	4199	265	32	71111	11	5	90	0	0	0	0	0	0	0	0	0	0	0	0	0	0	
1186.254717	8	3	3	0	1	2	2	4199	258	32	71171	11	5	90	0	0	0	0	0	0	0	0	0	0	0	0	0	0	
1187.256967	8	3	3	0	1	2	2	4199	250	32	71231	11	5	90	0	0	0	0	0	0	0	0	0	0	0	0	0	0	
1188.257767	8	3	3	0	1	2	2	4198	243	32	71291	11	5	90	0	0	0	0	0	0	0	0	0	0	0	0	0	0	
1189.254233	8	3	3	0	1	2	2	4199	235	32	71351	11	5	90	0	0	0	0	0	0	0	0	0	0	0	0	0	0	
1190.268000	8	3	3	0	1	2	2	4198	227	32	71412	11	5	90	0	0	0	0	0	0	0	0	0	0	0	0	0	0	
1191.264483	8	3	3	0	1	2	2	4199	220	32	71471	11	5	90	0	0	0	0	0	0	0	0	0	0	0	0	0	0	
1192.260967	8	3	3	0	1	2	2	4199	214	32	71531	11	5	90	0	0	0	0	0	0	0	0	0	0	0	0	0	0	
1193.258883	8	3	3	0	1	2	2	4198	208	32	71591	11	5	90	0	0	0	0	0	0	0	0	0	0	0	0	0	0	
1194.253917	8	3	3	0	1	2	2	4198	201	32	71651	11	5	90	0	0	0	0	0	0	0	0	0	0	0	0	0	0	
1195.267683	8	3	3	0	1	2	2	4198	196	32	71712	11	5	90	0	0	0	0	0	0	0	0	0	0	0	0	0	0	
1196.261283	8	3	3	0	1	2	2	4199	189	32	71771	11	5	90	0	0	0	0	0	0	0	0	0	0	0	0	0	0	
1197.262083	8	3	3	0	1	2	2	4199	184	32	71831	11	5	90	0	0	0	0	0	0	0	0	0	0	0	0	0	0	
1198.258567	8	3	3	0	1	2	2	4198	179	32	71891	11	5	90	0	0	0	0	0	0	0	0	0	0	0	0	0	0	
1199.253600	8	3	3	0	1	2	2	4198	173	32	71951	11	5	90	0	0	0	0	0	0	0	0	0	0	0	0	0	0	
1200.265917	8	3	3	0	1	2	2	4199	169	32	72011	11	5	90	0	0	0	0	0	0	0	0	0	0	0	0	0	0	
1201.269600	8	3	3	0	1	2	2	4199	164	32	72072	11	5	90	0	0	0	0	0	0	0	0	0	0	0	0	0	0	
1202.267517	8	3	3	0	1	2	2	4198	159	32	72131	11	5	90	0	0	0	0	0	0	0	0	0	0	0	0	0	0	
1203.261117	8	3	3	0	1	2	2	4199	154	32	72191	11	5	90	0	0	0	0	0	0	0	0	0	0	0	0	0	0	
1204.261917	8	3	3	0	1	2	2	4199	149	32	72251	11	5	90	0	0	0	0	0	0	0	0	0	0	0	0	0	0	
1205.256967	8	3	3	0	1	2	2	4198	146	32	72311	11	5	90	0	0	0	0	0	0	0	0	0	0	0	0	0	0	
1206.272167	8	3	3	0	1	2	2	4199	142	32	72372	11	5	90	0	0	0	0	0	0	0	0	0	0	0	0	0	0	
1207.268633	8	3	3	0	1	2	2	4198	137	32	72431	11	5	90	0	0	0	0	0	0	0	0	0	0	0	0	0	0	
1208.263683	8	3	3	0	1	2	2	4199	134	32	72491	11	5	90	0	0	0	0	0	0	0	0	0	0	0	0	0	0	
1209.263033	8	3	3	0	1	2	2	4198	130	32	72551	11	5	90	0	0	0	0	0	0	0	0	0	0	0	0	0	0	
1210.260967	8	3	3	0	1	2	2	4198	126	32	72611	11	5	90	0	0	0	0	0	0	0	0	0	0	0	0	0	0	
1211.260317	8	3	3	0	1	2	2	4199	123	32	72671	11	5	90	0	0	0	0	0	0	0	0	0	0	0	0	0	0	
1212.264000	8	3	3	0	1	2	2	4198	119	32	72731	11	5	90	0	0	0	0	0	0	0	0	0	0	0	0	0	0	
1213.266233	8	3	3	0	1	2	2	4198	115	32	72791	11	5	90	0	0	0	0	0	0	0	0	0	0	0	0	0	0	
1214.262717	8	3	3	0	1	2	2	4198	112	32	72851	11	5	90	0	0	0	0	0	0	0	0	0	0	0	0	0	0	
1215.257767	8	3	3	0	1	2	2	4199	109	32	72911	11	5	90	0	0	0	0	0	0	0	0	0	0	0	0	0	0	
1216.271517	8	3	3	0	1	2	2	4199	106	32	72972	11	5	90	0	0	0	0	0	0	0	0	0	0	0	0	0	0	
1217.270883	8	3	3	0	1	2	2	4198	102	32	73032	11	5	90	0	0	0	0	0	0	0	0	0	0	0	0	0	0	
1218.268800	8	3	3	0	1	2	2	4199	99	32	73091	11	5	90	0	0	0	0	0	0	0	0	0	0	0	0	0	0	
1219.271033	8	3	3	0	1	2	2	4199	97	32	73152	11	5	90	0	0	0	0	0	0	0	0	0	0	0	0	0	0	
1220.266083	8	3	3	0	1	2	2	4199	94	32	73211	11	5	90	0	0	0	0	0	0	0	0	0	0	0	0	0	0	
1221.264000	8	3	3	0	1	2	2	4199	92	32	73271	11	5	90	0	0	0	0	0	0	0	0	0	0	0	0	0	0	
1222.260483	8	3	3	0	1	2	2	4199	90	32	73331	11	5	90	0	0	0	0	0	0	0	0	0	0	0	0	0	0	
1223.256967	8	3	3	0	1	2	2	4199	87	32	73391	11	5	90	0	0	0	0	0	0	0	0	0	0	0	0	0	0	
1224.270717	8	3	3	0	1	2	2	4199	84	32	73452	11	5	90	0	0	0	0	0	0	0	0	0	0	0	0	0	0	
1225.270083	8	3	3	0	1	2	2	4199	81	32	73512	11	5	90	0	0	0	0	0	0	0	0	0	0	0	0	0	0	
1226.266567	8	3	3	0	1	2	2	4199	80	32	73571	11	5	90	0	0	0	0	0	0	0	0	0	0	0	0	0	0	
1227.261600	8	3	3	0	1	2	2	4198	77	32	73631	11	5	90	0	0	0	0	0	0	0	0	0	0	0	0	0	0	
1228.258083	8	3	3	0	1	2	2	4198	75	32	73691	11	5	90	0	0	0	0	0	0	0	0	0	0	0	0	0	0	
1229.260317	8	3	3	0	1	2	2	4198	73	32	73751	11	5	90	0	0	0	0	0	0	0	0	0	0	0	0	0	0	
1230.268317	8	3	3	0	1	2	2	4199	71	32	73811	11	5	90	0	0	0	0	0	0	0	0	0	0	0	0	0	0	
1231.273433	8	3	3	0	1	2	2	4199	69	32	73872	11	5	90	0	0	0	0	0	0	0	0	0	0	0	0	0	0	
1232.272800	8	3	3	0	1	2	2	4199	67	32	73932	11	5	90	0	0	0	0	0	0	0	0	0	0	0	0	0	0	
1232.375033	8	6	3	0	2	7	1	3541	-1347	32	73938	11	6	0	0	0	0	0	0	0	0	0	0	0	0	0	0	0	
1233.270717	8	6	3	0	2	7	1	3667	-1349	32	73991	11	6	1	0	0	0	0	0	0	0	0	0	0	0	0	0	0	
1234.265767	8	6	3	0	2	7	1	3692	-1348	32	74051	11	6	3	0	0	0	0	0	0	0	0	0	0	0	0	0	0	
1235.262233	8	6	3	0	2	7	1	3675	-1352	32	74111	11	6	4	0	0	0	0	0	0	0	0	0	0	0	0	0	0	
1236.257283	8	6	3	0	2	7	1	3668	-1349	32	74171	11	6	6	0	0	0	0	0	0	0	0	0	0	0	0	0	0	
1237.272483	8	6	3	0	2	7	1	3654	-1349	32	74232	11	6	8	0	0	0	0	0	0	0	0	0	0	0	0	0	0	
1238.268967	8	6	3	0	2	7	1	3639	-1350	32	74291	11	6	9	0	0	0	0	0	0	0	0	0	0	0	0	0	0	
1239.264000	8	6	3	0	2	7	1	3623	-1350	32	74351	11	6	11	0	0	0	0	0	0	0	0	0	0	0	0	0	0	
1240.260483	8	6	3	0	2	7	1	3609	-1351	32	74411	11	6	13	0	0	0	0	0	0	0	0	0	0	0	0	0	0	
1241.274233	8	6	3	0	2	7	1	3594	-1351	32	74472	11	6	14	0	0	0	0	0	0	0	0	0	0	0	0	0	0	
1242.270717	8	6	3	0	2	7	1	3580	-1349	32	74531	11	6	16	0	0	0	0	0	0	0	0	0	0	0	0	0	0	
1243.265767	8	6	3	0	2	7	1	3565	-1349	32	74591	11	6	17	0	0	0	0	0	0	0	0	0	0	0	0	0	0	
1244.275200	8	6	3	0	2	7	1	3552	-1351	32	74652	11	6	19	0	0	0	0	0	0	0	0	0	0	0	0	0	0	
1245.261600	8	6	3	0	2	7	1	3539	-1349	32	74711	11	6	21	0	0	0	0	0	0	0	0	0	0	0	0	0	0	
1246.266717	8	6	3	0	2	7	1	3525	-1350	32	74771	11	6	22	0	0	0	0	0	0	0	0	0	0	0	0	0	0	
1247.271833	8	6	3	0	2	7	1	3513	-1350	32	74832	11	6	24	0	0	0	0	0	0	0	0	0	0	0	0	0	0	
1248.259683	8	6	3	0	2	7	1	3500	-1348	32	74891	11	6	26	0	0	0	0	0	0	0	0	0	0	0	0	0	0	
1249.264800	8	6	3	0	2	7	1	3488	-1348	32	74951	11	6	27	0	0	0	0	0	0	0	0	0	0	0	0	0	0	
1250.269917	8	6	3	0	2	7	1	3477	-1349	32	75011	11	6	29	0	0	0	0	0	0	0	0	0	0	0	0	0	0	
1251.275033	8	6	3	0	2	7	1	3465	-1350	32	75072	11	6	31	0	0	0	0	0	0	0	0	0	0	0	0	0	0	
1252.261433	8	6	3	0	2	7	1	3455	-1349	32	75131	11	6	32	0	0	0	0	0	0	0	0	0	0	0	0	0	0	
1253.268000	8	6	3	0	2	7	1	3445	-1350	32	75191	11	6	34	0	0	0	0	0	0	0	0	0	0	0	0	0	0	
1254.273117	8	6	3	0	2	7	1	3434	-1350	32	75252	11	6	36	0	0	0	0	0	0	0	0	0	0	0	0	0	0	
1255.259517	8	6	3	0	2	7	1	3424	-1348	32	75311	11	6	37	0	0	0	0	0	0	0	0	0	0	0	0	0	0	
1256.264633	8	6	3	0	2	7	1	3414	-1350	32	75371	11	6	39	0	0	0	0	0	0	0	0	0	0	0	0	0	0	
1257.269767	8	6	3	0	2	7	1	3404	-1349	32	75431	11	6	41	0	0	0	0	0	0	0	0	0	0	0	0	0	0	
1258.276317	8	6	3	0	2	7	1	3395	-1350	32	75492	11	6	42	0	0	0	0	0	0	0	0	0	0	0	0	0	0	
1259.262717	8	6	3	0	2	7	1	3387	-1348	32	75551	11	6	44	0	0	0	0	0	0	0	0	0	0	0	0	0	0	
1260.267833	8	6	3	0	2	7	1	3378	-1349	32	75611	11	6	46	0	0	0	0	0	0	0	0	0	0	0	0	0	0	
1261.272967	8	6	3	0	2	7	1	3370	-1349	32	75671	11	6	47	0	0	0	0	0	0	0	0	0	0	0	0	0	0	
1262.259367	8	6	3	0	2	7	1	3362	-1348	32	75731	11	6	49	0	0	0	0	0	0	0	0	0	0	0	0	0	0	
1263.264483	8	6	3	0	2	7	1	3355	-1349	32	75791	11	6	51	0	0	0	0	0	0	0	0	0	0	0	0	0	0	
1264.271033	8	6	3	0	2	7	1	3347	-1349	32	75851	11	6	52	0	0	0	0	0	0	0	0	0	0	0	0	0	0	
1265.276167	8	6	3	0	2	7	1	3340	-1349	32	75912	11	6	54	0	0	0	0	0	0	0	0	0	0	0	0	0	0	
1266.262567	8	6	3	0	2	7	1	3334	-1350	32	75971	11	6	56	0	0	0	0	0	0	0	0	0	0	0	0	0	0	
1267.267683	8	6	3	0	2	7	1	3327	-1349	32	76031	11	6	57	0	0	0	0	0	0	0	0	0	0	0	0	0	0	
1268.272800	8	6	3	0	2	7	1	3321	-1349	32	76091	11	6	59	0	0	0	0	0	0	0	0	0	0	0	0	0	0	
1269.260633	8	6	3	0	2	7	1	3314	-1350	32	76151	11	6	61	0	0	0	0	0	0	0	0	0	0	0	0	0	0	
1270.265767	8	6	3	0	2	7	1	3308	-1349	32	76211	11	6	62	0	0	0	0	0	0	0	0	0	0	0	0	0	0	
1271.270883	8	6	3	0	2	7	1	3301	-1348	32	76271	11	6	64	0	0	0	0	0	0	0	0	0	0	0	0	0	0	
1272.276000	8	6	3	0	2	7	1	3295	-1349	32	76332	11	6	66	0	0	0	0	0	0	0	0	0	0	0	0	0	0	
1273.262400	8	6	3	0	2	7	1	3288	-1350	32	76391	11	6	67	0	0	0	0	0	0	0	0	0	0	0	0	0	0	
1274.268967	8	6	3	0	2	7	1	3281	-1350	32	76451	11	6	69	0	0	0	0	0	0	0	0	0	0	0	0	0	0	
1275.274083	8	6	3	0	2	7	1	3274	-1348	32	76511	11	6	71	0	0	0	0	0	0	0	0	0	0	0	0	0	0	
1276.260483	8	6	3	0	2	7	1	3266	-1350	32	76571	11	6	72	0	0	0	0	0	0	0	0	0	0	0	0	0	0	
1277.265600	8	6	3	0	2	7	1	3258	-1350	32	76631	11	6	74	0	0	0	0	0	0	0	0	0	0	0	0	0	0	
1278.270717	8	6	3	0	2	7	1	3248	-1350	32	76691	11	6	76	0	0	0	0	0	0	0	0	0	0	0	0	0	0	
1279.277283	8	6	3	0	2	7	1	3237	-1347	32	76752	11	6	77	0	0	0	0	0	0	0	0	0	0	0	0	0	0	
1280.263683	8	6	3	0	2	7	1	3222	-1349	32	76811	11	6	79	0	0	0	0	0	0	0	0	0	0	0	0	0	0	
1281.268800	8	6	3	0	2	7	1	3204	-1350	32	76871	11	6	81	0	0	0	0	0	0	0	0	0	0	0	0	0	0	
1282.273917	8	6	3	0	2	7	1	3180	-1350	32	76931	11	6	82	0	0	0	0	0	0	0	0	0	0	0	0	0	0	
1283.260317	8	6	3	0	2	7	1	3149	-1350	32	76991	11	6	84	0	0	0	0	0	0	0	0	0	0	0	0	0	0	
1284.265433	8	6	3	0	2	7	1	3106	-1349	32	77051	11	6	86	0	0	0	0	0	0	0	0	0	0	0	0	0	0	
1285.272000	8	6	3	0	2	7	1	3032	-1350	32	77111	11	6	87	0	0	0	0	0	0	0	0	0	0	0	0	0	0	
1286.277117	8	6	3	0	2	7	1	2889	-1349	32	77172	11	6	89	0	0	0	0	0	0	0	0	0	0	0	0	0	0	
1286.923683	8	15	3	0	1	31	2	3090	43	32	77210	13	6	90	0	0	0	0	0	0	0	0	0	0	0	0	0	0	
1286.945283	8	3	3	0	1	2	2	3325	677	32	77212	13	6	90	0	0	0	0	0	0	0	0	0	0	0	0	0	0	
1287.266400	8	3	3	0	1	2	2	3484	673	32	77231	13	6	90	0	0	0	0	0	0	0	0	0	0	0	0	0	0	
1288.271517	8	3	3	0	1	2	2	3655	676	32	77291	13	6	90	0	0	0	0	0	0	0	0	0	0	0	0	0	0	
1289.278083	8	3	3	0	1	2	2	3745	673	32	77352	13	6	90	0	0	0	0	0	0	0	0	0	0	0	0	0	0	
1290.264483	8	3	3	0	1	2	2	3808	673	32	77411	13	6	90	0	0	0	0	0	0	0	0	0	0	0	0	0	0	
1291.269600	8	3	3	0	1	2	2	3863	675	32	77471	13	6	90	0	0	0	0	0	0	0	0	0	0	0	0	0	0	
1292.274717	8	3	3	0	1	2	2	3904	675	32	77531	13	6	90	0	0	0	0	0	0	0	0	0	0	0	0	0	0	
1293.268317	8	3	3	0	1	2	2	3933	675	32	77591	13	6	90	0	0	0	0	0	0	0	0	0	0	0	0	0	0	
1294.270567	8	3	3	0	1	2	2	3948	676	32	77651	13	6	90	0	0	0	0	0	0	0	0	0	0	0	0	0	0	
1295.265600	8	3	3	0	1	2	2	3957	675	32	77711	13	6	90	0	0	0	0	0	0	0	0	0	0	0	0	0	0	
1296.260633	8	3	3	0	1	2	2	3964	675	32	77771	13	6	90	0	0	0	0	0	0	0	0	0	0	0	0	0	0	
1297.275833	8	3	3	0	1	2	2	3969	674	32	77832	13	6	90	0	0	0	0	0	0	0	0	0	0	0	0	0	0	
1298.272317	8	3	3	0	1	2	2	3977	675	32	77891	13	6	90	0	0	0	0	0	0	0	0	0	0	0	0	0	0	
1299.267367	8	3	3	0	1	2	2	3982	675	32	77951	13	6	90	0	0	0	0	0	0	0	0	0	0	0	0	0	0	
1300.278233	8	3	3	0	1	2	2	3988	674	32	78012	13	6	90	0	0	0	0	0	0	0	0	0	0	0	0	0	0	
1301.277600	8	3	3	0	1	2	2	3995	674	32	78072	13	6	90	0	0	0	0	0	0	0	0	0	0	0	0	0	0	
1302.278400	8	3	3	0	1	2	2	4001	675	32	78132	13	6	90	0	0	0	0	0	0	0	0	0	0	0	0	0	0	
1303.273433	8	3	3	0	1	2	2	4006	674	32	78191	13	6	90	0	0	0	0	0	0	0	0	0	0	0	0	0	0	
1304.269917	8	3	3	0	1	2	2	4013	674	32	78251	13	6	90	0	0	0	0	0	0	0	0	0	0	0	0	0	0	
1305.266400	8	3	3	0	1	2	2	4020	675	32	78311	13	6	90	0	0	0	0	0	0	0	0	0	0	0	0	0	0	
1306.270083	8	3	3	0	1	2	2	4026	675	32	78371	13	6	90	0	0	0	0	0	0	0	0	0	0	0	0	0	0	
1307.269433	8	3	3	0	1	2	2	4033	674	32	78431	13	6	90	0	0	0	0	0	0	0	0	0	0	0	0	0	0	
1308.278883	8	3	3	0	1	2	2	4040	674	32	78492	13	6	90	0	0	0	0	0	0	0	0	0	0	0	0	0	0	
1309.273917	8	3	3	0	1	2	2	4045	674	32	78551	13	6	90	0	0	0	0	0	0	0	0	0	0	0	0	0	0	
1310.270400	8	3	3	0	1	2	2	4052	674	32	78611	13	6	90	0	0	0	0	0	0	0	0	0	0	0	0	0	0	
1311.266883	8	3	3	0	1	2	2	4057	675	32	78671	13	6	90	0	0	0	0	0	0	0	0	0	0	0	0	0	0	
1312.263367	8	3	3	0	1	2	2	4062	674	32	78731	13	6	90	0	0	0	0	0	0	0	0	0	0	0	0	0	0	
1313.280000	8	3	3	0	1	2	2	4067	674	32	78792	13	6	90	0	0	0	0	0	0	0	0	0	0	0	0	0	0	
1314.275033	8	3	3	0	1	2	2	4072	675	32	78851	13	6	90	0	0	0	0	0	0	0	0	0	0	0	0	0	0	
1315.267200	8	3	3	0	1	2	2	4077	674	32	78911	13	6	90	0	0	0	0	0	0	0	0	0	0	0	0	0	0	
1316.269433	8	3	3	0	1	2	2	4080	674	32	78971	13	6	90	0	0	0	0	0	0	0	0	0	0	0	0	0	0	
1317.265917	8	3	3	0	1	2	2	4082	675	32	79031	13	6	90	0	0	0	0	0	0	0	0	0	0	0	0	0	0	
1318.263833	8	3	3	0	1	2	2	4085	673	32	79091	13	6	90	0	0	0	0	0	0	0	0	0	0	0	0	0	0	
1319.277600	8	3	3	0	1	2	2	4090	675	32	79151	13	6	90	0	0	0	0	0	0	0	0	0	0	0	0	0	0	
1320.272633	8	3	3	0	1	2	2	4092	675	32	79211	13	6	90	0	0	0	0	0	0	0	0	0	0	0	0	0	0	
1321.274883	8	3	3	0	1	2	2	4095	675	32	79271	13	6	90	0	0	0	0	0	0	0	0	0	0	0	0	0	0	
1322.281433	8	3	3	0	1	2	2	4098	674	32	79332	13	6	90	0	0	0	0	0	0	0	0	0	0	0	0	0	0	
1323.266400	8	3	3	0	1	2	2	4102	675	32	79391	13	6	90	0	0	0	0	0	0	0	0	0	0	0	0	0	0	
1324.264317	8	3	3	0	1	2	2	4104	675	32	79451	13	6	90	0	0	0	0	0	0	0	0	0	0	0	0	0	0	
1325.273767	8	3	3	0	1	2	2	4106	675	32	79511	13	6	90	0	0	0	0	0	0	0	0	0	0	0	0	0	0	
1326.263033	8	3	3	0	1	2	2	4109	675	32	79571	13	6	90	0	0	0	0	0	0	0	0	0	0	0	0	0	0	
1327.268167	8	3	3	0	1	2	2	4112	675	32	79631	13	6	90	0	0	0	0	0	0	0	0	0	0	0	0	0	0	
1328.263200	8	3	3	0	1	2	2	4115	675	32	79691	13	6	90	0	0	0	0	0	0	0	0	0	0	0	0	0	0	
1329.275517	8	3	3	0	1	2	2	4116	671	32	79751	13	6	90	0	0	0	0	0	0	0	0	0	0	0	0	0	0	
1330.277767	8	3	3	0	1	2	2	4118	668	32	79811	13	6	90	0	0	0	0	0	0	0	0	0	0	0	0	0	0	
1331.272800	8	3	3	0	1	2	2	4121	668	32	79871	13	6	90	0	0	0	0	0	0	0	0	0	0	0	0	0	0	
1332.269283	8	3	3	0	1	2	2	4125	667	32	79931	13	6	90	0	0	0	0	0	0	0	0	0	0	0	0	0	0	
1333.272967	8	3	3	0	1	2	2	4128	665	32	79991	13	6	90	0	0	0	0	0	0	0	0	0	0	0	0	0	0	
1334.273767	8	3	3	0	1	2	2	4132	665	32	80051	13	6	90	0	0	0	0	0	0	0	0	0	0	0	0	0	0	
1335.268800	8	3	3	0	1	2	2	4135	666	32	80111	13	6	90	0	0	0	0	0	0	0	0	0	0	0	0	0	0	
1336.265283	8	3	3	0	1	2	2	4139	666	32	80171	13	6	90	0	0	0	0	0	0	0	0	0	0	0	0	0	0	
1337.280483	8	3	3	0	1	2	2	4142	665	32	80232	13	6	90	0	0	0	0	0	0	0	0	0	0	0	0	0	0	
1338.275517	8	3	3	0	1	2	2	4146	663	32	80291	13	6	90	0	0	0	0	0	0	0	0	0	0	0	0	0	0	
1339.272000	8	3	3	0	1	2	2	4149	663	32	80351	13	6	90	0	0	0	0	0	0	0	0	0	0	0	0	0	0	
1340.272800	8	3	3	0	1	2	2	4154	663	32	80411	13	6	90	0	0	0	0	0	0	0	0	0	0	0	0	0	0	
1341.267833	8	3	3	0	1	2	2	4158	663	32	80471	13	6	90	0	0	0	0	0	0	0	0	0	0	0	0	0	0	
1342.283033	8	3	3	0	1	2	2	4161	662	32	80532	13	6	90	0	0	0	0	0	0	0	0	0	0	0	0	0	0	
1343.278083	8	3	3	0	1	2	2	4165	662	32	80591	13	6	90	0	0	0	0	0	0	0	0	0	0	0	0	0	0	
1344.274567	8	3	3	0	1	2	2	4171	660	32	80651	13	6	90	0	0	0	0	0	0	0	0	0	0	0	0	0	0	
1345.278233	8	3	3	0	1	2	2	4174	659	32	80711	13	6	90	0	0	0	0	0	0	0	0	0	0	0	0	0	0	
1346.273283	8	3	3	0	1	2	2	4179	659	32	80771	13	6	90	0	0	0	0	0	0	0	0	0	0	0	0	0	0	
1347.269767	8	3	3	0	1	2	2	4183	658	32	80831	13	6	90	0	0	0	0	0	0	0	0	0	0	0	0	0	0	
1348.273433	8	3	3	0	1	2	2	4188	658	32	80891	13	6	90	0	0	0	0	0	0	0	0	0	0	0	0	0	0	
1349.275683	8	3	3	0	1	2	2	4193	659	32	80951	13	6	90	0	0	0	0	0	0	0	0	0	0	0	0	0	0	
1350.277917	8	3	3	0	1	2	2	4196	658	32	81011	13	6	90	0	0	0	0	0	0	0	0	0	0	0	0	0	0	
1351.274400	8	3	3	0	1	2	2	4199	652	32	81071	13	6	90	0	0	0	0	0	0	0	0	0	0	0	0	0	0	
1352.270883	8	3	3	0	1	2	2	4198	639	32	81131	13	6	90	0	0	0	0	0	0	0	0	0	0	0	0	0	0	
1353.268800	8	3	3	0	1	2	2	4199	633	32	81191	13	6	90	0	0	0	0	0	0	0	0	0	0	0	0	0	0	
1354.282567	8	3	3	0	1	2	2	4198	620	32	81252	13	6	90	0	0	0	0	0	0	0	0	0	0	0	0	0	0	
1355.281917	8	3	3	0	1	2	2	4199	606	32	81312	13	6	90	0	0	0	0	0	0	0	0	0	0	0	0	0	0	
1356.278400	8	3	3	0	1	2	2	4198	588	32	81371	13	6	90	0	0	0	0	0	0	0	0	0	0	0	0	0	0	
1357.277767	8	3	3	0	1	2	2	4199	571	32	81431	13	6	90	0	0	0	0	0	0	0	0	0	0	0	0	0	0	
1358.277117	8	3	3	0	1	2	2	4198	566	32	81491	13	6	90	0	0	0	0	0	0	0	0	0	0	0	0	0	0	
1359.273600	8	3	3	0	1	2	2	4199	559	32	81551	13	6	90	0	0	0	0	0	0	0	0	0	0	0	0	0	0	
1360.274400	8	3	3	0	1	2	2	4198	552	32	81611	13	6	90	0	0	0	0	0	0	0	0	0	0	0	0	0	0	
1361.270883	8	3	3	0	1	2	2	4199	546	32	81671	13	6	90	0	0	0	0	0	0	0	0	0	0	0	0	0	0	
1362.284633	8	3	3	0	1	2	2	4198	539	32	81732	13	6	90	0	0	0	0	0	0	0	0	0	0	0	0	0	0	
1363.281117	8	3	3	0	1	2	2	4199	535	32	81791	13	6	90	0	0	0	0	0	0	0	0	0	0	0	0	0	0	
1364.276167	8	3	3	0	1	2	2	4198	528	32	81851	13	6	90	0	0	0	0	0	0	0	0	0	0	0	0	0	0	
1365.272633	8	3	3	0	1	2	2	4198	519	32	81911	13	6	90	0	0	0	0	0	0	0	0	0	0	0	0	0	0	
1366.267683	8	3	3	0	1	2	2	4198	509	32	81971	13	6	90	0	0	0	0	0	0	0	0	0	0	0	0	0	0	
1367.281433	8	3	3	0	1	2	2	4198	498	32	82031	13	6	90	0	0	0	0	0	0	0	0	0	0	0	0	0	0	
1368.285117	8	3	3	0	1	2	2	4198	488	32	82092	13	6	90	0	0	0	0	0	0	0	0	0	0	0	0	0	0	
1369.274400	8	3	3	0	1	2	2	4198	479	32	82151	13	6	90	0	0	0	0	0	0	0	0	0	0	0	0	0	0	
1370.283833	8	3	3	0	1	2	2	4198	469	32	82212	13	6	90	0	0	0	0	0	0	0	0	0	0	0	0	0	0	
1371.270233	8	3	3	0	1	2	2	4199	457	32	82271	13	6	90	0	0	0	0	0	0	0	0	0	0	0	0	0	0	
1372.272483	8	3	3	0	1	2	2	4199	447	32	82331	13	6	90	0	0	0	0	0	0	0	0	0	0	0	0	0	0	
1373.268967	8	3	3	0	1	2	2	4199	440	32	82391	13	6	90	0	0	0	0	0	0	0	0	0	0	0	0	0	0	
1374.284167	8	3	3	0	1	2	2	4199	432	32	82452	13	6	90	0	0	0	0	0	0	0	0	0	0	0	0	0	0	
1375.279200	8	3	3	0	1	2	2	4199	424	32	82511	13	6	90	0	0	0	0	0	0	0	0	0	0	0	0	0	0	
1376.275683	8	3	3	0	1	2	2	4198	417	32	82571	13	6	90	0	0	0	0	0	0	0	0	0	0	0	0	0	0	
1377.276483	8	3	3	0	1	2	2	4199	411	32	82631	13	6	90	0	0	0	0	0	0	0	0	0	0	0	0	0	0	
1378.275833	8	3	3	0	1	2	2	4198	403	32	82691	13	6	90	0	0	0	0	0	0	0	0	0	0	0	0	0	0	
1379.275200	8	3	3	0	1	2	2	4198	396	32	82751	13	6	90	0	0	0	0	0	0	0	0	0	0	0	0	0	0	
1380.270233	8	3	3	0	1	2	2	4198	389	32	82811	13	6	90	0	0	0	0	0	0	0	0	0	0	0	0	0	0	
1381.272483	8	3	3	0	1	2	2	4198	381	32	82871	13	6	90	0	0	0	0	0	0	0	0	0	0	0	0	0	0	
1382.268967	8	3	3	0	1	2	2	4199	373	32	82931	13	6	90	0	0	0	0	0	0	0	0	0	0	0	0	0	0	
1383.269767	8	3	3	0	1	2	2	4198	364	32	82991	13	6	90	0	0	0	0	0	0	0	0	0	0	0	0	0	0	
1384.283517	8	3	3	0	1	2	2	4198	357	32	83052	13	6	90	0	0	0	0	0	0	0	0	0	0	0	0	0	0	
1385.282883	8	3	3	0	1	2	2	4198	348	32	83112	13	6	90	0	0	0	0	0	0	0	0	0	0	0	0	0	0	
1386.276483	8	3	3	0	1	2	2	4198	341	32	83171	13	6	90	0	0	0	0	0	0	0	0	0	0	0	0	0	0	
1387.275833	8	3	3	0	1	2	2	4198	333	32	83231	13	6	90	0	0	0	0	0	0	0	0	0	0	0	0	0	0	
1388.276633	8	3	3	0	1	2	2	4199	322	32	83291	13	6	90	0	0	0	0	0	0	0	0	0	0	0	0	0	0	
1389.270233	8	3	3	0	1	2	2	4199	314	32	83351	13	6	90	0	0	0	0	0	0	0	0	0	0	0	0	0	0	
1390.272483	8	3	3	0	1	2	2	4199	306	32	83411	13	6	90	0	0	0	0	0	0	0	0	0	0	0	0	0	0	
1391.279033	8	3	3	0	1	2	2	4199	296	32	83471	13	6	90	0	0	0	0	0	0	0	0	0	0	0	0	0	0	
1392.284167	8	3	3	0	1	2	2	4198	286	32	83532	13	6	90	0	0	0	0	0	0	0	0	0	0	0	0	0	0	
1393.284967	8	3	3	0	1	2	2	4198	278	32	83592	13	6	90	0	0	0	0	0	0	0	0	0	0	0	0	0	0	
1394.282883	8	3	3	0	1	2	2	4198	271	32	83651	13	6	90	0	0	0	0	0	0	0	0	0	0	0	0	0	0	
1395.273600	8	3	3	0	1	2	2	4198	264	32	83711	13	6	90	0	0	0	0	0	0	0	0	0	0	0	0	0	0	
1396.277283	8	3	3	0	1	2	2	4198	258	32	83771	13	6	90	0	0	0	0	0	0	0	0	0	0	0	0	0	0	
1397.273767	8	3	3	0	1	2	2	4199	251	32	83831	13	6	90	0	0	0	0	0	0	0	0	0	0	0	0	0	0	
1398.268800	8	3	3	0	1	2	2	4199	246	32	83891	13	6	90	0	0	0	0	0	0	0	0	0	0	0	0	0	0	
1399.284000	8	3	3	0	1	2	2	4198	240	32	83952	13	6	90	0	0	0	0	0	0	0	0	0	0	0	0	0	0	
1400.286233	8	3	3	0	1	2	2	4198	235	32	84012	13	6	90	0	0	0	0	0	0	0	0	0	0	0	0	0	0	
1401.287033	8	3	3	0	1	2	2	4199	230	32	84072	13	6	90	0	0	0	0	0	0	0	0	0	0	0	0	0	0	
1402.279200	8	3	3	0	1	2	2	4198	225	32	84131	13	6	90	0	0	0	0	0	0	0	0	0	0	0	0	0	0	
1403.281433	8	3	3	0	1	2	2	4198	221	32	84191	13	6	90	0	0	0	0	0	0	0	0	0	0	0	0	0	0	
1404.273600	8	3	3	0	1	2	2	4198	216	32	84251	13	6	90	0	0	0	0	0	0	0	0	0	0	0	0	0	0	
1405.275833	8	3	3	0	1	2	2	4198	213	32	84311	13	6	90	0	0	0	0	0	0	0	0	0	0	0	0	0	0	
1406.270883	8	3	3	0	1	2	2	4199	208	32	84371	13	6	90	0	0	0	0	0	0	0	0	0	0	0	0	0	0	
1407.273117	8	3	3	0	1	2	2	4199	203	32	84431	13	6	90	0	0	0	0	0	0	0	0	0	0	0	0	0	0	
1408.279683	8	3	3	0	1	2	2	4198	199	32	84491	13	6	90	0	0	0	0	0	0	0	0	0	0	0	0	0	0	
1409.284800	8	3	3	0	1	2	2	4199	196	32	84551	13	6	90	0	0	0	0	0	0	0	0	0	0	0	0	0	0	
1410.288483	8	3	3	0	1	2	2	4198	191	32	84612	13	6	90	0	0	0	0	0	0	0	0	0	0	0	0	0	0	
1411.283517	8	3	3	0	1	2	2	4198	189	32	84671	13	6	90	0	0	0	0	0	0	0	0	0	0	0	0	0	0	
1412.275683	8	3	3	0	1	2	2	4198	184	32	84731	13	6	90	0	0	0	0	0	0	0	0	0	0	0	0	0	0	
1413.279367	8	3	3	0	1	2	2	4198	180	32	84791	13	6	90	0	0	0	0	0	0	0	0	0	0	0	0	0	0	
1414.274400	8	3	3	0	1	2	2	4199	177	32	84851	13	6	90	0	0	0	0	0	0	0	0	0	0	0	0	0	0	
1415.283833	8	3	3	0	1	2	2	4198	174	32	84911	13	6	90	0	0	0	0	0	0	0	0	0	0	0	0	0	0	
1416.278883	8	3	3	0	1	2	2	4199	171	32	84971	13	6	90	0	0	0	0	0	0	0	0	0	0	0	0	0	0	
1417.272483	8	3	3	0	1	2	2	4199	167	32	85031	13	6	90	0	0	0	0	0	0	0	0	0	0	0	0	0	0	
1418.274717	8	3	3	0	1	2	2	4198	163	32	85091	13	6	90	0	0	0	0	0	0	0	0	0	0	0	0	0	0	
1419.288483	8	3	3	0	1	2	2	4198	160	32	85152	13	6	90	0	0	0	0	0	0	0	0	0	0	0	0	0	0	
1420.287833	8	3	3	0	1	2	2	4199	156	32	85212	13	6	90	0	0	0	0	0	0	0	0	0	0	0	0	0	0	
1421.277117	8	3	3	0	1	2	2	4199	154	32	85271	13	6	90	0	0	0	0	0	0	0	0	0	0	0	0	0	0	
1422.283683	8	3	3	0	1	2	2	4198	150	32	85331	13	6	90	0	0	0	0	0	0	0	0	0	0	0	0	0	0	
1423.288800	8	3	3	0	1	2	2	4199	148	32	85392	13	6	90	0	0	0	0	0	0	0	0	0	0	0	0	0	0	
1424.276633	8	3	3	0	1	2	2	4199	144	32	85451	13	6	90	0	0	0	0	0	0	0	0	0	0	0	0	0	0	
1425.280317	8	3	3	0	1	2	2	4199	141	32	85511	13	6	90	0	0	0	0	0	0	0	0	0	0	0	0	0	0	
1426.276800	8	3	3	0	1	2	2	4199	137	32	85571	13	6	90	0	0	0	0	0	0	0	0	0	0	0	0	0	0	
1427.271833	8	3	3	0	1	2	2	4198	135	32	85631	13	6	90	0	0	0	0	0	0	0	0	0	0	0	0	0	0	
1428.287033	8	3	3	0	1	2	2	4199	132	32	85692	13	6	90	0	0	0	0	0	0	0	0	0	0	0	0	0	0	
1429.283517	8	3	3	0	1	2	2	4199	129	32	85751	13	6	90	0	0	0	0	0	0	0	0	0	0	0	0	0	0	
1430.278567	8	3	3	0	1	2	2	4199	127	32	85811	13	6	90	0	0	0	0	0	0	0	0	0	0	0	0	0	0	
1431.275033	8	3	3	0	1	2	2	4199	124	32	85871	13	6	90	0	0	0	0	0	0	0	0	0	0	0	0	0	0	
1432.272967	8	3	3	0	1	2	2	4199	121	32	85931	13	6	90	0	0	0	0	0	0	0	0	0	0	0	0	0	0	
1433.288167	8	3	3	0	1	2	2	4199	119	32	85992	13	6	90	0	0	0	0	0	0	0	0	0	0	0	0	0	0	
1434.284633	8	3	3	0	1	2	2	4199	116	32	86051	13	6	90	0	0	0	0	0	0	0	0	0	0	0	0	0	0	
1435.276800	8	3	3	0	1	2	2	4198	113	32	86111	13	6	90	0	0	0	0	0	0	0	0	0	0	0	0	0	0	
1436.279033	8	3	3	0	1	2	2	4198	112	32	86171	13	6	90	0	0	0	0	0	0	0	0	0	0	0	0	0	0	
1437.276967	8	3	3	0	1	2	2	4198	109	32	86231	13	6	90	0	0	0	0	0	0	0	0	0	0	0	0	0	0	
1438.279200	8	3	3	0	1	2	2	4198	107	32	86291	13	6	90	0	0	0	0	0	0	0	0	0	0	0	0	0	0	
1439.277117	8	3	3	0	1	2	2	4198	104	32	86351	13	6	90	0	0	0	0	0	0	0	0	0	0	0	0	0	0	
1440.290883	8	3	3	0	1	2	2	4198	102	32	86412	13	6	90	0	0	0	0	0	0	0	0	0	0	0	0	0	0	
1441.285917	8	3	3	0	1	2	2	4199	101	32	86471	13	6	90	0	0	0	0	0	0	0	0	0	0	0	0	0	0	
1442.280967	8	3	3	0	1	2	2	4198	98	32	86531	13	6	90	0	0	0	0	0	0	0	0	0	0	0	0	0	0	
1443.280317	8	3	3	0	1	2	2	4198	96	32	86591	13	6	90	0	0	0	0	0	0	0	0	0	0	0	0	0	0	
1444.279683	8	3	3	0	1	2	2	4198	94	32	86651	13	6	90	0	0	0	0	0	0	0	0	0	0	0	0	0	0	
1445.284800	8	3	3	0	1	2	2	4198	92	32	86711	13	6	90	0	0	0	0	0	0	0	0	0	0	0	0	0	0	
1446.272633	8	3	3	0	1	2	2	4199	91	32	86771	13	6	90	0	0	0	0	0	0	0	0	0	0	0	0	0	0	
1447.290717	8	3	3	0	1	2	2	4198	88	32	86832	13	6	90	0	0	0	0	0	0	0	0	0	0	0	0	0	0	
1448.284317	8	3	3	0	1	2	2	4198	87	32	86891	13	6	90	0	0	0	0	0	0	0	0	0	0	0	0	0	0	
1449.285117	8	3	3	0	1	2	2	4198	86	32	86951	13	6	90	0	0	0	0	0	0	0	0	0	0	0	0	0	0	
1450.277283	8	3	3	0	1	2	2	4199	84	32	87011	13	6	90	0	0	0	0	0	0	0	0	0	0	0	0	0	0	
1451.280967	8	3	3	0	1	2	2	4198	83	32	87071	13	6	90	0	0	0	0	0	0	0	0	0	0	0	0	0	0	
1452.278883	8	3	3	0	1	2	2	4199	80	32	87131	13	6	90	0	0	0	0	0	0	0	0	0	0	0	0	0	0	
1453.275367	8	3	3	0	1	2	2	4199	79	32	87191	13	6	90	0	0	0	0	0	0	0	0	0	0	0	0	0	0	
1454.290567	8	3	3	0	1	2	2	4199	78	32	87252	13	6	90	0	0	0	0	0	0	0	0	0	0	0	0	0	0	
1455.275517	8	3	3	0	1	2	2	4199	76	32	87311	13	6	90	0	0	0	0	0	0	0	0	0	0	0	0	0	0	
1456.292167	8	3	3	0	1	2	2	4198	75	32	87372	13	6	90	0	0	0	0	0	0	0	0	0	0	0	0	0	0	
1457.280000	8	3	3	0	1	2	2	4199	74	32	87431	13	6	90	0	0	0	0	0	0	0	0	0	0	0	0	0	0	
1458.285117	8	3	3	0	1	2	2	4198	72	32	87491	13	6	90	0	0	0	0	0	0	0	0	0	0	0	0	0	0	
1459.288800	8	3	3	0	1	2	2	4198	70	32	87552	13	6	90	0	0	0	0	0	0	0	0	0	0	0	0	0	0	
1460.283833	8	3	3	0	1	2	2	4199	68	32	87611	13	6	90	0	0	0	0	0	0	0	0	0	0	0	0	0	0	
1461.287517	8	3	3	0	1	2	2	4198	66	32	87671	13	6	90	0	0	0	0	0	0	0	0	0	0	0	0	0	0	
1461.313433	8	6	3	0	2	7	1	3502	-1350	32	87673	13	7	0	0	0	0	0	0	0	0	0	0	0	0	0	0	0	
1462.286883	8	6	3	0	2	7	1	3691	-1351	32	87731	13	7	1	0	0	0	0	0	0	0	0	0	0	0	0	0	0	
1463.283367	8	6	3	0	2	7	1	3686	-1349	32	87791	13	7	3	0	0	0	0	0	0	0	0	0	0	0	0	0	0	
1464.279833	8	6	3	0	2	7	1	3677	-1350	32	87851	13	7	4	0	0	0	0	0	0	0	0	0	0	0	0	0	0	
1465.274883	8	6	3	0	2	7	1	3661	-1349	32	87911	13	7	6	0	0	0	0	0	0	0	0	0	0	0	0	0	0	
1466.290083	8	6	3	0	2	7	1	3646	-1349	32	87972	13	7	8	0	0	0	0	0	0	0	0	0	0	0	0	0	0	
1467.285117	8	6	3	0	2	7	1	3633	-1350	32	88031	13	7	9	0	0	0	0	0	0	0	0	0	0	0	0	0	0	
1468.281600	8	6	3	0	2	7	1	3617	-1350	32	88091	13	7	11	0	0	0	0	0	0	0	0	0	0	0	0	0	0	
1469.276633	8	6	3	0	2	7	1	3601	-1349	32	88151	13	7	13	0	0	0	0	0	0	0	0	0	0	0	0	0	0	
1470.291833	8	6	3	0	2	7	1	3585	-1348	32	88212	13	7	14	0	0	0	0	0	0	0	0	0	0	0	0	0	0	
1471.288317	8	6	3	0	2	7	1	3570	-1349	32	88271	13	7	16	0	0	0	0	0	0	0	0	0	0	0	0	0	0	
1472.283367	8	6	3	0	2	7	1	3555	-1351	32	88331	13	7	18	0	0	0	0	0	0	0	0	0	0	0	0	0	0	
1473.279833	8	6	3	0	2	7	1	3542	-1350	32	88391	13	7	19	0	0	0	0	0	0	0	0	0	0	0	0	0	0	
1474.289283	8	6	3	0	2	7	1	3529	-1348	32	88451	13	7	21	0	0	0	0	0	0	0	0	0	0	0	0	0	0	
1475.275683	8	6	3	0	2	7	1	3516	-1349	32	88511	13	7	23	0	0	0	0	0	0	0	0	0	0	0	0	0	0	
1476.282233	8	6	3	0	2	7	1	3504	-1349	32	88571	13	7	24	0	0	0	0	0	0	0	0	0	0	0	0	0	0	
1477.287367	8	6	3	0	2	7	1	3492	-1351	32	88631	13	7	26	0	0	0	0	0	0	0	0	0	0	0	0	0	0	
1478.292483	8	6	3	0	2	7	1	3481	-1349	32	88692	13	7	28	0	0	0	0	0	0	0	0	0	0	0	0	0	0	
1479.278883	8	6	3	0	2	7	1	3469	-1350	32	88751	13	7	29	0	0	0	0	0	0	0	0	0	0	0	0	0	0	
1480.286883	8	6	3	0	2	7	1	3458	-1349	32	88811	13	7	31	0	0	0	0	0	0	0	0	0	0	0	0	0	0	
1481.290567	8	6	3	0	2	7	1	3447	-1350	32	88871	13	7	33	0	0	0	0	0	0	0	0	0	0	0	0	0	0	
1482.285600	8	6	3	0	2	7	1	3437	-1350	32	88931	13	7	34	0	0	0	0	0	0	0	0	0	0	0	0	0	0	
1483.282083	8	6	3	0	2	7	1	3427	-1348	32	88991	13	7	36	0	0	0	0	0	0	0	0	0	0	0	0	0	0	
1484.277117	8	6	3	0	2	7	1	3417	-1350	32	89051	13	7	37	0	0	0	0	0	0	0	0	0	0	0	0	0	0	
1485.292317	8	6	3	0	2	7	1	3407	-1349	32	89112	13	7	39	0	0	0	0	0	0	0	0	0	0	0	0	0	0	
1486.288800	8	6	3	0	2	7	1	3398	-1349	32	89171	13	7	41	0	0	0	0	0	0	0	0	0	0	0	0	0	0	
1487.283833	8	6	3	0	2	7	1	3389	-1350	32	89231	13	7	42	0	0	0	0	0	0	0	0	0	0	0	0	0	0	
1488.278883	8	6	3	0	2	7	1	3380	-1350	32	89291	13	7	44	0	0	0	0	0	0	0	0	0	0	0	0	0	0	
1489.294083	8	6	3	0	2	7	1	3372	-1349	32	89352	13	7	46	0	0	0	0	0	0	0	0	0	0	0	0	0	0	
1490.290567	8	6	3	0	2	7	1	3363	-1349	32	89411	13	7	48	0	0	0	0	0	0	0	0	0	0	0	0	0	0	
1491.285600	8	6	3	0	2	7	1	3356	-1350	32	89471	13	7	49	0	0	0	0	0	0	0	0	0	0	0	0	0	0	
1492.280633	8	6	3	0	2	7	1	3348	-1349	32	89531	13	7	51	0	0	0	0	0	0	0	0	0	0	0	0	0	0	
1493.285767	8	6	3	0	2	7	1	3341	-1349	32	89591	13	7	52	0	0	0	0	0	0	0	0	0	0	0	0	0	0	
1494.290883	8	6	3	0	2	7	1	3334	-1350	32	89651	13	7	54	0	0	0	0	0	0	0	0	0	0	0	0	0	0	
1495.277283	8	6	3	0	2	7	1	3328	-1349	32	89711	13	7	56	0	0	0	0	0	0	0	0	0	0	0	0	0	0	
1496.282400	8	6	3	0	2	7	1	3321	-1349	32	89771	13	7	57	0	0	0	0	0	0	0	0	0	0	0	0	0	0	
1497.288967	8	6	3	0	2	7	1	3315	-1349	32	89831	13	7	59	0	0	0	0	0	0	0	0	0	0	0	0	0	0	
1498.294083	8	6	3	0	2	7	1	3308	-1350	32	89892	13	7	61	0	0	0	0	0	0	0	0	0	0	0	0	0	0	
1499.280483	8	6	3	0	2	7	1	3302	-1350	32	89951	13	7	62	0	0	0	0	0	0	0	0	0	0	0	0	0	0	
1500.285600	8	6	3	0	2	7	1	3295	-1349	32	90011	13	7	64	0	0	0	0	0	0	0	0	0	0	0	0	0	0	
1501.290717	8	6	3	0	2	7	1	3288	-1349	32	90071	13	7	66	0	0	0	0	0	0	0	0	0	0	0	0	0	0	
1502.277117	8	6	3	0	2	7	1	3281	-1349	32	90131	13	7	67	0	0	0	0	0	0	0	0	0	0	0	0	0	0	
1503.283683	8	6	3	0	2	7	1	3274	-1349	32	90191	13	7	69	0	0	0	0	0	0	0	0	0	0	0	0	0	0	
1504.288800	8	6	3	0	2	7	1	3266	-1351	32	90251	13	7	71	0	0	0	0	0	0	0	0	0	0	0	0	0	0	
1505.293917	8	6	3	0	2	7	1	3258	-1350	32	90312	13	7	72	0	0	0	0	0	0	0	0	0	0	0	0	0	0	
1506.280317	8	6	3	0	2	7	1	3248	-1350	32	90371	13	7	74	0	0	0	0	0	0	0	0	0	0	0	0	0	0	
1507.285433	8	6	3	0	2	7	1	3237	-1349	32	90431	13	7	76	0	0	0	0	0	0	0	0	0	0	0	0	0	0	
1508.292000	8	6	3	0	2	7	1	3223	-1351	32	90491	13	7	77	0	0	0	0	0	0	0	0	0	0	0	0	0	0	
1509.278400	8	6	3	0	2	7	1	3206	-1349	32	90551	13	7	79	0	0	0	0	0	0	0	0	0	0	0	0	0	0	
1510.283517	8	6	3	0	2	7	1	3184	-1350	32	90611	13	7	81	0	0	0	0	0	0	0	0	0	0	0	0	0	0	
1511.288633	8	6	3	0	2	7	1	3153	-1349	32	90671	13	7	82	0	0	0	0	0	0	0	0	0	0	0	0	0	0	
1512.293767	8	6	3	0	2	7	1	3112	-1349	32	90732	13	7	84	0	0	0	0	0	0	0	0	0	0	0	0	0	0	
1513.280167	8	6	3	0	2	7	1	3047	-1350	32	90791	13	7	86	0	0	0	0	0	0	0	0	0	0	0	0	0	0	
1514.286717	8	6	3	0	2	7	1	2920	-1349	32	90851	13	7	87	0	0	0	0	0	0	0	0	0	0	0	0	0	0	
1515.103200	8	15	3	0	1	31	2	3115	116	32	90900	15	7	89	0	0	0	0	0	0	0	0	0	0	0	0	0	0	
1515.123367	8	3	3	0	1	2	2	3317	680	32	90901	15	7	89	0	0	0	0	0	0	0	0	0	0	0	0	0	0	
1515.294717	8	3	3	0	1	2	2	3417	676	32	90912	15	7	89	0	0	0	0	0	0	0	0	0	0	0	0	0	0	
1516.281117	8	3	3	0	1	2	2	3606	674	32	90971	15	7	89	0	0	0	0	0	0	0	0	0	0	0	0	0	0	
1517.287683	8	3	3	0	1	2	2	3704	674	32	91031	15	7	89	0	0	0	0	0	0	0	0	0	0	0	0	0	0	
1518.292800	8	3	3	0	1	2	2	3775	673	32	91091	15	7	89	0	0	0	0	0	0	0	0	0	0	0	0	0	0	
1519.295033	8	3	3	0	1	2	2	3829	675	32	91152	15	7	89	0	0	0	0	0	0	0	0	0	0	0	0	0	0	
1520.290083	8	3	3	0	1	2	2	3870	674	32	91211	15	7	89	0	0	0	0	0	0	0	0	0	0	0	0	0	0	
1521.286567	8	3	3	0	1	2	2	3899	675	32	91271	15	7	89	0	0	0	0	0	0	0	0	0	0	0	0	0	0	
1522.280167	8	3	3	0	1	2	2	3914	674	32	91331	15	7	89	0	0	0	0	0	0	0	0	0	0	0	0	0	0	
1523.280967	8	3	3	0	1	2	2	3922	674	32	91391	15	7	89	0	0	0	0	0	0	0	0	0	0	0	0	0	0	
1524.291833	8	3	3	0	1	2	2	3930	675	32	91451	15	7	89	0	0	0	0	0	0	0	0	0	0	0	0	0	0	
1525.295517	8	3	3	0	1	2	2	3937	674	32	91512	15	7	89	0	0	0	0	0	0	0	0	0	0	0	0	0	0	
1526.283367	8	3	3	0	1	2	2	3944	675	32	91571	15	7	89	0	0	0	0	0	0	0	0	0	0	0	0	0	0	
1527.287033	8	3	3	0	1	2	2	3949	675	32	91631	15	7	89	0	0	0	0	0	0	0	0	0	0	0	0	0	0	
1528.283517	8	3	3	0	1	2	2	3955	675	32	91691	15	7	89	0	0	0	0	0	0	0	0	0	0	0	0	0	0	
1529.278567	8	3	3	0	1	2	2	3961	674	32	91751	15	7	89	0	0	0	0	0	0	0	0	0	0	0	0	0	0	
1530.280800	8	3	3	0	1	2	2	3968	675	32	91811	15	7	89	0	0	0	0	0	0	0	0	0	0	0	0	0	0	
1531.296000	8	3	3	0	1	2	2	3974	674	32	91872	15	7	89	0	0	0	0	0	0	0	0	0	0	0	0	0	0	
1532.291033	8	3	3	0	1	2	2	3980	674	32	91931	15	7	89	0	0	0	0	0	0	0	0	0	0	0	0	0	0	
1533.287517	8	3	3	0	1	2	2	3986	674	32	91991	15	7	89	0	0	0	0	0	0	0	0	0	0	0	0	0	0	
1534.284000	8	3	3	0	1	2	2	3993	676	32	92051	15	7	89	0	0	0	0	0	0	0	0	0	0	0	0	0	0	
1535.281917	8	3	3	0	1	2	2	3999	675	32	92111	15	7	89	0	0	0	0	0	0	0	0	0	0	0	0	0	0	
1536.297117	8	3	3	0	1	2	2	4006	675	32	92172	15	7	89	0	0	0	0	0	0	0	0	0	0	0	0	0	0	
1537.292167	8	3	3	0	1	2	2	4012	675	32	92231	15	7	89	0	0	0	0	0	0	0	0	0	0	0	0	0	0	
1538.288633	8	3	3	0	1	2	2	4017	674	32	92291	15	7	89	0	0	0	0	0	0	0	0	0	0	0	0	0	0	
1539.283683	8	3	3	0	1	2	2	4022	675	32	92351	15	7	89	0	0	0	0	0	0	0	0	0	0	0	0	0	0	
1540.283033	8	3	3	0	1	2	2	4028	675	32	92411	15	7	89	0	0	0	0	0	0	0	0	0	0	0	0	0	0	
1541.282400	8	3	3	0	1	2	2	4032	674	32	92471	15	7	89	0	0	0	0	0	0	0	0	0	0	0	0	0	0	
1542.287517	8	3	3	0	1	2	2	4036	674	32	92531	15	7	89	0	0	0	0	0	0	0	0	0	0	0	0	0	0	
1543.291200	8	3	3	0	1	2	2	4040	675	32	92591	15	7	89	0	0	0	0	0	0	0	0	0	0	0	0	0	0	
1544.286233	8	3	3	0	1	2	2	4043	674	32	92651	15	7	89	0	0	0	0	0	0	0	0	0	0	0	0	0	0	
1545.285600	8	3	3	0	1	2	2	4047	674	32	92711	15	7	89	0	0	0	0	0	0	0	0	0	0	0	0	0	0	
1546.282083	8	3	3	0	1	2	2	4050	674	32	92771	15	7	89	0	0	0	0	0	0	0	0	0	0	0	0	0	0	
1547.295833	8	3	3	0	1	2	2	4053	675	32	92832	15	7	89	0	0	0	0	0	0	0	0	0	0	0	0	0	0	
1548.288000	8	3	3	0	1	2	2	4056	675	32	92891	15	7	89	0	0	0	0	0	0	0	0	0	0	0	0	0	0	
1549.291683	8	3	3	0	1	2	2	4059	675	32	92951	15	7	89	0	0	0	0	0	0	0	0	0	0	0	0	0	0	
1550.298233	8	3	3	0	1	2	2	4062	674	32	93012	15	7	89	0	0	0	0	0	0	0	0	0	0	0	0	0	0	
1551.299033	8	3	3	0	1	2	2	4065	674	32	93072	15	7	89	0	0	0	0	0	0	0	0	0	0	0	0	0	0	
1552.295517	8	3	3	0	1	2	2	4068	675	32	93131	15	7	89	0	0	0	0	0	0	0	0	0	0	0	0	0	0	
1553.290567	8	3	3	0	1	2	2	4071	674	32	93191	15	7	89	0	0	0	0	0	0	0	0	0	0	0	0	0	0	
1554.287033	8	3	3	0	1	2	2	4075	675	32	93251	15	7	89	0	0	0	0	0	0	0	0	0	0	0	0	0	0	
1555.282083	8	3	3	0	1	2	2	4078	675	32	93311	15	7	89	0	0	0	0	0	0	0	0	0	0	0	0	0	0	
1556.297283	8	3	3	0	1	2	2	4082	675	32	93372	15	7	89	0	0	0	0	0	0	0	0	0	0	0	0	0	0	
1557.293767	8	3	3	0	1	2	2	4085	674	32	93431	15	7	89	0	0	0	0	0	0	0	0	0	0	0	0	0	0	
1558.290233	8	3	3	0	1	2	2	4089	674	32	93491	15	7	89	0	0	0	0	0	0	0	0	0	0	0	0	0	0	
1559.288167	8	3	3	0	1	2	2	4092	675	32	93551	15	7	89	0	0	0	0	0	0	0	0	0	0	0	0	0	0	
1560.283200	8	3	3	0	1	2	2	4096	674	32	93611	15	7	89	0	0	0	0	0	0	0	0	0	0	0	0	0	0	
1561.296967	8	3	3	0	1	2	2	4100	674	32	93672	15	7	89	0	0	0	0	0	0	0	0	0	0	0	0	0	0	
1562.281917	8	3	3	0	1	2	2	4104	674	32	93731	15	7	89	0	0	0	0	0	0	0	0	0	0	0	0	0	0	
1563.297117	8	3	3	0	1	2	2	4107	674	32	93791	15	7	89	0	0	0	0	0	0	0	0	0	0	0	0	0	0	
1564.292167	8	3	3	0	1	2	2	4111	674	32	93851	15	7	89	0	0	0	0	0	0	0	0	0	0	0	0	0	0	
1565.288633	8	3	3	0	1	2	2	4115	673	32	93911	15	7	89	0	0	0	0	0	0	0	0	0	0	0	0	0	0	
1566.283683	8	3	3	0	1	2	2	4116	667	32	93971	15	7	89	0	0	0	0	0	0	0	0	0	0	0	0	0	0	
1567.283033	8	3	3	0	1	2	2	4120	665	32	94031	15	7	89	0	0	0	0	0	0	0	0	0	0	0	0	0	0	
1568.296800	8	3	3	0	1	2	2	4123	664	32	94092	15	7	89	0	0	0	0	0	0	0	0	0	0	0	0	0	0	
1569.293283	8	3	3	0	1	2	2	4127	663	32	94151	15	7	89	0	0	0	0	0	0	0	0	0	0	0	0	0	0	
1570.288317	8	3	3	0	1	2	2	4130	662	32	94211	15	7	89	0	0	0	0	0	0	0	0	0	0	0	0	0	0	
1571.286233	8	3	3	0	1	2	2	4135	663	32	94271	15	7	89	0	0	0	0	0	0	0	0	0	0	0	0	0	0	
1572.287033	8	3	3	0	1	2	2	4139	663	32	94331	15	7	89	0	0	0	0	0	0	0	0	0	0	0	0	0	0	
1573.300800	8	3	3	0	1	2	2	4143	661	32	94392	15	7	89	0	0	0	0	0	0	0	0	0	0	0	0	0	0	
1574.297283	8	3	3	0	1	2	2	4148	661	32	94451	15	7	89	0	0	0	0	0	0	0	0	0	0	0	0	0	0	
1575.290883	8	3	3	0	1	2	2	4152	660	32	94511	15	7	89	0	0	0	0	0	0	0	0	0	0	0	0	0	0	
1576.291683	8	3	3	0	1	2	2	4155	659	32	94571	15	7	89	0	0	0	0	0	0	0	0	0	0	0	0	0	0	
1577.286717	8	3	3	0	1	2	2	4160	659	32	94631	15	7	89	0	0	0	0	0	0	0	0	0	0	0	0	0	0	
1578.283200	8	3	3	0	1	2	2	4165	657	32	94691	15	7	89	0	0	0	0	0	0	0	0	0	0	0	0	0	0	
1579.284000	8	3	3	0	1	2	2	4169	656	32	94751	15	7	89	0	0	0	0	0	0	0	0	0	0	0	0	0	0	
1580.299200	8	3	3	0	1	2	2	4174	658	32	94812	15	7	89	0	0	0	0	0	0	0	0	0	0	0	0	0	0	
1581.284167	8	3	3	0	1	2	2	4179	657	32	94871	15	7	89	0	0	0	0	0	0	0	0	0	0	0	0	0	0	
1582.289283	8	3	3	0	1	2	2	4184	655	32	94931	15	7	89	0	0	0	0	0	0	0	0	0	0	0	0	0	0	
1583.285767	8	3	3	0	1	2	2	4189	654	32	94991	15	7	89	0	0	0	0	0	0	0	0	0	0	0	0	0	0	
1584.300967	8	3	3	0	1	2	2	4194	654	32	95052	15	7	89	0	0	0	0	0	0	0	0	0	0	0	0	0	0	
1585.301767	8	3	3	0	1	2	2	4199	652	32	95112	15	7	89	0	0	0	0	0	0	0	0	0	0	0	0	0	0	
1586.296800	8	3	3	0	1	2	2	4198	636	32	95171	15	7	89	0	0	0	0	0	0	0	0	0	0	0	0	0	0	
1587.293283	8	3	3	0	1	2	2	4198	627	32	95231	15	7	89	0	0	0	0	0	0	0	0	0	0	0	0	0	0	
1588.289767	8	3	3	0	1	2	2	4199	613	32	95291	15	7	89	0	0	0	0	0	0	0	0	0	0	0	0	0	0	
1589.284800	8	3	3	0	1	2	2	4198	599	32	95351	15	7	89	0	0	0	0	0	0	0	0	0	0	0	0	0	0	
1590.300000	8	3	3	0	1	2	2	4198	584	32	95412	15	7	89	0	0	0	0	0	0	0	0	0	0	0	0	0	0	
1591.295033	8	3	3	0	1	2	2	4199	557	32	95471	15	7	89	0	0	0	0	0	0	0	0	0	0	0	0	0	0	
1592.294400	8	3	3	0	1	2	2	4199	522	32	95531	15	7	89	0	0	0	0	0	0	0	0	0	0	0	0	0	0	
1593.295200	8	3	3	0	1	2	2	4199	499	32	95591	15	7	89	0	0	0	0	0	0	0	0	0	0	0	0	0	0	
1594.290233	8	3	3	0	1	2	2	4198	481	32	95651	15	7	89	0	0	0	0	0	0	0	0	0	0	0	0	0	0	
1595.286717	8	3	3	0	1	2	2	4199	463	32	95711	15	7	89	0	0	0	0	0	0	0	0	0	0	0	0	0	0	
1596.300483	8	3	3	0	1	2	2	4199	449	32	95772	15	7	89	0	0	0	0	0	0	0	0	0	0	0	0	0	0	
1597.296967	8	3	3	0	1	2	2	4199	436	32	95831	15	7	89	0	0	0	0	0	0	0	0	0	0	0	0	0	0	
1598.293433	8	3	3	0	1	2	2	4198	424	32	95891	15	7	89	0	0	0	0	0	0	0	0	0	0	0	0	0	0	
1599.288483	8	3	3	0	1	2	2	4199	413	32	95951	15	7	89	0	0	0	0	0	0	0	0	0	0	0	0	0	0	
1600.303683	8	3	3	0	1	2	2	4198	400	32	96012	15	7	89	0	0	0	0	0	0	0	0	0	0	0	0	0	0	
1601.298717	8	3	3	0	1	2	2	4198	391	32	96071	15	7	89	0	0	0	0	0	0	0	0	0	0	0	0	0	0	
1602.292317	8	3	3	0	1	2	2	4199	379	32	96131	15	7	89	0	0	0	0	0	0	0	0	0	0	0	0	0	0	
1603.294567	8	3	3	0	1	2	2	4198	371	32	96191	15	7	89	0	0	0	0	0	0	0	0	0	0	0	0	0	0	
1604.289600	8	3	3	0	1	2	2	4198	362	32	96251	15	7	89	0	0	0	0	0	0	0	0	0	0	0	0	0	0	
1605.286083	8	3	3	0	1	2	2	4199	355	32	96311	15	7	89	0	0	0	0	0	0	0	0	0	0	0	0	0	0	
1606.304167	8	3	3	0	1	2	2	4198	347	32	96372	15	7	89	0	0	0	0	0	0	0	0	0	0	0	0	0	0	
1607.300633	8	3	3	0	1	2	2	4199	341	32	96432	15	7	89	0	0	0	0	0	0	0	0	0	0	0	0	0	0	
1608.298567	8	3	3	0	1	2	2	4198	335	32	96491	15	7	89	0	0	0	0	0	0	0	0	0	0	0	0	0	0	
1609.289283	8	3	3	0	1	2	2	4199	331	32	96551	15	7	89	0	0	0	0	0	0	0	0	0	0	0	0	0	0	
1610.294400	8	3	3	0	1	2	2	4199	323	32	96611	15	7	89	0	0	0	0	0	0	0	0	0	0	0	0	0	0	
1611.293767	8	3	3	0	1	2	2	4199	317	32	96671	15	7	89	0	0	0	0	0	0	0	0	0	0	0	0	0	0	
1612.290233	8	3	3	0	1	2	2	4198	311	32	96731	15	7	89	0	0	0	0	0	0	0	0	0	0	0	0	0	0	
1613.291033	8	3	3	0	1	2	2	4199	305	32	96791	15	7	89	0	0	0	0	0	0	0	0	0	0	0	0	0	0	
1614.287517	8	3	3	0	1	2	2	4199	297	32	96851	15	7	89	0	0	0	0	0	0	0	0	0	0	0	0	0	0	
1615.301283	8	3	3	0	1	2	2	4199	290	32	96912	15	7	89	0	0	0	0	0	0	0	0	0	0	0	0	0	0	
1616.297767	8	3	3	0	1	2	2	4199	283	32	96971	15	7	89	0	0	0	0	0	0	0	0	0	0	0	0	0	0	
1617.294233	8	3	3	0	1	2	2	4199	274	32	97031	15	7	89	0	0	0	0	0	0	0	0	0	0	0	0	0	0	
1618.289283	8	3	3	0	1	2	2	4198	266	32	97091	15	7	89	0	0	0	0	0	0	0	0	0	0	0	0	0	0	
1619.288633	8	3	3	0	1	2	2	4198	259	32	97151	15	7	89	0	0	0	0	0	0	0	0	0	0	0	0	0	0	
1620.303833	8	3	3	0	1	2	2	4198	251	32	97212	15	7	89	0	0	0	0	0	0	0	0	0	0	0	0	0	0	
1621.298883	8	3	3	0	1	2	2	4199	243	32	97271	15	7	89	0	0	0	0	0	0	0	0	0	0	0	0	0	0	
1622.301117	8	3	3	0	1	2	2	4199	237	32	97332	15	7	89	0	0	0	0	0	0	0	0	0	0	0	0	0	0	
1623.300483	8	3	3	0	1	2	2	4199	231	32	97391	15	7	89	0	0	0	0	0	0	0	0	0	0	0	0	0	0	
1624.299833	8	3	3	0	1	2	2	4198	225	32	97451	15	7	89	0	0	0	0	0	0	0	0	0	0	0	0	0	0	
1625.293433	8	3	3	0	1	2	2	4198	219	32	97511	15	7	89	0	0	0	0	0	0	0	0	0	0	0	0	0	0	
1626.297117	8	3	3	0	1	2	2	4199	214	32	97571	15	7	89	0	0	0	0	0	0	0	0	0	0	0	0	0	0	
1627.290717	8	3	3	0	1	2	2	4198	208	32	97631	15	7	89	0	0	0	0	0	0	0	0	0	0	0	0	0	0	
1628.294400	8	3	3	0	1	2	2	4198	202	32	97691	15	7	89	0	0	0	0	0	0	0	0	0	0	0	0	0	0	
1629.290883	8	3	3	0	1	2	2	4199	196	32	97751	15	7	89	0	0	0	0	0	0	0	0	0	0	0	0	0	0	
1630.304633	8	3	3	0	1	2	2	4199	192	32	97812	15	7	89	0	0	0	0	0	0	0	0	0	0	0	0	0	0	
1631.301117	8	3	3	0	1	2	2	4199	188	32	97871	15	7	89	0	0	0	0	0	0	0	0	0	0	0	0	0	0	
1632.297600	8	3	3	0	1	2	2	4198	184	32	97931	15	7	89	0	0	0	0	0	0	0	0	0	0	0	0	0	0	
1633.298400	8	3	3	0	1	2	2	4198	180	32	97991	15	7	89	0	0	0	0	0	0	0	0	0	0	0	0	0	0	
1634.293433	8	3	3	0	1	2	2	4199	176	32	98051	15	7	89	0	0	0	0	0	0	0	0	0	0	0	0	0	0	
1635.288483	8	3	3	0	1	2	2	4199	174	32	98111	15	7	89	0	0	0	0	0	0	0	0	0	0	0	0	0	0	
1636.290717	8	3	3	0	1	2	2	4199	170	32	98171	15	7	89	0	0	0	0	0	0	0	0	0	0	0	0	0	0	
1637.290083	8	3	3	0	1	2	2	4199	166	32	98231	15	7	89	0	0	0	0	0	0	0	0	0	0	0	0	0	0	
1638.303833	8	3	3	0	1	2	2	4199	163	32	98292	15	7	89	0	0	0	0	0	0	0	0	0	0	0	0	0	0	
1639.306083	8	3	3	0	1	2	2	4198	159	32	98352	15	7	89	0	0	0	0	0	0	0	0	0	0	0	0	0	0	
1640.302567	8	3	3	0	1	2	2	4199	156	32	98411	15	7	89	0	0	0	0	0	0	0	0	0	0	0	0	0	0	
1641.303367	8	3	3	0	1	2	2	4198	153	32	98472	15	7	89	0	0	0	0	0	0	0	0	0	0	0	0	0	0	
1642.298400	8	3	3	0	1	2	2	4198	150	32	98531	15	7	89	0	0	0	0	0	0	0	0	0	0	0	0	0	0	
1643.297767	8	3	3	0	1	2	2	4198	147	32	98591	15	7	89	0	0	0	0	0	0	0	0	0	0	0	0	0	0	
1644.295683	8	3	3	0	1	2	2	4199	145	32	98651	15	7	89	0	0	0	0	0	0	0	0	0	0	0	0	0	0	
1645.312317	8	3	3	0	1	2	2	4199	142	32	98712	15	7	89	0	0	0	0	0	0	0	0	0	0	0	0	0	0	
1646.288633	8	3	3	0	1	2	2	4199	140	32	98771	15	7	89	0	0	0	0	0	0	0	0	0	0	0	0	0	0	
1647.299517	8	3	3	0	1	2	2	4199	138	32	98831	15	7	89	0	0	0	0	0	0	0	0	0	0	0	0	0	0	
1648.303200	8	3	3	0	1	2	2	4198	135	32	98891	15	7	89	0	0	0	0	0	0	0	0	0	0	0	0	0	0	
1649.298233	8	3	3	0	1	2	2	4199	133	32	98951	15	7	89	0	0	0	0	0	0	0	0	0	0	0	0	0	0	
1650.294717	8	3	3	0	1	2	2	4198	130	32	99011	15	7	89	0	0	0	0	0	0	0	0	0	0	0	0	0	0	
1651.291200	8	3	3	0	1	2	2	4199	129	32	99071	15	7	89	0	0	0	0	0	0	0	0	0	0	0	0	0	0	
1652.290567	8	3	3	0	1	2	2	4199	127	32	99131	15	7	89	0	0	0	0	0	0	0	0	0	0	0	0	0	0	
1653.305767	8	3	3	0	1	2	2	4198	125	32	99192	15	7	89	0	0	0	0	0	0	0	0	0	0	0	0	0	0	
1654.305117	8	3	3	0	1	2	2	4198	122	32	99252	15	7	89	0	0	0	0	0	0	0	0	0	0	0	0	0	0	
1655.295833	8	3	3	0	1	2	2	4199	121	32	99311	15	7	89	0	0	0	0	0	0	0	0	0	0	0	0	0	0	
1656.298083	8	3	3	0	1	2	2	4199	119	32	99371	15	7	89	0	0	0	0	0	0	0	0	0	0	0	0	0	0	
1657.294567	8	3	3	0	1	2	2	4199	116	32	99431	15	7	89	0	0	0	0	0	0	0	0	0	0	0	0	0	0	
1658.293917	8	3	3	0	1	2	2	4198	114	32	99491	15	7	89	0	0	0	0	0	0	0	0	0	0	0	0	0	0	
1659.300483	8	3	3	0	1	2	2	4198	113	32	99551	15	7	89	0	0	0	0	0	0	0	0	0	0	0	0	0	0	
1660.302717	8	3	3	0	1	2	2	4199	111	32	99611	15	7	89	0	0	0	0	0	0	0	0	0	0	0	0	0	0	
1661.299200	8	3	3	0	1	2	2	4199	109	32	99671	15	7	89	0	0	0	0	0	0	0	0	0	0	0	0	0	0	
1662.308633	8	3	3	0	1	2	2	4198	107	32	99732	15	7	89	0	0	0	0	0	0	0	0	0	0	0	0	0	0	
1663.292167	8	3	3	0	1	2	2	4198	105	32	99791	15	7	89	0	0	0	0	0	0	0	0	0	0	0	0	0	0	
1664.307367	8	3	3	0	1	2	2	4198	103	32	99852	15	7	89	0	0	0	0	0	0	0	0	0	0	0	0	0	0	
1665.303833	8	3	3	0	1	2	2	4198	101	32	99911	15	7	89	0	0	0	0	0	0	0	0	0	0	0	0	0	0	
1666.298883	8	3	3	0	1	2	2	4199	100	32	99971	15	7	89	0	0	0	0	0	0	0	0	0	0	0	0	0	0	
1667.293917	8	3	3	0	1	2	2	4199	98	32	100031	15	7	89	0	0	0	0	0	0	0	0	0	0	0	0	0	0	
1668.307683	8	3	3	0	1	2	2	4198	96	32	100092	15	7	89	0	0	0	0	0	0	0	0	0	0	0	0	0	0	
1669.308483	8	3	3	0	1	2	2	4199	94	32	100152	15	7	89	0	0	0	0	0	0	0	0	0	0	0	0	0	0	
1670.300633	8	3	3	0	1	2	2	4198	93	32	100211	15	7	89	0	0	0	0	0	0	0	0	0	0	0	0	0	0	
1671.305767	8	3	3	0	1	2	2	4199	92	32	100272	15	7	89	0	0	0	0	0	0	0	0	0	0	0	0	0	0	
1672.299367	8	3	3	0	1	2	2	4199	90	32	100331	15	7	89	0	0	0	0	0	0	0	0	0	0	0	0	0	0	
1673.303033	8	3	3	0	1	2	2	4199	88	32	100391	15	7	89	0	0	0	0	0	0	0	0	0	0	0	0	0	0	
1674.299517	8	3	3	0	1	2	2	4199	87	32	100451	15	7	89	0	0	0	0	0	0	0	0	0	0	0	0	0	0	
1675.297433	8	3	3	0	1	2	2	4198	86	32	100511	15	7	89	0	0	0	0	0	0	0	0	0	0	0	0	0	0	
1676.293917	8	3	3	0	1	2	2	4199	83	32	100571	15	7	89	0	0	0	0	0	0	0	0	0	0	0	0	0	0	
1677.291833	8	3	3	0	1	2	2	4198	82	32	100631	15	7	89	0	0	0	0	0	0	0	0	0	0	0	0	0	0	
1678.307033	8	3	3	0	1	2	2	4198	81	32	100692	15	7	89	0	0	0	0	0	0	0	0	0	0	0	0	0	0	
1679.307833	8	3	3	0	1	2	2	4198	80	32	100752	15	7	89	0	0	0	0	0	0	0	0	0	0	0	0	0	0	
1680.305767	8	3	3	0	1	2	2	4198	79	32	100812	15	7	89	0	0	0	0	0	0	0	0	0	0	0	0	0	0	
1681.305117	8	3	3	0	1	2	2	4198	78	32	100871	15	7	89	0	0	0	0	0	0	0	0	0	0	0	0	0	0	
1682.294400	8	3	3	0	1	2	2	4198	77	32	100931	15	7	89	0	0	0	0	0	0	0	0	0	0	0	0	0	0	
1683.303833	8	3	3	0	1	2	2	4199	75	32	100991	15	7	89	0	0	0	0	0	0	0	0	0	0	0	0	0	0	
1684.304633	8	3	3	0	1	2	2	4199	74	32	101051	15	7	89	0	0	0	0	0	0	0	0	0	0	0	0	0	0	
1685.298233	8	3	3	0	1	2	2	4198	73	32	101111	15	7	89	0	0	0	0	0	0	0	0	0	0	0	0	0	0	
1686.300483	8	3	3	0	1	2	2	4199	72	32	101171	15	7	89	0	0	0	0	0	0	0	0	0	0	0	0	0	0	
1687.296967	8	3	3	0	1	2	2	4199	71	32	101231	15	7	89	0	0	0	0	0	0	0	0	0	0	0	0	0	0	
1688.303517	8	3	3	0	1	2	2	4199	68	32	101291	15	7	89	0	0	0	0	0	0	0	0	0	0	0	0	0	0	
1689.307200	8	3	3	0	1	2	2	4198	68	32	101352	15	7	89	0	0	0	0	0	0	0	0	0	0	0	0	0	0	
1690.302233	8	3	3	0	1	2	2	4198	68	32	101411	15	7	89	0	0	0	0	0	0	0	0	0	0	0	0	0	0	
1690.709767	8	6	3	0	2	7	1	3667	-1339	32	101436	15	8	0	0	0	0	0	0	0	0	0	0	0	0	0	0	0	
1691.300167	8	6	3	0	2	7	1	3653	-1349	32	101471	15	8	0	0	0	0	0	0	0	0	0	0	0	0	0	0	0	
1692.296633	8	6	3	0	2	7	1	3653	-1350	32	101531	15	8	2	0	0	0	0	0	0	0	0	0	0	0	0	0	0	
1693.291683	8	6	3	0	2	7	1	3654	-1348	32	101591	15	8	4	0	0	0	0	0	0	0	0	0	0	0	0	0	0	
1694.306883	8	6	3	0	2	7	1	3652	-1348	32	101652	15	8	5	0	0	0	0	0	0	0	0	0	0	0	0	0	0	
1695.303367	8	6	3	0	2	7	1	3635	-1350	32	101711	15	8	7	0	0	0	0	0	0	0	0	0	0	0	0	0	0	
1696.298400	8	6	3	0	2	7	1	3621	-1350	32	101771	15	8	9	0	0	0	0	0	0	0	0	0	0	0	0	0	0	
1697.294883	8	6	3	0	2	7	1	3605	-1349	32	101831	15	8	10	0	0	0	0	0	0	0	0	0	0	0	0	0	0	
1698.308633	8	6	3	0	2	7	1	3590	-1350	32	101892	15	8	12	0	0	0	0	0	0	0	0	0	0	0	0	0	0	
1699.305117	8	6	3	0	2	7	1	3575	-1350	32	101951	15	8	14	0	0	0	0	0	0	0	0	0	0	0	0	0	0	
1700.298717	8	6	3	0	2	7	1	3560	-1349	32	102011	15	8	15	0	0	0	0	0	0	0	0	0	0	0	0	0	0	
1701.303833	8	6	3	0	2	7	1	3548	-1350	32	102071	15	8	17	0	0	0	0	0	0	0	0	0	0	0	0	0	0	
1702.294567	8	6	3	0	2	7	1	3535	-1349	32	102131	15	8	19	0	0	0	0	0	0	0	0	0	0	0	0	0	0	
1703.295367	8	6	3	0	2	7	1	3521	-1350	32	102191	15	8	20	0	0	0	0	0	0	0	0	0	0	0	0	0	0	
1704.309117	8	6	3	0	2	7	1	3508	-1350	32	102252	15	8	22	0	0	0	0	0	0	0	0	0	0	0	0	0	0	
1705.305600	8	6	3	0	2	7	1	3496	-1348	32	102311	15	8	24	0	0	0	0	0	0	0	0	0	0	0	0	0	0	
1706.300633	8	6	3	0	2	7	1	3484	-1350	32	102371	15	8	25	0	0	0	0	0	0	0	0	0	0	0	0	0	0	
1707.297117	8	6	3	0	2	7	1	3473	-1350	32	102431	15	8	27	0	0	0	0	0	0	0	0	0	0	0	0	0	0	
1708.312317	8	6	3	0	2	7	1	3461	-1349	32	102492	15	8	29	0	0	0	0	0	0	0	0	0	0	0	0	0	0	
1709.307367	8	6	3	0	2	7	1	3450	-1349	32	102551	15	8	30	0	0	0	0	0	0	0	0	0	0	0	0	0	0	
1710.303833	8	6	3	0	2	7	1	3440	-1349	32	102611	15	8	32	0	0	0	0	0	0	0	0	0	0	0	0	0	0	
1711.298883	8	6	3	0	2	7	1	3429	-1350	32	102671	15	8	34	0	0	0	0	0	0	0	0	0	0	0	0	0	0	
1712.295367	8	6	3	0	2	7	1	3418	-1350	32	102731	15	8	35	0	0	0	0	0	0	0	0	0	0	0	0	0	0	
1713.309117	8	6	3	0	2	7	1	3409	-1350	32	102792	15	8	37	0	0	0	0	0	0	0	0	0	0	0	0	0	0	
1714.305600	8	6	3	0	2	7	1	3400	-1349	32	102851	15	8	39	0	0	0	0	0	0	0	0	0	0	0	0	0	0	
1715.312167	8	6	3	0	2	7	1	3390	-1349	32	102912	15	8	40	0	0	0	0	0	0	0	0	0	0	0	0	0	0	
1716.298567	8	6	3	0	2	7	1	3381	-1349	32	102971	15	8	42	0	0	0	0	0	0	0	0	0	0	0	0	0	0	
1717.303683	8	6	3	0	2	7	1	3373	-1350	32	103031	15	8	44	0	0	0	0	0	0	0	0	0	0	0	0	0	0	
1718.310233	8	6	3	0	2	7	1	3365	-1350	32	103092	15	8	45	0	0	0	0	0	0	0	0	0	0	0	0	0	0	
1719.296633	8	6	3	0	2	7	1	3358	-1349	32	103151	15	8	47	0	0	0	0	0	0	0	0	0	0	0	0	0	0	
1720.301767	8	6	3	0	2	7	1	3350	-1349	32	103211	15	8	49	0	0	0	0	0	0	0	0	0	0	0	0	0	0	
1721.306883	8	6	3	0	2	7	1	3343	-1350	32	103271	15	8	50	0	0	0	0	0	0	0	0	0	0	0	0	0	0	
1722.312000	8	6	3	0	2	7	1	3336	-1350	32	103332	15	8	52	0	0	0	0	0	0	0	0	0	0	0	0	0	0	
1723.298400	8	6	3	0	2	7	1	3329	-1350	32	103391	15	8	53	0	0	0	0	0	0	0	0	0	0	0	0	0	0	
1724.304967	8	6	3	0	2	7	1	3322	-1349	32	103451	15	8	55	0	0	0	0	0	0	0	0	0	0	0	0	0	0	
1725.310083	8	6	3	0	2	7	1	3316	-1349	32	103512	15	8	57	0	0	0	0	0	0	0	0	0	0	0	0	0	0	
1726.296483	8	6	3	0	2	7	1	3310	-1349	32	103571	15	8	58	0	0	0	0	0	0	0	0	0	0	0	0	0	0	
1727.301600	8	6	3	0	2	7	1	3304	-1350	32	103631	15	8	60	0	0	0	0	0	0	0	0	0	0	0	0	0	0	
1728.306717	8	6	3	0	2	7	1	3297	-1350	32	103691	15	8	62	0	0	0	0	0	0	0	0	0	0	0	0	0	0	
1729.311833	8	6	3	0	2	7	1	3290	-1350	32	103752	15	8	63	0	0	0	0	0	0	0	0	0	0	0	0	0	0	
1730.299683	8	6	3	0	2	7	1	3283	-1350	32	103811	15	8	65	0	0	0	0	0	0	0	0	0	0	0	0	0	0	
1731.304800	8	6	3	0	2	7	1	3276	-1349	32	103871	15	8	67	0	0	0	0	0	0	0	0	0	0	0	0	0	0	
1732.309917	8	6	3	0	2	7	1	3268	-1350	32	103931	15	8	68	0	0	0	0	0	0	0	0	0	0	0	0	0	0	
1733.296317	8	6	3	0	2	7	1	3260	-1351	32	103991	15	8	70	0	0	0	0	0	0	0	0	0	0	0	0	0	0	
1734.301433	8	6	3	0	2	7	1	3251	-1349	32	104051	15	8	72	0	0	0	0	0	0	0	0	0	0	0	0	0	0	
1735.306567	8	6	3	0	2	7	1	3240	-1350	32	104111	15	8	73	0	0	0	0	0	0	0	0	0	0	0	0	0	0	
1736.311683	8	6	3	0	2	7	1	3226	-1350	32	104172	15	8	75	0	0	0	0	0	0	0	0	0	0	0	0	0	0	
1737.298083	8	6	3	0	2	7	1	3209	-1350	32	104231	15	8	77	0	0	0	0	0	0	0	0	0	0	0	0	0	0	
1738.304633	8	6	3	0	2	7	1	3187	-1350	32	104291	15	8	78	0	0	0	0	0	0	0	0	0	0	0	0	0	0	
1739.309767	8	6	3	0	2	7	1	3159	-1349	32	104351	15	8	80	0	0	0	0	0	0	0	0	0	0	0	0	0	0	
1740.296167	8	6	3	0	2	7	1	3121	-1349	32	104411	15	8	82	0	0	0	0	0	0	0	0	0	0	0	0	0	0	
1741.301283	8	6	3	0	2	7	1	3059	-1350	32	104471	15	8	83	0	0	0	0	0	0	0	0	0	0	0	0	0	0	
1742.306400	8	6	3	0	2	7	1	2945	-1350	32	104531	15	8	85	0	0	0	0	0	0	0	0	0	0	0	0	0	0	
1743.255367	8	15	3	0	1	31	2	2772	5	32	104588	16	8	87	0	0	0	0	0	0	0	0	0	0	0	0	0	0	
1743.275517	8	3	3	0	1	2	2	3261	660	32	104589	17	8	87	0	0	0	0	0	0	0	0	0	0	0	0	0	0	
1743.297117	8	3	3	0	1	2	2	3295	678	32	104591	17	8	87	0	0	0	0	0	0	0	0	0	0	0	0	0	0	
1744.303683	8	3	3	0	1	2	2	3570	677	32	104651	17	8	87	0	0	0	0	0	0	0	0	0	0	0	0	0	0	
1745.311683	8	3	3	0	1	2	2	3673	675	32	104712	17	8	87	0	0	0	0	0	0	0	0	0	0	0	0	0	0	
1746.315367	8	3	3	0	1	2	2	3742	675	32	104772	17	8	87	0	0	0	0	0	0	0	0	0	0	0	0	0	0	
1747.313283	8	3	3	0	1	2	2	3794	675	32	104832	17	8	87	0	0	0	0	0	0	0	0	0	0	0	0	0	0	
1748.309767	8	3	3	0	1	2	2	3836	676	32	104891	17	8	87	0	0	0	0	0	0	0	0	0	0	0	0	0	0	
1749.304800	8	3	3	0	1	2	2	3865	675	32	104951	17	8	87	0	0	0	0	0	0	0	0	0	0	0	0	0	0	
1750.301283	8	3	3	0	1	2	2	3881	676	32	105011	17	8	87	0	0	0	0	0	0	0	0	0	0	0	0	0	0	
1751.296317	8	3	3	0	1	2	2	3889	676	32	105071	17	8	87	0	0	0	0	0	0	0	0	0	0	0	0	0	0	
1752.297117	8	3	3	0	1	2	2	3895	675	32	105131	17	8	87	0	0	0	0	0	0	0	0	0	0	0	0	0	0	
1753.297917	8	3	3	0	1	2	2	3900	674	32	105191	17	8	87	0	0	0	0	0	0	0	0	0	0	0	0	0	0	
1754.313117	8	3	3	0	1	2	2	3906	675	32	105252	17	8	87	0	0	0	0	0	0	0	0	0	0	0	0	0	0	
1755.309600	8	3	3	0	1	2	2	3911	674	32	105311	17	8	87	0	0	0	0	0	0	0	0	0	0	0	0	0	0	
1756.304633	8	3	3	0	1	2	2	3916	674	32	105371	17	8	87	0	0	0	0	0	0	0	0	0	0	0	0	0	0	
1757.302567	8	3	3	0	1	2	2	3922	674	32	105431	17	8	87	0	0	0	0	0	0	0	0	0	0	0	0	0	0	
1758.299033	8	3	3	0	1	2	2	3928	675	32	105491	17	8	87	0	0	0	0	0	0	0	0	0	0	0	0	0	0	
1759.314233	8	3	3	0	1	2	2	3933	675	32	105552	17	8	87	0	0	0	0	0	0	0	0	0	0	0	0	0	0	
1760.310717	8	3	3	0	1	2	2	3939	675	32	105611	17	8	87	0	0	0	0	0	0	0	0	0	0	0	0	0	0	
1761.308633	8	3	3	0	1	2	2	3945	674	32	105671	17	8	87	0	0	0	0	0	0	0	0	0	0	0	0	0	0	
1762.303683	8	3	3	0	1	2	2	3951	675	32	105731	17	8	87	0	0	0	0	0	0	0	0	0	0	0	0	0	0	
1763.314567	8	3	3	0	1	2	2	3956	674	32	105792	17	8	87	0	0	0	0	0	0	0	0	0	0	0	0	0	0	
1764.300967	8	3	3	0	1	2	2	3962	674	32	105851	17	8	87	0	0	0	0	0	0	0	0	0	0	0	0	0	0	
1765.316167	8	3	3	0	1	2	2	3968	674	32	105912	17	8	87	0	0	0	0	0	0	0	0	0	0	0	0	0	0	
1766.314083	8	3	3	0	1	2	2	3973	674	32	105972	17	8	87	0	0	0	0	0	0	0	0	0	0	0	0	0	0	
1767.312000	8	3	3	0	1	2	2	3978	674	32	106031	17	8	87	0	0	0	0	0	0	0	0	0	0	0	0	0	0	
1768.304167	8	3	3	0	1	2	2	3983	674	32	106091	17	8	87	0	0	0	0	0	0	0	0	0	0	0	0	0	0	
1769.306400	8	3	3	0	1	2	2	3986	675	32	106151	17	8	87	0	0	0	0	0	0	0	0	0	0	0	0	0	0	
1770.301433	8	3	3	0	1	2	2	3990	674	32	106211	17	8	87	0	0	0	0	0	0	0	0	0	0	0	0	0	0	
1771.316633	8	3	3	0	1	2	2	3994	675	32	106272	17	8	87	0	0	0	0	0	0	0	0	0	0	0	0	0	0	
1772.316000	8	3	3	0	1	2	2	3997	673	32	106332	17	8	87	0	0	0	0	0	0	0	0	0	0	0	0	0	0	
1773.302400	8	3	3	0	1	2	2	4000	674	32	106391	17	8	87	0	0	0	0	0	0	0	0	0	0	0	0	0	0	
1774.306083	8	3	3	0	1	2	2	4003	676	32	106451	17	8	87	0	0	0	0	0	0	0	0	0	0	0	0	0	0	
1775.304000	8	3	3	0	1	2	2	4006	675	32	106511	17	8	87	0	0	0	0	0	0	0	0	0	0	0	0	0	0	
1776.309117	8	3	3	0	1	2	2	4009	676	32	106571	17	8	87	0	0	0	0	0	0	0	0	0	0	0	0	0	0	
1777.317117	8	3	3	0	1	2	2	4011	674	32	106632	17	8	87	0	0	0	0	0	0	0	0	0	0	0	0	0	0	
1778.303517	8	3	3	0	1	2	2	4014	675	32	106691	17	8	87	0	0	0	0	0	0	0	0	0	0	0	0	0	0	
1779.308633	8	3	3	0	1	2	2	4017	674	32	106751	17	8	87	0	0	0	0	0	0	0	0	0	0	0	0	0	0	
1780.303683	8	3	3	0	1	2	2	4020	674	32	106811	17	8	87	0	0	0	0	0	0	0	0	0	0	0	0	0	0	
1781.303033	8	3	3	0	1	2	2	4023	674	32	106871	17	8	87	0	0	0	0	0	0	0	0	0	0	0	0	0	0	
1782.315367	8	3	3	0	1	2	2	4026	674	32	106932	17	8	87	0	0	0	0	0	0	0	0	0	0	0	0	0	0	
1783.311833	8	3	3	0	1	2	2	4029	674	32	106991	17	8	87	0	0	0	0	0	0	0	0	0	0	0	0	0	0	
1784.304000	8	3	3	0	1	2	2	4032	675	32	107051	17	8	87	0	0	0	0	0	0	0	0	0	0	0	0	0	0	
1785.309117	8	3	3	0	1	2	2	4035	675	32	107111	17	8	87	0	0	0	0	0	0	0	0	0	0	0	0	0	0	
1786.304167	8	3	3	0	1	2	2	4038	674	32	107171	17	8	87	0	0	0	0	0	0	0	0	0	0	0	0	0	0	
1787.306400	8	3	3	0	1	2	2	4041	673	32	107231	17	8	87	0	0	0	0	0	0	0	0	0	0	0	0	0	0	
1788.302883	8	3	3	0	1	2	2	4044	674	32	107291	17	8	87	0	0	0	0	0	0	0	0	0	0	0	0	0	0	
1789.318083	8	3	3	0	1	2	2	4048	674	32	107352	17	8	87	0	0	0	0	0	0	0	0	0	0	0	0	0	0	
1790.313117	8	3	3	0	1	2	2	4051	674	32	107411	17	8	87	0	0	0	0	0	0	0	0	0	0	0	0	0	0	
1791.309600	8	3	3	0	1	2	2	4055	675	32	107471	17	8	87	0	0	0	0	0	0	0	0	0	0	0	0	0	0	
1792.304633	8	3	3	0	1	2	2	4058	675	32	107531	17	8	87	0	0	0	0	0	0	0	0	0	0	0	0	0	0	
1793.318400	8	3	3	0	1	2	2	4062	675	32	107592	17	8	87	0	0	0	0	0	0	0	0	0	0	0	0	0	0	
1794.319200	8	3	3	0	1	2	2	4065	675	32	107652	17	8	87	0	0	0	0	0	0	0	0	0	0	0	0	0	0	
1795.314233	8	3	3	0	1	2	2	4069	674	32	107711	17	8	87	0	0	0	0	0	0	0	0	0	0	0	0	0	0	
1796.310717	8	3	3	0	1	2	2	4073	675	32	107771	17	8	87	0	0	0	0	0	0	0	0	0	0	0	0	0	0	
1797.305767	8	3	3	0	1	2	2	4076	674	32	107831	17	8	87	0	0	0	0	0	0	0	0	0	0	0	0	0	0	
1798.303683	8	3	3	0	1	2	2	4080	674	32	107891	17	8	87	0	0	0	0	0	0	0	0	0	0	0	0	0	0	
1799.300167	8	3	3	0	1	2	2	4084	674	32	107951	17	8	87	0	0	0	0	0	0	0	0	0	0	0	0	0	0	
1800.318233	8	3	3	0	1	2	2	4088	674	32	108012	17	8	87	0	0	0	0	0	0	0	0	0	0	0	0	0	0	
1801.304633	8	3	3	0	1	2	2	4093	675	32	108071	17	8	87	0	0	0	0	0	0	0	0	0	0	0	0	0	0	
1802.308317	8	3	3	0	1	2	2	4096	674	32	108131	17	8	87	0	0	0	0	0	0	0	0	0	0	0	0	0	0	
1803.307683	8	3	3	0	1	2	2	4101	675	32	108191	17	8	87	0	0	0	0	0	0	0	0	0	0	0	0	0	0	
1804.315683	8	3	3	0	1	2	2	4105	675	32	108252	17	8	87	0	0	0	0	0	0	0	0	0	0	0	0	0	0	
1805.304967	8	3	3	0	1	2	2	4109	674	32	108311	17	8	87	0	0	0	0	0	0	0	0	0	0	0	0	0	0	
1806.302883	8	3	3	0	1	2	2	4114	675	32	108371	17	8	87	0	0	0	0	0	0	0	0	0	0	0	0	0	0	
1807.318083	8	3	3	0	1	2	2	4118	674	32	108432	17	8	87	0	0	0	0	0	0	0	0	0	0	0	0	0	0	
1808.318883	8	3	3	0	1	2	2	4120	666	32	108492	17	8	87	0	0	0	0	0	0	0	0	0	0	0	0	0	0	
1809.300967	8	3	3	0	1	2	2	4125	666	32	108551	17	8	87	0	0	0	0	0	0	0	0	0	0	0	0	0	0	
1810.317600	8	3	3	0	1	2	2	4130	666	32	108612	17	8	87	0	0	0	0	0	0	0	0	0	0	0	0	0	0	
1811.314083	8	3	3	0	1	2	2	4134	664	32	108671	17	8	87	0	0	0	0	0	0	0	0	0	0	0	0	0	0	
1812.309117	8	3	3	0	1	2	2	4139	665	32	108731	17	8	87	0	0	0	0	0	0	0	0	0	0	0	0	0	0	
1813.305600	8	3	3	0	1	2	2	4143	662	32	108791	17	8	87	0	0	0	0	0	0	0	0	0	0	0	0	0	0	
1814.320800	8	3	3	0	1	2	2	4148	661	32	108852	17	8	87	0	0	0	0	0	0	0	0	0	0	0	0	0	0	
1815.315833	8	3	3	0	1	2	2	4153	660	32	108911	17	8	87	0	0	0	0	0	0	0	0	0	0	0	0	0	0	
1816.305117	8	3	3	0	1	2	2	4158	661	32	108971	17	8	87	0	0	0	0	0	0	0	0	0	0	0	0	0	0	
1817.311683	8	3	3	0	1	2	2	4163	659	32	109031	17	8	87	0	0	0	0	0	0	0	0	0	0	0	0	0	0	
1818.321117	8	3	3	0	1	2	2	4169	660	32	109092	17	8	87	0	0	0	0	0	0	0	0	0	0	0	0	0	0	
1819.319033	8	3	3	0	1	2	2	4175	660	32	109152	17	8	87	0	0	0	0	0	0	0	0	0	0	0	0	0	0	
1820.302567	8	3	3	0	1	2	2	4180	660	32	109211	17	8	87	0	0	0	0	0	0	0	0	0	0	0	0	0	0	
1821.317767	8	3	3	0	1	2	2	4185	657	32	109272	17	8	87	0	0	0	0	0	0	0	0	0	0	0	0	0	0	
1822.322883	8	3	3	0	1	2	2	4191	657	32	109332	17	8	87	0	0	0	0	0	0	0	0	0	0	0	0	0	0	
1823.317917	8	3	3	0	1	2	2	4197	657	32	109392	17	8	87	0	0	0	0	0	0	0	0	0	0	0	0	0	0	
1824.314400	8	3	3	0	1	2	2	4198	643	32	109451	17	8	87	0	0	0	0	0	0	0	0	0	0	0	0	0	0	
1825.309433	8	3	3	0	1	2	2	4198	625	32	109511	17	8	87	0	0	0	0	0	0	0	0	0	0	0	0	0	0	
1826.305917	8	3	3	0	1	2	2	4199	608	32	109571	17	8	87	0	0	0	0	0	0	0	0	0	0	0	0	0	0	
1827.305283	8	3	3	0	1	2	2	4199	590	32	109631	17	8	87	0	0	0	0	0	0	0	0	0	0	0	0	0	0	
1828.310400	8	3	3	0	1	2	2	4199	572	32	109691	17	8	87	0	0	0	0	0	0	0	0	0	0	0	0	0	0	
1829.314083	8	3	3	0	1	2	2	4198	557	32	109751	17	8	87	0	0	0	0	0	0	0	0	0	0	0	0	0	0	
1830.309117	8	3	3	0	1	2	2	4198	540	32	109811	17	8	87	0	0	0	0	0	0	0	0	0	0	0	0	0	0	
1831.305600	8	3	3	0	1	2	2	4198	524	32	109871	17	8	87	0	0	0	0	0	0	0	0	0	0	0	0	0	0	
1832.320800	8	3	3	0	1	2	2	4198	508	32	109932	17	8	87	0	0	0	0	0	0	0	0	0	0	0	0	0	0	
1833.315833	8	3	3	0	1	2	2	4198	494	32	109991	17	8	87	0	0	0	0	0	0	0	0	0	0	0	0	0	0	
1834.309433	8	3	3	0	1	2	2	4198	479	32	110051	17	8	87	0	0	0	0	0	0	0	0	0	0	0	0	0	0	
1835.310233	8	3	3	0	1	2	2	4199	465	32	110111	17	8	87	0	0	0	0	0	0	0	0	0	0	0	0	0	0	
1836.306717	8	3	3	0	1	2	2	4199	451	32	110171	17	8	87	0	0	0	0	0	0	0	0	0	0	0	0	0	0	
1837.320483	8	3	3	0	1	2	2	4199	438	32	110232	17	8	87	0	0	0	0	0	0	0	0	0	0	0	0	0	0	
1838.316967	8	3	3	0	1	2	2	4198	423	32	110291	17	8	87	0	0	0	0	0	0	0	0	0	0	0	0	0	0	
1839.312000	8	3	3	0	1	2	2	4199	411	32	110351	17	8	87	0	0	0	0	0	0	0	0	0	0	0	0	0	0	
1840.308483	8	3	3	0	1	2	2	4199	398	32	110411	17	8	87	0	0	0	0	0	0	0	0	0	0	0	0	0	0	
1841.304967	8	3	3	0	1	2	2	4199	385	32	110471	17	8	87	0	0	0	0	0	0	0	0	0	0	0	0	0	0	
1842.318717	8	3	3	0	1	2	2	4199	374	32	110532	17	8	87	0	0	0	0	0	0	0	0	0	0	0	0	0	0	
1843.316633	8	3	3	0	1	2	2	4198	362	32	110591	17	8	87	0	0	0	0	0	0	0	0	0	0	0	0	0	0	
1844.307367	8	3	3	0	1	2	2	4199	352	32	110651	17	8	87	0	0	0	0	0	0	0	0	0	0	0	0	0	0	
1845.311033	8	3	3	0	1	2	2	4198	341	32	110711	17	8	87	0	0	0	0	0	0	0	0	0	0	0	0	0	0	
1846.308967	8	3	3	0	1	2	2	4198	331	32	110771	17	8	87	0	0	0	0	0	0	0	0	0	0	0	0	0	0	
1847.305433	8	3	3	0	1	2	2	4198	321	32	110831	17	8	87	0	0	0	0	0	0	0	0	0	0	0	0	0	0	
1848.319200	8	3	3	0	1	2	2	4199	310	32	110892	17	8	87	0	0	0	0	0	0	0	0	0	0	0	0	0	0	
1849.312800	8	3	3	0	1	2	2	4199	301	32	110951	17	8	87	0	0	0	0	0	0	0	0	0	0	0	0	0	0	
1850.317917	8	3	3	0	1	2	2	4198	292	32	111011	17	8	87	0	0	0	0	0	0	0	0	0	0	0	0	0	0	
1851.318717	8	3	3	0	1	2	2	4199	284	32	111071	17	8	87	0	0	0	0	0	0	0	0	0	0	0	0	0	0	
1852.315200	8	3	3	0	1	2	2	4198	275	32	111131	17	8	87	0	0	0	0	0	0	0	0	0	0	0	0	0	0	
1853.310233	8	3	3	0	1	2	2	4199	267	32	111191	17	8	87	0	0	0	0	0	0	0	0	0	0	0	0	0	0	
1854.306717	8	3	3	0	1	2	2	4199	258	32	111251	17	8	87	0	0	0	0	0	0	0	0	0	0	0	0	0	0	
1855.320483	8	3	3	0	1	2	2	4198	251	32	111312	17	8	87	0	0	0	0	0	0	0	0	0	0	0	0	0	0	
1856.316967	8	3	3	0	1	2	2	4199	243	32	111371	17	8	87	0	0	0	0	0	0	0	0	0	0	0	0	0	0	
1857.313433	8	3	3	0	1	2	2	4199	236	32	111431	17	8	87	0	0	0	0	0	0	0	0	0	0	0	0	0	0	
1858.308483	8	3	3	0	1	2	2	4198	229	32	111491	17	8	87	0	0	0	0	0	0	0	0	0	0	0	0	0	0	
1859.315033	8	3	3	0	1	2	2	4198	221	32	111551	17	8	87	0	0	0	0	0	0	0	0	0	0	0	0	0	0	
1860.320167	8	3	3	0	1	2	2	4199	215	32	111611	17	8	87	0	0	0	0	0	0	0	0	0	0	0	0	0	0	
1861.319517	8	3	3	0	1	2	2	4199	208	32	111671	17	8	87	0	0	0	0	0	0	0	0	0	0	0	0	0	0	
1862.323200	8	3	3	0	1	2	2	4198	202	32	111732	17	8	87	0	0	0	0	0	0	0	0	0	0	0	0	0	0	
1863.318233	8	3	3	0	1	2	2	4199	195	32	111791	17	8	87	0	0	0	0	0	0	0	0	0	0	0	0	0	0	
1864.321917	8	3	3	0	1	2	2	4198	189	32	111852	17	8	87	0	0	0	0	0	0	0	0	0	0	0	0	0	0	
1865.306883	8	3	3	0	1	2	2	4199	184	32	111911	17	8	87	0	0	0	0	0	0	0	0	0	0	0	0	0	0	
1866.322083	8	3	3	0	1	2	2	4199	178	32	111972	17	8	87	0	0	0	0	0	0	0	0	0	0	0	0	0	0	
1867.317117	8	3	3	0	1	2	2	4198	173	32	112031	17	8	87	0	0	0	0	0	0	0	0	0	0	0	0	0	0	
1868.312167	8	3	3	0	1	2	2	4198	167	32	112091	17	8	87	0	0	0	0	0	0	0	0	0	0	0	0	0	0	
1869.311517	8	3	3	0	1	2	2	4198	162	32	112151	17	8	87	0	0	0	0	0	0	0	0	0	0	0	0	0	0	
1870.323833	8	3	3	0	1	2	2	4199	157	32	112212	17	8	87	0	0	0	0	0	0	0	0	0	0	0	0	0	0	
1871.318883	8	3	3	0	1	2	2	4198	152	32	112271	17	8	87	0	0	0	0	0	0	0	0	0	0	0	0	0	0	
1872.315367	8	3	3	0	1	2	2	4199	148	32	112331	17	8	87	0	0	0	0	0	0	0	0	0	0	0	0	0	0	
1873.310400	8	3	3	0	1	2	2	4198	143	32	112391	17	8	87	0	0	0	0	0	0	0	0	0	0	0	0	0	0	
1874.316967	8	3	3	0	1	2	2	4199	139	32	112451	17	8	87	0	0	0	0	0	0	0	0	0	0	0	0	0	0	
1875.320633	8	3	3	0	1	2	2	4199	135	32	112511	17	8	87	0	0	0	0	0	0	0	0	0	0	0	0	0	0	
1876.317117	8	3	3	0	1	2	2	4199	130	32	112571	17	8	87	0	0	0	0	0	0	0	0	0	0	0	0	0	0	
1877.319367	8	3	3	0	1	2	2	4199	126	32	112631	17	8	87	0	0	0	0	0	0	0	0	0	0	0	0	0	0	
1878.318717	8	3	3	0	1	2	2	4198	123	32	112691	17	8	87	0	0	0	0	0	0	0	0	0	0	0	0	0	0	
1879.313767	8	3	3	0	1	2	2	4199	118	32	112751	17	8	87	0	0	0	0	0	0	0	0	0	0	0	0	0	0	
1880.305917	8	3	3	0	1	2	2	4199	115	32	112811	17	8	87	0	0	0	0	0	0	0	0	0	0	0	0	0	0	
1881.321117	8	3	3	0	1	2	2	4199	112	32	112872	17	8	87	0	0	0	0	0	0	0	0	0	0	0	0	0	0	
1882.320483	8	3	3	0	1	2	2	4198	108	32	112931	17	8	87	0	0	0	0	0	0	0	0	0	0	0	0	0	0	
1883.325600	8	3	3	0	1	2	2	4198	104	32	112992	17	8	87	0	0	0	0	0	0	0	0	0	0	0	0	0	0	
1884.312000	8	3	3	0	1	2	2	4199	102	32	113051	17	8	87	0	0	0	0	0	0	0	0	0	0	0	0	0	0	
1885.315683	8	3	3	0	1	2	2	4199	98	32	113111	17	8	87	0	0	0	0	0	0	0	0	0	0	0	0	0	0	
1886.323683	8	3	3	0	1	2	2	4198	95	32	113172	17	8	87	0	0	0	0	0	0	0	0	0	0	0	0	0	0	
1887.317283	8	3	3	0	1	2	2	4199	93	32	113231	17	8	87	0	0	0	0	0	0	0	0	0	0	0	0	0	0	
1888.316633	8	3	3	0	1	2	2	4199	90	32	113291	17	8	87	0	0	0	0	0	0	0	0	0	0	0	0	0	0	
1889.311683	8	3	3	0	1	2	2	4198	87	32	113351	17	8	87	0	0	0	0	0	0	0	0	0	0	0	0	0	0	
1890.312483	8	3	3	0	1	2	2	4199	84	32	113411	17	8	87	0	0	0	0	0	0	0	0	0	0	0	0	0	0	
1891.317600	8	3	3	0	1	2	2	4198	81	32	113471	17	8	87	0	0	0	0	0	0	0	0	0	0	0	0	0	0	
1892.319833	8	3	3	0	1	2	2	4198	78	32	113531	17	8	87	0	0	0	0	0	0	0	0	0	0	0	0	0	0	
1893.319200	8	3	3	0	1	2	2	4199	76	32	113591	17	8	87	0	0	0	0	0	0	0	0	0	0	0	0	0	0	
1894.312800	8	3	3	0	1	2	2	4199	74	32	113651	17	8	87	0	0	0	0	0	0	0	0	0	0	0	0	0	0	
1895.309283	8	3	3	0	1	2	2	4198	72	32	113711	17	8	87	0	0	0	0	0	0	0	0	0	0	0	0	0	0	
1896.323033	8	3	3	0	1	2	2	4199	70	32	113771	17	8	87	0	0	0	0	0	0	0	0	0	0	0	0	0	0	
1897.322400	8	3	3	0	1	2	2	4199	67	32	113831	17	8	87	0	0	0	0	0	0	0	0	0	0	0	0	0	0	
1897.597433	8	6	3	0	2	7	1	4023	-525	32	113848	17	9	0	0	0	0	0	0	0	0	0	0	0	0	0	0	0	
1898.314567	8	6	3	0	2	7	1	3701	-1351	32	113891	17	9	1	0	0	0	0	0	0	0	0	0	0	0	0	0	0	
1899.316800	8	6	3	0	2	7	1	3645	-1349	32	113951	17	9	2	0	0	0	0	0	0	0	0	0	0	0	0	0	0	
1900.313283	8	6	3	0	2	7	1	3667	-1348	32	114011	17	9	4	0	0	0	0	0	0	0	0	0	0	0	0	0	0	
1901.308317	8	6	3	0	2	7	1	3663	-1348	32	114071	17	9	6	0	0	0	0	0	0	0	0	0	0	0	0	0	0	
1902.323517	8	6	3	0	2	7	1	3646	-1351	32	114132	17	9	7	0	0	0	0	0	0	0	0	0	0	0	0	0	0	
1903.320000	8	6	3	0	2	7	1	3633	-1350	32	114191	17	9	9	0	0	0	0	0	0	0	0	0	0	0	0	0	0	
1904.315033	8	6	3	0	2	7	1	3617	-1350	32	114251	17	9	11	0	0	0	0	0	0	0	0	0	0	0	0	0	0	
1905.311517	8	6	3	0	2	7	1	3602	-1351	32	114311	17	9	12	0	0	0	0	0	0	0	0	0	0	0	0	0	0	
1906.325283	8	6	3	0	2	7	1	3587	-1349	32	114372	17	9	14	0	0	0	0	0	0	0	0	0	0	0	0	0	0	
1907.321767	8	6	3	0	2	7	1	3572	-1349	32	114431	17	9	16	0	0	0	0	0	0	0	0	0	0	0	0	0	0	
1908.318233	8	6	3	0	2	7	1	3556	-1348	32	114491	17	9	17	0	0	0	0	0	0	0	0	0	0	0	0	0	0	
1909.313283	8	6	3	0	2	7	1	3542	-1350	32	114551	17	9	19	0	0	0	0	0	0	0	0	0	0	0	0	0	0	
1910.327033	8	6	3	0	2	7	1	3528	-1351	32	114612	17	9	21	0	0	0	0	0	0	0	0	0	0	0	0	0	0	
1911.313433	8	6	3	0	2	7	1	3515	-1349	32	114671	17	9	22	0	0	0	0	0	0	0	0	0	0	0	0	0	0	
1912.318567	8	6	3	0	2	7	1	3501	-1350	32	114731	17	9	24	0	0	0	0	0	0	0	0	0	0	0	0	0	0	
1913.323683	8	6	3	0	2	7	1	3489	-1351	32	114792	17	9	26	0	0	0	0	0	0	0	0	0	0	0	0	0	0	
1914.310083	8	6	3	0	2	7	1	3477	-1350	32	114851	17	9	27	0	0	0	0	0	0	0	0	0	0	0	0	0	0	
1915.316633	8	6	3	0	2	7	1	3465	-1349	32	114911	17	9	29	0	0	0	0	0	0	0	0	0	0	0	0	0	0	
1916.321767	8	6	3	0	2	7	1	3454	-1349	32	114971	17	9	30	0	0	0	0	0	0	0	0	0	0	0	0	0	0	
1917.326883	8	6	3	0	2	7	1	3443	-1350	32	115032	17	9	32	0	0	0	0	0	0	0	0	0	0	0	0	0	0	
1918.313283	8	6	3	0	2	7	1	3432	-1349	32	115091	17	9	34	0	0	0	0	0	0	0	0	0	0	0	0	0	0	
1919.318400	8	6	3	0	2	7	1	3421	-1352	32	115151	17	9	35	0	0	0	0	0	0	0	0	0	0	0	0	0	0	
1920.324967	8	6	3	0	2	7	1	3411	-1349	32	115211	17	9	37	0	0	0	0	0	0	0	0	0	0	0	0	0	0	
1921.311367	8	6	3	0	2	7	1	3401	-1349	32	115271	17	9	39	0	0	0	0	0	0	0	0	0	0	0	0	0	0	
1922.316483	8	6	3	0	2	7	1	3391	-1348	32	115331	17	9	40	0	0	0	0	0	0	0	0	0	0	0	0	0	0	
1923.321600	8	6	3	0	2	7	1	3382	-1349	32	115391	17	9	42	0	0	0	0	0	0	0	0	0	0	0	0	0	0	
1924.326717	8	6	3	0	2	7	1	3373	-1349	32	115452	17	9	44	0	0	0	0	0	0	0	0	0	0	0	0	0	0	
1925.314567	8	6	3	0	2	7	1	3364	-1348	32	115511	17	9	45	0	0	0	0	0	0	0	0	0	0	0	0	0	0	
1926.319683	8	6	3	0	2	7	1	3355	-1349	32	115571	17	9	47	0	0	0	0	0	0	0	0	0	0	0	0	0	0	
1927.324800	8	6	3	0	2	7	1	3347	-1350	32	115631	17	9	49	0	0	0	0	0	0	0	0	0	0	0	0	0	0	
1928.311200	8	6	3	0	2	7	1	3339	-1349	32	115691	17	9	50	0	0	0	0	0	0	0	0	0	0	0	0	0	0	
1929.316317	8	6	3	0	2	7	1	3332	-1350	32	115751	17	9	52	0	0	0	0	0	0	0	0	0	0	0	0	0	0	
1930.322883	8	6	3	0	2	7	1	3325	-1350	32	115811	17	9	54	0	0	0	0	0	0	0	0	0	0	0	0	0	0	
1931.328000	8	6	3	0	2	7	1	3318	-1349	32	115872	17	9	55	0	0	0	0	0	0	0	0	0	0	0	0	0	0	
1932.314400	8	6	3	0	2	7	1	3311	-1350	32	115931	17	9	57	0	0	0	0	0	0	0	0	0	0	0	0	0	0	
1933.319517	8	6	3	0	2	7	1	3305	-1350	32	115991	17	9	59	0	0	0	0	0	0	0	0	0	0	0	0	0	0	
1934.324633	8	6	3	0	2	7	1	3298	-1349	32	116051	17	9	60	0	0	0	0	0	0	0	0	0	0	0	0	0	0	
1935.311033	8	6	3	0	2	7	1	3292	-1350	32	116111	17	9	62	0	0	0	0	0	0	0	0	0	0	0	0	0	0	
1936.317600	8	6	3	0	2	7	1	3286	-1350	32	116171	17	9	64	0	0	0	0	0	0	0	0	0	0	0	0	0	0	
1937.322717	8	6	3	0	2	7	1	3278	-1350	32	116231	17	9	65	0	0	0	0	0	0	0	0	0	0	0	0	0	0	
1938.327833	8	6	3	0	2	7	1	3272	-1349	32	116292	17	9	67	0	0	0	0	0	0	0	0	0	0	0	0	0	0	
1939.314233	8	6	3	0	2	7	1	3264	-1351	32	116351	17	9	69	0	0	0	0	0	0	0	0	0	0	0	0	0	0	
1940.319367	8	6	3	0	2	7	1	3257	-1350	32	116411	17	9	70	0	0	0	0	0	0	0	0	0	0	0	0	0	0	
1941.324483	8	6	3	0	2	7	1	3250	-1349	32	116471	17	9	72	0	0	0	0	0	0	0	0	0	0	0	0	0	0	
1942.312317	8	6	3	0	2	7	1	3242	-1348	32	116531	17	9	73	0	0	0	0	0	0	0	0	0	0	0	0	0	0	
1943.317433	8	6	3	0	2	7	1	3232	-1350	32	116591	17	9	75	0	0	0	0	0	0	0	0	0	0	0	0	0	0	
1944.322567	8	6	3	0	2	7	1	3220	-1350	32	116651	17	9	77	0	0	0	0	0	0	0	0	0	0	0	0	0	0	
1945.327683	8	6	3	0	2	7	1	3206	-1349	32	116712	17	9	79	0	0	0	0	0	0	0	0	0	0	0	0	0	0	
1946.314083	8	6	3	0	2	7	1	3189	-1350	32	116771	17	9	80	0	0	0	0	0	0	0	0	0	0	0	0	0	0	
1947.320633	8	6	3	0	2	7	1	3166	-1349	32	116831	17	9	82	0	0	0	0	0	0	0	0	0	0	0	0	0	0	
1948.325767	8	6	3	0	2	7	1	3137	-1348	32	116891	17	9	84	0	0	0	0	0	0	0	0	0	0	0	0	0	0	
1949.312167	8	6	3	0	2	7	1	3096	-1350	32	116951	17	9	85	0	0	0	0	0	0	0	0	0	0	0	0	0	0	
1950.317283	8	6	3	0	2	7	1	3030	-1350	32	117011	17	9	87	0	0	0	0	0	0	0	0	0	0	0	0	0	0	
1951.322400	8	6	3	0	2	7	1	2905	-1350	32	117071	17	9	89	0	0	0	0	0	0	0	0	0	0	0	0	0	0	
1952.121600	8	15	3	0	1	31	2	3148	195	32	117119	19	9	90	0	0	0	0	0	0	0	0	0	0	0	0	0	0	
1952.141767	8	3	3	0	1	2	2	3307	677	32	117120	19	9	90	0	0	0	0	0	0	0	0	0	0	0	0	0	0	
1952.313117	8	3	3	0	1	2	2	3408	674	32	117131	19	9	90	0	0	0	0	0	0	0	0	0	0	0	0	0	0	
1953.321117	8	3	3	0	1	2	2	3602	675	32	117191	19	9	90	0	0	0	0	0	0	0	0	0	0	0	0	0	0	
1954.320483	8	3	3	0	1	2	2	3691	675	32	117251	19	9	90	0	0	0	0	0	0	0	0	0	0	0	0	0	0	
1955.316967	8	3	3	0	1	2	2	3756	675	32	117311	19	9	90	0	0	0	0	0	0	0	0	0	0	0	0	0	0	
1956.330717	8	3	3	0	1	2	2	3808	674	32	117372	19	9	90	0	0	0	0	0	0	0	0	0	0	0	0	0	0	
1957.322883	8	3	3	0	1	2	2	3847	675	32	117431	19	9	90	0	0	0	0	0	0	0	0	0	0	0	0	0	0	
1958.326567	8	3	3	0	1	2	2	3874	674	32	117491	19	9	90	0	0	0	0	0	0	0	0	0	0	0	0	0	0	
1959.321600	8	3	3	0	1	2	2	3886	674	32	117551	19	9	90	0	0	0	0	0	0	0	0	0	0	0	0	0	0	
1960.313767	8	3	3	0	1	2	2	3894	675	32	117611	19	9	90	0	0	0	0	0	0	0	0	0	0	0	0	0	0	
1961.316000	8	3	3	0	1	2	2	3900	675	32	117671	19	9	90	0	0	0	0	0	0	0	0	0	0	0	0	0	0	
1962.331200	8	3	3	0	1	2	2	3906	674	32	117732	19	9	90	0	0	0	0	0	0	0	0	0	0	0	0	0	0	
1963.326233	8	3	3	0	1	2	2	3911	673	32	117791	19	9	90	0	0	0	0	0	0	0	0	0	0	0	0	0	0	
1964.325600	8	3	3	0	1	2	2	3917	674	32	117851	19	9	90	0	0	0	0	0	0	0	0	0	0	0	0	0	0	
1965.323517	8	3	3	0	1	2	2	3923	676	32	117911	19	9	90	0	0	0	0	0	0	0	0	0	0	0	0	0	0	
1966.320000	8	3	3	0	1	2	2	3928	674	32	117971	19	9	90	0	0	0	0	0	0	0	0	0	0	0	0	0	0	
1967.316483	8	3	3	0	1	2	2	3934	675	32	118031	19	9	90	0	0	0	0	0	0	0	0	0	0	0	0	0	0	
1968.330233	8	3	3	0	1	2	2	3940	676	32	118092	19	9	90	0	0	0	0	0	0	0	0	0	0	0	0	0	0	
1969.328167	8	3	3	0	1	2	2	3945	674	32	118151	19	9	90	0	0	0	0	0	0	0	0	0	0	0	0	0	0	
1970.327517	8	3	3	0	1	2	2	3951	673	32	118211	19	9	90	0	0	0	0	0	0	0	0	0	0	0	0	0	0	
1971.322567	8	3	3	0	1	2	2	3957	674	32	118271	19	9	90	0	0	0	0	0	0	0	0	0	0	0	0	0	0	
1972.324800	8	3	3	0	1	2	2	3963	675	32	118331	19	9	90	0	0	0	0	0	0	0	0	0	0	0	0	0	0	
1973.324167	8	3	3	0	1	2	2	3969	674	32	118391	19	9	90	0	0	0	0	0	0	0	0	0	0	0	0	0	0	
1974.319200	8	3	3	0	1	2	2	3974	676	32	118451	19	9	90	0	0	0	0	0	0	0	0	0	0	0	0	0	0	
1975.315683	8	3	3	0	1	2	2	3979	674	32	118511	19	9	90	0	0	0	0	0	0	0	0	0	0	0	0	0	0	
1976.330883	8	3	3	0	1	2	2	3984	675	32	118572	19	9	90	0	0	0	0	0	0	0	0	0	0	0	0	0	0	
1977.323033	8	3	3	0	1	2	2	3989	674	32	118631	19	9	90	0	0	0	0	0	0	0	0	0	0	0	0	0	0	
1978.325283	8	3	3	0	1	2	2	3993	675	32	118691	19	9	90	0	0	0	0	0	0	0	0	0	0	0	0	0	0	
1979.321767	8	3	3	0	1	2	2	3996	675	32	118751	19	9	90	0	0	0	0	0	0	0	0	0	0	0	0	0	0	
1980.322567	8	3	3	0	1	2	2	4000	674	32	118811	19	9	90	0	0	0	0	0	0	0	0	0	0	0	0	0	0	
1981.319033	8	3	3	0	1	2	2	4003	675	32	118871	19	9	90	0	0	0	0	0	0	0	0	0	0	0	0	0	0	
1982.315517	8	3	3	0	1	2	2	4006	674	32	118931	19	9	90	0	0	0	0	0	0	0	0	0	0	0	0	0	0	
1983.329283	8	3	3	0	1	2	2	4009	673	32	118992	19	9	90	0	0	0	0	0	0	0	0	0	0	0	0	0	0	
1984.325767	8	3	3	0	1	2	2	4012	674	32	119051	19	9	90	0	0	0	0	0	0	0	0	0	0	0	0	0	0	
1985.322233	8	3	3	0	1	2	2	4014	675	32	119111	19	9	90	0	0	0	0	0	0	0	0	0	0	0	0	0	0	
1986.323033	8	3	3	0	1	2	2	4017	674	32	119171	19	9	90	0	0	0	0	0	0	0	0	0	0	0	0	0	0	
1987.318083	8	3	3	0	1	2	2	4020	674	32	119231	19	9	90	0	0	0	0	0	0	0	0	0	0	0	0	0	0	
1988.333283	8	3	3	0	1	2	2	4023	674	32	119292	19	9	90	0	0	0	0	0	0	0	0	0	0	0	0	0	0	
1989.328317	8	3	3	0	1	2	2	4026	675	32	119351	19	9	90	0	0	0	0	0	0	0	0	0	0	0	0	0	0	
1990.324800	8	3	3	0	1	2	2	4029	674	32	119411	19	9	90	0	0	0	0	0	0	0	0	0	0	0	0	0	0	
1991.321283	8	3	3	0	1	2	2	4031	673	32	119471	19	9	90	0	0	0	0	0	0	0	0	0	0	0	0	0	0	
1992.319200	8	3	3	0	1	2	2	4035	675	32	119531	19	9	90	0	0	0	0	0	0	0	0	0	0	0	0	0	0	
1993.332967	8	3	3	0	1	2	2	4038	674	32	119592	19	9	90	0	0	0	0	0	0	0	0	0	0	0	0	0	0	
1994.315033	8	3	3	0	1	2	2	4041	674	32	119651	19	9	90	0	0	0	0	0	0	0	0	0	0	0	0	0	0	
1995.330233	8	3	3	0	1	2	2	4044	676	32	119711	19	9	90	0	0	0	0	0	0	0	0	0	0	0	0	0	0	
1996.329600	8	3	3	0	1	2	2	4047	673	32	119771	19	9	90	0	0	0	0	0	0	0	0	0	0	0	0	0	0	
1997.328967	8	3	3	0	1	2	2	4051	675	32	119831	19	9	90	0	0	0	0	0	0	0	0	0	0	0	0	0	0	
1998.326883	8	3	3	0	1	2	2	4054	674	32	119891	19	9	90	0	0	0	0	0	0	0	0	0	0	0	0	0	0	
1999.323367	8	3	3	0	1	2	2	4057	674	32	119951	19	9	90	0	0	0	0	0	0	0	0	0	0	0	0	0	0	
2000.324167	8	3	3	0	1	2	2	4060	675	32	120011	19	9	90	0	0	0	0	0	0	0	0	0	0	0	0	0	0	
2001.324967	8	3	3	0	1	2	2	4064	674	32	120071	19	9	90	0	0	0	0	0	0	0	0	0	0	0	0	0	0	
2002.320000	8	3	3	0	1	2	2	4068	675	32	120131	19	9	90	0	0	0	0	0	0	0	0	0	0	0	0	0	0	
2003.335200	8	3	3	0	1	2	2	4071	675	32	120192	19	9	90	0	0	0	0	0	0	0	0	0	0	0	0	0	0	
2004.331683	8	3	3	0	1	2	2	4075	675	32	120252	19	9	90	0	0	0	0	0	0	0	0	0	0	0	0	0	0	
2005.316633	8	3	3	0	1	2	2	4078	673	32	120311	19	9	90	0	0	0	0	0	0	0	0	0	0	0	0	0	0	
2006.331833	8	3	3	0	1	2	2	4082	674	32	120372	19	9	90	0	0	0	0	0	0	0	0	0	0	0	0	0	0	
2007.326883	8	3	3	0	1	2	2	4086	675	32	120431	19	9	90	0	0	0	0	0	0	0	0	0	0	0	0	0	0	
2008.323367	8	3	3	0	1	2	2	4090	675	32	120491	19	9	90	0	0	0	0	0	0	0	0	0	0	0	0	0	0	
2009.318400	8	3	3	0	1	2	2	4094	674	32	120551	19	9	90	0	0	0	0	0	0	0	0	0	0	0	0	0	0	
2010.329283	8	3	3	0	1	2	2	4099	676	32	120611	19	9	90	0	0	0	0	0	0	0	0	0	0	0	0	0	0	
2011.332967	8	3	3	0	1	2	2	4102	674	32	120672	19	9	90	0	0	0	0	0	0	0	0	0	0	0	0	0	0	
2012.333767	8	3	3	0	1	2	2	4106	675	32	120732	19	9	90	0	0	0	0	0	0	0	0	0	0	0	0	0	0	
2013.330233	8	3	3	0	1	2	2	4111	673	32	120791	19	9	90	0	0	0	0	0	0	0	0	0	0	0	0	0	0	
2014.325283	8	3	3	0	1	2	2	4115	674	32	120851	19	9	90	0	0	0	0	0	0	0	0	0	0	0	0	0	0	
2015.321767	8	3	3	0	1	2	2	4117	666	32	120911	19	9	90	0	0	0	0	0	0	0	0	0	0	0	0	0	0	
2016.336967	8	3	3	0	1	2	2	4121	664	32	120972	19	9	90	0	0	0	0	0	0	0	0	0	0	0	0	0	0	
2017.333433	8	3	3	0	1	2	2	4126	662	32	121032	19	9	90	0	0	0	0	0	0	0	0	0	0	0	0	0	0	
2018.331367	8	3	3	0	1	2	2	4130	663	32	121091	19	9	90	0	0	0	0	0	0	0	0	0	0	0	0	0	0	
2019.330717	8	3	3	0	1	2	2	4134	662	32	121151	19	9	90	0	0	0	0	0	0	0	0	0	0	0	0	0	0	
2020.331517	8	3	3	0	1	2	2	4139	663	32	121211	19	9	90	0	0	0	0	0	0	0	0	0	0	0	0	0	0	
2021.329433	8	3	3	0	1	2	2	4144	661	32	121271	19	9	90	0	0	0	0	0	0	0	0	0	0	0	0	0	0	
2022.327367	8	3	3	0	1	2	2	4149	661	32	121331	19	9	90	0	0	0	0	0	0	0	0	0	0	0	0	0	0	
2023.326717	8	3	3	0	1	2	2	4154	661	32	121391	19	9	90	0	0	0	0	0	0	0	0	0	0	0	0	0	0	
2024.321767	8	3	3	0	1	2	2	4159	660	32	121451	19	9	90	0	0	0	0	0	0	0	0	0	0	0	0	0	0	
2025.336967	8	3	3	0	1	2	2	4164	658	32	121512	19	9	90	0	0	0	0	0	0	0	0	0	0	0	0	0	0	
2026.332000	8	3	3	0	1	2	2	4169	659	32	121571	19	9	90	0	0	0	0	0	0	0	0	0	0	0	0	0	0	
2027.328483	8	3	3	0	1	2	2	4174	656	32	121631	19	9	90	0	0	0	0	0	0	0	0	0	0	0	0	0	0	
2028.323517	8	3	3	0	1	2	2	4179	656	32	121691	19	9	90	0	0	0	0	0	0	0	0	0	0	0	0	0	0	
2029.320000	8	3	3	0	1	2	2	4185	655	32	121751	19	9	90	0	0	0	0	0	0	0	0	0	0	0	0	0	0	
2030.335200	8	3	3	0	1	2	2	4190	654	32	121812	19	9	90	0	0	0	0	0	0	0	0	0	0	0	0	0	0	
2031.330233	8	3	3	0	1	2	2	4196	654	32	121871	19	9	90	0	0	0	0	0	0	0	0	0	0	0	0	0	0	
2032.319517	8	3	3	0	1	2	2	4199	646	32	121931	19	9	90	0	0	0	0	0	0	0	0	0	0	0	0	0	0	
2033.323200	8	3	3	0	1	2	2	4199	628	32	121991	19	9	90	0	0	0	0	0	0	0	0	0	0	0	0	0	0	
2034.336967	8	3	3	0	1	2	2	4198	610	32	122052	19	9	90	0	0	0	0	0	0	0	0	0	0	0	0	0	0	
2035.333433	8	3	3	0	1	2	2	4199	594	32	122111	19	9	90	0	0	0	0	0	0	0	0	0	0	0	0	0	0	
2036.327033	8	3	3	0	1	2	2	4198	578	32	122171	19	9	90	0	0	0	0	0	0	0	0	0	0	0	0	0	0	
2037.330717	8	3	3	0	1	2	2	4198	562	32	122231	19	9	90	0	0	0	0	0	0	0	0	0	0	0	0	0	0	
2038.327200	8	3	3	0	1	2	2	4198	545	32	122291	19	9	90	0	0	0	0	0	0	0	0	0	0	0	0	0	0	
2039.323683	8	3	3	0	1	2	2	4199	530	32	122351	19	9	90	0	0	0	0	0	0	0	0	0	0	0	0	0	0	
2040.330233	8	3	3	0	1	2	2	4199	516	32	122411	19	9	90	0	0	0	0	0	0	0	0	0	0	0	0	0	0	
2041.325283	8	3	3	0	1	2	2	4199	501	32	122471	19	9	90	0	0	0	0	0	0	0	0	0	0	0	0	0	0	
2042.321767	8	3	3	0	1	2	2	4199	487	32	122531	19	9	90	0	0	0	0	0	0	0	0	0	0	0	0	0	0	
2043.335517	8	3	3	0	1	2	2	4199	473	32	122592	19	9	90	0	0	0	0	0	0	0	0	0	0	0	0	0	0	
2044.332000	8	3	3	0	1	2	2	4199	460	32	122651	19	9	90	0	0	0	0	0	0	0	0	0	0	0	0	0	0	
2045.327033	8	3	3	0	1	2	2	4199	447	32	122711	19	9	90	0	0	0	0	0	0	0	0	0	0	0	0	0	0	
2046.323517	8	3	3	0	1	2	2	4198	432	32	122771	19	9	90	0	0	0	0	0	0	0	0	0	0	0	0	0	0	
2047.337283	8	3	3	0	1	2	2	4199	421	32	122832	19	9	90	0	0	0	0	0	0	0	0	0	0	0	0	0	0	
2048.333767	8	3	3	0	1	2	2	4198	409	32	122891	19	9	90	0	0	0	0	0	0	0	0	0	0	0	0	0	0	
2049.330233	8	3	3	0	1	2	2	4198	396	32	122951	19	9	90	0	0	0	0	0	0	0	0	0	0	0	0	0	0	
2050.322400	8	3	3	0	1	2	2	4198	384	32	123011	19	9	90	0	0	0	0	0	0	0	0	0	0	0	0	0	0	
2051.324633	8	3	3	0	1	2	2	4198	373	32	123071	19	9	90	0	0	0	0	0	0	0	0	0	0	0	0	0	0	
2052.319683	8	3	3	0	1	2	2	4198	362	32	123131	19	9	90	0	0	0	0	0	0	0	0	0	0	0	0	0	0	
2053.334883	8	3	3	0	1	2	2	4199	351	32	123191	19	9	90	0	0	0	0	0	0	0	0	0	0	0	0	0	0	
2054.331367	8	3	3	0	1	2	2	4199	340	32	123251	19	9	90	0	0	0	0	0	0	0	0	0	0	0	0	0	0	
2055.327833	8	3	3	0	1	2	2	4199	330	32	123311	19	9	90	0	0	0	0	0	0	0	0	0	0	0	0	0	0	
2056.331517	8	3	3	0	1	2	2	4199	319	32	123371	19	9	90	0	0	0	0	0	0	0	0	0	0	0	0	0	0	
2057.328000	8	3	3	0	1	2	2	4199	309	32	123431	19	9	90	0	0	0	0	0	0	0	0	0	0	0	0	0	0	
2058.323033	8	3	3	0	1	2	2	4199	301	32	123491	19	9	90	0	0	0	0	0	0	0	0	0	0	0	0	0	0	
2059.338233	8	3	3	0	1	2	2	4199	291	32	123552	19	9	90	0	0	0	0	0	0	0	0	0	0	0	0	0	0	
2060.333283	8	3	3	0	1	2	2	4198	283	32	123611	19	9	90	0	0	0	0	0	0	0	0	0	0	0	0	0	0	
2061.329767	8	3	3	0	1	2	2	4199	274	32	123671	19	9	90	0	0	0	0	0	0	0	0	0	0	0	0	0	0	
2062.326233	8	3	3	0	1	2	2	4199	266	32	123731	19	9	90	0	0	0	0	0	0	0	0	0	0	0	0	0	0	
2063.321283	8	3	3	0	1	2	2	4198	258	32	123791	19	9	90	0	0	0	0	0	0	0	0	0	0	0	0	0	0	
2064.336483	8	3	3	0	1	2	2	4199	250	32	123852	19	9	90	0	0	0	0	0	0	0	0	0	0	0	0	0	0	
2065.335833	8	3	3	0	1	2	2	4198	243	32	123911	19	9	90	0	0	0	0	0	0	0	0	0	0	0	0	0	0	
2066.322233	8	3	3	0	1	2	2	4199	236	32	123971	19	9	90	0	0	0	0	0	0	0	0	0	0	0	0	0	0	
2067.325917	8	3	3	0	1	2	2	4199	228	32	124031	19	9	90	0	0	0	0	0	0	0	0	0	0	0	0	0	0	
2068.338233	8	3	3	0	1	2	2	4198	221	32	124092	19	9	90	0	0	0	0	0	0	0	0	0	0	0	0	0	0	
2069.323200	8	3	3	0	1	2	2	4199	214	32	124151	19	9	90	0	0	0	0	0	0	0	0	0	0	0	0	0	0	
2070.336967	8	3	3	0	1	2	2	4199	208	32	124211	19	9	90	0	0	0	0	0	0	0	0	0	0	0	0	0	0	
2071.334883	8	3	3	0	1	2	2	4199	201	32	124271	19	9	90	0	0	0	0	0	0	0	0	0	0	0	0	0	0	
2072.334233	8	3	3	0	1	2	2	4199	195	32	124331	19	9	90	0	0	0	0	0	0	0	0	0	0	0	0	0	0	
2073.327833	8	3	3	0	1	2	2	4198	189	32	124391	19	9	90	0	0	0	0	0	0	0	0	0	0	0	0	0	0	
2074.328633	8	3	3	0	1	2	2	4199	183	32	124451	19	9	90	0	0	0	0	0	0	0	0	0	0	0	0	0	0	
2075.325117	8	3	3	0	1	2	2	4198	178	32	124511	19	9	90	0	0	0	0	0	0	0	0	0	0	0	0	0	0	
2076.338883	8	3	3	0	1	2	2	4199	172	32	124572	19	9	90	0	0	0	0	0	0	0	0	0	0	0	0	0	0	
2077.339683	8	3	3	0	1	2	2	4199	166	32	124632	19	9	90	0	0	0	0	0	0	0	0	0	0	0	0	0	0	
2078.339033	8	3	3	0	1	2	2	4198	162	32	124692	19	9	90	0	0	0	0	0	0	0	0	0	0	0	0	0	0	
2079.325433	8	3	3	0	1	2	2	4199	156	32	124751	19	9	90	0	0	0	0	0	0	0	0	0	0	0	0	0	0	
2080.329117	8	3	3	0	1	2	2	4198	152	32	124811	19	9	90	0	0	0	0	0	0	0	0	0	0	0	0	0	0	
2081.324167	8	3	3	0	1	2	2	4199	148	32	124871	19	9	90	0	0	0	0	0	0	0	0	0	0	0	0	0	0	
2082.323517	8	3	3	0	1	2	2	4198	143	32	124931	19	9	90	0	0	0	0	0	0	0	0	0	0	0	0	0	0	
2083.341600	8	3	3	0	1	2	2	4198	138	32	124992	19	9	90	0	0	0	0	0	0	0	0	0	0	0	0	0	0	
2084.328000	8	3	3	0	1	2	2	4198	134	32	125051	19	9	90	0	0	0	0	0	0	0	0	0	0	0	0	0	0	
2085.325917	8	3	3	0	1	2	2	4199	130	32	125111	19	9	90	0	0	0	0	0	0	0	0	0	0	0	0	0	0	
2086.339683	8	3	3	0	1	2	2	4199	126	32	125172	19	9	90	0	0	0	0	0	0	0	0	0	0	0	0	0	0	
2087.339033	8	3	3	0	1	2	2	4199	123	32	125232	19	9	90	0	0	0	0	0	0	0	0	0	0	0	0	0	0	
2088.334083	8	3	3	0	1	2	2	4199	119	32	125291	19	9	90	0	0	0	0	0	0	0	0	0	0	0	0	0	0	
2089.336317	8	3	3	0	1	2	2	4198	115	32	125351	19	9	90	0	0	0	0	0	0	0	0	0	0	0	0	0	0	
2090.331367	8	3	3	0	1	2	2	4199	111	32	125411	19	9	90	0	0	0	0	0	0	0	0	0	0	0	0	0	0	
2091.330717	8	3	3	0	1	2	2	4198	108	32	125471	19	9	90	0	0	0	0	0	0	0	0	0	0	0	0	0	0	
2092.327200	8	3	3	0	1	2	2	4199	105	32	125531	19	9	90	0	0	0	0	0	0	0	0	0	0	0	0	0	0	
2093.323683	8	3	3	0	1	2	2	4199	102	32	125591	19	9	90	0	0	0	0	0	0	0	0	0	0	0	0	0	0	
2094.331683	8	3	3	0	1	2	2	4198	99	32	125651	19	9	90	0	0	0	0	0	0	0	0	0	0	0	0	0	0	
2095.335367	8	3	3	0	1	2	2	4198	95	32	125711	19	9	90	0	0	0	0	0	0	0	0	0	0	0	0	0	0	
2096.328967	8	3	3	0	1	2	2	4198	92	32	125771	19	9	90	0	0	0	0	0	0	0	0	0	0	0	0	0	0	
2097.338400	8	3	3	0	1	2	2	4198	89	32	125831	19	9	90	0	0	0	0	0	0	0	0	0	0	0	0	0	0	
2098.342083	8	3	3	0	1	2	2	4198	86	32	125892	19	9	90	0	0	0	0	0	0	0	0	0	0	0	0	0	0	
2099.351517	8	3	3	0	1	2	2	4199	84	32	125952	19	9	90	0	0	0	0	0	0	0	0	0	0	0	0	0	0	
2100.340800	8	3	3	0	1	2	2	4199	82	32	126012	19	9	90	0	0	0	0	0	0	0	0	0	0	0	0	0	0	
2101.331517	8	3	3	0	1	2	2	4199	79	32	126071	19	9	90	0	0	0	0	0	0	0	0	0	0	0	0	0	0	
2102.329433	8	3	3	0	1	2	2	4199	76	32	126131	19	9	90	0	0	0	0	0	0	0	0	0	0	0	0	0	0	
2103.337433	8	3	3	0	1	2	2	4199	74	32	126191	19	9	90	0	0	0	0	0	0	0	0	0	0	0	0	0	0	
2104.341117	8	3	3	0	1	2	2	4199	71	32	126252	19	9	90	0	0	0	0	0	0	0	0	0	0	0	0	0	0	
2105.337600	8	3	3	0	1	2	2	4199	70	32	126311	19	9	90	0	0	0	0	0	0	0	0	0	0	0	0	0	0	
2106.328317	8	3	3	0	1	2	2	4199	66	32	126371	19	9	90	0	0	0	0	0	0	0	0	0	0	0	0	0	0	
2106.704167	8	6	3	0	2	7	1	3755	-1348	32	126393	19	10	0	0	0	0	0	0	0	0	0	0	0	0	0	0	0	
2107.333433	8	6	3	0	2	7	1	3707	-1350	32	126431	19	10	1	0	0	0	0	0	0	0	0	0	0	0	0	0	0	
2108.328483	8	6	3	0	2	7	1	3636	-1348	32	126491	19	10	2	0	0	0	0	0	0	0	0	0	0	0	0	0	0	
2109.324967	8	6	3	0	2	7	1	3618	-1349	32	126551	19	10	4	0	0	0	0	0	0	0	0	0	0	0	0	0	0	
2110.340167	8	6	3	0	2	7	1	3638	-1348	32	126612	19	10	6	0	0	0	0	0	0	0	0	0	0	0	0	0	0	
2111.335200	8	6	3	0	2	7	1	3624	-1349	32	126671	19	10	7	0	0	0	0	0	0	0	0	0	0	0	0	0	0	
2112.331683	8	6	3	0	2	7	1	3607	-1349	32	126731	19	10	9	0	0	0	0	0	0	0	0	0	0	0	0	0	0	
2113.326717	8	6	3	0	2	7	1	3589	-1349	32	126791	19	10	10	0	0	0	0	0	0	0	0	0	0	0	0	0	0	
2114.341917	8	6	3	0	2	7	1	3585	-1350	32	126852	19	10	12	0	0	0	0	0	0	0	0	0	0	0	0	0	0	
2115.336967	8	6	3	0	2	7	1	3571	-1347	32	126911	19	10	14	0	0	0	0	0	0	0	0	0	0	0	0	0	0	
2116.333433	8	6	3	0	2	7	1	3555	-1349	32	126971	19	10	15	0	0	0	0	0	0	0	0	0	0	0	0	0	0	
2117.329917	8	6	3	0	2	7	1	3540	-1350	32	127031	19	10	17	0	0	0	0	0	0	0	0	0	0	0	0	0	0	
2118.342233	8	6	3	0	2	7	1	3525	-1349	32	127092	19	10	19	0	0	0	0	0	0	0	0	0	0	0	0	0	0	
2119.328633	8	6	3	0	2	7	1	3511	-1350	32	127151	19	10	20	0	0	0	0	0	0	0	0	0	0	0	0	0	0	
2120.335200	8	6	3	0	2	7	1	3498	-1350	32	127211	19	10	22	0	0	0	0	0	0	0	0	0	0	0	0	0	0	
2121.340317	8	6	3	0	2	7	1	3485	-1350	32	127271	19	10	24	0	0	0	0	0	0	0	0	0	0	0	0	0	0	
2122.326717	8	6	3	0	2	7	1	3473	-1350	32	127331	19	10	25	0	0	0	0	0	0	0	0	0	0	0	0	0	0	
2123.331833	8	6	3	0	2	7	1	3462	-1350	32	127391	19	10	27	0	0	0	0	0	0	0	0	0	0	0	0	0	0	
2124.336967	8	6	3	0	2	7	1	3450	-1351	32	127451	19	10	29	0	0	0	0	0	0	0	0	0	0	0	0	0	0	
2125.343517	8	6	3	0	2	7	1	3438	-1350	32	127512	19	10	30	0	0	0	0	0	0	0	0	0	0	0	0	0	0	
2126.329917	8	6	3	0	2	7	1	3427	-1349	32	127571	19	10	32	0	0	0	0	0	0	0	0	0	0	0	0	0	0	
2127.335033	8	6	3	0	2	7	1	3415	-1351	32	127631	19	10	34	0	0	0	0	0	0	0	0	0	0	0	0	0	0	
2128.340167	8	6	3	0	2	7	1	3404	-1348	32	127691	19	10	35	0	0	0	0	0	0	0	0	0	0	0	0	0	0	
2129.326567	8	6	3	0	2	7	1	3393	-1350	32	127751	19	10	37	0	0	0	0	0	0	0	0	0	0	0	0	0	0	
2130.331683	8	6	3	0	2	7	1	3383	-1348	32	127811	19	10	39	0	0	0	0	0	0	0	0	0	0	0	0	0	0	
2131.338233	8	6	3	0	2	7	1	3373	-1350	32	127871	19	10	40	0	0	0	0	0	0	0	0	0	0	0	0	0	0	
2132.343367	8	6	3	0	2	7	1	3364	-1351	32	127932	19	10	42	0	0	0	0	0	0	0	0	0	0	0	0	0	0	
2133.329767	8	6	3	0	2	7	1	3355	-1350	32	127991	19	10	44	0	0	0	0	0	0	0	0	0	0	0	0	0	0	
2134.334883	8	6	3	0	2	7	1	3346	-1350	32	128051	19	10	45	0	0	0	0	0	0	0	0	0	0	0	0	0	0	
2135.340000	8	6	3	0	2	7	1	3338	-1349	32	128111	19	10	47	0	0	0	0	0	0	0	0	0	0	0	0	0	0	
2136.326400	8	6	3	0	2	7	1	3330	-1348	32	128171	19	10	49	0	0	0	0	0	0	0	0	0	0	0	0	0	0	
2137.332967	8	6	3	0	2	7	1	3322	-1349	32	128231	19	10	50	0	0	0	0	0	0	0	0	0	0	0	0	0	0	
2138.338083	8	6	3	0	2	7	1	3314	-1350	32	128291	19	10	52	0	0	0	0	0	0	0	0	0	0	0	0	0	0	
2139.343200	8	6	3	0	2	7	1	3307	-1350	32	128352	19	10	54	0	0	0	0	0	0	0	0	0	0	0	0	0	0	
2140.329600	8	6	3	0	2	7	1	3300	-1350	32	128411	19	10	55	0	0	0	0	0	0	0	0	0	0	0	0	0	0	
2141.336167	8	6	3	0	2	7	1	3293	-1350	32	128471	19	10	57	0	0	0	0	0	0	0	0	0	0	0	0	0	0	
2142.341283	8	6	3	0	2	7	1	3286	-1348	32	128531	19	10	58	0	0	0	0	0	0	0	0	0	0	0	0	0	0	
2143.327683	8	6	3	0	2	7	1	3279	-1350	32	128591	19	10	60	0	0	0	0	0	0	0	0	0	0	0	0	0	0	
2144.332800	8	6	3	0	2	7	1	3273	-1349	32	128651	19	10	62	0	0	0	0	0	0	0	0	0	0	0	0	0	0	
2145.337917	8	6	3	0	2	7	1	3266	-1351	32	128711	19	10	63	0	0	0	0	0	0	0	0	0	0	0	0	0	0	
2146.344483	8	6	3	0	2	7	1	3259	-1350	32	128772	19	10	65	0	0	0	0	0	0	0	0	0	0	0	0	0	0	
2147.330883	8	6	3	0	2	7	1	3253	-1349	32	128831	19	10	67	0	0	0	0	0	0	0	0	0	0	0	0	0	0	
2148.336000	8	6	3	0	2	7	1	3245	-1349	32	128891	19	10	68	0	0	0	0	0	0	0	0	0	0	0	0	0	0	
2149.341117	8	6	3	0	2	7	1	3238	-1349	32	128951	19	10	70	0	0	0	0	0	0	0	0	0	0	0	0	0	0	
2150.327517	8	6	3	0	2	7	1	3230	-1350	32	129011	19	10	72	0	0	0	0	0	0	0	0	0	0	0	0	0	0	
2151.332633	8	6	3	0	2	7	1	3221	-1349	32	129071	19	10	73	0	0	0	0	0	0	0	0	0	0	0	0	0	0	
2152.339200	8	6	3	0	2	7	1	3211	-1350	32	129131	19	10	75	0	0	0	0	0	0	0	0	0	0	0	0	0	0	
2153.328483	8	6	3	0	2	7	1	3200	-1350	32	129191	19	10	77	0	0	0	0	0	0	0	0	0	0	0	0	0	0	
2154.332167	8	6	3	0	2	7	1	3186	-1350	32	129251	19	10	78	0	0	0	0	0	0	0	0	0	0	0	0	0	0	
2155.347367	8	6	3	0	2	7	1	3168	-1352	32	129312	19	10	80	0	0	0	0	0	0	0	0	0	0	0	0	0	0	
2156.342400	8	6	3	0	2	7	1	3146	-1348	32	129371	19	10	82	0	0	0	0	0	0	0	0	0	0	0	0	0	0	
2157.337433	8	6	3	0	2	7	1	3117	-1350	32	129431	19	10	83	0	0	0	0	0	0	0	0	0	0	0	0	0	0	
2158.333917	8	6	3	0	2	7	1	3076	-1350	32	129491	19	10	85	0	0	0	0	0	0	0	0	0	0	0	0	0	0	
2159.330400	8	6	3	0	2	7	1	3011	-1350	32	129551	19	10	87	0	0	0	0	0	0	0	0	0	0	0	0	0	0	
2160.344167	8	6	3	0	2	7	1	2887	-1351	32	129612	19	10	88	0	0	0	0	0	0	0	0	0	0	0	0	0	0	
2161.111683	8	15	3	0	1	31	2	3115	0	32	129658	21	10	90	0	0	0	0	0	0	0	0	0	0	0	0	0	0	
2161.133283	8	3	3	0	1	2	2	3331	678	32	129659	21	10	90	0	0	0	0	0	0	0	0	0	0	0	0	0	0	
2161.343517	8	3	3	0	1	2	2	3438	675	32	129672	21	10	90	0	0	0	0	0	0	0	0	0	0	0	0	0	0	
2162.342883	8	3	3	0	1	2	2	3618	676	32	129731	21	10	90	0	0	0	0	0	0	0	0	0	0	0	0	0	0	
2163.330717	8	3	3	0	1	2	2	3704	675	32	129791	21	10	90	0	0	0	0	0	0	0	0	0	0	0	0	0	0	
2164.334400	8	3	3	0	1	2	2	3773	675	32	129851	21	10	90	0	0	0	0	0	0	0	0	0	0	0	0	0	0	
2165.329433	8	3	3	0	1	2	2	3822	674	32	129911	21	10	90	0	0	0	0	0	0	0	0	0	0	0	0	0	0	
2166.346083	8	3	3	0	1	2	2	3860	676	32	129972	21	10	90	0	0	0	0	0	0	0	0	0	0	0	0	0	0	
2167.344000	8	3	3	0	1	2	2	3885	675	32	130032	21	10	90	0	0	0	0	0	0	0	0	0	0	0	0	0	0	
2168.340483	8	3	3	0	1	2	2	3896	674	32	130091	21	10	90	0	0	0	0	0	0	0	0	0	0	0	0	0	0	
2169.335517	8	3	3	0	1	2	2	3903	674	32	130151	21	10	90	0	0	0	0	0	0	0	0	0	0	0	0	0	0	
2170.332000	8	3	3	0	1	2	2	3908	675	32	130211	21	10	90	0	0	0	0	0	0	0	0	0	0	0	0	0	0	
2171.345767	8	3	3	0	1	2	2	3914	675	32	130272	21	10	90	0	0	0	0	0	0	0	0	0	0	0	0	0	0	
2172.342233	8	3	3	0	1	2	2	3918	673	32	130331	21	10	90	0	0	0	0	0	0	0	0	0	0	0	0	0	0	
2173.337283	8	3	3	0	1	2	2	3923	675	32	130391	21	10	90	0	0	0	0	0	0	0	0	0	0	0	0	0	0	
2174.333767	8	3	3	0	1	2	2	3929	675	32	130451	21	10	90	0	0	0	0	0	0	0	0	0	0	0	0	0	0	
2175.348967	8	3	3	0	1	2	2	3933	674	32	130512	21	10	90	0	0	0	0	0	0	0	0	0	0	0	0	0	0	
2176.344000	8	3	3	0	1	2	2	3939	673	32	130571	21	10	90	0	0	0	0	0	0	0	0	0	0	0	0	0	0	
2177.340483	8	3	3	0	1	2	2	3945	674	32	130631	21	10	90	0	0	0	0	0	0	0	0	0	0	0	0	0	0	
2178.335517	8	3	3	0	1	2	2	3951	675	32	130691	21	10	90	0	0	0	0	0	0	0	0	0	0	0	0	0	0	
2179.347833	8	3	3	0	1	2	2	3956	674	32	130752	21	10	90	0	0	0	0	0	0	0	0	0	0	0	0	0	0	
2180.338567	8	3	3	0	1	2	2	3962	675	32	130811	21	10	90	0	0	0	0	0	0	0	0	0	0	0	0	0	0	
2181.346567	8	3	3	0	1	2	2	3968	674	32	130872	21	10	90	0	0	0	0	0	0	0	0	0	0	0	0	0	0	
2182.331517	8	3	3	0	1	2	2	3974	675	32	130931	21	10	90	0	0	0	0	0	0	0	0	0	0	0	0	0	0	
2183.346717	8	3	3	0	1	2	2	3979	674	32	130992	21	10	90	0	0	0	0	0	0	0	0	0	0	0	0	0	0	
2184.346083	8	3	3	0	1	2	2	3985	674	32	131052	21	10	90	0	0	0	0	0	0	0	0	0	0	0	0	0	0	
2185.348317	8	3	3	0	1	2	2	3989	674	32	131112	21	10	90	0	0	0	0	0	0	0	0	0	0	0	0	0	0	
2186.344800	8	3	3	0	1	2	2	3994	675	32	131171	21	10	90	0	0	0	0	0	0	0	0	0	0	0	0	0	0	
2187.339833	8	3	3	0	1	2	2	3998	675	32	131231	21	10	90	0	0	0	0	0	0	0	0	0	0	0	0	0	0	
2188.336317	8	3	3	0	1	2	2	4001	676	32	131291	21	10	90	0	0	0	0	0	0	0	0	0	0	0	0	0	0	
2189.331367	8	3	3	0	1	2	2	4004	674	32	131351	21	10	90	0	0	0	0	0	0	0	0	0	0	0	0	0	0	
2190.346567	8	3	3	0	1	2	2	4007	674	32	131412	21	10	90	0	0	0	0	0	0	0	0	0	0	0	0	0	0	
2191.341600	8	3	3	0	1	2	2	4010	674	32	131471	21	10	90	0	0	0	0	0	0	0	0	0	0	0	0	0	0	
2192.343833	8	3	3	0	1	2	2	4013	674	32	131531	21	10	90	0	0	0	0	0	0	0	0	0	0	0	0	0	0	
2193.340317	8	3	3	0	1	2	2	4016	675	32	131591	21	10	90	0	0	0	0	0	0	0	0	0	0	0	0	0	0	
2194.335367	8	3	3	0	1	2	2	4019	675	32	131651	21	10	90	0	0	0	0	0	0	0	0	0	0	0	0	0	0	
2195.331833	8	3	3	0	1	2	2	4021	674	32	131711	21	10	90	0	0	0	0	0	0	0	0	0	0	0	0	0	0	
2196.345600	8	3	3	0	1	2	2	4024	674	32	131771	21	10	90	0	0	0	0	0	0	0	0	0	0	0	0	0	0	
2197.339200	8	3	3	0	1	2	2	4027	674	32	131831	21	10	90	0	0	0	0	0	0	0	0	0	0	0	0	0	0	
2198.341433	8	3	3	0	1	2	2	4030	674	32	131891	21	10	90	0	0	0	0	0	0	0	0	0	0	0	0	0	0	
2199.335033	8	3	3	0	1	2	2	4033	675	32	131951	21	10	90	0	0	0	0	0	0	0	0	0	0	0	0	0	0	
2200.335833	8	3	3	0	1	2	2	4036	674	32	132011	21	10	90	0	0	0	0	0	0	0	0	0	0	0	0	0	0	
2201.333767	8	3	3	0	1	2	2	4039	675	32	132071	21	10	90	0	0	0	0	0	0	0	0	0	0	0	0	0	0	
2202.348967	8	3	3	0	1	2	2	4042	675	32	132132	21	10	90	0	0	0	0	0	0	0	0	0	0	0	0	0	0	
2203.345433	8	3	3	0	1	2	2	4045	675	32	132191	21	10	90	0	0	0	0	0	0	0	0	0	0	0	0	0	0	
2204.341917	8	3	3	0	1	2	2	4048	675	32	132251	21	10	90	0	0	0	0	0	0	0	0	0	0	0	0	0	0	
2205.347033	8	3	3	0	1	2	2	4052	675	32	132312	21	10	90	0	0	0	0	0	0	0	0	0	0	0	0	0	0	
2206.333433	8	3	3	0	1	2	2	4054	674	32	132371	21	10	90	0	0	0	0	0	0	0	0	0	0	0	0	0	0	
2207.341433	8	3	3	0	1	2	2	4058	674	32	132431	21	10	90	0	0	0	0	0	0	0	0	0	0	0	0	0	0	
2208.337917	8	3	3	0	1	2	2	4061	674	32	132491	21	10	90	0	0	0	0	0	0	0	0	0	0	0	0	0	0	
2209.334400	8	3	3	0	1	2	2	4065	675	32	132551	21	10	90	0	0	0	0	0	0	0	0	0	0	0	0	0	0	
2210.349600	8	3	3	0	1	2	2	4068	674	32	132612	21	10	90	0	0	0	0	0	0	0	0	0	0	0	0	0	0	
2211.347517	8	3	3	0	1	2	2	4072	676	32	132672	21	10	90	0	0	0	0	0	0	0	0	0	0	0	0	0	0	
2212.344000	8	3	3	0	1	2	2	4075	674	32	132731	21	10	90	0	0	0	0	0	0	0	0	0	0	0	0	0	0	
2213.339033	8	3	3	0	1	2	2	4079	674	32	132791	21	10	90	0	0	0	0	0	0	0	0	0	0	0	0	0	0	
2214.335517	8	3	3	0	1	2	2	4082	674	32	132851	21	10	90	0	0	0	0	0	0	0	0	0	0	0	0	0	0	
2215.349283	8	3	3	0	1	2	2	4086	674	32	132912	21	10	90	0	0	0	0	0	0	0	0	0	0	0	0	0	0	
2216.348633	8	3	3	0	1	2	2	4090	675	32	132972	21	10	90	0	0	0	0	0	0	0	0	0	0	0	0	0	0	
2217.339367	8	3	3	0	1	2	2	4094	675	32	133031	21	10	90	0	0	0	0	0	0	0	0	0	0	0	0	0	0	
2218.350233	8	3	3	0	1	2	2	4098	674	32	133092	21	10	90	0	0	0	0	0	0	0	0	0	0	0	0	0	0	
2219.348167	8	3	3	0	1	2	2	4102	673	32	133152	21	10	90	0	0	0	0	0	0	0	0	0	0	0	0	0	0	
2220.344633	8	3	3	0	1	2	2	4107	675	32	133211	21	10	90	0	0	0	0	0	0	0	0	0	0	0	0	0	0	
2221.341117	8	3	3	0	1	2	2	4111	675	32	133271	21	10	90	0	0	0	0	0	0	0	0	0	0	0	0	0	0	
2222.339033	8	3	3	0	1	2	2	4115	675	32	133331	21	10	90	0	0	0	0	0	0	0	0	0	0	0	0	0	0	
2223.336967	8	3	3	0	1	2	2	4117	667	32	133391	21	10	90	0	0	0	0	0	0	0	0	0	0	0	0	0	0	
2224.336317	8	3	3	0	1	2	2	4120	665	32	133451	21	10	90	0	0	0	0	0	0	0	0	0	0	0	0	0	0	
2225.350083	8	3	3	0	1	2	2	4125	664	32	133512	21	10	90	0	0	0	0	0	0	0	0	0	0	0	0	0	0	
2226.349433	8	3	3	0	1	2	2	4129	664	32	133572	21	10	90	0	0	0	0	0	0	0	0	0	0	0	0	0	0	
2227.338717	8	3	3	0	1	2	2	4133	662	32	133631	21	10	90	0	0	0	0	0	0	0	0	0	0	0	0	0	0	
2228.345283	8	3	3	0	1	2	2	4138	661	32	133691	21	10	90	0	0	0	0	0	0	0	0	0	0	0	0	0	0	
2229.343200	8	3	3	0	1	2	2	4143	662	32	133751	21	10	90	0	0	0	0	0	0	0	0	0	0	0	0	0	0	
2230.338233	8	3	3	0	1	2	2	4147	661	32	133811	21	10	90	0	0	0	0	0	0	0	0	0	0	0	0	0	0	
2231.334717	8	3	3	0	1	2	2	4152	660	32	133871	21	10	90	0	0	0	0	0	0	0	0	0	0	0	0	0	0	
2232.349917	8	3	3	0	1	2	2	4157	659	32	133932	21	10	90	0	0	0	0	0	0	0	0	0	0	0	0	0	0	
2233.347833	8	3	3	0	1	2	2	4162	657	32	133991	21	10	90	0	0	0	0	0	0	0	0	0	0	0	0	0	0	
2234.345767	8	3	3	0	1	2	2	4167	657	32	134051	21	10	90	0	0	0	0	0	0	0	0	0	0	0	0	0	0	
2235.343683	8	3	3	0	1	2	2	4172	657	32	134111	21	10	90	0	0	0	0	0	0	0	0	0	0	0	0	0	0	
2236.343033	8	3	3	0	1	2	2	4177	655	32	134171	21	10	90	0	0	0	0	0	0	0	0	0	0	0	0	0	0	
2237.343833	8	3	3	0	1	2	2	4183	655	32	134231	21	10	90	0	0	0	0	0	0	0	0	0	0	0	0	0	0	
2238.338883	8	3	3	0	1	2	2	4187	654	32	134291	21	10	90	0	0	0	0	0	0	0	0	0	0	0	0	0	0	
2239.338233	8	3	3	0	1	2	2	4193	652	32	134351	21	10	90	0	0	0	0	0	0	0	0	0	0	0	0	0	0	
2240.353433	8	3	3	0	1	2	2	4198	652	32	134412	21	10	90	0	0	0	0	0	0	0	0	0	0	0	0	0	0	
2241.348483	8	3	3	0	1	2	2	4198	635	32	134471	21	10	90	0	0	0	0	0	0	0	0	0	0	0	0	0	0	
2242.342083	8	3	3	0	1	2	2	4199	619	32	134531	21	10	90	0	0	0	0	0	0	0	0	0	0	0	0	0	0	
2243.347200	8	3	3	0	1	2	2	4198	602	32	134591	21	10	90	0	0	0	0	0	0	0	0	0	0	0	0	0	0	
2244.345117	8	3	3	0	1	2	2	4198	587	32	134651	21	10	90	0	0	0	0	0	0	0	0	0	0	0	0	0	0	
2245.341600	8	3	3	0	1	2	2	4199	571	32	134711	21	10	90	0	0	0	0	0	0	0	0	0	0	0	0	0	0	
2246.336633	8	3	3	0	1	2	2	4198	555	32	134771	21	10	90	0	0	0	0	0	0	0	0	0	0	0	0	0	0	
2247.351833	8	3	3	0	1	2	2	4199	540	32	134832	21	10	90	0	0	0	0	0	0	0	0	0	0	0	0	0	0	
2248.346883	8	3	3	0	1	2	2	4199	525	32	134891	21	10	90	0	0	0	0	0	0	0	0	0	0	0	0	0	0	
2249.343367	8	3	3	0	1	2	2	4199	510	32	134951	21	10	90	0	0	0	0	0	0	0	0	0	0	0	0	0	0	
2250.338400	8	3	3	0	1	2	2	4199	496	32	135011	21	10	90	0	0	0	0	0	0	0	0	0	0	0	0	0	0	
2251.353600	8	3	3	0	1	2	2	4199	481	32	135072	21	10	90	0	0	0	0	0	0	0	0	0	0	0	0	0	0	
2252.350083	8	3	3	0	1	2	2	4198	467	32	135131	21	10	90	0	0	0	0	0	0	0	0	0	0	0	0	0	0	
2253.346567	8	3	3	0	1	2	2	4198	454	32	135191	21	10	90	0	0	0	0	0	0	0	0	0	0	0	0	0	0	
2254.347367	8	3	3	0	1	2	2	4199	442	32	135251	21	10	90	0	0	0	0	0	0	0	0	0	0	0	0	0	0	
2255.342400	8	3	3	0	1	2	2	4199	429	32	135311	21	10	90	0	0	0	0	0	0	0	0	0	0	0	0	0	0	
2256.338883	8	3	3	0	1	2	2	4199	417	32	135371	21	10	90	0	0	0	0	0	0	0	0	0	0	0	0	0	0	
2257.354083	8	3	3	0	1	2	2	4198	404	32	135432	21	10	90	0	0	0	0	0	0	0	0	0	0	0	0	0	0	
2258.349117	8	3	3	0	1	2	2	4199	392	32	135491	21	10	90	0	0	0	0	0	0	0	0	0	0	0	0	0	0	
2259.345600	8	3	3	0	1	2	2	4199	378	32	135551	21	10	90	0	0	0	0	0	0	0	0	0	0	0	0	0	0	
2260.340633	8	3	3	0	1	2	2	4199	367	32	135611	21	10	90	0	0	0	0	0	0	0	0	0	0	0	0	0	0	
2261.337117	8	3	3	0	1	2	2	4199	356	32	135671	21	10	90	0	0	0	0	0	0	0	0	0	0	0	0	0	0	
2262.355200	8	3	3	0	1	2	2	4199	345	32	135732	21	10	90	0	0	0	0	0	0	0	0	0	0	0	0	0	0	
2263.350233	8	3	3	0	1	2	2	4199	335	32	135791	21	10	90	0	0	0	0	0	0	0	0	0	0	0	0	0	0	
2264.346717	8	3	3	0	1	2	2	4198	325	32	135851	21	10	90	0	0	0	0	0	0	0	0	0	0	0	0	0	0	
2265.341767	8	3	3	0	1	2	2	4199	315	32	135911	21	10	90	0	0	0	0	0	0	0	0	0	0	0	0	0	0	
2266.338233	8	3	3	0	1	2	2	4198	306	32	135971	21	10	90	0	0	0	0	0	0	0	0	0	0	0	0	0	0	
2267.352000	8	3	3	0	1	2	2	4198	297	32	136032	21	10	90	0	0	0	0	0	0	0	0	0	0	0	0	0	0	
2268.348483	8	3	3	0	1	2	2	4199	289	32	136091	21	10	90	0	0	0	0	0	0	0	0	0	0	0	0	0	0	
2269.347833	8	3	3	0	1	2	2	4199	279	32	136151	21	10	90	0	0	0	0	0	0	0	0	0	0	0	0	0	0	
2270.348633	8	3	3	0	1	2	2	4199	271	32	136211	21	10	90	0	0	0	0	0	0	0	0	0	0	0	0	0	0	
2271.345117	8	3	3	0	1	2	2	4198	262	32	136271	21	10	90	0	0	0	0	0	0	0	0	0	0	0	0	0	0	
2272.340167	8	3	3	0	1	2	2	4198	255	32	136331	21	10	90	0	0	0	0	0	0	0	0	0	0	0	0	0	0	
2273.355367	8	3	3	0	1	2	2	4199	247	32	136392	21	10	90	0	0	0	0	0	0	0	0	0	0	0	0	0	0	
2274.343200	8	3	3	0	1	2	2	4199	240	32	136451	21	10	90	0	0	0	0	0	0	0	0	0	0	0	0	0	0	
2275.339683	8	3	3	0	1	2	2	4199	233	32	136511	21	10	90	0	0	0	0	0	0	0	0	0	0	0	0	0	0	
2276.353433	8	3	3	0	1	2	2	4199	226	32	136572	21	10	90	0	0	0	0	0	0	0	0	0	0	0	0	0	0	
2277.351367	8	3	3	0	1	2	2	4199	219	32	136631	21	10	90	0	0	0	0	0	0	0	0	0	0	0	0	0	0	
2278.353600	8	3	3	0	1	2	2	4198	213	32	136692	21	10	90	0	0	0	0	0	0	0	0	0	0	0	0	0	0	
2279.350083	8	3	3	0	1	2	2	4199	207	32	136751	21	10	90	0	0	0	0	0	0	0	0	0	0	0	0	0	0	
2280.349433	8	3	3	0	1	2	2	4198	199	32	136811	21	10	90	0	0	0	0	0	0	0	0	0	0	0	0	0	0	
2281.354567	8	3	3	0	1	2	2	4199	194	32	136872	21	10	90	0	0	0	0	0	0	0	0	0	0	0	0	0	0	
2282.339517	8	3	3	0	1	2	2	4199	188	32	136931	21	10	90	0	0	0	0	0	0	0	0	0	0	0	0	0	0	
2283.338883	8	3	3	0	1	2	2	4199	181	32	136991	21	10	90	0	0	0	0	0	0	0	0	0	0	0	0	0	0	
2284.351200	8	3	3	0	1	2	2	4198	177	32	137051	21	10	90	0	0	0	0	0	0	0	0	0	0	0	0	0	0	
2285.352000	8	3	3	0	1	2	2	4199	172	32	137111	21	10	90	0	0	0	0	0	0	0	0	0	0	0	0	0	0	
2286.345600	8	3	3	0	1	2	2	4199	167	32	137171	21	10	90	0	0	0	0	0	0	0	0	0	0	0	0	0	0	
2287.346400	8	3	3	0	1	2	2	4199	162	32	137231	21	10	90	0	0	0	0	0	0	0	0	0	0	0	0	0	0	
2288.342883	8	3	3	0	1	2	2	4199	157	32	137291	21	10	90	0	0	0	0	0	0	0	0	0	0	0	0	0	0	
2289.356633	8	3	3	0	1	2	2	4199	153	32	137352	21	10	90	0	0	0	0	0	0	0	0	0	0	0	0	0	0	
2290.353117	8	3	3	0	1	2	2	4199	146	32	137411	21	10	90	0	0	0	0	0	0	0	0	0	0	0	0	0	0	
2291.353917	8	3	3	0	1	2	2	4199	143	32	137472	21	10	90	0	0	0	0	0	0	0	0	0	0	0	0	0	0	
2292.353283	8	3	3	0	1	2	2	4199	138	32	137531	21	10	90	0	0	0	0	0	0	0	0	0	0	0	0	0	0	
2293.352633	8	3	3	0	1	2	2	4199	134	32	137591	21	10	90	0	0	0	0	0	0	0	0	0	0	0	0	0	0	
2294.347683	8	3	3	0	1	2	2	4199	130	32	137651	21	10	90	0	0	0	0	0	0	0	0	0	0	0	0	0	0	
2295.351367	8	3	3	0	1	2	2	4198	126	32	137711	21	10	90	0	0	0	0	0	0	0	0	0	0	0	0	0	0	
2296.347833	8	3	3	0	1	2	2	4199	122	32	137771	21	10	90	0	0	0	0	0	0	0	0	0	0	0	0	0	0	
2297.342883	8	3	3	0	1	2	2	4199	119	32	137831	21	10	90	0	0	0	0	0	0	0	0	0	0	0	0	0	0	
2298.355200	8	3	3	0	1	2	2	4198	115	32	137892	21	10	90	0	0	0	0	0	0	0	0	0	0	0	0	0	0	
2299.356000	8	3	3	0	1	2	2	4199	112	32	137952	21	10	90	0	0	0	0	0	0	0	0	0	0	0	0	0	0	
2300.355367	8	3	3	0	1	2	2	4199	108	32	138012	21	10	90	0	0	0	0	0	0	0	0	0	0	0	0	0	0	
2301.341767	8	3	3	0	1	2	2	4199	105	32	138071	21	10	90	0	0	0	0	0	0	0	0	0	0	0	0	0	0	
2302.345433	8	3	3	0	1	2	2	4199	101	32	138131	21	10	90	0	0	0	0	0	0	0	0	0	0	0	0	0	0	
2303.344800	8	3	3	0	1	2	2	4199	99	32	138191	21	10	90	0	0	0	0	0	0	0	0	0	0	0	0	0	0	
2304.347033	8	3	3	0	1	2	2	4198	95	32	138251	21	10	90	0	0	0	0	0	0	0	0	0	0	0	0	0	0	
2305.342083	8	3	3	0	1	2	2	4199	93	32	138311	21	10	90	0	0	0	0	0	0	0	0	0	0	0	0	0	0	
2306.347200	8	3	3	0	1	2	2	4199	90	32	138371	21	10	90	0	0	0	0	0	0	0	0	0	0	0	0	0	0	
2307.342233	8	3	3	0	1	2	2	4198	87	32	138431	21	10	90	0	0	0	0	0	0	0	0	0	0	0	0	0	0	
2308.350233	8	3	3	0	1	2	2	4199	85	32	138491	21	10	90	0	0	0	0	0	0	0	0	0	0	0	0	0	0	
2309.353917	8	3	3	0	1	2	2	4198	82	32	138551	21	10	90	0	0	0	0	0	0	0	0	0	0	0	0	0	0	
2310.350400	8	3	3	0	1	2	2	4199	80	32	138611	21	10	90	0	0	0	0	0	0	0	0	0	0	0	0	0	0	
2311.345433	8	3	3	0	1	2	2	4198	78	32	138671	21	10	90	0	0	0	0	0	0	0	0	0	0	0	0	0	0	
2312.344800	8	3	3	0	1	2	2	4199	76	32	138731	21	10	90	0	0	0	0	0	0	0	0	0	0	0	0	0	0	
2313.342717	8	3	3	0	1	2	2	4198	73	32	138791	21	10	90	0	0	0	0	0	0	0	0	0	0	0	0	0	0	
2314.342083	8	3	3	0	1	2	2	4198	71	32	138851	21	10	90	0	0	0	0	0	0	0	0	0	0	0	0	0	0	
2315.341433	8	3	3	0	1	2	2	4199	68	32	138911	21	10	90	0	0	0	0	0	0	0	0	0	0	0	0	0	0	
2315.992317	8	6	3	0	2	7	1	3715	-1350	32	138950	21	11	0	0	0	0	0	0	0	0	0	0	0	0	0	0	0	
2316.352317	8	6	3	0	2	7	1	3683	-1349	32	138971	21	11	0	0	0	0	0	0	0	0	0	0	0	0	0	0	0	
2317.356000	8	6	3	0	2	7	1	3485	-1349	32	139032	21	11	2	0	0	0	0	0	0	0	0	0	0	0	0	0	0	
2318.351033	8	6	3	0	2	7	1	3484	-1348	32	139091	21	11	3	0	0	0	0	0	0	0	0	0	0	0	0	0	0	
2319.347517	8	6	3	0	2	7	1	3685	-1350	32	139151	21	11	5	0	0	0	0	0	0	0	0	0	0	0	0	0	0	
2320.342567	8	6	3	0	2	7	1	3659	-1349	32	139211	21	11	7	0	0	0	0	0	0	0	0	0	0	0	0	0	0	
2321.357767	8	6	3	0	2	7	1	3637	-1349	32	139272	21	11	8	0	0	0	0	0	0	0	0	0	0	0	0	0	0	
2322.354233	8	6	3	0	2	7	1	3615	-1350	32	139331	21	11	10	0	0	0	0	0	0	0	0	0	0	0	0	0	0	
2323.349283	8	6	3	0	2	7	1	3594	-1351	32	139391	21	11	12	0	0	0	0	0	0	0	0	0	0	0	0	0	0	
2324.345767	8	6	3	0	2	7	1	3571	-1349	32	139451	21	11	13	0	0	0	0	0	0	0	0	0	0	0	0	0	0	
2325.359517	8	6	3	0	2	7	1	3533	-1349	32	139512	21	11	15	0	0	0	0	0	0	0	0	0	0	0	0	0	0	
2326.356000	8	6	3	0	2	7	1	3603	-1351	32	139571	21	11	17	0	0	0	0	0	0	0	0	0	0	0	0	0	0	
2327.351033	8	6	3	0	2	7	1	3576	-1350	32	139631	21	11	18	0	0	0	0	0	0	0	0	0	0	0	0	0	0	
2328.344633	8	6	3	0	2	7	1	3558	-1348	32	139691	21	11	20	0	0	0	0	0	0	0	0	0	0	0	0	0	0	
2329.351200	8	6	3	0	2	7	1	3541	-1351	32	139751	21	11	22	0	0	0	0	0	0	0	0	0	0	0	0	0	0	
2330.356317	8	6	3	0	2	7	1	3524	-1350	32	139811	21	11	23	0	0	0	0	0	0	0	0	0	0	0	0	0	0	
2331.342717	8	6	3	0	2	7	1	3508	-1349	32	139871	21	11	25	0	0	0	0	0	0	0	0	0	0	0	0	0	0	
2332.347833	8	6	3	0	2	7	1	3493	-1350	32	139931	21	11	27	0	0	0	0	0	0	0	0	0	0	0	0	0	0	
2333.352967	8	6	3	0	2	7	1	3478	-1350	32	139991	21	11	28	0	0	0	0	0	0	0	0	0	0	0	0	0	0	
2334.359517	8	6	3	0	2	7	1	3464	-1349	32	140052	21	11	30	0	0	0	0	0	0	0	0	0	0	0	0	0	0	
2335.348800	8	6	3	0	2	7	1	3452	-1350	32	140111	21	11	32	0	0	0	0	0	0	0	0	0	0	0	0	0	0	
2336.353917	8	6	3	0	2	7	1	3440	-1350	32	140171	21	11	33	0	0	0	0	0	0	0	0	0	0	0	0	0	0	
2337.359033	8	6	3	0	2	7	1	3428	-1349	32	140232	21	11	35	0	0	0	0	0	0	0	0	0	0	0	0	0	0	
2338.346883	8	6	3	0	2	7	1	3415	-1349	32	140291	21	11	37	0	0	0	0	0	0	0	0	0	0	0	0	0	0	
2339.352000	8	6	3	0	2	7	1	3404	-1350	32	140351	21	11	38	0	0	0	0	0	0	0	0	0	0	0	0	0	0	
2340.357117	8	6	3	0	2	7	1	3392	-1350	32	140411	21	11	40	0	0	0	0	0	0	0	0	0	0	0	0	0	0	
2341.343517	8	6	3	0	2	7	1	3381	-1350	32	140471	21	11	41	0	0	0	0	0	0	0	0	0	0	0	0	0	0	
2342.348633	8	6	3	0	2	7	1	3371	-1349	32	140531	21	11	43	0	0	0	0	0	0	0	0	0	0	0	0	0	0	
2343.355200	8	6	3	0	2	7	1	3360	-1350	32	140591	21	11	45	0	0	0	0	0	0	0	0	0	0	0	0	0	0	
2344.360317	8	6	3	0	2	7	1	3349	-1349	32	140652	21	11	46	0	0	0	0	0	0	0	0	0	0	0	0	0	0	
2345.346717	8	6	3	0	2	7	1	3339	-1349	32	140711	21	11	48	0	0	0	0	0	0	0	0	0	0	0	0	0	0	
2346.351833	8	6	3	0	2	7	1	3327	-1350	32	140771	21	11	50	0	0	0	0	0	0	0	0	0	0	0	0	0	0	
2347.356967	8	6	3	0	2	7	1	3315	-1350	32	140831	21	11	51	0	0	0	0	0	0	0	0	0	0	0	0	0	0	
2348.344800	8	6	3	0	2	7	1	3297	-1351	32	140891	21	11	53	0	0	0	0	0	0	0	0	0	0	0	0	0	0	
2349.352800	8	6	3	0	2	7	1	3371	-1351	32	140951	21	11	55	0	0	0	0	0	0	0	0	0	0	0	0	0	0	
2350.353600	8	6	3	0	2	7	1	3318	-1348	32	141011	21	11	56	0	0	0	0	0	0	0	0	0	0	0	0	0	0	
2351.348633	8	6	3	0	2	7	1	3302	-1349	32	141071	21	11	58	0	0	0	0	0	0	0	0	0	0	0	0	0	0	
2352.345117	8	6	3	0	2	7	1	3286	-1349	32	141131	21	11	60	0	0	0	0	0	0	0	0	0	0	0	0	0	0	
2353.360317	8	6	3	0	2	7	1	3271	-1349	32	141192	21	11	61	0	0	0	0	0	0	0	0	0	0	0	0	0	0	
2354.355367	8	6	3	0	2	7	1	3242	-1349	32	141251	21	11	63	0	0	0	0	0	0	0	0	0	0	0	0	0	0	
2355.351833	8	6	3	0	2	7	1	3338	-1351	32	141311	21	11	65	0	0	0	0	0	0	0	0	0	0	0	0	0	0	
2356.346883	8	6	3	0	2	7	1	3325	-1349	32	141371	21	11	66	0	0	0	0	0	0	0	0	0	0	0	0	0	0	
2357.362083	8	6	3	0	2	7	1	3299	-1351	32	141432	21	11	68	0	0	0	0	0	0	0	0	0	0	0	0	0	0	
2358.358567	8	6	3	0	2	7	1	3283	-1350	32	141491	21	11	70	0	0	0	0	0	0	0	0	0	0	0	0	0	0	
2359.353600	8	6	3	0	2	7	1	3269	-1349	32	141551	21	11	71	0	0	0	0	0	0	0	0	0	0	0	0	0	0	
2360.350083	8	6	3	0	2	7	1	3256	-1350	32	141611	21	11	73	0	0	0	0	0	0	0	0	0	0	0	0	0	0	
2361.345117	8	6	3	0	2	7	1	3242	-1348	32	141671	21	11	75	0	0	0	0	0	0	0	0	0	0	0	0	0	0	
2362.353117	8	6	3	0	2	7	1	3227	-1349	32	141731	21	11	76	0	0	0	0	0	0	0	0	0	0	0	0	0	0	
2363.358233	8	6	3	0	2	7	1	3209	-1350	32	141791	21	11	78	0	0	0	0	0	0	0	0	0	0	0	0	0	0	
2364.363367	8	6	3	0	2	7	1	3187	-1350	32	141852	21	11	80	0	0	0	0	0	0	0	0	0	0	0	0	0	0	
2365.349767	8	6	3	0	2	7	1	3158	-1351	32	141911	21	11	81	0	0	0	0	0	0	0	0	0	0	0	0	0	0	
2366.354883	8	6	3	0	2	7	1	3097	-1349	32	141971	21	11	83	0	0	0	0	0	0	0	0	0	0	0	0	0	0	
2367.360000	8	6	3	0	2	7	1	3177	-1350	32	142032	21	11	85	0	0	0	0	0	0	0	0	0	0	0	0	0	0	
2368.347833	8	6	3	0	2	7	1	2762	-1349	32	142091	21	11	86	0	0	0	0	0	0	0	0	0	0	0	0	0	0	
2369.298233	10	0	5	0	0	15	0	3102	0	32	142148	21	11	88	0	0	0	0	0	0	0	0	0	0	0	0	0	0	
2369.306883	8	15	3	0	0	31	0	3350	0	32	142148	21	11	88	0	0	0	0	0	0	0	0	0	0	0	0	0	0	
