Time	Status code	Status category	Status color	Pgm code	Pgm step	Pgm para	Pgm cycle	mV	mA	Temperature	Duration	Charge count	Discharge count	Capacity	Analog input 1	Analog input 2	Analog input 3	Analog input 4	Digital input 1	Digital input 2	Digital input 3	Digital input 4	Digital output 1	Digital output 2	Digital output 3	Digital output 4	Analog output 1	Analog output 2	
0.000000	8	3	3	0	1	2	2	3838	350	25	1	1	0	0	0	0	0	0	0	0	0	0	0	0	0	0	0	0	
0.077767	8	3	3	0	1	2	2	3931	675	25	6	1	0	0	0	0	0	0	0	0	0	0	0	0	0	0	0	0	
1.072800	8	3	3	0	1	2	2	3966	675	25	66	1	0	0	0	0	0	0	0	0	0	0	0	0	0	0	0	0	
2.088000	8	3	3	0	1	2	2	3970	674	25	127	1	0	0	0	0	0	0	0	0	0	0	0	0	0	0	0	0	
3.084483	8	3	3	0	1	2	2	3946	674	25	186	1	0	0	0	0	0	0	0	0	0	0	0	0	0	0	0	0	
4.079517	8	3	3	0	1	2	2	3965	675	25	246	1	0	0	0	0	0	0	0	0	0	0	0	0	0	0	0	0	
5.076000	8	3	3	0	1	2	2	3972	674	25	306	1	0	0	0	0	0	0	0	0	0	0	0	0	0	0	0	0	
6.071033	8	3	3	0	1	2	2	3972	674	25	366	1	0	0	0	0	0	0	0	0	0	0	0	0	0	0	0	0	
7.086233	8	3	3	0	1	2	2	3989	674	25	427	1	0	0	0	0	0	0	0	0	0	0	0	0	0	0	0	0	
8.082717	8	3	3	0	1	2	2	3996	675	25	486	1	0	0	0	0	0	0	0	0	0	0	0	0	0	0	0	0	
9.077767	8	3	3	0	1	2	2	4014	674	25	546	1	0	0	0	0	0	0	0	0	0	0	0	0	0	0	0	0	
10.074233	8	3	3	0	1	2	2	4008	674	25	606	1	0	0	0	0	0	0	0	0	0	0	0	0	0	0	0	0	
11.088000	8	3	3	0	1	2	2	4017	676	25	667	1	0	0	0	0	0	0	0	0	0	0	0	0	0	0	0	0	
12.080167	8	3	3	0	1	2	2	4023	675	25	726	1	0	0	0	0	0	0	0	0	0	0	0	0	0	0	0	0	
13.085283	8	3	3	0	1	2	2	4038	674	25	787	1	0	0	0	0	0	0	0	0	0	0	0	0	0	0	0	0	
14.074567	8	3	3	0	1	2	2	4033	674	25	846	1	0	0	0	0	0	0	0	0	0	0	0	0	0	0	0	0	
15.079683	8	3	3	0	1	2	2	4047	675	25	906	1	0	0	0	0	0	0	0	0	0	0	0	0	0	0	0	0	
16.084800	8	3	3	0	1	2	2	4048	675	25	966	1	0	0	0	0	0	0	0	0	0	0	0	0	0	0	0	0	
17.071200	8	3	3	0	1	2	2	4053	676	25	1026	1	0	0	0	0	0	0	0	0	0	0	0	0	0	0	0	0	
18.076317	8	3	3	0	1	2	2	4053	675	25	1086	1	0	0	0	0	0	0	0	0	0	0	0	0	0	0	0	0	
19.081433	8	3	3	0	1	2	2	4057	675	25	1146	1	0	0	0	0	0	0	0	0	0	0	0	0	0	0	0	0	
20.088000	8	3	3	0	1	2	2	4061	675	25	1207	1	0	0	0	0	0	0	0	0	0	0	0	0	0	0	0	0	
21.074400	8	3	3	0	1	2	2	4066	675	25	1266	1	0	0	0	0	0	0	0	0	0	0	0	0	0	0	0	0	
22.079517	8	3	3	0	1	2	2	4072	675	25	1326	1	0	0	0	0	0	0	0	0	0	0	0	0	0	0	0	0	
23.084633	8	3	3	0	1	2	2	4073	674	25	1386	1	0	0	0	0	0	0	0	0	0	0	0	0	0	0	0	0	
24.089767	8	3	3	0	1	2	2	4078	675	25	1447	1	0	0	0	0	0	0	0	0	0	0	0	0	0	0	0	0	
25.076167	8	3	3	0	1	2	2	4082	675	25	1506	1	0	0	0	0	0	0	0	0	0	0	0	0	0	0	0	0	
26.082717	8	3	3	0	1	2	2	4086	674	25	1566	1	0	0	0	0	0	0	0	0	0	0	0	0	0	0	0	0	
27.087833	8	3	3	0	1	2	2	4089	674	25	1627	1	0	0	0	0	0	0	0	0	0	0	0	0	0	0	0	0	
28.074233	8	3	3	0	1	2	2	4091	675	25	1686	1	0	0	0	0	0	0	0	0	0	0	0	0	0	0	0	0	
29.079367	8	3	3	0	1	2	2	4089	675	25	1746	1	0	0	0	0	0	0	0	0	0	0	0	0	0	0	0	0	
30.085917	8	3	3	0	1	2	2	4090	674	25	1806	1	0	0	0	0	0	0	0	0	0	0	0	0	0	0	0	0	
31.091033	8	3	3	0	1	2	2	4095	674	25	1867	1	0	0	0	0	0	0	0	0	0	0	0	0	0	0	0	0	
32.077433	8	3	3	0	1	2	2	4099	675	25	1926	1	0	0	0	0	0	0	0	0	0	0	0	0	0	0	0	0	
33.082567	8	3	3	0	1	2	2	4103	674	25	1986	1	0	0	0	0	0	0	0	0	0	0	0	0	0	0	0	0	
34.089117	8	3	3	0	1	2	2	4105	674	25	2047	1	0	0	0	0	0	0	0	0	0	0	0	0	0	0	0	0	
35.075517	8	3	3	0	1	2	2	4107	675	25	2106	1	0	0	0	0	0	0	0	0	0	0	0	0	0	0	0	0	
36.080633	8	3	3	0	1	2	2	4111	675	25	2166	1	0	0	0	0	0	0	0	0	0	0	0	0	0	0	0	0	
37.085767	8	3	3	0	1	2	2	4116	676	25	2226	1	0	0	0	0	0	0	0	0	0	0	0	0	0	0	0	0	
38.090883	8	3	3	0	1	2	2	4117	670	25	2287	1	0	0	0	0	0	0	0	0	0	0	0	0	0	0	0	0	
39.077283	8	3	3	0	1	2	2	4120	666	25	2346	1	0	0	0	0	0	0	0	0	0	0	0	0	0	0	0	0	
40.083833	8	3	3	0	1	2	2	4123	666	25	2406	1	0	0	0	0	0	0	0	0	0	0	0	0	0	0	0	0	
41.088967	8	3	3	0	1	2	2	4126	666	25	2467	1	0	0	0	0	0	0	0	0	0	0	0	0	0	0	0	0	
42.075367	8	3	3	0	1	2	2	4130	665	25	2526	1	0	0	0	0	0	0	0	0	0	0	0	0	0	0	0	0	
43.080483	8	3	3	0	1	2	2	4134	665	25	2586	1	0	0	0	0	0	0	0	0	0	0	0	0	0	0	0	0	
44.085600	8	3	3	0	1	2	2	4138	662	25	2646	1	0	0	0	0	0	0	0	0	0	0	0	0	0	0	0	0	
45.090717	8	3	3	0	1	2	2	4142	661	25	2707	1	0	0	0	0	0	0	0	0	0	0	0	0	0	0	0	0	
46.078567	8	3	3	0	1	2	2	4146	662	25	2766	1	0	0	0	0	0	0	0	0	0	0	0	0	0	0	0	0	
47.083683	8	3	3	0	1	2	2	4151	660	25	2826	1	0	0	0	0	0	0	0	0	0	0	0	0	0	0	0	0	
48.088800	8	3	3	0	1	2	2	4157	660	25	2887	1	0	0	0	0	0	0	0	0	0	0	0	0	0	0	0	0	
49.075200	8	3	3	0	1	2	2	4159	660	25	2946	1	0	0	0	0	0	0	0	0	0	0	0	0	0	0	0	0	
50.080317	8	3	3	0	1	2	2	4168	660	25	3006	1	0	0	0	0	0	0	0	0	0	0	0	0	0	0	0	0	
51.086883	8	3	3	0	1	2	2	4168	658	25	3066	1	0	0	0	0	0	0	0	0	0	0	0	0	0	0	0	0	
52.092000	8	3	3	0	1	2	2	4173	659	25	3127	1	0	0	0	0	0	0	0	0	0	0	0	0	0	0	0	0	
53.078400	8	3	3	0	1	2	2	4178	656	25	3186	1	0	0	0	0	0	0	0	0	0	0	0	0	0	0	0	0	
54.083517	8	3	3	0	1	2	2	4183	658	25	3246	1	0	0	0	0	0	0	0	0	0	0	0	0	0	0	0	0	
55.088633	8	3	3	0	1	2	2	4187	656	25	3307	1	0	0	0	0	0	0	0	0	0	0	0	0	0	0	0	0	
56.076483	8	3	3	0	1	2	2	4190	654	25	3366	1	0	0	0	0	0	0	0	0	0	0	0	0	0	0	0	0	
57.081600	8	3	3	0	1	2	2	4193	655	25	3426	1	0	0	0	0	0	0	0	0	0	0	0	0	0	0	0	0	
58.086717	8	3	3	0	1	2	2	4198	656	25	3486	1	0	0	0	0	0	0	0	0	0	0	0	0	0	0	0	0	
59.091833	8	3	3	0	1	2	2	4198	647	25	3547	1	0	0	0	0	0	0	0	0	0	0	0	0	0	0	0	0	
60.078233	8	3	3	0	1	2	2	4198	636	25	3606	1	0	0	0	0	0	0	0	0	0	0	0	0	0	0	0	0	
61.084800	8	3	3	0	1	2	2	4199	627	25	3666	1	0	0	0	0	0	0	0	0	0	0	0	0	0	0	0	0	
62.089917	8	3	3	0	1	2	2	4198	614	25	3727	1	0	0	0	0	0	0	0	0	0	0	0	0	0	0	0	0	
63.076317	8	3	3	0	1	2	2	4198	582	25	3786	1	0	0	0	0	0	0	0	0	0	0	0	0	0	0	0	0	
64.081433	8	3	3	0	1	2	2	4199	568	25	3846	1	0	0	0	0	0	0	0	0	0	0	0	0	0	0	0	0	
65.086567	8	3	3	0	1	2	2	4199	521	25	3906	1	0	0	0	0	0	0	0	0	0	0	0	0	0	0	0	0	
66.093117	8	3	3	0	1	2	2	4198	471	25	3967	1	0	0	0	0	0	0	0	0	0	0	0	0	0	0	0	0	
67.079517	8	3	3	0	1	2	2	4198	473	25	4026	1	0	0	0	0	0	0	0	0	0	0	0	0	0	0	0	0	
68.084633	8	3	3	0	1	2	2	4198	471	25	4086	1	0	0	0	0	0	0	0	0	0	0	0	0	0	0	0	0	
69.091200	8	3	3	0	1	2	2	4199	451	25	4147	1	0	0	0	0	0	0	0	0	0	0	0	0	0	0	0	0	
70.077600	8	3	3	0	1	2	2	4198	428	25	4206	1	0	0	0	0	0	0	0	0	0	0	0	0	0	0	0	0	
71.087033	8	3	3	0	1	2	2	4198	387	24	4266	1	0	0	0	0	0	0	0	0	0	0	0	0	0	0	0	0	
72.092167	8	3	3	0	1	2	2	4198	381	25	4327	1	0	0	0	0	0	0	0	0	0	0	0	0	0	0	0	0	
73.078567	8	3	3	0	1	2	2	4198	416	24	4386	1	0	0	0	0	0	0	0	0	0	0	0	0	0	0	0	0	
74.083683	8	3	3	0	1	2	2	4199	388	24	4446	1	0	0	0	0	0	0	0	0	0	0	0	0	0	0	0	0	
75.090233	8	3	3	0	1	2	2	4198	405	25	4506	1	0	0	0	0	0	0	0	0	0	0	0	0	0	0	0	0	
76.076633	8	3	3	0	1	2	2	4198	422	24	4566	1	0	0	0	0	0	0	0	0	0	0	0	0	0	0	0	0	
77.081767	8	3	3	0	1	2	2	4198	414	24	4626	1	0	0	0	0	0	0	0	0	0	0	0	0	0	0	0	0	
78.086883	8	3	3	0	1	2	2	4198	428	24	4686	1	0	0	0	0	0	0	0	0	0	0	0	0	0	0	0	0	
79.092000	8	3	3	0	1	2	2	4198	425	25	4747	1	0	0	0	0	0	0	0	0	0	0	0	0	0	0	0	0	
80.079833	8	3	3	0	1	2	2	4199	409	24	4806	1	0	0	0	0	0	0	0	0	0	0	0	0	0	0	0	0	
81.084967	8	3	3	0	1	2	2	4198	398	24	4866	1	0	0	0	0	0	0	0	0	0	0	0	0	0	0	0	0	
82.090083	8	3	3	0	1	2	2	4198	386	24	4926	1	0	0	0	0	0	0	0	0	0	0	0	0	0	0	0	0	
83.076483	8	3	3	0	1	2	2	4198	370	24	4986	1	0	0	0	0	0	0	0	0	0	0	0	0	0	0	0	0	
84.081600	8	3	3	0	1	2	2	4198	356	24	5046	1	0	0	0	0	0	0	0	0	0	0	0	0	0	0	0	0	
85.086717	8	3	3	0	1	2	2	4199	340	24	5106	1	0	0	0	0	0	0	0	0	0	0	0	0	0	0	0	0	
86.093283	8	3	3	0	1	2	2	4198	322	24	5167	1	0	0	0	0	0	0	0	0	0	0	0	0	0	0	0	0	
87.079683	8	3	3	0	1	2	2	4198	323	24	5226	1	0	0	0	0	0	0	0	0	0	0	0	0	0	0	0	0	
88.084800	8	3	3	0	1	2	2	4198	339	24	5286	1	0	0	0	0	0	0	0	0	0	0	0	0	0	0	0	0	
89.089917	8	3	3	0	1	2	2	4199	321	24	5346	1	0	0	0	0	0	0	0	0	0	0	0	0	0	0	0	0	
90.095033	8	3	3	0	1	2	2	4198	337	24	5407	1	0	0	0	0	0	0	0	0	0	0	0	0	0	0	0	0	
91.081433	8	3	3	0	1	2	2	4199	307	24	5466	1	0	0	0	0	0	0	0	0	0	0	0	0	0	0	0	0	
92.088000	8	3	3	0	1	2	2	4199	285	24	5526	1	0	0	0	0	0	0	0	0	0	0	0	0	0	0	0	0	
93.093117	8	3	3	0	1	2	2	4198	263	24	5587	1	0	0	0	0	0	0	0	0	0	0	0	0	0	0	0	0	
94.079517	8	3	3	0	1	2	2	4198	272	24	5646	1	0	0	0	0	0	0	0	0	0	0	0	0	0	0	0	0	
95.084633	8	3	3	0	1	2	2	4199	270	24	5706	1	0	0	0	0	0	0	0	0	0	0	0	0	0	0	0	0	
96.091200	8	3	3	0	1	2	2	4199	276	24	5766	1	0	0	0	0	0	0	0	0	0	0	0	0	0	0	0	0	
97.096317	8	3	3	0	1	2	2	4199	288	24	5827	1	0	0	0	0	0	0	0	0	0	0	0	0	0	0	0	0	
98.082717	8	3	3	0	1	2	2	4198	261	24	5886	1	0	0	0	0	0	0	0	0	0	0	0	0	0	0	0	0	
99.087833	8	3	3	0	1	2	2	4198	259	24	5946	1	0	0	0	0	0	0	0	0	0	0	0	0	0	0	0	0	
100.092967	8	3	3	0	1	2	2	4198	271	24	6007	1	0	0	0	0	0	0	0	0	0	0	0	0	0	0	0	0	
101.079367	8	3	3	0	1	2	2	4198	270	24	6066	1	0	0	0	0	0	0	0	0	0	0	0	0	0	0	0	0	
102.085917	8	3	3	0	1	2	2	4199	266	24	6126	1	0	0	0	0	0	0	0	0	0	0	0	0	0	0	0	0	
103.091033	8	3	3	0	1	2	2	4199	246	24	6186	1	0	0	0	0	0	0	0	0	0	0	0	0	0	0	0	0	
104.096167	8	3	3	0	1	2	2	4199	232	24	6247	1	0	0	0	0	0	0	0	0	0	0	0	0	0	0	0	0	
105.082567	8	3	3	0	1	2	2	4198	225	24	6306	1	0	0	0	0	0	0	0	0	0	0	0	0	0	0	0	0	
106.087683	8	3	3	0	1	2	2	4199	208	24	6366	1	0	0	0	0	0	0	0	0	0	0	0	0	0	0	0	0	
107.094233	8	3	3	0	1	2	2	4199	217	24	6427	1	0	0	0	0	0	0	0	0	0	0	0	0	0	0	0	0	
108.080633	8	3	3	0	1	2	2	4198	218	24	6486	1	0	0	0	0	0	0	0	0	0	0	0	0	0	0	0	0	
109.085767	8	3	3	0	1	2	2	4198	218	24	6546	1	0	0	0	0	0	0	0	0	0	0	0	0	0	0	0	0	
110.090883	8	3	3	0	1	2	2	4198	224	24	6606	1	0	0	0	0	0	0	0	0	0	0	0	0	0	0	0	0	
111.096000	8	3	3	0	1	2	2	4198	219	24	6667	1	0	0	0	0	0	0	0	0	0	0	0	0	0	0	0	0	
112.082400	8	3	3	0	1	2	2	4199	207	24	6726	1	0	0	0	0	0	0	0	0	0	0	0	0	0	0	0	0	
113.088967	8	3	3	0	1	2	2	4199	195	24	6786	1	0	0	0	0	0	0	0	0	0	0	0	0	0	0	0	0	
114.094083	8	3	3	0	1	2	2	4199	191	24	6847	1	0	0	0	0	0	0	0	0	0	0	0	0	0	0	0	0	
115.080483	8	3	3	0	1	2	2	4198	187	24	6906	1	0	0	0	0	0	0	0	0	0	0	0	0	0	0	0	0	
116.085600	8	3	3	0	1	2	2	4198	188	24	6966	1	0	0	0	0	0	0	0	0	0	0	0	0	0	0	0	0	
117.090717	8	3	3	0	1	2	2	4198	182	24	7026	1	0	0	0	0	0	0	0	0	0	0	0	0	0	0	0	0	
118.097283	8	3	3	0	1	2	2	4198	172	24	7087	1	0	0	0	0	0	0	0	0	0	0	0	0	0	0	0	0	
119.083683	8	3	3	0	1	2	2	4198	166	24	7146	1	0	0	0	0	0	0	0	0	0	0	0	0	0	0	0	0	
120.088800	8	3	3	0	1	2	2	4198	161	24	7206	1	0	0	0	0	0	0	0	0	0	0	0	0	0	0	0	0	
121.093917	8	3	3	0	1	2	2	4198	164	24	7267	1	0	0	0	0	0	0	0	0	0	0	0	0	0	0	0	0	
122.080317	8	3	3	0	1	2	2	4198	156	24	7326	1	0	0	0	0	0	0	0	0	0	0	0	0	0	0	0	0	
123.086883	8	3	3	0	1	2	2	4198	150	24	7386	1	0	0	0	0	0	0	0	0	0	0	0	0	0	0	0	0	
124.092000	8	3	3	0	1	2	2	4199	146	24	7446	1	0	0	0	0	0	0	0	0	0	0	0	0	0	0	0	0	
125.097117	8	3	3	0	1	2	2	4199	142	24	7507	1	0	0	0	0	0	0	0	0	0	0	0	0	0	0	0	0	
126.083517	8	3	3	0	1	2	2	4198	139	24	7566	1	0	0	0	0	0	0	0	0	0	0	0	0	0	0	0	0	
127.088633	8	3	3	0	1	2	2	4198	134	24	7626	1	0	0	0	0	0	0	0	0	0	0	0	0	0	0	0	0	
128.095200	8	3	3	0	1	2	2	4198	129	24	7686	1	0	0	0	0	0	0	0	0	0	0	0	0	0	0	0	0	
129.081600	8	3	3	0	1	2	2	4198	122	24	7746	1	0	0	0	0	0	0	0	0	0	0	0	0	0	0	0	0	
130.086717	8	3	3	0	1	2	2	4199	120	24	7806	1	0	0	0	0	0	0	0	0	0	0	0	0	0	0	0	0	
131.091833	8	3	3	0	1	2	2	4198	120	24	7866	1	0	0	0	0	0	0	0	0	0	0	0	0	0	0	0	0	
132.096967	8	3	3	0	1	2	2	4198	116	24	7927	1	0	0	0	0	0	0	0	0	0	0	0	0	0	0	0	0	
133.084800	8	3	3	0	1	2	2	4199	118	24	7986	1	0	0	0	0	0	0	0	0	0	0	0	0	0	0	0	0	
134.089917	8	3	3	0	1	2	2	4198	115	24	8046	1	0	0	0	0	0	0	0	0	0	0	0	0	0	0	0	0	
135.095033	8	3	3	0	1	2	2	4198	114	24	8106	1	0	0	0	0	0	0	0	0	0	0	0	0	0	0	0	0	
136.081433	8	3	3	0	1	2	2	4198	112	24	8166	1	0	0	0	0	0	0	0	0	0	0	0	0	0	0	0	0	
137.086567	8	3	3	0	1	2	2	4199	112	24	8226	1	0	0	0	0	0	0	0	0	0	0	0	0	0	0	0	0	
138.093117	8	3	3	0	1	2	2	4199	109	24	8286	1	0	0	0	0	0	0	0	0	0	0	0	0	0	0	0	0	
139.098233	8	3	3	0	1	2	2	4199	105	24	8347	1	0	0	0	0	0	0	0	0	0	0	0	0	0	0	0	0	
140.084633	8	3	3	0	1	2	2	4198	102	24	8406	1	0	0	0	0	0	0	0	0	0	0	0	0	0	0	0	0	
141.089767	8	3	3	0	1	2	2	4199	100	24	8466	1	0	0	0	0	0	0	0	0	0	0	0	0	0	0	0	0	
142.094883	8	3	3	0	1	2	2	4198	100	24	8526	1	0	0	0	0	0	0	0	0	0	0	0	0	0	0	0	0	
143.081283	8	3	3	0	1	2	2	4198	99	24	8586	1	0	0	0	0	0	0	0	0	0	0	0	0	0	0	0	0	
144.087833	8	3	3	0	1	2	2	4199	98	24	8646	1	0	0	0	0	0	0	0	0	0	0	0	0	0	0	0	0	
145.092967	8	3	3	0	1	2	2	4198	98	24	8706	1	0	0	0	0	0	0	0	0	0	0	0	0	0	0	0	0	
146.098083	8	3	3	0	1	2	2	4198	95	24	8767	1	0	0	0	0	0	0	0	0	0	0	0	0	0	0	0	0	
147.084483	8	3	3	0	1	2	2	4198	93	24	8826	1	0	0	0	0	0	0	0	0	0	0	0	0	0	0	0	0	
148.089600	8	3	3	0	1	2	2	4199	90	24	8886	1	0	0	0	0	0	0	0	0	0	0	0	0	0	0	0	0	
149.094717	8	3	3	0	1	2	2	4198	89	24	8946	1	0	0	0	0	0	0	0	0	0	0	0	0	0	0	0	0	
150.082567	8	3	3	0	1	2	2	4199	88	24	9006	1	0	0	0	0	0	0	0	0	0	0	0	0	0	0	0	0	
151.087683	8	3	3	0	1	2	2	4198	86	24	9066	1	0	0	0	0	0	0	0	0	0	0	0	0	0	0	0	0	
152.092800	8	3	3	0	1	2	2	4199	84	24	9126	1	0	0	0	0	0	0	0	0	0	0	0	0	0	0	0	0	
153.097917	8	3	3	0	1	2	2	4199	84	24	9187	1	0	0	0	0	0	0	0	0	0	0	0	0	0	0	0	0	
154.084317	8	3	3	0	1	2	2	4199	83	24	9246	1	0	0	0	0	0	0	0	0	0	0	0	0	0	0	0	0	
155.089433	8	3	3	0	1	2	2	4198	82	24	9306	1	0	0	0	0	0	0	0	0	0	0	0	0	0	0	0	0	
156.096000	8	3	3	0	1	2	2	4198	80	24	9366	1	0	0	0	0	0	0	0	0	0	0	0	0	0	0	0	0	
157.085283	8	3	3	0	1	2	2	4198	80	24	9426	1	0	0	0	0	0	0	0	0	0	0	0	0	0	0	0	0	
158.091833	8	3	3	0	1	2	2	4199	79	24	9486	1	0	0	0	0	0	0	0	0	0	0	0	0	0	0	0	0	
159.096967	8	3	3	0	1	2	2	4198	77	24	9546	1	0	0	0	0	0	0	0	0	0	0	0	0	0	0	0	0	
160.083367	8	3	3	0	1	2	2	4198	74	24	9606	1	0	0	0	0	0	0	0	0	0	0	0	0	0	0	0	0	
161.088483	8	3	3	0	1	2	2	4198	72	24	9666	1	0	0	0	0	0	0	0	0	0	0	0	0	0	0	0	0	
162.093600	8	3	3	0	1	2	2	4198	70	24	9726	1	0	0	0	0	0	0	0	0	0	0	0	0	0	0	0	0	
163.098717	8	3	3	0	1	2	2	4198	68	24	9787	1	0	0	0	0	0	0	0	0	0	0	0	0	0	0	0	0	
163.388167	8	6	3	0	2	7	1	3879	-924	24	9804	1	1	0	0	0	0	0	0	0	0	0	0	0	0	0	0	0	
164.088000	8	6	3	0	2	7	1	3673	-1350	24	9846	1	1	1	0	0	0	0	0	0	0	0	0	0	0	0	0	0	
165.093117	8	6	3	0	2	7	1	3726	-1350	24	9906	1	1	2	0	0	0	0	0	0	0	0	0	0	0	0	0	0	
166.098233	8	6	3	0	2	7	1	3657	-1350	24	9967	1	1	4	0	0	0	0	0	0	0	0	0	0	0	0	0	0	
167.084633	8	6	3	0	2	7	1	3619	-1349	24	10026	1	1	6	0	0	0	0	0	0	0	0	0	0	0	0	0	0	
168.089767	8	6	3	0	2	7	1	3619	-1349	24	10086	1	1	7	0	0	0	0	0	0	0	0	0	0	0	0	0	0	
169.096317	8	6	3	0	2	7	1	3594	-1350	24	10146	1	1	9	0	0	0	0	0	0	0	0	0	0	0	0	0	0	
170.101433	8	6	3	0	2	7	1	3593	-1349	24	10207	1	1	11	0	0	0	0	0	0	0	0	0	0	0	0	0	0	
171.087833	8	6	3	0	2	7	1	3586	-1350	24	10266	1	1	12	0	0	0	0	0	0	0	0	0	0	0	0	0	0	
172.092967	8	6	3	0	2	7	1	3572	-1350	24	10326	1	1	14	0	0	0	0	0	0	0	0	0	0	0	0	0	0	
173.098083	8	6	3	0	2	7	1	3559	-1349	24	10387	1	1	16	0	0	0	0	0	0	0	0	0	0	0	0	0	0	
174.085917	8	6	3	0	2	7	1	3542	-1350	24	10446	1	1	17	0	0	0	0	0	0	0	0	0	0	0	0	0	0	
175.091033	8	6	3	0	2	7	1	3525	-1351	24	10506	1	1	19	0	0	0	0	0	0	0	0	0	0	0	0	0	0	
176.096167	8	6	3	0	2	7	1	3508	-1351	24	10566	1	1	21	0	0	0	0	0	0	0	0	0	0	0	0	0	0	
177.101283	8	6	3	0	2	7	1	3478	-1350	24	10627	1	1	22	0	0	0	0	0	0	0	0	0	0	0	0	0	0	
178.087683	8	6	3	0	2	7	1	3473	-1349	24	10686	1	1	24	0	0	0	0	0	0	0	0	0	0	0	0	0	0	
179.092800	8	6	3	0	2	7	1	3461	-1348	24	10746	1	1	26	0	0	0	0	0	0	0	0	0	0	0	0	0	0	
180.099367	8	6	3	0	2	7	1	3452	-1350	24	10807	1	1	27	0	0	0	0	0	0	0	0	0	0	0	0	0	0	
181.085767	8	6	3	0	2	7	1	3444	-1348	24	10866	1	1	29	0	0	0	0	0	0	0	0	0	0	0	0	0	0	
182.090883	8	6	3	0	2	7	1	3433	-1349	24	10926	1	1	30	0	0	0	0	0	0	0	0	0	0	0	0	0	0	
183.096000	8	6	3	0	2	7	1	3423	-1350	24	10986	1	1	32	0	0	0	0	0	0	0	0	0	0	0	0	0	0	
184.101117	8	6	3	0	2	7	1	3412	-1350	24	11047	1	1	34	0	0	0	0	0	0	0	0	0	0	0	0	0	0	
185.088967	8	6	3	0	2	7	1	3400	-1350	24	11106	1	1	35	0	0	0	0	0	0	0	0	0	0	0	0	0	0	
186.094083	8	6	3	0	2	7	1	3390	-1350	24	11166	1	1	37	0	0	0	0	0	0	0	0	0	0	0	0	0	0	
187.099200	8	6	3	0	2	7	1	3379	-1350	24	11226	1	1	39	0	0	0	0	0	0	0	0	0	0	0	0	0	0	
188.085600	8	6	3	0	2	7	1	3369	-1348	24	11286	1	1	40	0	0	0	0	0	0	0	0	0	0	0	0	0	0	
189.090717	8	6	3	0	2	7	1	3357	-1351	24	11346	1	1	42	0	0	0	0	0	0	0	0	0	0	0	0	0	0	
190.097283	8	6	3	0	2	7	1	3348	-1347	24	11406	1	1	44	0	0	0	0	0	0	0	0	0	0	0	0	0	0	
191.102400	8	6	3	0	2	7	1	3337	-1349	24	11467	1	1	45	0	0	0	0	0	0	0	0	0	0	0	0	0	0	
192.088800	8	6	3	0	2	7	1	3325	-1351	24	11526	1	1	47	0	0	0	0	0	0	0	0	0	0	0	0	0	0	
193.093917	8	6	3	0	2	7	1	3317	-1349	24	11586	1	1	49	0	0	0	0	0	0	0	0	0	0	0	0	0	0	
194.099033	8	6	3	0	2	7	1	3311	-1347	24	11646	1	1	50	0	0	0	0	0	0	0	0	0	0	0	0	0	0	
195.085433	8	6	3	0	2	7	1	3304	-1350	24	11706	1	1	52	0	0	0	0	0	0	0	0	0	0	0	0	0	0	
196.092000	8	6	3	0	2	7	1	3296	-1348	24	11766	1	1	54	0	0	0	0	0	0	0	0	0	0	0	0	0	0	
197.097117	8	6	3	0	2	7	1	3288	-1350	24	11826	1	1	55	0	0	0	0	0	0	0	0	0	0	0	0	0	0	
198.102233	8	6	3	0	2	7	1	3282	-1349	24	11887	1	1	57	0	0	0	0	0	0	0	0	0	0	0	0	0	0	
199.088633	8	6	3	0	2	7	1	3276	-1349	24	11946	1	1	59	0	0	0	0	0	0	0	0	0	0	0	0	0	0	
200.093767	8	6	3	0	2	7	1	3269	-1349	24	12006	1	1	60	0	0	0	0	0	0	0	0	0	0	0	0	0	0	
201.100317	8	6	3	0	2	7	1	3259	-1351	24	12066	1	1	62	0	0	0	0	0	0	0	0	0	0	0	0	0	0	
202.086717	8	6	3	0	2	7	1	3249	-1349	24	12126	1	1	64	0	0	0	0	0	0	0	0	0	0	0	0	0	0	
203.091833	8	6	3	0	2	7	1	3237	-1350	24	12186	1	1	65	0	0	0	0	0	0	0	0	0	0	0	0	0	0	
204.096967	8	6	3	0	2	7	1	3232	-1350	24	12246	1	1	67	0	0	0	0	0	0	0	0	0	0	0	0	0	0	
205.102083	8	6	3	0	2	7	1	3220	-1350	24	12307	1	1	69	0	0	0	0	0	0	0	0	0	0	0	0	0	0	
206.088483	8	6	3	0	2	7	1	3206	-1350	24	12366	1	1	70	0	0	0	0	0	0	0	0	0	0	0	0	0	0	
207.095033	8	6	3	0	2	7	1	3189	-1350	24	12426	1	1	72	0	0	0	0	0	0	0	0	0	0	0	0	0	0	
208.100167	8	6	3	0	2	7	1	3164	-1349	24	12486	1	1	74	0	0	0	0	0	0	0	0	0	0	0	0	0	0	
209.086567	8	6	3	0	2	7	1	3133	-1350	24	12546	1	1	75	0	0	0	0	0	0	0	0	0	0	0	0	0	0	
210.091683	8	6	3	0	2	7	1	3087	-1350	24	12606	1	1	77	0	0	0	0	0	0	0	0	0	0	0	0	0	0	
211.096800	8	6	3	0	2	7	1	3009	-1349	24	12666	1	1	79	0	0	0	0	0	0	0	0	0	0	0	0	0	0	
212.101917	8	6	3	0	2	7	1	2867	-1349	24	12727	1	1	80	0	0	0	0	0	0	0	0	0	0	0	0	0	0	
212.749917	8	15	3	0	1	31	2	2928	27	24	12765	2	1	81	0	0	0	0	0	0	0	0	0	0	0	0	0	0	
212.770083	8	3	3	0	1	2	2	3375	680	24	12767	3	1	81	0	0	0	0	0	0	0	0	0	0	0	0	0	0	
213.092633	8	3	3	0	1	2	2	3576	674	24	12786	3	1	81	0	0	0	0	0	0	0	0	0	0	0	0	0	0	
214.097767	8	3	3	0	1	2	2	3774	673	24	12846	3	1	81	0	0	0	0	0	0	0	0	0	0	0	0	0	0	
215.102883	8	3	3	0	1	2	2	3863	673	24	12907	3	1	81	0	0	0	0	0	0	0	0	0	0	0	0	0	0	
216.089283	8	3	3	0	1	2	2	3959	673	24	12966	3	1	81	0	0	0	0	0	0	0	0	0	0	0	0	0	0	
217.097283	8	3	3	0	1	2	2	3997	675	24	13026	3	1	81	0	0	0	0	0	0	0	0	0	0	0	0	0	0	
218.102400	8	3	3	0	1	2	2	3943	674	24	13087	3	1	81	0	0	0	0	0	0	0	0	0	0	0	0	0	0	
219.088800	8	3	3	0	1	2	2	3962	675	24	13146	3	1	81	0	0	0	0	0	0	0	0	0	0	0	0	0	0	
220.093917	8	3	3	0	1	2	2	3973	674	24	13206	3	1	81	0	0	0	0	0	0	0	0	0	0	0	0	0	0	
221.100483	8	3	3	0	1	2	2	3957	673	24	13266	3	1	81	0	0	0	0	0	0	0	0	0	0	0	0	0	0	
222.105600	8	3	3	0	1	2	2	3958	674	24	13327	3	1	81	0	0	0	0	0	0	0	0	0	0	0	0	0	0	
223.092000	8	3	3	0	1	2	2	3971	674	24	13386	3	1	81	0	0	0	0	0	0	0	0	0	0	0	0	0	0	
224.097117	8	3	3	0	1	2	2	3973	675	24	13446	3	1	81	0	0	0	0	0	0	0	0	0	0	0	0	0	0	
225.102233	8	3	3	0	1	2	2	3985	674	24	13507	3	1	81	0	0	0	0	0	0	0	0	0	0	0	0	0	0	
226.088633	8	3	3	0	1	2	2	4000	674	24	13566	3	1	81	0	0	0	0	0	0	0	0	0	0	0	0	0	0	
227.095200	8	3	3	0	1	2	2	3997	675	24	13626	3	1	81	0	0	0	0	0	0	0	0	0	0	0	0	0	0	
228.100317	8	3	3	0	1	2	2	4003	673	24	13686	3	1	81	0	0	0	0	0	0	0	0	0	0	0	0	0	0	
229.105433	8	3	3	0	1	2	2	4015	674	24	13747	3	1	81	0	0	0	0	0	0	0	0	0	0	0	0	0	0	
230.091833	8	3	3	0	1	2	2	4023	675	24	13806	3	1	81	0	0	0	0	0	0	0	0	0	0	0	0	0	0	
231.096967	8	3	3	0	1	2	2	4031	674	24	13866	3	1	81	0	0	0	0	0	0	0	0	0	0	0	0	0	0	
232.103517	8	3	3	0	1	2	2	4037	673	24	13927	3	1	81	0	0	0	0	0	0	0	0	0	0	0	0	0	0	
233.089917	8	3	3	0	1	2	2	4041	675	24	13986	3	1	81	0	0	0	0	0	0	0	0	0	0	0	0	0	0	
234.095033	8	3	3	0	1	2	2	4045	674	24	14046	3	1	81	0	0	0	0	0	0	0	0	0	0	0	0	0	0	
235.100167	8	3	3	0	1	2	2	4047	674	24	14106	3	1	81	0	0	0	0	0	0	0	0	0	0	0	0	0	0	
236.105283	8	3	3	0	1	2	2	4046	675	24	14167	3	1	81	0	0	0	0	0	0	0	0	0	0	0	0	0	0	
237.093117	8	3	3	0	1	2	2	4058	675	24	14226	3	1	81	0	0	0	0	0	0	0	0	0	0	0	0	0	0	
238.098233	8	3	3	0	1	2	2	4067	675	24	14286	3	1	81	0	0	0	0	0	0	0	0	0	0	0	0	0	0	
239.103367	8	3	3	0	1	2	2	4071	673	24	14346	3	1	81	0	0	0	0	0	0	0	0	0	0	0	0	0	0	
240.089767	8	3	3	0	1	2	2	4077	674	24	14406	3	1	81	0	0	0	0	0	0	0	0	0	0	0	0	0	0	
241.094883	8	3	3	0	1	2	2	4083	676	24	14466	3	1	81	0	0	0	0	0	0	0	0	0	0	0	0	0	0	
242.101433	8	3	3	0	1	2	2	4088	675	24	14526	3	1	81	0	0	0	0	0	0	0	0	0	0	0	0	0	0	
243.106567	8	3	3	0	1	2	2	4090	674	24	14587	3	1	81	0	0	0	0	0	0	0	0	0	0	0	0	0	0	
244.092967	8	3	3	0	1	2	2	4094	674	24	14646	3	1	81	0	0	0	0	0	0	0	0	0	0	0	0	0	0	
245.098083	8	3	3	0	1	2	2	4096	673	24	14706	3	1	81	0	0	0	0	0	0	0	0	0	0	0	0	0	0	
246.103200	8	3	3	0	1	2	2	4100	675	24	14766	3	1	81	0	0	0	0	0	0	0	0	0	0	0	0	0	0	
247.089600	8	3	3	0	1	2	2	4105	675	24	14826	3	1	81	0	0	0	0	0	0	0	0	0	0	0	0	0	0	
248.096167	8	3	3	0	1	2	2	4109	676	24	14886	3	1	81	0	0	0	0	0	0	0	0	0	0	0	0	0	0	
249.101283	8	3	3	0	1	2	2	4114	676	24	14946	3	1	81	0	0	0	0	0	0	0	0	0	0	0	0	0	0	
250.106400	8	3	3	0	1	2	2	4119	675	24	15007	3	1	81	0	0	0	0	0	0	0	0	0	0	0	0	0	0	
251.092800	8	3	3	0	1	2	2	4119	666	24	15066	3	1	81	0	0	0	0	0	0	0	0	0	0	0	0	0	0	
252.097917	8	3	3	0	1	2	2	4121	665	24	15126	3	1	81	0	0	0	0	0	0	0	0	0	0	0	0	0	0	
253.103033	8	3	3	0	1	2	2	4124	664	24	15186	3	1	81	0	0	0	0	0	0	0	0	0	0	0	0	0	0	
254.090883	8	3	3	0	1	2	2	4128	665	24	15246	3	1	81	0	0	0	0	0	0	0	0	0	0	0	0	0	0	
255.096000	8	3	3	0	1	2	2	4131	665	24	15306	3	1	81	0	0	0	0	0	0	0	0	0	0	0	0	0	0	
256.101117	8	3	3	0	1	2	2	4135	663	24	15366	3	1	81	0	0	0	0	0	0	0	0	0	0	0	0	0	0	
257.106233	8	3	3	0	1	2	2	4141	663	24	15427	3	1	81	0	0	0	0	0	0	0	0	0	0	0	0	0	0	
258.092633	8	3	3	0	1	2	2	4144	662	24	15486	3	1	81	0	0	0	0	0	0	0	0	0	0	0	0	0	0	
259.097767	8	3	3	0	1	2	2	4148	662	24	15546	3	1	81	0	0	0	0	0	0	0	0	0	0	0	0	0	0	
260.104317	8	3	3	0	1	2	2	4152	662	24	15606	3	1	81	0	0	0	0	0	0	0	0	0	0	0	0	0	0	
261.090717	8	3	3	0	1	2	2	4157	661	24	15666	3	1	81	0	0	0	0	0	0	0	0	0	0	0	0	0	0	
262.095833	8	3	3	0	1	2	2	4162	660	24	15726	3	1	81	0	0	0	0	0	0	0	0	0	0	0	0	0	0	
263.100967	8	3	3	0	1	2	2	4167	659	24	15786	3	1	81	0	0	0	0	0	0	0	0	0	0	0	0	0	0	
264.106083	8	3	3	0	1	2	2	4171	659	24	15847	3	1	81	0	0	0	0	0	0	0	0	0	0	0	0	0	0	
265.093917	8	3	3	0	1	2	2	4175	659	24	15906	3	1	81	0	0	0	0	0	0	0	0	0	0	0	0	0	0	
266.099033	8	3	3	0	1	2	2	4180	656	24	15966	3	1	81	0	0	0	0	0	0	0	0	0	0	0	0	0	0	
267.104167	8	3	3	0	1	2	2	4185	656	24	16026	3	1	81	0	0	0	0	0	0	0	0	0	0	0	0	0	0	
268.090567	8	3	3	0	1	2	2	4190	656	24	16086	3	1	81	0	0	0	0	0	0	0	0	0	0	0	0	0	0	
269.095683	8	3	3	0	1	2	2	4194	656	24	16146	3	1	81	0	0	0	0	0	0	0	0	0	0	0	0	0	0	
270.102233	8	3	3	0	1	2	2	4198	654	24	16206	3	1	81	0	0	0	0	0	0	0	0	0	0	0	0	0	0	
271.107367	8	3	3	0	1	2	2	4199	648	24	16267	3	1	81	0	0	0	0	0	0	0	0	0	0	0	0	0	0	
272.093767	8	3	3	0	1	2	2	4199	638	24	16326	3	1	81	0	0	0	0	0	0	0	0	0	0	0	0	0	0	
273.098883	8	3	3	0	1	2	2	4198	627	24	16386	3	1	81	0	0	0	0	0	0	0	0	0	0	0	0	0	0	
274.108317	8	3	3	0	1	2	2	4198	619	24	16447	3	1	81	0	0	0	0	0	0	0	0	0	0	0	0	0	0	
275.094717	8	3	3	0	1	2	2	4199	614	24	16506	3	1	81	0	0	0	0	0	0	0	0	0	0	0	0	0	0	
276.099833	8	3	3	0	1	2	2	4198	608	24	16566	3	1	81	0	0	0	0	0	0	0	0	0	0	0	0	0	0	
277.104967	8	3	3	0	1	2	2	4198	596	24	16626	3	1	81	0	0	0	0	0	0	0	0	0	0	0	0	0	0	
278.091367	8	3	3	0	1	2	2	4198	599	24	16686	3	1	81	0	0	0	0	0	0	0	0	0	0	0	0	0	0	
279.097917	8	3	3	0	1	2	2	4198	584	24	16746	3	1	81	0	0	0	0	0	0	0	0	0	0	0	0	0	0	
280.103033	8	3	3	0	1	2	2	4199	574	24	16806	3	1	81	0	0	0	0	0	0	0	0	0	0	0	0	0	0	
281.108167	8	3	3	0	1	2	2	4198	564	23	16867	3	1	81	0	0	0	0	0	0	0	0	0	0	0	0	0	0	
282.094567	8	3	3	0	1	2	2	4199	531	24	16926	3	1	81	0	0	0	0	0	0	0	0	0	0	0	0	0	0	
283.099683	8	3	3	0	1	2	2	4198	537	24	16986	3	1	81	0	0	0	0	0	0	0	0	0	0	0	0	0	0	
284.106233	8	3	3	0	1	2	2	4198	513	24	17046	3	1	81	0	0	0	0	0	0	0	0	0	0	0	0	0	0	
285.092633	8	3	3	0	1	2	2	4198	507	24	17106	3	1	81	0	0	0	0	0	0	0	0	0	0	0	0	0	0	
286.097767	8	3	3	0	1	2	2	4198	520	24	17166	3	1	81	0	0	0	0	0	0	0	0	0	0	0	0	0	0	
287.102883	8	3	3	0	1	2	2	4199	486	24	17226	3	1	81	0	0	0	0	0	0	0	0	0	0	0	0	0	0	
288.108000	8	3	3	0	1	2	2	4198	433	24	17287	3	1	81	0	0	0	0	0	0	0	0	0	0	0	0	0	0	
289.095833	8	3	3	0	1	2	2	4198	438	24	17346	3	1	81	0	0	0	0	0	0	0	0	0	0	0	0	0	0	
290.100967	8	3	3	0	1	2	2	4198	435	24	17406	3	1	81	0	0	0	0	0	0	0	0	0	0	0	0	0	0	
291.106083	8	3	3	0	1	2	2	4198	419	24	17466	3	1	81	0	0	0	0	0	0	0	0	0	0	0	0	0	0	
292.111200	8	3	3	0	1	2	2	4199	410	24	17527	3	1	81	0	0	0	0	0	0	0	0	0	0	0	0	0	0	
293.099033	8	3	3	0	1	2	2	4199	423	24	17586	3	1	81	0	0	0	0	0	0	0	0	0	0	0	0	0	0	
294.105600	8	3	3	0	1	2	2	4198	414	24	17646	3	1	81	0	0	0	0	0	0	0	0	0	0	0	0	0	0	
295.110717	8	3	3	0	1	2	2	4199	417	24	17707	3	1	81	0	0	0	0	0	0	0	0	0	0	0	0	0	0	
296.097117	8	3	3	0	1	2	2	4199	398	23	17766	3	1	81	0	0	0	0	0	0	0	0	0	0	0	0	0	0	
297.102233	8	3	3	0	1	2	2	4198	411	24	17826	3	1	81	0	0	0	0	0	0	0	0	0	0	0	0	0	0	
298.107367	8	3	3	0	1	2	2	4198	416	23	17886	3	1	81	0	0	0	0	0	0	0	0	0	0	0	0	0	0	
299.095200	8	3	3	0	1	2	2	4198	389	23	17946	3	1	81	0	0	0	0	0	0	0	0	0	0	0	0	0	0	
300.100317	8	3	3	0	1	2	2	4198	356	24	18006	3	1	81	0	0	0	0	0	0	0	0	0	0	0	0	0	0	
301.105433	8	3	3	0	1	2	2	4198	338	24	18066	3	1	81	0	0	0	0	0	0	0	0	0	0	0	0	0	0	
302.110567	8	3	3	0	1	2	2	4198	337	24	18127	3	1	81	0	0	0	0	0	0	0	0	0	0	0	0	0	0	
303.096967	8	3	3	0	1	2	2	4198	326	24	18186	3	1	81	0	0	0	0	0	0	0	0	0	0	0	0	0	0	
304.102083	8	3	3	0	1	2	2	4199	307	23	18246	3	1	81	0	0	0	0	0	0	0	0	0	0	0	0	0	0	
305.108633	8	3	3	0	1	2	2	4198	270	24	18306	3	1	81	0	0	0	0	0	0	0	0	0	0	0	0	0	0	
306.095033	8	3	3	0	1	2	2	4199	242	23	18366	3	1	81	0	0	0	0	0	0	0	0	0	0	0	0	0	0	
307.100167	8	3	3	0	1	2	2	4199	219	24	18426	3	1	81	0	0	0	0	0	0	0	0	0	0	0	0	0	0	
308.105283	8	3	3	0	1	2	2	4198	236	23	18486	3	1	81	0	0	0	0	0	0	0	0	0	0	0	0	0	0	
309.110400	8	3	3	0	1	2	2	4199	232	23	18547	3	1	81	0	0	0	0	0	0	0	0	0	0	0	0	0	0	
310.096800	8	3	3	0	1	2	2	4198	239	23	18606	3	1	81	0	0	0	0	0	0	0	0	0	0	0	0	0	0	
311.103367	8	3	3	0	1	2	2	4198	220	23	18666	3	1	81	0	0	0	0	0	0	0	0	0	0	0	0	0	0	
312.108483	8	3	3	0	1	2	2	4198	222	23	18726	3	1	81	0	0	0	0	0	0	0	0	0	0	0	0	0	0	
313.094883	8	3	3	0	1	2	2	4198	217	23	18786	3	1	81	0	0	0	0	0	0	0	0	0	0	0	0	0	0	
314.100000	8	3	3	0	1	2	2	4199	205	23	18846	3	1	81	0	0	0	0	0	0	0	0	0	0	0	0	0	0	
315.105117	8	3	3	0	1	2	2	4199	190	24	18906	3	1	81	0	0	0	0	0	0	0	0	0	0	0	0	0	0	
316.111683	8	3	3	0	1	2	2	4198	178	23	18967	3	1	81	0	0	0	0	0	0	0	0	0	0	0	0	0	0	
317.098083	8	3	3	0	1	2	2	4199	167	23	19026	3	1	81	0	0	0	0	0	0	0	0	0	0	0	0	0	0	
318.103200	8	3	3	0	1	2	2	4198	167	23	19086	3	1	81	0	0	0	0	0	0	0	0	0	0	0	0	0	0	
319.108317	8	3	3	0	1	2	2	4198	174	23	19146	3	1	81	0	0	0	0	0	0	0	0	0	0	0	0	0	0	
320.094717	8	3	3	0	1	2	2	4199	182	23	19206	3	1	81	0	0	0	0	0	0	0	0	0	0	0	0	0	0	
321.099833	8	3	3	0	1	2	2	4199	181	23	19266	3	1	81	0	0	0	0	0	0	0	0	0	0	0	0	0	0	
322.106400	8	3	3	0	1	2	2	4198	177	23	19326	3	1	81	0	0	0	0	0	0	0	0	0	0	0	0	0	0	
323.111517	8	3	3	0	1	2	2	4198	165	23	19387	3	1	81	0	0	0	0	0	0	0	0	0	0	0	0	0	0	
324.097917	8	3	3	0	1	2	2	4199	170	23	19446	3	1	81	0	0	0	0	0	0	0	0	0	0	0	0	0	0	
325.103033	8	3	3	0	1	2	2	4199	165	23	19506	3	1	81	0	0	0	0	0	0	0	0	0	0	0	0	0	0	
326.108167	8	3	3	0	1	2	2	4198	150	23	19566	3	1	81	0	0	0	0	0	0	0	0	0	0	0	0	0	0	
327.114717	8	3	3	0	1	2	2	4198	156	23	19627	3	1	81	0	0	0	0	0	0	0	0	0	0	0	0	0	0	
328.101117	8	3	3	0	1	2	2	4198	150	23	19686	3	1	81	0	0	0	0	0	0	0	0	0	0	0	0	0	0	
329.106233	8	3	3	0	1	2	2	4199	146	23	19746	3	1	81	0	0	0	0	0	0	0	0	0	0	0	0	0	0	
330.111367	8	3	3	0	1	2	2	4198	142	23	19807	3	1	81	0	0	0	0	0	0	0	0	0	0	0	0	0	0	
331.097767	8	3	3	0	1	2	2	4199	133	23	19866	3	1	81	0	0	0	0	0	0	0	0	0	0	0	0	0	0	
332.104317	8	3	3	0	1	2	2	4198	134	23	19926	3	1	81	0	0	0	0	0	0	0	0	0	0	0	0	0	0	
333.109433	8	3	3	0	1	2	2	4199	138	23	19986	3	1	81	0	0	0	0	0	0	0	0	0	0	0	0	0	0	
334.114567	8	3	3	0	1	2	2	4199	137	23	20047	3	1	81	0	0	0	0	0	0	0	0	0	0	0	0	0	0	
335.100967	8	3	3	0	1	2	2	4198	137	23	20106	3	1	81	0	0	0	0	0	0	0	0	0	0	0	0	0	0	
336.106083	8	3	3	0	1	2	2	4198	133	23	20166	3	1	81	0	0	0	0	0	0	0	0	0	0	0	0	0	0	
337.111200	8	3	3	0	1	2	2	4198	124	23	20227	3	1	81	0	0	0	0	0	0	0	0	0	0	0	0	0	0	
338.099033	8	3	3	0	1	2	2	4199	125	23	20286	3	1	81	0	0	0	0	0	0	0	0	0	0	0	0	0	0	
339.104167	8	3	3	0	1	2	2	4199	130	23	20346	3	1	81	0	0	0	0	0	0	0	0	0	0	0	0	0	0	
340.109283	8	3	3	0	1	2	2	4198	129	23	20406	3	1	81	0	0	0	0	0	0	0	0	0	0	0	0	0	0	
341.114400	8	3	3	0	1	2	2	4199	125	23	20467	3	1	81	0	0	0	0	0	0	0	0	0	0	0	0	0	0	
342.100800	8	3	3	0	1	2	2	4198	122	23	20526	3	1	81	0	0	0	0	0	0	0	0	0	0	0	0	0	0	
343.107367	8	3	3	0	1	2	2	4198	122	23	20586	3	1	81	0	0	0	0	0	0	0	0	0	0	0	0	0	0	
344.112483	8	3	3	0	1	2	2	4199	123	23	20647	3	1	81	0	0	0	0	0	0	0	0	0	0	0	0	0	0	
345.098883	8	3	3	0	1	2	2	4198	120	23	20706	3	1	81	0	0	0	0	0	0	0	0	0	0	0	0	0	0	
346.104000	8	3	3	0	1	2	2	4199	119	23	20766	3	1	81	0	0	0	0	0	0	0	0	0	0	0	0	0	0	
347.109117	8	3	3	0	1	2	2	4198	119	23	20826	3	1	81	0	0	0	0	0	0	0	0	0	0	0	0	0	0	
348.115683	8	3	3	0	1	2	2	4198	117	23	20887	3	1	81	0	0	0	0	0	0	0	0	0	0	0	0	0	0	
349.102083	8	3	3	0	1	2	2	4198	115	23	20946	3	1	81	0	0	0	0	0	0	0	0	0	0	0	0	0	0	
350.107200	8	3	3	0	1	2	2	4198	113	23	21006	3	1	81	0	0	0	0	0	0	0	0	0	0	0	0	0	0	
351.112317	8	3	3	0	1	2	2	4198	109	23	21067	3	1	81	0	0	0	0	0	0	0	0	0	0	0	0	0	0	
352.098717	8	3	3	0	1	2	2	4199	106	23	21126	3	1	81	0	0	0	0	0	0	0	0	0	0	0	0	0	0	
353.105283	8	3	3	0	1	2	2	4198	104	23	21186	3	1	81	0	0	0	0	0	0	0	0	0	0	0	0	0	0	
354.110400	8	3	3	0	1	2	2	4198	99	23	21246	3	1	81	0	0	0	0	0	0	0	0	0	0	0	0	0	0	
355.115517	8	3	3	0	1	2	2	4198	95	23	21307	3	1	81	0	0	0	0	0	0	0	0	0	0	0	0	0	0	
356.101917	8	3	3	0	1	2	2	4198	95	23	21366	3	1	81	0	0	0	0	0	0	0	0	0	0	0	0	0	0	
357.107033	8	3	3	0	1	2	2	4198	93	23	21426	3	1	81	0	0	0	0	0	0	0	0	0	0	0	0	0	0	
358.112167	8	3	3	0	1	2	2	4198	93	23	21487	3	1	81	0	0	0	0	0	0	0	0	0	0	0	0	0	0	
359.100000	8	3	3	0	1	2	2	4198	94	23	21546	3	1	81	0	0	0	0	0	0	0	0	0	0	0	0	0	0	
360.105117	8	3	3	0	1	2	2	4198	94	23	21606	3	1	81	0	0	0	0	0	0	0	0	0	0	0	0	0	0	
361.110233	8	3	3	0	1	2	2	4198	95	23	21666	3	1	81	0	0	0	0	0	0	0	0	0	0	0	0	0	0	
362.115367	8	3	3	0	1	2	2	4198	94	23	21727	3	1	81	0	0	0	0	0	0	0	0	0	0	0	0	0	0	
363.101767	8	3	3	0	1	2	2	4198	93	23	21786	3	1	81	0	0	0	0	0	0	0	0	0	0	0	0	0	0	
364.106883	8	3	3	0	1	2	2	4198	90	23	21846	3	1	81	0	0	0	0	0	0	0	0	0	0	0	0	0	0	
365.113433	8	3	3	0	1	2	2	4198	89	23	21906	3	1	81	0	0	0	0	0	0	0	0	0	0	0	0	0	0	
366.099833	8	3	3	0	1	2	2	4198	88	23	21966	3	1	81	0	0	0	0	0	0	0	0	0	0	0	0	0	0	
367.104967	8	3	3	0	1	2	2	4198	87	23	22026	3	1	81	0	0	0	0	0	0	0	0	0	0	0	0	0	0	
368.110083	8	3	3	0	1	2	2	4199	86	23	22086	3	1	81	0	0	0	0	0	0	0	0	0	0	0	0	0	0	
369.115200	8	3	3	0	1	2	2	4198	86	23	22147	3	1	81	0	0	0	0	0	0	0	0	0	0	0	0	0	0	
370.103033	8	3	3	0	1	2	2	4198	86	23	22206	3	1	81	0	0	0	0	0	0	0	0	0	0	0	0	0	0	
371.108167	8	3	3	0	1	2	2	4198	85	23	22266	3	1	81	0	0	0	0	0	0	0	0	0	0	0	0	0	0	
372.113283	8	3	3	0	1	2	2	4198	83	23	22326	3	1	81	0	0	0	0	0	0	0	0	0	0	0	0	0	0	
373.099683	8	3	3	0	1	2	2	4198	83	23	22386	3	1	81	0	0	0	0	0	0	0	0	0	0	0	0	0	0	
374.104800	8	3	3	0	1	2	2	4198	82	23	22446	3	1	81	0	0	0	0	0	0	0	0	0	0	0	0	0	0	
375.111367	8	3	3	0	1	2	2	4198	81	23	22506	3	1	81	0	0	0	0	0	0	0	0	0	0	0	0	0	0	
376.116483	8	3	3	0	1	2	2	4198	78	23	22567	3	1	81	0	0	0	0	0	0	0	0	0	0	0	0	0	0	
377.102883	8	3	3	0	1	2	2	4198	77	23	22626	3	1	81	0	0	0	0	0	0	0	0	0	0	0	0	0	0	
378.108000	8	3	3	0	1	2	2	4198	76	23	22686	3	1	81	0	0	0	0	0	0	0	0	0	0	0	0	0	0	
379.113117	8	3	3	0	1	2	2	4198	74	23	22746	3	1	81	0	0	0	0	0	0	0	0	0	0	0	0	0	0	
380.100967	8	3	3	0	1	2	2	4198	73	23	22806	3	1	81	0	0	0	0	0	0	0	0	0	0	0	0	0	0	
381.106083	8	3	3	0	1	2	2	4199	72	23	22866	3	1	81	0	0	0	0	0	0	0	0	0	0	0	0	0	0	
382.115517	8	3	3	0	1	2	2	4198	69	23	22927	3	1	81	0	0	0	0	0	0	0	0	0	0	0	0	0	0	
383.101917	8	3	3	0	1	2	2	4198	68	23	22986	3	1	81	0	0	0	0	0	0	0	0	0	0	0	0	0	0	
384.107033	8	3	3	0	1	2	2	4198	67	23	23046	3	1	81	0	0	0	0	0	0	0	0	0	0	0	0	0	0	
384.697433	8	6	3	0	2	7	1	4111	-206	23	23081	3	2	0	0	0	0	0	0	0	0	0	0	0	0	0	0	0	
385.113600	8	6	3	0	2	7	1	3778	-1350	23	23106	3	2	0	0	0	0	0	0	0	0	0	0	0	0	0	0	0	
386.100000	8	6	3	0	2	7	1	3632	-1350	23	23166	3	2	2	0	0	0	0	0	0	0	0	0	0	0	0	0	0	
387.106567	8	6	3	0	2	7	1	3639	-1349	23	23226	3	2	3	0	0	0	0	0	0	0	0	0	0	0	0	0	0	
388.111683	8	6	3	0	2	7	1	3593	-1351	23	23286	3	2	5	0	0	0	0	0	0	0	0	0	0	0	0	0	0	
389.116800	8	6	3	0	2	7	1	3628	-1350	23	23347	3	2	7	0	0	0	0	0	0	0	0	0	0	0	0	0	0	
390.103200	8	6	3	0	2	7	1	3608	-1349	23	23406	3	2	8	0	0	0	0	0	0	0	0	0	0	0	0	0	0	
391.108317	8	6	3	0	2	7	1	3576	-1350	23	23466	3	2	10	0	0	0	0	0	0	0	0	0	0	0	0	0	0	
392.114883	8	6	3	0	2	7	1	3545	-1349	23	23526	3	2	12	0	0	0	0	0	0	0	0	0	0	0	0	0	0	
393.101283	8	6	3	0	2	7	1	3543	-1348	23	23586	3	2	13	0	0	0	0	0	0	0	0	0	0	0	0	0	0	
394.106400	8	6	3	0	2	7	1	3534	-1350	23	23646	3	2	15	0	0	0	0	0	0	0	0	0	0	0	0	0	0	
395.111517	8	6	3	0	2	7	1	3523	-1349	23	23706	3	2	17	0	0	0	0	0	0	0	0	0	0	0	0	0	0	
396.116633	8	6	3	0	2	7	1	3506	-1349	23	23767	3	2	18	0	0	0	0	0	0	0	0	0	0	0	0	0	0	
397.103033	8	6	3	0	2	7	1	3499	-1349	23	23826	3	2	20	0	0	0	0	0	0	0	0	0	0	0	0	0	0	
398.109600	8	6	3	0	2	7	1	3487	-1350	23	23886	3	2	22	0	0	0	0	0	0	0	0	0	0	0	0	0	0	
399.114717	8	6	3	0	2	7	1	3476	-1349	23	23946	3	2	23	0	0	0	0	0	0	0	0	0	0	0	0	0	0	
400.119833	8	6	3	0	2	7	1	3464	-1349	23	24007	3	2	25	0	0	0	0	0	0	0	0	0	0	0	0	0	0	
401.106233	8	6	3	0	2	7	1	3453	-1350	23	24066	3	2	27	0	0	0	0	0	0	0	0	0	0	0	0	0	0	
402.111367	8	6	3	0	2	7	1	3442	-1350	23	24126	3	2	28	0	0	0	0	0	0	0	0	0	0	0	0	0	0	
403.117917	8	6	3	0	2	7	1	3430	-1349	23	24187	3	2	30	0	0	0	0	0	0	0	0	0	0	0	0	0	0	
404.104317	8	6	3	0	2	7	1	3419	-1350	23	24246	3	2	32	0	0	0	0	0	0	0	0	0	0	0	0	0	0	
405.109433	8	6	3	0	2	7	1	3408	-1348	23	24306	3	2	33	0	0	0	0	0	0	0	0	0	0	0	0	0	0	
406.114567	8	6	3	0	2	7	1	3398	-1349	23	24366	3	2	35	0	0	0	0	0	0	0	0	0	0	0	0	0	0	
407.119683	8	6	3	0	2	7	1	3387	-1348	23	24427	3	2	37	0	0	0	0	0	0	0	0	0	0	0	0	0	0	
408.106083	8	6	3	0	2	7	1	3378	-1349	23	24486	3	2	38	0	0	0	0	0	0	0	0	0	0	0	0	0	0	
409.112633	8	6	3	0	2	7	1	3369	-1350	23	24546	3	2	40	0	0	0	0	0	0	0	0	0	0	0	0	0	0	
410.117767	8	6	3	0	2	7	1	3360	-1351	23	24607	3	2	42	0	0	0	0	0	0	0	0	0	0	0	0	0	0	
411.104167	8	6	3	0	2	7	1	3353	-1349	23	24666	3	2	43	0	0	0	0	0	0	0	0	0	0	0	0	0	0	
412.109283	8	6	3	0	2	7	1	3345	-1348	23	24726	3	2	45	0	0	0	0	0	0	0	0	0	0	0	0	0	0	
413.114400	8	6	3	0	2	7	1	3337	-1350	23	24786	3	2	46	0	0	0	0	0	0	0	0	0	0	0	0	0	0	
414.120967	8	6	3	0	2	7	1	3329	-1349	23	24847	3	2	48	0	0	0	0	0	0	0	0	0	0	0	0	0	0	
415.107367	8	6	3	0	2	7	1	3323	-1348	23	24906	3	2	50	0	0	0	0	0	0	0	0	0	0	0	0	0	0	
416.112483	8	6	3	0	2	7	1	3316	-1350	23	24966	3	2	51	0	0	0	0	0	0	0	0	0	0	0	0	0	0	
417.117600	8	6	3	0	2	7	1	3309	-1351	23	25027	3	2	53	0	0	0	0	0	0	0	0	0	0	0	0	0	0	
418.104000	8	6	3	0	2	7	1	3304	-1348	23	25086	3	2	55	0	0	0	0	0	0	0	0	0	0	0	0	0	0	
419.112000	8	6	3	0	2	7	1	3297	-1350	23	25146	3	2	56	0	0	0	0	0	0	0	0	0	0	0	0	0	0	
420.117117	8	6	3	0	2	7	1	3290	-1350	23	25206	3	2	58	0	0	0	0	0	0	0	0	0	0	0	0	0	0	
421.103517	8	6	3	0	2	7	1	3283	-1349	23	25266	3	2	60	0	0	0	0	0	0	0	0	0	0	0	0	0	0	
422.108633	8	6	3	0	2	7	1	3276	-1349	24	25326	3	2	61	0	0	0	0	0	0	0	0	0	0	0	0	0	0	
423.115200	8	6	3	0	2	7	1	3268	-1349	23	25386	3	2	63	0	0	0	0	0	0	0	0	0	0	0	0	0	0	
424.120317	8	6	3	0	2	7	1	3258	-1350	23	25447	3	2	65	0	0	0	0	0	0	0	0	0	0	0	0	0	0	
425.106717	8	6	3	0	2	7	1	3248	-1349	23	25506	3	2	66	0	0	0	0	0	0	0	0	0	0	0	0	0	0	
426.111833	8	6	3	0	2	7	1	3236	-1350	23	25566	3	2	68	0	0	0	0	0	0	0	0	0	0	0	0	0	0	
427.118400	8	6	3	0	2	7	1	3221	-1348	23	25626	3	2	70	0	0	0	0	0	0	0	0	0	0	0	0	0	0	
428.104800	8	6	3	0	2	7	1	3203	-1349	24	25686	3	2	71	0	0	0	0	0	0	0	0	0	0	0	0	0	0	
429.109917	8	6	3	0	2	7	1	3178	-1349	24	25746	3	2	73	0	0	0	0	0	0	0	0	0	0	0	0	0	0	
430.115033	8	6	3	0	2	7	1	3144	-1350	24	25806	3	2	75	0	0	0	0	0	0	0	0	0	0	0	0	0	0	
431.120167	8	6	3	0	2	7	1	3091	-1349	24	25867	3	2	76	0	0	0	0	0	0	0	0	0	0	0	0	0	0	
432.106567	8	6	3	0	2	7	1	3003	-1350	24	25926	3	2	78	0	0	0	0	0	0	0	0	0	0	0	0	0	0	
433.113117	8	6	3	0	2	7	1	2826	-1350	24	25986	3	2	80	0	0	0	0	0	0	0	0	0	0	0	0	0	0	
433.533600	8	15	3	0	1	31	2	3038	48	24	26011	4	2	80	0	0	0	0	0	0	0	0	0	0	0	0	0	0	
433.555200	8	3	3	0	1	2	2	3318	683	24	26013	5	2	80	0	0	0	0	0	0	0	0	0	0	0	0	0	0	
434.121117	8	3	3	0	1	2	2	3572	675	24	26047	5	2	80	0	0	0	0	0	0	0	0	0	0	0	0	0	0	
435.107517	8	3	3	0	1	2	2	3711	674	23	26106	5	2	80	0	0	0	0	0	0	0	0	0	0	0	0	0	0	
436.114083	8	3	3	0	1	2	2	3782	672	24	26166	5	2	80	0	0	0	0	0	0	0	0	0	0	0	0	0	0	
437.119200	8	3	3	0	1	2	2	3838	675	24	26226	5	2	80	0	0	0	0	0	0	0	0	0	0	0	0	0	0	
438.105600	8	3	3	0	1	2	2	3870	674	24	26286	5	2	80	0	0	0	0	0	0	0	0	0	0	0	0	0	0	
439.110717	8	3	3	0	1	2	2	3885	675	23	26346	5	2	80	0	0	0	0	0	0	0	0	0	0	0	0	0	0	
440.115833	8	3	3	0	1	2	2	3907	674	24	26406	5	2	80	0	0	0	0	0	0	0	0	0	0	0	0	0	0	
441.120967	8	3	3	0	1	2	2	3927	674	24	26467	5	2	80	0	0	0	0	0	0	0	0	0	0	0	0	0	0	
442.108800	8	3	3	0	1	2	2	3942	673	24	26526	5	2	80	0	0	0	0	0	0	0	0	0	0	0	0	0	0	
443.113917	8	3	3	0	1	2	2	3954	673	24	26586	5	2	80	0	0	0	0	0	0	0	0	0	0	0	0	0	0	
444.119033	8	3	3	0	1	2	2	3964	677	24	26646	5	2	80	0	0	0	0	0	0	0	0	0	0	0	0	0	0	
445.105433	8	3	3	0	1	2	2	3972	674	24	26706	5	2	80	0	0	0	0	0	0	0	0	0	0	0	0	0	0	
446.110567	8	3	3	0	1	2	2	3981	676	24	26766	5	2	80	0	0	0	0	0	0	0	0	0	0	0	0	0	0	
447.117117	8	3	3	0	1	2	2	3989	674	24	26826	5	2	80	0	0	0	0	0	0	0	0	0	0	0	0	0	0	
448.122233	8	3	3	0	1	2	2	3996	673	24	26887	5	2	80	0	0	0	0	0	0	0	0	0	0	0	0	0	0	
449.108633	8	3	3	0	1	2	2	4003	674	24	26946	5	2	80	0	0	0	0	0	0	0	0	0	0	0	0	0	0	
450.113767	8	3	3	0	1	2	2	4010	675	24	27006	5	2	80	0	0	0	0	0	0	0	0	0	0	0	0	0	0	
451.118883	8	3	3	0	1	2	2	4017	675	23	27066	5	2	80	0	0	0	0	0	0	0	0	0	0	0	0	0	0	
452.105283	8	3	3	0	1	2	2	4023	675	24	27126	5	2	80	0	0	0	0	0	0	0	0	0	0	0	0	0	0	
453.111833	8	3	3	0	1	2	2	4029	675	23	27186	5	2	80	0	0	0	0	0	0	0	0	0	0	0	0	0	0	
454.116967	8	3	3	0	1	2	2	4036	674	24	27246	5	2	80	0	0	0	0	0	0	0	0	0	0	0	0	0	0	
455.122083	8	3	3	0	1	2	2	4042	675	24	27307	5	2	80	0	0	0	0	0	0	0	0	0	0	0	0	0	0	
456.108483	8	3	3	0	1	2	2	4045	674	24	27366	5	2	80	0	0	0	0	0	0	0	0	0	0	0	0	0	0	
457.113600	8	3	3	0	1	2	2	4050	675	24	27426	5	2	80	0	0	0	0	0	0	0	0	0	0	0	0	0	0	
458.120167	8	3	3	0	1	2	2	4054	674	24	27486	5	2	80	0	0	0	0	0	0	0	0	0	0	0	0	0	0	
459.106567	8	3	3	0	1	2	2	4059	675	24	27546	5	2	80	0	0	0	0	0	0	0	0	0	0	0	0	0	0	
460.111683	8	3	3	0	1	2	2	4062	676	24	27606	5	2	80	0	0	0	0	0	0	0	0	0	0	0	0	0	0	
461.116800	8	3	3	0	1	2	2	4066	675	23	27666	5	2	80	0	0	0	0	0	0	0	0	0	0	0	0	0	0	
462.121917	8	3	3	0	1	2	2	4069	675	24	27727	5	2	80	0	0	0	0	0	0	0	0	0	0	0	0	0	0	
463.109767	8	3	3	0	1	2	2	4071	675	24	27786	5	2	80	0	0	0	0	0	0	0	0	0	0	0	0	0	0	
464.114883	8	3	3	0	1	2	2	4075	675	23	27846	5	2	80	0	0	0	0	0	0	0	0	0	0	0	0	0	0	
465.120000	8	3	3	0	1	2	2	4077	675	24	27906	5	2	80	0	0	0	0	0	0	0	0	0	0	0	0	0	0	
466.106400	8	3	3	0	1	2	2	4080	674	24	27966	5	2	80	0	0	0	0	0	0	0	0	0	0	0	0	0	0	
467.111517	8	3	3	0	1	2	2	4084	675	24	28026	5	2	80	0	0	0	0	0	0	0	0	0	0	0	0	0	0	
468.116633	8	3	3	0	1	2	2	4088	675	24	28086	5	2	80	0	0	0	0	0	0	0	0	0	0	0	0	0	0	
469.123200	8	3	3	0	1	2	2	4091	675	24	28147	5	2	80	0	0	0	0	0	0	0	0	0	0	0	0	0	0	
470.109600	8	3	3	0	1	2	2	4093	674	23	28206	5	2	80	0	0	0	0	0	0	0	0	0	0	0	0	0	0	
471.114717	8	3	3	0	1	2	2	4096	674	24	28266	5	2	80	0	0	0	0	0	0	0	0	0	0	0	0	0	0	
472.119833	8	3	3	0	1	2	2	4099	673	24	28326	5	2	80	0	0	0	0	0	0	0	0	0	0	0	0	0	0	
473.124967	8	3	3	0	1	2	2	4102	674	24	28387	5	2	80	0	0	0	0	0	0	0	0	0	0	0	0	0	0	
474.111367	8	3	3	0	1	2	2	4107	675	24	28446	5	2	80	0	0	0	0	0	0	0	0	0	0	0	0	0	0	
475.117917	8	3	3	0	1	2	2	4110	674	24	28506	5	2	80	0	0	0	0	0	0	0	0	0	0	0	0	0	0	
476.107200	8	3	3	0	1	2	2	4114	675	24	28566	5	2	80	0	0	0	0	0	0	0	0	0	0	0	0	0	0	
477.112317	8	3	3	0	1	2	2	4117	675	23	28626	5	2	80	0	0	0	0	0	0	0	0	0	0	0	0	0	0	
478.118883	8	3	3	0	1	2	2	4117	667	24	28686	5	2	80	0	0	0	0	0	0	0	0	0	0	0	0	0	0	
479.124000	8	3	3	0	1	2	2	4120	666	24	28747	5	2	80	0	0	0	0	0	0	0	0	0	0	0	0	0	0	
480.110400	8	3	3	0	1	2	2	4123	665	24	28806	5	2	80	0	0	0	0	0	0	0	0	0	0	0	0	0	0	
481.115517	8	3	3	0	1	2	2	4126	664	24	28866	5	2	80	0	0	0	0	0	0	0	0	0	0	0	0	0	0	
482.120633	8	3	3	0	1	2	2	4130	663	23	28926	5	2	80	0	0	0	0	0	0	0	0	0	0	0	0	0	0	
483.127200	8	3	3	0	1	2	2	4135	665	24	28987	5	2	80	0	0	0	0	0	0	0	0	0	0	0	0	0	0	
484.113600	8	3	3	0	1	2	2	4138	663	24	29046	5	2	80	0	0	0	0	0	0	0	0	0	0	0	0	0	0	
485.118717	8	3	3	0	1	2	2	4142	662	23	29106	5	2	80	0	0	0	0	0	0	0	0	0	0	0	0	0	0	
486.123833	8	3	3	0	1	2	2	4146	662	23	29167	5	2	80	0	0	0	0	0	0	0	0	0	0	0	0	0	0	
487.110233	8	3	3	0	1	2	2	4151	661	23	29226	5	2	80	0	0	0	0	0	0	0	0	0	0	0	0	0	0	
488.115367	8	3	3	0	1	2	2	4154	662	23	29286	5	2	80	0	0	0	0	0	0	0	0	0	0	0	0	0	0	
489.121917	8	3	3	0	1	2	2	4158	660	24	29346	5	2	80	0	0	0	0	0	0	0	0	0	0	0	0	0	0	
490.127033	8	3	3	0	1	2	2	4162	659	23	29407	5	2	80	0	0	0	0	0	0	0	0	0	0	0	0	0	0	
491.113433	8	3	3	0	1	2	2	4167	659	24	29466	5	2	80	0	0	0	0	0	0	0	0	0	0	0	0	0	0	
492.118567	8	3	3	0	1	2	2	4171	658	23	29526	5	2	80	0	0	0	0	0	0	0	0	0	0	0	0	0	0	
493.123683	8	3	3	0	1	2	2	4176	658	24	29587	5	2	80	0	0	0	0	0	0	0	0	0	0	0	0	0	0	
494.110083	8	3	3	0	1	2	2	4181	658	24	29646	5	2	80	0	0	0	0	0	0	0	0	0	0	0	0	0	0	
495.116633	8	3	3	0	1	2	2	4186	656	23	29706	5	2	80	0	0	0	0	0	0	0	0	0	0	0	0	0	0	
496.121767	8	3	3	0	1	2	2	4191	656	24	29766	5	2	80	0	0	0	0	0	0	0	0	0	0	0	0	0	0	
497.126883	8	3	3	0	1	2	2	4196	656	23	29827	5	2	80	0	0	0	0	0	0	0	0	0	0	0	0	0	0	
498.113283	8	3	3	0	1	2	2	4198	650	23	29886	5	2	80	0	0	0	0	0	0	0	0	0	0	0	0	0	0	
499.118400	8	3	3	0	1	2	2	4199	640	24	29946	5	2	80	0	0	0	0	0	0	0	0	0	0	0	0	0	0	
500.124967	8	3	3	0	1	2	2	4198	617	24	30007	5	2	80	0	0	0	0	0	0	0	0	0	0	0	0	0	0	
501.111367	8	3	3	0	1	2	2	4198	589	23	30066	5	2	80	0	0	0	0	0	0	0	0	0	0	0	0	0	0	
502.116483	8	3	3	0	1	2	2	4198	556	24	30126	5	2	80	0	0	0	0	0	0	0	0	0	0	0	0	0	0	
503.121600	8	3	3	0	1	2	2	4198	535	24	30186	5	2	80	0	0	0	0	0	0	0	0	0	0	0	0	0	0	
504.126717	8	3	3	0	1	2	2	4199	499	24	30247	5	2	80	0	0	0	0	0	0	0	0	0	0	0	0	0	0	
505.113117	8	3	3	0	1	2	2	4199	465	23	30306	5	2	80	0	0	0	0	0	0	0	0	0	0	0	0	0	0	
506.119683	8	3	3	0	1	2	2	4198	471	23	30366	5	2	80	0	0	0	0	0	0	0	0	0	0	0	0	0	0	
507.124800	8	3	3	0	1	2	2	4198	435	23	30427	5	2	80	0	0	0	0	0	0	0	0	0	0	0	0	0	0	
508.111200	8	3	3	0	1	2	2	4198	416	24	30486	5	2	80	0	0	0	0	0	0	0	0	0	0	0	0	0	0	
509.116317	8	3	3	0	1	2	2	4199	404	23	30546	5	2	80	0	0	0	0	0	0	0	0	0	0	0	0	0	0	
510.122883	8	3	3	0	1	2	2	4198	409	23	30606	5	2	80	0	0	0	0	0	0	0	0	0	0	0	0	0	0	
511.128000	8	3	3	0	1	2	2	4198	397	23	30667	5	2	80	0	0	0	0	0	0	0	0	0	0	0	0	0	0	
512.114400	8	3	3	0	1	2	2	4198	400	24	30726	5	2	80	0	0	0	0	0	0	0	0	0	0	0	0	0	0	
513.119517	8	3	3	0	1	2	2	4199	367	23	30786	5	2	80	0	0	0	0	0	0	0	0	0	0	0	0	0	0	
514.124633	8	3	3	0	1	2	2	4198	361	24	30847	5	2	80	0	0	0	0	0	0	0	0	0	0	0	0	0	0	
515.111033	8	3	3	0	1	2	2	4199	340	23	30906	5	2	80	0	0	0	0	0	0	0	0	0	0	0	0	0	0	
516.117600	8	3	3	0	1	2	2	4199	306	24	30966	5	2	80	0	0	0	0	0	0	0	0	0	0	0	0	0	0	
517.124167	8	3	3	0	1	2	2	4199	337	24	31026	5	2	80	0	0	0	0	0	0	0	0	0	0	0	0	0	0	
518.112000	8	3	3	0	1	2	2	4198	363	23	31086	5	2	80	0	0	0	0	0	0	0	0	0	0	0	0	0	0	
519.117117	8	3	3	0	1	2	2	4198	333	23	31146	5	2	80	0	0	0	0	0	0	0	0	0	0	0	0	0	0	
520.122233	8	3	3	0	1	2	2	4198	317	23	31206	5	2	80	0	0	0	0	0	0	0	0	0	0	0	0	0	0	
521.127367	8	3	3	0	1	2	2	4199	277	24	31267	5	2	80	0	0	0	0	0	0	0	0	0	0	0	0	0	0	
522.113767	8	3	3	0	1	2	2	4198	277	23	31326	5	2	80	0	0	0	0	0	0	0	0	0	0	0	0	0	0	
523.118883	8	3	3	0	1	2	2	4198	280	24	31386	5	2	80	0	0	0	0	0	0	0	0	0	0	0	0	0	0	
524.125433	8	3	3	0	1	2	2	4198	286	23	31446	5	2	80	0	0	0	0	0	0	0	0	0	0	0	0	0	0	
525.111833	8	3	3	0	1	2	2	4198	279	23	31506	5	2	80	0	0	0	0	0	0	0	0	0	0	0	0	0	0	
526.116967	8	3	3	0	1	2	2	4199	272	23	31566	5	2	80	0	0	0	0	0	0	0	0	0	0	0	0	0	0	
527.122083	8	3	3	0	1	2	2	4198	269	23	31626	5	2	80	0	0	0	0	0	0	0	0	0	0	0	0	0	0	
528.127200	8	3	3	0	1	2	2	4199	265	24	31687	5	2	80	0	0	0	0	0	0	0	0	0	0	0	0	0	0	
529.115033	8	3	3	0	1	2	2	4198	257	24	31746	5	2	80	0	0	0	0	0	0	0	0	0	0	0	0	0	0	
530.120167	8	3	3	0	1	2	2	4199	243	24	31806	5	2	80	0	0	0	0	0	0	0	0	0	0	0	0	0	0	
531.125283	8	3	3	0	1	2	2	4199	240	23	31866	5	2	80	0	0	0	0	0	0	0	0	0	0	0	0	0	0	
532.111683	8	3	3	0	1	2	2	4198	260	23	31926	5	2	80	0	0	0	0	0	0	0	0	0	0	0	0	0	0	
533.116800	8	3	3	0	1	2	2	4198	264	23	31986	5	2	80	0	0	0	0	0	0	0	0	0	0	0	0	0	0	
534.123367	8	3	3	0	1	2	2	4198	273	23	32046	5	2	80	0	0	0	0	0	0	0	0	0	0	0	0	0	0	
535.128483	8	3	3	0	1	2	2	4198	264	23	32107	5	2	80	0	0	0	0	0	0	0	0	0	0	0	0	0	0	
536.114883	8	3	3	0	1	2	2	4198	264	23	32166	5	2	80	0	0	0	0	0	0	0	0	0	0	0	0	0	0	
537.120000	8	3	3	0	1	2	2	4198	254	23	32226	5	2	80	0	0	0	0	0	0	0	0	0	0	0	0	0	0	
538.125117	8	3	3	0	1	2	2	4198	229	23	32286	5	2	80	0	0	0	0	0	0	0	0	0	0	0	0	0	0	
539.131683	8	3	3	0	1	2	2	4198	236	23	32347	5	2	80	0	0	0	0	0	0	0	0	0	0	0	0	0	0	
540.118083	8	3	3	0	1	2	2	4198	230	23	32406	5	2	80	0	0	0	0	0	0	0	0	0	0	0	0	0	0	
541.123200	8	3	3	0	1	2	2	4198	213	23	32466	5	2	80	0	0	0	0	0	0	0	0	0	0	0	0	0	0	
542.128317	8	3	3	0	1	2	2	4198	219	23	32527	5	2	80	0	0	0	0	0	0	0	0	0	0	0	0	0	0	
543.114717	8	3	3	0	1	2	2	4199	213	23	32586	5	2	80	0	0	0	0	0	0	0	0	0	0	0	0	0	0	
544.119833	8	3	3	0	1	2	2	4198	204	23	32646	5	2	80	0	0	0	0	0	0	0	0	0	0	0	0	0	0	
545.126400	8	3	3	0	1	2	2	4199	190	23	32706	5	2	80	0	0	0	0	0	0	0	0	0	0	0	0	0	0	
546.131517	8	3	3	0	1	2	2	4199	174	23	32767	5	2	80	0	0	0	0	0	0	0	0	0	0	0	0	0	0	
547.117917	8	3	3	0	1	2	2	4198	175	23	32826	5	2	80	0	0	0	0	0	0	0	0	0	0	0	0	0	0	
548.123033	8	3	3	0	1	2	2	4198	167	23	32886	5	2	80	0	0	0	0	0	0	0	0	0	0	0	0	0	0	
549.128167	8	3	3	0	1	2	2	4198	172	23	32947	5	2	80	0	0	0	0	0	0	0	0	0	0	0	0	0	0	
550.114567	8	3	3	0	1	2	2	4199	164	23	33006	5	2	80	0	0	0	0	0	0	0	0	0	0	0	0	0	0	
551.121117	8	3	3	0	1	2	2	4199	149	23	33066	5	2	80	0	0	0	0	0	0	0	0	0	0	0	0	0	0	
552.126233	8	3	3	0	1	2	2	4198	142	23	33126	5	2	80	0	0	0	0	0	0	0	0	0	0	0	0	0	0	
553.131367	8	3	3	0	1	2	2	4198	143	23	33187	5	2	80	0	0	0	0	0	0	0	0	0	0	0	0	0	0	
554.117767	8	3	3	0	1	2	2	4199	141	23	33246	5	2	80	0	0	0	0	0	0	0	0	0	0	0	0	0	0	
555.122883	8	3	3	0	1	2	2	4198	140	23	33306	5	2	80	0	0	0	0	0	0	0	0	0	0	0	0	0	0	
556.128000	8	3	3	0	1	2	2	4199	129	23	33367	5	2	80	0	0	0	0	0	0	0	0	0	0	0	0	0	0	
557.115833	8	3	3	0	1	2	2	4198	119	23	33426	5	2	80	0	0	0	0	0	0	0	0	0	0	0	0	0	0	
558.120967	8	3	3	0	1	2	2	4198	101	23	33486	5	2	80	0	0	0	0	0	0	0	0	0	0	0	0	0	0	
559.126083	8	3	3	0	1	2	2	4198	94	23	33546	5	2	80	0	0	0	0	0	0	0	0	0	0	0	0	0	0	
560.131200	8	3	3	0	1	2	2	4198	100	23	33607	5	2	80	0	0	0	0	0	0	0	0	0	0	0	0	0	0	
561.117600	8	3	3	0	1	2	2	4198	97	23	33666	5	2	80	0	0	0	0	0	0	0	0	0	0	0	0	0	0	
562.122717	8	3	3	0	1	2	2	4199	99	23	33726	5	2	80	0	0	0	0	0	0	0	0	0	0	0	0	0	0	
563.129283	8	3	3	0	1	2	2	4198	102	23	33787	5	2	80	0	0	0	0	0	0	0	0	0	0	0	0	0	0	
564.115683	8	3	3	0	1	2	2	4198	101	23	33846	5	2	80	0	0	0	0	0	0	0	0	0	0	0	0	0	0	
565.120800	8	3	3	0	1	2	2	4198	102	23	33906	5	2	80	0	0	0	0	0	0	0	0	0	0	0	0	0	0	
566.125917	8	3	3	0	1	2	2	4198	103	23	33966	5	2	80	0	0	0	0	0	0	0	0	0	0	0	0	0	0	
567.132483	8	3	3	0	1	2	2	4198	106	23	34027	5	2	80	0	0	0	0	0	0	0	0	0	0	0	0	0	0	
568.118883	8	3	3	0	1	2	2	4199	108	23	34086	5	2	80	0	0	0	0	0	0	0	0	0	0	0	0	0	0	
569.124000	8	3	3	0	1	2	2	4198	107	23	34146	5	2	80	0	0	0	0	0	0	0	0	0	0	0	0	0	0	
570.129117	8	3	3	0	1	2	2	4199	107	23	34206	5	2	80	0	0	0	0	0	0	0	0	0	0	0	0	0	0	
571.115517	8	3	3	0	1	2	2	4198	105	23	34266	5	2	80	0	0	0	0	0	0	0	0	0	0	0	0	0	0	
572.120633	8	3	3	0	1	2	2	4198	105	23	34326	5	2	80	0	0	0	0	0	0	0	0	0	0	0	0	0	0	
573.127200	8	3	3	0	1	2	2	4198	106	23	34386	5	2	80	0	0	0	0	0	0	0	0	0	0	0	0	0	0	
574.132317	8	3	3	0	1	2	2	4199	106	23	34447	5	2	80	0	0	0	0	0	0	0	0	0	0	0	0	0	0	
575.118717	8	3	3	0	1	2	2	4198	104	23	34506	5	2	80	0	0	0	0	0	0	0	0	0	0	0	0	0	0	
576.123833	8	3	3	0	1	2	2	4198	105	23	34566	5	2	80	0	0	0	0	0	0	0	0	0	0	0	0	0	0	
577.128967	8	3	3	0	1	2	2	4199	104	23	34626	5	2	80	0	0	0	0	0	0	0	0	0	0	0	0	0	0	
578.115367	8	3	3	0	1	2	2	4198	102	23	34686	5	2	80	0	0	0	0	0	0	0	0	0	0	0	0	0	0	
579.121917	8	3	3	0	1	2	2	4198	101	23	34746	5	2	80	0	0	0	0	0	0	0	0	0	0	0	0	0	0	
580.127033	8	3	3	0	1	2	2	4198	100	23	34806	5	2	80	0	0	0	0	0	0	0	0	0	0	0	0	0	0	
581.132167	8	3	3	0	1	2	2	4199	99	23	34867	5	2	80	0	0	0	0	0	0	0	0	0	0	0	0	0	0	
582.118567	8	3	3	0	1	2	2	4198	98	23	34926	5	2	80	0	0	0	0	0	0	0	0	0	0	0	0	0	0	
583.123683	8	3	3	0	1	2	2	4199	98	23	34986	5	2	80	0	0	0	0	0	0	0	0	0	0	0	0	0	0	
584.130233	8	3	3	0	1	2	2	4198	96	23	35046	5	2	80	0	0	0	0	0	0	0	0	0	0	0	0	0	0	
585.116633	8	3	3	0	1	2	2	4198	95	23	35106	5	2	80	0	0	0	0	0	0	0	0	0	0	0	0	0	0	
586.121767	8	3	3	0	1	2	2	4198	93	23	35166	5	2	80	0	0	0	0	0	0	0	0	0	0	0	0	0	0	
587.126883	8	3	3	0	1	2	2	4199	93	23	35226	5	2	80	0	0	0	0	0	0	0	0	0	0	0	0	0	0	
588.132000	8	3	3	0	1	2	2	4199	93	23	35287	5	2	80	0	0	0	0	0	0	0	0	0	0	0	0	0	0	
589.118400	8	3	3	0	1	2	2	4199	91	23	35346	5	2	80	0	0	0	0	0	0	0	0	0	0	0	0	0	0	
590.124967	8	3	3	0	1	2	2	4198	90	23	35406	5	2	80	0	0	0	0	0	0	0	0	0	0	0	0	0	0	
591.130083	8	3	3	0	1	2	2	4198	88	23	35466	5	2	80	0	0	0	0	0	0	0	0	0	0	0	0	0	0	
592.116483	8	3	3	0	1	2	2	4199	86	23	35526	5	2	80	0	0	0	0	0	0	0	0	0	0	0	0	0	0	
593.121600	8	3	3	0	1	2	2	4198	86	23	35586	5	2	80	0	0	0	0	0	0	0	0	0	0	0	0	0	0	
594.126717	8	3	3	0	1	2	2	4199	84	23	35646	5	2	80	0	0	0	0	0	0	0	0	0	0	0	0	0	0	
595.131833	8	3	3	0	1	2	2	4198	82	23	35707	5	2	80	0	0	0	0	0	0	0	0	0	0	0	0	0	0	
596.119683	8	3	3	0	1	2	2	4198	82	23	35766	5	2	80	0	0	0	0	0	0	0	0	0	0	0	0	0	0	
597.124800	8	3	3	0	1	2	2	4198	80	23	35826	5	2	80	0	0	0	0	0	0	0	0	0	0	0	0	0	0	
598.129917	8	3	3	0	1	2	2	4198	79	23	35886	5	2	80	0	0	0	0	0	0	0	0	0	0	0	0	0	0	
599.135033	8	3	3	0	1	2	2	4198	78	23	35947	5	2	80	0	0	0	0	0	0	0	0	0	0	0	0	0	0	
600.121433	8	3	3	0	1	2	2	4199	77	23	36006	5	2	80	0	0	0	0	0	0	0	0	0	0	0	0	0	0	
601.128000	8	3	3	0	1	2	2	4198	76	23	36066	5	2	80	0	0	0	0	0	0	0	0	0	0	0	0	0	0	
602.133117	8	3	3	0	1	2	2	4199	73	23	36127	5	2	80	0	0	0	0	0	0	0	0	0	0	0	0	0	0	
603.119517	8	3	3	0	1	2	2	4198	73	23	36186	5	2	80	0	0	0	0	0	0	0	0	0	0	0	0	0	0	
604.124633	8	3	3	0	1	2	2	4198	72	23	36246	5	2	80	0	0	0	0	0	0	0	0	0	0	0	0	0	0	
605.134083	8	3	3	0	1	2	2	4198	72	23	36307	5	2	80	0	0	0	0	0	0	0	0	0	0	0	0	0	0	
606.120483	8	3	3	0	1	2	2	4198	69	23	36366	5	2	80	0	0	0	0	0	0	0	0	0	0	0	0	0	0	
607.125600	8	3	3	0	1	2	2	4198	69	23	36426	5	2	80	0	0	0	0	0	0	0	0	0	0	0	0	0	0	
608.130717	8	3	3	0	1	2	2	4198	69	23	36486	5	2	80	0	0	0	0	0	0	0	0	0	0	0	0	0	0	
609.135833	8	3	3	0	1	2	2	4199	67	23	36547	5	2	80	0	0	0	0	0	0	0	0	0	0	0	0	0	0	
609.690233	8	6	3	0	2	7	1	3971	-626	23	36580	5	3	0	0	0	0	0	0	0	0	0	0	0	0	0	0	0	
610.125117	8	6	3	0	2	7	1	3697	-1349	23	36606	5	3	0	0	0	0	0	0	0	0	0	0	0	0	0	0	0	
611.130233	8	6	3	0	2	7	1	3726	-1350	23	36666	5	3	2	0	0	0	0	0	0	0	0	0	0	0	0	0	0	
612.135367	8	6	3	0	2	7	1	3712	-1350	23	36727	5	3	3	0	0	0	0	0	0	0	0	0	0	0	0	0	0	
613.121767	8	6	3	0	2	7	1	3692	-1350	23	36786	5	3	5	0	0	0	0	0	0	0	0	0	0	0	0	0	0	
614.126883	8	6	3	0	2	7	1	3677	-1349	23	36846	5	3	7	0	0	0	0	0	0	0	0	0	0	0	0	0	0	
615.133433	8	6	3	0	2	7	1	3652	-1349	23	36906	5	3	8	0	0	0	0	0	0	0	0	0	0	0	0	0	0	
616.119833	8	6	3	0	2	7	1	3632	-1349	23	36966	5	3	10	0	0	0	0	0	0	0	0	0	0	0	0	0	0	
617.124967	8	6	3	0	2	7	1	3620	-1349	23	37026	5	3	12	0	0	0	0	0	0	0	0	0	0	0	0	0	0	
618.130083	8	6	3	0	2	7	1	3599	-1351	23	37086	5	3	13	0	0	0	0	0	0	0	0	0	0	0	0	0	0	
619.136633	8	6	3	0	2	7	1	3571	-1349	23	37147	5	3	15	0	0	0	0	0	0	0	0	0	0	0	0	0	0	
620.123033	8	6	3	0	2	7	1	3559	-1350	23	37206	5	3	17	0	0	0	0	0	0	0	0	0	0	0	0	0	0	
621.128167	8	6	3	0	2	7	1	3546	-1349	23	37266	5	3	18	0	0	0	0	0	0	0	0	0	0	0	0	0	0	
622.134717	8	6	3	0	2	7	1	3530	-1351	23	37327	5	3	20	0	0	0	0	0	0	0	0	0	0	0	0	0	0	
623.122567	8	6	3	0	2	7	1	3514	-1351	24	37386	5	3	22	0	0	0	0	0	0	0	0	0	0	0	0	0	0	
624.127683	8	6	3	0	2	7	1	3500	-1350	23	37446	5	3	23	0	0	0	0	0	0	0	0	0	0	0	0	0	0	
625.132800	8	6	3	0	2	7	1	3490	-1350	23	37506	5	3	25	0	0	0	0	0	0	0	0	0	0	0	0	0	0	
626.119200	8	6	3	0	2	7	1	3480	-1350	23	37566	5	3	27	0	0	0	0	0	0	0	0	0	0	0	0	0	0	
627.124317	8	6	3	0	2	7	1	3465	-1351	23	37626	5	3	28	0	0	0	0	0	0	0	0	0	0	0	0	0	0	
628.130883	8	6	3	0	2	7	1	3446	-1348	23	37686	5	3	30	0	0	0	0	0	0	0	0	0	0	0	0	0	0	
629.136000	8	6	3	0	2	7	1	3436	-1349	24	37747	5	3	32	0	0	0	0	0	0	0	0	0	0	0	0	0	0	
630.122400	8	6	3	0	2	7	1	3418	-1350	24	37806	5	3	33	0	0	0	0	0	0	0	0	0	0	0	0	0	0	
631.127517	8	6	3	0	2	7	1	3388	-1349	24	37866	5	3	35	0	0	0	0	0	0	0	0	0	0	0	0	0	0	
632.132633	8	6	3	0	2	7	1	3358	-1349	24	37926	5	3	37	0	0	0	0	0	0	0	0	0	0	0	0	0	0	
633.119033	8	6	3	0	2	7	1	3352	-1350	24	37986	5	3	38	0	0	0	0	0	0	0	0	0	0	0	0	0	0	
634.125600	8	6	3	0	2	7	1	3340	-1348	24	38046	5	3	40	0	0	0	0	0	0	0	0	0	0	0	0	0	0	
635.130717	8	6	3	0	2	7	1	3344	-1349	23	38106	5	3	42	0	0	0	0	0	0	0	0	0	0	0	0	0	0	
636.135833	8	6	3	0	2	7	1	3338	-1350	24	38167	5	3	43	0	0	0	0	0	0	0	0	0	0	0	0	0	0	
637.122233	8	6	3	0	2	7	1	3327	-1350	24	38226	5	3	45	0	0	0	0	0	0	0	0	0	0	0	0	0	0	
638.127367	8	6	3	0	2	7	1	3322	-1348	24	38286	5	3	47	0	0	0	0	0	0	0	0	0	0	0	0	0	0	
639.133917	8	6	3	0	2	7	1	3317	-1350	24	38346	5	3	48	0	0	0	0	0	0	0	0	0	0	0	0	0	0	
640.139033	8	6	3	0	2	7	1	3311	-1350	24	38407	5	3	50	0	0	0	0	0	0	0	0	0	0	0	0	0	0	
641.125433	8	6	3	0	2	7	1	3305	-1350	24	38466	5	3	52	0	0	0	0	0	0	0	0	0	0	0	0	0	0	
642.130567	8	6	3	0	2	7	1	3298	-1350	24	38526	5	3	53	0	0	0	0	0	0	0	0	0	0	0	0	0	0	
643.135683	8	6	3	0	2	7	1	3294	-1347	24	38587	5	3	55	0	0	0	0	0	0	0	0	0	0	0	0	0	0	
644.123517	8	6	3	0	2	7	1	3289	-1349	24	38646	5	3	57	0	0	0	0	0	0	0	0	0	0	0	0	0	0	
645.128633	8	6	3	0	2	7	1	3282	-1348	24	38706	5	3	58	0	0	0	0	0	0	0	0	0	0	0	0	0	0	
646.133767	8	6	3	0	2	7	1	3275	-1351	24	38766	5	3	60	0	0	0	0	0	0	0	0	0	0	0	0	0	0	
647.138883	8	6	3	0	2	7	1	3267	-1349	24	38827	5	3	62	0	0	0	0	0	0	0	0	0	0	0	0	0	0	
648.125283	8	6	3	0	2	7	1	3260	-1349	24	38886	5	3	63	0	0	0	0	0	0	0	0	0	0	0	0	0	0	
649.130400	8	6	3	0	2	7	1	3252	-1350	24	38946	5	3	65	0	0	0	0	0	0	0	0	0	0	0	0	0	0	
650.136967	8	6	3	0	2	7	1	3243	-1349	24	39007	5	3	67	0	0	0	0	0	0	0	0	0	0	0	0	0	0	
651.123367	8	6	3	0	2	7	1	3231	-1351	24	39066	5	3	68	0	0	0	0	0	0	0	0	0	0	0	0	0	0	
652.128483	8	6	3	0	2	7	1	3218	-1349	24	39126	5	3	70	0	0	0	0	0	0	0	0	0	0	0	0	0	0	
653.133600	8	6	3	0	2	7	1	3200	-1349	24	39186	5	3	71	0	0	0	0	0	0	0	0	0	0	0	0	0	0	
654.138717	8	6	3	0	2	7	1	3178	-1350	24	39247	5	3	73	0	0	0	0	0	0	0	0	0	0	0	0	0	0	
655.125117	8	6	3	0	2	7	1	3148	-1350	24	39306	5	3	75	0	0	0	0	0	0	0	0	0	0	0	0	0	0	
656.131683	8	6	3	0	2	7	1	3100	-1349	24	39366	5	3	76	0	0	0	0	0	0	0	0	0	0	0	0	0	0	
657.136800	8	6	3	0	2	7	1	3025	-1349	24	39427	5	3	78	0	0	0	0	0	0	0	0	0	0	0	0	0	0	
658.123200	8	6	3	0	2	7	1	2886	-1351	24	39486	5	3	80	0	0	0	0	0	0	0	0	0	0	0	0	0	0	
658.827367	8	15	3	0	1	31	2	3213	295	24	39528	7	3	81	0	0	0	0	0	0	0	0	0	0	0	0	0	0	
658.847517	8	3	3	0	1	2	2	3361	677	24	39529	7	3	81	0	0	0	0	0	0	0	0	0	0	0	0	0	0	
659.132633	8	3	3	0	1	2	2	3522	675	24	39546	7	3	81	0	0	0	0	0	0	0	0	0	0	0	0	0	0	
660.137767	8	3	3	0	1	2	2	3692	676	24	39607	7	3	81	0	0	0	0	0	0	0	0	0	0	0	0	0	0	
661.124167	8	3	3	0	1	2	2	3786	673	24	39666	7	3	81	0	0	0	0	0	0	0	0	0	0	0	0	0	0	
662.129283	8	3	3	0	1	2	2	3858	675	24	39726	7	3	81	0	0	0	0	0	0	0	0	0	0	0	0	0	0	
663.134400	8	3	3	0	1	2	2	3909	675	24	39786	7	3	81	0	0	0	0	0	0	0	0	0	0	0	0	0	0	
664.139517	8	3	3	0	1	2	2	3937	674	24	39847	7	3	81	0	0	0	0	0	0	0	0	0	0	0	0	0	0	
665.127367	8	3	3	0	1	2	2	3954	675	24	39906	7	3	81	0	0	0	0	0	0	0	0	0	0	0	0	0	0	
666.132483	8	3	3	0	1	2	2	3967	674	24	39966	7	3	81	0	0	0	0	0	0	0	0	0	0	0	0	0	0	
667.137600	8	3	3	0	1	2	2	3976	675	24	40027	7	3	81	0	0	0	0	0	0	0	0	0	0	0	0	0	0	
668.124000	8	3	3	0	1	2	2	3980	674	24	40086	7	3	81	0	0	0	0	0	0	0	0	0	0	0	0	0	0	
669.129117	8	3	3	0	1	2	2	3988	675	24	40146	7	3	81	0	0	0	0	0	0	0	0	0	0	0	0	0	0	
670.135683	8	3	3	0	1	2	2	3993	676	24	40206	7	3	81	0	0	0	0	0	0	0	0	0	0	0	0	0	0	
671.140800	8	3	3	0	1	2	2	3995	674	24	40267	7	3	81	0	0	0	0	0	0	0	0	0	0	0	0	0	0	
672.127200	8	3	3	0	1	2	2	3992	675	24	40326	7	3	81	0	0	0	0	0	0	0	0	0	0	0	0	0	0	
673.132317	8	3	3	0	1	2	2	4001	674	24	40386	7	3	81	0	0	0	0	0	0	0	0	0	0	0	0	0	0	
674.137433	8	3	3	0	1	2	2	4014	675	24	40447	7	3	81	0	0	0	0	0	0	0	0	0	0	0	0	0	0	
675.123833	8	3	3	0	1	2	2	4025	674	24	40506	7	3	81	0	0	0	0	0	0	0	0	0	0	0	0	0	0	
676.130400	8	3	3	0	1	2	2	4035	675	24	40566	7	3	81	0	0	0	0	0	0	0	0	0	0	0	0	0	0	
677.135517	8	3	3	0	1	2	2	4044	675	24	40626	7	3	81	0	0	0	0	0	0	0	0	0	0	0	0	0	0	
678.124800	8	3	3	0	1	2	2	4052	674	24	40686	7	3	81	0	0	0	0	0	0	0	0	0	0	0	0	0	0	
679.129917	8	3	3	0	1	2	2	4057	674	24	40746	7	3	81	0	0	0	0	0	0	0	0	0	0	0	0	0	0	
680.136483	8	3	3	0	1	2	2	4063	675	24	40806	7	3	81	0	0	0	0	0	0	0	0	0	0	0	0	0	0	
681.141600	8	3	3	0	1	2	2	4068	675	24	40867	7	3	81	0	0	0	0	0	0	0	0	0	0	0	0	0	0	
682.128000	8	3	3	0	1	2	2	4072	674	24	40926	7	3	81	0	0	0	0	0	0	0	0	0	0	0	0	0	0	
683.133117	8	3	3	0	1	2	2	4077	675	24	40986	7	3	81	0	0	0	0	0	0	0	0	0	0	0	0	0	0	
684.138233	8	3	3	0	1	2	2	4079	675	24	41047	7	3	81	0	0	0	0	0	0	0	0	0	0	0	0	0	0	
685.124633	8	3	3	0	1	2	2	4082	676	24	41106	7	3	81	0	0	0	0	0	0	0	0	0	0	0	0	0	0	
686.131200	8	3	3	0	1	2	2	4086	676	24	41166	7	3	81	0	0	0	0	0	0	0	0	0	0	0	0	0	0	
687.136317	8	3	3	0	1	2	2	4089	675	24	41226	7	3	81	0	0	0	0	0	0	0	0	0	0	0	0	0	0	
688.141433	8	3	3	0	1	2	2	4092	675	24	41287	7	3	81	0	0	0	0	0	0	0	0	0	0	0	0	0	0	
689.127833	8	3	3	0	1	2	2	4096	675	24	41346	7	3	81	0	0	0	0	0	0	0	0	0	0	0	0	0	0	
690.132967	8	3	3	0	1	2	2	4099	673	24	41406	7	3	81	0	0	0	0	0	0	0	0	0	0	0	0	0	0	
691.139517	8	3	3	0	1	2	2	4102	674	24	41467	7	3	81	0	0	0	0	0	0	0	0	0	0	0	0	0	0	
692.125917	8	3	3	0	1	2	2	4106	675	24	41526	7	3	81	0	0	0	0	0	0	0	0	0	0	0	0	0	0	
693.131033	8	3	3	0	1	2	2	4109	675	24	41586	7	3	81	0	0	0	0	0	0	0	0	0	0	0	0	0	0	
694.136167	8	3	3	0	1	2	2	4112	675	24	41646	7	3	81	0	0	0	0	0	0	0	0	0	0	0	0	0	0	
695.141283	8	3	3	0	1	2	2	4115	674	24	41707	7	3	81	0	0	0	0	0	0	0	0	0	0	0	0	0	0	
696.127683	8	3	3	0	1	2	2	4116	669	24	41766	7	3	81	0	0	0	0	0	0	0	0	0	0	0	0	0	0	
697.134233	8	3	3	0	1	2	2	4119	667	24	41826	7	3	81	0	0	0	0	0	0	0	0	0	0	0	0	0	0	
698.139367	8	3	3	0	1	2	2	4123	665	24	41886	7	3	81	0	0	0	0	0	0	0	0	0	0	0	0	0	0	
699.125767	8	3	3	0	1	2	2	4124	664	24	41946	7	3	81	0	0	0	0	0	0	0	0	0	0	0	0	0	0	
700.130883	8	3	3	0	1	2	2	4124	664	24	42006	7	3	81	0	0	0	0	0	0	0	0	0	0	0	0	0	0	
701.137433	8	3	3	0	1	2	2	4126	665	24	42066	7	3	81	0	0	0	0	0	0	0	0	0	0	0	0	0	0	
702.142567	8	3	3	0	1	2	2	4130	664	24	42127	7	3	81	0	0	0	0	0	0	0	0	0	0	0	0	0	0	
703.128967	8	3	3	0	1	2	2	4134	663	24	42186	7	3	81	0	0	0	0	0	0	0	0	0	0	0	0	0	0	
704.134083	8	3	3	0	1	2	2	4139	664	24	42246	7	3	81	0	0	0	0	0	0	0	0	0	0	0	0	0	0	
705.139200	8	3	3	0	1	2	2	4143	663	24	42306	7	3	81	0	0	0	0	0	0	0	0	0	0	0	0	0	0	
706.125600	8	3	3	0	1	2	2	4146	662	24	42366	7	3	81	0	0	0	0	0	0	0	0	0	0	0	0	0	0	
707.132167	8	3	3	0	1	2	2	4149	661	24	42426	7	3	81	0	0	0	0	0	0	0	0	0	0	0	0	0	0	
708.137283	8	3	3	0	1	2	2	4153	660	24	42486	7	3	81	0	0	0	0	0	0	0	0	0	0	0	0	0	0	
709.142400	8	3	3	0	1	2	2	4156	661	24	42547	7	3	81	0	0	0	0	0	0	0	0	0	0	0	0	0	0	
710.128800	8	3	3	0	1	2	2	4159	659	24	42606	7	3	81	0	0	0	0	0	0	0	0	0	0	0	0	0	0	
711.133917	8	3	3	0	1	2	2	4163	659	24	42666	7	3	81	0	0	0	0	0	0	0	0	0	0	0	0	0	0	
712.139033	8	3	3	0	1	2	2	4168	658	24	42726	7	3	81	0	0	0	0	0	0	0	0	0	0	0	0	0	0	
713.126883	8	3	3	0	1	2	2	4171	657	24	42786	7	3	81	0	0	0	0	0	0	0	0	0	0	0	0	0	0	
714.132000	8	3	3	0	1	2	2	4175	656	24	42846	7	3	81	0	0	0	0	0	0	0	0	0	0	0	0	0	0	
715.137117	8	3	3	0	1	2	2	4178	657	24	42906	7	3	81	0	0	0	0	0	0	0	0	0	0	0	0	0	0	
716.142233	8	3	3	0	1	2	2	4181	656	24	42967	7	3	81	0	0	0	0	0	0	0	0	0	0	0	0	0	0	
717.128633	8	3	3	0	1	2	2	4187	655	24	43026	7	3	81	0	0	0	0	0	0	0	0	0	0	0	0	0	0	
718.133767	8	3	3	0	1	2	2	4193	654	24	43086	7	3	81	0	0	0	0	0	0	0	0	0	0	0	0	0	0	
719.140317	8	3	3	0	1	2	2	4197	654	24	43146	7	3	81	0	0	0	0	0	0	0	0	0	0	0	0	0	0	
720.126717	8	3	3	0	1	2	2	4199	642	24	43206	7	3	81	0	0	0	0	0	0	0	0	0	0	0	0	0	0	
721.131833	8	3	3	0	1	2	2	4198	613	24	43266	7	3	81	0	0	0	0	0	0	0	0	0	0	0	0	0	0	
722.136967	8	3	3	0	1	2	2	4198	582	24	43326	7	3	81	0	0	0	0	0	0	0	0	0	0	0	0	0	0	
723.143517	8	3	3	0	1	2	2	4199	580	24	43387	7	3	81	0	0	0	0	0	0	0	0	0	0	0	0	0	0	
724.129917	8	3	3	0	1	2	2	4199	591	24	43446	7	3	81	0	0	0	0	0	0	0	0	0	0	0	0	0	0	
725.135033	8	3	3	0	1	2	2	4198	571	24	43506	7	3	81	0	0	0	0	0	0	0	0	0	0	0	0	0	0	
726.140167	8	3	3	0	1	2	2	4198	586	24	43566	7	3	81	0	0	0	0	0	0	0	0	0	0	0	0	0	0	
727.126567	8	3	3	0	1	2	2	4198	542	24	43626	7	3	81	0	0	0	0	0	0	0	0	0	0	0	0	0	0	
728.133117	8	3	3	0	1	2	2	4198	505	24	43686	7	3	81	0	0	0	0	0	0	0	0	0	0	0	0	0	0	
729.138233	8	3	3	0	1	2	2	4198	488	24	43746	7	3	81	0	0	0	0	0	0	0	0	0	0	0	0	0	0	
730.143367	8	3	3	0	1	2	2	4199	481	24	43807	7	3	81	0	0	0	0	0	0	0	0	0	0	0	0	0	0	
731.129767	8	3	3	0	1	2	2	4198	462	24	43866	7	3	81	0	0	0	0	0	0	0	0	0	0	0	0	0	0	
732.134883	8	3	3	0	1	2	2	4198	422	24	43926	7	3	81	0	0	0	0	0	0	0	0	0	0	0	0	0	0	
733.141433	8	3	3	0	1	2	2	4199	448	24	43986	7	3	81	0	0	0	0	0	0	0	0	0	0	0	0	0	0	
734.146567	8	3	3	0	1	2	2	4198	417	24	44047	7	3	81	0	0	0	0	0	0	0	0	0	0	0	0	0	0	
735.132967	8	3	3	0	1	2	2	4199	438	24	44106	7	3	81	0	0	0	0	0	0	0	0	0	0	0	0	0	0	
736.138083	8	3	3	0	1	2	2	4198	381	24	44166	7	3	81	0	0	0	0	0	0	0	0	0	0	0	0	0	0	
737.143200	8	3	3	0	1	2	2	4198	352	24	44227	7	3	81	0	0	0	0	0	0	0	0	0	0	0	0	0	0	
738.129600	8	3	3	0	1	2	2	4198	340	24	44286	7	3	81	0	0	0	0	0	0	0	0	0	0	0	0	0	0	
739.136167	8	3	3	0	1	2	2	4199	334	24	44346	7	3	81	0	0	0	0	0	0	0	0	0	0	0	0	0	0	
740.141283	8	3	3	0	1	2	2	4199	349	24	44406	7	3	81	0	0	0	0	0	0	0	0	0	0	0	0	0	0	
741.129117	8	3	3	0	1	2	2	4199	349	24	44466	7	3	81	0	0	0	0	0	0	0	0	0	0	0	0	0	0	
742.134233	8	3	3	0	1	2	2	4198	317	24	44526	7	3	81	0	0	0	0	0	0	0	0	0	0	0	0	0	0	
743.140800	8	3	3	0	1	2	2	4198	330	24	44586	7	3	81	0	0	0	0	0	0	0	0	0	0	0	0	0	0	
744.145917	8	3	3	0	1	2	2	4198	338	24	44647	7	3	81	0	0	0	0	0	0	0	0	0	0	0	0	0	0	
745.132317	8	3	3	0	1	2	2	4198	319	24	44706	7	3	81	0	0	0	0	0	0	0	0	0	0	0	0	0	0	
746.137433	8	3	3	0	1	2	2	4198	324	24	44766	7	3	81	0	0	0	0	0	0	0	0	0	0	0	0	0	0	
747.142567	8	3	3	0	1	2	2	4198	331	24	44826	7	3	81	0	0	0	0	0	0	0	0	0	0	0	0	0	0	
748.130400	8	3	3	0	1	2	2	4198	340	24	44886	7	3	81	0	0	0	0	0	0	0	0	0	0	0	0	0	0	
749.135517	8	3	3	0	1	2	2	4198	339	24	44946	7	3	81	0	0	0	0	0	0	0	0	0	0	0	0	0	0	
750.140633	8	3	3	0	1	2	2	4198	327	24	45006	7	3	81	0	0	0	0	0	0	0	0	0	0	0	0	0	0	
751.145767	8	3	3	0	1	2	2	4199	329	24	45067	7	3	81	0	0	0	0	0	0	0	0	0	0	0	0	0	0	
752.132167	8	3	3	0	1	2	2	4198	334	24	45126	7	3	81	0	0	0	0	0	0	0	0	0	0	0	0	0	0	
753.138717	8	3	3	0	1	2	2	4199	329	24	45186	7	3	81	0	0	0	0	0	0	0	0	0	0	0	0	0	0	
754.143833	8	3	3	0	1	2	2	4199	317	24	45246	7	3	81	0	0	0	0	0	0	0	0	0	0	0	0	0	0	
755.130233	8	3	3	0	1	2	2	4198	326	24	45306	7	3	81	0	0	0	0	0	0	0	0	0	0	0	0	0	0	
756.135367	8	3	3	0	1	2	2	4198	326	24	45366	7	3	81	0	0	0	0	0	0	0	0	0	0	0	0	0	0	
757.140483	8	3	3	0	1	2	2	4199	339	24	45426	7	3	81	0	0	0	0	0	0	0	0	0	0	0	0	0	0	
758.147033	8	3	3	0	1	2	2	4198	333	24	45487	7	3	81	0	0	0	0	0	0	0	0	0	0	0	0	0	0	
759.133433	8	3	3	0	1	2	2	4198	325	24	45546	7	3	81	0	0	0	0	0	0	0	0	0	0	0	0	0	0	
760.138567	8	3	3	0	1	2	2	4199	329	24	45606	7	3	81	0	0	0	0	0	0	0	0	0	0	0	0	0	0	
761.143683	8	3	3	0	1	2	2	4198	321	24	45666	7	3	81	0	0	0	0	0	0	0	0	0	0	0	0	0	0	
762.130083	8	3	3	0	1	2	2	4199	306	24	45726	7	3	81	0	0	0	0	0	0	0	0	0	0	0	0	0	0	
763.135200	8	3	3	0	1	2	2	4199	296	24	45786	7	3	81	0	0	0	0	0	0	0	0	0	0	0	0	0	0	
764.141767	8	3	3	0	1	2	2	4198	298	24	45846	7	3	81	0	0	0	0	0	0	0	0	0	0	0	0	0	0	
765.146883	8	3	3	0	1	2	2	4199	288	24	45907	7	3	81	0	0	0	0	0	0	0	0	0	0	0	0	0	0	
766.133283	8	3	3	0	1	2	2	4198	280	24	45966	7	3	81	0	0	0	0	0	0	0	0	0	0	0	0	0	0	
767.138400	8	3	3	0	1	2	2	4199	277	24	46026	7	3	81	0	0	0	0	0	0	0	0	0	0	0	0	0	0	
768.143517	8	3	3	0	1	2	2	4198	276	24	46086	7	3	81	0	0	0	0	0	0	0	0	0	0	0	0	0	0	
769.129917	8	3	3	0	1	2	2	4199	260	24	46146	7	3	81	0	0	0	0	0	0	0	0	0	0	0	0	0	0	
770.136483	8	3	3	0	1	2	2	4198	253	24	46206	7	3	81	0	0	0	0	0	0	0	0	0	0	0	0	0	0	
771.141600	8	3	3	0	1	2	2	4199	248	24	46266	7	3	81	0	0	0	0	0	0	0	0	0	0	0	0	0	0	
772.146717	8	3	3	0	1	2	2	4199	248	24	46327	7	3	81	0	0	0	0	0	0	0	0	0	0	0	0	0	0	
773.133117	8	3	3	0	1	2	2	4199	249	24	46386	7	3	81	0	0	0	0	0	0	0	0	0	0	0	0	0	0	
774.138233	8	3	3	0	1	2	2	4198	236	24	46446	7	3	81	0	0	0	0	0	0	0	0	0	0	0	0	0	0	
775.143367	8	3	3	0	1	2	2	4199	232	24	46506	7	3	81	0	0	0	0	0	0	0	0	0	0	0	0	0	0	
776.149917	8	3	3	0	1	2	2	4199	230	24	46567	7	3	81	0	0	0	0	0	0	0	0	0	0	0	0	0	0	
777.136317	8	3	3	0	1	2	2	4199	221	24	46626	7	3	81	0	0	0	0	0	0	0	0	0	0	0	0	0	0	
778.141433	8	3	3	0	1	2	2	4198	220	24	46686	7	3	81	0	0	0	0	0	0	0	0	0	0	0	0	0	0	
779.146567	8	3	3	0	1	2	2	4199	214	24	46747	7	3	81	0	0	0	0	0	0	0	0	0	0	0	0	0	0	
780.132967	8	3	3	0	1	2	2	4198	212	24	46806	7	3	81	0	0	0	0	0	0	0	0	0	0	0	0	0	0	
781.139517	8	3	3	0	1	2	2	4198	205	24	46866	7	3	81	0	0	0	0	0	0	0	0	0	0	0	0	0	0	
782.144633	8	3	3	0	1	2	2	4199	196	24	46926	7	3	81	0	0	0	0	0	0	0	0	0	0	0	0	0	0	
783.149767	8	3	3	0	1	2	2	4199	193	24	46987	7	3	81	0	0	0	0	0	0	0	0	0	0	0	0	0	0	
784.136167	8	3	3	0	1	2	2	4198	184	24	47046	7	3	81	0	0	0	0	0	0	0	0	0	0	0	0	0	0	
785.141283	8	3	3	0	1	2	2	4198	178	24	47106	7	3	81	0	0	0	0	0	0	0	0	0	0	0	0	0	0	
786.147833	8	3	3	0	1	2	2	4199	174	24	47167	7	3	81	0	0	0	0	0	0	0	0	0	0	0	0	0	0	
787.134233	8	3	3	0	1	2	2	4198	170	24	47226	7	3	81	0	0	0	0	0	0	0	0	0	0	0	0	0	0	
788.139367	8	3	3	0	1	2	2	4199	164	24	47286	7	3	81	0	0	0	0	0	0	0	0	0	0	0	0	0	0	
789.144483	8	3	3	0	1	2	2	4198	161	24	47346	7	3	81	0	0	0	0	0	0	0	0	0	0	0	0	0	0	
790.149600	8	3	3	0	1	2	2	4198	157	24	47407	7	3	81	0	0	0	0	0	0	0	0	0	0	0	0	0	0	
791.136000	8	3	3	0	1	2	2	4198	153	24	47466	7	3	81	0	0	0	0	0	0	0	0	0	0	0	0	0	0	
792.142567	8	3	3	0	1	2	2	4199	149	24	47526	7	3	81	0	0	0	0	0	0	0	0	0	0	0	0	0	0	
793.147683	8	3	3	0	1	2	2	4198	148	24	47587	7	3	81	0	0	0	0	0	0	0	0	0	0	0	0	0	0	
794.134083	8	3	3	0	1	2	2	4198	145	24	47646	7	3	81	0	0	0	0	0	0	0	0	0	0	0	0	0	0	
795.139200	8	3	3	0	1	2	2	4198	142	24	47706	7	3	81	0	0	0	0	0	0	0	0	0	0	0	0	0	0	
796.144317	8	3	3	0	1	2	2	4199	138	24	47766	7	3	81	0	0	0	0	0	0	0	0	0	0	0	0	0	0	
797.150883	8	3	3	0	1	2	2	4199	135	24	47827	7	3	81	0	0	0	0	0	0	0	0	0	0	0	0	0	0	
798.137283	8	3	3	0	1	2	2	4198	131	24	47886	7	3	81	0	0	0	0	0	0	0	0	0	0	0	0	0	0	
799.142400	8	3	3	0	1	2	2	4199	127	24	47946	7	3	81	0	0	0	0	0	0	0	0	0	0	0	0	0	0	
800.147517	8	3	3	0	1	2	2	4199	124	24	48007	7	3	81	0	0	0	0	0	0	0	0	0	0	0	0	0	0	
801.133917	8	3	3	0	1	2	2	4199	120	24	48066	7	3	81	0	0	0	0	0	0	0	0	0	0	0	0	0	0	
802.140483	8	3	3	0	1	2	2	4199	117	24	48126	7	3	81	0	0	0	0	0	0	0	0	0	0	0	0	0	0	
803.145600	8	3	3	0	1	2	2	4199	113	24	48186	7	3	81	0	0	0	0	0	0	0	0	0	0	0	0	0	0	
804.150717	8	3	3	0	1	2	2	4198	109	24	48247	7	3	81	0	0	0	0	0	0	0	0	0	0	0	0	0	0	
805.137117	8	3	3	0	1	2	2	4198	106	24	48306	7	3	81	0	0	0	0	0	0	0	0	0	0	0	0	0	0	
806.142233	8	3	3	0	1	2	2	4198	103	24	48366	7	3	81	0	0	0	0	0	0	0	0	0	0	0	0	0	0	
807.148800	8	3	3	0	1	2	2	4199	100	24	48427	7	3	81	0	0	0	0	0	0	0	0	0	0	0	0	0	0	
808.135200	8	3	3	0	1	2	2	4198	97	24	48486	7	3	81	0	0	0	0	0	0	0	0	0	0	0	0	0	0	
809.140317	8	3	3	0	1	2	2	4198	94	24	48546	7	3	81	0	0	0	0	0	0	0	0	0	0	0	0	0	0	
810.145433	8	3	3	0	1	2	2	4199	91	24	48606	7	3	81	0	0	0	0	0	0	0	0	0	0	0	0	0	0	
811.150567	8	3	3	0	1	2	2	4198	88	24	48667	7	3	81	0	0	0	0	0	0	0	0	0	0	0	0	0	0	
812.136967	8	3	3	0	1	2	2	4199	87	24	48726	7	3	81	0	0	0	0	0	0	0	0	0	0	0	0	0	0	
813.143517	8	3	3	0	1	2	2	4199	84	24	48786	7	3	81	0	0	0	0	0	0	0	0	0	0	0	0	0	0	
814.148633	8	3	3	0	1	2	2	4199	81	24	48846	7	3	81	0	0	0	0	0	0	0	0	0	0	0	0	0	0	
815.135033	8	3	3	0	1	2	2	4199	80	24	48906	7	3	81	0	0	0	0	0	0	0	0	0	0	0	0	0	0	
816.140167	8	3	3	0	1	2	2	4198	77	24	48966	7	3	81	0	0	0	0	0	0	0	0	0	0	0	0	0	0	
817.145283	8	3	3	0	1	2	2	4198	75	24	49026	7	3	81	0	0	0	0	0	0	0	0	0	0	0	0	0	0	
818.150400	8	3	3	0	1	2	2	4198	73	24	49087	7	3	81	0	0	0	0	0	0	0	0	0	0	0	0	0	0	
819.138233	8	3	3	0	1	2	2	4198	71	24	49146	7	3	81	0	0	0	0	0	0	0	0	0	0	0	0	0	0	
820.143367	8	3	3	0	1	2	2	4198	70	24	49206	7	3	81	0	0	0	0	0	0	0	0	0	0	0	0	0	0	
821.148483	8	3	3	0	1	2	2	4199	67	24	49266	7	3	81	0	0	0	0	0	0	0	0	0	0	0	0	0	0	
821.400483	8	6	3	0	2	7	1	4012	-584	24	49282	7	4	0	0	0	0	0	0	0	0	0	0	0	0	0	0	0	
822.136317	8	6	3	0	2	7	1	3748	-1349	24	49326	7	4	1	0	0	0	0	0	0	0	0	0	0	0	0	0	0	
823.142883	8	6	3	0	2	7	1	3736	-1350	24	49386	7	4	2	0	0	0	0	0	0	0	0	0	0	0	0	0	0	
824.148000	8	6	3	0	2	7	1	3723	-1350	24	49446	7	4	4	0	0	0	0	0	0	0	0	0	0	0	0	0	0	
825.153117	8	6	3	0	2	7	1	3704	-1349	24	49507	7	4	6	0	0	0	0	0	0	0	0	0	0	0	0	0	0	
826.139517	8	6	3	0	2	7	1	3689	-1350	24	49566	7	4	7	0	0	0	0	0	0	0	0	0	0	0	0	0	0	
827.144633	8	6	3	0	2	7	1	3658	-1349	24	49626	7	4	9	0	0	0	0	0	0	0	0	0	0	0	0	0	0	
828.151200	8	6	3	0	2	7	1	3554	-1349	24	49687	7	4	11	0	0	0	0	0	0	0	0	0	0	0	0	0	0	
829.140483	8	6	3	0	2	7	1	3589	-1349	24	49746	7	4	12	0	0	0	0	0	0	0	0	0	0	0	0	0	0	
830.145600	8	6	3	0	2	7	1	3588	-1350	24	49806	7	4	14	0	0	0	0	0	0	0	0	0	0	0	0	0	0	
831.152167	8	6	3	0	2	7	1	3579	-1349	24	49867	7	4	16	0	0	0	0	0	0	0	0	0	0	0	0	0	0	
832.138567	8	6	3	0	2	7	1	3566	-1349	24	49926	7	4	17	0	0	0	0	0	0	0	0	0	0	0	0	0	0	
833.143683	8	6	3	0	2	7	1	3554	-1349	24	49986	7	4	19	0	0	0	0	0	0	0	0	0	0	0	0	0	0	
834.148800	8	6	3	0	2	7	1	3542	-1349	24	50046	7	4	21	0	0	0	0	0	0	0	0	0	0	0	0	0	0	
835.135200	8	6	3	0	2	7	1	3529	-1349	24	50106	7	4	22	0	0	0	0	0	0	0	0	0	0	0	0	0	0	
836.141767	8	6	3	0	2	7	1	3517	-1349	24	50166	7	4	24	0	0	0	0	0	0	0	0	0	0	0	0	0	0	
837.146883	8	6	3	0	2	7	1	3504	-1350	24	50226	7	4	25	0	0	0	0	0	0	0	0	0	0	0	0	0	0	
838.152000	8	6	3	0	2	7	1	3492	-1348	24	50287	7	4	27	0	0	0	0	0	0	0	0	0	0	0	0	0	0	
839.138400	8	6	3	0	2	7	1	3480	-1348	24	50346	7	4	29	0	0	0	0	0	0	0	0	0	0	0	0	0	0	
840.143517	8	6	3	0	2	7	1	3468	-1351	24	50406	7	4	30	0	0	0	0	0	0	0	0	0	0	0	0	0	0	
841.148633	8	6	3	0	2	7	1	3457	-1350	24	50466	7	4	32	0	0	0	0	0	0	0	0	0	0	0	0	0	0	
842.155200	8	6	3	0	2	7	1	3446	-1351	24	50527	7	4	34	0	0	0	0	0	0	0	0	0	0	0	0	0	0	
843.141600	8	6	3	0	2	7	1	3435	-1351	24	50586	7	4	35	0	0	0	0	0	0	0	0	0	0	0	0	0	0	
844.146717	8	6	3	0	2	7	1	3424	-1349	24	50646	7	4	37	0	0	0	0	0	0	0	0	0	0	0	0	0	0	
845.151833	8	6	3	0	2	7	1	3414	-1349	24	50707	7	4	39	0	0	0	0	0	0	0	0	0	0	0	0	0	0	
846.138233	8	6	3	0	2	7	1	3404	-1349	24	50766	7	4	40	0	0	0	0	0	0	0	0	0	0	0	0	0	0	
847.143367	8	6	3	0	2	7	1	3394	-1349	24	50826	7	4	42	0	0	0	0	0	0	0	0	0	0	0	0	0	0	
848.149917	8	6	3	0	2	7	1	3385	-1350	24	50886	7	4	44	0	0	0	0	0	0	0	0	0	0	0	0	0	0	
849.155033	8	6	3	0	2	7	1	3376	-1349	24	50947	7	4	45	0	0	0	0	0	0	0	0	0	0	0	0	0	0	
850.141433	8	6	3	0	2	7	1	3368	-1350	24	51006	7	4	47	0	0	0	0	0	0	0	0	0	0	0	0	0	0	
851.146567	8	6	3	0	2	7	1	3360	-1349	24	51066	7	4	49	0	0	0	0	0	0	0	0	0	0	0	0	0	0	
852.151683	8	6	3	0	2	7	1	3354	-1349	24	51127	7	4	50	0	0	0	0	0	0	0	0	0	0	0	0	0	0	
853.139517	8	6	3	0	2	7	1	3347	-1349	24	51186	7	4	52	0	0	0	0	0	0	0	0	0	0	0	0	0	0	
854.144633	8	6	3	0	2	7	1	3340	-1351	24	51246	7	4	54	0	0	0	0	0	0	0	0	0	0	0	0	0	0	
855.149767	8	6	3	0	2	7	1	3334	-1349	24	51306	7	4	55	0	0	0	0	0	0	0	0	0	0	0	0	0	0	
856.154883	8	6	3	0	2	7	1	3328	-1349	24	51367	7	4	57	0	0	0	0	0	0	0	0	0	0	0	0	0	0	
857.141283	8	6	3	0	2	7	1	3321	-1349	24	51426	7	4	59	0	0	0	0	0	0	0	0	0	0	0	0	0	0	
858.147833	8	6	3	0	2	7	1	3314	-1348	24	51486	7	4	60	0	0	0	0	0	0	0	0	0	0	0	0	0	0	
859.152967	8	6	3	0	2	7	1	3307	-1351	24	51547	7	4	62	0	0	0	0	0	0	0	0	0	0	0	0	0	0	
860.139367	8	6	3	0	2	7	1	3299	-1351	24	51606	7	4	64	0	0	0	0	0	0	0	0	0	0	0	0	0	0	
861.144483	8	6	3	0	2	7	1	3289	-1351	24	51666	7	4	65	0	0	0	0	0	0	0	0	0	0	0	0	0	0	
862.149600	8	6	3	0	2	7	1	3281	-1350	24	51726	7	4	67	0	0	0	0	0	0	0	0	0	0	0	0	0	0	
863.156167	8	6	3	0	2	7	1	3272	-1350	24	51787	7	4	69	0	0	0	0	0	0	0	0	0	0	0	0	0	0	
864.142567	8	6	3	0	2	7	1	3261	-1350	24	51846	7	4	70	0	0	0	0	0	0	0	0	0	0	0	0	0	0	
865.147683	8	6	3	0	2	7	1	3247	-1350	24	51906	7	4	72	0	0	0	0	0	0	0	0	0	0	0	0	0	0	
866.152800	8	6	3	0	2	7	1	3229	-1349	24	51967	7	4	74	0	0	0	0	0	0	0	0	0	0	0	0	0	0	
867.139200	8	6	3	0	2	7	1	3208	-1349	24	52026	7	4	75	0	0	0	0	0	0	0	0	0	0	0	0	0	0	
868.144317	8	6	3	0	2	7	1	3179	-1348	24	52086	7	4	77	0	0	0	0	0	0	0	0	0	0	0	0	0	0	
869.150883	8	6	3	0	2	7	1	3134	-1351	24	52146	7	4	79	0	0	0	0	0	0	0	0	0	0	0	0	0	0	
870.156000	8	6	3	0	2	7	1	3061	-1349	24	52207	7	4	80	0	0	0	0	0	0	0	0	0	0	0	0	0	0	
871.142400	8	6	3	0	2	7	1	2932	-1351	24	52266	7	4	82	0	0	0	0	0	0	0	0	0	0	0	0	0	0	
871.996317	8	15	3	0	1	31	2	2840	18	24	52317	8	4	83	0	0	0	0	0	0	0	0	0	0	0	0	0	0	
872.017917	8	3	3	0	1	2	2	3314	677	24	52318	9	4	83	0	0	0	0	0	0	0	0	0	0	0	0	0	0	
872.150400	8	3	3	0	1	2	2	3442	673	24	52326	9	4	83	0	0	0	0	0	0	0	0	0	0	0	0	0	0	
873.156967	8	3	3	0	1	2	2	3673	674	24	52387	9	4	83	0	0	0	0	0	0	0	0	0	0	0	0	0	0	
874.143367	8	3	3	0	1	2	2	3770	675	24	52446	9	4	83	0	0	0	0	0	0	0	0	0	0	0	0	0	0	
875.148483	8	3	3	0	1	2	2	3860	676	24	52506	9	4	83	0	0	0	0	0	0	0	0	0	0	0	0	0	0	
876.153600	8	3	3	0	1	2	2	3913	675	24	52567	9	4	83	0	0	0	0	0	0	0	0	0	0	0	0	0	0	
877.140000	8	3	3	0	1	2	2	3936	675	24	52626	9	4	83	0	0	0	0	0	0	0	0	0	0	0	0	0	0	
878.145117	8	3	3	0	1	2	2	3949	675	24	52686	9	4	83	0	0	0	0	0	0	0	0	0	0	0	0	0	0	
879.151683	8	3	3	0	1	2	2	3960	673	24	52746	9	4	83	0	0	0	0	0	0	0	0	0	0	0	0	0	0	
880.140967	8	3	3	0	1	2	2	3968	675	24	52806	9	4	83	0	0	0	0	0	0	0	0	0	0	0	0	0	0	
881.147517	8	3	3	0	1	2	2	3979	675	24	52866	9	4	83	0	0	0	0	0	0	0	0	0	0	0	0	0	0	
882.152633	8	3	3	0	1	2	2	3990	674	24	52926	9	4	83	0	0	0	0	0	0	0	0	0	0	0	0	0	0	
883.157767	8	3	3	0	1	2	2	4000	674	24	52987	9	4	83	0	0	0	0	0	0	0	0	0	0	0	0	0	0	
884.144167	8	3	3	0	1	2	2	4010	675	24	53046	9	4	83	0	0	0	0	0	0	0	0	0	0	0	0	0	0	
885.149283	8	3	3	0	1	2	2	4022	675	24	53106	9	4	83	0	0	0	0	0	0	0	0	0	0	0	0	0	0	
886.155833	8	3	3	0	1	2	2	4033	674	24	53167	9	4	83	0	0	0	0	0	0	0	0	0	0	0	0	0	0	
887.142233	8	3	3	0	1	2	2	4042	675	24	53226	9	4	83	0	0	0	0	0	0	0	0	0	0	0	0	0	0	
888.147367	8	3	3	0	1	2	2	4050	675	24	53286	9	4	83	0	0	0	0	0	0	0	0	0	0	0	0	0	0	
889.152483	8	3	3	0	1	2	2	4058	674	24	53346	9	4	83	0	0	0	0	0	0	0	0	0	0	0	0	0	0	
890.157600	8	3	3	0	1	2	2	4066	674	24	53407	9	4	83	0	0	0	0	0	0	0	0	0	0	0	0	0	0	
891.144000	8	3	3	0	1	2	2	4072	674	24	53466	9	4	83	0	0	0	0	0	0	0	0	0	0	0	0	0	0	
892.150567	8	3	3	0	1	2	2	4079	676	24	53526	9	4	83	0	0	0	0	0	0	0	0	0	0	0	0	0	0	
893.155683	8	3	3	0	1	2	2	4083	674	24	53587	9	4	83	0	0	0	0	0	0	0	0	0	0	0	0	0	0	
894.142083	8	3	3	0	1	2	2	4086	674	24	53646	9	4	83	0	0	0	0	0	0	0	0	0	0	0	0	0	0	
895.147200	8	3	3	0	1	2	2	4088	675	24	53706	9	4	83	0	0	0	0	0	0	0	0	0	0	0	0	0	0	
896.152317	8	3	3	0	1	2	2	4092	674	24	53766	9	4	83	0	0	0	0	0	0	0	0	0	0	0	0	0	0	
897.157433	8	3	3	0	1	2	2	4094	674	24	53827	9	4	83	0	0	0	0	0	0	0	0	0	0	0	0	0	0	
898.145283	8	3	3	0	1	2	2	4096	675	24	53886	9	4	83	0	0	0	0	0	0	0	0	0	0	0	0	0	0	
899.150400	8	3	3	0	1	2	2	4099	676	24	53946	9	4	83	0	0	0	0	0	0	0	0	0	0	0	0	0	0	
900.155517	8	3	3	0	1	2	2	4102	674	24	54007	9	4	83	0	0	0	0	0	0	0	0	0	0	0	0	0	0	
901.141917	8	3	3	0	1	2	2	4110	674	24	54066	9	4	83	0	0	0	0	0	0	0	0	0	0	0	0	0	0	
902.147033	8	3	3	0	1	2	2	4109	674	24	54126	9	4	83	0	0	0	0	0	0	0	0	0	0	0	0	0	0	
903.153600	8	3	3	0	1	2	2	4111	674	24	54186	9	4	83	0	0	0	0	0	0	0	0	0	0	0	0	0	0	
904.158717	8	3	3	0	1	2	2	4115	673	24	54247	9	4	83	0	0	0	0	0	0	0	0	0	0	0	0	0	0	
905.145117	8	3	3	0	1	2	2	4119	675	24	54306	9	4	83	0	0	0	0	0	0	0	0	0	0	0	0	0	0	
906.150233	8	3	3	0	1	2	2	4118	668	24	54366	9	4	83	0	0	0	0	0	0	0	0	0	0	0	0	0	0	
907.155367	8	3	3	0	1	2	2	4120	665	24	54426	9	4	83	0	0	0	0	0	0	0	0	0	0	0	0	0	0	
908.141767	8	3	3	0	1	2	2	4124	666	24	54486	9	4	83	0	0	0	0	0	0	0	0	0	0	0	0	0	0	
909.148317	8	3	3	0	1	2	2	4128	665	24	54546	9	4	83	0	0	0	0	0	0	0	0	0	0	0	0	0	0	
910.153433	8	3	3	0	1	2	2	4132	664	24	54606	9	4	83	0	0	0	0	0	0	0	0	0	0	0	0	0	0	
911.158567	8	3	3	0	1	2	2	4135	663	24	54667	9	4	83	0	0	0	0	0	0	0	0	0	0	0	0	0	0	
912.144967	8	3	3	0	1	2	2	4139	663	24	54726	9	4	83	0	0	0	0	0	0	0	0	0	0	0	0	0	0	
913.150083	8	3	3	0	1	2	2	4143	662	24	54786	9	4	83	0	0	0	0	0	0	0	0	0	0	0	0	0	0	
914.156633	8	3	3	0	1	2	2	4146	661	24	54846	9	4	83	0	0	0	0	0	0	0	0	0	0	0	0	0	0	
915.143033	8	3	3	0	1	2	2	4150	660	24	54906	9	4	83	0	0	0	0	0	0	0	0	0	0	0	0	0	0	
916.148167	8	3	3	0	1	2	2	4153	659	24	54966	9	4	83	0	0	0	0	0	0	0	0	0	0	0	0	0	0	
917.153283	8	3	3	0	1	2	2	4155	659	24	55026	9	4	83	0	0	0	0	0	0	0	0	0	0	0	0	0	0	
918.158400	8	3	3	0	1	2	2	4159	659	24	55087	9	4	83	0	0	0	0	0	0	0	0	0	0	0	0	0	0	
919.144800	8	3	3	0	1	2	2	4165	660	24	55146	9	4	83	0	0	0	0	0	0	0	0	0	0	0	0	0	0	
920.151367	8	3	3	0	1	2	2	4171	659	24	55206	9	4	83	0	0	0	0	0	0	0	0	0	0	0	0	0	0	
921.156483	8	3	3	0	1	2	2	4174	657	24	55266	9	4	83	0	0	0	0	0	0	0	0	0	0	0	0	0	0	
922.142883	8	3	3	0	1	2	2	4178	656	24	55326	9	4	83	0	0	0	0	0	0	0	0	0	0	0	0	0	0	
923.148000	8	3	3	0	1	2	2	4184	657	24	55386	9	4	83	0	0	0	0	0	0	0	0	0	0	0	0	0	0	
924.153117	8	3	3	0	1	2	2	4188	656	24	55446	9	4	83	0	0	0	0	0	0	0	0	0	0	0	0	0	0	
925.159683	8	3	3	0	1	2	2	4192	654	24	55507	9	4	83	0	0	0	0	0	0	0	0	0	0	0	0	0	0	
926.146083	8	3	3	0	1	2	2	4193	654	24	55566	9	4	83	0	0	0	0	0	0	0	0	0	0	0	0	0	0	
927.151200	8	3	3	0	1	2	2	4197	655	24	55626	9	4	83	0	0	0	0	0	0	0	0	0	0	0	0	0	0	
928.156317	8	3	3	0	1	2	2	4198	652	24	55686	9	4	83	0	0	0	0	0	0	0	0	0	0	0	0	0	0	
929.142717	8	3	3	0	1	2	2	4199	646	24	55746	9	4	83	0	0	0	0	0	0	0	0	0	0	0	0	0	0	
930.147833	8	3	3	0	1	2	2	4198	637	24	55806	9	4	83	0	0	0	0	0	0	0	0	0	0	0	0	0	0	
931.154400	8	3	3	0	1	2	2	4198	632	24	55866	9	4	83	0	0	0	0	0	0	0	0	0	0	0	0	0	0	
932.159517	8	3	3	0	1	2	2	4198	630	24	55927	9	4	83	0	0	0	0	0	0	0	0	0	0	0	0	0	0	
933.145917	8	3	3	0	1	2	2	4198	636	24	55986	9	4	83	0	0	0	0	0	0	0	0	0	0	0	0	0	0	
934.151033	8	3	3	0	1	2	2	4199	631	24	56046	9	4	83	0	0	0	0	0	0	0	0	0	0	0	0	0	0	
935.156167	8	3	3	0	1	2	2	4199	618	24	56106	9	4	83	0	0	0	0	0	0	0	0	0	0	0	0	0	0	
936.161283	8	3	3	0	1	2	2	4199	626	24	56167	9	4	83	0	0	0	0	0	0	0	0	0	0	0	0	0	0	
937.149117	8	3	3	0	1	2	2	4198	625	24	56226	9	4	83	0	0	0	0	0	0	0	0	0	0	0	0	0	0	
938.154233	8	3	3	0	1	2	2	4198	621	24	56286	9	4	83	0	0	0	0	0	0	0	0	0	0	0	0	0	0	
939.159367	8	3	3	0	1	2	2	4199	615	24	56347	9	4	83	0	0	0	0	0	0	0	0	0	0	0	0	0	0	
940.145767	8	3	3	0	1	2	2	4199	645	24	56406	9	4	83	0	0	0	0	0	0	0	0	0	0	0	0	0	0	
941.150883	8	3	3	0	1	2	2	4198	621	24	56466	9	4	83	0	0	0	0	0	0	0	0	0	0	0	0	0	0	
942.157433	8	3	3	0	1	2	2	4198	564	24	56526	9	4	83	0	0	0	0	0	0	0	0	0	0	0	0	0	0	
943.162567	8	3	3	0	1	2	2	4199	519	24	56587	9	4	83	0	0	0	0	0	0	0	0	0	0	0	0	0	0	
944.148967	8	3	3	0	1	2	2	4198	477	24	56646	9	4	83	0	0	0	0	0	0	0	0	0	0	0	0	0	0	
945.154083	8	3	3	0	1	2	2	4198	497	24	56706	9	4	83	0	0	0	0	0	0	0	0	0	0	0	0	0	0	
946.159200	8	3	3	0	1	2	2	4199	502	24	56767	9	4	83	0	0	0	0	0	0	0	0	0	0	0	0	0	0	
947.147033	8	3	3	0	1	2	2	4199	511	24	56826	9	4	83	0	0	0	0	0	0	0	0	0	0	0	0	0	0	
948.152167	8	3	3	0	1	2	2	4199	476	24	56886	9	4	83	0	0	0	0	0	0	0	0	0	0	0	0	0	0	
949.157283	8	3	3	0	1	2	2	4198	461	24	56946	9	4	83	0	0	0	0	0	0	0	0	0	0	0	0	0	0	
950.162400	8	3	3	0	1	2	2	4198	414	24	57007	9	4	83	0	0	0	0	0	0	0	0	0	0	0	0	0	0	
951.148800	8	3	3	0	1	2	2	4198	412	24	57066	9	4	83	0	0	0	0	0	0	0	0	0	0	0	0	0	0	
952.155367	8	3	3	0	1	2	2	4198	371	24	57126	9	4	83	0	0	0	0	0	0	0	0	0	0	0	0	0	0	
953.160483	8	3	3	0	1	2	2	4198	352	24	57187	9	4	83	0	0	0	0	0	0	0	0	0	0	0	0	0	0	
954.146883	8	3	3	0	1	2	2	4198	339	24	57246	9	4	83	0	0	0	0	0	0	0	0	0	0	0	0	0	0	
955.152000	8	3	3	0	1	2	2	4198	325	24	57306	9	4	83	0	0	0	0	0	0	0	0	0	0	0	0	0	0	
956.157117	8	3	3	0	1	2	2	4198	344	24	57366	9	4	83	0	0	0	0	0	0	0	0	0	0	0	0	0	0	
957.163683	8	3	3	0	1	2	2	4198	341	24	57427	9	4	83	0	0	0	0	0	0	0	0	0	0	0	0	0	0	
958.150083	8	3	3	0	1	2	2	4198	353	24	57486	9	4	83	0	0	0	0	0	0	0	0	0	0	0	0	0	0	
959.155200	8	3	3	0	1	2	2	4198	337	24	57546	9	4	83	0	0	0	0	0	0	0	0	0	0	0	0	0	0	
960.160317	8	3	3	0	1	2	2	4198	309	24	57607	9	4	83	0	0	0	0	0	0	0	0	0	0	0	0	0	0	
961.146717	8	3	3	0	1	2	2	4198	292	24	57666	9	4	83	0	0	0	0	0	0	0	0	0	0	0	0	0	0	
962.151833	8	3	3	0	1	2	2	4198	280	24	57726	9	4	83	0	0	0	0	0	0	0	0	0	0	0	0	0	0	
963.158400	8	3	3	0	1	2	2	4199	258	24	57786	9	4	83	0	0	0	0	0	0	0	0	0	0	0	0	0	0	
964.163517	8	3	3	0	1	2	2	4198	257	24	57847	9	4	83	0	0	0	0	0	0	0	0	0	0	0	0	0	0	
965.151367	8	3	3	0	1	2	2	4199	263	24	57906	9	4	83	0	0	0	0	0	0	0	0	0	0	0	0	0	0	
966.156483	8	3	3	0	1	2	2	4199	223	24	57966	9	4	83	0	0	0	0	0	0	0	0	0	0	0	0	0	0	
967.161600	8	3	3	0	1	2	2	4198	215	24	58027	9	4	83	0	0	0	0	0	0	0	0	0	0	0	0	0	0	
968.148000	8	3	3	0	1	2	2	4199	222	24	58086	9	4	83	0	0	0	0	0	0	0	0	0	0	0	0	0	0	
969.154567	8	3	3	0	1	2	2	4198	225	24	58146	9	4	83	0	0	0	0	0	0	0	0	0	0	0	0	0	0	
970.159683	8	3	3	0	1	2	2	4198	218	24	58206	9	4	83	0	0	0	0	0	0	0	0	0	0	0	0	0	0	
971.146083	8	3	3	0	1	2	2	4199	218	24	58266	9	4	83	0	0	0	0	0	0	0	0	0	0	0	0	0	0	
972.151200	8	3	3	0	1	2	2	4198	224	24	58326	9	4	83	0	0	0	0	0	0	0	0	0	0	0	0	0	0	
973.156317	8	3	3	0	1	2	2	4198	235	24	58386	9	4	83	0	0	0	0	0	0	0	0	0	0	0	0	0	0	
974.162883	8	3	3	0	1	2	2	4198	245	24	58447	9	4	83	0	0	0	0	0	0	0	0	0	0	0	0	0	0	
975.149283	8	3	3	0	1	2	2	4198	236	24	58506	9	4	83	0	0	0	0	0	0	0	0	0	0	0	0	0	0	
976.154400	8	3	3	0	1	2	2	4198	220	24	58566	9	4	83	0	0	0	0	0	0	0	0	0	0	0	0	0	0	
977.159517	8	3	3	0	1	2	2	4198	213	24	58626	9	4	83	0	0	0	0	0	0	0	0	0	0	0	0	0	0	
978.166083	8	3	3	0	1	2	2	4198	198	24	58687	9	4	83	0	0	0	0	0	0	0	0	0	0	0	0	0	0	
979.152483	8	3	3	0	1	2	2	4198	168	24	58746	9	4	83	0	0	0	0	0	0	0	0	0	0	0	0	0	0	
980.157600	8	3	3	0	1	2	2	4199	177	24	58806	9	4	83	0	0	0	0	0	0	0	0	0	0	0	0	0	0	
981.162717	8	3	3	0	1	2	2	4199	181	24	58867	9	4	83	0	0	0	0	0	0	0	0	0	0	0	0	0	0	
982.149117	8	3	3	0	1	2	2	4198	178	24	58926	9	4	83	0	0	0	0	0	0	0	0	0	0	0	0	0	0	
983.154233	8	3	3	0	1	2	2	4198	163	24	58986	9	4	83	0	0	0	0	0	0	0	0	0	0	0	0	0	0	
984.160800	8	3	3	0	1	2	2	4198	153	24	59046	9	4	83	0	0	0	0	0	0	0	0	0	0	0	0	0	0	
985.165917	8	3	3	0	1	2	2	4198	159	24	59107	9	4	83	0	0	0	0	0	0	0	0	0	0	0	0	0	0	
986.152317	8	3	3	0	1	2	2	4198	161	24	59166	9	4	83	0	0	0	0	0	0	0	0	0	0	0	0	0	0	
987.157433	8	3	3	0	1	2	2	4199	154	24	59226	9	4	83	0	0	0	0	0	0	0	0	0	0	0	0	0	0	
988.164000	8	3	3	0	1	2	2	4198	133	24	59287	9	4	83	0	0	0	0	0	0	0	0	0	0	0	0	0	0	
989.150400	8	3	3	0	1	2	2	4198	130	24	59346	9	4	83	0	0	0	0	0	0	0	0	0	0	0	0	0	0	
990.155517	8	3	3	0	1	2	2	4199	130	24	59406	9	4	83	0	0	0	0	0	0	0	0	0	0	0	0	0	0	
991.160633	8	3	3	0	1	2	2	4199	131	24	59466	9	4	83	0	0	0	0	0	0	0	0	0	0	0	0	0	0	
992.165767	8	3	3	0	1	2	2	4198	132	24	59527	9	4	83	0	0	0	0	0	0	0	0	0	0	0	0	0	0	
993.152167	8	3	3	0	1	2	2	4199	125	24	59586	9	4	83	0	0	0	0	0	0	0	0	0	0	0	0	0	0	
994.158717	8	3	3	0	1	2	2	4198	122	24	59646	9	4	83	0	0	0	0	0	0	0	0	0	0	0	0	0	0	
995.163833	8	3	3	0	1	2	2	4198	119	24	59707	9	4	83	0	0	0	0	0	0	0	0	0	0	0	0	0	0	
996.150233	8	3	3	0	1	2	2	4198	116	24	59766	9	4	83	0	0	0	0	0	0	0	0	0	0	0	0	0	0	
997.155367	8	3	3	0	1	2	2	4199	115	24	59826	9	4	83	0	0	0	0	0	0	0	0	0	0	0	0	0	0	
998.160483	8	3	3	0	1	2	2	4199	111	24	59886	9	4	83	0	0	0	0	0	0	0	0	0	0	0	0	0	0	
999.167033	8	3	3	0	1	2	2	4198	120	24	59947	9	4	83	0	0	0	0	0	0	0	0	0	0	0	0	0	0	
1000.153433	8	3	3	0	1	2	2	4198	120	24	60006	9	4	83	0	0	0	0	0	0	0	0	0	0	0	0	0	0	
1001.158567	8	3	3	0	1	2	2	4198	121	24	60066	9	4	83	0	0	0	0	0	0	0	0	0	0	0	0	0	0	
1002.163683	8	3	3	0	1	2	2	4199	121	24	60127	9	4	83	0	0	0	0	0	0	0	0	0	0	0	0	0	0	
1003.150083	8	3	3	0	1	2	2	4198	122	24	60186	9	4	83	0	0	0	0	0	0	0	0	0	0	0	0	0	0	
1004.156633	8	3	3	0	1	2	2	4198	126	24	60246	9	4	83	0	0	0	0	0	0	0	0	0	0	0	0	0	0	
1005.161767	8	3	3	0	1	2	2	4199	126	24	60306	9	4	83	0	0	0	0	0	0	0	0	0	0	0	0	0	0	
1006.166883	8	3	3	0	1	2	2	4198	125	24	60367	9	4	83	0	0	0	0	0	0	0	0	0	0	0	0	0	0	
1007.153283	8	3	3	0	1	2	2	4199	125	24	60426	9	4	83	0	0	0	0	0	0	0	0	0	0	0	0	0	0	
1008.158400	8	3	3	0	1	2	2	4198	124	24	60486	9	4	83	0	0	0	0	0	0	0	0	0	0	0	0	0	0	
1009.164967	8	3	3	0	1	2	2	4199	123	24	60547	9	4	83	0	0	0	0	0	0	0	0	0	0	0	0	0	0	
1010.151367	8	3	3	0	1	2	2	4198	121	24	60606	9	4	83	0	0	0	0	0	0	0	0	0	0	0	0	0	0	
1011.156483	8	3	3	0	1	2	2	4199	119	24	60666	9	4	83	0	0	0	0	0	0	0	0	0	0	0	0	0	0	
1012.161600	8	3	3	0	1	2	2	4199	118	24	60726	9	4	83	0	0	0	0	0	0	0	0	0	0	0	0	0	0	
1013.166717	8	3	3	0	1	2	2	4198	118	24	60787	9	4	83	0	0	0	0	0	0	0	0	0	0	0	0	0	0	
1014.153117	8	3	3	0	1	2	2	4198	115	24	60846	9	4	83	0	0	0	0	0	0	0	0	0	0	0	0	0	0	
1015.159683	8	3	3	0	1	2	2	4199	115	24	60906	9	4	83	0	0	0	0	0	0	0	0	0	0	0	0	0	0	
1016.164800	8	3	3	0	1	2	2	4198	115	24	60967	9	4	83	0	0	0	0	0	0	0	0	0	0	0	0	0	0	
1017.151200	8	3	3	0	1	2	2	4198	114	24	61026	9	4	83	0	0	0	0	0	0	0	0	0	0	0	0	0	0	
1018.156317	8	3	3	0	1	2	2	4198	112	24	61086	9	4	83	0	0	0	0	0	0	0	0	0	0	0	0	0	0	
1019.161433	8	3	3	0	1	2	2	4198	110	24	61146	9	4	83	0	0	0	0	0	0	0	0	0	0	0	0	0	0	
1020.168000	8	3	3	0	1	2	2	4198	109	24	61207	9	4	83	0	0	0	0	0	0	0	0	0	0	0	0	0	0	
1021.154400	8	3	3	0	1	2	2	4198	108	24	61266	9	4	83	0	0	0	0	0	0	0	0	0	0	0	0	0	0	
1022.159517	8	3	3	0	1	2	2	4198	106	24	61326	9	4	83	0	0	0	0	0	0	0	0	0	0	0	0	0	0	
1023.164633	8	3	3	0	1	2	2	4198	104	24	61386	9	4	83	0	0	0	0	0	0	0	0	0	0	0	0	0	0	
1024.151033	8	3	3	0	1	2	2	4198	104	24	61446	9	4	83	0	0	0	0	0	0	0	0	0	0	0	0	0	0	
1025.159033	8	3	3	0	1	2	2	4198	103	24	61506	9	4	83	0	0	0	0	0	0	0	0	0	0	0	0	0	0	
1026.164167	8	3	3	0	1	2	2	4199	102	24	61566	9	4	83	0	0	0	0	0	0	0	0	0	0	0	0	0	0	
1027.169283	8	3	3	0	1	2	2	4198	100	24	61627	9	4	83	0	0	0	0	0	0	0	0	0	0	0	0	0	0	
1028.155683	8	3	3	0	1	2	2	4198	99	24	61686	9	4	83	0	0	0	0	0	0	0	0	0	0	0	0	0	0	
1029.160800	8	3	3	0	1	2	2	4198	97	24	61746	9	4	83	0	0	0	0	0	0	0	0	0	0	0	0	0	0	
1030.167367	8	3	3	0	1	2	2	4198	95	24	61807	9	4	83	0	0	0	0	0	0	0	0	0	0	0	0	0	0	
1031.153767	8	3	3	0	1	2	2	4199	94	24	61866	9	4	83	0	0	0	0	0	0	0	0	0	0	0	0	0	0	
1032.158883	8	3	3	0	1	2	2	4198	92	24	61926	9	4	83	0	0	0	0	0	0	0	0	0	0	0	0	0	0	
1033.164000	8	3	3	0	1	2	2	4198	90	24	61986	9	4	83	0	0	0	0	0	0	0	0	0	0	0	0	0	0	
1034.169117	8	3	3	0	1	2	2	4199	87	24	62047	9	4	83	0	0	0	0	0	0	0	0	0	0	0	0	0	0	
1035.155517	8	3	3	0	1	2	2	4199	87	24	62106	9	4	83	0	0	0	0	0	0	0	0	0	0	0	0	0	0	
1036.162083	8	3	3	0	1	2	2	4198	85	24	62166	9	4	83	0	0	0	0	0	0	0	0	0	0	0	0	0	0	
1037.167200	8	3	3	0	1	2	2	4199	83	24	62227	9	4	83	0	0	0	0	0	0	0	0	0	0	0	0	0	0	
1038.153600	8	3	3	0	1	2	2	4198	82	24	62286	9	4	83	0	0	0	0	0	0	0	0	0	0	0	0	0	0	
1039.158717	8	3	3	0	1	2	2	4198	80	24	62346	9	4	83	0	0	0	0	0	0	0	0	0	0	0	0	0	0	
1040.163833	8	3	3	0	1	2	2	4199	79	24	62406	9	4	83	0	0	0	0	0	0	0	0	0	0	0	0	0	0	
1041.170400	8	3	3	0	1	2	2	4198	78	24	62467	9	4	83	0	0	0	0	0	0	0	0	0	0	0	0	0	0	
1042.156800	8	3	3	0	1	2	2	4199	77	24	62526	9	4	83	0	0	0	0	0	0	0	0	0	0	0	0	0	0	
1043.161917	8	3	3	0	1	2	2	4198	75	24	62586	9	4	83	0	0	0	0	0	0	0	0	0	0	0	0	0	0	
1044.167033	8	3	3	0	1	2	2	4198	74	24	62647	9	4	83	0	0	0	0	0	0	0	0	0	0	0	0	0	0	
1045.153433	8	3	3	0	1	2	2	4198	73	24	62706	9	4	83	0	0	0	0	0	0	0	0	0	0	0	0	0	0	
1046.160000	8	3	3	0	1	2	2	4199	72	24	62766	9	4	83	0	0	0	0	0	0	0	0	0	0	0	0	0	0	
1047.165117	8	3	3	0	1	2	2	4198	71	24	62826	9	4	83	0	0	0	0	0	0	0	0	0	0	0	0	0	0	
1048.170233	8	3	3	0	1	2	2	4198	69	24	62887	9	4	83	0	0	0	0	0	0	0	0	0	0	0	0	0	0	
1049.156633	8	3	3	0	1	2	2	4198	68	24	62946	9	4	83	0	0	0	0	0	0	0	0	0	0	0	0	0	0	
1050.161767	8	3	3	0	1	2	2	4199	68	24	63006	9	4	83	0	0	0	0	0	0	0	0	0	0	0	0	0	0	
1050.395033	8	6	3	0	2	7	1	3959	-671	24	63020	9	5	0	0	0	0	0	0	0	0	0	0	0	0	0	0	0	
1051.169767	8	6	3	0	2	7	1	3678	-1350	24	63067	9	5	1	0	0	0	0	0	0	0	0	0	0	0	0	0	0	
1052.156167	8	6	3	0	2	7	1	3673	-1349	24	63126	9	5	2	0	0	0	0	0	0	0	0	0	0	0	0	0	0	
1053.161283	8	6	3	0	2	7	1	3652	-1348	24	63186	9	5	4	0	0	0	0	0	0	0	0	0	0	0	0	0	0	
1054.170717	8	6	3	0	2	7	1	3593	-1350	24	63247	9	5	6	0	0	0	0	0	0	0	0	0	0	0	0	0	0	
1055.157117	8	6	3	0	2	7	1	3559	-1350	24	63306	9	5	7	0	0	0	0	0	0	0	0	0	0	0	0	0	0	
1056.162233	8	6	3	0	2	7	1	3560	-1350	24	63366	9	5	9	0	0	0	0	0	0	0	0	0	0	0	0	0	0	
1057.167367	8	6	3	0	2	7	1	3560	-1349	24	63426	9	5	11	0	0	0	0	0	0	0	0	0	0	0	0	0	0	
1058.153767	8	6	3	0	2	7	1	3560	-1348	24	63486	9	5	12	0	0	0	0	0	0	0	0	0	0	0	0	0	0	
1059.160317	8	6	3	0	2	7	1	3522	-1349	24	63546	9	5	14	0	0	0	0	0	0	0	0	0	0	0	0	0	0	
1060.165433	8	6	3	0	2	7	1	3523	-1350	24	63606	9	5	16	0	0	0	0	0	0	0	0	0	0	0	0	0	0	
1061.170567	8	6	3	0	2	7	1	3516	-1350	24	63667	9	5	17	0	0	0	0	0	0	0	0	0	0	0	0	0	0	
1062.156967	8	6	3	0	2	7	1	3504	-1349	24	63726	9	5	19	0	0	0	0	0	0	0	0	0	0	0	0	0	0	
1063.162083	8	6	3	0	2	7	1	3491	-1350	24	63786	9	5	21	0	0	0	0	0	0	0	0	0	0	0	0	0	0	
1064.168633	8	6	3	0	2	7	1	3467	-1349	24	63846	9	5	22	0	0	0	0	0	0	0	0	0	0	0	0	0	0	
1065.155033	8	6	3	0	2	7	1	3470	-1350	24	63906	9	5	24	0	0	0	0	0	0	0	0	0	0	0	0	0	0	
1066.160167	8	6	3	0	2	7	1	3454	-1350	24	63966	9	5	26	0	0	0	0	0	0	0	0	0	0	0	0	0	0	
1067.165283	8	6	3	0	2	7	1	3441	-1350	24	64026	9	5	27	0	0	0	0	0	0	0	0	0	0	0	0	0	0	
1068.170400	8	6	3	0	2	7	1	3426	-1353	24	64087	9	5	29	0	0	0	0	0	0	0	0	0	0	0	0	0	0	
1069.156800	8	6	3	0	2	7	1	3431	-1349	24	64146	9	5	31	0	0	0	0	0	0	0	0	0	0	0	0	0	0	
1070.163367	8	6	3	0	2	7	1	3434	-1349	24	64206	9	5	32	0	0	0	0	0	0	0	0	0	0	0	0	0	0	
1071.168483	8	6	3	0	2	7	1	3421	-1350	24	64266	9	5	34	0	0	0	0	0	0	0	0	0	0	0	0	0	0	
1072.154883	8	6	3	0	2	7	1	3410	-1349	24	64326	9	5	36	0	0	0	0	0	0	0	0	0	0	0	0	0	0	
1073.160000	8	6	3	0	2	7	1	3398	-1349	24	64386	9	5	37	0	0	0	0	0	0	0	0	0	0	0	0	0	0	
1074.165117	8	6	3	0	2	7	1	3388	-1350	24	64446	9	5	39	0	0	0	0	0	0	0	0	0	0	0	0	0	0	
1075.171683	8	6	3	0	2	7	1	3378	-1348	24	64507	9	5	40	0	0	0	0	0	0	0	0	0	0	0	0	0	0	
1076.158083	8	6	3	0	2	7	1	3369	-1348	24	64566	9	5	42	0	0	0	0	0	0	0	0	0	0	0	0	0	0	
1077.163200	8	6	3	0	2	7	1	3359	-1353	24	64626	9	5	44	0	0	0	0	0	0	0	0	0	0	0	0	0	0	
1078.168317	8	6	3	0	2	7	1	3350	-1353	24	64686	9	5	45	0	0	0	0	0	0	0	0	0	0	0	0	0	0	
1079.154717	8	6	3	0	2	7	1	3342	-1349	24	64746	9	5	47	0	0	0	0	0	0	0	0	0	0	0	0	0	0	
1080.161283	8	6	3	0	2	7	1	3334	-1348	24	64806	9	5	49	0	0	0	0	0	0	0	0	0	0	0	0	0	0	
1081.169283	8	6	3	0	2	7	1	3327	-1347	24	64866	9	5	50	0	0	0	0	0	0	0	0	0	0	0	0	0	0	
1082.155683	8	6	3	0	2	7	1	3319	-1349	24	64926	9	5	52	0	0	0	0	0	0	0	0	0	0	0	0	0	0	
1083.160800	8	6	3	0	2	7	1	3311	-1352	24	64986	9	5	54	0	0	0	0	0	0	0	0	0	0	0	0	0	0	
1084.167367	8	6	3	0	2	7	1	3305	-1352	24	65046	9	5	55	0	0	0	0	0	0	0	0	0	0	0	0	0	0	
1085.172483	8	6	3	0	2	7	1	3297	-1348	24	65107	9	5	57	0	0	0	0	0	0	0	0	0	0	0	0	0	0	
1086.158883	8	6	3	0	2	7	1	3290	-1350	24	65166	9	5	59	0	0	0	0	0	0	0	0	0	0	0	0	0	0	
1087.164000	8	6	3	0	2	7	1	3286	-1350	24	65226	9	5	60	0	0	0	0	0	0	0	0	0	0	0	0	0	0	
1088.169117	8	6	3	0	2	7	1	3278	-1349	24	65286	9	5	62	0	0	0	0	0	0	0	0	0	0	0	0	0	0	
1089.156967	8	6	3	0	2	7	1	3269	-1348	24	65346	9	5	64	0	0	0	0	0	0	0	0	0	0	0	0	0	0	
1090.162083	8	6	3	0	2	7	1	3259	-1350	24	65406	9	5	65	0	0	0	0	0	0	0	0	0	0	0	0	0	0	
1091.167200	8	6	3	0	2	7	1	3249	-1349	24	65466	9	5	67	0	0	0	0	0	0	0	0	0	0	0	0	0	0	
1092.172317	8	6	3	0	2	7	1	3234	-1350	24	65527	9	5	69	0	0	0	0	0	0	0	0	0	0	0	0	0	0	
1093.158717	8	6	3	0	2	7	1	3217	-1349	24	65586	9	5	70	0	0	0	0	0	0	0	0	0	0	0	0	0	0	
1094.165283	8	6	3	0	2	7	1	3194	-1349	24	65646	9	5	72	0	0	0	0	0	0	0	0	0	0	0	0	0	0	
1095.170400	8	6	3	0	2	7	1	3164	-1351	24	65706	9	5	74	0	0	0	0	0	0	0	0	0	0	0	0	0	0	
1096.156800	8	6	3	0	2	7	1	3119	-1351	24	65766	9	5	75	0	0	0	0	0	0	0	0	0	0	0	0	0	0	
1097.161917	8	6	3	0	2	7	1	3052	-1348	25	65826	9	5	77	0	0	0	0	0	0	0	0	0	0	0	0	0	0	
1098.167033	8	6	3	0	2	7	1	2933	-1347	24	65886	9	5	79	0	0	0	0	0	0	0	0	0	0	0	0	0	0	
1099.116000	8	15	3	0	1	31	2	2854	19	25	65943	10	5	80	0	0	0	0	0	0	0	0	0	0	0	0	0	0	
1099.137600	8	3	3	0	1	2	2	3319	677	25	65944	11	5	80	0	0	0	0	0	0	0	0	0	0	0	0	0	0	
1099.157767	8	3	3	0	1	2	2	3355	675	25	65946	11	5	80	0	0	0	0	0	0	0	0	0	0	0	0	0	0	
1100.162883	8	3	3	0	1	2	2	3646	672	24	66006	11	5	80	0	0	0	0	0	0	0	0	0	0	0	0	0	0	
1101.168000	8	3	3	0	1	2	2	3747	672	25	66066	11	5	80	0	0	0	0	0	0	0	0	0	0	0	0	0	0	
1102.173117	8	3	3	0	1	2	2	3811	674	24	66127	11	5	80	0	0	0	0	0	0	0	0	0	0	0	0	0	0	
1103.160967	8	3	3	0	1	2	2	3847	673	24	66186	11	5	80	0	0	0	0	0	0	0	0	0	0	0	0	0	0	
1104.166083	8	3	3	0	1	2	2	3867	674	25	66246	11	5	80	0	0	0	0	0	0	0	0	0	0	0	0	0	0	
1105.171200	8	3	3	0	1	2	2	3873	675	25	66306	11	5	80	0	0	0	0	0	0	0	0	0	0	0	0	0	0	
1106.157600	8	3	3	0	1	2	2	3884	674	24	66366	11	5	80	0	0	0	0	0	0	0	0	0	0	0	0	0	0	
1107.162717	8	3	3	0	1	2	2	3892	675	24	66426	11	5	80	0	0	0	0	0	0	0	0	0	0	0	0	0	0	
1108.167833	8	3	3	0	1	2	2	3902	674	25	66486	11	5	80	0	0	0	0	0	0	0	0	0	0	0	0	0	0	
1109.174400	8	3	3	0	1	2	2	3907	675	25	66547	11	5	80	0	0	0	0	0	0	0	0	0	0	0	0	0	0	
1110.160800	8	3	3	0	1	2	2	3911	673	25	66606	11	5	80	0	0	0	0	0	0	0	0	0	0	0	0	0	0	
1111.165917	8	3	3	0	1	2	2	3924	675	25	66666	11	5	80	0	0	0	0	0	0	0	0	0	0	0	0	0	0	
1112.171033	8	3	3	0	1	2	2	3935	675	25	66726	11	5	80	0	0	0	0	0	0	0	0	0	0	0	0	0	0	
1113.157433	8	3	3	0	1	2	2	3944	674	25	66786	11	5	80	0	0	0	0	0	0	0	0	0	0	0	0	0	0	
1114.164000	8	3	3	0	1	2	2	3955	674	25	66846	11	5	80	0	0	0	0	0	0	0	0	0	0	0	0	0	0	
1115.169117	8	3	3	0	1	2	2	3965	675	25	66906	11	5	80	0	0	0	0	0	0	0	0	0	0	0	0	0	0	
1116.174233	8	3	3	0	1	2	2	3975	674	24	66967	11	5	80	0	0	0	0	0	0	0	0	0	0	0	0	0	0	
1117.160633	8	3	3	0	1	2	2	3986	674	24	67026	11	5	80	0	0	0	0	0	0	0	0	0	0	0	0	0	0	
1118.165767	8	3	3	0	1	2	2	3999	674	25	67086	11	5	80	0	0	0	0	0	0	0	0	0	0	0	0	0	0	
1119.172317	8	3	3	0	1	2	2	4022	674	24	67146	11	5	80	0	0	0	0	0	0	0	0	0	0	0	0	0	0	
1120.158717	8	3	3	0	1	2	2	4043	674	24	67206	11	5	80	0	0	0	0	0	0	0	0	0	0	0	0	0	0	
1121.163833	8	3	3	0	1	2	2	4055	675	24	67266	11	5	80	0	0	0	0	0	0	0	0	0	0	0	0	0	0	
1122.168967	8	3	3	0	1	2	2	4063	675	25	67326	11	5	80	0	0	0	0	0	0	0	0	0	0	0	0	0	0	
1123.174083	8	3	3	0	1	2	2	4069	675	24	67387	11	5	80	0	0	0	0	0	0	0	0	0	0	0	0	0	0	
1124.160483	8	3	3	0	1	2	2	4072	675	24	67446	11	5	80	0	0	0	0	0	0	0	0	0	0	0	0	0	0	
1125.167033	8	3	3	0	1	2	2	4078	675	24	67506	11	5	80	0	0	0	0	0	0	0	0	0	0	0	0	0	0	
1126.172167	8	3	3	0	1	2	2	4076	675	24	67566	11	5	80	0	0	0	0	0	0	0	0	0	0	0	0	0	0	
1127.158567	8	3	3	0	1	2	2	4092	675	24	67626	11	5	80	0	0	0	0	0	0	0	0	0	0	0	0	0	0	
1128.163683	8	3	3	0	1	2	2	4087	675	24	67686	11	5	80	0	0	0	0	0	0	0	0	0	0	0	0	0	0	
1129.170233	8	3	3	0	1	2	2	4089	674	24	67746	11	5	80	0	0	0	0	0	0	0	0	0	0	0	0	0	0	
1130.175367	8	3	3	0	1	2	2	4097	675	24	67807	11	5	80	0	0	0	0	0	0	0	0	0	0	0	0	0	0	
1131.161767	8	3	3	0	1	2	2	4097	675	24	67866	11	5	80	0	0	0	0	0	0	0	0	0	0	0	0	0	0	
1132.166883	8	3	3	0	1	2	2	4103	675	24	67926	11	5	80	0	0	0	0	0	0	0	0	0	0	0	0	0	0	
1133.172000	8	3	3	0	1	2	2	4105	674	24	67986	11	5	80	0	0	0	0	0	0	0	0	0	0	0	0	0	0	
1134.177117	8	3	3	0	1	2	2	4109	673	24	68047	11	5	80	0	0	0	0	0	0	0	0	0	0	0	0	0	0	
1135.163517	8	3	3	0	1	2	2	4115	674	24	68106	11	5	80	0	0	0	0	0	0	0	0	0	0	0	0	0	0	
1136.168633	8	3	3	0	1	2	2	4119	674	24	68166	11	5	80	0	0	0	0	0	0	0	0	0	0	0	0	0	0	
1137.175200	8	3	3	0	1	2	2	4118	666	24	68227	11	5	80	0	0	0	0	0	0	0	0	0	0	0	0	0	0	
1138.161600	8	3	3	0	1	2	2	4122	665	24	68286	11	5	80	0	0	0	0	0	0	0	0	0	0	0	0	0	0	
1139.166717	8	3	3	0	1	2	2	4127	665	24	68346	11	5	80	0	0	0	0	0	0	0	0	0	0	0	0	0	0	
1140.171833	8	3	3	0	1	2	2	4130	662	24	68406	11	5	80	0	0	0	0	0	0	0	0	0	0	0	0	0	0	
1141.176967	8	3	3	0	1	2	2	4135	663	24	68467	11	5	80	0	0	0	0	0	0	0	0	0	0	0	0	0	0	
1142.163367	8	3	3	0	1	2	2	4139	661	24	68526	11	5	80	0	0	0	0	0	0	0	0	0	0	0	0	0	0	
1143.169917	8	3	3	0	1	2	2	4146	662	24	68586	11	5	80	0	0	0	0	0	0	0	0	0	0	0	0	0	0	
1144.175033	8	3	3	0	1	2	2	4149	659	24	68647	11	5	80	0	0	0	0	0	0	0	0	0	0	0	0	0	0	
1145.161433	8	3	3	0	1	2	2	4150	658	24	68706	11	5	80	0	0	0	0	0	0	0	0	0	0	0	0	0	0	
1146.166567	8	3	3	0	1	2	2	4156	657	24	68766	11	5	80	0	0	0	0	0	0	0	0	0	0	0	0	0	0	
1147.173117	8	3	3	0	1	2	2	4161	657	24	68826	11	5	80	0	0	0	0	0	0	0	0	0	0	0	0	0	0	
1148.178233	8	3	3	0	1	2	2	4163	656	24	68887	11	5	80	0	0	0	0	0	0	0	0	0	0	0	0	0	0	
1149.164633	8	3	3	0	1	2	2	4169	655	24	68946	11	5	80	0	0	0	0	0	0	0	0	0	0	0	0	0	0	
1150.169767	8	3	3	0	1	2	2	4172	655	24	69006	11	5	80	0	0	0	0	0	0	0	0	0	0	0	0	0	0	
1151.174883	8	3	3	0	1	2	2	4178	653	24	69067	11	5	80	0	0	0	0	0	0	0	0	0	0	0	0	0	0	
1152.161283	8	3	3	0	1	2	2	4181	651	24	69126	11	5	80	0	0	0	0	0	0	0	0	0	0	0	0	0	0	
1153.167833	8	3	3	0	1	2	2	4187	652	24	69186	11	5	80	0	0	0	0	0	0	0	0	0	0	0	0	0	0	
1154.172967	8	3	3	0	1	2	2	4191	652	24	69246	11	5	80	0	0	0	0	0	0	0	0	0	0	0	0	0	0	
1155.178083	8	3	3	0	1	2	2	4196	651	24	69307	11	5	80	0	0	0	0	0	0	0	0	0	0	0	0	0	0	
1156.164483	8	3	3	0	1	2	2	4198	645	24	69366	11	5	80	0	0	0	0	0	0	0	0	0	0	0	0	0	0	
1157.169600	8	3	3	0	1	2	2	4198	636	24	69426	11	5	80	0	0	0	0	0	0	0	0	0	0	0	0	0	0	
1158.174717	8	3	3	0	1	2	2	4198	628	24	69486	11	5	80	0	0	0	0	0	0	0	0	0	0	0	0	0	0	
1159.162567	8	3	3	0	1	2	2	4198	621	24	69546	11	5	80	0	0	0	0	0	0	0	0	0	0	0	0	0	0	
1160.167683	8	3	3	0	1	2	2	4198	617	24	69606	11	5	80	0	0	0	0	0	0	0	0	0	0	0	0	0	0	
1161.172800	8	3	3	0	1	2	2	4198	608	24	69666	11	5	80	0	0	0	0	0	0	0	0	0	0	0	0	0	0	
1162.177917	8	3	3	0	1	2	2	4198	586	24	69727	11	5	80	0	0	0	0	0	0	0	0	0	0	0	0	0	0	
1163.164317	8	3	3	0	1	2	2	4198	586	24	69786	11	5	80	0	0	0	0	0	0	0	0	0	0	0	0	0	0	
1164.169433	8	3	3	0	1	2	2	4198	581	24	69846	11	5	80	0	0	0	0	0	0	0	0	0	0	0	0	0	0	
1165.176000	8	3	3	0	1	2	2	4198	572	24	69906	11	5	80	0	0	0	0	0	0	0	0	0	0	0	0	0	0	
1166.162400	8	3	3	0	1	2	2	4198	548	24	69966	11	5	80	0	0	0	0	0	0	0	0	0	0	0	0	0	0	
1167.167517	8	3	3	0	1	2	2	4198	516	24	70026	11	5	80	0	0	0	0	0	0	0	0	0	0	0	0	0	0	
1168.172633	8	3	3	0	1	2	2	4198	468	24	70086	11	5	80	0	0	0	0	0	0	0	0	0	0	0	0	0	0	
1169.179200	8	3	3	0	1	2	2	4198	460	24	70147	11	5	80	0	0	0	0	0	0	0	0	0	0	0	0	0	0	
1170.165600	8	3	3	0	1	2	2	4198	465	24	70206	11	5	80	0	0	0	0	0	0	0	0	0	0	0	0	0	0	
1171.170717	8	3	3	0	1	2	2	4198	454	24	70266	11	5	80	0	0	0	0	0	0	0	0	0	0	0	0	0	0	
1172.175833	8	3	3	0	1	2	2	4198	433	24	70326	11	5	80	0	0	0	0	0	0	0	0	0	0	0	0	0	0	
1173.162233	8	3	3	0	1	2	2	4198	438	24	70386	11	5	80	0	0	0	0	0	0	0	0	0	0	0	0	0	0	
1174.167367	8	3	3	0	1	2	2	4198	390	24	70446	11	5	80	0	0	0	0	0	0	0	0	0	0	0	0	0	0	
1175.173917	8	3	3	0	1	2	2	4198	431	24	70506	11	5	80	0	0	0	0	0	0	0	0	0	0	0	0	0	0	
1176.179033	8	3	3	0	1	2	2	4199	431	24	70567	11	5	80	0	0	0	0	0	0	0	0	0	0	0	0	0	0	
1177.165433	8	3	3	0	1	2	2	4198	402	24	70626	11	5	80	0	0	0	0	0	0	0	0	0	0	0	0	0	0	
1178.170567	8	3	3	0	1	2	2	4198	416	24	70686	11	5	80	0	0	0	0	0	0	0	0	0	0	0	0	0	0	
1179.175683	8	3	3	0	1	2	2	4198	433	24	70746	11	5	80	0	0	0	0	0	0	0	0	0	0	0	0	0	0	
1180.162083	8	3	3	0	1	2	2	4198	386	24	70806	11	5	80	0	0	0	0	0	0	0	0	0	0	0	0	0	0	
1181.168633	8	3	3	0	1	2	2	4198	355	24	70866	11	5	80	0	0	0	0	0	0	0	0	0	0	0	0	0	0	
1182.173767	8	3	3	0	1	2	2	4199	369	24	70926	11	5	80	0	0	0	0	0	0	0	0	0	0	0	0	0	0	
1183.178883	8	3	3	0	1	2	2	4198	394	24	70987	11	5	80	0	0	0	0	0	0	0	0	0	0	0	0	0	0	
1184.165283	8	3	3	0	1	2	2	4198	395	24	71046	11	5	80	0	0	0	0	0	0	0	0	0	0	0	0	0	0	
1185.170400	8	3	3	0	1	2	2	4198	403	24	71106	11	5	80	0	0	0	0	0	0	0	0	0	0	0	0	0	0	
1186.176967	8	3	3	0	1	2	2	4199	338	24	71166	11	5	80	0	0	0	0	0	0	0	0	0	0	0	0	0	0	
1187.182083	8	3	3	0	1	2	2	4199	290	24	71227	11	5	80	0	0	0	0	0	0	0	0	0	0	0	0	0	0	
1188.169917	8	3	3	0	1	2	2	4199	328	24	71286	11	5	80	0	0	0	0	0	0	0	0	0	0	0	0	0	0	
1189.175033	8	3	3	0	1	2	2	4198	336	24	71346	11	5	80	0	0	0	0	0	0	0	0	0	0	0	0	0	0	
1190.181600	8	3	3	0	1	2	2	4198	305	24	71407	11	5	80	0	0	0	0	0	0	0	0	0	0	0	0	0	0	
1191.168000	8	3	3	0	1	2	2	4198	308	24	71466	11	5	80	0	0	0	0	0	0	0	0	0	0	0	0	0	0	
1192.173117	8	3	3	0	1	2	2	4199	308	24	71526	11	5	80	0	0	0	0	0	0	0	0	0	0	0	0	0	0	
1193.178233	8	3	3	0	1	2	2	4199	301	24	71587	11	5	80	0	0	0	0	0	0	0	0	0	0	0	0	0	0	
1194.164633	8	3	3	0	1	2	2	4199	315	24	71646	11	5	80	0	0	0	0	0	0	0	0	0	0	0	0	0	0	
1195.171200	8	3	3	0	1	2	2	4198	308	24	71706	11	5	80	0	0	0	0	0	0	0	0	0	0	0	0	0	0	
1196.176317	8	3	3	0	1	2	2	4198	319	24	71766	11	5	80	0	0	0	0	0	0	0	0	0	0	0	0	0	0	
1197.181433	8	3	3	0	1	2	2	4198	315	24	71827	11	5	80	0	0	0	0	0	0	0	0	0	0	0	0	0	0	
1198.167833	8	3	3	0	1	2	2	4198	314	24	71886	11	5	80	0	0	0	0	0	0	0	0	0	0	0	0	0	0	
1199.172967	8	3	3	0	1	2	2	4198	285	23	71946	11	5	80	0	0	0	0	0	0	0	0	0	0	0	0	0	0	
1200.179517	8	3	3	0	1	2	2	4198	288	23	72006	11	5	80	0	0	0	0	0	0	0	0	0	0	0	0	0	0	
1201.165917	8	3	3	0	1	2	2	4198	289	24	72066	11	5	80	0	0	0	0	0	0	0	0	0	0	0	0	0	0	
1202.171033	8	3	3	0	1	2	2	4198	282	24	72126	11	5	80	0	0	0	0	0	0	0	0	0	0	0	0	0	0	
1203.176167	8	3	3	0	1	2	2	4199	278	24	72186	11	5	80	0	0	0	0	0	0	0	0	0	0	0	0	0	0	
1204.182717	8	3	3	0	1	2	2	4199	279	23	72247	11	5	80	0	0	0	0	0	0	0	0	0	0	0	0	0	0	
1205.169117	8	3	3	0	1	2	2	4198	270	24	72306	11	5	80	0	0	0	0	0	0	0	0	0	0	0	0	0	0	
1206.174233	8	3	3	0	1	2	2	4198	273	23	72366	11	5	80	0	0	0	0	0	0	0	0	0	0	0	0	0	0	
1207.179367	8	3	3	0	1	2	2	4199	263	23	72427	11	5	80	0	0	0	0	0	0	0	0	0	0	0	0	0	0	
1208.165767	8	3	3	0	1	2	2	4199	278	23	72486	11	5	80	0	0	0	0	0	0	0	0	0	0	0	0	0	0	
1209.172317	8	3	3	0	1	2	2	4199	257	23	72546	11	5	80	0	0	0	0	0	0	0	0	0	0	0	0	0	0	
1210.177433	8	3	3	0	1	2	2	4199	233	23	72606	11	5	80	0	0	0	0	0	0	0	0	0	0	0	0	0	0	
1211.182567	8	3	3	0	1	2	2	4198	215	23	72667	11	5	80	0	0	0	0	0	0	0	0	0	0	0	0	0	0	
1212.168967	8	3	3	0	1	2	2	4198	208	23	72726	11	5	80	0	0	0	0	0	0	0	0	0	0	0	0	0	0	
1213.174083	8	3	3	0	1	2	2	4198	194	23	72786	11	5	80	0	0	0	0	0	0	0	0	0	0	0	0	0	0	
1214.180633	8	3	3	0	1	2	2	4199	201	23	72846	11	5	80	0	0	0	0	0	0	0	0	0	0	0	0	0	0	
1215.167033	8	3	3	0	1	2	2	4199	191	23	72906	11	5	80	0	0	0	0	0	0	0	0	0	0	0	0	0	0	
1216.172167	8	3	3	0	1	2	2	4198	192	23	72966	11	5	80	0	0	0	0	0	0	0	0	0	0	0	0	0	0	
1217.177283	8	3	3	0	1	2	2	4199	184	23	73026	11	5	80	0	0	0	0	0	0	0	0	0	0	0	0	0	0	
1218.182400	8	3	3	0	1	2	2	4199	180	23	73087	11	5	80	0	0	0	0	0	0	0	0	0	0	0	0	0	0	
1219.168800	8	3	3	0	1	2	2	4198	185	23	73146	11	5	80	0	0	0	0	0	0	0	0	0	0	0	0	0	0	
1220.175367	8	3	3	0	1	2	2	4198	197	23	73206	11	5	80	0	0	0	0	0	0	0	0	0	0	0	0	0	0	
1221.180483	8	3	3	0	1	2	2	4198	190	23	73266	11	5	80	0	0	0	0	0	0	0	0	0	0	0	0	0	0	
1222.166883	8	3	3	0	1	2	2	4199	178	23	73326	11	5	80	0	0	0	0	0	0	0	0	0	0	0	0	0	0	
1223.172000	8	3	3	0	1	2	2	4198	154	23	73386	11	5	80	0	0	0	0	0	0	0	0	0	0	0	0	0	0	
1224.178567	8	3	3	0	1	2	2	4199	141	23	73446	11	5	80	0	0	0	0	0	0	0	0	0	0	0	0	0	0	
1225.183683	8	3	3	0	1	2	2	4198	141	23	73507	11	5	80	0	0	0	0	0	0	0	0	0	0	0	0	0	0	
1226.170083	8	3	3	0	1	2	2	4198	139	23	73566	11	5	80	0	0	0	0	0	0	0	0	0	0	0	0	0	0	
1227.176633	8	3	3	0	1	2	2	4198	140	23	73626	11	5	80	0	0	0	0	0	0	0	0	0	0	0	0	0	0	
1228.181767	8	3	3	0	1	2	2	4198	150	23	73687	11	5	80	0	0	0	0	0	0	0	0	0	0	0	0	0	0	
1229.168167	8	3	3	0	1	2	2	4199	141	23	73746	11	5	80	0	0	0	0	0	0	0	0	0	0	0	0	0	0	
1230.174717	8	3	3	0	1	2	2	4198	138	23	73806	11	5	80	0	0	0	0	0	0	0	0	0	0	0	0	0	0	
1231.179833	8	3	3	0	1	2	2	4198	128	23	73866	11	5	80	0	0	0	0	0	0	0	0	0	0	0	0	0	0	
1232.184967	8	3	3	0	1	2	2	4198	121	23	73927	11	5	80	0	0	0	0	0	0	0	0	0	0	0	0	0	0	
1233.171367	8	3	3	0	1	2	2	4198	111	23	73986	11	5	80	0	0	0	0	0	0	0	0	0	0	0	0	0	0	
1234.176483	8	3	3	0	1	2	2	4198	102	23	74046	11	5	80	0	0	0	0	0	0	0	0	0	0	0	0	0	0	
1235.181600	8	3	3	0	1	2	2	4199	104	23	74107	11	5	80	0	0	0	0	0	0	0	0	0	0	0	0	0	0	
1236.169433	8	3	3	0	1	2	2	4199	105	23	74166	11	5	80	0	0	0	0	0	0	0	0	0	0	0	0	0	0	
1237.174567	8	3	3	0	1	2	2	4198	102	23	74226	11	5	80	0	0	0	0	0	0	0	0	0	0	0	0	0	0	
1238.179683	8	3	3	0	1	2	2	4199	98	23	74286	11	5	80	0	0	0	0	0	0	0	0	0	0	0	0	0	0	
1239.184800	8	3	3	0	1	2	2	4198	102	23	74347	11	5	80	0	0	0	0	0	0	0	0	0	0	0	0	0	0	
1240.171200	8	3	3	0	1	2	2	4198	100	23	74406	11	5	80	0	0	0	0	0	0	0	0	0	0	0	0	0	0	
1241.177767	8	3	3	0	1	2	2	4198	97	23	74466	11	5	80	0	0	0	0	0	0	0	0	0	0	0	0	0	0	
1242.182883	8	3	3	0	1	2	2	4198	95	23	74527	11	5	80	0	0	0	0	0	0	0	0	0	0	0	0	0	0	
1243.169283	8	3	3	0	1	2	2	4198	90	23	74586	11	5	80	0	0	0	0	0	0	0	0	0	0	0	0	0	0	
1244.174400	8	3	3	0	1	2	2	4198	86	23	74646	11	5	80	0	0	0	0	0	0	0	0	0	0	0	0	0	0	
1245.179517	8	3	3	0	1	2	2	4199	81	23	74706	11	5	80	0	0	0	0	0	0	0	0	0	0	0	0	0	0	
1246.186083	8	3	3	0	1	2	2	4199	76	23	74767	11	5	80	0	0	0	0	0	0	0	0	0	0	0	0	0	0	
1247.172483	8	3	3	0	1	2	2	4198	71	23	74826	11	5	80	0	0	0	0	0	0	0	0	0	0	0	0	0	0	
1248.177600	8	3	3	0	1	2	2	4198	71	23	74886	11	5	80	0	0	0	0	0	0	0	0	0	0	0	0	0	0	
1249.182717	8	3	3	0	1	2	2	4198	71	23	74946	11	5	80	0	0	0	0	0	0	0	0	0	0	0	0	0	0	
1250.169117	8	3	3	0	1	2	2	4199	68	23	75006	11	5	80	0	0	0	0	0	0	0	0	0	0	0	0	0	0	
1250.722083	8	6	3	0	2	7	1	4031	-458	23	75039	11	6	0	0	0	0	0	0	0	0	0	0	0	0	0	0	0	
1251.177117	8	6	3	0	2	7	1	3709	-1350	23	75066	11	6	0	0	0	0	0	0	0	0	0	0	0	0	0	0	0	
1252.182233	8	6	3	0	2	7	1	3634	-1349	23	75126	11	6	2	0	0	0	0	0	0	0	0	0	0	0	0	0	0	
1253.168633	8	6	3	0	2	7	1	3695	-1349	23	75186	11	6	4	0	0	0	0	0	0	0	0	0	0	0	0	0	0	
1254.173767	8	6	3	0	2	7	1	3624	-1351	23	75246	11	6	5	0	0	0	0	0	0	0	0	0	0	0	0	0	0	
1255.178883	8	6	3	0	2	7	1	3599	-1351	23	75306	11	6	7	0	0	0	0	0	0	0	0	0	0	0	0	0	0	
1256.184000	8	6	3	0	2	7	1	3562	-1349	23	75367	11	6	9	0	0	0	0	0	0	0	0	0	0	0	0	0	0	
1257.171833	8	6	3	0	2	7	1	3574	-1349	23	75426	11	6	10	0	0	0	0	0	0	0	0	0	0	0	0	0	0	
1258.176967	8	6	3	0	2	7	1	3570	-1350	23	75486	11	6	12	0	0	0	0	0	0	0	0	0	0	0	0	0	0	
1259.182083	8	6	3	0	2	7	1	3511	-1348	23	75546	11	6	13	0	0	0	0	0	0	0	0	0	0	0	0	0	0	
1260.168483	8	6	3	0	2	7	1	3497	-1350	23	75606	11	6	15	0	0	0	0	0	0	0	0	0	0	0	0	0	0	
1261.175033	8	6	3	0	2	7	1	3529	-1351	23	75666	11	6	17	0	0	0	0	0	0	0	0	0	0	0	0	0	0	
1262.180167	8	6	3	0	2	7	1	3455	-1349	23	75726	11	6	18	0	0	0	0	0	0	0	0	0	0	0	0	0	0	
1263.185283	8	6	3	0	2	7	1	3457	-1350	23	75787	11	6	20	0	0	0	0	0	0	0	0	0	0	0	0	0	0	
1264.171683	8	6	3	0	2	7	1	3499	-1350	23	75846	11	6	22	0	0	0	0	0	0	0	0	0	0	0	0	0	0	
1265.176800	8	6	3	0	2	7	1	3424	-1349	23	75906	11	6	23	0	0	0	0	0	0	0	0	0	0	0	0	0	0	
1266.183367	8	6	3	0	2	7	1	3420	-1350	23	75966	11	6	25	0	0	0	0	0	0	0	0	0	0	0	0	0	0	
1267.188483	8	6	3	0	2	7	1	3416	-1349	23	76027	11	6	27	0	0	0	0	0	0	0	0	0	0	0	0	0	0	
1268.174883	8	6	3	0	2	7	1	3411	-1351	23	76086	11	6	28	0	0	0	0	0	0	0	0	0	0	0	0	0	0	
1269.180000	8	6	3	0	2	7	1	3393	-1350	23	76146	11	6	30	0	0	0	0	0	0	0	0	0	0	0	0	0	0	
1270.185117	8	6	3	0	2	7	1	3377	-1350	23	76207	11	6	32	0	0	0	0	0	0	0	0	0	0	0	0	0	0	
1271.171517	8	6	3	0	2	7	1	3371	-1349	23	76266	11	6	33	0	0	0	0	0	0	0	0	0	0	0	0	0	0	
1272.178083	8	6	3	0	2	7	1	3367	-1350	23	76326	11	6	35	0	0	0	0	0	0	0	0	0	0	0	0	0	0	
1273.183200	8	6	3	0	2	7	1	3351	-1351	23	76386	11	6	37	0	0	0	0	0	0	0	0	0	0	0	0	0	0	
1274.188317	8	6	3	0	2	7	1	3339	-1350	23	76447	11	6	38	0	0	0	0	0	0	0	0	0	0	0	0	0	0	
1275.174717	8	6	3	0	2	7	1	3331	-1349	23	76506	11	6	40	0	0	0	0	0	0	0	0	0	0	0	0	0	0	
1276.184167	8	6	3	0	2	7	1	3321	-1349	23	76566	11	6	42	0	0	0	0	0	0	0	0	0	0	0	0	0	0	
1277.170567	8	6	3	0	2	7	1	3313	-1349	23	76626	11	6	43	0	0	0	0	0	0	0	0	0	0	0	0	0	0	
1278.175683	8	6	3	0	2	7	1	3310	-1350	23	76686	11	6	45	0	0	0	0	0	0	0	0	0	0	0	0	0	0	
1279.180800	8	6	3	0	2	7	1	3299	-1349	23	76746	11	6	47	0	0	0	0	0	0	0	0	0	0	0	0	0	0	
1280.187367	8	6	3	0	2	7	1	3293	-1350	23	76807	11	6	48	0	0	0	0	0	0	0	0	0	0	0	0	0	0	
1281.173767	8	6	3	0	2	7	1	3285	-1350	23	76866	11	6	50	0	0	0	0	0	0	0	0	0	0	0	0	0	0	
1282.178883	8	6	3	0	2	7	1	3277	-1350	23	76926	11	6	52	0	0	0	0	0	0	0	0	0	0	0	0	0	0	
1283.186883	8	6	3	0	2	7	1	3270	-1350	23	76987	11	6	53	0	0	0	0	0	0	0	0	0	0	0	0	0	0	
1284.173283	8	6	3	0	2	7	1	3259	-1350	23	77046	11	6	55	0	0	0	0	0	0	0	0	0	0	0	0	0	0	
1285.179833	8	6	3	0	2	7	1	3256	-1350	23	77106	11	6	57	0	0	0	0	0	0	0	0	0	0	0	0	0	0	
1286.184967	8	6	3	0	2	7	1	3249	-1350	23	77166	11	6	58	0	0	0	0	0	0	0	0	0	0	0	0	0	0	
1287.171367	8	6	3	0	2	7	1	3243	-1350	23	77226	11	6	60	0	0	0	0	0	0	0	0	0	0	0	0	0	0	
1288.176483	8	6	3	0	2	7	1	3238	-1349	23	77286	11	6	62	0	0	0	0	0	0	0	0	0	0	0	0	0	0	
1289.181600	8	6	3	0	2	7	1	3229	-1351	23	77346	11	6	63	0	0	0	0	0	0	0	0	0	0	0	0	0	0	
1290.188167	8	6	3	0	2	7	1	3216	-1350	23	77407	11	6	65	0	0	0	0	0	0	0	0	0	0	0	0	0	0	
1291.174567	8	6	3	0	2	7	1	3204	-1350	23	77466	11	6	66	0	0	0	0	0	0	0	0	0	0	0	0	0	0	
1292.179683	8	6	3	0	2	7	1	3189	-1349	23	77526	11	6	68	0	0	0	0	0	0	0	0	0	0	0	0	0	0	
1293.184800	8	6	3	0	2	7	1	3236	-1350	23	77586	11	6	70	0	0	0	0	0	0	0	0	0	0	0	0	0	0	
1294.172633	8	6	3	0	2	7	1	3202	-1350	23	77646	11	6	71	0	0	0	0	0	0	0	0	0	0	0	0	0	0	
1295.177767	8	6	3	0	2	7	1	3156	-1349	23	77706	11	6	73	0	0	0	0	0	0	0	0	0	0	0	0	0	0	
1296.182883	8	6	3	0	2	7	1	3082	-1349	23	77766	11	6	75	0	0	0	0	0	0	0	0	0	0	0	0	0	0	
1297.188000	8	6	3	0	2	7	1	3006	-1351	23	77827	11	6	77	0	0	0	0	0	0	0	0	0	0	0	0	0	0	
1298.174400	8	6	3	0	2	7	1	2896	-1350	23	77886	11	6	78	0	0	0	0	0	0	0	0	0	0	0	0	0	0	
1299.104633	8	15	3	0	1	31	2	3318	546	23	77942	13	6	80	0	0	0	0	0	0	0	0	0	0	0	0	0	0	
1299.124800	8	3	3	0	1	2	2	3389	678	23	77943	13	6	80	0	0	0	0	0	0	0	0	0	0	0	0	0	0	
1299.183833	8	3	3	0	1	2	2	3439	675	23	77946	13	6	80	0	0	0	0	0	0	0	0	0	0	0	0	0	0	
1300.188967	8	3	3	0	1	2	2	3679	673	23	78007	13	6	80	0	0	0	0	0	0	0	0	0	0	0	0	0	0	
1301.175367	8	3	3	0	1	2	2	3766	675	23	78066	13	6	80	0	0	0	0	0	0	0	0	0	0	0	0	0	0	
1302.181917	8	3	3	0	1	2	2	3834	675	23	78126	13	6	80	0	0	0	0	0	0	0	0	0	0	0	0	0	0	
1303.187033	8	3	3	0	1	2	2	3887	675	23	78186	13	6	80	0	0	0	0	0	0	0	0	0	0	0	0	0	0	
1304.173433	8	3	3	0	1	2	2	3944	674	23	78246	13	6	80	0	0	0	0	0	0	0	0	0	0	0	0	0	0	
1305.178567	8	3	3	0	1	2	2	3971	674	23	78306	13	6	80	0	0	0	0	0	0	0	0	0	0	0	0	0	0	
1306.183683	8	3	3	0	1	2	2	3979	673	23	78366	13	6	80	0	0	0	0	0	0	0	0	0	0	0	0	0	0	
1307.190233	8	3	3	0	1	2	2	3989	675	23	78427	13	6	80	0	0	0	0	0	0	0	0	0	0	0	0	0	0	
1308.176633	8	3	3	0	1	2	2	3996	675	23	78486	13	6	80	0	0	0	0	0	0	0	0	0	0	0	0	0	0	
1309.181767	8	3	3	0	1	2	2	4000	674	23	78546	13	6	80	0	0	0	0	0	0	0	0	0	0	0	0	0	0	
1310.186883	8	3	3	0	1	2	2	3988	674	23	78606	13	6	80	0	0	0	0	0	0	0	0	0	0	0	0	0	0	
1311.173283	8	3	3	0	1	2	2	4002	674	23	78666	13	6	80	0	0	0	0	0	0	0	0	0	0	0	0	0	0	
1312.179833	8	3	3	0	1	2	2	4000	675	23	78726	13	6	80	0	0	0	0	0	0	0	0	0	0	0	0	0	0	
1313.184967	8	3	3	0	1	2	2	4010	675	23	78786	13	6	80	0	0	0	0	0	0	0	0	0	0	0	0	0	0	
1314.190083	8	3	3	0	1	2	2	4023	675	23	78847	13	6	80	0	0	0	0	0	0	0	0	0	0	0	0	0	0	
1315.176483	8	3	3	0	1	2	2	4026	674	23	78906	13	6	80	0	0	0	0	0	0	0	0	0	0	0	0	0	0	
1316.181600	8	3	3	0	1	2	2	4036	675	23	78966	13	6	80	0	0	0	0	0	0	0	0	0	0	0	0	0	0	
1317.188167	8	3	3	0	1	2	2	4040	675	23	79026	13	6	80	0	0	0	0	0	0	0	0	0	0	0	0	0	0	
1318.174567	8	3	3	0	1	2	2	4043	673	23	79086	13	6	80	0	0	0	0	0	0	0	0	0	0	0	0	0	0	
1319.179683	8	3	3	0	1	2	2	4049	674	23	79146	13	6	80	0	0	0	0	0	0	0	0	0	0	0	0	0	0	
1320.184800	8	3	3	0	1	2	2	4051	673	23	79206	13	6	80	0	0	0	0	0	0	0	0	0	0	0	0	0	0	
1321.189917	8	3	3	0	1	2	2	4054	675	23	79267	13	6	80	0	0	0	0	0	0	0	0	0	0	0	0	0	0	
1322.176317	8	3	3	0	1	2	2	4065	674	23	79326	13	6	80	0	0	0	0	0	0	0	0	0	0	0	0	0	0	
1323.181433	8	3	3	0	1	2	2	4065	674	23	79386	13	6	80	0	0	0	0	0	0	0	0	0	0	0	0	0	0	
1324.188000	8	3	3	0	1	2	2	4063	674	23	79446	13	6	80	0	0	0	0	0	0	0	0	0	0	0	0	0	0	
1325.174400	8	3	3	0	1	2	2	4068	675	23	79506	13	6	80	0	0	0	0	0	0	0	0	0	0	0	0	0	0	
1326.179517	8	3	3	0	1	2	2	4072	674	23	79566	13	6	80	0	0	0	0	0	0	0	0	0	0	0	0	0	0	
1327.184633	8	3	3	0	1	2	2	4078	675	23	79626	13	6	80	0	0	0	0	0	0	0	0	0	0	0	0	0	0	
1328.189767	8	3	3	0	1	2	2	4082	675	23	79687	13	6	80	0	0	0	0	0	0	0	0	0	0	0	0	0	0	
1329.176167	8	3	3	0	1	2	2	4085	674	23	79746	13	6	80	0	0	0	0	0	0	0	0	0	0	0	0	0	0	
1330.182717	8	3	3	0	1	2	2	4088	675	23	79806	13	6	80	0	0	0	0	0	0	0	0	0	0	0	0	0	0	
1331.187833	8	3	3	0	1	2	2	4091	675	23	79866	13	6	80	0	0	0	0	0	0	0	0	0	0	0	0	0	0	
1332.192967	8	3	3	0	1	2	2	4094	675	23	79927	13	6	80	0	0	0	0	0	0	0	0	0	0	0	0	0	0	
1333.179367	8	3	3	0	1	2	2	4096	676	23	79986	13	6	80	0	0	0	0	0	0	0	0	0	0	0	0	0	0	
1334.184483	8	3	3	0	1	2	2	4090	673	23	80046	13	6	80	0	0	0	0	0	0	0	0	0	0	0	0	0	0	
1335.191033	8	3	3	0	1	2	2	4095	673	23	80107	13	6	80	0	0	0	0	0	0	0	0	0	0	0	0	0	0	
1336.177433	8	3	3	0	1	2	2	4099	675	23	80166	13	6	80	0	0	0	0	0	0	0	0	0	0	0	0	0	0	
1337.182567	8	3	3	0	1	2	2	4103	674	23	80226	13	6	80	0	0	0	0	0	0	0	0	0	0	0	0	0	0	
1338.189117	8	3	3	0	1	2	2	4105	674	23	80286	13	6	80	0	0	0	0	0	0	0	0	0	0	0	0	0	0	
1339.175517	8	3	3	0	1	2	2	4107	675	23	80346	13	6	80	0	0	0	0	0	0	0	0	0	0	0	0	0	0	
1340.180633	8	3	3	0	1	2	2	4108	674	23	80406	13	6	80	0	0	0	0	0	0	0	0	0	0	0	0	0	0	
1341.185767	8	3	3	0	1	2	2	4110	674	23	80466	13	6	80	0	0	0	0	0	0	0	0	0	0	0	0	0	0	
1342.190883	8	3	3	0	1	2	2	4117	667	23	80527	13	6	80	0	0	0	0	0	0	0	0	0	0	0	0	0	0	
1343.178717	8	3	3	0	1	2	2	4123	665	23	80586	13	6	80	0	0	0	0	0	0	0	0	0	0	0	0	0	0	
1344.183833	8	3	3	0	1	2	2	4129	664	23	80646	13	6	80	0	0	0	0	0	0	0	0	0	0	0	0	0	0	
1345.188967	8	3	3	0	1	2	2	4132	664	23	80706	13	6	80	0	0	0	0	0	0	0	0	0	0	0	0	0	0	
1346.175367	8	3	3	0	1	2	2	4135	662	23	80766	13	6	80	0	0	0	0	0	0	0	0	0	0	0	0	0	0	
1347.180483	8	3	3	0	1	2	2	4139	661	23	80826	13	6	80	0	0	0	0	0	0	0	0	0	0	0	0	0	0	
1348.187033	8	3	3	0	1	2	2	4143	663	23	80886	13	6	80	0	0	0	0	0	0	0	0	0	0	0	0	0	0	
1349.192167	8	3	3	0	1	2	2	4147	661	23	80947	13	6	80	0	0	0	0	0	0	0	0	0	0	0	0	0	0	
1350.178567	8	3	3	0	1	2	2	4151	660	23	81006	13	6	80	0	0	0	0	0	0	0	0	0	0	0	0	0	0	
1351.183683	8	3	3	0	1	2	2	4155	661	23	81066	13	6	80	0	0	0	0	0	0	0	0	0	0	0	0	0	0	
1352.188800	8	3	3	0	1	2	2	4158	659	23	81126	13	6	80	0	0	0	0	0	0	0	0	0	0	0	0	0	0	
1353.195367	8	3	3	0	1	2	2	4163	659	23	81187	13	6	80	0	0	0	0	0	0	0	0	0	0	0	0	0	0	
1354.181767	8	3	3	0	1	2	2	4167	658	23	81246	13	6	80	0	0	0	0	0	0	0	0	0	0	0	0	0	0	
1355.186883	8	3	3	0	1	2	2	4163	659	22	81306	13	6	80	0	0	0	0	0	0	0	0	0	0	0	0	0	0	
1356.192000	8	3	3	0	1	2	2	4172	660	23	81367	13	6	80	0	0	0	0	0	0	0	0	0	0	0	0	0	0	
1357.178400	8	3	3	0	1	2	2	4178	657	23	81426	13	6	80	0	0	0	0	0	0	0	0	0	0	0	0	0	0	
1358.183517	8	3	3	0	1	2	2	4183	656	22	81486	13	6	80	0	0	0	0	0	0	0	0	0	0	0	0	0	0	
1359.190083	8	3	3	0	1	2	2	4188	655	22	81546	13	6	80	0	0	0	0	0	0	0	0	0	0	0	0	0	0	
1360.195200	8	3	3	0	1	2	2	4193	656	22	81607	13	6	80	0	0	0	0	0	0	0	0	0	0	0	0	0	0	
1361.181600	8	3	3	0	1	2	2	4199	654	22	81666	13	6	80	0	0	0	0	0	0	0	0	0	0	0	0	0	0	
1362.186717	8	3	3	0	1	2	2	4199	643	22	81726	13	6	80	0	0	0	0	0	0	0	0	0	0	0	0	0	0	
1363.191833	8	3	3	0	1	2	2	4198	631	22	81787	13	6	80	0	0	0	0	0	0	0	0	0	0	0	0	0	0	
1364.178233	8	3	3	0	1	2	2	4198	617	22	81846	13	6	80	0	0	0	0	0	0	0	0	0	0	0	0	0	0	
1365.184800	8	3	3	0	1	2	2	4198	593	22	81906	13	6	80	0	0	0	0	0	0	0	0	0	0	0	0	0	0	
1366.189917	8	3	3	0	1	2	2	4198	534	22	81966	13	6	80	0	0	0	0	0	0	0	0	0	0	0	0	0	0	
1367.195033	8	3	3	0	1	2	2	4198	529	22	82027	13	6	80	0	0	0	0	0	0	0	0	0	0	0	0	0	0	
1368.181433	8	3	3	0	1	2	2	4199	485	22	82086	13	6	80	0	0	0	0	0	0	0	0	0	0	0	0	0	0	
1369.188000	8	3	3	0	1	2	2	4198	442	22	82146	13	6	80	0	0	0	0	0	0	0	0	0	0	0	0	0	0	
1370.193117	8	3	3	0	1	2	2	4199	407	22	82207	13	6	80	0	0	0	0	0	0	0	0	0	0	0	0	0	0	
1371.179517	8	3	3	0	1	2	2	4199	438	22	82266	13	6	80	0	0	0	0	0	0	0	0	0	0	0	0	0	0	
1372.184633	8	3	3	0	1	2	2	4198	457	22	82326	13	6	80	0	0	0	0	0	0	0	0	0	0	0	0	0	0	
1373.189767	8	3	3	0	1	2	2	4199	419	22	82386	13	6	80	0	0	0	0	0	0	0	0	0	0	0	0	0	0	
1374.196317	8	3	3	0	1	2	2	4198	394	22	82447	13	6	80	0	0	0	0	0	0	0	0	0	0	0	0	0	0	
1375.182717	8	3	3	0	1	2	2	4198	443	22	82506	13	6	80	0	0	0	0	0	0	0	0	0	0	0	0	0	0	
1376.187833	8	3	3	0	1	2	2	4198	425	22	82566	13	6	80	0	0	0	0	0	0	0	0	0	0	0	0	0	0	
1377.192967	8	3	3	0	1	2	2	4199	417	22	82627	13	6	80	0	0	0	0	0	0	0	0	0	0	0	0	0	0	
1378.179367	8	3	3	0	1	2	2	4199	368	23	82686	13	6	80	0	0	0	0	0	0	0	0	0	0	0	0	0	0	
1379.185917	8	3	3	0	1	2	2	4198	373	24	82746	13	6	80	0	0	0	0	0	0	0	0	0	0	0	0	0	0	
1380.191033	8	3	3	0	1	2	2	4198	373	25	82806	13	6	80	0	0	0	0	0	0	0	0	0	0	0	0	0	0	
1381.196167	8	3	3	0	1	2	2	4199	382	27	82867	13	6	80	0	0	0	0	0	0	0	0	0	0	0	0	0	0	
1382.182567	8	3	3	0	1	2	2	4198	478	29	82926	13	6	80	0	0	0	0	0	0	0	0	0	0	0	0	0	0	
1383.189117	8	3	3	0	1	2	2	4198	412	29	82986	13	6	80	0	0	0	0	0	0	0	0	0	0	0	0	0	0	
1384.194233	8	3	3	0	1	2	2	4198	513	31	83047	13	6	80	0	0	0	0	0	0	0	0	0	0	0	0	0	0	
1385.180633	8	3	3	0	1	2	2	4199	501	32	83106	13	6	80	0	0	0	0	0	0	0	0	0	0	0	0	0	0	
1386.185767	8	3	3	0	1	2	2	4198	497	33	83166	13	6	80	0	0	0	0	0	0	0	0	0	0	0	0	0	0	
1387.190883	8	3	3	0	1	2	2	4198	488	34	83226	13	6	80	0	0	0	0	0	0	0	0	0	0	0	0	0	0	
1388.197433	8	3	3	0	1	2	2	4198	493	34	83287	13	6	80	0	0	0	0	0	0	0	0	0	0	0	0	0	0	
1389.183833	8	3	3	0	1	2	2	4198	511	35	83346	13	6	80	0	0	0	0	0	0	0	0	0	0	0	0	0	0	
1390.188967	8	3	3	0	1	2	2	4198	493	35	83406	13	6	80	0	0	0	0	0	0	0	0	0	0	0	0	0	0	
1391.194083	8	3	3	0	1	2	2	4198	454	36	83467	13	6	80	0	0	0	0	0	0	0	0	0	0	0	0	0	0	
1392.180483	8	3	3	0	1	2	2	4199	445	36	83526	13	6	80	0	0	0	0	0	0	0	0	0	0	0	0	0	0	
1393.185600	8	3	3	0	1	2	2	4199	413	36	83586	13	6	80	0	0	0	0	0	0	0	0	0	0	0	0	0	0	
1394.192167	8	3	3	0	1	2	2	4199	394	36	83646	13	6	80	0	0	0	0	0	0	0	0	0	0	0	0	0	0	
1395.197283	8	3	3	0	1	2	2	4199	406	36	83707	13	6	80	0	0	0	0	0	0	0	0	0	0	0	0	0	0	
1396.183683	8	3	3	0	1	2	2	4198	387	36	83766	13	6	80	0	0	0	0	0	0	0	0	0	0	0	0	0	0	
1397.188800	8	3	3	0	1	2	2	4199	353	36	83826	13	6	80	0	0	0	0	0	0	0	0	0	0	0	0	0	0	
1398.193917	8	3	3	0	1	2	2	4199	337	36	83886	13	6	80	0	0	0	0	0	0	0	0	0	0	0	0	0	0	
1399.180317	8	3	3	0	1	2	2	4198	328	35	83946	13	6	80	0	0	0	0	0	0	0	0	0	0	0	0	0	0	
1400.186883	8	3	3	0	1	2	2	4199	307	35	84006	13	6	80	0	0	0	0	0	0	0	0	0	0	0	0	0	0	
1401.192000	8	3	3	0	1	2	2	4198	292	35	84066	13	6	80	0	0	0	0	0	0	0	0	0	0	0	0	0	0	
1402.197117	8	3	3	0	1	2	2	4199	293	35	84127	13	6	80	0	0	0	0	0	0	0	0	0	0	0	0	0	0	
1403.183517	8	3	3	0	1	2	2	4199	270	35	84186	13	6	80	0	0	0	0	0	0	0	0	0	0	0	0	0	0	
1404.188633	8	3	3	0	1	2	2	4198	268	35	84246	13	6	80	0	0	0	0	0	0	0	0	0	0	0	0	0	0	
1405.195200	8	3	3	0	1	2	2	4198	247	34	84306	13	6	80	0	0	0	0	0	0	0	0	0	0	0	0	0	0	
1406.181600	8	3	3	0	1	2	2	4198	255	34	84366	13	6	80	0	0	0	0	0	0	0	0	0	0	0	0	0	0	
1407.186717	8	3	3	0	1	2	2	4198	268	34	84426	13	6	80	0	0	0	0	0	0	0	0	0	0	0	0	0	0	
1408.191833	8	3	3	0	1	2	2	4199	133	34	84486	13	6	80	0	0	0	0	0	0	0	0	0	0	0	0	0	0	
1409.196967	8	3	3	0	1	2	2	4198	150	34	84547	13	6	80	0	0	0	0	0	0	0	0	0	0	0	0	0	0	
1410.184800	8	3	3	0	1	2	2	4198	153	34	84606	13	6	80	0	0	0	0	0	0	0	0	0	0	0	0	0	0	
1411.191367	8	3	3	0	1	2	2	4198	152	34	84666	13	6	80	0	0	0	0	0	0	0	0	0	0	0	0	0	0	
1412.196483	8	3	3	0	1	2	2	4198	153	34	84727	13	6	80	0	0	0	0	0	0	0	0	0	0	0	0	0	0	
1413.182883	8	3	3	0	1	2	2	4198	190	33	84786	13	6	80	0	0	0	0	0	0	0	0	0	0	0	0	0	0	
1414.188000	8	3	3	0	1	2	2	4199	185	33	84846	13	6	80	0	0	0	0	0	0	0	0	0	0	0	0	0	0	
1415.194567	8	3	3	0	1	2	2	4199	180	33	84906	13	6	80	0	0	0	0	0	0	0	0	0	0	0	0	0	0	
1416.199683	8	3	3	0	1	2	2	4198	177	33	84967	13	6	80	0	0	0	0	0	0	0	0	0	0	0	0	0	0	
1417.186083	8	3	3	0	1	2	2	4199	173	33	85026	13	6	80	0	0	0	0	0	0	0	0	0	0	0	0	0	0	
1418.191200	8	3	3	0	1	2	2	4199	169	34	85086	13	6	80	0	0	0	0	0	0	0	0	0	0	0	0	0	0	
1419.196317	8	3	3	0	1	2	2	4198	167	33	85147	13	6	80	0	0	0	0	0	0	0	0	0	0	0	0	0	0	
1420.182717	8	3	3	0	1	2	2	4198	163	34	85206	13	6	80	0	0	0	0	0	0	0	0	0	0	0	0	0	0	
1421.189283	8	3	3	0	1	2	2	4199	158	33	85266	13	6	80	0	0	0	0	0	0	0	0	0	0	0	0	0	0	
1422.194400	8	3	3	0	1	2	2	4198	155	34	85326	13	6	80	0	0	0	0	0	0	0	0	0	0	0	0	0	0	
1423.199517	8	3	3	0	1	2	2	4198	151	33	85387	13	6	80	0	0	0	0	0	0	0	0	0	0	0	0	0	0	
1424.185917	8	3	3	0	1	2	2	4199	148	33	85446	13	6	80	0	0	0	0	0	0	0	0	0	0	0	0	0	0	
1425.191033	8	3	3	0	1	2	2	4199	145	33	85506	13	6	80	0	0	0	0	0	0	0	0	0	0	0	0	0	0	
1426.197600	8	3	3	0	1	2	2	4199	141	33	85567	13	6	80	0	0	0	0	0	0	0	0	0	0	0	0	0	0	
1427.184000	8	3	3	0	1	2	2	4198	120	33	85626	13	6	80	0	0	0	0	0	0	0	0	0	0	0	0	0	0	
1428.190567	8	3	3	0	1	2	2	4199	128	33	85686	13	6	80	0	0	0	0	0	0	0	0	0	0	0	0	0	0	
1429.197117	8	3	3	0	1	2	2	4198	127	33	85746	13	6	80	0	0	0	0	0	0	0	0	0	0	0	0	0	0	
1430.183517	8	3	3	0	1	2	2	4198	124	33	85806	13	6	80	0	0	0	0	0	0	0	0	0	0	0	0	0	0	
1431.188633	8	3	3	0	1	2	2	4199	120	33	85866	13	6	80	0	0	0	0	0	0	0	0	0	0	0	0	0	0	
1432.193767	8	3	3	0	1	2	2	4198	118	33	85926	13	6	80	0	0	0	0	0	0	0	0	0	0	0	0	0	0	
1433.198883	8	3	3	0	1	2	2	4199	115	33	85987	13	6	80	0	0	0	0	0	0	0	0	0	0	0	0	0	0	
1434.185283	8	3	3	0	1	2	2	4199	112	33	86046	13	6	80	0	0	0	0	0	0	0	0	0	0	0	0	0	0	
1435.191833	8	3	3	0	1	2	2	4199	110	33	86106	13	6	80	0	0	0	0	0	0	0	0	0	0	0	0	0	0	
1436.196967	8	3	3	0	1	2	2	4199	107	33	86166	13	6	80	0	0	0	0	0	0	0	0	0	0	0	0	0	0	
1437.183367	8	3	3	0	1	2	2	4198	104	33	86226	13	6	80	0	0	0	0	0	0	0	0	0	0	0	0	0	0	
1438.188483	8	3	3	0	1	2	2	4198	101	33	86286	13	6	80	0	0	0	0	0	0	0	0	0	0	0	0	0	0	
1439.193600	8	3	3	0	1	2	2	4199	96	33	86346	13	6	80	0	0	0	0	0	0	0	0	0	0	0	0	0	0	
1440.200167	8	3	3	0	1	2	2	4198	92	33	86407	13	6	80	0	0	0	0	0	0	0	0	0	0	0	0	0	0	
1441.186567	8	3	3	0	1	2	2	4198	89	33	86466	13	6	80	0	0	0	0	0	0	0	0	0	0	0	0	0	0	
1442.191683	8	3	3	0	1	2	2	4198	88	33	86526	13	6	80	0	0	0	0	0	0	0	0	0	0	0	0	0	0	
1443.196800	8	3	3	0	1	2	2	4198	91	33	86586	13	6	80	0	0	0	0	0	0	0	0	0	0	0	0	0	0	
1444.183200	8	3	3	0	1	2	2	4199	87	33	86646	13	6	80	0	0	0	0	0	0	0	0	0	0	0	0	0	0	
1445.189767	8	3	3	0	1	2	2	4199	82	33	86706	13	6	80	0	0	0	0	0	0	0	0	0	0	0	0	0	0	
1446.194883	8	3	3	0	1	2	2	4198	76	33	86766	13	6	80	0	0	0	0	0	0	0	0	0	0	0	0	0	0	
1447.200000	8	3	3	0	1	2	2	4198	75	33	86827	13	6	80	0	0	0	0	0	0	0	0	0	0	0	0	0	0	
1448.186400	8	3	3	0	1	2	2	4199	74	33	86886	13	6	80	0	0	0	0	0	0	0	0	0	0	0	0	0	0	
1449.191517	8	3	3	0	1	2	2	4198	69	33	86946	13	6	80	0	0	0	0	0	0	0	0	0	0	0	0	0	0	
1450.198083	8	3	3	0	1	2	2	4199	72	33	87006	13	6	80	0	0	0	0	0	0	0	0	0	0	0	0	0	0	
1451.184483	8	3	3	0	1	2	2	4199	71	33	87066	13	6	80	0	0	0	0	0	0	0	0	0	0	0	0	0	0	
1452.189600	8	3	3	0	1	2	2	4198	71	33	87126	13	6	80	0	0	0	0	0	0	0	0	0	0	0	0	0	0	
1453.194717	8	3	3	0	1	2	2	4198	68	33	87186	13	6	80	0	0	0	0	0	0	0	0	0	0	0	0	0	0	
1453.579200	8	6	3	0	2	7	1	3780	-1350	33	87209	13	7	0	0	0	0	0	0	0	0	0	0	0	0	0	0	0	
1454.202717	8	6	3	0	2	7	1	3744	-1350	33	87247	13	7	1	0	0	0	0	0	0	0	0	0	0	0	0	0	0	
1455.189117	8	6	3	0	2	7	1	3674	-1350	33	87306	13	7	2	0	0	0	0	0	0	0	0	0	0	0	0	0	0	
1456.194233	8	6	3	0	2	7	1	3694	-1350	32	87366	13	7	4	0	0	0	0	0	0	0	0	0	0	0	0	0	0	
1457.199367	8	6	3	0	2	7	1	3700	-1348	33	87427	13	7	6	0	0	0	0	0	0	0	0	0	0	0	0	0	0	
1458.185767	8	6	3	0	2	7	1	3690	-1349	32	87486	13	7	7	0	0	0	0	0	0	0	0	0	0	0	0	0	0	
1459.192317	8	6	3	0	2	7	1	3681	-1350	32	87546	13	7	9	0	0	0	0	0	0	0	0	0	0	0	0	0	0	
1460.197433	8	6	3	0	2	7	1	3665	-1350	32	87606	13	7	10	0	0	0	0	0	0	0	0	0	0	0	0	0	0	
1461.202567	8	6	3	0	2	7	1	3649	-1349	32	87667	13	7	12	0	0	0	0	0	0	0	0	0	0	0	0	0	0	
1462.188967	8	6	3	0	2	7	1	3635	-1349	32	87726	13	7	14	0	0	0	0	0	0	0	0	0	0	0	0	0	0	
1463.194083	8	6	3	0	2	7	1	3621	-1350	32	87786	13	7	15	0	0	0	0	0	0	0	0	0	0	0	0	0	0	
1464.200633	8	6	3	0	2	7	1	3606	-1349	32	87847	13	7	17	0	0	0	0	0	0	0	0	0	0	0	0	0	0	
1465.187033	8	6	3	0	2	7	1	3590	-1349	32	87906	13	7	19	0	0	0	0	0	0	0	0	0	0	0	0	0	0	
1466.192167	8	6	3	0	2	7	1	3576	-1351	32	87966	13	7	20	0	0	0	0	0	0	0	0	0	0	0	0	0	0	
1467.197283	8	6	3	0	2	7	1	3562	-1349	32	88026	13	7	22	0	0	0	0	0	0	0	0	0	0	0	0	0	0	
1468.202400	8	6	3	0	2	7	1	3548	-1350	32	88087	13	7	24	0	0	0	0	0	0	0	0	0	0	0	0	0	0	
1469.188800	8	6	3	0	2	7	1	3535	-1349	32	88146	13	7	25	0	0	0	0	0	0	0	0	0	0	0	0	0	0	
1470.195367	8	6	3	0	2	7	1	3523	-1350	32	88206	13	7	27	0	0	0	0	0	0	0	0	0	0	0	0	0	0	
1471.200483	8	6	3	0	2	7	1	3511	-1350	32	88267	13	7	29	0	0	0	0	0	0	0	0	0	0	0	0	0	0	
1472.186883	8	6	3	0	2	7	1	3499	-1349	32	88326	13	7	30	0	0	0	0	0	0	0	0	0	0	0	0	0	0	
1473.192000	8	6	3	0	2	7	1	3487	-1350	32	88386	13	7	32	0	0	0	0	0	0	0	0	0	0	0	0	0	0	
1474.197117	8	6	3	0	2	7	1	3476	-1350	32	88446	13	7	34	0	0	0	0	0	0	0	0	0	0	0	0	0	0	
1475.203683	8	6	3	0	2	7	1	3463	-1348	32	88507	13	7	35	0	0	0	0	0	0	0	0	0	0	0	0	0	0	
1476.190083	8	6	3	0	2	7	1	3453	-1350	32	88566	13	7	37	0	0	0	0	0	0	0	0	0	0	0	0	0	0	
1477.195200	8	6	3	0	2	7	1	3443	-1349	32	88626	13	7	39	0	0	0	0	0	0	0	0	0	0	0	0	0	0	
1478.200317	8	6	3	0	2	7	1	3433	-1350	32	88686	13	7	40	0	0	0	0	0	0	0	0	0	0	0	0	0	0	
1479.186717	8	6	3	0	2	7	1	3423	-1350	32	88746	13	7	42	0	0	0	0	0	0	0	0	0	0	0	0	0	0	
1480.193283	8	6	3	0	2	7	1	3415	-1349	32	88806	13	7	44	0	0	0	0	0	0	0	0	0	0	0	0	0	0	
1481.198400	8	6	3	0	2	7	1	3406	-1351	32	88866	13	7	45	0	0	0	0	0	0	0	0	0	0	0	0	0	0	
1482.203517	8	6	3	0	2	7	1	3398	-1349	32	88927	13	7	47	0	0	0	0	0	0	0	0	0	0	0	0	0	0	
1483.189917	8	6	3	0	2	7	1	3390	-1349	32	88986	13	7	49	0	0	0	0	0	0	0	0	0	0	0	0	0	0	
1484.199367	8	6	3	0	2	7	1	3382	-1348	32	89046	13	7	50	0	0	0	0	0	0	0	0	0	0	0	0	0	0	
1485.204483	8	6	3	0	2	7	1	3373	-1352	32	89107	13	7	52	0	0	0	0	0	0	0	0	0	0	0	0	0	0	
1486.190883	8	6	3	0	2	7	1	3366	-1350	32	89166	13	7	53	0	0	0	0	0	0	0	0	0	0	0	0	0	0	
1487.196000	8	6	3	0	2	7	1	3359	-1350	32	89226	13	7	55	0	0	0	0	0	0	0	0	0	0	0	0	0	0	
1488.202567	8	6	3	0	2	7	1	3352	-1350	32	89287	13	7	57	0	0	0	0	0	0	0	0	0	0	0	0	0	0	
1489.188967	8	6	3	0	2	7	1	3346	-1350	32	89346	13	7	58	0	0	0	0	0	0	0	0	0	0	0	0	0	0	
1490.194083	8	6	3	0	2	7	1	3339	-1349	32	89406	13	7	60	0	0	0	0	0	0	0	0	0	0	0	0	0	0	
1491.199200	8	6	3	0	2	7	1	3333	-1349	32	89466	13	7	62	0	0	0	0	0	0	0	0	0	0	0	0	0	0	
1492.204317	8	6	3	0	2	7	1	3325	-1350	32	89527	13	7	63	0	0	0	0	0	0	0	0	0	0	0	0	0	0	
1493.190717	8	6	3	0	2	7	1	3318	-1350	32	89586	13	7	65	0	0	0	0	0	0	0	0	0	0	0	0	0	0	
1494.197283	8	6	3	0	2	7	1	3310	-1349	32	89646	13	7	67	0	0	0	0	0	0	0	0	0	0	0	0	0	0	
1495.202400	8	6	3	0	2	7	1	3300	-1350	32	89707	13	7	68	0	0	0	0	0	0	0	0	0	0	0	0	0	0	
1496.188800	8	6	3	0	2	7	1	3290	-1349	32	89766	13	7	70	0	0	0	0	0	0	0	0	0	0	0	0	0	0	
1497.193917	8	6	3	0	2	7	1	3276	-1349	32	89826	13	7	72	0	0	0	0	0	0	0	0	0	0	0	0	0	0	
1498.199033	8	6	3	0	2	7	1	3261	-1349	32	89886	13	7	73	0	0	0	0	0	0	0	0	0	0	0	0	0	0	
1499.189767	8	6	3	0	2	7	1	3241	-1349	32	89946	13	7	75	0	0	0	0	0	0	0	0	0	0	0	0	0	0	
1500.194883	8	6	3	0	2	7	1	3214	-1348	32	90006	13	7	77	0	0	0	0	0	0	0	0	0	0	0	0	0	0	
1501.200000	8	6	3	0	2	7	1	3175	-1349	32	90066	13	7	78	0	0	0	0	0	0	0	0	0	0	0	0	0	0	
1502.205117	8	6	3	0	2	7	1	3111	-1350	32	90127	13	7	80	0	0	0	0	0	0	0	0	0	0	0	0	0	0	
1503.191517	8	6	3	0	2	7	1	2994	-1349	32	90186	13	7	82	0	0	0	0	0	0	0	0	0	0	0	0	0	0	
1504.198083	8	6	3	0	2	7	1	2686	-1350	32	90246	13	7	83	0	0	0	0	0	0	0	0	0	0	0	0	0	0	
1504.242717	8	15	3	0	1	31	2	3048	5	32	90249	15	7	83	0	0	0	0	0	0	0	0	0	0	0	0	0	0	
1504.262883	8	3	3	0	1	2	2	3257	676	32	90250	15	7	83	0	0	0	0	0	0	0	0	0	0	0	0	0	0	
1505.206083	8	3	3	0	1	2	2	3570	675	32	90307	15	7	83	0	0	0	0	0	0	0	0	0	0	0	0	0	0	
1506.192483	8	3	3	0	1	2	2	3674	675	32	90366	15	7	83	0	0	0	0	0	0	0	0	0	0	0	0	0	0	
1507.199033	8	3	3	0	1	2	2	3743	676	32	90426	15	7	83	0	0	0	0	0	0	0	0	0	0	0	0	0	0	
1508.204167	8	3	3	0	1	2	2	3794	676	32	90487	15	7	83	0	0	0	0	0	0	0	0	0	0	0	0	0	0	
1509.190567	8	3	3	0	1	2	2	3847	675	32	90546	15	7	83	0	0	0	0	0	0	0	0	0	0	0	0	0	0	
1510.195683	8	3	3	0	1	2	2	3875	674	32	90606	15	7	83	0	0	0	0	0	0	0	0	0	0	0	0	0	0	
1511.200800	8	3	3	0	1	2	2	3891	674	32	90666	15	7	83	0	0	0	0	0	0	0	0	0	0	0	0	0	0	
1512.207367	8	3	3	0	1	2	2	3907	674	32	90727	15	7	83	0	0	0	0	0	0	0	0	0	0	0	0	0	0	
1513.193767	8	3	3	0	1	2	2	3918	673	32	90786	15	7	83	0	0	0	0	0	0	0	0	0	0	0	0	0	0	
1514.198883	8	3	3	0	1	2	2	3929	675	32	90846	15	7	83	0	0	0	0	0	0	0	0	0	0	0	0	0	0	
1515.204000	8	3	3	0	1	2	2	3937	675	32	90907	15	7	83	0	0	0	0	0	0	0	0	0	0	0	0	0	0	
1516.190400	8	3	3	0	1	2	2	3946	675	32	90966	15	7	83	0	0	0	0	0	0	0	0	0	0	0	0	0	0	
1517.196967	8	3	3	0	1	2	2	3951	674	32	91026	15	7	83	0	0	0	0	0	0	0	0	0	0	0	0	0	0	
1518.202083	8	3	3	0	1	2	2	3959	675	32	91086	15	7	83	0	0	0	0	0	0	0	0	0	0	0	0	0	0	
1519.207200	8	3	3	0	1	2	2	3966	675	32	91147	15	7	83	0	0	0	0	0	0	0	0	0	0	0	0	0	0	
1520.193600	8	3	3	0	1	2	2	3972	675	32	91206	15	7	83	0	0	0	0	0	0	0	0	0	0	0	0	0	0	
1521.198717	8	3	3	0	1	2	2	3978	674	32	91266	15	7	83	0	0	0	0	0	0	0	0	0	0	0	0	0	0	
1522.203833	8	3	3	0	1	2	2	3984	676	32	91327	15	7	83	0	0	0	0	0	0	0	0	0	0	0	0	0	0	
1523.191683	8	3	3	0	1	2	2	3988	674	32	91386	15	7	83	0	0	0	0	0	0	0	0	0	0	0	0	0	0	
1524.196800	8	3	3	0	1	2	2	3994	675	32	91446	15	7	83	0	0	0	0	0	0	0	0	0	0	0	0	0	0	
1525.201917	8	3	3	0	1	2	2	4000	674	32	91506	15	7	83	0	0	0	0	0	0	0	0	0	0	0	0	0	0	
1526.207033	8	3	3	0	1	2	2	4004	674	32	91567	15	7	83	0	0	0	0	0	0	0	0	0	0	0	0	0	0	
1527.193433	8	3	3	0	1	2	2	4007	675	32	91626	15	7	83	0	0	0	0	0	0	0	0	0	0	0	0	0	0	
1528.198567	8	3	3	0	1	2	2	4013	674	32	91686	15	7	83	0	0	0	0	0	0	0	0	0	0	0	0	0	0	
1529.205117	8	3	3	0	1	2	2	4019	675	32	91746	15	7	83	0	0	0	0	0	0	0	0	0	0	0	0	0	0	
1530.191517	8	3	3	0	1	2	2	4022	675	32	91806	15	7	83	0	0	0	0	0	0	0	0	0	0	0	0	0	0	
1531.196633	8	3	3	0	1	2	2	4027	675	32	91866	15	7	83	0	0	0	0	0	0	0	0	0	0	0	0	0	0	
1532.201767	8	3	3	0	1	2	2	4032	673	32	91926	15	7	83	0	0	0	0	0	0	0	0	0	0	0	0	0	0	
1533.208317	8	3	3	0	1	2	2	4035	674	32	91987	15	7	83	0	0	0	0	0	0	0	0	0	0	0	0	0	0	
1534.194717	8	3	3	0	1	2	2	4038	674	32	92046	15	7	83	0	0	0	0	0	0	0	0	0	0	0	0	0	0	
1535.199833	8	3	3	0	1	2	2	4041	673	32	92106	15	7	83	0	0	0	0	0	0	0	0	0	0	0	0	0	0	
1536.204967	8	3	3	0	1	2	2	4044	675	32	92166	15	7	83	0	0	0	0	0	0	0	0	0	0	0	0	0	0	
1537.191367	8	3	3	0	1	2	2	4046	674	32	92226	15	7	83	0	0	0	0	0	0	0	0	0	0	0	0	0	0	
1538.197917	8	3	3	0	1	2	2	4049	674	32	92286	15	7	83	0	0	0	0	0	0	0	0	0	0	0	0	0	0	
1539.203033	8	3	3	0	1	2	2	4052	675	32	92346	15	7	83	0	0	0	0	0	0	0	0	0	0	0	0	0	0	
1540.208167	8	3	3	0	1	2	2	4055	674	32	92407	15	7	83	0	0	0	0	0	0	0	0	0	0	0	0	0	0	
1541.194567	8	3	3	0	1	2	2	4058	675	32	92466	15	7	83	0	0	0	0	0	0	0	0	0	0	0	0	0	0	
1542.199683	8	3	3	0	1	2	2	4061	674	32	92526	15	7	83	0	0	0	0	0	0	0	0	0	0	0	0	0	0	
1543.206233	8	3	3	0	1	2	2	4064	676	32	92586	15	7	83	0	0	0	0	0	0	0	0	0	0	0	0	0	0	
1544.192633	8	3	3	0	1	2	2	4064	675	32	92646	15	7	83	0	0	0	0	0	0	0	0	0	0	0	0	0	0	
1545.197767	8	3	3	0	1	2	2	4067	674	32	92706	15	7	83	0	0	0	0	0	0	0	0	0	0	0	0	0	0	
1546.202883	8	3	3	0	1	2	2	4070	674	32	92766	15	7	83	0	0	0	0	0	0	0	0	0	0	0	0	0	0	
1547.209433	8	3	3	0	1	2	2	4074	674	32	92827	15	7	83	0	0	0	0	0	0	0	0	0	0	0	0	0	0	
1548.195833	8	3	3	0	1	2	2	4078	673	32	92886	15	7	83	0	0	0	0	0	0	0	0	0	0	0	0	0	0	
1549.200967	8	3	3	0	1	2	2	4081	674	32	92946	15	7	83	0	0	0	0	0	0	0	0	0	0	0	0	0	0	
1550.206083	8	3	3	0	1	2	2	4084	675	32	93006	15	7	83	0	0	0	0	0	0	0	0	0	0	0	0	0	0	
1551.192483	8	3	3	0	1	2	2	4088	674	32	93066	15	7	83	0	0	0	0	0	0	0	0	0	0	0	0	0	0	
1552.197600	8	3	3	0	1	2	2	4092	675	32	93126	15	7	83	0	0	0	0	0	0	0	0	0	0	0	0	0	0	
1553.204167	8	3	3	0	1	2	2	4097	674	32	93186	15	7	83	0	0	0	0	0	0	0	0	0	0	0	0	0	0	
1554.209283	8	3	3	0	1	2	2	4101	674	32	93247	15	7	83	0	0	0	0	0	0	0	0	0	0	0	0	0	0	
1555.195683	8	3	3	0	1	2	2	4104	674	32	93306	15	7	83	0	0	0	0	0	0	0	0	0	0	0	0	0	0	
1556.200800	8	3	3	0	1	2	2	4109	675	32	93366	15	7	83	0	0	0	0	0	0	0	0	0	0	0	0	0	0	
1557.205917	8	3	3	0	1	2	2	4114	674	32	93426	15	7	83	0	0	0	0	0	0	0	0	0	0	0	0	0	0	
1558.193767	8	3	3	0	1	2	2	4116	670	32	93486	15	7	83	0	0	0	0	0	0	0	0	0	0	0	0	0	0	
1559.198883	8	3	3	0	1	2	2	4120	664	32	93546	15	7	83	0	0	0	0	0	0	0	0	0	0	0	0	0	0	
1560.204000	8	3	3	0	1	2	2	4126	663	32	93606	15	7	83	0	0	0	0	0	0	0	0	0	0	0	0	0	0	
1561.209117	8	3	3	0	1	2	2	4130	664	32	93667	15	7	83	0	0	0	0	0	0	0	0	0	0	0	0	0	0	
1562.196967	8	3	3	0	1	2	2	4133	663	32	93726	15	7	83	0	0	0	0	0	0	0	0	0	0	0	0	0	0	
1563.202083	8	3	3	0	1	2	2	4137	661	32	93786	15	7	83	0	0	0	0	0	0	0	0	0	0	0	0	0	0	
1564.207200	8	3	3	0	1	2	2	4142	661	32	93846	15	7	83	0	0	0	0	0	0	0	0	0	0	0	0	0	0	
1565.193600	8	3	3	0	1	2	2	4148	660	32	93906	15	7	83	0	0	0	0	0	0	0	0	0	0	0	0	0	0	
1566.200167	8	3	3	0	1	2	2	4152	660	32	93966	15	7	83	0	0	0	0	0	0	0	0	0	0	0	0	0	0	
1567.205283	8	3	3	0	1	2	2	4158	660	32	94026	15	7	83	0	0	0	0	0	0	0	0	0	0	0	0	0	0	
1568.210400	8	3	3	0	1	2	2	4163	659	32	94087	15	7	83	0	0	0	0	0	0	0	0	0	0	0	0	0	0	
1569.196800	8	3	3	0	1	2	2	4168	657	32	94146	15	7	83	0	0	0	0	0	0	0	0	0	0	0	0	0	0	
1570.201917	8	3	3	0	1	2	2	4173	657	32	94206	15	7	83	0	0	0	0	0	0	0	0	0	0	0	0	0	0	
1571.208483	8	3	3	0	1	2	2	4179	657	32	94266	15	7	83	0	0	0	0	0	0	0	0	0	0	0	0	0	0	
1572.194883	8	3	3	0	1	2	2	4185	657	32	94326	15	7	83	0	0	0	0	0	0	0	0	0	0	0	0	0	0	
1573.200000	8	3	3	0	1	2	2	4189	654	32	94386	15	7	83	0	0	0	0	0	0	0	0	0	0	0	0	0	0	
1574.205117	8	3	3	0	1	2	2	4194	653	32	94446	15	7	83	0	0	0	0	0	0	0	0	0	0	0	0	0	0	
1575.210233	8	3	3	0	1	2	2	4198	648	32	94507	15	7	83	0	0	0	0	0	0	0	0	0	0	0	0	0	0	
1576.198083	8	3	3	0	1	2	2	4198	643	32	94566	15	7	83	0	0	0	0	0	0	0	0	0	0	0	0	0	0	
1577.203200	8	3	3	0	1	2	2	4198	619	32	94626	15	7	83	0	0	0	0	0	0	0	0	0	0	0	0	0	0	
1578.208317	8	3	3	0	1	2	2	4199	602	32	94686	15	7	83	0	0	0	0	0	0	0	0	0	0	0	0	0	0	
1579.194717	8	3	3	0	1	2	2	4199	573	32	94746	15	7	83	0	0	0	0	0	0	0	0	0	0	0	0	0	0	
1580.199833	8	3	3	0	1	2	2	4198	565	32	94806	15	7	83	0	0	0	0	0	0	0	0	0	0	0	0	0	0	
1581.206400	8	3	3	0	1	2	2	4199	555	32	94866	15	7	83	0	0	0	0	0	0	0	0	0	0	0	0	0	0	
1582.211517	8	3	3	0	1	2	2	4198	509	32	94927	15	7	83	0	0	0	0	0	0	0	0	0	0	0	0	0	0	
1583.197917	8	3	3	0	1	2	2	4198	494	32	94986	15	7	83	0	0	0	0	0	0	0	0	0	0	0	0	0	0	
1584.203033	8	3	3	0	1	2	2	4199	459	32	95046	15	7	83	0	0	0	0	0	0	0	0	0	0	0	0	0	0	
1585.208167	8	3	3	0	1	2	2	4199	449	32	95106	15	7	83	0	0	0	0	0	0	0	0	0	0	0	0	0	0	
1586.196000	8	3	3	0	1	2	2	4199	451	32	95166	15	7	83	0	0	0	0	0	0	0	0	0	0	0	0	0	0	
1587.201117	8	3	3	0	1	2	2	4198	440	32	95226	15	7	83	0	0	0	0	0	0	0	0	0	0	0	0	0	0	
1588.206233	8	3	3	0	1	2	2	4198	447	32	95286	15	7	83	0	0	0	0	0	0	0	0	0	0	0	0	0	0	
1589.211367	8	3	3	0	1	2	2	4198	435	32	95347	15	7	83	0	0	0	0	0	0	0	0	0	0	0	0	0	0	
1590.197767	8	3	3	0	1	2	2	4198	446	32	95406	15	7	83	0	0	0	0	0	0	0	0	0	0	0	0	0	0	
1591.204317	8	3	3	0	1	2	2	4198	438	32	95466	15	7	83	0	0	0	0	0	0	0	0	0	0	0	0	0	0	
1592.209433	8	3	3	0	1	2	2	4198	427	32	95526	15	7	83	0	0	0	0	0	0	0	0	0	0	0	0	0	0	
1593.195833	8	3	3	0	1	2	2	4198	411	32	95586	15	7	83	0	0	0	0	0	0	0	0	0	0	0	0	0	0	
1594.200967	8	3	3	0	1	2	2	4199	359	32	95646	15	7	83	0	0	0	0	0	0	0	0	0	0	0	0	0	0	
1595.206083	8	3	3	0	1	2	2	4198	321	32	95706	15	7	83	0	0	0	0	0	0	0	0	0	0	0	0	0	0	
1596.212633	8	3	3	0	1	2	2	4198	296	32	95767	15	7	83	0	0	0	0	0	0	0	0	0	0	0	0	0	0	
1597.199033	8	3	3	0	1	2	2	4198	303	32	95826	15	7	83	0	0	0	0	0	0	0	0	0	0	0	0	0	0	
1598.204167	8	3	3	0	1	2	2	4198	326	32	95886	15	7	83	0	0	0	0	0	0	0	0	0	0	0	0	0	0	
1599.209283	8	3	3	0	1	2	2	4198	333	32	95946	15	7	83	0	0	0	0	0	0	0	0	0	0	0	0	0	0	
1600.195683	8	3	3	0	1	2	2	4198	336	32	96006	15	7	83	0	0	0	0	0	0	0	0	0	0	0	0	0	0	
1601.202233	8	3	3	0	1	2	2	4198	333	32	96066	15	7	83	0	0	0	0	0	0	0	0	0	0	0	0	0	0	
1602.207367	8	3	3	0	1	2	2	4198	337	32	96126	15	7	83	0	0	0	0	0	0	0	0	0	0	0	0	0	0	
1603.212483	8	3	3	0	1	2	2	4198	326	32	96187	15	7	83	0	0	0	0	0	0	0	0	0	0	0	0	0	0	
1604.198883	8	3	3	0	1	2	2	4198	315	32	96246	15	7	83	0	0	0	0	0	0	0	0	0	0	0	0	0	0	
1605.205433	8	3	3	0	1	2	2	4199	306	32	96306	15	7	83	0	0	0	0	0	0	0	0	0	0	0	0	0	0	
1606.210567	8	3	3	0	1	2	2	4198	296	32	96366	15	7	83	0	0	0	0	0	0	0	0	0	0	0	0	0	0	
1607.196967	8	3	3	0	1	2	2	4198	289	32	96426	15	7	83	0	0	0	0	0	0	0	0	0	0	0	0	0	0	
1608.202083	8	3	3	0	1	2	2	4199	272	32	96486	15	7	83	0	0	0	0	0	0	0	0	0	0	0	0	0	0	
1609.207200	8	3	3	0	1	2	2	4198	269	32	96546	15	7	83	0	0	0	0	0	0	0	0	0	0	0	0	0	0	
1610.213767	8	3	3	0	1	2	2	4198	261	32	96607	15	7	83	0	0	0	0	0	0	0	0	0	0	0	0	0	0	
1611.200167	8	3	3	0	1	2	2	4199	256	32	96666	15	7	83	0	0	0	0	0	0	0	0	0	0	0	0	0	0	
1612.205283	8	3	3	0	1	2	2	4198	242	32	96726	15	7	83	0	0	0	0	0	0	0	0	0	0	0	0	0	0	
1613.210400	8	3	3	0	1	2	2	4199	239	32	96786	15	7	83	0	0	0	0	0	0	0	0	0	0	0	0	0	0	
1614.198233	8	3	3	0	1	2	2	4199	231	32	96846	15	7	83	0	0	0	0	0	0	0	0	0	0	0	0	0	0	
1615.203367	8	3	3	0	1	2	2	4198	226	32	96906	15	7	83	0	0	0	0	0	0	0	0	0	0	0	0	0	0	
1616.208483	8	3	3	0	1	2	2	4199	218	32	96966	15	7	83	0	0	0	0	0	0	0	0	0	0	0	0	0	0	
1617.213600	8	3	3	0	1	2	2	4199	216	32	97027	15	7	83	0	0	0	0	0	0	0	0	0	0	0	0	0	0	
1618.201433	8	3	3	0	1	2	2	4198	215	32	97086	15	7	83	0	0	0	0	0	0	0	0	0	0	0	0	0	0	
1619.206567	8	3	3	0	1	2	2	4198	213	32	97146	15	7	83	0	0	0	0	0	0	0	0	0	0	0	0	0	0	
1620.211683	8	3	3	0	1	2	2	4199	210	32	97206	15	7	83	0	0	0	0	0	0	0	0	0	0	0	0	0	0	
1621.198083	8	3	3	0	1	2	2	4198	205	32	97266	15	7	83	0	0	0	0	0	0	0	0	0	0	0	0	0	0	
1622.203200	8	3	3	0	1	2	2	4198	198	32	97326	15	7	83	0	0	0	0	0	0	0	0	0	0	0	0	0	0	
1623.209767	8	3	3	0	1	2	2	4198	193	32	97386	15	7	83	0	0	0	0	0	0	0	0	0	0	0	0	0	0	
1624.214883	8	3	3	0	1	2	2	4199	189	32	97447	15	7	83	0	0	0	0	0	0	0	0	0	0	0	0	0	0	
1625.201283	8	3	3	0	1	2	2	4199	180	32	97506	15	7	83	0	0	0	0	0	0	0	0	0	0	0	0	0	0	
1626.206400	8	3	3	0	1	2	2	4198	177	32	97566	15	7	83	0	0	0	0	0	0	0	0	0	0	0	0	0	0	
1627.211517	8	3	3	0	1	2	2	4199	172	32	97626	15	7	83	0	0	0	0	0	0	0	0	0	0	0	0	0	0	
1628.199367	8	3	3	0	1	2	2	4198	168	32	97686	15	7	83	0	0	0	0	0	0	0	0	0	0	0	0	0	0	
1629.205917	8	3	3	0	1	2	2	4198	164	32	97746	15	7	83	0	0	0	0	0	0	0	0	0	0	0	0	0	0	
1630.211033	8	3	3	0	1	2	2	4198	160	32	97806	15	7	83	0	0	0	0	0	0	0	0	0	0	0	0	0	0	
1631.198883	8	3	3	0	1	2	2	4199	155	32	97866	15	7	83	0	0	0	0	0	0	0	0	0	0	0	0	0	0	
1632.204000	8	3	3	0	1	2	2	4198	150	32	97926	15	7	83	0	0	0	0	0	0	0	0	0	0	0	0	0	0	
1633.210567	8	3	3	0	1	2	2	4198	144	32	97986	15	7	83	0	0	0	0	0	0	0	0	0	0	0	0	0	0	
1634.217117	8	3	3	0	1	2	2	4199	139	32	98047	15	7	83	0	0	0	0	0	0	0	0	0	0	0	0	0	0	
1635.203517	8	3	3	0	1	2	2	4198	134	32	98106	15	7	83	0	0	0	0	0	0	0	0	0	0	0	0	0	0	
1636.208633	8	3	3	0	1	2	2	4199	130	32	98166	15	7	83	0	0	0	0	0	0	0	0	0	0	0	0	0	0	
1637.213767	8	3	3	0	1	2	2	4198	126	32	98227	15	7	83	0	0	0	0	0	0	0	0	0	0	0	0	0	0	
1638.200167	8	3	3	0	1	2	2	4199	122	32	98286	15	7	83	0	0	0	0	0	0	0	0	0	0	0	0	0	0	
1639.205283	8	3	3	0	1	2	2	4198	118	32	98346	15	7	83	0	0	0	0	0	0	0	0	0	0	0	0	0	0	
1640.211833	8	3	3	0	1	2	2	4198	115	32	98406	15	7	83	0	0	0	0	0	0	0	0	0	0	0	0	0	0	
1641.216967	8	3	3	0	1	2	2	4199	111	32	98467	15	7	83	0	0	0	0	0	0	0	0	0	0	0	0	0	0	
1642.203367	8	3	3	0	1	2	2	4199	108	32	98526	15	7	83	0	0	0	0	0	0	0	0	0	0	0	0	0	0	
1643.208483	8	3	3	0	1	2	2	4198	104	32	98586	15	7	83	0	0	0	0	0	0	0	0	0	0	0	0	0	0	
1644.215033	8	3	3	0	1	2	2	4199	102	32	98647	15	7	83	0	0	0	0	0	0	0	0	0	0	0	0	0	0	
1645.201433	8	3	3	0	1	2	2	4199	98	32	98706	15	7	83	0	0	0	0	0	0	0	0	0	0	0	0	0	0	
1646.206567	8	3	3	0	1	2	2	4199	95	32	98766	15	7	83	0	0	0	0	0	0	0	0	0	0	0	0	0	0	
1647.211683	8	3	3	0	1	2	2	4199	91	32	98826	15	7	83	0	0	0	0	0	0	0	0	0	0	0	0	0	0	
1648.216800	8	3	3	0	1	2	2	4199	90	32	98887	15	7	83	0	0	0	0	0	0	0	0	0	0	0	0	0	0	
1649.204633	8	3	3	0	1	2	2	4199	87	32	98946	15	7	83	0	0	0	0	0	0	0	0	0	0	0	0	0	0	
1650.209767	8	3	3	0	1	2	2	4198	84	32	99006	15	7	83	0	0	0	0	0	0	0	0	0	0	0	0	0	0	
1651.214883	8	3	3	0	1	2	2	4198	82	32	99067	15	7	83	0	0	0	0	0	0	0	0	0	0	0	0	0	0	
1652.201283	8	3	3	0	1	2	2	4199	80	32	99126	15	7	83	0	0	0	0	0	0	0	0	0	0	0	0	0	0	
1653.206400	8	3	3	0	1	2	2	4198	77	32	99186	15	7	83	0	0	0	0	0	0	0	0	0	0	0	0	0	0	
1654.212967	8	3	3	0	1	2	2	4199	75	32	99246	15	7	83	0	0	0	0	0	0	0	0	0	0	0	0	0	0	
1655.218083	8	3	3	0	1	2	2	4198	72	32	99307	15	7	83	0	0	0	0	0	0	0	0	0	0	0	0	0	0	
1656.204483	8	3	3	0	1	2	2	4199	70	32	99366	15	7	83	0	0	0	0	0	0	0	0	0	0	0	0	0	0	
1657.209600	8	3	3	0	1	2	2	4199	69	32	99426	15	7	83	0	0	0	0	0	0	0	0	0	0	0	0	0	0	
1657.820167	8	6	3	0	2	7	1	3834	-1133	32	99463	15	8	0	0	0	0	0	0	0	0	0	0	0	0	0	0	0	
1658.217600	8	6	3	0	2	7	1	3740	-1351	32	99487	15	8	0	0	0	0	0	0	0	0	0	0	0	0	0	0	0	
1659.204000	8	6	3	0	2	7	1	3791	-1350	32	99546	15	8	2	0	0	0	0	0	0	0	0	0	0	0	0	0	0	
1660.209117	8	6	3	0	2	7	1	3762	-1350	32	99606	15	8	3	0	0	0	0	0	0	0	0	0	0	0	0	0	0	
1661.214233	8	6	3	0	2	7	1	3740	-1351	32	99666	15	8	5	0	0	0	0	0	0	0	0	0	0	0	0	0	0	
1662.200633	8	6	3	0	2	7	1	3715	-1349	32	99726	15	8	7	0	0	0	0	0	0	0	0	0	0	0	0	0	0	
1663.207200	8	6	3	0	2	7	1	3668	-1350	32	99786	15	8	8	0	0	0	0	0	0	0	0	0	0	0	0	0	0	
1664.212317	8	6	3	0	2	7	1	3647	-1350	32	99846	15	8	10	0	0	0	0	0	0	0	0	0	0	0	0	0	0	
1665.217433	8	6	3	0	2	7	1	3619	-1350	32	99907	15	8	12	0	0	0	0	0	0	0	0	0	0	0	0	0	0	
1666.203833	8	6	3	0	2	7	1	3619	-1350	32	99966	15	8	13	0	0	0	0	0	0	0	0	0	0	0	0	0	0	
1667.208967	8	6	3	0	2	7	1	3607	-1349	32	100026	15	8	15	0	0	0	0	0	0	0	0	0	0	0	0	0	0	
1668.215517	8	6	3	0	2	7	1	3590	-1350	32	100086	15	8	17	0	0	0	0	0	0	0	0	0	0	0	0	0	0	
1669.201917	8	6	3	0	2	7	1	3579	-1348	32	100146	15	8	18	0	0	0	0	0	0	0	0	0	0	0	0	0	0	
1670.207033	8	6	3	0	2	7	1	3563	-1350	32	100206	15	8	20	0	0	0	0	0	0	0	0	0	0	0	0	0	0	
1671.212167	8	6	3	0	2	7	1	3535	-1351	32	100266	15	8	22	0	0	0	0	0	0	0	0	0	0	0	0	0	0	
1672.217283	8	6	3	0	2	7	1	3528	-1349	32	100327	15	8	23	0	0	0	0	0	0	0	0	0	0	0	0	0	0	
1673.203683	8	6	3	0	2	7	1	3509	-1350	32	100386	15	8	25	0	0	0	0	0	0	0	0	0	0	0	0	0	0	
1674.210233	8	6	3	0	2	7	1	3499	-1350	32	100446	15	8	27	0	0	0	0	0	0	0	0	0	0	0	0	0	0	
1675.215367	8	6	3	0	2	7	1	3487	-1349	32	100506	15	8	28	0	0	0	0	0	0	0	0	0	0	0	0	0	0	
1676.201767	8	6	3	0	2	7	1	3473	-1348	32	100566	15	8	30	0	0	0	0	0	0	0	0	0	0	0	0	0	0	
1677.206883	8	6	3	0	2	7	1	3462	-1349	32	100626	15	8	32	0	0	0	0	0	0	0	0	0	0	0	0	0	0	
1678.212000	8	6	3	0	2	7	1	3447	-1349	32	100686	15	8	33	0	0	0	0	0	0	0	0	0	0	0	0	0	0	
1679.217117	8	6	3	0	2	7	1	3440	-1350	32	100747	15	8	35	0	0	0	0	0	0	0	0	0	0	0	0	0	0	
1680.204967	8	6	3	0	2	7	1	3433	-1349	32	100806	15	8	37	0	0	0	0	0	0	0	0	0	0	0	0	0	0	
1681.210083	8	6	3	0	2	7	1	3424	-1349	32	100866	15	8	38	0	0	0	0	0	0	0	0	0	0	0	0	0	0	
1682.215200	8	6	3	0	2	7	1	3414	-1350	32	100926	15	8	40	0	0	0	0	0	0	0	0	0	0	0	0	0	0	
1683.220317	8	6	3	0	2	7	1	3403	-1348	32	100987	15	8	42	0	0	0	0	0	0	0	0	0	0	0	0	0	0	
1684.206717	8	6	3	0	2	7	1	3394	-1348	32	101046	15	8	43	0	0	0	0	0	0	0	0	0	0	0	0	0	0	
1685.216167	8	6	3	0	2	7	1	3383	-1349	32	101106	15	8	45	0	0	0	0	0	0	0	0	0	0	0	0	0	0	
1686.202567	8	6	3	0	2	7	1	3373	-1350	32	101166	15	8	47	0	0	0	0	0	0	0	0	0	0	0	0	0	0	
1687.207683	8	6	3	0	2	7	1	3364	-1348	32	101226	15	8	48	0	0	0	0	0	0	0	0	0	0	0	0	0	0	
1688.214233	8	6	3	0	2	7	1	3357	-1349	32	101286	15	8	50	0	0	0	0	0	0	0	0	0	0	0	0	0	0	
1689.219367	8	6	3	0	2	7	1	3350	-1350	32	101347	15	8	51	0	0	0	0	0	0	0	0	0	0	0	0	0	0	
1690.205767	8	6	3	0	2	7	1	3344	-1349	32	101406	15	8	53	0	0	0	0	0	0	0	0	0	0	0	0	0	0	
1691.210883	8	6	3	0	2	7	1	3336	-1350	32	101466	15	8	55	0	0	0	0	0	0	0	0	0	0	0	0	0	0	
1692.216000	8	6	3	0	2	7	1	3330	-1350	32	101526	15	8	56	0	0	0	0	0	0	0	0	0	0	0	0	0	0	
1693.203833	8	6	3	0	2	7	1	3324	-1350	32	101586	15	8	58	0	0	0	0	0	0	0	0	0	0	0	0	0	0	
1694.208967	8	6	3	0	2	7	1	3318	-1349	32	101646	15	8	60	0	0	0	0	0	0	0	0	0	0	0	0	0	0	
1695.214083	8	6	3	0	2	7	1	3311	-1349	32	101706	15	8	61	0	0	0	0	0	0	0	0	0	0	0	0	0	0	
1696.219200	8	6	3	0	2	7	1	3305	-1350	32	101767	15	8	63	0	0	0	0	0	0	0	0	0	0	0	0	0	0	
1697.205600	8	6	3	0	2	7	1	3297	-1351	32	101826	15	8	65	0	0	0	0	0	0	0	0	0	0	0	0	0	0	
1698.212167	8	6	3	0	2	7	1	3289	-1349	32	101886	15	8	66	0	0	0	0	0	0	0	0	0	0	0	0	0	0	
1699.217283	8	6	3	0	2	7	1	3280	-1350	32	101946	15	8	68	0	0	0	0	0	0	0	0	0	0	0	0	0	0	
1700.203683	8	6	3	0	2	7	1	3272	-1347	32	102006	15	8	70	0	0	0	0	0	0	0	0	0	0	0	0	0	0	
1701.208800	8	6	3	0	2	7	1	3262	-1350	32	102066	15	8	71	0	0	0	0	0	0	0	0	0	0	0	0	0	0	
1702.213917	8	6	3	0	2	7	1	3249	-1349	32	102126	15	8	73	0	0	0	0	0	0	0	0	0	0	0	0	0	0	
1703.220483	8	6	3	0	2	7	1	3233	-1348	32	102187	15	8	75	0	0	0	0	0	0	0	0	0	0	0	0	0	0	
1704.206883	8	6	3	0	2	7	1	3214	-1350	32	102246	15	8	76	0	0	0	0	0	0	0	0	0	0	0	0	0	0	
1705.212000	8	6	3	0	2	7	1	3189	-1351	32	102306	15	8	78	0	0	0	0	0	0	0	0	0	0	0	0	0	0	
1706.217117	8	6	3	0	2	7	1	3210	-1349	32	102366	15	8	80	0	0	0	0	0	0	0	0	0	0	0	0	0	0	
1707.222233	8	6	3	0	2	7	1	3133	-1349	32	102427	15	8	81	0	0	0	0	0	0	0	0	0	0	0	0	0	0	
1708.208633	8	6	3	0	2	7	1	3019	-1350	32	102486	15	8	83	0	0	0	0	0	0	0	0	0	0	0	0	0	0	
1709.215200	8	6	3	0	2	7	1	2679	-1349	32	102546	15	8	85	0	0	0	0	0	0	0	0	0	0	0	0	0	0	
1709.259833	8	15	3	0	1	31	2	3006	5	32	102549	17	8	85	0	0	0	0	0	0	0	0	0	0	0	0	0	0	
1709.280000	8	3	3	0	1	2	2	3195	676	32	102550	17	8	85	0	0	0	0	0	0	0	0	0	0	0	0	0	0	
1710.204483	8	3	3	0	1	2	2	3548	674	32	102606	17	8	85	0	0	0	0	0	0	0	0	0	0	0	0	0	0	
1711.209600	8	3	3	0	1	2	2	3660	674	32	102666	17	8	85	0	0	0	0	0	0	0	0	0	0	0	0	0	0	
1712.214717	8	3	3	0	1	2	2	3729	673	32	102726	17	8	85	0	0	0	0	0	0	0	0	0	0	0	0	0	0	
1713.221283	8	3	3	0	1	2	2	3776	674	32	102787	17	8	85	0	0	0	0	0	0	0	0	0	0	0	0	0	0	
1714.207683	8	3	3	0	1	2	2	3814	674	32	102846	17	8	85	0	0	0	0	0	0	0	0	0	0	0	0	0	0	
1715.212800	8	3	3	0	1	2	2	3836	675	32	102906	17	8	85	0	0	0	0	0	0	0	0	0	0	0	0	0	0	
1716.217917	8	3	3	0	1	2	2	3848	675	32	102966	17	8	85	0	0	0	0	0	0	0	0	0	0	0	0	0	0	
1717.223033	8	3	3	0	1	2	2	3858	676	32	103027	17	8	85	0	0	0	0	0	0	0	0	0	0	0	0	0	0	
1718.209433	8	3	3	0	1	2	2	3863	673	32	103086	17	8	85	0	0	0	0	0	0	0	0	0	0	0	0	0	0	
1719.216000	8	3	3	0	1	2	2	3873	675	32	103146	17	8	85	0	0	0	0	0	0	0	0	0	0	0	0	0	0	
1720.224000	8	3	3	0	1	2	2	3882	674	32	103207	17	8	85	0	0	0	0	0	0	0	0	0	0	0	0	0	0	
1721.210400	8	3	3	0	1	2	2	3888	674	32	103266	17	8	85	0	0	0	0	0	0	0	0	0	0	0	0	0	0	
1722.215517	8	3	3	0	1	2	2	3894	675	32	103326	17	8	85	0	0	0	0	0	0	0	0	0	0	0	0	0	0	
1723.220633	8	3	3	0	1	2	2	3898	675	32	103387	17	8	85	0	0	0	0	0	0	0	0	0	0	0	0	0	0	
1724.208483	8	3	3	0	1	2	2	3903	674	32	103446	17	8	85	0	0	0	0	0	0	0	0	0	0	0	0	0	0	
1725.213600	8	3	3	0	1	2	2	3910	674	32	103506	17	8	85	0	0	0	0	0	0	0	0	0	0	0	0	0	0	
1726.218717	8	3	3	0	1	2	2	3917	674	32	103566	17	8	85	0	0	0	0	0	0	0	0	0	0	0	0	0	0	
1727.205117	8	3	3	0	1	2	2	3924	674	32	103626	17	8	85	0	0	0	0	0	0	0	0	0	0	0	0	0	0	
1728.210233	8	3	3	0	1	2	2	3930	674	32	103686	17	8	85	0	0	0	0	0	0	0	0	0	0	0	0	0	0	
1729.216800	8	3	3	0	1	2	2	3937	674	32	103746	17	8	85	0	0	0	0	0	0	0	0	0	0	0	0	0	0	
1730.221917	8	3	3	0	1	2	2	3943	674	32	103807	17	8	85	0	0	0	0	0	0	0	0	0	0	0	0	0	0	
1731.208317	8	3	3	0	1	2	2	3949	674	32	103866	17	8	85	0	0	0	0	0	0	0	0	0	0	0	0	0	0	
1732.213433	8	3	3	0	1	2	2	3955	676	32	103926	17	8	85	0	0	0	0	0	0	0	0	0	0	0	0	0	0	
1733.218567	8	3	3	0	1	2	2	3959	675	32	103986	17	8	85	0	0	0	0	0	0	0	0	0	0	0	0	0	0	
1734.225117	8	3	3	0	1	2	2	3963	674	32	104047	17	8	85	0	0	0	0	0	0	0	0	0	0	0	0	0	0	
1735.211517	8	3	3	0	1	2	2	3967	674	32	104106	17	8	85	0	0	0	0	0	0	0	0	0	0	0	0	0	0	
1736.216633	8	3	3	0	1	2	2	3970	674	32	104166	17	8	85	0	0	0	0	0	0	0	0	0	0	0	0	0	0	
1737.221767	8	3	3	0	1	2	2	3974	675	32	104227	17	8	85	0	0	0	0	0	0	0	0	0	0	0	0	0	0	
1738.208167	8	3	3	0	1	2	2	3977	674	32	104286	17	8	85	0	0	0	0	0	0	0	0	0	0	0	0	0	0	
1739.214717	8	3	3	0	1	2	2	3980	674	32	104346	17	8	85	0	0	0	0	0	0	0	0	0	0	0	0	0	0	
1740.219833	8	3	3	0	1	2	2	3983	674	32	104406	17	8	85	0	0	0	0	0	0	0	0	0	0	0	0	0	0	
1741.224967	8	3	3	0	1	2	2	3986	674	32	104467	17	8	85	0	0	0	0	0	0	0	0	0	0	0	0	0	0	
1742.211367	8	3	3	0	1	2	2	3990	673	32	104526	17	8	85	0	0	0	0	0	0	0	0	0	0	0	0	0	0	
1743.216483	8	3	3	0	1	2	2	3993	674	32	104586	17	8	85	0	0	0	0	0	0	0	0	0	0	0	0	0	0	
1744.221600	8	3	3	0	1	2	2	3995	675	32	104647	17	8	85	0	0	0	0	0	0	0	0	0	0	0	0	0	0	
1745.209433	8	3	3	0	1	2	2	3999	674	32	104706	17	8	85	0	0	0	0	0	0	0	0	0	0	0	0	0	0	
1746.214567	8	3	3	0	1	2	2	4002	675	32	104766	17	8	85	0	0	0	0	0	0	0	0	0	0	0	0	0	0	
1747.219683	8	3	3	0	1	2	2	4006	674	32	104826	17	8	85	0	0	0	0	0	0	0	0	0	0	0	0	0	0	
1748.224800	8	3	3	0	1	2	2	4009	674	32	104887	17	8	85	0	0	0	0	0	0	0	0	0	0	0	0	0	0	
1749.211200	8	3	3	0	1	2	2	4013	674	32	104946	17	8	85	0	0	0	0	0	0	0	0	0	0	0	0	0	0	
1750.216317	8	3	3	0	1	2	2	4016	675	32	105006	17	8	85	0	0	0	0	0	0	0	0	0	0	0	0	0	0	
1751.222883	8	3	3	0	1	2	2	4020	675	32	105067	17	8	85	0	0	0	0	0	0	0	0	0	0	0	0	0	0	
1752.209283	8	3	3	0	1	2	2	4023	673	32	105126	17	8	85	0	0	0	0	0	0	0	0	0	0	0	0	0	0	
1753.214400	8	3	3	0	1	2	2	4027	674	32	105186	17	8	85	0	0	0	0	0	0	0	0	0	0	0	0	0	0	
1754.219517	8	3	3	0	1	2	2	4031	674	32	105246	17	8	85	0	0	0	0	0	0	0	0	0	0	0	0	0	0	
1755.224633	8	3	3	0	1	2	2	4034	674	32	105307	17	8	85	0	0	0	0	0	0	0	0	0	0	0	0	0	0	
1756.212483	8	3	3	0	1	2	2	4038	675	32	105366	17	8	85	0	0	0	0	0	0	0	0	0	0	0	0	0	0	
1757.217600	8	3	3	0	1	2	2	4042	674	32	105426	17	8	85	0	0	0	0	0	0	0	0	0	0	0	0	0	0	
1758.222717	8	3	3	0	1	2	2	4046	675	32	105486	17	8	85	0	0	0	0	0	0	0	0	0	0	0	0	0	0	
1759.209117	8	3	3	0	1	2	2	4050	674	32	105546	17	8	85	0	0	0	0	0	0	0	0	0	0	0	0	0	0	
1760.214233	8	3	3	0	1	2	2	4054	675	32	105606	17	8	85	0	0	0	0	0	0	0	0	0	0	0	0	0	0	
1761.219367	8	3	3	0	1	2	2	4058	675	32	105666	17	8	85	0	0	0	0	0	0	0	0	0	0	0	0	0	0	
1762.225917	8	3	3	0	1	2	2	4062	674	32	105727	17	8	85	0	0	0	0	0	0	0	0	0	0	0	0	0	0	
1763.212317	8	3	3	0	1	2	2	4067	675	32	105786	17	8	85	0	0	0	0	0	0	0	0	0	0	0	0	0	0	
1764.217433	8	3	3	0	1	2	2	4071	675	32	105846	17	8	85	0	0	0	0	0	0	0	0	0	0	0	0	0	0	
1765.222567	8	3	3	0	1	2	2	4076	675	32	105906	17	8	85	0	0	0	0	0	0	0	0	0	0	0	0	0	0	
1766.208967	8	3	3	0	1	2	2	4080	675	32	105966	17	8	85	0	0	0	0	0	0	0	0	0	0	0	0	0	0	
1767.215517	8	3	3	0	1	2	2	4085	675	32	106026	17	8	85	0	0	0	0	0	0	0	0	0	0	0	0	0	0	
1768.220633	8	3	3	0	1	2	2	4090	675	32	106086	17	8	85	0	0	0	0	0	0	0	0	0	0	0	0	0	0	
1769.225767	8	3	3	0	1	2	2	4094	674	32	106147	17	8	85	0	0	0	0	0	0	0	0	0	0	0	0	0	0	
1770.212167	8	3	3	0	1	2	2	4099	673	32	106206	17	8	85	0	0	0	0	0	0	0	0	0	0	0	0	0	0	
1771.217283	8	3	3	0	1	2	2	4104	674	32	106266	17	8	85	0	0	0	0	0	0	0	0	0	0	0	0	0	0	
1772.223833	8	3	3	0	1	2	2	4109	674	32	106326	17	8	85	0	0	0	0	0	0	0	0	0	0	0	0	0	0	
1773.210233	8	3	3	0	1	2	2	4115	674	32	106386	17	8	85	0	0	0	0	0	0	0	0	0	0	0	0	0	0	
1774.215367	8	3	3	0	1	2	2	4117	665	32	106446	17	8	85	0	0	0	0	0	0	0	0	0	0	0	0	0	0	
1775.220483	8	3	3	0	1	2	2	4122	664	32	106506	17	8	85	0	0	0	0	0	0	0	0	0	0	0	0	0	0	
1776.225600	8	3	3	0	1	2	2	4127	662	32	106567	17	8	85	0	0	0	0	0	0	0	0	0	0	0	0	0	0	
1777.213433	8	3	3	0	1	2	2	4133	662	32	106626	17	8	85	0	0	0	0	0	0	0	0	0	0	0	0	0	0	
1778.218567	8	3	3	0	1	2	2	4138	661	32	106686	17	8	85	0	0	0	0	0	0	0	0	0	0	0	0	0	0	
1779.223683	8	3	3	0	1	2	2	4143	659	32	106746	17	8	85	0	0	0	0	0	0	0	0	0	0	0	0	0	0	
1780.210083	8	3	3	0	1	2	2	4149	658	32	106806	17	8	85	0	0	0	0	0	0	0	0	0	0	0	0	0	0	
1781.215200	8	3	3	0	1	2	2	4154	659	32	106866	17	8	85	0	0	0	0	0	0	0	0	0	0	0	0	0	0	
1782.220317	8	3	3	0	1	2	2	4160	658	32	106926	17	8	85	0	0	0	0	0	0	0	0	0	0	0	0	0	0	
1783.226883	8	3	3	0	1	2	2	4166	658	32	106987	17	8	85	0	0	0	0	0	0	0	0	0	0	0	0	0	0	
1784.213283	8	3	3	0	1	2	2	4173	658	32	107046	17	8	85	0	0	0	0	0	0	0	0	0	0	0	0	0	0	
1785.218400	8	3	3	0	1	2	2	4178	658	32	107106	17	8	85	0	0	0	0	0	0	0	0	0	0	0	0	0	0	
1786.223517	8	3	3	0	1	2	2	4184	655	32	107166	17	8	85	0	0	0	0	0	0	0	0	0	0	0	0	0	0	
1787.209917	8	3	3	0	1	2	2	4191	657	32	107226	17	8	85	0	0	0	0	0	0	0	0	0	0	0	0	0	0	
1788.215033	8	3	3	0	1	2	2	4197	654	32	107286	17	8	85	0	0	0	0	0	0	0	0	0	0	0	0	0	0	
1789.221600	8	3	3	0	1	2	2	4199	637	32	107346	17	8	85	0	0	0	0	0	0	0	0	0	0	0	0	0	0	
1790.226717	8	3	3	0	1	2	2	4199	607	32	107407	17	8	85	0	0	0	0	0	0	0	0	0	0	0	0	0	0	
1791.213117	8	3	3	0	1	2	2	4198	586	32	107466	17	8	85	0	0	0	0	0	0	0	0	0	0	0	0	0	0	
1792.218233	8	3	3	0	1	2	2	4198	566	32	107526	17	8	85	0	0	0	0	0	0	0	0	0	0	0	0	0	0	
1793.224800	8	3	3	0	1	2	2	4198	546	32	107586	17	8	85	0	0	0	0	0	0	0	0	0	0	0	0	0	0	
1794.229917	8	3	3	0	1	2	2	4198	518	32	107647	17	8	85	0	0	0	0	0	0	0	0	0	0	0	0	0	0	
1795.216317	8	3	3	0	1	2	2	4198	502	32	107706	17	8	85	0	0	0	0	0	0	0	0	0	0	0	0	0	0	
1796.221433	8	3	3	0	1	2	2	4198	499	32	107766	17	8	85	0	0	0	0	0	0	0	0	0	0	0	0	0	0	
1797.226567	8	3	3	0	1	2	2	4198	479	32	107827	17	8	85	0	0	0	0	0	0	0	0	0	0	0	0	0	0	
1798.212967	8	3	3	0	1	2	2	4198	459	32	107886	17	8	85	0	0	0	0	0	0	0	0	0	0	0	0	0	0	
1799.219517	8	3	3	0	1	2	2	4199	442	32	107946	17	8	85	0	0	0	0	0	0	0	0	0	0	0	0	0	0	
1800.224633	8	3	3	0	1	2	2	4199	435	32	108006	17	8	85	0	0	0	0	0	0	0	0	0	0	0	0	0	0	
1801.229767	8	3	3	0	1	2	2	4199	428	32	108067	17	8	85	0	0	0	0	0	0	0	0	0	0	0	0	0	0	
1802.216167	8	3	3	0	1	2	2	4199	410	32	108126	17	8	85	0	0	0	0	0	0	0	0	0	0	0	0	0	0	
1803.221283	8	3	3	0	1	2	2	4198	390	32	108186	17	8	85	0	0	0	0	0	0	0	0	0	0	0	0	0	0	
1804.226400	8	3	3	0	1	2	2	4198	380	32	108247	17	8	85	0	0	0	0	0	0	0	0	0	0	0	0	0	0	
1805.214233	8	3	3	0	1	2	2	4199	363	32	108306	17	8	85	0	0	0	0	0	0	0	0	0	0	0	0	0	0	
1806.219367	8	3	3	0	1	2	2	4198	343	32	108366	17	8	85	0	0	0	0	0	0	0	0	0	0	0	0	0	0	
1807.224483	8	3	3	0	1	2	2	4199	335	32	108426	17	8	85	0	0	0	0	0	0	0	0	0	0	0	0	0	0	
1808.229600	8	3	3	0	1	2	2	4199	321	32	108487	17	8	85	0	0	0	0	0	0	0	0	0	0	0	0	0	0	
1809.216000	8	3	3	0	1	2	2	4198	310	32	108546	17	8	85	0	0	0	0	0	0	0	0	0	0	0	0	0	0	
1810.222567	8	3	3	0	1	2	2	4198	297	32	108606	17	8	85	0	0	0	0	0	0	0	0	0	0	0	0	0	0	
1811.227683	8	3	3	0	1	2	2	4199	282	32	108667	17	8	85	0	0	0	0	0	0	0	0	0	0	0	0	0	0	
1812.214083	8	3	3	0	1	2	2	4199	267	32	108726	17	8	85	0	0	0	0	0	0	0	0	0	0	0	0	0	0	
1813.219200	8	3	3	0	1	2	2	4198	257	32	108786	17	8	85	0	0	0	0	0	0	0	0	0	0	0	0	0	0	
1814.224317	8	3	3	0	1	2	2	4198	248	32	108846	17	8	85	0	0	0	0	0	0	0	0	0	0	0	0	0	0	
1815.230883	8	3	3	0	1	2	2	4199	238	32	108907	17	8	85	0	0	0	0	0	0	0	0	0	0	0	0	0	0	
1816.217283	8	3	3	0	1	2	2	4199	229	32	108966	17	8	85	0	0	0	0	0	0	0	0	0	0	0	0	0	0	
1817.222400	8	3	3	0	1	2	2	4198	219	32	109026	17	8	85	0	0	0	0	0	0	0	0	0	0	0	0	0	0	
1818.227517	8	3	3	0	1	2	2	4198	212	32	109087	17	8	85	0	0	0	0	0	0	0	0	0	0	0	0	0	0	
1819.213917	8	3	3	0	1	2	2	4198	208	32	109146	17	8	85	0	0	0	0	0	0	0	0	0	0	0	0	0	0	
1820.220483	8	3	3	0	1	2	2	4198	203	32	109206	17	8	85	0	0	0	0	0	0	0	0	0	0	0	0	0	0	
1821.225600	8	3	3	0	1	2	2	4199	198	32	109266	17	8	85	0	0	0	0	0	0	0	0	0	0	0	0	0	0	
1822.230717	8	3	3	0	1	2	2	4199	192	32	109327	17	8	85	0	0	0	0	0	0	0	0	0	0	0	0	0	0	
1823.217117	8	3	3	0	1	2	2	4198	184	32	109386	17	8	85	0	0	0	0	0	0	0	0	0	0	0	0	0	0	
1824.222233	8	3	3	0	1	2	2	4199	177	32	109446	17	8	85	0	0	0	0	0	0	0	0	0	0	0	0	0	0	
1825.228800	8	3	3	0	1	2	2	4198	168	32	109507	17	8	85	0	0	0	0	0	0	0	0	0	0	0	0	0	0	
1826.215200	8	3	3	0	1	2	2	4198	162	32	109566	17	8	85	0	0	0	0	0	0	0	0	0	0	0	0	0	0	
1827.220317	8	3	3	0	1	2	2	4198	155	32	109626	17	8	85	0	0	0	0	0	0	0	0	0	0	0	0	0	0	
1828.225433	8	3	3	0	1	2	2	4199	150	32	109686	17	8	85	0	0	0	0	0	0	0	0	0	0	0	0	0	0	
1829.230567	8	3	3	0	1	2	2	4198	144	32	109747	17	8	85	0	0	0	0	0	0	0	0	0	0	0	0	0	0	
1830.219833	8	3	3	0	1	2	2	4199	142	32	109806	17	8	85	0	0	0	0	0	0	0	0	0	0	0	0	0	0	
1831.224967	8	3	3	0	1	2	2	4198	136	32	109866	17	8	85	0	0	0	0	0	0	0	0	0	0	0	0	0	0	
1832.230083	8	3	3	0	1	2	2	4198	132	32	109927	17	8	85	0	0	0	0	0	0	0	0	0	0	0	0	0	0	
1833.216483	8	3	3	0	1	2	2	4199	127	32	109986	17	8	85	0	0	0	0	0	0	0	0	0	0	0	0	0	0	
1834.221600	8	3	3	0	1	2	2	4199	122	32	110046	17	8	85	0	0	0	0	0	0	0	0	0	0	0	0	0	0	
1835.228167	8	3	3	0	1	2	2	4199	118	32	110106	17	8	85	0	0	0	0	0	0	0	0	0	0	0	0	0	0	
1836.214567	8	3	3	0	1	2	2	4198	114	32	110166	17	8	85	0	0	0	0	0	0	0	0	0	0	0	0	0	0	
1837.219683	8	3	3	0	1	2	2	4199	109	32	110226	17	8	85	0	0	0	0	0	0	0	0	0	0	0	0	0	0	
1838.224800	8	3	3	0	1	2	2	4199	106	32	110286	17	8	85	0	0	0	0	0	0	0	0	0	0	0	0	0	0	
1839.229917	8	3	3	0	1	2	2	4198	101	32	110347	17	8	85	0	0	0	0	0	0	0	0	0	0	0	0	0	0	
1840.216317	8	3	3	0	1	2	2	4199	98	32	110406	17	8	85	0	0	0	0	0	0	0	0	0	0	0	0	0	0	
1841.222883	8	3	3	0	1	2	2	4198	95	32	110466	17	8	85	0	0	0	0	0	0	0	0	0	0	0	0	0	0	
1842.228000	8	3	3	0	1	2	2	4198	91	32	110526	17	8	85	0	0	0	0	0	0	0	0	0	0	0	0	0	0	
1843.233117	8	3	3	0	1	2	2	4198	88	32	110587	17	8	85	0	0	0	0	0	0	0	0	0	0	0	0	0	0	
1844.219517	8	3	3	0	1	2	2	4198	85	32	110646	17	8	85	0	0	0	0	0	0	0	0	0	0	0	0	0	0	
1845.224633	8	3	3	0	1	2	2	4198	82	32	110706	17	8	85	0	0	0	0	0	0	0	0	0	0	0	0	0	0	
1846.231200	8	3	3	0	1	2	2	4199	80	32	110767	17	8	85	0	0	0	0	0	0	0	0	0	0	0	0	0	0	
1847.217600	8	3	3	0	1	2	2	4198	78	32	110826	17	8	85	0	0	0	0	0	0	0	0	0	0	0	0	0	0	
1848.222717	8	3	3	0	1	2	2	4198	75	32	110886	17	8	85	0	0	0	0	0	0	0	0	0	0	0	0	0	0	
1849.227833	8	3	3	0	1	2	2	4199	74	32	110946	17	8	85	0	0	0	0	0	0	0	0	0	0	0	0	0	0	
1850.232967	8	3	3	0	1	2	2	4199	71	32	111007	17	8	85	0	0	0	0	0	0	0	0	0	0	0	0	0	0	
1851.219367	8	3	3	0	1	2	2	4198	70	32	111066	17	8	85	0	0	0	0	0	0	0	0	0	0	0	0	0	0	
1852.225917	8	3	3	0	1	2	2	4198	67	32	111126	17	8	85	0	0	0	0	0	0	0	0	0	0	0	0	0	0	
1852.459200	8	6	3	0	2	7	1	3835	-1350	32	111140	17	9	0	0	0	0	0	0	0	0	0	0	0	0	0	0	0	
1853.232483	8	6	3	0	2	7	1	3779	-1350	32	111187	17	9	1	0	0	0	0	0	0	0	0	0	0	0	0	0	0	
1854.218883	8	6	3	0	2	7	1	3778	-1350	32	111246	17	9	2	0	0	0	0	0	0	0	0	0	0	0	0	0	0	
1855.226883	8	6	3	0	2	7	1	3679	-1348	32	111306	17	9	4	0	0	0	0	0	0	0	0	0	0	0	0	0	0	
1856.232000	8	6	3	0	2	7	1	3758	-1350	32	111367	17	9	6	0	0	0	0	0	0	0	0	0	0	0	0	0	0	
1857.218400	8	6	3	0	2	7	1	3663	-1351	32	111426	17	9	7	0	0	0	0	0	0	0	0	0	0	0	0	0	0	
1858.223517	8	6	3	0	2	7	1	3657	-1349	32	111486	17	9	9	0	0	0	0	0	0	0	0	0	0	0	0	0	0	
1859.228633	8	6	3	0	2	7	1	3705	-1349	32	111546	17	9	11	0	0	0	0	0	0	0	0	0	0	0	0	0	0	
1860.235200	8	6	3	0	2	7	1	3687	-1349	32	111607	17	9	12	0	0	0	0	0	0	0	0	0	0	0	0	0	0	
1861.221600	8	6	3	0	2	7	1	3669	-1350	32	111666	17	9	14	0	0	0	0	0	0	0	0	0	0	0	0	0	0	
1862.226717	8	6	3	0	2	7	1	3651	-1350	32	111726	17	9	16	0	0	0	0	0	0	0	0	0	0	0	0	0	0	
1863.231833	8	6	3	0	2	7	1	3633	-1350	32	111787	17	9	17	0	0	0	0	0	0	0	0	0	0	0	0	0	0	
1864.218233	8	6	3	0	2	7	1	3590	-1350	32	111846	17	9	19	0	0	0	0	0	0	0	0	0	0	0	0	0	0	
1865.223367	8	6	3	0	2	7	1	3557	-1351	32	111906	17	9	21	0	0	0	0	0	0	0	0	0	0	0	0	0	0	
1866.229917	8	6	3	0	2	7	1	3559	-1349	32	111966	17	9	22	0	0	0	0	0	0	0	0	0	0	0	0	0	0	
1867.235033	8	6	3	0	2	7	1	3543	-1349	32	112027	17	9	24	0	0	0	0	0	0	0	0	0	0	0	0	0	0	
1868.221433	8	6	3	0	2	7	1	3522	-1348	32	112086	17	9	26	0	0	0	0	0	0	0	0	0	0	0	0	0	0	
1869.226567	8	6	3	0	2	7	1	3594	-1348	32	112146	17	9	27	0	0	0	0	0	0	0	0	0	0	0	0	0	0	
1870.233117	8	6	3	0	2	7	1	3573	-1349	32	112207	17	9	29	0	0	0	0	0	0	0	0	0	0	0	0	0	0	
1871.219517	8	6	3	0	2	7	1	3552	-1350	32	112266	17	9	31	0	0	0	0	0	0	0	0	0	0	0	0	0	0	
1872.224633	8	6	3	0	2	7	1	3537	-1349	32	112326	17	9	32	0	0	0	0	0	0	0	0	0	0	0	0	0	0	
1873.229767	8	6	3	0	2	7	1	3523	-1348	32	112386	17	9	34	0	0	0	0	0	0	0	0	0	0	0	0	0	0	
1874.234883	8	6	3	0	2	7	1	3509	-1349	32	112447	17	9	36	0	0	0	0	0	0	0	0	0	0	0	0	0	0	
1875.221283	8	6	3	0	2	7	1	3498	-1350	32	112506	17	9	37	0	0	0	0	0	0	0	0	0	0	0	0	0	0	
1876.227833	8	6	3	0	2	7	1	3486	-1350	32	112566	17	9	39	0	0	0	0	0	0	0	0	0	0	0	0	0	0	
1877.232967	8	6	3	0	2	7	1	3474	-1350	32	112627	17	9	41	0	0	0	0	0	0	0	0	0	0	0	0	0	0	
1878.219367	8	6	3	0	2	7	1	3464	-1350	32	112686	17	9	42	0	0	0	0	0	0	0	0	0	0	0	0	0	0	
1879.224483	8	6	3	0	2	7	1	3454	-1349	32	112746	17	9	44	0	0	0	0	0	0	0	0	0	0	0	0	0	0	
1880.231033	8	6	3	0	2	7	1	3444	-1349	32	112806	17	9	46	0	0	0	0	0	0	0	0	0	0	0	0	0	0	
1881.236167	8	6	3	0	2	7	1	3435	-1349	32	112867	17	9	47	0	0	0	0	0	0	0	0	0	0	0	0	0	0	
1882.222567	8	6	3	0	2	7	1	3426	-1349	32	112926	17	9	49	0	0	0	0	0	0	0	0	0	0	0	0	0	0	
1883.227683	8	6	3	0	2	7	1	3418	-1350	32	112986	17	9	50	0	0	0	0	0	0	0	0	0	0	0	0	0	0	
1884.232800	8	6	3	0	2	7	1	3411	-1349	32	113047	17	9	52	0	0	0	0	0	0	0	0	0	0	0	0	0	0	
1885.219200	8	6	3	0	2	7	1	3403	-1351	32	113106	17	9	54	0	0	0	0	0	0	0	0	0	0	0	0	0	0	
1886.220000	8	6	3	0	2	7	1	3396	-1349	32	113166	17	9	55	0	0	0	0	0	0	0	0	0	0	0	0	0	0	
1887.225117	8	6	3	0	2	7	1	3389	-1351	32	113226	17	9	57	0	0	0	0	0	0	0	0	0	0	0	0	0	0	
1888.231683	8	6	3	0	2	7	1	3382	-1349	32	113286	17	9	59	0	0	0	0	0	0	0	0	0	0	0	0	0	0	
1889.236800	8	6	3	0	2	7	1	3375	-1348	32	113347	17	9	60	0	0	0	0	0	0	0	0	0	0	0	0	0	0	
1890.223200	8	6	3	0	2	7	1	3368	-1349	32	113406	17	9	62	0	0	0	0	0	0	0	0	0	0	0	0	0	0	
1891.228317	8	6	3	0	2	7	1	3361	-1349	32	113466	17	9	64	0	0	0	0	0	0	0	0	0	0	0	0	0	0	
1892.233433	8	6	3	0	2	7	1	3353	-1349	32	113527	17	9	65	0	0	0	0	0	0	0	0	0	0	0	0	0	0	
1893.219833	8	6	3	0	2	7	1	3345	-1348	32	113586	17	9	67	0	0	0	0	0	0	0	0	0	0	0	0	0	0	
1894.226400	8	6	3	0	2	7	1	3336	-1350	32	113646	17	9	69	0	0	0	0	0	0	0	0	0	0	0	0	0	0	
1895.231517	8	6	3	0	2	7	1	3327	-1349	32	113706	17	9	70	0	0	0	0	0	0	0	0	0	0	0	0	0	0	
1896.236633	8	6	3	0	2	7	1	3316	-1351	32	113767	17	9	72	0	0	0	0	0	0	0	0	0	0	0	0	0	0	
1897.223033	8	6	3	0	2	7	1	3301	-1350	32	113826	17	9	74	0	0	0	0	0	0	0	0	0	0	0	0	0	0	
1898.228167	8	6	3	0	2	7	1	3284	-1349	32	113886	17	9	75	0	0	0	0	0	0	0	0	0	0	0	0	0	0	
1899.234717	8	6	3	0	2	7	1	3261	-1350	32	113947	17	9	77	0	0	0	0	0	0	0	0	0	0	0	0	0	0	
1900.221117	8	6	3	0	2	7	1	3232	-1348	32	114006	17	9	79	0	0	0	0	0	0	0	0	0	0	0	0	0	0	
1901.226233	8	6	3	0	2	7	1	3187	-1351	32	114066	17	9	80	0	0	0	0	0	0	0	0	0	0	0	0	0	0	
1902.231367	8	6	3	0	2	7	1	3112	-1350	32	114126	17	9	82	0	0	0	0	0	0	0	0	0	0	0	0	0	0	
1903.236483	8	6	3	0	2	7	1	2964	-1348	32	114187	17	9	84	0	0	0	0	0	0	0	0	0	0	0	0	0	0	
1904.035683	8	15	3	0	1	31	2	3156	502	32	114235	19	9	85	0	0	0	0	0	0	0	0	0	0	0	0	0	0	
1904.055833	8	3	3	0	1	2	2	3242	676	32	114236	19	9	85	0	0	0	0	0	0	0	0	0	0	0	0	0	0	
1904.227200	8	3	3	0	1	2	2	3376	674	32	114246	19	9	85	0	0	0	0	0	0	0	0	0	0	0	0	0	0	
1905.232317	8	3	3	0	1	2	2	3590	674	32	114306	19	9	85	0	0	0	0	0	0	0	0	0	0	0	0	0	0	
1906.237433	8	3	3	0	1	2	2	3701	674	32	114367	19	9	85	0	0	0	0	0	0	0	0	0	0	0	0	0	0	
1907.223833	8	3	3	0	1	2	2	3765	675	32	114426	19	9	85	0	0	0	0	0	0	0	0	0	0	0	0	0	0	
1908.230400	8	3	3	0	1	2	2	3811	675	32	114486	19	9	85	0	0	0	0	0	0	0	0	0	0	0	0	0	0	
1909.235517	8	3	3	0	1	2	2	3849	674	32	114547	19	9	85	0	0	0	0	0	0	0	0	0	0	0	0	0	0	
1910.221917	8	3	3	0	1	2	2	3875	676	32	114606	19	9	85	0	0	0	0	0	0	0	0	0	0	0	0	0	0	
1911.227033	8	3	3	0	1	2	2	3889	675	32	114666	19	9	85	0	0	0	0	0	0	0	0	0	0	0	0	0	0	
1912.232167	8	3	3	0	1	2	2	3895	674	32	114726	19	9	85	0	0	0	0	0	0	0	0	0	0	0	0	0	0	
1913.237283	8	3	3	0	1	2	2	3889	674	32	114787	19	9	85	0	0	0	0	0	0	0	0	0	0	0	0	0	0	
1914.225117	8	3	3	0	1	2	2	3894	675	32	114846	19	9	85	0	0	0	0	0	0	0	0	0	0	0	0	0	0	
1915.230233	8	3	3	0	1	2	2	3906	674	32	114906	19	9	85	0	0	0	0	0	0	0	0	0	0	0	0	0	0	
1916.235367	8	3	3	0	1	2	2	3912	674	32	114967	19	9	85	0	0	0	0	0	0	0	0	0	0	0	0	0	0	
1917.221767	8	3	3	0	1	2	2	3917	675	32	115026	19	9	85	0	0	0	0	0	0	0	0	0	0	0	0	0	0	
1918.226883	8	3	3	0	1	2	2	3925	674	32	115086	19	9	85	0	0	0	0	0	0	0	0	0	0	0	0	0	0	
1919.232000	8	3	3	0	1	2	2	3930	674	32	115146	19	9	85	0	0	0	0	0	0	0	0	0	0	0	0	0	0	
1920.238567	8	3	3	0	1	2	2	3935	673	32	115207	19	9	85	0	0	0	0	0	0	0	0	0	0	0	0	0	0	
1921.224967	8	3	3	0	1	2	2	3943	675	32	115266	19	9	85	0	0	0	0	0	0	0	0	0	0	0	0	0	0	
1922.230083	8	3	3	0	1	2	2	3946	674	32	115326	19	9	85	0	0	0	0	0	0	0	0	0	0	0	0	0	0	
1923.235200	8	3	3	0	1	2	2	3955	674	32	115386	19	9	85	0	0	0	0	0	0	0	0	0	0	0	0	0	0	
1924.221600	8	3	3	0	1	2	2	3963	676	32	115446	19	9	85	0	0	0	0	0	0	0	0	0	0	0	0	0	0	
1925.226717	8	3	3	0	1	2	2	3970	674	32	115506	19	9	85	0	0	0	0	0	0	0	0	0	0	0	0	0	0	
1926.233283	8	3	3	0	1	2	2	3976	675	32	115566	19	9	85	0	0	0	0	0	0	0	0	0	0	0	0	0	0	
1927.238400	8	3	3	0	1	2	2	3982	675	32	115627	19	9	85	0	0	0	0	0	0	0	0	0	0	0	0	0	0	
1928.224800	8	3	3	0	1	2	2	3986	675	32	115686	19	9	85	0	0	0	0	0	0	0	0	0	0	0	0	0	0	
1929.229917	8	3	3	0	1	2	2	3989	673	32	115746	19	9	85	0	0	0	0	0	0	0	0	0	0	0	0	0	0	
1930.236483	8	3	3	0	1	2	2	3994	675	32	115806	19	9	85	0	0	0	0	0	0	0	0	0	0	0	0	0	0	
1931.222883	8	3	3	0	1	2	2	3997	674	32	115866	19	9	85	0	0	0	0	0	0	0	0	0	0	0	0	0	0	
1932.228000	8	3	3	0	1	2	2	4001	676	32	115926	19	9	85	0	0	0	0	0	0	0	0	0	0	0	0	0	0	
1933.233117	8	3	3	0	1	2	2	4005	674	32	115986	19	9	85	0	0	0	0	0	0	0	0	0	0	0	0	0	0	
1934.238233	8	3	3	0	1	2	2	4008	675	32	116047	19	9	85	0	0	0	0	0	0	0	0	0	0	0	0	0	0	
1935.224633	8	3	3	0	1	2	2	4011	674	32	116106	19	9	85	0	0	0	0	0	0	0	0	0	0	0	0	0	0	
1936.231200	8	3	3	0	1	2	2	4015	675	32	116166	19	9	85	0	0	0	0	0	0	0	0	0	0	0	0	0	0	
1937.236317	8	3	3	0	1	2	2	4018	674	32	116226	19	9	85	0	0	0	0	0	0	0	0	0	0	0	0	0	0	
1938.222717	8	3	3	0	1	2	2	4021	674	32	116286	19	9	85	0	0	0	0	0	0	0	0	0	0	0	0	0	0	
1939.227833	8	3	3	0	1	2	2	4024	674	32	116346	19	9	85	0	0	0	0	0	0	0	0	0	0	0	0	0	0	
1940.232967	8	3	3	0	1	2	2	4028	674	32	116406	19	9	85	0	0	0	0	0	0	0	0	0	0	0	0	0	0	
1941.239517	8	3	3	0	1	2	2	4031	675	32	116467	19	9	85	0	0	0	0	0	0	0	0	0	0	0	0	0	0	
1942.228800	8	3	3	0	1	2	2	4034	674	32	116526	19	9	85	0	0	0	0	0	0	0	0	0	0	0	0	0	0	
1943.233917	8	3	3	0	1	2	2	4038	674	32	116586	19	9	85	0	0	0	0	0	0	0	0	0	0	0	0	0	0	
1944.240483	8	3	3	0	1	2	2	4041	675	32	116647	19	9	85	0	0	0	0	0	0	0	0	0	0	0	0	0	0	
1945.226883	8	3	3	0	1	2	2	4044	674	32	116706	19	9	85	0	0	0	0	0	0	0	0	0	0	0	0	0	0	
1946.232000	8	3	3	0	1	2	2	4048	674	32	116766	19	9	85	0	0	0	0	0	0	0	0	0	0	0	0	0	0	
1947.237117	8	3	3	0	1	2	2	4052	674	32	116826	19	9	85	0	0	0	0	0	0	0	0	0	0	0	0	0	0	
1948.223517	8	3	3	0	1	2	2	4055	675	32	116886	19	9	85	0	0	0	0	0	0	0	0	0	0	0	0	0	0	
1949.230083	8	3	3	0	1	2	2	4059	674	32	116946	19	9	85	0	0	0	0	0	0	0	0	0	0	0	0	0	0	
1950.235200	8	3	3	0	1	2	2	4062	674	32	117006	19	9	85	0	0	0	0	0	0	0	0	0	0	0	0	0	0	
1951.240317	8	3	3	0	1	2	2	4066	673	32	117067	19	9	85	0	0	0	0	0	0	0	0	0	0	0	0	0	0	
1952.226717	8	3	3	0	1	2	2	4070	674	32	117126	19	9	85	0	0	0	0	0	0	0	0	0	0	0	0	0	0	
1953.231833	8	3	3	0	1	2	2	4074	676	32	117186	19	9	85	0	0	0	0	0	0	0	0	0	0	0	0	0	0	
1954.236967	8	3	3	0	1	2	2	4078	675	32	117246	19	9	85	0	0	0	0	0	0	0	0	0	0	0	0	0	0	
1955.224800	8	3	3	0	1	2	2	4082	674	32	117306	19	9	85	0	0	0	0	0	0	0	0	0	0	0	0	0	0	
1956.229917	8	3	3	0	1	2	2	4086	674	32	117366	19	9	85	0	0	0	0	0	0	0	0	0	0	0	0	0	0	
1957.235033	8	3	3	0	1	2	2	4090	674	32	117426	19	9	85	0	0	0	0	0	0	0	0	0	0	0	0	0	0	
1958.240167	8	3	3	0	1	2	2	4095	674	32	117487	19	9	85	0	0	0	0	0	0	0	0	0	0	0	0	0	0	
1959.226567	8	3	3	0	1	2	2	4099	674	32	117546	19	9	85	0	0	0	0	0	0	0	0	0	0	0	0	0	0	
1960.231683	8	3	3	0	1	2	2	4104	673	32	117606	19	9	85	0	0	0	0	0	0	0	0	0	0	0	0	0	0	
1961.238233	8	3	3	0	1	2	2	4108	673	32	117666	19	9	85	0	0	0	0	0	0	0	0	0	0	0	0	0	0	
1962.224633	8	3	3	0	1	2	2	4113	675	32	117726	19	9	85	0	0	0	0	0	0	0	0	0	0	0	0	0	0	
1963.229767	8	3	3	0	1	2	2	4116	669	32	117786	19	9	85	0	0	0	0	0	0	0	0	0	0	0	0	0	0	
1964.234883	8	3	3	0	1	2	2	4120	666	32	117846	19	9	85	0	0	0	0	0	0	0	0	0	0	0	0	0	0	
1965.240000	8	3	3	0	1	2	2	4124	662	32	117907	19	9	85	0	0	0	0	0	0	0	0	0	0	0	0	0	0	
1966.226400	8	3	3	0	1	2	2	4129	663	32	117966	19	9	85	0	0	0	0	0	0	0	0	0	0	0	0	0	0	
1967.232967	8	3	3	0	1	2	2	4134	663	32	118026	19	9	85	0	0	0	0	0	0	0	0	0	0	0	0	0	0	
1968.238083	8	3	3	0	1	2	2	4139	662	32	118086	19	9	85	0	0	0	0	0	0	0	0	0	0	0	0	0	0	
1969.224483	8	3	3	0	1	2	2	4143	659	32	118146	19	9	85	0	0	0	0	0	0	0	0	0	0	0	0	0	0	
1970.229600	8	3	3	0	1	2	2	4149	660	32	118206	19	9	85	0	0	0	0	0	0	0	0	0	0	0	0	0	0	
1971.234717	8	3	3	0	1	2	2	4154	660	32	118266	19	9	85	0	0	0	0	0	0	0	0	0	0	0	0	0	0	
1972.241283	8	3	3	0	1	2	2	4160	660	32	118327	19	9	85	0	0	0	0	0	0	0	0	0	0	0	0	0	0	
1973.227683	8	3	3	0	1	2	2	4165	658	32	118386	19	9	85	0	0	0	0	0	0	0	0	0	0	0	0	0	0	
1974.232800	8	3	3	0	1	2	2	4170	655	32	118446	19	9	85	0	0	0	0	0	0	0	0	0	0	0	0	0	0	
1975.237917	8	3	3	0	1	2	2	4176	657	32	118506	19	9	85	0	0	0	0	0	0	0	0	0	0	0	0	0	0	
1976.243033	8	3	3	0	1	2	2	4182	655	32	118567	19	9	85	0	0	0	0	0	0	0	0	0	0	0	0	0	0	
1977.230883	8	3	3	0	1	2	2	4187	654	32	118626	19	9	85	0	0	0	0	0	0	0	0	0	0	0	0	0	0	
1978.236000	8	3	3	0	1	2	2	4193	654	32	118686	19	9	85	0	0	0	0	0	0	0	0	0	0	0	0	0	0	
1979.241117	8	3	3	0	1	2	2	4199	654	32	118747	19	9	85	0	0	0	0	0	0	0	0	0	0	0	0	0	0	
1980.227517	8	3	3	0	1	2	2	4198	631	32	118806	19	9	85	0	0	0	0	0	0	0	0	0	0	0	0	0	0	
1981.232633	8	3	3	0	1	2	2	4198	615	32	118866	19	9	85	0	0	0	0	0	0	0	0	0	0	0	0	0	0	
1982.239200	8	3	3	0	1	2	2	4199	590	32	118926	19	9	85	0	0	0	0	0	0	0	0	0	0	0	0	0	0	
1983.244317	8	3	3	0	1	2	2	4199	566	32	118987	19	9	85	0	0	0	0	0	0	0	0	0	0	0	0	0	0	
1984.230717	8	3	3	0	1	2	2	4199	553	32	119046	19	9	85	0	0	0	0	0	0	0	0	0	0	0	0	0	0	
1985.235833	8	3	3	0	1	2	2	4198	539	32	119106	19	9	85	0	0	0	0	0	0	0	0	0	0	0	0	0	0	
1986.240967	8	3	3	0	1	2	2	4199	528	32	119167	19	9	85	0	0	0	0	0	0	0	0	0	0	0	0	0	0	
1987.227367	8	3	3	0	1	2	2	4198	528	32	119226	19	9	85	0	0	0	0	0	0	0	0	0	0	0	0	0	0	
1988.233917	8	3	3	0	1	2	2	4198	532	32	119286	19	9	85	0	0	0	0	0	0	0	0	0	0	0	0	0	0	
1989.239033	8	3	3	0	1	2	2	4198	510	32	119346	19	9	85	0	0	0	0	0	0	0	0	0	0	0	0	0	0	
1990.244167	8	3	3	0	1	2	2	4198	509	32	119407	19	9	85	0	0	0	0	0	0	0	0	0	0	0	0	0	0	
1991.230567	8	3	3	0	1	2	2	4199	499	32	119466	19	9	85	0	0	0	0	0	0	0	0	0	0	0	0	0	0	
1992.235683	8	3	3	0	1	2	2	4199	484	32	119526	19	9	85	0	0	0	0	0	0	0	0	0	0	0	0	0	0	
1993.240800	8	3	3	0	1	2	2	4199	458	32	119587	19	9	85	0	0	0	0	0	0	0	0	0	0	0	0	0	0	
1994.228633	8	3	3	0	1	2	2	4198	427	32	119646	19	9	85	0	0	0	0	0	0	0	0	0	0	0	0	0	0	
1995.233767	8	3	3	0	1	2	2	4198	399	32	119706	19	9	85	0	0	0	0	0	0	0	0	0	0	0	0	0	0	
1996.238883	8	3	3	0	1	2	2	4198	391	32	119766	19	9	85	0	0	0	0	0	0	0	0	0	0	0	0	0	0	
1997.244000	8	3	3	0	1	2	2	4199	377	32	119827	19	9	85	0	0	0	0	0	0	0	0	0	0	0	0	0	0	
1998.230400	8	3	3	0	1	2	2	4198	349	32	119886	19	9	85	0	0	0	0	0	0	0	0	0	0	0	0	0	0	
1999.236967	8	3	3	0	1	2	2	4198	345	32	119946	19	9	85	0	0	0	0	0	0	0	0	0	0	0	0	0	0	
2000.242083	8	3	3	0	1	2	2	4199	334	32	120007	19	9	85	0	0	0	0	0	0	0	0	0	0	0	0	0	0	
2001.228483	8	3	3	0	1	2	2	4199	317	32	120066	19	9	85	0	0	0	0	0	0	0	0	0	0	0	0	0	0	
2002.233600	8	3	3	0	1	2	2	4198	307	32	120126	19	9	85	0	0	0	0	0	0	0	0	0	0	0	0	0	0	
2003.238717	8	3	3	0	1	2	2	4198	295	32	120186	19	9	85	0	0	0	0	0	0	0	0	0	0	0	0	0	0	
2004.243833	8	3	3	0	1	2	2	4198	290	32	120247	19	9	85	0	0	0	0	0	0	0	0	0	0	0	0	0	0	
2005.231683	8	3	3	0	1	2	2	4198	275	32	120306	19	9	85	0	0	0	0	0	0	0	0	0	0	0	0	0	0	
2006.236800	8	3	3	0	1	2	2	4198	263	32	120366	19	9	85	0	0	0	0	0	0	0	0	0	0	0	0	0	0	
2007.241917	8	3	3	0	1	2	2	4198	253	32	120426	19	9	85	0	0	0	0	0	0	0	0	0	0	0	0	0	0	
2008.228317	8	3	3	0	1	2	2	4198	239	32	120486	19	9	85	0	0	0	0	0	0	0	0	0	0	0	0	0	0	
2009.233433	8	3	3	0	1	2	2	4198	228	32	120546	19	9	85	0	0	0	0	0	0	0	0	0	0	0	0	0	0	
2010.240000	8	3	3	0	1	2	2	4198	216	32	120606	19	9	85	0	0	0	0	0	0	0	0	0	0	0	0	0	0	
2011.245117	8	3	3	0	1	2	2	4198	208	32	120667	19	9	85	0	0	0	0	0	0	0	0	0	0	0	0	0	0	
2012.231517	8	3	3	0	1	2	2	4198	200	32	120726	19	9	85	0	0	0	0	0	0	0	0	0	0	0	0	0	0	
2013.236633	8	3	3	0	1	2	2	4198	195	32	120786	19	9	85	0	0	0	0	0	0	0	0	0	0	0	0	0	0	
2014.241767	8	3	3	0	1	2	2	4199	185	32	120846	19	9	85	0	0	0	0	0	0	0	0	0	0	0	0	0	0	
2015.229600	8	3	3	0	1	2	2	4198	180	32	120906	19	9	85	0	0	0	0	0	0	0	0	0	0	0	0	0	0	
2016.234717	8	3	3	0	1	2	2	4198	175	32	120966	19	9	85	0	0	0	0	0	0	0	0	0	0	0	0	0	0	
2017.239833	8	3	3	0	1	2	2	4198	170	32	121026	19	9	85	0	0	0	0	0	0	0	0	0	0	0	0	0	0	
2018.244967	8	3	3	0	1	2	2	4199	161	32	121087	19	9	85	0	0	0	0	0	0	0	0	0	0	0	0	0	0	
2019.231367	8	3	3	0	1	2	2	4198	155	32	121146	19	9	85	0	0	0	0	0	0	0	0	0	0	0	0	0	0	
2020.236483	8	3	3	0	1	2	2	4199	149	32	121206	19	9	85	0	0	0	0	0	0	0	0	0	0	0	0	0	0	
2021.243033	8	3	3	0	1	2	2	4198	145	32	121266	19	9	85	0	0	0	0	0	0	0	0	0	0	0	0	0	0	
2022.229433	8	3	3	0	1	2	2	4199	143	32	121326	19	9	85	0	0	0	0	0	0	0	0	0	0	0	0	0	0	
2023.234567	8	3	3	0	1	2	2	4199	140	32	121386	19	9	85	0	0	0	0	0	0	0	0	0	0	0	0	0	0	
2024.239683	8	3	3	0	1	2	2	4198	138	32	121446	19	9	85	0	0	0	0	0	0	0	0	0	0	0	0	0	0	
2025.244800	8	3	3	0	1	2	2	4199	136	32	121507	19	9	85	0	0	0	0	0	0	0	0	0	0	0	0	0	0	
2026.231200	8	3	3	0	1	2	2	4198	133	32	121566	19	9	85	0	0	0	0	0	0	0	0	0	0	0	0	0	0	
2027.237767	8	3	3	0	1	2	2	4198	128	32	121626	19	9	85	0	0	0	0	0	0	0	0	0	0	0	0	0	0	
2028.242883	8	3	3	0	1	2	2	4198	124	32	121686	19	9	85	0	0	0	0	0	0	0	0	0	0	0	0	0	0	
2029.229283	8	3	3	0	1	2	2	4198	120	32	121746	19	9	85	0	0	0	0	0	0	0	0	0	0	0	0	0	0	
2030.234400	8	3	3	0	1	2	2	4198	117	32	121806	19	9	85	0	0	0	0	0	0	0	0	0	0	0	0	0	0	
2031.239517	8	3	3	0	1	2	2	4199	112	32	121866	19	9	85	0	0	0	0	0	0	0	0	0	0	0	0	0	0	
2032.244633	8	3	3	0	1	2	2	4198	109	32	121927	19	9	85	0	0	0	0	0	0	0	0	0	0	0	0	0	0	
2033.232483	8	3	3	0	1	2	2	4198	106	32	121986	19	9	85	0	0	0	0	0	0	0	0	0	0	0	0	0	0	
2034.237600	8	3	3	0	1	2	2	4198	102	32	122046	19	9	85	0	0	0	0	0	0	0	0	0	0	0	0	0	0	
2035.242717	8	3	3	0	1	2	2	4198	100	32	122106	19	9	85	0	0	0	0	0	0	0	0	0	0	0	0	0	0	
2036.247833	8	3	3	0	1	2	2	4198	97	32	122167	19	9	85	0	0	0	0	0	0	0	0	0	0	0	0	0	0	
2037.234233	8	3	3	0	1	2	2	4198	93	32	122226	19	9	85	0	0	0	0	0	0	0	0	0	0	0	0	0	0	
2038.240800	8	3	3	0	1	2	2	4198	91	32	122286	19	9	85	0	0	0	0	0	0	0	0	0	0	0	0	0	0	
2039.245917	8	3	3	0	1	2	2	4198	87	32	122347	19	9	85	0	0	0	0	0	0	0	0	0	0	0	0	0	0	
2040.232317	8	3	3	0	1	2	2	4198	85	32	122406	19	9	85	0	0	0	0	0	0	0	0	0	0	0	0	0	0	
2041.237433	8	3	3	0	1	2	2	4198	83	32	122466	19	9	85	0	0	0	0	0	0	0	0	0	0	0	0	0	0	
2042.242567	8	3	3	0	1	2	2	4198	81	32	122526	19	9	85	0	0	0	0	0	0	0	0	0	0	0	0	0	0	
2043.249117	8	3	3	0	1	2	2	4198	78	32	122587	19	9	85	0	0	0	0	0	0	0	0	0	0	0	0	0	0	
2044.235517	8	3	3	0	1	2	2	4199	76	32	122646	19	9	85	0	0	0	0	0	0	0	0	0	0	0	0	0	0	
2045.240633	8	3	3	0	1	2	2	4198	73	32	122706	19	9	85	0	0	0	0	0	0	0	0	0	0	0	0	0	0	
2046.245767	8	3	3	0	1	2	2	4198	71	32	122767	19	9	85	0	0	0	0	0	0	0	0	0	0	0	0	0	0	
2047.232167	8	3	3	0	1	2	2	4198	69	32	122826	19	9	85	0	0	0	0	0	0	0	0	0	0	0	0	0	0	
2048.237283	8	3	3	0	1	2	2	4199	68	32	122886	19	9	85	0	0	0	0	0	0	0	0	0	0	0	0	0	0	
2048.659200	8	6	3	0	2	7	1	3816	-1260	32	122911	19	10	0	0	0	0	0	0	0	0	0	0	0	0	0	0	0	
2049.245283	8	6	3	0	2	7	1	3804	-1351	32	122946	19	10	0	0	0	0	0	0	0	0	0	0	0	0	0	0	0	
2050.231683	8	6	3	0	2	7	1	3753	-1351	32	123006	19	10	2	0	0	0	0	0	0	0	0	0	0	0	0	0	0	
2051.236800	8	6	3	0	2	7	1	3776	-1349	32	123066	19	10	4	0	0	0	0	0	0	0	0	0	0	0	0	0	0	
2052.241917	8	6	3	0	2	7	1	3755	-1349	32	123126	19	10	5	0	0	0	0	0	0	0	0	0	0	0	0	0	0	
2053.247033	8	6	3	0	2	7	1	3740	-1351	32	123187	19	10	7	0	0	0	0	0	0	0	0	0	0	0	0	0	0	
2054.233433	8	6	3	0	2	7	1	3724	-1349	32	123246	19	10	9	0	0	0	0	0	0	0	0	0	0	0	0	0	0	
2055.240000	8	6	3	0	2	7	1	3705	-1350	32	123306	19	10	10	0	0	0	0	0	0	0	0	0	0	0	0	0	0	
2056.245117	8	6	3	0	2	7	1	3686	-1350	32	123366	19	10	12	0	0	0	0	0	0	0	0	0	0	0	0	0	0	
2057.231517	8	6	3	0	2	7	1	3669	-1351	32	123426	19	10	14	0	0	0	0	0	0	0	0	0	0	0	0	0	0	
2058.236633	8	6	3	0	2	7	1	3589	-1348	32	123486	19	10	15	0	0	0	0	0	0	0	0	0	0	0	0	0	0	
2059.241767	8	6	3	0	2	7	1	3581	-1350	32	123546	19	10	17	0	0	0	0	0	0	0	0	0	0	0	0	0	0	
2060.248317	8	6	3	0	2	7	1	3552	-1349	32	123607	19	10	19	0	0	0	0	0	0	0	0	0	0	0	0	0	0	
2061.234717	8	6	3	0	2	7	1	3549	-1350	32	123666	19	10	20	0	0	0	0	0	0	0	0	0	0	0	0	0	0	
2062.239833	8	6	3	0	2	7	1	3547	-1350	32	123726	19	10	22	0	0	0	0	0	0	0	0	0	0	0	0	0	0	
2063.244967	8	6	3	0	2	7	1	3530	-1351	32	123786	19	10	24	0	0	0	0	0	0	0	0	0	0	0	0	0	0	
2064.250083	8	6	3	0	2	7	1	3523	-1350	32	123847	19	10	25	0	0	0	0	0	0	0	0	0	0	0	0	0	0	
2065.237917	8	6	3	0	2	7	1	3505	-1348	32	123906	19	10	27	0	0	0	0	0	0	0	0	0	0	0	0	0	0	
2066.243033	8	6	3	0	2	7	1	3494	-1351	32	123966	19	10	29	0	0	0	0	0	0	0	0	0	0	0	0	0	0	
2067.248167	8	6	3	0	2	7	1	3488	-1350	32	124027	19	10	30	0	0	0	0	0	0	0	0	0	0	0	0	0	0	
2068.234567	8	6	3	0	2	7	1	3474	-1349	32	124086	19	10	32	0	0	0	0	0	0	0	0	0	0	0	0	0	0	
2069.239683	8	6	3	0	2	7	1	3458	-1349	32	124146	19	10	34	0	0	0	0	0	0	0	0	0	0	0	0	0	0	
2070.246233	8	6	3	0	2	7	1	3445	-1349	32	124206	19	10	35	0	0	0	0	0	0	0	0	0	0	0	0	0	0	
2071.251367	8	6	3	0	2	7	1	3438	-1350	32	124267	19	10	37	0	0	0	0	0	0	0	0	0	0	0	0	0	0	
2072.237767	8	6	3	0	2	7	1	3428	-1349	32	124326	19	10	39	0	0	0	0	0	0	0	0	0	0	0	0	0	0	
2073.242883	8	6	3	0	2	7	1	3422	-1351	32	124386	19	10	40	0	0	0	0	0	0	0	0	0	0	0	0	0	0	
2074.248000	8	6	3	0	2	7	1	3411	-1350	32	124447	19	10	42	0	0	0	0	0	0	0	0	0	0	0	0	0	0	
2075.234400	8	6	3	0	2	7	1	3403	-1346	32	124506	19	10	43	0	0	0	0	0	0	0	0	0	0	0	0	0	0	
2076.242400	8	6	3	0	2	7	1	3393	-1350	32	124566	19	10	45	0	0	0	0	0	0	0	0	0	0	0	0	0	0	
2077.247517	8	6	3	0	2	7	1	3385	-1350	32	124627	19	10	47	0	0	0	0	0	0	0	0	0	0	0	0	0	0	
2078.233917	8	6	3	0	2	7	1	3375	-1348	32	124686	19	10	48	0	0	0	0	0	0	0	0	0	0	0	0	0	0	
2079.240483	8	6	3	0	2	7	1	3367	-1351	32	124746	19	10	50	0	0	0	0	0	0	0	0	0	0	0	0	0	0	
2080.245600	8	6	3	0	2	7	1	3359	-1350	32	124806	19	10	52	0	0	0	0	0	0	0	0	0	0	0	0	0	0	
2081.250717	8	6	3	0	2	7	1	3351	-1350	32	124867	19	10	54	0	0	0	0	0	0	0	0	0	0	0	0	0	0	
2082.237117	8	6	3	0	2	7	1	3344	-1353	32	124926	19	10	55	0	0	0	0	0	0	0	0	0	0	0	0	0	0	
2083.242233	8	6	3	0	2	7	1	3338	-1350	32	124986	19	10	57	0	0	0	0	0	0	0	0	0	0	0	0	0	0	
2084.248800	8	6	3	0	2	7	1	3332	-1348	32	125046	19	10	59	0	0	0	0	0	0	0	0	0	0	0	0	0	0	
2085.235200	8	6	3	0	2	7	1	3325	-1350	32	125106	19	10	60	0	0	0	0	0	0	0	0	0	0	0	0	0	0	
2086.240317	8	6	3	0	2	7	1	3315	-1351	32	125166	19	10	62	0	0	0	0	0	0	0	0	0	0	0	0	0	0	
2087.245433	8	6	3	0	2	7	1	3307	-1350	32	125226	19	10	63	0	0	0	0	0	0	0	0	0	0	0	0	0	0	
2088.250567	8	6	3	0	2	7	1	3296	-1349	32	125287	19	10	65	0	0	0	0	0	0	0	0	0	0	0	0	0	0	
2089.236967	8	6	3	0	2	7	1	3285	-1349	32	125346	19	10	67	0	0	0	0	0	0	0	0	0	0	0	0	0	0	
2090.243517	8	6	3	0	2	7	1	3280	-1349	32	125406	19	10	68	0	0	0	0	0	0	0	0	0	0	0	0	0	0	
2091.248633	8	6	3	0	2	7	1	3274	-1349	32	125466	19	10	70	0	0	0	0	0	0	0	0	0	0	0	0	0	0	
2092.235033	8	6	3	0	2	7	1	3262	-1349	32	125526	19	10	72	0	0	0	0	0	0	0	0	0	0	0	0	0	0	
2093.240167	8	6	3	0	2	7	1	3245	-1351	32	125586	19	10	73	0	0	0	0	0	0	0	0	0	0	0	0	0	0	
2094.245283	8	6	3	0	2	7	1	3226	-1349	32	125646	19	10	75	0	0	0	0	0	0	0	0	0	0	0	0	0	0	
2095.250400	8	6	3	0	2	7	1	3199	-1349	32	125707	19	10	77	0	0	0	0	0	0	0	0	0	0	0	0	0	0	
2096.238233	8	6	3	0	2	7	1	3165	-1349	32	125766	19	10	78	0	0	0	0	0	0	0	0	0	0	0	0	0	0	
2097.243367	8	6	3	0	2	7	1	3108	-1348	32	125826	19	10	80	0	0	0	0	0	0	0	0	0	0	0	0	0	0	
2098.248483	8	6	3	0	2	7	1	3007	-1349	32	125886	19	10	82	0	0	0	0	0	0	0	0	0	0	0	0	0	0	
2099.234883	8	6	3	0	2	7	1	2785	-1350	32	125946	19	10	83	0	0	0	0	0	0	0	0	0	0	0	0	0	0	
2099.486883	8	15	3	0	1	31	2	3105	144	32	125961	21	10	84	0	0	0	0	0	0	0	0	0	0	0	0	0	0	
2099.507033	8	3	3	0	1	2	2	3260	675	32	125962	21	10	84	0	0	0	0	0	0	0	0	0	0	0	0	0	0	
2100.244317	8	3	3	0	1	2	2	3529	675	32	126006	21	10	84	0	0	0	0	0	0	0	0	0	0	0	0	0	0	
2101.249433	8	3	3	0	1	2	2	3648	675	32	126066	21	10	84	0	0	0	0	0	0	0	0	0	0	0	0	0	0	
2102.235833	8	3	3	0	1	2	2	3721	675	32	126126	21	10	84	0	0	0	0	0	0	0	0	0	0	0	0	0	0	
2103.240967	8	3	3	0	1	2	2	3773	674	32	126186	21	10	84	0	0	0	0	0	0	0	0	0	0	0	0	0	0	
2104.246083	8	3	3	0	1	2	2	3810	674	32	126246	21	10	84	0	0	0	0	0	0	0	0	0	0	0	0	0	0	
2105.252633	8	3	3	0	1	2	2	3837	675	32	126307	21	10	84	0	0	0	0	0	0	0	0	0	0	0	0	0	0	
2106.239033	8	3	3	0	1	2	2	3850	674	32	126366	21	10	84	0	0	0	0	0	0	0	0	0	0	0	0	0	0	
2107.244167	8	3	3	0	1	2	2	3859	674	32	126426	21	10	84	0	0	0	0	0	0	0	0	0	0	0	0	0	0	
2108.249283	8	3	3	0	1	2	2	3873	674	32	126486	21	10	84	0	0	0	0	0	0	0	0	0	0	0	0	0	0	
2109.235683	8	3	3	0	1	2	2	3882	674	32	126546	21	10	84	0	0	0	0	0	0	0	0	0	0	0	0	0	0	
2110.240800	8	3	3	0	1	2	2	3890	674	32	126606	21	10	84	0	0	0	0	0	0	0	0	0	0	0	0	0	0	
2111.247367	8	3	3	0	1	2	2	3897	675	32	126666	21	10	84	0	0	0	0	0	0	0	0	0	0	0	0	0	0	
2112.252483	8	3	3	0	1	2	2	3903	673	32	126727	21	10	84	0	0	0	0	0	0	0	0	0	0	0	0	0	0	
2113.238883	8	3	3	0	1	2	2	3909	675	32	126786	21	10	84	0	0	0	0	0	0	0	0	0	0	0	0	0	0	
2114.244000	8	3	3	0	1	2	2	3915	674	32	126846	21	10	84	0	0	0	0	0	0	0	0	0	0	0	0	0	0	
2115.249117	8	3	3	0	1	2	2	3921	675	32	126906	21	10	84	0	0	0	0	0	0	0	0	0	0	0	0	0	0	
2116.235517	8	3	3	0	1	2	2	3927	674	32	126966	21	10	84	0	0	0	0	0	0	0	0	0	0	0	0	0	0	
2117.242083	8	3	3	0	1	2	2	3933	675	32	127026	21	10	84	0	0	0	0	0	0	0	0	0	0	0	0	0	0	
2118.247200	8	3	3	0	1	2	2	3941	674	32	127086	21	10	84	0	0	0	0	0	0	0	0	0	0	0	0	0	0	
2119.252317	8	3	3	0	1	2	2	3948	675	32	127147	21	10	84	0	0	0	0	0	0	0	0	0	0	0	0	0	0	
2120.238717	8	3	3	0	1	2	2	3955	675	32	127206	21	10	84	0	0	0	0	0	0	0	0	0	0	0	0	0	0	
2121.243833	8	3	3	0	1	2	2	3961	675	32	127266	21	10	84	0	0	0	0	0	0	0	0	0	0	0	0	0	0	
2122.250400	8	3	3	0	1	2	2	3967	674	32	127326	21	10	84	0	0	0	0	0	0	0	0	0	0	0	0	0	0	
2123.255517	8	3	3	0	1	2	2	3971	673	32	127387	21	10	84	0	0	0	0	0	0	0	0	0	0	0	0	0	0	
2124.241917	8	3	3	0	1	2	2	3976	675	32	127446	21	10	84	0	0	0	0	0	0	0	0	0	0	0	0	0	0	
2125.247033	8	3	3	0	1	2	2	3980	675	32	127506	21	10	84	0	0	0	0	0	0	0	0	0	0	0	0	0	0	
2126.252167	8	3	3	0	1	2	2	3984	675	32	127567	21	10	84	0	0	0	0	0	0	0	0	0	0	0	0	0	0	
2127.240000	8	3	3	0	1	2	2	3987	674	32	127626	21	10	84	0	0	0	0	0	0	0	0	0	0	0	0	0	0	
2128.245117	8	3	3	0	1	2	2	3990	675	32	127686	21	10	84	0	0	0	0	0	0	0	0	0	0	0	0	0	0	
2129.250233	8	3	3	0	1	2	2	3994	674	32	127746	21	10	84	0	0	0	0	0	0	0	0	0	0	0	0	0	0	
2130.255367	8	3	3	0	1	2	2	3997	674	32	127807	21	10	84	0	0	0	0	0	0	0	0	0	0	0	0	0	0	
2131.241767	8	3	3	0	1	2	2	4001	674	32	127866	21	10	84	0	0	0	0	0	0	0	0	0	0	0	0	0	0	
2132.246883	8	3	3	0	1	2	2	4004	674	32	127926	21	10	84	0	0	0	0	0	0	0	0	0	0	0	0	0	0	
2133.253433	8	3	3	0	1	2	2	4008	675	32	127987	21	10	84	0	0	0	0	0	0	0	0	0	0	0	0	0	0	
2134.239833	8	3	3	0	1	2	2	4011	674	32	128046	21	10	84	0	0	0	0	0	0	0	0	0	0	0	0	0	0	
2135.244967	8	3	3	0	1	2	2	4014	675	32	128106	21	10	84	0	0	0	0	0	0	0	0	0	0	0	0	0	0	
2136.250083	8	3	3	0	1	2	2	4017	675	32	128166	21	10	84	0	0	0	0	0	0	0	0	0	0	0	0	0	0	
2137.255200	8	3	3	0	1	2	2	4021	675	32	128227	21	10	84	0	0	0	0	0	0	0	0	0	0	0	0	0	0	
2138.241600	8	3	3	0	1	2	2	4024	675	32	128286	21	10	84	0	0	0	0	0	0	0	0	0	0	0	0	0	0	
2139.248167	8	3	3	0	1	2	2	4027	673	32	128346	21	10	84	0	0	0	0	0	0	0	0	0	0	0	0	0	0	
2140.253283	8	3	3	0	1	2	2	4030	673	32	128407	21	10	84	0	0	0	0	0	0	0	0	0	0	0	0	0	0	
2141.239683	8	3	3	0	1	2	2	4033	675	32	128466	21	10	84	0	0	0	0	0	0	0	0	0	0	0	0	0	0	
2142.244800	8	3	3	0	1	2	2	4037	674	32	128526	21	10	84	0	0	0	0	0	0	0	0	0	0	0	0	0	0	
2143.249917	8	3	3	0	1	2	2	4041	674	32	128586	21	10	84	0	0	0	0	0	0	0	0	0	0	0	0	0	0	
2144.256483	8	3	3	0	1	2	2	4044	675	32	128647	21	10	84	0	0	0	0	0	0	0	0	0	0	0	0	0	0	
2145.242883	8	3	3	0	1	2	2	4048	675	32	128706	21	10	84	0	0	0	0	0	0	0	0	0	0	0	0	0	0	
2146.248000	8	3	3	0	1	2	2	4049	674	32	128766	21	10	84	0	0	0	0	0	0	0	0	0	0	0	0	0	0	
2147.253117	8	3	3	0	1	2	2	4053	673	32	128827	21	10	84	0	0	0	0	0	0	0	0	0	0	0	0	0	0	
2148.239517	8	3	3	0	1	2	2	4057	675	32	128886	21	10	84	0	0	0	0	0	0	0	0	0	0	0	0	0	0	
2149.244633	8	3	3	0	1	2	2	4061	675	32	128946	21	10	84	0	0	0	0	0	0	0	0	0	0	0	0	0	0	
2150.251200	8	3	3	0	1	2	2	4065	675	32	129006	21	10	84	0	0	0	0	0	0	0	0	0	0	0	0	0	0	
2151.256317	8	3	3	0	1	2	2	4070	675	32	129067	21	10	84	0	0	0	0	0	0	0	0	0	0	0	0	0	0	
2152.242717	8	3	3	0	1	2	2	4073	673	32	129126	21	10	84	0	0	0	0	0	0	0	0	0	0	0	0	0	0	
2153.247833	8	3	3	0	1	2	2	4078	674	32	129186	21	10	84	0	0	0	0	0	0	0	0	0	0	0	0	0	0	
2154.252967	8	3	3	0	1	2	2	4083	675	32	129246	21	10	84	0	0	0	0	0	0	0	0	0	0	0	0	0	0	
2155.240800	8	3	3	0	1	2	2	4087	674	32	129306	21	10	84	0	0	0	0	0	0	0	0	0	0	0	0	0	0	
2156.245917	8	3	3	0	1	2	2	4091	673	32	129366	21	10	84	0	0	0	0	0	0	0	0	0	0	0	0	0	0	
2157.251033	8	3	3	0	1	2	2	4097	675	32	129426	21	10	84	0	0	0	0	0	0	0	0	0	0	0	0	0	0	
2158.256167	8	3	3	0	1	2	2	4102	675	32	129487	21	10	84	0	0	0	0	0	0	0	0	0	0	0	0	0	0	
2159.242567	8	3	3	0	1	2	2	4106	675	32	129546	21	10	84	0	0	0	0	0	0	0	0	0	0	0	0	0	0	
2160.249117	8	3	3	0	1	2	2	4111	675	32	129606	21	10	84	0	0	0	0	0	0	0	0	0	0	0	0	0	0	
2161.254233	8	3	3	0	1	2	2	4117	675	32	129666	21	10	84	0	0	0	0	0	0	0	0	0	0	0	0	0	0	
2162.240633	8	3	3	0	1	2	2	4119	665	32	129726	21	10	84	0	0	0	0	0	0	0	0	0	0	0	0	0	0	
2163.255833	8	3	3	0	1	2	2	4124	665	32	129787	21	10	84	0	0	0	0	0	0	0	0	0	0	0	0	0	0	
2164.242233	8	3	3	0	1	2	2	4129	664	32	129846	21	10	84	0	0	0	0	0	0	0	0	0	0	0	0	0	0	
2165.248800	8	3	3	0	1	2	2	4134	663	32	129906	21	10	84	0	0	0	0	0	0	0	0	0	0	0	0	0	0	
2166.253917	8	3	3	0	1	2	2	4139	662	32	129966	21	10	84	0	0	0	0	0	0	0	0	0	0	0	0	0	0	
2167.240317	8	3	3	0	1	2	2	4144	660	32	130026	21	10	84	0	0	0	0	0	0	0	0	0	0	0	0	0	0	
2168.245433	8	3	3	0	1	2	2	4150	660	32	130086	21	10	84	0	0	0	0	0	0	0	0	0	0	0	0	0	0	
2169.250567	8	3	3	0	1	2	2	4156	660	32	130146	21	10	84	0	0	0	0	0	0	0	0	0	0	0	0	0	0	
2170.255683	8	3	3	0	1	2	2	4161	658	32	130207	21	10	84	0	0	0	0	0	0	0	0	0	0	0	0	0	0	
2171.243517	8	3	3	0	1	2	2	4167	657	32	130266	21	10	84	0	0	0	0	0	0	0	0	0	0	0	0	0	0	
2172.248633	8	3	3	0	1	2	2	4173	660	32	130326	21	10	84	0	0	0	0	0	0	0	0	0	0	0	0	0	0	
2173.253767	8	3	3	0	1	2	2	4178	656	32	130386	21	10	84	0	0	0	0	0	0	0	0	0	0	0	0	0	0	
2174.258883	8	3	3	0	1	2	2	4185	657	32	130447	21	10	84	0	0	0	0	0	0	0	0	0	0	0	0	0	0	
2175.245283	8	3	3	0	1	2	2	4191	656	32	130506	21	10	84	0	0	0	0	0	0	0	0	0	0	0	0	0	0	
2176.250400	8	3	3	0	1	2	2	4197	655	32	130566	21	10	84	0	0	0	0	0	0	0	0	0	0	0	0	0	0	
2177.256967	8	3	3	0	1	2	2	4198	638	32	130627	21	10	84	0	0	0	0	0	0	0	0	0	0	0	0	0	0	
2178.243367	8	3	3	0	1	2	2	4198	610	32	130686	21	10	84	0	0	0	0	0	0	0	0	0	0	0	0	0	0	
2179.248483	8	3	3	0	1	2	2	4199	583	32	130746	21	10	84	0	0	0	0	0	0	0	0	0	0	0	0	0	0	
2180.253600	8	3	3	0	1	2	2	4198	559	32	130806	21	10	84	0	0	0	0	0	0	0	0	0	0	0	0	0	0	
2181.258717	8	3	3	0	1	2	2	4198	541	32	130867	21	10	84	0	0	0	0	0	0	0	0	0	0	0	0	0	0	
2182.245117	8	3	3	0	1	2	2	4199	503	32	130926	21	10	84	0	0	0	0	0	0	0	0	0	0	0	0	0	0	
2183.251683	8	3	3	0	1	2	2	4198	468	32	130986	21	10	84	0	0	0	0	0	0	0	0	0	0	0	0	0	0	
2184.256800	8	3	3	0	1	2	2	4198	437	32	131047	21	10	84	0	0	0	0	0	0	0	0	0	0	0	0	0	0	
2185.243200	8	3	3	0	1	2	2	4199	409	32	131106	21	10	84	0	0	0	0	0	0	0	0	0	0	0	0	0	0	
2186.248317	8	3	3	0	1	2	2	4199	391	32	131166	21	10	84	0	0	0	0	0	0	0	0	0	0	0	0	0	0	
2187.254883	8	3	3	0	1	2	2	4198	358	32	131226	21	10	84	0	0	0	0	0	0	0	0	0	0	0	0	0	0	
2188.260000	8	3	3	0	1	2	2	4198	352	32	131287	21	10	84	0	0	0	0	0	0	0	0	0	0	0	0	0	0	
2189.246400	8	3	3	0	1	2	2	4199	347	32	131346	21	10	84	0	0	0	0	0	0	0	0	0	0	0	0	0	0	
2190.251517	8	3	3	0	1	2	2	4198	331	32	131406	21	10	84	0	0	0	0	0	0	0	0	0	0	0	0	0	0	
2191.256633	8	3	3	0	1	2	2	4199	316	32	131467	21	10	84	0	0	0	0	0	0	0	0	0	0	0	0	0	0	
2192.243033	8	3	3	0	1	2	2	4198	320	32	131526	21	10	84	0	0	0	0	0	0	0	0	0	0	0	0	0	0	
2193.249600	8	3	3	0	1	2	2	4199	293	32	131586	21	10	84	0	0	0	0	0	0	0	0	0	0	0	0	0	0	
2194.254717	8	3	3	0	1	2	2	4198	277	32	131646	21	10	84	0	0	0	0	0	0	0	0	0	0	0	0	0	0	
2195.259833	8	3	3	0	1	2	2	4199	261	32	131707	21	10	84	0	0	0	0	0	0	0	0	0	0	0	0	0	0	
2196.246233	8	3	3	0	1	2	2	4199	239	32	131766	21	10	84	0	0	0	0	0	0	0	0	0	0	0	0	0	0	
2197.251367	8	3	3	0	1	2	2	4198	208	32	131826	21	10	84	0	0	0	0	0	0	0	0	0	0	0	0	0	0	
2198.257917	8	3	3	0	1	2	2	4198	185	32	131887	21	10	84	0	0	0	0	0	0	0	0	0	0	0	0	0	0	
2199.244317	8	3	3	0	1	2	2	4198	189	32	131946	21	10	84	0	0	0	0	0	0	0	0	0	0	0	0	0	0	
2200.249433	8	3	3	0	1	2	2	4198	189	32	132006	21	10	84	0	0	0	0	0	0	0	0	0	0	0	0	0	0	
2201.254567	8	3	3	0	1	2	2	4198	184	32	132066	21	10	84	0	0	0	0	0	0	0	0	0	0	0	0	0	0	
2202.259683	8	3	3	0	1	2	2	4199	179	32	132127	21	10	84	0	0	0	0	0	0	0	0	0	0	0	0	0	0	
2203.246083	8	3	3	0	1	2	2	4198	164	32	132186	21	10	84	0	0	0	0	0	0	0	0	0	0	0	0	0	0	
2204.252633	8	3	3	0	1	2	2	4199	165	32	132246	21	10	84	0	0	0	0	0	0	0	0	0	0	0	0	0	0	
2205.257767	8	3	3	0	1	2	2	4198	155	32	132306	21	10	84	0	0	0	0	0	0	0	0	0	0	0	0	0	0	
2206.244167	8	3	3	0	1	2	2	4199	151	32	132366	21	10	84	0	0	0	0	0	0	0	0	0	0	0	0	0	0	
2207.249283	8	3	3	0	1	2	2	4199	147	32	132426	21	10	84	0	0	0	0	0	0	0	0	0	0	0	0	0	0	
2208.254400	8	3	3	0	1	2	2	4199	136	32	132486	21	10	84	0	0	0	0	0	0	0	0	0	0	0	0	0	0	
2209.260967	8	3	3	0	1	2	2	4199	132	32	132547	21	10	84	0	0	0	0	0	0	0	0	0	0	0	0	0	0	
2210.247367	8	3	3	0	1	2	2	4198	140	32	132606	21	10	84	0	0	0	0	0	0	0	0	0	0	0	0	0	0	
2211.252483	8	3	3	0	1	2	2	4198	141	32	132666	21	10	84	0	0	0	0	0	0	0	0	0	0	0	0	0	0	
2212.257600	8	3	3	0	1	2	2	4199	142	32	132726	21	10	84	0	0	0	0	0	0	0	0	0	0	0	0	0	0	
2213.244000	8	3	3	0	1	2	2	4199	139	32	132786	21	10	84	0	0	0	0	0	0	0	0	0	0	0	0	0	0	
2214.249117	8	3	3	0	1	2	2	4198	136	32	132846	21	10	84	0	0	0	0	0	0	0	0	0	0	0	0	0	0	
2215.255683	8	3	3	0	1	2	2	4199	134	32	132906	21	10	84	0	0	0	0	0	0	0	0	0	0	0	0	0	0	
2216.260800	8	3	3	0	1	2	2	4198	130	32	132967	21	10	84	0	0	0	0	0	0	0	0	0	0	0	0	0	0	
2217.247200	8	3	3	0	1	2	2	4198	130	32	133026	21	10	84	0	0	0	0	0	0	0	0	0	0	0	0	0	0	
2218.252317	8	3	3	0	1	2	2	4199	123	32	133086	21	10	84	0	0	0	0	0	0	0	0	0	0	0	0	0	0	
2219.257433	8	3	3	0	1	2	2	4199	115	32	133146	21	10	84	0	0	0	0	0	0	0	0	0	0	0	0	0	0	
2220.243833	8	3	3	0	1	2	2	4198	109	32	133206	21	10	84	0	0	0	0	0	0	0	0	0	0	0	0	0	0	
2221.250400	8	3	3	0	1	2	2	4199	104	32	133266	21	10	84	0	0	0	0	0	0	0	0	0	0	0	0	0	0	
2222.255517	8	3	3	0	1	2	2	4198	100	32	133326	21	10	84	0	0	0	0	0	0	0	0	0	0	0	0	0	0	
2223.260633	8	3	3	0	1	2	2	4198	98	32	133387	21	10	84	0	0	0	0	0	0	0	0	0	0	0	0	0	0	
2224.247033	8	3	3	0	1	2	2	4198	93	32	133446	21	10	84	0	0	0	0	0	0	0	0	0	0	0	0	0	0	
2225.252167	8	3	3	0	1	2	2	4198	87	32	133506	21	10	84	0	0	0	0	0	0	0	0	0	0	0	0	0	0	
2226.258717	8	3	3	0	1	2	2	4198	85	32	133566	21	10	84	0	0	0	0	0	0	0	0	0	0	0	0	0	0	
2227.245117	8	3	3	0	1	2	2	4198	83	32	133626	21	10	84	0	0	0	0	0	0	0	0	0	0	0	0	0	0	
2228.250233	8	3	3	0	1	2	2	4198	82	32	133686	21	10	84	0	0	0	0	0	0	0	0	0	0	0	0	0	0	
2229.255367	8	3	3	0	1	2	2	4198	83	32	133746	21	10	84	0	0	0	0	0	0	0	0	0	0	0	0	0	0	
2230.260483	8	3	3	0	1	2	2	4198	83	32	133807	21	10	84	0	0	0	0	0	0	0	0	0	0	0	0	0	0	
2231.248317	8	3	3	0	1	2	2	4198	84	32	133866	21	10	84	0	0	0	0	0	0	0	0	0	0	0	0	0	0	
2232.253433	8	3	3	0	1	2	2	4198	82	32	133926	21	10	84	0	0	0	0	0	0	0	0	0	0	0	0	0	0	
2233.258567	8	3	3	0	1	2	2	4198	83	32	133986	21	10	84	0	0	0	0	0	0	0	0	0	0	0	0	0	0	
2234.263683	8	3	3	0	1	2	2	4199	82	32	134047	21	10	84	0	0	0	0	0	0	0	0	0	0	0	0	0	0	
2235.250083	8	3	3	0	1	2	2	4199	80	32	134106	21	10	84	0	0	0	0	0	0	0	0	0	0	0	0	0	0	
2236.255200	8	3	3	0	1	2	2	4198	75	32	134166	21	10	84	0	0	0	0	0	0	0	0	0	0	0	0	0	0	
2237.261767	8	3	3	0	1	2	2	4198	73	32	134227	21	10	84	0	0	0	0	0	0	0	0	0	0	0	0	0	0	
2238.248167	8	3	3	0	1	2	2	4199	71	32	134286	21	10	84	0	0	0	0	0	0	0	0	0	0	0	0	0	0	
2239.253283	8	3	3	0	1	2	2	4198	68	32	134346	21	10	84	0	0	0	0	0	0	0	0	0	0	0	0	0	0	
2239.486567	8	6	3	0	2	7	1	3825	-1349	32	134360	21	11	0	0	0	0	0	0	0	0	0	0	0	0	0	0	0	
2240.259833	8	6	3	0	2	7	1	3772	-1351	32	134406	21	11	1	0	0	0	0	0	0	0	0	0	0	0	0	0	0	
2241.246233	8	6	3	0	2	7	1	3651	-1351	32	134466	21	11	2	0	0	0	0	0	0	0	0	0	0	0	0	0	0	
2242.252800	8	6	3	0	2	7	1	3698	-1349	32	134526	21	11	4	0	0	0	0	0	0	0	0	0	0	0	0	0	0	
2243.257917	8	6	3	0	2	7	1	3627	-1349	32	134586	21	11	6	0	0	0	0	0	0	0	0	0	0	0	0	0	0	
2244.263033	8	6	3	0	2	7	1	3650	-1351	32	134647	21	11	7	0	0	0	0	0	0	0	0	0	0	0	0	0	0	
2245.249433	8	6	3	0	2	7	1	3619	-1349	32	134706	21	11	9	0	0	0	0	0	0	0	0	0	0	0	0	0	0	
2246.254567	8	6	3	0	2	7	1	3629	-1348	32	134766	21	11	11	0	0	0	0	0	0	0	0	0	0	0	0	0	0	
2247.261117	8	6	3	0	2	7	1	3605	-1348	32	134826	21	11	12	0	0	0	0	0	0	0	0	0	0	0	0	0	0	
2248.247517	8	6	3	0	2	7	1	3597	-1351	32	134886	21	11	14	0	0	0	0	0	0	0	0	0	0	0	0	0	0	
2249.252633	8	6	3	0	2	7	1	3580	-1350	32	134946	21	11	16	0	0	0	0	0	0	0	0	0	0	0	0	0	0	
2250.257767	8	6	3	0	2	7	1	3569	-1350	32	135006	21	11	17	0	0	0	0	0	0	0	0	0	0	0	0	0	0	
2251.262883	8	6	3	0	2	7	1	3558	-1351	32	135067	21	11	19	0	0	0	0	0	0	0	0	0	0	0	0	0	0	
2252.249283	8	6	3	0	2	7	1	3543	-1350	32	135126	21	11	21	0	0	0	0	0	0	0	0	0	0	0	0	0	0	
2253.255833	8	6	3	0	2	7	1	3530	-1350	32	135186	21	11	22	0	0	0	0	0	0	0	0	0	0	0	0	0	0	
2254.260967	8	6	3	0	2	7	1	3518	-1351	32	135246	21	11	24	0	0	0	0	0	0	0	0	0	0	0	0	0	0	
2255.247367	8	6	3	0	2	7	1	3504	-1350	32	135306	21	11	26	0	0	0	0	0	0	0	0	0	0	0	0	0	0	
2256.252483	8	6	3	0	2	7	1	3491	-1350	32	135366	21	11	27	0	0	0	0	0	0	0	0	0	0	0	0	0	0	
2257.259033	8	6	3	0	2	7	1	3480	-1350	32	135426	21	11	29	0	0	0	0	0	0	0	0	0	0	0	0	0	0	
2258.264167	8	6	3	0	2	7	1	3471	-1350	32	135487	21	11	31	0	0	0	0	0	0	0	0	0	0	0	0	0	0	
2259.250567	8	6	3	0	2	7	1	3461	-1350	32	135546	21	11	32	0	0	0	0	0	0	0	0	0	0	0	0	0	0	
2260.255683	8	6	3	0	2	7	1	3450	-1351	32	135606	21	11	34	0	0	0	0	0	0	0	0	0	0	0	0	0	0	
2261.260800	8	6	3	0	2	7	1	3440	-1348	32	135666	21	11	35	0	0	0	0	0	0	0	0	0	0	0	0	0	0	
2262.247200	8	6	3	0	2	7	1	3431	-1349	32	135726	21	11	37	0	0	0	0	0	0	0	0	0	0	0	0	0	0	
2263.253767	8	6	3	0	2	7	1	3422	-1351	32	135786	21	11	39	0	0	0	0	0	0	0	0	0	0	0	0	0	0	
2264.258883	8	6	3	0	2	7	1	3412	-1350	32	135846	21	11	40	0	0	0	0	0	0	0	0	0	0	0	0	0	0	
2265.264000	8	6	3	0	2	7	1	3403	-1349	32	135907	21	11	42	0	0	0	0	0	0	0	0	0	0	0	0	0	0	
2266.250400	8	6	3	0	2	7	1	3395	-1348	32	135966	21	11	44	0	0	0	0	0	0	0	0	0	0	0	0	0	0	
2267.255517	8	6	3	0	2	7	1	3387	-1350	32	136026	21	11	45	0	0	0	0	0	0	0	0	0	0	0	0	0	0	
2268.260633	8	6	3	0	2	7	1	3379	-1350	32	136086	21	11	47	0	0	0	0	0	0	0	0	0	0	0	0	0	0	
2269.267200	8	6	3	0	2	7	1	3371	-1349	32	136147	21	11	49	0	0	0	0	0	0	0	0	0	0	0	0	0	0	
2270.253600	8	6	3	0	2	7	1	3364	-1349	32	136206	21	11	50	0	0	0	0	0	0	0	0	0	0	0	0	0	0	
2271.258717	8	6	3	0	2	7	1	3357	-1349	32	136266	21	11	52	0	0	0	0	0	0	0	0	0	0	0	0	0	0	
2272.263833	8	6	3	0	2	7	1	3351	-1349	32	136327	21	11	54	0	0	0	0	0	0	0	0	0	0	0	0	0	0	
2273.250233	8	6	3	0	2	7	1	3344	-1349	32	136386	21	11	55	0	0	0	0	0	0	0	0	0	0	0	0	0	0	
2274.255367	8	6	3	0	2	7	1	3336	-1350	32	136446	21	11	57	0	0	0	0	0	0	0	0	0	0	0	0	0	0	
2275.261917	8	6	3	0	2	7	1	3330	-1349	32	136506	21	11	59	0	0	0	0	0	0	0	0	0	0	0	0	0	0	
2276.267033	8	6	3	0	2	7	1	3322	-1350	32	136567	21	11	60	0	0	0	0	0	0	0	0	0	0	0	0	0	0	
2277.253433	8	6	3	0	2	7	1	3315	-1349	32	136626	21	11	62	0	0	0	0	0	0	0	0	0	0	0	0	0	0	
2278.258567	8	6	3	0	2	7	1	3307	-1349	32	136686	21	11	64	0	0	0	0	0	0	0	0	0	0	0	0	0	0	
2279.263683	8	6	3	0	2	7	1	3298	-1350	32	136747	21	11	65	0	0	0	0	0	0	0	0	0	0	0	0	0	0	
2280.250083	8	6	3	0	2	7	1	3287	-1350	32	136806	21	11	67	0	0	0	0	0	0	0	0	0	0	0	0	0	0	
2281.256633	8	6	3	0	2	7	1	3274	-1350	32	136866	21	11	69	0	0	0	0	0	0	0	0	0	0	0	0	0	0	
2282.261767	8	6	3	0	2	7	1	3258	-1350	32	136926	21	11	70	0	0	0	0	0	0	0	0	0	0	0	0	0	0	
2283.266883	8	6	3	0	2	7	1	3237	-1349	32	136987	21	11	72	0	0	0	0	0	0	0	0	0	0	0	0	0	0	
2284.253283	8	6	3	0	2	7	1	3209	-1350	32	137046	21	11	74	0	0	0	0	0	0	0	0	0	0	0	0	0	0	
2285.259833	8	6	3	0	2	7	1	3168	-1349	32	137106	21	11	75	0	0	0	0	0	0	0	0	0	0	0	0	0	0	
2286.264967	8	6	3	0	2	7	1	3100	-1349	32	137167	21	11	77	0	0	0	0	0	0	0	0	0	0	0	0	0	0	
2287.251367	8	6	3	0	2	7	1	2977	-1349	32	137226	21	11	79	0	0	0	0	0	0	0	0	0	0	0	0	0	0	
2288.203200	10	0	5	0	0	15	0	2979	0	32	137283	21	11	80	0	0	0	0	0	0	0	0	0	0	0	0	0	0	
2288.223367	8	15	3	0	0	31	0	3051	0	32	137283	21	11	80	0	0	0	0	0	0	0	0	0	0	0	0	0	0	
