Time	Status code	Status category	Status color	Pgm code	Pgm step	Pgm para	Pgm cycle	mV	mA	Temperature	Duration	Charge count	Discharge count	Capacity	Analog input 1	Analog input 2	Analog input 3	Analog input 4	Digital input 1	Digital input 2	Digital input 3	Digital input 4	Digital output 1	Digital output 2	Digital output 3	Digital output 4	Analog output 1	Analog output 2	
0.000000	8	3	3	0	1	2	2	3692	304	33	2	1	0	0	0	0	0	0	0	0	0	0	0	0	0	0	0	0	
0.856800	8	3	3	0	1	2	2	4038	674	33	53	1	0	0	0	0	0	0	0	0	0	0	0	0	0	0	0	0	
1.857600	8	3	3	0	1	2	2	4076	675	33	113	1	0	0	0	0	0	0	0	0	0	0	0	0	0	0	0	0	
2.854083	8	3	3	0	1	2	2	4112	675	33	173	1	0	0	0	0	0	0	0	0	0	0	0	0	0	0	0	0	
3.850567	8	3	3	0	1	2	2	4118	670	33	233	1	0	0	0	0	0	0	0	0	0	0	0	0	0	0	0	0	
4.845600	8	3	3	0	1	2	2	4134	667	33	293	1	0	0	0	0	0	0	0	0	0	0	0	0	0	0	0	0	
5.860800	8	3	3	0	1	2	2	4145	665	33	354	1	0	0	0	0	0	0	0	0	0	0	0	0	0	0	0	0	
6.855833	8	3	3	0	1	2	2	4187	660	33	413	1	0	0	0	0	0	0	0	0	0	0	0	0	0	0	0	0	
7.852317	8	3	3	0	1	2	2	4198	634	33	473	1	0	0	0	0	0	0	0	0	0	0	0	0	0	0	0	0	
8.847367	8	3	3	0	1	2	2	4199	629	33	533	1	0	0	0	0	0	0	0	0	0	0	0	0	0	0	0	0	
9.862567	8	3	3	0	1	2	2	4190	662	33	594	1	0	0	0	0	0	0	0	0	0	0	0	0	0	0	0	0	
10.857600	8	3	3	0	1	2	2	4182	665	33	653	1	0	0	0	0	0	0	0	0	0	0	0	0	0	0	0	0	
11.852633	8	3	3	0	1	2	2	4198	650	33	713	1	0	0	0	0	0	0	0	0	0	0	0	0	0	0	0	0	
12.857767	8	3	3	0	1	2	2	4198	661	33	773	1	0	0	0	0	0	0	0	0	0	0	0	0	0	0	0	0	
13.862883	8	3	3	0	1	2	2	4198	614	33	834	1	0	0	0	0	0	0	0	0	0	0	0	0	0	0	0	0	
14.849283	8	3	3	0	1	2	2	4199	557	33	893	1	0	0	0	0	0	0	0	0	0	0	0	0	0	0	0	0	
15.854400	8	3	3	0	1	2	2	4198	225	33	953	1	0	0	0	0	0	0	0	0	0	0	0	0	0	0	0	0	
16.859517	8	3	3	0	1	2	2	4198	410	33	1013	1	0	0	0	0	0	0	0	0	0	0	0	0	0	0	0	0	
17.864633	8	3	3	0	1	2	2	4199	471	33	1074	1	0	0	0	0	0	0	0	0	0	0	0	0	0	0	0	0	
18.851033	8	3	3	0	1	2	2	4198	452	33	1133	1	0	0	0	0	0	0	0	0	0	0	0	0	0	0	0	0	
19.856167	8	3	3	0	1	2	2	4198	399	33	1193	1	0	0	0	0	0	0	0	0	0	0	0	0	0	0	0	0	
20.861283	8	3	3	0	1	2	2	4199	395	33	1254	1	0	0	0	0	0	0	0	0	0	0	0	0	0	0	0	0	
21.847683	8	3	3	0	1	2	2	4198	414	33	1313	1	0	0	0	0	0	0	0	0	0	0	0	0	0	0	0	0	
22.854233	8	3	3	0	1	2	2	4198	427	33	1373	1	0	0	0	0	0	0	0	0	0	0	0	0	0	0	0	0	
23.859367	8	3	3	0	1	2	2	4198	453	33	1433	1	0	0	0	0	0	0	0	0	0	0	0	0	0	0	0	0	
24.864483	8	3	3	0	1	2	2	4198	491	33	1494	1	0	0	0	0	0	0	0	0	0	0	0	0	0	0	0	0	
25.850883	8	3	3	0	1	2	2	4198	508	33	1553	1	0	0	0	0	0	0	0	0	0	0	0	0	0	0	0	0	
26.856000	8	3	3	0	1	2	2	4198	516	33	1613	1	0	0	0	0	0	0	0	0	0	0	0	0	0	0	0	0	
27.861117	8	3	3	0	1	2	2	4198	533	33	1673	1	0	0	0	0	0	0	0	0	0	0	0	0	0	0	0	0	
28.847517	8	3	3	0	1	2	2	4198	541	33	1733	1	0	0	0	0	0	0	0	0	0	0	0	0	0	0	0	0	
29.852633	8	3	3	0	1	2	2	4198	559	33	1793	1	0	0	0	0	0	0	0	0	0	0	0	0	0	0	0	0	
30.857767	8	3	3	0	1	2	2	4198	566	33	1853	1	0	0	0	0	0	0	0	0	0	0	0	0	0	0	0	0	
31.862883	8	3	3	0	1	2	2	4198	574	33	1914	1	0	0	0	0	0	0	0	0	0	0	0	0	0	0	0	0	
32.849283	8	3	3	0	1	2	2	4198	577	33	1973	1	0	0	0	0	0	0	0	0	0	0	0	0	0	0	0	0	
33.855833	8	3	3	0	1	2	2	4198	587	33	2033	1	0	0	0	0	0	0	0	0	0	0	0	0	0	0	0	0	
34.860967	8	3	3	0	1	2	2	4198	573	34	2093	1	0	0	0	0	0	0	0	0	0	0	0	0	0	0	0	0	
35.866083	8	3	3	0	1	2	2	4198	566	33	2154	1	0	0	0	0	0	0	0	0	0	0	0	0	0	0	0	0	
36.852483	8	3	3	0	1	2	2	4199	561	34	2213	1	0	0	0	0	0	0	0	0	0	0	0	0	0	0	0	0	
37.857600	8	3	3	0	1	2	2	4199	555	33	2273	1	0	0	0	0	0	0	0	0	0	0	0	0	0	0	0	0	
38.862717	8	3	3	0	1	2	2	4199	558	34	2333	1	0	0	0	0	0	0	0	0	0	0	0	0	0	0	0	0	
39.849117	8	3	3	0	1	2	2	4198	549	33	2393	1	0	0	0	0	0	0	0	0	0	0	0	0	0	0	0	0	
40.854233	8	3	3	0	1	2	2	4198	548	33	2453	1	0	0	0	0	0	0	0	0	0	0	0	0	0	0	0	0	
41.859367	8	3	3	0	1	2	2	4198	553	33	2513	1	0	0	0	0	0	0	0	0	0	0	0	0	0	0	0	0	
42.864483	8	3	3	0	1	2	2	4199	553	34	2574	1	0	0	0	0	0	0	0	0	0	0	0	0	0	0	0	0	
43.850883	8	3	3	0	1	2	2	4198	552	33	2633	1	0	0	0	0	0	0	0	0	0	0	0	0	0	0	0	0	
44.857433	8	3	3	0	1	2	2	4198	556	34	2693	1	0	0	0	0	0	0	0	0	0	0	0	0	0	0	0	0	
45.862567	8	3	3	0	1	2	2	4198	554	33	2753	1	0	0	0	0	0	0	0	0	0	0	0	0	0	0	0	0	
46.848967	8	3	3	0	1	2	2	4198	557	33	2813	1	0	0	0	0	0	0	0	0	0	0	0	0	0	0	0	0	
47.854083	8	3	3	0	1	2	2	4198	561	33	2873	1	0	0	0	0	0	0	0	0	0	0	0	0	0	0	0	0	
48.859200	8	3	3	0	1	2	2	4198	561	33	2933	1	0	0	0	0	0	0	0	0	0	0	0	0	0	0	0	0	
49.864317	8	3	3	0	1	2	2	4199	563	33	2994	1	0	0	0	0	0	0	0	0	0	0	0	0	0	0	0	0	
50.850717	8	3	3	0	1	2	2	4198	560	33	3053	1	0	0	0	0	0	0	0	0	0	0	0	0	0	0	0	0	
51.855833	8	3	3	0	1	2	2	4198	561	33	3113	1	0	0	0	0	0	0	0	0	0	0	0	0	0	0	0	0	
52.860967	8	3	3	0	1	2	2	4198	563	33	3173	1	0	0	0	0	0	0	0	0	0	0	0	0	0	0	0	0	
53.867517	8	3	3	0	1	2	2	4198	561	33	3234	1	0	0	0	0	0	0	0	0	0	0	0	0	0	0	0	0	
54.853917	8	3	3	0	1	2	2	4198	560	33	3293	1	0	0	0	0	0	0	0	0	0	0	0	0	0	0	0	0	
55.859033	8	3	3	0	1	2	2	4199	560	33	3353	1	0	0	0	0	0	0	0	0	0	0	0	0	0	0	0	0	
56.864167	8	3	3	0	1	2	2	4198	559	33	3413	1	0	0	0	0	0	0	0	0	0	0	0	0	0	0	0	0	
57.850567	8	3	3	0	1	2	2	4199	557	34	3473	1	0	0	0	0	0	0	0	0	0	0	0	0	0	0	0	0	
58.855683	8	3	3	0	1	2	2	4198	555	33	3533	1	0	0	0	0	0	0	0	0	0	0	0	0	0	0	0	0	
59.860800	8	3	3	0	1	2	2	4198	552	33	3593	1	0	0	0	0	0	0	0	0	0	0	0	0	0	0	0	0	
60.865917	8	3	3	0	1	2	2	4198	551	34	3654	1	0	0	0	0	0	0	0	0	0	0	0	0	0	0	0	0	
61.852317	8	3	3	0	1	2	2	4198	553	33	3713	1	0	0	0	0	0	0	0	0	0	0	0	0	0	0	0	0	
62.857433	8	3	3	0	1	2	2	4198	553	34	3773	1	0	0	0	0	0	0	0	0	0	0	0	0	0	0	0	0	
63.862567	8	3	3	0	1	2	2	4198	547	34	3833	1	0	0	0	0	0	0	0	0	0	0	0	0	0	0	0	0	
64.869117	8	3	3	0	1	2	2	4198	545	33	3894	1	0	0	0	0	0	0	0	0	0	0	0	0	0	0	0	0	
65.855517	8	3	3	0	1	2	2	4199	543	33	3953	1	0	0	0	0	0	0	0	0	0	0	0	0	0	0	0	0	
66.860633	8	3	3	0	1	2	2	4198	536	34	4013	1	0	0	0	0	0	0	0	0	0	0	0	0	0	0	0	0	
67.865767	8	3	3	0	1	2	2	4198	529	33	4074	1	0	0	0	0	0	0	0	0	0	0	0	0	0	0	0	0	
68.852167	8	3	3	0	1	2	2	4198	529	33	4133	1	0	0	0	0	0	0	0	0	0	0	0	0	0	0	0	0	
69.857283	8	3	3	0	1	2	2	4198	524	33	4193	1	0	0	0	0	0	0	0	0	0	0	0	0	0	0	0	0	
70.862400	8	3	3	0	1	2	2	4198	516	33	4253	1	0	0	0	0	0	0	0	0	0	0	0	0	0	0	0	0	
71.867517	8	3	3	0	1	2	2	4198	511	34	4314	1	0	0	0	0	0	0	0	0	0	0	0	0	0	0	0	0	
72.853917	8	3	3	0	1	2	2	4198	503	34	4373	1	0	0	0	0	0	0	0	0	0	0	0	0	0	0	0	0	
73.859033	8	3	3	0	1	2	2	4198	497	34	4433	1	0	0	0	0	0	0	0	0	0	0	0	0	0	0	0	0	
74.864167	8	3	3	0	1	2	2	4198	499	33	4493	1	0	0	0	0	0	0	0	0	0	0	0	0	0	0	0	0	
75.850567	8	3	3	0	1	2	2	4198	497	34	4553	1	0	0	0	0	0	0	0	0	0	0	0	0	0	0	0	0	
76.857117	8	3	3	0	1	2	2	4198	493	33	4613	1	0	0	0	0	0	0	0	0	0	0	0	0	0	0	0	0	
77.862233	8	3	3	0	1	2	2	4199	491	33	4673	1	0	0	0	0	0	0	0	0	0	0	0	0	0	0	0	0	
78.867367	8	3	3	0	1	2	2	4198	489	33	4734	1	0	0	0	0	0	0	0	0	0	0	0	0	0	0	0	0	
79.853767	8	3	3	0	1	2	2	4198	491	33	4793	1	0	0	0	0	0	0	0	0	0	0	0	0	0	0	0	0	
80.858883	8	3	3	0	1	2	2	4199	489	33	4853	1	0	0	0	0	0	0	0	0	0	0	0	0	0	0	0	0	
81.864000	8	3	3	0	1	2	2	4198	483	33	4913	1	0	0	0	0	0	0	0	0	0	0	0	0	0	0	0	0	
82.869117	8	3	3	0	1	2	2	4198	481	33	4974	1	0	0	0	0	0	0	0	0	0	0	0	0	0	0	0	0	
83.855517	8	3	3	0	1	2	2	4199	480	33	5033	1	0	0	0	0	0	0	0	0	0	0	0	0	0	0	0	0	
84.862083	8	3	3	0	1	2	2	4198	479	33	5093	1	0	0	0	0	0	0	0	0	0	0	0	0	0	0	0	0	
85.867200	8	3	3	0	1	2	2	4198	475	33	5154	1	0	0	0	0	0	0	0	0	0	0	0	0	0	0	0	0	
86.853600	8	3	3	0	1	2	2	4198	468	33	5213	1	0	0	0	0	0	0	0	0	0	0	0	0	0	0	0	0	
87.858717	8	3	3	0	1	2	2	4198	465	33	5273	1	0	0	0	0	0	0	0	0	0	0	0	0	0	0	0	0	
88.863833	8	3	3	0	1	2	2	4198	459	33	5333	1	0	0	0	0	0	0	0	0	0	0	0	0	0	0	0	0	
89.868967	8	3	3	0	1	2	2	4199	449	33	5394	1	0	0	0	0	0	0	0	0	0	0	0	0	0	0	0	0	
90.855367	8	3	3	0	1	2	2	4198	445	33	5453	1	0	0	0	0	0	0	0	0	0	0	0	0	0	0	0	0	
91.860483	8	3	3	0	1	2	2	4198	444	33	5513	1	0	0	0	0	0	0	0	0	0	0	0	0	0	0	0	0	
92.865600	8	3	3	0	1	2	2	4199	440	33	5573	1	0	0	0	0	0	0	0	0	0	0	0	0	0	0	0	0	
93.852000	8	3	3	0	1	2	2	4198	435	33	5633	1	0	0	0	0	0	0	0	0	0	0	0	0	0	0	0	0	
94.857117	8	3	3	0	1	2	2	4198	430	33	5693	1	0	0	0	0	0	0	0	0	0	0	0	0	0	0	0	0	
95.863683	8	3	3	0	1	2	2	4199	426	33	5753	1	0	0	0	0	0	0	0	0	0	0	0	0	0	0	0	0	
96.868800	8	3	3	0	1	2	2	4198	424	33	5814	1	0	0	0	0	0	0	0	0	0	0	0	0	0	0	0	0	
97.855200	8	3	3	0	1	2	2	4199	424	33	5873	1	0	0	0	0	0	0	0	0	0	0	0	0	0	0	0	0	
98.860317	8	3	3	0	1	2	2	4198	422	33	5933	1	0	0	0	0	0	0	0	0	0	0	0	0	0	0	0	0	
99.865433	8	3	3	0	1	2	2	4198	418	33	5993	1	0	0	0	0	0	0	0	0	0	0	0	0	0	0	0	0	
100.870567	8	3	3	0	1	2	2	4198	413	33	6054	1	0	0	0	0	0	0	0	0	0	0	0	0	0	0	0	0	
101.856967	8	3	3	0	1	2	2	4199	410	33	6113	1	0	0	0	0	0	0	0	0	0	0	0	0	0	0	0	0	
102.862083	8	3	3	0	1	2	2	4199	402	33	6173	1	0	0	0	0	0	0	0	0	0	0	0	0	0	0	0	0	
103.867200	8	3	3	0	1	2	2	4198	398	33	6233	1	0	0	0	0	0	0	0	0	0	0	0	0	0	0	0	0	
104.853600	8	3	3	0	1	2	2	4198	393	33	6293	1	0	0	0	0	0	0	0	0	0	0	0	0	0	0	0	0	
105.858717	8	3	3	0	1	2	2	4198	390	33	6353	1	0	0	0	0	0	0	0	0	0	0	0	0	0	0	0	0	
106.863833	8	3	3	0	1	2	2	4198	383	33	6413	1	0	0	0	0	0	0	0	0	0	0	0	0	0	0	0	0	
107.870400	8	3	3	0	1	2	2	4198	376	33	6474	1	0	0	0	0	0	0	0	0	0	0	0	0	0	0	0	0	
108.856800	8	3	3	0	1	2	2	4198	371	33	6533	1	0	0	0	0	0	0	0	0	0	0	0	0	0	0	0	0	
109.861917	8	3	3	0	1	2	2	4199	366	33	6593	1	0	0	0	0	0	0	0	0	0	0	0	0	0	0	0	0	
110.867033	8	3	3	0	1	2	2	4198	361	33	6653	1	0	0	0	0	0	0	0	0	0	0	0	0	0	0	0	0	
111.872167	8	3	3	0	1	2	2	4199	357	33	6714	1	0	0	0	0	0	0	0	0	0	0	0	0	0	0	0	0	
112.858567	8	3	3	0	1	2	2	4198	352	33	6773	1	0	0	0	0	0	0	0	0	0	0	0	0	0	0	0	0	
113.863683	8	3	3	0	1	2	2	4198	349	33	6833	1	0	0	0	0	0	0	0	0	0	0	0	0	0	0	0	0	
114.868800	8	3	3	0	1	2	2	4199	345	33	6894	1	0	0	0	0	0	0	0	0	0	0	0	0	0	0	0	0	
115.855200	8	3	3	0	1	2	2	4198	339	33	6953	1	0	0	0	0	0	0	0	0	0	0	0	0	0	0	0	0	
116.860317	8	3	3	0	1	2	2	4199	334	33	7013	1	0	0	0	0	0	0	0	0	0	0	0	0	0	0	0	0	
117.866883	8	3	3	0	1	2	2	4198	330	33	7073	1	0	0	0	0	0	0	0	0	0	0	0	0	0	0	0	0	
118.872000	8	3	3	0	1	2	2	4199	324	33	7134	1	0	0	0	0	0	0	0	0	0	0	0	0	0	0	0	0	
119.858400	8	3	3	0	1	2	2	4198	319	33	7193	1	0	0	0	0	0	0	0	0	0	0	0	0	0	0	0	0	
120.863517	8	3	3	0	1	2	2	4199	315	33	7253	1	0	0	0	0	0	0	0	0	0	0	0	0	0	0	0	0	
121.868633	8	3	3	0	1	2	2	4198	310	33	7313	1	0	0	0	0	0	0	0	0	0	0	0	0	0	0	0	0	
122.855033	8	3	3	0	1	2	2	4198	304	33	7373	1	0	0	0	0	0	0	0	0	0	0	0	0	0	0	0	0	
123.860167	8	3	3	0	1	2	2	4198	298	33	7433	1	0	0	0	0	0	0	0	0	0	0	0	0	0	0	0	0	
124.865283	8	3	3	0	1	2	2	4198	296	33	7493	1	0	0	0	0	0	0	0	0	0	0	0	0	0	0	0	0	
125.870400	8	3	3	0	1	2	2	4198	289	33	7554	1	0	0	0	0	0	0	0	0	0	0	0	0	0	0	0	0	
126.856800	8	3	3	0	1	2	2	4198	285	33	7613	1	0	0	0	0	0	0	0	0	0	0	0	0	0	0	0	0	
127.861917	8	3	3	0	1	2	2	4199	280	33	7673	1	0	0	0	0	0	0	0	0	0	0	0	0	0	0	0	0	
128.869917	8	3	3	0	1	2	2	4199	275	33	7733	1	0	0	0	0	0	0	0	0	0	0	0	0	0	0	0	0	
129.856317	8	3	3	0	1	2	2	4199	268	33	7793	1	0	0	0	0	0	0	0	0	0	0	0	0	0	0	0	0	
130.861433	8	3	3	0	1	2	2	4199	262	33	7853	1	0	0	0	0	0	0	0	0	0	0	0	0	0	0	0	0	
131.866567	8	3	3	0	1	2	2	4198	256	33	7913	1	0	0	0	0	0	0	0	0	0	0	0	0	0	0	0	0	
132.871683	8	3	3	0	1	2	2	4199	250	33	7974	1	0	0	0	0	0	0	0	0	0	0	0	0	0	0	0	0	
133.858083	8	3	3	0	1	2	2	4199	246	33	8033	1	0	0	0	0	0	0	0	0	0	0	0	0	0	0	0	0	
134.863200	8	3	3	0	1	2	2	4199	241	33	8093	1	0	0	0	0	0	0	0	0	0	0	0	0	0	0	0	0	
135.868317	8	3	3	0	1	2	2	4199	237	33	8153	1	0	0	0	0	0	0	0	0	0	0	0	0	0	0	0	0	
136.873433	8	3	3	0	1	2	2	4199	232	33	8214	1	0	0	0	0	0	0	0	0	0	0	0	0	0	0	0	0	
137.859833	8	3	3	0	1	2	2	4198	226	33	8273	1	0	0	0	0	0	0	0	0	0	0	0	0	0	0	0	0	
138.864967	8	3	3	0	1	2	2	4199	222	33	8333	1	0	0	0	0	0	0	0	0	0	0	0	0	0	0	0	0	
139.870083	8	3	3	0	1	2	2	4199	218	33	8394	1	0	0	0	0	0	0	0	0	0	0	0	0	0	0	0	0	
140.856483	8	3	3	0	1	2	2	4198	215	33	8453	1	0	0	0	0	0	0	0	0	0	0	0	0	0	0	0	0	
141.863033	8	3	3	0	1	2	2	4198	213	33	8513	1	0	0	0	0	0	0	0	0	0	0	0	0	0	0	0	0	
142.868167	8	3	3	0	1	2	2	4199	208	33	8573	1	0	0	0	0	0	0	0	0	0	0	0	0	0	0	0	0	
143.873283	8	3	3	0	1	2	2	4199	205	33	8634	1	0	0	0	0	0	0	0	0	0	0	0	0	0	0	0	0	
144.859683	8	3	3	0	1	2	2	4199	203	33	8693	1	0	0	0	0	0	0	0	0	0	0	0	0	0	0	0	0	
145.864800	8	3	3	0	1	2	2	4198	199	33	8753	1	0	0	0	0	0	0	0	0	0	0	0	0	0	0	0	0	
146.869917	8	3	3	0	1	2	2	4199	194	33	8813	1	0	0	0	0	0	0	0	0	0	0	0	0	0	0	0	0	
147.856317	8	3	3	0	1	2	2	4198	190	33	8873	1	0	0	0	0	0	0	0	0	0	0	0	0	0	0	0	0	
148.861433	8	3	3	0	1	2	2	4199	187	33	8933	1	0	0	0	0	0	0	0	0	0	0	0	0	0	0	0	0	
149.866567	8	3	3	0	1	2	2	4198	184	33	8993	1	0	0	0	0	0	0	0	0	0	0	0	0	0	0	0	0	
150.871683	8	3	3	0	1	2	2	4198	182	33	9054	1	0	0	0	0	0	0	0	0	0	0	0	0	0	0	0	0	
151.858083	8	3	3	0	1	2	2	4198	149	33	9113	1	0	0	0	0	0	0	0	0	0	0	0	0	0	0	0	0	
152.864633	8	3	3	0	1	2	2	4199	145	33	9173	1	0	0	0	0	0	0	0	0	0	0	0	0	0	0	0	0	
153.869767	8	3	3	0	1	2	2	4199	143	33	9233	1	0	0	0	0	0	0	0	0	0	0	0	0	0	0	0	0	
154.874883	8	3	3	0	1	2	2	4198	139	33	9294	1	0	0	0	0	0	0	0	0	0	0	0	0	0	0	0	0	
155.861283	8	3	3	0	1	2	2	4199	136	33	9353	1	0	0	0	0	0	0	0	0	0	0	0	0	0	0	0	0	
156.866400	8	3	3	0	1	2	2	4199	135	33	9413	1	0	0	0	0	0	0	0	0	0	0	0	0	0	0	0	0	
157.871517	8	3	3	0	1	2	2	4199	133	33	9473	1	0	0	0	0	0	0	0	0	0	0	0	0	0	0	0	0	
158.857917	8	3	3	0	1	2	2	4198	131	33	9533	1	0	0	0	0	0	0	0	0	0	0	0	0	0	0	0	0	
159.863033	8	3	3	0	1	2	2	4199	130	33	9593	1	0	0	0	0	0	0	0	0	0	0	0	0	0	0	0	0	
160.868167	8	3	3	0	1	2	2	4199	115	33	9653	1	0	0	0	0	0	0	0	0	0	0	0	0	0	0	0	0	
161.873283	8	3	3	0	1	2	2	4199	113	33	9714	1	0	0	0	0	0	0	0	0	0	0	0	0	0	0	0	0	
162.390233	8	6	3	0	2	7	1	3371	-1349	33	9745	1	1	0	0	0	0	0	0	0	0	0	0	0	0	0	0	0	
162.862567	8	6	3	0	2	7	1	3509	-1350	33	9773	1	1	0	0	0	0	0	0	0	0	0	0	0	0	0	0	0	
163.867683	8	6	3	0	2	7	1	3531	-1349	33	9833	1	1	2	0	0	0	0	0	0	0	0	0	0	0	0	0	0	
164.872800	8	6	3	0	2	7	1	3539	-1350	33	9894	1	1	4	0	0	0	0	0	0	0	0	0	0	0	0	0	0	
165.859200	8	6	3	0	2	7	1	3447	-1349	33	9953	1	1	5	0	0	0	0	0	0	0	0	0	0	0	0	0	0	
166.864317	8	6	3	0	2	7	1	3490	-1349	33	10013	1	1	7	0	0	0	0	0	0	0	0	0	0	0	0	0	0	
167.869433	8	6	3	0	2	7	1	3447	-1348	33	10073	1	1	9	0	0	0	0	0	0	0	0	0	0	0	0	0	0	
168.874567	8	6	3	0	2	7	1	3471	-1350	33	10134	1	1	10	0	0	0	0	0	0	0	0	0	0	0	0	0	0	
169.860967	8	6	3	0	2	7	1	3463	-1350	33	10193	1	1	12	0	0	0	0	0	0	0	0	0	0	0	0	0	0	
170.867517	8	6	3	0	2	7	1	3455	-1349	33	10253	1	1	13	0	0	0	0	0	0	0	0	0	0	0	0	0	0	
171.872633	8	6	3	0	2	7	1	3443	-1349	33	10313	1	1	15	0	0	0	0	0	0	0	0	0	0	0	0	0	0	
172.859033	8	6	3	0	2	7	1	3420	-1350	33	10373	1	1	17	0	0	0	0	0	0	0	0	0	0	0	0	0	0	
173.864167	8	6	3	0	2	7	1	3415	-1350	33	10433	1	1	18	0	0	0	0	0	0	0	0	0	0	0	0	0	0	
174.869283	8	6	3	0	2	7	1	3396	-1348	33	10493	1	1	20	0	0	0	0	0	0	0	0	0	0	0	0	0	0	
175.874400	8	6	3	0	2	7	1	3396	-1349	33	10554	1	1	22	0	0	0	0	0	0	0	0	0	0	0	0	0	0	
176.860800	8	6	3	0	2	7	1	3375	-1350	33	10613	1	1	23	0	0	0	0	0	0	0	0	0	0	0	0	0	0	
177.865917	8	6	3	0	2	7	1	3365	-1348	33	10673	1	1	25	0	0	0	0	0	0	0	0	0	0	0	0	0	0	
178.871033	8	6	3	0	2	7	1	3362	-1349	33	10733	1	1	27	0	0	0	0	0	0	0	0	0	0	0	0	0	0	
179.876167	8	6	3	0	2	7	1	3352	-1349	33	10794	1	1	28	0	0	0	0	0	0	0	0	0	0	0	0	0	0	
180.862567	8	6	3	0	2	7	1	3339	-1350	33	10853	1	1	30	0	0	0	0	0	0	0	0	0	0	0	0	0	0	
181.869117	8	6	3	0	2	7	1	3326	-1350	33	10913	1	1	32	0	0	0	0	0	0	0	0	0	0	0	0	0	0	
182.874233	8	6	3	0	2	7	1	3319	-1350	33	10974	1	1	33	0	0	0	0	0	0	0	0	0	0	0	0	0	0	
183.860633	8	6	3	0	2	7	1	3311	-1349	33	11033	1	1	35	0	0	0	0	0	0	0	0	0	0	0	0	0	0	
184.865767	8	6	3	0	2	7	1	3301	-1350	33	11093	1	1	37	0	0	0	0	0	0	0	0	0	0	0	0	0	0	
185.870883	8	6	3	0	2	7	1	3292	-1351	33	11153	1	1	38	0	0	0	0	0	0	0	0	0	0	0	0	0	0	
186.876000	8	6	3	0	2	7	1	3284	-1350	33	11214	1	1	40	0	0	0	0	0	0	0	0	0	0	0	0	0	0	
187.862400	8	6	3	0	2	7	1	3277	-1350	33	11273	1	1	42	0	0	0	0	0	0	0	0	0	0	0	0	0	0	
188.867517	8	6	3	0	2	7	1	3270	-1350	33	11333	1	1	43	0	0	0	0	0	0	0	0	0	0	0	0	0	0	
189.874083	8	6	3	0	2	7	1	3262	-1350	33	11393	1	1	45	0	0	0	0	0	0	0	0	0	0	0	0	0	0	
190.860483	8	6	3	0	2	7	1	3256	-1350	33	11453	1	1	47	0	0	0	0	0	0	0	0	0	0	0	0	0	0	
191.865600	8	6	3	0	2	7	1	3249	-1350	33	11513	1	1	48	0	0	0	0	0	0	0	0	0	0	0	0	0	0	
192.870717	8	6	3	0	2	7	1	3243	-1349	33	11573	1	1	50	0	0	0	0	0	0	0	0	0	0	0	0	0	0	
193.875833	8	6	3	0	2	7	1	3236	-1349	33	11634	1	1	52	0	0	0	0	0	0	0	0	0	0	0	0	0	0	
194.862233	8	6	3	0	2	7	1	3230	-1350	33	11693	1	1	53	0	0	0	0	0	0	0	0	0	0	0	0	0	0	
195.867367	8	6	3	0	2	7	1	3223	-1349	33	11753	1	1	55	0	0	0	0	0	0	0	0	0	0	0	0	0	0	
196.872483	8	6	3	0	2	7	1	3216	-1350	33	11813	1	1	57	0	0	0	0	0	0	0	0	0	0	0	0	0	0	
197.879033	8	6	3	0	2	7	1	3210	-1348	33	11874	1	1	58	0	0	0	0	0	0	0	0	0	0	0	0	0	0	
198.865433	8	6	3	0	2	7	1	3202	-1350	33	11933	1	1	60	0	0	0	0	0	0	0	0	0	0	0	0	0	0	
199.870567	8	6	3	0	2	7	1	3196	-1350	33	11993	1	1	62	0	0	0	0	0	0	0	0	0	0	0	0	0	0	
200.875683	8	6	3	0	2	7	1	3189	-1350	33	12054	1	1	63	0	0	0	0	0	0	0	0	0	0	0	0	0	0	
201.862083	8	6	3	0	2	7	1	3183	-1349	33	12113	1	1	65	0	0	0	0	0	0	0	0	0	0	0	0	0	0	
202.867200	8	6	3	0	2	7	1	3175	-1349	33	12173	1	1	67	0	0	0	0	0	0	0	0	0	0	0	0	0	0	
203.872317	8	6	3	0	2	7	1	3168	-1349	33	12233	1	1	68	0	0	0	0	0	0	0	0	0	0	0	0	0	0	
204.877433	8	6	3	0	2	7	1	3162	-1349	33	12294	1	1	70	0	0	0	0	0	0	0	0	0	0	0	0	0	0	
205.863833	8	6	3	0	2	7	1	3154	-1349	33	12353	1	1	72	0	0	0	0	0	0	0	0	0	0	0	0	0	0	
206.870400	8	6	3	0	2	7	1	3144	-1350	33	12413	1	1	73	0	0	0	0	0	0	0	0	0	0	0	0	0	0	
207.875517	8	6	3	0	2	7	1	3132	-1349	33	12473	1	1	75	0	0	0	0	0	0	0	0	0	0	0	0	0	0	
208.861917	8	6	3	0	2	7	1	3116	-1349	33	12533	1	1	76	0	0	0	0	0	0	0	0	0	0	0	0	0	0	
209.867033	8	6	3	0	2	7	1	3095	-1350	33	12593	1	1	78	0	0	0	0	0	0	0	0	0	0	0	0	0	0	
210.872167	8	6	3	0	2	7	1	3067	-1350	33	12653	1	1	80	0	0	0	0	0	0	0	0	0	0	0	0	0	0	
211.877283	8	6	3	0	2	7	1	3029	-1348	33	12714	1	1	81	0	0	0	0	0	0	0	0	0	0	0	0	0	0	
212.863683	8	6	3	0	2	7	1	2967	-1349	33	12773	1	1	83	0	0	0	0	0	0	0	0	0	0	0	0	0	0	
213.868800	8	6	3	0	2	7	1	2855	-1351	33	12833	1	1	85	0	0	0	0	0	0	0	0	0	0	0	0	0	0	
214.630567	8	15	3	0	1	31	2	3130	50	33	12879	3	1	86	0	0	0	0	0	0	0	0	0	0	0	0	0	0	
214.650717	8	3	3	0	1	2	2	3399	676	33	12880	3	1	86	0	0	0	0	0	0	0	0	0	0	0	0	0	0	
214.878233	8	3	3	0	1	2	2	3499	675	33	12894	3	1	86	0	0	0	0	0	0	0	0	0	0	0	0	0	0	
215.864633	8	3	3	0	1	2	2	3673	675	33	12953	3	1	86	0	0	0	0	0	0	0	0	0	0	0	0	0	0	
216.869767	8	3	3	0	1	2	2	3761	674	33	13013	3	1	86	0	0	0	0	0	0	0	0	0	0	0	0	0	0	
217.874883	8	3	3	0	1	2	2	3823	674	33	13073	3	1	86	0	0	0	0	0	0	0	0	0	0	0	0	0	0	
218.865600	8	3	3	0	1	2	2	3871	674	33	13133	3	1	86	0	0	0	0	0	0	0	0	0	0	0	0	0	0	
219.870717	8	3	3	0	1	2	2	3911	674	33	13193	3	1	86	0	0	0	0	0	0	0	0	0	0	0	0	0	0	
220.875833	8	3	3	0	1	2	2	3941	674	33	13253	3	1	86	0	0	0	0	0	0	0	0	0	0	0	0	0	0	
221.862233	8	3	3	0	1	2	2	3955	674	33	13313	3	1	86	0	0	0	0	0	0	0	0	0	0	0	0	0	0	
222.867367	8	3	3	0	1	2	2	3960	675	33	13373	3	1	86	0	0	0	0	0	0	0	0	0	0	0	0	0	0	
223.872483	8	3	3	0	1	2	2	3966	674	33	13433	3	1	86	0	0	0	0	0	0	0	0	0	0	0	0	0	0	
224.877600	8	3	3	0	1	2	2	3973	674	33	13494	3	1	86	0	0	0	0	0	0	0	0	0	0	0	0	0	0	
225.864000	8	3	3	0	1	2	2	3976	675	33	13553	3	1	86	0	0	0	0	0	0	0	0	0	0	0	0	0	0	
226.869117	8	3	3	0	1	2	2	3979	675	33	13613	3	1	86	0	0	0	0	0	0	0	0	0	0	0	0	0	0	
227.875683	8	3	3	0	1	2	2	3982	673	33	13673	3	1	86	0	0	0	0	0	0	0	0	0	0	0	0	0	0	
228.880800	8	3	3	0	1	2	2	3987	674	33	13734	3	1	86	0	0	0	0	0	0	0	0	0	0	0	0	0	0	
229.867200	8	3	3	0	1	2	2	3990	675	33	13793	3	1	86	0	0	0	0	0	0	0	0	0	0	0	0	0	0	
230.872317	8	3	3	0	1	2	2	3995	674	33	13853	3	1	86	0	0	0	0	0	0	0	0	0	0	0	0	0	0	
231.877433	8	3	3	0	1	2	2	4002	675	33	13913	3	1	86	0	0	0	0	0	0	0	0	0	0	0	0	0	0	
232.863833	8	3	3	0	1	2	2	4007	673	33	13973	3	1	86	0	0	0	0	0	0	0	0	0	0	0	0	0	0	
233.868967	8	3	3	0	1	2	2	4013	674	33	14033	3	1	86	0	0	0	0	0	0	0	0	0	0	0	0	0	0	
234.874083	8	3	3	0	1	2	2	4019	674	33	14093	3	1	86	0	0	0	0	0	0	0	0	0	0	0	0	0	0	
235.879200	8	3	3	0	1	2	2	4024	674	33	14154	3	1	86	0	0	0	0	0	0	0	0	0	0	0	0	0	0	
236.865600	8	3	3	0	1	2	2	4030	675	33	14213	3	1	86	0	0	0	0	0	0	0	0	0	0	0	0	0	0	
237.870717	8	3	3	0	1	2	2	4035	674	33	14273	3	1	86	0	0	0	0	0	0	0	0	0	0	0	0	0	0	
238.875833	8	3	3	0	1	2	2	4039	675	33	14333	3	1	86	0	0	0	0	0	0	0	0	0	0	0	0	0	0	
239.882400	8	3	3	0	1	2	2	4044	675	33	14394	3	1	86	0	0	0	0	0	0	0	0	0	0	0	0	0	0	
240.868800	8	3	3	0	1	2	2	4047	674	33	14453	3	1	86	0	0	0	0	0	0	0	0	0	0	0	0	0	0	
241.873917	8	3	3	0	1	2	2	4051	675	33	14513	3	1	86	0	0	0	0	0	0	0	0	0	0	0	0	0	0	
242.879033	8	3	3	0	1	2	2	4054	674	33	14574	3	1	86	0	0	0	0	0	0	0	0	0	0	0	0	0	0	
243.865433	8	3	3	0	1	2	2	4057	674	33	14633	3	1	86	0	0	0	0	0	0	0	0	0	0	0	0	0	0	
244.870567	8	3	3	0	1	2	2	4059	675	33	14693	3	1	86	0	0	0	0	0	0	0	0	0	0	0	0	0	0	
245.875683	8	3	3	0	1	2	2	4061	675	33	14753	3	1	86	0	0	0	0	0	0	0	0	0	0	0	0	0	0	
246.880800	8	3	3	0	1	2	2	4064	675	33	14814	3	1	86	0	0	0	0	0	0	0	0	0	0	0	0	0	0	
247.867200	8	3	3	0	1	2	2	4065	674	33	14873	3	1	86	0	0	0	0	0	0	0	0	0	0	0	0	0	0	
248.873767	8	3	3	0	1	2	2	4067	675	33	14933	3	1	86	0	0	0	0	0	0	0	0	0	0	0	0	0	0	
249.878883	8	3	3	0	1	2	2	4069	674	33	14993	3	1	86	0	0	0	0	0	0	0	0	0	0	0	0	0	0	
250.865283	8	3	3	0	1	2	2	4070	674	33	15053	3	1	86	0	0	0	0	0	0	0	0	0	0	0	0	0	0	
251.870400	8	3	3	0	1	2	2	4073	675	33	15113	3	1	86	0	0	0	0	0	0	0	0	0	0	0	0	0	0	
252.875517	8	3	3	0	1	2	2	4074	675	33	15173	3	1	86	0	0	0	0	0	0	0	0	0	0	0	0	0	0	
253.880633	8	3	3	0	1	2	2	4077	676	33	15234	3	1	86	0	0	0	0	0	0	0	0	0	0	0	0	0	0	
254.867033	8	3	3	0	1	2	2	4079	675	33	15293	3	1	86	0	0	0	0	0	0	0	0	0	0	0	0	0	0	
255.872167	8	3	3	0	1	2	2	4081	674	33	15353	3	1	86	0	0	0	0	0	0	0	0	0	0	0	0	0	0	
256.878717	8	3	3	0	1	2	2	4084	675	33	15413	3	1	86	0	0	0	0	0	0	0	0	0	0	0	0	0	0	
257.883833	8	3	3	0	1	2	2	4086	674	33	15474	3	1	86	0	0	0	0	0	0	0	0	0	0	0	0	0	0	
258.870233	8	3	3	0	1	2	2	4089	674	33	15533	3	1	86	0	0	0	0	0	0	0	0	0	0	0	0	0	0	
259.875367	8	3	3	0	1	2	2	4092	675	33	15593	3	1	86	0	0	0	0	0	0	0	0	0	0	0	0	0	0	
260.880483	8	3	3	0	1	2	2	4094	674	33	15654	3	1	86	0	0	0	0	0	0	0	0	0	0	0	0	0	0	
261.866883	8	3	3	0	1	2	2	4096	675	33	15713	3	1	86	0	0	0	0	0	0	0	0	0	0	0	0	0	0	
262.872000	8	3	3	0	1	2	2	4100	675	33	15773	3	1	86	0	0	0	0	0	0	0	0	0	0	0	0	0	0	
263.877117	8	3	3	0	1	2	2	4102	674	33	15833	3	1	86	0	0	0	0	0	0	0	0	0	0	0	0	0	0	
264.882233	8	3	3	0	1	2	2	4104	675	33	15894	3	1	86	0	0	0	0	0	0	0	0	0	0	0	0	0	0	
265.868633	8	3	3	0	1	2	2	4107	674	33	15953	3	1	86	0	0	0	0	0	0	0	0	0	0	0	0	0	0	
266.875200	8	3	3	0	1	2	2	4110	675	33	16013	3	1	86	0	0	0	0	0	0	0	0	0	0	0	0	0	0	
267.880317	8	3	3	0	1	2	2	4114	675	33	16073	3	1	86	0	0	0	0	0	0	0	0	0	0	0	0	0	0	
268.866717	8	3	3	0	1	2	2	4117	675	33	16133	3	1	86	0	0	0	0	0	0	0	0	0	0	0	0	0	0	
269.871833	8	3	3	0	1	2	2	4117	667	33	16193	3	1	86	0	0	0	0	0	0	0	0	0	0	0	0	0	0	
270.876967	8	3	3	0	1	2	2	4120	666	33	16253	3	1	86	0	0	0	0	0	0	0	0	0	0	0	0	0	0	
271.882083	8	3	3	0	1	2	2	4123	665	33	16314	3	1	86	0	0	0	0	0	0	0	0	0	0	0	0	0	0	
272.868483	8	3	3	0	1	2	2	4126	664	33	16373	3	1	86	0	0	0	0	0	0	0	0	0	0	0	0	0	0	
273.873600	8	3	3	0	1	2	2	4129	664	33	16433	3	1	86	0	0	0	0	0	0	0	0	0	0	0	0	0	0	
274.878717	8	3	3	0	1	2	2	4132	663	33	16493	3	1	86	0	0	0	0	0	0	0	0	0	0	0	0	0	0	
275.885283	8	3	3	0	1	2	2	4136	663	33	16554	3	1	86	0	0	0	0	0	0	0	0	0	0	0	0	0	0	
276.871683	8	3	3	0	1	2	2	4140	662	33	16613	3	1	86	0	0	0	0	0	0	0	0	0	0	0	0	0	0	
277.876800	8	3	3	0	1	2	2	4143	662	33	16673	3	1	86	0	0	0	0	0	0	0	0	0	0	0	0	0	0	
278.881917	8	3	3	0	1	2	2	4146	661	33	16734	3	1	86	0	0	0	0	0	0	0	0	0	0	0	0	0	0	
279.868317	8	3	3	0	1	2	2	4149	660	33	16793	3	1	86	0	0	0	0	0	0	0	0	0	0	0	0	0	0	
280.873433	8	3	3	0	1	2	2	4154	659	33	16853	3	1	86	0	0	0	0	0	0	0	0	0	0	0	0	0	0	
281.878567	8	3	3	0	1	2	2	4158	660	33	16913	3	1	86	0	0	0	0	0	0	0	0	0	0	0	0	0	0	
282.883683	8	3	3	0	1	2	2	4162	658	33	16974	3	1	86	0	0	0	0	0	0	0	0	0	0	0	0	0	0	
283.870083	8	3	3	0	1	2	2	4165	657	33	17033	3	1	86	0	0	0	0	0	0	0	0	0	0	0	0	0	0	
284.876633	8	3	3	0	1	2	2	4169	656	33	17093	3	1	86	0	0	0	0	0	0	0	0	0	0	0	0	0	0	
285.881767	8	3	3	0	1	2	2	4173	656	33	17153	3	1	86	0	0	0	0	0	0	0	0	0	0	0	0	0	0	
286.868167	8	3	3	0	1	2	2	4178	656	33	17213	3	1	86	0	0	0	0	0	0	0	0	0	0	0	0	0	0	
287.873283	8	3	3	0	1	2	2	4182	655	33	17273	3	1	86	0	0	0	0	0	0	0	0	0	0	0	0	0	0	
288.878400	8	3	3	0	1	2	2	4186	654	33	17333	3	1	86	0	0	0	0	0	0	0	0	0	0	0	0	0	0	
289.883517	8	3	3	0	1	2	2	4191	654	33	17394	3	1	86	0	0	0	0	0	0	0	0	0	0	0	0	0	0	
290.869917	8	3	3	0	1	2	2	4195	652	33	17453	3	1	86	0	0	0	0	0	0	0	0	0	0	0	0	0	0	
291.875033	8	3	3	0	1	2	2	4198	647	33	17513	3	1	86	0	0	0	0	0	0	0	0	0	0	0	0	0	0	
292.880167	8	3	3	0	1	2	2	4198	634	33	17573	3	1	86	0	0	0	0	0	0	0	0	0	0	0	0	0	0	
293.885283	8	3	3	0	1	2	2	4199	619	33	17634	3	1	86	0	0	0	0	0	0	0	0	0	0	0	0	0	0	
294.873117	8	3	3	0	1	2	2	4198	607	33	17693	3	1	86	0	0	0	0	0	0	0	0	0	0	0	0	0	0	
295.878233	8	3	3	0	1	2	2	4198	592	33	17753	3	1	86	0	0	0	0	0	0	0	0	0	0	0	0	0	0	
296.883367	8	3	3	0	1	2	2	4198	578	33	17814	3	1	86	0	0	0	0	0	0	0	0	0	0	0	0	0	0	
297.869767	8	3	3	0	1	2	2	4198	565	33	17873	3	1	86	0	0	0	0	0	0	0	0	0	0	0	0	0	0	
298.874883	8	3	3	0	1	2	2	4198	553	33	17933	3	1	86	0	0	0	0	0	0	0	0	0	0	0	0	0	0	
299.880000	8	3	3	0	1	2	2	4198	540	33	17993	3	1	86	0	0	0	0	0	0	0	0	0	0	0	0	0	0	
300.885117	8	3	3	0	1	2	2	4199	528	33	18054	3	1	86	0	0	0	0	0	0	0	0	0	0	0	0	0	0	
301.871517	8	3	3	0	1	2	2	4198	518	33	18113	3	1	86	0	0	0	0	0	0	0	0	0	0	0	0	0	0	
302.878083	8	3	3	0	1	2	2	4198	505	33	18173	3	1	86	0	0	0	0	0	0	0	0	0	0	0	0	0	0	
303.883200	8	3	3	0	1	2	2	4198	495	33	18233	3	1	86	0	0	0	0	0	0	0	0	0	0	0	0	0	0	
304.869600	8	3	3	0	1	2	2	4199	485	33	18293	3	1	86	0	0	0	0	0	0	0	0	0	0	0	0	0	0	
305.874717	8	3	3	0	1	2	2	4199	473	33	18353	3	1	86	0	0	0	0	0	0	0	0	0	0	0	0	0	0	
306.879833	8	3	3	0	1	2	2	4199	461	33	18413	3	1	86	0	0	0	0	0	0	0	0	0	0	0	0	0	0	
307.884967	8	3	3	0	1	2	2	4198	451	33	18474	3	1	86	0	0	0	0	0	0	0	0	0	0	0	0	0	0	
308.871367	8	3	3	0	1	2	2	4199	440	33	18533	3	1	86	0	0	0	0	0	0	0	0	0	0	0	0	0	0	
309.877917	8	3	3	0	1	2	2	4199	429	33	18593	3	1	86	0	0	0	0	0	0	0	0	0	0	0	0	0	0	
310.883033	8	3	3	0	1	2	2	4199	417	33	18653	3	1	86	0	0	0	0	0	0	0	0	0	0	0	0	0	0	
311.869433	8	3	3	0	1	2	2	4198	407	33	18713	3	1	86	0	0	0	0	0	0	0	0	0	0	0	0	0	0	
312.874567	8	3	3	0	1	2	2	4199	397	33	18773	3	1	86	0	0	0	0	0	0	0	0	0	0	0	0	0	0	
313.879683	8	3	3	0	1	2	2	4198	386	33	18833	3	1	86	0	0	0	0	0	0	0	0	0	0	0	0	0	0	
314.884800	8	3	3	0	1	2	2	4198	378	33	18894	3	1	86	0	0	0	0	0	0	0	0	0	0	0	0	0	0	
315.871200	8	3	3	0	1	2	2	4199	369	33	18953	3	1	86	0	0	0	0	0	0	0	0	0	0	0	0	0	0	
316.877767	8	3	3	0	1	2	2	4198	361	33	19013	3	1	86	0	0	0	0	0	0	0	0	0	0	0	0	0	0	
317.882883	8	3	3	0	1	2	2	4199	352	33	19073	3	1	86	0	0	0	0	0	0	0	0	0	0	0	0	0	0	
318.888000	8	3	3	0	1	2	2	4199	343	33	19134	3	1	86	0	0	0	0	0	0	0	0	0	0	0	0	0	0	
319.874400	8	3	3	0	1	2	2	4198	335	33	19193	3	1	86	0	0	0	0	0	0	0	0	0	0	0	0	0	0	
320.879517	8	3	3	0	1	2	2	4198	327	33	19253	3	1	86	0	0	0	0	0	0	0	0	0	0	0	0	0	0	
321.884633	8	3	3	0	1	2	2	4199	317	33	19314	3	1	86	0	0	0	0	0	0	0	0	0	0	0	0	0	0	
322.871033	8	3	3	0	1	2	2	4199	310	33	19373	3	1	86	0	0	0	0	0	0	0	0	0	0	0	0	0	0	
323.876167	8	3	3	0	1	2	2	4198	303	33	19433	3	1	86	0	0	0	0	0	0	0	0	0	0	0	0	0	0	
324.881283	8	3	3	0	1	2	2	4199	295	33	19493	3	1	86	0	0	0	0	0	0	0	0	0	0	0	0	0	0	
325.887833	8	3	3	0	1	2	2	4198	288	33	19554	3	1	86	0	0	0	0	0	0	0	0	0	0	0	0	0	0	
326.874233	8	3	3	0	1	2	2	4198	281	33	19613	3	1	86	0	0	0	0	0	0	0	0	0	0	0	0	0	0	
327.879367	8	3	3	0	1	2	2	4199	274	33	19673	3	1	86	0	0	0	0	0	0	0	0	0	0	0	0	0	0	
328.884483	8	3	3	0	1	2	2	4199	269	33	19733	3	1	86	0	0	0	0	0	0	0	0	0	0	0	0	0	0	
329.870883	8	3	3	0	1	2	2	4198	263	33	19793	3	1	86	0	0	0	0	0	0	0	0	0	0	0	0	0	0	
330.876000	8	3	3	0	1	2	2	4199	257	33	19853	3	1	86	0	0	0	0	0	0	0	0	0	0	0	0	0	0	
331.881117	8	3	3	0	1	2	2	4198	252	33	19913	3	1	86	0	0	0	0	0	0	0	0	0	0	0	0	0	0	
332.886233	8	3	3	0	1	2	2	4199	245	33	19974	3	1	86	0	0	0	0	0	0	0	0	0	0	0	0	0	0	
333.872633	8	3	3	0	1	2	2	4198	240	33	20033	3	1	86	0	0	0	0	0	0	0	0	0	0	0	0	0	0	
334.877767	8	3	3	0	1	2	2	4198	234	33	20093	3	1	86	0	0	0	0	0	0	0	0	0	0	0	0	0	0	
335.882883	8	3	3	0	1	2	2	4198	230	33	20153	3	1	86	0	0	0	0	0	0	0	0	0	0	0	0	0	0	
336.889433	8	3	3	0	1	2	2	4199	223	33	20214	3	1	86	0	0	0	0	0	0	0	0	0	0	0	0	0	0	
337.875833	8	3	3	0	1	2	2	4198	217	33	20273	3	1	86	0	0	0	0	0	0	0	0	0	0	0	0	0	0	
338.880967	8	3	3	0	1	2	2	4198	212	33	20333	3	1	86	0	0	0	0	0	0	0	0	0	0	0	0	0	0	
339.886083	8	3	3	0	1	2	2	4198	207	33	20394	3	1	86	0	0	0	0	0	0	0	0	0	0	0	0	0	0	
340.872483	8	3	3	0	1	2	2	4199	202	33	20453	3	1	86	0	0	0	0	0	0	0	0	0	0	0	0	0	0	
341.877600	8	3	3	0	1	2	2	4198	197	33	20513	3	1	86	0	0	0	0	0	0	0	0	0	0	0	0	0	0	
342.882717	8	3	3	0	1	2	2	4198	194	33	20573	3	1	86	0	0	0	0	0	0	0	0	0	0	0	0	0	0	
343.887833	8	3	3	0	1	2	2	4198	189	33	20634	3	1	86	0	0	0	0	0	0	0	0	0	0	0	0	0	0	
344.874233	8	3	3	0	1	2	2	4198	184	33	20693	3	1	86	0	0	0	0	0	0	0	0	0	0	0	0	0	0	
345.882233	8	3	3	0	1	2	2	4198	181	33	20753	3	1	86	0	0	0	0	0	0	0	0	0	0	0	0	0	0	
346.887367	8	3	3	0	1	2	2	4198	176	33	20814	3	1	86	0	0	0	0	0	0	0	0	0	0	0	0	0	0	
347.873767	8	3	3	0	1	2	2	4199	173	33	20873	3	1	86	0	0	0	0	0	0	0	0	0	0	0	0	0	0	
348.878883	8	3	3	0	1	2	2	4199	168	33	20933	3	1	86	0	0	0	0	0	0	0	0	0	0	0	0	0	0	
349.884000	8	3	3	0	1	2	2	4198	164	33	20993	3	1	86	0	0	0	0	0	0	0	0	0	0	0	0	0	0	
350.889117	8	3	3	0	1	2	2	4198	161	33	21054	3	1	86	0	0	0	0	0	0	0	0	0	0	0	0	0	0	
351.876967	8	3	3	0	1	2	2	4199	156	33	21113	3	1	86	0	0	0	0	0	0	0	0	0	0	0	0	0	0	
352.882083	8	3	3	0	1	2	2	4199	154	33	21173	3	1	86	0	0	0	0	0	0	0	0	0	0	0	0	0	0	
353.887200	8	3	3	0	1	2	2	4198	150	33	21233	3	1	86	0	0	0	0	0	0	0	0	0	0	0	0	0	0	
354.873600	8	3	3	0	1	2	2	4199	147	33	21293	3	1	86	0	0	0	0	0	0	0	0	0	0	0	0	0	0	
355.878717	8	3	3	0	1	2	2	4199	143	33	21353	3	1	86	0	0	0	0	0	0	0	0	0	0	0	0	0	0	
356.883833	8	3	3	0	1	2	2	4199	140	33	21413	3	1	86	0	0	0	0	0	0	0	0	0	0	0	0	0	0	
357.888967	8	3	3	0	1	2	2	4198	137	33	21474	3	1	86	0	0	0	0	0	0	0	0	0	0	0	0	0	0	
358.875367	8	3	3	0	1	2	2	4199	133	33	21533	3	1	86	0	0	0	0	0	0	0	0	0	0	0	0	0	0	
359.881917	8	3	3	0	1	2	2	4199	131	33	21593	3	1	86	0	0	0	0	0	0	0	0	0	0	0	0	0	0	
360.887033	8	3	3	0	1	2	2	4199	128	33	21653	3	1	86	0	0	0	0	0	0	0	0	0	0	0	0	0	0	
361.873433	8	3	3	0	1	2	2	4199	125	33	21713	3	1	86	0	0	0	0	0	0	0	0	0	0	0	0	0	0	
362.878567	8	3	3	0	1	2	2	4199	122	33	21773	3	1	86	0	0	0	0	0	0	0	0	0	0	0	0	0	0	
363.883683	8	3	3	0	1	2	2	4199	119	33	21833	3	1	86	0	0	0	0	0	0	0	0	0	0	0	0	0	0	
364.888800	8	3	3	0	1	2	2	4199	116	33	21894	3	1	86	0	0	0	0	0	0	0	0	0	0	0	0	0	0	
365.875200	8	3	3	0	1	2	2	4198	113	33	21953	3	1	86	0	0	0	0	0	0	0	0	0	0	0	0	0	0	
366.880317	8	3	3	0	1	2	2	4199	110	33	22013	3	1	86	0	0	0	0	0	0	0	0	0	0	0	0	0	0	
367.885433	8	3	3	0	1	2	2	4199	108	33	22073	3	1	86	0	0	0	0	0	0	0	0	0	0	0	0	0	0	
368.892000	8	3	3	0	1	2	2	4199	106	33	22134	3	1	86	0	0	0	0	0	0	0	0	0	0	0	0	0	0	
369.878400	8	3	3	0	1	2	2	4199	103	33	22193	3	1	86	0	0	0	0	0	0	0	0	0	0	0	0	0	0	
370.883517	8	3	3	0	1	2	2	4199	100	33	22253	3	1	86	0	0	0	0	0	0	0	0	0	0	0	0	0	0	
371.888633	8	3	3	0	1	2	2	4199	98	33	22314	3	1	86	0	0	0	0	0	0	0	0	0	0	0	0	0	0	
372.875033	8	3	3	0	1	2	2	4199	96	33	22373	3	1	86	0	0	0	0	0	0	0	0	0	0	0	0	0	0	
373.880167	8	3	3	0	1	2	2	4199	93	33	22433	3	1	86	0	0	0	0	0	0	0	0	0	0	0	0	0	0	
374.885283	8	3	3	0	1	2	2	4198	91	33	22493	3	1	86	0	0	0	0	0	0	0	0	0	0	0	0	0	0	
375.890400	8	3	3	0	1	2	2	4198	89	33	22554	3	1	86	0	0	0	0	0	0	0	0	0	0	0	0	0	0	
376.878233	8	3	3	0	1	2	2	4198	87	33	22613	3	1	86	0	0	0	0	0	0	0	0	0	0	0	0	0	0	
377.883367	8	3	3	0	1	2	2	4199	85	33	22673	3	1	86	0	0	0	0	0	0	0	0	0	0	0	0	0	0	
378.888483	8	3	3	0	1	2	2	4199	84	33	22733	3	1	86	0	0	0	0	0	0	0	0	0	0	0	0	0	0	
379.874883	8	3	3	0	1	2	2	4198	80	33	22793	3	1	86	0	0	0	0	0	0	0	0	0	0	0	0	0	0	
380.880000	8	3	3	0	1	2	2	4199	79	33	22853	3	1	86	0	0	0	0	0	0	0	0	0	0	0	0	0	0	
381.885117	8	3	3	0	1	2	2	4199	77	33	22913	3	1	86	0	0	0	0	0	0	0	0	0	0	0	0	0	0	
382.890233	8	3	3	0	1	2	2	4198	75	33	22974	3	1	86	0	0	0	0	0	0	0	0	0	0	0	0	0	0	
383.876633	8	3	3	0	1	2	2	4198	73	33	23033	3	1	86	0	0	0	0	0	0	0	0	0	0	0	0	0	0	
384.881767	8	3	3	0	1	2	2	4198	72	33	23093	3	1	86	0	0	0	0	0	0	0	0	0	0	0	0	0	0	
385.886883	8	3	3	0	1	2	2	4198	70	33	23153	3	1	86	0	0	0	0	0	0	0	0	0	0	0	0	0	0	
386.892000	8	3	3	0	1	2	2	4199	68	33	23214	3	1	86	0	0	0	0	0	0	0	0	0	0	0	0	0	0	
387.822233	8	6	3	0	2	7	1	3835	-819	33	23269	3	2	0	0	0	0	0	0	0	0	0	0	0	0	0	0	0	
387.881283	8	6	3	0	2	7	1	3632	-1350	33	23273	3	2	0	0	0	0	0	0	0	0	0	0	0	0	0	0	0	
388.886400	8	6	3	0	2	7	1	3591	-1350	33	23333	3	2	1	0	0	0	0	0	0	0	0	0	0	0	0	0	0	
389.891517	8	6	3	0	2	7	1	3578	-1351	33	23394	3	2	3	0	0	0	0	0	0	0	0	0	0	0	0	0	0	
390.877917	8	6	3	0	2	7	1	3576	-1349	33	23453	3	2	5	0	0	0	0	0	0	0	0	0	0	0	0	0	0	
391.883033	8	6	3	0	2	7	1	3561	-1350	33	23513	3	2	6	0	0	0	0	0	0	0	0	0	0	0	0	0	0	
392.888167	8	6	3	0	2	7	1	3548	-1348	33	23573	3	2	8	0	0	0	0	0	0	0	0	0	0	0	0	0	0	
393.893283	8	6	3	0	2	7	1	3532	-1349	33	23634	3	2	10	0	0	0	0	0	0	0	0	0	0	0	0	0	0	
394.881117	8	6	3	0	2	7	1	3519	-1349	33	23693	3	2	11	0	0	0	0	0	0	0	0	0	0	0	0	0	0	
395.886233	8	6	3	0	2	7	1	3505	-1350	33	23753	3	2	13	0	0	0	0	0	0	0	0	0	0	0	0	0	0	
396.891367	8	6	3	0	2	7	1	3493	-1348	33	23814	3	2	14	0	0	0	0	0	0	0	0	0	0	0	0	0	0	
397.877767	8	6	3	0	2	7	1	3478	-1350	33	23873	3	2	16	0	0	0	0	0	0	0	0	0	0	0	0	0	0	
398.882883	8	6	3	0	2	7	1	3465	-1349	33	23933	3	2	18	0	0	0	0	0	0	0	0	0	0	0	0	0	0	
399.888000	8	6	3	0	2	7	1	3453	-1350	33	23993	3	2	19	0	0	0	0	0	0	0	0	0	0	0	0	0	0	
400.893117	8	6	3	0	2	7	1	3440	-1349	33	24054	3	2	21	0	0	0	0	0	0	0	0	0	0	0	0	0	0	
401.879517	8	6	3	0	2	7	1	3429	-1350	33	24113	3	2	23	0	0	0	0	0	0	0	0	0	0	0	0	0	0	
402.886083	8	6	3	0	2	7	1	3417	-1349	33	24173	3	2	24	0	0	0	0	0	0	0	0	0	0	0	0	0	0	
403.891200	8	6	3	0	2	7	1	3406	-1351	33	24233	3	2	26	0	0	0	0	0	0	0	0	0	0	0	0	0	0	
404.876167	8	6	3	0	2	7	1	3395	-1349	33	24293	3	2	28	0	0	0	0	0	0	0	0	0	0	0	0	0	0	
405.882717	8	6	3	0	2	7	1	3384	-1349	33	24353	3	2	29	0	0	0	0	0	0	0	0	0	0	0	0	0	0	
406.887833	8	6	3	0	2	7	1	3374	-1348	33	24413	3	2	31	0	0	0	0	0	0	0	0	0	0	0	0	0	0	
407.892967	8	6	3	0	2	7	1	3363	-1349	33	24474	3	2	33	0	0	0	0	0	0	0	0	0	0	0	0	0	0	
408.879367	8	6	3	0	2	7	1	3353	-1351	33	24533	3	2	34	0	0	0	0	0	0	0	0	0	0	0	0	0	0	
409.884483	8	6	3	0	2	7	1	3344	-1349	33	24593	3	2	36	0	0	0	0	0	0	0	0	0	0	0	0	0	0	
410.889600	8	6	3	0	2	7	1	3334	-1350	33	24653	3	2	38	0	0	0	0	0	0	0	0	0	0	0	0	0	0	
411.894717	8	6	3	0	2	7	1	3325	-1348	33	24714	3	2	39	0	0	0	0	0	0	0	0	0	0	0	0	0	0	
412.881117	8	6	3	0	2	7	1	3316	-1350	33	24773	3	2	41	0	0	0	0	0	0	0	0	0	0	0	0	0	0	
413.887683	8	6	3	0	2	7	1	3308	-1351	33	24833	3	2	43	0	0	0	0	0	0	0	0	0	0	0	0	0	0	
414.892800	8	6	3	0	2	7	1	3300	-1349	33	24894	3	2	44	0	0	0	0	0	0	0	0	0	0	0	0	0	0	
415.879200	8	6	3	0	2	7	1	3293	-1350	33	24953	3	2	46	0	0	0	0	0	0	0	0	0	0	0	0	0	0	
416.884317	8	6	3	0	2	7	1	3285	-1349	33	25013	3	2	48	0	0	0	0	0	0	0	0	0	0	0	0	0	0	
417.889433	8	6	3	0	2	7	1	3278	-1350	33	25073	3	2	49	0	0	0	0	0	0	0	0	0	0	0	0	0	0	
418.894567	8	6	3	0	2	7	1	3271	-1349	33	25134	3	2	51	0	0	0	0	0	0	0	0	0	0	0	0	0	0	
419.880967	8	6	3	0	2	7	1	3264	-1349	33	25193	3	2	52	0	0	0	0	0	0	0	0	0	0	0	0	0	0	
420.886083	8	6	3	0	2	7	1	3258	-1350	33	25253	3	2	54	0	0	0	0	0	0	0	0	0	0	0	0	0	0	
421.891200	8	6	3	0	2	7	1	3252	-1350	33	25313	3	2	56	0	0	0	0	0	0	0	0	0	0	0	0	0	0	
422.879033	8	6	3	0	2	7	1	3246	-1348	33	25373	3	2	57	0	0	0	0	0	0	0	0	0	0	0	0	0	0	
423.884167	8	6	3	0	2	7	1	3241	-1351	33	25433	3	2	59	0	0	0	0	0	0	0	0	0	0	0	0	0	0	
424.889283	8	6	3	0	2	7	1	3234	-1349	33	25493	3	2	61	0	0	0	0	0	0	0	0	0	0	0	0	0	0	
425.894400	8	6	3	0	2	7	1	3229	-1349	33	25554	3	2	63	0	0	0	0	0	0	0	0	0	0	0	0	0	0	
426.880800	8	6	3	0	2	7	1	3223	-1350	33	25613	3	2	64	0	0	0	0	0	0	0	0	0	0	0	0	0	0	
427.885917	8	6	3	0	2	7	1	3217	-1350	33	25673	3	2	66	0	0	0	0	0	0	0	0	0	0	0	0	0	0	
428.891033	8	6	3	0	2	7	1	3211	-1351	33	25733	3	2	68	0	0	0	0	0	0	0	0	0	0	0	0	0	0	
429.896167	8	6	3	0	2	7	1	3205	-1350	33	25794	3	2	69	0	0	0	0	0	0	0	0	0	0	0	0	0	0	
430.882567	8	6	3	0	2	7	1	3199	-1350	33	25853	3	2	71	0	0	0	0	0	0	0	0	0	0	0	0	0	0	
431.889117	8	6	3	0	2	7	1	3192	-1349	33	25913	3	2	72	0	0	0	0	0	0	0	0	0	0	0	0	0	0	
432.894233	8	6	3	0	2	7	1	3186	-1349	33	25974	3	2	74	0	0	0	0	0	0	0	0	0	0	0	0	0	0	
433.880633	8	6	3	0	2	7	1	3178	-1349	33	26033	3	2	76	0	0	0	0	0	0	0	0	0	0	0	0	0	0	
434.888633	8	6	3	0	2	7	1	3171	-1349	33	26093	3	2	77	0	0	0	0	0	0	0	0	0	0	0	0	0	0	
435.893767	8	6	3	0	2	7	1	3161	-1348	33	26154	3	2	79	0	0	0	0	0	0	0	0	0	0	0	0	0	0	
436.883033	8	6	3	0	2	7	1	3149	-1350	33	26213	3	2	81	0	0	0	0	0	0	0	0	0	0	0	0	0	0	
437.888167	8	6	3	0	2	7	1	3134	-1349	33	26273	3	2	82	0	0	0	0	0	0	0	0	0	0	0	0	0	0	
438.893283	8	6	3	0	2	7	1	3116	-1348	33	26333	3	2	84	0	0	0	0	0	0	0	0	0	0	0	0	0	0	
439.879683	8	6	3	0	2	7	1	3091	-1351	33	26393	3	2	86	0	0	0	0	0	0	0	0	0	0	0	0	0	0	
440.884800	8	6	3	0	2	7	1	3062	-1349	33	26453	3	2	87	0	0	0	0	0	0	0	0	0	0	0	0	0	0	
441.889917	8	6	3	0	2	7	1	3018	-1350	33	26513	3	2	89	0	0	0	0	0	0	0	0	0	0	0	0	0	0	
442.895033	8	6	3	0	2	7	1	2944	-1349	33	26574	3	2	91	0	0	0	0	0	0	0	0	0	0	0	0	0	0	
443.881433	8	6	3	0	2	7	1	2804	-1350	33	26633	3	2	92	0	0	0	0	0	0	0	0	0	0	0	0	0	0	
444.340800	8	15	3	0	1	31	2	2841	15	33	26660	4	2	93	0	0	0	0	0	0	0	0	0	0	0	0	0	0	
444.360967	8	3	3	0	1	2	2	3388	678	33	26662	5	2	93	0	0	0	0	0	0	0	0	0	0	0	0	0	0	
444.890883	8	3	3	0	1	2	2	3559	674	33	26693	5	2	93	0	0	0	0	0	0	0	0	0	0	0	0	0	0	
445.896000	8	3	3	0	1	2	2	3688	673	33	26754	5	2	93	0	0	0	0	0	0	0	0	0	0	0	0	0	0	
446.882400	8	3	3	0	1	2	2	3770	674	33	26813	5	2	93	0	0	0	0	0	0	0	0	0	0	0	0	0	0	
447.887517	8	3	3	0	1	2	2	3829	675	33	26873	5	2	93	0	0	0	0	0	0	0	0	0	0	0	0	0	0	
448.892633	8	3	3	0	1	2	2	3876	675	33	26933	5	2	93	0	0	0	0	0	0	0	0	0	0	0	0	0	0	
449.897767	8	3	3	0	1	2	2	3913	675	33	26994	5	2	93	0	0	0	0	0	0	0	0	0	0	0	0	0	0	
450.884167	8	3	3	0	1	2	2	3937	675	33	27053	5	2	93	0	0	0	0	0	0	0	0	0	0	0	0	0	0	
451.889283	8	3	3	0	1	2	2	3948	675	33	27113	5	2	93	0	0	0	0	0	0	0	0	0	0	0	0	0	0	
452.894400	8	3	3	0	1	2	2	3954	675	33	27174	5	2	93	0	0	0	0	0	0	0	0	0	0	0	0	0	0	
453.880800	8	3	3	0	1	2	2	3960	674	33	27233	5	2	93	0	0	0	0	0	0	0	0	0	0	0	0	0	0	
454.887367	8	3	3	0	1	2	2	3965	675	33	27293	5	2	93	0	0	0	0	0	0	0	0	0	0	0	0	0	0	
455.892483	8	3	3	0	1	2	2	3970	676	33	27353	5	2	93	0	0	0	0	0	0	0	0	0	0	0	0	0	0	
456.897600	8	3	3	0	1	2	2	3974	674	33	27414	5	2	93	0	0	0	0	0	0	0	0	0	0	0	0	0	0	
457.884000	8	3	3	0	1	2	2	3979	674	33	27473	5	2	93	0	0	0	0	0	0	0	0	0	0	0	0	0	0	
458.889117	8	3	3	0	1	2	2	3984	674	33	27533	5	2	93	0	0	0	0	0	0	0	0	0	0	0	0	0	0	
459.894233	8	3	3	0	1	2	2	3989	674	33	27593	5	2	93	0	0	0	0	0	0	0	0	0	0	0	0	0	0	
460.880633	8	3	3	0	1	2	2	3995	676	33	27653	5	2	93	0	0	0	0	0	0	0	0	0	0	0	0	0	0	
461.885767	8	3	3	0	1	2	2	4001	674	33	27713	5	2	93	0	0	0	0	0	0	0	0	0	0	0	0	0	0	
462.892317	8	3	3	0	1	2	2	4007	675	33	27773	5	2	93	0	0	0	0	0	0	0	0	0	0	0	0	0	0	
463.897433	8	3	3	0	1	2	2	4013	675	33	27834	5	2	93	0	0	0	0	0	0	0	0	0	0	0	0	0	0	
464.883833	8	3	3	0	1	2	2	4019	675	33	27893	5	2	93	0	0	0	0	0	0	0	0	0	0	0	0	0	0	
465.888967	8	3	3	0	1	2	2	4023	673	33	27953	5	2	93	0	0	0	0	0	0	0	0	0	0	0	0	0	0	
466.894083	8	3	3	0	1	2	2	4029	674	33	28013	5	2	93	0	0	0	0	0	0	0	0	0	0	0	0	0	0	
467.899200	8	3	3	0	1	2	2	4034	674	33	28074	5	2	93	0	0	0	0	0	0	0	0	0	0	0	0	0	0	
468.885600	8	3	3	0	1	2	2	4038	675	33	28133	5	2	93	0	0	0	0	0	0	0	0	0	0	0	0	0	0	
469.890717	8	3	3	0	1	2	2	4042	674	33	28193	5	2	93	0	0	0	0	0	0	0	0	0	0	0	0	0	0	
470.897283	8	3	3	0	1	2	2	4047	676	33	28254	5	2	93	0	0	0	0	0	0	0	0	0	0	0	0	0	0	
471.883683	8	3	3	0	1	2	2	4049	674	33	28313	5	2	93	0	0	0	0	0	0	0	0	0	0	0	0	0	0	
472.888800	8	3	3	0	1	2	2	4053	676	33	28373	5	2	93	0	0	0	0	0	0	0	0	0	0	0	0	0	0	
473.893917	8	3	3	0	1	2	2	4055	672	34	28433	5	2	93	0	0	0	0	0	0	0	0	0	0	0	0	0	0	
474.899033	8	3	3	0	1	2	2	4058	674	34	28494	5	2	93	0	0	0	0	0	0	0	0	0	0	0	0	0	0	
475.885433	8	3	3	0	1	2	2	4061	673	34	28553	5	2	93	0	0	0	0	0	0	0	0	0	0	0	0	0	0	
476.890567	8	3	3	0	1	2	2	4063	674	34	28613	5	2	93	0	0	0	0	0	0	0	0	0	0	0	0	0	0	
477.895683	8	3	3	0	1	2	2	4066	675	34	28673	5	2	93	0	0	0	0	0	0	0	0	0	0	0	0	0	0	
478.882083	8	3	3	0	1	2	2	4068	674	34	28733	5	2	93	0	0	0	0	0	0	0	0	0	0	0	0	0	0	
479.887200	8	3	3	0	1	2	2	4070	674	33	28793	5	2	93	0	0	0	0	0	0	0	0	0	0	0	0	0	0	
480.893767	8	3	3	0	1	2	2	4073	675	34	28853	5	2	93	0	0	0	0	0	0	0	0	0	0	0	0	0	0	
481.898883	8	3	3	0	1	2	2	4075	674	34	28914	5	2	93	0	0	0	0	0	0	0	0	0	0	0	0	0	0	
482.885283	8	3	3	0	1	2	2	4077	675	34	28973	5	2	93	0	0	0	0	0	0	0	0	0	0	0	0	0	0	
483.890400	8	3	3	0	1	2	2	4080	675	34	29033	5	2	93	0	0	0	0	0	0	0	0	0	0	0	0	0	0	
484.895517	8	3	3	0	1	2	2	4082	674	34	29093	5	2	93	0	0	0	0	0	0	0	0	0	0	0	0	0	0	
485.900633	8	3	3	0	1	2	2	4085	674	34	29154	5	2	93	0	0	0	0	0	0	0	0	0	0	0	0	0	0	
486.887033	8	3	3	0	1	2	2	4087	675	34	29213	5	2	93	0	0	0	0	0	0	0	0	0	0	0	0	0	0	
487.892167	8	3	3	0	1	2	2	4090	674	34	29273	5	2	93	0	0	0	0	0	0	0	0	0	0	0	0	0	0	
488.897283	8	3	3	0	1	2	2	4093	675	34	29334	5	2	93	0	0	0	0	0	0	0	0	0	0	0	0	0	0	
489.883683	8	3	3	0	1	2	2	4096	674	34	29393	5	2	93	0	0	0	0	0	0	0	0	0	0	0	0	0	0	
490.890233	8	3	3	0	1	2	2	4099	674	34	29453	5	2	93	0	0	0	0	0	0	0	0	0	0	0	0	0	0	
491.895367	8	3	3	0	1	2	2	4102	673	34	29513	5	2	93	0	0	0	0	0	0	0	0	0	0	0	0	0	0	
492.900483	8	3	3	0	1	2	2	4105	674	34	29574	5	2	93	0	0	0	0	0	0	0	0	0	0	0	0	0	0	
493.886883	8	3	3	0	1	2	2	4108	674	34	29633	5	2	93	0	0	0	0	0	0	0	0	0	0	0	0	0	0	
494.892000	8	3	3	0	1	2	2	4110	673	34	29693	5	2	93	0	0	0	0	0	0	0	0	0	0	0	0	0	0	
495.897117	8	3	3	0	1	2	2	4115	675	34	29753	5	2	93	0	0	0	0	0	0	0	0	0	0	0	0	0	0	
496.883517	8	3	3	0	1	2	2	4117	676	34	29813	5	2	93	0	0	0	0	0	0	0	0	0	0	0	0	0	0	
497.888633	8	3	3	0	1	2	2	4118	667	34	29873	5	2	93	0	0	0	0	0	0	0	0	0	0	0	0	0	0	
498.895200	8	3	3	0	1	2	2	4120	665	34	29933	5	2	93	0	0	0	0	0	0	0	0	0	0	0	0	0	0	
499.900317	8	3	3	0	1	2	2	4124	666	34	29994	5	2	93	0	0	0	0	0	0	0	0	0	0	0	0	0	0	
500.886717	8	3	3	0	1	2	2	4127	665	34	30053	5	2	93	0	0	0	0	0	0	0	0	0	0	0	0	0	0	
501.891833	8	3	3	0	1	2	2	4130	664	34	30113	5	2	93	0	0	0	0	0	0	0	0	0	0	0	0	0	0	
502.896967	8	3	3	0	1	2	2	4133	664	34	30173	5	2	93	0	0	0	0	0	0	0	0	0	0	0	0	0	0	
503.902083	8	3	3	0	1	2	2	4136	662	34	30234	5	2	93	0	0	0	0	0	0	0	0	0	0	0	0	0	0	
504.888483	8	3	3	0	1	2	2	4140	663	34	30293	5	2	93	0	0	0	0	0	0	0	0	0	0	0	0	0	0	
505.893600	8	3	3	0	1	2	2	4144	663	34	30353	5	2	93	0	0	0	0	0	0	0	0	0	0	0	0	0	0	
506.898717	8	3	3	0	1	2	2	4148	662	34	30414	5	2	93	0	0	0	0	0	0	0	0	0	0	0	0	0	0	
507.885117	8	3	3	0	1	2	2	4151	661	34	30473	5	2	93	0	0	0	0	0	0	0	0	0	0	0	0	0	0	
508.891683	8	3	3	0	1	2	2	4155	661	34	30533	5	2	93	0	0	0	0	0	0	0	0	0	0	0	0	0	0	
509.896800	8	3	3	0	1	2	2	4159	660	34	30593	5	2	93	0	0	0	0	0	0	0	0	0	0	0	0	0	0	
510.901917	8	3	3	0	1	2	2	4163	659	34	30654	5	2	93	0	0	0	0	0	0	0	0	0	0	0	0	0	0	
511.888317	8	3	3	0	1	2	2	4167	660	34	30713	5	2	93	0	0	0	0	0	0	0	0	0	0	0	0	0	0	
512.893433	8	3	3	0	1	2	2	4171	659	34	30773	5	2	93	0	0	0	0	0	0	0	0	0	0	0	0	0	0	
513.898567	8	3	3	0	1	2	2	4176	659	34	30833	5	2	93	0	0	0	0	0	0	0	0	0	0	0	0	0	0	
514.884967	8	3	3	0	1	2	2	4180	658	34	30893	5	2	93	0	0	0	0	0	0	0	0	0	0	0	0	0	0	
515.890083	8	3	3	0	1	2	2	4184	657	34	30953	5	2	93	0	0	0	0	0	0	0	0	0	0	0	0	0	0	
516.895200	8	3	3	0	1	2	2	4188	655	34	31013	5	2	93	0	0	0	0	0	0	0	0	0	0	0	0	0	0	
517.900317	8	3	3	0	1	2	2	4193	656	34	31074	5	2	93	0	0	0	0	0	0	0	0	0	0	0	0	0	0	
518.888167	8	3	3	0	1	2	2	4198	655	34	31133	5	2	93	0	0	0	0	0	0	0	0	0	0	0	0	0	0	
519.893283	8	3	3	0	1	2	2	4198	644	34	31193	5	2	93	0	0	0	0	0	0	0	0	0	0	0	0	0	0	
520.898400	8	3	3	0	1	2	2	4198	633	34	31253	5	2	93	0	0	0	0	0	0	0	0	0	0	0	0	0	0	
521.903517	8	3	3	0	1	2	2	4199	621	34	31314	5	2	93	0	0	0	0	0	0	0	0	0	0	0	0	0	0	
522.889917	8	3	3	0	1	2	2	4199	607	34	31373	5	2	93	0	0	0	0	0	0	0	0	0	0	0	0	0	0	
523.895033	8	3	3	0	1	2	2	4199	595	34	31433	5	2	93	0	0	0	0	0	0	0	0	0	0	0	0	0	0	
524.900167	8	3	3	0	1	2	2	4198	582	34	31494	5	2	93	0	0	0	0	0	0	0	0	0	0	0	0	0	0	
525.886567	8	3	3	0	1	2	2	4198	572	34	31553	5	2	93	0	0	0	0	0	0	0	0	0	0	0	0	0	0	
526.891683	8	3	3	0	1	2	2	4199	559	34	31613	5	2	93	0	0	0	0	0	0	0	0	0	0	0	0	0	0	
527.898233	8	3	3	0	1	2	2	4198	542	34	31673	5	2	93	0	0	0	0	0	0	0	0	0	0	0	0	0	0	
528.903367	8	3	3	0	1	2	2	4199	532	34	31734	5	2	93	0	0	0	0	0	0	0	0	0	0	0	0	0	0	
529.894083	8	3	3	0	1	2	2	4198	520	34	31793	5	2	93	0	0	0	0	0	0	0	0	0	0	0	0	0	0	
530.899200	8	3	3	0	1	2	2	4198	508	34	31853	5	2	93	0	0	0	0	0	0	0	0	0	0	0	0	0	0	
531.885600	8	3	3	0	1	2	2	4198	495	34	31913	5	2	93	0	0	0	0	0	0	0	0	0	0	0	0	0	0	
532.890717	8	3	3	0	1	2	2	4198	484	34	31973	5	2	93	0	0	0	0	0	0	0	0	0	0	0	0	0	0	
533.897283	8	3	3	0	1	2	2	4198	473	34	32033	5	2	93	0	0	0	0	0	0	0	0	0	0	0	0	0	0	
534.902400	8	3	3	0	1	2	2	4198	463	34	32094	5	2	93	0	0	0	0	0	0	0	0	0	0	0	0	0	0	
535.888800	8	3	3	0	1	2	2	4198	453	34	32153	5	2	93	0	0	0	0	0	0	0	0	0	0	0	0	0	0	
536.893917	8	3	3	0	1	2	2	4198	443	34	32213	5	2	93	0	0	0	0	0	0	0	0	0	0	0	0	0	0	
537.899033	8	3	3	0	1	2	2	4199	435	34	32273	5	2	93	0	0	0	0	0	0	0	0	0	0	0	0	0	0	
538.904167	8	3	3	0	1	2	2	4199	426	34	32334	5	2	93	0	0	0	0	0	0	0	0	0	0	0	0	0	0	
539.890567	8	3	3	0	1	2	2	4199	418	34	32393	5	2	93	0	0	0	0	0	0	0	0	0	0	0	0	0	0	
540.895683	8	3	3	0	1	2	2	4199	410	34	32453	5	2	93	0	0	0	0	0	0	0	0	0	0	0	0	0	0	
541.900800	8	3	3	0	1	2	2	4199	401	34	32513	5	2	93	0	0	0	0	0	0	0	0	0	0	0	0	0	0	
542.887200	8	3	3	0	1	2	2	4199	393	34	32573	5	2	93	0	0	0	0	0	0	0	0	0	0	0	0	0	0	
543.893767	8	3	3	0	1	2	2	4198	384	34	32633	5	2	93	0	0	0	0	0	0	0	0	0	0	0	0	0	0	
544.898883	8	3	3	0	1	2	2	4199	375	34	32693	5	2	93	0	0	0	0	0	0	0	0	0	0	0	0	0	0	
545.904000	8	3	3	0	1	2	2	4199	366	34	32754	5	2	93	0	0	0	0	0	0	0	0	0	0	0	0	0	0	
546.890400	8	3	3	0	1	2	2	4198	358	34	32813	5	2	93	0	0	0	0	0	0	0	0	0	0	0	0	0	0	
547.895517	8	3	3	0	1	2	2	4198	350	34	32873	5	2	93	0	0	0	0	0	0	0	0	0	0	0	0	0	0	
548.900633	8	3	3	0	1	2	2	4199	343	34	32933	5	2	93	0	0	0	0	0	0	0	0	0	0	0	0	0	0	
549.887033	8	3	3	0	1	2	2	4198	336	34	32993	5	2	93	0	0	0	0	0	0	0	0	0	0	0	0	0	0	
550.892167	8	3	3	0	1	2	2	4198	328	34	33053	5	2	93	0	0	0	0	0	0	0	0	0	0	0	0	0	0	
551.898717	8	3	3	0	1	2	2	4199	321	34	33113	5	2	93	0	0	0	0	0	0	0	0	0	0	0	0	0	0	
552.903833	8	3	3	0	1	2	2	4198	313	34	33174	5	2	93	0	0	0	0	0	0	0	0	0	0	0	0	0	0	
553.890233	8	3	3	0	1	2	2	4198	306	34	33233	5	2	93	0	0	0	0	0	0	0	0	0	0	0	0	0	0	
554.895367	8	3	3	0	1	2	2	4199	300	34	33293	5	2	93	0	0	0	0	0	0	0	0	0	0	0	0	0	0	
555.900483	8	3	3	0	1	2	2	4199	293	34	33353	5	2	93	0	0	0	0	0	0	0	0	0	0	0	0	0	0	
556.905600	8	3	3	0	1	2	2	4198	287	34	33414	5	2	93	0	0	0	0	0	0	0	0	0	0	0	0	0	0	
557.892000	8	3	3	0	1	2	2	4198	280	34	33473	5	2	93	0	0	0	0	0	0	0	0	0	0	0	0	0	0	
558.897117	8	3	3	0	1	2	2	4199	274	34	33533	5	2	93	0	0	0	0	0	0	0	0	0	0	0	0	0	0	
559.902233	8	3	3	0	1	2	2	4199	268	34	33593	5	2	93	0	0	0	0	0	0	0	0	0	0	0	0	0	0	
560.888633	8	3	3	0	1	2	2	4198	261	34	33653	5	2	93	0	0	0	0	0	0	0	0	0	0	0	0	0	0	
561.896633	8	3	3	0	1	2	2	4199	256	34	33713	5	2	93	0	0	0	0	0	0	0	0	0	0	0	0	0	0	
562.901767	8	3	3	0	1	2	2	4198	250	34	33773	5	2	93	0	0	0	0	0	0	0	0	0	0	0	0	0	0	
563.906883	8	3	3	0	1	2	2	4199	244	34	33834	5	2	93	0	0	0	0	0	0	0	0	0	0	0	0	0	0	
564.893283	8	3	3	0	1	2	2	4199	238	34	33893	5	2	93	0	0	0	0	0	0	0	0	0	0	0	0	0	0	
565.898400	8	3	3	0	1	2	2	4199	232	34	33953	5	2	93	0	0	0	0	0	0	0	0	0	0	0	0	0	0	
566.903517	8	3	3	0	1	2	2	4199	227	34	34014	5	2	93	0	0	0	0	0	0	0	0	0	0	0	0	0	0	
567.889917	8	3	3	0	1	2	2	4198	220	34	34073	5	2	93	0	0	0	0	0	0	0	0	0	0	0	0	0	0	
568.895033	8	3	3	0	1	2	2	4199	216	34	34133	5	2	93	0	0	0	0	0	0	0	0	0	0	0	0	0	0	
569.900167	8	3	3	0	1	2	2	4199	211	34	34193	5	2	93	0	0	0	0	0	0	0	0	0	0	0	0	0	0	
570.905283	8	3	3	0	1	2	2	4199	206	34	34254	5	2	93	0	0	0	0	0	0	0	0	0	0	0	0	0	0	
571.891683	8	3	3	0	1	2	2	4199	201	34	34313	5	2	93	0	0	0	0	0	0	0	0	0	0	0	0	0	0	
572.898233	8	3	3	0	1	2	2	4198	195	34	34373	5	2	93	0	0	0	0	0	0	0	0	0	0	0	0	0	0	
573.903367	8	3	3	0	1	2	2	4198	191	34	34433	5	2	93	0	0	0	0	0	0	0	0	0	0	0	0	0	0	
574.889767	8	3	3	0	1	2	2	4199	186	34	34493	5	2	93	0	0	0	0	0	0	0	0	0	0	0	0	0	0	
575.894883	8	3	3	0	1	2	2	4199	182	34	34553	5	2	93	0	0	0	0	0	0	0	0	0	0	0	0	0	0	
576.900000	8	3	3	0	1	2	2	4198	177	34	34613	5	2	93	0	0	0	0	0	0	0	0	0	0	0	0	0	0	
577.905117	8	3	3	0	1	2	2	4199	173	34	34674	5	2	93	0	0	0	0	0	0	0	0	0	0	0	0	0	0	
578.891517	8	3	3	0	1	2	2	4199	168	34	34733	5	2	93	0	0	0	0	0	0	0	0	0	0	0	0	0	0	
579.898083	8	3	3	0	1	2	2	4199	164	34	34793	5	2	93	0	0	0	0	0	0	0	0	0	0	0	0	0	0	
580.903200	8	3	3	0	1	2	2	4199	162	34	34853	5	2	93	0	0	0	0	0	0	0	0	0	0	0	0	0	0	
581.908317	8	3	3	0	1	2	2	4198	157	34	34914	5	2	93	0	0	0	0	0	0	0	0	0	0	0	0	0	0	
582.894717	8	3	3	0	1	2	2	4198	153	34	34973	5	2	93	0	0	0	0	0	0	0	0	0	0	0	0	0	0	
583.899833	8	3	3	0	1	2	2	4199	150	34	35033	5	2	93	0	0	0	0	0	0	0	0	0	0	0	0	0	0	
584.904967	8	3	3	0	1	2	2	4199	146	34	35094	5	2	93	0	0	0	0	0	0	0	0	0	0	0	0	0	0	
585.891367	8	3	3	0	1	2	2	4199	142	34	35153	5	2	93	0	0	0	0	0	0	0	0	0	0	0	0	0	0	
586.896483	8	3	3	0	1	2	2	4199	139	34	35213	5	2	93	0	0	0	0	0	0	0	0	0	0	0	0	0	0	
587.901600	8	3	3	0	1	2	2	4198	135	34	35273	5	2	93	0	0	0	0	0	0	0	0	0	0	0	0	0	0	
588.908167	8	3	3	0	1	2	2	4199	131	34	35334	5	2	93	0	0	0	0	0	0	0	0	0	0	0	0	0	0	
589.894567	8	3	3	0	1	2	2	4199	128	34	35393	5	2	93	0	0	0	0	0	0	0	0	0	0	0	0	0	0	
590.899683	8	3	3	0	1	2	2	4199	125	34	35453	5	2	93	0	0	0	0	0	0	0	0	0	0	0	0	0	0	
591.904800	8	3	3	0	1	2	2	4199	122	34	35513	5	2	93	0	0	0	0	0	0	0	0	0	0	0	0	0	0	
592.891200	8	3	3	0	1	2	2	4199	119	34	35573	5	2	93	0	0	0	0	0	0	0	0	0	0	0	0	0	0	
593.896317	8	3	3	0	1	2	2	4199	116	34	35633	5	2	93	0	0	0	0	0	0	0	0	0	0	0	0	0	0	
594.901433	8	3	3	0	1	2	2	4198	113	34	35693	5	2	93	0	0	0	0	0	0	0	0	0	0	0	0	0	0	
595.906567	8	3	3	0	1	2	2	4198	111	34	35754	5	2	93	0	0	0	0	0	0	0	0	0	0	0	0	0	0	
596.892967	8	3	3	0	1	2	2	4199	108	34	35813	5	2	93	0	0	0	0	0	0	0	0	0	0	0	0	0	0	
597.898083	8	3	3	0	1	2	2	4198	105	34	35873	5	2	93	0	0	0	0	0	0	0	0	0	0	0	0	0	0	
598.904633	8	3	3	0	1	2	2	4199	103	34	35933	5	2	93	0	0	0	0	0	0	0	0	0	0	0	0	0	0	
599.909767	8	3	3	0	1	2	2	4199	101	34	35994	5	2	93	0	0	0	0	0	0	0	0	0	0	0	0	0	0	
600.896167	8	3	3	0	1	2	2	4199	99	34	36053	5	2	93	0	0	0	0	0	0	0	0	0	0	0	0	0	0	
601.901283	8	3	3	0	1	2	2	4198	95	34	36113	5	2	93	0	0	0	0	0	0	0	0	0	0	0	0	0	0	
602.906400	8	3	3	0	1	2	2	4199	93	34	36174	5	2	93	0	0	0	0	0	0	0	0	0	0	0	0	0	0	
603.892800	8	3	3	0	1	2	2	4198	92	34	36233	5	2	93	0	0	0	0	0	0	0	0	0	0	0	0	0	0	
604.897917	8	3	3	0	1	2	2	4199	89	34	36293	5	2	93	0	0	0	0	0	0	0	0	0	0	0	0	0	0	
605.903033	8	3	3	0	1	2	2	4199	87	34	36353	5	2	93	0	0	0	0	0	0	0	0	0	0	0	0	0	0	
606.909600	8	3	3	0	1	2	2	4198	85	34	36414	5	2	93	0	0	0	0	0	0	0	0	0	0	0	0	0	0	
607.896000	8	3	3	0	1	2	2	4199	82	34	36473	5	2	93	0	0	0	0	0	0	0	0	0	0	0	0	0	0	
608.901117	8	3	3	0	1	2	2	4199	81	34	36533	5	2	93	0	0	0	0	0	0	0	0	0	0	0	0	0	0	
609.906233	8	3	3	0	1	2	2	4199	78	34	36593	5	2	93	0	0	0	0	0	0	0	0	0	0	0	0	0	0	
610.892633	8	3	3	0	1	2	2	4198	77	34	36653	5	2	93	0	0	0	0	0	0	0	0	0	0	0	0	0	0	
611.897767	8	3	3	0	1	2	2	4199	74	34	36713	5	2	93	0	0	0	0	0	0	0	0	0	0	0	0	0	0	
612.902883	8	3	3	0	1	2	2	4199	73	34	36773	5	2	93	0	0	0	0	0	0	0	0	0	0	0	0	0	0	
613.908000	8	3	3	0	1	2	2	4199	72	34	36834	5	2	93	0	0	0	0	0	0	0	0	0	0	0	0	0	0	
614.895833	8	3	3	0	1	2	2	4199	70	34	36893	5	2	93	0	0	0	0	0	0	0	0	0	0	0	0	0	0	
615.900967	8	3	3	0	1	2	2	4199	69	34	36953	5	2	93	0	0	0	0	0	0	0	0	0	0	0	0	0	0	
616.584967	8	6	3	0	2	7	1	3899	-651	34	36994	5	3	0	0	0	0	0	0	0	0	0	0	0	0	0	0	0	
616.907517	8	6	3	0	2	7	1	3600	-1350	34	37014	5	3	0	0	0	0	0	0	0	0	0	0	0	0	0	0	0	
617.893917	8	6	3	0	2	7	1	3580	-1349	34	37073	5	3	2	0	0	0	0	0	0	0	0	0	0	0	0	0	0	
618.899033	8	6	3	0	2	7	1	3575	-1349	34	37133	5	3	3	0	0	0	0	0	0	0	0	0	0	0	0	0	0	
619.904167	8	6	3	0	2	7	1	3562	-1349	34	37193	5	3	5	0	0	0	0	0	0	0	0	0	0	0	0	0	0	
620.909283	8	6	3	0	2	7	1	3547	-1350	34	37254	5	3	7	0	0	0	0	0	0	0	0	0	0	0	0	0	0	
621.895683	8	6	3	0	2	7	1	3530	-1349	34	37313	5	3	8	0	0	0	0	0	0	0	0	0	0	0	0	0	0	
622.900800	8	6	3	0	2	7	1	3513	-1349	34	37373	5	3	10	0	0	0	0	0	0	0	0	0	0	0	0	0	0	
623.907367	8	6	3	0	2	7	1	3501	-1350	34	37433	5	3	12	0	0	0	0	0	0	0	0	0	0	0	0	0	0	
624.893767	8	6	3	0	2	7	1	3488	-1351	34	37493	5	3	13	0	0	0	0	0	0	0	0	0	0	0	0	0	0	
625.898883	8	6	3	0	2	7	1	3475	-1349	34	37553	5	3	15	0	0	0	0	0	0	0	0	0	0	0	0	0	0	
626.904000	8	6	3	0	2	7	1	3462	-1349	34	37613	5	3	17	0	0	0	0	0	0	0	0	0	0	0	0	0	0	
627.909117	8	6	3	0	2	7	1	3451	-1350	34	37674	5	3	18	0	0	0	0	0	0	0	0	0	0	0	0	0	0	
628.895517	8	6	3	0	2	7	1	3438	-1348	34	37733	5	3	20	0	0	0	0	0	0	0	0	0	0	0	0	0	0	
629.900633	8	6	3	0	2	7	1	3426	-1349	34	37793	5	3	21	0	0	0	0	0	0	0	0	0	0	0	0	0	0	
630.905767	8	6	3	0	2	7	1	3414	-1349	34	37853	5	3	23	0	0	0	0	0	0	0	0	0	0	0	0	0	0	
631.910883	8	6	3	0	2	7	1	3402	-1348	34	37914	5	3	25	0	0	0	0	0	0	0	0	0	0	0	0	0	0	
632.897283	8	6	3	0	2	7	1	3391	-1350	34	37973	5	3	26	0	0	0	0	0	0	0	0	0	0	0	0	0	0	
633.903833	8	6	3	0	2	7	1	3381	-1350	34	38033	5	3	28	0	0	0	0	0	0	0	0	0	0	0	0	0	0	
634.908967	8	6	3	0	2	7	1	3371	-1350	34	38094	5	3	30	0	0	0	0	0	0	0	0	0	0	0	0	0	0	
635.895367	8	6	3	0	2	7	1	3361	-1351	34	38153	5	3	31	0	0	0	0	0	0	0	0	0	0	0	0	0	0	
636.900483	8	6	3	0	2	7	1	3351	-1348	34	38213	5	3	33	0	0	0	0	0	0	0	0	0	0	0	0	0	0	
637.905600	8	6	3	0	2	7	1	3341	-1350	34	38273	5	3	35	0	0	0	0	0	0	0	0	0	0	0	0	0	0	
638.910717	8	6	3	0	2	7	1	3331	-1349	34	38334	5	3	36	0	0	0	0	0	0	0	0	0	0	0	0	0	0	
639.897117	8	6	3	0	2	7	1	3322	-1348	34	38393	5	3	38	0	0	0	0	0	0	0	0	0	0	0	0	0	0	
640.902233	8	6	3	0	2	7	1	3313	-1350	34	38453	5	3	40	0	0	0	0	0	0	0	0	0	0	0	0	0	0	
641.907367	8	6	3	0	2	7	1	3304	-1348	34	38513	5	3	41	0	0	0	0	0	0	0	0	0	0	0	0	0	0	
642.895200	8	6	3	0	2	7	1	3296	-1349	34	38573	5	3	43	0	0	0	0	0	0	0	0	0	0	0	0	0	0	
643.900317	8	6	3	0	2	7	1	3288	-1350	34	38633	5	3	45	0	0	0	0	0	0	0	0	0	0	0	0	0	0	
644.905433	8	6	3	0	2	7	1	3281	-1349	34	38693	5	3	46	0	0	0	0	0	0	0	0	0	0	0	0	0	0	
645.910567	8	6	3	0	2	7	1	3273	-1350	34	38754	5	3	48	0	0	0	0	0	0	0	0	0	0	0	0	0	0	
646.896967	8	6	3	0	2	7	1	3266	-1350	34	38813	5	3	50	0	0	0	0	0	0	0	0	0	0	0	0	0	0	
647.902083	8	6	3	0	2	7	1	3260	-1350	34	38873	5	3	51	0	0	0	0	0	0	0	0	0	0	0	0	0	0	
648.907200	8	6	3	0	2	7	1	3253	-1349	34	38933	5	3	53	0	0	0	0	0	0	0	0	0	0	0	0	0	0	
649.912317	8	6	3	0	2	7	1	3247	-1349	34	38994	5	3	55	0	0	0	0	0	0	0	0	0	0	0	0	0	0	
650.898717	8	6	3	0	2	7	1	3241	-1348	34	39053	5	3	56	0	0	0	0	0	0	0	0	0	0	0	0	0	0	
651.909600	8	6	3	0	2	7	1	3235	-1349	34	39113	5	3	58	0	0	0	0	0	0	0	0	0	0	0	0	0	0	
652.896000	8	6	3	0	2	7	1	3229	-1349	34	39173	5	3	60	0	0	0	0	0	0	0	0	0	0	0	0	0	0	
653.901117	8	6	3	0	2	7	1	3223	-1349	35	39233	5	3	61	0	0	0	0	0	0	0	0	0	0	0	0	0	0	
654.906233	8	6	3	0	2	7	1	3218	-1350	35	39293	5	3	63	0	0	0	0	0	0	0	0	0	0	0	0	0	0	
655.912800	8	6	3	0	2	7	1	3212	-1349	35	39354	5	3	65	0	0	0	0	0	0	0	0	0	0	0	0	0	0	
656.897767	8	6	3	0	2	7	1	3207	-1347	35	39413	5	3	66	0	0	0	0	0	0	0	0	0	0	0	0	0	0	
657.904317	8	6	3	0	2	7	1	3201	-1349	35	39473	5	3	68	0	0	0	0	0	0	0	0	0	0	0	0	0	0	
658.909433	8	6	3	0	2	7	1	3194	-1352	35	39533	5	3	69	0	0	0	0	0	0	0	0	0	0	0	0	0	0	
659.895833	8	6	3	0	2	7	1	3188	-1349	35	39593	5	3	71	0	0	0	0	0	0	0	0	0	0	0	0	0	0	
660.900967	8	6	3	0	2	7	1	3181	-1350	35	39653	5	3	73	0	0	0	0	0	0	0	0	0	0	0	0	0	0	
661.906083	8	6	3	0	2	7	1	3175	-1350	35	39713	5	3	74	0	0	0	0	0	0	0	0	0	0	0	0	0	0	
662.911200	8	6	3	0	2	7	1	3167	-1351	35	39774	5	3	76	0	0	0	0	0	0	0	0	0	0	0	0	0	0	
663.897600	8	6	3	0	2	7	1	3159	-1348	35	39833	5	3	78	0	0	0	0	0	0	0	0	0	0	0	0	0	0	
664.902717	8	6	3	0	2	7	1	3148	-1349	35	39893	5	3	79	0	0	0	0	0	0	0	0	0	0	0	0	0	0	
665.907833	8	6	3	0	2	7	1	3134	-1349	34	39953	5	3	81	0	0	0	0	0	0	0	0	0	0	0	0	0	0	
666.912967	8	6	3	0	2	7	1	3118	-1350	35	40014	5	3	83	0	0	0	0	0	0	0	0	0	0	0	0	0	0	
667.899367	8	6	3	0	2	7	1	3097	-1348	34	40073	5	3	84	0	0	0	0	0	0	0	0	0	0	0	0	0	0	
668.904483	8	6	3	0	2	7	1	3064	-1349	35	40133	5	3	86	0	0	0	0	0	0	0	0	0	0	0	0	0	0	
669.911033	8	6	3	0	2	7	1	3029	-1350	35	40193	5	3	88	0	0	0	0	0	0	0	0	0	0	0	0	0	0	
670.897433	8	6	3	0	2	7	1	2977	-1351	35	40253	5	3	89	0	0	0	0	0	0	0	0	0	0	0	0	0	0	
671.902567	8	6	3	0	2	7	1	2880	-1347	35	40313	5	3	91	0	0	0	0	0	0	0	0	0	0	0	0	0	0	
672.852967	8	15	3	0	1	31	2	2866	23	35	40370	6	3	93	0	0	0	0	0	0	0	0	0	0	0	0	0	0	
672.873117	8	3	3	0	1	2	2	3406	678	35	40371	7	3	93	0	0	0	0	0	0	0	0	0	0	0	0	0	0	
672.912000	8	3	3	0	1	2	2	3435	676	35	40374	7	3	93	0	0	0	0	0	0	0	0	0	0	0	0	0	0	
673.899833	8	3	3	0	1	2	2	3640	675	35	40433	7	3	93	0	0	0	0	0	0	0	0	0	0	0	0	0	0	
674.904967	8	3	3	0	1	2	2	3738	675	35	40493	7	3	93	0	0	0	0	0	0	0	0	0	0	0	0	0	0	
675.910083	8	3	3	0	1	2	2	3807	675	35	40553	7	3	93	0	0	0	0	0	0	0	0	0	0	0	0	0	0	
676.915200	8	3	3	0	1	2	2	3855	674	35	40614	7	3	93	0	0	0	0	0	0	0	0	0	0	0	0	0	0	
677.901600	8	3	3	0	1	2	2	3892	675	35	40673	7	3	93	0	0	0	0	0	0	0	0	0	0	0	0	0	0	
678.906717	8	3	3	0	1	2	2	3921	675	35	40733	7	3	93	0	0	0	0	0	0	0	0	0	0	0	0	0	0	
679.911833	8	3	3	0	1	2	2	3934	675	35	40794	7	3	93	0	0	0	0	0	0	0	0	0	0	0	0	0	0	
680.898233	8	3	3	0	1	2	2	3941	675	35	40853	7	3	93	0	0	0	0	0	0	0	0	0	0	0	0	0	0	
681.904800	8	3	3	0	1	2	2	3946	674	35	40913	7	3	93	0	0	0	0	0	0	0	0	0	0	0	0	0	0	
682.909917	8	3	3	0	1	2	2	3952	674	35	40973	7	3	93	0	0	0	0	0	0	0	0	0	0	0	0	0	0	
683.915033	8	3	3	0	1	2	2	3957	675	35	41034	7	3	93	0	0	0	0	0	0	0	0	0	0	0	0	0	0	
684.901433	8	3	3	0	1	2	2	3961	675	35	41093	7	3	93	0	0	0	0	0	0	0	0	0	0	0	0	0	0	
685.906567	8	3	3	0	1	2	2	3966	675	35	41153	7	3	93	0	0	0	0	0	0	0	0	0	0	0	0	0	0	
686.911683	8	3	3	0	1	2	2	3971	675	35	41213	7	3	93	0	0	0	0	0	0	0	0	0	0	0	0	0	0	
687.898083	8	3	3	0	1	2	2	3976	674	35	41273	7	3	93	0	0	0	0	0	0	0	0	0	0	0	0	0	0	
688.903200	8	3	3	0	1	2	2	3982	674	35	41333	7	3	93	0	0	0	0	0	0	0	0	0	0	0	0	0	0	
689.908317	8	3	3	0	1	2	2	3988	674	35	41393	7	3	93	0	0	0	0	0	0	0	0	0	0	0	0	0	0	
690.913433	8	3	3	0	1	2	2	3994	675	35	41454	7	3	93	0	0	0	0	0	0	0	0	0	0	0	0	0	0	
691.899833	8	3	3	0	1	2	2	4000	674	35	41513	7	3	93	0	0	0	0	0	0	0	0	0	0	0	0	0	0	
692.906400	8	3	3	0	1	2	2	4006	675	35	41573	7	3	93	0	0	0	0	0	0	0	0	0	0	0	0	0	0	
693.911517	8	3	3	0	1	2	2	4011	675	35	41633	7	3	93	0	0	0	0	0	0	0	0	0	0	0	0	0	0	
694.916633	8	3	3	0	1	2	2	4016	674	35	41694	7	3	93	0	0	0	0	0	0	0	0	0	0	0	0	0	0	
695.903033	8	3	3	0	1	2	2	4022	675	35	41753	7	3	93	0	0	0	0	0	0	0	0	0	0	0	0	0	0	
696.908167	8	3	3	0	1	2	2	4027	676	35	41813	7	3	93	0	0	0	0	0	0	0	0	0	0	0	0	0	0	
697.913283	8	3	3	0	1	2	2	4031	674	35	41874	7	3	93	0	0	0	0	0	0	0	0	0	0	0	0	0	0	
698.899683	8	3	3	0	1	2	2	4035	675	35	41933	7	3	93	0	0	0	0	0	0	0	0	0	0	0	0	0	0	
699.906233	8	3	3	0	1	2	2	4039	675	35	41993	7	3	93	0	0	0	0	0	0	0	0	0	0	0	0	0	0	
700.911367	8	3	3	0	1	2	2	4042	674	35	42053	7	3	93	0	0	0	0	0	0	0	0	0	0	0	0	0	0	
701.916483	8	3	3	0	1	2	2	4045	675	35	42114	7	3	93	0	0	0	0	0	0	0	0	0	0	0	0	0	0	
702.902883	8	3	3	0	1	2	2	4048	675	35	42173	7	3	93	0	0	0	0	0	0	0	0	0	0	0	0	0	0	
703.908000	8	3	3	0	1	2	2	4051	674	35	42233	7	3	93	0	0	0	0	0	0	0	0	0	0	0	0	0	0	
704.913117	8	3	3	0	1	2	2	4053	674	35	42293	7	3	93	0	0	0	0	0	0	0	0	0	0	0	0	0	0	
705.899517	8	3	3	0	1	2	2	4055	676	35	42353	7	3	93	0	0	0	0	0	0	0	0	0	0	0	0	0	0	
706.904633	8	3	3	0	1	2	2	4058	676	35	42413	7	3	93	0	0	0	0	0	0	0	0	0	0	0	0	0	0	
707.911200	8	3	3	0	1	2	2	4060	674	35	42473	7	3	93	0	0	0	0	0	0	0	0	0	0	0	0	0	0	
708.916317	8	3	3	0	1	2	2	4062	674	35	42534	7	3	93	0	0	0	0	0	0	0	0	0	0	0	0	0	0	
709.902717	8	3	3	0	1	2	2	4065	675	35	42593	7	3	93	0	0	0	0	0	0	0	0	0	0	0	0	0	0	
710.907833	8	3	3	0	1	2	2	4067	675	35	42653	7	3	93	0	0	0	0	0	0	0	0	0	0	0	0	0	0	
711.912967	8	3	3	0	1	2	2	4069	674	35	42713	7	3	93	0	0	0	0	0	0	0	0	0	0	0	0	0	0	
712.918083	8	3	3	0	1	2	2	4072	674	35	42774	7	3	93	0	0	0	0	0	0	0	0	0	0	0	0	0	0	
713.904483	8	3	3	0	1	2	2	4074	675	35	42833	7	3	93	0	0	0	0	0	0	0	0	0	0	0	0	0	0	
714.909600	8	3	3	0	1	2	2	4077	675	35	42893	7	3	93	0	0	0	0	0	0	0	0	0	0	0	0	0	0	
715.914717	8	3	3	0	1	2	2	4080	674	35	42954	7	3	93	0	0	0	0	0	0	0	0	0	0	0	0	0	0	
716.901117	8	3	3	0	1	2	2	4082	675	35	43013	7	3	93	0	0	0	0	0	0	0	0	0	0	0	0	0	0	
717.907683	8	3	3	0	1	2	2	4085	675	35	43073	7	3	93	0	0	0	0	0	0	0	0	0	0	0	0	0	0	
718.912800	8	3	3	0	1	2	2	4088	675	35	43133	7	3	93	0	0	0	0	0	0	0	0	0	0	0	0	0	0	
719.917917	8	3	3	0	1	2	2	4091	675	35	43194	7	3	93	0	0	0	0	0	0	0	0	0	0	0	0	0	0	
720.904317	8	3	3	0	1	2	2	4094	674	35	43253	7	3	93	0	0	0	0	0	0	0	0	0	0	0	0	0	0	
721.909433	8	3	3	0	1	2	2	4098	675	35	43313	7	3	93	0	0	0	0	0	0	0	0	0	0	0	0	0	0	
722.914567	8	3	3	0	1	2	2	4101	675	35	43373	7	3	93	0	0	0	0	0	0	0	0	0	0	0	0	0	0	
723.900967	8	3	3	0	1	2	2	4104	675	35	43433	7	3	93	0	0	0	0	0	0	0	0	0	0	0	0	0	0	
724.906083	8	3	3	0	1	2	2	4107	674	35	43493	7	3	93	0	0	0	0	0	0	0	0	0	0	0	0	0	0	
725.912633	8	3	3	0	1	2	2	4111	675	35	43553	7	3	93	0	0	0	0	0	0	0	0	0	0	0	0	0	0	
726.917767	8	3	3	0	1	2	2	4114	675	35	43614	7	3	93	0	0	0	0	0	0	0	0	0	0	0	0	0	0	
727.904167	8	3	3	0	1	2	2	4116	672	35	43673	7	3	93	0	0	0	0	0	0	0	0	0	0	0	0	0	0	
728.909283	8	3	3	0	1	2	2	4118	668	35	43733	7	3	93	0	0	0	0	0	0	0	0	0	0	0	0	0	0	
729.914400	8	3	3	0	1	2	2	4121	666	35	43793	7	3	93	0	0	0	0	0	0	0	0	0	0	0	0	0	0	
730.900800	8	3	3	0	1	2	2	4124	666	35	43853	7	3	93	0	0	0	0	0	0	0	0	0	0	0	0	0	0	
731.905917	8	3	3	0	1	2	2	4128	665	35	43913	7	3	93	0	0	0	0	0	0	0	0	0	0	0	0	0	0	
732.911033	8	3	3	0	1	2	2	4131	665	35	43973	7	3	93	0	0	0	0	0	0	0	0	0	0	0	0	0	0	
733.917600	8	3	3	0	1	2	2	4134	663	35	44034	7	3	93	0	0	0	0	0	0	0	0	0	0	0	0	0	0	
734.904000	8	3	3	0	1	2	2	4137	663	35	44093	7	3	93	0	0	0	0	0	0	0	0	0	0	0	0	0	0	
735.909117	8	3	3	0	1	2	2	4142	662	35	44153	7	3	93	0	0	0	0	0	0	0	0	0	0	0	0	0	0	
736.914233	8	3	3	0	1	2	2	4146	662	35	44213	7	3	93	0	0	0	0	0	0	0	0	0	0	0	0	0	0	
737.919367	8	3	3	0	1	2	2	4149	661	35	44274	7	3	93	0	0	0	0	0	0	0	0	0	0	0	0	0	0	
738.905767	8	3	3	0	1	2	2	4154	660	35	44333	7	3	93	0	0	0	0	0	0	0	0	0	0	0	0	0	0	
739.910883	8	3	3	0	1	2	2	4158	661	35	44393	7	3	93	0	0	0	0	0	0	0	0	0	0	0	0	0	0	
740.916000	8	3	3	0	1	2	2	4162	660	35	44454	7	3	93	0	0	0	0	0	0	0	0	0	0	0	0	0	0	
741.903833	8	3	3	0	1	2	2	4166	660	35	44513	7	3	93	0	0	0	0	0	0	0	0	0	0	0	0	0	0	
742.908967	8	3	3	0	1	2	2	4170	659	35	44573	7	3	93	0	0	0	0	0	0	0	0	0	0	0	0	0	0	
743.914083	8	3	3	0	1	2	2	4174	657	35	44633	7	3	93	0	0	0	0	0	0	0	0	0	0	0	0	0	0	
744.919200	8	3	3	0	1	2	2	4179	657	35	44694	7	3	93	0	0	0	0	0	0	0	0	0	0	0	0	0	0	
745.905600	8	3	3	0	1	2	2	4183	656	35	44753	7	3	93	0	0	0	0	0	0	0	0	0	0	0	0	0	0	
746.910717	8	3	3	0	1	2	2	4188	655	35	44813	7	3	93	0	0	0	0	0	0	0	0	0	0	0	0	0	0	
747.915833	8	3	3	0	1	2	2	4192	655	35	44873	7	3	93	0	0	0	0	0	0	0	0	0	0	0	0	0	0	
748.902233	8	3	3	0	1	2	2	4196	654	35	44933	7	3	93	0	0	0	0	0	0	0	0	0	0	0	0	0	0	
749.908800	8	3	3	0	1	2	2	4199	646	35	44993	7	3	93	0	0	0	0	0	0	0	0	0	0	0	0	0	0	
750.913917	8	3	3	0	1	2	2	4199	633	35	45053	7	3	93	0	0	0	0	0	0	0	0	0	0	0	0	0	0	
751.919033	8	3	3	0	1	2	2	4199	621	35	45114	7	3	93	0	0	0	0	0	0	0	0	0	0	0	0	0	0	
752.905433	8	3	3	0	1	2	2	4198	606	35	45173	7	3	93	0	0	0	0	0	0	0	0	0	0	0	0	0	0	
753.910567	8	3	3	0	1	2	2	4199	594	35	45233	7	3	93	0	0	0	0	0	0	0	0	0	0	0	0	0	0	
754.915683	8	3	3	0	1	2	2	4198	581	35	45293	7	3	93	0	0	0	0	0	0	0	0	0	0	0	0	0	0	
755.920800	8	3	3	0	1	2	2	4199	569	35	45354	7	3	93	0	0	0	0	0	0	0	0	0	0	0	0	0	0	
756.907200	8	3	3	0	1	2	2	4198	557	35	45413	7	3	93	0	0	0	0	0	0	0	0	0	0	0	0	0	0	
757.912317	8	3	3	0	1	2	2	4198	545	35	45473	7	3	93	0	0	0	0	0	0	0	0	0	0	0	0	0	0	
758.918883	8	3	3	0	1	2	2	4199	534	35	45534	7	3	93	0	0	0	0	0	0	0	0	0	0	0	0	0	0	
759.905283	8	3	3	0	1	2	2	4199	522	35	45593	7	3	93	0	0	0	0	0	0	0	0	0	0	0	0	0	0	
760.910400	8	3	3	0	1	2	2	4198	512	35	45653	7	3	93	0	0	0	0	0	0	0	0	0	0	0	0	0	0	
761.915517	8	3	3	0	1	2	2	4198	499	35	45713	7	3	93	0	0	0	0	0	0	0	0	0	0	0	0	0	0	
762.920633	8	3	3	0	1	2	2	4198	486	35	45774	7	3	93	0	0	0	0	0	0	0	0	0	0	0	0	0	0	
763.907033	8	3	3	0	1	2	2	4198	475	35	45833	7	3	93	0	0	0	0	0	0	0	0	0	0	0	0	0	0	
764.912167	8	3	3	0	1	2	2	4198	464	35	45893	7	3	93	0	0	0	0	0	0	0	0	0	0	0	0	0	0	
765.917283	8	3	3	0	1	2	2	4197	452	35	45953	7	3	93	0	0	0	0	0	0	0	0	0	0	0	0	0	0	
766.903683	8	3	3	0	1	2	2	4199	442	35	46013	7	3	93	0	0	0	0	0	0	0	0	0	0	0	0	0	0	
767.910233	8	3	3	0	1	2	2	4198	430	35	46073	7	3	93	0	0	0	0	0	0	0	0	0	0	0	0	0	0	
768.915367	8	3	3	0	1	2	2	4199	420	35	46133	7	3	93	0	0	0	0	0	0	0	0	0	0	0	0	0	0	
769.920483	8	3	3	0	1	2	2	4199	409	35	46194	7	3	93	0	0	0	0	0	0	0	0	0	0	0	0	0	0	
770.906883	8	3	3	0	1	2	2	4198	398	35	46253	7	3	93	0	0	0	0	0	0	0	0	0	0	0	0	0	0	
771.912000	8	3	3	0	1	2	2	4199	389	35	46313	7	3	93	0	0	0	0	0	0	0	0	0	0	0	0	0	0	
772.917117	8	3	3	0	1	2	2	4199	379	35	46373	7	3	93	0	0	0	0	0	0	0	0	0	0	0	0	0	0	
773.922233	8	3	3	0	1	2	2	4199	369	35	46434	7	3	93	0	0	0	0	0	0	0	0	0	0	0	0	0	0	
774.914400	8	3	3	0	1	2	2	4198	360	35	46493	7	3	93	0	0	0	0	0	0	0	0	0	0	0	0	0	0	
775.919517	8	3	3	0	1	2	2	4199	350	35	46554	7	3	93	0	0	0	0	0	0	0	0	0	0	0	0	0	0	
776.905917	8	3	3	0	1	2	2	4198	342	35	46613	7	3	93	0	0	0	0	0	0	0	0	0	0	0	0	0	0	
777.911033	8	3	3	0	1	2	2	4198	334	35	46673	7	3	93	0	0	0	0	0	0	0	0	0	0	0	0	0	0	
778.916167	8	3	3	0	1	2	2	4198	326	35	46733	7	3	93	0	0	0	0	0	0	0	0	0	0	0	0	0	0	
779.905433	8	3	3	0	1	2	2	4199	319	35	46793	7	3	93	0	0	0	0	0	0	0	0	0	0	0	0	0	0	
780.910567	8	3	3	0	1	2	2	4199	312	35	46853	7	3	93	0	0	0	0	0	0	0	0	0	0	0	0	0	0	
781.915683	8	3	3	0	1	2	2	4199	305	35	46913	7	3	93	0	0	0	0	0	0	0	0	0	0	0	0	0	0	
782.920800	8	3	3	0	1	2	2	4199	297	35	46974	7	3	93	0	0	0	0	0	0	0	0	0	0	0	0	0	0	
783.907200	8	3	3	0	1	2	2	4199	290	35	47033	7	3	93	0	0	0	0	0	0	0	0	0	0	0	0	0	0	
784.912317	8	3	3	0	1	2	2	4199	282	35	47093	7	3	93	0	0	0	0	0	0	0	0	0	0	0	0	0	0	
785.918883	8	3	3	0	1	2	2	4199	276	35	47153	7	3	93	0	0	0	0	0	0	0	0	0	0	0	0	0	0	
786.924000	8	3	3	0	1	2	2	4199	269	35	47214	7	3	93	0	0	0	0	0	0	0	0	0	0	0	0	0	0	
787.910400	8	3	3	0	1	2	2	4198	263	35	47273	7	3	93	0	0	0	0	0	0	0	0	0	0	0	0	0	0	
788.915517	8	3	3	0	1	2	2	4199	258	35	47333	7	3	93	0	0	0	0	0	0	0	0	0	0	0	0	0	0	
789.920633	8	3	3	0	1	2	2	4198	251	35	47394	7	3	93	0	0	0	0	0	0	0	0	0	0	0	0	0	0	
790.907033	8	3	3	0	1	2	2	4199	245	35	47453	7	3	93	0	0	0	0	0	0	0	0	0	0	0	0	0	0	
791.912167	8	3	3	0	1	2	2	4199	239	35	47513	7	3	93	0	0	0	0	0	0	0	0	0	0	0	0	0	0	
792.917283	8	3	3	0	1	2	2	4199	233	35	47573	7	3	93	0	0	0	0	0	0	0	0	0	0	0	0	0	0	
793.922400	8	3	3	0	1	2	2	4199	227	35	47634	7	3	93	0	0	0	0	0	0	0	0	0	0	0	0	0	0	
794.908800	8	3	3	0	1	2	2	4199	222	35	47693	7	3	93	0	0	0	0	0	0	0	0	0	0	0	0	0	0	
795.915367	8	3	3	0	1	2	2	4198	216	35	47753	7	3	93	0	0	0	0	0	0	0	0	0	0	0	0	0	0	
796.920483	8	3	3	0	1	2	2	4198	211	35	47813	7	3	93	0	0	0	0	0	0	0	0	0	0	0	0	0	0	
797.906883	8	3	3	0	1	2	2	4198	206	35	47873	7	3	93	0	0	0	0	0	0	0	0	0	0	0	0	0	0	
798.912000	8	3	3	0	1	2	2	4199	201	35	47933	7	3	93	0	0	0	0	0	0	0	0	0	0	0	0	0	0	
799.917117	8	3	3	0	1	2	2	4199	196	35	47993	7	3	93	0	0	0	0	0	0	0	0	0	0	0	0	0	0	
800.922233	8	3	3	0	1	2	2	4199	192	35	48054	7	3	93	0	0	0	0	0	0	0	0	0	0	0	0	0	0	
801.908633	8	3	3	0	1	2	2	4198	188	35	48113	7	3	93	0	0	0	0	0	0	0	0	0	0	0	0	0	0	
802.913767	8	3	3	0	1	2	2	4199	182	35	48173	7	3	93	0	0	0	0	0	0	0	0	0	0	0	0	0	0	
803.918883	8	3	3	0	1	2	2	4199	178	35	48233	7	3	93	0	0	0	0	0	0	0	0	0	0	0	0	0	0	
804.924000	8	3	3	0	1	2	2	4199	173	35	48294	7	3	93	0	0	0	0	0	0	0	0	0	0	0	0	0	0	
805.911833	8	3	3	0	1	2	2	4198	169	35	48353	7	3	93	0	0	0	0	0	0	0	0	0	0	0	0	0	0	
806.916967	8	3	3	0	1	2	2	4198	165	35	48413	7	3	93	0	0	0	0	0	0	0	0	0	0	0	0	0	0	
807.922083	8	3	3	0	1	2	2	4198	161	35	48474	7	3	93	0	0	0	0	0	0	0	0	0	0	0	0	0	0	
808.908483	8	3	3	0	1	2	2	4198	157	35	48533	7	3	93	0	0	0	0	0	0	0	0	0	0	0	0	0	0	
809.913600	8	3	3	0	1	2	2	4199	154	35	48593	7	3	93	0	0	0	0	0	0	0	0	0	0	0	0	0	0	
810.918717	8	3	3	0	1	2	2	4198	150	35	48653	7	3	93	0	0	0	0	0	0	0	0	0	0	0	0	0	0	
811.923833	8	3	3	0	1	2	2	4198	146	35	48714	7	3	93	0	0	0	0	0	0	0	0	0	0	0	0	0	0	
812.910233	8	3	3	0	1	2	2	4198	143	35	48773	7	3	93	0	0	0	0	0	0	0	0	0	0	0	0	0	0	
813.915367	8	3	3	0	1	2	2	4199	140	35	48833	7	3	93	0	0	0	0	0	0	0	0	0	0	0	0	0	0	
814.920483	8	3	3	0	1	2	2	4199	136	35	48893	7	3	93	0	0	0	0	0	0	0	0	0	0	0	0	0	0	
815.908317	8	3	3	0	1	2	2	4199	133	35	48953	7	3	93	0	0	0	0	0	0	0	0	0	0	0	0	0	0	
816.913433	8	3	3	0	1	2	2	4199	130	35	49013	7	3	93	0	0	0	0	0	0	0	0	0	0	0	0	0	0	
817.918567	8	3	3	0	1	2	2	4198	126	35	49073	7	3	93	0	0	0	0	0	0	0	0	0	0	0	0	0	0	
818.923683	8	3	3	0	1	2	2	4199	123	35	49134	7	3	93	0	0	0	0	0	0	0	0	0	0	0	0	0	0	
819.910083	8	3	3	0	1	2	2	4199	120	35	49193	7	3	93	0	0	0	0	0	0	0	0	0	0	0	0	0	0	
820.915200	8	3	3	0	1	2	2	4199	116	35	49253	7	3	93	0	0	0	0	0	0	0	0	0	0	0	0	0	0	
821.920317	8	3	3	0	1	2	2	4199	114	35	49313	7	3	93	0	0	0	0	0	0	0	0	0	0	0	0	0	0	
822.925433	8	3	3	0	1	2	2	4199	111	35	49374	7	3	93	0	0	0	0	0	0	0	0	0	0	0	0	0	0	
823.911833	8	3	3	0	1	2	2	4198	108	35	49433	7	3	93	0	0	0	0	0	0	0	0	0	0	0	0	0	0	
824.916967	8	3	3	0	1	2	2	4198	106	35	49493	7	3	93	0	0	0	0	0	0	0	0	0	0	0	0	0	0	
825.922083	8	3	3	0	1	2	2	4199	102	35	49553	7	3	93	0	0	0	0	0	0	0	0	0	0	0	0	0	0	
826.908483	8	3	3	0	1	2	2	4199	100	35	49613	7	3	93	0	0	0	0	0	0	0	0	0	0	0	0	0	0	
827.913600	8	3	3	0	1	2	2	4198	98	35	49673	7	3	93	0	0	0	0	0	0	0	0	0	0	0	0	0	0	
828.920167	8	3	3	0	1	2	2	4199	96	35	49733	7	3	93	0	0	0	0	0	0	0	0	0	0	0	0	0	0	
829.925283	8	3	3	0	1	2	2	4199	94	35	49794	7	3	93	0	0	0	0	0	0	0	0	0	0	0	0	0	0	
830.911683	8	3	3	0	1	2	2	4199	91	35	49853	7	3	93	0	0	0	0	0	0	0	0	0	0	0	0	0	0	
831.916800	8	3	3	0	1	2	2	4199	90	35	49913	7	3	93	0	0	0	0	0	0	0	0	0	0	0	0	0	0	
832.921917	8	3	3	0	1	2	2	4198	87	35	49973	7	3	93	0	0	0	0	0	0	0	0	0	0	0	0	0	0	
833.927033	8	3	3	0	1	2	2	4199	85	35	50034	7	3	93	0	0	0	0	0	0	0	0	0	0	0	0	0	0	
834.913433	8	3	3	0	1	2	2	4199	82	35	50093	7	3	93	0	0	0	0	0	0	0	0	0	0	0	0	0	0	
835.918567	8	3	3	0	1	2	2	4198	81	35	50153	7	3	93	0	0	0	0	0	0	0	0	0	0	0	0	0	0	
836.923683	8	3	3	0	1	2	2	4199	78	35	50214	7	3	93	0	0	0	0	0	0	0	0	0	0	0	0	0	0	
837.910083	8	3	3	0	1	2	2	4199	77	35	50273	7	3	93	0	0	0	0	0	0	0	0	0	0	0	0	0	0	
838.915200	8	3	3	0	1	2	2	4199	76	35	50333	7	3	93	0	0	0	0	0	0	0	0	0	0	0	0	0	0	
839.921767	8	3	3	0	1	2	2	4199	73	35	50393	7	3	93	0	0	0	0	0	0	0	0	0	0	0	0	0	0	
840.926883	8	3	3	0	1	2	2	4199	70	35	50454	7	3	93	0	0	0	0	0	0	0	0	0	0	0	0	0	0	
841.913283	8	3	3	0	1	2	2	4199	69	35	50513	7	3	93	0	0	0	0	0	0	0	0	0	0	0	0	0	0	
842.918400	8	3	3	0	1	2	2	4198	67	35	50573	7	3	93	0	0	0	0	0	0	0	0	0	0	0	0	0	0	
843.226567	8	6	3	0	2	7	1	3644	-1349	35	50592	7	4	0	0	0	0	0	0	0	0	0	0	0	0	0	0	0	
843.924967	8	6	3	0	2	7	1	3617	-1351	35	50634	7	4	1	0	0	0	0	0	0	0	0	0	0	0	0	0	0	
844.911367	8	6	3	0	2	7	1	3604	-1348	35	50693	7	4	2	0	0	0	0	0	0	0	0	0	0	0	0	0	0	
845.916483	8	6	3	0	2	7	1	3586	-1350	35	50753	7	4	4	0	0	0	0	0	0	0	0	0	0	0	0	0	0	
846.923033	8	6	3	0	2	7	1	3571	-1349	35	50813	7	4	6	0	0	0	0	0	0	0	0	0	0	0	0	0	0	
847.928167	8	6	3	0	2	7	1	3557	-1349	35	50874	7	4	7	0	0	0	0	0	0	0	0	0	0	0	0	0	0	
848.914567	8	6	3	0	2	7	1	3540	-1349	35	50933	7	4	9	0	0	0	0	0	0	0	0	0	0	0	0	0	0	
849.919683	8	6	3	0	2	7	1	3520	-1351	35	50993	7	4	11	0	0	0	0	0	0	0	0	0	0	0	0	0	0	
850.924800	8	6	3	0	2	7	1	3510	-1350	35	51053	7	4	12	0	0	0	0	0	0	0	0	0	0	0	0	0	0	
851.911200	8	6	3	0	2	7	1	3499	-1350	35	51113	7	4	14	0	0	0	0	0	0	0	0	0	0	0	0	0	0	
852.916317	8	6	3	0	2	7	1	3487	-1350	35	51173	7	4	16	0	0	0	0	0	0	0	0	0	0	0	0	0	0	
853.921433	8	6	3	0	2	7	1	3474	-1349	35	51233	7	4	17	0	0	0	0	0	0	0	0	0	0	0	0	0	0	
854.926567	8	6	3	0	2	7	1	3461	-1348	35	51294	7	4	19	0	0	0	0	0	0	0	0	0	0	0	0	0	0	
855.912967	8	6	3	0	2	7	1	3445	-1350	35	51353	7	4	20	0	0	0	0	0	0	0	0	0	0	0	0	0	0	
856.918083	8	6	3	0	2	7	1	3435	-1350	35	51413	7	4	22	0	0	0	0	0	0	0	0	0	0	0	0	0	0	
857.924633	8	6	3	0	2	7	1	3423	-1351	35	51473	7	4	24	0	0	0	0	0	0	0	0	0	0	0	0	0	0	
858.911033	8	6	3	0	2	7	1	3412	-1349	35	51533	7	4	25	0	0	0	0	0	0	0	0	0	0	0	0	0	0	
859.916167	8	6	3	0	2	7	1	3401	-1350	35	51593	7	4	27	0	0	0	0	0	0	0	0	0	0	0	0	0	0	
860.921283	8	6	3	0	2	7	1	3389	-1353	35	51653	7	4	29	0	0	0	0	0	0	0	0	0	0	0	0	0	0	
861.926400	8	6	3	0	2	7	1	3379	-1349	35	51714	7	4	30	0	0	0	0	0	0	0	0	0	0	0	0	0	0	
862.912800	8	6	3	0	2	7	1	3369	-1349	35	51773	7	4	32	0	0	0	0	0	0	0	0	0	0	0	0	0	0	
863.917917	8	6	3	0	2	7	1	3359	-1349	35	51833	7	4	34	0	0	0	0	0	0	0	0	0	0	0	0	0	0	
864.923033	8	6	3	0	2	7	1	3349	-1349	35	51893	7	4	35	0	0	0	0	0	0	0	0	0	0	0	0	0	0	
865.928167	8	6	3	0	2	7	1	3340	-1350	35	51954	7	4	37	0	0	0	0	0	0	0	0	0	0	0	0	0	0	
866.916000	8	6	3	0	2	7	1	3330	-1349	35	52013	7	4	39	0	0	0	0	0	0	0	0	0	0	0	0	0	0	
867.921117	8	6	3	0	2	7	1	3321	-1350	35	52073	7	4	40	0	0	0	0	0	0	0	0	0	0	0	0	0	0	
868.926233	8	6	3	0	2	7	1	3312	-1350	35	52133	7	4	42	0	0	0	0	0	0	0	0	0	0	0	0	0	0	
869.915517	8	6	3	0	2	7	1	3305	-1351	35	52193	7	4	44	0	0	0	0	0	0	0	0	0	0	0	0	0	0	
870.920633	8	6	3	0	2	7	1	3297	-1349	35	52253	7	4	45	0	0	0	0	0	0	0	0	0	0	0	0	0	0	
871.927200	8	6	3	0	2	7	1	3289	-1350	35	52313	7	4	47	0	0	0	0	0	0	0	0	0	0	0	0	0	0	
872.913600	8	6	3	0	2	7	1	3282	-1349	35	52373	7	4	49	0	0	0	0	0	0	0	0	0	0	0	0	0	0	
873.918717	8	6	3	0	2	7	1	3275	-1348	35	52433	7	4	50	0	0	0	0	0	0	0	0	0	0	0	0	0	0	
874.923833	8	6	3	0	2	7	1	3269	-1349	35	52493	7	4	52	0	0	0	0	0	0	0	0	0	0	0	0	0	0	
875.928967	8	6	3	0	2	7	1	3262	-1349	35	52554	7	4	54	0	0	0	0	0	0	0	0	0	0	0	0	0	0	
876.915367	8	6	3	0	2	7	1	3255	-1349	35	52613	7	4	55	0	0	0	0	0	0	0	0	0	0	0	0	0	0	
877.920483	8	6	3	0	2	7	1	3249	-1350	35	52673	7	4	57	0	0	0	0	0	0	0	0	0	0	0	0	0	0	
878.925600	8	6	3	0	2	7	1	3242	-1349	35	52733	7	4	58	0	0	0	0	0	0	0	0	0	0	0	0	0	0	
879.912000	8	6	3	0	2	7	1	3237	-1350	35	52793	7	4	60	0	0	0	0	0	0	0	0	0	0	0	0	0	0	
880.917117	8	6	3	0	2	7	1	3231	-1350	35	52853	7	4	62	0	0	0	0	0	0	0	0	0	0	0	0	0	0	
881.923683	8	6	3	0	2	7	1	3225	-1349	35	52913	7	4	63	0	0	0	0	0	0	0	0	0	0	0	0	0	0	
882.928800	8	6	3	0	2	7	1	3220	-1349	35	52974	7	4	65	0	0	0	0	0	0	0	0	0	0	0	0	0	0	
883.915200	8	6	3	0	2	7	1	3214	-1349	35	53033	7	4	67	0	0	0	0	0	0	0	0	0	0	0	0	0	0	
884.920317	8	6	3	0	2	7	1	3208	-1349	35	53093	7	4	68	0	0	0	0	0	0	0	0	0	0	0	0	0	0	
885.925433	8	6	3	0	2	7	1	3198	-1348	35	53153	7	4	70	0	0	0	0	0	0	0	0	0	0	0	0	0	0	
886.930567	8	6	3	0	2	7	1	3192	-1350	35	53214	7	4	72	0	0	0	0	0	0	0	0	0	0	0	0	0	0	
887.916967	8	6	3	0	2	7	1	3184	-1350	35	53273	7	4	73	0	0	0	0	0	0	0	0	0	0	0	0	0	0	
888.923517	8	6	3	0	2	7	1	3178	-1348	35	53333	7	4	75	0	0	0	0	0	0	0	0	0	0	0	0	0	0	
889.928633	8	6	3	0	2	7	1	3170	-1350	35	53394	7	4	77	0	0	0	0	0	0	0	0	0	0	0	0	0	0	
890.915033	8	6	3	0	2	7	1	3160	-1350	35	53453	7	4	78	0	0	0	0	0	0	0	0	0	0	0	0	0	0	
891.920167	8	6	3	0	2	7	1	3148	-1350	35	53513	7	4	80	0	0	0	0	0	0	0	0	0	0	0	0	0	0	
892.925283	8	6	3	0	2	7	1	3134	-1349	35	53573	7	4	82	0	0	0	0	0	0	0	0	0	0	0	0	0	0	
893.930400	8	6	3	0	2	7	1	3116	-1351	35	53634	7	4	83	0	0	0	0	0	0	0	0	0	0	0	0	0	0	
894.916800	8	6	3	0	2	7	1	3094	-1349	35	53693	7	4	85	0	0	0	0	0	0	0	0	0	0	0	0	0	0	
895.921917	8	6	3	0	2	7	1	3065	-1350	35	53753	7	4	87	0	0	0	0	0	0	0	0	0	0	0	0	0	0	
896.928483	8	6	3	0	2	7	1	3025	-1348	35	53813	7	4	88	0	0	0	0	0	0	0	0	0	0	0	0	0	0	
897.914883	8	6	3	0	2	7	1	2960	-1349	35	53873	7	4	90	0	0	0	0	0	0	0	0	0	0	0	0	0	0	
898.920000	8	6	3	0	2	7	1	2831	-1351	35	53933	7	4	91	0	0	0	0	0	0	0	0	0	0	0	0	0	0	
899.529117	8	15	3	0	1	31	2	3286	372	35	53970	9	4	92	0	0	0	0	0	0	0	0	0	0	0	0	0	0	
899.549283	8	3	3	0	1	2	2	3401	676	35	53971	9	4	92	0	0	0	0	0	0	0	0	0	0	0	0	0	0	
899.928000	8	3	3	0	1	2	2	3530	673	35	53993	9	4	92	0	0	0	0	0	0	0	0	0	0	0	0	0	0	
900.914400	8	3	3	0	1	2	2	3667	675	35	54053	9	4	92	0	0	0	0	0	0	0	0	0	0	0	0	0	0	
901.920967	8	3	3	0	1	2	2	3752	674	35	54113	9	4	92	0	0	0	0	0	0	0	0	0	0	0	0	0	0	
902.926083	8	3	3	0	1	2	2	3817	675	35	54173	9	4	92	0	0	0	0	0	0	0	0	0	0	0	0	0	0	
903.931200	8	3	3	0	1	2	2	3865	675	35	54234	9	4	92	0	0	0	0	0	0	0	0	0	0	0	0	0	0	
904.917600	8	3	3	0	1	2	2	3902	675	35	54293	9	4	92	0	0	0	0	0	0	0	0	0	0	0	0	0	0	
905.922717	8	3	3	0	1	2	2	3925	675	35	54353	9	4	92	0	0	0	0	0	0	0	0	0	0	0	0	0	0	
906.927833	8	3	3	0	1	2	2	3935	675	35	54413	9	4	92	0	0	0	0	0	0	0	0	0	0	0	0	0	0	
907.914233	8	3	3	0	1	2	2	3942	674	35	54473	9	4	92	0	0	0	0	0	0	0	0	0	0	0	0	0	0	
908.919367	8	3	3	0	1	2	2	3947	674	35	54533	9	4	92	0	0	0	0	0	0	0	0	0	0	0	0	0	0	
909.924483	8	3	3	0	1	2	2	3952	675	35	54593	9	4	92	0	0	0	0	0	0	0	0	0	0	0	0	0	0	
910.929600	8	3	3	0	1	2	2	3957	675	35	54654	9	4	92	0	0	0	0	0	0	0	0	0	0	0	0	0	0	
911.916000	8	3	3	0	1	2	2	3961	675	35	54713	9	4	92	0	0	0	0	0	0	0	0	0	0	0	0	0	0	
912.921117	8	3	3	0	1	2	2	3965	675	35	54773	9	4	92	0	0	0	0	0	0	0	0	0	0	0	0	0	0	
913.927683	8	3	3	0	1	2	2	3970	673	35	54833	9	4	92	0	0	0	0	0	0	0	0	0	0	0	0	0	0	
914.932800	8	3	3	0	1	2	2	3975	675	35	54894	9	4	92	0	0	0	0	0	0	0	0	0	0	0	0	0	0	
915.919200	8	3	3	0	1	2	2	3981	675	35	54953	9	4	92	0	0	0	0	0	0	0	0	0	0	0	0	0	0	
916.924317	8	3	3	0	1	2	2	3987	674	35	55013	9	4	92	0	0	0	0	0	0	0	0	0	0	0	0	0	0	
917.930883	8	3	3	0	1	2	2	3992	675	35	55074	9	4	92	0	0	0	0	0	0	0	0	0	0	0	0	0	0	
918.917283	8	3	3	0	1	2	2	3998	675	35	55133	9	4	92	0	0	0	0	0	0	0	0	0	0	0	0	0	0	
919.922400	8	3	3	0	1	2	2	4003	674	35	55193	9	4	92	0	0	0	0	0	0	0	0	0	0	0	0	0	0	
920.927517	8	3	3	0	1	2	2	4008	674	35	55253	9	4	92	0	0	0	0	0	0	0	0	0	0	0	0	0	0	
921.932633	8	3	3	0	1	2	2	4014	675	35	55314	9	4	92	0	0	0	0	0	0	0	0	0	0	0	0	0	0	
922.919033	8	3	3	0	1	2	2	4019	675	35	55373	9	4	92	0	0	0	0	0	0	0	0	0	0	0	0	0	0	
923.924167	8	3	3	0	1	2	2	4024	674	35	55433	9	4	92	0	0	0	0	0	0	0	0	0	0	0	0	0	0	
924.930717	8	3	3	0	1	2	2	4028	675	35	55493	9	4	92	0	0	0	0	0	0	0	0	0	0	0	0	0	0	
925.917117	8	3	3	0	1	2	2	4032	675	35	55553	9	4	92	0	0	0	0	0	0	0	0	0	0	0	0	0	0	
926.922233	8	3	3	0	1	2	2	4035	675	35	55613	9	4	92	0	0	0	0	0	0	0	0	0	0	0	0	0	0	
927.927367	8	3	3	0	1	2	2	4038	674	35	55673	9	4	92	0	0	0	0	0	0	0	0	0	0	0	0	0	0	
928.932483	8	3	3	0	1	2	2	4042	674	35	55734	9	4	92	0	0	0	0	0	0	0	0	0	0	0	0	0	0	
929.918883	8	3	3	0	1	2	2	4044	675	35	55793	9	4	92	0	0	0	0	0	0	0	0	0	0	0	0	0	0	
930.924000	8	3	3	0	1	2	2	4047	674	35	55853	9	4	92	0	0	0	0	0	0	0	0	0	0	0	0	0	0	
931.929117	8	3	3	0	1	2	2	4049	676	35	55913	9	4	92	0	0	0	0	0	0	0	0	0	0	0	0	0	0	
932.934233	8	3	3	0	1	2	2	4051	673	35	55974	9	4	92	0	0	0	0	0	0	0	0	0	0	0	0	0	0	
933.920633	8	3	3	0	1	2	2	4054	675	35	56033	9	4	92	0	0	0	0	0	0	0	0	0	0	0	0	0	0	
934.927200	8	3	3	0	1	2	2	4057	675	35	56093	9	4	92	0	0	0	0	0	0	0	0	0	0	0	0	0	0	
935.932317	8	3	3	0	1	2	2	4059	675	34	56154	9	4	92	0	0	0	0	0	0	0	0	0	0	0	0	0	0	
936.918717	8	3	3	0	1	2	2	4061	675	35	56213	9	4	92	0	0	0	0	0	0	0	0	0	0	0	0	0	0	
937.923833	8	3	3	0	1	2	2	4063	674	34	56273	9	4	92	0	0	0	0	0	0	0	0	0	0	0	0	0	0	
938.928967	8	3	3	0	1	2	2	4066	675	35	56333	9	4	92	0	0	0	0	0	0	0	0	0	0	0	0	0	0	
939.934083	8	3	3	0	1	2	2	4069	675	34	56394	9	4	92	0	0	0	0	0	0	0	0	0	0	0	0	0	0	
940.920483	8	3	3	0	1	2	2	4071	675	35	56453	9	4	92	0	0	0	0	0	0	0	0	0	0	0	0	0	0	
941.925600	8	3	3	0	1	2	2	4074	674	35	56513	9	4	92	0	0	0	0	0	0	0	0	0	0	0	0	0	0	
942.930717	8	3	3	0	1	2	2	4077	674	34	56573	9	4	92	0	0	0	0	0	0	0	0	0	0	0	0	0	0	
943.917117	8	3	3	0	1	2	2	4080	675	34	56633	9	4	92	0	0	0	0	0	0	0	0	0	0	0	0	0	0	
944.923683	8	3	3	0	1	2	2	4083	674	35	56693	9	4	92	0	0	0	0	0	0	0	0	0	0	0	0	0	0	
945.928800	8	3	3	0	1	2	2	4086	675	35	56753	9	4	92	0	0	0	0	0	0	0	0	0	0	0	0	0	0	
946.933917	8	3	3	0	1	2	2	4089	674	34	56814	9	4	92	0	0	0	0	0	0	0	0	0	0	0	0	0	0	
947.920317	8	3	3	0	1	2	2	4092	674	34	56873	9	4	92	0	0	0	0	0	0	0	0	0	0	0	0	0	0	
948.925433	8	3	3	0	1	2	2	4095	674	34	56933	9	4	92	0	0	0	0	0	0	0	0	0	0	0	0	0	0	
949.930567	8	3	3	0	1	2	2	4099	675	34	56993	9	4	92	0	0	0	0	0	0	0	0	0	0	0	0	0	0	
950.935683	8	3	3	0	1	2	2	4101	674	34	57054	9	4	92	0	0	0	0	0	0	0	0	0	0	0	0	0	0	
951.922083	8	3	3	0	1	2	2	4105	675	34	57113	9	4	92	0	0	0	0	0	0	0	0	0	0	0	0	0	0	
952.928633	8	3	3	0	1	2	2	4108	674	34	57173	9	4	92	0	0	0	0	0	0	0	0	0	0	0	0	0	0	
953.933767	8	3	3	0	1	2	2	4112	675	34	57234	9	4	92	0	0	0	0	0	0	0	0	0	0	0	0	0	0	
954.920167	8	3	3	0	1	2	2	4115	675	34	57293	9	4	92	0	0	0	0	0	0	0	0	0	0	0	0	0	0	
955.925283	8	3	3	0	1	2	2	4119	675	34	57353	9	4	92	0	0	0	0	0	0	0	0	0	0	0	0	0	0	
956.930400	8	3	3	0	1	2	2	4119	667	34	57413	9	4	92	0	0	0	0	0	0	0	0	0	0	0	0	0	0	
957.935517	8	3	3	0	1	2	2	4123	667	34	57474	9	4	92	0	0	0	0	0	0	0	0	0	0	0	0	0	0	
958.921917	8	3	3	0	1	2	2	4126	665	34	57533	9	4	92	0	0	0	0	0	0	0	0	0	0	0	0	0	0	
959.927033	8	3	3	0	1	2	2	4129	663	34	57593	9	4	92	0	0	0	0	0	0	0	0	0	0	0	0	0	0	
960.932167	8	3	3	0	1	2	2	4133	664	34	57653	9	4	92	0	0	0	0	0	0	0	0	0	0	0	0	0	0	
961.918567	8	3	3	0	1	2	2	4136	662	34	57713	9	4	92	0	0	0	0	0	0	0	0	0	0	0	0	0	0	
962.925117	8	3	3	0	1	2	2	4140	661	34	57773	9	4	92	0	0	0	0	0	0	0	0	0	0	0	0	0	0	
963.930233	8	3	3	0	1	2	2	4144	661	34	57833	9	4	92	0	0	0	0	0	0	0	0	0	0	0	0	0	0	
964.935367	8	3	3	0	1	2	2	4147	659	34	57894	9	4	92	0	0	0	0	0	0	0	0	0	0	0	0	0	0	
965.921767	8	3	3	0	1	2	2	4151	659	34	57953	9	4	92	0	0	0	0	0	0	0	0	0	0	0	0	0	0	
966.926883	8	3	3	0	1	2	2	4156	658	34	58013	9	4	92	0	0	0	0	0	0	0	0	0	0	0	0	0	0	
967.932000	8	3	3	0	1	2	2	4159	657	34	58073	9	4	92	0	0	0	0	0	0	0	0	0	0	0	0	0	0	
968.937117	8	3	3	0	1	2	2	4163	655	34	58134	9	4	92	0	0	0	0	0	0	0	0	0	0	0	0	0	0	
969.923517	8	3	3	0	1	2	2	4167	655	34	58193	9	4	92	0	0	0	0	0	0	0	0	0	0	0	0	0	0	
970.930083	8	3	3	0	1	2	2	4172	655	34	58253	9	4	92	0	0	0	0	0	0	0	0	0	0	0	0	0	0	
971.935200	8	3	3	0	1	2	2	4176	653	34	58314	9	4	92	0	0	0	0	0	0	0	0	0	0	0	0	0	0	
972.921600	8	3	3	0	1	2	2	4180	652	34	58373	9	4	92	0	0	0	0	0	0	0	0	0	0	0	0	0	0	
973.926717	8	3	3	0	1	2	2	4185	651	34	58433	9	4	92	0	0	0	0	0	0	0	0	0	0	0	0	0	0	
974.931833	8	3	3	0	1	2	2	4190	651	34	58493	9	4	92	0	0	0	0	0	0	0	0	0	0	0	0	0	0	
975.936967	8	3	3	0	1	2	2	4194	648	34	58554	9	4	92	0	0	0	0	0	0	0	0	0	0	0	0	0	0	
976.923367	8	3	3	0	1	2	2	4198	648	34	58613	9	4	92	0	0	0	0	0	0	0	0	0	0	0	0	0	0	
977.928483	8	3	3	0	1	2	2	4198	635	34	58673	9	4	92	0	0	0	0	0	0	0	0	0	0	0	0	0	0	
978.933600	8	3	3	0	1	2	2	4198	620	34	58733	9	4	92	0	0	0	0	0	0	0	0	0	0	0	0	0	0	
979.920000	8	3	3	0	1	2	2	4199	607	34	58793	9	4	92	0	0	0	0	0	0	0	0	0	0	0	0	0	0	
980.926567	8	3	3	0	1	2	2	4198	594	34	58853	9	4	92	0	0	0	0	0	0	0	0	0	0	0	0	0	0	
981.931683	8	3	3	0	1	2	2	4198	581	34	58913	9	4	92	0	0	0	0	0	0	0	0	0	0	0	0	0	0	
982.936800	8	3	3	0	1	2	2	4198	568	34	58974	9	4	92	0	0	0	0	0	0	0	0	0	0	0	0	0	0	
983.923200	8	3	3	0	1	2	2	4199	555	33	59033	9	4	92	0	0	0	0	0	0	0	0	0	0	0	0	0	0	
984.928317	8	3	3	0	1	2	2	4199	545	34	59093	9	4	92	0	0	0	0	0	0	0	0	0	0	0	0	0	0	
985.933433	8	3	3	0	1	2	2	4199	533	34	59153	9	4	92	0	0	0	0	0	0	0	0	0	0	0	0	0	0	
986.938567	8	3	3	0	1	2	2	4198	520	34	59214	9	4	92	0	0	0	0	0	0	0	0	0	0	0	0	0	0	
987.924967	8	3	3	0	1	2	2	4199	509	33	59273	9	4	92	0	0	0	0	0	0	0	0	0	0	0	0	0	0	
988.930083	8	3	3	0	1	2	2	4199	497	33	59333	9	4	92	0	0	0	0	0	0	0	0	0	0	0	0	0	0	
989.936633	8	3	3	0	1	2	2	4199	485	33	59394	9	4	92	0	0	0	0	0	0	0	0	0	0	0	0	0	0	
990.923033	8	3	3	0	1	2	2	4199	474	33	59453	9	4	92	0	0	0	0	0	0	0	0	0	0	0	0	0	0	
991.928167	8	3	3	0	1	2	2	4198	463	33	59513	9	4	92	0	0	0	0	0	0	0	0	0	0	0	0	0	0	
992.933283	8	3	3	0	1	2	2	4198	452	34	59573	9	4	92	0	0	0	0	0	0	0	0	0	0	0	0	0	0	
993.938400	8	3	3	0	1	2	2	4199	441	33	59634	9	4	92	0	0	0	0	0	0	0	0	0	0	0	0	0	0	
994.924800	8	3	3	0	1	2	2	4199	432	33	59693	9	4	92	0	0	0	0	0	0	0	0	0	0	0	0	0	0	
995.931367	8	3	3	0	1	2	2	4199	421	33	59753	9	4	92	0	0	0	0	0	0	0	0	0	0	0	0	0	0	
996.936483	8	3	3	0	1	2	2	4199	411	33	59814	9	4	92	0	0	0	0	0	0	0	0	0	0	0	0	0	0	
997.924317	8	3	3	0	1	2	2	4199	400	33	59873	9	4	92	0	0	0	0	0	0	0	0	0	0	0	0	0	0	
998.929433	8	3	3	0	1	2	2	4199	390	33	59933	9	4	92	0	0	0	0	0	0	0	0	0	0	0	0	0	0	
999.934567	8	3	3	0	1	2	2	4199	381	33	59993	9	4	92	0	0	0	0	0	0	0	0	0	0	0	0	0	0	
1000.939683	8	3	3	0	1	2	2	4199	371	33	60054	9	4	92	0	0	0	0	0	0	0	0	0	0	0	0	0	0	
1001.926083	8	3	3	0	1	2	2	4199	363	33	60113	9	4	92	0	0	0	0	0	0	0	0	0	0	0	0	0	0	
1002.931200	8	3	3	0	1	2	2	4199	354	33	60173	9	4	92	0	0	0	0	0	0	0	0	0	0	0	0	0	0	
1003.936317	8	3	3	0	1	2	2	4199	345	33	60234	9	4	92	0	0	0	0	0	0	0	0	0	0	0	0	0	0	
1004.922717	8	3	3	0	1	2	2	4199	337	33	60293	9	4	92	0	0	0	0	0	0	0	0	0	0	0	0	0	0	
1005.927833	8	3	3	0	1	2	2	4199	328	33	60353	9	4	92	0	0	0	0	0	0	0	0	0	0	0	0	0	0	
1006.932967	8	3	3	0	1	2	2	4199	321	33	60413	9	4	92	0	0	0	0	0	0	0	0	0	0	0	0	0	0	
1007.938083	8	3	3	0	1	2	2	4199	312	33	60474	9	4	92	0	0	0	0	0	0	0	0	0	0	0	0	0	0	
1008.925917	8	3	3	0	1	2	2	4199	305	33	60533	9	4	92	0	0	0	0	0	0	0	0	0	0	0	0	0	0	
1009.931033	8	3	3	0	1	2	2	4199	298	33	60593	9	4	92	0	0	0	0	0	0	0	0	0	0	0	0	0	0	
1010.936167	8	3	3	0	1	2	2	4199	291	33	60653	9	4	92	0	0	0	0	0	0	0	0	0	0	0	0	0	0	
1011.922567	8	3	3	0	1	2	2	4199	284	33	60713	9	4	92	0	0	0	0	0	0	0	0	0	0	0	0	0	0	
1012.927683	8	3	3	0	1	2	2	4199	276	33	60773	9	4	92	0	0	0	0	0	0	0	0	0	0	0	0	0	0	
1013.932800	8	3	3	0	1	2	2	4199	270	33	60833	9	4	92	0	0	0	0	0	0	0	0	0	0	0	0	0	0	
1014.937917	8	3	3	0	1	2	2	4199	263	33	60894	9	4	92	0	0	0	0	0	0	0	0	0	0	0	0	0	0	
1015.924317	8	3	3	0	1	2	2	4199	257	33	60953	9	4	92	0	0	0	0	0	0	0	0	0	0	0	0	0	0	
1016.929433	8	3	3	0	1	2	2	4199	250	33	61013	9	4	92	0	0	0	0	0	0	0	0	0	0	0	0	0	0	
1017.936000	8	3	3	0	1	2	2	4199	244	33	61073	9	4	92	0	0	0	0	0	0	0	0	0	0	0	0	0	0	
1018.941117	8	3	3	0	1	2	2	4199	238	33	61134	9	4	92	0	0	0	0	0	0	0	0	0	0	0	0	0	0	
1019.931833	8	3	3	0	1	2	2	4199	232	33	61193	9	4	92	0	0	0	0	0	0	0	0	0	0	0	0	0	0	
1020.936967	8	3	3	0	1	2	2	4198	227	33	61253	9	4	92	0	0	0	0	0	0	0	0	0	0	0	0	0	0	
1021.923367	8	3	3	0	1	2	2	4199	221	33	61313	9	4	92	0	0	0	0	0	0	0	0	0	0	0	0	0	0	
1022.929917	8	3	3	0	1	2	2	4199	215	33	61373	9	4	92	0	0	0	0	0	0	0	0	0	0	0	0	0	0	
1023.935033	8	3	3	0	1	2	2	4199	211	33	61433	9	4	92	0	0	0	0	0	0	0	0	0	0	0	0	0	0	
1024.940167	8	3	3	0	1	2	2	4199	205	33	61494	9	4	92	0	0	0	0	0	0	0	0	0	0	0	0	0	0	
1025.926567	8	3	3	0	1	2	2	4198	199	33	61553	9	4	92	0	0	0	0	0	0	0	0	0	0	0	0	0	0	
1026.931683	8	3	3	0	1	2	2	4199	194	33	61613	9	4	92	0	0	0	0	0	0	0	0	0	0	0	0	0	0	
1027.936800	8	3	3	0	1	2	2	4199	190	33	61673	9	4	92	0	0	0	0	0	0	0	0	0	0	0	0	0	0	
1028.923200	8	3	3	0	1	2	2	4199	185	33	61733	9	4	92	0	0	0	0	0	0	0	0	0	0	0	0	0	0	
1029.928317	8	3	3	0	1	2	2	4199	181	33	61793	9	4	92	0	0	0	0	0	0	0	0	0	0	0	0	0	0	
1030.933433	8	3	3	0	1	2	2	4199	176	33	61853	9	4	92	0	0	0	0	0	0	0	0	0	0	0	0	0	0	
1031.938567	8	3	3	0	1	2	2	4199	172	33	61914	9	4	92	0	0	0	0	0	0	0	0	0	0	0	0	0	0	
1032.926400	8	3	3	0	1	2	2	4198	167	33	61973	9	4	92	0	0	0	0	0	0	0	0	0	0	0	0	0	0	
1033.931517	8	3	3	0	1	2	2	4199	162	33	62033	9	4	92	0	0	0	0	0	0	0	0	0	0	0	0	0	0	
1034.936633	8	3	3	0	1	2	2	4199	158	33	62093	9	4	92	0	0	0	0	0	0	0	0	0	0	0	0	0	0	
1035.941767	8	3	3	0	1	2	2	4199	155	33	62154	9	4	92	0	0	0	0	0	0	0	0	0	0	0	0	0	0	
1036.928167	8	3	3	0	1	2	2	4198	152	33	62213	9	4	92	0	0	0	0	0	0	0	0	0	0	0	0	0	0	
1037.933283	8	3	3	0	1	2	2	4199	147	33	62273	9	4	92	0	0	0	0	0	0	0	0	0	0	0	0	0	0	
1038.938400	8	3	3	0	1	2	2	4198	143	33	62333	9	4	92	0	0	0	0	0	0	0	0	0	0	0	0	0	0	
1039.924800	8	3	3	0	1	2	2	4199	140	33	62393	9	4	92	0	0	0	0	0	0	0	0	0	0	0	0	0	0	
1040.929917	8	3	3	0	1	2	2	4199	136	33	62453	9	4	92	0	0	0	0	0	0	0	0	0	0	0	0	0	0	
1041.935033	8	3	3	0	1	2	2	4198	133	33	62513	9	4	92	0	0	0	0	0	0	0	0	0	0	0	0	0	0	
1042.940167	8	3	3	0	1	2	2	4198	129	33	62574	9	4	92	0	0	0	0	0	0	0	0	0	0	0	0	0	0	
1043.928000	8	3	3	0	1	2	2	4199	127	33	62633	9	4	92	0	0	0	0	0	0	0	0	0	0	0	0	0	0	
1044.933117	8	3	3	0	1	2	2	4199	123	33	62693	9	4	92	0	0	0	0	0	0	0	0	0	0	0	0	0	0	
1045.938233	8	3	3	0	1	2	2	4199	119	33	62753	9	4	92	0	0	0	0	0	0	0	0	0	0	0	0	0	0	
1046.943367	8	3	3	0	1	2	2	4198	117	33	62814	9	4	92	0	0	0	0	0	0	0	0	0	0	0	0	0	0	
1047.929767	8	3	3	0	1	2	2	4199	114	33	62873	9	4	92	0	0	0	0	0	0	0	0	0	0	0	0	0	0	
1048.934883	8	3	3	0	1	2	2	4199	111	33	62933	9	4	92	0	0	0	0	0	0	0	0	0	0	0	0	0	0	
1049.940000	8	3	3	0	1	2	2	4199	107	33	62994	9	4	92	0	0	0	0	0	0	0	0	0	0	0	0	0	0	
1050.926400	8	3	3	0	1	2	2	4199	105	33	63053	9	4	92	0	0	0	0	0	0	0	0	0	0	0	0	0	0	
1051.932967	8	3	3	0	1	2	2	4199	104	33	63113	9	4	92	0	0	0	0	0	0	0	0	0	0	0	0	0	0	
1052.938083	8	3	3	0	1	2	2	4199	101	33	63173	9	4	92	0	0	0	0	0	0	0	0	0	0	0	0	0	0	
1053.943200	8	3	3	0	1	2	2	4198	98	33	63234	9	4	92	0	0	0	0	0	0	0	0	0	0	0	0	0	0	
1054.929600	8	3	3	0	1	2	2	4199	96	33	63293	9	4	92	0	0	0	0	0	0	0	0	0	0	0	0	0	0	
1055.934717	8	3	3	0	1	2	2	4199	93	33	63353	9	4	92	0	0	0	0	0	0	0	0	0	0	0	0	0	0	
1056.939833	8	3	3	0	1	2	2	4199	91	33	63413	9	4	92	0	0	0	0	0	0	0	0	0	0	0	0	0	0	
1057.926233	8	3	3	0	1	2	2	4199	89	33	63473	9	4	92	0	0	0	0	0	0	0	0	0	0	0	0	0	0	
1058.931367	8	3	3	0	1	2	2	4199	86	33	63533	9	4	92	0	0	0	0	0	0	0	0	0	0	0	0	0	0	
1059.936483	8	3	3	0	1	2	2	4199	84	33	63593	9	4	92	0	0	0	0	0	0	0	0	0	0	0	0	0	0	
1060.943033	8	3	3	0	1	2	2	4198	83	33	63654	9	4	92	0	0	0	0	0	0	0	0	0	0	0	0	0	0	
1061.929433	8	3	3	0	1	2	2	4198	81	33	63713	9	4	92	0	0	0	0	0	0	0	0	0	0	0	0	0	0	
1062.934567	8	3	3	0	1	2	2	4199	78	33	63773	9	4	92	0	0	0	0	0	0	0	0	0	0	0	0	0	0	
1063.939683	8	3	3	0	1	2	2	4199	76	33	63833	9	4	92	0	0	0	0	0	0	0	0	0	0	0	0	0	0	
1064.944800	8	3	3	0	1	2	2	4199	75	33	63894	9	4	92	0	0	0	0	0	0	0	0	0	0	0	0	0	0	
1065.931200	8	3	3	0	1	2	2	4199	72	33	63953	9	4	92	0	0	0	0	0	0	0	0	0	0	0	0	0	0	
1066.936317	8	3	3	0	1	2	2	4199	71	33	64013	9	4	92	0	0	0	0	0	0	0	0	0	0	0	0	0	0	
1067.941433	8	3	3	0	1	2	2	4199	68	33	64074	9	4	92	0	0	0	0	0	0	0	0	0	0	0	0	0	0	
1068.927833	8	3	3	0	1	2	2	4199	66	33	64133	9	4	92	0	0	0	0	0	0	0	0	0	0	0	0	0	0	
1069.274883	8	6	3	0	2	7	1	3833	-902	33	64153	9	5	0	0	0	0	0	0	0	0	0	0	0	0	0	0	0	
1069.935833	8	6	3	0	2	7	1	3626	-1350	33	64193	9	5	1	0	0	0	0	0	0	0	0	0	0	0	0	0	0	
1070.940967	8	6	3	0	2	7	1	3606	-1348	33	64253	9	5	2	0	0	0	0	0	0	0	0	0	0	0	0	0	0	
1071.927367	8	6	3	0	2	7	1	3589	-1352	33	64313	9	5	4	0	0	0	0	0	0	0	0	0	0	0	0	0	0	
1072.932483	8	6	3	0	2	7	1	3576	-1350	33	64373	9	5	6	0	0	0	0	0	0	0	0	0	0	0	0	0	0	
1073.937600	8	6	3	0	2	7	1	3566	-1349	33	64433	9	5	7	0	0	0	0	0	0	0	0	0	0	0	0	0	0	
1074.942717	8	6	3	0	2	7	1	3551	-1350	33	64494	9	5	9	0	0	0	0	0	0	0	0	0	0	0	0	0	0	
1075.929117	8	6	3	0	2	7	1	3537	-1348	33	64553	9	5	11	0	0	0	0	0	0	0	0	0	0	0	0	0	0	
1076.935683	8	6	3	0	2	7	1	3524	-1351	33	64613	9	5	12	0	0	0	0	0	0	0	0	0	0	0	0	0	0	
1077.940800	8	6	3	0	2	7	1	3511	-1349	33	64673	9	5	14	0	0	0	0	0	0	0	0	0	0	0	0	0	0	
1078.945917	8	6	3	0	2	7	1	3498	-1349	33	64734	9	5	15	0	0	0	0	0	0	0	0	0	0	0	0	0	0	
1079.932317	8	6	3	0	2	7	1	3485	-1349	33	64793	9	5	17	0	0	0	0	0	0	0	0	0	0	0	0	0	0	
1080.937433	8	6	3	0	2	7	1	3472	-1349	33	64853	9	5	19	0	0	0	0	0	0	0	0	0	0	0	0	0	0	
1081.942567	8	6	3	0	2	7	1	3459	-1350	33	64914	9	5	20	0	0	0	0	0	0	0	0	0	0	0	0	0	0	
1082.928967	8	6	3	0	2	7	1	3448	-1350	33	64973	9	5	22	0	0	0	0	0	0	0	0	0	0	0	0	0	0	
1083.934083	8	6	3	0	2	7	1	3436	-1350	33	65033	9	5	24	0	0	0	0	0	0	0	0	0	0	0	0	0	0	
1084.940633	8	6	3	0	2	7	1	3424	-1350	33	65093	9	5	25	0	0	0	0	0	0	0	0	0	0	0	0	0	0	
1085.929917	8	6	3	0	2	7	1	3413	-1350	33	65153	9	5	27	0	0	0	0	0	0	0	0	0	0	0	0	0	0	
1086.935033	8	6	3	0	2	7	1	3403	-1349	33	65213	9	5	29	0	0	0	0	0	0	0	0	0	0	0	0	0	0	
1087.941600	8	6	3	0	2	7	1	3392	-1349	33	65273	9	5	30	0	0	0	0	0	0	0	0	0	0	0	0	0	0	
1088.946717	8	6	3	0	2	7	1	3382	-1349	33	65334	9	5	32	0	0	0	0	0	0	0	0	0	0	0	0	0	0	
1089.933117	8	6	3	0	2	7	1	3371	-1350	33	65393	9	5	34	0	0	0	0	0	0	0	0	0	0	0	0	0	0	
1090.938233	8	6	3	0	2	7	1	3361	-1349	33	65453	9	5	35	0	0	0	0	0	0	0	0	0	0	0	0	0	0	
1091.943367	8	6	3	0	2	7	1	3351	-1349	33	65513	9	5	37	0	0	0	0	0	0	0	0	0	0	0	0	0	0	
1092.929767	8	6	3	0	2	7	1	3342	-1350	33	65573	9	5	39	0	0	0	0	0	0	0	0	0	0	0	0	0	0	
1093.934883	8	6	3	0	2	7	1	3333	-1350	33	65633	9	5	40	0	0	0	0	0	0	0	0	0	0	0	0	0	0	
1094.940000	8	6	3	0	2	7	1	3324	-1348	33	65693	9	5	42	0	0	0	0	0	0	0	0	0	0	0	0	0	0	
1095.945117	8	6	3	0	2	7	1	3316	-1350	33	65754	9	5	44	0	0	0	0	0	0	0	0	0	0	0	0	0	0	
1096.931517	8	6	3	0	2	7	1	3308	-1350	33	65813	9	5	45	0	0	0	0	0	0	0	0	0	0	0	0	0	0	
1097.938083	8	6	3	0	2	7	1	3300	-1348	33	65873	9	5	47	0	0	0	0	0	0	0	0	0	0	0	0	0	0	
1098.943200	8	6	3	0	2	7	1	3292	-1352	33	65933	9	5	49	0	0	0	0	0	0	0	0	0	0	0	0	0	0	
1099.929600	8	6	3	0	2	7	1	3286	-1349	33	65993	9	5	50	0	0	0	0	0	0	0	0	0	0	0	0	0	0	
1100.934717	8	6	3	0	2	7	1	3279	-1350	33	66053	9	5	52	0	0	0	0	0	0	0	0	0	0	0	0	0	0	
1101.939833	8	6	3	0	2	7	1	3272	-1350	33	66113	9	5	53	0	0	0	0	0	0	0	0	0	0	0	0	0	0	
1102.944967	8	6	3	0	2	7	1	3266	-1350	33	66174	9	5	55	0	0	0	0	0	0	0	0	0	0	0	0	0	0	
1103.931367	8	6	3	0	2	7	1	3259	-1349	33	66233	9	5	57	0	0	0	0	0	0	0	0	0	0	0	0	0	0	
1104.936483	8	6	3	0	2	7	1	3253	-1350	33	66293	9	5	58	0	0	0	0	0	0	0	0	0	0	0	0	0	0	
1105.941600	8	6	3	0	2	7	1	3248	-1349	33	66353	9	5	60	0	0	0	0	0	0	0	0	0	0	0	0	0	0	
1106.948167	8	6	3	0	2	7	1	3242	-1349	33	66414	9	5	62	0	0	0	0	0	0	0	0	0	0	0	0	0	0	
1107.933117	8	6	3	0	2	7	1	3236	-1350	33	66473	9	5	63	0	0	0	0	0	0	0	0	0	0	0	0	0	0	
1108.939683	8	6	3	0	2	7	1	3230	-1349	33	66533	9	5	65	0	0	0	0	0	0	0	0	0	0	0	0	0	0	
1109.944800	8	6	3	0	2	7	1	3224	-1350	33	66593	9	5	67	0	0	0	0	0	0	0	0	0	0	0	0	0	0	
1110.931200	8	6	3	0	2	7	1	3219	-1350	33	66653	9	5	68	0	0	0	0	0	0	0	0	0	0	0	0	0	0	
1111.936317	8	6	3	0	2	7	1	3214	-1350	33	66713	9	5	70	0	0	0	0	0	0	0	0	0	0	0	0	0	0	
1112.941433	8	6	3	0	2	7	1	3204	-1349	33	66773	9	5	72	0	0	0	0	0	0	0	0	0	0	0	0	0	0	
1113.946567	8	6	3	0	2	7	1	3198	-1350	33	66834	9	5	73	0	0	0	0	0	0	0	0	0	0	0	0	0	0	
1114.932967	8	6	3	0	2	7	1	3191	-1349	33	66893	9	5	75	0	0	0	0	0	0	0	0	0	0	0	0	0	0	
1115.938083	8	6	3	0	2	7	1	3182	-1350	33	66953	9	5	76	0	0	0	0	0	0	0	0	0	0	0	0	0	0	
1116.943200	8	6	3	0	2	7	1	3173	-1350	33	67013	9	5	78	0	0	0	0	0	0	0	0	0	0	0	0	0	0	
1117.931033	8	6	3	0	2	7	1	3162	-1351	33	67073	9	5	80	0	0	0	0	0	0	0	0	0	0	0	0	0	0	
1118.936167	8	6	3	0	2	7	1	3148	-1348	33	67133	9	5	81	0	0	0	0	0	0	0	0	0	0	0	0	0	0	
1119.941283	8	6	3	0	2	7	1	3131	-1348	33	67193	9	5	83	0	0	0	0	0	0	0	0	0	0	0	0	0	0	
1120.946400	8	6	3	0	2	7	1	3109	-1349	33	67254	9	5	85	0	0	0	0	0	0	0	0	0	0	0	0	0	0	
1121.932800	8	6	3	0	2	7	1	3080	-1350	33	67313	9	5	86	0	0	0	0	0	0	0	0	0	0	0	0	0	0	
1122.937917	8	6	3	0	2	7	1	3040	-1349	33	67373	9	5	88	0	0	0	0	0	0	0	0	0	0	0	0	0	0	
1123.943033	8	6	3	0	2	7	1	2975	-1349	33	67433	9	5	90	0	0	0	0	0	0	0	0	0	0	0	0	0	0	
1124.948167	8	6	3	0	2	7	1	2847	-1350	33	67494	9	5	91	0	0	0	0	0	0	0	0	0	0	0	0	0	0	
1125.614883	8	15	3	0	1	31	2	3084	29	33	67534	11	5	92	0	0	0	0	0	0	0	0	0	0	0	0	0	0	
1125.635033	8	3	3	0	1	2	2	3377	676	33	67535	11	5	92	0	0	0	0	0	0	0	0	0	0	0	0	0	0	
1125.938883	8	3	3	0	1	2	2	3494	674	33	67553	11	5	92	0	0	0	0	0	0	0	0	0	0	0	0	0	0	
1126.944000	8	3	3	0	1	2	2	3645	674	33	67613	11	5	92	0	0	0	0	0	0	0	0	0	0	0	0	0	0	
1127.949117	8	3	3	0	1	2	2	3733	675	33	67674	11	5	92	0	0	0	0	0	0	0	0	0	0	0	0	0	0	
1128.935517	8	3	3	0	1	2	2	3795	675	33	67733	11	5	92	0	0	0	0	0	0	0	0	0	0	0	0	0	0	
1129.940633	8	3	3	0	1	2	2	3844	675	33	67793	11	5	92	0	0	0	0	0	0	0	0	0	0	0	0	0	0	
1130.945767	8	3	3	0	1	2	2	3883	675	33	67853	11	5	92	0	0	0	0	0	0	0	0	0	0	0	0	0	0	
1131.932167	8	3	3	0	1	2	2	3909	674	33	67913	11	5	92	0	0	0	0	0	0	0	0	0	0	0	0	0	0	
1132.937283	8	3	3	0	1	2	2	3922	674	33	67973	11	5	92	0	0	0	0	0	0	0	0	0	0	0	0	0	0	
1133.942400	8	3	3	0	1	2	2	3930	674	33	68033	11	5	92	0	0	0	0	0	0	0	0	0	0	0	0	0	0	
1134.947517	8	3	3	0	1	2	2	3935	673	33	68094	11	5	92	0	0	0	0	0	0	0	0	0	0	0	0	0	0	
1135.933917	8	3	3	0	1	2	2	3940	675	33	68153	11	5	92	0	0	0	0	0	0	0	0	0	0	0	0	0	0	
1136.940483	8	3	3	0	1	2	2	3945	675	33	68213	11	5	92	0	0	0	0	0	0	0	0	0	0	0	0	0	0	
1137.945600	8	3	3	0	1	2	2	3951	676	33	68273	11	5	92	0	0	0	0	0	0	0	0	0	0	0	0	0	0	
1138.950717	8	3	3	0	1	2	2	3956	674	33	68334	11	5	92	0	0	0	0	0	0	0	0	0	0	0	0	0	0	
1139.937117	8	3	3	0	1	2	2	3961	675	33	68393	11	5	92	0	0	0	0	0	0	0	0	0	0	0	0	0	0	
1140.942233	8	3	3	0	1	2	2	3966	674	33	68453	11	5	92	0	0	0	0	0	0	0	0	0	0	0	0	0	0	
1141.947367	8	3	3	0	1	2	2	3972	675	33	68514	11	5	92	0	0	0	0	0	0	0	0	0	0	0	0	0	0	
1142.933767	8	3	3	0	1	2	2	3977	675	33	68573	11	5	92	0	0	0	0	0	0	0	0	0	0	0	0	0	0	
1143.938883	8	3	3	0	1	2	2	3983	674	33	68633	11	5	92	0	0	0	0	0	0	0	0	0	0	0	0	0	0	
1144.944000	8	3	3	0	1	2	2	3989	674	33	68693	11	5	92	0	0	0	0	0	0	0	0	0	0	0	0	0	0	
1145.950567	8	3	3	0	1	2	2	3995	675	33	68754	11	5	92	0	0	0	0	0	0	0	0	0	0	0	0	0	0	
1146.935517	8	3	3	0	1	2	2	4000	674	33	68813	11	5	92	0	0	0	0	0	0	0	0	0	0	0	0	0	0	
1147.942083	8	3	3	0	1	2	2	4005	674	33	68873	11	5	92	0	0	0	0	0	0	0	0	0	0	0	0	0	0	
1148.947200	8	3	3	0	1	2	2	4011	674	33	68933	11	5	92	0	0	0	0	0	0	0	0	0	0	0	0	0	0	
1149.933600	8	3	3	0	1	2	2	4015	674	33	68993	11	5	92	0	0	0	0	0	0	0	0	0	0	0	0	0	0	
1150.938717	8	3	3	0	1	2	2	4020	675	33	69053	11	5	92	0	0	0	0	0	0	0	0	0	0	0	0	0	0	
1151.943833	8	3	3	0	1	2	2	4024	675	33	69113	11	5	92	0	0	0	0	0	0	0	0	0	0	0	0	0	0	
1152.948967	8	3	3	0	1	2	2	4028	675	33	69174	11	5	92	0	0	0	0	0	0	0	0	0	0	0	0	0	0	
1153.935367	8	3	3	0	1	2	2	4031	675	33	69233	11	5	92	0	0	0	0	0	0	0	0	0	0	0	0	0	0	
1154.940483	8	3	3	0	1	2	2	4034	675	33	69293	11	5	92	0	0	0	0	0	0	0	0	0	0	0	0	0	0	
1155.947033	8	3	3	0	1	2	2	4036	674	33	69353	11	5	92	0	0	0	0	0	0	0	0	0	0	0	0	0	0	
1156.952167	8	3	3	0	1	2	2	4039	674	33	69414	11	5	92	0	0	0	0	0	0	0	0	0	0	0	0	0	0	
1157.938567	8	3	3	0	1	2	2	4041	674	33	69473	11	5	92	0	0	0	0	0	0	0	0	0	0	0	0	0	0	
1158.943683	8	3	3	0	1	2	2	4044	675	33	69533	11	5	92	0	0	0	0	0	0	0	0	0	0	0	0	0	0	
1159.948800	8	3	3	0	1	2	2	4046	675	33	69594	11	5	92	0	0	0	0	0	0	0	0	0	0	0	0	0	0	
1160.935200	8	3	3	0	1	2	2	4049	674	33	69653	11	5	92	0	0	0	0	0	0	0	0	0	0	0	0	0	0	
1161.940317	8	3	3	0	1	2	2	4051	675	33	69713	11	5	92	0	0	0	0	0	0	0	0	0	0	0	0	0	0	
1162.948317	8	3	3	0	1	2	2	4054	675	33	69773	11	5	92	0	0	0	0	0	0	0	0	0	0	0	0	0	0	
1163.934717	8	3	3	0	1	2	2	4056	675	33	69833	11	5	92	0	0	0	0	0	0	0	0	0	0	0	0	0	0	
1164.939833	8	3	3	0	1	2	2	4056	675	33	69893	11	5	92	0	0	0	0	0	0	0	0	0	0	0	0	0	0	
1165.944967	8	3	3	0	1	2	2	4058	674	33	69953	11	5	92	0	0	0	0	0	0	0	0	0	0	0	0	0	0	
1166.950083	8	3	3	0	1	2	2	4061	675	33	70014	11	5	92	0	0	0	0	0	0	0	0	0	0	0	0	0	0	
1167.936483	8	3	3	0	1	2	2	4097	675	33	70073	11	5	92	0	0	0	0	0	0	0	0	0	0	0	0	0	0	
1168.941600	8	3	3	0	1	2	2	4097	675	33	70133	11	5	92	0	0	0	0	0	0	0	0	0	0	0	0	0	0	
1169.946717	8	3	3	0	1	2	2	4099	675	33	70193	11	5	92	0	0	0	0	0	0	0	0	0	0	0	0	0	0	
1170.953283	8	3	3	0	1	2	2	4103	676	33	70254	11	5	92	0	0	0	0	0	0	0	0	0	0	0	0	0	0	
1171.938233	8	3	3	0	1	2	2	4106	674	33	70313	11	5	92	0	0	0	0	0	0	0	0	0	0	0	0	0	0	
1172.943367	8	3	3	0	1	2	2	4110	674	33	70373	11	5	92	0	0	0	0	0	0	0	0	0	0	0	0	0	0	
1173.949917	8	3	3	0	1	2	2	4114	675	33	70433	11	5	92	0	0	0	0	0	0	0	0	0	0	0	0	0	0	
1174.936317	8	3	3	0	1	2	2	4117	674	33	70493	11	5	92	0	0	0	0	0	0	0	0	0	0	0	0	0	0	
1175.941433	8	3	3	0	1	2	2	4118	666	33	70553	11	5	92	0	0	0	0	0	0	0	0	0	0	0	0	0	0	
1176.946567	8	3	3	0	1	2	2	4121	667	33	70613	11	5	92	0	0	0	0	0	0	0	0	0	0	0	0	0	0	
1177.951683	8	3	3	0	1	2	2	4124	665	33	70674	11	5	92	0	0	0	0	0	0	0	0	0	0	0	0	0	0	
1178.938083	8	3	3	0	1	2	2	4127	664	33	70733	11	5	92	0	0	0	0	0	0	0	0	0	0	0	0	0	0	
1179.943200	8	3	3	0	1	2	2	4141	664	33	70793	11	5	92	0	0	0	0	0	0	0	0	0	0	0	0	0	0	
1180.949767	8	3	3	0	1	2	2	4145	662	33	70853	11	5	92	0	0	0	0	0	0	0	0	0	0	0	0	0	0	
1181.936167	8	3	3	0	1	2	2	4151	661	33	70913	11	5	92	0	0	0	0	0	0	0	0	0	0	0	0	0	0	
1182.941283	8	3	3	0	1	2	2	4154	661	33	70973	11	5	92	0	0	0	0	0	0	0	0	0	0	0	0	0	0	
1183.946400	8	3	3	0	1	2	2	4161	659	33	71033	11	5	92	0	0	0	0	0	0	0	0	0	0	0	0	0	0	
1184.951517	8	3	3	0	1	2	2	4165	658	33	71094	11	5	92	0	0	0	0	0	0	0	0	0	0	0	0	0	0	
1185.937917	8	3	3	0	1	2	2	4168	657	33	71153	11	5	92	0	0	0	0	0	0	0	0	0	0	0	0	0	0	
1186.943033	8	3	3	0	1	2	2	4172	657	33	71213	11	5	92	0	0	0	0	0	0	0	0	0	0	0	0	0	0	
1187.948167	8	3	3	0	1	2	2	4177	656	33	71273	11	5	92	0	0	0	0	0	0	0	0	0	0	0	0	0	0	
1188.954717	8	3	3	0	1	2	2	4181	654	33	71334	11	5	92	0	0	0	0	0	0	0	0	0	0	0	0	0	0	
1189.941117	8	3	3	0	1	2	2	4185	654	33	71393	11	5	92	0	0	0	0	0	0	0	0	0	0	0	0	0	0	
1190.946233	8	3	3	0	1	2	2	4189	653	33	71453	11	5	92	0	0	0	0	0	0	0	0	0	0	0	0	0	0	
1191.951367	8	3	3	0	1	2	2	4193	652	33	71514	11	5	92	0	0	0	0	0	0	0	0	0	0	0	0	0	0	
1192.937767	8	3	3	0	1	2	2	4197	650	33	71573	11	5	92	0	0	0	0	0	0	0	0	0	0	0	0	0	0	
1193.942883	8	3	3	0	1	2	2	4198	643	33	71633	11	5	92	0	0	0	0	0	0	0	0	0	0	0	0	0	0	
1194.948000	8	3	3	0	1	2	2	4199	633	33	71693	11	5	92	0	0	0	0	0	0	0	0	0	0	0	0	0	0	
1195.953117	8	3	3	0	1	2	2	4198	623	33	71754	11	5	92	0	0	0	0	0	0	0	0	0	0	0	0	0	0	
1196.939517	8	3	3	0	1	2	2	4199	613	33	71813	11	5	92	0	0	0	0	0	0	0	0	0	0	0	0	0	0	
1197.946083	8	3	3	0	1	2	2	4199	603	33	71873	11	5	92	0	0	0	0	0	0	0	0	0	0	0	0	0	0	
1198.951200	8	3	3	0	1	2	2	4199	594	33	71933	11	5	92	0	0	0	0	0	0	0	0	0	0	0	0	0	0	
1199.937600	8	3	3	0	1	2	2	4199	585	33	71993	11	5	92	0	0	0	0	0	0	0	0	0	0	0	0	0	0	
1200.942717	8	3	3	0	1	2	2	4199	575	33	72053	11	5	92	0	0	0	0	0	0	0	0	0	0	0	0	0	0	
1201.947833	8	3	3	0	1	2	2	4199	564	33	72113	11	5	92	0	0	0	0	0	0	0	0	0	0	0	0	0	0	
1202.952967	8	3	3	0	1	2	2	4199	555	33	72174	11	5	92	0	0	0	0	0	0	0	0	0	0	0	0	0	0	
1203.939367	8	3	3	0	1	2	2	4199	548	33	72233	11	5	92	0	0	0	0	0	0	0	0	0	0	0	0	0	0	
1204.944483	8	3	3	0	1	2	2	4198	538	33	72293	11	5	92	0	0	0	0	0	0	0	0	0	0	0	0	0	0	
1205.949600	8	3	3	0	1	2	2	4198	530	33	72353	11	5	92	0	0	0	0	0	0	0	0	0	0	0	0	0	0	
1206.956167	8	3	3	0	1	2	2	4199	520	33	72414	11	5	92	0	0	0	0	0	0	0	0	0	0	0	0	0	0	
1207.942567	8	3	3	0	1	2	2	4198	509	33	72473	11	5	92	0	0	0	0	0	0	0	0	0	0	0	0	0	0	
1208.947683	8	3	3	0	1	2	2	4199	500	33	72533	11	5	92	0	0	0	0	0	0	0	0	0	0	0	0	0	0	
1209.952800	8	3	3	0	1	2	2	4198	490	33	72594	11	5	92	0	0	0	0	0	0	0	0	0	0	0	0	0	0	
1210.939200	8	3	3	0	1	2	2	4198	434	33	72653	11	5	92	0	0	0	0	0	0	0	0	0	0	0	0	0	0	
1211.944317	8	3	3	0	1	2	2	4198	424	33	72713	11	5	92	0	0	0	0	0	0	0	0	0	0	0	0	0	0	
1212.952317	8	3	3	0	1	2	2	4199	420	33	72773	11	5	92	0	0	0	0	0	0	0	0	0	0	0	0	0	0	
1213.938717	8	3	3	0	1	2	2	4199	415	33	72833	11	5	92	0	0	0	0	0	0	0	0	0	0	0	0	0	0	
1214.943833	8	3	3	0	1	2	2	4198	411	33	72893	11	5	92	0	0	0	0	0	0	0	0	0	0	0	0	0	0	
1215.948967	8	3	3	0	1	2	2	4199	404	33	72953	11	5	92	0	0	0	0	0	0	0	0	0	0	0	0	0	0	
1216.954083	8	3	3	0	1	2	2	4199	399	33	73014	11	5	92	0	0	0	0	0	0	0	0	0	0	0	0	0	0	
1217.940483	8	3	3	0	1	2	2	4199	395	33	73073	11	5	92	0	0	0	0	0	0	0	0	0	0	0	0	0	0	
1218.945600	8	3	3	0	1	2	2	4199	389	33	73133	11	5	92	0	0	0	0	0	0	0	0	0	0	0	0	0	0	
1219.950717	8	3	3	0	1	2	2	4199	385	33	73193	11	5	92	0	0	0	0	0	0	0	0	0	0	0	0	0	0	
1220.955833	8	3	3	0	1	2	2	4199	379	33	73254	11	5	92	0	0	0	0	0	0	0	0	0	0	0	0	0	0	
1221.943683	8	3	3	0	1	2	2	4199	375	33	73313	11	5	92	0	0	0	0	0	0	0	0	0	0	0	0	0	0	
1222.948800	8	3	3	0	1	2	2	4199	368	33	73373	11	5	92	0	0	0	0	0	0	0	0	0	0	0	0	0	0	
1223.953917	8	3	3	0	1	2	2	4199	362	33	73434	11	5	92	0	0	0	0	0	0	0	0	0	0	0	0	0	0	
1224.940317	8	3	3	0	1	2	2	4199	357	33	73493	11	5	92	0	0	0	0	0	0	0	0	0	0	0	0	0	0	
1225.945433	8	3	3	0	1	2	2	4199	351	33	73553	11	5	92	0	0	0	0	0	0	0	0	0	0	0	0	0	0	
1226.950567	8	3	3	0	1	2	2	4199	345	33	73613	11	5	92	0	0	0	0	0	0	0	0	0	0	0	0	0	0	
1227.955683	8	3	3	0	1	2	2	4199	339	33	73674	11	5	92	0	0	0	0	0	0	0	0	0	0	0	0	0	0	
1228.942083	8	3	3	0	1	2	2	4199	334	33	73733	11	5	92	0	0	0	0	0	0	0	0	0	0	0	0	0	0	
1229.947200	8	3	3	0	1	2	2	4199	327	33	73793	11	5	92	0	0	0	0	0	0	0	0	0	0	0	0	0	0	
1230.953767	8	3	3	0	1	2	2	4199	321	33	73853	11	5	92	0	0	0	0	0	0	0	0	0	0	0	0	0	0	
1231.940167	8	3	3	0	1	2	2	4198	316	33	73913	11	5	92	0	0	0	0	0	0	0	0	0	0	0	0	0	0	
1232.945283	8	3	3	0	1	2	2	4199	309	33	73973	11	5	92	0	0	0	0	0	0	0	0	0	0	0	0	0	0	
1233.950400	8	3	3	0	1	2	2	4199	299	33	74033	11	5	92	0	0	0	0	0	0	0	0	0	0	0	0	0	0	
1234.955517	8	3	3	0	1	2	2	4199	293	33	74094	11	5	92	0	0	0	0	0	0	0	0	0	0	0	0	0	0	
1235.941917	8	3	3	0	1	2	2	4199	287	33	74153	11	5	92	0	0	0	0	0	0	0	0	0	0	0	0	0	0	
1236.947033	8	3	3	0	1	2	2	4199	281	33	74213	11	5	92	0	0	0	0	0	0	0	0	0	0	0	0	0	0	
1237.952167	8	3	3	0	1	2	2	4199	275	33	74273	11	5	92	0	0	0	0	0	0	0	0	0	0	0	0	0	0	
1238.958717	8	3	3	0	1	2	2	4199	271	33	74334	11	5	92	0	0	0	0	0	0	0	0	0	0	0	0	0	0	
1239.945117	8	3	3	0	1	2	2	4199	265	33	74393	11	5	92	0	0	0	0	0	0	0	0	0	0	0	0	0	0	
1240.950233	8	3	3	0	1	2	2	4199	259	33	74453	11	5	92	0	0	0	0	0	0	0	0	0	0	0	0	0	0	
1241.955367	8	3	3	0	1	2	2	4199	255	33	74514	11	5	92	0	0	0	0	0	0	0	0	0	0	0	0	0	0	
1242.941767	8	3	3	0	1	2	2	4199	250	33	74573	11	5	92	0	0	0	0	0	0	0	0	0	0	0	0	0	0	
1243.946883	8	3	3	0	1	2	2	4199	247	33	74633	11	5	92	0	0	0	0	0	0	0	0	0	0	0	0	0	0	
1244.952000	8	3	3	0	1	2	2	4199	242	33	74693	11	5	92	0	0	0	0	0	0	0	0	0	0	0	0	0	0	
1245.958567	8	3	3	0	1	2	2	4199	238	33	74754	11	5	92	0	0	0	0	0	0	0	0	0	0	0	0	0	0	
1246.944967	8	3	3	0	1	2	2	4199	242	33	74813	11	5	92	0	0	0	0	0	0	0	0	0	0	0	0	0	0	
1247.950083	8	3	3	0	1	2	2	4199	239	33	74873	11	5	92	0	0	0	0	0	0	0	0	0	0	0	0	0	0	
1248.955200	8	3	3	0	1	2	2	4199	235	33	74933	11	5	92	0	0	0	0	0	0	0	0	0	0	0	0	0	0	
1249.941600	8	3	3	0	1	2	2	4199	230	33	74993	11	5	92	0	0	0	0	0	0	0	0	0	0	0	0	0	0	
1250.946717	8	3	3	0	1	2	2	4198	225	33	75053	11	5	92	0	0	0	0	0	0	0	0	0	0	0	0	0	0	
1251.951833	8	3	3	0	1	2	2	4199	220	33	75113	11	5	92	0	0	0	0	0	0	0	0	0	0	0	0	0	0	
1252.956967	8	3	3	0	1	2	2	4199	216	33	75174	11	5	92	0	0	0	0	0	0	0	0	0	0	0	0	0	0	
1253.943367	8	3	3	0	1	2	2	4199	212	33	75233	11	5	92	0	0	0	0	0	0	0	0	0	0	0	0	0	0	
1254.948483	8	3	3	0	1	2	2	4199	208	33	75293	11	5	92	0	0	0	0	0	0	0	0	0	0	0	0	0	0	
1255.955033	8	3	3	0	1	2	2	4199	203	33	75353	11	5	92	0	0	0	0	0	0	0	0	0	0	0	0	0	0	
1256.960167	8	3	3	0	1	2	2	4199	200	33	75414	11	5	92	0	0	0	0	0	0	0	0	0	0	0	0	0	0	
1257.946567	8	3	3	0	1	2	2	4199	195	33	75473	11	5	92	0	0	0	0	0	0	0	0	0	0	0	0	0	0	
1258.951683	8	3	3	0	1	2	2	4199	191	33	75533	11	5	92	0	0	0	0	0	0	0	0	0	0	0	0	0	0	
1259.956800	8	3	3	0	1	2	2	4199	187	33	75594	11	5	92	0	0	0	0	0	0	0	0	0	0	0	0	0	0	
1260.943200	8	3	3	0	1	2	2	4199	184	33	75653	11	5	92	0	0	0	0	0	0	0	0	0	0	0	0	0	0	
1261.948317	8	3	3	0	1	2	2	4199	179	33	75713	11	5	92	0	0	0	0	0	0	0	0	0	0	0	0	0	0	
1262.953433	8	3	3	0	1	2	2	4199	176	33	75773	11	5	92	0	0	0	0	0	0	0	0	0	0	0	0	0	0	
1263.944167	8	3	3	0	1	2	2	4199	172	33	75833	11	5	92	0	0	0	0	0	0	0	0	0	0	0	0	0	0	
1264.949283	8	3	3	0	1	2	2	4199	168	33	75893	11	5	92	0	0	0	0	0	0	0	0	0	0	0	0	0	0	
1265.954400	8	3	3	0	1	2	2	4198	164	33	75953	11	5	92	0	0	0	0	0	0	0	0	0	0	0	0	0	0	
1266.959517	8	3	3	0	1	2	2	4199	162	33	76014	11	5	92	0	0	0	0	0	0	0	0	0	0	0	0	0	0	
1267.945917	8	3	3	0	1	2	2	4199	157	33	76073	11	5	92	0	0	0	0	0	0	0	0	0	0	0	0	0	0	
1268.951033	8	3	3	0	1	2	2	4199	154	33	76133	11	5	92	0	0	0	0	0	0	0	0	0	0	0	0	0	0	
1269.956167	8	3	3	0	1	2	2	4199	151	33	76193	11	5	92	0	0	0	0	0	0	0	0	0	0	0	0	0	0	
1270.942567	8	3	3	0	1	2	2	4198	148	33	76253	11	5	92	0	0	0	0	0	0	0	0	0	0	0	0	0	0	
1271.947683	8	3	3	0	1	2	2	4199	144	33	76313	11	5	92	0	0	0	0	0	0	0	0	0	0	0	0	0	0	
1272.954233	8	3	3	0	1	2	2	4199	141	33	76373	11	5	92	0	0	0	0	0	0	0	0	0	0	0	0	0	0	
1273.959367	8	3	3	0	1	2	2	4199	139	33	76434	11	5	92	0	0	0	0	0	0	0	0	0	0	0	0	0	0	
1274.945767	8	3	3	0	1	2	2	4198	136	33	76493	11	5	92	0	0	0	0	0	0	0	0	0	0	0	0	0	0	
1275.950883	8	3	3	0	1	2	2	4199	133	33	76553	11	5	92	0	0	0	0	0	0	0	0	0	0	0	0	0	0	
1276.956000	8	3	3	0	1	2	2	4199	130	33	76613	11	5	92	0	0	0	0	0	0	0	0	0	0	0	0	0	0	
1277.961117	8	3	3	0	1	2	2	4199	128	33	76674	11	5	92	0	0	0	0	0	0	0	0	0	0	0	0	0	0	
1278.947517	8	3	3	0	1	2	2	4198	124	33	76733	11	5	92	0	0	0	0	0	0	0	0	0	0	0	0	0	0	
1279.952633	8	3	3	0	1	2	2	4199	122	33	76793	11	5	92	0	0	0	0	0	0	0	0	0	0	0	0	0	0	
1280.957767	8	3	3	0	1	2	2	4198	119	33	76854	11	5	92	0	0	0	0	0	0	0	0	0	0	0	0	0	0	
1281.944167	8	3	3	0	1	2	2	4199	117	33	76913	11	5	92	0	0	0	0	0	0	0	0	0	0	0	0	0	0	
1282.950717	8	3	3	0	1	2	2	4199	114	33	76973	11	5	92	0	0	0	0	0	0	0	0	0	0	0	0	0	0	
1283.955833	8	3	3	0	1	2	2	4199	111	33	77033	11	5	92	0	0	0	0	0	0	0	0	0	0	0	0	0	0	
1284.960967	8	3	3	0	1	2	2	4199	110	33	77094	11	5	92	0	0	0	0	0	0	0	0	0	0	0	0	0	0	
1285.947367	8	3	3	0	1	2	2	4199	108	33	77153	11	5	92	0	0	0	0	0	0	0	0	0	0	0	0	0	0	
1286.952483	8	3	3	0	1	2	2	4199	106	33	77213	11	5	92	0	0	0	0	0	0	0	0	0	0	0	0	0	0	
1287.957600	8	3	3	0	1	2	2	4199	103	33	77273	11	5	92	0	0	0	0	0	0	0	0	0	0	0	0	0	0	
1288.944000	8	3	3	0	1	2	2	4199	101	33	77333	11	5	92	0	0	0	0	0	0	0	0	0	0	0	0	0	0	
1289.949117	8	3	3	0	1	2	2	4199	98	33	77393	11	5	92	0	0	0	0	0	0	0	0	0	0	0	0	0	0	
1290.954233	8	3	3	0	1	2	2	4199	97	33	77453	11	5	92	0	0	0	0	0	0	0	0	0	0	0	0	0	0	
1291.960800	8	3	3	0	1	2	2	4199	95	33	77514	11	5	92	0	0	0	0	0	0	0	0	0	0	0	0	0	0	
1292.947200	8	3	3	0	1	2	2	4198	93	33	77573	11	5	92	0	0	0	0	0	0	0	0	0	0	0	0	0	0	
1293.952317	8	3	3	0	1	2	2	4198	92	33	77633	11	5	92	0	0	0	0	0	0	0	0	0	0	0	0	0	0	
1294.957433	8	3	3	0	1	2	2	4199	88	33	77693	11	5	92	0	0	0	0	0	0	0	0	0	0	0	0	0	0	
1295.962567	8	3	3	0	1	2	2	4199	87	33	77754	11	5	92	0	0	0	0	0	0	0	0	0	0	0	0	0	0	
1296.948967	8	3	3	0	1	2	2	4199	85	33	77813	11	5	92	0	0	0	0	0	0	0	0	0	0	0	0	0	0	
1297.954083	8	3	3	0	1	2	2	4198	83	33	77873	11	5	92	0	0	0	0	0	0	0	0	0	0	0	0	0	0	
1298.959200	8	3	3	0	1	2	2	4199	81	33	77934	11	5	92	0	0	0	0	0	0	0	0	0	0	0	0	0	0	
1299.945600	8	3	3	0	1	2	2	4199	80	33	77993	11	5	92	0	0	0	0	0	0	0	0	0	0	0	0	0	0	
1300.952167	8	3	3	0	1	2	2	4199	78	33	78053	11	5	92	0	0	0	0	0	0	0	0	0	0	0	0	0	0	
1301.960167	8	3	3	0	1	2	2	4199	75	33	78114	11	5	92	0	0	0	0	0	0	0	0	0	0	0	0	0	0	
1302.946567	8	3	3	0	1	2	2	4199	74	33	78173	11	5	92	0	0	0	0	0	0	0	0	0	0	0	0	0	0	
1303.951683	8	3	3	0	1	2	2	4199	73	33	78233	11	5	92	0	0	0	0	0	0	0	0	0	0	0	0	0	0	
1304.956800	8	3	3	0	1	2	2	4199	71	33	78293	11	5	92	0	0	0	0	0	0	0	0	0	0	0	0	0	0	
1305.963367	8	3	3	0	1	2	2	4198	69	33	78354	11	5	92	0	0	0	0	0	0	0	0	0	0	0	0	0	0	
1306.949767	8	3	3	0	1	2	2	4198	68	33	78413	11	5	92	0	0	0	0	0	0	0	0	0	0	0	0	0	0	
1307.784967	8	6	3	0	2	7	1	3432	-1350	33	78463	11	6	0	0	0	0	0	0	0	0	0	0	0	0	0	0	0	
1307.956317	8	6	3	0	2	7	1	3460	-1349	33	78473	11	6	0	0	0	0	0	0	0	0	0	0	0	0	0	0	0	
1308.961433	8	6	3	0	2	7	1	3532	-1351	33	78534	11	6	1	0	0	0	0	0	0	0	0	0	0	0	0	0	0	
1309.947833	8	6	3	0	2	7	1	3506	-1349	33	78593	11	6	3	0	0	0	0	0	0	0	0	0	0	0	0	0	0	
1310.952967	8	6	3	0	2	7	1	3470	-1349	33	78653	11	6	5	0	0	0	0	0	0	0	0	0	0	0	0	0	0	
1311.958083	8	6	3	0	2	7	1	3454	-1348	33	78713	11	6	6	0	0	0	0	0	0	0	0	0	0	0	0	0	0	
1312.964633	8	6	3	0	2	7	1	3444	-1348	33	78774	11	6	8	0	0	0	0	0	0	0	0	0	0	0	0	0	0	
1313.951033	8	6	3	0	2	7	1	3415	-1349	33	78833	11	6	10	0	0	0	0	0	0	0	0	0	0	0	0	0	0	
1314.956167	8	6	3	0	2	7	1	3417	-1349	33	78893	11	6	11	0	0	0	0	0	0	0	0	0	0	0	0	0	0	
1315.961283	8	6	3	0	2	7	1	3408	-1350	33	78954	11	6	13	0	0	0	0	0	0	0	0	0	0	0	0	0	0	
1316.947683	8	6	3	0	2	7	1	3390	-1351	33	79013	11	6	15	0	0	0	0	0	0	0	0	0	0	0	0	0	0	
1317.952800	8	6	3	0	2	7	1	3367	-1350	33	79073	11	6	16	0	0	0	0	0	0	0	0	0	0	0	0	0	0	
1318.957917	8	6	3	0	2	7	1	3264	-1349	33	79133	11	6	18	0	0	0	0	0	0	0	0	0	0	0	0	0	0	
1319.963033	8	6	3	0	2	7	1	3311	-1348	33	79194	11	6	19	0	0	0	0	0	0	0	0	0	0	0	0	0	0	
1320.949433	8	6	3	0	2	7	1	3319	-1348	33	79253	11	6	21	0	0	0	0	0	0	0	0	0	0	0	0	0	0	
1321.954567	8	6	3	0	2	7	1	3296	-1349	33	79313	11	6	23	0	0	0	0	0	0	0	0	0	0	0	0	0	0	
1322.959683	8	6	3	0	2	7	1	3289	-1349	33	79373	11	6	24	0	0	0	0	0	0	0	0	0	0	0	0	0	0	
1323.947517	8	6	3	0	2	7	1	3275	-1350	33	79433	11	6	26	0	0	0	0	0	0	0	0	0	0	0	0	0	0	
1324.952633	8	6	3	0	2	7	1	3261	-1349	33	79493	11	6	28	0	0	0	0	0	0	0	0	0	0	0	0	0	0	
1325.957767	8	6	3	0	2	7	1	3247	-1350	33	79553	11	6	29	0	0	0	0	0	0	0	0	0	0	0	0	0	0	
1326.962883	8	6	3	0	2	7	1	3241	-1350	33	79614	11	6	31	0	0	0	0	0	0	0	0	0	0	0	0	0	0	
1327.949283	8	6	3	0	2	7	1	3230	-1349	33	79673	11	6	33	0	0	0	0	0	0	0	0	0	0	0	0	0	0	
1328.954400	8	6	3	0	2	7	1	3219	-1350	33	79733	11	6	34	0	0	0	0	0	0	0	0	0	0	0	0	0	0	
1329.959517	8	6	3	0	2	7	1	3210	-1351	33	79793	11	6	36	0	0	0	0	0	0	0	0	0	0	0	0	0	0	
1330.964633	8	6	3	0	2	7	1	3202	-1350	33	79854	11	6	38	0	0	0	0	0	0	0	0	0	0	0	0	0	0	
1331.951033	8	6	3	0	2	7	1	3192	-1348	33	79913	11	6	39	0	0	0	0	0	0	0	0	0	0	0	0	0	0	
1332.957600	8	6	3	0	2	7	1	3182	-1350	33	79973	11	6	41	0	0	0	0	0	0	0	0	0	0	0	0	0	0	
1333.962717	8	6	3	0	2	7	1	3172	-1349	33	80034	11	6	43	0	0	0	0	0	0	0	0	0	0	0	0	0	0	
1334.949117	8	6	3	0	2	7	1	3163	-1350	33	80093	11	6	44	0	0	0	0	0	0	0	0	0	0	0	0	0	0	
1335.954233	8	6	3	0	2	7	1	3153	-1349	33	80153	11	6	46	0	0	0	0	0	0	0	0	0	0	0	0	0	0	
1336.959367	8	6	3	0	2	7	1	3144	-1350	33	80213	11	6	48	0	0	0	0	0	0	0	0	0	0	0	0	0	0	
1337.964483	8	6	3	0	2	7	1	3136	-1350	33	80274	11	6	49	0	0	0	0	0	0	0	0	0	0	0	0	0	0	
1338.950883	8	6	3	0	2	7	1	3127	-1349	33	80333	11	6	51	0	0	0	0	0	0	0	0	0	0	0	0	0	0	
1339.956000	8	6	3	0	2	7	1	3118	-1348	33	80393	11	6	52	0	0	0	0	0	0	0	0	0	0	0	0	0	0	
1340.961117	8	6	3	0	2	7	1	3095	-1349	33	80453	11	6	54	0	0	0	0	0	0	0	0	0	0	0	0	0	0	
1341.947517	8	6	3	0	2	7	1	3086	-1350	33	80513	11	6	56	0	0	0	0	0	0	0	0	0	0	0	0	0	0	
1342.954083	8	6	3	0	2	7	1	3099	-1350	33	80573	11	6	57	0	0	0	0	0	0	0	0	0	0	0	0	0	0	
1343.959200	8	6	3	0	2	7	1	3085	-1349	33	80633	11	6	59	0	0	0	0	0	0	0	0	0	0	0	0	0	0	
1344.964317	8	6	3	0	2	7	1	3081	-1349	33	80694	11	6	61	0	0	0	0	0	0	0	0	0	0	0	0	0	0	
1345.950717	8	6	3	0	2	7	1	3075	-1351	33	80753	11	6	62	0	0	0	0	0	0	0	0	0	0	0	0	0	0	
1346.955833	8	6	3	0	2	7	1	3069	-1351	33	80813	11	6	64	0	0	0	0	0	0	0	0	0	0	0	0	0	0	
1347.960967	8	6	3	0	2	7	1	3062	-1351	33	80873	11	6	66	0	0	0	0	0	0	0	0	0	0	0	0	0	0	
1348.966083	8	6	3	0	2	7	1	3054	-1349	33	80934	11	6	67	0	0	0	0	0	0	0	0	0	0	0	0	0	0	
1349.952483	8	6	3	0	2	7	1	3047	-1350	33	80993	11	6	69	0	0	0	0	0	0	0	0	0	0	0	0	0	0	
1350.957600	8	6	3	0	2	7	1	3039	-1350	33	81053	11	6	71	0	0	0	0	0	0	0	0	0	0	0	0	0	0	
1351.964167	8	6	3	0	2	7	1	3034	-1350	33	81114	11	6	72	0	0	0	0	0	0	0	0	0	0	0	0	0	0	
1352.950567	8	6	3	0	2	7	1	3029	-1349	33	81173	11	6	74	0	0	0	0	0	0	0	0	0	0	0	0	0	0	
1353.955683	8	6	3	0	2	7	1	3020	-1349	33	81233	11	6	75	0	0	0	0	0	0	0	0	0	0	0	0	0	0	
1354.960800	8	6	3	0	2	7	1	3011	-1348	33	81293	11	6	77	0	0	0	0	0	0	0	0	0	0	0	0	0	0	
1355.965917	8	6	3	0	2	7	1	3000	-1350	33	81354	11	6	79	0	0	0	0	0	0	0	0	0	0	0	0	0	0	
1356.952317	8	6	3	0	2	7	1	2987	-1350	33	81413	11	6	80	0	0	0	0	0	0	0	0	0	0	0	0	0	0	
1357.957433	8	6	3	0	2	7	1	2970	-1350	33	81473	11	6	82	0	0	0	0	0	0	0	0	0	0	0	0	0	0	
1358.962567	8	6	3	0	2	7	1	2949	-1350	33	81533	11	6	84	0	0	0	0	0	0	0	0	0	0	0	0	0	0	
1359.948967	8	6	3	0	2	7	1	2922	-1350	33	81593	11	6	85	0	0	0	0	0	0	0	0	0	0	0	0	0	0	
1360.955517	8	6	3	0	2	7	1	2885	-1349	33	81653	11	6	87	0	0	0	0	0	0	0	0	0	0	0	0	0	0	
1361.960633	8	6	3	0	2	7	1	2825	-1351	33	81713	11	6	89	0	0	0	0	0	0	0	0	0	0	0	0	0	0	
1362.965767	8	6	3	0	2	7	1	2711	-1349	33	81774	11	6	90	0	0	0	0	0	0	0	0	0	0	0	0	0	0	
1363.104000	8	15	3	0	1	31	2	3481	409	33	81782	13	6	91	0	0	0	0	0	0	0	0	0	0	0	0	0	0	
1363.125600	8	3	3	0	1	2	2	3605	676	33	81783	13	6	91	0	0	0	0	0	0	0	0	0	0	0	0	0	0	
1363.955033	8	3	3	0	1	2	2	3770	675	33	81833	13	6	91	0	0	0	0	0	0	0	0	0	0	0	0	0	0	
1364.960167	8	3	3	0	1	2	2	3839	674	33	81893	13	6	91	0	0	0	0	0	0	0	0	0	0	0	0	0	0	
1365.966717	8	3	3	0	1	2	2	3888	674	33	81954	13	6	91	0	0	0	0	0	0	0	0	0	0	0	0	0	0	
1366.953117	8	3	3	0	1	2	2	3931	675	33	82013	13	6	91	0	0	0	0	0	0	0	0	0	0	0	0	0	0	
1367.958233	8	3	3	0	1	2	2	3961	674	33	82073	13	6	91	0	0	0	0	0	0	0	0	0	0	0	0	0	0	
1368.963367	8	3	3	0	1	2	2	3971	673	33	82133	13	6	91	0	0	0	0	0	0	0	0	0	0	0	0	0	0	
1369.968483	8	3	3	0	1	2	2	3984	674	33	82194	13	6	91	0	0	0	0	0	0	0	0	0	0	0	0	0	0	
1370.954883	8	3	3	0	1	2	2	3997	676	33	82253	13	6	91	0	0	0	0	0	0	0	0	0	0	0	0	0	0	
1371.960000	8	3	3	0	1	2	2	3998	675	33	82313	13	6	91	0	0	0	0	0	0	0	0	0	0	0	0	0	0	
1372.966567	8	3	3	0	1	2	2	4008	674	33	82374	13	6	91	0	0	0	0	0	0	0	0	0	0	0	0	0	0	
1373.951517	8	3	3	0	1	2	2	4012	674	33	82433	13	6	91	0	0	0	0	0	0	0	0	0	0	0	0	0	0	
1374.956633	8	3	3	0	1	2	2	4014	674	33	82493	13	6	91	0	0	0	0	0	0	0	0	0	0	0	0	0	0	
1375.963200	8	3	3	0	1	2	2	4020	675	33	82553	13	6	91	0	0	0	0	0	0	0	0	0	0	0	0	0	0	
1376.968317	8	3	3	0	1	2	2	4033	673	33	82614	13	6	91	0	0	0	0	0	0	0	0	0	0	0	0	0	0	
1377.954717	8	3	3	0	1	2	2	4036	674	33	82673	13	6	91	0	0	0	0	0	0	0	0	0	0	0	0	0	0	
1378.959833	8	3	3	0	1	2	2	4035	675	33	82733	13	6	91	0	0	0	0	0	0	0	0	0	0	0	0	0	0	
1379.964967	8	3	3	0	1	2	2	4036	675	33	82793	13	6	91	0	0	0	0	0	0	0	0	0	0	0	0	0	0	
1380.951367	8	3	3	0	1	2	2	4045	674	33	82853	13	6	91	0	0	0	0	0	0	0	0	0	0	0	0	0	0	
1381.956483	8	3	3	0	1	2	2	4066	673	33	82913	13	6	91	0	0	0	0	0	0	0	0	0	0	0	0	0	0	
1382.961600	8	3	3	0	1	2	2	4074	675	33	82973	13	6	91	0	0	0	0	0	0	0	0	0	0	0	0	0	0	
1383.968167	8	3	3	0	1	2	2	4079	675	33	83034	13	6	91	0	0	0	0	0	0	0	0	0	0	0	0	0	0	
1384.954567	8	3	3	0	1	2	2	4085	675	33	83093	13	6	91	0	0	0	0	0	0	0	0	0	0	0	0	0	0	
1385.959683	8	3	3	0	1	2	2	4090	674	33	83153	13	6	91	0	0	0	0	0	0	0	0	0	0	0	0	0	0	
1386.964800	8	3	3	0	1	2	2	4095	675	33	83213	13	6	91	0	0	0	0	0	0	0	0	0	0	0	0	0	0	
1387.969917	8	3	3	0	1	2	2	4099	674	33	83274	13	6	91	0	0	0	0	0	0	0	0	0	0	0	0	0	0	
1388.956317	8	3	3	0	1	2	2	4103	675	33	83333	13	6	91	0	0	0	0	0	0	0	0	0	0	0	0	0	0	
1389.961433	8	3	3	0	1	2	2	4106	674	33	83393	13	6	91	0	0	0	0	0	0	0	0	0	0	0	0	0	0	
1390.966567	8	3	3	0	1	2	2	4109	675	33	83454	13	6	91	0	0	0	0	0	0	0	0	0	0	0	0	0	0	
1391.952967	8	3	3	0	1	2	2	4111	674	33	83513	13	6	91	0	0	0	0	0	0	0	0	0	0	0	0	0	0	
1392.959517	8	3	3	0	1	2	2	4115	675	33	83573	13	6	91	0	0	0	0	0	0	0	0	0	0	0	0	0	0	
1393.964633	8	3	3	0	1	2	2	4117	675	33	83633	13	6	91	0	0	0	0	0	0	0	0	0	0	0	0	0	0	
1394.969767	8	3	3	0	1	2	2	4117	667	33	83694	13	6	91	0	0	0	0	0	0	0	0	0	0	0	0	0	0	
1395.956167	8	3	3	0	1	2	2	4119	666	33	83753	13	6	91	0	0	0	0	0	0	0	0	0	0	0	0	0	0	
1396.961283	8	3	3	0	1	2	2	4121	666	33	83813	13	6	91	0	0	0	0	0	0	0	0	0	0	0	0	0	0	
1397.966400	8	3	3	0	1	2	2	4122	664	33	83873	13	6	91	0	0	0	0	0	0	0	0	0	0	0	0	0	0	
1398.952800	8	3	3	0	1	2	2	4125	664	33	83933	13	6	91	0	0	0	0	0	0	0	0	0	0	0	0	0	0	
1399.957917	8	3	3	0	1	2	2	4127	663	33	83993	13	6	91	0	0	0	0	0	0	0	0	0	0	0	0	0	0	
1400.964483	8	3	3	0	1	2	2	4128	663	33	84053	13	6	91	0	0	0	0	0	0	0	0	0	0	0	0	0	0	
1401.969600	8	3	3	0	1	2	2	4131	662	33	84114	13	6	91	0	0	0	0	0	0	0	0	0	0	0	0	0	0	
1402.956000	8	3	3	0	1	2	2	4133	661	33	84173	13	6	91	0	0	0	0	0	0	0	0	0	0	0	0	0	0	
1403.961117	8	3	3	0	1	2	2	4135	661	33	84233	13	6	91	0	0	0	0	0	0	0	0	0	0	0	0	0	0	
1404.966233	8	3	3	0	1	2	2	4138	660	33	84293	13	6	91	0	0	0	0	0	0	0	0	0	0	0	0	0	0	
1405.971367	8	3	3	0	1	2	2	4140	660	33	84354	13	6	91	0	0	0	0	0	0	0	0	0	0	0	0	0	0	
1406.959200	8	3	3	0	1	2	2	4142	659	33	84413	13	6	91	0	0	0	0	0	0	0	0	0	0	0	0	0	0	
1407.964317	8	3	3	0	1	2	2	4145	659	33	84473	13	6	91	0	0	0	0	0	0	0	0	0	0	0	0	0	0	
1408.969433	8	3	3	0	1	2	2	4147	658	33	84534	13	6	91	0	0	0	0	0	0	0	0	0	0	0	0	0	0	
1409.955833	8	3	3	0	1	2	2	4150	658	33	84593	13	6	91	0	0	0	0	0	0	0	0	0	0	0	0	0	0	
1410.962400	8	3	3	0	1	2	2	4153	657	33	84653	13	6	91	0	0	0	0	0	0	0	0	0	0	0	0	0	0	
1411.967517	8	3	3	0	1	2	2	4155	656	33	84713	13	6	91	0	0	0	0	0	0	0	0	0	0	0	0	0	0	
1412.953917	8	3	3	0	1	2	2	4157	656	33	84773	13	6	91	0	0	0	0	0	0	0	0	0	0	0	0	0	0	
1413.959033	8	3	3	0	1	2	2	4160	653	33	84833	13	6	91	0	0	0	0	0	0	0	0	0	0	0	0	0	0	
1414.964167	8	3	3	0	1	2	2	4162	654	33	84893	13	6	91	0	0	0	0	0	0	0	0	0	0	0	0	0	0	
1415.969283	8	3	3	0	1	2	2	4165	653	33	84954	13	6	91	0	0	0	0	0	0	0	0	0	0	0	0	0	0	
1416.955683	8	3	3	0	1	2	2	4169	655	33	85013	13	6	91	0	0	0	0	0	0	0	0	0	0	0	0	0	0	
1417.960800	8	3	3	0	1	2	2	4171	653	33	85073	13	6	91	0	0	0	0	0	0	0	0	0	0	0	0	0	0	
1418.967367	8	3	3	0	1	2	2	4174	651	33	85133	13	6	91	0	0	0	0	0	0	0	0	0	0	0	0	0	0	
1419.972483	8	3	3	0	1	2	2	4178	652	33	85194	13	6	91	0	0	0	0	0	0	0	0	0	0	0	0	0	0	
1420.958883	8	3	3	0	1	2	2	4181	651	33	85253	13	6	91	0	0	0	0	0	0	0	0	0	0	0	0	0	0	
1421.964000	8	3	3	0	1	2	2	4184	649	33	85313	13	6	91	0	0	0	0	0	0	0	0	0	0	0	0	0	0	
1422.969117	8	3	3	0	1	2	2	4188	649	33	85374	13	6	91	0	0	0	0	0	0	0	0	0	0	0	0	0	0	
1423.955517	8	3	3	0	1	2	2	4191	649	33	85433	13	6	91	0	0	0	0	0	0	0	0	0	0	0	0	0	0	
1424.960633	8	3	3	0	1	2	2	4194	647	33	85493	13	6	91	0	0	0	0	0	0	0	0	0	0	0	0	0	0	
1425.965767	8	3	3	0	1	2	2	4198	648	33	85553	13	6	91	0	0	0	0	0	0	0	0	0	0	0	0	0	0	
1426.972317	8	3	3	0	1	2	2	4199	640	33	85614	13	6	91	0	0	0	0	0	0	0	0	0	0	0	0	0	0	
1427.960167	8	3	3	0	1	2	2	4198	628	33	85673	13	6	91	0	0	0	0	0	0	0	0	0	0	0	0	0	0	
1428.965283	8	3	3	0	1	2	2	4198	616	33	85733	13	6	91	0	0	0	0	0	0	0	0	0	0	0	0	0	0	
1429.970400	8	3	3	0	1	2	2	4199	604	33	85794	13	6	91	0	0	0	0	0	0	0	0	0	0	0	0	0	0	
1430.956800	8	3	3	0	1	2	2	4199	592	33	85853	13	6	91	0	0	0	0	0	0	0	0	0	0	0	0	0	0	
1431.963367	8	3	3	0	1	2	2	4199	580	33	85913	13	6	91	0	0	0	0	0	0	0	0	0	0	0	0	0	0	
1432.968483	8	3	3	0	1	2	2	4199	569	33	85973	13	6	91	0	0	0	0	0	0	0	0	0	0	0	0	0	0	
1433.973600	8	3	3	0	1	2	2	4199	562	33	86034	13	6	91	0	0	0	0	0	0	0	0	0	0	0	0	0	0	
1434.960000	8	3	3	0	1	2	2	4199	553	33	86093	13	6	91	0	0	0	0	0	0	0	0	0	0	0	0	0	0	
1435.965117	8	3	3	0	1	2	2	4199	543	33	86153	13	6	91	0	0	0	0	0	0	0	0	0	0	0	0	0	0	
1436.970233	8	3	3	0	1	2	2	4198	532	33	86214	13	6	91	0	0	0	0	0	0	0	0	0	0	0	0	0	0	
1437.956633	8	3	3	0	1	2	2	4198	524	33	86273	13	6	91	0	0	0	0	0	0	0	0	0	0	0	0	0	0	
1438.961767	8	3	3	0	1	2	2	4199	515	33	86333	13	6	91	0	0	0	0	0	0	0	0	0	0	0	0	0	0	
1439.968317	8	3	3	0	1	2	2	4198	506	33	86393	13	6	91	0	0	0	0	0	0	0	0	0	0	0	0	0	0	
1440.973433	8	3	3	0	1	2	2	4199	494	33	86454	13	6	91	0	0	0	0	0	0	0	0	0	0	0	0	0	0	
1441.959833	8	3	3	0	1	2	2	4198	483	33	86513	13	6	91	0	0	0	0	0	0	0	0	0	0	0	0	0	0	
1442.964967	8	3	3	0	1	2	2	4199	472	33	86573	13	6	91	0	0	0	0	0	0	0	0	0	0	0	0	0	0	
1443.970083	8	3	3	0	1	2	2	4199	459	33	86633	13	6	91	0	0	0	0	0	0	0	0	0	0	0	0	0	0	
1444.956483	8	3	3	0	1	2	2	4199	451	33	86693	13	6	91	0	0	0	0	0	0	0	0	0	0	0	0	0	0	
1445.961600	8	3	3	0	1	2	2	4199	442	33	86753	13	6	91	0	0	0	0	0	0	0	0	0	0	0	0	0	0	
1446.966717	8	3	3	0	1	2	2	4199	430	33	86813	13	6	91	0	0	0	0	0	0	0	0	0	0	0	0	0	0	
1447.971833	8	3	3	0	1	2	2	4198	423	33	86874	13	6	91	0	0	0	0	0	0	0	0	0	0	0	0	0	0	
1448.958233	8	3	3	0	1	2	2	4199	412	33	86933	13	6	91	0	0	0	0	0	0	0	0	0	0	0	0	0	0	
1449.964800	8	3	3	0	1	2	2	4199	405	33	86993	13	6	91	0	0	0	0	0	0	0	0	0	0	0	0	0	0	
1450.969917	8	3	3	0	1	2	2	4199	397	33	87053	13	6	91	0	0	0	0	0	0	0	0	0	0	0	0	0	0	
1451.975033	8	3	3	0	1	2	2	4199	392	33	87114	13	6	91	0	0	0	0	0	0	0	0	0	0	0	0	0	0	
1452.961433	8	3	3	0	1	2	2	4198	385	33	87173	13	6	91	0	0	0	0	0	0	0	0	0	0	0	0	0	0	
1453.966567	8	3	3	0	1	2	2	4199	379	33	87233	13	6	91	0	0	0	0	0	0	0	0	0	0	0	0	0	0	
1454.971683	8	3	3	0	1	2	2	4199	371	33	87294	13	6	91	0	0	0	0	0	0	0	0	0	0	0	0	0	0	
1455.958083	8	3	3	0	1	2	2	4198	364	33	87353	13	6	91	0	0	0	0	0	0	0	0	0	0	0	0	0	0	
1456.963200	8	3	3	0	1	2	2	4198	358	33	87413	13	6	91	0	0	0	0	0	0	0	0	0	0	0	0	0	0	
1457.968317	8	3	3	0	1	2	2	4199	349	33	87473	13	6	91	0	0	0	0	0	0	0	0	0	0	0	0	0	0	
1458.974883	8	3	3	0	1	2	2	4199	343	33	87534	13	6	91	0	0	0	0	0	0	0	0	0	0	0	0	0	0	
1459.961283	8	3	3	0	1	2	2	4198	336	33	87593	13	6	91	0	0	0	0	0	0	0	0	0	0	0	0	0	0	
1460.966400	8	3	3	0	1	2	2	4198	327	33	87653	13	6	91	0	0	0	0	0	0	0	0	0	0	0	0	0	0	
1461.971517	8	3	3	0	1	2	2	4199	320	33	87713	13	6	91	0	0	0	0	0	0	0	0	0	0	0	0	0	0	
1462.957917	8	3	3	0	1	2	2	4199	314	33	87773	13	6	91	0	0	0	0	0	0	0	0	0	0	0	0	0	0	
1463.963033	8	3	3	0	1	2	2	4198	307	33	87833	13	6	91	0	0	0	0	0	0	0	0	0	0	0	0	0	0	
1464.968167	8	3	3	0	1	2	2	4199	304	33	87893	13	6	91	0	0	0	0	0	0	0	0	0	0	0	0	0	0	
1465.973283	8	3	3	0	1	2	2	4199	299	33	87954	13	6	91	0	0	0	0	0	0	0	0	0	0	0	0	0	0	
1466.959683	8	3	3	0	1	2	2	4199	298	33	88013	13	6	91	0	0	0	0	0	0	0	0	0	0	0	0	0	0	
1467.966233	8	3	3	0	1	2	2	4199	291	33	88073	13	6	91	0	0	0	0	0	0	0	0	0	0	0	0	0	0	
1468.971367	8	3	3	0	1	2	2	4199	288	33	88133	13	6	91	0	0	0	0	0	0	0	0	0	0	0	0	0	0	
1469.957767	8	3	3	0	1	2	2	4199	283	33	88193	13	6	91	0	0	0	0	0	0	0	0	0	0	0	0	0	0	
1470.962883	8	3	3	0	1	2	2	4199	277	33	88253	13	6	91	0	0	0	0	0	0	0	0	0	0	0	0	0	0	
1471.968000	8	3	3	0	1	2	2	4199	271	33	88313	13	6	91	0	0	0	0	0	0	0	0	0	0	0	0	0	0	
1472.973117	8	3	3	0	1	2	2	4199	267	33	88374	13	6	91	0	0	0	0	0	0	0	0	0	0	0	0	0	0	
1473.959517	8	3	3	0	1	2	2	4199	263	33	88433	13	6	91	0	0	0	0	0	0	0	0	0	0	0	0	0	0	
1474.964633	8	3	3	0	1	2	2	4199	258	33	88493	13	6	91	0	0	0	0	0	0	0	0	0	0	0	0	0	0	
1475.971200	8	3	3	0	1	2	2	4199	253	33	88553	13	6	91	0	0	0	0	0	0	0	0	0	0	0	0	0	0	
1476.976317	8	3	3	0	1	2	2	4199	249	33	88614	13	6	91	0	0	0	0	0	0	0	0	0	0	0	0	0	0	
1477.962717	8	3	3	0	1	2	2	4199	244	33	88673	13	6	91	0	0	0	0	0	0	0	0	0	0	0	0	0	0	
1478.967833	8	3	3	0	1	2	2	4199	240	33	88733	13	6	91	0	0	0	0	0	0	0	0	0	0	0	0	0	0	
1479.972967	8	3	3	0	1	2	2	4199	235	33	88793	13	6	91	0	0	0	0	0	0	0	0	0	0	0	0	0	0	
1480.959367	8	3	3	0	1	2	2	4199	232	33	88853	13	6	91	0	0	0	0	0	0	0	0	0	0	0	0	0	0	
1481.964483	8	3	3	0	1	2	2	4199	228	33	88913	13	6	91	0	0	0	0	0	0	0	0	0	0	0	0	0	0	
1482.971033	8	3	3	0	1	2	2	4199	225	33	88973	13	6	91	0	0	0	0	0	0	0	0	0	0	0	0	0	0	
1483.976167	8	3	3	0	1	2	2	4198	221	33	89034	13	6	91	0	0	0	0	0	0	0	0	0	0	0	0	0	0	
1484.962567	8	3	3	0	1	2	2	4199	218	33	89093	13	6	91	0	0	0	0	0	0	0	0	0	0	0	0	0	0	
1485.967683	8	3	3	0	1	2	2	4199	214	33	89153	13	6	91	0	0	0	0	0	0	0	0	0	0	0	0	0	0	
1486.972800	8	3	3	0	1	2	2	4198	209	33	89213	13	6	91	0	0	0	0	0	0	0	0	0	0	0	0	0	0	
1487.959200	8	3	3	0	1	2	2	4199	205	33	89273	13	6	91	0	0	0	0	0	0	0	0	0	0	0	0	0	0	
1488.964317	8	3	3	0	1	2	2	4198	201	33	89333	13	6	91	0	0	0	0	0	0	0	0	0	0	0	0	0	0	
1489.969433	8	3	3	0	1	2	2	4199	197	33	89393	13	6	91	0	0	0	0	0	0	0	0	0	0	0	0	0	0	
1490.974567	8	3	3	0	1	2	2	4199	192	33	89454	13	6	91	0	0	0	0	0	0	0	0	0	0	0	0	0	0	
1491.960967	8	3	3	0	1	2	2	4199	188	33	89513	13	6	91	0	0	0	0	0	0	0	0	0	0	0	0	0	0	
1492.967517	8	3	3	0	1	2	2	4199	185	33	89573	13	6	91	0	0	0	0	0	0	0	0	0	0	0	0	0	0	
1493.972633	8	3	3	0	1	2	2	4198	183	33	89633	13	6	91	0	0	0	0	0	0	0	0	0	0	0	0	0	0	
1494.977767	8	3	3	0	1	2	2	4198	179	33	89694	13	6	91	0	0	0	0	0	0	0	0	0	0	0	0	0	0	
1495.964167	8	3	3	0	1	2	2	4199	174	33	89753	13	6	91	0	0	0	0	0	0	0	0	0	0	0	0	0	0	
1496.969283	8	3	3	0	1	2	2	4199	170	33	89813	13	6	91	0	0	0	0	0	0	0	0	0	0	0	0	0	0	
1497.974400	8	3	3	0	1	2	2	4199	167	33	89874	13	6	91	0	0	0	0	0	0	0	0	0	0	0	0	0	0	
1498.960800	8	3	3	0	1	2	2	4199	166	33	89933	13	6	91	0	0	0	0	0	0	0	0	0	0	0	0	0	0	
1499.965917	8	3	3	0	1	2	2	4199	162	33	89993	13	6	91	0	0	0	0	0	0	0	0	0	0	0	0	0	0	
1500.972483	8	3	3	0	1	2	2	4199	158	33	90053	13	6	91	0	0	0	0	0	0	0	0	0	0	0	0	0	0	
1501.977600	8	3	3	0	1	2	2	4198	155	33	90114	13	6	91	0	0	0	0	0	0	0	0	0	0	0	0	0	0	
1502.964000	8	3	3	0	1	2	2	4198	150	33	90173	13	6	91	0	0	0	0	0	0	0	0	0	0	0	0	0	0	
1503.969117	8	3	3	0	1	2	2	4199	148	33	90233	13	6	91	0	0	0	0	0	0	0	0	0	0	0	0	0	0	
1504.974233	8	3	3	0	1	2	2	4199	146	33	90293	13	6	91	0	0	0	0	0	0	0	0	0	0	0	0	0	0	
1505.960633	8	3	3	0	1	2	2	4198	144	33	90353	13	6	91	0	0	0	0	0	0	0	0	0	0	0	0	0	0	
1506.965767	8	3	3	0	1	2	2	4199	141	33	90413	13	6	91	0	0	0	0	0	0	0	0	0	0	0	0	0	0	
1507.976633	8	3	3	0	1	2	2	4199	140	33	90474	13	6	91	0	0	0	0	0	0	0	0	0	0	0	0	0	0	
1508.963033	8	3	3	0	1	2	2	4199	138	33	90533	13	6	91	0	0	0	0	0	0	0	0	0	0	0	0	0	0	
1509.968167	8	3	3	0	1	2	2	4198	135	33	90593	13	6	91	0	0	0	0	0	0	0	0	0	0	0	0	0	0	
1510.973283	8	3	3	0	1	2	2	4199	135	33	90653	13	6	91	0	0	0	0	0	0	0	0	0	0	0	0	0	0	
1511.979833	8	3	3	0	1	2	2	4199	131	33	90714	13	6	91	0	0	0	0	0	0	0	0	0	0	0	0	0	0	
1512.966233	8	3	3	0	1	2	2	4198	129	33	90773	13	6	91	0	0	0	0	0	0	0	0	0	0	0	0	0	0	
1513.971367	8	3	3	0	1	2	2	4199	127	33	90833	13	6	91	0	0	0	0	0	0	0	0	0	0	0	0	0	0	
1514.976483	8	3	3	0	1	2	2	4199	126	33	90894	13	6	91	0	0	0	0	0	0	0	0	0	0	0	0	0	0	
1515.962883	8	3	3	0	1	2	2	4199	125	33	90953	13	6	91	0	0	0	0	0	0	0	0	0	0	0	0	0	0	
1516.968000	8	3	3	0	1	2	2	4198	123	33	91013	13	6	91	0	0	0	0	0	0	0	0	0	0	0	0	0	0	
1517.978883	8	3	3	0	1	2	2	4199	121	33	91074	13	6	91	0	0	0	0	0	0	0	0	0	0	0	0	0	0	
1518.965283	8	3	3	0	1	2	2	4199	118	33	91133	13	6	91	0	0	0	0	0	0	0	0	0	0	0	0	0	0	
1519.970400	8	3	3	0	1	2	2	4198	117	33	91193	13	6	91	0	0	0	0	0	0	0	0	0	0	0	0	0	0	
1520.975517	8	3	3	0	1	2	2	4198	114	33	91253	13	6	91	0	0	0	0	0	0	0	0	0	0	0	0	0	0	
1521.961917	8	3	3	0	1	2	2	4199	112	33	91313	13	6	91	0	0	0	0	0	0	0	0	0	0	0	0	0	0	
1522.967033	8	3	3	0	1	2	2	4198	111	33	91373	13	6	91	0	0	0	0	0	0	0	0	0	0	0	0	0	0	
1523.972167	8	3	3	0	1	2	2	4198	109	33	91433	13	6	91	0	0	0	0	0	0	0	0	0	0	0	0	0	0	
1524.977283	8	3	3	0	1	2	2	4199	107	33	91494	13	6	91	0	0	0	0	0	0	0	0	0	0	0	0	0	0	
1525.965117	8	3	3	0	1	2	2	4198	106	33	91553	13	6	91	0	0	0	0	0	0	0	0	0	0	0	0	0	0	
1526.970233	8	3	3	0	1	2	2	4198	104	33	91613	13	6	91	0	0	0	0	0	0	0	0	0	0	0	0	0	0	
1527.975367	8	3	3	0	1	2	2	4198	102	33	91673	13	6	91	0	0	0	0	0	0	0	0	0	0	0	0	0	0	
1528.980483	8	3	3	0	1	2	2	4199	102	33	91734	13	6	91	0	0	0	0	0	0	0	0	0	0	0	0	0	0	
1529.966883	8	3	3	0	1	2	2	4198	101	33	91793	13	6	91	0	0	0	0	0	0	0	0	0	0	0	0	0	0	
1530.972000	8	3	3	0	1	2	2	4199	99	33	91853	13	6	91	0	0	0	0	0	0	0	0	0	0	0	0	0	0	
1531.977117	8	3	3	0	1	2	2	4198	97	33	91914	13	6	91	0	0	0	0	0	0	0	0	0	0	0	0	0	0	
1532.963517	8	3	3	0	1	2	2	4198	96	33	91973	13	6	91	0	0	0	0	0	0	0	0	0	0	0	0	0	0	
1533.970083	8	3	3	0	1	2	2	4199	95	33	92033	13	6	91	0	0	0	0	0	0	0	0	0	0	0	0	0	0	
1534.975200	8	3	3	0	1	2	2	4198	94	33	92093	13	6	91	0	0	0	0	0	0	0	0	0	0	0	0	0	0	
1535.980317	8	3	3	0	1	2	2	4198	92	33	92154	13	6	91	0	0	0	0	0	0	0	0	0	0	0	0	0	0	
1536.966717	8	3	3	0	1	2	2	4198	91	33	92213	13	6	91	0	0	0	0	0	0	0	0	0	0	0	0	0	0	
1537.971833	8	3	3	0	1	2	2	4198	88	33	92273	13	6	91	0	0	0	0	0	0	0	0	0	0	0	0	0	0	
1538.976967	8	3	3	0	1	2	2	4198	89	33	92333	13	6	91	0	0	0	0	0	0	0	0	0	0	0	0	0	0	
1539.963367	8	3	3	0	1	2	2	4199	87	33	92393	13	6	91	0	0	0	0	0	0	0	0	0	0	0	0	0	0	
1540.968483	8	3	3	0	1	2	2	4198	85	33	92453	13	6	91	0	0	0	0	0	0	0	0	0	0	0	0	0	0	
1541.973600	8	3	3	0	1	2	2	4198	84	33	92513	13	6	91	0	0	0	0	0	0	0	0	0	0	0	0	0	0	
1542.978717	8	3	3	0	1	2	2	4198	82	33	92574	13	6	91	0	0	0	0	0	0	0	0	0	0	0	0	0	0	
1543.966567	8	3	3	0	1	2	2	4198	80	33	92633	13	6	91	0	0	0	0	0	0	0	0	0	0	0	0	0	0	
1544.971683	8	3	3	0	1	2	2	4199	80	33	92693	13	6	91	0	0	0	0	0	0	0	0	0	0	0	0	0	0	
1545.976800	8	3	3	0	1	2	2	4199	79	33	92753	13	6	91	0	0	0	0	0	0	0	0	0	0	0	0	0	0	
1546.981917	8	3	3	0	1	2	2	4198	77	33	92814	13	6	91	0	0	0	0	0	0	0	0	0	0	0	0	0	0	
1547.968317	8	3	3	0	1	2	2	4199	77	33	92873	13	6	91	0	0	0	0	0	0	0	0	0	0	0	0	0	0	
1548.973433	8	3	3	0	1	2	2	4198	75	33	92933	13	6	91	0	0	0	0	0	0	0	0	0	0	0	0	0	0	
1549.978567	8	3	3	0	1	2	2	4198	74	33	92994	13	6	91	0	0	0	0	0	0	0	0	0	0	0	0	0	0	
1550.964967	8	3	3	0	1	2	2	4198	73	33	93053	13	6	91	0	0	0	0	0	0	0	0	0	0	0	0	0	0	
1551.970083	8	3	3	0	1	2	2	4198	71	33	93113	13	6	91	0	0	0	0	0	0	0	0	0	0	0	0	0	0	
1552.976633	8	3	3	0	1	2	2	4199	70	33	93173	13	6	91	0	0	0	0	0	0	0	0	0	0	0	0	0	0	
1553.981767	8	3	3	0	1	2	2	4199	68	33	93234	13	6	91	0	0	0	0	0	0	0	0	0	0	0	0	0	0	
1554.968167	8	3	3	0	1	2	2	4198	67	33	93293	13	6	91	0	0	0	0	0	0	0	0	0	0	0	0	0	0	
1555.407367	8	6	3	0	2	7	1	3395	-1348	33	93319	13	7	0	0	0	0	0	0	0	0	0	0	0	0	0	0	0	
1555.974717	8	6	3	0	2	7	1	3549	-1350	33	93353	13	7	0	0	0	0	0	0	0	0	0	0	0	0	0	0	0	
1556.979833	8	6	3	0	2	7	1	3518	-1349	33	93414	13	7	2	0	0	0	0	0	0	0	0	0	0	0	0	0	0	
1557.966233	8	6	3	0	2	7	1	3496	-1349	33	93473	13	7	4	0	0	0	0	0	0	0	0	0	0	0	0	0	0	
1558.972800	8	6	3	0	2	7	1	3482	-1349	33	93533	13	7	5	0	0	0	0	0	0	0	0	0	0	0	0	0	0	
1559.977917	8	6	3	0	2	7	1	3461	-1350	33	93593	13	7	7	0	0	0	0	0	0	0	0	0	0	0	0	0	0	
1560.983033	8	6	3	0	2	7	1	3445	-1350	33	93654	13	7	9	0	0	0	0	0	0	0	0	0	0	0	0	0	0	
1561.969433	8	6	3	0	2	7	1	3431	-1350	33	93713	13	7	10	0	0	0	0	0	0	0	0	0	0	0	0	0	0	
1562.974567	8	6	3	0	2	7	1	3416	-1349	33	93773	13	7	12	0	0	0	0	0	0	0	0	0	0	0	0	0	0	
1563.979683	8	6	3	0	2	7	1	3389	-1348	33	93834	13	7	14	0	0	0	0	0	0	0	0	0	0	0	0	0	0	
1564.966083	8	6	3	0	2	7	1	3362	-1350	33	93893	13	7	15	0	0	0	0	0	0	0	0	0	0	0	0	0	0	
1565.971200	8	6	3	0	2	7	1	3348	-1350	33	93953	13	7	17	0	0	0	0	0	0	0	0	0	0	0	0	0	0	
1566.977767	8	6	3	0	2	7	1	3338	-1350	33	94013	13	7	19	0	0	0	0	0	0	0	0	0	0	0	0	0	0	
1567.982883	8	6	3	0	2	7	1	3308	-1350	33	94074	13	7	20	0	0	0	0	0	0	0	0	0	0	0	0	0	0	
1568.969283	8	6	3	0	2	7	1	3308	-1350	33	94133	13	7	22	0	0	0	0	0	0	0	0	0	0	0	0	0	0	
1569.974400	8	6	3	0	2	7	1	3296	-1351	33	94193	13	7	23	0	0	0	0	0	0	0	0	0	0	0	0	0	0	
1570.979517	8	6	3	0	2	7	1	3285	-1350	33	94253	13	7	25	0	0	0	0	0	0	0	0	0	0	0	0	0	0	
1571.965917	8	6	3	0	2	7	1	3267	-1349	33	94313	13	7	27	0	0	0	0	0	0	0	0	0	0	0	0	0	0	
1572.971033	8	6	3	0	2	7	1	3244	-1350	33	94373	13	7	28	0	0	0	0	0	0	0	0	0	0	0	0	0	0	
1573.976167	8	6	3	0	2	7	1	3234	-1350	33	94433	13	7	30	0	0	0	0	0	0	0	0	0	0	0	0	0	0	
1574.981283	8	6	3	0	2	7	1	3225	-1349	33	94494	13	7	32	0	0	0	0	0	0	0	0	0	0	0	0	0	0	
1575.969117	8	6	3	0	2	7	1	3219	-1351	33	94553	13	7	33	0	0	0	0	0	0	0	0	0	0	0	0	0	0	
1576.974233	8	6	3	0	2	7	1	3209	-1349	33	94613	13	7	35	0	0	0	0	0	0	0	0	0	0	0	0	0	0	
1577.979367	8	6	3	0	2	7	1	3195	-1349	33	94673	13	7	37	0	0	0	0	0	0	0	0	0	0	0	0	0	0	
1578.984483	8	6	3	0	2	7	1	3182	-1349	33	94734	13	7	38	0	0	0	0	0	0	0	0	0	0	0	0	0	0	
1579.970883	8	6	3	0	2	7	1	3173	-1349	33	94793	13	7	40	0	0	0	0	0	0	0	0	0	0	0	0	0	0	
1580.976000	8	6	3	0	2	7	1	3162	-1350	33	94853	13	7	42	0	0	0	0	0	0	0	0	0	0	0	0	0	0	
1581.981117	8	6	3	0	2	7	1	3152	-1351	33	94914	13	7	43	0	0	0	0	0	0	0	0	0	0	0	0	0	0	
1582.967517	8	6	3	0	2	7	1	3142	-1349	33	94973	13	7	45	0	0	0	0	0	0	0	0	0	0	0	0	0	0	
1583.974083	8	6	3	0	2	7	1	3132	-1351	33	95033	13	7	47	0	0	0	0	0	0	0	0	0	0	0	0	0	0	
1584.979200	8	6	3	0	2	7	1	3126	-1350	33	95093	13	7	48	0	0	0	0	0	0	0	0	0	0	0	0	0	0	
1585.984317	8	6	3	0	2	7	1	3116	-1348	33	95154	13	7	50	0	0	0	0	0	0	0	0	0	0	0	0	0	0	
1586.970717	8	6	3	0	2	7	1	3109	-1350	33	95213	13	7	52	0	0	0	0	0	0	0	0	0	0	0	0	0	0	
1587.975833	8	6	3	0	2	7	1	3103	-1350	33	95273	13	7	53	0	0	0	0	0	0	0	0	0	0	0	0	0	0	
1588.980967	8	6	3	0	2	7	1	3093	-1349	33	95333	13	7	55	0	0	0	0	0	0	0	0	0	0	0	0	0	0	
1589.967367	8	6	3	0	2	7	1	3085	-1349	33	95393	13	7	57	0	0	0	0	0	0	0	0	0	0	0	0	0	0	
1590.972483	8	6	3	0	2	7	1	3080	-1347	33	95453	13	7	58	0	0	0	0	0	0	0	0	0	0	0	0	0	0	
1591.979033	8	6	3	0	2	7	1	3076	-1350	33	95513	13	7	60	0	0	0	0	0	0	0	0	0	0	0	0	0	0	
1592.984167	8	6	3	0	2	7	1	3072	-1348	33	95574	13	7	61	0	0	0	0	0	0	0	0	0	0	0	0	0	0	
1593.970567	8	6	3	0	2	7	1	3066	-1350	33	95633	13	7	63	0	0	0	0	0	0	0	0	0	0	0	0	0	0	
1594.975683	8	6	3	0	2	7	1	3062	-1350	33	95693	13	7	65	0	0	0	0	0	0	0	0	0	0	0	0	0	0	
1595.980800	8	6	3	0	2	7	1	3053	-1350	33	95753	13	7	66	0	0	0	0	0	0	0	0	0	0	0	0	0	0	
1596.985917	8	6	3	0	2	7	1	3048	-1348	33	95814	13	7	68	0	0	0	0	0	0	0	0	0	0	0	0	0	0	
1597.972317	8	6	3	0	2	7	1	3038	-1350	33	95873	13	7	70	0	0	0	0	0	0	0	0	0	0	0	0	0	0	
1598.977433	8	6	3	0	2	7	1	3031	-1349	33	95933	13	7	71	0	0	0	0	0	0	0	0	0	0	0	0	0	0	
1599.984000	8	6	3	0	2	7	1	3027	-1350	33	95994	13	7	73	0	0	0	0	0	0	0	0	0	0	0	0	0	0	
1600.970400	8	6	3	0	2	7	1	3016	-1350	33	96053	13	7	75	0	0	0	0	0	0	0	0	0	0	0	0	0	0	
1601.975517	8	6	3	0	2	7	1	3006	-1350	33	96113	13	7	76	0	0	0	0	0	0	0	0	0	0	0	0	0	0	
1602.980633	8	6	3	0	2	7	1	2995	-1349	33	96173	13	7	78	0	0	0	0	0	0	0	0	0	0	0	0	0	0	
1603.985767	8	6	3	0	2	7	1	2979	-1349	33	96234	13	7	80	0	0	0	0	0	0	0	0	0	0	0	0	0	0	
1604.972167	8	6	3	0	2	7	1	2961	-1350	33	96293	13	7	81	0	0	0	0	0	0	0	0	0	0	0	0	0	0	
1605.977283	8	6	3	0	2	7	1	2937	-1352	33	96353	13	7	83	0	0	0	0	0	0	0	0	0	0	0	0	0	0	
1606.982400	8	6	3	0	2	7	1	2909	-1350	33	96413	13	7	85	0	0	0	0	0	0	0	0	0	0	0	0	0	0	
1607.968800	8	6	3	0	2	7	1	2868	-1350	33	96473	13	7	86	0	0	0	0	0	0	0	0	0	0	0	0	0	0	
1608.973917	8	6	3	0	2	7	1	2800	-1348	33	96533	13	7	88	0	0	0	0	0	0	0	0	0	0	0	0	0	0	
1609.866717	8	15	3	0	1	31	2	3549	540	33	96586	15	7	89	0	0	0	0	0	0	0	0	0	0	0	0	0	0	
1609.886883	8	3	3	0	1	2	2	3632	676	33	96588	15	7	89	0	0	0	0	0	0	0	0	0	0	0	0	0	0	
1609.983367	8	3	3	0	1	2	2	3659	676	33	96593	15	7	89	0	0	0	0	0	0	0	0	0	0	0	0	0	0	
1610.969767	8	3	3	0	1	2	2	3790	675	33	96653	15	7	89	0	0	0	0	0	0	0	0	0	0	0	0	0	0	
1611.974883	8	3	3	0	1	2	2	3862	674	33	96713	15	7	89	0	0	0	0	0	0	0	0	0	0	0	0	0	0	
1612.980000	8	3	3	0	1	2	2	3915	674	33	96773	15	7	89	0	0	0	0	0	0	0	0	0	0	0	0	0	0	
1613.985117	8	3	3	0	1	2	2	3956	675	33	96834	15	7	89	0	0	0	0	0	0	0	0	0	0	0	0	0	0	
1614.971517	8	3	3	0	1	2	2	3983	675	33	96893	15	7	89	0	0	0	0	0	0	0	0	0	0	0	0	0	0	
1615.976633	8	3	3	0	1	2	2	3993	674	33	96953	15	7	89	0	0	0	0	0	0	0	0	0	0	0	0	0	0	
1616.983200	8	3	3	0	1	2	2	3999	675	33	97013	15	7	89	0	0	0	0	0	0	0	0	0	0	0	0	0	0	
1617.969600	8	3	3	0	1	2	2	4005	675	33	97073	15	7	89	0	0	0	0	0	0	0	0	0	0	0	0	0	0	
1618.974717	8	3	3	0	1	2	2	4012	674	33	97133	15	7	89	0	0	0	0	0	0	0	0	0	0	0	0	0	0	
1619.979833	8	3	3	0	1	2	2	4019	675	33	97193	15	7	89	0	0	0	0	0	0	0	0	0	0	0	0	0	0	
1620.984967	8	3	3	0	1	2	2	4025	675	33	97254	15	7	89	0	0	0	0	0	0	0	0	0	0	0	0	0	0	
1621.971367	8	3	3	0	1	2	2	4031	674	33	97313	15	7	89	0	0	0	0	0	0	0	0	0	0	0	0	0	0	
1622.976483	8	3	3	0	1	2	2	4038	674	33	97373	15	7	89	0	0	0	0	0	0	0	0	0	0	0	0	0	0	
1623.981600	8	3	3	0	1	2	2	4044	674	33	97433	15	7	89	0	0	0	0	0	0	0	0	0	0	0	0	0	0	
1624.988167	8	3	3	0	1	2	2	4049	674	33	97494	15	7	89	0	0	0	0	0	0	0	0	0	0	0	0	0	0	
1625.974567	8	3	3	0	1	2	2	4056	675	33	97553	15	7	89	0	0	0	0	0	0	0	0	0	0	0	0	0	0	
1626.979683	8	3	3	0	1	2	2	4062	675	33	97613	15	7	89	0	0	0	0	0	0	0	0	0	0	0	0	0	0	
1627.984800	8	3	3	0	1	2	2	4070	675	33	97673	15	7	89	0	0	0	0	0	0	0	0	0	0	0	0	0	0	
1628.971200	8	3	3	0	1	2	2	4076	674	33	97733	15	7	89	0	0	0	0	0	0	0	0	0	0	0	0	0	0	
1629.976317	8	3	3	0	1	2	2	4081	674	33	97793	15	7	89	0	0	0	0	0	0	0	0	0	0	0	0	0	0	
1630.981433	8	3	3	0	1	2	2	4087	675	33	97853	15	7	89	0	0	0	0	0	0	0	0	0	0	0	0	0	0	
1631.986567	8	3	3	0	1	2	2	4092	674	33	97914	15	7	89	0	0	0	0	0	0	0	0	0	0	0	0	0	0	
1632.972967	8	3	3	0	1	2	2	4097	675	33	97973	15	7	89	0	0	0	0	0	0	0	0	0	0	0	0	0	0	
1633.978083	8	3	3	0	1	2	2	4103	675	33	98033	15	7	89	0	0	0	0	0	0	0	0	0	0	0	0	0	0	
1634.983200	8	3	3	0	1	2	2	4106	674	33	98093	15	7	89	0	0	0	0	0	0	0	0	0	0	0	0	0	0	
1635.988317	8	3	3	0	1	2	2	4110	674	33	98154	15	7	89	0	0	0	0	0	0	0	0	0	0	0	0	0	0	
1636.976167	8	3	3	0	1	2	2	4113	674	33	98213	15	7	89	0	0	0	0	0	0	0	0	0	0	0	0	0	0	
1637.981283	8	3	3	0	1	2	2	4116	675	33	98273	15	7	89	0	0	0	0	0	0	0	0	0	0	0	0	0	0	
1638.986400	8	3	3	0	1	2	2	4118	669	33	98334	15	7	89	0	0	0	0	0	0	0	0	0	0	0	0	0	0	
1639.972800	8	3	3	0	1	2	2	4120	667	33	98393	15	7	89	0	0	0	0	0	0	0	0	0	0	0	0	0	0	
1640.977917	8	3	3	0	1	2	2	4122	666	33	98453	15	7	89	0	0	0	0	0	0	0	0	0	0	0	0	0	0	
1641.983033	8	3	3	0	1	2	2	4124	666	33	98513	15	7	89	0	0	0	0	0	0	0	0	0	0	0	0	0	0	
1642.988167	8	3	3	0	1	2	2	4126	666	33	98574	15	7	89	0	0	0	0	0	0	0	0	0	0	0	0	0	0	
1643.974567	8	3	3	0	1	2	2	4127	665	33	98633	15	7	89	0	0	0	0	0	0	0	0	0	0	0	0	0	0	
1644.979683	8	3	3	0	1	2	2	4130	664	33	98693	15	7	89	0	0	0	0	0	0	0	0	0	0	0	0	0	0	
1645.986233	8	3	3	0	1	2	2	4132	664	33	98754	15	7	89	0	0	0	0	0	0	0	0	0	0	0	0	0	0	
1646.974083	8	3	3	0	1	2	2	4134	663	33	98813	15	7	89	0	0	0	0	0	0	0	0	0	0	0	0	0	0	
1647.979200	8	3	3	0	1	2	2	4136	661	33	98873	15	7	89	0	0	0	0	0	0	0	0	0	0	0	0	0	0	
1648.984317	8	3	3	0	1	2	2	4138	661	33	98933	15	7	89	0	0	0	0	0	0	0	0	0	0	0	0	0	0	
1649.989433	8	3	3	0	1	2	2	4140	659	33	98994	15	7	89	0	0	0	0	0	0	0	0	0	0	0	0	0	0	
1650.975833	8	3	3	0	1	2	2	4142	656	33	99053	15	7	89	0	0	0	0	0	0	0	0	0	0	0	0	0	0	
1651.983833	8	3	3	0	1	2	2	4143	655	33	99113	15	7	89	0	0	0	0	0	0	0	0	0	0	0	0	0	0	
1652.988967	8	3	3	0	1	2	2	4145	652	33	99174	15	7	89	0	0	0	0	0	0	0	0	0	0	0	0	0	0	
1653.975367	8	3	3	0	1	2	2	4147	649	33	99233	15	7	89	0	0	0	0	0	0	0	0	0	0	0	0	0	0	
1654.980483	8	3	3	0	1	2	2	4150	649	33	99293	15	7	89	0	0	0	0	0	0	0	0	0	0	0	0	0	0	
1655.985600	8	3	3	0	1	2	2	4152	648	33	99353	15	7	89	0	0	0	0	0	0	0	0	0	0	0	0	0	0	
1656.972000	8	3	3	0	1	2	2	4154	646	33	99413	15	7	89	0	0	0	0	0	0	0	0	0	0	0	0	0	0	
1657.977117	8	3	3	0	1	2	2	4157	645	33	99473	15	7	89	0	0	0	0	0	0	0	0	0	0	0	0	0	0	
1658.982233	8	3	3	0	1	2	2	4159	644	33	99533	15	7	89	0	0	0	0	0	0	0	0	0	0	0	0	0	0	
1659.987367	8	3	3	0	1	2	2	4162	643	33	99594	15	7	89	0	0	0	0	0	0	0	0	0	0	0	0	0	0	
1660.973767	8	3	3	0	1	2	2	4164	642	33	99653	15	7	89	0	0	0	0	0	0	0	0	0	0	0	0	0	0	
1661.980317	8	3	3	0	1	2	2	4167	641	33	99713	15	7	89	0	0	0	0	0	0	0	0	0	0	0	0	0	0	
1662.985433	8	3	3	0	1	2	2	4169	639	33	99773	15	7	89	0	0	0	0	0	0	0	0	0	0	0	0	0	0	
1663.990567	8	3	3	0	1	2	2	4172	638	33	99834	15	7	89	0	0	0	0	0	0	0	0	0	0	0	0	0	0	
1664.976967	8	3	3	0	1	2	2	4175	637	33	99893	15	7	89	0	0	0	0	0	0	0	0	0	0	0	0	0	0	
1665.982083	8	3	3	0	1	2	2	4177	636	33	99953	15	7	89	0	0	0	0	0	0	0	0	0	0	0	0	0	0	
1666.987200	8	3	3	0	1	2	2	4180	634	33	100013	15	7	89	0	0	0	0	0	0	0	0	0	0	0	0	0	0	
1667.973600	8	3	3	0	1	2	2	4183	633	33	100073	15	7	89	0	0	0	0	0	0	0	0	0	0	0	0	0	0	
1668.978717	8	3	3	0	1	2	2	4187	633	33	100133	15	7	89	0	0	0	0	0	0	0	0	0	0	0	0	0	0	
1669.985283	8	3	3	0	1	2	2	4191	634	33	100193	15	7	89	0	0	0	0	0	0	0	0	0	0	0	0	0	0	
1670.990400	8	3	3	0	1	2	2	4194	632	33	100254	15	7	89	0	0	0	0	0	0	0	0	0	0	0	0	0	0	
1671.976800	8	3	3	0	1	2	2	4197	633	33	100313	15	7	89	0	0	0	0	0	0	0	0	0	0	0	0	0	0	
1672.981917	8	3	3	0	1	2	2	4199	627	33	100373	15	7	89	0	0	0	0	0	0	0	0	0	0	0	0	0	0	
1673.987033	8	3	3	0	1	2	2	4198	613	33	100433	15	7	89	0	0	0	0	0	0	0	0	0	0	0	0	0	0	
1674.973433	8	3	3	0	1	2	2	4199	600	33	100493	15	7	89	0	0	0	0	0	0	0	0	0	0	0	0	0	0	
1675.978567	8	3	3	0	1	2	2	4198	593	33	100553	15	7	89	0	0	0	0	0	0	0	0	0	0	0	0	0	0	
1676.983683	8	3	3	0	1	2	2	4199	584	33	100613	15	7	89	0	0	0	0	0	0	0	0	0	0	0	0	0	0	
1677.988800	8	3	3	0	1	2	2	4199	572	33	100674	15	7	89	0	0	0	0	0	0	0	0	0	0	0	0	0	0	
1678.975200	8	3	3	0	1	2	2	4199	561	33	100733	15	7	89	0	0	0	0	0	0	0	0	0	0	0	0	0	0	
1679.980317	8	3	3	0	1	2	2	4199	552	33	100793	15	7	89	0	0	0	0	0	0	0	0	0	0	0	0	0	0	
1680.985433	8	3	3	0	1	2	2	4199	543	33	100853	15	7	89	0	0	0	0	0	0	0	0	0	0	0	0	0	0	
1681.992000	8	3	3	0	1	2	2	4199	533	33	100914	15	7	89	0	0	0	0	0	0	0	0	0	0	0	0	0	0	
1682.978400	8	3	3	0	1	2	2	4198	524	33	100973	15	7	89	0	0	0	0	0	0	0	0	0	0	0	0	0	0	
1683.983517	8	3	3	0	1	2	2	4198	513	33	101033	15	7	89	0	0	0	0	0	0	0	0	0	0	0	0	0	0	
1684.988633	8	3	3	0	1	2	2	4199	503	33	101093	15	7	89	0	0	0	0	0	0	0	0	0	0	0	0	0	0	
1685.975033	8	3	3	0	1	2	2	4199	491	33	101153	15	7	89	0	0	0	0	0	0	0	0	0	0	0	0	0	0	
1686.981600	8	3	3	0	1	2	2	4199	480	33	101213	15	7	89	0	0	0	0	0	0	0	0	0	0	0	0	0	0	
1687.986717	8	3	3	0	1	2	2	4199	470	33	101273	15	7	89	0	0	0	0	0	0	0	0	0	0	0	0	0	0	
1688.991833	8	3	3	0	1	2	2	4199	464	33	101334	15	7	89	0	0	0	0	0	0	0	0	0	0	0	0	0	0	
1689.978233	8	3	3	0	1	2	2	4198	458	33	101393	15	7	89	0	0	0	0	0	0	0	0	0	0	0	0	0	0	
1690.983367	8	3	3	0	1	2	2	4199	452	33	101453	15	7	89	0	0	0	0	0	0	0	0	0	0	0	0	0	0	
1691.988483	8	3	3	0	1	2	2	4199	442	33	101513	15	7	89	0	0	0	0	0	0	0	0	0	0	0	0	0	0	
1692.974883	8	3	3	0	1	2	2	4199	433	33	101573	15	7	89	0	0	0	0	0	0	0	0	0	0	0	0	0	0	
1693.980000	8	3	3	0	1	2	2	4199	429	33	101633	15	7	89	0	0	0	0	0	0	0	0	0	0	0	0	0	0	
1694.985117	8	3	3	0	1	2	2	4199	425	33	101693	15	7	89	0	0	0	0	0	0	0	0	0	0	0	0	0	0	
1695.990233	8	3	3	0	1	2	2	4199	424	33	101754	15	7	89	0	0	0	0	0	0	0	0	0	0	0	0	0	0	
1696.976633	8	3	3	0	1	2	2	4199	419	33	101813	15	7	89	0	0	0	0	0	0	0	0	0	0	0	0	0	0	
1697.983200	8	3	3	0	1	2	2	4199	416	33	101873	15	7	89	0	0	0	0	0	0	0	0	0	0	0	0	0	0	
1698.988317	8	3	3	0	1	2	2	4199	406	33	101933	15	7	89	0	0	0	0	0	0	0	0	0	0	0	0	0	0	
1699.993433	8	3	3	0	1	2	2	4199	396	33	101994	15	7	89	0	0	0	0	0	0	0	0	0	0	0	0	0	0	
1700.979833	8	3	3	0	1	2	2	4199	388	33	102053	15	7	89	0	0	0	0	0	0	0	0	0	0	0	0	0	0	
1701.984967	8	3	3	0	1	2	2	4199	383	33	102113	15	7	89	0	0	0	0	0	0	0	0	0	0	0	0	0	0	
1702.990083	8	3	3	0	1	2	2	4199	375	33	102173	15	7	89	0	0	0	0	0	0	0	0	0	0	0	0	0	0	
1703.976483	8	3	3	0	1	2	2	4199	367	33	102233	15	7	89	0	0	0	0	0	0	0	0	0	0	0	0	0	0	
1704.981600	8	3	3	0	1	2	2	4199	359	33	102293	15	7	89	0	0	0	0	0	0	0	0	0	0	0	0	0	0	
1705.988167	8	3	3	0	1	2	2	4199	351	33	102353	15	7	89	0	0	0	0	0	0	0	0	0	0	0	0	0	0	
1706.993283	8	3	3	0	1	2	2	4199	347	33	102414	15	7	89	0	0	0	0	0	0	0	0	0	0	0	0	0	0	
1707.979683	8	3	3	0	1	2	2	4199	342	33	102473	15	7	89	0	0	0	0	0	0	0	0	0	0	0	0	0	0	
1708.984800	8	3	3	0	1	2	2	4199	336	33	102533	15	7	89	0	0	0	0	0	0	0	0	0	0	0	0	0	0	
1709.989917	8	3	3	0	1	2	2	4199	329	33	102593	15	7	89	0	0	0	0	0	0	0	0	0	0	0	0	0	0	
1710.976317	8	3	3	0	1	2	2	4199	322	33	102653	15	7	89	0	0	0	0	0	0	0	0	0	0	0	0	0	0	
1711.981433	8	3	3	0	1	2	2	4198	316	33	102713	15	7	89	0	0	0	0	0	0	0	0	0	0	0	0	0	0	
1712.986567	8	3	3	0	1	2	2	4199	311	33	102773	15	7	89	0	0	0	0	0	0	0	0	0	0	0	0	0	0	
1713.991683	8	3	3	0	1	2	2	4199	305	33	102834	15	7	89	0	0	0	0	0	0	0	0	0	0	0	0	0	0	
1714.978083	8	3	3	0	1	2	2	4199	299	33	102893	15	7	89	0	0	0	0	0	0	0	0	0	0	0	0	0	0	
1715.983200	8	3	3	0	1	2	2	4199	293	33	102953	15	7	89	0	0	0	0	0	0	0	0	0	0	0	0	0	0	
1716.989767	8	3	3	0	1	2	2	4199	289	33	103013	15	7	89	0	0	0	0	0	0	0	0	0	0	0	0	0	0	
1717.994883	8	3	3	0	1	2	2	4199	284	33	103074	15	7	89	0	0	0	0	0	0	0	0	0	0	0	0	0	0	
1718.981283	8	3	3	0	1	2	2	4199	278	33	103133	15	7	89	0	0	0	0	0	0	0	0	0	0	0	0	0	0	
1719.986400	8	3	3	0	1	2	2	4199	272	33	103193	15	7	89	0	0	0	0	0	0	0	0	0	0	0	0	0	0	
1720.991517	8	3	3	0	1	2	2	4199	265	33	103253	15	7	89	0	0	0	0	0	0	0	0	0	0	0	0	0	0	
1721.977917	8	3	3	0	1	2	2	4199	261	33	103313	15	7	89	0	0	0	0	0	0	0	0	0	0	0	0	0	0	
1722.983033	8	3	3	0	1	2	2	4199	254	33	103373	15	7	89	0	0	0	0	0	0	0	0	0	0	0	0	0	0	
1723.988167	8	3	3	0	1	2	2	4199	248	33	103433	15	7	89	0	0	0	0	0	0	0	0	0	0	0	0	0	0	
1724.993283	8	3	3	0	1	2	2	4198	242	33	103494	15	7	89	0	0	0	0	0	0	0	0	0	0	0	0	0	0	
1725.981117	8	3	3	0	1	2	2	4198	236	33	103553	15	7	89	0	0	0	0	0	0	0	0	0	0	0	0	0	0	
1726.986233	8	3	3	0	1	2	2	4199	231	33	103613	15	7	89	0	0	0	0	0	0	0	0	0	0	0	0	0	0	
1727.991367	8	3	3	0	1	2	2	4199	226	33	103673	15	7	89	0	0	0	0	0	0	0	0	0	0	0	0	0	0	
1728.996483	8	3	3	0	1	2	2	4199	223	33	103734	15	7	89	0	0	0	0	0	0	0	0	0	0	0	0	0	0	
1729.982883	8	3	3	0	1	2	2	4199	218	33	103793	15	7	89	0	0	0	0	0	0	0	0	0	0	0	0	0	0	
1730.988000	8	3	3	0	1	2	2	4199	214	33	103853	15	7	89	0	0	0	0	0	0	0	0	0	0	0	0	0	0	
1731.993117	8	3	3	0	1	2	2	4199	209	33	103914	15	7	89	0	0	0	0	0	0	0	0	0	0	0	0	0	0	
1732.979517	8	3	3	0	1	2	2	4199	205	33	103973	15	7	89	0	0	0	0	0	0	0	0	0	0	0	0	0	0	
1733.984633	8	3	3	0	1	2	2	4199	202	33	104033	15	7	89	0	0	0	0	0	0	0	0	0	0	0	0	0	0	
1734.989767	8	3	3	0	1	2	2	4199	199	33	104093	15	7	89	0	0	0	0	0	0	0	0	0	0	0	0	0	0	
1735.980483	8	3	3	0	1	2	2	4198	195	33	104153	15	7	89	0	0	0	0	0	0	0	0	0	0	0	0	0	0	
1736.985600	8	3	3	0	1	2	2	4198	192	33	104213	15	7	89	0	0	0	0	0	0	0	0	0	0	0	0	0	0	
1737.990717	8	3	3	0	1	2	2	4199	187	33	104273	15	7	89	0	0	0	0	0	0	0	0	0	0	0	0	0	0	
1738.995833	8	3	3	0	1	2	2	4199	184	33	104334	15	7	89	0	0	0	0	0	0	0	0	0	0	0	0	0	0	
1739.982233	8	3	3	0	1	2	2	4198	180	33	104393	15	7	89	0	0	0	0	0	0	0	0	0	0	0	0	0	0	
1740.987367	8	3	3	0	1	2	2	4199	177	33	104453	15	7	89	0	0	0	0	0	0	0	0	0	0	0	0	0	0	
1741.992483	8	3	3	0	1	2	2	4199	175	33	104513	15	7	89	0	0	0	0	0	0	0	0	0	0	0	0	0	0	
1742.978883	8	3	3	0	1	2	2	4199	172	33	104573	15	7	89	0	0	0	0	0	0	0	0	0	0	0	0	0	0	
1743.985433	8	3	3	0	1	2	2	4198	170	33	104633	15	7	89	0	0	0	0	0	0	0	0	0	0	0	0	0	0	
1744.990567	8	3	3	0	1	2	2	4198	167	33	104693	15	7	89	0	0	0	0	0	0	0	0	0	0	0	0	0	0	
1745.995683	8	3	3	0	1	2	2	4199	163	33	104754	15	7	89	0	0	0	0	0	0	0	0	0	0	0	0	0	0	
1746.982083	8	3	3	0	1	2	2	4199	161	33	104813	15	7	89	0	0	0	0	0	0	0	0	0	0	0	0	0	0	
1747.987200	8	3	3	0	1	2	2	4199	160	33	104873	15	7	89	0	0	0	0	0	0	0	0	0	0	0	0	0	0	
1748.992317	8	3	3	0	1	2	2	4199	156	33	104933	15	7	89	0	0	0	0	0	0	0	0	0	0	0	0	0	0	
1749.997433	8	3	3	0	1	2	2	4199	154	33	104994	15	7	89	0	0	0	0	0	0	0	0	0	0	0	0	0	0	
1750.983833	8	3	3	0	1	2	2	4199	151	33	105053	15	7	89	0	0	0	0	0	0	0	0	0	0	0	0	0	0	
1751.990400	8	3	3	0	1	2	2	4198	149	33	105113	15	7	89	0	0	0	0	0	0	0	0	0	0	0	0	0	0	
1752.979683	8	3	3	0	1	2	2	4199	146	33	105173	15	7	89	0	0	0	0	0	0	0	0	0	0	0	0	0	0	
1753.984800	8	3	3	0	1	2	2	4198	144	33	105233	15	7	89	0	0	0	0	0	0	0	0	0	0	0	0	0	0	
1754.989917	8	3	3	0	1	2	2	4198	142	33	105293	15	7	89	0	0	0	0	0	0	0	0	0	0	0	0	0	0	
1755.995033	8	3	3	0	1	2	2	4198	140	33	105354	15	7	89	0	0	0	0	0	0	0	0	0	0	0	0	0	0	
1756.981433	8	3	3	0	1	2	2	4199	137	33	105413	15	7	89	0	0	0	0	0	0	0	0	0	0	0	0	0	0	
1757.988000	8	3	3	0	1	2	2	4199	134	33	105473	15	7	89	0	0	0	0	0	0	0	0	0	0	0	0	0	0	
1758.993117	8	3	3	0	1	2	2	4199	133	33	105533	15	7	89	0	0	0	0	0	0	0	0	0	0	0	0	0	0	
1759.998233	8	3	3	0	1	2	2	4199	129	33	105594	15	7	89	0	0	0	0	0	0	0	0	0	0	0	0	0	0	
1760.984633	8	3	3	0	1	2	2	4199	127	33	105653	15	7	89	0	0	0	0	0	0	0	0	0	0	0	0	0	0	
1761.989767	8	3	3	0	1	2	2	4198	127	33	105713	15	7	89	0	0	0	0	0	0	0	0	0	0	0	0	0	0	
1762.994883	8	3	3	0	1	2	2	4199	124	33	105774	15	7	89	0	0	0	0	0	0	0	0	0	0	0	0	0	0	
1763.981283	8	3	3	0	1	2	2	4198	122	33	105833	15	7	89	0	0	0	0	0	0	0	0	0	0	0	0	0	0	
1764.986400	8	3	3	0	1	2	2	4198	120	33	105893	15	7	89	0	0	0	0	0	0	0	0	0	0	0	0	0	0	
1765.991517	8	3	3	0	1	2	2	4199	119	33	105953	15	7	89	0	0	0	0	0	0	0	0	0	0	0	0	0	0	
1766.998083	8	3	3	0	1	2	2	4198	117	33	106014	15	7	89	0	0	0	0	0	0	0	0	0	0	0	0	0	0	
1767.984483	8	3	3	0	1	2	2	4198	115	33	106073	15	7	89	0	0	0	0	0	0	0	0	0	0	0	0	0	0	
1768.989600	8	3	3	0	1	2	2	4198	113	33	106133	15	7	89	0	0	0	0	0	0	0	0	0	0	0	0	0	0	
1769.994717	8	3	3	0	1	2	2	4198	112	33	106193	15	7	89	0	0	0	0	0	0	0	0	0	0	0	0	0	0	
1770.981117	8	3	3	0	1	2	2	4198	110	33	106253	15	7	89	0	0	0	0	0	0	0	0	0	0	0	0	0	0	
1771.986233	8	3	3	0	1	2	2	4199	108	33	106313	15	7	89	0	0	0	0	0	0	0	0	0	0	0	0	0	0	
1772.991367	8	3	3	0	1	2	2	4198	106	33	106373	15	7	89	0	0	0	0	0	0	0	0	0	0	0	0	0	0	
1773.996483	8	3	3	0	1	2	2	4199	104	33	106434	15	7	89	0	0	0	0	0	0	0	0	0	0	0	0	0	0	
1774.984317	8	3	3	0	1	2	2	4198	102	33	106493	15	7	89	0	0	0	0	0	0	0	0	0	0	0	0	0	0	
1775.989433	8	3	3	0	1	2	2	4198	101	33	106553	15	7	89	0	0	0	0	0	0	0	0	0	0	0	0	0	0	
1776.994567	8	3	3	0	1	2	2	4198	99	33	106613	15	7	89	0	0	0	0	0	0	0	0	0	0	0	0	0	0	
1777.999683	8	3	3	0	1	2	2	4199	98	33	106674	15	7	89	0	0	0	0	0	0	0	0	0	0	0	0	0	0	
1778.986083	8	3	3	0	1	2	2	4199	96	33	106733	15	7	89	0	0	0	0	0	0	0	0	0	0	0	0	0	0	
1779.991200	8	3	3	0	1	2	2	4198	94	33	106793	15	7	89	0	0	0	0	0	0	0	0	0	0	0	0	0	0	
1780.996317	8	3	3	0	1	2	2	4199	93	33	106854	15	7	89	0	0	0	0	0	0	0	0	0	0	0	0	0	0	
1781.982717	8	3	3	0	1	2	2	4198	92	33	106913	15	7	89	0	0	0	0	0	0	0	0	0	0	0	0	0	0	
1782.989283	8	3	3	0	1	2	2	4198	90	33	106973	15	7	89	0	0	0	0	0	0	0	0	0	0	0	0	0	0	
1783.994400	8	3	3	0	1	2	2	4198	89	33	107033	15	7	89	0	0	0	0	0	0	0	0	0	0	0	0	0	0	
1784.999517	8	3	3	0	1	2	2	4198	87	33	107094	15	7	89	0	0	0	0	0	0	0	0	0	0	0	0	0	0	
1785.985917	8	3	3	0	1	2	2	4198	86	33	107153	15	7	89	0	0	0	0	0	0	0	0	0	0	0	0	0	0	
1786.991033	8	3	3	0	1	2	2	4199	84	33	107213	15	7	89	0	0	0	0	0	0	0	0	0	0	0	0	0	0	
1787.996167	8	3	3	0	1	2	2	4198	82	33	107273	15	7	89	0	0	0	0	0	0	0	0	0	0	0	0	0	0	
1788.982567	8	3	3	0	1	2	2	4198	82	33	107333	15	7	89	0	0	0	0	0	0	0	0	0	0	0	0	0	0	
1789.987683	8	3	3	0	1	2	2	4198	80	33	107393	15	7	89	0	0	0	0	0	0	0	0	0	0	0	0	0	0	
1790.992800	8	3	3	0	1	2	2	4199	78	33	107453	15	7	89	0	0	0	0	0	0	0	0	0	0	0	0	0	0	
1791.997917	8	3	3	0	1	2	2	4198	78	33	107514	15	7	89	0	0	0	0	0	0	0	0	0	0	0	0	0	0	
1792.984317	8	3	3	0	1	2	2	4199	76	33	107573	15	7	89	0	0	0	0	0	0	0	0	0	0	0	0	0	0	
1793.990883	8	3	3	0	1	2	2	4198	74	33	107633	15	7	89	0	0	0	0	0	0	0	0	0	0	0	0	0	0	
1794.996000	8	3	3	0	1	2	2	4198	74	33	107693	15	7	89	0	0	0	0	0	0	0	0	0	0	0	0	0	0	
1796.001117	8	3	3	0	1	2	2	4198	72	33	107754	15	7	89	0	0	0	0	0	0	0	0	0	0	0	0	0	0	
1796.987517	8	3	3	0	1	2	2	4198	71	33	107813	15	7	89	0	0	0	0	0	0	0	0	0	0	0	0	0	0	
1797.992633	8	3	3	0	1	2	2	4198	70	33	107873	15	7	89	0	0	0	0	0	0	0	0	0	0	0	0	0	0	
1798.997767	8	3	3	0	1	2	2	4198	69	33	107933	15	7	89	0	0	0	0	0	0	0	0	0	0	0	0	0	0	
1799.984167	8	3	3	0	1	2	2	4198	68	33	107993	15	7	89	0	0	0	0	0	0	0	0	0	0	0	0	0	0	
1800.989283	8	3	3	0	1	2	2	4199	67	33	108053	15	7	89	0	0	0	0	0	0	0	0	0	0	0	0	0	0	
1801.015200	8	6	3	0	2	7	1	3468	-1351	33	108055	15	8	0	0	0	0	0	0	0	0	0	0	0	0	0	0	0	
1801.997283	8	6	3	0	2	7	1	3576	-1350	33	108113	15	8	1	0	0	0	0	0	0	0	0	0	0	0	0	0	0	
1803.002400	8	6	3	0	2	7	1	3547	-1351	33	108174	15	8	3	0	0	0	0	0	0	0	0	0	0	0	0	0	0	
1803.988800	8	6	3	0	2	7	1	3525	-1348	33	108233	15	8	4	0	0	0	0	0	0	0	0	0	0	0	0	0	0	
1804.993917	8	6	3	0	2	7	1	3511	-1350	33	108293	15	8	6	0	0	0	0	0	0	0	0	0	0	0	0	0	0	
1805.999033	8	6	3	0	2	7	1	3496	-1350	33	108354	15	8	8	0	0	0	0	0	0	0	0	0	0	0	0	0	0	
1806.985433	8	6	3	0	2	7	1	3479	-1349	33	108413	15	8	9	0	0	0	0	0	0	0	0	0	0	0	0	0	0	
1807.990567	8	6	3	0	2	7	1	3461	-1349	33	108473	15	8	11	0	0	0	0	0	0	0	0	0	0	0	0	0	0	
1808.995683	8	6	3	0	2	7	1	3447	-1350	33	108533	15	8	13	0	0	0	0	0	0	0	0	0	0	0	0	0	0	
1810.000800	8	6	3	0	2	7	1	3433	-1349	33	108594	15	8	14	0	0	0	0	0	0	0	0	0	0	0	0	0	0	
1810.987200	8	6	3	0	2	7	1	3419	-1349	33	108653	15	8	16	0	0	0	0	0	0	0	0	0	0	0	0	0	0	
1811.993767	8	6	3	0	2	7	1	3406	-1350	33	108713	15	8	18	0	0	0	0	0	0	0	0	0	0	0	0	0	0	
1812.998883	8	6	3	0	2	7	1	3393	-1351	33	108773	15	8	19	0	0	0	0	0	0	0	0	0	0	0	0	0	0	
1813.985283	8	6	3	0	2	7	1	3381	-1349	33	108833	15	8	21	0	0	0	0	0	0	0	0	0	0	0	0	0	0	
1814.990400	8	6	3	0	2	7	1	3369	-1349	33	108893	15	8	23	0	0	0	0	0	0	0	0	0	0	0	0	0	0	
1815.995517	8	6	3	0	2	7	1	3358	-1350	33	108953	15	8	24	0	0	0	0	0	0	0	0	0	0	0	0	0	0	
1817.000633	8	6	3	0	2	7	1	3346	-1351	33	109014	15	8	26	0	0	0	0	0	0	0	0	0	0	0	0	0	0	
1817.987033	8	6	3	0	2	7	1	3335	-1349	33	109073	15	8	28	0	0	0	0	0	0	0	0	0	0	0	0	0	0	
1818.992167	8	6	3	0	2	7	1	3325	-1350	33	109133	15	8	29	0	0	0	0	0	0	0	0	0	0	0	0	0	0	
1819.997283	8	6	3	0	2	7	1	3314	-1349	33	109193	15	8	31	0	0	0	0	0	0	0	0	0	0	0	0	0	0	
1821.002400	8	6	3	0	2	7	1	3303	-1350	33	109254	15	8	32	0	0	0	0	0	0	0	0	0	0	0	0	0	0	
1821.990233	8	6	3	0	2	7	1	3294	-1350	33	109313	15	8	34	0	0	0	0	0	0	0	0	0	0	0	0	0	0	
1822.995367	8	6	3	0	2	7	1	3285	-1349	33	109373	15	8	36	0	0	0	0	0	0	0	0	0	0	0	0	0	0	
1824.000483	8	6	3	0	2	7	1	3276	-1349	33	109434	15	8	37	0	0	0	0	0	0	0	0	0	0	0	0	0	0	
1824.986883	8	6	3	0	2	7	1	3267	-1350	33	109493	15	8	39	0	0	0	0	0	0	0	0	0	0	0	0	0	0	
1825.992000	8	6	3	0	2	7	1	3258	-1350	33	109553	15	8	41	0	0	0	0	0	0	0	0	0	0	0	0	0	0	
1826.997117	8	6	3	0	2	7	1	3250	-1350	33	109613	15	8	42	0	0	0	0	0	0	0	0	0	0	0	0	0	0	
1828.002233	8	6	3	0	2	7	1	3241	-1351	33	109674	15	8	44	0	0	0	0	0	0	0	0	0	0	0	0	0	0	
1828.988633	8	6	3	0	2	7	1	3234	-1349	33	109733	15	8	46	0	0	0	0	0	0	0	0	0	0	0	0	0	0	
1829.993767	8	6	3	0	2	7	1	3226	-1349	33	109793	15	8	47	0	0	0	0	0	0	0	0	0	0	0	0	0	0	
1830.998883	8	6	3	0	2	7	1	3219	-1350	33	109853	15	8	49	0	0	0	0	0	0	0	0	0	0	0	0	0	0	
1831.985283	8	6	3	0	2	7	1	3212	-1349	33	109913	15	8	51	0	0	0	0	0	0	0	0	0	0	0	0	0	0	
1832.991833	8	6	3	0	2	7	1	3205	-1348	33	109973	15	8	52	0	0	0	0	0	0	0	0	0	0	0	0	0	0	
1833.996967	8	6	3	0	2	7	1	3199	-1349	33	110033	15	8	54	0	0	0	0	0	0	0	0	0	0	0	0	0	0	
1835.002083	8	6	3	0	2	7	1	3192	-1350	33	110094	15	8	56	0	0	0	0	0	0	0	0	0	0	0	0	0	0	
1835.988483	8	6	3	0	2	7	1	3186	-1350	33	110153	15	8	57	0	0	0	0	0	0	0	0	0	0	0	0	0	0	
1836.993600	8	6	3	0	2	7	1	3180	-1349	33	110213	15	8	59	0	0	0	0	0	0	0	0	0	0	0	0	0	0	
1837.998717	8	6	3	0	2	7	1	3174	-1350	33	110273	15	8	61	0	0	0	0	0	0	0	0	0	0	0	0	0	0	
1839.003833	8	6	3	0	2	7	1	3169	-1349	33	110334	15	8	62	0	0	0	0	0	0	0	0	0	0	0	0	0	0	
1839.990233	8	6	3	0	2	7	1	3163	-1349	33	110393	15	8	64	0	0	0	0	0	0	0	0	0	0	0	0	0	0	
1840.996800	8	6	3	0	2	7	1	3157	-1353	33	110453	15	8	66	0	0	0	0	0	0	0	0	0	0	0	0	0	0	
1842.001917	8	6	3	0	2	7	1	3151	-1349	33	110514	15	8	67	0	0	0	0	0	0	0	0	0	0	0	0	0	0	
1842.988317	8	6	3	0	2	7	1	3144	-1350	33	110573	15	8	69	0	0	0	0	0	0	0	0	0	0	0	0	0	0	
1843.993433	8	6	3	0	2	7	1	3137	-1352	33	110633	15	8	70	0	0	0	0	0	0	0	0	0	0	0	0	0	0	
1844.998567	8	6	3	0	2	7	1	3125	-1350	33	110693	15	8	72	0	0	0	0	0	0	0	0	0	0	0	0	0	0	
1846.003683	8	6	3	0	2	7	1	3119	-1349	33	110754	15	8	74	0	0	0	0	0	0	0	0	0	0	0	0	0	0	
1846.990083	8	6	3	0	2	7	1	3110	-1350	33	110813	15	8	75	0	0	0	0	0	0	0	0	0	0	0	0	0	0	
1847.995200	8	6	3	0	2	7	1	3100	-1349	33	110873	15	8	77	0	0	0	0	0	0	0	0	0	0	0	0	0	0	
1849.000317	8	6	3	0	2	7	1	3086	-1349	33	110933	15	8	79	0	0	0	0	0	0	0	0	0	0	0	0	0	0	
1849.986717	8	6	3	0	2	7	1	3070	-1350	33	110993	15	8	80	0	0	0	0	0	0	0	0	0	0	0	0	0	0	
1850.993283	8	6	3	0	2	7	1	3050	-1351	33	111053	15	8	82	0	0	0	0	0	0	0	0	0	0	0	0	0	0	
1851.998400	8	6	3	0	2	7	1	3024	-1349	33	111113	15	8	84	0	0	0	0	0	0	0	0	0	0	0	0	0	0	
1853.003517	8	6	3	0	2	7	1	2987	-1350	33	111174	15	8	85	0	0	0	0	0	0	0	0	0	0	0	0	0	0	
1853.989917	8	6	3	0	2	7	1	2934	-1349	33	111233	15	8	87	0	0	0	0	0	0	0	0	0	0	0	0	0	0	
1854.995033	8	6	3	0	2	7	1	2833	-1350	33	111293	15	8	89	0	0	0	0	0	0	0	0	0	0	0	0	0	0	
1855.774083	8	15	3	0	1	31	2	3399	450	33	111340	17	8	90	0	0	0	0	0	0	0	0	0	0	0	0	0	0	
1855.795683	8	3	3	0	1	2	2	3499	676	33	111341	17	8	90	0	0	0	0	0	0	0	0	0	0	0	0	0	0	
1856.004483	8	3	3	0	1	2	2	3569	675	33	111354	17	8	90	0	0	0	0	0	0	0	0	0	0	0	0	0	0	
1856.990883	8	3	3	0	1	2	2	3723	674	33	111413	17	8	90	0	0	0	0	0	0	0	0	0	0	0	0	0	0	
1857.996000	8	3	3	0	1	2	2	3801	675	33	111473	17	8	90	0	0	0	0	0	0	0	0	0	0	0	0	0	0	
1859.001117	8	3	3	0	1	2	2	3858	674	33	111533	17	8	90	0	0	0	0	0	0	0	0	0	0	0	0	0	0	
1860.006233	8	3	3	0	1	2	2	3902	674	33	111594	17	8	90	0	0	0	0	0	0	0	0	0	0	0	0	0	0	
1860.992633	8	3	3	0	1	2	2	3935	674	33	111653	17	8	90	0	0	0	0	0	0	0	0	0	0	0	0	0	0	
1861.999200	8	3	3	0	1	2	2	3958	675	33	111713	17	8	90	0	0	0	0	0	0	0	0	0	0	0	0	0	0	
1863.004317	8	3	3	0	1	2	2	3969	675	33	111774	17	8	90	0	0	0	0	0	0	0	0	0	0	0	0	0	0	
1863.990717	8	3	3	0	1	2	2	3977	673	33	111833	17	8	90	0	0	0	0	0	0	0	0	0	0	0	0	0	0	
1864.997283	8	3	3	0	1	2	2	3985	674	33	111893	17	8	90	0	0	0	0	0	0	0	0	0	0	0	0	0	0	
1866.002400	8	3	3	0	1	2	2	3992	674	33	111953	17	8	90	0	0	0	0	0	0	0	0	0	0	0	0	0	0	
1866.988800	8	3	3	0	1	2	2	3999	675	33	112013	17	8	90	0	0	0	0	0	0	0	0	0	0	0	0	0	0	
1867.993917	8	3	3	0	1	2	2	4004	675	33	112073	17	8	90	0	0	0	0	0	0	0	0	0	0	0	0	0	0	
1868.999033	8	3	3	0	1	2	2	4010	675	33	112133	17	8	90	0	0	0	0	0	0	0	0	0	0	0	0	0	0	
1870.004167	8	3	3	0	1	2	2	4016	675	33	112194	17	8	90	0	0	0	0	0	0	0	0	0	0	0	0	0	0	
1870.990567	8	3	3	0	1	2	2	4022	674	33	112253	17	8	90	0	0	0	0	0	0	0	0	0	0	0	0	0	0	
1871.995683	8	3	3	0	1	2	2	4029	674	33	112313	17	8	90	0	0	0	0	0	0	0	0	0	0	0	0	0	0	
1873.000800	8	3	3	0	1	2	2	4035	674	33	112373	17	8	90	0	0	0	0	0	0	0	0	0	0	0	0	0	0	
1874.007367	8	3	3	0	1	2	2	4042	675	33	112434	17	8	90	0	0	0	0	0	0	0	0	0	0	0	0	0	0	
1874.993767	8	3	3	0	1	2	2	4048	676	33	112493	17	8	90	0	0	0	0	0	0	0	0	0	0	0	0	0	0	
1875.998883	8	3	3	0	1	2	2	4054	675	33	112553	17	8	90	0	0	0	0	0	0	0	0	0	0	0	0	0	0	
1877.004000	8	3	3	0	1	2	2	4059	674	33	112613	17	8	90	0	0	0	0	0	0	0	0	0	0	0	0	0	0	
1877.990400	8	3	3	0	1	2	2	4064	674	33	112673	17	8	90	0	0	0	0	0	0	0	0	0	0	0	0	0	0	
1878.995517	8	3	3	0	1	2	2	4070	675	33	112733	17	8	90	0	0	0	0	0	0	0	0	0	0	0	0	0	0	
1880.000633	8	3	3	0	1	2	2	4075	675	33	112793	17	8	90	0	0	0	0	0	0	0	0	0	0	0	0	0	0	
1881.005767	8	3	3	0	1	2	2	4079	674	33	112854	17	8	90	0	0	0	0	0	0	0	0	0	0	0	0	0	0	
1881.992167	8	3	3	0	1	2	2	4083	674	33	112913	17	8	90	0	0	0	0	0	0	0	0	0	0	0	0	0	0	
1882.997283	8	3	3	0	1	2	2	4087	674	33	112973	17	8	90	0	0	0	0	0	0	0	0	0	0	0	0	0	0	
1884.002400	8	3	3	0	1	2	2	4090	675	33	113033	17	8	90	0	0	0	0	0	0	0	0	0	0	0	0	0	0	
1885.008967	8	3	3	0	1	2	2	4093	674	33	113094	17	8	90	0	0	0	0	0	0	0	0	0	0	0	0	0	0	
1885.995367	8	3	3	0	1	2	2	4095	675	33	113153	17	8	90	0	0	0	0	0	0	0	0	0	0	0	0	0	0	
1887.000483	8	3	3	0	1	2	2	4098	674	33	113213	17	8	90	0	0	0	0	0	0	0	0	0	0	0	0	0	0	
1888.005600	8	3	3	0	1	2	2	4100	674	33	113274	17	8	90	0	0	0	0	0	0	0	0	0	0	0	0	0	0	
1888.992000	8	3	3	0	1	2	2	4103	674	33	113333	17	8	90	0	0	0	0	0	0	0	0	0	0	0	0	0	0	
1889.997117	8	3	3	0	1	2	2	4105	675	33	113393	17	8	90	0	0	0	0	0	0	0	0	0	0	0	0	0	0	
1891.002233	8	3	3	0	1	2	2	4108	674	33	113453	17	8	90	0	0	0	0	0	0	0	0	0	0	0	0	0	0	
1892.007367	8	3	3	0	1	2	2	4111	675	33	113514	17	8	90	0	0	0	0	0	0	0	0	0	0	0	0	0	0	
1892.993767	8	3	3	0	1	2	2	4113	675	33	113573	17	8	90	0	0	0	0	0	0	0	0	0	0	0	0	0	0	
1893.998883	8	3	3	0	1	2	2	4115	674	33	113633	17	8	90	0	0	0	0	0	0	0	0	0	0	0	0	0	0	
1895.004000	8	3	3	0	1	2	2	4118	675	33	113693	17	8	90	0	0	0	0	0	0	0	0	0	0	0	0	0	0	
1895.993283	8	3	3	0	1	2	2	4118	669	33	113753	17	8	90	0	0	0	0	0	0	0	0	0	0	0	0	0	0	
1896.998400	8	3	3	0	1	2	2	4121	668	33	113813	17	8	90	0	0	0	0	0	0	0	0	0	0	0	0	0	0	
1898.003517	8	3	3	0	1	2	2	4123	667	33	113873	17	8	90	0	0	0	0	0	0	0	0	0	0	0	0	0	0	
1899.008633	8	3	3	0	1	2	2	4126	666	33	113934	17	8	90	0	0	0	0	0	0	0	0	0	0	0	0	0	0	
1899.995033	8	3	3	0	1	2	2	4128	666	33	113993	17	8	90	0	0	0	0	0	0	0	0	0	0	0	0	0	0	
1901.000167	8	3	3	0	1	2	2	4131	666	33	114053	17	8	90	0	0	0	0	0	0	0	0	0	0	0	0	0	0	
1902.005283	8	3	3	0	1	2	2	4134	666	33	114113	17	8	90	0	0	0	0	0	0	0	0	0	0	0	0	0	0	
1902.991683	8	3	3	0	1	2	2	4137	666	33	114173	17	8	90	0	0	0	0	0	0	0	0	0	0	0	0	0	0	
1903.996800	8	3	3	0	1	2	2	4140	665	33	114233	17	8	90	0	0	0	0	0	0	0	0	0	0	0	0	0	0	
1905.003367	8	3	3	0	1	2	2	4143	666	33	114293	17	8	90	0	0	0	0	0	0	0	0	0	0	0	0	0	0	
1906.008483	8	3	3	0	1	2	2	4146	666	33	114354	17	8	90	0	0	0	0	0	0	0	0	0	0	0	0	0	0	
1906.994883	8	3	3	0	1	2	2	4149	665	33	114413	17	8	90	0	0	0	0	0	0	0	0	0	0	0	0	0	0	
1908.000000	8	3	3	0	1	2	2	4152	665	33	114473	17	8	90	0	0	0	0	0	0	0	0	0	0	0	0	0	0	
1909.005117	8	3	3	0	1	2	2	4155	664	33	114533	17	8	90	0	0	0	0	0	0	0	0	0	0	0	0	0	0	
1909.991517	8	3	3	0	1	2	2	4159	665	33	114593	17	8	90	0	0	0	0	0	0	0	0	0	0	0	0	0	0	
1910.996633	8	3	3	0	1	2	2	4162	665	33	114653	17	8	90	0	0	0	0	0	0	0	0	0	0	0	0	0	0	
1912.001767	8	3	3	0	1	2	2	4165	665	33	114713	17	8	90	0	0	0	0	0	0	0	0	0	0	0	0	0	0	
1913.008317	8	3	3	0	1	2	2	4169	664	33	114774	17	8	90	0	0	0	0	0	0	0	0	0	0	0	0	0	0	
1913.994717	8	3	3	0	1	2	2	4172	664	33	114833	17	8	90	0	0	0	0	0	0	0	0	0	0	0	0	0	0	
1914.999833	8	3	3	0	1	2	2	4176	663	33	114893	17	8	90	0	0	0	0	0	0	0	0	0	0	0	0	0	0	
1916.004967	8	3	3	0	1	2	2	4180	664	33	114953	17	8	90	0	0	0	0	0	0	0	0	0	0	0	0	0	0	
1917.010083	8	3	3	0	1	2	2	4183	663	33	115014	17	8	90	0	0	0	0	0	0	0	0	0	0	0	0	0	0	
1917.996483	8	3	3	0	1	2	2	4187	663	33	115073	17	8	90	0	0	0	0	0	0	0	0	0	0	0	0	0	0	
1919.001600	8	3	3	0	1	2	2	4191	663	33	115133	17	8	90	0	0	0	0	0	0	0	0	0	0	0	0	0	0	
1920.006717	8	3	3	0	1	2	2	4195	662	33	115194	17	8	90	0	0	0	0	0	0	0	0	0	0	0	0	0	0	
1920.994567	8	3	3	0	1	2	2	4199	661	33	115253	17	8	90	0	0	0	0	0	0	0	0	0	0	0	0	0	0	
1921.999683	8	3	3	0	1	2	2	4199	653	33	115313	17	8	90	0	0	0	0	0	0	0	0	0	0	0	0	0	0	
1923.004800	8	3	3	0	1	2	2	4199	642	33	115373	17	8	90	0	0	0	0	0	0	0	0	0	0	0	0	0	0	
1924.009917	8	3	3	0	1	2	2	4199	627	33	115434	17	8	90	0	0	0	0	0	0	0	0	0	0	0	0	0	0	
1924.996317	8	3	3	0	1	2	2	4199	610	33	115493	17	8	90	0	0	0	0	0	0	0	0	0	0	0	0	0	0	
1926.001433	8	3	3	0	1	2	2	4199	596	33	115553	17	8	90	0	0	0	0	0	0	0	0	0	0	0	0	0	0	
1927.006567	8	3	3	0	1	2	2	4199	583	33	115613	17	8	90	0	0	0	0	0	0	0	0	0	0	0	0	0	0	
1927.992967	8	3	3	0	1	2	2	4199	572	33	115673	17	8	90	0	0	0	0	0	0	0	0	0	0	0	0	0	0	
1928.999517	8	3	3	0	1	2	2	4198	559	33	115733	17	8	90	0	0	0	0	0	0	0	0	0	0	0	0	0	0	
1930.004633	8	3	3	0	1	2	2	4199	546	33	115793	17	8	90	0	0	0	0	0	0	0	0	0	0	0	0	0	0	
1931.009767	8	3	3	0	1	2	2	4199	538	33	115854	17	8	90	0	0	0	0	0	0	0	0	0	0	0	0	0	0	
1931.996167	8	3	3	0	1	2	2	4199	527	33	115913	17	8	90	0	0	0	0	0	0	0	0	0	0	0	0	0	0	
1933.001283	8	3	3	0	1	2	2	4199	514	33	115973	17	8	90	0	0	0	0	0	0	0	0	0	0	0	0	0	0	
1934.006400	8	3	3	0	1	2	2	4199	504	33	116033	17	8	90	0	0	0	0	0	0	0	0	0	0	0	0	0	0	
1935.011517	8	3	3	0	1	2	2	4199	490	33	116094	17	8	90	0	0	0	0	0	0	0	0	0	0	0	0	0	0	
1935.997917	8	3	3	0	1	2	2	4199	477	33	116153	17	8	90	0	0	0	0	0	0	0	0	0	0	0	0	0	0	
1937.004483	8	3	3	0	1	2	2	4199	469	33	116213	17	8	90	0	0	0	0	0	0	0	0	0	0	0	0	0	0	
1938.009600	8	3	3	0	1	2	2	4199	459	33	116274	17	8	90	0	0	0	0	0	0	0	0	0	0	0	0	0	0	
1938.996000	8	3	3	0	1	2	2	4199	448	33	116333	17	8	90	0	0	0	0	0	0	0	0	0	0	0	0	0	0	
1940.001117	8	3	3	0	1	2	2	4199	436	33	116393	17	8	90	0	0	0	0	0	0	0	0	0	0	0	0	0	0	
1941.006233	8	3	3	0	1	2	2	4199	426	33	116453	17	8	90	0	0	0	0	0	0	0	0	0	0	0	0	0	0	
1942.011367	8	3	3	0	1	2	2	4199	417	33	116514	17	8	90	0	0	0	0	0	0	0	0	0	0	0	0	0	0	
1942.997767	8	3	3	0	1	2	2	4198	405	33	116573	17	8	90	0	0	0	0	0	0	0	0	0	0	0	0	0	0	
1944.002883	8	3	3	0	1	2	2	4199	394	33	116633	17	8	90	0	0	0	0	0	0	0	0	0	0	0	0	0	0	
1945.008000	8	3	3	0	1	2	2	4199	384	33	116693	17	8	90	0	0	0	0	0	0	0	0	0	0	0	0	0	0	
1945.994400	8	3	3	0	1	2	2	4199	375	33	116753	17	8	90	0	0	0	0	0	0	0	0	0	0	0	0	0	0	
1947.000967	8	3	3	0	1	2	2	4199	368	33	116813	17	8	90	0	0	0	0	0	0	0	0	0	0	0	0	0	0	
1948.006083	8	3	3	0	1	2	2	4199	358	33	116873	17	8	90	0	0	0	0	0	0	0	0	0	0	0	0	0	0	
1949.011200	8	3	3	0	1	2	2	4199	349	33	116934	17	8	90	0	0	0	0	0	0	0	0	0	0	0	0	0	0	
1949.997600	8	3	3	0	1	2	2	4199	342	33	116993	17	8	90	0	0	0	0	0	0	0	0	0	0	0	0	0	0	
1951.005600	8	3	3	0	1	2	2	4199	339	33	117053	17	8	90	0	0	0	0	0	0	0	0	0	0	0	0	0	0	
1952.010717	8	3	3	0	1	2	2	4198	329	33	117114	17	8	90	0	0	0	0	0	0	0	0	0	0	0	0	0	0	
1952.998567	8	3	3	0	1	2	2	4199	323	33	117173	17	8	90	0	0	0	0	0	0	0	0	0	0	0	0	0	0	
1954.003683	8	3	3	0	1	2	2	4199	318	33	117233	17	8	90	0	0	0	0	0	0	0	0	0	0	0	0	0	0	
1955.008800	8	3	3	0	1	2	2	4198	313	33	117293	17	8	90	0	0	0	0	0	0	0	0	0	0	0	0	0	0	
1955.995200	8	3	3	0	1	2	2	4199	308	33	117353	17	8	90	0	0	0	0	0	0	0	0	0	0	0	0	0	0	
1957.000317	8	3	3	0	1	2	2	4198	301	33	117413	17	8	90	0	0	0	0	0	0	0	0	0	0	0	0	0	0	
1958.005433	8	3	3	0	1	2	2	4198	293	33	117473	17	8	90	0	0	0	0	0	0	0	0	0	0	0	0	0	0	
1959.010567	8	3	3	0	1	2	2	4198	291	33	117534	17	8	90	0	0	0	0	0	0	0	0	0	0	0	0	0	0	
1959.996967	8	3	3	0	1	2	2	4199	286	33	117593	17	8	90	0	0	0	0	0	0	0	0	0	0	0	0	0	0	
1961.003517	8	3	3	0	1	2	2	4198	279	33	117653	17	8	90	0	0	0	0	0	0	0	0	0	0	0	0	0	0	
1962.008633	8	3	3	0	1	2	2	4199	274	33	117713	17	8	90	0	0	0	0	0	0	0	0	0	0	0	0	0	0	
1963.013767	8	3	3	0	1	2	2	4199	268	33	117774	17	8	90	0	0	0	0	0	0	0	0	0	0	0	0	0	0	
1964.000167	8	3	3	0	1	2	2	4198	263	33	117833	17	8	90	0	0	0	0	0	0	0	0	0	0	0	0	0	0	
1965.005283	8	3	3	0	1	2	2	4199	257	33	117893	17	8	90	0	0	0	0	0	0	0	0	0	0	0	0	0	0	
1966.010400	8	3	3	0	1	2	2	4199	254	33	117953	17	8	90	0	0	0	0	0	0	0	0	0	0	0	0	0	0	
1966.996800	8	3	3	0	1	2	2	4198	249	33	118013	17	8	90	0	0	0	0	0	0	0	0	0	0	0	0	0	0	
1968.001917	8	3	3	0	1	2	2	4198	242	33	118073	17	8	90	0	0	0	0	0	0	0	0	0	0	0	0	0	0	
1969.008483	8	3	3	0	1	2	2	4198	239	33	118133	17	8	90	0	0	0	0	0	0	0	0	0	0	0	0	0	0	
1970.013600	8	3	3	0	1	2	2	4198	235	33	118194	17	8	90	0	0	0	0	0	0	0	0	0	0	0	0	0	0	
1971.000000	8	3	3	0	1	2	2	4199	228	33	118253	17	8	90	0	0	0	0	0	0	0	0	0	0	0	0	0	0	
1972.005117	8	3	3	0	1	2	2	4198	225	33	118313	17	8	90	0	0	0	0	0	0	0	0	0	0	0	0	0	0	
1973.010233	8	3	3	0	1	2	2	4199	223	33	118373	17	8	90	0	0	0	0	0	0	0	0	0	0	0	0	0	0	
1973.996633	8	3	3	0	1	2	2	4198	220	33	118433	17	8	90	0	0	0	0	0	0	0	0	0	0	0	0	0	0	
1975.001767	8	3	3	0	1	2	2	4198	216	33	118493	17	8	90	0	0	0	0	0	0	0	0	0	0	0	0	0	0	
1976.008317	8	3	3	0	1	2	2	4198	213	33	118553	17	8	90	0	0	0	0	0	0	0	0	0	0	0	0	0	0	
1977.013433	8	3	3	0	1	2	2	4198	210	33	118614	17	8	90	0	0	0	0	0	0	0	0	0	0	0	0	0	0	
1977.999833	8	3	3	0	1	2	2	4199	205	33	118673	17	8	90	0	0	0	0	0	0	0	0	0	0	0	0	0	0	
1979.004967	8	3	3	0	1	2	2	4199	200	33	118733	17	8	90	0	0	0	0	0	0	0	0	0	0	0	0	0	0	
1980.010083	8	3	3	0	1	2	2	4198	197	33	118793	17	8	90	0	0	0	0	0	0	0	0	0	0	0	0	0	0	
1981.015200	8	3	3	0	1	2	2	4198	192	33	118854	17	8	90	0	0	0	0	0	0	0	0	0	0	0	0	0	0	
1982.001600	8	3	3	0	1	2	2	4198	189	33	118913	17	8	90	0	0	0	0	0	0	0	0	0	0	0	0	0	0	
1983.006717	8	3	3	0	1	2	2	4199	184	33	118973	17	8	90	0	0	0	0	0	0	0	0	0	0	0	0	0	0	
1984.011833	8	3	3	0	1	2	2	4198	182	33	119034	17	8	90	0	0	0	0	0	0	0	0	0	0	0	0	0	0	
1984.998233	8	3	3	0	1	2	2	4198	179	33	119093	17	8	90	0	0	0	0	0	0	0	0	0	0	0	0	0	0	
1986.004800	8	3	3	0	1	2	2	4198	174	33	119153	17	8	90	0	0	0	0	0	0	0	0	0	0	0	0	0	0	
1987.009917	8	3	3	0	1	2	2	4198	171	33	119213	17	8	90	0	0	0	0	0	0	0	0	0	0	0	0	0	0	
1988.015033	8	3	3	0	1	2	2	4199	167	33	119274	17	8	90	0	0	0	0	0	0	0	0	0	0	0	0	0	0	
1989.001433	8	3	3	0	1	2	2	4198	162	33	119333	17	8	90	0	0	0	0	0	0	0	0	0	0	0	0	0	0	
1990.006567	8	3	3	0	1	2	2	4198	160	33	119393	17	8	90	0	0	0	0	0	0	0	0	0	0	0	0	0	0	
1991.011683	8	3	3	0	1	2	2	4198	156	33	119453	17	8	90	0	0	0	0	0	0	0	0	0	0	0	0	0	0	
1991.998083	8	3	3	0	1	2	2	4198	154	33	119513	17	8	90	0	0	0	0	0	0	0	0	0	0	0	0	0	0	
1993.003200	8	3	3	0	1	2	2	4198	151	33	119573	17	8	90	0	0	0	0	0	0	0	0	0	0	0	0	0	0	
1994.009767	8	3	3	0	1	2	2	4198	147	33	119633	17	8	90	0	0	0	0	0	0	0	0	0	0	0	0	0	0	
1995.014883	8	3	3	0	1	2	2	4199	145	33	119694	17	8	90	0	0	0	0	0	0	0	0	0	0	0	0	0	0	
1996.001283	8	3	3	0	1	2	2	4198	143	33	119753	17	8	90	0	0	0	0	0	0	0	0	0	0	0	0	0	0	
1997.010717	8	3	3	0	1	2	2	4198	140	33	119813	17	8	90	0	0	0	0	0	0	0	0	0	0	0	0	0	0	
1998.015833	8	3	3	0	1	2	2	4199	139	33	119874	17	8	90	0	0	0	0	0	0	0	0	0	0	0	0	0	0	
1999.002233	8	3	3	0	1	2	2	4199	138	33	119933	17	8	90	0	0	0	0	0	0	0	0	0	0	0	0	0	0	
2000.007367	8	3	3	0	1	2	2	4199	135	33	119993	17	8	90	0	0	0	0	0	0	0	0	0	0	0	0	0	0	
2001.013917	8	3	3	0	1	2	2	4198	134	33	120053	17	8	90	0	0	0	0	0	0	0	0	0	0	0	0	0	0	
2002.000317	8	3	3	0	1	2	2	4198	132	33	120113	17	8	90	0	0	0	0	0	0	0	0	0	0	0	0	0	0	
2003.005433	8	3	3	0	1	2	2	4199	130	33	120173	17	8	90	0	0	0	0	0	0	0	0	0	0	0	0	0	0	
2004.010567	8	3	3	0	1	2	2	4199	129	33	120233	17	8	90	0	0	0	0	0	0	0	0	0	0	0	0	0	0	
2005.015683	8	3	3	0	1	2	2	4198	127	33	120294	17	8	90	0	0	0	0	0	0	0	0	0	0	0	0	0	0	
2006.002083	8	3	3	0	1	2	2	4199	125	33	120353	17	8	90	0	0	0	0	0	0	0	0	0	0	0	0	0	0	
2007.007200	8	3	3	0	1	2	2	4199	123	33	120413	17	8	90	0	0	0	0	0	0	0	0	0	0	0	0	0	0	
2008.012317	8	3	3	0	1	2	2	4199	121	33	120473	17	8	90	0	0	0	0	0	0	0	0	0	0	0	0	0	0	
2008.998717	8	3	3	0	1	2	2	4198	120	33	120533	17	8	90	0	0	0	0	0	0	0	0	0	0	0	0	0	0	
2010.005283	8	3	3	0	1	2	2	4199	118	33	120593	17	8	90	0	0	0	0	0	0	0	0	0	0	0	0	0	0	
2011.010400	8	3	3	0	1	2	2	4199	116	33	120653	17	8	90	0	0	0	0	0	0	0	0	0	0	0	0	0	0	
2012.015517	8	3	3	0	1	2	2	4198	114	33	120714	17	8	90	0	0	0	0	0	0	0	0	0	0	0	0	0	0	
2013.001917	8	3	3	0	1	2	2	4198	112	33	120773	17	8	90	0	0	0	0	0	0	0	0	0	0	0	0	0	0	
2014.007033	8	3	3	0	1	2	2	4199	111	33	120833	17	8	90	0	0	0	0	0	0	0	0	0	0	0	0	0	0	
2015.012167	8	3	3	0	1	2	2	4198	109	33	120893	17	8	90	0	0	0	0	0	0	0	0	0	0	0	0	0	0	
2016.017283	8	3	3	0	1	2	2	4199	107	33	120954	17	8	90	0	0	0	0	0	0	0	0	0	0	0	0	0	0	
2017.003683	8	3	3	0	1	2	2	4198	106	33	121013	17	8	90	0	0	0	0	0	0	0	0	0	0	0	0	0	0	
2018.008800	8	3	3	0	1	2	2	4198	104	33	121073	17	8	90	0	0	0	0	0	0	0	0	0	0	0	0	0	0	
2019.013917	8	3	3	0	1	2	2	4198	103	33	121133	17	8	90	0	0	0	0	0	0	0	0	0	0	0	0	0	0	
2020.000317	8	3	3	0	1	2	2	4198	101	33	121193	17	8	90	0	0	0	0	0	0	0	0	0	0	0	0	0	0	
2021.006883	8	3	3	0	1	2	2	4198	100	33	121253	17	8	90	0	0	0	0	0	0	0	0	0	0	0	0	0	0	
2022.012000	8	3	3	0	1	2	2	4198	98	33	121313	17	8	90	0	0	0	0	0	0	0	0	0	0	0	0	0	0	
2023.017117	8	3	3	0	1	2	2	4198	97	33	121374	17	8	90	0	0	0	0	0	0	0	0	0	0	0	0	0	0	
2024.003517	8	3	3	0	1	2	2	4198	96	33	121433	17	8	90	0	0	0	0	0	0	0	0	0	0	0	0	0	0	
2025.008633	8	3	3	0	1	2	2	4198	94	33	121493	17	8	90	0	0	0	0	0	0	0	0	0	0	0	0	0	0	
2026.013767	8	3	3	0	1	2	2	4199	93	33	121553	17	8	90	0	0	0	0	0	0	0	0	0	0	0	0	0	0	
2027.018883	8	3	3	0	1	2	2	4198	91	33	121614	17	8	90	0	0	0	0	0	0	0	0	0	0	0	0	0	0	
2028.005283	8	3	3	0	1	2	2	4198	90	33	121673	17	8	90	0	0	0	0	0	0	0	0	0	0	0	0	0	0	
2029.010400	8	3	3	0	1	2	2	4199	88	33	121733	17	8	90	0	0	0	0	0	0	0	0	0	0	0	0	0	0	
2030.015517	8	3	3	0	1	2	2	4199	87	33	121794	17	8	90	0	0	0	0	0	0	0	0	0	0	0	0	0	0	
2031.003367	8	3	3	0	1	2	2	4199	86	33	121853	17	8	90	0	0	0	0	0	0	0	0	0	0	0	0	0	0	
2032.008483	8	3	3	0	1	2	2	4199	84	33	121913	17	8	90	0	0	0	0	0	0	0	0	0	0	0	0	0	0	
2033.013600	8	3	3	0	1	2	2	4198	83	33	121973	17	8	90	0	0	0	0	0	0	0	0	0	0	0	0	0	0	
2034.018717	8	3	3	0	1	2	2	4199	81	33	122034	17	8	90	0	0	0	0	0	0	0	0	0	0	0	0	0	0	
2035.005117	8	3	3	0	1	2	2	4198	80	33	122093	17	8	90	0	0	0	0	0	0	0	0	0	0	0	0	0	0	
2036.010233	8	3	3	0	1	2	2	4198	79	33	122153	17	8	90	0	0	0	0	0	0	0	0	0	0	0	0	0	0	
2037.015367	8	3	3	0	1	2	2	4199	77	33	122213	17	8	90	0	0	0	0	0	0	0	0	0	0	0	0	0	0	
2038.001767	8	3	3	0	1	2	2	4199	76	33	122273	17	8	90	0	0	0	0	0	0	0	0	0	0	0	0	0	0	
2039.006883	8	3	3	0	1	2	2	4199	75	33	122333	17	8	90	0	0	0	0	0	0	0	0	0	0	0	0	0	0	
2040.012000	8	3	3	0	1	2	2	4198	74	33	122393	17	8	90	0	0	0	0	0	0	0	0	0	0	0	0	0	0	
2041.018567	8	3	3	0	1	2	2	4198	73	33	122454	17	8	90	0	0	0	0	0	0	0	0	0	0	0	0	0	0	
2042.004967	8	3	3	0	1	2	2	4199	72	33	122513	17	8	90	0	0	0	0	0	0	0	0	0	0	0	0	0	0	
2043.010083	8	3	3	0	1	2	2	4198	71	33	122573	17	8	90	0	0	0	0	0	0	0	0	0	0	0	0	0	0	
2044.015200	8	3	3	0	1	2	2	4198	70	33	122633	17	8	90	0	0	0	0	0	0	0	0	0	0	0	0	0	0	
2045.020317	8	3	3	0	1	2	2	4199	69	33	122694	17	8	90	0	0	0	0	0	0	0	0	0	0	0	0	0	0	
2045.894400	8	6	3	0	2	7	1	4061	-239	33	122746	17	9	0	0	0	0	0	0	0	0	0	0	0	0	0	0	0	
2046.008167	8	6	3	0	2	7	1	3592	-1349	33	122753	17	9	0	0	0	0	0	0	0	0	0	0	0	0	0	0	0	
2047.014717	8	6	3	0	2	7	1	3553	-1349	33	122813	17	9	1	0	0	0	0	0	0	0	0	0	0	0	0	0	0	
2048.019833	8	6	3	0	2	7	1	3527	-1349	33	122874	17	9	3	0	0	0	0	0	0	0	0	0	0	0	0	0	0	
2049.006233	8	6	3	0	2	7	1	3517	-1349	33	122933	17	9	5	0	0	0	0	0	0	0	0	0	0	0	0	0	0	
2050.011367	8	6	3	0	2	7	1	3502	-1350	33	122993	17	9	6	0	0	0	0	0	0	0	0	0	0	0	0	0	0	
2051.016483	8	6	3	0	2	7	1	3487	-1349	33	123053	17	9	8	0	0	0	0	0	0	0	0	0	0	0	0	0	0	
2052.002883	8	6	3	0	2	7	1	3472	-1350	33	123113	17	9	10	0	0	0	0	0	0	0	0	0	0	0	0	0	0	
2053.008000	8	6	3	0	2	7	1	3458	-1350	33	123173	17	9	11	0	0	0	0	0	0	0	0	0	0	0	0	0	0	
2054.013117	8	6	3	0	2	7	1	3443	-1348	33	123233	17	9	13	0	0	0	0	0	0	0	0	0	0	0	0	0	0	
2055.019683	8	6	3	0	2	7	1	3429	-1349	33	123294	17	9	14	0	0	0	0	0	0	0	0	0	0	0	0	0	0	
2056.006083	8	6	3	0	2	7	1	3414	-1349	33	123353	17	9	16	0	0	0	0	0	0	0	0	0	0	0	0	0	0	
2057.011200	8	6	3	0	2	7	1	3401	-1349	33	123413	17	9	18	0	0	0	0	0	0	0	0	0	0	0	0	0	0	
2058.016317	8	6	3	0	2	7	1	3389	-1350	33	123473	17	9	19	0	0	0	0	0	0	0	0	0	0	0	0	0	0	
2059.021433	8	6	3	0	2	7	1	3376	-1348	33	123534	17	9	21	0	0	0	0	0	0	0	0	0	0	0	0	0	0	
2060.007833	8	6	3	0	2	7	1	3365	-1349	33	123593	17	9	23	0	0	0	0	0	0	0	0	0	0	0	0	0	0	
2061.012967	8	6	3	0	2	7	1	3352	-1349	33	123653	17	9	24	0	0	0	0	0	0	0	0	0	0	0	0	0	0	
2062.018083	8	6	3	0	2	7	1	3340	-1349	33	123714	17	9	26	0	0	0	0	0	0	0	0	0	0	0	0	0	0	
2063.004483	8	6	3	0	2	7	1	3329	-1349	33	123773	17	9	28	0	0	0	0	0	0	0	0	0	0	0	0	0	0	
2064.009600	8	6	3	0	2	7	1	3319	-1350	33	123833	17	9	29	0	0	0	0	0	0	0	0	0	0	0	0	0	0	
2065.014717	8	6	3	0	2	7	1	3307	-1348	33	123893	17	9	31	0	0	0	0	0	0	0	0	0	0	0	0	0	0	
2066.019833	8	6	3	0	2	7	1	3299	-1348	33	123954	17	9	33	0	0	0	0	0	0	0	0	0	0	0	0	0	0	
2067.007683	8	6	3	0	2	7	1	3289	-1349	33	124013	17	9	34	0	0	0	0	0	0	0	0	0	0	0	0	0	0	
2068.012800	8	6	3	0	2	7	1	3279	-1350	33	124073	17	9	36	0	0	0	0	0	0	0	0	0	0	0	0	0	0	
2069.017917	8	6	3	0	2	7	1	3270	-1349	33	124133	17	9	38	0	0	0	0	0	0	0	0	0	0	0	0	0	0	
2070.004317	8	6	3	0	2	7	1	3262	-1350	33	124193	17	9	39	0	0	0	0	0	0	0	0	0	0	0	0	0	0	
2071.009433	8	6	3	0	2	7	1	3253	-1350	33	124253	17	9	41	0	0	0	0	0	0	0	0	0	0	0	0	0	0	
2072.014567	8	6	3	0	2	7	1	3244	-1351	33	124313	17	9	43	0	0	0	0	0	0	0	0	0	0	0	0	0	0	
2073.019683	8	6	3	0	2	7	1	3235	-1348	33	124374	17	9	44	0	0	0	0	0	0	0	0	0	0	0	0	0	0	
2074.006083	8	6	3	0	2	7	1	3228	-1351	33	124433	17	9	46	0	0	0	0	0	0	0	0	0	0	0	0	0	0	
2075.012633	8	6	3	0	2	7	1	3220	-1348	33	124493	17	9	47	0	0	0	0	0	0	0	0	0	0	0	0	0	0	
2076.017767	8	6	3	0	2	7	1	3214	-1350	33	124553	17	9	49	0	0	0	0	0	0	0	0	0	0	0	0	0	0	
2077.022883	8	6	3	0	2	7	1	3206	-1348	33	124614	17	9	51	0	0	0	0	0	0	0	0	0	0	0	0	0	0	
2078.010717	8	6	3	0	2	7	1	3199	-1349	33	124673	17	9	52	0	0	0	0	0	0	0	0	0	0	0	0	0	0	
2079.015833	8	6	3	0	2	7	1	3193	-1347	33	124733	17	9	54	0	0	0	0	0	0	0	0	0	0	0	0	0	0	
2080.020967	8	6	3	0	2	7	1	3186	-1349	33	124794	17	9	56	0	0	0	0	0	0	0	0	0	0	0	0	0	0	
2081.007367	8	6	3	0	2	7	1	3181	-1347	33	124853	17	9	57	0	0	0	0	0	0	0	0	0	0	0	0	0	0	
2082.013917	8	6	3	0	2	7	1	3174	-1352	33	124913	17	9	59	0	0	0	0	0	0	0	0	0	0	0	0	0	0	
2083.019033	8	6	3	0	2	7	1	3169	-1349	33	124973	17	9	61	0	0	0	0	0	0	0	0	0	0	0	0	0	0	
2084.005433	8	6	3	0	2	7	1	3163	-1349	33	125033	17	9	62	0	0	0	0	0	0	0	0	0	0	0	0	0	0	
2085.010567	8	6	3	0	2	7	1	3156	-1349	33	125093	17	9	64	0	0	0	0	0	0	0	0	0	0	0	0	0	0	
2086.015683	8	6	3	0	2	7	1	3149	-1349	33	125153	17	9	66	0	0	0	0	0	0	0	0	0	0	0	0	0	0	
2087.020800	8	6	3	0	2	7	1	3144	-1348	33	125214	17	9	67	0	0	0	0	0	0	0	0	0	0	0	0	0	0	
2088.007200	8	6	3	0	2	7	1	3137	-1351	33	125273	17	9	69	0	0	0	0	0	0	0	0	0	0	0	0	0	0	
2089.012317	8	6	3	0	2	7	1	3130	-1349	33	125333	17	9	71	0	0	0	0	0	0	0	0	0	0	0	0	0	0	
2090.018883	8	6	3	0	2	7	1	3123	-1349	33	125393	17	9	72	0	0	0	0	0	0	0	0	0	0	0	0	0	0	
2091.024000	8	6	3	0	2	7	1	3114	-1349	33	125454	17	9	74	0	0	0	0	0	0	0	0	0	0	0	0	0	0	
2092.010400	8	6	3	0	2	7	1	3105	-1350	33	125513	17	9	76	0	0	0	0	0	0	0	0	0	0	0	0	0	0	
2093.015517	8	6	3	0	2	7	1	3094	-1351	33	125573	17	9	77	0	0	0	0	0	0	0	0	0	0	0	0	0	0	
2094.020633	8	6	3	0	2	7	1	3080	-1351	33	125634	17	9	79	0	0	0	0	0	0	0	0	0	0	0	0	0	0	
2095.007033	8	6	3	0	2	7	1	3062	-1351	33	125693	17	9	81	0	0	0	0	0	0	0	0	0	0	0	0	0	0	
2096.012167	8	6	3	0	2	7	1	3040	-1349	33	125753	17	9	82	0	0	0	0	0	0	0	0	0	0	0	0	0	0	
2097.017283	8	6	3	0	2	7	1	3012	-1351	33	125813	17	9	84	0	0	0	0	0	0	0	0	0	0	0	0	0	0	
2098.023833	8	6	3	0	2	7	1	2972	-1351	33	125874	17	9	85	0	0	0	0	0	0	0	0	0	0	0	0	0	0	
2099.010233	8	6	3	0	2	7	1	2908	-1350	33	125933	17	9	87	0	0	0	0	0	0	0	0	0	0	0	0	0	0	
2100.015367	8	6	3	0	2	7	1	2784	-1349	33	125993	17	9	89	0	0	0	0	0	0	0	0	0	0	0	0	0	0	
2100.493433	8	15	3	0	1	31	2	3460	592	33	126022	19	9	90	0	0	0	0	0	0	0	0	0	0	0	0	0	0	
2100.513600	8	3	3	0	1	2	2	3511	677	33	126023	19	9	90	0	0	0	0	0	0	0	0	0	0	0	0	0	0	
2101.023367	8	3	3	0	1	2	2	3629	675	33	126054	19	9	90	0	0	0	0	0	0	0	0	0	0	0	0	0	0	
2102.009767	8	3	3	0	1	2	2	3742	674	33	126113	19	9	90	0	0	0	0	0	0	0	0	0	0	0	0	0	0	
2103.014883	8	3	3	0	1	2	2	3817	674	33	126173	19	9	90	0	0	0	0	0	0	0	0	0	0	0	0	0	0	
2104.021433	8	3	3	0	1	2	2	3868	674	33	126233	19	9	90	0	0	0	0	0	0	0	0	0	0	0	0	0	0	
2105.007833	8	3	3	0	1	2	2	3909	675	33	126293	19	9	90	0	0	0	0	0	0	0	0	0	0	0	0	0	0	
2106.012967	8	3	3	0	1	2	2	3940	674	33	126353	19	9	90	0	0	0	0	0	0	0	0	0	0	0	0	0	0	
2107.018083	8	3	3	0	1	2	2	3958	675	33	126413	19	9	90	0	0	0	0	0	0	0	0	0	0	0	0	0	0	
2108.023200	8	3	3	0	1	2	2	3966	673	33	126474	19	9	90	0	0	0	0	0	0	0	0	0	0	0	0	0	0	
2109.009600	8	3	3	0	1	2	2	3973	675	33	126533	19	9	90	0	0	0	0	0	0	0	0	0	0	0	0	0	0	
2110.014717	8	3	3	0	1	2	2	3979	674	33	126593	19	9	90	0	0	0	0	0	0	0	0	0	0	0	0	0	0	
2111.019833	8	3	3	0	1	2	2	3986	674	33	126653	19	9	90	0	0	0	0	0	0	0	0	0	0	0	0	0	0	
2112.024967	8	3	3	0	1	2	2	3992	675	33	126714	19	9	90	0	0	0	0	0	0	0	0	0	0	0	0	0	0	
2113.011367	8	3	3	0	1	2	2	3997	673	33	126773	19	9	90	0	0	0	0	0	0	0	0	0	0	0	0	0	0	
2114.016483	8	3	3	0	1	2	2	4002	675	33	126833	19	9	90	0	0	0	0	0	0	0	0	0	0	0	0	0	0	
2115.023033	8	3	3	0	1	2	2	4009	674	33	126894	19	9	90	0	0	0	0	0	0	0	0	0	0	0	0	0	0	
2116.009433	8	3	3	0	1	2	2	4015	675	33	126953	19	9	90	0	0	0	0	0	0	0	0	0	0	0	0	0	0	
2117.014567	8	3	3	0	1	2	2	4021	674	33	127013	19	9	90	0	0	0	0	0	0	0	0	0	0	0	0	0	0	
2118.019683	8	3	3	0	1	2	2	4027	674	33	127073	19	9	90	0	0	0	0	0	0	0	0	0	0	0	0	0	0	
2119.024800	8	3	3	0	1	2	2	4034	675	33	127134	19	9	90	0	0	0	0	0	0	0	0	0	0	0	0	0	0	
2120.011200	8	3	3	0	1	2	2	4039	675	33	127193	19	9	90	0	0	0	0	0	0	0	0	0	0	0	0	0	0	
2121.016317	8	3	3	0	1	2	2	4045	675	33	127253	19	9	90	0	0	0	0	0	0	0	0	0	0	0	0	0	0	
2122.021433	8	3	3	0	1	2	2	4050	674	33	127313	19	9	90	0	0	0	0	0	0	0	0	0	0	0	0	0	0	
2123.007833	8	3	3	0	1	2	2	4055	675	33	127373	19	9	90	0	0	0	0	0	0	0	0	0	0	0	0	0	0	
2124.014400	8	3	3	0	1	2	2	4060	675	33	127433	19	9	90	0	0	0	0	0	0	0	0	0	0	0	0	0	0	
2125.019517	8	3	3	0	1	2	2	4064	674	33	127493	19	9	90	0	0	0	0	0	0	0	0	0	0	0	0	0	0	
2126.024633	8	3	3	0	1	2	2	4068	675	33	127554	19	9	90	0	0	0	0	0	0	0	0	0	0	0	0	0	0	
2127.011033	8	3	3	0	1	2	2	4072	674	33	127613	19	9	90	0	0	0	0	0	0	0	0	0	0	0	0	0	0	
2128.016167	8	3	3	0	1	2	2	4075	673	33	127673	19	9	90	0	0	0	0	0	0	0	0	0	0	0	0	0	0	
2129.021283	8	3	3	0	1	2	2	4079	674	33	127733	19	9	90	0	0	0	0	0	0	0	0	0	0	0	0	0	0	
2130.026400	8	3	3	0	1	2	2	4082	675	33	127794	19	9	90	0	0	0	0	0	0	0	0	0	0	0	0	0	0	
2131.012800	8	3	3	0	1	2	2	4084	674	33	127853	19	9	90	0	0	0	0	0	0	0	0	0	0	0	0	0	0	
2132.017917	8	3	3	0	1	2	2	4087	674	33	127913	19	9	90	0	0	0	0	0	0	0	0	0	0	0	0	0	0	
2133.023033	8	3	3	0	1	2	2	4090	675	33	127973	19	9	90	0	0	0	0	0	0	0	0	0	0	0	0	0	0	
2134.009433	8	3	3	0	1	2	2	4091	674	33	128033	19	9	90	0	0	0	0	0	0	0	0	0	0	0	0	0	0	
2135.016000	8	3	3	0	1	2	2	4095	675	33	128093	19	9	90	0	0	0	0	0	0	0	0	0	0	0	0	0	0	
2136.021117	8	3	3	0	1	2	2	4096	674	33	128153	19	9	90	0	0	0	0	0	0	0	0	0	0	0	0	0	0	
2137.026233	8	3	3	0	1	2	2	4098	674	33	128214	19	9	90	0	0	0	0	0	0	0	0	0	0	0	0	0	0	
2138.012633	8	3	3	0	1	2	2	4101	675	33	128273	19	9	90	0	0	0	0	0	0	0	0	0	0	0	0	0	0	
2139.017767	8	3	3	0	1	2	2	4104	675	33	128333	19	9	90	0	0	0	0	0	0	0	0	0	0	0	0	0	0	
2140.022883	8	3	3	0	1	2	2	4106	675	33	128393	19	9	90	0	0	0	0	0	0	0	0	0	0	0	0	0	0	
2141.010717	8	3	3	0	1	2	2	4109	674	33	128453	19	9	90	0	0	0	0	0	0	0	0	0	0	0	0	0	0	
2142.015833	8	3	3	0	1	2	2	4112	675	33	128513	19	9	90	0	0	0	0	0	0	0	0	0	0	0	0	0	0	
2143.020967	8	3	3	0	1	2	2	4115	675	33	128573	19	9	90	0	0	0	0	0	0	0	0	0	0	0	0	0	0	
2144.026083	8	3	3	0	1	2	2	4117	673	33	128634	19	9	90	0	0	0	0	0	0	0	0	0	0	0	0	0	0	
2145.013917	8	3	3	0	1	2	2	4121	675	33	128693	19	9	90	0	0	0	0	0	0	0	0	0	0	0	0	0	0	
2146.019033	8	3	3	0	1	2	2	4121	667	33	128753	19	9	90	0	0	0	0	0	0	0	0	0	0	0	0	0	0	
2147.024167	8	3	3	0	1	2	2	4123	666	33	128813	19	9	90	0	0	0	0	0	0	0	0	0	0	0	0	0	0	
2148.010567	8	3	3	0	1	2	2	4126	666	33	128873	19	9	90	0	0	0	0	0	0	0	0	0	0	0	0	0	0	
2149.015683	8	3	3	0	1	2	2	4128	666	33	128933	19	9	90	0	0	0	0	0	0	0	0	0	0	0	0	0	0	
2150.020800	8	3	3	0	1	2	2	4132	665	33	128993	19	9	90	0	0	0	0	0	0	0	0	0	0	0	0	0	0	
2151.025917	8	3	3	0	1	2	2	4134	664	33	129054	19	9	90	0	0	0	0	0	0	0	0	0	0	0	0	0	0	
2152.012317	8	3	3	0	1	2	2	4138	666	33	129113	19	9	90	0	0	0	0	0	0	0	0	0	0	0	0	0	0	
2153.018883	8	3	3	0	1	2	2	4141	665	33	129173	19	9	90	0	0	0	0	0	0	0	0	0	0	0	0	0	0	
2154.024000	8	3	3	0	1	2	2	4144	664	33	129233	19	9	90	0	0	0	0	0	0	0	0	0	0	0	0	0	0	
2155.029117	8	3	3	0	1	2	2	4147	663	33	129294	19	9	90	0	0	0	0	0	0	0	0	0	0	0	0	0	0	
2156.015517	8	3	3	0	1	2	2	4150	663	33	129353	19	9	90	0	0	0	0	0	0	0	0	0	0	0	0	0	0	
2157.020633	8	3	3	0	1	2	2	4154	663	33	129413	19	9	90	0	0	0	0	0	0	0	0	0	0	0	0	0	0	
2158.025767	8	3	3	0	1	2	2	4157	662	33	129474	19	9	90	0	0	0	0	0	0	0	0	0	0	0	0	0	0	
2159.012167	8	3	3	0	1	2	2	4160	662	33	129533	19	9	90	0	0	0	0	0	0	0	0	0	0	0	0	0	0	
2160.017283	8	3	3	0	1	2	2	4164	660	33	129593	19	9	90	0	0	0	0	0	0	0	0	0	0	0	0	0	0	
2161.022400	8	3	3	0	1	2	2	4168	661	33	129653	19	9	90	0	0	0	0	0	0	0	0	0	0	0	0	0	0	
2162.027517	8	3	3	0	1	2	2	4171	660	33	129714	19	9	90	0	0	0	0	0	0	0	0	0	0	0	0	0	0	
2163.013917	8	3	3	0	1	2	2	4175	660	33	129773	19	9	90	0	0	0	0	0	0	0	0	0	0	0	0	0	0	
2164.020483	8	3	3	0	1	2	2	4179	660	33	129833	19	9	90	0	0	0	0	0	0	0	0	0	0	0	0	0	0	
2165.025600	8	3	3	0	1	2	2	4183	660	33	129893	19	9	90	0	0	0	0	0	0	0	0	0	0	0	0	0	0	
2166.012000	8	3	3	0	1	2	2	4187	657	33	129953	19	9	90	0	0	0	0	0	0	0	0	0	0	0	0	0	0	
2167.017117	8	3	3	0	1	2	2	4191	658	33	130013	19	9	90	0	0	0	0	0	0	0	0	0	0	0	0	0	0	
2168.022233	8	3	3	0	1	2	2	4195	658	33	130073	19	9	90	0	0	0	0	0	0	0	0	0	0	0	0	0	0	
2169.014400	8	3	3	0	1	2	2	4199	656	33	130133	19	9	90	0	0	0	0	0	0	0	0	0	0	0	0	0	0	
2170.019517	8	3	3	0	1	2	2	4198	644	33	130193	19	9	90	0	0	0	0	0	0	0	0	0	0	0	0	0	0	
2171.024633	8	3	3	0	1	2	2	4199	625	33	130253	19	9	90	0	0	0	0	0	0	0	0	0	0	0	0	0	0	
2172.029767	8	3	3	0	1	2	2	4198	609	33	130314	19	9	90	0	0	0	0	0	0	0	0	0	0	0	0	0	0	
2173.016167	8	3	3	0	1	2	2	4199	597	33	130373	19	9	90	0	0	0	0	0	0	0	0	0	0	0	0	0	0	
2174.021283	8	3	3	0	1	2	2	4198	584	33	130433	19	9	90	0	0	0	0	0	0	0	0	0	0	0	0	0	0	
2175.026400	8	3	3	0	1	2	2	4199	571	33	130493	19	9	90	0	0	0	0	0	0	0	0	0	0	0	0	0	0	
2176.012800	8	3	3	0	1	2	2	4198	560	33	130553	19	9	90	0	0	0	0	0	0	0	0	0	0	0	0	0	0	
2177.017917	8	3	3	0	1	2	2	4198	548	33	130613	19	9	90	0	0	0	0	0	0	0	0	0	0	0	0	0	0	
2178.023033	8	3	3	0	1	2	2	4198	534	33	130673	19	9	90	0	0	0	0	0	0	0	0	0	0	0	0	0	0	
2179.028167	8	3	3	0	1	2	2	4198	519	33	130734	19	9	90	0	0	0	0	0	0	0	0	0	0	0	0	0	0	
2180.016000	8	3	3	0	1	2	2	4198	508	33	130793	19	9	90	0	0	0	0	0	0	0	0	0	0	0	0	0	0	
2181.021117	8	3	3	0	1	2	2	4198	499	33	130853	19	9	90	0	0	0	0	0	0	0	0	0	0	0	0	0	0	
2182.026233	8	3	3	0	1	2	2	4199	487	33	130913	19	9	90	0	0	0	0	0	0	0	0	0	0	0	0	0	0	
2183.031367	8	3	3	0	1	2	2	4199	476	33	130974	19	9	90	0	0	0	0	0	0	0	0	0	0	0	0	0	0	
2184.017767	8	3	3	0	1	2	2	4198	467	33	131033	19	9	90	0	0	0	0	0	0	0	0	0	0	0	0	0	0	
2185.022883	8	3	3	0	1	2	2	4199	457	33	131093	19	9	90	0	0	0	0	0	0	0	0	0	0	0	0	0	0	
2186.028000	8	3	3	0	1	2	2	4198	445	33	131154	19	9	90	0	0	0	0	0	0	0	0	0	0	0	0	0	0	
2187.014400	8	3	3	0	1	2	2	4199	436	33	131213	19	9	90	0	0	0	0	0	0	0	0	0	0	0	0	0	0	
2188.019517	8	3	3	0	1	2	2	4199	429	33	131273	19	9	90	0	0	0	0	0	0	0	0	0	0	0	0	0	0	
2189.026083	8	3	3	0	1	2	2	4198	420	33	131333	19	9	90	0	0	0	0	0	0	0	0	0	0	0	0	0	0	
2190.031200	8	3	3	0	1	2	2	4199	412	33	131394	19	9	90	0	0	0	0	0	0	0	0	0	0	0	0	0	0	
2191.017600	8	3	3	0	1	2	2	4198	401	33	131453	19	9	90	0	0	0	0	0	0	0	0	0	0	0	0	0	0	
2192.022717	8	3	3	0	1	2	2	4198	394	33	131513	19	9	90	0	0	0	0	0	0	0	0	0	0	0	0	0	0	
2193.027833	8	3	3	0	1	2	2	4199	384	33	131573	19	9	90	0	0	0	0	0	0	0	0	0	0	0	0	0	0	
2194.014233	8	3	3	0	1	2	2	4199	374	33	131633	19	9	90	0	0	0	0	0	0	0	0	0	0	0	0	0	0	
2195.019367	8	3	3	0	1	2	2	4199	363	33	131693	19	9	90	0	0	0	0	0	0	0	0	0	0	0	0	0	0	
2196.025917	8	3	3	0	1	2	2	4198	354	33	131753	19	9	90	0	0	0	0	0	0	0	0	0	0	0	0	0	0	
2197.031033	8	3	3	0	1	2	2	4199	348	33	131814	19	9	90	0	0	0	0	0	0	0	0	0	0	0	0	0	0	
2198.017433	8	3	3	0	1	2	2	4198	343	33	131873	19	9	90	0	0	0	0	0	0	0	0	0	0	0	0	0	0	
2199.022567	8	3	3	0	1	2	2	4198	338	33	131933	19	9	90	0	0	0	0	0	0	0	0	0	0	0	0	0	0	
2200.027683	8	3	3	0	1	2	2	4198	330	33	131993	19	9	90	0	0	0	0	0	0	0	0	0	0	0	0	0	0	
2201.014083	8	3	3	0	1	2	2	4198	324	33	132053	19	9	90	0	0	0	0	0	0	0	0	0	0	0	0	0	0	
2202.019200	8	3	3	0	1	2	2	4198	318	33	132113	19	9	90	0	0	0	0	0	0	0	0	0	0	0	0	0	0	
2203.024317	8	3	3	0	1	2	2	4198	311	33	132173	19	9	90	0	0	0	0	0	0	0	0	0	0	0	0	0	0	
2204.029433	8	3	3	0	1	2	2	4198	302	33	132234	19	9	90	0	0	0	0	0	0	0	0	0	0	0	0	0	0	
2205.015833	8	3	3	0	1	2	2	4199	294	33	132293	19	9	90	0	0	0	0	0	0	0	0	0	0	0	0	0	0	
2206.022400	8	3	3	0	1	2	2	4199	288	33	132353	19	9	90	0	0	0	0	0	0	0	0	0	0	0	0	0	0	
2207.027517	8	3	3	0	1	2	2	4199	282	33	132413	19	9	90	0	0	0	0	0	0	0	0	0	0	0	0	0	0	
2208.032633	8	3	3	0	1	2	2	4199	279	33	132474	19	9	90	0	0	0	0	0	0	0	0	0	0	0	0	0	0	
2209.019033	8	3	3	0	1	2	2	4199	273	33	132533	19	9	90	0	0	0	0	0	0	0	0	0	0	0	0	0	0	
2210.024167	8	3	3	0	1	2	2	4199	269	33	132593	19	9	90	0	0	0	0	0	0	0	0	0	0	0	0	0	0	
2211.029283	8	3	3	0	1	2	2	4199	264	33	132654	19	9	90	0	0	0	0	0	0	0	0	0	0	0	0	0	0	
2212.015683	8	3	3	0	1	2	2	4198	260	33	132713	19	9	90	0	0	0	0	0	0	0	0	0	0	0	0	0	0	
2213.022233	8	3	3	0	1	2	2	4198	254	33	132773	19	9	90	0	0	0	0	0	0	0	0	0	0	0	0	0	0	
2214.027367	8	3	3	0	1	2	2	4198	249	33	132833	19	9	90	0	0	0	0	0	0	0	0	0	0	0	0	0	0	
2215.032483	8	3	3	0	1	2	2	4198	244	33	132894	19	9	90	0	0	0	0	0	0	0	0	0	0	0	0	0	0	
2216.018883	8	3	3	0	1	2	2	4199	240	33	132953	19	9	90	0	0	0	0	0	0	0	0	0	0	0	0	0	0	
2217.024000	8	3	3	0	1	2	2	4199	237	33	133013	19	9	90	0	0	0	0	0	0	0	0	0	0	0	0	0	0	
2218.029117	8	3	3	0	1	2	2	4199	233	33	133073	19	9	90	0	0	0	0	0	0	0	0	0	0	0	0	0	0	
2219.015517	8	3	3	0	1	2	2	4198	229	33	133133	19	9	90	0	0	0	0	0	0	0	0	0	0	0	0	0	0	
2220.020633	8	3	3	0	1	2	2	4198	224	33	133193	19	9	90	0	0	0	0	0	0	0	0	0	0	0	0	0	0	
2221.025767	8	3	3	0	1	2	2	4198	219	33	133253	19	9	90	0	0	0	0	0	0	0	0	0	0	0	0	0	0	
2222.030883	8	3	3	0	1	2	2	4199	214	33	133314	19	9	90	0	0	0	0	0	0	0	0	0	0	0	0	0	0	
2223.017283	8	3	3	0	1	2	2	4199	210	33	133373	19	9	90	0	0	0	0	0	0	0	0	0	0	0	0	0	0	
2224.023833	8	3	3	0	1	2	2	4199	205	33	133433	19	9	90	0	0	0	0	0	0	0	0	0	0	0	0	0	0	
2225.028967	8	3	3	0	1	2	2	4199	201	33	133493	19	9	90	0	0	0	0	0	0	0	0	0	0	0	0	0	0	
2226.034083	8	3	3	0	1	2	2	4198	197	33	133554	19	9	90	0	0	0	0	0	0	0	0	0	0	0	0	0	0	
2227.020483	8	3	3	0	1	2	2	4199	193	33	133613	19	9	90	0	0	0	0	0	0	0	0	0	0	0	0	0	0	
2228.025600	8	3	3	0	1	2	2	4199	190	33	133673	19	9	90	0	0	0	0	0	0	0	0	0	0	0	0	0	0	
2229.032167	8	3	3	0	1	2	2	4198	185	33	133734	19	9	90	0	0	0	0	0	0	0	0	0	0	0	0	0	0	
2230.018567	8	3	3	0	1	2	2	4199	184	33	133793	19	9	90	0	0	0	0	0	0	0	0	0	0	0	0	0	0	
2231.023683	8	3	3	0	1	2	2	4199	179	33	133853	19	9	90	0	0	0	0	0	0	0	0	0	0	0	0	0	0	
2232.028800	8	3	3	0	1	2	2	4199	176	33	133913	19	9	90	0	0	0	0	0	0	0	0	0	0	0	0	0	0	
2233.033917	8	3	3	0	1	2	2	4198	173	33	133974	19	9	90	0	0	0	0	0	0	0	0	0	0	0	0	0	0	
2234.020317	8	3	3	0	1	2	2	4199	170	33	134033	19	9	90	0	0	0	0	0	0	0	0	0	0	0	0	0	0	
2235.025433	8	3	3	0	1	2	2	4199	166	33	134093	19	9	90	0	0	0	0	0	0	0	0	0	0	0	0	0	0	
2236.030567	8	3	3	0	1	2	2	4199	164	33	134153	19	9	90	0	0	0	0	0	0	0	0	0	0	0	0	0	0	
2237.016967	8	3	3	0	1	2	2	4198	161	33	134213	19	9	90	0	0	0	0	0	0	0	0	0	0	0	0	0	0	
2238.023517	8	3	3	0	1	2	2	4199	159	33	134273	19	9	90	0	0	0	0	0	0	0	0	0	0	0	0	0	0	
2239.028633	8	3	3	0	1	2	2	4199	155	33	134333	19	9	90	0	0	0	0	0	0	0	0	0	0	0	0	0	0	
2240.033767	8	3	3	0	1	2	2	4199	152	33	134394	19	9	90	0	0	0	0	0	0	0	0	0	0	0	0	0	0	
2241.020167	8	3	3	0	1	2	2	4198	150	33	134453	19	9	90	0	0	0	0	0	0	0	0	0	0	0	0	0	0	
2242.029600	8	3	3	0	1	2	2	4198	147	33	134513	19	9	90	0	0	0	0	0	0	0	0	0	0	0	0	0	0	
2243.034717	8	3	3	0	1	2	2	4198	144	33	134574	19	9	90	0	0	0	0	0	0	0	0	0	0	0	0	0	0	
2244.021117	8	3	3	0	1	2	2	4198	142	33	134633	19	9	90	0	0	0	0	0	0	0	0	0	0	0	0	0	0	
2245.027683	8	3	3	0	1	2	2	4199	140	33	134693	19	9	90	0	0	0	0	0	0	0	0	0	0	0	0	0	0	
2246.032800	8	3	3	0	1	2	2	4199	137	33	134754	19	9	90	0	0	0	0	0	0	0	0	0	0	0	0	0	0	
2247.019200	8	3	3	0	1	2	2	4199	134	33	134813	19	9	90	0	0	0	0	0	0	0	0	0	0	0	0	0	0	
2248.024317	8	3	3	0	1	2	2	4199	131	33	134873	19	9	90	0	0	0	0	0	0	0	0	0	0	0	0	0	0	
2249.029433	8	3	3	0	1	2	2	4199	129	33	134933	19	9	90	0	0	0	0	0	0	0	0	0	0	0	0	0	0	
2250.034567	8	3	3	0	1	2	2	4199	127	33	134994	19	9	90	0	0	0	0	0	0	0	0	0	0	0	0	0	0	
2251.020967	8	3	3	0	1	2	2	4198	124	33	135053	19	9	90	0	0	0	0	0	0	0	0	0	0	0	0	0	0	
2252.026083	8	3	3	0	1	2	2	4199	122	33	135113	19	9	90	0	0	0	0	0	0	0	0	0	0	0	0	0	0	
2253.031200	8	3	3	0	1	2	2	4198	120	33	135173	19	9	90	0	0	0	0	0	0	0	0	0	0	0	0	0	0	
2254.017600	8	3	3	0	1	2	2	4198	118	33	135233	19	9	90	0	0	0	0	0	0	0	0	0	0	0	0	0	0	
2255.022717	8	3	3	0	1	2	2	4199	115	33	135293	19	9	90	0	0	0	0	0	0	0	0	0	0	0	0	0	0	
2256.029283	8	3	3	0	1	2	2	4198	113	33	135353	19	9	90	0	0	0	0	0	0	0	0	0	0	0	0	0	0	
2257.034400	8	3	3	0	1	2	2	4198	111	33	135414	19	9	90	0	0	0	0	0	0	0	0	0	0	0	0	0	0	
2258.020800	8	3	3	0	1	2	2	4199	109	33	135473	19	9	90	0	0	0	0	0	0	0	0	0	0	0	0	0	0	
2259.025917	8	3	3	0	1	2	2	4198	108	33	135533	19	9	90	0	0	0	0	0	0	0	0	0	0	0	0	0	0	
2260.031033	8	3	3	0	1	2	2	4198	105	33	135593	19	9	90	0	0	0	0	0	0	0	0	0	0	0	0	0	0	
2261.036167	8	3	3	0	1	2	2	4199	103	33	135654	19	9	90	0	0	0	0	0	0	0	0	0	0	0	0	0	0	
2262.022567	8	3	3	0	1	2	2	4198	101	33	135713	19	9	90	0	0	0	0	0	0	0	0	0	0	0	0	0	0	
2263.027683	8	3	3	0	1	2	2	4199	99	33	135773	19	9	90	0	0	0	0	0	0	0	0	0	0	0	0	0	0	
2264.032800	8	3	3	0	1	2	2	4198	97	33	135833	19	9	90	0	0	0	0	0	0	0	0	0	0	0	0	0	0	
2265.019200	8	3	3	0	1	2	2	4198	96	33	135893	19	9	90	0	0	0	0	0	0	0	0	0	0	0	0	0	0	
2266.025767	8	3	3	0	1	2	2	4198	94	33	135953	19	9	90	0	0	0	0	0	0	0	0	0	0	0	0	0	0	
2267.030883	8	3	3	0	1	2	2	4199	92	33	136013	19	9	90	0	0	0	0	0	0	0	0	0	0	0	0	0	0	
2268.036000	8	3	3	0	1	2	2	4198	91	33	136074	19	9	90	0	0	0	0	0	0	0	0	0	0	0	0	0	0	
2269.022400	8	3	3	0	1	2	2	4198	88	33	136133	19	9	90	0	0	0	0	0	0	0	0	0	0	0	0	0	0	
2270.027517	8	3	3	0	1	2	2	4199	87	33	136193	19	9	90	0	0	0	0	0	0	0	0	0	0	0	0	0	0	
2271.032633	8	3	3	0	1	2	2	4198	85	33	136253	19	9	90	0	0	0	0	0	0	0	0	0	0	0	0	0	0	
2272.019033	8	3	3	0	1	2	2	4198	84	33	136313	19	9	90	0	0	0	0	0	0	0	0	0	0	0	0	0	0	
2273.024167	8	3	3	0	1	2	2	4199	83	33	136373	19	9	90	0	0	0	0	0	0	0	0	0	0	0	0	0	0	
2274.029283	8	3	3	0	1	2	2	4198	81	33	136433	19	9	90	0	0	0	0	0	0	0	0	0	0	0	0	0	0	
2275.034400	8	3	3	0	1	2	2	4198	79	33	136494	19	9	90	0	0	0	0	0	0	0	0	0	0	0	0	0	0	
2276.022233	8	3	3	0	1	2	2	4198	78	33	136553	19	9	90	0	0	0	0	0	0	0	0	0	0	0	0	0	0	
2277.027367	8	3	3	0	1	2	2	4199	76	33	136613	19	9	90	0	0	0	0	0	0	0	0	0	0	0	0	0	0	
2278.032483	8	3	3	0	1	2	2	4198	75	33	136673	19	9	90	0	0	0	0	0	0	0	0	0	0	0	0	0	0	
2279.037600	8	3	3	0	1	2	2	4198	74	33	136734	19	9	90	0	0	0	0	0	0	0	0	0	0	0	0	0	0	
2280.024000	8	3	3	0	1	2	2	4198	72	33	136793	19	9	90	0	0	0	0	0	0	0	0	0	0	0	0	0	0	
2281.029117	8	3	3	0	1	2	2	4198	72	33	136853	19	9	90	0	0	0	0	0	0	0	0	0	0	0	0	0	0	
2282.034233	8	3	3	0	1	2	2	4198	69	33	136913	19	9	90	0	0	0	0	0	0	0	0	0	0	0	0	0	0	
2283.020633	8	3	3	0	1	2	2	4198	69	33	136973	19	9	90	0	0	0	0	0	0	0	0	0	0	0	0	0	0	
2283.876000	8	6	3	0	2	7	1	3611	-1350	33	137024	19	10	0	0	0	0	0	0	0	0	0	0	0	0	0	0	0	
2284.027200	8	6	3	0	2	7	1	3621	-1350	33	137033	19	10	0	0	0	0	0	0	0	0	0	0	0	0	0	0	0	
2285.032317	8	6	3	0	2	7	1	3584	-1350	33	137093	19	10	1	0	0	0	0	0	0	0	0	0	0	0	0	0	0	
2286.038883	8	6	3	0	2	7	1	3569	-1349	33	137154	19	10	3	0	0	0	0	0	0	0	0	0	0	0	0	0	0	
2287.025283	8	6	3	0	2	7	1	3556	-1351	33	137213	19	10	5	0	0	0	0	0	0	0	0	0	0	0	0	0	0	
2288.030400	8	6	3	0	2	7	1	3540	-1349	33	137273	19	10	6	0	0	0	0	0	0	0	0	0	0	0	0	0	0	
2289.035517	8	6	3	0	2	7	1	3519	-1348	33	137333	19	10	8	0	0	0	0	0	0	0	0	0	0	0	0	0	0	
2290.021917	8	6	3	0	2	7	1	3502	-1349	33	137393	19	10	10	0	0	0	0	0	0	0	0	0	0	0	0	0	0	
2291.027033	8	6	3	0	2	7	1	3484	-1350	33	137453	19	10	11	0	0	0	0	0	0	0	0	0	0	0	0	0	0	
2292.032167	8	6	3	0	2	7	1	3468	-1351	33	137513	19	10	13	0	0	0	0	0	0	0	0	0	0	0	0	0	0	
2293.037283	8	6	3	0	2	7	1	3451	-1349	33	137574	19	10	15	0	0	0	0	0	0	0	0	0	0	0	0	0	0	
2294.025117	8	6	3	0	2	7	1	3433	-1349	33	137633	19	10	16	0	0	0	0	0	0	0	0	0	0	0	0	0	0	
2295.030233	8	6	3	0	2	7	1	3418	-1352	33	137693	19	10	18	0	0	0	0	0	0	0	0	0	0	0	0	0	0	
2296.036800	8	6	3	0	2	7	1	3397	-1349	33	137754	19	10	20	0	0	0	0	0	0	0	0	0	0	0	0	0	0	
2297.023200	8	6	3	0	2	7	1	3387	-1346	33	137813	19	10	21	0	0	0	0	0	0	0	0	0	0	0	0	0	0	
2298.028317	8	6	3	0	2	7	1	3371	-1351	33	137873	19	10	23	0	0	0	0	0	0	0	0	0	0	0	0	0	0	
2299.033433	8	6	3	0	2	7	1	3358	-1349	33	137933	19	10	25	0	0	0	0	0	0	0	0	0	0	0	0	0	0	
2300.038567	8	6	3	0	2	7	1	3344	-1349	33	137994	19	10	26	0	0	0	0	0	0	0	0	0	0	0	0	0	0	
2301.024967	8	6	3	0	2	7	1	3334	-1350	33	138053	19	10	28	0	0	0	0	0	0	0	0	0	0	0	0	0	0	
2302.030083	8	6	3	0	2	7	1	3321	-1351	33	138113	19	10	29	0	0	0	0	0	0	0	0	0	0	0	0	0	0	
2303.036633	8	6	3	0	2	7	1	3311	-1350	33	138173	19	10	31	0	0	0	0	0	0	0	0	0	0	0	0	0	0	
2304.023033	8	6	3	0	2	7	1	3300	-1350	33	138233	19	10	33	0	0	0	0	0	0	0	0	0	0	0	0	0	0	
2305.028167	8	6	3	0	2	7	1	3291	-1351	33	138293	19	10	34	0	0	0	0	0	0	0	0	0	0	0	0	0	0	
2306.033283	8	6	3	0	2	7	1	3282	-1350	33	138353	19	10	36	0	0	0	0	0	0	0	0	0	0	0	0	0	0	
2307.038400	8	6	3	0	2	7	1	3274	-1350	33	138414	19	10	38	0	0	0	0	0	0	0	0	0	0	0	0	0	0	
2308.024800	8	6	3	0	2	7	1	3264	-1349	33	138473	19	10	39	0	0	0	0	0	0	0	0	0	0	0	0	0	0	
2309.029917	8	6	3	0	2	7	1	3254	-1349	33	138533	19	10	41	0	0	0	0	0	0	0	0	0	0	0	0	0	0	
2310.035033	8	6	3	0	2	7	1	3246	-1351	33	138593	19	10	43	0	0	0	0	0	0	0	0	0	0	0	0	0	0	
2311.022883	8	6	3	0	2	7	1	3238	-1350	33	138653	19	10	44	0	0	0	0	0	0	0	0	0	0	0	0	0	0	
2312.028000	8	6	3	0	2	7	1	3230	-1351	33	138713	19	10	46	0	0	0	0	0	0	0	0	0	0	0	0	0	0	
2313.033117	8	6	3	0	2	7	1	3223	-1350	33	138773	19	10	48	0	0	0	0	0	0	0	0	0	0	0	0	0	0	
2314.038233	8	6	3	0	2	7	1	3216	-1350	33	138834	19	10	49	0	0	0	0	0	0	0	0	0	0	0	0	0	0	
2315.024633	8	6	3	0	2	7	1	3209	-1349	34	138893	19	10	51	0	0	0	0	0	0	0	0	0	0	0	0	0	0	
2316.029767	8	6	3	0	2	7	1	3203	-1350	33	138953	19	10	53	0	0	0	0	0	0	0	0	0	0	0	0	0	0	
2317.034883	8	6	3	0	2	7	1	3196	-1348	34	139013	19	10	54	0	0	0	0	0	0	0	0	0	0	0	0	0	0	
2318.040000	8	6	3	0	2	7	1	3190	-1351	34	139074	19	10	56	0	0	0	0	0	0	0	0	0	0	0	0	0	0	
2319.026400	8	6	3	0	2	7	1	3184	-1347	34	139133	19	10	58	0	0	0	0	0	0	0	0	0	0	0	0	0	0	
2320.032967	8	6	3	0	2	7	1	3178	-1350	34	139193	19	10	59	0	0	0	0	0	0	0	0	0	0	0	0	0	0	
2321.038083	8	6	3	0	2	7	1	3169	-1350	33	139253	19	10	61	0	0	0	0	0	0	0	0	0	0	0	0	0	0	
2322.024483	8	6	3	0	2	7	1	3162	-1349	34	139313	19	10	63	0	0	0	0	0	0	0	0	0	0	0	0	0	0	
2323.029600	8	6	3	0	2	7	1	3156	-1348	34	139373	19	10	64	0	0	0	0	0	0	0	0	0	0	0	0	0	0	
2324.034717	8	6	3	0	2	7	1	3151	-1350	33	139433	19	10	66	0	0	0	0	0	0	0	0	0	0	0	0	0	0	
2325.039833	8	6	3	0	2	7	1	3144	-1351	33	139494	19	10	68	0	0	0	0	0	0	0	0	0	0	0	0	0	0	
2326.026233	8	6	3	0	2	7	1	3138	-1347	33	139553	19	10	69	0	0	0	0	0	0	0	0	0	0	0	0	0	0	
2327.031367	8	6	3	0	2	7	1	3131	-1350	34	139613	19	10	71	0	0	0	0	0	0	0	0	0	0	0	0	0	0	
2328.036483	8	6	3	0	2	7	1	3124	-1349	34	139673	19	10	73	0	0	0	0	0	0	0	0	0	0	0	0	0	0	
2329.024317	8	6	3	0	2	7	1	3117	-1351	34	139733	19	10	74	0	0	0	0	0	0	0	0	0	0	0	0	0	0	
2330.029433	8	6	3	0	2	7	1	3109	-1350	34	139793	19	10	76	0	0	0	0	0	0	0	0	0	0	0	0	0	0	
2331.034567	8	6	3	0	2	7	1	3099	-1350	33	139853	19	10	78	0	0	0	0	0	0	0	0	0	0	0	0	0	0	
2332.039683	8	6	3	0	2	7	1	3086	-1351	34	139914	19	10	79	0	0	0	0	0	0	0	0	0	0	0	0	0	0	
2333.026083	8	6	3	0	2	7	1	3071	-1350	34	139973	19	10	81	0	0	0	0	0	0	0	0	0	0	0	0	0	0	
2334.031200	8	6	3	0	2	7	1	3051	-1348	34	140033	19	10	83	0	0	0	0	0	0	0	0	0	0	0	0	0	0	
2335.036317	8	6	3	0	2	7	1	3027	-1350	34	140093	19	10	84	0	0	0	0	0	0	0	0	0	0	0	0	0	0	
2336.041433	8	6	3	0	2	7	1	2993	-1349	34	140154	19	10	86	0	0	0	0	0	0	0	0	0	0	0	0	0	0	
2337.029283	8	6	3	0	2	7	1	2942	-1349	34	140213	19	10	88	0	0	0	0	0	0	0	0	0	0	0	0	0	0	
2338.034400	8	6	3	0	2	7	1	2850	-1349	34	140273	19	10	89	0	0	0	0	0	0	0	0	0	0	0	0	0	0	
2338.907033	8	15	3	0	1	31	2	3045	36	34	140326	20	10	91	0	0	0	0	0	0	0	0	0	0	0	0	0	0	
2338.927200	8	3	3	0	1	2	2	3501	677	34	140327	21	10	91	0	0	0	0	0	0	0	0	0	0	0	0	0	0	
2339.042400	8	3	3	0	1	2	2	3551	675	33	140334	21	10	91	0	0	0	0	0	0	0	0	0	0	0	0	0	0	
2340.028800	8	3	3	0	1	2	2	3710	674	34	140393	21	10	91	0	0	0	0	0	0	0	0	0	0	0	0	0	0	
2341.033917	8	3	3	0	1	2	2	3791	675	34	140453	21	10	91	0	0	0	0	0	0	0	0	0	0	0	0	0	0	
2342.040483	8	3	3	0	1	2	2	3848	675	34	140514	21	10	91	0	0	0	0	0	0	0	0	0	0	0	0	0	0	
2343.026883	8	3	3	0	1	2	2	3891	675	34	140573	21	10	91	0	0	0	0	0	0	0	0	0	0	0	0	0	0	
2344.032000	8	3	3	0	1	2	2	3929	675	34	140633	21	10	91	0	0	0	0	0	0	0	0	0	0	0	0	0	0	
2345.037117	8	3	3	0	1	2	2	3950	674	34	140693	21	10	91	0	0	0	0	0	0	0	0	0	0	0	0	0	0	
2346.042233	8	3	3	0	1	2	2	3959	674	34	140754	21	10	91	0	0	0	0	0	0	0	0	0	0	0	0	0	0	
2347.028633	8	3	3	0	1	2	2	3967	674	34	140813	21	10	91	0	0	0	0	0	0	0	0	0	0	0	0	0	0	
2348.033767	8	3	3	0	1	2	2	3973	674	34	140873	21	10	91	0	0	0	0	0	0	0	0	0	0	0	0	0	0	
2349.038883	8	3	3	0	1	2	2	3980	674	34	140933	21	10	91	0	0	0	0	0	0	0	0	0	0	0	0	0	0	
2350.025283	8	3	3	0	1	2	2	3986	675	33	140993	21	10	91	0	0	0	0	0	0	0	0	0	0	0	0	0	0	
2351.030400	8	3	3	0	1	2	2	3991	674	33	141053	21	10	91	0	0	0	0	0	0	0	0	0	0	0	0	0	0	
2352.035517	8	3	3	0	1	2	2	3996	674	33	141113	21	10	91	0	0	0	0	0	0	0	0	0	0	0	0	0	0	
2353.042083	8	3	3	0	1	2	2	4002	674	34	141174	21	10	91	0	0	0	0	0	0	0	0	0	0	0	0	0	0	
2354.028483	8	3	3	0	1	2	2	4007	675	33	141233	21	10	91	0	0	0	0	0	0	0	0	0	0	0	0	0	0	
2355.033600	8	3	3	0	1	2	2	4013	675	34	141293	21	10	91	0	0	0	0	0	0	0	0	0	0	0	0	0	0	
2356.038717	8	3	3	0	1	2	2	4018	675	34	141353	21	10	91	0	0	0	0	0	0	0	0	0	0	0	0	0	0	
2357.043833	8	3	3	0	1	2	2	4024	675	34	141414	21	10	91	0	0	0	0	0	0	0	0	0	0	0	0	0	0	
2358.030233	8	3	3	0	1	2	2	4031	675	33	141473	21	10	91	0	0	0	0	0	0	0	0	0	0	0	0	0	0	
2359.035367	8	3	3	0	1	2	2	4036	674	33	141533	21	10	91	0	0	0	0	0	0	0	0	0	0	0	0	0	0	
2360.040483	8	3	3	0	1	2	2	4042	674	33	141594	21	10	91	0	0	0	0	0	0	0	0	0	0	0	0	0	0	
2361.026883	8	3	3	0	1	2	2	4047	673	33	141653	21	10	91	0	0	0	0	0	0	0	0	0	0	0	0	0	0	
2362.033433	8	3	3	0	1	2	2	4053	674	33	141713	21	10	91	0	0	0	0	0	0	0	0	0	0	0	0	0	0	
2363.038567	8	3	3	0	1	2	2	4058	674	33	141773	21	10	91	0	0	0	0	0	0	0	0	0	0	0	0	0	0	
2364.043683	8	3	3	0	1	2	2	4062	675	33	141834	21	10	91	0	0	0	0	0	0	0	0	0	0	0	0	0	0	
2365.030083	8	3	3	0	1	2	2	4066	674	33	141893	21	10	91	0	0	0	0	0	0	0	0	0	0	0	0	0	0	
2366.035200	8	3	3	0	1	2	2	4069	674	33	141953	21	10	91	0	0	0	0	0	0	0	0	0	0	0	0	0	0	
2367.040317	8	3	3	0	1	2	2	4072	674	33	142013	21	10	91	0	0	0	0	0	0	0	0	0	0	0	0	0	0	
2368.028167	8	3	3	0	1	2	2	4076	675	33	142073	21	10	91	0	0	0	0	0	0	0	0	0	0	0	0	0	0	
2369.033283	8	3	3	0	1	2	2	4079	675	33	142133	21	10	91	0	0	0	0	0	0	0	0	0	0	0	0	0	0	
2370.038400	8	3	3	0	1	2	2	4082	675	33	142193	21	10	91	0	0	0	0	0	0	0	0	0	0	0	0	0	0	
2371.043517	8	3	3	0	1	2	2	4084	674	33	142254	21	10	91	0	0	0	0	0	0	0	0	0	0	0	0	0	0	
2372.029917	8	3	3	0	1	2	2	4087	675	33	142313	21	10	91	0	0	0	0	0	0	0	0	0	0	0	0	0	0	
2373.035033	8	3	3	0	1	2	2	4089	675	33	142373	21	10	91	0	0	0	0	0	0	0	0	0	0	0	0	0	0	
2374.040167	8	3	3	0	1	2	2	4092	675	33	142433	21	10	91	0	0	0	0	0	0	0	0	0	0	0	0	0	0	
2375.045283	8	3	3	0	1	2	2	4094	675	33	142494	21	10	91	0	0	0	0	0	0	0	0	0	0	0	0	0	0	
2376.033117	8	3	3	0	1	2	2	4097	675	33	142553	21	10	91	0	0	0	0	0	0	0	0	0	0	0	0	0	0	
2377.038233	8	3	3	0	1	2	2	4099	674	33	142613	21	10	91	0	0	0	0	0	0	0	0	0	0	0	0	0	0	
2378.043367	8	3	3	0	1	2	2	4102	675	33	142674	21	10	91	0	0	0	0	0	0	0	0	0	0	0	0	0	0	
2379.029767	8	3	3	0	1	2	2	4105	675	33	142733	21	10	91	0	0	0	0	0	0	0	0	0	0	0	0	0	0	
2380.034883	8	3	3	0	1	2	2	4107	674	33	142793	21	10	91	0	0	0	0	0	0	0	0	0	0	0	0	0	0	
2381.040000	8	3	3	0	1	2	2	4111	675	33	142853	21	10	91	0	0	0	0	0	0	0	0	0	0	0	0	0	0	
2382.045117	8	3	3	0	1	2	2	4113	674	33	142914	21	10	91	0	0	0	0	0	0	0	0	0	0	0	0	0	0	
2383.032967	8	3	3	0	1	2	2	4116	674	33	142973	21	10	91	0	0	0	0	0	0	0	0	0	0	0	0	0	0	
2384.039517	8	3	3	0	1	2	2	4116	667	33	143033	21	10	91	0	0	0	0	0	0	0	0	0	0	0	0	0	0	
2385.044633	8	3	3	0	1	2	2	4119	665	33	143094	21	10	91	0	0	0	0	0	0	0	0	0	0	0	0	0	0	
2386.031033	8	3	3	0	1	2	2	4122	665	33	143153	21	10	91	0	0	0	0	0	0	0	0	0	0	0	0	0	0	
2387.041917	8	3	3	0	1	2	2	4125	663	33	143213	21	10	91	0	0	0	0	0	0	0	0	0	0	0	0	0	0	
2388.047033	8	3	3	0	1	2	2	4129	666	33	143274	21	10	91	0	0	0	0	0	0	0	0	0	0	0	0	0	0	
2389.033433	8	3	3	0	1	2	2	4133	667	33	143333	21	10	91	0	0	0	0	0	0	0	0	0	0	0	0	0	0	
2390.038567	8	3	3	0	1	2	2	4135	665	33	143393	21	10	91	0	0	0	0	0	0	0	0	0	0	0	0	0	0	
2391.043683	8	3	3	0	1	2	2	4138	666	33	143454	21	10	91	0	0	0	0	0	0	0	0	0	0	0	0	0	0	
2392.030083	8	3	3	0	1	2	2	4141	664	33	143513	21	10	91	0	0	0	0	0	0	0	0	0	0	0	0	0	0	
2393.035200	8	3	3	0	1	2	2	4144	663	33	143573	21	10	91	0	0	0	0	0	0	0	0	0	0	0	0	0	0	
2394.040317	8	3	3	0	1	2	2	4148	663	33	143633	21	10	91	0	0	0	0	0	0	0	0	0	0	0	0	0	0	
2395.046883	8	3	3	0	1	2	2	4150	661	33	143694	21	10	91	0	0	0	0	0	0	0	0	0	0	0	0	0	0	
2396.031833	8	3	3	0	1	2	2	4154	662	33	143753	21	10	91	0	0	0	0	0	0	0	0	0	0	0	0	0	0	
2397.038400	8	3	3	0	1	2	2	4157	661	33	143813	21	10	91	0	0	0	0	0	0	0	0	0	0	0	0	0	0	
2398.043517	8	3	3	0	1	2	2	4161	660	33	143873	21	10	91	0	0	0	0	0	0	0	0	0	0	0	0	0	0	
2399.029917	8	3	3	0	1	2	2	4164	661	33	143933	21	10	91	0	0	0	0	0	0	0	0	0	0	0	0	0	0	
2400.035033	8	3	3	0	1	2	2	4168	660	33	143993	21	10	91	0	0	0	0	0	0	0	0	0	0	0	0	0	0	
2401.040167	8	3	3	0	1	2	2	4171	658	33	144053	21	10	91	0	0	0	0	0	0	0	0	0	0	0	0	0	0	
2402.045283	8	3	3	0	1	2	2	4176	658	33	144114	21	10	91	0	0	0	0	0	0	0	0	0	0	0	0	0	0	
2403.031683	8	3	3	0	1	2	2	4179	656	33	144173	21	10	91	0	0	0	0	0	0	0	0	0	0	0	0	0	0	
2404.038233	8	3	3	0	1	2	2	4183	656	33	144233	21	10	91	0	0	0	0	0	0	0	0	0	0	0	0	0	0	
2405.043367	8	3	3	0	1	2	2	4187	655	33	144293	21	10	91	0	0	0	0	0	0	0	0	0	0	0	0	0	0	
2406.048483	8	3	3	0	1	2	2	4192	654	33	144354	21	10	91	0	0	0	0	0	0	0	0	0	0	0	0	0	0	
2407.034883	8	3	3	0	1	2	2	4196	652	33	144413	21	10	91	0	0	0	0	0	0	0	0	0	0	0	0	0	0	
2408.040000	8	3	3	0	1	2	2	4198	644	33	144473	21	10	91	0	0	0	0	0	0	0	0	0	0	0	0	0	0	
2409.045117	8	3	3	0	1	2	2	4198	627	33	144534	21	10	91	0	0	0	0	0	0	0	0	0	0	0	0	0	0	
2410.031517	8	3	3	0	1	2	2	4198	615	33	144593	21	10	91	0	0	0	0	0	0	0	0	0	0	0	0	0	0	
2411.036633	8	3	3	0	1	2	2	4198	602	33	144653	21	10	91	0	0	0	0	0	0	0	0	0	0	0	0	0	0	
2412.041767	8	3	3	0	1	2	2	4199	590	33	144713	21	10	91	0	0	0	0	0	0	0	0	0	0	0	0	0	0	
2413.048317	8	3	3	0	1	2	2	4198	576	33	144774	21	10	91	0	0	0	0	0	0	0	0	0	0	0	0	0	0	
2414.034717	8	3	3	0	1	2	2	4198	563	33	144833	21	10	91	0	0	0	0	0	0	0	0	0	0	0	0	0	0	
2415.039833	8	3	3	0	1	2	2	4199	549	33	144893	21	10	91	0	0	0	0	0	0	0	0	0	0	0	0	0	0	
2416.044967	8	3	3	0	1	2	2	4198	537	33	144953	21	10	91	0	0	0	0	0	0	0	0	0	0	0	0	0	0	
2417.031367	8	3	3	0	1	2	2	4198	525	33	145013	21	10	91	0	0	0	0	0	0	0	0	0	0	0	0	0	0	
2418.036483	8	3	3	0	1	2	2	4198	513	33	145073	21	10	91	0	0	0	0	0	0	0	0	0	0	0	0	0	0	
2419.041600	8	3	3	0	1	2	2	4198	504	33	145133	21	10	91	0	0	0	0	0	0	0	0	0	0	0	0	0	0	
2420.046717	8	3	3	0	1	2	2	4198	495	33	145194	21	10	91	0	0	0	0	0	0	0	0	0	0	0	0	0	0	
2421.033117	8	3	3	0	1	2	2	4198	484	33	145253	21	10	91	0	0	0	0	0	0	0	0	0	0	0	0	0	0	
2422.039683	8	3	3	0	1	2	2	4198	473	33	145313	21	10	91	0	0	0	0	0	0	0	0	0	0	0	0	0	0	
2423.044800	8	3	3	0	1	2	2	4198	463	33	145373	21	10	91	0	0	0	0	0	0	0	0	0	0	0	0	0	0	
2424.031200	8	3	3	0	1	2	2	4198	452	33	145433	21	10	91	0	0	0	0	0	0	0	0	0	0	0	0	0	0	
2425.036317	8	3	3	0	1	2	2	4199	440	33	145493	21	10	91	0	0	0	0	0	0	0	0	0	0	0	0	0	0	
2426.041433	8	3	3	0	1	2	2	4199	429	33	145553	21	10	91	0	0	0	0	0	0	0	0	0	0	0	0	0	0	
2427.046567	8	3	3	0	1	2	2	4198	418	33	145614	21	10	91	0	0	0	0	0	0	0	0	0	0	0	0	0	0	
2428.032967	8	3	3	0	1	2	2	4199	408	33	145673	21	10	91	0	0	0	0	0	0	0	0	0	0	0	0	0	0	
2429.039517	8	3	3	0	1	2	2	4199	400	33	145733	21	10	91	0	0	0	0	0	0	0	0	0	0	0	0	0	0	
2430.044633	8	3	3	0	1	2	2	4198	396	33	145793	21	10	91	0	0	0	0	0	0	0	0	0	0	0	0	0	0	
2431.049767	8	3	3	0	1	2	2	4199	390	33	145854	21	10	91	0	0	0	0	0	0	0	0	0	0	0	0	0	0	
2432.036167	8	3	3	0	1	2	2	4199	383	33	145913	21	10	91	0	0	0	0	0	0	0	0	0	0	0	0	0	0	
2433.041283	8	3	3	0	1	2	2	4198	377	33	145973	21	10	91	0	0	0	0	0	0	0	0	0	0	0	0	0	0	
2434.046400	8	3	3	0	1	2	2	4198	366	33	146034	21	10	91	0	0	0	0	0	0	0	0	0	0	0	0	0	0	
2435.032800	8	3	3	0	1	2	2	4199	361	33	146093	21	10	91	0	0	0	0	0	0	0	0	0	0	0	0	0	0	
2436.037917	8	3	3	0	1	2	2	4198	356	33	146153	21	10	91	0	0	0	0	0	0	0	0	0	0	0	0	0	0	
2437.043033	8	3	3	0	1	2	2	4198	349	33	146213	21	10	91	0	0	0	0	0	0	0	0	0	0	0	0	0	0	
2438.049600	8	3	3	0	1	2	2	4199	341	33	146274	21	10	91	0	0	0	0	0	0	0	0	0	0	0	0	0	0	
2439.036000	8	3	3	0	1	2	2	4198	332	33	146333	21	10	91	0	0	0	0	0	0	0	0	0	0	0	0	0	0	
2440.041117	8	3	3	0	1	2	2	4198	327	33	146393	21	10	91	0	0	0	0	0	0	0	0	0	0	0	0	0	0	
2441.046233	8	3	3	0	1	2	2	4199	321	33	146453	21	10	91	0	0	0	0	0	0	0	0	0	0	0	0	0	0	
2442.032633	8	3	3	0	1	2	2	4199	314	33	146513	21	10	91	0	0	0	0	0	0	0	0	0	0	0	0	0	0	
2443.037767	8	3	3	0	1	2	2	4198	308	33	146573	21	10	91	0	0	0	0	0	0	0	0	0	0	0	0	0	0	
2444.042883	8	3	3	0	1	2	2	4199	302	33	146633	21	10	91	0	0	0	0	0	0	0	0	0	0	0	0	0	0	
2445.048000	8	3	3	0	1	2	2	4199	296	33	146694	21	10	91	0	0	0	0	0	0	0	0	0	0	0	0	0	0	
2446.035833	8	3	3	0	1	2	2	4199	289	33	146753	21	10	91	0	0	0	0	0	0	0	0	0	0	0	0	0	0	
2447.040967	8	3	3	0	1	2	2	4199	283	33	146813	21	10	91	0	0	0	0	0	0	0	0	0	0	0	0	0	0	
2448.046083	8	3	3	0	1	2	2	4199	277	33	146873	21	10	91	0	0	0	0	0	0	0	0	0	0	0	0	0	0	
2449.051200	8	3	3	0	1	2	2	4199	271	33	146934	21	10	91	0	0	0	0	0	0	0	0	0	0	0	0	0	0	
2450.037600	8	3	3	0	1	2	2	4199	264	33	146993	21	10	91	0	0	0	0	0	0	0	0	0	0	0	0	0	0	
2451.042717	8	3	3	0	1	2	2	4198	259	33	147053	21	10	91	0	0	0	0	0	0	0	0	0	0	0	0	0	0	
2452.047833	8	3	3	0	1	2	2	4198	253	33	147114	21	10	91	0	0	0	0	0	0	0	0	0	0	0	0	0	0	
2453.035683	8	3	3	0	1	2	2	4199	248	33	147173	21	10	91	0	0	0	0	0	0	0	0	0	0	0	0	0	0	
2454.040800	8	3	3	0	1	2	2	4198	242	33	147233	21	10	91	0	0	0	0	0	0	0	0	0	0	0	0	0	0	
2455.045917	8	3	3	0	1	2	2	4198	238	33	147293	21	10	91	0	0	0	0	0	0	0	0	0	0	0	0	0	0	
2456.051033	8	3	3	0	1	2	2	4199	233	33	147354	21	10	91	0	0	0	0	0	0	0	0	0	0	0	0	0	0	
2457.037433	8	3	3	0	1	2	2	4198	230	33	147413	21	10	91	0	0	0	0	0	0	0	0	0	0	0	0	0	0	
2458.042567	8	3	3	0	1	2	2	4198	225	33	147473	21	10	91	0	0	0	0	0	0	0	0	0	0	0	0	0	0	
2459.047683	8	3	3	0	1	2	2	4199	221	33	147533	21	10	91	0	0	0	0	0	0	0	0	0	0	0	0	0	0	
2460.034083	8	3	3	0	1	2	2	4199	217	33	147593	21	10	91	0	0	0	0	0	0	0	0	0	0	0	0	0	0	
2461.040633	8	3	3	0	1	2	2	4199	213	33	147653	21	10	91	0	0	0	0	0	0	0	0	0	0	0	0	0	0	
2462.045767	8	3	3	0	1	2	2	4199	209	33	147713	21	10	91	0	0	0	0	0	0	0	0	0	0	0	0	0	0	
2463.050883	8	3	3	0	1	2	2	4198	205	33	147774	21	10	91	0	0	0	0	0	0	0	0	0	0	0	0	0	0	
2464.037283	8	3	3	0	1	2	2	4199	201	33	147833	21	10	91	0	0	0	0	0	0	0	0	0	0	0	0	0	0	
2465.042400	8	3	3	0	1	2	2	4199	198	33	147893	21	10	91	0	0	0	0	0	0	0	0	0	0	0	0	0	0	
2466.047517	8	3	3	0	1	2	2	4198	195	33	147953	21	10	91	0	0	0	0	0	0	0	0	0	0	0	0	0	0	
2467.033917	8	3	3	0	1	2	2	4199	192	33	148013	21	10	91	0	0	0	0	0	0	0	0	0	0	0	0	0	0	
2468.040483	8	3	3	0	1	2	2	4198	188	33	148073	21	10	91	0	0	0	0	0	0	0	0	0	0	0	0	0	0	
2469.045600	8	3	3	0	1	2	2	4198	185	33	148133	21	10	91	0	0	0	0	0	0	0	0	0	0	0	0	0	0	
2470.050717	8	3	3	0	1	2	2	4199	182	33	148194	21	10	91	0	0	0	0	0	0	0	0	0	0	0	0	0	0	
2471.037117	8	3	3	0	1	2	2	4198	178	33	148253	21	10	91	0	0	0	0	0	0	0	0	0	0	0	0	0	0	
2472.042233	8	3	3	0	1	2	2	4199	175	33	148313	21	10	91	0	0	0	0	0	0	0	0	0	0	0	0	0	0	
2473.047367	8	3	3	0	1	2	2	4198	171	33	148373	21	10	91	0	0	0	0	0	0	0	0	0	0	0	0	0	0	
2474.052483	8	3	3	0	1	2	2	4198	167	33	148434	21	10	91	0	0	0	0	0	0	0	0	0	0	0	0	0	0	
2475.038883	8	3	3	0	1	2	2	4198	163	33	148493	21	10	91	0	0	0	0	0	0	0	0	0	0	0	0	0	0	
2476.044000	8	3	3	0	1	2	2	4199	160	33	148553	21	10	91	0	0	0	0	0	0	0	0	0	0	0	0	0	0	
2477.050567	8	3	3	0	1	2	2	4199	156	33	148613	21	10	91	0	0	0	0	0	0	0	0	0	0	0	0	0	0	
2478.036967	8	3	3	0	1	2	2	4199	153	33	148673	21	10	91	0	0	0	0	0	0	0	0	0	0	0	0	0	0	
2479.042083	8	3	3	0	1	2	2	4199	151	33	148733	21	10	91	0	0	0	0	0	0	0	0	0	0	0	0	0	0	
2480.047200	8	3	3	0	1	2	2	4199	148	33	148793	21	10	91	0	0	0	0	0	0	0	0	0	0	0	0	0	0	
2481.052317	8	3	3	0	1	2	2	4198	144	33	148854	21	10	91	0	0	0	0	0	0	0	0	0	0	0	0	0	0	
2482.038717	8	3	3	0	1	2	2	4199	142	33	148913	21	10	91	0	0	0	0	0	0	0	0	0	0	0	0	0	0	
2483.043833	8	3	3	0	1	2	2	4199	139	33	148973	21	10	91	0	0	0	0	0	0	0	0	0	0	0	0	0	0	
2484.051833	8	3	3	0	1	2	2	4198	137	33	149034	21	10	91	0	0	0	0	0	0	0	0	0	0	0	0	0	0	
2485.039683	8	3	3	0	1	2	2	4198	133	33	149093	21	10	91	0	0	0	0	0	0	0	0	0	0	0	0	0	0	
2486.044800	8	3	3	0	1	2	2	4199	132	33	149153	21	10	91	0	0	0	0	0	0	0	0	0	0	0	0	0	0	
2487.049917	8	3	3	0	1	2	2	4198	128	33	149213	21	10	91	0	0	0	0	0	0	0	0	0	0	0	0	0	0	
2488.036317	8	3	3	0	1	2	2	4199	127	33	149273	21	10	91	0	0	0	0	0	0	0	0	0	0	0	0	0	0	
2489.041433	8	3	3	0	1	2	2	4198	124	33	149333	21	10	91	0	0	0	0	0	0	0	0	0	0	0	0	0	0	
2490.048000	8	3	3	0	1	2	2	4199	122	33	149393	21	10	91	0	0	0	0	0	0	0	0	0	0	0	0	0	0	
2491.053117	8	3	3	0	1	2	2	4198	120	33	149454	21	10	91	0	0	0	0	0	0	0	0	0	0	0	0	0	0	
2492.039517	8	3	3	0	1	2	2	4198	118	33	149513	21	10	91	0	0	0	0	0	0	0	0	0	0	0	0	0	0	
2493.044633	8	3	3	0	1	2	2	4198	115	33	149573	21	10	91	0	0	0	0	0	0	0	0	0	0	0	0	0	0	
2494.049767	8	3	3	0	1	2	2	4199	113	33	149633	21	10	91	0	0	0	0	0	0	0	0	0	0	0	0	0	0	
2495.036167	8	3	3	0	1	2	2	4199	111	33	149693	21	10	91	0	0	0	0	0	0	0	0	0	0	0	0	0	0	
2496.041283	8	3	3	0	1	2	2	4198	109	33	149753	21	10	91	0	0	0	0	0	0	0	0	0	0	0	0	0	0	
2497.046400	8	3	3	0	1	2	2	4198	107	33	149813	21	10	91	0	0	0	0	0	0	0	0	0	0	0	0	0	0	
2498.052967	8	3	3	0	1	2	2	4199	105	33	149874	21	10	91	0	0	0	0	0	0	0	0	0	0	0	0	0	0	
2499.039367	8	3	3	0	1	2	2	4198	103	33	149933	21	10	91	0	0	0	0	0	0	0	0	0	0	0	0	0	0	
2500.044483	8	3	3	0	1	2	2	4199	101	33	149993	21	10	91	0	0	0	0	0	0	0	0	0	0	0	0	0	0	
2501.049600	8	3	3	0	1	2	2	4199	99	33	150053	21	10	91	0	0	0	0	0	0	0	0	0	0	0	0	0	0	
2502.054717	8	3	3	0	1	2	2	4198	97	33	150114	21	10	91	0	0	0	0	0	0	0	0	0	0	0	0	0	0	
2503.041117	8	3	3	0	1	2	2	4198	96	33	150173	21	10	91	0	0	0	0	0	0	0	0	0	0	0	0	0	0	
2504.046233	8	3	3	0	1	2	2	4198	94	33	150233	21	10	91	0	0	0	0	0	0	0	0	0	0	0	0	0	0	
2505.052800	8	3	3	0	1	2	2	4199	92	33	150294	21	10	91	0	0	0	0	0	0	0	0	0	0	0	0	0	0	
2506.039200	8	3	3	0	1	2	2	4199	90	33	150353	21	10	91	0	0	0	0	0	0	0	0	0	0	0	0	0	0	
2507.044317	8	3	3	0	1	2	2	4198	88	33	150413	21	10	91	0	0	0	0	0	0	0	0	0	0	0	0	0	0	
2508.049433	8	3	3	0	1	2	2	4199	87	33	150473	21	10	91	0	0	0	0	0	0	0	0	0	0	0	0	0	0	
2509.054567	8	3	3	0	1	2	2	4199	85	33	150534	21	10	91	0	0	0	0	0	0	0	0	0	0	0	0	0	0	
2510.040967	8	3	3	0	1	2	2	4198	83	33	150593	21	10	91	0	0	0	0	0	0	0	0	0	0	0	0	0	0	
2511.046083	8	3	3	0	1	2	2	4198	81	33	150653	21	10	91	0	0	0	0	0	0	0	0	0	0	0	0	0	0	
2512.052633	8	3	3	0	1	2	2	4199	80	33	150713	21	10	91	0	0	0	0	0	0	0	0	0	0	0	0	0	0	
2513.040483	8	3	3	0	1	2	2	4199	79	33	150773	21	10	91	0	0	0	0	0	0	0	0	0	0	0	0	0	0	
2514.045600	8	3	3	0	1	2	2	4198	77	33	150833	21	10	91	0	0	0	0	0	0	0	0	0	0	0	0	0	0	
2515.050717	8	3	3	0	1	2	2	4199	76	33	150893	21	10	91	0	0	0	0	0	0	0	0	0	0	0	0	0	0	
2516.055833	8	3	3	0	1	2	2	4199	74	33	150954	21	10	91	0	0	0	0	0	0	0	0	0	0	0	0	0	0	
2517.042233	8	3	3	0	1	2	2	4199	73	33	151013	21	10	91	0	0	0	0	0	0	0	0	0	0	0	0	0	0	
2518.048800	8	3	3	0	1	2	2	4198	71	33	151073	21	10	91	0	0	0	0	0	0	0	0	0	0	0	0	0	0	
2519.053917	8	3	3	0	1	2	2	4199	70	33	151134	21	10	91	0	0	0	0	0	0	0	0	0	0	0	0	0	0	
2520.040317	8	3	3	0	1	2	2	4199	68	33	151193	21	10	91	0	0	0	0	0	0	0	0	0	0	0	0	0	0	
2521.045433	8	3	3	0	1	2	2	4199	67	33	151253	21	10	91	0	0	0	0	0	0	0	0	0	0	0	0	0	0	
2521.146233	8	6	3	0	2	7	1	4077	-230	33	151259	21	11	0	0	0	0	0	0	0	0	0	0	0	0	0	0	0	
2522.052000	8	6	3	0	2	7	1	3553	-1350	33	151313	21	11	1	0	0	0	0	0	0	0	0	0	0	0	0	0	0	
2523.038400	8	6	3	0	2	7	1	3544	-1349	33	151373	21	11	3	0	0	0	0	0	0	0	0	0	0	0	0	0	0	
2524.043517	8	6	3	0	2	7	1	3531	-1350	33	151433	21	11	4	0	0	0	0	0	0	0	0	0	0	0	0	0	0	
2525.050083	8	6	3	0	2	7	1	3519	-1350	33	151493	21	11	6	0	0	0	0	0	0	0	0	0	0	0	0	0	0	
2526.055200	8	6	3	0	2	7	1	3502	-1350	33	151554	21	11	8	0	0	0	0	0	0	0	0	0	0	0	0	0	0	
2527.041600	8	6	3	0	2	7	1	3489	-1349	33	151613	21	11	9	0	0	0	0	0	0	0	0	0	0	0	0	0	0	
2528.046717	8	6	3	0	2	7	1	3476	-1349	33	151673	21	11	11	0	0	0	0	0	0	0	0	0	0	0	0	0	0	
2529.051833	8	6	3	0	2	7	1	3463	-1350	33	151733	21	11	13	0	0	0	0	0	0	0	0	0	0	0	0	0	0	
2530.056967	8	6	3	0	2	7	1	3449	-1349	33	151794	21	11	14	0	0	0	0	0	0	0	0	0	0	0	0	0	0	
2531.043367	8	6	3	0	2	7	1	3437	-1351	33	151853	21	11	16	0	0	0	0	0	0	0	0	0	0	0	0	0	0	
2532.049917	8	6	3	0	2	7	1	3424	-1348	33	151913	21	11	18	0	0	0	0	0	0	0	0	0	0	0	0	0	0	
2533.055033	8	6	3	0	2	7	1	3412	-1350	33	151974	21	11	19	0	0	0	0	0	0	0	0	0	0	0	0	0	0	
2534.041433	8	6	3	0	2	7	1	3400	-1350	33	152033	21	11	21	0	0	0	0	0	0	0	0	0	0	0	0	0	0	
2535.046567	8	6	3	0	2	7	1	3387	-1348	33	152093	21	11	23	0	0	0	0	0	0	0	0	0	0	0	0	0	0	
2536.051683	8	6	3	0	2	7	1	3376	-1349	33	152153	21	11	24	0	0	0	0	0	0	0	0	0	0	0	0	0	0	
2537.056800	8	6	3	0	2	7	1	3365	-1349	33	152214	21	11	26	0	0	0	0	0	0	0	0	0	0	0	0	0	0	
2538.044633	8	6	3	0	2	7	1	3354	-1350	33	152273	21	11	27	0	0	0	0	0	0	0	0	0	0	0	0	0	0	
2539.049767	8	6	3	0	2	7	1	3343	-1348	33	152333	21	11	29	0	0	0	0	0	0	0	0	0	0	0	0	0	0	
2540.054883	8	6	3	0	2	7	1	3332	-1349	33	152393	21	11	31	0	0	0	0	0	0	0	0	0	0	0	0	0	0	
2541.041283	8	6	3	0	2	7	1	3322	-1349	33	152453	21	11	32	0	0	0	0	0	0	0	0	0	0	0	0	0	0	
2542.046400	8	6	3	0	2	7	1	3311	-1350	33	152513	21	11	34	0	0	0	0	0	0	0	0	0	0	0	0	0	0	
2543.051517	8	6	3	0	2	7	1	3301	-1350	33	152573	21	11	36	0	0	0	0	0	0	0	0	0	0	0	0	0	0	
2544.056633	8	6	3	0	2	7	1	3292	-1350	33	152634	21	11	37	0	0	0	0	0	0	0	0	0	0	0	0	0	0	
2545.043033	8	6	3	0	2	7	1	3283	-1349	33	152693	21	11	39	0	0	0	0	0	0	0	0	0	0	0	0	0	0	
2546.049600	8	6	3	0	2	7	1	3274	-1349	33	152753	21	11	41	0	0	0	0	0	0	0	0	0	0	0	0	0	0	
2547.054717	8	6	3	0	2	7	1	3265	-1349	33	152813	21	11	42	0	0	0	0	0	0	0	0	0	0	0	0	0	0	
2548.041117	8	6	3	0	2	7	1	3257	-1349	33	152873	21	11	44	0	0	0	0	0	0	0	0	0	0	0	0	0	0	
2549.046233	8	6	3	0	2	7	1	3249	-1347	33	152933	21	11	46	0	0	0	0	0	0	0	0	0	0	0	0	0	0	
2550.051367	8	6	3	0	2	7	1	3242	-1349	33	152993	21	11	47	0	0	0	0	0	0	0	0	0	0	0	0	0	0	
2551.056483	8	6	3	0	2	7	1	3234	-1348	33	153054	21	11	49	0	0	0	0	0	0	0	0	0	0	0	0	0	0	
2552.042883	8	6	3	0	2	7	1	3227	-1348	33	153113	21	11	51	0	0	0	0	0	0	0	0	0	0	0	0	0	0	
2553.048000	8	6	3	0	2	7	1	3220	-1350	33	153173	21	11	52	0	0	0	0	0	0	0	0	0	0	0	0	0	0	
2554.054567	8	6	3	0	2	7	1	3213	-1350	33	153233	21	11	54	0	0	0	0	0	0	0	0	0	0	0	0	0	0	
2555.059683	8	6	3	0	2	7	1	3207	-1351	33	153294	21	11	56	0	0	0	0	0	0	0	0	0	0	0	0	0	0	
2556.046083	8	6	3	0	2	7	1	3201	-1350	33	153353	21	11	57	0	0	0	0	0	0	0	0	0	0	0	0	0	0	
2557.051200	8	6	3	0	2	7	1	3195	-1350	33	153413	21	11	59	0	0	0	0	0	0	0	0	0	0	0	0	0	0	
2558.056317	8	6	3	0	2	7	1	3189	-1348	33	153474	21	11	61	0	0	0	0	0	0	0	0	0	0	0	0	0	0	
2559.042717	8	6	3	0	2	7	1	3183	-1350	33	153533	21	11	62	0	0	0	0	0	0	0	0	0	0	0	0	0	0	
2560.047833	8	6	3	0	2	7	1	3177	-1349	33	153593	21	11	64	0	0	0	0	0	0	0	0	0	0	0	0	0	0	
2561.052967	8	6	3	0	2	7	1	3170	-1350	33	153653	21	11	65	0	0	0	0	0	0	0	0	0	0	0	0	0	0	
2562.058083	8	6	3	0	2	7	1	3157	-1350	33	153714	21	11	67	0	0	0	0	0	0	0	0	0	0	0	0	0	0	
2563.045917	8	6	3	0	2	7	1	3152	-1349	33	153773	21	11	69	0	0	0	0	0	0	0	0	0	0	0	0	0	0	
2564.051033	8	6	3	0	2	7	1	3146	-1349	33	153833	21	11	70	0	0	0	0	0	0	0	0	0	0	0	0	0	0	
2565.056167	8	6	3	0	2	7	1	3139	-1350	33	153893	21	11	72	0	0	0	0	0	0	0	0	0	0	0	0	0	0	
2566.042567	8	6	3	0	2	7	1	3132	-1350	33	153953	21	11	74	0	0	0	0	0	0	0	0	0	0	0	0	0	0	
2567.047683	8	6	3	0	2	7	1	3124	-1350	33	154013	21	11	75	0	0	0	0	0	0	0	0	0	0	0	0	0	0	
2568.052800	8	6	3	0	2	7	1	3115	-1350	33	154073	21	11	77	0	0	0	0	0	0	0	0	0	0	0	0	0	0	
2569.057917	8	6	3	0	2	7	1	3103	-1350	33	154134	21	11	79	0	0	0	0	0	0	0	0	0	0	0	0	0	0	
2570.044317	8	6	3	0	2	7	1	3089	-1349	33	154193	21	11	80	0	0	0	0	0	0	0	0	0	0	0	0	0	0	
2571.050883	8	6	3	0	2	7	1	3070	-1351	33	154253	21	11	82	0	0	0	0	0	0	0	0	0	0	0	0	0	0	
2572.056000	8	6	3	0	2	7	1	3046	-1349	33	154313	21	11	84	0	0	0	0	0	0	0	0	0	0	0	0	0	0	
2573.061117	8	6	3	0	2	7	1	3014	-1350	33	154374	21	11	85	0	0	0	0	0	0	0	0	0	0	0	0	0	0	
2574.047517	8	6	3	0	2	7	1	2969	-1350	33	154433	21	11	87	0	0	0	0	0	0	0	0	0	0	0	0	0	0	
2575.052633	8	6	3	0	2	7	1	2896	-1351	33	154493	21	11	89	0	0	0	0	0	0	0	0	0	0	0	0	0	0	
2576.057767	8	6	3	0	2	7	1	2749	-1349	33	154554	21	11	90	0	0	0	0	0	0	0	0	0	0	0	0	0	0	
2576.329917	10	0	5	0	0	15	0	3194	0	33	154570	21	11	91	0	0	0	0	0	0	0	0	0	0	0	0	0	0	
2576.340000	8	15	3	0	0	31	0	3201	0	33	154570	21	11	91	0	0	0	0	0	0	0	0	0	0	0	0	0	0	
2576.360167	10	0	5	0	0	15	0	3210	0	33	154570	21	11	91	0	0	0	0	0	0	0	0	0	0	0	0	0	0	
