Time	Status code	Status category	Status color	Pgm code	Pgm step	Pgm para	Pgm cycle	mV	mA	Temperature	Duration	Charge count	Discharge count	Capacity	Analog input 1	Analog input 2	Analog input 3	Analog input 4	Digital input 1	Digital input 2	Digital input 3	Digital input 4	Digital output 1	Digital output 2	Digital output 3	Digital output 4	Analog output 1	Analog output 2	
0.000000	8	3	3	0	1	2	2	3935	667	29	3	1	0	0	0	0	0	0	0	0	0	0	0	0	0	0	0	0	
0.020167	8	3	3	0	1	2	2	3919	677	29	4	1	0	0	0	0	0	0	0	0	0	0	0	0	0	0	0	0	
1.016633	8	3	3	0	1	2	2	3979	675	30	64	1	0	0	0	0	0	0	0	0	0	0	0	0	0	0	0	0	
2.031833	8	3	3	0	1	2	2	4008	674	30	125	1	0	0	0	0	0	0	0	0	0	0	0	0	0	0	0	0	
3.026883	8	3	3	0	1	2	2	4052	674	30	184	1	0	0	0	0	0	0	0	0	0	0	0	0	0	0	0	0	
4.023367	8	3	3	0	1	2	2	4071	674	31	244	1	0	0	0	0	0	0	0	0	0	0	0	0	0	0	0	0	
5.018400	8	3	3	0	1	2	2	4079	675	31	304	1	0	0	0	0	0	0	0	0	0	0	0	0	0	0	0	0	
6.013433	8	3	3	0	1	2	2	4075	674	31	364	1	0	0	0	0	0	0	0	0	0	0	0	0	0	0	0	0	
7.028633	8	3	3	0	1	2	2	4068	675	32	425	1	0	0	0	0	0	0	0	0	0	0	0	0	0	0	0	0	
8.025117	8	3	3	0	1	2	2	4059	675	32	484	1	0	0	0	0	0	0	0	0	0	0	0	0	0	0	0	0	
9.020167	8	3	3	0	1	2	2	4067	675	32	544	1	0	0	0	0	0	0	0	0	0	0	0	0	0	0	0	0	
10.016633	8	3	3	0	1	2	2	4081	674	32	604	1	0	0	0	0	0	0	0	0	0	0	0	0	0	0	0	0	
11.030400	8	3	3	0	1	2	2	4106	674	32	665	1	0	0	0	0	0	0	0	0	0	0	0	0	0	0	0	0	
12.022567	8	3	3	0	1	2	2	4113	675	32	724	1	0	0	0	0	0	0	0	0	0	0	0	0	0	0	0	0	
13.027683	8	3	3	0	1	2	2	4099	675	33	784	1	0	0	0	0	0	0	0	0	0	0	0	0	0	0	0	0	
14.015517	8	3	3	0	1	2	2	4087	675	33	844	1	0	0	0	0	0	0	0	0	0	0	0	0	0	0	0	0	
15.020633	8	3	3	0	1	2	2	4076	674	33	904	1	0	0	0	0	0	0	0	0	0	0	0	0	0	0	0	0	
16.025767	8	3	3	0	1	2	2	4082	675	33	964	1	0	0	0	0	0	0	0	0	0	0	0	0	0	0	0	0	
17.030883	8	3	3	0	1	2	2	4084	673	33	1025	1	0	0	0	0	0	0	0	0	0	0	0	0	0	0	0	0	
18.017283	8	3	3	0	1	2	2	4092	674	33	1084	1	0	0	0	0	0	0	0	0	0	0	0	0	0	0	0	0	
19.022400	8	3	3	0	1	2	2	4094	673	33	1144	1	0	0	0	0	0	0	0	0	0	0	0	0	0	0	0	0	
20.027517	8	3	3	0	1	2	2	4097	675	33	1204	1	0	0	0	0	0	0	0	0	0	0	0	0	0	0	0	0	
21.032633	8	3	3	0	1	2	2	4100	674	33	1265	1	0	0	0	0	0	0	0	0	0	0	0	0	0	0	0	0	
22.020483	8	3	3	0	1	2	2	4104	674	33	1324	1	0	0	0	0	0	0	0	0	0	0	0	0	0	0	0	0	
23.025600	8	3	3	0	1	2	2	4103	674	33	1384	1	0	0	0	0	0	0	0	0	0	0	0	0	0	0	0	0	
24.016317	8	3	3	0	1	2	2	4106	675	33	1444	1	0	0	0	0	0	0	0	0	0	0	0	0	0	0	0	0	
25.021433	8	3	3	0	1	2	2	4109	674	33	1504	1	0	0	0	0	0	0	0	0	0	0	0	0	0	0	0	0	
26.028000	8	3	3	0	1	2	2	4112	674	33	1564	1	0	0	0	0	0	0	0	0	0	0	0	0	0	0	0	0	
27.033117	8	3	3	0	1	2	2	4114	675	33	1625	1	0	0	0	0	0	0	0	0	0	0	0	0	0	0	0	0	
28.019517	8	3	3	0	1	2	2	4118	674	33	1684	1	0	0	0	0	0	0	0	0	0	0	0	0	0	0	0	0	
29.024633	8	3	3	0	1	2	2	4117	670	33	1744	1	0	0	0	0	0	0	0	0	0	0	0	0	0	0	0	0	
30.029767	8	3	3	0	1	2	2	4117	668	33	1804	1	0	0	0	0	0	0	0	0	0	0	0	0	0	0	0	0	
31.016167	8	3	3	0	1	2	2	4119	668	33	1864	1	0	0	0	0	0	0	0	0	0	0	0	0	0	0	0	0	
32.021283	8	3	3	0	1	2	2	4120	668	33	1924	1	0	0	0	0	0	0	0	0	0	0	0	0	0	0	0	0	
33.026400	8	3	3	0	1	2	2	4121	666	33	1984	1	0	0	0	0	0	0	0	0	0	0	0	0	0	0	0	0	
34.032967	8	3	3	0	1	2	2	4122	666	33	2045	1	0	0	0	0	0	0	0	0	0	0	0	0	0	0	0	0	
35.019367	8	3	3	0	1	2	2	4122	666	34	2104	1	0	0	0	0	0	0	0	0	0	0	0	0	0	0	0	0	
36.024483	8	3	3	0	1	2	2	4123	666	34	2164	1	0	0	0	0	0	0	0	0	0	0	0	0	0	0	0	0	
37.029600	8	3	3	0	1	2	2	4125	666	33	2224	1	0	0	0	0	0	0	0	0	0	0	0	0	0	0	0	0	
38.034717	8	3	3	0	1	2	2	4127	665	33	2285	1	0	0	0	0	0	0	0	0	0	0	0	0	0	0	0	0	
39.021117	8	3	3	0	1	2	2	4129	665	33	2344	1	0	0	0	0	0	0	0	0	0	0	0	0	0	0	0	0	
40.026233	8	3	3	0	1	2	2	4131	665	33	2404	1	0	0	0	0	0	0	0	0	0	0	0	0	0	0	0	0	
41.031367	8	3	3	0	1	2	2	4133	664	33	2465	1	0	0	0	0	0	0	0	0	0	0	0	0	0	0	0	0	
42.019200	8	3	3	0	1	2	2	4135	665	33	2524	1	0	0	0	0	0	0	0	0	0	0	0	0	0	0	0	0	
43.024317	8	3	3	0	1	2	2	4136	664	33	2584	1	0	0	0	0	0	0	0	0	0	0	0	0	0	0	0	0	
44.029433	8	3	3	0	1	2	2	4139	665	33	2644	1	0	0	0	0	0	0	0	0	0	0	0	0	0	0	0	0	
45.034567	8	3	3	0	1	2	2	4141	665	33	2705	1	0	0	0	0	0	0	0	0	0	0	0	0	0	0	0	0	
46.020967	8	3	3	0	1	2	2	4143	664	33	2764	1	0	0	0	0	0	0	0	0	0	0	0	0	0	0	0	0	
47.026083	8	3	3	0	1	2	2	4145	663	33	2824	1	0	0	0	0	0	0	0	0	0	0	0	0	0	0	0	0	
48.031200	8	3	3	0	1	2	2	4148	663	33	2884	1	0	0	0	0	0	0	0	0	0	0	0	0	0	0	0	0	
49.017600	8	3	3	0	1	2	2	4150	663	33	2944	1	0	0	0	0	0	0	0	0	0	0	0	0	0	0	0	0	
50.022717	8	3	3	0	1	2	2	4153	662	33	3004	1	0	0	0	0	0	0	0	0	0	0	0	0	0	0	0	0	
51.029283	8	3	3	0	1	2	2	4155	662	33	3064	1	0	0	0	0	0	0	0	0	0	0	0	0	0	0	0	0	
52.034400	8	3	3	0	1	2	2	4158	662	33	3125	1	0	0	0	0	0	0	0	0	0	0	0	0	0	0	0	0	
53.020800	8	3	3	0	1	2	2	4160	661	33	3184	1	0	0	0	0	0	0	0	0	0	0	0	0	0	0	0	0	
54.025917	8	3	3	0	1	2	2	4163	661	33	3244	1	0	0	0	0	0	0	0	0	0	0	0	0	0	0	0	0	
55.032483	8	3	3	0	1	2	2	4166	661	33	3304	1	0	0	0	0	0	0	0	0	0	0	0	0	0	0	0	0	
56.018883	8	3	3	0	1	2	2	4169	660	33	3364	1	0	0	0	0	0	0	0	0	0	0	0	0	0	0	0	0	
57.024000	8	3	3	0	1	2	2	4168	659	33	3424	1	0	0	0	0	0	0	0	0	0	0	0	0	0	0	0	0	
58.029117	8	3	3	0	1	2	2	4172	659	33	3484	1	0	0	0	0	0	0	0	0	0	0	0	0	0	0	0	0	
59.034233	8	3	3	0	1	2	2	4175	660	33	3545	1	0	0	0	0	0	0	0	0	0	0	0	0	0	0	0	0	
60.020633	8	3	3	0	1	2	2	4178	658	33	3604	1	0	0	0	0	0	0	0	0	0	0	0	0	0	0	0	0	
61.025767	8	3	3	0	1	2	2	4182	659	33	3664	1	0	0	0	0	0	0	0	0	0	0	0	0	0	0	0	0	
62.032317	8	3	3	0	1	2	2	4185	658	33	3724	1	0	0	0	0	0	0	0	0	0	0	0	0	0	0	0	0	
63.037433	8	3	3	0	1	2	2	4199	454	33	3785	1	0	0	0	0	0	0	0	0	0	0	0	0	0	0	0	0	
64.023833	8	3	3	0	1	2	2	4199	493	33	3844	1	0	0	0	0	0	0	0	0	0	0	0	0	0	0	0	0	
65.028967	8	3	3	0	1	2	2	4198	508	33	3904	1	0	0	0	0	0	0	0	0	0	0	0	0	0	0	0	0	
66.034083	8	3	3	0	1	2	2	4199	517	33	3965	1	0	0	0	0	0	0	0	0	0	0	0	0	0	0	0	0	
67.020483	8	3	3	0	1	2	2	4198	516	33	4024	1	0	0	0	0	0	0	0	0	0	0	0	0	0	0	0	0	
68.025600	8	3	3	0	1	2	2	4198	515	33	4084	1	0	0	0	0	0	0	0	0	0	0	0	0	0	0	0	0	
69.030717	8	3	3	0	1	2	2	4198	516	33	4144	1	0	0	0	0	0	0	0	0	0	0	0	0	0	0	0	0	
70.037283	8	3	3	0	1	2	2	4199	513	33	4205	1	0	0	0	0	0	0	0	0	0	0	0	0	0	0	0	0	
71.025117	8	3	3	0	1	2	2	4198	512	33	4264	1	0	0	0	0	0	0	0	0	0	0	0	0	0	0	0	0	
72.030233	8	3	3	0	1	2	2	4198	511	33	4324	1	0	0	0	0	0	0	0	0	0	0	0	0	0	0	0	0	
73.035367	8	3	3	0	1	2	2	4199	506	33	4385	1	0	0	0	0	0	0	0	0	0	0	0	0	0	0	0	0	
74.021767	8	3	3	0	1	2	2	4198	500	33	4444	1	0	0	0	0	0	0	0	0	0	0	0	0	0	0	0	0	
75.026883	8	3	3	0	1	2	2	4199	496	33	4504	1	0	0	0	0	0	0	0	0	0	0	0	0	0	0	0	0	
76.033433	8	3	3	0	1	2	2	4199	492	33	4564	1	0	0	0	0	0	0	0	0	0	0	0	0	0	0	0	0	
77.019833	8	3	3	0	1	2	2	4199	486	33	4624	1	0	0	0	0	0	0	0	0	0	0	0	0	0	0	0	0	
78.024967	8	3	3	0	1	2	2	4199	479	33	4684	1	0	0	0	0	0	0	0	0	0	0	0	0	0	0	0	0	
79.030083	8	3	3	0	1	2	2	4199	473	33	4744	1	0	0	0	0	0	0	0	0	0	0	0	0	0	0	0	0	
80.035200	8	3	3	0	1	2	2	4198	468	33	4805	1	0	0	0	0	0	0	0	0	0	0	0	0	0	0	0	0	
81.021600	8	3	3	0	1	2	2	4198	462	33	4864	1	0	0	0	0	0	0	0	0	0	0	0	0	0	0	0	0	
82.026717	8	3	3	0	1	2	2	4199	455	33	4924	1	0	0	0	0	0	0	0	0	0	0	0	0	0	0	0	0	
83.031833	8	3	3	0	1	2	2	4199	450	33	4984	1	0	0	0	0	0	0	0	0	0	0	0	0	0	0	0	0	
84.036967	8	3	3	0	1	2	2	4198	444	33	5045	1	0	0	0	0	0	0	0	0	0	0	0	0	0	0	0	0	
85.023367	8	3	3	0	1	2	2	4199	437	33	5104	1	0	0	0	0	0	0	0	0	0	0	0	0	0	0	0	0	
86.029917	8	3	3	0	1	2	2	4199	431	33	5164	1	0	0	0	0	0	0	0	0	0	0	0	0	0	0	0	0	
87.035033	8	3	3	0	1	2	2	4199	425	33	5224	1	0	0	0	0	0	0	0	0	0	0	0	0	0	0	0	0	
88.021433	8	3	3	0	1	2	2	4199	418	33	5284	1	0	0	0	0	0	0	0	0	0	0	0	0	0	0	0	0	
89.026567	8	3	3	0	1	2	2	4199	411	33	5344	1	0	0	0	0	0	0	0	0	0	0	0	0	0	0	0	0	
90.031683	8	3	3	0	1	2	2	4199	405	33	5404	1	0	0	0	0	0	0	0	0	0	0	0	0	0	0	0	0	
91.036800	8	3	3	0	1	2	2	4198	398	33	5465	1	0	0	0	0	0	0	0	0	0	0	0	0	0	0	0	0	
92.023200	8	3	3	0	1	2	2	4199	394	33	5524	1	0	0	0	0	0	0	0	0	0	0	0	0	0	0	0	0	
93.029767	8	3	3	0	1	2	2	4199	390	33	5584	1	0	0	0	0	0	0	0	0	0	0	0	0	0	0	0	0	
94.034883	8	3	3	0	1	2	2	4199	386	33	5644	1	0	0	0	0	0	0	0	0	0	0	0	0	0	0	0	0	
95.021283	8	3	3	0	1	2	2	4198	381	33	5704	1	0	0	0	0	0	0	0	0	0	0	0	0	0	0	0	0	
96.026400	8	3	3	0	1	2	2	4198	377	33	5764	1	0	0	0	0	0	0	0	0	0	0	0	0	0	0	0	0	
97.031517	8	3	3	0	1	2	2	4199	373	33	5824	1	0	0	0	0	0	0	0	0	0	0	0	0	0	0	0	0	
98.036633	8	3	3	0	1	2	2	4198	368	33	5885	1	0	0	0	0	0	0	0	0	0	0	0	0	0	0	0	0	
99.023033	8	3	3	0	1	2	2	4199	364	33	5944	1	0	0	0	0	0	0	0	0	0	0	0	0	0	0	0	0	
100.028167	8	3	3	0	1	2	2	4198	358	33	6004	1	0	0	0	0	0	0	0	0	0	0	0	0	0	0	0	0	
101.033283	8	3	3	0	1	2	2	4199	353	33	6064	1	0	0	0	0	0	0	0	0	0	0	0	0	0	0	0	0	
102.039833	8	3	3	0	1	2	2	4198	348	33	6125	1	0	0	0	0	0	0	0	0	0	0	0	0	0	0	0	0	
103.026233	8	3	3	0	1	2	2	4199	343	33	6184	1	0	0	0	0	0	0	0	0	0	0	0	0	0	0	0	0	
104.031367	8	3	3	0	1	2	2	4199	337	33	6244	1	0	0	0	0	0	0	0	0	0	0	0	0	0	0	0	0	
105.036483	8	3	3	0	1	2	2	4198	332	33	6305	1	0	0	0	0	0	0	0	0	0	0	0	0	0	0	0	0	
106.022883	8	3	3	0	1	2	2	4199	327	33	6364	1	0	0	0	0	0	0	0	0	0	0	0	0	0	0	0	0	
107.028000	8	3	3	0	1	2	2	4199	322	33	6424	1	0	0	0	0	0	0	0	0	0	0	0	0	0	0	0	0	
108.033117	8	3	3	0	1	2	2	4199	317	33	6484	1	0	0	0	0	0	0	0	0	0	0	0	0	0	0	0	0	
109.039683	8	3	3	0	1	2	2	4198	313	33	6545	1	0	0	0	0	0	0	0	0	0	0	0	0	0	0	0	0	
110.026083	8	3	3	0	1	2	2	4199	308	33	6604	1	0	0	0	0	0	0	0	0	0	0	0	0	0	0	0	0	
111.031200	8	3	3	0	1	2	2	4199	304	33	6664	1	0	0	0	0	0	0	0	0	0	0	0	0	0	0	0	0	
112.036317	8	3	3	0	1	2	2	4199	297	33	6724	1	0	0	0	0	0	0	0	0	0	0	0	0	0	0	0	0	
113.022717	8	3	3	0	1	2	2	4199	293	33	6784	1	0	0	0	0	0	0	0	0	0	0	0	0	0	0	0	0	
114.027833	8	3	3	0	1	2	2	4198	288	33	6844	1	0	0	0	0	0	0	0	0	0	0	0	0	0	0	0	0	
115.032967	8	3	3	0	1	2	2	4199	283	33	6904	1	0	0	0	0	0	0	0	0	0	0	0	0	0	0	0	0	
116.038083	8	3	3	0	1	2	2	4199	279	33	6965	1	0	0	0	0	0	0	0	0	0	0	0	0	0	0	0	0	
117.025917	8	3	3	0	1	2	2	4199	274	33	7024	1	0	0	0	0	0	0	0	0	0	0	0	0	0	0	0	0	
118.031033	8	3	3	0	1	2	2	4198	271	33	7084	1	0	0	0	0	0	0	0	0	0	0	0	0	0	0	0	0	
119.036167	8	3	3	0	1	2	2	4198	266	33	7144	1	0	0	0	0	0	0	0	0	0	0	0	0	0	0	0	0	
120.041283	8	3	3	0	1	2	2	4199	261	33	7205	1	0	0	0	0	0	0	0	0	0	0	0	0	0	0	0	0	
121.027683	8	3	3	0	1	2	2	4199	258	33	7264	1	0	0	0	0	0	0	0	0	0	0	0	0	0	0	0	0	
122.032800	8	3	3	0	1	2	2	4199	253	33	7324	1	0	0	0	0	0	0	0	0	0	0	0	0	0	0	0	0	
123.037917	8	3	3	0	1	2	2	4199	250	33	7385	1	0	0	0	0	0	0	0	0	0	0	0	0	0	0	0	0	
124.028633	8	3	3	0	1	2	2	4198	246	33	7444	1	0	0	0	0	0	0	0	0	0	0	0	0	0	0	0	0	
125.033767	8	3	3	0	1	2	2	4198	241	33	7504	1	0	0	0	0	0	0	0	0	0	0	0	0	0	0	0	0	
126.038883	8	3	3	0	1	2	2	4198	235	33	7565	1	0	0	0	0	0	0	0	0	0	0	0	0	0	0	0	0	
127.026717	8	3	3	0	1	2	2	4198	232	33	7624	1	0	0	0	0	0	0	0	0	0	0	0	0	0	0	0	0	
128.031833	8	3	3	0	1	2	2	4198	227	33	7684	1	0	0	0	0	0	0	0	0	0	0	0	0	0	0	0	0	
129.036967	8	3	3	0	1	2	2	4199	223	33	7744	1	0	0	0	0	0	0	0	0	0	0	0	0	0	0	0	0	
130.042083	8	3	3	0	1	2	2	4199	219	33	7805	1	0	0	0	0	0	0	0	0	0	0	0	0	0	0	0	0	
131.028483	8	3	3	0	1	2	2	4199	216	33	7864	1	0	0	0	0	0	0	0	0	0	0	0	0	0	0	0	0	
132.033600	8	3	3	0	1	2	2	4198	212	33	7924	1	0	0	0	0	0	0	0	0	0	0	0	0	0	0	0	0	
133.038717	8	3	3	0	1	2	2	4199	208	33	7985	1	0	0	0	0	0	0	0	0	0	0	0	0	0	0	0	0	
134.025117	8	3	3	0	1	2	2	4199	204	33	8044	1	0	0	0	0	0	0	0	0	0	0	0	0	0	0	0	0	
135.030233	8	3	3	0	1	2	2	4199	202	33	8104	1	0	0	0	0	0	0	0	0	0	0	0	0	0	0	0	0	
136.036800	8	3	3	0	1	2	2	4199	197	33	8164	1	0	0	0	0	0	0	0	0	0	0	0	0	0	0	0	0	
137.041917	8	3	3	0	1	2	2	4199	194	33	8225	1	0	0	0	0	0	0	0	0	0	0	0	0	0	0	0	0	
138.028317	8	3	3	0	1	2	2	4199	190	33	8284	1	0	0	0	0	0	0	0	0	0	0	0	0	0	0	0	0	
139.033433	8	3	3	0	1	2	2	4199	185	33	8344	1	0	0	0	0	0	0	0	0	0	0	0	0	0	0	0	0	
140.038567	8	3	3	0	1	2	2	4199	182	33	8404	1	0	0	0	0	0	0	0	0	0	0	0	0	0	0	0	0	
141.024967	8	3	3	0	1	2	2	4198	179	33	8464	1	0	0	0	0	0	0	0	0	0	0	0	0	0	0	0	0	
142.030083	8	3	3	0	1	2	2	4199	176	33	8524	1	0	0	0	0	0	0	0	0	0	0	0	0	0	0	0	0	
143.036633	8	3	3	0	1	2	2	4199	173	33	8584	1	0	0	0	0	0	0	0	0	0	0	0	0	0	0	0	0	
144.041767	8	3	3	0	1	2	2	4198	169	33	8645	1	0	0	0	0	0	0	0	0	0	0	0	0	0	0	0	0	
145.028167	8	3	3	0	1	2	2	4199	167	33	8704	1	0	0	0	0	0	0	0	0	0	0	0	0	0	0	0	0	
146.033283	8	3	3	0	1	2	2	4198	164	33	8764	1	0	0	0	0	0	0	0	0	0	0	0	0	0	0	0	0	
147.038400	8	3	3	0	1	2	2	4199	160	33	8824	1	0	0	0	0	0	0	0	0	0	0	0	0	0	0	0	0	
148.024800	8	3	3	0	1	2	2	4199	158	33	8884	1	0	0	0	0	0	0	0	0	0	0	0	0	0	0	0	0	
149.029917	8	3	3	0	1	2	2	4199	155	33	8944	1	0	0	0	0	0	0	0	0	0	0	0	0	0	0	0	0	
150.036483	8	3	3	0	1	2	2	4199	153	33	9004	1	0	0	0	0	0	0	0	0	0	0	0	0	0	0	0	0	
151.041600	8	3	3	0	1	2	2	4198	150	33	9065	1	0	0	0	0	0	0	0	0	0	0	0	0	0	0	0	0	
152.028000	8	3	3	0	1	2	2	4198	148	33	9124	1	0	0	0	0	0	0	0	0	0	0	0	0	0	0	0	0	
153.033117	8	3	3	0	1	2	2	4199	145	33	9184	1	0	0	0	0	0	0	0	0	0	0	0	0	0	0	0	0	
154.038233	8	3	3	0	1	2	2	4199	143	33	9244	1	0	0	0	0	0	0	0	0	0	0	0	0	0	0	0	0	
155.043367	8	3	3	0	1	2	2	4199	140	33	9305	1	0	0	0	0	0	0	0	0	0	0	0	0	0	0	0	0	
156.029767	8	3	3	0	1	2	2	4199	137	33	9364	1	0	0	0	0	0	0	0	0	0	0	0	0	0	0	0	0	
157.036317	8	3	3	0	1	2	2	4199	135	33	9424	1	0	0	0	0	0	0	0	0	0	0	0	0	0	0	0	0	
158.041433	8	3	3	0	1	2	2	4198	133	33	9485	1	0	0	0	0	0	0	0	0	0	0	0	0	0	0	0	0	
159.027833	8	3	3	0	1	2	2	4198	130	33	9544	1	0	0	0	0	0	0	0	0	0	0	0	0	0	0	0	0	
160.032967	8	3	3	0	1	2	2	4199	128	33	9604	1	0	0	0	0	0	0	0	0	0	0	0	0	0	0	0	0	
161.038083	8	3	3	0	1	2	2	4199	125	33	9664	1	0	0	0	0	0	0	0	0	0	0	0	0	0	0	0	0	
162.043200	8	3	3	0	1	2	2	4199	124	33	9725	1	0	0	0	0	0	0	0	0	0	0	0	0	0	0	0	0	
163.029600	8	3	3	0	1	2	2	4199	120	33	9784	1	0	0	0	0	0	0	0	0	0	0	0	0	0	0	0	0	
164.034717	8	3	3	0	1	2	2	4199	119	33	9844	1	0	0	0	0	0	0	0	0	0	0	0	0	0	0	0	0	
165.041283	8	3	3	0	1	2	2	4199	116	33	9904	1	0	0	0	0	0	0	0	0	0	0	0	0	0	0	0	0	
166.027683	8	3	3	0	1	2	2	4199	114	33	9964	1	0	0	0	0	0	0	0	0	0	0	0	0	0	0	0	0	
167.032800	8	3	3	0	1	2	2	4198	113	33	10024	1	0	0	0	0	0	0	0	0	0	0	0	0	0	0	0	0	
168.037917	8	3	3	0	1	2	2	4199	109	33	10084	1	0	0	0	0	0	0	0	0	0	0	0	0	0	0	0	0	
169.043033	8	3	3	0	1	2	2	4199	108	33	10145	1	0	0	0	0	0	0	0	0	0	0	0	0	0	0	0	0	
170.029433	8	3	3	0	1	2	2	4198	107	33	10204	1	0	0	0	0	0	0	0	0	0	0	0	0	0	0	0	0	
171.037433	8	3	3	0	1	2	2	4199	104	33	10264	1	0	0	0	0	0	0	0	0	0	0	0	0	0	0	0	0	
172.042567	8	3	3	0	1	2	2	4199	102	33	10325	1	0	0	0	0	0	0	0	0	0	0	0	0	0	0	0	0	
173.028967	8	3	3	0	1	2	2	4199	100	33	10384	1	0	0	0	0	0	0	0	0	0	0	0	0	0	0	0	0	
174.034083	8	3	3	0	1	2	2	4199	98	33	10444	1	0	0	0	0	0	0	0	0	0	0	0	0	0	0	0	0	
175.039200	8	3	3	0	1	2	2	4199	97	33	10504	1	0	0	0	0	0	0	0	0	0	0	0	0	0	0	0	0	
176.045767	8	3	3	0	1	2	2	4199	95	33	10565	1	0	0	0	0	0	0	0	0	0	0	0	0	0	0	0	0	
177.032167	8	3	3	0	1	2	2	4199	93	33	10624	1	0	0	0	0	0	0	0	0	0	0	0	0	0	0	0	0	
178.037283	8	3	3	0	1	2	2	4199	92	33	10684	1	0	0	0	0	0	0	0	0	0	0	0	0	0	0	0	0	
179.042400	8	3	3	0	1	2	2	4199	90	33	10745	1	0	0	0	0	0	0	0	0	0	0	0	0	0	0	0	0	
180.028800	8	3	3	0	1	2	2	4198	88	33	10804	1	0	0	0	0	0	0	0	0	0	0	0	0	0	0	0	0	
181.033917	8	3	3	0	1	2	2	4198	86	33	10864	1	0	0	0	0	0	0	0	0	0	0	0	0	0	0	0	0	
182.039033	8	3	3	0	1	2	2	4198	84	33	10924	1	0	0	0	0	0	0	0	0	0	0	0	0	0	0	0	0	
183.044167	8	3	3	0	1	2	2	4199	83	33	10985	1	0	0	0	0	0	0	0	0	0	0	0	0	0	0	0	0	
184.030567	8	3	3	0	1	2	2	4199	82	33	11044	1	0	0	0	0	0	0	0	0	0	0	0	0	0	0	0	0	
185.037117	8	3	3	0	1	2	2	4198	80	33	11104	1	0	0	0	0	0	0	0	0	0	0	0	0	0	0	0	0	
186.042233	8	3	3	0	1	2	2	4199	79	33	11164	1	0	0	0	0	0	0	0	0	0	0	0	0	0	0	0	0	
187.028633	8	3	3	0	1	2	2	4198	77	33	11224	1	0	0	0	0	0	0	0	0	0	0	0	0	0	0	0	0	
188.033767	8	3	3	0	1	2	2	4199	75	33	11284	1	0	0	0	0	0	0	0	0	0	0	0	0	0	0	0	0	
189.038883	8	3	3	0	1	2	2	4199	74	33	11344	1	0	0	0	0	0	0	0	0	0	0	0	0	0	0	0	0	
190.044000	8	3	3	0	1	2	2	4199	73	33	11405	1	0	0	0	0	0	0	0	0	0	0	0	0	0	0	0	0	
191.030400	8	3	3	0	1	2	2	4199	72	33	11464	1	0	0	0	0	0	0	0	0	0	0	0	0	0	0	0	0	
192.035517	8	3	3	0	1	2	2	4199	69	33	11524	1	0	0	0	0	0	0	0	0	0	0	0	0	0	0	0	0	
193.040633	8	3	3	0	1	2	2	4198	69	33	11584	1	0	0	0	0	0	0	0	0	0	0	0	0	0	0	0	0	
194.047200	8	3	3	0	1	2	2	4199	67	33	11645	1	0	0	0	0	0	0	0	0	0	0	0	0	0	0	0	0	
194.279033	8	6	3	0	2	7	1	3530	-1349	33	11659	1	1	0	0	0	0	0	0	0	0	0	0	0	0	0	0	0	
195.035033	8	6	3	0	2	7	1	3631	-1349	33	11704	1	1	1	0	0	0	0	0	0	0	0	0	0	0	0	0	0	
196.040167	8	6	3	0	2	7	1	3594	-1350	33	11764	1	1	2	0	0	0	0	0	0	0	0	0	0	0	0	0	0	
197.045283	8	6	3	0	2	7	1	3580	-1350	33	11825	1	1	4	0	0	0	0	0	0	0	0	0	0	0	0	0	0	
198.031683	8	6	3	0	2	7	1	3550	-1350	33	11884	1	1	6	0	0	0	0	0	0	0	0	0	0	0	0	0	0	
199.038233	8	6	3	0	2	7	1	3519	-1348	33	11944	1	1	7	0	0	0	0	0	0	0	0	0	0	0	0	0	0	
200.043367	8	6	3	0	2	7	1	3503	-1351	33	12004	1	1	9	0	0	0	0	0	0	0	0	0	0	0	0	0	0	
201.029767	8	6	3	0	2	7	1	3505	-1349	33	12064	1	1	11	0	0	0	0	0	0	0	0	0	0	0	0	0	0	
202.034883	8	6	3	0	2	7	1	3465	-1349	33	12124	1	1	12	0	0	0	0	0	0	0	0	0	0	0	0	0	0	
203.041433	8	6	3	0	2	7	1	3495	-1349	33	12184	1	1	14	0	0	0	0	0	0	0	0	0	0	0	0	0	0	
204.048000	8	6	3	0	2	7	1	3480	-1349	33	12245	1	1	16	0	0	0	0	0	0	0	0	0	0	0	0	0	0	
205.034400	8	6	3	0	2	7	1	3472	-1349	33	12304	1	1	17	0	0	0	0	0	0	0	0	0	0	0	0	0	0	
206.039517	8	6	3	0	2	7	1	3467	-1349	33	12364	1	1	19	0	0	0	0	0	0	0	0	0	0	0	0	0	0	
207.044633	8	6	3	0	2	7	1	3476	-1349	33	12425	1	1	21	0	0	0	0	0	0	0	0	0	0	0	0	0	0	
208.031033	8	6	3	0	2	7	1	3489	-1349	33	12484	1	1	22	0	0	0	0	0	0	0	0	0	0	0	0	0	0	
209.036167	8	6	3	0	2	7	1	3488	-1350	33	12544	1	1	24	0	0	0	0	0	0	0	0	0	0	0	0	0	0	
210.041283	8	6	3	0	2	7	1	3475	-1351	33	12604	1	1	26	0	0	0	0	0	0	0	0	0	0	0	0	0	0	
211.046400	8	6	3	0	2	7	1	3465	-1349	33	12665	1	1	27	0	0	0	0	0	0	0	0	0	0	0	0	0	0	
212.032800	8	6	3	0	2	7	1	3455	-1349	33	12724	1	1	29	0	0	0	0	0	0	0	0	0	0	0	0	0	0	
213.037917	8	6	3	0	2	7	1	3445	-1349	33	12784	1	1	30	0	0	0	0	0	0	0	0	0	0	0	0	0	0	
214.043033	8	6	3	0	2	7	1	3437	-1349	33	12844	1	1	32	0	0	0	0	0	0	0	0	0	0	0	0	0	0	
215.030883	8	6	3	0	2	7	1	3427	-1350	33	12904	1	1	34	0	0	0	0	0	0	0	0	0	0	0	0	0	0	
216.036000	8	6	3	0	2	7	1	3418	-1351	33	12964	1	1	35	0	0	0	0	0	0	0	0	0	0	0	0	0	0	
217.041117	8	6	3	0	2	7	1	3408	-1349	33	13024	1	1	37	0	0	0	0	0	0	0	0	0	0	0	0	0	0	
218.030400	8	6	3	0	2	7	1	3400	-1349	33	13084	1	1	39	0	0	0	0	0	0	0	0	0	0	0	0	0	0	
219.035517	8	6	3	0	2	7	1	3389	-1348	33	13144	1	1	40	0	0	0	0	0	0	0	0	0	0	0	0	0	0	
220.042083	8	6	3	0	2	7	1	3380	-1349	33	13204	1	1	42	0	0	0	0	0	0	0	0	0	0	0	0	0	0	
221.047200	8	6	3	0	2	7	1	3370	-1347	33	13265	1	1	44	0	0	0	0	0	0	0	0	0	0	0	0	0	0	
222.033600	8	6	3	0	2	7	1	3362	-1349	33	13324	1	1	45	0	0	0	0	0	0	0	0	0	0	0	0	0	0	
223.038717	8	6	3	0	2	7	1	3356	-1350	33	13384	1	1	47	0	0	0	0	0	0	0	0	0	0	0	0	0	0	
224.043833	8	6	3	0	2	7	1	3348	-1349	33	13444	1	1	49	0	0	0	0	0	0	0	0	0	0	0	0	0	0	
225.048967	8	6	3	0	2	7	1	3341	-1351	33	13505	1	1	50	0	0	0	0	0	0	0	0	0	0	0	0	0	0	
226.035367	8	6	3	0	2	7	1	3334	-1348	33	13564	1	1	52	0	0	0	0	0	0	0	0	0	0	0	0	0	0	
227.040483	8	6	3	0	2	7	1	3328	-1349	33	13624	1	1	54	0	0	0	0	0	0	0	0	0	0	0	0	0	0	
228.047033	8	6	3	0	2	7	1	3321	-1348	33	13685	1	1	55	0	0	0	0	0	0	0	0	0	0	0	0	0	0	
229.033433	8	6	3	0	2	7	1	3316	-1349	33	13744	1	1	57	0	0	0	0	0	0	0	0	0	0	0	0	0	0	
230.038567	8	6	3	0	2	7	1	3312	-1349	33	13804	1	1	59	0	0	0	0	0	0	0	0	0	0	0	0	0	0	
231.043683	8	6	3	0	2	7	1	3308	-1349	33	13864	1	1	60	0	0	0	0	0	0	0	0	0	0	0	0	0	0	
232.048800	8	6	3	0	2	7	1	3302	-1349	33	13925	1	1	62	0	0	0	0	0	0	0	0	0	0	0	0	0	0	
233.035200	8	6	3	0	2	7	1	3297	-1350	33	13984	1	1	64	0	0	0	0	0	0	0	0	0	0	0	0	0	0	
234.040317	8	6	3	0	2	7	1	3293	-1349	33	14044	1	1	65	0	0	0	0	0	0	0	0	0	0	0	0	0	0	
235.045433	8	6	3	0	2	7	1	3287	-1349	33	14104	1	1	67	0	0	0	0	0	0	0	0	0	0	0	0	0	0	
236.033283	8	6	3	0	2	7	1	3280	-1349	33	14164	1	1	69	0	0	0	0	0	0	0	0	0	0	0	0	0	0	
237.038400	8	6	3	0	2	7	1	3274	-1350	33	14224	1	1	70	0	0	0	0	0	0	0	0	0	0	0	0	0	0	
238.043517	8	6	3	0	2	7	1	3267	-1349	33	14284	1	1	72	0	0	0	0	0	0	0	0	0	0	0	0	0	0	
239.048633	8	6	3	0	2	7	1	3260	-1349	33	14345	1	1	74	0	0	0	0	0	0	0	0	0	0	0	0	0	0	
240.035033	8	6	3	0	2	7	1	3252	-1349	33	14404	1	1	75	0	0	0	0	0	0	0	0	0	0	0	0	0	0	
241.040167	8	6	3	0	2	7	1	3244	-1350	33	14464	1	1	77	0	0	0	0	0	0	0	0	0	0	0	0	0	0	
242.046717	8	6	3	0	2	7	1	3234	-1351	33	14524	1	1	79	0	0	0	0	0	0	0	0	0	0	0	0	0	0	
243.031683	8	6	3	0	2	7	1	3225	-1350	33	14584	1	1	80	0	0	0	0	0	0	0	0	0	0	0	0	0	0	
244.038233	8	6	3	0	2	7	1	3213	-1350	33	14644	1	1	82	0	0	0	0	0	0	0	0	0	0	0	0	0	0	
245.043367	8	6	3	0	2	7	1	3195	-1352	33	14704	1	1	84	0	0	0	0	0	0	0	0	0	0	0	0	0	0	
246.048483	8	6	3	0	2	7	1	3173	-1350	33	14765	1	1	85	0	0	0	0	0	0	0	0	0	0	0	0	0	0	
247.034883	8	6	3	0	2	7	1	3146	-1351	33	14824	1	1	87	0	0	0	0	0	0	0	0	0	0	0	0	0	0	
248.040000	8	6	3	0	2	7	1	3107	-1349	33	14884	1	1	89	0	0	0	0	0	0	0	0	0	0	0	0	0	0	
249.045117	8	6	3	0	2	7	1	3049	-1349	33	14944	1	1	90	0	0	0	0	0	0	0	0	0	0	0	0	0	0	
250.050233	8	6	3	0	2	7	1	2946	-1349	33	15005	1	1	92	0	0	0	0	0	0	0	0	0	0	0	0	0	0	
251.036633	8	6	3	0	2	7	1	2696	-1350	33	15064	1	1	94	0	0	0	0	0	0	0	0	0	0	0	0	0	0	
251.101433	8	15	3	0	1	31	2	3147	197	33	15068	3	1	94	0	0	0	0	0	0	0	0	0	0	0	0	0	0	
251.121600	8	3	3	0	1	2	2	3313	675	33	15069	3	1	94	0	0	0	0	0	0	0	0	0	0	0	0	0	0	
252.046083	8	3	3	0	1	2	2	3568	674	33	15124	3	1	94	0	0	0	0	0	0	0	0	0	0	0	0	0	0	
253.051200	8	3	3	0	1	2	2	3676	675	33	15185	3	1	94	0	0	0	0	0	0	0	0	0	0	0	0	0	0	
254.037600	8	3	3	0	1	2	2	3747	674	33	15244	3	1	94	0	0	0	0	0	0	0	0	0	0	0	0	0	0	
255.044167	8	3	3	0	1	2	2	3801	673	33	15304	3	1	94	0	0	0	0	0	0	0	0	0	0	0	0	0	0	
256.033433	8	3	3	0	1	2	2	3843	675	33	15364	3	1	94	0	0	0	0	0	0	0	0	0	0	0	0	0	0	
257.038567	8	3	3	0	1	2	2	3875	675	33	15424	3	1	94	0	0	0	0	0	0	0	0	0	0	0	0	0	0	
258.043683	8	3	3	0	1	2	2	3894	674	33	15484	3	1	94	0	0	0	0	0	0	0	0	0	0	0	0	0	0	
259.048800	8	3	3	0	1	2	2	3902	675	33	15545	3	1	94	0	0	0	0	0	0	0	0	0	0	0	0	0	0	
260.036633	8	3	3	0	1	2	2	3907	674	33	15604	3	1	94	0	0	0	0	0	0	0	0	0	0	0	0	0	0	
261.041767	8	3	3	0	1	2	2	3911	675	33	15664	3	1	94	0	0	0	0	0	0	0	0	0	0	0	0	0	0	
262.046883	8	3	3	0	1	2	2	3916	674	33	15724	3	1	94	0	0	0	0	0	0	0	0	0	0	0	0	0	0	
263.052000	8	3	3	0	1	2	2	3921	675	33	15785	3	1	94	0	0	0	0	0	0	0	0	0	0	0	0	0	0	
264.038400	8	3	3	0	1	2	2	3925	674	33	15844	3	1	94	0	0	0	0	0	0	0	0	0	0	0	0	0	0	
265.043517	8	3	3	0	1	2	2	3929	674	33	15904	3	1	94	0	0	0	0	0	0	0	0	0	0	0	0	0	0	
266.048633	8	3	3	0	1	2	2	3935	675	33	15965	3	1	94	0	0	0	0	0	0	0	0	0	0	0	0	0	0	
267.035033	8	3	3	0	1	2	2	3939	674	33	16024	3	1	94	0	0	0	0	0	0	0	0	0	0	0	0	0	0	
268.041600	8	3	3	0	1	2	2	3945	675	33	16084	3	1	94	0	0	0	0	0	0	0	0	0	0	0	0	0	0	
269.046717	8	3	3	0	1	2	2	3950	674	33	16144	3	1	94	0	0	0	0	0	0	0	0	0	0	0	0	0	0	
270.051833	8	3	3	0	1	2	2	3956	675	33	16205	3	1	94	0	0	0	0	0	0	0	0	0	0	0	0	0	0	
271.038233	8	3	3	0	1	2	2	3961	674	33	16264	3	1	94	0	0	0	0	0	0	0	0	0	0	0	0	0	0	
272.043367	8	3	3	0	1	2	2	3966	675	33	16324	3	1	94	0	0	0	0	0	0	0	0	0	0	0	0	0	0	
273.051367	8	3	3	0	1	2	2	3972	675	33	16385	3	1	94	0	0	0	0	0	0	0	0	0	0	0	0	0	0	
274.037767	8	3	3	0	1	2	2	3977	675	33	16444	3	1	94	0	0	0	0	0	0	0	0	0	0	0	0	0	0	
275.042883	8	3	3	0	1	2	2	3981	675	33	16504	3	1	94	0	0	0	0	0	0	0	0	0	0	0	0	0	0	
276.048000	8	3	3	0	1	2	2	3986	675	33	16564	3	1	94	0	0	0	0	0	0	0	0	0	0	0	0	0	0	
277.053117	8	3	3	0	1	2	2	3990	674	33	16625	3	1	94	0	0	0	0	0	0	0	0	0	0	0	0	0	0	
278.039517	8	3	3	0	1	2	2	3993	674	33	16684	3	1	94	0	0	0	0	0	0	0	0	0	0	0	0	0	0	
279.044633	8	3	3	0	1	2	2	3997	675	33	16744	3	1	94	0	0	0	0	0	0	0	0	0	0	0	0	0	0	
280.051200	8	3	3	0	1	2	2	4000	674	33	16805	3	1	94	0	0	0	0	0	0	0	0	0	0	0	0	0	0	
281.037600	8	3	3	0	1	2	2	4003	675	33	16864	3	1	94	0	0	0	0	0	0	0	0	0	0	0	0	0	0	
282.042717	8	3	3	0	1	2	2	4005	674	33	16924	3	1	94	0	0	0	0	0	0	0	0	0	0	0	0	0	0	
283.047833	8	3	3	0	1	2	2	4007	675	33	16984	3	1	94	0	0	0	0	0	0	0	0	0	0	0	0	0	0	
284.052967	8	3	3	0	1	2	2	4010	676	33	17045	3	1	94	0	0	0	0	0	0	0	0	0	0	0	0	0	0	
285.039367	8	3	3	0	1	2	2	4012	674	33	17104	3	1	94	0	0	0	0	0	0	0	0	0	0	0	0	0	0	
286.044483	8	3	3	0	1	2	2	4014	675	33	17164	3	1	94	0	0	0	0	0	0	0	0	0	0	0	0	0	0	
287.049600	8	3	3	0	1	2	2	4016	675	33	17224	3	1	94	0	0	0	0	0	0	0	0	0	0	0	0	0	0	
288.036000	8	3	3	0	1	2	2	4018	674	33	17284	3	1	94	0	0	0	0	0	0	0	0	0	0	0	0	0	0	
289.041117	8	3	3	0	1	2	2	4021	674	33	17344	3	1	94	0	0	0	0	0	0	0	0	0	0	0	0	0	0	
290.047683	8	3	3	0	1	2	2	4023	674	33	17404	3	1	94	0	0	0	0	0	0	0	0	0	0	0	0	0	0	
291.052800	8	3	3	0	1	2	2	4026	675	33	17465	3	1	94	0	0	0	0	0	0	0	0	0	0	0	0	0	0	
292.039200	8	3	3	0	1	2	2	4028	674	33	17524	3	1	94	0	0	0	0	0	0	0	0	0	0	0	0	0	0	
293.044317	8	3	3	0	1	2	2	4031	675	33	17584	3	1	94	0	0	0	0	0	0	0	0	0	0	0	0	0	0	
294.049433	8	3	3	0	1	2	2	4033	674	33	17644	3	1	94	0	0	0	0	0	0	0	0	0	0	0	0	0	0	
295.054567	8	3	3	0	1	2	2	4036	674	33	17705	3	1	94	0	0	0	0	0	0	0	0	0	0	0	0	0	0	
296.040967	8	3	3	0	1	2	2	4038	674	33	17764	3	1	94	0	0	0	0	0	0	0	0	0	0	0	0	0	0	
297.046083	8	3	3	0	1	2	2	4042	674	33	17824	3	1	94	0	0	0	0	0	0	0	0	0	0	0	0	0	0	
298.052633	8	3	3	0	1	2	2	4045	674	33	17885	3	1	94	0	0	0	0	0	0	0	0	0	0	0	0	0	0	
299.039033	8	3	3	0	1	2	2	4048	675	33	17944	3	1	94	0	0	0	0	0	0	0	0	0	0	0	0	0	0	
300.044167	8	3	3	0	1	2	2	4051	675	33	18004	3	1	94	0	0	0	0	0	0	0	0	0	0	0	0	0	0	
301.049283	8	3	3	0	1	2	2	4053	675	33	18064	3	1	94	0	0	0	0	0	0	0	0	0	0	0	0	0	0	
302.054400	8	3	3	0	1	2	2	4057	674	33	18125	3	1	94	0	0	0	0	0	0	0	0	0	0	0	0	0	0	
303.040800	8	3	3	0	1	2	2	4060	675	33	18184	3	1	94	0	0	0	0	0	0	0	0	0	0	0	0	0	0	
304.045917	8	3	3	0	1	2	2	4063	674	33	18244	3	1	94	0	0	0	0	0	0	0	0	0	0	0	0	0	0	
305.052483	8	3	3	0	1	2	2	4066	674	33	18304	3	1	94	0	0	0	0	0	0	0	0	0	0	0	0	0	0	
306.038883	8	3	3	0	1	2	2	4070	674	33	18364	3	1	94	0	0	0	0	0	0	0	0	0	0	0	0	0	0	
307.044000	8	3	3	0	1	2	2	4073	673	33	18424	3	1	94	0	0	0	0	0	0	0	0	0	0	0	0	0	0	
308.049117	8	3	3	0	1	2	2	4076	674	33	18484	3	1	94	0	0	0	0	0	0	0	0	0	0	0	0	0	0	
309.054233	8	3	3	0	1	2	2	4080	675	33	18545	3	1	94	0	0	0	0	0	0	0	0	0	0	0	0	0	0	
310.040633	8	3	3	0	1	2	2	4083	675	33	18604	3	1	94	0	0	0	0	0	0	0	0	0	0	0	0	0	0	
311.045767	8	3	3	0	1	2	2	4087	674	33	18664	3	1	94	0	0	0	0	0	0	0	0	0	0	0	0	0	0	
312.050883	8	3	3	0	1	2	2	4091	675	33	18724	3	1	94	0	0	0	0	0	0	0	0	0	0	0	0	0	0	
313.037283	8	3	3	0	1	2	2	4094	675	33	18784	3	1	94	0	0	0	0	0	0	0	0	0	0	0	0	0	0	
314.042400	8	3	3	0	1	2	2	4098	675	33	18844	3	1	94	0	0	0	0	0	0	0	0	0	0	0	0	0	0	
315.048967	8	3	3	0	1	2	2	4102	674	33	18904	3	1	94	0	0	0	0	0	0	0	0	0	0	0	0	0	0	
316.054083	8	3	3	0	1	2	2	4106	674	33	18965	3	1	94	0	0	0	0	0	0	0	0	0	0	0	0	0	0	
317.040483	8	3	3	0	1	2	2	4110	675	33	19024	3	1	94	0	0	0	0	0	0	0	0	0	0	0	0	0	0	
318.045600	8	3	3	0	1	2	2	4115	675	33	19084	3	1	94	0	0	0	0	0	0	0	0	0	0	0	0	0	0	
319.050717	8	3	3	0	1	2	2	4117	670	33	19144	3	1	94	0	0	0	0	0	0	0	0	0	0	0	0	0	0	
320.055833	8	3	3	0	1	2	2	4121	668	33	19205	3	1	94	0	0	0	0	0	0	0	0	0	0	0	0	0	0	
321.042233	8	3	3	0	1	2	2	4125	666	33	19264	3	1	94	0	0	0	0	0	0	0	0	0	0	0	0	0	0	
322.047367	8	3	3	0	1	2	2	4129	667	33	19324	3	1	94	0	0	0	0	0	0	0	0	0	0	0	0	0	0	
323.053917	8	3	3	0	1	2	2	4133	665	33	19384	3	1	94	0	0	0	0	0	0	0	0	0	0	0	0	0	0	
324.040317	8	3	3	0	1	2	2	4138	665	33	19444	3	1	94	0	0	0	0	0	0	0	0	0	0	0	0	0	0	
325.045433	8	3	3	0	1	2	2	4142	663	33	19504	3	1	94	0	0	0	0	0	0	0	0	0	0	0	0	0	0	
326.050567	8	3	3	0	1	2	2	4147	663	33	19564	3	1	94	0	0	0	0	0	0	0	0	0	0	0	0	0	0	
327.055683	8	3	3	0	1	2	2	4152	663	33	19625	3	1	94	0	0	0	0	0	0	0	0	0	0	0	0	0	0	
328.042083	8	3	3	0	1	2	2	4157	662	33	19684	3	1	94	0	0	0	0	0	0	0	0	0	0	0	0	0	0	
329.047200	8	3	3	0	1	2	2	4161	662	33	19744	3	1	94	0	0	0	0	0	0	0	0	0	0	0	0	0	0	
330.052317	8	3	3	0	1	2	2	4166	661	33	19804	3	1	94	0	0	0	0	0	0	0	0	0	0	0	0	0	0	
331.038717	8	3	3	0	1	2	2	4171	660	33	19864	3	1	94	0	0	0	0	0	0	0	0	0	0	0	0	0	0	
332.043833	8	3	3	0	1	2	2	4176	659	33	19924	3	1	94	0	0	0	0	0	0	0	0	0	0	0	0	0	0	
333.050400	8	3	3	0	1	2	2	4181	659	33	19984	3	1	94	0	0	0	0	0	0	0	0	0	0	0	0	0	0	
334.055517	8	3	3	0	1	2	2	4186	658	33	20045	3	1	94	0	0	0	0	0	0	0	0	0	0	0	0	0	0	
335.041917	8	3	3	0	1	2	2	4191	658	33	20104	3	1	94	0	0	0	0	0	0	0	0	0	0	0	0	0	0	
336.048483	8	3	3	0	1	2	2	4197	656	33	20164	3	1	94	0	0	0	0	0	0	0	0	0	0	0	0	0	0	
337.053600	8	3	3	0	1	2	2	4199	644	33	20224	3	1	94	0	0	0	0	0	0	0	0	0	0	0	0	0	0	
338.040000	8	3	3	0	1	2	2	4198	627	33	20284	3	1	94	0	0	0	0	0	0	0	0	0	0	0	0	0	0	
339.045117	8	3	3	0	1	2	2	4199	612	33	20344	3	1	94	0	0	0	0	0	0	0	0	0	0	0	0	0	0	
340.050233	8	3	3	0	1	2	2	4198	595	33	20404	3	1	94	0	0	0	0	0	0	0	0	0	0	0	0	0	0	
341.055367	8	3	3	0	1	2	2	4198	581	33	20465	3	1	94	0	0	0	0	0	0	0	0	0	0	0	0	0	0	
342.041767	8	3	3	0	1	2	2	4198	566	33	20524	3	1	94	0	0	0	0	0	0	0	0	0	0	0	0	0	0	
343.048317	8	3	3	0	1	2	2	4198	551	33	20584	3	1	94	0	0	0	0	0	0	0	0	0	0	0	0	0	0	
344.053433	8	3	3	0	1	2	2	4198	536	33	20644	3	1	94	0	0	0	0	0	0	0	0	0	0	0	0	0	0	
345.058567	8	3	3	0	1	2	2	4198	521	33	20705	3	1	94	0	0	0	0	0	0	0	0	0	0	0	0	0	0	
346.044967	8	3	3	0	1	2	2	4198	507	33	20764	3	1	94	0	0	0	0	0	0	0	0	0	0	0	0	0	0	
347.050083	8	3	3	0	1	2	2	4199	493	33	20824	3	1	94	0	0	0	0	0	0	0	0	0	0	0	0	0	0	
348.055200	8	3	3	0	1	2	2	4199	480	33	20885	3	1	94	0	0	0	0	0	0	0	0	0	0	0	0	0	0	
349.041600	8	3	3	0	1	2	2	4198	466	33	20944	3	1	94	0	0	0	0	0	0	0	0	0	0	0	0	0	0	
350.046717	8	3	3	0	1	2	2	4199	454	33	21004	3	1	94	0	0	0	0	0	0	0	0	0	0	0	0	0	0	
351.053283	8	3	3	0	1	2	2	4199	441	33	21064	3	1	94	0	0	0	0	0	0	0	0	0	0	0	0	0	0	
352.058400	8	3	3	0	1	2	2	4198	428	33	21125	3	1	94	0	0	0	0	0	0	0	0	0	0	0	0	0	0	
353.044800	8	3	3	0	1	2	2	4198	417	33	21184	3	1	94	0	0	0	0	0	0	0	0	0	0	0	0	0	0	
354.049917	8	3	3	0	1	2	2	4199	404	33	21244	3	1	94	0	0	0	0	0	0	0	0	0	0	0	0	0	0	
355.055033	8	3	3	0	1	2	2	4199	393	33	21304	3	1	94	0	0	0	0	0	0	0	0	0	0	0	0	0	0	
356.041433	8	3	3	0	1	2	2	4199	382	33	21364	3	1	94	0	0	0	0	0	0	0	0	0	0	0	0	0	0	
357.046567	8	3	3	0	1	2	2	4199	371	33	21424	3	1	94	0	0	0	0	0	0	0	0	0	0	0	0	0	0	
358.051683	8	3	3	0	1	2	2	4198	359	33	21484	3	1	94	0	0	0	0	0	0	0	0	0	0	0	0	0	0	
359.058233	8	3	3	0	1	2	2	4198	350	33	21545	3	1	94	0	0	0	0	0	0	0	0	0	0	0	0	0	0	
360.043200	8	3	3	0	1	2	2	4199	339	33	21604	3	1	94	0	0	0	0	0	0	0	0	0	0	0	0	0	0	
361.049767	8	3	3	0	1	2	2	4199	329	33	21664	3	1	94	0	0	0	0	0	0	0	0	0	0	0	0	0	0	
362.054883	8	3	3	0	1	2	2	4198	319	33	21724	3	1	94	0	0	0	0	0	0	0	0	0	0	0	0	0	0	
363.060000	8	3	3	0	1	2	2	4199	310	33	21785	3	1	94	0	0	0	0	0	0	0	0	0	0	0	0	0	0	
364.046400	8	3	3	0	1	2	2	4198	301	33	21844	3	1	94	0	0	0	0	0	0	0	0	0	0	0	0	0	0	
365.051517	8	3	3	0	1	2	2	4198	292	33	21904	3	1	94	0	0	0	0	0	0	0	0	0	0	0	0	0	0	
366.056633	8	3	3	0	1	2	2	4198	283	33	21965	3	1	94	0	0	0	0	0	0	0	0	0	0	0	0	0	0	
367.043033	8	3	3	0	1	2	2	4199	275	33	22024	3	1	94	0	0	0	0	0	0	0	0	0	0	0	0	0	0	
368.049600	8	3	3	0	1	2	2	4199	266	33	22084	3	1	94	0	0	0	0	0	0	0	0	0	0	0	0	0	0	
369.054717	8	3	3	0	1	2	2	4199	259	33	22144	3	1	94	0	0	0	0	0	0	0	0	0	0	0	0	0	0	
370.059833	8	3	3	0	1	2	2	4198	251	33	22205	3	1	94	0	0	0	0	0	0	0	0	0	0	0	0	0	0	
371.046233	8	3	3	0	1	2	2	4199	243	33	22264	3	1	94	0	0	0	0	0	0	0	0	0	0	0	0	0	0	
372.051367	8	3	3	0	1	2	2	4198	236	33	22324	3	1	94	0	0	0	0	0	0	0	0	0	0	0	0	0	0	
373.056483	8	3	3	0	1	2	2	4198	228	33	22384	3	1	94	0	0	0	0	0	0	0	0	0	0	0	0	0	0	
374.042883	8	3	3	0	1	2	2	4199	222	33	22444	3	1	94	0	0	0	0	0	0	0	0	0	0	0	0	0	0	
375.048000	8	3	3	0	1	2	2	4198	215	33	22504	3	1	94	0	0	0	0	0	0	0	0	0	0	0	0	0	0	
376.053117	8	3	3	0	1	2	2	4199	209	33	22564	3	1	94	0	0	0	0	0	0	0	0	0	0	0	0	0	0	
377.059683	8	3	3	0	1	2	2	4198	202	33	22625	3	1	94	0	0	0	0	0	0	0	0	0	0	0	0	0	0	
378.046083	8	3	3	0	1	2	2	4198	197	33	22684	3	1	94	0	0	0	0	0	0	0	0	0	0	0	0	0	0	
379.051200	8	3	3	0	1	2	2	4198	190	33	22744	3	1	94	0	0	0	0	0	0	0	0	0	0	0	0	0	0	
380.056317	8	3	3	0	1	2	2	4199	185	33	22804	3	1	94	0	0	0	0	0	0	0	0	0	0	0	0	0	0	
381.061433	8	3	3	0	1	2	2	4198	177	33	22865	3	1	94	0	0	0	0	0	0	0	0	0	0	0	0	0	0	
382.047833	8	3	3	0	1	2	2	4199	173	33	22924	3	1	94	0	0	0	0	0	0	0	0	0	0	0	0	0	0	
383.052967	8	3	3	0	1	2	2	4198	168	33	22984	3	1	94	0	0	0	0	0	0	0	0	0	0	0	0	0	0	
384.058083	8	3	3	0	1	2	2	4198	163	33	23045	3	1	94	0	0	0	0	0	0	0	0	0	0	0	0	0	0	
385.044483	8	3	3	0	1	2	2	4199	157	33	23104	3	1	94	0	0	0	0	0	0	0	0	0	0	0	0	0	0	
386.049600	8	3	3	0	1	2	2	4198	153	33	23164	3	1	94	0	0	0	0	0	0	0	0	0	0	0	0	0	0	
387.056167	8	3	3	0	1	2	2	4199	148	33	23224	3	1	94	0	0	0	0	0	0	0	0	0	0	0	0	0	0	
388.061283	8	3	3	0	1	2	2	4199	143	33	23285	3	1	94	0	0	0	0	0	0	0	0	0	0	0	0	0	0	
389.050567	8	3	3	0	1	2	2	4198	139	33	23344	3	1	94	0	0	0	0	0	0	0	0	0	0	0	0	0	0	
390.055683	8	3	3	0	1	2	2	4199	135	33	23404	3	1	94	0	0	0	0	0	0	0	0	0	0	0	0	0	0	
391.062233	8	3	3	0	1	2	2	4198	131	33	23465	3	1	94	0	0	0	0	0	0	0	0	0	0	0	0	0	0	
392.047200	8	3	3	0	1	2	2	4198	127	33	23524	3	1	94	0	0	0	0	0	0	0	0	0	0	0	0	0	0	
393.053767	8	3	3	0	1	2	2	4199	123	33	23584	3	1	94	0	0	0	0	0	0	0	0	0	0	0	0	0	0	
394.058883	8	3	3	0	1	2	2	4199	120	33	23644	3	1	94	0	0	0	0	0	0	0	0	0	0	0	0	0	0	
395.045283	8	3	3	0	1	2	2	4199	116	33	23704	3	1	94	0	0	0	0	0	0	0	0	0	0	0	0	0	0	
396.050400	8	3	3	0	1	2	2	4198	113	33	23764	3	1	94	0	0	0	0	0	0	0	0	0	0	0	0	0	0	
397.056967	8	3	3	0	1	2	2	4198	110	33	23824	3	1	94	0	0	0	0	0	0	0	0	0	0	0	0	0	0	
398.062083	8	3	3	0	1	2	2	4199	105	33	23885	3	1	94	0	0	0	0	0	0	0	0	0	0	0	0	0	0	
399.048483	8	3	3	0	1	2	2	4198	103	33	23944	3	1	94	0	0	0	0	0	0	0	0	0	0	0	0	0	0	
400.053600	8	3	3	0	1	2	2	4198	100	33	24004	3	1	94	0	0	0	0	0	0	0	0	0	0	0	0	0	0	
401.058717	8	3	3	0	1	2	2	4198	96	33	24064	3	1	94	0	0	0	0	0	0	0	0	0	0	0	0	0	0	
402.045117	8	3	3	0	1	2	2	4198	94	33	24124	3	1	94	0	0	0	0	0	0	0	0	0	0	0	0	0	0	
403.050233	8	3	3	0	1	2	2	4199	91	33	24184	3	1	94	0	0	0	0	0	0	0	0	0	0	0	0	0	0	
404.055367	8	3	3	0	1	2	2	4199	89	33	24244	3	1	94	0	0	0	0	0	0	0	0	0	0	0	0	0	0	
405.060483	8	3	3	0	1	2	2	4199	85	33	24305	3	1	94	0	0	0	0	0	0	0	0	0	0	0	0	0	0	
406.046883	8	3	3	0	1	2	2	4199	83	33	24364	3	1	94	0	0	0	0	0	0	0	0	0	0	0	0	0	0	
407.052000	8	3	3	0	1	2	2	4199	81	33	24424	3	1	94	0	0	0	0	0	0	0	0	0	0	0	0	0	0	
408.058567	8	3	3	0	1	2	2	4198	78	33	24484	3	1	94	0	0	0	0	0	0	0	0	0	0	0	0	0	0	
409.063683	8	3	3	0	1	2	2	4199	76	33	24545	3	1	94	0	0	0	0	0	0	0	0	0	0	0	0	0	0	
410.050083	8	3	3	0	1	2	2	4199	73	33	24604	3	1	94	0	0	0	0	0	0	0	0	0	0	0	0	0	0	
411.055200	8	3	3	0	1	2	2	4199	72	33	24664	3	1	94	0	0	0	0	0	0	0	0	0	0	0	0	0	0	
412.060317	8	3	3	0	1	2	2	4198	68	33	24725	3	1	94	0	0	0	0	0	0	0	0	0	0	0	0	0	0	
413.046717	8	3	3	0	1	2	2	4198	67	33	24784	3	1	94	0	0	0	0	0	0	0	0	0	0	0	0	0	0	
413.072633	8	6	3	0	2	7	1	3910	-877	33	24785	3	2	0	0	0	0	0	0	0	0	0	0	0	0	0	0	0	
414.054717	8	6	3	0	2	7	1	3712	-1350	33	24844	3	2	1	0	0	0	0	0	0	0	0	0	0	0	0	0	0	
415.059833	8	6	3	0	2	7	1	3690	-1350	33	24904	3	2	3	0	0	0	0	0	0	0	0	0	0	0	0	0	0	
416.046233	8	6	3	0	2	7	1	3668	-1349	33	24964	3	2	4	0	0	0	0	0	0	0	0	0	0	0	0	0	0	
417.051367	8	6	3	0	2	7	1	3650	-1349	33	25024	3	2	6	0	0	0	0	0	0	0	0	0	0	0	0	0	0	
418.056483	8	6	3	0	2	7	1	3627	-1350	33	25084	3	2	8	0	0	0	0	0	0	0	0	0	0	0	0	0	0	
419.061600	8	6	3	0	2	7	1	3622	-1348	33	25145	3	2	9	0	0	0	0	0	0	0	0	0	0	0	0	0	0	
420.050883	8	6	3	0	2	7	1	3600	-1351	33	25204	3	2	11	0	0	0	0	0	0	0	0	0	0	0	0	0	0	
421.056000	8	6	3	0	2	7	1	3581	-1349	33	25264	3	2	13	0	0	0	0	0	0	0	0	0	0	0	0	0	0	
422.061117	8	6	3	0	2	7	1	3573	-1351	33	25324	3	2	14	0	0	0	0	0	0	0	0	0	0	0	0	0	0	
423.047517	8	6	3	0	2	7	1	3551	-1350	33	25384	3	2	16	0	0	0	0	0	0	0	0	0	0	0	0	0	0	
424.052633	8	6	3	0	2	7	1	3548	-1350	33	25444	3	2	18	0	0	0	0	0	0	0	0	0	0	0	0	0	0	
425.057767	8	6	3	0	2	7	1	3532	-1351	33	25504	3	2	19	0	0	0	0	0	0	0	0	0	0	0	0	0	0	
426.062883	8	6	3	0	2	7	1	3514	-1350	33	25565	3	2	21	0	0	0	0	0	0	0	0	0	0	0	0	0	0	
427.049283	8	6	3	0	2	7	1	3506	-1350	33	25624	3	2	23	0	0	0	0	0	0	0	0	0	0	0	0	0	0	
428.055833	8	6	3	0	2	7	1	3494	-1349	33	25684	3	2	24	0	0	0	0	0	0	0	0	0	0	0	0	0	0	
429.060967	8	6	3	0	2	7	1	3482	-1349	33	25744	3	2	26	0	0	0	0	0	0	0	0	0	0	0	0	0	0	
430.047367	8	6	3	0	2	7	1	3471	-1349	33	25804	3	2	28	0	0	0	0	0	0	0	0	0	0	0	0	0	0	
431.052483	8	6	3	0	2	7	1	3462	-1350	33	25864	3	2	29	0	0	0	0	0	0	0	0	0	0	0	0	0	0	
432.057600	8	6	3	0	2	7	1	3453	-1350	33	25924	3	2	31	0	0	0	0	0	0	0	0	0	0	0	0	0	0	
433.062717	8	6	3	0	2	7	1	3442	-1348	33	25985	3	2	33	0	0	0	0	0	0	0	0	0	0	0	0	0	0	
434.049117	8	6	3	0	2	7	1	3432	-1349	33	26044	3	2	34	0	0	0	0	0	0	0	0	0	0	0	0	0	0	
435.054233	8	6	3	0	2	7	1	3422	-1349	33	26104	3	2	36	0	0	0	0	0	0	0	0	0	0	0	0	0	0	
436.060800	8	6	3	0	2	7	1	3412	-1350	33	26164	3	2	38	0	0	0	0	0	0	0	0	0	0	0	0	0	0	
437.065917	8	6	3	0	2	7	1	3401	-1351	33	26225	3	2	39	0	0	0	0	0	0	0	0	0	0	0	0	0	0	
438.052317	8	6	3	0	2	7	1	3392	-1349	33	26284	3	2	41	0	0	0	0	0	0	0	0	0	0	0	0	0	0	
439.057433	8	6	3	0	2	7	1	3383	-1348	33	26344	3	2	43	0	0	0	0	0	0	0	0	0	0	0	0	0	0	
440.062567	8	6	3	0	2	7	1	3374	-1350	33	26405	3	2	44	0	0	0	0	0	0	0	0	0	0	0	0	0	0	
441.048967	8	6	3	0	2	7	1	3366	-1349	33	26464	3	2	46	0	0	0	0	0	0	0	0	0	0	0	0	0	0	
442.054083	8	6	3	0	2	7	1	3358	-1349	33	26524	3	2	47	0	0	0	0	0	0	0	0	0	0	0	0	0	0	
443.059200	8	6	3	0	2	7	1	3351	-1350	33	26584	3	2	49	0	0	0	0	0	0	0	0	0	0	0	0	0	0	
444.065767	8	6	3	0	2	7	1	3344	-1349	33	26645	3	2	51	0	0	0	0	0	0	0	0	0	0	0	0	0	0	
445.052167	8	6	3	0	2	7	1	3338	-1349	33	26704	3	2	52	0	0	0	0	0	0	0	0	0	0	0	0	0	0	
446.057283	8	6	3	0	2	7	1	3331	-1349	33	26764	3	2	54	0	0	0	0	0	0	0	0	0	0	0	0	0	0	
447.062400	8	6	3	0	2	7	1	3324	-1350	33	26824	3	2	56	0	0	0	0	0	0	0	0	0	0	0	0	0	0	
448.048800	8	6	3	0	2	7	1	3318	-1351	33	26884	3	2	57	0	0	0	0	0	0	0	0	0	0	0	0	0	0	
449.053917	8	6	3	0	2	7	1	3312	-1349	33	26944	3	2	59	0	0	0	0	0	0	0	0	0	0	0	0	0	0	
450.059033	8	6	3	0	2	7	1	3306	-1349	33	27004	3	2	61	0	0	0	0	0	0	0	0	0	0	0	0	0	0	
451.064167	8	6	3	0	2	7	1	3300	-1349	33	27065	3	2	62	0	0	0	0	0	0	0	0	0	0	0	0	0	0	
452.052000	8	6	3	0	2	7	1	3295	-1349	33	27124	3	2	64	0	0	0	0	0	0	0	0	0	0	0	0	0	0	
453.057117	8	6	3	0	2	7	1	3289	-1348	33	27184	3	2	66	0	0	0	0	0	0	0	0	0	0	0	0	0	0	
454.062233	8	6	3	0	2	7	1	3283	-1348	33	27244	3	2	67	0	0	0	0	0	0	0	0	0	0	0	0	0	0	
455.067367	8	6	3	0	2	7	1	3277	-1349	33	27305	3	2	69	0	0	0	0	0	0	0	0	0	0	0	0	0	0	
456.053767	8	6	3	0	2	7	1	3271	-1350	33	27364	3	2	71	0	0	0	0	0	0	0	0	0	0	0	0	0	0	
457.058883	8	6	3	0	2	7	1	3264	-1350	33	27424	3	2	72	0	0	0	0	0	0	0	0	0	0	0	0	0	0	
458.064000	8	6	3	0	2	7	1	3257	-1350	33	27485	3	2	74	0	0	0	0	0	0	0	0	0	0	0	0	0	0	
459.050400	8	6	3	0	2	7	1	3251	-1350	33	27544	3	2	76	0	0	0	0	0	0	0	0	0	0	0	0	0	0	
460.056967	8	6	3	0	2	7	1	3243	-1350	33	27604	3	2	77	0	0	0	0	0	0	0	0	0	0	0	0	0	0	
461.062083	8	6	3	0	2	7	1	3235	-1350	33	27664	3	2	79	0	0	0	0	0	0	0	0	0	0	0	0	0	0	
462.067200	8	6	3	0	2	7	1	3225	-1349	33	27725	3	2	81	0	0	0	0	0	0	0	0	0	0	0	0	0	0	
463.053600	8	6	3	0	2	7	1	3212	-1348	33	27784	3	2	82	0	0	0	0	0	0	0	0	0	0	0	0	0	0	
464.058717	8	6	3	0	2	7	1	3197	-1349	33	27844	3	2	84	0	0	0	0	0	0	0	0	0	0	0	0	0	0	
465.063833	8	6	3	0	2	7	1	3177	-1349	33	27904	3	2	86	0	0	0	0	0	0	0	0	0	0	0	0	0	0	
466.050233	8	6	3	0	2	7	1	3153	-1351	33	27964	3	2	87	0	0	0	0	0	0	0	0	0	0	0	0	0	0	
467.055367	8	6	3	0	2	7	1	3121	-1350	33	28024	3	2	89	0	0	0	0	0	0	0	0	0	0	0	0	0	0	
468.063367	8	6	3	0	2	7	1	3074	-1349	33	28084	3	2	90	0	0	0	0	0	0	0	0	0	0	0	0	0	0	
469.068483	8	6	3	0	2	7	1	2996	-1348	33	28145	3	2	92	0	0	0	0	0	0	0	0	0	0	0	0	0	0	
470.054883	8	6	3	0	2	7	1	2847	-1349	33	28204	3	2	94	0	0	0	0	0	0	0	0	0	0	0	0	0	0	
470.570400	8	15	3	0	1	31	2	3037	49	33	28235	4	2	95	0	0	0	0	0	0	0	0	0	0	0	0	0	0	
470.590567	8	3	3	0	1	2	2	3331	677	33	28236	5	2	95	0	0	0	0	0	0	0	0	0	0	0	0	0	0	
471.062883	8	3	3	0	1	2	2	3505	676	33	28264	5	2	95	0	0	0	0	0	0	0	0	0	0	0	0	0	0	
472.069433	8	3	3	0	1	2	2	3649	675	33	28325	5	2	95	0	0	0	0	0	0	0	0	0	0	0	0	0	0	
473.054400	8	3	3	0	1	2	2	3732	673	33	28384	5	2	95	0	0	0	0	0	0	0	0	0	0	0	0	0	0	
474.060967	8	3	3	0	1	2	2	3794	674	33	28444	5	2	95	0	0	0	0	0	0	0	0	0	0	0	0	0	0	
475.066083	8	3	3	0	1	2	2	3841	676	33	28505	5	2	95	0	0	0	0	0	0	0	0	0	0	0	0	0	0	
476.052483	8	3	3	0	1	2	2	3878	676	33	28564	5	2	95	0	0	0	0	0	0	0	0	0	0	0	0	0	0	
477.057600	8	3	3	0	1	2	2	3904	674	33	28624	5	2	95	0	0	0	0	0	0	0	0	0	0	0	0	0	0	
478.062717	8	3	3	0	1	2	2	3915	675	33	28684	5	2	95	0	0	0	0	0	0	0	0	0	0	0	0	0	0	
479.067833	8	3	3	0	1	2	2	3921	674	33	28745	5	2	95	0	0	0	0	0	0	0	0	0	0	0	0	0	0	
480.054233	8	3	3	0	1	2	2	3926	675	33	28804	5	2	95	0	0	0	0	0	0	0	0	0	0	0	0	0	0	
481.059367	8	3	3	0	1	2	2	3931	674	33	28864	5	2	95	0	0	0	0	0	0	0	0	0	0	0	0	0	0	
482.065917	8	3	3	0	1	2	2	3936	674	33	28924	5	2	95	0	0	0	0	0	0	0	0	0	0	0	0	0	0	
483.052317	8	3	3	0	1	2	2	3941	675	33	28984	5	2	95	0	0	0	0	0	0	0	0	0	0	0	0	0	0	
484.057433	8	3	3	0	1	2	2	3946	676	33	29044	5	2	95	0	0	0	0	0	0	0	0	0	0	0	0	0	0	
485.062567	8	3	3	0	1	2	2	3951	672	33	29104	5	2	95	0	0	0	0	0	0	0	0	0	0	0	0	0	0	
486.067683	8	3	3	0	1	2	2	3956	674	33	29165	5	2	95	0	0	0	0	0	0	0	0	0	0	0	0	0	0	
487.054083	8	3	3	0	1	2	2	3962	674	33	29224	5	2	95	0	0	0	0	0	0	0	0	0	0	0	0	0	0	
488.059200	8	3	3	0	1	2	2	3968	675	33	29284	5	2	95	0	0	0	0	0	0	0	0	0	0	0	0	0	0	
489.064317	8	3	3	0	1	2	2	3974	675	33	29344	5	2	95	0	0	0	0	0	0	0	0	0	0	0	0	0	0	
490.070883	8	3	3	0	1	2	2	3979	675	33	29405	5	2	95	0	0	0	0	0	0	0	0	0	0	0	0	0	0	
491.055833	8	3	3	0	1	2	2	3985	674	33	29464	5	2	95	0	0	0	0	0	0	0	0	0	0	0	0	0	0	
492.062400	8	3	3	0	1	2	2	3991	675	33	29524	5	2	95	0	0	0	0	0	0	0	0	0	0	0	0	0	0	
493.067517	8	3	3	0	1	2	2	3996	675	33	29585	5	2	95	0	0	0	0	0	0	0	0	0	0	0	0	0	0	
494.053917	8	3	3	0	1	2	2	4001	676	33	29644	5	2	95	0	0	0	0	0	0	0	0	0	0	0	0	0	0	
495.059033	8	3	3	0	1	2	2	4006	675	33	29704	5	2	95	0	0	0	0	0	0	0	0	0	0	0	0	0	0	
496.064167	8	3	3	0	1	2	2	4010	674	33	29764	5	2	95	0	0	0	0	0	0	0	0	0	0	0	0	0	0	
497.069283	8	3	3	0	1	2	2	4014	674	33	29825	5	2	95	0	0	0	0	0	0	0	0	0	0	0	0	0	0	
498.055683	8	3	3	0	1	2	2	4017	674	33	29884	5	2	95	0	0	0	0	0	0	0	0	0	0	0	0	0	0	
499.060800	8	3	3	0	1	2	2	4021	675	33	29944	5	2	95	0	0	0	0	0	0	0	0	0	0	0	0	0	0	
500.065917	8	3	3	0	1	2	2	4023	673	33	30004	5	2	95	0	0	0	0	0	0	0	0	0	0	0	0	0	0	
501.052317	8	3	3	0	1	2	2	4026	673	33	30064	5	2	95	0	0	0	0	0	0	0	0	0	0	0	0	0	0	
502.057433	8	3	3	0	1	2	2	4029	675	33	30124	5	2	95	0	0	0	0	0	0	0	0	0	0	0	0	0	0	
503.064000	8	3	3	0	1	2	2	4031	674	33	30184	5	2	95	0	0	0	0	0	0	0	0	0	0	0	0	0	0	
504.069117	8	3	3	0	1	2	2	4033	675	33	30245	5	2	95	0	0	0	0	0	0	0	0	0	0	0	0	0	0	
505.055517	8	3	3	0	1	2	2	4036	675	33	30304	5	2	95	0	0	0	0	0	0	0	0	0	0	0	0	0	0	
506.060633	8	3	3	0	1	2	2	4037	674	33	30364	5	2	95	0	0	0	0	0	0	0	0	0	0	0	0	0	0	
507.065767	8	3	3	0	1	2	2	4040	675	33	30424	5	2	95	0	0	0	0	0	0	0	0	0	0	0	0	0	0	
508.070883	8	3	3	0	1	2	2	4042	674	33	30485	5	2	95	0	0	0	0	0	0	0	0	0	0	0	0	0	0	
509.057283	8	3	3	0	1	2	2	4045	675	33	30544	5	2	95	0	0	0	0	0	0	0	0	0	0	0	0	0	0	
510.062400	8	3	3	0	1	2	2	4047	674	33	30604	5	2	95	0	0	0	0	0	0	0	0	0	0	0	0	0	0	
511.067517	8	3	3	0	1	2	2	4050	674	33	30665	5	2	95	0	0	0	0	0	0	0	0	0	0	0	0	0	0	
512.055367	8	3	3	0	1	2	2	4052	675	33	30724	5	2	95	0	0	0	0	0	0	0	0	0	0	0	0	0	0	
513.060483	8	3	3	0	1	2	2	4055	674	33	30784	5	2	95	0	0	0	0	0	0	0	0	0	0	0	0	0	0	
514.065600	8	3	3	0	1	2	2	4058	675	33	30844	5	2	95	0	0	0	0	0	0	0	0	0	0	0	0	0	0	
515.070717	8	3	3	0	1	2	2	4061	674	33	30905	5	2	95	0	0	0	0	0	0	0	0	0	0	0	0	0	0	
516.057117	8	3	3	0	1	2	2	4063	674	33	30964	5	2	95	0	0	0	0	0	0	0	0	0	0	0	0	0	0	
517.062233	8	3	3	0	1	2	2	4067	676	33	31024	5	2	95	0	0	0	0	0	0	0	0	0	0	0	0	0	0	
518.067367	8	3	3	0	1	2	2	4070	674	33	31084	5	2	95	0	0	0	0	0	0	0	0	0	0	0	0	0	0	
519.055200	8	3	3	0	1	2	2	4073	676	33	31144	5	2	95	0	0	0	0	0	0	0	0	0	0	0	0	0	0	
520.060317	8	3	3	0	1	2	2	4076	676	33	31204	5	2	95	0	0	0	0	0	0	0	0	0	0	0	0	0	0	
521.064000	8	3	3	0	1	2	2	4079	674	33	31264	5	2	95	0	0	0	0	0	0	0	0	0	0	0	0	0	0	
522.070567	8	3	3	0	1	2	2	4082	673	33	31325	5	2	95	0	0	0	0	0	0	0	0	0	0	0	0	0	0	
523.056967	8	3	3	0	1	2	2	4085	674	33	31384	5	2	95	0	0	0	0	0	0	0	0	0	0	0	0	0	0	
524.062083	8	3	3	0	1	2	2	4089	674	33	31444	5	2	95	0	0	0	0	0	0	0	0	0	0	0	0	0	0	
525.067200	8	3	3	0	1	2	2	4092	673	33	31504	5	2	95	0	0	0	0	0	0	0	0	0	0	0	0	0	0	
526.072317	8	3	3	0	1	2	2	4095	673	33	31565	5	2	95	0	0	0	0	0	0	0	0	0	0	0	0	0	0	
527.058717	8	3	3	0	1	2	2	4099	674	33	31624	5	2	95	0	0	0	0	0	0	0	0	0	0	0	0	0	0	
528.063833	8	3	3	0	1	2	2	4103	675	33	31684	5	2	95	0	0	0	0	0	0	0	0	0	0	0	0	0	0	
529.068967	8	3	3	0	1	2	2	4105	674	33	31745	5	2	95	0	0	0	0	0	0	0	0	0	0	0	0	0	0	
530.056800	8	3	3	0	1	2	2	4109	674	33	31804	5	2	95	0	0	0	0	0	0	0	0	0	0	0	0	0	0	
531.061917	8	3	3	0	1	2	2	4112	674	33	31864	5	2	95	0	0	0	0	0	0	0	0	0	0	0	0	0	0	
532.067033	8	3	3	0	1	2	2	4116	675	33	31924	5	2	95	0	0	0	0	0	0	0	0	0	0	0	0	0	0	
533.072167	8	3	3	0	1	2	2	4117	666	33	31985	5	2	95	0	0	0	0	0	0	0	0	0	0	0	0	0	0	
534.058567	8	3	3	0	1	2	2	4121	665	33	32044	5	2	95	0	0	0	0	0	0	0	0	0	0	0	0	0	0	
535.063683	8	3	3	0	1	2	2	4124	664	33	32104	5	2	95	0	0	0	0	0	0	0	0	0	0	0	0	0	0	
536.070233	8	3	3	0	1	2	2	4128	662	33	32164	5	2	95	0	0	0	0	0	0	0	0	0	0	0	0	0	0	
537.056633	8	3	3	0	1	2	2	4132	663	33	32224	5	2	95	0	0	0	0	0	0	0	0	0	0	0	0	0	0	
538.061767	8	3	3	0	1	2	2	4136	661	33	32284	5	2	95	0	0	0	0	0	0	0	0	0	0	0	0	0	0	
539.066883	8	3	3	0	1	2	2	4140	661	33	32344	5	2	95	0	0	0	0	0	0	0	0	0	0	0	0	0	0	
540.072000	8	3	3	0	1	2	2	4144	660	33	32405	5	2	95	0	0	0	0	0	0	0	0	0	0	0	0	0	0	
541.058400	8	3	3	0	1	2	2	4149	661	33	32464	5	2	95	0	0	0	0	0	0	0	0	0	0	0	0	0	0	
542.064967	8	3	3	0	1	2	2	4152	660	33	32524	5	2	95	0	0	0	0	0	0	0	0	0	0	0	0	0	0	
543.070083	8	3	3	0	1	2	2	4157	659	33	32584	5	2	95	0	0	0	0	0	0	0	0	0	0	0	0	0	0	
544.056483	8	3	3	0	1	2	2	4162	659	33	32644	5	2	95	0	0	0	0	0	0	0	0	0	0	0	0	0	0	
545.061600	8	3	3	0	1	2	2	4166	657	33	32704	5	2	95	0	0	0	0	0	0	0	0	0	0	0	0	0	0	
546.066717	8	3	3	0	1	2	2	4171	657	33	32764	5	2	95	0	0	0	0	0	0	0	0	0	0	0	0	0	0	
547.071833	8	3	3	0	1	2	2	4176	657	33	32825	5	2	95	0	0	0	0	0	0	0	0	0	0	0	0	0	0	
548.058233	8	3	3	0	1	2	2	4180	657	33	32884	5	2	95	0	0	0	0	0	0	0	0	0	0	0	0	0	0	
549.063367	8	3	3	0	1	2	2	4185	655	33	32944	5	2	95	0	0	0	0	0	0	0	0	0	0	0	0	0	0	
550.069917	8	3	3	0	1	2	2	4190	654	33	33004	5	2	95	0	0	0	0	0	0	0	0	0	0	0	0	0	0	
551.075033	8	3	3	0	1	2	2	4195	654	33	33065	5	2	95	0	0	0	0	0	0	0	0	0	0	0	0	0	0	
552.061433	8	3	3	0	1	2	2	4199	650	33	33124	5	2	95	0	0	0	0	0	0	0	0	0	0	0	0	0	0	
553.066567	8	3	3	0	1	2	2	4199	636	33	33184	5	2	95	0	0	0	0	0	0	0	0	0	0	0	0	0	0	
554.071683	8	3	3	0	1	2	2	4199	622	33	33245	5	2	95	0	0	0	0	0	0	0	0	0	0	0	0	0	0	
555.058083	8	3	3	0	1	2	2	4199	608	33	33304	5	2	95	0	0	0	0	0	0	0	0	0	0	0	0	0	0	
556.064633	8	3	3	0	1	2	2	4198	593	33	33364	5	2	95	0	0	0	0	0	0	0	0	0	0	0	0	0	0	
557.069767	8	3	3	0	1	2	2	4198	580	33	33424	5	2	95	0	0	0	0	0	0	0	0	0	0	0	0	0	0	
558.074883	8	3	3	0	1	2	2	4199	568	33	33485	5	2	95	0	0	0	0	0	0	0	0	0	0	0	0	0	0	
559.061283	8	3	3	0	1	2	2	4199	555	33	33544	5	2	95	0	0	0	0	0	0	0	0	0	0	0	0	0	0	
560.066400	8	3	3	0	1	2	2	4199	543	33	33604	5	2	95	0	0	0	0	0	0	0	0	0	0	0	0	0	0	
561.071517	8	3	3	0	1	2	2	4199	529	33	33664	5	2	95	0	0	0	0	0	0	0	0	0	0	0	0	0	0	
562.057917	8	3	3	0	1	2	2	4199	516	33	33724	5	2	95	0	0	0	0	0	0	0	0	0	0	0	0	0	0	
563.064483	8	3	3	0	1	2	2	4198	504	33	33784	5	2	95	0	0	0	0	0	0	0	0	0	0	0	0	0	0	
564.069600	8	3	3	0	1	2	2	4199	491	33	33844	5	2	95	0	0	0	0	0	0	0	0	0	0	0	0	0	0	
565.074717	8	3	3	0	1	2	2	4199	479	33	33905	5	2	95	0	0	0	0	0	0	0	0	0	0	0	0	0	0	
566.061117	8	3	3	0	1	2	2	4198	468	33	33964	5	2	95	0	0	0	0	0	0	0	0	0	0	0	0	0	0	
567.066233	8	3	3	0	1	2	2	4199	455	33	34024	5	2	95	0	0	0	0	0	0	0	0	0	0	0	0	0	0	
568.071367	8	3	3	0	1	2	2	4198	442	33	34084	5	2	95	0	0	0	0	0	0	0	0	0	0	0	0	0	0	
569.057767	8	3	3	0	1	2	2	4198	429	33	34144	5	2	95	0	0	0	0	0	0	0	0	0	0	0	0	0	0	
570.062883	8	3	3	0	1	2	2	4199	415	33	34204	5	2	95	0	0	0	0	0	0	0	0	0	0	0	0	0	0	
571.069433	8	3	3	0	1	2	2	4198	403	33	34264	5	2	95	0	0	0	0	0	0	0	0	0	0	0	0	0	0	
572.074567	8	3	3	0	1	2	2	4199	391	33	34325	5	2	95	0	0	0	0	0	0	0	0	0	0	0	0	0	0	
573.060967	8	3	3	0	1	2	2	4199	379	33	34384	5	2	95	0	0	0	0	0	0	0	0	0	0	0	0	0	0	
574.066083	8	3	3	0	1	2	2	4198	368	33	34444	5	2	95	0	0	0	0	0	0	0	0	0	0	0	0	0	0	
575.071200	8	3	3	0	1	2	2	4199	358	33	34504	5	2	95	0	0	0	0	0	0	0	0	0	0	0	0	0	0	
576.076317	8	3	3	0	1	2	2	4199	347	33	34565	5	2	95	0	0	0	0	0	0	0	0	0	0	0	0	0	0	
577.062717	8	3	3	0	1	2	2	4199	339	33	34624	5	2	95	0	0	0	0	0	0	0	0	0	0	0	0	0	0	
578.067833	8	3	3	0	1	2	2	4198	330	33	34684	5	2	95	0	0	0	0	0	0	0	0	0	0	0	0	0	0	
579.058567	8	3	3	0	1	2	2	4198	320	33	34744	5	2	95	0	0	0	0	0	0	0	0	0	0	0	0	0	0	
580.063683	8	3	3	0	1	2	2	4198	311	33	34804	5	2	95	0	0	0	0	0	0	0	0	0	0	0	0	0	0	
581.068800	8	3	3	0	1	2	2	4199	303	33	34864	5	2	95	0	0	0	0	0	0	0	0	0	0	0	0	0	0	
582.073917	8	3	3	0	1	2	2	4198	296	33	34925	5	2	95	0	0	0	0	0	0	0	0	0	0	0	0	0	0	
583.060317	8	3	3	0	1	2	2	4198	288	33	34984	5	2	95	0	0	0	0	0	0	0	0	0	0	0	0	0	0	
584.065433	8	3	3	0	1	2	2	4199	279	33	35044	5	2	95	0	0	0	0	0	0	0	0	0	0	0	0	0	0	
585.072000	8	3	3	0	1	2	2	4199	273	33	35104	5	2	95	0	0	0	0	0	0	0	0	0	0	0	0	0	0	
586.077117	8	3	3	0	1	2	2	4199	267	33	35165	5	2	95	0	0	0	0	0	0	0	0	0	0	0	0	0	0	
587.063517	8	3	3	0	1	2	2	4198	259	33	35224	5	2	95	0	0	0	0	0	0	0	0	0	0	0	0	0	0	
588.068633	8	3	3	0	1	2	2	4199	252	33	35284	5	2	95	0	0	0	0	0	0	0	0	0	0	0	0	0	0	
589.073767	8	3	3	0	1	2	2	4199	247	33	35344	5	2	95	0	0	0	0	0	0	0	0	0	0	0	0	0	0	
590.060167	8	3	3	0	1	2	2	4199	240	33	35404	5	2	95	0	0	0	0	0	0	0	0	0	0	0	0	0	0	
591.065283	8	3	3	0	1	2	2	4199	234	33	35464	5	2	95	0	0	0	0	0	0	0	0	0	0	0	0	0	0	
592.070400	8	3	3	0	1	2	2	4199	227	33	35524	5	2	95	0	0	0	0	0	0	0	0	0	0	0	0	0	0	
593.076967	8	3	3	0	1	2	2	4199	222	33	35585	5	2	95	0	0	0	0	0	0	0	0	0	0	0	0	0	0	
594.063367	8	3	3	0	1	2	2	4198	215	33	35644	5	2	95	0	0	0	0	0	0	0	0	0	0	0	0	0	0	
595.068483	8	3	3	0	1	2	2	4199	210	33	35704	5	2	95	0	0	0	0	0	0	0	0	0	0	0	0	0	0	
596.073600	8	3	3	0	1	2	2	4199	205	33	35764	5	2	95	0	0	0	0	0	0	0	0	0	0	0	0	0	0	
597.060000	8	3	3	0	1	2	2	4198	199	33	35824	5	2	95	0	0	0	0	0	0	0	0	0	0	0	0	0	0	
598.065117	8	3	3	0	1	2	2	4199	195	33	35884	5	2	95	0	0	0	0	0	0	0	0	0	0	0	0	0	0	
599.070233	8	3	3	0	1	2	2	4199	190	33	35944	5	2	95	0	0	0	0	0	0	0	0	0	0	0	0	0	0	
600.075367	8	3	3	0	1	2	2	4198	184	33	36005	5	2	95	0	0	0	0	0	0	0	0	0	0	0	0	0	0	
601.061767	8	3	3	0	1	2	2	4198	179	33	36064	5	2	95	0	0	0	0	0	0	0	0	0	0	0	0	0	0	
602.068317	8	3	3	0	1	2	2	4198	174	33	36124	5	2	95	0	0	0	0	0	0	0	0	0	0	0	0	0	0	
603.073433	8	3	3	0	1	2	2	4198	171	33	36184	5	2	95	0	0	0	0	0	0	0	0	0	0	0	0	0	0	
604.078567	8	3	3	0	1	2	2	4198	166	33	36245	5	2	95	0	0	0	0	0	0	0	0	0	0	0	0	0	0	
605.064967	8	3	3	0	1	2	2	4199	162	33	36304	5	2	95	0	0	0	0	0	0	0	0	0	0	0	0	0	0	
606.070083	8	3	3	0	1	2	2	4199	158	33	36364	5	2	95	0	0	0	0	0	0	0	0	0	0	0	0	0	0	
607.075200	8	3	3	0	1	2	2	4198	154	33	36424	5	2	95	0	0	0	0	0	0	0	0	0	0	0	0	0	0	
608.061600	8	3	3	0	1	2	2	4198	149	33	36484	5	2	95	0	0	0	0	0	0	0	0	0	0	0	0	0	0	
609.066717	8	3	3	0	1	2	2	4198	146	33	36544	5	2	95	0	0	0	0	0	0	0	0	0	0	0	0	0	0	
610.071833	8	3	3	0	1	2	2	4199	142	33	36604	5	2	95	0	0	0	0	0	0	0	0	0	0	0	0	0	0	
611.078400	8	3	3	0	1	2	2	4198	138	33	36665	5	2	95	0	0	0	0	0	0	0	0	0	0	0	0	0	0	
612.064800	8	3	3	0	1	2	2	4199	135	33	36724	5	2	95	0	0	0	0	0	0	0	0	0	0	0	0	0	0	
613.069917	8	3	3	0	1	2	2	4199	131	33	36784	5	2	95	0	0	0	0	0	0	0	0	0	0	0	0	0	0	
614.075033	8	3	3	0	1	2	2	4199	128	33	36844	5	2	95	0	0	0	0	0	0	0	0	0	0	0	0	0	0	
615.061433	8	3	3	0	1	2	2	4199	124	33	36904	5	2	95	0	0	0	0	0	0	0	0	0	0	0	0	0	0	
616.066567	8	3	3	0	1	2	2	4198	121	33	36964	5	2	95	0	0	0	0	0	0	0	0	0	0	0	0	0	0	
617.071683	8	3	3	0	1	2	2	4198	118	33	37024	5	2	95	0	0	0	0	0	0	0	0	0	0	0	0	0	0	
618.078233	8	3	3	0	1	2	2	4199	115	33	37085	5	2	95	0	0	0	0	0	0	0	0	0	0	0	0	0	0	
619.064633	8	3	3	0	1	2	2	4199	112	33	37144	5	2	95	0	0	0	0	0	0	0	0	0	0	0	0	0	0	
620.069767	8	3	3	0	1	2	2	4199	108	33	37204	5	2	95	0	0	0	0	0	0	0	0	0	0	0	0	0	0	
621.074883	8	3	3	0	1	2	2	4199	106	33	37264	5	2	95	0	0	0	0	0	0	0	0	0	0	0	0	0	0	
622.080000	8	3	3	0	1	2	2	4198	104	33	37325	5	2	95	0	0	0	0	0	0	0	0	0	0	0	0	0	0	
623.066400	8	3	3	0	1	2	2	4199	100	33	37384	5	2	95	0	0	0	0	0	0	0	0	0	0	0	0	0	0	
624.071517	8	3	3	0	1	2	2	4199	98	33	37444	5	2	95	0	0	0	0	0	0	0	0	0	0	0	0	0	0	
625.076633	8	3	3	0	1	2	2	4198	95	33	37504	5	2	95	0	0	0	0	0	0	0	0	0	0	0	0	0	0	
626.063033	8	3	3	0	1	2	2	4198	93	33	37564	5	2	95	0	0	0	0	0	0	0	0	0	0	0	0	0	0	
627.068167	8	3	3	0	1	2	2	4199	90	33	37624	5	2	95	0	0	0	0	0	0	0	0	0	0	0	0	0	0	
628.073283	8	3	3	0	1	2	2	4198	89	33	37684	5	2	95	0	0	0	0	0	0	0	0	0	0	0	0	0	0	
629.079833	8	3	3	0	1	2	2	4198	86	33	37745	5	2	95	0	0	0	0	0	0	0	0	0	0	0	0	0	0	
630.066233	8	3	3	0	1	2	2	4199	83	33	37804	5	2	95	0	0	0	0	0	0	0	0	0	0	0	0	0	0	
631.071367	8	3	3	0	1	2	2	4199	81	33	37864	5	2	95	0	0	0	0	0	0	0	0	0	0	0	0	0	0	
632.076483	8	3	3	0	1	2	2	4199	79	33	37924	5	2	95	0	0	0	0	0	0	0	0	0	0	0	0	0	0	
633.062883	8	3	3	0	1	2	2	4198	77	33	37984	5	2	95	0	0	0	0	0	0	0	0	0	0	0	0	0	0	
634.068000	8	3	3	0	1	2	2	4198	75	33	38044	5	2	95	0	0	0	0	0	0	0	0	0	0	0	0	0	0	
635.073117	8	3	3	0	1	2	2	4198	73	33	38104	5	2	95	0	0	0	0	0	0	0	0	0	0	0	0	0	0	
636.078233	8	3	3	0	1	2	2	4199	71	33	38165	5	2	95	0	0	0	0	0	0	0	0	0	0	0	0	0	0	
637.064633	8	3	3	0	1	2	2	4199	69	33	38224	5	2	95	0	0	0	0	0	0	0	0	0	0	0	0	0	0	
638.069767	8	3	3	0	1	2	2	4199	67	33	38284	5	2	95	0	0	0	0	0	0	0	0	0	0	0	0	0	0	
638.133117	8	6	3	0	2	7	1	3744	-1350	33	38288	5	3	0	0	0	0	0	0	0	0	0	0	0	0	0	0	0	
639.077767	8	6	3	0	2	7	1	3690	-1350	33	38344	5	3	1	0	0	0	0	0	0	0	0	0	0	0	0	0	0	
640.064167	8	6	3	0	2	7	1	3655	-1349	33	38404	5	3	3	0	0	0	0	0	0	0	0	0	0	0	0	0	0	
641.069283	8	6	3	0	2	7	1	3648	-1350	33	38464	5	3	4	0	0	0	0	0	0	0	0	0	0	0	0	0	0	
642.074400	8	6	3	0	2	7	1	3630	-1350	33	38524	5	3	6	0	0	0	0	0	0	0	0	0	0	0	0	0	0	
643.079517	8	6	3	0	2	7	1	3641	-1350	33	38585	5	3	8	0	0	0	0	0	0	0	0	0	0	0	0	0	0	
644.067367	8	6	3	0	2	7	1	3629	-1350	33	38644	5	3	9	0	0	0	0	0	0	0	0	0	0	0	0	0	0	
645.072483	8	6	3	0	2	7	1	3617	-1350	33	38704	5	3	11	0	0	0	0	0	0	0	0	0	0	0	0	0	0	
646.077600	8	6	3	0	2	7	1	3598	-1348	33	38764	5	3	13	0	0	0	0	0	0	0	0	0	0	0	0	0	0	
647.082717	8	6	3	0	2	7	1	3587	-1350	33	38825	5	3	14	0	0	0	0	0	0	0	0	0	0	0	0	0	0	
648.069117	8	6	3	0	2	7	1	3570	-1349	33	38884	5	3	16	0	0	0	0	0	0	0	0	0	0	0	0	0	0	
649.074233	8	6	3	0	2	7	1	3559	-1349	33	38944	5	3	17	0	0	0	0	0	0	0	0	0	0	0	0	0	0	
650.079367	8	6	3	0	2	7	1	3547	-1349	33	39005	5	3	19	0	0	0	0	0	0	0	0	0	0	0	0	0	0	
651.065767	8	6	3	0	2	7	1	3535	-1350	33	39064	5	3	21	0	0	0	0	0	0	0	0	0	0	0	0	0	0	
652.070883	8	6	3	0	2	7	1	3524	-1349	33	39124	5	3	22	0	0	0	0	0	0	0	0	0	0	0	0	0	0	
653.076000	8	6	3	0	2	7	1	3514	-1350	33	39184	5	3	24	0	0	0	0	0	0	0	0	0	0	0	0	0	0	
654.082567	8	6	3	0	2	7	1	3503	-1349	33	39245	5	3	26	0	0	0	0	0	0	0	0	0	0	0	0	0	0	
655.068967	8	6	3	0	2	7	1	3492	-1349	33	39304	5	3	27	0	0	0	0	0	0	0	0	0	0	0	0	0	0	
656.074083	8	6	3	0	2	7	1	3482	-1349	33	39364	5	3	29	0	0	0	0	0	0	0	0	0	0	0	0	0	0	
657.079200	8	6	3	0	2	7	1	3471	-1350	33	39424	5	3	31	0	0	0	0	0	0	0	0	0	0	0	0	0	0	
658.065600	8	6	3	0	2	7	1	3460	-1349	33	39484	5	3	32	0	0	0	0	0	0	0	0	0	0	0	0	0	0	
659.070717	8	6	3	0	2	7	1	3450	-1349	33	39544	5	3	34	0	0	0	0	0	0	0	0	0	0	0	0	0	0	
660.075833	8	6	3	0	2	7	1	3440	-1350	33	39604	5	3	36	0	0	0	0	0	0	0	0	0	0	0	0	0	0	
661.080967	8	6	3	0	2	7	1	3430	-1350	33	39665	5	3	37	0	0	0	0	0	0	0	0	0	0	0	0	0	0	
662.068800	8	6	3	0	2	7	1	3421	-1349	33	39724	5	3	39	0	0	0	0	0	0	0	0	0	0	0	0	0	0	
663.073917	8	6	3	0	2	7	1	3412	-1349	33	39784	5	3	41	0	0	0	0	0	0	0	0	0	0	0	0	0	0	
664.079033	8	6	3	0	2	7	1	3403	-1349	33	39844	5	3	42	0	0	0	0	0	0	0	0	0	0	0	0	0	0	
665.065433	8	6	3	0	2	7	1	3394	-1349	33	39904	5	3	44	0	0	0	0	0	0	0	0	0	0	0	0	0	0	
666.070567	8	6	3	0	2	7	1	3386	-1350	33	39964	5	3	46	0	0	0	0	0	0	0	0	0	0	0	0	0	0	
667.075683	8	6	3	0	2	7	1	3378	-1349	33	40024	5	3	47	0	0	0	0	0	0	0	0	0	0	0	0	0	0	
668.080800	8	6	3	0	2	7	1	3370	-1350	33	40085	5	3	49	0	0	0	0	0	0	0	0	0	0	0	0	0	0	
669.068633	8	6	3	0	2	7	1	3363	-1349	33	40144	5	3	51	0	0	0	0	0	0	0	0	0	0	0	0	0	0	
670.075200	8	6	3	0	2	7	1	3355	-1350	33	40204	5	3	52	0	0	0	0	0	0	0	0	0	0	0	0	0	0	
671.080317	8	6	3	0	2	7	1	3349	-1350	33	40264	5	3	54	0	0	0	0	0	0	0	0	0	0	0	0	0	0	
672.066717	8	6	3	0	2	7	1	3342	-1348	33	40324	5	3	55	0	0	0	0	0	0	0	0	0	0	0	0	0	0	
673.071833	8	6	3	0	2	7	1	3336	-1350	33	40384	5	3	57	0	0	0	0	0	0	0	0	0	0	0	0	0	0	
674.076967	8	6	3	0	2	7	1	3330	-1350	33	40444	5	3	59	0	0	0	0	0	0	0	0	0	0	0	0	0	0	
675.082083	8	6	3	0	2	7	1	3324	-1349	33	40505	5	3	61	0	0	0	0	0	0	0	0	0	0	0	0	0	0	
676.068483	8	6	3	0	2	7	1	3318	-1350	33	40564	5	3	62	0	0	0	0	0	0	0	0	0	0	0	0	0	0	
677.073600	8	6	3	0	2	7	1	3312	-1351	33	40624	5	3	64	0	0	0	0	0	0	0	0	0	0	0	0	0	0	
678.078717	8	6	3	0	2	7	1	3306	-1349	33	40684	5	3	65	0	0	0	0	0	0	0	0	0	0	0	0	0	0	
679.085283	8	6	3	0	2	7	1	3300	-1348	33	40745	5	3	67	0	0	0	0	0	0	0	0	0	0	0	0	0	0	
680.071683	8	6	3	0	2	7	1	3295	-1348	33	40804	5	3	69	0	0	0	0	0	0	0	0	0	0	0	0	0	0	
681.076800	8	6	3	0	2	7	1	3288	-1350	33	40864	5	3	70	0	0	0	0	0	0	0	0	0	0	0	0	0	0	
682.081917	8	6	3	0	2	7	1	3282	-1350	33	40925	5	3	72	0	0	0	0	0	0	0	0	0	0	0	0	0	0	
683.068317	8	6	3	0	2	7	1	3275	-1351	33	40984	5	3	74	0	0	0	0	0	0	0	0	0	0	0	0	0	0	
684.073433	8	6	3	0	2	7	1	3267	-1351	33	41044	5	3	75	0	0	0	0	0	0	0	0	0	0	0	0	0	0	
685.078567	8	6	3	0	2	7	1	3259	-1349	33	41104	5	3	77	0	0	0	0	0	0	0	0	0	0	0	0	0	0	
686.083683	8	6	3	0	2	7	1	3250	-1349	33	41165	5	3	79	0	0	0	0	0	0	0	0	0	0	0	0	0	0	
687.070083	8	6	3	0	2	7	1	3240	-1348	33	41224	5	3	80	0	0	0	0	0	0	0	0	0	0	0	0	0	0	
688.076633	8	6	3	0	2	7	1	3227	-1350	33	41284	5	3	82	0	0	0	0	0	0	0	0	0	0	0	0	0	0	
689.081767	8	6	3	0	2	7	1	3210	-1350	33	41344	5	3	84	0	0	0	0	0	0	0	0	0	0	0	0	0	0	
690.068167	8	6	3	0	2	7	1	3190	-1349	33	41404	5	3	85	0	0	0	0	0	0	0	0	0	0	0	0	0	0	
691.073283	8	6	3	0	2	7	1	3163	-1350	33	41464	5	3	87	0	0	0	0	0	0	0	0	0	0	0	0	0	0	
692.078400	8	6	3	0	2	7	1	3127	-1349	33	41524	5	3	89	0	0	0	0	0	0	0	0	0	0	0	0	0	0	
693.083517	8	6	3	0	2	7	1	3072	-1351	33	41585	5	3	90	0	0	0	0	0	0	0	0	0	0	0	0	0	0	
694.069917	8	6	3	0	2	7	1	2981	-1349	33	41644	5	3	92	0	0	0	0	0	0	0	0	0	0	0	0	0	0	
695.076483	8	6	3	0	2	7	1	2772	-1350	33	41704	5	3	94	0	0	0	0	0	0	0	0	0	0	0	0	0	0	
695.309767	8	15	3	0	1	31	2	3190	369	33	41718	7	3	94	0	0	0	0	0	0	0	0	0	0	0	0	0	0	
695.329917	8	3	3	0	1	2	2	3314	676	33	41719	7	3	94	0	0	0	0	0	0	0	0	0	0	0	0	0	0	
696.084483	8	3	3	0	1	2	2	3543	674	33	41765	7	3	94	0	0	0	0	0	0	0	0	0	0	0	0	0	0	
697.070883	8	3	3	0	1	2	2	3663	675	33	41824	7	3	94	0	0	0	0	0	0	0	0	0	0	0	0	0	0	
698.076000	8	3	3	0	1	2	2	3741	675	33	41884	7	3	94	0	0	0	0	0	0	0	0	0	0	0	0	0	0	
699.081117	8	3	3	0	1	2	2	3799	675	33	41944	7	3	94	0	0	0	0	0	0	0	0	0	0	0	0	0	0	
700.067517	8	3	3	0	1	2	2	3843	675	33	42004	7	3	94	0	0	0	0	0	0	0	0	0	0	0	0	0	0	
701.074083	8	3	3	0	1	2	2	3879	675	33	42064	7	3	94	0	0	0	0	0	0	0	0	0	0	0	0	0	0	
702.079200	8	3	3	0	1	2	2	3901	675	33	42124	7	3	94	0	0	0	0	0	0	0	0	0	0	0	0	0	0	
703.084317	8	3	3	0	1	2	2	3910	673	33	42185	7	3	94	0	0	0	0	0	0	0	0	0	0	0	0	0	0	
704.070717	8	3	3	0	1	2	2	3915	674	33	42244	7	3	94	0	0	0	0	0	0	0	0	0	0	0	0	0	0	
705.075833	8	3	3	0	1	2	2	3921	674	33	42304	7	3	94	0	0	0	0	0	0	0	0	0	0	0	0	0	0	
706.080967	8	3	3	0	1	2	2	3926	674	33	42364	7	3	94	0	0	0	0	0	0	0	0	0	0	0	0	0	0	
707.086083	8	3	3	0	1	2	2	3931	675	33	42425	7	3	94	0	0	0	0	0	0	0	0	0	0	0	0	0	0	
708.072483	8	3	3	0	1	2	2	3936	675	33	42484	7	3	94	0	0	0	0	0	0	0	0	0	0	0	0	0	0	
709.077600	8	3	3	0	1	2	2	3941	674	33	42544	7	3	94	0	0	0	0	0	0	0	0	0	0	0	0	0	0	
710.082717	8	3	3	0	1	2	2	3946	675	33	42604	7	3	94	0	0	0	0	0	0	0	0	0	0	0	0	0	0	
711.070567	8	3	3	0	1	2	2	3951	674	33	42664	7	3	94	0	0	0	0	0	0	0	0	0	0	0	0	0	0	
712.075683	8	3	3	0	1	2	2	3957	674	33	42724	7	3	94	0	0	0	0	0	0	0	0	0	0	0	0	0	0	
713.080800	8	3	3	0	1	2	2	3962	673	33	42784	7	3	94	0	0	0	0	0	0	0	0	0	0	0	0	0	0	
714.085917	8	3	3	0	1	2	2	3968	674	33	42845	7	3	94	0	0	0	0	0	0	0	0	0	0	0	0	0	0	
715.072317	8	3	3	0	1	2	2	3974	675	33	42904	7	3	94	0	0	0	0	0	0	0	0	0	0	0	0	0	0	
716.077433	8	3	3	0	1	2	2	3980	676	33	42964	7	3	94	0	0	0	0	0	0	0	0	0	0	0	0	0	0	
717.082567	8	3	3	0	1	2	2	3986	674	33	43024	7	3	94	0	0	0	0	0	0	0	0	0	0	0	0	0	0	
718.068967	8	3	3	0	1	2	2	3990	675	33	43084	7	3	94	0	0	0	0	0	0	0	0	0	0	0	0	0	0	
719.074083	8	3	3	0	1	2	2	3995	675	33	43144	7	3	94	0	0	0	0	0	0	0	0	0	0	0	0	0	0	
720.080633	8	3	3	0	1	2	2	4000	675	33	43204	7	3	94	0	0	0	0	0	0	0	0	0	0	0	0	0	0	
721.085767	8	3	3	0	1	2	2	4004	675	33	43265	7	3	94	0	0	0	0	0	0	0	0	0	0	0	0	0	0	
722.072167	8	3	3	0	1	2	2	4008	674	33	43324	7	3	94	0	0	0	0	0	0	0	0	0	0	0	0	0	0	
723.077283	8	3	3	0	1	2	2	4011	675	33	43384	7	3	94	0	0	0	0	0	0	0	0	0	0	0	0	0	0	
724.082400	8	3	3	0	1	2	2	4014	675	33	43444	7	3	94	0	0	0	0	0	0	0	0	0	0	0	0	0	0	
725.087517	8	3	3	0	1	2	2	4017	674	33	43505	7	3	94	0	0	0	0	0	0	0	0	0	0	0	0	0	0	
726.073917	8	3	3	0	1	2	2	4020	674	33	43564	7	3	94	0	0	0	0	0	0	0	0	0	0	0	0	0	0	
727.079033	8	3	3	0	1	2	2	4022	675	33	43624	7	3	94	0	0	0	0	0	0	0	0	0	0	0	0	0	0	
728.085600	8	3	3	0	1	2	2	4025	674	33	43685	7	3	94	0	0	0	0	0	0	0	0	0	0	0	0	0	0	
729.072000	8	3	3	0	1	2	2	4027	675	33	43744	7	3	94	0	0	0	0	0	0	0	0	0	0	0	0	0	0	
730.078567	8	3	3	0	1	2	2	4029	675	33	43804	7	3	94	0	0	0	0	0	0	0	0	0	0	0	0	0	0	
731.083683	8	3	3	0	1	2	2	4031	675	33	43864	7	3	94	0	0	0	0	0	0	0	0	0	0	0	0	0	0	
732.088800	8	3	3	0	1	2	2	4034	674	33	43925	7	3	94	0	0	0	0	0	0	0	0	0	0	0	0	0	0	
733.075200	8	3	3	0	1	2	2	4036	675	33	43984	7	3	94	0	0	0	0	0	0	0	0	0	0	0	0	0	0	
734.080317	8	3	3	0	1	2	2	4039	675	33	44044	7	3	94	0	0	0	0	0	0	0	0	0	0	0	0	0	0	
735.086883	8	3	3	0	1	2	2	4041	674	33	44105	7	3	94	0	0	0	0	0	0	0	0	0	0	0	0	0	0	
736.073283	8	3	3	0	1	2	2	4044	675	33	44164	7	3	94	0	0	0	0	0	0	0	0	0	0	0	0	0	0	
737.078400	8	3	3	0	1	2	2	4046	674	33	44224	7	3	94	0	0	0	0	0	0	0	0	0	0	0	0	0	0	
738.083517	8	3	3	0	1	2	2	4049	674	33	44284	7	3	94	0	0	0	0	0	0	0	0	0	0	0	0	0	0	
739.088633	8	3	3	0	1	2	2	4051	674	33	44345	7	3	94	0	0	0	0	0	0	0	0	0	0	0	0	0	0	
740.075033	8	3	3	0	1	2	2	4055	675	33	44404	7	3	94	0	0	0	0	0	0	0	0	0	0	0	0	0	0	
741.080167	8	3	3	0	1	2	2	4058	674	33	44464	7	3	94	0	0	0	0	0	0	0	0	0	0	0	0	0	0	
742.085283	8	3	3	0	1	2	2	4061	674	33	44524	7	3	94	0	0	0	0	0	0	0	0	0	0	0	0	0	0	
743.071683	8	3	3	0	1	2	2	4063	675	33	44584	7	3	94	0	0	0	0	0	0	0	0	0	0	0	0	0	0	
744.078233	8	3	3	0	1	2	2	4067	675	33	44644	7	3	94	0	0	0	0	0	0	0	0	0	0	0	0	0	0	
745.083367	8	3	3	0	1	2	2	4070	674	33	44704	7	3	94	0	0	0	0	0	0	0	0	0	0	0	0	0	0	
746.088483	8	3	3	0	1	2	2	4073	674	33	44765	7	3	94	0	0	0	0	0	0	0	0	0	0	0	0	0	0	
747.074883	8	3	3	0	1	2	2	4076	675	33	44824	7	3	94	0	0	0	0	0	0	0	0	0	0	0	0	0	0	
748.080000	8	3	3	0	1	2	2	4079	675	33	44884	7	3	94	0	0	0	0	0	0	0	0	0	0	0	0	0	0	
749.085117	8	3	3	0	1	2	2	4083	675	33	44944	7	3	94	0	0	0	0	0	0	0	0	0	0	0	0	0	0	
750.071517	8	3	3	0	1	2	2	4086	674	33	45004	7	3	94	0	0	0	0	0	0	0	0	0	0	0	0	0	0	
751.076633	8	3	3	0	1	2	2	4089	674	33	45064	7	3	94	0	0	0	0	0	0	0	0	0	0	0	0	0	0	
752.083200	8	3	3	0	1	2	2	4092	674	33	45124	7	3	94	0	0	0	0	0	0	0	0	0	0	0	0	0	0	
753.088317	8	3	3	0	1	2	2	4096	674	33	45185	7	3	94	0	0	0	0	0	0	0	0	0	0	0	0	0	0	
754.074717	8	3	3	0	1	2	2	4100	674	33	45244	7	3	94	0	0	0	0	0	0	0	0	0	0	0	0	0	0	
755.079833	8	3	3	0	1	2	2	4103	674	33	45304	7	3	94	0	0	0	0	0	0	0	0	0	0	0	0	0	0	
756.084967	8	3	3	0	1	2	2	4107	675	33	45364	7	3	94	0	0	0	0	0	0	0	0	0	0	0	0	0	0	
757.090083	8	3	3	0	1	2	2	4111	674	33	45425	7	3	94	0	0	0	0	0	0	0	0	0	0	0	0	0	0	
758.076483	8	3	3	0	1	2	2	4115	675	33	45484	7	3	94	0	0	0	0	0	0	0	0	0	0	0	0	0	0	
759.081600	8	3	3	0	1	2	2	4118	672	33	45544	7	3	94	0	0	0	0	0	0	0	0	0	0	0	0	0	0	
760.086717	8	3	3	0	1	2	2	4120	667	33	45604	7	3	94	0	0	0	0	0	0	0	0	0	0	0	0	0	0	
761.073117	8	3	3	0	1	2	2	4124	666	33	45664	7	3	94	0	0	0	0	0	0	0	0	0	0	0	0	0	0	
762.078233	8	3	3	0	1	2	2	4128	665	33	45724	7	3	94	0	0	0	0	0	0	0	0	0	0	0	0	0	0	
763.084800	8	3	3	0	1	2	2	4132	664	33	45784	7	3	94	0	0	0	0	0	0	0	0	0	0	0	0	0	0	
764.089917	8	3	3	0	1	2	2	4137	666	33	45845	7	3	94	0	0	0	0	0	0	0	0	0	0	0	0	0	0	
765.076317	8	3	3	0	1	2	2	4141	664	33	45904	7	3	94	0	0	0	0	0	0	0	0	0	0	0	0	0	0	
766.081433	8	3	3	0	1	2	2	4145	664	33	45964	7	3	94	0	0	0	0	0	0	0	0	0	0	0	0	0	0	
767.086567	8	3	3	0	1	2	2	4149	662	33	46024	7	3	94	0	0	0	0	0	0	0	0	0	0	0	0	0	0	
768.072967	8	3	3	0	1	2	2	4154	663	33	46084	7	3	94	0	0	0	0	0	0	0	0	0	0	0	0	0	0	
769.078083	8	3	3	0	1	2	2	4158	661	33	46144	7	3	94	0	0	0	0	0	0	0	0	0	0	0	0	0	0	
770.084633	8	3	3	0	1	2	2	4163	661	33	46204	7	3	94	0	0	0	0	0	0	0	0	0	0	0	0	0	0	
771.075367	8	3	3	0	1	2	2	4168	662	33	46264	7	3	94	0	0	0	0	0	0	0	0	0	0	0	0	0	0	
772.080483	8	3	3	0	1	2	2	4172	660	33	46324	7	3	94	0	0	0	0	0	0	0	0	0	0	0	0	0	0	
773.087033	8	3	3	0	1	2	2	4178	660	33	46384	7	3	94	0	0	0	0	0	0	0	0	0	0	0	0	0	0	
774.092167	8	3	3	0	1	2	2	4182	660	33	46445	7	3	94	0	0	0	0	0	0	0	0	0	0	0	0	0	0	
775.078567	8	3	3	0	1	2	2	4188	660	33	46504	7	3	94	0	0	0	0	0	0	0	0	0	0	0	0	0	0	
776.083683	8	3	3	0	1	2	2	4193	660	33	46564	7	3	94	0	0	0	0	0	0	0	0	0	0	0	0	0	0	
777.088800	8	3	3	0	1	2	2	4198	659	33	46624	7	3	94	0	0	0	0	0	0	0	0	0	0	0	0	0	0	
778.075200	8	3	3	0	1	2	2	4199	645	33	46684	7	3	94	0	0	0	0	0	0	0	0	0	0	0	0	0	0	
779.080317	8	3	3	0	1	2	2	4199	630	33	46744	7	3	94	0	0	0	0	0	0	0	0	0	0	0	0	0	0	
780.085433	8	3	3	0	1	2	2	4198	615	33	46804	7	3	94	0	0	0	0	0	0	0	0	0	0	0	0	0	0	
781.090567	8	3	3	0	1	2	2	4198	601	33	46865	7	3	94	0	0	0	0	0	0	0	0	0	0	0	0	0	0	
782.076967	8	3	3	0	1	2	2	4199	588	33	46924	7	3	94	0	0	0	0	0	0	0	0	0	0	0	0	0	0	
783.082083	8	3	3	0	1	2	2	4199	574	33	46984	7	3	94	0	0	0	0	0	0	0	0	0	0	0	0	0	0	
784.088633	8	3	3	0	1	2	2	4199	561	33	47044	7	3	94	0	0	0	0	0	0	0	0	0	0	0	0	0	0	
785.075033	8	3	3	0	1	2	2	4199	547	33	47104	7	3	94	0	0	0	0	0	0	0	0	0	0	0	0	0	0	
786.080167	8	3	3	0	1	2	2	4198	534	33	47164	7	3	94	0	0	0	0	0	0	0	0	0	0	0	0	0	0	
787.085283	8	3	3	0	1	2	2	4199	520	33	47224	7	3	94	0	0	0	0	0	0	0	0	0	0	0	0	0	0	
788.090400	8	3	3	0	1	2	2	4199	507	33	47285	7	3	94	0	0	0	0	0	0	0	0	0	0	0	0	0	0	
789.076800	8	3	3	0	1	2	2	4199	495	33	47344	7	3	94	0	0	0	0	0	0	0	0	0	0	0	0	0	0	
790.081917	8	3	3	0	1	2	2	4199	481	33	47404	7	3	94	0	0	0	0	0	0	0	0	0	0	0	0	0	0	
791.087033	8	3	3	0	1	2	2	4199	469	33	47464	7	3	94	0	0	0	0	0	0	0	0	0	0	0	0	0	0	
792.093600	8	3	3	0	1	2	2	4199	457	33	47525	7	3	94	0	0	0	0	0	0	0	0	0	0	0	0	0	0	
793.078567	8	3	3	0	1	2	2	4199	445	33	47584	7	3	94	0	0	0	0	0	0	0	0	0	0	0	0	0	0	
794.085117	8	3	3	0	1	2	2	4199	432	33	47644	7	3	94	0	0	0	0	0	0	0	0	0	0	0	0	0	0	
795.090233	8	3	3	0	1	2	2	4199	420	33	47704	7	3	94	0	0	0	0	0	0	0	0	0	0	0	0	0	0	
796.076633	8	3	3	0	1	2	2	4199	407	33	47764	7	3	94	0	0	0	0	0	0	0	0	0	0	0	0	0	0	
797.081767	8	3	3	0	1	2	2	4199	395	33	47824	7	3	94	0	0	0	0	0	0	0	0	0	0	0	0	0	0	
798.086883	8	3	3	0	1	2	2	4199	384	33	47884	7	3	94	0	0	0	0	0	0	0	0	0	0	0	0	0	0	
799.092000	8	3	3	0	1	2	2	4198	374	33	47945	7	3	94	0	0	0	0	0	0	0	0	0	0	0	0	0	0	
800.078400	8	3	3	0	1	2	2	4199	362	33	48004	7	3	94	0	0	0	0	0	0	0	0	0	0	0	0	0	0	
801.083517	8	3	3	0	1	2	2	4199	352	33	48064	7	3	94	0	0	0	0	0	0	0	0	0	0	0	0	0	0	
802.090083	8	3	3	0	1	2	2	4198	343	33	48124	7	3	94	0	0	0	0	0	0	0	0	0	0	0	0	0	0	
803.076483	8	3	3	0	1	2	2	4199	333	33	48184	7	3	94	0	0	0	0	0	0	0	0	0	0	0	0	0	0	
804.081600	8	3	3	0	1	2	2	4199	323	33	48244	7	3	94	0	0	0	0	0	0	0	0	0	0	0	0	0	0	
805.086717	8	3	3	0	1	2	2	4199	314	33	48304	7	3	94	0	0	0	0	0	0	0	0	0	0	0	0	0	0	
806.091833	8	3	3	0	1	2	2	4199	305	33	48365	7	3	94	0	0	0	0	0	0	0	0	0	0	0	0	0	0	
807.078233	8	3	3	0	1	2	2	4199	297	33	48424	7	3	94	0	0	0	0	0	0	0	0	0	0	0	0	0	0	
808.083367	8	3	3	0	1	2	2	4199	289	33	48484	7	3	94	0	0	0	0	0	0	0	0	0	0	0	0	0	0	
809.088483	8	3	3	0	1	2	2	4199	282	33	48544	7	3	94	0	0	0	0	0	0	0	0	0	0	0	0	0	0	
810.095033	8	3	3	0	1	2	2	4199	274	33	48605	7	3	94	0	0	0	0	0	0	0	0	0	0	0	0	0	0	
811.081433	8	3	3	0	1	2	2	4198	267	33	48664	7	3	94	0	0	0	0	0	0	0	0	0	0	0	0	0	0	
812.086567	8	3	3	0	1	2	2	4199	259	33	48724	7	3	94	0	0	0	0	0	0	0	0	0	0	0	0	0	0	
813.091683	8	3	3	0	1	2	2	4199	252	33	48785	7	3	94	0	0	0	0	0	0	0	0	0	0	0	0	0	0	
814.078083	8	3	3	0	1	2	2	4199	245	33	48844	7	3	94	0	0	0	0	0	0	0	0	0	0	0	0	0	0	
815.083200	8	3	3	0	1	2	2	4199	239	33	48904	7	3	94	0	0	0	0	0	0	0	0	0	0	0	0	0	0	
816.092633	8	3	3	0	1	2	2	4199	231	33	48965	7	3	94	0	0	0	0	0	0	0	0	0	0	0	0	0	0	
817.079033	8	3	3	0	1	2	2	4199	225	33	49024	7	3	94	0	0	0	0	0	0	0	0	0	0	0	0	0	0	
818.084167	8	3	3	0	1	2	2	4198	219	33	49084	7	3	94	0	0	0	0	0	0	0	0	0	0	0	0	0	0	
819.089283	8	3	3	0	1	2	2	4198	213	33	49144	7	3	94	0	0	0	0	0	0	0	0	0	0	0	0	0	0	
820.094400	8	3	3	0	1	2	2	4198	208	33	49205	7	3	94	0	0	0	0	0	0	0	0	0	0	0	0	0	0	
821.080800	8	3	3	0	1	2	2	4199	203	33	49264	7	3	94	0	0	0	0	0	0	0	0	0	0	0	0	0	0	
822.085917	8	3	3	0	1	2	2	4198	196	33	49324	7	3	94	0	0	0	0	0	0	0	0	0	0	0	0	0	0	
823.091033	8	3	3	0	1	2	2	4198	191	33	49384	7	3	94	0	0	0	0	0	0	0	0	0	0	0	0	0	0	
824.077433	8	3	3	0	1	2	2	4198	185	33	49444	7	3	94	0	0	0	0	0	0	0	0	0	0	0	0	0	0	
825.084000	8	3	3	0	1	2	2	4199	180	33	49504	7	3	94	0	0	0	0	0	0	0	0	0	0	0	0	0	0	
826.089117	8	3	3	0	1	2	2	4198	175	33	49564	7	3	94	0	0	0	0	0	0	0	0	0	0	0	0	0	0	
827.094233	8	3	3	0	1	2	2	4198	170	33	49625	7	3	94	0	0	0	0	0	0	0	0	0	0	0	0	0	0	
828.080633	8	3	3	0	1	2	2	4198	166	33	49684	7	3	94	0	0	0	0	0	0	0	0	0	0	0	0	0	0	
829.085767	8	3	3	0	1	2	2	4199	161	33	49744	7	3	94	0	0	0	0	0	0	0	0	0	0	0	0	0	0	
830.090883	8	3	3	0	1	2	2	4198	157	33	49804	7	3	94	0	0	0	0	0	0	0	0	0	0	0	0	0	0	
831.096000	8	3	3	0	1	2	2	4199	153	33	49865	7	3	94	0	0	0	0	0	0	0	0	0	0	0	0	0	0	
832.082400	8	3	3	0	1	2	2	4199	148	33	49924	7	3	94	0	0	0	0	0	0	0	0	0	0	0	0	0	0	
833.088967	8	3	3	0	1	2	2	4198	145	33	49984	7	3	94	0	0	0	0	0	0	0	0	0	0	0	0	0	0	
834.094083	8	3	3	0	1	2	2	4198	140	33	50045	7	3	94	0	0	0	0	0	0	0	0	0	0	0	0	0	0	
835.080483	8	3	3	0	1	2	2	4198	136	33	50104	7	3	94	0	0	0	0	0	0	0	0	0	0	0	0	0	0	
836.085600	8	3	3	0	1	2	2	4198	132	33	50164	7	3	94	0	0	0	0	0	0	0	0	0	0	0	0	0	0	
837.090717	8	3	3	0	1	2	2	4198	129	33	50224	7	3	94	0	0	0	0	0	0	0	0	0	0	0	0	0	0	
838.095833	8	3	3	0	1	2	2	4199	125	33	50285	7	3	94	0	0	0	0	0	0	0	0	0	0	0	0	0	0	
839.082233	8	3	3	0	1	2	2	4199	122	33	50344	7	3	94	0	0	0	0	0	0	0	0	0	0	0	0	0	0	
840.087367	8	3	3	0	1	2	2	4198	118	33	50404	7	3	94	0	0	0	0	0	0	0	0	0	0	0	0	0	0	
841.093917	8	3	3	0	1	2	2	4199	114	33	50464	7	3	94	0	0	0	0	0	0	0	0	0	0	0	0	0	0	
842.080317	8	3	3	0	1	2	2	4198	111	33	50524	7	3	94	0	0	0	0	0	0	0	0	0	0	0	0	0	0	
843.085433	8	3	3	0	1	2	2	4198	109	33	50584	7	3	94	0	0	0	0	0	0	0	0	0	0	0	0	0	0	
844.090567	8	3	3	0	1	2	2	4198	105	33	50644	7	3	94	0	0	0	0	0	0	0	0	0	0	0	0	0	0	
845.095683	8	3	3	0	1	2	2	4199	103	33	50705	7	3	94	0	0	0	0	0	0	0	0	0	0	0	0	0	0	
846.082083	8	3	3	0	1	2	2	4198	99	33	50764	7	3	94	0	0	0	0	0	0	0	0	0	0	0	0	0	0	
847.087200	8	3	3	0	1	2	2	4198	97	33	50824	7	3	94	0	0	0	0	0	0	0	0	0	0	0	0	0	0	
848.092317	8	3	3	0	1	2	2	4198	94	33	50884	7	3	94	0	0	0	0	0	0	0	0	0	0	0	0	0	0	
849.097433	8	3	3	0	1	2	2	4199	92	33	50945	7	3	94	0	0	0	0	0	0	0	0	0	0	0	0	0	0	
850.083833	8	3	3	0	1	2	2	4198	89	33	51004	7	3	94	0	0	0	0	0	0	0	0	0	0	0	0	0	0	
851.088967	8	3	3	0	1	2	2	4198	87	33	51064	7	3	94	0	0	0	0	0	0	0	0	0	0	0	0	0	0	
852.095517	8	3	3	0	1	2	2	4198	84	33	51125	7	3	94	0	0	0	0	0	0	0	0	0	0	0	0	0	0	
853.081917	8	3	3	0	1	2	2	4199	82	33	51184	7	3	94	0	0	0	0	0	0	0	0	0	0	0	0	0	0	
854.087033	8	3	3	0	1	2	2	4198	80	33	51244	7	3	94	0	0	0	0	0	0	0	0	0	0	0	0	0	0	
855.092167	8	3	3	0	1	2	2	4198	77	33	51304	7	3	94	0	0	0	0	0	0	0	0	0	0	0	0	0	0	
856.097283	8	3	3	0	1	2	2	4198	76	33	51365	7	3	94	0	0	0	0	0	0	0	0	0	0	0	0	0	0	
857.083683	8	3	3	0	1	2	2	4199	73	33	51424	7	3	94	0	0	0	0	0	0	0	0	0	0	0	0	0	0	
858.088800	8	3	3	0	1	2	2	4198	71	33	51484	7	3	94	0	0	0	0	0	0	0	0	0	0	0	0	0	0	
859.093917	8	3	3	0	1	2	2	4199	70	33	51544	7	3	94	0	0	0	0	0	0	0	0	0	0	0	0	0	0	
860.081767	8	3	3	0	1	2	2	4198	68	33	51604	7	3	94	0	0	0	0	0	0	0	0	0	0	0	0	0	0	
860.257433	8	6	3	0	2	7	1	4011	-497	33	51614	7	4	0	0	0	0	0	0	0	0	0	0	0	0	0	0	0	
861.088317	8	6	3	0	2	7	1	3705	-1349	33	51664	7	4	1	0	0	0	0	0	0	0	0	0	0	0	0	0	0	
862.093433	8	6	3	0	2	7	1	3680	-1348	33	51724	7	4	2	0	0	0	0	0	0	0	0	0	0	0	0	0	0	
863.098567	8	6	3	0	2	7	1	3654	-1349	33	51785	7	4	4	0	0	0	0	0	0	0	0	0	0	0	0	0	0	
864.084967	8	6	3	0	2	7	1	3645	-1351	33	51844	7	4	6	0	0	0	0	0	0	0	0	0	0	0	0	0	0	
865.090083	8	6	3	0	2	7	1	3629	-1350	33	51904	7	4	7	0	0	0	0	0	0	0	0	0	0	0	0	0	0	
866.096633	8	6	3	0	2	7	1	3635	-1351	33	51965	7	4	9	0	0	0	0	0	0	0	0	0	0	0	0	0	0	
867.083033	8	6	3	0	2	7	1	3626	-1350	33	52024	7	4	11	0	0	0	0	0	0	0	0	0	0	0	0	0	0	
868.088167	8	6	3	0	2	7	1	3613	-1350	33	52084	7	4	12	0	0	0	0	0	0	0	0	0	0	0	0	0	0	
869.093283	8	6	3	0	2	7	1	3598	-1350	33	52144	7	4	14	0	0	0	0	0	0	0	0	0	0	0	0	0	0	
870.098400	8	6	3	0	2	7	1	3583	-1350	33	52205	7	4	16	0	0	0	0	0	0	0	0	0	0	0	0	0	0	
871.084800	8	6	3	0	2	7	1	3569	-1350	33	52264	7	4	17	0	0	0	0	0	0	0	0	0	0	0	0	0	0	
872.089917	8	6	3	0	2	7	1	3555	-1349	33	52324	7	4	19	0	0	0	0	0	0	0	0	0	0	0	0	0	0	
873.096483	8	6	3	0	2	7	1	3541	-1349	33	52384	7	4	21	0	0	0	0	0	0	0	0	0	0	0	0	0	0	
874.082883	8	6	3	0	2	7	1	3529	-1350	33	52444	7	4	22	0	0	0	0	0	0	0	0	0	0	0	0	0	0	
875.088000	8	6	3	0	2	7	1	3518	-1349	33	52504	7	4	24	0	0	0	0	0	0	0	0	0	0	0	0	0	0	
876.093117	8	6	3	0	2	7	1	3507	-1349	33	52564	7	4	25	0	0	0	0	0	0	0	0	0	0	0	0	0	0	
877.098233	8	6	3	0	2	7	1	3497	-1349	33	52625	7	4	27	0	0	0	0	0	0	0	0	0	0	0	0	0	0	
878.084633	8	6	3	0	2	7	1	3486	-1348	33	52684	7	4	29	0	0	0	0	0	0	0	0	0	0	0	0	0	0	
879.089767	8	6	3	0	2	7	1	3474	-1349	33	52744	7	4	30	0	0	0	0	0	0	0	0	0	0	0	0	0	0	
880.094883	8	6	3	0	2	7	1	3463	-1349	33	52804	7	4	32	0	0	0	0	0	0	0	0	0	0	0	0	0	0	
881.082717	8	6	3	0	2	7	1	3452	-1349	33	52864	7	4	34	0	0	0	0	0	0	0	0	0	0	0	0	0	0	
882.087833	8	6	3	0	2	7	1	3443	-1350	33	52924	7	4	35	0	0	0	0	0	0	0	0	0	0	0	0	0	0	
883.092967	8	6	3	0	2	7	1	3434	-1350	33	52984	7	4	37	0	0	0	0	0	0	0	0	0	0	0	0	0	0	
884.098083	8	6	3	0	2	7	1	3424	-1349	33	53045	7	4	39	0	0	0	0	0	0	0	0	0	0	0	0	0	0	
885.084483	8	6	3	0	2	7	1	3415	-1350	33	53104	7	4	40	0	0	0	0	0	0	0	0	0	0	0	0	0	0	
886.089600	8	6	3	0	2	7	1	3406	-1349	33	53164	7	4	42	0	0	0	0	0	0	0	0	0	0	0	0	0	0	
887.094717	8	6	3	0	2	7	1	3397	-1350	33	53224	7	4	44	0	0	0	0	0	0	0	0	0	0	0	0	0	0	
888.099833	8	6	3	0	2	7	1	3389	-1349	33	53285	7	4	45	0	0	0	0	0	0	0	0	0	0	0	0	0	0	
889.086233	8	6	3	0	2	7	1	3381	-1350	33	53344	7	4	47	0	0	0	0	0	0	0	0	0	0	0	0	0	0	
890.092800	8	6	3	0	2	7	1	3373	-1350	33	53404	7	4	49	0	0	0	0	0	0	0	0	0	0	0	0	0	0	
891.097917	8	6	3	0	2	7	1	3366	-1348	33	53464	7	4	50	0	0	0	0	0	0	0	0	0	0	0	0	0	0	
892.084317	8	6	3	0	2	7	1	3359	-1350	33	53524	7	4	52	0	0	0	0	0	0	0	0	0	0	0	0	0	0	
893.089433	8	6	3	0	2	7	1	3352	-1348	33	53584	7	4	54	0	0	0	0	0	0	0	0	0	0	0	0	0	0	
894.094567	8	6	3	0	2	7	1	3345	-1349	33	53644	7	4	55	0	0	0	0	0	0	0	0	0	0	0	0	0	0	
895.099683	8	6	3	0	2	7	1	3339	-1349	33	53705	7	4	57	0	0	0	0	0	0	0	0	0	0	0	0	0	0	
896.086083	8	6	3	0	2	7	1	3333	-1350	33	53764	7	4	59	0	0	0	0	0	0	0	0	0	0	0	0	0	0	
897.092633	8	6	3	0	2	7	1	3327	-1350	33	53824	7	4	60	0	0	0	0	0	0	0	0	0	0	0	0	0	0	
898.097767	8	6	3	0	2	7	1	3321	-1349	33	53884	7	4	62	0	0	0	0	0	0	0	0	0	0	0	0	0	0	
899.084167	8	6	3	0	2	7	1	3316	-1350	33	53944	7	4	64	0	0	0	0	0	0	0	0	0	0	0	0	0	0	
900.089283	8	6	3	0	2	7	1	3310	-1350	33	54004	7	4	65	0	0	0	0	0	0	0	0	0	0	0	0	0	0	
901.094400	8	6	3	0	2	7	1	3304	-1349	33	54064	7	4	67	0	0	0	0	0	0	0	0	0	0	0	0	0	0	
902.099517	8	6	3	0	2	7	1	3297	-1349	33	54125	7	4	69	0	0	0	0	0	0	0	0	0	0	0	0	0	0	
903.085917	8	6	3	0	2	7	1	3291	-1348	33	54184	7	4	70	0	0	0	0	0	0	0	0	0	0	0	0	0	0	
904.091033	8	6	3	0	2	7	1	3283	-1351	33	54244	7	4	72	0	0	0	0	0	0	0	0	0	0	0	0	0	0	
905.096167	8	6	3	0	2	7	1	3278	-1348	33	54304	7	4	74	0	0	0	0	0	0	0	0	0	0	0	0	0	0	
906.101283	8	6	3	0	2	7	1	3270	-1350	33	54365	7	4	75	0	0	0	0	0	0	0	0	0	0	0	0	0	0	
907.089117	8	6	3	0	2	7	1	3262	-1350	33	54424	7	4	77	0	0	0	0	0	0	0	0	0	0	0	0	0	0	
908.094233	8	6	3	0	2	7	1	3253	-1350	33	54484	7	4	78	0	0	0	0	0	0	0	0	0	0	0	0	0	0	
909.099367	8	6	3	0	2	7	1	3243	-1349	33	54545	7	4	80	0	0	0	0	0	0	0	0	0	0	0	0	0	0	
910.085767	8	6	3	0	2	7	1	3230	-1350	33	54604	7	4	82	0	0	0	0	0	0	0	0	0	0	0	0	0	0	
911.090883	8	6	3	0	2	7	1	3213	-1349	33	54664	7	4	83	0	0	0	0	0	0	0	0	0	0	0	0	0	0	
912.096000	8	6	3	0	2	7	1	3193	-1349	33	54724	7	4	85	0	0	0	0	0	0	0	0	0	0	0	0	0	0	
913.101117	8	6	3	0	2	7	1	3168	-1350	33	54785	7	4	87	0	0	0	0	0	0	0	0	0	0	0	0	0	0	
914.087517	8	6	3	0	2	7	1	3133	-1350	33	54844	7	4	88	0	0	0	0	0	0	0	0	0	0	0	0	0	0	
915.094083	8	6	3	0	2	7	1	3080	-1348	33	54904	7	4	90	0	0	0	0	0	0	0	0	0	0	0	0	0	0	
916.099200	8	6	3	0	2	7	1	2990	-1349	33	54964	7	4	92	0	0	0	0	0	0	0	0	0	0	0	0	0	0	
917.085600	8	6	3	0	2	7	1	2802	-1349	33	55024	7	4	93	0	0	0	0	0	0	0	0	0	0	0	0	0	0	
917.393767	8	15	3	0	1	31	2	3067	63	33	55042	8	4	94	0	0	0	0	0	0	0	0	0	0	0	0	0	0	
917.413917	8	3	3	0	1	2	2	3290	676	33	55043	9	4	94	0	0	0	0	0	0	0	0	0	0	0	0	0	0	
918.093600	8	3	3	0	1	2	2	3515	674	33	55084	9	4	94	0	0	0	0	0	0	0	0	0	0	0	0	0	0	
919.100167	8	3	3	0	1	2	2	3643	674	33	55144	9	4	94	0	0	0	0	0	0	0	0	0	0	0	0	0	0	
920.088000	8	3	3	0	1	2	2	3723	676	33	55204	9	4	94	0	0	0	0	0	0	0	0	0	0	0	0	0	0	
921.093117	8	3	3	0	1	2	2	3782	676	33	55264	9	4	94	0	0	0	0	0	0	0	0	0	0	0	0	0	0	
922.098233	8	3	3	0	1	2	2	3828	676	33	55324	9	4	94	0	0	0	0	0	0	0	0	0	0	0	0	0	0	
923.103367	8	3	3	0	1	2	2	3864	674	33	55385	9	4	94	0	0	0	0	0	0	0	0	0	0	0	0	0	0	
924.089767	8	3	3	0	1	2	2	3887	674	33	55444	9	4	94	0	0	0	0	0	0	0	0	0	0	0	0	0	0	
925.094883	8	3	3	0	1	2	2	3897	673	33	55504	9	4	94	0	0	0	0	0	0	0	0	0	0	0	0	0	0	
926.100000	8	3	3	0	1	2	2	3903	675	33	55565	9	4	94	0	0	0	0	0	0	0	0	0	0	0	0	0	0	
927.086400	8	3	3	0	1	2	2	3908	674	33	55624	9	4	94	0	0	0	0	0	0	0	0	0	0	0	0	0	0	
928.091517	8	3	3	0	1	2	2	3914	675	33	55684	9	4	94	0	0	0	0	0	0	0	0	0	0	0	0	0	0	
929.098083	8	3	3	0	1	2	2	3919	675	33	55744	9	4	94	0	0	0	0	0	0	0	0	0	0	0	0	0	0	
930.103200	8	3	3	0	1	2	2	3924	674	33	55805	9	4	94	0	0	0	0	0	0	0	0	0	0	0	0	0	0	
931.089600	8	3	3	0	1	2	2	3929	675	33	55864	9	4	94	0	0	0	0	0	0	0	0	0	0	0	0	0	0	
932.094717	8	3	3	0	1	2	2	3934	676	33	55924	9	4	94	0	0	0	0	0	0	0	0	0	0	0	0	0	0	
933.099833	8	3	3	0	1	2	2	3939	674	33	55984	9	4	94	0	0	0	0	0	0	0	0	0	0	0	0	0	0	
934.086233	8	3	3	0	1	2	2	3944	676	33	56044	9	4	94	0	0	0	0	0	0	0	0	0	0	0	0	0	0	
935.091367	8	3	3	0	1	2	2	3950	676	33	56104	9	4	94	0	0	0	0	0	0	0	0	0	0	0	0	0	0	
936.096483	8	3	3	0	1	2	2	3956	674	33	56164	9	4	94	0	0	0	0	0	0	0	0	0	0	0	0	0	0	
937.103033	8	3	3	0	1	2	2	3961	673	33	56225	9	4	94	0	0	0	0	0	0	0	0	0	0	0	0	0	0	
938.089433	8	3	3	0	1	2	2	3967	674	33	56284	9	4	94	0	0	0	0	0	0	0	0	0	0	0	0	0	0	
939.094567	8	3	3	0	1	2	2	3973	675	33	56344	9	4	94	0	0	0	0	0	0	0	0	0	0	0	0	0	0	
940.099683	8	3	3	0	1	2	2	3978	674	33	56404	9	4	94	0	0	0	0	0	0	0	0	0	0	0	0	0	0	
941.104800	8	3	3	0	1	2	2	3983	674	33	56465	9	4	94	0	0	0	0	0	0	0	0	0	0	0	0	0	0	
942.091200	8	3	3	0	1	2	2	3988	675	33	56524	9	4	94	0	0	0	0	0	0	0	0	0	0	0	0	0	0	
943.096317	8	3	3	0	1	2	2	3992	675	33	56584	9	4	94	0	0	0	0	0	0	0	0	0	0	0	0	0	0	
944.102883	8	3	3	0	1	2	2	3995	674	33	56645	9	4	94	0	0	0	0	0	0	0	0	0	0	0	0	0	0	
945.089283	8	3	3	0	1	2	2	3999	675	33	56704	9	4	94	0	0	0	0	0	0	0	0	0	0	0	0	0	0	
946.094400	8	3	3	0	1	2	2	4002	673	33	56764	9	4	94	0	0	0	0	0	0	0	0	0	0	0	0	0	0	
947.099517	8	3	3	0	1	2	2	4005	675	33	56824	9	4	94	0	0	0	0	0	0	0	0	0	0	0	0	0	0	
948.104633	8	3	3	0	1	2	2	4008	675	33	56885	9	4	94	0	0	0	0	0	0	0	0	0	0	0	0	0	0	
949.091033	8	3	3	0	1	2	2	4010	676	33	56944	9	4	94	0	0	0	0	0	0	0	0	0	0	0	0	0	0	
950.096167	8	3	3	0	1	2	2	4012	675	33	57004	9	4	94	0	0	0	0	0	0	0	0	0	0	0	0	0	0	
951.101283	8	3	3	0	1	2	2	4014	674	33	57064	9	4	94	0	0	0	0	0	0	0	0	0	0	0	0	0	0	
952.087683	8	3	3	0	1	2	2	4017	674	33	57124	9	4	94	0	0	0	0	0	0	0	0	0	0	0	0	0	0	
953.092800	8	3	3	0	1	2	2	4019	675	33	57184	9	4	94	0	0	0	0	0	0	0	0	0	0	0	0	0	0	
954.099367	8	3	3	0	1	2	2	4022	675	33	57244	9	4	94	0	0	0	0	0	0	0	0	0	0	0	0	0	0	
955.104483	8	3	3	0	1	2	2	4024	676	33	57305	9	4	94	0	0	0	0	0	0	0	0	0	0	0	0	0	0	
956.090883	8	3	3	0	1	2	2	4026	674	33	57364	9	4	94	0	0	0	0	0	0	0	0	0	0	0	0	0	0	
957.096000	8	3	3	0	1	2	2	4029	675	33	57424	9	4	94	0	0	0	0	0	0	0	0	0	0	0	0	0	0	
958.101117	8	3	3	0	1	2	2	4031	674	33	57484	9	4	94	0	0	0	0	0	0	0	0	0	0	0	0	0	0	
959.106233	8	3	3	0	1	2	2	4034	675	33	57545	9	4	94	0	0	0	0	0	0	0	0	0	0	0	0	0	0	
960.092633	8	3	3	0	1	2	2	4037	674	33	57604	9	4	94	0	0	0	0	0	0	0	0	0	0	0	0	0	0	
961.097767	8	3	3	0	1	2	2	4040	676	33	57664	9	4	94	0	0	0	0	0	0	0	0	0	0	0	0	0	0	
962.104317	8	3	3	0	1	2	2	4042	675	33	57725	9	4	94	0	0	0	0	0	0	0	0	0	0	0	0	0	0	
963.090717	8	3	3	0	1	2	2	4045	675	33	57784	9	4	94	0	0	0	0	0	0	0	0	0	0	0	0	0	0	
964.095833	8	3	3	0	1	2	2	4048	673	33	57844	9	4	94	0	0	0	0	0	0	0	0	0	0	0	0	0	0	
965.100967	8	3	3	0	1	2	2	4051	676	33	57904	9	4	94	0	0	0	0	0	0	0	0	0	0	0	0	0	0	
966.106083	8	3	3	0	1	2	2	4054	674	33	57965	9	4	94	0	0	0	0	0	0	0	0	0	0	0	0	0	0	
967.092483	8	3	3	0	1	2	2	4057	675	33	58024	9	4	94	0	0	0	0	0	0	0	0	0	0	0	0	0	0	
968.097600	8	3	3	0	1	2	2	4060	674	33	58084	9	4	94	0	0	0	0	0	0	0	0	0	0	0	0	0	0	
969.104167	8	3	3	0	1	2	2	4063	674	33	58144	9	4	94	0	0	0	0	0	0	0	0	0	0	0	0	0	0	
970.090567	8	3	3	0	1	2	2	4067	675	33	58204	9	4	94	0	0	0	0	0	0	0	0	0	0	0	0	0	0	
971.095683	8	3	3	0	1	2	2	4070	675	33	58264	9	4	94	0	0	0	0	0	0	0	0	0	0	0	0	0	0	
972.100800	8	3	3	0	1	2	2	4073	675	33	58324	9	4	94	0	0	0	0	0	0	0	0	0	0	0	0	0	0	
973.107367	8	3	3	0	1	2	2	4076	674	33	58385	9	4	94	0	0	0	0	0	0	0	0	0	0	0	0	0	0	
974.093767	8	3	3	0	1	2	2	4080	675	33	58444	9	4	94	0	0	0	0	0	0	0	0	0	0	0	0	0	0	
975.098883	8	3	3	0	1	2	2	4083	674	33	58504	9	4	94	0	0	0	0	0	0	0	0	0	0	0	0	0	0	
976.104000	8	3	3	0	1	2	2	4087	676	33	58565	9	4	94	0	0	0	0	0	0	0	0	0	0	0	0	0	0	
977.091833	8	3	3	0	1	2	2	4091	675	33	58624	9	4	94	0	0	0	0	0	0	0	0	0	0	0	0	0	0	
978.096967	8	3	3	0	1	2	2	4095	676	33	58684	9	4	94	0	0	0	0	0	0	0	0	0	0	0	0	0	0	
979.102083	8	3	3	0	1	2	2	4098	674	33	58744	9	4	94	0	0	0	0	0	0	0	0	0	0	0	0	0	0	
980.107200	8	3	3	0	1	2	2	4102	675	33	58805	9	4	94	0	0	0	0	0	0	0	0	0	0	0	0	0	0	
981.093600	8	3	3	0	1	2	2	4106	675	33	58864	9	4	94	0	0	0	0	0	0	0	0	0	0	0	0	0	0	
982.098717	8	3	3	0	1	2	2	4110	673	33	58924	9	4	94	0	0	0	0	0	0	0	0	0	0	0	0	0	0	
983.103833	8	3	3	0	1	2	2	4115	675	33	58984	9	4	94	0	0	0	0	0	0	0	0	0	0	0	0	0	0	
984.090233	8	3	3	0	1	2	2	4117	668	33	59044	9	4	94	0	0	0	0	0	0	0	0	0	0	0	0	0	0	
985.095367	8	3	3	0	1	2	2	4120	665	33	59104	9	4	94	0	0	0	0	0	0	0	0	0	0	0	0	0	0	
986.101917	8	3	3	0	1	2	2	4124	664	33	59164	9	4	94	0	0	0	0	0	0	0	0	0	0	0	0	0	0	
987.107033	8	3	3	0	1	2	2	4128	663	33	59225	9	4	94	0	0	0	0	0	0	0	0	0	0	0	0	0	0	
988.093433	8	3	3	0	1	2	2	4133	663	33	59284	9	4	94	0	0	0	0	0	0	0	0	0	0	0	0	0	0	
989.098567	8	3	3	0	1	2	2	4137	663	33	59344	9	4	94	0	0	0	0	0	0	0	0	0	0	0	0	0	0	
990.103683	8	3	3	0	1	2	2	4141	661	33	59404	9	4	94	0	0	0	0	0	0	0	0	0	0	0	0	0	0	
991.108800	8	3	3	0	1	2	2	4146	661	33	59465	9	4	94	0	0	0	0	0	0	0	0	0	0	0	0	0	0	
992.095200	8	3	3	0	1	2	2	4151	661	33	59524	9	4	94	0	0	0	0	0	0	0	0	0	0	0	0	0	0	
993.101767	8	3	3	0	1	2	2	4156	661	33	59584	9	4	94	0	0	0	0	0	0	0	0	0	0	0	0	0	0	
994.106883	8	3	3	0	1	2	2	4160	660	33	59645	9	4	94	0	0	0	0	0	0	0	0	0	0	0	0	0	0	
995.093283	8	3	3	0	1	2	2	4165	659	33	59704	9	4	94	0	0	0	0	0	0	0	0	0	0	0	0	0	0	
996.098400	8	3	3	0	1	2	2	4170	658	33	59764	9	4	94	0	0	0	0	0	0	0	0	0	0	0	0	0	0	
997.103517	8	3	3	0	1	2	2	4175	659	33	59824	9	4	94	0	0	0	0	0	0	0	0	0	0	0	0	0	0	
998.108633	8	3	3	0	1	2	2	4180	657	33	59885	9	4	94	0	0	0	0	0	0	0	0	0	0	0	0	0	0	
999.095033	8	3	3	0	1	2	2	4185	655	33	59944	9	4	94	0	0	0	0	0	0	0	0	0	0	0	0	0	0	
1000.100167	8	3	3	0	1	2	2	4190	655	33	60004	9	4	94	0	0	0	0	0	0	0	0	0	0	0	0	0	0	
1001.106717	8	3	3	0	1	2	2	4195	655	33	60065	9	4	94	0	0	0	0	0	0	0	0	0	0	0	0	0	0	
1002.093117	8	3	3	0	1	2	2	4198	646	33	60124	9	4	94	0	0	0	0	0	0	0	0	0	0	0	0	0	0	
1003.098233	8	3	3	0	1	2	2	4199	631	33	60184	9	4	94	0	0	0	0	0	0	0	0	0	0	0	0	0	0	
1004.103367	8	3	3	0	1	2	2	4199	614	33	60244	9	4	94	0	0	0	0	0	0	0	0	0	0	0	0	0	0	
1005.108483	8	3	3	0	1	2	2	4198	598	33	60305	9	4	94	0	0	0	0	0	0	0	0	0	0	0	0	0	0	
1006.094883	8	3	3	0	1	2	2	4199	584	33	60364	9	4	94	0	0	0	0	0	0	0	0	0	0	0	0	0	0	
1007.100000	8	3	3	0	1	2	2	4199	569	33	60424	9	4	94	0	0	0	0	0	0	0	0	0	0	0	0	0	0	
1008.106567	8	3	3	0	1	2	2	4198	554	33	60484	9	4	94	0	0	0	0	0	0	0	0	0	0	0	0	0	0	
1009.091517	8	3	3	0	1	2	2	4199	539	33	60544	9	4	94	0	0	0	0	0	0	0	0	0	0	0	0	0	0	
1010.098083	8	3	3	0	1	2	2	4199	526	33	60604	9	4	94	0	0	0	0	0	0	0	0	0	0	0	0	0	0	
1011.103200	8	3	3	0	1	2	2	4199	511	33	60664	9	4	94	0	0	0	0	0	0	0	0	0	0	0	0	0	0	
1012.108317	8	3	3	0	1	2	2	4199	498	33	60725	9	4	94	0	0	0	0	0	0	0	0	0	0	0	0	0	0	
1013.094717	8	3	3	0	1	2	2	4198	484	33	60784	9	4	94	0	0	0	0	0	0	0	0	0	0	0	0	0	0	
1014.099833	8	3	3	0	1	2	2	4198	472	33	60844	9	4	94	0	0	0	0	0	0	0	0	0	0	0	0	0	0	
1015.104967	8	3	3	0	1	2	2	4199	457	33	60904	9	4	94	0	0	0	0	0	0	0	0	0	0	0	0	0	0	
1016.110083	8	3	3	0	1	2	2	4199	445	33	60965	9	4	94	0	0	0	0	0	0	0	0	0	0	0	0	0	0	
1017.096483	8	3	3	0	1	2	2	4199	433	33	61024	9	4	94	0	0	0	0	0	0	0	0	0	0	0	0	0	0	
1018.103033	8	3	3	0	1	2	2	4199	421	33	61084	9	4	94	0	0	0	0	0	0	0	0	0	0	0	0	0	0	
1019.108167	8	3	3	0	1	2	2	4199	409	33	61145	9	4	94	0	0	0	0	0	0	0	0	0	0	0	0	0	0	
1020.094567	8	3	3	0	1	2	2	4199	398	33	61204	9	4	94	0	0	0	0	0	0	0	0	0	0	0	0	0	0	
1021.099683	8	3	3	0	1	2	2	4199	386	33	61264	9	4	94	0	0	0	0	0	0	0	0	0	0	0	0	0	0	
1022.109117	8	3	3	0	1	2	2	4199	374	33	61325	9	4	94	0	0	0	0	0	0	0	0	0	0	0	0	0	0	
1023.095517	8	3	3	0	1	2	2	4198	362	33	61384	9	4	94	0	0	0	0	0	0	0	0	0	0	0	0	0	0	
1024.100633	8	3	3	0	1	2	2	4199	351	33	61444	9	4	94	0	0	0	0	0	0	0	0	0	0	0	0	0	0	
1025.107200	8	3	3	0	1	2	2	4199	341	33	61504	9	4	94	0	0	0	0	0	0	0	0	0	0	0	0	0	0	
1026.112317	8	3	3	0	1	2	2	4199	331	33	61565	9	4	94	0	0	0	0	0	0	0	0	0	0	0	0	0	0	
1027.098717	8	3	3	0	1	2	2	4199	321	33	61624	9	4	94	0	0	0	0	0	0	0	0	0	0	0	0	0	0	
1028.103833	8	3	3	0	1	2	2	4199	312	33	61684	9	4	94	0	0	0	0	0	0	0	0	0	0	0	0	0	0	
1029.108967	8	3	3	0	1	2	2	4199	303	33	61745	9	4	94	0	0	0	0	0	0	0	0	0	0	0	0	0	0	
1030.095367	8	3	3	0	1	2	2	4199	294	33	61804	9	4	94	0	0	0	0	0	0	0	0	0	0	0	0	0	0	
1031.100483	8	3	3	0	1	2	2	4198	286	33	61864	9	4	94	0	0	0	0	0	0	0	0	0	0	0	0	0	0	
1032.105600	8	3	3	0	1	2	2	4199	277	33	61924	9	4	94	0	0	0	0	0	0	0	0	0	0	0	0	0	0	
1033.112167	8	3	3	0	1	2	2	4199	269	33	61985	9	4	94	0	0	0	0	0	0	0	0	0	0	0	0	0	0	
1034.098567	8	3	3	0	1	2	2	4199	261	33	62044	9	4	94	0	0	0	0	0	0	0	0	0	0	0	0	0	0	
1035.103683	8	3	3	0	1	2	2	4199	253	33	62104	9	4	94	0	0	0	0	0	0	0	0	0	0	0	0	0	0	
1036.108800	8	3	3	0	1	2	2	4199	246	33	62164	9	4	94	0	0	0	0	0	0	0	0	0	0	0	0	0	0	
1037.095200	8	3	3	0	1	2	2	4198	239	33	62224	9	4	94	0	0	0	0	0	0	0	0	0	0	0	0	0	0	
1038.100317	8	3	3	0	1	2	2	4199	232	33	62284	9	4	94	0	0	0	0	0	0	0	0	0	0	0	0	0	0	
1039.105433	8	3	3	0	1	2	2	4199	225	33	62344	9	4	94	0	0	0	0	0	0	0	0	0	0	0	0	0	0	
1040.110567	8	3	3	0	1	2	2	4199	217	33	62405	9	4	94	0	0	0	0	0	0	0	0	0	0	0	0	0	0	
1041.096967	8	3	3	0	1	2	2	4199	212	33	62464	9	4	94	0	0	0	0	0	0	0	0	0	0	0	0	0	0	
1042.102083	8	3	3	0	1	2	2	4199	206	33	62524	9	4	94	0	0	0	0	0	0	0	0	0	0	0	0	0	0	
1043.107200	8	3	3	0	1	2	2	4199	200	33	62584	9	4	94	0	0	0	0	0	0	0	0	0	0	0	0	0	0	
1044.112317	8	3	3	0	1	2	2	4199	194	33	62645	9	4	94	0	0	0	0	0	0	0	0	0	0	0	0	0	0	
1045.100167	8	3	3	0	1	2	2	4198	188	33	62704	9	4	94	0	0	0	0	0	0	0	0	0	0	0	0	0	0	
1046.105283	8	3	3	0	1	2	2	4199	183	33	62764	9	4	94	0	0	0	0	0	0	0	0	0	0	0	0	0	0	
1047.110400	8	3	3	0	1	2	2	4199	177	33	62825	9	4	94	0	0	0	0	0	0	0	0	0	0	0	0	0	0	
1048.096800	8	3	3	0	1	2	2	4199	172	33	62884	9	4	94	0	0	0	0	0	0	0	0	0	0	0	0	0	0	
1049.101917	8	3	3	0	1	2	2	4198	166	33	62944	9	4	94	0	0	0	0	0	0	0	0	0	0	0	0	0	0	
1050.107033	8	3	3	0	1	2	2	4198	162	33	63004	9	4	94	0	0	0	0	0	0	0	0	0	0	0	0	0	0	
1051.112167	8	3	3	0	1	2	2	4199	157	33	63065	9	4	94	0	0	0	0	0	0	0	0	0	0	0	0	0	0	
1052.098567	8	3	3	0	1	2	2	4199	153	33	63124	9	4	94	0	0	0	0	0	0	0	0	0	0	0	0	0	0	
1053.105117	8	3	3	0	1	2	2	4199	147	33	63184	9	4	94	0	0	0	0	0	0	0	0	0	0	0	0	0	0	
1054.110233	8	3	3	0	1	2	2	4198	143	33	63244	9	4	94	0	0	0	0	0	0	0	0	0	0	0	0	0	0	
1055.096633	8	3	3	0	1	2	2	4199	139	33	63304	9	4	94	0	0	0	0	0	0	0	0	0	0	0	0	0	0	
1056.101767	8	3	3	0	1	2	2	4199	135	33	63364	9	4	94	0	0	0	0	0	0	0	0	0	0	0	0	0	0	
1057.106883	8	3	3	0	1	2	2	4199	131	33	63424	9	4	94	0	0	0	0	0	0	0	0	0	0	0	0	0	0	
1058.112000	8	3	3	0	1	2	2	4199	127	33	63485	9	4	94	0	0	0	0	0	0	0	0	0	0	0	0	0	0	
1059.098400	8	3	3	0	1	2	2	4198	123	33	63544	9	4	94	0	0	0	0	0	0	0	0	0	0	0	0	0	0	
1060.107833	8	3	3	0	1	2	2	4199	119	33	63604	9	4	94	0	0	0	0	0	0	0	0	0	0	0	0	0	0	
1061.112967	8	3	3	0	1	2	2	4199	116	33	63665	9	4	94	0	0	0	0	0	0	0	0	0	0	0	0	0	0	
1062.099367	8	3	3	0	1	2	2	4198	113	33	63724	9	4	94	0	0	0	0	0	0	0	0	0	0	0	0	0	0	
1063.104483	8	3	3	0	1	2	2	4199	109	33	63784	9	4	94	0	0	0	0	0	0	0	0	0	0	0	0	0	0	
1064.109600	8	3	3	0	1	2	2	4199	105	33	63844	9	4	94	0	0	0	0	0	0	0	0	0	0	0	0	0	0	
1065.096000	8	3	3	0	1	2	2	4198	104	33	63904	9	4	94	0	0	0	0	0	0	0	0	0	0	0	0	0	0	
1066.101117	8	3	3	0	1	2	2	4198	99	33	63964	9	4	94	0	0	0	0	0	0	0	0	0	0	0	0	0	0	
1067.107683	8	3	3	0	1	2	2	4198	96	33	64024	9	4	94	0	0	0	0	0	0	0	0	0	0	0	0	0	0	
1068.112800	8	3	3	0	1	2	2	4198	94	33	64085	9	4	94	0	0	0	0	0	0	0	0	0	0	0	0	0	0	
1069.099200	8	3	3	0	1	2	2	4199	91	33	64144	9	4	94	0	0	0	0	0	0	0	0	0	0	0	0	0	0	
1070.104317	8	3	3	0	1	2	2	4198	88	33	64204	9	4	94	0	0	0	0	0	0	0	0	0	0	0	0	0	0	
1071.109433	8	3	3	0	1	2	2	4198	85	33	64264	9	4	94	0	0	0	0	0	0	0	0	0	0	0	0	0	0	
1072.114567	8	3	3	0	1	2	2	4198	82	33	64325	9	4	94	0	0	0	0	0	0	0	0	0	0	0	0	0	0	
1073.100967	8	3	3	0	1	2	2	4198	80	33	64384	9	4	94	0	0	0	0	0	0	0	0	0	0	0	0	0	0	
1074.106083	8	3	3	0	1	2	2	4198	79	33	64444	9	4	94	0	0	0	0	0	0	0	0	0	0	0	0	0	0	
1075.111200	8	3	3	0	1	2	2	4199	76	33	64504	9	4	94	0	0	0	0	0	0	0	0	0	0	0	0	0	0	
1076.097600	8	3	3	0	1	2	2	4198	74	33	64564	9	4	94	0	0	0	0	0	0	0	0	0	0	0	0	0	0	
1077.102717	8	3	3	0	1	2	2	4198	71	33	64624	9	4	94	0	0	0	0	0	0	0	0	0	0	0	0	0	0	
1078.109283	8	3	3	0	1	2	2	4198	69	33	64684	9	4	94	0	0	0	0	0	0	0	0	0	0	0	0	0	0	
1079.114400	8	3	3	0	1	2	2	4199	67	33	64745	9	4	94	0	0	0	0	0	0	0	0	0	0	0	0	0	0	
1079.140317	8	6	3	0	2	7	1	3769	-1349	33	64746	9	5	0	0	0	0	0	0	0	0	0	0	0	0	0	0	0	
1080.102233	8	6	3	0	2	7	1	3715	-1349	33	64804	9	5	1	0	0	0	0	0	0	0	0	0	0	0	0	0	0	
1081.107367	8	6	3	0	2	7	1	3690	-1350	33	64864	9	5	3	0	0	0	0	0	0	0	0	0	0	0	0	0	0	
1082.112483	8	6	3	0	2	7	1	3667	-1350	33	64925	9	5	4	0	0	0	0	0	0	0	0	0	0	0	0	0	0	
1083.098883	8	6	3	0	2	7	1	3655	-1349	33	64984	9	5	6	0	0	0	0	0	0	0	0	0	0	0	0	0	0	
1084.104000	8	6	3	0	2	7	1	3637	-1350	33	65044	9	5	8	0	0	0	0	0	0	0	0	0	0	0	0	0	0	
1085.110567	8	6	3	0	2	7	1	3628	-1349	33	65104	9	5	9	0	0	0	0	0	0	0	0	0	0	0	0	0	0	
1086.115683	8	6	3	0	2	7	1	3616	-1348	33	65165	9	5	11	0	0	0	0	0	0	0	0	0	0	0	0	0	0	
1087.102083	8	6	3	0	2	7	1	3607	-1349	33	65224	9	5	13	0	0	0	0	0	0	0	0	0	0	0	0	0	0	
1088.107200	8	6	3	0	2	7	1	3599	-1349	33	65284	9	5	14	0	0	0	0	0	0	0	0	0	0	0	0	0	0	
1089.112317	8	6	3	0	2	7	1	3586	-1349	33	65344	9	5	16	0	0	0	0	0	0	0	0	0	0	0	0	0	0	
1090.098717	8	6	3	0	2	7	1	3573	-1349	33	65404	9	5	17	0	0	0	0	0	0	0	0	0	0	0	0	0	0	
1091.103833	8	6	3	0	2	7	1	3561	-1350	33	65464	9	5	19	0	0	0	0	0	0	0	0	0	0	0	0	0	0	
1092.108967	8	6	3	0	2	7	1	3549	-1350	33	65524	9	5	21	0	0	0	0	0	0	0	0	0	0	0	0	0	0	
1093.115517	8	6	3	0	2	7	1	3537	-1350	33	65585	9	5	22	0	0	0	0	0	0	0	0	0	0	0	0	0	0	
1094.101917	8	6	3	0	2	7	1	3524	-1351	33	65644	9	5	24	0	0	0	0	0	0	0	0	0	0	0	0	0	0	
1095.107033	8	6	3	0	2	7	1	3511	-1351	33	65704	9	5	26	0	0	0	0	0	0	0	0	0	0	0	0	0	0	
1096.112167	8	6	3	0	2	7	1	3499	-1349	33	65764	9	5	27	0	0	0	0	0	0	0	0	0	0	0	0	0	0	
1097.117283	8	6	3	0	2	7	1	3487	-1350	33	65825	9	5	29	0	0	0	0	0	0	0	0	0	0	0	0	0	0	
1098.103683	8	6	3	0	2	7	1	3476	-1349	33	65884	9	5	31	0	0	0	0	0	0	0	0	0	0	0	0	0	0	
1099.108800	8	6	3	0	2	7	1	3464	-1349	33	65944	9	5	32	0	0	0	0	0	0	0	0	0	0	0	0	0	0	
1100.113917	8	6	3	0	2	7	1	3455	-1349	33	66005	9	5	34	0	0	0	0	0	0	0	0	0	0	0	0	0	0	
1101.101767	8	6	3	0	2	7	1	3444	-1348	33	66064	9	5	36	0	0	0	0	0	0	0	0	0	0	0	0	0	0	
1102.106883	8	6	3	0	2	7	1	3434	-1350	33	66124	9	5	37	0	0	0	0	0	0	0	0	0	0	0	0	0	0	
1103.112000	8	6	3	0	2	7	1	3425	-1351	33	66184	9	5	39	0	0	0	0	0	0	0	0	0	0	0	0	0	0	
1104.117117	8	6	3	0	2	7	1	3415	-1349	33	66245	9	5	41	0	0	0	0	0	0	0	0	0	0	0	0	0	0	
1105.103517	8	6	3	0	2	7	1	3406	-1350	33	66304	9	5	42	0	0	0	0	0	0	0	0	0	0	0	0	0	0	
1106.108633	8	6	3	0	2	7	1	3397	-1350	33	66364	9	5	44	0	0	0	0	0	0	0	0	0	0	0	0	0	0	
1107.113767	8	6	3	0	2	7	1	3388	-1350	33	66424	9	5	46	0	0	0	0	0	0	0	0	0	0	0	0	0	0	
1108.100167	8	6	3	0	2	7	1	3380	-1349	33	66484	9	5	47	0	0	0	0	0	0	0	0	0	0	0	0	0	0	
1109.105283	8	6	3	0	2	7	1	3373	-1351	33	66544	9	5	49	0	0	0	0	0	0	0	0	0	0	0	0	0	0	
1110.111833	8	6	3	0	2	7	1	3365	-1350	33	66604	9	5	51	0	0	0	0	0	0	0	0	0	0	0	0	0	0	
1111.116967	8	6	3	0	2	7	1	3359	-1350	33	66665	9	5	52	0	0	0	0	0	0	0	0	0	0	0	0	0	0	
1112.103367	8	6	3	0	2	7	1	3352	-1350	33	66724	9	5	54	0	0	0	0	0	0	0	0	0	0	0	0	0	0	
1113.108483	8	6	3	0	2	7	1	3345	-1349	33	66784	9	5	55	0	0	0	0	0	0	0	0	0	0	0	0	0	0	
1114.113600	8	6	3	0	2	7	1	3339	-1350	33	66844	9	5	57	0	0	0	0	0	0	0	0	0	0	0	0	0	0	
1115.100000	8	6	3	0	2	7	1	3333	-1349	33	66904	9	5	59	0	0	0	0	0	0	0	0	0	0	0	0	0	0	
1116.105117	8	6	3	0	2	7	1	3327	-1349	33	66964	9	5	60	0	0	0	0	0	0	0	0	0	0	0	0	0	0	
1117.110233	8	6	3	0	2	7	1	3321	-1350	33	67024	9	5	62	0	0	0	0	0	0	0	0	0	0	0	0	0	0	
1118.116800	8	6	3	0	2	7	1	3315	-1347	33	67085	9	5	64	0	0	0	0	0	0	0	0	0	0	0	0	0	0	
1119.103200	8	6	3	0	2	7	1	3309	-1351	33	67144	9	5	65	0	0	0	0	0	0	0	0	0	0	0	0	0	0	
1120.108317	8	6	3	0	2	7	1	3303	-1350	33	67204	9	5	67	0	0	0	0	0	0	0	0	0	0	0	0	0	0	
1121.113433	8	6	3	0	2	7	1	3297	-1350	33	67264	9	5	69	0	0	0	0	0	0	0	0	0	0	0	0	0	0	
1122.118567	8	6	3	0	2	7	1	3290	-1350	33	67325	9	5	70	0	0	0	0	0	0	0	0	0	0	0	0	0	0	
1123.104967	8	6	3	0	2	7	1	3284	-1349	33	67384	9	5	72	0	0	0	0	0	0	0	0	0	0	0	0	0	0	
1124.110083	8	6	3	0	2	7	1	3277	-1348	33	67444	9	5	74	0	0	0	0	0	0	0	0	0	0	0	0	0	0	
1125.115200	8	6	3	0	2	7	1	3269	-1350	33	67505	9	5	75	0	0	0	0	0	0	0	0	0	0	0	0	0	0	
1126.101600	8	6	3	0	2	7	1	3262	-1351	33	67564	9	5	77	0	0	0	0	0	0	0	0	0	0	0	0	0	0	
1127.108167	8	6	3	0	2	7	1	3253	-1348	33	67624	9	5	78	0	0	0	0	0	0	0	0	0	0	0	0	0	0	
1128.113283	8	6	3	0	2	7	1	3242	-1350	33	67684	9	5	80	0	0	0	0	0	0	0	0	0	0	0	0	0	0	
1129.118400	8	6	3	0	2	7	1	3229	-1349	33	67745	9	5	82	0	0	0	0	0	0	0	0	0	0	0	0	0	0	
1130.104800	8	6	3	0	2	7	1	3213	-1349	33	67804	9	5	83	0	0	0	0	0	0	0	0	0	0	0	0	0	0	
1131.109917	8	6	3	0	2	7	1	3192	-1350	33	67864	9	5	85	0	0	0	0	0	0	0	0	0	0	0	0	0	0	
1132.115033	8	6	3	0	2	7	1	3165	-1349	33	67924	9	5	87	0	0	0	0	0	0	0	0	0	0	0	0	0	0	
1133.101433	8	6	3	0	2	7	1	3131	-1349	33	67984	9	5	88	0	0	0	0	0	0	0	0	0	0	0	0	0	0	
1134.106567	8	6	3	0	2	7	1	3077	-1349	33	68044	9	5	90	0	0	0	0	0	0	0	0	0	0	0	0	0	0	
1135.111683	8	6	3	0	2	7	1	2982	-1350	33	68104	9	5	92	0	0	0	0	0	0	0	0	0	0	0	0	0	0	
1136.118233	8	6	3	0	2	7	1	2771	-1348	33	68165	9	5	93	0	0	0	0	0	0	0	0	0	0	0	0	0	0	
1136.331367	8	15	3	0	1	31	2	2809	18	33	68177	10	5	94	0	0	0	0	0	0	0	0	0	0	0	0	0	0	
1136.352967	8	3	3	0	1	2	2	3274	672	33	68179	11	5	94	0	0	0	0	0	0	0	0	0	0	0	0	0	0	
1137.107517	8	3	3	0	1	2	2	3525	675	33	68224	11	5	94	0	0	0	0	0	0	0	0	0	0	0	0	0	0	
1138.112633	8	3	3	0	1	2	2	3648	675	33	68284	11	5	94	0	0	0	0	0	0	0	0	0	0	0	0	0	0	
1139.117767	8	3	3	0	1	2	2	3726	674	33	68345	11	5	94	0	0	0	0	0	0	0	0	0	0	0	0	0	0	
1140.104167	8	3	3	0	1	2	2	3783	675	33	68404	11	5	94	0	0	0	0	0	0	0	0	0	0	0	0	0	0	
1141.109283	8	3	3	0	1	2	2	3828	674	33	68464	11	5	94	0	0	0	0	0	0	0	0	0	0	0	0	0	0	
1142.114400	8	3	3	0	1	2	2	3863	674	33	68524	11	5	94	0	0	0	0	0	0	0	0	0	0	0	0	0	0	
1143.120967	8	3	3	0	1	2	2	3885	674	33	68585	11	5	94	0	0	0	0	0	0	0	0	0	0	0	0	0	0	
1144.107367	8	3	3	0	1	2	2	3894	674	33	68644	11	5	94	0	0	0	0	0	0	0	0	0	0	0	0	0	0	
1145.112483	8	3	3	0	1	2	2	3899	674	33	68704	11	5	94	0	0	0	0	0	0	0	0	0	0	0	0	0	0	
1146.117600	8	3	3	0	1	2	2	3905	675	33	68765	11	5	94	0	0	0	0	0	0	0	0	0	0	0	0	0	0	
1147.104000	8	3	3	0	1	2	2	3910	674	33	68824	11	5	94	0	0	0	0	0	0	0	0	0	0	0	0	0	0	
1148.109117	8	3	3	0	1	2	2	3915	675	33	68884	11	5	94	0	0	0	0	0	0	0	0	0	0	0	0	0	0	
1149.114233	8	3	3	0	1	2	2	3920	674	33	68944	11	5	94	0	0	0	0	0	0	0	0	0	0	0	0	0	0	
1150.119367	8	3	3	0	1	2	2	3924	675	33	69005	11	5	94	0	0	0	0	0	0	0	0	0	0	0	0	0	0	
1151.107200	8	3	3	0	1	2	2	3930	674	33	69064	11	5	94	0	0	0	0	0	0	0	0	0	0	0	0	0	0	
1152.112317	8	3	3	0	1	2	2	3935	674	33	69124	11	5	94	0	0	0	0	0	0	0	0	0	0	0	0	0	0	
1153.117433	8	3	3	0	1	2	2	3940	674	33	69184	11	5	94	0	0	0	0	0	0	0	0	0	0	0	0	0	0	
1154.103833	8	3	3	0	1	2	2	3946	675	33	69244	11	5	94	0	0	0	0	0	0	0	0	0	0	0	0	0	0	
1155.108967	8	3	3	0	1	2	2	3952	675	33	69304	11	5	94	0	0	0	0	0	0	0	0	0	0	0	0	0	0	
1156.114083	8	3	3	0	1	2	2	3958	674	33	69364	11	5	94	0	0	0	0	0	0	0	0	0	0	0	0	0	0	
1157.119200	8	3	3	0	1	2	2	3963	674	33	69425	11	5	94	0	0	0	0	0	0	0	0	0	0	0	0	0	0	
1158.105600	8	3	3	0	1	2	2	3968	673	33	69484	11	5	94	0	0	0	0	0	0	0	0	0	0	0	0	0	0	
1159.110717	8	3	3	0	1	2	2	3974	674	33	69544	11	5	94	0	0	0	0	0	0	0	0	0	0	0	0	0	0	
1160.117283	8	3	3	0	1	2	2	3979	675	33	69604	11	5	94	0	0	0	0	0	0	0	0	0	0	0	0	0	0	
1161.122400	8	3	3	0	1	2	2	3984	676	33	69665	11	5	94	0	0	0	0	0	0	0	0	0	0	0	0	0	0	
1162.108800	8	3	3	0	1	2	2	3988	675	33	69724	11	5	94	0	0	0	0	0	0	0	0	0	0	0	0	0	0	
1163.113917	8	3	3	0	1	2	2	3991	675	33	69784	11	5	94	0	0	0	0	0	0	0	0	0	0	0	0	0	0	
1164.119033	8	3	3	0	1	2	2	3995	675	33	69845	11	5	94	0	0	0	0	0	0	0	0	0	0	0	0	0	0	
1165.105433	8	3	3	0	1	2	2	3997	675	33	69904	11	5	94	0	0	0	0	0	0	0	0	0	0	0	0	0	0	
1166.110567	8	3	3	0	1	2	2	4001	675	33	69964	11	5	94	0	0	0	0	0	0	0	0	0	0	0	0	0	0	
1167.115683	8	3	3	0	1	2	2	4003	676	33	70024	11	5	94	0	0	0	0	0	0	0	0	0	0	0	0	0	0	
1168.122233	8	3	3	0	1	2	2	4005	674	33	70085	11	5	94	0	0	0	0	0	0	0	0	0	0	0	0	0	0	
1169.110083	8	3	3	0	1	2	2	4008	674	33	70144	11	5	94	0	0	0	0	0	0	0	0	0	0	0	0	0	0	
1170.115200	8	3	3	0	1	2	2	4010	674	33	70204	11	5	94	0	0	0	0	0	0	0	0	0	0	0	0	0	0	
1171.120317	8	3	3	0	1	2	2	4012	675	33	70265	11	5	94	0	0	0	0	0	0	0	0	0	0	0	0	0	0	
1172.106717	8	3	3	0	1	2	2	4014	674	33	70324	11	5	94	0	0	0	0	0	0	0	0	0	0	0	0	0	0	
1173.111833	8	3	3	0	1	2	2	4017	674	33	70384	11	5	94	0	0	0	0	0	0	0	0	0	0	0	0	0	0	
1174.118400	8	3	3	0	1	2	2	4019	674	33	70444	11	5	94	0	0	0	0	0	0	0	0	0	0	0	0	0	0	
1175.123517	8	3	3	0	1	2	2	4022	673	33	70505	11	5	94	0	0	0	0	0	0	0	0	0	0	0	0	0	0	
1176.109917	8	3	3	0	1	2	2	4024	674	33	70564	11	5	94	0	0	0	0	0	0	0	0	0	0	0	0	0	0	
1177.115033	8	3	3	0	1	2	2	4027	675	33	70624	11	5	94	0	0	0	0	0	0	0	0	0	0	0	0	0	0	
1178.120167	8	3	3	0	1	2	2	4030	675	33	70685	11	5	94	0	0	0	0	0	0	0	0	0	0	0	0	0	0	
1179.106567	8	3	3	0	1	2	2	4032	675	33	70744	11	5	94	0	0	0	0	0	0	0	0	0	0	0	0	0	0	
1180.111683	8	3	3	0	1	2	2	4035	675	33	70804	11	5	94	0	0	0	0	0	0	0	0	0	0	0	0	0	0	
1181.116800	8	3	3	0	1	2	2	4038	675	33	70864	11	5	94	0	0	0	0	0	0	0	0	0	0	0	0	0	0	
1182.121917	8	3	3	0	1	2	2	4041	675	33	70925	11	5	94	0	0	0	0	0	0	0	0	0	0	0	0	0	0	
1183.108317	8	3	3	0	1	2	2	4043	674	33	70984	11	5	94	0	0	0	0	0	0	0	0	0	0	0	0	0	0	
1184.114883	8	3	3	0	1	2	2	4047	674	33	71044	11	5	94	0	0	0	0	0	0	0	0	0	0	0	0	0	0	
1185.120000	8	3	3	0	1	2	2	4050	675	33	71104	11	5	94	0	0	0	0	0	0	0	0	0	0	0	0	0	0	
1186.106400	8	3	3	0	1	2	2	4053	675	33	71164	11	5	94	0	0	0	0	0	0	0	0	0	0	0	0	0	0	
1187.111517	8	3	3	0	1	2	2	4056	675	33	71224	11	5	94	0	0	0	0	0	0	0	0	0	0	0	0	0	0	
1188.116633	8	3	3	0	1	2	2	4059	674	33	71284	11	5	94	0	0	0	0	0	0	0	0	0	0	0	0	0	0	
1189.121767	8	3	3	0	1	2	2	4062	674	33	71345	11	5	94	0	0	0	0	0	0	0	0	0	0	0	0	0	0	
1190.108167	8	3	3	0	1	2	2	4066	675	33	71404	11	5	94	0	0	0	0	0	0	0	0	0	0	0	0	0	0	
1191.113283	8	3	3	0	1	2	2	4069	674	33	71464	11	5	94	0	0	0	0	0	0	0	0	0	0	0	0	0	0	
1192.118400	8	3	3	0	1	2	2	4072	674	33	71524	11	5	94	0	0	0	0	0	0	0	0	0	0	0	0	0	0	
1193.123517	8	3	3	0	1	2	2	4076	675	33	71585	11	5	94	0	0	0	0	0	0	0	0	0	0	0	0	0	0	
1194.109917	8	3	3	0	1	2	2	4079	674	33	71644	11	5	94	0	0	0	0	0	0	0	0	0	0	0	0	0	0	
1195.115033	8	3	3	0	1	2	2	4083	675	33	71704	11	5	94	0	0	0	0	0	0	0	0	0	0	0	0	0	0	
1196.121600	8	3	3	0	1	2	2	4087	674	33	71764	11	5	94	0	0	0	0	0	0	0	0	0	0	0	0	0	0	
1197.108000	8	3	3	0	1	2	2	4090	674	33	71824	11	5	94	0	0	0	0	0	0	0	0	0	0	0	0	0	0	
1198.113117	8	3	3	0	1	2	2	4094	673	33	71884	11	5	94	0	0	0	0	0	0	0	0	0	0	0	0	0	0	
1199.118233	8	3	3	0	1	2	2	4099	675	33	71944	11	5	94	0	0	0	0	0	0	0	0	0	0	0	0	0	0	
1200.123367	8	3	3	0	1	2	2	4102	675	33	72005	11	5	94	0	0	0	0	0	0	0	0	0	0	0	0	0	0	
1201.109767	8	3	3	0	1	2	2	4106	674	33	72064	11	5	94	0	0	0	0	0	0	0	0	0	0	0	0	0	0	
1202.116317	8	3	3	0	1	2	2	4111	674	33	72124	11	5	94	0	0	0	0	0	0	0	0	0	0	0	0	0	0	
1203.121433	8	3	3	0	1	2	2	4116	675	33	72184	11	5	94	0	0	0	0	0	0	0	0	0	0	0	0	0	0	
1204.107833	8	3	3	0	1	2	2	4117	667	33	72244	11	5	94	0	0	0	0	0	0	0	0	0	0	0	0	0	0	
1205.112967	8	3	3	0	1	2	2	4121	666	33	72304	11	5	94	0	0	0	0	0	0	0	0	0	0	0	0	0	0	
1206.118083	8	3	3	0	1	2	2	4125	664	33	72364	11	5	94	0	0	0	0	0	0	0	0	0	0	0	0	0	0	
1207.123200	8	3	3	0	1	2	2	4129	665	33	72425	11	5	94	0	0	0	0	0	0	0	0	0	0	0	0	0	0	
1208.109600	8	3	3	0	1	2	2	4134	663	33	72484	11	5	94	0	0	0	0	0	0	0	0	0	0	0	0	0	0	
1209.114717	8	3	3	0	1	2	2	4138	662	33	72544	11	5	94	0	0	0	0	0	0	0	0	0	0	0	0	0	0	
1210.119833	8	3	3	0	1	2	2	4143	662	33	72604	11	5	94	0	0	0	0	0	0	0	0	0	0	0	0	0	0	
1211.124967	8	3	3	0	1	2	2	4148	662	33	72665	11	5	94	0	0	0	0	0	0	0	0	0	0	0	0	0	0	
1212.111367	8	3	3	0	1	2	2	4152	660	33	72724	11	5	94	0	0	0	0	0	0	0	0	0	0	0	0	0	0	
1213.119367	8	3	3	0	1	2	2	4156	659	33	72784	11	5	94	0	0	0	0	0	0	0	0	0	0	0	0	0	0	
1214.124483	8	3	3	0	1	2	2	4161	657	33	72845	11	5	94	0	0	0	0	0	0	0	0	0	0	0	0	0	0	
1215.110883	8	3	3	0	1	2	2	4166	656	33	72904	11	5	94	0	0	0	0	0	0	0	0	0	0	0	0	0	0	
1216.116000	8	3	3	0	1	2	2	4170	656	33	72964	11	5	94	0	0	0	0	0	0	0	0	0	0	0	0	0	0	
1217.121117	8	3	3	0	1	2	2	4175	653	33	73024	11	5	94	0	0	0	0	0	0	0	0	0	0	0	0	0	0	
1218.126233	8	3	3	0	1	2	2	4180	653	33	73085	11	5	94	0	0	0	0	0	0	0	0	0	0	0	0	0	0	
1219.112633	8	3	3	0	1	2	2	4185	652	33	73144	11	5	94	0	0	0	0	0	0	0	0	0	0	0	0	0	0	
1220.119200	8	3	3	0	1	2	2	4191	651	33	73204	11	5	94	0	0	0	0	0	0	0	0	0	0	0	0	0	0	
1221.124317	8	3	3	0	1	2	2	4196	651	33	73265	11	5	94	0	0	0	0	0	0	0	0	0	0	0	0	0	0	
1222.110717	8	3	3	0	1	2	2	4199	641	33	73324	11	5	94	0	0	0	0	0	0	0	0	0	0	0	0	0	0	
1223.115833	8	3	3	0	1	2	2	4199	624	33	73384	11	5	94	0	0	0	0	0	0	0	0	0	0	0	0	0	0	
1224.120967	8	3	3	0	1	2	2	4199	608	33	73444	11	5	94	0	0	0	0	0	0	0	0	0	0	0	0	0	0	
1225.126083	8	3	3	0	1	2	2	4198	592	33	73505	11	5	94	0	0	0	0	0	0	0	0	0	0	0	0	0	0	
1226.112483	8	3	3	0	1	2	2	4199	576	33	73564	11	5	94	0	0	0	0	0	0	0	0	0	0	0	0	0	0	
1227.117600	8	3	3	0	1	2	2	4199	560	33	73624	11	5	94	0	0	0	0	0	0	0	0	0	0	0	0	0	0	
1228.124167	8	3	3	0	1	2	2	4198	545	33	73684	11	5	94	0	0	0	0	0	0	0	0	0	0	0	0	0	0	
1229.110567	8	3	3	0	1	2	2	4199	531	33	73744	11	5	94	0	0	0	0	0	0	0	0	0	0	0	0	0	0	
1230.115683	8	3	3	0	1	2	2	4199	516	33	73804	11	5	94	0	0	0	0	0	0	0	0	0	0	0	0	0	0	
1231.120800	8	3	3	0	1	2	2	4199	501	33	73864	11	5	94	0	0	0	0	0	0	0	0	0	0	0	0	0	0	
1232.125917	8	3	3	0	1	2	2	4198	488	33	73925	11	5	94	0	0	0	0	0	0	0	0	0	0	0	0	0	0	
1233.112317	8	3	3	0	1	2	2	4199	475	33	73984	11	5	94	0	0	0	0	0	0	0	0	0	0	0	0	0	0	
1234.117433	8	3	3	0	1	2	2	4199	461	33	74044	11	5	94	0	0	0	0	0	0	0	0	0	0	0	0	0	0	
1235.124000	8	3	3	0	1	2	2	4199	448	33	74104	11	5	94	0	0	0	0	0	0	0	0	0	0	0	0	0	0	
1236.110400	8	3	3	0	1	2	2	4199	437	33	74164	11	5	94	0	0	0	0	0	0	0	0	0	0	0	0	0	0	
1237.115517	8	3	3	0	1	2	2	4199	423	33	74224	11	5	94	0	0	0	0	0	0	0	0	0	0	0	0	0	0	
1238.120633	8	3	3	0	1	2	2	4199	410	33	74284	11	5	94	0	0	0	0	0	0	0	0	0	0	0	0	0	0	
1239.125767	8	3	3	0	1	2	2	4199	398	33	74345	11	5	94	0	0	0	0	0	0	0	0	0	0	0	0	0	0	
1240.112167	8	3	3	0	1	2	2	4199	386	33	74404	11	5	94	0	0	0	0	0	0	0	0	0	0	0	0	0	0	
1241.117283	8	3	3	0	1	2	2	4199	374	33	74464	11	5	94	0	0	0	0	0	0	0	0	0	0	0	0	0	0	
1242.122400	8	3	3	0	1	2	2	4199	362	33	74524	11	5	94	0	0	0	0	0	0	0	0	0	0	0	0	0	0	
1243.127517	8	3	3	0	1	2	2	4199	351	33	74585	11	5	94	0	0	0	0	0	0	0	0	0	0	0	0	0	0	
1244.113917	8	3	3	0	1	2	2	4199	341	33	74644	11	5	94	0	0	0	0	0	0	0	0	0	0	0	0	0	0	
1245.120483	8	3	3	0	1	2	2	4199	330	33	74704	11	5	94	0	0	0	0	0	0	0	0	0	0	0	0	0	0	
1246.125600	8	3	3	0	1	2	2	4199	320	33	74765	11	5	94	0	0	0	0	0	0	0	0	0	0	0	0	0	0	
1247.112000	8	3	3	0	1	2	2	4199	311	33	74824	11	5	94	0	0	0	0	0	0	0	0	0	0	0	0	0	0	
1248.117117	8	3	3	0	1	2	2	4199	301	33	74884	11	5	94	0	0	0	0	0	0	0	0	0	0	0	0	0	0	
1249.122233	8	3	3	0	1	2	2	4199	293	33	74944	11	5	94	0	0	0	0	0	0	0	0	0	0	0	0	0	0	
1250.128800	8	3	3	0	1	2	2	4199	285	33	75005	11	5	94	0	0	0	0	0	0	0	0	0	0	0	0	0	0	
1251.113767	8	3	3	0	1	2	2	4199	276	33	75064	11	5	94	0	0	0	0	0	0	0	0	0	0	0	0	0	0	
1252.120317	8	3	3	0	1	2	2	4199	268	33	75124	11	5	94	0	0	0	0	0	0	0	0	0	0	0	0	0	0	
1253.125433	8	3	3	0	1	2	2	4199	261	33	75184	11	5	94	0	0	0	0	0	0	0	0	0	0	0	0	0	0	
1254.111833	8	3	3	0	1	2	2	4199	253	33	75244	11	5	94	0	0	0	0	0	0	0	0	0	0	0	0	0	0	
1255.116967	8	3	3	0	1	2	2	4199	246	33	75304	11	5	94	0	0	0	0	0	0	0	0	0	0	0	0	0	0	
1256.122083	8	3	3	0	1	2	2	4198	237	33	75364	11	5	94	0	0	0	0	0	0	0	0	0	0	0	0	0	0	
1257.127200	8	3	3	0	1	2	2	4199	231	33	75425	11	5	94	0	0	0	0	0	0	0	0	0	0	0	0	0	0	
1258.113600	8	3	3	0	1	2	2	4198	223	33	75484	11	5	94	0	0	0	0	0	0	0	0	0	0	0	0	0	0	
1259.118717	8	3	3	0	1	2	2	4199	217	33	75544	11	5	94	0	0	0	0	0	0	0	0	0	0	0	0	0	0	
1260.125283	8	3	3	0	1	2	2	4199	211	33	75604	11	5	94	0	0	0	0	0	0	0	0	0	0	0	0	0	0	
1261.130400	8	3	3	0	1	2	2	4199	204	33	75665	11	5	94	0	0	0	0	0	0	0	0	0	0	0	0	0	0	
1262.116800	8	3	3	0	1	2	2	4199	198	33	75724	11	5	94	0	0	0	0	0	0	0	0	0	0	0	0	0	0	
1263.121917	8	3	3	0	1	2	2	4198	192	33	75784	11	5	94	0	0	0	0	0	0	0	0	0	0	0	0	0	0	
1264.127033	8	3	3	0	1	2	2	4199	187	33	75845	11	5	94	0	0	0	0	0	0	0	0	0	0	0	0	0	0	
1265.113433	8	3	3	0	1	2	2	4199	181	33	75904	11	5	94	0	0	0	0	0	0	0	0	0	0	0	0	0	0	
1266.118567	8	3	3	0	1	2	2	4199	175	33	75964	11	5	94	0	0	0	0	0	0	0	0	0	0	0	0	0	0	
1267.125117	8	3	3	0	1	2	2	4199	170	33	76024	11	5	94	0	0	0	0	0	0	0	0	0	0	0	0	0	0	
1268.130233	8	3	3	0	1	2	2	4198	164	33	76085	11	5	94	0	0	0	0	0	0	0	0	0	0	0	0	0	0	
1269.116633	8	3	3	0	1	2	2	4199	159	33	76144	11	5	94	0	0	0	0	0	0	0	0	0	0	0	0	0	0	
1270.124633	8	3	3	0	1	2	2	4199	154	33	76204	11	5	94	0	0	0	0	0	0	0	0	0	0	0	0	0	0	
1271.129767	8	3	3	0	1	2	2	4199	150	33	76265	11	5	94	0	0	0	0	0	0	0	0	0	0	0	0	0	0	
1272.116167	8	3	3	0	1	2	2	4199	145	33	76324	11	5	94	0	0	0	0	0	0	0	0	0	0	0	0	0	0	
1273.121283	8	3	3	0	1	2	2	4199	141	33	76384	11	5	94	0	0	0	0	0	0	0	0	0	0	0	0	0	0	
1274.127833	8	3	3	0	1	2	2	4199	137	33	76444	11	5	94	0	0	0	0	0	0	0	0	0	0	0	0	0	0	
1275.114233	8	3	3	0	1	2	2	4199	132	33	76504	11	5	94	0	0	0	0	0	0	0	0	0	0	0	0	0	0	
1276.119367	8	3	3	0	1	2	2	4199	130	33	76564	11	5	94	0	0	0	0	0	0	0	0	0	0	0	0	0	0	
1277.124483	8	3	3	0	1	2	2	4199	125	33	76624	11	5	94	0	0	0	0	0	0	0	0	0	0	0	0	0	0	
1278.129600	8	3	3	0	1	2	2	4198	122	33	76685	11	5	94	0	0	0	0	0	0	0	0	0	0	0	0	0	0	
1279.116000	8	3	3	0	1	2	2	4199	118	33	76744	11	5	94	0	0	0	0	0	0	0	0	0	0	0	0	0	0	
1280.121117	8	3	3	0	1	2	2	4199	114	33	76804	11	5	94	0	0	0	0	0	0	0	0	0	0	0	0	0	0	
1281.126233	8	3	3	0	1	2	2	4199	111	33	76864	11	5	94	0	0	0	0	0	0	0	0	0	0	0	0	0	0	
1282.112633	8	3	3	0	1	2	2	4199	107	33	76924	11	5	94	0	0	0	0	0	0	0	0	0	0	0	0	0	0	
1283.119200	8	3	3	0	1	2	2	4199	104	33	76984	11	5	94	0	0	0	0	0	0	0	0	0	0	0	0	0	0	
1284.124317	8	3	3	0	1	2	2	4198	101	33	77044	11	5	94	0	0	0	0	0	0	0	0	0	0	0	0	0	0	
1285.129433	8	3	3	0	1	2	2	4199	98	33	77105	11	5	94	0	0	0	0	0	0	0	0	0	0	0	0	0	0	
1286.115833	8	3	3	0	1	2	2	4198	95	33	77164	11	5	94	0	0	0	0	0	0	0	0	0	0	0	0	0	0	
1287.120967	8	3	3	0	1	2	2	4198	92	33	77224	11	5	94	0	0	0	0	0	0	0	0	0	0	0	0	0	0	
1288.126083	8	3	3	0	1	2	2	4198	90	33	77284	11	5	94	0	0	0	0	0	0	0	0	0	0	0	0	0	0	
1289.131200	8	3	3	0	1	2	2	4199	87	33	77345	11	5	94	0	0	0	0	0	0	0	0	0	0	0	0	0	0	
1290.117600	8	3	3	0	1	2	2	4198	84	33	77404	11	5	94	0	0	0	0	0	0	0	0	0	0	0	0	0	0	
1291.122717	8	3	3	0	1	2	2	4199	81	33	77464	11	5	94	0	0	0	0	0	0	0	0	0	0	0	0	0	0	
1292.129283	8	3	3	0	1	2	2	4199	79	33	77525	11	5	94	0	0	0	0	0	0	0	0	0	0	0	0	0	0	
1293.115683	8	3	3	0	1	2	2	4199	77	33	77584	11	5	94	0	0	0	0	0	0	0	0	0	0	0	0	0	0	
1294.120800	8	3	3	0	1	2	2	4199	74	33	77644	11	5	94	0	0	0	0	0	0	0	0	0	0	0	0	0	0	
1295.125917	8	3	3	0	1	2	2	4199	72	33	77704	11	5	94	0	0	0	0	0	0	0	0	0	0	0	0	0	0	
1296.131033	8	3	3	0	1	2	2	4199	70	33	77765	11	5	94	0	0	0	0	0	0	0	0	0	0	0	0	0	0	
1297.117433	8	3	3	0	1	2	2	4198	68	33	77824	11	5	94	0	0	0	0	0	0	0	0	0	0	0	0	0	0	
1297.539367	8	6	3	0	2	7	1	3767	-1349	33	77849	11	6	0	0	0	0	0	0	0	0	0	0	0	0	0	0	0	
1298.125433	8	6	3	0	2	7	1	3728	-1351	33	77884	11	6	0	0	0	0	0	0	0	0	0	0	0	0	0	0	0	
1299.114717	8	6	3	0	2	7	1	3701	-1349	33	77944	11	6	2	0	0	0	0	0	0	0	0	0	0	0	0	0	0	
1300.119833	8	6	3	0	2	7	1	3680	-1349	33	78004	11	6	4	0	0	0	0	0	0	0	0	0	0	0	0	0	0	
1301.124967	8	6	3	0	2	7	1	3667	-1349	33	78064	11	6	5	0	0	0	0	0	0	0	0	0	0	0	0	0	0	
1302.130083	8	6	3	0	2	7	1	3652	-1349	33	78125	11	6	7	0	0	0	0	0	0	0	0	0	0	0	0	0	0	
1303.116483	8	6	3	0	2	7	1	3637	-1351	33	78184	11	6	9	0	0	0	0	0	0	0	0	0	0	0	0	0	0	
1304.123033	8	6	3	0	2	7	1	3626	-1350	33	78244	11	6	10	0	0	0	0	0	0	0	0	0	0	0	0	0	0	
1305.128167	8	6	3	0	2	7	1	3606	-1349	33	78304	11	6	12	0	0	0	0	0	0	0	0	0	0	0	0	0	0	
1306.133283	8	6	3	0	2	7	1	3595	-1350	33	78365	11	6	14	0	0	0	0	0	0	0	0	0	0	0	0	0	0	
1307.119683	8	6	3	0	2	7	1	3579	-1349	33	78424	11	6	15	0	0	0	0	0	0	0	0	0	0	0	0	0	0	
1308.124800	8	6	3	0	2	7	1	3569	-1349	33	78484	11	6	17	0	0	0	0	0	0	0	0	0	0	0	0	0	0	
1309.129917	8	6	3	0	2	7	1	3559	-1352	33	78545	11	6	19	0	0	0	0	0	0	0	0	0	0	0	0	0	0	
1310.116317	8	6	3	0	2	7	1	3550	-1350	33	78604	11	6	20	0	0	0	0	0	0	0	0	0	0	0	0	0	0	
1311.121433	8	6	3	0	2	7	1	3538	-1349	33	78664	11	6	22	0	0	0	0	0	0	0	0	0	0	0	0	0	0	
1312.126567	8	6	3	0	2	7	1	3523	-1349	33	78724	11	6	23	0	0	0	0	0	0	0	0	0	0	0	0	0	0	
1313.133117	8	6	3	0	2	7	1	3512	-1350	33	78785	11	6	25	0	0	0	0	0	0	0	0	0	0	0	0	0	0	
1314.119517	8	6	3	0	2	7	1	3499	-1350	33	78844	11	6	27	0	0	0	0	0	0	0	0	0	0	0	0	0	0	
1315.124633	8	6	3	0	2	7	1	3487	-1349	33	78904	11	6	28	0	0	0	0	0	0	0	0	0	0	0	0	0	0	
1316.129767	8	6	3	0	2	7	1	3478	-1348	33	78964	11	6	30	0	0	0	0	0	0	0	0	0	0	0	0	0	0	
1317.116167	8	6	3	0	2	7	1	3467	-1351	33	79024	11	6	32	0	0	0	0	0	0	0	0	0	0	0	0	0	0	
1318.121283	8	6	3	0	2	7	1	3456	-1350	33	79084	11	6	33	0	0	0	0	0	0	0	0	0	0	0	0	0	0	
1319.126400	8	6	3	0	2	7	1	3446	-1351	33	79144	11	6	35	0	0	0	0	0	0	0	0	0	0	0	0	0	0	
1320.131517	8	6	3	0	2	7	1	3436	-1348	33	79205	11	6	37	0	0	0	0	0	0	0	0	0	0	0	0	0	0	
1321.117917	8	6	3	0	2	7	1	3427	-1349	33	79264	11	6	38	0	0	0	0	0	0	0	0	0	0	0	0	0	0	
1322.124483	8	6	3	0	2	7	1	3418	-1350	33	79324	11	6	40	0	0	0	0	0	0	0	0	0	0	0	0	0	0	
1323.129600	8	6	3	0	2	7	1	3409	-1350	33	79384	11	6	42	0	0	0	0	0	0	0	0	0	0	0	0	0	0	
1324.134717	8	6	3	0	2	7	1	3400	-1349	33	79445	11	6	43	0	0	0	0	0	0	0	0	0	0	0	0	0	0	
1325.121117	8	6	3	0	2	7	1	3393	-1350	33	79504	11	6	45	0	0	0	0	0	0	0	0	0	0	0	0	0	0	
1326.126233	8	6	3	0	2	7	1	3385	-1348	33	79564	11	6	47	0	0	0	0	0	0	0	0	0	0	0	0	0	0	
1327.131367	8	6	3	0	2	7	1	3377	-1351	33	79625	11	6	48	0	0	0	0	0	0	0	0	0	0	0	0	0	0	
1328.117767	8	6	3	0	2	7	1	3370	-1350	33	79684	11	6	50	0	0	0	0	0	0	0	0	0	0	0	0	0	0	
1329.122883	8	6	3	0	2	7	1	3363	-1349	33	79744	11	6	52	0	0	0	0	0	0	0	0	0	0	0	0	0	0	
1330.128000	8	6	3	0	2	7	1	3356	-1350	33	79804	11	6	53	0	0	0	0	0	0	0	0	0	0	0	0	0	0	
1331.134567	8	6	3	0	2	7	1	3349	-1349	33	79865	11	6	55	0	0	0	0	0	0	0	0	0	0	0	0	0	0	
1332.120967	8	6	3	0	2	7	1	3343	-1349	33	79924	11	6	57	0	0	0	0	0	0	0	0	0	0	0	0	0	0	
1333.126083	8	6	3	0	2	7	1	3336	-1349	33	79984	11	6	58	0	0	0	0	0	0	0	0	0	0	0	0	0	0	
1334.131200	8	6	3	0	2	7	1	3330	-1349	33	80044	11	6	60	0	0	0	0	0	0	0	0	0	0	0	0	0	0	
1335.117600	8	6	3	0	2	7	1	3324	-1350	33	80104	11	6	62	0	0	0	0	0	0	0	0	0	0	0	0	0	0	
1336.122717	8	6	3	0	2	7	1	3318	-1349	33	80164	11	6	63	0	0	0	0	0	0	0	0	0	0	0	0	0	0	
1337.127833	8	6	3	0	2	7	1	3312	-1348	33	80224	11	6	65	0	0	0	0	0	0	0	0	0	0	0	0	0	0	
1338.132967	8	6	3	0	2	7	1	3306	-1350	33	80285	11	6	67	0	0	0	0	0	0	0	0	0	0	0	0	0	0	
1339.119367	8	6	3	0	2	7	1	3300	-1349	33	80344	11	6	68	0	0	0	0	0	0	0	0	0	0	0	0	0	0	
1340.125917	8	6	3	0	2	7	1	3294	-1349	33	80404	11	6	70	0	0	0	0	0	0	0	0	0	0	0	0	0	0	
1341.131033	8	6	3	0	2	7	1	3287	-1350	33	80464	11	6	71	0	0	0	0	0	0	0	0	0	0	0	0	0	0	
1342.136167	8	6	3	0	2	7	1	3281	-1351	33	80525	11	6	73	0	0	0	0	0	0	0	0	0	0	0	0	0	0	
1343.122567	8	6	3	0	2	7	1	3274	-1350	33	80584	11	6	75	0	0	0	0	0	0	0	0	0	0	0	0	0	0	
1344.127683	8	6	3	0	2	7	1	3266	-1349	33	80644	11	6	76	0	0	0	0	0	0	0	0	0	0	0	0	0	0	
1345.132800	8	6	3	0	2	7	1	3258	-1349	33	80705	11	6	78	0	0	0	0	0	0	0	0	0	0	0	0	0	0	
1346.119200	8	6	3	0	2	7	1	3248	-1350	33	80764	11	6	80	0	0	0	0	0	0	0	0	0	0	0	0	0	0	
1347.124317	8	6	3	0	2	7	1	3236	-1350	33	80824	11	6	81	0	0	0	0	0	0	0	0	0	0	0	0	0	0	
1348.130883	8	6	3	0	2	7	1	3221	-1351	33	80884	11	6	83	0	0	0	0	0	0	0	0	0	0	0	0	0	0	
1349.136000	8	6	3	0	2	7	1	3202	-1349	33	80945	11	6	85	0	0	0	0	0	0	0	0	0	0	0	0	0	0	
1350.122400	8	6	3	0	2	7	1	3179	-1351	33	81004	11	6	86	0	0	0	0	0	0	0	0	0	0	0	0	0	0	
1351.127517	8	6	3	0	2	7	1	3147	-1349	33	81064	11	6	88	0	0	0	0	0	0	0	0	0	0	0	0	0	0	
1352.132633	8	6	3	0	2	7	1	3101	-1349	33	81124	11	6	90	0	0	0	0	0	0	0	0	0	0	0	0	0	0	
1353.119033	8	6	3	0	2	7	1	3028	-1349	33	81184	11	6	91	0	0	0	0	0	0	0	0	0	0	0	0	0	0	
1354.124167	8	6	3	0	2	7	1	2882	-1350	33	81244	11	6	93	0	0	0	0	0	0	0	0	0	0	0	0	0	0	
1354.734717	8	15	3	0	1	31	2	3024	53	33	81281	12	6	94	0	0	0	0	0	0	0	0	0	0	0	0	0	0	
1354.754883	8	3	3	0	1	2	2	3282	678	33	81282	13	6	94	0	0	0	0	0	0	0	0	0	0	0	0	0	0	
1355.133600	8	3	3	0	1	2	2	3447	674	33	81304	13	6	94	0	0	0	0	0	0	0	0	0	0	0	0	0	0	
1356.120000	8	3	3	0	1	2	2	3607	675	33	81364	13	6	94	0	0	0	0	0	0	0	0	0	0	0	0	0	0	
1357.125117	8	3	3	0	1	2	2	3697	675	33	81424	13	6	94	0	0	0	0	0	0	0	0	0	0	0	0	0	0	
1358.130233	8	3	3	0	1	2	2	3761	674	33	81484	13	6	94	0	0	0	0	0	0	0	0	0	0	0	0	0	0	
1359.135367	8	3	3	0	1	2	2	3812	675	33	81545	13	6	94	0	0	0	0	0	0	0	0	0	0	0	0	0	0	
1360.121767	8	3	3	0	1	2	2	3851	675	33	81604	13	6	94	0	0	0	0	0	0	0	0	0	0	0	0	0	0	
1361.126883	8	3	3	0	1	2	2	3879	675	33	81664	13	6	94	0	0	0	0	0	0	0	0	0	0	0	0	0	0	
1362.132000	8	3	3	0	1	2	2	3892	674	33	81724	13	6	94	0	0	0	0	0	0	0	0	0	0	0	0	0	0	
1363.137117	8	3	3	0	1	2	2	3898	674	33	81785	13	6	94	0	0	0	0	0	0	0	0	0	0	0	0	0	0	
1364.123517	8	3	3	0	1	2	2	3904	675	33	81844	13	6	94	0	0	0	0	0	0	0	0	0	0	0	0	0	0	
1365.130083	8	3	3	0	1	2	2	3909	674	33	81904	13	6	94	0	0	0	0	0	0	0	0	0	0	0	0	0	0	
1366.135200	8	3	3	0	1	2	2	3914	676	33	81965	13	6	94	0	0	0	0	0	0	0	0	0	0	0	0	0	0	
1367.121600	8	3	3	0	1	2	2	3919	675	33	82024	13	6	94	0	0	0	0	0	0	0	0	0	0	0	0	0	0	
1368.126717	8	3	3	0	1	2	2	3924	674	33	82084	13	6	94	0	0	0	0	0	0	0	0	0	0	0	0	0	0	
1369.131833	8	3	3	0	1	2	2	3929	674	33	82144	13	6	94	0	0	0	0	0	0	0	0	0	0	0	0	0	0	
1370.136967	8	3	3	0	1	2	2	3935	675	33	82205	13	6	94	0	0	0	0	0	0	0	0	0	0	0	0	0	0	
1371.123367	8	3	3	0	1	2	2	3940	675	33	82264	13	6	94	0	0	0	0	0	0	0	0	0	0	0	0	0	0	
1372.128483	8	3	3	0	1	2	2	3945	675	33	82324	13	6	94	0	0	0	0	0	0	0	0	0	0	0	0	0	0	
1373.135033	8	3	3	0	1	2	2	3951	674	33	82384	13	6	94	0	0	0	0	0	0	0	0	0	0	0	0	0	0	
1374.121433	8	3	3	0	1	2	2	3956	674	33	82444	13	6	94	0	0	0	0	0	0	0	0	0	0	0	0	0	0	
1375.126567	8	3	3	0	1	2	2	3962	675	33	82504	13	6	94	0	0	0	0	0	0	0	0	0	0	0	0	0	0	
1376.131683	8	3	3	0	1	2	2	3968	675	33	82564	13	6	94	0	0	0	0	0	0	0	0	0	0	0	0	0	0	
1377.136800	8	3	3	0	1	2	2	3973	674	33	82625	13	6	94	0	0	0	0	0	0	0	0	0	0	0	0	0	0	
1378.123200	8	3	3	0	1	2	2	3978	674	33	82684	13	6	94	0	0	0	0	0	0	0	0	0	0	0	0	0	0	
1379.128317	8	3	3	0	1	2	2	3983	675	33	82744	13	6	94	0	0	0	0	0	0	0	0	0	0	0	0	0	0	
1380.133433	8	3	3	0	1	2	2	3987	675	33	82804	13	6	94	0	0	0	0	0	0	0	0	0	0	0	0	0	0	
1381.138567	8	3	3	0	1	2	2	3991	674	33	82865	13	6	94	0	0	0	0	0	0	0	0	0	0	0	0	0	0	
1382.124967	8	3	3	0	1	2	2	3994	674	33	82924	13	6	94	0	0	0	0	0	0	0	0	0	0	0	0	0	0	
1383.131517	8	3	3	0	1	2	2	3998	674	33	82984	13	6	94	0	0	0	0	0	0	0	0	0	0	0	0	0	0	
1384.136633	8	3	3	0	1	2	2	4001	675	33	83045	13	6	94	0	0	0	0	0	0	0	0	0	0	0	0	0	0	
1385.123033	8	3	3	0	1	2	2	4003	674	33	83104	13	6	94	0	0	0	0	0	0	0	0	0	0	0	0	0	0	
1386.128167	8	3	3	0	1	2	2	4006	674	33	83164	13	6	94	0	0	0	0	0	0	0	0	0	0	0	0	0	0	
1387.133283	8	3	3	0	1	2	2	4008	675	33	83224	13	6	94	0	0	0	0	0	0	0	0	0	0	0	0	0	0	
1388.138400	8	3	3	0	1	2	2	4011	675	33	83285	13	6	94	0	0	0	0	0	0	0	0	0	0	0	0	0	0	
1389.124800	8	3	3	0	1	2	2	4013	675	33	83344	13	6	94	0	0	0	0	0	0	0	0	0	0	0	0	0	0	
1390.129917	8	3	3	0	1	2	2	4015	675	33	83404	13	6	94	0	0	0	0	0	0	0	0	0	0	0	0	0	0	
1391.135033	8	3	3	0	1	2	2	4017	674	33	83464	13	6	94	0	0	0	0	0	0	0	0	0	0	0	0	0	0	
1392.121433	8	3	3	0	1	2	2	4019	674	33	83524	13	6	94	0	0	0	0	0	0	0	0	0	0	0	0	0	0	
1393.128000	8	3	3	0	1	2	2	4022	675	33	83584	13	6	94	0	0	0	0	0	0	0	0	0	0	0	0	0	0	
1394.133117	8	3	3	0	1	2	2	4025	674	33	83644	13	6	94	0	0	0	0	0	0	0	0	0	0	0	0	0	0	
1395.138233	8	3	3	0	1	2	2	4028	675	33	83705	13	6	94	0	0	0	0	0	0	0	0	0	0	0	0	0	0	
1396.124633	8	3	3	0	1	2	2	4030	675	33	83764	13	6	94	0	0	0	0	0	0	0	0	0	0	0	0	0	0	
1397.129767	8	3	3	0	1	2	2	4033	674	33	83824	13	6	94	0	0	0	0	0	0	0	0	0	0	0	0	0	0	
1398.134883	8	3	3	0	1	2	2	4035	675	33	83884	13	6	94	0	0	0	0	0	0	0	0	0	0	0	0	0	0	
1399.140000	8	3	3	0	1	2	2	4038	674	33	83945	13	6	94	0	0	0	0	0	0	0	0	0	0	0	0	0	0	
1400.126400	8	3	3	0	1	2	2	4041	674	33	84004	13	6	94	0	0	0	0	0	0	0	0	0	0	0	0	0	0	
1401.131517	8	3	3	0	1	2	2	4044	674	33	84064	13	6	94	0	0	0	0	0	0	0	0	0	0	0	0	0	0	
1402.136633	8	3	3	0	1	2	2	4047	674	33	84125	13	6	94	0	0	0	0	0	0	0	0	0	0	0	0	0	0	
1403.123033	8	3	3	0	1	2	2	4050	675	33	84184	13	6	94	0	0	0	0	0	0	0	0	0	0	0	0	0	0	
1404.129600	8	3	3	0	1	2	2	4053	674	33	84244	13	6	94	0	0	0	0	0	0	0	0	0	0	0	0	0	0	
1405.134717	8	3	3	0	1	2	2	4056	675	33	84304	13	6	94	0	0	0	0	0	0	0	0	0	0	0	0	0	0	
1406.139833	8	3	3	0	1	2	2	4059	673	33	84365	13	6	94	0	0	0	0	0	0	0	0	0	0	0	0	0	0	
1407.126233	8	3	3	0	1	2	2	4062	674	33	84424	13	6	94	0	0	0	0	0	0	0	0	0	0	0	0	0	0	
1408.131367	8	3	3	0	1	2	2	4066	675	33	84484	13	6	94	0	0	0	0	0	0	0	0	0	0	0	0	0	0	
1409.136483	8	3	3	0	1	2	2	4069	674	33	84544	13	6	94	0	0	0	0	0	0	0	0	0	0	0	0	0	0	
1410.122883	8	3	3	0	1	2	2	4072	674	33	84604	13	6	94	0	0	0	0	0	0	0	0	0	0	0	0	0	0	
1411.128000	8	3	3	0	1	2	2	4076	675	33	84664	13	6	94	0	0	0	0	0	0	0	0	0	0	0	0	0	0	
1412.134567	8	3	3	0	1	2	2	4079	674	33	84724	13	6	94	0	0	0	0	0	0	0	0	0	0	0	0	0	0	
1413.139683	8	3	3	0	1	2	2	4083	674	33	84785	13	6	94	0	0	0	0	0	0	0	0	0	0	0	0	0	0	
1414.126083	8	3	3	0	1	2	2	4087	674	33	84844	13	6	94	0	0	0	0	0	0	0	0	0	0	0	0	0	0	
1415.131200	8	3	3	0	1	2	2	4090	674	33	84904	13	6	94	0	0	0	0	0	0	0	0	0	0	0	0	0	0	
1416.137767	8	3	3	0	1	2	2	4094	674	33	84964	13	6	94	0	0	0	0	0	0	0	0	0	0	0	0	0	0	
1417.124167	8	3	3	0	1	2	2	4098	675	33	85024	13	6	94	0	0	0	0	0	0	0	0	0	0	0	0	0	0	
1418.130717	8	3	3	0	1	2	2	4102	675	33	85084	13	6	94	0	0	0	0	0	0	0	0	0	0	0	0	0	0	
1419.135833	8	3	3	0	1	2	2	4106	675	33	85144	13	6	94	0	0	0	0	0	0	0	0	0	0	0	0	0	0	
1420.140967	8	3	3	0	1	2	2	4110	674	33	85205	13	6	94	0	0	0	0	0	0	0	0	0	0	0	0	0	0	
1421.127367	8	3	3	0	1	2	2	4114	674	33	85264	13	6	94	0	0	0	0	0	0	0	0	0	0	0	0	0	0	
1422.132483	8	3	3	0	1	2	2	4117	668	33	85324	13	6	94	0	0	0	0	0	0	0	0	0	0	0	0	0	0	
1423.137600	8	3	3	0	1	2	2	4121	667	33	85384	13	6	94	0	0	0	0	0	0	0	0	0	0	0	0	0	0	
1424.124000	8	3	3	0	1	2	2	4125	666	33	85444	13	6	94	0	0	0	0	0	0	0	0	0	0	0	0	0	0	
1425.129117	8	3	3	0	1	2	2	4129	666	33	85504	13	6	94	0	0	0	0	0	0	0	0	0	0	0	0	0	0	
1426.134233	8	3	3	0	1	2	2	4134	665	33	85564	13	6	94	0	0	0	0	0	0	0	0	0	0	0	0	0	0	
1427.140800	8	3	3	0	1	2	2	4138	664	33	85625	13	6	94	0	0	0	0	0	0	0	0	0	0	0	0	0	0	
1428.127200	8	3	3	0	1	2	2	4143	664	33	85684	13	6	94	0	0	0	0	0	0	0	0	0	0	0	0	0	0	
1429.132317	8	3	3	0	1	2	2	4147	663	33	85744	13	6	94	0	0	0	0	0	0	0	0	0	0	0	0	0	0	
1430.137433	8	3	3	0	1	2	2	4152	662	33	85804	13	6	94	0	0	0	0	0	0	0	0	0	0	0	0	0	0	
1431.142567	8	3	3	0	1	2	2	4157	662	33	85865	13	6	94	0	0	0	0	0	0	0	0	0	0	0	0	0	0	
1432.128967	8	3	3	0	1	2	2	4162	660	33	85924	13	6	94	0	0	0	0	0	0	0	0	0	0	0	0	0	0	
1433.134083	8	3	3	0	1	2	2	4167	661	33	85984	13	6	94	0	0	0	0	0	0	0	0	0	0	0	0	0	0	
1434.139200	8	3	3	0	1	2	2	4172	659	33	86044	13	6	94	0	0	0	0	0	0	0	0	0	0	0	0	0	0	
1435.125600	8	3	3	0	1	2	2	4176	659	33	86104	13	6	94	0	0	0	0	0	0	0	0	0	0	0	0	0	0	
1436.130717	8	3	3	0	1	2	2	4182	658	33	86164	13	6	94	0	0	0	0	0	0	0	0	0	0	0	0	0	0	
1437.137283	8	3	3	0	1	2	2	4187	658	33	86224	13	6	94	0	0	0	0	0	0	0	0	0	0	0	0	0	0	
1438.142400	8	3	3	0	1	2	2	4192	656	33	86285	13	6	94	0	0	0	0	0	0	0	0	0	0	0	0	0	0	
1439.128800	8	3	3	0	1	2	2	4197	657	33	86344	13	6	94	0	0	0	0	0	0	0	0	0	0	0	0	0	0	
1440.133917	8	3	3	0	1	2	2	4199	641	33	86404	13	6	94	0	0	0	0	0	0	0	0	0	0	0	0	0	0	
1441.139033	8	3	3	0	1	2	2	4198	624	33	86464	13	6	94	0	0	0	0	0	0	0	0	0	0	0	0	0	0	
1442.125433	8	3	3	0	1	2	2	4199	608	33	86524	13	6	94	0	0	0	0	0	0	0	0	0	0	0	0	0	0	
1443.130567	8	3	3	0	1	2	2	4198	593	33	86584	13	6	94	0	0	0	0	0	0	0	0	0	0	0	0	0	0	
1444.135683	8	3	3	0	1	2	2	4199	577	33	86644	13	6	94	0	0	0	0	0	0	0	0	0	0	0	0	0	0	
1445.140800	8	3	3	0	1	2	2	4199	563	33	86705	13	6	94	0	0	0	0	0	0	0	0	0	0	0	0	0	0	
1446.127200	8	3	3	0	1	2	2	4198	547	33	86764	13	6	94	0	0	0	0	0	0	0	0	0	0	0	0	0	0	
1447.133767	8	3	3	0	1	2	2	4199	533	33	86824	13	6	94	0	0	0	0	0	0	0	0	0	0	0	0	0	0	
1448.138883	8	3	3	0	1	2	2	4199	517	33	86884	13	6	94	0	0	0	0	0	0	0	0	0	0	0	0	0	0	
1449.144000	8	3	3	0	1	2	2	4198	504	33	86945	13	6	94	0	0	0	0	0	0	0	0	0	0	0	0	0	0	
1450.131833	8	3	3	0	1	2	2	4199	490	33	87004	13	6	94	0	0	0	0	0	0	0	0	0	0	0	0	0	0	
1451.136967	8	3	3	0	1	2	2	4199	477	33	87064	13	6	94	0	0	0	0	0	0	0	0	0	0	0	0	0	0	
1452.142083	8	3	3	0	1	2	2	4199	463	33	87125	13	6	94	0	0	0	0	0	0	0	0	0	0	0	0	0	0	
1453.129917	8	3	3	0	1	2	2	4199	450	33	87184	13	6	94	0	0	0	0	0	0	0	0	0	0	0	0	0	0	
1454.135033	8	3	3	0	1	2	2	4199	437	33	87244	13	6	94	0	0	0	0	0	0	0	0	0	0	0	0	0	0	
1455.140167	8	3	3	0	1	2	2	4199	425	33	87304	13	6	94	0	0	0	0	0	0	0	0	0	0	0	0	0	0	
1456.145283	8	3	3	0	1	2	2	4199	413	33	87365	13	6	94	0	0	0	0	0	0	0	0	0	0	0	0	0	0	
1457.131683	8	3	3	0	1	2	2	4199	401	33	87424	13	6	94	0	0	0	0	0	0	0	0	0	0	0	0	0	0	
1458.136800	8	3	3	0	1	2	2	4199	388	33	87484	13	6	94	0	0	0	0	0	0	0	0	0	0	0	0	0	0	
1459.141917	8	3	3	0	1	2	2	4198	376	33	87545	13	6	94	0	0	0	0	0	0	0	0	0	0	0	0	0	0	
1460.128317	8	3	3	0	1	2	2	4199	365	33	87604	13	6	94	0	0	0	0	0	0	0	0	0	0	0	0	0	0	
1461.133433	8	3	3	0	1	2	2	4199	354	33	87664	13	6	94	0	0	0	0	0	0	0	0	0	0	0	0	0	0	
1462.140000	8	3	3	0	1	2	2	4199	343	33	87724	13	6	94	0	0	0	0	0	0	0	0	0	0	0	0	0	0	
1463.145117	8	3	3	0	1	2	2	4198	333	33	87785	13	6	94	0	0	0	0	0	0	0	0	0	0	0	0	0	0	
1464.131517	8	3	3	0	1	2	2	4199	323	33	87844	13	6	94	0	0	0	0	0	0	0	0	0	0	0	0	0	0	
1465.136633	8	3	3	0	1	2	2	4199	314	33	87904	13	6	94	0	0	0	0	0	0	0	0	0	0	0	0	0	0	
1466.141767	8	3	3	0	1	2	2	4198	304	33	87964	13	6	94	0	0	0	0	0	0	0	0	0	0	0	0	0	0	
1467.128167	8	3	3	0	1	2	2	4199	296	33	88024	13	6	94	0	0	0	0	0	0	0	0	0	0	0	0	0	0	
1468.133283	8	3	3	0	1	2	2	4199	287	33	88084	13	6	94	0	0	0	0	0	0	0	0	0	0	0	0	0	0	
1469.139833	8	3	3	0	1	2	2	4199	279	33	88144	13	6	94	0	0	0	0	0	0	0	0	0	0	0	0	0	0	
1470.144967	8	3	3	0	1	2	2	4199	270	33	88205	13	6	94	0	0	0	0	0	0	0	0	0	0	0	0	0	0	
1471.131367	8	3	3	0	1	2	2	4198	263	33	88264	13	6	94	0	0	0	0	0	0	0	0	0	0	0	0	0	0	
1472.136483	8	3	3	0	1	2	2	4199	255	33	88324	13	6	94	0	0	0	0	0	0	0	0	0	0	0	0	0	0	
1473.141600	8	3	3	0	1	2	2	4199	247	33	88384	13	6	94	0	0	0	0	0	0	0	0	0	0	0	0	0	0	
1474.128000	8	3	3	0	1	2	2	4198	240	33	88444	13	6	94	0	0	0	0	0	0	0	0	0	0	0	0	0	0	
1475.133117	8	3	3	0	1	2	2	4199	233	33	88504	13	6	94	0	0	0	0	0	0	0	0	0	0	0	0	0	0	
1476.138233	8	3	3	0	1	2	2	4199	225	33	88564	13	6	94	0	0	0	0	0	0	0	0	0	0	0	0	0	0	
1477.144800	8	3	3	0	1	2	2	4199	219	33	88625	13	6	94	0	0	0	0	0	0	0	0	0	0	0	0	0	0	
1478.131200	8	3	3	0	1	2	2	4199	212	33	88684	13	6	94	0	0	0	0	0	0	0	0	0	0	0	0	0	0	
1479.136317	8	3	3	0	1	2	2	4199	206	33	88744	13	6	94	0	0	0	0	0	0	0	0	0	0	0	0	0	0	
1480.141433	8	3	3	0	1	2	2	4198	200	33	88804	13	6	94	0	0	0	0	0	0	0	0	0	0	0	0	0	0	
1481.146567	8	3	3	0	1	2	2	4199	193	33	88865	13	6	94	0	0	0	0	0	0	0	0	0	0	0	0	0	0	
1482.132967	8	3	3	0	1	2	2	4199	188	33	88924	13	6	94	0	0	0	0	0	0	0	0	0	0	0	0	0	0	
1483.138083	8	3	3	0	1	2	2	4199	182	33	88984	13	6	94	0	0	0	0	0	0	0	0	0	0	0	0	0	0	
1484.143200	8	3	3	0	1	2	2	4199	176	33	89044	13	6	94	0	0	0	0	0	0	0	0	0	0	0	0	0	0	
1485.129600	8	3	3	0	1	2	2	4199	171	33	89104	13	6	94	0	0	0	0	0	0	0	0	0	0	0	0	0	0	
1486.134717	8	3	3	0	1	2	2	4199	165	33	89164	13	6	94	0	0	0	0	0	0	0	0	0	0	0	0	0	0	
1487.141283	8	3	3	0	1	2	2	4199	160	33	89224	13	6	94	0	0	0	0	0	0	0	0	0	0	0	0	0	0	
1488.146400	8	3	3	0	1	2	2	4199	156	33	89285	13	6	94	0	0	0	0	0	0	0	0	0	0	0	0	0	0	
1489.132800	8	3	3	0	1	2	2	4199	151	33	89344	13	6	94	0	0	0	0	0	0	0	0	0	0	0	0	0	0	
1490.137917	8	3	3	0	1	2	2	4199	146	33	89404	13	6	94	0	0	0	0	0	0	0	0	0	0	0	0	0	0	
1491.143033	8	3	3	0	1	2	2	4199	142	33	89464	13	6	94	0	0	0	0	0	0	0	0	0	0	0	0	0	0	
1492.129433	8	3	3	0	1	2	2	4198	138	33	89524	13	6	94	0	0	0	0	0	0	0	0	0	0	0	0	0	0	
1493.134567	8	3	3	0	1	2	2	4199	134	33	89584	13	6	94	0	0	0	0	0	0	0	0	0	0	0	0	0	0	
1494.139683	8	3	3	0	1	2	2	4199	129	33	89644	13	6	94	0	0	0	0	0	0	0	0	0	0	0	0	0	0	
1495.146233	8	3	3	0	1	2	2	4199	126	33	89705	13	6	94	0	0	0	0	0	0	0	0	0	0	0	0	0	0	
1496.132633	8	3	3	0	1	2	2	4199	122	33	89764	13	6	94	0	0	0	0	0	0	0	0	0	0	0	0	0	0	
1497.137767	8	3	3	0	1	2	2	4199	117	33	89824	13	6	94	0	0	0	0	0	0	0	0	0	0	0	0	0	0	
1498.142883	8	3	3	0	1	2	2	4199	114	33	89884	13	6	94	0	0	0	0	0	0	0	0	0	0	0	0	0	0	
1499.148000	8	3	3	0	1	2	2	4199	111	33	89945	13	6	94	0	0	0	0	0	0	0	0	0	0	0	0	0	0	
1500.134400	8	3	3	0	1	2	2	4199	108	33	90004	13	6	94	0	0	0	0	0	0	0	0	0	0	0	0	0	0	
1501.139517	8	3	3	0	1	2	2	4199	104	33	90064	13	6	94	0	0	0	0	0	0	0	0	0	0	0	0	0	0	
1502.144633	8	3	3	0	1	2	2	4199	101	33	90125	13	6	94	0	0	0	0	0	0	0	0	0	0	0	0	0	0	
1503.132483	8	3	3	0	1	2	2	4199	99	33	90184	13	6	94	0	0	0	0	0	0	0	0	0	0	0	0	0	0	
1504.137600	8	3	3	0	1	2	2	4199	96	33	90244	13	6	94	0	0	0	0	0	0	0	0	0	0	0	0	0	0	
1505.142717	8	3	3	0	1	2	2	4198	93	33	90304	13	6	94	0	0	0	0	0	0	0	0	0	0	0	0	0	0	
1506.147833	8	3	3	0	1	2	2	4199	90	33	90365	13	6	94	0	0	0	0	0	0	0	0	0	0	0	0	0	0	
1507.134233	8	3	3	0	1	2	2	4199	88	33	90424	13	6	94	0	0	0	0	0	0	0	0	0	0	0	0	0	0	
1508.139367	8	3	3	0	1	2	2	4199	84	33	90484	13	6	94	0	0	0	0	0	0	0	0	0	0	0	0	0	0	
1509.144483	8	3	3	0	1	2	2	4199	83	33	90544	13	6	94	0	0	0	0	0	0	0	0	0	0	0	0	0	0	
1510.130883	8	3	3	0	1	2	2	4199	80	33	90604	13	6	94	0	0	0	0	0	0	0	0	0	0	0	0	0	0	
1511.136000	8	3	3	0	1	2	2	4199	77	33	90664	13	6	94	0	0	0	0	0	0	0	0	0	0	0	0	0	0	
1512.142567	8	3	3	0	1	2	2	4199	75	33	90724	13	6	94	0	0	0	0	0	0	0	0	0	0	0	0	0	0	
1513.147683	8	3	3	0	1	2	2	4199	72	33	90785	13	6	94	0	0	0	0	0	0	0	0	0	0	0	0	0	0	
1514.134083	8	3	3	0	1	2	2	4199	70	33	90844	13	6	94	0	0	0	0	0	0	0	0	0	0	0	0	0	0	
1515.139200	8	3	3	0	1	2	2	4199	68	33	90904	13	6	94	0	0	0	0	0	0	0	0	0	0	0	0	0	0	
1516.013283	8	6	3	0	2	7	1	4124	-229	33	90956	13	7	0	0	0	0	0	0	0	0	0	0	0	0	0	0	0	
1516.145767	8	6	3	0	2	7	1	3762	-1350	33	90965	13	7	0	0	0	0	0	0	0	0	0	0	0	0	0	0	0	
1517.132167	8	6	3	0	2	7	1	3711	-1350	33	91024	13	7	1	0	0	0	0	0	0	0	0	0	0	0	0	0	0	
1518.143033	8	6	3	0	2	7	1	3686	-1349	33	91084	13	7	3	0	0	0	0	0	0	0	0	0	0	0	0	0	0	
1519.148167	8	6	3	0	2	7	1	3668	-1349	33	91145	13	7	5	0	0	0	0	0	0	0	0	0	0	0	0	0	0	
1520.134567	8	6	3	0	2	7	1	3659	-1351	33	91204	13	7	6	0	0	0	0	0	0	0	0	0	0	0	0	0	0	
1521.139683	8	6	3	0	2	7	1	3649	-1350	33	91264	13	7	8	0	0	0	0	0	0	0	0	0	0	0	0	0	0	
1522.144800	8	6	3	0	2	7	1	3640	-1350	33	91324	13	7	10	0	0	0	0	0	0	0	0	0	0	0	0	0	0	
1523.149917	8	6	3	0	2	7	1	3631	-1348	33	91385	13	7	11	0	0	0	0	0	0	0	0	0	0	0	0	0	0	
1524.136317	8	6	3	0	2	7	1	3617	-1349	33	91444	13	7	13	0	0	0	0	0	0	0	0	0	0	0	0	0	0	
1525.142883	8	6	3	0	2	7	1	3604	-1350	33	91504	13	7	15	0	0	0	0	0	0	0	0	0	0	0	0	0	0	
1526.148000	8	6	3	0	2	7	1	3588	-1348	33	91565	13	7	16	0	0	0	0	0	0	0	0	0	0	0	0	0	0	
1527.134400	8	6	3	0	2	7	1	3570	-1350	33	91624	13	7	18	0	0	0	0	0	0	0	0	0	0	0	0	0	0	
1528.139517	8	6	3	0	2	7	1	3556	-1350	33	91684	13	7	20	0	0	0	0	0	0	0	0	0	0	0	0	0	0	
1529.144633	8	6	3	0	2	7	1	3547	-1350	33	91744	13	7	21	0	0	0	0	0	0	0	0	0	0	0	0	0	0	
1530.149767	8	6	3	0	2	7	1	3535	-1350	33	91805	13	7	23	0	0	0	0	0	0	0	0	0	0	0	0	0	0	
1531.136167	8	6	3	0	2	7	1	3525	-1350	33	91864	13	7	25	0	0	0	0	0	0	0	0	0	0	0	0	0	0	
1532.141283	8	6	3	0	2	7	1	3515	-1349	33	91924	13	7	26	0	0	0	0	0	0	0	0	0	0	0	0	0	0	
1533.147833	8	6	3	0	2	7	1	3505	-1350	33	91984	13	7	28	0	0	0	0	0	0	0	0	0	0	0	0	0	0	
1534.134233	8	6	3	0	2	7	1	3492	-1350	33	92044	13	7	30	0	0	0	0	0	0	0	0	0	0	0	0	0	0	
1535.139367	8	6	3	0	2	7	1	3480	-1349	33	92104	13	7	31	0	0	0	0	0	0	0	0	0	0	0	0	0	0	
1536.147367	8	6	3	0	2	7	1	3469	-1349	33	92165	13	7	33	0	0	0	0	0	0	0	0	0	0	0	0	0	0	
1537.133767	8	6	3	0	2	7	1	3458	-1349	33	92224	13	7	34	0	0	0	0	0	0	0	0	0	0	0	0	0	0	
1538.138883	8	6	3	0	2	7	1	3447	-1348	33	92284	13	7	36	0	0	0	0	0	0	0	0	0	0	0	0	0	0	
1539.145433	8	6	3	0	2	7	1	3438	-1349	33	92344	13	7	38	0	0	0	0	0	0	0	0	0	0	0	0	0	0	
1540.150567	8	6	3	0	2	7	1	3428	-1350	33	92405	13	7	39	0	0	0	0	0	0	0	0	0	0	0	0	0	0	
1541.136967	8	6	3	0	2	7	1	3419	-1351	33	92464	13	7	41	0	0	0	0	0	0	0	0	0	0	0	0	0	0	
1542.142083	8	6	3	0	2	7	1	3411	-1349	33	92524	13	7	43	0	0	0	0	0	0	0	0	0	0	0	0	0	0	
1543.147200	8	6	3	0	2	7	1	3402	-1349	33	92584	13	7	44	0	0	0	0	0	0	0	0	0	0	0	0	0	0	
1544.133600	8	6	3	0	2	7	1	3394	-1350	33	92644	13	7	46	0	0	0	0	0	0	0	0	0	0	0	0	0	0	
1545.138717	8	6	3	0	2	7	1	3386	-1349	33	92704	13	7	48	0	0	0	0	0	0	0	0	0	0	0	0	0	0	
1546.143833	8	6	3	0	2	7	1	3378	-1350	33	92764	13	7	49	0	0	0	0	0	0	0	0	0	0	0	0	0	0	
1547.150400	8	6	3	0	2	7	1	3371	-1349	33	92825	13	7	51	0	0	0	0	0	0	0	0	0	0	0	0	0	0	
1548.136800	8	6	3	0	2	7	1	3364	-1349	33	92884	13	7	53	0	0	0	0	0	0	0	0	0	0	0	0	0	0	
1549.141917	8	6	3	0	2	7	1	3357	-1350	33	92944	13	7	54	0	0	0	0	0	0	0	0	0	0	0	0	0	0	
1550.147033	8	6	3	0	2	7	1	3351	-1349	33	93004	13	7	56	0	0	0	0	0	0	0	0	0	0	0	0	0	0	
1551.152167	8	6	3	0	2	7	1	3345	-1349	33	93065	13	7	58	0	0	0	0	0	0	0	0	0	0	0	0	0	0	
1552.138567	8	6	3	0	2	7	1	3339	-1350	33	93124	13	7	59	0	0	0	0	0	0	0	0	0	0	0	0	0	0	
1553.143683	8	6	3	0	2	7	1	3332	-1349	33	93184	13	7	61	0	0	0	0	0	0	0	0	0	0	0	0	0	0	
1554.148800	8	6	3	0	2	7	1	3327	-1348	33	93245	13	7	62	0	0	0	0	0	0	0	0	0	0	0	0	0	0	
1555.135200	8	6	3	0	2	7	1	3321	-1349	33	93304	13	7	64	0	0	0	0	0	0	0	0	0	0	0	0	0	0	
1556.141767	8	6	3	0	2	7	1	3315	-1349	33	93364	13	7	66	0	0	0	0	0	0	0	0	0	0	0	0	0	0	
1557.146883	8	6	3	0	2	7	1	3309	-1350	33	93424	13	7	67	0	0	0	0	0	0	0	0	0	0	0	0	0	0	
1558.152000	8	6	3	0	2	7	1	3303	-1350	33	93485	13	7	69	0	0	0	0	0	0	0	0	0	0	0	0	0	0	
1559.138400	8	6	3	0	2	7	1	3297	-1350	33	93544	13	7	71	0	0	0	0	0	0	0	0	0	0	0	0	0	0	
1560.143517	8	6	3	0	2	7	1	3290	-1350	33	93604	13	7	72	0	0	0	0	0	0	0	0	0	0	0	0	0	0	
1561.148633	8	6	3	0	2	7	1	3283	-1349	33	93664	13	7	74	0	0	0	0	0	0	0	0	0	0	0	0	0	0	
1562.135033	8	6	3	0	2	7	1	3276	-1350	33	93724	13	7	76	0	0	0	0	0	0	0	0	0	0	0	0	0	0	
1563.140167	8	6	3	0	2	7	1	3267	-1350	33	93784	13	7	77	0	0	0	0	0	0	0	0	0	0	0	0	0	0	
1564.146717	8	6	3	0	2	7	1	3258	-1349	33	93844	13	7	79	0	0	0	0	0	0	0	0	0	0	0	0	0	0	
1565.151833	8	6	3	0	2	7	1	3248	-1349	33	93905	13	7	81	0	0	0	0	0	0	0	0	0	0	0	0	0	0	
1566.138233	8	6	3	0	2	7	1	3234	-1351	33	93964	13	7	82	0	0	0	0	0	0	0	0	0	0	0	0	0	0	
1567.143367	8	6	3	0	2	7	1	3217	-1348	33	94024	13	7	84	0	0	0	0	0	0	0	0	0	0	0	0	0	0	
1568.148483	8	6	3	0	2	7	1	3195	-1348	33	94084	13	7	86	0	0	0	0	0	0	0	0	0	0	0	0	0	0	
1569.153600	8	6	3	0	2	7	1	3167	-1349	33	94145	13	7	87	0	0	0	0	0	0	0	0	0	0	0	0	0	0	
1570.140000	8	6	3	0	2	7	1	3129	-1351	33	94204	13	7	89	0	0	0	0	0	0	0	0	0	0	0	0	0	0	
1571.145117	8	6	3	0	2	7	1	3069	-1350	33	94264	13	7	91	0	0	0	0	0	0	0	0	0	0	0	0	0	0	
1572.151683	8	6	3	0	2	7	1	2962	-1351	33	94325	13	7	92	0	0	0	0	0	0	0	0	0	0	0	0	0	0	
1573.138083	8	6	3	0	2	7	1	2690	-1349	33	94384	13	7	94	0	0	0	0	0	0	0	0	0	0	0	0	0	0	
1573.182717	8	15	3	0	1	31	2	2792	16	33	94386	14	7	94	0	0	0	0	0	0	0	0	0	0	0	0	0	0	
1573.202883	8	3	3	0	1	2	2	3260	673	33	94388	15	7	94	0	0	0	0	0	0	0	0	0	0	0	0	0	0	
1574.146083	8	3	3	0	1	2	2	3547	674	33	94444	15	7	94	0	0	0	0	0	0	0	0	0	0	0	0	0	0	
1575.151200	8	3	3	0	1	2	2	3658	674	33	94505	15	7	94	0	0	0	0	0	0	0	0	0	0	0	0	0	0	
1576.137600	8	3	3	0	1	2	2	3731	674	33	94564	15	7	94	0	0	0	0	0	0	0	0	0	0	0	0	0	0	
1577.144167	8	3	3	0	1	2	2	3787	675	33	94624	15	7	94	0	0	0	0	0	0	0	0	0	0	0	0	0	0	
1578.149283	8	3	3	0	1	2	2	3831	675	33	94684	15	7	94	0	0	0	0	0	0	0	0	0	0	0	0	0	0	
1579.154400	8	3	3	0	1	2	2	3865	675	33	94745	15	7	94	0	0	0	0	0	0	0	0	0	0	0	0	0	0	
1580.140800	8	3	3	0	1	2	2	3883	675	33	94804	15	7	94	0	0	0	0	0	0	0	0	0	0	0	0	0	0	
1581.145917	8	3	3	0	1	2	2	3892	675	33	94864	15	7	94	0	0	0	0	0	0	0	0	0	0	0	0	0	0	
1582.151033	8	3	3	0	1	2	2	3898	675	33	94925	15	7	94	0	0	0	0	0	0	0	0	0	0	0	0	0	0	
1583.137433	8	3	3	0	1	2	2	3902	674	33	94984	15	7	94	0	0	0	0	0	0	0	0	0	0	0	0	0	0	
1584.142567	8	3	3	0	1	2	2	3908	675	33	95044	15	7	94	0	0	0	0	0	0	0	0	0	0	0	0	0	0	
1585.149117	8	3	3	0	1	2	2	3912	676	33	95104	15	7	94	0	0	0	0	0	0	0	0	0	0	0	0	0	0	
1586.154233	8	3	3	0	1	2	2	3917	675	33	95165	15	7	94	0	0	0	0	0	0	0	0	0	0	0	0	0	0	
1587.140633	8	3	3	0	1	2	2	3922	674	33	95224	15	7	94	0	0	0	0	0	0	0	0	0	0	0	0	0	0	
1588.145767	8	3	3	0	1	2	2	3927	674	33	95284	15	7	94	0	0	0	0	0	0	0	0	0	0	0	0	0	0	
1589.150883	8	3	3	0	1	2	2	3933	675	33	95344	15	7	94	0	0	0	0	0	0	0	0	0	0	0	0	0	0	
1590.137283	8	3	3	0	1	2	2	3939	674	33	95404	15	7	94	0	0	0	0	0	0	0	0	0	0	0	0	0	0	
1591.142400	8	3	3	0	1	2	2	3944	674	33	95464	15	7	94	0	0	0	0	0	0	0	0	0	0	0	0	0	0	
1592.148967	8	3	3	0	1	2	2	3950	675	33	95524	15	7	94	0	0	0	0	0	0	0	0	0	0	0	0	0	0	
1593.154083	8	3	3	0	1	2	2	3956	674	33	95585	15	7	94	0	0	0	0	0	0	0	0	0	0	0	0	0	0	
1594.140483	8	3	3	0	1	2	2	3961	676	33	95644	15	7	94	0	0	0	0	0	0	0	0	0	0	0	0	0	0	
1595.145600	8	3	3	0	1	2	2	3966	674	33	95704	15	7	94	0	0	0	0	0	0	0	0	0	0	0	0	0	0	
1596.150717	8	3	3	0	1	2	2	3972	675	33	95764	15	7	94	0	0	0	0	0	0	0	0	0	0	0	0	0	0	
1597.155833	8	3	3	0	1	2	2	3976	674	33	95825	15	7	94	0	0	0	0	0	0	0	0	0	0	0	0	0	0	
1598.142233	8	3	3	0	1	2	2	3981	675	33	95884	15	7	94	0	0	0	0	0	0	0	0	0	0	0	0	0	0	
1599.148800	8	3	3	0	1	2	2	3985	675	33	95944	15	7	94	0	0	0	0	0	0	0	0	0	0	0	0	0	0	
1600.153917	8	3	3	0	1	2	2	3989	675	33	96005	15	7	94	0	0	0	0	0	0	0	0	0	0	0	0	0	0	
1601.140317	8	3	3	0	1	2	2	3992	675	33	96064	15	7	94	0	0	0	0	0	0	0	0	0	0	0	0	0	0	
1602.145433	8	3	3	0	1	2	2	3995	675	33	96124	15	7	94	0	0	0	0	0	0	0	0	0	0	0	0	0	0	
1603.150567	8	3	3	0	1	2	2	3998	675	33	96184	15	7	94	0	0	0	0	0	0	0	0	0	0	0	0	0	0	
1604.155683	8	3	3	0	1	2	2	4001	675	33	96245	15	7	94	0	0	0	0	0	0	0	0	0	0	0	0	0	0	
1605.142083	8	3	3	0	1	2	2	4003	674	33	96304	15	7	94	0	0	0	0	0	0	0	0	0	0	0	0	0	0	
1606.147200	8	3	3	0	1	2	2	4005	674	33	96364	15	7	94	0	0	0	0	0	0	0	0	0	0	0	0	0	0	
1607.152317	8	3	3	0	1	2	2	4008	675	33	96424	15	7	94	0	0	0	0	0	0	0	0	0	0	0	0	0	0	
1608.138717	8	3	3	0	1	2	2	4010	675	33	96484	15	7	94	0	0	0	0	0	0	0	0	0	0	0	0	0	0	
1609.143833	8	3	3	0	1	2	2	4012	675	33	96544	15	7	94	0	0	0	0	0	0	0	0	0	0	0	0	0	0	
1610.150400	8	3	3	0	1	2	2	4014	675	33	96604	15	7	94	0	0	0	0	0	0	0	0	0	0	0	0	0	0	
1611.155517	8	3	3	0	1	2	2	4017	674	33	96665	15	7	94	0	0	0	0	0	0	0	0	0	0	0	0	0	0	
1612.141917	8	3	3	0	1	2	2	4019	674	33	96724	15	7	94	0	0	0	0	0	0	0	0	0	0	0	0	0	0	
1613.147033	8	3	3	0	1	2	2	4022	674	33	96784	15	7	94	0	0	0	0	0	0	0	0	0	0	0	0	0	0	
1614.152167	8	3	3	0	1	2	2	4025	674	33	96844	15	7	94	0	0	0	0	0	0	0	0	0	0	0	0	0	0	
1615.157283	8	3	3	0	1	2	2	4028	674	33	96905	15	7	94	0	0	0	0	0	0	0	0	0	0	0	0	0	0	
1616.143683	8	3	3	0	1	2	2	4031	676	33	96964	15	7	94	0	0	0	0	0	0	0	0	0	0	0	0	0	0	
1617.148800	8	3	3	0	1	2	2	4033	674	33	97024	15	7	94	0	0	0	0	0	0	0	0	0	0	0	0	0	0	
1618.155367	8	3	3	0	1	2	2	4036	674	33	97085	15	7	94	0	0	0	0	0	0	0	0	0	0	0	0	0	0	
1619.141767	8	3	3	0	1	2	2	4039	675	33	97144	15	7	94	0	0	0	0	0	0	0	0	0	0	0	0	0	0	
1620.146883	8	3	3	0	1	2	2	4042	675	33	97204	15	7	94	0	0	0	0	0	0	0	0	0	0	0	0	0	0	
1621.152000	8	3	3	0	1	2	2	4044	674	33	97264	15	7	94	0	0	0	0	0	0	0	0	0	0	0	0	0	0	
1622.157117	8	3	3	0	1	2	2	4048	674	33	97325	15	7	94	0	0	0	0	0	0	0	0	0	0	0	0	0	0	
1623.143517	8	3	3	0	1	2	2	4051	675	33	97384	15	7	94	0	0	0	0	0	0	0	0	0	0	0	0	0	0	
1624.148633	8	3	3	0	1	2	2	4054	674	33	97444	15	7	94	0	0	0	0	0	0	0	0	0	0	0	0	0	0	
1625.153767	8	3	3	0	1	2	2	4057	675	33	97504	15	7	94	0	0	0	0	0	0	0	0	0	0	0	0	0	0	
1626.140167	8	3	3	0	1	2	2	4060	674	33	97564	15	7	94	0	0	0	0	0	0	0	0	0	0	0	0	0	0	
1627.146717	8	3	3	0	1	2	2	4064	674	33	97624	15	7	94	0	0	0	0	0	0	0	0	0	0	0	0	0	0	
1628.151833	8	3	3	0	1	2	2	4067	674	33	97684	15	7	94	0	0	0	0	0	0	0	0	0	0	0	0	0	0	
1629.156967	8	3	3	0	1	2	2	4071	676	33	97745	15	7	94	0	0	0	0	0	0	0	0	0	0	0	0	0	0	
1630.143367	8	3	3	0	1	2	2	4074	675	33	97804	15	7	94	0	0	0	0	0	0	0	0	0	0	0	0	0	0	
1631.148483	8	3	3	0	1	2	2	4077	674	33	97864	15	7	94	0	0	0	0	0	0	0	0	0	0	0	0	0	0	
1632.153600	8	3	3	0	1	2	2	4081	675	33	97924	15	7	94	0	0	0	0	0	0	0	0	0	0	0	0	0	0	
1633.140000	8	3	3	0	1	2	2	4085	675	33	97984	15	7	94	0	0	0	0	0	0	0	0	0	0	0	0	0	0	
1634.145117	8	3	3	0	1	2	2	4089	674	33	98044	15	7	94	0	0	0	0	0	0	0	0	0	0	0	0	0	0	
1635.151683	8	3	3	0	1	2	2	4093	675	33	98104	15	7	94	0	0	0	0	0	0	0	0	0	0	0	0	0	0	
1636.156800	8	3	3	0	1	2	2	4097	674	33	98165	15	7	94	0	0	0	0	0	0	0	0	0	0	0	0	0	0	
1637.143200	8	3	3	0	1	2	2	4101	674	33	98224	15	7	94	0	0	0	0	0	0	0	0	0	0	0	0	0	0	
1638.148317	8	3	3	0	1	2	2	4105	675	33	98284	15	7	94	0	0	0	0	0	0	0	0	0	0	0	0	0	0	
1639.153433	8	3	3	0	1	2	2	4109	674	33	98344	15	7	94	0	0	0	0	0	0	0	0	0	0	0	0	0	0	
1640.158567	8	3	3	0	1	2	2	4114	675	33	98405	15	7	94	0	0	0	0	0	0	0	0	0	0	0	0	0	0	
1641.144967	8	3	3	0	1	2	2	4116	669	33	98464	15	7	94	0	0	0	0	0	0	0	0	0	0	0	0	0	0	
1642.150083	8	3	3	0	1	2	2	4120	668	33	98524	15	7	94	0	0	0	0	0	0	0	0	0	0	0	0	0	0	
1643.155200	8	3	3	0	1	2	2	4124	666	33	98584	15	7	94	0	0	0	0	0	0	0	0	0	0	0	0	0	0	
1644.143033	8	3	3	0	1	2	2	4128	665	33	98644	15	7	94	0	0	0	0	0	0	0	0	0	0	0	0	0	0	
1645.148167	8	3	3	0	1	2	2	4132	664	33	98704	15	7	94	0	0	0	0	0	0	0	0	0	0	0	0	0	0	
1646.153283	8	3	3	0	1	2	2	4137	664	33	98764	15	7	94	0	0	0	0	0	0	0	0	0	0	0	0	0	0	
1647.158400	8	3	3	0	1	2	2	4142	662	33	98825	15	7	94	0	0	0	0	0	0	0	0	0	0	0	0	0	0	
1648.144800	8	3	3	0	1	2	2	4146	662	33	98884	15	7	94	0	0	0	0	0	0	0	0	0	0	0	0	0	0	
1649.149917	8	3	3	0	1	2	2	4151	660	33	98944	15	7	94	0	0	0	0	0	0	0	0	0	0	0	0	0	0	
1650.155033	8	3	3	0	1	2	2	4155	660	33	99004	15	7	94	0	0	0	0	0	0	0	0	0	0	0	0	0	0	
1651.142883	8	3	3	0	1	2	2	4161	660	33	99064	15	7	94	0	0	0	0	0	0	0	0	0	0	0	0	0	0	
1652.148000	8	3	3	0	1	2	2	4165	658	33	99124	15	7	94	0	0	0	0	0	0	0	0	0	0	0	0	0	0	
1653.153117	8	3	3	0	1	2	2	4170	658	33	99184	15	7	94	0	0	0	0	0	0	0	0	0	0	0	0	0	0	
1654.158233	8	3	3	0	1	2	2	4176	657	33	99245	15	7	94	0	0	0	0	0	0	0	0	0	0	0	0	0	0	
1655.144633	8	3	3	0	1	2	2	4180	656	33	99304	15	7	94	0	0	0	0	0	0	0	0	0	0	0	0	0	0	
1656.149767	8	3	3	0	1	2	2	4186	656	33	99364	15	7	94	0	0	0	0	0	0	0	0	0	0	0	0	0	0	
1657.154883	8	3	3	0	1	2	2	4191	654	33	99424	15	7	94	0	0	0	0	0	0	0	0	0	0	0	0	0	0	
1658.160000	8	3	3	0	1	2	2	4196	653	33	99485	15	7	94	0	0	0	0	0	0	0	0	0	0	0	0	0	0	
1659.147833	8	3	3	0	1	2	2	4198	641	33	99544	15	7	94	0	0	0	0	0	0	0	0	0	0	0	0	0	0	
1660.152967	8	3	3	0	1	2	2	4198	624	33	99604	15	7	94	0	0	0	0	0	0	0	0	0	0	0	0	0	0	
1661.158083	8	3	3	0	1	2	2	4198	608	33	99665	15	7	94	0	0	0	0	0	0	0	0	0	0	0	0	0	0	
1662.144483	8	3	3	0	1	2	2	4198	591	33	99724	15	7	94	0	0	0	0	0	0	0	0	0	0	0	0	0	0	
1663.149600	8	3	3	0	1	2	2	4198	577	33	99784	15	7	94	0	0	0	0	0	0	0	0	0	0	0	0	0	0	
1664.156167	8	3	3	0	1	2	2	4198	560	33	99844	15	7	94	0	0	0	0	0	0	0	0	0	0	0	0	0	0	
1665.142567	8	3	3	0	1	2	2	4199	544	33	99904	15	7	94	0	0	0	0	0	0	0	0	0	0	0	0	0	0	
1666.149117	8	3	3	0	1	2	2	4199	530	33	99964	15	7	94	0	0	0	0	0	0	0	0	0	0	0	0	0	0	
1667.154233	8	3	3	0	1	2	2	4199	514	33	100024	15	7	94	0	0	0	0	0	0	0	0	0	0	0	0	0	0	
1668.159367	8	3	3	0	1	2	2	4198	500	33	100085	15	7	94	0	0	0	0	0	0	0	0	0	0	0	0	0	0	
1669.145767	8	3	3	0	1	2	2	4199	485	33	100144	15	7	94	0	0	0	0	0	0	0	0	0	0	0	0	0	0	
1670.150883	8	3	3	0	1	2	2	4198	473	33	100204	15	7	94	0	0	0	0	0	0	0	0	0	0	0	0	0	0	
1671.156000	8	3	3	0	1	2	2	4199	458	33	100264	15	7	94	0	0	0	0	0	0	0	0	0	0	0	0	0	0	
1672.161117	8	3	3	0	1	2	2	4199	445	33	100325	15	7	94	0	0	0	0	0	0	0	0	0	0	0	0	0	0	
1673.147517	8	3	3	0	1	2	2	4198	433	33	100384	15	7	94	0	0	0	0	0	0	0	0	0	0	0	0	0	0	
1674.152633	8	3	3	0	1	2	2	4198	420	33	100444	15	7	94	0	0	0	0	0	0	0	0	0	0	0	0	0	0	
1675.157767	8	3	3	0	1	2	2	4198	407	33	100504	15	7	94	0	0	0	0	0	0	0	0	0	0	0	0	0	0	
1676.145600	8	3	3	0	1	2	2	4199	396	33	100564	15	7	94	0	0	0	0	0	0	0	0	0	0	0	0	0	0	
1677.150717	8	3	3	0	1	2	2	4199	383	33	100624	15	7	94	0	0	0	0	0	0	0	0	0	0	0	0	0	0	
1678.155833	8	3	3	0	1	2	2	4199	371	33	100684	15	7	94	0	0	0	0	0	0	0	0	0	0	0	0	0	0	
1679.160967	8	3	3	0	1	2	2	4198	360	33	100745	15	7	94	0	0	0	0	0	0	0	0	0	0	0	0	0	0	
1680.147367	8	3	3	0	1	2	2	4198	349	33	100804	15	7	94	0	0	0	0	0	0	0	0	0	0	0	0	0	0	
1681.152483	8	3	3	0	1	2	2	4198	339	33	100864	15	7	94	0	0	0	0	0	0	0	0	0	0	0	0	0	0	
1682.157600	8	3	3	0	1	2	2	4199	329	33	100924	15	7	94	0	0	0	0	0	0	0	0	0	0	0	0	0	0	
1683.144000	8	3	3	0	1	2	2	4199	318	33	100984	15	7	94	0	0	0	0	0	0	0	0	0	0	0	0	0	0	
1684.149117	8	3	3	0	1	2	2	4199	308	33	101044	15	7	94	0	0	0	0	0	0	0	0	0	0	0	0	0	0	
1685.154233	8	3	3	0	1	2	2	4198	299	33	101104	15	7	94	0	0	0	0	0	0	0	0	0	0	0	0	0	0	
1686.160800	8	3	3	0	1	2	2	4199	291	33	101165	15	7	94	0	0	0	0	0	0	0	0	0	0	0	0	0	0	
1687.147200	8	3	3	0	1	2	2	4199	282	33	101224	15	7	94	0	0	0	0	0	0	0	0	0	0	0	0	0	0	
1688.152317	8	3	3	0	1	2	2	4198	273	33	101284	15	7	94	0	0	0	0	0	0	0	0	0	0	0	0	0	0	
1689.157433	8	3	3	0	1	2	2	4199	265	33	101344	15	7	94	0	0	0	0	0	0	0	0	0	0	0	0	0	0	
1690.162567	8	3	3	0	1	2	2	4199	257	33	101405	15	7	94	0	0	0	0	0	0	0	0	0	0	0	0	0	0	
1691.148967	8	3	3	0	1	2	2	4199	249	33	101464	15	7	94	0	0	0	0	0	0	0	0	0	0	0	0	0	0	
1692.156967	8	3	3	0	1	2	2	4199	242	33	101524	15	7	94	0	0	0	0	0	0	0	0	0	0	0	0	0	0	
1693.162083	8	3	3	0	1	2	2	4199	235	33	101585	15	7	94	0	0	0	0	0	0	0	0	0	0	0	0	0	0	
1694.148483	8	3	3	0	1	2	2	4198	227	33	101644	15	7	94	0	0	0	0	0	0	0	0	0	0	0	0	0	0	
1695.153600	8	3	3	0	1	2	2	4199	219	33	101704	15	7	94	0	0	0	0	0	0	0	0	0	0	0	0	0	0	
1696.158717	8	3	3	0	1	2	2	4199	213	33	101764	15	7	94	0	0	0	0	0	0	0	0	0	0	0	0	0	0	
1697.163833	8	3	3	0	1	2	2	4199	207	33	101825	15	7	94	0	0	0	0	0	0	0	0	0	0	0	0	0	0	
1698.150233	8	3	3	0	1	2	2	4199	200	33	101884	15	7	94	0	0	0	0	0	0	0	0	0	0	0	0	0	0	
1699.155367	8	3	3	0	1	2	2	4199	195	33	101944	15	7	94	0	0	0	0	0	0	0	0	0	0	0	0	0	0	
1700.160483	8	3	3	0	1	2	2	4198	189	33	102005	15	7	94	0	0	0	0	0	0	0	0	0	0	0	0	0	0	
1701.146883	8	3	3	0	1	2	2	4199	183	33	102064	15	7	94	0	0	0	0	0	0	0	0	0	0	0	0	0	0	
1702.152000	8	3	3	0	1	2	2	4199	177	33	102124	15	7	94	0	0	0	0	0	0	0	0	0	0	0	0	0	0	
1703.157117	8	3	3	0	1	2	2	4199	172	33	102184	15	7	94	0	0	0	0	0	0	0	0	0	0	0	0	0	0	
1704.163683	8	3	3	0	1	2	2	4199	167	33	102245	15	7	94	0	0	0	0	0	0	0	0	0	0	0	0	0	0	
1705.150083	8	3	3	0	1	2	2	4198	161	33	102304	15	7	94	0	0	0	0	0	0	0	0	0	0	0	0	0	0	
1706.155200	8	3	3	0	1	2	2	4199	156	33	102364	15	7	94	0	0	0	0	0	0	0	0	0	0	0	0	0	0	
1707.160317	8	3	3	0	1	2	2	4199	153	33	102424	15	7	94	0	0	0	0	0	0	0	0	0	0	0	0	0	0	
1708.146717	8	3	3	0	1	2	2	4199	147	33	102484	15	7	94	0	0	0	0	0	0	0	0	0	0	0	0	0	0	
1709.151833	8	3	3	0	1	2	2	4199	142	33	102544	15	7	94	0	0	0	0	0	0	0	0	0	0	0	0	0	0	
1710.156967	8	3	3	0	1	2	2	4199	139	33	102604	15	7	94	0	0	0	0	0	0	0	0	0	0	0	0	0	0	
1711.162083	8	3	3	0	1	2	2	4199	134	33	102665	15	7	94	0	0	0	0	0	0	0	0	0	0	0	0	0	0	
1712.148483	8	3	3	0	1	2	2	4198	130	33	102724	15	7	94	0	0	0	0	0	0	0	0	0	0	0	0	0	0	
1713.155033	8	3	3	0	1	2	2	4199	126	33	102784	15	7	94	0	0	0	0	0	0	0	0	0	0	0	0	0	0	
1714.160167	8	3	3	0	1	2	2	4199	123	33	102844	15	7	94	0	0	0	0	0	0	0	0	0	0	0	0	0	0	
1715.165283	8	3	3	0	1	2	2	4199	119	33	102905	15	7	94	0	0	0	0	0	0	0	0	0	0	0	0	0	0	
1716.151683	8	3	3	0	1	2	2	4199	115	33	102964	15	7	94	0	0	0	0	0	0	0	0	0	0	0	0	0	0	
1717.156800	8	3	3	0	1	2	2	4198	111	33	103024	15	7	94	0	0	0	0	0	0	0	0	0	0	0	0	0	0	
1718.161917	8	3	3	0	1	2	2	4199	108	33	103085	15	7	94	0	0	0	0	0	0	0	0	0	0	0	0	0	0	
1719.148317	8	3	3	0	1	2	2	4199	104	33	103144	15	7	94	0	0	0	0	0	0	0	0	0	0	0	0	0	0	
1720.153433	8	3	3	0	1	2	2	4199	101	33	103204	15	7	94	0	0	0	0	0	0	0	0	0	0	0	0	0	0	
1721.158567	8	3	3	0	1	2	2	4198	98	33	103264	15	7	94	0	0	0	0	0	0	0	0	0	0	0	0	0	0	
1722.165117	8	3	3	0	1	2	2	4199	95	33	103325	15	7	94	0	0	0	0	0	0	0	0	0	0	0	0	0	0	
1723.151517	8	3	3	0	1	2	2	4199	91	33	103384	15	7	94	0	0	0	0	0	0	0	0	0	0	0	0	0	0	
1724.156633	8	3	3	0	1	2	2	4198	88	33	103444	15	7	94	0	0	0	0	0	0	0	0	0	0	0	0	0	0	
1725.161767	8	3	3	0	1	2	2	4199	88	33	103504	15	7	94	0	0	0	0	0	0	0	0	0	0	0	0	0	0	
1726.148167	8	3	3	0	1	2	2	4198	84	33	103564	15	7	94	0	0	0	0	0	0	0	0	0	0	0	0	0	0	
1727.153283	8	3	3	0	1	2	2	4199	82	33	103624	15	7	94	0	0	0	0	0	0	0	0	0	0	0	0	0	0	
1728.158400	8	3	3	0	1	2	2	4199	79	33	103684	15	7	94	0	0	0	0	0	0	0	0	0	0	0	0	0	0	
1729.164967	8	3	3	0	1	2	2	4199	78	33	103745	15	7	94	0	0	0	0	0	0	0	0	0	0	0	0	0	0	
1730.151367	8	3	3	0	1	2	2	4198	74	33	103804	15	7	94	0	0	0	0	0	0	0	0	0	0	0	0	0	0	
1731.156483	8	3	3	0	1	2	2	4199	72	33	103864	15	7	94	0	0	0	0	0	0	0	0	0	0	0	0	0	0	
1732.161600	8	3	3	0	1	2	2	4199	70	33	103924	15	7	94	0	0	0	0	0	0	0	0	0	0	0	0	0	0	
1733.166717	8	3	3	0	1	2	2	4199	67	33	103985	15	7	94	0	0	0	0	0	0	0	0	0	0	0	0	0	0	
1733.814717	8	6	3	0	2	7	1	3774	-1348	33	104024	15	8	0	0	0	0	0	0	0	0	0	0	0	0	0	0	0	
1734.154567	8	6	3	0	2	7	1	3761	-1348	33	104044	15	8	0	0	0	0	0	0	0	0	0	0	0	0	0	0	0	
1735.159683	8	6	3	0	2	7	1	3725	-1350	33	104104	15	8	2	0	0	0	0	0	0	0	0	0	0	0	0	0	0	
1736.166233	8	6	3	0	2	7	1	3697	-1348	33	104165	15	8	3	0	0	0	0	0	0	0	0	0	0	0	0	0	0	
1737.152633	8	6	3	0	2	7	1	3677	-1349	33	104224	15	8	5	0	0	0	0	0	0	0	0	0	0	0	0	0	0	
1738.157767	8	6	3	0	2	7	1	3663	-1350	33	104284	15	8	7	0	0	0	0	0	0	0	0	0	0	0	0	0	0	
1739.162883	8	6	3	0	2	7	1	3649	-1352	33	104344	15	8	8	0	0	0	0	0	0	0	0	0	0	0	0	0	0	
1740.149283	8	6	3	0	2	7	1	3631	-1350	33	104404	15	8	10	0	0	0	0	0	0	0	0	0	0	0	0	0	0	
1741.154400	8	6	3	0	2	7	1	3622	-1350	33	104464	15	8	12	0	0	0	0	0	0	0	0	0	0	0	0	0	0	
1742.159517	8	6	3	0	2	7	1	3613	-1349	33	104524	15	8	13	0	0	0	0	0	0	0	0	0	0	0	0	0	0	
1743.166083	8	6	3	0	2	7	1	3599	-1348	33	104585	15	8	15	0	0	0	0	0	0	0	0	0	0	0	0	0	0	
1744.152483	8	6	3	0	2	7	1	3591	-1350	33	104644	15	8	17	0	0	0	0	0	0	0	0	0	0	0	0	0	0	
1745.157600	8	6	3	0	2	7	1	3575	-1349	33	104704	15	8	18	0	0	0	0	0	0	0	0	0	0	0	0	0	0	
1746.162717	8	6	3	0	2	7	1	3561	-1349	33	104764	15	8	20	0	0	0	0	0	0	0	0	0	0	0	0	0	0	
1747.167833	8	6	3	0	2	7	1	3547	-1350	33	104825	15	8	22	0	0	0	0	0	0	0	0	0	0	0	0	0	0	
1748.154233	8	6	3	0	2	7	1	3533	-1348	33	104884	15	8	23	0	0	0	0	0	0	0	0	0	0	0	0	0	0	
1749.159367	8	6	3	0	2	7	1	3524	-1350	33	104944	15	8	25	0	0	0	0	0	0	0	0	0	0	0	0	0	0	
1750.164483	8	6	3	0	2	7	1	3512	-1350	33	105005	15	8	27	0	0	0	0	0	0	0	0	0	0	0	0	0	0	
1751.150883	8	6	3	0	2	7	1	3502	-1349	33	105064	15	8	28	0	0	0	0	0	0	0	0	0	0	0	0	0	0	
1752.156000	8	6	3	0	2	7	1	3490	-1349	33	105124	15	8	30	0	0	0	0	0	0	0	0	0	0	0	0	0	0	
1753.162567	8	6	3	0	2	7	1	3480	-1350	33	105184	15	8	32	0	0	0	0	0	0	0	0	0	0	0	0	0	0	
1754.167683	8	6	3	0	2	7	1	3470	-1350	33	105245	15	8	33	0	0	0	0	0	0	0	0	0	0	0	0	0	0	
1755.154083	8	6	3	0	2	7	1	3460	-1348	33	105304	15	8	35	0	0	0	0	0	0	0	0	0	0	0	0	0	0	
1756.159200	8	6	3	0	2	7	1	3449	-1349	33	105364	15	8	36	0	0	0	0	0	0	0	0	0	0	0	0	0	0	
1757.164317	8	6	3	0	2	7	1	3440	-1350	33	105424	15	8	38	0	0	0	0	0	0	0	0	0	0	0	0	0	0	
1758.150717	8	6	3	0	2	7	1	3430	-1349	33	105484	15	8	40	0	0	0	0	0	0	0	0	0	0	0	0	0	0	
1759.155833	8	6	3	0	2	7	1	3421	-1349	33	105544	15	8	41	0	0	0	0	0	0	0	0	0	0	0	0	0	0	
1760.162400	8	6	3	0	2	7	1	3412	-1350	33	105604	15	8	43	0	0	0	0	0	0	0	0	0	0	0	0	0	0	
1761.167517	8	6	3	0	2	7	1	3403	-1349	33	105665	15	8	45	0	0	0	0	0	0	0	0	0	0	0	0	0	0	
1762.153917	8	6	3	0	2	7	1	3395	-1349	33	105724	15	8	46	0	0	0	0	0	0	0	0	0	0	0	0	0	0	
1763.159033	8	6	3	0	2	7	1	3387	-1349	33	105784	15	8	48	0	0	0	0	0	0	0	0	0	0	0	0	0	0	
1764.164167	8	6	3	0	2	7	1	3379	-1349	33	105844	15	8	50	0	0	0	0	0	0	0	0	0	0	0	0	0	0	
1765.150567	8	6	3	0	2	7	1	3372	-1350	33	105904	15	8	51	0	0	0	0	0	0	0	0	0	0	0	0	0	0	
1766.161433	8	6	3	0	2	7	1	3365	-1350	33	105964	15	8	53	0	0	0	0	0	0	0	0	0	0	0	0	0	0	
1767.166567	8	6	3	0	2	7	1	3359	-1349	33	106025	15	8	55	0	0	0	0	0	0	0	0	0	0	0	0	0	0	
1768.152967	8	6	3	0	2	7	1	3352	-1351	33	106084	15	8	56	0	0	0	0	0	0	0	0	0	0	0	0	0	0	
1769.158083	8	6	3	0	2	7	1	3345	-1349	33	106144	15	8	58	0	0	0	0	0	0	0	0	0	0	0	0	0	0	
1770.163200	8	6	3	0	2	7	1	3340	-1348	33	106204	15	8	60	0	0	0	0	0	0	0	0	0	0	0	0	0	0	
1771.169767	8	6	3	0	2	7	1	3333	-1349	33	106265	15	8	61	0	0	0	0	0	0	0	0	0	0	0	0	0	0	
1772.156167	8	6	3	0	2	7	1	3328	-1348	33	106324	15	8	63	0	0	0	0	0	0	0	0	0	0	0	0	0	0	
1773.161283	8	6	3	0	2	7	1	3323	-1350	33	106384	15	8	65	0	0	0	0	0	0	0	0	0	0	0	0	0	0	
1774.166400	8	6	3	0	2	7	1	3317	-1349	33	106445	15	8	66	0	0	0	0	0	0	0	0	0	0	0	0	0	0	
1775.152800	8	6	3	0	2	7	1	3310	-1349	33	106504	15	8	68	0	0	0	0	0	0	0	0	0	0	0	0	0	0	
1776.157917	8	6	3	0	2	7	1	3304	-1350	33	106564	15	8	70	0	0	0	0	0	0	0	0	0	0	0	0	0	0	
1777.164483	8	6	3	0	2	7	1	3298	-1348	33	106624	15	8	71	0	0	0	0	0	0	0	0	0	0	0	0	0	0	
1778.153767	8	6	3	0	2	7	1	3291	-1349	33	106684	15	8	73	0	0	0	0	0	0	0	0	0	0	0	0	0	0	
1779.158883	8	6	3	0	2	7	1	3284	-1351	33	106744	15	8	75	0	0	0	0	0	0	0	0	0	0	0	0	0	0	
1780.164000	8	6	3	0	2	7	1	3276	-1350	33	106804	15	8	76	0	0	0	0	0	0	0	0	0	0	0	0	0	0	
1781.169117	8	6	3	0	2	7	1	3268	-1350	33	106865	15	8	78	0	0	0	0	0	0	0	0	0	0	0	0	0	0	
1782.155517	8	6	3	0	2	7	1	3259	-1349	33	106924	15	8	79	0	0	0	0	0	0	0	0	0	0	0	0	0	0	
1783.162083	8	6	3	0	2	7	1	3247	-1351	33	106984	15	8	81	0	0	0	0	0	0	0	0	0	0	0	0	0	0	
1784.167200	8	6	3	0	2	7	1	3232	-1350	33	107044	15	8	83	0	0	0	0	0	0	0	0	0	0	0	0	0	0	
1785.153600	8	6	3	0	2	7	1	3215	-1349	33	107104	15	8	84	0	0	0	0	0	0	0	0	0	0	0	0	0	0	
1786.158717	8	6	3	0	2	7	1	3192	-1351	33	107164	15	8	86	0	0	0	0	0	0	0	0	0	0	0	0	0	0	
1787.163833	8	6	3	0	2	7	1	3161	-1351	33	107224	15	8	88	0	0	0	0	0	0	0	0	0	0	0	0	0	0	
1788.168967	8	6	3	0	2	7	1	3118	-1349	33	107285	15	8	89	0	0	0	0	0	0	0	0	0	0	0	0	0	0	
1789.155367	8	6	3	0	2	7	1	3052	-1350	33	107344	15	8	91	0	0	0	0	0	0	0	0	0	0	0	0	0	0	
1790.160483	8	6	3	0	2	7	1	2925	-1350	33	107404	15	8	93	0	0	0	0	0	0	0	0	0	0	0	0	0	0	
1790.959683	8	15	3	0	1	31	2	2767	11	33	107452	16	8	94	0	0	0	0	0	0	0	0	0	0	0	0	0	0	
1790.979833	8	3	3	0	1	2	2	3252	666	33	107453	17	8	94	0	0	0	0	0	0	0	0	0	0	0	0	0	0	
1791.169917	8	3	3	0	1	2	2	3379	674	33	107465	17	8	94	0	0	0	0	0	0	0	0	0	0	0	0	0	0	
1792.156317	8	3	3	0	1	2	2	3579	675	33	107524	17	8	94	0	0	0	0	0	0	0	0	0	0	0	0	0	0	
1793.161433	8	3	3	0	1	2	2	3678	674	33	107584	17	8	94	0	0	0	0	0	0	0	0	0	0	0	0	0	0	
1794.166567	8	3	3	0	1	2	2	3746	674	33	107644	17	8	94	0	0	0	0	0	0	0	0	0	0	0	0	0	0	
1795.152967	8	3	3	0	1	2	2	3798	675	33	107704	17	8	94	0	0	0	0	0	0	0	0	0	0	0	0	0	0	
1796.158083	8	3	3	0	1	2	2	3839	675	33	107764	17	8	94	0	0	0	0	0	0	0	0	0	0	0	0	0	0	
1797.164633	8	3	3	0	1	2	2	3870	675	33	107824	17	8	94	0	0	0	0	0	0	0	0	0	0	0	0	0	0	
1798.169767	8	3	3	0	1	2	2	3885	674	33	107885	17	8	94	0	0	0	0	0	0	0	0	0	0	0	0	0	0	
1799.156167	8	3	3	0	1	2	2	3892	674	33	107944	17	8	94	0	0	0	0	0	0	0	0	0	0	0	0	0	0	
1800.161283	8	3	3	0	1	2	2	3897	676	33	108004	17	8	94	0	0	0	0	0	0	0	0	0	0	0	0	0	0	
1801.166400	8	3	3	0	1	2	2	3903	674	33	108064	17	8	94	0	0	0	0	0	0	0	0	0	0	0	0	0	0	
1802.171517	8	3	3	0	1	2	2	3908	675	33	108125	17	8	94	0	0	0	0	0	0	0	0	0	0	0	0	0	0	
5669.317433	8	3	3	0	1	2	2	3883	284	28	340136	17	8	94	0	0	0	0	0	0	0	0	0	0	0	0	0	0	
5669.451367	8	3	3	0	1	2	2	4089	675	28	340144	17	8	94	0	0	0	0	0	0	0	0	0	0	0	0	0	0	
5670.456483	8	3	3	0	1	2	2	4025	675	28	340204	17	8	94	0	0	0	0	0	0	0	0	0	0	0	0	0	0	
5671.461600	8	3	3	0	1	2	2	4065	674	28	340264	17	8	94	0	0	0	0	0	0	0	0	0	0	0	0	0	0	
5672.449433	8	3	3	0	1	2	2	4063	675	29	340324	17	8	94	0	0	0	0	0	0	0	0	0	0	0	0	0	0	
5673.454567	8	3	3	0	1	2	2	4053	674	29	340384	17	8	94	0	0	0	0	0	0	0	0	0	0	0	0	0	0	
5674.461117	8	3	3	0	1	2	2	4086	675	29	340444	17	8	94	0	0	0	0	0	0	0	0	0	0	0	0	0	0	
5675.466233	8	3	3	0	1	2	2	4073	675	29	340505	17	8	94	0	0	0	0	0	0	0	0	0	0	0	0	0	0	
5676.452633	8	3	3	0	1	2	2	4080	675	30	340564	17	8	94	0	0	0	0	0	0	0	0	0	0	0	0	0	0	
5677.457767	8	3	3	0	1	2	2	4066	675	29	340624	17	8	94	0	0	0	0	0	0	0	0	0	0	0	0	0	0	
5678.462883	8	3	3	0	1	2	2	4067	674	29	340684	17	8	94	0	0	0	0	0	0	0	0	0	0	0	0	0	0	
5679.468000	8	3	3	0	1	2	2	4072	676	30	340745	17	8	94	0	0	0	0	0	0	0	0	0	0	0	0	0	0	
5680.454400	8	3	3	0	1	2	2	4067	674	30	340804	17	8	94	0	0	0	0	0	0	0	0	0	0	0	0	0	0	
5681.459517	8	3	3	0	1	2	2	4074	675	31	340864	17	8	94	0	0	0	0	0	0	0	0	0	0	0	0	0	0	
5682.466083	8	3	3	0	1	2	2	4063	675	31	340924	17	8	94	0	0	0	0	0	0	0	0	0	0	0	0	0	0	
5683.452483	8	3	3	0	1	2	2	4069	675	31	340984	17	8	94	0	0	0	0	0	0	0	0	0	0	0	0	0	0	
5684.457600	8	3	3	0	1	2	2	4073	675	31	341044	17	8	94	0	0	0	0	0	0	0	0	0	0	0	0	0	0	
5685.462717	8	3	3	0	1	2	2	4069	675	32	341104	17	8	94	0	0	0	0	0	0	0	0	0	0	0	0	0	0	
5686.467833	8	3	3	0	1	2	2	4072	675	32	341165	17	8	94	0	0	0	0	0	0	0	0	0	0	0	0	0	0	
5687.454233	8	3	3	0	1	2	2	4075	675	32	341224	17	8	94	0	0	0	0	0	0	0	0	0	0	0	0	0	0	
5688.460800	8	3	3	0	1	2	2	4080	675	32	341284	17	8	94	0	0	0	0	0	0	0	0	0	0	0	0	0	0	
5689.465917	8	3	3	0	1	2	2	4079	675	33	341344	17	8	94	0	0	0	0	0	0	0	0	0	0	0	0	0	0	
5690.452317	8	3	3	0	1	2	2	4082	674	33	341404	17	8	94	0	0	0	0	0	0	0	0	0	0	0	0	0	0	
5691.457433	8	3	3	0	1	2	2	4091	675	33	341464	17	8	94	0	0	0	0	0	0	0	0	0	0	0	0	0	0	
5692.462567	8	3	3	0	1	2	2	4091	675	33	341524	17	8	94	0	0	0	0	0	0	0	0	0	0	0	0	0	0	
5693.467683	8	3	3	0	1	2	2	4093	674	33	341585	17	8	94	0	0	0	0	0	0	0	0	0	0	0	0	0	0	
5694.454083	8	3	3	0	1	2	2	4093	674	33	341644	17	8	94	0	0	0	0	0	0	0	0	0	0	0	0	0	0	
5695.459200	8	3	3	0	1	2	2	4096	675	33	341704	17	8	94	0	0	0	0	0	0	0	0	0	0	0	0	0	0	
5696.465767	8	3	3	0	1	2	2	4097	674	33	341764	17	8	94	0	0	0	0	0	0	0	0	0	0	0	0	0	0	
5697.470883	8	3	3	0	1	2	2	4102	674	33	341825	17	8	94	0	0	0	0	0	0	0	0	0	0	0	0	0	0	
5698.457283	8	3	3	0	1	2	2	4110	675	33	341884	17	8	94	0	0	0	0	0	0	0	0	0	0	0	0	0	0	
5699.462400	8	3	3	0	1	2	2	4111	674	33	341944	17	8	94	0	0	0	0	0	0	0	0	0	0	0	0	0	0	
5700.467517	8	3	3	0	1	2	2	4110	675	33	342005	17	8	94	0	0	0	0	0	0	0	0	0	0	0	0	0	0	
5701.453917	8	3	3	0	1	2	2	4115	675	33	342064	17	8	94	0	0	0	0	0	0	0	0	0	0	0	0	0	0	
5702.459033	8	3	3	0	1	2	2	4112	675	33	342124	17	8	94	0	0	0	0	0	0	0	0	0	0	0	0	0	0	
5703.464167	8	3	3	0	1	2	2	4114	675	33	342184	17	8	94	0	0	0	0	0	0	0	0	0	0	0	0	0	0	
5704.470717	8	3	3	0	1	2	2	4115	675	33	342245	17	8	94	0	0	0	0	0	0	0	0	0	0	0	0	0	0	
5705.457117	8	3	3	0	1	2	2	4116	675	33	342304	17	8	94	0	0	0	0	0	0	0	0	0	0	0	0	0	0	
5706.462233	8	3	3	0	1	2	2	4118	674	33	342364	17	8	94	0	0	0	0	0	0	0	0	0	0	0	0	0	0	
5707.467367	8	3	3	0	1	2	2	4117	668	33	342424	17	8	94	0	0	0	0	0	0	0	0	0	0	0	0	0	0	
5708.453767	8	3	3	0	1	2	2	4120	668	33	342484	17	8	94	0	0	0	0	0	0	0	0	0	0	0	0	0	0	
5709.458883	8	3	3	0	1	2	2	4122	666	33	342544	17	8	94	0	0	0	0	0	0	0	0	0	0	0	0	0	0	
5710.464000	8	3	3	0	1	2	2	4124	666	33	342604	17	8	94	0	0	0	0	0	0	0	0	0	0	0	0	0	0	
5711.469117	8	3	3	0	1	2	2	4128	666	33	342665	17	8	94	0	0	0	0	0	0	0	0	0	0	0	0	0	0	
5712.455517	8	3	3	0	1	2	2	4132	665	33	342724	17	8	94	0	0	0	0	0	0	0	0	0	0	0	0	0	0	
5713.460633	8	3	3	0	1	2	2	4135	664	33	342784	17	8	94	0	0	0	0	0	0	0	0	0	0	0	0	0	0	
5714.465767	8	3	3	0	1	2	2	4138	664	33	342844	17	8	94	0	0	0	0	0	0	0	0	0	0	0	0	0	0	
5715.453600	8	3	3	0	1	2	2	4141	663	33	342904	17	8	94	0	0	0	0	0	0	0	0	0	0	0	0	0	0	
5716.458717	8	3	3	0	1	2	2	4144	664	33	342964	17	8	94	0	0	0	0	0	0	0	0	0	0	0	0	0	0	
5717.463833	8	3	3	0	1	2	2	4147	663	33	343024	17	8	94	0	0	0	0	0	0	0	0	0	0	0	0	0	0	
5718.468967	8	3	3	0	1	2	2	4150	662	33	343085	17	8	94	0	0	0	0	0	0	0	0	0	0	0	0	0	0	
5719.455367	8	3	3	0	1	2	2	4154	662	33	343144	17	8	94	0	0	0	0	0	0	0	0	0	0	0	0	0	0	
5720.460483	8	3	3	0	1	2	2	4157	663	33	343204	17	8	94	0	0	0	0	0	0	0	0	0	0	0	0	0	0	
5721.465600	8	3	3	0	1	2	2	4161	662	33	343264	17	8	94	0	0	0	0	0	0	0	0	0	0	0	0	0	0	
5722.472167	8	3	3	0	1	2	2	4164	662	33	343325	17	8	94	0	0	0	0	0	0	0	0	0	0	0	0	0	0	
5723.458567	8	3	3	0	1	2	2	4168	660	33	343384	17	8	94	0	0	0	0	0	0	0	0	0	0	0	0	0	0	
5724.463683	8	3	3	0	1	2	2	4172	660	33	343444	17	8	94	0	0	0	0	0	0	0	0	0	0	0	0	0	0	
5725.468800	8	3	3	0	1	2	2	4176	660	33	343504	17	8	94	0	0	0	0	0	0	0	0	0	0	0	0	0	0	
5726.455200	8	3	3	0	1	2	2	4179	659	33	343564	17	8	94	0	0	0	0	0	0	0	0	0	0	0	0	0	0	
5727.460317	8	3	3	0	1	2	2	4184	658	33	343624	17	8	94	0	0	0	0	0	0	0	0	0	0	0	0	0	0	
5728.465433	8	3	3	0	1	2	2	4188	658	33	343684	17	8	94	0	0	0	0	0	0	0	0	0	0	0	0	0	0	
5729.470567	8	3	3	0	1	2	2	4192	658	33	343745	17	8	94	0	0	0	0	0	0	0	0	0	0	0	0	0	0	
5730.456967	8	3	3	0	1	2	2	4196	657	33	343804	17	8	94	0	0	0	0	0	0	0	0	0	0	0	0	0	0	
5731.463517	8	3	3	0	1	2	2	4198	651	33	343864	17	8	94	0	0	0	0	0	0	0	0	0	0	0	0	0	0	
5732.468633	8	3	3	0	1	2	2	4198	641	33	343924	17	8	94	0	0	0	0	0	0	0	0	0	0	0	0	0	0	
5733.455033	8	3	3	0	1	2	2	4198	631	33	343984	17	8	94	0	0	0	0	0	0	0	0	0	0	0	0	0	0	
5734.460167	8	3	3	0	1	2	2	4198	620	33	344044	17	8	94	0	0	0	0	0	0	0	0	0	0	0	0	0	0	
5735.465283	8	3	3	0	1	2	2	4198	610	33	344104	17	8	94	0	0	0	0	0	0	0	0	0	0	0	0	0	0	
5736.471833	8	3	3	0	1	2	2	4198	599	33	344165	17	8	94	0	0	0	0	0	0	0	0	0	0	0	0	0	0	
5737.458233	8	3	3	0	1	2	2	4198	589	33	344224	17	8	94	0	0	0	0	0	0	0	0	0	0	0	0	0	0	
5738.463367	8	3	3	0	1	2	2	4198	577	33	344284	17	8	94	0	0	0	0	0	0	0	0	0	0	0	0	0	0	
5739.468483	8	3	3	0	1	2	2	4199	566	33	344344	17	8	94	0	0	0	0	0	0	0	0	0	0	0	0	0	0	
5740.473600	8	3	3	0	1	2	2	4198	553	33	344405	17	8	94	0	0	0	0	0	0	0	0	0	0	0	0	0	0	
5741.460000	8	3	3	0	1	2	2	4198	543	33	344464	17	8	94	0	0	0	0	0	0	0	0	0	0	0	0	0	0	
5742.465117	8	3	3	0	1	2	2	4199	532	33	344524	17	8	94	0	0	0	0	0	0	0	0	0	0	0	0	0	0	
5743.470233	8	3	3	0	1	2	2	4198	521	33	344585	17	8	94	0	0	0	0	0	0	0	0	0	0	0	0	0	0	
5744.456633	8	3	3	0	1	2	2	4198	510	33	344644	17	8	94	0	0	0	0	0	0	0	0	0	0	0	0	0	0	
5745.463200	8	3	3	0	1	2	2	4199	500	33	344704	17	8	94	0	0	0	0	0	0	0	0	0	0	0	0	0	0	
5746.468317	8	3	3	0	1	2	2	4198	489	33	344764	17	8	94	0	0	0	0	0	0	0	0	0	0	0	0	0	0	
5747.473433	8	3	3	0	1	2	2	4198	478	33	344825	17	8	94	0	0	0	0	0	0	0	0	0	0	0	0	0	0	
5748.459833	8	3	3	0	1	2	2	4198	467	33	344884	17	8	94	0	0	0	0	0	0	0	0	0	0	0	0	0	0	
5749.464967	8	3	3	0	1	2	2	4199	456	33	344944	17	8	94	0	0	0	0	0	0	0	0	0	0	0	0	0	0	
5750.470083	8	3	3	0	1	2	2	4198	445	33	345004	17	8	94	0	0	0	0	0	0	0	0	0	0	0	0	0	0	
5751.456483	8	3	3	0	1	2	2	4199	434	33	345064	17	8	94	0	0	0	0	0	0	0	0	0	0	0	0	0	0	
5752.461600	8	3	3	0	1	2	2	4198	421	33	345124	17	8	94	0	0	0	0	0	0	0	0	0	0	0	0	0	0	
5753.468167	8	3	3	0	1	2	2	4198	407	33	345184	17	8	94	0	0	0	0	0	0	0	0	0	0	0	0	0	0	
5754.457433	8	3	3	0	1	2	2	4199	395	33	345244	17	8	94	0	0	0	0	0	0	0	0	0	0	0	0	0	0	
5755.462567	8	3	3	0	1	2	2	4199	384	33	345304	17	8	94	0	0	0	0	0	0	0	0	0	0	0	0	0	0	
5756.466233	8	3	3	0	1	2	2	4199	372	33	345364	17	8	94	0	0	0	0	0	0	0	0	0	0	0	0	0	0	
5757.462717	8	3	3	0	1	2	2	4198	362	33	345424	17	8	94	0	0	0	0	0	0	0	0	0	0	0	0	0	0	
5758.459200	8	3	3	0	1	2	2	4199	354	33	345484	17	8	94	0	0	0	0	0	0	0	0	0	0	0	0	0	0	
5759.472967	8	3	3	0	1	2	2	4199	344	33	345545	17	8	94	0	0	0	0	0	0	0	0	0	0	0	0	0	0	
5760.469433	8	3	3	0	1	2	2	4199	334	33	345604	17	8	94	0	0	0	0	0	0	0	0	0	0	0	0	0	0	
5761.464483	8	3	3	0	1	2	2	4198	326	33	345664	17	8	94	0	0	0	0	0	0	0	0	0	0	0	0	0	0	
5762.459517	8	3	3	0	1	2	2	4199	318	33	345724	17	8	94	0	0	0	0	0	0	0	0	0	0	0	0	0	0	
5763.474717	8	3	3	0	1	2	2	4199	310	33	345785	17	8	94	0	0	0	0	0	0	0	0	0	0	0	0	0	0	
5764.471200	8	3	3	0	1	2	2	4198	303	33	345844	17	8	94	0	0	0	0	0	0	0	0	0	0	0	0	0	0	
5765.466233	8	3	3	0	1	2	2	4199	296	33	345904	17	8	94	0	0	0	0	0	0	0	0	0	0	0	0	0	0	
5766.462717	8	3	3	0	1	2	2	4198	290	33	345964	17	8	94	0	0	0	0	0	0	0	0	0	0	0	0	0	0	
5767.473600	8	3	3	0	1	2	2	4198	283	33	346025	17	8	94	0	0	0	0	0	0	0	0	0	0	0	0	0	0	
5768.460000	8	3	3	0	1	2	2	4199	276	33	346084	17	8	94	0	0	0	0	0	0	0	0	0	0	0	0	0	0	
5769.466567	8	3	3	0	1	2	2	4199	270	33	346144	17	8	94	0	0	0	0	0	0	0	0	0	0	0	0	0	0	
5770.471683	8	3	3	0	1	2	2	4198	263	33	346204	17	8	94	0	0	0	0	0	0	0	0	0	0	0	0	0	0	
5771.458083	8	3	3	0	1	2	2	4199	257	33	346264	17	8	94	0	0	0	0	0	0	0	0	0	0	0	0	0	0	
5772.463200	8	3	3	0	1	2	2	4198	252	33	346324	17	8	94	0	0	0	0	0	0	0	0	0	0	0	0	0	0	
5773.468317	8	3	3	0	1	2	2	4199	246	33	346384	17	8	94	0	0	0	0	0	0	0	0	0	0	0	0	0	0	
5774.463367	8	3	3	0	1	2	2	4199	242	33	346444	17	8	94	0	0	0	0	0	0	0	0	0	0	0	0	0	0	
5775.465600	8	3	3	0	1	2	2	4198	236	33	346504	17	8	94	0	0	0	0	0	0	0	0	0	0	0	0	0	0	
5776.462083	8	3	3	0	1	2	2	4198	232	33	346564	17	8	94	0	0	0	0	0	0	0	0	0	0	0	0	0	0	
5777.477283	8	3	3	0	1	2	2	4198	226	33	346625	17	8	94	0	0	0	0	0	0	0	0	0	0	0	0	0	0	
5778.472317	8	3	3	0	1	2	2	4198	223	33	346684	17	8	94	0	0	0	0	0	0	0	0	0	0	0	0	0	0	
5779.473117	8	3	3	0	1	2	2	4198	218	33	346745	17	8	94	0	0	0	0	0	0	0	0	0	0	0	0	0	0	
5780.475367	8	3	3	0	1	2	2	4198	214	33	346805	17	8	94	0	0	0	0	0	0	0	0	0	0	0	0	0	0	
5781.460317	8	3	3	0	1	2	2	4198	210	33	346864	17	8	94	0	0	0	0	0	0	0	0	0	0	0	0	0	0	
5782.475517	8	3	3	0	1	2	2	4199	205	33	346925	17	8	94	0	0	0	0	0	0	0	0	0	0	0	0	0	0	
5783.470567	8	3	3	0	1	2	2	4198	200	33	346984	17	8	94	0	0	0	0	0	0	0	0	0	0	0	0	0	0	
5784.475683	8	3	3	0	1	2	2	4199	197	33	347045	17	8	94	0	0	0	0	0	0	0	0	0	0	0	0	0	0	
5785.470717	8	3	3	0	1	2	2	4198	193	33	347104	17	8	94	0	0	0	0	0	0	0	0	0	0	0	0	0	0	
5786.467200	8	3	3	0	1	2	2	4198	189	33	347164	17	8	94	0	0	0	0	0	0	0	0	0	0	0	0	0	0	
5787.465117	8	3	3	0	1	2	2	4199	186	33	347224	17	8	94	0	0	0	0	0	0	0	0	0	0	0	0	0	0	
5788.476000	8	3	3	0	1	2	2	4198	182	33	347285	17	8	94	0	0	0	0	0	0	0	0	0	0	0	0	0	0	
5789.471033	8	3	3	0	1	2	2	4198	178	33	347344	17	8	94	0	0	0	0	0	0	0	0	0	0	0	0	0	0	
5790.466083	8	3	3	0	1	2	2	4199	174	33	347404	17	8	94	0	0	0	0	0	0	0	0	0	0	0	0	0	0	
5791.461117	8	3	3	0	1	2	2	4198	171	33	347464	17	8	94	0	0	0	0	0	0	0	0	0	0	0	0	0	0	
5792.461917	8	3	3	0	1	2	2	4198	167	33	347524	17	8	94	0	0	0	0	0	0	0	0	0	0	0	0	0	0	
5793.472800	8	3	3	0	1	2	2	4198	163	33	347584	17	8	94	0	0	0	0	0	0	0	0	0	0	0	0	0	0	
5794.459200	8	3	3	0	1	2	2	4198	161	33	347644	17	8	94	0	0	0	0	0	0	0	0	0	0	0	0	0	0	
5795.460000	8	3	3	0	1	2	2	4198	158	33	347704	17	8	94	0	0	0	0	0	0	0	0	0	0	0	0	0	0	
5796.463683	8	3	3	0	1	2	2	4198	154	33	347764	17	8	94	0	0	0	0	0	0	0	0	0	0	0	0	0	0	
5797.460167	8	3	3	0	1	2	2	4198	152	33	347824	17	8	94	0	0	0	0	0	0	0	0	0	0	0	0	0	0	
5798.463833	8	3	3	0	1	2	2	4198	148	33	347884	17	8	94	0	0	0	0	0	0	0	0	0	0	0	0	0	0	
5799.460317	8	3	3	0	1	2	2	4198	145	33	347944	17	8	94	0	0	0	0	0	0	0	0	0	0	0	0	0	0	
5800.461117	8	3	3	0	1	2	2	4198	142	33	348004	17	8	94	0	0	0	0	0	0	0	0	0	0	0	0	0	0	
5801.469117	8	3	3	0	1	2	2	4199	140	33	348064	17	8	94	0	0	0	0	0	0	0	0	0	0	0	0	0	0	
5802.469917	8	3	3	0	1	2	2	4199	137	33	348124	17	8	94	0	0	0	0	0	0	0	0	0	0	0	0	0	0	
5803.463517	8	3	3	0	1	2	2	4198	133	33	348184	17	8	94	0	0	0	0	0	0	0	0	0	0	0	0	0	0	
5804.468633	8	3	3	0	1	2	2	4199	131	33	348244	17	8	94	0	0	0	0	0	0	0	0	0	0	0	0	0	0	
5805.472317	8	3	3	0	1	2	2	4199	128	33	348304	17	8	94	0	0	0	0	0	0	0	0	0	0	0	0	0	0	
5806.470233	8	3	3	0	1	2	2	4198	126	33	348364	17	8	94	0	0	0	0	0	0	0	0	0	0	0	0	0	0	
5807.466717	8	3	3	0	1	2	2	4199	123	33	348424	17	8	94	0	0	0	0	0	0	0	0	0	0	0	0	0	0	
5808.464633	8	3	3	0	1	2	2	4198	121	33	348484	17	8	94	0	0	0	0	0	0	0	0	0	0	0	0	0	0	
5809.461117	8	3	3	0	1	2	2	4198	117	33	348544	17	8	94	0	0	0	0	0	0	0	0	0	0	0	0	0	0	
5810.470567	8	3	3	0	1	2	2	4198	116	33	348604	17	8	94	0	0	0	0	0	0	0	0	0	0	0	0	0	0	
5811.459833	8	3	3	0	1	2	2	4198	113	33	348664	17	8	94	0	0	0	0	0	0	0	0	0	0	0	0	0	0	
5812.463517	8	3	3	0	1	2	2	4198	110	33	348724	17	8	94	0	0	0	0	0	0	0	0	0	0	0	0	0	0	
5813.470083	8	3	3	0	1	2	2	4198	109	33	348784	17	8	94	0	0	0	0	0	0	0	0	0	0	0	0	0	0	
5814.466567	8	3	3	0	1	2	2	4199	106	33	348844	17	8	94	0	0	0	0	0	0	0	0	0	0	0	0	0	0	
5815.477433	8	3	3	0	1	2	2	4198	103	33	348905	17	8	94	0	0	0	0	0	0	0	0	0	0	0	0	0	0	
5816.462400	8	3	3	0	1	2	2	4198	102	33	348964	17	8	94	0	0	0	0	0	0	0	0	0	0	0	0	0	0	
5817.463200	8	3	3	0	1	2	2	4198	99	33	349024	17	8	94	0	0	0	0	0	0	0	0	0	0	0	0	0	0	
5818.471200	8	3	3	0	1	2	2	4198	98	33	349084	17	8	94	0	0	0	0	0	0	0	0	0	0	0	0	0	0	
5819.476317	8	3	3	0	1	2	2	4198	96	33	349145	17	8	94	0	0	0	0	0	0	0	0	0	0	0	0	0	0	
5820.478567	8	3	3	0	1	2	2	4198	94	33	349205	17	8	94	0	0	0	0	0	0	0	0	0	0	0	0	0	0	
5821.473600	8	3	3	0	1	2	2	4198	92	33	349264	17	8	94	0	0	0	0	0	0	0	0	0	0	0	0	0	0	
5822.471517	8	3	3	0	1	2	2	4198	90	33	349324	17	8	94	0	0	0	0	0	0	0	0	0	0	0	0	0	0	
5823.476633	8	3	3	0	1	2	2	4198	88	33	349385	17	8	94	0	0	0	0	0	0	0	0	0	0	0	0	0	0	
5824.467367	8	3	3	0	1	2	2	4198	86	33	349444	17	8	94	0	0	0	0	0	0	0	0	0	0	0	0	0	0	
5825.472483	8	3	3	0	1	2	2	4198	84	33	349504	17	8	94	0	0	0	0	0	0	0	0	0	0	0	0	0	0	
5826.476167	8	3	3	0	1	2	2	4198	82	33	349564	17	8	94	0	0	0	0	0	0	0	0	0	0	0	0	0	0	
5827.471200	8	3	3	0	1	2	2	4199	80	33	349624	17	8	94	0	0	0	0	0	0	0	0	0	0	0	0	0	0	
5828.466233	8	3	3	0	1	2	2	4198	79	33	349684	17	8	94	0	0	0	0	0	0	0	0	0	0	0	0	0	0	
5829.468483	8	3	3	0	1	2	2	4199	78	33	349744	17	8	94	0	0	0	0	0	0	0	0	0	0	0	0	0	0	
5830.464967	8	3	3	0	1	2	2	4199	76	33	349804	17	8	94	0	0	0	0	0	0	0	0	0	0	0	0	0	0	
5831.462883	8	3	3	0	1	2	2	4198	73	33	349864	17	8	94	0	0	0	0	0	0	0	0	0	0	0	0	0	0	
5832.470883	8	3	3	0	1	2	2	4199	73	33	349924	17	8	94	0	0	0	0	0	0	0	0	0	0	0	0	0	0	
5833.465917	8	3	3	0	1	2	2	4199	71	33	349984	17	8	94	0	0	0	0	0	0	0	0	0	0	0	0	0	0	
5834.465283	8	3	3	0	1	2	2	4199	70	33	350044	17	8	94	0	0	0	0	0	0	0	0	0	0	0	0	0	0	
5835.470400	8	3	3	0	1	2	2	4198	68	33	350104	17	8	94	0	0	0	0	0	0	0	0	0	0	0	0	0	0	
5836.135683	8	6	3	0	2	7	1	4091	-186	33	350144	17	9	0	0	0	0	0	0	0	0	0	0	0	0	0	0	0	
5836.468317	8	6	3	0	2	7	1	3579	-1350	33	350164	17	9	0	0	0	0	0	0	0	0	0	0	0	0	0	0	0	
5837.464800	8	6	3	0	2	7	1	3659	-1349	33	350224	17	9	2	0	0	0	0	0	0	0	0	0	0	0	0	0	0	
5838.478567	8	6	3	0	2	7	1	3654	-1350	33	350285	17	9	3	0	0	0	0	0	0	0	0	0	0	0	0	0	0	
5839.475033	8	6	3	0	2	7	1	3649	-1350	33	350344	17	9	5	0	0	0	0	0	0	0	0	0	0	0	0	0	0	
5840.470083	8	6	3	0	2	7	1	3623	-1349	33	350404	17	9	7	0	0	0	0	0	0	0	0	0	0	0	0	0	0	
5841.466567	8	6	3	0	2	7	1	3623	-1349	33	350464	17	9	8	0	0	0	0	0	0	0	0	0	0	0	0	0	0	
5842.480317	8	6	3	0	2	7	1	3612	-1349	33	350525	17	9	10	0	0	0	0	0	0	0	0	0	0	0	0	0	0	
5843.478233	8	6	3	0	2	7	1	3593	-1350	33	350585	17	9	12	0	0	0	0	0	0	0	0	0	0	0	0	0	0	
5844.474717	8	6	3	0	2	7	1	3578	-1349	33	350644	17	9	13	0	0	0	0	0	0	0	0	0	0	0	0	0	0	
5845.469767	8	6	3	0	2	7	1	3573	-1351	33	350704	17	9	15	0	0	0	0	0	0	0	0	0	0	0	0	0	0	
5846.472000	8	6	3	0	2	7	1	3567	-1350	33	350764	17	9	17	0	0	0	0	0	0	0	0	0	0	0	0	0	0	
5847.477117	8	6	3	0	2	7	1	3559	-1350	33	350824	17	9	18	0	0	0	0	0	0	0	0	0	0	0	0	0	0	
5848.480800	8	6	3	0	2	7	1	3546	-1350	33	350885	17	9	20	0	0	0	0	0	0	0	0	0	0	0	0	0	0	
5849.480167	8	6	3	0	2	7	1	3534	-1349	33	350945	17	9	22	0	0	0	0	0	0	0	0	0	0	0	0	0	0	
5850.463683	8	6	3	0	2	7	1	3522	-1350	33	351004	17	9	23	0	0	0	0	0	0	0	0	0	0	0	0	0	0	
5851.465917	8	6	3	0	2	7	1	3510	-1349	33	351064	17	9	25	0	0	0	0	0	0	0	0	0	0	0	0	0	0	
5852.466717	8	6	3	0	2	7	1	3498	-1350	33	351124	17	9	27	0	0	0	0	0	0	0	0	0	0	0	0	0	0	
5853.476167	8	6	3	0	2	7	1	3487	-1351	33	351184	17	9	28	0	0	0	0	0	0	0	0	0	0	0	0	0	0	
5854.471200	8	6	3	0	2	7	1	3476	-1349	33	351244	17	9	30	0	0	0	0	0	0	0	0	0	0	0	0	0	0	
5855.467683	8	6	3	0	2	7	1	3465	-1350	33	351304	17	9	31	0	0	0	0	0	0	0	0	0	0	0	0	0	0	
5856.481433	8	6	3	0	2	7	1	3454	-1349	33	351365	17	9	33	0	0	0	0	0	0	0	0	0	0	0	0	0	0	
5857.463517	8	6	3	0	2	7	1	3444	-1349	33	351424	17	9	35	0	0	0	0	0	0	0	0	0	0	0	0	0	0	
5858.481600	8	6	3	0	2	7	1	3433	-1349	33	351485	17	9	36	0	0	0	0	0	0	0	0	0	0	0	0	0	0	
5859.479517	8	6	3	0	2	7	1	3424	-1349	33	351545	17	9	38	0	0	0	0	0	0	0	0	0	0	0	0	0	0	
5860.483200	8	6	3	0	2	7	1	3414	-1350	33	351605	17	9	40	0	0	0	0	0	0	0	0	0	0	0	0	0	0	
5861.478233	8	6	3	0	2	7	1	3405	-1351	33	351664	17	9	41	0	0	0	0	0	0	0	0	0	0	0	0	0	0	
5862.483367	8	6	3	0	2	7	1	3396	-1349	33	351725	17	9	43	0	0	0	0	0	0	0	0	0	0	0	0	0	0	
5863.478400	8	6	3	0	2	7	1	3388	-1350	33	351784	17	9	45	0	0	0	0	0	0	0	0	0	0	0	0	0	0	
5864.472000	8	6	3	0	2	7	1	3380	-1350	33	351844	17	9	46	0	0	0	0	0	0	0	0	0	0	0	0	0	0	
5865.477117	8	6	3	0	2	7	1	3372	-1351	33	351904	17	9	48	0	0	0	0	0	0	0	0	0	0	0	0	0	0	
5866.472167	8	6	3	0	2	7	1	3365	-1349	33	351964	17	9	50	0	0	0	0	0	0	0	0	0	0	0	0	0	0	
5867.471517	8	6	3	0	2	7	1	3357	-1349	33	352024	17	9	51	0	0	0	0	0	0	0	0	0	0	0	0	0	0	
5868.470883	8	6	3	0	2	7	1	3351	-1350	33	352084	17	9	53	0	0	0	0	0	0	0	0	0	0	0	0	0	0	
5869.465917	8	6	3	0	2	7	1	3344	-1350	33	352144	17	9	55	0	0	0	0	0	0	0	0	0	0	0	0	0	0	
5870.481117	8	6	3	0	2	7	1	3338	-1349	33	352205	17	9	56	0	0	0	0	0	0	0	0	0	0	0	0	0	0	
5871.476167	8	6	3	0	2	7	1	3332	-1350	33	352264	17	9	58	0	0	0	0	0	0	0	0	0	0	0	0	0	0	
5872.472633	8	6	3	0	2	7	1	3326	-1349	33	352324	17	9	60	0	0	0	0	0	0	0	0	0	0	0	0	0	0	
5873.474883	8	6	3	0	2	7	1	3320	-1349	33	352384	17	9	61	0	0	0	0	0	0	0	0	0	0	0	0	0	0	
5874.480000	8	6	3	0	2	7	1	3314	-1348	33	352445	17	9	63	0	0	0	0	0	0	0	0	0	0	0	0	0	0	
5875.475033	8	6	3	0	2	7	1	3308	-1351	33	352504	17	9	64	0	0	0	0	0	0	0	0	0	0	0	0	0	0	
5876.478717	8	6	3	0	2	7	1	3302	-1351	33	352564	17	9	66	0	0	0	0	0	0	0	0	0	0	0	0	0	0	
5877.479517	8	6	3	0	2	7	1	3296	-1350	33	352624	17	9	68	0	0	0	0	0	0	0	0	0	0	0	0	0	0	
5878.477433	8	6	3	0	2	7	1	3290	-1350	33	352684	17	9	70	0	0	0	0	0	0	0	0	0	0	0	0	0	0	
5879.475367	8	6	3	0	2	7	1	3283	-1351	33	352744	17	9	71	0	0	0	0	0	0	0	0	0	0	0	0	0	0	
5880.479033	8	6	3	0	2	7	1	3276	-1350	33	352804	17	9	73	0	0	0	0	0	0	0	0	0	0	0	0	0	0	
5881.479833	8	6	3	0	2	7	1	3269	-1349	33	352864	17	9	75	0	0	0	0	0	0	0	0	0	0	0	0	0	0	
5882.467683	8	6	3	0	2	7	1	3262	-1351	33	352924	17	9	76	0	0	0	0	0	0	0	0	0	0	0	0	0	0	
5883.482883	8	6	3	0	2	7	1	3252	-1349	33	352985	17	9	78	0	0	0	0	0	0	0	0	0	0	0	0	0	0	
5884.479367	8	6	3	0	2	7	1	3242	-1350	33	353044	17	9	79	0	0	0	0	0	0	0	0	0	0	0	0	0	0	
5885.474400	8	6	3	0	2	7	1	3229	-1348	33	353104	17	9	81	0	0	0	0	0	0	0	0	0	0	0	0	0	0	
5886.469433	8	6	3	0	2	7	1	3213	-1349	33	353164	17	9	83	0	0	0	0	0	0	0	0	0	0	0	0	0	0	
5887.480317	8	6	3	0	2	7	1	3193	-1349	33	353224	17	9	84	0	0	0	0	0	0	0	0	0	0	0	0	0	0	
5888.484000	8	6	3	0	2	7	1	3168	-1349	33	353285	17	9	86	0	0	0	0	0	0	0	0	0	0	0	0	0	0	
5889.479033	8	6	3	0	2	7	1	3134	-1349	33	353344	17	9	88	0	0	0	0	0	0	0	0	0	0	0	0	0	0	
5890.475517	8	6	3	0	2	7	1	3082	-1347	33	353404	17	9	89	0	0	0	0	0	0	0	0	0	0	0	0	0	0	
5891.477767	8	6	3	0	2	7	1	2994	-1350	33	353464	17	9	91	0	0	0	0	0	0	0	0	0	0	0	0	0	0	
5892.474233	8	6	3	0	2	7	1	2807	-1350	33	353524	17	9	93	0	0	0	0	0	0	0	0	0	0	0	0	0	0	
5892.804000	8	15	3	0	1	31	2	3128	179	33	353544	19	9	93	0	0	0	0	0	0	0	0	0	0	0	0	0	0	
5892.825600	8	3	3	0	1	2	2	3309	676	33	353545	19	9	93	0	0	0	0	0	0	0	0	0	0	0	0	0	0	
5893.473600	8	3	3	0	1	2	2	3525	673	33	353584	19	9	93	0	0	0	0	0	0	0	0	0	0	0	0	0	0	
5894.468633	8	3	3	0	1	2	2	3654	675	33	353644	19	9	93	0	0	0	0	0	0	0	0	0	0	0	0	0	0	
5895.468000	8	3	3	0	1	2	2	3737	676	33	353704	19	9	93	0	0	0	0	0	0	0	0	0	0	0	0	0	0	
5896.484633	8	3	3	0	1	2	2	3795	674	33	353765	19	9	93	0	0	0	0	0	0	0	0	0	0	0	0	0	0	
5897.475367	8	3	3	0	1	2	2	3837	675	33	353824	19	9	93	0	0	0	0	0	0	0	0	0	0	0	0	0	0	
5898.480483	8	3	3	0	1	2	2	3872	675	33	353884	19	9	93	0	0	0	0	0	0	0	0	0	0	0	0	0	0	
5899.484167	8	3	3	0	1	2	2	3894	675	33	353945	19	9	93	0	0	0	0	0	0	0	0	0	0	0	0	0	0	
5900.479200	8	3	3	0	1	2	2	3902	673	33	354004	19	9	93	0	0	0	0	0	0	0	0	0	0	0	0	0	0	
5901.471367	8	3	3	0	1	2	2	3908	674	33	354064	19	9	93	0	0	0	0	0	0	0	0	0	0	0	0	0	0	
5902.485117	8	3	3	0	1	2	2	3913	675	33	354125	19	9	93	0	0	0	0	0	0	0	0	0	0	0	0	0	0	
5903.481600	8	3	3	0	1	2	2	3917	674	33	354184	19	9	93	0	0	0	0	0	0	0	0	0	0	0	0	0	0	
5904.476633	8	3	3	0	1	2	2	3922	673	33	354244	19	9	93	0	0	0	0	0	0	0	0	0	0	0	0	0	0	
5905.473117	8	3	3	0	1	2	2	3926	674	33	354304	19	9	93	0	0	0	0	0	0	0	0	0	0	0	0	0	0	
5906.468167	8	3	3	0	1	2	2	3931	675	33	354364	19	9	93	0	0	0	0	0	0	0	0	0	0	0	0	0	0	
5907.483367	8	3	3	0	1	2	2	3936	674	33	354425	19	9	93	0	0	0	0	0	0	0	0	0	0	0	0	0	0	
5908.478400	8	3	3	0	1	2	2	3940	674	33	354484	19	9	93	0	0	0	0	0	0	0	0	0	0	0	0	0	0	
5909.474883	8	3	3	0	1	2	2	3946	675	33	354544	19	9	93	0	0	0	0	0	0	0	0	0	0	0	0	0	0	
5910.469917	8	3	3	0	1	2	2	3951	674	33	354604	19	9	93	0	0	0	0	0	0	0	0	0	0	0	0	0	0	
5911.485117	8	3	3	0	1	2	2	3957	675	33	354665	19	9	93	0	0	0	0	0	0	0	0	0	0	0	0	0	0	
5912.480167	8	3	3	0	1	2	2	3962	675	33	354724	19	9	93	0	0	0	0	0	0	0	0	0	0	0	0	0	0	
5913.485283	8	3	3	0	1	2	2	3968	674	33	354785	19	9	93	0	0	0	0	0	0	0	0	0	0	0	0	0	0	
5914.471683	8	3	3	0	1	2	2	3973	674	33	354844	19	9	93	0	0	0	0	0	0	0	0	0	0	0	0	0	0	
5915.476800	8	3	3	0	1	2	2	3978	675	33	354904	19	9	93	0	0	0	0	0	0	0	0	0	0	0	0	0	0	
5916.481917	8	3	3	0	1	2	2	3983	674	33	354964	19	9	93	0	0	0	0	0	0	0	0	0	0	0	0	0	0	
5917.472633	8	3	3	0	1	2	2	3988	675	33	355024	19	9	93	0	0	0	0	0	0	0	0	0	0	0	0	0	0	
5918.477767	8	3	3	0	1	2	2	3991	674	33	355084	19	9	93	0	0	0	0	0	0	0	0	0	0	0	0	0	0	
5919.482883	8	3	3	0	1	2	2	3995	674	33	355144	19	9	93	0	0	0	0	0	0	0	0	0	0	0	0	0	0	
5920.469283	8	3	3	0	1	2	2	3998	675	33	355204	19	9	93	0	0	0	0	0	0	0	0	0	0	0	0	0	0	
5921.477283	8	3	3	0	1	2	2	4001	674	33	355264	19	9	93	0	0	0	0	0	0	0	0	0	0	0	0	0	0	
5922.482400	8	3	3	0	1	2	2	4004	675	33	355324	19	9	93	0	0	0	0	0	0	0	0	0	0	0	0	0	0	
5923.487517	8	3	3	0	1	2	2	4007	675	33	355385	19	9	93	0	0	0	0	0	0	0	0	0	0	0	0	0	0	
5924.473917	8	3	3	0	1	2	2	4009	675	33	355444	19	9	93	0	0	0	0	0	0	0	0	0	0	0	0	0	0	
5925.479033	8	3	3	0	1	2	2	4012	675	33	355504	19	9	93	0	0	0	0	0	0	0	0	0	0	0	0	0	0	
5926.484167	8	3	3	0	1	2	2	4014	674	33	355565	19	9	93	0	0	0	0	0	0	0	0	0	0	0	0	0	0	
5927.470567	8	3	3	0	1	2	2	4016	674	33	355624	19	9	93	0	0	0	0	0	0	0	0	0	0	0	0	0	0	
5928.477117	8	3	3	0	1	2	2	4018	674	33	355684	19	9	93	0	0	0	0	0	0	0	0	0	0	0	0	0	0	
5929.482233	8	3	3	0	1	2	2	4020	674	33	355744	19	9	93	0	0	0	0	0	0	0	0	0	0	0	0	0	0	
5930.487367	8	3	3	0	1	2	2	4023	674	33	355805	19	9	93	0	0	0	0	0	0	0	0	0	0	0	0	0	0	
5931.473767	8	3	3	0	1	2	2	4025	674	33	355864	19	9	93	0	0	0	0	0	0	0	0	0	0	0	0	0	0	
5932.478883	8	3	3	0	1	2	2	4028	676	33	355924	19	9	93	0	0	0	0	0	0	0	0	0	0	0	0	0	0	
5933.484000	8	3	3	0	1	2	2	4030	674	33	355984	19	9	93	0	0	0	0	0	0	0	0	0	0	0	0	0	0	
5934.470400	8	3	3	0	1	2	2	4032	674	33	356044	19	9	93	0	0	0	0	0	0	0	0	0	0	0	0	0	0	
5935.476967	8	3	3	0	1	2	2	4035	676	33	356104	19	9	93	0	0	0	0	0	0	0	0	0	0	0	0	0	0	
5936.482083	8	3	3	0	1	2	2	4038	675	33	356164	19	9	93	0	0	0	0	0	0	0	0	0	0	0	0	0	0	
5937.487200	8	3	3	0	1	2	2	4040	674	33	356225	19	9	93	0	0	0	0	0	0	0	0	0	0	0	0	0	0	
5938.473600	8	3	3	0	1	2	2	4043	675	33	356284	19	9	93	0	0	0	0	0	0	0	0	0	0	0	0	0	0	
5939.478717	8	3	3	0	1	2	2	4046	674	33	356344	19	9	93	0	0	0	0	0	0	0	0	0	0	0	0	0	0	
5940.485283	8	3	3	0	1	2	2	4049	675	33	356404	19	9	93	0	0	0	0	0	0	0	0	0	0	0	0	0	0	
5941.471683	8	3	3	0	1	2	2	4052	675	33	356464	19	9	93	0	0	0	0	0	0	0	0	0	0	0	0	0	0	
5942.476800	8	3	3	0	1	2	2	4055	674	33	356524	19	9	93	0	0	0	0	0	0	0	0	0	0	0	0	0	0	
5943.481917	8	3	3	0	1	2	2	4058	674	33	356584	19	9	93	0	0	0	0	0	0	0	0	0	0	0	0	0	0	
5944.487033	8	3	3	0	1	2	2	4061	675	33	356645	19	9	93	0	0	0	0	0	0	0	0	0	0	0	0	0	0	
5945.473433	8	3	3	0	1	2	2	4064	674	33	356704	19	9	93	0	0	0	0	0	0	0	0	0	0	0	0	0	0	
5946.478567	8	3	3	0	1	2	2	4067	674	33	356764	19	9	93	0	0	0	0	0	0	0	0	0	0	0	0	0	0	
5947.485117	8	3	3	0	1	2	2	4071	674	33	356824	19	9	93	0	0	0	0	0	0	0	0	0	0	0	0	0	0	
5948.471517	8	3	3	0	1	2	2	4074	675	33	356884	19	9	93	0	0	0	0	0	0	0	0	0	0	0	0	0	0	
5949.476633	8	3	3	0	1	2	2	4078	675	33	356944	19	9	93	0	0	0	0	0	0	0	0	0	0	0	0	0	0	
5950.481767	8	3	3	0	1	2	2	4081	675	33	357004	19	9	93	0	0	0	0	0	0	0	0	0	0	0	0	0	0	
5951.486883	8	3	3	0	1	2	2	4085	675	33	357065	19	9	93	0	0	0	0	0	0	0	0	0	0	0	0	0	0	
5952.473283	8	3	3	0	1	2	2	4088	674	33	357124	19	9	93	0	0	0	0	0	0	0	0	0	0	0	0	0	0	
5953.478400	8	3	3	0	1	2	2	4092	675	33	357184	19	9	93	0	0	0	0	0	0	0	0	0	0	0	0	0	0	
5954.484967	8	3	3	0	1	2	2	4095	675	33	357244	19	9	93	0	0	0	0	0	0	0	0	0	0	0	0	0	0	
5955.490083	8	3	3	0	1	2	2	4099	674	33	357305	19	9	93	0	0	0	0	0	0	0	0	0	0	0	0	0	0	
5956.476483	8	3	3	0	1	2	2	4103	675	33	357364	19	9	93	0	0	0	0	0	0	0	0	0	0	0	0	0	0	
5957.481600	8	3	3	0	1	2	2	4107	674	33	357424	19	9	93	0	0	0	0	0	0	0	0	0	0	0	0	0	0	
5958.486717	8	3	3	0	1	2	2	4111	674	33	357485	19	9	93	0	0	0	0	0	0	0	0	0	0	0	0	0	0	
5959.473117	8	3	3	0	1	2	2	4116	674	33	357544	19	9	93	0	0	0	0	0	0	0	0	0	0	0	0	0	0	
5960.478233	8	3	3	0	1	2	2	4117	666	33	357604	19	9	93	0	0	0	0	0	0	0	0	0	0	0	0	0	0	
5961.484800	8	3	3	0	1	2	2	4121	665	33	357664	19	9	93	0	0	0	0	0	0	0	0	0	0	0	0	0	0	
5962.489917	8	3	3	0	1	2	2	4125	664	33	357725	19	9	93	0	0	0	0	0	0	0	0	0	0	0	0	0	0	
5963.476317	8	3	3	0	1	2	2	4129	663	33	357784	19	9	93	0	0	0	0	0	0	0	0	0	0	0	0	0	0	
5964.481433	8	3	3	0	1	2	2	4134	664	33	357844	19	9	93	0	0	0	0	0	0	0	0	0	0	0	0	0	0	
5965.486567	8	3	3	0	1	2	2	4138	663	33	357904	19	9	93	0	0	0	0	0	0	0	0	0	0	0	0	0	0	
5966.474400	8	3	3	0	1	2	2	4142	662	33	357964	19	9	93	0	0	0	0	0	0	0	0	0	0	0	0	0	0	
5967.479517	8	3	3	0	1	2	2	4147	661	33	358024	19	9	93	0	0	0	0	0	0	0	0	0	0	0	0	0	0	
5968.484633	8	3	3	0	1	2	2	4152	660	33	358084	19	9	93	0	0	0	0	0	0	0	0	0	0	0	0	0	0	
5969.489767	8	3	3	0	1	2	2	4157	660	33	358145	19	9	93	0	0	0	0	0	0	0	0	0	0	0	0	0	0	
5970.476167	8	3	3	0	1	2	2	4161	660	33	358204	19	9	93	0	0	0	0	0	0	0	0	0	0	0	0	0	0	
5971.481283	8	3	3	0	1	2	2	4166	659	33	358264	19	9	93	0	0	0	0	0	0	0	0	0	0	0	0	0	0	
5972.486400	8	3	3	0	1	2	2	4171	658	33	358324	19	9	93	0	0	0	0	0	0	0	0	0	0	0	0	0	0	
5973.472800	8	3	3	0	1	2	2	4176	658	33	358384	19	9	93	0	0	0	0	0	0	0	0	0	0	0	0	0	0	
5974.479367	8	3	3	0	1	2	2	4181	656	33	358444	19	9	93	0	0	0	0	0	0	0	0	0	0	0	0	0	0	
5975.484483	8	3	3	0	1	2	2	4186	655	33	358504	19	9	93	0	0	0	0	0	0	0	0	0	0	0	0	0	0	
5976.489600	8	3	3	0	1	2	2	4192	656	33	358565	19	9	93	0	0	0	0	0	0	0	0	0	0	0	0	0	0	
5977.476000	8	3	3	0	1	2	2	4197	655	33	358624	19	9	93	0	0	0	0	0	0	0	0	0	0	0	0	0	0	
5978.481117	8	3	3	0	1	2	2	4198	642	33	358684	19	9	93	0	0	0	0	0	0	0	0	0	0	0	0	0	0	
5979.486233	8	3	3	0	1	2	2	4198	625	33	358744	19	9	93	0	0	0	0	0	0	0	0	0	0	0	0	0	0	
5980.492800	8	3	3	0	1	2	2	4198	608	33	358805	19	9	93	0	0	0	0	0	0	0	0	0	0	0	0	0	0	
5981.477767	8	3	3	0	1	2	2	4198	594	33	358864	19	9	93	0	0	0	0	0	0	0	0	0	0	0	0	0	0	
5982.484317	8	3	3	0	1	2	2	4198	578	33	358924	19	9	93	0	0	0	0	0	0	0	0	0	0	0	0	0	0	
5983.489433	8	3	3	0	1	2	2	4198	564	33	358985	19	9	93	0	0	0	0	0	0	0	0	0	0	0	0	0	0	
5984.475833	8	3	3	0	1	2	2	4198	548	33	359044	19	9	93	0	0	0	0	0	0	0	0	0	0	0	0	0	0	
5985.480967	8	3	3	0	1	2	2	4198	533	33	359104	19	9	93	0	0	0	0	0	0	0	0	0	0	0	0	0	0	
5986.486083	8	3	3	0	1	2	2	4199	519	33	359164	19	9	93	0	0	0	0	0	0	0	0	0	0	0	0	0	0	
5987.492633	8	3	3	0	1	2	2	4199	504	33	359225	19	9	93	0	0	0	0	0	0	0	0	0	0	0	0	0	0	
5988.479033	8	3	3	0	1	2	2	4198	491	33	359284	19	9	93	0	0	0	0	0	0	0	0	0	0	0	0	0	0	
5989.484167	8	3	3	0	1	2	2	4199	477	33	359344	19	9	93	0	0	0	0	0	0	0	0	0	0	0	0	0	0	
5990.489283	8	3	3	0	1	2	2	4199	464	33	359404	19	9	93	0	0	0	0	0	0	0	0	0	0	0	0	0	0	
5991.475683	8	3	3	0	1	2	2	4198	451	33	359464	19	9	93	0	0	0	0	0	0	0	0	0	0	0	0	0	0	
5992.480800	8	3	3	0	1	2	2	4199	438	33	359524	19	9	93	0	0	0	0	0	0	0	0	0	0	0	0	0	0	
5993.485917	8	3	3	0	1	2	2	4198	423	33	359584	19	9	93	0	0	0	0	0	0	0	0	0	0	0	0	0	0	
5994.492483	8	3	3	0	1	2	2	4198	411	33	359645	19	9	93	0	0	0	0	0	0	0	0	0	0	0	0	0	0	
5995.478883	8	3	3	0	1	2	2	4199	398	33	359704	19	9	93	0	0	0	0	0	0	0	0	0	0	0	0	0	0	
5996.484000	8	3	3	0	1	2	2	4198	386	33	359764	19	9	93	0	0	0	0	0	0	0	0	0	0	0	0	0	0	
5997.489117	8	3	3	0	1	2	2	4198	374	33	359824	19	9	93	0	0	0	0	0	0	0	0	0	0	0	0	0	0	
5998.475517	8	3	3	0	1	2	2	4198	363	33	359884	19	9	93	0	0	0	0	0	0	0	0	0	0	0	0	0	0	
5999.480633	8	3	3	0	1	2	2	4199	353	33	359944	19	9	93	0	0	0	0	0	0	0	0	0	0	0	0	0	0	
6000.485767	8	3	3	0	1	2	2	4199	342	33	360004	19	9	93	0	0	0	0	0	0	0	0	0	0	0	0	0	0	
6001.492317	8	3	3	0	1	2	2	4199	332	33	360065	19	9	93	0	0	0	0	0	0	0	0	0	0	0	0	0	0	
6002.478717	8	3	3	0	1	2	2	4198	321	33	360124	19	9	93	0	0	0	0	0	0	0	0	0	0	0	0	0	0	
6003.483833	8	3	3	0	1	2	2	4198	312	33	360184	19	9	93	0	0	0	0	0	0	0	0	0	0	0	0	0	0	
6004.488967	8	3	3	0	1	2	2	4198	303	33	360244	19	9	93	0	0	0	0	0	0	0	0	0	0	0	0	0	0	
6005.475367	8	3	3	0	1	2	2	4198	294	33	360304	19	9	93	0	0	0	0	0	0	0	0	0	0	0	0	0	0	
6006.480483	8	3	3	0	1	2	2	4198	286	33	360364	19	9	93	0	0	0	0	0	0	0	0	0	0	0	0	0	0	
6007.487033	8	3	3	0	1	2	2	4199	277	33	360424	19	9	93	0	0	0	0	0	0	0	0	0	0	0	0	0	0	
6008.492167	8	3	3	0	1	2	2	4199	270	33	360485	19	9	93	0	0	0	0	0	0	0	0	0	0	0	0	0	0	
6009.478567	8	3	3	0	1	2	2	4198	262	33	360544	19	9	93	0	0	0	0	0	0	0	0	0	0	0	0	0	0	
6010.483683	8	3	3	0	1	2	2	4198	255	33	360604	19	9	93	0	0	0	0	0	0	0	0	0	0	0	0	0	0	
6011.488800	8	3	3	0	1	2	2	4199	248	33	360664	19	9	93	0	0	0	0	0	0	0	0	0	0	0	0	0	0	
6012.493917	8	3	3	0	1	2	2	4198	240	33	360725	19	9	93	0	0	0	0	0	0	0	0	0	0	0	0	0	0	
6013.480317	8	3	3	0	1	2	2	4199	234	33	360784	19	9	93	0	0	0	0	0	0	0	0	0	0	0	0	0	0	
6014.485433	8	3	3	0	1	2	2	4199	226	33	360844	19	9	93	0	0	0	0	0	0	0	0	0	0	0	0	0	0	
6015.492000	8	3	3	0	1	2	2	4198	221	33	360905	19	9	93	0	0	0	0	0	0	0	0	0	0	0	0	0	0	
6016.478400	8	3	3	0	1	2	2	4198	213	33	360964	19	9	93	0	0	0	0	0	0	0	0	0	0	0	0	0	0	
6017.483517	8	3	3	0	1	2	2	4198	207	33	361024	19	9	93	0	0	0	0	0	0	0	0	0	0	0	0	0	0	
6018.488633	8	3	3	0	1	2	2	4199	201	33	361084	19	9	93	0	0	0	0	0	0	0	0	0	0	0	0	0	0	
6019.493767	8	3	3	0	1	2	2	4199	195	33	361145	19	9	93	0	0	0	0	0	0	0	0	0	0	0	0	0	0	
6020.480167	8	3	3	0	1	2	2	4199	190	33	361204	19	9	93	0	0	0	0	0	0	0	0	0	0	0	0	0	0	
6021.485283	8	3	3	0	1	2	2	4199	183	33	361264	19	9	93	0	0	0	0	0	0	0	0	0	0	0	0	0	0	
6022.491833	8	3	3	0	1	2	2	4199	178	33	361324	19	9	93	0	0	0	0	0	0	0	0	0	0	0	0	0	0	
6023.482567	8	3	3	0	1	2	2	4198	173	33	361384	19	9	93	0	0	0	0	0	0	0	0	0	0	0	0	0	0	
6024.487683	8	3	3	0	1	2	2	4198	167	33	361444	19	9	93	0	0	0	0	0	0	0	0	0	0	0	0	0	0	
6025.492800	8	3	3	0	1	2	2	4199	163	33	361505	19	9	93	0	0	0	0	0	0	0	0	0	0	0	0	0	0	
6026.479200	8	3	3	0	1	2	2	4199	159	33	361564	19	9	93	0	0	0	0	0	0	0	0	0	0	0	0	0	0	
6027.485767	8	3	3	0	1	2	2	4198	153	33	361624	19	9	93	0	0	0	0	0	0	0	0	0	0	0	0	0	0	
6028.490883	8	3	3	0	1	2	2	4198	149	33	361684	19	9	93	0	0	0	0	0	0	0	0	0	0	0	0	0	0	
6029.496000	8	3	3	0	1	2	2	4199	144	33	361745	19	9	93	0	0	0	0	0	0	0	0	0	0	0	0	0	0	
6030.482400	8	3	3	0	1	2	2	4199	140	33	361804	19	9	93	0	0	0	0	0	0	0	0	0	0	0	0	0	0	
6031.487517	8	3	3	0	1	2	2	4199	136	33	361864	19	9	93	0	0	0	0	0	0	0	0	0	0	0	0	0	0	
6032.492633	8	3	3	0	1	2	2	4198	132	33	361925	19	9	93	0	0	0	0	0	0	0	0	0	0	0	0	0	0	
6033.479033	8	3	3	0	1	2	2	4199	129	33	361984	19	9	93	0	0	0	0	0	0	0	0	0	0	0	0	0	0	
6034.485600	8	3	3	0	1	2	2	4199	124	33	362044	19	9	93	0	0	0	0	0	0	0	0	0	0	0	0	0	0	
6035.490717	8	3	3	0	1	2	2	4198	120	33	362104	19	9	93	0	0	0	0	0	0	0	0	0	0	0	0	0	0	
6036.495833	8	3	3	0	1	2	2	4198	116	33	362165	19	9	93	0	0	0	0	0	0	0	0	0	0	0	0	0	0	
6037.482233	8	3	3	0	1	2	2	4199	113	33	362224	19	9	93	0	0	0	0	0	0	0	0	0	0	0	0	0	0	
6038.487367	8	3	3	0	1	2	2	4199	110	33	362284	19	9	93	0	0	0	0	0	0	0	0	0	0	0	0	0	0	
6039.492483	8	3	3	0	1	2	2	4198	107	33	362344	19	9	93	0	0	0	0	0	0	0	0	0	0	0	0	0	0	
6040.478883	8	3	3	0	1	2	2	4199	104	33	362404	19	9	93	0	0	0	0	0	0	0	0	0	0	0	0	0	0	
6041.484000	8	3	3	0	1	2	2	4199	100	33	362464	19	9	93	0	0	0	0	0	0	0	0	0	0	0	0	0	0	
6042.490567	8	3	3	0	1	2	2	4198	97	33	362524	19	9	93	0	0	0	0	0	0	0	0	0	0	0	0	0	0	
6043.495683	8	3	3	0	1	2	2	4199	95	33	362585	19	9	93	0	0	0	0	0	0	0	0	0	0	0	0	0	0	
6044.482083	8	3	3	0	1	2	2	4198	91	33	362644	19	9	93	0	0	0	0	0	0	0	0	0	0	0	0	0	0	
6045.487200	8	3	3	0	1	2	2	4199	90	33	362704	19	9	93	0	0	0	0	0	0	0	0	0	0	0	0	0	0	
6046.493767	8	3	3	0	1	2	2	4198	87	33	362765	19	9	93	0	0	0	0	0	0	0	0	0	0	0	0	0	0	
6047.481600	8	3	3	0	1	2	2	4199	84	33	362824	19	9	93	0	0	0	0	0	0	0	0	0	0	0	0	0	0	
6048.486717	8	3	3	0	1	2	2	4198	81	33	362884	19	9	93	0	0	0	0	0	0	0	0	0	0	0	0	0	0	
6049.491833	8	3	3	0	1	2	2	4198	79	33	362944	19	9	93	0	0	0	0	0	0	0	0	0	0	0	0	0	0	
6050.496967	8	3	3	0	1	2	2	4198	77	33	363005	19	9	93	0	0	0	0	0	0	0	0	0	0	0	0	0	0	
6051.483367	8	3	3	0	1	2	2	4199	74	33	363064	19	9	93	0	0	0	0	0	0	0	0	0	0	0	0	0	0	
6052.488483	8	3	3	0	1	2	2	4198	73	33	363124	19	9	93	0	0	0	0	0	0	0	0	0	0	0	0	0	0	
6053.493600	8	3	3	0	1	2	2	4198	70	33	363184	19	9	93	0	0	0	0	0	0	0	0	0	0	0	0	0	0	
6054.480000	8	3	3	0	1	2	2	4199	69	33	363244	19	9	93	0	0	0	0	0	0	0	0	0	0	0	0	0	0	
6055.240317	8	6	3	0	2	7	1	3770	-1350	33	363289	19	10	0	0	0	0	0	0	0	0	0	0	0	0	0	0	0	
6055.488000	8	6	3	0	2	7	1	3758	-1350	33	363304	19	10	0	0	0	0	0	0	0	0	0	0	0	0	0	0	0	
6056.493117	8	6	3	0	2	7	1	3726	-1349	33	363364	19	10	2	0	0	0	0	0	0	0	0	0	0	0	0	0	0	
6057.498233	8	6	3	0	2	7	1	3707	-1350	33	363425	19	10	3	0	0	0	0	0	0	0	0	0	0	0	0	0	0	
6058.484633	8	6	3	0	2	7	1	3693	-1349	33	363484	19	10	5	0	0	0	0	0	0	0	0	0	0	0	0	0	0	
6059.489767	8	6	3	0	2	7	1	3673	-1349	33	363544	19	10	7	0	0	0	0	0	0	0	0	0	0	0	0	0	0	
6060.494883	8	6	3	0	2	7	1	3664	-1351	33	363605	19	10	8	0	0	0	0	0	0	0	0	0	0	0	0	0	0	
6061.481283	8	6	3	0	2	7	1	3654	-1349	33	363664	19	10	10	0	0	0	0	0	0	0	0	0	0	0	0	0	0	
6062.486400	8	6	3	0	2	7	1	3640	-1349	33	363724	19	10	12	0	0	0	0	0	0	0	0	0	0	0	0	0	0	
6063.492967	8	6	3	0	2	7	1	3625	-1350	33	363784	19	10	13	0	0	0	0	0	0	0	0	0	0	0	0	0	0	
6064.498083	8	6	3	0	2	7	1	3613	-1349	33	363845	19	10	15	0	0	0	0	0	0	0	0	0	0	0	0	0	0	
6065.484483	8	6	3	0	2	7	1	3601	-1348	33	363904	19	10	16	0	0	0	0	0	0	0	0	0	0	0	0	0	0	
6066.489600	8	6	3	0	2	7	1	3584	-1350	33	363964	19	10	18	0	0	0	0	0	0	0	0	0	0	0	0	0	0	
6067.494717	8	6	3	0	2	7	1	3573	-1350	33	364024	19	10	20	0	0	0	0	0	0	0	0	0	0	0	0	0	0	
6068.481117	8	6	3	0	2	7	1	3558	-1350	33	364084	19	10	21	0	0	0	0	0	0	0	0	0	0	0	0	0	0	
6069.487683	8	6	3	0	2	7	1	3547	-1349	33	364144	19	10	23	0	0	0	0	0	0	0	0	0	0	0	0	0	0	
6070.492800	8	6	3	0	2	7	1	3535	-1349	33	364204	19	10	25	0	0	0	0	0	0	0	0	0	0	0	0	0	0	
6071.497917	8	6	3	0	2	7	1	3522	-1350	33	364265	19	10	26	0	0	0	0	0	0	0	0	0	0	0	0	0	0	
6072.484317	8	6	3	0	2	7	1	3510	-1349	33	364324	19	10	28	0	0	0	0	0	0	0	0	0	0	0	0	0	0	
6073.489433	8	6	3	0	2	7	1	3497	-1349	33	364384	19	10	30	0	0	0	0	0	0	0	0	0	0	0	0	0	0	
6074.494567	8	6	3	0	2	7	1	3486	-1349	33	364444	19	10	31	0	0	0	0	0	0	0	0	0	0	0	0	0	0	
6075.480967	8	6	3	0	2	7	1	3476	-1349	33	364504	19	10	33	0	0	0	0	0	0	0	0	0	0	0	0	0	0	
6076.486083	8	6	3	0	2	7	1	3467	-1349	33	364564	19	10	35	0	0	0	0	0	0	0	0	0	0	0	0	0	0	
6077.492633	8	6	3	0	2	7	1	3458	-1349	33	364624	19	10	36	0	0	0	0	0	0	0	0	0	0	0	0	0	0	
6078.497767	8	6	3	0	2	7	1	3448	-1349	33	364685	19	10	38	0	0	0	0	0	0	0	0	0	0	0	0	0	0	
6079.484167	8	6	3	0	2	7	1	3439	-1349	33	364744	19	10	40	0	0	0	0	0	0	0	0	0	0	0	0	0	0	
6080.489283	8	6	3	0	2	7	1	3432	-1349	33	364804	19	10	41	0	0	0	0	0	0	0	0	0	0	0	0	0	0	
6081.494400	8	6	3	0	2	7	1	3424	-1349	33	364864	19	10	43	0	0	0	0	0	0	0	0	0	0	0	0	0	0	
6082.500967	8	6	3	0	2	7	1	3415	-1349	33	364925	19	10	45	0	0	0	0	0	0	0	0	0	0	0	0	0	0	
6083.485917	8	6	3	0	2	7	1	3407	-1349	33	364984	19	10	46	0	0	0	0	0	0	0	0	0	0	0	0	0	0	
6084.492483	8	6	3	0	2	7	1	3399	-1349	33	365044	19	10	48	0	0	0	0	0	0	0	0	0	0	0	0	0	0	
6085.497600	8	6	3	0	2	7	1	3391	-1350	33	365105	19	10	50	0	0	0	0	0	0	0	0	0	0	0	0	0	0	
6086.484000	8	6	3	0	2	7	1	3384	-1350	33	365164	19	10	51	0	0	0	0	0	0	0	0	0	0	0	0	0	0	
6087.489117	8	6	3	0	2	7	1	3377	-1348	33	365224	19	10	53	0	0	0	0	0	0	0	0	0	0	0	0	0	0	
6088.494233	8	6	3	0	2	7	1	3370	-1350	33	365284	19	10	54	0	0	0	0	0	0	0	0	0	0	0	0	0	0	
6089.499367	8	6	3	0	2	7	1	3364	-1348	33	365345	19	10	56	0	0	0	0	0	0	0	0	0	0	0	0	0	0	
6090.485767	8	6	3	0	2	7	1	3358	-1349	33	365404	19	10	58	0	0	0	0	0	0	0	0	0	0	0	0	0	0	
6091.492317	8	6	3	0	2	7	1	3351	-1349	33	365464	19	10	59	0	0	0	0	0	0	0	0	0	0	0	0	0	0	
6092.497433	8	6	3	0	2	7	1	3346	-1348	33	365524	19	10	61	0	0	0	0	0	0	0	0	0	0	0	0	0	0	
6093.483833	8	6	3	0	2	7	1	3340	-1349	33	365584	19	10	63	0	0	0	0	0	0	0	0	0	0	0	0	0	0	
6094.488967	8	6	3	0	2	7	1	3334	-1349	33	365644	19	10	64	0	0	0	0	0	0	0	0	0	0	0	0	0	0	
6095.494083	8	6	3	0	2	7	1	3328	-1349	33	365704	19	10	66	0	0	0	0	0	0	0	0	0	0	0	0	0	0	
6096.499200	8	6	3	0	2	7	1	3322	-1350	33	365765	19	10	68	0	0	0	0	0	0	0	0	0	0	0	0	0	0	
6097.485600	8	6	3	0	2	7	1	3316	-1349	33	365824	19	10	69	0	0	0	0	0	0	0	0	0	0	0	0	0	0	
6098.490717	8	6	3	0	2	7	1	3310	-1350	33	365884	19	10	71	0	0	0	0	0	0	0	0	0	0	0	0	0	0	
6099.497283	8	6	3	0	2	7	1	3303	-1349	33	365944	19	10	73	0	0	0	0	0	0	0	0	0	0	0	0	0	0	
6100.483683	8	6	3	0	2	7	1	3295	-1349	33	366004	19	10	74	0	0	0	0	0	0	0	0	0	0	0	0	0	0	
6101.488800	8	6	3	0	2	7	1	3288	-1349	33	366064	19	10	76	0	0	0	0	0	0	0	0	0	0	0	0	0	0	
6102.493917	8	6	3	0	2	7	1	3280	-1349	33	366124	19	10	78	0	0	0	0	0	0	0	0	0	0	0	0	0	0	
6103.499033	8	6	3	0	2	7	1	3271	-1351	33	366185	19	10	79	0	0	0	0	0	0	0	0	0	0	0	0	0	0	
6104.485433	8	6	3	0	2	7	1	3260	-1348	33	366244	19	10	81	0	0	0	0	0	0	0	0	0	0	0	0	0	0	
6105.490567	8	6	3	0	2	7	1	3247	-1350	33	366304	19	10	83	0	0	0	0	0	0	0	0	0	0	0	0	0	0	
6106.497117	8	6	3	0	2	7	1	3230	-1349	33	366364	19	10	84	0	0	0	0	0	0	0	0	0	0	0	0	0	0	
6107.502233	8	6	3	0	2	7	1	3209	-1349	33	366425	19	10	86	0	0	0	0	0	0	0	0	0	0	0	0	0	0	
6108.488633	8	6	3	0	2	7	1	3182	-1350	33	366484	19	10	87	0	0	0	0	0	0	0	0	0	0	0	0	0	0	
6109.493767	8	6	3	0	2	7	1	3144	-1350	33	366544	19	10	89	0	0	0	0	0	0	0	0	0	0	0	0	0	0	
6110.498883	8	6	3	0	2	7	1	3086	-1349	33	366605	19	10	91	0	0	0	0	0	0	0	0	0	0	0	0	0	0	
6111.485283	8	6	3	0	2	7	1	2985	-1349	33	366664	19	10	92	0	0	0	0	0	0	0	0	0	0	0	0	0	0	
6112.490400	8	6	3	0	2	7	1	2731	-1350	33	366724	19	10	94	0	0	0	0	0	0	0	0	0	0	0	0	0	0	
6112.611367	8	15	3	0	1	31	2	3043	0	33	366731	21	10	94	0	0	0	0	0	0	0	0	0	0	0	0	0	0	
6112.631517	8	3	3	0	1	2	2	3273	677	33	366732	21	10	94	0	0	0	0	0	0	0	0	0	0	0	0	0	0	
6113.499833	8	3	3	0	1	2	2	3543	674	33	366785	21	10	94	0	0	0	0	0	0	0	0	0	0	0	0	0	0	
6114.486233	8	3	3	0	1	2	2	3658	674	33	366844	21	10	94	0	0	0	0	0	0	0	0	0	0	0	0	0	0	
6115.491367	8	3	3	0	1	2	2	3734	674	33	366904	21	10	94	0	0	0	0	0	0	0	0	0	0	0	0	0	0	
6116.496483	8	3	3	0	1	2	2	3790	675	33	366964	21	10	94	0	0	0	0	0	0	0	0	0	0	0	0	0	0	
6117.501600	8	3	3	0	1	2	2	3834	674	33	367025	21	10	94	0	0	0	0	0	0	0	0	0	0	0	0	0	0	
6118.488000	8	3	3	0	1	2	2	3869	674	33	367084	21	10	94	0	0	0	0	0	0	0	0	0	0	0	0	0	0	
6119.494567	8	3	3	0	1	2	2	3890	674	33	367144	21	10	94	0	0	0	0	0	0	0	0	0	0	0	0	0	0	
6120.499683	8	3	3	0	1	2	2	3898	673	33	367204	21	10	94	0	0	0	0	0	0	0	0	0	0	0	0	0	0	
6121.486083	8	3	3	0	1	2	2	3904	674	33	367264	21	10	94	0	0	0	0	0	0	0	0	0	0	0	0	0	0	
6122.491200	8	3	3	0	1	2	2	3910	675	33	367324	21	10	94	0	0	0	0	0	0	0	0	0	0	0	0	0	0	
6123.496317	8	3	3	0	1	2	2	3914	675	33	367384	21	10	94	0	0	0	0	0	0	0	0	0	0	0	0	0	0	
6124.501433	8	3	3	0	1	2	2	3919	674	33	367445	21	10	94	0	0	0	0	0	0	0	0	0	0	0	0	0	0	
6125.487833	8	3	3	0	1	2	2	3924	676	33	367504	21	10	94	0	0	0	0	0	0	0	0	0	0	0	0	0	0	
6126.492967	8	3	3	0	1	2	2	3929	675	33	367564	21	10	94	0	0	0	0	0	0	0	0	0	0	0	0	0	0	
6127.498083	8	3	3	0	1	2	2	3934	675	33	367624	21	10	94	0	0	0	0	0	0	0	0	0	0	0	0	0	0	
6128.484483	8	3	3	0	1	2	2	3939	674	33	367684	21	10	94	0	0	0	0	0	0	0	0	0	0	0	0	0	0	
6129.491033	8	3	3	0	1	2	2	3944	673	33	367744	21	10	94	0	0	0	0	0	0	0	0	0	0	0	0	0	0	
6130.496167	8	3	3	0	1	2	2	3950	674	33	367804	21	10	94	0	0	0	0	0	0	0	0	0	0	0	0	0	0	
6131.501283	8	3	3	0	1	2	2	3956	674	33	367865	21	10	94	0	0	0	0	0	0	0	0	0	0	0	0	0	0	
6132.487683	8	3	3	0	1	2	2	3962	674	33	367924	21	10	94	0	0	0	0	0	0	0	0	0	0	0	0	0	0	
6133.492800	8	3	3	0	1	2	2	3967	675	33	367984	21	10	94	0	0	0	0	0	0	0	0	0	0	0	0	0	0	
6134.497917	8	3	3	0	1	2	2	3973	674	33	368044	21	10	94	0	0	0	0	0	0	0	0	0	0	0	0	0	0	
6135.503033	8	3	3	0	1	2	2	3978	675	33	368105	21	10	94	0	0	0	0	0	0	0	0	0	0	0	0	0	0	
6136.489433	8	3	3	0	1	2	2	3983	675	33	368164	21	10	94	0	0	0	0	0	0	0	0	0	0	0	0	0	0	
6137.496000	8	3	3	0	1	2	2	3987	674	33	368224	21	10	94	0	0	0	0	0	0	0	0	0	0	0	0	0	0	
6138.501117	8	3	3	0	1	2	2	3991	674	33	368285	21	10	94	0	0	0	0	0	0	0	0	0	0	0	0	0	0	
6139.487517	8	3	3	0	1	2	2	3995	674	33	368344	21	10	94	0	0	0	0	0	0	0	0	0	0	0	0	0	0	
6140.492633	8	3	3	0	1	2	2	3998	675	33	368404	21	10	94	0	0	0	0	0	0	0	0	0	0	0	0	0	0	
6141.497767	8	3	3	0	1	2	2	4002	676	33	368464	21	10	94	0	0	0	0	0	0	0	0	0	0	0	0	0	0	
6142.502883	8	3	3	0	1	2	2	4004	675	33	368525	21	10	94	0	0	0	0	0	0	0	0	0	0	0	0	0	0	
6143.489283	8	3	3	0	1	2	2	4007	675	33	368584	21	10	94	0	0	0	0	0	0	0	0	0	0	0	0	0	0	
6144.494400	8	3	3	0	1	2	2	4010	676	33	368644	21	10	94	0	0	0	0	0	0	0	0	0	0	0	0	0	0	
6145.500967	8	3	3	0	1	2	2	4011	675	33	368704	21	10	94	0	0	0	0	0	0	0	0	0	0	0	0	0	0	
6146.487367	8	3	3	0	1	2	2	4014	675	33	368764	21	10	94	0	0	0	0	0	0	0	0	0	0	0	0	0	0	
6147.492483	8	3	3	0	1	2	2	4016	674	33	368824	21	10	94	0	0	0	0	0	0	0	0	0	0	0	0	0	0	
6148.497600	8	3	3	0	1	2	2	4018	675	33	368884	21	10	94	0	0	0	0	0	0	0	0	0	0	0	0	0	0	
6149.502717	8	3	3	0	1	2	2	4021	675	33	368945	21	10	94	0	0	0	0	0	0	0	0	0	0	0	0	0	0	
6150.489117	8	3	3	0	1	2	2	4023	674	33	369004	21	10	94	0	0	0	0	0	0	0	0	0	0	0	0	0	0	
6151.494233	8	3	3	0	1	2	2	4026	675	33	369064	21	10	94	0	0	0	0	0	0	0	0	0	0	0	0	0	0	
6152.499367	8	3	3	0	1	2	2	4028	674	33	369124	21	10	94	0	0	0	0	0	0	0	0	0	0	0	0	0	0	
6153.505917	8	3	3	0	1	2	2	4031	675	33	369185	21	10	94	0	0	0	0	0	0	0	0	0	0	0	0	0	0	
6154.492317	8	3	3	0	1	2	2	4033	674	33	369244	21	10	94	0	0	0	0	0	0	0	0	0	0	0	0	0	0	
6155.497433	8	3	3	0	1	2	2	4036	674	33	369304	21	10	94	0	0	0	0	0	0	0	0	0	0	0	0	0	0	
6156.489600	8	3	3	0	1	2	2	4039	675	33	369364	21	10	94	0	0	0	0	0	0	0	0	0	0	0	0	0	0	
6157.494717	8	3	3	0	1	2	2	4042	674	33	369424	21	10	94	0	0	0	0	0	0	0	0	0	0	0	0	0	0	
6158.499833	8	3	3	0	1	2	2	4044	674	33	369484	21	10	94	0	0	0	0	0	0	0	0	0	0	0	0	0	0	
6159.504967	8	3	3	0	1	2	2	4047	674	33	369545	21	10	94	0	0	0	0	0	0	0	0	0	0	0	0	0	0	
6160.491367	8	3	3	0	1	2	2	4050	675	33	369604	21	10	94	0	0	0	0	0	0	0	0	0	0	0	0	0	0	
6161.496483	8	3	3	0	1	2	2	4053	674	33	369664	21	10	94	0	0	0	0	0	0	0	0	0	0	0	0	0	0	
6162.503033	8	3	3	0	1	2	2	4056	675	33	369724	21	10	94	0	0	0	0	0	0	0	0	0	0	0	0	0	0	
6163.489433	8	3	3	0	1	2	2	4059	674	33	369784	21	10	94	0	0	0	0	0	0	0	0	0	0	0	0	0	0	
6164.494567	8	3	3	0	1	2	2	4063	675	33	369844	21	10	94	0	0	0	0	0	0	0	0	0	0	0	0	0	0	
6165.499683	8	3	3	0	1	2	2	4066	675	33	369904	21	10	94	0	0	0	0	0	0	0	0	0	0	0	0	0	0	
6166.504800	8	3	3	0	1	2	2	4069	675	33	369965	21	10	94	0	0	0	0	0	0	0	0	0	0	0	0	0	0	
6167.491200	8	3	3	0	1	2	2	4073	675	33	370024	21	10	94	0	0	0	0	0	0	0	0	0	0	0	0	0	0	
6168.496317	8	3	3	0	1	2	2	4076	674	33	370084	21	10	94	0	0	0	0	0	0	0	0	0	0	0	0	0	0	
6169.501433	8	3	3	0	1	2	2	4079	674	33	370144	21	10	94	0	0	0	0	0	0	0	0	0	0	0	0	0	0	
6170.489283	8	3	3	0	1	2	2	4083	675	33	370204	21	10	94	0	0	0	0	0	0	0	0	0	0	0	0	0	0	
6171.495833	8	3	3	0	1	2	2	4086	674	33	370264	21	10	94	0	0	0	0	0	0	0	0	0	0	0	0	0	0	
6172.500967	8	3	3	0	1	2	2	4090	674	33	370324	21	10	94	0	0	0	0	0	0	0	0	0	0	0	0	0	0	
6173.506083	8	3	3	0	1	2	2	4094	675	33	370385	21	10	94	0	0	0	0	0	0	0	0	0	0	0	0	0	0	
6174.492483	8	3	3	0	1	2	2	4097	675	33	370444	21	10	94	0	0	0	0	0	0	0	0	0	0	0	0	0	0	
6175.497600	8	3	3	0	1	2	2	4101	675	33	370504	21	10	94	0	0	0	0	0	0	0	0	0	0	0	0	0	0	
6176.502717	8	3	3	0	1	2	2	4105	674	33	370564	21	10	94	0	0	0	0	0	0	0	0	0	0	0	0	0	0	
6177.489117	8	3	3	0	1	2	2	4110	675	33	370624	21	10	94	0	0	0	0	0	0	0	0	0	0	0	0	0	0	
6178.494233	8	3	3	0	1	2	2	4114	675	33	370684	21	10	94	0	0	0	0	0	0	0	0	0	0	0	0	0	0	
6179.500800	8	3	3	0	1	2	2	4116	669	33	370744	21	10	94	0	0	0	0	0	0	0	0	0	0	0	0	0	0	
6180.505917	8	3	3	0	1	2	2	4120	667	33	370805	21	10	94	0	0	0	0	0	0	0	0	0	0	0	0	0	0	
6181.492317	8	3	3	0	1	2	2	4123	665	33	370864	21	10	94	0	0	0	0	0	0	0	0	0	0	0	0	0	0	
6182.497433	8	3	3	0	1	2	2	4127	663	33	370924	21	10	94	0	0	0	0	0	0	0	0	0	0	0	0	0	0	
6183.502567	8	3	3	0	1	2	2	4132	664	33	370984	21	10	94	0	0	0	0	0	0	0	0	0	0	0	0	0	0	
6184.507683	8	3	3	0	1	2	2	4137	663	33	371045	21	10	94	0	0	0	0	0	0	0	0	0	0	0	0	0	0	
6185.494083	8	3	3	0	1	2	2	4141	662	33	371104	21	10	94	0	0	0	0	0	0	0	0	0	0	0	0	0	0	
6186.500633	8	3	3	0	1	2	2	4145	662	33	371164	21	10	94	0	0	0	0	0	0	0	0	0	0	0	0	0	0	
6187.505767	8	3	3	0	1	2	2	4150	661	33	371225	21	10	94	0	0	0	0	0	0	0	0	0	0	0	0	0	0	
6188.492167	8	3	3	0	1	2	2	4154	661	33	371284	21	10	94	0	0	0	0	0	0	0	0	0	0	0	0	0	0	
6189.497283	8	3	3	0	1	2	2	4159	659	33	371344	21	10	94	0	0	0	0	0	0	0	0	0	0	0	0	0	0	
6190.502400	8	3	3	0	1	2	2	4164	659	33	371404	21	10	94	0	0	0	0	0	0	0	0	0	0	0	0	0	0	
6191.507517	8	3	3	0	1	2	2	4169	659	33	371465	21	10	94	0	0	0	0	0	0	0	0	0	0	0	0	0	0	
6192.493917	8	3	3	0	1	2	2	4174	658	33	371524	21	10	94	0	0	0	0	0	0	0	0	0	0	0	0	0	0	
6193.499033	8	3	3	0	1	2	2	4179	656	33	371584	21	10	94	0	0	0	0	0	0	0	0	0	0	0	0	0	0	
6194.504167	8	3	3	0	1	2	2	4184	655	33	371644	21	10	94	0	0	0	0	0	0	0	0	0	0	0	0	0	0	
6195.492000	8	3	3	0	1	2	2	4189	655	33	371704	21	10	94	0	0	0	0	0	0	0	0	0	0	0	0	0	0	
6196.497117	8	3	3	0	1	2	2	4194	655	33	371764	21	10	94	0	0	0	0	0	0	0	0	0	0	0	0	0	0	
6197.502233	8	3	3	0	1	2	2	4199	649	33	371824	21	10	94	0	0	0	0	0	0	0	0	0	0	0	0	0	0	
6198.507367	8	3	3	0	1	2	2	4198	632	33	371885	21	10	94	0	0	0	0	0	0	0	0	0	0	0	0	0	0	
6199.493767	8	3	3	0	1	2	2	4198	617	33	371944	21	10	94	0	0	0	0	0	0	0	0	0	0	0	0	0	0	
6200.498883	8	3	3	0	1	2	2	4199	601	33	372004	21	10	94	0	0	0	0	0	0	0	0	0	0	0	0	0	0	
6201.504000	8	3	3	0	1	2	2	4198	586	33	372064	21	10	94	0	0	0	0	0	0	0	0	0	0	0	0	0	0	
6202.490400	8	3	3	0	1	2	2	4198	570	33	372124	21	10	94	0	0	0	0	0	0	0	0	0	0	0	0	0	0	
6203.495517	8	3	3	0	1	2	2	4198	556	33	372184	21	10	94	0	0	0	0	0	0	0	0	0	0	0	0	0	0	
6204.500633	8	3	3	0	1	2	2	4198	540	33	372244	21	10	94	0	0	0	0	0	0	0	0	0	0	0	0	0	0	
6205.507200	8	3	3	0	1	2	2	4198	526	33	372305	21	10	94	0	0	0	0	0	0	0	0	0	0	0	0	0	0	
6206.493600	8	3	3	0	1	2	2	4199	513	33	372364	21	10	94	0	0	0	0	0	0	0	0	0	0	0	0	0	0	
6207.498717	8	3	3	0	1	2	2	4199	497	33	372424	21	10	94	0	0	0	0	0	0	0	0	0	0	0	0	0	0	
6208.503833	8	3	3	0	1	2	2	4199	484	33	372484	21	10	94	0	0	0	0	0	0	0	0	0	0	0	0	0	0	
6209.508967	8	3	3	0	1	2	2	4198	471	33	372545	21	10	94	0	0	0	0	0	0	0	0	0	0	0	0	0	0	
6210.495367	8	3	3	0	1	2	2	4198	458	33	372604	21	10	94	0	0	0	0	0	0	0	0	0	0	0	0	0	0	
6211.500483	8	3	3	0	1	2	2	4198	445	33	372664	21	10	94	0	0	0	0	0	0	0	0	0	0	0	0	0	0	
6212.508483	8	3	3	0	1	2	2	4199	432	33	372725	21	10	94	0	0	0	0	0	0	0	0	0	0	0	0	0	0	
6213.494883	8	3	3	0	1	2	2	4198	420	33	372784	21	10	94	0	0	0	0	0	0	0	0	0	0	0	0	0	0	
6214.500000	8	3	3	0	1	2	2	4199	407	33	372844	21	10	94	0	0	0	0	0	0	0	0	0	0	0	0	0	0	
6215.505117	8	3	3	0	1	2	2	4199	395	33	372904	21	10	94	0	0	0	0	0	0	0	0	0	0	0	0	0	0	
6216.491517	8	3	3	0	1	2	2	4199	384	33	372964	21	10	94	0	0	0	0	0	0	0	0	0	0	0	0	0	0	
6217.496633	8	3	3	0	1	2	2	4199	372	33	373024	21	10	94	0	0	0	0	0	0	0	0	0	0	0	0	0	0	
6218.503200	8	3	3	0	1	2	2	4199	361	33	373084	21	10	94	0	0	0	0	0	0	0	0	0	0	0	0	0	0	
6219.508317	8	3	3	0	1	2	2	4199	350	33	373145	21	10	94	0	0	0	0	0	0	0	0	0	0	0	0	0	0	
6220.494717	8	3	3	0	1	2	2	4198	341	33	373204	21	10	94	0	0	0	0	0	0	0	0	0	0	0	0	0	0	
6221.499833	8	3	3	0	1	2	2	4199	331	33	373264	21	10	94	0	0	0	0	0	0	0	0	0	0	0	0	0	0	
6222.504967	8	3	3	0	1	2	2	4199	321	33	373324	21	10	94	0	0	0	0	0	0	0	0	0	0	0	0	0	0	
6223.510083	8	3	3	0	1	2	2	4198	310	33	373385	21	10	94	0	0	0	0	0	0	0	0	0	0	0	0	0	0	
6224.496483	8	3	3	0	1	2	2	4199	302	33	373444	21	10	94	0	0	0	0	0	0	0	0	0	0	0	0	0	0	
6225.503033	8	3	3	0	1	2	2	4199	293	33	373504	21	10	94	0	0	0	0	0	0	0	0	0	0	0	0	0	0	
6226.508167	8	3	3	0	1	2	2	4199	285	33	373565	21	10	94	0	0	0	0	0	0	0	0	0	0	0	0	0	0	
6227.494567	8	3	3	0	1	2	2	4199	277	33	373624	21	10	94	0	0	0	0	0	0	0	0	0	0	0	0	0	0	
6228.499683	8	3	3	0	1	2	2	4199	269	33	373684	21	10	94	0	0	0	0	0	0	0	0	0	0	0	0	0	0	
6229.504800	8	3	3	0	1	2	2	4199	261	33	373744	21	10	94	0	0	0	0	0	0	0	0	0	0	0	0	0	0	
6230.509917	8	3	3	0	1	2	2	4199	254	33	373805	21	10	94	0	0	0	0	0	0	0	0	0	0	0	0	0	0	
6231.496317	8	3	3	0	1	2	2	4199	246	33	373864	21	10	94	0	0	0	0	0	0	0	0	0	0	0	0	0	0	
6232.501433	8	3	3	0	1	2	2	4199	239	33	373924	21	10	94	0	0	0	0	0	0	0	0	0	0	0	0	0	0	
6233.506567	8	3	3	0	1	2	2	4198	232	33	373984	21	10	94	0	0	0	0	0	0	0	0	0	0	0	0	0	0	
6234.492967	8	3	3	0	1	2	2	4198	225	33	374044	21	10	94	0	0	0	0	0	0	0	0	0	0	0	0	0	0	
6235.498083	8	3	3	0	1	2	2	4199	220	33	374104	21	10	94	0	0	0	0	0	0	0	0	0	0	0	0	0	0	
6236.504633	8	3	3	0	1	2	2	4199	212	33	374164	21	10	94	0	0	0	0	0	0	0	0	0	0	0	0	0	0	
6237.509767	8	3	3	0	1	2	2	4198	206	33	374225	21	10	94	0	0	0	0	0	0	0	0	0	0	0	0	0	0	
6238.496167	8	3	3	0	1	2	2	4198	200	33	374284	21	10	94	0	0	0	0	0	0	0	0	0	0	0	0	0	0	
6239.501283	8	3	3	0	1	2	2	4199	194	33	374344	21	10	94	0	0	0	0	0	0	0	0	0	0	0	0	0	0	
6240.506400	8	3	3	0	1	2	2	4199	189	33	374404	21	10	94	0	0	0	0	0	0	0	0	0	0	0	0	0	0	
6241.511517	8	3	3	0	1	2	2	4198	182	33	374465	21	10	94	0	0	0	0	0	0	0	0	0	0	0	0	0	0	
6242.497917	8	3	3	0	1	2	2	4199	178	33	374524	21	10	94	0	0	0	0	0	0	0	0	0	0	0	0	0	0	
6243.504483	8	3	3	0	1	2	2	4199	172	33	374584	21	10	94	0	0	0	0	0	0	0	0	0	0	0	0	0	0	
6244.509600	8	3	3	0	1	2	2	4199	167	33	374645	21	10	94	0	0	0	0	0	0	0	0	0	0	0	0	0	0	
6245.496000	8	3	3	0	1	2	2	4198	162	33	374704	21	10	94	0	0	0	0	0	0	0	0	0	0	0	0	0	0	
6246.501117	8	3	3	0	1	2	2	4199	157	33	374764	21	10	94	0	0	0	0	0	0	0	0	0	0	0	0	0	0	
6247.506233	8	3	3	0	1	2	2	4198	152	33	374824	21	10	94	0	0	0	0	0	0	0	0	0	0	0	0	0	0	
6248.511367	8	3	3	0	1	2	2	4199	148	33	374885	21	10	94	0	0	0	0	0	0	0	0	0	0	0	0	0	0	
6249.497767	8	3	3	0	1	2	2	4199	143	33	374944	21	10	94	0	0	0	0	0	0	0	0	0	0	0	0	0	0	
6250.502883	8	3	3	0	1	2	2	4199	139	33	375004	21	10	94	0	0	0	0	0	0	0	0	0	0	0	0	0	0	
6251.508000	8	3	3	0	1	2	2	4199	135	33	375064	21	10	94	0	0	0	0	0	0	0	0	0	0	0	0	0	0	
6252.494400	8	3	3	0	1	2	2	4199	132	33	375124	21	10	94	0	0	0	0	0	0	0	0	0	0	0	0	0	0	
6253.500967	8	3	3	0	1	2	2	4198	127	33	375184	21	10	94	0	0	0	0	0	0	0	0	0	0	0	0	0	0	
6254.506083	8	3	3	0	1	2	2	4199	123	33	375244	21	10	94	0	0	0	0	0	0	0	0	0	0	0	0	0	0	
6255.511200	8	3	3	0	1	2	2	4199	120	33	375305	21	10	94	0	0	0	0	0	0	0	0	0	0	0	0	0	0	
6256.497600	8	3	3	0	1	2	2	4199	116	33	375364	21	10	94	0	0	0	0	0	0	0	0	0	0	0	0	0	0	
6257.502717	8	3	3	0	1	2	2	4199	113	33	375424	21	10	94	0	0	0	0	0	0	0	0	0	0	0	0	0	0	
6258.507833	8	3	3	0	1	2	2	4198	109	33	375484	21	10	94	0	0	0	0	0	0	0	0	0	0	0	0	0	0	
6259.514400	8	3	3	0	1	2	2	4199	106	33	375545	21	10	94	0	0	0	0	0	0	0	0	0	0	0	0	0	0	
6260.500800	8	3	3	0	1	2	2	4199	102	33	375604	21	10	94	0	0	0	0	0	0	0	0	0	0	0	0	0	0	
6261.505917	8	3	3	0	1	2	2	4199	99	33	375664	21	10	94	0	0	0	0	0	0	0	0	0	0	0	0	0	0	
6262.511033	8	3	3	0	1	2	2	4199	96	33	375725	21	10	94	0	0	0	0	0	0	0	0	0	0	0	0	0	0	
6263.497433	8	3	3	0	1	2	2	4199	93	33	375784	21	10	94	0	0	0	0	0	0	0	0	0	0	0	0	0	0	
6264.502567	8	3	3	0	1	2	2	4199	91	33	375844	21	10	94	0	0	0	0	0	0	0	0	0	0	0	0	0	0	
6265.509117	8	3	3	0	1	2	2	4198	88	33	375904	21	10	94	0	0	0	0	0	0	0	0	0	0	0	0	0	0	
6266.514233	8	3	3	0	1	2	2	4199	86	33	375965	21	10	94	0	0	0	0	0	0	0	0	0	0	0	0	0	0	
6267.500633	8	3	3	0	1	2	2	4199	83	33	376024	21	10	94	0	0	0	0	0	0	0	0	0	0	0	0	0	0	
6268.505767	8	3	3	0	1	2	2	4199	80	33	376084	21	10	94	0	0	0	0	0	0	0	0	0	0	0	0	0	0	
6269.510883	8	3	3	0	1	2	2	4199	77	33	376145	21	10	94	0	0	0	0	0	0	0	0	0	0	0	0	0	0	
6270.497283	8	3	3	0	1	2	2	4198	76	33	376204	21	10	94	0	0	0	0	0	0	0	0	0	0	0	0	0	0	
6271.508167	8	3	3	0	1	2	2	4198	74	33	376264	21	10	94	0	0	0	0	0	0	0	0	0	0	0	0	0	0	
6272.513283	8	3	3	0	1	2	2	4199	71	33	376325	21	10	94	0	0	0	0	0	0	0	0	0	0	0	0	0	0	
6273.499683	8	3	3	0	1	2	2	4199	69	33	376384	21	10	94	0	0	0	0	0	0	0	0	0	0	0	0	0	0	
6274.504800	8	3	3	0	1	2	2	4199	67	33	376444	21	10	94	0	0	0	0	0	0	0	0	0	0	0	0	0	0	
6274.719367	8	6	3	0	2	7	1	3879	-964	33	376457	21	11	0	0	0	0	0	0	0	0	0	0	0	0	0	0	0	
6275.511367	8	6	3	0	2	7	1	3737	-1350	33	376505	21	11	1	0	0	0	0	0	0	0	0	0	0	0	0	0	0	
6276.497767	8	6	3	0	2	7	1	3713	-1349	33	376564	21	11	2	0	0	0	0	0	0	0	0	0	0	0	0	0	0	
6277.502883	8	6	3	0	2	7	1	3694	-1349	33	376624	21	11	4	0	0	0	0	0	0	0	0	0	0	0	0	0	0	
6278.509433	8	6	3	0	2	7	1	3680	-1349	33	376684	21	11	6	0	0	0	0	0	0	0	0	0	0	0	0	0	0	
6279.514567	8	6	3	0	2	7	1	3660	-1349	33	376745	21	11	7	0	0	0	0	0	0	0	0	0	0	0	0	0	0	
6280.500967	8	6	3	0	2	7	1	3649	-1349	33	376804	21	11	9	0	0	0	0	0	0	0	0	0	0	0	0	0	0	
6281.506083	8	6	3	0	2	7	1	3637	-1349	33	376864	21	11	11	0	0	0	0	0	0	0	0	0	0	0	0	0	0	
6282.511200	8	6	3	0	2	7	1	3626	-1349	33	376924	21	11	12	0	0	0	0	0	0	0	0	0	0	0	0	0	0	
6283.497600	8	6	3	0	2	7	1	3614	-1350	33	376984	21	11	14	0	0	0	0	0	0	0	0	0	0	0	0	0	0	
6284.514233	8	6	3	0	2	7	1	3604	-1350	33	377045	21	11	16	0	0	0	0	0	0	0	0	0	0	0	0	0	0	
6285.500633	8	6	3	0	2	7	1	3595	-1348	33	377104	21	11	17	0	0	0	0	0	0	0	0	0	0	0	0	0	0	
6286.505767	8	6	3	0	2	7	1	3583	-1351	33	377164	21	11	19	0	0	0	0	0	0	0	0	0	0	0	0	0	0	
6287.510883	8	6	3	0	2	7	1	3571	-1351	33	377224	21	11	21	0	0	0	0	0	0	0	0	0	0	0	0	0	0	
6288.497283	8	6	3	0	2	7	1	3557	-1350	33	377284	21	11	22	0	0	0	0	0	0	0	0	0	0	0	0	0	0	
6289.503833	8	6	3	0	2	7	1	3545	-1348	33	377344	21	11	24	0	0	0	0	0	0	0	0	0	0	0	0	0	0	
6290.508967	8	6	3	0	2	7	1	3532	-1350	33	377404	21	11	26	0	0	0	0	0	0	0	0	0	0	0	0	0	0	
6291.514083	8	6	3	0	2	7	1	3521	-1349	33	377465	21	11	27	0	0	0	0	0	0	0	0	0	0	0	0	0	0	
6292.500483	8	6	3	0	2	7	1	3509	-1349	33	377524	21	11	29	0	0	0	0	0	0	0	0	0	0	0	0	0	0	
6293.505600	8	6	3	0	2	7	1	3498	-1350	33	377584	21	11	31	0	0	0	0	0	0	0	0	0	0	0	0	0	0	
6294.510717	8	6	3	0	2	7	1	3487	-1349	33	377644	21	11	32	0	0	0	0	0	0	0	0	0	0	0	0	0	0	
6295.515833	8	6	3	0	2	7	1	3477	-1350	33	377705	21	11	34	0	0	0	0	0	0	0	0	0	0	0	0	0	0	
6296.502233	8	6	3	0	2	7	1	3467	-1349	33	377764	21	11	36	0	0	0	0	0	0	0	0	0	0	0	0	0	0	
6297.510233	8	6	3	0	2	7	1	3456	-1350	33	377824	21	11	37	0	0	0	0	0	0	0	0	0	0	0	0	0	0	
6298.515367	8	6	3	0	2	7	1	3447	-1350	33	377885	21	11	39	0	0	0	0	0	0	0	0	0	0	0	0	0	0	
6299.501767	8	6	3	0	2	7	1	3438	-1349	33	377944	21	11	41	0	0	0	0	0	0	0	0	0	0	0	0	0	0	
6300.506883	8	6	3	0	2	7	1	3429	-1349	33	378004	21	11	42	0	0	0	0	0	0	0	0	0	0	0	0	0	0	
6301.513433	8	6	3	0	2	7	1	3420	-1351	33	378064	21	11	44	0	0	0	0	0	0	0	0	0	0	0	0	0	0	
6302.499833	8	6	3	0	2	7	1	3412	-1349	33	378124	21	11	45	0	0	0	0	0	0	0	0	0	0	0	0	0	0	
6303.504967	8	6	3	0	2	7	1	3404	-1349	33	378184	21	11	47	0	0	0	0	0	0	0	0	0	0	0	0	0	0	
6304.510083	8	6	3	0	2	7	1	3396	-1351	33	378244	21	11	49	0	0	0	0	0	0	0	0	0	0	0	0	0	0	
6305.515200	8	6	3	0	2	7	1	3389	-1350	33	378305	21	11	50	0	0	0	0	0	0	0	0	0	0	0	0	0	0	
6306.501600	8	6	3	0	2	7	1	3382	-1350	33	378364	21	11	52	0	0	0	0	0	0	0	0	0	0	0	0	0	0	
6307.506717	8	6	3	0	2	7	1	3375	-1350	33	378424	21	11	54	0	0	0	0	0	0	0	0	0	0	0	0	0	0	
6308.511833	8	6	3	0	2	7	1	3368	-1349	33	378484	21	11	55	0	0	0	0	0	0	0	0	0	0	0	0	0	0	
6309.499683	8	6	3	0	2	7	1	3362	-1350	33	378544	21	11	57	0	0	0	0	0	0	0	0	0	0	0	0	0	0	
6310.504800	8	6	3	0	2	7	1	3356	-1348	33	378604	21	11	59	0	0	0	0	0	0	0	0	0	0	0	0	0	0	
6311.509917	8	6	3	0	2	7	1	3349	-1349	33	378664	21	11	60	0	0	0	0	0	0	0	0	0	0	0	0	0	0	
6312.515033	8	6	3	0	2	7	1	3344	-1349	33	378725	21	11	62	0	0	0	0	0	0	0	0	0	0	0	0	0	0	
6313.501433	8	6	3	0	2	7	1	3338	-1350	33	378784	21	11	64	0	0	0	0	0	0	0	0	0	0	0	0	0	0	
6314.506567	8	6	3	0	2	7	1	3332	-1350	33	378844	21	11	65	0	0	0	0	0	0	0	0	0	0	0	0	0	0	
6315.511683	8	6	3	0	2	7	1	3326	-1349	33	378904	21	11	67	0	0	0	0	0	0	0	0	0	0	0	0	0	0	
6316.518233	8	6	3	0	2	7	1	3320	-1349	33	378965	21	11	69	0	0	0	0	0	0	0	0	0	0	0	0	0	0	
6317.504633	8	6	3	0	2	7	1	3314	-1349	33	379024	21	11	70	0	0	0	0	0	0	0	0	0	0	0	0	0	0	
6318.509767	8	6	3	0	2	7	1	3307	-1350	33	379084	21	11	72	0	0	0	0	0	0	0	0	0	0	0	0	0	0	
6319.514883	8	6	3	0	2	7	1	3300	-1349	33	379145	21	11	74	0	0	0	0	0	0	0	0	0	0	0	0	0	0	
6320.501283	8	6	3	0	2	7	1	3294	-1348	33	379204	21	11	75	0	0	0	0	0	0	0	0	0	0	0	0	0	0	
6321.506400	8	6	3	0	2	7	1	3286	-1350	33	379264	21	11	77	0	0	0	0	0	0	0	0	0	0	0	0	0	0	
6322.512967	8	6	3	0	2	7	1	3277	-1350	33	379324	21	11	79	0	0	0	0	0	0	0	0	0	0	0	0	0	0	
6323.518083	8	6	3	0	2	7	1	3267	-1348	33	379385	21	11	80	0	0	0	0	0	0	0	0	0	0	0	0	0	0	
6324.504483	8	6	3	0	2	7	1	3255	-1349	33	379444	21	11	82	0	0	0	0	0	0	0	0	0	0	0	0	0	0	
6325.509600	8	6	3	0	2	7	1	3239	-1351	33	379504	21	11	84	0	0	0	0	0	0	0	0	0	0	0	0	0	0	
6326.514717	8	6	3	0	2	7	1	3220	-1350	33	379564	21	11	85	0	0	0	0	0	0	0	0	0	0	0	0	0	0	
6327.501117	8	6	3	0	2	7	1	3195	-1349	33	379624	21	11	87	0	0	0	0	0	0	0	0	0	0	0	0	0	0	
6328.506233	8	6	3	0	2	7	1	3163	-1350	33	379684	21	11	89	0	0	0	0	0	0	0	0	0	0	0	0	0	0	
6329.511367	8	6	3	0	2	7	1	3114	-1350	33	379744	21	11	90	0	0	0	0	0	0	0	0	0	0	0	0	0	0	
6330.516483	8	6	3	0	2	7	1	3034	-1349	33	379805	21	11	92	0	0	0	0	0	0	0	0	0	0	0	0	0	0	
6331.504317	8	6	3	0	2	7	1	2874	-1350	33	379864	21	11	94	0	0	0	0	0	0	0	0	0	0	0	0	0	0	
6332.021283	10	0	5	0	0	15	0	2825	0	33	379895	21	11	94	0	0	0	0	0	0	0	0	0	0	0	0	0	0	
6332.042883	8	15	3	0	0	31	0	3040	0	33	379895	21	11	94	0	0	0	0	0	0	0	0	0	0	0	0	0	0	
