Time	Status code	Status category	Status color	Pgm code	Pgm step	Pgm para	Pgm cycle	mV	mA	Temperature	Duration	Charge count	Discharge count	Capacity	Analog input 1	Analog input 2	Analog input 3	Analog input 4	Digital input 1	Digital input 2	Digital input 3	Digital input 4	Digital output 1	Digital output 2	Digital output 3	Digital output 4	Analog output 1	Analog output 2	
0.000000	8	3	3	0	1	2	2	4198	182	42	3	1	0	0	0	0	0	0	0	0	0	0	0	0	0	0	0	0	
0.875517	8	3	3	0	1	2	2	4198	164	42	55	1	0	0	0	0	0	0	0	0	0	0	0	0	0	0	0	0	
1.872000	8	3	3	0	1	2	2	4198	160	43	115	1	0	0	0	0	0	0	0	0	0	0	0	0	0	0	0	0	
2.885767	8	3	3	0	1	2	2	4198	157	42	176	1	0	0	0	0	0	0	0	0	0	0	0	0	0	0	0	0	
3.882233	8	3	3	0	1	2	2	4199	149	43	235	1	0	0	0	0	0	0	0	0	0	0	0	0	0	0	0	0	
4.878717	8	3	3	0	1	2	2	4199	144	43	295	1	0	0	0	0	0	0	0	0	0	0	0	0	0	0	0	0	
5.873767	8	3	3	0	1	2	2	4199	140	43	355	1	0	0	0	0	0	0	0	0	0	0	0	0	0	0	0	0	
6.868800	8	3	3	0	1	2	2	4198	137	43	415	1	0	0	0	0	0	0	0	0	0	0	0	0	0	0	0	0	
7.884000	8	3	3	0	1	2	2	4199	133	43	476	1	0	0	0	0	0	0	0	0	0	0	0	0	0	0	0	0	
8.880483	8	3	3	0	1	2	2	4199	127	43	535	1	0	0	0	0	0	0	0	0	0	0	0	0	0	0	0	0	
9.875517	8	3	3	0	1	2	2	4199	124	42	595	1	0	0	0	0	0	0	0	0	0	0	0	0	0	0	0	0	
10.872000	8	3	3	0	1	2	2	4198	121	43	655	1	0	0	0	0	0	0	0	0	0	0	0	0	0	0	0	0	
11.884317	8	3	3	0	1	2	2	4199	118	42	716	1	0	0	0	0	0	0	0	0	0	0	0	0	0	0	0	0	
12.870717	8	3	3	0	1	2	2	4199	115	42	775	1	0	0	0	0	0	0	0	0	0	0	0	0	0	0	0	0	
13.881600	8	3	3	0	1	2	2	4199	111	42	835	1	0	0	0	0	0	0	0	0	0	0	0	0	0	0	0	0	
14.869433	8	3	3	0	1	2	2	4198	109	42	895	1	0	0	0	0	0	0	0	0	0	0	0	0	0	0	0	0	
15.880317	8	3	3	0	1	2	2	4198	106	42	955	1	0	0	0	0	0	0	0	0	0	0	0	0	0	0	0	0	
16.885433	8	3	3	0	1	2	2	4198	102	42	1016	1	0	0	0	0	0	0	0	0	0	0	0	0	0	0	0	0	
17.883367	8	3	3	0	1	2	2	4199	99	42	1076	1	0	0	0	0	0	0	0	0	0	0	0	0	0	0	0	0	
18.885600	8	3	3	0	1	2	2	4199	97	42	1136	1	0	0	0	0	0	0	0	0	0	0	0	0	0	0	0	0	
19.886400	8	3	3	0	1	2	2	4199	94	42	1196	1	0	0	0	0	0	0	0	0	0	0	0	0	0	0	0	0	
20.877117	8	3	3	0	1	2	2	4198	92	42	1255	1	0	0	0	0	0	0	0	0	0	0	0	0	0	0	0	0	
21.883683	8	3	3	0	1	2	2	4198	90	42	1315	1	0	0	0	0	0	0	0	0	0	0	0	0	0	0	0	0	
22.877283	8	3	3	0	1	2	2	4199	86	42	1375	1	0	0	0	0	0	0	0	0	0	0	0	0	0	0	0	0	
23.885283	8	3	3	0	1	2	2	4199	84	42	1436	1	0	0	0	0	0	0	0	0	0	0	0	0	0	0	0	0	
24.876000	8	3	3	0	1	2	2	4198	82	42	1495	1	0	0	0	0	0	0	0	0	0	0	0	0	0	0	0	0	
25.536967	8	6	3	0	2	7	1	4103	-222	42	1535	1	1	0	0	0	0	0	0	0	0	0	0	0	0	0	0	0	
25.881117	8	6	3	0	2	7	1	3851	-1348	42	1555	1	1	0	0	0	0	0	0	0	0	0	0	0	0	0	0	0	
26.877600	8	6	3	0	2	7	1	3839	-1350	40	1615	1	1	2	0	0	0	0	0	0	0	0	0	0	0	0	0	0	
27.872633	8	6	3	0	2	7	1	3821	-1349	40	1675	1	1	3	0	0	0	0	0	0	0	0	0	0	0	0	0	0	
28.884967	8	6	3	0	2	7	1	3805	-1350	40	1736	1	1	5	0	0	0	0	0	0	0	0	0	0	0	0	0	0	
29.878567	8	6	3	0	2	7	1	3788	-1348	41	1795	1	1	7	0	0	0	0	0	0	0	0	0	0	0	0	0	0	
30.872167	8	6	3	0	2	7	1	3771	-1350	41	1855	1	1	8	0	0	0	0	0	0	0	0	0	0	0	0	0	0	
31.878717	8	6	3	0	2	7	1	3756	-1350	42	1915	1	1	10	0	0	0	0	0	0	0	0	0	0	0	0	0	0	
32.873767	8	6	3	0	2	7	1	3740	-1349	42	1975	1	1	12	0	0	0	0	0	0	0	0	0	0	0	0	0	0	
33.888967	8	6	3	0	2	7	1	3725	-1349	42	2036	1	1	13	0	0	0	0	0	0	0	0	0	0	0	0	0	0	
34.884000	8	6	3	0	2	7	1	3711	-1349	42	2095	1	1	15	0	0	0	0	0	0	0	0	0	0	0	0	0	0	
35.880483	8	6	3	0	2	7	1	3696	-1349	42	2155	1	1	17	0	0	0	0	0	0	0	0	0	0	0	0	0	0	
36.875517	8	6	3	0	2	7	1	3682	-1350	42	2215	1	1	18	0	0	0	0	0	0	0	0	0	0	0	0	0	0	
37.872000	8	6	3	0	2	7	1	3669	-1350	42	2275	1	1	20	0	0	0	0	0	0	0	0	0	0	0	0	0	0	
38.887200	8	6	3	0	2	7	1	3656	-1349	42	2336	1	1	21	0	0	0	0	0	0	0	0	0	0	0	0	0	0	
39.882233	8	6	3	0	2	7	1	3644	-1351	42	2395	1	1	23	0	0	0	0	0	0	0	0	0	0	0	0	0	0	
40.878717	8	6	3	0	2	7	1	3632	-1350	42	2455	1	1	25	0	0	0	0	0	0	0	0	0	0	0	0	0	0	
41.873767	8	6	3	0	2	7	1	3621	-1350	42	2515	1	1	26	0	0	0	0	0	0	0	0	0	0	0	0	0	0	
42.888967	8	6	3	0	2	7	1	3609	-1348	42	2576	1	1	28	0	0	0	0	0	0	0	0	0	0	0	0	0	0	
43.878233	8	6	3	0	2	7	1	3597	-1349	42	2635	1	1	30	0	0	0	0	0	0	0	0	0	0	0	0	0	0	
44.883367	8	6	3	0	2	7	1	3586	-1349	42	2695	1	1	31	0	0	0	0	0	0	0	0	0	0	0	0	0	0	
45.888483	8	6	3	0	2	7	1	3575	-1348	42	2756	1	1	33	0	0	0	0	0	0	0	0	0	0	0	0	0	0	
46.877767	8	6	3	0	2	7	1	3565	-1350	42	2815	1	1	35	0	0	0	0	0	0	0	0	0	0	0	0	0	0	
47.882883	8	6	3	0	2	7	1	3554	-1349	42	2875	1	1	36	0	0	0	0	0	0	0	0	0	0	0	0	0	0	
48.888000	8	6	3	0	2	7	1	3544	-1350	42	2936	1	1	38	0	0	0	0	0	0	0	0	0	0	0	0	0	0	
49.874400	8	6	3	0	2	7	1	3535	-1350	42	2995	1	1	40	0	0	0	0	0	0	0	0	0	0	0	0	0	0	
50.879517	8	6	3	0	2	7	1	3526	-1348	42	3055	1	1	41	0	0	0	0	0	0	0	0	0	0	0	0	0	0	
51.886083	8	6	3	0	2	7	1	3517	-1350	42	3115	1	1	43	0	0	0	0	0	0	0	0	0	0	0	0	0	0	
52.872483	8	6	3	0	2	7	1	3509	-1350	42	3175	1	1	44	0	0	0	0	0	0	0	0	0	0	0	0	0	0	
53.877600	8	6	3	0	2	7	1	3500	-1350	42	3235	1	1	46	0	0	0	0	0	0	0	0	0	0	0	0	0	0	
54.882717	8	6	3	0	2	7	1	3493	-1350	42	3295	1	1	48	0	0	0	0	0	0	0	0	0	0	0	0	0	0	
55.887833	8	6	3	0	2	7	1	3485	-1350	42	3356	1	1	49	0	0	0	0	0	0	0	0	0	0	0	0	0	0	
56.874233	8	6	3	0	2	7	1	3478	-1349	42	3415	1	1	51	0	0	0	0	0	0	0	0	0	0	0	0	0	0	
57.880800	8	6	3	0	2	7	1	3471	-1351	42	3475	1	1	53	0	0	0	0	0	0	0	0	0	0	0	0	0	0	
58.885917	8	6	3	0	2	7	1	3464	-1351	42	3535	1	1	54	0	0	0	0	0	0	0	0	0	0	0	0	0	0	
59.872317	8	6	3	0	2	7	1	3458	-1348	42	3595	1	1	56	0	0	0	0	0	0	0	0	0	0	0	0	0	0	
60.877433	8	6	3	0	2	7	1	3451	-1350	42	3655	1	1	58	0	0	0	0	0	0	0	0	0	0	0	0	0	0	
61.882567	8	6	3	0	2	7	1	3444	-1350	42	3715	1	1	59	0	0	0	0	0	0	0	0	0	0	0	0	0	0	
62.889117	8	6	3	0	2	7	1	3438	-1350	42	3776	1	1	61	0	0	0	0	0	0	0	0	0	0	0	0	0	0	
63.875517	8	6	3	0	2	7	1	3431	-1350	42	3835	1	1	63	0	0	0	0	0	0	0	0	0	0	0	0	0	0	
64.880633	8	6	3	0	2	7	1	3425	-1349	42	3895	1	1	64	0	0	0	0	0	0	0	0	0	0	0	0	0	0	
65.885767	8	6	3	0	2	7	1	3418	-1349	42	3955	1	1	66	0	0	0	0	0	0	0	0	0	0	0	0	0	0	
66.872167	8	6	3	0	2	7	1	3411	-1349	42	4015	1	1	68	0	0	0	0	0	0	0	0	0	0	0	0	0	0	
67.878717	8	6	3	0	2	7	1	3403	-1350	42	4075	1	1	69	0	0	0	0	0	0	0	0	0	0	0	0	0	0	
68.883833	8	6	3	0	2	7	1	3395	-1348	42	4135	1	1	71	0	0	0	0	0	0	0	0	0	0	0	0	0	0	
69.888967	8	6	3	0	2	7	1	3385	-1350	42	4196	1	1	73	0	0	0	0	0	0	0	0	0	0	0	0	0	0	
70.875367	8	6	3	0	2	7	1	3374	-1349	42	4255	1	1	74	0	0	0	0	0	0	0	0	0	0	0	0	0	0	
71.880483	8	6	3	0	2	7	1	3362	-1350	42	4315	1	1	76	0	0	0	0	0	0	0	0	0	0	0	0	0	0	
72.887033	8	6	3	0	2	7	1	3346	-1349	42	4375	1	1	78	0	0	0	0	0	0	0	0	0	0	0	0	0	0	
73.892167	8	6	3	0	2	7	1	3327	-1349	42	4436	1	1	79	0	0	0	0	0	0	0	0	0	0	0	0	0	0	
74.878567	8	6	3	0	2	7	1	3304	-1351	42	4495	1	1	81	0	0	0	0	0	0	0	0	0	0	0	0	0	0	
75.883683	8	6	3	0	2	7	1	3274	-1351	42	4555	1	1	83	0	0	0	0	0	0	0	0	0	0	0	0	0	0	
76.888800	8	6	3	0	2	7	1	3227	-1350	42	4616	1	1	84	0	0	0	0	0	0	0	0	0	0	0	0	0	0	
77.875200	8	6	3	0	2	7	1	3137	-1350	42	4675	1	1	86	0	0	0	0	0	0	0	0	0	0	0	0	0	0	
78.881767	8	6	3	0	2	7	1	2945	-1350	42	4735	1	1	87	0	0	0	0	0	0	0	0	0	0	0	0	0	0	
79.397283	8	15	3	0	1	31	2	2753	12	42	4766	2	1	88	0	0	0	0	0	0	0	0	0	0	0	0	0	0	
79.417433	8	4	3	0	1	3	2	2939	68	42	4767	2	1	88	0	0	0	0	0	0	0	0	0	0	0	0	0	0	
79.531200	8	3	3	0	1	2	2	2994	0	42	4774	3	1	88	0	0	0	0	0	0	0	0	0	0	0	0	0	0	
79.891200	8	3	3	0	1	2	2	3337	675	42	4796	3	1	88	0	0	0	0	0	0	0	0	0	0	0	0	0	0	
80.877600	8	3	3	0	1	2	2	3518	674	42	4855	3	1	88	0	0	0	0	0	0	0	0	0	0	0	0	0	0	
81.884167	8	3	3	0	1	2	2	3614	674	42	4915	3	1	88	0	0	0	0	0	0	0	0	0	0	0	0	0	0	
82.889283	8	3	3	0	1	2	2	3681	675	42	4976	3	1	88	0	0	0	0	0	0	0	0	0	0	0	0	0	0	
83.875683	8	3	3	0	1	2	2	3731	674	42	5035	3	1	88	0	0	0	0	0	0	0	0	0	0	0	0	0	0	
84.880800	8	3	3	0	1	2	2	3771	675	42	5095	3	1	88	0	0	0	0	0	0	0	0	0	0	0	0	0	0	
85.885917	8	3	3	0	1	2	2	3801	675	42	5155	3	1	88	0	0	0	0	0	0	0	0	0	0	0	0	0	0	
86.891033	8	3	3	0	1	2	2	3816	674	42	5216	3	1	88	0	0	0	0	0	0	0	0	0	0	0	0	0	0	
87.878883	8	3	3	0	1	2	2	3824	675	42	5275	3	1	88	0	0	0	0	0	0	0	0	0	0	0	0	0	0	
88.884000	8	3	3	0	1	2	2	3829	675	42	5335	3	1	88	0	0	0	0	0	0	0	0	0	0	0	0	0	0	
89.892000	8	3	3	0	1	2	2	3834	675	42	5396	3	1	88	0	0	0	0	0	0	0	0	0	0	0	0	0	0	
90.878400	8	3	3	0	1	2	2	3839	674	42	5455	3	1	88	0	0	0	0	0	0	0	0	0	0	0	0	0	0	
91.883517	8	3	3	0	1	2	2	3843	674	42	5515	3	1	88	0	0	0	0	0	0	0	0	0	0	0	0	0	0	
92.888633	8	3	3	0	1	2	2	3848	674	42	5575	3	1	88	0	0	0	0	0	0	0	0	0	0	0	0	0	0	
93.875033	8	3	3	0	1	2	2	3852	675	42	5635	3	1	88	0	0	0	0	0	0	0	0	0	0	0	0	0	0	
94.880167	8	3	3	0	1	2	2	3857	675	42	5695	3	1	88	0	0	0	0	0	0	0	0	0	0	0	0	0	0	
95.886717	8	3	3	0	1	2	2	3862	675	42	5755	3	1	88	0	0	0	0	0	0	0	0	0	0	0	0	0	0	
96.891833	8	3	3	0	1	2	2	3868	674	42	5816	3	1	88	0	0	0	0	0	0	0	0	0	0	0	0	0	0	
97.878233	8	3	3	0	1	2	2	3873	675	42	5875	3	1	88	0	0	0	0	0	0	0	0	0	0	0	0	0	0	
98.883367	8	3	3	0	1	2	2	3879	674	42	5935	3	1	88	0	0	0	0	0	0	0	0	0	0	0	0	0	0	
99.888483	8	3	3	0	1	2	2	3885	676	42	5995	3	1	88	0	0	0	0	0	0	0	0	0	0	0	0	0	0	
100.874883	8	3	3	0	1	2	2	3891	674	42	6055	3	1	88	0	0	0	0	0	0	0	0	0	0	0	0	0	0	
101.881433	8	3	3	0	1	2	2	3896	675	42	6115	3	1	88	0	0	0	0	0	0	0	0	0	0	0	0	0	0	
102.886567	8	3	3	0	1	2	2	3902	675	42	6175	3	1	88	0	0	0	0	0	0	0	0	0	0	0	0	0	0	
103.891683	8	3	3	0	1	2	2	3907	675	42	6236	3	1	88	0	0	0	0	0	0	0	0	0	0	0	0	0	0	
104.878083	8	3	3	0	1	2	2	3912	675	42	6295	3	1	88	0	0	0	0	0	0	0	0	0	0	0	0	0	0	
105.883200	8	3	3	0	1	2	2	3916	675	42	6355	3	1	88	0	0	0	0	0	0	0	0	0	0	0	0	0	0	
106.888317	8	3	3	0	1	2	2	3921	674	42	6415	3	1	88	0	0	0	0	0	0	0	0	0	0	0	0	0	0	
107.894883	8	3	3	0	1	2	2	3924	675	42	6476	3	1	88	0	0	0	0	0	0	0	0	0	0	0	0	0	0	
108.881283	8	3	3	0	1	2	2	3928	675	42	6535	3	1	88	0	0	0	0	0	0	0	0	0	0	0	0	0	0	
109.886400	8	3	3	0	1	2	2	3931	674	42	6595	3	1	88	0	0	0	0	0	0	0	0	0	0	0	0	0	0	
110.891517	8	3	3	0	1	2	2	3934	675	42	6656	3	1	88	0	0	0	0	0	0	0	0	0	0	0	0	0	0	
111.877917	8	3	3	0	1	2	2	3937	674	42	6715	3	1	88	0	0	0	0	0	0	0	0	0	0	0	0	0	0	
112.883033	8	3	3	0	1	2	2	3940	674	42	6775	3	1	88	0	0	0	0	0	0	0	0	0	0	0	0	0	0	
113.889600	8	3	3	0	1	2	2	3943	674	42	6835	3	1	88	0	0	0	0	0	0	0	0	0	0	0	0	0	0	
114.894717	8	3	3	0	1	2	2	3946	675	42	6896	3	1	88	0	0	0	0	0	0	0	0	0	0	0	0	0	0	
115.881117	8	3	3	0	1	2	2	3948	674	42	6955	3	1	88	0	0	0	0	0	0	0	0	0	0	0	0	0	0	
116.886233	8	3	3	0	1	2	2	3951	675	42	7015	3	1	88	0	0	0	0	0	0	0	0	0	0	0	0	0	0	
117.891367	8	3	3	0	1	2	2	3954	674	42	7076	3	1	88	0	0	0	0	0	0	0	0	0	0	0	0	0	0	
118.879200	8	3	3	0	1	2	2	3957	675	42	7135	3	1	88	0	0	0	0	0	0	0	0	0	0	0	0	0	0	
119.884317	8	3	3	0	1	2	2	3960	675	42	7195	3	1	88	0	0	0	0	0	0	0	0	0	0	0	0	0	0	
120.889433	8	3	3	0	1	2	2	3963	675	42	7255	3	1	88	0	0	0	0	0	0	0	0	0	0	0	0	0	0	
121.894567	8	3	3	0	1	2	2	3966	674	42	7316	3	1	88	0	0	0	0	0	0	0	0	0	0	0	0	0	0	
122.880967	8	3	3	0	1	2	2	3969	674	42	7375	3	1	88	0	0	0	0	0	0	0	0	0	0	0	0	0	0	
123.887517	8	3	3	0	1	2	2	3973	674	42	7435	3	1	88	0	0	0	0	0	0	0	0	0	0	0	0	0	0	
124.894083	8	3	3	0	1	2	2	3976	675	42	7496	3	1	88	0	0	0	0	0	0	0	0	0	0	0	0	0	0	
125.880483	8	3	3	0	1	2	2	3979	675	42	7555	3	1	88	0	0	0	0	0	0	0	0	0	0	0	0	0	0	
126.885600	8	3	3	0	1	2	2	3982	674	42	7615	3	1	88	0	0	0	0	0	0	0	0	0	0	0	0	0	0	
127.892167	8	3	3	0	1	2	2	3986	674	42	7675	3	1	88	0	0	0	0	0	0	0	0	0	0	0	0	0	0	
128.878567	8	3	3	0	1	2	2	3990	675	42	7735	3	1	88	0	0	0	0	0	0	0	0	0	0	0	0	0	0	
129.883683	8	3	3	0	1	2	2	3993	674	42	7795	3	1	88	0	0	0	0	0	0	0	0	0	0	0	0	0	0	
130.888800	8	3	3	0	1	2	2	3997	674	42	7855	3	1	88	0	0	0	0	0	0	0	0	0	0	0	0	0	0	
131.893917	8	3	3	0	1	2	2	4001	674	42	7916	3	1	88	0	0	0	0	0	0	0	0	0	0	0	0	0	0	
132.880317	8	3	3	0	1	2	2	4005	675	42	7975	3	1	88	0	0	0	0	0	0	0	0	0	0	0	0	0	0	
133.886883	8	3	3	0	1	2	2	4008	675	42	8035	3	1	88	0	0	0	0	0	0	0	0	0	0	0	0	0	0	
134.892000	8	3	3	0	1	2	2	4012	675	42	8095	3	1	88	0	0	0	0	0	0	0	0	0	0	0	0	0	0	
135.878400	8	3	3	0	1	2	2	4016	675	42	8155	3	1	88	0	0	0	0	0	0	0	0	0	0	0	0	0	0	
136.883517	8	3	3	0	1	2	2	4021	675	42	8215	3	1	88	0	0	0	0	0	0	0	0	0	0	0	0	0	0	
137.888633	8	3	3	0	1	2	2	4024	674	42	8275	3	1	88	0	0	0	0	0	0	0	0	0	0	0	0	0	0	
138.895200	8	3	3	0	1	2	2	4029	674	42	8336	3	1	88	0	0	0	0	0	0	0	0	0	0	0	0	0	0	
139.881600	8	3	3	0	1	2	2	4033	674	42	8395	3	1	88	0	0	0	0	0	0	0	0	0	0	0	0	0	0	
140.886717	8	3	3	0	1	2	2	4038	674	42	8455	3	1	88	0	0	0	0	0	0	0	0	0	0	0	0	0	0	
141.891833	8	3	3	0	1	2	2	4042	675	42	8515	3	1	88	0	0	0	0	0	0	0	0	0	0	0	0	0	0	
142.878233	8	3	3	0	1	2	2	4047	674	42	8575	3	1	88	0	0	0	0	0	0	0	0	0	0	0	0	0	0	
143.883367	8	3	3	0	1	2	2	4051	674	42	8635	3	1	88	0	0	0	0	0	0	0	0	0	0	0	0	0	0	
144.889917	8	3	3	0	1	2	2	4056	674	42	8695	3	1	88	0	0	0	0	0	0	0	0	0	0	0	0	0	0	
145.895033	8	3	3	0	1	2	2	4061	674	42	8756	3	1	88	0	0	0	0	0	0	0	0	0	0	0	0	0	0	
146.881433	8	3	3	0	1	2	2	4065	674	42	8815	3	1	88	0	0	0	0	0	0	0	0	0	0	0	0	0	0	
147.886567	8	3	3	0	1	2	2	4071	675	42	8875	3	1	88	0	0	0	0	0	0	0	0	0	0	0	0	0	0	
148.891683	8	3	3	0	1	2	2	4076	674	42	8935	3	1	88	0	0	0	0	0	0	0	0	0	0	0	0	0	0	
149.898233	8	3	3	0	1	2	2	4081	673	42	8996	3	1	88	0	0	0	0	0	0	0	0	0	0	0	0	0	0	
150.884633	8	3	3	0	1	2	2	4086	675	42	9055	3	1	88	0	0	0	0	0	0	0	0	0	0	0	0	0	0	
151.889767	8	3	3	0	1	2	2	4092	673	42	9115	3	1	88	0	0	0	0	0	0	0	0	0	0	0	0	0	0	
152.894883	8	3	3	0	1	2	2	4097	674	42	9176	3	1	88	0	0	0	0	0	0	0	0	0	0	0	0	0	0	
153.881283	8	3	3	0	1	2	2	4102	675	42	9235	3	1	88	0	0	0	0	0	0	0	0	0	0	0	0	0	0	
154.886400	8	3	3	0	1	2	2	4108	675	42	9295	3	1	88	0	0	0	0	0	0	0	0	0	0	0	0	0	0	
155.892967	8	3	3	0	1	2	2	4114	675	42	9355	3	1	88	0	0	0	0	0	0	0	0	0	0	0	0	0	0	
156.898083	8	3	3	0	1	2	2	4118	665	42	9416	3	1	88	0	0	0	0	0	0	0	0	0	0	0	0	0	0	
157.884483	8	3	3	0	1	2	2	4123	662	42	9475	3	1	88	0	0	0	0	0	0	0	0	0	0	0	0	0	0	
158.889600	8	3	3	0	1	2	2	4128	662	42	9535	3	1	88	0	0	0	0	0	0	0	0	0	0	0	0	0	0	
159.896167	8	3	3	0	1	2	2	4134	661	42	9596	3	1	88	0	0	0	0	0	0	0	0	0	0	0	0	0	0	
160.882567	8	3	3	0	1	2	2	4140	659	42	9655	3	1	88	0	0	0	0	0	0	0	0	0	0	0	0	0	0	
161.887683	8	3	3	0	1	2	2	4146	658	42	9715	3	1	88	0	0	0	0	0	0	0	0	0	0	0	0	0	0	
162.892800	8	3	3	0	1	2	2	4152	655	42	9775	3	1	88	0	0	0	0	0	0	0	0	0	0	0	0	0	0	
163.897917	8	3	3	0	1	2	2	4158	654	42	9836	3	1	88	0	0	0	0	0	0	0	0	0	0	0	0	0	0	
164.884317	8	3	3	0	1	2	2	4164	654	42	9895	3	1	88	0	0	0	0	0	0	0	0	0	0	0	0	0	0	
165.896633	8	3	3	0	1	2	2	4170	653	42	9956	3	1	88	0	0	0	0	0	0	0	0	0	0	0	0	0	0	
166.883033	8	3	3	0	1	2	2	4177	657	42	10015	3	1	88	0	0	0	0	0	0	0	0	0	0	0	0	0	0	
167.889600	8	3	3	0	1	2	2	4185	660	42	10075	3	1	88	0	0	0	0	0	0	0	0	0	0	0	0	0	0	
168.894717	8	3	3	0	1	2	2	4192	663	42	10135	3	1	88	0	0	0	0	0	0	0	0	0	0	0	0	0	0	
169.881117	8	3	3	0	1	2	2	4198	659	42	10195	3	1	88	0	0	0	0	0	0	0	0	0	0	0	0	0	0	
170.886233	8	3	3	0	1	2	2	4199	626	42	10255	3	1	88	0	0	0	0	0	0	0	0	0	0	0	0	0	0	
171.891367	8	3	3	0	1	2	2	4199	598	42	10315	3	1	88	0	0	0	0	0	0	0	0	0	0	0	0	0	0	
172.897917	8	3	3	0	1	2	2	4199	570	42	10376	3	1	88	0	0	0	0	0	0	0	0	0	0	0	0	0	0	
173.884317	8	3	3	0	1	2	2	4199	545	42	10435	3	1	88	0	0	0	0	0	0	0	0	0	0	0	0	0	0	
174.889433	8	3	3	0	1	2	2	4199	521	42	10495	3	1	88	0	0	0	0	0	0	0	0	0	0	0	0	0	0	
175.894567	8	3	3	0	1	2	2	4199	498	42	10555	3	1	88	0	0	0	0	0	0	0	0	0	0	0	0	0	0	
176.880967	8	3	3	0	1	2	2	4198	475	42	10615	3	1	88	0	0	0	0	0	0	0	0	0	0	0	0	0	0	
177.887517	8	3	3	0	1	2	2	4198	454	42	10675	3	1	88	0	0	0	0	0	0	0	0	0	0	0	0	0	0	
178.892633	8	3	3	0	1	2	2	4199	434	42	10735	3	1	88	0	0	0	0	0	0	0	0	0	0	0	0	0	0	
179.897767	8	3	3	0	1	2	2	4199	414	42	10796	3	1	88	0	0	0	0	0	0	0	0	0	0	0	0	0	0	
180.884167	8	3	3	0	1	2	2	4198	396	42	10855	3	1	88	0	0	0	0	0	0	0	0	0	0	0	0	0	0	
181.889283	8	3	3	0	1	2	2	4199	379	42	10915	3	1	88	0	0	0	0	0	0	0	0	0	0	0	0	0	0	
182.895833	8	3	3	0	1	2	2	4199	362	42	10975	3	1	88	0	0	0	0	0	0	0	0	0	0	0	0	0	0	
183.882233	8	3	3	0	1	2	2	4198	344	42	11035	3	1	88	0	0	0	0	0	0	0	0	0	0	0	0	0	0	
184.887367	8	3	3	0	1	2	2	4199	329	42	11095	3	1	88	0	0	0	0	0	0	0	0	0	0	0	0	0	0	
185.892483	8	3	3	0	1	2	2	4199	315	42	11155	3	1	88	0	0	0	0	0	0	0	0	0	0	0	0	0	0	
186.897600	8	3	3	0	1	2	2	4199	300	42	11216	3	1	88	0	0	0	0	0	0	0	0	0	0	0	0	0	0	
187.884000	8	3	3	0	1	2	2	4198	287	42	11275	3	1	88	0	0	0	0	0	0	0	0	0	0	0	0	0	0	
188.890567	8	3	3	0	1	2	2	4199	275	42	11335	3	1	88	0	0	0	0	0	0	0	0	0	0	0	0	0	0	
189.895683	8	3	3	0	1	2	2	4199	263	42	11395	3	1	88	0	0	0	0	0	0	0	0	0	0	0	0	0	0	
190.900800	8	3	3	0	1	2	2	4198	252	42	11456	3	1	88	0	0	0	0	0	0	0	0	0	0	0	0	0	0	
191.887200	8	3	3	0	1	2	2	4198	241	42	11515	3	1	88	0	0	0	0	0	0	0	0	0	0	0	0	0	0	
192.892317	8	3	3	0	1	2	2	4199	229	42	11575	3	1	88	0	0	0	0	0	0	0	0	0	0	0	0	0	0	
193.898883	8	3	3	0	1	2	2	4198	219	42	11636	3	1	88	0	0	0	0	0	0	0	0	0	0	0	0	0	0	
194.885283	8	3	3	0	1	2	2	4198	209	42	11695	3	1	88	0	0	0	0	0	0	0	0	0	0	0	0	0	0	
195.890400	8	3	3	0	1	2	2	4199	200	42	11755	3	1	88	0	0	0	0	0	0	0	0	0	0	0	0	0	0	
196.895517	8	3	3	0	1	2	2	4198	191	42	11815	3	1	88	0	0	0	0	0	0	0	0	0	0	0	0	0	0	
197.900633	8	3	3	0	1	2	2	4198	183	42	11876	3	1	88	0	0	0	0	0	0	0	0	0	0	0	0	0	0	
198.887033	8	3	3	0	1	2	2	4198	174	42	11935	3	1	88	0	0	0	0	0	0	0	0	0	0	0	0	0	0	
199.893600	8	3	3	0	1	2	2	4198	167	42	11995	3	1	88	0	0	0	0	0	0	0	0	0	0	0	0	0	0	
200.898717	8	3	3	0	1	2	2	4198	159	42	12056	3	1	88	0	0	0	0	0	0	0	0	0	0	0	0	0	0	
201.885117	8	3	3	0	1	2	2	4198	152	42	12115	3	1	88	0	0	0	0	0	0	0	0	0	0	0	0	0	0	
202.890233	8	3	3	0	1	2	2	4199	146	42	12175	3	1	88	0	0	0	0	0	0	0	0	0	0	0	0	0	0	
203.895367	8	3	3	0	1	2	2	4198	139	42	12235	3	1	88	0	0	0	0	0	0	0	0	0	0	0	0	0	0	
204.900483	8	3	3	0	1	2	2	4199	132	42	12296	3	1	88	0	0	0	0	0	0	0	0	0	0	0	0	0	0	
205.888317	8	3	3	0	1	2	2	4198	127	42	12355	3	1	88	0	0	0	0	0	0	0	0	0	0	0	0	0	0	
206.893433	8	3	3	0	1	2	2	4199	122	42	12415	3	1	88	0	0	0	0	0	0	0	0	0	0	0	0	0	0	
207.898567	8	3	3	0	1	2	2	4198	115	42	12476	3	1	88	0	0	0	0	0	0	0	0	0	0	0	0	0	0	
208.884967	8	3	3	0	1	2	2	4199	111	42	12535	3	1	88	0	0	0	0	0	0	0	0	0	0	0	0	0	0	
209.890083	8	3	3	0	1	2	2	4199	106	42	12595	3	1	88	0	0	0	0	0	0	0	0	0	0	0	0	0	0	
210.896633	8	3	3	0	1	2	2	4199	101	42	12655	3	1	88	0	0	0	0	0	0	0	0	0	0	0	0	0	0	
211.901767	8	3	3	0	1	2	2	4199	98	42	12716	3	1	88	0	0	0	0	0	0	0	0	0	0	0	0	0	0	
212.888167	8	3	3	0	1	2	2	4198	93	42	12775	3	1	88	0	0	0	0	0	0	0	0	0	0	0	0	0	0	
213.893283	8	3	3	0	1	2	2	4198	88	42	12835	3	1	88	0	0	0	0	0	0	0	0	0	0	0	0	0	0	
214.898400	8	3	3	0	1	2	2	4199	85	42	12895	3	1	88	0	0	0	0	0	0	0	0	0	0	0	0	0	0	
215.889117	8	3	3	0	1	2	2	4198	80	42	12955	3	1	88	0	0	0	0	0	0	0	0	0	0	0	0	0	0	
216.894233	8	3	3	0	1	2	2	4198	76	42	13015	3	1	88	0	0	0	0	0	0	0	0	0	0	0	0	0	0	
217.899367	8	3	3	0	1	2	2	4198	74	42	13076	3	1	88	0	0	0	0	0	0	0	0	0	0	0	0	0	0	
218.887200	8	3	3	0	1	2	2	4198	71	42	13135	3	1	88	0	0	0	0	0	0	0	0	0	0	0	0	0	0	
219.892317	8	3	3	0	1	2	2	4198	67	42	13195	3	1	88	0	0	0	0	0	0	0	0	0	0	0	0	0	0	
220.163033	8	6	3	0	2	7	1	3934	-1349	42	13211	3	2	0	0	0	0	0	0	0	0	0	0	0	0	0	0	0	
220.898883	8	6	3	0	2	7	1	3885	-1349	42	13255	3	2	1	0	0	0	0	0	0	0	0	0	0	0	0	0	0	
221.885283	8	6	3	0	2	7	1	3859	-1349	42	13315	3	2	2	0	0	0	0	0	0	0	0	0	0	0	0	0	0	
222.890400	8	6	3	0	2	7	1	3839	-1350	42	13375	3	2	4	0	0	0	0	0	0	0	0	0	0	0	0	0	0	
223.896967	8	6	3	0	2	7	1	3820	-1349	42	13435	3	2	6	0	0	0	0	0	0	0	0	0	0	0	0	0	0	
224.902083	8	6	3	0	2	7	1	3802	-1350	42	13496	3	2	7	0	0	0	0	0	0	0	0	0	0	0	0	0	0	
225.888483	8	6	3	0	2	7	1	3785	-1349	42	13555	3	2	9	0	0	0	0	0	0	0	0	0	0	0	0	0	0	
226.893600	8	6	3	0	2	7	1	3769	-1348	42	13615	3	2	11	0	0	0	0	0	0	0	0	0	0	0	0	0	0	
227.898717	8	6	3	0	2	7	1	3753	-1349	42	13675	3	2	12	0	0	0	0	0	0	0	0	0	0	0	0	0	0	
228.885117	8	6	3	0	2	7	1	3738	-1350	42	13735	3	2	14	0	0	0	0	0	0	0	0	0	0	0	0	0	0	
229.891683	8	6	3	0	2	7	1	3722	-1349	42	13795	3	2	16	0	0	0	0	0	0	0	0	0	0	0	0	0	0	
230.896800	8	6	3	0	2	7	1	3707	-1349	42	13855	3	2	17	0	0	0	0	0	0	0	0	0	0	0	0	0	0	
231.901917	8	6	3	0	2	7	1	3693	-1350	42	13916	3	2	19	0	0	0	0	0	0	0	0	0	0	0	0	0	0	
232.888317	8	6	3	0	2	7	1	3679	-1350	42	13975	3	2	20	0	0	0	0	0	0	0	0	0	0	0	0	0	0	
233.893433	8	6	3	0	2	7	1	3666	-1349	42	14035	3	2	22	0	0	0	0	0	0	0	0	0	0	0	0	0	0	
234.900000	8	6	3	0	2	7	1	3652	-1348	42	14095	3	2	24	0	0	0	0	0	0	0	0	0	0	0	0	0	0	
235.886400	8	6	3	0	2	7	1	3640	-1350	42	14155	3	2	25	0	0	0	0	0	0	0	0	0	0	0	0	0	0	
236.891517	8	6	3	0	2	7	1	3628	-1349	42	14215	3	2	27	0	0	0	0	0	0	0	0	0	0	0	0	0	0	
237.896633	8	6	3	0	2	7	1	3616	-1350	42	14275	3	2	29	0	0	0	0	0	0	0	0	0	0	0	0	0	0	
238.901767	8	6	3	0	2	7	1	3604	-1349	42	14336	3	2	30	0	0	0	0	0	0	0	0	0	0	0	0	0	0	
239.889600	8	6	3	0	2	7	1	3593	-1349	42	14395	3	2	32	0	0	0	0	0	0	0	0	0	0	0	0	0	0	
240.894717	8	6	3	0	2	7	1	3582	-1348	42	14455	3	2	34	0	0	0	0	0	0	0	0	0	0	0	0	0	0	
241.899833	8	6	3	0	2	7	1	3571	-1350	42	14515	3	2	35	0	0	0	0	0	0	0	0	0	0	0	0	0	0	
242.904967	8	6	3	0	2	7	1	3561	-1348	42	14576	3	2	37	0	0	0	0	0	0	0	0	0	0	0	0	0	0	
243.891367	8	6	3	0	2	7	1	3551	-1349	42	14635	3	2	39	0	0	0	0	0	0	0	0	0	0	0	0	0	0	
244.896483	8	6	3	0	2	7	1	3541	-1350	42	14695	3	2	40	0	0	0	0	0	0	0	0	0	0	0	0	0	0	
245.903033	8	6	3	0	2	7	1	3532	-1350	42	14756	3	2	42	0	0	0	0	0	0	0	0	0	0	0	0	0	0	
246.889433	8	6	3	0	2	7	1	3523	-1351	42	14815	3	2	44	0	0	0	0	0	0	0	0	0	0	0	0	0	0	
247.894567	8	6	3	0	2	7	1	3514	-1350	42	14875	3	2	45	0	0	0	0	0	0	0	0	0	0	0	0	0	0	
248.899683	8	6	3	0	2	7	1	3506	-1349	42	14935	3	2	47	0	0	0	0	0	0	0	0	0	0	0	0	0	0	
249.904800	8	6	3	0	2	7	1	3498	-1350	42	14996	3	2	49	0	0	0	0	0	0	0	0	0	0	0	0	0	0	
250.891200	8	6	3	0	2	7	1	3490	-1350	42	15055	3	2	50	0	0	0	0	0	0	0	0	0	0	0	0	0	0	
251.897767	8	6	3	0	2	7	1	3483	-1350	42	15115	3	2	52	0	0	0	0	0	0	0	0	0	0	0	0	0	0	
252.902883	8	6	3	0	2	7	1	3476	-1350	42	15176	3	2	54	0	0	0	0	0	0	0	0	0	0	0	0	0	0	
253.889283	8	6	3	0	2	7	1	3469	-1350	42	15235	3	2	55	0	0	0	0	0	0	0	0	0	0	0	0	0	0	
254.894400	8	6	3	0	2	7	1	3462	-1350	42	15295	3	2	57	0	0	0	0	0	0	0	0	0	0	0	0	0	0	
255.899517	8	6	3	0	2	7	1	3455	-1350	42	15355	3	2	59	0	0	0	0	0	0	0	0	0	0	0	0	0	0	
256.906083	8	6	3	0	2	7	1	3449	-1349	42	15416	3	2	60	0	0	0	0	0	0	0	0	0	0	0	0	0	0	
257.892483	8	6	3	0	2	7	1	3443	-1349	42	15475	3	2	62	0	0	0	0	0	0	0	0	0	0	0	0	0	0	
258.897600	8	6	3	0	2	7	1	3436	-1349	42	15535	3	2	64	0	0	0	0	0	0	0	0	0	0	0	0	0	0	
259.902717	8	6	3	0	2	7	1	3429	-1349	42	15596	3	2	65	0	0	0	0	0	0	0	0	0	0	0	0	0	0	
260.889117	8	6	3	0	2	7	1	3423	-1350	42	15655	3	2	67	0	0	0	0	0	0	0	0	0	0	0	0	0	0	
261.894233	8	6	3	0	2	7	1	3416	-1348	42	15715	3	2	69	0	0	0	0	0	0	0	0	0	0	0	0	0	0	
262.900800	8	6	3	0	2	7	1	3408	-1350	42	15775	3	2	70	0	0	0	0	0	0	0	0	0	0	0	0	0	0	
263.905917	8	6	3	0	2	7	1	3400	-1350	42	15836	3	2	72	0	0	0	0	0	0	0	0	0	0	0	0	0	0	
264.892317	8	6	3	0	2	7	1	3391	-1349	42	15895	3	2	74	0	0	0	0	0	0	0	0	0	0	0	0	0	0	
265.897433	8	6	3	0	2	7	1	3382	-1350	42	15955	3	2	75	0	0	0	0	0	0	0	0	0	0	0	0	0	0	
266.902567	8	6	3	0	2	7	1	3370	-1350	42	16016	3	2	77	0	0	0	0	0	0	0	0	0	0	0	0	0	0	
267.890400	8	6	3	0	2	7	1	3357	-1350	42	16075	3	2	78	0	0	0	0	0	0	0	0	0	0	0	0	0	0	
268.895517	8	6	3	0	2	7	1	3340	-1349	42	16135	3	2	80	0	0	0	0	0	0	0	0	0	0	0	0	0	0	
269.900633	8	6	3	0	2	7	1	3320	-1348	42	16195	3	2	82	0	0	0	0	0	0	0	0	0	0	0	0	0	0	
270.905767	8	6	3	0	2	7	1	3294	-1349	42	16256	3	2	83	0	0	0	0	0	0	0	0	0	0	0	0	0	0	
271.892167	8	6	3	0	2	7	1	3259	-1349	42	16315	3	2	85	0	0	0	0	0	0	0	0	0	0	0	0	0	0	
272.898717	8	6	3	0	2	7	1	3199	-1349	42	16375	3	2	87	0	0	0	0	0	0	0	0	0	0	0	0	0	0	
273.903833	8	6	3	0	2	7	1	3077	-1351	42	16435	3	2	88	0	0	0	0	0	0	0	0	0	0	0	0	0	0	
274.890233	8	6	3	0	2	7	1	2747	-1349	42	16495	3	2	90	0	0	0	0	0	0	0	0	0	0	0	0	0	0	
275.009767	8	15	3	0	1	31	2	2921	64	42	16502	4	2	90	0	0	0	0	0	0	0	0	0	0	0	0	0	0	
275.029917	8	4	3	0	1	3	2	2946	67	42	16503	4	2	90	0	0	0	0	0	0	0	0	0	0	0	0	0	0	
275.126400	8	3	3	0	1	2	2	3000	23	42	16509	5	2	90	0	0	0	0	0	0	0	0	0	0	0	0	0	0	
275.901117	8	3	3	0	1	2	2	3433	674	42	16555	5	2	90	0	0	0	0	0	0	0	0	0	0	0	0	0	0	
276.906233	8	3	3	0	1	2	2	3564	674	42	16616	5	2	90	0	0	0	0	0	0	0	0	0	0	0	0	0	0	
277.892633	8	3	3	0	1	2	2	3644	674	42	16675	5	2	90	0	0	0	0	0	0	0	0	0	0	0	0	0	0	
278.897767	8	3	3	0	1	2	2	3703	674	42	16735	5	2	90	0	0	0	0	0	0	0	0	0	0	0	0	0	0	
279.902883	8	3	3	0	1	2	2	3749	675	42	16795	5	2	90	0	0	0	0	0	0	0	0	0	0	0	0	0	0	
280.889283	8	3	3	0	1	2	2	3784	675	42	16855	5	2	90	0	0	0	0	0	0	0	0	0	0	0	0	0	0	
281.895833	8	3	3	0	1	2	2	3808	674	42	16915	5	2	90	0	0	0	0	0	0	0	0	0	0	0	0	0	0	
282.900967	8	3	3	0	1	2	2	3819	675	42	16975	5	2	90	0	0	0	0	0	0	0	0	0	0	0	0	0	0	
283.906083	8	3	3	0	1	2	2	3825	675	42	17036	5	2	90	0	0	0	0	0	0	0	0	0	0	0	0	0	0	
284.892483	8	3	3	0	1	2	2	3831	675	42	17095	5	2	90	0	0	0	0	0	0	0	0	0	0	0	0	0	0	
285.897600	8	3	3	0	1	2	2	3835	674	42	17155	5	2	90	0	0	0	0	0	0	0	0	0	0	0	0	0	0	
286.904167	8	3	3	0	1	2	2	3840	674	42	17215	5	2	90	0	0	0	0	0	0	0	0	0	0	0	0	0	0	
287.890567	8	3	3	0	1	2	2	3844	675	42	17275	5	2	90	0	0	0	0	0	0	0	0	0	0	0	0	0	0	
288.895683	8	3	3	0	1	2	2	3849	675	42	17335	5	2	90	0	0	0	0	0	0	0	0	0	0	0	0	0	0	
289.900800	8	3	3	0	1	2	2	3853	675	42	17395	5	2	90	0	0	0	0	0	0	0	0	0	0	0	0	0	0	
290.905917	8	3	3	0	1	2	2	3859	675	42	17456	5	2	90	0	0	0	0	0	0	0	0	0	0	0	0	0	0	
291.893767	8	3	3	0	1	2	2	3864	675	42	17515	5	2	90	0	0	0	0	0	0	0	0	0	0	0	0	0	0	
292.898883	8	3	3	0	1	2	2	3869	675	42	17575	5	2	90	0	0	0	0	0	0	0	0	0	0	0	0	0	0	
293.904000	8	3	3	0	1	2	2	3875	674	42	17635	5	2	90	0	0	0	0	0	0	0	0	0	0	0	0	0	0	
294.890400	8	3	3	0	1	2	2	3881	674	42	17695	5	2	90	0	0	0	0	0	0	0	0	0	0	0	0	0	0	
295.895517	8	3	3	0	1	2	2	3887	675	42	17755	5	2	90	0	0	0	0	0	0	0	0	0	0	0	0	0	0	
296.900633	8	3	3	0	1	2	2	3893	675	42	17815	5	2	90	0	0	0	0	0	0	0	0	0	0	0	0	0	0	
297.907200	8	3	3	0	1	2	2	3898	675	42	17876	5	2	90	0	0	0	0	0	0	0	0	0	0	0	0	0	0	
298.893600	8	3	3	0	1	2	2	3903	674	42	17935	5	2	90	0	0	0	0	0	0	0	0	0	0	0	0	0	0	
299.900167	8	3	3	0	1	2	2	3908	674	42	17995	5	2	90	0	0	0	0	0	0	0	0	0	0	0	0	0	0	
300.905283	8	3	3	0	1	2	2	3913	674	42	18056	5	2	90	0	0	0	0	0	0	0	0	0	0	0	0	0	0	
301.893117	8	3	3	0	1	2	2	3917	675	42	18115	5	2	90	0	0	0	0	0	0	0	0	0	0	0	0	0	0	
302.898233	8	3	3	0	1	2	2	3921	675	42	18175	5	2	90	0	0	0	0	0	0	0	0	0	0	0	0	0	0	
303.903367	8	3	3	0	1	2	2	3924	673	42	18235	5	2	90	0	0	0	0	0	0	0	0	0	0	0	0	0	0	
304.908483	8	3	3	0	1	2	2	3928	675	42	18296	5	2	90	0	0	0	0	0	0	0	0	0	0	0	0	0	0	
305.894883	8	3	3	0	1	2	2	3931	675	42	18355	5	2	90	0	0	0	0	0	0	0	0	0	0	0	0	0	0	
306.900000	8	3	3	0	1	2	2	3934	673	42	18415	5	2	90	0	0	0	0	0	0	0	0	0	0	0	0	0	0	
307.906567	8	3	3	0	1	2	2	3937	674	42	18475	5	2	90	0	0	0	0	0	0	0	0	0	0	0	0	0	0	
308.892967	8	3	3	0	1	2	2	3940	674	42	18535	5	2	90	0	0	0	0	0	0	0	0	0	0	0	0	0	0	
309.898083	8	3	3	0	1	2	2	3943	675	42	18595	5	2	90	0	0	0	0	0	0	0	0	0	0	0	0	0	0	
310.903200	8	3	3	0	1	2	2	3946	674	42	18655	5	2	90	0	0	0	0	0	0	0	0	0	0	0	0	0	0	
311.908317	8	3	3	0	1	2	2	3948	674	42	18716	5	2	90	0	0	0	0	0	0	0	0	0	0	0	0	0	0	
312.896167	8	3	3	0	1	2	2	3952	674	42	18775	5	2	90	0	0	0	0	0	0	0	0	0	0	0	0	0	0	
313.901283	8	3	3	0	1	2	2	3954	675	42	18835	5	2	90	0	0	0	0	0	0	0	0	0	0	0	0	0	0	
314.906400	8	3	3	0	1	2	2	3957	674	42	18895	5	2	90	0	0	0	0	0	0	0	0	0	0	0	0	0	0	
315.892800	8	3	3	0	1	2	2	3961	675	42	18955	5	2	90	0	0	0	0	0	0	0	0	0	0	0	0	0	0	
316.897917	8	3	3	0	1	2	2	3963	675	42	19015	5	2	90	0	0	0	0	0	0	0	0	0	0	0	0	0	0	
317.904483	8	3	3	0	1	2	2	3967	673	42	19075	5	2	90	0	0	0	0	0	0	0	0	0	0	0	0	0	0	
318.909600	8	3	3	0	1	2	2	3970	675	42	19136	5	2	90	0	0	0	0	0	0	0	0	0	0	0	0	0	0	
319.896000	8	3	3	0	1	2	2	3973	674	42	19195	5	2	90	0	0	0	0	0	0	0	0	0	0	0	0	0	0	
320.901117	8	3	3	0	1	2	2	3976	674	42	19255	5	2	90	0	0	0	0	0	0	0	0	0	0	0	0	0	0	
321.906233	8	3	3	0	1	2	2	3980	674	42	19315	5	2	90	0	0	0	0	0	0	0	0	0	0	0	0	0	0	
322.892633	8	3	3	0	1	2	2	3983	675	42	19375	5	2	90	0	0	0	0	0	0	0	0	0	0	0	0	0	0	
323.899200	8	3	3	0	1	2	2	3987	674	42	19435	5	2	90	0	0	0	0	0	0	0	0	0	0	0	0	0	0	
324.904317	8	3	3	0	1	2	2	3990	674	42	19495	5	2	90	0	0	0	0	0	0	0	0	0	0	0	0	0	0	
325.909433	8	3	3	0	1	2	2	3994	675	42	19556	5	2	90	0	0	0	0	0	0	0	0	0	0	0	0	0	0	
326.895833	8	3	3	0	1	2	2	3997	673	42	19615	5	2	90	0	0	0	0	0	0	0	0	0	0	0	0	0	0	
327.900967	8	3	3	0	1	2	2	4001	674	42	19675	5	2	90	0	0	0	0	0	0	0	0	0	0	0	0	0	0	
328.906083	8	3	3	0	1	2	2	4005	674	42	19735	5	2	90	0	0	0	0	0	0	0	0	0	0	0	0	0	0	
329.893917	8	3	3	0	1	2	2	4009	674	42	19795	5	2	90	0	0	0	0	0	0	0	0	0	0	0	0	0	0	
330.899033	8	3	3	0	1	2	2	4013	675	42	19855	5	2	90	0	0	0	0	0	0	0	0	0	0	0	0	0	0	
331.904167	8	3	3	0	1	2	2	4017	674	42	19915	5	2	90	0	0	0	0	0	0	0	0	0	0	0	0	0	0	
332.909283	8	3	3	0	1	2	2	4022	675	42	19976	5	2	90	0	0	0	0	0	0	0	0	0	0	0	0	0	0	
333.895683	8	3	3	0	1	2	2	4025	674	42	20035	5	2	90	0	0	0	0	0	0	0	0	0	0	0	0	0	0	
334.902233	8	3	3	0	1	2	2	4030	674	42	20095	5	2	90	0	0	0	0	0	0	0	0	0	0	0	0	0	0	
335.907367	8	3	3	0	1	2	2	4034	674	42	20155	5	2	90	0	0	0	0	0	0	0	0	0	0	0	0	0	0	
336.893767	8	3	3	0	1	2	2	4038	674	42	20215	5	2	90	0	0	0	0	0	0	0	0	0	0	0	0	0	0	
337.898883	8	3	3	0	1	2	2	4043	674	42	20275	5	2	90	0	0	0	0	0	0	0	0	0	0	0	0	0	0	
338.904000	8	3	3	0	1	2	2	4048	674	42	20335	5	2	90	0	0	0	0	0	0	0	0	0	0	0	0	0	0	
339.910567	8	3	3	0	1	2	2	4053	676	42	20396	5	2	90	0	0	0	0	0	0	0	0	0	0	0	0	0	0	
340.896967	8	3	3	0	1	2	2	4057	674	42	20455	5	2	90	0	0	0	0	0	0	0	0	0	0	0	0	0	0	
341.902083	8	3	3	0	1	2	2	4062	674	42	20515	5	2	90	0	0	0	0	0	0	0	0	0	0	0	0	0	0	
342.907200	8	3	3	0	1	2	2	4067	674	42	20575	5	2	90	0	0	0	0	0	0	0	0	0	0	0	0	0	0	
343.912317	8	3	3	0	1	2	2	4073	678	42	20636	5	2	90	0	0	0	0	0	0	0	0	0	0	0	0	0	0	
344.898717	8	3	3	0	1	2	2	4077	675	42	20695	5	2	90	0	0	0	0	0	0	0	0	0	0	0	0	0	0	
345.905283	8	3	3	0	1	2	2	4083	675	42	20755	5	2	90	0	0	0	0	0	0	0	0	0	0	0	0	0	0	
346.910400	8	3	3	0	1	2	2	4088	674	42	20816	5	2	90	0	0	0	0	0	0	0	0	0	0	0	0	0	0	
347.896800	8	3	3	0	1	2	2	4093	673	42	20875	5	2	90	0	0	0	0	0	0	0	0	0	0	0	0	0	0	
348.901917	8	3	3	0	1	2	2	4099	675	42	20935	5	2	90	0	0	0	0	0	0	0	0	0	0	0	0	0	0	
349.907033	8	3	3	0	1	2	2	4104	675	42	20995	5	2	90	0	0	0	0	0	0	0	0	0	0	0	0	0	0	
350.913600	8	3	3	0	1	2	2	4110	672	42	21056	5	2	90	0	0	0	0	0	0	0	0	0	0	0	0	0	0	
351.900000	8	3	3	0	1	2	2	4116	676	42	21115	5	2	90	0	0	0	0	0	0	0	0	0	0	0	0	0	0	
352.905117	8	3	3	0	1	2	2	4119	664	42	21175	5	2	90	0	0	0	0	0	0	0	0	0	0	0	0	0	0	
353.910233	8	3	3	0	1	2	2	4125	662	42	21236	5	2	90	0	0	0	0	0	0	0	0	0	0	0	0	0	0	
354.896633	8	3	3	0	1	2	2	4131	663	42	21295	5	2	90	0	0	0	0	0	0	0	0	0	0	0	0	0	0	
355.903200	8	3	3	0	1	2	2	4136	661	42	21355	5	2	90	0	0	0	0	0	0	0	0	0	0	0	0	0	0	
356.908317	8	3	3	0	1	2	2	4142	659	42	21415	5	2	90	0	0	0	0	0	0	0	0	0	0	0	0	0	0	
357.913433	8	3	3	0	1	2	2	4149	660	42	21476	5	2	90	0	0	0	0	0	0	0	0	0	0	0	0	0	0	
358.899833	8	3	3	0	1	2	2	4155	661	42	21535	5	2	90	0	0	0	0	0	0	0	0	0	0	0	0	0	0	
359.904967	8	3	3	0	1	2	2	4161	658	42	21595	5	2	90	0	0	0	0	0	0	0	0	0	0	0	0	0	0	
360.911517	8	3	3	0	1	2	2	4167	656	42	21656	5	2	90	0	0	0	0	0	0	0	0	0	0	0	0	0	0	
361.897917	8	3	3	0	1	2	2	4173	653	42	21715	5	2	90	0	0	0	0	0	0	0	0	0	0	0	0	0	0	
362.903033	8	3	3	0	1	2	2	4179	651	42	21775	5	2	90	0	0	0	0	0	0	0	0	0	0	0	0	0	0	
363.908167	8	3	3	0	1	2	2	4185	650	42	21835	5	2	90	0	0	0	0	0	0	0	0	0	0	0	0	0	0	
364.913283	8	3	3	0	1	2	2	4192	651	42	21896	5	2	90	0	0	0	0	0	0	0	0	0	0	0	0	0	0	
365.899683	8	3	3	0	1	2	2	4199	650	42	21955	5	2	90	0	0	0	0	0	0	0	0	0	0	0	0	0	0	
366.906233	8	3	3	0	1	2	2	4198	616	42	22015	5	2	90	0	0	0	0	0	0	0	0	0	0	0	0	0	0	
367.911367	8	3	3	0	1	2	2	4199	587	42	22075	5	2	90	0	0	0	0	0	0	0	0	0	0	0	0	0	0	
368.897767	8	3	3	0	1	2	2	4199	561	42	22135	5	2	90	0	0	0	0	0	0	0	0	0	0	0	0	0	0	
369.902883	8	3	3	0	1	2	2	4199	535	42	22195	5	2	90	0	0	0	0	0	0	0	0	0	0	0	0	0	0	
370.908000	8	3	3	0	1	2	2	4199	512	42	22255	5	2	90	0	0	0	0	0	0	0	0	0	0	0	0	0	0	
371.913117	8	3	3	0	1	2	2	4199	488	42	22316	5	2	90	0	0	0	0	0	0	0	0	0	0	0	0	0	0	
372.900967	8	3	3	0	1	2	2	4199	466	42	22375	5	2	90	0	0	0	0	0	0	0	0	0	0	0	0	0	0	
373.906083	8	3	3	0	1	2	2	4199	444	42	22435	5	2	90	0	0	0	0	0	0	0	0	0	0	0	0	0	0	
374.911200	8	3	3	0	1	2	2	4199	425	42	22495	5	2	90	0	0	0	0	0	0	0	0	0	0	0	0	0	0	
375.897600	8	3	3	0	1	2	2	4199	405	42	22555	5	2	90	0	0	0	0	0	0	0	0	0	0	0	0	0	0	
376.907033	8	3	3	0	1	2	2	4198	387	42	22615	5	2	90	0	0	0	0	0	0	0	0	0	0	0	0	0	0	
377.912167	8	3	3	0	1	2	2	4199	370	42	22676	5	2	90	0	0	0	0	0	0	0	0	0	0	0	0	0	0	
378.898567	8	3	3	0	1	2	2	4199	353	42	22735	5	2	90	0	0	0	0	0	0	0	0	0	0	0	0	0	0	
379.903683	8	3	3	0	1	2	2	4198	337	42	22795	5	2	90	0	0	0	0	0	0	0	0	0	0	0	0	0	0	
380.908800	8	3	3	0	1	2	2	4199	323	42	22855	5	2	90	0	0	0	0	0	0	0	0	0	0	0	0	0	0	
381.915367	8	3	3	0	1	2	2	4199	307	42	22916	5	2	90	0	0	0	0	0	0	0	0	0	0	0	0	0	0	
382.901767	8	3	3	0	1	2	2	4199	294	42	22975	5	2	90	0	0	0	0	0	0	0	0	0	0	0	0	0	0	
383.906883	8	3	3	0	1	2	2	4199	282	42	23035	5	2	90	0	0	0	0	0	0	0	0	0	0	0	0	0	0	
384.912000	8	3	3	0	1	2	2	4199	268	42	23095	5	2	90	0	0	0	0	0	0	0	0	0	0	0	0	0	0	
385.898400	8	3	3	0	1	2	2	4199	257	42	23155	5	2	90	0	0	0	0	0	0	0	0	0	0	0	0	0	0	
386.903517	8	3	3	0	1	2	2	4199	245	42	23215	5	2	90	0	0	0	0	0	0	0	0	0	0	0	0	0	0	
387.910083	8	3	3	0	1	2	2	4199	234	42	23275	5	2	90	0	0	0	0	0	0	0	0	0	0	0	0	0	0	
388.915200	8	3	3	0	1	2	2	4199	224	42	23336	5	2	90	0	0	0	0	0	0	0	0	0	0	0	0	0	0	
389.901600	8	3	3	0	1	2	2	4198	214	42	23395	5	2	90	0	0	0	0	0	0	0	0	0	0	0	0	0	0	
390.906717	8	3	3	0	1	2	2	4198	204	42	23455	5	2	90	0	0	0	0	0	0	0	0	0	0	0	0	0	0	
391.911833	8	3	3	0	1	2	2	4198	195	42	23515	5	2	90	0	0	0	0	0	0	0	0	0	0	0	0	0	0	
392.899683	8	3	3	0	1	2	2	4199	186	42	23575	5	2	90	0	0	0	0	0	0	0	0	0	0	0	0	0	0	
393.904800	8	3	3	0	1	2	2	4198	178	42	23635	5	2	90	0	0	0	0	0	0	0	0	0	0	0	0	0	0	
394.909917	8	3	3	0	1	2	2	4198	168	42	23695	5	2	90	0	0	0	0	0	0	0	0	0	0	0	0	0	0	
395.915033	8	3	3	0	1	2	2	4198	162	42	23756	5	2	90	0	0	0	0	0	0	0	0	0	0	0	0	0	0	
396.901433	8	3	3	0	1	2	2	4199	156	42	23815	5	2	90	0	0	0	0	0	0	0	0	0	0	0	0	0	0	
397.908000	8	3	3	0	1	2	2	4198	148	42	23875	5	2	90	0	0	0	0	0	0	0	0	0	0	0	0	0	0	
398.913117	8	3	3	0	1	2	2	4199	142	42	23935	5	2	90	0	0	0	0	0	0	0	0	0	0	0	0	0	0	
399.899517	8	3	3	0	1	2	2	4199	135	42	23995	5	2	90	0	0	0	0	0	0	0	0	0	0	0	0	0	0	
400.904633	8	3	3	0	1	2	2	4199	129	42	24055	5	2	90	0	0	0	0	0	0	0	0	0	0	0	0	0	0	
401.909767	8	3	3	0	1	2	2	4199	123	42	24115	5	2	90	0	0	0	0	0	0	0	0	0	0	0	0	0	0	
402.914883	8	3	3	0	1	2	2	4198	118	42	24176	5	2	90	0	0	0	0	0	0	0	0	0	0	0	0	0	0	
403.902717	8	3	3	0	1	2	2	4198	114	42	24235	5	2	90	0	0	0	0	0	0	0	0	0	0	0	0	0	0	
404.907833	8	3	3	0	1	2	2	4198	108	42	24295	5	2	90	0	0	0	0	0	0	0	0	0	0	0	0	0	0	
405.912967	8	3	3	0	1	2	2	4198	103	42	24355	5	2	90	0	0	0	0	0	0	0	0	0	0	0	0	0	0	
406.899367	8	3	3	0	1	2	2	4198	99	42	24415	5	2	90	0	0	0	0	0	0	0	0	0	0	0	0	0	0	
407.904483	8	3	3	0	1	2	2	4198	93	42	24475	5	2	90	0	0	0	0	0	0	0	0	0	0	0	0	0	0	
408.909600	8	3	3	0	1	2	2	4199	90	42	24535	5	2	90	0	0	0	0	0	0	0	0	0	0	0	0	0	0	
409.916167	8	3	3	0	1	2	2	4198	87	42	24596	5	2	90	0	0	0	0	0	0	0	0	0	0	0	0	0	0	
410.902567	8	3	3	0	1	2	2	4199	83	42	24655	5	2	90	0	0	0	0	0	0	0	0	0	0	0	0	0	0	
411.907683	8	3	3	0	1	2	2	4199	79	42	24715	5	2	90	0	0	0	0	0	0	0	0	0	0	0	0	0	0	
412.912800	8	3	3	0	1	2	2	4198	76	42	24775	5	2	90	0	0	0	0	0	0	0	0	0	0	0	0	0	0	
413.899200	8	3	3	0	1	2	2	4198	72	42	24835	5	2	90	0	0	0	0	0	0	0	0	0	0	0	0	0	0	
414.905767	8	3	3	0	1	2	2	4199	69	42	24895	5	2	90	0	0	0	0	0	0	0	0	0	0	0	0	0	0	
415.722233	8	6	3	0	2	7	1	3976	-1151	42	24944	5	3	0	0	0	0	0	0	0	0	0	0	0	0	0	0	0	
415.912317	8	6	3	0	2	7	1	3913	-1348	42	24955	5	3	0	0	0	0	0	0	0	0	0	0	0	0	0	0	0	
416.917433	8	6	3	0	2	7	1	3872	-1348	42	25016	5	3	1	0	0	0	0	0	0	0	0	0	0	0	0	0	0	
417.903833	8	6	3	0	2	7	1	3850	-1350	42	25075	5	3	3	0	0	0	0	0	0	0	0	0	0	0	0	0	0	
418.908967	8	6	3	0	2	7	1	3831	-1349	42	25135	5	3	5	0	0	0	0	0	0	0	0	0	0	0	0	0	0	
419.915517	8	6	3	0	2	7	1	3812	-1349	42	25195	5	3	6	0	0	0	0	0	0	0	0	0	0	0	0	0	0	
420.901917	8	6	3	0	2	7	1	3795	-1351	42	25255	5	3	8	0	0	0	0	0	0	0	0	0	0	0	0	0	0	
421.907033	8	6	3	0	2	7	1	3778	-1348	42	25315	5	3	10	0	0	0	0	0	0	0	0	0	0	0	0	0	0	
422.912167	8	6	3	0	2	7	1	3762	-1349	42	25375	5	3	11	0	0	0	0	0	0	0	0	0	0	0	0	0	0	
423.918717	8	6	3	0	2	7	1	3746	-1351	42	25436	5	3	13	0	0	0	0	0	0	0	0	0	0	0	0	0	0	
424.905117	8	6	3	0	2	7	1	3731	-1350	42	25495	5	3	15	0	0	0	0	0	0	0	0	0	0	0	0	0	0	
425.910233	8	6	3	0	2	7	1	3715	-1348	42	25555	5	3	16	0	0	0	0	0	0	0	0	0	0	0	0	0	0	
426.915367	8	6	3	0	2	7	1	3701	-1350	42	25615	5	3	18	0	0	0	0	0	0	0	0	0	0	0	0	0	0	
427.901767	8	6	3	0	2	7	1	3687	-1350	42	25675	5	3	20	0	0	0	0	0	0	0	0	0	0	0	0	0	0	
428.908317	8	6	3	0	2	7	1	3674	-1350	42	25735	5	3	21	0	0	0	0	0	0	0	0	0	0	0	0	0	0	
429.913433	8	6	3	0	2	7	1	3660	-1350	42	25795	5	3	23	0	0	0	0	0	0	0	0	0	0	0	0	0	0	
430.918567	8	6	3	0	2	7	1	3647	-1350	42	25856	5	3	25	0	0	0	0	0	0	0	0	0	0	0	0	0	0	
431.904967	8	6	3	0	2	7	1	3635	-1350	42	25915	5	3	26	0	0	0	0	0	0	0	0	0	0	0	0	0	0	
432.910083	8	6	3	0	2	7	1	3623	-1350	42	25975	5	3	28	0	0	0	0	0	0	0	0	0	0	0	0	0	0	
433.915200	8	6	3	0	2	7	1	3611	-1349	42	26035	5	3	29	0	0	0	0	0	0	0	0	0	0	0	0	0	0	
434.903033	8	6	3	0	2	7	1	3600	-1350	42	26095	5	3	31	0	0	0	0	0	0	0	0	0	0	0	0	0	0	
435.908167	8	6	3	0	2	7	1	3588	-1350	42	26155	5	3	33	0	0	0	0	0	0	0	0	0	0	0	0	0	0	
436.913283	8	6	3	0	2	7	1	3578	-1349	42	26215	5	3	34	0	0	0	0	0	0	0	0	0	0	0	0	0	0	
437.918400	8	6	3	0	2	7	1	3567	-1351	42	26276	5	3	36	0	0	0	0	0	0	0	0	0	0	0	0	0	0	
438.909117	8	6	3	0	2	7	1	3557	-1350	42	26335	5	3	38	0	0	0	0	0	0	0	0	0	0	0	0	0	0	
439.914233	8	6	3	0	2	7	1	3547	-1349	42	26395	5	3	39	0	0	0	0	0	0	0	0	0	0	0	0	0	0	
440.919367	8	6	3	0	2	7	1	3537	-1350	42	26456	5	3	41	0	0	0	0	0	0	0	0	0	0	0	0	0	0	
441.905767	8	6	3	0	2	7	1	3528	-1349	42	26515	5	3	43	0	0	0	0	0	0	0	0	0	0	0	0	0	0	
442.910883	8	6	3	0	2	7	1	3519	-1350	42	26575	5	3	44	0	0	0	0	0	0	0	0	0	0	0	0	0	0	
443.917433	8	6	3	0	2	7	1	3511	-1350	42	26635	5	3	46	0	0	0	0	0	0	0	0	0	0	0	0	0	0	
444.903833	8	6	3	0	2	7	1	3503	-1350	42	26695	5	3	48	0	0	0	0	0	0	0	0	0	0	0	0	0	0	
445.908967	8	6	3	0	2	7	1	3495	-1349	42	26755	5	3	49	0	0	0	0	0	0	0	0	0	0	0	0	0	0	
446.914083	8	6	3	0	2	7	1	3487	-1350	42	26815	5	3	51	0	0	0	0	0	0	0	0	0	0	0	0	0	0	
447.904800	8	6	3	0	2	7	1	3480	-1350	42	26875	5	3	52	0	0	0	0	0	0	0	0	0	0	0	0	0	0	
448.909917	8	6	3	0	2	7	1	3473	-1349	42	26935	5	3	54	0	0	0	0	0	0	0	0	0	0	0	0	0	0	
449.915033	8	6	3	0	2	7	1	3466	-1349	42	26995	5	3	56	0	0	0	0	0	0	0	0	0	0	0	0	0	0	
450.920167	8	6	3	0	2	7	1	3459	-1349	42	27056	5	3	57	0	0	0	0	0	0	0	0	0	0	0	0	0	0	
451.906567	8	6	3	0	2	7	1	3453	-1349	42	27115	5	3	59	0	0	0	0	0	0	0	0	0	0	0	0	0	0	
452.911683	8	6	3	0	2	7	1	3446	-1350	42	27175	5	3	61	0	0	0	0	0	0	0	0	0	0	0	0	0	0	
453.918233	8	6	3	0	2	7	1	3440	-1350	42	27236	5	3	62	0	0	0	0	0	0	0	0	0	0	0	0	0	0	
454.904633	8	6	3	0	2	7	1	3434	-1350	42	27295	5	3	64	0	0	0	0	0	0	0	0	0	0	0	0	0	0	
455.909767	8	6	3	0	2	7	1	3427	-1349	42	27355	5	3	66	0	0	0	0	0	0	0	0	0	0	0	0	0	0	
456.914883	8	6	3	0	2	7	1	3420	-1350	42	27415	5	3	67	0	0	0	0	0	0	0	0	0	0	0	0	0	0	
457.920000	8	6	3	0	2	7	1	3413	-1350	42	27476	5	3	69	0	0	0	0	0	0	0	0	0	0	0	0	0	0	
458.907833	8	6	3	0	2	7	1	3405	-1351	42	27535	5	3	71	0	0	0	0	0	0	0	0	0	0	0	0	0	0	
459.912967	8	6	3	0	2	7	1	3397	-1350	42	27595	5	3	72	0	0	0	0	0	0	0	0	0	0	0	0	0	0	
460.918083	8	6	3	0	2	7	1	3388	-1349	42	27655	5	3	74	0	0	0	0	0	0	0	0	0	0	0	0	0	0	
461.904483	8	6	3	0	2	7	1	3378	-1348	42	27715	5	3	76	0	0	0	0	0	0	0	0	0	0	0	0	0	0	
462.909600	8	6	3	0	2	7	1	3365	-1350	42	27775	5	3	77	0	0	0	0	0	0	0	0	0	0	0	0	0	0	
463.916167	8	6	3	0	2	7	1	3350	-1349	42	27835	5	3	79	0	0	0	0	0	0	0	0	0	0	0	0	0	0	
464.921283	8	6	3	0	2	7	1	3332	-1349	42	27896	5	3	81	0	0	0	0	0	0	0	0	0	0	0	0	0	0	
465.907683	8	6	3	0	2	7	1	3309	-1349	42	27955	5	3	82	0	0	0	0	0	0	0	0	0	0	0	0	0	0	
466.912800	8	6	3	0	2	7	1	3280	-1350	42	28015	5	3	84	0	0	0	0	0	0	0	0	0	0	0	0	0	0	
467.917917	8	6	3	0	2	7	1	3236	-1349	42	28075	5	3	86	0	0	0	0	0	0	0	0	0	0	0	0	0	0	
468.904317	8	6	3	0	2	7	1	3154	-1350	42	28135	5	3	87	0	0	0	0	0	0	0	0	0	0	0	0	0	0	
469.910883	8	6	3	0	2	7	1	2982	-1351	42	28195	5	3	89	0	0	0	0	0	0	0	0	0	0	0	0	0	0	
470.557433	8	15	3	0	1	31	2	2912	54	42	28234	6	3	90	0	0	0	0	0	0	0	0	0	0	0	0	0	0	
470.577600	8	4	3	0	1	3	2	2942	68	42	28235	6	3	90	0	0	0	0	0	0	0	0	0	0	0	0	0	0	
470.674083	8	3	3	0	1	2	2	2997	0	42	28241	7	3	90	0	0	0	0	0	0	0	0	0	0	0	0	0	0	
470.920317	8	3	3	0	1	2	2	3296	674	42	28256	7	3	90	0	0	0	0	0	0	0	0	0	0	0	0	0	0	
471.906717	8	3	3	0	1	2	2	3503	675	42	28315	7	3	90	0	0	0	0	0	0	0	0	0	0	0	0	0	0	
472.913283	8	3	3	0	1	2	2	3605	674	42	28375	7	3	90	0	0	0	0	0	0	0	0	0	0	0	0	0	0	
473.918400	8	3	3	0	1	2	2	3674	675	42	28435	7	3	90	0	0	0	0	0	0	0	0	0	0	0	0	0	0	
474.904800	8	3	3	0	1	2	2	3725	675	42	28495	7	3	90	0	0	0	0	0	0	0	0	0	0	0	0	0	0	
475.909917	8	3	3	0	1	2	2	3766	675	42	28555	7	3	90	0	0	0	0	0	0	0	0	0	0	0	0	0	0	
476.915033	8	3	3	0	1	2	2	3797	675	42	28615	7	3	90	0	0	0	0	0	0	0	0	0	0	0	0	0	0	
477.921600	8	3	3	0	1	2	2	3814	674	42	28676	7	3	90	0	0	0	0	0	0	0	0	0	0	0	0	0	0	
478.908000	8	3	3	0	1	2	2	3822	674	42	28735	7	3	90	0	0	0	0	0	0	0	0	0	0	0	0	0	0	
479.913117	8	3	3	0	1	2	2	3827	675	42	28795	7	3	90	0	0	0	0	0	0	0	0	0	0	0	0	0	0	
480.918233	8	3	3	0	1	2	2	3832	673	42	28855	7	3	90	0	0	0	0	0	0	0	0	0	0	0	0	0	0	
481.923367	8	3	3	0	1	2	2	3837	674	42	28916	7	3	90	0	0	0	0	0	0	0	0	0	0	0	0	0	0	
482.909767	8	3	3	0	1	2	2	3842	675	42	28975	7	3	90	0	0	0	0	0	0	0	0	0	0	0	0	0	0	
483.916317	8	3	3	0	1	2	2	3846	674	42	29035	7	3	90	0	0	0	0	0	0	0	0	0	0	0	0	0	0	
484.921433	8	3	3	0	1	2	2	3851	675	42	29096	7	3	90	0	0	0	0	0	0	0	0	0	0	0	0	0	0	
485.907833	8	3	3	0	1	2	2	3856	675	42	29155	7	3	90	0	0	0	0	0	0	0	0	0	0	0	0	0	0	
486.912967	8	3	3	0	1	2	2	3861	674	42	29215	7	3	90	0	0	0	0	0	0	0	0	0	0	0	0	0	0	
487.918083	8	3	3	0	1	2	2	3866	675	42	29275	7	3	90	0	0	0	0	0	0	0	0	0	0	0	0	0	0	
488.924633	8	3	3	0	1	2	2	3872	674	42	29336	7	3	90	0	0	0	0	0	0	0	0	0	0	0	0	0	0	
489.911033	8	3	3	0	1	2	2	3877	675	42	29395	7	3	90	0	0	0	0	0	0	0	0	0	0	0	0	0	0	
490.916167	8	3	3	0	1	2	2	3883	675	42	29455	7	3	90	0	0	0	0	0	0	0	0	0	0	0	0	0	0	
491.921283	8	3	3	0	1	2	2	3889	675	42	29516	7	3	90	0	0	0	0	0	0	0	0	0	0	0	0	0	0	
492.907683	8	3	3	0	1	2	2	3895	674	42	29575	7	3	90	0	0	0	0	0	0	0	0	0	0	0	0	0	0	
493.912800	8	3	3	0	1	2	2	3900	673	42	29635	7	3	90	0	0	0	0	0	0	0	0	0	0	0	0	0	0	
494.919367	8	3	3	0	1	2	2	3906	674	42	29695	7	3	90	0	0	0	0	0	0	0	0	0	0	0	0	0	0	
495.924483	8	3	3	0	1	2	2	3911	674	42	29756	7	3	90	0	0	0	0	0	0	0	0	0	0	0	0	0	0	
496.910883	8	3	3	0	1	2	2	3915	675	42	29815	7	3	90	0	0	0	0	0	0	0	0	0	0	0	0	0	0	
497.916000	8	3	3	0	1	2	2	3919	674	42	29875	7	3	90	0	0	0	0	0	0	0	0	0	0	0	0	0	0	
498.921117	8	3	3	0	1	2	2	3923	675	42	29936	7	3	90	0	0	0	0	0	0	0	0	0	0	0	0	0	0	
499.907517	8	3	3	0	1	2	2	3926	675	42	29995	7	3	90	0	0	0	0	0	0	0	0	0	0	0	0	0	0	
500.914083	8	3	3	0	1	2	2	3929	674	42	30055	7	3	90	0	0	0	0	0	0	0	0	0	0	0	0	0	0	
501.919200	8	3	3	0	1	2	2	3933	674	42	30115	7	3	90	0	0	0	0	0	0	0	0	0	0	0	0	0	0	
502.924317	8	3	3	0	1	2	2	3935	675	42	30176	7	3	90	0	0	0	0	0	0	0	0	0	0	0	0	0	0	
503.913600	8	3	3	0	1	2	2	3939	675	42	30235	7	3	90	0	0	0	0	0	0	0	0	0	0	0	0	0	0	
504.918717	8	3	3	0	1	2	2	3941	673	42	30295	7	3	90	0	0	0	0	0	0	0	0	0	0	0	0	0	0	
505.923833	8	3	3	0	1	2	2	3944	673	42	30356	7	3	90	0	0	0	0	0	0	0	0	0	0	0	0	0	0	
506.910233	8	3	3	0	1	2	2	3947	674	42	30415	7	3	90	0	0	0	0	0	0	0	0	0	0	0	0	0	0	
507.915367	8	3	3	0	1	2	2	3950	675	42	30475	7	3	90	0	0	0	0	0	0	0	0	0	0	0	0	0	0	
508.921917	8	3	3	0	1	2	2	3953	675	42	30535	7	3	90	0	0	0	0	0	0	0	0	0	0	0	0	0	0	
509.908317	8	3	3	0	1	2	2	3956	674	42	30595	7	3	90	0	0	0	0	0	0	0	0	0	0	0	0	0	0	
510.913433	8	3	3	0	1	2	2	3958	674	42	30655	7	3	90	0	0	0	0	0	0	0	0	0	0	0	0	0	0	
511.918567	8	3	3	0	1	2	2	3962	674	42	30715	7	3	90	0	0	0	0	0	0	0	0	0	0	0	0	0	0	
512.923683	8	3	3	0	1	2	2	3965	675	42	30776	7	3	90	0	0	0	0	0	0	0	0	0	0	0	0	0	0	
513.911517	8	3	3	0	1	2	2	3968	674	42	30835	7	3	90	0	0	0	0	0	0	0	0	0	0	0	0	0	0	
514.916633	8	3	3	0	1	2	2	3971	674	42	30895	7	3	90	0	0	0	0	0	0	0	0	0	0	0	0	0	0	
515.921767	8	3	3	0	1	2	2	3974	675	42	30955	7	3	90	0	0	0	0	0	0	0	0	0	0	0	0	0	0	
516.908167	8	3	3	0	1	2	2	3978	675	42	31015	7	3	90	0	0	0	0	0	0	0	0	0	0	0	0	0	0	
517.913283	8	3	3	0	1	2	2	3981	674	42	31075	7	3	90	0	0	0	0	0	0	0	0	0	0	0	0	0	0	
518.919833	8	3	3	0	1	2	2	3985	674	42	31135	7	3	90	0	0	0	0	0	0	0	0	0	0	0	0	0	0	
519.924967	8	3	3	0	1	2	2	3988	675	42	31196	7	3	90	0	0	0	0	0	0	0	0	0	0	0	0	0	0	
520.911367	8	3	3	0	1	2	2	3991	674	42	31255	7	3	90	0	0	0	0	0	0	0	0	0	0	0	0	0	0	
521.916483	8	3	3	0	1	2	2	3996	675	42	31315	7	3	90	0	0	0	0	0	0	0	0	0	0	0	0	0	0	
522.921600	8	3	3	0	1	2	2	3999	675	42	31375	7	3	90	0	0	0	0	0	0	0	0	0	0	0	0	0	0	
523.909433	8	3	3	0	1	2	2	4003	674	42	31435	7	3	90	0	0	0	0	0	0	0	0	0	0	0	0	0	0	
524.914567	8	3	3	0	1	2	2	4008	677	42	31495	7	3	90	0	0	0	0	0	0	0	0	0	0	0	0	0	0	
525.919683	8	3	3	0	1	2	2	4011	675	42	31555	7	3	90	0	0	0	0	0	0	0	0	0	0	0	0	0	0	
526.924800	8	3	3	0	1	2	2	4015	675	42	31616	7	3	90	0	0	0	0	0	0	0	0	0	0	0	0	0	0	
527.911200	8	3	3	0	1	2	2	4019	674	42	31675	7	3	90	0	0	0	0	0	0	0	0	0	0	0	0	0	0	
528.917767	8	3	3	0	1	2	2	4023	675	42	31735	7	3	90	0	0	0	0	0	0	0	0	0	0	0	0	0	0	
529.922883	8	3	3	0	1	2	2	4027	674	42	31795	7	3	90	0	0	0	0	0	0	0	0	0	0	0	0	0	0	
530.909283	8	3	3	0	1	2	2	4032	675	42	31855	7	3	90	0	0	0	0	0	0	0	0	0	0	0	0	0	0	
531.914400	8	3	3	0	1	2	2	4036	674	42	31915	7	3	90	0	0	0	0	0	0	0	0	0	0	0	0	0	0	
532.919517	8	3	3	0	1	2	2	4041	674	42	31975	7	3	90	0	0	0	0	0	0	0	0	0	0	0	0	0	0	
533.926083	8	3	3	0	1	2	2	4045	675	42	32036	7	3	90	0	0	0	0	0	0	0	0	0	0	0	0	0	0	
534.912483	8	3	3	0	1	2	2	4050	675	42	32095	7	3	90	0	0	0	0	0	0	0	0	0	0	0	0	0	0	
535.917600	8	3	3	0	1	2	2	4055	674	42	32155	7	3	90	0	0	0	0	0	0	0	0	0	0	0	0	0	0	
536.922717	8	3	3	0	1	2	2	4059	675	42	32215	7	3	90	0	0	0	0	0	0	0	0	0	0	0	0	0	0	
537.927833	8	3	3	0	1	2	2	4065	675	42	32276	7	3	90	0	0	0	0	0	0	0	0	0	0	0	0	0	0	
538.914233	8	3	3	0	1	2	2	4069	675	42	32335	7	3	90	0	0	0	0	0	0	0	0	0	0	0	0	0	0	
539.920800	8	3	3	0	1	2	2	4075	674	42	32395	7	3	90	0	0	0	0	0	0	0	0	0	0	0	0	0	0	
540.925917	8	3	3	0	1	2	2	4080	675	42	32456	7	3	90	0	0	0	0	0	0	0	0	0	0	0	0	0	0	
541.912317	8	3	3	0	1	2	2	4085	675	42	32515	7	3	90	0	0	0	0	0	0	0	0	0	0	0	0	0	0	
542.917433	8	3	3	0	1	2	2	4091	676	42	32575	7	3	90	0	0	0	0	0	0	0	0	0	0	0	0	0	0	
543.922567	8	3	3	0	1	2	2	4095	673	42	32635	7	3	90	0	0	0	0	0	0	0	0	0	0	0	0	0	0	
544.927683	8	3	3	0	1	2	2	4101	673	42	32696	7	3	90	0	0	0	0	0	0	0	0	0	0	0	0	0	0	
545.915517	8	3	3	0	1	2	2	4107	675	42	32755	7	3	90	0	0	0	0	0	0	0	0	0	0	0	0	0	0	
546.920633	8	3	3	0	1	2	2	4113	674	42	32815	7	3	90	0	0	0	0	0	0	0	0	0	0	0	0	0	0	
547.925767	8	3	3	0	1	2	2	4117	667	42	32876	7	3	90	0	0	0	0	0	0	0	0	0	0	0	0	0	0	
548.912167	8	3	3	0	1	2	2	4122	665	42	32935	7	3	90	0	0	0	0	0	0	0	0	0	0	0	0	0	0	
549.917283	8	3	3	0	1	2	2	4128	665	42	32995	7	3	90	0	0	0	0	0	0	0	0	0	0	0	0	0	0	
550.922400	8	3	3	0	1	2	2	4134	664	42	33055	7	3	90	0	0	0	0	0	0	0	0	0	0	0	0	0	0	
551.928967	8	3	3	0	1	2	2	4139	661	42	33116	7	3	90	0	0	0	0	0	0	0	0	0	0	0	0	0	0	
552.915367	8	3	3	0	1	2	2	4145	658	42	33175	7	3	90	0	0	0	0	0	0	0	0	0	0	0	0	0	0	
553.920483	8	3	3	0	1	2	2	4151	656	42	33235	7	3	90	0	0	0	0	0	0	0	0	0	0	0	0	0	0	
554.925600	8	3	3	0	1	2	2	4157	654	42	33296	7	3	90	0	0	0	0	0	0	0	0	0	0	0	0	0	0	
555.912000	8	3	3	0	1	2	2	4163	655	42	33355	7	3	90	0	0	0	0	0	0	0	0	0	0	0	0	0	0	
556.917117	8	3	3	0	1	2	2	4170	654	42	33415	7	3	90	0	0	0	0	0	0	0	0	0	0	0	0	0	0	
557.923683	8	3	3	0	1	2	2	4176	653	42	33475	7	3	90	0	0	0	0	0	0	0	0	0	0	0	0	0	0	
558.928800	8	3	3	0	1	2	2	4183	654	42	33536	7	3	90	0	0	0	0	0	0	0	0	0	0	0	0	0	0	
559.915200	8	3	3	0	1	2	2	4190	655	42	33595	7	3	90	0	0	0	0	0	0	0	0	0	0	0	0	0	0	
560.920317	8	3	3	0	1	2	2	4197	654	42	33655	7	3	90	0	0	0	0	0	0	0	0	0	0	0	0	0	0	
561.926883	8	3	3	0	1	2	2	4198	631	42	33715	7	3	90	0	0	0	0	0	0	0	0	0	0	0	0	0	0	
562.913283	8	3	3	0	1	2	2	4199	601	42	33775	7	3	90	0	0	0	0	0	0	0	0	0	0	0	0	0	0	
563.918400	8	3	3	0	1	2	2	4199	574	42	33835	7	3	90	0	0	0	0	0	0	0	0	0	0	0	0	0	0	
564.923517	8	3	3	0	1	2	2	4198	547	42	33895	7	3	90	0	0	0	0	0	0	0	0	0	0	0	0	0	0	
565.928633	8	3	3	0	1	2	2	4199	523	42	33956	7	3	90	0	0	0	0	0	0	0	0	0	0	0	0	0	0	
566.915033	8	3	3	0	1	2	2	4199	498	42	34015	7	3	90	0	0	0	0	0	0	0	0	0	0	0	0	0	0	
567.921600	8	3	3	0	1	2	2	4199	477	42	34075	7	3	90	0	0	0	0	0	0	0	0	0	0	0	0	0	0	
568.926717	8	3	3	0	1	2	2	4199	454	42	34135	7	3	90	0	0	0	0	0	0	0	0	0	0	0	0	0	0	
569.913117	8	3	3	0	1	2	2	4199	434	42	34195	7	3	90	0	0	0	0	0	0	0	0	0	0	0	0	0	0	
570.918233	8	3	3	0	1	2	2	4199	414	42	34255	7	3	90	0	0	0	0	0	0	0	0	0	0	0	0	0	0	
571.923367	8	3	3	0	1	2	2	4199	395	42	34315	7	3	90	0	0	0	0	0	0	0	0	0	0	0	0	0	0	
572.928483	8	3	3	0	1	2	2	4198	377	42	34376	7	3	90	0	0	0	0	0	0	0	0	0	0	0	0	0	0	
573.916317	8	3	3	0	1	2	2	4199	360	42	34435	7	3	90	0	0	0	0	0	0	0	0	0	0	0	0	0	0	
574.921433	8	3	3	0	1	2	2	4199	344	42	34495	7	3	90	0	0	0	0	0	0	0	0	0	0	0	0	0	0	
575.926567	8	3	3	0	1	2	2	4198	329	42	34555	7	3	90	0	0	0	0	0	0	0	0	0	0	0	0	0	0	
576.912967	8	3	3	0	1	2	2	4198	314	42	34615	7	3	90	0	0	0	0	0	0	0	0	0	0	0	0	0	0	
577.918083	8	3	3	0	1	2	2	4199	300	42	34675	7	3	90	0	0	0	0	0	0	0	0	0	0	0	0	0	0	
578.923200	8	3	3	0	1	2	2	4199	286	42	34735	7	3	90	0	0	0	0	0	0	0	0	0	0	0	0	0	0	
579.929767	8	3	3	0	1	2	2	4199	274	42	34796	7	3	90	0	0	0	0	0	0	0	0	0	0	0	0	0	0	
580.919033	8	3	3	0	1	2	2	4198	261	42	34855	7	3	90	0	0	0	0	0	0	0	0	0	0	0	0	0	0	
581.924167	8	3	3	0	1	2	2	4198	250	42	34915	7	3	90	0	0	0	0	0	0	0	0	0	0	0	0	0	0	
582.930717	8	3	3	0	1	2	2	4198	239	42	34976	7	3	90	0	0	0	0	0	0	0	0	0	0	0	0	0	0	
583.917117	8	3	3	0	1	2	2	4198	228	42	35035	7	3	90	0	0	0	0	0	0	0	0	0	0	0	0	0	0	
584.922233	8	3	3	0	1	2	2	4198	218	42	35095	7	3	90	0	0	0	0	0	0	0	0	0	0	0	0	0	0	
585.927367	8	3	3	0	1	2	2	4198	208	42	35155	7	3	90	0	0	0	0	0	0	0	0	0	0	0	0	0	0	
586.913767	8	3	3	0	1	2	2	4199	199	42	35215	7	3	90	0	0	0	0	0	0	0	0	0	0	0	0	0	0	
587.921767	8	3	3	0	1	2	2	4199	191	42	35275	7	3	90	0	0	0	0	0	0	0	0	0	0	0	0	0	0	
588.926883	8	3	3	0	1	2	2	4199	182	42	35335	7	3	90	0	0	0	0	0	0	0	0	0	0	0	0	0	0	
589.932000	8	3	3	0	1	2	2	4199	174	42	35396	7	3	90	0	0	0	0	0	0	0	0	0	0	0	0	0	0	
590.918400	8	3	3	0	1	2	2	4198	166	42	35455	7	3	90	0	0	0	0	0	0	0	0	0	0	0	0	0	0	
591.923517	8	3	3	0	1	2	2	4199	159	42	35515	7	3	90	0	0	0	0	0	0	0	0	0	0	0	0	0	0	
592.930083	8	3	3	0	1	2	2	4198	151	42	35576	7	3	90	0	0	0	0	0	0	0	0	0	0	0	0	0	0	
593.916483	8	3	3	0	1	2	2	4199	145	42	35635	7	3	90	0	0	0	0	0	0	0	0	0	0	0	0	0	0	
594.923033	8	3	3	0	1	2	2	4199	139	42	35695	7	3	90	0	0	0	0	0	0	0	0	0	0	0	0	0	0	
595.929600	8	3	3	0	1	2	2	4199	133	42	35756	7	3	90	0	0	0	0	0	0	0	0	0	0	0	0	0	0	
596.916000	8	3	3	0	1	2	2	4199	127	42	35815	7	3	90	0	0	0	0	0	0	0	0	0	0	0	0	0	0	
597.921117	8	3	3	0	1	2	2	4199	121	42	35875	7	3	90	0	0	0	0	0	0	0	0	0	0	0	0	0	0	
598.926233	8	3	3	0	1	2	2	4198	117	42	35935	7	3	90	0	0	0	0	0	0	0	0	0	0	0	0	0	0	
599.931367	8	3	3	0	1	2	2	4199	112	42	35996	7	3	90	0	0	0	0	0	0	0	0	0	0	0	0	0	0	
600.917767	8	3	3	0	1	2	2	4199	106	42	36055	7	3	90	0	0	0	0	0	0	0	0	0	0	0	0	0	0	
601.924317	8	3	3	0	1	2	2	4199	101	42	36115	7	3	90	0	0	0	0	0	0	0	0	0	0	0	0	0	0	
602.929433	8	3	3	0	1	2	2	4198	97	42	36175	7	3	90	0	0	0	0	0	0	0	0	0	0	0	0	0	0	
603.915833	8	3	3	0	1	2	2	4199	94	42	36235	7	3	90	0	0	0	0	0	0	0	0	0	0	0	0	0	0	
604.920967	8	3	3	0	1	2	2	4198	89	42	36295	7	3	90	0	0	0	0	0	0	0	0	0	0	0	0	0	0	
605.926083	8	3	3	0	1	2	2	4198	85	42	36355	7	3	90	0	0	0	0	0	0	0	0	0	0	0	0	0	0	
606.932633	8	3	3	0	1	2	2	4198	81	42	36416	7	3	90	0	0	0	0	0	0	0	0	0	0	0	0	0	0	
607.919033	8	3	3	0	1	2	2	4198	78	42	36475	7	3	90	0	0	0	0	0	0	0	0	0	0	0	0	0	0	
608.924167	8	3	3	0	1	2	2	4198	74	42	36535	7	3	90	0	0	0	0	0	0	0	0	0	0	0	0	0	0	
609.929283	8	3	3	0	1	2	2	4199	71	42	36595	7	3	90	0	0	0	0	0	0	0	0	0	0	0	0	0	0	
610.915683	8	3	3	0	1	2	2	4198	68	42	36655	7	3	90	0	0	0	0	0	0	0	0	0	0	0	0	0	0	
611.318883	8	6	3	0	2	7	1	3935	-1349	42	36679	7	4	0	0	0	0	0	0	0	0	0	0	0	0	0	0	0	
611.923683	8	6	3	0	2	7	1	3891	-1348	42	36715	7	4	1	0	0	0	0	0	0	0	0	0	0	0	0	0	0	
612.928800	8	6	3	0	2	7	1	3863	-1349	42	36775	7	4	2	0	0	0	0	0	0	0	0	0	0	0	0	0	0	
613.915200	8	6	3	0	2	7	1	3843	-1348	42	36835	7	4	4	0	0	0	0	0	0	0	0	0	0	0	0	0	0	
614.920317	8	6	3	0	2	7	1	3824	-1350	42	36895	7	4	5	0	0	0	0	0	0	0	0	0	0	0	0	0	0	
615.926883	8	6	3	0	2	7	1	3806	-1350	42	36955	7	4	7	0	0	0	0	0	0	0	0	0	0	0	0	0	0	
616.932000	8	6	3	0	2	7	1	3788	-1350	42	37016	7	4	9	0	0	0	0	0	0	0	0	0	0	0	0	0	0	
617.918400	8	6	3	0	2	7	1	3772	-1350	42	37075	7	4	10	0	0	0	0	0	0	0	0	0	0	0	0	0	0	
618.923517	8	6	3	0	2	7	1	3756	-1348	42	37135	7	4	12	0	0	0	0	0	0	0	0	0	0	0	0	0	0	
619.930083	8	6	3	0	2	7	1	3740	-1350	42	37195	7	4	14	0	0	0	0	0	0	0	0	0	0	0	0	0	0	
620.916483	8	6	3	0	2	7	1	3725	-1350	42	37255	7	4	15	0	0	0	0	0	0	0	0	0	0	0	0	0	0	
621.921600	8	6	3	0	2	7	1	3710	-1349	42	37315	7	4	17	0	0	0	0	0	0	0	0	0	0	0	0	0	0	
622.926717	8	6	3	0	2	7	1	3696	-1348	42	37375	7	4	19	0	0	0	0	0	0	0	0	0	0	0	0	0	0	
623.931833	8	6	3	0	2	7	1	3682	-1348	42	37436	7	4	20	0	0	0	0	0	0	0	0	0	0	0	0	0	0	
624.918233	8	6	3	0	2	7	1	3669	-1349	42	37495	7	4	22	0	0	0	0	0	0	0	0	0	0	0	0	0	0	
625.924800	8	6	3	0	2	7	1	3656	-1350	42	37555	7	4	23	0	0	0	0	0	0	0	0	0	0	0	0	0	0	
626.929917	8	6	3	0	2	7	1	3643	-1350	42	37615	7	4	25	0	0	0	0	0	0	0	0	0	0	0	0	0	0	
627.935033	8	6	3	0	2	7	1	3630	-1351	42	37676	7	4	27	0	0	0	0	0	0	0	0	0	0	0	0	0	0	
628.921433	8	6	3	0	2	7	1	3618	-1349	42	37735	7	4	28	0	0	0	0	0	0	0	0	0	0	0	0	0	0	
629.926567	8	6	3	0	2	7	1	3607	-1349	42	37795	7	4	30	0	0	0	0	0	0	0	0	0	0	0	0	0	0	
630.933117	8	6	3	0	2	7	1	3595	-1349	42	37856	7	4	32	0	0	0	0	0	0	0	0	0	0	0	0	0	0	
631.919517	8	6	3	0	2	7	1	3584	-1348	42	37915	7	4	33	0	0	0	0	0	0	0	0	0	0	0	0	0	0	
632.924633	8	6	3	0	2	7	1	3574	-1351	42	37975	7	4	35	0	0	0	0	0	0	0	0	0	0	0	0	0	0	
633.929767	8	6	3	0	2	7	1	3564	-1349	42	38035	7	4	37	0	0	0	0	0	0	0	0	0	0	0	0	0	0	
634.934883	8	6	3	0	2	7	1	3553	-1349	42	38096	7	4	38	0	0	0	0	0	0	0	0	0	0	0	0	0	0	
635.922717	8	6	3	0	2	7	1	3544	-1350	42	38155	7	4	40	0	0	0	0	0	0	0	0	0	0	0	0	0	0	
636.927833	8	6	3	0	2	7	1	3534	-1349	42	38215	7	4	42	0	0	0	0	0	0	0	0	0	0	0	0	0	0	
637.932967	8	6	3	0	2	7	1	3525	-1349	42	38276	7	4	43	0	0	0	0	0	0	0	0	0	0	0	0	0	0	
638.919367	8	6	3	0	2	7	1	3516	-1350	42	38335	7	4	45	0	0	0	0	0	0	0	0	0	0	0	0	0	0	
639.924483	8	6	3	0	2	7	1	3508	-1350	42	38395	7	4	47	0	0	0	0	0	0	0	0	0	0	0	0	0	0	
640.931033	8	6	3	0	2	7	1	3500	-1349	42	38455	7	4	48	0	0	0	0	0	0	0	0	0	0	0	0	0	0	
641.936167	8	6	3	0	2	7	1	3492	-1349	42	38516	7	4	50	0	0	0	0	0	0	0	0	0	0	0	0	0	0	
642.922567	8	6	3	0	2	7	1	3485	-1350	42	38575	7	4	52	0	0	0	0	0	0	0	0	0	0	0	0	0	0	
643.927683	8	6	3	0	2	7	1	3478	-1349	42	38635	7	4	53	0	0	0	0	0	0	0	0	0	0	0	0	0	0	
644.932800	8	6	3	0	2	7	1	3470	-1349	42	38696	7	4	55	0	0	0	0	0	0	0	0	0	0	0	0	0	0	
645.919200	8	6	3	0	2	7	1	3464	-1350	42	38755	7	4	57	0	0	0	0	0	0	0	0	0	0	0	0	0	0	
646.925767	8	6	3	0	2	7	1	3457	-1348	42	38815	7	4	58	0	0	0	0	0	0	0	0	0	0	0	0	0	0	
647.930883	8	6	3	0	2	7	1	3451	-1350	42	38875	7	4	60	0	0	0	0	0	0	0	0	0	0	0	0	0	0	
648.936000	8	6	3	0	2	7	1	3444	-1349	42	38936	7	4	62	0	0	0	0	0	0	0	0	0	0	0	0	0	0	
649.922400	8	6	3	0	2	7	1	3438	-1349	42	38995	7	4	63	0	0	0	0	0	0	0	0	0	0	0	0	0	0	
650.927517	8	6	3	0	2	7	1	3431	-1350	42	39055	7	4	65	0	0	0	0	0	0	0	0	0	0	0	0	0	0	
651.932633	8	6	3	0	2	7	1	3424	-1351	42	39116	7	4	67	0	0	0	0	0	0	0	0	0	0	0	0	0	0	
652.920483	8	6	3	0	2	7	1	3418	-1347	42	39175	7	4	68	0	0	0	0	0	0	0	0	0	0	0	0	0	0	
653.925600	8	6	3	0	2	7	1	3410	-1349	42	39235	7	4	70	0	0	0	0	0	0	0	0	0	0	0	0	0	0	
654.930717	8	6	3	0	2	7	1	3402	-1349	42	39295	7	4	72	0	0	0	0	0	0	0	0	0	0	0	0	0	0	
655.935833	8	6	3	0	2	7	1	3394	-1350	42	39356	7	4	73	0	0	0	0	0	0	0	0	0	0	0	0	0	0	
656.922233	8	6	3	0	2	7	1	3384	-1350	42	39415	7	4	75	0	0	0	0	0	0	0	0	0	0	0	0	0	0	
657.927367	8	6	3	0	2	7	1	3373	-1350	42	39475	7	4	76	0	0	0	0	0	0	0	0	0	0	0	0	0	0	
658.933917	8	6	3	0	2	7	1	3359	-1349	42	39535	7	4	78	0	0	0	0	0	0	0	0	0	0	0	0	0	0	
659.920317	8	6	3	0	2	7	1	3343	-1350	42	39595	7	4	80	0	0	0	0	0	0	0	0	0	0	0	0	0	0	
660.925433	8	6	3	0	2	7	1	3323	-1349	42	39655	7	4	81	0	0	0	0	0	0	0	0	0	0	0	0	0	0	
661.930567	8	6	3	0	2	7	1	3298	-1350	42	39715	7	4	83	0	0	0	0	0	0	0	0	0	0	0	0	0	0	
662.935683	8	6	3	0	2	7	1	3263	-1349	42	39776	7	4	85	0	0	0	0	0	0	0	0	0	0	0	0	0	0	
663.923517	8	6	3	0	2	7	1	3207	-1348	42	39835	7	4	86	0	0	0	0	0	0	0	0	0	0	0	0	0	0	
664.928633	8	6	3	0	2	7	1	3092	-1349	42	39895	7	4	88	0	0	0	0	0	0	0	0	0	0	0	0	0	0	
665.933767	8	6	3	0	2	7	1	2799	-1350	42	39955	7	4	90	0	0	0	0	0	0	0	0	0	0	0	0	0	0	
666.110883	8	15	3	0	1	31	2	2724	5	42	39966	8	4	90	0	0	0	0	0	0	0	0	0	0	0	0	0	0	
666.131033	8	4	3	0	1	3	2	2934	65	42	39967	8	4	90	0	0	0	0	0	0	0	0	0	0	0	0	0	0	
666.244800	8	3	3	0	1	2	2	2992	0	42	39974	9	4	90	0	0	0	0	0	0	0	0	0	0	0	0	0	0	
666.925917	8	3	3	0	1	2	2	3398	673	42	40015	9	4	90	0	0	0	0	0	0	0	0	0	0	0	0	0	0	
667.931033	8	3	3	0	1	2	2	3546	674	42	40075	9	4	90	0	0	0	0	0	0	0	0	0	0	0	0	0	0	
668.936167	8	3	3	0	1	2	2	3633	674	42	40136	9	4	90	0	0	0	0	0	0	0	0	0	0	0	0	0	0	
669.922567	8	3	3	0	1	2	2	3694	675	42	40195	9	4	90	0	0	0	0	0	0	0	0	0	0	0	0	0	0	
670.927683	8	3	3	0	1	2	2	3741	675	42	40255	9	4	90	0	0	0	0	0	0	0	0	0	0	0	0	0	0	
671.932800	8	3	3	0	1	2	2	3779	675	42	40315	9	4	90	0	0	0	0	0	0	0	0	0	0	0	0	0	0	
672.920633	8	3	3	0	1	2	2	3805	675	42	40375	9	4	90	0	0	0	0	0	0	0	0	0	0	0	0	0	0	
673.925767	8	3	3	0	1	2	2	3817	674	42	40435	9	4	90	0	0	0	0	0	0	0	0	0	0	0	0	0	0	
674.930883	8	3	3	0	1	2	2	3824	676	42	40495	9	4	90	0	0	0	0	0	0	0	0	0	0	0	0	0	0	
675.936000	8	3	3	0	1	2	2	3829	675	42	40556	9	4	90	0	0	0	0	0	0	0	0	0	0	0	0	0	0	
676.922400	8	3	3	0	1	2	2	3834	674	42	40615	9	4	90	0	0	0	0	0	0	0	0	0	0	0	0	0	0	
677.928967	8	3	3	0	1	2	2	3839	675	42	40675	9	4	90	0	0	0	0	0	0	0	0	0	0	0	0	0	0	
678.934083	8	3	3	0	1	2	2	3843	674	42	40735	9	4	90	0	0	0	0	0	0	0	0	0	0	0	0	0	0	
679.923367	8	3	3	0	1	2	2	3848	675	42	40795	9	4	90	0	0	0	0	0	0	0	0	0	0	0	0	0	0	
680.929917	8	3	3	0	1	2	2	3853	675	42	40855	9	4	90	0	0	0	0	0	0	0	0	0	0	0	0	0	0	
681.935033	8	3	3	0	1	2	2	3857	675	42	40915	9	4	90	0	0	0	0	0	0	0	0	0	0	0	0	0	0	
682.921433	8	3	3	0	1	2	2	3863	674	42	40975	9	4	90	0	0	0	0	0	0	0	0	0	0	0	0	0	0	
683.926567	8	3	3	0	1	2	2	3868	675	42	41035	9	4	90	0	0	0	0	0	0	0	0	0	0	0	0	0	0	
684.931683	8	3	3	0	1	2	2	3874	675	42	41095	9	4	90	0	0	0	0	0	0	0	0	0	0	0	0	0	0	
685.936800	8	3	3	0	1	2	2	3880	673	42	41156	9	4	90	0	0	0	0	0	0	0	0	0	0	0	0	0	0	
686.924633	8	3	3	0	1	2	2	3886	673	42	41215	9	4	90	0	0	0	0	0	0	0	0	0	0	0	0	0	0	
687.929767	8	3	3	0	1	2	2	3891	674	42	41275	9	4	90	0	0	0	0	0	0	0	0	0	0	0	0	0	0	
688.934883	8	3	3	0	1	2	2	3897	675	42	41335	9	4	90	0	0	0	0	0	0	0	0	0	0	0	0	0	0	
689.921283	8	3	3	0	1	2	2	3902	674	42	41395	9	4	90	0	0	0	0	0	0	0	0	0	0	0	0	0	0	
690.926400	8	3	3	0	1	2	2	3907	674	42	41455	9	4	90	0	0	0	0	0	0	0	0	0	0	0	0	0	0	
691.931517	8	3	3	0	1	2	2	3912	674	42	41515	9	4	90	0	0	0	0	0	0	0	0	0	0	0	0	0	0	
692.938083	8	3	3	0	1	2	2	3917	675	42	41576	9	4	90	0	0	0	0	0	0	0	0	0	0	0	0	0	0	
693.925917	8	3	3	0	1	2	2	3921	675	42	41635	9	4	90	0	0	0	0	0	0	0	0	0	0	0	0	0	0	
694.931033	8	3	3	0	1	2	2	3924	675	42	41695	9	4	90	0	0	0	0	0	0	0	0	0	0	0	0	0	0	
695.936167	8	3	3	0	1	2	2	3927	674	42	41756	9	4	90	0	0	0	0	0	0	0	0	0	0	0	0	0	0	
696.924000	8	3	3	0	1	2	2	3930	673	42	41815	9	4	90	0	0	0	0	0	0	0	0	0	0	0	0	0	0	
697.929117	8	3	3	0	1	2	2	3934	674	42	41875	9	4	90	0	0	0	0	0	0	0	0	0	0	0	0	0	0	
698.934233	8	3	3	0	1	2	2	3936	675	42	41935	9	4	90	0	0	0	0	0	0	0	0	0	0	0	0	0	0	
699.939367	8	3	3	0	1	2	2	3940	675	42	41996	9	4	90	0	0	0	0	0	0	0	0	0	0	0	0	0	0	
700.925767	8	3	3	0	1	2	2	3942	674	42	42055	9	4	90	0	0	0	0	0	0	0	0	0	0	0	0	0	0	
701.932317	8	3	3	0	1	2	2	3945	675	42	42115	9	4	90	0	0	0	0	0	0	0	0	0	0	0	0	0	0	
702.937433	8	3	3	0	1	2	2	3948	675	42	42175	9	4	90	0	0	0	0	0	0	0	0	0	0	0	0	0	0	
703.923833	8	3	3	0	1	2	2	3951	674	42	42235	9	4	90	0	0	0	0	0	0	0	0	0	0	0	0	0	0	
704.928967	8	3	3	0	1	2	2	3954	674	42	42295	9	4	90	0	0	0	0	0	0	0	0	0	0	0	0	0	0	
705.934083	8	3	3	0	1	2	2	3957	675	42	42355	9	4	90	0	0	0	0	0	0	0	0	0	0	0	0	0	0	
706.939200	8	3	3	0	1	2	2	3960	674	42	42416	9	4	90	0	0	0	0	0	0	0	0	0	0	0	0	0	0	
707.927033	8	3	3	0	1	2	2	3963	675	42	42475	9	4	90	0	0	0	0	0	0	0	0	0	0	0	0	0	0	
708.932167	8	3	3	0	1	2	2	3966	674	42	42535	9	4	90	0	0	0	0	0	0	0	0	0	0	0	0	0	0	
709.937283	8	3	3	0	1	2	2	3969	674	42	42595	9	4	90	0	0	0	0	0	0	0	0	0	0	0	0	0	0	
710.923683	8	3	3	0	1	2	2	3972	674	42	42655	9	4	90	0	0	0	0	0	0	0	0	0	0	0	0	0	0	
711.928800	8	3	3	0	1	2	2	3976	675	42	42715	9	4	90	0	0	0	0	0	0	0	0	0	0	0	0	0	0	
712.938233	8	3	3	0	1	2	2	3979	674	42	42776	9	4	90	0	0	0	0	0	0	0	0	0	0	0	0	0	0	
713.924633	8	3	3	0	1	2	2	3982	675	42	42835	9	4	90	0	0	0	0	0	0	0	0	0	0	0	0	0	0	
714.929767	8	3	3	0	1	2	2	3986	674	42	42895	9	4	90	0	0	0	0	0	0	0	0	0	0	0	0	0	0	
715.934883	8	3	3	0	1	2	2	3990	673	42	42955	9	4	90	0	0	0	0	0	0	0	0	0	0	0	0	0	0	
716.941433	8	3	3	0	1	2	2	3993	675	42	43016	9	4	90	0	0	0	0	0	0	0	0	0	0	0	0	0	0	
717.927833	8	3	3	0	1	2	2	3997	674	42	43075	9	4	90	0	0	0	0	0	0	0	0	0	0	0	0	0	0	
718.932967	8	3	3	0	1	2	2	4001	675	42	43135	9	4	90	0	0	0	0	0	0	0	0	0	0	0	0	0	0	
719.938083	8	3	3	0	1	2	2	4004	674	42	43196	9	4	90	0	0	0	0	0	0	0	0	0	0	0	0	0	0	
720.924483	8	3	3	0	1	2	2	4008	674	42	43255	9	4	90	0	0	0	0	0	0	0	0	0	0	0	0	0	0	
721.931033	8	3	3	0	1	2	2	4013	674	42	43315	9	4	90	0	0	0	0	0	0	0	0	0	0	0	0	0	0	
722.936167	8	3	3	0	1	2	2	4017	674	42	43375	9	4	90	0	0	0	0	0	0	0	0	0	0	0	0	0	0	
723.941283	8	3	3	0	1	2	2	4021	674	42	43436	9	4	90	0	0	0	0	0	0	0	0	0	0	0	0	0	0	
724.927683	8	3	3	0	1	2	2	4025	674	42	43495	9	4	90	0	0	0	0	0	0	0	0	0	0	0	0	0	0	
725.932800	8	3	3	0	1	2	2	4029	675	42	43555	9	4	90	0	0	0	0	0	0	0	0	0	0	0	0	0	0	
726.939367	8	3	3	0	1	2	2	4033	674	42	43615	9	4	90	0	0	0	0	0	0	0	0	0	0	0	0	0	0	
727.925767	8	3	3	0	1	2	2	4038	675	42	43675	9	4	90	0	0	0	0	0	0	0	0	0	0	0	0	0	0	
728.930883	8	3	3	0	1	2	2	4042	674	42	43735	9	4	90	0	0	0	0	0	0	0	0	0	0	0	0	0	0	
729.936000	8	3	3	0	1	2	2	4047	674	42	43795	9	4	90	0	0	0	0	0	0	0	0	0	0	0	0	0	0	
730.941117	8	3	3	0	1	2	2	4052	674	42	43856	9	4	90	0	0	0	0	0	0	0	0	0	0	0	0	0	0	
731.928967	8	3	3	0	1	2	2	4057	675	42	43915	9	4	90	0	0	0	0	0	0	0	0	0	0	0	0	0	0	
732.934083	8	3	3	0	1	2	2	4061	675	42	43975	9	4	90	0	0	0	0	0	0	0	0	0	0	0	0	0	0	
733.939200	8	3	3	0	1	2	2	4067	676	42	44035	9	4	90	0	0	0	0	0	0	0	0	0	0	0	0	0	0	
734.925600	8	3	3	0	1	2	2	4071	674	42	44095	9	4	90	0	0	0	0	0	0	0	0	0	0	0	0	0	0	
735.930717	8	3	3	0	1	2	2	4076	674	42	44155	9	4	90	0	0	0	0	0	0	0	0	0	0	0	0	0	0	
736.937283	8	3	3	0	1	2	2	4082	675	42	44215	9	4	90	0	0	0	0	0	0	0	0	0	0	0	0	0	0	
737.942400	8	3	3	0	1	2	2	4087	674	42	44276	9	4	90	0	0	0	0	0	0	0	0	0	0	0	0	0	0	
738.928800	8	3	3	0	1	2	2	4092	674	42	44335	9	4	90	0	0	0	0	0	0	0	0	0	0	0	0	0	0	
739.933917	8	3	3	0	1	2	2	4098	675	42	44395	9	4	90	0	0	0	0	0	0	0	0	0	0	0	0	0	0	
740.939033	8	3	3	0	1	2	2	4104	674	42	44455	9	4	90	0	0	0	0	0	0	0	0	0	0	0	0	0	0	
741.926883	8	3	3	0	1	2	2	4109	674	42	44515	9	4	90	0	0	0	0	0	0	0	0	0	0	0	0	0	0	
742.932000	8	3	3	0	1	2	2	4115	674	42	44575	9	4	90	0	0	0	0	0	0	0	0	0	0	0	0	0	0	
743.937117	8	3	3	0	1	2	2	4119	665	42	44635	9	4	90	0	0	0	0	0	0	0	0	0	0	0	0	0	0	
744.942233	8	3	3	0	1	2	2	4125	664	42	44696	9	4	90	0	0	0	0	0	0	0	0	0	0	0	0	0	0	
745.928633	8	3	3	0	1	2	2	4130	663	42	44755	9	4	90	0	0	0	0	0	0	0	0	0	0	0	0	0	0	
746.935200	8	3	3	0	1	2	2	4136	662	42	44815	9	4	90	0	0	0	0	0	0	0	0	0	0	0	0	0	0	
747.940317	8	3	3	0	1	2	2	4142	660	42	44875	9	4	90	0	0	0	0	0	0	0	0	0	0	0	0	0	0	
748.926717	8	3	3	0	1	2	2	4148	660	42	44935	9	4	90	0	0	0	0	0	0	0	0	0	0	0	0	0	0	
749.931833	8	3	3	0	1	2	2	4154	659	42	44995	9	4	90	0	0	0	0	0	0	0	0	0	0	0	0	0	0	
750.936967	8	3	3	0	1	2	2	4161	658	42	45055	9	4	90	0	0	0	0	0	0	0	0	0	0	0	0	0	0	
751.943517	8	3	3	0	1	2	2	4167	659	42	45116	9	4	90	0	0	0	0	0	0	0	0	0	0	0	0	0	0	
752.929917	8	3	3	0	1	2	2	4173	654	42	45175	9	4	90	0	0	0	0	0	0	0	0	0	0	0	0	0	0	
753.935033	8	3	3	0	1	2	2	4179	655	42	45235	9	4	90	0	0	0	0	0	0	0	0	0	0	0	0	0	0	
754.940167	8	3	3	0	1	2	2	4185	653	42	45295	9	4	90	0	0	0	0	0	0	0	0	0	0	0	0	0	0	
755.926567	8	3	3	0	1	2	2	4192	651	42	45355	9	4	90	0	0	0	0	0	0	0	0	0	0	0	0	0	0	
756.931683	8	3	3	0	1	2	2	4199	651	42	45415	9	4	90	0	0	0	0	0	0	0	0	0	0	0	0	0	0	
757.938233	8	3	3	0	1	2	2	4198	619	42	45475	9	4	90	0	0	0	0	0	0	0	0	0	0	0	0	0	0	
758.943367	8	3	3	0	1	2	2	4198	589	42	45536	9	4	90	0	0	0	0	0	0	0	0	0	0	0	0	0	0	
759.929767	8	3	3	0	1	2	2	4199	562	42	45595	9	4	90	0	0	0	0	0	0	0	0	0	0	0	0	0	0	
760.934883	8	3	3	0	1	2	2	4199	537	42	45655	9	4	90	0	0	0	0	0	0	0	0	0	0	0	0	0	0	
761.940000	8	3	3	0	1	2	2	4199	511	42	45715	9	4	90	0	0	0	0	0	0	0	0	0	0	0	0	0	0	
762.927833	8	3	3	0	1	2	2	4199	489	42	45775	9	4	90	0	0	0	0	0	0	0	0	0	0	0	0	0	0	
763.932967	8	3	3	0	1	2	2	4199	467	42	45835	9	4	90	0	0	0	0	0	0	0	0	0	0	0	0	0	0	
764.938083	8	3	3	0	1	2	2	4199	446	42	45895	9	4	90	0	0	0	0	0	0	0	0	0	0	0	0	0	0	
765.943200	8	3	3	0	1	2	2	4199	425	42	45956	9	4	90	0	0	0	0	0	0	0	0	0	0	0	0	0	0	
766.929600	8	3	3	0	1	2	2	4199	406	42	46015	9	4	90	0	0	0	0	0	0	0	0	0	0	0	0	0	0	
767.934717	8	3	3	0	1	2	2	4199	388	42	46075	9	4	90	0	0	0	0	0	0	0	0	0	0	0	0	0	0	
768.941283	8	3	3	0	1	2	2	4198	371	42	46135	9	4	90	0	0	0	0	0	0	0	0	0	0	0	0	0	0	
769.946400	8	3	3	0	1	2	2	4199	353	42	46196	9	4	90	0	0	0	0	0	0	0	0	0	0	0	0	0	0	
770.932800	8	3	3	0	1	2	2	4199	339	42	46255	9	4	90	0	0	0	0	0	0	0	0	0	0	0	0	0	0	
771.937917	8	3	3	0	1	2	2	4199	323	42	46315	9	4	90	0	0	0	0	0	0	0	0	0	0	0	0	0	0	
772.928633	8	3	3	0	1	2	2	4198	308	42	46375	9	4	90	0	0	0	0	0	0	0	0	0	0	0	0	0	0	
773.933767	8	3	3	0	1	2	2	4198	294	42	46435	9	4	90	0	0	0	0	0	0	0	0	0	0	0	0	0	0	
774.938883	8	3	3	0	1	2	2	4198	281	42	46495	9	4	90	0	0	0	0	0	0	0	0	0	0	0	0	0	0	
775.944000	8	3	3	0	1	2	2	4198	269	42	46556	9	4	90	0	0	0	0	0	0	0	0	0	0	0	0	0	0	
776.930400	8	3	3	0	1	2	2	4199	257	42	46615	9	4	90	0	0	0	0	0	0	0	0	0	0	0	0	0	0	
777.936967	8	3	3	0	1	2	2	4199	245	42	46675	9	4	90	0	0	0	0	0	0	0	0	0	0	0	0	0	0	
778.942083	8	3	3	0	1	2	2	4198	235	42	46735	9	4	90	0	0	0	0	0	0	0	0	0	0	0	0	0	0	
779.928483	8	3	3	0	1	2	2	4198	225	42	46795	9	4	90	0	0	0	0	0	0	0	0	0	0	0	0	0	0	
780.933600	8	3	3	0	1	2	2	4198	214	42	46855	9	4	90	0	0	0	0	0	0	0	0	0	0	0	0	0	0	
781.938717	8	3	3	0	1	2	2	4198	204	42	46915	9	4	90	0	0	0	0	0	0	0	0	0	0	0	0	0	0	
782.943833	8	3	3	0	1	2	2	4198	194	42	46976	9	4	90	0	0	0	0	0	0	0	0	0	0	0	0	0	0	
783.931683	8	3	3	0	1	2	2	4199	187	42	47035	9	4	90	0	0	0	0	0	0	0	0	0	0	0	0	0	0	
784.936800	8	3	3	0	1	2	2	4199	178	42	47095	9	4	90	0	0	0	0	0	0	0	0	0	0	0	0	0	0	
785.941917	8	3	3	0	1	2	2	4199	169	42	47155	9	4	90	0	0	0	0	0	0	0	0	0	0	0	0	0	0	
786.947033	8	3	3	0	1	2	2	4198	162	42	47216	9	4	90	0	0	0	0	0	0	0	0	0	0	0	0	0	0	
787.933433	8	3	3	0	1	2	2	4198	155	42	47275	9	4	90	0	0	0	0	0	0	0	0	0	0	0	0	0	0	
788.940000	8	3	3	0	1	2	2	4198	149	42	47335	9	4	90	0	0	0	0	0	0	0	0	0	0	0	0	0	0	
789.945117	8	3	3	0	1	2	2	4198	142	42	47396	9	4	90	0	0	0	0	0	0	0	0	0	0	0	0	0	0	
790.931517	8	3	3	0	1	2	2	4198	135	42	47455	9	4	90	0	0	0	0	0	0	0	0	0	0	0	0	0	0	
791.936633	8	3	3	0	1	2	2	4199	129	42	47515	9	4	90	0	0	0	0	0	0	0	0	0	0	0	0	0	0	
792.941767	8	3	3	0	1	2	2	4199	124	42	47575	9	4	90	0	0	0	0	0	0	0	0	0	0	0	0	0	0	
793.948317	8	3	3	0	1	2	2	4198	118	42	47636	9	4	90	0	0	0	0	0	0	0	0	0	0	0	0	0	0	
794.934717	8	3	3	0	1	2	2	4199	114	42	47695	9	4	90	0	0	0	0	0	0	0	0	0	0	0	0	0	0	
795.939833	8	3	3	0	1	2	2	4199	109	42	47755	9	4	90	0	0	0	0	0	0	0	0	0	0	0	0	0	0	
796.944967	8	3	3	0	1	2	2	4198	103	42	47816	9	4	90	0	0	0	0	0	0	0	0	0	0	0	0	0	0	
797.931367	8	3	3	0	1	2	2	4198	99	42	47875	9	4	90	0	0	0	0	0	0	0	0	0	0	0	0	0	0	
798.936483	8	3	3	0	1	2	2	4198	96	42	47935	9	4	90	0	0	0	0	0	0	0	0	0	0	0	0	0	0	
799.943033	8	3	3	0	1	2	2	4198	90	42	47995	9	4	90	0	0	0	0	0	0	0	0	0	0	0	0	0	0	
800.948167	8	3	3	0	1	2	2	4198	86	42	48056	9	4	90	0	0	0	0	0	0	0	0	0	0	0	0	0	0	
801.934567	8	3	3	0	1	2	2	4198	81	42	48115	9	4	90	0	0	0	0	0	0	0	0	0	0	0	0	0	0	
802.939683	8	3	3	0	1	2	2	4198	79	42	48175	9	4	90	0	0	0	0	0	0	0	0	0	0	0	0	0	0	
803.944800	8	3	3	0	1	2	2	4198	76	42	48236	9	4	90	0	0	0	0	0	0	0	0	0	0	0	0	0	0	
804.932633	8	3	3	0	1	2	2	4198	73	42	48295	9	4	90	0	0	0	0	0	0	0	0	0	0	0	0	0	0	
805.937767	8	3	3	0	1	2	2	4199	70	42	48355	9	4	90	0	0	0	0	0	0	0	0	0	0	0	0	0	0	
806.829117	8	6	3	0	2	7	1	4132	-347	42	48409	9	5	0	0	0	0	0	0	0	0	0	0	0	0	0	0	0	
806.944317	8	6	3	0	2	7	1	3923	-1350	42	48415	9	5	0	0	0	0	0	0	0	0	0	0	0	0	0	0	0	
807.930717	8	6	3	0	2	7	1	3877	-1350	42	48475	9	5	1	0	0	0	0	0	0	0	0	0	0	0	0	0	0	
808.937283	8	6	3	0	2	7	1	3855	-1348	42	48535	9	5	3	0	0	0	0	0	0	0	0	0	0	0	0	0	0	
809.942400	8	6	3	0	2	7	1	3835	-1348	42	48595	9	5	5	0	0	0	0	0	0	0	0	0	0	0	0	0	0	
810.947517	8	6	3	0	2	7	1	3816	-1349	42	48656	9	5	6	0	0	0	0	0	0	0	0	0	0	0	0	0	0	
811.933917	8	6	3	0	2	7	1	3799	-1350	42	48715	9	5	8	0	0	0	0	0	0	0	0	0	0	0	0	0	0	
812.939033	8	6	3	0	2	7	1	3782	-1350	42	48775	9	5	9	0	0	0	0	0	0	0	0	0	0	0	0	0	0	
813.945600	8	6	3	0	2	7	1	3764	-1350	42	48835	9	5	11	0	0	0	0	0	0	0	0	0	0	0	0	0	0	
814.932000	8	6	3	0	2	7	1	3749	-1351	42	48895	9	5	13	0	0	0	0	0	0	0	0	0	0	0	0	0	0	
815.937117	8	6	3	0	2	7	1	3733	-1350	42	48955	9	5	14	0	0	0	0	0	0	0	0	0	0	0	0	0	0	
816.942233	8	6	3	0	2	7	1	3718	-1351	42	49015	9	5	16	0	0	0	0	0	0	0	0	0	0	0	0	0	0	
817.947367	8	6	3	0	2	7	1	3703	-1350	42	49076	9	5	18	0	0	0	0	0	0	0	0	0	0	0	0	0	0	
818.933767	8	6	3	0	2	7	1	3689	-1350	42	49135	9	5	19	0	0	0	0	0	0	0	0	0	0	0	0	0	0	
819.941767	8	6	3	0	2	7	1	3675	-1350	42	49195	9	5	21	0	0	0	0	0	0	0	0	0	0	0	0	0	0	
820.946883	8	6	3	0	2	7	1	3662	-1352	42	49256	9	5	23	0	0	0	0	0	0	0	0	0	0	0	0	0	0	
821.933283	8	6	3	0	2	7	1	3650	-1349	42	49315	9	5	24	0	0	0	0	0	0	0	0	0	0	0	0	0	0	
822.938400	8	6	3	0	2	7	1	3637	-1349	42	49375	9	5	26	0	0	0	0	0	0	0	0	0	0	0	0	0	0	
823.943517	8	6	3	0	2	7	1	3625	-1350	42	49435	9	5	28	0	0	0	0	0	0	0	0	0	0	0	0	0	0	
824.950083	8	6	3	0	2	7	1	3613	-1349	42	49496	9	5	29	0	0	0	0	0	0	0	0	0	0	0	0	0	0	
825.936483	8	6	3	0	2	7	1	3601	-1348	42	49555	9	5	31	0	0	0	0	0	0	0	0	0	0	0	0	0	0	
826.941600	8	6	3	0	2	7	1	3590	-1348	42	49615	9	5	33	0	0	0	0	0	0	0	0	0	0	0	0	0	0	
827.946717	8	6	3	0	2	7	1	3579	-1348	42	49676	9	5	34	0	0	0	0	0	0	0	0	0	0	0	0	0	0	
828.933117	8	6	3	0	2	7	1	3568	-1350	42	49735	9	5	36	0	0	0	0	0	0	0	0	0	0	0	0	0	0	
829.938233	8	6	3	0	2	7	1	3558	-1349	42	49795	9	5	38	0	0	0	0	0	0	0	0	0	0	0	0	0	0	
830.944800	8	6	3	0	2	7	1	3548	-1351	42	49855	9	5	39	0	0	0	0	0	0	0	0	0	0	0	0	0	0	
831.949917	8	6	3	0	2	7	1	3538	-1349	42	49916	9	5	41	0	0	0	0	0	0	0	0	0	0	0	0	0	0	
832.936317	8	6	3	0	2	7	1	3530	-1351	42	49975	9	5	43	0	0	0	0	0	0	0	0	0	0	0	0	0	0	
833.941433	8	6	3	0	2	7	1	3521	-1348	42	50035	9	5	44	0	0	0	0	0	0	0	0	0	0	0	0	0	0	
834.946567	8	6	3	0	2	7	1	3512	-1350	42	50095	9	5	46	0	0	0	0	0	0	0	0	0	0	0	0	0	0	
835.934400	8	6	3	0	2	7	1	3504	-1350	42	50155	9	5	47	0	0	0	0	0	0	0	0	0	0	0	0	0	0	
836.939517	8	6	3	0	2	7	1	3496	-1351	42	50215	9	5	49	0	0	0	0	0	0	0	0	0	0	0	0	0	0	
837.944633	8	6	3	0	2	7	1	3489	-1351	42	50275	9	5	51	0	0	0	0	0	0	0	0	0	0	0	0	0	0	
838.949767	8	6	3	0	2	7	1	3481	-1348	42	50336	9	5	52	0	0	0	0	0	0	0	0	0	0	0	0	0	0	
839.936167	8	6	3	0	2	7	1	3475	-1348	42	50395	9	5	54	0	0	0	0	0	0	0	0	0	0	0	0	0	0	
840.942717	8	6	3	0	2	7	1	3467	-1350	42	50455	9	5	56	0	0	0	0	0	0	0	0	0	0	0	0	0	0	
841.947833	8	6	3	0	2	7	1	3461	-1349	42	50515	9	5	57	0	0	0	0	0	0	0	0	0	0	0	0	0	0	
842.934233	8	6	3	0	2	7	1	3454	-1349	42	50575	9	5	59	0	0	0	0	0	0	0	0	0	0	0	0	0	0	
843.939367	8	6	3	0	2	7	1	3447	-1349	42	50635	9	5	61	0	0	0	0	0	0	0	0	0	0	0	0	0	0	
844.944483	8	6	3	0	2	7	1	3441	-1349	42	50695	9	5	62	0	0	0	0	0	0	0	0	0	0	0	0	0	0	
845.951033	8	6	3	0	2	7	1	3434	-1350	42	50756	9	5	64	0	0	0	0	0	0	0	0	0	0	0	0	0	0	
846.937433	8	6	3	0	2	7	1	3428	-1350	42	50815	9	5	66	0	0	0	0	0	0	0	0	0	0	0	0	0	0	
847.942567	8	6	3	0	2	7	1	3421	-1350	42	50875	9	5	67	0	0	0	0	0	0	0	0	0	0	0	0	0	0	
848.947683	8	6	3	0	2	7	1	3414	-1349	42	50935	9	5	69	0	0	0	0	0	0	0	0	0	0	0	0	0	0	
849.934083	8	6	3	0	2	7	1	3406	-1349	42	50995	9	5	71	0	0	0	0	0	0	0	0	0	0	0	0	0	0	
850.939200	8	6	3	0	2	7	1	3398	-1350	42	51055	9	5	72	0	0	0	0	0	0	0	0	0	0	0	0	0	0	
851.945767	8	6	3	0	2	7	1	3389	-1350	42	51115	9	5	74	0	0	0	0	0	0	0	0	0	0	0	0	0	0	
852.950883	8	6	3	0	2	7	1	3378	-1351	42	51176	9	5	76	0	0	0	0	0	0	0	0	0	0	0	0	0	0	
853.937283	8	6	3	0	2	7	1	3366	-1350	42	51235	9	5	77	0	0	0	0	0	0	0	0	0	0	0	0	0	0	
854.942400	8	6	3	0	2	7	1	3351	-1349	42	51295	9	5	79	0	0	0	0	0	0	0	0	0	0	0	0	0	0	
855.947517	8	6	3	0	2	7	1	3333	-1349	42	51355	9	5	81	0	0	0	0	0	0	0	0	0	0	0	0	0	0	
856.933917	8	6	3	0	2	7	1	3311	-1349	42	51415	9	5	82	0	0	0	0	0	0	0	0	0	0	0	0	0	0	
857.940483	8	6	3	0	2	7	1	3281	-1349	42	51475	9	5	84	0	0	0	0	0	0	0	0	0	0	0	0	0	0	
858.945600	8	6	3	0	2	7	1	3237	-1351	42	51535	9	5	86	0	0	0	0	0	0	0	0	0	0	0	0	0	0	
859.950717	8	6	3	0	2	7	1	3155	-1350	42	51596	9	5	87	0	0	0	0	0	0	0	0	0	0	0	0	0	0	
860.937117	8	6	3	0	2	7	1	2987	-1350	42	51655	9	5	89	0	0	0	0	0	0	0	0	0	0	0	0	0	0	
861.603833	8	15	3	0	1	31	2	2924	66	42	51695	10	5	90	0	0	0	0	0	0	0	0	0	0	0	0	0	0	
861.624000	8	4	3	0	1	3	2	2947	66	42	51696	10	5	90	0	0	0	0	0	0	0	0	0	0	0	0	0	0	
861.720483	8	3	3	0	1	2	2	2994	0	42	51702	11	5	90	0	0	0	0	0	0	0	0	0	0	0	0	0	0	
861.948000	8	3	3	0	1	2	2	3277	676	42	51715	11	5	90	0	0	0	0	0	0	0	0	0	0	0	0	0	0	
862.953117	8	3	3	0	1	2	2	3498	674	42	51776	11	5	90	0	0	0	0	0	0	0	0	0	0	0	0	0	0	
863.939517	8	3	3	0	1	2	2	3600	673	42	51835	11	5	90	0	0	0	0	0	0	0	0	0	0	0	0	0	0	
864.946083	8	3	3	0	1	2	2	3671	674	42	51895	11	5	90	0	0	0	0	0	0	0	0	0	0	0	0	0	0	
865.951200	8	3	3	0	1	2	2	3724	674	42	51956	11	5	90	0	0	0	0	0	0	0	0	0	0	0	0	0	0	
866.939033	8	3	3	0	1	2	2	3764	674	42	52015	11	5	90	0	0	0	0	0	0	0	0	0	0	0	0	0	0	
867.944167	8	3	3	0	1	2	2	3796	674	42	52075	11	5	90	0	0	0	0	0	0	0	0	0	0	0	0	0	0	
868.950717	8	3	3	0	1	2	2	3813	675	42	52135	11	5	90	0	0	0	0	0	0	0	0	0	0	0	0	0	0	
869.937117	8	3	3	0	1	2	2	3821	675	42	52195	11	5	90	0	0	0	0	0	0	0	0	0	0	0	0	0	0	
870.942233	8	3	3	0	1	2	2	3827	675	42	52255	11	5	90	0	0	0	0	0	0	0	0	0	0	0	0	0	0	
871.947367	8	3	3	0	1	2	2	3832	674	42	52315	11	5	90	0	0	0	0	0	0	0	0	0	0	0	0	0	0	
872.952483	8	3	3	0	1	2	2	3837	675	42	52376	11	5	90	0	0	0	0	0	0	0	0	0	0	0	0	0	0	
873.938883	8	3	3	0	1	2	2	3841	674	42	52435	11	5	90	0	0	0	0	0	0	0	0	0	0	0	0	0	0	
874.945433	8	3	3	0	1	2	2	3846	675	42	52495	11	5	90	0	0	0	0	0	0	0	0	0	0	0	0	0	0	
875.950567	8	3	3	0	1	2	2	3851	674	42	52555	11	5	90	0	0	0	0	0	0	0	0	0	0	0	0	0	0	
876.936967	8	3	3	0	1	2	2	3855	675	42	52615	11	5	90	0	0	0	0	0	0	0	0	0	0	0	0	0	0	
877.942083	8	3	3	0	1	2	2	3861	674	42	52675	11	5	90	0	0	0	0	0	0	0	0	0	0	0	0	0	0	
878.947200	8	3	3	0	1	2	2	3866	675	42	52735	11	5	90	0	0	0	0	0	0	0	0	0	0	0	0	0	0	
879.953767	8	3	3	0	1	2	2	3872	674	42	52796	11	5	90	0	0	0	0	0	0	0	0	0	0	0	0	0	0	
880.940167	8	3	3	0	1	2	2	3877	675	42	52855	11	5	90	0	0	0	0	0	0	0	0	0	0	0	0	0	0	
881.945283	8	3	3	0	1	2	2	3883	674	42	52915	11	5	90	0	0	0	0	0	0	0	0	0	0	0	0	0	0	
882.950400	8	3	3	0	1	2	2	3889	676	42	52975	11	5	90	0	0	0	0	0	0	0	0	0	0	0	0	0	0	
883.936800	8	3	3	0	1	2	2	3895	675	42	53035	11	5	90	0	0	0	0	0	0	0	0	0	0	0	0	0	0	
884.941917	8	3	3	0	1	2	2	3900	674	42	53095	11	5	90	0	0	0	0	0	0	0	0	0	0	0	0	0	0	
885.948483	8	3	3	0	1	2	2	3905	674	42	53155	11	5	90	0	0	0	0	0	0	0	0	0	0	0	0	0	0	
886.955033	8	3	3	0	1	2	2	3910	673	42	53216	11	5	90	0	0	0	0	0	0	0	0	0	0	0	0	0	0	
887.941433	8	3	3	0	1	2	2	3915	674	42	53275	11	5	90	0	0	0	0	0	0	0	0	0	0	0	0	0	0	
888.946567	8	3	3	0	1	2	2	3919	674	42	53335	11	5	90	0	0	0	0	0	0	0	0	0	0	0	0	0	0	
889.953117	8	3	3	0	1	2	2	3922	674	42	53396	11	5	90	0	0	0	0	0	0	0	0	0	0	0	0	0	0	
890.939517	8	3	3	0	1	2	2	3926	674	42	53455	11	5	90	0	0	0	0	0	0	0	0	0	0	0	0	0	0	
891.944633	8	3	3	0	1	2	2	3929	674	42	53515	11	5	90	0	0	0	0	0	0	0	0	0	0	0	0	0	0	
892.949767	8	3	3	0	1	2	2	3932	674	42	53575	11	5	90	0	0	0	0	0	0	0	0	0	0	0	0	0	0	
893.954883	8	3	3	0	1	2	2	3935	674	42	53636	11	5	90	0	0	0	0	0	0	0	0	0	0	0	0	0	0	
894.942717	8	3	3	0	1	2	2	3938	674	42	53695	11	5	90	0	0	0	0	0	0	0	0	0	0	0	0	0	0	
895.947833	8	3	3	0	1	2	2	3941	673	42	53755	11	5	90	0	0	0	0	0	0	0	0	0	0	0	0	0	0	
896.952967	8	3	3	0	1	2	2	3944	674	42	53816	11	5	90	0	0	0	0	0	0	0	0	0	0	0	0	0	0	
897.939367	8	3	3	0	1	2	2	3947	675	42	53875	11	5	90	0	0	0	0	0	0	0	0	0	0	0	0	0	0	
898.944483	8	3	3	0	1	2	2	3949	674	42	53935	11	5	90	0	0	0	0	0	0	0	0	0	0	0	0	0	0	
899.949600	8	3	3	0	1	2	2	3952	674	42	53995	11	5	90	0	0	0	0	0	0	0	0	0	0	0	0	0	0	
900.956167	8	3	3	0	1	2	2	3955	673	42	54056	11	5	90	0	0	0	0	0	0	0	0	0	0	0	0	0	0	
901.942567	8	3	3	0	1	2	2	3958	674	42	54115	11	5	90	0	0	0	0	0	0	0	0	0	0	0	0	0	0	
902.947683	8	3	3	0	1	2	2	3961	674	42	54175	11	5	90	0	0	0	0	0	0	0	0	0	0	0	0	0	0	
903.952800	8	3	3	0	1	2	2	3965	675	42	54236	11	5	90	0	0	0	0	0	0	0	0	0	0	0	0	0	0	
904.939200	8	3	3	0	1	2	2	3968	675	42	54295	11	5	90	0	0	0	0	0	0	0	0	0	0	0	0	0	0	
905.944317	8	3	3	0	1	2	2	3971	674	42	54355	11	5	90	0	0	0	0	0	0	0	0	0	0	0	0	0	0	
906.950883	8	3	3	0	1	2	2	3974	675	42	54415	11	5	90	0	0	0	0	0	0	0	0	0	0	0	0	0	0	
907.956000	8	3	3	0	1	2	2	3978	676	42	54476	11	5	90	0	0	0	0	0	0	0	0	0	0	0	0	0	0	
908.942400	8	3	3	0	1	2	2	3981	674	42	54535	11	5	90	0	0	0	0	0	0	0	0	0	0	0	0	0	0	
909.947517	8	3	3	0	1	2	2	3985	675	42	54595	11	5	90	0	0	0	0	0	0	0	0	0	0	0	0	0	0	
910.956967	8	3	3	0	1	2	2	3988	674	42	54656	11	5	90	0	0	0	0	0	0	0	0	0	0	0	0	0	0	
911.943367	8	3	3	0	1	2	2	3992	674	42	54715	11	5	90	0	0	0	0	0	0	0	0	0	0	0	0	0	0	
912.948483	8	3	3	0	1	2	2	3996	674	42	54775	11	5	90	0	0	0	0	0	0	0	0	0	0	0	0	0	0	
913.953600	8	3	3	0	1	2	2	3999	673	42	54836	11	5	90	0	0	0	0	0	0	0	0	0	0	0	0	0	0	
914.941433	8	3	3	0	1	2	2	4003	676	42	54895	11	5	90	0	0	0	0	0	0	0	0	0	0	0	0	0	0	
915.946567	8	3	3	0	1	2	2	4007	675	42	54955	11	5	90	0	0	0	0	0	0	0	0	0	0	0	0	0	0	
916.951683	8	3	3	0	1	2	2	4011	675	42	55015	11	5	90	0	0	0	0	0	0	0	0	0	0	0	0	0	0	
917.956800	8	3	3	0	1	2	2	4015	674	42	55076	11	5	90	0	0	0	0	0	0	0	0	0	0	0	0	0	0	
918.943200	8	3	3	0	1	2	2	4019	674	42	55135	11	5	90	0	0	0	0	0	0	0	0	0	0	0	0	0	0	
919.949767	8	3	3	0	1	2	2	4023	675	42	55195	11	5	90	0	0	0	0	0	0	0	0	0	0	0	0	0	0	
920.954883	8	3	3	0	1	2	2	4027	674	42	55256	11	5	90	0	0	0	0	0	0	0	0	0	0	0	0	0	0	
921.941283	8	3	3	0	1	2	2	4031	673	42	55315	11	5	90	0	0	0	0	0	0	0	0	0	0	0	0	0	0	
922.946400	8	3	3	0	1	2	2	4036	675	42	55375	11	5	90	0	0	0	0	0	0	0	0	0	0	0	0	0	0	
923.951517	8	3	3	0	1	2	2	4040	673	42	55435	11	5	90	0	0	0	0	0	0	0	0	0	0	0	0	0	0	
924.956633	8	3	3	0	1	2	2	4045	675	42	55496	11	5	90	0	0	0	0	0	0	0	0	0	0	0	0	0	0	
925.944483	8	3	3	0	1	2	2	4050	674	42	55555	11	5	90	0	0	0	0	0	0	0	0	0	0	0	0	0	0	
926.949600	8	3	3	0	1	2	2	4055	674	42	55615	11	5	90	0	0	0	0	0	0	0	0	0	0	0	0	0	0	
927.954717	8	3	3	0	1	2	2	4059	672	42	55676	11	5	90	0	0	0	0	0	0	0	0	0	0	0	0	0	0	
928.941117	8	3	3	0	1	2	2	4065	676	42	55735	11	5	90	0	0	0	0	0	0	0	0	0	0	0	0	0	0	
929.946233	8	3	3	0	1	2	2	4070	676	42	55795	11	5	90	0	0	0	0	0	0	0	0	0	0	0	0	0	0	
930.952800	8	3	3	0	1	2	2	4075	676	42	55855	11	5	90	0	0	0	0	0	0	0	0	0	0	0	0	0	0	
931.957917	8	3	3	0	1	2	2	4080	675	42	55916	11	5	90	0	0	0	0	0	0	0	0	0	0	0	0	0	0	
932.944317	8	3	3	0	1	2	2	4085	674	42	55975	11	5	90	0	0	0	0	0	0	0	0	0	0	0	0	0	0	
933.949433	8	3	3	0	1	2	2	4090	675	42	56035	11	5	90	0	0	0	0	0	0	0	0	0	0	0	0	0	0	
934.954567	8	3	3	0	1	2	2	4096	676	42	56095	11	5	90	0	0	0	0	0	0	0	0	0	0	0	0	0	0	
935.940967	8	3	3	0	1	2	2	4102	677	42	56155	11	5	90	0	0	0	0	0	0	0	0	0	0	0	0	0	0	
936.947517	8	3	3	0	1	2	2	4107	677	42	56215	11	5	90	0	0	0	0	0	0	0	0	0	0	0	0	0	0	
937.952633	8	3	3	0	1	2	2	4113	675	42	56275	11	5	90	0	0	0	0	0	0	0	0	0	0	0	0	0	0	
938.957767	8	3	3	0	1	2	2	4117	667	42	56336	11	5	90	0	0	0	0	0	0	0	0	0	0	0	0	0	0	
939.944167	8	3	3	0	1	2	2	4122	664	42	56395	11	5	90	0	0	0	0	0	0	0	0	0	0	0	0	0	0	
940.950717	8	3	3	0	1	2	2	4128	661	42	56455	11	5	90	0	0	0	0	0	0	0	0	0	0	0	0	0	0	
941.955833	8	3	3	0	1	2	2	4133	661	42	56515	11	5	90	0	0	0	0	0	0	0	0	0	0	0	0	0	0	
942.942233	8	3	3	0	1	2	2	4139	661	42	56575	11	5	90	0	0	0	0	0	0	0	0	0	0	0	0	0	0	
943.947367	8	3	3	0	1	2	2	4145	659	42	56635	11	5	90	0	0	0	0	0	0	0	0	0	0	0	0	0	0	
944.952483	8	3	3	0	1	2	2	4151	658	42	56695	11	5	90	0	0	0	0	0	0	0	0	0	0	0	0	0	0	
945.957600	8	3	3	0	1	2	2	4157	657	42	56756	11	5	90	0	0	0	0	0	0	0	0	0	0	0	0	0	0	
946.945433	8	3	3	0	1	2	2	4164	657	42	56815	11	5	90	0	0	0	0	0	0	0	0	0	0	0	0	0	0	
947.950567	8	3	3	0	1	2	2	4170	655	42	56875	11	5	90	0	0	0	0	0	0	0	0	0	0	0	0	0	0	
948.955683	8	3	3	0	1	2	2	4176	655	42	56935	11	5	90	0	0	0	0	0	0	0	0	0	0	0	0	0	0	
949.942083	8	3	3	0	1	2	2	4183	654	42	56995	11	5	90	0	0	0	0	0	0	0	0	0	0	0	0	0	0	
950.947200	8	3	3	0	1	2	2	4190	653	42	57055	11	5	90	0	0	0	0	0	0	0	0	0	0	0	0	0	0	
951.953767	8	3	3	0	1	2	2	4196	651	42	57115	11	5	90	0	0	0	0	0	0	0	0	0	0	0	0	0	0	
952.958883	8	3	3	0	1	2	2	4198	629	42	57176	11	5	90	0	0	0	0	0	0	0	0	0	0	0	0	0	0	
953.945283	8	3	3	0	1	2	2	4199	602	42	57235	11	5	90	0	0	0	0	0	0	0	0	0	0	0	0	0	0	
954.950400	8	3	3	0	1	2	2	4199	574	42	57295	11	5	90	0	0	0	0	0	0	0	0	0	0	0	0	0	0	
955.955517	8	3	3	0	1	2	2	4199	547	42	57355	11	5	90	0	0	0	0	0	0	0	0	0	0	0	0	0	0	
956.941917	8	3	3	0	1	2	2	4198	522	42	57415	11	5	90	0	0	0	0	0	0	0	0	0	0	0	0	0	0	
957.948483	8	3	3	0	1	2	2	4199	498	42	57475	11	5	90	0	0	0	0	0	0	0	0	0	0	0	0	0	0	
958.953600	8	3	3	0	1	2	2	4199	476	42	57535	11	5	90	0	0	0	0	0	0	0	0	0	0	0	0	0	0	
959.958717	8	3	3	0	1	2	2	4198	455	42	57596	11	5	90	0	0	0	0	0	0	0	0	0	0	0	0	0	0	
960.945117	8	3	3	0	1	2	2	4198	434	42	57655	11	5	90	0	0	0	0	0	0	0	0	0	0	0	0	0	0	
961.950233	8	3	3	0	1	2	2	4199	414	42	57715	11	5	90	0	0	0	0	0	0	0	0	0	0	0	0	0	0	
962.956800	8	3	3	0	1	2	2	4199	396	42	57775	11	5	90	0	0	0	0	0	0	0	0	0	0	0	0	0	0	
963.943200	8	3	3	0	1	2	2	4199	378	42	57835	11	5	90	0	0	0	0	0	0	0	0	0	0	0	0	0	0	
964.948317	8	3	3	0	1	2	2	4199	361	42	57895	11	5	90	0	0	0	0	0	0	0	0	0	0	0	0	0	0	
965.956317	8	3	3	0	1	2	2	4198	344	42	57955	11	5	90	0	0	0	0	0	0	0	0	0	0	0	0	0	0	
966.944167	8	3	3	0	1	2	2	4199	328	42	58015	11	5	90	0	0	0	0	0	0	0	0	0	0	0	0	0	0	
967.949283	8	3	3	0	1	2	2	4199	314	42	58075	11	5	90	0	0	0	0	0	0	0	0	0	0	0	0	0	0	
968.954400	8	3	3	0	1	2	2	4198	301	42	58135	11	5	90	0	0	0	0	0	0	0	0	0	0	0	0	0	0	
969.959517	8	3	3	0	1	2	2	4198	286	42	58196	11	5	90	0	0	0	0	0	0	0	0	0	0	0	0	0	0	
970.945917	8	3	3	0	1	2	2	4198	274	42	58255	11	5	90	0	0	0	0	0	0	0	0	0	0	0	0	0	0	
971.951033	8	3	3	0	1	2	2	4199	262	42	58315	11	5	90	0	0	0	0	0	0	0	0	0	0	0	0	0	0	
972.957600	8	3	3	0	1	2	2	4199	251	42	58375	11	5	90	0	0	0	0	0	0	0	0	0	0	0	0	0	0	
973.944000	8	3	3	0	1	2	2	4198	239	42	58435	11	5	90	0	0	0	0	0	0	0	0	0	0	0	0	0	0	
974.949117	8	3	3	0	1	2	2	4199	229	42	58495	11	5	90	0	0	0	0	0	0	0	0	0	0	0	0	0	0	
975.954233	8	3	3	0	1	2	2	4198	217	42	58555	11	5	90	0	0	0	0	0	0	0	0	0	0	0	0	0	0	
976.959367	8	3	3	0	1	2	2	4199	208	42	58616	11	5	90	0	0	0	0	0	0	0	0	0	0	0	0	0	0	
977.947200	8	3	3	0	1	2	2	4199	199	42	58675	11	5	90	0	0	0	0	0	0	0	0	0	0	0	0	0	0	
978.952317	8	3	3	0	1	2	2	4198	191	42	58735	11	5	90	0	0	0	0	0	0	0	0	0	0	0	0	0	0	
979.957433	8	3	3	0	1	2	2	4198	181	42	58795	11	5	90	0	0	0	0	0	0	0	0	0	0	0	0	0	0	
980.943833	8	3	3	0	1	2	2	4199	174	42	58855	11	5	90	0	0	0	0	0	0	0	0	0	0	0	0	0	0	
981.948967	8	3	3	0	1	2	2	4198	165	42	58915	11	5	90	0	0	0	0	0	0	0	0	0	0	0	0	0	0	
982.955517	8	3	3	0	1	2	2	4198	158	42	58975	11	5	90	0	0	0	0	0	0	0	0	0	0	0	0	0	0	
983.944800	8	3	3	0	1	2	2	4199	151	42	59035	11	5	90	0	0	0	0	0	0	0	0	0	0	0	0	0	0	
984.949917	8	3	3	0	1	2	2	4199	144	42	59095	11	5	90	0	0	0	0	0	0	0	0	0	0	0	0	0	0	
985.955033	8	3	3	0	1	2	2	4198	138	42	59155	11	5	90	0	0	0	0	0	0	0	0	0	0	0	0	0	0	
986.961600	8	3	3	0	1	2	2	4199	132	42	59216	11	5	90	0	0	0	0	0	0	0	0	0	0	0	0	0	0	
987.948000	8	3	3	0	1	2	2	4199	126	42	59275	11	5	90	0	0	0	0	0	0	0	0	0	0	0	0	0	0	
988.953117	8	3	3	0	1	2	2	4198	121	42	59335	11	5	90	0	0	0	0	0	0	0	0	0	0	0	0	0	0	
989.958233	8	3	3	0	1	2	2	4198	115	42	59395	11	5	90	0	0	0	0	0	0	0	0	0	0	0	0	0	0	
990.944633	8	3	3	0	1	2	2	4198	109	42	59455	11	5	90	0	0	0	0	0	0	0	0	0	0	0	0	0	0	
991.951200	8	3	3	0	1	2	2	4198	104	42	59515	11	5	90	0	0	0	0	0	0	0	0	0	0	0	0	0	0	
992.956317	8	3	3	0	1	2	2	4198	100	42	59575	11	5	90	0	0	0	0	0	0	0	0	0	0	0	0	0	0	
993.961433	8	3	3	0	1	2	2	4198	96	42	59636	11	5	90	0	0	0	0	0	0	0	0	0	0	0	0	0	0	
994.947833	8	3	3	0	1	2	2	4198	92	42	59695	11	5	90	0	0	0	0	0	0	0	0	0	0	0	0	0	0	
995.952967	8	3	3	0	1	2	2	4198	87	42	59755	11	5	90	0	0	0	0	0	0	0	0	0	0	0	0	0	0	
996.959517	8	3	3	0	1	2	2	4198	84	42	59815	11	5	90	0	0	0	0	0	0	0	0	0	0	0	0	0	0	
997.945917	8	3	3	0	1	2	2	4199	80	42	59875	11	5	90	0	0	0	0	0	0	0	0	0	0	0	0	0	0	
998.951033	8	3	3	0	1	2	2	4198	76	42	59935	11	5	90	0	0	0	0	0	0	0	0	0	0	0	0	0	0	
999.956167	8	3	3	0	1	2	2	4198	74	42	59995	11	5	90	0	0	0	0	0	0	0	0	0	0	0	0	0	0	
1000.961283	8	3	3	0	1	2	2	4198	70	42	60056	11	5	90	0	0	0	0	0	0	0	0	0	0	0	0	0	0	
1001.949117	8	3	3	0	1	2	2	4199	67	42	60115	11	5	90	0	0	0	0	0	0	0	0	0	0	0	0	0	0	
1002.180967	8	6	3	0	2	7	1	4123	-397	42	60129	11	6	0	0	0	0	0	0	0	0	0	0	0	0	0	0	0	
1002.955683	8	6	3	0	2	7	1	3890	-1350	42	60175	11	6	1	0	0	0	0	0	0	0	0	0	0	0	0	0	0	
1003.960800	8	6	3	0	2	7	1	3863	-1349	42	60236	11	6	2	0	0	0	0	0	0	0	0	0	0	0	0	0	0	
1004.947200	8	6	3	0	2	7	1	3843	-1350	42	60295	11	6	4	0	0	0	0	0	0	0	0	0	0	0	0	0	0	
1005.952317	8	6	3	0	2	7	1	3825	-1351	42	60355	11	6	6	0	0	0	0	0	0	0	0	0	0	0	0	0	0	
1006.958883	8	6	3	0	2	7	1	3806	-1348	42	60415	11	6	7	0	0	0	0	0	0	0	0	0	0	0	0	0	0	
1007.964000	8	6	3	0	2	7	1	3789	-1349	42	60476	11	6	9	0	0	0	0	0	0	0	0	0	0	0	0	0	0	
1008.950400	8	6	3	0	2	7	1	3773	-1350	42	60535	11	6	11	0	0	0	0	0	0	0	0	0	0	0	0	0	0	
1009.955517	8	6	3	0	2	7	1	3757	-1349	42	60595	11	6	12	0	0	0	0	0	0	0	0	0	0	0	0	0	0	
1010.960633	8	6	3	0	2	7	1	3741	-1350	42	60656	11	6	14	0	0	0	0	0	0	0	0	0	0	0	0	0	0	
1011.948483	8	6	3	0	2	7	1	3726	-1351	42	60715	11	6	16	0	0	0	0	0	0	0	0	0	0	0	0	0	0	
1012.953600	8	6	3	0	2	7	1	3711	-1350	42	60775	11	6	17	0	0	0	0	0	0	0	0	0	0	0	0	0	0	
1013.958717	8	6	3	0	2	7	1	3697	-1349	42	60835	11	6	19	0	0	0	0	0	0	0	0	0	0	0	0	0	0	
1014.963833	8	6	3	0	2	7	1	3683	-1348	42	60896	11	6	21	0	0	0	0	0	0	0	0	0	0	0	0	0	0	
1015.950233	8	6	3	0	2	7	1	3670	-1349	42	60955	11	6	22	0	0	0	0	0	0	0	0	0	0	0	0	0	0	
1016.956800	8	6	3	0	2	7	1	3657	-1351	42	61015	11	6	24	0	0	0	0	0	0	0	0	0	0	0	0	0	0	
1017.961917	8	6	3	0	2	7	1	3644	-1349	42	61075	11	6	25	0	0	0	0	0	0	0	0	0	0	0	0	0	0	
1018.948317	8	6	3	0	2	7	1	3632	-1349	42	61135	11	6	27	0	0	0	0	0	0	0	0	0	0	0	0	0	0	
1019.953433	8	6	3	0	2	7	1	3620	-1350	42	61195	11	6	29	0	0	0	0	0	0	0	0	0	0	0	0	0	0	
1020.958567	8	6	3	0	2	7	1	3608	-1349	42	61255	11	6	30	0	0	0	0	0	0	0	0	0	0	0	0	0	0	
1021.965117	8	6	3	0	2	7	1	3597	-1350	42	61316	11	6	32	0	0	0	0	0	0	0	0	0	0	0	0	0	0	
1022.951517	8	6	3	0	2	7	1	3586	-1349	42	61375	11	6	34	0	0	0	0	0	0	0	0	0	0	0	0	0	0	
1023.956633	8	6	3	0	2	7	1	3575	-1351	42	61435	11	6	35	0	0	0	0	0	0	0	0	0	0	0	0	0	0	
1024.961767	8	6	3	0	2	7	1	3565	-1348	42	61495	11	6	37	0	0	0	0	0	0	0	0	0	0	0	0	0	0	
1025.948167	8	6	3	0	2	7	1	3555	-1351	42	61555	11	6	39	0	0	0	0	0	0	0	0	0	0	0	0	0	0	
1026.953283	8	6	3	0	2	7	1	3545	-1348	42	61615	11	6	40	0	0	0	0	0	0	0	0	0	0	0	0	0	0	
1027.959833	8	6	3	0	2	7	1	3536	-1351	42	61675	11	6	42	0	0	0	0	0	0	0	0	0	0	0	0	0	0	
1028.964967	8	6	3	0	2	7	1	3527	-1349	42	61736	11	6	44	0	0	0	0	0	0	0	0	0	0	0	0	0	0	
1029.951367	8	6	3	0	2	7	1	3518	-1350	42	61795	11	6	45	0	0	0	0	0	0	0	0	0	0	0	0	0	0	
1030.956483	8	6	3	0	2	7	1	3510	-1350	42	61855	11	6	47	0	0	0	0	0	0	0	0	0	0	0	0	0	0	
1031.961600	8	6	3	0	2	7	1	3502	-1350	42	61915	11	6	49	0	0	0	0	0	0	0	0	0	0	0	0	0	0	
1032.949433	8	6	3	0	2	7	1	3494	-1351	42	61975	11	6	50	0	0	0	0	0	0	0	0	0	0	0	0	0	0	
1033.954567	8	6	3	0	2	7	1	3487	-1349	42	62035	11	6	52	0	0	0	0	0	0	0	0	0	0	0	0	0	0	
1034.959683	8	6	3	0	2	7	1	3480	-1349	42	62095	11	6	53	0	0	0	0	0	0	0	0	0	0	0	0	0	0	
1035.964800	8	6	3	0	2	7	1	3473	-1351	42	62156	11	6	55	0	0	0	0	0	0	0	0	0	0	0	0	0	0	
1036.951200	8	6	3	0	2	7	1	3466	-1349	42	62215	11	6	57	0	0	0	0	0	0	0	0	0	0	0	0	0	0	
1037.957767	8	6	3	0	2	7	1	3459	-1349	42	62275	11	6	58	0	0	0	0	0	0	0	0	0	0	0	0	0	0	
1038.962883	8	6	3	0	2	7	1	3453	-1350	42	62335	11	6	60	0	0	0	0	0	0	0	0	0	0	0	0	0	0	
1039.949283	8	6	3	0	2	7	1	3446	-1351	42	62395	11	6	62	0	0	0	0	0	0	0	0	0	0	0	0	0	0	
1040.954400	8	6	3	0	2	7	1	3439	-1349	42	62455	11	6	63	0	0	0	0	0	0	0	0	0	0	0	0	0	0	
1041.959517	8	6	3	0	2	7	1	3433	-1349	42	62515	11	6	65	0	0	0	0	0	0	0	0	0	0	0	0	0	0	
1042.964633	8	6	3	0	2	7	1	3426	-1350	42	62576	11	6	67	0	0	0	0	0	0	0	0	0	0	0	0	0	0	
1043.952483	8	6	3	0	2	7	1	3419	-1349	42	62635	11	6	68	0	0	0	0	0	0	0	0	0	0	0	0	0	0	
1044.957600	8	6	3	0	2	7	1	3412	-1350	42	62695	11	6	70	0	0	0	0	0	0	0	0	0	0	0	0	0	0	
1045.962717	8	6	3	0	2	7	1	3404	-1350	42	62755	11	6	72	0	0	0	0	0	0	0	0	0	0	0	0	0	0	
1046.949117	8	6	3	0	2	7	1	3395	-1350	42	62815	11	6	73	0	0	0	0	0	0	0	0	0	0	0	0	0	0	
1047.954233	8	6	3	0	2	7	1	3385	-1350	42	62875	11	6	75	0	0	0	0	0	0	0	0	0	0	0	0	0	0	
1048.960800	8	6	3	0	2	7	1	3373	-1349	42	62935	11	6	77	0	0	0	0	0	0	0	0	0	0	0	0	0	0	
1049.965917	8	6	3	0	2	7	1	3359	-1348	42	62996	11	6	78	0	0	0	0	0	0	0	0	0	0	0	0	0	0	
1050.953767	8	6	3	0	2	7	1	3342	-1348	42	63055	11	6	80	0	0	0	0	0	0	0	0	0	0	0	0	0	0	
1051.958883	8	6	3	0	2	7	1	3321	-1349	42	63115	11	6	82	0	0	0	0	0	0	0	0	0	0	0	0	0	0	
1052.964000	8	6	3	0	2	7	1	3295	-1350	42	63176	11	6	83	0	0	0	0	0	0	0	0	0	0	0	0	0	0	
1053.951833	8	6	3	0	2	7	1	3258	-1349	42	63235	11	6	85	0	0	0	0	0	0	0	0	0	0	0	0	0	0	
1054.956967	8	6	3	0	2	7	1	3192	-1350	42	63295	11	6	87	0	0	0	0	0	0	0	0	0	0	0	0	0	0	
1055.962083	8	6	3	0	2	7	1	3060	-1348	42	63355	11	6	88	0	0	0	0	0	0	0	0	0	0	0	0	0	0	
1056.948483	8	15	3	0	1	31	2	2919	67	42	63415	12	6	90	0	0	0	0	0	0	0	0	0	0	0	0	0	0	
1056.970083	8	4	3	0	1	3	2	2943	65	42	63416	12	6	90	0	0	0	0	0	0	0	0	0	0	0	0	0	0	
1057.070883	8	3	3	0	1	2	2	2995	0	42	63422	13	6	90	0	0	0	0	0	0	0	0	0	0	0	0	0	0	
1057.957917	8	3	3	0	1	2	2	3441	676	42	63475	13	6	90	0	0	0	0	0	0	0	0	0	0	0	0	0	0	
1058.963033	8	3	3	0	1	2	2	3568	675	42	63535	13	6	90	0	0	0	0	0	0	0	0	0	0	0	0	0	0	
1059.949433	8	3	3	0	1	2	2	3646	673	42	63595	13	6	90	0	0	0	0	0	0	0	0	0	0	0	0	0	0	
1060.956000	8	3	3	0	1	2	2	3705	674	42	63655	13	6	90	0	0	0	0	0	0	0	0	0	0	0	0	0	0	
1061.961117	8	3	3	0	1	2	2	3750	675	42	63715	13	6	90	0	0	0	0	0	0	0	0	0	0	0	0	0	0	
1062.966233	8	3	3	0	1	2	2	3785	673	42	63776	13	6	90	0	0	0	0	0	0	0	0	0	0	0	0	0	0	
1063.952633	8	3	3	0	1	2	2	3808	675	42	63835	13	6	90	0	0	0	0	0	0	0	0	0	0	0	0	0	0	
1064.957767	8	3	3	0	1	2	2	3818	674	42	63895	13	6	90	0	0	0	0	0	0	0	0	0	0	0	0	0	0	
1065.964317	8	3	3	0	1	2	2	3825	674	42	63955	13	6	90	0	0	0	0	0	0	0	0	0	0	0	0	0	0	
1066.969433	8	3	3	0	1	2	2	3830	674	42	64016	13	6	90	0	0	0	0	0	0	0	0	0	0	0	0	0	0	
1067.955833	8	3	3	0	1	2	2	3834	675	42	64075	13	6	90	0	0	0	0	0	0	0	0	0	0	0	0	0	0	
1068.960967	8	3	3	0	1	2	2	3839	674	42	64135	13	6	90	0	0	0	0	0	0	0	0	0	0	0	0	0	0	
1069.966083	8	3	3	0	1	2	2	3844	674	42	64196	13	6	90	0	0	0	0	0	0	0	0	0	0	0	0	0	0	
1070.953917	8	3	3	0	1	2	2	3848	674	42	64255	13	6	90	0	0	0	0	0	0	0	0	0	0	0	0	0	0	
1071.959033	8	3	3	0	1	2	2	3853	674	42	64315	13	6	90	0	0	0	0	0	0	0	0	0	0	0	0	0	0	
1072.964167	8	3	3	0	1	2	2	3859	675	42	64375	13	6	90	0	0	0	0	0	0	0	0	0	0	0	0	0	0	
1073.969283	8	3	3	0	1	2	2	3864	675	42	64436	13	6	90	0	0	0	0	0	0	0	0	0	0	0	0	0	0	
1074.955683	8	3	3	0	1	2	2	3869	674	42	64495	13	6	90	0	0	0	0	0	0	0	0	0	0	0	0	0	0	
1075.962233	8	3	3	0	1	2	2	3875	674	42	64555	13	6	90	0	0	0	0	0	0	0	0	0	0	0	0	0	0	
1076.967367	8	3	3	0	1	2	2	3880	674	42	64616	13	6	90	0	0	0	0	0	0	0	0	0	0	0	0	0	0	
1077.953767	8	3	3	0	1	2	2	3886	674	42	64675	13	6	90	0	0	0	0	0	0	0	0	0	0	0	0	0	0	
1078.958883	8	3	3	0	1	2	2	3892	675	42	64735	13	6	90	0	0	0	0	0	0	0	0	0	0	0	0	0	0	
1079.966883	8	3	3	0	1	2	2	3898	675	42	64795	13	6	90	0	0	0	0	0	0	0	0	0	0	0	0	0	0	
1080.953283	8	3	3	0	1	2	2	3903	674	42	64855	13	6	90	0	0	0	0	0	0	0	0	0	0	0	0	0	0	
1081.958400	8	3	3	0	1	2	2	3908	674	42	64915	13	6	90	0	0	0	0	0	0	0	0	0	0	0	0	0	0	
1082.963517	8	3	3	0	1	2	2	3913	674	42	64975	13	6	90	0	0	0	0	0	0	0	0	0	0	0	0	0	0	
1083.968633	8	3	3	0	1	2	2	3917	675	42	65036	13	6	90	0	0	0	0	0	0	0	0	0	0	0	0	0	0	
1084.955033	8	3	3	0	1	2	2	3921	673	42	65095	13	6	90	0	0	0	0	0	0	0	0	0	0	0	0	0	0	
1085.961600	8	3	3	0	1	2	2	3924	673	42	65155	13	6	90	0	0	0	0	0	0	0	0	0	0	0	0	0	0	
1086.966717	8	3	3	0	1	2	2	3928	674	42	65215	13	6	90	0	0	0	0	0	0	0	0	0	0	0	0	0	0	
1087.953117	8	3	3	0	1	2	2	3930	674	42	65275	13	6	90	0	0	0	0	0	0	0	0	0	0	0	0	0	0	
1088.958233	8	3	3	0	1	2	2	3934	674	42	65335	13	6	90	0	0	0	0	0	0	0	0	0	0	0	0	0	0	
1089.963367	8	3	3	0	1	2	2	3936	674	42	65395	13	6	90	0	0	0	0	0	0	0	0	0	0	0	0	0	0	
1090.969917	8	3	3	0	1	2	2	3939	673	42	65456	13	6	90	0	0	0	0	0	0	0	0	0	0	0	0	0	0	
1091.956317	8	3	3	0	1	2	2	3943	674	42	65515	13	6	90	0	0	0	0	0	0	0	0	0	0	0	0	0	0	
1092.961433	8	3	3	0	1	2	2	3945	675	42	65575	13	6	90	0	0	0	0	0	0	0	0	0	0	0	0	0	0	
1093.966567	8	3	3	0	1	2	2	3948	675	42	65635	13	6	90	0	0	0	0	0	0	0	0	0	0	0	0	0	0	
1094.952967	8	3	3	0	1	2	2	3951	674	42	65695	13	6	90	0	0	0	0	0	0	0	0	0	0	0	0	0	0	
1095.959517	8	3	3	0	1	2	2	3954	675	42	65755	13	6	90	0	0	0	0	0	0	0	0	0	0	0	0	0	0	
1096.964633	8	3	3	0	1	2	2	3957	675	42	65815	13	6	90	0	0	0	0	0	0	0	0	0	0	0	0	0	0	
1097.969767	8	3	3	0	1	2	2	3960	674	42	65876	13	6	90	0	0	0	0	0	0	0	0	0	0	0	0	0	0	
1098.956167	8	3	3	0	1	2	2	3963	675	42	65935	13	6	90	0	0	0	0	0	0	0	0	0	0	0	0	0	0	
1099.961283	8	3	3	0	1	2	2	3966	675	42	65995	13	6	90	0	0	0	0	0	0	0	0	0	0	0	0	0	0	
1100.967833	8	3	3	0	1	2	2	3969	674	42	66055	13	6	90	0	0	0	0	0	0	0	0	0	0	0	0	0	0	
1101.954233	8	3	3	0	1	2	2	3973	674	42	66115	13	6	90	0	0	0	0	0	0	0	0	0	0	0	0	0	0	
1102.959367	8	3	3	0	1	2	2	3976	675	42	66175	13	6	90	0	0	0	0	0	0	0	0	0	0	0	0	0	0	
1103.964483	8	3	3	0	1	2	2	3980	675	42	66235	13	6	90	0	0	0	0	0	0	0	0	0	0	0	0	0	0	
1104.969600	8	3	3	0	1	2	2	3983	674	42	66296	13	6	90	0	0	0	0	0	0	0	0	0	0	0	0	0	0	
1105.956000	8	3	3	0	1	2	2	3987	675	42	66355	13	6	90	0	0	0	0	0	0	0	0	0	0	0	0	0	0	
1106.962567	8	3	3	0	1	2	2	3990	675	42	66415	13	6	90	0	0	0	0	0	0	0	0	0	0	0	0	0	0	
1107.967683	8	3	3	0	1	2	2	3994	675	42	66475	13	6	90	0	0	0	0	0	0	0	0	0	0	0	0	0	0	
1108.954083	8	3	3	0	1	2	2	3997	673	42	66535	13	6	90	0	0	0	0	0	0	0	0	0	0	0	0	0	0	
1109.959200	8	3	3	0	1	2	2	4002	676	42	66595	13	6	90	0	0	0	0	0	0	0	0	0	0	0	0	0	0	
1110.965767	8	3	3	0	1	2	2	4005	675	42	66655	13	6	90	0	0	0	0	0	0	0	0	0	0	0	0	0	0	
1111.970883	8	3	3	0	1	2	2	4009	674	42	66716	13	6	90	0	0	0	0	0	0	0	0	0	0	0	0	0	0	
1112.957283	8	3	3	0	1	2	2	4013	675	42	66775	13	6	90	0	0	0	0	0	0	0	0	0	0	0	0	0	0	
1113.962400	8	3	3	0	1	2	2	4018	675	42	66835	13	6	90	0	0	0	0	0	0	0	0	0	0	0	0	0	0	
1114.967517	8	3	3	0	1	2	2	4021	674	42	66895	13	6	90	0	0	0	0	0	0	0	0	0	0	0	0	0	0	
1115.953917	8	3	3	0	1	2	2	4025	675	42	66955	13	6	90	0	0	0	0	0	0	0	0	0	0	0	0	0	0	
1116.960483	8	3	3	0	1	2	2	4030	675	42	67015	13	6	90	0	0	0	0	0	0	0	0	0	0	0	0	0	0	
1117.965600	8	3	3	0	1	2	2	4035	675	42	67075	13	6	90	0	0	0	0	0	0	0	0	0	0	0	0	0	0	
1118.970717	8	3	3	0	1	2	2	4039	674	42	67136	13	6	90	0	0	0	0	0	0	0	0	0	0	0	0	0	0	
1119.958567	8	3	3	0	1	2	2	4043	674	42	67195	13	6	90	0	0	0	0	0	0	0	0	0	0	0	0	0	0	
1120.963683	8	3	3	0	1	2	2	4048	674	42	67255	13	6	90	0	0	0	0	0	0	0	0	0	0	0	0	0	0	
1121.968800	8	3	3	0	1	2	2	4053	674	42	67315	13	6	90	0	0	0	0	0	0	0	0	0	0	0	0	0	0	
1122.955200	8	3	3	0	1	2	2	4058	674	42	67375	13	6	90	0	0	0	0	0	0	0	0	0	0	0	0	0	0	
1123.960317	8	3	3	0	1	2	2	4062	676	42	67435	13	6	90	0	0	0	0	0	0	0	0	0	0	0	0	0	0	
1124.966883	8	3	3	0	1	2	2	4068	675	42	67495	13	6	90	0	0	0	0	0	0	0	0	0	0	0	0	0	0	
1125.972000	8	3	3	0	1	2	2	4072	675	42	67556	13	6	90	0	0	0	0	0	0	0	0	0	0	0	0	0	0	
1126.958400	8	3	3	0	1	2	2	4077	674	42	67615	13	6	90	0	0	0	0	0	0	0	0	0	0	0	0	0	0	
1127.963517	8	3	3	0	1	2	2	4083	674	42	67675	13	6	90	0	0	0	0	0	0	0	0	0	0	0	0	0	0	
1128.970083	8	3	3	0	1	2	2	4088	676	42	67735	13	6	90	0	0	0	0	0	0	0	0	0	0	0	0	0	0	
1129.956483	8	3	3	0	1	2	2	4094	675	42	67795	13	6	90	0	0	0	0	0	0	0	0	0	0	0	0	0	0	
1130.961600	8	3	3	0	1	2	2	4099	675	42	67855	13	6	90	0	0	0	0	0	0	0	0	0	0	0	0	0	0	
1131.966717	8	3	3	0	1	2	2	4105	674	42	67915	13	6	90	0	0	0	0	0	0	0	0	0	0	0	0	0	0	
1132.971833	8	3	3	0	1	2	2	4111	675	42	67976	13	6	90	0	0	0	0	0	0	0	0	0	0	0	0	0	0	
1133.958233	8	3	3	0	1	2	2	4116	674	42	68035	13	6	90	0	0	0	0	0	0	0	0	0	0	0	0	0	0	
1134.964800	8	3	3	0	1	2	2	4120	663	42	68095	13	6	90	0	0	0	0	0	0	0	0	0	0	0	0	0	0	
1135.969917	8	3	3	0	1	2	2	4126	665	42	68155	13	6	90	0	0	0	0	0	0	0	0	0	0	0	0	0	0	
1136.957767	8	3	3	0	1	2	2	4132	665	42	68215	13	6	90	0	0	0	0	0	0	0	0	0	0	0	0	0	0	
1137.962883	8	3	3	0	1	2	2	4138	661	42	68275	13	6	90	0	0	0	0	0	0	0	0	0	0	0	0	0	0	
1138.969433	8	3	3	0	1	2	2	4144	660	42	68335	13	6	90	0	0	0	0	0	0	0	0	0	0	0	0	0	0	
1139.974567	8	3	3	0	1	2	2	4149	659	42	68396	13	6	90	0	0	0	0	0	0	0	0	0	0	0	0	0	0	
1140.960967	8	3	3	0	1	2	2	4155	659	42	68455	13	6	90	0	0	0	0	0	0	0	0	0	0	0	0	0	0	
1141.968967	8	3	3	0	1	2	2	4161	656	42	68515	13	6	90	0	0	0	0	0	0	0	0	0	0	0	0	0	0	
1142.975517	8	3	3	0	1	2	2	4168	655	42	68576	13	6	90	0	0	0	0	0	0	0	0	0	0	0	0	0	0	
1143.961917	8	3	3	0	1	2	2	4175	657	42	68635	13	6	90	0	0	0	0	0	0	0	0	0	0	0	0	0	0	
1144.967033	8	3	3	0	1	2	2	4181	657	42	68695	13	6	90	0	0	0	0	0	0	0	0	0	0	0	0	0	0	
1145.972167	8	3	3	0	1	2	2	4188	656	42	68756	13	6	90	0	0	0	0	0	0	0	0	0	0	0	0	0	0	
1146.958567	8	3	3	0	1	2	2	4194	653	42	68815	13	6	90	0	0	0	0	0	0	0	0	0	0	0	0	0	0	
1147.965117	8	3	3	0	1	2	2	4199	642	42	68875	13	6	90	0	0	0	0	0	0	0	0	0	0	0	0	0	0	
1148.970233	8	3	3	0	1	2	2	4199	611	42	68935	13	6	90	0	0	0	0	0	0	0	0	0	0	0	0	0	0	
1149.975367	8	3	3	0	1	2	2	4199	582	42	68996	13	6	90	0	0	0	0	0	0	0	0	0	0	0	0	0	0	
1150.961767	8	3	3	0	1	2	2	4199	556	42	69055	13	6	90	0	0	0	0	0	0	0	0	0	0	0	0	0	0	
1151.966883	8	3	3	0	1	2	2	4199	529	42	69115	13	6	90	0	0	0	0	0	0	0	0	0	0	0	0	0	0	
1152.972000	8	3	3	0	1	2	2	4198	506	42	69176	13	6	90	0	0	0	0	0	0	0	0	0	0	0	0	0	0	
1153.959833	8	3	3	0	1	2	2	4199	484	42	69235	13	6	90	0	0	0	0	0	0	0	0	0	0	0	0	0	0	
1154.964967	8	3	3	0	1	2	2	4199	461	42	69295	13	6	90	0	0	0	0	0	0	0	0	0	0	0	0	0	0	
1155.970083	8	3	3	0	1	2	2	4198	441	42	69355	13	6	90	0	0	0	0	0	0	0	0	0	0	0	0	0	0	
1156.975200	8	3	3	0	1	2	2	4199	421	42	69416	13	6	90	0	0	0	0	0	0	0	0	0	0	0	0	0	0	
1157.961600	8	3	3	0	1	2	2	4199	402	42	69475	13	6	90	0	0	0	0	0	0	0	0	0	0	0	0	0	0	
1158.971033	8	3	3	0	1	2	2	4198	382	42	69535	13	6	90	0	0	0	0	0	0	0	0	0	0	0	0	0	0	
1159.976167	8	3	3	0	1	2	2	4199	366	42	69596	13	6	90	0	0	0	0	0	0	0	0	0	0	0	0	0	0	
1160.962567	8	3	3	0	1	2	2	4199	349	42	69655	13	6	90	0	0	0	0	0	0	0	0	0	0	0	0	0	0	
1161.967683	8	3	3	0	1	2	2	4198	334	42	69715	13	6	90	0	0	0	0	0	0	0	0	0	0	0	0	0	0	
1162.974233	8	3	3	0	1	2	2	4198	319	42	69776	13	6	90	0	0	0	0	0	0	0	0	0	0	0	0	0	0	
1163.960633	8	3	3	0	1	2	2	4198	305	42	69835	13	6	90	0	0	0	0	0	0	0	0	0	0	0	0	0	0	
1164.965767	8	3	3	0	1	2	2	4198	291	42	69895	13	6	90	0	0	0	0	0	0	0	0	0	0	0	0	0	0	
1165.970883	8	3	3	0	1	2	2	4199	277	42	69955	13	6	90	0	0	0	0	0	0	0	0	0	0	0	0	0	0	
1166.976000	8	3	3	0	1	2	2	4198	265	42	70016	13	6	90	0	0	0	0	0	0	0	0	0	0	0	0	0	0	
1167.962400	8	3	3	0	1	2	2	4199	254	42	70075	13	6	90	0	0	0	0	0	0	0	0	0	0	0	0	0	0	
1168.968967	8	3	3	0	1	2	2	4198	243	42	70135	13	6	90	0	0	0	0	0	0	0	0	0	0	0	0	0	0	
1169.974083	8	3	3	0	1	2	2	4198	232	42	70196	13	6	90	0	0	0	0	0	0	0	0	0	0	0	0	0	0	
1170.960483	8	3	3	0	1	2	2	4199	221	42	70255	13	6	90	0	0	0	0	0	0	0	0	0	0	0	0	0	0	
1171.965600	8	3	3	0	1	2	2	4199	212	42	70315	13	6	90	0	0	0	0	0	0	0	0	0	0	0	0	0	0	
1172.970717	8	3	3	0	1	2	2	4198	201	42	70375	13	6	90	0	0	0	0	0	0	0	0	0	0	0	0	0	0	
1173.977283	8	3	3	0	1	2	2	4199	194	42	70436	13	6	90	0	0	0	0	0	0	0	0	0	0	0	0	0	0	
1174.963683	8	3	3	0	1	2	2	4199	184	42	70495	13	6	90	0	0	0	0	0	0	0	0	0	0	0	0	0	0	
1175.968800	8	3	3	0	1	2	2	4199	176	42	70555	13	6	90	0	0	0	0	0	0	0	0	0	0	0	0	0	0	
1176.973917	8	3	3	0	1	2	2	4198	167	42	70616	13	6	90	0	0	0	0	0	0	0	0	0	0	0	0	0	0	
1177.960317	8	3	3	0	1	2	2	4198	160	42	70675	13	6	90	0	0	0	0	0	0	0	0	0	0	0	0	0	0	
1178.966883	8	3	3	0	1	2	2	4199	153	42	70735	13	6	90	0	0	0	0	0	0	0	0	0	0	0	0	0	0	
1179.972000	8	3	3	0	1	2	2	4199	146	42	70795	13	6	90	0	0	0	0	0	0	0	0	0	0	0	0	0	0	
1180.977117	8	3	3	0	1	2	2	4199	139	42	70856	13	6	90	0	0	0	0	0	0	0	0	0	0	0	0	0	0	
1181.963517	8	3	3	0	1	2	2	4199	133	42	70915	13	6	90	0	0	0	0	0	0	0	0	0	0	0	0	0	0	
1182.968633	8	3	3	0	1	2	2	4199	127	42	70975	13	6	90	0	0	0	0	0	0	0	0	0	0	0	0	0	0	
1183.975200	8	3	3	0	1	2	2	4198	122	42	71035	13	6	90	0	0	0	0	0	0	0	0	0	0	0	0	0	0	
1184.961600	8	3	3	0	1	2	2	4199	117	42	71095	13	6	90	0	0	0	0	0	0	0	0	0	0	0	0	0	0	
1185.966717	8	3	3	0	1	2	2	4199	112	42	71155	13	6	90	0	0	0	0	0	0	0	0	0	0	0	0	0	0	
1186.971833	8	3	3	0	1	2	2	4198	107	42	71215	13	6	90	0	0	0	0	0	0	0	0	0	0	0	0	0	0	
1187.976967	8	3	3	0	1	2	2	4198	101	42	71276	13	6	90	0	0	0	0	0	0	0	0	0	0	0	0	0	0	
1188.964800	8	3	3	0	1	2	2	4199	97	42	71335	13	6	90	0	0	0	0	0	0	0	0	0	0	0	0	0	0	
1189.969917	8	3	3	0	1	2	2	4198	93	42	71395	13	6	90	0	0	0	0	0	0	0	0	0	0	0	0	0	0	
1190.975033	8	3	3	0	1	2	2	4198	89	42	71455	13	6	90	0	0	0	0	0	0	0	0	0	0	0	0	0	0	
1191.961433	8	3	3	0	1	2	2	4198	84	42	71515	13	6	90	0	0	0	0	0	0	0	0	0	0	0	0	0	0	
1192.966567	8	3	3	0	1	2	2	4198	81	42	71575	13	6	90	0	0	0	0	0	0	0	0	0	0	0	0	0	0	
1193.973117	8	3	3	0	1	2	2	4199	77	42	71635	13	6	90	0	0	0	0	0	0	0	0	0	0	0	0	0	0	
1194.978233	8	3	3	0	1	2	2	4198	75	42	71696	13	6	90	0	0	0	0	0	0	0	0	0	0	0	0	0	0	
1195.964633	8	3	3	0	1	2	2	4199	70	42	71755	13	6	90	0	0	0	0	0	0	0	0	0	0	0	0	0	0	
1196.969767	8	3	3	0	1	2	2	4198	69	42	71815	13	6	90	0	0	0	0	0	0	0	0	0	0	0	0	0	0	
1197.203033	8	6	3	0	2	7	1	4155	-229	42	71829	13	7	0	0	0	0	0	0	0	0	0	0	0	0	0	0	0	
1197.976317	8	6	3	0	2	7	1	3890	-1350	42	71876	13	7	1	0	0	0	0	0	0	0	0	0	0	0	0	0	0	
1198.962717	8	6	3	0	2	7	1	3865	-1350	42	71935	13	7	2	0	0	0	0	0	0	0	0	0	0	0	0	0	0	
1199.969283	8	6	3	0	2	7	1	3844	-1350	42	71995	13	7	4	0	0	0	0	0	0	0	0	0	0	0	0	0	0	
1200.974400	8	6	3	0	2	7	1	3824	-1349	42	72055	13	7	6	0	0	0	0	0	0	0	0	0	0	0	0	0	0	
1201.979517	8	6	3	0	2	7	1	3806	-1349	42	72116	13	7	7	0	0	0	0	0	0	0	0	0	0	0	0	0	0	
1202.965917	8	6	3	0	2	7	1	3788	-1349	42	72175	13	7	9	0	0	0	0	0	0	0	0	0	0	0	0	0	0	
1203.971033	8	6	3	0	2	7	1	3771	-1351	42	72235	13	7	11	0	0	0	0	0	0	0	0	0	0	0	0	0	0	
1204.977600	8	6	3	0	2	7	1	3754	-1349	42	72296	13	7	12	0	0	0	0	0	0	0	0	0	0	0	0	0	0	
1205.964000	8	6	3	0	2	7	1	3739	-1351	42	72355	13	7	14	0	0	0	0	0	0	0	0	0	0	0	0	0	0	
1206.969117	8	6	3	0	2	7	1	3724	-1348	42	72415	13	7	16	0	0	0	0	0	0	0	0	0	0	0	0	0	0	
1207.974233	8	6	3	0	2	7	1	3709	-1350	42	72475	13	7	17	0	0	0	0	0	0	0	0	0	0	0	0	0	0	
1208.980800	8	6	3	0	2	7	1	3695	-1349	42	72536	13	7	19	0	0	0	0	0	0	0	0	0	0	0	0	0	0	
1209.967200	8	6	3	0	2	7	1	3681	-1350	42	72595	13	7	20	0	0	0	0	0	0	0	0	0	0	0	0	0	0	
1210.972317	8	6	3	0	2	7	1	3668	-1348	42	72655	13	7	22	0	0	0	0	0	0	0	0	0	0	0	0	0	0	
1211.977433	8	6	3	0	2	7	1	3655	-1350	42	72716	13	7	24	0	0	0	0	0	0	0	0	0	0	0	0	0	0	
1212.963833	8	6	3	0	2	7	1	3642	-1350	42	72775	13	7	25	0	0	0	0	0	0	0	0	0	0	0	0	0	0	
1213.968967	8	6	3	0	2	7	1	3629	-1349	42	72835	13	7	27	0	0	0	0	0	0	0	0	0	0	0	0	0	0	
1214.975517	8	6	3	0	2	7	1	3617	-1349	42	72895	13	7	29	0	0	0	0	0	0	0	0	0	0	0	0	0	0	
1215.980633	8	6	3	0	2	7	1	3606	-1350	42	72956	13	7	30	0	0	0	0	0	0	0	0	0	0	0	0	0	0	
1216.967033	8	6	3	0	2	7	1	3594	-1349	42	73015	13	7	32	0	0	0	0	0	0	0	0	0	0	0	0	0	0	
1217.972167	8	6	3	0	2	7	1	3584	-1350	42	73075	13	7	34	0	0	0	0	0	0	0	0	0	0	0	0	0	0	
1218.978717	8	6	3	0	2	7	1	3573	-1350	42	73136	13	7	35	0	0	0	0	0	0	0	0	0	0	0	0	0	0	
1219.965117	8	6	3	0	2	7	1	3562	-1349	42	73195	13	7	37	0	0	0	0	0	0	0	0	0	0	0	0	0	0	
1220.970233	8	6	3	0	2	7	1	3552	-1351	42	73255	13	7	39	0	0	0	0	0	0	0	0	0	0	0	0	0	0	
1221.975367	8	6	3	0	2	7	1	3543	-1350	42	73315	13	7	40	0	0	0	0	0	0	0	0	0	0	0	0	0	0	
1222.980483	8	6	3	0	2	7	1	3533	-1351	42	73376	13	7	42	0	0	0	0	0	0	0	0	0	0	0	0	0	0	
1223.966883	8	6	3	0	2	7	1	3524	-1350	42	73435	13	7	44	0	0	0	0	0	0	0	0	0	0	0	0	0	0	
1224.973433	8	6	3	0	2	7	1	3516	-1350	42	73495	13	7	45	0	0	0	0	0	0	0	0	0	0	0	0	0	0	
1225.978567	8	6	3	0	2	7	1	3507	-1349	42	73556	13	7	47	0	0	0	0	0	0	0	0	0	0	0	0	0	0	
1226.964967	8	6	3	0	2	7	1	3499	-1350	42	73615	13	7	49	0	0	0	0	0	0	0	0	0	0	0	0	0	0	
1227.970083	8	6	3	0	2	7	1	3492	-1349	42	73675	13	7	50	0	0	0	0	0	0	0	0	0	0	0	0	0	0	
1228.975200	8	6	3	0	2	7	1	3484	-1349	42	73735	13	7	52	0	0	0	0	0	0	0	0	0	0	0	0	0	0	
1229.981767	8	6	3	0	2	7	1	3477	-1351	42	73796	13	7	54	0	0	0	0	0	0	0	0	0	0	0	0	0	0	
1230.968167	8	6	3	0	2	7	1	3470	-1349	42	73855	13	7	55	0	0	0	0	0	0	0	0	0	0	0	0	0	0	
1231.973283	8	6	3	0	2	7	1	3463	-1351	42	73915	13	7	57	0	0	0	0	0	0	0	0	0	0	0	0	0	0	
1232.978400	8	6	3	0	2	7	1	3457	-1351	42	73976	13	7	58	0	0	0	0	0	0	0	0	0	0	0	0	0	0	
1233.964800	8	6	3	0	2	7	1	3450	-1349	42	74035	13	7	60	0	0	0	0	0	0	0	0	0	0	0	0	0	0	
1234.971367	8	6	3	0	2	7	1	3443	-1349	42	74095	13	7	62	0	0	0	0	0	0	0	0	0	0	0	0	0	0	
1235.976483	8	6	3	0	2	7	1	3437	-1350	42	74155	13	7	63	0	0	0	0	0	0	0	0	0	0	0	0	0	0	
1236.981600	8	6	3	0	2	7	1	3430	-1350	42	74216	13	7	65	0	0	0	0	0	0	0	0	0	0	0	0	0	0	
1237.968000	8	6	3	0	2	7	1	3424	-1351	42	74275	13	7	67	0	0	0	0	0	0	0	0	0	0	0	0	0	0	
1238.973117	8	6	3	0	2	7	1	3417	-1350	42	74335	13	7	68	0	0	0	0	0	0	0	0	0	0	0	0	0	0	
1239.979683	8	6	3	0	2	7	1	3409	-1348	42	74396	13	7	70	0	0	0	0	0	0	0	0	0	0	0	0	0	0	
1240.966083	8	6	3	0	2	7	1	3401	-1349	42	74455	13	7	72	0	0	0	0	0	0	0	0	0	0	0	0	0	0	
1241.971200	8	6	3	0	2	7	1	3392	-1351	42	74515	13	7	73	0	0	0	0	0	0	0	0	0	0	0	0	0	0	
1242.976317	8	6	3	0	2	7	1	3382	-1347	42	74575	13	7	75	0	0	0	0	0	0	0	0	0	0	0	0	0	0	
1243.981433	8	6	3	0	2	7	1	3371	-1350	42	74636	13	7	77	0	0	0	0	0	0	0	0	0	0	0	0	0	0	
1244.969283	8	6	3	0	2	7	1	3356	-1350	42	74695	13	7	78	0	0	0	0	0	0	0	0	0	0	0	0	0	0	
1245.974400	8	6	3	0	2	7	1	3339	-1350	42	74755	13	7	80	0	0	0	0	0	0	0	0	0	0	0	0	0	0	
1246.979517	8	6	3	0	2	7	1	3318	-1349	42	74815	13	7	82	0	0	0	0	0	0	0	0	0	0	0	0	0	0	
1247.965917	8	6	3	0	2	7	1	3292	-1349	42	74875	13	7	83	0	0	0	0	0	0	0	0	0	0	0	0	0	0	
1248.971033	8	6	3	0	2	7	1	3253	-1351	42	74935	13	7	85	0	0	0	0	0	0	0	0	0	0	0	0	0	0	
1249.976167	8	6	3	0	2	7	1	3186	-1351	42	74995	13	7	87	0	0	0	0	0	0	0	0	0	0	0	0	0	0	
1250.982717	8	6	3	0	2	7	1	3049	-1349	42	75056	13	7	88	0	0	0	0	0	0	0	0	0	0	0	0	0	0	
1251.912967	8	15	3	0	1	31	2	2717	4	42	75111	14	7	90	0	0	0	0	0	0	0	0	0	0	0	0	0	0	
1251.933117	8	4	3	0	1	3	2	2934	66	42	75113	14	7	90	0	0	0	0	0	0	0	0	0	0	0	0	0	0	
1251.972000	8	4	3	0	1	3	2	2968	70	42	75115	14	7	90	0	0	0	0	0	0	0	0	0	0	0	0	0	0	
1252.055517	8	3	3	0	1	2	2	2995	0	42	75120	15	7	90	0	0	0	0	0	0	0	0	0	0	0	0	0	0	
1252.980000	8	3	3	0	1	2	2	3447	675	42	75175	15	7	90	0	0	0	0	0	0	0	0	0	0	0	0	0	0	
1253.969283	8	3	3	0	1	2	2	3571	674	42	75235	15	7	90	0	0	0	0	0	0	0	0	0	0	0	0	0	0	
1254.974400	8	3	3	0	1	2	2	3650	674	42	75295	15	7	90	0	0	0	0	0	0	0	0	0	0	0	0	0	0	
1255.980967	8	3	3	0	1	2	2	3708	675	42	75355	15	7	90	0	0	0	0	0	0	0	0	0	0	0	0	0	0	
1256.967367	8	3	3	0	1	2	2	3752	675	42	75415	15	7	90	0	0	0	0	0	0	0	0	0	0	0	0	0	0	
1257.972483	8	3	3	0	1	2	2	3787	675	42	75475	15	7	90	0	0	0	0	0	0	0	0	0	0	0	0	0	0	
1258.977600	8	3	3	0	1	2	2	3809	674	42	75535	15	7	90	0	0	0	0	0	0	0	0	0	0	0	0	0	0	
1259.982717	8	3	3	0	1	2	2	3819	674	42	75596	15	7	90	0	0	0	0	0	0	0	0	0	0	0	0	0	0	
1260.970567	8	3	3	0	1	2	2	3826	676	42	75655	15	7	90	0	0	0	0	0	0	0	0	0	0	0	0	0	0	
1261.975683	8	3	3	0	1	2	2	3831	675	42	75715	15	7	90	0	0	0	0	0	0	0	0	0	0	0	0	0	0	
1262.980800	8	3	3	0	1	2	2	3835	674	42	75775	15	7	90	0	0	0	0	0	0	0	0	0	0	0	0	0	0	
1263.967200	8	3	3	0	1	2	2	3840	673	42	75835	15	7	90	0	0	0	0	0	0	0	0	0	0	0	0	0	0	
1264.972317	8	3	3	0	1	2	2	3845	674	42	75895	15	7	90	0	0	0	0	0	0	0	0	0	0	0	0	0	0	
1265.977433	8	3	3	0	1	2	2	3850	675	42	75955	15	7	90	0	0	0	0	0	0	0	0	0	0	0	0	0	0	
1266.984000	8	3	3	0	1	2	2	3855	674	42	76016	15	7	90	0	0	0	0	0	0	0	0	0	0	0	0	0	0	
1267.970400	8	3	3	0	1	2	2	3860	675	42	76075	15	7	90	0	0	0	0	0	0	0	0	0	0	0	0	0	0	
1268.975517	8	3	3	0	1	2	2	3865	676	42	76135	15	7	90	0	0	0	0	0	0	0	0	0	0	0	0	0	0	
1269.980633	8	3	3	0	1	2	2	3871	675	42	76195	15	7	90	0	0	0	0	0	0	0	0	0	0	0	0	0	0	
1270.967033	8	3	3	0	1	2	2	3876	674	42	76255	15	7	90	0	0	0	0	0	0	0	0	0	0	0	0	0	0	
1271.973600	8	3	3	0	1	2	2	3882	674	42	76315	15	7	90	0	0	0	0	0	0	0	0	0	0	0	0	0	0	
1272.980167	8	3	3	0	1	2	2	3888	675	42	76375	15	7	90	0	0	0	0	0	0	0	0	0	0	0	0	0	0	
1273.966567	8	3	3	0	1	2	2	3894	674	42	76435	15	7	90	0	0	0	0	0	0	0	0	0	0	0	0	0	0	
1274.971683	8	3	3	0	1	2	2	3899	674	42	76495	15	7	90	0	0	0	0	0	0	0	0	0	0	0	0	0	0	
1275.978233	8	3	3	0	1	2	2	3905	675	42	76555	15	7	90	0	0	0	0	0	0	0	0	0	0	0	0	0	0	
1276.983367	8	3	3	0	1	2	2	3909	674	42	76616	15	7	90	0	0	0	0	0	0	0	0	0	0	0	0	0	0	
1277.969767	8	3	3	0	1	2	2	3914	675	42	76675	15	7	90	0	0	0	0	0	0	0	0	0	0	0	0	0	0	
1278.974883	8	3	3	0	1	2	2	3918	674	42	76735	15	7	90	0	0	0	0	0	0	0	0	0	0	0	0	0	0	
1279.980000	8	3	3	0	1	2	2	3922	675	42	76795	15	7	90	0	0	0	0	0	0	0	0	0	0	0	0	0	0	
1280.986567	8	3	3	0	1	2	2	3925	673	42	76856	15	7	90	0	0	0	0	0	0	0	0	0	0	0	0	0	0	
1281.974400	8	3	3	0	1	2	2	3929	675	42	76915	15	7	90	0	0	0	0	0	0	0	0	0	0	0	0	0	0	
1282.979517	8	3	3	0	1	2	2	3932	675	42	76975	15	7	90	0	0	0	0	0	0	0	0	0	0	0	0	0	0	
1283.984633	8	3	3	0	1	2	2	3935	674	42	77036	15	7	90	0	0	0	0	0	0	0	0	0	0	0	0	0	0	
1284.971033	8	3	3	0	1	2	2	3938	674	42	77095	15	7	90	0	0	0	0	0	0	0	0	0	0	0	0	0	0	
1285.977600	8	3	3	0	1	2	2	3941	675	42	77155	15	7	90	0	0	0	0	0	0	0	0	0	0	0	0	0	0	
1286.982717	8	3	3	0	1	2	2	3943	675	42	77215	15	7	90	0	0	0	0	0	0	0	0	0	0	0	0	0	0	
1287.969117	8	3	3	0	1	2	2	3946	674	42	77275	15	7	90	0	0	0	0	0	0	0	0	0	0	0	0	0	0	
1288.974233	8	3	3	0	1	2	2	3949	675	42	77335	15	7	90	0	0	0	0	0	0	0	0	0	0	0	0	0	0	
1289.979367	8	3	3	0	1	2	2	3952	675	42	77395	15	7	90	0	0	0	0	0	0	0	0	0	0	0	0	0	0	
1290.985917	8	3	3	0	1	2	2	3955	673	42	77456	15	7	90	0	0	0	0	0	0	0	0	0	0	0	0	0	0	
1291.972317	8	3	3	0	1	2	2	3958	675	42	77515	15	7	90	0	0	0	0	0	0	0	0	0	0	0	0	0	0	
1292.977433	8	3	3	0	1	2	2	3961	675	42	77575	15	7	90	0	0	0	0	0	0	0	0	0	0	0	0	0	0	
1293.982567	8	3	3	0	1	2	2	3964	676	42	77635	15	7	90	0	0	0	0	0	0	0	0	0	0	0	0	0	0	
1294.968967	8	3	3	0	1	2	2	3967	675	42	77695	15	7	90	0	0	0	0	0	0	0	0	0	0	0	0	0	0	
1295.975517	8	3	3	0	1	2	2	3971	675	42	77755	15	7	90	0	0	0	0	0	0	0	0	0	0	0	0	0	0	
1296.980633	8	3	3	0	1	2	2	3974	674	42	77815	15	7	90	0	0	0	0	0	0	0	0	0	0	0	0	0	0	
1297.985767	8	3	3	0	1	2	2	3978	675	42	77876	15	7	90	0	0	0	0	0	0	0	0	0	0	0	0	0	0	
1298.972167	8	3	3	0	1	2	2	3981	675	42	77935	15	7	90	0	0	0	0	0	0	0	0	0	0	0	0	0	0	
1299.977283	8	3	3	0	1	2	2	3984	675	42	77995	15	7	90	0	0	0	0	0	0	0	0	0	0	0	0	0	0	
1300.982400	8	3	3	0	1	2	2	3988	674	42	78055	15	7	90	0	0	0	0	0	0	0	0	0	0	0	0	0	0	
1301.970233	8	3	3	0	1	2	2	3991	674	42	78115	15	7	90	0	0	0	0	0	0	0	0	0	0	0	0	0	0	
1302.975367	8	3	3	0	1	2	2	3995	674	42	78175	15	7	90	0	0	0	0	0	0	0	0	0	0	0	0	0	0	
1303.980483	8	3	3	0	1	2	2	3999	674	42	78235	15	7	90	0	0	0	0	0	0	0	0	0	0	0	0	0	0	
1304.985600	8	3	3	0	1	2	2	4003	675	42	78296	15	7	90	0	0	0	0	0	0	0	0	0	0	0	0	0	0	
1305.972000	8	3	3	0	1	2	2	4006	675	42	78355	15	7	90	0	0	0	0	0	0	0	0	0	0	0	0	0	0	
1306.978567	8	3	3	0	1	2	2	4010	674	42	78415	15	7	90	0	0	0	0	0	0	0	0	0	0	0	0	0	0	
1307.983683	8	3	3	0	1	2	2	4014	675	42	78475	15	7	90	0	0	0	0	0	0	0	0	0	0	0	0	0	0	
1308.970083	8	3	3	0	1	2	2	4018	675	42	78535	15	7	90	0	0	0	0	0	0	0	0	0	0	0	0	0	0	
1309.975200	8	3	3	0	1	2	2	4023	674	42	78595	15	7	90	0	0	0	0	0	0	0	0	0	0	0	0	0	0	
1310.980317	8	3	3	0	1	2	2	4027	675	42	78655	15	7	90	0	0	0	0	0	0	0	0	0	0	0	0	0	0	
1311.986883	8	3	3	0	1	2	2	4031	675	42	78716	15	7	90	0	0	0	0	0	0	0	0	0	0	0	0	0	0	
1312.973283	8	3	3	0	1	2	2	4036	676	42	78775	15	7	90	0	0	0	0	0	0	0	0	0	0	0	0	0	0	
1313.978400	8	3	3	0	1	2	2	4040	673	42	78835	15	7	90	0	0	0	0	0	0	0	0	0	0	0	0	0	0	
1314.983517	8	3	3	0	1	2	2	4045	675	42	78895	15	7	90	0	0	0	0	0	0	0	0	0	0	0	0	0	0	
1315.969917	8	3	3	0	1	2	2	4049	674	42	78955	15	7	90	0	0	0	0	0	0	0	0	0	0	0	0	0	0	
1316.975033	8	3	3	0	1	2	2	4054	674	42	79015	15	7	90	0	0	0	0	0	0	0	0	0	0	0	0	0	0	
1317.981600	8	3	3	0	1	2	2	4059	674	42	79075	15	7	90	0	0	0	0	0	0	0	0	0	0	0	0	0	0	
1318.986717	8	3	3	0	1	2	2	4064	675	42	79136	15	7	90	0	0	0	0	0	0	0	0	0	0	0	0	0	0	
1319.973117	8	3	3	0	1	2	2	4069	674	42	79195	15	7	90	0	0	0	0	0	0	0	0	0	0	0	0	0	0	
1320.978233	8	3	3	0	1	2	2	4074	675	42	79255	15	7	90	0	0	0	0	0	0	0	0	0	0	0	0	0	0	
1321.984800	8	3	3	0	1	2	2	4079	675	42	79315	15	7	90	0	0	0	0	0	0	0	0	0	0	0	0	0	0	
1322.971200	8	3	3	0	1	2	2	4084	673	42	79375	15	7	90	0	0	0	0	0	0	0	0	0	0	0	0	0	0	
1323.976317	8	3	3	0	1	2	2	4089	674	42	79435	15	7	90	0	0	0	0	0	0	0	0	0	0	0	0	0	0	
1324.981433	8	3	3	0	1	2	2	4095	674	42	79495	15	7	90	0	0	0	0	0	0	0	0	0	0	0	0	0	0	
1325.986567	8	3	3	0	1	2	2	4100	673	42	79556	15	7	90	0	0	0	0	0	0	0	0	0	0	0	0	0	0	
1326.972967	8	3	3	0	1	2	2	4106	674	42	79615	15	7	90	0	0	0	0	0	0	0	0	0	0	0	0	0	0	
1327.979517	8	3	3	0	1	2	2	4112	675	42	79675	15	7	90	0	0	0	0	0	0	0	0	0	0	0	0	0	0	
1328.984633	8	3	3	0	1	2	2	4117	673	42	79735	15	7	90	0	0	0	0	0	0	0	0	0	0	0	0	0	0	
1329.989767	8	3	3	0	1	2	2	4121	664	42	79796	15	7	90	0	0	0	0	0	0	0	0	0	0	0	0	0	0	
1330.976167	8	3	3	0	1	2	2	4127	662	42	79855	15	7	90	0	0	0	0	0	0	0	0	0	0	0	0	0	0	
1331.981283	8	3	3	0	1	2	2	4132	661	42	79915	15	7	90	0	0	0	0	0	0	0	0	0	0	0	0	0	0	
1332.986400	8	3	3	0	1	2	2	4139	662	42	79976	15	7	90	0	0	0	0	0	0	0	0	0	0	0	0	0	0	
1333.974233	8	3	3	0	1	2	2	4145	662	42	80035	15	7	90	0	0	0	0	0	0	0	0	0	0	0	0	0	0	
1334.979367	8	3	3	0	1	2	2	4151	660	42	80095	15	7	90	0	0	0	0	0	0	0	0	0	0	0	0	0	0	
1335.984483	8	3	3	0	1	2	2	4157	660	42	80155	15	7	90	0	0	0	0	0	0	0	0	0	0	0	0	0	0	
1336.989600	8	3	3	0	1	2	2	4163	659	42	80216	15	7	90	0	0	0	0	0	0	0	0	0	0	0	0	0	0	
1337.976000	8	3	3	0	1	2	2	4169	656	42	80275	15	7	90	0	0	0	0	0	0	0	0	0	0	0	0	0	0	
1338.982567	8	3	3	0	1	2	2	4176	656	42	80335	15	7	90	0	0	0	0	0	0	0	0	0	0	0	0	0	0	
1339.987683	8	3	3	0	1	2	2	4182	654	42	80396	15	7	90	0	0	0	0	0	0	0	0	0	0	0	0	0	0	
1340.974083	8	3	3	0	1	2	2	4189	655	42	80455	15	7	90	0	0	0	0	0	0	0	0	0	0	0	0	0	0	
1341.979200	8	3	3	0	1	2	2	4196	655	42	80515	15	7	90	0	0	0	0	0	0	0	0	0	0	0	0	0	0	
1342.984317	8	3	3	0	1	2	2	4199	636	42	80575	15	7	90	0	0	0	0	0	0	0	0	0	0	0	0	0	0	
1343.990883	8	3	3	0	1	2	2	4199	605	42	80636	15	7	90	0	0	0	0	0	0	0	0	0	0	0	0	0	0	
1344.977283	8	3	3	0	1	2	2	4199	578	42	80695	15	7	90	0	0	0	0	0	0	0	0	0	0	0	0	0	0	
1345.982400	8	3	3	0	1	2	2	4199	551	42	80755	15	7	90	0	0	0	0	0	0	0	0	0	0	0	0	0	0	
1346.987517	8	3	3	0	1	2	2	4198	526	42	80816	15	7	90	0	0	0	0	0	0	0	0	0	0	0	0	0	0	
1347.973917	8	3	3	0	1	2	2	4199	502	42	80875	15	7	90	0	0	0	0	0	0	0	0	0	0	0	0	0	0	
1348.980483	8	3	3	0	1	2	2	4199	479	42	80935	15	7	90	0	0	0	0	0	0	0	0	0	0	0	0	0	0	
1349.985600	8	3	3	0	1	2	2	4199	458	42	80995	15	7	90	0	0	0	0	0	0	0	0	0	0	0	0	0	0	
1350.990717	8	3	3	0	1	2	2	4199	437	42	81056	15	7	90	0	0	0	0	0	0	0	0	0	0	0	0	0	0	
1351.980000	8	3	3	0	1	2	2	4199	416	42	81115	15	7	90	0	0	0	0	0	0	0	0	0	0	0	0	0	0	
1352.985117	8	3	3	0	1	2	2	4198	398	42	81175	15	7	90	0	0	0	0	0	0	0	0	0	0	0	0	0	0	
1353.991683	8	3	3	0	1	2	2	4199	380	42	81236	15	7	90	0	0	0	0	0	0	0	0	0	0	0	0	0	0	
1354.978083	8	3	3	0	1	2	2	4198	363	42	81295	15	7	90	0	0	0	0	0	0	0	0	0	0	0	0	0	0	
1355.983200	8	3	3	0	1	2	2	4199	347	42	81355	15	7	90	0	0	0	0	0	0	0	0	0	0	0	0	0	0	
1356.988317	8	3	3	0	1	2	2	4199	331	42	81416	15	7	90	0	0	0	0	0	0	0	0	0	0	0	0	0	0	
1357.974717	8	3	3	0	1	2	2	4198	317	42	81475	15	7	90	0	0	0	0	0	0	0	0	0	0	0	0	0	0	
1358.981283	8	3	3	0	1	2	2	4199	303	42	81535	15	7	90	0	0	0	0	0	0	0	0	0	0	0	0	0	0	
1359.986400	8	3	3	0	1	2	2	4199	289	42	81595	15	7	90	0	0	0	0	0	0	0	0	0	0	0	0	0	0	
