Time	Status code	Status category	Status color	Pgm code	Pgm step	Pgm para	Pgm cycle	mV	mA	Temperature	Duration	Charge count	Discharge count	Capacity	Analog input 1	Analog input 2	Analog input 3	Analog input 4	Digital input 1	Digital input 2	Digital input 3	Digital input 4	Digital output 1	Digital output 2	Digital output 3	Digital output 4	Analog output 1	Analog output 2	
0.000000	8	3	3	0	1	2	2	3722	411	45	2	1	0	0	0	0	0	0	0	0	0	0	0	0	0	0	0	0	
0.761767	8	3	3	0	1	2	2	3845	676	46	47	1	0	0	0	0	0	0	0	0	0	0	0	0	0	0	0	0	
1.758233	8	3	3	0	1	2	2	3879	674	46	107	1	0	0	0	0	0	0	0	0	0	0	0	0	0	0	0	0	
2.753283	8	3	3	0	1	2	2	3904	674	47	167	1	0	0	0	0	0	0	0	0	0	0	0	0	0	0	0	0	
3.768483	8	3	3	0	1	2	2	3911	675	47	228	1	0	0	0	0	0	0	0	0	0	0	0	0	0	0	0	0	
4.763517	8	3	3	0	1	2	2	3916	673	47	287	1	0	0	0	0	0	0	0	0	0	0	0	0	0	0	0	0	
5.760000	8	3	3	0	1	2	2	3921	673	47	347	1	0	0	0	0	0	0	0	0	0	0	0	0	0	0	0	0	
6.756483	8	3	3	0	1	2	2	3926	674	47	407	1	0	0	0	0	0	0	0	0	0	0	0	0	0	0	0	0	
7.751517	8	3	3	0	1	2	2	3928	675	46	467	1	0	0	0	0	0	0	0	0	0	0	0	0	0	0	0	0	
8.766717	8	3	3	0	1	2	2	3937	674	46	528	1	0	0	0	0	0	0	0	0	0	0	0	0	0	0	0	0	
9.761767	8	3	3	0	1	2	2	3940	675	46	587	1	0	0	0	0	0	0	0	0	0	0	0	0	0	0	0	0	
10.758233	8	3	3	0	1	2	2	3943	675	46	647	1	0	0	0	0	0	0	0	0	0	0	0	0	0	0	0	0	
11.751833	8	3	3	0	1	2	2	3941	674	45	707	1	0	0	0	0	0	0	0	0	0	0	0	0	0	0	0	0	
12.758400	8	3	3	0	1	2	2	3946	675	45	767	1	0	0	0	0	0	0	0	0	0	0	0	0	0	0	0	0	
13.763517	8	3	3	0	1	2	2	3952	674	45	827	1	0	0	0	0	0	0	0	0	0	0	0	0	0	0	0	0	
14.768633	8	3	3	0	1	2	2	3954	674	45	888	1	0	0	0	0	0	0	0	0	0	0	0	0	0	0	0	0	
15.755033	8	3	3	0	1	2	2	3955	675	45	947	1	0	0	0	0	0	0	0	0	0	0	0	0	0	0	0	0	
16.760167	8	3	3	0	1	2	2	3961	675	45	1007	1	0	0	0	0	0	0	0	0	0	0	0	0	0	0	0	0	
17.766717	8	3	3	0	1	2	2	3963	674	45	1067	1	0	0	0	0	0	0	0	0	0	0	0	0	0	0	0	0	
18.753117	8	3	3	0	1	2	2	3968	674	45	1127	1	0	0	0	0	0	0	0	0	0	0	0	0	0	0	0	0	
19.758233	8	3	3	0	1	2	2	3972	674	44	1187	1	0	0	0	0	0	0	0	0	0	0	0	0	0	0	0	0	
20.754717	8	3	3	0	1	2	2	3976	675	44	1247	1	0	0	0	0	0	0	0	0	0	0	0	0	0	0	0	0	
21.759833	8	3	3	0	1	2	2	3980	674	44	1307	1	0	0	0	0	0	0	0	0	0	0	0	0	0	0	0	0	
22.764967	8	3	3	0	1	2	2	3983	676	44	1367	1	0	0	0	0	0	0	0	0	0	0	0	0	0	0	0	0	
23.770083	8	3	3	0	1	2	2	3988	676	44	1428	1	0	0	0	0	0	0	0	0	0	0	0	0	0	0	0	0	
24.756483	8	3	3	0	1	2	2	3992	675	44	1487	1	0	0	0	0	0	0	0	0	0	0	0	0	0	0	0	0	
25.763033	8	3	3	0	1	2	2	3995	675	44	1547	1	0	0	0	0	0	0	0	0	0	0	0	0	0	0	0	0	
26.771033	8	3	3	0	1	2	2	3997	673	44	1608	1	0	0	0	0	0	0	0	0	0	0	0	0	0	0	0	0	
27.757433	8	3	3	0	1	2	2	4001	674	44	1667	1	0	0	0	0	0	0	0	0	0	0	0	0	0	0	0	0	
28.762567	8	3	3	0	1	2	2	4003	674	44	1727	1	0	0	0	0	0	0	0	0	0	0	0	0	0	0	0	0	
29.769117	8	3	3	0	1	2	2	4005	674	44	1788	1	0	0	0	0	0	0	0	0	0	0	0	0	0	0	0	0	
30.755517	8	3	3	0	1	2	2	4007	675	44	1847	1	0	0	0	0	0	0	0	0	0	0	0	0	0	0	0	0	
31.760633	8	3	3	0	1	2	2	4008	674	44	1907	1	0	0	0	0	0	0	0	0	0	0	0	0	0	0	0	0	
32.765767	8	3	3	0	1	2	2	4012	675	44	1967	1	0	0	0	0	0	0	0	0	0	0	0	0	0	0	0	0	
33.770883	8	3	3	0	1	2	2	4014	675	44	2028	1	0	0	0	0	0	0	0	0	0	0	0	0	0	0	0	0	
34.757283	8	3	3	0	1	2	2	4016	674	43	2087	1	0	0	0	0	0	0	0	0	0	0	0	0	0	0	0	0	
35.763833	8	3	3	0	1	2	2	4019	674	43	2147	1	0	0	0	0	0	0	0	0	0	0	0	0	0	0	0	0	
36.768967	8	3	3	0	1	2	2	4022	674	44	2208	1	0	0	0	0	0	0	0	0	0	0	0	0	0	0	0	0	
37.755367	8	3	3	0	1	2	2	4024	675	43	2267	1	0	0	0	0	0	0	0	0	0	0	0	0	0	0	0	0	
38.760483	8	3	3	0	1	2	2	4026	675	43	2327	1	0	0	0	0	0	0	0	0	0	0	0	0	0	0	0	0	
39.765600	8	3	3	0	1	2	2	4030	674	43	2387	1	0	0	0	0	0	0	0	0	0	0	0	0	0	0	0	0	
40.772167	8	3	3	0	1	2	2	4033	674	43	2448	1	0	0	0	0	0	0	0	0	0	0	0	0	0	0	0	0	
41.758567	8	3	3	0	1	2	2	4037	674	43	2507	1	0	0	0	0	0	0	0	0	0	0	0	0	0	0	0	0	
42.763683	8	3	3	0	1	2	2	4041	675	43	2567	1	0	0	0	0	0	0	0	0	0	0	0	0	0	0	0	0	
43.768800	8	3	3	0	1	2	2	4044	674	43	2628	1	0	0	0	0	0	0	0	0	0	0	0	0	0	0	0	0	
44.755200	8	3	3	0	1	2	2	4048	675	43	2687	1	0	0	0	0	0	0	0	0	0	0	0	0	0	0	0	0	
45.761767	8	3	3	0	1	2	2	4052	674	43	2747	1	0	0	0	0	0	0	0	0	0	0	0	0	0	0	0	0	
46.766883	8	3	3	0	1	2	2	4056	674	43	2807	1	0	0	0	0	0	0	0	0	0	0	0	0	0	0	0	0	
47.772000	8	3	3	0	1	2	2	4059	673	43	2868	1	0	0	0	0	0	0	0	0	0	0	0	0	0	0	0	0	
48.758400	8	3	3	0	1	2	2	4063	675	43	2927	1	0	0	0	0	0	0	0	0	0	0	0	0	0	0	0	0	
49.763517	8	3	3	0	1	2	2	4068	674	43	2987	1	0	0	0	0	0	0	0	0	0	0	0	0	0	0	0	0	
50.768633	8	3	3	0	1	2	2	4073	675	43	3047	1	0	0	0	0	0	0	0	0	0	0	0	0	0	0	0	0	
51.756483	8	3	3	0	1	2	2	4078	674	43	3107	1	0	0	0	0	0	0	0	0	0	0	0	0	0	0	0	0	
52.761600	8	3	3	0	1	2	2	4083	675	43	3167	1	0	0	0	0	0	0	0	0	0	0	0	0	0	0	0	0	
53.766717	8	3	3	0	1	2	2	4087	675	42	3227	1	0	0	0	0	0	0	0	0	0	0	0	0	0	0	0	0	
54.771833	8	3	3	0	1	2	2	4090	674	43	3288	1	0	0	0	0	0	0	0	0	0	0	0	0	0	0	0	0	
55.758233	8	3	3	0	1	2	2	4094	674	42	3347	1	0	0	0	0	0	0	0	0	0	0	0	0	0	0	0	0	
56.764800	8	3	3	0	1	2	2	4097	674	43	3407	1	0	0	0	0	0	0	0	0	0	0	0	0	0	0	0	0	
57.769917	8	3	3	0	1	2	2	4100	675	42	3467	1	0	0	0	0	0	0	0	0	0	0	0	0	0	0	0	0	
58.756317	8	3	3	0	1	2	2	4103	675	42	3527	1	0	0	0	0	0	0	0	0	0	0	0	0	0	0	0	0	
59.761433	8	3	3	0	1	2	2	4107	675	42	3587	1	0	0	0	0	0	0	0	0	0	0	0	0	0	0	0	0	
60.766567	8	3	3	0	1	2	2	4112	675	42	3647	1	0	0	0	0	0	0	0	0	0	0	0	0	0	0	0	0	
61.773117	8	3	3	0	1	2	2	4118	674	42	3708	1	0	0	0	0	0	0	0	0	0	0	0	0	0	0	0	0	
62.759517	8	3	3	0	1	2	2	4121	666	42	3767	1	0	0	0	0	0	0	0	0	0	0	0	0	0	0	0	0	
63.764633	8	3	3	0	1	2	2	4125	665	42	3827	1	0	0	0	0	0	0	0	0	0	0	0	0	0	0	0	0	
64.769767	8	3	3	0	1	2	2	4130	664	42	3887	1	0	0	0	0	0	0	0	0	0	0	0	0	0	0	0	0	
65.756167	8	3	3	0	1	2	2	4135	664	42	3947	1	0	0	0	0	0	0	0	0	0	0	0	0	0	0	0	0	
66.761283	8	3	3	0	1	2	2	4140	663	42	4007	1	0	0	0	0	0	0	0	0	0	0	0	0	0	0	0	0	
67.767833	8	3	3	0	1	2	2	4145	662	42	4067	1	0	0	0	0	0	0	0	0	0	0	0	0	0	0	0	0	
68.772967	8	3	3	0	1	2	2	4150	660	42	4128	1	0	0	0	0	0	0	0	0	0	0	0	0	0	0	0	0	
69.759367	8	3	3	0	1	2	2	4155	660	42	4187	1	0	0	0	0	0	0	0	0	0	0	0	0	0	0	0	0	
70.764483	8	3	3	0	1	2	2	4160	659	42	4247	1	0	0	0	0	0	0	0	0	0	0	0	0	0	0	0	0	
71.769600	8	3	3	0	1	2	2	4166	659	42	4307	1	0	0	0	0	0	0	0	0	0	0	0	0	0	0	0	0	
72.756000	8	3	3	0	1	2	2	4170	656	42	4367	1	0	0	0	0	0	0	0	0	0	0	0	0	0	0	0	0	
73.762567	8	3	3	0	1	2	2	4175	656	42	4427	1	0	0	0	0	0	0	0	0	0	0	0	0	0	0	0	0	
74.767683	8	3	3	0	1	2	2	4181	655	42	4487	1	0	0	0	0	0	0	0	0	0	0	0	0	0	0	0	0	
75.772800	8	3	3	0	1	2	2	4187	654	42	4548	1	0	0	0	0	0	0	0	0	0	0	0	0	0	0	0	0	
76.759200	8	3	3	0	1	2	2	4193	654	42	4607	1	0	0	0	0	0	0	0	0	0	0	0	0	0	0	0	0	
77.765767	8	3	3	0	1	2	2	4199	653	42	4667	1	0	0	0	0	0	0	0	0	0	0	0	0	0	0	0	0	
78.770883	8	3	3	0	1	2	2	4199	630	42	4727	1	0	0	0	0	0	0	0	0	0	0	0	0	0	0	0	0	
79.757283	8	3	3	0	1	2	2	4199	612	42	4787	1	0	0	0	0	0	0	0	0	0	0	0	0	0	0	0	0	
80.762400	8	3	3	0	1	2	2	4198	591	42	4847	1	0	0	0	0	0	0	0	0	0	0	0	0	0	0	0	0	
81.767517	8	3	3	0	1	2	2	4199	573	42	4907	1	0	0	0	0	0	0	0	0	0	0	0	0	0	0	0	0	
82.772633	8	3	3	0	1	2	2	4198	552	42	4968	1	0	0	0	0	0	0	0	0	0	0	0	0	0	0	0	0	
83.760483	8	3	3	0	1	2	2	4198	537	42	5027	1	0	0	0	0	0	0	0	0	0	0	0	0	0	0	0	0	
84.765600	8	3	3	0	1	2	2	4198	517	42	5087	1	0	0	0	0	0	0	0	0	0	0	0	0	0	0	0	0	
85.770717	8	3	3	0	1	2	2	4198	502	42	5147	1	0	0	0	0	0	0	0	0	0	0	0	0	0	0	0	0	
86.757117	8	3	3	0	1	2	2	4199	486	42	5207	1	0	0	0	0	0	0	0	0	0	0	0	0	0	0	0	0	
87.762233	8	3	3	0	1	2	2	4199	469	42	5267	1	0	0	0	0	0	0	0	0	0	0	0	0	0	0	0	0	
88.768800	8	3	3	0	1	2	2	4199	456	42	5327	1	0	0	0	0	0	0	0	0	0	0	0	0	0	0	0	0	
89.773917	8	3	3	0	1	2	2	4198	442	42	5388	1	0	0	0	0	0	0	0	0	0	0	0	0	0	0	0	0	
90.760317	8	3	3	0	1	2	2	4199	428	42	5447	1	0	0	0	0	0	0	0	0	0	0	0	0	0	0	0	0	
91.765433	8	3	3	0	1	2	2	4198	416	42	5507	1	0	0	0	0	0	0	0	0	0	0	0	0	0	0	0	0	
92.770567	8	3	3	0	1	2	2	4198	404	42	5567	1	0	0	0	0	0	0	0	0	0	0	0	0	0	0	0	0	
93.777117	8	3	3	0	1	2	2	4198	393	42	5628	1	0	0	0	0	0	0	0	0	0	0	0	0	0	0	0	0	
94.763517	8	3	3	0	1	2	2	4199	381	42	5687	1	0	0	0	0	0	0	0	0	0	0	0	0	0	0	0	0	
95.768633	8	3	3	0	1	2	2	4199	368	42	5747	1	0	0	0	0	0	0	0	0	0	0	0	0	0	0	0	0	
96.773767	8	3	3	0	1	2	2	4199	357	42	5808	1	0	0	0	0	0	0	0	0	0	0	0	0	0	0	0	0	
97.760167	8	3	3	0	1	2	2	4199	347	42	5867	1	0	0	0	0	0	0	0	0	0	0	0	0	0	0	0	0	
98.766717	8	3	3	0	1	2	2	4198	336	42	5927	1	0	0	0	0	0	0	0	0	0	0	0	0	0	0	0	0	
99.771833	8	3	3	0	1	2	2	4198	326	42	5987	1	0	0	0	0	0	0	0	0	0	0	0	0	0	0	0	0	
100.776967	8	3	3	0	1	2	2	4199	316	42	6048	1	0	0	0	0	0	0	0	0	0	0	0	0	0	0	0	0	
101.763367	8	3	3	0	1	2	2	4198	306	42	6107	1	0	0	0	0	0	0	0	0	0	0	0	0	0	0	0	0	
102.768483	8	3	3	0	1	2	2	4199	294	42	6167	1	0	0	0	0	0	0	0	0	0	0	0	0	0	0	0	0	
103.775033	8	3	3	0	1	2	2	4198	286	42	6228	1	0	0	0	0	0	0	0	0	0	0	0	0	0	0	0	0	
104.761433	8	3	3	0	1	2	2	4198	278	42	6287	1	0	0	0	0	0	0	0	0	0	0	0	0	0	0	0	0	
105.766567	8	3	3	0	1	2	2	4198	270	42	6347	1	0	0	0	0	0	0	0	0	0	0	0	0	0	0	0	0	
106.771683	8	3	3	0	1	2	2	4199	262	42	6407	1	0	0	0	0	0	0	0	0	0	0	0	0	0	0	0	0	
107.776800	8	3	3	0	1	2	2	4198	255	42	6468	1	0	0	0	0	0	0	0	0	0	0	0	0	0	0	0	0	
108.764633	8	3	3	0	1	2	2	4198	248	42	6527	1	0	0	0	0	0	0	0	0	0	0	0	0	0	0	0	0	
109.769767	8	3	3	0	1	2	2	4198	240	42	6587	1	0	0	0	0	0	0	0	0	0	0	0	0	0	0	0	0	
110.776317	8	3	3	0	1	2	2	4199	233	42	6648	1	0	0	0	0	0	0	0	0	0	0	0	0	0	0	0	0	
111.762717	8	3	3	0	1	2	2	4199	225	42	6707	1	0	0	0	0	0	0	0	0	0	0	0	0	0	0	0	0	
112.767833	8	3	3	0	1	2	2	4199	218	42	6767	1	0	0	0	0	0	0	0	0	0	0	0	0	0	0	0	0	
113.774400	8	3	3	0	1	2	2	4199	210	42	6827	1	0	0	0	0	0	0	0	0	0	0	0	0	0	0	0	0	
114.760800	8	3	3	0	1	2	2	4199	203	42	6887	1	0	0	0	0	0	0	0	0	0	0	0	0	0	0	0	0	
115.765917	8	3	3	0	1	2	2	4198	197	42	6947	1	0	0	0	0	0	0	0	0	0	0	0	0	0	0	0	0	
116.771033	8	3	3	0	1	2	2	4198	190	42	7007	1	0	0	0	0	0	0	0	0	0	0	0	0	0	0	0	0	
117.776167	8	3	3	0	1	2	2	4199	183	42	7068	1	0	0	0	0	0	0	0	0	0	0	0	0	0	0	0	0	
118.762567	8	3	3	0	1	2	2	4199	178	42	7127	1	0	0	0	0	0	0	0	0	0	0	0	0	0	0	0	0	
119.769117	8	3	3	0	1	2	2	4199	172	42	7187	1	0	0	0	0	0	0	0	0	0	0	0	0	0	0	0	0	
120.774233	8	3	3	0	1	2	2	4199	166	42	7247	1	0	0	0	0	0	0	0	0	0	0	0	0	0	0	0	0	
121.760633	8	3	3	0	1	2	2	4199	162	42	7307	1	0	0	0	0	0	0	0	0	0	0	0	0	0	0	0	0	
122.765767	8	3	3	0	1	2	2	4198	156	42	7367	1	0	0	0	0	0	0	0	0	0	0	0	0	0	0	0	0	
123.770883	8	3	3	0	1	2	2	4199	151	42	7427	1	0	0	0	0	0	0	0	0	0	0	0	0	0	0	0	0	
124.777433	8	3	3	0	1	2	2	4199	147	42	7488	1	0	0	0	0	0	0	0	0	0	0	0	0	0	0	0	0	
125.763833	8	3	3	0	1	2	2	4199	141	42	7547	1	0	0	0	0	0	0	0	0	0	0	0	0	0	0	0	0	
126.768967	8	3	3	0	1	2	2	4199	137	42	7607	1	0	0	0	0	0	0	0	0	0	0	0	0	0	0	0	0	
127.774083	8	3	3	0	1	2	2	4199	133	42	7667	1	0	0	0	0	0	0	0	0	0	0	0	0	0	0	0	0	
128.779200	8	3	3	0	1	2	2	4199	128	42	7728	1	0	0	0	0	0	0	0	0	0	0	0	0	0	0	0	0	
129.765600	8	3	3	0	1	2	2	4199	124	42	7787	1	0	0	0	0	0	0	0	0	0	0	0	0	0	0	0	0	
130.770717	8	3	3	0	1	2	2	4199	119	42	7847	1	0	0	0	0	0	0	0	0	0	0	0	0	0	0	0	0	
131.777283	8	3	3	0	1	2	2	4199	116	42	7908	1	0	0	0	0	0	0	0	0	0	0	0	0	0	0	0	0	
132.763683	8	3	3	0	1	2	2	4199	113	42	7967	1	0	0	0	0	0	0	0	0	0	0	0	0	0	0	0	0	
133.768800	8	3	3	0	1	2	2	4199	109	42	8027	1	0	0	0	0	0	0	0	0	0	0	0	0	0	0	0	0	
134.773917	8	3	3	0	1	2	2	4199	105	42	8087	1	0	0	0	0	0	0	0	0	0	0	0	0	0	0	0	0	
135.779033	8	3	3	0	1	2	2	4199	103	42	8148	1	0	0	0	0	0	0	0	0	0	0	0	0	0	0	0	0	
136.765433	8	3	3	0	1	2	2	4198	99	42	8207	1	0	0	0	0	0	0	0	0	0	0	0	0	0	0	0	0	
137.772000	8	3	3	0	1	2	2	4199	96	42	8267	1	0	0	0	0	0	0	0	0	0	0	0	0	0	0	0	0	
138.777117	8	3	3	0	1	2	2	4199	92	42	8328	1	0	0	0	0	0	0	0	0	0	0	0	0	0	0	0	0	
139.763517	8	3	3	0	1	2	2	4199	89	42	8387	1	0	0	0	0	0	0	0	0	0	0	0	0	0	0	0	0	
140.768633	8	3	3	0	1	2	2	4199	87	42	8447	1	0	0	0	0	0	0	0	0	0	0	0	0	0	0	0	0	
141.773767	8	3	3	0	1	2	2	4199	84	42	8507	1	0	0	0	0	0	0	0	0	0	0	0	0	0	0	0	0	
142.778883	8	3	3	0	1	2	2	4199	82	42	8568	1	0	0	0	0	0	0	0	0	0	0	0	0	0	0	0	0	
143.766717	8	3	3	0	1	2	2	4199	78	42	8627	1	0	0	0	0	0	0	0	0	0	0	0	0	0	0	0	0	
144.771833	8	3	3	0	1	2	2	4199	76	42	8687	1	0	0	0	0	0	0	0	0	0	0	0	0	0	0	0	0	
145.776967	8	3	3	0	1	2	2	4198	74	42	8748	1	0	0	0	0	0	0	0	0	0	0	0	0	0	0	0	0	
146.763367	8	3	3	0	1	2	2	4198	71	42	8807	1	0	0	0	0	0	0	0	0	0	0	0	0	0	0	0	0	
147.768483	8	3	3	0	1	2	2	4198	69	42	8867	1	0	0	0	0	0	0	0	0	0	0	0	0	0	0	0	0	
148.736167	8	6	3	0	2	7	1	3807	-1283	42	8925	1	1	0	0	0	0	0	0	0	0	0	0	0	0	0	0	0	
148.776483	8	6	3	0	2	7	1	3764	-1350	42	8927	1	1	0	0	0	0	0	0	0	0	0	0	0	0	0	0	0	
149.762883	8	6	3	0	2	7	1	3642	-1350	42	8987	1	1	1	0	0	0	0	0	0	0	0	0	0	0	0	0	0	
150.768000	8	6	3	0	2	7	1	3614	-1350	42	9047	1	1	3	0	0	0	0	0	0	0	0	0	0	0	0	0	0	
151.773117	8	6	3	0	2	7	1	3628	-1350	42	9107	1	1	5	0	0	0	0	0	0	0	0	0	0	0	0	0	0	
152.779683	8	6	3	0	2	7	1	3623	-1349	42	9168	1	1	6	0	0	0	0	0	0	0	0	0	0	0	0	0	0	
153.766083	8	6	3	0	2	7	1	3617	-1350	42	9227	1	1	8	0	0	0	0	0	0	0	0	0	0	0	0	0	0	
154.771200	8	6	3	0	2	7	1	3609	-1349	42	9287	1	1	9	0	0	0	0	0	0	0	0	0	0	0	0	0	0	
155.776317	8	6	3	0	2	7	1	3600	-1350	42	9347	1	1	11	0	0	0	0	0	0	0	0	0	0	0	0	0	0	
156.762717	8	6	3	0	2	7	1	3588	-1350	42	9407	1	1	13	0	0	0	0	0	0	0	0	0	0	0	0	0	0	
157.767833	8	6	3	0	2	7	1	3575	-1349	42	9467	1	1	14	0	0	0	0	0	0	0	0	0	0	0	0	0	0	
158.774400	8	6	3	0	2	7	1	3561	-1349	42	9527	1	1	16	0	0	0	0	0	0	0	0	0	0	0	0	0	0	
159.779517	8	6	3	0	2	7	1	3547	-1350	42	9588	1	1	18	0	0	0	0	0	0	0	0	0	0	0	0	0	0	
160.765917	8	6	3	0	2	7	1	3534	-1349	42	9647	1	1	19	0	0	0	0	0	0	0	0	0	0	0	0	0	0	
161.771033	8	6	3	0	2	7	1	3520	-1350	42	9707	1	1	21	0	0	0	0	0	0	0	0	0	0	0	0	0	0	
162.776167	8	6	3	0	2	7	1	3507	-1350	42	9767	1	1	23	0	0	0	0	0	0	0	0	0	0	0	0	0	0	
163.781283	8	6	3	0	2	7	1	3494	-1348	42	9828	1	1	24	0	0	0	0	0	0	0	0	0	0	0	0	0	0	
164.767683	8	6	3	0	2	7	1	3483	-1350	42	9887	1	1	26	0	0	0	0	0	0	0	0	0	0	0	0	0	0	
165.774233	8	6	3	0	2	7	1	3469	-1351	42	9947	1	1	28	0	0	0	0	0	0	0	0	0	0	0	0	0	0	
166.779367	8	6	3	0	2	7	1	3457	-1350	42	10008	1	1	29	0	0	0	0	0	0	0	0	0	0	0	0	0	0	
167.767200	8	6	3	0	2	7	1	3446	-1350	42	10067	1	1	31	0	0	0	0	0	0	0	0	0	0	0	0	0	0	
168.772317	8	6	3	0	2	7	1	3434	-1349	42	10127	1	1	33	0	0	0	0	0	0	0	0	0	0	0	0	0	0	
169.778883	8	6	3	0	2	7	1	3423	-1350	42	10187	1	1	34	0	0	0	0	0	0	0	0	0	0	0	0	0	0	
170.765283	8	6	3	0	2	7	1	3413	-1349	42	10247	1	1	36	0	0	0	0	0	0	0	0	0	0	0	0	0	0	
171.770400	8	6	3	0	2	7	1	3402	-1350	42	10307	1	1	38	0	0	0	0	0	0	0	0	0	0	0	0	0	0	
172.775517	8	6	3	0	2	7	1	3393	-1349	42	10367	1	1	39	0	0	0	0	0	0	0	0	0	0	0	0	0	0	
173.780633	8	6	3	0	2	7	1	3383	-1350	42	10428	1	1	41	0	0	0	0	0	0	0	0	0	0	0	0	0	0	
174.767033	8	6	3	0	2	7	1	3374	-1350	42	10487	1	1	43	0	0	0	0	0	0	0	0	0	0	0	0	0	0	
175.773600	8	6	3	0	2	7	1	3365	-1349	42	10547	1	1	44	0	0	0	0	0	0	0	0	0	0	0	0	0	0	
176.778717	8	6	3	0	2	7	1	3356	-1349	42	10607	1	1	46	0	0	0	0	0	0	0	0	0	0	0	0	0	0	
177.765117	8	6	3	0	2	7	1	3348	-1350	42	10667	1	1	47	0	0	0	0	0	0	0	0	0	0	0	0	0	0	
178.770233	8	6	3	0	2	7	1	3340	-1351	42	10727	1	1	49	0	0	0	0	0	0	0	0	0	0	0	0	0	0	
179.775367	8	6	3	0	2	7	1	3333	-1350	42	10787	1	1	51	0	0	0	0	0	0	0	0	0	0	0	0	0	0	
180.781917	8	6	3	0	2	7	1	3325	-1350	42	10848	1	1	53	0	0	0	0	0	0	0	0	0	0	0	0	0	0	
181.768317	8	6	3	0	2	7	1	3319	-1348	42	10907	1	1	54	0	0	0	0	0	0	0	0	0	0	0	0	0	0	
182.773433	8	6	3	0	2	7	1	3311	-1351	42	10967	1	1	56	0	0	0	0	0	0	0	0	0	0	0	0	0	0	
183.778567	8	6	3	0	2	7	1	3305	-1349	42	11027	1	1	58	0	0	0	0	0	0	0	0	0	0	0	0	0	0	
184.764967	8	6	3	0	2	7	1	3298	-1349	42	11087	1	1	59	0	0	0	0	0	0	0	0	0	0	0	0	0	0	
185.770083	8	6	3	0	2	7	1	3292	-1350	42	11147	1	1	61	0	0	0	0	0	0	0	0	0	0	0	0	0	0	
186.776633	8	6	3	0	2	7	1	3285	-1349	42	11207	1	1	62	0	0	0	0	0	0	0	0	0	0	0	0	0	0	
187.781767	8	6	3	0	2	7	1	3279	-1349	42	11268	1	1	64	0	0	0	0	0	0	0	0	0	0	0	0	0	0	
188.768167	8	6	3	0	2	7	1	3272	-1349	42	11327	1	1	66	0	0	0	0	0	0	0	0	0	0	0	0	0	0	
189.776167	8	6	3	0	2	7	1	3265	-1350	42	11387	1	1	67	0	0	0	0	0	0	0	0	0	0	0	0	0	0	
190.782717	8	6	3	0	2	7	1	3258	-1348	42	11448	1	1	69	0	0	0	0	0	0	0	0	0	0	0	0	0	0	
191.769117	8	6	3	0	2	7	1	3249	-1348	42	11507	1	1	71	0	0	0	0	0	0	0	0	0	0	0	0	0	0	
192.774233	8	6	3	0	2	7	1	3241	-1350	42	11567	1	1	72	0	0	0	0	0	0	0	0	0	0	0	0	0	0	
193.779367	8	6	3	0	2	7	1	3231	-1350	42	11627	1	1	74	0	0	0	0	0	0	0	0	0	0	0	0	0	0	
194.765767	8	6	3	0	2	7	1	3219	-1350	42	11687	1	1	76	0	0	0	0	0	0	0	0	0	0	0	0	0	0	
195.770883	8	6	3	0	2	7	1	3205	-1350	42	11747	1	1	77	0	0	0	0	0	0	0	0	0	0	0	0	0	0	
196.777433	8	6	3	0	2	7	1	3189	-1350	42	11807	1	1	79	0	0	0	0	0	0	0	0	0	0	0	0	0	0	
197.782567	8	6	3	0	2	7	1	3169	-1350	42	11868	1	1	81	0	0	0	0	0	0	0	0	0	0	0	0	0	0	
198.768967	8	6	3	0	2	7	1	3144	-1349	42	11927	1	1	82	0	0	0	0	0	0	0	0	0	0	0	0	0	0	
199.774083	8	6	3	0	2	7	1	3109	-1349	42	11987	1	1	84	0	0	0	0	0	0	0	0	0	0	0	0	0	0	
200.779200	8	6	3	0	2	7	1	3049	-1351	42	12047	1	1	86	0	0	0	0	0	0	0	0	0	0	0	0	0	0	
201.784317	8	6	3	0	2	7	1	2926	-1350	42	12108	1	1	87	0	0	0	0	0	0	0	0	0	0	0	0	0	0	
202.695833	8	15	3	0	1	31	2	3164	227	42	12162	3	1	89	0	0	0	0	0	0	0	0	0	0	0	0	0	0	
202.716000	8	3	3	0	1	2	2	3312	677	42	12164	3	1	89	0	0	0	0	0	0	0	0	0	0	0	0	0	0	
202.775033	8	3	3	0	1	2	2	3354	675	42	12167	3	1	89	0	0	0	0	0	0	0	0	0	0	0	0	0	0	
203.780167	8	3	3	0	1	2	2	3589	675	42	12227	3	1	89	0	0	0	0	0	0	0	0	0	0	0	0	0	0	
204.766567	8	3	3	0	1	2	2	3688	676	42	12287	3	1	89	0	0	0	0	0	0	0	0	0	0	0	0	0	0	
205.773117	8	3	3	0	1	2	2	3756	675	42	12347	3	1	89	0	0	0	0	0	0	0	0	0	0	0	0	0	0	
206.778233	8	3	3	0	1	2	2	3808	675	42	12407	3	1	89	0	0	0	0	0	0	0	0	0	0	0	0	0	0	
207.783367	8	3	3	0	1	2	2	3848	674	42	12468	3	1	89	0	0	0	0	0	0	0	0	0	0	0	0	0	0	
208.769767	8	3	3	0	1	2	2	3876	674	42	12527	3	1	89	0	0	0	0	0	0	0	0	0	0	0	0	0	0	
209.774883	8	3	3	0	1	2	2	3891	674	42	12587	3	1	89	0	0	0	0	0	0	0	0	0	0	0	0	0	0	
210.781433	8	3	3	0	1	2	2	3898	674	42	12647	3	1	89	0	0	0	0	0	0	0	0	0	0	0	0	0	0	
211.767833	8	3	3	0	1	2	2	3904	674	42	12707	3	1	89	0	0	0	0	0	0	0	0	0	0	0	0	0	0	
212.772967	8	3	3	0	1	2	2	3910	674	42	12767	3	1	89	0	0	0	0	0	0	0	0	0	0	0	0	0	0	
213.778083	8	3	3	0	1	2	2	3915	674	42	12827	3	1	89	0	0	0	0	0	0	0	0	0	0	0	0	0	0	
214.783200	8	3	3	0	1	2	2	3920	674	42	12888	3	1	89	0	0	0	0	0	0	0	0	0	0	0	0	0	0	
215.769600	8	3	3	0	1	2	2	3924	675	42	12947	3	1	89	0	0	0	0	0	0	0	0	0	0	0	0	0	0	
216.776167	8	3	3	0	1	2	2	3929	674	42	13007	3	1	89	0	0	0	0	0	0	0	0	0	0	0	0	0	0	
217.781283	8	3	3	0	1	2	2	3934	674	42	13067	3	1	89	0	0	0	0	0	0	0	0	0	0	0	0	0	0	
218.786400	8	3	3	0	1	2	2	3939	674	42	13128	3	1	89	0	0	0	0	0	0	0	0	0	0	0	0	0	0	
219.772800	8	3	3	0	1	2	2	3944	674	42	13187	3	1	89	0	0	0	0	0	0	0	0	0	0	0	0	0	0	
220.777917	8	3	3	0	1	2	2	3949	674	42	13247	3	1	89	0	0	0	0	0	0	0	0	0	0	0	0	0	0	
221.783033	8	3	3	0	1	2	2	3955	674	42	13308	3	1	89	0	0	0	0	0	0	0	0	0	0	0	0	0	0	
222.770883	8	3	3	0	1	2	2	3961	674	42	13367	3	1	89	0	0	0	0	0	0	0	0	0	0	0	0	0	0	
223.776000	8	3	3	0	1	2	2	3966	675	42	13427	3	1	89	0	0	0	0	0	0	0	0	0	0	0	0	0	0	
224.781117	8	3	3	0	1	2	2	3972	675	42	13487	3	1	89	0	0	0	0	0	0	0	0	0	0	0	0	0	0	
225.786233	8	3	3	0	1	2	2	3977	674	42	13548	3	1	89	0	0	0	0	0	0	0	0	0	0	0	0	0	0	
226.772633	8	3	3	0	1	2	2	3982	673	42	13607	3	1	89	0	0	0	0	0	0	0	0	0	0	0	0	0	0	
227.779200	8	3	3	0	1	2	2	3986	674	42	13667	3	1	89	0	0	0	0	0	0	0	0	0	0	0	0	0	0	
228.784317	8	3	3	0	1	2	2	3991	675	42	13728	3	1	89	0	0	0	0	0	0	0	0	0	0	0	0	0	0	
229.770717	8	3	3	0	1	2	2	3995	676	42	13787	3	1	89	0	0	0	0	0	0	0	0	0	0	0	0	0	0	
230.775833	8	3	3	0	1	2	2	3999	675	42	13847	3	1	89	0	0	0	0	0	0	0	0	0	0	0	0	0	0	
231.780967	8	3	3	0	1	2	2	4002	674	42	13907	3	1	89	0	0	0	0	0	0	0	0	0	0	0	0	0	0	
232.787517	8	3	3	0	1	2	2	4005	674	42	13968	3	1	89	0	0	0	0	0	0	0	0	0	0	0	0	0	0	
233.773917	8	3	3	0	1	2	2	4008	675	42	14027	3	1	89	0	0	0	0	0	0	0	0	0	0	0	0	0	0	
234.779033	8	3	3	0	1	2	2	4010	674	42	14087	3	1	89	0	0	0	0	0	0	0	0	0	0	0	0	0	0	
235.784167	8	3	3	0	1	2	2	4013	673	42	14148	3	1	89	0	0	0	0	0	0	0	0	0	0	0	0	0	0	
236.770567	8	3	3	0	1	2	2	4016	675	42	14207	3	1	89	0	0	0	0	0	0	0	0	0	0	0	0	0	0	
237.777117	8	3	3	0	1	2	2	4019	673	42	14267	3	1	89	0	0	0	0	0	0	0	0	0	0	0	0	0	0	
238.782233	8	3	3	0	1	2	2	4022	674	42	14327	3	1	89	0	0	0	0	0	0	0	0	0	0	0	0	0	0	
239.787367	8	3	3	0	1	2	2	4025	675	42	14388	3	1	89	0	0	0	0	0	0	0	0	0	0	0	0	0	0	
240.773767	8	3	3	0	1	2	2	4028	674	42	14447	3	1	89	0	0	0	0	0	0	0	0	0	0	0	0	0	0	
241.778883	8	3	3	0	1	2	2	4031	674	42	14507	3	1	89	0	0	0	0	0	0	0	0	0	0	0	0	0	0	
242.785433	8	3	3	0	1	2	2	4034	675	42	14568	3	1	89	0	0	0	0	0	0	0	0	0	0	0	0	0	0	
243.771833	8	3	3	0	1	2	2	4037	674	42	14627	3	1	89	0	0	0	0	0	0	0	0	0	0	0	0	0	0	
244.776967	8	3	3	0	1	2	2	4040	675	42	14687	3	1	89	0	0	0	0	0	0	0	0	0	0	0	0	0	0	
245.782083	8	3	3	0	1	2	2	4043	674	42	14747	3	1	89	0	0	0	0	0	0	0	0	0	0	0	0	0	0	
246.787200	8	3	3	0	1	2	2	4046	674	42	14808	3	1	89	0	0	0	0	0	0	0	0	0	0	0	0	0	0	
247.773600	8	3	3	0	1	2	2	4049	674	42	14867	3	1	89	0	0	0	0	0	0	0	0	0	0	0	0	0	0	
248.780167	8	3	3	0	1	2	2	4053	674	42	14927	3	1	89	0	0	0	0	0	0	0	0	0	0	0	0	0	0	
249.785283	8	3	3	0	1	2	2	4056	674	42	14987	3	1	89	0	0	0	0	0	0	0	0	0	0	0	0	0	0	
250.771683	8	3	3	0	1	2	2	4060	674	42	15047	3	1	89	0	0	0	0	0	0	0	0	0	0	0	0	0	0	
251.776800	8	3	3	0	1	2	2	4063	675	42	15107	3	1	89	0	0	0	0	0	0	0	0	0	0	0	0	0	0	
252.781917	8	3	3	0	1	2	2	4067	674	42	15167	3	1	89	0	0	0	0	0	0	0	0	0	0	0	0	0	0	
253.788483	8	3	3	0	1	2	2	4071	674	42	15228	3	1	89	0	0	0	0	0	0	0	0	0	0	0	0	0	0	
254.774883	8	3	3	0	1	2	2	4075	675	42	15287	3	1	89	0	0	0	0	0	0	0	0	0	0	0	0	0	0	
255.780000	8	3	3	0	1	2	2	4078	674	42	15347	3	1	89	0	0	0	0	0	0	0	0	0	0	0	0	0	0	
256.785117	8	3	3	0	1	2	2	4082	674	42	15407	3	1	89	0	0	0	0	0	0	0	0	0	0	0	0	0	0	
257.771517	8	3	3	0	1	2	2	4086	674	42	15467	3	1	89	0	0	0	0	0	0	0	0	0	0	0	0	0	0	
258.780967	8	3	3	0	1	2	2	4090	674	42	15527	3	1	89	0	0	0	0	0	0	0	0	0	0	0	0	0	0	
259.786083	8	3	3	0	1	2	2	4094	676	42	15588	3	1	89	0	0	0	0	0	0	0	0	0	0	0	0	0	0	
260.772483	8	3	3	0	1	2	2	4098	674	42	15647	3	1	89	0	0	0	0	0	0	0	0	0	0	0	0	0	0	
261.777600	8	3	3	0	1	2	2	4102	673	42	15707	3	1	89	0	0	0	0	0	0	0	0	0	0	0	0	0	0	
262.784167	8	3	3	0	1	2	2	4106	674	42	15767	3	1	89	0	0	0	0	0	0	0	0	0	0	0	0	0	0	
263.789283	8	3	3	0	1	2	2	4111	675	42	15828	3	1	89	0	0	0	0	0	0	0	0	0	0	0	0	0	0	
264.775683	8	3	3	0	1	2	2	4116	675	42	15887	3	1	89	0	0	0	0	0	0	0	0	0	0	0	0	0	0	
265.780800	8	3	3	0	1	2	2	4118	667	42	15947	3	1	89	0	0	0	0	0	0	0	0	0	0	0	0	0	0	
266.785917	8	3	3	0	1	2	2	4122	664	42	16007	3	1	89	0	0	0	0	0	0	0	0	0	0	0	0	0	0	
267.773767	8	3	3	0	1	2	2	4126	663	42	16067	3	1	89	0	0	0	0	0	0	0	0	0	0	0	0	0	0	
268.778883	8	3	3	0	1	2	2	4131	663	42	16127	3	1	89	0	0	0	0	0	0	0	0	0	0	0	0	0	0	
269.784000	8	3	3	0	1	2	2	4135	660	42	16187	3	1	89	0	0	0	0	0	0	0	0	0	0	0	0	0	0	
270.789117	8	3	3	0	1	2	2	4140	661	42	16248	3	1	89	0	0	0	0	0	0	0	0	0	0	0	0	0	0	
271.775517	8	3	3	0	1	2	2	4145	660	42	16307	3	1	89	0	0	0	0	0	0	0	0	0	0	0	0	0	0	
272.780633	8	3	3	0	1	2	2	4150	659	42	16367	3	1	89	0	0	0	0	0	0	0	0	0	0	0	0	0	0	
273.787200	8	3	3	0	1	2	2	4155	658	42	16427	3	1	89	0	0	0	0	0	0	0	0	0	0	0	0	0	0	
274.773600	8	3	3	0	1	2	2	4160	657	42	16487	3	1	89	0	0	0	0	0	0	0	0	0	0	0	0	0	0	
275.778717	8	3	3	0	1	2	2	4165	656	42	16547	3	1	89	0	0	0	0	0	0	0	0	0	0	0	0	0	0	
276.783833	8	3	3	0	1	2	2	4171	656	42	16607	3	1	89	0	0	0	0	0	0	0	0	0	0	0	0	0	0	
277.788967	8	3	3	0	1	2	2	4176	653	42	16668	3	1	89	0	0	0	0	0	0	0	0	0	0	0	0	0	0	
278.776800	8	3	3	0	1	2	2	4182	653	42	16727	3	1	89	0	0	0	0	0	0	0	0	0	0	0	0	0	0	
279.781917	8	3	3	0	1	2	2	4187	653	42	16787	3	1	89	0	0	0	0	0	0	0	0	0	0	0	0	0	0	
280.787033	8	3	3	0	1	2	2	4192	651	42	16847	3	1	89	0	0	0	0	0	0	0	0	0	0	0	0	0	0	
281.773433	8	3	3	0	1	2	2	4198	650	42	16907	3	1	89	0	0	0	0	0	0	0	0	0	0	0	0	0	0	
282.778567	8	3	3	0	1	2	2	4199	635	42	16967	3	1	89	0	0	0	0	0	0	0	0	0	0	0	0	0	0	
283.785117	8	3	3	0	1	2	2	4198	617	42	17027	3	1	89	0	0	0	0	0	0	0	0	0	0	0	0	0	0	
284.790233	8	3	3	0	1	2	2	4198	600	42	17088	3	1	89	0	0	0	0	0	0	0	0	0	0	0	0	0	0	
285.776633	8	3	3	0	1	2	2	4198	584	42	17147	3	1	89	0	0	0	0	0	0	0	0	0	0	0	0	0	0	
286.781767	8	3	3	0	1	2	2	4198	568	42	17207	3	1	89	0	0	0	0	0	0	0	0	0	0	0	0	0	0	
287.786883	8	3	3	0	1	2	2	4198	552	42	17267	3	1	89	0	0	0	0	0	0	0	0	0	0	0	0	0	0	
288.773283	8	3	3	0	1	2	2	4198	536	42	17327	3	1	89	0	0	0	0	0	0	0	0	0	0	0	0	0	0	
289.779833	8	3	3	0	1	2	2	4199	519	42	17387	3	1	89	0	0	0	0	0	0	0	0	0	0	0	0	0	0	
290.784967	8	3	3	0	1	2	2	4198	501	42	17447	3	1	89	0	0	0	0	0	0	0	0	0	0	0	0	0	0	
291.790083	8	3	3	0	1	2	2	4199	484	42	17508	3	1	89	0	0	0	0	0	0	0	0	0	0	0	0	0	0	
292.776483	8	3	3	0	1	2	2	4198	470	42	17567	3	1	89	0	0	0	0	0	0	0	0	0	0	0	0	0	0	
293.781600	8	3	3	0	1	2	2	4198	456	42	17627	3	1	89	0	0	0	0	0	0	0	0	0	0	0	0	0	0	
294.786717	8	3	3	0	1	2	2	4199	442	42	17687	3	1	89	0	0	0	0	0	0	0	0	0	0	0	0	0	0	
295.774567	8	3	3	0	1	2	2	4198	428	42	17747	3	1	89	0	0	0	0	0	0	0	0	0	0	0	0	0	0	
296.779683	8	3	3	0	1	2	2	4199	415	42	17807	3	1	89	0	0	0	0	0	0	0	0	0	0	0	0	0	0	
297.784800	8	3	3	0	1	2	2	4198	402	42	17867	3	1	89	0	0	0	0	0	0	0	0	0	0	0	0	0	0	
298.789917	8	3	3	0	1	2	2	4198	389	42	17928	3	1	89	0	0	0	0	0	0	0	0	0	0	0	0	0	0	
299.776317	8	3	3	0	1	2	2	4198	376	42	17987	3	1	89	0	0	0	0	0	0	0	0	0	0	0	0	0	0	
300.782883	8	3	3	0	1	2	2	4198	365	42	18047	3	1	89	0	0	0	0	0	0	0	0	0	0	0	0	0	0	
301.788000	8	3	3	0	1	2	2	4198	353	42	18107	3	1	89	0	0	0	0	0	0	0	0	0	0	0	0	0	0	
302.774400	8	3	3	0	1	2	2	4199	344	42	18167	3	1	89	0	0	0	0	0	0	0	0	0	0	0	0	0	0	
303.779517	8	3	3	0	1	2	2	4198	334	42	18227	3	1	89	0	0	0	0	0	0	0	0	0	0	0	0	0	0	
304.784633	8	3	3	0	1	2	2	4198	324	42	18287	3	1	89	0	0	0	0	0	0	0	0	0	0	0	0	0	0	
305.791200	8	3	3	0	1	2	2	4198	314	42	18348	3	1	89	0	0	0	0	0	0	0	0	0	0	0	0	0	0	
306.777600	8	3	3	0	1	2	2	4199	306	42	18407	3	1	89	0	0	0	0	0	0	0	0	0	0	0	0	0	0	
307.782717	8	3	3	0	1	2	2	4199	297	42	18467	3	1	89	0	0	0	0	0	0	0	0	0	0	0	0	0	0	
308.789283	8	3	3	0	1	2	2	4199	289	42	18528	3	1	89	0	0	0	0	0	0	0	0	0	0	0	0	0	0	
309.777117	8	3	3	0	1	2	2	4199	280	42	18587	3	1	89	0	0	0	0	0	0	0	0	0	0	0	0	0	0	
310.782233	8	3	3	0	1	2	2	4199	272	42	18647	3	1	89	0	0	0	0	0	0	0	0	0	0	0	0	0	0	
311.787367	8	3	3	0	1	2	2	4198	263	42	18707	3	1	89	0	0	0	0	0	0	0	0	0	0	0	0	0	0	
312.792483	8	3	3	0	1	2	2	4199	256	42	18768	3	1	89	0	0	0	0	0	0	0	0	0	0	0	0	0	0	
313.778883	8	3	3	0	1	2	2	4199	248	42	18827	3	1	89	0	0	0	0	0	0	0	0	0	0	0	0	0	0	
314.784000	8	3	3	0	1	2	2	4199	240	42	18887	3	1	89	0	0	0	0	0	0	0	0	0	0	0	0	0	0	
315.790567	8	3	3	0	1	2	2	4199	233	42	18947	3	1	89	0	0	0	0	0	0	0	0	0	0	0	0	0	0	
316.775517	8	3	3	0	1	2	2	4199	226	42	19007	3	1	89	0	0	0	0	0	0	0	0	0	0	0	0	0	0	
317.782083	8	3	3	0	1	2	2	4199	219	42	19067	3	1	89	0	0	0	0	0	0	0	0	0	0	0	0	0	0	
318.787200	8	3	3	0	1	2	2	4199	211	42	19127	3	1	89	0	0	0	0	0	0	0	0	0	0	0	0	0	0	
319.792317	8	3	3	0	1	2	2	4199	206	42	19188	3	1	89	0	0	0	0	0	0	0	0	0	0	0	0	0	0	
320.778717	8	3	3	0	1	2	2	4199	200	42	19247	3	1	89	0	0	0	0	0	0	0	0	0	0	0	0	0	0	
321.783833	8	3	3	0	1	2	2	4198	194	42	19307	3	1	89	0	0	0	0	0	0	0	0	0	0	0	0	0	0	
322.790400	8	3	3	0	1	2	2	4198	188	42	19367	3	1	89	0	0	0	0	0	0	0	0	0	0	0	0	0	0	
323.776800	8	3	3	0	1	2	2	4199	183	42	19427	3	1	89	0	0	0	0	0	0	0	0	0	0	0	0	0	0	
324.781917	8	3	3	0	1	2	2	4199	178	42	19487	3	1	89	0	0	0	0	0	0	0	0	0	0	0	0	0	0	
325.787033	8	3	3	0	1	2	2	4199	172	42	19547	3	1	89	0	0	0	0	0	0	0	0	0	0	0	0	0	0	
326.792167	8	3	3	0	1	2	2	4199	167	42	19608	3	1	89	0	0	0	0	0	0	0	0	0	0	0	0	0	0	
327.778567	8	3	3	0	1	2	2	4199	162	42	19667	3	1	89	0	0	0	0	0	0	0	0	0	0	0	0	0	0	
328.783683	8	3	3	0	1	2	2	4199	157	42	19727	3	1	89	0	0	0	0	0	0	0	0	0	0	0	0	0	0	
329.790233	8	3	3	0	1	2	2	4198	153	42	19787	3	1	89	0	0	0	0	0	0	0	0	0	0	0	0	0	0	
330.795367	8	3	3	0	1	2	2	4199	147	42	19848	3	1	89	0	0	0	0	0	0	0	0	0	0	0	0	0	0	
331.781767	8	3	3	0	1	2	2	4199	143	42	19907	3	1	89	0	0	0	0	0	0	0	0	0	0	0	0	0	0	
332.786883	8	3	3	0	1	2	2	4199	140	42	19967	3	1	89	0	0	0	0	0	0	0	0	0	0	0	0	0	0	
333.792000	8	3	3	0	1	2	2	4199	134	42	20028	3	1	89	0	0	0	0	0	0	0	0	0	0	0	0	0	0	
334.778400	8	3	3	0	1	2	2	4199	131	42	20087	3	1	89	0	0	0	0	0	0	0	0	0	0	0	0	0	0	
335.784967	8	3	3	0	1	2	2	4199	127	42	20147	3	1	89	0	0	0	0	0	0	0	0	0	0	0	0	0	0	
336.790083	8	3	3	0	1	2	2	4198	124	42	20207	3	1	89	0	0	0	0	0	0	0	0	0	0	0	0	0	0	
337.795200	8	3	3	0	1	2	2	4199	119	42	20268	3	1	89	0	0	0	0	0	0	0	0	0	0	0	0	0	0	
338.781600	8	3	3	0	1	2	2	4199	116	42	20327	3	1	89	0	0	0	0	0	0	0	0	0	0	0	0	0	0	
339.786717	8	3	3	0	1	2	2	4199	112	42	20387	3	1	89	0	0	0	0	0	0	0	0	0	0	0	0	0	0	
340.793283	8	3	3	0	1	2	2	4199	109	42	20448	3	1	89	0	0	0	0	0	0	0	0	0	0	0	0	0	0	
341.779683	8	3	3	0	1	2	2	4199	106	42	20507	3	1	89	0	0	0	0	0	0	0	0	0	0	0	0	0	0	
342.784800	8	3	3	0	1	2	2	4198	103	42	20567	3	1	89	0	0	0	0	0	0	0	0	0	0	0	0	0	0	
343.789917	8	3	3	0	1	2	2	4198	100	42	20627	3	1	89	0	0	0	0	0	0	0	0	0	0	0	0	0	0	
344.795033	8	3	3	0	1	2	2	4199	97	42	20688	3	1	89	0	0	0	0	0	0	0	0	0	0	0	0	0	0	
345.781433	8	3	3	0	1	2	2	4198	94	42	20747	3	1	89	0	0	0	0	0	0	0	0	0	0	0	0	0	0	
346.788000	8	3	3	0	1	2	2	4198	90	42	20807	3	1	89	0	0	0	0	0	0	0	0	0	0	0	0	0	0	
347.793117	8	3	3	0	1	2	2	4198	87	42	20868	3	1	89	0	0	0	0	0	0	0	0	0	0	0	0	0	0	
348.779517	8	3	3	0	1	2	2	4198	85	42	20927	3	1	89	0	0	0	0	0	0	0	0	0	0	0	0	0	0	
349.784633	8	3	3	0	1	2	2	4199	83	42	20987	3	1	89	0	0	0	0	0	0	0	0	0	0	0	0	0	0	
350.791200	8	3	3	0	1	2	2	4199	81	42	21047	3	1	89	0	0	0	0	0	0	0	0	0	0	0	0	0	0	
351.796317	8	3	3	0	1	2	2	4199	78	42	21108	3	1	89	0	0	0	0	0	0	0	0	0	0	0	0	0	0	
352.782717	8	3	3	0	1	2	2	4199	74	42	21167	3	1	89	0	0	0	0	0	0	0	0	0	0	0	0	0	0	
353.787833	8	3	3	0	1	2	2	4199	72	42	21227	3	1	89	0	0	0	0	0	0	0	0	0	0	0	0	0	0	
354.792967	8	3	3	0	1	2	2	4198	71	42	21287	3	1	89	0	0	0	0	0	0	0	0	0	0	0	0	0	0	
355.779367	8	3	3	0	1	2	2	4199	68	42	21347	3	1	89	0	0	0	0	0	0	0	0	0	0	0	0	0	0	
356.313600	8	6	3	0	2	7	1	3709	-1349	42	21379	3	2	0	0	0	0	0	0	0	0	0	0	0	0	0	0	0	
356.787367	8	6	3	0	2	7	1	3647	-1350	42	21407	3	2	0	0	0	0	0	0	0	0	0	0	0	0	0	0	0	
357.792483	8	6	3	0	2	7	1	3643	-1349	42	21467	3	2	2	0	0	0	0	0	0	0	0	0	0	0	0	0	0	
358.778883	8	6	3	0	2	7	1	3647	-1351	42	21527	3	2	4	0	0	0	0	0	0	0	0	0	0	0	0	0	0	
359.784000	8	6	3	0	2	7	1	3646	-1350	42	21587	3	2	5	0	0	0	0	0	0	0	0	0	0	0	0	0	0	
360.789117	8	6	3	0	2	7	1	3633	-1350	42	21647	3	2	7	0	0	0	0	0	0	0	0	0	0	0	0	0	0	
361.794233	8	6	3	0	2	7	1	3625	-1349	42	21708	3	2	9	0	0	0	0	0	0	0	0	0	0	0	0	0	0	
362.782083	8	6	3	0	2	7	1	3610	-1350	42	21767	3	2	10	0	0	0	0	0	0	0	0	0	0	0	0	0	0	
363.787200	8	6	3	0	2	7	1	3598	-1350	42	21827	3	2	12	0	0	0	0	0	0	0	0	0	0	0	0	0	0	
364.792317	8	6	3	0	2	7	1	3584	-1349	42	21887	3	2	14	0	0	0	0	0	0	0	0	0	0	0	0	0	0	
365.797433	8	6	3	0	2	7	1	3571	-1350	42	21948	3	2	15	0	0	0	0	0	0	0	0	0	0	0	0	0	0	
366.783833	8	6	3	0	2	7	1	3555	-1348	42	22007	3	2	17	0	0	0	0	0	0	0	0	0	0	0	0	0	0	
367.790400	8	6	3	0	2	7	1	3541	-1349	42	22067	3	2	18	0	0	0	0	0	0	0	0	0	0	0	0	0	0	
368.795517	8	6	3	0	2	7	1	3527	-1351	42	22128	3	2	20	0	0	0	0	0	0	0	0	0	0	0	0	0	0	
369.781917	8	6	3	0	2	7	1	3513	-1349	42	22187	3	2	22	0	0	0	0	0	0	0	0	0	0	0	0	0	0	
370.787033	8	6	3	0	2	7	1	3500	-1350	42	22247	3	2	23	0	0	0	0	0	0	0	0	0	0	0	0	0	0	
371.792167	8	6	3	0	2	7	1	3488	-1350	42	22307	3	2	25	0	0	0	0	0	0	0	0	0	0	0	0	0	0	
372.798717	8	6	3	0	2	7	1	3476	-1350	42	22368	3	2	27	0	0	0	0	0	0	0	0	0	0	0	0	0	0	
373.785117	8	6	3	0	2	7	1	3464	-1349	42	22427	3	2	28	0	0	0	0	0	0	0	0	0	0	0	0	0	0	
374.790233	8	6	3	0	2	7	1	3452	-1349	42	22487	3	2	30	0	0	0	0	0	0	0	0	0	0	0	0	0	0	
375.795367	8	6	3	0	2	7	1	3439	-1349	42	22548	3	2	32	0	0	0	0	0	0	0	0	0	0	0	0	0	0	
376.781767	8	6	3	0	2	7	1	3428	-1349	42	22607	3	2	33	0	0	0	0	0	0	0	0	0	0	0	0	0	0	
377.786883	8	6	3	0	2	7	1	3416	-1349	42	22667	3	2	35	0	0	0	0	0	0	0	0	0	0	0	0	0	0	
378.793433	8	6	3	0	2	7	1	3406	-1349	42	22727	3	2	37	0	0	0	0	0	0	0	0	0	0	0	0	0	0	
379.798567	8	6	3	0	2	7	1	3395	-1349	42	22788	3	2	38	0	0	0	0	0	0	0	0	0	0	0	0	0	0	
380.784967	8	6	3	0	2	7	1	3386	-1350	42	22847	3	2	40	0	0	0	0	0	0	0	0	0	0	0	0	0	0	
381.790083	8	6	3	0	2	7	1	3377	-1350	42	22907	3	2	42	0	0	0	0	0	0	0	0	0	0	0	0	0	0	
382.795200	8	6	3	0	2	7	1	3368	-1350	42	22968	3	2	43	0	0	0	0	0	0	0	0	0	0	0	0	0	0	
383.781600	8	6	3	0	2	7	1	3360	-1350	42	23027	3	2	45	0	0	0	0	0	0	0	0	0	0	0	0	0	0	
384.788167	8	6	3	0	2	7	1	3351	-1351	42	23087	3	2	47	0	0	0	0	0	0	0	0	0	0	0	0	0	0	
385.793283	8	6	3	0	2	7	1	3343	-1349	42	23147	3	2	48	0	0	0	0	0	0	0	0	0	0	0	0	0	0	
386.798400	8	6	3	0	2	7	1	3335	-1348	42	23208	3	2	50	0	0	0	0	0	0	0	0	0	0	0	0	0	0	
387.789117	8	6	3	0	2	7	1	3327	-1349	42	23267	3	2	52	0	0	0	0	0	0	0	0	0	0	0	0	0	0	
388.794233	8	6	3	0	2	7	1	3321	-1349	42	23327	3	2	53	0	0	0	0	0	0	0	0	0	0	0	0	0	0	
389.799367	8	6	3	0	2	7	1	3313	-1350	42	23388	3	2	55	0	0	0	0	0	0	0	0	0	0	0	0	0	0	
390.785767	8	6	3	0	2	7	1	3307	-1349	42	23447	3	2	57	0	0	0	0	0	0	0	0	0	0	0	0	0	0	
391.790883	8	6	3	0	2	7	1	3300	-1350	42	23507	3	2	58	0	0	0	0	0	0	0	0	0	0	0	0	0	0	
392.797433	8	6	3	0	2	7	1	3294	-1349	42	23568	3	2	60	0	0	0	0	0	0	0	0	0	0	0	0	0	0	
393.783833	8	6	3	0	2	7	1	3287	-1350	42	23627	3	2	61	0	0	0	0	0	0	0	0	0	0	0	0	0	0	
394.788967	8	6	3	0	2	7	1	3281	-1350	42	23687	3	2	63	0	0	0	0	0	0	0	0	0	0	0	0	0	0	
395.794083	8	6	3	0	2	7	1	3274	-1348	42	23747	3	2	65	0	0	0	0	0	0	0	0	0	0	0	0	0	0	
396.799200	8	6	3	0	2	7	1	3267	-1350	42	23808	3	2	66	0	0	0	0	0	0	0	0	0	0	0	0	0	0	
397.788483	8	6	3	0	2	7	1	3259	-1350	42	23867	3	2	68	0	0	0	0	0	0	0	0	0	0	0	0	0	0	
398.793600	8	6	3	0	2	7	1	3251	-1350	42	23927	3	2	70	0	0	0	0	0	0	0	0	0	0	0	0	0	0	
399.798717	8	6	3	0	2	7	1	3243	-1351	42	23988	3	2	71	0	0	0	0	0	0	0	0	0	0	0	0	0	0	
400.785117	8	6	3	0	2	7	1	3233	-1350	42	24047	3	2	73	0	0	0	0	0	0	0	0	0	0	0	0	0	0	
401.790233	8	6	3	0	2	7	1	3222	-1350	42	24107	3	2	75	0	0	0	0	0	0	0	0	0	0	0	0	0	0	
402.795367	8	6	3	0	2	7	1	3209	-1350	42	24167	3	2	76	0	0	0	0	0	0	0	0	0	0	0	0	0	0	
403.781767	8	6	3	0	2	7	1	3194	-1349	42	24227	3	2	78	0	0	0	0	0	0	0	0	0	0	0	0	0	0	
404.788317	8	6	3	0	2	7	1	3175	-1350	42	24287	3	2	80	0	0	0	0	0	0	0	0	0	0	0	0	0	0	
405.793433	8	6	3	0	2	7	1	3151	-1350	42	24347	3	2	81	0	0	0	0	0	0	0	0	0	0	0	0	0	0	
406.798567	8	6	3	0	2	7	1	3120	-1350	42	24408	3	2	83	0	0	0	0	0	0	0	0	0	0	0	0	0	0	
407.784967	8	6	3	0	2	7	1	3070	-1349	42	24467	3	2	85	0	0	0	0	0	0	0	0	0	0	0	0	0	0	
408.790083	8	6	3	0	2	7	1	2970	-1350	42	24527	3	2	86	0	0	0	0	0	0	0	0	0	0	0	0	0	0	
409.796633	8	6	3	0	2	7	1	2750	-1350	42	24587	3	2	88	0	0	0	0	0	0	0	0	0	0	0	0	0	0	
409.991033	8	15	3	0	1	31	2	3224	440	42	24599	5	2	88	0	0	0	0	0	0	0	0	0	0	0	0	0	0	
410.012633	8	3	3	0	1	2	2	3314	677	42	24600	5	2	88	0	0	0	0	0	0	0	0	0	0	0	0	0	0	
410.785917	8	3	3	0	1	2	2	3541	674	42	24647	5	2	88	0	0	0	0	0	0	0	0	0	0	0	0	0	0	
411.791033	8	3	3	0	1	2	2	3657	674	42	24707	5	2	88	0	0	0	0	0	0	0	0	0	0	0	0	0	0	
412.796167	8	3	3	0	1	2	2	3731	675	42	24767	5	2	88	0	0	0	0	0	0	0	0	0	0	0	0	0	0	
413.784000	8	3	3	0	1	2	2	3787	675	42	24827	5	2	88	0	0	0	0	0	0	0	0	0	0	0	0	0	0	
414.789117	8	3	3	0	1	2	2	3834	675	42	24887	5	2	88	0	0	0	0	0	0	0	0	0	0	0	0	0	0	
415.794233	8	3	3	0	1	2	2	3868	675	42	24947	5	2	88	0	0	0	0	0	0	0	0	0	0	0	0	0	0	
416.799367	8	3	3	0	1	2	2	3887	674	42	25008	5	2	88	0	0	0	0	0	0	0	0	0	0	0	0	0	0	
417.785767	8	3	3	0	1	2	2	3895	674	42	25067	5	2	88	0	0	0	0	0	0	0	0	0	0	0	0	0	0	
418.790883	8	3	3	0	1	2	2	3902	675	42	25127	5	2	88	0	0	0	0	0	0	0	0	0	0	0	0	0	0	
419.797433	8	3	3	0	1	2	2	3907	675	42	25187	5	2	88	0	0	0	0	0	0	0	0	0	0	0	0	0	0	
420.783833	8	3	3	0	1	2	2	3912	675	42	25247	5	2	88	0	0	0	0	0	0	0	0	0	0	0	0	0	0	
421.788967	8	3	3	0	1	2	2	3916	674	42	25307	5	2	88	0	0	0	0	0	0	0	0	0	0	0	0	0	0	
422.794083	8	3	3	0	1	2	2	3920	673	42	25367	5	2	88	0	0	0	0	0	0	0	0	0	0	0	0	0	0	
423.799200	8	3	3	0	1	2	2	3925	675	42	25428	5	2	88	0	0	0	0	0	0	0	0	0	0	0	0	0	0	
424.787033	8	3	3	0	1	2	2	3930	675	42	25487	5	2	88	0	0	0	0	0	0	0	0	0	0	0	0	0	0	
425.792167	8	3	3	0	1	2	2	3935	675	42	25547	5	2	88	0	0	0	0	0	0	0	0	0	0	0	0	0	0	
426.797283	8	3	3	0	1	2	2	3941	674	42	25607	5	2	88	0	0	0	0	0	0	0	0	0	0	0	0	0	0	
427.802400	8	3	3	0	1	2	2	3947	675	42	25668	5	2	88	0	0	0	0	0	0	0	0	0	0	0	0	0	0	
428.788800	8	3	3	0	1	2	2	3952	675	42	25727	5	2	88	0	0	0	0	0	0	0	0	0	0	0	0	0	0	
429.795367	8	3	3	0	1	2	2	3958	673	42	25787	5	2	88	0	0	0	0	0	0	0	0	0	0	0	0	0	0	
430.800483	8	3	3	0	1	2	2	3964	674	42	25848	5	2	88	0	0	0	0	0	0	0	0	0	0	0	0	0	0	
431.786883	8	3	3	0	1	2	2	3970	675	42	25907	5	2	88	0	0	0	0	0	0	0	0	0	0	0	0	0	0	
432.792000	8	3	3	0	1	2	2	3976	675	42	25967	5	2	88	0	0	0	0	0	0	0	0	0	0	0	0	0	0	
433.797117	8	3	3	0	1	2	2	3981	675	42	26027	5	2	88	0	0	0	0	0	0	0	0	0	0	0	0	0	0	
434.803683	8	3	3	0	1	2	2	3986	674	42	26088	5	2	88	0	0	0	0	0	0	0	0	0	0	0	0	0	0	
435.790083	8	3	3	0	1	2	2	3990	675	42	26147	5	2	88	0	0	0	0	0	0	0	0	0	0	0	0	0	0	
436.795200	8	3	3	0	1	2	2	3994	673	42	26207	5	2	88	0	0	0	0	0	0	0	0	0	0	0	0	0	0	
437.800317	8	3	3	0	1	2	2	3998	674	42	26268	5	2	88	0	0	0	0	0	0	0	0	0	0	0	0	0	0	
438.786717	8	3	3	0	1	2	2	4001	674	42	26327	5	2	88	0	0	0	0	0	0	0	0	0	0	0	0	0	0	
439.791833	8	3	3	0	1	2	2	4005	675	42	26387	5	2	88	0	0	0	0	0	0	0	0	0	0	0	0	0	0	
440.798400	8	3	3	0	1	2	2	4008	675	42	26447	5	2	88	0	0	0	0	0	0	0	0	0	0	0	0	0	0	
441.803517	8	3	3	0	1	2	2	4011	676	42	26508	5	2	88	0	0	0	0	0	0	0	0	0	0	0	0	0	0	
442.789917	8	3	3	0	1	2	2	4014	674	42	26567	5	2	88	0	0	0	0	0	0	0	0	0	0	0	0	0	0	
443.795033	8	3	3	0	1	2	2	4016	674	42	26627	5	2	88	0	0	0	0	0	0	0	0	0	0	0	0	0	0	
444.800167	8	3	3	0	1	2	2	4019	675	42	26688	5	2	88	0	0	0	0	0	0	0	0	0	0	0	0	0	0	
445.788000	8	3	3	0	1	2	2	4022	674	42	26747	5	2	88	0	0	0	0	0	0	0	0	0	0	0	0	0	0	
446.793117	8	3	3	0	1	2	2	4025	674	42	26807	5	2	88	0	0	0	0	0	0	0	0	0	0	0	0	0	0	
447.798233	8	3	3	0	1	2	2	4028	675	42	26867	5	2	88	0	0	0	0	0	0	0	0	0	0	0	0	0	0	
448.803367	8	3	3	0	1	2	2	4031	674	42	26928	5	2	88	0	0	0	0	0	0	0	0	0	0	0	0	0	0	
449.789767	8	3	3	0	1	2	2	4034	674	42	26987	5	2	88	0	0	0	0	0	0	0	0	0	0	0	0	0	0	
450.794883	8	3	3	0	1	2	2	4038	675	42	27047	5	2	88	0	0	0	0	0	0	0	0	0	0	0	0	0	0	
451.801433	8	3	3	0	1	2	2	4041	674	42	27107	5	2	88	0	0	0	0	0	0	0	0	0	0	0	0	0	0	
452.787833	8	3	3	0	1	2	2	4044	674	42	27167	5	2	88	0	0	0	0	0	0	0	0	0	0	0	0	0	0	
453.792967	8	3	3	0	1	2	2	4048	674	42	27227	5	2	88	0	0	0	0	0	0	0	0	0	0	0	0	0	0	
454.798083	8	3	3	0	1	2	2	4051	674	42	27287	5	2	88	0	0	0	0	0	0	0	0	0	0	0	0	0	0	
455.803200	8	3	3	0	1	2	2	4055	675	42	27348	5	2	88	0	0	0	0	0	0	0	0	0	0	0	0	0	0	
456.789600	8	3	3	0	1	2	2	4058	675	42	27407	5	2	88	0	0	0	0	0	0	0	0	0	0	0	0	0	0	
457.796167	8	3	3	0	1	2	2	4061	675	42	27467	5	2	88	0	0	0	0	0	0	0	0	0	0	0	0	0	0	
458.801283	8	3	3	0	1	2	2	4065	674	42	27527	5	2	88	0	0	0	0	0	0	0	0	0	0	0	0	0	0	
459.787683	8	3	3	0	1	2	2	4069	675	42	27587	5	2	88	0	0	0	0	0	0	0	0	0	0	0	0	0	0	
460.792800	8	3	3	0	1	2	2	4073	675	42	27647	5	2	88	0	0	0	0	0	0	0	0	0	0	0	0	0	0	
461.797917	8	3	3	0	1	2	2	4076	674	42	27707	5	2	88	0	0	0	0	0	0	0	0	0	0	0	0	0	0	
462.804483	8	3	3	0	1	2	2	4080	674	42	27768	5	2	88	0	0	0	0	0	0	0	0	0	0	0	0	0	0	
463.790883	8	3	3	0	1	2	2	4084	672	42	27827	5	2	88	0	0	0	0	0	0	0	0	0	0	0	0	0	0	
464.796000	8	3	3	0	1	2	2	4088	674	42	27887	5	2	88	0	0	0	0	0	0	0	0	0	0	0	0	0	0	
465.801117	8	3	3	0	1	2	2	4093	675	42	27947	5	2	88	0	0	0	0	0	0	0	0	0	0	0	0	0	0	
466.787517	8	3	3	0	1	2	2	4097	675	42	28007	5	2	88	0	0	0	0	0	0	0	0	0	0	0	0	0	0	
467.794083	8	3	3	0	1	2	2	4100	674	42	28067	5	2	88	0	0	0	0	0	0	0	0	0	0	0	0	0	0	
468.799200	8	3	3	0	1	2	2	4105	675	42	28127	5	2	88	0	0	0	0	0	0	0	0	0	0	0	0	0	0	
469.804317	8	3	3	0	1	2	2	4109	674	42	28188	5	2	88	0	0	0	0	0	0	0	0	0	0	0	0	0	0	
470.790717	8	3	3	0	1	2	2	4114	674	42	28247	5	2	88	0	0	0	0	0	0	0	0	0	0	0	0	0	0	
471.795833	8	3	3	0	1	2	2	4118	675	42	28307	5	2	88	0	0	0	0	0	0	0	0	0	0	0	0	0	0	
472.802400	8	3	3	0	1	2	2	4119	664	42	28367	5	2	88	0	0	0	0	0	0	0	0	0	0	0	0	0	0	
473.788800	8	3	3	0	1	2	2	4124	662	42	28427	5	2	88	0	0	0	0	0	0	0	0	0	0	0	0	0	0	
474.793917	8	3	3	0	1	2	2	4128	661	42	28487	5	2	88	0	0	0	0	0	0	0	0	0	0	0	0	0	0	
475.799033	8	3	3	0	1	2	2	4133	663	42	28547	5	2	88	0	0	0	0	0	0	0	0	0	0	0	0	0	0	
476.804167	8	3	3	0	1	2	2	4138	662	42	28608	5	2	88	0	0	0	0	0	0	0	0	0	0	0	0	0	0	
477.790567	8	3	3	0	1	2	2	4142	660	42	28667	5	2	88	0	0	0	0	0	0	0	0	0	0	0	0	0	0	
478.797117	8	3	3	0	1	2	2	4147	660	42	28727	5	2	88	0	0	0	0	0	0	0	0	0	0	0	0	0	0	
479.802233	8	3	3	0	1	2	2	4152	658	42	28787	5	2	88	0	0	0	0	0	0	0	0	0	0	0	0	0	0	
480.788633	8	3	3	0	1	2	2	4157	657	42	28847	5	2	88	0	0	0	0	0	0	0	0	0	0	0	0	0	0	
481.793767	8	3	3	0	1	2	2	4162	657	42	28907	5	2	88	0	0	0	0	0	0	0	0	0	0	0	0	0	0	
482.798883	8	3	3	0	1	2	2	4167	657	42	28967	5	2	88	0	0	0	0	0	0	0	0	0	0	0	0	0	0	
483.805433	8	3	3	0	1	2	2	4173	655	42	29028	5	2	88	0	0	0	0	0	0	0	0	0	0	0	0	0	0	
484.791833	8	3	3	0	1	2	2	4178	654	42	29087	5	2	88	0	0	0	0	0	0	0	0	0	0	0	0	0	0	
485.796967	8	3	3	0	1	2	2	4183	653	42	29147	5	2	88	0	0	0	0	0	0	0	0	0	0	0	0	0	0	
486.802083	8	3	3	0	1	2	2	4188	652	42	29207	5	2	88	0	0	0	0	0	0	0	0	0	0	0	0	0	0	
487.807200	8	3	3	0	1	2	2	4194	651	42	29268	5	2	88	0	0	0	0	0	0	0	0	0	0	0	0	0	0	
488.797917	8	3	3	0	1	2	2	4199	648	42	29327	5	2	88	0	0	0	0	0	0	0	0	0	0	0	0	0	0	
489.803033	8	3	3	0	1	2	2	4199	629	42	29387	5	2	88	0	0	0	0	0	0	0	0	0	0	0	0	0	0	
490.789433	8	3	3	0	1	2	2	4198	612	42	29447	5	2	88	0	0	0	0	0	0	0	0	0	0	0	0	0	0	
491.794567	8	3	3	0	1	2	2	4198	596	42	29507	5	2	88	0	0	0	0	0	0	0	0	0	0	0	0	0	0	
492.801117	8	3	3	0	1	2	2	4199	580	42	29567	5	2	88	0	0	0	0	0	0	0	0	0	0	0	0	0	0	
493.806233	8	3	3	0	1	2	2	4198	564	42	29628	5	2	88	0	0	0	0	0	0	0	0	0	0	0	0	0	0	
494.792633	8	3	3	0	1	2	2	4198	547	42	29687	5	2	88	0	0	0	0	0	0	0	0	0	0	0	0	0	0	
495.797767	8	3	3	0	1	2	2	4199	531	42	29747	5	2	88	0	0	0	0	0	0	0	0	0	0	0	0	0	0	
496.802883	8	3	3	0	1	2	2	4199	516	42	29807	5	2	88	0	0	0	0	0	0	0	0	0	0	0	0	0	0	
497.789283	8	3	3	0	1	2	2	4198	501	42	29867	5	2	88	0	0	0	0	0	0	0	0	0	0	0	0	0	0	
498.795833	8	3	3	0	1	2	2	4199	485	42	29927	5	2	88	0	0	0	0	0	0	0	0	0	0	0	0	0	0	
499.800967	8	3	3	0	1	2	2	4198	469	42	29987	5	2	88	0	0	0	0	0	0	0	0	0	0	0	0	0	0	
500.806083	8	3	3	0	1	2	2	4198	455	42	30048	5	2	88	0	0	0	0	0	0	0	0	0	0	0	0	0	0	
501.792483	8	3	3	0	1	2	2	4198	440	42	30107	5	2	88	0	0	0	0	0	0	0	0	0	0	0	0	0	0	
502.797600	8	3	3	0	1	2	2	4199	427	42	30167	5	2	88	0	0	0	0	0	0	0	0	0	0	0	0	0	0	
503.804167	8	3	3	0	1	2	2	4199	414	42	30227	5	2	88	0	0	0	0	0	0	0	0	0	0	0	0	0	0	
504.790567	8	3	3	0	1	2	2	4198	401	42	30287	5	2	88	0	0	0	0	0	0	0	0	0	0	0	0	0	0	
505.797117	8	3	3	0	1	2	2	4198	389	42	30347	5	2	88	0	0	0	0	0	0	0	0	0	0	0	0	0	0	
506.802233	8	3	3	0	1	2	2	4199	378	42	30407	5	2	88	0	0	0	0	0	0	0	0	0	0	0	0	0	0	
507.808800	8	3	3	0	1	2	2	4199	368	42	30468	5	2	88	0	0	0	0	0	0	0	0	0	0	0	0	0	0	
508.795200	8	3	3	0	1	2	2	4199	358	42	30527	5	2	88	0	0	0	0	0	0	0	0	0	0	0	0	0	0	
509.800317	8	3	3	0	1	2	2	4198	347	42	30587	5	2	88	0	0	0	0	0	0	0	0	0	0	0	0	0	0	
510.805433	8	3	3	0	1	2	2	4199	336	42	30647	5	2	88	0	0	0	0	0	0	0	0	0	0	0	0	0	0	
511.791833	8	3	3	0	1	2	2	4198	326	42	30707	5	2	88	0	0	0	0	0	0	0	0	0	0	0	0	0	0	
512.796967	8	3	3	0	1	2	2	4199	316	42	30767	5	2	88	0	0	0	0	0	0	0	0	0	0	0	0	0	0	
513.802083	8	3	3	0	1	2	2	4199	307	42	30827	5	2	88	0	0	0	0	0	0	0	0	0	0	0	0	0	0	
514.808633	8	3	3	0	1	2	2	4199	298	42	30888	5	2	88	0	0	0	0	0	0	0	0	0	0	0	0	0	0	
515.795033	8	3	3	0	1	2	2	4199	289	42	30947	5	2	88	0	0	0	0	0	0	0	0	0	0	0	0	0	0	
516.800167	8	3	3	0	1	2	2	4199	280	42	31007	5	2	88	0	0	0	0	0	0	0	0	0	0	0	0	0	0	
517.805283	8	3	3	0	1	2	2	4199	272	42	31067	5	2	88	0	0	0	0	0	0	0	0	0	0	0	0	0	0	
518.791683	8	3	3	0	1	2	2	4198	265	42	31127	5	2	88	0	0	0	0	0	0	0	0	0	0	0	0	0	0	
519.798233	8	3	3	0	1	2	2	4198	257	42	31187	5	2	88	0	0	0	0	0	0	0	0	0	0	0	0	0	0	
520.803367	8	3	3	0	1	2	2	4198	248	42	31247	5	2	88	0	0	0	0	0	0	0	0	0	0	0	0	0	0	
521.808483	8	3	3	0	1	2	2	4199	240	42	31308	5	2	88	0	0	0	0	0	0	0	0	0	0	0	0	0	0	
522.794883	8	3	3	0	1	2	2	4199	234	42	31367	5	2	88	0	0	0	0	0	0	0	0	0	0	0	0	0	0	
523.800000	8	3	3	0	1	2	2	4199	226	42	31427	5	2	88	0	0	0	0	0	0	0	0	0	0	0	0	0	0	
524.805117	8	3	3	0	1	2	2	4199	218	42	31487	5	2	88	0	0	0	0	0	0	0	0	0	0	0	0	0	0	
525.791517	8	3	3	0	1	2	2	4199	212	42	31547	5	2	88	0	0	0	0	0	0	0	0	0	0	0	0	0	0	
526.798083	8	3	3	0	1	2	2	4199	205	42	31607	5	2	88	0	0	0	0	0	0	0	0	0	0	0	0	0	0	
527.803200	8	3	3	0	1	2	2	4198	200	42	31667	5	2	88	0	0	0	0	0	0	0	0	0	0	0	0	0	0	
528.808317	8	3	3	0	1	2	2	4199	195	42	31728	5	2	88	0	0	0	0	0	0	0	0	0	0	0	0	0	0	
529.794717	8	3	3	0	1	2	2	4199	188	42	31787	5	2	88	0	0	0	0	0	0	0	0	0	0	0	0	0	0	
530.799833	8	3	3	0	1	2	2	4199	181	42	31847	5	2	88	0	0	0	0	0	0	0	0	0	0	0	0	0	0	
531.804967	8	3	3	0	1	2	2	4199	177	42	31907	5	2	88	0	0	0	0	0	0	0	0	0	0	0	0	0	0	
532.811517	8	3	3	0	1	2	2	4199	173	42	31968	5	2	88	0	0	0	0	0	0	0	0	0	0	0	0	0	0	
533.797917	8	3	3	0	1	2	2	4198	167	42	32027	5	2	88	0	0	0	0	0	0	0	0	0	0	0	0	0	0	
534.803033	8	3	3	0	1	2	2	4198	161	42	32087	5	2	88	0	0	0	0	0	0	0	0	0	0	0	0	0	0	
535.808167	8	3	3	0	1	2	2	4199	157	42	32148	5	2	88	0	0	0	0	0	0	0	0	0	0	0	0	0	0	
536.794567	8	3	3	0	1	2	2	4199	152	42	32207	5	2	88	0	0	0	0	0	0	0	0	0	0	0	0	0	0	
537.801117	8	3	3	0	1	2	2	4199	147	42	32267	5	2	88	0	0	0	0	0	0	0	0	0	0	0	0	0	0	
538.806233	8	3	3	0	1	2	2	4199	143	42	32327	5	2	88	0	0	0	0	0	0	0	0	0	0	0	0	0	0	
539.811367	8	3	3	0	1	2	2	4199	139	42	32388	5	2	88	0	0	0	0	0	0	0	0	0	0	0	0	0	0	
540.797767	8	3	3	0	1	2	2	4199	135	42	32447	5	2	88	0	0	0	0	0	0	0	0	0	0	0	0	0	0	
541.802883	8	3	3	0	1	2	2	4199	131	42	32507	5	2	88	0	0	0	0	0	0	0	0	0	0	0	0	0	0	
542.808000	8	3	3	0	1	2	2	4199	127	42	32568	5	2	88	0	0	0	0	0	0	0	0	0	0	0	0	0	0	
543.794400	8	3	3	0	1	2	2	4198	123	42	32627	5	2	88	0	0	0	0	0	0	0	0	0	0	0	0	0	0	
544.800967	8	3	3	0	1	2	2	4198	118	42	32687	5	2	88	0	0	0	0	0	0	0	0	0	0	0	0	0	0	
545.806083	8	3	3	0	1	2	2	4198	116	42	32747	5	2	88	0	0	0	0	0	0	0	0	0	0	0	0	0	0	
546.811200	8	3	3	0	1	2	2	4199	111	42	32808	5	2	88	0	0	0	0	0	0	0	0	0	0	0	0	0	0	
547.797600	8	3	3	0	1	2	2	4198	109	42	32867	5	2	88	0	0	0	0	0	0	0	0	0	0	0	0	0	0	
548.802717	8	3	3	0	1	2	2	4199	105	42	32927	5	2	88	0	0	0	0	0	0	0	0	0	0	0	0	0	0	
549.809283	8	3	3	0	1	2	2	4198	102	42	32987	5	2	88	0	0	0	0	0	0	0	0	0	0	0	0	0	0	
550.795683	8	3	3	0	1	2	2	4198	99	42	33047	5	2	88	0	0	0	0	0	0	0	0	0	0	0	0	0	0	
551.800800	8	3	3	0	1	2	2	4198	96	42	33107	5	2	88	0	0	0	0	0	0	0	0	0	0	0	0	0	0	
552.805917	8	3	3	0	1	2	2	4198	92	42	33167	5	2	88	0	0	0	0	0	0	0	0	0	0	0	0	0	0	
553.811033	8	3	3	0	1	2	2	4199	90	42	33228	5	2	88	0	0	0	0	0	0	0	0	0	0	0	0	0	0	
554.797433	8	3	3	0	1	2	2	4199	88	42	33287	5	2	88	0	0	0	0	0	0	0	0	0	0	0	0	0	0	
555.802567	8	3	3	0	1	2	2	4199	85	42	33347	5	2	88	0	0	0	0	0	0	0	0	0	0	0	0	0	0	
556.809117	8	3	3	0	1	2	2	4199	83	42	33407	5	2	88	0	0	0	0	0	0	0	0	0	0	0	0	0	0	
557.795517	8	3	3	0	1	2	2	4199	80	42	33467	5	2	88	0	0	0	0	0	0	0	0	0	0	0	0	0	0	
558.800633	8	3	3	0	1	2	2	4199	78	42	33527	5	2	88	0	0	0	0	0	0	0	0	0	0	0	0	0	0	
559.805767	8	3	3	0	1	2	2	4199	76	42	33587	5	2	88	0	0	0	0	0	0	0	0	0	0	0	0	0	0	
560.812317	8	3	3	0	1	2	2	4198	73	42	33648	5	2	88	0	0	0	0	0	0	0	0	0	0	0	0	0	0	
561.797283	8	3	3	0	1	2	2	4198	71	42	33707	5	2	88	0	0	0	0	0	0	0	0	0	0	0	0	0	0	
562.803833	8	3	3	0	1	2	2	4198	70	42	33767	5	2	88	0	0	0	0	0	0	0	0	0	0	0	0	0	0	
563.639033	8	6	3	0	2	7	1	3719	-1349	42	33817	5	3	0	0	0	0	0	0	0	0	0	0	0	0	0	0	0	
563.810400	8	6	3	0	2	7	1	3699	-1349	42	33828	5	3	0	0	0	0	0	0	0	0	0	0	0	0	0	0	0	
564.796800	8	6	3	0	2	7	1	3662	-1350	42	33887	5	3	1	0	0	0	0	0	0	0	0	0	0	0	0	0	0	
565.801917	8	6	3	0	2	7	1	3649	-1349	42	33947	5	3	3	0	0	0	0	0	0	0	0	0	0	0	0	0	0	
566.808483	8	6	3	0	2	7	1	3638	-1350	42	34007	5	3	5	0	0	0	0	0	0	0	0	0	0	0	0	0	0	
567.813600	8	6	3	0	2	7	1	3621	-1349	42	34068	5	3	6	0	0	0	0	0	0	0	0	0	0	0	0	0	0	
568.800000	8	6	3	0	2	7	1	3603	-1350	42	34127	5	3	8	0	0	0	0	0	0	0	0	0	0	0	0	0	0	
569.805117	8	6	3	0	2	7	1	3590	-1348	42	34187	5	3	10	0	0	0	0	0	0	0	0	0	0	0	0	0	0	
570.810233	8	6	3	0	2	7	1	3578	-1350	42	34248	5	3	11	0	0	0	0	0	0	0	0	0	0	0	0	0	0	
571.796633	8	6	3	0	2	7	1	3567	-1349	42	34307	5	3	13	0	0	0	0	0	0	0	0	0	0	0	0	0	0	
572.803200	8	6	3	0	2	7	1	3553	-1349	42	34367	5	3	15	0	0	0	0	0	0	0	0	0	0	0	0	0	0	
573.808317	8	6	3	0	2	7	1	3541	-1349	42	34427	5	3	16	0	0	0	0	0	0	0	0	0	0	0	0	0	0	
574.813433	8	6	3	0	2	7	1	3526	-1349	42	34488	5	3	18	0	0	0	0	0	0	0	0	0	0	0	0	0	0	
575.799833	8	6	3	0	2	7	1	3514	-1349	42	34547	5	3	20	0	0	0	0	0	0	0	0	0	0	0	0	0	0	
576.806400	8	6	3	0	2	7	1	3501	-1349	42	34607	5	3	21	0	0	0	0	0	0	0	0	0	0	0	0	0	0	
577.811517	8	6	3	0	2	7	1	3488	-1349	42	34668	5	3	23	0	0	0	0	0	0	0	0	0	0	0	0	0	0	
578.797917	8	6	3	0	2	7	1	3476	-1350	42	34727	5	3	25	0	0	0	0	0	0	0	0	0	0	0	0	0	0	
579.803033	8	6	3	0	2	7	1	3464	-1350	42	34787	5	3	26	0	0	0	0	0	0	0	0	0	0	0	0	0	0	
580.808167	8	6	3	0	2	7	1	3451	-1349	42	34847	5	3	28	0	0	0	0	0	0	0	0	0	0	0	0	0	0	
581.813283	8	6	3	0	2	7	1	3438	-1349	42	34908	5	3	30	0	0	0	0	0	0	0	0	0	0	0	0	0	0	
582.801117	8	6	3	0	2	7	1	3426	-1348	42	34967	5	3	31	0	0	0	0	0	0	0	0	0	0	0	0	0	0	
583.806233	8	6	3	0	2	7	1	3414	-1351	42	35027	5	3	33	0	0	0	0	0	0	0	0	0	0	0	0	0	0	
584.814233	8	6	3	0	2	7	1	3403	-1348	42	35088	5	3	35	0	0	0	0	0	0	0	0	0	0	0	0	0	0	
585.800633	8	6	3	0	2	7	1	3392	-1351	42	35147	5	3	36	0	0	0	0	0	0	0	0	0	0	0	0	0	0	
586.807200	8	6	3	0	2	7	1	3381	-1351	42	35207	5	3	38	0	0	0	0	0	0	0	0	0	0	0	0	0	0	
587.812317	8	6	3	0	2	7	1	3370	-1350	42	35268	5	3	39	0	0	0	0	0	0	0	0	0	0	0	0	0	0	
588.798717	8	6	3	0	2	7	1	3360	-1348	42	35327	5	3	41	0	0	0	0	0	0	0	0	0	0	0	0	0	0	
589.803833	8	6	3	0	2	7	1	3351	-1350	42	35387	5	3	43	0	0	0	0	0	0	0	0	0	0	0	0	0	0	
590.808967	8	6	3	0	2	7	1	3343	-1349	42	35447	5	3	44	0	0	0	0	0	0	0	0	0	0	0	0	0	0	
591.815517	8	6	3	0	2	7	1	3334	-1350	42	35508	5	3	46	0	0	0	0	0	0	0	0	0	0	0	0	0	0	
592.801917	8	6	3	0	2	7	1	3326	-1350	42	35567	5	3	48	0	0	0	0	0	0	0	0	0	0	0	0	0	0	
593.807033	8	6	3	0	2	7	1	3317	-1350	42	35627	5	3	49	0	0	0	0	0	0	0	0	0	0	0	0	0	0	
594.812167	8	6	3	0	2	7	1	3311	-1348	42	35687	5	3	51	0	0	0	0	0	0	0	0	0	0	0	0	0	0	
595.798567	8	6	3	0	2	7	1	3304	-1351	42	35747	5	3	53	0	0	0	0	0	0	0	0	0	0	0	0	0	0	
596.803683	8	6	3	0	2	7	1	3297	-1349	42	35807	5	3	54	0	0	0	0	0	0	0	0	0	0	0	0	0	0	
597.808800	8	6	3	0	2	7	1	3288	-1350	42	35867	5	3	56	0	0	0	0	0	0	0	0	0	0	0	0	0	0	
598.815367	8	6	3	0	2	7	1	3281	-1350	42	35928	5	3	58	0	0	0	0	0	0	0	0	0	0	0	0	0	0	
599.801767	8	6	3	0	2	7	1	3274	-1350	42	35987	5	3	59	0	0	0	0	0	0	0	0	0	0	0	0	0	0	
600.806883	8	6	3	0	2	7	1	3266	-1350	42	36047	5	3	61	0	0	0	0	0	0	0	0	0	0	0	0	0	0	
601.812000	8	6	3	0	2	7	1	3258	-1348	42	36107	5	3	63	0	0	0	0	0	0	0	0	0	0	0	0	0	0	
602.798400	8	6	3	0	2	7	1	3251	-1349	42	36167	5	3	64	0	0	0	0	0	0	0	0	0	0	0	0	0	0	
603.804967	8	6	3	0	2	7	1	3243	-1350	42	36227	5	3	66	0	0	0	0	0	0	0	0	0	0	0	0	0	0	
604.810083	8	6	3	0	2	7	1	3236	-1350	42	36287	5	3	68	0	0	0	0	0	0	0	0	0	0	0	0	0	0	
605.815200	8	6	3	0	2	7	1	3230	-1351	42	36348	5	3	69	0	0	0	0	0	0	0	0	0	0	0	0	0	0	
606.801600	8	6	3	0	2	7	1	3222	-1349	42	36407	5	3	71	0	0	0	0	0	0	0	0	0	0	0	0	0	0	
607.806717	8	6	3	0	2	7	1	3213	-1349	42	36467	5	3	72	0	0	0	0	0	0	0	0	0	0	0	0	0	0	
608.813283	8	6	3	0	2	7	1	3202	-1350	42	36527	5	3	74	0	0	0	0	0	0	0	0	0	0	0	0	0	0	
609.799683	8	6	3	0	2	7	1	3190	-1350	42	36587	5	3	76	0	0	0	0	0	0	0	0	0	0	0	0	0	0	
610.804800	8	6	3	0	2	7	1	3175	-1350	42	36647	5	3	77	0	0	0	0	0	0	0	0	0	0	0	0	0	0	
611.809917	8	6	3	0	2	7	1	3157	-1349	42	36707	5	3	79	0	0	0	0	0	0	0	0	0	0	0	0	0	0	
612.815033	8	6	3	0	2	7	1	3135	-1349	42	36768	5	3	81	0	0	0	0	0	0	0	0	0	0	0	0	0	0	
613.801433	8	6	3	0	2	7	1	3106	-1351	42	36827	5	3	82	0	0	0	0	0	0	0	0	0	0	0	0	0	0	
614.808000	8	6	3	0	2	7	1	3060	-1350	42	36887	5	3	84	0	0	0	0	0	0	0	0	0	0	0	0	0	0	
615.813117	8	6	3	0	2	7	1	2973	-1350	42	36947	5	3	86	0	0	0	0	0	0	0	0	0	0	0	0	0	0	
616.799517	8	6	3	0	2	7	1	2797	-1350	42	37007	5	3	87	0	0	0	0	0	0	0	0	0	0	0	0	0	0	
617.145117	8	15	3	0	1	31	2	2795	6	42	37027	6	3	88	0	0	0	0	0	0	0	0	0	0	0	0	0	0	
617.166717	8	3	3	0	1	2	2	3319	655	42	37029	7	3	88	0	0	0	0	0	0	0	0	0	0	0	0	0	0	
617.807517	8	3	3	0	1	2	2	3535	674	42	37067	7	3	88	0	0	0	0	0	0	0	0	0	0	0	0	0	0	
618.814083	8	3	3	0	1	2	2	3658	674	42	37127	7	3	88	0	0	0	0	0	0	0	0	0	0	0	0	0	0	
619.800483	8	3	3	0	1	2	2	3732	676	42	37187	7	3	88	0	0	0	0	0	0	0	0	0	0	0	0	0	0	
620.805600	8	3	3	0	1	2	2	3787	674	42	37247	7	3	88	0	0	0	0	0	0	0	0	0	0	0	0	0	0	
621.810717	8	3	3	0	1	2	2	3831	675	42	37307	7	3	88	0	0	0	0	0	0	0	0	0	0	0	0	0	0	
622.815833	8	3	3	0	1	2	2	3866	674	42	37368	7	3	88	0	0	0	0	0	0	0	0	0	0	0	0	0	0	
623.803683	8	3	3	0	1	2	2	3887	675	42	37427	7	3	88	0	0	0	0	0	0	0	0	0	0	0	0	0	0	
624.808800	8	3	3	0	1	2	2	3897	675	42	37487	7	3	88	0	0	0	0	0	0	0	0	0	0	0	0	0	0	
625.813917	8	3	3	0	1	2	2	3903	674	42	37547	7	3	88	0	0	0	0	0	0	0	0	0	0	0	0	0	0	
626.801767	8	3	3	0	1	2	2	3909	674	42	37607	7	3	88	0	0	0	0	0	0	0	0	0	0	0	0	0	0	
627.806883	8	3	3	0	1	2	2	3915	675	42	37667	7	3	88	0	0	0	0	0	0	0	0	0	0	0	0	0	0	
628.813433	8	3	3	0	1	2	2	3919	674	42	37727	7	3	88	0	0	0	0	0	0	0	0	0	0	0	0	0	0	
629.818567	8	3	3	0	1	2	2	3924	674	42	37788	7	3	88	0	0	0	0	0	0	0	0	0	0	0	0	0	0	
630.804967	8	3	3	0	1	2	2	3929	674	42	37847	7	3	88	0	0	0	0	0	0	0	0	0	0	0	0	0	0	
631.810083	8	3	3	0	1	2	2	3934	674	42	37907	7	3	88	0	0	0	0	0	0	0	0	0	0	0	0	0	0	
632.815200	8	3	3	0	1	2	2	3941	675	42	37968	7	3	88	0	0	0	0	0	0	0	0	0	0	0	0	0	0	
633.801600	8	3	3	0	1	2	2	3946	675	42	38027	7	3	88	0	0	0	0	0	0	0	0	0	0	0	0	0	0	
634.806717	8	3	3	0	1	2	2	3953	676	42	38087	7	3	88	0	0	0	0	0	0	0	0	0	0	0	0	0	0	
635.813283	8	3	3	0	1	2	2	3958	673	42	38147	7	3	88	0	0	0	0	0	0	0	0	0	0	0	0	0	0	
636.818400	8	3	3	0	1	2	2	3964	675	42	38208	7	3	88	0	0	0	0	0	0	0	0	0	0	0	0	0	0	
637.804800	8	3	3	0	1	2	2	3970	674	42	38267	7	3	88	0	0	0	0	0	0	0	0	0	0	0	0	0	0	
638.809917	8	3	3	0	1	2	2	3976	675	42	38327	7	3	88	0	0	0	0	0	0	0	0	0	0	0	0	0	0	
639.816483	8	3	3	0	1	2	2	3981	674	42	38388	7	3	88	0	0	0	0	0	0	0	0	0	0	0	0	0	0	
640.802883	8	3	3	0	1	2	2	3986	674	42	38447	7	3	88	0	0	0	0	0	0	0	0	0	0	0	0	0	0	
641.808000	8	3	3	0	1	2	2	3992	675	42	38507	7	3	88	0	0	0	0	0	0	0	0	0	0	0	0	0	0	
642.813117	8	3	3	0	1	2	2	3996	674	42	38567	7	3	88	0	0	0	0	0	0	0	0	0	0	0	0	0	0	
643.818233	8	3	3	0	1	2	2	4000	674	42	38628	7	3	88	0	0	0	0	0	0	0	0	0	0	0	0	0	0	
644.804633	8	3	3	0	1	2	2	4004	675	42	38687	7	3	88	0	0	0	0	0	0	0	0	0	0	0	0	0	0	
645.811200	8	3	3	0	1	2	2	4007	675	42	38747	7	3	88	0	0	0	0	0	0	0	0	0	0	0	0	0	0	
646.816317	8	3	3	0	1	2	2	4010	674	42	38807	7	3	88	0	0	0	0	0	0	0	0	0	0	0	0	0	0	
647.802717	8	3	3	0	1	2	2	4013	673	42	38867	7	3	88	0	0	0	0	0	0	0	0	0	0	0	0	0	0	
648.807833	8	3	3	0	1	2	2	4017	675	42	38927	7	3	88	0	0	0	0	0	0	0	0	0	0	0	0	0	0	
649.812967	8	3	3	0	1	2	2	4020	674	42	38987	7	3	88	0	0	0	0	0	0	0	0	0	0	0	0	0	0	
650.819517	8	3	3	0	1	2	2	4022	673	42	39048	7	3	88	0	0	0	0	0	0	0	0	0	0	0	0	0	0	
651.805917	8	3	3	0	1	2	2	4025	675	42	39107	7	3	88	0	0	0	0	0	0	0	0	0	0	0	0	0	0	
652.811033	8	3	3	0	1	2	2	4028	675	42	39167	7	3	88	0	0	0	0	0	0	0	0	0	0	0	0	0	0	
653.816167	8	3	3	0	1	2	2	4031	674	42	39227	7	3	88	0	0	0	0	0	0	0	0	0	0	0	0	0	0	
654.802567	8	3	3	0	1	2	2	4034	675	42	39287	7	3	88	0	0	0	0	0	0	0	0	0	0	0	0	0	0	
655.807683	8	3	3	0	1	2	2	4037	673	42	39347	7	3	88	0	0	0	0	0	0	0	0	0	0	0	0	0	0	
656.814233	8	3	3	0	1	2	2	4041	676	42	39407	7	3	88	0	0	0	0	0	0	0	0	0	0	0	0	0	0	
657.819367	8	3	3	0	1	2	2	4043	674	42	39468	7	3	88	0	0	0	0	0	0	0	0	0	0	0	0	0	0	
658.805767	8	3	3	0	1	2	2	4047	675	42	39527	7	3	88	0	0	0	0	0	0	0	0	0	0	0	0	0	0	
659.810883	8	3	3	0	1	2	2	4049	674	42	39587	7	3	88	0	0	0	0	0	0	0	0	0	0	0	0	0	0	
660.816000	8	3	3	0	1	2	2	4053	674	42	39647	7	3	88	0	0	0	0	0	0	0	0	0	0	0	0	0	0	
661.802400	8	3	3	0	1	2	2	4056	674	42	39707	7	3	88	0	0	0	0	0	0	0	0	0	0	0	0	0	0	
662.808967	8	3	3	0	1	2	2	4059	674	42	39767	7	3	88	0	0	0	0	0	0	0	0	0	0	0	0	0	0	
663.814083	8	3	3	0	1	2	2	4063	673	42	39827	7	3	88	0	0	0	0	0	0	0	0	0	0	0	0	0	0	
664.819200	8	3	3	0	1	2	2	4066	674	42	39888	7	3	88	0	0	0	0	0	0	0	0	0	0	0	0	0	0	
665.805600	8	3	3	0	1	2	2	4070	675	42	39947	7	3	88	0	0	0	0	0	0	0	0	0	0	0	0	0	0	
666.810717	8	3	3	0	1	2	2	4074	673	42	40007	7	3	88	0	0	0	0	0	0	0	0	0	0	0	0	0	0	
667.815833	8	3	3	0	1	2	2	4077	676	42	40067	7	3	88	0	0	0	0	0	0	0	0	0	0	0	0	0	0	
668.822400	8	3	3	0	1	2	2	4081	674	42	40128	7	3	88	0	0	0	0	0	0	0	0	0	0	0	0	0	0	
669.808800	8	3	3	0	1	2	2	4085	675	42	40187	7	3	88	0	0	0	0	0	0	0	0	0	0	0	0	0	0	
670.813917	8	3	3	0	1	2	2	4089	674	42	40247	7	3	88	0	0	0	0	0	0	0	0	0	0	0	0	0	0	
671.819033	8	3	3	0	1	2	2	4094	674	42	40308	7	3	88	0	0	0	0	0	0	0	0	0	0	0	0	0	0	
672.805433	8	3	3	0	1	2	2	4097	672	42	40367	7	3	88	0	0	0	0	0	0	0	0	0	0	0	0	0	0	
673.810567	8	3	3	0	1	2	2	4102	674	42	40427	7	3	88	0	0	0	0	0	0	0	0	0	0	0	0	0	0	
674.817117	8	3	3	0	1	2	2	4106	675	42	40487	7	3	88	0	0	0	0	0	0	0	0	0	0	0	0	0	0	
675.822233	8	3	3	0	1	2	2	4110	674	42	40548	7	3	88	0	0	0	0	0	0	0	0	0	0	0	0	0	0	
676.808633	8	3	3	0	1	2	2	4115	675	42	40607	7	3	88	0	0	0	0	0	0	0	0	0	0	0	0	0	0	
677.813767	8	3	3	0	1	2	2	4116	665	42	40667	7	3	88	0	0	0	0	0	0	0	0	0	0	0	0	0	0	
678.818883	8	3	3	0	1	2	2	4120	664	42	40728	7	3	88	0	0	0	0	0	0	0	0	0	0	0	0	0	0	
679.805283	8	3	3	0	1	2	2	4124	663	42	40787	7	3	88	0	0	0	0	0	0	0	0	0	0	0	0	0	0	
680.811833	8	3	3	0	1	2	2	4128	662	42	40847	7	3	88	0	0	0	0	0	0	0	0	0	0	0	0	0	0	
681.816967	8	3	3	0	1	2	2	4133	661	42	40907	7	3	88	0	0	0	0	0	0	0	0	0	0	0	0	0	0	
682.822083	8	3	3	0	1	2	2	4137	659	42	40968	7	3	88	0	0	0	0	0	0	0	0	0	0	0	0	0	0	
683.808483	8	3	3	0	1	2	2	4142	658	42	41027	7	3	88	0	0	0	0	0	0	0	0	0	0	0	0	0	0	
684.813600	8	3	3	0	1	2	2	4147	660	42	41087	7	3	88	0	0	0	0	0	0	0	0	0	0	0	0	0	0	
685.818717	8	3	3	0	1	2	2	4152	659	42	41148	7	3	88	0	0	0	0	0	0	0	0	0	0	0	0	0	0	
686.806567	8	3	3	0	1	2	2	4157	658	42	41207	7	3	88	0	0	0	0	0	0	0	0	0	0	0	0	0	0	
687.811683	8	3	3	0	1	2	2	4161	656	42	41267	7	3	88	0	0	0	0	0	0	0	0	0	0	0	0	0	0	
688.816800	8	3	3	0	1	2	2	4167	657	42	41327	7	3	88	0	0	0	0	0	0	0	0	0	0	0	0	0	0	
689.821917	8	3	3	0	1	2	2	4172	654	42	41388	7	3	88	0	0	0	0	0	0	0	0	0	0	0	0	0	0	
690.808317	8	3	3	0	1	2	2	4177	653	42	41447	7	3	88	0	0	0	0	0	0	0	0	0	0	0	0	0	0	
691.814883	8	3	3	0	1	2	2	4182	652	42	41507	7	3	88	0	0	0	0	0	0	0	0	0	0	0	0	0	0	
692.820000	8	3	3	0	1	2	2	4187	652	42	41567	7	3	88	0	0	0	0	0	0	0	0	0	0	0	0	0	0	
693.806400	8	3	3	0	1	2	2	4193	651	42	41627	7	3	88	0	0	0	0	0	0	0	0	0	0	0	0	0	0	
694.811517	8	3	3	0	1	2	2	4198	649	42	41687	7	3	88	0	0	0	0	0	0	0	0	0	0	0	0	0	0	
695.816633	8	3	3	0	1	2	2	4199	632	42	41747	7	3	88	0	0	0	0	0	0	0	0	0	0	0	0	0	0	
696.823200	8	3	3	0	1	2	2	4198	615	42	41808	7	3	88	0	0	0	0	0	0	0	0	0	0	0	0	0	0	
697.809600	8	3	3	0	1	2	2	4198	598	42	41867	7	3	88	0	0	0	0	0	0	0	0	0	0	0	0	0	0	
698.814717	8	3	3	0	1	2	2	4198	581	42	41927	7	3	88	0	0	0	0	0	0	0	0	0	0	0	0	0	0	
699.819833	8	3	3	0	1	2	2	4198	566	42	41987	7	3	88	0	0	0	0	0	0	0	0	0	0	0	0	0	0	
700.806233	8	3	3	0	1	2	2	4198	551	42	42047	7	3	88	0	0	0	0	0	0	0	0	0	0	0	0	0	0	
701.812800	8	3	3	0	1	2	2	4199	534	42	42107	7	3	88	0	0	0	0	0	0	0	0	0	0	0	0	0	0	
702.819367	8	3	3	0	1	2	2	4199	518	42	42167	7	3	88	0	0	0	0	0	0	0	0	0	0	0	0	0	0	
703.824483	8	3	3	0	1	2	2	4199	503	42	42228	7	3	88	0	0	0	0	0	0	0	0	0	0	0	0	0	0	
704.810883	8	3	3	0	1	2	2	4199	490	42	42287	7	3	88	0	0	0	0	0	0	0	0	0	0	0	0	0	0	
705.816000	8	3	3	0	1	2	2	4199	478	42	42347	7	3	88	0	0	0	0	0	0	0	0	0	0	0	0	0	0	
706.821117	8	3	3	0	1	2	2	4198	464	42	42408	7	3	88	0	0	0	0	0	0	0	0	0	0	0	0	0	0	
707.808967	8	3	3	0	1	2	2	4199	452	42	42467	7	3	88	0	0	0	0	0	0	0	0	0	0	0	0	0	0	
708.814083	8	3	3	0	1	2	2	4199	438	42	42527	7	3	88	0	0	0	0	0	0	0	0	0	0	0	0	0	0	
709.819200	8	3	3	0	1	2	2	4199	426	42	42587	7	3	88	0	0	0	0	0	0	0	0	0	0	0	0	0	0	
710.824317	8	3	3	0	1	2	2	4199	413	42	42648	7	3	88	0	0	0	0	0	0	0	0	0	0	0	0	0	0	
711.810717	8	3	3	0	1	2	2	4199	401	42	42707	7	3	88	0	0	0	0	0	0	0	0	0	0	0	0	0	0	
712.817283	8	3	3	0	1	2	2	4199	390	42	42767	7	3	88	0	0	0	0	0	0	0	0	0	0	0	0	0	0	
713.822400	8	3	3	0	1	2	2	4199	379	42	42828	7	3	88	0	0	0	0	0	0	0	0	0	0	0	0	0	0	
714.808800	8	3	3	0	1	2	2	4198	368	42	42887	7	3	88	0	0	0	0	0	0	0	0	0	0	0	0	0	0	
715.813917	8	3	3	0	1	2	2	4199	358	42	42947	7	3	88	0	0	0	0	0	0	0	0	0	0	0	0	0	0	
716.820483	8	3	3	0	1	2	2	4199	347	42	43007	7	3	88	0	0	0	0	0	0	0	0	0	0	0	0	0	0	
717.825600	8	3	3	0	1	2	2	4199	338	42	43068	7	3	88	0	0	0	0	0	0	0	0	0	0	0	0	0	0	
718.814883	8	3	3	0	1	2	2	4199	328	42	43127	7	3	88	0	0	0	0	0	0	0	0	0	0	0	0	0	0	
719.821433	8	3	3	0	1	2	2	4199	319	42	43187	7	3	88	0	0	0	0	0	0	0	0	0	0	0	0	0	0	
720.807833	8	3	3	0	1	2	2	4198	310	42	43247	7	3	88	0	0	0	0	0	0	0	0	0	0	0	0	0	0	
721.812967	8	3	3	0	1	2	2	4199	301	42	43307	7	3	88	0	0	0	0	0	0	0	0	0	0	0	0	0	0	
722.818083	8	3	3	0	1	2	2	4198	292	42	43367	7	3	88	0	0	0	0	0	0	0	0	0	0	0	0	0	0	
723.823200	8	3	3	0	1	2	2	4199	283	42	43428	7	3	88	0	0	0	0	0	0	0	0	0	0	0	0	0	0	
724.809600	8	3	3	0	1	2	2	4199	275	42	43487	7	3	88	0	0	0	0	0	0	0	0	0	0	0	0	0	0	
725.816167	8	3	3	0	1	2	2	4199	267	42	43547	7	3	88	0	0	0	0	0	0	0	0	0	0	0	0	0	0	
726.821283	8	3	3	0	1	2	2	4199	260	42	43607	7	3	88	0	0	0	0	0	0	0	0	0	0	0	0	0	0	
727.826400	8	3	3	0	1	2	2	4199	252	42	43668	7	3	88	0	0	0	0	0	0	0	0	0	0	0	0	0	0	
728.812800	8	3	3	0	1	2	2	4199	244	42	43727	7	3	88	0	0	0	0	0	0	0	0	0	0	0	0	0	0	
729.817917	8	3	3	0	1	2	2	4199	238	42	43787	7	3	88	0	0	0	0	0	0	0	0	0	0	0	0	0	0	
730.824483	8	3	3	0	1	2	2	4199	230	42	43848	7	3	88	0	0	0	0	0	0	0	0	0	0	0	0	0	0	
731.810883	8	3	3	0	1	2	2	4199	223	42	43907	7	3	88	0	0	0	0	0	0	0	0	0	0	0	0	0	0	
732.816000	8	3	3	0	1	2	2	4199	217	42	43967	7	3	88	0	0	0	0	0	0	0	0	0	0	0	0	0	0	
733.821117	8	3	3	0	1	2	2	4199	209	42	44027	7	3	88	0	0	0	0	0	0	0	0	0	0	0	0	0	0	
734.826233	8	3	3	0	1	2	2	4199	204	42	44088	7	3	88	0	0	0	0	0	0	0	0	0	0	0	0	0	0	
735.812633	8	3	3	0	1	2	2	4198	197	42	44147	7	3	88	0	0	0	0	0	0	0	0	0	0	0	0	0	0	
736.819200	8	3	3	0	1	2	2	4199	192	42	44207	7	3	88	0	0	0	0	0	0	0	0	0	0	0	0	0	0	
737.824317	8	3	3	0	1	2	2	4198	185	42	44268	7	3	88	0	0	0	0	0	0	0	0	0	0	0	0	0	0	
738.810717	8	3	3	0	1	2	2	4199	179	42	44327	7	3	88	0	0	0	0	0	0	0	0	0	0	0	0	0	0	
739.815833	8	3	3	0	1	2	2	4198	173	42	44387	7	3	88	0	0	0	0	0	0	0	0	0	0	0	0	0	0	
740.820967	8	3	3	0	1	2	2	4199	170	42	44447	7	3	88	0	0	0	0	0	0	0	0	0	0	0	0	0	0	
741.827517	8	3	3	0	1	2	2	4199	164	42	44508	7	3	88	0	0	0	0	0	0	0	0	0	0	0	0	0	0	
742.813917	8	3	3	0	1	2	2	4199	158	42	44567	7	3	88	0	0	0	0	0	0	0	0	0	0	0	0	0	0	
743.819033	8	3	3	0	1	2	2	4199	153	42	44627	7	3	88	0	0	0	0	0	0	0	0	0	0	0	0	0	0	
744.824167	8	3	3	0	1	2	2	4199	148	42	44688	7	3	88	0	0	0	0	0	0	0	0	0	0	0	0	0	0	
745.810567	8	3	3	0	1	2	2	4199	144	42	44747	7	3	88	0	0	0	0	0	0	0	0	0	0	0	0	0	0	
746.815683	8	3	3	0	1	2	2	4199	139	42	44807	7	3	88	0	0	0	0	0	0	0	0	0	0	0	0	0	0	
747.822233	8	3	3	0	1	2	2	4199	135	42	44867	7	3	88	0	0	0	0	0	0	0	0	0	0	0	0	0	0	
748.827367	8	3	3	0	1	2	2	4199	131	42	44928	7	3	88	0	0	0	0	0	0	0	0	0	0	0	0	0	0	
749.813767	8	3	3	0	1	2	2	4199	127	42	44987	7	3	88	0	0	0	0	0	0	0	0	0	0	0	0	0	0	
750.818883	8	3	3	0	1	2	2	4199	123	42	45047	7	3	88	0	0	0	0	0	0	0	0	0	0	0	0	0	0	
751.824000	8	3	3	0	1	2	2	4199	120	42	45108	7	3	88	0	0	0	0	0	0	0	0	0	0	0	0	0	0	
752.811833	8	3	3	0	1	2	2	4198	116	42	45167	7	3	88	0	0	0	0	0	0	0	0	0	0	0	0	0	0	
753.816967	8	3	3	0	1	2	2	4199	113	42	45227	7	3	88	0	0	0	0	0	0	0	0	0	0	0	0	0	0	
754.822083	8	3	3	0	1	2	2	4199	108	42	45287	7	3	88	0	0	0	0	0	0	0	0	0	0	0	0	0	0	
755.827200	8	3	3	0	1	2	2	4199	106	42	45348	7	3	88	0	0	0	0	0	0	0	0	0	0	0	0	0	0	
756.813600	8	3	3	0	1	2	2	4199	102	42	45407	7	3	88	0	0	0	0	0	0	0	0	0	0	0	0	0	0	
757.818717	8	3	3	0	1	2	2	4199	99	42	45467	7	3	88	0	0	0	0	0	0	0	0	0	0	0	0	0	0	
758.825283	8	3	3	0	1	2	2	4199	96	42	45527	7	3	88	0	0	0	0	0	0	0	0	0	0	0	0	0	0	
759.811683	8	3	3	0	1	2	2	4199	94	42	45587	7	3	88	0	0	0	0	0	0	0	0	0	0	0	0	0	0	
760.816800	8	3	3	0	1	2	2	4199	90	42	45647	7	3	88	0	0	0	0	0	0	0	0	0	0	0	0	0	0	
761.821917	8	3	3	0	1	2	2	4198	87	42	45707	7	3	88	0	0	0	0	0	0	0	0	0	0	0	0	0	0	
762.827033	8	3	3	0	1	2	2	4198	85	42	45768	7	3	88	0	0	0	0	0	0	0	0	0	0	0	0	0	0	
763.814883	8	3	3	0	1	2	2	4198	81	42	45827	7	3	88	0	0	0	0	0	0	0	0	0	0	0	0	0	0	
764.820000	8	3	3	0	1	2	2	4199	80	42	45887	7	3	88	0	0	0	0	0	0	0	0	0	0	0	0	0	0	
765.825117	8	3	3	0	1	2	2	4199	77	42	45947	7	3	88	0	0	0	0	0	0	0	0	0	0	0	0	0	0	
766.811517	8	3	3	0	1	2	2	4198	75	42	46007	7	3	88	0	0	0	0	0	0	0	0	0	0	0	0	0	0	
767.816633	8	3	3	0	1	2	2	4199	73	42	46067	7	3	88	0	0	0	0	0	0	0	0	0	0	0	0	0	0	
768.823200	8	3	3	0	1	2	2	4198	71	42	46127	7	3	88	0	0	0	0	0	0	0	0	0	0	0	0	0	0	
769.828317	8	3	3	0	1	2	2	4199	68	42	46188	7	3	88	0	0	0	0	0	0	0	0	0	0	0	0	0	0	
770.532483	8	6	3	0	2	7	1	4107	-271	42	46230	7	4	0	0	0	0	0	0	0	0	0	0	0	0	0	0	0	
770.816167	8	6	3	0	2	7	1	3698	-1348	42	46247	7	4	0	0	0	0	0	0	0	0	0	0	0	0	0	0	0	
771.821283	8	6	3	0	2	7	1	3651	-1351	42	46307	7	4	2	0	0	0	0	0	0	0	0	0	0	0	0	0	0	
772.826400	8	6	3	0	2	7	1	3640	-1349	42	46368	7	4	3	0	0	0	0	0	0	0	0	0	0	0	0	0	0	
773.814233	8	6	3	0	2	7	1	3628	-1350	42	46427	7	4	5	0	0	0	0	0	0	0	0	0	0	0	0	0	0	
774.819367	8	6	3	0	2	7	1	3622	-1349	42	46487	7	4	7	0	0	0	0	0	0	0	0	0	0	0	0	0	0	
775.824483	8	6	3	0	2	7	1	3627	-1348	42	46547	7	4	8	0	0	0	0	0	0	0	0	0	0	0	0	0	0	
776.829600	8	6	3	0	2	7	1	3621	-1350	42	46608	7	4	10	0	0	0	0	0	0	0	0	0	0	0	0	0	0	
777.816000	8	6	3	0	2	7	1	3607	-1350	42	46667	7	4	12	0	0	0	0	0	0	0	0	0	0	0	0	0	0	
778.821117	8	6	3	0	2	7	1	3593	-1350	42	46727	7	4	13	0	0	0	0	0	0	0	0	0	0	0	0	0	0	
779.827683	8	6	3	0	2	7	1	3577	-1349	42	46788	7	4	15	0	0	0	0	0	0	0	0	0	0	0	0	0	0	
780.814083	8	6	3	0	2	7	1	3564	-1349	42	46847	7	4	17	0	0	0	0	0	0	0	0	0	0	0	0	0	0	
781.822083	8	6	3	0	2	7	1	3548	-1350	42	46907	7	4	18	0	0	0	0	0	0	0	0	0	0	0	0	0	0	
782.828633	8	6	3	0	2	7	1	3534	-1349	42	46968	7	4	20	0	0	0	0	0	0	0	0	0	0	0	0	0	0	
783.815033	8	6	3	0	2	7	1	3520	-1349	42	47027	7	4	21	0	0	0	0	0	0	0	0	0	0	0	0	0	0	
784.820167	8	6	3	0	2	7	1	3507	-1349	42	47087	7	4	23	0	0	0	0	0	0	0	0	0	0	0	0	0	0	
785.825283	8	6	3	0	2	7	1	3495	-1351	42	47147	7	4	25	0	0	0	0	0	0	0	0	0	0	0	0	0	0	
786.830400	8	6	3	0	2	7	1	3483	-1349	42	47208	7	4	26	0	0	0	0	0	0	0	0	0	0	0	0	0	0	
787.816800	8	6	3	0	2	7	1	3471	-1349	42	47267	7	4	28	0	0	0	0	0	0	0	0	0	0	0	0	0	0	
788.823367	8	6	3	0	2	7	1	3459	-1349	42	47327	7	4	30	0	0	0	0	0	0	0	0	0	0	0	0	0	0	
789.828483	8	6	3	0	2	7	1	3447	-1349	42	47388	7	4	31	0	0	0	0	0	0	0	0	0	0	0	0	0	0	
790.814883	8	6	3	0	2	7	1	3435	-1348	42	47447	7	4	33	0	0	0	0	0	0	0	0	0	0	0	0	0	0	
791.820000	8	6	3	0	2	7	1	3424	-1349	42	47507	7	4	35	0	0	0	0	0	0	0	0	0	0	0	0	0	0	
792.825117	8	6	3	0	2	7	1	3414	-1350	42	47567	7	4	36	0	0	0	0	0	0	0	0	0	0	0	0	0	0	
793.830233	8	6	3	0	2	7	1	3404	-1349	42	47628	7	4	38	0	0	0	0	0	0	0	0	0	0	0	0	0	0	
794.816633	8	6	3	0	2	7	1	3394	-1350	42	47687	7	4	40	0	0	0	0	0	0	0	0	0	0	0	0	0	0	
795.823200	8	6	3	0	2	7	1	3384	-1350	42	47747	7	4	41	0	0	0	0	0	0	0	0	0	0	0	0	0	0	
796.828317	8	6	3	0	2	7	1	3375	-1350	42	47808	7	4	43	0	0	0	0	0	0	0	0	0	0	0	0	0	0	
797.814717	8	6	3	0	2	7	1	3366	-1350	42	47867	7	4	44	0	0	0	0	0	0	0	0	0	0	0	0	0	0	
798.819833	8	6	3	0	2	7	1	3357	-1350	42	47927	7	4	46	0	0	0	0	0	0	0	0	0	0	0	0	0	0	
799.824967	8	6	3	0	2	7	1	3349	-1349	42	47987	7	4	48	0	0	0	0	0	0	0	0	0	0	0	0	0	0	
800.831517	8	6	3	0	2	7	1	3341	-1348	42	48048	7	4	49	0	0	0	0	0	0	0	0	0	0	0	0	0	0	
801.817917	8	6	3	0	2	7	1	3334	-1348	42	48107	7	4	51	0	0	0	0	0	0	0	0	0	0	0	0	0	0	
802.823033	8	6	3	0	2	7	1	3326	-1350	42	48167	7	4	53	0	0	0	0	0	0	0	0	0	0	0	0	0	0	
803.828167	8	6	3	0	2	7	1	3320	-1350	42	48227	7	4	54	0	0	0	0	0	0	0	0	0	0	0	0	0	0	
804.814567	8	6	3	0	2	7	1	3313	-1349	42	48287	7	4	56	0	0	0	0	0	0	0	0	0	0	0	0	0	0	
805.821117	8	6	3	0	2	7	1	3306	-1350	42	48347	7	4	58	0	0	0	0	0	0	0	0	0	0	0	0	0	0	
806.826233	8	6	3	0	2	7	1	3299	-1350	42	48407	7	4	59	0	0	0	0	0	0	0	0	0	0	0	0	0	0	
807.831367	8	6	3	0	2	7	1	3293	-1350	42	48468	7	4	61	0	0	0	0	0	0	0	0	0	0	0	0	0	0	
808.817767	8	6	3	0	2	7	1	3286	-1351	42	48527	7	4	63	0	0	0	0	0	0	0	0	0	0	0	0	0	0	
809.822883	8	6	3	0	2	7	1	3279	-1350	42	48587	7	4	64	0	0	0	0	0	0	0	0	0	0	0	0	0	0	
810.829433	8	6	3	0	2	7	1	3272	-1350	42	48647	7	4	66	0	0	0	0	0	0	0	0	0	0	0	0	0	0	
811.815833	8	6	3	0	2	7	1	3265	-1349	42	48707	7	4	68	0	0	0	0	0	0	0	0	0	0	0	0	0	0	
812.820967	8	6	3	0	2	7	1	3258	-1350	42	48767	7	4	69	0	0	0	0	0	0	0	0	0	0	0	0	0	0	
813.826083	8	6	3	0	2	7	1	3249	-1349	42	48827	7	4	71	0	0	0	0	0	0	0	0	0	0	0	0	0	0	
814.831200	8	6	3	0	2	7	1	3240	-1350	42	48888	7	4	72	0	0	0	0	0	0	0	0	0	0	0	0	0	0	
815.817600	8	6	3	0	2	7	1	3229	-1348	42	48947	7	4	74	0	0	0	0	0	0	0	0	0	0	0	0	0	0	
816.824167	8	6	3	0	2	7	1	3217	-1350	42	49007	7	4	76	0	0	0	0	0	0	0	0	0	0	0	0	0	0	
817.829283	8	6	3	0	2	7	1	3201	-1349	42	49067	7	4	77	0	0	0	0	0	0	0	0	0	0	0	0	0	0	
818.815683	8	6	3	0	2	7	1	3182	-1349	42	49127	7	4	79	0	0	0	0	0	0	0	0	0	0	0	0	0	0	
819.820800	8	6	3	0	2	7	1	3159	-1350	42	49187	7	4	81	0	0	0	0	0	0	0	0	0	0	0	0	0	0	
820.825917	8	6	3	0	2	7	1	3128	-1350	42	49247	7	4	82	0	0	0	0	0	0	0	0	0	0	0	0	0	0	
821.832483	8	6	3	0	2	7	1	3079	-1349	42	49308	7	4	84	0	0	0	0	0	0	0	0	0	0	0	0	0	0	
822.818883	8	6	3	0	2	7	1	2985	-1349	42	49367	7	4	86	0	0	0	0	0	0	0	0	0	0	0	0	0	0	
823.824000	8	6	3	0	2	7	1	2780	-1350	42	49427	7	4	87	0	0	0	0	0	0	0	0	0	0	0	0	0	0	
824.094717	8	15	3	0	1	31	2	3195	357	42	49443	9	4	88	0	0	0	0	0	0	0	0	0	0	0	0	0	0	
824.114883	8	3	3	0	1	2	2	3307	677	42	49445	9	4	88	0	0	0	0	0	0	0	0	0	0	0	0	0	0	
824.833433	8	3	3	0	1	2	2	3530	674	42	49488	9	4	88	0	0	0	0	0	0	0	0	0	0	0	0	0	0	
825.819833	8	3	3	0	1	2	2	3649	674	42	49547	9	4	88	0	0	0	0	0	0	0	0	0	0	0	0	0	0	
826.824967	8	3	3	0	1	2	2	3725	676	42	49607	9	4	88	0	0	0	0	0	0	0	0	0	0	0	0	0	0	
827.830083	8	3	3	0	1	2	2	3781	675	42	49667	9	4	88	0	0	0	0	0	0	0	0	0	0	0	0	0	0	
828.816483	8	3	3	0	1	2	2	3823	674	42	49727	9	4	88	0	0	0	0	0	0	0	0	0	0	0	0	0	0	
829.821600	8	3	3	0	1	2	2	3857	675	41	49787	9	4	88	0	0	0	0	0	0	0	0	0	0	0	0	0	0	
830.828167	8	3	3	0	1	2	2	3878	675	42	49847	9	4	88	0	0	0	0	0	0	0	0	0	0	0	0	0	0	
831.833283	8	3	3	0	1	2	2	3888	675	42	49908	9	4	88	0	0	0	0	0	0	0	0	0	0	0	0	0	0	
832.819683	8	3	3	0	1	2	2	3895	673	42	49967	9	4	88	0	0	0	0	0	0	0	0	0	0	0	0	0	0	
833.824800	8	3	3	0	1	2	2	3901	674	42	50027	9	4	88	0	0	0	0	0	0	0	0	0	0	0	0	0	0	
834.829917	8	3	3	0	1	2	2	3907	674	42	50087	9	4	88	0	0	0	0	0	0	0	0	0	0	0	0	0	0	
835.816317	8	3	3	0	1	2	2	3911	675	42	50147	9	4	88	0	0	0	0	0	0	0	0	0	0	0	0	0	0	
836.822883	8	3	3	0	1	2	2	3916	675	42	50207	9	4	88	0	0	0	0	0	0	0	0	0	0	0	0	0	0	
837.828000	8	3	3	0	1	2	2	3921	674	42	50267	9	4	88	0	0	0	0	0	0	0	0	0	0	0	0	0	0	
838.833117	8	3	3	0	1	2	2	3926	673	42	50328	9	4	88	0	0	0	0	0	0	0	0	0	0	0	0	0	0	
839.819517	8	3	3	0	1	2	2	3931	675	42	50387	9	4	88	0	0	0	0	0	0	0	0	0	0	0	0	0	0	
840.824633	8	3	3	0	1	2	2	3937	674	42	50447	9	4	88	0	0	0	0	0	0	0	0	0	0	0	0	0	0	
841.829767	8	3	3	0	1	2	2	3943	675	42	50507	9	4	88	0	0	0	0	0	0	0	0	0	0	0	0	0	0	
842.816167	8	3	3	0	1	2	2	3949	674	42	50567	9	4	88	0	0	0	0	0	0	0	0	0	0	0	0	0	0	
843.822717	8	3	3	0	1	2	2	3956	675	42	50627	9	4	88	0	0	0	0	0	0	0	0	0	0	0	0	0	0	
844.827833	8	3	3	0	1	2	2	3962	675	42	50687	9	4	88	0	0	0	0	0	0	0	0	0	0	0	0	0	0	
845.832967	8	3	3	0	1	2	2	3967	675	42	50748	9	4	88	0	0	0	0	0	0	0	0	0	0	0	0	0	0	
846.819367	8	3	3	0	1	2	2	3972	673	42	50807	9	4	88	0	0	0	0	0	0	0	0	0	0	0	0	0	0	
847.824483	8	3	3	0	1	2	2	3978	674	42	50867	9	4	88	0	0	0	0	0	0	0	0	0	0	0	0	0	0	
848.831033	8	3	3	0	1	2	2	3983	676	42	50927	9	4	88	0	0	0	0	0	0	0	0	0	0	0	0	0	0	
849.836167	8	3	3	0	1	2	2	3988	675	42	50988	9	4	88	0	0	0	0	0	0	0	0	0	0	0	0	0	0	
850.822567	8	3	3	0	1	2	2	3991	673	42	51047	9	4	88	0	0	0	0	0	0	0	0	0	0	0	0	0	0	
851.827683	8	3	3	0	1	2	2	3995	676	42	51107	9	4	88	0	0	0	0	0	0	0	0	0	0	0	0	0	0	
852.832800	8	3	3	0	1	2	2	3999	675	42	51168	9	4	88	0	0	0	0	0	0	0	0	0	0	0	0	0	0	
853.819200	8	3	3	0	1	2	2	4002	674	42	51227	9	4	88	0	0	0	0	0	0	0	0	0	0	0	0	0	0	
854.824317	8	3	3	0	1	2	2	4005	673	42	51287	9	4	88	0	0	0	0	0	0	0	0	0	0	0	0	0	0	
855.830883	8	3	3	0	1	2	2	4008	675	42	51347	9	4	88	0	0	0	0	0	0	0	0	0	0	0	0	0	0	
856.818717	8	3	3	0	1	2	2	4010	674	42	51407	9	4	88	0	0	0	0	0	0	0	0	0	0	0	0	0	0	
857.823833	8	3	3	0	1	2	2	4013	674	42	51467	9	4	88	0	0	0	0	0	0	0	0	0	0	0	0	0	0	
858.828967	8	3	3	0	1	2	2	4017	674	42	51527	9	4	88	0	0	0	0	0	0	0	0	0	0	0	0	0	0	
859.834083	8	3	3	0	1	2	2	4020	675	42	51588	9	4	88	0	0	0	0	0	0	0	0	0	0	0	0	0	0	
860.821917	8	3	3	0	1	2	2	4023	675	42	51647	9	4	88	0	0	0	0	0	0	0	0	0	0	0	0	0	0	
861.827033	8	3	3	0	1	2	2	4025	675	42	51707	9	4	88	0	0	0	0	0	0	0	0	0	0	0	0	0	0	
862.832167	8	3	3	0	1	2	2	4028	674	42	51767	9	4	88	0	0	0	0	0	0	0	0	0	0	0	0	0	0	
863.818567	8	3	3	0	1	2	2	4031	674	42	51827	9	4	88	0	0	0	0	0	0	0	0	0	0	0	0	0	0	
864.823683	8	3	3	0	1	2	2	4034	674	42	51887	9	4	88	0	0	0	0	0	0	0	0	0	0	0	0	0	0	
865.830233	8	3	3	0	1	2	2	4037	673	42	51947	9	4	88	0	0	0	0	0	0	0	0	0	0	0	0	0	0	
866.835367	8	3	3	0	1	2	2	4041	674	42	52008	9	4	88	0	0	0	0	0	0	0	0	0	0	0	0	0	0	
867.821767	8	3	3	0	1	2	2	4044	676	42	52067	9	4	88	0	0	0	0	0	0	0	0	0	0	0	0	0	0	
868.826883	8	3	3	0	1	2	2	4047	674	42	52127	9	4	88	0	0	0	0	0	0	0	0	0	0	0	0	0	0	
869.832000	8	3	3	0	1	2	2	4050	674	42	52187	9	4	88	0	0	0	0	0	0	0	0	0	0	0	0	0	0	
870.819833	8	3	3	0	1	2	2	4054	674	42	52247	9	4	88	0	0	0	0	0	0	0	0	0	0	0	0	0	0	
871.824967	8	3	3	0	1	2	2	4057	674	42	52307	9	4	88	0	0	0	0	0	0	0	0	0	0	0	0	0	0	
872.830083	8	3	3	0	1	2	2	4061	675	42	52367	9	4	88	0	0	0	0	0	0	0	0	0	0	0	0	0	0	
873.835200	8	3	3	0	1	2	2	4065	675	42	52428	9	4	88	0	0	0	0	0	0	0	0	0	0	0	0	0	0	
874.821600	8	3	3	0	1	2	2	4068	674	42	52487	9	4	88	0	0	0	0	0	0	0	0	0	0	0	0	0	0	
875.826717	8	3	3	0	1	2	2	4072	675	42	52547	9	4	88	0	0	0	0	0	0	0	0	0	0	0	0	0	0	
876.833283	8	3	3	0	1	2	2	4076	675	42	52607	9	4	88	0	0	0	0	0	0	0	0	0	0	0	0	0	0	
877.838400	8	3	3	0	1	2	2	4080	674	42	52668	9	4	88	0	0	0	0	0	0	0	0	0	0	0	0	0	0	
878.824800	8	3	3	0	1	2	2	4084	675	42	52727	9	4	88	0	0	0	0	0	0	0	0	0	0	0	0	0	0	
879.829917	8	3	3	0	1	2	2	4088	675	42	52787	9	4	88	0	0	0	0	0	0	0	0	0	0	0	0	0	0	
880.835033	8	3	3	0	1	2	2	4092	674	42	52848	9	4	88	0	0	0	0	0	0	0	0	0	0	0	0	0	0	
881.821433	8	3	3	0	1	2	2	4097	675	42	52907	9	4	88	0	0	0	0	0	0	0	0	0	0	0	0	0	0	
882.828000	8	3	3	0	1	2	2	4101	675	42	52967	9	4	88	0	0	0	0	0	0	0	0	0	0	0	0	0	0	
883.833117	8	3	3	0	1	2	2	4105	674	42	53027	9	4	88	0	0	0	0	0	0	0	0	0	0	0	0	0	0	
884.838233	8	3	3	0	1	2	2	4110	675	42	53088	9	4	88	0	0	0	0	0	0	0	0	0	0	0	0	0	0	
885.824633	8	3	3	0	1	2	2	4115	676	42	53147	9	4	88	0	0	0	0	0	0	0	0	0	0	0	0	0	0	
886.829767	8	3	3	0	1	2	2	4119	675	42	53207	9	4	88	0	0	0	0	0	0	0	0	0	0	0	0	0	0	
887.836317	8	3	3	0	1	2	2	4120	664	42	53268	9	4	88	0	0	0	0	0	0	0	0	0	0	0	0	0	0	
888.822717	8	3	3	0	1	2	2	4124	662	42	53327	9	4	88	0	0	0	0	0	0	0	0	0	0	0	0	0	0	
889.827833	8	3	3	0	1	2	2	4128	661	42	53387	9	4	88	0	0	0	0	0	0	0	0	0	0	0	0	0	0	
890.832967	8	3	3	0	1	2	2	4133	660	42	53447	9	4	88	0	0	0	0	0	0	0	0	0	0	0	0	0	0	
891.838083	8	3	3	0	1	2	2	4138	660	42	53508	9	4	88	0	0	0	0	0	0	0	0	0	0	0	0	0	0	
892.824483	8	3	3	0	1	2	2	4143	660	42	53567	9	4	88	0	0	0	0	0	0	0	0	0	0	0	0	0	0	
893.831033	8	3	3	0	1	2	2	4147	657	42	53627	9	4	88	0	0	0	0	0	0	0	0	0	0	0	0	0	0	
894.836167	8	3	3	0	1	2	2	4152	657	42	53687	9	4	88	0	0	0	0	0	0	0	0	0	0	0	0	0	0	
895.822567	8	3	3	0	1	2	2	4157	657	42	53747	9	4	88	0	0	0	0	0	0	0	0	0	0	0	0	0	0	
896.827683	8	3	3	0	1	2	2	4162	656	42	53807	9	4	88	0	0	0	0	0	0	0	0	0	0	0	0	0	0	
897.835683	8	3	3	0	1	2	2	4167	653	42	53867	9	4	88	0	0	0	0	0	0	0	0	0	0	0	0	0	0	
898.822083	8	3	3	0	1	2	2	4172	653	42	53927	9	4	88	0	0	0	0	0	0	0	0	0	0	0	0	0	0	
899.827200	8	3	3	0	1	2	2	4177	650	42	53987	9	4	88	0	0	0	0	0	0	0	0	0	0	0	0	0	0	
900.832317	8	3	3	0	1	2	2	4183	650	42	54047	9	4	88	0	0	0	0	0	0	0	0	0	0	0	0	0	0	
901.837433	8	3	3	0	1	2	2	4188	649	42	54108	9	4	88	0	0	0	0	0	0	0	0	0	0	0	0	0	0	
902.823833	8	3	3	0	1	2	2	4194	647	42	54167	9	4	88	0	0	0	0	0	0	0	0	0	0	0	0	0	0	
903.828967	8	3	3	0	1	2	2	4199	645	42	54227	9	4	88	0	0	0	0	0	0	0	0	0	0	0	0	0	0	
904.834083	8	3	3	0	1	2	2	4199	626	42	54287	9	4	88	0	0	0	0	0	0	0	0	0	0	0	0	0	0	
905.840633	8	3	3	0	1	2	2	4199	609	42	54348	9	4	88	0	0	0	0	0	0	0	0	0	0	0	0	0	0	
906.827033	8	3	3	0	1	2	2	4198	592	42	54407	9	4	88	0	0	0	0	0	0	0	0	0	0	0	0	0	0	
907.832167	8	3	3	0	1	2	2	4199	575	42	54467	9	4	88	0	0	0	0	0	0	0	0	0	0	0	0	0	0	
908.837283	8	3	3	0	1	2	2	4199	559	42	54528	9	4	88	0	0	0	0	0	0	0	0	0	0	0	0	0	0	
909.823683	8	3	3	0	1	2	2	4199	542	42	54587	9	4	88	0	0	0	0	0	0	0	0	0	0	0	0	0	0	
910.828800	8	3	3	0	1	2	2	4198	524	42	54647	9	4	88	0	0	0	0	0	0	0	0	0	0	0	0	0	0	
911.835367	8	3	3	0	1	2	2	4199	507	42	54707	9	4	88	0	0	0	0	0	0	0	0	0	0	0	0	0	0	
912.840483	8	3	3	0	1	2	2	4198	491	42	54768	9	4	88	0	0	0	0	0	0	0	0	0	0	0	0	0	0	
913.826883	8	3	3	0	1	2	2	4199	476	42	54827	9	4	88	0	0	0	0	0	0	0	0	0	0	0	0	0	0	
914.832000	8	3	3	0	1	2	2	4199	461	42	54887	9	4	88	0	0	0	0	0	0	0	0	0	0	0	0	0	0	
915.837117	8	3	3	0	1	2	2	4199	447	42	54948	9	4	88	0	0	0	0	0	0	0	0	0	0	0	0	0	0	
916.823517	8	3	3	0	1	2	2	4199	433	42	55007	9	4	88	0	0	0	0	0	0	0	0	0	0	0	0	0	0	
917.828633	8	3	3	0	1	2	2	4199	419	42	55067	9	4	88	0	0	0	0	0	0	0	0	0	0	0	0	0	0	
918.835200	8	3	3	0	1	2	2	4199	406	42	55127	9	4	88	0	0	0	0	0	0	0	0	0	0	0	0	0	0	
919.840317	8	3	3	0	1	2	2	4199	393	42	55188	9	4	88	0	0	0	0	0	0	0	0	0	0	0	0	0	0	
920.826717	8	3	3	0	1	2	2	4199	382	42	55247	9	4	88	0	0	0	0	0	0	0	0	0	0	0	0	0	0	
921.831833	8	3	3	0	1	2	2	4199	370	42	55307	9	4	88	0	0	0	0	0	0	0	0	0	0	0	0	0	0	
922.836967	8	3	3	0	1	2	2	4199	358	42	55367	9	4	88	0	0	0	0	0	0	0	0	0	0	0	0	0	0	
923.824800	8	3	3	0	1	2	2	4199	347	42	55427	9	4	88	0	0	0	0	0	0	0	0	0	0	0	0	0	0	
924.829917	8	3	3	0	1	2	2	4198	336	42	55487	9	4	88	0	0	0	0	0	0	0	0	0	0	0	0	0	0	
925.835033	8	3	3	0	1	2	2	4199	326	42	55547	9	4	88	0	0	0	0	0	0	0	0	0	0	0	0	0	0	
926.840167	8	3	3	0	1	2	2	4199	314	42	55608	9	4	88	0	0	0	0	0	0	0	0	0	0	0	0	0	0	
927.826567	8	3	3	0	1	2	2	4199	305	42	55667	9	4	88	0	0	0	0	0	0	0	0	0	0	0	0	0	0	
928.833117	8	3	3	0	1	2	2	4199	296	42	55727	9	4	88	0	0	0	0	0	0	0	0	0	0	0	0	0	0	
929.838233	8	3	3	0	1	2	2	4199	287	42	55787	9	4	88	0	0	0	0	0	0	0	0	0	0	0	0	0	0	
930.824633	8	3	3	0	1	2	2	4198	278	42	55847	9	4	88	0	0	0	0	0	0	0	0	0	0	0	0	0	0	
931.829767	8	3	3	0	1	2	2	4199	271	42	55907	9	4	88	0	0	0	0	0	0	0	0	0	0	0	0	0	0	
932.834883	8	3	3	0	1	2	2	4199	261	42	55967	9	4	88	0	0	0	0	0	0	0	0	0	0	0	0	0	0	
933.840000	8	3	3	0	1	2	2	4199	253	42	56028	9	4	88	0	0	0	0	0	0	0	0	0	0	0	0	0	0	
934.826400	8	3	3	0	1	2	2	4199	247	42	56087	9	4	88	0	0	0	0	0	0	0	0	0	0	0	0	0	0	
935.832967	8	3	3	0	1	2	2	4199	238	42	56147	9	4	88	0	0	0	0	0	0	0	0	0	0	0	0	0	0	
936.838083	8	3	3	0	1	2	2	4199	231	42	56207	9	4	88	0	0	0	0	0	0	0	0	0	0	0	0	0	0	
937.843200	8	3	3	0	1	2	2	4199	224	42	56268	9	4	88	0	0	0	0	0	0	0	0	0	0	0	0	0	0	
938.829600	8	3	3	0	1	2	2	4198	217	42	56327	9	4	88	0	0	0	0	0	0	0	0	0	0	0	0	0	0	
939.834717	8	3	3	0	1	2	2	4199	210	42	56387	9	4	88	0	0	0	0	0	0	0	0	0	0	0	0	0	0	
940.839833	8	3	3	0	1	2	2	4198	203	42	56448	9	4	88	0	0	0	0	0	0	0	0	0	0	0	0	0	0	
941.827683	8	3	3	0	1	2	2	4199	197	42	56507	9	4	88	0	0	0	0	0	0	0	0	0	0	0	0	0	0	
942.832800	8	3	3	0	1	2	2	4199	190	42	56567	9	4	88	0	0	0	0	0	0	0	0	0	0	0	0	0	0	
943.837917	8	3	3	0	1	2	2	4199	185	42	56627	9	4	88	0	0	0	0	0	0	0	0	0	0	0	0	0	0	
944.843033	8	3	3	0	1	2	2	4198	179	42	56688	9	4	88	0	0	0	0	0	0	0	0	0	0	0	0	0	0	
945.829433	8	3	3	0	1	2	2	4199	174	42	56747	9	4	88	0	0	0	0	0	0	0	0	0	0	0	0	0	0	
946.836000	8	3	3	0	1	2	2	4199	168	42	56807	9	4	88	0	0	0	0	0	0	0	0	0	0	0	0	0	0	
947.825283	8	3	3	0	1	2	2	4199	162	42	56867	9	4	88	0	0	0	0	0	0	0	0	0	0	0	0	0	0	
948.830400	8	3	3	0	1	2	2	4198	157	42	56927	9	4	88	0	0	0	0	0	0	0	0	0	0	0	0	0	0	
949.835517	8	3	3	0	1	2	2	4199	153	42	56987	9	4	88	0	0	0	0	0	0	0	0	0	0	0	0	0	0	
950.842083	8	3	3	0	1	2	2	4199	148	42	57048	9	4	88	0	0	0	0	0	0	0	0	0	0	0	0	0	0	
951.828483	8	3	3	0	1	2	2	4199	143	42	57107	9	4	88	0	0	0	0	0	0	0	0	0	0	0	0	0	0	
952.833600	8	3	3	0	1	2	2	4199	138	42	57167	9	4	88	0	0	0	0	0	0	0	0	0	0	0	0	0	0	
953.838717	8	3	3	0	1	2	2	4198	134	42	57227	9	4	88	0	0	0	0	0	0	0	0	0	0	0	0	0	0	
954.843833	8	3	3	0	1	2	2	4199	131	42	57288	9	4	88	0	0	0	0	0	0	0	0	0	0	0	0	0	0	
955.830233	8	3	3	0	1	2	2	4198	127	42	57347	9	4	88	0	0	0	0	0	0	0	0	0	0	0	0	0	0	
956.835367	8	3	3	0	1	2	2	4199	123	42	57407	9	4	88	0	0	0	0	0	0	0	0	0	0	0	0	0	0	
957.841917	8	3	3	0	1	2	2	4199	118	42	57468	9	4	88	0	0	0	0	0	0	0	0	0	0	0	0	0	0	
958.828317	8	3	3	0	1	2	2	4199	115	42	57527	9	4	88	0	0	0	0	0	0	0	0	0	0	0	0	0	0	
959.833433	8	3	3	0	1	2	2	4198	111	42	57587	9	4	88	0	0	0	0	0	0	0	0	0	0	0	0	0	0	
960.838567	8	3	3	0	1	2	2	4198	107	42	57647	9	4	88	0	0	0	0	0	0	0	0	0	0	0	0	0	0	
961.843683	8	3	3	0	1	2	2	4199	104	42	57708	9	4	88	0	0	0	0	0	0	0	0	0	0	0	0	0	0	
962.830083	8	3	3	0	1	2	2	4199	101	42	57767	9	4	88	0	0	0	0	0	0	0	0	0	0	0	0	0	0	
963.836633	8	3	3	0	1	2	2	4199	99	42	57827	9	4	88	0	0	0	0	0	0	0	0	0	0	0	0	0	0	
964.841767	8	3	3	0	1	2	2	4199	95	42	57888	9	4	88	0	0	0	0	0	0	0	0	0	0	0	0	0	0	
965.828167	8	3	3	0	1	2	2	4199	92	42	57947	9	4	88	0	0	0	0	0	0	0	0	0	0	0	0	0	0	
966.833283	8	3	3	0	1	2	2	4199	89	42	58007	9	4	88	0	0	0	0	0	0	0	0	0	0	0	0	0	0	
967.838400	8	3	3	0	1	2	2	4199	87	42	58067	9	4	88	0	0	0	0	0	0	0	0	0	0	0	0	0	0	
968.844967	8	3	3	0	1	2	2	4199	84	42	58128	9	4	88	0	0	0	0	0	0	0	0	0	0	0	0	0	0	
969.831367	8	3	3	0	1	2	2	4199	81	42	58187	9	4	88	0	0	0	0	0	0	0	0	0	0	0	0	0	0	
970.836483	8	3	3	0	1	2	2	4199	78	42	58247	9	4	88	0	0	0	0	0	0	0	0	0	0	0	0	0	0	
971.841600	8	3	3	0	1	2	2	4199	77	42	58307	9	4	88	0	0	0	0	0	0	0	0	0	0	0	0	0	0	
972.828000	8	3	3	0	1	2	2	4199	73	42	58367	9	4	88	0	0	0	0	0	0	0	0	0	0	0	0	0	0	
973.833117	8	3	3	0	1	2	2	4198	72	42	58427	9	4	88	0	0	0	0	0	0	0	0	0	0	0	0	0	0	
974.838233	8	3	3	0	1	2	2	4199	69	42	58487	9	4	88	0	0	0	0	0	0	0	0	0	0	0	0	0	0	
975.768483	8	6	3	0	2	7	1	3875	-988	42	58543	9	5	0	0	0	0	0	0	0	0	0	0	0	0	0	0	0	
975.827517	8	6	3	0	2	7	1	3738	-1350	42	58547	9	5	0	0	0	0	0	0	0	0	0	0	0	0	0	0	0	
976.832633	8	6	3	0	2	7	1	3691	-1350	42	58607	9	5	1	0	0	0	0	0	0	0	0	0	0	0	0	0	0	
977.842083	8	6	3	0	2	7	1	3670	-1350	42	58667	9	5	3	0	0	0	0	0	0	0	0	0	0	0	0	0	0	
978.828483	8	6	3	0	2	7	1	3652	-1350	42	58727	9	5	5	0	0	0	0	0	0	0	0	0	0	0	0	0	0	
979.833600	8	6	3	0	2	7	1	3636	-1348	42	58787	9	5	6	0	0	0	0	0	0	0	0	0	0	0	0	0	0	
980.840167	8	6	3	0	2	7	1	3618	-1349	42	58847	9	5	8	0	0	0	0	0	0	0	0	0	0	0	0	0	0	
981.845283	8	6	3	0	2	7	1	3609	-1350	42	58908	9	5	10	0	0	0	0	0	0	0	0	0	0	0	0	0	0	
982.831683	8	6	3	0	2	7	1	3590	-1350	42	58967	9	5	11	0	0	0	0	0	0	0	0	0	0	0	0	0	0	
983.836800	8	6	3	0	2	7	1	3586	-1350	42	59027	9	5	13	0	0	0	0	0	0	0	0	0	0	0	0	0	0	
984.841917	8	6	3	0	2	7	1	3572	-1348	42	59087	9	5	14	0	0	0	0	0	0	0	0	0	0	0	0	0	0	
985.828317	8	6	3	0	2	7	1	3560	-1350	42	59147	9	5	16	0	0	0	0	0	0	0	0	0	0	0	0	0	0	
986.833433	8	6	3	0	2	7	1	3547	-1350	42	59207	9	5	18	0	0	0	0	0	0	0	0	0	0	0	0	0	0	
987.840000	8	6	3	0	2	7	1	3535	-1350	42	59267	9	5	19	0	0	0	0	0	0	0	0	0	0	0	0	0	0	
988.845117	8	6	3	0	2	7	1	3520	-1348	42	59328	9	5	21	0	0	0	0	0	0	0	0	0	0	0	0	0	0	
989.831517	8	6	3	0	2	7	1	3507	-1351	42	59387	9	5	23	0	0	0	0	0	0	0	0	0	0	0	0	0	0	
990.836633	8	6	3	0	2	7	1	3496	-1349	42	59447	9	5	24	0	0	0	0	0	0	0	0	0	0	0	0	0	0	
991.841767	8	6	3	0	2	7	1	3484	-1349	42	59507	9	5	26	0	0	0	0	0	0	0	0	0	0	0	0	0	0	
992.828167	8	6	3	0	2	7	1	3471	-1350	42	59567	9	5	28	0	0	0	0	0	0	0	0	0	0	0	0	0	0	
993.833283	8	6	3	0	2	7	1	3459	-1350	42	59627	9	5	29	0	0	0	0	0	0	0	0	0	0	0	0	0	0	
994.839833	8	6	3	0	2	7	1	3450	-1348	42	59687	9	5	31	0	0	0	0	0	0	0	0	0	0	0	0	0	0	
995.844967	8	6	3	0	2	7	1	3439	-1349	42	59748	9	5	33	0	0	0	0	0	0	0	0	0	0	0	0	0	0	
996.831367	8	6	3	0	2	7	1	3429	-1349	42	59807	9	5	34	0	0	0	0	0	0	0	0	0	0	0	0	0	0	
997.836483	8	6	3	0	2	7	1	3418	-1349	42	59867	9	5	36	0	0	0	0	0	0	0	0	0	0	0	0	0	0	
998.841600	8	6	3	0	2	7	1	3407	-1350	42	59927	9	5	37	0	0	0	0	0	0	0	0	0	0	0	0	0	0	
999.846717	8	6	3	0	2	7	1	3397	-1349	42	59988	9	5	39	0	0	0	0	0	0	0	0	0	0	0	0	0	0	
1000.834567	8	6	3	0	2	7	1	3387	-1351	42	60047	9	5	41	0	0	0	0	0	0	0	0	0	0	0	0	0	0	
1001.839683	8	6	3	0	2	7	1	3378	-1349	42	60107	9	5	42	0	0	0	0	0	0	0	0	0	0	0	0	0	0	
1002.844800	8	6	3	0	2	7	1	3369	-1351	42	60168	9	5	44	0	0	0	0	0	0	0	0	0	0	0	0	0	0	
1003.831200	8	6	3	0	2	7	1	3361	-1350	42	60227	9	5	46	0	0	0	0	0	0	0	0	0	0	0	0	0	0	
1004.836317	8	6	3	0	2	7	1	3353	-1348	42	60287	9	5	47	0	0	0	0	0	0	0	0	0	0	0	0	0	0	
1005.841433	8	6	3	0	2	7	1	3345	-1351	42	60347	9	5	49	0	0	0	0	0	0	0	0	0	0	0	0	0	0	
1006.848000	8	6	3	0	2	7	1	3338	-1350	42	60408	9	5	51	0	0	0	0	0	0	0	0	0	0	0	0	0	0	
1007.834400	8	6	3	0	2	7	1	3330	-1350	42	60467	9	5	52	0	0	0	0	0	0	0	0	0	0	0	0	0	0	
1008.839517	8	6	3	0	2	7	1	3323	-1350	42	60527	9	5	54	0	0	0	0	0	0	0	0	0	0	0	0	0	0	
1009.844633	8	6	3	0	2	7	1	3316	-1350	42	60587	9	5	56	0	0	0	0	0	0	0	0	0	0	0	0	0	0	
1010.831033	8	6	3	0	2	7	1	3309	-1350	42	60647	9	5	57	0	0	0	0	0	0	0	0	0	0	0	0	0	0	
1011.836167	8	6	3	0	2	7	1	3302	-1349	42	60707	9	5	59	0	0	0	0	0	0	0	0	0	0	0	0	0	0	
1012.842717	8	6	3	0	2	7	1	3295	-1350	42	60767	9	5	61	0	0	0	0	0	0	0	0	0	0	0	0	0	0	
1013.847833	8	6	3	0	2	7	1	3288	-1350	42	60828	9	5	62	0	0	0	0	0	0	0	0	0	0	0	0	0	0	
1014.834233	8	6	3	0	2	7	1	3282	-1350	42	60887	9	5	64	0	0	0	0	0	0	0	0	0	0	0	0	0	0	
1015.839367	8	6	3	0	2	7	1	3275	-1349	42	60947	9	5	65	0	0	0	0	0	0	0	0	0	0	0	0	0	0	
1016.844483	8	6	3	0	2	7	1	3267	-1348	42	61007	9	5	67	0	0	0	0	0	0	0	0	0	0	0	0	0	0	
1017.830883	8	6	3	0	2	7	1	3259	-1350	42	61067	9	5	69	0	0	0	0	0	0	0	0	0	0	0	0	0	0	
1018.836000	8	6	3	0	2	7	1	3250	-1349	42	61127	9	5	70	0	0	0	0	0	0	0	0	0	0	0	0	0	0	
1019.842567	8	6	3	0	2	7	1	3241	-1349	42	61187	9	5	72	0	0	0	0	0	0	0	0	0	0	0	0	0	0	
1020.847683	8	6	3	0	2	7	1	3230	-1350	42	61248	9	5	74	0	0	0	0	0	0	0	0	0	0	0	0	0	0	
1021.834083	8	6	3	0	2	7	1	3217	-1350	42	61307	9	5	75	0	0	0	0	0	0	0	0	0	0	0	0	0	0	
1022.839200	8	6	3	0	2	7	1	3203	-1348	42	61367	9	5	77	0	0	0	0	0	0	0	0	0	0	0	0	0	0	
1023.844317	8	6	3	0	2	7	1	3184	-1350	42	61427	9	5	79	0	0	0	0	0	0	0	0	0	0	0	0	0	0	
1024.830717	8	6	3	0	2	7	1	3162	-1350	42	61487	9	5	80	0	0	0	0	0	0	0	0	0	0	0	0	0	0	
1025.837283	8	6	3	0	2	7	1	3133	-1350	42	61547	9	5	82	0	0	0	0	0	0	0	0	0	0	0	0	0	0	
1026.842400	8	6	3	0	2	7	1	3089	-1352	42	61607	9	5	84	0	0	0	0	0	0	0	0	0	0	0	0	0	0	
1027.847517	8	6	3	0	2	7	1	3002	-1350	42	61668	9	5	85	0	0	0	0	0	0	0	0	0	0	0	0	0	0	
1028.833917	8	6	3	0	2	7	1	2829	-1349	42	61727	9	5	87	0	0	0	0	0	0	0	0	0	0	0	0	0	0	
1029.255833	8	15	3	0	1	31	2	2759	3	42	61752	10	5	88	0	0	0	0	0	0	0	0	0	0	0	0	0	0	
1029.276000	8	3	3	0	1	2	2	3280	638	42	61753	11	5	88	0	0	0	0	0	0	0	0	0	0	0	0	0	0	
1029.843367	8	3	3	0	1	2	2	3501	674	42	61787	11	5	88	0	0	0	0	0	0	0	0	0	0	0	0	0	0	
1030.848483	8	3	3	0	1	2	2	3636	675	42	61848	11	5	88	0	0	0	0	0	0	0	0	0	0	0	0	0	0	
1031.834883	8	3	3	0	1	2	2	3714	674	42	61907	11	5	88	0	0	0	0	0	0	0	0	0	0	0	0	0	0	
1032.840000	8	3	3	0	1	2	2	3771	674	42	61967	11	5	88	0	0	0	0	0	0	0	0	0	0	0	0	0	0	
1033.845117	8	3	3	0	1	2	2	3816	675	42	62027	11	5	88	0	0	0	0	0	0	0	0	0	0	0	0	0	0	
1034.831517	8	3	3	0	1	2	2	3850	674	42	62087	11	5	88	0	0	0	0	0	0	0	0	0	0	0	0	0	0	
1035.838083	8	3	3	0	1	2	2	3871	675	42	62147	11	5	88	0	0	0	0	0	0	0	0	0	0	0	0	0	0	
1036.843200	8	3	3	0	1	2	2	3881	675	42	62207	11	5	88	0	0	0	0	0	0	0	0	0	0	0	0	0	0	
1037.848317	8	3	3	0	1	2	2	3888	675	42	62268	11	5	88	0	0	0	0	0	0	0	0	0	0	0	0	0	0	
1038.834717	8	3	3	0	1	2	2	3893	674	42	62327	11	5	88	0	0	0	0	0	0	0	0	0	0	0	0	0	0	
1039.839833	8	3	3	0	1	2	2	3899	675	42	62387	11	5	88	0	0	0	0	0	0	0	0	0	0	0	0	0	0	
1040.846400	8	3	3	0	1	2	2	3905	675	42	62447	11	5	88	0	0	0	0	0	0	0	0	0	0	0	0	0	0	
1041.851517	8	3	3	0	1	2	2	3910	674	42	62508	11	5	88	0	0	0	0	0	0	0	0	0	0	0	0	0	0	
1042.837917	8	3	3	0	1	2	2	3915	674	42	62567	11	5	88	0	0	0	0	0	0	0	0	0	0	0	0	0	0	
1043.843033	8	3	3	0	1	2	2	3920	674	42	62627	11	5	88	0	0	0	0	0	0	0	0	0	0	0	0	0	0	
1044.848167	8	3	3	0	1	2	2	3926	677	42	62688	11	5	88	0	0	0	0	0	0	0	0	0	0	0	0	0	0	
1045.834567	8	3	3	0	1	2	2	3931	674	42	62747	11	5	88	0	0	0	0	0	0	0	0	0	0	0	0	0	0	
1046.841117	8	3	3	0	1	2	2	3937	674	42	62807	11	5	88	0	0	0	0	0	0	0	0	0	0	0	0	0	0	
1047.846233	8	3	3	0	1	2	2	3943	676	42	62867	11	5	88	0	0	0	0	0	0	0	0	0	0	0	0	0	0	
1048.851367	8	3	3	0	1	2	2	3949	675	42	62928	11	5	88	0	0	0	0	0	0	0	0	0	0	0	0	0	0	
1049.837767	8	3	3	0	1	2	2	3955	675	42	62987	11	5	88	0	0	0	0	0	0	0	0	0	0	0	0	0	0	
1050.842883	8	3	3	0	1	2	2	3961	675	42	63047	11	5	88	0	0	0	0	0	0	0	0	0	0	0	0	0	0	
1051.848000	8	3	3	0	1	2	2	3967	675	42	63108	11	5	88	0	0	0	0	0	0	0	0	0	0	0	0	0	0	
1052.835833	8	3	3	0	1	2	2	3972	674	42	63167	11	5	88	0	0	0	0	0	0	0	0	0	0	0	0	0	0	
1053.840967	8	3	3	0	1	2	2	3978	674	42	63227	11	5	88	0	0	0	0	0	0	0	0	0	0	0	0	0	0	
1054.846083	8	3	3	0	1	2	2	3982	675	42	63287	11	5	88	0	0	0	0	0	0	0	0	0	0	0	0	0	0	
1055.851200	8	3	3	0	1	2	2	3986	674	42	63348	11	5	88	0	0	0	0	0	0	0	0	0	0	0	0	0	0	
1056.837600	8	3	3	0	1	2	2	3990	675	42	63407	11	5	88	0	0	0	0	0	0	0	0	0	0	0	0	0	0	
1057.844167	8	3	3	0	1	2	2	3993	674	42	63467	11	5	88	0	0	0	0	0	0	0	0	0	0	0	0	0	0	
1058.849283	8	3	3	0	1	2	2	3997	675	42	63528	11	5	88	0	0	0	0	0	0	0	0	0	0	0	0	0	0	
1059.835683	8	3	3	0	1	2	2	4000	674	42	63587	11	5	88	0	0	0	0	0	0	0	0	0	0	0	0	0	0	
1060.840800	8	3	3	0	1	2	2	4003	674	42	63647	11	5	88	0	0	0	0	0	0	0	0	0	0	0	0	0	0	
1061.845917	8	3	3	0	1	2	2	4006	674	42	63707	11	5	88	0	0	0	0	0	0	0	0	0	0	0	0	0	0	
1062.852483	8	3	3	0	1	2	2	4009	675	42	63768	11	5	88	0	0	0	0	0	0	0	0	0	0	0	0	0	0	
1063.838883	8	3	3	0	1	2	2	4012	673	42	63827	11	5	88	0	0	0	0	0	0	0	0	0	0	0	0	0	0	
1064.844000	8	3	3	0	1	2	2	4015	675	42	63887	11	5	88	0	0	0	0	0	0	0	0	0	0	0	0	0	0	
1065.849117	8	3	3	0	1	2	2	4018	674	42	63947	11	5	88	0	0	0	0	0	0	0	0	0	0	0	0	0	0	
1066.835517	8	3	3	0	1	2	2	4021	675	42	64007	11	5	88	0	0	0	0	0	0	0	0	0	0	0	0	0	0	
1067.840633	8	3	3	0	1	2	2	4024	675	42	64067	11	5	88	0	0	0	0	0	0	0	0	0	0	0	0	0	0	
1068.847200	8	3	3	0	1	2	2	4027	674	42	64127	11	5	88	0	0	0	0	0	0	0	0	0	0	0	0	0	0	
1069.852317	8	3	3	0	1	2	2	4030	675	42	64188	11	5	88	0	0	0	0	0	0	0	0	0	0	0	0	0	0	
1070.838717	8	3	3	0	1	2	2	4033	674	42	64247	11	5	88	0	0	0	0	0	0	0	0	0	0	0	0	0	0	
1071.843833	8	3	3	0	1	2	2	4036	674	42	64307	11	5	88	0	0	0	0	0	0	0	0	0	0	0	0	0	0	
1072.848967	8	3	3	0	1	2	2	4040	675	42	64367	11	5	88	0	0	0	0	0	0	0	0	0	0	0	0	0	0	
1073.835367	8	3	3	0	1	2	2	4043	674	42	64427	11	5	88	0	0	0	0	0	0	0	0	0	0	0	0	0	0	
1074.841917	8	3	3	0	1	2	2	4047	674	42	64487	11	5	88	0	0	0	0	0	0	0	0	0	0	0	0	0	0	
1075.847033	8	3	3	0	1	2	2	4050	674	42	64547	11	5	88	0	0	0	0	0	0	0	0	0	0	0	0	0	0	
1076.852167	8	3	3	0	1	2	2	4054	674	42	64608	11	5	88	0	0	0	0	0	0	0	0	0	0	0	0	0	0	
1077.838567	8	3	3	0	1	2	2	4058	675	42	64667	11	5	88	0	0	0	0	0	0	0	0	0	0	0	0	0	0	
1078.845117	8	3	3	0	1	2	2	4061	674	42	64727	11	5	88	0	0	0	0	0	0	0	0	0	0	0	0	0	0	
1079.850233	8	3	3	0	1	2	2	4065	676	42	64787	11	5	88	0	0	0	0	0	0	0	0	0	0	0	0	0	0	
1080.836633	8	3	3	0	1	2	2	4069	675	42	64847	11	5	88	0	0	0	0	0	0	0	0	0	0	0	0	0	0	
1081.841767	8	3	3	0	1	2	2	4073	673	42	64907	11	5	88	0	0	0	0	0	0	0	0	0	0	0	0	0	0	
1082.846883	8	3	3	0	1	2	2	4076	674	42	64967	11	5	88	0	0	0	0	0	0	0	0	0	0	0	0	0	0	
1083.852000	8	3	3	0	1	2	2	4081	674	42	65028	11	5	88	0	0	0	0	0	0	0	0	0	0	0	0	0	0	
1084.838400	8	3	3	0	1	2	2	4085	676	42	65087	11	5	88	0	0	0	0	0	0	0	0	0	0	0	0	0	0	
1085.846400	8	3	3	0	1	2	2	4089	675	42	65147	11	5	88	0	0	0	0	0	0	0	0	0	0	0	0	0	0	
1086.851517	8	3	3	0	1	2	2	4093	675	42	65208	11	5	88	0	0	0	0	0	0	0	0	0	0	0	0	0	0	
1087.837917	8	3	3	0	1	2	2	4097	674	42	65267	11	5	88	0	0	0	0	0	0	0	0	0	0	0	0	0	0	
1088.843033	8	3	3	0	1	2	2	4102	675	42	65327	11	5	88	0	0	0	0	0	0	0	0	0	0	0	0	0	0	
1089.849600	8	3	3	0	1	2	2	4106	674	42	65387	11	5	88	0	0	0	0	0	0	0	0	0	0	0	0	0	0	
1090.854717	8	3	3	0	1	2	2	4111	673	42	65448	11	5	88	0	0	0	0	0	0	0	0	0	0	0	0	0	0	
1091.841117	8	3	3	0	1	2	2	4116	674	42	65507	11	5	88	0	0	0	0	0	0	0	0	0	0	0	0	0	0	
1092.846233	8	3	3	0	1	2	2	4118	665	42	65567	11	5	88	0	0	0	0	0	0	0	0	0	0	0	0	0	0	
1093.851367	8	3	3	0	1	2	2	4122	663	42	65627	11	5	88	0	0	0	0	0	0	0	0	0	0	0	0	0	0	
1094.839200	8	3	3	0	1	2	2	4127	664	42	65687	11	5	88	0	0	0	0	0	0	0	0	0	0	0	0	0	0	
1095.845767	8	3	3	0	1	2	2	4131	660	42	65747	11	5	88	0	0	0	0	0	0	0	0	0	0	0	0	0	0	
1096.850883	8	3	3	0	1	2	2	4136	659	42	65807	11	5	88	0	0	0	0	0	0	0	0	0	0	0	0	0	0	
1097.837283	8	3	3	0	1	2	2	4140	657	42	65867	11	5	88	0	0	0	0	0	0	0	0	0	0	0	0	0	0	
1098.842400	8	3	3	0	1	2	2	4145	658	42	65927	11	5	88	0	0	0	0	0	0	0	0	0	0	0	0	0	0	
1099.847517	8	3	3	0	1	2	2	4150	657	42	65987	11	5	88	0	0	0	0	0	0	0	0	0	0	0	0	0	0	
1100.854083	8	3	3	0	1	2	2	4156	657	42	66048	11	5	88	0	0	0	0	0	0	0	0	0	0	0	0	0	0	
1101.840483	8	3	3	0	1	2	2	4161	656	42	66107	11	5	88	0	0	0	0	0	0	0	0	0	0	0	0	0	0	
1102.845600	8	3	3	0	1	2	2	4166	655	42	66167	11	5	88	0	0	0	0	0	0	0	0	0	0	0	0	0	0	
1103.850717	8	3	3	0	1	2	2	4172	655	42	66227	11	5	88	0	0	0	0	0	0	0	0	0	0	0	0	0	0	
1104.855833	8	3	3	0	1	2	2	4178	655	42	66288	11	5	88	0	0	0	0	0	0	0	0	0	0	0	0	0	0	
1105.842233	8	3	3	0	1	2	2	4182	651	42	66347	11	5	88	0	0	0	0	0	0	0	0	0	0	0	0	0	0	
1106.848800	8	3	3	0	1	2	2	4188	652	42	66407	11	5	88	0	0	0	0	0	0	0	0	0	0	0	0	0	0	
1107.853917	8	3	3	0	1	2	2	4195	651	42	66468	11	5	88	0	0	0	0	0	0	0	0	0	0	0	0	0	0	
1108.840317	8	3	3	0	1	2	2	4198	645	42	66527	11	5	88	0	0	0	0	0	0	0	0	0	0	0	0	0	0	
1109.845433	8	3	3	0	1	2	2	4199	626	42	66587	11	5	88	0	0	0	0	0	0	0	0	0	0	0	0	0	0	
1110.850567	8	3	3	0	1	2	2	4199	608	42	66647	11	5	88	0	0	0	0	0	0	0	0	0	0	0	0	0	0	
1111.857117	8	3	3	0	1	2	2	4198	590	42	66708	11	5	88	0	0	0	0	0	0	0	0	0	0	0	0	0	0	
1112.843517	8	3	3	0	1	2	2	4199	574	42	66767	11	5	88	0	0	0	0	0	0	0	0	0	0	0	0	0	0	
1113.848633	8	3	3	0	1	2	2	4199	554	42	66827	11	5	88	0	0	0	0	0	0	0	0	0	0	0	0	0	0	
1114.853767	8	3	3	0	1	2	2	4199	536	42	66888	11	5	88	0	0	0	0	0	0	0	0	0	0	0	0	0	0	
1115.840167	8	3	3	0	1	2	2	4199	518	42	66947	11	5	88	0	0	0	0	0	0	0	0	0	0	0	0	0	0	
1116.845283	8	3	3	0	1	2	2	4199	501	42	67007	11	5	88	0	0	0	0	0	0	0	0	0	0	0	0	0	0	
1117.851833	8	3	3	0	1	2	2	4199	486	42	67067	11	5	88	0	0	0	0	0	0	0	0	0	0	0	0	0	0	
1118.856967	8	3	3	0	1	2	2	4199	471	42	67128	11	5	88	0	0	0	0	0	0	0	0	0	0	0	0	0	0	
1119.843367	8	3	3	0	1	2	2	4199	456	42	67187	11	5	88	0	0	0	0	0	0	0	0	0	0	0	0	0	0	
1120.848483	8	3	3	0	1	2	2	4198	442	42	67247	11	5	88	0	0	0	0	0	0	0	0	0	0	0	0	0	0	
1121.853600	8	3	3	0	1	2	2	4199	427	42	67308	11	5	88	0	0	0	0	0	0	0	0	0	0	0	0	0	0	
1122.841433	8	3	3	0	1	2	2	4199	415	42	67367	11	5	88	0	0	0	0	0	0	0	0	0	0	0	0	0	0	
1123.846567	8	3	3	0	1	2	2	4199	402	42	67427	11	5	88	0	0	0	0	0	0	0	0	0	0	0	0	0	0	
1124.851683	8	3	3	0	1	2	2	4199	390	42	67487	11	5	88	0	0	0	0	0	0	0	0	0	0	0	0	0	0	
1125.856800	8	3	3	0	1	2	2	4199	379	42	67548	11	5	88	0	0	0	0	0	0	0	0	0	0	0	0	0	0	
1126.843200	8	3	3	0	1	2	2	4199	367	42	67607	11	5	88	0	0	0	0	0	0	0	0	0	0	0	0	0	0	
1127.849767	8	3	3	0	1	2	2	4199	357	42	67667	11	5	88	0	0	0	0	0	0	0	0	0	0	0	0	0	0	
1128.854883	8	3	3	0	1	2	2	4199	347	42	67728	11	5	88	0	0	0	0	0	0	0	0	0	0	0	0	0	0	
1129.841283	8	3	3	0	1	2	2	4198	337	42	67787	11	5	88	0	0	0	0	0	0	0	0	0	0	0	0	0	0	
1130.846400	8	3	3	0	1	2	2	4199	326	42	67847	11	5	88	0	0	0	0	0	0	0	0	0	0	0	0	0	0	
1131.851517	8	3	3	0	1	2	2	4199	316	42	67907	11	5	88	0	0	0	0	0	0	0	0	0	0	0	0	0	0	
1132.858083	8	3	3	0	1	2	2	4199	307	42	67968	11	5	88	0	0	0	0	0	0	0	0	0	0	0	0	0	0	
1133.844483	8	3	3	0	1	2	2	4199	299	42	68027	11	5	88	0	0	0	0	0	0	0	0	0	0	0	0	0	0	
1134.849600	8	3	3	0	1	2	2	4198	289	42	68087	11	5	88	0	0	0	0	0	0	0	0	0	0	0	0	0	0	
1135.854717	8	3	3	0	1	2	2	4198	280	42	68147	11	5	88	0	0	0	0	0	0	0	0	0	0	0	0	0	0	
1136.841117	8	3	3	0	1	2	2	4198	272	42	68207	11	5	88	0	0	0	0	0	0	0	0	0	0	0	0	0	0	
1137.847683	8	3	3	0	1	2	2	4199	264	42	68267	11	5	88	0	0	0	0	0	0	0	0	0	0	0	0	0	0	
1138.852800	8	3	3	0	1	2	2	4199	256	42	68327	11	5	88	0	0	0	0	0	0	0	0	0	0	0	0	0	0	
1139.857917	8	3	3	0	1	2	2	4199	248	42	68388	11	5	88	0	0	0	0	0	0	0	0	0	0	0	0	0	0	
1140.844317	8	3	3	0	1	2	2	4199	240	42	68447	11	5	88	0	0	0	0	0	0	0	0	0	0	0	0	0	0	
1141.849433	8	3	3	0	1	2	2	4199	233	42	68507	11	5	88	0	0	0	0	0	0	0	0	0	0	0	0	0	0	
1142.856000	8	3	3	0	1	2	2	4199	226	42	68567	11	5	88	0	0	0	0	0	0	0	0	0	0	0	0	0	0	
1143.842400	8	3	3	0	1	2	2	4199	219	42	68627	11	5	88	0	0	0	0	0	0	0	0	0	0	0	0	0	0	
1144.847517	8	3	3	0	1	2	2	4199	213	42	68687	11	5	88	0	0	0	0	0	0	0	0	0	0	0	0	0	0	
1145.852633	8	3	3	0	1	2	2	4199	206	42	68747	11	5	88	0	0	0	0	0	0	0	0	0	0	0	0	0	0	
1146.857767	8	3	3	0	1	2	2	4199	199	42	68808	11	5	88	0	0	0	0	0	0	0	0	0	0	0	0	0	0	
1147.844167	8	3	3	0	1	2	2	4198	193	42	68867	11	5	88	0	0	0	0	0	0	0	0	0	0	0	0	0	0	
1148.850717	8	3	3	0	1	2	2	4198	186	42	68927	11	5	88	0	0	0	0	0	0	0	0	0	0	0	0	0	0	
1149.855833	8	3	3	0	1	2	2	4199	180	42	68987	11	5	88	0	0	0	0	0	0	0	0	0	0	0	0	0	0	
1150.842233	8	3	3	0	1	2	2	4199	176	42	69047	11	5	88	0	0	0	0	0	0	0	0	0	0	0	0	0	0	
1151.847367	8	3	3	0	1	2	2	4199	169	42	69107	11	5	88	0	0	0	0	0	0	0	0	0	0	0	0	0	0	
1152.852483	8	3	3	0	1	2	2	4198	163	42	69167	11	5	88	0	0	0	0	0	0	0	0	0	0	0	0	0	0	
1153.857600	8	3	3	0	1	2	2	4199	159	42	69228	11	5	88	0	0	0	0	0	0	0	0	0	0	0	0	0	0	
1154.845433	8	3	3	0	1	2	2	4199	154	42	69287	11	5	88	0	0	0	0	0	0	0	0	0	0	0	0	0	0	
1155.850567	8	3	3	0	1	2	2	4199	148	42	69347	11	5	88	0	0	0	0	0	0	0	0	0	0	0	0	0	0	
1156.855683	8	3	3	0	1	2	2	4199	144	42	69407	11	5	88	0	0	0	0	0	0	0	0	0	0	0	0	0	0	
1157.842083	8	3	3	0	1	2	2	4199	140	42	69467	11	5	88	0	0	0	0	0	0	0	0	0	0	0	0	0	0	
1158.848633	8	3	3	0	1	2	2	4198	136	42	69527	11	5	88	0	0	0	0	0	0	0	0	0	0	0	0	0	0	
1159.853767	8	3	3	0	1	2	2	4199	132	42	69587	11	5	88	0	0	0	0	0	0	0	0	0	0	0	0	0	0	
1160.858883	8	3	3	0	1	2	2	4198	127	42	69648	11	5	88	0	0	0	0	0	0	0	0	0	0	0	0	0	0	
1161.845283	8	3	3	0	1	2	2	4199	123	42	69707	11	5	88	0	0	0	0	0	0	0	0	0	0	0	0	0	0	
1162.850400	8	3	3	0	1	2	2	4199	119	42	69767	11	5	88	0	0	0	0	0	0	0	0	0	0	0	0	0	0	
1163.856967	8	3	3	0	1	2	2	4199	116	42	69827	11	5	88	0	0	0	0	0	0	0	0	0	0	0	0	0	0	
1164.843367	8	3	3	0	1	2	2	4199	112	42	69887	11	5	88	0	0	0	0	0	0	0	0	0	0	0	0	0	0	
1165.848483	8	3	3	0	1	2	2	4199	109	42	69947	11	5	88	0	0	0	0	0	0	0	0	0	0	0	0	0	0	
1166.853600	8	3	3	0	1	2	2	4199	106	42	70007	11	5	88	0	0	0	0	0	0	0	0	0	0	0	0	0	0	
1167.858717	8	3	3	0	1	2	2	4198	101	42	70068	11	5	88	0	0	0	0	0	0	0	0	0	0	0	0	0	0	
1168.846567	8	3	3	0	1	2	2	4199	99	42	70127	11	5	88	0	0	0	0	0	0	0	0	0	0	0	0	0	0	
1169.851683	8	3	3	0	1	2	2	4199	96	42	70187	11	5	88	0	0	0	0	0	0	0	0	0	0	0	0	0	0	
1170.856800	8	3	3	0	1	2	2	4199	92	42	70247	11	5	88	0	0	0	0	0	0	0	0	0	0	0	0	0	0	
1171.843200	8	3	3	0	1	2	2	4199	90	42	70307	11	5	88	0	0	0	0	0	0	0	0	0	0	0	0	0	0	
1172.848317	8	3	3	0	1	2	2	4198	86	42	70367	11	5	88	0	0	0	0	0	0	0	0	0	0	0	0	0	0	
1173.857767	8	3	3	0	1	2	2	4199	84	42	70427	11	5	88	0	0	0	0	0	0	0	0	0	0	0	0	0	0	
1174.844167	8	3	3	0	1	2	2	4199	81	42	70487	11	5	88	0	0	0	0	0	0	0	0	0	0	0	0	0	0	
1175.849283	8	3	3	0	1	2	2	4198	79	42	70547	11	5	88	0	0	0	0	0	0	0	0	0	0	0	0	0	0	
1176.854400	8	3	3	0	1	2	2	4198	76	42	70607	11	5	88	0	0	0	0	0	0	0	0	0	0	0	0	0	0	
1177.845117	8	3	3	0	1	2	2	4198	72	42	70667	11	5	88	0	0	0	0	0	0	0	0	0	0	0	0	0	0	
1178.850233	8	3	3	0	1	2	2	4198	70	42	70727	11	5	88	0	0	0	0	0	0	0	0	0	0	0	0	0	0	
1179.855367	8	3	3	0	1	2	2	4199	68	42	70787	11	5	88	0	0	0	0	0	0	0	0	0	0	0	0	0	0	
1180.841767	8	6	3	0	2	7	1	3808	-1174	42	70847	11	6	0	0	0	0	0	0	0	0	0	0	0	0	0	0	0	
1180.861917	8	6	3	0	2	7	1	3742	-1350	42	70848	11	6	0	0	0	0	0	0	0	0	0	0	0	0	0	0	0	
1181.849767	8	6	3	0	2	7	1	3680	-1349	42	70907	11	6	1	0	0	0	0	0	0	0	0	0	0	0	0	0	0	
1182.854883	8	6	3	0	2	7	1	3654	-1350	42	70967	11	6	3	0	0	0	0	0	0	0	0	0	0	0	0	0	0	
1183.860000	8	6	3	0	2	7	1	3640	-1349	42	71028	11	6	4	0	0	0	0	0	0	0	0	0	0	0	0	0	0	
1184.846400	8	6	3	0	2	7	1	3625	-1349	42	71087	11	6	6	0	0	0	0	0	0	0	0	0	0	0	0	0	0	
1185.851517	8	6	3	0	2	7	1	3617	-1349	42	71147	11	6	8	0	0	0	0	0	0	0	0	0	0	0	0	0	0	
1186.858083	8	6	3	0	2	7	1	3609	-1350	42	71207	11	6	9	0	0	0	0	0	0	0	0	0	0	0	0	0	0	
1187.844483	8	6	3	0	2	7	1	3608	-1348	42	71267	11	6	11	0	0	0	0	0	0	0	0	0	0	0	0	0	0	
1188.849600	8	6	3	0	2	7	1	3589	-1350	42	71327	11	6	13	0	0	0	0	0	0	0	0	0	0	0	0	0	0	
1189.854717	8	6	3	0	2	7	1	3572	-1349	42	71387	11	6	14	0	0	0	0	0	0	0	0	0	0	0	0	0	0	
1190.859833	8	6	3	0	2	7	1	3560	-1349	42	71448	11	6	16	0	0	0	0	0	0	0	0	0	0	0	0	0	0	
1191.846233	8	6	3	0	2	7	1	3535	-1350	42	71507	11	6	18	0	0	0	0	0	0	0	0	0	0	0	0	0	0	
1192.851367	8	6	3	0	2	7	1	3522	-1351	42	71567	11	6	19	0	0	0	0	0	0	0	0	0	0	0	0	0	0	
1193.857917	8	6	3	0	2	7	1	3504	-1350	42	71627	11	6	21	0	0	0	0	0	0	0	0	0	0	0	0	0	0	
1194.863033	8	6	3	0	2	7	1	3488	-1349	42	71688	11	6	22	0	0	0	0	0	0	0	0	0	0	0	0	0	0	
1195.849433	8	6	3	0	2	7	1	3484	-1348	42	71747	11	6	24	0	0	0	0	0	0	0	0	0	0	0	0	0	0	
1196.854567	8	6	3	0	2	7	1	3474	-1349	42	71807	11	6	26	0	0	0	0	0	0	0	0	0	0	0	0	0	0	
1197.859683	8	6	3	0	2	7	1	3460	-1351	42	71868	11	6	27	0	0	0	0	0	0	0	0	0	0	0	0	0	0	
1198.846083	8	6	3	0	2	7	1	3446	-1350	42	71927	11	6	29	0	0	0	0	0	0	0	0	0	0	0	0	0	0	
1199.852633	8	6	3	0	2	7	1	3430	-1349	42	71987	11	6	31	0	0	0	0	0	0	0	0	0	0	0	0	0	0	
1200.857767	8	6	3	0	2	7	1	3420	-1349	42	72047	11	6	32	0	0	0	0	0	0	0	0	0	0	0	0	0	0	
1201.862883	8	6	3	0	2	7	1	3409	-1349	42	72108	11	6	34	0	0	0	0	0	0	0	0	0	0	0	0	0	0	
1202.849283	8	6	3	0	2	7	1	3390	-1349	42	72167	11	6	36	0	0	0	0	0	0	0	0	0	0	0	0	0	0	
1203.854400	8	6	3	0	2	7	1	3376	-1349	42	72227	11	6	37	0	0	0	0	0	0	0	0	0	0	0	0	0	0	
1204.860967	8	6	3	0	2	7	1	3372	-1349	42	72287	11	6	39	0	0	0	0	0	0	0	0	0	0	0	0	0	0	
1205.847367	8	6	3	0	2	7	1	3362	-1351	42	72347	11	6	41	0	0	0	0	0	0	0	0	0	0	0	0	0	0	
1206.852483	8	6	3	0	2	7	1	3356	-1349	42	72407	11	6	42	0	0	0	0	0	0	0	0	0	0	0	0	0	0	
1207.857600	8	6	3	0	2	7	1	3349	-1349	42	72467	11	6	44	0	0	0	0	0	0	0	0	0	0	0	0	0	0	
1208.862717	8	6	3	0	2	7	1	3339	-1348	42	72528	11	6	46	0	0	0	0	0	0	0	0	0	0	0	0	0	0	
1209.849117	8	6	3	0	2	7	1	3328	-1349	42	72587	11	6	47	0	0	0	0	0	0	0	0	0	0	0	0	0	0	
1210.854233	8	6	3	0	2	7	1	3319	-1349	42	72647	11	6	49	0	0	0	0	0	0	0	0	0	0	0	0	0	0	
1211.860800	8	6	3	0	2	7	1	3313	-1349	42	72707	11	6	51	0	0	0	0	0	0	0	0	0	0	0	0	0	0	
1212.847200	8	6	3	0	2	7	1	3307	-1349	42	72767	11	6	52	0	0	0	0	0	0	0	0	0	0	0	0	0	0	
1213.852317	8	6	3	0	2	7	1	3299	-1351	42	72827	11	6	54	0	0	0	0	0	0	0	0	0	0	0	0	0	0	
1214.857433	8	6	3	0	2	7	1	3291	-1350	42	72887	11	6	56	0	0	0	0	0	0	0	0	0	0	0	0	0	0	
1215.862567	8	6	3	0	2	7	1	3284	-1348	42	72948	11	6	57	0	0	0	0	0	0	0	0	0	0	0	0	0	0	
1216.848967	8	6	3	0	2	7	1	3277	-1349	42	73007	11	6	59	0	0	0	0	0	0	0	0	0	0	0	0	0	0	
1217.855517	8	6	3	0	2	7	1	3271	-1350	42	73067	11	6	60	0	0	0	0	0	0	0	0	0	0	0	0	0	0	
1218.860633	8	6	3	0	2	7	1	3265	-1349	42	73127	11	6	62	0	0	0	0	0	0	0	0	0	0	0	0	0	0	
1219.847033	8	6	3	0	2	7	1	3258	-1348	42	73187	11	6	64	0	0	0	0	0	0	0	0	0	0	0	0	0	0	
1220.852167	8	6	3	0	2	7	1	3252	-1349	42	73247	11	6	65	0	0	0	0	0	0	0	0	0	0	0	0	0	0	
1221.857283	8	6	3	0	2	7	1	3244	-1349	42	73307	11	6	67	0	0	0	0	0	0	0	0	0	0	0	0	0	0	
1222.863833	8	6	3	0	2	7	1	3236	-1349	42	73368	11	6	69	0	0	0	0	0	0	0	0	0	0	0	0	0	0	
1223.850233	8	6	3	0	2	7	1	3227	-1349	42	73427	11	6	70	0	0	0	0	0	0	0	0	0	0	0	0	0	0	
1224.855367	8	6	3	0	2	7	1	3219	-1349	42	73487	11	6	72	0	0	0	0	0	0	0	0	0	0	0	0	0	0	
1225.860483	8	6	3	0	2	7	1	3209	-1348	42	73547	11	6	74	0	0	0	0	0	0	0	0	0	0	0	0	0	0	
1226.846883	8	6	3	0	2	7	1	3197	-1350	42	73607	11	6	75	0	0	0	0	0	0	0	0	0	0	0	0	0	0	
1227.853433	8	6	3	0	2	7	1	3183	-1350	42	73667	11	6	77	0	0	0	0	0	0	0	0	0	0	0	0	0	0	
1228.858567	8	6	3	0	2	7	1	3164	-1350	42	73727	11	6	79	0	0	0	0	0	0	0	0	0	0	0	0	0	0	
1229.863683	8	6	3	0	2	7	1	3142	-1348	42	73788	11	6	80	0	0	0	0	0	0	0	0	0	0	0	0	0	0	
1230.850083	8	6	3	0	2	7	1	3114	-1349	42	73847	11	6	82	0	0	0	0	0	0	0	0	0	0	0	0	0	0	
1231.855200	8	6	3	0	2	7	1	3069	-1348	42	73907	11	6	83	0	0	0	0	0	0	0	0	0	0	0	0	0	0	
1232.861767	8	6	3	0	2	7	1	2982	-1350	42	73967	11	6	85	0	0	0	0	0	0	0	0	0	0	0	0	0	0	
1233.866883	8	6	3	0	2	7	1	2801	-1349	42	74028	11	6	87	0	0	0	0	0	0	0	0	0	0	0	0	0	0	
1234.231200	8	15	3	0	1	31	2	3180	207	42	74050	13	6	87	0	0	0	0	0	0	0	0	0	0	0	0	0	0	
1234.251367	8	3	3	0	1	2	2	3335	680	42	74051	13	6	87	0	0	0	0	0	0	0	0	0	0	0	0	0	0	
1234.856167	8	3	3	0	1	2	2	3527	675	42	74087	13	6	87	0	0	0	0	0	0	0	0	0	0	0	0	0	0	
1235.861283	8	3	3	0	1	2	2	3653	674	42	74147	13	6	87	0	0	0	0	0	0	0	0	0	0	0	0	0	0	
1236.847683	8	3	3	0	1	2	2	3728	675	42	74207	13	6	87	0	0	0	0	0	0	0	0	0	0	0	0	0	0	
1237.854233	8	3	3	0	1	2	2	3784	675	42	74267	13	6	87	0	0	0	0	0	0	0	0	0	0	0	0	0	0	
1238.859367	8	3	3	0	1	2	2	3827	674	42	74327	13	6	87	0	0	0	0	0	0	0	0	0	0	0	0	0	0	
1239.864483	8	3	3	0	1	2	2	3860	673	42	74388	13	6	87	0	0	0	0	0	0	0	0	0	0	0	0	0	0	
1240.850883	8	3	3	0	1	2	2	3878	675	42	74447	13	6	87	0	0	0	0	0	0	0	0	0	0	0	0	0	0	
1241.856000	8	3	3	0	1	2	2	3888	674	42	74507	13	6	87	0	0	0	0	0	0	0	0	0	0	0	0	0	0	
1242.862567	8	3	3	0	1	2	2	3895	675	42	74567	13	6	87	0	0	0	0	0	0	0	0	0	0	0	0	0	0	
1243.867683	8	3	3	0	1	2	2	3900	674	42	74628	13	6	87	0	0	0	0	0	0	0	0	0	0	0	0	0	0	
1244.854083	8	3	3	0	1	2	2	3905	674	42	74687	13	6	87	0	0	0	0	0	0	0	0	0	0	0	0	0	0	
1245.859200	8	3	3	0	1	2	2	3911	676	42	74747	13	6	87	0	0	0	0	0	0	0	0	0	0	0	0	0	0	
1246.864317	8	3	3	0	1	2	2	3916	675	42	74808	13	6	87	0	0	0	0	0	0	0	0	0	0	0	0	0	0	
1247.850717	8	3	3	0	1	2	2	3922	675	42	74867	13	6	87	0	0	0	0	0	0	0	0	0	0	0	0	0	0	
1248.857283	8	3	3	0	1	2	2	3927	675	42	74927	13	6	87	0	0	0	0	0	0	0	0	0	0	0	0	0	0	
1249.862400	8	3	3	0	1	2	2	3933	674	42	74987	13	6	87	0	0	0	0	0	0	0	0	0	0	0	0	0	0	
1250.867517	8	3	3	0	1	2	2	3939	675	42	75048	13	6	87	0	0	0	0	0	0	0	0	0	0	0	0	0	0	
1251.853917	8	3	3	0	1	2	2	3945	675	42	75107	13	6	87	0	0	0	0	0	0	0	0	0	0	0	0	0	0	
1252.859033	8	3	3	0	1	2	2	3951	674	42	75167	13	6	87	0	0	0	0	0	0	0	0	0	0	0	0	0	0	
1253.865600	8	3	3	0	1	2	2	3957	675	42	75228	13	6	87	0	0	0	0	0	0	0	0	0	0	0	0	0	0	
1254.852000	8	3	3	0	1	2	2	3963	674	42	75287	13	6	87	0	0	0	0	0	0	0	0	0	0	0	0	0	0	
1255.857117	8	3	3	0	1	2	2	3969	676	42	75347	13	6	87	0	0	0	0	0	0	0	0	0	0	0	0	0	0	
1256.862233	8	3	3	0	1	2	2	3974	673	42	75407	13	6	87	0	0	0	0	0	0	0	0	0	0	0	0	0	0	
1257.867367	8	3	3	0	1	2	2	3980	675	42	75468	13	6	87	0	0	0	0	0	0	0	0	0	0	0	0	0	0	
1258.855200	8	3	3	0	1	2	2	3985	675	42	75527	13	6	87	0	0	0	0	0	0	0	0	0	0	0	0	0	0	
1259.860317	8	3	3	0	1	2	2	3989	674	42	75587	13	6	87	0	0	0	0	0	0	0	0	0	0	0	0	0	0	
1260.865433	8	3	3	0	1	2	2	3993	674	42	75648	13	6	87	0	0	0	0	0	0	0	0	0	0	0	0	0	0	
1261.851833	8	3	3	0	1	2	2	3997	674	42	75707	13	6	87	0	0	0	0	0	0	0	0	0	0	0	0	0	0	
1262.856967	8	3	3	0	1	2	2	4001	675	42	75767	13	6	87	0	0	0	0	0	0	0	0	0	0	0	0	0	0	
1263.862083	8	3	3	0	1	2	2	4004	674	42	75827	13	6	87	0	0	0	0	0	0	0	0	0	0	0	0	0	0	
1264.868633	8	3	3	0	1	2	2	4007	674	42	75888	13	6	87	0	0	0	0	0	0	0	0	0	0	0	0	0	0	
1265.855033	8	3	3	0	1	2	2	4010	675	42	75947	13	6	87	0	0	0	0	0	0	0	0	0	0	0	0	0	0	
1266.860167	8	3	3	0	1	2	2	4013	675	42	76007	13	6	87	0	0	0	0	0	0	0	0	0	0	0	0	0	0	
1267.865283	8	3	3	0	1	2	2	4016	674	42	76068	13	6	87	0	0	0	0	0	0	0	0	0	0	0	0	0	0	
1268.851683	8	3	3	0	1	2	2	4019	675	42	76127	13	6	87	0	0	0	0	0	0	0	0	0	0	0	0	0	0	
1269.856800	8	3	3	0	1	2	2	4022	675	42	76187	13	6	87	0	0	0	0	0	0	0	0	0	0	0	0	0	0	
1270.863367	8	3	3	0	1	2	2	4025	675	42	76247	13	6	87	0	0	0	0	0	0	0	0	0	0	0	0	0	0	
1271.868483	8	3	3	0	1	2	2	4028	676	42	76308	13	6	87	0	0	0	0	0	0	0	0	0	0	0	0	0	0	
1272.854883	8	3	3	0	1	2	2	4031	675	42	76367	13	6	87	0	0	0	0	0	0	0	0	0	0	0	0	0	0	
1273.860000	8	3	3	0	1	2	2	4034	675	42	76427	13	6	87	0	0	0	0	0	0	0	0	0	0	0	0	0	0	
1274.865117	8	3	3	0	1	2	2	4037	674	42	76487	13	6	87	0	0	0	0	0	0	0	0	0	0	0	0	0	0	
1275.851517	8	3	3	0	1	2	2	4041	675	42	76547	13	6	87	0	0	0	0	0	0	0	0	0	0	0	0	0	0	
1276.858083	8	3	3	0	1	2	2	4044	675	42	76607	13	6	87	0	0	0	0	0	0	0	0	0	0	0	0	0	0	
1277.863200	8	3	3	0	1	2	2	4047	674	42	76667	13	6	87	0	0	0	0	0	0	0	0	0	0	0	0	0	0	
1278.868317	8	3	3	0	1	2	2	4050	674	42	76728	13	6	87	0	0	0	0	0	0	0	0	0	0	0	0	0	0	
1279.854717	8	3	3	0	1	2	2	4054	674	42	76787	13	6	87	0	0	0	0	0	0	0	0	0	0	0	0	0	0	
1280.859833	8	3	3	0	1	2	2	4058	674	42	76847	13	6	87	0	0	0	0	0	0	0	0	0	0	0	0	0	0	
1281.866400	8	3	3	0	1	2	2	4061	674	42	76907	13	6	87	0	0	0	0	0	0	0	0	0	0	0	0	0	0	
1282.852800	8	3	3	0	1	2	2	4065	675	42	76967	13	6	87	0	0	0	0	0	0	0	0	0	0	0	0	0	0	
1283.857917	8	3	3	0	1	2	2	4069	676	42	77027	13	6	87	0	0	0	0	0	0	0	0	0	0	0	0	0	0	
1284.863033	8	3	3	0	1	2	2	4072	674	42	77087	13	6	87	0	0	0	0	0	0	0	0	0	0	0	0	0	0	
1285.869600	8	3	3	0	1	2	2	4076	675	42	77148	13	6	87	0	0	0	0	0	0	0	0	0	0	0	0	0	0	
1286.856000	8	3	3	0	1	2	2	4080	673	42	77207	13	6	87	0	0	0	0	0	0	0	0	0	0	0	0	0	0	
1287.861117	8	3	3	0	1	2	2	4084	674	42	77267	13	6	87	0	0	0	0	0	0	0	0	0	0	0	0	0	0	
1288.866233	8	3	3	0	1	2	2	4088	674	42	77327	13	6	87	0	0	0	0	0	0	0	0	0	0	0	0	0	0	
1289.852633	8	3	3	0	1	2	2	4093	675	42	77387	13	6	87	0	0	0	0	0	0	0	0	0	0	0	0	0	0	
1290.860633	8	3	3	0	1	2	2	4097	674	42	77447	13	6	87	0	0	0	0	0	0	0	0	0	0	0	0	0	0	
1291.865767	8	3	3	0	1	2	2	4101	675	42	77507	13	6	87	0	0	0	0	0	0	0	0	0	0	0	0	0	0	
1292.870883	8	3	3	0	1	2	2	4105	674	42	77568	13	6	87	0	0	0	0	0	0	0	0	0	0	0	0	0	0	
1293.857283	8	3	3	0	1	2	2	4110	676	42	77627	13	6	87	0	0	0	0	0	0	0	0	0	0	0	0	0	0	
1294.862400	8	3	3	0	1	2	2	4114	673	42	77687	13	6	87	0	0	0	0	0	0	0	0	0	0	0	0	0	0	
1295.867517	8	3	3	0	1	2	2	4119	675	42	77748	13	6	87	0	0	0	0	0	0	0	0	0	0	0	0	0	0	
1296.855367	8	3	3	0	1	2	2	4120	664	42	77807	13	6	87	0	0	0	0	0	0	0	0	0	0	0	0	0	0	
1297.860483	8	3	3	0	1	2	2	4124	663	42	77867	13	6	87	0	0	0	0	0	0	0	0	0	0	0	0	0	0	
1298.865600	8	3	3	0	1	2	2	4129	662	42	77927	13	6	87	0	0	0	0	0	0	0	0	0	0	0	0	0	0	
1299.870717	8	3	3	0	1	2	2	4134	663	42	77988	13	6	87	0	0	0	0	0	0	0	0	0	0	0	0	0	0	
1300.857117	8	3	3	0	1	2	2	4139	660	42	78047	13	6	87	0	0	0	0	0	0	0	0	0	0	0	0	0	0	
1301.862233	8	3	3	0	1	2	2	4143	660	42	78107	13	6	87	0	0	0	0	0	0	0	0	0	0	0	0	0	0	
1302.868800	8	3	3	0	1	2	2	4148	659	42	78168	13	6	87	0	0	0	0	0	0	0	0	0	0	0	0	0	0	
1303.855200	8	3	3	0	1	2	2	4153	658	42	78227	13	6	87	0	0	0	0	0	0	0	0	0	0	0	0	0	0	
1304.860317	8	3	3	0	1	2	2	4159	659	42	78287	13	6	87	0	0	0	0	0	0	0	0	0	0	0	0	0	0	
1305.865433	8	3	3	0	1	2	2	4163	657	42	78347	13	6	87	0	0	0	0	0	0	0	0	0	0	0	0	0	0	
1306.870567	8	3	3	0	1	2	2	4169	658	42	78408	13	6	87	0	0	0	0	0	0	0	0	0	0	0	0	0	0	
1307.858400	8	3	3	0	1	2	2	4173	656	42	78467	13	6	87	0	0	0	0	0	0	0	0	0	0	0	0	0	0	
1308.863517	8	3	3	0	1	2	2	4179	655	42	78527	13	6	87	0	0	0	0	0	0	0	0	0	0	0	0	0	0	
1309.868633	8	3	3	0	1	2	2	4184	655	42	78587	13	6	87	0	0	0	0	0	0	0	0	0	0	0	0	0	0	
1310.855033	8	3	3	0	1	2	2	4189	653	42	78647	13	6	87	0	0	0	0	0	0	0	0	0	0	0	0	0	0	
1311.860167	8	3	3	0	1	2	2	4195	652	42	78707	13	6	87	0	0	0	0	0	0	0	0	0	0	0	0	0	0	
1312.865283	8	3	3	0	1	2	2	4198	644	42	78767	13	6	87	0	0	0	0	0	0	0	0	0	0	0	0	0	0	
1313.870400	8	3	3	0	1	2	2	4198	626	42	78828	13	6	87	0	0	0	0	0	0	0	0	0	0	0	0	0	0	
1314.859683	8	3	3	0	1	2	2	4199	611	42	78887	13	6	87	0	0	0	0	0	0	0	0	0	0	0	0	0	0	
1315.864800	8	3	3	0	1	2	2	4198	594	42	78947	13	6	87	0	0	0	0	0	0	0	0	0	0	0	0	0	0	
1316.869917	8	3	3	0	1	2	2	4199	576	42	79008	13	6	87	0	0	0	0	0	0	0	0	0	0	0	0	0	0	
1317.856317	8	3	3	0	1	2	2	4199	560	42	79067	13	6	87	0	0	0	0	0	0	0	0	0	0	0	0	0	0	
1318.861433	8	3	3	0	1	2	2	4199	545	42	79127	13	6	87	0	0	0	0	0	0	0	0	0	0	0	0	0	0	
1319.868000	8	3	3	0	1	2	2	4199	529	42	79187	13	6	87	0	0	0	0	0	0	0	0	0	0	0	0	0	0	
1320.873117	8	3	3	0	1	2	2	4198	513	42	79248	13	6	87	0	0	0	0	0	0	0	0	0	0	0	0	0	0	
1321.859517	8	3	3	0	1	2	2	4199	498	42	79307	13	6	87	0	0	0	0	0	0	0	0	0	0	0	0	0	0	
1322.864633	8	3	3	0	1	2	2	4199	483	42	79367	13	6	87	0	0	0	0	0	0	0	0	0	0	0	0	0	0	
1323.869767	8	3	3	0	1	2	2	4198	467	42	79428	13	6	87	0	0	0	0	0	0	0	0	0	0	0	0	0	0	
1324.856167	8	3	3	0	1	2	2	4199	452	42	79487	13	6	87	0	0	0	0	0	0	0	0	0	0	0	0	0	0	
1325.862717	8	3	3	0	1	2	2	4199	438	42	79547	13	6	87	0	0	0	0	0	0	0	0	0	0	0	0	0	0	
1326.867833	8	3	3	0	1	2	2	4199	424	42	79607	13	6	87	0	0	0	0	0	0	0	0	0	0	0	0	0	0	
1327.872967	8	3	3	0	1	2	2	4199	410	42	79668	13	6	87	0	0	0	0	0	0	0	0	0	0	0	0	0	0	
1328.859367	8	3	3	0	1	2	2	4199	397	42	79727	13	6	87	0	0	0	0	0	0	0	0	0	0	0	0	0	0	
1329.864483	8	3	3	0	1	2	2	4199	385	42	79787	13	6	87	0	0	0	0	0	0	0	0	0	0	0	0	0	0	
1330.869600	8	3	3	0	1	2	2	4199	374	42	79847	13	6	87	0	0	0	0	0	0	0	0	0	0	0	0	0	0	
1331.857433	8	3	3	0	1	2	2	4199	363	42	79907	13	6	87	0	0	0	0	0	0	0	0	0	0	0	0	0	0	
1332.862567	8	3	3	0	1	2	2	4199	352	42	79967	13	6	87	0	0	0	0	0	0	0	0	0	0	0	0	0	0	
1333.867683	8	3	3	0	1	2	2	4198	341	42	80027	13	6	87	0	0	0	0	0	0	0	0	0	0	0	0	0	0	
1334.872800	8	3	3	0	1	2	2	4199	330	42	80088	13	6	87	0	0	0	0	0	0	0	0	0	0	0	0	0	0	
1335.859200	8	3	3	0	1	2	2	4199	320	42	80147	13	6	87	0	0	0	0	0	0	0	0	0	0	0	0	0	0	
1336.864317	8	3	3	0	1	2	2	4199	311	42	80207	13	6	87	0	0	0	0	0	0	0	0	0	0	0	0	0	0	
1337.870883	8	3	3	0	1	2	2	4199	302	42	80267	13	6	87	0	0	0	0	0	0	0	0	0	0	0	0	0	0	
1338.857283	8	3	3	0	1	2	2	4199	293	42	80327	13	6	87	0	0	0	0	0	0	0	0	0	0	0	0	0	0	
1339.862400	8	3	3	0	1	2	2	4199	283	42	80387	13	6	87	0	0	0	0	0	0	0	0	0	0	0	0	0	0	
1340.867517	8	3	3	0	1	2	2	4199	275	42	80447	13	6	87	0	0	0	0	0	0	0	0	0	0	0	0	0	0	
1341.872633	8	3	3	0	1	2	2	4199	266	42	80508	13	6	87	0	0	0	0	0	0	0	0	0	0	0	0	0	0	
1342.859033	8	3	3	0	1	2	2	4199	258	42	80567	13	6	87	0	0	0	0	0	0	0	0	0	0	0	0	0	0	
1343.865600	8	3	3	0	1	2	2	4199	251	42	80627	13	6	87	0	0	0	0	0	0	0	0	0	0	0	0	0	0	
1344.870717	8	3	3	0	1	2	2	4199	243	42	80687	13	6	87	0	0	0	0	0	0	0	0	0	0	0	0	0	0	
1345.857117	8	3	3	0	1	2	2	4198	236	42	80747	13	6	87	0	0	0	0	0	0	0	0	0	0	0	0	0	0	
1346.862233	8	3	3	0	1	2	2	4199	230	42	80807	13	6	87	0	0	0	0	0	0	0	0	0	0	0	0	0	0	
1347.867367	8	3	3	0	1	2	2	4199	222	42	80867	13	6	87	0	0	0	0	0	0	0	0	0	0	0	0	0	0	
1348.873917	8	3	3	0	1	2	2	4199	215	42	80928	13	6	87	0	0	0	0	0	0	0	0	0	0	0	0	0	0	
1349.860317	8	3	3	0	1	2	2	4199	210	42	80987	13	6	87	0	0	0	0	0	0	0	0	0	0	0	0	0	0	
1350.865433	8	3	3	0	1	2	2	4199	202	42	81047	13	6	87	0	0	0	0	0	0	0	0	0	0	0	0	0	0	
1351.870567	8	3	3	0	1	2	2	4198	196	42	81107	13	6	87	0	0	0	0	0	0	0	0	0	0	0	0	0	0	
1352.875683	8	3	3	0	1	2	2	4199	190	42	81168	13	6	87	0	0	0	0	0	0	0	0	0	0	0	0	0	0	
1353.862083	8	3	3	0	1	2	2	4198	185	42	81227	13	6	87	0	0	0	0	0	0	0	0	0	0	0	0	0	0	
1354.867200	8	3	3	0	1	2	2	4199	179	42	81287	13	6	87	0	0	0	0	0	0	0	0	0	0	0	0	0	0	
1355.873767	8	3	3	0	1	2	2	4199	173	42	81348	13	6	87	0	0	0	0	0	0	0	0	0	0	0	0	0	0	
1356.860167	8	3	3	0	1	2	2	4199	167	42	81407	13	6	87	0	0	0	0	0	0	0	0	0	0	0	0	0	0	
1357.865283	8	3	3	0	1	2	2	4199	163	42	81467	13	6	87	0	0	0	0	0	0	0	0	0	0	0	0	0	0	
1358.870400	8	3	3	0	1	2	2	4199	157	42	81527	13	6	87	0	0	0	0	0	0	0	0	0	0	0	0	0	0	
1359.875517	8	3	3	0	1	2	2	4199	153	42	81588	13	6	87	0	0	0	0	0	0	0	0	0	0	0	0	0	0	
1360.861917	8	3	3	0	1	2	2	4199	148	42	81647	13	6	87	0	0	0	0	0	0	0	0	0	0	0	0	0	0	
1361.868483	8	3	3	0	1	2	2	4199	142	42	81707	13	6	87	0	0	0	0	0	0	0	0	0	0	0	0	0	0	
1362.873600	8	3	3	0	1	2	2	4199	138	42	81768	13	6	87	0	0	0	0	0	0	0	0	0	0	0	0	0	0	
1363.860000	8	3	3	0	1	2	2	4199	134	42	81827	13	6	87	0	0	0	0	0	0	0	0	0	0	0	0	0	0	
1364.865117	8	3	3	0	1	2	2	4199	130	42	81887	13	6	87	0	0	0	0	0	0	0	0	0	0	0	0	0	0	
1365.870233	8	3	3	0	1	2	2	4199	126	42	81947	13	6	87	0	0	0	0	0	0	0	0	0	0	0	0	0	0	
1366.876800	8	3	3	0	1	2	2	4199	122	42	82008	13	6	87	0	0	0	0	0	0	0	0	0	0	0	0	0	0	
1367.863200	8	3	3	0	1	2	2	4199	119	42	82067	13	6	87	0	0	0	0	0	0	0	0	0	0	0	0	0	0	
1368.868317	8	3	3	0	1	2	2	4199	115	42	82127	13	6	87	0	0	0	0	0	0	0	0	0	0	0	0	0	0	
1369.873433	8	3	3	0	1	2	2	4199	112	42	82188	13	6	87	0	0	0	0	0	0	0	0	0	0	0	0	0	0	
1370.862717	8	3	3	0	1	2	2	4198	108	42	82247	13	6	87	0	0	0	0	0	0	0	0	0	0	0	0	0	0	
1371.869283	8	3	3	0	1	2	2	4199	105	42	82307	13	6	87	0	0	0	0	0	0	0	0	0	0	0	0	0	0	
1372.874400	8	3	3	0	1	2	2	4198	102	42	82368	13	6	87	0	0	0	0	0	0	0	0	0	0	0	0	0	0	
1373.860800	8	3	3	0	1	2	2	4199	99	42	82427	13	6	87	0	0	0	0	0	0	0	0	0	0	0	0	0	0	
1374.865917	8	3	3	0	1	2	2	4198	95	42	82487	13	6	87	0	0	0	0	0	0	0	0	0	0	0	0	0	0	
1375.871033	8	3	3	0	1	2	2	4198	93	42	82547	13	6	87	0	0	0	0	0	0	0	0	0	0	0	0	0	0	
1376.877600	8	3	3	0	1	2	2	4198	90	42	82608	13	6	87	0	0	0	0	0	0	0	0	0	0	0	0	0	0	
1377.864000	8	3	3	0	1	2	2	4198	87	42	82667	13	6	87	0	0	0	0	0	0	0	0	0	0	0	0	0	0	
1378.869117	8	3	3	0	1	2	2	4199	85	42	82727	13	6	87	0	0	0	0	0	0	0	0	0	0	0	0	0	0	
1379.877117	8	3	3	0	1	2	2	4198	83	42	82788	13	6	87	0	0	0	0	0	0	0	0	0	0	0	0	0	0	
1380.859200	8	3	3	0	1	2	2	4199	78	42	82847	13	6	87	0	0	0	0	0	0	0	0	0	0	0	0	0	0	
1381.875833	8	3	3	0	1	2	2	4199	77	42	82908	13	6	87	0	0	0	0	0	0	0	0	0	0	0	0	0	0	
1382.870883	8	3	3	0	1	2	2	4198	75	42	82967	13	6	87	0	0	0	0	0	0	0	0	0	0	0	0	0	0	
1383.867367	8	3	3	0	1	2	2	4198	73	42	83027	13	6	87	0	0	0	0	0	0	0	0	0	0	0	0	0	0	
1384.862400	8	3	3	0	1	2	2	4198	70	42	83087	13	6	87	0	0	0	0	0	0	0	0	0	0	0	0	0	0	
1385.877600	8	3	3	0	1	2	2	4198	67	42	83148	13	6	87	0	0	0	0	0	0	0	0	0	0	0	0	0	0	
1386.132483	8	6	3	0	2	7	1	3992	-622	42	83163	13	7	0	0	0	0	0	0	0	0	0	0	0	0	0	0	0	
1386.875517	8	6	3	0	2	7	1	3704	-1351	42	83208	13	7	1	0	0	0	0	0	0	0	0	0	0	0	0	0	0	
1387.870567	8	6	3	0	2	7	1	3678	-1349	42	83267	13	7	2	0	0	0	0	0	0	0	0	0	0	0	0	0	0	
1388.867033	8	6	3	0	2	7	1	3664	-1351	42	83327	13	7	4	0	0	0	0	0	0	0	0	0	0	0	0	0	0	
1389.862083	8	6	3	0	2	7	1	3652	-1349	42	83387	13	7	6	0	0	0	0	0	0	0	0	0	0	0	0	0	0	
1390.877283	8	6	3	0	2	7	1	3639	-1350	42	83448	13	7	7	0	0	0	0	0	0	0	0	0	0	0	0	0	0	
1391.872317	8	6	3	0	2	7	1	3624	-1348	42	83507	13	7	9	0	0	0	0	0	0	0	0	0	0	0	0	0	0	
1392.868800	8	6	3	0	2	7	1	3609	-1351	42	83567	13	7	11	0	0	0	0	0	0	0	0	0	0	0	0	0	0	
1393.878233	8	6	3	0	2	7	1	3588	-1348	42	83628	13	7	12	0	0	0	0	0	0	0	0	0	0	0	0	0	0	
1394.866083	8	6	3	0	2	7	1	3571	-1351	42	83687	13	7	14	0	0	0	0	0	0	0	0	0	0	0	0	0	0	
1395.871200	8	6	3	0	2	7	1	3558	-1351	42	83747	13	7	16	0	0	0	0	0	0	0	0	0	0	0	0	0	0	
1396.876317	8	6	3	0	2	7	1	3542	-1350	42	83808	13	7	17	0	0	0	0	0	0	0	0	0	0	0	0	0	0	
1397.862717	8	6	3	0	2	7	1	3538	-1349	42	83867	13	7	19	0	0	0	0	0	0	0	0	0	0	0	0	0	0	
1398.867833	8	6	3	0	2	7	1	3528	-1350	42	83927	13	7	20	0	0	0	0	0	0	0	0	0	0	0	0	0	0	
1399.872967	8	6	3	0	2	7	1	3514	-1350	42	83987	13	7	22	0	0	0	0	0	0	0	0	0	0	0	0	0	0	
1400.879517	8	6	3	0	2	7	1	3501	-1350	42	84048	13	7	24	0	0	0	0	0	0	0	0	0	0	0	0	0	0	
1401.865917	8	6	3	0	2	7	1	3488	-1350	42	84107	13	7	25	0	0	0	0	0	0	0	0	0	0	0	0	0	0	
1402.871033	8	6	3	0	2	7	1	3474	-1350	42	84167	13	7	27	0	0	0	0	0	0	0	0	0	0	0	0	0	0	
1403.876167	8	6	3	0	2	7	1	3462	-1349	42	84228	13	7	29	0	0	0	0	0	0	0	0	0	0	0	0	0	0	
1404.862567	8	6	3	0	2	7	1	3448	-1348	42	84287	13	7	30	0	0	0	0	0	0	0	0	0	0	0	0	0	0	
1405.869117	8	6	3	0	2	7	1	3435	-1350	42	84347	13	7	32	0	0	0	0	0	0	0	0	0	0	0	0	0	0	
1406.877117	8	6	3	0	2	7	1	3423	-1349	42	84408	13	7	34	0	0	0	0	0	0	0	0	0	0	0	0	0	0	
1407.863517	8	6	3	0	2	7	1	3412	-1350	42	84467	13	7	35	0	0	0	0	0	0	0	0	0	0	0	0	0	0	
1408.868633	8	6	3	0	2	7	1	3399	-1349	42	84527	13	7	37	0	0	0	0	0	0	0	0	0	0	0	0	0	0	
1409.875200	8	6	3	0	2	7	1	3388	-1349	42	84587	13	7	38	0	0	0	0	0	0	0	0	0	0	0	0	0	0	
1410.880317	8	6	3	0	2	7	1	3378	-1349	42	84648	13	7	40	0	0	0	0	0	0	0	0	0	0	0	0	0	0	
1411.866717	8	6	3	0	2	7	1	3371	-1350	42	84707	13	7	42	0	0	0	0	0	0	0	0	0	0	0	0	0	0	
1412.871833	8	6	3	0	2	7	1	3364	-1350	42	84767	13	7	43	0	0	0	0	0	0	0	0	0	0	0	0	0	0	
1413.876967	8	6	3	0	2	7	1	3357	-1350	42	84828	13	7	45	0	0	0	0	0	0	0	0	0	0	0	0	0	0	
1414.863367	8	6	3	0	2	7	1	3349	-1350	42	84887	13	7	47	0	0	0	0	0	0	0	0	0	0	0	0	0	0	
1415.869917	8	6	3	0	2	7	1	3341	-1350	42	84947	13	7	48	0	0	0	0	0	0	0	0	0	0	0	0	0	0	
1416.875033	8	6	3	0	2	7	1	3332	-1349	42	85007	13	7	50	0	0	0	0	0	0	0	0	0	0	0	0	0	0	
1417.880167	8	6	3	0	2	7	1	3324	-1350	42	85068	13	7	52	0	0	0	0	0	0	0	0	0	0	0	0	0	0	
1418.866567	8	6	3	0	2	7	1	3317	-1353	42	85127	13	7	53	0	0	0	0	0	0	0	0	0	0	0	0	0	0	
1419.871683	8	6	3	0	2	7	1	3309	-1350	42	85187	13	7	55	0	0	0	0	0	0	0	0	0	0	0	0	0	0	
1420.878233	8	6	3	0	2	7	1	3301	-1350	42	85248	13	7	57	0	0	0	0	0	0	0	0	0	0	0	0	0	0	
1421.864633	8	6	3	0	2	7	1	3294	-1348	42	85307	13	7	58	0	0	0	0	0	0	0	0	0	0	0	0	0	0	
1422.869767	8	6	3	0	2	7	1	3288	-1349	42	85367	13	7	60	0	0	0	0	0	0	0	0	0	0	0	0	0	0	
1423.874883	8	6	3	0	2	7	1	3281	-1350	42	85427	13	7	62	0	0	0	0	0	0	0	0	0	0	0	0	0	0	
1424.880000	8	6	3	0	2	7	1	3275	-1350	42	85488	13	7	63	0	0	0	0	0	0	0	0	0	0	0	0	0	0	
1425.866400	8	6	3	0	2	7	1	3268	-1350	42	85547	13	7	65	0	0	0	0	0	0	0	0	0	0	0	0	0	0	
1426.872967	8	6	3	0	2	7	1	3260	-1350	42	85607	13	7	67	0	0	0	0	0	0	0	0	0	0	0	0	0	0	
1427.878083	8	6	3	0	2	7	1	3253	-1349	42	85667	13	7	68	0	0	0	0	0	0	0	0	0	0	0	0	0	0	
1428.864483	8	6	3	0	2	7	1	3244	-1349	42	85727	13	7	70	0	0	0	0	0	0	0	0	0	0	0	0	0	0	
1429.869600	8	6	3	0	2	7	1	3236	-1350	42	85787	13	7	72	0	0	0	0	0	0	0	0	0	0	0	0	0	0	
1430.874717	8	6	3	0	2	7	1	3226	-1350	42	85847	13	7	73	0	0	0	0	0	0	0	0	0	0	0	0	0	0	
1431.881283	8	6	3	0	2	7	1	3213	-1350	42	85908	13	7	75	0	0	0	0	0	0	0	0	0	0	0	0	0	0	
1432.867683	8	6	3	0	2	7	1	3198	-1350	42	85967	13	7	76	0	0	0	0	0	0	0	0	0	0	0	0	0	0	
1433.872800	8	6	3	0	2	7	1	3181	-1349	42	86027	13	7	78	0	0	0	0	0	0	0	0	0	0	0	0	0	0	
1434.877917	8	6	3	0	2	7	1	3160	-1350	42	86087	13	7	80	0	0	0	0	0	0	0	0	0	0	0	0	0	0	
1435.864317	8	6	3	0	2	7	1	3133	-1350	42	86147	13	7	81	0	0	0	0	0	0	0	0	0	0	0	0	0	0	
1436.870883	8	6	3	0	2	7	1	3092	-1350	42	86207	13	7	83	0	0	0	0	0	0	0	0	0	0	0	0	0	0	
1437.876000	8	6	3	0	2	7	1	3017	-1349	42	86267	13	7	85	0	0	0	0	0	0	0	0	0	0	0	0	0	0	
1438.881117	8	6	3	0	2	7	1	2865	-1351	42	86328	13	7	86	0	0	0	0	0	0	0	0	0	0	0	0	0	0	
1439.471517	8	15	3	0	1	31	2	2896	23	42	86363	14	7	87	0	0	0	0	0	0	0	0	0	0	0	0	0	0	
1439.493117	8	3	3	0	1	2	2	3308	678	42	86364	15	7	87	0	0	0	0	0	0	0	0	0	0	0	0	0	0	
1439.870400	8	3	3	0	1	2	2	3469	674	42	86387	15	7	87	0	0	0	0	0	0	0	0	0	0	0	0	0	0	
1440.876967	8	3	3	0	1	2	2	3625	674	42	86447	15	7	87	0	0	0	0	0	0	0	0	0	0	0	0	0	0	
1441.882083	8	3	3	0	1	2	2	3710	673	42	86508	15	7	87	0	0	0	0	0	0	0	0	0	0	0	0	0	0	
1442.868483	8	3	3	0	1	2	2	3769	675	42	86567	15	7	87	0	0	0	0	0	0	0	0	0	0	0	0	0	0	
1443.873600	8	3	3	0	1	2	2	3815	675	42	86627	15	7	87	0	0	0	0	0	0	0	0	0	0	0	0	0	0	
1444.878717	8	3	3	0	1	2	2	3850	675	42	86687	15	7	87	0	0	0	0	0	0	0	0	0	0	0	0	0	0	
1445.865117	8	3	3	0	1	2	2	3873	674	42	86747	15	7	87	0	0	0	0	0	0	0	0	0	0	0	0	0	0	
1446.871683	8	3	3	0	1	2	2	3884	675	42	86807	15	7	87	0	0	0	0	0	0	0	0	0	0	0	0	0	0	
1447.876800	8	3	3	0	1	2	2	3891	675	42	86867	15	7	87	0	0	0	0	0	0	0	0	0	0	0	0	0	0	
1448.881917	8	3	3	0	1	2	2	3896	674	42	86928	15	7	87	0	0	0	0	0	0	0	0	0	0	0	0	0	0	
1449.868317	8	3	3	0	1	2	2	3902	675	42	86987	15	7	87	0	0	0	0	0	0	0	0	0	0	0	0	0	0	
1450.874883	8	3	3	0	1	2	2	3907	675	42	87047	15	7	87	0	0	0	0	0	0	0	0	0	0	0	0	0	0	
1451.880000	8	3	3	0	1	2	2	3912	675	42	87107	15	7	87	0	0	0	0	0	0	0	0	0	0	0	0	0	0	
1452.866400	8	3	3	0	1	2	2	3918	675	42	87167	15	7	87	0	0	0	0	0	0	0	0	0	0	0	0	0	0	
1453.871517	8	3	3	0	1	2	2	3923	674	42	87227	15	7	87	0	0	0	0	0	0	0	0	0	0	0	0	0	0	
1454.876633	8	3	3	0	1	2	2	3929	674	42	87287	15	7	87	0	0	0	0	0	0	0	0	0	0	0	0	0	0	
1455.881767	8	3	3	0	1	2	2	3935	675	42	87348	15	7	87	0	0	0	0	0	0	0	0	0	0	0	0	0	0	
1456.869600	8	3	3	0	1	2	2	3941	675	42	87407	15	7	87	0	0	0	0	0	0	0	0	0	0	0	0	0	0	
1457.874717	8	3	3	0	1	2	2	3947	675	42	87467	15	7	87	0	0	0	0	0	0	0	0	0	0	0	0	0	0	
1458.879833	8	3	3	0	1	2	2	3953	676	42	87527	15	7	87	0	0	0	0	0	0	0	0	0	0	0	0	0	0	
1459.866233	8	3	3	0	1	2	2	3959	675	42	87587	15	7	87	0	0	0	0	0	0	0	0	0	0	0	0	0	0	
1460.871367	8	3	3	0	1	2	2	3965	675	42	87647	15	7	87	0	0	0	0	0	0	0	0	0	0	0	0	0	0	
1461.877917	8	3	3	0	1	2	2	3971	675	42	87707	15	7	87	0	0	0	0	0	0	0	0	0	0	0	0	0	0	
1462.883033	8	3	3	0	1	2	2	3976	673	42	87768	15	7	87	0	0	0	0	0	0	0	0	0	0	0	0	0	0	
1463.869433	8	3	3	0	1	2	2	3981	674	42	87827	15	7	87	0	0	0	0	0	0	0	0	0	0	0	0	0	0	
1464.874567	8	3	3	0	1	2	2	3986	675	42	87887	15	7	87	0	0	0	0	0	0	0	0	0	0	0	0	0	0	
1465.879683	8	3	3	0	1	2	2	3990	675	42	87947	15	7	87	0	0	0	0	0	0	0	0	0	0	0	0	0	0	
1466.867517	8	3	3	0	1	2	2	3994	675	42	88007	15	7	87	0	0	0	0	0	0	0	0	0	0	0	0	0	0	
1467.872633	8	3	3	0	1	2	2	3997	674	42	88067	15	7	87	0	0	0	0	0	0	0	0	0	0	0	0	0	0	
1468.877767	8	3	3	0	1	2	2	4001	675	42	88127	15	7	87	0	0	0	0	0	0	0	0	0	0	0	0	0	0	
1469.882883	8	3	3	0	1	2	2	4004	674	42	88188	15	7	87	0	0	0	0	0	0	0	0	0	0	0	0	0	0	
1470.869283	8	3	3	0	1	2	2	4007	675	42	88247	15	7	87	0	0	0	0	0	0	0	0	0	0	0	0	0	0	
1471.875833	8	3	3	0	1	2	2	4011	675	42	88307	15	7	87	0	0	0	0	0	0	0	0	0	0	0	0	0	0	
1472.880967	8	3	3	0	1	2	2	4013	674	42	88367	15	7	87	0	0	0	0	0	0	0	0	0	0	0	0	0	0	
1473.867367	8	3	3	0	1	2	2	4016	675	42	88427	15	7	87	0	0	0	0	0	0	0	0	0	0	0	0	0	0	
1474.872483	8	3	3	0	1	2	2	4019	675	42	88487	15	7	87	0	0	0	0	0	0	0	0	0	0	0	0	0	0	
1475.877600	8	3	3	0	1	2	2	4023	674	42	88547	15	7	87	0	0	0	0	0	0	0	0	0	0	0	0	0	0	
1476.882717	8	3	3	0	1	2	2	4025	674	42	88608	15	7	87	0	0	0	0	0	0	0	0	0	0	0	0	0	0	
1477.870567	8	3	3	0	1	2	2	4029	676	42	88667	15	7	87	0	0	0	0	0	0	0	0	0	0	0	0	0	0	
1478.875683	8	3	3	0	1	2	2	4032	675	42	88727	15	7	87	0	0	0	0	0	0	0	0	0	0	0	0	0	0	
1479.880800	8	3	3	0	1	2	2	4035	674	42	88787	15	7	87	0	0	0	0	0	0	0	0	0	0	0	0	0	0	
1480.867200	8	3	3	0	1	2	2	4038	674	42	88847	15	7	87	0	0	0	0	0	0	0	0	0	0	0	0	0	0	
1481.872317	8	3	3	0	1	2	2	4041	675	42	88907	15	7	87	0	0	0	0	0	0	0	0	0	0	0	0	0	0	
1482.877433	8	3	3	0	1	2	2	4045	675	42	88967	15	7	87	0	0	0	0	0	0	0	0	0	0	0	0	0	0	
1483.884000	8	3	3	0	1	2	2	4048	676	42	89028	15	7	87	0	0	0	0	0	0	0	0	0	0	0	0	0	0	
1484.870400	8	3	3	0	1	2	2	4052	675	42	89087	15	7	87	0	0	0	0	0	0	0	0	0	0	0	0	0	0	
1485.875517	8	3	3	0	1	2	2	4055	675	42	89147	15	7	87	0	0	0	0	0	0	0	0	0	0	0	0	0	0	
1486.882083	8	3	3	0	1	2	2	4059	676	42	89207	15	7	87	0	0	0	0	0	0	0	0	0	0	0	0	0	0	
1487.868483	8	3	3	0	1	2	2	4062	674	42	89267	15	7	87	0	0	0	0	0	0	0	0	0	0	0	0	0	0	
1488.875033	8	3	3	0	1	2	2	4066	673	42	89327	15	7	87	0	0	0	0	0	0	0	0	0	0	0	0	0	0	
1489.880167	8	3	3	0	1	2	2	4070	674	42	89387	15	7	87	0	0	0	0	0	0	0	0	0	0	0	0	0	0	
1490.885283	8	3	3	0	1	2	2	4074	675	42	89448	15	7	87	0	0	0	0	0	0	0	0	0	0	0	0	0	0	
1491.871683	8	3	3	0	1	2	2	4078	676	42	89507	15	7	87	0	0	0	0	0	0	0	0	0	0	0	0	0	0	
1492.876800	8	3	3	0	1	2	2	4082	674	42	89567	15	7	87	0	0	0	0	0	0	0	0	0	0	0	0	0	0	
1493.883367	8	3	3	0	1	2	2	4086	674	42	89627	15	7	87	0	0	0	0	0	0	0	0	0	0	0	0	0	0	
1494.869767	8	3	3	0	1	2	2	4090	675	42	89687	15	7	87	0	0	0	0	0	0	0	0	0	0	0	0	0	0	
1495.874883	8	3	3	0	1	2	2	4094	673	42	89747	15	7	87	0	0	0	0	0	0	0	0	0	0	0	0	0	0	
1496.880000	8	3	3	0	1	2	2	4098	673	42	89807	15	7	87	0	0	0	0	0	0	0	0	0	0	0	0	0	0	
1497.885117	8	3	3	0	1	2	2	4103	675	42	89868	15	7	87	0	0	0	0	0	0	0	0	0	0	0	0	0	0	
1498.871517	8	3	3	0	1	2	2	4108	676	42	89927	15	7	87	0	0	0	0	0	0	0	0	0	0	0	0	0	0	
1499.878083	8	3	3	0	1	2	2	4112	673	42	89987	15	7	87	0	0	0	0	0	0	0	0	0	0	0	0	0	0	
1500.883200	8	3	3	0	1	2	2	4117	675	42	90047	15	7	87	0	0	0	0	0	0	0	0	0	0	0	0	0	0	
1501.869600	8	3	3	0	1	2	2	4118	665	42	90107	15	7	87	0	0	0	0	0	0	0	0	0	0	0	0	0	0	
1502.874717	8	3	3	0	1	2	2	4122	662	42	90167	15	7	87	0	0	0	0	0	0	0	0	0	0	0	0	0	0	
1503.879833	8	3	3	0	1	2	2	4126	662	42	90227	15	7	87	0	0	0	0	0	0	0	0	0	0	0	0	0	0	
1504.884967	8	3	3	0	1	2	2	4132	662	42	90288	15	7	87	0	0	0	0	0	0	0	0	0	0	0	0	0	0	
1505.872800	8	3	3	0	1	2	2	4136	661	42	90347	15	7	87	0	0	0	0	0	0	0	0	0	0	0	0	0	0	
1506.877917	8	3	3	0	1	2	2	4141	662	42	90407	15	7	87	0	0	0	0	0	0	0	0	0	0	0	0	0	0	
1507.883033	8	3	3	0	1	2	2	4146	659	42	90467	15	7	87	0	0	0	0	0	0	0	0	0	0	0	0	0	0	
1508.869433	8	3	3	0	1	2	2	4150	658	42	90527	15	7	87	0	0	0	0	0	0	0	0	0	0	0	0	0	0	
1509.874567	8	3	3	0	1	2	2	4155	657	42	90587	15	7	87	0	0	0	0	0	0	0	0	0	0	0	0	0	0	
1510.881117	8	3	3	0	1	2	2	4161	658	42	90647	15	7	87	0	0	0	0	0	0	0	0	0	0	0	0	0	0	
1511.886233	8	3	3	0	1	2	2	4166	656	42	90708	15	7	87	0	0	0	0	0	0	0	0	0	0	0	0	0	0	
1512.872633	8	3	3	0	1	2	2	4171	656	42	90767	15	7	87	0	0	0	0	0	0	0	0	0	0	0	0	0	0	
1513.877767	8	3	3	0	1	2	2	4177	657	42	90827	15	7	87	0	0	0	0	0	0	0	0	0	0	0	0	0	0	
1514.882883	8	3	3	0	1	2	2	4182	654	42	90887	15	7	87	0	0	0	0	0	0	0	0	0	0	0	0	0	0	
1515.888000	8	3	3	0	1	2	2	4187	652	42	90948	15	7	87	0	0	0	0	0	0	0	0	0	0	0	0	0	0	
1516.875833	8	3	3	0	1	2	2	4193	653	42	91007	15	7	87	0	0	0	0	0	0	0	0	0	0	0	0	0	0	
1517.880967	8	3	3	0	1	2	2	4199	652	42	91067	15	7	87	0	0	0	0	0	0	0	0	0	0	0	0	0	0	
1518.886083	8	3	3	0	1	2	2	4199	632	42	91128	15	7	87	0	0	0	0	0	0	0	0	0	0	0	0	0	0	
1519.872483	8	3	3	0	1	2	2	4198	616	42	91187	15	7	87	0	0	0	0	0	0	0	0	0	0	0	0	0	0	
1520.877600	8	3	3	0	1	2	2	4199	599	42	91247	15	7	87	0	0	0	0	0	0	0	0	0	0	0	0	0	0	
1521.882717	8	3	3	0	1	2	2	4199	582	42	91307	15	7	87	0	0	0	0	0	0	0	0	0	0	0	0	0	0	
1522.889283	8	3	3	0	1	2	2	4199	565	42	91368	15	7	87	0	0	0	0	0	0	0	0	0	0	0	0	0	0	
1523.875683	8	3	3	0	1	2	2	4199	549	42	91427	15	7	87	0	0	0	0	0	0	0	0	0	0	0	0	0	0	
1524.880800	8	3	3	0	1	2	2	4198	531	42	91487	15	7	87	0	0	0	0	0	0	0	0	0	0	0	0	0	0	
1525.885917	8	3	3	0	1	2	2	4199	515	42	91548	15	7	87	0	0	0	0	0	0	0	0	0	0	0	0	0	0	
1526.872317	8	3	3	0	1	2	2	4198	500	42	91607	15	7	87	0	0	0	0	0	0	0	0	0	0	0	0	0	0	
1527.877433	8	3	3	0	1	2	2	4199	485	42	91667	15	7	87	0	0	0	0	0	0	0	0	0	0	0	0	0	0	
1528.884000	8	3	3	0	1	2	2	4199	470	42	91727	15	7	87	0	0	0	0	0	0	0	0	0	0	0	0	0	0	
1529.889117	8	3	3	0	1	2	2	4199	456	42	91788	15	7	87	0	0	0	0	0	0	0	0	0	0	0	0	0	0	
1530.875517	8	3	3	0	1	2	2	4199	441	42	91847	15	7	87	0	0	0	0	0	0	0	0	0	0	0	0	0	0	
1531.880633	8	3	3	0	1	2	2	4198	427	42	91907	15	7	87	0	0	0	0	0	0	0	0	0	0	0	0	0	0	
1532.887200	8	3	3	0	1	2	2	4199	412	42	91968	15	7	87	0	0	0	0	0	0	0	0	0	0	0	0	0	0	
1533.875033	8	3	3	0	1	2	2	4199	400	42	92027	15	7	87	0	0	0	0	0	0	0	0	0	0	0	0	0	0	
1534.880167	8	3	3	0	1	2	2	4199	387	42	92087	15	7	87	0	0	0	0	0	0	0	0	0	0	0	0	0	0	
1535.885283	8	3	3	0	1	2	2	4199	375	42	92147	15	7	87	0	0	0	0	0	0	0	0	0	0	0	0	0	0	
1536.890400	8	3	3	0	1	2	2	4199	363	42	92208	15	7	87	0	0	0	0	0	0	0	0	0	0	0	0	0	0	
1537.876800	8	3	3	0	1	2	2	4199	353	42	92267	15	7	87	0	0	0	0	0	0	0	0	0	0	0	0	0	0	
1538.881917	8	3	3	0	1	2	2	4199	341	42	92327	15	7	87	0	0	0	0	0	0	0	0	0	0	0	0	0	0	
1539.887033	8	3	3	0	1	2	2	4199	331	42	92388	15	7	87	0	0	0	0	0	0	0	0	0	0	0	0	0	0	
1540.873433	8	3	3	0	1	2	2	4199	321	42	92447	15	7	87	0	0	0	0	0	0	0	0	0	0	0	0	0	0	
1541.880000	8	3	3	0	1	2	2	4199	311	42	92507	15	7	87	0	0	0	0	0	0	0	0	0	0	0	0	0	0	
1542.885117	8	3	3	0	1	2	2	4199	302	42	92567	15	7	87	0	0	0	0	0	0	0	0	0	0	0	0	0	0	
1543.872967	8	3	3	0	1	2	2	4199	294	42	92627	15	7	87	0	0	0	0	0	0	0	0	0	0	0	0	0	0	
1544.878083	8	3	3	0	1	2	2	4199	285	42	92687	15	7	87	0	0	0	0	0	0	0	0	0	0	0	0	0	0	
1545.884633	8	3	3	0	1	2	2	4199	275	42	92747	15	7	87	0	0	0	0	0	0	0	0	0	0	0	0	0	0	
1546.889767	8	3	3	0	1	2	2	4199	267	42	92808	15	7	87	0	0	0	0	0	0	0	0	0	0	0	0	0	0	
1547.876167	8	3	3	0	1	2	2	4199	259	42	92867	15	7	87	0	0	0	0	0	0	0	0	0	0	0	0	0	0	
1548.881283	8	3	3	0	1	2	2	4199	251	42	92927	15	7	87	0	0	0	0	0	0	0	0	0	0	0	0	0	0	
1549.886400	8	3	3	0	1	2	2	4199	243	42	92987	15	7	87	0	0	0	0	0	0	0	0	0	0	0	0	0	0	
1550.872800	8	3	3	0	1	2	2	4199	236	42	93047	15	7	87	0	0	0	0	0	0	0	0	0	0	0	0	0	0	
1551.879367	8	3	3	0	1	2	2	4199	229	42	93107	15	7	87	0	0	0	0	0	0	0	0	0	0	0	0	0	0	
1552.884483	8	3	3	0	1	2	2	4199	221	42	93167	15	7	87	0	0	0	0	0	0	0	0	0	0	0	0	0	0	
1553.889600	8	3	3	0	1	2	2	4199	214	42	93228	15	7	87	0	0	0	0	0	0	0	0	0	0	0	0	0	0	
1554.876000	8	3	3	0	1	2	2	4199	207	42	93287	15	7	87	0	0	0	0	0	0	0	0	0	0	0	0	0	0	
1555.881117	8	3	3	0	1	2	2	4199	201	42	93347	15	7	87	0	0	0	0	0	0	0	0	0	0	0	0	0	0	
1556.886233	8	3	3	0	1	2	2	4199	194	42	93407	15	7	87	0	0	0	0	0	0	0	0	0	0	0	0	0	0	
1557.874083	8	3	3	0	1	2	2	4199	188	42	93467	15	7	87	0	0	0	0	0	0	0	0	0	0	0	0	0	0	
1558.879200	8	3	3	0	1	2	2	4199	182	42	93527	15	7	87	0	0	0	0	0	0	0	0	0	0	0	0	0	0	
1559.884317	8	3	3	0	1	2	2	4199	176	42	93587	15	7	87	0	0	0	0	0	0	0	0	0	0	0	0	0	0	
1560.889433	8	3	3	0	1	2	2	4198	170	42	93648	15	7	87	0	0	0	0	0	0	0	0	0	0	0	0	0	0	
1561.875833	8	3	3	0	1	2	2	4199	165	42	93707	15	7	87	0	0	0	0	0	0	0	0	0	0	0	0	0	0	
1562.880967	8	3	3	0	1	2	2	4198	159	42	93767	15	7	87	0	0	0	0	0	0	0	0	0	0	0	0	0	0	
1563.887517	8	3	3	0	1	2	2	4199	155	42	93827	15	7	87	0	0	0	0	0	0	0	0	0	0	0	0	0	0	
1564.892633	8	3	3	0	1	2	2	4199	150	42	93888	15	7	87	0	0	0	0	0	0	0	0	0	0	0	0	0	0	
1565.879033	8	3	3	0	1	2	2	4199	146	42	93947	15	7	87	0	0	0	0	0	0	0	0	0	0	0	0	0	0	
1566.888483	8	3	3	0	1	2	2	4199	141	42	94007	15	7	87	0	0	0	0	0	0	0	0	0	0	0	0	0	0	
1567.874883	8	3	3	0	1	2	2	4199	137	42	94067	15	7	87	0	0	0	0	0	0	0	0	0	0	0	0	0	0	
1568.880000	8	3	3	0	1	2	2	4199	133	42	94127	15	7	87	0	0	0	0	0	0	0	0	0	0	0	0	0	0	
1569.885117	8	3	3	0	1	2	2	4198	129	42	94187	15	7	87	0	0	0	0	0	0	0	0	0	0	0	0	0	0	
1570.890233	8	3	3	0	1	2	2	4199	125	42	94248	15	7	87	0	0	0	0	0	0	0	0	0	0	0	0	0	0	
1571.876633	8	3	3	0	1	2	2	4199	122	42	94307	15	7	87	0	0	0	0	0	0	0	0	0	0	0	0	0	0	
1572.883200	8	3	3	0	1	2	2	4198	117	42	94367	15	7	87	0	0	0	0	0	0	0	0	0	0	0	0	0	0	
1573.888317	8	3	3	0	1	2	2	4199	114	42	94427	15	7	87	0	0	0	0	0	0	0	0	0	0	0	0	0	0	
1574.874717	8	3	3	0	1	2	2	4199	110	42	94487	15	7	87	0	0	0	0	0	0	0	0	0	0	0	0	0	0	
1575.879833	8	3	3	0	1	2	2	4199	107	42	94547	15	7	87	0	0	0	0	0	0	0	0	0	0	0	0	0	0	
1576.884967	8	3	3	0	1	2	2	4198	103	42	94607	15	7	87	0	0	0	0	0	0	0	0	0	0	0	0	0	0	
1577.891517	8	3	3	0	1	2	2	4199	102	42	94668	15	7	87	0	0	0	0	0	0	0	0	0	0	0	0	0	0	
1578.877917	8	3	3	0	1	2	2	4199	97	42	94727	15	7	87	0	0	0	0	0	0	0	0	0	0	0	0	0	0	
1579.883033	8	3	3	0	1	2	2	4198	95	42	94787	15	7	87	0	0	0	0	0	0	0	0	0	0	0	0	0	0	
1580.888167	8	3	3	0	1	2	2	4198	92	42	94847	15	7	87	0	0	0	0	0	0	0	0	0	0	0	0	0	0	
1581.893283	8	3	3	0	1	2	2	4198	90	42	94908	15	7	87	0	0	0	0	0	0	0	0	0	0	0	0	0	0	
1582.879683	8	3	3	0	1	2	2	4199	86	42	94967	15	7	87	0	0	0	0	0	0	0	0	0	0	0	0	0	0	
1583.886233	8	3	3	0	1	2	2	4199	84	42	95027	15	7	87	0	0	0	0	0	0	0	0	0	0	0	0	0	0	
1584.891367	8	3	3	0	1	2	2	4198	81	42	95088	15	7	87	0	0	0	0	0	0	0	0	0	0	0	0	0	0	
1585.877767	8	3	3	0	1	2	2	4199	78	42	95147	15	7	87	0	0	0	0	0	0	0	0	0	0	0	0	0	0	
1586.882883	8	3	3	0	1	2	2	4198	77	42	95207	15	7	87	0	0	0	0	0	0	0	0	0	0	0	0	0	0	
1587.888000	8	3	3	0	1	2	2	4199	75	42	95267	15	7	87	0	0	0	0	0	0	0	0	0	0	0	0	0	0	
1588.894567	8	3	3	0	1	2	2	4198	72	42	95328	15	7	87	0	0	0	0	0	0	0	0	0	0	0	0	0	0	
1589.880967	8	3	3	0	1	2	2	4198	70	42	95387	15	7	87	0	0	0	0	0	0	0	0	0	0	0	0	0	0	
1590.886083	8	3	3	0	1	2	2	4199	68	42	95447	15	7	87	0	0	0	0	0	0	0	0	0	0	0	0	0	0	
1591.345433	8	6	3	0	2	7	1	3728	-1344	42	95475	15	8	0	0	0	0	0	0	0	0	0	0	0	0	0	0	0	
1591.892633	8	6	3	0	2	7	1	3684	-1350	42	95508	15	8	0	0	0	0	0	0	0	0	0	0	0	0	0	0	0	
1592.880483	8	6	3	0	2	7	1	3656	-1349	42	95567	15	8	2	0	0	0	0	0	0	0	0	0	0	0	0	0	0	
1593.885600	8	6	3	0	2	7	1	3643	-1348	42	95627	15	8	4	0	0	0	0	0	0	0	0	0	0	0	0	0	0	
1594.890717	8	6	3	0	2	7	1	3633	-1349	42	95687	15	8	5	0	0	0	0	0	0	0	0	0	0	0	0	0	0	
1595.877117	8	6	3	0	2	7	1	3619	-1349	42	95747	15	8	7	0	0	0	0	0	0	0	0	0	0	0	0	0	0	
1596.882233	8	6	3	0	2	7	1	3598	-1349	42	95807	15	8	9	0	0	0	0	0	0	0	0	0	0	0	0	0	0	
1597.887367	8	6	3	0	2	7	1	3586	-1349	42	95867	15	8	10	0	0	0	0	0	0	0	0	0	0	0	0	0	0	
1598.893917	8	6	3	0	2	7	1	3578	-1350	42	95928	15	8	12	0	0	0	0	0	0	0	0	0	0	0	0	0	0	
1599.880317	8	6	3	0	2	7	1	3568	-1350	42	95987	15	8	14	0	0	0	0	0	0	0	0	0	0	0	0	0	0	
1600.885433	8	6	3	0	2	7	1	3555	-1349	42	96047	15	8	15	0	0	0	0	0	0	0	0	0	0	0	0	0	0	
1601.890567	8	6	3	0	2	7	1	3537	-1349	42	96107	15	8	17	0	0	0	0	0	0	0	0	0	0	0	0	0	0	
1602.876967	8	6	3	0	2	7	1	3526	-1349	42	96167	15	8	19	0	0	0	0	0	0	0	0	0	0	0	0	0	0	
1603.882083	8	6	3	0	2	7	1	3508	-1348	42	96227	15	8	20	0	0	0	0	0	0	0	0	0	0	0	0	0	0	
1604.888633	8	6	3	0	2	7	1	3491	-1350	42	96287	15	8	22	0	0	0	0	0	0	0	0	0	0	0	0	0	0	
1605.893767	8	6	3	0	2	7	1	3480	-1350	42	96348	15	8	23	0	0	0	0	0	0	0	0	0	0	0	0	0	0	
1606.880167	8	6	3	0	2	7	1	3471	-1349	42	96407	15	8	25	0	0	0	0	0	0	0	0	0	0	0	0	0	0	
1607.885283	8	6	3	0	2	7	1	3454	-1348	42	96467	15	8	27	0	0	0	0	0	0	0	0	0	0	0	0	0	0	
1608.890400	8	6	3	0	2	7	1	3434	-1348	42	96527	15	8	28	0	0	0	0	0	0	0	0	0	0	0	0	0	0	
1609.876800	8	6	3	0	2	7	1	3427	-1348	42	96587	15	8	30	0	0	0	0	0	0	0	0	0	0	0	0	0	0	
1610.883367	8	6	3	0	2	7	1	3418	-1350	42	96647	15	8	32	0	0	0	0	0	0	0	0	0	0	0	0	0	0	
1611.888483	8	6	3	0	2	7	1	3405	-1350	42	96707	15	8	33	0	0	0	0	0	0	0	0	0	0	0	0	0	0	
1612.893600	8	6	3	0	2	7	1	3390	-1350	42	96768	15	8	35	0	0	0	0	0	0	0	0	0	0	0	0	0	0	
1613.880000	8	6	3	0	2	7	1	3380	-1350	42	96827	15	8	37	0	0	0	0	0	0	0	0	0	0	0	0	0	0	
1614.885117	8	6	3	0	2	7	1	3368	-1350	42	96887	15	8	38	0	0	0	0	0	0	0	0	0	0	0	0	0	0	
1615.891683	8	6	3	0	2	7	1	3358	-1350	42	96947	15	8	40	0	0	0	0	0	0	0	0	0	0	0	0	0	0	
1616.896800	8	6	3	0	2	7	1	3346	-1348	42	97008	15	8	42	0	0	0	0	0	0	0	0	0	0	0	0	0	0	
1617.883200	8	6	3	0	2	7	1	3339	-1350	42	97067	15	8	43	0	0	0	0	0	0	0	0	0	0	0	0	0	0	
1618.888317	8	6	3	0	2	7	1	3326	-1350	42	97127	15	8	45	0	0	0	0	0	0	0	0	0	0	0	0	0	0	
1619.893433	8	6	3	0	2	7	1	3316	-1349	42	97188	15	8	46	0	0	0	0	0	0	0	0	0	0	0	0	0	0	
1620.881283	8	6	3	0	2	7	1	3311	-1349	42	97247	15	8	48	0	0	0	0	0	0	0	0	0	0	0	0	0	0	
1621.886400	8	6	3	0	2	7	1	3306	-1350	42	97307	15	8	50	0	0	0	0	0	0	0	0	0	0	0	0	0	0	
1622.891517	8	6	3	0	2	7	1	3299	-1350	42	97367	15	8	51	0	0	0	0	0	0	0	0	0	0	0	0	0	0	
1623.896633	8	6	3	0	2	7	1	3292	-1347	42	97428	15	8	53	0	0	0	0	0	0	0	0	0	0	0	0	0	0	
1624.883033	8	6	3	0	2	7	1	3283	-1349	42	97487	15	8	55	0	0	0	0	0	0	0	0	0	0	0	0	0	0	
1625.889600	8	6	3	0	2	7	1	3275	-1349	42	97547	15	8	56	0	0	0	0	0	0	0	0	0	0	0	0	0	0	
1626.894717	8	6	3	0	2	7	1	3268	-1350	42	97608	15	8	58	0	0	0	0	0	0	0	0	0	0	0	0	0	0	
1627.881117	8	6	3	0	2	7	1	3262	-1351	42	97667	15	8	60	0	0	0	0	0	0	0	0	0	0	0	0	0	0	
1628.886233	8	6	3	0	2	7	1	3254	-1350	42	97727	15	8	61	0	0	0	0	0	0	0	0	0	0	0	0	0	0	
1629.891367	8	6	3	0	2	7	1	3247	-1349	42	97787	15	8	63	0	0	0	0	0	0	0	0	0	0	0	0	0	0	
1630.896483	8	6	3	0	2	7	1	3237	-1350	42	97848	15	8	65	0	0	0	0	0	0	0	0	0	0	0	0	0	0	
1631.882883	8	6	3	0	2	7	1	3232	-1349	42	97907	15	8	66	0	0	0	0	0	0	0	0	0	0	0	0	0	0	
1632.889433	8	6	3	0	2	7	1	3225	-1350	42	97967	15	8	68	0	0	0	0	0	0	0	0	0	0	0	0	0	0	
1633.894567	8	6	3	0	2	7	1	3218	-1349	42	98028	15	8	70	0	0	0	0	0	0	0	0	0	0	0	0	0	0	
1634.883833	8	6	3	0	2	7	1	3208	-1350	42	98087	15	8	71	0	0	0	0	0	0	0	0	0	0	0	0	0	0	
1635.890400	8	6	3	0	2	7	1	3199	-1349	42	98147	15	8	73	0	0	0	0	0	0	0	0	0	0	0	0	0	0	
1636.895517	8	6	3	0	2	7	1	3188	-1351	42	98208	15	8	75	0	0	0	0	0	0	0	0	0	0	0	0	0	0	
1637.881917	8	6	3	0	2	7	1	3175	-1350	42	98267	15	8	76	0	0	0	0	0	0	0	0	0	0	0	0	0	0	
1638.887033	8	6	3	0	2	7	1	3158	-1350	42	98327	15	8	78	0	0	0	0	0	0	0	0	0	0	0	0	0	0	
1639.892167	8	6	3	0	2	7	1	3137	-1350	42	98387	15	8	80	0	0	0	0	0	0	0	0	0	0	0	0	0	0	
1640.898717	8	6	3	0	2	7	1	3110	-1349	42	98448	15	8	81	0	0	0	0	0	0	0	0	0	0	0	0	0	0	
1641.885117	8	6	3	0	2	7	1	3072	-1350	42	98507	15	8	83	0	0	0	0	0	0	0	0	0	0	0	0	0	0	
1642.890233	8	6	3	0	2	7	1	3002	-1350	42	98567	15	8	85	0	0	0	0	0	0	0	0	0	0	0	0	0	0	
1643.895367	8	6	3	0	2	7	1	2860	-1349	42	98628	15	8	86	0	0	0	0	0	0	0	0	0	0	0	0	0	0	
1644.524633	8	15	3	0	1	31	2	2770	3	42	98665	16	8	87	0	0	0	0	0	0	0	0	0	0	0	0	0	0	
1644.544800	8	3	3	0	1	2	2	3330	648	42	98666	17	8	87	0	0	0	0	0	0	0	0	0	0	0	0	0	0	
1644.886083	8	3	3	0	1	2	2	3483	675	42	98687	17	8	87	0	0	0	0	0	0	0	0	0	0	0	0	0	0	
1645.891200	8	3	3	0	1	2	2	3639	674	42	98747	17	8	87	0	0	0	0	0	0	0	0	0	0	0	0	0	0	
1646.896317	8	3	3	0	1	2	2	3724	676	42	98808	17	8	87	0	0	0	0	0	0	0	0	0	0	0	0	0	0	
1647.882717	8	3	3	0	1	2	2	3782	676	42	98867	17	8	87	0	0	0	0	0	0	0	0	0	0	0	0	0	0	
1648.887833	8	3	3	0	1	2	2	3827	675	42	98927	17	8	87	0	0	0	0	0	0	0	0	0	0	0	0	0	0	
1649.892967	8	3	3	0	1	2	2	3862	674	42	98987	17	8	87	0	0	0	0	0	0	0	0	0	0	0	0	0	0	
1650.883683	8	3	3	0	1	2	2	3883	674	42	99047	17	8	87	0	0	0	0	0	0	0	0	0	0	0	0	0	0	
1651.888800	8	3	3	0	1	2	2	3893	673	42	99107	17	8	87	0	0	0	0	0	0	0	0	0	0	0	0	0	0	
1652.893917	8	3	3	0	1	2	2	3900	674	42	99167	17	8	87	0	0	0	0	0	0	0	0	0	0	0	0	0	0	
1653.881767	8	3	3	0	1	2	2	3906	675	42	99227	17	8	87	0	0	0	0	0	0	0	0	0	0	0	0	0	0	
1654.886883	8	3	3	0	1	2	2	3912	675	42	99287	17	8	87	0	0	0	0	0	0	0	0	0	0	0	0	0	0	
1655.892000	8	3	3	0	1	2	2	3917	675	42	99347	17	8	87	0	0	0	0	0	0	0	0	0	0	0	0	0	0	
1656.897117	8	3	3	0	1	2	2	3922	676	42	99408	17	8	87	0	0	0	0	0	0	0	0	0	0	0	0	0	0	
1657.883517	8	3	3	0	1	2	2	3927	675	42	99467	17	8	87	0	0	0	0	0	0	0	0	0	0	0	0	0	0	
1658.888633	8	3	3	0	1	2	2	3932	675	42	99527	17	8	87	0	0	0	0	0	0	0	0	0	0	0	0	0	0	
1659.895200	8	3	3	0	1	2	2	3938	675	42	99587	17	8	87	0	0	0	0	0	0	0	0	0	0	0	0	0	0	
1660.900317	8	3	3	0	1	2	2	3943	675	42	99648	17	8	87	0	0	0	0	0	0	0	0	0	0	0	0	0	0	
1661.886717	8	3	3	0	1	2	2	3949	674	42	99707	17	8	87	0	0	0	0	0	0	0	0	0	0	0	0	0	0	
1662.891833	8	3	3	0	1	2	2	3955	674	42	99767	17	8	87	0	0	0	0	0	0	0	0	0	0	0	0	0	0	
1663.896967	8	3	3	0	1	2	2	3961	673	42	99828	17	8	87	0	0	0	0	0	0	0	0	0	0	0	0	0	0	
1664.883367	8	3	3	0	1	2	2	3967	675	42	99887	17	8	87	0	0	0	0	0	0	0	0	0	0	0	0	0	0	
1665.889917	8	3	3	0	1	2	2	3973	675	42	99947	17	8	87	0	0	0	0	0	0	0	0	0	0	0	0	0	0	
1666.895033	8	3	3	0	1	2	2	3979	676	42	100007	17	8	87	0	0	0	0	0	0	0	0	0	0	0	0	0	0	
1667.900167	8	3	3	0	1	2	2	3984	673	42	100068	17	8	87	0	0	0	0	0	0	0	0	0	0	0	0	0	0	
1668.886567	8	3	3	0	1	2	2	3989	674	42	100127	17	8	87	0	0	0	0	0	0	0	0	0	0	0	0	0	0	
1669.891683	8	3	3	0	1	2	2	3993	674	42	100187	17	8	87	0	0	0	0	0	0	0	0	0	0	0	0	0	0	
1670.898233	8	3	3	0	1	2	2	3998	674	42	100248	17	8	87	0	0	0	0	0	0	0	0	0	0	0	0	0	0	
1671.884633	8	3	3	0	1	2	2	4001	673	42	100307	17	8	87	0	0	0	0	0	0	0	0	0	0	0	0	0	0	
1672.889767	8	3	3	0	1	2	2	4005	675	42	100367	17	8	87	0	0	0	0	0	0	0	0	0	0	0	0	0	0	
1673.894883	8	3	3	0	1	2	2	4008	674	42	100427	17	8	87	0	0	0	0	0	0	0	0	0	0	0	0	0	0	
1674.900000	8	3	3	0	1	2	2	4012	675	42	100488	17	8	87	0	0	0	0	0	0	0	0	0	0	0	0	0	0	
1675.886400	8	3	3	0	1	2	2	4015	675	42	100547	17	8	87	0	0	0	0	0	0	0	0	0	0	0	0	0	0	
1676.892967	8	3	3	0	1	2	2	4018	675	42	100607	17	8	87	0	0	0	0	0	0	0	0	0	0	0	0	0	0	
1677.898083	8	3	3	0	1	2	2	4021	676	42	100668	17	8	87	0	0	0	0	0	0	0	0	0	0	0	0	0	0	
1678.884483	8	3	3	0	1	2	2	4023	674	42	100727	17	8	87	0	0	0	0	0	0	0	0	0	0	0	0	0	0	
1679.889600	8	3	3	0	1	2	2	4027	675	42	100787	17	8	87	0	0	0	0	0	0	0	0	0	0	0	0	0	0	
1680.896167	8	3	3	0	1	2	2	4029	674	42	100847	17	8	87	0	0	0	0	0	0	0	0	0	0	0	0	0	0	
1681.902717	8	3	3	0	1	2	2	4033	676	42	100908	17	8	87	0	0	0	0	0	0	0	0	0	0	0	0	0	0	
1682.889117	8	3	3	0	1	2	2	4036	675	42	100967	17	8	87	0	0	0	0	0	0	0	0	0	0	0	0	0	0	
1683.894233	8	3	3	0	1	2	2	4039	676	42	101027	17	8	87	0	0	0	0	0	0	0	0	0	0	0	0	0	0	
1684.899367	8	3	3	0	1	2	2	4042	674	42	101088	17	8	87	0	0	0	0	0	0	0	0	0	0	0	0	0	0	
1685.887200	8	3	3	0	1	2	2	4045	675	42	101147	17	8	87	0	0	0	0	0	0	0	0	0	0	0	0	0	0	
1686.892317	8	3	3	0	1	2	2	4048	673	42	101207	17	8	87	0	0	0	0	0	0	0	0	0	0	0	0	0	0	
1687.897433	8	3	3	0	1	2	2	4052	674	42	101267	17	8	87	0	0	0	0	0	0	0	0	0	0	0	0	0	0	
1688.883833	8	3	3	0	1	2	2	4055	674	42	101327	17	8	87	0	0	0	0	0	0	0	0	0	0	0	0	0	0	
1689.888967	8	3	3	0	1	2	2	4059	674	42	101387	17	8	87	0	0	0	0	0	0	0	0	0	0	0	0	0	0	
1690.895517	8	3	3	0	1	2	2	4062	675	42	101447	17	8	87	0	0	0	0	0	0	0	0	0	0	0	0	0	0	
1691.900633	8	3	3	0	1	2	2	4066	674	42	101508	17	8	87	0	0	0	0	0	0	0	0	0	0	0	0	0	0	
1692.887033	8	3	3	0	1	2	2	4069	675	42	101567	17	8	87	0	0	0	0	0	0	0	0	0	0	0	0	0	0	
1693.892167	8	3	3	0	1	2	2	4073	674	42	101627	17	8	87	0	0	0	0	0	0	0	0	0	0	0	0	0	0	
1694.897283	8	3	3	0	1	2	2	4077	675	42	101687	17	8	87	0	0	0	0	0	0	0	0	0	0	0	0	0	0	
1695.883683	8	3	3	0	1	2	2	4080	675	42	101747	17	8	87	0	0	0	0	0	0	0	0	0	0	0	0	0	0	
1696.890233	8	3	3	0	1	2	2	4084	675	42	101807	17	8	87	0	0	0	0	0	0	0	0	0	0	0	0	0	0	
1697.895367	8	3	3	0	1	2	2	4088	674	42	101867	17	8	87	0	0	0	0	0	0	0	0	0	0	0	0	0	0	
1698.900483	8	3	3	0	1	2	2	4092	673	42	101928	17	8	87	0	0	0	0	0	0	0	0	0	0	0	0	0	0	
1699.886883	8	3	3	0	1	2	2	4097	676	42	101987	17	8	87	0	0	0	0	0	0	0	0	0	0	0	0	0	0	
1700.892000	8	3	3	0	1	2	2	4101	675	42	102047	17	8	87	0	0	0	0	0	0	0	0	0	0	0	0	0	0	
1701.897117	8	3	3	0	1	2	2	4105	674	42	102107	17	8	87	0	0	0	0	0	0	0	0	0	0	0	0	0	0	
1702.903683	8	3	3	0	1	2	2	4110	675	42	102168	17	8	87	0	0	0	0	0	0	0	0	0	0	0	0	0	0	
1703.890083	8	3	3	0	1	2	2	4114	674	42	102227	17	8	87	0	0	0	0	0	0	0	0	0	0	0	0	0	0	
1704.895200	8	3	3	0	1	2	2	4117	667	42	102287	17	8	87	0	0	0	0	0	0	0	0	0	0	0	0	0	0	
1705.900317	8	3	3	0	1	2	2	4120	664	42	102348	17	8	87	0	0	0	0	0	0	0	0	0	0	0	0	0	0	
1706.886717	8	3	3	0	1	2	2	4124	664	42	102407	17	8	87	0	0	0	0	0	0	0	0	0	0	0	0	0	0	
1707.893283	8	3	3	0	1	2	2	4129	663	42	102467	17	8	87	0	0	0	0	0	0	0	0	0	0	0	0	0	0	
1708.898400	8	3	3	0	1	2	2	4133	662	42	102527	17	8	87	0	0	0	0	0	0	0	0	0	0	0	0	0	0	
1709.903517	8	3	3	0	1	2	2	4138	660	42	102588	17	8	87	0	0	0	0	0	0	0	0	0	0	0	0	0	0	
1710.889917	8	3	3	0	1	2	2	4142	659	42	102647	17	8	87	0	0	0	0	0	0	0	0	0	0	0	0	0	0	
1711.895033	8	3	3	0	1	2	2	4148	661	42	102707	17	8	87	0	0	0	0	0	0	0	0	0	0	0	0	0	0	
1712.900167	8	3	3	0	1	2	2	4152	659	42	102768	17	8	87	0	0	0	0	0	0	0	0	0	0	0	0	0	0	
1713.886567	8	3	3	0	1	2	2	4157	660	42	102827	17	8	87	0	0	0	0	0	0	0	0	0	0	0	0	0	0	
1714.893117	8	3	3	0	1	2	2	4162	658	42	102887	17	8	87	0	0	0	0	0	0	0	0	0	0	0	0	0	0	
1715.898233	8	3	3	0	1	2	2	4167	656	42	102947	17	8	87	0	0	0	0	0	0	0	0	0	0	0	0	0	0	
1716.903367	8	3	3	0	1	2	2	4172	656	42	103008	17	8	87	0	0	0	0	0	0	0	0	0	0	0	0	0	0	
1717.889767	8	3	3	0	1	2	2	4178	658	42	103067	17	8	87	0	0	0	0	0	0	0	0	0	0	0	0	0	0	
1718.894883	8	3	3	0	1	2	2	4182	654	42	103127	17	8	87	0	0	0	0	0	0	0	0	0	0	0	0	0	0	
1719.900000	8	3	3	0	1	2	2	4188	654	42	103187	17	8	87	0	0	0	0	0	0	0	0	0	0	0	0	0	0	
1720.887833	8	3	3	0	1	2	2	4194	655	42	103247	17	8	87	0	0	0	0	0	0	0	0	0	0	0	0	0	0	
1721.892967	8	3	3	0	1	2	2	4198	649	42	103307	17	8	87	0	0	0	0	0	0	0	0	0	0	0	0	0	0	
1722.898083	8	3	3	0	1	2	2	4199	633	42	103367	17	8	87	0	0	0	0	0	0	0	0	0	0	0	0	0	0	
1723.903200	8	3	3	0	1	2	2	4198	616	42	103428	17	8	87	0	0	0	0	0	0	0	0	0	0	0	0	0	0	
1724.889600	8	3	3	0	1	2	2	4199	601	42	103487	17	8	87	0	0	0	0	0	0	0	0	0	0	0	0	0	0	
1725.896167	8	3	3	0	1	2	2	4199	584	42	103547	17	8	87	0	0	0	0	0	0	0	0	0	0	0	0	0	0	
1726.901283	8	3	3	0	1	2	2	4199	568	42	103607	17	8	87	0	0	0	0	0	0	0	0	0	0	0	0	0	0	
1727.887683	8	3	3	0	1	2	2	4199	552	42	103667	17	8	87	0	0	0	0	0	0	0	0	0	0	0	0	0	0	
1728.892800	8	3	3	0	1	2	2	4199	536	42	103727	17	8	87	0	0	0	0	0	0	0	0	0	0	0	0	0	0	
1729.897917	8	3	3	0	1	2	2	4198	521	42	103787	17	8	87	0	0	0	0	0	0	0	0	0	0	0	0	0	0	
1730.904483	8	3	3	0	1	2	2	4198	505	42	103848	17	8	87	0	0	0	0	0	0	0	0	0	0	0	0	0	0	
1731.890883	8	3	3	0	1	2	2	4199	491	42	103907	17	8	87	0	0	0	0	0	0	0	0	0	0	0	0	0	0	
1732.896000	8	3	3	0	1	2	2	4199	477	42	103967	17	8	87	0	0	0	0	0	0	0	0	0	0	0	0	0	0	
1733.901117	8	3	3	0	1	2	2	4199	462	42	104027	17	8	87	0	0	0	0	0	0	0	0	0	0	0	0	0	0	
1734.887517	8	3	3	0	1	2	2	4199	448	42	104087	17	8	87	0	0	0	0	0	0	0	0	0	0	0	0	0	0	
1735.892633	8	3	3	0	1	2	2	4198	435	42	104147	17	8	87	0	0	0	0	0	0	0	0	0	0	0	0	0	0	
1736.899200	8	3	3	0	1	2	2	4199	422	42	104207	17	8	87	0	0	0	0	0	0	0	0	0	0	0	0	0	0	
1737.904317	8	3	3	0	1	2	2	4199	409	42	104268	17	8	87	0	0	0	0	0	0	0	0	0	0	0	0	0	0	
1738.890717	8	3	3	0	1	2	2	4198	396	42	104327	17	8	87	0	0	0	0	0	0	0	0	0	0	0	0	0	0	
1739.895833	8	3	3	0	1	2	2	4199	384	42	104387	17	8	87	0	0	0	0	0	0	0	0	0	0	0	0	0	0	
1740.900967	8	3	3	0	1	2	2	4199	372	42	104447	17	8	87	0	0	0	0	0	0	0	0	0	0	0	0	0	0	
1741.887367	8	3	3	0	1	2	2	4199	361	42	104507	17	8	87	0	0	0	0	0	0	0	0	0	0	0	0	0	0	
1742.893917	8	3	3	0	1	2	2	4199	350	42	104567	17	8	87	0	0	0	0	0	0	0	0	0	0	0	0	0	0	
1743.899033	8	3	3	0	1	2	2	4199	339	42	104627	17	8	87	0	0	0	0	0	0	0	0	0	0	0	0	0	0	
1744.904167	8	3	3	0	1	2	2	4199	328	42	104688	17	8	87	0	0	0	0	0	0	0	0	0	0	0	0	0	0	
1745.890567	8	3	3	0	1	2	2	4199	319	42	104747	17	8	87	0	0	0	0	0	0	0	0	0	0	0	0	0	0	
1746.895683	8	3	3	0	1	2	2	4199	311	42	104807	17	8	87	0	0	0	0	0	0	0	0	0	0	0	0	0	0	
1747.900800	8	3	3	0	1	2	2	4199	301	42	104867	17	8	87	0	0	0	0	0	0	0	0	0	0	0	0	0	0	
1748.907367	8	3	3	0	1	2	2	4199	292	42	104928	17	8	87	0	0	0	0	0	0	0	0	0	0	0	0	0	0	
1749.893767	8	3	3	0	1	2	2	4199	284	42	104987	17	8	87	0	0	0	0	0	0	0	0	0	0	0	0	0	0	
1750.898883	8	3	3	0	1	2	2	4199	274	42	105047	17	8	87	0	0	0	0	0	0	0	0	0	0	0	0	0	0	
1751.904000	8	3	3	0	1	2	2	4199	266	42	105108	17	8	87	0	0	0	0	0	0	0	0	0	0	0	0	0	0	
1752.890400	8	3	3	0	1	2	2	4199	258	42	105167	17	8	87	0	0	0	0	0	0	0	0	0	0	0	0	0	0	
1753.895517	8	3	3	0	1	2	2	4199	251	42	105227	17	8	87	0	0	0	0	0	0	0	0	0	0	0	0	0	0	
1754.902083	8	3	3	0	1	2	2	4199	244	42	105287	17	8	87	0	0	0	0	0	0	0	0	0	0	0	0	0	0	
1755.907200	8	3	3	0	1	2	2	4199	236	42	105348	17	8	87	0	0	0	0	0	0	0	0	0	0	0	0	0	0	
1756.893600	8	3	3	0	1	2	2	4199	229	42	105407	17	8	87	0	0	0	0	0	0	0	0	0	0	0	0	0	0	
1757.898717	8	3	3	0	1	2	2	4199	223	42	105467	17	8	87	0	0	0	0	0	0	0	0	0	0	0	0	0	0	
1758.903833	8	3	3	0	1	2	2	4199	216	42	105528	17	8	87	0	0	0	0	0	0	0	0	0	0	0	0	0	0	
1759.890233	8	3	3	0	1	2	2	4198	210	42	105587	17	8	87	0	0	0	0	0	0	0	0	0	0	0	0	0	0	
1760.895367	8	3	3	0	1	2	2	4198	203	42	105647	17	8	87	0	0	0	0	0	0	0	0	0	0	0	0	0	0	
1761.904800	8	3	3	0	1	2	2	4198	197	42	105708	17	8	87	0	0	0	0	0	0	0	0	0	0	0	0	0	0	
1762.891200	8	3	3	0	1	2	2	4198	191	42	105767	17	8	87	0	0	0	0	0	0	0	0	0	0	0	0	0	0	
1763.896317	8	3	3	0	1	2	2	4198	185	42	105827	17	8	87	0	0	0	0	0	0	0	0	0	0	0	0	0	0	
1764.902883	8	3	3	0	1	2	2	4198	180	42	105887	17	8	87	0	0	0	0	0	0	0	0	0	0	0	0	0	0	
1765.908000	8	3	3	0	1	2	2	4198	174	42	105948	17	8	87	0	0	0	0	0	0	0	0	0	0	0	0	0	0	
1766.894400	8	3	3	0	1	2	2	4199	169	42	106007	17	8	87	0	0	0	0	0	0	0	0	0	0	0	0	0	0	
1767.899517	8	3	3	0	1	2	2	4198	164	42	106067	17	8	87	0	0	0	0	0	0	0	0	0	0	0	0	0	0	
1768.904633	8	3	3	0	1	2	2	4198	159	42	106128	17	8	87	0	0	0	0	0	0	0	0	0	0	0	0	0	0	
1769.891033	8	3	3	0	1	2	2	4199	153	42	106187	17	8	87	0	0	0	0	0	0	0	0	0	0	0	0	0	0	
1770.896167	8	3	3	0	1	2	2	4198	149	42	106247	17	8	87	0	0	0	0	0	0	0	0	0	0	0	0	0	0	
1771.902717	8	3	3	0	1	2	2	4199	144	42	106307	17	8	87	0	0	0	0	0	0	0	0	0	0	0	0	0	0	
1772.890567	8	3	3	0	1	2	2	4198	141	42	106367	17	8	87	0	0	0	0	0	0	0	0	0	0	0	0	0	0	
1773.895683	8	3	3	0	1	2	2	4198	136	42	106427	17	8	87	0	0	0	0	0	0	0	0	0	0	0	0	0	0	
1774.900800	8	3	3	0	1	2	2	4198	132	42	106487	17	8	87	0	0	0	0	0	0	0	0	0	0	0	0	0	0	
1775.907367	8	3	3	0	1	2	2	4199	128	42	106548	17	8	87	0	0	0	0	0	0	0	0	0	0	0	0	0	0	
1776.893767	8	3	3	0	1	2	2	4198	124	42	106607	17	8	87	0	0	0	0	0	0	0	0	0	0	0	0	0	0	
1777.898883	8	3	3	0	1	2	2	4198	120	42	106667	17	8	87	0	0	0	0	0	0	0	0	0	0	0	0	0	0	
1778.904000	8	3	3	0	1	2	2	4198	117	42	106727	17	8	87	0	0	0	0	0	0	0	0	0	0	0	0	0	0	
1779.909117	8	3	3	0	1	2	2	4199	113	42	106788	17	8	87	0	0	0	0	0	0	0	0	0	0	0	0	0	0	
1780.895517	8	3	3	0	1	2	2	4199	110	42	106847	17	8	87	0	0	0	0	0	0	0	0	0	0	0	0	0	0	
1781.902083	8	3	3	0	1	2	2	4198	106	42	106907	17	8	87	0	0	0	0	0	0	0	0	0	0	0	0	0	0	
1782.907200	8	3	3	0	1	2	2	4199	103	42	106968	17	8	87	0	0	0	0	0	0	0	0	0	0	0	0	0	0	
1783.893600	8	3	3	0	1	2	2	4199	100	42	107027	17	8	87	0	0	0	0	0	0	0	0	0	0	0	0	0	0	
1784.898717	8	3	3	0	1	2	2	4198	97	42	107087	17	8	87	0	0	0	0	0	0	0	0	0	0	0	0	0	0	
1785.903833	8	3	3	0	1	2	2	4199	93	42	107147	17	8	87	0	0	0	0	0	0	0	0	0	0	0	0	0	0	
1786.908967	8	3	3	0	1	2	2	4199	90	42	107208	17	8	87	0	0	0	0	0	0	0	0	0	0	0	0	0	0	
1787.896800	8	3	3	0	1	2	2	4198	88	42	107267	17	8	87	0	0	0	0	0	0	0	0	0	0	0	0	0	0	
1788.901917	8	3	3	0	1	2	2	4198	85	42	107327	17	8	87	0	0	0	0	0	0	0	0	0	0	0	0	0	0	
1789.907033	8	3	3	0	1	2	2	4198	83	42	107388	17	8	87	0	0	0	0	0	0	0	0	0	0	0	0	0	0	
1790.893433	8	3	3	0	1	2	2	4199	81	42	107447	17	8	87	0	0	0	0	0	0	0	0	0	0	0	0	0	0	
1791.898567	8	3	3	0	1	2	2	4198	78	42	107507	17	8	87	0	0	0	0	0	0	0	0	0	0	0	0	0	0	
1792.903683	8	3	3	0	1	2	2	4198	76	42	107567	17	8	87	0	0	0	0	0	0	0	0	0	0	0	0	0	0	
1793.910233	8	3	3	0	1	2	2	4198	73	42	107628	17	8	87	0	0	0	0	0	0	0	0	0	0	0	0	0	0	
1794.896633	8	3	3	0	1	2	2	4199	70	42	107687	17	8	87	0	0	0	0	0	0	0	0	0	0	0	0	0	0	
1795.901767	8	3	3	0	1	2	2	4198	70	42	107747	17	8	87	0	0	0	0	0	0	0	0	0	0	0	0	0	0	
1796.813283	8	6	3	0	2	7	1	3941	-754	42	107802	17	9	0	0	0	0	0	0	0	0	0	0	0	0	0	0	0	
1796.908317	8	6	3	0	2	7	1	3714	-1350	42	107808	17	9	0	0	0	0	0	0	0	0	0	0	0	0	0	0	0	
1797.894717	8	6	3	0	2	7	1	3659	-1349	42	107867	17	9	1	0	0	0	0	0	0	0	0	0	0	0	0	0	0	
1798.899833	8	6	3	0	2	7	1	3642	-1348	42	107927	17	9	3	0	0	0	0	0	0	0	0	0	0	0	0	0	0	
1799.906400	8	6	3	0	2	7	1	3630	-1349	42	107987	17	9	5	0	0	0	0	0	0	0	0	0	0	0	0	0	0	
1800.892800	8	6	3	0	2	7	1	3617	-1351	42	108047	17	9	6	0	0	0	0	0	0	0	0	0	0	0	0	0	0	
1801.897917	8	6	3	0	2	7	1	3610	-1351	42	108107	17	9	8	0	0	0	0	0	0	0	0	0	0	0	0	0	0	
1802.903033	8	6	3	0	2	7	1	3610	-1350	42	108167	17	9	10	0	0	0	0	0	0	0	0	0	0	0	0	0	0	
1803.909600	8	6	3	0	2	7	1	3597	-1350	42	108228	17	9	11	0	0	0	0	0	0	0	0	0	0	0	0	0	0	
1804.897433	8	6	3	0	2	7	1	3583	-1348	42	108287	17	9	13	0	0	0	0	0	0	0	0	0	0	0	0	0	0	
1805.902567	8	6	3	0	2	7	1	3571	-1349	42	108347	17	9	14	0	0	0	0	0	0	0	0	0	0	0	0	0	0	
1806.907683	8	6	3	0	2	7	1	3557	-1350	42	108407	17	9	16	0	0	0	0	0	0	0	0	0	0	0	0	0	0	
1807.894083	8	6	3	0	2	7	1	3539	-1350	42	108467	17	9	18	0	0	0	0	0	0	0	0	0	0	0	0	0	0	
1808.899200	8	6	3	0	2	7	1	3526	-1350	42	108527	17	9	19	0	0	0	0	0	0	0	0	0	0	0	0	0	0	
1809.905767	8	6	3	0	2	7	1	3511	-1349	42	108587	17	9	21	0	0	0	0	0	0	0	0	0	0	0	0	0	0	
1810.910883	8	6	3	0	2	7	1	3494	-1347	42	108648	17	9	23	0	0	0	0	0	0	0	0	0	0	0	0	0	0	
1811.897283	8	6	3	0	2	7	1	3480	-1348	42	108707	17	9	24	0	0	0	0	0	0	0	0	0	0	0	0	0	0	
1812.902400	8	6	3	0	2	7	1	3465	-1350	42	108767	17	9	26	0	0	0	0	0	0	0	0	0	0	0	0	0	0	
1813.907517	8	6	3	0	2	7	1	3457	-1348	42	108827	17	9	28	0	0	0	0	0	0	0	0	0	0	0	0	0	0	
1814.893917	8	6	3	0	2	7	1	3442	-1349	42	108887	17	9	29	0	0	0	0	0	0	0	0	0	0	0	0	0	0	
1815.899033	8	6	3	0	2	7	1	3428	-1350	42	108947	17	9	31	0	0	0	0	0	0	0	0	0	0	0	0	0	0	
1816.905600	8	6	3	0	2	7	1	3417	-1350	42	109007	17	9	33	0	0	0	0	0	0	0	0	0	0	0	0	0	0	
1817.910717	8	6	3	0	2	7	1	3405	-1350	42	109068	17	9	34	0	0	0	0	0	0	0	0	0	0	0	0	0	0	
1818.897117	8	6	3	0	2	7	1	3397	-1349	42	109127	17	9	36	0	0	0	0	0	0	0	0	0	0	0	0	0	0	
1819.902233	8	6	3	0	2	7	1	3384	-1349	42	109187	17	9	38	0	0	0	0	0	0	0	0	0	0	0	0	0	0	
1820.907367	8	6	3	0	2	7	1	3373	-1351	42	109247	17	9	39	0	0	0	0	0	0	0	0	0	0	0	0	0	0	
1821.893767	8	6	3	0	2	7	1	3363	-1350	42	109307	17	9	41	0	0	0	0	0	0	0	0	0	0	0	0	0	0	
1822.900317	8	6	3	0	2	7	1	3353	-1351	42	109367	17	9	43	0	0	0	0	0	0	0	0	0	0	0	0	0	0	
1823.905433	8	6	3	0	2	7	1	3343	-1349	42	109427	17	9	44	0	0	0	0	0	0	0	0	0	0	0	0	0	0	
1824.910567	8	6	3	0	2	7	1	3335	-1349	42	109488	17	9	46	0	0	0	0	0	0	0	0	0	0	0	0	0	0	
1825.896967	8	6	3	0	2	7	1	3328	-1350	42	109547	17	9	47	0	0	0	0	0	0	0	0	0	0	0	0	0	0	
1826.902083	8	6	3	0	2	7	1	3316	-1350	42	109607	17	9	49	0	0	0	0	0	0	0	0	0	0	0	0	0	0	
1827.908633	8	6	3	0	2	7	1	3306	-1349	42	109667	17	9	51	0	0	0	0	0	0	0	0	0	0	0	0	0	0	
1828.913767	8	6	3	0	2	7	1	3299	-1350	42	109728	17	9	52	0	0	0	0	0	0	0	0	0	0	0	0	0	0	
1829.900167	8	6	3	0	2	7	1	3293	-1350	42	109787	17	9	54	0	0	0	0	0	0	0	0	0	0	0	0	0	0	
1830.905283	8	6	3	0	2	7	1	3287	-1349	42	109847	17	9	56	0	0	0	0	0	0	0	0	0	0	0	0	0	0	
1831.910400	8	6	3	0	2	7	1	3278	-1348	42	109908	17	9	57	0	0	0	0	0	0	0	0	0	0	0	0	0	0	
1832.896800	8	6	3	0	2	7	1	3272	-1349	42	109967	17	9	59	0	0	0	0	0	0	0	0	0	0	0	0	0	0	
1833.901917	8	6	3	0	2	7	1	3259	-1351	42	110027	17	9	61	0	0	0	0	0	0	0	0	0	0	0	0	0	0	
1834.908483	8	6	3	0	2	7	1	3248	-1349	42	110087	17	9	62	0	0	0	0	0	0	0	0	0	0	0	0	0	0	
1835.913600	8	6	3	0	2	7	1	3242	-1351	42	110148	17	9	64	0	0	0	0	0	0	0	0	0	0	0	0	0	0	
1836.900000	8	6	3	0	2	7	1	3226	-1351	42	110207	17	9	66	0	0	0	0	0	0	0	0	0	0	0	0	0	0	
1837.905117	8	6	3	0	2	7	1	3227	-1350	42	110267	17	9	67	0	0	0	0	0	0	0	0	0	0	0	0	0	0	
1838.910233	8	6	3	0	2	7	1	3223	-1348	42	110328	17	9	69	0	0	0	0	0	0	0	0	0	0	0	0	0	0	
1839.896633	8	6	3	0	2	7	1	3207	-1349	42	110387	17	9	71	0	0	0	0	0	0	0	0	0	0	0	0	0	0	
1840.903200	8	6	3	0	2	7	1	3199	-1349	42	110447	17	9	72	0	0	0	0	0	0	0	0	0	0	0	0	0	0	
1841.908317	8	6	3	0	2	7	1	3187	-1350	42	110507	17	9	74	0	0	0	0	0	0	0	0	0	0	0	0	0	0	
1842.913433	8	6	3	0	2	7	1	3177	-1350	42	110568	17	9	76	0	0	0	0	0	0	0	0	0	0	0	0	0	0	
1843.899833	8	6	3	0	2	7	1	3159	-1351	42	110627	17	9	77	0	0	0	0	0	0	0	0	0	0	0	0	0	0	
1844.904967	8	6	3	0	2	7	1	3142	-1350	42	110687	17	9	79	0	0	0	0	0	0	0	0	0	0	0	0	0	0	
1845.911517	8	6	3	0	2	7	1	3117	-1350	42	110747	17	9	81	0	0	0	0	0	0	0	0	0	0	0	0	0	0	
1846.897917	8	6	3	0	2	7	1	3075	-1349	42	110807	17	9	82	0	0	0	0	0	0	0	0	0	0	0	0	0	0	
1847.903033	8	6	3	0	2	7	1	3017	-1348	42	110867	17	9	84	0	0	0	0	0	0	0	0	0	0	0	0	0	0	
1848.908167	8	6	3	0	2	7	1	2921	-1350	42	110927	17	9	86	0	0	0	0	0	0	0	0	0	0	0	0	0	0	
1849.913283	8	6	3	0	2	7	1	2681	-1349	42	110988	17	9	87	0	0	0	0	0	0	0	0	0	0	0	0	0	0	
1849.939200	8	15	3	0	1	31	2	3237	288	42	110989	19	9	87	0	0	0	0	0	0	0	0	0	0	0	0	0	0	
1849.959367	8	3	3	0	1	2	2	3371	675	42	110990	19	9	87	0	0	0	0	0	0	0	0	0	0	0	0	0	0	
1850.902567	8	3	3	0	1	2	2	3598	675	42	111047	19	9	87	0	0	0	0	0	0	0	0	0	0	0	0	0	0	
1851.909117	8	3	3	0	1	2	2	3696	675	42	111107	19	9	87	0	0	0	0	0	0	0	0	0	0	0	0	0	0	
1852.914233	8	3	3	0	1	2	2	3763	675	42	111168	19	9	87	0	0	0	0	0	0	0	0	0	0	0	0	0	0	
1853.900633	8	3	3	0	1	2	2	3811	675	42	111227	19	9	87	0	0	0	0	0	0	0	0	0	0	0	0	0	0	
1854.905767	8	3	3	0	1	2	2	3849	675	42	111287	19	9	87	0	0	0	0	0	0	0	0	0	0	0	0	0	0	
1855.910883	8	3	3	0	1	2	2	3875	672	42	111347	19	9	87	0	0	0	0	0	0	0	0	0	0	0	0	0	0	
1856.897283	8	3	3	0	1	2	2	3888	675	42	111407	19	9	87	0	0	0	0	0	0	0	0	0	0	0	0	0	0	
1857.903833	8	3	3	0	1	2	2	3895	674	42	111467	19	9	87	0	0	0	0	0	0	0	0	0	0	0	0	0	0	
1858.908967	8	3	3	0	1	2	2	3901	674	42	111527	19	9	87	0	0	0	0	0	0	0	0	0	0	0	0	0	0	
1859.914083	8	3	3	0	1	2	2	3907	675	42	111588	19	9	87	0	0	0	0	0	0	0	0	0	0	0	0	0	0	
1860.900483	8	3	3	0	1	2	2	3911	674	42	111647	19	9	87	0	0	0	0	0	0	0	0	0	0	0	0	0	0	
1861.905600	8	3	3	0	1	2	2	3916	674	42	111707	19	9	87	0	0	0	0	0	0	0	0	0	0	0	0	0	0	
1862.912167	8	3	3	0	1	2	2	3921	674	42	111767	19	9	87	0	0	0	0	0	0	0	0	0	0	0	0	0	0	
1863.901433	8	3	3	0	1	2	2	3927	675	42	111827	19	9	87	0	0	0	0	0	0	0	0	0	0	0	0	0	0	
1864.906567	8	3	3	0	1	2	2	3933	676	42	111887	19	9	87	0	0	0	0	0	0	0	0	0	0	0	0	0	0	
1865.911683	8	3	3	0	1	2	2	3938	675	42	111947	19	9	87	0	0	0	0	0	0	0	0	0	0	0	0	0	0	
1866.898083	8	3	3	0	1	2	2	3944	675	42	112007	19	9	87	0	0	0	0	0	0	0	0	0	0	0	0	0	0	
1867.904633	8	3	3	0	1	2	2	3951	675	42	112067	19	9	87	0	0	0	0	0	0	0	0	0	0	0	0	0	0	
1868.909767	8	3	3	0	1	2	2	3957	674	42	112127	19	9	87	0	0	0	0	0	0	0	0	0	0	0	0	0	0	
1869.914883	8	3	3	0	1	2	2	3963	675	42	112188	19	9	87	0	0	0	0	0	0	0	0	0	0	0	0	0	0	
1870.901283	8	3	3	0	1	2	2	3968	674	42	112247	19	9	87	0	0	0	0	0	0	0	0	0	0	0	0	0	0	
1871.906400	8	3	3	0	1	2	2	3973	673	42	112307	19	9	87	0	0	0	0	0	0	0	0	0	0	0	0	0	0	
1872.911517	8	3	3	0	1	2	2	3979	675	42	112367	19	9	87	0	0	0	0	0	0	0	0	0	0	0	0	0	0	
1873.897917	8	3	3	0	1	2	2	3984	675	42	112427	19	9	87	0	0	0	0	0	0	0	0	0	0	0	0	0	0	
1874.904483	8	3	3	0	1	2	2	3988	674	42	112487	19	9	87	0	0	0	0	0	0	0	0	0	0	0	0	0	0	
1875.909600	8	3	3	0	1	2	2	3992	675	42	112547	19	9	87	0	0	0	0	0	0	0	0	0	0	0	0	0	0	
1876.916167	8	3	3	0	1	2	2	3996	674	42	112608	19	9	87	0	0	0	0	0	0	0	0	0	0	0	0	0	0	
1877.902567	8	3	3	0	1	2	2	4000	674	42	112667	19	9	87	0	0	0	0	0	0	0	0	0	0	0	0	0	0	
1878.909117	8	3	3	0	1	2	2	4002	674	42	112727	19	9	87	0	0	0	0	0	0	0	0	0	0	0	0	0	0	
1879.914233	8	3	3	0	1	2	2	4006	674	42	112788	19	9	87	0	0	0	0	0	0	0	0	0	0	0	0	0	0	
1880.900633	8	3	3	0	1	2	2	4009	675	42	112847	19	9	87	0	0	0	0	0	0	0	0	0	0	0	0	0	0	
1881.905767	8	3	3	0	1	2	2	4011	673	42	112907	19	9	87	0	0	0	0	0	0	0	0	0	0	0	0	0	0	
1882.910883	8	3	3	0	1	2	2	4014	675	42	112967	19	9	87	0	0	0	0	0	0	0	0	0	0	0	0	0	0	
1883.917433	8	3	3	0	1	2	2	4017	674	42	113028	19	9	87	0	0	0	0	0	0	0	0	0	0	0	0	0	0	
1884.903833	8	3	3	0	1	2	2	4020	674	42	113087	19	9	87	0	0	0	0	0	0	0	0	0	0	0	0	0	0	
1885.908967	8	3	3	0	1	2	2	4023	675	42	113147	19	9	87	0	0	0	0	0	0	0	0	0	0	0	0	0	0	
1886.914083	8	3	3	0	1	2	2	4026	674	42	113207	19	9	87	0	0	0	0	0	0	0	0	0	0	0	0	0	0	
1887.900483	8	3	3	0	1	2	2	4029	674	42	113267	19	9	87	0	0	0	0	0	0	0	0	0	0	0	0	0	0	
1888.905600	8	3	3	0	1	2	2	4032	673	42	113327	19	9	87	0	0	0	0	0	0	0	0	0	0	0	0	0	0	
1889.912167	8	3	3	0	1	2	2	4035	675	42	113387	19	9	87	0	0	0	0	0	0	0	0	0	0	0	0	0	0	
1890.917283	8	3	3	0	1	2	2	4038	674	42	113448	19	9	87	0	0	0	0	0	0	0	0	0	0	0	0	0	0	
1891.903683	8	3	3	0	1	2	2	4041	674	42	113507	19	9	87	0	0	0	0	0	0	0	0	0	0	0	0	0	0	
1892.908800	8	3	3	0	1	2	2	4044	673	42	113567	19	9	87	0	0	0	0	0	0	0	0	0	0	0	0	0	0	
1893.913917	8	3	3	0	1	2	2	4048	675	42	113627	19	9	87	0	0	0	0	0	0	0	0	0	0	0	0	0	0	
1894.900317	8	3	3	0	1	2	2	4051	674	42	113687	19	9	87	0	0	0	0	0	0	0	0	0	0	0	0	0	0	
1895.906883	8	3	3	0	1	2	2	4055	675	42	113747	19	9	87	0	0	0	0	0	0	0	0	0	0	0	0	0	0	
1896.912000	8	3	3	0	1	2	2	4058	675	42	113807	19	9	87	0	0	0	0	0	0	0	0	0	0	0	0	0	0	
1897.917117	8	3	3	0	1	2	2	4061	673	42	113868	19	9	87	0	0	0	0	0	0	0	0	0	0	0	0	0	0	
1898.903517	8	3	3	0	1	2	2	4065	675	42	113927	19	9	87	0	0	0	0	0	0	0	0	0	0	0	0	0	0	
1899.908633	8	3	3	0	1	2	2	4068	674	42	113987	19	9	87	0	0	0	0	0	0	0	0	0	0	0	0	0	0	
1900.913767	8	3	3	0	1	2	2	4072	674	42	114047	19	9	87	0	0	0	0	0	0	0	0	0	0	0	0	0	0	
1901.901600	8	3	3	0	1	2	2	4076	674	42	114107	19	9	87	0	0	0	0	0	0	0	0	0	0	0	0	0	0	
1902.906717	8	3	3	0	1	2	2	4080	674	42	114167	19	9	87	0	0	0	0	0	0	0	0	0	0	0	0	0	0	
1903.911833	8	3	3	0	1	2	2	4085	675	42	114227	19	9	87	0	0	0	0	0	0	0	0	0	0	0	0	0	0	
1904.916967	8	3	3	0	1	2	2	4089	674	42	114288	19	9	87	0	0	0	0	0	0	0	0	0	0	0	0	0	0	
1905.903367	8	3	3	0	1	2	2	4093	675	42	114347	19	9	87	0	0	0	0	0	0	0	0	0	0	0	0	0	0	
1906.909917	8	3	3	0	1	2	2	4097	674	42	114407	19	9	87	0	0	0	0	0	0	0	0	0	0	0	0	0	0	
1907.915033	8	3	3	0	1	2	2	4102	675	42	114467	19	9	87	0	0	0	0	0	0	0	0	0	0	0	0	0	0	
1908.901433	8	3	3	0	1	2	2	4106	674	42	114527	19	9	87	0	0	0	0	0	0	0	0	0	0	0	0	0	0	
1909.906567	8	3	3	0	1	2	2	4111	676	42	114587	19	9	87	0	0	0	0	0	0	0	0	0	0	0	0	0	0	
1910.911683	8	3	3	0	1	2	2	4115	675	42	114647	19	9	87	0	0	0	0	0	0	0	0	0	0	0	0	0	0	
1911.918233	8	3	3	0	1	2	2	4117	666	42	114708	19	9	87	0	0	0	0	0	0	0	0	0	0	0	0	0	0	
1912.904633	8	3	3	0	1	2	2	4122	665	42	114767	19	9	87	0	0	0	0	0	0	0	0	0	0	0	0	0	0	
1913.909767	8	3	3	0	1	2	2	4126	664	42	114827	19	9	87	0	0	0	0	0	0	0	0	0	0	0	0	0	0	
1914.914883	8	3	3	0	1	2	2	4130	663	42	114887	19	9	87	0	0	0	0	0	0	0	0	0	0	0	0	0	0	
1915.920000	8	3	3	0	1	2	2	4135	662	42	114948	19	9	87	0	0	0	0	0	0	0	0	0	0	0	0	0	0	
1916.906400	8	3	3	0	1	2	2	4139	661	42	115007	19	9	87	0	0	0	0	0	0	0	0	0	0	0	0	0	0	
1917.911517	8	3	3	0	1	2	2	4144	661	42	115067	19	9	87	0	0	0	0	0	0	0	0	0	0	0	0	0	0	
1918.918083	8	3	3	0	1	2	2	4149	659	42	115128	19	9	87	0	0	0	0	0	0	0	0	0	0	0	0	0	0	
1919.904483	8	3	3	0	1	2	2	4155	661	42	115187	19	9	87	0	0	0	0	0	0	0	0	0	0	0	0	0	0	
1920.912483	8	3	3	0	1	2	2	4159	658	42	115247	19	9	87	0	0	0	0	0	0	0	0	0	0	0	0	0	0	
1921.919033	8	3	3	0	1	2	2	4165	657	42	115308	19	9	87	0	0	0	0	0	0	0	0	0	0	0	0	0	0	
1922.905433	8	3	3	0	1	2	2	4170	657	42	115367	19	9	87	0	0	0	0	0	0	0	0	0	0	0	0	0	0	
1923.910567	8	3	3	0	1	2	2	4176	657	42	115427	19	9	87	0	0	0	0	0	0	0	0	0	0	0	0	0	0	
1924.915683	8	3	3	0	1	2	2	4180	655	42	115487	19	9	87	0	0	0	0	0	0	0	0	0	0	0	0	0	0	
1925.902083	8	3	3	0	1	2	2	4186	656	42	115547	19	9	87	0	0	0	0	0	0	0	0	0	0	0	0	0	0	
1926.907200	8	3	3	0	1	2	2	4192	654	42	115607	19	9	87	0	0	0	0	0	0	0	0	0	0	0	0	0	0	
1927.913767	8	3	3	0	1	2	2	4198	655	42	115667	19	9	87	0	0	0	0	0	0	0	0	0	0	0	0	0	0	
1928.918883	8	3	3	0	1	2	2	4199	639	42	115728	19	9	87	0	0	0	0	0	0	0	0	0	0	0	0	0	0	
1929.905283	8	3	3	0	1	2	2	4199	621	42	115787	19	9	87	0	0	0	0	0	0	0	0	0	0	0	0	0	0	
1930.910400	8	3	3	0	1	2	2	4199	604	42	115847	19	9	87	0	0	0	0	0	0	0	0	0	0	0	0	0	0	
1931.915517	8	3	3	0	1	2	2	4199	586	42	115907	19	9	87	0	0	0	0	0	0	0	0	0	0	0	0	0	0	
1932.922083	8	3	3	0	1	2	2	4198	569	42	115968	19	9	87	0	0	0	0	0	0	0	0	0	0	0	0	0	0	
1933.908483	8	3	3	0	1	2	2	4199	553	42	116027	19	9	87	0	0	0	0	0	0	0	0	0	0	0	0	0	0	
1934.913600	8	3	3	0	1	2	2	4199	537	42	116087	19	9	87	0	0	0	0	0	0	0	0	0	0	0	0	0	0	
1935.918717	8	3	3	0	1	2	2	4199	520	42	116148	19	9	87	0	0	0	0	0	0	0	0	0	0	0	0	0	0	
1936.905117	8	3	3	0	1	2	2	4199	505	42	116207	19	9	87	0	0	0	0	0	0	0	0	0	0	0	0	0	0	
1937.910233	8	3	3	0	1	2	2	4199	490	42	116267	19	9	87	0	0	0	0	0	0	0	0	0	0	0	0	0	0	
1938.916800	8	3	3	0	1	2	2	4199	476	42	116327	19	9	87	0	0	0	0	0	0	0	0	0	0	0	0	0	0	
1939.921917	8	3	3	0	1	2	2	4199	461	42	116388	19	9	87	0	0	0	0	0	0	0	0	0	0	0	0	0	0	
1940.908317	8	3	3	0	1	2	2	4199	447	42	116447	19	9	87	0	0	0	0	0	0	0	0	0	0	0	0	0	0	
1941.913433	8	3	3	0	1	2	2	4198	432	42	116507	19	9	87	0	0	0	0	0	0	0	0	0	0	0	0	0	0	
1942.918567	8	3	3	0	1	2	2	4199	418	42	116568	19	9	87	0	0	0	0	0	0	0	0	0	0	0	0	0	0	
1943.904967	8	3	3	0	1	2	2	4199	405	42	116627	19	9	87	0	0	0	0	0	0	0	0	0	0	0	0	0	0	
1944.911517	8	3	3	0	1	2	2	4198	392	42	116687	19	9	87	0	0	0	0	0	0	0	0	0	0	0	0	0	0	
1945.916633	8	3	3	0	1	2	2	4199	381	42	116747	19	9	87	0	0	0	0	0	0	0	0	0	0	0	0	0	0	
1946.921767	8	3	3	0	1	2	2	4199	369	42	116808	19	9	87	0	0	0	0	0	0	0	0	0	0	0	0	0	0	
1947.908167	8	3	3	0	1	2	2	4199	357	42	116867	19	9	87	0	0	0	0	0	0	0	0	0	0	0	0	0	0	
1948.913283	8	3	3	0	1	2	2	4199	346	42	116927	19	9	87	0	0	0	0	0	0	0	0	0	0	0	0	0	0	
1949.919833	8	3	3	0	1	2	2	4199	335	42	116988	19	9	87	0	0	0	0	0	0	0	0	0	0	0	0	0	0	
1950.906233	8	3	3	0	1	2	2	4198	324	42	117047	19	9	87	0	0	0	0	0	0	0	0	0	0	0	0	0	0	
1951.911367	8	3	3	0	1	2	2	4199	314	42	117107	19	9	87	0	0	0	0	0	0	0	0	0	0	0	0	0	0	
1952.916483	8	3	3	0	1	2	2	4199	304	42	117167	19	9	87	0	0	0	0	0	0	0	0	0	0	0	0	0	0	
1953.921600	8	3	3	0	1	2	2	4198	294	42	117228	19	9	87	0	0	0	0	0	0	0	0	0	0	0	0	0	0	
1954.909433	8	3	3	0	1	2	2	4198	284	42	117287	19	9	87	0	0	0	0	0	0	0	0	0	0	0	0	0	0	
1955.917433	8	3	3	0	1	2	2	4198	274	42	117347	19	9	87	0	0	0	0	0	0	0	0	0	0	0	0	0	0	
1956.922567	8	3	3	0	1	2	2	4199	266	42	117408	19	9	87	0	0	0	0	0	0	0	0	0	0	0	0	0	0	
1957.908967	8	3	3	0	1	2	2	4198	257	42	117467	19	9	87	0	0	0	0	0	0	0	0	0	0	0	0	0	0	
1958.914083	8	3	3	0	1	2	2	4198	250	42	117527	19	9	87	0	0	0	0	0	0	0	0	0	0	0	0	0	0	
1959.920633	8	3	3	0	1	2	2	4198	242	42	117588	19	9	87	0	0	0	0	0	0	0	0	0	0	0	0	0	0	
1960.907033	8	3	3	0	1	2	2	4199	235	42	117647	19	9	87	0	0	0	0	0	0	0	0	0	0	0	0	0	0	
1961.912167	8	3	3	0	1	2	2	4199	228	42	117707	19	9	87	0	0	0	0	0	0	0	0	0	0	0	0	0	0	
1962.917283	8	3	3	0	1	2	2	4198	222	42	117767	19	9	87	0	0	0	0	0	0	0	0	0	0	0	0	0	0	
1963.922400	8	3	3	0	1	2	2	4198	215	42	117828	19	9	87	0	0	0	0	0	0	0	0	0	0	0	0	0	0	
1964.908800	8	3	3	0	1	2	2	4198	208	42	117887	19	9	87	0	0	0	0	0	0	0	0	0	0	0	0	0	0	
1965.915367	8	3	3	0	1	2	2	4199	201	42	117947	19	9	87	0	0	0	0	0	0	0	0	0	0	0	0	0	0	
1966.920483	8	3	3	0	1	2	2	4198	195	42	118007	19	9	87	0	0	0	0	0	0	0	0	0	0	0	0	0	0	
1967.906883	8	3	3	0	1	2	2	4198	189	42	118067	19	9	87	0	0	0	0	0	0	0	0	0	0	0	0	0	0	
1968.912000	8	3	3	0	1	2	2	4199	183	42	118127	19	9	87	0	0	0	0	0	0	0	0	0	0	0	0	0	0	
1969.917117	8	3	3	0	1	2	2	4199	178	42	118187	19	9	87	0	0	0	0	0	0	0	0	0	0	0	0	0	0	
1970.922233	8	3	3	0	1	2	2	4198	172	42	118248	19	9	87	0	0	0	0	0	0	0	0	0	0	0	0	0	0	
1971.908633	8	3	3	0	1	2	2	4198	166	42	118307	19	9	87	0	0	0	0	0	0	0	0	0	0	0	0	0	0	
1972.915200	8	3	3	0	1	2	2	4198	161	42	118367	19	9	87	0	0	0	0	0	0	0	0	0	0	0	0	0	0	
1973.920317	8	3	3	0	1	2	2	4198	157	42	118427	19	9	87	0	0	0	0	0	0	0	0	0	0	0	0	0	0	
1974.906717	8	3	3	0	1	2	2	4199	151	42	118487	19	9	87	0	0	0	0	0	0	0	0	0	0	0	0	0	0	
1975.911833	8	3	3	0	1	2	2	4199	147	42	118547	19	9	87	0	0	0	0	0	0	0	0	0	0	0	0	0	0	
1976.916967	8	3	3	0	1	2	2	4199	142	42	118607	19	9	87	0	0	0	0	0	0	0	0	0	0	0	0	0	0	
1977.923517	8	3	3	0	1	2	2	4199	138	42	118668	19	9	87	0	0	0	0	0	0	0	0	0	0	0	0	0	0	
1978.909917	8	3	3	0	1	2	2	4198	134	42	118727	19	9	87	0	0	0	0	0	0	0	0	0	0	0	0	0	0	
1979.915033	8	3	3	0	1	2	2	4198	129	42	118787	19	9	87	0	0	0	0	0	0	0	0	0	0	0	0	0	0	
1980.920167	8	3	3	0	1	2	2	4199	126	42	118847	19	9	87	0	0	0	0	0	0	0	0	0	0	0	0	0	0	
1981.925283	8	3	3	0	1	2	2	4199	122	42	118908	19	9	87	0	0	0	0	0	0	0	0	0	0	0	0	0	0	
1982.911683	8	3	3	0	1	2	2	4198	118	42	118967	19	9	87	0	0	0	0	0	0	0	0	0	0	0	0	0	0	
1983.916800	8	3	3	0	1	2	2	4198	114	42	119027	19	9	87	0	0	0	0	0	0	0	0	0	0	0	0	0	0	
1984.921917	8	3	3	0	1	2	2	4199	110	42	119088	19	9	87	0	0	0	0	0	0	0	0	0	0	0	0	0	0	
1985.908317	8	3	3	0	1	2	2	4198	107	42	119147	19	9	87	0	0	0	0	0	0	0	0	0	0	0	0	0	0	
1986.914883	8	3	3	0	1	2	2	4198	104	42	119207	19	9	87	0	0	0	0	0	0	0	0	0	0	0	0	0	0	
1987.920000	8	3	3	0	1	2	2	4199	101	42	119267	19	9	87	0	0	0	0	0	0	0	0	0	0	0	0	0	0	
1988.925117	8	3	3	0	1	2	2	4198	98	42	119328	19	9	87	0	0	0	0	0	0	0	0	0	0	0	0	0	0	
1989.911517	8	3	3	0	1	2	2	4199	95	42	119387	19	9	87	0	0	0	0	0	0	0	0	0	0	0	0	0	0	
1990.916633	8	3	3	0	1	2	2	4198	92	42	119447	19	9	87	0	0	0	0	0	0	0	0	0	0	0	0	0	0	
1991.923200	8	3	3	0	1	2	2	4199	88	42	119508	19	9	87	0	0	0	0	0	0	0	0	0	0	0	0	0	0	
1992.909600	8	3	3	0	1	2	2	4198	87	42	119567	19	9	87	0	0	0	0	0	0	0	0	0	0	0	0	0	0	
1993.914717	8	3	3	0	1	2	2	4199	84	42	119627	19	9	87	0	0	0	0	0	0	0	0	0	0	0	0	0	0	
1994.919833	8	3	3	0	1	2	2	4199	82	42	119687	19	9	87	0	0	0	0	0	0	0	0	0	0	0	0	0	0	
1995.924967	8	3	3	0	1	2	2	4199	78	42	119748	19	9	87	0	0	0	0	0	0	0	0	0	0	0	0	0	0	
1996.911367	8	3	3	0	1	2	2	4199	77	42	119807	19	9	87	0	0	0	0	0	0	0	0	0	0	0	0	0	0	
1997.917917	8	3	3	0	1	2	2	4199	73	42	119867	19	9	87	0	0	0	0	0	0	0	0	0	0	0	0	0	0	
1998.923033	8	3	3	0	1	2	2	4198	71	42	119927	19	9	87	0	0	0	0	0	0	0	0	0	0	0	0	0	0	
1999.909433	8	3	3	0	1	2	2	4198	69	42	119987	19	9	87	0	0	0	0	0	0	0	0	0	0	0	0	0	0	
2000.916000	8	3	3	0	1	2	2	4198	67	42	120047	19	9	87	0	0	0	0	0	0	0	0	0	0	0	0	0	0	
2001.111833	8	6	3	0	2	7	1	3738	-1350	42	120059	19	10	0	0	0	0	0	0	0	0	0	0	0	0	0	0	0	
2001.924000	8	6	3	0	2	7	1	3656	-1350	42	120108	19	10	1	0	0	0	0	0	0	0	0	0	0	0	0	0	0	
2002.910400	8	6	3	0	2	7	1	3633	-1350	42	120167	19	10	2	0	0	0	0	0	0	0	0	0	0	0	0	0	0	
2003.915517	8	6	3	0	2	7	1	3643	-1349	42	120227	19	10	4	0	0	0	0	0	0	0	0	0	0	0	0	0	0	
2004.920633	8	6	3	0	2	7	1	3659	-1350	42	120287	19	10	6	0	0	0	0	0	0	0	0	0	0	0	0	0	0	
2005.925767	8	6	3	0	2	7	1	3642	-1349	42	120348	19	10	7	0	0	0	0	0	0	0	0	0	0	0	0	0	0	
2006.912167	8	6	3	0	2	7	1	3628	-1350	42	120407	19	10	9	0	0	0	0	0	0	0	0	0	0	0	0	0	0	
2007.918717	8	6	3	0	2	7	1	3609	-1350	42	120467	19	10	11	0	0	0	0	0	0	0	0	0	0	0	0	0	0	
2008.923833	8	6	3	0	2	7	1	3590	-1350	42	120527	19	10	12	0	0	0	0	0	0	0	0	0	0	0	0	0	0	
2009.910233	8	6	3	0	2	7	1	3562	-1350	42	120587	19	10	14	0	0	0	0	0	0	0	0	0	0	0	0	0	0	
2010.915367	8	6	3	0	2	7	1	3560	-1350	42	120647	19	10	16	0	0	0	0	0	0	0	0	0	0	0	0	0	0	
2011.920483	8	6	3	0	2	7	1	3544	-1351	42	120707	19	10	17	0	0	0	0	0	0	0	0	0	0	0	0	0	0	
2012.927033	8	6	3	0	2	7	1	3514	-1351	42	120768	19	10	19	0	0	0	0	0	0	0	0	0	0	0	0	0	0	
2013.913433	8	6	3	0	2	7	1	3504	-1350	42	120827	19	10	21	0	0	0	0	0	0	0	0	0	0	0	0	0	0	
2014.918567	8	6	3	0	2	7	1	3478	-1349	42	120887	19	10	22	0	0	0	0	0	0	0	0	0	0	0	0	0	0	
2015.923683	8	6	3	0	2	7	1	3469	-1351	42	120947	19	10	24	0	0	0	0	0	0	0	0	0	0	0	0	0	0	
2016.910083	8	6	3	0	2	7	1	3462	-1350	42	121007	19	10	26	0	0	0	0	0	0	0	0	0	0	0	0	0	0	
2017.915200	8	6	3	0	2	7	1	3449	-1349	42	121067	19	10	27	0	0	0	0	0	0	0	0	0	0	0	0	0	0	
2018.921767	8	6	3	0	2	7	1	3437	-1350	42	121127	19	10	29	0	0	0	0	0	0	0	0	0	0	0	0	0	0	
2019.926883	8	6	3	0	2	7	1	3414	-1349	42	121188	19	10	31	0	0	0	0	0	0	0	0	0	0	0	0	0	0	
2020.913283	8	6	3	0	2	7	1	3400	-1349	42	121247	19	10	32	0	0	0	0	0	0	0	0	0	0	0	0	0	0	
2021.918400	8	6	3	0	2	7	1	3378	-1350	42	121307	19	10	34	0	0	0	0	0	0	0	0	0	0	0	0	0	0	
2022.923517	8	6	3	0	2	7	1	3385	-1349	42	121367	19	10	35	0	0	0	0	0	0	0	0	0	0	0	0	0	0	
2023.909917	8	6	3	0	2	7	1	3376	-1348	42	121427	19	10	37	0	0	0	0	0	0	0	0	0	0	0	0	0	0	
2024.916483	8	6	3	0	2	7	1	3361	-1350	42	121487	19	10	39	0	0	0	0	0	0	0	0	0	0	0	0	0	0	
2025.921600	8	6	3	0	2	7	1	3341	-1351	42	121547	19	10	40	0	0	0	0	0	0	0	0	0	0	0	0	0	0	
2026.926717	8	6	3	0	2	7	1	3324	-1352	42	121608	19	10	42	0	0	0	0	0	0	0	0	0	0	0	0	0	0	
2027.913117	8	6	3	0	2	7	1	3325	-1349	42	121667	19	10	44	0	0	0	0	0	0	0	0	0	0	0	0	0	0	
2028.918233	8	6	3	0	2	7	1	3313	-1350	42	121727	19	10	45	0	0	0	0	0	0	0	0	0	0	0	0	0	0	
2029.924800	8	6	3	0	2	7	1	3315	-1350	42	121787	19	10	47	0	0	0	0	0	0	0	0	0	0	0	0	0	0	
2030.911200	8	6	3	0	2	7	1	3315	-1349	42	121847	19	10	49	0	0	0	0	0	0	0	0	0	0	0	0	0	0	
2031.916317	8	6	3	0	2	7	1	3295	-1349	42	121907	19	10	50	0	0	0	0	0	0	0	0	0	0	0	0	0	0	
2032.921433	8	6	3	0	2	7	1	3281	-1349	42	121967	19	10	52	0	0	0	0	0	0	0	0	0	0	0	0	0	0	
2033.926567	8	6	3	0	2	7	1	3284	-1349	42	122028	19	10	54	0	0	0	0	0	0	0	0	0	0	0	0	0	0	
2034.914400	8	6	3	0	2	7	1	3285	-1350	42	122087	19	10	55	0	0	0	0	0	0	0	0	0	0	0	0	0	0	
2035.919517	8	6	3	0	2	7	1	3262	-1349	42	122147	19	10	57	0	0	0	0	0	0	0	0	0	0	0	0	0	0	
2036.924633	8	6	3	0	2	7	1	3250	-1350	42	122207	19	10	59	0	0	0	0	0	0	0	0	0	0	0	0	0	0	
2037.911033	8	6	3	0	2	7	1	3245	-1348	42	122267	19	10	60	0	0	0	0	0	0	0	0	0	0	0	0	0	0	
2038.916167	8	6	3	0	2	7	1	3247	-1349	42	122327	19	10	62	0	0	0	0	0	0	0	0	0	0	0	0	0	0	
2039.922717	8	6	3	0	2	7	1	3246	-1350	42	122387	19	10	64	0	0	0	0	0	0	0	0	0	0	0	0	0	0	
2040.927833	8	6	3	0	2	7	1	3216	-1350	42	122448	19	10	65	0	0	0	0	0	0	0	0	0	0	0	0	0	0	
2041.914233	8	6	3	0	2	7	1	3230	-1349	42	122507	19	10	67	0	0	0	0	0	0	0	0	0	0	0	0	0	0	
2042.919367	8	6	3	0	2	7	1	3227	-1349	42	122567	19	10	69	0	0	0	0	0	0	0	0	0	0	0	0	0	0	
2043.924483	8	6	3	0	2	7	1	3219	-1351	42	122627	19	10	70	0	0	0	0	0	0	0	0	0	0	0	0	0	0	
2044.931033	8	6	3	0	2	7	1	3209	-1349	42	122688	19	10	72	0	0	0	0	0	0	0	0	0	0	0	0	0	0	
2045.917433	8	6	3	0	2	7	1	3197	-1351	42	122747	19	10	73	0	0	0	0	0	0	0	0	0	0	0	0	0	0	
2046.922567	8	6	3	0	2	7	1	3182	-1351	42	122807	19	10	75	0	0	0	0	0	0	0	0	0	0	0	0	0	0	
2047.927683	8	6	3	0	2	7	1	3165	-1349	42	122868	19	10	77	0	0	0	0	0	0	0	0	0	0	0	0	0	0	
2048.914083	8	6	3	0	2	7	1	3147	-1350	42	122927	19	10	78	0	0	0	0	0	0	0	0	0	0	0	0	0	0	
2049.919200	8	6	3	0	2	7	1	3122	-1349	42	122987	19	10	80	0	0	0	0	0	0	0	0	0	0	0	0	0	0	
2050.925767	8	6	3	0	2	7	1	3091	-1350	42	123047	19	10	82	0	0	0	0	0	0	0	0	0	0	0	0	0	0	
2051.930883	8	6	3	0	2	7	1	3046	-1349	42	123108	19	10	83	0	0	0	0	0	0	0	0	0	0	0	0	0	0	
2052.917283	8	6	3	0	2	7	1	2960	-1349	42	123167	19	10	85	0	0	0	0	0	0	0	0	0	0	0	0	0	0	
2053.922400	8	6	3	0	2	7	1	2781	-1349	42	123227	19	10	87	0	0	0	0	0	0	0	0	0	0	0	0	0	0	
2054.230567	8	15	3	0	1	31	2	3034	37	42	123246	20	10	87	0	0	0	0	0	0	0	0	0	0	0	0	0	0	
2054.250717	8	3	3	0	1	2	2	3350	678	42	123247	21	10	87	0	0	0	0	0	0	0	0	0	0	0	0	0	0	
2054.931833	8	3	3	0	1	2	2	3552	674	42	123288	21	10	87	0	0	0	0	0	0	0	0	0	0	0	0	0	0	
2055.918233	8	3	3	0	1	2	2	3692	675	42	123347	21	10	87	0	0	0	0	0	0	0	0	0	0	0	0	0	0	
2056.923367	8	3	3	0	1	2	2	3765	675	42	123407	21	10	87	0	0	0	0	0	0	0	0	0	0	0	0	0	0	
2057.928483	8	3	3	0	1	2	2	3819	673	42	123468	21	10	87	0	0	0	0	0	0	0	0	0	0	0	0	0	0	
2058.914883	8	3	3	0	1	2	2	3860	675	42	123527	21	10	87	0	0	0	0	0	0	0	0	0	0	0	0	0	0	
2059.920000	8	3	3	0	1	2	2	3891	674	42	123587	21	10	87	0	0	0	0	0	0	0	0	0	0	0	0	0	0	
2060.926567	8	3	3	0	1	2	2	3907	674	42	123647	21	10	87	0	0	0	0	0	0	0	0	0	0	0	0	0	0	
2061.931683	8	3	3	0	1	2	2	3915	674	42	123708	21	10	87	0	0	0	0	0	0	0	0	0	0	0	0	0	0	
2062.918083	8	3	3	0	1	2	2	3921	676	42	123767	21	10	87	0	0	0	0	0	0	0	0	0	0	0	0	0	0	
2063.923200	8	3	3	0	1	2	2	3925	675	42	123827	21	10	87	0	0	0	0	0	0	0	0	0	0	0	0	0	0	
2064.928317	8	3	3	0	1	2	2	3929	674	42	123888	21	10	87	0	0	0	0	0	0	0	0	0	0	0	0	0	0	
2065.914717	8	3	3	0	1	2	2	3931	673	42	123947	21	10	87	0	0	0	0	0	0	0	0	0	0	0	0	0	0	
2066.919833	8	3	3	0	1	2	2	3934	673	42	124007	21	10	87	0	0	0	0	0	0	0	0	0	0	0	0	0	0	
2067.924967	8	3	3	0	1	2	2	3938	675	42	124067	21	10	87	0	0	0	0	0	0	0	0	0	0	0	0	0	0	
2068.931517	8	3	3	0	1	2	2	3942	675	42	124128	21	10	87	0	0	0	0	0	0	0	0	0	0	0	0	0	0	
2069.917917	8	3	3	0	1	2	2	3945	674	42	124187	21	10	87	0	0	0	0	0	0	0	0	0	0	0	0	0	0	
2070.923033	8	3	3	0	1	2	2	3949	675	42	124247	21	10	87	0	0	0	0	0	0	0	0	0	0	0	0	0	0	
2071.929600	8	3	3	0	1	2	2	3953	674	42	124308	21	10	87	0	0	0	0	0	0	0	0	0	0	0	0	0	0	
2072.916000	8	3	3	0	1	2	2	3958	675	42	124367	21	10	87	0	0	0	0	0	0	0	0	0	0	0	0	0	0	
2073.924000	8	3	3	0	1	2	2	3963	675	42	124427	21	10	87	0	0	0	0	0	0	0	0	0	0	0	0	0	0	
2074.929117	8	3	3	0	1	2	2	3968	675	42	124488	21	10	87	0	0	0	0	0	0	0	0	0	0	0	0	0	0	
2075.915517	8	3	3	0	1	2	2	3973	674	42	124547	21	10	87	0	0	0	0	0	0	0	0	0	0	0	0	0	0	
2076.920633	8	3	3	0	1	2	2	3977	675	42	124607	21	10	87	0	0	0	0	0	0	0	0	0	0	0	0	0	0	
2077.925767	8	3	3	0	1	2	2	3981	673	42	124667	21	10	87	0	0	0	0	0	0	0	0	0	0	0	0	0	0	
2078.932317	8	3	3	0	1	2	2	3985	675	42	124728	21	10	87	0	0	0	0	0	0	0	0	0	0	0	0	0	0	
2079.918717	8	3	3	0	1	2	2	3989	675	42	124787	21	10	87	0	0	0	0	0	0	0	0	0	0	0	0	0	0	
2080.923833	8	3	3	0	1	2	2	3992	675	42	124847	21	10	87	0	0	0	0	0	0	0	0	0	0	0	0	0	0	
2081.928967	8	3	3	0	1	2	2	3995	674	42	124907	21	10	87	0	0	0	0	0	0	0	0	0	0	0	0	0	0	
2082.915367	8	3	3	0	1	2	2	3997	674	42	124967	21	10	87	0	0	0	0	0	0	0	0	0	0	0	0	0	0	
2083.920483	8	3	3	0	1	2	2	4000	674	42	125027	21	10	87	0	0	0	0	0	0	0	0	0	0	0	0	0	0	
2084.925600	8	3	3	0	1	2	2	4003	674	42	125087	21	10	87	0	0	0	0	0	0	0	0	0	0	0	0	0	0	
2085.932167	8	3	3	0	1	2	2	4006	677	42	125148	21	10	87	0	0	0	0	0	0	0	0	0	0	0	0	0	0	
2086.918567	8	3	3	0	1	2	2	4008	674	42	125207	21	10	87	0	0	0	0	0	0	0	0	0	0	0	0	0	0	
2087.923683	8	3	3	0	1	2	2	4010	674	42	125267	21	10	87	0	0	0	0	0	0	0	0	0	0	0	0	0	0	
2088.928800	8	3	3	0	1	2	2	4013	675	42	125327	21	10	87	0	0	0	0	0	0	0	0	0	0	0	0	0	0	
2089.915200	8	3	3	0	1	2	2	4015	674	42	125387	21	10	87	0	0	0	0	0	0	0	0	0	0	0	0	0	0	
2090.920317	8	3	3	0	1	2	2	4019	676	42	125447	21	10	87	0	0	0	0	0	0	0	0	0	0	0	0	0	0	
2091.929767	8	3	3	0	1	2	2	4021	674	42	125507	21	10	87	0	0	0	0	0	0	0	0	0	0	0	0	0	0	
2092.916167	8	3	3	0	1	2	2	4025	673	42	125567	21	10	87	0	0	0	0	0	0	0	0	0	0	0	0	0	0	
2093.921283	8	3	3	0	1	2	2	4028	674	42	125627	21	10	87	0	0	0	0	0	0	0	0	0	0	0	0	0	0	
2094.926400	8	3	3	0	1	2	2	4030	674	42	125687	21	10	87	0	0	0	0	0	0	0	0	0	0	0	0	0	0	
2095.932967	8	3	3	0	1	2	2	4034	674	42	125748	21	10	87	0	0	0	0	0	0	0	0	0	0	0	0	0	0	
2096.919367	8	3	3	0	1	2	2	4037	674	42	125807	21	10	87	0	0	0	0	0	0	0	0	0	0	0	0	0	0	
2097.924483	8	3	3	0	1	2	2	4041	674	42	125867	21	10	87	0	0	0	0	0	0	0	0	0	0	0	0	0	0	
2098.929600	8	3	3	0	1	2	2	4044	675	42	125927	21	10	87	0	0	0	0	0	0	0	0	0	0	0	0	0	0	
2099.916000	8	3	3	0	1	2	2	4048	675	42	125987	21	10	87	0	0	0	0	0	0	0	0	0	0	0	0	0	0	
2100.921117	8	3	3	0	1	2	2	4051	674	42	126047	21	10	87	0	0	0	0	0	0	0	0	0	0	0	0	0	0	
2101.927683	8	3	3	0	1	2	2	4055	675	42	126107	21	10	87	0	0	0	0	0	0	0	0	0	0	0	0	0	0	
2102.932800	8	3	3	0	1	2	2	4058	674	42	126168	21	10	87	0	0	0	0	0	0	0	0	0	0	0	0	0	0	
2103.919200	8	3	3	0	1	2	2	4062	673	42	126227	21	10	87	0	0	0	0	0	0	0	0	0	0	0	0	0	0	
2104.924317	8	3	3	0	1	2	2	4066	675	42	126287	21	10	87	0	0	0	0	0	0	0	0	0	0	0	0	0	0	
2105.929433	8	3	3	0	1	2	2	4070	674	42	126347	21	10	87	0	0	0	0	0	0	0	0	0	0	0	0	0	0	
2106.934567	8	3	3	0	1	2	2	4074	674	42	126408	21	10	87	0	0	0	0	0	0	0	0	0	0	0	0	0	0	
2107.920967	8	3	3	0	1	2	2	4078	675	42	126467	21	10	87	0	0	0	0	0	0	0	0	0	0	0	0	0	0	
2108.927517	8	3	3	0	1	2	2	4083	675	42	126527	21	10	87	0	0	0	0	0	0	0	0	0	0	0	0	0	0	
2109.932633	8	3	3	0	1	2	2	4087	674	42	126588	21	10	87	0	0	0	0	0	0	0	0	0	0	0	0	0	0	
2110.919033	8	3	3	0	1	2	2	4091	676	42	126647	21	10	87	0	0	0	0	0	0	0	0	0	0	0	0	0	0	
2111.924167	8	3	3	0	1	2	2	4095	675	42	126707	21	10	87	0	0	0	0	0	0	0	0	0	0	0	0	0	0	
2112.929283	8	3	3	0	1	2	2	4100	675	42	126767	21	10	87	0	0	0	0	0	0	0	0	0	0	0	0	0	0	
2113.934400	8	3	3	0	1	2	2	4104	674	42	126828	21	10	87	0	0	0	0	0	0	0	0	0	0	0	0	0	0	
2114.920800	8	3	3	0	1	2	2	4109	674	42	126887	21	10	87	0	0	0	0	0	0	0	0	0	0	0	0	0	0	
2115.927367	8	3	3	0	1	2	2	4114	675	42	126947	21	10	87	0	0	0	0	0	0	0	0	0	0	0	0	0	0	
2116.932483	8	3	3	0	1	2	2	4118	674	42	127008	21	10	87	0	0	0	0	0	0	0	0	0	0	0	0	0	0	
2117.918883	8	3	3	0	1	2	2	4121	666	42	127067	21	10	87	0	0	0	0	0	0	0	0	0	0	0	0	0	0	
2118.924000	8	3	3	0	1	2	2	4125	664	42	127127	21	10	87	0	0	0	0	0	0	0	0	0	0	0	0	0	0	
2119.929117	8	3	3	0	1	2	2	4129	661	42	127187	21	10	87	0	0	0	0	0	0	0	0	0	0	0	0	0	0	
2120.935683	8	3	3	0	1	2	2	4134	662	42	127248	21	10	87	0	0	0	0	0	0	0	0	0	0	0	0	0	0	
2121.922083	8	3	3	0	1	2	2	4139	662	42	127307	21	10	87	0	0	0	0	0	0	0	0	0	0	0	0	0	0	
2122.927200	8	3	3	0	1	2	2	4144	661	42	127367	21	10	87	0	0	0	0	0	0	0	0	0	0	0	0	0	0	
2123.932317	8	3	3	0	1	2	2	4149	659	42	127427	21	10	87	0	0	0	0	0	0	0	0	0	0	0	0	0	0	
2124.918717	8	3	3	0	1	2	2	4154	659	42	127487	21	10	87	0	0	0	0	0	0	0	0	0	0	0	0	0	0	
2125.923833	8	3	3	0	1	2	2	4159	659	42	127547	21	10	87	0	0	0	0	0	0	0	0	0	0	0	0	0	0	
2126.928967	8	3	3	0	1	2	2	4165	658	42	127607	21	10	87	0	0	0	0	0	0	0	0	0	0	0	0	0	0	
2127.935517	8	3	3	0	1	2	2	4170	658	42	127668	21	10	87	0	0	0	0	0	0	0	0	0	0	0	0	0	0	
2128.921917	8	3	3	0	1	2	2	4175	657	42	127727	21	10	87	0	0	0	0	0	0	0	0	0	0	0	0	0	0	
2129.927033	8	3	3	0	1	2	2	4181	655	42	127787	21	10	87	0	0	0	0	0	0	0	0	0	0	0	0	0	0	
2130.932167	8	3	3	0	1	2	2	4187	656	42	127847	21	10	87	0	0	0	0	0	0	0	0	0	0	0	0	0	0	
2131.918567	8	3	3	0	1	2	2	4193	656	42	127907	21	10	87	0	0	0	0	0	0	0	0	0	0	0	0	0	0	
2132.923683	8	3	3	0	1	2	2	4199	655	42	127967	21	10	87	0	0	0	0	0	0	0	0	0	0	0	0	0	0	
2133.930233	8	3	3	0	1	2	2	4198	635	42	128027	21	10	87	0	0	0	0	0	0	0	0	0	0	0	0	0	0	
2134.935367	8	3	3	0	1	2	2	4199	618	42	128088	21	10	87	0	0	0	0	0	0	0	0	0	0	0	0	0	0	
2135.921767	8	3	3	0	1	2	2	4199	600	42	128147	21	10	87	0	0	0	0	0	0	0	0	0	0	0	0	0	0	
2136.926883	8	3	3	0	1	2	2	4199	582	42	128207	21	10	87	0	0	0	0	0	0	0	0	0	0	0	0	0	0	
2137.932000	8	3	3	0	1	2	2	4199	566	42	128267	21	10	87	0	0	0	0	0	0	0	0	0	0	0	0	0	0	
2138.937117	8	3	3	0	1	2	2	4199	548	42	128328	21	10	87	0	0	0	0	0	0	0	0	0	0	0	0	0	0	
2139.923517	8	3	3	0	1	2	2	4198	531	42	128387	21	10	87	0	0	0	0	0	0	0	0	0	0	0	0	0	0	
2140.930083	8	3	3	0	1	2	2	4199	514	42	128447	21	10	87	0	0	0	0	0	0	0	0	0	0	0	0	0	0	
2141.935200	8	3	3	0	1	2	2	4199	498	42	128508	21	10	87	0	0	0	0	0	0	0	0	0	0	0	0	0	0	
2142.921600	8	3	3	0	1	2	2	4199	482	42	128567	21	10	87	0	0	0	0	0	0	0	0	0	0	0	0	0	0	
2143.926717	8	3	3	0	1	2	2	4199	467	42	128627	21	10	87	0	0	0	0	0	0	0	0	0	0	0	0	0	0	
2144.931833	8	3	3	0	1	2	2	4199	453	42	128687	21	10	87	0	0	0	0	0	0	0	0	0	0	0	0	0	0	
2145.936967	8	3	3	0	1	2	2	4199	440	42	128748	21	10	87	0	0	0	0	0	0	0	0	0	0	0	0	0	0	
2146.924800	8	3	3	0	1	2	2	4198	426	42	128807	21	10	87	0	0	0	0	0	0	0	0	0	0	0	0	0	0	
2147.929917	8	3	3	0	1	2	2	4199	412	42	128867	21	10	87	0	0	0	0	0	0	0	0	0	0	0	0	0	0	
2148.935033	8	3	3	0	1	2	2	4199	399	42	128928	21	10	87	0	0	0	0	0	0	0	0	0	0	0	0	0	0	
2149.921433	8	3	3	0	1	2	2	4199	387	42	128987	21	10	87	0	0	0	0	0	0	0	0	0	0	0	0	0	0	
2150.929433	8	3	3	0	1	2	2	4199	374	42	129047	21	10	87	0	0	0	0	0	0	0	0	0	0	0	0	0	0	
2151.936000	8	3	3	0	1	2	2	4198	361	42	129108	21	10	87	0	0	0	0	0	0	0	0	0	0	0	0	0	0	
2152.922400	8	3	3	0	1	2	2	4199	350	42	129167	21	10	87	0	0	0	0	0	0	0	0	0	0	0	0	0	0	
2153.927517	8	3	3	0	1	2	2	4199	338	42	129227	21	10	87	0	0	0	0	0	0	0	0	0	0	0	0	0	0	
2154.932633	8	3	3	0	1	2	2	4199	328	42	129287	21	10	87	0	0	0	0	0	0	0	0	0	0	0	0	0	0	
2155.937767	8	3	3	0	1	2	2	4199	315	42	129348	21	10	87	0	0	0	0	0	0	0	0	0	0	0	0	0	0	
2156.925600	8	3	3	0	1	2	2	4198	307	42	129407	21	10	87	0	0	0	0	0	0	0	0	0	0	0	0	0	0	
2157.930717	8	3	3	0	1	2	2	4198	296	42	129467	21	10	87	0	0	0	0	0	0	0	0	0	0	0	0	0	0	
2158.935833	8	3	3	0	1	2	2	4198	287	42	129528	21	10	87	0	0	0	0	0	0	0	0	0	0	0	0	0	0	
2159.922233	8	3	3	0	1	2	2	4198	278	42	129587	21	10	87	0	0	0	0	0	0	0	0	0	0	0	0	0	0	
2160.927367	8	3	3	0	1	2	2	4198	270	42	129647	21	10	87	0	0	0	0	0	0	0	0	0	0	0	0	0	0	
2161.933917	8	3	3	0	1	2	2	4198	261	42	129707	21	10	87	0	0	0	0	0	0	0	0	0	0	0	0	0	0	
2162.939033	8	3	3	0	1	2	2	4199	253	42	129768	21	10	87	0	0	0	0	0	0	0	0	0	0	0	0	0	0	
2163.925433	8	3	3	0	1	2	2	4198	245	42	129827	21	10	87	0	0	0	0	0	0	0	0	0	0	0	0	0	0	
2164.930567	8	3	3	0	1	2	2	4199	238	42	129887	21	10	87	0	0	0	0	0	0	0	0	0	0	0	0	0	0	
2165.935683	8	3	3	0	1	2	2	4199	230	42	129947	21	10	87	0	0	0	0	0	0	0	0	0	0	0	0	0	0	
2166.922083	8	3	3	0	1	2	2	4198	223	42	130007	21	10	87	0	0	0	0	0	0	0	0	0	0	0	0	0	0	
2167.928633	8	3	3	0	1	2	2	4198	216	42	130067	21	10	87	0	0	0	0	0	0	0	0	0	0	0	0	0	0	
2168.933767	8	3	3	0	1	2	2	4198	208	42	130127	21	10	87	0	0	0	0	0	0	0	0	0	0	0	0	0	0	
2169.938883	8	3	3	0	1	2	2	4199	202	42	130188	21	10	87	0	0	0	0	0	0	0	0	0	0	0	0	0	0	
2170.925283	8	3	3	0	1	2	2	4199	195	42	130247	21	10	87	0	0	0	0	0	0	0	0	0	0	0	0	0	0	
2171.930400	8	3	3	0	1	2	2	4199	188	42	130307	21	10	87	0	0	0	0	0	0	0	0	0	0	0	0	0	0	
2172.935517	8	3	3	0	1	2	2	4199	183	42	130367	21	10	87	0	0	0	0	0	0	0	0	0	0	0	0	0	0	
2173.921917	8	3	3	0	1	2	2	4199	176	42	130427	21	10	87	0	0	0	0	0	0	0	0	0	0	0	0	0	0	
2174.928483	8	3	3	0	1	2	2	4198	171	42	130487	21	10	87	0	0	0	0	0	0	0	0	0	0	0	0	0	0	
2175.933600	8	3	3	0	1	2	2	4199	166	42	130547	21	10	87	0	0	0	0	0	0	0	0	0	0	0	0	0	0	
2176.938717	8	3	3	0	1	2	2	4199	160	42	130608	21	10	87	0	0	0	0	0	0	0	0	0	0	0	0	0	0	
2177.925117	8	3	3	0	1	2	2	4198	155	42	130667	21	10	87	0	0	0	0	0	0	0	0	0	0	0	0	0	0	
2178.930233	8	3	3	0	1	2	2	4199	151	42	130727	21	10	87	0	0	0	0	0	0	0	0	0	0	0	0	0	0	
2179.936800	8	3	3	0	1	2	2	4198	145	42	130787	21	10	87	0	0	0	0	0	0	0	0	0	0	0	0	0	0	
2180.923200	8	3	3	0	1	2	2	4199	141	42	130847	21	10	87	0	0	0	0	0	0	0	0	0	0	0	0	0	0	
2181.928317	8	3	3	0	1	2	2	4199	136	42	130907	21	10	87	0	0	0	0	0	0	0	0	0	0	0	0	0	0	
2182.933433	8	3	3	0	1	2	2	4199	132	42	130967	21	10	87	0	0	0	0	0	0	0	0	0	0	0	0	0	0	
2183.938567	8	3	3	0	1	2	2	4199	128	42	131028	21	10	87	0	0	0	0	0	0	0	0	0	0	0	0	0	0	
2184.924967	8	3	3	0	1	2	2	4199	124	42	131087	21	10	87	0	0	0	0	0	0	0	0	0	0	0	0	0	0	
2185.931517	8	3	3	0	1	2	2	4199	121	42	131147	21	10	87	0	0	0	0	0	0	0	0	0	0	0	0	0	0	
2186.936633	8	3	3	0	1	2	2	4199	117	42	131207	21	10	87	0	0	0	0	0	0	0	0	0	0	0	0	0	0	
2187.941767	8	3	3	0	1	2	2	4198	112	42	131268	21	10	87	0	0	0	0	0	0	0	0	0	0	0	0	0	0	
2188.928167	8	3	3	0	1	2	2	4198	110	42	131327	21	10	87	0	0	0	0	0	0	0	0	0	0	0	0	0	0	
2189.933283	8	3	3	0	1	2	2	4199	106	42	131387	21	10	87	0	0	0	0	0	0	0	0	0	0	0	0	0	0	
2190.924000	8	3	3	0	1	2	2	4199	103	42	131447	21	10	87	0	0	0	0	0	0	0	0	0	0	0	0	0	0	
2191.929117	8	3	3	0	1	2	2	4198	99	42	131507	21	10	87	0	0	0	0	0	0	0	0	0	0	0	0	0	0	
2192.934233	8	3	3	0	1	2	2	4198	96	42	131567	21	10	87	0	0	0	0	0	0	0	0	0	0	0	0	0	0	
2193.939367	8	3	3	0	1	2	2	4198	93	42	131628	21	10	87	0	0	0	0	0	0	0	0	0	0	0	0	0	0	
2194.925767	8	3	3	0	1	2	2	4199	89	42	131687	21	10	87	0	0	0	0	0	0	0	0	0	0	0	0	0	0	
2195.932317	8	3	3	0	1	2	2	4199	87	42	131747	21	10	87	0	0	0	0	0	0	0	0	0	0	0	0	0	0	
2196.937433	8	3	3	0	1	2	2	4198	85	42	131807	21	10	87	0	0	0	0	0	0	0	0	0	0	0	0	0	0	
2197.923833	8	3	3	0	1	2	2	4199	82	42	131867	21	10	87	0	0	0	0	0	0	0	0	0	0	0	0	0	0	
2198.928967	8	3	3	0	1	2	2	4199	80	42	131927	21	10	87	0	0	0	0	0	0	0	0	0	0	0	0	0	0	
2199.934083	8	3	3	0	1	2	2	4199	77	42	131987	21	10	87	0	0	0	0	0	0	0	0	0	0	0	0	0	0	
2200.940633	8	3	3	0	1	2	2	4198	75	42	132048	21	10	87	0	0	0	0	0	0	0	0	0	0	0	0	0	0	
2201.927033	8	3	3	0	1	2	2	4198	72	42	132107	21	10	87	0	0	0	0	0	0	0	0	0	0	0	0	0	0	
2202.932167	8	3	3	0	1	2	2	4198	70	42	132167	21	10	87	0	0	0	0	0	0	0	0	0	0	0	0	0	0	
2203.937283	8	3	3	0	1	2	2	4198	66	42	132227	21	10	87	0	0	0	0	0	0	0	0	0	0	0	0	0	0	
2204.264167	8	6	3	0	2	7	1	3999	-621	42	132247	21	11	0	0	0	0	0	0	0	0	0	0	0	0	0	0	0	
2204.925117	8	6	3	0	2	7	1	3690	-1350	42	132287	21	11	1	0	0	0	0	0	0	0	0	0	0	0	0	0	0	
2205.930233	8	6	3	0	2	7	1	3634	-1351	42	132347	21	11	2	0	0	0	0	0	0	0	0	0	0	0	0	0	0	
2206.936800	8	6	3	0	2	7	1	3629	-1348	42	132407	21	11	4	0	0	0	0	0	0	0	0	0	0	0	0	0	0	
2207.941917	8	6	3	0	2	7	1	3629	-1350	42	132468	21	11	6	0	0	0	0	0	0	0	0	0	0	0	0	0	0	
2208.928317	8	6	3	0	2	7	1	3632	-1350	42	132527	21	11	7	0	0	0	0	0	0	0	0	0	0	0	0	0	0	
2209.933433	8	6	3	0	2	7	1	3617	-1350	42	132587	21	11	9	0	0	0	0	0	0	0	0	0	0	0	0	0	0	
2210.938567	8	6	3	0	2	7	1	3606	-1349	42	132647	21	11	10	0	0	0	0	0	0	0	0	0	0	0	0	0	0	
2211.924967	8	6	3	0	2	7	1	3589	-1350	42	132707	21	11	12	0	0	0	0	0	0	0	0	0	0	0	0	0	0	
2212.931517	8	6	3	0	2	7	1	3582	-1350	42	132767	21	11	14	0	0	0	0	0	0	0	0	0	0	0	0	0	0	
2213.936633	8	6	3	0	2	7	1	3571	-1350	42	132827	21	11	15	0	0	0	0	0	0	0	0	0	0	0	0	0	0	
2214.941767	8	6	3	0	2	7	1	3561	-1349	42	132888	21	11	17	0	0	0	0	0	0	0	0	0	0	0	0	0	0	
2215.928167	8	6	3	0	2	7	1	3548	-1349	42	132947	21	11	19	0	0	0	0	0	0	0	0	0	0	0	0	0	0	
2216.933283	8	6	3	0	2	7	1	3533	-1351	42	133007	21	11	20	0	0	0	0	0	0	0	0	0	0	0	0	0	0	
2217.939833	8	6	3	0	2	7	1	3516	-1349	42	133067	21	11	22	0	0	0	0	0	0	0	0	0	0	0	0	0	0	
2218.926233	8	6	3	0	2	7	1	3502	-1350	42	133127	21	11	24	0	0	0	0	0	0	0	0	0	0	0	0	0	0	
2219.931367	8	6	3	0	2	7	1	3489	-1350	42	133187	21	11	25	0	0	0	0	0	0	0	0	0	0	0	0	0	0	
2220.936483	8	6	3	0	2	7	1	3479	-1349	42	133247	21	11	27	0	0	0	0	0	0	0	0	0	0	0	0	0	0	
2221.943033	8	6	3	0	2	7	1	3459	-1350	42	133308	21	11	29	0	0	0	0	0	0	0	0	0	0	0	0	0	0	
2222.929433	8	6	3	0	2	7	1	3442	-1350	42	133367	21	11	30	0	0	0	0	0	0	0	0	0	0	0	0	0	0	
2223.934567	8	6	3	0	2	7	1	3428	-1350	42	133427	21	11	32	0	0	0	0	0	0	0	0	0	0	0	0	0	0	
2224.939683	8	6	3	0	2	7	1	3419	-1349	42	133487	21	11	34	0	0	0	0	0	0	0	0	0	0	0	0	0	0	
2225.926083	8	6	3	0	2	7	1	3400	-1349	42	133547	21	11	35	0	0	0	0	0	0	0	0	0	0	0	0	0	0	
2226.931200	8	6	3	0	2	7	1	3389	-1349	42	133607	21	11	37	0	0	0	0	0	0	0	0	0	0	0	0	0	0	
2227.937767	8	6	3	0	2	7	1	3384	-1349	42	133667	21	11	39	0	0	0	0	0	0	0	0	0	0	0	0	0	0	
2228.942883	8	6	3	0	2	7	1	3367	-1351	42	133728	21	11	40	0	0	0	0	0	0	0	0	0	0	0	0	0	0	
2229.930717	8	6	3	0	2	7	1	3378	-1349	42	133787	21	11	42	0	0	0	0	0	0	0	0	0	0	0	0	0	0	
2230.935833	8	6	3	0	2	7	1	3365	-1350	42	133847	21	11	44	0	0	0	0	0	0	0	0	0	0	0	0	0	0	
2231.942400	8	6	3	0	2	7	1	3359	-1349	42	133908	21	11	45	0	0	0	0	0	0	0	0	0	0	0	0	0	0	
2232.928800	8	6	3	0	2	7	1	3355	-1348	42	133967	21	11	47	0	0	0	0	0	0	0	0	0	0	0	0	0	0	
2233.933917	8	6	3	0	2	7	1	3352	-1349	42	134027	21	11	48	0	0	0	0	0	0	0	0	0	0	0	0	0	0	
2234.939033	8	6	3	0	2	7	1	3343	-1348	42	134087	21	11	50	0	0	0	0	0	0	0	0	0	0	0	0	0	0	
2235.944167	8	6	3	0	2	7	1	3337	-1350	42	134148	21	11	52	0	0	0	0	0	0	0	0	0	0	0	0	0	0	
2236.930567	8	6	3	0	2	7	1	3333	-1349	42	134207	21	11	53	0	0	0	0	0	0	0	0	0	0	0	0	0	0	
2237.937117	8	6	3	0	2	7	1	3325	-1349	42	134267	21	11	55	0	0	0	0	0	0	0	0	0	0	0	0	0	0	
2238.942233	8	6	3	0	2	7	1	3317	-1351	42	134327	21	11	57	0	0	0	0	0	0	0	0	0	0	0	0	0	0	
2239.928633	8	6	3	0	2	7	1	3308	-1350	42	134387	21	11	58	0	0	0	0	0	0	0	0	0	0	0	0	0	0	
2240.933767	8	6	3	0	2	7	1	3299	-1349	42	134447	21	11	60	0	0	0	0	0	0	0	0	0	0	0	0	0	0	
2241.938883	8	6	3	0	2	7	1	3287	-1350	42	134507	21	11	62	0	0	0	0	0	0	0	0	0	0	0	0	0	0	
2242.944000	8	6	3	0	2	7	1	3284	-1350	42	134568	21	11	64	0	0	0	0	0	0	0	0	0	0	0	0	0	0	
2243.931833	8	6	3	0	2	7	1	3279	-1349	42	134627	21	11	65	0	0	0	0	0	0	0	0	0	0	0	0	0	0	
2244.936967	8	6	3	0	2	7	1	3272	-1350	42	134687	21	11	67	0	0	0	0	0	0	0	0	0	0	0	0	0	0	
2245.942083	8	6	3	0	2	7	1	3262	-1349	42	134747	21	11	68	0	0	0	0	0	0	0	0	0	0	0	0	0	0	
2246.928483	8	6	3	0	2	7	1	3249	-1349	42	134807	21	11	70	0	0	0	0	0	0	0	0	0	0	0	0	0	0	
2247.933600	8	6	3	0	2	7	1	3245	-1350	42	134867	21	11	72	0	0	0	0	0	0	0	0	0	0	0	0	0	0	
2248.940167	8	6	3	0	2	7	1	3236	-1349	42	134927	21	11	73	0	0	0	0	0	0	0	0	0	0	0	0	0	0	
2249.945283	8	6	3	0	2	7	1	3225	-1349	42	134988	21	11	75	0	0	0	0	0	0	0	0	0	0	0	0	0	0	
2250.931683	8	6	3	0	2	7	1	3214	-1349	42	135047	21	11	77	0	0	0	0	0	0	0	0	0	0	0	0	0	0	
2251.936800	8	6	3	0	2	7	1	3197	-1349	42	135107	21	11	78	0	0	0	0	0	0	0	0	0	0	0	0	0	0	
2252.941917	8	6	3	0	2	7	1	3177	-1350	42	135167	21	11	80	0	0	0	0	0	0	0	0	0	0	0	0	0	0	
2253.928317	8	6	3	0	2	7	1	3147	-1350	42	135227	21	11	82	0	0	0	0	0	0	0	0	0	0	0	0	0	0	
2254.934883	8	6	3	0	2	7	1	3105	-1351	42	135287	21	11	83	0	0	0	0	0	0	0	0	0	0	0	0	0	0	
2255.940000	8	6	3	0	2	7	1	3011	-1350	42	135347	21	11	85	0	0	0	0	0	0	0	0	0	0	0	0	0	0	
2256.945117	8	6	3	0	2	7	1	2845	-1349	42	135408	21	11	87	0	0	0	0	0	0	0	0	0	0	0	0	0	0	
2257.463517	10	0	5	0	0	15	0	3091	0	42	135438	21	11	88	0	0	0	0	0	0	0	0	0	0	0	0	0	0	
2257.472167	8	15	3	0	0	31	0	3100	0	42	135438	21	11	88	0	0	0	0	0	0	0	0	0	0	0	0	0	0	
