Time	Status code	Status category	Status color	Pgm code	Pgm step	Pgm para	Pgm cycle	mV	mA	Temperature	Duration	Charge count	Discharge count	Capacity	Analog input 1	Analog input 2	Analog input 3	Analog input 4	Digital input 1	Digital input 2	Digital input 3	Digital input 4	Digital output 1	Digital output 2	Digital output 3	Digital output 4	Analog output 1	Analog output 2	
0.000000	8	3	3	0	1	2	2	3697	126	37	2	1	0	0	0	0	0	0	0	0	0	0	0	0	0	0	0	0	
0.097917	8	3	3	0	1	2	2	3969	675	37	7	1	0	0	0	0	0	0	0	0	0	0	0	0	0	0	0	0	
1.092967	8	3	3	0	1	2	2	4000	675	37	67	1	0	0	0	0	0	0	0	0	0	0	0	0	0	0	0	0	
2.089433	8	3	3	0	1	2	2	4017	674	37	127	1	0	0	0	0	0	0	0	0	0	0	0	0	0	0	0	0	
3.084483	8	3	3	0	1	2	2	4022	674	37	187	1	0	0	0	0	0	0	0	0	0	0	0	0	0	0	0	0	
4.099683	8	3	3	0	1	2	2	4029	674	37	248	1	0	0	0	0	0	0	0	0	0	0	0	0	0	0	0	0	
5.094717	8	3	3	0	1	2	2	4036	674	37	307	1	0	0	0	0	0	0	0	0	0	0	0	0	0	0	0	0	
6.091200	8	3	3	0	1	2	2	4044	674	37	367	1	0	0	0	0	0	0	0	0	0	0	0	0	0	0	0	0	
7.086233	8	3	3	0	1	2	2	4051	674	36	427	1	0	0	0	0	0	0	0	0	0	0	0	0	0	0	0	0	
8.101433	8	3	3	0	1	2	2	4053	674	36	488	1	0	0	0	0	0	0	0	0	0	0	0	0	0	0	0	0	
9.097917	8	3	3	0	1	2	2	4059	674	36	547	1	0	0	0	0	0	0	0	0	0	0	0	0	0	0	0	0	
10.092967	8	3	3	0	1	2	2	4060	674	36	607	1	0	0	0	0	0	0	0	0	0	0	0	0	0	0	0	0	
11.089433	8	3	3	0	1	2	2	4067	675	36	667	1	0	0	0	0	0	0	0	0	0	0	0	0	0	0	0	0	
12.100317	8	3	3	0	1	2	2	4077	675	36	728	1	0	0	0	0	0	0	0	0	0	0	0	0	0	0	0	0	
13.086717	8	3	3	0	1	2	2	4082	674	36	787	1	0	0	0	0	0	0	0	0	0	0	0	0	0	0	0	0	
14.091833	8	3	3	0	1	2	2	4093	674	35	847	1	0	0	0	0	0	0	0	0	0	0	0	0	0	0	0	0	
15.096967	8	3	3	0	1	2	2	4094	673	35	907	1	0	0	0	0	0	0	0	0	0	0	0	0	0	0	0	0	
16.102083	8	3	3	0	1	2	2	4098	674	35	968	1	0	0	0	0	0	0	0	0	0	0	0	0	0	0	0	0	
17.089917	8	3	3	0	1	2	2	4094	674	35	1027	1	0	0	0	0	0	0	0	0	0	0	0	0	0	0	0	0	
18.095033	8	3	3	0	1	2	2	4107	674	35	1087	1	0	0	0	0	0	0	0	0	0	0	0	0	0	0	0	0	
19.100167	8	3	3	0	1	2	2	4124	666	35	1148	1	0	0	0	0	0	0	0	0	0	0	0	0	0	0	0	0	
20.086567	8	3	3	0	1	2	2	4137	663	34	1207	1	0	0	0	0	0	0	0	0	0	0	0	0	0	0	0	0	
21.091683	8	3	3	0	1	2	2	4154	662	34	1267	1	0	0	0	0	0	0	0	0	0	0	0	0	0	0	0	0	
22.096800	8	3	3	0	1	2	2	4157	661	34	1327	1	0	0	0	0	0	0	0	0	0	0	0	0	0	0	0	0	
23.103367	8	3	3	0	1	2	2	4173	659	34	1388	1	0	0	0	0	0	0	0	0	0	0	0	0	0	0	0	0	
24.089767	8	3	3	0	1	2	2	4169	659	34	1447	1	0	0	0	0	0	0	0	0	0	0	0	0	0	0	0	0	
25.094883	8	3	3	0	1	2	2	4178	656	34	1507	1	0	0	0	0	0	0	0	0	0	0	0	0	0	0	0	0	
26.100000	8	3	3	0	1	2	2	4147	660	33	1567	1	0	0	0	0	0	0	0	0	0	0	0	0	0	0	0	0	
27.086400	8	3	3	0	1	2	2	4144	661	33	1627	1	0	0	0	0	0	0	0	0	0	0	0	0	0	0	0	0	
28.091517	8	3	3	0	1	2	2	4148	660	33	1687	1	0	0	0	0	0	0	0	0	0	0	0	0	0	0	0	0	
29.098083	8	3	3	0	1	2	2	4168	657	33	1747	1	0	0	0	0	0	0	0	0	0	0	0	0	0	0	0	0	
30.103200	8	3	3	0	1	2	2	4181	657	33	1808	1	0	0	0	0	0	0	0	0	0	0	0	0	0	0	0	0	
31.089600	8	3	3	0	1	2	2	4175	658	32	1867	1	0	0	0	0	0	0	0	0	0	0	0	0	0	0	0	0	
32.094717	8	3	3	0	1	2	2	4191	655	32	1927	1	0	0	0	0	0	0	0	0	0	0	0	0	0	0	0	0	
33.099833	8	3	3	0	1	2	2	4192	654	32	1987	1	0	0	0	0	0	0	0	0	0	0	0	0	0	0	0	0	
34.087683	8	3	3	0	1	2	2	4181	657	32	2047	1	0	0	0	0	0	0	0	0	0	0	0	0	0	0	0	0	
35.092800	8	3	3	0	1	2	2	4178	657	32	2107	1	0	0	0	0	0	0	0	0	0	0	0	0	0	0	0	0	
36.097917	8	3	3	0	1	2	2	4165	659	32	2167	1	0	0	0	0	0	0	0	0	0	0	0	0	0	0	0	0	
37.103033	8	3	3	0	1	2	2	4165	659	31	2228	1	0	0	0	0	0	0	0	0	0	0	0	0	0	0	0	0	
38.089433	8	3	3	0	1	2	2	4171	658	31	2287	1	0	0	0	0	0	0	0	0	0	0	0	0	0	0	0	0	
39.094567	8	3	3	0	1	2	2	4175	656	31	2347	1	0	0	0	0	0	0	0	0	0	0	0	0	0	0	0	0	
40.101117	8	3	3	0	1	2	2	4186	654	31	2407	1	0	0	0	0	0	0	0	0	0	0	0	0	0	0	0	0	
41.087517	8	3	3	0	1	2	2	4172	656	31	2467	1	0	0	0	0	0	0	0	0	0	0	0	0	0	0	0	0	
42.092633	8	3	3	0	1	2	2	4167	657	31	2527	1	0	0	0	0	0	0	0	0	0	0	0	0	0	0	0	0	
43.097767	8	3	3	0	1	2	2	4172	656	30	2587	1	0	0	0	0	0	0	0	0	0	0	0	0	0	0	0	0	
44.102883	8	3	3	0	1	2	2	4179	655	30	2648	1	0	0	0	0	0	0	0	0	0	0	0	0	0	0	0	0	
45.090717	8	3	3	0	1	2	2	4191	655	30	2707	1	0	0	0	0	0	0	0	0	0	0	0	0	0	0	0	0	
46.095833	8	3	3	0	1	2	2	4198	648	30	2767	1	0	0	0	0	0	0	0	0	0	0	0	0	0	0	0	0	
47.100967	8	3	3	0	1	2	2	4198	646	30	2827	1	0	0	0	0	0	0	0	0	0	0	0	0	0	0	0	0	
48.087367	8	3	3	0	1	2	2	4199	616	30	2887	1	0	0	0	0	0	0	0	0	0	0	0	0	0	0	0	0	
49.092483	8	3	3	0	1	2	2	4199	587	29	2947	1	0	0	0	0	0	0	0	0	0	0	0	0	0	0	0	0	
50.099033	8	3	3	0	1	2	2	4198	594	29	3007	1	0	0	0	0	0	0	0	0	0	0	0	0	0	0	0	0	
51.104167	8	3	3	0	1	2	2	4199	581	29	3068	1	0	0	0	0	0	0	0	0	0	0	0	0	0	0	0	0	
52.090567	8	3	3	0	1	2	2	4198	585	29	3127	1	0	0	0	0	0	0	0	0	0	0	0	0	0	0	0	0	
53.095683	8	3	3	0	1	2	2	4198	586	29	3187	1	0	0	0	0	0	0	0	0	0	0	0	0	0	0	0	0	
54.100800	8	3	3	0	1	2	2	4198	564	30	3247	1	0	0	0	0	0	0	0	0	0	0	0	0	0	0	0	0	
55.087200	8	3	3	0	1	2	2	4199	560	30	3307	1	0	0	0	0	0	0	0	0	0	0	0	0	0	0	0	0	
56.093767	8	3	3	0	1	2	2	4199	562	30	3367	1	0	0	0	0	0	0	0	0	0	0	0	0	0	0	0	0	
57.098883	8	3	3	0	1	2	2	4199	546	30	3427	1	0	0	0	0	0	0	0	0	0	0	0	0	0	0	0	0	
58.104000	8	3	3	0	1	2	2	4198	541	30	3488	1	0	0	0	0	0	0	0	0	0	0	0	0	0	0	0	0	
59.090400	8	3	3	0	1	2	2	4198	547	30	3547	1	0	0	0	0	0	0	0	0	0	0	0	0	0	0	0	0	
60.095517	8	3	3	0	1	2	2	4198	517	29	3607	1	0	0	0	0	0	0	0	0	0	0	0	0	0	0	0	0	
61.102083	8	3	3	0	1	2	2	4198	530	29	3667	1	0	0	0	0	0	0	0	0	0	0	0	0	0	0	0	0	
62.107200	8	3	3	0	1	2	2	4199	510	29	3728	1	0	0	0	0	0	0	0	0	0	0	0	0	0	0	0	0	
63.093600	8	3	3	0	1	2	2	4199	501	29	3787	1	0	0	0	0	0	0	0	0	0	0	0	0	0	0	0	0	
64.098717	8	3	3	0	1	2	2	4199	471	29	3847	1	0	0	0	0	0	0	0	0	0	0	0	0	0	0	0	0	
65.103833	8	3	3	0	1	2	2	4199	481	29	3908	1	0	0	0	0	0	0	0	0	0	0	0	0	0	0	0	0	
66.090233	8	3	3	0	1	2	2	4198	496	29	3967	1	0	0	0	0	0	0	0	0	0	0	0	0	0	0	0	0	
67.096800	8	3	3	0	1	2	2	4198	458	29	4027	1	0	0	0	0	0	0	0	0	0	0	0	0	0	0	0	0	
68.101917	8	3	3	0	1	2	2	4199	463	29	4087	1	0	0	0	0	0	0	0	0	0	0	0	0	0	0	0	0	
69.107033	8	3	3	0	1	2	2	4199	426	29	4148	1	0	0	0	0	0	0	0	0	0	0	0	0	0	0	0	0	
70.093433	8	3	3	0	1	2	2	4198	413	29	4207	1	0	0	0	0	0	0	0	0	0	0	0	0	0	0	0	0	
71.098567	8	3	3	0	1	2	2	4199	421	28	4267	1	0	0	0	0	0	0	0	0	0	0	0	0	0	0	0	0	
72.103683	8	3	3	0	1	2	2	4198	417	28	4328	1	0	0	0	0	0	0	0	0	0	0	0	0	0	0	0	0	
73.091517	8	3	3	0	1	2	2	4199	410	28	4387	1	0	0	0	0	0	0	0	0	0	0	0	0	0	0	0	0	
74.096633	8	3	3	0	1	2	2	4199	417	28	4447	1	0	0	0	0	0	0	0	0	0	0	0	0	0	0	0	0	
75.101767	8	3	3	0	1	2	2	4199	404	28	4507	1	0	0	0	0	0	0	0	0	0	0	0	0	0	0	0	0	
76.106883	8	3	3	0	1	2	2	4198	405	28	4568	1	0	0	0	0	0	0	0	0	0	0	0	0	0	0	0	0	
77.093283	8	3	3	0	1	2	2	4199	411	28	4627	1	0	0	0	0	0	0	0	0	0	0	0	0	0	0	0	0	
78.098400	8	3	3	0	1	2	2	4198	402	28	4687	1	0	0	0	0	0	0	0	0	0	0	0	0	0	0	0	0	
79.104967	8	3	3	0	1	2	2	4198	384	28	4748	1	0	0	0	0	0	0	0	0	0	0	0	0	0	0	0	0	
80.091367	8	3	3	0	1	2	2	4199	352	28	4807	1	0	0	0	0	0	0	0	0	0	0	0	0	0	0	0	0	
81.096483	8	3	3	0	1	2	2	4198	346	28	4867	1	0	0	0	0	0	0	0	0	0	0	0	0	0	0	0	0	
82.101600	8	3	3	0	1	2	2	4198	361	28	4927	1	0	0	0	0	0	0	0	0	0	0	0	0	0	0	0	0	
83.108167	8	3	3	0	1	2	2	4199	338	27	4988	1	0	0	0	0	0	0	0	0	0	0	0	0	0	0	0	0	
84.094567	8	3	3	0	1	2	2	4198	335	27	5047	1	0	0	0	0	0	0	0	0	0	0	0	0	0	0	0	0	
85.099683	8	3	3	0	1	2	2	4198	321	27	5107	1	0	0	0	0	0	0	0	0	0	0	0	0	0	0	0	0	
86.104800	8	3	3	0	1	2	2	4198	315	27	5167	1	0	0	0	0	0	0	0	0	0	0	0	0	0	0	0	0	
87.091200	8	3	3	0	1	2	2	4198	320	27	5227	1	0	0	0	0	0	0	0	0	0	0	0	0	0	0	0	0	
88.096317	8	3	3	0	1	2	2	4198	321	27	5287	1	0	0	0	0	0	0	0	0	0	0	0	0	0	0	0	0	
89.102883	8	3	3	0	1	2	2	4199	320	27	5347	1	0	0	0	0	0	0	0	0	0	0	0	0	0	0	0	0	
90.108000	8	3	3	0	1	2	2	4199	323	27	5408	1	0	0	0	0	0	0	0	0	0	0	0	0	0	0	0	0	
91.094400	8	3	3	0	1	2	2	4198	321	27	5467	1	0	0	0	0	0	0	0	0	0	0	0	0	0	0	0	0	
92.099517	8	3	3	0	1	2	2	4198	320	27	5527	1	0	0	0	0	0	0	0	0	0	0	0	0	0	0	0	0	
93.104633	8	3	3	0	1	2	2	4199	314	27	5587	1	0	0	0	0	0	0	0	0	0	0	0	0	0	0	0	0	
94.092483	8	3	3	0	1	2	2	4198	317	27	5647	1	0	0	0	0	0	0	0	0	0	0	0	0	0	0	0	0	
95.097600	8	3	3	0	1	2	2	4198	300	27	5707	1	0	0	0	0	0	0	0	0	0	0	0	0	0	0	0	0	
96.102717	8	3	3	0	1	2	2	4198	278	26	5767	1	0	0	0	0	0	0	0	0	0	0	0	0	0	0	0	0	
97.107833	8	3	3	0	1	2	2	4199	270	26	5828	1	0	0	0	0	0	0	0	0	0	0	0	0	0	0	0	0	
98.094233	8	3	3	0	1	2	2	4199	252	26	5887	1	0	0	0	0	0	0	0	0	0	0	0	0	0	0	0	0	
99.099367	8	3	3	0	1	2	2	4198	237	26	5947	1	0	0	0	0	0	0	0	0	0	0	0	0	0	0	0	0	
100.105917	8	3	3	0	1	2	2	4198	243	26	6007	1	0	0	0	0	0	0	0	0	0	0	0	0	0	0	0	0	
101.092317	8	3	3	0	1	2	2	4198	251	26	6067	1	0	0	0	0	0	0	0	0	0	0	0	0	0	0	0	0	
102.097433	8	3	3	0	1	2	2	4198	238	26	6127	1	0	0	0	0	0	0	0	0	0	0	0	0	0	0	0	0	
103.102567	8	3	3	0	1	2	2	4198	246	26	6187	1	0	0	0	0	0	0	0	0	0	0	0	0	0	0	0	0	
104.107683	8	3	3	0	1	2	2	4198	240	26	6248	1	0	0	0	0	0	0	0	0	0	0	0	0	0	0	0	0	
105.095517	8	3	3	0	1	2	2	4198	238	26	6307	1	0	0	0	0	0	0	0	0	0	0	0	0	0	0	0	0	
106.100633	8	3	3	0	1	2	2	4198	246	26	6367	1	0	0	0	0	0	0	0	0	0	0	0	0	0	0	0	0	
107.105767	8	3	3	0	1	2	2	4198	240	26	6427	1	0	0	0	0	0	0	0	0	0	0	0	0	0	0	0	0	
108.092167	8	3	3	0	1	2	2	4199	240	26	6487	1	0	0	0	0	0	0	0	0	0	0	0	0	0	0	0	0	
109.097283	8	3	3	0	1	2	2	4198	234	26	6547	1	0	0	0	0	0	0	0	0	0	0	0	0	0	0	0	0	
110.102400	8	3	3	0	1	2	2	4199	229	26	6607	1	0	0	0	0	0	0	0	0	0	0	0	0	0	0	0	0	
111.108967	8	3	3	0	1	2	2	4198	209	25	6668	1	0	0	0	0	0	0	0	0	0	0	0	0	0	0	0	0	
112.095367	8	3	3	0	1	2	2	4198	205	25	6727	1	0	0	0	0	0	0	0	0	0	0	0	0	0	0	0	0	
113.100483	8	3	3	0	1	2	2	4199	205	25	6787	1	0	0	0	0	0	0	0	0	0	0	0	0	0	0	0	0	
114.109917	8	3	3	0	1	2	2	4199	202	25	6848	1	0	0	0	0	0	0	0	0	0	0	0	0	0	0	0	0	
115.096317	8	3	3	0	1	2	2	4199	202	25	6907	1	0	0	0	0	0	0	0	0	0	0	0	0	0	0	0	0	
116.101433	8	3	3	0	1	2	2	4198	203	25	6967	1	0	0	0	0	0	0	0	0	0	0	0	0	0	0	0	0	
117.106567	8	3	3	0	1	2	2	4198	205	25	7027	1	0	0	0	0	0	0	0	0	0	0	0	0	0	0	0	0	
118.092967	8	3	3	0	1	2	2	4199	199	25	7087	1	0	0	0	0	0	0	0	0	0	0	0	0	0	0	0	0	
119.098083	8	3	3	0	1	2	2	4199	191	25	7147	1	0	0	0	0	0	0	0	0	0	0	0	0	0	0	0	0	
120.104633	8	3	3	0	1	2	2	4198	187	25	7207	1	0	0	0	0	0	0	0	0	0	0	0	0	0	0	0	0	
121.109767	8	3	3	0	1	2	2	4199	185	25	7268	1	0	0	0	0	0	0	0	0	0	0	0	0	0	0	0	0	
122.096167	8	3	3	0	1	2	2	4198	185	25	7327	1	0	0	0	0	0	0	0	0	0	0	0	0	0	0	0	0	
123.101283	8	3	3	0	1	2	2	4199	177	25	7387	1	0	0	0	0	0	0	0	0	0	0	0	0	0	0	0	0	
124.106400	8	3	3	0	1	2	2	4199	171	25	7447	1	0	0	0	0	0	0	0	0	0	0	0	0	0	0	0	0	
125.092800	8	3	3	0	1	2	2	4198	161	25	7507	1	0	0	0	0	0	0	0	0	0	0	0	0	0	0	0	0	
126.099367	8	3	3	0	1	2	2	4199	157	25	7567	1	0	0	0	0	0	0	0	0	0	0	0	0	0	0	0	0	
127.104483	8	3	3	0	1	2	2	4198	158	25	7627	1	0	0	0	0	0	0	0	0	0	0	0	0	0	0	0	0	
128.109600	8	3	3	0	1	2	2	4199	162	25	7688	1	0	0	0	0	0	0	0	0	0	0	0	0	0	0	0	0	
129.096000	8	3	3	0	1	2	2	4198	163	25	7747	1	0	0	0	0	0	0	0	0	0	0	0	0	0	0	0	0	
130.101117	8	3	3	0	1	2	2	4199	156	25	7807	1	0	0	0	0	0	0	0	0	0	0	0	0	0	0	0	0	
131.106233	8	3	3	0	1	2	2	4198	153	24	7867	1	0	0	0	0	0	0	0	0	0	0	0	0	0	0	0	0	
132.112800	8	3	3	0	1	2	2	4198	159	24	7928	1	0	0	0	0	0	0	0	0	0	0	0	0	0	0	0	0	
133.099200	8	3	3	0	1	2	2	4198	163	24	7987	1	0	0	0	0	0	0	0	0	0	0	0	0	0	0	0	0	
134.104317	8	3	3	0	1	2	2	4198	156	24	8047	1	0	0	0	0	0	0	0	0	0	0	0	0	0	0	0	0	
135.109433	8	3	3	0	1	2	2	4199	151	24	8108	1	0	0	0	0	0	0	0	0	0	0	0	0	0	0	0	0	
136.095833	8	3	3	0	1	2	2	4198	150	24	8167	1	0	0	0	0	0	0	0	0	0	0	0	0	0	0	0	0	
137.102400	8	3	3	0	1	2	2	4198	145	24	8227	1	0	0	0	0	0	0	0	0	0	0	0	0	0	0	0	0	
138.107517	8	3	3	0	1	2	2	4198	139	24	8287	1	0	0	0	0	0	0	0	0	0	0	0	0	0	0	0	0	
139.112633	8	3	3	0	1	2	2	4199	135	24	8348	1	0	0	0	0	0	0	0	0	0	0	0	0	0	0	0	0	
140.099033	8	3	3	0	1	2	2	4199	132	24	8407	1	0	0	0	0	0	0	0	0	0	0	0	0	0	0	0	0	
141.104167	8	3	3	0	1	2	2	4199	131	24	8467	1	0	0	0	0	0	0	0	0	0	0	0	0	0	0	0	0	
142.110717	8	3	3	0	1	2	2	4199	128	24	8528	1	0	0	0	0	0	0	0	0	0	0	0	0	0	0	0	0	
143.097117	8	3	3	0	1	2	2	4199	124	24	8587	1	0	0	0	0	0	0	0	0	0	0	0	0	0	0	0	0	
144.102233	8	3	3	0	1	2	2	4198	129	24	8647	1	0	0	0	0	0	0	0	0	0	0	0	0	0	0	0	0	
145.107367	8	3	3	0	1	2	2	4199	129	24	8707	1	0	0	0	0	0	0	0	0	0	0	0	0	0	0	0	0	
146.112483	8	3	3	0	1	2	2	4198	126	24	8768	1	0	0	0	0	0	0	0	0	0	0	0	0	0	0	0	0	
147.098883	8	3	3	0	1	2	2	4199	120	24	8827	1	0	0	0	0	0	0	0	0	0	0	0	0	0	0	0	0	
148.105433	8	3	3	0	1	2	2	4198	116	24	8887	1	0	0	0	0	0	0	0	0	0	0	0	0	0	0	0	0	
149.110567	8	3	3	0	1	2	2	4198	114	24	8948	1	0	0	0	0	0	0	0	0	0	0	0	0	0	0	0	0	
150.096967	8	3	3	0	1	2	2	4199	114	24	9007	1	0	0	0	0	0	0	0	0	0	0	0	0	0	0	0	0	
151.102083	8	3	3	0	1	2	2	4198	110	24	9067	1	0	0	0	0	0	0	0	0	0	0	0	0	0	0	0	0	
152.107200	8	3	3	0	1	2	2	4199	107	24	9127	1	0	0	0	0	0	0	0	0	0	0	0	0	0	0	0	0	
153.113767	8	3	3	0	1	2	2	4198	104	23	9188	1	0	0	0	0	0	0	0	0	0	0	0	0	0	0	0	0	
154.100167	8	3	3	0	1	2	2	4198	100	24	9247	1	0	0	0	0	0	0	0	0	0	0	0	0	0	0	0	0	
155.105283	8	3	3	0	1	2	2	4198	95	23	9307	1	0	0	0	0	0	0	0	0	0	0	0	0	0	0	0	0	
156.110400	8	3	3	0	1	2	2	4198	91	23	9368	1	0	0	0	0	0	0	0	0	0	0	0	0	0	0	0	0	
157.096800	8	3	3	0	1	2	2	4199	91	23	9427	1	0	0	0	0	0	0	0	0	0	0	0	0	0	0	0	0	
158.101917	8	3	3	0	1	2	2	4198	91	23	9487	1	0	0	0	0	0	0	0	0	0	0	0	0	0	0	0	0	
159.108483	8	3	3	0	1	2	2	4198	90	23	9547	1	0	0	0	0	0	0	0	0	0	0	0	0	0	0	0	0	
160.113600	8	3	3	0	1	2	2	4198	86	23	9608	1	0	0	0	0	0	0	0	0	0	0	0	0	0	0	0	0	
161.100000	8	3	3	0	1	2	2	4199	83	23	9667	1	0	0	0	0	0	0	0	0	0	0	0	0	0	0	0	0	
162.105117	8	3	3	0	1	2	2	4198	84	23	9727	1	0	0	0	0	0	0	0	0	0	0	0	0	0	0	0	0	
163.110233	8	3	3	0	1	2	2	4198	84	23	9787	1	0	0	0	0	0	0	0	0	0	0	0	0	0	0	0	0	
164.096633	8	3	3	0	1	2	2	4198	83	23	9847	1	0	0	0	0	0	0	0	0	0	0	0	0	0	0	0	0	
165.103200	8	3	3	0	1	2	2	4198	80	23	9907	1	0	0	0	0	0	0	0	0	0	0	0	0	0	0	0	0	
166.108317	8	3	3	0	1	2	2	4198	80	23	9967	1	0	0	0	0	0	0	0	0	0	0	0	0	0	0	0	0	
167.113433	8	3	3	0	1	2	2	4199	78	23	10028	1	0	0	0	0	0	0	0	0	0	0	0	0	0	0	0	0	
168.099833	8	3	3	0	1	2	2	4198	79	23	10087	1	0	0	0	0	0	0	0	0	0	0	0	0	0	0	0	0	
169.104967	8	3	3	0	1	2	2	4199	76	23	10147	1	0	0	0	0	0	0	0	0	0	0	0	0	0	0	0	0	
170.111517	8	3	3	0	1	2	2	4198	73	23	10207	1	0	0	0	0	0	0	0	0	0	0	0	0	0	0	0	0	
171.097917	8	3	3	0	1	2	2	4198	73	23	10267	1	0	0	0	0	0	0	0	0	0	0	0	0	0	0	0	0	
172.103033	8	3	3	0	1	2	2	4198	69	23	10327	1	0	0	0	0	0	0	0	0	0	0	0	0	0	0	0	0	
173.108167	8	3	3	0	1	2	2	4198	69	23	10387	1	0	0	0	0	0	0	0	0	0	0	0	0	0	0	0	0	
173.718717	8	6	3	0	2	7	1	3617	-1199	23	10424	1	1	0	0	0	0	0	0	0	0	0	0	0	0	0	0	0	
174.116167	8	6	3	0	2	7	1	3517	-1349	23	10448	1	1	0	0	0	0	0	0	0	0	0	0	0	0	0	0	0	
175.102567	8	6	3	0	2	7	1	3493	-1349	23	10507	1	1	2	0	0	0	0	0	0	0	0	0	0	0	0	0	0	
176.107683	8	6	3	0	2	7	1	3546	-1347	23	10567	1	1	3	0	0	0	0	0	0	0	0	0	0	0	0	0	0	
177.112800	8	6	3	0	2	7	1	3548	-1350	23	10628	1	1	5	0	0	0	0	0	0	0	0	0	0	0	0	0	0	
178.099200	8	6	3	0	2	7	1	3540	-1349	23	10687	1	1	7	0	0	0	0	0	0	0	0	0	0	0	0	0	0	
179.104317	8	6	3	0	2	7	1	3529	-1351	23	10747	1	1	8	0	0	0	0	0	0	0	0	0	0	0	0	0	0	
180.110883	8	6	3	0	2	7	1	3517	-1350	23	10807	1	1	10	0	0	0	0	0	0	0	0	0	0	0	0	0	0	
181.116000	8	6	3	0	2	7	1	3504	-1350	23	10868	1	1	12	0	0	0	0	0	0	0	0	0	0	0	0	0	0	
182.102400	8	6	3	0	2	7	1	3491	-1350	23	10927	1	1	13	0	0	0	0	0	0	0	0	0	0	0	0	0	0	
183.107517	8	6	3	0	2	7	1	3478	-1350	23	10987	1	1	15	0	0	0	0	0	0	0	0	0	0	0	0	0	0	
184.112633	8	6	3	0	2	7	1	3465	-1350	23	11048	1	1	17	0	0	0	0	0	0	0	0	0	0	0	0	0	0	
185.099033	8	6	3	0	2	7	1	3453	-1350	22	11107	1	1	18	0	0	0	0	0	0	0	0	0	0	0	0	0	0	
186.105600	8	6	3	0	2	7	1	3440	-1350	22	11167	1	1	20	0	0	0	0	0	0	0	0	0	0	0	0	0	0	
187.110717	8	6	3	0	2	7	1	3428	-1350	22	11227	1	1	22	0	0	0	0	0	0	0	0	0	0	0	0	0	0	
188.115833	8	6	3	0	2	7	1	3416	-1348	22	11288	1	1	23	0	0	0	0	0	0	0	0	0	0	0	0	0	0	
189.102233	8	6	3	0	2	7	1	3403	-1349	22	11347	1	1	25	0	0	0	0	0	0	0	0	0	0	0	0	0	0	
190.107367	8	6	3	0	2	7	1	3391	-1349	22	11407	1	1	27	0	0	0	0	0	0	0	0	0	0	0	0	0	0	
191.113917	8	6	3	0	2	7	1	3379	-1350	22	11468	1	1	28	0	0	0	0	0	0	0	0	0	0	0	0	0	0	
192.100317	8	6	3	0	2	7	1	3368	-1350	22	11527	1	1	30	0	0	0	0	0	0	0	0	0	0	0	0	0	0	
193.105433	8	6	3	0	2	7	1	3357	-1349	22	11587	1	1	32	0	0	0	0	0	0	0	0	0	0	0	0	0	0	
194.110567	8	6	3	0	2	7	1	3346	-1348	22	11647	1	1	33	0	0	0	0	0	0	0	0	0	0	0	0	0	0	
195.115683	8	6	3	0	2	7	1	3335	-1349	22	11708	1	1	35	0	0	0	0	0	0	0	0	0	0	0	0	0	0	
196.102083	8	6	3	0	2	7	1	3325	-1351	22	11767	1	1	37	0	0	0	0	0	0	0	0	0	0	0	0	0	0	
197.108633	8	6	3	0	2	7	1	3316	-1350	22	11827	1	1	38	0	0	0	0	0	0	0	0	0	0	0	0	0	0	
198.113767	8	6	3	0	2	7	1	3307	-1348	22	11887	1	1	40	0	0	0	0	0	0	0	0	0	0	0	0	0	0	
199.100167	8	6	3	0	2	7	1	3298	-1350	22	11947	1	1	42	0	0	0	0	0	0	0	0	0	0	0	0	0	0	
200.105283	8	6	3	0	2	7	1	3290	-1348	22	12007	1	1	43	0	0	0	0	0	0	0	0	0	0	0	0	0	0	
201.110400	8	6	3	0	2	7	1	3282	-1348	22	12067	1	1	45	0	0	0	0	0	0	0	0	0	0	0	0	0	0	
202.116967	8	6	3	0	2	7	1	3274	-1350	22	12128	1	1	46	0	0	0	0	0	0	0	0	0	0	0	0	0	0	
203.103367	8	6	3	0	2	7	1	3267	-1348	22	12187	1	1	48	0	0	0	0	0	0	0	0	0	0	0	0	0	0	
204.108483	8	6	3	0	2	7	1	3260	-1350	22	12247	1	1	50	0	0	0	0	0	0	0	0	0	0	0	0	0	0	
205.113600	8	6	3	0	2	7	1	3253	-1350	22	12307	1	1	51	0	0	0	0	0	0	0	0	0	0	0	0	0	0	
206.100000	8	6	3	0	2	7	1	3247	-1348	22	12367	1	1	53	0	0	0	0	0	0	0	0	0	0	0	0	0	0	
207.106567	8	6	3	0	2	7	1	3240	-1350	22	12427	1	1	55	0	0	0	0	0	0	0	0	0	0	0	0	0	0	
208.111683	8	6	3	0	2	7	1	3233	-1349	22	12487	1	1	56	0	0	0	0	0	0	0	0	0	0	0	0	0	0	
209.116800	8	6	3	0	2	7	1	3226	-1350	22	12548	1	1	58	0	0	0	0	0	0	0	0	0	0	0	0	0	0	
210.103200	8	6	3	0	2	7	1	3218	-1349	22	12607	1	1	60	0	0	0	0	0	0	0	0	0	0	0	0	0	0	
211.108317	8	6	3	0	2	7	1	3210	-1350	22	12667	1	1	61	0	0	0	0	0	0	0	0	0	0	0	0	0	0	
212.113433	8	6	3	0	2	7	1	3201	-1350	22	12727	1	1	63	0	0	0	0	0	0	0	0	0	0	0	0	0	0	
213.101283	8	6	3	0	2	7	1	3191	-1348	22	12787	1	1	65	0	0	0	0	0	0	0	0	0	0	0	0	0	0	
214.106400	8	6	3	0	2	7	1	3179	-1350	22	12847	1	1	66	0	0	0	0	0	0	0	0	0	0	0	0	0	0	
215.111517	8	6	3	0	2	7	1	3165	-1349	22	12907	1	1	68	0	0	0	0	0	0	0	0	0	0	0	0	0	0	
216.116633	8	6	3	0	2	7	1	3147	-1350	22	12968	1	1	70	0	0	0	0	0	0	0	0	0	0	0	0	0	0	
217.103033	8	6	3	0	2	7	1	3125	-1350	22	13027	1	1	71	0	0	0	0	0	0	0	0	0	0	0	0	0	0	
218.108167	8	6	3	0	2	7	1	3094	-1350	22	13087	1	1	73	0	0	0	0	0	0	0	0	0	0	0	0	0	0	
219.114717	8	6	3	0	2	7	1	3047	-1350	22	13147	1	1	75	0	0	0	0	0	0	0	0	0	0	0	0	0	0	
220.101117	8	6	3	0	2	7	1	2975	-1350	22	13207	1	1	76	0	0	0	0	0	0	0	0	0	0	0	0	0	0	
221.106233	8	6	3	0	2	7	1	2842	-1351	22	13267	1	1	78	0	0	0	0	0	0	0	0	0	0	0	0	0	0	
221.735517	8	15	3	0	1	31	2	2879	12	22	13305	2	1	79	0	0	0	0	0	0	0	0	0	0	0	0	0	0	
221.755683	8	3	3	0	1	2	2	3408	679	22	13306	3	1	79	0	0	0	0	0	0	0	0	0	0	0	0	0	0	
222.115683	8	3	3	0	1	2	2	3597	673	22	13327	3	1	79	0	0	0	0	0	0	0	0	0	0	0	0	0	0	
223.102083	8	3	3	0	1	2	2	3756	674	22	13387	3	1	79	0	0	0	0	0	0	0	0	0	0	0	0	0	0	
224.107200	8	3	3	0	1	2	2	3850	676	22	13447	3	1	79	0	0	0	0	0	0	0	0	0	0	0	0	0	0	
225.112317	8	3	3	0	1	2	2	3911	676	22	13507	3	1	79	0	0	0	0	0	0	0	0	0	0	0	0	0	0	
226.117433	8	3	3	0	1	2	2	3944	675	22	13568	3	1	79	0	0	0	0	0	0	0	0	0	0	0	0	0	0	
227.103833	8	3	3	0	1	2	2	3956	673	22	13627	3	1	79	0	0	0	0	0	0	0	0	0	0	0	0	0	0	
228.110400	8	3	3	0	1	2	2	3964	674	22	13687	3	1	79	0	0	0	0	0	0	0	0	0	0	0	0	0	0	
229.115517	8	3	3	0	1	2	2	3970	675	22	13747	3	1	79	0	0	0	0	0	0	0	0	0	0	0	0	0	0	
230.101917	8	3	3	0	1	2	2	3974	673	22	13807	3	1	79	0	0	0	0	0	0	0	0	0	0	0	0	0	0	
231.107033	8	3	3	0	1	2	2	3977	675	22	13867	3	1	79	0	0	0	0	0	0	0	0	0	0	0	0	0	0	
232.112167	8	3	3	0	1	2	2	3979	674	22	13927	3	1	79	0	0	0	0	0	0	0	0	0	0	0	0	0	0	
233.117283	8	3	3	0	1	2	2	3978	675	22	13988	3	1	79	0	0	0	0	0	0	0	0	0	0	0	0	0	0	
234.105117	8	3	3	0	1	2	2	3975	674	22	14047	3	1	79	0	0	0	0	0	0	0	0	0	0	0	0	0	0	
235.110233	8	3	3	0	1	2	2	3973	675	22	14107	3	1	79	0	0	0	0	0	0	0	0	0	0	0	0	0	0	
236.115367	8	3	3	0	1	2	2	3974	675	22	14167	3	1	79	0	0	0	0	0	0	0	0	0	0	0	0	0	0	
237.101767	8	3	3	0	1	2	2	3977	675	22	14227	3	1	79	0	0	0	0	0	0	0	0	0	0	0	0	0	0	
238.106883	8	3	3	0	1	2	2	3981	674	22	14287	3	1	79	0	0	0	0	0	0	0	0	0	0	0	0	0	0	
239.113433	8	3	3	0	1	2	2	3991	674	22	14347	3	1	79	0	0	0	0	0	0	0	0	0	0	0	0	0	0	
240.118567	8	3	3	0	1	2	2	3997	676	22	14408	3	1	79	0	0	0	0	0	0	0	0	0	0	0	0	0	0	
241.104967	8	3	3	0	1	2	2	4002	675	22	14467	3	1	79	0	0	0	0	0	0	0	0	0	0	0	0	0	0	
242.110083	8	3	3	0	1	2	2	4007	674	22	14527	3	1	79	0	0	0	0	0	0	0	0	0	0	0	0	0	0	
243.115200	8	3	3	0	1	2	2	4012	674	22	14587	3	1	79	0	0	0	0	0	0	0	0	0	0	0	0	0	0	
244.121767	8	3	3	0	1	2	2	4018	675	21	14648	3	1	79	0	0	0	0	0	0	0	0	0	0	0	0	0	0	
245.108167	8	3	3	0	1	2	2	4021	673	22	14707	3	1	79	0	0	0	0	0	0	0	0	0	0	0	0	0	0	
246.113283	8	3	3	0	1	2	2	4024	674	21	14767	3	1	79	0	0	0	0	0	0	0	0	0	0	0	0	0	0	
247.118400	8	3	3	0	1	2	2	4027	675	21	14828	3	1	79	0	0	0	0	0	0	0	0	0	0	0	0	0	0	
248.104800	8	3	3	0	1	2	2	4032	675	21	14887	3	1	79	0	0	0	0	0	0	0	0	0	0	0	0	0	0	
249.109917	8	3	3	0	1	2	2	4036	674	21	14947	3	1	79	0	0	0	0	0	0	0	0	0	0	0	0	0	0	
250.116483	8	3	3	0	1	2	2	4038	674	21	15007	3	1	79	0	0	0	0	0	0	0	0	0	0	0	0	0	0	
251.121600	8	3	3	0	1	2	2	4042	675	21	15068	3	1	79	0	0	0	0	0	0	0	0	0	0	0	0	0	0	
252.108000	8	3	3	0	1	2	2	4045	675	21	15127	3	1	79	0	0	0	0	0	0	0	0	0	0	0	0	0	0	
253.113117	8	3	3	0	1	2	2	4048	674	21	15187	3	1	79	0	0	0	0	0	0	0	0	0	0	0	0	0	0	
254.118233	8	3	3	0	1	2	2	4051	675	21	15248	3	1	79	0	0	0	0	0	0	0	0	0	0	0	0	0	0	
255.106083	8	3	3	0	1	2	2	4055	675	21	15307	3	1	79	0	0	0	0	0	0	0	0	0	0	0	0	0	0	
256.111200	8	3	3	0	1	2	2	4059	674	21	15367	3	1	79	0	0	0	0	0	0	0	0	0	0	0	0	0	0	
257.116317	8	3	3	0	1	2	2	4063	675	21	15427	3	1	79	0	0	0	0	0	0	0	0	0	0	0	0	0	0	
258.121433	8	3	3	0	1	2	2	4068	675	21	15488	3	1	79	0	0	0	0	0	0	0	0	0	0	0	0	0	0	
259.107833	8	3	3	0	1	2	2	4072	675	21	15547	3	1	79	0	0	0	0	0	0	0	0	0	0	0	0	0	0	
260.114400	8	3	3	0	1	2	2	4075	675	21	15607	3	1	79	0	0	0	0	0	0	0	0	0	0	0	0	0	0	
261.119517	8	3	3	0	1	2	2	4079	673	21	15668	3	1	79	0	0	0	0	0	0	0	0	0	0	0	0	0	0	
262.105917	8	3	3	0	1	2	2	4083	676	21	15727	3	1	79	0	0	0	0	0	0	0	0	0	0	0	0	0	0	
263.112483	8	3	3	0	1	2	2	4086	674	21	15787	3	1	79	0	0	0	0	0	0	0	0	0	0	0	0	0	0	
264.117600	8	3	3	0	1	2	2	4090	675	21	15847	3	1	79	0	0	0	0	0	0	0	0	0	0	0	0	0	0	
265.104000	8	3	3	0	1	2	2	4093	675	21	15907	3	1	79	0	0	0	0	0	0	0	0	0	0	0	0	0	0	
266.110567	8	3	3	0	1	2	2	4098	675	21	15967	3	1	79	0	0	0	0	0	0	0	0	0	0	0	0	0	0	
267.115683	8	3	3	0	1	2	2	4101	674	21	16027	3	1	79	0	0	0	0	0	0	0	0	0	0	0	0	0	0	
268.120800	8	3	3	0	1	2	2	4104	674	21	16088	3	1	79	0	0	0	0	0	0	0	0	0	0	0	0	0	0	
269.107200	8	3	3	0	1	2	2	4108	675	21	16147	3	1	79	0	0	0	0	0	0	0	0	0	0	0	0	0	0	
270.112317	8	3	3	0	1	2	2	4112	675	21	16207	3	1	79	0	0	0	0	0	0	0	0	0	0	0	0	0	0	
271.118883	8	3	3	0	1	2	2	4116	675	21	16267	3	1	79	0	0	0	0	0	0	0	0	0	0	0	0	0	0	
272.105283	8	3	3	0	1	2	2	4117	667	21	16327	3	1	79	0	0	0	0	0	0	0	0	0	0	0	0	0	0	
273.110400	8	3	3	0	1	2	2	4120	663	21	16387	3	1	79	0	0	0	0	0	0	0	0	0	0	0	0	0	0	
274.115517	8	3	3	0	1	2	2	4124	664	21	16447	3	1	79	0	0	0	0	0	0	0	0	0	0	0	0	0	0	
275.120633	8	3	3	0	1	2	2	4128	663	21	16508	3	1	79	0	0	0	0	0	0	0	0	0	0	0	0	0	0	
276.107033	8	3	3	0	1	2	2	4132	663	21	16567	3	1	79	0	0	0	0	0	0	0	0	0	0	0	0	0	0	
277.113600	8	3	3	0	1	2	2	4136	662	21	16627	3	1	79	0	0	0	0	0	0	0	0	0	0	0	0	0	0	
278.118717	8	3	3	0	1	2	2	4142	663	21	16687	3	1	79	0	0	0	0	0	0	0	0	0	0	0	0	0	0	
279.123833	8	3	3	0	1	2	2	4145	661	21	16748	3	1	79	0	0	0	0	0	0	0	0	0	0	0	0	0	0	
280.110233	8	3	3	0	1	2	2	4150	661	21	16807	3	1	79	0	0	0	0	0	0	0	0	0	0	0	0	0	0	
281.115367	8	3	3	0	1	2	2	4155	660	21	16867	3	1	79	0	0	0	0	0	0	0	0	0	0	0	0	0	0	
282.121917	8	3	3	0	1	2	2	4160	659	21	16928	3	1	79	0	0	0	0	0	0	0	0	0	0	0	0	0	0	
283.108317	8	3	3	0	1	2	2	4164	658	21	16987	3	1	79	0	0	0	0	0	0	0	0	0	0	0	0	0	0	
284.113433	8	3	3	0	1	2	2	4169	657	21	17047	3	1	79	0	0	0	0	0	0	0	0	0	0	0	0	0	0	
285.118567	8	3	3	0	1	2	2	4174	658	21	17107	3	1	79	0	0	0	0	0	0	0	0	0	0	0	0	0	0	
286.123683	8	3	3	0	1	2	2	4179	656	21	17168	3	1	79	0	0	0	0	0	0	0	0	0	0	0	0	0	0	
287.111517	8	3	3	0	1	2	2	4184	655	21	17227	3	1	79	0	0	0	0	0	0	0	0	0	0	0	0	0	0	
288.116633	8	3	3	0	1	2	2	4190	655	21	17287	3	1	79	0	0	0	0	0	0	0	0	0	0	0	0	0	0	
289.121767	8	3	3	0	1	2	2	4196	655	21	17348	3	1	79	0	0	0	0	0	0	0	0	0	0	0	0	0	0	
290.108167	8	3	3	0	1	2	2	4198	647	21	17407	3	1	79	0	0	0	0	0	0	0	0	0	0	0	0	0	0	
291.113283	8	3	3	0	1	2	2	4199	632	21	17467	3	1	79	0	0	0	0	0	0	0	0	0	0	0	0	0	0	
292.118400	8	3	3	0	1	2	2	4199	617	21	17527	3	1	79	0	0	0	0	0	0	0	0	0	0	0	0	0	0	
293.124967	8	3	3	0	1	2	2	4199	601	21	17588	3	1	79	0	0	0	0	0	0	0	0	0	0	0	0	0	0	
294.111367	8	3	3	0	1	2	2	4198	586	21	17647	3	1	79	0	0	0	0	0	0	0	0	0	0	0	0	0	0	
295.116483	8	3	3	0	1	2	2	4198	572	21	17707	3	1	79	0	0	0	0	0	0	0	0	0	0	0	0	0	0	
296.121600	8	3	3	0	1	2	2	4199	558	21	17768	3	1	79	0	0	0	0	0	0	0	0	0	0	0	0	0	0	
297.108000	8	3	3	0	1	2	2	4198	542	21	17827	3	1	79	0	0	0	0	0	0	0	0	0	0	0	0	0	0	
298.114567	8	3	3	0	1	2	2	4198	526	21	17887	3	1	79	0	0	0	0	0	0	0	0	0	0	0	0	0	0	
299.119683	8	3	3	0	1	2	2	4199	512	21	17947	3	1	79	0	0	0	0	0	0	0	0	0	0	0	0	0	0	
300.124800	8	3	3	0	1	2	2	4198	497	21	18008	3	1	79	0	0	0	0	0	0	0	0	0	0	0	0	0	0	
301.111200	8	3	3	0	1	2	2	4199	484	21	18067	3	1	79	0	0	0	0	0	0	0	0	0	0	0	0	0	0	
302.116317	8	3	3	0	1	2	2	4198	473	21	18127	3	1	79	0	0	0	0	0	0	0	0	0	0	0	0	0	0	
303.121433	8	3	3	0	1	2	2	4198	461	21	18188	3	1	79	0	0	0	0	0	0	0	0	0	0	0	0	0	0	
304.109283	8	3	3	0	1	2	2	4198	450	21	18247	3	1	79	0	0	0	0	0	0	0	0	0	0	0	0	0	0	
305.114400	8	3	3	0	1	2	2	4199	438	21	18307	3	1	79	0	0	0	0	0	0	0	0	0	0	0	0	0	0	
306.119517	8	3	3	0	1	2	2	4199	427	21	18367	3	1	79	0	0	0	0	0	0	0	0	0	0	0	0	0	0	
307.124633	8	3	3	0	1	2	2	4198	415	21	18428	3	1	79	0	0	0	0	0	0	0	0	0	0	0	0	0	0	
308.111033	8	3	3	0	1	2	2	4199	403	21	18487	3	1	79	0	0	0	0	0	0	0	0	0	0	0	0	0	0	
309.117600	8	3	3	0	1	2	2	4198	393	21	18547	3	1	79	0	0	0	0	0	0	0	0	0	0	0	0	0	0	
310.122717	8	3	3	0	1	2	2	4199	381	21	18607	3	1	79	0	0	0	0	0	0	0	0	0	0	0	0	0	0	
311.109117	8	3	3	0	1	2	2	4199	370	21	18667	3	1	79	0	0	0	0	0	0	0	0	0	0	0	0	0	0	
312.114233	8	3	3	0	1	2	2	4198	361	21	18727	3	1	79	0	0	0	0	0	0	0	0	0	0	0	0	0	0	
313.119367	8	3	3	0	1	2	2	4199	350	21	18787	3	1	79	0	0	0	0	0	0	0	0	0	0	0	0	0	0	
314.125917	8	3	3	0	1	2	2	4199	341	21	18848	3	1	79	0	0	0	0	0	0	0	0	0	0	0	0	0	0	
315.112317	8	3	3	0	1	2	2	4199	333	21	18907	3	1	79	0	0	0	0	0	0	0	0	0	0	0	0	0	0	
316.117433	8	3	3	0	1	2	2	4198	325	21	18967	3	1	79	0	0	0	0	0	0	0	0	0	0	0	0	0	0	
317.122567	8	3	3	0	1	2	2	4198	316	20	19027	3	1	79	0	0	0	0	0	0	0	0	0	0	0	0	0	0	
318.108967	8	3	3	0	1	2	2	4199	307	21	19087	3	1	79	0	0	0	0	0	0	0	0	0	0	0	0	0	0	
319.114083	8	3	3	0	1	2	2	4199	297	21	19147	3	1	79	0	0	0	0	0	0	0	0	0	0	0	0	0	0	
320.120633	8	3	3	0	1	2	2	4199	291	21	19207	3	1	79	0	0	0	0	0	0	0	0	0	0	0	0	0	0	
321.125767	8	3	3	0	1	2	2	4199	285	21	19268	3	1	79	0	0	0	0	0	0	0	0	0	0	0	0	0	0	
322.112167	8	3	3	0	1	2	2	4199	277	21	19327	3	1	79	0	0	0	0	0	0	0	0	0	0	0	0	0	0	
323.117283	8	3	3	0	1	2	2	4199	268	21	19387	3	1	79	0	0	0	0	0	0	0	0	0	0	0	0	0	0	
324.122400	8	3	3	0	1	2	2	4199	262	21	19447	3	1	79	0	0	0	0	0	0	0	0	0	0	0	0	0	0	
325.108800	8	3	3	0	1	2	2	4199	253	21	19507	3	1	79	0	0	0	0	0	0	0	0	0	0	0	0	0	0	
326.115367	8	3	3	0	1	2	2	4198	245	20	19567	3	1	79	0	0	0	0	0	0	0	0	0	0	0	0	0	0	
327.120483	8	3	3	0	1	2	2	4198	238	20	19627	3	1	79	0	0	0	0	0	0	0	0	0	0	0	0	0	0	
328.125600	8	3	3	0	1	2	2	4199	230	21	19688	3	1	79	0	0	0	0	0	0	0	0	0	0	0	0	0	0	
329.112000	8	3	3	0	1	2	2	4198	224	21	19747	3	1	79	0	0	0	0	0	0	0	0	0	0	0	0	0	0	
330.117117	8	3	3	0	1	2	2	4199	218	21	19807	3	1	79	0	0	0	0	0	0	0	0	0	0	0	0	0	0	
331.123683	8	3	3	0	1	2	2	4198	211	20	19867	3	1	79	0	0	0	0	0	0	0	0	0	0	0	0	0	0	
332.110083	8	3	3	0	1	2	2	4199	205	20	19927	3	1	79	0	0	0	0	0	0	0	0	0	0	0	0	0	0	
333.115200	8	3	3	0	1	2	2	4199	199	21	19987	3	1	79	0	0	0	0	0	0	0	0	0	0	0	0	0	0	
334.120317	8	3	3	0	1	2	2	4198	194	20	20047	3	1	79	0	0	0	0	0	0	0	0	0	0	0	0	0	0	
335.125433	8	3	3	0	1	2	2	4198	189	20	20108	3	1	79	0	0	0	0	0	0	0	0	0	0	0	0	0	0	
336.111833	8	3	3	0	1	2	2	4199	185	20	20167	3	1	79	0	0	0	0	0	0	0	0	0	0	0	0	0	0	
337.118400	8	3	3	0	1	2	2	4199	180	20	20227	3	1	79	0	0	0	0	0	0	0	0	0	0	0	0	0	0	
338.123517	8	3	3	0	1	2	2	4198	175	20	20287	3	1	79	0	0	0	0	0	0	0	0	0	0	0	0	0	0	
339.128633	8	3	3	0	1	2	2	4199	172	20	20348	3	1	79	0	0	0	0	0	0	0	0	0	0	0	0	0	0	
340.115033	8	3	3	0	1	2	2	4198	167	20	20407	3	1	79	0	0	0	0	0	0	0	0	0	0	0	0	0	0	
341.120167	8	3	3	0	1	2	2	4198	163	20	20467	3	1	79	0	0	0	0	0	0	0	0	0	0	0	0	0	0	
342.125283	8	3	3	0	1	2	2	4198	159	20	20528	3	1	79	0	0	0	0	0	0	0	0	0	0	0	0	0	0	
343.113117	8	3	3	0	1	2	2	4199	155	20	20587	3	1	79	0	0	0	0	0	0	0	0	0	0	0	0	0	0	
344.118233	8	3	3	0	1	2	2	4199	151	20	20647	3	1	79	0	0	0	0	0	0	0	0	0	0	0	0	0	0	
345.123367	8	3	3	0	1	2	2	4198	147	20	20707	3	1	79	0	0	0	0	0	0	0	0	0	0	0	0	0	0	
346.128483	8	3	3	0	1	2	2	4199	142	20	20768	3	1	79	0	0	0	0	0	0	0	0	0	0	0	0	0	0	
347.114883	8	3	3	0	1	2	2	4199	139	20	20827	3	1	79	0	0	0	0	0	0	0	0	0	0	0	0	0	0	
348.121433	8	3	3	0	1	2	2	4198	134	20	20887	3	1	79	0	0	0	0	0	0	0	0	0	0	0	0	0	0	
349.126567	8	3	3	0	1	2	2	4199	130	20	20948	3	1	79	0	0	0	0	0	0	0	0	0	0	0	0	0	0	
350.112967	8	3	3	0	1	2	2	4198	127	20	21007	3	1	79	0	0	0	0	0	0	0	0	0	0	0	0	0	0	
351.118083	8	3	3	0	1	2	2	4198	122	20	21067	3	1	79	0	0	0	0	0	0	0	0	0	0	0	0	0	0	
352.123200	8	3	3	0	1	2	2	4198	120	20	21127	3	1	79	0	0	0	0	0	0	0	0	0	0	0	0	0	0	
353.128317	8	3	3	0	1	2	2	4199	116	20	21188	3	1	79	0	0	0	0	0	0	0	0	0	0	0	0	0	0	
354.116167	8	3	3	0	1	2	2	4199	114	20	21247	3	1	79	0	0	0	0	0	0	0	0	0	0	0	0	0	0	
355.121283	8	3	3	0	1	2	2	4198	110	20	21307	3	1	79	0	0	0	0	0	0	0	0	0	0	0	0	0	0	
356.126400	8	3	3	0	1	2	2	4199	109	20	21368	3	1	79	0	0	0	0	0	0	0	0	0	0	0	0	0	0	
357.112800	8	3	3	0	1	2	2	4198	105	20	21427	3	1	79	0	0	0	0	0	0	0	0	0	0	0	0	0	0	
358.117917	8	3	3	0	1	2	2	4198	104	20	21487	3	1	79	0	0	0	0	0	0	0	0	0	0	0	0	0	0	
359.123033	8	3	3	0	1	2	2	4198	102	20	21547	3	1	79	0	0	0	0	0	0	0	0	0	0	0	0	0	0	
360.129600	8	3	3	0	1	2	2	4198	98	20	21608	3	1	79	0	0	0	0	0	0	0	0	0	0	0	0	0	0	
361.116000	8	3	3	0	1	2	2	4199	96	20	21667	3	1	79	0	0	0	0	0	0	0	0	0	0	0	0	0	0	
362.121117	8	3	3	0	1	2	2	4198	93	20	21727	3	1	79	0	0	0	0	0	0	0	0	0	0	0	0	0	0	
363.126233	8	3	3	0	1	2	2	4198	91	20	21787	3	1	79	0	0	0	0	0	0	0	0	0	0	0	0	0	0	
364.112633	8	3	3	0	1	2	2	4198	89	20	21847	3	1	79	0	0	0	0	0	0	0	0	0	0	0	0	0	0	
365.117767	8	3	3	0	1	2	2	4198	87	20	21907	3	1	79	0	0	0	0	0	0	0	0	0	0	0	0	0	0	
366.124317	8	3	3	0	1	2	2	4198	85	20	21967	3	1	79	0	0	0	0	0	0	0	0	0	0	0	0	0	0	
367.129433	8	3	3	0	1	2	2	4198	83	20	22028	3	1	79	0	0	0	0	0	0	0	0	0	0	0	0	0	0	
368.115833	8	3	3	0	1	2	2	4198	81	20	22087	3	1	79	0	0	0	0	0	0	0	0	0	0	0	0	0	0	
369.120967	8	3	3	0	1	2	2	4199	79	20	22147	3	1	79	0	0	0	0	0	0	0	0	0	0	0	0	0	0	
370.126083	8	3	3	0	1	2	2	4198	78	20	22207	3	1	79	0	0	0	0	0	0	0	0	0	0	0	0	0	0	
371.112483	8	3	3	0	1	2	2	4199	75	20	22267	3	1	79	0	0	0	0	0	0	0	0	0	0	0	0	0	0	
372.119033	8	3	3	0	1	2	2	4199	73	20	22327	3	1	79	0	0	0	0	0	0	0	0	0	0	0	0	0	0	
373.124167	8	3	3	0	1	2	2	4199	72	20	22387	3	1	79	0	0	0	0	0	0	0	0	0	0	0	0	0	0	
374.129283	8	3	3	0	1	2	2	4198	70	20	22448	3	1	79	0	0	0	0	0	0	0	0	0	0	0	0	0	0	
375.115683	8	3	3	0	1	2	2	4199	69	20	22507	3	1	79	0	0	0	0	0	0	0	0	0	0	0	0	0	0	
376.120800	8	3	3	0	1	2	2	4198	67	20	22567	3	1	79	0	0	0	0	0	0	0	0	0	0	0	0	0	0	
376.467833	8	6	3	0	2	7	1	3641	-1347	20	22588	3	2	0	0	0	0	0	0	0	0	0	0	0	0	0	0	0	
377.112967	8	6	3	0	2	7	1	3611	-1351	20	22627	3	2	1	0	0	0	0	0	0	0	0	0	0	0	0	0	0	
378.118083	8	6	3	0	2	7	1	3588	-1349	20	22687	3	2	2	0	0	0	0	0	0	0	0	0	0	0	0	0	0	
379.123200	8	6	3	0	2	7	1	3586	-1349	20	22747	3	2	4	0	0	0	0	0	0	0	0	0	0	0	0	0	0	
380.129767	8	6	3	0	2	7	1	3578	-1351	20	22808	3	2	6	0	0	0	0	0	0	0	0	0	0	0	0	0	0	
381.116167	8	6	3	0	2	7	1	3565	-1349	20	22867	3	2	7	0	0	0	0	0	0	0	0	0	0	0	0	0	0	
382.121283	8	6	3	0	2	7	1	3549	-1349	20	22927	3	2	9	0	0	0	0	0	0	0	0	0	0	0	0	0	0	
383.126400	8	6	3	0	2	7	1	3535	-1351	20	22987	3	2	10	0	0	0	0	0	0	0	0	0	0	0	0	0	0	
384.131517	8	6	3	0	2	7	1	3521	-1350	20	23048	3	2	12	0	0	0	0	0	0	0	0	0	0	0	0	0	0	
385.119367	8	6	3	0	2	7	1	3508	-1349	20	23107	3	2	14	0	0	0	0	0	0	0	0	0	0	0	0	0	0	
386.124483	8	6	3	0	2	7	1	3494	-1350	20	23167	3	2	15	0	0	0	0	0	0	0	0	0	0	0	0	0	0	
387.129600	8	6	3	0	2	7	1	3479	-1350	20	23228	3	2	17	0	0	0	0	0	0	0	0	0	0	0	0	0	0	
388.116000	8	6	3	0	2	7	1	3466	-1350	20	23287	3	2	19	0	0	0	0	0	0	0	0	0	0	0	0	0	0	
389.121117	8	6	3	0	2	7	1	3452	-1351	20	23347	3	2	20	0	0	0	0	0	0	0	0	0	0	0	0	0	0	
390.126233	8	6	3	0	2	7	1	3439	-1349	20	23407	3	2	22	0	0	0	0	0	0	0	0	0	0	0	0	0	0	
391.132800	8	6	3	0	2	7	1	3425	-1351	20	23468	3	2	24	0	0	0	0	0	0	0	0	0	0	0	0	0	0	
392.119200	8	6	3	0	2	7	1	3413	-1350	20	23527	3	2	25	0	0	0	0	0	0	0	0	0	0	0	0	0	0	
393.124317	8	6	3	0	2	7	1	3400	-1349	20	23587	3	2	27	0	0	0	0	0	0	0	0	0	0	0	0	0	0	
394.129433	8	6	3	0	2	7	1	3388	-1350	20	23648	3	2	29	0	0	0	0	0	0	0	0	0	0	0	0	0	0	
395.115833	8	6	3	0	2	7	1	3375	-1350	20	23707	3	2	30	0	0	0	0	0	0	0	0	0	0	0	0	0	0	
396.120967	8	6	3	0	2	7	1	3363	-1349	20	23767	3	2	32	0	0	0	0	0	0	0	0	0	0	0	0	0	0	
397.127517	8	6	3	0	2	7	1	3351	-1350	20	23827	3	2	34	0	0	0	0	0	0	0	0	0	0	0	0	0	0	
398.132633	8	6	3	0	2	7	1	3340	-1350	20	23888	3	2	35	0	0	0	0	0	0	0	0	0	0	0	0	0	0	
399.119033	8	6	3	0	2	7	1	3330	-1349	20	23947	3	2	37	0	0	0	0	0	0	0	0	0	0	0	0	0	0	
400.124167	8	6	3	0	2	7	1	3319	-1349	20	24007	3	2	39	0	0	0	0	0	0	0	0	0	0	0	0	0	0	
401.129283	8	6	3	0	2	7	1	3309	-1350	20	24068	3	2	40	0	0	0	0	0	0	0	0	0	0	0	0	0	0	
402.115683	8	6	3	0	2	7	1	3299	-1350	20	24127	3	2	42	0	0	0	0	0	0	0	0	0	0	0	0	0	0	
403.122233	8	6	3	0	2	7	1	3290	-1349	20	24187	3	2	44	0	0	0	0	0	0	0	0	0	0	0	0	0	0	
404.127367	8	6	3	0	2	7	1	3281	-1349	20	24247	3	2	45	0	0	0	0	0	0	0	0	0	0	0	0	0	0	
405.132483	8	6	3	0	2	7	1	3273	-1349	20	24308	3	2	47	0	0	0	0	0	0	0	0	0	0	0	0	0	0	
406.118883	8	6	3	0	2	7	1	3265	-1350	20	24367	3	2	49	0	0	0	0	0	0	0	0	0	0	0	0	0	0	
407.124000	8	6	3	0	2	7	1	3257	-1350	20	24427	3	2	50	0	0	0	0	0	0	0	0	0	0	0	0	0	0	
408.130567	8	6	3	0	2	7	1	3250	-1350	20	24488	3	2	52	0	0	0	0	0	0	0	0	0	0	0	0	0	0	
409.116967	8	6	3	0	2	7	1	3242	-1349	20	24547	3	2	54	0	0	0	0	0	0	0	0	0	0	0	0	0	0	
410.122083	8	6	3	0	2	7	1	3235	-1348	20	24607	3	2	55	0	0	0	0	0	0	0	0	0	0	0	0	0	0	
411.127200	8	6	3	0	2	7	1	3229	-1350	20	24667	3	2	57	0	0	0	0	0	0	0	0	0	0	0	0	0	0	
412.132317	8	6	3	0	2	7	1	3222	-1350	20	24728	3	2	59	0	0	0	0	0	0	0	0	0	0	0	0	0	0	
413.118717	8	6	3	0	2	7	1	3215	-1350	20	24787	3	2	60	0	0	0	0	0	0	0	0	0	0	0	0	0	0	
414.125283	8	6	3	0	2	7	1	3208	-1349	20	24847	3	2	62	0	0	0	0	0	0	0	0	0	0	0	0	0	0	
415.130400	8	6	3	0	2	7	1	3200	-1349	20	24907	3	2	64	0	0	0	0	0	0	0	0	0	0	0	0	0	0	
416.116800	8	6	3	0	2	7	1	3191	-1349	20	24967	3	2	65	0	0	0	0	0	0	0	0	0	0	0	0	0	0	
417.121917	8	6	3	0	2	7	1	3182	-1349	20	25027	3	2	67	0	0	0	0	0	0	0	0	0	0	0	0	0	0	
418.128483	8	6	3	0	2	7	1	3170	-1349	21	25087	3	2	69	0	0	0	0	0	0	0	0	0	0	0	0	0	0	
419.133600	8	6	3	0	2	7	1	3157	-1348	20	25148	3	2	70	0	0	0	0	0	0	0	0	0	0	0	0	0	0	
420.120000	8	6	3	0	2	7	1	3142	-1348	20	25207	3	2	72	0	0	0	0	0	0	0	0	0	0	0	0	0	0	
421.125117	8	6	3	0	2	7	1	3124	-1349	20	25267	3	2	74	0	0	0	0	0	0	0	0	0	0	0	0	0	0	
422.130233	8	6	3	0	2	7	1	3100	-1349	20	25327	3	2	75	0	0	0	0	0	0	0	0	0	0	0	0	0	0	
423.116633	8	6	3	0	2	7	1	3067	-1349	20	25387	3	2	77	0	0	0	0	0	0	0	0	0	0	0	0	0	0	
424.123200	8	6	3	0	2	7	1	3016	-1349	20	25447	3	2	78	0	0	0	0	0	0	0	0	0	0	0	0	0	0	
425.128317	8	6	3	0	2	7	1	2934	-1349	20	25507	3	2	80	0	0	0	0	0	0	0	0	0	0	0	0	0	0	
426.133433	8	6	3	0	2	7	1	2782	-1350	20	25568	3	2	82	0	0	0	0	0	0	0	0	0	0	0	0	0	0	
426.517917	8	15	3	0	1	31	2	3304	318	20	25591	5	2	82	0	0	0	0	0	0	0	0	0	0	0	0	0	0	
426.538083	8	3	3	0	1	2	2	3456	678	20	25592	5	2	82	0	0	0	0	0	0	0	0	0	0	0	0	0	0	
427.124167	8	3	3	0	1	2	2	3671	675	21	25627	5	2	82	0	0	0	0	0	0	0	0	0	0	0	0	0	0	
428.129283	8	3	3	0	1	2	2	3784	675	20	25687	5	2	82	0	0	0	0	0	0	0	0	0	0	0	0	0	0	
429.134400	8	3	3	0	1	2	2	3848	674	20	25748	5	2	82	0	0	0	0	0	0	0	0	0	0	0	0	0	0	
430.120800	8	3	3	0	1	2	2	3887	674	20	25807	5	2	82	0	0	0	0	0	0	0	0	0	0	0	0	0	0	
431.125917	8	3	3	0	1	2	2	3908	675	20	25867	5	2	82	0	0	0	0	0	0	0	0	0	0	0	0	0	0	
432.131033	8	3	3	0	1	2	2	3921	674	20	25927	5	2	82	0	0	0	0	0	0	0	0	0	0	0	0	0	0	
433.118883	8	3	3	0	1	2	2	3931	675	21	25987	5	2	82	0	0	0	0	0	0	0	0	0	0	0	0	0	0	
434.124000	8	3	3	0	1	2	2	3940	675	20	26047	5	2	82	0	0	0	0	0	0	0	0	0	0	0	0	0	0	
435.129117	8	3	3	0	1	2	2	3949	675	20	26107	5	2	82	0	0	0	0	0	0	0	0	0	0	0	0	0	0	
436.134233	8	3	3	0	1	2	2	3957	675	21	26168	5	2	82	0	0	0	0	0	0	0	0	0	0	0	0	0	0	
437.120633	8	3	3	0	1	2	2	3965	674	20	26227	5	2	82	0	0	0	0	0	0	0	0	0	0	0	0	0	0	
438.125767	8	3	3	0	1	2	2	3973	674	20	26287	5	2	82	0	0	0	0	0	0	0	0	0	0	0	0	0	0	
439.132317	8	3	3	0	1	2	2	3982	675	20	26347	5	2	82	0	0	0	0	0	0	0	0	0	0	0	0	0	0	
440.118717	8	3	3	0	1	2	2	3989	674	20	26407	5	2	82	0	0	0	0	0	0	0	0	0	0	0	0	0	0	
441.123833	8	3	3	0	1	2	2	3997	674	20	26467	5	2	82	0	0	0	0	0	0	0	0	0	0	0	0	0	0	
442.128967	8	3	3	0	1	2	2	4005	674	20	26527	5	2	82	0	0	0	0	0	0	0	0	0	0	0	0	0	0	
443.135517	8	3	3	0	1	2	2	4013	674	20	26588	5	2	82	0	0	0	0	0	0	0	0	0	0	0	0	0	0	
444.121917	8	3	3	0	1	2	2	4019	674	20	26647	5	2	82	0	0	0	0	0	0	0	0	0	0	0	0	0	0	
445.127033	8	3	3	0	1	2	2	4027	675	20	26707	5	2	82	0	0	0	0	0	0	0	0	0	0	0	0	0	0	
446.132167	8	3	3	0	1	2	2	4032	674	20	26767	5	2	82	0	0	0	0	0	0	0	0	0	0	0	0	0	0	
447.118567	8	3	3	0	1	2	2	4037	674	20	26827	5	2	82	0	0	0	0	0	0	0	0	0	0	0	0	0	0	
448.123683	8	3	3	0	1	2	2	4042	675	20	26887	5	2	82	0	0	0	0	0	0	0	0	0	0	0	0	0	0	
449.130233	8	3	3	0	1	2	2	4046	674	20	26947	5	2	82	0	0	0	0	0	0	0	0	0	0	0	0	0	0	
450.135367	8	3	3	0	1	2	2	4050	674	20	27008	5	2	82	0	0	0	0	0	0	0	0	0	0	0	0	0	0	
451.121767	8	3	3	0	1	2	2	4053	673	20	27067	5	2	82	0	0	0	0	0	0	0	0	0	0	0	0	0	0	
452.126883	8	3	3	0	1	2	2	4057	675	20	27127	5	2	82	0	0	0	0	0	0	0	0	0	0	0	0	0	0	
453.132000	8	3	3	0	1	2	2	4060	675	20	27187	5	2	82	0	0	0	0	0	0	0	0	0	0	0	0	0	0	
454.118400	8	3	3	0	1	2	2	4063	674	20	27247	5	2	82	0	0	0	0	0	0	0	0	0	0	0	0	0	0	
455.124967	8	3	3	0	1	2	2	4067	674	20	27307	5	2	82	0	0	0	0	0	0	0	0	0	0	0	0	0	0	
456.130083	8	3	3	0	1	2	2	4070	674	20	27367	5	2	82	0	0	0	0	0	0	0	0	0	0	0	0	0	0	
457.135200	8	3	3	0	1	2	2	4074	674	20	27428	5	2	82	0	0	0	0	0	0	0	0	0	0	0	0	0	0	
458.121600	8	3	3	0	1	2	2	4077	674	20	27487	5	2	82	0	0	0	0	0	0	0	0	0	0	0	0	0	0	
459.126717	8	3	3	0	1	2	2	4081	675	20	27547	5	2	82	0	0	0	0	0	0	0	0	0	0	0	0	0	0	
460.133283	8	3	3	0	1	2	2	4084	674	20	27607	5	2	82	0	0	0	0	0	0	0	0	0	0	0	0	0	0	
461.138400	8	3	3	0	1	2	2	4088	674	20	27668	5	2	82	0	0	0	0	0	0	0	0	0	0	0	0	0	0	
462.124800	8	3	3	0	1	2	2	4092	674	20	27727	5	2	82	0	0	0	0	0	0	0	0	0	0	0	0	0	0	
463.129917	8	3	3	0	1	2	2	4095	675	20	27787	5	2	82	0	0	0	0	0	0	0	0	0	0	0	0	0	0	
464.135033	8	3	3	0	1	2	2	4099	674	20	27848	5	2	82	0	0	0	0	0	0	0	0	0	0	0	0	0	0	
465.121433	8	3	3	0	1	2	2	4103	675	20	27907	5	2	82	0	0	0	0	0	0	0	0	0	0	0	0	0	0	
466.128000	8	3	3	0	1	2	2	4106	676	20	27967	5	2	82	0	0	0	0	0	0	0	0	0	0	0	0	0	0	
467.133117	8	3	3	0	1	2	2	4109	675	20	28027	5	2	82	0	0	0	0	0	0	0	0	0	0	0	0	0	0	
468.138233	8	3	3	0	1	2	2	4113	675	20	28088	5	2	82	0	0	0	0	0	0	0	0	0	0	0	0	0	0	
469.124633	8	3	3	0	1	2	2	4117	676	20	28147	5	2	82	0	0	0	0	0	0	0	0	0	0	0	0	0	0	
470.129767	8	3	3	0	1	2	2	4117	667	20	28207	5	2	82	0	0	0	0	0	0	0	0	0	0	0	0	0	0	
471.136317	8	3	3	0	1	2	2	4119	664	20	28268	5	2	82	0	0	0	0	0	0	0	0	0	0	0	0	0	0	
472.122717	8	3	3	0	1	2	2	4123	665	20	28327	5	2	82	0	0	0	0	0	0	0	0	0	0	0	0	0	0	
473.127833	8	3	3	0	1	2	2	4126	663	20	28387	5	2	82	0	0	0	0	0	0	0	0	0	0	0	0	0	0	
474.132967	8	3	3	0	1	2	2	4131	664	20	28447	5	2	82	0	0	0	0	0	0	0	0	0	0	0	0	0	0	
475.138083	8	3	3	0	1	2	2	4133	661	20	28508	5	2	82	0	0	0	0	0	0	0	0	0	0	0	0	0	0	
476.124483	8	3	3	0	1	2	2	4137	661	20	28567	5	2	82	0	0	0	0	0	0	0	0	0	0	0	0	0	0	
477.131033	8	3	3	0	1	2	2	4141	661	20	28627	5	2	82	0	0	0	0	0	0	0	0	0	0	0	0	0	0	
478.136167	8	3	3	0	1	2	2	4145	661	20	28688	5	2	82	0	0	0	0	0	0	0	0	0	0	0	0	0	0	
479.122567	8	3	3	0	1	2	2	4150	662	20	28747	5	2	82	0	0	0	0	0	0	0	0	0	0	0	0	0	0	
480.127683	8	3	3	0	1	2	2	4154	660	20	28807	5	2	82	0	0	0	0	0	0	0	0	0	0	0	0	0	0	
481.132800	8	3	3	0	1	2	2	4159	660	20	28867	5	2	82	0	0	0	0	0	0	0	0	0	0	0	0	0	0	
482.139367	8	3	3	0	1	2	2	4163	659	20	28928	5	2	82	0	0	0	0	0	0	0	0	0	0	0	0	0	0	
483.125767	8	3	3	0	1	2	2	4167	660	20	28987	5	2	82	0	0	0	0	0	0	0	0	0	0	0	0	0	0	
484.130883	8	3	3	0	1	2	2	4171	657	20	29047	5	2	82	0	0	0	0	0	0	0	0	0	0	0	0	0	0	
485.136000	8	3	3	0	1	2	2	4176	658	20	29108	5	2	82	0	0	0	0	0	0	0	0	0	0	0	0	0	0	
486.122400	8	3	3	0	1	2	2	4181	658	20	29167	5	2	82	0	0	0	0	0	0	0	0	0	0	0	0	0	0	
487.128967	8	3	3	0	1	2	2	4185	656	20	29227	5	2	82	0	0	0	0	0	0	0	0	0	0	0	0	0	0	
488.134083	8	3	3	0	1	2	2	4190	656	20	29287	5	2	82	0	0	0	0	0	0	0	0	0	0	0	0	0	0	
489.139200	8	3	3	0	1	2	2	4196	657	20	29348	5	2	82	0	0	0	0	0	0	0	0	0	0	0	0	0	0	
490.125600	8	3	3	0	1	2	2	4198	649	20	29407	5	2	82	0	0	0	0	0	0	0	0	0	0	0	0	0	0	
491.130717	8	3	3	0	1	2	2	4198	636	20	29467	5	2	82	0	0	0	0	0	0	0	0	0	0	0	0	0	0	
492.135833	8	3	3	0	1	2	2	4199	624	20	29527	5	2	82	0	0	0	0	0	0	0	0	0	0	0	0	0	0	
493.123683	8	3	3	0	1	2	2	4198	613	20	29587	5	2	82	0	0	0	0	0	0	0	0	0	0	0	0	0	0	
494.128800	8	3	3	0	1	2	2	4199	600	20	29647	5	2	82	0	0	0	0	0	0	0	0	0	0	0	0	0	0	
495.133917	8	3	3	0	1	2	2	4198	588	20	29707	5	2	82	0	0	0	0	0	0	0	0	0	0	0	0	0	0	
496.139033	8	3	3	0	1	2	2	4198	574	20	29768	5	2	82	0	0	0	0	0	0	0	0	0	0	0	0	0	0	
497.125433	8	3	3	0	1	2	2	4199	562	20	29827	5	2	82	0	0	0	0	0	0	0	0	0	0	0	0	0	0	
498.130567	8	3	3	0	1	2	2	4198	549	20	29887	5	2	82	0	0	0	0	0	0	0	0	0	0	0	0	0	0	
499.137117	8	3	3	0	1	2	2	4198	537	20	29947	5	2	82	0	0	0	0	0	0	0	0	0	0	0	0	0	0	
500.123517	8	3	3	0	1	2	2	4199	525	20	30007	5	2	82	0	0	0	0	0	0	0	0	0	0	0	0	0	0	
501.128633	8	3	3	0	1	2	2	4198	512	20	30067	5	2	82	0	0	0	0	0	0	0	0	0	0	0	0	0	0	
502.133767	8	3	3	0	1	2	2	4198	501	20	30127	5	2	82	0	0	0	0	0	0	0	0	0	0	0	0	0	0	
503.138883	8	3	3	0	1	2	2	4199	489	20	30188	5	2	82	0	0	0	0	0	0	0	0	0	0	0	0	0	0	
504.125283	8	3	3	0	1	2	2	4199	479	20	30247	5	2	82	0	0	0	0	0	0	0	0	0	0	0	0	0	0	
505.131833	8	3	3	0	1	2	2	4199	469	20	30307	5	2	82	0	0	0	0	0	0	0	0	0	0	0	0	0	0	
506.136967	8	3	3	0	1	2	2	4198	458	20	30367	5	2	82	0	0	0	0	0	0	0	0	0	0	0	0	0	0	
507.123367	8	3	3	0	1	2	2	4199	448	20	30427	5	2	82	0	0	0	0	0	0	0	0	0	0	0	0	0	0	
508.128483	8	3	3	0	1	2	2	4198	436	20	30487	5	2	82	0	0	0	0	0	0	0	0	0	0	0	0	0	0	
509.133600	8	3	3	0	1	2	2	4199	426	20	30547	5	2	82	0	0	0	0	0	0	0	0	0	0	0	0	0	0	
510.140167	8	3	3	0	1	2	2	4198	415	20	30608	5	2	82	0	0	0	0	0	0	0	0	0	0	0	0	0	0	
511.126567	8	3	3	0	1	2	2	4198	406	20	30667	5	2	82	0	0	0	0	0	0	0	0	0	0	0	0	0	0	
512.131683	8	3	3	0	1	2	2	4198	397	20	30727	5	2	82	0	0	0	0	0	0	0	0	0	0	0	0	0	0	
513.136800	8	3	3	0	1	2	2	4199	386	20	30787	5	2	82	0	0	0	0	0	0	0	0	0	0	0	0	0	0	
514.123200	8	3	3	0	1	2	2	4198	375	20	30847	5	2	82	0	0	0	0	0	0	0	0	0	0	0	0	0	0	
515.129767	8	3	3	0	1	2	2	4198	364	20	30907	5	2	82	0	0	0	0	0	0	0	0	0	0	0	0	0	0	
516.134883	8	3	3	0	1	2	2	4199	353	20	30967	5	2	82	0	0	0	0	0	0	0	0	0	0	0	0	0	0	
517.140000	8	3	3	0	1	2	2	4199	343	20	31028	5	2	82	0	0	0	0	0	0	0	0	0	0	0	0	0	0	
518.126400	8	3	3	0	1	2	2	4199	333	20	31087	5	2	82	0	0	0	0	0	0	0	0	0	0	0	0	0	0	
519.131517	8	3	3	0	1	2	2	4199	323	20	31147	5	2	82	0	0	0	0	0	0	0	0	0	0	0	0	0	0	
520.138083	8	3	3	0	1	2	2	4199	315	20	31207	5	2	82	0	0	0	0	0	0	0	0	0	0	0	0	0	0	
521.143200	8	3	3	0	1	2	2	4199	306	20	31268	5	2	82	0	0	0	0	0	0	0	0	0	0	0	0	0	0	
522.129600	8	3	3	0	1	2	2	4198	298	20	31327	5	2	82	0	0	0	0	0	0	0	0	0	0	0	0	0	0	
523.134717	8	3	3	0	1	2	2	4199	290	20	31387	5	2	82	0	0	0	0	0	0	0	0	0	0	0	0	0	0	
524.139833	8	3	3	0	1	2	2	4198	283	20	31448	5	2	82	0	0	0	0	0	0	0	0	0	0	0	0	0	0	
525.126233	8	3	3	0	1	2	2	4199	275	20	31507	5	2	82	0	0	0	0	0	0	0	0	0	0	0	0	0	0	
526.132800	8	3	3	0	1	2	2	4198	267	20	31567	5	2	82	0	0	0	0	0	0	0	0	0	0	0	0	0	0	
527.139367	8	3	3	0	1	2	2	4198	260	20	31627	5	2	82	0	0	0	0	0	0	0	0	0	0	0	0	0	0	
528.125767	8	3	3	0	1	2	2	4199	253	20	31687	5	2	82	0	0	0	0	0	0	0	0	0	0	0	0	0	0	
529.130883	8	3	3	0	1	2	2	4198	246	20	31747	5	2	82	0	0	0	0	0	0	0	0	0	0	0	0	0	0	
530.136000	8	3	3	0	1	2	2	4199	238	20	31807	5	2	82	0	0	0	0	0	0	0	0	0	0	0	0	0	0	
531.142567	8	3	3	0	1	2	2	4198	231	20	31868	5	2	82	0	0	0	0	0	0	0	0	0	0	0	0	0	0	
532.128967	8	3	3	0	1	2	2	4198	225	20	31927	5	2	82	0	0	0	0	0	0	0	0	0	0	0	0	0	0	
533.134083	8	3	3	0	1	2	2	4198	218	20	31987	5	2	82	0	0	0	0	0	0	0	0	0	0	0	0	0	0	
534.139200	8	3	3	0	1	2	2	4199	214	20	32047	5	2	82	0	0	0	0	0	0	0	0	0	0	0	0	0	0	
535.125600	8	3	3	0	1	2	2	4198	208	20	32107	5	2	82	0	0	0	0	0	0	0	0	0	0	0	0	0	0	
536.130717	8	3	3	0	1	2	2	4198	203	20	32167	5	2	82	0	0	0	0	0	0	0	0	0	0	0	0	0	0	
537.137283	8	3	3	0	1	2	2	4198	199	20	32227	5	2	82	0	0	0	0	0	0	0	0	0	0	0	0	0	0	
538.142400	8	3	3	0	1	2	2	4198	194	20	32288	5	2	82	0	0	0	0	0	0	0	0	0	0	0	0	0	0	
539.128800	8	3	3	0	1	2	2	4199	190	20	32347	5	2	82	0	0	0	0	0	0	0	0	0	0	0	0	0	0	
540.133917	8	3	3	0	1	2	2	4198	185	20	32407	5	2	82	0	0	0	0	0	0	0	0	0	0	0	0	0	0	
541.139033	8	3	3	0	1	2	2	4198	180	20	32467	5	2	82	0	0	0	0	0	0	0	0	0	0	0	0	0	0	
542.126883	8	3	3	0	1	2	2	4199	176	20	32527	5	2	82	0	0	0	0	0	0	0	0	0	0	0	0	0	0	
543.132000	8	3	3	0	1	2	2	4199	172	20	32587	5	2	82	0	0	0	0	0	0	0	0	0	0	0	0	0	0	
544.137117	8	3	3	0	1	2	2	4198	168	20	32647	5	2	82	0	0	0	0	0	0	0	0	0	0	0	0	0	0	
545.142233	8	3	3	0	1	2	2	4199	165	20	32708	5	2	82	0	0	0	0	0	0	0	0	0	0	0	0	0	0	
546.128633	8	3	3	0	1	2	2	4199	160	20	32767	5	2	82	0	0	0	0	0	0	0	0	0	0	0	0	0	0	
547.135200	8	3	3	0	1	2	2	4199	156	20	32827	5	2	82	0	0	0	0	0	0	0	0	0	0	0	0	0	0	
548.140317	8	3	3	0	1	2	2	4198	153	20	32887	5	2	82	0	0	0	0	0	0	0	0	0	0	0	0	0	0	
549.126717	8	3	3	0	1	2	2	4198	149	20	32947	5	2	82	0	0	0	0	0	0	0	0	0	0	0	0	0	0	
550.131833	8	3	3	0	1	2	2	4199	145	20	33007	5	2	82	0	0	0	0	0	0	0	0	0	0	0	0	0	0	
551.136967	8	3	3	0	1	2	2	4199	142	20	33067	5	2	82	0	0	0	0	0	0	0	0	0	0	0	0	0	0	
552.143517	8	3	3	0	1	2	2	4199	139	20	33128	5	2	82	0	0	0	0	0	0	0	0	0	0	0	0	0	0	
553.129917	8	3	3	0	1	2	2	4199	135	20	33187	5	2	82	0	0	0	0	0	0	0	0	0	0	0	0	0	0	
554.135033	8	3	3	0	1	2	2	4198	133	20	33247	5	2	82	0	0	0	0	0	0	0	0	0	0	0	0	0	0	
555.140167	8	3	3	0	1	2	2	4198	129	20	33307	5	2	82	0	0	0	0	0	0	0	0	0	0	0	0	0	0	
556.126567	8	3	3	0	1	2	2	4198	125	20	33367	5	2	82	0	0	0	0	0	0	0	0	0	0	0	0	0	0	
557.131683	8	3	3	0	1	2	2	4198	122	20	33427	5	2	82	0	0	0	0	0	0	0	0	0	0	0	0	0	0	
558.138233	8	3	3	0	1	2	2	4199	119	20	33487	5	2	82	0	0	0	0	0	0	0	0	0	0	0	0	0	0	
559.143367	8	3	3	0	1	2	2	4199	116	20	33548	5	2	82	0	0	0	0	0	0	0	0	0	0	0	0	0	0	
560.129767	8	3	3	0	1	2	2	4198	113	20	33607	5	2	82	0	0	0	0	0	0	0	0	0	0	0	0	0	0	
561.134883	8	3	3	0	1	2	2	4199	110	20	33667	5	2	82	0	0	0	0	0	0	0	0	0	0	0	0	0	0	
562.140000	8	3	3	0	1	2	2	4198	108	20	33727	5	2	82	0	0	0	0	0	0	0	0	0	0	0	0	0	0	
563.146567	8	3	3	0	1	2	2	4198	105	20	33788	5	2	82	0	0	0	0	0	0	0	0	0	0	0	0	0	0	
564.132967	8	3	3	0	1	2	2	4198	102	20	33847	5	2	82	0	0	0	0	0	0	0	0	0	0	0	0	0	0	
565.138083	8	3	3	0	1	2	2	4199	100	20	33907	5	2	82	0	0	0	0	0	0	0	0	0	0	0	0	0	0	
566.143200	8	3	3	0	1	2	2	4199	97	20	33968	5	2	82	0	0	0	0	0	0	0	0	0	0	0	0	0	0	
567.129600	8	3	3	0	1	2	2	4198	95	20	34027	5	2	82	0	0	0	0	0	0	0	0	0	0	0	0	0	0	
568.136167	8	3	3	0	1	2	2	4198	93	20	34087	5	2	82	0	0	0	0	0	0	0	0	0	0	0	0	0	0	
569.141283	8	3	3	0	1	2	2	4198	91	20	34147	5	2	82	0	0	0	0	0	0	0	0	0	0	0	0	0	0	
570.146400	8	3	3	0	1	2	2	4198	89	20	34208	5	2	82	0	0	0	0	0	0	0	0	0	0	0	0	0	0	
571.132800	8	3	3	0	1	2	2	4198	86	20	34267	5	2	82	0	0	0	0	0	0	0	0	0	0	0	0	0	0	
572.137917	8	3	3	0	1	2	2	4199	85	20	34327	5	2	82	0	0	0	0	0	0	0	0	0	0	0	0	0	0	
573.143033	8	3	3	0	1	2	2	4198	83	20	34388	5	2	82	0	0	0	0	0	0	0	0	0	0	0	0	0	0	
574.130883	8	3	3	0	1	2	2	4198	81	20	34447	5	2	82	0	0	0	0	0	0	0	0	0	0	0	0	0	0	
575.136000	8	3	3	0	1	2	2	4199	79	20	34507	5	2	82	0	0	0	0	0	0	0	0	0	0	0	0	0	0	
576.141117	8	3	3	0	1	2	2	4198	77	20	34567	5	2	82	0	0	0	0	0	0	0	0	0	0	0	0	0	0	
577.146233	8	3	3	0	1	2	2	4198	76	20	34628	5	2	82	0	0	0	0	0	0	0	0	0	0	0	0	0	0	
578.132633	8	3	3	0	1	2	2	4199	74	20	34687	5	2	82	0	0	0	0	0	0	0	0	0	0	0	0	0	0	
579.139200	8	3	3	0	1	2	2	4198	73	20	34747	5	2	82	0	0	0	0	0	0	0	0	0	0	0	0	0	0	
580.144317	8	3	3	0	1	2	2	4198	71	20	34808	5	2	82	0	0	0	0	0	0	0	0	0	0	0	0	0	0	
581.130717	8	3	3	0	1	2	2	4198	70	20	34867	5	2	82	0	0	0	0	0	0	0	0	0	0	0	0	0	0	
582.135833	8	3	3	0	1	2	2	4198	69	20	34927	5	2	82	0	0	0	0	0	0	0	0	0	0	0	0	0	0	
582.821283	8	6	3	0	2	7	1	3795	-861	20	34968	5	3	0	0	0	0	0	0	0	0	0	0	0	0	0	0	0	
583.143833	8	6	3	0	2	7	1	3664	-1348	20	34987	5	3	0	0	0	0	0	0	0	0	0	0	0	0	0	0	0	
584.130233	8	6	3	0	2	7	1	3617	-1349	20	35047	5	3	2	0	0	0	0	0	0	0	0	0	0	0	0	0	0	
585.135367	8	6	3	0	2	7	1	3575	-1351	20	35107	5	3	3	0	0	0	0	0	0	0	0	0	0	0	0	0	0	
586.140483	8	6	3	0	2	7	1	3560	-1349	20	35167	5	3	5	0	0	0	0	0	0	0	0	0	0	0	0	0	0	
587.145600	8	6	3	0	2	7	1	3555	-1349	20	35228	5	3	7	0	0	0	0	0	0	0	0	0	0	0	0	0	0	
588.132000	8	6	3	0	2	7	1	3546	-1349	20	35287	5	3	8	0	0	0	0	0	0	0	0	0	0	0	0	0	0	
589.138567	8	6	3	0	2	7	1	3532	-1350	20	35347	5	3	10	0	0	0	0	0	0	0	0	0	0	0	0	0	0	
590.143683	8	6	3	0	2	7	1	3518	-1350	20	35407	5	3	12	0	0	0	0	0	0	0	0	0	0	0	0	0	0	
591.130083	8	6	3	0	2	7	1	3504	-1348	20	35467	5	3	13	0	0	0	0	0	0	0	0	0	0	0	0	0	0	
592.135200	8	6	3	0	2	7	1	3490	-1350	20	35527	5	3	15	0	0	0	0	0	0	0	0	0	0	0	0	0	0	
593.141767	8	6	3	0	2	7	1	3476	-1350	20	35587	5	3	17	0	0	0	0	0	0	0	0	0	0	0	0	0	0	
594.146883	8	6	3	0	2	7	1	3462	-1348	20	35648	5	3	18	0	0	0	0	0	0	0	0	0	0	0	0	0	0	
595.133283	8	6	3	0	2	7	1	3449	-1348	20	35707	5	3	20	0	0	0	0	0	0	0	0	0	0	0	0	0	0	
596.138400	8	6	3	0	2	7	1	3436	-1349	20	35767	5	3	22	0	0	0	0	0	0	0	0	0	0	0	0	0	0	
597.143517	8	6	3	0	2	7	1	3423	-1350	20	35827	5	3	23	0	0	0	0	0	0	0	0	0	0	0	0	0	0	
598.129917	8	6	3	0	2	7	1	3410	-1349	20	35887	5	3	25	0	0	0	0	0	0	0	0	0	0	0	0	0	0	
599.136483	8	6	3	0	2	7	1	3397	-1350	20	35947	5	3	27	0	0	0	0	0	0	0	0	0	0	0	0	0	0	
600.141600	8	6	3	0	2	7	1	3385	-1348	20	36007	5	3	28	0	0	0	0	0	0	0	0	0	0	0	0	0	0	
601.146717	8	6	3	0	2	7	1	3373	-1352	20	36068	5	3	30	0	0	0	0	0	0	0	0	0	0	0	0	0	0	
602.133117	8	6	3	0	2	7	1	3361	-1349	20	36127	5	3	32	0	0	0	0	0	0	0	0	0	0	0	0	0	0	
603.138233	8	6	3	0	2	7	1	3350	-1350	20	36187	5	3	33	0	0	0	0	0	0	0	0	0	0	0	0	0	0	
604.144800	8	6	3	0	2	7	1	3339	-1350	20	36247	5	3	35	0	0	0	0	0	0	0	0	0	0	0	0	0	0	
605.131200	8	6	3	0	2	7	1	3328	-1349	20	36307	5	3	36	0	0	0	0	0	0	0	0	0	0	0	0	0	0	
606.136317	8	6	3	0	2	7	1	3317	-1350	20	36367	5	3	38	0	0	0	0	0	0	0	0	0	0	0	0	0	0	
607.141433	8	6	3	0	2	7	1	3308	-1349	20	36427	5	3	40	0	0	0	0	0	0	0	0	0	0	0	0	0	0	
608.146567	8	6	3	0	2	7	1	3298	-1349	20	36488	5	3	41	0	0	0	0	0	0	0	0	0	0	0	0	0	0	
609.132967	8	6	3	0	2	7	1	3288	-1349	20	36547	5	3	43	0	0	0	0	0	0	0	0	0	0	0	0	0	0	
610.139517	8	6	3	0	2	7	1	3280	-1350	20	36607	5	3	45	0	0	0	0	0	0	0	0	0	0	0	0	0	0	
611.144633	8	6	3	0	2	7	1	3272	-1349	20	36667	5	3	46	0	0	0	0	0	0	0	0	0	0	0	0	0	0	
612.149767	8	6	3	0	2	7	1	3265	-1350	20	36728	5	3	48	0	0	0	0	0	0	0	0	0	0	0	0	0	0	
613.136167	8	6	3	0	2	7	1	3258	-1350	20	36787	5	3	50	0	0	0	0	0	0	0	0	0	0	0	0	0	0	
614.141283	8	6	3	0	2	7	1	3251	-1349	20	36847	5	3	51	0	0	0	0	0	0	0	0	0	0	0	0	0	0	
615.147833	8	6	3	0	2	7	1	3244	-1350	20	36908	5	3	53	0	0	0	0	0	0	0	0	0	0	0	0	0	0	
616.134233	8	6	3	0	2	7	1	3238	-1349	20	36967	5	3	55	0	0	0	0	0	0	0	0	0	0	0	0	0	0	
617.139367	8	6	3	0	2	7	1	3232	-1350	20	37027	5	3	56	0	0	0	0	0	0	0	0	0	0	0	0	0	0	
618.144483	8	6	3	0	2	7	1	3225	-1350	20	37087	5	3	58	0	0	0	0	0	0	0	0	0	0	0	0	0	0	
619.149600	8	6	3	0	2	7	1	3219	-1349	20	37148	5	3	60	0	0	0	0	0	0	0	0	0	0	0	0	0	0	
620.136000	8	6	3	0	2	7	1	3212	-1350	20	37207	5	3	61	0	0	0	0	0	0	0	0	0	0	0	0	0	0	
621.142567	8	6	3	0	2	7	1	3204	-1348	20	37267	5	3	63	0	0	0	0	0	0	0	0	0	0	0	0	0	0	
622.147683	8	6	3	0	2	7	1	3196	-1350	20	37328	5	3	65	0	0	0	0	0	0	0	0	0	0	0	0	0	0	
623.134083	8	6	3	0	2	7	1	3186	-1351	20	37387	5	3	66	0	0	0	0	0	0	0	0	0	0	0	0	0	0	
624.139200	8	6	3	0	2	7	1	3176	-1349	20	37447	5	3	68	0	0	0	0	0	0	0	0	0	0	0	0	0	0	
625.144317	8	6	3	0	2	7	1	3163	-1349	20	37507	5	3	70	0	0	0	0	0	0	0	0	0	0	0	0	0	0	
626.150883	8	6	3	0	2	7	1	3148	-1348	20	37568	5	3	71	0	0	0	0	0	0	0	0	0	0	0	0	0	0	
627.137283	8	6	3	0	2	7	1	3129	-1351	20	37627	5	3	73	0	0	0	0	0	0	0	0	0	0	0	0	0	0	
628.142400	8	6	3	0	2	7	1	3104	-1349	20	37687	5	3	75	0	0	0	0	0	0	0	0	0	0	0	0	0	0	
629.147517	8	6	3	0	2	7	1	3069	-1350	20	37748	5	3	76	0	0	0	0	0	0	0	0	0	0	0	0	0	0	
630.133917	8	6	3	0	2	7	1	3016	-1349	20	37807	5	3	78	0	0	0	0	0	0	0	0	0	0	0	0	0	0	
631.139033	8	6	3	0	2	7	1	2929	-1350	20	37867	5	3	79	0	0	0	0	0	0	0	0	0	0	0	0	0	0	
632.145600	8	6	3	0	2	7	1	2763	-1351	20	37927	5	3	81	0	0	0	0	0	0	0	0	0	0	0	0	0	0	
632.435033	8	15	3	0	1	31	2	2888	12	20	37945	6	3	82	0	0	0	0	0	0	0	0	0	0	0	0	0	0	
632.455200	8	3	3	0	1	2	2	3436	677	20	37946	7	3	82	0	0	0	0	0	0	0	0	0	0	0	0	0	0	
633.134883	8	3	3	0	1	2	2	3681	674	20	37987	7	3	82	0	0	0	0	0	0	0	0	0	0	0	0	0	0	
634.140000	8	3	3	0	1	2	2	3785	675	20	38047	7	3	82	0	0	0	0	0	0	0	0	0	0	0	0	0	0	
635.145117	8	3	3	0	1	2	2	3843	674	20	38107	7	3	82	0	0	0	0	0	0	0	0	0	0	0	0	0	0	
636.151683	8	3	3	0	1	2	2	3878	674	20	38168	7	3	82	0	0	0	0	0	0	0	0	0	0	0	0	0	0	
637.138083	8	3	3	0	1	2	2	3896	676	20	38227	7	3	82	0	0	0	0	0	0	0	0	0	0	0	0	0	0	
638.143200	8	3	3	0	1	2	2	3906	673	20	38287	7	3	82	0	0	0	0	0	0	0	0	0	0	0	0	0	0	
639.148317	8	3	3	0	1	2	2	3915	674	20	38348	7	3	82	0	0	0	0	0	0	0	0	0	0	0	0	0	0	
640.134717	8	3	3	0	1	2	2	3924	674	20	38407	7	3	82	0	0	0	0	0	0	0	0	0	0	0	0	0	0	
641.144167	8	3	3	0	1	2	2	3933	674	20	38467	7	3	82	0	0	0	0	0	0	0	0	0	0	0	0	0	0	
642.149283	8	3	3	0	1	2	2	3941	675	20	38528	7	3	82	0	0	0	0	0	0	0	0	0	0	0	0	0	0	
643.135683	8	3	3	0	1	2	2	3948	673	20	38587	7	3	82	0	0	0	0	0	0	0	0	0	0	0	0	0	0	
644.140800	8	3	3	0	1	2	2	3956	674	20	38647	7	3	82	0	0	0	0	0	0	0	0	0	0	0	0	0	0	
645.147367	8	3	3	0	1	2	2	3965	675	20	38707	7	3	82	0	0	0	0	0	0	0	0	0	0	0	0	0	0	
646.152483	8	3	3	0	1	2	2	3972	674	20	38768	7	3	82	0	0	0	0	0	0	0	0	0	0	0	0	0	0	
647.138883	8	3	3	0	1	2	2	3980	674	20	38827	7	3	82	0	0	0	0	0	0	0	0	0	0	0	0	0	0	
648.144000	8	3	3	0	1	2	2	3986	674	20	38887	7	3	82	0	0	0	0	0	0	0	0	0	0	0	0	0	0	
649.149117	8	3	3	0	1	2	2	3994	674	20	38948	7	3	82	0	0	0	0	0	0	0	0	0	0	0	0	0	0	
650.135517	8	3	3	0	1	2	2	4000	673	20	39007	7	3	82	0	0	0	0	0	0	0	0	0	0	0	0	0	0	
651.142083	8	3	3	0	1	2	2	4006	675	20	39067	7	3	82	0	0	0	0	0	0	0	0	0	0	0	0	0	0	
652.147200	8	3	3	0	1	2	2	4012	675	20	39127	7	3	82	0	0	0	0	0	0	0	0	0	0	0	0	0	0	
653.152317	8	3	3	0	1	2	2	4017	674	20	39188	7	3	82	0	0	0	0	0	0	0	0	0	0	0	0	0	0	
654.138717	8	3	3	0	1	2	2	4021	674	20	39247	7	3	82	0	0	0	0	0	0	0	0	0	0	0	0	0	0	
655.143833	8	3	3	0	1	2	2	4024	674	20	39307	7	3	82	0	0	0	0	0	0	0	0	0	0	0	0	0	0	
656.150400	8	3	3	0	1	2	2	4028	674	20	39368	7	3	82	0	0	0	0	0	0	0	0	0	0	0	0	0	0	
657.136800	8	3	3	0	1	2	2	4032	675	20	39427	7	3	82	0	0	0	0	0	0	0	0	0	0	0	0	0	0	
658.141917	8	3	3	0	1	2	2	4035	673	20	39487	7	3	82	0	0	0	0	0	0	0	0	0	0	0	0	0	0	
659.147033	8	3	3	0	1	2	2	4039	674	20	39547	7	3	82	0	0	0	0	0	0	0	0	0	0	0	0	0	0	
660.152167	8	3	3	0	1	2	2	4042	674	20	39608	7	3	82	0	0	0	0	0	0	0	0	0	0	0	0	0	0	
661.138567	8	3	3	0	1	2	2	4046	675	20	39667	7	3	82	0	0	0	0	0	0	0	0	0	0	0	0	0	0	
662.145117	8	3	3	0	1	2	2	4048	674	20	39727	7	3	82	0	0	0	0	0	0	0	0	0	0	0	0	0	0	
663.150233	8	3	3	0	1	2	2	4052	674	20	39788	7	3	82	0	0	0	0	0	0	0	0	0	0	0	0	0	0	
664.136633	8	3	3	0	1	2	2	4056	675	20	39847	7	3	82	0	0	0	0	0	0	0	0	0	0	0	0	0	0	
665.141767	8	3	3	0	1	2	2	4059	674	20	39907	7	3	82	0	0	0	0	0	0	0	0	0	0	0	0	0	0	
666.146883	8	3	3	0	1	2	2	4063	675	20	39967	7	3	82	0	0	0	0	0	0	0	0	0	0	0	0	0	0	
667.153433	8	3	3	0	1	2	2	4066	675	20	40028	7	3	82	0	0	0	0	0	0	0	0	0	0	0	0	0	0	
668.139833	8	3	3	0	1	2	2	4069	674	20	40087	7	3	82	0	0	0	0	0	0	0	0	0	0	0	0	0	0	
669.144967	8	3	3	0	1	2	2	4073	675	20	40147	7	3	82	0	0	0	0	0	0	0	0	0	0	0	0	0	0	
670.150083	8	3	3	0	1	2	2	4076	674	20	40207	7	3	82	0	0	0	0	0	0	0	0	0	0	0	0	0	0	
671.136483	8	3	3	0	1	2	2	4079	675	20	40267	7	3	82	0	0	0	0	0	0	0	0	0	0	0	0	0	0	
672.143033	8	3	3	0	1	2	2	4083	674	20	40327	7	3	82	0	0	0	0	0	0	0	0	0	0	0	0	0	0	
673.148167	8	3	3	0	1	2	2	4086	674	20	40387	7	3	82	0	0	0	0	0	0	0	0	0	0	0	0	0	0	
674.153283	8	3	3	0	1	2	2	4090	674	20	40448	7	3	82	0	0	0	0	0	0	0	0	0	0	0	0	0	0	
675.139683	8	3	3	0	1	2	2	4094	674	20	40507	7	3	82	0	0	0	0	0	0	0	0	0	0	0	0	0	0	
676.144800	8	3	3	0	1	2	2	4097	675	20	40567	7	3	82	0	0	0	0	0	0	0	0	0	0	0	0	0	0	
677.151367	8	3	3	0	1	2	2	4101	674	20	40627	7	3	82	0	0	0	0	0	0	0	0	0	0	0	0	0	0	
678.137767	8	3	3	0	1	2	2	4104	675	20	40687	7	3	82	0	0	0	0	0	0	0	0	0	0	0	0	0	0	
679.142883	8	3	3	0	1	2	2	4107	672	20	40747	7	3	82	0	0	0	0	0	0	0	0	0	0	0	0	0	0	
680.148000	8	3	3	0	1	2	2	4112	674	20	40807	7	3	82	0	0	0	0	0	0	0	0	0	0	0	0	0	0	
681.153117	8	3	3	0	1	2	2	4116	674	20	40868	7	3	82	0	0	0	0	0	0	0	0	0	0	0	0	0	0	
682.139517	8	3	3	0	1	2	2	4117	667	20	40927	7	3	82	0	0	0	0	0	0	0	0	0	0	0	0	0	0	
683.146083	8	3	3	0	1	2	2	4121	664	20	40987	7	3	82	0	0	0	0	0	0	0	0	0	0	0	0	0	0	
684.151200	8	3	3	0	1	2	2	4125	665	20	41047	7	3	82	0	0	0	0	0	0	0	0	0	0	0	0	0	0	
685.137600	8	3	3	0	1	2	2	4128	664	20	41107	7	3	82	0	0	0	0	0	0	0	0	0	0	0	0	0	0	
686.142717	8	3	3	0	1	2	2	4132	662	20	41167	7	3	82	0	0	0	0	0	0	0	0	0	0	0	0	0	0	
687.147833	8	3	3	0	1	2	2	4136	660	20	41227	7	3	82	0	0	0	0	0	0	0	0	0	0	0	0	0	0	
688.154400	8	3	3	0	1	2	2	4141	662	20	41288	7	3	82	0	0	0	0	0	0	0	0	0	0	0	0	0	0	
689.140800	8	3	3	0	1	2	2	4146	661	20	41347	7	3	82	0	0	0	0	0	0	0	0	0	0	0	0	0	0	
690.145917	8	3	3	0	1	2	2	4150	658	20	41407	7	3	82	0	0	0	0	0	0	0	0	0	0	0	0	0	0	
691.151033	8	3	3	0	1	2	2	4155	659	20	41467	7	3	82	0	0	0	0	0	0	0	0	0	0	0	0	0	0	
692.137433	8	3	3	0	1	2	2	4160	659	20	41527	7	3	82	0	0	0	0	0	0	0	0	0	0	0	0	0	0	
693.142567	8	3	3	0	1	2	2	4165	659	20	41587	7	3	82	0	0	0	0	0	0	0	0	0	0	0	0	0	0	
694.149117	8	3	3	0	1	2	2	4168	655	20	41647	7	3	82	0	0	0	0	0	0	0	0	0	0	0	0	0	0	
695.154233	8	3	3	0	1	2	2	4174	658	20	41708	7	3	82	0	0	0	0	0	0	0	0	0	0	0	0	0	0	
696.140633	8	3	3	0	1	2	2	4179	655	20	41767	7	3	82	0	0	0	0	0	0	0	0	0	0	0	0	0	0	
697.145767	8	3	3	0	1	2	2	4185	656	20	41827	7	3	82	0	0	0	0	0	0	0	0	0	0	0	0	0	0	
698.150883	8	3	3	0	1	2	2	4190	655	20	41887	7	3	82	0	0	0	0	0	0	0	0	0	0	0	0	0	0	
699.156000	8	3	3	0	1	2	2	4195	654	20	41948	7	3	82	0	0	0	0	0	0	0	0	0	0	0	0	0	0	
700.143833	8	3	3	0	1	2	2	4198	648	20	42007	7	3	82	0	0	0	0	0	0	0	0	0	0	0	0	0	0	
701.148967	8	3	3	0	1	2	2	4198	632	20	42067	7	3	82	0	0	0	0	0	0	0	0	0	0	0	0	0	0	
702.154083	8	3	3	0	1	2	2	4198	618	20	42128	7	3	82	0	0	0	0	0	0	0	0	0	0	0	0	0	0	
703.140483	8	3	3	0	1	2	2	4199	603	20	42187	7	3	82	0	0	0	0	0	0	0	0	0	0	0	0	0	0	
704.145600	8	3	3	0	1	2	2	4199	589	20	42247	7	3	82	0	0	0	0	0	0	0	0	0	0	0	0	0	0	
705.152167	8	3	3	0	1	2	2	4198	574	20	42307	7	3	82	0	0	0	0	0	0	0	0	0	0	0	0	0	0	
706.157283	8	3	3	0	1	2	2	4198	561	20	42368	7	3	82	0	0	0	0	0	0	0	0	0	0	0	0	0	0	
707.143683	8	3	3	0	1	2	2	4198	546	20	42427	7	3	82	0	0	0	0	0	0	0	0	0	0	0	0	0	0	
708.148800	8	3	3	0	1	2	2	4198	531	20	42487	7	3	82	0	0	0	0	0	0	0	0	0	0	0	0	0	0	
709.153917	8	3	3	0	1	2	2	4199	518	20	42548	7	3	82	0	0	0	0	0	0	0	0	0	0	0	0	0	0	
710.141767	8	3	3	0	1	2	2	4199	504	20	42607	7	3	82	0	0	0	0	0	0	0	0	0	0	0	0	0	0	
711.146883	8	3	3	0	1	2	2	4199	491	20	42667	7	3	82	0	0	0	0	0	0	0	0	0	0	0	0	0	0	
712.152000	8	3	3	0	1	2	2	4198	478	20	42727	7	3	82	0	0	0	0	0	0	0	0	0	0	0	0	0	0	
713.157117	8	3	3	0	1	2	2	4198	467	20	42788	7	3	82	0	0	0	0	0	0	0	0	0	0	0	0	0	0	
714.143517	8	3	3	0	1	2	2	4199	454	20	42847	7	3	82	0	0	0	0	0	0	0	0	0	0	0	0	0	0	
715.150083	8	3	3	0	1	2	2	4199	442	20	42907	7	3	82	0	0	0	0	0	0	0	0	0	0	0	0	0	0	
716.155200	8	3	3	0	1	2	2	4198	431	20	42968	7	3	82	0	0	0	0	0	0	0	0	0	0	0	0	0	0	
717.141600	8	3	3	0	1	2	2	4199	419	20	43027	7	3	82	0	0	0	0	0	0	0	0	0	0	0	0	0	0	
718.146717	8	3	3	0	1	2	2	4199	408	20	43087	7	3	82	0	0	0	0	0	0	0	0	0	0	0	0	0	0	
719.151833	8	3	3	0	1	2	2	4198	397	20	43147	7	3	82	0	0	0	0	0	0	0	0	0	0	0	0	0	0	
720.158400	8	3	3	0	1	2	2	4199	386	20	43208	7	3	82	0	0	0	0	0	0	0	0	0	0	0	0	0	0	
721.144800	8	3	3	0	1	2	2	4199	375	20	43267	7	3	82	0	0	0	0	0	0	0	0	0	0	0	0	0	0	
722.149917	8	3	3	0	1	2	2	4199	365	20	43327	7	3	82	0	0	0	0	0	0	0	0	0	0	0	0	0	0	
723.155033	8	3	3	0	1	2	2	4198	355	20	43388	7	3	82	0	0	0	0	0	0	0	0	0	0	0	0	0	0	
724.141433	8	3	3	0	1	2	2	4198	344	20	43447	7	3	82	0	0	0	0	0	0	0	0	0	0	0	0	0	0	
725.148000	8	3	3	0	1	2	2	4198	335	20	43507	7	3	82	0	0	0	0	0	0	0	0	0	0	0	0	0	0	
726.153117	8	3	3	0	1	2	2	4199	326	20	43567	7	3	82	0	0	0	0	0	0	0	0	0	0	0	0	0	0	
727.158233	8	3	3	0	1	2	2	4199	317	20	43628	7	3	82	0	0	0	0	0	0	0	0	0	0	0	0	0	0	
728.144633	8	3	3	0	1	2	2	4199	309	20	43687	7	3	82	0	0	0	0	0	0	0	0	0	0	0	0	0	0	
729.149767	8	3	3	0	1	2	2	4199	300	20	43747	7	3	82	0	0	0	0	0	0	0	0	0	0	0	0	0	0	
730.156317	8	3	3	0	1	2	2	4199	292	20	43808	7	3	82	0	0	0	0	0	0	0	0	0	0	0	0	0	0	
731.142717	8	3	3	0	1	2	2	4198	284	20	43867	7	3	82	0	0	0	0	0	0	0	0	0	0	0	0	0	0	
732.147833	8	3	3	0	1	2	2	4198	275	20	43927	7	3	82	0	0	0	0	0	0	0	0	0	0	0	0	0	0	
733.152967	8	3	3	0	1	2	2	4199	269	20	43987	7	3	82	0	0	0	0	0	0	0	0	0	0	0	0	0	0	
734.158083	8	3	3	0	1	2	2	4199	261	20	44048	7	3	82	0	0	0	0	0	0	0	0	0	0	0	0	0	0	
735.144483	8	3	3	0	1	2	2	4199	254	20	44107	7	3	82	0	0	0	0	0	0	0	0	0	0	0	0	0	0	
736.151033	8	3	3	0	1	2	2	4198	247	20	44167	7	3	82	0	0	0	0	0	0	0	0	0	0	0	0	0	0	
737.156167	8	3	3	0	1	2	2	4198	240	20	44227	7	3	82	0	0	0	0	0	0	0	0	0	0	0	0	0	0	
738.142567	8	3	3	0	1	2	2	4199	234	20	44287	7	3	82	0	0	0	0	0	0	0	0	0	0	0	0	0	0	
739.147683	8	3	3	0	1	2	2	4199	228	20	44347	7	3	82	0	0	0	0	0	0	0	0	0	0	0	0	0	0	
740.152800	8	3	3	0	1	2	2	4199	222	20	44407	7	3	82	0	0	0	0	0	0	0	0	0	0	0	0	0	0	
741.157917	8	3	3	0	1	2	2	4198	217	20	44468	7	3	82	0	0	0	0	0	0	0	0	0	0	0	0	0	0	
742.145767	8	3	3	0	1	2	2	4198	210	20	44527	7	3	82	0	0	0	0	0	0	0	0	0	0	0	0	0	0	
743.150883	8	3	3	0	1	2	2	4199	205	20	44587	7	3	82	0	0	0	0	0	0	0	0	0	0	0	0	0	0	
744.156000	8	3	3	0	1	2	2	4199	198	20	44647	7	3	82	0	0	0	0	0	0	0	0	0	0	0	0	0	0	
745.142400	8	3	3	0	1	2	2	4198	193	20	44707	7	3	82	0	0	0	0	0	0	0	0	0	0	0	0	0	0	
746.147517	8	3	3	0	1	2	2	4199	188	20	44767	7	3	82	0	0	0	0	0	0	0	0	0	0	0	0	0	0	
747.152633	8	3	3	0	1	2	2	4198	183	20	44827	7	3	82	0	0	0	0	0	0	0	0	0	0	0	0	0	0	
748.159200	8	3	3	0	1	2	2	4198	178	20	44888	7	3	82	0	0	0	0	0	0	0	0	0	0	0	0	0	0	
749.145600	8	3	3	0	1	2	2	4198	173	20	44947	7	3	82	0	0	0	0	0	0	0	0	0	0	0	0	0	0	
750.150717	8	3	3	0	1	2	2	4199	169	20	45007	7	3	82	0	0	0	0	0	0	0	0	0	0	0	0	0	0	
751.155833	8	3	3	0	1	2	2	4198	163	20	45067	7	3	82	0	0	0	0	0	0	0	0	0	0	0	0	0	0	
752.142233	8	3	3	0	1	2	2	4198	160	20	45127	7	3	82	0	0	0	0	0	0	0	0	0	0	0	0	0	0	
753.148800	8	3	3	0	1	2	2	4199	155	20	45187	7	3	82	0	0	0	0	0	0	0	0	0	0	0	0	0	0	
754.153917	8	3	3	0	1	2	2	4199	151	20	45247	7	3	82	0	0	0	0	0	0	0	0	0	0	0	0	0	0	
755.159033	8	3	3	0	1	2	2	4198	147	20	45308	7	3	82	0	0	0	0	0	0	0	0	0	0	0	0	0	0	
756.145433	8	3	3	0	1	2	2	4199	143	20	45367	7	3	82	0	0	0	0	0	0	0	0	0	0	0	0	0	0	
757.150567	8	3	3	0	1	2	2	4199	140	20	45427	7	3	82	0	0	0	0	0	0	0	0	0	0	0	0	0	0	
758.157117	8	3	3	0	1	2	2	4198	136	20	45487	7	3	82	0	0	0	0	0	0	0	0	0	0	0	0	0	0	
759.143517	8	3	3	0	1	2	2	4199	133	20	45547	7	3	82	0	0	0	0	0	0	0	0	0	0	0	0	0	0	
760.148633	8	3	3	0	1	2	2	4199	128	20	45607	7	3	82	0	0	0	0	0	0	0	0	0	0	0	0	0	0	
761.153767	8	3	3	0	1	2	2	4199	125	20	45667	7	3	82	0	0	0	0	0	0	0	0	0	0	0	0	0	0	
762.158883	8	3	3	0	1	2	2	4199	122	20	45728	7	3	82	0	0	0	0	0	0	0	0	0	0	0	0	0	0	
763.145283	8	3	3	0	1	2	2	4198	119	20	45787	7	3	82	0	0	0	0	0	0	0	0	0	0	0	0	0	0	
764.151833	8	3	3	0	1	2	2	4198	116	20	45847	7	3	82	0	0	0	0	0	0	0	0	0	0	0	0	0	0	
765.156967	8	3	3	0	1	2	2	4198	112	20	45907	7	3	82	0	0	0	0	0	0	0	0	0	0	0	0	0	0	
766.162083	8	3	3	0	1	2	2	4198	109	20	45968	7	3	82	0	0	0	0	0	0	0	0	0	0	0	0	0	0	
767.148483	8	3	3	0	1	2	2	4199	106	20	46027	7	3	82	0	0	0	0	0	0	0	0	0	0	0	0	0	0	
768.153600	8	3	3	0	1	2	2	4198	104	20	46087	7	3	82	0	0	0	0	0	0	0	0	0	0	0	0	0	0	
769.158717	8	3	3	0	1	2	2	4199	101	20	46148	7	3	82	0	0	0	0	0	0	0	0	0	0	0	0	0	0	
770.146567	8	3	3	0	1	2	2	4198	99	20	46207	7	3	82	0	0	0	0	0	0	0	0	0	0	0	0	0	0	
771.151683	8	3	3	0	1	2	2	4198	95	20	46267	7	3	82	0	0	0	0	0	0	0	0	0	0	0	0	0	0	
772.156800	8	3	3	0	1	2	2	4198	92	20	46327	7	3	82	0	0	0	0	0	0	0	0	0	0	0	0	0	0	
773.161917	8	3	3	0	1	2	2	4199	92	20	46388	7	3	82	0	0	0	0	0	0	0	0	0	0	0	0	0	0	
774.148317	8	3	3	0	1	2	2	4198	89	20	46447	7	3	82	0	0	0	0	0	0	0	0	0	0	0	0	0	0	
775.153433	8	3	3	0	1	2	2	4198	86	20	46507	7	3	82	0	0	0	0	0	0	0	0	0	0	0	0	0	0	
776.160000	8	3	3	0	1	2	2	4198	83	20	46568	7	3	82	0	0	0	0	0	0	0	0	0	0	0	0	0	0	
777.146400	8	3	3	0	1	2	2	4198	82	20	46627	7	3	82	0	0	0	0	0	0	0	0	0	0	0	0	0	0	
778.151517	8	3	3	0	1	2	2	4198	80	20	46687	7	3	82	0	0	0	0	0	0	0	0	0	0	0	0	0	0	
779.156633	8	3	3	0	1	2	2	4199	78	20	46747	7	3	82	0	0	0	0	0	0	0	0	0	0	0	0	0	0	
780.163200	8	3	3	0	1	2	2	4199	75	20	46808	7	3	82	0	0	0	0	0	0	0	0	0	0	0	0	0	0	
781.149600	8	3	3	0	1	2	2	4199	74	20	46867	7	3	82	0	0	0	0	0	0	0	0	0	0	0	0	0	0	
782.154717	8	3	3	0	1	2	2	4199	72	20	46927	7	3	82	0	0	0	0	0	0	0	0	0	0	0	0	0	0	
783.159833	8	3	3	0	1	2	2	4198	70	20	46988	7	3	82	0	0	0	0	0	0	0	0	0	0	0	0	0	0	
784.146233	8	3	3	0	1	2	2	4198	68	20	47047	7	3	82	0	0	0	0	0	0	0	0	0	0	0	0	0	0	
784.738083	8	6	3	0	2	7	1	3672	-1349	20	47082	7	4	0	0	0	0	0	0	0	0	0	0	0	0	0	0	0	
785.154233	8	6	3	0	2	7	1	3610	-1349	20	47107	7	4	0	0	0	0	0	0	0	0	0	0	0	0	0	0	0	
786.159367	8	6	3	0	2	7	1	3587	-1349	20	47167	7	4	2	0	0	0	0	0	0	0	0	0	0	0	0	0	0	
787.145767	8	6	3	0	2	7	1	3564	-1350	20	47227	7	4	3	0	0	0	0	0	0	0	0	0	0	0	0	0	0	
788.150883	8	6	3	0	2	7	1	3554	-1349	20	47287	7	4	5	0	0	0	0	0	0	0	0	0	0	0	0	0	0	
789.156000	8	6	3	0	2	7	1	3536	-1349	20	47347	7	4	7	0	0	0	0	0	0	0	0	0	0	0	0	0	0	
790.164000	8	6	3	0	2	7	1	3509	-1351	20	47408	7	4	8	0	0	0	0	0	0	0	0	0	0	0	0	0	0	
791.150400	8	6	3	0	2	7	1	3494	-1350	20	47467	7	4	10	0	0	0	0	0	0	0	0	0	0	0	0	0	0	
792.155517	8	6	3	0	2	7	1	3487	-1349	20	47527	7	4	12	0	0	0	0	0	0	0	0	0	0	0	0	0	0	
793.162083	8	6	3	0	2	7	1	3473	-1349	20	47588	7	4	13	0	0	0	0	0	0	0	0	0	0	0	0	0	0	
794.148483	8	6	3	0	2	7	1	3462	-1349	20	47647	7	4	15	0	0	0	0	0	0	0	0	0	0	0	0	0	0	
795.153600	8	6	3	0	2	7	1	3447	-1350	20	47707	7	4	17	0	0	0	0	0	0	0	0	0	0	0	0	0	0	
796.158717	8	6	3	0	2	7	1	3431	-1349	20	47767	7	4	18	0	0	0	0	0	0	0	0	0	0	0	0	0	0	
797.163833	8	6	3	0	2	7	1	3417	-1351	20	47828	7	4	20	0	0	0	0	0	0	0	0	0	0	0	0	0	0	
798.150233	8	6	3	0	2	7	1	3405	-1348	20	47887	7	4	22	0	0	0	0	0	0	0	0	0	0	0	0	0	0	
799.156800	8	6	3	0	2	7	1	3390	-1351	20	47947	7	4	23	0	0	0	0	0	0	0	0	0	0	0	0	0	0	
800.161917	8	6	3	0	2	7	1	3377	-1349	20	48008	7	4	25	0	0	0	0	0	0	0	0	0	0	0	0	0	0	
801.148317	8	6	3	0	2	7	1	3365	-1349	20	48067	7	4	27	0	0	0	0	0	0	0	0	0	0	0	0	0	0	
802.153433	8	6	3	0	2	7	1	3350	-1350	20	48127	7	4	28	0	0	0	0	0	0	0	0	0	0	0	0	0	0	
803.158567	8	6	3	0	2	7	1	3337	-1348	20	48187	7	4	30	0	0	0	0	0	0	0	0	0	0	0	0	0	0	
804.165117	8	6	3	0	2	7	1	3325	-1349	20	48248	7	4	32	0	0	0	0	0	0	0	0	0	0	0	0	0	0	
805.151517	8	6	3	0	2	7	1	3313	-1352	20	48307	7	4	33	0	0	0	0	0	0	0	0	0	0	0	0	0	0	
806.156633	8	6	3	0	2	7	1	3300	-1350	20	48367	7	4	35	0	0	0	0	0	0	0	0	0	0	0	0	0	0	
807.161767	8	6	3	0	2	7	1	3288	-1349	20	48428	7	4	37	0	0	0	0	0	0	0	0	0	0	0	0	0	0	
808.148167	8	6	3	0	2	7	1	3278	-1349	20	48487	7	4	38	0	0	0	0	0	0	0	0	0	0	0	0	0	0	
809.153283	8	6	3	0	2	7	1	3267	-1350	20	48547	7	4	40	0	0	0	0	0	0	0	0	0	0	0	0	0	0	
810.159833	8	6	3	0	2	7	1	3257	-1348	20	48607	7	4	42	0	0	0	0	0	0	0	0	0	0	0	0	0	0	
811.164967	8	6	3	0	2	7	1	3242	-1350	20	48668	7	4	43	0	0	0	0	0	0	0	0	0	0	0	0	0	0	
812.151367	8	6	3	0	2	7	1	3233	-1349	20	48727	7	4	45	0	0	0	0	0	0	0	0	0	0	0	0	0	0	
813.156483	8	6	3	0	2	7	1	3223	-1350	20	48787	7	4	47	0	0	0	0	0	0	0	0	0	0	0	0	0	0	
814.161600	8	6	3	0	2	7	1	3205	-1351	20	48848	7	4	48	0	0	0	0	0	0	0	0	0	0	0	0	0	0	
815.148000	8	6	3	0	2	7	1	3205	-1349	20	48907	7	4	50	0	0	0	0	0	0	0	0	0	0	0	0	0	0	
816.154567	8	6	3	0	2	7	1	3196	-1350	20	48967	7	4	52	0	0	0	0	0	0	0	0	0	0	0	0	0	0	
817.159683	8	6	3	0	2	7	1	3190	-1350	20	49027	7	4	53	0	0	0	0	0	0	0	0	0	0	0	0	0	0	
818.164800	8	6	3	0	2	7	1	3185	-1349	20	49088	7	4	55	0	0	0	0	0	0	0	0	0	0	0	0	0	0	
819.151200	8	6	3	0	2	7	1	3177	-1351	20	49147	7	4	56	0	0	0	0	0	0	0	0	0	0	0	0	0	0	
820.156317	8	6	3	0	2	7	1	3163	-1350	20	49207	7	4	58	0	0	0	0	0	0	0	0	0	0	0	0	0	0	
821.162883	8	6	3	0	2	7	1	3163	-1352	20	49267	7	4	60	0	0	0	0	0	0	0	0	0	0	0	0	0	0	
822.149283	8	6	3	0	2	7	1	3151	-1349	20	49327	7	4	61	0	0	0	0	0	0	0	0	0	0	0	0	0	0	
823.154400	8	6	3	0	2	7	1	3143	-1349	20	49387	7	4	63	0	0	0	0	0	0	0	0	0	0	0	0	0	0	
824.159517	8	6	3	0	2	7	1	3133	-1348	20	49447	7	4	65	0	0	0	0	0	0	0	0	0	0	0	0	0	0	
825.164633	8	6	3	0	2	7	1	3124	-1349	20	49508	7	4	66	0	0	0	0	0	0	0	0	0	0	0	0	0	0	
826.151033	8	6	3	0	2	7	1	3111	-1349	20	49567	7	4	68	0	0	0	0	0	0	0	0	0	0	0	0	0	0	
827.157600	8	6	3	0	2	7	1	3107	-1348	20	49627	7	4	70	0	0	0	0	0	0	0	0	0	0	0	0	0	0	
828.162717	8	6	3	0	2	7	1	3092	-1350	20	49687	7	4	71	0	0	0	0	0	0	0	0	0	0	0	0	0	0	
829.149117	8	6	3	0	2	7	1	3073	-1350	20	49747	7	4	73	0	0	0	0	0	0	0	0	0	0	0	0	0	0	
830.154233	8	6	3	0	2	7	1	3049	-1349	20	49807	7	4	75	0	0	0	0	0	0	0	0	0	0	0	0	0	0	
831.159367	8	6	3	0	2	7	1	3016	-1349	20	49867	7	4	76	0	0	0	0	0	0	0	0	0	0	0	0	0	0	
832.165917	8	6	3	0	2	7	1	2971	-1350	20	49928	7	4	78	0	0	0	0	0	0	0	0	0	0	0	0	0	0	
833.152317	8	6	3	0	2	7	1	2899	-1350	20	49987	7	4	80	0	0	0	0	0	0	0	0	0	0	0	0	0	0	
834.157433	8	6	3	0	2	7	1	2767	-1350	20	50047	7	4	81	0	0	0	0	0	0	0	0	0	0	0	0	0	0	
834.540483	8	15	3	0	1	31	2	3324	212	20	50070	9	4	82	0	0	0	0	0	0	0	0	0	0	0	0	0	0	
834.562083	8	3	3	0	1	2	2	3517	677	20	50071	9	4	82	0	0	0	0	0	0	0	0	0	0	0	0	0	0	
835.166883	8	3	3	0	1	2	2	3716	674	20	50108	9	4	82	0	0	0	0	0	0	0	0	0	0	0	0	0	0	
836.153283	8	3	3	0	1	2	2	3826	675	20	50167	9	4	82	0	0	0	0	0	0	0	0	0	0	0	0	0	0	
837.158400	8	3	3	0	1	2	2	3892	674	20	50227	9	4	82	0	0	0	0	0	0	0	0	0	0	0	0	0	0	
838.163517	8	3	3	0	1	2	2	3933	674	21	50288	9	4	82	0	0	0	0	0	0	0	0	0	0	0	0	0	0	
839.149917	8	3	3	0	1	2	2	3961	676	20	50347	9	4	82	0	0	0	0	0	0	0	0	0	0	0	0	0	0	
840.155033	8	3	3	0	1	2	2	3986	674	20	50407	9	4	82	0	0	0	0	0	0	0	0	0	0	0	0	0	0	
841.161600	8	3	3	0	1	2	2	4002	675	21	50467	9	4	82	0	0	0	0	0	0	0	0	0	0	0	0	0	0	
842.166717	8	3	3	0	1	2	2	4010	675	20	50528	9	4	82	0	0	0	0	0	0	0	0	0	0	0	0	0	0	
843.153117	8	3	3	0	1	2	2	4019	674	21	50587	9	4	82	0	0	0	0	0	0	0	0	0	0	0	0	0	0	
844.158233	8	3	3	0	1	2	2	4028	674	20	50647	9	4	82	0	0	0	0	0	0	0	0	0	0	0	0	0	0	
845.163367	8	3	3	0	1	2	2	4033	673	20	50707	9	4	82	0	0	0	0	0	0	0	0	0	0	0	0	0	0	
846.151200	8	3	3	0	1	2	2	4038	674	20	50767	9	4	82	0	0	0	0	0	0	0	0	0	0	0	0	0	0	
847.156317	8	3	3	0	1	2	2	4045	675	20	50827	9	4	82	0	0	0	0	0	0	0	0	0	0	0	0	0	0	
848.161433	8	3	3	0	1	2	2	4051	674	20	50887	9	4	82	0	0	0	0	0	0	0	0	0	0	0	0	0	0	
849.166567	8	3	3	0	1	2	2	4057	675	20	50948	9	4	82	0	0	0	0	0	0	0	0	0	0	0	0	0	0	
850.152967	8	3	3	0	1	2	2	4061	675	20	51007	9	4	82	0	0	0	0	0	0	0	0	0	0	0	0	0	0	
851.159517	8	3	3	0	1	2	2	4066	674	20	51067	9	4	82	0	0	0	0	0	0	0	0	0	0	0	0	0	0	
852.164633	8	3	3	0	1	2	2	4072	675	20	51127	9	4	82	0	0	0	0	0	0	0	0	0	0	0	0	0	0	
853.151033	8	3	3	0	1	2	2	4078	675	20	51187	9	4	82	0	0	0	0	0	0	0	0	0	0	0	0	0	0	
854.156167	8	3	3	0	1	2	2	4082	674	20	51247	9	4	82	0	0	0	0	0	0	0	0	0	0	0	0	0	0	
855.161283	8	3	3	0	1	2	2	4086	675	20	51307	9	4	82	0	0	0	0	0	0	0	0	0	0	0	0	0	0	
856.166400	8	3	3	0	1	2	2	4089	674	20	51368	9	4	82	0	0	0	0	0	0	0	0	0	0	0	0	0	0	
857.154233	8	3	3	0	1	2	2	4091	674	20	51427	9	4	82	0	0	0	0	0	0	0	0	0	0	0	0	0	0	
858.159367	8	3	3	0	1	2	2	4094	673	20	51487	9	4	82	0	0	0	0	0	0	0	0	0	0	0	0	0	0	
859.164483	8	3	3	0	1	2	2	4096	675	20	51547	9	4	82	0	0	0	0	0	0	0	0	0	0	0	0	0	0	
860.150883	8	3	3	0	1	2	2	4097	674	20	51607	9	4	82	0	0	0	0	0	0	0	0	0	0	0	0	0	0	
861.156000	8	3	3	0	1	2	2	4100	674	20	51667	9	4	82	0	0	0	0	0	0	0	0	0	0	0	0	0	0	
862.162567	8	3	3	0	1	2	2	4102	673	20	51727	9	4	82	0	0	0	0	0	0	0	0	0	0	0	0	0	0	
863.167683	8	3	3	0	1	2	2	4106	675	20	51788	9	4	82	0	0	0	0	0	0	0	0	0	0	0	0	0	0	
864.154083	8	3	3	0	1	2	2	4109	676	20	51847	9	4	82	0	0	0	0	0	0	0	0	0	0	0	0	0	0	
865.159200	8	3	3	0	1	2	2	4112	675	20	51907	9	4	82	0	0	0	0	0	0	0	0	0	0	0	0	0	0	
866.165767	8	3	3	0	1	2	2	4115	674	20	51967	9	4	82	0	0	0	0	0	0	0	0	0	0	0	0	0	0	
867.152167	8	3	3	0	1	2	2	4116	670	20	52027	9	4	82	0	0	0	0	0	0	0	0	0	0	0	0	0	0	
868.157283	8	3	3	0	1	2	2	4117	667	20	52087	9	4	82	0	0	0	0	0	0	0	0	0	0	0	0	0	0	
869.162400	8	3	3	0	1	2	2	4118	665	20	52147	9	4	82	0	0	0	0	0	0	0	0	0	0	0	0	0	0	
870.167517	8	3	3	0	1	2	2	4121	664	20	52208	9	4	82	0	0	0	0	0	0	0	0	0	0	0	0	0	0	
871.153917	8	3	3	0	1	2	2	4124	664	20	52267	9	4	82	0	0	0	0	0	0	0	0	0	0	0	0	0	0	
872.160483	8	3	3	0	1	2	2	4127	663	20	52327	9	4	82	0	0	0	0	0	0	0	0	0	0	0	0	0	0	
873.165600	8	3	3	0	1	2	2	4130	664	20	52387	9	4	82	0	0	0	0	0	0	0	0	0	0	0	0	0	0	
874.152000	8	3	3	0	1	2	2	4133	664	20	52447	9	4	82	0	0	0	0	0	0	0	0	0	0	0	0	0	0	
875.157117	8	3	3	0	1	2	2	4135	661	20	52507	9	4	82	0	0	0	0	0	0	0	0	0	0	0	0	0	0	
876.162233	8	3	3	0	1	2	2	4138	662	20	52567	9	4	82	0	0	0	0	0	0	0	0	0	0	0	0	0	0	
877.168800	8	3	3	0	1	2	2	4142	661	20	52628	9	4	82	0	0	0	0	0	0	0	0	0	0	0	0	0	0	
878.155200	8	3	3	0	1	2	2	4145	660	20	52687	9	4	82	0	0	0	0	0	0	0	0	0	0	0	0	0	0	
879.160317	8	3	3	0	1	2	2	4147	659	20	52747	9	4	82	0	0	0	0	0	0	0	0	0	0	0	0	0	0	
880.165433	8	3	3	0	1	2	2	4151	658	20	52807	9	4	82	0	0	0	0	0	0	0	0	0	0	0	0	0	0	
881.151833	8	3	3	0	1	2	2	4155	657	20	52867	9	4	82	0	0	0	0	0	0	0	0	0	0	0	0	0	0	
882.158400	8	3	3	0	1	2	2	4159	658	20	52927	9	4	82	0	0	0	0	0	0	0	0	0	0	0	0	0	0	
883.163517	8	3	3	0	1	2	2	4164	658	20	52987	9	4	82	0	0	0	0	0	0	0	0	0	0	0	0	0	0	
884.168633	8	3	3	0	1	2	2	4167	657	20	53048	9	4	82	0	0	0	0	0	0	0	0	0	0	0	0	0	0	
885.155033	8	3	3	0	1	2	2	4173	659	20	53107	9	4	82	0	0	0	0	0	0	0	0	0	0	0	0	0	0	
886.160167	8	3	3	0	1	2	2	4177	658	20	53167	9	4	82	0	0	0	0	0	0	0	0	0	0	0	0	0	0	
887.166717	8	3	3	0	1	2	2	4180	656	20	53227	9	4	82	0	0	0	0	0	0	0	0	0	0	0	0	0	0	
888.171833	8	3	3	0	1	2	2	4186	656	20	53288	9	4	82	0	0	0	0	0	0	0	0	0	0	0	0	0	0	
889.158233	8	3	3	0	1	2	2	4188	655	20	53347	9	4	82	0	0	0	0	0	0	0	0	0	0	0	0	0	0	
890.163367	8	3	3	0	1	2	2	4194	654	20	53407	9	4	82	0	0	0	0	0	0	0	0	0	0	0	0	0	0	
891.168483	8	3	3	0	1	2	2	4198	653	20	53468	9	4	82	0	0	0	0	0	0	0	0	0	0	0	0	0	0	
892.156317	8	3	3	0	1	2	2	4199	644	20	53527	9	4	82	0	0	0	0	0	0	0	0	0	0	0	0	0	0	
893.161433	8	3	3	0	1	2	2	4199	633	20	53587	9	4	82	0	0	0	0	0	0	0	0	0	0	0	0	0	0	
894.166567	8	3	3	0	1	2	2	4198	623	20	53647	9	4	82	0	0	0	0	0	0	0	0	0	0	0	0	0	0	
895.171683	8	3	3	0	1	2	2	4198	612	20	53708	9	4	82	0	0	0	0	0	0	0	0	0	0	0	0	0	0	
896.158083	8	3	3	0	1	2	2	4198	602	20	53767	9	4	82	0	0	0	0	0	0	0	0	0	0	0	0	0	0	
897.164633	8	3	3	0	1	2	2	4198	589	20	53827	9	4	82	0	0	0	0	0	0	0	0	0	0	0	0	0	0	
898.169767	8	3	3	0	1	2	2	4199	579	20	53888	9	4	82	0	0	0	0	0	0	0	0	0	0	0	0	0	0	
899.156167	8	3	3	0	1	2	2	4198	568	20	53947	9	4	82	0	0	0	0	0	0	0	0	0	0	0	0	0	0	
900.161283	8	3	3	0	1	2	2	4199	555	20	54007	9	4	82	0	0	0	0	0	0	0	0	0	0	0	0	0	0	
901.166400	8	3	3	0	1	2	2	4199	543	20	54067	9	4	82	0	0	0	0	0	0	0	0	0	0	0	0	0	0	
902.172967	8	3	3	0	1	2	2	4199	534	20	54128	9	4	82	0	0	0	0	0	0	0	0	0	0	0	0	0	0	
903.159367	8	3	3	0	1	2	2	4198	521	20	54187	9	4	82	0	0	0	0	0	0	0	0	0	0	0	0	0	0	
904.167367	8	3	3	0	1	2	2	4198	507	20	54247	9	4	82	0	0	0	0	0	0	0	0	0	0	0	0	0	0	
905.153767	8	3	3	0	1	2	2	4199	500	20	54307	9	4	82	0	0	0	0	0	0	0	0	0	0	0	0	0	0	
906.158883	8	3	3	0	1	2	2	4199	489	20	54367	9	4	82	0	0	0	0	0	0	0	0	0	0	0	0	0	0	
907.165433	8	3	3	0	1	2	2	4198	474	20	54427	9	4	82	0	0	0	0	0	0	0	0	0	0	0	0	0	0	
908.170567	8	3	3	0	1	2	2	4199	460	20	54488	9	4	82	0	0	0	0	0	0	0	0	0	0	0	0	0	0	
909.156967	8	3	3	0	1	2	2	4199	454	20	54547	9	4	82	0	0	0	0	0	0	0	0	0	0	0	0	0	0	
910.162083	8	3	3	0	1	2	2	4199	448	20	54607	9	4	82	0	0	0	0	0	0	0	0	0	0	0	0	0	0	
911.167200	8	3	3	0	1	2	2	4198	440	20	54667	9	4	82	0	0	0	0	0	0	0	0	0	0	0	0	0	0	
912.173767	8	3	3	0	1	2	2	4198	428	20	54728	9	4	82	0	0	0	0	0	0	0	0	0	0	0	0	0	0	
913.160167	8	3	3	0	1	2	2	4199	416	20	54787	9	4	82	0	0	0	0	0	0	0	0	0	0	0	0	0	0	
914.165283	8	3	3	0	1	2	2	4198	402	20	54847	9	4	82	0	0	0	0	0	0	0	0	0	0	0	0	0	0	
915.170400	8	3	3	0	1	2	2	4199	392	20	54908	9	4	82	0	0	0	0	0	0	0	0	0	0	0	0	0	0	
916.156800	8	3	3	0	1	2	2	4198	385	20	54967	9	4	82	0	0	0	0	0	0	0	0	0	0	0	0	0	0	
917.161917	8	3	3	0	1	2	2	4199	378	20	55027	9	4	82	0	0	0	0	0	0	0	0	0	0	0	0	0	0	
918.168483	8	3	3	0	1	2	2	4198	369	20	55087	9	4	82	0	0	0	0	0	0	0	0	0	0	0	0	0	0	
919.173600	8	3	3	0	1	2	2	4198	360	20	55148	9	4	82	0	0	0	0	0	0	0	0	0	0	0	0	0	0	
920.160000	8	3	3	0	1	2	2	4199	351	20	55207	9	4	82	0	0	0	0	0	0	0	0	0	0	0	0	0	0	
921.165117	8	3	3	0	1	2	2	4199	342	20	55267	9	4	82	0	0	0	0	0	0	0	0	0	0	0	0	0	0	
922.170233	8	3	3	0	1	2	2	4198	339	20	55328	9	4	82	0	0	0	0	0	0	0	0	0	0	0	0	0	0	
923.156633	8	3	3	0	1	2	2	4199	335	20	55387	9	4	82	0	0	0	0	0	0	0	0	0	0	0	0	0	0	
924.161767	8	3	3	0	1	2	2	4198	326	20	55447	9	4	82	0	0	0	0	0	0	0	0	0	0	0	0	0	0	
925.168317	8	3	3	0	1	2	2	4198	316	20	55507	9	4	82	0	0	0	0	0	0	0	0	0	0	0	0	0	0	
926.173433	8	3	3	0	1	2	2	4198	308	20	55568	9	4	82	0	0	0	0	0	0	0	0	0	0	0	0	0	0	
927.159833	8	3	3	0	1	2	2	4198	300	20	55627	9	4	82	0	0	0	0	0	0	0	0	0	0	0	0	0	0	
928.164967	8	3	3	0	1	2	2	4198	294	20	55687	9	4	82	0	0	0	0	0	0	0	0	0	0	0	0	0	0	
929.171517	8	3	3	0	1	2	2	4199	288	20	55747	9	4	82	0	0	0	0	0	0	0	0	0	0	0	0	0	0	
930.157917	8	3	3	0	1	2	2	4199	280	20	55807	9	4	82	0	0	0	0	0	0	0	0	0	0	0	0	0	0	
931.163033	8	3	3	0	1	2	2	4198	273	20	55867	9	4	82	0	0	0	0	0	0	0	0	0	0	0	0	0	0	
932.168167	8	3	3	0	1	2	2	4198	267	20	55927	9	4	82	0	0	0	0	0	0	0	0	0	0	0	0	0	0	
933.173283	8	3	3	0	1	2	2	4198	263	20	55988	9	4	82	0	0	0	0	0	0	0	0	0	0	0	0	0	0	
934.159683	8	3	3	0	1	2	2	4198	257	20	56047	9	4	82	0	0	0	0	0	0	0	0	0	0	0	0	0	0	
935.166233	8	3	3	0	1	2	2	4199	254	20	56107	9	4	82	0	0	0	0	0	0	0	0	0	0	0	0	0	0	
936.171367	8	3	3	0	1	2	2	4199	249	20	56167	9	4	82	0	0	0	0	0	0	0	0	0	0	0	0	0	0	
937.157767	8	3	3	0	1	2	2	4198	244	20	56227	9	4	82	0	0	0	0	0	0	0	0	0	0	0	0	0	0	
938.162883	8	3	3	0	1	2	2	4199	237	20	56287	9	4	82	0	0	0	0	0	0	0	0	0	0	0	0	0	0	
939.168000	8	3	3	0	1	2	2	4199	233	20	56347	9	4	82	0	0	0	0	0	0	0	0	0	0	0	0	0	0	
940.174567	8	3	3	0	1	2	2	4198	227	20	56408	9	4	82	0	0	0	0	0	0	0	0	0	0	0	0	0	0	
941.160967	8	3	3	0	1	2	2	4198	224	20	56467	9	4	82	0	0	0	0	0	0	0	0	0	0	0	0	0	0	
942.166083	8	3	3	0	1	2	2	4198	220	20	56527	9	4	82	0	0	0	0	0	0	0	0	0	0	0	0	0	0	
943.171200	8	3	3	0	1	2	2	4199	216	20	56587	9	4	82	0	0	0	0	0	0	0	0	0	0	0	0	0	0	
944.157600	8	3	3	0	1	2	2	4199	212	20	56647	9	4	82	0	0	0	0	0	0	0	0	0	0	0	0	0	0	
945.162717	8	3	3	0	1	2	2	4198	207	20	56707	9	4	82	0	0	0	0	0	0	0	0	0	0	0	0	0	0	
946.169283	8	3	3	0	1	2	2	4198	202	20	56767	9	4	82	0	0	0	0	0	0	0	0	0	0	0	0	0	0	
947.174400	8	3	3	0	1	2	2	4198	197	20	56828	9	4	82	0	0	0	0	0	0	0	0	0	0	0	0	0	0	
948.160800	8	3	3	0	1	2	2	4198	192	20	56887	9	4	82	0	0	0	0	0	0	0	0	0	0	0	0	0	0	
949.165917	8	3	3	0	1	2	2	4198	187	20	56947	9	4	82	0	0	0	0	0	0	0	0	0	0	0	0	0	0	
950.171033	8	3	3	0	1	2	2	4199	185	20	57007	9	4	82	0	0	0	0	0	0	0	0	0	0	0	0	0	0	
951.157433	8	3	3	0	1	2	2	4198	181	20	57067	9	4	82	0	0	0	0	0	0	0	0	0	0	0	0	0	0	
952.164000	8	3	3	0	1	2	2	4198	176	20	57127	9	4	82	0	0	0	0	0	0	0	0	0	0	0	0	0	0	
953.169117	8	3	3	0	1	2	2	4199	173	20	57187	9	4	82	0	0	0	0	0	0	0	0	0	0	0	0	0	0	
954.174233	8	3	3	0	1	2	2	4198	170	20	57248	9	4	82	0	0	0	0	0	0	0	0	0	0	0	0	0	0	
955.160633	8	3	3	0	1	2	2	4199	166	20	57307	9	4	82	0	0	0	0	0	0	0	0	0	0	0	0	0	0	
956.165767	8	3	3	0	1	2	2	4199	164	20	57367	9	4	82	0	0	0	0	0	0	0	0	0	0	0	0	0	0	
957.170883	8	3	3	0	1	2	2	4198	160	20	57427	9	4	82	0	0	0	0	0	0	0	0	0	0	0	0	0	0	
958.177433	8	3	3	0	1	2	2	4198	156	20	57488	9	4	82	0	0	0	0	0	0	0	0	0	0	0	0	0	0	
959.163833	8	3	3	0	1	2	2	4198	152	20	57547	9	4	82	0	0	0	0	0	0	0	0	0	0	0	0	0	0	
960.168967	8	3	3	0	1	2	2	4198	149	20	57607	9	4	82	0	0	0	0	0	0	0	0	0	0	0	0	0	0	
961.174083	8	3	3	0	1	2	2	4198	147	20	57668	9	4	82	0	0	0	0	0	0	0	0	0	0	0	0	0	0	
962.160483	8	3	3	0	1	2	2	4199	144	20	57727	9	4	82	0	0	0	0	0	0	0	0	0	0	0	0	0	0	
963.165600	8	3	3	0	1	2	2	4198	140	20	57787	9	4	82	0	0	0	0	0	0	0	0	0	0	0	0	0	0	
964.172167	8	3	3	0	1	2	2	4199	138	20	57847	9	4	82	0	0	0	0	0	0	0	0	0	0	0	0	0	0	
965.177283	8	3	3	0	1	2	2	4199	135	20	57908	9	4	82	0	0	0	0	0	0	0	0	0	0	0	0	0	0	
966.163683	8	3	3	0	1	2	2	4199	132	20	57967	9	4	82	0	0	0	0	0	0	0	0	0	0	0	0	0	0	
967.168800	8	3	3	0	1	2	2	4198	130	20	58027	9	4	82	0	0	0	0	0	0	0	0	0	0	0	0	0	0	
968.173917	8	3	3	0	1	2	2	4198	127	20	58088	9	4	82	0	0	0	0	0	0	0	0	0	0	0	0	0	0	
969.160317	8	3	3	0	1	2	2	4198	124	20	58147	9	4	82	0	0	0	0	0	0	0	0	0	0	0	0	0	0	
970.166883	8	3	3	0	1	2	2	4199	122	20	58207	9	4	82	0	0	0	0	0	0	0	0	0	0	0	0	0	0	
971.172000	8	3	3	0	1	2	2	4199	120	20	58267	9	4	82	0	0	0	0	0	0	0	0	0	0	0	0	0	0	
972.177117	8	3	3	0	1	2	2	4199	117	20	58328	9	4	82	0	0	0	0	0	0	0	0	0	0	0	0	0	0	
973.163517	8	3	3	0	1	2	2	4198	115	20	58387	9	4	82	0	0	0	0	0	0	0	0	0	0	0	0	0	0	
974.168633	8	3	3	0	1	2	2	4199	113	20	58447	9	4	82	0	0	0	0	0	0	0	0	0	0	0	0	0	0	
975.173767	8	3	3	0	1	2	2	4198	111	20	58507	9	4	82	0	0	0	0	0	0	0	0	0	0	0	0	0	0	
976.160167	8	3	3	0	1	2	2	4199	109	20	58567	9	4	82	0	0	0	0	0	0	0	0	0	0	0	0	0	0	
977.166717	8	3	3	0	1	2	2	4198	106	20	58627	9	4	82	0	0	0	0	0	0	0	0	0	0	0	0	0	0	
978.171833	8	3	3	0	1	2	2	4199	105	20	58687	9	4	82	0	0	0	0	0	0	0	0	0	0	0	0	0	0	
979.176967	8	3	3	0	1	2	2	4198	102	20	58748	9	4	82	0	0	0	0	0	0	0	0	0	0	0	0	0	0	
980.163367	8	3	3	0	1	2	2	4198	101	20	58807	9	4	82	0	0	0	0	0	0	0	0	0	0	0	0	0	0	
981.168483	8	3	3	0	1	2	2	4198	98	20	58867	9	4	82	0	0	0	0	0	0	0	0	0	0	0	0	0	0	
982.175033	8	3	3	0	1	2	2	4199	96	20	58927	9	4	82	0	0	0	0	0	0	0	0	0	0	0	0	0	0	
983.161433	8	3	3	0	1	2	2	4199	95	20	58987	9	4	82	0	0	0	0	0	0	0	0	0	0	0	0	0	0	
984.166567	8	3	3	0	1	2	2	4199	93	20	59047	9	4	82	0	0	0	0	0	0	0	0	0	0	0	0	0	0	
985.171683	8	3	3	0	1	2	2	4198	90	20	59107	9	4	82	0	0	0	0	0	0	0	0	0	0	0	0	0	0	
986.176800	8	3	3	0	1	2	2	4198	88	20	59168	9	4	82	0	0	0	0	0	0	0	0	0	0	0	0	0	0	
987.164633	8	3	3	0	1	2	2	4198	87	20	59227	9	4	82	0	0	0	0	0	0	0	0	0	0	0	0	0	0	
988.169767	8	3	3	0	1	2	2	4199	85	20	59287	9	4	82	0	0	0	0	0	0	0	0	0	0	0	0	0	0	
989.174883	8	3	3	0	1	2	2	4198	84	20	59347	9	4	82	0	0	0	0	0	0	0	0	0	0	0	0	0	0	
990.161283	8	3	3	0	1	2	2	4198	82	20	59407	9	4	82	0	0	0	0	0	0	0	0	0	0	0	0	0	0	
991.166400	8	3	3	0	1	2	2	4199	80	20	59467	9	4	82	0	0	0	0	0	0	0	0	0	0	0	0	0	0	
992.171517	8	3	3	0	1	2	2	4198	79	20	59527	9	4	82	0	0	0	0	0	0	0	0	0	0	0	0	0	0	
993.178083	8	3	3	0	1	2	2	4199	78	20	59588	9	4	82	0	0	0	0	0	0	0	0	0	0	0	0	0	0	
994.164483	8	3	3	0	1	2	2	4198	76	20	59647	9	4	82	0	0	0	0	0	0	0	0	0	0	0	0	0	0	
995.169600	8	3	3	0	1	2	2	4199	74	20	59707	9	4	82	0	0	0	0	0	0	0	0	0	0	0	0	0	0	
996.174717	8	3	3	0	1	2	2	4198	73	20	59767	9	4	82	0	0	0	0	0	0	0	0	0	0	0	0	0	0	
997.161117	8	3	3	0	1	2	2	4199	72	20	59827	9	4	82	0	0	0	0	0	0	0	0	0	0	0	0	0	0	
998.166233	8	3	3	0	1	2	2	4198	70	20	59887	9	4	82	0	0	0	0	0	0	0	0	0	0	0	0	0	0	
999.172800	8	3	3	0	1	2	2	4198	69	20	59947	9	4	82	0	0	0	0	0	0	0	0	0	0	0	0	0	0	
1000.177917	8	3	3	0	1	2	2	4198	67	20	60008	9	4	82	0	0	0	0	0	0	0	0	0	0	0	0	0	0	
1000.598400	8	6	3	0	2	7	1	3577	-1349	20	60033	9	5	0	0	0	0	0	0	0	0	0	0	0	0	0	0	0	
1001.165767	8	6	3	0	2	7	1	3654	-1349	20	60067	9	5	0	0	0	0	0	0	0	0	0	0	0	0	0	0	0	
1002.170883	8	6	3	0	2	7	1	3616	-1351	20	60127	9	5	2	0	0	0	0	0	0	0	0	0	0	0	0	0	0	
1003.177433	8	6	3	0	2	7	1	3591	-1349	20	60188	9	5	4	0	0	0	0	0	0	0	0	0	0	0	0	0	0	
1004.163833	8	6	3	0	2	7	1	3573	-1349	20	60247	9	5	5	0	0	0	0	0	0	0	0	0	0	0	0	0	0	
1005.168967	8	6	3	0	2	7	1	3555	-1349	20	60307	9	5	7	0	0	0	0	0	0	0	0	0	0	0	0	0	0	
1006.174083	8	6	3	0	2	7	1	3538	-1351	20	60367	9	5	9	0	0	0	0	0	0	0	0	0	0	0	0	0	0	
1007.179200	8	6	3	0	2	7	1	3520	-1351	20	60428	9	5	10	0	0	0	0	0	0	0	0	0	0	0	0	0	0	
1008.167033	8	6	3	0	2	7	1	3503	-1348	20	60487	9	5	12	0	0	0	0	0	0	0	0	0	0	0	0	0	0	
1009.172167	8	6	3	0	2	7	1	3488	-1348	20	60547	9	5	14	0	0	0	0	0	0	0	0	0	0	0	0	0	0	
1010.177283	8	6	3	0	2	7	1	3474	-1348	20	60608	9	5	15	0	0	0	0	0	0	0	0	0	0	0	0	0	0	
1011.163683	8	6	3	0	2	7	1	3462	-1349	20	60667	9	5	17	0	0	0	0	0	0	0	0	0	0	0	0	0	0	
1012.168800	8	6	3	0	2	7	1	3448	-1350	20	60727	9	5	19	0	0	0	0	0	0	0	0	0	0	0	0	0	0	
1013.175367	8	6	3	0	2	7	1	3434	-1349	20	60787	9	5	20	0	0	0	0	0	0	0	0	0	0	0	0	0	0	
1014.180483	8	6	3	0	2	7	1	3421	-1349	20	60848	9	5	22	0	0	0	0	0	0	0	0	0	0	0	0	0	0	
1015.166883	8	6	3	0	2	7	1	3408	-1349	20	60907	9	5	24	0	0	0	0	0	0	0	0	0	0	0	0	0	0	
1016.172000	8	6	3	0	2	7	1	3396	-1350	20	60967	9	5	25	0	0	0	0	0	0	0	0	0	0	0	0	0	0	
1017.177117	8	6	3	0	2	7	1	3384	-1349	20	61027	9	5	27	0	0	0	0	0	0	0	0	0	0	0	0	0	0	
1018.163517	8	6	3	0	2	7	1	3371	-1349	20	61087	9	5	29	0	0	0	0	0	0	0	0	0	0	0	0	0	0	
1019.170083	8	6	3	0	2	7	1	3359	-1349	20	61147	9	5	30	0	0	0	0	0	0	0	0	0	0	0	0	0	0	
1020.175200	8	6	3	0	2	7	1	3347	-1349	20	61207	9	5	32	0	0	0	0	0	0	0	0	0	0	0	0	0	0	
1021.180317	8	6	3	0	2	7	1	3336	-1350	20	61268	9	5	34	0	0	0	0	0	0	0	0	0	0	0	0	0	0	
1022.166717	8	6	3	0	2	7	1	3326	-1350	20	61327	9	5	35	0	0	0	0	0	0	0	0	0	0	0	0	0	0	
1023.171833	8	6	3	0	2	7	1	3315	-1350	20	61387	9	5	37	0	0	0	0	0	0	0	0	0	0	0	0	0	0	
1024.178400	8	6	3	0	2	7	1	3306	-1349	20	61447	9	5	39	0	0	0	0	0	0	0	0	0	0	0	0	0	0	
1025.164800	8	6	3	0	2	7	1	3296	-1351	20	61507	9	5	40	0	0	0	0	0	0	0	0	0	0	0	0	0	0	
1026.169917	8	6	3	0	2	7	1	3288	-1349	20	61567	9	5	42	0	0	0	0	0	0	0	0	0	0	0	0	0	0	
1027.175033	8	6	3	0	2	7	1	3278	-1349	20	61627	9	5	44	0	0	0	0	0	0	0	0	0	0	0	0	0	0	
1028.180167	8	6	3	0	2	7	1	3270	-1351	20	61688	9	5	45	0	0	0	0	0	0	0	0	0	0	0	0	0	0	
1029.166567	8	6	3	0	2	7	1	3263	-1347	20	61747	9	5	47	0	0	0	0	0	0	0	0	0	0	0	0	0	0	
1030.173117	8	6	3	0	2	7	1	3255	-1349	20	61807	9	5	48	0	0	0	0	0	0	0	0	0	0	0	0	0	0	
1031.178233	8	6	3	0	2	7	1	3247	-1349	20	61867	9	5	50	0	0	0	0	0	0	0	0	0	0	0	0	0	0	
1032.164633	8	6	3	0	2	7	1	3240	-1348	20	61927	9	5	52	0	0	0	0	0	0	0	0	0	0	0	0	0	0	
1033.169767	8	6	3	0	2	7	1	3232	-1350	21	61987	9	5	53	0	0	0	0	0	0	0	0	0	0	0	0	0	0	
1034.174883	8	6	3	0	2	7	1	3224	-1351	21	62047	9	5	55	0	0	0	0	0	0	0	0	0	0	0	0	0	0	
1035.181433	8	6	3	0	2	7	1	3203	-1349	23	62108	9	5	57	0	0	0	0	0	0	0	0	0	0	0	0	0	0	
1036.167833	8	6	3	0	2	7	1	3208	-1350	27	62167	9	5	58	0	0	0	0	0	0	0	0	0	0	0	0	0	0	
1037.172967	8	6	3	0	2	7	1	3209	-1348	30	62227	9	5	60	0	0	0	0	0	0	0	0	0	0	0	0	0	0	
1038.178083	8	6	3	0	2	7	1	3210	-1350	32	62287	9	5	62	0	0	0	0	0	0	0	0	0	0	0	0	0	0	
1039.164483	8	6	3	0	2	7	1	3219	-1349	36	62347	9	5	63	0	0	0	0	0	0	0	0	0	0	0	0	0	0	
1040.169600	8	6	3	0	2	7	1	3195	-1350	38	62407	9	5	65	0	0	0	0	0	0	0	0	0	0	0	0	0	0	
1041.176167	8	6	3	0	2	7	1	3144	-1350	39	62467	9	5	67	0	0	0	0	0	0	0	0	0	0	0	0	0	0	
1042.181283	8	6	3	0	2	7	1	3134	-1349	40	62528	9	5	68	0	0	0	0	0	0	0	0	0	0	0	0	0	0	
1043.167683	8	6	3	0	2	7	1	3115	-1349	41	62587	9	5	70	0	0	0	0	0	0	0	0	0	0	0	0	0	0	
1044.172800	8	6	3	0	2	7	1	3150	-1350	42	62647	9	5	72	0	0	0	0	0	0	0	0	0	0	0	0	0	0	
1045.177917	8	6	3	0	2	7	1	3089	-1351	43	62707	9	5	73	0	0	0	0	0	0	0	0	0	0	0	0	0	0	
1046.165767	8	6	3	0	2	7	1	3145	-1350	44	62767	9	5	75	0	0	0	0	0	0	0	0	0	0	0	0	0	0	
1047.170883	8	6	3	0	2	7	1	3134	-1350	44	62827	9	5	77	0	0	0	0	0	0	0	0	0	0	0	0	0	0	
1048.176000	8	6	3	0	2	7	1	3102	-1350	44	62887	9	5	78	0	0	0	0	0	0	0	0	0	0	0	0	0	0	
1049.181117	8	6	3	0	2	7	1	3030	-1349	45	62948	9	5	80	0	0	0	0	0	0	0	0	0	0	0	0	0	0	
1050.167517	8	6	3	0	2	7	1	2870	-1350	45	63007	9	5	82	0	0	0	0	0	0	0	0	0	0	0	0	0	0	
1050.721917	8	15	3	0	1	31	2	2920	28	46	63040	10	5	83	0	0	0	0	0	0	0	0	0	0	0	0	0	0	
1050.742083	8	3	3	0	1	2	2	3295	678	46	63041	11	5	83	0	0	0	0	0	0	0	0	0	0	0	0	0	0	
1051.176967	8	3	3	0	1	2	2	3523	675	46	63067	11	5	83	0	0	0	0	0	0	0	0	0	0	0	0	0	0	
1052.182083	8	3	3	0	1	2	2	3671	674	46	63128	11	5	83	0	0	0	0	0	0	0	0	0	0	0	0	0	0	
1053.168483	8	3	3	0	1	2	2	3745	674	46	63187	11	5	83	0	0	0	0	0	0	0	0	0	0	0	0	0	0	
1054.176483	8	3	3	0	1	2	2	3795	673	46	63247	11	5	83	0	0	0	0	0	0	0	0	0	0	0	0	0	0	
1055.181600	8	3	3	0	1	2	2	3832	674	46	63308	11	5	83	0	0	0	0	0	0	0	0	0	0	0	0	0	0	
1056.168000	8	3	3	0	1	2	2	3850	674	45	63367	11	5	83	0	0	0	0	0	0	0	0	0	0	0	0	0	0	
1057.173117	8	3	3	0	1	2	2	3860	673	45	63427	11	5	83	0	0	0	0	0	0	0	0	0	0	0	0	0	0	
1058.179683	8	3	3	0	1	2	2	3867	676	45	63487	11	5	83	0	0	0	0	0	0	0	0	0	0	0	0	0	0	
1059.184800	8	3	3	0	1	2	2	3873	674	45	63548	11	5	83	0	0	0	0	0	0	0	0	0	0	0	0	0	0	
1060.171200	8	3	3	0	1	2	2	3878	673	44	63607	11	5	83	0	0	0	0	0	0	0	0	0	0	0	0	0	0	
1061.176317	8	3	3	0	1	2	2	3884	675	44	63667	11	5	83	0	0	0	0	0	0	0	0	0	0	0	0	0	0	
1062.181433	8	3	3	0	1	2	2	3888	676	44	63728	11	5	83	0	0	0	0	0	0	0	0	0	0	0	0	0	0	
1063.167833	8	3	3	0	1	2	2	3892	675	44	63787	11	5	83	0	0	0	0	0	0	0	0	0	0	0	0	0	0	
1064.174400	8	3	3	0	1	2	2	3897	674	44	63847	11	5	83	0	0	0	0	0	0	0	0	0	0	0	0	0	0	
1065.179517	8	3	3	0	1	2	2	3903	675	44	63907	11	5	83	0	0	0	0	0	0	0	0	0	0	0	0	0	0	
1066.184633	8	3	3	0	1	2	2	3909	674	44	63968	11	5	83	0	0	0	0	0	0	0	0	0	0	0	0	0	0	
1067.171033	8	3	3	0	1	2	2	3914	674	44	64027	11	5	83	0	0	0	0	0	0	0	0	0	0	0	0	0	0	
1068.176167	8	3	3	0	1	2	2	3920	674	44	64087	11	5	83	0	0	0	0	0	0	0	0	0	0	0	0	0	0	
1069.182717	8	3	3	0	1	2	2	3926	675	44	64148	11	5	83	0	0	0	0	0	0	0	0	0	0	0	0	0	0	
1070.169117	8	3	3	0	1	2	2	3932	675	44	64207	11	5	83	0	0	0	0	0	0	0	0	0	0	0	0	0	0	
1071.174233	8	3	3	0	1	2	2	3937	675	44	64267	11	5	83	0	0	0	0	0	0	0	0	0	0	0	0	0	0	
1072.179367	8	3	3	0	1	2	2	3942	674	44	64327	11	5	83	0	0	0	0	0	0	0	0	0	0	0	0	0	0	
1073.184483	8	3	3	0	1	2	2	3947	674	44	64388	11	5	83	0	0	0	0	0	0	0	0	0	0	0	0	0	0	
1074.172317	8	3	3	0	1	2	2	3951	675	44	64447	11	5	83	0	0	0	0	0	0	0	0	0	0	0	0	0	0	
1075.177433	8	3	3	0	1	2	2	3955	674	44	64507	11	5	83	0	0	0	0	0	0	0	0	0	0	0	0	0	0	
1076.182567	8	3	3	0	1	2	2	3958	674	44	64568	11	5	83	0	0	0	0	0	0	0	0	0	0	0	0	0	0	
1077.168967	8	3	3	0	1	2	2	3962	675	44	64627	11	5	83	0	0	0	0	0	0	0	0	0	0	0	0	0	0	
1078.174083	8	3	3	0	1	2	2	3965	675	44	64687	11	5	83	0	0	0	0	0	0	0	0	0	0	0	0	0	0	
1079.179200	8	3	3	0	1	2	2	3968	674	44	64747	11	5	83	0	0	0	0	0	0	0	0	0	0	0	0	0	0	
1080.185767	8	3	3	0	1	2	2	3971	675	44	64808	11	5	83	0	0	0	0	0	0	0	0	0	0	0	0	0	0	
1081.172167	8	3	3	0	1	2	2	3974	674	43	64867	11	5	83	0	0	0	0	0	0	0	0	0	0	0	0	0	0	
1082.177283	8	3	3	0	1	2	2	3977	675	44	64927	11	5	83	0	0	0	0	0	0	0	0	0	0	0	0	0	0	
1083.182400	8	3	3	0	1	2	2	3980	676	43	64987	11	5	83	0	0	0	0	0	0	0	0	0	0	0	0	0	0	
1084.168800	8	3	3	0	1	2	2	3984	674	43	65047	11	5	83	0	0	0	0	0	0	0	0	0	0	0	0	0	0	
1085.175367	8	3	3	0	1	2	2	3987	676	43	65107	11	5	83	0	0	0	0	0	0	0	0	0	0	0	0	0	0	
1086.180483	8	3	3	0	1	2	2	3990	675	43	65167	11	5	83	0	0	0	0	0	0	0	0	0	0	0	0	0	0	
1087.185600	8	3	3	0	1	2	2	3994	675	43	65228	11	5	83	0	0	0	0	0	0	0	0	0	0	0	0	0	0	
1088.172000	8	3	3	0	1	2	2	3997	675	43	65287	11	5	83	0	0	0	0	0	0	0	0	0	0	0	0	0	0	
1089.177117	8	3	3	0	1	2	2	4001	674	43	65347	11	5	83	0	0	0	0	0	0	0	0	0	0	0	0	0	0	
1090.183683	8	3	3	0	1	2	2	4005	675	43	65407	11	5	83	0	0	0	0	0	0	0	0	0	0	0	0	0	0	
1091.170083	8	3	3	0	1	2	2	4008	674	43	65467	11	5	83	0	0	0	0	0	0	0	0	0	0	0	0	0	0	
1092.175200	8	3	3	0	1	2	2	4012	675	43	65527	11	5	83	0	0	0	0	0	0	0	0	0	0	0	0	0	0	
1093.180317	8	3	3	0	1	2	2	4016	674	43	65587	11	5	83	0	0	0	0	0	0	0	0	0	0	0	0	0	0	
1094.185433	8	3	3	0	1	2	2	4020	674	43	65648	11	5	83	0	0	0	0	0	0	0	0	0	0	0	0	0	0	
1095.173283	8	3	3	0	1	2	2	4024	674	43	65707	11	5	83	0	0	0	0	0	0	0	0	0	0	0	0	0	0	
1096.178400	8	3	3	0	1	2	2	4028	674	43	65767	11	5	83	0	0	0	0	0	0	0	0	0	0	0	0	0	0	
1097.183517	8	3	3	0	1	2	2	4032	675	43	65827	11	5	83	0	0	0	0	0	0	0	0	0	0	0	0	0	0	
1098.169917	8	3	3	0	1	2	2	4036	674	43	65887	11	5	83	0	0	0	0	0	0	0	0	0	0	0	0	0	0	
1099.175033	8	3	3	0	1	2	2	4040	674	43	65947	11	5	83	0	0	0	0	0	0	0	0	0	0	0	0	0	0	
1100.181600	8	3	3	0	1	2	2	4044	674	43	66007	11	5	83	0	0	0	0	0	0	0	0	0	0	0	0	0	0	
1101.186717	8	3	3	0	1	2	2	4049	675	43	66068	11	5	83	0	0	0	0	0	0	0	0	0	0	0	0	0	0	
1102.173117	8	3	3	0	1	2	2	4053	675	42	66127	11	5	83	0	0	0	0	0	0	0	0	0	0	0	0	0	0	
1103.178233	8	3	3	0	1	2	2	4057	674	42	66187	11	5	83	0	0	0	0	0	0	0	0	0	0	0	0	0	0	
1104.183367	8	3	3	0	1	2	2	4062	675	42	66247	11	5	83	0	0	0	0	0	0	0	0	0	0	0	0	0	0	
1105.169767	8	3	3	0	1	2	2	4066	674	42	66307	11	5	83	0	0	0	0	0	0	0	0	0	0	0	0	0	0	
1106.176317	8	3	3	0	1	2	2	4071	674	42	66367	11	5	83	0	0	0	0	0	0	0	0	0	0	0	0	0	0	
1107.181433	8	3	3	0	1	2	2	4076	674	42	66427	11	5	83	0	0	0	0	0	0	0	0	0	0	0	0	0	0	
1108.186567	8	3	3	0	1	2	2	4081	675	42	66488	11	5	83	0	0	0	0	0	0	0	0	0	0	0	0	0	0	
1109.172967	8	3	3	0	1	2	2	4085	673	42	66547	11	5	83	0	0	0	0	0	0	0	0	0	0	0	0	0	0	
1110.178083	8	3	3	0	1	2	2	4091	675	42	66607	11	5	83	0	0	0	0	0	0	0	0	0	0	0	0	0	0	
1111.183200	8	3	3	0	1	2	2	4095	674	42	66667	11	5	83	0	0	0	0	0	0	0	0	0	0	0	0	0	0	
1112.171033	8	3	3	0	1	2	2	4101	674	42	66727	11	5	83	0	0	0	0	0	0	0	0	0	0	0	0	0	0	
1113.176167	8	3	3	0	1	2	2	4106	674	42	66787	11	5	83	0	0	0	0	0	0	0	0	0	0	0	0	0	0	
1114.181283	8	3	3	0	1	2	2	4111	675	42	66847	11	5	83	0	0	0	0	0	0	0	0	0	0	0	0	0	0	
1115.186400	8	3	3	0	1	2	2	4116	673	42	66908	11	5	83	0	0	0	0	0	0	0	0	0	0	0	0	0	0	
1116.172800	8	3	3	0	1	2	2	4119	666	42	66967	11	5	83	0	0	0	0	0	0	0	0	0	0	0	0	0	0	
1117.177917	8	3	3	0	1	2	2	4124	666	42	67027	11	5	83	0	0	0	0	0	0	0	0	0	0	0	0	0	0	
1118.183033	8	3	3	0	1	2	2	4129	664	42	67087	11	5	83	0	0	0	0	0	0	0	0	0	0	0	0	0	0	
1119.189600	8	3	3	0	1	2	2	4135	663	42	67148	11	5	83	0	0	0	0	0	0	0	0	0	0	0	0	0	0	
1120.176000	8	3	3	0	1	2	2	4140	663	42	67207	11	5	83	0	0	0	0	0	0	0	0	0	0	0	0	0	0	
1121.181117	8	3	3	0	1	2	2	4146	662	42	67267	11	5	83	0	0	0	0	0	0	0	0	0	0	0	0	0	0	
1122.186233	8	3	3	0	1	2	2	4151	661	42	67328	11	5	83	0	0	0	0	0	0	0	0	0	0	0	0	0	0	
1123.172633	8	3	3	0	1	2	2	4157	661	42	67387	11	5	83	0	0	0	0	0	0	0	0	0	0	0	0	0	0	
1124.179200	8	3	3	0	1	2	2	4163	660	42	67447	11	5	83	0	0	0	0	0	0	0	0	0	0	0	0	0	0	
1125.184317	8	3	3	0	1	2	2	4168	660	42	67507	11	5	83	0	0	0	0	0	0	0	0	0	0	0	0	0	0	
1126.189433	8	3	3	0	1	2	2	4175	659	42	67568	11	5	83	0	0	0	0	0	0	0	0	0	0	0	0	0	0	
1127.175833	8	3	3	0	1	2	2	4180	659	42	67627	11	5	83	0	0	0	0	0	0	0	0	0	0	0	0	0	0	
1128.180967	8	3	3	0	1	2	2	4186	657	42	67687	11	5	83	0	0	0	0	0	0	0	0	0	0	0	0	0	0	
1129.187517	8	3	3	0	1	2	2	4193	658	42	67748	11	5	83	0	0	0	0	0	0	0	0	0	0	0	0	0	0	
1130.173917	8	3	3	0	1	2	2	4198	655	42	67807	11	5	83	0	0	0	0	0	0	0	0	0	0	0	0	0	0	
1131.179033	8	3	3	0	1	2	2	4198	632	42	67867	11	5	83	0	0	0	0	0	0	0	0	0	0	0	0	0	0	
1132.184167	8	3	3	0	1	2	2	4199	610	42	67927	11	5	83	0	0	0	0	0	0	0	0	0	0	0	0	0	0	
1133.189283	8	3	3	0	1	2	2	4199	589	42	67988	11	5	83	0	0	0	0	0	0	0	0	0	0	0	0	0	0	
1134.175683	8	3	3	0	1	2	2	4198	569	42	68047	11	5	83	0	0	0	0	0	0	0	0	0	0	0	0	0	0	
1135.182233	8	3	3	0	1	2	2	4199	549	42	68107	11	5	83	0	0	0	0	0	0	0	0	0	0	0	0	0	0	
1136.187367	8	3	3	0	1	2	2	4199	530	42	68168	11	5	83	0	0	0	0	0	0	0	0	0	0	0	0	0	0	
1137.173767	8	3	3	0	1	2	2	4199	512	42	68227	11	5	83	0	0	0	0	0	0	0	0	0	0	0	0	0	0	
1138.178883	8	3	3	0	1	2	2	4199	494	42	68287	11	5	83	0	0	0	0	0	0	0	0	0	0	0	0	0	0	
1139.184000	8	3	3	0	1	2	2	4198	477	42	68347	11	5	83	0	0	0	0	0	0	0	0	0	0	0	0	0	0	
1140.190567	8	3	3	0	1	2	2	4198	460	42	68408	11	5	83	0	0	0	0	0	0	0	0	0	0	0	0	0	0	
1141.176967	8	3	3	0	1	2	2	4199	443	42	68467	11	5	83	0	0	0	0	0	0	0	0	0	0	0	0	0	0	
1142.182083	8	3	3	0	1	2	2	4199	428	42	68527	11	5	83	0	0	0	0	0	0	0	0	0	0	0	0	0	0	
1143.187200	8	3	3	0	1	2	2	4199	413	42	68587	11	5	83	0	0	0	0	0	0	0	0	0	0	0	0	0	0	
1144.173600	8	3	3	0	1	2	2	4198	398	42	68647	11	5	83	0	0	0	0	0	0	0	0	0	0	0	0	0	0	
1145.178717	8	3	3	0	1	2	2	4199	384	42	68707	11	5	83	0	0	0	0	0	0	0	0	0	0	0	0	0	0	
1146.185283	8	3	3	0	1	2	2	4199	370	42	68767	11	5	83	0	0	0	0	0	0	0	0	0	0	0	0	0	0	
1147.190400	8	3	3	0	1	2	2	4199	357	42	68828	11	5	83	0	0	0	0	0	0	0	0	0	0	0	0	0	0	
1148.176800	8	3	3	0	1	2	2	4199	345	42	68887	11	5	83	0	0	0	0	0	0	0	0	0	0	0	0	0	0	
1149.181917	8	3	3	0	1	2	2	4198	332	42	68947	11	5	83	0	0	0	0	0	0	0	0	0	0	0	0	0	0	
1150.187033	8	3	3	0	1	2	2	4198	320	42	69007	11	5	83	0	0	0	0	0	0	0	0	0	0	0	0	0	0	
1151.173433	8	3	3	0	1	2	2	4199	309	42	69067	11	5	83	0	0	0	0	0	0	0	0	0	0	0	0	0	0	
1152.180000	8	3	3	0	1	2	2	4198	296	42	69127	11	5	83	0	0	0	0	0	0	0	0	0	0	0	0	0	0	
1153.185117	8	3	3	0	1	2	2	4199	287	42	69187	11	5	83	0	0	0	0	0	0	0	0	0	0	0	0	0	0	
1154.190233	8	3	3	0	1	2	2	4198	276	42	69248	11	5	83	0	0	0	0	0	0	0	0	0	0	0	0	0	0	
1155.176633	8	3	3	0	1	2	2	4199	266	42	69307	11	5	83	0	0	0	0	0	0	0	0	0	0	0	0	0	0	
1156.181767	8	3	3	0	1	2	2	4199	256	42	69367	11	5	83	0	0	0	0	0	0	0	0	0	0	0	0	0	0	
1157.188317	8	3	3	0	1	2	2	4199	248	42	69427	11	5	83	0	0	0	0	0	0	0	0	0	0	0	0	0	0	
1158.174717	8	3	3	0	1	2	2	4199	239	42	69487	11	5	83	0	0	0	0	0	0	0	0	0	0	0	0	0	0	
1159.179833	8	3	3	0	1	2	2	4199	229	41	69547	11	5	83	0	0	0	0	0	0	0	0	0	0	0	0	0	0	
1160.184967	8	3	3	0	1	2	2	4198	221	42	69607	11	5	83	0	0	0	0	0	0	0	0	0	0	0	0	0	0	
1161.190083	8	3	3	0	1	2	2	4199	212	42	69668	11	5	83	0	0	0	0	0	0	0	0	0	0	0	0	0	0	
1162.177917	8	3	3	0	1	2	2	4199	206	42	69727	11	5	83	0	0	0	0	0	0	0	0	0	0	0	0	0	0	
1163.183033	8	3	3	0	1	2	2	4198	198	42	69787	11	5	83	0	0	0	0	0	0	0	0	0	0	0	0	0	0	
1164.188167	8	3	3	0	1	2	2	4199	190	42	69847	11	5	83	0	0	0	0	0	0	0	0	0	0	0	0	0	0	
1165.174567	8	3	3	0	1	2	2	4198	183	42	69907	11	5	83	0	0	0	0	0	0	0	0	0	0	0	0	0	0	
1166.179683	8	3	3	0	1	2	2	4198	176	42	69967	11	5	83	0	0	0	0	0	0	0	0	0	0	0	0	0	0	
1167.184800	8	3	3	0	1	2	2	4199	170	42	70027	11	5	83	0	0	0	0	0	0	0	0	0	0	0	0	0	0	
1168.191367	8	3	3	0	1	2	2	4198	163	42	70088	11	5	83	0	0	0	0	0	0	0	0	0	0	0	0	0	0	
1169.179200	8	3	3	0	1	2	2	4198	157	42	70147	11	5	83	0	0	0	0	0	0	0	0	0	0	0	0	0	0	
1170.184317	8	3	3	0	1	2	2	4198	152	42	70207	11	5	83	0	0	0	0	0	0	0	0	0	0	0	0	0	0	
1171.189433	8	3	3	0	1	2	2	4199	146	42	70268	11	5	83	0	0	0	0	0	0	0	0	0	0	0	0	0	0	
1172.175833	8	3	3	0	1	2	2	4199	141	42	70327	11	5	83	0	0	0	0	0	0	0	0	0	0	0	0	0	0	
1173.182400	8	3	3	0	1	2	2	4198	136	42	70387	11	5	83	0	0	0	0	0	0	0	0	0	0	0	0	0	0	
1174.187517	8	3	3	0	1	2	2	4198	131	42	70447	11	5	83	0	0	0	0	0	0	0	0	0	0	0	0	0	0	
1175.192633	8	3	3	0	1	2	2	4199	125	42	70508	11	5	83	0	0	0	0	0	0	0	0	0	0	0	0	0	0	
1176.179033	8	3	3	0	1	2	2	4198	122	42	70567	11	5	83	0	0	0	0	0	0	0	0	0	0	0	0	0	0	
1177.184167	8	3	3	0	1	2	2	4198	117	42	70627	11	5	83	0	0	0	0	0	0	0	0	0	0	0	0	0	0	
1178.190717	8	3	3	0	1	2	2	4198	112	42	70687	11	5	83	0	0	0	0	0	0	0	0	0	0	0	0	0	0	
1179.177117	8	3	3	0	1	2	2	4198	108	42	70747	11	5	83	0	0	0	0	0	0	0	0	0	0	0	0	0	0	
1180.182233	8	3	3	0	1	2	2	4198	104	42	70807	11	5	83	0	0	0	0	0	0	0	0	0	0	0	0	0	0	
1181.187367	8	3	3	0	1	2	2	4198	100	42	70867	11	5	83	0	0	0	0	0	0	0	0	0	0	0	0	0	0	
1182.192483	8	3	3	0	1	2	2	4198	96	42	70928	11	5	83	0	0	0	0	0	0	0	0	0	0	0	0	0	0	
1183.178883	8	3	3	0	1	2	2	4198	93	42	70987	11	5	83	0	0	0	0	0	0	0	0	0	0	0	0	0	0	
1184.185433	8	3	3	0	1	2	2	4199	90	41	71047	11	5	83	0	0	0	0	0	0	0	0	0	0	0	0	0	0	
1185.190567	8	3	3	0	1	2	2	4198	86	42	71107	11	5	83	0	0	0	0	0	0	0	0	0	0	0	0	0	0	
1186.176967	8	3	3	0	1	2	2	4198	83	42	71167	11	5	83	0	0	0	0	0	0	0	0	0	0	0	0	0	0	
1187.182083	8	3	3	0	1	2	2	4198	81	42	71227	11	5	83	0	0	0	0	0	0	0	0	0	0	0	0	0	0	
1188.188633	8	3	3	0	1	2	2	4199	77	42	71287	11	5	83	0	0	0	0	0	0	0	0	0	0	0	0	0	0	
1189.193767	8	3	3	0	1	2	2	4198	74	42	71348	11	5	83	0	0	0	0	0	0	0	0	0	0	0	0	0	0	
1190.180167	8	3	3	0	1	2	2	4198	72	42	71407	11	5	83	0	0	0	0	0	0	0	0	0	0	0	0	0	0	
1191.185283	8	3	3	0	1	2	2	4198	69	42	71467	11	5	83	0	0	0	0	0	0	0	0	0	0	0	0	0	0	
1191.964317	8	6	3	0	2	7	1	3817	-1349	42	71514	11	6	0	0	0	0	0	0	0	0	0	0	0	0	0	0	0	
1192.191833	8	6	3	0	2	7	1	3793	-1349	42	71528	11	6	0	0	0	0	0	0	0	0	0	0	0	0	0	0	0	
1193.178233	8	6	3	0	2	7	1	3756	-1349	42	71587	11	6	1	0	0	0	0	0	0	0	0	0	0	0	0	0	0	
1194.184800	8	6	3	0	2	7	1	3726	-1348	42	71647	11	6	3	0	0	0	0	0	0	0	0	0	0	0	0	0	0	
1195.189917	8	6	3	0	2	7	1	3703	-1351	42	71707	11	6	5	0	0	0	0	0	0	0	0	0	0	0	0	0	0	
1196.195033	8	6	3	0	2	7	1	3679	-1350	42	71768	11	6	6	0	0	0	0	0	0	0	0	0	0	0	0	0	0	
1197.181433	8	6	3	0	2	7	1	3661	-1350	42	71827	11	6	8	0	0	0	0	0	0	0	0	0	0	0	0	0	0	
1198.186567	8	6	3	0	2	7	1	3644	-1349	42	71887	11	6	10	0	0	0	0	0	0	0	0	0	0	0	0	0	0	
1199.193117	8	6	3	0	2	7	1	3627	-1349	42	71948	11	6	11	0	0	0	0	0	0	0	0	0	0	0	0	0	0	
1200.179517	8	6	3	0	2	7	1	3609	-1351	42	72007	11	6	13	0	0	0	0	0	0	0	0	0	0	0	0	0	0	
1201.184633	8	6	3	0	2	7	1	3591	-1349	42	72067	11	6	15	0	0	0	0	0	0	0	0	0	0	0	0	0	0	
1202.189767	8	6	3	0	2	7	1	3576	-1348	42	72127	11	6	16	0	0	0	0	0	0	0	0	0	0	0	0	0	0	
1203.194883	8	6	3	0	2	7	1	3562	-1350	42	72188	11	6	18	0	0	0	0	0	0	0	0	0	0	0	0	0	0	
1204.181283	8	6	3	0	2	7	1	3548	-1349	41	72247	11	6	20	0	0	0	0	0	0	0	0	0	0	0	0	0	0	
1205.187833	8	6	3	0	2	7	1	3535	-1350	42	72307	11	6	21	0	0	0	0	0	0	0	0	0	0	0	0	0	0	
1206.192967	8	6	3	0	2	7	1	3521	-1351	42	72368	11	6	23	0	0	0	0	0	0	0	0	0	0	0	0	0	0	
1207.179367	8	6	3	0	2	7	1	3509	-1350	42	72427	11	6	25	0	0	0	0	0	0	0	0	0	0	0	0	0	0	
1208.184483	8	6	3	0	2	7	1	3498	-1350	42	72487	11	6	26	0	0	0	0	0	0	0	0	0	0	0	0	0	0	
1209.189600	8	6	3	0	2	7	1	3485	-1349	42	72547	11	6	28	0	0	0	0	0	0	0	0	0	0	0	0	0	0	
1210.196167	8	6	3	0	2	7	1	3474	-1348	42	72608	11	6	30	0	0	0	0	0	0	0	0	0	0	0	0	0	0	
1211.182567	8	6	3	0	2	7	1	3463	-1349	42	72667	11	6	31	0	0	0	0	0	0	0	0	0	0	0	0	0	0	
1212.187683	8	6	3	0	2	7	1	3451	-1350	41	72727	11	6	33	0	0	0	0	0	0	0	0	0	0	0	0	0	0	
1213.192800	8	6	3	0	2	7	1	3441	-1350	42	72787	11	6	35	0	0	0	0	0	0	0	0	0	0	0	0	0	0	
1214.179200	8	6	3	0	2	7	1	3430	-1349	42	72847	11	6	36	0	0	0	0	0	0	0	0	0	0	0	0	0	0	
1215.185767	8	6	3	0	2	7	1	3421	-1351	41	72907	11	6	38	0	0	0	0	0	0	0	0	0	0	0	0	0	0	
1216.190883	8	6	3	0	2	7	1	3412	-1350	42	72967	11	6	40	0	0	0	0	0	0	0	0	0	0	0	0	0	0	
1217.196000	8	6	3	0	2	7	1	3403	-1350	42	73028	11	6	41	0	0	0	0	0	0	0	0	0	0	0	0	0	0	
1218.182400	8	6	3	0	2	7	1	3394	-1349	41	73087	11	6	43	0	0	0	0	0	0	0	0	0	0	0	0	0	0	
1219.187517	8	6	3	0	2	7	1	3386	-1350	42	73147	11	6	45	0	0	0	0	0	0	0	0	0	0	0	0	0	0	
1220.194083	8	6	3	0	2	7	1	3378	-1349	42	73207	11	6	46	0	0	0	0	0	0	0	0	0	0	0	0	0	0	
1221.180483	8	6	3	0	2	7	1	3370	-1350	42	73267	11	6	48	0	0	0	0	0	0	0	0	0	0	0	0	0	0	
1222.185600	8	6	3	0	2	7	1	3361	-1349	42	73327	11	6	50	0	0	0	0	0	0	0	0	0	0	0	0	0	0	
1223.190717	8	6	3	0	2	7	1	3353	-1348	42	73387	11	6	51	0	0	0	0	0	0	0	0	0	0	0	0	0	0	
1224.195833	8	6	3	0	2	7	1	3345	-1351	42	73448	11	6	53	0	0	0	0	0	0	0	0	0	0	0	0	0	0	
1225.182233	8	6	3	0	2	7	1	3338	-1350	42	73507	11	6	55	0	0	0	0	0	0	0	0	0	0	0	0	0	0	
1226.188800	8	6	3	0	2	7	1	3331	-1350	42	73567	11	6	56	0	0	0	0	0	0	0	0	0	0	0	0	0	0	
1227.193917	8	6	3	0	2	7	1	3326	-1349	42	73627	11	6	58	0	0	0	0	0	0	0	0	0	0	0	0	0	0	
1228.180317	8	6	3	0	2	7	1	3318	-1349	42	73687	11	6	59	0	0	0	0	0	0	0	0	0	0	0	0	0	0	
1229.185433	8	6	3	0	2	7	1	3311	-1350	42	73747	11	6	61	0	0	0	0	0	0	0	0	0	0	0	0	0	0	
1230.190567	8	6	3	0	2	7	1	3305	-1349	42	73807	11	6	63	0	0	0	0	0	0	0	0	0	0	0	0	0	0	
1231.197117	8	6	3	0	2	7	1	3299	-1349	42	73868	11	6	65	0	0	0	0	0	0	0	0	0	0	0	0	0	0	
1232.183517	8	6	3	0	2	7	1	3292	-1349	42	73927	11	6	66	0	0	0	0	0	0	0	0	0	0	0	0	0	0	
1233.188633	8	6	3	0	2	7	1	3284	-1351	42	73987	11	6	68	0	0	0	0	0	0	0	0	0	0	0	0	0	0	
1234.193767	8	6	3	0	2	7	1	3276	-1347	42	74047	11	6	70	0	0	0	0	0	0	0	0	0	0	0	0	0	0	
1235.180167	8	6	3	0	2	7	1	3267	-1351	41	74107	11	6	71	0	0	0	0	0	0	0	0	0	0	0	0	0	0	
1236.186717	8	6	3	0	2	7	1	3256	-1349	42	74167	11	6	73	0	0	0	0	0	0	0	0	0	0	0	0	0	0	
1237.191833	8	6	3	0	2	7	1	3244	-1349	42	74227	11	6	74	0	0	0	0	0	0	0	0	0	0	0	0	0	0	
1238.196967	8	6	3	0	2	7	1	3228	-1350	42	74288	11	6	76	0	0	0	0	0	0	0	0	0	0	0	0	0	0	
1239.183367	8	6	3	0	2	7	1	3210	-1348	42	74347	11	6	78	0	0	0	0	0	0	0	0	0	0	0	0	0	0	
1240.188483	8	6	3	0	2	7	1	3186	-1349	42	74407	11	6	79	0	0	0	0	0	0	0	0	0	0	0	0	0	0	
1241.195033	8	6	3	0	2	7	1	3153	-1350	42	74467	11	6	81	0	0	0	0	0	0	0	0	0	0	0	0	0	0	
1242.181433	8	6	3	0	2	7	1	3102	-1350	42	74527	11	6	83	0	0	0	0	0	0	0	0	0	0	0	0	0	0	
1243.186567	8	6	3	0	2	7	1	3004	-1351	42	74587	11	6	84	0	0	0	0	0	0	0	0	0	0	0	0	0	0	
1244.191683	8	6	3	0	2	7	1	2787	-1350	42	74647	11	6	86	0	0	0	0	0	0	0	0	0	0	0	0	0	0	
1244.462400	8	15	3	0	1	31	2	3209	515	42	74664	13	6	87	0	0	0	0	0	0	0	0	0	0	0	0	0	0	
1244.482567	8	3	3	0	1	2	2	3282	678	42	74665	13	6	87	0	0	0	0	0	0	0	0	0	0	0	0	0	0	
1245.180967	8	3	3	0	1	2	2	3524	675	42	74707	13	6	87	0	0	0	0	0	0	0	0	0	0	0	0	0	0	
1246.187517	8	3	3	0	1	2	2	3650	675	42	74767	13	6	87	0	0	0	0	0	0	0	0	0	0	0	0	0	0	
1247.192633	8	3	3	0	1	2	2	3726	676	42	74827	13	6	87	0	0	0	0	0	0	0	0	0	0	0	0	0	0	
1248.197767	8	3	3	0	1	2	2	3780	676	42	74888	13	6	87	0	0	0	0	0	0	0	0	0	0	0	0	0	0	
1249.184167	8	3	3	0	1	2	2	3820	676	42	74947	13	6	87	0	0	0	0	0	0	0	0	0	0	0	0	0	0	
1250.190717	8	3	3	0	1	2	2	3849	676	42	75007	13	6	87	0	0	0	0	0	0	0	0	0	0	0	0	0	0	
1251.195833	8	3	3	0	1	2	2	3863	676	42	75067	13	6	87	0	0	0	0	0	0	0	0	0	0	0	0	0	0	
1252.182233	8	3	3	0	1	2	2	3871	674	42	75127	13	6	87	0	0	0	0	0	0	0	0	0	0	0	0	0	0	
1253.187367	8	3	3	0	1	2	2	3877	674	42	75187	13	6	87	0	0	0	0	0	0	0	0	0	0	0	0	0	0	
1254.192483	8	3	3	0	1	2	2	3882	673	42	75247	13	6	87	0	0	0	0	0	0	0	0	0	0	0	0	0	0	
1255.199033	8	3	3	0	1	2	2	3888	673	42	75308	13	6	87	0	0	0	0	0	0	0	0	0	0	0	0	0	0	
1256.185433	8	3	3	0	1	2	2	3893	676	42	75367	13	6	87	0	0	0	0	0	0	0	0	0	0	0	0	0	0	
1257.190567	8	3	3	0	1	2	2	3898	674	42	75427	13	6	87	0	0	0	0	0	0	0	0	0	0	0	0	0	0	
1258.195683	8	3	3	0	1	2	2	3904	675	42	75487	13	6	87	0	0	0	0	0	0	0	0	0	0	0	0	0	0	
1259.182083	8	3	3	0	1	2	2	3909	675	42	75547	13	6	87	0	0	0	0	0	0	0	0	0	0	0	0	0	0	
1260.187200	8	3	3	0	1	2	2	3915	674	42	75607	13	6	87	0	0	0	0	0	0	0	0	0	0	0	0	0	0	
1261.193767	8	3	3	0	1	2	2	3921	675	42	75667	13	6	87	0	0	0	0	0	0	0	0	0	0	0	0	0	0	
1262.198883	8	3	3	0	1	2	2	3926	673	42	75728	13	6	87	0	0	0	0	0	0	0	0	0	0	0	0	0	0	
1263.185283	8	3	3	0	1	2	2	3933	676	42	75787	13	6	87	0	0	0	0	0	0	0	0	0	0	0	0	0	0	
1264.190400	8	3	3	0	1	2	2	3939	675	42	75847	13	6	87	0	0	0	0	0	0	0	0	0	0	0	0	0	0	
1265.195517	8	3	3	0	1	2	2	3945	675	42	75907	13	6	87	0	0	0	0	0	0	0	0	0	0	0	0	0	0	
1266.183367	8	3	3	0	1	2	2	3950	674	42	75967	13	6	87	0	0	0	0	0	0	0	0	0	0	0	0	0	0	
1267.188483	8	3	3	0	1	2	2	3955	674	42	76027	13	6	87	0	0	0	0	0	0	0	0	0	0	0	0	0	0	
1268.193600	8	3	3	0	1	2	2	3960	675	42	76087	13	6	87	0	0	0	0	0	0	0	0	0	0	0	0	0	0	
1269.198717	8	3	3	0	1	2	2	3964	674	42	76148	13	6	87	0	0	0	0	0	0	0	0	0	0	0	0	0	0	
1270.185117	8	3	3	0	1	2	2	3968	675	42	76207	13	6	87	0	0	0	0	0	0	0	0	0	0	0	0	0	0	
1271.190233	8	3	3	0	1	2	2	3972	675	42	76267	13	6	87	0	0	0	0	0	0	0	0	0	0	0	0	0	0	
1272.196800	8	3	3	0	1	2	2	3975	675	42	76327	13	6	87	0	0	0	0	0	0	0	0	0	0	0	0	0	0	
1273.201917	8	3	3	0	1	2	2	3979	675	42	76388	13	6	87	0	0	0	0	0	0	0	0	0	0	0	0	0	0	
1274.188317	8	3	3	0	1	2	2	3982	674	42	76447	13	6	87	0	0	0	0	0	0	0	0	0	0	0	0	0	0	
1275.193433	8	3	3	0	1	2	2	3985	674	42	76507	13	6	87	0	0	0	0	0	0	0	0	0	0	0	0	0	0	
1276.200000	8	3	3	0	1	2	2	3988	674	42	76568	13	6	87	0	0	0	0	0	0	0	0	0	0	0	0	0	0	
1277.186400	8	3	3	0	1	2	2	3991	674	42	76627	13	6	87	0	0	0	0	0	0	0	0	0	0	0	0	0	0	
1278.191517	8	3	3	0	1	2	2	3994	674	42	76687	13	6	87	0	0	0	0	0	0	0	0	0	0	0	0	0	0	
1279.196633	8	3	3	0	1	2	2	3997	674	42	76747	13	6	87	0	0	0	0	0	0	0	0	0	0	0	0	0	0	
1280.201767	8	3	3	0	1	2	2	4000	674	42	76808	13	6	87	0	0	0	0	0	0	0	0	0	0	0	0	0	0	
1281.188167	8	3	3	0	1	2	2	4003	674	42	76867	13	6	87	0	0	0	0	0	0	0	0	0	0	0	0	0	0	
1282.194717	8	3	3	0	1	2	2	4007	674	42	76927	13	6	87	0	0	0	0	0	0	0	0	0	0	0	0	0	0	
1283.199833	8	3	3	0	1	2	2	4010	674	42	76988	13	6	87	0	0	0	0	0	0	0	0	0	0	0	0	0	0	
1284.186233	8	3	3	0	1	2	2	4013	675	42	77047	13	6	87	0	0	0	0	0	0	0	0	0	0	0	0	0	0	
1285.191367	8	3	3	0	1	2	2	4016	674	42	77107	13	6	87	0	0	0	0	0	0	0	0	0	0	0	0	0	0	
1286.196483	8	3	3	0	1	2	2	4019	674	42	77167	13	6	87	0	0	0	0	0	0	0	0	0	0	0	0	0	0	
1287.203033	8	3	3	0	1	2	2	4023	673	42	77228	13	6	87	0	0	0	0	0	0	0	0	0	0	0	0	0	0	
1288.189433	8	3	3	0	1	2	2	4027	675	42	77287	13	6	87	0	0	0	0	0	0	0	0	0	0	0	0	0	0	
1289.194567	8	3	3	0	1	2	2	4030	674	42	77347	13	6	87	0	0	0	0	0	0	0	0	0	0	0	0	0	0	
1290.199683	8	3	3	0	1	2	2	4034	673	42	77408	13	6	87	0	0	0	0	0	0	0	0	0	0	0	0	0	0	
1291.186083	8	3	3	0	1	2	2	4038	674	42	77467	13	6	87	0	0	0	0	0	0	0	0	0	0	0	0	0	0	
1292.192633	8	3	3	0	1	2	2	4041	674	42	77527	13	6	87	0	0	0	0	0	0	0	0	0	0	0	0	0	0	
1293.197767	8	3	3	0	1	2	2	4045	674	42	77587	13	6	87	0	0	0	0	0	0	0	0	0	0	0	0	0	0	
1294.202883	8	3	3	0	1	2	2	4049	674	42	77648	13	6	87	0	0	0	0	0	0	0	0	0	0	0	0	0	0	
1295.189283	8	3	3	0	1	2	2	4053	675	42	77707	13	6	87	0	0	0	0	0	0	0	0	0	0	0	0	0	0	
1296.194400	8	3	3	0	1	2	2	4057	675	42	77767	13	6	87	0	0	0	0	0	0	0	0	0	0	0	0	0	0	
1297.199517	8	3	3	0	1	2	2	4061	675	42	77828	13	6	87	0	0	0	0	0	0	0	0	0	0	0	0	0	0	
1298.187367	8	3	3	0	1	2	2	4065	675	42	77887	13	6	87	0	0	0	0	0	0	0	0	0	0	0	0	0	0	
1299.192483	8	3	3	0	1	2	2	4069	675	42	77947	13	6	87	0	0	0	0	0	0	0	0	0	0	0	0	0	0	
1300.197600	8	3	3	0	1	2	2	4074	675	42	78007	13	6	87	0	0	0	0	0	0	0	0	0	0	0	0	0	0	
1301.202717	8	3	3	0	1	2	2	4078	676	42	78068	13	6	87	0	0	0	0	0	0	0	0	0	0	0	0	0	0	
1302.189117	8	3	3	0	1	2	2	4083	674	42	78127	13	6	87	0	0	0	0	0	0	0	0	0	0	0	0	0	0	
1303.194233	8	3	3	0	1	2	2	4087	673	42	78187	13	6	87	0	0	0	0	0	0	0	0	0	0	0	0	0	0	
1304.200800	8	3	3	0	1	2	2	4092	674	42	78248	13	6	87	0	0	0	0	0	0	0	0	0	0	0	0	0	0	
1305.187200	8	3	3	0	1	2	2	4097	674	42	78307	13	6	87	0	0	0	0	0	0	0	0	0	0	0	0	0	0	
1306.192317	8	3	3	0	1	2	2	4102	674	42	78367	13	6	87	0	0	0	0	0	0	0	0	0	0	0	0	0	0	
1307.198883	8	3	3	0	1	2	2	4107	675	42	78427	13	6	87	0	0	0	0	0	0	0	0	0	0	0	0	0	0	
1308.204000	8	3	3	0	1	2	2	4112	674	42	78488	13	6	87	0	0	0	0	0	0	0	0	0	0	0	0	0	0	
1309.190400	8	3	3	0	1	2	2	4116	669	42	78547	13	6	87	0	0	0	0	0	0	0	0	0	0	0	0	0	0	
1310.195517	8	3	3	0	1	2	2	4120	665	42	78607	13	6	87	0	0	0	0	0	0	0	0	0	0	0	0	0	0	
1311.200633	8	3	3	0	1	2	2	4125	665	42	78668	13	6	87	0	0	0	0	0	0	0	0	0	0	0	0	0	0	
1312.187033	8	3	3	0	1	2	2	4129	663	42	78727	13	6	87	0	0	0	0	0	0	0	0	0	0	0	0	0	0	
1313.192167	8	3	3	0	1	2	2	4134	662	42	78787	13	6	87	0	0	0	0	0	0	0	0	0	0	0	0	0	0	
1314.198717	8	3	3	0	1	2	2	4140	661	42	78847	13	6	87	0	0	0	0	0	0	0	0	0	0	0	0	0	0	
1315.203833	8	3	3	0	1	2	2	4145	659	42	78908	13	6	87	0	0	0	0	0	0	0	0	0	0	0	0	0	0	
1316.191683	8	3	3	0	1	2	2	4151	660	42	78967	13	6	87	0	0	0	0	0	0	0	0	0	0	0	0	0	0	
1317.198233	8	3	3	0	1	2	2	4156	660	42	79027	13	6	87	0	0	0	0	0	0	0	0	0	0	0	0	0	0	
1318.203367	8	3	3	0	1	2	2	4162	658	42	79088	13	6	87	0	0	0	0	0	0	0	0	0	0	0	0	0	0	
1319.189767	8	3	3	0	1	2	2	4167	657	42	79147	13	6	87	0	0	0	0	0	0	0	0	0	0	0	0	0	0	
1320.194883	8	3	3	0	1	2	2	4174	658	42	79207	13	6	87	0	0	0	0	0	0	0	0	0	0	0	0	0	0	
1321.200000	8	3	3	0	1	2	2	4179	655	42	79267	13	6	87	0	0	0	0	0	0	0	0	0	0	0	0	0	0	
1322.187833	8	3	3	0	1	2	2	4185	654	42	79327	13	6	87	0	0	0	0	0	0	0	0	0	0	0	0	0	0	
1323.192967	8	3	3	0	1	2	2	4191	654	42	79387	13	6	87	0	0	0	0	0	0	0	0	0	0	0	0	0	0	
1324.198083	8	3	3	0	1	2	2	4197	653	42	79447	13	6	87	0	0	0	0	0	0	0	0	0	0	0	0	0	0	
1325.203200	8	3	3	0	1	2	2	4198	636	42	79508	13	6	87	0	0	0	0	0	0	0	0	0	0	0	0	0	0	
1326.189600	8	3	3	0	1	2	2	4198	615	42	79567	13	6	87	0	0	0	0	0	0	0	0	0	0	0	0	0	0	
1327.194717	8	3	3	0	1	2	2	4199	595	42	79627	13	6	87	0	0	0	0	0	0	0	0	0	0	0	0	0	0	
1328.201283	8	3	3	0	1	2	2	4198	575	42	79687	13	6	87	0	0	0	0	0	0	0	0	0	0	0	0	0	0	
1329.206400	8	3	3	0	1	2	2	4199	556	42	79748	13	6	87	0	0	0	0	0	0	0	0	0	0	0	0	0	0	
1330.192800	8	3	3	0	1	2	2	4199	538	42	79807	13	6	87	0	0	0	0	0	0	0	0	0	0	0	0	0	0	
1331.197917	8	3	3	0	1	2	2	4198	518	42	79867	13	6	87	0	0	0	0	0	0	0	0	0	0	0	0	0	0	
1332.203033	8	3	3	0	1	2	2	4198	502	42	79928	13	6	87	0	0	0	0	0	0	0	0	0	0	0	0	0	0	
1333.189433	8	3	3	0	1	2	2	4199	484	42	79987	13	6	87	0	0	0	0	0	0	0	0	0	0	0	0	0	0	
1334.196000	8	3	3	0	1	2	2	4199	468	42	80047	13	6	87	0	0	0	0	0	0	0	0	0	0	0	0	0	0	
1335.201117	8	3	3	0	1	2	2	4199	452	42	80107	13	6	87	0	0	0	0	0	0	0	0	0	0	0	0	0	0	
1336.206233	8	3	3	0	1	2	2	4198	436	42	80168	13	6	87	0	0	0	0	0	0	0	0	0	0	0	0	0	0	
1337.192633	8	3	3	0	1	2	2	4199	421	42	80227	13	6	87	0	0	0	0	0	0	0	0	0	0	0	0	0	0	
1338.197767	8	3	3	0	1	2	2	4199	407	42	80287	13	6	87	0	0	0	0	0	0	0	0	0	0	0	0	0	0	
1339.204317	8	3	3	0	1	2	2	4199	392	42	80348	13	6	87	0	0	0	0	0	0	0	0	0	0	0	0	0	0	
1340.190717	8	3	3	0	1	2	2	4198	379	42	80407	13	6	87	0	0	0	0	0	0	0	0	0	0	0	0	0	0	
1341.195833	8	3	3	0	1	2	2	4199	365	42	80467	13	6	87	0	0	0	0	0	0	0	0	0	0	0	0	0	0	
1342.200967	8	3	3	0	1	2	2	4198	352	42	80527	13	6	87	0	0	0	0	0	0	0	0	0	0	0	0	0	0	
1343.207517	8	3	3	0	1	2	2	4199	340	42	80588	13	6	87	0	0	0	0	0	0	0	0	0	0	0	0	0	0	
1344.193917	8	3	3	0	1	2	2	4198	328	42	80647	13	6	87	0	0	0	0	0	0	0	0	0	0	0	0	0	0	
1345.199033	8	3	3	0	1	2	2	4198	317	42	80707	13	6	87	0	0	0	0	0	0	0	0	0	0	0	0	0	0	
1346.204167	8	3	3	0	1	2	2	4198	306	42	80768	13	6	87	0	0	0	0	0	0	0	0	0	0	0	0	0	0	
1347.190567	8	3	3	0	1	2	2	4198	294	42	80827	13	6	87	0	0	0	0	0	0	0	0	0	0	0	0	0	0	
1348.195683	8	3	3	0	1	2	2	4199	284	42	80887	13	6	87	0	0	0	0	0	0	0	0	0	0	0	0	0	0	
1349.202233	8	3	3	0	1	2	2	4199	275	42	80947	13	6	87	0	0	0	0	0	0	0	0	0	0	0	0	0	0	
1350.207367	8	3	3	0	1	2	2	4199	264	42	81008	13	6	87	0	0	0	0	0	0	0	0	0	0	0	0	0	0	
1351.193767	8	3	3	0	1	2	2	4199	256	42	81067	13	6	87	0	0	0	0	0	0	0	0	0	0	0	0	0	0	
1352.198883	8	3	3	0	1	2	2	4198	246	42	81127	13	6	87	0	0	0	0	0	0	0	0	0	0	0	0	0	0	
1353.204000	8	3	3	0	1	2	2	4199	238	42	81188	13	6	87	0	0	0	0	0	0	0	0	0	0	0	0	0	0	
1354.190400	8	3	3	0	1	2	2	4199	230	42	81247	13	6	87	0	0	0	0	0	0	0	0	0	0	0	0	0	0	
1355.196967	8	3	3	0	1	2	2	4199	222	42	81307	13	6	87	0	0	0	0	0	0	0	0	0	0	0	0	0	0	
1356.202083	8	3	3	0	1	2	2	4199	213	42	81367	13	6	87	0	0	0	0	0	0	0	0	0	0	0	0	0	0	
1357.207200	8	3	3	0	1	2	2	4198	206	42	81428	13	6	87	0	0	0	0	0	0	0	0	0	0	0	0	0	0	
1358.193600	8	3	3	0	1	2	2	4199	198	42	81487	13	6	87	0	0	0	0	0	0	0	0	0	0	0	0	0	0	
1359.198717	8	3	3	0	1	2	2	4198	191	42	81547	13	6	87	0	0	0	0	0	0	0	0	0	0	0	0	0	0	
1360.205283	8	3	3	0	1	2	2	4199	185	42	81608	13	6	87	0	0	0	0	0	0	0	0	0	0	0	0	0	0	
1361.191683	8	3	3	0	1	2	2	4198	177	42	81667	13	6	87	0	0	0	0	0	0	0	0	0	0	0	0	0	0	
1362.196800	8	3	3	0	1	2	2	4199	172	42	81727	13	6	87	0	0	0	0	0	0	0	0	0	0	0	0	0	0	
1363.201917	8	3	3	0	1	2	2	4199	165	42	81787	13	6	87	0	0	0	0	0	0	0	0	0	0	0	0	0	0	
1364.207033	8	3	3	0	1	2	2	4198	159	42	81848	13	6	87	0	0	0	0	0	0	0	0	0	0	0	0	0	0	
1365.194883	8	3	3	0	1	2	2	4199	154	42	81907	13	6	87	0	0	0	0	0	0	0	0	0	0	0	0	0	0	
1366.200000	8	3	3	0	1	2	2	4198	148	42	81967	13	6	87	0	0	0	0	0	0	0	0	0	0	0	0	0	0	
1367.205117	8	3	3	0	1	2	2	4198	143	42	82027	13	6	87	0	0	0	0	0	0	0	0	0	0	0	0	0	0	
1368.191517	8	3	3	0	1	2	2	4199	137	42	82087	13	6	87	0	0	0	0	0	0	0	0	0	0	0	0	0	0	
1369.196633	8	3	3	0	1	2	2	4198	133	42	82147	13	6	87	0	0	0	0	0	0	0	0	0	0	0	0	0	0	
1370.201767	8	3	3	0	1	2	2	4199	128	42	82207	13	6	87	0	0	0	0	0	0	0	0	0	0	0	0	0	0	
1371.208317	8	3	3	0	1	2	2	4199	124	42	82268	13	6	87	0	0	0	0	0	0	0	0	0	0	0	0	0	0	
1372.194717	8	3	3	0	1	2	2	4198	119	42	82327	13	6	87	0	0	0	0	0	0	0	0	0	0	0	0	0	0	
1373.199833	8	3	3	0	1	2	2	4198	115	42	82387	13	6	87	0	0	0	0	0	0	0	0	0	0	0	0	0	0	
1374.204967	8	3	3	0	1	2	2	4199	112	42	82447	13	6	87	0	0	0	0	0	0	0	0	0	0	0	0	0	0	
1375.191367	8	3	3	0	1	2	2	4198	107	42	82507	13	6	87	0	0	0	0	0	0	0	0	0	0	0	0	0	0	
1376.196483	8	3	3	0	1	2	2	4198	103	42	82567	13	6	87	0	0	0	0	0	0	0	0	0	0	0	0	0	0	
1377.203033	8	3	3	0	1	2	2	4199	100	42	82627	13	6	87	0	0	0	0	0	0	0	0	0	0	0	0	0	0	
1378.208167	8	3	3	0	1	2	2	4199	97	42	82688	13	6	87	0	0	0	0	0	0	0	0	0	0	0	0	0	0	
1379.194567	8	3	3	0	1	2	2	4198	93	42	82747	13	6	87	0	0	0	0	0	0	0	0	0	0	0	0	0	0	
1380.199683	8	3	3	0	1	2	2	4198	89	42	82807	13	6	87	0	0	0	0	0	0	0	0	0	0	0	0	0	0	
1381.206233	8	3	3	0	1	2	2	4198	86	42	82867	13	6	87	0	0	0	0	0	0	0	0	0	0	0	0	0	0	
1382.192633	8	3	3	0	1	2	2	4199	83	42	82927	13	6	87	0	0	0	0	0	0	0	0	0	0	0	0	0	0	
1383.197767	8	3	3	0	1	2	2	4198	80	42	82987	13	6	87	0	0	0	0	0	0	0	0	0	0	0	0	0	0	
1384.202883	8	3	3	0	1	2	2	4198	78	42	83047	13	6	87	0	0	0	0	0	0	0	0	0	0	0	0	0	0	
1385.208000	8	3	3	0	1	2	2	4198	75	42	83108	13	6	87	0	0	0	0	0	0	0	0	0	0	0	0	0	0	
1386.194400	8	3	3	0	1	2	2	4199	73	42	83167	13	6	87	0	0	0	0	0	0	0	0	0	0	0	0	0	0	
1387.200967	8	3	3	0	1	2	2	4199	70	42	83227	13	6	87	0	0	0	0	0	0	0	0	0	0	0	0	0	0	
1388.206083	8	3	3	0	1	2	2	4199	68	42	83287	13	6	87	0	0	0	0	0	0	0	0	0	0	0	0	0	0	
1388.570400	8	6	3	0	2	7	1	3797	-1349	42	83309	13	7	0	0	0	0	0	0	0	0	0	0	0	0	0	0	0	
1389.193917	8	6	3	0	2	7	1	3757	-1349	42	83347	13	7	0	0	0	0	0	0	0	0	0	0	0	0	0	0	0	
1390.199033	8	6	3	0	2	7	1	3727	-1349	42	83407	13	7	2	0	0	0	0	0	0	0	0	0	0	0	0	0	0	
1391.204167	8	6	3	0	2	7	1	3712	-1350	42	83467	13	7	4	0	0	0	0	0	0	0	0	0	0	0	0	0	0	
1392.210717	8	6	3	0	2	7	1	3694	-1350	42	83528	13	7	6	0	0	0	0	0	0	0	0	0	0	0	0	0	0	
1393.197117	8	6	3	0	2	7	1	3673	-1349	42	83587	13	7	7	0	0	0	0	0	0	0	0	0	0	0	0	0	0	
1394.202233	8	6	3	0	2	7	1	3650	-1349	42	83647	13	7	9	0	0	0	0	0	0	0	0	0	0	0	0	0	0	
1395.207367	8	6	3	0	2	7	1	3632	-1349	42	83708	13	7	11	0	0	0	0	0	0	0	0	0	0	0	0	0	0	
1396.193767	8	6	3	0	2	7	1	3615	-1350	42	83767	13	7	12	0	0	0	0	0	0	0	0	0	0	0	0	0	0	
1397.200317	8	6	3	0	2	7	1	3598	-1347	42	83827	13	7	14	0	0	0	0	0	0	0	0	0	0	0	0	0	0	
1398.205433	8	6	3	0	2	7	1	3579	-1349	42	83887	13	7	15	0	0	0	0	0	0	0	0	0	0	0	0	0	0	
1399.210567	8	6	3	0	2	7	1	3562	-1349	42	83948	13	7	17	0	0	0	0	0	0	0	0	0	0	0	0	0	0	
1400.196967	8	6	3	0	2	7	1	3546	-1349	42	84007	13	7	19	0	0	0	0	0	0	0	0	0	0	0	0	0	0	
1401.202083	8	6	3	0	2	7	1	3531	-1349	42	84067	13	7	20	0	0	0	0	0	0	0	0	0	0	0	0	0	0	
1402.208633	8	6	3	0	2	7	1	3518	-1349	42	84127	13	7	22	0	0	0	0	0	0	0	0	0	0	0	0	0	0	
1403.195033	8	6	3	0	2	7	1	3505	-1351	42	84187	13	7	24	0	0	0	0	0	0	0	0	0	0	0	0	0	0	
1404.200167	8	6	3	0	2	7	1	3492	-1350	42	84247	13	7	25	0	0	0	0	0	0	0	0	0	0	0	0	0	0	
1405.205283	8	6	3	0	2	7	1	3479	-1350	42	84307	13	7	27	0	0	0	0	0	0	0	0	0	0	0	0	0	0	
1406.210400	8	6	3	0	2	7	1	3467	-1351	42	84368	13	7	29	0	0	0	0	0	0	0	0	0	0	0	0	0	0	
1407.196800	8	6	3	0	2	7	1	3454	-1349	42	84427	13	7	30	0	0	0	0	0	0	0	0	0	0	0	0	0	0	
1408.201917	8	6	3	0	2	7	1	3441	-1348	42	84487	13	7	32	0	0	0	0	0	0	0	0	0	0	0	0	0	0	
1409.208483	8	6	3	0	2	7	1	3431	-1350	42	84547	13	7	34	0	0	0	0	0	0	0	0	0	0	0	0	0	0	
1410.194883	8	6	3	0	2	7	1	3420	-1350	42	84607	13	7	35	0	0	0	0	0	0	0	0	0	0	0	0	0	0	
1411.200000	8	6	3	0	2	7	1	3409	-1350	42	84667	13	7	37	0	0	0	0	0	0	0	0	0	0	0	0	0	0	
1412.205117	8	6	3	0	2	7	1	3399	-1350	42	84727	13	7	39	0	0	0	0	0	0	0	0	0	0	0	0	0	0	
1413.211683	8	6	3	0	2	7	1	3389	-1350	42	84788	13	7	40	0	0	0	0	0	0	0	0	0	0	0	0	0	0	
1414.198083	8	6	3	0	2	7	1	3380	-1350	42	84847	13	7	42	0	0	0	0	0	0	0	0	0	0	0	0	0	0	
1415.203200	8	6	3	0	2	7	1	3371	-1350	42	84907	13	7	44	0	0	0	0	0	0	0	0	0	0	0	0	0	0	
1416.208317	8	6	3	0	2	7	1	3362	-1349	42	84967	13	7	45	0	0	0	0	0	0	0	0	0	0	0	0	0	0	
1417.194717	8	6	3	0	2	7	1	3353	-1350	42	85027	13	7	47	0	0	0	0	0	0	0	0	0	0	0	0	0	0	
1418.199833	8	6	3	0	2	7	1	3346	-1349	42	85087	13	7	49	0	0	0	0	0	0	0	0	0	0	0	0	0	0	
1419.206400	8	6	3	0	2	7	1	3338	-1348	42	85147	13	7	50	0	0	0	0	0	0	0	0	0	0	0	0	0	0	
1420.211517	8	6	3	0	2	7	1	3329	-1349	42	85208	13	7	52	0	0	0	0	0	0	0	0	0	0	0	0	0	0	
1421.197917	8	6	3	0	2	7	1	3322	-1351	42	85267	13	7	53	0	0	0	0	0	0	0	0	0	0	0	0	0	0	
1422.203033	8	6	3	0	2	7	1	3315	-1351	42	85327	13	7	55	0	0	0	0	0	0	0	0	0	0	0	0	0	0	
1423.208167	8	6	3	0	2	7	1	3307	-1349	42	85387	13	7	57	0	0	0	0	0	0	0	0	0	0	0	0	0	0	
1424.196000	8	6	3	0	2	7	1	3301	-1349	42	85447	13	7	58	0	0	0	0	0	0	0	0	0	0	0	0	0	0	
1425.201117	8	6	3	0	2	7	1	3294	-1350	42	85507	13	7	60	0	0	0	0	0	0	0	0	0	0	0	0	0	0	
1426.206233	8	6	3	0	2	7	1	3287	-1351	42	85567	13	7	62	0	0	0	0	0	0	0	0	0	0	0	0	0	0	
1427.211367	8	6	3	0	2	7	1	3280	-1351	42	85628	13	7	63	0	0	0	0	0	0	0	0	0	0	0	0	0	0	
1428.197767	8	6	3	0	2	7	1	3272	-1350	42	85687	13	7	65	0	0	0	0	0	0	0	0	0	0	0	0	0	0	
1429.202883	8	6	3	0	2	7	1	3265	-1350	42	85747	13	7	67	0	0	0	0	0	0	0	0	0	0	0	0	0	0	
1430.209433	8	6	3	0	2	7	1	3257	-1351	42	85807	13	7	68	0	0	0	0	0	0	0	0	0	0	0	0	0	0	
1431.198717	8	6	3	0	2	7	1	3248	-1349	42	85867	13	7	70	0	0	0	0	0	0	0	0	0	0	0	0	0	0	
1432.203833	8	6	3	0	2	7	1	3237	-1349	42	85927	13	7	72	0	0	0	0	0	0	0	0	0	0	0	0	0	0	
1433.210400	8	6	3	0	2	7	1	3225	-1352	42	85987	13	7	73	0	0	0	0	0	0	0	0	0	0	0	0	0	0	
1434.196800	8	6	3	0	2	7	1	3212	-1349	42	86047	13	7	75	0	0	0	0	0	0	0	0	0	0	0	0	0	0	
1435.201917	8	6	3	0	2	7	1	3194	-1350	42	86107	13	7	77	0	0	0	0	0	0	0	0	0	0	0	0	0	0	
1436.207033	8	6	3	0	2	7	1	3173	-1349	42	86167	13	7	78	0	0	0	0	0	0	0	0	0	0	0	0	0	0	
1437.212167	8	6	3	0	2	7	1	3146	-1349	42	86228	13	7	80	0	0	0	0	0	0	0	0	0	0	0	0	0	0	
1438.198567	8	6	3	0	2	7	1	3105	-1349	42	86287	13	7	82	0	0	0	0	0	0	0	0	0	0	0	0	0	0	
1439.205117	8	6	3	0	2	7	1	3034	-1349	42	86347	13	7	83	0	0	0	0	0	0	0	0	0	0	0	0	0	0	
1440.210233	8	6	3	0	2	7	1	2891	-1350	42	86407	13	7	85	0	0	0	0	0	0	0	0	0	0	0	0	0	0	
1440.914400	8	15	3	0	1	31	2	3185	301	42	86450	15	7	86	0	0	0	0	0	0	0	0	0	0	0	0	0	0	
1440.934567	8	3	3	0	1	2	2	3309	678	42	86451	15	7	86	0	0	0	0	0	0	0	0	0	0	0	0	0	0	
1441.199517	8	3	3	0	1	2	2	3441	674	42	86467	15	7	86	0	0	0	0	0	0	0	0	0	0	0	0	0	0	
1442.206083	8	3	3	0	1	2	2	3626	674	42	86527	15	7	86	0	0	0	0	0	0	0	0	0	0	0	0	0	0	
1443.211200	8	3	3	0	1	2	2	3719	676	42	86587	15	7	86	0	0	0	0	0	0	0	0	0	0	0	0	0	0	
1444.197600	8	3	3	0	1	2	2	3782	675	42	86647	15	7	86	0	0	0	0	0	0	0	0	0	0	0	0	0	0	
1445.202717	8	3	3	0	1	2	2	3828	676	42	86707	15	7	86	0	0	0	0	0	0	0	0	0	0	0	0	0	0	
1446.207833	8	3	3	0	1	2	2	3862	676	42	86767	15	7	86	0	0	0	0	0	0	0	0	0	0	0	0	0	0	
1447.212967	8	3	3	0	1	2	2	3880	674	42	86828	15	7	86	0	0	0	0	0	0	0	0	0	0	0	0	0	0	
1448.200800	8	3	3	0	1	2	2	3890	675	42	86887	15	7	86	0	0	0	0	0	0	0	0	0	0	0	0	0	0	
1449.205917	8	3	3	0	1	2	2	3897	675	42	86947	15	7	86	0	0	0	0	0	0	0	0	0	0	0	0	0	0	
1450.211033	8	3	3	0	1	2	2	3904	675	42	87007	15	7	86	0	0	0	0	0	0	0	0	0	0	0	0	0	0	
1451.197433	8	3	3	0	1	2	2	3909	674	42	87067	15	7	86	0	0	0	0	0	0	0	0	0	0	0	0	0	0	
1452.202567	8	3	3	0	1	2	2	3915	674	42	87127	15	7	86	0	0	0	0	0	0	0	0	0	0	0	0	0	0	
1453.209117	8	3	3	0	1	2	2	3920	675	42	87187	15	7	86	0	0	0	0	0	0	0	0	0	0	0	0	0	0	
1454.214233	8	3	3	0	1	2	2	3926	675	42	87248	15	7	86	0	0	0	0	0	0	0	0	0	0	0	0	0	0	
1455.200633	8	3	3	0	1	2	2	3931	673	42	87307	15	7	86	0	0	0	0	0	0	0	0	0	0	0	0	0	0	
1456.205767	8	3	3	0	1	2	2	3938	676	42	87367	15	7	86	0	0	0	0	0	0	0	0	0	0	0	0	0	0	
1457.210883	8	3	3	0	1	2	2	3944	675	42	87427	15	7	86	0	0	0	0	0	0	0	0	0	0	0	0	0	0	
1458.197283	8	3	3	0	1	2	2	3949	673	42	87487	15	7	86	0	0	0	0	0	0	0	0	0	0	0	0	0	0	
1459.203833	8	3	3	0	1	2	2	3956	674	42	87547	15	7	86	0	0	0	0	0	0	0	0	0	0	0	0	0	0	
1460.208967	8	3	3	0	1	2	2	3962	675	42	87607	15	7	86	0	0	0	0	0	0	0	0	0	0	0	0	0	0	
1461.214083	8	3	3	0	1	2	2	3968	673	42	87668	15	7	86	0	0	0	0	0	0	0	0	0	0	0	0	0	0	
1462.200483	8	3	3	0	1	2	2	3974	675	42	87727	15	7	86	0	0	0	0	0	0	0	0	0	0	0	0	0	0	
1463.205600	8	3	3	0	1	2	2	3979	675	42	87787	15	7	86	0	0	0	0	0	0	0	0	0	0	0	0	0	0	
1464.212167	8	3	3	0	1	2	2	3984	675	42	87847	15	7	86	0	0	0	0	0	0	0	0	0	0	0	0	0	0	
1465.198567	8	3	3	0	1	2	2	3989	676	42	87907	15	7	86	0	0	0	0	0	0	0	0	0	0	0	0	0	0	
1466.203683	8	3	3	0	1	2	2	3993	674	42	87967	15	7	86	0	0	0	0	0	0	0	0	0	0	0	0	0	0	
1467.208800	8	3	3	0	1	2	2	3997	675	42	88027	15	7	86	0	0	0	0	0	0	0	0	0	0	0	0	0	0	
1468.213917	8	3	3	0	1	2	2	4001	676	42	88088	15	7	86	0	0	0	0	0	0	0	0	0	0	0	0	0	0	
1469.201767	8	3	3	0	1	2	2	4004	674	42	88147	15	7	86	0	0	0	0	0	0	0	0	0	0	0	0	0	0	
1470.206883	8	3	3	0	1	2	2	4007	674	42	88207	15	7	86	0	0	0	0	0	0	0	0	0	0	0	0	0	0	
1471.212000	8	3	3	0	1	2	2	4010	673	42	88267	15	7	86	0	0	0	0	0	0	0	0	0	0	0	0	0	0	
1472.217117	8	3	3	0	1	2	2	4013	674	42	88328	15	7	86	0	0	0	0	0	0	0	0	0	0	0	0	0	0	
1473.203517	8	3	3	0	1	2	2	4016	674	42	88387	15	7	86	0	0	0	0	0	0	0	0	0	0	0	0	0	0	
1474.208633	8	3	3	0	1	2	2	4020	675	42	88447	15	7	86	0	0	0	0	0	0	0	0	0	0	0	0	0	0	
1475.215200	8	3	3	0	1	2	2	4023	674	42	88508	15	7	86	0	0	0	0	0	0	0	0	0	0	0	0	0	0	
1476.201600	8	3	3	0	1	2	2	4026	674	42	88567	15	7	86	0	0	0	0	0	0	0	0	0	0	0	0	0	0	
1477.206717	8	3	3	0	1	2	2	4029	674	42	88627	15	7	86	0	0	0	0	0	0	0	0	0	0	0	0	0	0	
1478.211833	8	3	3	0	1	2	2	4032	674	42	88687	15	7	86	0	0	0	0	0	0	0	0	0	0	0	0	0	0	
1479.216967	8	3	3	0	1	2	2	4035	674	42	88748	15	7	86	0	0	0	0	0	0	0	0	0	0	0	0	0	0	
1480.203367	8	3	3	0	1	2	2	4038	674	42	88807	15	7	86	0	0	0	0	0	0	0	0	0	0	0	0	0	0	
1481.209917	8	3	3	0	1	2	2	4042	675	42	88867	15	7	86	0	0	0	0	0	0	0	0	0	0	0	0	0	0	
1482.215033	8	3	3	0	1	2	2	4046	674	42	88928	15	7	86	0	0	0	0	0	0	0	0	0	0	0	0	0	0	
1483.201433	8	3	3	0	1	2	2	4049	674	42	88987	15	7	86	0	0	0	0	0	0	0	0	0	0	0	0	0	0	
1484.206567	8	3	3	0	1	2	2	4052	675	42	89047	15	7	86	0	0	0	0	0	0	0	0	0	0	0	0	0	0	
1485.213117	8	3	3	0	1	2	2	4056	675	42	89107	15	7	86	0	0	0	0	0	0	0	0	0	0	0	0	0	0	
1486.218233	8	3	3	0	1	2	2	4059	674	42	89168	15	7	86	0	0	0	0	0	0	0	0	0	0	0	0	0	0	
1487.204633	8	3	3	0	1	2	2	4063	674	42	89227	15	7	86	0	0	0	0	0	0	0	0	0	0	0	0	0	0	
1488.209767	8	3	3	0	1	2	2	4067	675	42	89287	15	7	86	0	0	0	0	0	0	0	0	0	0	0	0	0	0	
1489.214883	8	3	3	0	1	2	2	4071	675	42	89348	15	7	86	0	0	0	0	0	0	0	0	0	0	0	0	0	0	
1490.201283	8	3	3	0	1	2	2	4075	676	42	89407	15	7	86	0	0	0	0	0	0	0	0	0	0	0	0	0	0	
1491.207833	8	3	3	0	1	2	2	4078	674	42	89467	15	7	86	0	0	0	0	0	0	0	0	0	0	0	0	0	0	
1492.212967	8	3	3	0	1	2	2	4082	674	42	89527	15	7	86	0	0	0	0	0	0	0	0	0	0	0	0	0	0	
1493.218083	8	3	3	0	1	2	2	4087	674	42	89588	15	7	86	0	0	0	0	0	0	0	0	0	0	0	0	0	0	
1494.204483	8	3	3	0	1	2	2	4091	675	42	89647	15	7	86	0	0	0	0	0	0	0	0	0	0	0	0	0	0	
1495.211033	8	3	3	0	1	2	2	4095	674	42	89707	15	7	86	0	0	0	0	0	0	0	0	0	0	0	0	0	0	
1496.216167	8	3	3	0	1	2	2	4100	674	42	89768	15	7	86	0	0	0	0	0	0	0	0	0	0	0	0	0	0	
1497.202567	8	3	3	0	1	2	2	4104	673	42	89827	15	7	86	0	0	0	0	0	0	0	0	0	0	0	0	0	0	
1498.207683	8	3	3	0	1	2	2	4108	674	42	89887	15	7	86	0	0	0	0	0	0	0	0	0	0	0	0	0	0	
1499.212800	8	3	3	0	1	2	2	4114	676	42	89947	15	7	86	0	0	0	0	0	0	0	0	0	0	0	0	0	0	
1500.217917	8	3	3	0	1	2	2	4118	675	42	90008	15	7	86	0	0	0	0	0	0	0	0	0	0	0	0	0	0	
1501.205767	8	3	3	0	1	2	2	4119	664	42	90067	15	7	86	0	0	0	0	0	0	0	0	0	0	0	0	0	0	
1502.210883	8	3	3	0	1	2	2	4124	663	42	90127	15	7	86	0	0	0	0	0	0	0	0	0	0	0	0	0	0	
1503.216000	8	3	3	0	1	2	2	4128	662	42	90188	15	7	86	0	0	0	0	0	0	0	0	0	0	0	0	0	0	
1504.202400	8	3	3	0	1	2	2	4133	662	42	90247	15	7	86	0	0	0	0	0	0	0	0	0	0	0	0	0	0	
1505.207517	8	3	3	0	1	2	2	4138	661	42	90307	15	7	86	0	0	0	0	0	0	0	0	0	0	0	0	0	0	
1506.214083	8	3	3	0	1	2	2	4142	660	42	90367	15	7	86	0	0	0	0	0	0	0	0	0	0	0	0	0	0	
1507.219200	8	3	3	0	1	2	2	4148	660	42	90428	15	7	86	0	0	0	0	0	0	0	0	0	0	0	0	0	0	
1508.205600	8	3	3	0	1	2	2	4152	658	42	90487	15	7	86	0	0	0	0	0	0	0	0	0	0	0	0	0	0	
1509.210717	8	3	3	0	1	2	2	4157	656	42	90547	15	7	86	0	0	0	0	0	0	0	0	0	0	0	0	0	0	
1510.215833	8	3	3	0	1	2	2	4162	657	42	90607	15	7	86	0	0	0	0	0	0	0	0	0	0	0	0	0	0	
1511.202233	8	3	3	0	1	2	2	4168	656	42	90667	15	7	86	0	0	0	0	0	0	0	0	0	0	0	0	0	0	
1512.208800	8	3	3	0	1	2	2	4173	655	42	90727	15	7	86	0	0	0	0	0	0	0	0	0	0	0	0	0	0	
1513.213917	8	3	3	0	1	2	2	4178	653	42	90787	15	7	86	0	0	0	0	0	0	0	0	0	0	0	0	0	0	
1514.219033	8	3	3	0	1	2	2	4184	655	42	90848	15	7	86	0	0	0	0	0	0	0	0	0	0	0	0	0	0	
1515.205433	8	3	3	0	1	2	2	4189	653	42	90907	15	7	86	0	0	0	0	0	0	0	0	0	0	0	0	0	0	
1516.210567	8	3	3	0	1	2	2	4195	652	42	90967	15	7	86	0	0	0	0	0	0	0	0	0	0	0	0	0	0	
1517.215683	8	3	3	0	1	2	2	4199	645	42	91027	15	7	86	0	0	0	0	0	0	0	0	0	0	0	0	0	0	
1518.203517	8	3	3	0	1	2	2	4199	628	42	91087	15	7	86	0	0	0	0	0	0	0	0	0	0	0	0	0	0	
1519.208633	8	3	3	0	1	2	2	4198	610	42	91147	15	7	86	0	0	0	0	0	0	0	0	0	0	0	0	0	0	
1520.213767	8	3	3	0	1	2	2	4198	594	42	91207	15	7	86	0	0	0	0	0	0	0	0	0	0	0	0	0	0	
1521.218883	8	3	3	0	1	2	2	4198	577	42	91268	15	7	86	0	0	0	0	0	0	0	0	0	0	0	0	0	0	
1522.205283	8	3	3	0	1	2	2	4198	561	42	91327	15	7	86	0	0	0	0	0	0	0	0	0	0	0	0	0	0	
1523.210400	8	3	3	0	1	2	2	4199	543	42	91387	15	7	86	0	0	0	0	0	0	0	0	0	0	0	0	0	0	
1524.216967	8	3	3	0	1	2	2	4198	527	42	91447	15	7	86	0	0	0	0	0	0	0	0	0	0	0	0	0	0	
1525.203367	8	3	3	0	1	2	2	4199	511	42	91507	15	7	86	0	0	0	0	0	0	0	0	0	0	0	0	0	0	
1526.208483	8	3	3	0	1	2	2	4199	497	42	91567	15	7	86	0	0	0	0	0	0	0	0	0	0	0	0	0	0	
1527.213600	8	3	3	0	1	2	2	4198	482	42	91627	15	7	86	0	0	0	0	0	0	0	0	0	0	0	0	0	0	
1528.218717	8	3	3	0	1	2	2	4198	468	42	91688	15	7	86	0	0	0	0	0	0	0	0	0	0	0	0	0	0	
1529.206567	8	3	3	0	1	2	2	4199	453	42	91747	15	7	86	0	0	0	0	0	0	0	0	0	0	0	0	0	0	
1530.211683	8	3	3	0	1	2	2	4198	440	42	91807	15	7	86	0	0	0	0	0	0	0	0	0	0	0	0	0	0	
1531.216800	8	3	3	0	1	2	2	4198	427	42	91867	15	7	86	0	0	0	0	0	0	0	0	0	0	0	0	0	0	
1532.203200	8	3	3	0	1	2	2	4198	414	42	91927	15	7	86	0	0	0	0	0	0	0	0	0	0	0	0	0	0	
1533.208317	8	3	3	0	1	2	2	4198	401	42	91987	15	7	86	0	0	0	0	0	0	0	0	0	0	0	0	0	0	
1534.214883	8	3	3	0	1	2	2	4198	389	42	92047	15	7	86	0	0	0	0	0	0	0	0	0	0	0	0	0	0	
1535.220000	8	3	3	0	1	2	2	4198	377	42	92108	15	7	86	0	0	0	0	0	0	0	0	0	0	0	0	0	0	
1536.206400	8	3	3	0	1	2	2	4198	366	42	92167	15	7	86	0	0	0	0	0	0	0	0	0	0	0	0	0	0	
1537.211517	8	3	3	0	1	2	2	4198	353	42	92227	15	7	86	0	0	0	0	0	0	0	0	0	0	0	0	0	0	
1538.216633	8	3	3	0	1	2	2	4198	342	42	92287	15	7	86	0	0	0	0	0	0	0	0	0	0	0	0	0	0	
1539.221767	8	3	3	0	1	2	2	4198	332	42	92348	15	7	86	0	0	0	0	0	0	0	0	0	0	0	0	0	0	
1540.209600	8	3	3	0	1	2	2	4198	322	42	92407	15	7	86	0	0	0	0	0	0	0	0	0	0	0	0	0	0	
1541.214717	8	3	3	0	1	2	2	4198	313	42	92467	15	7	86	0	0	0	0	0	0	0	0	0	0	0	0	0	0	
1542.219833	8	3	3	0	1	2	2	4198	302	42	92528	15	7	86	0	0	0	0	0	0	0	0	0	0	0	0	0	0	
1543.206233	8	3	3	0	1	2	2	4198	293	42	92587	15	7	86	0	0	0	0	0	0	0	0	0	0	0	0	0	0	
1544.211367	8	3	3	0	1	2	2	4198	283	42	92647	15	7	86	0	0	0	0	0	0	0	0	0	0	0	0	0	0	
1545.217917	8	3	3	0	1	2	2	4198	274	42	92707	15	7	86	0	0	0	0	0	0	0	0	0	0	0	0	0	0	
1546.223033	8	3	3	0	1	2	2	4198	265	42	92768	15	7	86	0	0	0	0	0	0	0	0	0	0	0	0	0	0	
1547.209433	8	3	3	0	1	2	2	4199	257	42	92827	15	7	86	0	0	0	0	0	0	0	0	0	0	0	0	0	0	
1548.214567	8	3	3	0	1	2	2	4198	250	42	92887	15	7	86	0	0	0	0	0	0	0	0	0	0	0	0	0	0	
1549.219683	8	3	3	0	1	2	2	4198	241	42	92948	15	7	86	0	0	0	0	0	0	0	0	0	0	0	0	0	0	
1550.206083	8	3	3	0	1	2	2	4199	234	42	93007	15	7	86	0	0	0	0	0	0	0	0	0	0	0	0	0	0	
1551.212633	8	3	3	0	1	2	2	4198	227	42	93067	15	7	86	0	0	0	0	0	0	0	0	0	0	0	0	0	0	
1552.217767	8	3	3	0	1	2	2	4198	219	42	93127	15	7	86	0	0	0	0	0	0	0	0	0	0	0	0	0	0	
1553.222883	8	3	3	0	1	2	2	4199	213	42	93188	15	7	86	0	0	0	0	0	0	0	0	0	0	0	0	0	0	
1554.209283	8	3	3	0	1	2	2	4199	206	42	93247	15	7	86	0	0	0	0	0	0	0	0	0	0	0	0	0	0	
1555.214400	8	3	3	0	1	2	2	4198	199	42	93307	15	7	86	0	0	0	0	0	0	0	0	0	0	0	0	0	0	
1556.220967	8	3	3	0	1	2	2	4198	193	42	93368	15	7	86	0	0	0	0	0	0	0	0	0	0	0	0	0	0	
1557.207367	8	3	3	0	1	2	2	4198	187	42	93427	15	7	86	0	0	0	0	0	0	0	0	0	0	0	0	0	0	
1558.212483	8	3	3	0	1	2	2	4198	181	42	93487	15	7	86	0	0	0	0	0	0	0	0	0	0	0	0	0	0	
1559.217600	8	3	3	0	1	2	2	4198	176	42	93547	15	7	86	0	0	0	0	0	0	0	0	0	0	0	0	0	0	
1560.222717	8	3	3	0	1	2	2	4198	170	42	93608	15	7	86	0	0	0	0	0	0	0	0	0	0	0	0	0	0	
1561.209117	8	3	3	0	1	2	2	4198	164	42	93667	15	7	86	0	0	0	0	0	0	0	0	0	0	0	0	0	0	
1562.215683	8	3	3	0	1	2	2	4199	159	42	93727	15	7	86	0	0	0	0	0	0	0	0	0	0	0	0	0	0	
1563.220800	8	3	3	0	1	2	2	4199	154	42	93788	15	7	86	0	0	0	0	0	0	0	0	0	0	0	0	0	0	
1564.207200	8	3	3	0	1	2	2	4198	150	42	93847	15	7	86	0	0	0	0	0	0	0	0	0	0	0	0	0	0	
1565.212317	8	3	3	0	1	2	2	4199	145	42	93907	15	7	86	0	0	0	0	0	0	0	0	0	0	0	0	0	0	
1566.217433	8	3	3	0	1	2	2	4199	140	42	93967	15	7	86	0	0	0	0	0	0	0	0	0	0	0	0	0	0	
1567.224000	8	3	3	0	1	2	2	4198	135	42	94028	15	7	86	0	0	0	0	0	0	0	0	0	0	0	0	0	0	
1568.210400	8	3	3	0	1	2	2	4198	132	42	94087	15	7	86	0	0	0	0	0	0	0	0	0	0	0	0	0	0	
1569.215517	8	3	3	0	1	2	2	4198	128	42	94147	15	7	86	0	0	0	0	0	0	0	0	0	0	0	0	0	0	
1570.220633	8	3	3	0	1	2	2	4198	124	42	94207	15	7	86	0	0	0	0	0	0	0	0	0	0	0	0	0	0	
1571.207033	8	3	3	0	1	2	2	4198	120	42	94267	15	7	86	0	0	0	0	0	0	0	0	0	0	0	0	0	0	
1572.213600	8	3	3	0	1	2	2	4198	116	42	94327	15	7	86	0	0	0	0	0	0	0	0	0	0	0	0	0	0	
1573.218717	8	3	3	0	1	2	2	4198	113	42	94387	15	7	86	0	0	0	0	0	0	0	0	0	0	0	0	0	0	
1574.223833	8	3	3	0	1	2	2	4198	109	42	94448	15	7	86	0	0	0	0	0	0	0	0	0	0	0	0	0	0	
1575.210233	8	3	3	0	1	2	2	4198	105	42	94507	15	7	86	0	0	0	0	0	0	0	0	0	0	0	0	0	0	
1576.215367	8	3	3	0	1	2	2	4198	102	42	94567	15	7	86	0	0	0	0	0	0	0	0	0	0	0	0	0	0	
1577.220483	8	3	3	0	1	2	2	4198	99	42	94627	15	7	86	0	0	0	0	0	0	0	0	0	0	0	0	0	0	
1578.208317	8	3	3	0	1	2	2	4198	96	42	94687	15	7	86	0	0	0	0	0	0	0	0	0	0	0	0	0	0	
1579.214883	8	3	3	0	1	2	2	4198	94	42	94747	15	7	86	0	0	0	0	0	0	0	0	0	0	0	0	0	0	
1580.221433	8	3	3	0	1	2	2	4198	91	42	94807	15	7	86	0	0	0	0	0	0	0	0	0	0	0	0	0	0	
1581.207833	8	3	3	0	1	2	2	4198	87	42	94867	15	7	86	0	0	0	0	0	0	0	0	0	0	0	0	0	0	
1582.212967	8	3	3	0	1	2	2	4198	85	42	94927	15	7	86	0	0	0	0	0	0	0	0	0	0	0	0	0	0	
1583.218083	8	3	3	0	1	2	2	4199	82	42	94987	15	7	86	0	0	0	0	0	0	0	0	0	0	0	0	0	0	
1584.223200	8	3	3	0	1	2	2	4198	80	42	95048	15	7	86	0	0	0	0	0	0	0	0	0	0	0	0	0	0	
1585.209600	8	3	3	0	1	2	2	4198	77	42	95107	15	7	86	0	0	0	0	0	0	0	0	0	0	0	0	0	0	
1586.216167	8	3	3	0	1	2	2	4198	74	42	95167	15	7	86	0	0	0	0	0	0	0	0	0	0	0	0	0	0	
1587.221283	8	3	3	0	1	2	2	4199	72	42	95227	15	7	86	0	0	0	0	0	0	0	0	0	0	0	0	0	0	
1588.226400	8	3	3	0	1	2	2	4199	71	42	95288	15	7	86	0	0	0	0	0	0	0	0	0	0	0	0	0	0	
1589.212800	8	3	3	0	1	2	2	4199	68	42	95347	15	7	86	0	0	0	0	0	0	0	0	0	0	0	0	0	0	
1589.728317	8	6	3	0	2	7	1	3729	-1345	42	95378	15	8	0	0	0	0	0	0	0	0	0	0	0	0	0	0	0	
1590.220800	8	6	3	0	2	7	1	3573	-1350	42	95407	15	8	0	0	0	0	0	0	0	0	0	0	0	0	0	0	0	
1591.225917	8	6	3	0	2	7	1	3665	-1349	42	95468	15	8	2	0	0	0	0	0	0	0	0	0	0	0	0	0	0	
1592.212317	8	6	3	0	2	7	1	3685	-1350	42	95527	15	8	4	0	0	0	0	0	0	0	0	0	0	0	0	0	0	
1593.217433	8	6	3	0	2	7	1	3678	-1351	42	95587	15	8	5	0	0	0	0	0	0	0	0	0	0	0	0	0	0	
1594.222567	8	6	3	0	2	7	1	3666	-1350	42	95647	15	8	7	0	0	0	0	0	0	0	0	0	0	0	0	0	0	
1595.208967	8	6	3	0	2	7	1	3652	-1350	42	95707	15	8	9	0	0	0	0	0	0	0	0	0	0	0	0	0	0	
1596.214083	8	6	3	0	2	7	1	3637	-1350	42	95767	15	8	10	0	0	0	0	0	0	0	0	0	0	0	0	0	0	
1597.220633	8	6	3	0	2	7	1	3620	-1349	42	95827	15	8	12	0	0	0	0	0	0	0	0	0	0	0	0	0	0	
1598.225767	8	6	3	0	2	7	1	3604	-1350	42	95888	15	8	13	0	0	0	0	0	0	0	0	0	0	0	0	0	0	
1599.212167	8	6	3	0	2	7	1	3587	-1349	42	95947	15	8	15	0	0	0	0	0	0	0	0	0	0	0	0	0	0	
1600.217283	8	6	3	0	2	7	1	3570	-1349	42	96007	15	8	17	0	0	0	0	0	0	0	0	0	0	0	0	0	0	
1601.222400	8	6	3	0	2	7	1	3554	-1350	42	96067	15	8	18	0	0	0	0	0	0	0	0	0	0	0	0	0	0	
1602.210233	8	6	3	0	2	7	1	3540	-1351	42	96127	15	8	20	0	0	0	0	0	0	0	0	0	0	0	0	0	0	
1603.215367	8	6	3	0	2	7	1	3525	-1349	42	96187	15	8	22	0	0	0	0	0	0	0	0	0	0	0	0	0	0	
1604.220483	8	6	3	0	2	7	1	3510	-1350	42	96247	15	8	23	0	0	0	0	0	0	0	0	0	0	0	0	0	0	
1605.225600	8	6	3	0	2	7	1	3496	-1350	42	96308	15	8	25	0	0	0	0	0	0	0	0	0	0	0	0	0	0	
1606.212000	8	6	3	0	2	7	1	3484	-1348	42	96367	15	8	27	0	0	0	0	0	0	0	0	0	0	0	0	0	0	
1607.218567	8	6	3	0	2	7	1	3473	-1349	42	96427	15	8	28	0	0	0	0	0	0	0	0	0	0	0	0	0	0	
1608.223683	8	6	3	0	2	7	1	3461	-1348	42	96487	15	8	30	0	0	0	0	0	0	0	0	0	0	0	0	0	0	
1609.210083	8	6	3	0	2	7	1	3450	-1351	42	96547	15	8	32	0	0	0	0	0	0	0	0	0	0	0	0	0	0	
1610.215200	8	6	3	0	2	7	1	3438	-1348	42	96607	15	8	33	0	0	0	0	0	0	0	0	0	0	0	0	0	0	
1611.220317	8	6	3	0	2	7	1	3428	-1349	42	96667	15	8	35	0	0	0	0	0	0	0	0	0	0	0	0	0	0	
1612.226883	8	6	3	0	2	7	1	3417	-1349	42	96728	15	8	37	0	0	0	0	0	0	0	0	0	0	0	0	0	0	
1613.213283	8	6	3	0	2	7	1	3406	-1349	42	96787	15	8	38	0	0	0	0	0	0	0	0	0	0	0	0	0	0	
1614.218400	8	6	3	0	2	7	1	3397	-1350	42	96847	15	8	40	0	0	0	0	0	0	0	0	0	0	0	0	0	0	
1615.223517	8	6	3	0	2	7	1	3387	-1348	42	96907	15	8	42	0	0	0	0	0	0	0	0	0	0	0	0	0	0	
1616.209917	8	6	3	0	2	7	1	3379	-1350	42	96967	15	8	43	0	0	0	0	0	0	0	0	0	0	0	0	0	0	
1617.216483	8	6	3	0	2	7	1	3370	-1351	42	97027	15	8	45	0	0	0	0	0	0	0	0	0	0	0	0	0	0	
1618.221600	8	6	3	0	2	7	1	3361	-1351	42	97087	15	8	47	0	0	0	0	0	0	0	0	0	0	0	0	0	0	
1619.226717	8	6	3	0	2	7	1	3352	-1351	42	97148	15	8	48	0	0	0	0	0	0	0	0	0	0	0	0	0	0	
1620.213117	8	6	3	0	2	7	1	3345	-1349	42	97207	15	8	50	0	0	0	0	0	0	0	0	0	0	0	0	0	0	
1621.218233	8	6	3	0	2	7	1	3340	-1349	42	97267	15	8	52	0	0	0	0	0	0	0	0	0	0	0	0	0	0	
1622.224800	8	6	3	0	2	7	1	3332	-1349	42	97327	15	8	53	0	0	0	0	0	0	0	0	0	0	0	0	0	0	
1623.211200	8	6	3	0	2	7	1	3326	-1352	42	97387	15	8	55	0	0	0	0	0	0	0	0	0	0	0	0	0	0	
1624.216317	8	6	3	0	2	7	1	3319	-1349	42	97447	15	8	57	0	0	0	0	0	0	0	0	0	0	0	0	0	0	
1625.221433	8	6	3	0	2	7	1	3312	-1351	42	97507	15	8	58	0	0	0	0	0	0	0	0	0	0	0	0	0	0	
1626.226567	8	6	3	0	2	7	1	3305	-1350	42	97568	15	8	60	0	0	0	0	0	0	0	0	0	0	0	0	0	0	
1627.212967	8	6	3	0	2	7	1	3298	-1350	42	97627	15	8	62	0	0	0	0	0	0	0	0	0	0	0	0	0	0	
1628.219517	8	6	3	0	2	7	1	3290	-1349	42	97687	15	8	63	0	0	0	0	0	0	0	0	0	0	0	0	0	0	
1629.224633	8	6	3	0	2	7	1	3284	-1349	42	97747	15	8	65	0	0	0	0	0	0	0	0	0	0	0	0	0	0	
1630.229767	8	6	3	0	2	7	1	3276	-1350	42	97808	15	8	67	0	0	0	0	0	0	0	0	0	0	0	0	0	0	
1631.216167	8	6	3	0	2	7	1	3268	-1350	42	97867	15	8	68	0	0	0	0	0	0	0	0	0	0	0	0	0	0	
1632.221283	8	6	3	0	2	7	1	3259	-1350	42	97927	15	8	70	0	0	0	0	0	0	0	0	0	0	0	0	0	0	
1633.226400	8	6	3	0	2	7	1	3249	-1349	42	97988	15	8	72	0	0	0	0	0	0	0	0	0	0	0	0	0	0	
1634.214233	8	6	3	0	2	7	1	3238	-1349	42	98047	15	8	73	0	0	0	0	0	0	0	0	0	0	0	0	0	0	
1635.219367	8	6	3	0	2	7	1	3223	-1350	42	98107	15	8	75	0	0	0	0	0	0	0	0	0	0	0	0	0	0	
1636.224483	8	6	3	0	2	7	1	3207	-1349	42	98167	15	8	77	0	0	0	0	0	0	0	0	0	0	0	0	0	0	
1637.229600	8	6	3	0	2	7	1	3185	-1350	42	98228	15	8	78	0	0	0	0	0	0	0	0	0	0	0	0	0	0	
1638.216000	8	6	3	0	2	7	1	3157	-1350	42	98287	15	8	80	0	0	0	0	0	0	0	0	0	0	0	0	0	0	
1639.222567	8	6	3	0	2	7	1	3117	-1350	42	98347	15	8	82	0	0	0	0	0	0	0	0	0	0	0	0	0	0	
1640.227683	8	6	3	0	2	7	1	3041	-1350	42	98408	15	8	83	0	0	0	0	0	0	0	0	0	0	0	0	0	0	
1641.214083	8	6	3	0	2	7	1	2893	-1349	42	98467	15	8	85	0	0	0	0	0	0	0	0	0	0	0	0	0	0	
1641.880800	8	15	3	0	1	31	2	3142	216	42	98507	17	8	86	0	0	0	0	0	0	0	0	0	0	0	0	0	0	
1641.900967	8	3	3	0	1	2	2	3287	676	42	98508	17	8	86	0	0	0	0	0	0	0	0	0	0	0	0	0	0	
1642.222083	8	3	3	0	1	2	2	3444	675	42	98527	17	8	86	0	0	0	0	0	0	0	0	0	0	0	0	0	0	
1643.228633	8	3	3	0	1	2	2	3616	674	42	98588	17	8	86	0	0	0	0	0	0	0	0	0	0	0	0	0	0	
1644.215033	8	3	3	0	1	2	2	3700	674	42	98647	17	8	86	0	0	0	0	0	0	0	0	0	0	0	0	0	0	
1645.220167	8	3	3	0	1	2	2	3760	675	41	98707	17	8	86	0	0	0	0	0	0	0	0	0	0	0	0	0	0	
1646.225283	8	3	3	0	1	2	2	3804	674	42	98767	17	8	86	0	0	0	0	0	0	0	0	0	0	0	0	0	0	
1647.230400	8	3	3	0	1	2	2	3837	674	42	98828	17	8	86	0	0	0	0	0	0	0	0	0	0	0	0	0	0	
1648.216800	8	3	3	0	1	2	2	3855	674	42	98887	17	8	86	0	0	0	0	0	0	0	0	0	0	0	0	0	0	
1649.223367	8	3	3	0	1	2	2	3864	674	42	98947	17	8	86	0	0	0	0	0	0	0	0	0	0	0	0	0	0	
1650.228483	8	3	3	0	1	2	2	3871	675	42	99008	17	8	86	0	0	0	0	0	0	0	0	0	0	0	0	0	0	
1651.214883	8	3	3	0	1	2	2	3876	675	41	99067	17	8	86	0	0	0	0	0	0	0	0	0	0	0	0	0	0	
1652.220000	8	3	3	0	1	2	2	3882	674	42	99127	17	8	86	0	0	0	0	0	0	0	0	0	0	0	0	0	0	
1653.225117	8	3	3	0	1	2	2	3886	673	42	99187	17	8	86	0	0	0	0	0	0	0	0	0	0	0	0	0	0	
1654.231683	8	3	3	0	1	2	2	3891	674	42	99248	17	8	86	0	0	0	0	0	0	0	0	0	0	0	0	0	0	
1655.218083	8	3	3	0	1	2	2	3896	674	42	99307	17	8	86	0	0	0	0	0	0	0	0	0	0	0	0	0	0	
1656.223200	8	3	3	0	1	2	2	3902	674	42	99367	17	8	86	0	0	0	0	0	0	0	0	0	0	0	0	0	0	
1657.228317	8	3	3	0	1	2	2	3907	675	42	99428	17	8	86	0	0	0	0	0	0	0	0	0	0	0	0	0	0	
1658.214717	8	3	3	0	1	2	2	3913	675	41	99487	17	8	86	0	0	0	0	0	0	0	0	0	0	0	0	0	0	
1659.219833	8	3	3	0	1	2	2	3919	674	42	99547	17	8	86	0	0	0	0	0	0	0	0	0	0	0	0	0	0	
1660.226400	8	3	3	0	1	2	2	3925	674	42	99607	17	8	86	0	0	0	0	0	0	0	0	0	0	0	0	0	0	
1661.231517	8	3	3	0	1	2	2	3930	674	42	99668	17	8	86	0	0	0	0	0	0	0	0	0	0	0	0	0	0	
1662.217917	8	3	3	0	1	2	2	3936	674	42	99727	17	8	86	0	0	0	0	0	0	0	0	0	0	0	0	0	0	
1663.223033	8	3	3	0	1	2	2	3942	674	41	99787	17	8	86	0	0	0	0	0	0	0	0	0	0	0	0	0	0	
1664.228167	8	3	3	0	1	2	2	3948	676	42	99848	17	8	86	0	0	0	0	0	0	0	0	0	0	0	0	0	0	
1665.214567	8	3	3	0	1	2	2	3952	674	42	99907	17	8	86	0	0	0	0	0	0	0	0	0	0	0	0	0	0	
1666.221117	8	3	3	0	1	2	2	3957	675	42	99967	17	8	86	0	0	0	0	0	0	0	0	0	0	0	0	0	0	
1667.226233	8	3	3	0	1	2	2	3961	674	42	100027	17	8	86	0	0	0	0	0	0	0	0	0	0	0	0	0	0	
1668.231367	8	3	3	0	1	2	2	3965	675	42	100088	17	8	86	0	0	0	0	0	0	0	0	0	0	0	0	0	0	
1669.217767	8	3	3	0	1	2	2	3968	674	42	100147	17	8	86	0	0	0	0	0	0	0	0	0	0	0	0	0	0	
1670.224317	8	3	3	0	1	2	2	3972	676	42	100207	17	8	86	0	0	0	0	0	0	0	0	0	0	0	0	0	0	
1671.229433	8	3	3	0	1	2	2	3975	674	42	100268	17	8	86	0	0	0	0	0	0	0	0	0	0	0	0	0	0	
1672.215833	8	3	3	0	1	2	2	3978	674	42	100327	17	8	86	0	0	0	0	0	0	0	0	0	0	0	0	0	0	
1673.220967	8	3	3	0	1	2	2	3982	674	42	100387	17	8	86	0	0	0	0	0	0	0	0	0	0	0	0	0	0	
1674.226083	8	3	3	0	1	2	2	3985	675	42	100447	17	8	86	0	0	0	0	0	0	0	0	0	0	0	0	0	0	
1675.232633	8	3	3	0	1	2	2	3988	674	42	100508	17	8	86	0	0	0	0	0	0	0	0	0	0	0	0	0	0	
1676.219033	8	3	3	0	1	2	2	3991	674	42	100567	17	8	86	0	0	0	0	0	0	0	0	0	0	0	0	0	0	
1677.224167	8	3	3	0	1	2	2	3994	676	42	100627	17	8	86	0	0	0	0	0	0	0	0	0	0	0	0	0	0	
1678.229283	8	3	3	0	1	2	2	3998	676	42	100687	17	8	86	0	0	0	0	0	0	0	0	0	0	0	0	0	0	
1679.215683	8	3	3	0	1	2	2	4000	674	42	100747	17	8	86	0	0	0	0	0	0	0	0	0	0	0	0	0	0	
1680.220800	8	3	3	0	1	2	2	4003	674	42	100807	17	8	86	0	0	0	0	0	0	0	0	0	0	0	0	0	0	
1681.227367	8	3	3	0	1	2	2	4007	675	42	100867	17	8	86	0	0	0	0	0	0	0	0	0	0	0	0	0	0	
1682.232483	8	3	3	0	1	2	2	4010	674	42	100928	17	8	86	0	0	0	0	0	0	0	0	0	0	0	0	0	0	
1683.218883	8	3	3	0	1	2	2	4014	676	42	100987	17	8	86	0	0	0	0	0	0	0	0	0	0	0	0	0	0	
1684.224000	8	3	3	0	1	2	2	4017	675	42	101047	17	8	86	0	0	0	0	0	0	0	0	0	0	0	0	0	0	
1685.230567	8	3	3	0	1	2	2	4020	673	42	101107	17	8	86	0	0	0	0	0	0	0	0	0	0	0	0	0	0	
1686.216967	8	3	3	0	1	2	2	4024	675	42	101167	17	8	86	0	0	0	0	0	0	0	0	0	0	0	0	0	0	
1687.222083	8	3	3	0	1	2	2	4027	674	42	101227	17	8	86	0	0	0	0	0	0	0	0	0	0	0	0	0	0	
1688.227200	8	3	3	0	1	2	2	4031	675	42	101287	17	8	86	0	0	0	0	0	0	0	0	0	0	0	0	0	0	
1689.232317	8	3	3	0	1	2	2	4036	676	42	101348	17	8	86	0	0	0	0	0	0	0	0	0	0	0	0	0	0	
1690.218717	8	3	3	0	1	2	2	4039	675	42	101407	17	8	86	0	0	0	0	0	0	0	0	0	0	0	0	0	0	
1691.225283	8	3	3	0	1	2	2	4042	674	42	101467	17	8	86	0	0	0	0	0	0	0	0	0	0	0	0	0	0	
1692.230400	8	3	3	0	1	2	2	4047	674	42	101527	17	8	86	0	0	0	0	0	0	0	0	0	0	0	0	0	0	
1693.219683	8	3	3	0	1	2	2	4050	674	42	101587	17	8	86	0	0	0	0	0	0	0	0	0	0	0	0	0	0	
1694.224800	8	3	3	0	1	2	2	4054	674	42	101647	17	8	86	0	0	0	0	0	0	0	0	0	0	0	0	0	0	
1695.231367	8	3	3	0	1	2	2	4059	674	42	101708	17	8	86	0	0	0	0	0	0	0	0	0	0	0	0	0	0	
1696.217767	8	3	3	0	1	2	2	4063	674	42	101767	17	8	86	0	0	0	0	0	0	0	0	0	0	0	0	0	0	
1697.222883	8	3	3	0	1	2	2	4067	674	42	101827	17	8	86	0	0	0	0	0	0	0	0	0	0	0	0	0	0	
1698.228000	8	3	3	0	1	2	2	4072	675	42	101887	17	8	86	0	0	0	0	0	0	0	0	0	0	0	0	0	0	
1699.233117	8	3	3	0	1	2	2	4077	675	42	101948	17	8	86	0	0	0	0	0	0	0	0	0	0	0	0	0	0	
1700.219517	8	3	3	0	1	2	2	4081	674	42	102007	17	8	86	0	0	0	0	0	0	0	0	0	0	0	0	0	0	
1701.226083	8	3	3	0	1	2	2	4086	674	42	102067	17	8	86	0	0	0	0	0	0	0	0	0	0	0	0	0	0	
1702.231200	8	3	3	0	1	2	2	4090	674	42	102127	17	8	86	0	0	0	0	0	0	0	0	0	0	0	0	0	0	
1703.217600	8	3	3	0	1	2	2	4096	675	42	102187	17	8	86	0	0	0	0	0	0	0	0	0	0	0	0	0	0	
1704.222717	8	3	3	0	1	2	2	4100	675	42	102247	17	8	86	0	0	0	0	0	0	0	0	0	0	0	0	0	0	
1705.227833	8	3	3	0	1	2	2	4106	675	42	102307	17	8	86	0	0	0	0	0	0	0	0	0	0	0	0	0	0	
1706.234400	8	3	3	0	1	2	2	4111	674	42	102368	17	8	86	0	0	0	0	0	0	0	0	0	0	0	0	0	0	
1707.220800	8	3	3	0	1	2	2	4116	675	42	102427	17	8	86	0	0	0	0	0	0	0	0	0	0	0	0	0	0	
1708.225917	8	3	3	0	1	2	2	4118	663	42	102487	17	8	86	0	0	0	0	0	0	0	0	0	0	0	0	0	0	
1709.231033	8	3	3	0	1	2	2	4123	662	42	102547	17	8	86	0	0	0	0	0	0	0	0	0	0	0	0	0	0	
1710.217433	8	3	3	0	1	2	2	4128	661	42	102607	17	8	86	0	0	0	0	0	0	0	0	0	0	0	0	0	0	
1711.224000	8	3	3	0	1	2	2	4134	662	42	102667	17	8	86	0	0	0	0	0	0	0	0	0	0	0	0	0	0	
1712.229117	8	3	3	0	1	2	2	4139	662	42	102727	17	8	86	0	0	0	0	0	0	0	0	0	0	0	0	0	0	
1713.234233	8	3	3	0	1	2	2	4145	662	42	102788	17	8	86	0	0	0	0	0	0	0	0	0	0	0	0	0	0	
1714.220633	8	3	3	0	1	2	2	4151	662	42	102847	17	8	86	0	0	0	0	0	0	0	0	0	0	0	0	0	0	
1715.225767	8	3	3	0	1	2	2	4156	661	42	102907	17	8	86	0	0	0	0	0	0	0	0	0	0	0	0	0	0	
1716.232317	8	3	3	0	1	2	2	4162	659	42	102967	17	8	86	0	0	0	0	0	0	0	0	0	0	0	0	0	0	
1717.218717	8	3	3	0	1	2	2	4167	660	42	103027	17	8	86	0	0	0	0	0	0	0	0	0	0	0	0	0	0	
1718.223833	8	3	3	0	1	2	2	4174	658	42	103087	17	8	86	0	0	0	0	0	0	0	0	0	0	0	0	0	0	
1719.228967	8	3	3	0	1	2	2	4180	658	42	103147	17	8	86	0	0	0	0	0	0	0	0	0	0	0	0	0	0	
1720.234083	8	3	3	0	1	2	2	4186	657	42	103208	17	8	86	0	0	0	0	0	0	0	0	0	0	0	0	0	0	
1721.221917	8	3	3	0	1	2	2	4192	658	42	103267	17	8	86	0	0	0	0	0	0	0	0	0	0	0	0	0	0	
1722.227033	8	3	3	0	1	2	2	4198	657	42	103327	17	8	86	0	0	0	0	0	0	0	0	0	0	0	0	0	0	
1723.232167	8	3	3	0	1	2	2	4198	634	42	103387	17	8	86	0	0	0	0	0	0	0	0	0	0	0	0	0	0	
1724.218567	8	3	3	0	1	2	2	4198	613	42	103447	17	8	86	0	0	0	0	0	0	0	0	0	0	0	0	0	0	
1725.223683	8	3	3	0	1	2	2	4199	592	42	103507	17	8	86	0	0	0	0	0	0	0	0	0	0	0	0	0	0	
1726.230233	8	3	3	0	1	2	2	4198	571	42	103567	17	8	86	0	0	0	0	0	0	0	0	0	0	0	0	0	0	
1727.235367	8	3	3	0	1	2	2	4199	552	42	103628	17	8	86	0	0	0	0	0	0	0	0	0	0	0	0	0	0	
1728.221767	8	3	3	0	1	2	2	4198	533	42	103687	17	8	86	0	0	0	0	0	0	0	0	0	0	0	0	0	0	
1729.226883	8	3	3	0	1	2	2	4198	514	42	103747	17	8	86	0	0	0	0	0	0	0	0	0	0	0	0	0	0	
1730.232000	8	3	3	0	1	2	2	4199	495	42	103807	17	8	86	0	0	0	0	0	0	0	0	0	0	0	0	0	0	
1731.218400	8	3	3	0	1	2	2	4198	478	42	103867	17	8	86	0	0	0	0	0	0	0	0	0	0	0	0	0	0	
1732.224967	8	3	3	0	1	2	2	4199	461	42	103927	17	8	86	0	0	0	0	0	0	0	0	0	0	0	0	0	0	
1733.230083	8	3	3	0	1	2	2	4198	445	42	103987	17	8	86	0	0	0	0	0	0	0	0	0	0	0	0	0	0	
1734.235200	8	3	3	0	1	2	2	4199	429	42	104048	17	8	86	0	0	0	0	0	0	0	0	0	0	0	0	0	0	
1735.221600	8	3	3	0	1	2	2	4199	415	42	104107	17	8	86	0	0	0	0	0	0	0	0	0	0	0	0	0	0	
1736.226717	8	3	3	0	1	2	2	4198	400	42	104167	17	8	86	0	0	0	0	0	0	0	0	0	0	0	0	0	0	
1737.233283	8	3	3	0	1	2	2	4198	386	42	104227	17	8	86	0	0	0	0	0	0	0	0	0	0	0	0	0	0	
1738.238400	8	3	3	0	1	2	2	4199	371	42	104288	17	8	86	0	0	0	0	0	0	0	0	0	0	0	0	0	0	
1739.224800	8	3	3	0	1	2	2	4199	359	42	104347	17	8	86	0	0	0	0	0	0	0	0	0	0	0	0	0	0	
1740.229917	8	3	3	0	1	2	2	4198	346	42	104407	17	8	86	0	0	0	0	0	0	0	0	0	0	0	0	0	0	
1741.236483	8	3	3	0	1	2	2	4199	333	42	104468	17	8	86	0	0	0	0	0	0	0	0	0	0	0	0	0	0	
1742.222883	8	3	3	0	1	2	2	4199	321	42	104527	17	8	86	0	0	0	0	0	0	0	0	0	0	0	0	0	0	
1743.228000	8	3	3	0	1	2	2	4198	310	42	104587	17	8	86	0	0	0	0	0	0	0	0	0	0	0	0	0	0	
1744.233117	8	3	3	0	1	2	2	4199	298	42	104647	17	8	86	0	0	0	0	0	0	0	0	0	0	0	0	0	0	
1745.238233	8	3	3	0	1	2	2	4199	288	42	104708	17	8	86	0	0	0	0	0	0	0	0	0	0	0	0	0	0	
1746.224633	8	3	3	0	1	2	2	4198	277	42	104767	17	8	86	0	0	0	0	0	0	0	0	0	0	0	0	0	0	
1747.231200	8	3	3	0	1	2	2	4199	267	42	104827	17	8	86	0	0	0	0	0	0	0	0	0	0	0	0	0	0	
1748.236317	8	3	3	0	1	2	2	4199	257	41	104888	17	8	86	0	0	0	0	0	0	0	0	0	0	0	0	0	0	
1749.222717	8	3	3	0	1	2	2	4198	248	42	104947	17	8	86	0	0	0	0	0	0	0	0	0	0	0	0	0	0	
1750.227833	8	3	3	0	1	2	2	4198	240	42	105007	17	8	86	0	0	0	0	0	0	0	0	0	0	0	0	0	0	
1751.232967	8	3	3	0	1	2	2	4199	232	42	105067	17	8	86	0	0	0	0	0	0	0	0	0	0	0	0	0	0	
1752.239517	8	3	3	0	1	2	2	4198	222	42	105128	17	8	86	0	0	0	0	0	0	0	0	0	0	0	0	0	0	
1753.225917	8	3	3	0	1	2	2	4199	214	42	105187	17	8	86	0	0	0	0	0	0	0	0	0	0	0	0	0	0	
1754.231033	8	3	3	0	1	2	2	4199	207	42	105247	17	8	86	0	0	0	0	0	0	0	0	0	0	0	0	0	0	
1755.236167	8	3	3	0	1	2	2	4198	200	42	105308	17	8	86	0	0	0	0	0	0	0	0	0	0	0	0	0	0	
1756.224000	8	3	3	0	1	2	2	4199	193	42	105367	17	8	86	0	0	0	0	0	0	0	0	0	0	0	0	0	0	
1757.229117	8	3	3	0	1	2	2	4199	186	42	105427	17	8	86	0	0	0	0	0	0	0	0	0	0	0	0	0	0	
1758.234233	8	3	3	0	1	2	2	4198	179	42	105487	17	8	86	0	0	0	0	0	0	0	0	0	0	0	0	0	0	
1759.239367	8	3	3	0	1	2	2	4198	171	42	105548	17	8	86	0	0	0	0	0	0	0	0	0	0	0	0	0	0	
1760.225767	8	3	3	0	1	2	2	4199	166	42	105607	17	8	86	0	0	0	0	0	0	0	0	0	0	0	0	0	0	
1761.232317	8	3	3	0	1	2	2	4199	159	42	105667	17	8	86	0	0	0	0	0	0	0	0	0	0	0	0	0	0	
1762.237433	8	3	3	0	1	2	2	4199	154	42	105728	17	8	86	0	0	0	0	0	0	0	0	0	0	0	0	0	0	
1763.223833	8	3	3	0	1	2	2	4199	148	42	105787	17	8	86	0	0	0	0	0	0	0	0	0	0	0	0	0	0	
1764.228967	8	3	3	0	1	2	2	4198	143	42	105847	17	8	86	0	0	0	0	0	0	0	0	0	0	0	0	0	0	
1765.234083	8	3	3	0	1	2	2	4199	137	42	105907	17	8	86	0	0	0	0	0	0	0	0	0	0	0	0	0	0	
1766.239200	8	3	3	0	1	2	2	4198	133	42	105968	17	8	86	0	0	0	0	0	0	0	0	0	0	0	0	0	0	
1767.227033	8	3	3	0	1	2	2	4198	128	42	106027	17	8	86	0	0	0	0	0	0	0	0	0	0	0	0	0	0	
1768.232167	8	3	3	0	1	2	2	4199	123	42	106087	17	8	86	0	0	0	0	0	0	0	0	0	0	0	0	0	0	
1769.237283	8	3	3	0	1	2	2	4198	118	42	106148	17	8	86	0	0	0	0	0	0	0	0	0	0	0	0	0	0	
1770.223683	8	3	3	0	1	2	2	4198	115	42	106207	17	8	86	0	0	0	0	0	0	0	0	0	0	0	0	0	0	
1771.228800	8	3	3	0	1	2	2	4198	110	42	106267	17	8	86	0	0	0	0	0	0	0	0	0	0	0	0	0	0	
1772.235367	8	3	3	0	1	2	2	4198	107	42	106327	17	8	86	0	0	0	0	0	0	0	0	0	0	0	0	0	0	
1773.240483	8	3	3	0	1	2	2	4198	102	42	106388	17	8	86	0	0	0	0	0	0	0	0	0	0	0	0	0	0	
1774.226883	8	3	3	0	1	2	2	4198	97	42	106447	17	8	86	0	0	0	0	0	0	0	0	0	0	0	0	0	0	
1775.232000	8	3	3	0	1	2	2	4199	95	42	106507	17	8	86	0	0	0	0	0	0	0	0	0	0	0	0	0	0	
1776.237117	8	3	3	0	1	2	2	4199	91	42	106568	17	8	86	0	0	0	0	0	0	0	0	0	0	0	0	0	0	
1777.224967	8	3	3	0	1	2	2	4198	88	42	106627	17	8	86	0	0	0	0	0	0	0	0	0	0	0	0	0	0	
1778.230083	8	3	3	0	1	2	2	4198	84	42	106687	17	8	86	0	0	0	0	0	0	0	0	0	0	0	0	0	0	
1779.235200	8	3	3	0	1	2	2	4198	82	42	106747	17	8	86	0	0	0	0	0	0	0	0	0	0	0	0	0	0	
1780.240317	8	3	3	0	1	2	2	4198	78	42	106808	17	8	86	0	0	0	0	0	0	0	0	0	0	0	0	0	0	
1781.228167	8	3	3	0	1	2	2	4198	76	42	106867	17	8	86	0	0	0	0	0	0	0	0	0	0	0	0	0	0	
1782.233283	8	3	3	0	1	2	2	4199	73	42	106927	17	8	86	0	0	0	0	0	0	0	0	0	0	0	0	0	0	
1783.238400	8	3	3	0	1	2	2	4199	71	42	106988	17	8	86	0	0	0	0	0	0	0	0	0	0	0	0	0	0	
1784.224800	8	3	3	0	1	2	2	4199	68	42	107047	17	8	86	0	0	0	0	0	0	0	0	0	0	0	0	0	0	
1784.458083	8	6	3	0	2	7	1	4053	-524	42	107061	17	9	0	0	0	0	0	0	0	0	0	0	0	0	0	0	0	
1785.232800	8	6	3	0	2	7	1	3772	-1350	42	107107	17	9	1	0	0	0	0	0	0	0	0	0	0	0	0	0	0	
1786.237917	8	6	3	0	2	7	1	3751	-1349	42	107167	17	9	2	0	0	0	0	0	0	0	0	0	0	0	0	0	0	
1787.224317	8	6	3	0	2	7	1	3737	-1349	42	107227	17	9	4	0	0	0	0	0	0	0	0	0	0	0	0	0	0	
1788.229433	8	6	3	0	2	7	1	3719	-1350	42	107287	17	9	6	0	0	0	0	0	0	0	0	0	0	0	0	0	0	
1789.234567	8	6	3	0	2	7	1	3699	-1350	42	107347	17	9	7	0	0	0	0	0	0	0	0	0	0	0	0	0	0	
1790.241117	8	6	3	0	2	7	1	3686	-1350	42	107408	17	9	9	0	0	0	0	0	0	0	0	0	0	0	0	0	0	
1791.227517	8	6	3	0	2	7	1	3666	-1350	42	107467	17	9	11	0	0	0	0	0	0	0	0	0	0	0	0	0	0	
1792.232633	8	6	3	0	2	7	1	3649	-1349	42	107527	17	9	12	0	0	0	0	0	0	0	0	0	0	0	0	0	0	
1793.237767	8	6	3	0	2	7	1	3629	-1351	42	107587	17	9	14	0	0	0	0	0	0	0	0	0	0	0	0	0	0	
1794.224167	8	6	3	0	2	7	1	3615	-1350	42	107647	17	9	16	0	0	0	0	0	0	0	0	0	0	0	0	0	0	
1795.230717	8	6	3	0	2	7	1	3599	-1348	42	107707	17	9	17	0	0	0	0	0	0	0	0	0	0	0	0	0	0	
1796.235833	8	6	3	0	2	7	1	3585	-1350	42	107767	17	9	19	0	0	0	0	0	0	0	0	0	0	0	0	0	0	
1797.240967	8	6	3	0	2	7	1	3570	-1349	42	107828	17	9	21	0	0	0	0	0	0	0	0	0	0	0	0	0	0	
1798.227367	8	6	3	0	2	7	1	3556	-1350	42	107887	17	9	22	0	0	0	0	0	0	0	0	0	0	0	0	0	0	
1799.232483	8	6	3	0	2	7	1	3543	-1349	42	107947	17	9	24	0	0	0	0	0	0	0	0	0	0	0	0	0	0	
1800.239033	8	6	3	0	2	7	1	3529	-1350	42	108007	17	9	26	0	0	0	0	0	0	0	0	0	0	0	0	0	0	
1801.225433	8	6	3	0	2	7	1	3517	-1348	42	108067	17	9	27	0	0	0	0	0	0	0	0	0	0	0	0	0	0	
1802.230567	8	6	3	0	2	7	1	3505	-1350	42	108127	17	9	29	0	0	0	0	0	0	0	0	0	0	0	0	0	0	
1803.235683	8	6	3	0	2	7	1	3493	-1349	42	108187	17	9	31	0	0	0	0	0	0	0	0	0	0	0	0	0	0	
1804.242233	8	6	3	0	2	7	1	3482	-1351	42	108248	17	9	32	0	0	0	0	0	0	0	0	0	0	0	0	0	0	
1805.228633	8	6	3	0	2	7	1	3471	-1351	42	108307	17	9	34	0	0	0	0	0	0	0	0	0	0	0	0	0	0	
1806.233767	8	6	3	0	2	7	1	3461	-1349	42	108367	17	9	36	0	0	0	0	0	0	0	0	0	0	0	0	0	0	
1807.238883	8	6	3	0	2	7	1	3450	-1350	42	108427	17	9	37	0	0	0	0	0	0	0	0	0	0	0	0	0	0	
1808.225283	8	6	3	0	2	7	1	3440	-1349	42	108487	17	9	39	0	0	0	0	0	0	0	0	0	0	0	0	0	0	
1809.231833	8	6	3	0	2	7	1	3429	-1350	42	108547	17	9	41	0	0	0	0	0	0	0	0	0	0	0	0	0	0	
1810.236967	8	6	3	0	2	7	1	3419	-1350	42	108607	17	9	42	0	0	0	0	0	0	0	0	0	0	0	0	0	0	
1811.242083	8	6	3	0	2	7	1	3410	-1350	42	108668	17	9	44	0	0	0	0	0	0	0	0	0	0	0	0	0	0	
1812.228483	8	6	3	0	2	7	1	3401	-1350	42	108727	17	9	45	0	0	0	0	0	0	0	0	0	0	0	0	0	0	
1813.233600	8	6	3	0	2	7	1	3394	-1349	42	108787	17	9	47	0	0	0	0	0	0	0	0	0	0	0	0	0	0	
1814.238717	8	6	3	0	2	7	1	3385	-1350	42	108847	17	9	49	0	0	0	0	0	0	0	0	0	0	0	0	0	0	
1815.226567	8	6	3	0	2	7	1	3378	-1348	42	108907	17	9	50	0	0	0	0	0	0	0	0	0	0	0	0	0	0	
1816.231683	8	6	3	0	2	7	1	3371	-1350	42	108967	17	9	52	0	0	0	0	0	0	0	0	0	0	0	0	0	0	
1817.236800	8	6	3	0	2	7	1	3364	-1349	42	109027	17	9	54	0	0	0	0	0	0	0	0	0	0	0	0	0	0	
1818.241917	8	6	3	0	2	7	1	3356	-1350	42	109088	17	9	55	0	0	0	0	0	0	0	0	0	0	0	0	0	0	
1819.228317	8	6	3	0	2	7	1	3349	-1351	42	109147	17	9	57	0	0	0	0	0	0	0	0	0	0	0	0	0	0	
1820.234883	8	6	3	0	2	7	1	3343	-1349	42	109207	17	9	59	0	0	0	0	0	0	0	0	0	0	0	0	0	0	
1821.240000	8	6	3	0	2	7	1	3335	-1350	42	109267	17	9	60	0	0	0	0	0	0	0	0	0	0	0	0	0	0	
1822.226400	8	6	3	0	2	7	1	3329	-1349	42	109327	17	9	62	0	0	0	0	0	0	0	0	0	0	0	0	0	0	
1823.231517	8	6	3	0	2	7	1	3322	-1349	42	109387	17	9	64	0	0	0	0	0	0	0	0	0	0	0	0	0	0	
1824.238083	8	6	3	0	2	7	1	3315	-1350	42	109447	17	9	65	0	0	0	0	0	0	0	0	0	0	0	0	0	0	
1825.243200	8	6	3	0	2	7	1	3308	-1348	42	109508	17	9	67	0	0	0	0	0	0	0	0	0	0	0	0	0	0	
1826.229600	8	6	3	0	2	7	1	3300	-1351	42	109567	17	9	69	0	0	0	0	0	0	0	0	0	0	0	0	0	0	
1827.234717	8	6	3	0	2	7	1	3291	-1350	42	109627	17	9	70	0	0	0	0	0	0	0	0	0	0	0	0	0	0	
1828.239833	8	6	3	0	2	7	1	3281	-1349	42	109687	17	9	72	0	0	0	0	0	0	0	0	0	0	0	0	0	0	
1829.226233	8	6	3	0	2	7	1	3269	-1349	42	109747	17	9	74	0	0	0	0	0	0	0	0	0	0	0	0	0	0	
1830.232800	8	6	3	0	2	7	1	3254	-1348	42	109807	17	9	75	0	0	0	0	0	0	0	0	0	0	0	0	0	0	
1831.237917	8	6	3	0	2	7	1	3237	-1351	42	109867	17	9	77	0	0	0	0	0	0	0	0	0	0	0	0	0	0	
1832.243033	8	6	3	0	2	7	1	3216	-1350	42	109928	17	9	79	0	0	0	0	0	0	0	0	0	0	0	0	0	0	
1833.229433	8	6	3	0	2	7	1	3188	-1350	42	109987	17	9	80	0	0	0	0	0	0	0	0	0	0	0	0	0	0	
1834.234567	8	6	3	0	2	7	1	3145	-1348	42	110047	17	9	82	0	0	0	0	0	0	0	0	0	0	0	0	0	0	
1835.241117	8	6	3	0	2	7	1	3066	-1350	42	110107	17	9	84	0	0	0	0	0	0	0	0	0	0	0	0	0	0	
1836.227517	8	6	3	0	2	7	1	2909	-1351	42	110167	17	9	85	0	0	0	0	0	0	0	0	0	0	0	0	0	0	
1836.875517	8	15	3	0	1	31	2	3031	47	42	110205	18	9	86	0	0	0	0	0	0	0	0	0	0	0	0	0	0	
1836.895683	8	3	3	0	1	2	2	3237	677	42	110207	19	9	86	0	0	0	0	0	0	0	0	0	0	0	0	0	0	
1837.235517	8	3	3	0	1	2	2	3421	674	42	110227	19	9	86	0	0	0	0	0	0	0	0	0	0	0	0	0	0	
1838.242083	8	3	3	0	1	2	2	3595	674	42	110287	19	9	86	0	0	0	0	0	0	0	0	0	0	0	0	0	0	
1839.228483	8	3	3	0	1	2	2	3684	675	42	110347	19	9	86	0	0	0	0	0	0	0	0	0	0	0	0	0	0	
1840.233600	8	3	3	0	1	2	2	3747	675	42	110407	19	9	86	0	0	0	0	0	0	0	0	0	0	0	0	0	0	
1841.238717	8	3	3	0	1	2	2	3794	676	42	110467	19	9	86	0	0	0	0	0	0	0	0	0	0	0	0	0	0	
1842.246717	8	3	3	0	1	2	2	3829	674	42	110528	19	9	86	0	0	0	0	0	0	0	0	0	0	0	0	0	0	
1843.233117	8	3	3	0	1	2	2	3848	674	42	110587	19	9	86	0	0	0	0	0	0	0	0	0	0	0	0	0	0	
1844.238233	8	3	3	0	1	2	2	3858	674	42	110647	19	9	86	0	0	0	0	0	0	0	0	0	0	0	0	0	0	
1845.243367	8	3	3	0	1	2	2	3865	675	42	110708	19	9	86	0	0	0	0	0	0	0	0	0	0	0	0	0	0	
1846.229767	8	3	3	0	1	2	2	3871	674	42	110767	19	9	86	0	0	0	0	0	0	0	0	0	0	0	0	0	0	
1847.234883	8	3	3	0	1	2	2	3877	675	42	110827	19	9	86	0	0	0	0	0	0	0	0	0	0	0	0	0	0	
1848.241433	8	3	3	0	1	2	2	3882	675	42	110887	19	9	86	0	0	0	0	0	0	0	0	0	0	0	0	0	0	
1849.246567	8	3	3	0	1	2	2	3887	674	42	110948	19	9	86	0	0	0	0	0	0	0	0	0	0	0	0	0	0	
1850.232967	8	3	3	0	1	2	2	3893	675	42	111007	19	9	86	0	0	0	0	0	0	0	0	0	0	0	0	0	0	
1851.238083	8	3	3	0	1	2	2	3898	675	42	111067	19	9	86	0	0	0	0	0	0	0	0	0	0	0	0	0	0	
1852.243200	8	3	3	0	1	2	2	3904	676	42	111128	19	9	86	0	0	0	0	0	0	0	0	0	0	0	0	0	0	
1853.231033	8	3	3	0	1	2	2	3910	674	41	111187	19	9	86	0	0	0	0	0	0	0	0	0	0	0	0	0	0	
1854.236167	8	3	3	0	1	2	2	3916	676	42	111247	19	9	86	0	0	0	0	0	0	0	0	0	0	0	0	0	0	
1855.241283	8	3	3	0	1	2	2	3921	674	42	111307	19	9	86	0	0	0	0	0	0	0	0	0	0	0	0	0	0	
1856.246400	8	3	3	0	1	2	2	3928	675	42	111368	19	9	86	0	0	0	0	0	0	0	0	0	0	0	0	0	0	
1857.232800	8	3	3	0	1	2	2	3934	675	42	111427	19	9	86	0	0	0	0	0	0	0	0	0	0	0	0	0	0	
1858.237917	8	3	3	0	1	2	2	3939	675	42	111487	19	9	86	0	0	0	0	0	0	0	0	0	0	0	0	0	0	
1859.244483	8	3	3	0	1	2	2	3945	674	42	111548	19	9	86	0	0	0	0	0	0	0	0	0	0	0	0	0	0	
1860.230883	8	3	3	0	1	2	2	3950	675	42	111607	19	9	86	0	0	0	0	0	0	0	0	0	0	0	0	0	0	
1861.236000	8	3	3	0	1	2	2	3955	674	42	111667	19	9	86	0	0	0	0	0	0	0	0	0	0	0	0	0	0	
1862.241117	8	3	3	0	1	2	2	3959	675	42	111727	19	9	86	0	0	0	0	0	0	0	0	0	0	0	0	0	0	
1863.246233	8	3	3	0	1	2	2	3963	674	42	111788	19	9	86	0	0	0	0	0	0	0	0	0	0	0	0	0	0	
1864.232633	8	3	3	0	1	2	2	3966	674	42	111847	19	9	86	0	0	0	0	0	0	0	0	0	0	0	0	0	0	
1865.239200	8	3	3	0	1	2	2	3970	675	42	111907	19	9	86	0	0	0	0	0	0	0	0	0	0	0	0	0	0	
1866.244317	8	3	3	0	1	2	2	3973	674	42	111967	19	9	86	0	0	0	0	0	0	0	0	0	0	0	0	0	0	
1867.230717	8	3	3	0	1	2	2	3976	673	42	112027	19	9	86	0	0	0	0	0	0	0	0	0	0	0	0	0	0	
1868.235833	8	3	3	0	1	2	2	3979	675	41	112087	19	9	86	0	0	0	0	0	0	0	0	0	0	0	0	0	0	
1869.242400	8	3	3	0	1	2	2	3983	675	42	112147	19	9	86	0	0	0	0	0	0	0	0	0	0	0	0	0	0	
1870.247517	8	3	3	0	1	2	2	3985	674	42	112208	19	9	86	0	0	0	0	0	0	0	0	0	0	0	0	0	0	
1871.233917	8	3	3	0	1	2	2	3988	674	42	112267	19	9	86	0	0	0	0	0	0	0	0	0	0	0	0	0	0	
1872.239033	8	3	3	0	1	2	2	3992	674	42	112327	19	9	86	0	0	0	0	0	0	0	0	0	0	0	0	0	0	
1873.244167	8	3	3	0	1	2	2	3995	674	42	112387	19	9	86	0	0	0	0	0	0	0	0	0	0	0	0	0	0	
1874.230567	8	3	3	0	1	2	2	3998	673	42	112447	19	9	86	0	0	0	0	0	0	0	0	0	0	0	0	0	0	
1875.237117	8	3	3	0	1	2	2	4002	674	42	112507	19	9	86	0	0	0	0	0	0	0	0	0	0	0	0	0	0	
1876.242233	8	3	3	0	1	2	2	4005	674	42	112567	19	9	86	0	0	0	0	0	0	0	0	0	0	0	0	0	0	
1877.247367	8	3	3	0	1	2	2	4008	675	42	112628	19	9	86	0	0	0	0	0	0	0	0	0	0	0	0	0	0	
1878.233767	8	3	3	0	1	2	2	4011	673	42	112687	19	9	86	0	0	0	0	0	0	0	0	0	0	0	0	0	0	
1879.238883	8	3	3	0	1	2	2	4015	675	42	112747	19	9	86	0	0	0	0	0	0	0	0	0	0	0	0	0	0	
1880.244000	8	3	3	0	1	2	2	4018	674	42	112807	19	9	86	0	0	0	0	0	0	0	0	0	0	0	0	0	0	
1881.231833	8	3	3	0	1	2	2	4022	675	42	112867	19	9	86	0	0	0	0	0	0	0	0	0	0	0	0	0	0	
1882.236967	8	3	3	0	1	2	2	4025	675	42	112927	19	9	86	0	0	0	0	0	0	0	0	0	0	0	0	0	0	
1883.242083	8	3	3	0	1	2	2	4029	675	42	112987	19	9	86	0	0	0	0	0	0	0	0	0	0	0	0	0	0	
1884.247200	8	3	3	0	1	2	2	4032	674	41	113048	19	9	86	0	0	0	0	0	0	0	0	0	0	0	0	0	0	
1885.233600	8	3	3	0	1	2	2	4037	674	42	113107	19	9	86	0	0	0	0	0	0	0	0	0	0	0	0	0	0	
1886.240167	8	3	3	0	1	2	2	4040	675	42	113167	19	9	86	0	0	0	0	0	0	0	0	0	0	0	0	0	0	
1887.245283	8	3	3	0	1	2	2	4044	674	42	113227	19	9	86	0	0	0	0	0	0	0	0	0	0	0	0	0	0	
1888.231683	8	3	3	0	1	2	2	4048	675	42	113287	19	9	86	0	0	0	0	0	0	0	0	0	0	0	0	0	0	
1889.236800	8	3	3	0	1	2	2	4052	674	42	113347	19	9	86	0	0	0	0	0	0	0	0	0	0	0	0	0	0	
1890.241917	8	3	3	0	1	2	2	4056	675	42	113407	19	9	86	0	0	0	0	0	0	0	0	0	0	0	0	0	0	
1891.248483	8	3	3	0	1	2	2	4061	674	42	113468	19	9	86	0	0	0	0	0	0	0	0	0	0	0	0	0	0	
1892.234883	8	3	3	0	1	2	2	4065	674	42	113527	19	9	86	0	0	0	0	0	0	0	0	0	0	0	0	0	0	
1893.240000	8	3	3	0	1	2	2	4069	674	42	113587	19	9	86	0	0	0	0	0	0	0	0	0	0	0	0	0	0	
1894.245117	8	3	3	0	1	2	2	4074	674	42	113647	19	9	86	0	0	0	0	0	0	0	0	0	0	0	0	0	0	
1895.231517	8	3	3	0	1	2	2	4079	675	42	113707	19	9	86	0	0	0	0	0	0	0	0	0	0	0	0	0	0	
1896.238083	8	3	3	0	1	2	2	4084	675	42	113767	19	9	86	0	0	0	0	0	0	0	0	0	0	0	0	0	0	
1897.243200	8	3	3	0	1	2	2	4088	676	42	113827	19	9	86	0	0	0	0	0	0	0	0	0	0	0	0	0	0	
1898.248317	8	3	3	0	1	2	2	4093	674	42	113888	19	9	86	0	0	0	0	0	0	0	0	0	0	0	0	0	0	
1899.234717	8	3	3	0	1	2	2	4098	675	42	113947	19	9	86	0	0	0	0	0	0	0	0	0	0	0	0	0	0	
1900.239833	8	3	3	0	1	2	2	4103	673	42	114007	19	9	86	0	0	0	0	0	0	0	0	0	0	0	0	0	0	
1901.246400	8	3	3	0	1	2	2	4109	676	42	114067	19	9	86	0	0	0	0	0	0	0	0	0	0	0	0	0	0	
1902.232800	8	3	3	0	1	2	2	4113	673	42	114127	19	9	86	0	0	0	0	0	0	0	0	0	0	0	0	0	0	
1903.237917	8	3	3	0	1	2	2	4117	668	42	114187	19	9	86	0	0	0	0	0	0	0	0	0	0	0	0	0	0	
1904.243033	8	3	3	0	1	2	2	4121	663	42	114247	19	9	86	0	0	0	0	0	0	0	0	0	0	0	0	0	0	
1905.248167	8	3	3	0	1	2	2	4126	663	42	114308	19	9	86	0	0	0	0	0	0	0	0	0	0	0	0	0	0	
1906.234567	8	3	3	0	1	2	2	4131	661	42	114367	19	9	86	0	0	0	0	0	0	0	0	0	0	0	0	0	0	
1907.241117	8	3	3	0	1	2	2	4137	662	42	114427	19	9	86	0	0	0	0	0	0	0	0	0	0	0	0	0	0	
1908.246233	8	3	3	0	1	2	2	4142	662	42	114487	19	9	86	0	0	0	0	0	0	0	0	0	0	0	0	0	0	
1909.251367	8	3	3	0	1	2	2	4148	660	42	114548	19	9	86	0	0	0	0	0	0	0	0	0	0	0	0	0	0	
1910.237767	8	3	3	0	1	2	2	4153	658	42	114607	19	9	86	0	0	0	0	0	0	0	0	0	0	0	0	0	0	
1911.242883	8	3	3	0	1	2	2	4159	658	42	114667	19	9	86	0	0	0	0	0	0	0	0	0	0	0	0	0	0	
1912.249433	8	3	3	0	1	2	2	4165	658	42	114728	19	9	86	0	0	0	0	0	0	0	0	0	0	0	0	0	0	
1913.235833	8	3	3	0	1	2	2	4170	657	42	114787	19	9	86	0	0	0	0	0	0	0	0	0	0	0	0	0	0	
1914.240967	8	3	3	0	1	2	2	4176	654	42	114847	19	9	86	0	0	0	0	0	0	0	0	0	0	0	0	0	0	
1915.246083	8	3	3	0	1	2	2	4182	653	42	114907	19	9	86	0	0	0	0	0	0	0	0	0	0	0	0	0	0	
1916.251200	8	3	3	0	1	2	2	4188	653	42	114968	19	9	86	0	0	0	0	0	0	0	0	0	0	0	0	0	0	
1917.237600	8	3	3	0	1	2	2	4195	655	42	115027	19	9	86	0	0	0	0	0	0	0	0	0	0	0	0	0	0	
1918.244167	8	3	3	0	1	2	2	4199	644	42	115087	19	9	86	0	0	0	0	0	0	0	0	0	0	0	0	0	0	
1919.249283	8	3	3	0	1	2	2	4199	621	42	115148	19	9	86	0	0	0	0	0	0	0	0	0	0	0	0	0	0	
1920.235683	8	3	3	0	1	2	2	4199	599	42	115207	19	9	86	0	0	0	0	0	0	0	0	0	0	0	0	0	0	
1921.240800	8	3	3	0	1	2	2	4199	579	42	115267	19	9	86	0	0	0	0	0	0	0	0	0	0	0	0	0	0	
1922.245917	8	3	3	0	1	2	2	4199	559	42	115327	19	9	86	0	0	0	0	0	0	0	0	0	0	0	0	0	0	
1923.251033	8	3	3	0	1	2	2	4198	538	42	115388	19	9	86	0	0	0	0	0	0	0	0	0	0	0	0	0	0	
1924.238883	8	3	3	0	1	2	2	4198	520	42	115447	19	9	86	0	0	0	0	0	0	0	0	0	0	0	0	0	0	
1925.244000	8	3	3	0	1	2	2	4198	501	42	115507	19	9	86	0	0	0	0	0	0	0	0	0	0	0	0	0	0	
1926.249117	8	3	3	0	1	2	2	4199	484	42	115568	19	9	86	0	0	0	0	0	0	0	0	0	0	0	0	0	0	
1927.235517	8	3	3	0	1	2	2	4199	468	42	115627	19	9	86	0	0	0	0	0	0	0	0	0	0	0	0	0	0	
1928.242083	8	3	3	0	1	2	2	4198	450	42	115687	19	9	86	0	0	0	0	0	0	0	0	0	0	0	0	0	0	
1929.247200	8	3	3	0	1	2	2	4198	434	42	115747	19	9	86	0	0	0	0	0	0	0	0	0	0	0	0	0	0	
1930.252317	8	3	3	0	1	2	2	4198	418	42	115808	19	9	86	0	0	0	0	0	0	0	0	0	0	0	0	0	0	
1931.238717	8	3	3	0	1	2	2	4199	403	42	115867	19	9	86	0	0	0	0	0	0	0	0	0	0	0	0	0	0	
1932.243833	8	3	3	0	1	2	2	4199	389	42	115927	19	9	86	0	0	0	0	0	0	0	0	0	0	0	0	0	0	
1933.250400	8	3	3	0	1	2	2	4199	374	42	115988	19	9	86	0	0	0	0	0	0	0	0	0	0	0	0	0	0	
1934.236800	8	3	3	0	1	2	2	4199	361	42	116047	19	9	86	0	0	0	0	0	0	0	0	0	0	0	0	0	0	
1935.241917	8	3	3	0	1	2	2	4199	348	42	116107	19	9	86	0	0	0	0	0	0	0	0	0	0	0	0	0	0	
1936.247033	8	3	3	0	1	2	2	4199	335	42	116167	19	9	86	0	0	0	0	0	0	0	0	0	0	0	0	0	0	
1937.252167	8	3	3	0	1	2	2	4199	323	42	116228	19	9	86	0	0	0	0	0	0	0	0	0	0	0	0	0	0	
1938.238567	8	3	3	0	1	2	2	4198	311	42	116287	19	9	86	0	0	0	0	0	0	0	0	0	0	0	0	0	0	
1939.245117	8	3	3	0	1	2	2	4198	299	42	116347	19	9	86	0	0	0	0	0	0	0	0	0	0	0	0	0	0	
1940.250233	8	3	3	0	1	2	2	4199	289	42	116408	19	9	86	0	0	0	0	0	0	0	0	0	0	0	0	0	0	
1941.236633	8	3	3	0	1	2	2	4198	278	42	116467	19	9	86	0	0	0	0	0	0	0	0	0	0	0	0	0	0	
1942.241767	8	3	3	0	1	2	2	4199	268	42	116527	19	9	86	0	0	0	0	0	0	0	0	0	0	0	0	0	0	
1943.248317	8	3	3	0	1	2	2	4199	259	42	116587	19	9	86	0	0	0	0	0	0	0	0	0	0	0	0	0	0	
1944.253433	8	3	3	0	1	2	2	4199	249	42	116648	19	9	86	0	0	0	0	0	0	0	0	0	0	0	0	0	0	
1945.239833	8	3	3	0	1	2	2	4198	240	42	116707	19	9	86	0	0	0	0	0	0	0	0	0	0	0	0	0	0	
1946.244967	8	3	3	0	1	2	2	4198	231	42	116767	19	9	86	0	0	0	0	0	0	0	0	0	0	0	0	0	0	
1947.250083	8	3	3	0	1	2	2	4199	223	42	116827	19	9	86	0	0	0	0	0	0	0	0	0	0	0	0	0	0	
1948.236483	8	3	3	0	1	2	2	4198	215	42	116887	19	9	86	0	0	0	0	0	0	0	0	0	0	0	0	0	0	
1949.243033	8	3	3	0	1	2	2	4198	206	42	116947	19	9	86	0	0	0	0	0	0	0	0	0	0	0	0	0	0	
1950.248167	8	3	3	0	1	2	2	4198	199	42	117007	19	9	86	0	0	0	0	0	0	0	0	0	0	0	0	0	0	
1951.253283	8	3	3	0	1	2	2	4199	192	42	117068	19	9	86	0	0	0	0	0	0	0	0	0	0	0	0	0	0	
1952.239683	8	3	3	0	1	2	2	4198	184	42	117127	19	9	86	0	0	0	0	0	0	0	0	0	0	0	0	0	0	
1953.244800	8	3	3	0	1	2	2	4199	178	42	117187	19	9	86	0	0	0	0	0	0	0	0	0	0	0	0	0	0	
1954.251367	8	3	3	0	1	2	2	4199	171	42	117247	19	9	86	0	0	0	0	0	0	0	0	0	0	0	0	0	0	
1955.237767	8	3	3	0	1	2	2	4198	165	42	117307	19	9	86	0	0	0	0	0	0	0	0	0	0	0	0	0	0	
1956.245767	8	3	3	0	1	2	2	4198	158	42	117367	19	9	86	0	0	0	0	0	0	0	0	0	0	0	0	0	0	
1957.252317	8	3	3	0	1	2	2	4199	154	42	117428	19	9	86	0	0	0	0	0	0	0	0	0	0	0	0	0	0	
1958.238717	8	3	3	0	1	2	2	4198	147	42	117487	19	9	86	0	0	0	0	0	0	0	0	0	0	0	0	0	0	
1959.243833	8	3	3	0	1	2	2	4199	142	42	117547	19	9	86	0	0	0	0	0	0	0	0	0	0	0	0	0	0	
1960.248967	8	3	3	0	1	2	2	4198	136	42	117607	19	9	86	0	0	0	0	0	0	0	0	0	0	0	0	0	0	
1961.255517	8	3	3	0	1	2	2	4199	132	42	117668	19	9	86	0	0	0	0	0	0	0	0	0	0	0	0	0	0	
1962.241917	8	3	3	0	1	2	2	4198	127	42	117727	19	9	86	0	0	0	0	0	0	0	0	0	0	0	0	0	0	
1963.247033	8	3	3	0	1	2	2	4198	122	42	117787	19	9	86	0	0	0	0	0	0	0	0	0	0	0	0	0	0	
1964.252167	8	3	3	0	1	2	2	4199	118	42	117848	19	9	86	0	0	0	0	0	0	0	0	0	0	0	0	0	0	
1965.238567	8	3	3	0	1	2	2	4198	113	42	117907	19	9	86	0	0	0	0	0	0	0	0	0	0	0	0	0	0	
1966.243683	8	3	3	0	1	2	2	4199	108	42	117967	19	9	86	0	0	0	0	0	0	0	0	0	0	0	0	0	0	
1967.250233	8	3	3	0	1	2	2	4199	106	42	118027	19	9	86	0	0	0	0	0	0	0	0	0	0	0	0	0	0	
1968.255367	8	3	3	0	1	2	2	4198	101	42	118088	19	9	86	0	0	0	0	0	0	0	0	0	0	0	0	0	0	
1969.241767	8	3	3	0	1	2	2	4199	97	42	118147	19	9	86	0	0	0	0	0	0	0	0	0	0	0	0	0	0	
1970.246883	8	3	3	0	1	2	2	4198	94	42	118207	19	9	86	0	0	0	0	0	0	0	0	0	0	0	0	0	0	
1971.252000	8	3	3	0	1	2	2	4198	91	42	118267	19	9	86	0	0	0	0	0	0	0	0	0	0	0	0	0	0	
1972.238400	8	3	3	0	1	2	2	4198	87	42	118327	19	9	86	0	0	0	0	0	0	0	0	0	0	0	0	0	0	
1973.244967	8	3	3	0	1	2	2	4199	84	42	118387	19	9	86	0	0	0	0	0	0	0	0	0	0	0	0	0	0	
1974.250083	8	3	3	0	1	2	2	4198	81	42	118447	19	9	86	0	0	0	0	0	0	0	0	0	0	0	0	0	0	
1975.255200	8	3	3	0	1	2	2	4198	78	42	118508	19	9	86	0	0	0	0	0	0	0	0	0	0	0	0	0	0	
1976.241600	8	3	3	0	1	2	2	4198	75	42	118567	19	9	86	0	0	0	0	0	0	0	0	0	0	0	0	0	0	
1977.246717	8	3	3	0	1	2	2	4198	73	42	118627	19	9	86	0	0	0	0	0	0	0	0	0	0	0	0	0	0	
1978.253283	8	3	3	0	1	2	2	4199	70	42	118687	19	9	86	0	0	0	0	0	0	0	0	0	0	0	0	0	0	
1979.239683	8	3	3	0	1	2	2	4198	67	42	118747	19	9	86	0	0	0	0	0	0	0	0	0	0	0	0	0	0	
1979.699033	8	6	3	0	2	7	1	3836	-1283	42	118774	19	10	0	0	0	0	0	0	0	0	0	0	0	0	0	0	0	
1980.246233	8	6	3	0	2	7	1	3780	-1349	42	118807	19	10	0	0	0	0	0	0	0	0	0	0	0	0	0	0	0	
1981.251367	8	6	3	0	2	7	1	3754	-1348	42	118867	19	10	2	0	0	0	0	0	0	0	0	0	0	0	0	0	0	
1982.257917	8	6	3	0	2	7	1	3735	-1350	42	118928	19	10	4	0	0	0	0	0	0	0	0	0	0	0	0	0	0	
1983.244317	8	6	3	0	2	7	1	3717	-1349	42	118987	19	10	5	0	0	0	0	0	0	0	0	0	0	0	0	0	0	
1984.249433	8	6	3	0	2	7	1	3691	-1350	42	119047	19	10	7	0	0	0	0	0	0	0	0	0	0	0	0	0	0	
1985.254567	8	6	3	0	2	7	1	3671	-1349	42	119108	19	10	9	0	0	0	0	0	0	0	0	0	0	0	0	0	0	
1986.240967	8	6	3	0	2	7	1	3653	-1350	42	119167	19	10	10	0	0	0	0	0	0	0	0	0	0	0	0	0	0	
1987.246083	8	6	3	0	2	7	1	3632	-1349	42	119227	19	10	12	0	0	0	0	0	0	0	0	0	0	0	0	0	0	
1988.252633	8	6	3	0	2	7	1	3609	-1351	42	119287	19	10	14	0	0	0	0	0	0	0	0	0	0	0	0	0	0	
1989.257767	8	6	3	0	2	7	1	3587	-1349	42	119348	19	10	15	0	0	0	0	0	0	0	0	0	0	0	0	0	0	
1990.244167	8	6	3	0	2	7	1	3571	-1349	42	119407	19	10	17	0	0	0	0	0	0	0	0	0	0	0	0	0	0	
1991.249283	8	6	3	0	2	7	1	3555	-1349	42	119467	19	10	19	0	0	0	0	0	0	0	0	0	0	0	0	0	0	
1992.254400	8	6	3	0	2	7	1	3543	-1350	42	119528	19	10	20	0	0	0	0	0	0	0	0	0	0	0	0	0	0	
1993.242233	8	6	3	0	2	7	1	3529	-1349	42	119587	19	10	22	0	0	0	0	0	0	0	0	0	0	0	0	0	0	
1994.247367	8	6	3	0	2	7	1	3517	-1350	42	119647	19	10	24	0	0	0	0	0	0	0	0	0	0	0	0	0	0	
1995.252483	8	6	3	0	2	7	1	3504	-1349	42	119707	19	10	25	0	0	0	0	0	0	0	0	0	0	0	0	0	0	
1996.257600	8	6	3	0	2	7	1	3498	-1349	42	119768	19	10	27	0	0	0	0	0	0	0	0	0	0	0	0	0	0	
1997.244000	8	6	3	0	2	7	1	3487	-1350	42	119827	19	10	29	0	0	0	0	0	0	0	0	0	0	0	0	0	0	
1998.249117	8	6	3	0	2	7	1	3477	-1351	42	119887	19	10	30	0	0	0	0	0	0	0	0	0	0	0	0	0	0	
1999.255683	8	6	3	0	2	7	1	3468	-1348	42	119948	19	10	32	0	0	0	0	0	0	0	0	0	0	0	0	0	0	
2000.242083	8	6	3	0	2	7	1	3458	-1351	42	120007	19	10	34	0	0	0	0	0	0	0	0	0	0	0	0	0	0	
2001.247200	8	6	3	0	2	7	1	3444	-1350	42	120067	19	10	35	0	0	0	0	0	0	0	0	0	0	0	0	0	0	
2002.252317	8	6	3	0	2	7	1	3434	-1350	41	120127	19	10	37	0	0	0	0	0	0	0	0	0	0	0	0	0	0	
2003.257433	8	6	3	0	2	7	1	3424	-1350	42	120188	19	10	39	0	0	0	0	0	0	0	0	0	0	0	0	0	0	
2004.243833	8	6	3	0	2	7	1	3415	-1351	42	120247	19	10	40	0	0	0	0	0	0	0	0	0	0	0	0	0	0	
2005.250400	8	6	3	0	2	7	1	3407	-1350	42	120307	19	10	42	0	0	0	0	0	0	0	0	0	0	0	0	0	0	
2006.255517	8	6	3	0	2	7	1	3399	-1348	42	120368	19	10	44	0	0	0	0	0	0	0	0	0	0	0	0	0	0	
2007.241917	8	6	3	0	2	7	1	3392	-1350	42	120427	19	10	45	0	0	0	0	0	0	0	0	0	0	0	0	0	0	
2008.247033	8	6	3	0	2	7	1	3384	-1352	42	120487	19	10	47	0	0	0	0	0	0	0	0	0	0	0	0	0	0	
2009.252167	8	6	3	0	2	7	1	3375	-1350	42	120547	19	10	48	0	0	0	0	0	0	0	0	0	0	0	0	0	0	
2010.258717	8	6	3	0	2	7	1	3366	-1351	42	120608	19	10	50	0	0	0	0	0	0	0	0	0	0	0	0	0	0	
2011.245117	8	6	3	0	2	7	1	3361	-1349	42	120667	19	10	52	0	0	0	0	0	0	0	0	0	0	0	0	0	0	
2012.250233	8	6	3	0	2	7	1	3354	-1348	42	120727	19	10	53	0	0	0	0	0	0	0	0	0	0	0	0	0	0	
2013.255367	8	6	3	0	2	7	1	3347	-1350	42	120787	19	10	55	0	0	0	0	0	0	0	0	0	0	0	0	0	0	
2014.241767	8	6	3	0	2	7	1	3341	-1350	42	120847	19	10	57	0	0	0	0	0	0	0	0	0	0	0	0	0	0	
2015.246883	8	6	3	0	2	7	1	3333	-1350	42	120907	19	10	58	0	0	0	0	0	0	0	0	0	0	0	0	0	0	
2016.253433	8	6	3	0	2	7	1	3326	-1350	42	120967	19	10	60	0	0	0	0	0	0	0	0	0	0	0	0	0	0	
2017.258567	8	6	3	0	2	7	1	3319	-1350	42	121028	19	10	62	0	0	0	0	0	0	0	0	0	0	0	0	0	0	
2018.244967	8	6	3	0	2	7	1	3313	-1349	42	121087	19	10	63	0	0	0	0	0	0	0	0	0	0	0	0	0	0	
2019.250083	8	6	3	0	2	7	1	3305	-1350	42	121147	19	10	65	0	0	0	0	0	0	0	0	0	0	0	0	0	0	
2020.255200	8	6	3	0	2	7	1	3298	-1350	42	121207	19	10	67	0	0	0	0	0	0	0	0	0	0	0	0	0	0	
2021.243033	8	6	3	0	2	7	1	3291	-1350	42	121267	19	10	68	0	0	0	0	0	0	0	0	0	0	0	0	0	0	
2022.248167	8	6	3	0	2	7	1	3280	-1352	42	121327	19	10	70	0	0	0	0	0	0	0	0	0	0	0	0	0	0	
2023.253283	8	6	3	0	2	7	1	3271	-1349	42	121387	19	10	72	0	0	0	0	0	0	0	0	0	0	0	0	0	0	
2024.258400	8	6	3	0	2	7	1	3258	-1351	42	121448	19	10	73	0	0	0	0	0	0	0	0	0	0	0	0	0	0	
2025.244800	8	6	3	0	2	7	1	3246	-1349	42	121507	19	10	75	0	0	0	0	0	0	0	0	0	0	0	0	0	0	
2026.249917	8	6	3	0	2	7	1	3229	-1349	42	121567	19	10	77	0	0	0	0	0	0	0	0	0	0	0	0	0	0	
2027.256483	8	6	3	0	2	7	1	3208	-1349	42	121627	19	10	78	0	0	0	0	0	0	0	0	0	0	0	0	0	0	
2028.242883	8	6	3	0	2	7	1	3181	-1350	42	121687	19	10	80	0	0	0	0	0	0	0	0	0	0	0	0	0	0	
2029.248000	8	6	3	0	2	7	1	3143	-1350	42	121747	19	10	82	0	0	0	0	0	0	0	0	0	0	0	0	0	0	
2030.253117	8	6	3	0	2	7	1	3073	-1348	42	121807	19	10	83	0	0	0	0	0	0	0	0	0	0	0	0	0	0	
2031.258233	8	6	3	0	2	7	1	2934	-1349	42	121868	19	10	85	0	0	0	0	0	0	0	0	0	0	0	0	0	0	
2032.057433	8	15	3	0	1	31	2	3060	3	42	121915	21	10	86	0	0	0	0	0	0	0	0	0	0	0	0	0	0	
2032.077600	8	3	3	0	1	2	2	3252	679	42	121917	21	10	86	0	0	0	0	0	0	0	0	0	0	0	0	0	0	
2032.248967	8	3	3	0	1	2	2	3368	676	42	121927	21	10	86	0	0	0	0	0	0	0	0	0	0	0	0	0	0	
2033.254083	8	3	3	0	1	2	2	3579	675	42	121987	21	10	86	0	0	0	0	0	0	0	0	0	0	0	0	0	0	
2034.259200	8	3	3	0	1	2	2	3675	674	42	122048	21	10	86	0	0	0	0	0	0	0	0	0	0	0	0	0	0	
2035.245600	8	3	3	0	1	2	2	3739	674	42	122107	21	10	86	0	0	0	0	0	0	0	0	0	0	0	0	0	0	
2036.252167	8	3	3	0	1	2	2	3786	675	42	122167	21	10	86	0	0	0	0	0	0	0	0	0	0	0	0	0	0	
2037.257283	8	3	3	0	1	2	2	3822	675	42	122227	21	10	86	0	0	0	0	0	0	0	0	0	0	0	0	0	0	
2038.243683	8	3	3	0	1	2	2	3843	674	42	122287	21	10	86	0	0	0	0	0	0	0	0	0	0	0	0	0	0	
2039.248800	8	3	3	0	1	2	2	3855	674	42	122347	21	10	86	0	0	0	0	0	0	0	0	0	0	0	0	0	0	
2040.253917	8	3	3	0	1	2	2	3862	674	42	122407	21	10	86	0	0	0	0	0	0	0	0	0	0	0	0	0	0	
2041.260483	8	3	3	0	1	2	2	3868	674	42	122468	21	10	86	0	0	0	0	0	0	0	0	0	0	0	0	0	0	
2042.246883	8	3	3	0	1	2	2	3873	675	42	122527	21	10	86	0	0	0	0	0	0	0	0	0	0	0	0	0	0	
2043.252000	8	3	3	0	1	2	2	3879	675	42	122587	21	10	86	0	0	0	0	0	0	0	0	0	0	0	0	0	0	
2044.257117	8	3	3	0	1	2	2	3884	674	42	122647	21	10	86	0	0	0	0	0	0	0	0	0	0	0	0	0	0	
2045.243517	8	3	3	0	1	2	2	3889	675	42	122707	21	10	86	0	0	0	0	0	0	0	0	0	0	0	0	0	0	
2046.250083	8	3	3	0	1	2	2	3895	675	42	122767	21	10	86	0	0	0	0	0	0	0	0	0	0	0	0	0	0	
2047.255200	8	3	3	0	1	2	2	3901	674	42	122827	21	10	86	0	0	0	0	0	0	0	0	0	0	0	0	0	0	
2048.260317	8	3	3	0	1	2	2	3907	674	42	122888	21	10	86	0	0	0	0	0	0	0	0	0	0	0	0	0	0	
2049.246717	8	3	3	0	1	2	2	3913	674	42	122947	21	10	86	0	0	0	0	0	0	0	0	0	0	0	0	0	0	
2050.251833	8	3	3	0	1	2	2	3920	675	42	123007	21	10	86	0	0	0	0	0	0	0	0	0	0	0	0	0	0	
2051.258400	8	3	3	0	1	2	2	3926	674	42	123067	21	10	86	0	0	0	0	0	0	0	0	0	0	0	0	0	0	
2052.244800	8	3	3	0	1	2	2	3932	674	42	123127	21	10	86	0	0	0	0	0	0	0	0	0	0	0	0	0	0	
2053.249917	8	3	3	0	1	2	2	3937	674	42	123187	21	10	86	0	0	0	0	0	0	0	0	0	0	0	0	0	0	
2054.255033	8	3	3	0	1	2	2	3943	675	42	123247	21	10	86	0	0	0	0	0	0	0	0	0	0	0	0	0	0	
2055.260167	8	3	3	0	1	2	2	3948	674	42	123308	21	10	86	0	0	0	0	0	0	0	0	0	0	0	0	0	0	
2056.248000	8	3	3	0	1	2	2	3953	675	42	123367	21	10	86	0	0	0	0	0	0	0	0	0	0	0	0	0	0	
2057.253117	8	3	3	0	1	2	2	3957	675	42	123427	21	10	86	0	0	0	0	0	0	0	0	0	0	0	0	0	0	
2058.258233	8	3	3	0	1	2	2	3961	674	42	123487	21	10	86	0	0	0	0	0	0	0	0	0	0	0	0	0	0	
2059.244633	8	3	3	0	1	2	2	3965	674	42	123547	21	10	86	0	0	0	0	0	0	0	0	0	0	0	0	0	0	
2060.249767	8	3	3	0	1	2	2	3968	673	42	123607	21	10	86	0	0	0	0	0	0	0	0	0	0	0	0	0	0	
2061.256317	8	3	3	0	1	2	2	3972	675	42	123667	21	10	86	0	0	0	0	0	0	0	0	0	0	0	0	0	0	
2062.261433	8	3	3	0	1	2	2	3974	674	42	123728	21	10	86	0	0	0	0	0	0	0	0	0	0	0	0	0	0	
2063.247833	8	3	3	0	1	2	2	3978	675	42	123787	21	10	86	0	0	0	0	0	0	0	0	0	0	0	0	0	0	
2064.252967	8	3	3	0	1	2	2	3981	674	42	123847	21	10	86	0	0	0	0	0	0	0	0	0	0	0	0	0	0	
2065.258083	8	3	3	0	1	2	2	3984	675	42	123907	21	10	86	0	0	0	0	0	0	0	0	0	0	0	0	0	0	
2066.264633	8	3	3	0	1	2	2	3987	673	42	123968	21	10	86	0	0	0	0	0	0	0	0	0	0	0	0	0	0	
2067.251033	8	3	3	0	1	2	2	3990	675	42	124027	21	10	86	0	0	0	0	0	0	0	0	0	0	0	0	0	0	
2068.256167	8	3	3	0	1	2	2	3994	674	42	124087	21	10	86	0	0	0	0	0	0	0	0	0	0	0	0	0	0	
2069.261283	8	3	3	0	1	2	2	3997	673	42	124148	21	10	86	0	0	0	0	0	0	0	0	0	0	0	0	0	0	
2070.247683	8	3	3	0	1	2	2	4000	674	42	124207	21	10	86	0	0	0	0	0	0	0	0	0	0	0	0	0	0	
2071.252800	8	3	3	0	1	2	2	4003	674	42	124267	21	10	86	0	0	0	0	0	0	0	0	0	0	0	0	0	0	
2072.259367	8	3	3	0	1	2	2	4007	674	42	124327	21	10	86	0	0	0	0	0	0	0	0	0	0	0	0	0	0	
2073.264483	8	3	3	0	1	2	2	4010	675	42	124388	21	10	86	0	0	0	0	0	0	0	0	0	0	0	0	0	0	
2074.250883	8	3	3	0	1	2	2	4014	674	42	124447	21	10	86	0	0	0	0	0	0	0	0	0	0	0	0	0	0	
2075.256000	8	3	3	0	1	2	2	4017	674	42	124507	21	10	86	0	0	0	0	0	0	0	0	0	0	0	0	0	0	
2076.261117	8	3	3	0	1	2	2	4021	674	42	124568	21	10	86	0	0	0	0	0	0	0	0	0	0	0	0	0	0	
2077.247517	8	3	3	0	1	2	2	4024	674	42	124627	21	10	86	0	0	0	0	0	0	0	0	0	0	0	0	0	0	
2078.254083	8	3	3	0	1	2	2	4028	674	42	124687	21	10	86	0	0	0	0	0	0	0	0	0	0	0	0	0	0	
2079.259200	8	3	3	0	1	2	2	4032	675	42	124747	21	10	86	0	0	0	0	0	0	0	0	0	0	0	0	0	0	
2080.264317	8	3	3	0	1	2	2	4035	673	42	124808	21	10	86	0	0	0	0	0	0	0	0	0	0	0	0	0	0	
2081.250717	8	3	3	0	1	2	2	4039	672	42	124867	21	10	86	0	0	0	0	0	0	0	0	0	0	0	0	0	0	
2082.255833	8	3	3	0	1	2	2	4043	674	42	124927	21	10	86	0	0	0	0	0	0	0	0	0	0	0	0	0	0	
2083.260967	8	3	3	0	1	2	2	4047	675	42	124988	21	10	86	0	0	0	0	0	0	0	0	0	0	0	0	0	0	
2084.248800	8	3	3	0	1	2	2	4051	674	42	125047	21	10	86	0	0	0	0	0	0	0	0	0	0	0	0	0	0	
2085.253917	8	3	3	0	1	2	2	4055	675	42	125107	21	10	86	0	0	0	0	0	0	0	0	0	0	0	0	0	0	
2086.259033	8	3	3	0	1	2	2	4059	674	42	125167	21	10	86	0	0	0	0	0	0	0	0	0	0	0	0	0	0	
2087.264167	8	3	3	0	1	2	2	4064	674	42	125228	21	10	86	0	0	0	0	0	0	0	0	0	0	0	0	0	0	
2088.250567	8	3	3	0	1	2	2	4069	675	42	125287	21	10	86	0	0	0	0	0	0	0	0	0	0	0	0	0	0	
2089.257117	8	3	3	0	1	2	2	4073	674	42	125347	21	10	86	0	0	0	0	0	0	0	0	0	0	0	0	0	0	
2090.262233	8	3	3	0	1	2	2	4078	675	42	125408	21	10	86	0	0	0	0	0	0	0	0	0	0	0	0	0	0	
2091.248633	8	3	3	0	1	2	2	4082	674	42	125467	21	10	86	0	0	0	0	0	0	0	0	0	0	0	0	0	0	
2092.253767	8	3	3	0	1	2	2	4088	676	42	125527	21	10	86	0	0	0	0	0	0	0	0	0	0	0	0	0	0	
2093.258883	8	3	3	0	1	2	2	4092	674	42	125587	21	10	86	0	0	0	0	0	0	0	0	0	0	0	0	0	0	
2094.265433	8	3	3	0	1	2	2	4097	675	42	125648	21	10	86	0	0	0	0	0	0	0	0	0	0	0	0	0	0	
2095.251833	8	3	3	0	1	2	2	4102	674	42	125707	21	10	86	0	0	0	0	0	0	0	0	0	0	0	0	0	0	
2096.256967	8	3	3	0	1	2	2	4107	674	42	125767	21	10	86	0	0	0	0	0	0	0	0	0	0	0	0	0	0	
2097.262083	8	3	3	0	1	2	2	4112	675	42	125827	21	10	86	0	0	0	0	0	0	0	0	0	0	0	0	0	0	
2098.248483	8	3	3	0	1	2	2	4118	674	42	125887	21	10	86	0	0	0	0	0	0	0	0	0	0	0	0	0	0	
2099.255033	8	3	3	0	1	2	2	4120	665	42	125947	21	10	86	0	0	0	0	0	0	0	0	0	0	0	0	0	0	
2100.260167	8	3	3	0	1	2	2	4125	663	42	126007	21	10	86	0	0	0	0	0	0	0	0	0	0	0	0	0	0	
2101.265283	8	3	3	0	1	2	2	4130	661	42	126068	21	10	86	0	0	0	0	0	0	0	0	0	0	0	0	0	0	
2102.251683	8	3	3	0	1	2	2	4136	663	42	126127	21	10	86	0	0	0	0	0	0	0	0	0	0	0	0	0	0	
2103.256800	8	3	3	0	1	2	2	4141	660	42	126187	21	10	86	0	0	0	0	0	0	0	0	0	0	0	0	0	0	
2104.263367	8	3	3	0	1	2	2	4147	660	42	126247	21	10	86	0	0	0	0	0	0	0	0	0	0	0	0	0	0	
2105.251200	8	3	3	0	1	2	2	4152	659	42	126307	21	10	86	0	0	0	0	0	0	0	0	0	0	0	0	0	0	
2106.256317	8	3	3	0	1	2	2	4158	659	42	126367	21	10	86	0	0	0	0	0	0	0	0	0	0	0	0	0	0	
2107.261433	8	3	3	0	1	2	2	4164	658	42	126427	21	10	86	0	0	0	0	0	0	0	0	0	0	0	0	0	0	
2108.247833	8	3	3	0	1	2	2	4169	657	42	126487	21	10	86	0	0	0	0	0	0	0	0	0	0	0	0	0	0	
2109.254400	8	3	3	0	1	2	2	4176	657	42	126547	21	10	86	0	0	0	0	0	0	0	0	0	0	0	0	0	0	
2110.259517	8	3	3	0	1	2	2	4182	656	42	126607	21	10	86	0	0	0	0	0	0	0	0	0	0	0	0	0	0	
2111.264633	8	3	3	0	1	2	2	4188	655	42	126668	21	10	86	0	0	0	0	0	0	0	0	0	0	0	0	0	0	
2112.251033	8	3	3	0	1	2	2	4194	655	42	126727	21	10	86	0	0	0	0	0	0	0	0	0	0	0	0	0	0	
2113.256167	8	3	3	0	1	2	2	4199	647	42	126787	21	10	86	0	0	0	0	0	0	0	0	0	0	0	0	0	0	
2114.262717	8	3	3	0	1	2	2	4198	625	42	126847	21	10	86	0	0	0	0	0	0	0	0	0	0	0	0	0	0	
2115.267833	8	3	3	0	1	2	2	4199	602	42	126908	21	10	86	0	0	0	0	0	0	0	0	0	0	0	0	0	0	
2116.254233	8	3	3	0	1	2	2	4199	582	42	126967	21	10	86	0	0	0	0	0	0	0	0	0	0	0	0	0	0	
2117.259367	8	3	3	0	1	2	2	4198	561	42	127027	21	10	86	0	0	0	0	0	0	0	0	0	0	0	0	0	0	
2118.264483	8	3	3	0	1	2	2	4198	541	42	127088	21	10	86	0	0	0	0	0	0	0	0	0	0	0	0	0	0	
2119.250883	8	3	3	0	1	2	2	4198	523	42	127147	21	10	86	0	0	0	0	0	0	0	0	0	0	0	0	0	0	
2120.257433	8	3	3	0	1	2	2	4198	504	42	127207	21	10	86	0	0	0	0	0	0	0	0	0	0	0	0	0	0	
2121.262567	8	3	3	0	1	2	2	4199	486	42	127267	21	10	86	0	0	0	0	0	0	0	0	0	0	0	0	0	0	
2122.267683	8	3	3	0	1	2	2	4199	469	42	127328	21	10	86	0	0	0	0	0	0	0	0	0	0	0	0	0	0	
2123.254083	8	3	3	0	1	2	2	4199	452	42	127387	21	10	86	0	0	0	0	0	0	0	0	0	0	0	0	0	0	
2124.259200	8	3	3	0	1	2	2	4199	436	42	127447	21	10	86	0	0	0	0	0	0	0	0	0	0	0	0	0	0	
2125.264317	8	3	3	0	1	2	2	4198	421	42	127508	21	10	86	0	0	0	0	0	0	0	0	0	0	0	0	0	0	
2126.252167	8	3	3	0	1	2	2	4199	406	42	127567	21	10	86	0	0	0	0	0	0	0	0	0	0	0	0	0	0	
2127.257283	8	3	3	0	1	2	2	4199	391	42	127627	21	10	86	0	0	0	0	0	0	0	0	0	0	0	0	0	0	
2128.262400	8	3	3	0	1	2	2	4199	376	42	127687	21	10	86	0	0	0	0	0	0	0	0	0	0	0	0	0	0	
2129.267517	8	3	3	0	1	2	2	4198	363	42	127748	21	10	86	0	0	0	0	0	0	0	0	0	0	0	0	0	0	
2130.253917	8	3	3	0	1	2	2	4199	349	42	127807	21	10	86	0	0	0	0	0	0	0	0	0	0	0	0	0	0	
2131.260483	8	3	3	0	1	2	2	4198	337	42	127867	21	10	86	0	0	0	0	0	0	0	0	0	0	0	0	0	0	
2132.265600	8	3	3	0	1	2	2	4198	324	42	127928	21	10	86	0	0	0	0	0	0	0	0	0	0	0	0	0	0	
2133.252000	8	3	3	0	1	2	2	4198	313	42	127987	21	10	86	0	0	0	0	0	0	0	0	0	0	0	0	0	0	
2134.257117	8	3	3	0	1	2	2	4199	301	42	128047	21	10	86	0	0	0	0	0	0	0	0	0	0	0	0	0	0	
2135.262233	8	3	3	0	1	2	2	4199	290	42	128107	21	10	86	0	0	0	0	0	0	0	0	0	0	0	0	0	0	
2136.268800	8	3	3	0	1	2	2	4199	279	42	128168	21	10	86	0	0	0	0	0	0	0	0	0	0	0	0	0	0	
2137.255200	8	3	3	0	1	2	2	4199	269	42	128227	21	10	86	0	0	0	0	0	0	0	0	0	0	0	0	0	0	
2138.260317	8	3	3	0	1	2	2	4199	258	42	128287	21	10	86	0	0	0	0	0	0	0	0	0	0	0	0	0	0	
2139.265433	8	3	3	0	1	2	2	4198	250	42	128348	21	10	86	0	0	0	0	0	0	0	0	0	0	0	0	0	0	
2140.251833	8	3	3	0	1	2	2	4198	241	42	128407	21	10	86	0	0	0	0	0	0	0	0	0	0	0	0	0	0	
2141.258400	8	3	3	0	1	2	2	4199	231	42	128467	21	10	86	0	0	0	0	0	0	0	0	0	0	0	0	0	0	
2142.263517	8	3	3	0	1	2	2	4198	223	42	128527	21	10	86	0	0	0	0	0	0	0	0	0	0	0	0	0	0	
2143.268633	8	3	3	0	1	2	2	4198	215	42	128588	21	10	86	0	0	0	0	0	0	0	0	0	0	0	0	0	0	
2144.255033	8	3	3	0	1	2	2	4199	207	42	128647	21	10	86	0	0	0	0	0	0	0	0	0	0	0	0	0	0	
2145.260167	8	3	3	0	1	2	2	4198	198	42	128707	21	10	86	0	0	0	0	0	0	0	0	0	0	0	0	0	0	
2146.266717	8	3	3	0	1	2	2	4199	192	42	128767	21	10	86	0	0	0	0	0	0	0	0	0	0	0	0	0	0	
2147.253117	8	3	3	0	1	2	2	4199	184	42	128827	21	10	86	0	0	0	0	0	0	0	0	0	0	0	0	0	0	
2148.258233	8	3	3	0	1	2	2	4199	177	42	128887	21	10	86	0	0	0	0	0	0	0	0	0	0	0	0	0	0	
2149.263367	8	3	3	0	1	2	2	4198	171	42	128947	21	10	86	0	0	0	0	0	0	0	0	0	0	0	0	0	0	
2150.268483	8	3	3	0	1	2	2	4199	165	42	129008	21	10	86	0	0	0	0	0	0	0	0	0	0	0	0	0	0	
2151.256317	8	3	3	0	1	2	2	4199	158	42	129067	21	10	86	0	0	0	0	0	0	0	0	0	0	0	0	0	0	
2152.261433	8	3	3	0	1	2	2	4199	153	42	129127	21	10	86	0	0	0	0	0	0	0	0	0	0	0	0	0	0	
2153.266567	8	3	3	0	1	2	2	4198	147	42	129187	21	10	86	0	0	0	0	0	0	0	0	0	0	0	0	0	0	
2154.252967	8	3	3	0	1	2	2	4199	141	42	129247	21	10	86	0	0	0	0	0	0	0	0	0	0	0	0	0	0	
2155.258083	8	3	3	0	1	2	2	4199	137	42	129307	21	10	86	0	0	0	0	0	0	0	0	0	0	0	0	0	0	
2156.264633	8	3	3	0	1	2	2	4199	130	42	129367	21	10	86	0	0	0	0	0	0	0	0	0	0	0	0	0	0	
2157.269767	8	3	3	0	1	2	2	4198	126	42	129428	21	10	86	0	0	0	0	0	0	0	0	0	0	0	0	0	0	
2158.256167	8	3	3	0	1	2	2	4199	121	42	129487	21	10	86	0	0	0	0	0	0	0	0	0	0	0	0	0	0	
2159.261283	8	3	3	0	1	2	2	4199	117	42	129547	21	10	86	0	0	0	0	0	0	0	0	0	0	0	0	0	0	
2160.266400	8	3	3	0	1	2	2	4199	113	42	129607	21	10	86	0	0	0	0	0	0	0	0	0	0	0	0	0	0	
2161.252800	8	3	3	0	1	2	2	4199	109	42	129667	21	10	86	0	0	0	0	0	0	0	0	0	0	0	0	0	0	
2162.259367	8	3	3	0	1	2	2	4198	105	42	129727	21	10	86	0	0	0	0	0	0	0	0	0	0	0	0	0	0	
2163.264483	8	3	3	0	1	2	2	4199	100	42	129787	21	10	86	0	0	0	0	0	0	0	0	0	0	0	0	0	0	
2164.269600	8	3	3	0	1	2	2	4199	98	42	129848	21	10	86	0	0	0	0	0	0	0	0	0	0	0	0	0	0	
2165.256000	8	3	3	0	1	2	2	4199	93	42	129907	21	10	86	0	0	0	0	0	0	0	0	0	0	0	0	0	0	
2166.261117	8	3	3	0	1	2	2	4198	90	42	129967	21	10	86	0	0	0	0	0	0	0	0	0	0	0	0	0	0	
2167.267683	8	3	3	0	1	2	2	4198	87	42	130027	21	10	86	0	0	0	0	0	0	0	0	0	0	0	0	0	0	
2168.254083	8	3	3	0	1	2	2	4198	84	42	130087	21	10	86	0	0	0	0	0	0	0	0	0	0	0	0	0	0	
2169.259200	8	3	3	0	1	2	2	4198	81	42	130147	21	10	86	0	0	0	0	0	0	0	0	0	0	0	0	0	0	
2170.264317	8	3	3	0	1	2	2	4199	77	42	130207	21	10	86	0	0	0	0	0	0	0	0	0	0	0	0	0	0	
2171.269433	8	3	3	0	1	2	2	4198	76	42	130268	21	10	86	0	0	0	0	0	0	0	0	0	0	0	0	0	0	
2172.255833	8	3	3	0	1	2	2	4198	73	42	130327	21	10	86	0	0	0	0	0	0	0	0	0	0	0	0	0	0	
2173.262400	8	3	3	0	1	2	2	4199	70	42	130387	21	10	86	0	0	0	0	0	0	0	0	0	0	0	0	0	0	
2174.211367	8	6	3	0	2	7	1	3806	-1348	42	130444	21	11	0	0	0	0	0	0	0	0	0	0	0	0	0	0	0	
2174.268967	8	6	3	0	2	7	1	3788	-1349	42	130448	21	11	0	0	0	0	0	0	0	0	0	0	0	0	0	0	0	
2175.255367	8	6	3	0	2	7	1	3751	-1350	42	130507	21	11	1	0	0	0	0	0	0	0	0	0	0	0	0	0	0	
2176.261917	8	6	3	0	2	7	1	3729	-1349	42	130567	21	11	3	0	0	0	0	0	0	0	0	0	0	0	0	0	0	
2177.267033	8	6	3	0	2	7	1	3710	-1349	42	130627	21	11	5	0	0	0	0	0	0	0	0	0	0	0	0	0	0	
2178.272167	8	6	3	0	2	7	1	3705	-1348	42	130688	21	11	6	0	0	0	0	0	0	0	0	0	0	0	0	0	0	
2179.258567	8	6	3	0	2	7	1	3687	-1349	42	130747	21	11	8	0	0	0	0	0	0	0	0	0	0	0	0	0	0	
2180.263683	8	6	3	0	2	7	1	3666	-1349	42	130807	21	11	10	0	0	0	0	0	0	0	0	0	0	0	0	0	0	
2181.268800	8	6	3	0	2	7	1	3644	-1351	42	130868	21	11	11	0	0	0	0	0	0	0	0	0	0	0	0	0	0	
2182.256633	8	6	3	0	2	7	1	3624	-1346	42	130927	21	11	13	0	0	0	0	0	0	0	0	0	0	0	0	0	0	
2183.261767	8	6	3	0	2	7	1	3604	-1351	42	130987	21	11	14	0	0	0	0	0	0	0	0	0	0	0	0	0	0	
2184.266883	8	6	3	0	2	7	1	3589	-1351	42	131047	21	11	16	0	0	0	0	0	0	0	0	0	0	0	0	0	0	
2185.272000	8	6	3	0	2	7	1	3572	-1349	42	131108	21	11	18	0	0	0	0	0	0	0	0	0	0	0	0	0	0	
2186.258400	8	6	3	0	2	7	1	3561	-1350	42	131167	21	11	19	0	0	0	0	0	0	0	0	0	0	0	0	0	0	
2187.263517	8	6	3	0	2	7	1	3550	-1349	42	131227	21	11	21	0	0	0	0	0	0	0	0	0	0	0	0	0	0	
2188.270083	8	6	3	0	2	7	1	3535	-1350	42	131288	21	11	23	0	0	0	0	0	0	0	0	0	0	0	0	0	0	
2189.256483	8	6	3	0	2	7	1	3522	-1351	42	131347	21	11	24	0	0	0	0	0	0	0	0	0	0	0	0	0	0	
2190.261600	8	6	3	0	2	7	1	3511	-1350	42	131407	21	11	26	0	0	0	0	0	0	0	0	0	0	0	0	0	0	
2191.266717	8	6	3	0	2	7	1	3503	-1351	42	131467	21	11	28	0	0	0	0	0	0	0	0	0	0	0	0	0	0	
2192.273283	8	6	3	0	2	7	1	3489	-1350	42	131528	21	11	29	0	0	0	0	0	0	0	0	0	0	0	0	0	0	
2193.259683	8	6	3	0	2	7	1	3477	-1349	42	131587	21	11	31	0	0	0	0	0	0	0	0	0	0	0	0	0	0	
2194.264800	8	6	3	0	2	7	1	3468	-1348	42	131647	21	11	33	0	0	0	0	0	0	0	0	0	0	0	0	0	0	
2195.269917	8	6	3	0	2	7	1	3455	-1350	42	131707	21	11	34	0	0	0	0	0	0	0	0	0	0	0	0	0	0	
2196.256317	8	6	3	0	2	7	1	3445	-1350	42	131767	21	11	36	0	0	0	0	0	0	0	0	0	0	0	0	0	0	
2197.261433	8	6	3	0	2	7	1	3436	-1349	42	131827	21	11	38	0	0	0	0	0	0	0	0	0	0	0	0	0	0	
2198.268000	8	6	3	0	2	7	1	3425	-1351	42	131887	21	11	39	0	0	0	0	0	0	0	0	0	0	0	0	0	0	
2199.273117	8	6	3	0	2	7	1	3415	-1347	42	131948	21	11	41	0	0	0	0	0	0	0	0	0	0	0	0	0	0	
2200.259517	8	6	3	0	2	7	1	3407	-1349	42	132007	21	11	43	0	0	0	0	0	0	0	0	0	0	0	0	0	0	
2201.264633	8	6	3	0	2	7	1	3399	-1349	42	132067	21	11	44	0	0	0	0	0	0	0	0	0	0	0	0	0	0	
2202.271200	8	6	3	0	2	7	1	3391	-1349	42	132127	21	11	46	0	0	0	0	0	0	0	0	0	0	0	0	0	0	
2203.257600	8	6	3	0	2	7	1	3383	-1350	42	132187	21	11	48	0	0	0	0	0	0	0	0	0	0	0	0	0	0	
2204.262717	8	6	3	0	2	7	1	3374	-1349	42	132247	21	11	49	0	0	0	0	0	0	0	0	0	0	0	0	0	0	
2205.267833	8	6	3	0	2	7	1	3367	-1350	42	132307	21	11	51	0	0	0	0	0	0	0	0	0	0	0	0	0	0	
2206.272967	8	6	3	0	2	7	1	3360	-1348	42	132368	21	11	53	0	0	0	0	0	0	0	0	0	0	0	0	0	0	
2207.259367	8	6	3	0	2	7	1	3352	-1350	42	132427	21	11	54	0	0	0	0	0	0	0	0	0	0	0	0	0	0	
2208.265917	8	6	3	0	2	7	1	3344	-1351	42	132487	21	11	56	0	0	0	0	0	0	0	0	0	0	0	0	0	0	
2209.271033	8	6	3	0	2	7	1	3338	-1349	42	132547	21	11	58	0	0	0	0	0	0	0	0	0	0	0	0	0	0	
2210.257433	8	6	3	0	2	7	1	3331	-1348	42	132607	21	11	59	0	0	0	0	0	0	0	0	0	0	0	0	0	0	
2211.262567	8	6	3	0	2	7	1	3325	-1349	42	132667	21	11	61	0	0	0	0	0	0	0	0	0	0	0	0	0	0	
2212.267683	8	6	3	0	2	7	1	3318	-1349	42	132727	21	11	62	0	0	0	0	0	0	0	0	0	0	0	0	0	0	
2213.272800	8	6	3	0	2	7	1	3311	-1350	42	132788	21	11	64	0	0	0	0	0	0	0	0	0	0	0	0	0	0	
2214.260633	8	6	3	0	2	7	1	3304	-1350	42	132847	21	11	66	0	0	0	0	0	0	0	0	0	0	0	0	0	0	
2215.265767	8	6	3	0	2	7	1	3298	-1351	42	132907	21	11	67	0	0	0	0	0	0	0	0	0	0	0	0	0	0	
2216.270883	8	6	3	0	2	7	1	3289	-1350	42	132967	21	11	69	0	0	0	0	0	0	0	0	0	0	0	0	0	0	
2217.257283	8	6	3	0	2	7	1	3280	-1348	42	133027	21	11	71	0	0	0	0	0	0	0	0	0	0	0	0	0	0	
2218.262400	8	6	3	0	2	7	1	3270	-1350	42	133087	21	11	72	0	0	0	0	0	0	0	0	0	0	0	0	0	0	
2219.271833	8	6	3	0	2	7	1	3256	-1350	42	133147	21	11	74	0	0	0	0	0	0	0	0	0	0	0	0	0	0	
2220.258233	8	6	3	0	2	7	1	3241	-1350	42	133207	21	11	76	0	0	0	0	0	0	0	0	0	0	0	0	0	0	
2221.263367	8	6	3	0	2	7	1	3222	-1351	42	133267	21	11	77	0	0	0	0	0	0	0	0	0	0	0	0	0	0	
2222.268483	8	6	3	0	2	7	1	3198	-1349	42	133327	21	11	79	0	0	0	0	0	0	0	0	0	0	0	0	0	0	
2223.275033	8	6	3	0	2	7	1	3165	-1349	42	133388	21	11	81	0	0	0	0	0	0	0	0	0	0	0	0	0	0	
2224.261433	8	6	3	0	2	7	1	3114	-1349	42	133447	21	11	82	0	0	0	0	0	0	0	0	0	0	0	0	0	0	
2225.266567	8	6	3	0	2	7	1	3012	-1353	42	133507	21	11	84	0	0	0	0	0	0	0	0	0	0	0	0	0	0	
2226.271683	8	6	3	0	2	7	1	2790	-1349	42	133567	21	11	86	0	0	0	0	0	0	0	0	0	0	0	0	0	0	
2226.525117	10	0	5	0	0	15	0	2871	0	42	133582	21	11	86	0	0	0	0	0	0	0	0	0	0	0	0	0	0	
2226.535200	8	15	3	0	0	31	0	3052	0	42	133582	21	11	86	0	0	0	0	0	0	0	0	0	0	0	0	0	0	
