Time	Status code	Status category	Status color	Pgm code	Pgm step	Pgm para	Pgm cycle	mV	mA	Temperature	Duration	Charge count	Discharge count	Capacity	Analog input 1	Analog input 2	Analog input 3	Analog input 4	Digital input 1	Digital input 2	Digital input 3	Digital input 4	Digital output 1	Digital output 2	Digital output 3	Digital output 4	Analog output 1	Analog output 2	
0.000000	8	3	3	0	1	2	2	3729	219	24	1	1	0	0	0	0	0	0	0	0	0	0	0	0	0	0	0	0	
0.666717	8	3	3	0	1	2	2	3909	674	24	41	1	0	0	0	0	0	0	0	0	0	0	0	0	0	0	0	0	
1.673283	8	3	3	0	1	2	2	3972	673	25	101	1	0	0	0	0	0	0	0	0	0	0	0	0	0	0	0	0	
2.669767	8	3	3	0	1	2	2	4053	675	26	161	1	0	0	0	0	0	0	0	0	0	0	0	0	0	0	0	0	
3.664800	8	3	3	0	1	2	2	3994	675	27	221	1	0	0	0	0	0	0	0	0	0	0	0	0	0	0	0	0	
4.661283	8	3	3	0	1	2	2	4003	674	29	281	1	0	0	0	0	0	0	0	0	0	0	0	0	0	0	0	0	
5.675033	8	3	3	0	1	2	2	4082	675	30	342	1	0	0	0	0	0	0	0	0	0	0	0	0	0	0	0	0	
6.671517	8	3	3	0	1	2	2	4199	298	31	401	1	0	0	0	0	0	0	0	0	0	0	0	0	0	0	0	0	
7.668000	8	3	3	0	1	2	2	4198	430	32	461	1	0	0	0	0	0	0	0	0	0	0	0	0	0	0	0	0	
8.663033	8	3	3	0	1	2	2	4198	281	34	521	1	0	0	0	0	0	0	0	0	0	0	0	0	0	0	0	0	
9.678233	8	3	3	0	1	2	2	4198	108	35	582	1	0	0	0	0	0	0	0	0	0	0	0	0	0	0	0	0	
10.274400	8	6	3	0	2	7	1	3165	-1349	36	617	1	1	0	0	0	0	0	0	0	0	0	0	0	0	0	0	0	
10.676167	8	6	3	0	2	7	1	3093	-1350	37	642	1	1	0	0	0	0	0	0	0	0	0	0	0	0	0	0	0	
11.671200	8	6	3	0	2	7	1	3102	-1349	38	701	1	1	2	0	0	0	0	0	0	0	0	0	0	0	0	0	0	
12.667683	8	6	3	0	2	7	1	3090	-1349	39	761	1	1	3	0	0	0	0	0	0	0	0	0	0	0	0	0	0	
13.675683	8	6	3	0	2	7	1	2991	-1350	40	822	1	1	5	0	0	0	0	0	0	0	0	0	0	0	0	0	0	
14.662083	8	6	3	0	2	7	1	2855	-1349	40	881	1	1	7	0	0	0	0	0	0	0	0	0	0	0	0	0	0	
15.629767	8	15	3	0	1	31	2	3404	311	41	939	3	1	8	0	0	0	0	0	0	0	0	0	0	0	0	0	0	
15.651367	8	3	3	0	1	2	2	3548	678	41	940	3	1	8	0	0	0	0	0	0	0	0	0	0	0	0	0	0	
15.671517	8	3	3	0	1	2	2	3558	676	41	941	3	1	8	0	0	0	0	0	0	0	0	0	0	0	0	0	0	
16.676633	8	3	3	0	1	2	2	3710	674	42	1002	3	1	8	0	0	0	0	0	0	0	0	0	0	0	0	0	0	
17.663033	8	3	3	0	1	2	2	3780	675	43	1061	3	1	8	0	0	0	0	0	0	0	0	0	0	0	0	0	0	
18.668167	8	3	3	0	1	2	2	3849	675	44	1121	3	1	8	0	0	0	0	0	0	0	0	0	0	0	0	0	0	
19.673283	8	3	3	0	1	2	2	3837	674	44	1181	3	1	8	0	0	0	0	0	0	0	0	0	0	0	0	0	0	
20.678400	8	3	3	0	1	2	2	3882	673	45	1242	3	1	8	0	0	0	0	0	0	0	0	0	0	0	0	0	0	
21.664800	8	3	3	0	1	2	2	3936	674	46	1301	3	1	8	0	0	0	0	0	0	0	0	0	0	0	0	0	0	
22.671367	8	3	3	0	1	2	2	3979	676	46	1361	3	1	8	0	0	0	0	0	0	0	0	0	0	0	0	0	0	
23.676483	8	3	3	0	1	2	2	3976	675	47	1422	3	1	8	0	0	0	0	0	0	0	0	0	0	0	0	0	0	
24.662883	8	3	3	0	1	2	2	3986	674	48	1481	3	1	8	0	0	0	0	0	0	0	0	0	0	0	0	0	0	
25.668000	8	3	3	0	1	2	2	3992	674	48	1541	3	1	8	0	0	0	0	0	0	0	0	0	0	0	0	0	0	
26.673117	8	3	3	0	1	2	2	4001	675	48	1601	3	1	8	0	0	0	0	0	0	0	0	0	0	0	0	0	0	
27.678233	8	3	3	0	1	2	2	3999	674	49	1662	3	1	8	0	0	0	0	0	0	0	0	0	0	0	0	0	0	
28.664633	8	3	3	0	1	2	2	4014	675	49	1721	3	1	8	0	0	0	0	0	0	0	0	0	0	0	0	0	0	
29.669767	8	3	3	0	1	2	2	3922	675	49	1781	3	1	8	0	0	0	0	0	0	0	0	0	0	0	0	0	0	
30.674883	8	3	3	0	1	2	2	3920	674	50	1841	3	1	8	0	0	0	0	0	0	0	0	0	0	0	0	0	0	
31.661283	8	3	3	0	1	2	2	3924	675	50	1901	3	1	8	0	0	0	0	0	0	0	0	0	0	0	0	0	0	
32.666400	8	3	3	0	1	2	2	3928	674	47	1961	3	1	8	0	0	0	0	0	0	0	0	0	0	0	0	0	0	
33.672967	8	3	3	0	1	2	2	3929	674	48	2021	3	1	8	0	0	0	0	0	0	0	0	0	0	0	0	0	0	
34.678083	8	3	3	0	1	2	2	3932	675	48	2082	3	1	8	0	0	0	0	0	0	0	0	0	0	0	0	0	0	
35.664483	8	3	3	0	1	2	2	3934	675	49	2141	3	1	8	0	0	0	0	0	0	0	0	0	0	0	0	0	0	
36.671033	8	3	3	0	1	2	2	3937	673	49	2201	3	1	8	0	0	0	0	0	0	0	0	0	0	0	0	0	0	
37.677600	8	3	3	0	1	2	2	3943	674	49	2262	3	1	8	0	0	0	0	0	0	0	0	0	0	0	0	0	0	
38.662567	8	3	3	0	1	2	2	3949	677	49	2321	3	1	8	0	0	0	0	0	0	0	0	0	0	0	0	0	0	
39.669117	8	3	3	0	1	2	2	3956	674	50	2381	3	1	8	0	0	0	0	0	0	0	0	0	0	0	0	0	0	
40.674233	8	3	3	0	1	2	2	3964	674	50	2441	3	1	8	0	0	0	0	0	0	0	0	0	0	0	0	0	0	
41.679367	8	3	3	0	1	2	2	3975	675	50	2502	3	1	8	0	0	0	0	0	0	0	0	0	0	0	0	0	0	
42.665767	8	3	3	0	1	2	2	3986	673	50	2561	3	1	8	0	0	0	0	0	0	0	0	0	0	0	0	0	0	
43.670883	8	3	3	0	1	2	2	3998	675	50	2621	3	1	8	0	0	0	0	0	0	0	0	0	0	0	0	0	0	
44.676000	8	3	3	0	1	2	2	4011	675	51	2681	3	1	8	0	0	0	0	0	0	0	0	0	0	0	0	0	0	
45.662400	8	3	3	0	1	2	2	4022	675	50	2741	3	1	8	0	0	0	0	0	0	0	0	0	0	0	0	0	0	
46.667517	8	3	3	0	1	2	2	4030	674	50	2801	3	1	8	0	0	0	0	0	0	0	0	0	0	0	0	0	0	
47.674083	8	3	3	0	1	2	2	4029	674	51	2861	3	1	8	0	0	0	0	0	0	0	0	0	0	0	0	0	0	
48.679200	8	3	3	0	1	2	2	4034	675	51	2922	3	1	8	0	0	0	0	0	0	0	0	0	0	0	0	0	0	
49.665600	8	3	3	0	1	2	2	4038	675	51	2981	3	1	8	0	0	0	0	0	0	0	0	0	0	0	0	0	0	
50.670717	8	3	3	0	1	2	2	4044	675	51	3041	3	1	8	0	0	0	0	0	0	0	0	0	0	0	0	0	0	
51.675833	8	3	3	0	1	2	2	4049	674	51	3101	3	1	8	0	0	0	0	0	0	0	0	0	0	0	0	0	0	
52.680967	8	3	3	0	1	2	2	4052	674	51	3162	3	1	8	0	0	0	0	0	0	0	0	0	0	0	0	0	0	
53.667367	8	3	3	0	1	2	2	4058	675	51	3221	3	1	8	0	0	0	0	0	0	0	0	0	0	0	0	0	0	
54.672483	8	3	3	0	1	2	2	4063	675	51	3281	3	1	8	0	0	0	0	0	0	0	0	0	0	0	0	0	0	
55.679033	8	3	3	0	1	2	2	4068	675	51	3342	3	1	8	0	0	0	0	0	0	0	0	0	0	0	0	0	0	
56.665433	8	3	3	0	1	2	2	4074	675	51	3401	3	1	8	0	0	0	0	0	0	0	0	0	0	0	0	0	0	
57.670567	8	3	3	0	1	2	2	4079	675	51	3461	3	1	8	0	0	0	0	0	0	0	0	0	0	0	0	0	0	
58.675683	8	3	3	0	1	2	2	4085	675	51	3521	3	1	8	0	0	0	0	0	0	0	0	0	0	0	0	0	0	
59.680800	8	3	3	0	1	2	2	4091	675	51	3582	3	1	8	0	0	0	0	0	0	0	0	0	0	0	0	0	0	
60.667200	8	3	3	0	1	2	2	4098	674	51	3641	3	1	8	0	0	0	0	0	0	0	0	0	0	0	0	0	0	
61.672317	8	3	3	0	1	2	2	4107	675	51	3701	3	1	8	0	0	0	0	0	0	0	0	0	0	0	0	0	0	
62.677433	8	3	3	0	1	2	2	4116	667	51	3761	3	1	8	0	0	0	0	0	0	0	0	0	0	0	0	0	0	
63.663833	8	3	3	0	1	2	2	4141	662	51	3821	3	1	8	0	0	0	0	0	0	0	0	0	0	0	0	0	0	
64.670400	8	3	3	0	1	2	2	4199	93	51	3881	3	1	8	0	0	0	0	0	0	0	0	0	0	0	0	0	0	
65.675517	8	3	3	0	1	2	2	4199	80	51	3941	3	1	8	0	0	0	0	0	0	0	0	0	0	0	0	0	0	
66.680633	8	3	3	0	1	2	2	4199	73	51	4002	3	1	8	0	0	0	0	0	0	0	0	0	0	0	0	0	0	
67.668483	8	3	3	0	1	2	2	4199	71	51	4061	3	1	8	0	0	0	0	0	0	0	0	0	0	0	0	0	0	
68.673600	8	3	3	0	1	2	2	4199	68	50	4121	3	1	8	0	0	0	0	0	0	0	0	0	0	0	0	0	0	
69.510233	8	6	3	0	2	7	1	3435	-1349	50	4171	3	2	0	0	0	0	0	0	0	0	0	0	0	0	0	0	0	
69.680167	8	6	3	0	2	7	1	3453	-1350	50	4182	3	2	0	0	0	0	0	0	0	0	0	0	0	0	0	0	0	
70.666567	8	6	3	0	2	7	1	3431	-1350	50	4241	3	2	1	0	0	0	0	0	0	0	0	0	0	0	0	0	0	
71.673117	8	6	3	0	2	7	1	3431	-1349	50	4301	3	2	3	0	0	0	0	0	0	0	0	0	0	0	0	0	0	
72.678233	8	6	3	0	2	7	1	3427	-1349	50	4361	3	2	5	0	0	0	0	0	0	0	0	0	0	0	0	0	0	
73.683367	8	6	3	0	2	7	1	3417	-1349	50	4422	3	2	6	0	0	0	0	0	0	0	0	0	0	0	0	0	0	
74.669767	8	6	3	0	2	7	1	3402	-1349	50	4481	3	2	8	0	0	0	0	0	0	0	0	0	0	0	0	0	0	
75.674883	8	6	3	0	2	7	1	3391	-1351	50	4541	3	2	10	0	0	0	0	0	0	0	0	0	0	0	0	0	0	
76.680000	8	6	3	0	2	7	1	3385	-1350	50	4602	3	2	11	0	0	0	0	0	0	0	0	0	0	0	0	0	0	
77.666400	8	6	3	0	2	7	1	3371	-1351	50	4661	3	2	13	0	0	0	0	0	0	0	0	0	0	0	0	0	0	
78.671517	8	6	3	0	2	7	1	3362	-1351	50	4721	3	2	15	0	0	0	0	0	0	0	0	0	0	0	0	0	0	
79.676633	8	6	3	0	2	7	1	3351	-1350	50	4781	3	2	16	0	0	0	0	0	0	0	0	0	0	0	0	0	0	
80.681767	8	6	3	0	2	7	1	3344	-1350	50	4842	3	2	18	0	0	0	0	0	0	0	0	0	0	0	0	0	0	
81.668167	8	6	3	0	2	7	1	3333	-1349	50	4901	3	2	20	0	0	0	0	0	0	0	0	0	0	0	0	0	0	
82.673283	8	6	3	0	2	7	1	3323	-1349	50	4961	3	2	21	0	0	0	0	0	0	0	0	0	0	0	0	0	0	
83.679833	8	6	3	0	2	7	1	3321	-1351	50	5021	3	2	23	0	0	0	0	0	0	0	0	0	0	0	0	0	0	
84.666233	8	6	3	0	2	7	1	3313	-1348	50	5081	3	2	25	0	0	0	0	0	0	0	0	0	0	0	0	0	0	
85.671367	8	6	3	0	2	7	1	3303	-1351	50	5141	3	2	26	0	0	0	0	0	0	0	0	0	0	0	0	0	0	
86.676483	8	6	3	0	2	7	1	3291	-1349	50	5201	3	2	28	0	0	0	0	0	0	0	0	0	0	0	0	0	0	
87.681600	8	6	3	0	2	7	1	3277	-1350	50	5262	3	2	30	0	0	0	0	0	0	0	0	0	0	0	0	0	0	
88.668000	8	6	3	0	2	7	1	3251	-1349	50	5321	3	2	31	0	0	0	0	0	0	0	0	0	0	0	0	0	0	
89.673117	8	6	3	0	2	7	1	3231	-1350	50	5381	3	2	33	0	0	0	0	0	0	0	0	0	0	0	0	0	0	
90.678233	8	6	3	0	2	7	1	3206	-1350	50	5441	3	2	35	0	0	0	0	0	0	0	0	0	0	0	0	0	0	
91.683367	8	6	3	0	2	7	1	3155	-1349	50	5502	3	2	36	0	0	0	0	0	0	0	0	0	0	0	0	0	0	
92.671200	8	6	3	0	2	7	1	3079	-1349	49	5561	3	2	38	0	0	0	0	0	0	0	0	0	0	0	0	0	0	
93.676317	8	6	3	0	2	7	1	2922	-1350	49	5621	3	2	40	0	0	0	0	0	0	0	0	0	0	0	0	0	0	
94.360317	8	15	3	0	1	31	2	2732	3	49	5662	4	2	41	0	0	0	0	0	0	0	0	0	0	0	0	0	0	
94.380483	8	3	3	0	1	2	2	3169	647	49	5663	5	2	41	0	0	0	0	0	0	0	0	0	0	0	0	0	0	
94.684317	8	3	3	0	1	2	2	3348	675	49	5682	5	2	41	0	0	0	0	0	0	0	0	0	0	0	0	0	0	
95.670717	8	3	3	0	1	2	2	3526	675	49	5741	5	2	41	0	0	0	0	0	0	0	0	0	0	0	0	0	0	
96.675833	8	3	3	0	1	2	2	3620	675	49	5801	5	2	41	0	0	0	0	0	0	0	0	0	0	0	0	0	0	
97.680967	8	3	3	0	1	2	2	3687	674	49	5861	5	2	41	0	0	0	0	0	0	0	0	0	0	0	0	0	0	
98.667367	8	3	3	0	1	2	2	3736	673	49	5921	5	2	41	0	0	0	0	0	0	0	0	0	0	0	0	0	0	
99.672483	8	3	3	0	1	2	2	3777	674	49	5981	5	2	41	0	0	0	0	0	0	0	0	0	0	0	0	0	0	
100.677600	8	3	3	0	1	2	2	3810	675	49	6041	5	2	41	0	0	0	0	0	0	0	0	0	0	0	0	0	0	
101.684167	8	3	3	0	1	2	2	3831	676	49	6102	5	2	41	0	0	0	0	0	0	0	0	0	0	0	0	0	0	
102.669117	8	3	3	0	1	2	2	3840	673	49	6161	5	2	41	0	0	0	0	0	0	0	0	0	0	0	0	0	0	
103.675683	8	3	3	0	1	2	2	3846	675	49	6221	5	2	41	0	0	0	0	0	0	0	0	0	0	0	0	0	0	
104.680800	8	3	3	0	1	2	2	3850	675	49	6281	5	2	41	0	0	0	0	0	0	0	0	0	0	0	0	0	0	
105.685917	8	3	3	0	1	2	2	3854	676	49	6342	5	2	41	0	0	0	0	0	0	0	0	0	0	0	0	0	0	
106.672317	8	3	3	0	1	2	2	3858	675	49	6401	5	2	41	0	0	0	0	0	0	0	0	0	0	0	0	0	0	
107.677433	8	3	3	0	1	2	2	3862	674	49	6461	5	2	41	0	0	0	0	0	0	0	0	0	0	0	0	0	0	
108.682567	8	3	3	0	1	2	2	3865	674	49	6522	5	2	41	0	0	0	0	0	0	0	0	0	0	0	0	0	0	
109.668967	8	3	3	0	1	2	2	3870	673	49	6581	5	2	41	0	0	0	0	0	0	0	0	0	0	0	0	0	0	
110.676967	8	3	3	0	1	2	2	3874	674	49	6641	5	2	41	0	0	0	0	0	0	0	0	0	0	0	0	0	0	
111.682083	8	3	3	0	1	2	2	3879	675	49	6702	5	2	41	0	0	0	0	0	0	0	0	0	0	0	0	0	0	
112.668483	8	3	3	0	1	2	2	3884	675	49	6761	5	2	41	0	0	0	0	0	0	0	0	0	0	0	0	0	0	
113.675033	8	3	3	0	1	2	2	3889	675	49	6821	5	2	41	0	0	0	0	0	0	0	0	0	0	0	0	0	0	
114.680167	8	3	3	0	1	2	2	3895	675	49	6881	5	2	41	0	0	0	0	0	0	0	0	0	0	0	0	0	0	
115.685283	8	3	3	0	1	2	2	3901	674	49	6942	5	2	41	0	0	0	0	0	0	0	0	0	0	0	0	0	0	
116.671683	8	3	3	0	1	2	2	3907	675	49	7001	5	2	41	0	0	0	0	0	0	0	0	0	0	0	0	0	0	
117.676800	8	3	3	0	1	2	2	3913	675	49	7061	5	2	41	0	0	0	0	0	0	0	0	0	0	0	0	0	0	
118.681917	8	3	3	0	1	2	2	3919	675	49	7121	5	2	41	0	0	0	0	0	0	0	0	0	0	0	0	0	0	
119.668317	8	3	3	0	1	2	2	3924	675	49	7181	5	2	41	0	0	0	0	0	0	0	0	0	0	0	0	0	0	
120.673433	8	3	3	0	1	2	2	3929	674	49	7241	5	2	41	0	0	0	0	0	0	0	0	0	0	0	0	0	0	
121.678567	8	3	3	0	1	2	2	3934	676	49	7301	5	2	41	0	0	0	0	0	0	0	0	0	0	0	0	0	0	
122.683683	8	3	3	0	1	2	2	3939	674	49	7362	5	2	41	0	0	0	0	0	0	0	0	0	0	0	0	0	0	
123.671517	8	3	3	0	1	2	2	3943	675	49	7421	5	2	41	0	0	0	0	0	0	0	0	0	0	0	0	0	0	
124.676633	8	3	3	0	1	2	2	3947	674	49	7481	5	2	41	0	0	0	0	0	0	0	0	0	0	0	0	0	0	
125.681767	8	3	3	0	1	2	2	3950	674	49	7541	5	2	41	0	0	0	0	0	0	0	0	0	0	0	0	0	0	
126.686883	8	3	3	0	1	2	2	3954	675	49	7602	5	2	41	0	0	0	0	0	0	0	0	0	0	0	0	0	0	
127.673283	8	3	3	0	1	2	2	3958	675	49	7661	5	2	41	0	0	0	0	0	0	0	0	0	0	0	0	0	0	
128.678400	8	3	3	0	1	2	2	3960	674	49	7721	5	2	41	0	0	0	0	0	0	0	0	0	0	0	0	0	0	
129.683517	8	3	3	0	1	2	2	3964	675	49	7781	5	2	41	0	0	0	0	0	0	0	0	0	0	0	0	0	0	
130.669917	8	3	3	0	1	2	2	3967	674	49	7841	5	2	41	0	0	0	0	0	0	0	0	0	0	0	0	0	0	
131.675033	8	3	3	0	1	2	2	3970	674	49	7901	5	2	41	0	0	0	0	0	0	0	0	0	0	0	0	0	0	
132.680167	8	3	3	0	1	2	2	3974	675	49	7961	5	2	41	0	0	0	0	0	0	0	0	0	0	0	0	0	0	
133.686717	8	3	3	0	1	2	2	3977	675	49	8022	5	2	41	0	0	0	0	0	0	0	0	0	0	0	0	0	0	
134.673117	8	3	3	0	1	2	2	3981	676	49	8081	5	2	41	0	0	0	0	0	0	0	0	0	0	0	0	0	0	
135.678233	8	3	3	0	1	2	2	3983	675	49	8141	5	2	41	0	0	0	0	0	0	0	0	0	0	0	0	0	0	
136.683367	8	3	3	0	1	2	2	3987	674	49	8201	5	2	41	0	0	0	0	0	0	0	0	0	0	0	0	0	0	
137.688483	8	3	3	0	1	2	2	3990	674	49	8262	5	2	41	0	0	0	0	0	0	0	0	0	0	0	0	0	0	
138.674883	8	3	3	0	1	2	2	3994	674	49	8321	5	2	41	0	0	0	0	0	0	0	0	0	0	0	0	0	0	
139.680000	8	3	3	0	1	2	2	3997	675	49	8381	5	2	41	0	0	0	0	0	0	0	0	0	0	0	0	0	0	
140.685117	8	3	3	0	1	2	2	4001	675	49	8442	5	2	41	0	0	0	0	0	0	0	0	0	0	0	0	0	0	
141.671517	8	3	3	0	1	2	2	4004	675	49	8501	5	2	41	0	0	0	0	0	0	0	0	0	0	0	0	0	0	
142.676633	8	3	3	0	1	2	2	4008	675	49	8561	5	2	41	0	0	0	0	0	0	0	0	0	0	0	0	0	0	
143.681767	8	3	3	0	1	2	2	4012	674	49	8621	5	2	41	0	0	0	0	0	0	0	0	0	0	0	0	0	0	
144.688317	8	3	3	0	1	2	2	4015	674	49	8682	5	2	41	0	0	0	0	0	0	0	0	0	0	0	0	0	0	
145.674717	8	3	3	0	1	2	2	4019	675	49	8741	5	2	41	0	0	0	0	0	0	0	0	0	0	0	0	0	0	
146.679833	8	3	3	0	1	2	2	4024	674	49	8801	5	2	41	0	0	0	0	0	0	0	0	0	0	0	0	0	0	
147.684967	8	3	3	0	1	2	2	4027	675	49	8861	5	2	41	0	0	0	0	0	0	0	0	0	0	0	0	0	0	
148.674233	8	3	3	0	1	2	2	4031	675	49	8921	5	2	41	0	0	0	0	0	0	0	0	0	0	0	0	0	0	
149.679367	8	3	3	0	1	2	2	4035	674	49	8981	5	2	41	0	0	0	0	0	0	0	0	0	0	0	0	0	0	
150.684483	8	3	3	0	1	2	2	4039	673	49	9041	5	2	41	0	0	0	0	0	0	0	0	0	0	0	0	0	0	
151.670883	8	3	3	0	1	2	2	4044	674	49	9101	5	2	41	0	0	0	0	0	0	0	0	0	0	0	0	0	0	
152.677433	8	3	3	0	1	2	2	4048	674	49	9161	5	2	41	0	0	0	0	0	0	0	0	0	0	0	0	0	0	
153.682567	8	3	3	0	1	2	2	4053	674	49	9221	5	2	41	0	0	0	0	0	0	0	0	0	0	0	0	0	0	
154.687683	8	3	3	0	1	2	2	4058	675	49	9282	5	2	41	0	0	0	0	0	0	0	0	0	0	0	0	0	0	
155.674083	8	3	3	0	1	2	2	4062	675	49	9341	5	2	41	0	0	0	0	0	0	0	0	0	0	0	0	0	0	
156.679200	8	3	3	0	1	2	2	4067	674	49	9401	5	2	41	0	0	0	0	0	0	0	0	0	0	0	0	0	0	
157.684317	8	3	3	0	1	2	2	4071	674	49	9461	5	2	41	0	0	0	0	0	0	0	0	0	0	0	0	0	0	
158.689433	8	3	3	0	1	2	2	4077	675	49	9522	5	2	41	0	0	0	0	0	0	0	0	0	0	0	0	0	0	
159.675833	8	3	3	0	1	2	2	4081	674	49	9581	5	2	41	0	0	0	0	0	0	0	0	0	0	0	0	0	0	
160.680967	8	3	3	0	1	2	2	4087	675	49	9641	5	2	41	0	0	0	0	0	0	0	0	0	0	0	0	0	0	
161.687517	8	3	3	0	1	2	2	4091	675	49	9702	5	2	41	0	0	0	0	0	0	0	0	0	0	0	0	0	0	
162.672483	8	3	3	0	1	2	2	4096	674	49	9761	5	2	41	0	0	0	0	0	0	0	0	0	0	0	0	0	0	
163.679033	8	3	3	0	1	2	2	4102	675	49	9821	5	2	41	0	0	0	0	0	0	0	0	0	0	0	0	0	0	
164.684167	8	3	3	0	1	2	2	4107	674	49	9881	5	2	41	0	0	0	0	0	0	0	0	0	0	0	0	0	0	
165.689283	8	3	3	0	1	2	2	4112	675	49	9942	5	2	41	0	0	0	0	0	0	0	0	0	0	0	0	0	0	
166.675683	8	3	3	0	1	2	2	4116	670	49	10001	5	2	41	0	0	0	0	0	0	0	0	0	0	0	0	0	0	
167.680800	8	3	3	0	1	2	2	4121	667	49	10061	5	2	41	0	0	0	0	0	0	0	0	0	0	0	0	0	0	
168.685917	8	3	3	0	1	2	2	4126	665	49	10121	5	2	41	0	0	0	0	0	0	0	0	0	0	0	0	0	0	
169.672317	8	3	3	0	1	2	2	4131	663	49	10181	5	2	41	0	0	0	0	0	0	0	0	0	0	0	0	0	0	
170.677433	8	3	3	0	1	2	2	4137	664	49	10241	5	2	41	0	0	0	0	0	0	0	0	0	0	0	0	0	0	
171.682567	8	3	3	0	1	2	2	4143	662	49	10301	5	2	41	0	0	0	0	0	0	0	0	0	0	0	0	0	0	
172.689117	8	3	3	0	1	2	2	4148	661	49	10362	5	2	41	0	0	0	0	0	0	0	0	0	0	0	0	0	0	
173.675517	8	3	3	0	1	2	2	4153	661	49	10421	5	2	41	0	0	0	0	0	0	0	0	0	0	0	0	0	0	
174.680633	8	3	3	0	1	2	2	4159	660	49	10481	5	2	41	0	0	0	0	0	0	0	0	0	0	0	0	0	0	
175.685767	8	3	3	0	1	2	2	4164	657	49	10541	5	2	41	0	0	0	0	0	0	0	0	0	0	0	0	0	0	
176.690883	8	3	3	0	1	2	2	4171	657	49	10602	5	2	41	0	0	0	0	0	0	0	0	0	0	0	0	0	0	
177.677283	8	3	3	0	1	2	2	4177	657	49	10661	5	2	41	0	0	0	0	0	0	0	0	0	0	0	0	0	0	
178.682400	8	3	3	0	1	2	2	4183	656	49	10721	5	2	41	0	0	0	0	0	0	0	0	0	0	0	0	0	0	
179.687517	8	3	3	0	1	2	2	4190	656	49	10781	5	2	41	0	0	0	0	0	0	0	0	0	0	0	0	0	0	
180.673917	8	3	3	0	1	2	2	4196	655	49	10841	5	2	41	0	0	0	0	0	0	0	0	0	0	0	0	0	0	
181.679033	8	3	3	0	1	2	2	4198	640	49	10901	5	2	41	0	0	0	0	0	0	0	0	0	0	0	0	0	0	
182.684167	8	3	3	0	1	2	2	4198	615	49	10961	5	2	41	0	0	0	0	0	0	0	0	0	0	0	0	0	0	
183.689283	8	3	3	0	1	2	2	4198	591	49	11022	5	2	41	0	0	0	0	0	0	0	0	0	0	0	0	0	0	
184.675683	8	3	3	0	1	2	2	4199	569	49	11081	5	2	41	0	0	0	0	0	0	0	0	0	0	0	0	0	0	
185.680800	8	3	3	0	1	2	2	4198	546	49	11141	5	2	41	0	0	0	0	0	0	0	0	0	0	0	0	0	0	
186.687367	8	3	3	0	1	2	2	4199	526	49	11201	5	2	41	0	0	0	0	0	0	0	0	0	0	0	0	0	0	
187.692483	8	3	3	0	1	2	2	4198	505	49	11262	5	2	41	0	0	0	0	0	0	0	0	0	0	0	0	0	0	
188.678883	8	3	3	0	1	2	2	4199	485	49	11321	5	2	41	0	0	0	0	0	0	0	0	0	0	0	0	0	0	
189.684000	8	3	3	0	1	2	2	4198	466	49	11381	5	2	41	0	0	0	0	0	0	0	0	0	0	0	0	0	0	
190.689117	8	3	3	0	1	2	2	4199	447	49	11442	5	2	41	0	0	0	0	0	0	0	0	0	0	0	0	0	0	
191.675517	8	3	3	0	1	2	2	4199	431	49	11501	5	2	41	0	0	0	0	0	0	0	0	0	0	0	0	0	0	
192.680633	8	3	3	0	1	2	2	4199	413	49	11561	5	2	41	0	0	0	0	0	0	0	0	0	0	0	0	0	0	
193.685767	8	3	3	0	1	2	2	4198	396	49	11621	5	2	41	0	0	0	0	0	0	0	0	0	0	0	0	0	0	
194.690883	8	3	3	0	1	2	2	4198	380	49	11682	5	2	41	0	0	0	0	0	0	0	0	0	0	0	0	0	0	
195.677283	8	3	3	0	1	2	2	4198	365	49	11741	5	2	41	0	0	0	0	0	0	0	0	0	0	0	0	0	0	
196.682400	8	3	3	0	1	2	2	4198	350	49	11801	5	2	41	0	0	0	0	0	0	0	0	0	0	0	0	0	0	
197.687517	8	3	3	0	1	2	2	4199	335	49	11861	5	2	41	0	0	0	0	0	0	0	0	0	0	0	0	0	0	
198.675367	8	3	3	0	1	2	2	4198	321	49	11921	5	2	41	0	0	0	0	0	0	0	0	0	0	0	0	0	0	
199.680483	8	3	3	0	1	2	2	4198	309	49	11981	5	2	41	0	0	0	0	0	0	0	0	0	0	0	0	0	0	
200.685600	8	3	3	0	1	2	2	4199	296	49	12041	5	2	41	0	0	0	0	0	0	0	0	0	0	0	0	0	0	
201.690717	8	3	3	0	1	2	2	4199	284	49	12102	5	2	41	0	0	0	0	0	0	0	0	0	0	0	0	0	0	
202.677117	8	3	3	0	1	2	2	4198	273	49	12161	5	2	41	0	0	0	0	0	0	0	0	0	0	0	0	0	0	
203.682233	8	3	3	0	1	2	2	4198	261	49	12221	5	2	41	0	0	0	0	0	0	0	0	0	0	0	0	0	0	
204.687367	8	3	3	0	1	2	2	4198	251	49	12281	5	2	41	0	0	0	0	0	0	0	0	0	0	0	0	0	0	
205.692483	8	3	3	0	1	2	2	4199	241	49	12342	5	2	41	0	0	0	0	0	0	0	0	0	0	0	0	0	0	
206.678883	8	3	3	0	1	2	2	4198	230	49	12401	5	2	41	0	0	0	0	0	0	0	0	0	0	0	0	0	0	
207.684000	8	3	3	0	1	2	2	4199	221	49	12461	5	2	41	0	0	0	0	0	0	0	0	0	0	0	0	0	0	
208.689117	8	3	3	0	1	2	2	4199	212	49	12521	5	2	41	0	0	0	0	0	0	0	0	0	0	0	0	0	0	
209.675517	8	3	3	0	1	2	2	4199	203	49	12581	5	2	41	0	0	0	0	0	0	0	0	0	0	0	0	0	0	
210.682083	8	3	3	0	1	2	2	4199	195	49	12641	5	2	41	0	0	0	0	0	0	0	0	0	0	0	0	0	0	
211.687200	8	3	3	0	1	2	2	4199	187	49	12701	5	2	41	0	0	0	0	0	0	0	0	0	0	0	0	0	0	
212.692317	8	3	3	0	1	2	2	4199	179	49	12762	5	2	41	0	0	0	0	0	0	0	0	0	0	0	0	0	0	
213.678717	8	3	3	0	1	2	2	4199	171	49	12821	5	2	41	0	0	0	0	0	0	0	0	0	0	0	0	0	0	
214.683833	8	3	3	0	1	2	2	4198	165	49	12881	5	2	41	0	0	0	0	0	0	0	0	0	0	0	0	0	0	
215.688967	8	3	3	0	1	2	2	4198	156	49	12941	5	2	41	0	0	0	0	0	0	0	0	0	0	0	0	0	0	
216.694083	8	3	3	0	1	2	2	4198	151	49	13002	5	2	41	0	0	0	0	0	0	0	0	0	0	0	0	0	0	
217.680483	8	3	3	0	1	2	2	4199	144	49	13061	5	2	41	0	0	0	0	0	0	0	0	0	0	0	0	0	0	
218.685600	8	3	3	0	1	2	2	4199	139	49	13121	5	2	41	0	0	0	0	0	0	0	0	0	0	0	0	0	0	
219.690717	8	3	3	0	1	2	2	4198	133	49	13182	5	2	41	0	0	0	0	0	0	0	0	0	0	0	0	0	0	
220.677117	8	3	3	0	1	2	2	4198	128	49	13241	5	2	41	0	0	0	0	0	0	0	0	0	0	0	0	0	0	
221.683683	8	3	3	0	1	2	2	4198	122	49	13301	5	2	41	0	0	0	0	0	0	0	0	0	0	0	0	0	0	
222.688800	8	3	3	0	1	2	2	4199	117	49	13361	5	2	41	0	0	0	0	0	0	0	0	0	0	0	0	0	0	
223.693917	8	3	3	0	1	2	2	4198	113	49	13422	5	2	41	0	0	0	0	0	0	0	0	0	0	0	0	0	0	
224.680317	8	3	3	0	1	2	2	4198	108	49	13481	5	2	41	0	0	0	0	0	0	0	0	0	0	0	0	0	0	
225.685433	8	3	3	0	1	2	2	4199	103	49	13541	5	2	41	0	0	0	0	0	0	0	0	0	0	0	0	0	0	
226.690567	8	3	3	0	1	2	2	4199	100	49	13601	5	2	41	0	0	0	0	0	0	0	0	0	0	0	0	0	0	
227.676967	8	3	3	0	1	2	2	4198	96	49	13661	5	2	41	0	0	0	0	0	0	0	0	0	0	0	0	0	0	
228.682083	8	3	3	0	1	2	2	4199	92	49	13721	5	2	41	0	0	0	0	0	0	0	0	0	0	0	0	0	0	
229.687200	8	3	3	0	1	2	2	4198	88	49	13781	5	2	41	0	0	0	0	0	0	0	0	0	0	0	0	0	0	
230.692317	8	3	3	0	1	2	2	4198	84	49	13842	5	2	41	0	0	0	0	0	0	0	0	0	0	0	0	0	0	
231.678717	8	3	3	0	1	2	2	4198	80	49	13901	5	2	41	0	0	0	0	0	0	0	0	0	0	0	0	0	0	
232.685283	8	3	3	0	1	2	2	4198	77	49	13961	5	2	41	0	0	0	0	0	0	0	0	0	0	0	0	0	0	
233.690400	8	3	3	0	1	2	2	4198	74	49	14021	5	2	41	0	0	0	0	0	0	0	0	0	0	0	0	0	0	
234.678233	8	3	3	0	1	2	2	4199	72	49	14081	5	2	41	0	0	0	0	0	0	0	0	0	0	0	0	0	0	
235.683367	8	3	3	0	1	2	2	4199	68	49	14141	5	2	41	0	0	0	0	0	0	0	0	0	0	0	0	0	0	
236.311200	8	6	3	0	2	7	1	3889	-1315	49	14179	5	3	0	0	0	0	0	0	0	0	0	0	0	0	0	0	0	
236.689917	8	6	3	0	2	7	1	3844	-1350	49	14201	5	3	0	0	0	0	0	0	0	0	0	0	0	0	0	0	0	
237.695033	8	6	3	0	2	7	1	3805	-1349	49	14262	5	3	2	0	0	0	0	0	0	0	0	0	0	0	0	0	0	
238.681433	8	6	3	0	2	7	1	3793	-1351	49	14321	5	3	3	0	0	0	0	0	0	0	0	0	0	0	0	0	0	
239.686567	8	6	3	0	2	7	1	3765	-1350	49	14381	5	3	5	0	0	0	0	0	0	0	0	0	0	0	0	0	0	
240.693117	8	6	3	0	2	7	1	3751	-1349	49	14441	5	3	7	0	0	0	0	0	0	0	0	0	0	0	0	0	0	
241.679517	8	6	3	0	2	7	1	3729	-1350	49	14501	5	3	8	0	0	0	0	0	0	0	0	0	0	0	0	0	0	
242.684633	8	6	3	0	2	7	1	3716	-1348	49	14561	5	3	10	0	0	0	0	0	0	0	0	0	0	0	0	0	0	
243.689767	8	6	3	0	2	7	1	3688	-1348	49	14621	5	3	12	0	0	0	0	0	0	0	0	0	0	0	0	0	0	
244.694883	8	6	3	0	2	7	1	3675	-1350	49	14682	5	3	13	0	0	0	0	0	0	0	0	0	0	0	0	0	0	
245.681283	8	6	3	0	2	7	1	3659	-1350	49	14741	5	3	15	0	0	0	0	0	0	0	0	0	0	0	0	0	0	
246.686400	8	6	3	0	2	7	1	3643	-1349	49	14801	5	3	17	0	0	0	0	0	0	0	0	0	0	0	0	0	0	
247.691517	8	6	3	0	2	7	1	3629	-1349	49	14861	5	3	18	0	0	0	0	0	0	0	0	0	0	0	0	0	0	
248.696633	8	6	3	0	2	7	1	3618	-1349	49	14922	5	3	20	0	0	0	0	0	0	0	0	0	0	0	0	0	0	
249.683033	8	6	3	0	2	7	1	3604	-1351	49	14981	5	3	22	0	0	0	0	0	0	0	0	0	0	0	0	0	0	
250.688167	8	6	3	0	2	7	1	3590	-1351	49	15041	5	3	23	0	0	0	0	0	0	0	0	0	0	0	0	0	0	
251.693283	8	6	3	0	2	7	1	3573	-1348	49	15102	5	3	25	0	0	0	0	0	0	0	0	0	0	0	0	0	0	
252.679683	8	6	3	0	2	7	1	3549	-1350	49	15161	5	3	27	0	0	0	0	0	0	0	0	0	0	0	0	0	0	
253.686233	8	6	3	0	2	7	1	3532	-1349	49	15221	5	3	28	0	0	0	0	0	0	0	0	0	0	0	0	0	0	
254.691367	8	6	3	0	2	7	1	3522	-1350	49	15281	5	3	30	0	0	0	0	0	0	0	0	0	0	0	0	0	0	
255.696483	8	6	3	0	2	7	1	3508	-1350	49	15342	5	3	32	0	0	0	0	0	0	0	0	0	0	0	0	0	0	
256.682883	8	6	3	0	2	7	1	3498	-1348	49	15401	5	3	33	0	0	0	0	0	0	0	0	0	0	0	0	0	0	
257.688000	8	6	3	0	2	7	1	3486	-1348	49	15461	5	3	35	0	0	0	0	0	0	0	0	0	0	0	0	0	0	
258.693117	8	6	3	0	2	7	1	3474	-1350	49	15521	5	3	37	0	0	0	0	0	0	0	0	0	0	0	0	0	0	
259.679517	8	6	3	0	2	7	1	3466	-1350	49	15581	5	3	38	0	0	0	0	0	0	0	0	0	0	0	0	0	0	
260.684633	8	6	3	0	2	7	1	3454	-1350	49	15641	5	3	40	0	0	0	0	0	0	0	0	0	0	0	0	0	0	
261.689767	8	6	3	0	2	7	1	3447	-1350	49	15701	5	3	42	0	0	0	0	0	0	0	0	0	0	0	0	0	0	
262.694883	8	6	3	0	2	7	1	3438	-1348	49	15762	5	3	43	0	0	0	0	0	0	0	0	0	0	0	0	0	0	
263.681283	8	6	3	0	2	7	1	3428	-1349	49	15821	5	3	45	0	0	0	0	0	0	0	0	0	0	0	0	0	0	
264.687833	8	6	3	0	2	7	1	3424	-1345	49	15881	5	3	47	0	0	0	0	0	0	0	0	0	0	0	0	0	0	
265.692967	8	6	3	0	2	7	1	3405	-1350	49	15941	5	3	48	0	0	0	0	0	0	0	0	0	0	0	0	0	0	
266.698083	8	6	3	0	2	7	1	3392	-1349	49	16002	5	3	50	0	0	0	0	0	0	0	0	0	0	0	0	0	0	
267.684483	8	6	3	0	2	7	1	3384	-1350	49	16061	5	3	51	0	0	0	0	0	0	0	0	0	0	0	0	0	0	
268.689600	8	6	3	0	2	7	1	3381	-1351	49	16121	5	3	53	0	0	0	0	0	0	0	0	0	0	0	0	0	0	
269.694717	8	6	3	0	2	7	1	3374	-1347	49	16181	5	3	55	0	0	0	0	0	0	0	0	0	0	0	0	0	0	
270.681117	8	6	3	0	2	7	1	3368	-1349	49	16241	5	3	56	0	0	0	0	0	0	0	0	0	0	0	0	0	0	
271.686233	8	6	3	0	2	7	1	3373	-1350	49	16301	5	3	58	0	0	0	0	0	0	0	0	0	0	0	0	0	0	
272.692800	8	6	3	0	2	7	1	3350	-1350	49	16361	5	3	60	0	0	0	0	0	0	0	0	0	0	0	0	0	0	
273.697917	8	6	3	0	2	7	1	3344	-1349	49	16422	5	3	61	0	0	0	0	0	0	0	0	0	0	0	0	0	0	
274.684317	8	6	3	0	2	7	1	3338	-1348	49	16481	5	3	63	0	0	0	0	0	0	0	0	0	0	0	0	0	0	
275.689433	8	6	3	0	2	7	1	3329	-1347	49	16541	5	3	65	0	0	0	0	0	0	0	0	0	0	0	0	0	0	
276.694567	8	6	3	0	2	7	1	3331	-1351	49	16601	5	3	66	0	0	0	0	0	0	0	0	0	0	0	0	0	0	
277.680967	8	6	3	0	2	7	1	3298	-1350	49	16661	5	3	68	0	0	0	0	0	0	0	0	0	0	0	0	0	0	
278.686083	8	6	3	0	2	7	1	3316	-1349	49	16721	5	3	70	0	0	0	0	0	0	0	0	0	0	0	0	0	0	
279.691200	8	6	3	0	2	7	1	3311	-1350	49	16781	5	3	71	0	0	0	0	0	0	0	0	0	0	0	0	0	0	
280.696317	8	6	3	0	2	7	1	3265	-1348	49	16842	5	3	73	0	0	0	0	0	0	0	0	0	0	0	0	0	0	
281.682717	8	6	3	0	2	7	1	3251	-1349	49	16901	5	3	75	0	0	0	0	0	0	0	0	0	0	0	0	0	0	
282.687833	8	6	3	0	2	7	1	3253	-1351	49	16961	5	3	76	0	0	0	0	0	0	0	0	0	0	0	0	0	0	
283.694400	8	6	3	0	2	7	1	3219	-1350	49	17021	5	3	78	0	0	0	0	0	0	0	0	0	0	0	0	0	0	
284.699517	8	6	3	0	2	7	1	3201	-1350	49	17082	5	3	80	0	0	0	0	0	0	0	0	0	0	0	0	0	0	
285.685917	8	6	3	0	2	7	1	3172	-1348	49	17141	5	3	81	0	0	0	0	0	0	0	0	0	0	0	0	0	0	
286.691033	8	6	3	0	2	7	1	3126	-1348	49	17201	5	3	83	0	0	0	0	0	0	0	0	0	0	0	0	0	0	
287.696167	8	6	3	0	2	7	1	3040	-1349	49	17261	5	3	85	0	0	0	0	0	0	0	0	0	0	0	0	0	0	
288.682567	8	6	3	0	2	7	1	2889	-1349	49	17321	5	3	86	0	0	0	0	0	0	0	0	0	0	0	0	0	0	
289.405433	8	15	3	0	1	31	2	2989	45	49	17364	6	3	87	0	0	0	0	0	0	0	0	0	0	0	0	0	0	
289.425600	8	3	3	0	1	2	2	3196	676	49	17365	7	3	87	0	0	0	0	0	0	0	0	0	0	0	0	0	0	
289.692000	8	3	3	0	1	2	2	3352	676	49	17381	7	3	87	0	0	0	0	0	0	0	0	0	0	0	0	0	0	
290.697117	8	3	3	0	1	2	2	3542	673	49	17441	7	3	87	0	0	0	0	0	0	0	0	0	0	0	0	0	0	
291.683517	8	3	3	0	1	2	2	3636	674	49	17501	7	3	87	0	0	0	0	0	0	0	0	0	0	0	0	0	0	
292.688633	8	3	3	0	1	2	2	3701	673	49	17561	7	3	87	0	0	0	0	0	0	0	0	0	0	0	0	0	0	
293.693767	8	3	3	0	1	2	2	3750	675	49	17621	7	3	87	0	0	0	0	0	0	0	0	0	0	0	0	0	0	
294.698883	8	3	3	0	1	2	2	3788	674	49	17682	7	3	87	0	0	0	0	0	0	0	0	0	0	0	0	0	0	
295.685283	8	3	3	0	1	2	2	3815	676	49	17741	7	3	87	0	0	0	0	0	0	0	0	0	0	0	0	0	0	
296.690400	8	3	3	0	1	2	2	3828	674	49	17801	7	3	87	0	0	0	0	0	0	0	0	0	0	0	0	0	0	
297.695517	8	3	3	0	1	2	2	3835	674	49	17861	7	3	87	0	0	0	0	0	0	0	0	0	0	0	0	0	0	
298.700633	8	3	3	0	1	2	2	3840	675	49	17922	7	3	87	0	0	0	0	0	0	0	0	0	0	0	0	0	0	
299.689917	8	3	3	0	1	2	2	3844	675	49	17981	7	3	87	0	0	0	0	0	0	0	0	0	0	0	0	0	0	
300.695033	8	3	3	0	1	2	2	3848	674	49	18041	7	3	87	0	0	0	0	0	0	0	0	0	0	0	0	0	0	
301.700167	8	3	3	0	1	2	2	3852	676	49	18102	7	3	87	0	0	0	0	0	0	0	0	0	0	0	0	0	0	
302.686567	8	3	3	0	1	2	2	3856	675	49	18161	7	3	87	0	0	0	0	0	0	0	0	0	0	0	0	0	0	
303.691683	8	3	3	0	1	2	2	3860	674	49	18221	7	3	87	0	0	0	0	0	0	0	0	0	0	0	0	0	0	
304.696800	8	3	3	0	1	2	2	3865	675	49	18281	7	3	87	0	0	0	0	0	0	0	0	0	0	0	0	0	0	
305.683200	8	3	3	0	1	2	2	3870	676	49	18341	7	3	87	0	0	0	0	0	0	0	0	0	0	0	0	0	0	
306.691200	8	3	3	0	1	2	2	3876	675	49	18401	7	3	87	0	0	0	0	0	0	0	0	0	0	0	0	0	0	
307.697767	8	3	3	0	1	2	2	3881	675	49	18461	7	3	87	0	0	0	0	0	0	0	0	0	0	0	0	0	0	
308.682717	8	3	3	0	1	2	2	3887	674	49	18521	7	3	87	0	0	0	0	0	0	0	0	0	0	0	0	0	0	
309.689283	8	3	3	0	1	2	2	3893	674	49	18581	7	3	87	0	0	0	0	0	0	0	0	0	0	0	0	0	0	
310.694400	8	3	3	0	1	2	2	3899	674	49	18641	7	3	87	0	0	0	0	0	0	0	0	0	0	0	0	0	0	
311.699517	8	3	3	0	1	2	2	3906	676	49	18702	7	3	87	0	0	0	0	0	0	0	0	0	0	0	0	0	0	
312.685917	8	3	3	0	1	2	2	3911	675	49	18761	7	3	87	0	0	0	0	0	0	0	0	0	0	0	0	0	0	
313.691033	8	3	3	0	1	2	2	3917	674	49	18821	7	3	87	0	0	0	0	0	0	0	0	0	0	0	0	0	0	
314.696167	8	3	3	0	1	2	2	3922	674	49	18881	7	3	87	0	0	0	0	0	0	0	0	0	0	0	0	0	0	
315.701283	8	3	3	0	1	2	2	3927	675	49	18942	7	3	87	0	0	0	0	0	0	0	0	0	0	0	0	0	0	
316.687683	8	3	3	0	1	2	2	3931	675	49	19001	7	3	87	0	0	0	0	0	0	0	0	0	0	0	0	0	0	
317.692800	8	3	3	0	1	2	2	3935	674	49	19061	7	3	87	0	0	0	0	0	0	0	0	0	0	0	0	0	0	
318.697917	8	3	3	0	1	2	2	3939	674	49	19121	7	3	87	0	0	0	0	0	0	0	0	0	0	0	0	0	0	
319.685767	8	3	3	0	1	2	2	3943	674	49	19181	7	3	87	0	0	0	0	0	0	0	0	0	0	0	0	0	0	
320.690883	8	3	3	0	1	2	2	3946	674	49	19241	7	3	87	0	0	0	0	0	0	0	0	0	0	0	0	0	0	
321.696000	8	3	3	0	1	2	2	3949	675	49	19301	7	3	87	0	0	0	0	0	0	0	0	0	0	0	0	0	0	
322.701117	8	3	3	0	1	2	2	3953	674	49	19362	7	3	87	0	0	0	0	0	0	0	0	0	0	0	0	0	0	
323.687517	8	3	3	0	1	2	2	3956	674	49	19421	7	3	87	0	0	0	0	0	0	0	0	0	0	0	0	0	0	
324.692633	8	3	3	0	1	2	2	3959	674	49	19481	7	3	87	0	0	0	0	0	0	0	0	0	0	0	0	0	0	
325.697767	8	3	3	0	1	2	2	3963	675	49	19541	7	3	87	0	0	0	0	0	0	0	0	0	0	0	0	0	0	
326.684167	8	3	3	0	1	2	2	3965	674	49	19601	7	3	87	0	0	0	0	0	0	0	0	0	0	0	0	0	0	
327.690717	8	3	3	0	1	2	2	3969	674	49	19661	7	3	87	0	0	0	0	0	0	0	0	0	0	0	0	0	0	
328.695833	8	3	3	0	1	2	2	3973	675	49	19721	7	3	87	0	0	0	0	0	0	0	0	0	0	0	0	0	0	
329.700967	8	3	3	0	1	2	2	3976	675	49	19782	7	3	87	0	0	0	0	0	0	0	0	0	0	0	0	0	0	
330.687367	8	3	3	0	1	2	2	3979	675	49	19841	7	3	87	0	0	0	0	0	0	0	0	0	0	0	0	0	0	
331.692483	8	3	3	0	1	2	2	3982	675	49	19901	7	3	87	0	0	0	0	0	0	0	0	0	0	0	0	0	0	
332.697600	8	3	3	0	1	2	2	3986	674	49	19961	7	3	87	0	0	0	0	0	0	0	0	0	0	0	0	0	0	
333.702717	8	3	3	0	1	2	2	3990	675	49	20022	7	3	87	0	0	0	0	0	0	0	0	0	0	0	0	0	0	
334.689117	8	3	3	0	1	2	2	3993	674	49	20081	7	3	87	0	0	0	0	0	0	0	0	0	0	0	0	0	0	
335.694233	8	3	3	0	1	2	2	3997	674	49	20141	7	3	87	0	0	0	0	0	0	0	0	0	0	0	0	0	0	
336.700800	8	3	3	0	1	2	2	4001	674	49	20201	7	3	87	0	0	0	0	0	0	0	0	0	0	0	0	0	0	
337.687200	8	3	3	0	1	2	2	4004	675	49	20261	7	3	87	0	0	0	0	0	0	0	0	0	0	0	0	0	0	
338.692317	8	3	3	0	1	2	2	4008	674	49	20321	7	3	87	0	0	0	0	0	0	0	0	0	0	0	0	0	0	
339.697433	8	3	3	0	1	2	2	4013	675	49	20381	7	3	87	0	0	0	0	0	0	0	0	0	0	0	0	0	0	
340.702567	8	3	3	0	1	2	2	4016	675	49	20442	7	3	87	0	0	0	0	0	0	0	0	0	0	0	0	0	0	
341.688967	8	3	3	0	1	2	2	4021	675	49	20501	7	3	87	0	0	0	0	0	0	0	0	0	0	0	0	0	0	
342.694083	8	3	3	0	1	2	2	4025	675	49	20561	7	3	87	0	0	0	0	0	0	0	0	0	0	0	0	0	0	
343.699200	8	3	3	0	1	2	2	4029	675	49	20621	7	3	87	0	0	0	0	0	0	0	0	0	0	0	0	0	0	
344.685600	8	3	3	0	1	2	2	4033	675	49	20681	7	3	87	0	0	0	0	0	0	0	0	0	0	0	0	0	0	
345.692167	8	3	3	0	1	2	2	4038	674	49	20741	7	3	87	0	0	0	0	0	0	0	0	0	0	0	0	0	0	
346.697283	8	3	3	0	1	2	2	4042	674	49	20801	7	3	87	0	0	0	0	0	0	0	0	0	0	0	0	0	0	
347.702400	8	3	3	0	1	2	2	4047	675	49	20862	7	3	87	0	0	0	0	0	0	0	0	0	0	0	0	0	0	
348.688800	8	3	3	0	1	2	2	4051	674	49	20921	7	3	87	0	0	0	0	0	0	0	0	0	0	0	0	0	0	
349.693917	8	3	3	0	1	2	2	4056	674	49	20981	7	3	87	0	0	0	0	0	0	0	0	0	0	0	0	0	0	
350.699033	8	3	3	0	1	2	2	4061	674	49	21041	7	3	87	0	0	0	0	0	0	0	0	0	0	0	0	0	0	
351.704167	8	3	3	0	1	2	2	4066	674	49	21102	7	3	87	0	0	0	0	0	0	0	0	0	0	0	0	0	0	
352.690567	8	3	3	0	1	2	2	4070	674	49	21161	7	3	87	0	0	0	0	0	0	0	0	0	0	0	0	0	0	
353.697117	8	3	3	0	1	2	2	4075	674	49	21221	7	3	87	0	0	0	0	0	0	0	0	0	0	0	0	0	0	
354.702233	8	3	3	0	1	2	2	4081	675	49	21282	7	3	87	0	0	0	0	0	0	0	0	0	0	0	0	0	0	
355.688633	8	3	3	0	1	2	2	4086	676	49	21341	7	3	87	0	0	0	0	0	0	0	0	0	0	0	0	0	0	
356.693767	8	3	3	0	1	2	2	4091	675	49	21401	7	3	87	0	0	0	0	0	0	0	0	0	0	0	0	0	0	
357.698883	8	3	3	0	1	2	2	4097	675	49	21461	7	3	87	0	0	0	0	0	0	0	0	0	0	0	0	0	0	
358.704000	8	3	3	0	1	2	2	4102	674	49	21522	7	3	87	0	0	0	0	0	0	0	0	0	0	0	0	0	0	
359.690400	8	3	3	0	1	2	2	4108	674	49	21581	7	3	87	0	0	0	0	0	0	0	0	0	0	0	0	0	0	
360.695517	8	3	3	0	1	2	2	4113	674	49	21641	7	3	87	0	0	0	0	0	0	0	0	0	0	0	0	0	0	
361.702083	8	3	3	0	1	2	2	4117	669	49	21701	7	3	87	0	0	0	0	0	0	0	0	0	0	0	0	0	0	
362.687033	8	3	3	0	1	2	2	4122	665	49	21761	7	3	87	0	0	0	0	0	0	0	0	0	0	0	0	0	0	
363.693600	8	3	3	0	1	2	2	4128	665	49	21821	7	3	87	0	0	0	0	0	0	0	0	0	0	0	0	0	0	
364.698717	8	3	3	0	1	2	2	4134	664	49	21881	7	3	87	0	0	0	0	0	0	0	0	0	0	0	0	0	0	
365.703833	8	3	3	0	1	2	2	4139	662	49	21942	7	3	87	0	0	0	0	0	0	0	0	0	0	0	0	0	0	
366.690233	8	3	3	0	1	2	2	4145	662	49	22001	7	3	87	0	0	0	0	0	0	0	0	0	0	0	0	0	0	
367.695367	8	3	3	0	1	2	2	4151	660	49	22061	7	3	87	0	0	0	0	0	0	0	0	0	0	0	0	0	0	
368.700483	8	3	3	0	1	2	2	4157	660	49	22121	7	3	87	0	0	0	0	0	0	0	0	0	0	0	0	0	0	
369.705600	8	3	3	0	1	2	2	4163	659	49	22182	7	3	87	0	0	0	0	0	0	0	0	0	0	0	0	0	0	
370.692000	8	3	3	0	1	2	2	4169	657	49	22241	7	3	87	0	0	0	0	0	0	0	0	0	0	0	0	0	0	
371.698567	8	3	3	0	1	2	2	4175	658	49	22301	7	3	87	0	0	0	0	0	0	0	0	0	0	0	0	0	0	
372.703683	8	3	3	0	1	2	2	4182	657	49	22362	7	3	87	0	0	0	0	0	0	0	0	0	0	0	0	0	0	
373.690083	8	3	3	0	1	2	2	4188	656	49	22421	7	3	87	0	0	0	0	0	0	0	0	0	0	0	0	0	0	
374.695200	8	3	3	0	1	2	2	4195	655	49	22481	7	3	87	0	0	0	0	0	0	0	0	0	0	0	0	0	0	
375.700317	8	3	3	0	1	2	2	4199	642	49	22541	7	3	87	0	0	0	0	0	0	0	0	0	0	0	0	0	0	
376.705433	8	3	3	0	1	2	2	4199	616	49	22602	7	3	87	0	0	0	0	0	0	0	0	0	0	0	0	0	0	
377.691833	8	3	3	0	1	2	2	4198	590	49	22661	7	3	87	0	0	0	0	0	0	0	0	0	0	0	0	0	0	
378.696967	8	3	3	0	1	2	2	4199	566	49	22721	7	3	87	0	0	0	0	0	0	0	0	0	0	0	0	0	0	
379.702083	8	3	3	0	1	2	2	4199	542	49	22781	7	3	87	0	0	0	0	0	0	0	0	0	0	0	0	0	0	
380.692800	8	3	3	0	1	2	2	4199	519	49	22841	7	3	87	0	0	0	0	0	0	0	0	0	0	0	0	0	0	
381.697917	8	3	3	0	1	2	2	4199	497	49	22901	7	3	87	0	0	0	0	0	0	0	0	0	0	0	0	0	0	
382.703033	8	3	3	0	1	2	2	4198	476	49	22961	7	3	87	0	0	0	0	0	0	0	0	0	0	0	0	0	0	
383.689433	8	3	3	0	1	2	2	4199	457	49	23021	7	3	87	0	0	0	0	0	0	0	0	0	0	0	0	0	0	
384.694567	8	3	3	0	1	2	2	4199	438	49	23081	7	3	87	0	0	0	0	0	0	0	0	0	0	0	0	0	0	
385.699683	8	3	3	0	1	2	2	4198	420	49	23141	7	3	87	0	0	0	0	0	0	0	0	0	0	0	0	0	0	
386.704800	8	3	3	0	1	2	2	4199	403	49	23202	7	3	87	0	0	0	0	0	0	0	0	0	0	0	0	0	0	
387.691200	8	3	3	0	1	2	2	4198	385	49	23261	7	3	87	0	0	0	0	0	0	0	0	0	0	0	0	0	0	
388.697767	8	3	3	0	1	2	2	4198	369	49	23321	7	3	87	0	0	0	0	0	0	0	0	0	0	0	0	0	0	
389.702883	8	3	3	0	1	2	2	4199	353	49	23381	7	3	87	0	0	0	0	0	0	0	0	0	0	0	0	0	0	
390.708000	8	3	3	0	1	2	2	4199	338	49	23442	7	3	87	0	0	0	0	0	0	0	0	0	0	0	0	0	0	
391.694400	8	3	3	0	1	2	2	4199	324	49	23501	7	3	87	0	0	0	0	0	0	0	0	0	0	0	0	0	0	
392.699517	8	3	3	0	1	2	2	4199	311	49	23561	7	3	87	0	0	0	0	0	0	0	0	0	0	0	0	0	0	
393.704633	8	3	3	0	1	2	2	4199	298	49	23621	7	3	87	0	0	0	0	0	0	0	0	0	0	0	0	0	0	
394.691033	8	3	3	0	1	2	2	4198	285	48	23681	7	3	87	0	0	0	0	0	0	0	0	0	0	0	0	0	0	
395.696167	8	3	3	0	1	2	2	4199	275	49	23741	7	3	87	0	0	0	0	0	0	0	0	0	0	0	0	0	0	
396.701283	8	3	3	0	1	2	2	4198	263	49	23801	7	3	87	0	0	0	0	0	0	0	0	0	0	0	0	0	0	
397.706400	8	3	3	0	1	2	2	4199	253	49	23862	7	3	87	0	0	0	0	0	0	0	0	0	0	0	0	0	0	
398.692800	8	3	3	0	1	2	2	4198	242	49	23921	7	3	87	0	0	0	0	0	0	0	0	0	0	0	0	0	0	
399.697917	8	3	3	0	1	2	2	4198	232	49	23981	7	3	87	0	0	0	0	0	0	0	0	0	0	0	0	0	0	
400.704483	8	3	3	0	1	2	2	4198	223	49	24041	7	3	87	0	0	0	0	0	0	0	0	0	0	0	0	0	0	
401.690883	8	3	3	0	1	2	2	4199	212	49	24101	7	3	87	0	0	0	0	0	0	0	0	0	0	0	0	0	0	
402.696000	8	3	3	0	1	2	2	4198	204	49	24161	7	3	87	0	0	0	0	0	0	0	0	0	0	0	0	0	0	
403.701117	8	3	3	0	1	2	2	4199	197	49	24221	7	3	87	0	0	0	0	0	0	0	0	0	0	0	0	0	0	
404.706233	8	3	3	0	1	2	2	4199	187	49	24282	7	3	87	0	0	0	0	0	0	0	0	0	0	0	0	0	0	
405.692633	8	3	3	0	1	2	2	4199	180	49	24341	7	3	87	0	0	0	0	0	0	0	0	0	0	0	0	0	0	
406.697767	8	3	3	0	1	2	2	4199	173	49	24401	7	3	87	0	0	0	0	0	0	0	0	0	0	0	0	0	0	
407.702883	8	3	3	0	1	2	2	4199	164	49	24461	7	3	87	0	0	0	0	0	0	0	0	0	0	0	0	0	0	
408.708000	8	3	3	0	1	2	2	4198	158	49	24522	7	3	87	0	0	0	0	0	0	0	0	0	0	0	0	0	0	
409.694400	8	3	3	0	1	2	2	4198	152	49	24581	7	3	87	0	0	0	0	0	0	0	0	0	0	0	0	0	0	
410.699517	8	3	3	0	1	2	2	4198	145	49	24641	7	3	87	0	0	0	0	0	0	0	0	0	0	0	0	0	0	
411.706083	8	3	3	0	1	2	2	4199	139	49	24701	7	3	87	0	0	0	0	0	0	0	0	0	0	0	0	0	0	
412.692483	8	3	3	0	1	2	2	4198	133	49	24761	7	3	87	0	0	0	0	0	0	0	0	0	0	0	0	0	0	
413.697600	8	3	3	0	1	2	2	4198	128	49	24821	7	3	87	0	0	0	0	0	0	0	0	0	0	0	0	0	0	
414.702717	8	3	3	0	1	2	2	4199	123	49	24881	7	3	87	0	0	0	0	0	0	0	0	0	0	0	0	0	0	
415.707833	8	3	3	0	1	2	2	4198	117	49	24942	7	3	87	0	0	0	0	0	0	0	0	0	0	0	0	0	0	
416.694233	8	3	3	0	1	2	2	4198	113	49	25001	7	3	87	0	0	0	0	0	0	0	0	0	0	0	0	0	0	
417.699367	8	3	3	0	1	2	2	4198	107	49	25061	7	3	87	0	0	0	0	0	0	0	0	0	0	0	0	0	0	
418.704483	8	3	3	0	1	2	2	4199	103	49	25121	7	3	87	0	0	0	0	0	0	0	0	0	0	0	0	0	0	
419.709600	8	3	3	0	1	2	2	4199	98	49	25182	7	3	87	0	0	0	0	0	0	0	0	0	0	0	0	0	0	
420.696000	8	3	3	0	1	2	2	4199	95	49	25241	7	3	87	0	0	0	0	0	0	0	0	0	0	0	0	0	0	
421.701117	8	3	3	0	1	2	2	4198	92	49	25301	7	3	87	0	0	0	0	0	0	0	0	0	0	0	0	0	0	
422.706233	8	3	3	0	1	2	2	4198	88	49	25361	7	3	87	0	0	0	0	0	0	0	0	0	0	0	0	0	0	
423.694083	8	3	3	0	1	2	2	4198	84	49	25421	7	3	87	0	0	0	0	0	0	0	0	0	0	0	0	0	0	
424.699200	8	3	3	0	1	2	2	4198	80	49	25481	7	3	87	0	0	0	0	0	0	0	0	0	0	0	0	0	0	
425.704317	8	3	3	0	1	2	2	4198	76	49	25541	7	3	87	0	0	0	0	0	0	0	0	0	0	0	0	0	0	
426.709433	8	3	3	0	1	2	2	4199	74	49	25602	7	3	87	0	0	0	0	0	0	0	0	0	0	0	0	0	0	
427.695833	8	3	3	0	1	2	2	4199	71	49	25661	7	3	87	0	0	0	0	0	0	0	0	0	0	0	0	0	0	
428.700967	8	3	3	0	1	2	2	4198	67	49	25721	7	3	87	0	0	0	0	0	0	0	0	0	0	0	0	0	0	
429.046567	8	6	3	0	2	7	1	4092	-455	49	25742	7	4	0	0	0	0	0	0	0	0	0	0	0	0	0	0	0	
429.707517	8	6	3	0	2	7	1	3834	-1351	49	25782	7	4	0	0	0	0	0	0	0	0	0	0	0	0	0	0	0	
430.693917	8	6	3	0	2	7	1	3797	-1352	49	25841	7	4	2	0	0	0	0	0	0	0	0	0	0	0	0	0	0	
431.701917	8	6	3	0	2	7	1	3773	-1349	49	25901	7	4	4	0	0	0	0	0	0	0	0	0	0	0	0	0	0	
432.707033	8	6	3	0	2	7	1	3759	-1350	49	25961	7	4	5	0	0	0	0	0	0	0	0	0	0	0	0	0	0	
433.693433	8	6	3	0	2	7	1	3738	-1350	49	26021	7	4	7	0	0	0	0	0	0	0	0	0	0	0	0	0	0	
434.698567	8	6	3	0	2	7	1	3721	-1351	49	26081	7	4	9	0	0	0	0	0	0	0	0	0	0	0	0	0	0	
435.703683	8	6	3	0	2	7	1	3701	-1350	49	26141	7	4	10	0	0	0	0	0	0	0	0	0	0	0	0	0	0	
436.708800	8	6	3	0	2	7	1	3685	-1350	49	26202	7	4	12	0	0	0	0	0	0	0	0	0	0	0	0	0	0	
437.695200	8	6	3	0	2	7	1	3668	-1350	49	26261	7	4	14	0	0	0	0	0	0	0	0	0	0	0	0	0	0	
438.700317	8	6	3	0	2	7	1	3649	-1349	49	26321	7	4	15	0	0	0	0	0	0	0	0	0	0	0	0	0	0	
439.705433	8	6	3	0	2	7	1	3633	-1348	49	26381	7	4	17	0	0	0	0	0	0	0	0	0	0	0	0	0	0	
440.710567	8	6	3	0	2	7	1	3616	-1350	49	26442	7	4	19	0	0	0	0	0	0	0	0	0	0	0	0	0	0	
441.696967	8	6	3	0	2	7	1	3605	-1350	49	26501	7	4	20	0	0	0	0	0	0	0	0	0	0	0	0	0	0	
442.702083	8	6	3	0	2	7	1	3590	-1350	49	26561	7	4	22	0	0	0	0	0	0	0	0	0	0	0	0	0	0	
443.708633	8	6	3	0	2	7	1	3576	-1351	49	26621	7	4	24	0	0	0	0	0	0	0	0	0	0	0	0	0	0	
444.695033	8	6	3	0	2	7	1	3559	-1348	49	26681	7	4	25	0	0	0	0	0	0	0	0	0	0	0	0	0	0	
445.700167	8	6	3	0	2	7	1	3558	-1349	49	26741	7	4	27	0	0	0	0	0	0	0	0	0	0	0	0	0	0	
446.705283	8	6	3	0	2	7	1	3518	-1350	49	26801	7	4	29	0	0	0	0	0	0	0	0	0	0	0	0	0	0	
447.710400	8	6	3	0	2	7	1	3507	-1350	49	26862	7	4	30	0	0	0	0	0	0	0	0	0	0	0	0	0	0	
448.696800	8	6	3	0	2	7	1	3488	-1348	49	26921	7	4	32	0	0	0	0	0	0	0	0	0	0	0	0	0	0	
449.701917	8	6	3	0	2	7	1	3483	-1349	49	26981	7	4	34	0	0	0	0	0	0	0	0	0	0	0	0	0	0	
450.707033	8	6	3	0	2	7	1	3468	-1350	49	27041	7	4	35	0	0	0	0	0	0	0	0	0	0	0	0	0	0	
451.712167	8	6	3	0	2	7	1	3463	-1349	49	27102	7	4	37	0	0	0	0	0	0	0	0	0	0	0	0	0	0	
452.698567	8	6	3	0	2	7	1	3435	-1349	49	27161	7	4	39	0	0	0	0	0	0	0	0	0	0	0	0	0	0	
453.703683	8	6	3	0	2	7	1	3424	-1349	49	27221	7	4	40	0	0	0	0	0	0	0	0	0	0	0	0	0	0	
454.710233	8	6	3	0	2	7	1	3444	-1349	49	27282	7	4	42	0	0	0	0	0	0	0	0	0	0	0	0	0	0	
455.696633	8	6	3	0	2	7	1	3420	-1350	49	27341	7	4	44	0	0	0	0	0	0	0	0	0	0	0	0	0	0	
456.701767	8	6	3	0	2	7	1	3368	-1349	49	27401	7	4	45	0	0	0	0	0	0	0	0	0	0	0	0	0	0	
457.706883	8	6	3	0	2	7	1	3351	-1349	49	27461	7	4	47	0	0	0	0	0	0	0	0	0	0	0	0	0	0	
458.712000	8	6	3	0	2	7	1	3362	-1348	49	27522	7	4	49	0	0	0	0	0	0	0	0	0	0	0	0	0	0	
459.698400	8	6	3	0	2	7	1	3356	-1349	49	27581	7	4	50	0	0	0	0	0	0	0	0	0	0	0	0	0	0	
460.703517	8	6	3	0	2	7	1	3349	-1350	49	27641	7	4	52	0	0	0	0	0	0	0	0	0	0	0	0	0	0	
461.708633	8	6	3	0	2	7	1	3345	-1350	49	27701	7	4	54	0	0	0	0	0	0	0	0	0	0	0	0	0	0	
462.695033	8	6	3	0	2	7	1	3337	-1350	49	27761	7	4	55	0	0	0	0	0	0	0	0	0	0	0	0	0	0	
463.701600	8	6	3	0	2	7	1	3329	-1349	49	27821	7	4	57	0	0	0	0	0	0	0	0	0	0	0	0	0	0	
464.706717	8	6	3	0	2	7	1	3320	-1349	49	27881	7	4	59	0	0	0	0	0	0	0	0	0	0	0	0	0	0	
465.711833	8	6	3	0	2	7	1	3315	-1348	49	27942	7	4	60	0	0	0	0	0	0	0	0	0	0	0	0	0	0	
466.698233	8	6	3	0	2	7	1	3306	-1350	49	28001	7	4	62	0	0	0	0	0	0	0	0	0	0	0	0	0	0	
467.703367	8	6	3	0	2	7	1	3303	-1350	49	28061	7	4	63	0	0	0	0	0	0	0	0	0	0	0	0	0	0	
468.708483	8	6	3	0	2	7	1	3295	-1349	49	28121	7	4	65	0	0	0	0	0	0	0	0	0	0	0	0	0	0	
469.713600	8	6	3	0	2	7	1	3282	-1350	49	28182	7	4	67	0	0	0	0	0	0	0	0	0	0	0	0	0	0	
470.700000	8	6	3	0	2	7	1	3275	-1350	49	28241	7	4	68	0	0	0	0	0	0	0	0	0	0	0	0	0	0	
471.705117	8	6	3	0	2	7	1	3265	-1349	49	28301	7	4	70	0	0	0	0	0	0	0	0	0	0	0	0	0	0	
472.710233	8	6	3	0	2	7	1	3255	-1349	49	28361	7	4	72	0	0	0	0	0	0	0	0	0	0	0	0	0	0	
473.696633	8	6	3	0	2	7	1	3243	-1350	49	28421	7	4	73	0	0	0	0	0	0	0	0	0	0	0	0	0	0	
474.701767	8	6	3	0	2	7	1	3231	-1350	49	28481	7	4	75	0	0	0	0	0	0	0	0	0	0	0	0	0	0	
475.706883	8	6	3	0	2	7	1	3216	-1350	49	28541	7	4	77	0	0	0	0	0	0	0	0	0	0	0	0	0	0	
476.713433	8	6	3	0	2	7	1	3198	-1351	49	28602	7	4	78	0	0	0	0	0	0	0	0	0	0	0	0	0	0	
477.699833	8	6	3	0	2	7	1	3176	-1348	49	28661	7	4	80	0	0	0	0	0	0	0	0	0	0	0	0	0	0	
478.704967	8	6	3	0	2	7	1	3146	-1350	49	28721	7	4	82	0	0	0	0	0	0	0	0	0	0	0	0	0	0	
479.710083	8	6	3	0	2	7	1	3094	-1349	49	28781	7	4	83	0	0	0	0	0	0	0	0	0	0	0	0	0	0	
480.715200	8	6	3	0	2	7	1	2992	-1351	49	28842	7	4	85	0	0	0	0	0	0	0	0	0	0	0	0	0	0	
481.701600	8	6	3	0	2	7	1	2792	-1351	49	28901	7	4	87	0	0	0	0	0	0	0	0	0	0	0	0	0	0	
481.991033	8	15	3	0	1	31	2	2752	6	49	28918	8	4	87	0	0	0	0	0	0	0	0	0	0	0	0	0	0	
482.011200	8	3	3	0	1	2	2	3222	653	49	28919	9	4	87	0	0	0	0	0	0	0	0	0	0	0	0	0	0	
482.709600	8	3	3	0	1	2	2	3474	675	49	28961	9	4	87	0	0	0	0	0	0	0	0	0	0	0	0	0	0	
483.716167	8	3	3	0	1	2	2	3600	674	49	29022	9	4	87	0	0	0	0	0	0	0	0	0	0	0	0	0	0	
484.701117	8	3	3	0	1	2	2	3675	675	49	29081	9	4	87	0	0	0	0	0	0	0	0	0	0	0	0	0	0	
485.706233	8	3	3	0	1	2	2	3731	675	49	29141	9	4	87	0	0	0	0	0	0	0	0	0	0	0	0	0	0	
486.712800	8	3	3	0	1	2	2	3772	675	49	29202	9	4	87	0	0	0	0	0	0	0	0	0	0	0	0	0	0	
487.699200	8	3	3	0	1	2	2	3805	674	49	29261	9	4	87	0	0	0	0	0	0	0	0	0	0	0	0	0	0	
488.704317	8	3	3	0	1	2	2	3824	674	49	29321	9	4	87	0	0	0	0	0	0	0	0	0	0	0	0	0	0	
489.709433	8	3	3	0	1	2	2	3832	675	49	29381	9	4	87	0	0	0	0	0	0	0	0	0	0	0	0	0	0	
490.714567	8	3	3	0	1	2	2	3838	675	49	29442	9	4	87	0	0	0	0	0	0	0	0	0	0	0	0	0	0	
491.700967	8	3	3	0	1	2	2	3842	675	49	29501	9	4	87	0	0	0	0	0	0	0	0	0	0	0	0	0	0	
492.706083	8	3	3	0	1	2	2	3846	675	49	29561	9	4	87	0	0	0	0	0	0	0	0	0	0	0	0	0	0	
493.711200	8	3	3	0	1	2	2	3850	675	49	29621	9	4	87	0	0	0	0	0	0	0	0	0	0	0	0	0	0	
494.697600	8	3	3	0	1	2	2	3854	675	49	29681	9	4	87	0	0	0	0	0	0	0	0	0	0	0	0	0	0	
495.704167	8	3	3	0	1	2	2	3859	676	49	29741	9	4	87	0	0	0	0	0	0	0	0	0	0	0	0	0	0	
496.709283	8	3	3	0	1	2	2	3863	673	49	29801	9	4	87	0	0	0	0	0	0	0	0	0	0	0	0	0	0	
497.714400	8	3	3	0	1	2	2	3869	675	49	29862	9	4	87	0	0	0	0	0	0	0	0	0	0	0	0	0	0	
498.700800	8	3	3	0	1	2	2	3875	675	49	29921	9	4	87	0	0	0	0	0	0	0	0	0	0	0	0	0	0	
499.705917	8	3	3	0	1	2	2	3881	674	49	29981	9	4	87	0	0	0	0	0	0	0	0	0	0	0	0	0	0	
500.711033	8	3	3	0	1	2	2	3886	675	49	30041	9	4	87	0	0	0	0	0	0	0	0	0	0	0	0	0	0	
501.716167	8	3	3	0	1	2	2	3893	676	49	30102	9	4	87	0	0	0	0	0	0	0	0	0	0	0	0	0	0	
502.702567	8	3	3	0	1	2	2	3898	675	49	30161	9	4	87	0	0	0	0	0	0	0	0	0	0	0	0	0	0	
503.707683	8	3	3	0	1	2	2	3904	674	49	30221	9	4	87	0	0	0	0	0	0	0	0	0	0	0	0	0	0	
504.712800	8	3	3	0	1	2	2	3910	674	49	30281	9	4	87	0	0	0	0	0	0	0	0	0	0	0	0	0	0	
505.699200	8	3	3	0	1	2	2	3915	675	49	30341	9	4	87	0	0	0	0	0	0	0	0	0	0	0	0	0	0	
506.708633	8	3	3	0	1	2	2	3920	675	49	30401	9	4	87	0	0	0	0	0	0	0	0	0	0	0	0	0	0	
507.713767	8	3	3	0	1	2	2	3925	675	49	30461	9	4	87	0	0	0	0	0	0	0	0	0	0	0	0	0	0	
508.700167	8	3	3	0	1	2	2	3930	674	49	30521	9	4	87	0	0	0	0	0	0	0	0	0	0	0	0	0	0	
509.705283	8	3	3	0	1	2	2	3934	675	49	30581	9	4	87	0	0	0	0	0	0	0	0	0	0	0	0	0	0	
510.710400	8	3	3	0	1	2	2	3938	674	49	30641	9	4	87	0	0	0	0	0	0	0	0	0	0	0	0	0	0	
511.715517	8	3	3	0	1	2	2	3942	675	49	30702	9	4	87	0	0	0	0	0	0	0	0	0	0	0	0	0	0	
512.701917	8	3	3	0	1	2	2	3945	674	49	30761	9	4	87	0	0	0	0	0	0	0	0	0	0	0	0	0	0	
513.707033	8	3	3	0	1	2	2	3948	675	49	30821	9	4	87	0	0	0	0	0	0	0	0	0	0	0	0	0	0	
514.713600	8	3	3	0	1	2	2	3952	674	49	30881	9	4	87	0	0	0	0	0	0	0	0	0	0	0	0	0	0	
515.700000	8	3	3	0	1	2	2	3955	675	49	30941	9	4	87	0	0	0	0	0	0	0	0	0	0	0	0	0	0	
516.705117	8	3	3	0	1	2	2	3958	675	49	31001	9	4	87	0	0	0	0	0	0	0	0	0	0	0	0	0	0	
517.710233	8	3	3	0	1	2	2	3961	674	49	31061	9	4	87	0	0	0	0	0	0	0	0	0	0	0	0	0	0	
518.715367	8	3	3	0	1	2	2	3965	674	49	31122	9	4	87	0	0	0	0	0	0	0	0	0	0	0	0	0	0	
519.701767	8	3	3	0	1	2	2	3968	675	49	31181	9	4	87	0	0	0	0	0	0	0	0	0	0	0	0	0	0	
520.706883	8	3	3	0	1	2	2	3971	675	49	31241	9	4	87	0	0	0	0	0	0	0	0	0	0	0	0	0	0	
521.712000	8	3	3	0	1	2	2	3975	675	49	31301	9	4	87	0	0	0	0	0	0	0	0	0	0	0	0	0	0	
522.717117	8	3	3	0	1	2	2	3978	675	49	31362	9	4	87	0	0	0	0	0	0	0	0	0	0	0	0	0	0	
523.703517	8	3	3	0	1	2	2	3981	675	49	31421	9	4	87	0	0	0	0	0	0	0	0	0	0	0	0	0	0	
524.708633	8	3	3	0	1	2	2	3985	675	49	31481	9	4	87	0	0	0	0	0	0	0	0	0	0	0	0	0	0	
525.715200	8	3	3	0	1	2	2	3988	673	49	31541	9	4	87	0	0	0	0	0	0	0	0	0	0	0	0	0	0	
526.701600	8	3	3	0	1	2	2	3992	674	49	31601	9	4	87	0	0	0	0	0	0	0	0	0	0	0	0	0	0	
527.706717	8	3	3	0	1	2	2	3995	674	49	31661	9	4	87	0	0	0	0	0	0	0	0	0	0	0	0	0	0	
528.711833	8	3	3	0	1	2	2	4000	674	49	31721	9	4	87	0	0	0	0	0	0	0	0	0	0	0	0	0	0	
529.716967	8	3	3	0	1	2	2	4003	675	49	31782	9	4	87	0	0	0	0	0	0	0	0	0	0	0	0	0	0	
530.703367	8	3	3	0	1	2	2	4007	674	49	31841	9	4	87	0	0	0	0	0	0	0	0	0	0	0	0	0	0	
531.708483	8	3	3	0	1	2	2	4011	675	49	31901	9	4	87	0	0	0	0	0	0	0	0	0	0	0	0	0	0	
532.713600	8	3	3	0	1	2	2	4015	675	49	31961	9	4	87	0	0	0	0	0	0	0	0	0	0	0	0	0	0	
533.718717	8	3	3	0	1	2	2	4019	675	49	32022	9	4	87	0	0	0	0	0	0	0	0	0	0	0	0	0	0	
534.706567	8	3	3	0	1	2	2	4023	674	49	32081	9	4	87	0	0	0	0	0	0	0	0	0	0	0	0	0	0	
535.713117	8	3	3	0	1	2	2	4027	674	49	32141	9	4	87	0	0	0	0	0	0	0	0	0	0	0	0	0	0	
536.718233	8	3	3	0	1	2	2	4032	675	49	32202	9	4	87	0	0	0	0	0	0	0	0	0	0	0	0	0	0	
537.704633	8	3	3	0	1	2	2	4036	674	49	32261	9	4	87	0	0	0	0	0	0	0	0	0	0	0	0	0	0	
538.709767	8	3	3	0	1	2	2	4041	674	49	32321	9	4	87	0	0	0	0	0	0	0	0	0	0	0	0	0	0	
539.714883	8	3	3	0	1	2	2	4045	674	49	32381	9	4	87	0	0	0	0	0	0	0	0	0	0	0	0	0	0	
540.720000	8	3	3	0	1	2	2	4050	674	49	32442	9	4	87	0	0	0	0	0	0	0	0	0	0	0	0	0	0	
541.706400	8	3	3	0	1	2	2	4055	675	49	32501	9	4	87	0	0	0	0	0	0	0	0	0	0	0	0	0	0	
542.711517	8	3	3	0	1	2	2	4059	675	49	32561	9	4	87	0	0	0	0	0	0	0	0	0	0	0	0	0	0	
543.716633	8	3	3	0	1	2	2	4064	675	49	32622	9	4	87	0	0	0	0	0	0	0	0	0	0	0	0	0	0	
544.703033	8	3	3	0	1	2	2	4069	675	49	32681	9	4	87	0	0	0	0	0	0	0	0	0	0	0	0	0	0	
545.709600	8	3	3	0	1	2	2	4074	675	49	32741	9	4	87	0	0	0	0	0	0	0	0	0	0	0	0	0	0	
546.714717	8	3	3	0	1	2	2	4079	674	49	32801	9	4	87	0	0	0	0	0	0	0	0	0	0	0	0	0	0	
547.719833	8	3	3	0	1	2	2	4085	675	49	32862	9	4	87	0	0	0	0	0	0	0	0	0	0	0	0	0	0	
548.706233	8	3	3	0	1	2	2	4090	674	49	32921	9	4	87	0	0	0	0	0	0	0	0	0	0	0	0	0	0	
549.711367	8	3	3	0	1	2	2	4095	675	49	32981	9	4	87	0	0	0	0	0	0	0	0	0	0	0	0	0	0	
550.716483	8	3	3	0	1	2	2	4100	675	49	33041	9	4	87	0	0	0	0	0	0	0	0	0	0	0	0	0	0	
551.702883	8	3	3	0	1	2	2	4106	675	49	33101	9	4	87	0	0	0	0	0	0	0	0	0	0	0	0	0	0	
552.708000	8	3	3	0	1	2	2	4111	675	49	33161	9	4	87	0	0	0	0	0	0	0	0	0	0	0	0	0	0	
553.713117	8	3	3	0	1	2	2	4117	674	49	33221	9	4	87	0	0	0	0	0	0	0	0	0	0	0	0	0	0	
554.718233	8	3	3	0	1	2	2	4121	667	49	33282	9	4	87	0	0	0	0	0	0	0	0	0	0	0	0	0	0	
555.704633	8	3	3	0	1	2	2	4126	666	49	33341	9	4	87	0	0	0	0	0	0	0	0	0	0	0	0	0	0	
556.709767	8	3	3	0	1	2	2	4132	665	49	33401	9	4	87	0	0	0	0	0	0	0	0	0	0	0	0	0	0	
557.716317	8	3	3	0	1	2	2	4138	664	49	33461	9	4	87	0	0	0	0	0	0	0	0	0	0	0	0	0	0	
558.721433	8	3	3	0	1	2	2	4144	662	49	33522	9	4	87	0	0	0	0	0	0	0	0	0	0	0	0	0	0	
559.707833	8	3	3	0	1	2	2	4150	662	49	33581	9	4	87	0	0	0	0	0	0	0	0	0	0	0	0	0	0	
560.712967	8	3	3	0	1	2	2	4156	662	49	33641	9	4	87	0	0	0	0	0	0	0	0	0	0	0	0	0	0	
561.718083	8	3	3	0	1	2	2	4162	660	49	33702	9	4	87	0	0	0	0	0	0	0	0	0	0	0	0	0	0	
562.704483	8	3	3	0	1	2	2	4168	660	49	33761	9	4	87	0	0	0	0	0	0	0	0	0	0	0	0	0	0	
563.709600	8	3	3	0	1	2	2	4174	658	49	33821	9	4	87	0	0	0	0	0	0	0	0	0	0	0	0	0	0	
564.714717	8	3	3	0	1	2	2	4180	657	49	33881	9	4	87	0	0	0	0	0	0	0	0	0	0	0	0	0	0	
565.721283	8	3	3	0	1	2	2	4187	657	49	33942	9	4	87	0	0	0	0	0	0	0	0	0	0	0	0	0	0	
566.706233	8	3	3	0	1	2	2	4193	656	49	34001	9	4	87	0	0	0	0	0	0	0	0	0	0	0	0	0	0	
567.712800	8	3	3	0	1	2	2	4199	649	49	34061	9	4	87	0	0	0	0	0	0	0	0	0	0	0	0	0	0	
568.717917	8	3	3	0	1	2	2	4198	621	49	34121	9	4	87	0	0	0	0	0	0	0	0	0	0	0	0	0	0	
569.704317	8	3	3	0	1	2	2	4198	596	49	34181	9	4	87	0	0	0	0	0	0	0	0	0	0	0	0	0	0	
570.709433	8	3	3	0	1	2	2	4198	572	49	34241	9	4	87	0	0	0	0	0	0	0	0	0	0	0	0	0	0	
571.714567	8	3	3	0	1	2	2	4199	549	49	34301	9	4	87	0	0	0	0	0	0	0	0	0	0	0	0	0	0	
572.719683	8	3	3	0	1	2	2	4199	525	49	34362	9	4	87	0	0	0	0	0	0	0	0	0	0	0	0	0	0	
573.706083	8	3	3	0	1	2	2	4198	504	49	34421	9	4	87	0	0	0	0	0	0	0	0	0	0	0	0	0	0	
574.711200	8	3	3	0	1	2	2	4199	482	49	34481	9	4	87	0	0	0	0	0	0	0	0	0	0	0	0	0	0	
575.717767	8	3	3	0	1	2	2	4199	463	49	34541	9	4	87	0	0	0	0	0	0	0	0	0	0	0	0	0	0	
576.722883	8	3	3	0	1	2	2	4198	443	49	34602	9	4	87	0	0	0	0	0	0	0	0	0	0	0	0	0	0	
577.709283	8	3	3	0	1	2	2	4198	424	49	34661	9	4	87	0	0	0	0	0	0	0	0	0	0	0	0	0	0	
578.714400	8	3	3	0	1	2	2	4198	407	49	34721	9	4	87	0	0	0	0	0	0	0	0	0	0	0	0	0	0	
579.719517	8	3	3	0	1	2	2	4198	390	49	34782	9	4	87	0	0	0	0	0	0	0	0	0	0	0	0	0	0	
580.705917	8	3	3	0	1	2	2	4198	375	49	34841	9	4	87	0	0	0	0	0	0	0	0	0	0	0	0	0	0	
581.711033	8	3	3	0	1	2	2	4198	359	49	34901	9	4	87	0	0	0	0	0	0	0	0	0	0	0	0	0	0	
582.716167	8	3	3	0	1	2	2	4199	344	49	34961	9	4	87	0	0	0	0	0	0	0	0	0	0	0	0	0	0	
583.722717	8	3	3	0	1	2	2	4198	330	49	35022	9	4	87	0	0	0	0	0	0	0	0	0	0	0	0	0	0	
584.709117	8	3	3	0	1	2	2	4198	315	49	35081	9	4	87	0	0	0	0	0	0	0	0	0	0	0	0	0	0	
585.714233	8	3	3	0	1	2	2	4198	302	49	35141	9	4	87	0	0	0	0	0	0	0	0	0	0	0	0	0	0	
586.719367	8	3	3	0	1	2	2	4198	290	49	35201	9	4	87	0	0	0	0	0	0	0	0	0	0	0	0	0	0	
587.705767	8	3	3	0	1	2	2	4199	278	49	35261	9	4	87	0	0	0	0	0	0	0	0	0	0	0	0	0	0	
588.710883	8	3	3	0	1	2	2	4199	266	49	35321	9	4	87	0	0	0	0	0	0	0	0	0	0	0	0	0	0	
589.716000	8	3	3	0	1	2	2	4199	255	49	35381	9	4	87	0	0	0	0	0	0	0	0	0	0	0	0	0	0	
590.721117	8	3	3	0	1	2	2	4199	245	49	35442	9	4	87	0	0	0	0	0	0	0	0	0	0	0	0	0	0	
591.707517	8	3	3	0	1	2	2	4199	234	49	35501	9	4	87	0	0	0	0	0	0	0	0	0	0	0	0	0	0	
592.712633	8	3	3	0	1	2	2	4198	224	49	35561	9	4	87	0	0	0	0	0	0	0	0	0	0	0	0	0	0	
593.717767	8	3	3	0	1	2	2	4199	214	49	35621	9	4	87	0	0	0	0	0	0	0	0	0	0	0	0	0	0	
594.724317	8	3	3	0	1	2	2	4198	205	49	35682	9	4	87	0	0	0	0	0	0	0	0	0	0	0	0	0	0	
595.710717	8	3	3	0	1	2	2	4199	196	49	35741	9	4	87	0	0	0	0	0	0	0	0	0	0	0	0	0	0	
596.715833	8	3	3	0	1	2	2	4198	189	49	35801	9	4	87	0	0	0	0	0	0	0	0	0	0	0	0	0	0	
597.720967	8	3	3	0	1	2	2	4198	180	49	35861	9	4	87	0	0	0	0	0	0	0	0	0	0	0	0	0	0	
598.707367	8	3	3	0	1	2	2	4199	173	49	35921	9	4	87	0	0	0	0	0	0	0	0	0	0	0	0	0	0	
599.712483	8	3	3	0	1	2	2	4199	165	49	35981	9	4	87	0	0	0	0	0	0	0	0	0	0	0	0	0	0	
600.717600	8	3	3	0	1	2	2	4199	158	49	36041	9	4	87	0	0	0	0	0	0	0	0	0	0	0	0	0	0	
601.722717	8	3	3	0	1	2	2	4198	152	49	36102	9	4	87	0	0	0	0	0	0	0	0	0	0	0	0	0	0	
602.709117	8	3	3	0	1	2	2	4199	147	49	36161	9	4	87	0	0	0	0	0	0	0	0	0	0	0	0	0	0	
603.714233	8	3	3	0	1	2	2	4199	140	49	36221	9	4	87	0	0	0	0	0	0	0	0	0	0	0	0	0	0	
604.719367	8	3	3	0	1	2	2	4199	134	49	36281	9	4	87	0	0	0	0	0	0	0	0	0	0	0	0	0	0	
605.724483	8	3	3	0	1	2	2	4199	128	49	36342	9	4	87	0	0	0	0	0	0	0	0	0	0	0	0	0	0	
606.712317	8	3	3	0	1	2	2	4199	124	49	36401	9	4	87	0	0	0	0	0	0	0	0	0	0	0	0	0	0	
607.717433	8	3	3	0	1	2	2	4199	118	49	36461	9	4	87	0	0	0	0	0	0	0	0	0	0	0	0	0	0	
608.722567	8	3	3	0	1	2	2	4199	114	49	36522	9	4	87	0	0	0	0	0	0	0	0	0	0	0	0	0	0	
609.708967	8	3	3	0	1	2	2	4199	109	49	36581	9	4	87	0	0	0	0	0	0	0	0	0	0	0	0	0	0	
610.714083	8	3	3	0	1	2	2	4199	105	49	36641	9	4	87	0	0	0	0	0	0	0	0	0	0	0	0	0	0	
611.719200	8	3	3	0	1	2	2	4199	100	49	36701	9	4	87	0	0	0	0	0	0	0	0	0	0	0	0	0	0	
612.724317	8	3	3	0	1	2	2	4199	96	49	36762	9	4	87	0	0	0	0	0	0	0	0	0	0	0	0	0	0	
613.710717	8	3	3	0	1	2	2	4198	92	49	36821	9	4	87	0	0	0	0	0	0	0	0	0	0	0	0	0	0	
614.717283	8	3	3	0	1	2	2	4199	89	49	36881	9	4	87	0	0	0	0	0	0	0	0	0	0	0	0	0	0	
615.722400	8	3	3	0	1	2	2	4198	84	49	36941	9	4	87	0	0	0	0	0	0	0	0	0	0	0	0	0	0	
616.708800	8	3	3	0	1	2	2	4198	81	49	37001	9	4	87	0	0	0	0	0	0	0	0	0	0	0	0	0	0	
617.713917	8	3	3	0	1	2	2	4198	77	49	37061	9	4	87	0	0	0	0	0	0	0	0	0	0	0	0	0	0	
618.719033	8	3	3	0	1	2	2	4198	75	49	37121	9	4	87	0	0	0	0	0	0	0	0	0	0	0	0	0	0	
619.708317	8	3	3	0	1	2	2	4198	70	49	37181	9	4	87	0	0	0	0	0	0	0	0	0	0	0	0	0	0	
620.713433	8	3	3	0	1	2	2	4199	68	49	37241	9	4	87	0	0	0	0	0	0	0	0	0	0	0	0	0	0	
621.398883	8	6	3	0	2	7	1	3866	-1349	49	37282	9	5	0	0	0	0	0	0	0	0	0	0	0	0	0	0	0	
621.721433	8	6	3	0	2	7	1	3836	-1350	49	37301	9	5	0	0	0	0	0	0	0	0	0	0	0	0	0	0	0	
622.726567	8	6	3	0	2	7	1	3797	-1350	49	37362	9	5	2	0	0	0	0	0	0	0	0	0	0	0	0	0	0	
623.712967	8	6	3	0	2	7	1	3789	-1350	49	37421	9	5	3	0	0	0	0	0	0	0	0	0	0	0	0	0	0	
624.718083	8	6	3	0	2	7	1	3763	-1350	49	37481	9	5	5	0	0	0	0	0	0	0	0	0	0	0	0	0	0	
625.723200	8	6	3	0	2	7	1	3736	-1349	49	37542	9	5	7	0	0	0	0	0	0	0	0	0	0	0	0	0	0	
626.709600	8	6	3	0	2	7	1	3716	-1349	49	37601	9	5	8	0	0	0	0	0	0	0	0	0	0	0	0	0	0	
627.714717	8	6	3	0	2	7	1	3695	-1351	49	37661	9	5	10	0	0	0	0	0	0	0	0	0	0	0	0	0	0	
628.719833	8	6	3	0	2	7	1	3673	-1349	49	37721	9	5	12	0	0	0	0	0	0	0	0	0	0	0	0	0	0	
629.726400	8	6	3	0	2	7	1	3656	-1351	49	37782	9	5	13	0	0	0	0	0	0	0	0	0	0	0	0	0	0	
630.712800	8	6	3	0	2	7	1	3643	-1348	49	37841	9	5	15	0	0	0	0	0	0	0	0	0	0	0	0	0	0	
631.717917	8	6	3	0	2	7	1	3618	-1349	49	37901	9	5	16	0	0	0	0	0	0	0	0	0	0	0	0	0	0	
632.724483	8	6	3	0	2	7	1	3610	-1350	49	37962	9	5	18	0	0	0	0	0	0	0	0	0	0	0	0	0	0	
633.710883	8	6	3	0	2	7	1	3595	-1350	49	38021	9	5	20	0	0	0	0	0	0	0	0	0	0	0	0	0	0	
634.716000	8	6	3	0	2	7	1	3545	-1349	49	38081	9	5	21	0	0	0	0	0	0	0	0	0	0	0	0	0	0	
635.721117	8	6	3	0	2	7	1	3531	-1349	49	38141	9	5	23	0	0	0	0	0	0	0	0	0	0	0	0	0	0	
636.726233	8	6	3	0	2	7	1	3517	-1351	49	38202	9	5	25	0	0	0	0	0	0	0	0	0	0	0	0	0	0	
637.714083	8	6	3	0	2	7	1	3509	-1350	49	38261	9	5	26	0	0	0	0	0	0	0	0	0	0	0	0	0	0	
638.719200	8	6	3	0	2	7	1	3496	-1349	49	38321	9	5	28	0	0	0	0	0	0	0	0	0	0	0	0	0	0	
639.724317	8	6	3	0	2	7	1	3482	-1348	49	38382	9	5	30	0	0	0	0	0	0	0	0	0	0	0	0	0	0	
640.710717	8	6	3	0	2	7	1	3470	-1350	49	38441	9	5	31	0	0	0	0	0	0	0	0	0	0	0	0	0	0	
641.715833	8	6	3	0	2	7	1	3460	-1349	49	38501	9	5	33	0	0	0	0	0	0	0	0	0	0	0	0	0	0	
642.720967	8	6	3	0	2	7	1	3449	-1349	49	38561	9	5	35	0	0	0	0	0	0	0	0	0	0	0	0	0	0	
643.726083	8	6	3	0	2	7	1	3439	-1350	49	38622	9	5	36	0	0	0	0	0	0	0	0	0	0	0	0	0	0	
644.712483	8	6	3	0	2	7	1	3427	-1349	49	38681	9	5	38	0	0	0	0	0	0	0	0	0	0	0	0	0	0	
645.719033	8	6	3	0	2	7	1	3416	-1348	49	38741	9	5	40	0	0	0	0	0	0	0	0	0	0	0	0	0	0	
646.724167	8	6	3	0	2	7	1	3404	-1351	49	38801	9	5	41	0	0	0	0	0	0	0	0	0	0	0	0	0	0	
647.710567	8	6	3	0	2	7	1	3397	-1349	49	38861	9	5	43	0	0	0	0	0	0	0	0	0	0	0	0	0	0	
648.715683	8	6	3	0	2	7	1	3387	-1351	49	38921	9	5	45	0	0	0	0	0	0	0	0	0	0	0	0	0	0	
649.720800	8	6	3	0	2	7	1	3381	-1350	49	38981	9	5	46	0	0	0	0	0	0	0	0	0	0	0	0	0	0	
650.725917	8	6	3	0	2	7	1	3376	-1349	49	39042	9	5	48	0	0	0	0	0	0	0	0	0	0	0	0	0	0	
651.712317	8	6	3	0	2	7	1	3368	-1350	49	39101	9	5	50	0	0	0	0	0	0	0	0	0	0	0	0	0	0	
652.717433	8	6	3	0	2	7	1	3365	-1349	49	39161	9	5	51	0	0	0	0	0	0	0	0	0	0	0	0	0	0	
653.722567	8	6	3	0	2	7	1	3358	-1350	49	39221	9	5	53	0	0	0	0	0	0	0	0	0	0	0	0	0	0	
654.727683	8	6	3	0	2	7	1	3343	-1349	49	39282	9	5	55	0	0	0	0	0	0	0	0	0	0	0	0	0	0	
655.715517	8	6	3	0	2	7	1	3335	-1350	49	39341	9	5	56	0	0	0	0	0	0	0	0	0	0	0	0	0	0	
656.720633	8	6	3	0	2	7	1	3327	-1350	49	39401	9	5	58	0	0	0	0	0	0	0	0	0	0	0	0	0	0	
657.725767	8	6	3	0	2	7	1	3321	-1349	49	39462	9	5	60	0	0	0	0	0	0	0	0	0	0	0	0	0	0	
658.712167	8	6	3	0	2	7	1	3314	-1349	49	39521	9	5	61	0	0	0	0	0	0	0	0	0	0	0	0	0	0	
659.717283	8	6	3	0	2	7	1	3305	-1350	49	39581	9	5	63	0	0	0	0	0	0	0	0	0	0	0	0	0	0	
660.722400	8	6	3	0	2	7	1	3298	-1349	49	39641	9	5	65	0	0	0	0	0	0	0	0	0	0	0	0	0	0	
661.727517	8	6	3	0	2	7	1	3288	-1350	49	39702	9	5	66	0	0	0	0	0	0	0	0	0	0	0	0	0	0	
662.713917	8	6	3	0	2	7	1	3282	-1350	49	39761	9	5	68	0	0	0	0	0	0	0	0	0	0	0	0	0	0	
663.719033	8	6	3	0	2	7	1	3273	-1350	49	39821	9	5	69	0	0	0	0	0	0	0	0	0	0	0	0	0	0	
664.724167	8	6	3	0	2	7	1	3262	-1349	49	39881	9	5	71	0	0	0	0	0	0	0	0	0	0	0	0	0	0	
665.712000	8	6	3	0	2	7	1	3252	-1350	49	39941	9	5	73	0	0	0	0	0	0	0	0	0	0	0	0	0	0	
666.717117	8	6	3	0	2	7	1	3238	-1348	49	40001	9	5	74	0	0	0	0	0	0	0	0	0	0	0	0	0	0	
667.722233	8	6	3	0	2	7	1	3223	-1351	49	40061	9	5	76	0	0	0	0	0	0	0	0	0	0	0	0	0	0	
668.727367	8	6	3	0	2	7	1	3210	-1349	49	40122	9	5	78	0	0	0	0	0	0	0	0	0	0	0	0	0	0	
669.713767	8	6	3	0	2	7	1	3190	-1350	49	40181	9	5	79	0	0	0	0	0	0	0	0	0	0	0	0	0	0	
670.718883	8	6	3	0	2	7	1	3166	-1347	49	40241	9	5	81	0	0	0	0	0	0	0	0	0	0	0	0	0	0	
671.724000	8	6	3	0	2	7	1	3121	-1350	49	40301	9	5	83	0	0	0	0	0	0	0	0	0	0	0	0	0	0	
672.729117	8	6	3	0	2	7	1	3036	-1348	49	40362	9	5	84	0	0	0	0	0	0	0	0	0	0	0	0	0	0	
673.715517	8	6	3	0	2	7	1	2874	-1351	49	40421	9	5	86	0	0	0	0	0	0	0	0	0	0	0	0	0	0	
674.288633	8	15	3	0	1	31	2	3131	335	49	40455	11	5	87	0	0	0	0	0	0	0	0	0	0	0	0	0	0	
674.308800	8	3	3	0	1	2	2	3235	678	49	40456	11	5	87	0	0	0	0	0	0	0	0	0	0	0	0	0	0	
674.724967	8	3	3	0	1	2	2	3415	675	49	40481	11	5	87	0	0	0	0	0	0	0	0	0	0	0	0	0	0	
675.730083	8	3	3	0	1	2	2	3572	675	49	40542	11	5	87	0	0	0	0	0	0	0	0	0	0	0	0	0	0	
676.716483	8	3	3	0	1	2	2	3656	675	49	40601	11	5	87	0	0	0	0	0	0	0	0	0	0	0	0	0	0	
677.721600	8	3	3	0	1	2	2	3717	675	49	40661	11	5	87	0	0	0	0	0	0	0	0	0	0	0	0	0	0	
678.726717	8	3	3	0	1	2	2	3763	675	49	40721	11	5	87	0	0	0	0	0	0	0	0	0	0	0	0	0	0	
679.713117	8	3	3	0	1	2	2	3797	675	49	40781	11	5	87	0	0	0	0	0	0	0	0	0	0	0	0	0	0	
680.718233	8	3	3	0	1	2	2	3820	674	49	40841	11	5	87	0	0	0	0	0	0	0	0	0	0	0	0	0	0	
681.724800	8	3	3	0	1	2	2	3831	674	49	40901	11	5	87	0	0	0	0	0	0	0	0	0	0	0	0	0	0	
682.729917	8	3	3	0	1	2	2	3838	674	49	40962	11	5	87	0	0	0	0	0	0	0	0	0	0	0	0	0	0	
683.716317	8	3	3	0	1	2	2	3843	674	49	41021	11	5	87	0	0	0	0	0	0	0	0	0	0	0	0	0	0	
684.721433	8	3	3	0	1	2	2	3847	675	49	41081	11	5	87	0	0	0	0	0	0	0	0	0	0	0	0	0	0	
685.726567	8	3	3	0	1	2	2	3851	675	49	41141	11	5	87	0	0	0	0	0	0	0	0	0	0	0	0	0	0	
686.712967	8	3	3	0	1	2	2	3855	674	49	41201	11	5	87	0	0	0	0	0	0	0	0	0	0	0	0	0	0	
687.718083	8	3	3	0	1	2	2	3860	674	49	41261	11	5	87	0	0	0	0	0	0	0	0	0	0	0	0	0	0	
688.723200	8	3	3	0	1	2	2	3865	675	49	41321	11	5	87	0	0	0	0	0	0	0	0	0	0	0	0	0	0	
689.728317	8	3	3	0	1	2	2	3870	675	49	41382	11	5	87	0	0	0	0	0	0	0	0	0	0	0	0	0	0	
690.714717	8	3	3	0	1	2	2	3875	675	49	41441	11	5	87	0	0	0	0	0	0	0	0	0	0	0	0	0	0	
691.719833	8	3	3	0	1	2	2	3881	674	49	41501	11	5	87	0	0	0	0	0	0	0	0	0	0	0	0	0	0	
692.726400	8	3	3	0	1	2	2	3887	675	49	41561	11	5	87	0	0	0	0	0	0	0	0	0	0	0	0	0	0	
693.731517	8	3	3	0	1	2	2	3893	675	49	41622	11	5	87	0	0	0	0	0	0	0	0	0	0	0	0	0	0	
694.717917	8	3	3	0	1	2	2	3899	674	49	41681	11	5	87	0	0	0	0	0	0	0	0	0	0	0	0	0	0	
695.723033	8	3	3	0	1	2	2	3905	674	49	41741	11	5	87	0	0	0	0	0	0	0	0	0	0	0	0	0	0	
696.728167	8	3	3	0	1	2	2	3911	674	49	41801	11	5	87	0	0	0	0	0	0	0	0	0	0	0	0	0	0	
697.714567	8	3	3	0	1	2	2	3917	675	49	41861	11	5	87	0	0	0	0	0	0	0	0	0	0	0	0	0	0	
698.719683	8	3	3	0	1	2	2	3922	676	49	41921	11	5	87	0	0	0	0	0	0	0	0	0	0	0	0	0	0	
699.726233	8	3	3	0	1	2	2	3927	674	49	41981	11	5	87	0	0	0	0	0	0	0	0	0	0	0	0	0	0	
700.731367	8	3	3	0	1	2	2	3931	674	49	42042	11	5	87	0	0	0	0	0	0	0	0	0	0	0	0	0	0	
701.717767	8	3	3	0	1	2	2	3935	676	49	42101	11	5	87	0	0	0	0	0	0	0	0	0	0	0	0	0	0	
702.722883	8	3	3	0	1	2	2	3939	675	49	42161	11	5	87	0	0	0	0	0	0	0	0	0	0	0	0	0	0	
703.728000	8	3	3	0	1	2	2	3943	675	49	42221	11	5	87	0	0	0	0	0	0	0	0	0	0	0	0	0	0	
704.714400	8	3	3	0	1	2	2	3946	675	49	42281	11	5	87	0	0	0	0	0	0	0	0	0	0	0	0	0	0	
705.719517	8	3	3	0	1	2	2	3950	675	49	42341	11	5	87	0	0	0	0	0	0	0	0	0	0	0	0	0	0	
706.724633	8	3	3	0	1	2	2	3953	675	49	42401	11	5	87	0	0	0	0	0	0	0	0	0	0	0	0	0	0	
707.729767	8	3	3	0	1	2	2	3956	674	49	42462	11	5	87	0	0	0	0	0	0	0	0	0	0	0	0	0	0	
708.720483	8	3	3	0	1	2	2	3960	675	49	42521	11	5	87	0	0	0	0	0	0	0	0	0	0	0	0	0	0	
709.725600	8	3	3	0	1	2	2	3963	675	49	42581	11	5	87	0	0	0	0	0	0	0	0	0	0	0	0	0	0	
710.730717	8	3	3	0	1	2	2	3966	675	49	42642	11	5	87	0	0	0	0	0	0	0	0	0	0	0	0	0	0	
711.717117	8	3	3	0	1	2	2	3969	675	49	42701	11	5	87	0	0	0	0	0	0	0	0	0	0	0	0	0	0	
712.722233	8	3	3	0	1	2	2	3972	674	49	42761	11	5	87	0	0	0	0	0	0	0	0	0	0	0	0	0	0	
713.727367	8	3	3	0	1	2	2	3976	675	49	42821	11	5	87	0	0	0	0	0	0	0	0	0	0	0	0	0	0	
714.732483	8	3	3	0	1	2	2	3979	674	49	42882	11	5	87	0	0	0	0	0	0	0	0	0	0	0	0	0	0	
715.718883	8	3	3	0	1	2	2	3982	675	49	42941	11	5	87	0	0	0	0	0	0	0	0	0	0	0	0	0	0	
716.724000	8	3	3	0	1	2	2	3986	674	49	43001	11	5	87	0	0	0	0	0	0	0	0	0	0	0	0	0	0	
717.730567	8	3	3	0	1	2	2	3989	675	49	43061	11	5	87	0	0	0	0	0	0	0	0	0	0	0	0	0	0	
718.716967	8	3	3	0	1	2	2	3993	674	49	43121	11	5	87	0	0	0	0	0	0	0	0	0	0	0	0	0	0	
719.722083	8	3	3	0	1	2	2	3997	674	49	43181	11	5	87	0	0	0	0	0	0	0	0	0	0	0	0	0	0	
720.727200	8	3	3	0	1	2	2	4000	675	49	43241	11	5	87	0	0	0	0	0	0	0	0	0	0	0	0	0	0	
721.732317	8	3	3	0	1	2	2	4004	674	49	43302	11	5	87	0	0	0	0	0	0	0	0	0	0	0	0	0	0	
722.718717	8	3	3	0	1	2	2	4008	675	49	43361	11	5	87	0	0	0	0	0	0	0	0	0	0	0	0	0	0	
723.723833	8	3	3	0	1	2	2	4012	674	49	43421	11	5	87	0	0	0	0	0	0	0	0	0	0	0	0	0	0	
724.728967	8	3	3	0	1	2	2	4016	674	49	43481	11	5	87	0	0	0	0	0	0	0	0	0	0	0	0	0	0	
725.734083	8	3	3	0	1	2	2	4020	675	49	43542	11	5	87	0	0	0	0	0	0	0	0	0	0	0	0	0	0	
726.720483	8	3	3	0	1	2	2	4024	675	49	43601	11	5	87	0	0	0	0	0	0	0	0	0	0	0	0	0	0	
727.725600	8	3	3	0	1	2	2	4028	675	49	43661	11	5	87	0	0	0	0	0	0	0	0	0	0	0	0	0	0	
728.730717	8	3	3	0	1	2	2	4033	675	49	43722	11	5	87	0	0	0	0	0	0	0	0	0	0	0	0	0	0	
729.718567	8	3	3	0	1	2	2	4037	674	49	43781	11	5	87	0	0	0	0	0	0	0	0	0	0	0	0	0	0	
730.723683	8	3	3	0	1	2	2	4041	674	49	43841	11	5	87	0	0	0	0	0	0	0	0	0	0	0	0	0	0	
731.728800	8	3	3	0	1	2	2	4046	675	49	43901	11	5	87	0	0	0	0	0	0	0	0	0	0	0	0	0	0	
732.733917	8	3	3	0	1	2	2	4051	675	49	43962	11	5	87	0	0	0	0	0	0	0	0	0	0	0	0	0	0	
733.720317	8	3	3	0	1	2	2	4055	675	49	44021	11	5	87	0	0	0	0	0	0	0	0	0	0	0	0	0	0	
734.725433	8	3	3	0	1	2	2	4060	675	49	44081	11	5	87	0	0	0	0	0	0	0	0	0	0	0	0	0	0	
735.730567	8	3	3	0	1	2	2	4065	674	49	44141	11	5	87	0	0	0	0	0	0	0	0	0	0	0	0	0	0	
736.716967	8	3	3	0	1	2	2	4070	674	49	44201	11	5	87	0	0	0	0	0	0	0	0	0	0	0	0	0	0	
737.723517	8	3	3	0	1	2	2	4075	674	49	44261	11	5	87	0	0	0	0	0	0	0	0	0	0	0	0	0	0	
738.728633	8	3	3	0	1	2	2	4080	674	49	44321	11	5	87	0	0	0	0	0	0	0	0	0	0	0	0	0	0	
739.733767	8	3	3	0	1	2	2	4085	674	49	44382	11	5	87	0	0	0	0	0	0	0	0	0	0	0	0	0	0	
740.720167	8	3	3	0	1	2	2	4090	675	49	44441	11	5	87	0	0	0	0	0	0	0	0	0	0	0	0	0	0	
741.725283	8	3	3	0	1	2	2	4096	675	49	44501	11	5	87	0	0	0	0	0	0	0	0	0	0	0	0	0	0	
742.730400	8	3	3	0	1	2	2	4101	674	49	44561	11	5	87	0	0	0	0	0	0	0	0	0	0	0	0	0	0	
743.735517	8	3	3	0	1	2	2	4106	674	49	44622	11	5	87	0	0	0	0	0	0	0	0	0	0	0	0	0	0	
744.721917	8	3	3	0	1	2	2	4112	675	49	44681	11	5	87	0	0	0	0	0	0	0	0	0	0	0	0	0	0	
745.727033	8	3	3	0	1	2	2	4116	668	49	44741	11	5	87	0	0	0	0	0	0	0	0	0	0	0	0	0	0	
746.732167	8	3	3	0	1	2	2	4122	667	49	44802	11	5	87	0	0	0	0	0	0	0	0	0	0	0	0	0	0	
747.720000	8	3	3	0	1	2	2	4127	666	49	44861	11	5	87	0	0	0	0	0	0	0	0	0	0	0	0	0	0	
748.725117	8	3	3	0	1	2	2	4133	664	49	44921	11	5	87	0	0	0	0	0	0	0	0	0	0	0	0	0	0	
749.730233	8	3	3	0	1	2	2	4139	664	49	44981	11	5	87	0	0	0	0	0	0	0	0	0	0	0	0	0	0	
750.735367	8	3	3	0	1	2	2	4145	664	49	45042	11	5	87	0	0	0	0	0	0	0	0	0	0	0	0	0	0	
751.721767	8	3	3	0	1	2	2	4150	662	49	45101	11	5	87	0	0	0	0	0	0	0	0	0	0	0	0	0	0	
752.726883	8	3	3	0	1	2	2	4156	662	49	45161	11	5	87	0	0	0	0	0	0	0	0	0	0	0	0	0	0	
753.732000	8	3	3	0	1	2	2	4162	660	49	45221	11	5	87	0	0	0	0	0	0	0	0	0	0	0	0	0	0	
754.718400	8	3	3	0	1	2	2	4168	660	49	45281	11	5	87	0	0	0	0	0	0	0	0	0	0	0	0	0	0	
755.724967	8	3	3	0	1	2	2	4174	658	49	45341	11	5	87	0	0	0	0	0	0	0	0	0	0	0	0	0	0	
756.730083	8	3	3	0	1	2	2	4181	658	49	45401	11	5	87	0	0	0	0	0	0	0	0	0	0	0	0	0	0	
757.735200	8	3	3	0	1	2	2	4187	657	49	45462	11	5	87	0	0	0	0	0	0	0	0	0	0	0	0	0	0	
758.721600	8	3	3	0	1	2	2	4193	656	49	45521	11	5	87	0	0	0	0	0	0	0	0	0	0	0	0	0	0	
759.726717	8	3	3	0	1	2	2	4198	647	49	45581	11	5	87	0	0	0	0	0	0	0	0	0	0	0	0	0	0	
760.731833	8	3	3	0	1	2	2	4198	621	49	45641	11	5	87	0	0	0	0	0	0	0	0	0	0	0	0	0	0	
761.736967	8	3	3	0	1	2	2	4198	596	49	45702	11	5	87	0	0	0	0	0	0	0	0	0	0	0	0	0	0	
762.723367	8	3	3	0	1	2	2	4198	572	49	45761	11	5	87	0	0	0	0	0	0	0	0	0	0	0	0	0	0	
763.728483	8	3	3	0	1	2	2	4198	549	49	45821	11	5	87	0	0	0	0	0	0	0	0	0	0	0	0	0	0	
764.733600	8	3	3	0	1	2	2	4198	525	49	45882	11	5	87	0	0	0	0	0	0	0	0	0	0	0	0	0	0	
765.721433	8	3	3	0	1	2	2	4198	504	49	45941	11	5	87	0	0	0	0	0	0	0	0	0	0	0	0	0	0	
766.726567	8	3	3	0	1	2	2	4198	484	49	46001	11	5	87	0	0	0	0	0	0	0	0	0	0	0	0	0	0	
767.731683	8	3	3	0	1	2	2	4198	464	49	46061	11	5	87	0	0	0	0	0	0	0	0	0	0	0	0	0	0	
768.736800	8	3	3	0	1	2	2	4198	445	49	46122	11	5	87	0	0	0	0	0	0	0	0	0	0	0	0	0	0	
769.723200	8	3	3	0	1	2	2	4198	427	49	46181	11	5	87	0	0	0	0	0	0	0	0	0	0	0	0	0	0	
770.728317	8	3	3	0	1	2	2	4199	409	49	46241	11	5	87	0	0	0	0	0	0	0	0	0	0	0	0	0	0	
771.733433	8	3	3	0	1	2	2	4198	392	49	46301	11	5	87	0	0	0	0	0	0	0	0	0	0	0	0	0	0	
772.719833	8	3	3	0	1	2	2	4198	375	49	46361	11	5	87	0	0	0	0	0	0	0	0	0	0	0	0	0	0	
773.724967	8	3	3	0	1	2	2	4198	360	49	46421	11	5	87	0	0	0	0	0	0	0	0	0	0	0	0	0	0	
774.730083	8	3	3	0	1	2	2	4198	345	49	46481	11	5	87	0	0	0	0	0	0	0	0	0	0	0	0	0	0	
775.736633	8	3	3	0	1	2	2	4198	331	49	46542	11	5	87	0	0	0	0	0	0	0	0	0	0	0	0	0	0	
776.721600	8	3	3	0	1	2	2	4199	317	49	46601	11	5	87	0	0	0	0	0	0	0	0	0	0	0	0	0	0	
777.729600	8	3	3	0	1	2	2	4198	304	49	46661	11	5	87	0	0	0	0	0	0	0	0	0	0	0	0	0	0	
778.734717	8	3	3	0	1	2	2	4198	291	49	46721	11	5	87	0	0	0	0	0	0	0	0	0	0	0	0	0	0	
779.721117	8	3	3	0	1	2	2	4199	278	49	46781	11	5	87	0	0	0	0	0	0	0	0	0	0	0	0	0	0	
780.726233	8	3	3	0	1	2	2	4198	267	49	46841	11	5	87	0	0	0	0	0	0	0	0	0	0	0	0	0	0	
781.731367	8	3	3	0	1	2	2	4198	256	49	46901	11	5	87	0	0	0	0	0	0	0	0	0	0	0	0	0	0	
782.736483	8	3	3	0	1	2	2	4199	245	49	46962	11	5	87	0	0	0	0	0	0	0	0	0	0	0	0	0	0	
783.724317	8	3	3	0	1	2	2	4199	236	49	47021	11	5	87	0	0	0	0	0	0	0	0	0	0	0	0	0	0	
784.729433	8	3	3	0	1	2	2	4199	226	49	47081	11	5	87	0	0	0	0	0	0	0	0	0	0	0	0	0	0	
785.734567	8	3	3	0	1	2	2	4198	217	49	47141	11	5	87	0	0	0	0	0	0	0	0	0	0	0	0	0	0	
786.720967	8	3	3	0	1	2	2	4198	208	49	47201	11	5	87	0	0	0	0	0	0	0	0	0	0	0	0	0	0	
787.726083	8	3	3	0	1	2	2	4198	199	49	47261	11	5	87	0	0	0	0	0	0	0	0	0	0	0	0	0	0	
788.731200	8	3	3	0	1	2	2	4199	192	49	47321	11	5	87	0	0	0	0	0	0	0	0	0	0	0	0	0	0	
789.736317	8	3	3	0	1	2	2	4198	184	49	47382	11	5	87	0	0	0	0	0	0	0	0	0	0	0	0	0	0	
790.722717	8	3	3	0	1	2	2	4199	176	49	47441	11	5	87	0	0	0	0	0	0	0	0	0	0	0	0	0	0	
791.727833	8	3	3	0	1	2	2	4199	168	49	47501	11	5	87	0	0	0	0	0	0	0	0	0	0	0	0	0	0	
792.732967	8	3	3	0	1	2	2	4199	161	49	47561	11	5	87	0	0	0	0	0	0	0	0	0	0	0	0	0	0	
793.738083	8	3	3	0	1	2	2	4198	155	49	47622	11	5	87	0	0	0	0	0	0	0	0	0	0	0	0	0	0	
794.724483	8	3	3	0	1	2	2	4198	148	49	47681	11	5	87	0	0	0	0	0	0	0	0	0	0	0	0	0	0	
795.731033	8	3	3	0	1	2	2	4199	143	49	47741	11	5	87	0	0	0	0	0	0	0	0	0	0	0	0	0	0	
796.736167	8	3	3	0	1	2	2	4198	136	49	47801	11	5	87	0	0	0	0	0	0	0	0	0	0	0	0	0	0	
797.722567	8	3	3	0	1	2	2	4199	131	49	47861	11	5	87	0	0	0	0	0	0	0	0	0	0	0	0	0	0	
798.727683	8	3	3	0	1	2	2	4198	125	49	47921	11	5	87	0	0	0	0	0	0	0	0	0	0	0	0	0	0	
799.732800	8	3	3	0	1	2	2	4199	120	49	47981	11	5	87	0	0	0	0	0	0	0	0	0	0	0	0	0	0	
800.737917	8	3	3	0	1	2	2	4199	115	49	48042	11	5	87	0	0	0	0	0	0	0	0	0	0	0	0	0	0	
801.724317	8	3	3	0	1	2	2	4199	111	49	48101	11	5	87	0	0	0	0	0	0	0	0	0	0	0	0	0	0	
802.729433	8	3	3	0	1	2	2	4198	106	49	48161	11	5	87	0	0	0	0	0	0	0	0	0	0	0	0	0	0	
803.734567	8	3	3	0	1	2	2	4198	101	49	48221	11	5	87	0	0	0	0	0	0	0	0	0	0	0	0	0	0	
804.739683	8	3	3	0	1	2	2	4199	97	49	48282	11	5	87	0	0	0	0	0	0	0	0	0	0	0	0	0	0	
805.726083	8	3	3	0	1	2	2	4198	94	49	48341	11	5	87	0	0	0	0	0	0	0	0	0	0	0	0	0	0	
806.732633	8	3	3	0	1	2	2	4198	90	49	48401	11	5	87	0	0	0	0	0	0	0	0	0	0	0	0	0	0	
807.737767	8	3	3	0	1	2	2	4199	87	49	48462	11	5	87	0	0	0	0	0	0	0	0	0	0	0	0	0	0	
808.724167	8	3	3	0	1	2	2	4198	82	49	48521	11	5	87	0	0	0	0	0	0	0	0	0	0	0	0	0	0	
809.729283	8	3	3	0	1	2	2	4198	79	49	48581	11	5	87	0	0	0	0	0	0	0	0	0	0	0	0	0	0	
810.734400	8	3	3	0	1	2	2	4199	76	49	48641	11	5	87	0	0	0	0	0	0	0	0	0	0	0	0	0	0	
811.739517	8	3	3	0	1	2	2	4199	73	49	48702	11	5	87	0	0	0	0	0	0	0	0	0	0	0	0	0	0	
812.725917	8	3	3	0	1	2	2	4199	70	49	48761	11	5	87	0	0	0	0	0	0	0	0	0	0	0	0	0	0	
813.731033	8	3	3	0	1	2	2	4198	67	49	48821	11	5	87	0	0	0	0	0	0	0	0	0	0	0	0	0	0	
813.850567	8	6	3	0	2	7	1	3881	-1349	49	48828	11	6	0	0	0	0	0	0	0	0	0	0	0	0	0	0	0	
814.737600	8	6	3	0	2	7	1	3860	-1349	49	48882	11	6	1	0	0	0	0	0	0	0	0	0	0	0	0	0	0	
815.724000	8	6	3	0	2	7	1	3834	-1349	49	48941	11	6	3	0	0	0	0	0	0	0	0	0	0	0	0	0	0	
816.729117	8	6	3	0	2	7	1	3812	-1349	49	49001	11	6	4	0	0	0	0	0	0	0	0	0	0	0	0	0	0	
817.734233	8	6	3	0	2	7	1	3793	-1349	49	49061	11	6	6	0	0	0	0	0	0	0	0	0	0	0	0	0	0	
818.740800	8	6	3	0	2	7	1	3776	-1351	49	49122	11	6	8	0	0	0	0	0	0	0	0	0	0	0	0	0	0	
819.725767	8	6	3	0	2	7	1	3755	-1350	49	49181	11	6	9	0	0	0	0	0	0	0	0	0	0	0	0	0	0	
820.732317	8	6	3	0	2	7	1	3735	-1350	49	49241	11	6	11	0	0	0	0	0	0	0	0	0	0	0	0	0	0	
821.737433	8	6	3	0	2	7	1	3713	-1350	49	49301	11	6	13	0	0	0	0	0	0	0	0	0	0	0	0	0	0	
822.723833	8	6	3	0	2	7	1	3693	-1348	49	49361	11	6	14	0	0	0	0	0	0	0	0	0	0	0	0	0	0	
823.728967	8	6	3	0	2	7	1	3673	-1350	49	49421	11	6	16	0	0	0	0	0	0	0	0	0	0	0	0	0	0	
824.734083	8	6	3	0	2	7	1	3654	-1350	49	49481	11	6	17	0	0	0	0	0	0	0	0	0	0	0	0	0	0	
825.739200	8	6	3	0	2	7	1	3637	-1351	49	49542	11	6	19	0	0	0	0	0	0	0	0	0	0	0	0	0	0	
826.725600	8	6	3	0	2	7	1	3619	-1349	49	49601	11	6	21	0	0	0	0	0	0	0	0	0	0	0	0	0	0	
827.730717	8	6	3	0	2	7	1	3599	-1351	49	49661	11	6	22	0	0	0	0	0	0	0	0	0	0	0	0	0	0	
828.735833	8	6	3	0	2	7	1	3584	-1350	49	49721	11	6	24	0	0	0	0	0	0	0	0	0	0	0	0	0	0	
829.740967	8	6	3	0	2	7	1	3570	-1350	49	49782	11	6	26	0	0	0	0	0	0	0	0	0	0	0	0	0	0	
830.727367	8	6	3	0	2	7	1	3553	-1350	49	49841	11	6	27	0	0	0	0	0	0	0	0	0	0	0	0	0	0	
831.733917	8	6	3	0	2	7	1	3535	-1350	49	49901	11	6	29	0	0	0	0	0	0	0	0	0	0	0	0	0	0	
832.739033	8	6	3	0	2	7	1	3528	-1350	49	49961	11	6	31	0	0	0	0	0	0	0	0	0	0	0	0	0	0	
833.725433	8	6	3	0	2	7	1	3514	-1350	49	50021	11	6	32	0	0	0	0	0	0	0	0	0	0	0	0	0	0	
834.732000	8	6	3	0	2	7	1	3501	-1350	49	50081	11	6	34	0	0	0	0	0	0	0	0	0	0	0	0	0	0	
835.737117	8	6	3	0	2	7	1	3490	-1350	49	50141	11	6	36	0	0	0	0	0	0	0	0	0	0	0	0	0	0	
836.742233	8	6	3	0	2	7	1	3479	-1349	49	50202	11	6	37	0	0	0	0	0	0	0	0	0	0	0	0	0	0	
837.728633	8	6	3	0	2	7	1	3467	-1350	49	50261	11	6	39	0	0	0	0	0	0	0	0	0	0	0	0	0	0	
838.735200	8	6	3	0	2	7	1	3460	-1350	49	50321	11	6	41	0	0	0	0	0	0	0	0	0	0	0	0	0	0	
839.740317	8	6	3	0	2	7	1	3449	-1352	49	50382	11	6	42	0	0	0	0	0	0	0	0	0	0	0	0	0	0	
840.726717	8	6	3	0	2	7	1	3439	-1351	49	50441	11	6	44	0	0	0	0	0	0	0	0	0	0	0	0	0	0	
841.731833	8	6	3	0	2	7	1	3432	-1350	49	50501	11	6	46	0	0	0	0	0	0	0	0	0	0	0	0	0	0	
842.736967	8	6	3	0	2	7	1	3423	-1348	49	50561	11	6	47	0	0	0	0	0	0	0	0	0	0	0	0	0	0	
843.742083	8	6	3	0	2	7	1	3406	-1351	49	50622	11	6	49	0	0	0	0	0	0	0	0	0	0	0	0	0	0	
844.728483	8	6	3	0	2	7	1	3395	-1350	49	50681	11	6	51	0	0	0	0	0	0	0	0	0	0	0	0	0	0	
845.735033	8	6	3	0	2	7	1	3376	-1349	49	50741	11	6	52	0	0	0	0	0	0	0	0	0	0	0	0	0	0	
846.740167	8	6	3	0	2	7	1	3372	-1349	49	50801	11	6	54	0	0	0	0	0	0	0	0	0	0	0	0	0	0	
847.726567	8	6	3	0	2	7	1	3364	-1350	49	50861	11	6	56	0	0	0	0	0	0	0	0	0	0	0	0	0	0	
848.731683	8	6	3	0	2	7	1	3347	-1349	49	50921	11	6	57	0	0	0	0	0	0	0	0	0	0	0	0	0	0	
849.736800	8	6	3	0	2	7	1	3323	-1348	49	50981	11	6	59	0	0	0	0	0	0	0	0	0	0	0	0	0	0	
850.741917	8	6	3	0	2	7	1	3322	-1350	49	51042	11	6	61	0	0	0	0	0	0	0	0	0	0	0	0	0	0	
851.728317	8	6	3	0	2	7	1	3307	-1350	49	51101	11	6	62	0	0	0	0	0	0	0	0	0	0	0	0	0	0	
852.733433	8	6	3	0	2	7	1	3315	-1349	49	51161	11	6	64	0	0	0	0	0	0	0	0	0	0	0	0	0	0	
853.740000	8	6	3	0	2	7	1	3313	-1348	49	51221	11	6	66	0	0	0	0	0	0	0	0	0	0	0	0	0	0	
854.726400	8	6	3	0	2	7	1	3305	-1348	49	51281	11	6	67	0	0	0	0	0	0	0	0	0	0	0	0	0	0	
855.731517	8	6	3	0	2	7	1	3295	-1350	49	51341	11	6	69	0	0	0	0	0	0	0	0	0	0	0	0	0	0	
856.736633	8	6	3	0	2	7	1	3286	-1349	49	51401	11	6	71	0	0	0	0	0	0	0	0	0	0	0	0	0	0	
857.741767	8	6	3	0	2	7	1	3278	-1348	49	51462	11	6	72	0	0	0	0	0	0	0	0	0	0	0	0	0	0	
858.728167	8	6	3	0	2	7	1	3272	-1349	49	51521	11	6	74	0	0	0	0	0	0	0	0	0	0	0	0	0	0	
859.733283	8	6	3	0	2	7	1	3253	-1352	49	51581	11	6	76	0	0	0	0	0	0	0	0	0	0	0	0	0	0	
860.738400	8	6	3	0	2	7	1	3233	-1350	49	51641	11	6	77	0	0	0	0	0	0	0	0	0	0	0	0	0	0	
861.729117	8	6	3	0	2	7	1	3213	-1349	49	51701	11	6	79	0	0	0	0	0	0	0	0	0	0	0	0	0	0	
862.734233	8	6	3	0	2	7	1	3191	-1349	49	51761	11	6	81	0	0	0	0	0	0	0	0	0	0	0	0	0	0	
863.739367	8	6	3	0	2	7	1	3146	-1349	49	51821	11	6	82	0	0	0	0	0	0	0	0	0	0	0	0	0	0	
864.744483	8	6	3	0	2	7	1	3077	-1349	49	51882	11	6	84	0	0	0	0	0	0	0	0	0	0	0	0	0	0	
865.730883	8	6	3	0	2	7	1	2946	-1350	49	51941	11	6	85	0	0	0	0	0	0	0	0	0	0	0	0	0	0	
866.661117	8	15	3	0	1	31	2	3132	271	49	51997	13	6	87	0	0	0	0	0	0	0	0	0	0	0	0	0	0	
866.681283	8	3	3	0	1	2	2	3250	675	49	51998	13	6	87	0	0	0	0	0	0	0	0	0	0	0	0	0	0	
866.738883	8	3	3	0	1	2	2	3297	676	49	52001	13	6	87	0	0	0	0	0	0	0	0	0	0	0	0	0	0	
867.745433	8	3	3	0	1	2	2	3539	674	49	52062	13	6	87	0	0	0	0	0	0	0	0	0	0	0	0	0	0	
868.731833	8	3	3	0	1	2	2	3638	674	49	52121	13	6	87	0	0	0	0	0	0	0	0	0	0	0	0	0	0	
869.736967	8	3	3	0	1	2	2	3705	675	49	52181	13	6	87	0	0	0	0	0	0	0	0	0	0	0	0	0	0	
870.742083	8	3	3	0	1	2	2	3754	674	49	52242	13	6	87	0	0	0	0	0	0	0	0	0	0	0	0	0	0	
871.728483	8	3	3	0	1	2	2	3790	674	49	52301	13	6	87	0	0	0	0	0	0	0	0	0	0	0	0	0	0	
872.733600	8	3	3	0	1	2	2	3816	674	49	52361	13	6	87	0	0	0	0	0	0	0	0	0	0	0	0	0	0	
873.738717	8	3	3	0	1	2	2	3827	675	49	52421	13	6	87	0	0	0	0	0	0	0	0	0	0	0	0	0	0	
874.743833	8	3	3	0	1	2	2	3833	674	49	52482	13	6	87	0	0	0	0	0	0	0	0	0	0	0	0	0	0	
875.730233	8	3	3	0	1	2	2	3838	675	49	52541	13	6	87	0	0	0	0	0	0	0	0	0	0	0	0	0	0	
876.736800	8	3	3	0	1	2	2	3842	675	49	52601	13	6	87	0	0	0	0	0	0	0	0	0	0	0	0	0	0	
877.741917	8	3	3	0	1	2	2	3846	673	49	52661	13	6	87	0	0	0	0	0	0	0	0	0	0	0	0	0	0	
878.728317	8	3	3	0	1	2	2	3851	674	49	52721	13	6	87	0	0	0	0	0	0	0	0	0	0	0	0	0	0	
879.733433	8	3	3	0	1	2	2	3855	675	49	52781	13	6	87	0	0	0	0	0	0	0	0	0	0	0	0	0	0	
880.738567	8	3	3	0	1	2	2	3861	676	49	52841	13	6	87	0	0	0	0	0	0	0	0	0	0	0	0	0	0	
881.743683	8	3	3	0	1	2	2	3865	674	49	52902	13	6	87	0	0	0	0	0	0	0	0	0	0	0	0	0	0	
882.730083	8	3	3	0	1	2	2	3870	675	49	52961	13	6	87	0	0	0	0	0	0	0	0	0	0	0	0	0	0	
883.735200	8	3	3	0	1	2	2	3876	674	49	53021	13	6	87	0	0	0	0	0	0	0	0	0	0	0	0	0	0	
884.741767	8	3	3	0	1	2	2	3882	675	49	53081	13	6	87	0	0	0	0	0	0	0	0	0	0	0	0	0	0	
885.746883	8	3	3	0	1	2	2	3888	675	49	53142	13	6	87	0	0	0	0	0	0	0	0	0	0	0	0	0	0	
886.733283	8	3	3	0	1	2	2	3894	676	49	53201	13	6	87	0	0	0	0	0	0	0	0	0	0	0	0	0	0	
887.738400	8	3	3	0	1	2	2	3899	674	49	53261	13	6	87	0	0	0	0	0	0	0	0	0	0	0	0	0	0	
888.743517	8	3	3	0	1	2	2	3905	675	49	53321	13	6	87	0	0	0	0	0	0	0	0	0	0	0	0	0	0	
889.729917	8	3	3	0	1	2	2	3910	674	49	53381	13	6	87	0	0	0	0	0	0	0	0	0	0	0	0	0	0	
890.735033	8	3	3	0	1	2	2	3916	676	49	53441	13	6	87	0	0	0	0	0	0	0	0	0	0	0	0	0	0	
891.740167	8	3	3	0	1	2	2	3921	675	49	53501	13	6	87	0	0	0	0	0	0	0	0	0	0	0	0	0	0	
892.745283	8	3	3	0	1	2	2	3925	673	49	53562	13	6	87	0	0	0	0	0	0	0	0	0	0	0	0	0	0	
893.733117	8	3	3	0	1	2	2	3930	674	48	53621	13	6	87	0	0	0	0	0	0	0	0	0	0	0	0	0	0	
894.738233	8	3	3	0	1	2	2	3933	674	49	53681	13	6	87	0	0	0	0	0	0	0	0	0	0	0	0	0	0	
895.743367	8	3	3	0	1	2	2	3937	675	49	53741	13	6	87	0	0	0	0	0	0	0	0	0	0	0	0	0	0	
896.729767	8	3	3	0	1	2	2	3941	674	49	53801	13	6	87	0	0	0	0	0	0	0	0	0	0	0	0	0	0	
897.734883	8	3	3	0	1	2	2	3944	675	49	53861	13	6	87	0	0	0	0	0	0	0	0	0	0	0	0	0	0	
898.740000	8	3	3	0	1	2	2	3947	674	49	53921	13	6	87	0	0	0	0	0	0	0	0	0	0	0	0	0	0	
899.745117	8	3	3	0	1	2	2	3951	675	49	53982	13	6	87	0	0	0	0	0	0	0	0	0	0	0	0	0	0	
900.731517	8	3	3	0	1	2	2	3954	675	49	54041	13	6	87	0	0	0	0	0	0	0	0	0	0	0	0	0	0	
901.736633	8	3	3	0	1	2	2	3957	673	49	54101	13	6	87	0	0	0	0	0	0	0	0	0	0	0	0	0	0	
902.741767	8	3	3	0	1	2	2	3961	674	49	54161	13	6	87	0	0	0	0	0	0	0	0	0	0	0	0	0	0	
903.746883	8	3	3	0	1	2	2	3964	675	49	54222	13	6	87	0	0	0	0	0	0	0	0	0	0	0	0	0	0	
904.734717	8	3	3	0	1	2	2	3967	674	49	54281	13	6	87	0	0	0	0	0	0	0	0	0	0	0	0	0	0	
905.739833	8	3	3	0	1	2	2	3970	674	49	54341	13	6	87	0	0	0	0	0	0	0	0	0	0	0	0	0	0	
906.744967	8	3	3	0	1	2	2	3974	676	49	54401	13	6	87	0	0	0	0	0	0	0	0	0	0	0	0	0	0	
907.731367	8	3	3	0	1	2	2	3977	674	49	54461	13	6	87	0	0	0	0	0	0	0	0	0	0	0	0	0	0	
908.736483	8	3	3	0	1	2	2	3981	673	49	54521	13	6	87	0	0	0	0	0	0	0	0	0	0	0	0	0	0	
909.745917	8	3	3	0	1	2	2	3984	675	49	54582	13	6	87	0	0	0	0	0	0	0	0	0	0	0	0	0	0	
910.732317	8	3	3	0	1	2	2	3988	675	49	54641	13	6	87	0	0	0	0	0	0	0	0	0	0	0	0	0	0	
911.737433	8	3	3	0	1	2	2	3991	675	49	54701	13	6	87	0	0	0	0	0	0	0	0	0	0	0	0	0	0	
912.742567	8	3	3	0	1	2	2	3995	674	49	54761	13	6	87	0	0	0	0	0	0	0	0	0	0	0	0	0	0	
913.747683	8	3	3	0	1	2	2	3999	675	49	54822	13	6	87	0	0	0	0	0	0	0	0	0	0	0	0	0	0	
914.734083	8	3	3	0	1	2	2	4003	675	49	54881	13	6	87	0	0	0	0	0	0	0	0	0	0	0	0	0	0	
915.739200	8	3	3	0	1	2	2	4007	675	49	54941	13	6	87	0	0	0	0	0	0	0	0	0	0	0	0	0	0	
916.744317	8	3	3	0	1	2	2	4011	674	49	55001	13	6	87	0	0	0	0	0	0	0	0	0	0	0	0	0	0	
917.730717	8	3	3	0	1	2	2	4015	675	49	55061	13	6	87	0	0	0	0	0	0	0	0	0	0	0	0	0	0	
918.735833	8	3	3	0	1	2	2	4019	675	49	55121	13	6	87	0	0	0	0	0	0	0	0	0	0	0	0	0	0	
919.740967	8	3	3	0	1	2	2	4023	674	49	55181	13	6	87	0	0	0	0	0	0	0	0	0	0	0	0	0	0	
920.746083	8	3	3	0	1	2	2	4027	675	49	55242	13	6	87	0	0	0	0	0	0	0	0	0	0	0	0	0	0	
921.733917	8	3	3	0	1	2	2	4032	674	49	55301	13	6	87	0	0	0	0	0	0	0	0	0	0	0	0	0	0	
922.739033	8	3	3	0	1	2	2	4036	675	49	55361	13	6	87	0	0	0	0	0	0	0	0	0	0	0	0	0	0	
923.744167	8	3	3	0	1	2	2	4041	674	49	55421	13	6	87	0	0	0	0	0	0	0	0	0	0	0	0	0	0	
924.749283	8	3	3	0	1	2	2	4045	675	49	55482	13	6	87	0	0	0	0	0	0	0	0	0	0	0	0	0	0	
925.735683	8	3	3	0	1	2	2	4050	674	49	55541	13	6	87	0	0	0	0	0	0	0	0	0	0	0	0	0	0	
926.740800	8	3	3	0	1	2	2	4055	674	49	55601	13	6	87	0	0	0	0	0	0	0	0	0	0	0	0	0	0	
927.745917	8	3	3	0	1	2	2	4060	675	49	55661	13	6	87	0	0	0	0	0	0	0	0	0	0	0	0	0	0	
928.732317	8	3	3	0	1	2	2	4064	674	49	55721	13	6	87	0	0	0	0	0	0	0	0	0	0	0	0	0	0	
929.737433	8	3	3	0	1	2	2	4069	676	49	55781	13	6	87	0	0	0	0	0	0	0	0	0	0	0	0	0	0	
930.742567	8	3	3	0	1	2	2	4075	676	49	55841	13	6	87	0	0	0	0	0	0	0	0	0	0	0	0	0	0	
931.747683	8	3	3	0	1	2	2	4080	675	49	55902	13	6	87	0	0	0	0	0	0	0	0	0	0	0	0	0	0	
932.734083	8	3	3	0	1	2	2	4085	675	49	55961	13	6	87	0	0	0	0	0	0	0	0	0	0	0	0	0	0	
933.740633	8	3	3	0	1	2	2	4090	674	49	56021	13	6	87	0	0	0	0	0	0	0	0	0	0	0	0	0	0	
934.745767	8	3	3	0	1	2	2	4096	675	49	56081	13	6	87	0	0	0	0	0	0	0	0	0	0	0	0	0	0	
935.750883	8	3	3	0	1	2	2	4101	675	49	56142	13	6	87	0	0	0	0	0	0	0	0	0	0	0	0	0	0	
936.737283	8	3	3	0	1	2	2	4107	675	49	56201	13	6	87	0	0	0	0	0	0	0	0	0	0	0	0	0	0	
937.742400	8	3	3	0	1	2	2	4112	673	49	56261	13	6	87	0	0	0	0	0	0	0	0	0	0	0	0	0	0	
938.747517	8	3	3	0	1	2	2	4118	674	49	56322	13	6	87	0	0	0	0	0	0	0	0	0	0	0	0	0	0	
939.733917	8	3	3	0	1	2	2	4122	668	49	56381	13	6	87	0	0	0	0	0	0	0	0	0	0	0	0	0	0	
940.739033	8	3	3	0	1	2	2	4128	666	49	56441	13	6	87	0	0	0	0	0	0	0	0	0	0	0	0	0	0	
941.744167	8	3	3	0	1	2	2	4133	665	49	56501	13	6	87	0	0	0	0	0	0	0	0	0	0	0	0	0	0	
942.749283	8	3	3	0	1	2	2	4139	664	49	56562	13	6	87	0	0	0	0	0	0	0	0	0	0	0	0	0	0	
943.735683	8	3	3	0	1	2	2	4146	665	49	56621	13	6	87	0	0	0	0	0	0	0	0	0	0	0	0	0	0	
944.742233	8	3	3	0	1	2	2	4151	663	49	56681	13	6	87	0	0	0	0	0	0	0	0	0	0	0	0	0	0	
945.747367	8	3	3	0	1	2	2	4157	661	49	56741	13	6	87	0	0	0	0	0	0	0	0	0	0	0	0	0	0	
946.733767	8	3	3	0	1	2	2	4163	660	49	56801	13	6	87	0	0	0	0	0	0	0	0	0	0	0	0	0	0	
947.738883	8	3	3	0	1	2	2	4170	660	49	56861	13	6	87	0	0	0	0	0	0	0	0	0	0	0	0	0	0	
948.744000	8	3	3	0	1	2	2	4176	658	49	56921	13	6	87	0	0	0	0	0	0	0	0	0	0	0	0	0	0	
949.749117	8	3	3	0	1	2	2	4182	658	49	56982	13	6	87	0	0	0	0	0	0	0	0	0	0	0	0	0	0	
950.735517	8	3	3	0	1	2	2	4188	657	49	57041	13	6	87	0	0	0	0	0	0	0	0	0	0	0	0	0	0	
951.740633	8	3	3	0	1	2	2	4195	656	49	57101	13	6	87	0	0	0	0	0	0	0	0	0	0	0	0	0	0	
952.745767	8	3	3	0	1	2	2	4198	640	49	57161	13	6	87	0	0	0	0	0	0	0	0	0	0	0	0	0	0	
953.752317	8	3	3	0	1	2	2	4198	613	49	57222	13	6	87	0	0	0	0	0	0	0	0	0	0	0	0	0	0	
954.738717	8	3	3	0	1	2	2	4199	588	49	57281	13	6	87	0	0	0	0	0	0	0	0	0	0	0	0	0	0	
955.743833	8	3	3	0	1	2	2	4198	562	49	57341	13	6	87	0	0	0	0	0	0	0	0	0	0	0	0	0	0	
956.748967	8	3	3	0	1	2	2	4198	539	49	57401	13	6	87	0	0	0	0	0	0	0	0	0	0	0	0	0	0	
957.735367	8	3	3	0	1	2	2	4198	516	49	57461	13	6	87	0	0	0	0	0	0	0	0	0	0	0	0	0	0	
958.740483	8	3	3	0	1	2	2	4198	494	49	57521	13	6	87	0	0	0	0	0	0	0	0	0	0	0	0	0	0	
959.745600	8	3	3	0	1	2	2	4199	473	49	57581	13	6	87	0	0	0	0	0	0	0	0	0	0	0	0	0	0	
960.750717	8	3	3	0	1	2	2	4198	453	49	57642	13	6	87	0	0	0	0	0	0	0	0	0	0	0	0	0	0	
961.737117	8	3	3	0	1	2	2	4199	432	49	57701	13	6	87	0	0	0	0	0	0	0	0	0	0	0	0	0	0	
962.742233	8	3	3	0	1	2	2	4198	410	48	57761	13	6	87	0	0	0	0	0	0	0	0	0	0	0	0	0	0	
963.747367	8	3	3	0	1	2	2	4199	390	49	57821	13	6	87	0	0	0	0	0	0	0	0	0	0	0	0	0	0	
964.752483	8	3	3	0	1	2	2	4198	374	49	57882	13	6	87	0	0	0	0	0	0	0	0	0	0	0	0	0	0	
965.740317	8	3	3	0	1	2	2	4199	358	49	57941	13	6	87	0	0	0	0	0	0	0	0	0	0	0	0	0	0	
966.745433	8	3	3	0	1	2	2	4199	342	49	58001	13	6	87	0	0	0	0	0	0	0	0	0	0	0	0	0	0	
967.750567	8	3	3	0	1	2	2	4198	328	49	58062	13	6	87	0	0	0	0	0	0	0	0	0	0	0	0	0	0	
968.736967	8	3	3	0	1	2	2	4199	316	49	58121	13	6	87	0	0	0	0	0	0	0	0	0	0	0	0	0	0	
969.742083	8	3	3	0	1	2	2	4198	304	49	58181	13	6	87	0	0	0	0	0	0	0	0	0	0	0	0	0	0	
970.747200	8	3	3	0	1	2	2	4199	292	49	58241	13	6	87	0	0	0	0	0	0	0	0	0	0	0	0	0	0	
971.752317	8	3	3	0	1	2	2	4198	280	49	58302	13	6	87	0	0	0	0	0	0	0	0	0	0	0	0	0	0	
972.738717	8	3	3	0	1	2	2	4199	269	49	58361	13	6	87	0	0	0	0	0	0	0	0	0	0	0	0	0	0	
973.743833	8	3	3	0	1	2	2	4198	258	49	58421	13	6	87	0	0	0	0	0	0	0	0	0	0	0	0	0	0	
974.748967	8	3	3	0	1	2	2	4198	246	49	58481	13	6	87	0	0	0	0	0	0	0	0	0	0	0	0	0	0	
975.736800	8	3	3	0	1	2	2	4199	236	49	58541	13	6	87	0	0	0	0	0	0	0	0	0	0	0	0	0	0	
976.741917	8	3	3	0	1	2	2	4198	225	49	58601	13	6	87	0	0	0	0	0	0	0	0	0	0	0	0	0	0	
977.747033	8	3	3	0	1	2	2	4198	215	49	58661	13	6	87	0	0	0	0	0	0	0	0	0	0	0	0	0	0	
978.752167	8	3	3	0	1	2	2	4198	205	49	58722	13	6	87	0	0	0	0	0	0	0	0	0	0	0	0	0	0	
979.738567	8	3	3	0	1	2	2	4199	198	49	58781	13	6	87	0	0	0	0	0	0	0	0	0	0	0	0	0	0	
980.743683	8	3	3	0	1	2	2	4198	189	49	58841	13	6	87	0	0	0	0	0	0	0	0	0	0	0	0	0	0	
981.748800	8	3	3	0	1	2	2	4199	180	49	58901	13	6	87	0	0	0	0	0	0	0	0	0	0	0	0	0	0	
982.753917	8	3	3	0	1	2	2	4199	173	49	58962	13	6	87	0	0	0	0	0	0	0	0	0	0	0	0	0	0	
983.740317	8	3	3	0	1	2	2	4198	166	49	59021	13	6	87	0	0	0	0	0	0	0	0	0	0	0	0	0	0	
984.745433	8	3	3	0	1	2	2	4198	158	49	59081	13	6	87	0	0	0	0	0	0	0	0	0	0	0	0	0	0	
985.750567	8	3	3	0	1	2	2	4199	152	49	59141	13	6	87	0	0	0	0	0	0	0	0	0	0	0	0	0	0	
986.736967	8	3	3	0	1	2	2	4199	147	49	59201	13	6	87	0	0	0	0	0	0	0	0	0	0	0	0	0	0	
987.743517	8	3	3	0	1	2	2	4198	140	49	59261	13	6	87	0	0	0	0	0	0	0	0	0	0	0	0	0	0	
988.748633	8	3	3	0	1	2	2	4198	135	49	59321	13	6	87	0	0	0	0	0	0	0	0	0	0	0	0	0	0	
989.753767	8	3	3	0	1	2	2	4198	129	49	59382	13	6	87	0	0	0	0	0	0	0	0	0	0	0	0	0	0	
990.740167	8	3	3	0	1	2	2	4198	124	49	59441	13	6	87	0	0	0	0	0	0	0	0	0	0	0	0	0	0	
991.745283	8	3	3	0	1	2	2	4198	119	49	59501	13	6	87	0	0	0	0	0	0	0	0	0	0	0	0	0	0	
992.750400	8	3	3	0	1	2	2	4198	114	49	59561	13	6	87	0	0	0	0	0	0	0	0	0	0	0	0	0	0	
993.736800	8	3	3	0	1	2	2	4199	110	49	59621	13	6	87	0	0	0	0	0	0	0	0	0	0	0	0	0	0	
994.741917	8	3	3	0	1	2	2	4198	107	49	59681	13	6	87	0	0	0	0	0	0	0	0	0	0	0	0	0	0	
995.747033	8	3	3	0	1	2	2	4198	102	49	59741	13	6	87	0	0	0	0	0	0	0	0	0	0	0	0	0	0	
996.752167	8	3	3	0	1	2	2	4199	97	49	59802	13	6	87	0	0	0	0	0	0	0	0	0	0	0	0	0	0	
997.740000	8	3	3	0	1	2	2	4198	93	49	59861	13	6	87	0	0	0	0	0	0	0	0	0	0	0	0	0	0	
998.745117	8	3	3	0	1	2	2	4198	89	49	59921	13	6	87	0	0	0	0	0	0	0	0	0	0	0	0	0	0	
999.750233	8	3	3	0	1	2	2	4198	85	49	59981	13	6	87	0	0	0	0	0	0	0	0	0	0	0	0	0	0	
1000.755367	8	3	3	0	1	2	2	4199	82	49	60042	13	6	87	0	0	0	0	0	0	0	0	0	0	0	0	0	0	
1001.741767	8	3	3	0	1	2	2	4198	79	49	60101	13	6	87	0	0	0	0	0	0	0	0	0	0	0	0	0	0	
1002.746883	8	3	3	0	1	2	2	4199	76	49	60161	13	6	87	0	0	0	0	0	0	0	0	0	0	0	0	0	0	
1003.752000	8	3	3	0	1	2	2	4199	73	49	60221	13	6	87	0	0	0	0	0	0	0	0	0	0	0	0	0	0	
1004.738400	8	3	3	0	1	2	2	4198	71	48	60281	13	6	87	0	0	0	0	0	0	0	0	0	0	0	0	0	0	
1005.743517	8	3	3	0	1	2	2	4198	67	49	60341	13	6	87	0	0	0	0	0	0	0	0	0	0	0	0	0	0	
1005.976800	8	6	3	0	2	7	1	4046	-627	49	60355	13	7	0	0	0	0	0	0	0	0	0	0	0	0	0	0	0	
1006.750083	8	6	3	0	2	7	1	3848	-1351	49	60401	13	7	1	0	0	0	0	0	0	0	0	0	0	0	0	0	0	
1007.755200	8	6	3	0	2	7	1	3820	-1351	49	60462	13	7	2	0	0	0	0	0	0	0	0	0	0	0	0	0	0	
1008.743033	8	6	3	0	2	7	1	3796	-1350	49	60521	13	7	4	0	0	0	0	0	0	0	0	0	0	0	0	0	0	
1009.748167	8	6	3	0	2	7	1	3775	-1350	49	60581	13	7	6	0	0	0	0	0	0	0	0	0	0	0	0	0	0	
1010.753283	8	6	3	0	2	7	1	3755	-1348	49	60642	13	7	7	0	0	0	0	0	0	0	0	0	0	0	0	0	0	
1011.739683	8	6	3	0	2	7	1	3740	-1349	49	60701	13	7	9	0	0	0	0	0	0	0	0	0	0	0	0	0	0	
1012.744800	8	6	3	0	2	7	1	3714	-1349	49	60761	13	7	11	0	0	0	0	0	0	0	0	0	0	0	0	0	0	
1013.749917	8	6	3	0	2	7	1	3698	-1349	49	60821	13	7	12	0	0	0	0	0	0	0	0	0	0	0	0	0	0	
1014.755033	8	6	3	0	2	7	1	3680	-1349	49	60882	13	7	14	0	0	0	0	0	0	0	0	0	0	0	0	0	0	
1015.741433	8	6	3	0	2	7	1	3657	-1350	49	60941	13	7	16	0	0	0	0	0	0	0	0	0	0	0	0	0	0	
1016.748000	8	6	3	0	2	7	1	3619	-1351	49	61001	13	7	17	0	0	0	0	0	0	0	0	0	0	0	0	0	0	
1017.753117	8	6	3	0	2	7	1	3613	-1350	49	61061	13	7	19	0	0	0	0	0	0	0	0	0	0	0	0	0	0	
1018.739517	8	6	3	0	2	7	1	3600	-1349	49	61121	13	7	21	0	0	0	0	0	0	0	0	0	0	0	0	0	0	
1019.744633	8	6	3	0	2	7	1	3584	-1350	49	61181	13	7	22	0	0	0	0	0	0	0	0	0	0	0	0	0	0	
1020.749767	8	6	3	0	2	7	1	3570	-1349	49	61241	13	7	24	0	0	0	0	0	0	0	0	0	0	0	0	0	0	
1021.754883	8	6	3	0	2	7	1	3557	-1349	49	61302	13	7	26	0	0	0	0	0	0	0	0	0	0	0	0	0	0	
1022.741283	8	6	3	0	2	7	1	3544	-1350	49	61361	13	7	27	0	0	0	0	0	0	0	0	0	0	0	0	0	0	
1023.746400	8	6	3	0	2	7	1	3529	-1350	49	61421	13	7	29	0	0	0	0	0	0	0	0	0	0	0	0	0	0	
1024.751517	8	6	3	0	2	7	1	3517	-1349	49	61481	13	7	30	0	0	0	0	0	0	0	0	0	0	0	0	0	0	
1025.756633	8	6	3	0	2	7	1	3503	-1350	49	61542	13	7	32	0	0	0	0	0	0	0	0	0	0	0	0	0	0	
1026.743033	8	6	3	0	2	7	1	3490	-1349	49	61601	13	7	34	0	0	0	0	0	0	0	0	0	0	0	0	0	0	
1027.749600	8	6	3	0	2	7	1	3478	-1350	49	61661	13	7	35	0	0	0	0	0	0	0	0	0	0	0	0	0	0	
1028.754717	8	6	3	0	2	7	1	3464	-1349	49	61721	13	7	37	0	0	0	0	0	0	0	0	0	0	0	0	0	0	
1029.741117	8	6	3	0	2	7	1	3452	-1350	49	61781	13	7	39	0	0	0	0	0	0	0	0	0	0	0	0	0	0	
1030.746233	8	6	3	0	2	7	1	3440	-1348	49	61841	13	7	40	0	0	0	0	0	0	0	0	0	0	0	0	0	0	
1031.752800	8	6	3	0	2	7	1	3436	-1350	49	61901	13	7	42	0	0	0	0	0	0	0	0	0	0	0	0	0	0	
1032.757917	8	6	3	0	2	7	1	3425	-1351	49	61962	13	7	44	0	0	0	0	0	0	0	0	0	0	0	0	0	0	
1033.744317	8	6	3	0	2	7	1	3409	-1350	49	62021	13	7	45	0	0	0	0	0	0	0	0	0	0	0	0	0	0	
1034.749433	8	6	3	0	2	7	1	3393	-1350	49	62081	13	7	47	0	0	0	0	0	0	0	0	0	0	0	0	0	0	
1035.754567	8	6	3	0	2	7	1	3388	-1350	49	62142	13	7	49	0	0	0	0	0	0	0	0	0	0	0	0	0	0	
1036.740967	8	6	3	0	2	7	1	3380	-1350	49	62201	13	7	50	0	0	0	0	0	0	0	0	0	0	0	0	0	0	
1037.747517	8	6	3	0	2	7	1	3374	-1349	49	62261	13	7	52	0	0	0	0	0	0	0	0	0	0	0	0	0	0	
1038.752633	8	6	3	0	2	7	1	3365	-1349	49	62321	13	7	54	0	0	0	0	0	0	0	0	0	0	0	0	0	0	
1039.757767	8	6	3	0	2	7	1	3364	-1350	49	62382	13	7	55	0	0	0	0	0	0	0	0	0	0	0	0	0	0	
1040.744167	8	6	3	0	2	7	1	3353	-1350	49	62441	13	7	57	0	0	0	0	0	0	0	0	0	0	0	0	0	0	
1041.749283	8	6	3	0	2	7	1	3349	-1350	49	62501	13	7	59	0	0	0	0	0	0	0	0	0	0	0	0	0	0	
1042.754400	8	6	3	0	2	7	1	3344	-1351	49	62561	13	7	60	0	0	0	0	0	0	0	0	0	0	0	0	0	0	
1043.740800	8	6	3	0	2	7	1	3334	-1350	49	62621	13	7	62	0	0	0	0	0	0	0	0	0	0	0	0	0	0	
1044.745917	8	6	3	0	2	7	1	3328	-1350	49	62681	13	7	64	0	0	0	0	0	0	0	0	0	0	0	0	0	0	
1045.751033	8	6	3	0	2	7	1	3321	-1349	49	62741	13	7	65	0	0	0	0	0	0	0	0	0	0	0	0	0	0	
1046.757600	8	6	3	0	2	7	1	3312	-1351	49	62802	13	7	67	0	0	0	0	0	0	0	0	0	0	0	0	0	0	
1047.744000	8	6	3	0	2	7	1	3303	-1349	49	62861	13	7	69	0	0	0	0	0	0	0	0	0	0	0	0	0	0	
1048.749117	8	6	3	0	2	7	1	3294	-1349	49	62921	13	7	70	0	0	0	0	0	0	0	0	0	0	0	0	0	0	
1049.754233	8	6	3	0	2	7	1	3284	-1349	49	62981	13	7	72	0	0	0	0	0	0	0	0	0	0	0	0	0	0	
1050.759367	8	6	3	0	2	7	1	3272	-1349	49	63042	13	7	74	0	0	0	0	0	0	0	0	0	0	0	0	0	0	
1051.745767	8	6	3	0	2	7	1	3262	-1350	49	63101	13	7	75	0	0	0	0	0	0	0	0	0	0	0	0	0	0	
1052.750883	8	6	3	0	2	7	1	3244	-1350	49	63161	13	7	77	0	0	0	0	0	0	0	0	0	0	0	0	0	0	
1053.756000	8	6	3	0	2	7	1	3226	-1349	49	63221	13	7	78	0	0	0	0	0	0	0	0	0	0	0	0	0	0	
1054.742400	8	6	3	0	2	7	1	3201	-1347	49	63281	13	7	80	0	0	0	0	0	0	0	0	0	0	0	0	0	0	
1055.747517	8	6	3	0	2	7	1	3168	-1349	49	63341	13	7	82	0	0	0	0	0	0	0	0	0	0	0	0	0	0	
1056.754083	8	6	3	0	2	7	1	3106	-1348	49	63401	13	7	83	0	0	0	0	0	0	0	0	0	0	0	0	0	0	
1057.759200	8	6	3	0	2	7	1	2986	-1351	49	63462	13	7	85	0	0	0	0	0	0	0	0	0	0	0	0	0	0	
1058.745600	8	6	3	0	2	7	1	2695	-1350	49	63521	13	7	87	0	0	0	0	0	0	0	0	0	0	0	0	0	0	
1058.808967	8	15	3	0	1	31	2	3083	176	49	63525	15	7	87	0	0	0	0	0	0	0	0	0	0	0	0	0	0	
1058.829117	8	3	3	0	1	2	2	3227	677	49	63526	15	7	87	0	0	0	0	0	0	0	0	0	0	0	0	0	0	
1059.755033	8	3	3	0	1	2	2	3514	673	49	63581	15	7	87	0	0	0	0	0	0	0	0	0	0	0	0	0	0	
1060.760167	8	3	3	0	1	2	2	3623	674	49	63642	15	7	87	0	0	0	0	0	0	0	0	0	0	0	0	0	0	
1061.746567	8	3	3	0	1	2	2	3692	674	49	63701	15	7	87	0	0	0	0	0	0	0	0	0	0	0	0	0	0	
1062.751683	8	3	3	0	1	2	2	3745	675	49	63761	15	7	87	0	0	0	0	0	0	0	0	0	0	0	0	0	0	
1063.756800	8	3	3	0	1	2	2	3783	672	49	63821	15	7	87	0	0	0	0	0	0	0	0	0	0	0	0	0	0	
1064.743200	8	3	3	0	1	2	2	3813	675	49	63881	15	7	87	0	0	0	0	0	0	0	0	0	0	0	0	0	0	
1065.748317	8	3	3	0	1	2	2	3829	675	49	63941	15	7	87	0	0	0	0	0	0	0	0	0	0	0	0	0	0	
1066.753433	8	3	3	0	1	2	2	3837	675	49	64001	15	7	87	0	0	0	0	0	0	0	0	0	0	0	0	0	0	
1067.760000	8	3	3	0	1	2	2	3844	676	49	64062	15	7	87	0	0	0	0	0	0	0	0	0	0	0	0	0	0	
1068.746400	8	3	3	0	1	2	2	3848	674	49	64121	15	7	87	0	0	0	0	0	0	0	0	0	0	0	0	0	0	
1069.751517	8	3	3	0	1	2	2	3853	675	48	64181	15	7	87	0	0	0	0	0	0	0	0	0	0	0	0	0	0	
1070.756633	8	3	3	0	1	2	2	3857	673	49	64241	15	7	87	0	0	0	0	0	0	0	0	0	0	0	0	0	0	
1071.761767	8	3	3	0	1	2	2	3862	675	48	64302	15	7	87	0	0	0	0	0	0	0	0	0	0	0	0	0	0	
1072.748167	8	3	3	0	1	2	2	3867	675	49	64361	15	7	87	0	0	0	0	0	0	0	0	0	0	0	0	0	0	
1073.753283	8	3	3	0	1	2	2	3872	675	49	64421	15	7	87	0	0	0	0	0	0	0	0	0	0	0	0	0	0	
1074.758400	8	3	3	0	1	2	2	3878	674	49	64482	15	7	87	0	0	0	0	0	0	0	0	0	0	0	0	0	0	
1075.744800	8	3	3	0	1	2	2	3884	675	49	64541	15	7	87	0	0	0	0	0	0	0	0	0	0	0	0	0	0	
1076.749917	8	3	3	0	1	2	2	3890	675	49	64601	15	7	87	0	0	0	0	0	0	0	0	0	0	0	0	0	0	
1077.756483	8	3	3	0	1	2	2	3896	675	49	64661	15	7	87	0	0	0	0	0	0	0	0	0	0	0	0	0	0	
1078.761600	8	3	3	0	1	2	2	3902	673	49	64722	15	7	87	0	0	0	0	0	0	0	0	0	0	0	0	0	0	
1079.748000	8	3	3	0	1	2	2	3908	674	49	64781	15	7	87	0	0	0	0	0	0	0	0	0	0	0	0	0	0	
1080.753117	8	3	3	0	1	2	2	3914	676	49	64841	15	7	87	0	0	0	0	0	0	0	0	0	0	0	0	0	0	
1081.758233	8	3	3	0	1	2	2	3919	675	49	64901	15	7	87	0	0	0	0	0	0	0	0	0	0	0	0	0	0	
1082.744633	8	3	3	0	1	2	2	3924	674	49	64961	15	7	87	0	0	0	0	0	0	0	0	0	0	0	0	0	0	
1083.749767	8	3	3	0	1	2	2	3930	676	49	65021	15	7	87	0	0	0	0	0	0	0	0	0	0	0	0	0	0	
1084.754883	8	3	3	0	1	2	2	3934	675	49	65081	15	7	87	0	0	0	0	0	0	0	0	0	0	0	0	0	0	
1085.760000	8	3	3	0	1	2	2	3939	675	49	65142	15	7	87	0	0	0	0	0	0	0	0	0	0	0	0	0	0	
1086.746400	8	3	3	0	1	2	2	3942	675	49	65201	15	7	87	0	0	0	0	0	0	0	0	0	0	0	0	0	0	
1087.752967	8	3	3	0	1	2	2	3946	673	49	65261	15	7	87	0	0	0	0	0	0	0	0	0	0	0	0	0	0	
1088.758083	8	3	3	0	1	2	2	3950	675	49	65321	15	7	87	0	0	0	0	0	0	0	0	0	0	0	0	0	0	
1089.763200	8	3	3	0	1	2	2	3953	673	49	65382	15	7	87	0	0	0	0	0	0	0	0	0	0	0	0	0	0	
1090.749600	8	3	3	0	1	2	2	3956	675	49	65441	15	7	87	0	0	0	0	0	0	0	0	0	0	0	0	0	0	
1091.754717	8	3	3	0	1	2	2	3960	674	49	65501	15	7	87	0	0	0	0	0	0	0	0	0	0	0	0	0	0	
1092.759833	8	3	3	0	1	2	2	3963	674	49	65562	15	7	87	0	0	0	0	0	0	0	0	0	0	0	0	0	0	
1093.746233	8	3	3	0	1	2	2	3966	674	49	65621	15	7	87	0	0	0	0	0	0	0	0	0	0	0	0	0	0	
1094.751367	8	3	3	0	1	2	2	3969	674	49	65681	15	7	87	0	0	0	0	0	0	0	0	0	0	0	0	0	0	
1095.756483	8	3	3	0	1	2	2	3973	674	49	65741	15	7	87	0	0	0	0	0	0	0	0	0	0	0	0	0	0	
1096.761600	8	3	3	0	1	2	2	3976	674	49	65802	15	7	87	0	0	0	0	0	0	0	0	0	0	0	0	0	0	
1097.748000	8	3	3	0	1	2	2	3979	674	49	65861	15	7	87	0	0	0	0	0	0	0	0	0	0	0	0	0	0	
1098.754567	8	3	3	0	1	2	2	3982	675	49	65921	15	7	87	0	0	0	0	0	0	0	0	0	0	0	0	0	0	
1099.759683	8	3	3	0	1	2	2	3986	674	49	65981	15	7	87	0	0	0	0	0	0	0	0	0	0	0	0	0	0	
1100.746083	8	3	3	0	1	2	2	3990	674	49	66041	15	7	87	0	0	0	0	0	0	0	0	0	0	0	0	0	0	
1101.751200	8	3	3	0	1	2	2	3993	675	49	66101	15	7	87	0	0	0	0	0	0	0	0	0	0	0	0	0	0	
1102.756317	8	3	3	0	1	2	2	3997	674	49	66161	15	7	87	0	0	0	0	0	0	0	0	0	0	0	0	0	0	
1103.747033	8	3	3	0	1	2	2	4000	675	49	66221	15	7	87	0	0	0	0	0	0	0	0	0	0	0	0	0	0	
1104.752167	8	3	3	0	1	2	2	4004	674	49	66281	15	7	87	0	0	0	0	0	0	0	0	0	0	0	0	0	0	
1105.757283	8	3	3	0	1	2	2	4008	674	49	66341	15	7	87	0	0	0	0	0	0	0	0	0	0	0	0	0	0	
1106.762400	8	3	3	0	1	2	2	4012	674	49	66402	15	7	87	0	0	0	0	0	0	0	0	0	0	0	0	0	0	
1107.748800	8	3	3	0	1	2	2	4015	674	49	66461	15	7	87	0	0	0	0	0	0	0	0	0	0	0	0	0	0	
1108.753917	8	3	3	0	1	2	2	4019	674	49	66521	15	7	87	0	0	0	0	0	0	0	0	0	0	0	0	0	0	
1109.759033	8	3	3	0	1	2	2	4024	675	49	66581	15	7	87	0	0	0	0	0	0	0	0	0	0	0	0	0	0	
1110.764167	8	3	3	0	1	2	2	4028	675	49	66642	15	7	87	0	0	0	0	0	0	0	0	0	0	0	0	0	0	
1111.750567	8	3	3	0	1	2	2	4032	675	49	66701	15	7	87	0	0	0	0	0	0	0	0	0	0	0	0	0	0	
1112.757117	8	3	3	0	1	2	2	4036	675	49	66761	15	7	87	0	0	0	0	0	0	0	0	0	0	0	0	0	0	
1113.762233	8	3	3	0	1	2	2	4041	675	49	66822	15	7	87	0	0	0	0	0	0	0	0	0	0	0	0	0	0	
1114.748633	8	3	3	0	1	2	2	4045	673	49	66881	15	7	87	0	0	0	0	0	0	0	0	0	0	0	0	0	0	
1115.753767	8	3	3	0	1	2	2	4049	674	49	66941	15	7	87	0	0	0	0	0	0	0	0	0	0	0	0	0	0	
1116.758883	8	3	3	0	1	2	2	4054	674	49	67001	15	7	87	0	0	0	0	0	0	0	0	0	0	0	0	0	0	
1117.764000	8	3	3	0	1	2	2	4059	675	49	67062	15	7	87	0	0	0	0	0	0	0	0	0	0	0	0	0	0	
1118.750400	8	3	3	0	1	2	2	4064	675	49	67121	15	7	87	0	0	0	0	0	0	0	0	0	0	0	0	0	0	
1119.755517	8	3	3	0	1	2	2	4068	675	49	67181	15	7	87	0	0	0	0	0	0	0	0	0	0	0	0	0	0	
1120.762083	8	3	3	0	1	2	2	4073	674	49	67241	15	7	87	0	0	0	0	0	0	0	0	0	0	0	0	0	0	
1121.748483	8	3	3	0	1	2	2	4078	674	49	67301	15	7	87	0	0	0	0	0	0	0	0	0	0	0	0	0	0	
1122.753600	8	3	3	0	1	2	2	4084	674	49	67361	15	7	87	0	0	0	0	0	0	0	0	0	0	0	0	0	0	
1123.758717	8	3	3	0	1	2	2	4088	673	49	67421	15	7	87	0	0	0	0	0	0	0	0	0	0	0	0	0	0	
1124.763833	8	3	3	0	1	2	2	4094	675	49	67482	15	7	87	0	0	0	0	0	0	0	0	0	0	0	0	0	0	
1125.750233	8	3	3	0	1	2	2	4099	674	49	67541	15	7	87	0	0	0	0	0	0	0	0	0	0	0	0	0	0	
1126.755367	8	3	3	0	1	2	2	4104	674	49	67601	15	7	87	0	0	0	0	0	0	0	0	0	0	0	0	0	0	
1127.760483	8	3	3	0	1	2	2	4110	674	49	67661	15	7	87	0	0	0	0	0	0	0	0	0	0	0	0	0	0	
1128.746883	8	3	3	0	1	2	2	4115	675	49	67721	15	7	87	0	0	0	0	0	0	0	0	0	0	0	0	0	0	
1129.753433	8	3	3	0	1	2	2	4119	666	49	67781	15	7	87	0	0	0	0	0	0	0	0	0	0	0	0	0	0	
1130.758567	8	3	3	0	1	2	2	4125	666	49	67841	15	7	87	0	0	0	0	0	0	0	0	0	0	0	0	0	0	
1131.763683	8	3	3	0	1	2	2	4130	665	49	67902	15	7	87	0	0	0	0	0	0	0	0	0	0	0	0	0	0	
1132.750083	8	3	3	0	1	2	2	4136	664	49	67961	15	7	87	0	0	0	0	0	0	0	0	0	0	0	0	0	0	
1133.755200	8	3	3	0	1	2	2	4142	664	49	68021	15	7	87	0	0	0	0	0	0	0	0	0	0	0	0	0	0	
1134.760317	8	3	3	0	1	2	2	4147	663	49	68081	15	7	87	0	0	0	0	0	0	0	0	0	0	0	0	0	0	
1135.765433	8	3	3	0	1	2	2	4153	661	49	68142	15	7	87	0	0	0	0	0	0	0	0	0	0	0	0	0	0	
1136.751833	8	3	3	0	1	2	2	4159	660	49	68201	15	7	87	0	0	0	0	0	0	0	0	0	0	0	0	0	0	
1137.756967	8	3	3	0	1	2	2	4165	659	49	68261	15	7	87	0	0	0	0	0	0	0	0	0	0	0	0	0	0	
1138.762083	8	3	3	0	1	2	2	4171	658	49	68321	15	7	87	0	0	0	0	0	0	0	0	0	0	0	0	0	0	
1139.748483	8	3	3	0	1	2	2	4177	658	49	68381	15	7	87	0	0	0	0	0	0	0	0	0	0	0	0	0	0	
1140.755033	8	3	3	0	1	2	2	4184	656	49	68441	15	7	87	0	0	0	0	0	0	0	0	0	0	0	0	0	0	
1141.760167	8	3	3	0	1	2	2	4190	657	49	68501	15	7	87	0	0	0	0	0	0	0	0	0	0	0	0	0	0	
1142.765283	8	3	3	0	1	2	2	4197	656	49	68562	15	7	87	0	0	0	0	0	0	0	0	0	0	0	0	0	0	
1143.751683	8	3	3	0	1	2	2	4198	637	49	68621	15	7	87	0	0	0	0	0	0	0	0	0	0	0	0	0	0	
1144.756800	8	3	3	0	1	2	2	4199	610	49	68681	15	7	87	0	0	0	0	0	0	0	0	0	0	0	0	0	0	
1145.761917	8	3	3	0	1	2	2	4198	586	49	68741	15	7	87	0	0	0	0	0	0	0	0	0	0	0	0	0	0	
1146.767033	8	3	3	0	1	2	2	4199	563	49	68802	15	7	87	0	0	0	0	0	0	0	0	0	0	0	0	0	0	
1147.753433	8	3	3	0	1	2	2	4198	542	49	68861	15	7	87	0	0	0	0	0	0	0	0	0	0	0	0	0	0	
1148.758567	8	3	3	0	1	2	2	4199	521	49	68921	15	7	87	0	0	0	0	0	0	0	0	0	0	0	0	0	0	
1149.765117	8	3	3	0	1	2	2	4198	499	49	68982	15	7	87	0	0	0	0	0	0	0	0	0	0	0	0	0	0	
1150.751517	8	3	3	0	1	2	2	4199	481	49	69041	15	7	87	0	0	0	0	0	0	0	0	0	0	0	0	0	0	
1151.758083	8	3	3	0	1	2	2	4198	461	49	69101	15	7	87	0	0	0	0	0	0	0	0	0	0	0	0	0	0	
1152.763200	8	3	3	0	1	2	2	4199	440	49	69161	15	7	87	0	0	0	0	0	0	0	0	0	0	0	0	0	0	
1153.749600	8	3	3	0	1	2	2	4199	422	49	69221	15	7	87	0	0	0	0	0	0	0	0	0	0	0	0	0	0	
1154.754717	8	3	3	0	1	2	2	4199	402	49	69281	15	7	87	0	0	0	0	0	0	0	0	0	0	0	0	0	0	
1155.761283	8	3	3	0	1	2	2	4199	383	49	69341	15	7	87	0	0	0	0	0	0	0	0	0	0	0	0	0	0	
1156.766400	8	3	3	0	1	2	2	4198	365	49	69402	15	7	87	0	0	0	0	0	0	0	0	0	0	0	0	0	0	
1157.752800	8	3	3	0	1	2	2	4199	349	49	69461	15	7	87	0	0	0	0	0	0	0	0	0	0	0	0	0	0	
1158.757917	8	3	3	0	1	2	2	4199	337	49	69521	15	7	87	0	0	0	0	0	0	0	0	0	0	0	0	0	0	
1159.763033	8	3	3	0	1	2	2	4199	324	49	69581	15	7	87	0	0	0	0	0	0	0	0	0	0	0	0	0	0	
1160.768167	8	3	3	0	1	2	2	4198	312	49	69642	15	7	87	0	0	0	0	0	0	0	0	0	0	0	0	0	0	
1161.754567	8	3	3	0	1	2	2	4198	300	49	69701	15	7	87	0	0	0	0	0	0	0	0	0	0	0	0	0	0	
1162.759683	8	3	3	0	1	2	2	4198	288	49	69761	15	7	87	0	0	0	0	0	0	0	0	0	0	0	0	0	0	
1163.764800	8	3	3	0	1	2	2	4199	277	49	69822	15	7	87	0	0	0	0	0	0	0	0	0	0	0	0	0	0	
1164.751200	8	3	3	0	1	2	2	4199	264	49	69881	15	7	87	0	0	0	0	0	0	0	0	0	0	0	0	0	0	
1165.757767	8	3	3	0	1	2	2	4199	252	49	69941	15	7	87	0	0	0	0	0	0	0	0	0	0	0	0	0	0	
1166.762883	8	3	3	0	1	2	2	4198	241	49	70001	15	7	87	0	0	0	0	0	0	0	0	0	0	0	0	0	0	
1167.768000	8	3	3	0	1	2	2	4198	232	49	70062	15	7	87	0	0	0	0	0	0	0	0	0	0	0	0	0	0	
1168.754400	8	3	3	0	1	2	2	4199	221	49	70121	15	7	87	0	0	0	0	0	0	0	0	0	0	0	0	0	0	
1169.759517	8	3	3	0	1	2	2	4199	213	49	70181	15	7	87	0	0	0	0	0	0	0	0	0	0	0	0	0	0	
1170.764633	8	3	3	0	1	2	2	4199	205	49	70241	15	7	87	0	0	0	0	0	0	0	0	0	0	0	0	0	0	
1171.751033	8	3	3	0	1	2	2	4199	196	49	70301	15	7	87	0	0	0	0	0	0	0	0	0	0	0	0	0	0	
1172.756167	8	3	3	0	1	2	2	4198	191	49	70361	15	7	87	0	0	0	0	0	0	0	0	0	0	0	0	0	0	
1173.761283	8	3	3	0	1	2	2	4199	183	49	70421	15	7	87	0	0	0	0	0	0	0	0	0	0	0	0	0	0	
1174.766400	8	3	3	0	1	2	2	4199	176	49	70482	15	7	87	0	0	0	0	0	0	0	0	0	0	0	0	0	0	
1175.754233	8	3	3	0	1	2	2	4198	168	49	70541	15	7	87	0	0	0	0	0	0	0	0	0	0	0	0	0	0	
1176.759367	8	3	3	0	1	2	2	4199	163	49	70601	15	7	87	0	0	0	0	0	0	0	0	0	0	0	0	0	0	
1177.764483	8	3	3	0	1	2	2	4198	155	49	70661	15	7	87	0	0	0	0	0	0	0	0	0	0	0	0	0	0	
1178.769600	8	3	3	0	1	2	2	4199	149	49	70722	15	7	87	0	0	0	0	0	0	0	0	0	0	0	0	0	0	
1179.756000	8	3	3	0	1	2	2	4199	143	49	70781	15	7	87	0	0	0	0	0	0	0	0	0	0	0	0	0	0	
1180.761117	8	3	3	0	1	2	2	4199	138	49	70841	15	7	87	0	0	0	0	0	0	0	0	0	0	0	0	0	0	
1181.766233	8	3	3	0	1	2	2	4199	132	49	70901	15	7	87	0	0	0	0	0	0	0	0	0	0	0	0	0	0	
1182.752633	8	3	3	0	1	2	2	4198	127	49	70961	15	7	87	0	0	0	0	0	0	0	0	0	0	0	0	0	0	
1183.757767	8	3	3	0	1	2	2	4199	122	49	71021	15	7	87	0	0	0	0	0	0	0	0	0	0	0	0	0	0	
1184.762883	8	3	3	0	1	2	2	4199	117	49	71081	15	7	87	0	0	0	0	0	0	0	0	0	0	0	0	0	0	
1185.768000	8	3	3	0	1	2	2	4198	113	49	71142	15	7	87	0	0	0	0	0	0	0	0	0	0	0	0	0	0	
1186.755833	8	3	3	0	1	2	2	4198	108	49	71201	15	7	87	0	0	0	0	0	0	0	0	0	0	0	0	0	0	
1187.760967	8	3	3	0	1	2	2	4198	104	49	71261	15	7	87	0	0	0	0	0	0	0	0	0	0	0	0	0	0	
1188.766083	8	3	3	0	1	2	2	4199	100	49	71321	15	7	87	0	0	0	0	0	0	0	0	0	0	0	0	0	0	
1189.771200	8	3	3	0	1	2	2	4198	97	49	71382	15	7	87	0	0	0	0	0	0	0	0	0	0	0	0	0	0	
1190.757600	8	3	3	0	1	2	2	4199	93	49	71441	15	7	87	0	0	0	0	0	0	0	0	0	0	0	0	0	0	
1191.762717	8	3	3	0	1	2	2	4199	90	49	71501	15	7	87	0	0	0	0	0	0	0	0	0	0	0	0	0	0	
1192.767833	8	3	3	0	1	2	2	4198	87	49	71562	15	7	87	0	0	0	0	0	0	0	0	0	0	0	0	0	0	
1193.754233	8	3	3	0	1	2	2	4199	83	49	71621	15	7	87	0	0	0	0	0	0	0	0	0	0	0	0	0	0	
1194.759367	8	3	3	0	1	2	2	4198	80	49	71681	15	7	87	0	0	0	0	0	0	0	0	0	0	0	0	0	0	
1195.764483	8	3	3	0	1	2	2	4198	77	49	71741	15	7	87	0	0	0	0	0	0	0	0	0	0	0	0	0	0	
1196.769600	8	3	3	0	1	2	2	4198	74	49	71802	15	7	87	0	0	0	0	0	0	0	0	0	0	0	0	0	0	
1197.756000	8	3	3	0	1	2	2	4199	72	49	71861	15	7	87	0	0	0	0	0	0	0	0	0	0	0	0	0	0	
1198.762567	8	3	3	0	1	2	2	4199	70	49	71921	15	7	87	0	0	0	0	0	0	0	0	0	0	0	0	0	0	
1199.767683	8	3	3	0	1	2	2	4198	66	49	71981	15	7	87	0	0	0	0	0	0	0	0	0	0	0	0	0	0	
1199.812317	8	6	3	0	2	7	1	3861	-1350	49	71984	15	8	0	0	0	0	0	0	0	0	0	0	0	0	0	0	0	
1200.755517	8	6	3	0	2	7	1	3810	-1349	49	72041	15	8	1	0	0	0	0	0	0	0	0	0	0	0	0	0	0	
1201.760633	8	6	3	0	2	7	1	3789	-1350	49	72101	15	8	3	0	0	0	0	0	0	0	0	0	0	0	0	0	0	
1202.765767	8	6	3	0	2	7	1	3784	-1349	49	72161	15	8	4	0	0	0	0	0	0	0	0	0	0	0	0	0	0	
1203.770883	8	6	3	0	2	7	1	3772	-1350	49	72222	15	8	6	0	0	0	0	0	0	0	0	0	0	0	0	0	0	
1204.757283	8	6	3	0	2	7	1	3755	-1349	49	72281	15	8	8	0	0	0	0	0	0	0	0	0	0	0	0	0	0	
1205.763833	8	6	3	0	2	7	1	3736	-1350	49	72341	15	8	9	0	0	0	0	0	0	0	0	0	0	0	0	0	0	
1206.768967	8	6	3	0	2	7	1	3723	-1348	49	72401	15	8	11	0	0	0	0	0	0	0	0	0	0	0	0	0	0	
1207.755367	8	6	3	0	2	7	1	3708	-1349	49	72461	15	8	13	0	0	0	0	0	0	0	0	0	0	0	0	0	0	
1208.760483	8	6	3	0	2	7	1	3689	-1350	49	72521	15	8	14	0	0	0	0	0	0	0	0	0	0	0	0	0	0	
1209.765600	8	6	3	0	2	7	1	3672	-1351	49	72581	15	8	16	0	0	0	0	0	0	0	0	0	0	0	0	0	0	
1210.770717	8	6	3	0	2	7	1	3654	-1349	49	72642	15	8	18	0	0	0	0	0	0	0	0	0	0	0	0	0	0	
1211.757117	8	6	3	0	2	7	1	3639	-1350	49	72701	15	8	19	0	0	0	0	0	0	0	0	0	0	0	0	0	0	
1212.762233	8	6	3	0	2	7	1	3622	-1350	49	72761	15	8	21	0	0	0	0	0	0	0	0	0	0	0	0	0	0	
1213.767367	8	6	3	0	2	7	1	3608	-1350	49	72821	15	8	23	0	0	0	0	0	0	0	0	0	0	0	0	0	0	
1214.753767	8	6	3	0	2	7	1	3595	-1349	49	72881	15	8	24	0	0	0	0	0	0	0	0	0	0	0	0	0	0	
1215.760317	8	6	3	0	2	7	1	3576	-1350	49	72941	15	8	26	0	0	0	0	0	0	0	0	0	0	0	0	0	0	
1216.765433	8	6	3	0	2	7	1	3561	-1347	49	73001	15	8	28	0	0	0	0	0	0	0	0	0	0	0	0	0	0	
1217.770567	8	6	3	0	2	7	1	3539	-1349	49	73062	15	8	29	0	0	0	0	0	0	0	0	0	0	0	0	0	0	
1218.756967	8	6	3	0	2	7	1	3522	-1350	49	73121	15	8	31	0	0	0	0	0	0	0	0	0	0	0	0	0	0	
1219.762083	8	6	3	0	2	7	1	3510	-1349	49	73181	15	8	32	0	0	0	0	0	0	0	0	0	0	0	0	0	0	
1220.767200	8	6	3	0	2	7	1	3496	-1349	49	73241	15	8	34	0	0	0	0	0	0	0	0	0	0	0	0	0	0	
1221.772317	8	6	3	0	2	7	1	3483	-1348	49	73302	15	8	36	0	0	0	0	0	0	0	0	0	0	0	0	0	0	
1222.758717	8	6	3	0	2	7	1	3472	-1350	49	73361	15	8	37	0	0	0	0	0	0	0	0	0	0	0	0	0	0	
1223.763833	8	6	3	0	2	7	1	3438	-1349	49	73421	15	8	39	0	0	0	0	0	0	0	0	0	0	0	0	0	0	
1224.770400	8	6	3	0	2	7	1	3496	-1350	49	73481	15	8	41	0	0	0	0	0	0	0	0	0	0	0	0	0	0	
1225.758233	8	6	3	0	2	7	1	3448	-1350	49	73541	15	8	42	0	0	0	0	0	0	0	0	0	0	0	0	0	0	
1226.763367	8	6	3	0	2	7	1	3419	-1350	49	73601	15	8	44	0	0	0	0	0	0	0	0	0	0	0	0	0	0	
1227.768483	8	6	3	0	2	7	1	3374	-1349	49	73661	15	8	46	0	0	0	0	0	0	0	0	0	0	0	0	0	0	
1228.757767	8	6	3	0	2	7	1	3377	-1349	49	73721	15	8	47	0	0	0	0	0	0	0	0	0	0	0	0	0	0	
1229.762883	8	6	3	0	2	7	1	3368	-1350	49	73781	15	8	49	0	0	0	0	0	0	0	0	0	0	0	0	0	0	
1230.769433	8	6	3	0	2	7	1	3347	-1349	49	73841	15	8	51	0	0	0	0	0	0	0	0	0	0	0	0	0	0	
1231.774567	8	6	3	0	2	7	1	3323	-1350	49	73902	15	8	52	0	0	0	0	0	0	0	0	0	0	0	0	0	0	
1232.760967	8	6	3	0	2	7	1	3339	-1348	49	73961	15	8	54	0	0	0	0	0	0	0	0	0	0	0	0	0	0	
1233.766083	8	6	3	0	2	7	1	3320	-1350	49	74021	15	8	56	0	0	0	0	0	0	0	0	0	0	0	0	0	0	
1234.771200	8	6	3	0	2	7	1	3329	-1348	49	74082	15	8	57	0	0	0	0	0	0	0	0	0	0	0	0	0	0	
1235.757600	8	6	3	0	2	7	1	3321	-1348	49	74141	15	8	59	0	0	0	0	0	0	0	0	0	0	0	0	0	0	
1236.762717	8	6	3	0	2	7	1	3323	-1350	49	74201	15	8	61	0	0	0	0	0	0	0	0	0	0	0	0	0	0	
1237.767833	8	6	3	0	2	7	1	3318	-1350	49	74261	15	8	62	0	0	0	0	0	0	0	0	0	0	0	0	0	0	
1238.774400	8	6	3	0	2	7	1	3298	-1350	49	74322	15	8	64	0	0	0	0	0	0	0	0	0	0	0	0	0	0	
1239.759367	8	6	3	0	2	7	1	3273	-1350	49	74381	15	8	66	0	0	0	0	0	0	0	0	0	0	0	0	0	0	
1240.765917	8	6	3	0	2	7	1	3305	-1348	49	74441	15	8	67	0	0	0	0	0	0	0	0	0	0	0	0	0	0	
1241.771033	8	6	3	0	2	7	1	3292	-1349	49	74501	15	8	69	0	0	0	0	0	0	0	0	0	0	0	0	0	0	
1242.757433	8	6	3	0	2	7	1	3280	-1350	49	74561	15	8	71	0	0	0	0	0	0	0	0	0	0	0	0	0	0	
1243.762567	8	6	3	0	2	7	1	3258	-1351	49	74621	15	8	72	0	0	0	0	0	0	0	0	0	0	0	0	0	0	
1244.767683	8	6	3	0	2	7	1	3239	-1348	49	74681	15	8	74	0	0	0	0	0	0	0	0	0	0	0	0	0	0	
1245.772800	8	6	3	0	2	7	1	3221	-1348	49	74742	15	8	75	0	0	0	0	0	0	0	0	0	0	0	0	0	0	
1246.759200	8	6	3	0	2	7	1	3200	-1349	49	74801	15	8	77	0	0	0	0	0	0	0	0	0	0	0	0	0	0	
1247.764317	8	6	3	0	2	7	1	3180	-1350	49	74861	15	8	79	0	0	0	0	0	0	0	0	0	0	0	0	0	0	
1248.770883	8	6	3	0	2	7	1	3159	-1350	49	74921	15	8	80	0	0	0	0	0	0	0	0	0	0	0	0	0	0	
1249.757283	8	6	3	0	2	7	1	3119	-1351	49	74981	15	8	82	0	0	0	0	0	0	0	0	0	0	0	0	0	0	
1250.762400	8	6	3	0	2	7	1	3045	-1349	49	75041	15	8	84	0	0	0	0	0	0	0	0	0	0	0	0	0	0	
1251.767517	8	6	3	0	2	7	1	2887	-1350	49	75101	15	8	85	0	0	0	0	0	0	0	0	0	0	0	0	0	0	
1252.415517	8	15	3	0	1	31	2	3129	239	49	75140	17	8	87	0	0	0	0	0	0	0	0	0	0	0	0	0	0	
1252.435683	8	3	3	0	1	2	2	3258	676	49	75141	17	8	87	0	0	0	0	0	0	0	0	0	0	0	0	0	0	
1252.756800	8	3	3	0	1	2	2	3409	676	49	75161	17	8	87	0	0	0	0	0	0	0	0	0	0	0	0	0	0	
1253.763367	8	3	3	0	1	2	2	3577	674	49	75221	17	8	87	0	0	0	0	0	0	0	0	0	0	0	0	0	0	
1254.768483	8	3	3	0	1	2	2	3663	674	49	75281	17	8	87	0	0	0	0	0	0	0	0	0	0	0	0	0	0	
1255.773600	8	3	3	0	1	2	2	3720	675	49	75342	17	8	87	0	0	0	0	0	0	0	0	0	0	0	0	0	0	
1256.760000	8	3	3	0	1	2	2	3757	674	49	75401	17	8	87	0	0	0	0	0	0	0	0	0	0	0	0	0	0	
1257.765117	8	3	3	0	1	2	2	3786	675	49	75461	17	8	87	0	0	0	0	0	0	0	0	0	0	0	0	0	0	
1258.770233	8	3	3	0	1	2	2	3805	674	49	75521	17	8	87	0	0	0	0	0	0	0	0	0	0	0	0	0	0	
1259.775367	8	3	3	0	1	2	2	3817	675	49	75582	17	8	87	0	0	0	0	0	0	0	0	0	0	0	0	0	0	
1260.761767	8	3	3	0	1	2	2	3823	674	49	75641	17	8	87	0	0	0	0	0	0	0	0	0	0	0	0	0	0	
1261.768317	8	3	3	0	1	2	2	3830	675	49	75701	17	8	87	0	0	0	0	0	0	0	0	0	0	0	0	0	0	
1262.773433	8	3	3	0	1	2	2	3836	676	49	75762	17	8	87	0	0	0	0	0	0	0	0	0	0	0	0	0	0	
1263.759833	8	3	3	0	1	2	2	3839	674	49	75821	17	8	87	0	0	0	0	0	0	0	0	0	0	0	0	0	0	
1264.764967	8	3	3	0	1	2	2	3844	674	49	75881	17	8	87	0	0	0	0	0	0	0	0	0	0	0	0	0	0	
1265.770083	8	3	3	0	1	2	2	3850	675	49	75941	17	8	87	0	0	0	0	0	0	0	0	0	0	0	0	0	0	
1266.775200	8	3	3	0	1	2	2	3855	675	49	76002	17	8	87	0	0	0	0	0	0	0	0	0	0	0	0	0	0	
1267.761600	8	3	3	0	1	2	2	3860	674	49	76061	17	8	87	0	0	0	0	0	0	0	0	0	0	0	0	0	0	
1268.766717	8	3	3	0	1	2	2	3866	674	49	76121	17	8	87	0	0	0	0	0	0	0	0	0	0	0	0	0	0	
1269.771833	8	3	3	0	1	2	2	3872	675	49	76181	17	8	87	0	0	0	0	0	0	0	0	0	0	0	0	0	0	
1270.758233	8	3	3	0	1	2	2	3878	675	49	76241	17	8	87	0	0	0	0	0	0	0	0	0	0	0	0	0	0	
1271.763367	8	3	3	0	1	2	2	3885	675	49	76301	17	8	87	0	0	0	0	0	0	0	0	0	0	0	0	0	0	
1272.768483	8	3	3	0	1	2	2	3891	675	49	76361	17	8	87	0	0	0	0	0	0	0	0	0	0	0	0	0	0	
1273.775033	8	3	3	0	1	2	2	3898	674	49	76422	17	8	87	0	0	0	0	0	0	0	0	0	0	0	0	0	0	
1274.761433	8	3	3	0	1	2	2	3904	674	49	76481	17	8	87	0	0	0	0	0	0	0	0	0	0	0	0	0	0	
1275.766567	8	3	3	0	1	2	2	3909	676	49	76541	17	8	87	0	0	0	0	0	0	0	0	0	0	0	0	0	0	
1276.771683	8	3	3	0	1	2	2	3914	674	48	76601	17	8	87	0	0	0	0	0	0	0	0	0	0	0	0	0	0	
1277.776800	8	3	3	0	1	2	2	3919	674	49	76662	17	8	87	0	0	0	0	0	0	0	0	0	0	0	0	0	0	
1278.763200	8	3	3	0	1	2	2	3923	675	49	76721	17	8	87	0	0	0	0	0	0	0	0	0	0	0	0	0	0	
1279.768317	8	3	3	0	1	2	2	3927	672	48	76781	17	8	87	0	0	0	0	0	0	0	0	0	0	0	0	0	0	
1280.773433	8	3	3	0	1	2	2	3931	674	49	76841	17	8	87	0	0	0	0	0	0	0	0	0	0	0	0	0	0	
1281.759833	8	3	3	0	1	2	2	3935	674	49	76901	17	8	87	0	0	0	0	0	0	0	0	0	0	0	0	0	0	
1282.766400	8	3	3	0	1	2	2	3938	673	49	76961	17	8	87	0	0	0	0	0	0	0	0	0	0	0	0	0	0	
1283.771517	8	3	3	0	1	2	2	3942	675	49	77021	17	8	87	0	0	0	0	0	0	0	0	0	0	0	0	0	0	
1284.776633	8	3	3	0	1	2	2	3945	675	49	77082	17	8	87	0	0	0	0	0	0	0	0	0	0	0	0	0	0	
1285.763033	8	3	3	0	1	2	2	3948	673	49	77141	17	8	87	0	0	0	0	0	0	0	0	0	0	0	0	0	0	
1286.768167	8	3	3	0	1	2	2	3951	674	49	77201	17	8	87	0	0	0	0	0	0	0	0	0	0	0	0	0	0	
1287.773283	8	3	3	0	1	2	2	3954	674	49	77261	17	8	87	0	0	0	0	0	0	0	0	0	0	0	0	0	0	
1288.778400	8	3	3	0	1	2	2	3957	675	49	77322	17	8	87	0	0	0	0	0	0	0	0	0	0	0	0	0	0	
1289.764800	8	3	3	0	1	2	2	3961	674	49	77381	17	8	87	0	0	0	0	0	0	0	0	0	0	0	0	0	0	
1290.769917	8	3	3	0	1	2	2	3964	675	49	77441	17	8	87	0	0	0	0	0	0	0	0	0	0	0	0	0	0	
1291.775033	8	3	3	0	1	2	2	3968	675	49	77502	17	8	87	0	0	0	0	0	0	0	0	0	0	0	0	0	0	
1292.762883	8	3	3	0	1	2	2	3970	674	49	77561	17	8	87	0	0	0	0	0	0	0	0	0	0	0	0	0	0	
1293.768000	8	3	3	0	1	2	2	3974	674	49	77621	17	8	87	0	0	0	0	0	0	0	0	0	0	0	0	0	0	
1294.773117	8	3	3	0	1	2	2	3978	674	49	77681	17	8	87	0	0	0	0	0	0	0	0	0	0	0	0	0	0	
1295.778233	8	3	3	0	1	2	2	3981	675	49	77742	17	8	87	0	0	0	0	0	0	0	0	0	0	0	0	0	0	
1296.764633	8	3	3	0	1	2	2	3985	675	49	77801	17	8	87	0	0	0	0	0	0	0	0	0	0	0	0	0	0	
1297.774083	8	3	3	0	1	2	2	3989	675	49	77861	17	8	87	0	0	0	0	0	0	0	0	0	0	0	0	0	0	
1298.779200	8	3	3	0	1	2	2	3992	674	49	77922	17	8	87	0	0	0	0	0	0	0	0	0	0	0	0	0	0	
1299.765600	8	3	3	0	1	2	2	3996	675	49	77981	17	8	87	0	0	0	0	0	0	0	0	0	0	0	0	0	0	
1300.770717	8	3	3	0	1	2	2	4000	674	49	78041	17	8	87	0	0	0	0	0	0	0	0	0	0	0	0	0	0	
1301.775833	8	3	3	0	1	2	2	4004	674	49	78101	17	8	87	0	0	0	0	0	0	0	0	0	0	0	0	0	0	
1302.762233	8	3	3	0	1	2	2	4008	675	49	78161	17	8	87	0	0	0	0	0	0	0	0	0	0	0	0	0	0	
1303.767367	8	3	3	0	1	2	2	4012	674	49	78221	17	8	87	0	0	0	0	0	0	0	0	0	0	0	0	0	0	
1304.772483	8	3	3	0	1	2	2	4017	675	49	78281	17	8	87	0	0	0	0	0	0	0	0	0	0	0	0	0	0	
1305.777600	8	3	3	0	1	2	2	4021	675	49	78342	17	8	87	0	0	0	0	0	0	0	0	0	0	0	0	0	0	
1306.764000	8	3	3	0	1	2	2	4024	675	49	78401	17	8	87	0	0	0	0	0	0	0	0	0	0	0	0	0	0	
1307.769117	8	3	3	0	1	2	2	4029	674	49	78461	17	8	87	0	0	0	0	0	0	0	0	0	0	0	0	0	0	
1308.774233	8	3	3	0	1	2	2	4034	675	49	78521	17	8	87	0	0	0	0	0	0	0	0	0	0	0	0	0	0	
1309.780800	8	3	3	0	1	2	2	4039	676	49	78582	17	8	87	0	0	0	0	0	0	0	0	0	0	0	0	0	0	
1310.767200	8	3	3	0	1	2	2	4043	674	49	78641	17	8	87	0	0	0	0	0	0	0	0	0	0	0	0	0	0	
1311.772317	8	3	3	0	1	2	2	4047	675	49	78701	17	8	87	0	0	0	0	0	0	0	0	0	0	0	0	0	0	
1312.777433	8	3	3	0	1	2	2	4052	674	49	78762	17	8	87	0	0	0	0	0	0	0	0	0	0	0	0	0	0	
1313.763833	8	3	3	0	1	2	2	4057	675	49	78821	17	8	87	0	0	0	0	0	0	0	0	0	0	0	0	0	0	
1314.768967	8	3	3	0	1	2	2	4062	675	49	78881	17	8	87	0	0	0	0	0	0	0	0	0	0	0	0	0	0	
1315.774083	8	3	3	0	1	2	2	4067	674	49	78941	17	8	87	0	0	0	0	0	0	0	0	0	0	0	0	0	0	
1316.779200	8	3	3	0	1	2	2	4072	675	49	79002	17	8	87	0	0	0	0	0	0	0	0	0	0	0	0	0	0	
1317.767033	8	3	3	0	1	2	2	4078	674	49	79061	17	8	87	0	0	0	0	0	0	0	0	0	0	0	0	0	0	
1318.772167	8	3	3	0	1	2	2	4083	674	49	79121	17	8	87	0	0	0	0	0	0	0	0	0	0	0	0	0	0	
1319.777283	8	3	3	0	1	2	2	4088	675	49	79181	17	8	87	0	0	0	0	0	0	0	0	0	0	0	0	0	0	
1320.763683	8	3	3	0	1	2	2	4094	675	49	79241	17	8	87	0	0	0	0	0	0	0	0	0	0	0	0	0	0	
1321.768800	8	3	3	0	1	2	2	4099	674	49	79301	17	8	87	0	0	0	0	0	0	0	0	0	0	0	0	0	0	
1322.773917	8	3	3	0	1	2	2	4105	674	49	79361	17	8	87	0	0	0	0	0	0	0	0	0	0	0	0	0	0	
1323.779033	8	3	3	0	1	2	2	4111	675	49	79422	17	8	87	0	0	0	0	0	0	0	0	0	0	0	0	0	0	
1324.765433	8	3	3	0	1	2	2	4117	676	49	79481	17	8	87	0	0	0	0	0	0	0	0	0	0	0	0	0	0	
1325.770567	8	3	3	0	1	2	2	4121	667	49	79541	17	8	87	0	0	0	0	0	0	0	0	0	0	0	0	0	0	
1326.775683	8	3	3	0	1	2	2	4127	666	49	79601	17	8	87	0	0	0	0	0	0	0	0	0	0	0	0	0	0	
1327.780800	8	3	3	0	1	2	2	4132	664	49	79662	17	8	87	0	0	0	0	0	0	0	0	0	0	0	0	0	0	
1328.767200	8	3	3	0	1	2	2	4138	664	49	79721	17	8	87	0	0	0	0	0	0	0	0	0	0	0	0	0	0	
1329.773767	8	3	3	0	1	2	2	4144	664	49	79781	17	8	87	0	0	0	0	0	0	0	0	0	0	0	0	0	0	
1330.778883	8	3	3	0	1	2	2	4150	664	49	79842	17	8	87	0	0	0	0	0	0	0	0	0	0	0	0	0	0	
1331.765283	8	3	3	0	1	2	2	4156	661	49	79901	17	8	87	0	0	0	0	0	0	0	0	0	0	0	0	0	0	
1332.770400	8	3	3	0	1	2	2	4162	661	49	79961	17	8	87	0	0	0	0	0	0	0	0	0	0	0	0	0	0	
1333.775517	8	3	3	0	1	2	2	4169	661	49	80021	17	8	87	0	0	0	0	0	0	0	0	0	0	0	0	0	0	
1334.780633	8	3	3	0	1	2	2	4176	659	49	80082	17	8	87	0	0	0	0	0	0	0	0	0	0	0	0	0	0	
1335.767033	8	3	3	0	1	2	2	4182	661	49	80141	17	8	87	0	0	0	0	0	0	0	0	0	0	0	0	0	0	
1336.772167	8	3	3	0	1	2	2	4188	659	49	80201	17	8	87	0	0	0	0	0	0	0	0	0	0	0	0	0	0	
1337.777283	8	3	3	0	1	2	2	4195	657	49	80261	17	8	87	0	0	0	0	0	0	0	0	0	0	0	0	0	0	
1338.763683	8	3	3	0	1	2	2	4198	643	49	80321	17	8	87	0	0	0	0	0	0	0	0	0	0	0	0	0	0	
1339.770233	8	3	3	0	1	2	2	4198	614	49	80381	17	8	87	0	0	0	0	0	0	0	0	0	0	0	0	0	0	
1340.775367	8	3	3	0	1	2	2	4198	588	49	80441	17	8	87	0	0	0	0	0	0	0	0	0	0	0	0	0	0	
1341.780483	8	3	3	0	1	2	2	4198	562	49	80502	17	8	87	0	0	0	0	0	0	0	0	0	0	0	0	0	0	
1342.766883	8	3	3	0	1	2	2	4198	537	49	80561	17	8	87	0	0	0	0	0	0	0	0	0	0	0	0	0	0	
1343.772000	8	3	3	0	1	2	2	4199	514	49	80621	17	8	87	0	0	0	0	0	0	0	0	0	0	0	0	0	0	
1344.777117	8	3	3	0	1	2	2	4199	492	49	80681	17	8	87	0	0	0	0	0	0	0	0	0	0	0	0	0	0	
1345.783683	8	3	3	0	1	2	2	4198	470	49	80742	17	8	87	0	0	0	0	0	0	0	0	0	0	0	0	0	0	
1346.770083	8	3	3	0	1	2	2	4198	450	49	80801	17	8	87	0	0	0	0	0	0	0	0	0	0	0	0	0	0	
1347.775200	8	3	3	0	1	2	2	4198	431	49	80861	17	8	87	0	0	0	0	0	0	0	0	0	0	0	0	0	0	
1348.780317	8	3	3	0	1	2	2	4198	412	49	80922	17	8	87	0	0	0	0	0	0	0	0	0	0	0	0	0	0	
1349.766717	8	3	3	0	1	2	2	4198	395	49	80981	17	8	87	0	0	0	0	0	0	0	0	0	0	0	0	0	0	
1350.771833	8	3	3	0	1	2	2	4199	376	49	81041	17	8	87	0	0	0	0	0	0	0	0	0	0	0	0	0	0	
1351.776967	8	3	3	0	1	2	2	4199	361	49	81101	17	8	87	0	0	0	0	0	0	0	0	0	0	0	0	0	0	
1352.782083	8	3	3	0	1	2	2	4199	344	49	81162	17	8	87	0	0	0	0	0	0	0	0	0	0	0	0	0	0	
1353.768483	8	3	3	0	1	2	2	4198	329	49	81221	17	8	87	0	0	0	0	0	0	0	0	0	0	0	0	0	0	
1354.773600	8	3	3	0	1	2	2	4198	316	49	81281	17	8	87	0	0	0	0	0	0	0	0	0	0	0	0	0	0	
1355.778717	8	3	3	0	1	2	2	4198	300	49	81341	17	8	87	0	0	0	0	0	0	0	0	0	0	0	0	0	0	
1356.765117	8	3	3	0	1	2	2	4199	286	49	81401	17	8	87	0	0	0	0	0	0	0	0	0	0	0	0	0	0	
1357.771683	8	3	3	0	1	2	2	4198	271	49	81461	17	8	87	0	0	0	0	0	0	0	0	0	0	0	0	0	0	
1358.776800	8	3	3	0	1	2	2	4198	259	49	81521	17	8	87	0	0	0	0	0	0	0	0	0	0	0	0	0	0	
1359.781917	8	3	3	0	1	2	2	4199	248	49	81582	17	8	87	0	0	0	0	0	0	0	0	0	0	0	0	0	0	
1360.768317	8	3	3	0	1	2	2	4199	236	49	81641	17	8	87	0	0	0	0	0	0	0	0	0	0	0	0	0	0	
1361.773433	8	3	3	0	1	2	2	4199	226	49	81701	17	8	87	0	0	0	0	0	0	0	0	0	0	0	0	0	0	
1362.778567	8	3	3	0	1	2	2	4198	216	49	81761	17	8	87	0	0	0	0	0	0	0	0	0	0	0	0	0	0	
1363.783683	8	3	3	0	1	2	2	4199	207	49	81822	17	8	87	0	0	0	0	0	0	0	0	0	0	0	0	0	0	
1364.770083	8	3	3	0	1	2	2	4199	198	49	81881	17	8	87	0	0	0	0	0	0	0	0	0	0	0	0	0	0	
1365.775200	8	3	3	0	1	2	2	4199	190	49	81941	17	8	87	0	0	0	0	0	0	0	0	0	0	0	0	0	0	
1366.780317	8	3	3	0	1	2	2	4199	181	49	82001	17	8	87	0	0	0	0	0	0	0	0	0	0	0	0	0	0	
1367.766717	8	3	3	0	1	2	2	4199	174	49	82061	17	8	87	0	0	0	0	0	0	0	0	0	0	0	0	0	0	
1368.773283	8	3	3	0	1	2	2	4198	166	49	82121	17	8	87	0	0	0	0	0	0	0	0	0	0	0	0	0	0	
1369.778400	8	3	3	0	1	2	2	4199	159	49	82181	17	8	87	0	0	0	0	0	0	0	0	0	0	0	0	0	0	
1370.783517	8	3	3	0	1	2	2	4198	152	49	82242	17	8	87	0	0	0	0	0	0	0	0	0	0	0	0	0	0	
1371.769917	8	3	3	0	1	2	2	4199	146	49	82301	17	8	87	0	0	0	0	0	0	0	0	0	0	0	0	0	0	
1372.775033	8	3	3	0	1	2	2	4198	140	49	82361	17	8	87	0	0	0	0	0	0	0	0	0	0	0	0	0	0	
1373.780167	8	3	3	0	1	2	2	4198	134	49	82421	17	8	87	0	0	0	0	0	0	0	0	0	0	0	0	0	0	
1374.766567	8	3	3	0	1	2	2	4198	129	49	82481	17	8	87	0	0	0	0	0	0	0	0	0	0	0	0	0	0	
1375.771683	8	3	3	0	1	2	2	4198	123	49	82541	17	8	87	0	0	0	0	0	0	0	0	0	0	0	0	0	0	
1376.778233	8	3	3	0	1	2	2	4198	118	49	82601	17	8	87	0	0	0	0	0	0	0	0	0	0	0	0	0	0	
1377.783367	8	3	3	0	1	2	2	4198	114	49	82662	17	8	87	0	0	0	0	0	0	0	0	0	0	0	0	0	0	
1378.769767	8	3	3	0	1	2	2	4198	109	49	82721	17	8	87	0	0	0	0	0	0	0	0	0	0	0	0	0	0	
1379.774883	8	3	3	0	1	2	2	4199	104	49	82781	17	8	87	0	0	0	0	0	0	0	0	0	0	0	0	0	0	
1380.780000	8	3	3	0	1	2	2	4199	100	49	82841	17	8	87	0	0	0	0	0	0	0	0	0	0	0	0	0	0	
1381.785117	8	3	3	0	1	2	2	4199	96	49	82902	17	8	87	0	0	0	0	0	0	0	0	0	0	0	0	0	0	
1382.771517	8	3	3	0	1	2	2	4198	92	49	82961	17	8	87	0	0	0	0	0	0	0	0	0	0	0	0	0	0	
1383.776633	8	3	3	0	1	2	2	4198	88	49	83021	17	8	87	0	0	0	0	0	0	0	0	0	0	0	0	0	0	
1384.783200	8	3	3	0	1	2	2	4199	84	49	83082	17	8	87	0	0	0	0	0	0	0	0	0	0	0	0	0	0	
1385.769600	8	3	3	0	1	2	2	4198	82	49	83141	17	8	87	0	0	0	0	0	0	0	0	0	0	0	0	0	0	
1386.774717	8	3	3	0	1	2	2	4198	78	49	83201	17	8	87	0	0	0	0	0	0	0	0	0	0	0	0	0	0	
1387.779833	8	3	3	0	1	2	2	4198	75	49	83261	17	8	87	0	0	0	0	0	0	0	0	0	0	0	0	0	0	
1388.784967	8	3	3	0	1	2	2	4199	71	49	83322	17	8	87	0	0	0	0	0	0	0	0	0	0	0	0	0	0	
1389.771367	8	3	3	0	1	2	2	4199	69	49	83381	17	8	87	0	0	0	0	0	0	0	0	0	0	0	0	0	0	
1390.438083	8	6	3	0	2	7	1	3886	-1348	49	83421	17	9	0	0	0	0	0	0	0	0	0	0	0	0	0	0	0	
1390.777917	8	6	3	0	2	7	1	3845	-1350	49	83441	17	9	0	0	0	0	0	0	0	0	0	0	0	0	0	0	0	
1391.783033	8	6	3	0	2	7	1	3793	-1348	49	83502	17	9	2	0	0	0	0	0	0	0	0	0	0	0	0	0	0	
1392.769433	8	6	3	0	2	7	1	3773	-1347	49	83561	17	9	3	0	0	0	0	0	0	0	0	0	0	0	0	0	0	
1393.776000	8	6	3	0	2	7	1	3789	-1351	49	83621	17	9	5	0	0	0	0	0	0	0	0	0	0	0	0	0	0	
1394.781117	8	6	3	0	2	7	1	3768	-1351	49	83681	17	9	7	0	0	0	0	0	0	0	0	0	0	0	0	0	0	
1395.786233	8	6	3	0	2	7	1	3759	-1350	49	83742	17	9	8	0	0	0	0	0	0	0	0	0	0	0	0	0	0	
1396.772633	8	6	3	0	2	7	1	3739	-1349	49	83801	17	9	10	0	0	0	0	0	0	0	0	0	0	0	0	0	0	
1397.777767	8	6	3	0	2	7	1	3717	-1349	49	83861	17	9	12	0	0	0	0	0	0	0	0	0	0	0	0	0	0	
1398.782883	8	6	3	0	2	7	1	3689	-1348	49	83921	17	9	13	0	0	0	0	0	0	0	0	0	0	0	0	0	0	
1399.769283	8	6	3	0	2	7	1	3668	-1350	49	83981	17	9	15	0	0	0	0	0	0	0	0	0	0	0	0	0	0	
1400.775833	8	6	3	0	2	7	1	3661	-1351	49	84041	17	9	17	0	0	0	0	0	0	0	0	0	0	0	0	0	0	
1401.782400	8	6	3	0	2	7	1	3636	-1349	49	84101	17	9	18	0	0	0	0	0	0	0	0	0	0	0	0	0	0	
1402.787517	8	6	3	0	2	7	1	3625	-1350	49	84162	17	9	20	0	0	0	0	0	0	0	0	0	0	0	0	0	0	
1403.773917	8	6	3	0	2	7	1	3603	-1350	49	84221	17	9	22	0	0	0	0	0	0	0	0	0	0	0	0	0	0	
1404.779033	8	6	3	0	2	7	1	3581	-1350	49	84281	17	9	23	0	0	0	0	0	0	0	0	0	0	0	0	0	0	
1405.784167	8	6	3	0	2	7	1	3578	-1350	49	84341	17	9	25	0	0	0	0	0	0	0	0	0	0	0	0	0	0	
1406.770567	8	6	3	0	2	7	1	3559	-1349	49	84401	17	9	26	0	0	0	0	0	0	0	0	0	0	0	0	0	0	
1407.775683	8	6	3	0	2	7	1	3554	-1350	49	84461	17	9	28	0	0	0	0	0	0	0	0	0	0	0	0	0	0	
1408.780800	8	6	3	0	2	7	1	3537	-1349	49	84521	17	9	30	0	0	0	0	0	0	0	0	0	0	0	0	0	0	
1409.785917	8	6	3	0	2	7	1	3528	-1348	49	84582	17	9	31	0	0	0	0	0	0	0	0	0	0	0	0	0	0	
1410.772317	8	6	3	0	2	7	1	3514	-1351	49	84641	17	9	33	0	0	0	0	0	0	0	0	0	0	0	0	0	0	
1411.777433	8	6	3	0	2	7	1	3504	-1348	49	84701	17	9	35	0	0	0	0	0	0	0	0	0	0	0	0	0	0	
1412.782567	8	6	3	0	2	7	1	3490	-1349	49	84761	17	9	36	0	0	0	0	0	0	0	0	0	0	0	0	0	0	
1413.789117	8	6	3	0	2	7	1	3479	-1348	49	84822	17	9	38	0	0	0	0	0	0	0	0	0	0	0	0	0	0	
1414.775517	8	6	3	0	2	7	1	3460	-1349	49	84881	17	9	40	0	0	0	0	0	0	0	0	0	0	0	0	0	0	
1415.780633	8	6	3	0	2	7	1	3439	-1349	49	84941	17	9	41	0	0	0	0	0	0	0	0	0	0	0	0	0	0	
1416.787200	8	6	3	0	2	7	1	3461	-1350	49	85002	17	9	43	0	0	0	0	0	0	0	0	0	0	0	0	0	0	
1417.773600	8	6	3	0	2	7	1	3437	-1349	49	85061	17	9	45	0	0	0	0	0	0	0	0	0	0	0	0	0	0	
1418.778717	8	6	3	0	2	7	1	3424	-1349	49	85121	17	9	46	0	0	0	0	0	0	0	0	0	0	0	0	0	0	
1419.783833	8	6	3	0	2	7	1	3415	-1350	49	85181	17	9	48	0	0	0	0	0	0	0	0	0	0	0	0	0	0	
1420.771683	8	6	3	0	2	7	1	3405	-1350	49	85241	17	9	50	0	0	0	0	0	0	0	0	0	0	0	0	0	0	
1421.776800	8	6	3	0	2	7	1	3398	-1350	49	85301	17	9	51	0	0	0	0	0	0	0	0	0	0	0	0	0	0	
1422.781917	8	6	3	0	2	7	1	3391	-1348	49	85361	17	9	53	0	0	0	0	0	0	0	0	0	0	0	0	0	0	
1423.787033	8	6	3	0	2	7	1	3383	-1350	49	85422	17	9	55	0	0	0	0	0	0	0	0	0	0	0	0	0	0	
1424.773433	8	6	3	0	2	7	1	3376	-1349	49	85481	17	9	56	0	0	0	0	0	0	0	0	0	0	0	0	0	0	
1425.778567	8	6	3	0	2	7	1	3368	-1349	49	85541	17	9	58	0	0	0	0	0	0	0	0	0	0	0	0	0	0	
1426.783683	8	6	3	0	2	7	1	3361	-1348	49	85601	17	9	60	0	0	0	0	0	0	0	0	0	0	0	0	0	0	
1427.788800	8	6	3	0	2	7	1	3355	-1350	49	85662	17	9	61	0	0	0	0	0	0	0	0	0	0	0	0	0	0	
1428.775200	8	6	3	0	2	7	1	3350	-1350	49	85721	17	9	63	0	0	0	0	0	0	0	0	0	0	0	0	0	0	
1429.780317	8	6	3	0	2	7	1	3339	-1349	49	85781	17	9	64	0	0	0	0	0	0	0	0	0	0	0	0	0	0	
1430.786883	8	6	3	0	2	7	1	3332	-1348	49	85842	17	9	66	0	0	0	0	0	0	0	0	0	0	0	0	0	0	
1431.773283	8	6	3	0	2	7	1	3312	-1349	49	85901	17	9	68	0	0	0	0	0	0	0	0	0	0	0	0	0	0	
1432.778400	8	6	3	0	2	7	1	3306	-1349	49	85961	17	9	69	0	0	0	0	0	0	0	0	0	0	0	0	0	0	
1433.783517	8	6	3	0	2	7	1	3303	-1349	49	86021	17	9	71	0	0	0	0	0	0	0	0	0	0	0	0	0	0	
1434.788633	8	6	3	0	2	7	1	3279	-1350	49	86082	17	9	73	0	0	0	0	0	0	0	0	0	0	0	0	0	0	
1435.775033	8	6	3	0	2	7	1	3237	-1350	49	86141	17	9	74	0	0	0	0	0	0	0	0	0	0	0	0	0	0	
1436.780167	8	6	3	0	2	7	1	3216	-1349	49	86201	17	9	76	0	0	0	0	0	0	0	0	0	0	0	0	0	0	
1437.785283	8	6	3	0	2	7	1	3221	-1349	49	86261	17	9	78	0	0	0	0	0	0	0	0	0	0	0	0	0	0	
1438.771683	8	6	3	0	2	7	1	3183	-1350	49	86321	17	9	79	0	0	0	0	0	0	0	0	0	0	0	0	0	0	
1439.778233	8	6	3	0	2	7	1	3131	-1350	49	86381	17	9	81	0	0	0	0	0	0	0	0	0	0	0	0	0	0	
1440.783367	8	6	3	0	2	7	1	3104	-1349	49	86441	17	9	83	0	0	0	0	0	0	0	0	0	0	0	0	0	0	
1441.788483	8	6	3	0	2	7	1	3002	-1350	49	86502	17	9	84	0	0	0	0	0	0	0	0	0	0	0	0	0	0	
1442.774883	8	6	3	0	2	7	1	2821	-1351	49	86561	17	9	86	0	0	0	0	0	0	0	0	0	0	0	0	0	0	
1443.120483	8	15	3	0	1	31	2	2814	14	49	86582	18	9	87	0	0	0	0	0	0	0	0	0	0	0	0	0	0	
1443.142083	8	3	3	0	1	2	2	3224	675	49	86583	19	9	87	0	0	0	0	0	0	0	0	0	0	0	0	0	0	
1443.782883	8	3	3	0	1	2	2	3471	675	49	86621	19	9	87	0	0	0	0	0	0	0	0	0	0	0	0	0	0	
1444.789433	8	3	3	0	1	2	2	3603	674	49	86682	19	9	87	0	0	0	0	0	0	0	0	0	0	0	0	0	0	
1445.775833	8	3	3	0	1	2	2	3678	674	49	86741	19	9	87	0	0	0	0	0	0	0	0	0	0	0	0	0	0	
1446.780967	8	3	3	0	1	2	2	3728	672	49	86801	19	9	87	0	0	0	0	0	0	0	0	0	0	0	0	0	0	
1447.786083	8	3	3	0	1	2	2	3765	677	49	86861	19	9	87	0	0	0	0	0	0	0	0	0	0	0	0	0	0	
1448.791200	8	3	3	0	1	2	2	3792	676	49	86922	19	9	87	0	0	0	0	0	0	0	0	0	0	0	0	0	0	
1449.777600	8	3	3	0	1	2	2	3812	675	49	86981	19	9	87	0	0	0	0	0	0	0	0	0	0	0	0	0	0	
1450.782717	8	3	3	0	1	2	2	3822	676	49	87041	19	9	87	0	0	0	0	0	0	0	0	0	0	0	0	0	0	
1451.787833	8	3	3	0	1	2	2	3828	676	49	87102	19	9	87	0	0	0	0	0	0	0	0	0	0	0	0	0	0	
1452.774233	8	3	3	0	1	2	2	3835	675	49	87161	19	9	87	0	0	0	0	0	0	0	0	0	0	0	0	0	0	
1453.779367	8	3	3	0	1	2	2	3842	675	49	87221	19	9	87	0	0	0	0	0	0	0	0	0	0	0	0	0	0	
1454.785917	8	3	3	0	1	2	2	3848	675	49	87281	19	9	87	0	0	0	0	0	0	0	0	0	0	0	0	0	0	
1455.791033	8	3	3	0	1	2	2	3854	674	49	87342	19	9	87	0	0	0	0	0	0	0	0	0	0	0	0	0	0	
1456.777433	8	3	3	0	1	2	2	3859	675	49	87401	19	9	87	0	0	0	0	0	0	0	0	0	0	0	0	0	0	
1457.782567	8	3	3	0	1	2	2	3864	675	49	87461	19	9	87	0	0	0	0	0	0	0	0	0	0	0	0	0	0	
1458.787683	8	3	3	0	1	2	2	3869	674	49	87521	19	9	87	0	0	0	0	0	0	0	0	0	0	0	0	0	0	
1459.774083	8	3	3	0	1	2	2	3876	674	49	87581	19	9	87	0	0	0	0	0	0	0	0	0	0	0	0	0	0	
1460.779200	8	3	3	0	1	2	2	3883	675	49	87641	19	9	87	0	0	0	0	0	0	0	0	0	0	0	0	0	0	
1461.784317	8	3	3	0	1	2	2	3890	675	49	87701	19	9	87	0	0	0	0	0	0	0	0	0	0	0	0	0	0	
1462.789433	8	3	3	0	1	2	2	3896	675	49	87762	19	9	87	0	0	0	0	0	0	0	0	0	0	0	0	0	0	
1463.775833	8	3	3	0	1	2	2	3902	674	49	87821	19	9	87	0	0	0	0	0	0	0	0	0	0	0	0	0	0	
1464.782400	8	3	3	0	1	2	2	3908	674	49	87881	19	9	87	0	0	0	0	0	0	0	0	0	0	0	0	0	0	
1465.787517	8	3	3	0	1	2	2	3914	675	49	87941	19	9	87	0	0	0	0	0	0	0	0	0	0	0	0	0	0	
1466.792633	8	3	3	0	1	2	2	3920	675	49	88002	19	9	87	0	0	0	0	0	0	0	0	0	0	0	0	0	0	
1467.779033	8	3	3	0	1	2	2	3924	675	49	88061	19	9	87	0	0	0	0	0	0	0	0	0	0	0	0	0	0	
1468.784167	8	3	3	0	1	2	2	3930	675	49	88121	19	9	87	0	0	0	0	0	0	0	0	0	0	0	0	0	0	
1469.789283	8	3	3	0	1	2	2	3934	675	49	88181	19	9	87	0	0	0	0	0	0	0	0	0	0	0	0	0	0	
1470.775683	8	3	3	0	1	2	2	3938	676	49	88241	19	9	87	0	0	0	0	0	0	0	0	0	0	0	0	0	0	
1471.780800	8	3	3	0	1	2	2	3941	675	49	88301	19	9	87	0	0	0	0	0	0	0	0	0	0	0	0	0	0	
1472.785917	8	3	3	0	1	2	2	3945	674	49	88361	19	9	87	0	0	0	0	0	0	0	0	0	0	0	0	0	0	
1473.791033	8	3	3	0	1	2	2	3948	675	49	88422	19	9	87	0	0	0	0	0	0	0	0	0	0	0	0	0	0	
1474.778883	8	3	3	0	1	2	2	3951	674	49	88481	19	9	87	0	0	0	0	0	0	0	0	0	0	0	0	0	0	
1475.784000	8	3	3	0	1	2	2	3955	675	49	88541	19	9	87	0	0	0	0	0	0	0	0	0	0	0	0	0	0	
1476.789117	8	3	3	0	1	2	2	3958	674	49	88601	19	9	87	0	0	0	0	0	0	0	0	0	0	0	0	0	0	
1477.775517	8	3	3	0	1	2	2	3961	675	49	88661	19	9	87	0	0	0	0	0	0	0	0	0	0	0	0	0	0	
1478.780633	8	3	3	0	1	2	2	3964	674	49	88721	19	9	87	0	0	0	0	0	0	0	0	0	0	0	0	0	0	
1479.785767	8	3	3	0	1	2	2	3967	674	49	88781	19	9	87	0	0	0	0	0	0	0	0	0	0	0	0	0	0	
1480.790883	8	3	3	0	1	2	2	3971	675	49	88842	19	9	87	0	0	0	0	0	0	0	0	0	0	0	0	0	0	
1481.781600	8	3	3	0	1	2	2	3974	675	49	88901	19	9	87	0	0	0	0	0	0	0	0	0	0	0	0	0	0	
1482.786717	8	3	3	0	1	2	2	3977	673	49	88961	19	9	87	0	0	0	0	0	0	0	0	0	0	0	0	0	0	
1483.791833	8	3	3	0	1	2	2	3981	675	49	89022	19	9	87	0	0	0	0	0	0	0	0	0	0	0	0	0	0	
1484.778233	8	3	3	0	1	2	2	3984	674	49	89081	19	9	87	0	0	0	0	0	0	0	0	0	0	0	0	0	0	
1485.783367	8	3	3	0	1	2	2	3988	675	49	89141	19	9	87	0	0	0	0	0	0	0	0	0	0	0	0	0	0	
1486.788483	8	3	3	0	1	2	2	3992	676	49	89201	19	9	87	0	0	0	0	0	0	0	0	0	0	0	0	0	0	
1487.793600	8	3	3	0	1	2	2	3995	674	49	89262	19	9	87	0	0	0	0	0	0	0	0	0	0	0	0	0	0	
1488.780000	8	3	3	0	1	2	2	3998	673	49	89321	19	9	87	0	0	0	0	0	0	0	0	0	0	0	0	0	0	
1489.789433	8	3	3	0	1	2	2	4002	674	49	89381	19	9	87	0	0	0	0	0	0	0	0	0	0	0	0	0	0	
1490.794567	8	3	3	0	1	2	2	4006	674	49	89442	19	9	87	0	0	0	0	0	0	0	0	0	0	0	0	0	0	
1491.780967	8	3	3	0	1	2	2	4010	674	49	89501	19	9	87	0	0	0	0	0	0	0	0	0	0	0	0	0	0	
1492.786083	8	3	3	0	1	2	2	4014	675	49	89561	19	9	87	0	0	0	0	0	0	0	0	0	0	0	0	0	0	
1493.791200	8	3	3	0	1	2	2	4018	675	49	89622	19	9	87	0	0	0	0	0	0	0	0	0	0	0	0	0	0	
1494.777600	8	3	3	0	1	2	2	4022	675	49	89681	19	9	87	0	0	0	0	0	0	0	0	0	0	0	0	0	0	
1495.782717	8	3	3	0	1	2	2	4026	675	49	89741	19	9	87	0	0	0	0	0	0	0	0	0	0	0	0	0	0	
1496.789283	8	3	3	0	1	2	2	4031	675	49	89801	19	9	87	0	0	0	0	0	0	0	0	0	0	0	0	0	0	
1497.794400	8	3	3	0	1	2	2	4035	675	49	89862	19	9	87	0	0	0	0	0	0	0	0	0	0	0	0	0	0	
1498.780800	8	3	3	0	1	2	2	4040	675	49	89921	19	9	87	0	0	0	0	0	0	0	0	0	0	0	0	0	0	
1499.785917	8	3	3	0	1	2	2	4044	675	49	89981	19	9	87	0	0	0	0	0	0	0	0	0	0	0	0	0	0	
1500.791033	8	3	3	0	1	2	2	4048	675	49	90041	19	9	87	0	0	0	0	0	0	0	0	0	0	0	0	0	0	
1501.777433	8	3	3	0	1	2	2	4054	676	49	90101	19	9	87	0	0	0	0	0	0	0	0	0	0	0	0	0	0	
1502.789767	8	3	3	0	1	2	2	4058	675	49	90161	19	9	87	0	0	0	0	0	0	0	0	0	0	0	0	0	0	
1503.784800	8	3	3	0	1	2	2	4063	675	49	90221	19	9	87	0	0	0	0	0	0	0	0	0	0	0	0	0	0	
1504.781283	8	3	3	0	1	2	2	4068	675	49	90281	19	9	87	0	0	0	0	0	0	0	0	0	0	0	0	0	0	
1505.795033	8	3	3	0	1	2	2	4073	675	49	90342	19	9	87	0	0	0	0	0	0	0	0	0	0	0	0	0	0	
1506.791517	8	3	3	0	1	2	2	4078	675	49	90401	19	9	87	0	0	0	0	0	0	0	0	0	0	0	0	0	0	
1507.788000	8	3	3	0	1	2	2	4083	675	49	90461	19	9	87	0	0	0	0	0	0	0	0	0	0	0	0	0	0	
1508.783033	8	3	3	0	1	2	2	4088	675	49	90521	19	9	87	0	0	0	0	0	0	0	0	0	0	0	0	0	0	
1509.779517	8	3	3	0	1	2	2	4094	675	49	90581	19	9	87	0	0	0	0	0	0	0	0	0	0	0	0	0	0	
1510.793283	8	3	3	0	1	2	2	4099	675	49	90642	19	9	87	0	0	0	0	0	0	0	0	0	0	0	0	0	0	
1511.789767	8	3	3	0	1	2	2	4104	674	49	90701	19	9	87	0	0	0	0	0	0	0	0	0	0	0	0	0	0	
1512.786233	8	3	3	0	1	2	2	4110	674	49	90761	19	9	87	0	0	0	0	0	0	0	0	0	0	0	0	0	0	
1513.782717	8	3	3	0	1	2	2	4116	675	49	90821	19	9	87	0	0	0	0	0	0	0	0	0	0	0	0	0	0	
1514.787833	8	3	3	0	1	2	2	4119	666	49	90881	19	9	87	0	0	0	0	0	0	0	0	0	0	0	0	0	0	
1515.792967	8	3	3	0	1	2	2	4125	664	49	90942	19	9	87	0	0	0	0	0	0	0	0	0	0	0	0	0	0	
1516.779367	8	3	3	0	1	2	2	4131	665	49	91001	19	9	87	0	0	0	0	0	0	0	0	0	0	0	0	0	0	
1517.784483	8	3	3	0	1	2	2	4137	665	49	91061	19	9	87	0	0	0	0	0	0	0	0	0	0	0	0	0	0	
1518.789600	8	3	3	0	1	2	2	4143	664	49	91121	19	9	87	0	0	0	0	0	0	0	0	0	0	0	0	0	0	
1519.796167	8	3	3	0	1	2	2	4148	663	49	91182	19	9	87	0	0	0	0	0	0	0	0	0	0	0	0	0	0	
1520.782567	8	3	3	0	1	2	2	4154	662	49	91241	19	9	87	0	0	0	0	0	0	0	0	0	0	0	0	0	0	
1521.787683	8	3	3	0	1	2	2	4160	660	49	91301	19	9	87	0	0	0	0	0	0	0	0	0	0	0	0	0	0	
1522.792800	8	3	3	0	1	2	2	4167	662	49	91361	19	9	87	0	0	0	0	0	0	0	0	0	0	0	0	0	0	
1523.779200	8	3	3	0	1	2	2	4173	660	49	91421	19	9	87	0	0	0	0	0	0	0	0	0	0	0	0	0	0	
1524.784317	8	3	3	0	1	2	2	4180	661	49	91481	19	9	87	0	0	0	0	0	0	0	0	0	0	0	0	0	0	
1525.789433	8	3	3	0	1	2	2	4186	660	49	91541	19	9	87	0	0	0	0	0	0	0	0	0	0	0	0	0	0	
1526.794567	8	3	3	0	1	2	2	4193	659	49	91602	19	9	87	0	0	0	0	0	0	0	0	0	0	0	0	0	0	
1527.782400	8	3	3	0	1	2	2	4199	657	49	91661	19	9	87	0	0	0	0	0	0	0	0	0	0	0	0	0	0	
1528.787517	8	3	3	0	1	2	2	4198	627	49	91721	19	9	87	0	0	0	0	0	0	0	0	0	0	0	0	0	0	
1529.792633	8	3	3	0	1	2	2	4198	602	49	91781	19	9	87	0	0	0	0	0	0	0	0	0	0	0	0	0	0	
1530.797767	8	3	3	0	1	2	2	4199	578	49	91842	19	9	87	0	0	0	0	0	0	0	0	0	0	0	0	0	0	
1531.784167	8	3	3	0	1	2	2	4198	555	49	91901	19	9	87	0	0	0	0	0	0	0	0	0	0	0	0	0	0	
1532.789283	8	3	3	0	1	2	2	4198	530	49	91961	19	9	87	0	0	0	0	0	0	0	0	0	0	0	0	0	0	
1533.794400	8	3	3	0	1	2	2	4199	508	49	92022	19	9	87	0	0	0	0	0	0	0	0	0	0	0	0	0	0	
1534.780800	8	3	3	0	1	2	2	4199	489	49	92081	19	9	87	0	0	0	0	0	0	0	0	0	0	0	0	0	0	
1535.785917	8	3	3	0	1	2	2	4198	468	49	92141	19	9	87	0	0	0	0	0	0	0	0	0	0	0	0	0	0	
1536.792483	8	3	3	0	1	2	2	4198	449	49	92201	19	9	87	0	0	0	0	0	0	0	0	0	0	0	0	0	0	
1537.797600	8	3	3	0	1	2	2	4198	430	49	92262	19	9	87	0	0	0	0	0	0	0	0	0	0	0	0	0	0	
1538.784000	8	3	3	0	1	2	2	4199	412	49	92321	19	9	87	0	0	0	0	0	0	0	0	0	0	0	0	0	0	
1539.789117	8	3	3	0	1	2	2	4199	395	49	92381	19	9	87	0	0	0	0	0	0	0	0	0	0	0	0	0	0	
1540.794233	8	3	3	0	1	2	2	4199	374	49	92441	19	9	87	0	0	0	0	0	0	0	0	0	0	0	0	0	0	
1541.780633	8	3	3	0	1	2	2	4199	350	49	92501	19	9	87	0	0	0	0	0	0	0	0	0	0	0	0	0	0	
1542.785767	8	3	3	0	1	2	2	4198	335	49	92561	19	9	87	0	0	0	0	0	0	0	0	0	0	0	0	0	0	
1543.792317	8	3	3	0	1	2	2	4199	324	49	92621	19	9	87	0	0	0	0	0	0	0	0	0	0	0	0	0	0	
1544.797433	8	3	3	0	1	2	2	4198	311	49	92682	19	9	87	0	0	0	0	0	0	0	0	0	0	0	0	0	0	
1545.783833	8	3	3	0	1	2	2	4199	299	49	92741	19	9	87	0	0	0	0	0	0	0	0	0	0	0	0	0	0	
1546.788967	8	3	3	0	1	2	2	4199	286	49	92801	19	9	87	0	0	0	0	0	0	0	0	0	0	0	0	0	0	
1547.794083	8	3	3	0	1	2	2	4199	274	49	92861	19	9	87	0	0	0	0	0	0	0	0	0	0	0	0	0	0	
1548.780483	8	3	3	0	1	2	2	4198	264	49	92921	19	9	87	0	0	0	0	0	0	0	0	0	0	0	0	0	0	
1549.787033	8	3	3	0	1	2	2	4198	251	49	92981	19	9	87	0	0	0	0	0	0	0	0	0	0	0	0	0	0	
1550.792167	8	3	3	0	1	2	2	4199	239	49	93041	19	9	87	0	0	0	0	0	0	0	0	0	0	0	0	0	0	
1551.797283	8	3	3	0	1	2	2	4198	230	49	93102	19	9	87	0	0	0	0	0	0	0	0	0	0	0	0	0	0	
1552.783683	8	3	3	0	1	2	2	4198	221	49	93161	19	9	87	0	0	0	0	0	0	0	0	0	0	0	0	0	0	
1553.788800	8	3	3	0	1	2	2	4198	212	49	93221	19	9	87	0	0	0	0	0	0	0	0	0	0	0	0	0	0	
1554.793917	8	3	3	0	1	2	2	4198	204	49	93281	19	9	87	0	0	0	0	0	0	0	0	0	0	0	0	0	0	
1555.799033	8	3	3	0	1	2	2	4198	196	49	93342	19	9	87	0	0	0	0	0	0	0	0	0	0	0	0	0	0	
1556.785433	8	3	3	0	1	2	2	4198	188	49	93401	19	9	87	0	0	0	0	0	0	0	0	0	0	0	0	0	0	
1557.792000	8	3	3	0	1	2	2	4199	181	49	93461	19	9	87	0	0	0	0	0	0	0	0	0	0	0	0	0	0	
1558.797117	8	3	3	0	1	2	2	4198	174	49	93522	19	9	87	0	0	0	0	0	0	0	0	0	0	0	0	0	0	
1559.783517	8	3	3	0	1	2	2	4198	166	49	93581	19	9	87	0	0	0	0	0	0	0	0	0	0	0	0	0	0	
1560.788633	8	3	3	0	1	2	2	4198	161	49	93641	19	9	87	0	0	0	0	0	0	0	0	0	0	0	0	0	0	
1561.793767	8	3	3	0	1	2	2	4198	154	49	93701	19	9	87	0	0	0	0	0	0	0	0	0	0	0	0	0	0	
1562.798883	8	3	3	0	1	2	2	4198	149	49	93762	19	9	87	0	0	0	0	0	0	0	0	0	0	0	0	0	0	
1563.785283	8	3	3	0	1	2	2	4199	143	49	93821	19	9	87	0	0	0	0	0	0	0	0	0	0	0	0	0	0	
1564.790400	8	3	3	0	1	2	2	4198	138	49	93881	19	9	87	0	0	0	0	0	0	0	0	0	0	0	0	0	0	
1565.796967	8	3	3	0	1	2	2	4198	132	49	93941	19	9	87	0	0	0	0	0	0	0	0	0	0	0	0	0	0	
1566.783367	8	3	3	0	1	2	2	4199	128	49	94001	19	9	87	0	0	0	0	0	0	0	0	0	0	0	0	0	0	
1567.788483	8	3	3	0	1	2	2	4198	122	49	94061	19	9	87	0	0	0	0	0	0	0	0	0	0	0	0	0	0	
1568.793600	8	3	3	0	1	2	2	4198	118	49	94121	19	9	87	0	0	0	0	0	0	0	0	0	0	0	0	0	0	
1569.798717	8	3	3	0	1	2	2	4198	114	49	94182	19	9	87	0	0	0	0	0	0	0	0	0	0	0	0	0	0	
1570.786567	8	3	3	0	1	2	2	4199	110	49	94241	19	9	87	0	0	0	0	0	0	0	0	0	0	0	0	0	0	
1571.791683	8	3	3	0	1	2	2	4199	105	49	94301	19	9	87	0	0	0	0	0	0	0	0	0	0	0	0	0	0	
1572.796800	8	3	3	0	1	2	2	4198	102	49	94361	19	9	87	0	0	0	0	0	0	0	0	0	0	0	0	0	0	
1573.783200	8	3	3	0	1	2	2	4198	97	49	94421	19	9	87	0	0	0	0	0	0	0	0	0	0	0	0	0	0	
1574.788317	8	3	3	0	1	2	2	4199	94	49	94481	19	9	87	0	0	0	0	0	0	0	0	0	0	0	0	0	0	
1575.793433	8	3	3	0	1	2	2	4198	90	49	94541	19	9	87	0	0	0	0	0	0	0	0	0	0	0	0	0	0	
1576.798567	8	3	3	0	1	2	2	4198	86	49	94602	19	9	87	0	0	0	0	0	0	0	0	0	0	0	0	0	0	
1577.784967	8	3	3	0	1	2	2	4198	83	49	94661	19	9	87	0	0	0	0	0	0	0	0	0	0	0	0	0	0	
1578.790083	8	3	3	0	1	2	2	4198	79	49	94721	19	9	87	0	0	0	0	0	0	0	0	0	0	0	0	0	0	
1579.796633	8	3	3	0	1	2	2	4199	77	49	94781	19	9	87	0	0	0	0	0	0	0	0	0	0	0	0	0	0	
1580.801767	8	3	3	0	1	2	2	4199	74	49	94842	19	9	87	0	0	0	0	0	0	0	0	0	0	0	0	0	0	
1581.788167	8	3	3	0	1	2	2	4199	71	49	94901	19	9	87	0	0	0	0	0	0	0	0	0	0	0	0	0	0	
1582.793283	8	3	3	0	1	2	2	4198	68	49	94961	19	9	87	0	0	0	0	0	0	0	0	0	0	0	0	0	0	
1583.441283	8	6	3	0	2	7	1	4147	-204	49	95000	19	10	0	0	0	0	0	0	0	0	0	0	0	0	0	0	0	
1583.799833	8	6	3	0	2	7	1	3779	-1349	49	95022	19	10	0	0	0	0	0	0	0	0	0	0	0	0	0	0	0	
1584.786233	8	6	3	0	2	7	1	3777	-1350	49	95081	19	10	2	0	0	0	0	0	0	0	0	0	0	0	0	0	0	
1585.792800	8	6	3	0	2	7	1	3797	-1350	49	95141	19	10	3	0	0	0	0	0	0	0	0	0	0	0	0	0	0	
1586.797917	8	6	3	0	2	7	1	3776	-1348	49	95201	19	10	5	0	0	0	0	0	0	0	0	0	0	0	0	0	0	
1587.784317	8	6	3	0	2	7	1	3754	-1350	49	95261	19	10	7	0	0	0	0	0	0	0	0	0	0	0	0	0	0	
1588.789433	8	6	3	0	2	7	1	3707	-1351	49	95321	19	10	8	0	0	0	0	0	0	0	0	0	0	0	0	0	0	
1589.794567	8	6	3	0	2	7	1	3685	-1347	49	95381	19	10	10	0	0	0	0	0	0	0	0	0	0	0	0	0	0	
1590.799683	8	6	3	0	2	7	1	3674	-1348	49	95442	19	10	12	0	0	0	0	0	0	0	0	0	0	0	0	0	0	
1591.786083	8	6	3	0	2	7	1	3645	-1352	49	95501	19	10	13	0	0	0	0	0	0	0	0	0	0	0	0	0	0	
1592.791200	8	6	3	0	2	7	1	3616	-1349	49	95561	19	10	15	0	0	0	0	0	0	0	0	0	0	0	0	0	0	
1593.797767	8	6	3	0	2	7	1	3697	-1349	49	95621	19	10	16	0	0	0	0	0	0	0	0	0	0	0	0	0	0	
1594.802883	8	6	3	0	2	7	1	3683	-1348	49	95682	19	10	18	0	0	0	0	0	0	0	0	0	0	0	0	0	0	
1595.789283	8	6	3	0	2	7	1	3670	-1350	49	95741	19	10	20	0	0	0	0	0	0	0	0	0	0	0	0	0	0	
1596.794400	8	6	3	0	2	7	1	3657	-1350	49	95801	19	10	21	0	0	0	0	0	0	0	0	0	0	0	0	0	0	
1597.799517	8	6	3	0	2	7	1	3646	-1348	49	95861	19	10	23	0	0	0	0	0	0	0	0	0	0	0	0	0	0	
1598.785917	8	6	3	0	2	7	1	3635	-1351	49	95921	19	10	25	0	0	0	0	0	0	0	0	0	0	0	0	0	0	
1599.791033	8	6	3	0	2	7	1	3623	-1349	49	95981	19	10	26	0	0	0	0	0	0	0	0	0	0	0	0	0	0	
1600.796167	8	6	3	0	2	7	1	3611	-1349	49	96041	19	10	28	0	0	0	0	0	0	0	0	0	0	0	0	0	0	
1601.801283	8	6	3	0	2	7	1	3599	-1349	49	96102	19	10	30	0	0	0	0	0	0	0	0	0	0	0	0	0	0	
1602.787683	8	6	3	0	2	7	1	3588	-1350	49	96161	19	10	31	0	0	0	0	0	0	0	0	0	0	0	0	0	0	
1603.794233	8	6	3	0	2	7	1	3577	-1350	49	96221	19	10	33	0	0	0	0	0	0	0	0	0	0	0	0	0	0	
1604.799367	8	6	3	0	2	7	1	3567	-1349	49	96281	19	10	35	0	0	0	0	0	0	0	0	0	0	0	0	0	0	
1605.785767	8	6	3	0	2	7	1	3556	-1348	49	96341	19	10	36	0	0	0	0	0	0	0	0	0	0	0	0	0	0	
1606.790883	8	6	3	0	2	7	1	3546	-1349	49	96401	19	10	38	0	0	0	0	0	0	0	0	0	0	0	0	0	0	
1607.797433	8	6	3	0	2	7	1	3536	-1349	49	96461	19	10	40	0	0	0	0	0	0	0	0	0	0	0	0	0	0	
1608.802567	8	6	3	0	2	7	1	3526	-1350	49	96522	19	10	41	0	0	0	0	0	0	0	0	0	0	0	0	0	0	
1609.788967	8	6	3	0	2	7	1	3517	-1349	49	96581	19	10	43	0	0	0	0	0	0	0	0	0	0	0	0	0	0	
1610.794083	8	6	3	0	2	7	1	3508	-1351	49	96641	19	10	45	0	0	0	0	0	0	0	0	0	0	0	0	0	0	
1611.800633	8	6	3	0	2	7	1	3500	-1350	49	96701	19	10	46	0	0	0	0	0	0	0	0	0	0	0	0	0	0	
1612.787033	8	6	3	0	2	7	1	3492	-1348	49	96761	19	10	48	0	0	0	0	0	0	0	0	0	0	0	0	0	0	
1613.792167	8	6	3	0	2	7	1	3484	-1351	49	96821	19	10	50	0	0	0	0	0	0	0	0	0	0	0	0	0	0	
1614.797283	8	6	3	0	2	7	1	3476	-1350	49	96881	19	10	51	0	0	0	0	0	0	0	0	0	0	0	0	0	0	
1615.802400	8	6	3	0	2	7	1	3469	-1349	49	96942	19	10	53	0	0	0	0	0	0	0	0	0	0	0	0	0	0	
1616.788800	8	6	3	0	2	7	1	3461	-1349	49	97001	19	10	54	0	0	0	0	0	0	0	0	0	0	0	0	0	0	
1617.795367	8	6	3	0	2	7	1	3455	-1350	49	97061	19	10	56	0	0	0	0	0	0	0	0	0	0	0	0	0	0	
1618.800483	8	6	3	0	2	7	1	3448	-1349	49	97121	19	10	58	0	0	0	0	0	0	0	0	0	0	0	0	0	0	
1619.786883	8	6	3	0	2	7	1	3440	-1351	49	97181	19	10	59	0	0	0	0	0	0	0	0	0	0	0	0	0	0	
1620.792000	8	6	3	0	2	7	1	3434	-1349	49	97241	19	10	61	0	0	0	0	0	0	0	0	0	0	0	0	0	0	
1621.797117	8	6	3	0	2	7	1	3426	-1350	49	97301	19	10	63	0	0	0	0	0	0	0	0	0	0	0	0	0	0	
1622.802233	8	6	3	0	2	7	1	3419	-1349	49	97362	19	10	64	0	0	0	0	0	0	0	0	0	0	0	0	0	0	
1623.788633	8	6	3	0	2	7	1	3411	-1350	49	97421	19	10	66	0	0	0	0	0	0	0	0	0	0	0	0	0	0	
1624.793767	8	6	3	0	2	7	1	3403	-1350	49	97481	19	10	68	0	0	0	0	0	0	0	0	0	0	0	0	0	0	
1625.800317	8	6	3	0	2	7	1	3394	-1349	49	97541	19	10	69	0	0	0	0	0	0	0	0	0	0	0	0	0	0	
1626.805433	8	6	3	0	2	7	1	3384	-1350	49	97602	19	10	71	0	0	0	0	0	0	0	0	0	0	0	0	0	0	
1627.791833	8	6	3	0	2	7	1	3372	-1347	49	97661	19	10	73	0	0	0	0	0	0	0	0	0	0	0	0	0	0	
1628.796967	8	6	3	0	2	7	1	3359	-1349	49	97721	19	10	74	0	0	0	0	0	0	0	0	0	0	0	0	0	0	
1629.802083	8	6	3	0	2	7	1	3343	-1350	49	97782	19	10	76	0	0	0	0	0	0	0	0	0	0	0	0	0	0	
1630.789917	8	6	3	0	2	7	1	3326	-1350	49	97841	19	10	78	0	0	0	0	0	0	0	0	0	0	0	0	0	0	
1631.795033	8	6	3	0	2	7	1	3303	-1349	49	97901	19	10	79	0	0	0	0	0	0	0	0	0	0	0	0	0	0	
1632.800167	8	6	3	0	2	7	1	3271	-1349	49	97961	19	10	81	0	0	0	0	0	0	0	0	0	0	0	0	0	0	
1633.805283	8	6	3	0	2	7	1	3216	-1350	49	98022	19	10	83	0	0	0	0	0	0	0	0	0	0	0	0	0	0	
1634.791683	8	6	3	0	2	7	1	3112	-1349	49	98081	19	10	84	0	0	0	0	0	0	0	0	0	0	0	0	0	0	
1635.798233	8	6	3	0	2	7	1	2885	-1348	49	98141	19	10	86	0	0	0	0	0	0	0	0	0	0	0	0	0	0	
1636.181283	8	15	3	0	1	31	2	2940	64	49	98164	20	10	87	0	0	0	0	0	0	0	0	0	0	0	0	0	0	
1636.201433	8	4	3	0	1	3	2	2969	67	49	98165	20	10	87	0	0	0	0	0	0	0	0	0	0	0	0	0	0	
1636.241767	8	3	3	0	1	2	2	3040	221	49	98168	21	10	87	0	0	0	0	0	0	0	0	0	0	0	0	0	0	
1636.788967	8	3	3	0	1	2	2	3397	674	49	98201	21	10	87	0	0	0	0	0	0	0	0	0	0	0	0	0	0	
1637.794083	8	3	3	0	1	2	2	3549	675	49	98261	21	10	87	0	0	0	0	0	0	0	0	0	0	0	0	0	0	
1638.799200	8	3	3	0	1	2	2	3633	675	49	98321	21	10	87	0	0	0	0	0	0	0	0	0	0	0	0	0	0	
1639.805767	8	3	3	0	1	2	2	3694	673	49	98382	21	10	87	0	0	0	0	0	0	0	0	0	0	0	0	0	0	
1640.792167	8	3	3	0	1	2	2	3739	674	49	98441	21	10	87	0	0	0	0	0	0	0	0	0	0	0	0	0	0	
1641.797283	8	3	3	0	1	2	2	3776	674	49	98501	21	10	87	0	0	0	0	0	0	0	0	0	0	0	0	0	0	
1642.802400	8	3	3	0	1	2	2	3801	675	49	98561	21	10	87	0	0	0	0	0	0	0	0	0	0	0	0	0	0	
1643.788800	8	3	3	0	1	2	2	3813	676	49	98621	21	10	87	0	0	0	0	0	0	0	0	0	0	0	0	0	0	
1644.793917	8	3	3	0	1	2	2	3821	675	49	98681	21	10	87	0	0	0	0	0	0	0	0	0	0	0	0	0	0	
1645.799033	8	3	3	0	1	2	2	3827	675	49	98741	21	10	87	0	0	0	0	0	0	0	0	0	0	0	0	0	0	
1646.804167	8	3	3	0	1	2	2	3833	676	49	98802	21	10	87	0	0	0	0	0	0	0	0	0	0	0	0	0	0	
1647.792000	8	3	3	0	1	2	2	3839	675	49	98861	21	10	87	0	0	0	0	0	0	0	0	0	0	0	0	0	0	
1648.797117	8	3	3	0	1	2	2	3844	675	49	98921	21	10	87	0	0	0	0	0	0	0	0	0	0	0	0	0	0	
1649.802233	8	3	3	0	1	2	2	3850	676	49	98981	21	10	87	0	0	0	0	0	0	0	0	0	0	0	0	0	0	
1650.807367	8	3	3	0	1	2	2	3855	674	49	99042	21	10	87	0	0	0	0	0	0	0	0	0	0	0	0	0	0	
1651.795200	8	3	3	0	1	2	2	3861	676	49	99101	21	10	87	0	0	0	0	0	0	0	0	0	0	0	0	0	0	
1652.800317	8	3	3	0	1	2	2	3867	674	49	99161	21	10	87	0	0	0	0	0	0	0	0	0	0	0	0	0	0	
1653.805433	8	3	3	0	1	2	2	3874	675	49	99222	21	10	87	0	0	0	0	0	0	0	0	0	0	0	0	0	0	
1654.793283	8	3	3	0	1	2	2	3880	674	48	99281	21	10	87	0	0	0	0	0	0	0	0	0	0	0	0	0	0	
1655.798400	8	3	3	0	1	2	2	3886	675	49	99341	21	10	87	0	0	0	0	0	0	0	0	0	0	0	0	0	0	
1656.803517	8	3	3	0	1	2	2	3893	674	49	99401	21	10	87	0	0	0	0	0	0	0	0	0	0	0	0	0	0	
1657.789917	8	3	3	0	1	2	2	3898	675	49	99461	21	10	87	0	0	0	0	0	0	0	0	0	0	0	0	0	0	
1658.795033	8	3	3	0	1	2	2	3904	675	49	99521	21	10	87	0	0	0	0	0	0	0	0	0	0	0	0	0	0	
1659.800167	8	3	3	0	1	2	2	3910	676	49	99581	21	10	87	0	0	0	0	0	0	0	0	0	0	0	0	0	0	
1660.805283	8	3	3	0	1	2	2	3915	673	49	99642	21	10	87	0	0	0	0	0	0	0	0	0	0	0	0	0	0	
1661.791683	8	3	3	0	1	2	2	3920	674	49	99701	21	10	87	0	0	0	0	0	0	0	0	0	0	0	0	0	0	
1662.798233	8	3	3	0	1	2	2	3924	676	49	99761	21	10	87	0	0	0	0	0	0	0	0	0	0	0	0	0	0	
1663.803367	8	3	3	0	1	2	2	3928	675	49	99821	21	10	87	0	0	0	0	0	0	0	0	0	0	0	0	0	0	
1664.808483	8	3	3	0	1	2	2	3932	675	49	99882	21	10	87	0	0	0	0	0	0	0	0	0	0	0	0	0	0	
1665.794883	8	3	3	0	1	2	2	3936	673	49	99941	21	10	87	0	0	0	0	0	0	0	0	0	0	0	0	0	0	
1666.800000	8	3	3	0	1	2	2	3940	675	49	100001	21	10	87	0	0	0	0	0	0	0	0	0	0	0	0	0	0	
1667.805117	8	3	3	0	1	2	2	3943	675	49	100062	21	10	87	0	0	0	0	0	0	0	0	0	0	0	0	0	0	
1668.791517	8	3	3	0	1	2	2	3946	675	49	100121	21	10	87	0	0	0	0	0	0	0	0	0	0	0	0	0	0	
1669.796633	8	3	3	0	1	2	2	3950	675	49	100181	21	10	87	0	0	0	0	0	0	0	0	0	0	0	0	0	0	
1670.803200	8	3	3	0	1	2	2	3953	675	49	100241	21	10	87	0	0	0	0	0	0	0	0	0	0	0	0	0	0	
1671.808317	8	3	3	0	1	2	2	3956	674	49	100302	21	10	87	0	0	0	0	0	0	0	0	0	0	0	0	0	0	
1672.794717	8	3	3	0	1	2	2	3959	674	49	100361	21	10	87	0	0	0	0	0	0	0	0	0	0	0	0	0	0	
1673.799833	8	3	3	0	1	2	2	3963	676	49	100421	21	10	87	0	0	0	0	0	0	0	0	0	0	0	0	0	0	
1674.804967	8	3	3	0	1	2	2	3966	674	48	100481	21	10	87	0	0	0	0	0	0	0	0	0	0	0	0	0	0	
1675.791367	8	3	3	0	1	2	2	3969	674	49	100541	21	10	87	0	0	0	0	0	0	0	0	0	0	0	0	0	0	
1676.796483	8	3	3	0	1	2	2	3973	674	49	100601	21	10	87	0	0	0	0	0	0	0	0	0	0	0	0	0	0	
1677.801600	8	3	3	0	1	2	2	3976	674	49	100661	21	10	87	0	0	0	0	0	0	0	0	0	0	0	0	0	0	
1678.808167	8	3	3	0	1	2	2	3980	674	49	100722	21	10	87	0	0	0	0	0	0	0	0	0	0	0	0	0	0	
1679.794567	8	3	3	0	1	2	2	3983	674	49	100781	21	10	87	0	0	0	0	0	0	0	0	0	0	0	0	0	0	
1680.802567	8	3	3	0	1	2	2	3987	674	49	100841	21	10	87	0	0	0	0	0	0	0	0	0	0	0	0	0	0	
1681.807683	8	3	3	0	1	2	2	3991	674	49	100902	21	10	87	0	0	0	0	0	0	0	0	0	0	0	0	0	0	
1682.794083	8	3	3	0	1	2	2	3995	675	49	100961	21	10	87	0	0	0	0	0	0	0	0	0	0	0	0	0	0	
1683.799200	8	3	3	0	1	2	2	3998	675	49	101021	21	10	87	0	0	0	0	0	0	0	0	0	0	0	0	0	0	
1684.805767	8	3	3	0	1	2	2	4002	675	49	101081	21	10	87	0	0	0	0	0	0	0	0	0	0	0	0	0	0	
1685.792167	8	3	3	0	1	2	2	4006	675	49	101141	21	10	87	0	0	0	0	0	0	0	0	0	0	0	0	0	0	
1686.797283	8	3	3	0	1	2	2	4010	674	49	101201	21	10	87	0	0	0	0	0	0	0	0	0	0	0	0	0	0	
1687.802400	8	3	3	0	1	2	2	4014	674	49	101261	21	10	87	0	0	0	0	0	0	0	0	0	0	0	0	0	0	
1688.807517	8	3	3	0	1	2	2	4019	675	49	101322	21	10	87	0	0	0	0	0	0	0	0	0	0	0	0	0	0	
1689.793917	8	3	3	0	1	2	2	4023	675	49	101381	21	10	87	0	0	0	0	0	0	0	0	0	0	0	0	0	0	
1690.799033	8	3	3	0	1	2	2	4027	674	49	101441	21	10	87	0	0	0	0	0	0	0	0	0	0	0	0	0	0	
1691.805600	8	3	3	0	1	2	2	4032	675	49	101501	21	10	87	0	0	0	0	0	0	0	0	0	0	0	0	0	0	
1692.810717	8	3	3	0	1	2	2	4036	674	49	101562	21	10	87	0	0	0	0	0	0	0	0	0	0	0	0	0	0	
1693.797117	8	3	3	0	1	2	2	4040	674	49	101621	21	10	87	0	0	0	0	0	0	0	0	0	0	0	0	0	0	
1694.802233	8	3	3	0	1	2	2	4045	674	49	101681	21	10	87	0	0	0	0	0	0	0	0	0	0	0	0	0	0	
1695.807367	8	3	3	0	1	2	2	4050	675	49	101742	21	10	87	0	0	0	0	0	0	0	0	0	0	0	0	0	0	
1696.793767	8	3	3	0	1	2	2	4055	676	49	101801	21	10	87	0	0	0	0	0	0	0	0	0	0	0	0	0	0	
1697.800317	8	3	3	0	1	2	2	4060	674	49	101861	21	10	87	0	0	0	0	0	0	0	0	0	0	0	0	0	0	
1698.805433	8	3	3	0	1	2	2	4065	674	49	101921	21	10	87	0	0	0	0	0	0	0	0	0	0	0	0	0	0	
1699.810567	8	3	3	0	1	2	2	4070	674	49	101982	21	10	87	0	0	0	0	0	0	0	0	0	0	0	0	0	0	
1700.796967	8	3	3	0	1	2	2	4075	674	49	102041	21	10	87	0	0	0	0	0	0	0	0	0	0	0	0	0	0	
1701.802083	8	3	3	0	1	2	2	4080	675	49	102101	21	10	87	0	0	0	0	0	0	0	0	0	0	0	0	0	0	
1702.807200	8	3	3	0	1	2	2	4086	674	49	102161	21	10	87	0	0	0	0	0	0	0	0	0	0	0	0	0	0	
1703.793600	8	3	3	0	1	2	2	4091	674	49	102221	21	10	87	0	0	0	0	0	0	0	0	0	0	0	0	0	0	
1704.800167	8	3	3	0	1	2	2	4096	674	49	102281	21	10	87	0	0	0	0	0	0	0	0	0	0	0	0	0	0	
1705.805283	8	3	3	0	1	2	2	4102	674	49	102341	21	10	87	0	0	0	0	0	0	0	0	0	0	0	0	0	0	
1706.810400	8	3	3	0	1	2	2	4108	675	49	102402	21	10	87	0	0	0	0	0	0	0	0	0	0	0	0	0	0	
1707.796800	8	3	3	0	1	2	2	4113	674	49	102461	21	10	87	0	0	0	0	0	0	0	0	0	0	0	0	0	0	
1708.801917	8	3	3	0	1	2	2	4118	667	49	102521	21	10	87	0	0	0	0	0	0	0	0	0	0	0	0	0	0	
1709.807033	8	3	3	0	1	2	2	4123	664	49	102581	21	10	87	0	0	0	0	0	0	0	0	0	0	0	0	0	0	
1710.793433	8	3	3	0	1	2	2	4129	666	49	102641	21	10	87	0	0	0	0	0	0	0	0	0	0	0	0	0	0	
1711.798567	8	3	3	0	1	2	2	4135	664	49	102701	21	10	87	0	0	0	0	0	0	0	0	0	0	0	0	0	0	
1712.808000	8	3	3	0	1	2	2	4141	663	49	102761	21	10	87	0	0	0	0	0	0	0	0	0	0	0	0	0	0	
1713.794400	8	3	3	0	1	2	2	4147	662	49	102821	21	10	87	0	0	0	0	0	0	0	0	0	0	0	0	0	0	
1714.799517	8	3	3	0	1	2	2	4153	661	49	102881	21	10	87	0	0	0	0	0	0	0	0	0	0	0	0	0	0	
1715.804633	8	3	3	0	1	2	2	4159	660	49	102941	21	10	87	0	0	0	0	0	0	0	0	0	0	0	0	0	0	
1716.809767	8	3	3	0	1	2	2	4165	659	49	103002	21	10	87	0	0	0	0	0	0	0	0	0	0	0	0	0	0	
1717.796167	8	3	3	0	1	2	2	4171	659	49	103061	21	10	87	0	0	0	0	0	0	0	0	0	0	0	0	0	0	
1718.801283	8	3	3	0	1	2	2	4178	658	49	103121	21	10	87	0	0	0	0	0	0	0	0	0	0	0	0	0	0	
1719.807833	8	3	3	0	1	2	2	4185	657	49	103181	21	10	87	0	0	0	0	0	0	0	0	0	0	0	0	0	0	
1720.812967	8	3	3	0	1	2	2	4191	657	49	103242	21	10	87	0	0	0	0	0	0	0	0	0	0	0	0	0	0	
1721.799367	8	3	3	0	1	2	2	4198	656	49	103301	21	10	87	0	0	0	0	0	0	0	0	0	0	0	0	0	0	
1722.804483	8	3	3	0	1	2	2	4199	630	49	103361	21	10	87	0	0	0	0	0	0	0	0	0	0	0	0	0	0	
1723.809600	8	3	3	0	1	2	2	4198	601	49	103422	21	10	87	0	0	0	0	0	0	0	0	0	0	0	0	0	0	
1724.796000	8	3	3	0	1	2	2	4198	576	49	103481	21	10	87	0	0	0	0	0	0	0	0	0	0	0	0	0	0	
1725.801117	8	3	3	0	1	2	2	4198	551	49	103541	21	10	87	0	0	0	0	0	0	0	0	0	0	0	0	0	0	
1726.806233	8	3	3	0	1	2	2	4198	527	49	103601	21	10	87	0	0	0	0	0	0	0	0	0	0	0	0	0	0	
1727.812800	8	3	3	0	1	2	2	4198	504	49	103662	21	10	87	0	0	0	0	0	0	0	0	0	0	0	0	0	0	
1728.799200	8	3	3	0	1	2	2	4199	483	49	103721	21	10	87	0	0	0	0	0	0	0	0	0	0	0	0	0	0	
1729.804317	8	3	3	0	1	2	2	4198	462	49	103781	21	10	87	0	0	0	0	0	0	0	0	0	0	0	0	0	0	
1730.809433	8	3	3	0	1	2	2	4198	441	49	103841	21	10	87	0	0	0	0	0	0	0	0	0	0	0	0	0	0	
1731.795833	8	3	3	0	1	2	2	4199	421	49	103901	21	10	87	0	0	0	0	0	0	0	0	0	0	0	0	0	0	
1732.800967	8	3	3	0	1	2	2	4199	401	49	103961	21	10	87	0	0	0	0	0	0	0	0	0	0	0	0	0	0	
1733.806083	8	3	3	0	1	2	2	4198	380	49	104021	21	10	87	0	0	0	0	0	0	0	0	0	0	0	0	0	0	
1734.811200	8	3	3	0	1	2	2	4198	355	49	104082	21	10	87	0	0	0	0	0	0	0	0	0	0	0	0	0	0	
1735.797600	8	3	3	0	1	2	2	4198	338	49	104141	21	10	87	0	0	0	0	0	0	0	0	0	0	0	0	0	0	
1736.802717	8	3	3	0	1	2	2	4199	325	49	104201	21	10	87	0	0	0	0	0	0	0	0	0	0	0	0	0	0	
1737.807833	8	3	3	0	1	2	2	4199	312	49	104261	21	10	87	0	0	0	0	0	0	0	0	0	0	0	0	0	0	
1738.814400	8	3	3	0	1	2	2	4199	299	49	104322	21	10	87	0	0	0	0	0	0	0	0	0	0	0	0	0	0	
1739.800800	8	3	3	0	1	2	2	4198	287	49	104381	21	10	87	0	0	0	0	0	0	0	0	0	0	0	0	0	0	
1740.805917	8	3	3	0	1	2	2	4199	275	49	104441	21	10	87	0	0	0	0	0	0	0	0	0	0	0	0	0	0	
1741.811033	8	3	3	0	1	2	2	4199	263	49	104502	21	10	87	0	0	0	0	0	0	0	0	0	0	0	0	0	0	
1742.797433	8	3	3	0	1	2	2	4199	252	49	104561	21	10	87	0	0	0	0	0	0	0	0	0	0	0	0	0	0	
1743.802567	8	3	3	0	1	2	2	4199	241	49	104621	21	10	87	0	0	0	0	0	0	0	0	0	0	0	0	0	0	
1744.807683	8	3	3	0	1	2	2	4199	231	49	104681	21	10	87	0	0	0	0	0	0	0	0	0	0	0	0	0	0	
1745.812800	8	3	3	0	1	2	2	4198	221	49	104742	21	10	87	0	0	0	0	0	0	0	0	0	0	0	0	0	0	
1746.799200	8	3	3	0	1	2	2	4198	210	49	104801	21	10	87	0	0	0	0	0	0	0	0	0	0	0	0	0	0	
1747.804317	8	3	3	0	1	2	2	4198	201	49	104861	21	10	87	0	0	0	0	0	0	0	0	0	0	0	0	0	0	
1748.809433	8	3	3	0	1	2	2	4198	192	49	104921	21	10	87	0	0	0	0	0	0	0	0	0	0	0	0	0	0	
1749.795833	8	3	3	0	1	2	2	4199	186	49	104981	21	10	87	0	0	0	0	0	0	0	0	0	0	0	0	0	0	
1750.802400	8	3	3	0	1	2	2	4199	178	49	105041	21	10	87	0	0	0	0	0	0	0	0	0	0	0	0	0	0	
1751.807517	8	3	3	0	1	2	2	4199	170	49	105101	21	10	87	0	0	0	0	0	0	0	0	0	0	0	0	0	0	
1752.812633	8	3	3	0	1	2	2	4199	164	49	105162	21	10	87	0	0	0	0	0	0	0	0	0	0	0	0	0	0	
1753.799033	8	3	3	0	1	2	2	4199	157	49	105221	21	10	87	0	0	0	0	0	0	0	0	0	0	0	0	0	0	
1754.804167	8	3	3	0	1	2	2	4198	150	49	105281	21	10	87	0	0	0	0	0	0	0	0	0	0	0	0	0	0	
1755.809283	8	3	3	0	1	2	2	4198	144	49	105341	21	10	87	0	0	0	0	0	0	0	0	0	0	0	0	0	0	
1756.814400	8	3	3	0	1	2	2	4199	138	49	105402	21	10	87	0	0	0	0	0	0	0	0	0	0	0	0	0	0	
1757.800800	8	3	3	0	1	2	2	4199	133	49	105461	21	10	87	0	0	0	0	0	0	0	0	0	0	0	0	0	0	
1758.807367	8	3	3	0	1	2	2	4199	128	49	105521	21	10	87	0	0	0	0	0	0	0	0	0	0	0	0	0	0	
1759.812483	8	3	3	0	1	2	2	4198	123	49	105581	21	10	87	0	0	0	0	0	0	0	0	0	0	0	0	0	0	
1760.798883	8	3	3	0	1	2	2	4198	118	49	105641	21	10	87	0	0	0	0	0	0	0	0	0	0	0	0	0	0	
1761.804000	8	3	3	0	1	2	2	4199	114	49	105701	21	10	87	0	0	0	0	0	0	0	0	0	0	0	0	0	0	
1762.809117	8	3	3	0	1	2	2	4198	109	49	105761	21	10	87	0	0	0	0	0	0	0	0	0	0	0	0	0	0	
1763.798400	8	3	3	0	1	2	2	4198	104	49	105821	21	10	87	0	0	0	0	0	0	0	0	0	0	0	0	0	0	
1764.804967	8	3	3	0	1	2	2	4198	100	49	105881	21	10	87	0	0	0	0	0	0	0	0	0	0	0	0	0	0	
1765.810083	8	3	3	0	1	2	2	4198	97	49	105941	21	10	87	0	0	0	0	0	0	0	0	0	0	0	0	0	0	
1766.815200	8	3	3	0	1	2	2	4198	93	49	106002	21	10	87	0	0	0	0	0	0	0	0	0	0	0	0	0	0	
1767.801600	8	3	3	0	1	2	2	4199	90	49	106061	21	10	87	0	0	0	0	0	0	0	0	0	0	0	0	0	0	
1768.806717	8	3	3	0	1	2	2	4198	85	49	106121	21	10	87	0	0	0	0	0	0	0	0	0	0	0	0	0	0	
1769.811833	8	3	3	0	1	2	2	4199	83	49	106181	21	10	87	0	0	0	0	0	0	0	0	0	0	0	0	0	0	
1770.798233	8	3	3	0	1	2	2	4198	79	49	106241	21	10	87	0	0	0	0	0	0	0	0	0	0	0	0	0	0	
1771.803367	8	3	3	0	1	2	2	4198	77	49	106301	21	10	87	0	0	0	0	0	0	0	0	0	0	0	0	0	0	
1772.809917	8	3	3	0	1	2	2	4199	74	49	106361	21	10	87	0	0	0	0	0	0	0	0	0	0	0	0	0	0	
1773.815033	8	3	3	0	1	2	2	4199	71	49	106422	21	10	87	0	0	0	0	0	0	0	0	0	0	0	0	0	0	
1774.801433	8	3	3	0	1	2	2	4198	70	49	106481	21	10	87	0	0	0	0	0	0	0	0	0	0	0	0	0	0	
1775.806567	8	3	3	0	1	2	2	4198	67	49	106541	21	10	87	0	0	0	0	0	0	0	0	0	0	0	0	0	0	
1775.907367	8	6	3	0	2	7	1	3836	-1349	49	106547	21	11	0	0	0	0	0	0	0	0	0	0	0	0	0	0	0	
1776.813117	8	6	3	0	2	7	1	3775	-1348	49	106602	21	11	1	0	0	0	0	0	0	0	0	0	0	0	0	0	0	
1777.799517	8	6	3	0	2	7	1	3759	-1350	49	106661	21	11	3	0	0	0	0	0	0	0	0	0	0	0	0	0	0	
1778.806083	8	6	3	0	2	7	1	3753	-1350	49	106721	21	11	4	0	0	0	0	0	0	0	0	0	0	0	0	0	0	
1779.811200	8	6	3	0	2	7	1	3724	-1351	49	106781	21	11	6	0	0	0	0	0	0	0	0	0	0	0	0	0	0	
1780.816317	8	6	3	0	2	7	1	3681	-1350	49	106842	21	11	8	0	0	0	0	0	0	0	0	0	0	0	0	0	0	
1781.802717	8	6	3	0	2	7	1	3703	-1349	49	106901	21	11	9	0	0	0	0	0	0	0	0	0	0	0	0	0	0	
1782.807833	8	6	3	0	2	7	1	3718	-1350	49	106961	21	11	11	0	0	0	0	0	0	0	0	0	0	0	0	0	0	
1783.812967	8	6	3	0	2	7	1	3657	-1351	49	107021	21	11	12	0	0	0	0	0	0	0	0	0	0	0	0	0	0	
1784.799367	8	6	3	0	2	7	1	3707	-1350	49	107081	21	11	14	0	0	0	0	0	0	0	0	0	0	0	0	0	0	
1785.805917	8	6	3	0	2	7	1	3690	-1349	49	107141	21	11	16	0	0	0	0	0	0	0	0	0	0	0	0	0	0	
1786.811033	8	6	3	0	2	7	1	3673	-1350	49	107201	21	11	17	0	0	0	0	0	0	0	0	0	0	0	0	0	0	
1787.816167	8	6	3	0	2	7	1	3657	-1349	49	107262	21	11	19	0	0	0	0	0	0	0	0	0	0	0	0	0	0	
1788.802567	8	6	3	0	2	7	1	3641	-1349	49	107321	21	11	21	0	0	0	0	0	0	0	0	0	0	0	0	0	0	
1789.807683	8	6	3	0	2	7	1	3627	-1350	49	107381	21	11	22	0	0	0	0	0	0	0	0	0	0	0	0	0	0	
1790.812800	8	6	3	0	2	7	1	3611	-1349	49	107441	21	11	24	0	0	0	0	0	0	0	0	0	0	0	0	0	0	
1791.799200	8	6	3	0	2	7	1	3596	-1350	49	107501	21	11	26	0	0	0	0	0	0	0	0	0	0	0	0	0	0	
1792.805767	8	6	3	0	2	7	1	3581	-1350	49	107561	21	11	27	0	0	0	0	0	0	0	0	0	0	0	0	0	0	
1793.810883	8	6	3	0	2	7	1	3565	-1349	49	107621	21	11	29	0	0	0	0	0	0	0	0	0	0	0	0	0	0	
1794.816000	8	6	3	0	2	7	1	3549	-1350	49	107682	21	11	31	0	0	0	0	0	0	0	0	0	0	0	0	0	0	
1795.802400	8	6	3	0	2	7	1	3531	-1350	49	107741	21	11	32	0	0	0	0	0	0	0	0	0	0	0	0	0	0	
1796.807517	8	6	3	0	2	7	1	3512	-1349	49	107801	21	11	34	0	0	0	0	0	0	0	0	0	0	0	0	0	0	
1797.814083	8	6	3	0	2	7	1	3490	-1349	49	107861	21	11	36	0	0	0	0	0	0	0	0	0	0	0	0	0	0	
1798.801917	8	6	3	0	2	7	1	3468	-1350	49	107921	21	11	37	0	0	0	0	0	0	0	0	0	0	0	0	0	0	
1799.807033	8	6	3	0	2	7	1	3352	-1349	49	107981	21	11	39	0	0	0	0	0	0	0	0	0	0	0	0	0	0	
1800.812167	8	6	3	0	2	7	1	3511	-1350	49	108041	21	11	41	0	0	0	0	0	0	0	0	0	0	0	0	0	0	
1801.817283	8	6	3	0	2	7	1	3501	-1349	49	108102	21	11	42	0	0	0	0	0	0	0	0	0	0	0	0	0	0	
1802.803683	8	6	3	0	2	7	1	3492	-1349	49	108161	21	11	44	0	0	0	0	0	0	0	0	0	0	0	0	0	0	
1803.808800	8	6	3	0	2	7	1	3484	-1349	49	108221	21	11	46	0	0	0	0	0	0	0	0	0	0	0	0	0	0	
1804.815367	8	6	3	0	2	7	1	3476	-1349	49	108281	21	11	47	0	0	0	0	0	0	0	0	0	0	0	0	0	0	
1805.801767	8	6	3	0	2	7	1	3469	-1349	49	108341	21	11	49	0	0	0	0	0	0	0	0	0	0	0	0	0	0	
1806.806883	8	6	3	0	2	7	1	3461	-1349	49	108401	21	11	51	0	0	0	0	0	0	0	0	0	0	0	0	0	0	
1807.812000	8	6	3	0	2	7	1	3455	-1348	49	108461	21	11	52	0	0	0	0	0	0	0	0	0	0	0	0	0	0	
1808.817117	8	6	3	0	2	7	1	3448	-1351	49	108522	21	11	54	0	0	0	0	0	0	0	0	0	0	0	0	0	0	
1809.803517	8	6	3	0	2	7	1	3442	-1350	49	108581	21	11	55	0	0	0	0	0	0	0	0	0	0	0	0	0	0	
1810.808633	8	6	3	0	2	7	1	3435	-1350	49	108641	21	11	57	0	0	0	0	0	0	0	0	0	0	0	0	0	0	
1811.813767	8	6	3	0	2	7	1	3428	-1348	49	108701	21	11	59	0	0	0	0	0	0	0	0	0	0	0	0	0	0	
1812.820317	8	6	3	0	2	7	1	3420	-1349	49	108762	21	11	61	0	0	0	0	0	0	0	0	0	0	0	0	0	0	
1813.806717	8	6	3	0	2	7	1	3413	-1349	49	108821	21	11	62	0	0	0	0	0	0	0	0	0	0	0	0	0	0	
1814.811833	8	6	3	0	2	7	1	3405	-1349	49	108881	21	11	64	0	0	0	0	0	0	0	0	0	0	0	0	0	0	
1815.816967	8	6	3	0	2	7	1	3397	-1350	49	108942	21	11	65	0	0	0	0	0	0	0	0	0	0	0	0	0	0	
1816.803367	8	6	3	0	2	7	1	3388	-1351	49	109001	21	11	67	0	0	0	0	0	0	0	0	0	0	0	0	0	0	
1817.808483	8	6	3	0	2	7	1	3379	-1349	49	109061	21	11	69	0	0	0	0	0	0	0	0	0	0	0	0	0	0	
1818.813600	8	6	3	0	2	7	1	3369	-1349	49	109121	21	11	70	0	0	0	0	0	0	0	0	0	0	0	0	0	0	
1819.820167	8	6	3	0	2	7	1	3357	-1350	49	109182	21	11	72	0	0	0	0	0	0	0	0	0	0	0	0	0	0	
1820.806567	8	6	3	0	2	7	1	3344	-1350	49	109241	21	11	74	0	0	0	0	0	0	0	0	0	0	0	0	0	0	
1821.811683	8	6	3	0	2	7	1	3329	-1349	49	109301	21	11	75	0	0	0	0	0	0	0	0	0	0	0	0	0	0	
1822.816800	8	6	3	0	2	7	1	3312	-1349	49	109361	21	11	77	0	0	0	0	0	0	0	0	0	0	0	0	0	0	
1823.803200	8	6	3	0	2	7	1	3290	-1350	49	109421	21	11	79	0	0	0	0	0	0	0	0	0	0	0	0	0	0	
1824.808317	8	6	3	0	2	7	1	3261	-1351	49	109481	21	11	80	0	0	0	0	0	0	0	0	0	0	0	0	0	0	
1825.813433	8	6	3	0	2	7	1	3217	-1348	49	109541	21	11	82	0	0	0	0	0	0	0	0	0	0	0	0	0	0	
1826.818567	8	6	3	0	2	7	1	3132	-1351	49	109602	21	11	84	0	0	0	0	0	0	0	0	0	0	0	0	0	0	
1827.804967	8	6	3	0	2	7	1	2965	-1352	49	109661	21	11	85	0	0	0	0	0	0	0	0	0	0	0	0	0	0	
1828.493283	10	0	5	0	0	15	0	2810	0	49	109702	21	11	87	0	0	0	0	0	0	0	0	0	0	0	0	0	0	
1828.501917	8	15	3	0	0	31	0	2955	0	49	109702	21	11	87	0	0	0	0	0	0	0	0	0	0	0	0	0	0	
