Time	Status code	Status category	Status color	Pgm code	Pgm step	Pgm para	Pgm cycle	mV	mA	Temperature	Duration	Charge count	Discharge count	Capacity	Analog input 1	Analog input 2	Analog input 3	Analog input 4	Digital input 1	Digital input 2	Digital input 3	Digital input 4	Digital output 1	Digital output 2	Digital output 3	Digital output 4	Analog output 1	Analog output 2	
0.000000	8	3	3	0	1	2	2	3835	672	39	63	1	0	0	0	0	0	0	0	0	0	0	0	0	0	0	0	0	
0.983517	8	3	3	0	1	2	2	3849	676	40	122	1	0	0	0	0	0	0	0	0	0	0	0	0	0	0	0	0	
1.985767	8	3	3	0	1	2	2	3858	675	39	182	1	0	0	0	0	0	0	0	0	0	0	0	0	0	0	0	0	
2.995200	8	3	3	0	1	2	2	3865	674	39	242	1	0	0	0	0	0	0	0	0	0	0	0	0	0	0	0	0	
3.985917	8	3	3	0	1	2	2	3872	675	40	302	1	0	0	0	0	0	0	0	0	0	0	0	0	0	0	0	0	
4.999683	8	3	3	0	1	2	2	3877	674	41	363	1	0	0	0	0	0	0	0	0	0	0	0	0	0	0	0	0	
5.987517	8	3	3	0	1	2	2	3882	675	41	422	1	0	0	0	0	0	0	0	0	0	0	0	0	0	0	0	0	
7.001283	8	3	3	0	1	2	2	3886	674	42	483	1	0	0	0	0	0	0	0	0	0	0	0	0	0	0	0	0	
7.992000	8	3	3	0	1	2	2	3890	675	42	542	1	0	0	0	0	0	0	0	0	0	0	0	0	0	0	0	0	
9.001433	8	3	3	0	1	2	2	3894	674	43	603	1	0	0	0	0	0	0	0	0	0	0	0	0	0	0	0	0	
9.992167	8	3	3	0	1	2	2	3899	674	43	662	1	0	0	0	0	0	0	0	0	0	0	0	0	0	0	0	0	
11.001600	8	3	3	0	1	2	2	3902	674	44	723	1	0	0	0	0	0	0	0	0	0	0	0	0	0	0	0	0	
11.996633	8	3	3	0	1	2	2	3906	674	44	782	1	0	0	0	0	0	0	0	0	0	0	0	0	0	0	0	0	
12.990233	8	3	3	0	1	2	2	3909	674	45	842	1	0	0	0	0	0	0	0	0	0	0	0	0	0	0	0	0	
13.991033	8	3	3	0	1	2	2	3913	674	45	902	1	0	0	0	0	0	0	0	0	0	0	0	0	0	0	0	0	
14.991833	8	3	3	0	1	2	2	3917	675	46	962	1	0	0	0	0	0	0	0	0	0	0	0	0	0	0	0	0	
15.992633	8	3	3	0	1	2	2	3921	675	46	1022	1	0	0	0	0	0	0	0	0	0	0	0	0	0	0	0	0	
16.993433	8	3	3	0	1	2	2	3924	675	46	1082	1	0	0	0	0	0	0	0	0	0	0	0	0	0	0	0	0	
17.992800	8	3	3	0	1	2	2	3928	675	47	1142	1	0	0	0	0	0	0	0	0	0	0	0	0	0	0	0	0	
18.997917	8	3	3	0	1	2	2	3932	674	47	1202	1	0	0	0	0	0	0	0	0	0	0	0	0	0	0	0	0	
19.998717	8	3	3	0	1	2	2	3936	675	47	1262	1	0	0	0	0	0	0	0	0	0	0	0	0	0	0	0	0	
20.999517	8	3	3	0	1	2	2	3940	674	47	1322	1	0	0	0	0	0	0	0	0	0	0	0	0	0	0	0	0	
22.000317	8	3	3	0	1	2	2	3944	675	48	1383	1	0	0	0	0	0	0	0	0	0	0	0	0	0	0	0	0	
22.985283	8	3	3	0	1	2	2	3948	674	48	1442	1	0	0	0	0	0	0	0	0	0	0	0	0	0	0	0	0	
23.986083	8	3	3	0	1	2	2	3953	674	48	1502	1	0	0	0	0	0	0	0	0	0	0	0	0	0	0	0	0	
24.986883	8	3	3	0	1	2	2	3957	675	48	1562	1	0	0	0	0	0	0	0	0	0	0	0	0	0	0	0	0	
25.987683	8	3	3	0	1	2	2	3962	674	48	1622	1	0	0	0	0	0	0	0	0	0	0	0	0	0	0	0	0	
26.987033	8	3	3	0	1	2	2	3966	674	48	1682	1	0	0	0	0	0	0	0	0	0	0	0	0	0	0	0	0	
27.992167	8	3	3	0	1	2	2	3971	675	49	1742	1	0	0	0	0	0	0	0	0	0	0	0	0	0	0	0	0	
28.992967	8	3	3	0	1	2	2	3976	675	49	1802	1	0	0	0	0	0	0	0	0	0	0	0	0	0	0	0	0	
29.992317	8	3	3	0	1	2	2	3981	674	49	1862	1	0	0	0	0	0	0	0	0	0	0	0	0	0	0	0	0	
30.993117	8	3	3	0	1	2	2	3986	673	49	1922	1	0	0	0	0	0	0	0	0	0	0	0	0	0	0	0	0	
31.993917	8	3	3	0	1	2	2	3991	674	49	1982	1	0	0	0	0	0	0	0	0	0	0	0	0	0	0	0	0	
32.994717	8	3	3	0	1	2	2	3996	675	49	2042	1	0	0	0	0	0	0	0	0	0	0	0	0	0	0	0	0	
33.998400	8	3	3	0	1	2	2	4002	675	49	2102	1	0	0	0	0	0	0	0	0	0	0	0	0	0	0	0	0	
34.999200	8	3	3	0	1	2	2	4007	675	49	2162	1	0	0	0	0	0	0	0	0	0	0	0	0	0	0	0	0	
36.000000	8	3	3	0	1	2	2	4013	674	50	2222	1	0	0	0	0	0	0	0	0	0	0	0	0	0	0	0	0	
37.000800	8	3	3	0	1	2	2	4018	675	50	2282	1	0	0	0	0	0	0	0	0	0	0	0	0	0	0	0	0	
38.001600	8	3	3	0	1	2	2	4024	675	50	2343	1	0	0	0	0	0	0	0	0	0	0	0	0	0	0	0	0	
38.986567	8	3	3	0	1	2	2	4030	675	50	2402	1	0	0	0	0	0	0	0	0	0	0	0	0	0	0	0	0	
39.987367	8	3	3	0	1	2	2	4035	674	50	2462	1	0	0	0	0	0	0	0	0	0	0	0	0	0	0	0	0	
40.988167	8	3	3	0	1	2	2	4042	675	50	2522	1	0	0	0	0	0	0	0	0	0	0	0	0	0	0	0	0	
41.988967	8	3	3	0	1	2	2	4048	675	50	2582	1	0	0	0	0	0	0	0	0	0	0	0	0	0	0	0	0	
42.988317	8	3	3	0	1	2	2	4054	675	50	2642	1	0	0	0	0	0	0	0	0	0	0	0	0	0	0	0	0	
43.993433	8	3	3	0	1	2	2	4060	674	50	2702	1	0	0	0	0	0	0	0	0	0	0	0	0	0	0	0	0	
44.994233	8	3	3	0	1	2	2	4067	674	50	2762	1	0	0	0	0	0	0	0	0	0	0	0	0	0	0	0	0	
45.995033	8	3	3	0	1	2	2	4073	675	50	2822	1	0	0	0	0	0	0	0	0	0	0	0	0	0	0	0	0	
46.994400	8	3	3	0	1	2	2	4080	675	50	2882	1	0	0	0	0	0	0	0	0	0	0	0	0	0	0	0	0	
47.995200	8	3	3	0	1	2	2	4086	675	50	2942	1	0	0	0	0	0	0	0	0	0	0	0	0	0	0	0	0	
49.000317	8	3	3	0	1	2	2	4093	674	50	3002	1	0	0	0	0	0	0	0	0	0	0	0	0	0	0	0	0	
49.999683	8	3	3	0	1	2	2	4100	675	50	3062	1	0	0	0	0	0	0	0	0	0	0	0	0	0	0	0	0	
51.000483	8	3	3	0	1	2	2	4107	674	50	3122	1	0	0	0	0	0	0	0	0	0	0	0	0	0	0	0	0	
52.001283	8	3	3	0	1	2	2	4115	675	50	3182	1	0	0	0	0	0	0	0	0	0	0	0	0	0	0	0	0	
53.002083	8	3	3	0	1	2	2	4121	669	50	3242	1	0	0	0	0	0	0	0	0	0	0	0	0	0	0	0	0	
54.002883	8	3	3	0	1	2	2	4128	666	50	3303	1	0	0	0	0	0	0	0	0	0	0	0	0	0	0	0	0	
54.987833	8	3	3	0	1	2	2	4135	666	50	3362	1	0	0	0	0	0	0	0	0	0	0	0	0	0	0	0	0	
55.988633	8	3	3	0	1	2	2	4142	664	50	3422	1	0	0	0	0	0	0	0	0	0	0	0	0	0	0	0	0	
56.989433	8	3	3	0	1	2	2	4149	662	50	3482	1	0	0	0	0	0	0	0	0	0	0	0	0	0	0	0	0	
57.988800	8	3	3	0	1	2	2	4156	661	50	3542	1	0	0	0	0	0	0	0	0	0	0	0	0	0	0	0	0	
58.989600	8	3	3	0	1	2	2	4164	659	50	3602	1	0	0	0	0	0	0	0	0	0	0	0	0	0	0	0	0	
59.994717	8	3	3	0	1	2	2	4171	660	50	3662	1	0	0	0	0	0	0	0	0	0	0	0	0	0	0	0	0	
60.994083	8	3	3	0	1	2	2	4179	658	50	3722	1	0	0	0	0	0	0	0	0	0	0	0	0	0	0	0	0	
61.994883	8	3	3	0	1	2	2	4187	656	50	3782	1	0	0	0	0	0	0	0	0	0	0	0	0	0	0	0	0	
62.995683	8	3	3	0	1	2	2	4194	656	50	3842	1	0	0	0	0	0	0	0	0	0	0	0	0	0	0	0	0	
63.996483	8	3	3	0	1	2	2	4199	625	50	3902	1	0	0	0	0	0	0	0	0	0	0	0	0	0	0	0	0	
64.997283	8	3	3	0	1	2	2	4199	573	50	3962	1	0	0	0	0	0	0	0	0	0	0	0	0	0	0	0	0	
66.000967	8	3	3	0	1	2	2	4198	528	50	4022	1	0	0	0	0	0	0	0	0	0	0	0	0	0	0	0	0	
67.001767	8	3	3	0	1	2	2	4198	488	50	4082	1	0	0	0	0	0	0	0	0	0	0	0	0	0	0	0	0	
68.002567	8	3	3	0	1	2	2	4199	452	50	4142	1	0	0	0	0	0	0	0	0	0	0	0	0	0	0	0	0	
69.003367	8	3	3	0	1	2	2	4199	419	50	4202	1	0	0	0	0	0	0	0	0	0	0	0	0	0	0	0	0	
70.004167	8	3	3	0	1	2	2	4199	389	50	4263	1	0	0	0	0	0	0	0	0	0	0	0	0	0	0	0	0	
70.989117	8	3	3	0	1	2	2	4199	362	50	4322	1	0	0	0	0	0	0	0	0	0	0	0	0	0	0	0	0	
71.989917	8	3	3	0	1	2	2	4198	337	50	4382	1	0	0	0	0	0	0	0	0	0	0	0	0	0	0	0	0	
72.989283	8	3	3	0	1	2	2	4199	314	50	4442	1	0	0	0	0	0	0	0	0	0	0	0	0	0	0	0	0	
73.990083	8	3	3	0	1	2	2	4198	293	50	4502	1	0	0	0	0	0	0	0	0	0	0	0	0	0	0	0	0	
74.990883	8	3	3	0	1	2	2	4199	274	50	4562	1	0	0	0	0	0	0	0	0	0	0	0	0	0	0	0	0	
75.991683	8	3	3	0	1	2	2	4199	256	50	4622	1	0	0	0	0	0	0	0	0	0	0	0	0	0	0	0	0	
76.995367	8	3	3	0	1	2	2	4199	239	50	4682	1	0	0	0	0	0	0	0	0	0	0	0	0	0	0	0	0	
77.996167	8	3	3	0	1	2	2	4198	224	50	4742	1	0	0	0	0	0	0	0	0	0	0	0	0	0	0	0	0	
78.996967	8	3	3	0	1	2	2	4199	209	50	4802	1	0	0	0	0	0	0	0	0	0	0	0	0	0	0	0	0	
79.997767	8	3	3	0	1	2	2	4198	195	50	4862	1	0	0	0	0	0	0	0	0	0	0	0	0	0	0	0	0	
80.998567	8	3	3	0	1	2	2	4199	185	50	4922	1	0	0	0	0	0	0	0	0	0	0	0	0	0	0	0	0	
82.002233	8	3	3	0	1	2	2	4198	173	50	4982	1	0	0	0	0	0	0	0	0	0	0	0	0	0	0	0	0	
83.003033	8	3	3	0	1	2	2	4199	163	50	5042	1	0	0	0	0	0	0	0	0	0	0	0	0	0	0	0	0	
84.003833	8	3	3	0	1	2	2	4198	153	50	5102	1	0	0	0	0	0	0	0	0	0	0	0	0	0	0	0	0	
85.004633	8	3	3	0	1	2	2	4199	144	50	5162	1	0	0	0	0	0	0	0	0	0	0	0	0	0	0	0	0	
86.004000	8	3	3	0	1	2	2	4198	135	50	5223	1	0	0	0	0	0	0	0	0	0	0	0	0	0	0	0	0	
86.990400	8	3	3	0	1	2	2	4199	128	50	5282	1	0	0	0	0	0	0	0	0	0	0	0	0	0	0	0	0	
87.991200	8	3	3	0	1	2	2	4198	122	49	5342	1	0	0	0	0	0	0	0	0	0	0	0	0	0	0	0	0	
88.992000	8	3	3	0	1	2	2	4199	115	49	5402	1	0	0	0	0	0	0	0	0	0	0	0	0	0	0	0	0	
89.991367	8	3	3	0	1	2	2	4199	108	50	5462	1	0	0	0	0	0	0	0	0	0	0	0	0	0	0	0	0	
90.992167	8	3	3	0	1	2	2	4198	103	49	5522	1	0	0	0	0	0	0	0	0	0	0	0	0	0	0	0	0	
91.997283	8	3	3	0	1	2	2	4199	96	50	5582	1	0	0	0	0	0	0	0	0	0	0	0	0	0	0	0	0	
92.998083	8	3	3	0	1	2	2	4198	89	49	5642	1	0	0	0	0	0	0	0	0	0	0	0	0	0	0	0	0	
93.997433	8	3	3	0	1	2	2	4199	88	49	5702	1	0	0	0	0	0	0	0	0	0	0	0	0	0	0	0	0	
94.998233	8	3	3	0	1	2	2	4198	81	49	5762	1	0	0	0	0	0	0	0	0	0	0	0	0	0	0	0	0	
95.999033	8	3	3	0	1	2	2	4198	77	50	5822	1	0	0	0	0	0	0	0	0	0	0	0	0	0	0	0	0	
96.999833	8	3	3	0	1	2	2	4198	73	49	5882	1	0	0	0	0	0	0	0	0	0	0	0	0	0	0	0	0	
98.004967	8	3	3	0	1	2	2	4198	71	49	5942	1	0	0	0	0	0	0	0	0	0	0	0	0	0	0	0	0	
98.892000	8	6	3	0	2	7	1	4128	-729	49	5996	1	1	0	0	0	0	0	0	0	0	0	0	0	0	0	0	0	
99.007200	8	6	3	0	2	7	1	4050	-1351	49	6003	1	1	0	0	0	0	0	0	0	0	0	0	0	0	0	0	0	
99.992167	8	6	3	0	2	7	1	4000	-1350	49	6062	1	1	1	0	0	0	0	0	0	0	0	0	0	0	0	0	0	
100.992967	8	6	3	0	2	7	1	3970	-1350	49	6122	1	1	3	0	0	0	0	0	0	0	0	0	0	0	0	0	0	
101.993767	8	6	3	0	2	7	1	3945	-1350	49	6182	1	1	5	0	0	0	0	0	0	0	0	0	0	0	0	0	0	
102.997433	8	6	3	0	2	7	1	3923	-1348	49	6242	1	1	6	0	0	0	0	0	0	0	0	0	0	0	0	0	0	
103.998233	8	6	3	0	2	7	1	3901	-1349	49	6302	1	1	8	0	0	0	0	0	0	0	0	0	0	0	0	0	0	
104.999033	8	6	3	0	2	7	1	3880	-1350	49	6362	1	1	9	0	0	0	0	0	0	0	0	0	0	0	0	0	0	
105.999833	8	6	3	0	2	7	1	3860	-1350	49	6422	1	1	11	0	0	0	0	0	0	0	0	0	0	0	0	0	0	
106.999200	8	6	3	0	2	7	1	3840	-1350	49	6482	1	1	13	0	0	0	0	0	0	0	0	0	0	0	0	0	0	
108.000000	8	6	3	0	2	7	1	3821	-1351	49	6542	1	1	14	0	0	0	0	0	0	0	0	0	0	0	0	0	0	
109.005117	8	6	3	0	2	7	1	3802	-1349	49	6602	1	1	16	0	0	0	0	0	0	0	0	0	0	0	0	0	0	
110.005917	8	6	3	0	2	7	1	3785	-1350	50	6662	1	1	18	0	0	0	0	0	0	0	0	0	0	0	0	0	0	
111.005283	8	6	3	0	2	7	1	3767	-1349	49	6722	1	1	19	0	0	0	0	0	0	0	0	0	0	0	0	0	0	
112.006083	8	6	3	0	2	7	1	3751	-1348	50	6782	1	1	21	0	0	0	0	0	0	0	0	0	0	0	0	0	0	
112.992483	8	6	3	0	2	7	1	3734	-1349	49	6842	1	1	23	0	0	0	0	0	0	0	0	0	0	0	0	0	0	
113.993283	8	6	3	0	2	7	1	3718	-1349	49	6902	1	1	24	0	0	0	0	0	0	0	0	0	0	0	0	0	0	
114.994083	8	6	3	0	2	7	1	3703	-1348	49	6962	1	1	26	0	0	0	0	0	0	0	0	0	0	0	0	0	0	
115.993433	8	6	3	0	2	7	1	3689	-1349	50	7022	1	1	28	0	0	0	0	0	0	0	0	0	0	0	0	0	0	
116.998567	8	6	3	0	2	7	1	3675	-1350	49	7082	1	1	29	0	0	0	0	0	0	0	0	0	0	0	0	0	0	
117.993600	8	6	3	0	2	7	1	3661	-1351	49	7142	1	1	31	0	0	0	0	0	0	0	0	0	0	0	0	0	0	
119.007367	8	6	3	0	2	7	1	3648	-1350	49	7203	1	1	33	0	0	0	0	0	0	0	0	0	0	0	0	0	0	
120.002400	8	6	3	0	2	7	1	3635	-1349	49	7262	1	1	34	0	0	0	0	0	0	0	0	0	0	0	0	0	0	
120.997433	8	6	3	0	2	7	1	3623	-1348	49	7322	1	1	36	0	0	0	0	0	0	0	0	0	0	0	0	0	0	
121.992483	8	6	3	0	2	7	1	3612	-1349	50	7382	1	1	38	0	0	0	0	0	0	0	0	0	0	0	0	0	0	
123.006233	8	6	3	0	2	7	1	3601	-1349	50	7442	1	1	39	0	0	0	0	0	0	0	0	0	0	0	0	0	0	
124.001283	8	6	3	0	2	7	1	3590	-1350	49	7502	1	1	41	0	0	0	0	0	0	0	0	0	0	0	0	0	0	
124.994883	8	6	3	0	2	7	1	3580	-1350	49	7562	1	1	43	0	0	0	0	0	0	0	0	0	0	0	0	0	0	
126.007200	8	6	3	0	2	7	1	3569	-1350	49	7622	1	1	44	0	0	0	0	0	0	0	0	0	0	0	0	0	0	
127.003683	8	6	3	0	2	7	1	3560	-1350	49	7682	1	1	46	0	0	0	0	0	0	0	0	0	0	0	0	0	0	
127.998717	8	6	3	0	2	7	1	3550	-1349	49	7742	1	1	48	0	0	0	0	0	0	0	0	0	0	0	0	0	0	
128.993767	8	6	3	0	2	7	1	3541	-1349	49	7802	1	1	49	0	0	0	0	0	0	0	0	0	0	0	0	0	0	
130.007517	8	6	3	0	2	7	1	3531	-1350	49	7862	1	1	51	0	0	0	0	0	0	0	0	0	0	0	0	0	0	
131.002567	8	6	3	0	2	7	1	3521	-1352	49	7922	1	1	53	0	0	0	0	0	0	0	0	0	0	0	0	0	0	
131.999033	8	6	3	0	2	7	1	3512	-1351	49	7982	1	1	54	0	0	0	0	0	0	0	0	0	0	0	0	0	0	
132.994083	8	6	3	0	2	7	1	3501	-1350	49	8042	1	1	56	0	0	0	0	0	0	0	0	0	0	0	0	0	0	
134.007833	8	6	3	0	2	7	1	3488	-1348	49	8102	1	1	58	0	0	0	0	0	0	0	0	0	0	0	0	0	0	
135.004317	8	6	3	0	2	7	1	3473	-1350	49	8162	1	1	59	0	0	0	0	0	0	0	0	0	0	0	0	0	0	
135.999367	8	6	3	0	2	7	1	3453	-1350	49	8222	1	1	61	0	0	0	0	0	0	0	0	0	0	0	0	0	0	
136.994400	8	6	3	0	2	7	1	3428	-1350	49	8282	1	1	63	0	0	0	0	0	0	0	0	0	0	0	0	0	0	
138.009600	8	6	3	0	2	7	1	3389	-1351	49	8343	1	1	64	0	0	0	0	0	0	0	0	0	0	0	0	0	0	
139.004633	8	6	3	0	2	7	1	3327	-1351	49	8402	1	1	66	0	0	0	0	0	0	0	0	0	0	0	0	0	0	
139.999683	8	6	3	0	2	7	1	3217	-1350	49	8462	1	1	68	0	0	0	0	0	0	0	0	0	0	0	0	0	0	
140.994717	8	6	3	0	2	7	1	3013	-1351	49	8522	1	1	69	0	0	0	0	0	0	0	0	0	0	0	0	0	0	
141.742083	8	15	3	0	1	31	2	2896	68	49	8567	2	1	70	0	0	0	0	0	0	0	0	0	0	0	0	0	0	
141.763683	8	4	3	0	1	3	2	2955	67	49	8568	2	1	70	0	0	0	0	0	0	0	0	0	0	0	0	0	0	
141.802567	8	3	3	0	1	2	2	3119	676	49	8570	3	1	70	0	0	0	0	0	0	0	0	0	0	0	0	0	0	
141.994083	8	3	3	0	1	2	2	3344	673	49	8582	3	1	70	0	0	0	0	0	0	0	0	0	0	0	0	0	0	
143.007833	8	3	3	0	1	2	2	3608	672	49	8642	3	1	70	0	0	0	0	0	0	0	0	0	0	0	0	0	0	
144.001433	8	3	3	0	1	2	2	3694	674	49	8702	3	1	70	0	0	0	0	0	0	0	0	0	0	0	0	0	0	
144.995033	8	3	3	0	1	2	2	3741	675	49	8762	3	1	70	0	0	0	0	0	0	0	0	0	0	0	0	0	0	
146.008800	8	3	3	0	1	2	2	3765	674	49	8822	3	1	70	0	0	0	0	0	0	0	0	0	0	0	0	0	0	
147.003833	8	3	3	0	1	2	2	3778	673	49	8882	3	1	70	0	0	0	0	0	0	0	0	0	0	0	0	0	0	
147.998883	8	3	3	0	1	2	2	3788	675	49	8942	3	1	70	0	0	0	0	0	0	0	0	0	0	0	0	0	0	
149.012633	8	3	3	0	1	2	2	3796	675	49	9003	3	1	70	0	0	0	0	0	0	0	0	0	0	0	0	0	0	
150.009117	8	3	3	0	1	2	2	3804	675	49	9062	3	1	70	0	0	0	0	0	0	0	0	0	0	0	0	0	0	
151.001283	8	3	3	0	1	2	2	3811	675	49	9122	3	1	70	0	0	0	0	0	0	0	0	0	0	0	0	0	0	
151.994883	8	3	3	0	1	2	2	3819	675	49	9182	3	1	70	0	0	0	0	0	0	0	0	0	0	0	0	0	0	
153.010083	8	3	3	0	1	2	2	3827	675	49	9242	3	1	70	0	0	0	0	0	0	0	0	0	0	0	0	0	0	
154.005117	8	3	3	0	1	2	2	3834	674	49	9302	3	1	70	0	0	0	0	0	0	0	0	0	0	0	0	0	0	
155.000167	8	3	3	0	1	2	2	3842	675	49	9362	3	1	70	0	0	0	0	0	0	0	0	0	0	0	0	0	0	
156.013917	8	3	3	0	1	2	2	3848	675	49	9423	3	1	70	0	0	0	0	0	0	0	0	0	0	0	0	0	0	
157.008967	8	3	3	0	1	2	2	3855	674	49	9482	3	1	70	0	0	0	0	0	0	0	0	0	0	0	0	0	0	
158.002567	8	3	3	0	1	2	2	3862	676	49	9542	3	1	70	0	0	0	0	0	0	0	0	0	0	0	0	0	0	
158.996167	8	3	3	0	1	2	2	3868	675	49	9602	3	1	70	0	0	0	0	0	0	0	0	0	0	0	0	0	0	
160.009917	8	3	3	0	1	2	2	3874	676	49	9662	3	1	70	0	0	0	0	0	0	0	0	0	0	0	0	0	0	
161.004967	8	3	3	0	1	2	2	3879	675	49	9722	3	1	70	0	0	0	0	0	0	0	0	0	0	0	0	0	0	
162.000000	8	3	3	0	1	2	2	3884	675	49	9782	3	1	70	0	0	0	0	0	0	0	0	0	0	0	0	0	0	
163.013767	8	3	3	0	1	2	2	3889	675	49	9843	3	1	70	0	0	0	0	0	0	0	0	0	0	0	0	0	0	
164.007367	8	3	3	0	1	2	2	3894	674	49	9902	3	1	70	0	0	0	0	0	0	0	0	0	0	0	0	0	0	
165.000967	8	3	3	0	1	2	2	3898	675	49	9962	3	1	70	0	0	0	0	0	0	0	0	0	0	0	0	0	0	
165.996000	8	3	3	0	1	2	2	3903	675	49	10022	3	1	70	0	0	0	0	0	0	0	0	0	0	0	0	0	0	
167.009767	8	3	3	0	1	2	2	3907	675	49	10082	3	1	70	0	0	0	0	0	0	0	0	0	0	0	0	0	0	
168.004800	8	3	3	0	1	2	2	3912	675	49	10142	3	1	70	0	0	0	0	0	0	0	0	0	0	0	0	0	0	
168.998400	8	3	3	0	1	2	2	3916	673	49	10202	3	1	70	0	0	0	0	0	0	0	0	0	0	0	0	0	0	
170.010717	8	3	3	0	1	2	2	3921	673	49	10262	3	1	70	0	0	0	0	0	0	0	0	0	0	0	0	0	0	
171.002883	8	3	3	0	1	2	2	3925	674	49	10322	3	1	70	0	0	0	0	0	0	0	0	0	0	0	0	0	0	
172.009433	8	3	3	0	1	2	2	3930	674	49	10382	3	1	70	0	0	0	0	0	0	0	0	0	0	0	0	0	0	
173.014567	8	3	3	0	1	2	2	3934	673	49	10443	3	1	70	0	0	0	0	0	0	0	0	0	0	0	0	0	0	
174.000967	8	3	3	0	1	2	2	3939	674	49	10502	3	1	70	0	0	0	0	0	0	0	0	0	0	0	0	0	0	
175.006083	8	3	3	0	1	2	2	3943	674	49	10562	3	1	70	0	0	0	0	0	0	0	0	0	0	0	0	0	0	
176.011200	8	3	3	0	1	2	2	3948	674	49	10623	3	1	70	0	0	0	0	0	0	0	0	0	0	0	0	0	0	
176.999033	8	3	3	0	1	2	2	3953	675	49	10682	3	1	70	0	0	0	0	0	0	0	0	0	0	0	0	0	0	
178.004167	8	3	3	0	1	2	2	3957	675	49	10742	3	1	70	0	0	0	0	0	0	0	0	0	0	0	0	0	0	
179.009283	8	3	3	0	1	2	2	3962	675	49	10802	3	1	70	0	0	0	0	0	0	0	0	0	0	0	0	0	0	
180.014400	8	3	3	0	1	2	2	3967	674	49	10863	3	1	70	0	0	0	0	0	0	0	0	0	0	0	0	0	0	
181.000800	8	3	3	0	1	2	2	3972	674	49	10922	3	1	70	0	0	0	0	0	0	0	0	0	0	0	0	0	0	
182.007367	8	3	3	0	1	2	2	3977	674	49	10982	3	1	70	0	0	0	0	0	0	0	0	0	0	0	0	0	0	
183.012483	8	3	3	0	1	2	2	3983	675	49	11042	3	1	70	0	0	0	0	0	0	0	0	0	0	0	0	0	0	
183.998883	8	3	3	0	1	2	2	3988	674	49	11102	3	1	70	0	0	0	0	0	0	0	0	0	0	0	0	0	0	
185.004000	8	3	3	0	1	2	2	3993	675	49	11162	3	1	70	0	0	0	0	0	0	0	0	0	0	0	0	0	0	
186.009117	8	3	3	0	1	2	2	3999	675	49	11222	3	1	70	0	0	0	0	0	0	0	0	0	0	0	0	0	0	
187.014233	8	3	3	0	1	2	2	4004	674	49	11283	3	1	70	0	0	0	0	0	0	0	0	0	0	0	0	0	0	
188.002083	8	3	3	0	1	2	2	4010	674	49	11342	3	1	70	0	0	0	0	0	0	0	0	0	0	0	0	0	0	
189.007200	8	3	3	0	1	2	2	4016	675	49	11402	3	1	70	0	0	0	0	0	0	0	0	0	0	0	0	0	0	
190.012317	8	3	3	0	1	2	2	4022	676	49	11462	3	1	70	0	0	0	0	0	0	0	0	0	0	0	0	0	0	
190.998717	8	3	3	0	1	2	2	4028	675	49	11522	3	1	70	0	0	0	0	0	0	0	0	0	0	0	0	0	0	
192.003833	8	3	3	0	1	2	2	4034	675	49	11582	3	1	70	0	0	0	0	0	0	0	0	0	0	0	0	0	0	
193.008967	8	3	3	0	1	2	2	4040	675	49	11642	3	1	70	0	0	0	0	0	0	0	0	0	0	0	0	0	0	
194.015517	8	3	3	0	1	2	2	4047	675	49	11703	3	1	70	0	0	0	0	0	0	0	0	0	0	0	0	0	0	
195.001917	8	3	3	0	1	2	2	4053	674	50	11762	3	1	70	0	0	0	0	0	0	0	0	0	0	0	0	0	0	
196.007033	8	3	3	0	1	2	2	4059	674	49	11822	3	1	70	0	0	0	0	0	0	0	0	0	0	0	0	0	0	
197.012167	8	3	3	0	1	2	2	4066	675	50	11882	3	1	70	0	0	0	0	0	0	0	0	0	0	0	0	0	0	
197.998567	8	3	3	0	1	2	2	4072	675	50	11942	3	1	70	0	0	0	0	0	0	0	0	0	0	0	0	0	0	
199.005117	8	3	3	0	1	2	2	4079	675	50	12002	3	1	70	0	0	0	0	0	0	0	0	0	0	0	0	0	0	
200.010233	8	3	3	0	1	2	2	4086	674	50	12062	3	1	70	0	0	0	0	0	0	0	0	0	0	0	0	0	0	
201.015367	8	3	3	0	1	2	2	4093	674	50	12123	3	1	70	0	0	0	0	0	0	0	0	0	0	0	0	0	0	
202.001767	8	3	3	0	1	2	2	4100	674	49	12182	3	1	70	0	0	0	0	0	0	0	0	0	0	0	0	0	0	
203.006883	8	3	3	0	1	2	2	4107	675	50	12242	3	1	70	0	0	0	0	0	0	0	0	0	0	0	0	0	0	
204.013433	8	3	3	0	1	2	2	4115	673	50	12302	3	1	70	0	0	0	0	0	0	0	0	0	0	0	0	0	0	
204.999833	8	3	3	0	1	2	2	4121	666	50	12362	3	1	70	0	0	0	0	0	0	0	0	0	0	0	0	0	0	
206.004967	8	3	3	0	1	2	2	4128	663	50	12422	3	1	70	0	0	0	0	0	0	0	0	0	0	0	0	0	0	
207.010083	8	3	3	0	1	2	2	4135	665	49	12482	3	1	70	0	0	0	0	0	0	0	0	0	0	0	0	0	0	
208.015200	8	3	3	0	1	2	2	4143	664	50	12543	3	1	70	0	0	0	0	0	0	0	0	0	0	0	0	0	0	
209.001600	8	3	3	0	1	2	2	4150	664	50	12602	3	1	70	0	0	0	0	0	0	0	0	0	0	0	0	0	0	
210.008167	8	3	3	0	1	2	2	4157	662	50	12662	3	1	70	0	0	0	0	0	0	0	0	0	0	0	0	0	0	
211.013283	8	3	3	0	1	2	2	4165	661	50	12722	3	1	70	0	0	0	0	0	0	0	0	0	0	0	0	0	0	
211.999683	8	3	3	0	1	2	2	4173	660	50	12782	3	1	70	0	0	0	0	0	0	0	0	0	0	0	0	0	0	
213.004800	8	3	3	0	1	2	2	4181	661	50	12842	3	1	70	0	0	0	0	0	0	0	0	0	0	0	0	0	0	
214.009917	8	3	3	0	1	2	2	4189	659	50	12902	3	1	70	0	0	0	0	0	0	0	0	0	0	0	0	0	0	
215.016483	8	3	3	0	1	2	2	4197	658	50	12963	3	1	70	0	0	0	0	0	0	0	0	0	0	0	0	0	0	
216.002883	8	3	3	0	1	2	2	4198	609	50	13022	3	1	70	0	0	0	0	0	0	0	0	0	0	0	0	0	0	
217.008000	8	3	3	0	1	2	2	4199	560	50	13082	3	1	70	0	0	0	0	0	0	0	0	0	0	0	0	0	0	
218.013117	8	3	3	0	1	2	2	4198	517	50	13142	3	1	70	0	0	0	0	0	0	0	0	0	0	0	0	0	0	
219.018233	8	3	3	0	1	2	2	4199	478	50	13203	3	1	70	0	0	0	0	0	0	0	0	0	0	0	0	0	0	
220.006083	8	3	3	0	1	2	2	4198	443	50	13262	3	1	70	0	0	0	0	0	0	0	0	0	0	0	0	0	0	
221.011200	8	3	3	0	1	2	2	4198	411	50	13322	3	1	70	0	0	0	0	0	0	0	0	0	0	0	0	0	0	
222.016317	8	3	3	0	1	2	2	4199	382	50	13383	3	1	70	0	0	0	0	0	0	0	0	0	0	0	0	0	0	
223.002717	8	3	3	0	1	2	2	4199	355	50	13442	3	1	70	0	0	0	0	0	0	0	0	0	0	0	0	0	0	
224.007833	8	3	3	0	1	2	2	4198	332	50	13502	3	1	70	0	0	0	0	0	0	0	0	0	0	0	0	0	0	
225.014400	8	3	3	0	1	2	2	4199	309	50	13562	3	1	70	0	0	0	0	0	0	0	0	0	0	0	0	0	0	
226.019517	8	3	3	0	1	2	2	4199	288	50	13623	3	1	70	0	0	0	0	0	0	0	0	0	0	0	0	0	0	
227.005917	8	3	3	0	1	2	2	4199	269	50	13682	3	1	70	0	0	0	0	0	0	0	0	0	0	0	0	0	0	
228.011033	8	3	3	0	1	2	2	4199	252	50	13742	3	1	70	0	0	0	0	0	0	0	0	0	0	0	0	0	0	
229.016167	8	3	3	0	1	2	2	4198	236	50	13803	3	1	70	0	0	0	0	0	0	0	0	0	0	0	0	0	0	
230.004000	8	3	3	0	1	2	2	4199	221	50	13862	3	1	70	0	0	0	0	0	0	0	0	0	0	0	0	0	0	
231.009117	8	3	3	0	1	2	2	4198	206	50	13922	3	1	70	0	0	0	0	0	0	0	0	0	0	0	0	0	0	
232.017117	8	3	3	0	1	2	2	4199	192	50	13983	3	1	70	0	0	0	0	0	0	0	0	0	0	0	0	0	0	
233.004967	8	3	3	0	1	2	2	4198	180	50	14042	3	1	70	0	0	0	0	0	0	0	0	0	0	0	0	0	0	
234.010083	8	3	3	0	1	2	2	4198	170	50	14102	3	1	70	0	0	0	0	0	0	0	0	0	0	0	0	0	0	
235.015200	8	3	3	0	1	2	2	4198	160	50	14162	3	1	70	0	0	0	0	0	0	0	0	0	0	0	0	0	0	
236.001600	8	3	3	0	1	2	2	4198	149	50	14222	3	1	70	0	0	0	0	0	0	0	0	0	0	0	0	0	0	
237.006717	8	3	3	0	1	2	2	4198	140	50	14282	3	1	70	0	0	0	0	0	0	0	0	0	0	0	0	0	0	
238.013283	8	3	3	0	1	2	2	4199	133	50	14342	3	1	70	0	0	0	0	0	0	0	0	0	0	0	0	0	0	
239.018400	8	3	3	0	1	2	2	4199	125	50	14403	3	1	70	0	0	0	0	0	0	0	0	0	0	0	0	0	0	
240.004800	8	3	3	0	1	2	2	4199	118	50	14462	3	1	70	0	0	0	0	0	0	0	0	0	0	0	0	0	0	
241.009917	8	3	3	0	1	2	2	4198	112	50	14522	3	1	70	0	0	0	0	0	0	0	0	0	0	0	0	0	0	
242.015033	8	3	3	0	1	2	2	4198	105	50	14582	3	1	70	0	0	0	0	0	0	0	0	0	0	0	0	0	0	
243.001433	8	3	3	0	1	2	2	4198	99	50	14642	3	1	70	0	0	0	0	0	0	0	0	0	0	0	0	0	0	
244.008000	8	3	3	0	1	2	2	4198	93	50	14702	3	1	70	0	0	0	0	0	0	0	0	0	0	0	0	0	0	
245.013117	8	3	3	0	1	2	2	4198	88	50	14762	3	1	70	0	0	0	0	0	0	0	0	0	0	0	0	0	0	
246.018233	8	3	3	0	1	2	2	4198	83	50	14823	3	1	70	0	0	0	0	0	0	0	0	0	0	0	0	0	0	
247.004633	8	3	3	0	1	2	2	4198	79	50	14882	3	1	70	0	0	0	0	0	0	0	0	0	0	0	0	0	0	
248.009767	8	3	3	0	1	2	2	4198	75	50	14942	3	1	70	0	0	0	0	0	0	0	0	0	0	0	0	0	0	
249.016317	8	3	3	0	1	2	2	4199	71	50	15002	3	1	70	0	0	0	0	0	0	0	0	0	0	0	0	0	0	
250.021433	8	3	3	0	1	2	2	4199	68	50	15063	3	1	70	0	0	0	0	0	0	0	0	0	0	0	0	0	0	
250.236000	8	6	3	0	2	7	1	4066	-1348	50	15076	3	2	0	0	0	0	0	0	0	0	0	0	0	0	0	0	0	
251.009283	8	6	3	0	2	7	1	4008	-1349	50	15122	3	2	1	0	0	0	0	0	0	0	0	0	0	0	0	0	0	
252.014400	8	6	3	0	2	7	1	3975	-1347	50	15182	3	2	2	0	0	0	0	0	0	0	0	0	0	0	0	0	0	
253.020967	8	6	3	0	2	7	1	3948	-1349	50	15243	3	2	4	0	0	0	0	0	0	0	0	0	0	0	0	0	0	
254.007367	8	6	3	0	2	7	1	3924	-1348	50	15302	3	2	6	0	0	0	0	0	0	0	0	0	0	0	0	0	0	
255.012483	8	6	3	0	2	7	1	3902	-1349	50	15362	3	2	7	0	0	0	0	0	0	0	0	0	0	0	0	0	0	
256.017600	8	6	3	0	2	7	1	3880	-1350	50	15423	3	2	9	0	0	0	0	0	0	0	0	0	0	0	0	0	0	
257.004000	8	6	3	0	2	7	1	3860	-1351	50	15482	3	2	11	0	0	0	0	0	0	0	0	0	0	0	0	0	0	
258.009117	8	6	3	0	2	7	1	3840	-1350	50	15542	3	2	12	0	0	0	0	0	0	0	0	0	0	0	0	0	0	
259.015683	8	6	3	0	2	7	1	3820	-1349	50	15602	3	2	14	0	0	0	0	0	0	0	0	0	0	0	0	0	0	
260.020800	8	6	3	0	2	7	1	3801	-1348	50	15663	3	2	16	0	0	0	0	0	0	0	0	0	0	0	0	0	0	
261.007200	8	6	3	0	2	7	1	3783	-1349	50	15722	3	2	17	0	0	0	0	0	0	0	0	0	0	0	0	0	0	
262.012317	8	6	3	0	2	7	1	3765	-1350	50	15782	3	2	19	0	0	0	0	0	0	0	0	0	0	0	0	0	0	
263.017433	8	6	3	0	2	7	1	3748	-1349	50	15842	3	2	21	0	0	0	0	0	0	0	0	0	0	0	0	0	0	
264.005283	8	6	3	0	2	7	1	3732	-1349	50	15902	3	2	22	0	0	0	0	0	0	0	0	0	0	0	0	0	0	
265.010400	8	6	3	0	2	7	1	3716	-1349	50	15962	3	2	24	0	0	0	0	0	0	0	0	0	0	0	0	0	0	
266.015517	8	6	3	0	2	7	1	3701	-1350	50	16022	3	2	26	0	0	0	0	0	0	0	0	0	0	0	0	0	0	
267.020633	8	6	3	0	2	7	1	3686	-1349	50	16083	3	2	27	0	0	0	0	0	0	0	0	0	0	0	0	0	0	
268.007033	8	6	3	0	2	7	1	3672	-1349	50	16142	3	2	29	0	0	0	0	0	0	0	0	0	0	0	0	0	0	
269.013600	8	6	3	0	2	7	1	3658	-1351	50	16202	3	2	31	0	0	0	0	0	0	0	0	0	0	0	0	0	0	
270.018717	8	6	3	0	2	7	1	3645	-1349	50	16262	3	2	32	0	0	0	0	0	0	0	0	0	0	0	0	0	0	
271.005117	8	6	3	0	2	7	1	3633	-1350	50	16322	3	2	34	0	0	0	0	0	0	0	0	0	0	0	0	0	0	
272.010233	8	6	3	0	2	7	1	3621	-1350	50	16382	3	2	36	0	0	0	0	0	0	0	0	0	0	0	0	0	0	
273.016800	8	6	3	0	2	7	1	3609	-1350	50	16442	3	2	37	0	0	0	0	0	0	0	0	0	0	0	0	0	0	
274.021917	8	6	3	0	2	7	1	3598	-1348	50	16503	3	2	39	0	0	0	0	0	0	0	0	0	0	0	0	0	0	
275.008317	8	6	3	0	2	7	1	3588	-1349	50	16562	3	2	41	0	0	0	0	0	0	0	0	0	0	0	0	0	0	
276.013433	8	6	3	0	2	7	1	3577	-1350	50	16622	3	2	42	0	0	0	0	0	0	0	0	0	0	0	0	0	0	
277.018567	8	6	3	0	2	7	1	3567	-1349	50	16682	3	2	44	0	0	0	0	0	0	0	0	0	0	0	0	0	0	
278.004967	8	6	3	0	2	7	1	3558	-1350	50	16742	3	2	46	0	0	0	0	0	0	0	0	0	0	0	0	0	0	
279.011517	8	6	3	0	2	7	1	3549	-1350	50	16802	3	2	47	0	0	0	0	0	0	0	0	0	0	0	0	0	0	
280.016633	8	6	3	0	2	7	1	3540	-1348	50	16862	3	2	49	0	0	0	0	0	0	0	0	0	0	0	0	0	0	
281.021767	8	6	3	0	2	7	1	3530	-1349	50	16923	3	2	50	0	0	0	0	0	0	0	0	0	0	0	0	0	0	
282.008167	8	6	3	0	2	7	1	3521	-1349	50	16982	3	2	52	0	0	0	0	0	0	0	0	0	0	0	0	0	0	
283.013283	8	6	3	0	2	7	1	3511	-1350	50	17042	3	2	54	0	0	0	0	0	0	0	0	0	0	0	0	0	0	
284.019833	8	6	3	0	2	7	1	3501	-1348	50	17102	3	2	55	0	0	0	0	0	0	0	0	0	0	0	0	0	0	
285.006233	8	6	3	0	2	7	1	3490	-1349	50	17162	3	2	57	0	0	0	0	0	0	0	0	0	0	0	0	0	0	
286.011367	8	6	3	0	2	7	1	3475	-1350	50	17222	3	2	59	0	0	0	0	0	0	0	0	0	0	0	0	0	0	
287.016483	8	6	3	0	2	7	1	3457	-1350	50	17282	3	2	60	0	0	0	0	0	0	0	0	0	0	0	0	0	0	
288.023033	8	6	3	0	2	7	1	3434	-1350	50	17343	3	2	62	0	0	0	0	0	0	0	0	0	0	0	0	0	0	
289.009433	8	6	3	0	2	7	1	3400	-1350	50	17402	3	2	64	0	0	0	0	0	0	0	0	0	0	0	0	0	0	
290.014567	8	6	3	0	2	7	1	3344	-1350	50	17462	3	2	65	0	0	0	0	0	0	0	0	0	0	0	0	0	0	
291.019683	8	6	3	0	2	7	1	3241	-1348	50	17522	3	2	67	0	0	0	0	0	0	0	0	0	0	0	0	0	0	
292.006083	8	6	3	0	2	7	1	3054	-1350	50	17582	3	2	69	0	0	0	0	0	0	0	0	0	0	0	0	0	0	
292.880167	8	15	3	0	1	31	2	2918	67	50	17634	4	2	70	0	0	0	0	0	0	0	0	0	0	0	0	0	0	
292.900317	8	4	3	0	1	3	2	2978	66	50	17635	4	2	70	0	0	0	0	0	0	0	0	0	0	0	0	0	0	
292.921917	8	3	3	0	1	2	2	3079	476	50	17637	5	2	70	0	0	0	0	0	0	0	0	0	0	0	0	0	0	
293.016967	8	3	3	0	1	2	2	3282	675	50	17642	5	2	70	0	0	0	0	0	0	0	0	0	0	0	0	0	0	
294.022083	8	3	3	0	1	2	2	3605	675	50	17703	5	2	70	0	0	0	0	0	0	0	0	0	0	0	0	0	0	
295.008483	8	3	3	0	1	2	2	3693	674	50	17762	5	2	70	0	0	0	0	0	0	0	0	0	0	0	0	0	0	
296.015033	8	3	3	0	1	2	2	3741	675	50	17822	5	2	70	0	0	0	0	0	0	0	0	0	0	0	0	0	0	
297.020167	8	3	3	0	1	2	2	3765	675	50	17882	5	2	70	0	0	0	0	0	0	0	0	0	0	0	0	0	0	
298.006567	8	3	3	0	1	2	2	3778	674	50	17942	5	2	70	0	0	0	0	0	0	0	0	0	0	0	0	0	0	
299.011683	8	3	3	0	1	2	2	3788	674	50	18002	5	2	70	0	0	0	0	0	0	0	0	0	0	0	0	0	0	
300.016800	8	3	3	0	1	2	2	3797	675	50	18062	5	2	70	0	0	0	0	0	0	0	0	0	0	0	0	0	0	
301.023367	8	3	3	0	1	2	2	3805	674	50	18123	5	2	70	0	0	0	0	0	0	0	0	0	0	0	0	0	0	
302.009767	8	3	3	0	1	2	2	3813	674	50	18182	5	2	70	0	0	0	0	0	0	0	0	0	0	0	0	0	0	
303.014883	8	3	3	0	1	2	2	3821	674	50	18242	5	2	70	0	0	0	0	0	0	0	0	0	0	0	0	0	0	
304.020000	8	3	3	0	1	2	2	3829	674	50	18302	5	2	70	0	0	0	0	0	0	0	0	0	0	0	0	0	0	
305.025117	8	3	3	0	1	2	2	3836	676	50	18363	5	2	70	0	0	0	0	0	0	0	0	0	0	0	0	0	0	
306.011517	8	3	3	0	1	2	2	3844	674	50	18422	5	2	70	0	0	0	0	0	0	0	0	0	0	0	0	0	0	
307.018083	8	3	3	0	1	2	2	3851	674	50	18482	5	2	70	0	0	0	0	0	0	0	0	0	0	0	0	0	0	
308.023200	8	3	3	0	1	2	2	3857	675	50	18543	5	2	70	0	0	0	0	0	0	0	0	0	0	0	0	0	0	
309.009600	8	3	3	0	1	2	2	3863	674	50	18602	5	2	70	0	0	0	0	0	0	0	0	0	0	0	0	0	0	
310.014717	8	3	3	0	1	2	2	3869	675	50	18662	5	2	70	0	0	0	0	0	0	0	0	0	0	0	0	0	0	
311.019833	8	3	3	0	1	2	2	3874	673	50	18722	5	2	70	0	0	0	0	0	0	0	0	0	0	0	0	0	0	
312.007683	8	3	3	0	1	2	2	3879	675	50	18782	5	2	70	0	0	0	0	0	0	0	0	0	0	0	0	0	0	
313.012800	8	3	3	0	1	2	2	3884	674	50	18842	5	2	70	0	0	0	0	0	0	0	0	0	0	0	0	0	0	
314.017917	8	3	3	0	1	2	2	3889	674	50	18902	5	2	70	0	0	0	0	0	0	0	0	0	0	0	0	0	0	
315.023033	8	3	3	0	1	2	2	3894	675	50	18963	5	2	70	0	0	0	0	0	0	0	0	0	0	0	0	0	0	
316.010883	8	3	3	0	1	2	2	3898	674	50	19022	5	2	70	0	0	0	0	0	0	0	0	0	0	0	0	0	0	
317.016000	8	3	3	0	1	2	2	3903	675	50	19082	5	2	70	0	0	0	0	0	0	0	0	0	0	0	0	0	0	
318.021117	8	3	3	0	1	2	2	3908	675	50	19142	5	2	70	0	0	0	0	0	0	0	0	0	0	0	0	0	0	
319.026233	8	3	3	0	1	2	2	3912	675	50	19203	5	2	70	0	0	0	0	0	0	0	0	0	0	0	0	0	0	
320.012633	8	3	3	0	1	2	2	3916	675	50	19262	5	2	70	0	0	0	0	0	0	0	0	0	0	0	0	0	0	
321.017767	8	3	3	0	1	2	2	3921	674	50	19322	5	2	70	0	0	0	0	0	0	0	0	0	0	0	0	0	0	
322.024317	8	3	3	0	1	2	2	3925	675	50	19383	5	2	70	0	0	0	0	0	0	0	0	0	0	0	0	0	0	
323.010717	8	3	3	0	1	2	2	3930	675	50	19442	5	2	70	0	0	0	0	0	0	0	0	0	0	0	0	0	0	
324.015833	8	3	3	0	1	2	2	3934	674	50	19502	5	2	70	0	0	0	0	0	0	0	0	0	0	0	0	0	0	
325.020967	8	3	3	0	1	2	2	3939	675	50	19562	5	2	70	0	0	0	0	0	0	0	0	0	0	0	0	0	0	
326.026083	8	3	3	0	1	2	2	3944	675	50	19623	5	2	70	0	0	0	0	0	0	0	0	0	0	0	0	0	0	
327.013917	8	3	3	0	1	2	2	3948	675	50	19682	5	2	70	0	0	0	0	0	0	0	0	0	0	0	0	0	0	
328.019033	8	3	3	0	1	2	2	3953	675	50	19742	5	2	70	0	0	0	0	0	0	0	0	0	0	0	0	0	0	
329.024167	8	3	3	0	1	2	2	3958	675	50	19803	5	2	70	0	0	0	0	0	0	0	0	0	0	0	0	0	0	
330.010567	8	3	3	0	1	2	2	3963	675	50	19862	5	2	70	0	0	0	0	0	0	0	0	0	0	0	0	0	0	
331.015683	8	3	3	0	1	2	2	3968	675	50	19922	5	2	70	0	0	0	0	0	0	0	0	0	0	0	0	0	0	
332.022233	8	3	3	0	1	2	2	3973	674	50	19982	5	2	70	0	0	0	0	0	0	0	0	0	0	0	0	0	0	
333.027367	8	3	3	0	1	2	2	3978	675	47	20043	5	2	70	0	0	0	0	0	0	0	0	0	0	0	0	0	0	
334.013767	8	3	3	0	1	2	2	3983	674	50	20102	5	2	70	0	0	0	0	0	0	0	0	0	0	0	0	0	0	
335.018883	8	3	3	0	1	2	2	3989	675	50	20162	5	2	70	0	0	0	0	0	0	0	0	0	0	0	0	0	0	
336.024000	8	3	3	0	1	2	2	3994	674	50	20223	5	2	70	0	0	0	0	0	0	0	0	0	0	0	0	0	0	
337.010400	8	3	3	0	1	2	2	3999	675	50	20282	5	2	70	0	0	0	0	0	0	0	0	0	0	0	0	0	0	
338.016967	8	3	3	0	1	2	2	4005	675	50	20342	5	2	70	0	0	0	0	0	0	0	0	0	0	0	0	0	0	
339.022083	8	3	3	0	1	2	2	4011	674	50	20402	5	2	70	0	0	0	0	0	0	0	0	0	0	0	0	0	0	
340.027200	8	3	3	0	1	2	2	4017	675	50	20463	5	2	70	0	0	0	0	0	0	0	0	0	0	0	0	0	0	
341.013600	8	3	3	0	1	2	2	4023	675	50	20522	5	2	70	0	0	0	0	0	0	0	0	0	0	0	0	0	0	
342.020167	8	3	3	0	1	2	2	4029	674	50	20582	5	2	70	0	0	0	0	0	0	0	0	0	0	0	0	0	0	
343.025283	8	3	3	0	1	2	2	4035	675	50	20643	5	2	70	0	0	0	0	0	0	0	0	0	0	0	0	0	0	
344.011683	8	3	3	0	1	2	2	4041	675	50	20702	5	2	70	0	0	0	0	0	0	0	0	0	0	0	0	0	0	
345.016800	8	3	3	0	1	2	2	4047	675	50	20762	5	2	70	0	0	0	0	0	0	0	0	0	0	0	0	0	0	
346.021917	8	3	3	0	1	2	2	4054	676	50	20822	5	2	70	0	0	0	0	0	0	0	0	0	0	0	0	0	0	
347.027033	8	3	3	0	1	2	2	4060	674	50	20883	5	2	70	0	0	0	0	0	0	0	0	0	0	0	0	0	0	
348.014883	8	3	3	0	1	2	2	4067	675	50	20942	5	2	70	0	0	0	0	0	0	0	0	0	0	0	0	0	0	
349.020000	8	3	3	0	1	2	2	4074	674	50	21002	5	2	70	0	0	0	0	0	0	0	0	0	0	0	0	0	0	
350.025117	8	3	3	0	1	2	2	4081	675	50	21063	5	2	70	0	0	0	0	0	0	0	0	0	0	0	0	0	0	
351.011517	8	3	3	0	1	2	2	4088	675	50	21122	5	2	70	0	0	0	0	0	0	0	0	0	0	0	0	0	0	
352.016633	8	3	3	0	1	2	2	4095	675	50	21182	5	2	70	0	0	0	0	0	0	0	0	0	0	0	0	0	0	
353.023200	8	3	3	0	1	2	2	4102	674	50	21242	5	2	70	0	0	0	0	0	0	0	0	0	0	0	0	0	0	
354.028317	8	3	3	0	1	2	2	4109	674	50	21303	5	2	70	0	0	0	0	0	0	0	0	0	0	0	0	0	0	
355.014717	8	3	3	0	1	2	2	4117	676	50	21362	5	2	70	0	0	0	0	0	0	0	0	0	0	0	0	0	0	
356.019833	8	3	3	0	1	2	2	4123	667	50	21422	5	2	70	0	0	0	0	0	0	0	0	0	0	0	0	0	0	
357.026400	8	3	3	0	1	2	2	4130	666	50	21483	5	2	70	0	0	0	0	0	0	0	0	0	0	0	0	0	0	
358.012800	8	3	3	0	1	2	2	4138	666	50	21542	5	2	70	0	0	0	0	0	0	0	0	0	0	0	0	0	0	
359.017917	8	3	3	0	1	2	2	4145	664	50	21602	5	2	70	0	0	0	0	0	0	0	0	0	0	0	0	0	0	
360.023033	8	3	3	0	1	2	2	4152	664	50	21662	5	2	70	0	0	0	0	0	0	0	0	0	0	0	0	0	0	
361.028167	8	3	3	0	1	2	2	4160	663	50	21723	5	2	70	0	0	0	0	0	0	0	0	0	0	0	0	0	0	
362.014567	8	3	3	0	1	2	2	4168	662	50	21782	5	2	70	0	0	0	0	0	0	0	0	0	0	0	0	0	0	
363.021117	8	3	3	0	1	2	2	4176	659	50	21842	5	2	70	0	0	0	0	0	0	0	0	0	0	0	0	0	0	
364.027683	8	3	3	0	1	2	2	4183	658	50	21903	5	2	70	0	0	0	0	0	0	0	0	0	0	0	0	0	0	
365.014083	8	3	3	0	1	2	2	4191	658	50	21962	5	2	70	0	0	0	0	0	0	0	0	0	0	0	0	0	0	
366.020633	8	3	3	0	1	2	2	4199	649	50	22022	5	2	70	0	0	0	0	0	0	0	0	0	0	0	0	0	0	
367.025767	8	3	3	0	1	2	2	4199	592	50	22082	5	2	70	0	0	0	0	0	0	0	0	0	0	0	0	0	0	
368.012167	8	3	3	0	1	2	2	4199	545	50	22142	5	2	70	0	0	0	0	0	0	0	0	0	0	0	0	0	0	
369.017283	8	3	3	0	1	2	2	4199	503	50	22202	5	2	70	0	0	0	0	0	0	0	0	0	0	0	0	0	0	
370.022400	8	3	3	0	1	2	2	4198	466	47	22262	5	2	70	0	0	0	0	0	0	0	0	0	0	0	0	0	0	
371.028967	8	3	3	0	1	2	2	4198	432	50	22323	5	2	70	0	0	0	0	0	0	0	0	0	0	0	0	0	0	
372.015367	8	3	3	0	1	2	2	4199	402	50	22382	5	2	70	0	0	0	0	0	0	0	0	0	0	0	0	0	0	
373.020483	8	3	3	0	1	2	2	4198	373	50	22442	5	2	70	0	0	0	0	0	0	0	0	0	0	0	0	0	0	
374.025600	8	3	3	0	1	2	2	4199	348	50	22502	5	2	70	0	0	0	0	0	0	0	0	0	0	0	0	0	0	
375.012000	8	3	3	0	1	2	2	4198	323	50	22562	5	2	70	0	0	0	0	0	0	0	0	0	0	0	0	0	0	
376.017117	8	3	3	0	1	2	2	4198	302	50	22622	5	2	70	0	0	0	0	0	0	0	0	0	0	0	0	0	0	
377.023683	8	3	3	0	1	2	2	4198	282	50	22682	5	2	70	0	0	0	0	0	0	0	0	0	0	0	0	0	0	
378.028800	8	3	3	0	1	2	2	4198	263	47	22743	5	2	70	0	0	0	0	0	0	0	0	0	0	0	0	0	0	
379.015200	8	3	3	0	1	2	2	4199	247	50	22802	5	2	70	0	0	0	0	0	0	0	0	0	0	0	0	0	0	
380.020317	8	3	3	0	1	2	2	4199	230	50	22862	5	2	70	0	0	0	0	0	0	0	0	0	0	0	0	0	0	
381.025433	8	3	3	0	1	2	2	4198	215	50	22922	5	2	70	0	0	0	0	0	0	0	0	0	0	0	0	0	0	
382.032000	8	3	3	0	1	2	2	4199	202	50	22983	5	2	70	0	0	0	0	0	0	0	0	0	0	0	0	0	0	
383.018400	8	3	3	0	1	2	2	4198	190	50	23042	5	2	70	0	0	0	0	0	0	0	0	0	0	0	0	0	0	
384.023517	8	3	3	0	1	2	2	4198	178	50	23102	5	2	70	0	0	0	0	0	0	0	0	0	0	0	0	0	0	
385.028633	8	3	3	0	1	2	2	4199	167	50	23163	5	2	70	0	0	0	0	0	0	0	0	0	0	0	0	0	0	
386.015033	8	3	3	0	1	2	2	4199	157	50	23222	5	2	70	0	0	0	0	0	0	0	0	0	0	0	0	0	0	
387.020167	8	3	3	0	1	2	2	4198	147	47	23282	5	2	70	0	0	0	0	0	0	0	0	0	0	0	0	0	0	
388.026717	8	3	3	0	1	2	2	4198	139	50	23342	5	2	70	0	0	0	0	0	0	0	0	0	0	0	0	0	0	
389.031833	8	3	3	0	1	2	2	4198	131	50	23403	5	2	70	0	0	0	0	0	0	0	0	0	0	0	0	0	0	
390.018233	8	3	3	0	1	2	2	4198	122	47	23462	5	2	70	0	0	0	0	0	0	0	0	0	0	0	0	0	0	
391.023367	8	3	3	0	1	2	2	4199	116	50	23522	5	2	70	0	0	0	0	0	0	0	0	0	0	0	0	0	0	
392.029917	8	3	3	0	1	2	2	4199	110	50	23583	5	2	70	0	0	0	0	0	0	0	0	0	0	0	0	0	0	
393.016317	8	3	3	0	1	2	2	4198	103	50	23642	5	2	70	0	0	0	0	0	0	0	0	0	0	0	0	0	0	
394.021433	8	3	3	0	1	2	2	4198	97	50	23702	5	2	70	0	0	0	0	0	0	0	0	0	0	0	0	0	0	
395.026567	8	3	3	0	1	2	2	4198	93	50	23762	5	2	70	0	0	0	0	0	0	0	0	0	0	0	0	0	0	
396.031683	8	3	3	0	1	2	2	4198	88	50	23823	5	2	70	0	0	0	0	0	0	0	0	0	0	0	0	0	0	
397.018083	8	3	3	0	1	2	2	4199	84	47	23882	5	2	70	0	0	0	0	0	0	0	0	0	0	0	0	0	0	
398.024633	8	3	3	0	1	2	2	4199	79	47	23942	5	2	70	0	0	0	0	0	0	0	0	0	0	0	0	0	0	
399.029767	8	3	3	0	1	2	2	4199	74	50	24003	5	2	70	0	0	0	0	0	0	0	0	0	0	0	0	0	0	
400.016167	8	3	3	0	1	2	2	4199	71	47	24062	5	2	70	0	0	0	0	0	0	0	0	0	0	0	0	0	0	
400.983833	8	6	3	0	2	7	1	4137	-627	47	24120	5	3	0	0	0	0	0	0	0	0	0	0	0	0	0	0	0	
401.022717	8	6	3	0	2	7	1	4057	-1350	50	24122	5	3	0	0	0	0	0	0	0	0	0	0	0	0	0	0	0	
402.029283	8	6	3	0	2	7	1	3996	-1349	50	24182	5	3	1	0	0	0	0	0	0	0	0	0	0	0	0	0	0	
403.015683	8	6	3	0	2	7	1	3965	-1348	50	24242	5	3	3	0	0	0	0	0	0	0	0	0	0	0	0	0	0	
404.020800	8	6	3	0	2	7	1	3939	-1350	47	24302	5	3	4	0	0	0	0	0	0	0	0	0	0	0	0	0	0	
405.025917	8	6	3	0	2	7	1	3915	-1349	50	24362	5	3	6	0	0	0	0	0	0	0	0	0	0	0	0	0	0	
406.031033	8	6	3	0	2	7	1	3893	-1350	50	24423	5	3	8	0	0	0	0	0	0	0	0	0	0	0	0	0	0	
407.018883	8	6	3	0	2	7	1	3872	-1348	50	24482	5	3	9	0	0	0	0	0	0	0	0	0	0	0	0	0	0	
408.024000	8	6	3	0	2	7	1	3851	-1350	47	24542	5	3	11	0	0	0	0	0	0	0	0	0	0	0	0	0	0	
409.029117	8	6	3	0	2	7	1	3831	-1350	50	24602	5	3	13	0	0	0	0	0	0	0	0	0	0	0	0	0	0	
410.015517	8	6	3	0	2	7	1	3811	-1350	50	24662	5	3	14	0	0	0	0	0	0	0	0	0	0	0	0	0	0	
411.020633	8	6	3	0	2	7	1	3793	-1350	47	24722	5	3	16	0	0	0	0	0	0	0	0	0	0	0	0	0	0	
412.025767	8	6	3	0	2	7	1	3775	-1350	50	24782	5	3	18	0	0	0	0	0	0	0	0	0	0	0	0	0	0	
413.032317	8	6	3	0	2	7	1	3757	-1347	47	24843	5	3	19	0	0	0	0	0	0	0	0	0	0	0	0	0	0	
414.018717	8	6	3	0	2	7	1	3740	-1350	50	24902	5	3	21	0	0	0	0	0	0	0	0	0	0	0	0	0	0	
415.023833	8	6	3	0	2	7	1	3724	-1350	50	24962	5	3	23	0	0	0	0	0	0	0	0	0	0	0	0	0	0	
416.028967	8	6	3	0	2	7	1	3708	-1349	50	25022	5	3	24	0	0	0	0	0	0	0	0	0	0	0	0	0	0	
417.015367	8	6	3	0	2	7	1	3693	-1350	50	25082	5	3	26	0	0	0	0	0	0	0	0	0	0	0	0	0	0	
418.021917	8	6	3	0	2	7	1	3678	-1349	47	25142	5	3	28	0	0	0	0	0	0	0	0	0	0	0	0	0	0	
419.027033	8	6	3	0	2	7	1	3664	-1349	47	25202	5	3	29	0	0	0	0	0	0	0	0	0	0	0	0	0	0	
420.032167	8	6	3	0	2	7	1	3651	-1349	47	25263	5	3	31	0	0	0	0	0	0	0	0	0	0	0	0	0	0	
421.018567	8	6	3	0	2	7	1	3638	-1350	47	25322	5	3	33	0	0	0	0	0	0	0	0	0	0	0	0	0	0	
422.023683	8	6	3	0	2	7	1	3626	-1348	47	25382	5	3	34	0	0	0	0	0	0	0	0	0	0	0	0	0	0	
423.030233	8	6	3	0	2	7	1	3614	-1350	50	25442	5	3	36	0	0	0	0	0	0	0	0	0	0	0	0	0	0	
424.016633	8	6	3	0	2	7	1	3603	-1349	47	25502	5	3	38	0	0	0	0	0	0	0	0	0	0	0	0	0	0	
425.021767	8	6	3	0	2	7	1	3592	-1349	50	25562	5	3	39	0	0	0	0	0	0	0	0	0	0	0	0	0	0	
426.026883	8	6	3	0	2	7	1	3582	-1349	47	25622	5	3	41	0	0	0	0	0	0	0	0	0	0	0	0	0	0	
427.032000	8	6	3	0	2	7	1	3572	-1349	47	25683	5	3	43	0	0	0	0	0	0	0	0	0	0	0	0	0	0	
428.019833	8	6	3	0	2	7	1	3562	-1349	47	25742	5	3	44	0	0	0	0	0	0	0	0	0	0	0	0	0	0	
429.024967	8	6	3	0	2	7	1	3553	-1349	47	25802	5	3	46	0	0	0	0	0	0	0	0	0	0	0	0	0	0	
430.030083	8	6	3	0	2	7	1	3544	-1352	47	25862	5	3	48	0	0	0	0	0	0	0	0	0	0	0	0	0	0	
431.035200	8	6	3	0	2	7	1	3535	-1350	47	25923	5	3	49	0	0	0	0	0	0	0	0	0	0	0	0	0	0	
432.021600	8	6	3	0	2	7	1	3526	-1351	47	25982	5	3	51	0	0	0	0	0	0	0	0	0	0	0	0	0	0	
433.026717	8	6	3	0	2	7	1	3516	-1349	47	26042	5	3	53	0	0	0	0	0	0	0	0	0	0	0	0	0	0	
434.033283	8	6	3	0	2	7	1	3506	-1349	47	26103	5	3	54	0	0	0	0	0	0	0	0	0	0	0	0	0	0	
435.019683	8	6	3	0	2	7	1	3496	-1349	50	26162	5	3	56	0	0	0	0	0	0	0	0	0	0	0	0	0	0	
436.024800	8	6	3	0	2	7	1	3483	-1349	47	26222	5	3	58	0	0	0	0	0	0	0	0	0	0	0	0	0	0	
437.029917	8	6	3	0	2	7	1	3468	-1350	50	26282	5	3	59	0	0	0	0	0	0	0	0	0	0	0	0	0	0	
438.035033	8	6	3	0	2	7	1	3448	-1348	47	26343	5	3	61	0	0	0	0	0	0	0	0	0	0	0	0	0	0	
439.021433	8	6	3	0	2	7	1	3422	-1350	47	26402	5	3	63	0	0	0	0	0	0	0	0	0	0	0	0	0	0	
440.028000	8	6	3	0	2	7	1	3381	-1349	47	26462	5	3	64	0	0	0	0	0	0	0	0	0	0	0	0	0	0	
441.033117	8	6	3	0	2	7	1	3308	-1349	47	26523	5	3	66	0	0	0	0	0	0	0	0	0	0	0	0	0	0	
442.019517	8	6	3	0	2	7	1	3175	-1349	47	26582	5	3	68	0	0	0	0	0	0	0	0	0	0	0	0	0	0	
443.024633	8	6	3	0	2	7	1	2890	-1350	47	26642	5	3	69	0	0	0	0	0	0	0	0	0	0	0	0	0	0	
443.446567	8	15	3	0	1	31	2	2917	69	47	26667	6	3	70	0	0	0	0	0	0	0	0	0	0	0	0	0	0	
443.466717	8	4	3	0	1	3	2	2985	66	47	26669	6	3	70	0	0	0	0	0	0	0	0	0	0	0	0	0	0	
443.488317	8	3	3	0	1	2	2	3123	671	47	26670	7	3	70	0	0	0	0	0	0	0	0	0	0	0	0	0	0	
444.035517	8	3	3	0	1	2	2	3513	674	47	26703	7	3	70	0	0	0	0	0	0	0	0	0	0	0	0	0	0	
445.021917	8	3	3	0	1	2	2	3659	675	50	26762	7	3	70	0	0	0	0	0	0	0	0	0	0	0	0	0	0	
446.027033	8	3	3	0	1	2	2	3723	675	47	26822	7	3	70	0	0	0	0	0	0	0	0	0	0	0	0	0	0	
447.033600	8	3	3	0	1	2	2	3756	674	47	26883	7	3	70	0	0	0	0	0	0	0	0	0	0	0	0	0	0	
448.020000	8	3	3	0	1	2	2	3773	675	47	26942	7	3	70	0	0	0	0	0	0	0	0	0	0	0	0	0	0	
449.025117	8	3	3	0	1	2	2	3785	675	50	27002	7	3	70	0	0	0	0	0	0	0	0	0	0	0	0	0	0	
450.030233	8	3	3	0	1	2	2	3794	675	50	27062	7	3	70	0	0	0	0	0	0	0	0	0	0	0	0	0	0	
451.035367	8	3	3	0	1	2	2	3803	675	47	27123	7	3	70	0	0	0	0	0	0	0	0	0	0	0	0	0	0	
452.021767	8	3	3	0	1	2	2	3811	674	47	27182	7	3	70	0	0	0	0	0	0	0	0	0	0	0	0	0	0	
453.028317	8	3	3	0	1	2	2	3819	674	50	27242	7	3	70	0	0	0	0	0	0	0	0	0	0	0	0	0	0	
454.033433	8	3	3	0	1	2	2	3827	674	50	27302	7	3	70	0	0	0	0	0	0	0	0	0	0	0	0	0	0	
455.019833	8	3	3	0	1	2	2	3835	675	47	27362	7	3	70	0	0	0	0	0	0	0	0	0	0	0	0	0	0	
456.024967	8	3	3	0	1	2	2	3843	675	50	27422	7	3	70	0	0	0	0	0	0	0	0	0	0	0	0	0	0	
457.030083	8	3	3	0	1	2	2	3849	674	47	27482	7	3	70	0	0	0	0	0	0	0	0	0	0	0	0	0	0	
458.035200	8	3	3	0	1	2	2	3856	674	47	27543	7	3	70	0	0	0	0	0	0	0	0	0	0	0	0	0	0	
459.023033	8	3	3	0	1	2	2	3862	674	50	27602	7	3	70	0	0	0	0	0	0	0	0	0	0	0	0	0	0	
460.028167	8	3	3	0	1	2	2	3867	674	47	27662	7	3	70	0	0	0	0	0	0	0	0	0	0	0	0	0	0	
461.033283	8	3	3	0	1	2	2	3873	675	47	27722	7	3	70	0	0	0	0	0	0	0	0	0	0	0	0	0	0	
462.019683	8	3	3	0	1	2	2	3878	675	47	27782	7	3	70	0	0	0	0	0	0	0	0	0	0	0	0	0	0	
463.024800	8	3	3	0	1	2	2	3883	674	47	27842	7	3	70	0	0	0	0	0	0	0	0	0	0	0	0	0	0	
464.034233	8	3	3	0	1	2	2	3888	675	47	27903	7	3	70	0	0	0	0	0	0	0	0	0	0	0	0	0	0	
465.020633	8	3	3	0	1	2	2	3893	675	50	27962	7	3	70	0	0	0	0	0	0	0	0	0	0	0	0	0	0	
466.025767	8	3	3	0	1	2	2	3897	674	47	28022	7	3	70	0	0	0	0	0	0	0	0	0	0	0	0	0	0	
467.030883	8	3	3	0	1	2	2	3902	674	47	28082	7	3	70	0	0	0	0	0	0	0	0	0	0	0	0	0	0	
468.037433	8	3	3	0	1	2	2	3906	674	47	28143	7	3	70	0	0	0	0	0	0	0	0	0	0	0	0	0	0	
469.023833	8	3	3	0	1	2	2	3911	675	47	28202	7	3	70	0	0	0	0	0	0	0	0	0	0	0	0	0	0	
470.028967	8	3	3	0	1	2	2	3915	674	47	28262	7	3	70	0	0	0	0	0	0	0	0	0	0	0	0	0	0	
471.034083	8	3	3	0	1	2	2	3919	673	47	28322	7	3	70	0	0	0	0	0	0	0	0	0	0	0	0	0	0	
472.020483	8	3	3	0	1	2	2	3924	674	50	28382	7	3	70	0	0	0	0	0	0	0	0	0	0	0	0	0	0	
473.025600	8	3	3	0	1	2	2	3928	673	47	28442	7	3	70	0	0	0	0	0	0	0	0	0	0	0	0	0	0	
474.032167	8	3	3	0	1	2	2	3933	675	50	28502	7	3	70	0	0	0	0	0	0	0	0	0	0	0	0	0	0	
475.037283	8	3	3	0	1	2	2	3937	674	47	28563	7	3	70	0	0	0	0	0	0	0	0	0	0	0	0	0	0	
476.023683	8	3	3	0	1	2	2	3942	675	47	28622	7	3	70	0	0	0	0	0	0	0	0	0	0	0	0	0	0	
477.028800	8	3	3	0	1	2	2	3946	674	50	28682	7	3	70	0	0	0	0	0	0	0	0	0	0	0	0	0	0	
478.033917	8	3	3	0	1	2	2	3951	675	50	28742	7	3	70	0	0	0	0	0	0	0	0	0	0	0	0	0	0	
479.020317	8	3	3	0	1	2	2	3956	673	47	28802	7	3	70	0	0	0	0	0	0	0	0	0	0	0	0	0	0	
480.026883	8	3	3	0	1	2	2	3961	674	50	28862	7	3	70	0	0	0	0	0	0	0	0	0	0	0	0	0	0	
481.032000	8	3	3	0	1	2	2	3966	674	47	28922	7	3	70	0	0	0	0	0	0	0	0	0	0	0	0	0	0	
482.037117	8	3	3	0	1	2	2	3971	675	47	28983	7	3	70	0	0	0	0	0	0	0	0	0	0	0	0	0	0	
483.023517	8	3	3	0	1	2	2	3976	675	47	29042	7	3	70	0	0	0	0	0	0	0	0	0	0	0	0	0	0	
484.028633	8	3	3	0	1	2	2	3981	674	47	29102	7	3	70	0	0	0	0	0	0	0	0	0	0	0	0	0	0	
485.035200	8	3	3	0	1	2	2	3987	676	47	29162	7	3	70	0	0	0	0	0	0	0	0	0	0	0	0	0	0	
486.021600	8	3	3	0	1	2	2	3992	675	47	29222	7	3	70	0	0	0	0	0	0	0	0	0	0	0	0	0	0	
487.026717	8	3	3	0	1	2	2	3998	675	47	29282	7	3	70	0	0	0	0	0	0	0	0	0	0	0	0	0	0	
488.031833	8	3	3	0	1	2	2	4003	675	50	29342	7	3	70	0	0	0	0	0	0	0	0	0	0	0	0	0	0	
489.036967	8	3	3	0	1	2	2	4009	674	50	29403	7	3	70	0	0	0	0	0	0	0	0	0	0	0	0	0	0	
490.024800	8	3	3	0	1	2	2	4015	674	47	29462	7	3	70	0	0	0	0	0	0	0	0	0	0	0	0	0	0	
491.029917	8	3	3	0	1	2	2	4021	675	50	29522	7	3	70	0	0	0	0	0	0	0	0	0	0	0	0	0	0	
492.035033	8	3	3	0	1	2	2	4027	674	47	29582	7	3	70	0	0	0	0	0	0	0	0	0	0	0	0	0	0	
493.021433	8	3	3	0	1	2	2	4033	676	47	29642	7	3	70	0	0	0	0	0	0	0	0	0	0	0	0	0	0	
494.026567	8	3	3	0	1	2	2	4039	675	50	29702	7	3	70	0	0	0	0	0	0	0	0	0	0	0	0	0	0	
495.031683	8	3	3	0	1	2	2	4046	674	47	29762	7	3	70	0	0	0	0	0	0	0	0	0	0	0	0	0	0	
496.038233	8	3	3	0	1	2	2	4052	675	47	29823	7	3	70	0	0	0	0	0	0	0	0	0	0	0	0	0	0	
497.024633	8	3	3	0	1	2	2	4059	674	47	29882	7	3	70	0	0	0	0	0	0	0	0	0	0	0	0	0	0	
498.029767	8	3	3	0	1	2	2	4065	675	50	29942	7	3	70	0	0	0	0	0	0	0	0	0	0	0	0	0	0	
499.034883	8	3	3	0	1	2	2	4072	675	50	30002	7	3	70	0	0	0	0	0	0	0	0	0	0	0	0	0	0	
500.041433	8	3	3	0	1	2	2	4079	675	47	30063	7	3	70	0	0	0	0	0	0	0	0	0	0	0	0	0	0	
501.027833	8	3	3	0	1	2	2	4086	675	47	30122	7	3	70	0	0	0	0	0	0	0	0	0	0	0	0	0	0	
502.032967	8	3	3	0	1	2	2	4093	674	50	30182	7	3	70	0	0	0	0	0	0	0	0	0	0	0	0	0	0	
503.038083	8	3	3	0	1	2	2	4100	674	50	30243	7	3	70	0	0	0	0	0	0	0	0	0	0	0	0	0	0	
504.024483	8	3	3	0	1	2	2	4107	675	50	30302	7	3	70	0	0	0	0	0	0	0	0	0	0	0	0	0	0	
505.031033	8	3	3	0	1	2	2	4115	674	47	30362	7	3	70	0	0	0	0	0	0	0	0	0	0	0	0	0	0	
506.036167	8	3	3	0	1	2	2	4121	667	47	30422	7	3	70	0	0	0	0	0	0	0	0	0	0	0	0	0	0	
507.041283	8	3	3	0	1	2	2	4128	664	47	30483	7	3	70	0	0	0	0	0	0	0	0	0	0	0	0	0	0	
508.027683	8	3	3	0	1	2	2	4135	663	47	30542	7	3	70	0	0	0	0	0	0	0	0	0	0	0	0	0	0	
509.032800	8	3	3	0	1	2	2	4143	663	47	30602	7	3	70	0	0	0	0	0	0	0	0	0	0	0	0	0	0	
510.037917	8	3	3	0	1	2	2	4150	662	50	30663	7	3	70	0	0	0	0	0	0	0	0	0	0	0	0	0	0	
511.025767	8	3	3	0	1	2	2	4158	660	47	30722	7	3	70	0	0	0	0	0	0	0	0	0	0	0	0	0	0	
512.030883	8	3	3	0	1	2	2	4166	659	47	30782	7	3	70	0	0	0	0	0	0	0	0	0	0	0	0	0	0	
513.036000	8	3	3	0	1	2	2	4173	658	47	30842	7	3	70	0	0	0	0	0	0	0	0	0	0	0	0	0	0	
514.041117	8	3	3	0	1	2	2	4181	657	47	30903	7	3	70	0	0	0	0	0	0	0	0	0	0	0	0	0	0	
515.027517	8	3	3	0	1	2	2	4189	656	47	30962	7	3	70	0	0	0	0	0	0	0	0	0	0	0	0	0	0	
516.034083	8	3	3	0	1	2	2	4197	655	47	31022	7	3	70	0	0	0	0	0	0	0	0	0	0	0	0	0	0	
517.039200	8	3	3	0	1	2	2	4198	602	47	31083	7	3	70	0	0	0	0	0	0	0	0	0	0	0	0	0	0	
518.025600	8	3	3	0	1	2	2	4198	555	47	31142	7	3	70	0	0	0	0	0	0	0	0	0	0	0	0	0	0	
519.030717	8	3	3	0	1	2	2	4198	512	47	31202	7	3	70	0	0	0	0	0	0	0	0	0	0	0	0	0	0	
520.035833	8	3	3	0	1	2	2	4198	474	47	31262	7	3	70	0	0	0	0	0	0	0	0	0	0	0	0	0	0	
521.040967	8	3	3	0	1	2	2	4198	439	47	31323	7	3	70	0	0	0	0	0	0	0	0	0	0	0	0	0	0	
522.028800	8	3	3	0	1	2	2	4198	409	47	31382	7	3	70	0	0	0	0	0	0	0	0	0	0	0	0	0	0	
523.033917	8	3	3	0	1	2	2	4199	380	47	31442	7	3	70	0	0	0	0	0	0	0	0	0	0	0	0	0	0	
524.039033	8	3	3	0	1	2	2	4199	352	47	31503	7	3	70	0	0	0	0	0	0	0	0	0	0	0	0	0	0	
525.025433	8	3	3	0	1	2	2	4198	330	47	31562	7	3	70	0	0	0	0	0	0	0	0	0	0	0	0	0	0	
526.030567	8	3	3	0	1	2	2	4198	307	47	31622	7	3	70	0	0	0	0	0	0	0	0	0	0	0	0	0	0	
527.037117	8	3	3	0	1	2	2	4199	286	47	31682	7	3	70	0	0	0	0	0	0	0	0	0	0	0	0	0	0	
528.042233	8	3	3	0	1	2	2	4198	268	47	31743	7	3	70	0	0	0	0	0	0	0	0	0	0	0	0	0	0	
529.028633	8	3	3	0	1	2	2	4198	250	47	31802	7	3	70	0	0	0	0	0	0	0	0	0	0	0	0	0	0	
530.033767	8	3	3	0	1	2	2	4198	234	47	31862	7	3	70	0	0	0	0	0	0	0	0	0	0	0	0	0	0	
531.038883	8	3	3	0	1	2	2	4199	219	47	31923	7	3	70	0	0	0	0	0	0	0	0	0	0	0	0	0	0	
532.025283	8	3	3	0	1	2	2	4198	205	47	31982	7	3	70	0	0	0	0	0	0	0	0	0	0	0	0	0	0	
533.031833	8	3	3	0	1	2	2	4198	192	47	32042	7	3	70	0	0	0	0	0	0	0	0	0	0	0	0	0	0	
534.036967	8	3	3	0	1	2	2	4199	180	47	32102	7	3	70	0	0	0	0	0	0	0	0	0	0	0	0	0	0	
535.042083	8	3	3	0	1	2	2	4198	170	47	32163	7	3	70	0	0	0	0	0	0	0	0	0	0	0	0	0	0	
536.028483	8	3	3	0	1	2	2	4199	159	50	32222	7	3	70	0	0	0	0	0	0	0	0	0	0	0	0	0	0	
537.033600	8	3	3	0	1	2	2	4199	149	47	32282	7	3	70	0	0	0	0	0	0	0	0	0	0	0	0	0	0	
538.040167	8	3	3	0	1	2	2	4199	141	50	32342	7	3	70	0	0	0	0	0	0	0	0	0	0	0	0	0	0	
539.026567	8	3	3	0	1	2	2	4199	132	50	32402	7	3	70	0	0	0	0	0	0	0	0	0	0	0	0	0	0	
540.031683	8	3	3	0	1	2	2	4199	124	47	32462	7	3	70	0	0	0	0	0	0	0	0	0	0	0	0	0	0	
541.036800	8	3	3	0	1	2	2	4199	118	47	32522	7	3	70	0	0	0	0	0	0	0	0	0	0	0	0	0	0	
542.041917	8	3	3	0	1	2	2	4198	112	47	32583	7	3	70	0	0	0	0	0	0	0	0	0	0	0	0	0	0	
543.028317	8	3	3	0	1	2	2	4198	105	47	32642	7	3	70	0	0	0	0	0	0	0	0	0	0	0	0	0	0	
544.034883	8	3	3	0	1	2	2	4198	99	47	32702	7	3	70	0	0	0	0	0	0	0	0	0	0	0	0	0	0	
545.040000	8	3	3	0	1	2	2	4198	94	47	32762	7	3	70	0	0	0	0	0	0	0	0	0	0	0	0	0	0	
546.026400	8	3	3	0	1	2	2	4199	89	47	32822	7	3	70	0	0	0	0	0	0	0	0	0	0	0	0	0	0	
547.031517	8	3	3	0	1	2	2	4199	85	50	32882	7	3	70	0	0	0	0	0	0	0	0	0	0	0	0	0	0	
548.038083	8	3	3	0	1	2	2	4198	79	47	32942	7	3	70	0	0	0	0	0	0	0	0	0	0	0	0	0	0	
549.043200	8	3	3	0	1	2	2	4198	75	47	33003	7	3	70	0	0	0	0	0	0	0	0	0	0	0	0	0	0	
550.029600	8	3	3	0	1	2	2	4198	72	50	33062	7	3	70	0	0	0	0	0	0	0	0	0	0	0	0	0	0	
551.034717	8	3	3	0	1	2	2	4199	69	50	33122	7	3	70	0	0	0	0	0	0	0	0	0	0	0	0	0	0	
551.417767	8	6	3	0	2	7	1	4120	-795	47	33145	7	4	0	0	0	0	0	0	0	0	0	0	0	0	0	0	0	
552.041283	8	6	3	0	2	7	1	4012	-1349	50	33183	7	4	0	0	0	0	0	0	0	0	0	0	0	0	0	0	0	
553.027683	8	6	3	0	2	7	1	3976	-1349	47	33242	7	4	2	0	0	0	0	0	0	0	0	0	0	0	0	0	0	
554.034233	8	6	3	0	2	7	1	3947	-1349	50	33302	7	4	4	0	0	0	0	0	0	0	0	0	0	0	0	0	0	
555.039367	8	6	3	0	2	7	1	3923	-1349	47	33362	7	4	5	0	0	0	0	0	0	0	0	0	0	0	0	0	0	
556.044483	8	6	3	0	2	7	1	3899	-1350	47	33423	7	4	7	0	0	0	0	0	0	0	0	0	0	0	0	0	0	
557.030883	8	6	3	0	2	7	1	3877	-1350	47	33482	7	4	9	0	0	0	0	0	0	0	0	0	0	0	0	0	0	
558.036000	8	6	3	0	2	7	1	3856	-1350	47	33542	7	4	10	0	0	0	0	0	0	0	0	0	0	0	0	0	0	
559.042567	8	6	3	0	2	7	1	3836	-1350	47	33603	7	4	12	0	0	0	0	0	0	0	0	0	0	0	0	0	0	
560.028967	8	6	3	0	2	7	1	3816	-1351	50	33662	7	4	14	0	0	0	0	0	0	0	0	0	0	0	0	0	0	
561.034083	8	6	3	0	2	7	1	3797	-1349	47	33722	7	4	15	0	0	0	0	0	0	0	0	0	0	0	0	0	0	
562.039200	8	6	3	0	2	7	1	3779	-1350	47	33782	7	4	17	0	0	0	0	0	0	0	0	0	0	0	0	0	0	
563.044317	8	6	3	0	2	7	1	3761	-1349	50	33843	7	4	19	0	0	0	0	0	0	0	0	0	0	0	0	0	0	
564.030717	8	6	3	0	2	7	1	3744	-1349	50	33902	7	4	20	0	0	0	0	0	0	0	0	0	0	0	0	0	0	
565.037283	8	6	3	0	2	7	1	3727	-1349	47	33962	7	4	22	0	0	0	0	0	0	0	0	0	0	0	0	0	0	
566.042400	8	6	3	0	2	7	1	3711	-1350	50	34023	7	4	24	0	0	0	0	0	0	0	0	0	0	0	0	0	0	
567.028800	8	6	3	0	2	7	1	3696	-1349	47	34082	7	4	25	0	0	0	0	0	0	0	0	0	0	0	0	0	0	
568.033917	8	6	3	0	2	7	1	3681	-1348	47	34142	7	4	27	0	0	0	0	0	0	0	0	0	0	0	0	0	0	
569.039033	8	6	3	0	2	7	1	3667	-1350	47	34202	7	4	29	0	0	0	0	0	0	0	0	0	0	0	0	0	0	
570.045600	8	6	3	0	2	7	1	3653	-1350	47	34263	7	4	30	0	0	0	0	0	0	0	0	0	0	0	0	0	0	
571.032000	8	6	3	0	2	7	1	3640	-1349	50	34322	7	4	32	0	0	0	0	0	0	0	0	0	0	0	0	0	0	
572.037117	8	6	3	0	2	7	1	3628	-1350	47	34382	7	4	34	0	0	0	0	0	0	0	0	0	0	0	0	0	0	
573.042233	8	6	3	0	2	7	1	3616	-1349	47	34443	7	4	35	0	0	0	0	0	0	0	0	0	0	0	0	0	0	
574.028633	8	6	3	0	2	7	1	3605	-1350	47	34502	7	4	37	0	0	0	0	0	0	0	0	0	0	0	0	0	0	
575.035200	8	6	3	0	2	7	1	3594	-1349	47	34562	7	4	39	0	0	0	0	0	0	0	0	0	0	0	0	0	0	
576.040317	8	6	3	0	2	7	1	3583	-1350	47	34622	7	4	40	0	0	0	0	0	0	0	0	0	0	0	0	0	0	
577.045433	8	6	3	0	2	7	1	3573	-1350	50	34683	7	4	42	0	0	0	0	0	0	0	0	0	0	0	0	0	0	
578.031833	8	6	3	0	2	7	1	3564	-1349	47	34742	7	4	44	0	0	0	0	0	0	0	0	0	0	0	0	0	0	
579.036967	8	6	3	0	2	7	1	3554	-1349	47	34802	7	4	45	0	0	0	0	0	0	0	0	0	0	0	0	0	0	
580.043517	8	6	3	0	2	7	1	3545	-1350	50	34862	7	4	47	0	0	0	0	0	0	0	0	0	0	0	0	0	0	
581.029917	8	6	3	0	2	7	1	3536	-1351	50	34922	7	4	49	0	0	0	0	0	0	0	0	0	0	0	0	0	0	
582.035033	8	6	3	0	2	7	1	3527	-1349	47	34982	7	4	50	0	0	0	0	0	0	0	0	0	0	0	0	0	0	
583.040167	8	6	3	0	2	7	1	3518	-1350	47	35042	7	4	52	0	0	0	0	0	0	0	0	0	0	0	0	0	0	
584.045283	8	6	3	0	2	7	1	3508	-1348	47	35103	7	4	54	0	0	0	0	0	0	0	0	0	0	0	0	0	0	
585.031683	8	6	3	0	2	7	1	3498	-1349	50	35162	7	4	55	0	0	0	0	0	0	0	0	0	0	0	0	0	0	
586.036800	8	6	3	0	2	7	1	3486	-1350	47	35222	7	4	57	0	0	0	0	0	0	0	0	0	0	0	0	0	0	
587.043367	8	6	3	0	2	7	1	3472	-1350	47	35282	7	4	59	0	0	0	0	0	0	0	0	0	0	0	0	0	0	
588.029767	8	6	3	0	2	7	1	3454	-1348	47	35342	7	4	60	0	0	0	0	0	0	0	0	0	0	0	0	0	0	
589.034883	8	6	3	0	2	7	1	3430	-1348	47	35402	7	4	62	0	0	0	0	0	0	0	0	0	0	0	0	0	0	
590.040000	8	6	3	0	2	7	1	3394	-1350	50	35462	7	4	63	0	0	0	0	0	0	0	0	0	0	0	0	0	0	
591.045117	8	6	3	0	2	7	1	3331	-1350	47	35523	7	4	65	0	0	0	0	0	0	0	0	0	0	0	0	0	0	
592.032967	8	6	3	0	2	7	1	3214	-1350	47	35582	7	4	67	0	0	0	0	0	0	0	0	0	0	0	0	0	0	
593.038083	8	6	3	0	2	7	1	2984	-1350	47	35642	7	4	68	0	0	0	0	0	0	0	0	0	0	0	0	0	0	
593.665917	8	15	3	0	1	31	2	2790	33	47	35680	8	4	69	0	0	0	0	0	0	0	0	0	0	0	0	0	0	
593.687517	8	4	3	0	1	3	2	2967	63	47	35681	8	4	69	0	0	0	0	0	0	0	0	0	0	0	0	0	0	
593.707683	8	3	3	0	1	2	2	3090	521	47	35682	9	4	69	0	0	0	0	0	0	0	0	0	0	0	0	0	0	
594.030233	8	3	3	0	1	2	2	3449	673	47	35702	9	4	69	0	0	0	0	0	0	0	0	0	0	0	0	0	0	
595.035367	8	3	3	0	1	2	2	3647	675	47	35762	9	4	69	0	0	0	0	0	0	0	0	0	0	0	0	0	0	
596.041917	8	3	3	0	1	2	2	3717	673	47	35822	9	4	69	0	0	0	0	0	0	0	0	0	0	0	0	0	0	
597.047033	8	3	3	0	1	2	2	3753	675	47	35883	9	4	69	0	0	0	0	0	0	0	0	0	0	0	0	0	0	
598.033433	8	3	3	0	1	2	2	3772	676	47	35942	9	4	69	0	0	0	0	0	0	0	0	0	0	0	0	0	0	
599.040000	8	3	3	0	1	2	2	3784	674	47	36002	9	4	69	0	0	0	0	0	0	0	0	0	0	0	0	0	0	
600.045117	8	3	3	0	1	2	2	3794	673	47	36063	9	4	69	0	0	0	0	0	0	0	0	0	0	0	0	0	0	
601.031517	8	3	3	0	1	2	2	3804	673	47	36122	9	4	69	0	0	0	0	0	0	0	0	0	0	0	0	0	0	
602.036633	8	3	3	0	1	2	2	3812	675	47	36182	9	4	69	0	0	0	0	0	0	0	0	0	0	0	0	0	0	
603.041767	8	3	3	0	1	2	2	3820	675	47	36242	9	4	69	0	0	0	0	0	0	0	0	0	0	0	0	0	0	
604.048317	8	3	3	0	1	2	2	3828	674	47	36303	9	4	69	0	0	0	0	0	0	0	0	0	0	0	0	0	0	
605.034717	8	3	3	0	1	2	2	3836	675	47	36362	9	4	69	0	0	0	0	0	0	0	0	0	0	0	0	0	0	
606.039833	8	3	3	0	1	2	2	3844	674	47	36422	9	4	69	0	0	0	0	0	0	0	0	0	0	0	0	0	0	
607.044967	8	3	3	0	1	2	2	3850	674	50	36483	9	4	69	0	0	0	0	0	0	0	0	0	0	0	0	0	0	
608.031367	8	3	3	0	1	2	2	3857	674	47	36542	9	4	69	0	0	0	0	0	0	0	0	0	0	0	0	0	0	
609.036483	8	3	3	0	1	2	2	3863	675	47	36602	9	4	69	0	0	0	0	0	0	0	0	0	0	0	0	0	0	
610.043033	8	3	3	0	1	2	2	3869	675	47	36662	9	4	69	0	0	0	0	0	0	0	0	0	0	0	0	0	0	
611.048167	8	3	3	0	1	2	2	3874	674	50	36723	9	4	69	0	0	0	0	0	0	0	0	0	0	0	0	0	0	
612.034567	8	3	3	0	1	2	2	3879	675	47	36782	9	4	69	0	0	0	0	0	0	0	0	0	0	0	0	0	0	
613.039683	8	3	3	0	1	2	2	3884	675	47	36842	9	4	69	0	0	0	0	0	0	0	0	0	0	0	0	0	0	
614.044800	8	3	3	0	1	2	2	3889	674	47	36902	9	4	69	0	0	0	0	0	0	0	0	0	0	0	0	0	0	
615.032633	8	3	3	0	1	2	2	3893	675	50	36962	9	4	69	0	0	0	0	0	0	0	0	0	0	0	0	0	0	
616.037767	8	3	3	0	1	2	2	3898	676	47	37022	9	4	69	0	0	0	0	0	0	0	0	0	0	0	0	0	0	
617.042883	8	3	3	0	1	2	2	3902	674	47	37082	9	4	69	0	0	0	0	0	0	0	0	0	0	0	0	0	0	
618.048000	8	3	3	0	1	2	2	3907	674	47	37143	9	4	69	0	0	0	0	0	0	0	0	0	0	0	0	0	0	
619.034400	8	3	3	0	1	2	2	3911	675	47	37202	9	4	69	0	0	0	0	0	0	0	0	0	0	0	0	0	0	
620.039517	8	3	3	0	1	2	2	3915	674	47	37262	9	4	69	0	0	0	0	0	0	0	0	0	0	0	0	0	0	
621.046083	8	3	3	0	1	2	2	3920	673	47	37322	9	4	69	0	0	0	0	0	0	0	0	0	0	0	0	0	0	
622.032483	8	3	3	0	1	2	2	3924	675	50	37382	9	4	69	0	0	0	0	0	0	0	0	0	0	0	0	0	0	
623.037600	8	3	3	0	1	2	2	3929	674	47	37442	9	4	69	0	0	0	0	0	0	0	0	0	0	0	0	0	0	
624.042717	8	3	3	0	1	2	2	3933	674	47	37502	9	4	69	0	0	0	0	0	0	0	0	0	0	0	0	0	0	
625.049283	8	3	3	0	1	2	2	3937	675	50	37563	9	4	69	0	0	0	0	0	0	0	0	0	0	0	0	0	0	
626.035683	8	3	3	0	1	2	2	3942	676	47	37622	9	4	69	0	0	0	0	0	0	0	0	0	0	0	0	0	0	
627.040800	8	3	3	0	1	2	2	3947	675	47	37682	9	4	69	0	0	0	0	0	0	0	0	0	0	0	0	0	0	
628.045917	8	3	3	0	1	2	2	3952	674	50	37742	9	4	69	0	0	0	0	0	0	0	0	0	0	0	0	0	0	
629.032317	8	3	3	0	1	2	2	3956	675	47	37802	9	4	69	0	0	0	0	0	0	0	0	0	0	0	0	0	0	
630.037433	8	3	3	0	1	2	2	3962	675	47	37862	9	4	69	0	0	0	0	0	0	0	0	0	0	0	0	0	0	
631.044000	8	3	3	0	1	2	2	3966	674	47	37922	9	4	69	0	0	0	0	0	0	0	0	0	0	0	0	0	0	
632.049117	8	3	3	0	1	2	2	3972	675	47	37983	9	4	69	0	0	0	0	0	0	0	0	0	0	0	0	0	0	
633.035517	8	3	3	0	1	2	2	3977	676	50	38042	9	4	69	0	0	0	0	0	0	0	0	0	0	0	0	0	0	
634.040633	8	3	3	0	1	2	2	3982	674	47	38102	9	4	69	0	0	0	0	0	0	0	0	0	0	0	0	0	0	
635.045767	8	3	3	0	1	2	2	3988	675	47	38162	9	4	69	0	0	0	0	0	0	0	0	0	0	0	0	0	0	
636.033600	8	3	3	0	1	2	2	3993	675	47	38222	9	4	69	0	0	0	0	0	0	0	0	0	0	0	0	0	0	
637.038717	8	3	3	0	1	2	2	3998	674	47	38282	9	4	69	0	0	0	0	0	0	0	0	0	0	0	0	0	0	
638.043833	8	3	3	0	1	2	2	4004	674	47	38342	9	4	69	0	0	0	0	0	0	0	0	0	0	0	0	0	0	
639.048967	8	3	3	0	1	2	2	4010	674	50	38403	9	4	69	0	0	0	0	0	0	0	0	0	0	0	0	0	0	
640.035367	8	3	3	0	1	2	2	4015	675	47	38462	9	4	69	0	0	0	0	0	0	0	0	0	0	0	0	0	0	
641.041917	8	3	3	0	1	2	2	4022	675	47	38522	9	4	69	0	0	0	0	0	0	0	0	0	0	0	0	0	0	
642.047033	8	3	3	0	1	2	2	4028	674	47	38582	9	4	69	0	0	0	0	0	0	0	0	0	0	0	0	0	0	
643.033433	8	3	3	0	1	2	2	4034	675	47	38642	9	4	69	0	0	0	0	0	0	0	0	0	0	0	0	0	0	
644.038567	8	3	3	0	1	2	2	4040	674	47	38702	9	4	69	0	0	0	0	0	0	0	0	0	0	0	0	0	0	
645.043683	8	3	3	0	1	2	2	4047	675	47	38762	9	4	69	0	0	0	0	0	0	0	0	0	0	0	0	0	0	
646.048800	8	3	3	0	1	2	2	4053	674	47	38823	9	4	69	0	0	0	0	0	0	0	0	0	0	0	0	0	0	
647.036633	8	3	3	0	1	2	2	4059	675	47	38882	9	4	69	0	0	0	0	0	0	0	0	0	0	0	0	0	0	
648.041767	8	3	3	0	1	2	2	4066	674	47	38942	9	4	69	0	0	0	0	0	0	0	0	0	0	0	0	0	0	
649.046883	8	3	3	0	1	2	2	4073	675	47	39002	9	4	69	0	0	0	0	0	0	0	0	0	0	0	0	0	0	
650.052000	8	3	3	0	1	2	2	4080	675	47	39063	9	4	69	0	0	0	0	0	0	0	0	0	0	0	0	0	0	
651.038400	8	3	3	0	1	2	2	4087	675	47	39122	9	4	69	0	0	0	0	0	0	0	0	0	0	0	0	0	0	
652.043517	8	3	3	0	1	2	2	4094	674	47	39182	9	4	69	0	0	0	0	0	0	0	0	0	0	0	0	0	0	
653.050083	8	3	3	0	1	2	2	4101	674	47	39243	9	4	69	0	0	0	0	0	0	0	0	0	0	0	0	0	0	
654.036483	8	3	3	0	1	2	2	4108	674	47	39302	9	4	69	0	0	0	0	0	0	0	0	0	0	0	0	0	0	
655.041600	8	3	3	0	1	2	2	4116	676	47	39362	9	4	69	0	0	0	0	0	0	0	0	0	0	0	0	0	0	
656.046717	8	3	3	0	1	2	2	4122	666	47	39422	9	4	69	0	0	0	0	0	0	0	0	0	0	0	0	0	0	
657.051833	8	3	3	0	1	2	2	4129	664	47	39483	9	4	69	0	0	0	0	0	0	0	0	0	0	0	0	0	0	
658.039683	8	3	3	0	1	2	2	4137	662	47	39542	9	4	69	0	0	0	0	0	0	0	0	0	0	0	0	0	0	
659.044800	8	3	3	0	1	2	2	4144	661	47	39602	9	4	69	0	0	0	0	0	0	0	0	0	0	0	0	0	0	
660.049917	8	3	3	0	1	2	2	4151	662	47	39663	9	4	69	0	0	0	0	0	0	0	0	0	0	0	0	0	0	
661.036317	8	3	3	0	1	2	2	4160	660	47	39722	9	4	69	0	0	0	0	0	0	0	0	0	0	0	0	0	0	
662.041433	8	3	3	0	1	2	2	4167	659	47	39782	9	4	69	0	0	0	0	0	0	0	0	0	0	0	0	0	0	
663.046567	8	3	3	0	1	2	2	4175	658	47	39842	9	4	69	0	0	0	0	0	0	0	0	0	0	0	0	0	0	
664.053117	8	3	3	0	1	2	2	4183	656	47	39903	9	4	69	0	0	0	0	0	0	0	0	0	0	0	0	0	0	
665.039517	8	3	3	0	1	2	2	4190	655	47	39962	9	4	69	0	0	0	0	0	0	0	0	0	0	0	0	0	0	
666.044633	8	3	3	0	1	2	2	4199	656	47	40022	9	4	69	0	0	0	0	0	0	0	0	0	0	0	0	0	0	
667.049767	8	3	3	0	1	2	2	4198	594	47	40083	9	4	69	0	0	0	0	0	0	0	0	0	0	0	0	0	0	
668.036167	8	3	3	0	1	2	2	4198	548	47	40142	9	4	69	0	0	0	0	0	0	0	0	0	0	0	0	0	0	
669.042717	8	3	3	0	1	2	2	4198	505	47	40202	9	4	69	0	0	0	0	0	0	0	0	0	0	0	0	0	0	
670.047833	8	3	3	0	1	2	2	4199	467	47	40262	9	4	69	0	0	0	0	0	0	0	0	0	0	0	0	0	0	
671.052967	8	3	3	0	1	2	2	4199	434	50	40323	9	4	69	0	0	0	0	0	0	0	0	0	0	0	0	0	0	
672.039367	8	3	3	0	1	2	2	4199	403	50	40382	9	4	69	0	0	0	0	0	0	0	0	0	0	0	0	0	0	
673.044483	8	3	3	0	1	2	2	4198	375	47	40442	9	4	69	0	0	0	0	0	0	0	0	0	0	0	0	0	0	
674.051033	8	3	3	0	1	2	2	4199	349	47	40503	9	4	69	0	0	0	0	0	0	0	0	0	0	0	0	0	0	
675.037433	8	3	3	0	1	2	2	4198	325	47	40562	9	4	69	0	0	0	0	0	0	0	0	0	0	0	0	0	0	
676.042567	8	3	3	0	1	2	2	4198	303	47	40622	9	4	69	0	0	0	0	0	0	0	0	0	0	0	0	0	0	
677.047683	8	3	3	0	1	2	2	4199	283	47	40682	9	4	69	0	0	0	0	0	0	0	0	0	0	0	0	0	0	
678.052800	8	3	3	0	1	2	2	4199	264	47	40743	9	4	69	0	0	0	0	0	0	0	0	0	0	0	0	0	0	
679.039200	8	3	3	0	1	2	2	4199	247	47	40802	9	4	69	0	0	0	0	0	0	0	0	0	0	0	0	0	0	
680.045767	8	3	3	0	1	2	2	4199	232	47	40862	9	4	69	0	0	0	0	0	0	0	0	0	0	0	0	0	0	
681.050883	8	3	3	0	1	2	2	4198	216	47	40922	9	4	69	0	0	0	0	0	0	0	0	0	0	0	0	0	0	
682.037283	8	3	3	0	1	2	2	4198	203	47	40982	9	4	69	0	0	0	0	0	0	0	0	0	0	0	0	0	0	
683.042400	8	3	3	0	1	2	2	4198	190	47	41042	9	4	69	0	0	0	0	0	0	0	0	0	0	0	0	0	0	
684.047517	8	3	3	0	1	2	2	4198	177	47	41102	9	4	69	0	0	0	0	0	0	0	0	0	0	0	0	0	0	
685.052633	8	3	3	0	1	2	2	4199	167	47	41163	9	4	69	0	0	0	0	0	0	0	0	0	0	0	0	0	0	
686.040483	8	3	3	0	1	2	2	4198	157	47	41222	9	4	69	0	0	0	0	0	0	0	0	0	0	0	0	0	0	
687.045600	8	3	3	0	1	2	2	4199	147	47	41282	9	4	69	0	0	0	0	0	0	0	0	0	0	0	0	0	0	
688.050717	8	3	3	0	1	2	2	4199	139	47	41342	9	4	69	0	0	0	0	0	0	0	0	0	0	0	0	0	0	
689.037117	8	3	3	0	1	2	2	4199	131	47	41402	9	4	69	0	0	0	0	0	0	0	0	0	0	0	0	0	0	
690.042233	8	3	3	0	1	2	2	4199	123	50	41462	9	4	69	0	0	0	0	0	0	0	0	0	0	0	0	0	0	
691.048800	8	3	3	0	1	2	2	4199	116	47	41522	9	4	69	0	0	0	0	0	0	0	0	0	0	0	0	0	0	
692.053917	8	3	3	0	1	2	2	4199	110	47	41583	9	4	69	0	0	0	0	0	0	0	0	0	0	0	0	0	0	
693.040317	8	3	3	0	1	2	2	4198	104	47	41642	9	4	69	0	0	0	0	0	0	0	0	0	0	0	0	0	0	
694.045433	8	3	3	0	1	2	2	4198	99	47	41702	9	4	69	0	0	0	0	0	0	0	0	0	0	0	0	0	0	
695.050567	8	3	3	0	1	2	2	4198	92	47	41762	9	4	69	0	0	0	0	0	0	0	0	0	0	0	0	0	0	
696.041283	8	3	3	0	1	2	2	4198	87	47	41822	9	4	69	0	0	0	0	0	0	0	0	0	0	0	0	0	0	
697.046400	8	3	3	0	1	2	2	4198	83	47	41882	9	4	69	0	0	0	0	0	0	0	0	0	0	0	0	0	0	
698.051517	8	3	3	0	1	2	2	4198	78	47	41942	9	4	69	0	0	0	0	0	0	0	0	0	0	0	0	0	0	
699.037917	8	3	3	0	1	2	2	4198	73	47	42002	9	4	69	0	0	0	0	0	0	0	0	0	0	0	0	0	0	
700.044483	8	3	3	0	1	2	2	4198	70	47	42062	9	4	69	0	0	0	0	0	0	0	0	0	0	0	0	0	0	
701.049600	8	3	3	0	1	2	2	4199	67	47	42122	9	4	69	0	0	0	0	0	0	0	0	0	0	0	0	0	0	
701.094233	8	6	3	0	2	7	1	4103	-965	47	42125	9	5	0	0	0	0	0	0	0	0	0	0	0	0	0	0	0	
702.037433	8	6	3	0	2	7	1	3997	-1349	47	42182	9	5	1	0	0	0	0	0	0	0	0	0	0	0	0	0	0	
703.044000	8	6	3	0	2	7	1	3964	-1351	47	42242	9	5	3	0	0	0	0	0	0	0	0	0	0	0	0	0	0	
704.049117	8	6	3	0	2	7	1	3937	-1351	47	42302	9	5	4	0	0	0	0	0	0	0	0	0	0	0	0	0	0	
705.054233	8	6	3	0	2	7	1	3912	-1349	47	42363	9	5	6	0	0	0	0	0	0	0	0	0	0	0	0	0	0	
706.040633	8	6	3	0	2	7	1	3890	-1349	47	42422	9	5	8	0	0	0	0	0	0	0	0	0	0	0	0	0	0	
707.045767	8	6	3	0	2	7	1	3868	-1350	47	42482	9	5	9	0	0	0	0	0	0	0	0	0	0	0	0	0	0	
708.052317	8	6	3	0	2	7	1	3847	-1349	47	42542	9	5	11	0	0	0	0	0	0	0	0	0	0	0	0	0	0	
709.038717	8	6	3	0	2	7	1	3827	-1349	47	42602	9	5	13	0	0	0	0	0	0	0	0	0	0	0	0	0	0	
710.043833	8	6	3	0	2	7	1	3807	-1350	47	42662	9	5	14	0	0	0	0	0	0	0	0	0	0	0	0	0	0	
711.048967	8	6	3	0	2	7	1	3788	-1349	47	42722	9	5	16	0	0	0	0	0	0	0	0	0	0	0	0	0	0	
712.054083	8	6	3	0	2	7	1	3770	-1350	47	42783	9	5	18	0	0	0	0	0	0	0	0	0	0	0	0	0	0	
713.040483	8	6	3	0	2	7	1	3753	-1348	47	42842	9	5	19	0	0	0	0	0	0	0	0	0	0	0	0	0	0	
714.047033	8	6	3	0	2	7	1	3736	-1351	47	42902	9	5	21	0	0	0	0	0	0	0	0	0	0	0	0	0	0	
715.052167	8	6	3	0	2	7	1	3719	-1348	47	42962	9	5	23	0	0	0	0	0	0	0	0	0	0	0	0	0	0	
716.057283	8	6	3	0	2	7	1	3703	-1349	47	43023	9	5	24	0	0	0	0	0	0	0	0	0	0	0	0	0	0	
717.043683	8	6	3	0	2	7	1	3689	-1349	47	43082	9	5	26	0	0	0	0	0	0	0	0	0	0	0	0	0	0	
718.048800	8	6	3	0	2	7	1	3674	-1348	47	43142	9	5	28	0	0	0	0	0	0	0	0	0	0	0	0	0	0	
719.055367	8	6	3	0	2	7	1	3660	-1349	47	43203	9	5	29	0	0	0	0	0	0	0	0	0	0	0	0	0	0	
720.041767	8	6	3	0	2	7	1	3647	-1349	47	43262	9	5	31	0	0	0	0	0	0	0	0	0	0	0	0	0	0	
721.046883	8	6	3	0	2	7	1	3634	-1350	47	43322	9	5	33	0	0	0	0	0	0	0	0	0	0	0	0	0	0	
722.052000	8	6	3	0	2	7	1	3622	-1349	47	43382	9	5	34	0	0	0	0	0	0	0	0	0	0	0	0	0	0	
723.057117	8	6	3	0	2	7	1	3610	-1350	47	43443	9	5	36	0	0	0	0	0	0	0	0	0	0	0	0	0	0	
724.043517	8	6	3	0	2	7	1	3599	-1350	47	43502	9	5	38	0	0	0	0	0	0	0	0	0	0	0	0	0	0	
725.050083	8	6	3	0	2	7	1	3588	-1348	47	43562	9	5	39	0	0	0	0	0	0	0	0	0	0	0	0	0	0	
726.055200	8	6	3	0	2	7	1	3578	-1350	47	43623	9	5	41	0	0	0	0	0	0	0	0	0	0	0	0	0	0	
727.041600	8	6	3	0	2	7	1	3568	-1350	47	43682	9	5	42	0	0	0	0	0	0	0	0	0	0	0	0	0	0	
728.046717	8	6	3	0	2	7	1	3559	-1348	47	43742	9	5	44	0	0	0	0	0	0	0	0	0	0	0	0	0	0	
729.053283	8	6	3	0	2	7	1	3549	-1349	47	43802	9	5	46	0	0	0	0	0	0	0	0	0	0	0	0	0	0	
730.058400	8	6	3	0	2	7	1	3541	-1349	47	43863	9	5	47	0	0	0	0	0	0	0	0	0	0	0	0	0	0	
731.044800	8	6	3	0	2	7	1	3532	-1350	47	43922	9	5	49	0	0	0	0	0	0	0	0	0	0	0	0	0	0	
732.049917	8	6	3	0	2	7	1	3523	-1349	47	43982	9	5	51	0	0	0	0	0	0	0	0	0	0	0	0	0	0	
733.055033	8	6	3	0	2	7	1	3513	-1349	47	44043	9	5	52	0	0	0	0	0	0	0	0	0	0	0	0	0	0	
734.041433	8	6	3	0	2	7	1	3503	-1350	47	44102	9	5	54	0	0	0	0	0	0	0	0	0	0	0	0	0	0	
735.048000	8	6	3	0	2	7	1	3492	-1349	47	44162	9	5	56	0	0	0	0	0	0	0	0	0	0	0	0	0	0	
736.053117	8	6	3	0	2	7	1	3479	-1349	47	44222	9	5	57	0	0	0	0	0	0	0	0	0	0	0	0	0	0	
737.058233	8	6	3	0	2	7	1	3464	-1348	47	44283	9	5	59	0	0	0	0	0	0	0	0	0	0	0	0	0	0	
738.044633	8	6	3	0	2	7	1	3444	-1350	47	44342	9	5	61	0	0	0	0	0	0	0	0	0	0	0	0	0	0	
739.049767	8	6	3	0	2	7	1	3415	-1351	50	44402	9	5	62	0	0	0	0	0	0	0	0	0	0	0	0	0	0	
740.056317	8	6	3	0	2	7	1	3368	-1350	47	44463	9	5	64	0	0	0	0	0	0	0	0	0	0	0	0	0	0	
741.042717	8	6	3	0	2	7	1	3282	-1350	47	44522	9	5	66	0	0	0	0	0	0	0	0	0	0	0	0	0	0	
742.047833	8	6	3	0	2	7	1	3119	-1348	47	44582	9	5	67	0	0	0	0	0	0	0	0	0	0	0	0	0	0	
743.052967	8	6	3	0	2	7	1	2730	-1350	47	44642	9	5	69	0	0	0	0	0	0	0	0	0	0	0	0	0	0	
743.173917	8	15	3	0	1	31	2	2912	65	47	44650	10	5	69	0	0	0	0	0	0	0	0	0	0	0	0	0	0	
743.194083	8	4	3	0	1	3	2	2997	70	47	44651	10	5	69	0	0	0	0	0	0	0	0	0	0	0	0	0	0	
743.214233	8	3	3	0	1	2	2	3156	675	47	44652	11	5	69	0	0	0	0	0	0	0	0	0	0	0	0	0	0	
744.045117	8	3	3	0	1	2	2	3591	676	47	44702	11	5	69	0	0	0	0	0	0	0	0	0	0	0	0	0	0	
745.050233	8	3	3	0	1	2	2	3693	675	47	44762	11	5	69	0	0	0	0	0	0	0	0	0	0	0	0	0	0	
746.055367	8	3	3	0	1	2	2	3742	675	47	44822	11	5	69	0	0	0	0	0	0	0	0	0	0	0	0	0	0	
747.041767	8	3	3	0	1	2	2	3766	675	47	44882	11	5	69	0	0	0	0	0	0	0	0	0	0	0	0	0	0	
748.048317	8	3	3	0	1	2	2	3780	674	47	44942	11	5	69	0	0	0	0	0	0	0	0	0	0	0	0	0	0	
749.053433	8	3	3	0	1	2	2	3792	674	47	45002	11	5	69	0	0	0	0	0	0	0	0	0	0	0	0	0	0	
750.058567	8	3	3	0	1	2	2	3802	674	47	45063	11	5	69	0	0	0	0	0	0	0	0	0	0	0	0	0	0	
751.044967	8	3	3	0	1	2	2	3810	674	47	45122	11	5	69	0	0	0	0	0	0	0	0	0	0	0	0	0	0	
752.050083	8	3	3	0	1	2	2	3818	674	47	45182	11	5	69	0	0	0	0	0	0	0	0	0	0	0	0	0	0	
753.055200	8	3	3	0	1	2	2	3827	673	47	45242	11	5	69	0	0	0	0	0	0	0	0	0	0	0	0	0	0	
754.043033	8	3	3	0	1	2	2	3835	675	47	45302	11	5	69	0	0	0	0	0	0	0	0	0	0	0	0	0	0	
755.048167	8	3	3	0	1	2	2	3842	675	47	45362	11	5	69	0	0	0	0	0	0	0	0	0	0	0	0	0	0	
756.053283	8	3	3	0	1	2	2	3849	675	47	45422	11	5	69	0	0	0	0	0	0	0	0	0	0	0	0	0	0	
757.058400	8	3	3	0	1	2	2	3856	675	47	45483	11	5	69	0	0	0	0	0	0	0	0	0	0	0	0	0	0	
758.044800	8	3	3	0	1	2	2	3862	674	47	45542	11	5	69	0	0	0	0	0	0	0	0	0	0	0	0	0	0	
759.051367	8	3	3	0	1	2	2	3868	673	47	45602	11	5	69	0	0	0	0	0	0	0	0	0	0	0	0	0	0	
760.056483	8	3	3	0	1	2	2	3873	674	47	45662	11	5	69	0	0	0	0	0	0	0	0	0	0	0	0	0	0	
761.042883	8	3	3	0	1	2	2	3878	675	50	45722	11	5	69	0	0	0	0	0	0	0	0	0	0	0	0	0	0	
762.048000	8	3	3	0	1	2	2	3883	674	47	45782	11	5	69	0	0	0	0	0	0	0	0	0	0	0	0	0	0	
763.053117	8	3	3	0	1	2	2	3888	675	47	45842	11	5	69	0	0	0	0	0	0	0	0	0	0	0	0	0	0	
764.059683	8	3	3	0	1	2	2	3892	673	47	45903	11	5	69	0	0	0	0	0	0	0	0	0	0	0	0	0	0	
765.046083	8	3	3	0	1	2	2	3897	675	47	45962	11	5	69	0	0	0	0	0	0	0	0	0	0	0	0	0	0	
766.051200	8	3	3	0	1	2	2	3901	675	47	46022	11	5	69	0	0	0	0	0	0	0	0	0	0	0	0	0	0	
767.056317	8	3	3	0	1	2	2	3906	675	47	46082	11	5	69	0	0	0	0	0	0	0	0	0	0	0	0	0	0	
768.042717	8	3	3	0	1	2	2	3910	674	47	46142	11	5	69	0	0	0	0	0	0	0	0	0	0	0	0	0	0	
769.047833	8	3	3	0	1	2	2	3915	674	47	46202	11	5	69	0	0	0	0	0	0	0	0	0	0	0	0	0	0	
770.054400	8	3	3	0	1	2	2	3919	674	50	46262	11	5	69	0	0	0	0	0	0	0	0	0	0	0	0	0	0	
771.059517	8	3	3	0	1	2	2	3923	674	47	46323	11	5	69	0	0	0	0	0	0	0	0	0	0	0	0	0	0	
772.045917	8	3	3	0	1	2	2	3928	675	47	46382	11	5	69	0	0	0	0	0	0	0	0	0	0	0	0	0	0	
773.051033	8	3	3	0	1	2	2	3932	673	47	46442	11	5	69	0	0	0	0	0	0	0	0	0	0	0	0	0	0	
774.056167	8	3	3	0	1	2	2	3937	675	47	46502	11	5	69	0	0	0	0	0	0	0	0	0	0	0	0	0	0	
775.061283	8	3	3	0	1	2	2	3942	674	47	46563	11	5	69	0	0	0	0	0	0	0	0	0	0	0	0	0	0	
776.049117	8	3	3	0	1	2	2	3946	675	47	46622	11	5	69	0	0	0	0	0	0	0	0	0	0	0	0	0	0	
777.054233	8	3	3	0	1	2	2	3951	675	47	46682	11	5	69	0	0	0	0	0	0	0	0	0	0	0	0	0	0	
778.059367	8	3	3	0	1	2	2	3955	674	47	46743	11	5	69	0	0	0	0	0	0	0	0	0	0	0	0	0	0	
779.045767	8	3	3	0	1	2	2	3960	675	47	46802	11	5	69	0	0	0	0	0	0	0	0	0	0	0	0	0	0	
780.050883	8	3	3	0	1	2	2	3965	675	47	46862	11	5	69	0	0	0	0	0	0	0	0	0	0	0	0	0	0	
781.056000	8	3	3	0	1	2	2	3970	674	47	46922	11	5	69	0	0	0	0	0	0	0	0	0	0	0	0	0	0	
782.062567	8	3	3	0	1	2	2	3975	674	47	46983	11	5	69	0	0	0	0	0	0	0	0	0	0	0	0	0	0	
783.048967	8	3	3	0	1	2	2	3981	674	47	47042	11	5	69	0	0	0	0	0	0	0	0	0	0	0	0	0	0	
784.054083	8	3	3	0	1	2	2	3986	675	50	47102	11	5	69	0	0	0	0	0	0	0	0	0	0	0	0	0	0	
785.059200	8	3	3	0	1	2	2	3992	674	47	47163	11	5	69	0	0	0	0	0	0	0	0	0	0	0	0	0	0	
786.045600	8	3	3	0	1	2	2	3997	674	47	47222	11	5	69	0	0	0	0	0	0	0	0	0	0	0	0	0	0	
787.052167	8	3	3	0	1	2	2	4003	674	47	47282	11	5	69	0	0	0	0	0	0	0	0	0	0	0	0	0	0	
788.057283	8	3	3	0	1	2	2	4009	675	47	47342	11	5	69	0	0	0	0	0	0	0	0	0	0	0	0	0	0	
789.062400	8	3	3	0	1	2	2	4014	674	47	47403	11	5	69	0	0	0	0	0	0	0	0	0	0	0	0	0	0	
790.048800	8	3	3	0	1	2	2	4021	676	47	47462	11	5	69	0	0	0	0	0	0	0	0	0	0	0	0	0	0	
791.053917	8	3	3	0	1	2	2	4026	675	47	47522	11	5	69	0	0	0	0	0	0	0	0	0	0	0	0	0	0	
792.060483	8	3	3	0	1	2	2	4033	675	47	47583	11	5	69	0	0	0	0	0	0	0	0	0	0	0	0	0	0	
793.046883	8	3	3	0	1	2	2	4039	674	47	47642	11	5	69	0	0	0	0	0	0	0	0	0	0	0	0	0	0	
794.052000	8	3	3	0	1	2	2	4046	675	47	47702	11	5	69	0	0	0	0	0	0	0	0	0	0	0	0	0	0	
795.057117	8	3	3	0	1	2	2	4052	674	47	47762	11	5	69	0	0	0	0	0	0	0	0	0	0	0	0	0	0	
796.062233	8	3	3	0	1	2	2	4058	674	47	47823	11	5	69	0	0	0	0	0	0	0	0	0	0	0	0	0	0	
797.048633	8	3	3	0	1	2	2	4065	675	47	47882	11	5	69	0	0	0	0	0	0	0	0	0	0	0	0	0	0	
798.055200	8	3	3	0	1	2	2	4072	674	47	47942	11	5	69	0	0	0	0	0	0	0	0	0	0	0	0	0	0	
799.060317	8	3	3	0	1	2	2	4079	676	47	48003	11	5	69	0	0	0	0	0	0	0	0	0	0	0	0	0	0	
800.046717	8	3	3	0	1	2	2	4086	674	47	48062	11	5	69	0	0	0	0	0	0	0	0	0	0	0	0	0	0	
801.051833	8	3	3	0	1	2	2	4093	675	47	48122	11	5	69	0	0	0	0	0	0	0	0	0	0	0	0	0	0	
802.058400	8	3	3	0	1	2	2	4100	675	47	48182	11	5	69	0	0	0	0	0	0	0	0	0	0	0	0	0	0	
803.063517	8	3	3	0	1	2	2	4107	673	47	48243	11	5	69	0	0	0	0	0	0	0	0	0	0	0	0	0	0	
804.049917	8	3	3	0	1	2	2	4115	674	47	48302	11	5	69	0	0	0	0	0	0	0	0	0	0	0	0	0	0	
805.055033	8	3	3	0	1	2	2	4121	666	47	48362	11	5	69	0	0	0	0	0	0	0	0	0	0	0	0	0	0	
806.060167	8	3	3	0	1	2	2	4128	665	47	48423	11	5	69	0	0	0	0	0	0	0	0	0	0	0	0	0	0	
807.046567	8	3	3	0	1	2	2	4135	663	47	48482	11	5	69	0	0	0	0	0	0	0	0	0	0	0	0	0	0	
808.053117	8	3	3	0	1	2	2	4143	664	47	48542	11	5	69	0	0	0	0	0	0	0	0	0	0	0	0	0	0	
809.058233	8	3	3	0	1	2	2	4150	661	47	48602	11	5	69	0	0	0	0	0	0	0	0	0	0	0	0	0	0	
810.063367	8	3	3	0	1	2	2	4158	661	47	48663	11	5	69	0	0	0	0	0	0	0	0	0	0	0	0	0	0	
811.049767	8	3	3	0	1	2	2	4166	659	47	48722	11	5	69	0	0	0	0	0	0	0	0	0	0	0	0	0	0	
812.056317	8	3	3	0	1	2	2	4173	658	47	48782	11	5	69	0	0	0	0	0	0	0	0	0	0	0	0	0	0	
813.061433	8	3	3	0	1	2	2	4182	658	47	48842	11	5	69	0	0	0	0	0	0	0	0	0	0	0	0	0	0	
814.047833	8	3	3	0	1	2	2	4190	657	47	48902	11	5	69	0	0	0	0	0	0	0	0	0	0	0	0	0	0	
815.052967	8	3	3	0	1	2	2	4198	655	47	48962	11	5	69	0	0	0	0	0	0	0	0	0	0	0	0	0	0	
816.058083	8	3	3	0	1	2	2	4198	599	47	49022	11	5	69	0	0	0	0	0	0	0	0	0	0	0	0	0	0	
817.064633	8	3	3	0	1	2	2	4198	551	47	49083	11	5	69	0	0	0	0	0	0	0	0	0	0	0	0	0	0	
818.051033	8	3	3	0	1	2	2	4198	510	47	49142	11	5	69	0	0	0	0	0	0	0	0	0	0	0	0	0	0	
819.056167	8	3	3	0	1	2	2	4198	472	47	49202	11	5	69	0	0	0	0	0	0	0	0	0	0	0	0	0	0	
820.061283	8	3	3	0	1	2	2	4198	437	47	49262	11	5	69	0	0	0	0	0	0	0	0	0	0	0	0	0	0	
821.047683	8	3	3	0	1	2	2	4198	406	47	49322	11	5	69	0	0	0	0	0	0	0	0	0	0	0	0	0	0	
822.052800	8	3	3	0	1	2	2	4199	378	47	49382	11	5	69	0	0	0	0	0	0	0	0	0	0	0	0	0	0	
823.059367	8	3	3	0	1	2	2	4199	352	47	49442	11	5	69	0	0	0	0	0	0	0	0	0	0	0	0	0	0	
824.064483	8	3	3	0	1	2	2	4199	328	47	49503	11	5	69	0	0	0	0	0	0	0	0	0	0	0	0	0	0	
825.050883	8	3	3	0	1	2	2	4198	305	47	49562	11	5	69	0	0	0	0	0	0	0	0	0	0	0	0	0	0	
826.056000	8	3	3	0	1	2	2	4198	285	47	49622	11	5	69	0	0	0	0	0	0	0	0	0	0	0	0	0	0	
827.061117	8	3	3	0	1	2	2	4198	266	47	49682	11	5	69	0	0	0	0	0	0	0	0	0	0	0	0	0	0	
828.048967	8	3	3	0	1	2	2	4198	249	47	49742	11	5	69	0	0	0	0	0	0	0	0	0	0	0	0	0	0	
829.055517	8	3	3	0	1	2	2	4198	233	47	49802	11	5	69	0	0	0	0	0	0	0	0	0	0	0	0	0	0	
830.060633	8	3	3	0	1	2	2	4198	218	47	49862	11	5	69	0	0	0	0	0	0	0	0	0	0	0	0	0	0	
831.065767	8	3	3	0	1	2	2	4199	204	47	49923	11	5	69	0	0	0	0	0	0	0	0	0	0	0	0	0	0	
832.052167	8	3	3	0	1	2	2	4199	191	47	49982	11	5	69	0	0	0	0	0	0	0	0	0	0	0	0	0	0	
833.057283	8	3	3	0	1	2	2	4199	179	47	50042	11	5	69	0	0	0	0	0	0	0	0	0	0	0	0	0	0	
834.063833	8	3	3	0	1	2	2	4198	168	47	50103	11	5	69	0	0	0	0	0	0	0	0	0	0	0	0	0	0	
835.050233	8	3	3	0	1	2	2	4198	158	47	50162	11	5	69	0	0	0	0	0	0	0	0	0	0	0	0	0	0	
836.055367	8	3	3	0	1	2	2	4199	148	47	50222	11	5	69	0	0	0	0	0	0	0	0	0	0	0	0	0	0	
837.060483	8	3	3	0	1	2	2	4198	140	47	50282	11	5	69	0	0	0	0	0	0	0	0	0	0	0	0	0	0	
838.065600	8	3	3	0	1	2	2	4199	131	47	50343	11	5	69	0	0	0	0	0	0	0	0	0	0	0	0	0	0	
839.053433	8	3	3	0	1	2	2	4198	125	47	50402	11	5	69	0	0	0	0	0	0	0	0	0	0	0	0	0	0	
840.058567	8	3	3	0	1	2	2	4198	117	47	50462	11	5	69	0	0	0	0	0	0	0	0	0	0	0	0	0	0	
841.063683	8	3	3	0	1	2	2	4199	110	47	50523	11	5	69	0	0	0	0	0	0	0	0	0	0	0	0	0	0	
842.050083	8	3	3	0	1	2	2	4199	105	47	50582	11	5	69	0	0	0	0	0	0	0	0	0	0	0	0	0	0	
843.055200	8	3	3	0	1	2	2	4199	99	47	50642	11	5	69	0	0	0	0	0	0	0	0	0	0	0	0	0	0	
844.061767	8	3	3	0	1	2	2	4199	94	47	50702	11	5	69	0	0	0	0	0	0	0	0	0	0	0	0	0	0	
845.066883	8	3	3	0	1	2	2	4199	88	47	50763	11	5	69	0	0	0	0	0	0	0	0	0	0	0	0	0	0	
846.053283	8	3	3	0	1	2	2	4198	84	47	50822	11	5	69	0	0	0	0	0	0	0	0	0	0	0	0	0	0	
847.058400	8	3	3	0	1	2	2	4199	80	47	50882	11	5	69	0	0	0	0	0	0	0	0	0	0	0	0	0	0	
848.063517	8	3	3	0	1	2	2	4198	75	47	50943	11	5	69	0	0	0	0	0	0	0	0	0	0	0	0	0	0	
849.051367	8	3	3	0	1	2	2	4199	72	47	51002	11	5	69	0	0	0	0	0	0	0	0	0	0	0	0	0	0	
850.056483	8	3	3	0	1	2	2	4198	68	47	51062	11	5	69	0	0	0	0	0	0	0	0	0	0	0	0	0	0	
850.515833	8	6	3	0	2	7	1	4157	-415	47	51090	11	6	0	0	0	0	0	0	0	0	0	0	0	0	0	0	0	
851.063033	8	6	3	0	2	7	1	4014	-1349	47	51122	11	6	0	0	0	0	0	0	0	0	0	0	0	0	0	0	0	
852.049433	8	6	3	0	2	7	1	3977	-1349	47	51182	11	6	2	0	0	0	0	0	0	0	0	0	0	0	0	0	0	
853.056000	8	6	3	0	2	7	1	3948	-1350	47	51242	11	6	4	0	0	0	0	0	0	0	0	0	0	0	0	0	0	
854.061117	8	6	3	0	2	7	1	3922	-1350	47	51302	11	6	5	0	0	0	0	0	0	0	0	0	0	0	0	0	0	
855.066233	8	6	3	0	2	7	1	3898	-1349	47	51363	11	6	7	0	0	0	0	0	0	0	0	0	0	0	0	0	0	
856.052633	8	6	3	0	2	7	1	3876	-1350	48	51422	11	6	9	0	0	0	0	0	0	0	0	0	0	0	0	0	0	
857.057767	8	6	3	0	2	7	1	3854	-1350	47	51482	11	6	10	0	0	0	0	0	0	0	0	0	0	0	0	0	0	
858.064317	8	6	3	0	2	7	1	3833	-1349	47	51542	11	6	12	0	0	0	0	0	0	0	0	0	0	0	0	0	0	
859.050717	8	6	3	0	2	7	1	3814	-1350	47	51602	11	6	14	0	0	0	0	0	0	0	0	0	0	0	0	0	0	
860.055833	8	6	3	0	2	7	1	3795	-1349	47	51662	11	6	15	0	0	0	0	0	0	0	0	0	0	0	0	0	0	
861.060967	8	6	3	0	2	7	1	3776	-1349	47	51722	11	6	17	0	0	0	0	0	0	0	0	0	0	0	0	0	0	
862.067517	8	6	3	0	2	7	1	3758	-1348	47	51783	11	6	19	0	0	0	0	0	0	0	0	0	0	0	0	0	0	
863.053917	8	6	3	0	2	7	1	3741	-1349	47	51842	11	6	20	0	0	0	0	0	0	0	0	0	0	0	0	0	0	
864.059033	8	6	3	0	2	7	1	3724	-1350	47	51902	11	6	22	0	0	0	0	0	0	0	0	0	0	0	0	0	0	
865.064167	8	6	3	0	2	7	1	3708	-1350	47	51962	11	6	24	0	0	0	0	0	0	0	0	0	0	0	0	0	0	
866.050567	8	6	3	0	2	7	1	3693	-1350	47	52022	11	6	25	0	0	0	0	0	0	0	0	0	0	0	0	0	0	
867.055683	8	6	3	0	2	7	1	3678	-1349	47	52082	11	6	27	0	0	0	0	0	0	0	0	0	0	0	0	0	0	
868.062233	8	6	3	0	2	7	1	3664	-1350	47	52142	11	6	29	0	0	0	0	0	0	0	0	0	0	0	0	0	0	
869.067367	8	6	3	0	2	7	1	3651	-1350	47	52203	11	6	30	0	0	0	0	0	0	0	0	0	0	0	0	0	0	
870.053767	8	6	3	0	2	7	1	3638	-1350	47	52262	11	6	32	0	0	0	0	0	0	0	0	0	0	0	0	0	0	
871.058883	8	6	3	0	2	7	1	3625	-1349	47	52322	11	6	34	0	0	0	0	0	0	0	0	0	0	0	0	0	0	
872.064000	8	6	3	0	2	7	1	3613	-1348	47	52382	11	6	35	0	0	0	0	0	0	0	0	0	0	0	0	0	0	
873.050400	8	6	3	0	2	7	1	3602	-1350	47	52442	11	6	37	0	0	0	0	0	0	0	0	0	0	0	0	0	0	
874.056967	8	6	3	0	2	7	1	3591	-1348	47	52502	11	6	38	0	0	0	0	0	0	0	0	0	0	0	0	0	0	
875.062083	8	6	3	0	2	7	1	3581	-1349	47	52562	11	6	40	0	0	0	0	0	0	0	0	0	0	0	0	0	0	
876.067200	8	6	3	0	2	7	1	3571	-1349	47	52623	11	6	42	0	0	0	0	0	0	0	0	0	0	0	0	0	0	
877.053600	8	6	3	0	2	7	1	3561	-1349	47	52682	11	6	43	0	0	0	0	0	0	0	0	0	0	0	0	0	0	
878.058717	8	6	3	0	2	7	1	3552	-1349	47	52742	11	6	45	0	0	0	0	0	0	0	0	0	0	0	0	0	0	
879.065283	8	6	3	0	2	7	1	3543	-1351	47	52802	11	6	47	0	0	0	0	0	0	0	0	0	0	0	0	0	0	
880.070400	8	6	3	0	2	7	1	3534	-1350	47	52863	11	6	48	0	0	0	0	0	0	0	0	0	0	0	0	0	0	
881.056800	8	6	3	0	2	7	1	3525	-1348	47	52922	11	6	50	0	0	0	0	0	0	0	0	0	0	0	0	0	0	
882.061917	8	6	3	0	2	7	1	3516	-1349	47	52982	11	6	52	0	0	0	0	0	0	0	0	0	0	0	0	0	0	
883.067033	8	6	3	0	2	7	1	3506	-1350	47	53043	11	6	53	0	0	0	0	0	0	0	0	0	0	0	0	0	0	
884.053433	8	6	3	0	2	7	1	3496	-1349	47	53102	11	6	55	0	0	0	0	0	0	0	0	0	0	0	0	0	0	
885.060000	8	6	3	0	2	7	1	3483	-1349	47	53162	11	6	57	0	0	0	0	0	0	0	0	0	0	0	0	0	0	
886.065117	8	6	3	0	2	7	1	3469	-1350	47	53222	11	6	58	0	0	0	0	0	0	0	0	0	0	0	0	0	0	
887.070233	8	6	3	0	2	7	1	3450	-1350	47	53283	11	6	60	0	0	0	0	0	0	0	0	0	0	0	0	0	0	
888.056633	8	6	3	0	2	7	1	3425	-1350	47	53342	11	6	62	0	0	0	0	0	0	0	0	0	0	0	0	0	0	
889.061767	8	6	3	0	2	7	1	3386	-1350	47	53402	11	6	63	0	0	0	0	0	0	0	0	0	0	0	0	0	0	
890.066883	8	6	3	0	2	7	1	3312	-1349	47	53463	11	6	65	0	0	0	0	0	0	0	0	0	0	0	0	0	0	
891.054717	8	6	3	0	2	7	1	3177	-1349	47	53522	11	6	67	0	0	0	0	0	0	0	0	0	0	0	0	0	0	
892.059833	8	6	3	0	2	7	1	2883	-1351	47	53582	11	6	68	0	0	0	0	0	0	0	0	0	0	0	0	0	0	
892.463033	8	15	3	0	1	31	2	2934	56	47	53606	12	6	69	0	0	0	0	0	0	0	0	0	0	0	0	0	0	
892.483200	8	4	3	0	1	3	2	3014	47	47	53607	13	6	69	0	0	0	0	0	0	0	0	0	0	0	0	0	0	
892.503367	8	3	3	0	1	2	2	3176	677	47	53609	13	6	69	0	0	0	0	0	0	0	0	0	0	0	0	0	0	
893.069283	8	3	3	0	1	2	2	3545	674	47	53643	13	6	69	0	0	0	0	0	0	0	0	0	0	0	0	0	0	
894.057117	8	3	3	0	1	2	2	3677	675	47	53702	13	6	69	0	0	0	0	0	0	0	0	0	0	0	0	0	0	
895.062233	8	3	3	0	1	2	2	3734	676	47	53762	13	6	69	0	0	0	0	0	0	0	0	0	0	0	0	0	0	
896.067367	8	3	3	0	1	2	2	3762	674	47	53823	13	6	69	0	0	0	0	0	0	0	0	0	0	0	0	0	0	
897.053767	8	3	3	0	1	2	2	3778	674	47	53882	13	6	69	0	0	0	0	0	0	0	0	0	0	0	0	0	0	
898.058883	8	3	3	0	1	2	2	3790	675	47	53942	13	6	69	0	0	0	0	0	0	0	0	0	0	0	0	0	0	
899.065433	8	3	3	0	1	2	2	3800	675	47	54002	13	6	69	0	0	0	0	0	0	0	0	0	0	0	0	0	0	
900.070567	8	3	3	0	1	2	2	3809	675	47	54063	13	6	69	0	0	0	0	0	0	0	0	0	0	0	0	0	0	
901.056967	8	3	3	0	1	2	2	3818	674	47	54122	13	6	69	0	0	0	0	0	0	0	0	0	0	0	0	0	0	
902.062083	8	3	3	0	1	2	2	3826	674	47	54182	13	6	69	0	0	0	0	0	0	0	0	0	0	0	0	0	0	
903.068633	8	3	3	0	1	2	2	3834	674	47	54242	13	6	69	0	0	0	0	0	0	0	0	0	0	0	0	0	0	
904.055033	8	3	3	0	1	2	2	3842	674	47	54302	13	6	69	0	0	0	0	0	0	0	0	0	0	0	0	0	0	
905.060167	8	3	3	0	1	2	2	3849	674	47	54362	13	6	69	0	0	0	0	0	0	0	0	0	0	0	0	0	0	
906.065283	8	3	3	0	1	2	2	3855	674	47	54422	13	6	69	0	0	0	0	0	0	0	0	0	0	0	0	0	0	
907.070400	8	3	3	0	1	2	2	3862	675	47	54483	13	6	69	0	0	0	0	0	0	0	0	0	0	0	0	0	0	
908.056800	8	3	3	0	1	2	2	3867	675	47	54542	13	6	69	0	0	0	0	0	0	0	0	0	0	0	0	0	0	
909.063367	8	3	3	0	1	2	2	3873	674	47	54602	13	6	69	0	0	0	0	0	0	0	0	0	0	0	0	0	0	
910.068483	8	3	3	0	1	2	2	3878	674	47	54662	13	6	69	0	0	0	0	0	0	0	0	0	0	0	0	0	0	
911.054883	8	3	3	0	1	2	2	3883	675	47	54722	13	6	69	0	0	0	0	0	0	0	0	0	0	0	0	0	0	
912.060000	8	3	3	0	1	2	2	3887	674	47	54782	13	6	69	0	0	0	0	0	0	0	0	0	0	0	0	0	0	
913.065117	8	3	3	0	1	2	2	3892	675	47	54842	13	6	69	0	0	0	0	0	0	0	0	0	0	0	0	0	0	
914.071683	8	3	3	0	1	2	2	3896	674	47	54903	13	6	69	0	0	0	0	0	0	0	0	0	0	0	0	0	0	
915.058083	8	3	3	0	1	2	2	3901	674	47	54962	13	6	69	0	0	0	0	0	0	0	0	0	0	0	0	0	0	
916.063200	8	3	3	0	1	2	2	3905	674	47	55022	13	6	69	0	0	0	0	0	0	0	0	0	0	0	0	0	0	
917.068317	8	3	3	0	1	2	2	3910	675	47	55082	13	6	69	0	0	0	0	0	0	0	0	0	0	0	0	0	0	
918.054717	8	3	3	0	1	2	2	3914	675	47	55142	13	6	69	0	0	0	0	0	0	0	0	0	0	0	0	0	0	
919.059833	8	3	3	0	1	2	2	3918	675	47	55202	13	6	69	0	0	0	0	0	0	0	0	0	0	0	0	0	0	
920.066400	8	3	3	0	1	2	2	3923	675	47	55262	13	6	69	0	0	0	0	0	0	0	0	0	0	0	0	0	0	
921.071517	8	3	3	0	1	2	2	3927	676	47	55323	13	6	69	0	0	0	0	0	0	0	0	0	0	0	0	0	0	
922.057917	8	3	3	0	1	2	2	3932	674	47	55382	13	6	69	0	0	0	0	0	0	0	0	0	0	0	0	0	0	
923.063033	8	3	3	0	1	2	2	3936	674	47	55442	13	6	69	0	0	0	0	0	0	0	0	0	0	0	0	0	0	
924.069600	8	3	3	0	1	2	2	3941	675	47	55502	13	6	69	0	0	0	0	0	0	0	0	0	0	0	0	0	0	
925.056000	8	3	3	0	1	2	2	3945	674	47	55562	13	6	69	0	0	0	0	0	0	0	0	0	0	0	0	0	0	
926.061117	8	3	3	0	1	2	2	3950	675	47	55622	13	6	69	0	0	0	0	0	0	0	0	0	0	0	0	0	0	
927.066233	8	3	3	0	1	2	2	3955	675	47	55682	13	6	69	0	0	0	0	0	0	0	0	0	0	0	0	0	0	
928.071367	8	3	3	0	1	2	2	3960	676	47	55743	13	6	69	0	0	0	0	0	0	0	0	0	0	0	0	0	0	
929.062083	8	3	3	0	1	2	2	3965	675	47	55802	13	6	69	0	0	0	0	0	0	0	0	0	0	0	0	0	0	
930.067200	8	3	3	0	1	2	2	3970	674	47	55862	13	6	69	0	0	0	0	0	0	0	0	0	0	0	0	0	0	
931.072317	8	3	3	0	1	2	2	3975	675	47	55923	13	6	69	0	0	0	0	0	0	0	0	0	0	0	0	0	0	
932.058717	8	3	3	0	1	2	2	3980	674	47	55982	13	6	69	0	0	0	0	0	0	0	0	0	0	0	0	0	0	
933.063833	8	3	3	0	1	2	2	3986	673	47	56042	13	6	69	0	0	0	0	0	0	0	0	0	0	0	0	0	0	
934.070400	8	3	3	0	1	2	2	3991	674	47	56102	13	6	69	0	0	0	0	0	0	0	0	0	0	0	0	0	0	
935.056800	8	3	3	0	1	2	2	3997	674	47	56162	13	6	69	0	0	0	0	0	0	0	0	0	0	0	0	0	0	
936.061917	8	3	3	0	1	2	2	4002	674	47	56222	13	6	69	0	0	0	0	0	0	0	0	0	0	0	0	0	0	
937.067033	8	3	3	0	1	2	2	4008	673	47	56282	13	6	69	0	0	0	0	0	0	0	0	0	0	0	0	0	0	
938.072167	8	3	3	0	1	2	2	4014	674	47	56343	13	6	69	0	0	0	0	0	0	0	0	0	0	0	0	0	0	
939.058567	8	3	3	0	1	2	2	4020	674	47	56402	13	6	69	0	0	0	0	0	0	0	0	0	0	0	0	0	0	
940.065117	8	3	3	0	1	2	2	4026	674	47	56462	13	6	69	0	0	0	0	0	0	0	0	0	0	0	0	0	0	
941.070233	8	3	3	0	1	2	2	4032	674	47	56522	13	6	69	0	0	0	0	0	0	0	0	0	0	0	0	0	0	
942.056633	8	3	3	0	1	2	2	4039	675	47	56582	13	6	69	0	0	0	0	0	0	0	0	0	0	0	0	0	0	
943.061767	8	3	3	0	1	2	2	4045	674	47	56642	13	6	69	0	0	0	0	0	0	0	0	0	0	0	0	0	0	
944.066883	8	3	3	0	1	2	2	4052	674	47	56702	13	6	69	0	0	0	0	0	0	0	0	0	0	0	0	0	0	
945.073433	8	3	3	0	1	2	2	4058	674	47	56763	13	6	69	0	0	0	0	0	0	0	0	0	0	0	0	0	0	
946.059833	8	3	3	0	1	2	2	4065	675	47	56822	13	6	69	0	0	0	0	0	0	0	0	0	0	0	0	0	0	
947.064967	8	3	3	0	1	2	2	4071	674	47	56882	13	6	69	0	0	0	0	0	0	0	0	0	0	0	0	0	0	
948.070083	8	3	3	0	1	2	2	4078	675	47	56942	13	6	69	0	0	0	0	0	0	0	0	0	0	0	0	0	0	
949.056483	8	3	3	0	1	2	2	4086	675	47	57002	13	6	69	0	0	0	0	0	0	0	0	0	0	0	0	0	0	
950.063033	8	3	3	0	1	2	2	4093	674	47	57062	13	6	69	0	0	0	0	0	0	0	0	0	0	0	0	0	0	
951.068167	8	3	3	0	1	2	2	4099	673	47	57122	13	6	69	0	0	0	0	0	0	0	0	0	0	0	0	0	0	
952.073283	8	3	3	0	1	2	2	4107	674	47	57183	13	6	69	0	0	0	0	0	0	0	0	0	0	0	0	0	0	
953.059683	8	3	3	0	1	2	2	4114	674	47	57242	13	6	69	0	0	0	0	0	0	0	0	0	0	0	0	0	0	
954.064800	8	3	3	0	1	2	2	4121	666	47	57302	13	6	69	0	0	0	0	0	0	0	0	0	0	0	0	0	0	
955.069917	8	3	3	0	1	2	2	4128	664	47	57362	13	6	69	0	0	0	0	0	0	0	0	0	0	0	0	0	0	
956.076483	8	3	3	0	1	2	2	4135	664	47	57423	13	6	69	0	0	0	0	0	0	0	0	0	0	0	0	0	0	
957.062883	8	3	3	0	1	2	2	4143	662	47	57482	13	6	69	0	0	0	0	0	0	0	0	0	0	0	0	0	0	
958.068000	8	3	3	0	1	2	2	4150	662	47	57542	13	6	69	0	0	0	0	0	0	0	0	0	0	0	0	0	0	
959.073117	8	3	3	0	1	2	2	4158	661	47	57603	13	6	69	0	0	0	0	0	0	0	0	0	0	0	0	0	0	
960.059517	8	3	3	0	1	2	2	4165	660	47	57662	13	6	69	0	0	0	0	0	0	0	0	0	0	0	0	0	0	
961.064633	8	3	3	0	1	2	2	4173	659	47	57722	13	6	69	0	0	0	0	0	0	0	0	0	0	0	0	0	0	
962.071200	8	3	3	0	1	2	2	4182	658	47	57782	13	6	69	0	0	0	0	0	0	0	0	0	0	0	0	0	0	
963.076317	8	3	3	0	1	2	2	4190	657	47	57843	13	6	69	0	0	0	0	0	0	0	0	0	0	0	0	0	0	
964.062717	8	3	3	0	1	2	2	4197	655	47	57902	13	6	69	0	0	0	0	0	0	0	0	0	0	0	0	0	0	
965.067833	8	3	3	0	1	2	2	4199	601	47	57962	13	6	69	0	0	0	0	0	0	0	0	0	0	0	0	0	0	
966.072967	8	3	3	0	1	2	2	4198	553	47	58023	13	6	69	0	0	0	0	0	0	0	0	0	0	0	0	0	0	
967.059367	8	3	3	0	1	2	2	4198	510	47	58082	13	6	69	0	0	0	0	0	0	0	0	0	0	0	0	0	0	
968.065917	8	3	3	0	1	2	2	4198	473	47	58142	13	6	69	0	0	0	0	0	0	0	0	0	0	0	0	0	0	
969.071033	8	3	3	0	1	2	2	4199	439	47	58202	13	6	69	0	0	0	0	0	0	0	0	0	0	0	0	0	0	
970.076167	8	3	3	0	1	2	2	4198	407	47	58263	13	6	69	0	0	0	0	0	0	0	0	0	0	0	0	0	0	
971.062567	8	3	3	0	1	2	2	4198	380	47	58322	13	6	69	0	0	0	0	0	0	0	0	0	0	0	0	0	0	
972.067683	8	3	3	0	1	2	2	4198	352	47	58382	13	6	69	0	0	0	0	0	0	0	0	0	0	0	0	0	0	
973.074233	8	3	3	0	1	2	2	4199	328	47	58443	13	6	69	0	0	0	0	0	0	0	0	0	0	0	0	0	0	
974.060633	8	3	3	0	1	2	2	4198	306	47	58502	13	6	69	0	0	0	0	0	0	0	0	0	0	0	0	0	0	
975.065767	8	3	3	0	1	2	2	4198	286	47	58562	13	6	69	0	0	0	0	0	0	0	0	0	0	0	0	0	0	
976.070883	8	3	3	0	1	2	2	4199	266	47	58622	13	6	69	0	0	0	0	0	0	0	0	0	0	0	0	0	0	
977.076000	8	3	3	0	1	2	2	4199	250	47	58683	13	6	69	0	0	0	0	0	0	0	0	0	0	0	0	0	0	
978.063833	8	3	3	0	1	2	2	4198	233	47	58742	13	6	69	0	0	0	0	0	0	0	0	0	0	0	0	0	0	
979.068967	8	3	3	0	1	2	2	4199	219	48	58802	13	6	69	0	0	0	0	0	0	0	0	0	0	0	0	0	0	
980.074083	8	3	3	0	1	2	2	4198	205	47	58863	13	6	69	0	0	0	0	0	0	0	0	0	0	0	0	0	0	
981.060483	8	3	3	0	1	2	2	4198	191	47	58922	13	6	69	0	0	0	0	0	0	0	0	0	0	0	0	0	0	
982.065600	8	3	3	0	1	2	2	4198	180	47	58982	13	6	69	0	0	0	0	0	0	0	0	0	0	0	0	0	0	
983.072167	8	3	3	0	1	2	2	4198	168	47	59042	13	6	69	0	0	0	0	0	0	0	0	0	0	0	0	0	0	
984.077283	8	3	3	0	1	2	2	4198	159	47	59103	13	6	69	0	0	0	0	0	0	0	0	0	0	0	0	0	0	
985.063683	8	3	3	0	1	2	2	4199	148	47	59162	13	6	69	0	0	0	0	0	0	0	0	0	0	0	0	0	0	
986.068800	8	3	3	0	1	2	2	4198	140	47	59222	13	6	69	0	0	0	0	0	0	0	0	0	0	0	0	0	0	
987.073917	8	3	3	0	1	2	2	4199	132	47	59282	13	6	69	0	0	0	0	0	0	0	0	0	0	0	0	0	0	
988.060317	8	3	3	0	1	2	2	4199	124	47	59342	13	6	69	0	0	0	0	0	0	0	0	0	0	0	0	0	0	
989.066883	8	3	3	0	1	2	2	4198	117	47	59402	13	6	69	0	0	0	0	0	0	0	0	0	0	0	0	0	0	
990.072000	8	3	3	0	1	2	2	4198	110	47	59462	13	6	69	0	0	0	0	0	0	0	0	0	0	0	0	0	0	
991.077117	8	3	3	0	1	2	2	4198	105	47	59523	13	6	69	0	0	0	0	0	0	0	0	0	0	0	0	0	0	
992.063517	8	3	3	0	1	2	2	4198	98	47	59582	13	6	69	0	0	0	0	0	0	0	0	0	0	0	0	0	0	
993.068633	8	3	3	0	1	2	2	4199	94	47	59642	13	6	69	0	0	0	0	0	0	0	0	0	0	0	0	0	0	
994.075200	8	3	3	0	1	2	2	4198	88	47	59702	13	6	69	0	0	0	0	0	0	0	0	0	0	0	0	0	0	
995.061600	8	3	3	0	1	2	2	4199	84	47	59762	13	6	69	0	0	0	0	0	0	0	0	0	0	0	0	0	0	
996.066717	8	3	3	0	1	2	2	4198	79	47	59822	13	6	69	0	0	0	0	0	0	0	0	0	0	0	0	0	0	
997.071833	8	3	3	0	1	2	2	4198	76	47	59882	13	6	69	0	0	0	0	0	0	0	0	0	0	0	0	0	0	
998.076967	8	3	3	0	1	2	2	4198	71	47	59943	13	6	69	0	0	0	0	0	0	0	0	0	0	0	0	0	0	
999.063367	8	3	3	0	1	2	2	4198	69	47	60002	13	6	69	0	0	0	0	0	0	0	0	0	0	0	0	0	0	
999.429117	8	6	3	0	2	7	1	4067	-1324	47	60024	13	7	0	0	0	0	0	0	0	0	0	0	0	0	0	0	0	
1000.071367	8	6	3	0	2	7	1	4008	-1351	47	60062	13	7	1	0	0	0	0	0	0	0	0	0	0	0	0	0	0	
1001.076483	8	6	3	0	2	7	1	3972	-1349	47	60123	13	7	2	0	0	0	0	0	0	0	0	0	0	0	0	0	0	
1002.062883	8	6	3	0	2	7	1	3943	-1350	48	60182	13	7	4	0	0	0	0	0	0	0	0	0	0	0	0	0	0	
1003.068000	8	6	3	0	2	7	1	3918	-1349	48	60242	13	7	5	0	0	0	0	0	0	0	0	0	0	0	0	0	0	
1004.073117	8	6	3	0	2	7	1	3894	-1350	48	60302	13	7	7	0	0	0	0	0	0	0	0	0	0	0	0	0	0	
1005.079683	8	6	3	0	2	7	1	3872	-1349	47	60363	13	7	9	0	0	0	0	0	0	0	0	0	0	0	0	0	0	
1006.066083	8	6	3	0	2	7	1	3850	-1349	47	60422	13	7	10	0	0	0	0	0	0	0	0	0	0	0	0	0	0	
1007.071200	8	6	3	0	2	7	1	3829	-1349	47	60482	13	7	12	0	0	0	0	0	0	0	0	0	0	0	0	0	0	
1008.076317	8	6	3	0	2	7	1	3810	-1349	48	60543	13	7	14	0	0	0	0	0	0	0	0	0	0	0	0	0	0	
1009.064167	8	6	3	0	2	7	1	3791	-1349	47	60602	13	7	15	0	0	0	0	0	0	0	0	0	0	0	0	0	0	
1010.069283	8	6	3	0	2	7	1	3772	-1350	48	60662	13	7	17	0	0	0	0	0	0	0	0	0	0	0	0	0	0	
1011.074400	8	6	3	0	2	7	1	3754	-1347	47	60722	13	7	19	0	0	0	0	0	0	0	0	0	0	0	0	0	0	
1012.079517	8	6	3	0	2	7	1	3737	-1351	47	60783	13	7	20	0	0	0	0	0	0	0	0	0	0	0	0	0	0	
1013.065917	8	6	3	0	2	7	1	3721	-1349	48	60842	13	7	22	0	0	0	0	0	0	0	0	0	0	0	0	0	0	
1014.071033	8	6	3	0	2	7	1	3704	-1351	47	60902	13	7	24	0	0	0	0	0	0	0	0	0	0	0	0	0	0	
1015.077600	8	6	3	0	2	7	1	3689	-1349	47	60963	13	7	25	0	0	0	0	0	0	0	0	0	0	0	0	0	0	
1016.064000	8	6	3	0	2	7	1	3675	-1349	47	61022	13	7	27	0	0	0	0	0	0	0	0	0	0	0	0	0	0	
1017.069117	8	6	3	0	2	7	1	3661	-1350	47	61082	13	7	29	0	0	0	0	0	0	0	0	0	0	0	0	0	0	
1018.074233	8	6	3	0	2	7	1	3647	-1350	47	61142	13	7	30	0	0	0	0	0	0	0	0	0	0	0	0	0	0	
1019.080800	8	6	3	0	2	7	1	3634	-1350	47	61203	13	7	32	0	0	0	0	0	0	0	0	0	0	0	0	0	0	
1020.067200	8	6	3	0	2	7	1	3622	-1350	47	61262	13	7	34	0	0	0	0	0	0	0	0	0	0	0	0	0	0	
1021.072317	8	6	3	0	2	7	1	3611	-1350	47	61322	13	7	35	0	0	0	0	0	0	0	0	0	0	0	0	0	0	
1022.077433	8	6	3	0	2	7	1	3599	-1350	48	61383	13	7	37	0	0	0	0	0	0	0	0	0	0	0	0	0	0	
1023.063833	8	6	3	0	2	7	1	3589	-1348	47	61442	13	7	39	0	0	0	0	0	0	0	0	0	0	0	0	0	0	
1024.068967	8	6	3	0	2	7	1	3578	-1350	47	61502	13	7	40	0	0	0	0	0	0	0	0	0	0	0	0	0	0	
1025.075517	8	6	3	0	2	7	1	3568	-1348	47	61562	13	7	42	0	0	0	0	0	0	0	0	0	0	0	0	0	0	
1026.080633	8	6	3	0	2	7	1	3559	-1350	47	61623	13	7	44	0	0	0	0	0	0	0	0	0	0	0	0	0	0	
1027.067033	8	6	3	0	2	7	1	3550	-1349	48	61682	13	7	45	0	0	0	0	0	0	0	0	0	0	0	0	0	0	
1028.072167	8	6	3	0	2	7	1	3541	-1349	48	61742	13	7	47	0	0	0	0	0	0	0	0	0	0	0	0	0	0	
1029.077283	8	6	3	0	2	7	1	3531	-1349	47	61803	13	7	49	0	0	0	0	0	0	0	0	0	0	0	0	0	0	
1030.065117	8	6	3	0	2	7	1	3523	-1350	47	61862	13	7	50	0	0	0	0	0	0	0	0	0	0	0	0	0	0	
1031.070233	8	6	3	0	2	7	1	3513	-1349	47	61922	13	7	52	0	0	0	0	0	0	0	0	0	0	0	0	0	0	
1032.075367	8	6	3	0	2	7	1	3503	-1348	47	61982	13	7	54	0	0	0	0	0	0	0	0	0	0	0	0	0	0	
1033.080483	8	6	3	0	2	7	1	3492	-1350	47	62043	13	7	55	0	0	0	0	0	0	0	0	0	0	0	0	0	0	
1034.066883	8	6	3	0	2	7	1	3480	-1350	47	62102	13	7	57	0	0	0	0	0	0	0	0	0	0	0	0	0	0	
1035.073433	8	6	3	0	2	7	1	3465	-1350	47	62162	13	7	59	0	0	0	0	0	0	0	0	0	0	0	0	0	0	
1036.078567	8	6	3	0	2	7	1	3445	-1349	47	62223	13	7	60	0	0	0	0	0	0	0	0	0	0	0	0	0	0	
1037.064967	8	6	3	0	2	7	1	3418	-1350	47	62282	13	7	62	0	0	0	0	0	0	0	0	0	0	0	0	0	0	
1038.070083	8	6	3	0	2	7	1	3372	-1350	47	62342	13	7	64	0	0	0	0	0	0	0	0	0	0	0	0	0	0	
1039.075200	8	6	3	0	2	7	1	3285	-1349	47	62402	13	7	65	0	0	0	0	0	0	0	0	0	0	0	0	0	0	
1040.081767	8	6	3	0	2	7	1	3121	-1351	47	62463	13	7	67	0	0	0	0	0	0	0	0	0	0	0	0	0	0	
1041.068167	8	6	3	0	2	7	1	2741	-1349	47	62522	13	7	69	0	0	0	0	0	0	0	0	0	0	0	0	0	0	
1041.206400	8	15	3	0	1	31	2	2894	63	47	62530	14	7	69	0	0	0	0	0	0	0	0	0	0	0	0	0	0	
1041.226567	8	4	3	0	1	3	2	3001	0	47	62531	15	7	69	0	0	0	0	0	0	0	0	0	0	0	0	0	0	
1041.248167	8	3	3	0	1	2	2	3169	676	47	62533	15	7	69	0	0	0	0	0	0	0	0	0	0	0	0	0	0	
1042.077600	8	3	3	0	1	2	2	3601	676	48	62582	15	7	69	0	0	0	0	0	0	0	0	0	0	0	0	0	0	
1043.064000	8	3	3	0	1	2	2	3698	673	47	62642	15	7	69	0	0	0	0	0	0	0	0	0	0	0	0	0	0	
1044.070567	8	3	3	0	1	2	2	3745	675	47	62702	15	7	69	0	0	0	0	0	0	0	0	0	0	0	0	0	0	
1045.075683	8	3	3	0	1	2	2	3768	674	47	62762	15	7	69	0	0	0	0	0	0	0	0	0	0	0	0	0	0	
1046.080800	8	3	3	0	1	2	2	3783	674	47	62823	15	7	69	0	0	0	0	0	0	0	0	0	0	0	0	0	0	
1047.067200	8	3	3	0	1	2	2	3794	674	47	62882	15	7	69	0	0	0	0	0	0	0	0	0	0	0	0	0	0	
1048.073767	8	3	3	0	1	2	2	3804	675	47	62942	15	7	69	0	0	0	0	0	0	0	0	0	0	0	0	0	0	
1049.078883	8	3	3	0	1	2	2	3813	675	48	63002	15	7	69	0	0	0	0	0	0	0	0	0	0	0	0	0	0	
1050.065283	8	3	3	0	1	2	2	3821	675	48	63062	15	7	69	0	0	0	0	0	0	0	0	0	0	0	0	0	0	
1051.070400	8	3	3	0	1	2	2	3830	675	47	63122	15	7	69	0	0	0	0	0	0	0	0	0	0	0	0	0	0	
1052.075517	8	3	3	0	1	2	2	3838	673	48	63182	15	7	69	0	0	0	0	0	0	0	0	0	0	0	0	0	0	
1053.082083	8	3	3	0	1	2	2	3845	675	47	63243	15	7	69	0	0	0	0	0	0	0	0	0	0	0	0	0	0	
1054.068483	8	3	3	0	1	2	2	3852	674	48	63302	15	7	69	0	0	0	0	0	0	0	0	0	0	0	0	0	0	
1055.073600	8	3	3	0	1	2	2	3859	675	47	63362	15	7	69	0	0	0	0	0	0	0	0	0	0	0	0	0	0	
1056.078717	8	3	3	0	1	2	2	3865	674	48	63422	15	7	69	0	0	0	0	0	0	0	0	0	0	0	0	0	0	
1057.065117	8	3	3	0	1	2	2	3870	674	47	63482	15	7	69	0	0	0	0	0	0	0	0	0	0	0	0	0	0	
1058.070233	8	3	3	0	1	2	2	3875	674	47	63542	15	7	69	0	0	0	0	0	0	0	0	0	0	0	0	0	0	
1059.076800	8	3	3	0	1	2	2	3880	675	47	63602	15	7	69	0	0	0	0	0	0	0	0	0	0	0	0	0	0	
1060.083367	8	3	3	0	1	2	2	3885	674	47	63663	15	7	69	0	0	0	0	0	0	0	0	0	0	0	0	0	0	
1061.069767	8	3	3	0	1	2	2	3889	675	47	63722	15	7	69	0	0	0	0	0	0	0	0	0	0	0	0	0	0	
1062.074883	8	3	3	0	1	2	2	3894	675	47	63782	15	7	69	0	0	0	0	0	0	0	0	0	0	0	0	0	0	
1063.080000	8	3	3	0	1	2	2	3899	674	47	63843	15	7	69	0	0	0	0	0	0	0	0	0	0	0	0	0	0	
1064.067833	8	3	3	0	1	2	2	3903	674	47	63902	15	7	69	0	0	0	0	0	0	0	0	0	0	0	0	0	0	
1065.072967	8	3	3	0	1	2	2	3908	675	47	63962	15	7	69	0	0	0	0	0	0	0	0	0	0	0	0	0	0	
1066.078083	8	3	3	0	1	2	2	3912	675	47	64022	15	7	69	0	0	0	0	0	0	0	0	0	0	0	0	0	0	
1067.083200	8	3	3	0	1	2	2	3916	675	47	64083	15	7	69	0	0	0	0	0	0	0	0	0	0	0	0	0	0	
1068.069600	8	3	3	0	1	2	2	3921	674	47	64142	15	7	69	0	0	0	0	0	0	0	0	0	0	0	0	0	0	
1069.074717	8	3	3	0	1	2	2	3925	675	47	64202	15	7	69	0	0	0	0	0	0	0	0	0	0	0	0	0	0	
1070.081283	8	3	3	0	1	2	2	3930	675	47	64263	15	7	69	0	0	0	0	0	0	0	0	0	0	0	0	0	0	
1071.067683	8	3	3	0	1	2	2	3934	674	47	64322	15	7	69	0	0	0	0	0	0	0	0	0	0	0	0	0	0	
1072.072800	8	3	3	0	1	2	2	3939	674	47	64382	15	7	69	0	0	0	0	0	0	0	0	0	0	0	0	0	0	
1073.077917	8	3	3	0	1	2	2	3943	675	47	64442	15	7	69	0	0	0	0	0	0	0	0	0	0	0	0	0	0	
1074.083033	8	3	3	0	1	2	2	3948	674	47	64503	15	7	69	0	0	0	0	0	0	0	0	0	0	0	0	0	0	
1075.070883	8	3	3	0	1	2	2	3952	675	47	64562	15	7	69	0	0	0	0	0	0	0	0	0	0	0	0	0	0	
1076.076000	8	3	3	0	1	2	2	3957	676	47	64622	15	7	69	0	0	0	0	0	0	0	0	0	0	0	0	0	0	
1077.081117	8	3	3	0	1	2	2	3962	675	47	64682	15	7	69	0	0	0	0	0	0	0	0	0	0	0	0	0	0	
1078.067517	8	3	3	0	1	2	2	3967	674	47	64742	15	7	69	0	0	0	0	0	0	0	0	0	0	0	0	0	0	
1079.072633	8	3	3	0	1	2	2	3973	674	47	64802	15	7	69	0	0	0	0	0	0	0	0	0	0	0	0	0	0	
1080.079200	8	3	3	0	1	2	2	3978	675	47	64862	15	7	69	0	0	0	0	0	0	0	0	0	0	0	0	0	0	
1081.084317	8	3	3	0	1	2	2	3983	676	47	64923	15	7	69	0	0	0	0	0	0	0	0	0	0	0	0	0	0	
1082.070717	8	3	3	0	1	2	2	3988	675	47	64982	15	7	69	0	0	0	0	0	0	0	0	0	0	0	0	0	0	
1083.075833	8	3	3	0	1	2	2	3994	675	47	65042	15	7	69	0	0	0	0	0	0	0	0	0	0	0	0	0	0	
1084.080967	8	3	3	0	1	2	2	4000	675	47	65102	15	7	69	0	0	0	0	0	0	0	0	0	0	0	0	0	0	
1085.067367	8	3	3	0	1	2	2	4005	675	47	65162	15	7	69	0	0	0	0	0	0	0	0	0	0	0	0	0	0	
1086.073917	8	3	3	0	1	2	2	4011	675	47	65222	15	7	69	0	0	0	0	0	0	0	0	0	0	0	0	0	0	
1087.079033	8	3	3	0	1	2	2	4017	675	47	65282	15	7	69	0	0	0	0	0	0	0	0	0	0	0	0	0	0	
1088.084167	8	3	3	0	1	2	2	4023	675	47	65343	15	7	69	0	0	0	0	0	0	0	0	0	0	0	0	0	0	
1089.070567	8	3	3	0	1	2	2	4029	674	47	65402	15	7	69	0	0	0	0	0	0	0	0	0	0	0	0	0	0	
1090.075683	8	3	3	0	1	2	2	4035	674	47	65462	15	7	69	0	0	0	0	0	0	0	0	0	0	0	0	0	0	
1091.080800	8	3	3	0	1	2	2	4042	675	47	65522	15	7	69	0	0	0	0	0	0	0	0	0	0	0	0	0	0	
1092.068633	8	3	3	0	1	2	2	4048	674	47	65582	15	7	69	0	0	0	0	0	0	0	0	0	0	0	0	0	0	
1093.073767	8	3	3	0	1	2	2	4055	675	47	65642	15	7	69	0	0	0	0	0	0	0	0	0	0	0	0	0	0	
1094.078883	8	3	3	0	1	2	2	4061	675	47	65702	15	7	69	0	0	0	0	0	0	0	0	0	0	0	0	0	0	
1095.084000	8	3	3	0	1	2	2	4068	675	47	65763	15	7	69	0	0	0	0	0	0	0	0	0	0	0	0	0	0	
1096.070400	8	3	3	0	1	2	2	4075	675	47	65822	15	7	69	0	0	0	0	0	0	0	0	0	0	0	0	0	0	
1097.076967	8	3	3	0	1	2	2	4082	674	47	65882	15	7	69	0	0	0	0	0	0	0	0	0	0	0	0	0	0	
1098.082083	8	3	3	0	1	2	2	4089	674	47	65942	15	7	69	0	0	0	0	0	0	0	0	0	0	0	0	0	0	
1099.068483	8	3	3	0	1	2	2	4096	674	48	66002	15	7	69	0	0	0	0	0	0	0	0	0	0	0	0	0	0	
1100.073600	8	3	3	0	1	2	2	4103	675	47	66062	15	7	69	0	0	0	0	0	0	0	0	0	0	0	0	0	0	
1101.078717	8	3	3	0	1	2	2	4111	674	47	66122	15	7	69	0	0	0	0	0	0	0	0	0	0	0	0	0	0	
1102.085283	8	3	3	0	1	2	2	4118	669	47	66183	15	7	69	0	0	0	0	0	0	0	0	0	0	0	0	0	0	
1103.071683	8	3	3	0	1	2	2	4125	667	47	66242	15	7	69	0	0	0	0	0	0	0	0	0	0	0	0	0	0	
1104.076800	8	3	3	0	1	2	2	4132	665	47	66302	15	7	69	0	0	0	0	0	0	0	0	0	0	0	0	0	0	
1105.081917	8	3	3	0	1	2	2	4139	664	48	66362	15	7	69	0	0	0	0	0	0	0	0	0	0	0	0	0	0	
1106.068317	8	3	3	0	1	2	2	4147	662	47	66422	15	7	69	0	0	0	0	0	0	0	0	0	0	0	0	0	0	
1107.073433	8	3	3	0	1	2	2	4155	662	47	66482	15	7	69	0	0	0	0	0	0	0	0	0	0	0	0	0	0	
1108.080000	8	3	3	0	1	2	2	4162	660	47	66542	15	7	69	0	0	0	0	0	0	0	0	0	0	0	0	0	0	
1109.085117	8	3	3	0	1	2	2	4170	660	47	66603	15	7	69	0	0	0	0	0	0	0	0	0	0	0	0	0	0	
1110.071517	8	3	3	0	1	2	2	4178	659	47	66662	15	7	69	0	0	0	0	0	0	0	0	0	0	0	0	0	0	
1111.076633	8	3	3	0	1	2	2	4186	658	47	66722	15	7	69	0	0	0	0	0	0	0	0	0	0	0	0	0	0	
1112.083200	8	3	3	0	1	2	2	4194	657	47	66782	15	7	69	0	0	0	0	0	0	0	0	0	0	0	0	0	0	
1113.088317	8	3	3	0	1	2	2	4198	623	48	66843	15	7	69	0	0	0	0	0	0	0	0	0	0	0	0	0	0	
1114.074717	8	3	3	0	1	2	2	4198	571	47	66902	15	7	69	0	0	0	0	0	0	0	0	0	0	0	0	0	0	
1115.079833	8	3	3	0	1	2	2	4199	527	47	66962	15	7	69	0	0	0	0	0	0	0	0	0	0	0	0	0	0	
1116.084967	8	3	3	0	1	2	2	4198	487	47	67023	15	7	69	0	0	0	0	0	0	0	0	0	0	0	0	0	0	
1117.071367	8	3	3	0	1	2	2	4199	453	47	67082	15	7	69	0	0	0	0	0	0	0	0	0	0	0	0	0	0	
1118.077917	8	3	3	0	1	2	2	4198	420	47	67142	15	7	69	0	0	0	0	0	0	0	0	0	0	0	0	0	0	
1119.083033	8	3	3	0	1	2	2	4198	390	47	67202	15	7	69	0	0	0	0	0	0	0	0	0	0	0	0	0	0	
1120.088167	8	3	3	0	1	2	2	4198	362	47	67263	15	7	69	0	0	0	0	0	0	0	0	0	0	0	0	0	0	
1121.074567	8	3	3	0	1	2	2	4198	338	47	67322	15	7	69	0	0	0	0	0	0	0	0	0	0	0	0	0	0	
1122.079683	8	3	3	0	1	2	2	4199	315	47	67382	15	7	69	0	0	0	0	0	0	0	0	0	0	0	0	0	0	
1123.086233	8	3	3	0	1	2	2	4198	293	48	67443	15	7	69	0	0	0	0	0	0	0	0	0	0	0	0	0	0	
1124.072633	8	3	3	0	1	2	2	4198	274	48	67502	15	7	69	0	0	0	0	0	0	0	0	0	0	0	0	0	0	
1125.077767	8	3	3	0	1	2	2	4199	255	47	67562	15	7	69	0	0	0	0	0	0	0	0	0	0	0	0	0	0	
1126.082883	8	3	3	0	1	2	2	4198	240	47	67622	15	7	69	0	0	0	0	0	0	0	0	0	0	0	0	0	0	
1127.088000	8	3	3	0	1	2	2	4198	225	47	67683	15	7	69	0	0	0	0	0	0	0	0	0	0	0	0	0	0	
1128.074400	8	3	3	0	1	2	2	4198	210	47	67742	15	7	69	0	0	0	0	0	0	0	0	0	0	0	0	0	0	
1129.080967	8	3	3	0	1	2	2	4198	196	48	67802	15	7	69	0	0	0	0	0	0	0	0	0	0	0	0	0	0	
1130.086083	8	3	3	0	1	2	2	4199	184	48	67863	15	7	69	0	0	0	0	0	0	0	0	0	0	0	0	0	0	
1131.072483	8	3	3	0	1	2	2	4198	173	47	67922	15	7	69	0	0	0	0	0	0	0	0	0	0	0	0	0	0	
1132.077600	8	3	3	0	1	2	2	4198	162	47	67982	15	7	69	0	0	0	0	0	0	0	0	0	0	0	0	0	0	
1133.082717	8	3	3	0	1	2	2	4198	153	47	68042	15	7	69	0	0	0	0	0	0	0	0	0	0	0	0	0	0	
1134.089283	8	3	3	0	1	2	2	4199	143	48	68103	15	7	69	0	0	0	0	0	0	0	0	0	0	0	0	0	0	
1135.075683	8	3	3	0	1	2	2	4198	134	47	68162	15	7	69	0	0	0	0	0	0	0	0	0	0	0	0	0	0	
1136.080800	8	3	3	0	1	2	2	4198	128	47	68222	15	7	69	0	0	0	0	0	0	0	0	0	0	0	0	0	0	
1137.085917	8	3	3	0	1	2	2	4198	120	48	68283	15	7	69	0	0	0	0	0	0	0	0	0	0	0	0	0	0	
1138.072317	8	3	3	0	1	2	2	4198	114	48	68342	15	7	69	0	0	0	0	0	0	0	0	0	0	0	0	0	0	
1139.077433	8	3	3	0	1	2	2	4198	108	47	68402	15	7	69	0	0	0	0	0	0	0	0	0	0	0	0	0	0	
1140.084000	8	3	3	0	1	2	2	4199	101	48	68462	15	7	69	0	0	0	0	0	0	0	0	0	0	0	0	0	0	
1141.089117	8	3	3	0	1	2	2	4199	96	48	68523	15	7	69	0	0	0	0	0	0	0	0	0	0	0	0	0	0	
1142.075517	8	3	3	0	1	2	2	4198	91	48	68582	15	7	69	0	0	0	0	0	0	0	0	0	0	0	0	0	0	
1143.080633	8	3	3	0	1	2	2	4198	87	47	68642	15	7	69	0	0	0	0	0	0	0	0	0	0	0	0	0	0	
1144.085767	8	3	3	0	1	2	2	4198	82	47	68702	15	7	69	0	0	0	0	0	0	0	0	0	0	0	0	0	0	
1145.072167	8	3	3	0	1	2	2	4198	76	48	68762	15	7	69	0	0	0	0	0	0	0	0	0	0	0	0	0	0	
1146.078717	8	3	3	0	1	2	2	4199	74	47	68822	15	7	69	0	0	0	0	0	0	0	0	0	0	0	0	0	0	
1147.083833	8	3	3	0	1	2	2	4198	69	47	68882	15	7	69	0	0	0	0	0	0	0	0	0	0	0	0	0	0	
1147.862883	8	6	3	0	2	7	1	4094	-1048	48	68929	15	8	0	0	0	0	0	0	0	0	0	0	0	0	0	0	0	
1148.090400	8	6	3	0	2	7	1	4033	-1350	47	68943	15	8	0	0	0	0	0	0	0	0	0	0	0	0	0	0	0	
1149.076800	8	6	3	0	2	7	1	3986	-1348	47	69002	15	8	1	0	0	0	0	0	0	0	0	0	0	0	0	0	0	
1150.083367	8	6	3	0	2	7	1	3954	-1348	47	69062	15	8	3	0	0	0	0	0	0	0	0	0	0	0	0	0	0	
1151.088483	8	6	3	0	2	7	1	3927	-1349	47	69123	15	8	5	0	0	0	0	0	0	0	0	0	0	0	0	0	0	
1152.074883	8	6	3	0	2	7	1	3903	-1349	47	69182	15	8	6	0	0	0	0	0	0	0	0	0	0	0	0	0	0	
1153.080000	8	6	3	0	2	7	1	3879	-1350	47	69242	15	8	8	0	0	0	0	0	0	0	0	0	0	0	0	0	0	
1154.085117	8	6	3	0	2	7	1	3857	-1349	48	69302	15	8	10	0	0	0	0	0	0	0	0	0	0	0	0	0	0	
1155.090233	8	6	3	0	2	7	1	3837	-1349	47	69363	15	8	11	0	0	0	0	0	0	0	0	0	0	0	0	0	0	
1156.078083	8	6	3	0	2	7	1	3816	-1348	47	69422	15	8	13	0	0	0	0	0	0	0	0	0	0	0	0	0	0	
1157.083200	8	6	3	0	2	7	1	3797	-1348	47	69482	15	8	15	0	0	0	0	0	0	0	0	0	0	0	0	0	0	
1158.088317	8	6	3	0	2	7	1	3778	-1350	47	69543	15	8	16	0	0	0	0	0	0	0	0	0	0	0	0	0	0	
1159.074717	8	6	3	0	2	7	1	3760	-1349	47	69602	15	8	18	0	0	0	0	0	0	0	0	0	0	0	0	0	0	
1160.079833	8	6	3	0	2	7	1	3743	-1349	47	69662	15	8	20	0	0	0	0	0	0	0	0	0	0	0	0	0	0	
1161.089283	8	6	3	0	2	7	1	3725	-1349	47	69723	15	8	21	0	0	0	0	0	0	0	0	0	0	0	0	0	0	
1162.075683	8	6	3	0	2	7	1	3710	-1351	48	69782	15	8	23	0	0	0	0	0	0	0	0	0	0	0	0	0	0	
1163.080800	8	6	3	0	2	7	1	3694	-1353	48	69842	15	8	25	0	0	0	0	0	0	0	0	0	0	0	0	0	0	
1164.085917	8	6	3	0	2	7	1	3679	-1350	48	69902	15	8	26	0	0	0	0	0	0	0	0	0	0	0	0	0	0	
1165.092483	8	6	3	0	2	7	1	3664	-1351	47	69963	15	8	28	0	0	0	0	0	0	0	0	0	0	0	0	0	0	
1166.078883	8	6	3	0	2	7	1	3651	-1351	48	70022	15	8	30	0	0	0	0	0	0	0	0	0	0	0	0	0	0	
1167.084000	8	6	3	0	2	7	1	3638	-1349	48	70082	15	8	31	0	0	0	0	0	0	0	0	0	0	0	0	0	0	
1168.089117	8	6	3	0	2	7	1	3626	-1350	48	70143	15	8	33	0	0	0	0	0	0	0	0	0	0	0	0	0	0	
1169.075517	8	6	3	0	2	7	1	3614	-1348	48	70202	15	8	35	0	0	0	0	0	0	0	0	0	0	0	0	0	0	
1170.082083	8	6	3	0	2	7	1	3603	-1352	48	70262	15	8	36	0	0	0	0	0	0	0	0	0	0	0	0	0	0	
1171.087200	8	6	3	0	2	7	1	3592	-1349	48	70322	15	8	38	0	0	0	0	0	0	0	0	0	0	0	0	0	0	
1172.092317	8	6	3	0	2	7	1	3581	-1351	48	70383	15	8	40	0	0	0	0	0	0	0	0	0	0	0	0	0	0	
1173.078717	8	6	3	0	2	7	1	3571	-1349	48	70442	15	8	41	0	0	0	0	0	0	0	0	0	0	0	0	0	0	
1174.083833	8	6	3	0	2	7	1	3561	-1349	48	70502	15	8	43	0	0	0	0	0	0	0	0	0	0	0	0	0	0	
1175.088967	8	6	3	0	2	7	1	3552	-1350	47	70563	15	8	45	0	0	0	0	0	0	0	0	0	0	0	0	0	0	
1176.076800	8	6	3	0	2	7	1	3544	-1350	48	70622	15	8	46	0	0	0	0	0	0	0	0	0	0	0	0	0	0	
1177.081917	8	6	3	0	2	7	1	3534	-1349	48	70682	15	8	48	0	0	0	0	0	0	0	0	0	0	0	0	0	0	
1178.087033	8	6	3	0	2	7	1	3525	-1349	48	70742	15	8	50	0	0	0	0	0	0	0	0	0	0	0	0	0	0	
1179.092167	8	6	3	0	2	7	1	3516	-1351	47	70803	15	8	51	0	0	0	0	0	0	0	0	0	0	0	0	0	0	
1180.078567	8	6	3	0	2	7	1	3506	-1349	47	70862	15	8	53	0	0	0	0	0	0	0	0	0	0	0	0	0	0	
1181.083683	8	6	3	0	2	7	1	3496	-1349	48	70922	15	8	55	0	0	0	0	0	0	0	0	0	0	0	0	0	0	
1182.090233	8	6	3	0	2	7	1	3483	-1349	47	70983	15	8	56	0	0	0	0	0	0	0	0	0	0	0	0	0	0	
1183.076633	8	6	3	0	2	7	1	3470	-1349	47	71042	15	8	58	0	0	0	0	0	0	0	0	0	0	0	0	0	0	
1184.081767	8	6	3	0	2	7	1	3452	-1350	47	71102	15	8	60	0	0	0	0	0	0	0	0	0	0	0	0	0	0	
1185.086883	8	6	3	0	2	7	1	3427	-1350	48	71162	15	8	61	0	0	0	0	0	0	0	0	0	0	0	0	0	0	
1186.093433	8	6	3	0	2	7	1	3388	-1348	47	71223	15	8	63	0	0	0	0	0	0	0	0	0	0	0	0	0	0	
1187.079833	8	6	3	0	2	7	1	3318	-1348	48	71282	15	8	64	0	0	0	0	0	0	0	0	0	0	0	0	0	0	
1188.084967	8	6	3	0	2	7	1	3182	-1349	47	71342	15	8	66	0	0	0	0	0	0	0	0	0	0	0	0	0	0	
1189.090083	8	6	3	0	2	7	1	2893	-1351	48	71403	15	8	68	0	0	0	0	0	0	0	0	0	0	0	0	0	0	
1189.512000	8	15	3	0	1	31	2	2924	67	48	71428	16	8	69	0	0	0	0	0	0	0	0	0	0	0	0	0	0	
1189.532167	8	3	3	0	1	2	2	3019	65	48	71429	17	8	69	0	0	0	0	0	0	0	0	0	0	0	0	0	0	
1190.080800	8	3	3	0	1	2	2	3546	674	48	71462	17	8	69	0	0	0	0	0	0	0	0	0	0	0	0	0	0	
1191.085917	8	3	3	0	1	2	2	3681	675	48	71522	17	8	69	0	0	0	0	0	0	0	0	0	0	0	0	0	0	
1192.091033	8	3	3	0	1	2	2	3737	675	48	71583	17	8	69	0	0	0	0	0	0	0	0	0	0	0	0	0	0	
1193.077433	8	3	3	0	1	2	2	3764	674	48	71642	17	8	69	0	0	0	0	0	0	0	0	0	0	0	0	0	0	
1194.082567	8	3	3	0	1	2	2	3780	676	48	71702	17	8	69	0	0	0	0	0	0	0	0	0	0	0	0	0	0	
1195.089117	8	3	3	0	1	2	2	3792	674	48	71762	17	8	69	0	0	0	0	0	0	0	0	0	0	0	0	0	0	
1196.094233	8	3	3	0	1	2	2	3802	673	48	71823	17	8	69	0	0	0	0	0	0	0	0	0	0	0	0	0	0	
1197.080633	8	3	3	0	1	2	2	3811	675	48	71882	17	8	69	0	0	0	0	0	0	0	0	0	0	0	0	0	0	
1198.085767	8	3	3	0	1	2	2	3820	676	48	71942	17	8	69	0	0	0	0	0	0	0	0	0	0	0	0	0	0	
1199.090883	8	3	3	0	1	2	2	3829	675	48	72003	17	8	69	0	0	0	0	0	0	0	0	0	0	0	0	0	0	
1200.078717	8	3	3	0	1	2	2	3837	675	47	72062	17	8	69	0	0	0	0	0	0	0	0	0	0	0	0	0	0	
1201.083833	8	3	3	0	1	2	2	3844	675	48	72122	17	8	69	0	0	0	0	0	0	0	0	0	0	0	0	0	0	
1202.088967	8	3	3	0	1	2	2	3851	674	48	72182	17	8	69	0	0	0	0	0	0	0	0	0	0	0	0	0	0	
1203.094083	8	3	3	0	1	2	2	3858	675	48	72243	17	8	69	0	0	0	0	0	0	0	0	0	0	0	0	0	0	
1204.080483	8	3	3	0	1	2	2	3864	675	47	72302	17	8	69	0	0	0	0	0	0	0	0	0	0	0	0	0	0	
1205.085600	8	3	3	0	1	2	2	3869	675	47	72362	17	8	69	0	0	0	0	0	0	0	0	0	0	0	0	0	0	
1206.092167	8	3	3	0	1	2	2	3875	675	47	72423	17	8	69	0	0	0	0	0	0	0	0	0	0	0	0	0	0	
1207.078567	8	3	3	0	1	2	2	3880	674	48	72482	17	8	69	0	0	0	0	0	0	0	0	0	0	0	0	0	0	
1208.083683	8	3	3	0	1	2	2	3884	674	47	72542	17	8	69	0	0	0	0	0	0	0	0	0	0	0	0	0	0	
1209.088800	8	3	3	0	1	2	2	3889	674	47	72602	17	8	69	0	0	0	0	0	0	0	0	0	0	0	0	0	0	
1210.093917	8	3	3	0	1	2	2	3894	674	48	72663	17	8	69	0	0	0	0	0	0	0	0	0	0	0	0	0	0	
1211.080317	8	3	3	0	1	2	2	3898	674	47	72722	17	8	69	0	0	0	0	0	0	0	0	0	0	0	0	0	0	
1212.086883	8	3	3	0	1	2	2	3903	675	47	72782	17	8	69	0	0	0	0	0	0	0	0	0	0	0	0	0	0	
1213.092000	8	3	3	0	1	2	2	3907	674	48	72843	17	8	69	0	0	0	0	0	0	0	0	0	0	0	0	0	0	
1214.078400	8	3	3	0	1	2	2	3911	675	47	72902	17	8	69	0	0	0	0	0	0	0	0	0	0	0	0	0	0	
1215.083517	8	3	3	0	1	2	2	3916	674	48	72962	17	8	69	0	0	0	0	0	0	0	0	0	0	0	0	0	0	
1216.088633	8	3	3	0	1	2	2	3920	674	47	73022	17	8	69	0	0	0	0	0	0	0	0	0	0	0	0	0	0	
1217.095200	8	3	3	0	1	2	2	3924	675	47	73083	17	8	69	0	0	0	0	0	0	0	0	0	0	0	0	0	0	
1218.081600	8	3	3	0	1	2	2	3929	676	48	73142	17	8	69	0	0	0	0	0	0	0	0	0	0	0	0	0	0	
1219.086717	8	3	3	0	1	2	2	3933	674	47	73202	17	8	69	0	0	0	0	0	0	0	0	0	0	0	0	0	0	
1220.091833	8	3	3	0	1	2	2	3938	675	48	73262	17	8	69	0	0	0	0	0	0	0	0	0	0	0	0	0	0	
1221.078233	8	3	3	0	1	2	2	3943	674	47	73322	17	8	69	0	0	0	0	0	0	0	0	0	0	0	0	0	0	
1222.083367	8	3	3	0	1	2	2	3947	675	48	73382	17	8	69	0	0	0	0	0	0	0	0	0	0	0	0	0	0	
1223.089917	8	3	3	0	1	2	2	3952	675	47	73442	17	8	69	0	0	0	0	0	0	0	0	0	0	0	0	0	0	
1224.095033	8	3	3	0	1	2	2	3957	675	47	73503	17	8	69	0	0	0	0	0	0	0	0	0	0	0	0	0	0	
1225.081433	8	3	3	0	1	2	2	3962	674	48	73562	17	8	69	0	0	0	0	0	0	0	0	0	0	0	0	0	0	
1226.086567	8	3	3	0	1	2	2	3967	675	48	73622	17	8	69	0	0	0	0	0	0	0	0	0	0	0	0	0	0	
1227.091683	8	3	3	0	1	2	2	3972	674	48	73682	17	8	69	0	0	0	0	0	0	0	0	0	0	0	0	0	0	
1228.079517	8	3	3	0	1	2	2	3977	675	47	73742	17	8	69	0	0	0	0	0	0	0	0	0	0	0	0	0	0	
1229.084633	8	3	3	0	1	2	2	3982	675	48	73802	17	8	69	0	0	0	0	0	0	0	0	0	0	0	0	0	0	
1230.089767	8	3	3	0	1	2	2	3988	675	48	73862	17	8	69	0	0	0	0	0	0	0	0	0	0	0	0	0	0	
1231.094883	8	3	3	0	1	2	2	3993	675	47	73923	17	8	69	0	0	0	0	0	0	0	0	0	0	0	0	0	0	
1232.081283	8	3	3	0	1	2	2	3999	675	47	73982	17	8	69	0	0	0	0	0	0	0	0	0	0	0	0	0	0	
1233.086400	8	3	3	0	1	2	2	4005	675	48	74042	17	8	69	0	0	0	0	0	0	0	0	0	0	0	0	0	0	
1234.092967	8	3	3	0	1	2	2	4011	675	48	74102	17	8	69	0	0	0	0	0	0	0	0	0	0	0	0	0	0	
1235.079367	8	3	3	0	1	2	2	4016	674	47	74162	17	8	69	0	0	0	0	0	0	0	0	0	0	0	0	0	0	
1236.084483	8	3	3	0	1	2	2	4022	674	48	74222	17	8	69	0	0	0	0	0	0	0	0	0	0	0	0	0	0	
1237.089600	8	3	3	0	1	2	2	4028	674	47	74282	17	8	69	0	0	0	0	0	0	0	0	0	0	0	0	0	0	
1238.096167	8	3	3	0	1	2	2	4035	675	48	74343	17	8	69	0	0	0	0	0	0	0	0	0	0	0	0	0	0	
1239.082567	8	3	3	0	1	2	2	4041	674	47	74402	17	8	69	0	0	0	0	0	0	0	0	0	0	0	0	0	0	
1240.087683	8	3	3	0	1	2	2	4048	675	47	74462	17	8	69	0	0	0	0	0	0	0	0	0	0	0	0	0	0	
1241.092800	8	3	3	0	1	2	2	4054	674	48	74522	17	8	69	0	0	0	0	0	0	0	0	0	0	0	0	0	0	
1242.079200	8	3	3	0	1	2	2	4061	674	48	74582	17	8	69	0	0	0	0	0	0	0	0	0	0	0	0	0	0	
1243.084317	8	3	3	0	1	2	2	4068	675	47	74642	17	8	69	0	0	0	0	0	0	0	0	0	0	0	0	0	0	
1244.090883	8	3	3	0	1	2	2	4075	675	48	74702	17	8	69	0	0	0	0	0	0	0	0	0	0	0	0	0	0	
1245.096000	8	3	3	0	1	2	2	4081	674	48	74763	17	8	69	0	0	0	0	0	0	0	0	0	0	0	0	0	0	
1246.082400	8	3	3	0	1	2	2	4088	674	48	74822	17	8	69	0	0	0	0	0	0	0	0	0	0	0	0	0	0	
1247.087517	8	3	3	0	1	2	2	4096	674	47	74882	17	8	69	0	0	0	0	0	0	0	0	0	0	0	0	0	0	
1248.092633	8	3	3	0	1	2	2	4103	675	48	74942	17	8	69	0	0	0	0	0	0	0	0	0	0	0	0	0	0	
1249.097767	8	3	3	0	1	2	2	4110	674	48	75003	17	8	69	0	0	0	0	0	0	0	0	0	0	0	0	0	0	
1250.085600	8	3	3	0	1	2	2	4117	669	47	75062	17	8	69	0	0	0	0	0	0	0	0	0	0	0	0	0	0	
1251.090717	8	3	3	0	1	2	2	4124	666	48	75122	17	8	69	0	0	0	0	0	0	0	0	0	0	0	0	0	0	
1252.095833	8	3	3	0	1	2	2	4131	665	48	75183	17	8	69	0	0	0	0	0	0	0	0	0	0	0	0	0	0	
1253.082233	8	3	3	0	1	2	2	4139	664	48	75242	17	8	69	0	0	0	0	0	0	0	0	0	0	0	0	0	0	
1254.087367	8	3	3	0	1	2	2	4146	664	48	75302	17	8	69	0	0	0	0	0	0	0	0	0	0	0	0	0	0	
1255.093917	8	3	3	0	1	2	2	4154	662	48	75362	17	8	69	0	0	0	0	0	0	0	0	0	0	0	0	0	0	
1256.099033	8	3	3	0	1	2	2	4162	662	48	75423	17	8	69	0	0	0	0	0	0	0	0	0	0	0	0	0	0	
1257.085433	8	3	3	0	1	2	2	4170	660	48	75482	17	8	69	0	0	0	0	0	0	0	0	0	0	0	0	0	0	
1258.090567	8	3	3	0	1	2	2	4178	659	48	75542	17	8	69	0	0	0	0	0	0	0	0	0	0	0	0	0	0	
1259.095683	8	3	3	0	1	2	2	4185	658	47	75603	17	8	69	0	0	0	0	0	0	0	0	0	0	0	0	0	0	
1260.082083	8	3	3	0	1	2	2	4194	658	47	75662	17	8	69	0	0	0	0	0	0	0	0	0	0	0	0	0	0	
1261.088633	8	3	3	0	1	2	2	4199	628	48	75722	17	8	69	0	0	0	0	0	0	0	0	0	0	0	0	0	0	
1262.093767	8	3	3	0	1	2	2	4199	575	48	75782	17	8	69	0	0	0	0	0	0	0	0	0	0	0	0	0	0	
1263.098883	8	3	3	0	1	2	2	4198	530	47	75843	17	8	69	0	0	0	0	0	0	0	0	0	0	0	0	0	0	
1264.085283	8	3	3	0	1	2	2	4198	491	48	75902	17	8	69	0	0	0	0	0	0	0	0	0	0	0	0	0	0	
1265.090400	8	3	3	0	1	2	2	4198	454	47	75962	17	8	69	0	0	0	0	0	0	0	0	0	0	0	0	0	0	
1266.096967	8	3	3	0	1	2	2	4198	421	48	76023	17	8	69	0	0	0	0	0	0	0	0	0	0	0	0	0	0	
1267.083367	8	3	3	0	1	2	2	4198	392	48	76082	17	8	69	0	0	0	0	0	0	0	0	0	0	0	0	0	0	
1268.088483	8	3	3	0	1	2	2	4198	364	47	76142	17	8	69	0	0	0	0	0	0	0	0	0	0	0	0	0	0	
1269.093600	8	3	3	0	1	2	2	4199	338	48	76202	17	8	69	0	0	0	0	0	0	0	0	0	0	0	0	0	0	
1270.098717	8	3	3	0	1	2	2	4199	315	48	76263	17	8	69	0	0	0	0	0	0	0	0	0	0	0	0	0	0	
1271.085117	8	3	3	0	1	2	2	4198	294	47	76322	17	8	69	0	0	0	0	0	0	0	0	0	0	0	0	0	0	
1272.091683	8	3	3	0	1	2	2	4198	275	48	76382	17	8	69	0	0	0	0	0	0	0	0	0	0	0	0	0	0	
1273.096800	8	3	3	0	1	2	2	4198	256	47	76443	17	8	69	0	0	0	0	0	0	0	0	0	0	0	0	0	0	
1274.083200	8	3	3	0	1	2	2	4198	241	47	76502	17	8	69	0	0	0	0	0	0	0	0	0	0	0	0	0	0	
1275.088317	8	3	3	0	1	2	2	4198	225	47	76562	17	8	69	0	0	0	0	0	0	0	0	0	0	0	0	0	0	
1276.093433	8	3	3	0	1	2	2	4198	210	48	76622	17	8	69	0	0	0	0	0	0	0	0	0	0	0	0	0	0	
1277.100000	8	3	3	0	1	2	2	4199	196	47	76683	17	8	69	0	0	0	0	0	0	0	0	0	0	0	0	0	0	
1278.086400	8	3	3	0	1	2	2	4199	184	47	76742	17	8	69	0	0	0	0	0	0	0	0	0	0	0	0	0	0	
1279.091517	8	3	3	0	1	2	2	4198	174	48	76802	17	8	69	0	0	0	0	0	0	0	0	0	0	0	0	0	0	
1280.096633	8	3	3	0	1	2	2	4198	163	48	76863	17	8	69	0	0	0	0	0	0	0	0	0	0	0	0	0	0	
1281.083033	8	3	3	0	1	2	2	4198	153	47	76922	17	8	69	0	0	0	0	0	0	0	0	0	0	0	0	0	0	
1282.089600	8	3	3	0	1	2	2	4198	144	48	76982	17	8	69	0	0	0	0	0	0	0	0	0	0	0	0	0	0	
1283.094717	8	3	3	0	1	2	2	4198	135	48	77042	17	8	69	0	0	0	0	0	0	0	0	0	0	0	0	0	0	
1284.099833	8	3	3	0	1	2	2	4199	128	47	77103	17	8	69	0	0	0	0	0	0	0	0	0	0	0	0	0	0	
1285.086233	8	3	3	0	1	2	2	4199	120	47	77162	17	8	69	0	0	0	0	0	0	0	0	0	0	0	0	0	0	
1286.091367	8	3	3	0	1	2	2	4198	113	47	77222	17	8	69	0	0	0	0	0	0	0	0	0	0	0	0	0	0	
1287.097917	8	3	3	0	1	2	2	4198	107	48	77282	17	8	69	0	0	0	0	0	0	0	0	0	0	0	0	0	0	
1288.084317	8	3	3	0	1	2	2	4198	100	48	77342	17	8	69	0	0	0	0	0	0	0	0	0	0	0	0	0	0	
1289.089433	8	3	3	0	1	2	2	4198	96	48	77402	17	8	69	0	0	0	0	0	0	0	0	0	0	0	0	0	0	
1290.094567	8	3	3	0	1	2	2	4198	92	48	77462	17	8	69	0	0	0	0	0	0	0	0	0	0	0	0	0	0	
1291.099683	8	3	3	0	1	2	2	4198	86	48	77523	17	8	69	0	0	0	0	0	0	0	0	0	0	0	0	0	0	
1292.088967	8	3	3	0	1	2	2	4198	82	48	77582	17	8	69	0	0	0	0	0	0	0	0	0	0	0	0	0	0	
1293.094083	8	3	3	0	1	2	2	4199	79	48	77642	17	8	69	0	0	0	0	0	0	0	0	0	0	0	0	0	0	
1294.099200	8	3	3	0	1	2	2	4199	74	48	77703	17	8	69	0	0	0	0	0	0	0	0	0	0	0	0	0	0	
1295.085600	8	3	3	0	1	2	2	4198	71	47	77762	17	8	69	0	0	0	0	0	0	0	0	0	0	0	0	0	0	
1296.072000	8	6	3	0	2	7	1	4062	-1349	47	77821	17	9	0	0	0	0	0	0	0	0	0	0	0	0	0	0	0	
1296.093600	8	6	3	0	2	7	1	4056	-1351	47	77822	17	9	0	0	0	0	0	0	0	0	0	0	0	0	0	0	0	
1297.098717	8	6	3	0	2	7	1	3992	-1351	48	77883	17	9	1	0	0	0	0	0	0	0	0	0	0	0	0	0	0	
1298.085117	8	6	3	0	2	7	1	3959	-1348	47	77942	17	9	3	0	0	0	0	0	0	0	0	0	0	0	0	0	0	
1299.091683	8	6	3	0	2	7	1	3931	-1351	47	78002	17	9	4	0	0	0	0	0	0	0	0	0	0	0	0	0	0	
1300.096800	8	6	3	0	2	7	1	3906	-1349	47	78062	17	9	6	0	0	0	0	0	0	0	0	0	0	0	0	0	0	
1301.101917	8	6	3	0	2	7	1	3883	-1350	47	78123	17	9	8	0	0	0	0	0	0	0	0	0	0	0	0	0	0	
1302.088317	8	6	3	0	2	7	1	3861	-1350	47	78182	17	9	9	0	0	0	0	0	0	0	0	0	0	0	0	0	0	
1303.093433	8	6	3	0	2	7	1	3839	-1346	47	78242	17	9	11	0	0	0	0	0	0	0	0	0	0	0	0	0	0	
1304.100000	8	6	3	0	2	7	1	3819	-1349	47	78303	17	9	13	0	0	0	0	0	0	0	0	0	0	0	0	0	0	
1305.086400	8	6	3	0	2	7	1	3799	-1350	47	78362	17	9	14	0	0	0	0	0	0	0	0	0	0	0	0	0	0	
1306.091517	8	6	3	0	2	7	1	3780	-1350	47	78422	17	9	16	0	0	0	0	0	0	0	0	0	0	0	0	0	0	
1307.096633	8	6	3	0	2	7	1	3761	-1348	48	78482	17	9	18	0	0	0	0	0	0	0	0	0	0	0	0	0	0	
1308.101767	8	6	3	0	2	7	1	3744	-1351	47	78543	17	9	19	0	0	0	0	0	0	0	0	0	0	0	0	0	0	
1309.088167	8	6	3	0	2	7	1	3727	-1348	48	78602	17	9	21	0	0	0	0	0	0	0	0	0	0	0	0	0	0	
1310.094717	8	6	3	0	2	7	1	3711	-1348	48	78662	17	9	23	0	0	0	0	0	0	0	0	0	0	0	0	0	0	
1311.099833	8	6	3	0	2	7	1	3695	-1349	48	78723	17	9	24	0	0	0	0	0	0	0	0	0	0	0	0	0	0	
1312.086233	8	6	3	0	2	7	1	3681	-1349	47	78782	17	9	26	0	0	0	0	0	0	0	0	0	0	0	0	0	0	
1313.091367	8	6	3	0	2	7	1	3666	-1351	48	78842	17	9	28	0	0	0	0	0	0	0	0	0	0	0	0	0	0	
1314.096483	8	6	3	0	2	7	1	3652	-1349	48	78902	17	9	29	0	0	0	0	0	0	0	0	0	0	0	0	0	0	
1315.101600	8	6	3	0	2	7	1	3639	-1350	48	78963	17	9	31	0	0	0	0	0	0	0	0	0	0	0	0	0	0	
1316.089433	8	6	3	0	2	7	1	3627	-1350	48	79022	17	9	33	0	0	0	0	0	0	0	0	0	0	0	0	0	0	
1317.094567	8	6	3	0	2	7	1	3614	-1347	48	79082	17	9	34	0	0	0	0	0	0	0	0	0	0	0	0	0	0	
1318.099683	8	6	3	0	2	7	1	3603	-1350	48	79142	17	9	36	0	0	0	0	0	0	0	0	0	0	0	0	0	0	
1319.086083	8	6	3	0	2	7	1	3592	-1349	48	79202	17	9	38	0	0	0	0	0	0	0	0	0	0	0	0	0	0	
1320.091200	8	6	3	0	2	7	1	3582	-1351	48	79262	17	9	39	0	0	0	0	0	0	0	0	0	0	0	0	0	0	
1321.096317	8	6	3	0	2	7	1	3572	-1350	48	79322	17	9	41	0	0	0	0	0	0	0	0	0	0	0	0	0	0	
1322.102883	8	6	3	0	2	7	1	3562	-1349	48	79383	17	9	43	0	0	0	0	0	0	0	0	0	0	0	0	0	0	
1323.089283	8	6	3	0	2	7	1	3553	-1349	48	79442	17	9	44	0	0	0	0	0	0	0	0	0	0	0	0	0	0	
1324.094400	8	6	3	0	2	7	1	3543	-1351	48	79502	17	9	46	0	0	0	0	0	0	0	0	0	0	0	0	0	0	
1325.099517	8	6	3	0	2	7	1	3535	-1350	47	79562	17	9	48	0	0	0	0	0	0	0	0	0	0	0	0	0	0	
1326.085917	8	6	3	0	2	7	1	3526	-1351	48	79622	17	9	49	0	0	0	0	0	0	0	0	0	0	0	0	0	0	
1327.092483	8	6	3	0	2	7	1	3516	-1350	48	79682	17	9	51	0	0	0	0	0	0	0	0	0	0	0	0	0	0	
1328.097600	8	6	3	0	2	7	1	3506	-1349	47	79742	17	9	53	0	0	0	0	0	0	0	0	0	0	0	0	0	0	
1329.102717	8	6	3	0	2	7	1	3496	-1349	48	79803	17	9	54	0	0	0	0	0	0	0	0	0	0	0	0	0	0	
1330.089117	8	6	3	0	2	7	1	3484	-1349	47	79862	17	9	56	0	0	0	0	0	0	0	0	0	0	0	0	0	0	
1331.094233	8	6	3	0	2	7	1	3470	-1350	48	79922	17	9	58	0	0	0	0	0	0	0	0	0	0	0	0	0	0	
1332.100800	8	6	3	0	2	7	1	3453	-1349	48	79982	17	9	59	0	0	0	0	0	0	0	0	0	0	0	0	0	0	
1333.087200	8	6	3	0	2	7	1	3430	-1350	48	80042	17	9	61	0	0	0	0	0	0	0	0	0	0	0	0	0	0	
1334.092317	8	6	3	0	2	7	1	3393	-1349	48	80102	17	9	63	0	0	0	0	0	0	0	0	0	0	0	0	0	0	
1335.097433	8	6	3	0	2	7	1	3324	-1350	47	80162	17	9	64	0	0	0	0	0	0	0	0	0	0	0	0	0	0	
1336.102567	8	6	3	0	2	7	1	3192	-1350	48	80223	17	9	66	0	0	0	0	0	0	0	0	0	0	0	0	0	0	
1337.090400	8	6	3	0	2	7	1	2929	-1351	48	80282	17	9	67	0	0	0	0	0	0	0	0	0	0	0	0	0	0	
1337.587200	8	15	3	0	1	31	2	2925	69	48	80312	18	9	68	0	0	0	0	0	0	0	0	0	0	0	0	0	0	
1337.607367	8	4	3	0	1	3	2	3023	65	48	80313	19	9	68	0	0	0	0	0	0	0	0	0	0	0	0	0	0	
1337.627517	8	3	3	0	1	2	2	3188	676	48	80314	19	9	68	0	0	0	0	0	0	0	0	0	0	0	0	0	0	
1338.099833	8	3	3	0	1	2	2	3535	674	48	80342	19	9	68	0	0	0	0	0	0	0	0	0	0	0	0	0	0	
1339.086233	8	3	3	0	1	2	2	3679	676	48	80402	19	9	68	0	0	0	0	0	0	0	0	0	0	0	0	0	0	
1340.092800	8	3	3	0	1	2	2	3735	675	47	80462	19	9	68	0	0	0	0	0	0	0	0	0	0	0	0	0	0	
1341.097917	8	3	3	0	1	2	2	3764	674	48	80522	19	9	68	0	0	0	0	0	0	0	0	0	0	0	0	0	0	
1342.103033	8	3	3	0	1	2	2	3780	674	48	80583	19	9	68	0	0	0	0	0	0	0	0	0	0	0	0	0	0	
1343.089433	8	3	3	0	1	2	2	3792	674	48	80642	19	9	68	0	0	0	0	0	0	0	0	0	0	0	0	0	0	
1344.096000	8	3	3	0	1	2	2	3803	674	48	80702	19	9	68	0	0	0	0	0	0	0	0	0	0	0	0	0	0	
1345.101117	8	3	3	0	1	2	2	3812	675	47	80762	19	9	68	0	0	0	0	0	0	0	0	0	0	0	0	0	0	
1346.087517	8	3	3	0	1	2	2	3821	674	47	80822	19	9	68	0	0	0	0	0	0	0	0	0	0	0	0	0	0	
1347.092633	8	3	3	0	1	2	2	3830	674	48	80882	19	9	68	0	0	0	0	0	0	0	0	0	0	0	0	0	0	
1348.097767	8	3	3	0	1	2	2	3838	675	47	80942	19	9	68	0	0	0	0	0	0	0	0	0	0	0	0	0	0	
1349.104317	8	3	3	0	1	2	2	3845	674	48	81003	19	9	68	0	0	0	0	0	0	0	0	0	0	0	0	0	0	
1350.090717	8	3	3	0	1	2	2	3851	675	48	81062	19	9	68	0	0	0	0	0	0	0	0	0	0	0	0	0	0	
1351.095833	8	3	3	0	1	2	2	3859	674	47	81122	19	9	68	0	0	0	0	0	0	0	0	0	0	0	0	0	0	
1352.100967	8	3	3	0	1	2	2	3864	673	48	81182	19	9	68	0	0	0	0	0	0	0	0	0	0	0	0	0	0	
1353.087367	8	3	3	0	1	2	2	3870	674	47	81242	19	9	68	0	0	0	0	0	0	0	0	0	0	0	0	0	0	
1354.092483	8	3	3	0	1	2	2	3875	674	47	81302	19	9	68	0	0	0	0	0	0	0	0	0	0	0	0	0	0	
1355.099033	8	3	3	0	1	2	2	3880	675	47	81362	19	9	68	0	0	0	0	0	0	0	0	0	0	0	0	0	0	
1356.104167	8	3	3	0	1	2	2	3885	675	47	81423	19	9	68	0	0	0	0	0	0	0	0	0	0	0	0	0	0	
1357.090567	8	3	3	0	1	2	2	3889	674	47	81482	19	9	68	0	0	0	0	0	0	0	0	0	0	0	0	0	0	
1358.095683	8	3	3	0	1	2	2	3894	674	47	81542	19	9	68	0	0	0	0	0	0	0	0	0	0	0	0	0	0	
1359.100800	8	3	3	0	1	2	2	3899	675	47	81602	19	9	68	0	0	0	0	0	0	0	0	0	0	0	0	0	0	
1360.107367	8	3	3	0	1	2	2	3903	674	47	81663	19	9	68	0	0	0	0	0	0	0	0	0	0	0	0	0	0	
1361.093767	8	3	3	0	1	2	2	3908	674	48	81722	19	9	68	0	0	0	0	0	0	0	0	0	0	0	0	0	0	
1362.098883	8	3	3	0	1	2	2	3912	674	48	81782	19	9	68	0	0	0	0	0	0	0	0	0	0	0	0	0	0	
1363.104000	8	3	3	0	1	2	2	3916	674	48	81843	19	9	68	0	0	0	0	0	0	0	0	0	0	0	0	0	0	
1364.090400	8	3	3	0	1	2	2	3921	675	48	81902	19	9	68	0	0	0	0	0	0	0	0	0	0	0	0	0	0	
1365.095517	8	3	3	0	1	2	2	3925	675	48	81962	19	9	68	0	0	0	0	0	0	0	0	0	0	0	0	0	0	
1366.102083	8	3	3	0	1	2	2	3930	675	47	82022	19	9	68	0	0	0	0	0	0	0	0	0	0	0	0	0	0	
1367.107200	8	3	3	0	1	2	2	3934	675	48	82083	19	9	68	0	0	0	0	0	0	0	0	0	0	0	0	0	0	
1368.093600	8	3	3	0	1	2	2	3939	675	47	82142	19	9	68	0	0	0	0	0	0	0	0	0	0	0	0	0	0	
1369.098717	8	3	3	0	1	2	2	3943	675	47	82202	19	9	68	0	0	0	0	0	0	0	0	0	0	0	0	0	0	
1370.105283	8	3	3	0	1	2	2	3948	675	48	82263	19	9	68	0	0	0	0	0	0	0	0	0	0	0	0	0	0	
1371.091683	8	3	3	0	1	2	2	3952	675	47	82322	19	9	68	0	0	0	0	0	0	0	0	0	0	0	0	0	0	
1372.096800	8	3	3	0	1	2	2	3957	674	48	82382	19	9	68	0	0	0	0	0	0	0	0	0	0	0	0	0	0	
1373.101917	8	3	3	0	1	2	2	3963	675	48	82442	19	9	68	0	0	0	0	0	0	0	0	0	0	0	0	0	0	
1374.107033	8	3	3	0	1	2	2	3967	673	48	82503	19	9	68	0	0	0	0	0	0	0	0	0	0	0	0	0	0	
1375.093433	8	3	3	0	1	2	2	3973	676	47	82562	19	9	68	0	0	0	0	0	0	0	0	0	0	0	0	0	0	
1376.100000	8	3	3	0	1	2	2	3979	675	47	82622	19	9	68	0	0	0	0	0	0	0	0	0	0	0	0	0	0	
1377.105117	8	3	3	0	1	2	2	3984	674	48	82683	19	9	68	0	0	0	0	0	0	0	0	0	0	0	0	0	0	
1378.091517	8	3	3	0	1	2	2	3989	675	48	82742	19	9	68	0	0	0	0	0	0	0	0	0	0	0	0	0	0	
1379.096633	8	3	3	0	1	2	2	3994	674	47	82802	19	9	68	0	0	0	0	0	0	0	0	0	0	0	0	0	0	
1380.101767	8	3	3	0	1	2	2	4000	675	47	82862	19	9	68	0	0	0	0	0	0	0	0	0	0	0	0	0	0	
1381.106883	8	3	3	0	1	2	2	4006	674	48	82923	19	9	68	0	0	0	0	0	0	0	0	0	0	0	0	0	0	
1382.094717	8	3	3	0	1	2	2	4011	674	48	82982	19	9	68	0	0	0	0	0	0	0	0	0	0	0	0	0	0	
1383.099833	8	3	3	0	1	2	2	4017	674	47	83042	19	9	68	0	0	0	0	0	0	0	0	0	0	0	0	0	0	
1384.104967	8	3	3	0	1	2	2	4023	674	48	83103	19	9	68	0	0	0	0	0	0	0	0	0	0	0	0	0	0	
1385.091367	8	3	3	0	1	2	2	4030	675	48	83162	19	9	68	0	0	0	0	0	0	0	0	0	0	0	0	0	0	
1386.096483	8	3	3	0	1	2	2	4036	675	48	83222	19	9	68	0	0	0	0	0	0	0	0	0	0	0	0	0	0	
1387.101600	8	3	3	0	1	2	2	4042	674	47	83282	19	9	68	0	0	0	0	0	0	0	0	0	0	0	0	0	0	
1388.108167	8	3	3	0	1	2	2	4048	674	48	83343	19	9	68	0	0	0	0	0	0	0	0	0	0	0	0	0	0	
1389.094567	8	3	3	0	1	2	2	4055	674	48	83402	19	9	68	0	0	0	0	0	0	0	0	0	0	0	0	0	0	
1390.099683	8	3	3	0	1	2	2	4061	674	48	83462	19	9	68	0	0	0	0	0	0	0	0	0	0	0	0	0	0	
1391.104800	8	3	3	0	1	2	2	4069	674	48	83522	19	9	68	0	0	0	0	0	0	0	0	0	0	0	0	0	0	
1392.091200	8	3	3	0	1	2	2	4075	673	48	83582	19	9	68	0	0	0	0	0	0	0	0	0	0	0	0	0	0	
1393.100633	8	3	3	0	1	2	2	4082	674	48	83642	19	9	68	0	0	0	0	0	0	0	0	0	0	0	0	0	0	
1394.105767	8	3	3	0	1	2	2	4089	674	48	83703	19	9	68	0	0	0	0	0	0	0	0	0	0	0	0	0	0	
1395.092167	8	3	3	0	1	2	2	4097	675	48	83762	19	9	68	0	0	0	0	0	0	0	0	0	0	0	0	0	0	
1396.098717	8	3	3	0	1	2	2	4104	675	48	83822	19	9	68	0	0	0	0	0	0	0	0	0	0	0	0	0	0	
1397.103833	8	3	3	0	1	2	2	4111	675	48	83882	19	9	68	0	0	0	0	0	0	0	0	0	0	0	0	0	0	
1398.108967	8	3	3	0	1	2	2	4118	669	48	83943	19	9	68	0	0	0	0	0	0	0	0	0	0	0	0	0	0	
1399.095367	8	3	3	0	1	2	2	4125	667	48	84002	19	9	68	0	0	0	0	0	0	0	0	0	0	0	0	0	0	
1400.100483	8	3	3	0	1	2	2	4132	666	48	84062	19	9	68	0	0	0	0	0	0	0	0	0	0	0	0	0	0	
1401.107033	8	3	3	0	1	2	2	4140	664	48	84123	19	9	68	0	0	0	0	0	0	0	0	0	0	0	0	0	0	
1402.093433	8	3	3	0	1	2	2	4148	664	48	84182	19	9	68	0	0	0	0	0	0	0	0	0	0	0	0	0	0	
1403.098567	8	3	3	0	1	2	2	4155	663	48	84242	19	9	68	0	0	0	0	0	0	0	0	0	0	0	0	0	0	
1404.103683	8	3	3	0	1	2	2	4163	662	48	84302	19	9	68	0	0	0	0	0	0	0	0	0	0	0	0	0	0	
1405.108800	8	3	3	0	1	2	2	4171	661	48	84363	19	9	68	0	0	0	0	0	0	0	0	0	0	0	0	0	0	
1406.095200	8	3	3	0	1	2	2	4179	660	48	84422	19	9	68	0	0	0	0	0	0	0	0	0	0	0	0	0	0	
1407.101767	8	3	3	0	1	2	2	4187	659	48	84482	19	9	68	0	0	0	0	0	0	0	0	0	0	0	0	0	0	
1408.106883	8	3	3	0	1	2	2	4196	659	48	84542	19	9	68	0	0	0	0	0	0	0	0	0	0	0	0	0	0	
1409.093283	8	3	3	0	1	2	2	4199	617	48	84602	19	9	68	0	0	0	0	0	0	0	0	0	0	0	0	0	0	
1410.098400	8	3	3	0	1	2	2	4199	566	48	84662	19	9	68	0	0	0	0	0	0	0	0	0	0	0	0	0	0	
1411.103517	8	3	3	0	1	2	2	4198	523	48	84722	19	9	68	0	0	0	0	0	0	0	0	0	0	0	0	0	0	
1412.110083	8	3	3	0	1	2	2	4198	483	47	84783	19	9	68	0	0	0	0	0	0	0	0	0	0	0	0	0	0	
1413.096483	8	3	3	0	1	2	2	4199	449	48	84842	19	9	68	0	0	0	0	0	0	0	0	0	0	0	0	0	0	
1414.101600	8	3	3	0	1	2	2	4198	416	48	84902	19	9	68	0	0	0	0	0	0	0	0	0	0	0	0	0	0	
1415.106717	8	3	3	0	1	2	2	4198	386	48	84962	19	9	68	0	0	0	0	0	0	0	0	0	0	0	0	0	0	
1416.093117	8	3	3	0	1	2	2	4198	360	48	85022	19	9	68	0	0	0	0	0	0	0	0	0	0	0	0	0	0	
1417.098233	8	3	3	0	1	2	2	4198	335	48	85082	19	9	68	0	0	0	0	0	0	0	0	0	0	0	0	0	0	
1418.104800	8	3	3	0	1	2	2	4198	311	48	85142	19	9	68	0	0	0	0	0	0	0	0	0	0	0	0	0	0	
1419.109917	8	3	3	0	1	2	2	4199	290	48	85203	19	9	68	0	0	0	0	0	0	0	0	0	0	0	0	0	0	
1420.096317	8	3	3	0	1	2	2	4199	271	48	85262	19	9	68	0	0	0	0	0	0	0	0	0	0	0	0	0	0	
1421.101433	8	3	3	0	1	2	2	4199	254	48	85322	19	9	68	0	0	0	0	0	0	0	0	0	0	0	0	0	0	
1422.106567	8	3	3	0	1	2	2	4198	238	48	85382	19	9	68	0	0	0	0	0	0	0	0	0	0	0	0	0	0	
1423.092967	8	3	3	0	1	2	2	4198	222	48	85442	19	9	68	0	0	0	0	0	0	0	0	0	0	0	0	0	0	
1424.099517	8	3	3	0	1	2	2	4198	208	48	85502	19	9	68	0	0	0	0	0	0	0	0	0	0	0	0	0	0	
1425.104633	8	3	3	0	1	2	2	4198	195	48	85562	19	9	68	0	0	0	0	0	0	0	0	0	0	0	0	0	0	
1426.109767	8	3	3	0	1	2	2	4199	182	48	85623	19	9	68	0	0	0	0	0	0	0	0	0	0	0	0	0	0	
1427.096167	8	3	3	0	1	2	2	4199	172	48	85682	19	9	68	0	0	0	0	0	0	0	0	0	0	0	0	0	0	
1428.101283	8	3	3	0	1	2	2	4198	160	47	85742	19	9	68	0	0	0	0	0	0	0	0	0	0	0	0	0	0	
1429.107833	8	3	3	0	1	2	2	4198	152	48	85802	19	9	68	0	0	0	0	0	0	0	0	0	0	0	0	0	0	
1430.094233	8	3	3	0	1	2	2	4198	142	48	85862	19	9	68	0	0	0	0	0	0	0	0	0	0	0	0	0	0	
1431.099367	8	3	3	0	1	2	2	4198	134	48	85922	19	9	68	0	0	0	0	0	0	0	0	0	0	0	0	0	0	
1432.104483	8	3	3	0	1	2	2	4198	126	48	85982	19	9	68	0	0	0	0	0	0	0	0	0	0	0	0	0	0	
1433.109600	8	3	3	0	1	2	2	4198	119	48	86043	19	9	68	0	0	0	0	0	0	0	0	0	0	0	0	0	0	
1434.097433	8	3	3	0	1	2	2	4199	112	48	86102	19	9	68	0	0	0	0	0	0	0	0	0	0	0	0	0	0	
1435.102567	8	3	3	0	1	2	2	4199	106	48	86162	19	9	68	0	0	0	0	0	0	0	0	0	0	0	0	0	0	
1436.107683	8	3	3	0	1	2	2	4199	100	48	86222	19	9	68	0	0	0	0	0	0	0	0	0	0	0	0	0	0	
1437.094083	8	3	3	0	1	2	2	4198	94	48	86282	19	9	68	0	0	0	0	0	0	0	0	0	0	0	0	0	0	
1438.100633	8	3	3	0	1	2	2	4198	89	48	86342	19	9	68	0	0	0	0	0	0	0	0	0	0	0	0	0	0	
1439.105767	8	3	3	0	1	2	2	4198	84	48	86402	19	9	68	0	0	0	0	0	0	0	0	0	0	0	0	0	0	
1440.110883	8	3	3	0	1	2	2	4199	81	48	86463	19	9	68	0	0	0	0	0	0	0	0	0	0	0	0	0	0	
1441.097283	8	3	3	0	1	2	2	4198	77	48	86522	19	9	68	0	0	0	0	0	0	0	0	0	0	0	0	0	0	
1442.102400	8	3	3	0	1	2	2	4198	72	48	86582	19	9	68	0	0	0	0	0	0	0	0	0	0	0	0	0	0	
1443.108967	8	3	3	0	1	2	2	4198	69	48	86642	19	9	68	0	0	0	0	0	0	0	0	0	0	0	0	0	0	
1443.699367	8	6	3	0	2	7	1	4149	-500	48	86678	19	10	0	0	0	0	0	0	0	0	0	0	0	0	0	0	0	
1444.096800	8	6	3	0	2	7	1	4021	-1350	48	86702	19	10	0	0	0	0	0	0	0	0	0	0	0	0	0	0	0	
1445.101917	8	6	3	0	2	7	1	3978	-1350	47	86762	19	10	2	0	0	0	0	0	0	0	0	0	0	0	0	0	0	
1446.107033	8	6	3	0	2	7	1	3947	-1347	48	86822	19	10	3	0	0	0	0	0	0	0	0	0	0	0	0	0	0	
1447.113600	8	6	3	0	2	7	1	3920	-1348	48	86883	19	10	5	0	0	0	0	0	0	0	0	0	0	0	0	0	0	
1448.100000	8	6	3	0	2	7	1	3896	-1351	48	86942	19	10	7	0	0	0	0	0	0	0	0	0	0	0	0	0	0	
1449.105117	8	6	3	0	2	7	1	3873	-1350	48	87002	19	10	8	0	0	0	0	0	0	0	0	0	0	0	0	0	0	
1450.110233	8	6	3	0	2	7	1	3851	-1348	48	87063	19	10	10	0	0	0	0	0	0	0	0	0	0	0	0	0	0	
1451.096633	8	6	3	0	2	7	1	3831	-1349	48	87122	19	10	12	0	0	0	0	0	0	0	0	0	0	0	0	0	0	
1452.103200	8	6	3	0	2	7	1	3810	-1348	48	87182	19	10	13	0	0	0	0	0	0	0	0	0	0	0	0	0	0	
1453.108317	8	6	3	0	2	7	1	3791	-1350	47	87242	19	10	15	0	0	0	0	0	0	0	0	0	0	0	0	0	0	
1454.113433	8	6	3	0	2	7	1	3772	-1348	48	87303	19	10	17	0	0	0	0	0	0	0	0	0	0	0	0	0	0	
1455.099833	8	6	3	0	2	7	1	3754	-1350	48	87362	19	10	18	0	0	0	0	0	0	0	0	0	0	0	0	0	0	
1456.104967	8	6	3	0	2	7	1	3737	-1350	48	87422	19	10	20	0	0	0	0	0	0	0	0	0	0	0	0	0	0	
1457.110083	8	6	3	0	2	7	1	3720	-1349	48	87483	19	10	22	0	0	0	0	0	0	0	0	0	0	0	0	0	0	
1458.097917	8	6	3	0	2	7	1	3704	-1349	48	87542	19	10	23	0	0	0	0	0	0	0	0	0	0	0	0	0	0	
1459.103033	8	6	3	0	2	7	1	3688	-1349	48	87602	19	10	25	0	0	0	0	0	0	0	0	0	0	0	0	0	0	
1460.108167	8	6	3	0	2	7	1	3674	-1349	48	87662	19	10	27	0	0	0	0	0	0	0	0	0	0	0	0	0	0	
1461.113283	8	6	3	0	2	7	1	3660	-1350	47	87723	19	10	28	0	0	0	0	0	0	0	0	0	0	0	0	0	0	
1462.099683	8	6	3	0	2	7	1	3646	-1348	48	87782	19	10	30	0	0	0	0	0	0	0	0	0	0	0	0	0	0	
1463.104800	8	6	3	0	2	7	1	3634	-1348	48	87842	19	10	32	0	0	0	0	0	0	0	0	0	0	0	0	0	0	
1464.111367	8	6	3	0	2	7	1	3621	-1350	48	87902	19	10	33	0	0	0	0	0	0	0	0	0	0	0	0	0	0	
1465.097767	8	6	3	0	2	7	1	3609	-1349	48	87962	19	10	35	0	0	0	0	0	0	0	0	0	0	0	0	0	0	
1466.102883	8	6	3	0	2	7	1	3598	-1350	48	88022	19	10	37	0	0	0	0	0	0	0	0	0	0	0	0	0	0	
1467.108000	8	6	3	0	2	7	1	3588	-1350	48	88082	19	10	38	0	0	0	0	0	0	0	0	0	0	0	0	0	0	
1468.113117	8	6	3	0	2	7	1	3577	-1351	48	88143	19	10	40	0	0	0	0	0	0	0	0	0	0	0	0	0	0	
1469.099517	8	6	3	0	2	7	1	3567	-1350	48	88202	19	10	42	0	0	0	0	0	0	0	0	0	0	0	0	0	0	
1470.106083	8	6	3	0	2	7	1	3558	-1349	48	88262	19	10	43	0	0	0	0	0	0	0	0	0	0	0	0	0	0	
1471.111200	8	6	3	0	2	7	1	3548	-1349	48	88322	19	10	45	0	0	0	0	0	0	0	0	0	0	0	0	0	0	
1472.097600	8	6	3	0	2	7	1	3540	-1349	48	88382	19	10	47	0	0	0	0	0	0	0	0	0	0	0	0	0	0	
1473.102717	8	6	3	0	2	7	1	3530	-1350	48	88442	19	10	48	0	0	0	0	0	0	0	0	0	0	0	0	0	0	
1474.109283	8	6	3	0	2	7	1	3521	-1350	48	88502	19	10	50	0	0	0	0	0	0	0	0	0	0	0	0	0	0	
1475.114400	8	6	3	0	2	7	1	3512	-1350	48	88563	19	10	52	0	0	0	0	0	0	0	0	0	0	0	0	0	0	
1476.100800	8	6	3	0	2	7	1	3502	-1348	48	88622	19	10	53	0	0	0	0	0	0	0	0	0	0	0	0	0	0	
1477.105917	8	6	3	0	2	7	1	3491	-1350	48	88682	19	10	55	0	0	0	0	0	0	0	0	0	0	0	0	0	0	
1478.111033	8	6	3	0	2	7	1	3478	-1352	48	88742	19	10	56	0	0	0	0	0	0	0	0	0	0	0	0	0	0	
1479.097433	8	6	3	0	2	7	1	3463	-1351	47	88802	19	10	58	0	0	0	0	0	0	0	0	0	0	0	0	0	0	
1480.104000	8	6	3	0	2	7	1	3443	-1350	48	88862	19	10	60	0	0	0	0	0	0	0	0	0	0	0	0	0	0	
1481.109117	8	6	3	0	2	7	1	3414	-1350	48	88922	19	10	61	0	0	0	0	0	0	0	0	0	0	0	0	0	0	
1482.114233	8	6	3	0	2	7	1	3366	-1350	48	88983	19	10	63	0	0	0	0	0	0	0	0	0	0	0	0	0	0	
1483.100633	8	6	3	0	2	7	1	3273	-1351	48	89042	19	10	65	0	0	0	0	0	0	0	0	0	0	0	0	0	0	
1484.105767	8	6	3	0	2	7	1	3097	-1349	48	89102	19	10	66	0	0	0	0	0	0	0	0	0	0	0	0	0	0	
1485.112317	8	6	3	0	2	7	1	2668	-1349	48	89162	19	10	68	0	0	0	0	0	0	0	0	0	0	0	0	0	0	
1485.138233	8	15	3	0	1	31	2	2988	62	48	89164	20	10	68	0	0	0	0	0	0	0	0	0	0	0	0	0	0	
1485.158400	8	3	3	0	1	2	2	3156	675	48	89165	21	10	68	0	0	0	0	0	0	0	0	0	0	0	0	0	0	
1486.101600	8	3	3	0	1	2	2	3626	675	48	89222	21	10	68	0	0	0	0	0	0	0	0	0	0	0	0	0	0	
1487.106717	8	3	3	0	1	2	2	3712	675	48	89282	21	10	68	0	0	0	0	0	0	0	0	0	0	0	0	0	0	
1488.113283	8	3	3	0	1	2	2	3752	675	48	89342	21	10	68	0	0	0	0	0	0	0	0	0	0	0	0	0	0	
1489.099683	8	3	3	0	1	2	2	3773	674	48	89402	21	10	68	0	0	0	0	0	0	0	0	0	0	0	0	0	0	
1490.104800	8	3	3	0	1	2	2	3787	675	48	89462	21	10	68	0	0	0	0	0	0	0	0	0	0	0	0	0	0	
1491.109917	8	3	3	0	1	2	2	3798	676	48	89522	21	10	68	0	0	0	0	0	0	0	0	0	0	0	0	0	0	
1492.115033	8	3	3	0	1	2	2	3808	675	47	89583	21	10	68	0	0	0	0	0	0	0	0	0	0	0	0	0	0	
1493.101433	8	3	3	0	1	2	2	3817	674	48	89642	21	10	68	0	0	0	0	0	0	0	0	0	0	0	0	0	0	
1494.108000	8	3	3	0	1	2	2	3826	675	48	89702	21	10	68	0	0	0	0	0	0	0	0	0	0	0	0	0	0	
1495.113117	8	3	3	0	1	2	2	3834	674	48	89762	21	10	68	0	0	0	0	0	0	0	0	0	0	0	0	0	0	
1496.099517	8	3	3	0	1	2	2	3842	675	48	89822	21	10	68	0	0	0	0	0	0	0	0	0	0	0	0	0	0	
1497.104633	8	3	3	0	1	2	2	3849	674	48	89882	21	10	68	0	0	0	0	0	0	0	0	0	0	0	0	0	0	
1498.109767	8	3	3	0	1	2	2	3856	674	48	89942	21	10	68	0	0	0	0	0	0	0	0	0	0	0	0	0	0	
1499.114883	8	3	3	0	1	2	2	3862	674	48	90003	21	10	68	0	0	0	0	0	0	0	0	0	0	0	0	0	0	
1500.102717	8	3	3	0	1	2	2	3868	674	48	90062	21	10	68	0	0	0	0	0	0	0	0	0	0	0	0	0	0	
1501.107833	8	3	3	0	1	2	2	3873	675	47	90122	21	10	68	0	0	0	0	0	0	0	0	0	0	0	0	0	0	
1502.112967	8	3	3	0	1	2	2	3878	675	47	90182	21	10	68	0	0	0	0	0	0	0	0	0	0	0	0	0	0	
1503.099367	8	3	3	0	1	2	2	3883	674	48	90242	21	10	68	0	0	0	0	0	0	0	0	0	0	0	0	0	0	
1504.104483	8	3	3	0	1	2	2	3888	674	48	90302	21	10	68	0	0	0	0	0	0	0	0	0	0	0	0	0	0	
1505.109600	8	3	3	0	1	2	2	3892	675	48	90362	21	10	68	0	0	0	0	0	0	0	0	0	0	0	0	0	0	
1506.116167	8	3	3	0	1	2	2	3897	675	48	90423	21	10	68	0	0	0	0	0	0	0	0	0	0	0	0	0	0	
1507.102567	8	3	3	0	1	2	2	3902	674	48	90482	21	10	68	0	0	0	0	0	0	0	0	0	0	0	0	0	0	
1508.107683	8	3	3	0	1	2	2	3906	674	48	90542	21	10	68	0	0	0	0	0	0	0	0	0	0	0	0	0	0	
1509.112800	8	3	3	0	1	2	2	3911	675	47	90602	21	10	68	0	0	0	0	0	0	0	0	0	0	0	0	0	0	
1510.099200	8	3	3	0	1	2	2	3915	674	48	90662	21	10	68	0	0	0	0	0	0	0	0	0	0	0	0	0	0	
1511.105767	8	3	3	0	1	2	2	3919	674	47	90722	21	10	68	0	0	0	0	0	0	0	0	0	0	0	0	0	0	
1512.110883	8	3	3	0	1	2	2	3923	674	48	90782	21	10	68	0	0	0	0	0	0	0	0	0	0	0	0	0	0	
1513.116000	8	3	3	0	1	2	2	3928	675	48	90843	21	10	68	0	0	0	0	0	0	0	0	0	0	0	0	0	0	
1514.102400	8	3	3	0	1	2	2	3932	675	48	90902	21	10	68	0	0	0	0	0	0	0	0	0	0	0	0	0	0	
1515.107517	8	3	3	0	1	2	2	3937	675	48	90962	21	10	68	0	0	0	0	0	0	0	0	0	0	0	0	0	0	
1516.114083	8	3	3	0	1	2	2	3941	675	47	91022	21	10	68	0	0	0	0	0	0	0	0	0	0	0	0	0	0	
1517.100483	8	3	3	0	1	2	2	3946	675	48	91082	21	10	68	0	0	0	0	0	0	0	0	0	0	0	0	0	0	
1518.105600	8	3	3	0	1	2	2	3951	674	47	91142	21	10	68	0	0	0	0	0	0	0	0	0	0	0	0	0	0	
1519.110717	8	3	3	0	1	2	2	3956	674	48	91202	21	10	68	0	0	0	0	0	0	0	0	0	0	0	0	0	0	
1520.115833	8	3	3	0	1	2	2	3961	675	47	91263	21	10	68	0	0	0	0	0	0	0	0	0	0	0	0	0	0	
1521.103683	8	3	3	0	1	2	2	3966	674	48	91322	21	10	68	0	0	0	0	0	0	0	0	0	0	0	0	0	0	
1522.108800	8	3	3	0	1	2	2	3971	675	48	91382	21	10	68	0	0	0	0	0	0	0	0	0	0	0	0	0	0	
1523.113917	8	3	3	0	1	2	2	3976	675	47	91442	21	10	68	0	0	0	0	0	0	0	0	0	0	0	0	0	0	
1524.101767	8	3	3	0	1	2	2	3981	675	48	91502	21	10	68	0	0	0	0	0	0	0	0	0	0	0	0	0	0	
1525.108317	8	3	3	0	1	2	2	3987	673	47	91562	21	10	68	0	0	0	0	0	0	0	0	0	0	0	0	0	0	
1526.113433	8	3	3	0	1	2	2	3992	674	48	91622	21	10	68	0	0	0	0	0	0	0	0	0	0	0	0	0	0	
1527.118567	8	3	3	0	1	2	2	3998	674	48	91683	21	10	68	0	0	0	0	0	0	0	0	0	0	0	0	0	0	
1528.104967	8	3	3	0	1	2	2	4003	674	48	91742	21	10	68	0	0	0	0	0	0	0	0	0	0	0	0	0	0	
1529.111517	8	3	3	0	1	2	2	4009	674	47	91802	21	10	68	0	0	0	0	0	0	0	0	0	0	0	0	0	0	
1530.116633	8	3	3	0	1	2	2	4015	675	48	91863	21	10	68	0	0	0	0	0	0	0	0	0	0	0	0	0	0	
1531.103033	8	3	3	0	1	2	2	4021	674	47	91922	21	10	68	0	0	0	0	0	0	0	0	0	0	0	0	0	0	
1532.108167	8	3	3	0	1	2	2	4027	674	48	91982	21	10	68	0	0	0	0	0	0	0	0	0	0	0	0	0	0	
1533.113283	8	3	3	0	1	2	2	4034	674	48	92042	21	10	68	0	0	0	0	0	0	0	0	0	0	0	0	0	0	
1534.119833	8	3	3	0	1	2	2	4040	674	48	92103	21	10	68	0	0	0	0	0	0	0	0	0	0	0	0	0	0	
1535.106233	8	3	3	0	1	2	2	4047	674	47	92162	21	10	68	0	0	0	0	0	0	0	0	0	0	0	0	0	0	
1536.111367	8	3	3	0	1	2	2	4053	674	47	92222	21	10	68	0	0	0	0	0	0	0	0	0	0	0	0	0	0	
1537.116483	8	3	3	0	1	2	2	4059	675	48	92282	21	10	68	0	0	0	0	0	0	0	0	0	0	0	0	0	0	
1538.102883	8	3	3	0	1	2	2	4066	675	48	92342	21	10	68	0	0	0	0	0	0	0	0	0	0	0	0	0	0	
1539.108000	8	3	3	0	1	2	2	4073	675	48	92402	21	10	68	0	0	0	0	0	0	0	0	0	0	0	0	0	0	
1540.114567	8	3	3	0	1	2	2	4080	675	48	92462	21	10	68	0	0	0	0	0	0	0	0	0	0	0	0	0	0	
1541.119683	8	3	3	0	1	2	2	4087	675	48	92523	21	10	68	0	0	0	0	0	0	0	0	0	0	0	0	0	0	
1542.106083	8	3	3	0	1	2	2	4094	674	48	92582	21	10	68	0	0	0	0	0	0	0	0	0	0	0	0	0	0	
1543.111200	8	3	3	0	1	2	2	4101	674	48	92642	21	10	68	0	0	0	0	0	0	0	0	0	0	0	0	0	0	
1544.116317	8	3	3	0	1	2	2	4109	674	48	92702	21	10	68	0	0	0	0	0	0	0	0	0	0	0	0	0	0	
1545.102717	8	3	3	0	1	2	2	4116	675	48	92762	21	10	68	0	0	0	0	0	0	0	0	0	0	0	0	0	0	
1546.109283	8	3	3	0	1	2	2	4123	667	48	92822	21	10	68	0	0	0	0	0	0	0	0	0	0	0	0	0	0	
1547.114400	8	3	3	0	1	2	2	4130	666	48	92882	21	10	68	0	0	0	0	0	0	0	0	0	0	0	0	0	0	
1548.119517	8	3	3	0	1	2	2	4138	665	48	92943	21	10	68	0	0	0	0	0	0	0	0	0	0	0	0	0	0	
1549.105917	8	3	3	0	1	2	2	4145	664	48	93002	21	10	68	0	0	0	0	0	0	0	0	0	0	0	0	0	0	
1550.111033	8	3	3	0	1	2	2	4153	663	48	93062	21	10	68	0	0	0	0	0	0	0	0	0	0	0	0	0	0	
1551.116167	8	3	3	0	1	2	2	4161	662	48	93122	21	10	68	0	0	0	0	0	0	0	0	0	0	0	0	0	0	
1552.104000	8	3	3	0	1	2	2	4168	660	48	93182	21	10	68	0	0	0	0	0	0	0	0	0	0	0	0	0	0	
1553.109117	8	3	3	0	1	2	2	4176	659	48	93242	21	10	68	0	0	0	0	0	0	0	0	0	0	0	0	0	0	
1554.114233	8	3	3	0	1	2	2	4184	658	48	93302	21	10	68	0	0	0	0	0	0	0	0	0	0	0	0	0	0	
1555.119367	8	3	3	0	1	2	2	4193	657	48	93363	21	10	68	0	0	0	0	0	0	0	0	0	0	0	0	0	0	
1556.107200	8	3	3	0	1	2	2	4198	637	48	93422	21	10	68	0	0	0	0	0	0	0	0	0	0	0	0	0	0	
1557.112317	8	3	3	0	1	2	2	4199	582	48	93482	21	10	68	0	0	0	0	0	0	0	0	0	0	0	0	0	0	
1558.117433	8	3	3	0	1	2	2	4199	537	48	93542	21	10	68	0	0	0	0	0	0	0	0	0	0	0	0	0	0	
1559.103833	8	3	3	0	1	2	2	4198	496	48	93602	21	10	68	0	0	0	0	0	0	0	0	0	0	0	0	0	0	
1560.108967	8	3	3	0	1	2	2	4199	460	48	93662	21	10	68	0	0	0	0	0	0	0	0	0	0	0	0	0	0	
1561.115517	8	3	3	0	1	2	2	4199	426	48	93722	21	10	68	0	0	0	0	0	0	0	0	0	0	0	0	0	0	
1562.120633	8	3	3	0	1	2	2	4199	396	47	93783	21	10	68	0	0	0	0	0	0	0	0	0	0	0	0	0	0	
1563.107033	8	3	3	0	1	2	2	4198	368	48	93842	21	10	68	0	0	0	0	0	0	0	0	0	0	0	0	0	0	
1564.112167	8	3	3	0	1	2	2	4199	342	48	93902	21	10	68	0	0	0	0	0	0	0	0	0	0	0	0	0	0	
1565.117283	8	3	3	0	1	2	2	4198	318	48	93962	21	10	68	0	0	0	0	0	0	0	0	0	0	0	0	0	0	
1566.103683	8	3	3	0	1	2	2	4199	297	48	94022	21	10	68	0	0	0	0	0	0	0	0	0	0	0	0	0	0	
1567.110233	8	3	3	0	1	2	2	4198	278	48	94082	21	10	68	0	0	0	0	0	0	0	0	0	0	0	0	0	0	
1568.115367	8	3	3	0	1	2	2	4198	259	48	94142	21	10	68	0	0	0	0	0	0	0	0	0	0	0	0	0	0	
1569.120483	8	3	3	0	1	2	2	4198	242	48	94203	21	10	68	0	0	0	0	0	0	0	0	0	0	0	0	0	0	
1570.106883	8	3	3	0	1	2	2	4198	227	48	94262	21	10	68	0	0	0	0	0	0	0	0	0	0	0	0	0	0	
1571.112000	8	3	3	0	1	2	2	4198	212	48	94322	21	10	68	0	0	0	0	0	0	0	0	0	0	0	0	0	0	
1572.118567	8	3	3	0	1	2	2	4199	199	47	94382	21	10	68	0	0	0	0	0	0	0	0	0	0	0	0	0	0	
1573.104967	8	3	3	0	1	2	2	4199	186	47	94442	21	10	68	0	0	0	0	0	0	0	0	0	0	0	0	0	0	
1574.110083	8	3	3	0	1	2	2	4198	174	48	94502	21	10	68	0	0	0	0	0	0	0	0	0	0	0	0	0	0	
1575.115200	8	3	3	0	1	2	2	4198	164	48	94562	21	10	68	0	0	0	0	0	0	0	0	0	0	0	0	0	0	
1576.120317	8	3	3	0	1	2	2	4198	152	48	94623	21	10	68	0	0	0	0	0	0	0	0	0	0	0	0	0	0	
1577.108167	8	3	3	0	1	2	2	4198	144	48	94682	21	10	68	0	0	0	0	0	0	0	0	0	0	0	0	0	0	
1578.113283	8	3	3	0	1	2	2	4199	136	48	94742	21	10	68	0	0	0	0	0	0	0	0	0	0	0	0	0	0	
1579.118400	8	3	3	0	1	2	2	4199	128	48	94802	21	10	68	0	0	0	0	0	0	0	0	0	0	0	0	0	0	
1580.104800	8	3	3	0	1	2	2	4199	121	48	94862	21	10	68	0	0	0	0	0	0	0	0	0	0	0	0	0	0	
1581.109917	8	3	3	0	1	2	2	4198	114	48	94922	21	10	68	0	0	0	0	0	0	0	0	0	0	0	0	0	0	
1582.116483	8	3	3	0	1	2	2	4198	108	48	94982	21	10	68	0	0	0	0	0	0	0	0	0	0	0	0	0	0	
1583.121600	8	3	3	0	1	2	2	4198	102	48	95043	21	10	68	0	0	0	0	0	0	0	0	0	0	0	0	0	0	
1584.108000	8	3	3	0	1	2	2	4199	96	48	95102	21	10	68	0	0	0	0	0	0	0	0	0	0	0	0	0	0	
1585.113117	8	3	3	0	1	2	2	4199	91	48	95162	21	10	68	0	0	0	0	0	0	0	0	0	0	0	0	0	0	
1586.118233	8	3	3	0	1	2	2	4198	86	47	95222	21	10	68	0	0	0	0	0	0	0	0	0	0	0	0	0	0	
1587.124800	8	3	3	0	1	2	2	4199	82	48	95283	21	10	68	0	0	0	0	0	0	0	0	0	0	0	0	0	0	
1588.111200	8	3	3	0	1	2	2	4199	78	48	95342	21	10	68	0	0	0	0	0	0	0	0	0	0	0	0	0	0	
1589.116317	8	3	3	0	1	2	2	4198	74	48	95402	21	10	68	0	0	0	0	0	0	0	0	0	0	0	0	0	0	
1590.121433	8	3	3	0	1	2	2	4199	69	47	95463	21	10	68	0	0	0	0	0	0	0	0	0	0	0	0	0	0	
1590.844317	8	6	3	0	2	7	1	4119	-795	47	95506	21	11	0	0	0	0	0	0	0	0	0	0	0	0	0	0	0	
1591.109283	8	6	3	0	2	7	1	4029	-1350	47	95522	21	11	0	0	0	0	0	0	0	0	0	0	0	0	0	0	0	
1592.115833	8	6	3	0	2	7	1	3982	-1349	47	95582	21	11	2	0	0	0	0	0	0	0	0	0	0	0	0	0	0	
1593.120967	8	6	3	0	2	7	1	3950	-1350	48	95642	21	11	3	0	0	0	0	0	0	0	0	0	0	0	0	0	0	
1594.107367	8	6	3	0	2	7	1	3923	-1349	48	95702	21	11	5	0	0	0	0	0	0	0	0	0	0	0	0	0	0	
1595.112483	8	6	3	0	2	7	1	3898	-1349	47	95762	21	11	7	0	0	0	0	0	0	0	0	0	0	0	0	0	0	
1596.117600	8	6	3	0	2	7	1	3875	-1348	48	95822	21	11	8	0	0	0	0	0	0	0	0	0	0	0	0	0	0	
1597.124167	8	6	3	0	2	7	1	3853	-1350	48	95883	21	11	10	0	0	0	0	0	0	0	0	0	0	0	0	0	0	
1598.110567	8	6	3	0	2	7	1	3832	-1350	48	95942	21	11	12	0	0	0	0	0	0	0	0	0	0	0	0	0	0	
1599.115683	8	6	3	0	2	7	1	3811	-1350	48	96002	21	11	13	0	0	0	0	0	0	0	0	0	0	0	0	0	0	
1600.120800	8	6	3	0	2	7	1	3792	-1348	48	96062	21	11	15	0	0	0	0	0	0	0	0	0	0	0	0	0	0	
1601.107200	8	6	3	0	2	7	1	3773	-1351	48	96122	21	11	16	0	0	0	0	0	0	0	0	0	0	0	0	0	0	
1602.112317	8	6	3	0	2	7	1	3755	-1350	48	96182	21	11	18	0	0	0	0	0	0	0	0	0	0	0	0	0	0	
1603.118883	8	6	3	0	2	7	1	3737	-1351	48	96242	21	11	20	0	0	0	0	0	0	0	0	0	0	0	0	0	0	
1604.124000	8	6	3	0	2	7	1	3720	-1349	48	96303	21	11	21	0	0	0	0	0	0	0	0	0	0	0	0	0	0	
1605.110400	8	6	3	0	2	7	1	3705	-1352	48	96362	21	11	23	0	0	0	0	0	0	0	0	0	0	0	0	0	0	
1606.115517	8	6	3	0	2	7	1	3689	-1347	48	96422	21	11	25	0	0	0	0	0	0	0	0	0	0	0	0	0	0	
1607.120633	8	6	3	0	2	7	1	3674	-1353	48	96482	21	11	26	0	0	0	0	0	0	0	0	0	0	0	0	0	0	
1608.107033	8	6	3	0	2	7	1	3660	-1351	48	96542	21	11	28	0	0	0	0	0	0	0	0	0	0	0	0	0	0	
1609.113600	8	6	3	0	2	7	1	3647	-1354	48	96602	21	11	30	0	0	0	0	0	0	0	0	0	0	0	0	0	0	
1610.118717	8	6	3	0	2	7	1	3634	-1350	48	96662	21	11	31	0	0	0	0	0	0	0	0	0	0	0	0	0	0	
1611.123833	8	6	3	0	2	7	1	3621	-1347	48	96723	21	11	33	0	0	0	0	0	0	0	0	0	0	0	0	0	0	
1612.110233	8	6	3	0	2	7	1	3609	-1347	47	96782	21	11	35	0	0	0	0	0	0	0	0	0	0	0	0	0	0	
1613.115367	8	6	3	0	2	7	1	3598	-1348	48	96842	21	11	36	0	0	0	0	0	0	0	0	0	0	0	0	0	0	
1614.121917	8	6	3	0	2	7	1	3587	-1349	48	96902	21	11	38	0	0	0	0	0	0	0	0	0	0	0	0	0	0	
1615.108317	8	6	3	0	2	7	1	3577	-1348	48	96962	21	11	40	0	0	0	0	0	0	0	0	0	0	0	0	0	0	
1616.113433	8	6	3	0	2	7	1	3567	-1349	48	97022	21	11	41	0	0	0	0	0	0	0	0	0	0	0	0	0	0	
1617.118567	8	6	3	0	2	7	1	3557	-1350	48	97082	21	11	43	0	0	0	0	0	0	0	0	0	0	0	0	0	0	
1618.123683	8	6	3	0	2	7	1	3548	-1349	48	97143	21	11	45	0	0	0	0	0	0	0	0	0	0	0	0	0	0	
1619.111517	8	6	3	0	2	7	1	3540	-1350	48	97202	21	11	46	0	0	0	0	0	0	0	0	0	0	0	0	0	0	
1620.116633	8	6	3	0	2	7	1	3530	-1350	48	97262	21	11	48	0	0	0	0	0	0	0	0	0	0	0	0	0	0	
1621.121767	8	6	3	0	2	7	1	3521	-1350	48	97322	21	11	50	0	0	0	0	0	0	0	0	0	0	0	0	0	0	
1622.108167	8	6	3	0	2	7	1	3512	-1350	48	97382	21	11	51	0	0	0	0	0	0	0	0	0	0	0	0	0	0	
1623.113283	8	6	3	0	2	7	1	3502	-1349	48	97442	21	11	53	0	0	0	0	0	0	0	0	0	0	0	0	0	0	
1624.119833	8	6	3	0	2	7	1	3491	-1349	48	97502	21	11	55	0	0	0	0	0	0	0	0	0	0	0	0	0	0	
1625.124967	8	6	3	0	2	7	1	3478	-1349	48	97563	21	11	56	0	0	0	0	0	0	0	0	0	0	0	0	0	0	
1626.114233	8	6	3	0	2	7	1	3463	-1349	48	97622	21	11	58	0	0	0	0	0	0	0	0	0	0	0	0	0	0	
1627.119367	8	6	3	0	2	7	1	3443	-1349	48	97682	21	11	60	0	0	0	0	0	0	0	0	0	0	0	0	0	0	
1628.125917	8	6	3	0	2	7	1	3415	-1349	48	97743	21	11	61	0	0	0	0	0	0	0	0	0	0	0	0	0	0	
1629.112317	8	6	3	0	2	7	1	3367	-1350	48	97802	21	11	63	0	0	0	0	0	0	0	0	0	0	0	0	0	0	
1630.117433	8	6	3	0	2	7	1	3275	-1350	48	97862	21	11	65	0	0	0	0	0	0	0	0	0	0	0	0	0	0	
1631.122567	8	6	3	0	2	7	1	3099	-1349	48	97922	21	11	66	0	0	0	0	0	0	0	0	0	0	0	0	0	0	
1632.108967	8	6	3	0	2	7	1	2684	-1350	48	97982	21	11	68	0	0	0	0	0	0	0	0	0	0	0	0	0	0	
1632.156483	10	0	5	0	0	15	0	2940	0	48	97984	21	11	68	0	0	0	0	0	0	0	0	0	0	0	0	0	0	
1632.165117	8	15	3	0	0	31	0	2983	0	48	97984	21	11	68	0	0	0	0	0	0	0	0	0	0	0	0	0	0	
1632.185283	10	0	5	0	0	15	0	3045	0	48	97984	21	11	68	0	0	0	0	0	0	0	0	0	0	0	0	0	0	
