Time	Status code	Status category	Status color	Pgm code	Pgm step	Pgm para	Pgm cycle	mV	mA	Temperature	Duration	Charge count	Discharge count	Capacity	Analog input 1	Analog input 2	Analog input 3	Analog input 4	Digital input 1	Digital input 2	Digital input 3	Digital input 4	Digital output 1	Digital output 2	Digital output 3	Digital output 4	Analog output 1	Analog output 2	
0.000000	8	3	3	0	1	2	2	3923	675	25	49	1	0	0	0	0	0	0	0	0	0	0	0	0	0	0	0	0	
0.992167	8	3	3	0	1	2	2	3940	675	26	109	1	0	0	0	0	0	0	0	0	0	0	0	0	0	0	0	0	
2.005917	8	3	3	0	1	2	2	3951	675	27	170	1	0	0	0	0	0	0	0	0	0	0	0	0	0	0	0	0	
3.000967	8	3	3	0	1	2	2	3958	674	28	229	1	0	0	0	0	0	0	0	0	0	0	0	0	0	0	0	0	
3.994567	8	3	3	0	1	2	2	3962	675	29	289	1	0	0	0	0	0	0	0	0	0	0	0	0	0	0	0	0	
5.008317	8	3	3	0	1	2	2	3966	674	29	350	1	0	0	0	0	0	0	0	0	0	0	0	0	0	0	0	0	
5.996167	8	3	3	0	1	2	2	3969	675	30	409	1	0	0	0	0	0	0	0	0	0	0	0	0	0	0	0	0	
7.008483	8	3	3	0	1	2	2	3973	674	32	470	1	0	0	0	0	0	0	0	0	0	0	0	0	0	0	0	0	
7.999200	8	3	3	0	1	2	2	3976	674	33	529	1	0	0	0	0	0	0	0	0	0	0	0	0	0	0	0	0	
9.010083	8	3	3	0	1	2	2	3979	675	35	590	1	0	0	0	0	0	0	0	0	0	0	0	0	0	0	0	0	
10.000800	8	3	3	0	1	2	2	3982	675	36	649	1	0	0	0	0	0	0	0	0	0	0	0	0	0	0	0	0	
11.010233	8	3	3	0	1	2	2	3986	674	37	710	1	0	0	0	0	0	0	0	0	0	0	0	0	0	0	0	0	
11.995200	8	3	3	0	1	2	2	3989	674	38	769	1	0	0	0	0	0	0	0	0	0	0	0	0	0	0	0	0	
13.000317	8	3	3	0	1	2	2	3993	675	39	829	1	0	0	0	0	0	0	0	0	0	0	0	0	0	0	0	0	
13.999683	8	3	3	0	1	2	2	3997	675	39	889	1	0	0	0	0	0	0	0	0	0	0	0	0	0	0	0	0	
15.003367	8	3	3	0	1	2	2	4001	675	40	949	1	0	0	0	0	0	0	0	0	0	0	0	0	0	0	0	0	
15.992633	8	3	3	0	1	2	2	4005	675	41	1009	1	0	0	0	0	0	0	0	0	0	0	0	0	0	0	0	0	
16.993433	8	3	3	0	1	2	2	4010	675	42	1069	1	0	0	0	0	0	0	0	0	0	0	0	0	0	0	0	0	
17.994233	8	3	3	0	1	2	2	4015	674	43	1129	1	0	0	0	0	0	0	0	0	0	0	0	0	0	0	0	0	
18.995033	8	3	3	0	1	2	2	4019	675	44	1189	1	0	0	0	0	0	0	0	0	0	0	0	0	0	0	0	0	
19.998717	8	3	3	0	1	2	2	4024	675	44	1249	1	0	0	0	0	0	0	0	0	0	0	0	0	0	0	0	0	
20.999517	8	3	3	0	1	2	2	4030	675	45	1309	1	0	0	0	0	0	0	0	0	0	0	0	0	0	0	0	0	
22.000317	8	3	3	0	1	2	2	4036	676	45	1369	1	0	0	0	0	0	0	0	0	0	0	0	0	0	0	0	0	
23.001117	8	3	3	0	1	2	2	4041	675	46	1429	1	0	0	0	0	0	0	0	0	0	0	0	0	0	0	0	0	
24.001917	8	3	3	0	1	2	2	4047	674	46	1489	1	0	0	0	0	0	0	0	0	0	0	0	0	0	0	0	0	
25.005600	8	3	3	0	1	2	2	4053	675	46	1549	1	0	0	0	0	0	0	0	0	0	0	0	0	0	0	0	0	
26.006400	8	3	3	0	1	2	2	4059	675	47	1609	1	0	0	0	0	0	0	0	0	0	0	0	0	0	0	0	0	
27.007200	8	3	3	0	1	2	2	4065	675	47	1669	1	0	0	0	0	0	0	0	0	0	0	0	0	0	0	0	0	
27.997917	8	3	3	0	1	2	2	4071	674	47	1729	1	0	0	0	0	0	0	0	0	0	0	0	0	0	0	0	0	
29.001600	8	3	3	0	1	2	2	4078	675	47	1789	1	0	0	0	0	0	0	0	0	0	0	0	0	0	0	0	0	
30.006717	8	3	3	0	1	2	2	4085	675	48	1849	1	0	0	0	0	0	0	0	0	0	0	0	0	0	0	0	0	
31.008967	8	3	3	0	1	2	2	4091	675	48	1910	1	0	0	0	0	0	0	0	0	0	0	0	0	0	0	0	0	
31.993917	8	3	3	0	1	2	2	4098	674	48	1969	1	0	0	0	0	0	0	0	0	0	0	0	0	0	0	0	0	
32.994717	8	3	3	0	1	2	2	4105	674	48	2029	1	0	0	0	0	0	0	0	0	0	0	0	0	0	0	0	0	
33.995517	8	3	3	0	1	2	2	4112	675	48	2089	1	0	0	0	0	0	0	0	0	0	0	0	0	0	0	0	0	
34.996317	8	3	3	0	1	2	2	4118	668	48	2149	1	0	0	0	0	0	0	0	0	0	0	0	0	0	0	0	0	
35.997117	8	3	3	0	1	2	2	4125	667	49	2209	1	0	0	0	0	0	0	0	0	0	0	0	0	0	0	0	0	
37.000800	8	3	3	0	1	2	2	4132	666	49	2269	1	0	0	0	0	0	0	0	0	0	0	0	0	0	0	0	0	
38.001600	8	3	3	0	1	2	2	4139	664	49	2329	1	0	0	0	0	0	0	0	0	0	0	0	0	0	0	0	0	
39.002400	8	3	3	0	1	2	2	4147	663	49	2389	1	0	0	0	0	0	0	0	0	0	0	0	0	0	0	0	0	
40.004633	8	3	3	0	1	2	2	4153	664	49	2449	1	0	0	0	0	0	0	0	0	0	0	0	0	0	0	0	0	
41.008317	8	3	3	0	1	2	2	4161	662	49	2509	1	0	0	0	0	0	0	0	0	0	0	0	0	0	0	0	0	
42.009117	8	3	3	0	1	2	2	4168	662	49	2570	1	0	0	0	0	0	0	0	0	0	0	0	0	0	0	0	0	
42.994083	8	3	3	0	1	2	2	4176	662	49	2629	1	0	0	0	0	0	0	0	0	0	0	0	0	0	0	0	0	
43.994883	8	3	3	0	1	2	2	4184	659	49	2689	1	0	0	0	0	0	0	0	0	0	0	0	0	0	0	0	0	
44.995683	8	3	3	0	1	2	2	4191	659	49	2749	1	0	0	0	0	0	0	0	0	0	0	0	0	0	0	0	0	
45.997917	8	3	3	0	1	2	2	4199	658	49	2809	1	0	0	0	0	0	0	0	0	0	0	0	0	0	0	0	0	
47.003033	8	3	3	0	1	2	2	4199	598	49	2869	1	0	0	0	0	0	0	0	0	0	0	0	0	0	0	0	0	
48.003833	8	3	3	0	1	2	2	4198	556	49	2929	1	0	0	0	0	0	0	0	0	0	0	0	0	0	0	0	0	
49.003200	8	3	3	0	1	2	2	4198	517	49	2989	1	0	0	0	0	0	0	0	0	0	0	0	0	0	0	0	0	
50.008317	8	3	3	0	1	2	2	4198	482	50	3049	1	0	0	0	0	0	0	0	0	0	0	0	0	0	0	0	0	
51.009117	8	3	3	0	1	2	2	4198	449	49	3109	1	0	0	0	0	0	0	0	0	0	0	0	0	0	0	0	0	
52.008483	8	3	3	0	1	2	2	4198	420	50	3169	1	0	0	0	0	0	0	0	0	0	0	0	0	0	0	0	0	
53.013600	8	3	3	0	1	2	2	4198	393	49	3230	1	0	0	0	0	0	0	0	0	0	0	0	0	0	0	0	0	
53.998567	8	3	3	0	1	2	2	4198	369	49	3289	1	0	0	0	0	0	0	0	0	0	0	0	0	0	0	0	0	
55.003683	8	3	3	0	1	2	2	4198	346	50	3349	1	0	0	0	0	0	0	0	0	0	0	0	0	0	0	0	0	
56.003033	8	3	3	0	1	2	2	4198	325	50	3409	1	0	0	0	0	0	0	0	0	0	0	0	0	0	0	0	0	
57.003833	8	3	3	0	1	2	2	4198	305	49	3469	1	0	0	0	0	0	0	0	0	0	0	0	0	0	0	0	0	
58.008967	8	3	3	0	1	2	2	4198	287	50	3529	1	0	0	0	0	0	0	0	0	0	0	0	0	0	0	0	0	
59.009767	8	3	3	0	1	2	2	4198	269	50	3589	1	0	0	0	0	0	0	0	0	0	0	0	0	0	0	0	0	
60.010567	8	3	3	0	1	2	2	4198	254	50	3649	1	0	0	0	0	0	0	0	0	0	0	0	0	0	0	0	0	
61.009917	8	3	3	0	1	2	2	4198	240	49	3709	1	0	0	0	0	0	0	0	0	0	0	0	0	0	0	0	0	
62.000633	8	3	3	0	1	2	2	4199	223	50	3769	1	0	0	0	0	0	0	0	0	0	0	0	0	0	0	0	0	
63.005767	8	3	3	0	1	2	2	4198	212	49	3829	1	0	0	0	0	0	0	0	0	0	0	0	0	0	0	0	0	
64.009433	8	3	3	0	1	2	2	4198	201	49	3889	1	0	0	0	0	0	0	0	0	0	0	0	0	0	0	0	0	
65.010233	8	3	3	0	1	2	2	4198	190	49	3949	1	0	0	0	0	0	0	0	0	0	0	0	0	0	0	0	0	
65.996633	8	3	3	0	1	2	2	4198	177	49	4009	1	0	0	0	0	0	0	0	0	0	0	0	0	0	0	0	0	
66.997433	8	3	3	0	1	2	2	4198	168	49	4069	1	0	0	0	0	0	0	0	0	0	0	0	0	0	0	0	0	
67.998233	8	3	3	0	1	2	2	4198	160	49	4129	1	0	0	0	0	0	0	0	0	0	0	0	0	0	0	0	0	
68.999033	8	3	3	0	1	2	2	4198	151	49	4189	1	0	0	0	0	0	0	0	0	0	0	0	0	0	0	0	0	
70.002717	8	3	3	0	1	2	2	4198	143	49	4249	1	0	0	0	0	0	0	0	0	0	0	0	0	0	0	0	0	
71.003517	8	3	3	0	1	2	2	4198	135	49	4309	1	0	0	0	0	0	0	0	0	0	0	0	0	0	0	0	0	
72.004317	8	3	3	0	1	2	2	4199	129	49	4369	1	0	0	0	0	0	0	0	0	0	0	0	0	0	0	0	0	
73.005117	8	3	3	0	1	2	2	4198	122	49	4429	1	0	0	0	0	0	0	0	0	0	0	0	0	0	0	0	0	
74.005917	8	3	3	0	1	2	2	4198	114	49	4489	1	0	0	0	0	0	0	0	0	0	0	0	0	0	0	0	0	
75.006717	8	3	3	0	1	2	2	4198	109	49	4549	1	0	0	0	0	0	0	0	0	0	0	0	0	0	0	0	0	
76.010400	8	3	3	0	1	2	2	4198	103	49	4609	1	0	0	0	0	0	0	0	0	0	0	0	0	0	0	0	0	
77.012633	8	3	3	0	1	2	2	4199	102	49	4670	1	0	0	0	0	0	0	0	0	0	0	0	0	0	0	0	0	
78.003367	8	3	3	0	1	2	2	4198	97	49	4729	1	0	0	0	0	0	0	0	0	0	0	0	0	0	0	0	0	
79.009917	8	3	3	0	1	2	2	4199	90	49	4789	1	0	0	0	0	0	0	0	0	0	0	0	0	0	0	0	0	
80.010717	8	3	3	0	1	2	2	4198	86	49	4849	1	0	0	0	0	0	0	0	0	0	0	0	0	0	0	0	0	
81.011517	8	3	3	0	1	2	2	4198	81	49	4909	1	0	0	0	0	0	0	0	0	0	0	0	0	0	0	0	0	
82.012317	8	3	3	0	1	2	2	4199	79	49	4969	1	0	0	0	0	0	0	0	0	0	0	0	0	0	0	0	0	
83.013117	8	3	3	0	1	2	2	4199	74	49	5030	1	0	0	0	0	0	0	0	0	0	0	0	0	0	0	0	0	
83.998083	8	3	3	0	1	2	2	4199	71	49	5089	1	0	0	0	0	0	0	0	0	0	0	0	0	0	0	0	0	
84.998883	8	3	3	0	1	2	2	4198	67	49	5149	1	0	0	0	0	0	0	0	0	0	0	0	0	0	0	0	0	
85.330083	8	6	3	0	2	7	1	4064	-1340	49	5169	1	1	0	0	0	0	0	0	0	0	0	0	0	0	0	0	0	
86.001117	8	6	3	0	2	7	1	4003	-1350	49	5209	1	1	1	0	0	0	0	0	0	0	0	0	0	0	0	0	0	
87.004800	8	6	3	0	2	7	1	3951	-1351	49	5269	1	1	2	0	0	0	0	0	0	0	0	0	0	0	0	0	0	
88.005600	8	6	3	0	2	7	1	3912	-1349	49	5329	1	1	4	0	0	0	0	0	0	0	0	0	0	0	0	0	0	
89.006400	8	6	3	0	2	7	1	3882	-1350	49	5389	1	1	6	0	0	0	0	0	0	0	0	0	0	0	0	0	0	
90.007200	8	6	3	0	2	7	1	3854	-1350	49	5449	1	1	7	0	0	0	0	0	0	0	0	0	0	0	0	0	0	
91.012317	8	6	3	0	2	7	1	3827	-1349	49	5509	1	1	9	0	0	0	0	0	0	0	0	0	0	0	0	0	0	
92.000167	8	6	3	0	2	7	1	3803	-1350	49	5569	1	1	10	0	0	0	0	0	0	0	0	0	0	0	0	0	0	
93.009600	8	6	3	0	2	7	1	3778	-1349	49	5629	1	1	12	0	0	0	0	0	0	0	0	0	0	0	0	0	0	
94.013283	8	6	3	0	2	7	1	3756	-1350	49	5690	1	1	14	0	0	0	0	0	0	0	0	0	0	0	0	0	0	
94.999683	8	6	3	0	2	7	1	3734	-1350	49	5749	1	1	15	0	0	0	0	0	0	0	0	0	0	0	0	0	0	
96.000483	8	6	3	0	2	7	1	3713	-1349	49	5809	1	1	17	0	0	0	0	0	0	0	0	0	0	0	0	0	0	
96.999833	8	6	3	0	2	7	1	3693	-1350	49	5869	1	1	19	0	0	0	0	0	0	0	0	0	0	0	0	0	0	
98.000633	8	6	3	0	2	7	1	3674	-1350	49	5929	1	1	20	0	0	0	0	0	0	0	0	0	0	0	0	0	0	
99.001433	8	6	3	0	2	7	1	3656	-1351	49	5989	1	1	22	0	0	0	0	0	0	0	0	0	0	0	0	0	0	
100.005117	8	6	3	0	2	7	1	3638	-1351	49	6049	1	1	24	0	0	0	0	0	0	0	0	0	0	0	0	0	0	
101.005917	8	6	3	0	2	7	1	3622	-1350	49	6109	1	1	25	0	0	0	0	0	0	0	0	0	0	0	0	0	0	
102.006717	8	6	3	0	2	7	1	3607	-1350	49	6169	1	1	27	0	0	0	0	0	0	0	0	0	0	0	0	0	0	
103.007517	8	6	3	0	2	7	1	3593	-1351	49	6229	1	1	29	0	0	0	0	0	0	0	0	0	0	0	0	0	0	
104.008317	8	6	3	0	2	7	1	3579	-1350	49	6289	1	1	30	0	0	0	0	0	0	0	0	0	0	0	0	0	0	
105.013433	8	6	3	0	2	7	1	3566	-1352	49	6349	1	1	32	0	0	0	0	0	0	0	0	0	0	0	0	0	0	
106.014233	8	6	3	0	2	7	1	3553	-1349	49	6410	1	1	34	0	0	0	0	0	0	0	0	0	0	0	0	0	0	
106.999200	8	6	3	0	2	7	1	3541	-1350	49	6469	1	1	35	0	0	0	0	0	0	0	0	0	0	0	0	0	0	
108.001433	8	6	3	0	2	7	1	3529	-1350	48	6529	1	1	37	0	0	0	0	0	0	0	0	0	0	0	0	0	0	
109.008000	8	6	3	0	2	7	1	3517	-1350	49	6589	1	1	39	0	0	0	0	0	0	0	0	0	0	0	0	0	0	
110.008800	8	6	3	0	2	7	1	3505	-1349	49	6649	1	1	40	0	0	0	0	0	0	0	0	0	0	0	0	0	0	
111.012483	8	6	3	0	2	7	1	3493	-1349	49	6709	1	1	42	0	0	0	0	0	0	0	0	0	0	0	0	0	0	
112.013283	8	6	3	0	2	7	1	3481	-1350	49	6769	1	1	44	0	0	0	0	0	0	0	0	0	0	0	0	0	0	
113.014083	8	6	3	0	2	7	1	3468	-1349	48	6829	1	1	45	0	0	0	0	0	0	0	0	0	0	0	0	0	0	
114.014883	8	6	3	0	2	7	1	3452	-1350	49	6889	1	1	47	0	0	0	0	0	0	0	0	0	0	0	0	0	0	
115.015683	8	6	3	0	2	7	1	3433	-1350	48	6950	1	1	49	0	0	0	0	0	0	0	0	0	0	0	0	0	0	
116.000633	8	6	3	0	2	7	1	3408	-1349	49	7009	1	1	50	0	0	0	0	0	0	0	0	0	0	0	0	0	0	
117.002883	8	6	3	0	2	7	1	3369	-1351	48	7069	1	1	52	0	0	0	0	0	0	0	0	0	0	0	0	0	0	
118.009433	8	6	3	0	2	7	1	3305	-1349	49	7129	1	1	54	0	0	0	0	0	0	0	0	0	0	0	0	0	0	
119.008800	8	6	3	0	2	7	1	3192	-1350	48	7189	1	1	55	0	0	0	0	0	0	0	0	0	0	0	0	0	0	
120.013917	8	6	3	0	2	7	1	2958	-1349	49	7249	1	1	57	0	0	0	0	0	0	0	0	0	0	0	0	0	0	
120.592800	8	15	3	0	1	31	2	2851	38	49	7284	2	1	58	0	0	0	0	0	0	0	0	0	0	0	0	0	0	
120.612967	8	4	3	0	1	3	2	3014	0	49	7285	3	1	58	0	0	0	0	0	0	0	0	0	0	0	0	0	0	
120.634567	8	3	3	0	1	2	2	3203	676	49	7287	3	1	58	0	0	0	0	0	0	0	0	0	0	0	0	0	0	
121.000317	8	3	3	0	1	2	2	3573	675	49	7309	3	1	58	0	0	0	0	0	0	0	0	0	0	0	0	0	0	
122.001117	8	3	3	0	1	2	2	3741	675	48	7369	3	1	58	0	0	0	0	0	0	0	0	0	0	0	0	0	0	
123.001917	8	3	3	0	1	2	2	3790	673	49	7429	3	1	58	0	0	0	0	0	0	0	0	0	0	0	0	0	0	
124.001283	8	3	3	0	1	2	2	3812	674	48	7489	3	1	58	0	0	0	0	0	0	0	0	0	0	0	0	0	0	
125.009283	8	3	3	0	1	2	2	3828	675	48	7549	3	1	58	0	0	0	0	0	0	0	0	0	0	0	0	0	0	
126.010083	8	3	3	0	1	2	2	3841	674	48	7609	3	1	58	0	0	0	0	0	0	0	0	0	0	0	0	0	0	
127.010883	8	3	3	0	1	2	2	3852	674	48	7669	3	1	58	0	0	0	0	0	0	0	0	0	0	0	0	0	0	
128.014567	8	3	3	0	1	2	2	3863	674	48	7729	3	1	58	0	0	0	0	0	0	0	0	0	0	0	0	0	0	
129.013917	8	3	3	0	1	2	2	3872	675	48	7789	3	1	58	0	0	0	0	0	0	0	0	0	0	0	0	0	0	
130.019033	8	3	3	0	1	2	2	3881	675	48	7850	3	1	58	0	0	0	0	0	0	0	0	0	0	0	0	0	0	
131.004000	8	3	3	0	1	2	2	3889	675	48	7909	3	1	58	0	0	0	0	0	0	0	0	0	0	0	0	0	0	
132.007683	8	3	3	0	1	2	2	3897	674	48	7969	3	1	58	0	0	0	0	0	0	0	0	0	0	0	0	0	0	
133.008483	8	3	3	0	1	2	2	3904	674	48	8029	3	1	58	0	0	0	0	0	0	0	0	0	0	0	0	0	0	
134.009283	8	3	3	0	1	2	2	3910	674	48	8089	3	1	58	0	0	0	0	0	0	0	0	0	0	0	0	0	0	
135.010083	8	3	3	0	1	2	2	3917	674	48	8149	3	1	58	0	0	0	0	0	0	0	0	0	0	0	0	0	0	
136.010883	8	3	3	0	1	2	2	3922	675	48	8209	3	1	58	0	0	0	0	0	0	0	0	0	0	0	0	0	0	
137.014567	8	3	3	0	1	2	2	3928	675	48	8269	3	1	58	0	0	0	0	0	0	0	0	0	0	0	0	0	0	
138.015367	8	3	3	0	1	2	2	3934	674	48	8329	3	1	58	0	0	0	0	0	0	0	0	0	0	0	0	0	0	
139.017600	8	3	3	0	1	2	2	3939	674	48	8390	3	1	58	0	0	0	0	0	0	0	0	0	0	0	0	0	0	
140.002567	8	3	3	0	1	2	2	3945	675	48	8449	3	1	58	0	0	0	0	0	0	0	0	0	0	0	0	0	0	
141.003367	8	3	3	0	1	2	2	3950	675	48	8509	3	1	58	0	0	0	0	0	0	0	0	0	0	0	0	0	0	
142.005600	8	3	3	0	1	2	2	3955	675	48	8569	3	1	58	0	0	0	0	0	0	0	0	0	0	0	0	0	0	
143.009283	8	3	3	0	1	2	2	3960	674	48	8629	3	1	58	0	0	0	0	0	0	0	0	0	0	0	0	0	0	
144.010083	8	3	3	0	1	2	2	3966	674	48	8689	3	1	58	0	0	0	0	0	0	0	0	0	0	0	0	0	0	
145.010883	8	3	3	0	1	2	2	3971	675	48	8749	3	1	58	0	0	0	0	0	0	0	0	0	0	0	0	0	0	
146.014567	8	3	3	0	1	2	2	3977	674	48	8809	3	1	58	0	0	0	0	0	0	0	0	0	0	0	0	0	0	
147.018233	8	3	3	0	1	2	2	3982	674	48	8870	3	1	58	0	0	0	0	0	0	0	0	0	0	0	0	0	0	
148.003200	8	3	3	0	1	2	2	3988	674	48	8929	3	1	58	0	0	0	0	0	0	0	0	0	0	0	0	0	0	
149.004000	8	3	3	0	1	2	2	3993	674	48	8989	3	1	58	0	0	0	0	0	0	0	0	0	0	0	0	0	0	
150.004800	8	3	3	0	1	2	2	4000	675	48	9049	3	1	58	0	0	0	0	0	0	0	0	0	0	0	0	0	0	
151.005600	8	3	3	0	1	2	2	4005	675	48	9109	3	1	58	0	0	0	0	0	0	0	0	0	0	0	0	0	0	
152.004967	8	3	3	0	1	2	2	4012	675	48	9169	3	1	58	0	0	0	0	0	0	0	0	0	0	0	0	0	0	
153.010083	8	3	3	0	1	2	2	4018	674	48	9229	3	1	58	0	0	0	0	0	0	0	0	0	0	0	0	0	0	
154.012317	8	3	3	0	1	2	2	4023	674	48	9289	3	1	58	0	0	0	0	0	0	0	0	0	0	0	0	0	0	
155.023200	8	3	3	0	1	2	2	4030	674	48	9350	3	1	58	0	0	0	0	0	0	0	0	0	0	0	0	0	0	
156.005283	8	3	3	0	1	2	2	4036	674	48	9409	3	1	58	0	0	0	0	0	0	0	0	0	0	0	0	0	0	
157.006083	8	3	3	0	1	2	2	4043	673	48	9469	3	1	58	0	0	0	0	0	0	0	0	0	0	0	0	0	0	
158.009767	8	3	3	0	1	2	2	4049	675	48	9529	3	1	58	0	0	0	0	0	0	0	0	0	0	0	0	0	0	
159.010567	8	3	3	0	1	2	2	4056	674	48	9589	3	1	58	0	0	0	0	0	0	0	0	0	0	0	0	0	0	
160.011367	8	3	3	0	1	2	2	4063	676	48	9649	3	1	58	0	0	0	0	0	0	0	0	0	0	0	0	0	0	
161.012167	8	3	3	0	1	2	2	4070	674	48	9709	3	1	58	0	0	0	0	0	0	0	0	0	0	0	0	0	0	
162.012967	8	3	3	0	1	2	2	4077	675	48	9769	3	1	58	0	0	0	0	0	0	0	0	0	0	0	0	0	0	
163.016633	8	3	3	0	1	2	2	4084	675	48	9829	3	1	58	0	0	0	0	0	0	0	0	0	0	0	0	0	0	
164.017433	8	3	3	0	1	2	2	4091	674	48	9889	3	1	58	0	0	0	0	0	0	0	0	0	0	0	0	0	0	
165.018233	8	3	3	0	1	2	2	4099	675	48	9949	3	1	58	0	0	0	0	0	0	0	0	0	0	0	0	0	0	
166.019033	8	3	3	0	1	2	2	4106	674	48	10009	3	1	58	0	0	0	0	0	0	0	0	0	0	0	0	0	0	
167.021283	8	3	3	0	1	2	2	4113	674	48	10070	3	1	58	0	0	0	0	0	0	0	0	0	0	0	0	0	0	
168.006233	8	3	3	0	1	2	2	4120	668	48	10129	3	1	58	0	0	0	0	0	0	0	0	0	0	0	0	0	0	
169.012800	8	3	3	0	1	2	2	4127	665	48	10189	3	1	58	0	0	0	0	0	0	0	0	0	0	0	0	0	0	
170.015033	8	3	3	0	1	2	2	4135	664	48	10249	3	1	58	0	0	0	0	0	0	0	0	0	0	0	0	0	0	
171.018717	8	3	3	0	1	2	2	4143	666	48	10309	3	1	58	0	0	0	0	0	0	0	0	0	0	0	0	0	0	
172.005117	8	3	3	0	1	2	2	4151	666	48	10369	3	1	58	0	0	0	0	0	0	0	0	0	0	0	0	0	0	
173.005917	8	3	3	0	1	2	2	4159	666	48	10429	3	1	58	0	0	0	0	0	0	0	0	0	0	0	0	0	0	
174.006717	8	3	3	0	1	2	2	4167	664	48	10489	3	1	58	0	0	0	0	0	0	0	0	0	0	0	0	0	0	
175.006083	8	3	3	0	1	2	2	4175	663	48	10549	3	1	58	0	0	0	0	0	0	0	0	0	0	0	0	0	0	
176.006883	8	3	3	0	1	2	2	4183	660	48	10609	3	1	58	0	0	0	0	0	0	0	0	0	0	0	0	0	0	
177.007683	8	3	3	0	1	2	2	4191	659	48	10669	3	1	58	0	0	0	0	0	0	0	0	0	0	0	0	0	0	
178.011367	8	3	3	0	1	2	2	4199	650	48	10729	3	1	58	0	0	0	0	0	0	0	0	0	0	0	0	0	0	
179.013600	8	3	3	0	1	2	2	4199	598	48	10789	3	1	58	0	0	0	0	0	0	0	0	0	0	0	0	0	0	
180.020167	8	3	3	0	1	2	2	4199	552	48	10849	3	1	58	0	0	0	0	0	0	0	0	0	0	0	0	0	0	
181.020967	8	3	3	0	1	2	2	4198	514	48	10910	3	1	58	0	0	0	0	0	0	0	0	0	0	0	0	0	0	
182.005917	8	3	3	0	1	2	2	4198	479	48	10969	3	1	58	0	0	0	0	0	0	0	0	0	0	0	0	0	0	
183.006717	8	3	3	0	1	2	2	4199	447	48	11029	3	1	58	0	0	0	0	0	0	0	0	0	0	0	0	0	0	
184.008967	8	3	3	0	1	2	2	4199	422	48	11089	3	1	58	0	0	0	0	0	0	0	0	0	0	0	0	0	0	
185.012633	8	3	3	0	1	2	2	4199	390	48	11149	3	1	58	0	0	0	0	0	0	0	0	0	0	0	0	0	0	
186.013433	8	3	3	0	1	2	2	4199	367	48	11209	3	1	58	0	0	0	0	0	0	0	0	0	0	0	0	0	0	
187.014233	8	3	3	0	1	2	2	4198	344	48	11269	3	1	58	0	0	0	0	0	0	0	0	0	0	0	0	0	0	
188.015033	8	3	3	0	1	2	2	4198	322	48	11329	3	1	58	0	0	0	0	0	0	0	0	0	0	0	0	0	0	
189.018717	8	3	3	0	1	2	2	4199	303	48	11389	3	1	58	0	0	0	0	0	0	0	0	0	0	0	0	0	0	
190.019517	8	3	3	0	1	2	2	4198	284	48	11449	3	1	58	0	0	0	0	0	0	0	0	0	0	0	0	0	0	
191.020317	8	3	3	0	1	2	2	4198	267	48	11509	3	1	58	0	0	0	0	0	0	0	0	0	0	0	0	0	0	
192.006717	8	3	3	0	1	2	2	4198	250	48	11569	3	1	58	0	0	0	0	0	0	0	0	0	0	0	0	0	0	
193.007517	8	3	3	0	1	2	2	4199	237	48	11629	3	1	58	0	0	0	0	0	0	0	0	0	0	0	0	0	0	
194.008317	8	3	3	0	1	2	2	4198	223	48	11689	3	1	58	0	0	0	0	0	0	0	0	0	0	0	0	0	0	
195.009117	8	3	3	0	1	2	2	4198	209	48	11749	3	1	58	0	0	0	0	0	0	0	0	0	0	0	0	0	0	
196.008483	8	3	3	0	1	2	2	4199	198	48	11809	3	1	58	0	0	0	0	0	0	0	0	0	0	0	0	0	0	
197.013600	8	3	3	0	1	2	2	4198	186	48	11869	3	1	58	0	0	0	0	0	0	0	0	0	0	0	0	0	0	
198.014400	8	3	3	0	1	2	2	4198	175	48	11929	3	1	58	0	0	0	0	0	0	0	0	0	0	0	0	0	0	
199.016633	8	3	3	0	1	2	2	4199	169	48	11989	3	1	58	0	0	0	0	0	0	0	0	0	0	0	0	0	0	
200.021767	8	3	3	0	1	2	2	4199	155	48	12050	3	1	58	0	0	0	0	0	0	0	0	0	0	0	0	0	0	
201.008167	8	3	3	0	1	2	2	4198	147	48	12109	3	1	58	0	0	0	0	0	0	0	0	0	0	0	0	0	0	
202.007517	8	3	3	0	1	2	2	4199	140	48	12169	3	1	58	0	0	0	0	0	0	0	0	0	0	0	0	0	0	
203.008317	8	3	3	0	1	2	2	4199	132	48	12229	3	1	58	0	0	0	0	0	0	0	0	0	0	0	0	0	0	
204.010567	8	3	3	0	1	2	2	4199	128	48	12289	3	1	58	0	0	0	0	0	0	0	0	0	0	0	0	0	0	
205.015683	8	3	3	0	1	2	2	4198	118	48	12349	3	1	58	0	0	0	0	0	0	0	0	0	0	0	0	0	0	
206.015033	8	3	3	0	1	2	2	4198	111	48	12409	3	1	58	0	0	0	0	0	0	0	0	0	0	0	0	0	0	
207.015833	8	3	3	0	1	2	2	4198	105	48	12469	3	1	58	0	0	0	0	0	0	0	0	0	0	0	0	0	0	
208.020967	8	3	3	0	1	2	2	4199	101	48	12529	3	1	58	0	0	0	0	0	0	0	0	0	0	0	0	0	0	
209.020317	8	3	3	0	1	2	2	4198	97	48	12589	3	1	58	0	0	0	0	0	0	0	0	0	0	0	0	0	0	
210.021117	8	3	3	0	1	2	2	4198	91	48	12649	3	1	58	0	0	0	0	0	0	0	0	0	0	0	0	0	0	
211.021917	8	3	3	0	1	2	2	4198	86	48	12709	3	1	58	0	0	0	0	0	0	0	0	0	0	0	0	0	0	
212.022717	8	3	3	0	1	2	2	4198	82	48	12770	3	1	58	0	0	0	0	0	0	0	0	0	0	0	0	0	0	
213.007683	8	3	3	0	1	2	2	4198	78	48	12829	3	1	58	0	0	0	0	0	0	0	0	0	0	0	0	0	0	
214.009917	8	3	3	0	1	2	2	4199	77	48	12889	3	1	58	0	0	0	0	0	0	0	0	0	0	0	0	0	0	
215.017917	8	3	3	0	1	2	2	4198	69	48	12949	3	1	58	0	0	0	0	0	0	0	0	0	0	0	0	0	0	
216.024483	8	3	3	0	1	2	2	4198	71	48	13010	3	1	58	0	0	0	0	0	0	0	0	0	0	0	0	0	0	
216.321117	8	6	3	0	2	7	1	4059	-1350	48	13027	3	2	0	0	0	0	0	0	0	0	0	0	0	0	0	0	0	
217.010883	8	6	3	0	2	7	1	4001	-1351	48	13069	3	2	1	0	0	0	0	0	0	0	0	0	0	0	0	0	0	
218.014567	8	6	3	0	2	7	1	3947	-1350	48	13129	3	2	2	0	0	0	0	0	0	0	0	0	0	0	0	0	0	
219.015367	8	6	3	0	2	7	1	3908	-1349	48	13189	3	2	4	0	0	0	0	0	0	0	0	0	0	0	0	0	0	
220.016167	8	6	3	0	2	7	1	3878	-1348	48	13249	3	2	6	0	0	0	0	0	0	0	0	0	0	0	0	0	0	
221.016967	8	6	3	0	2	7	1	3850	-1350	48	13309	3	2	7	0	0	0	0	0	0	0	0	0	0	0	0	0	0	
222.017767	8	6	3	0	2	7	1	3824	-1349	48	13369	3	2	9	0	0	0	0	0	0	0	0	0	0	0	0	0	0	
223.021433	8	6	3	0	2	7	1	3798	-1349	48	13429	3	2	11	0	0	0	0	0	0	0	0	0	0	0	0	0	0	
224.022233	8	6	3	0	2	7	1	3774	-1350	48	13489	3	2	12	0	0	0	0	0	0	0	0	0	0	0	0	0	0	
225.023033	8	6	3	0	2	7	1	3751	-1350	48	13549	3	2	14	0	0	0	0	0	0	0	0	0	0	0	0	0	0	
226.023833	8	6	3	0	2	7	1	3729	-1349	48	13609	3	2	16	0	0	0	0	0	0	0	0	0	0	0	0	0	0	
227.024633	8	6	3	0	2	7	1	3708	-1349	48	13670	3	2	17	0	0	0	0	0	0	0	0	0	0	0	0	0	0	
228.011033	8	6	3	0	2	7	1	3688	-1350	48	13729	3	2	19	0	0	0	0	0	0	0	0	0	0	0	0	0	0	
229.019033	8	6	3	0	2	7	1	3668	-1349	48	13789	3	2	21	0	0	0	0	0	0	0	0	0	0	0	0	0	0	
230.022717	8	6	3	0	2	7	1	3651	-1349	48	13849	3	2	22	0	0	0	0	0	0	0	0	0	0	0	0	0	0	
231.023517	8	6	3	0	2	7	1	3634	-1349	48	13909	3	2	24	0	0	0	0	0	0	0	0	0	0	0	0	0	0	
232.024317	8	6	3	0	2	7	1	3618	-1351	48	13969	3	2	25	0	0	0	0	0	0	0	0	0	0	0	0	0	0	
233.023683	8	6	3	0	2	7	1	3602	-1350	48	14030	3	2	27	0	0	0	0	0	0	0	0	0	0	0	0	0	0	
234.010083	8	6	3	0	2	7	1	3589	-1350	48	14089	3	2	29	0	0	0	0	0	0	0	0	0	0	0	0	0	0	
235.010883	8	6	3	0	2	7	1	3575	-1350	48	14149	3	2	30	0	0	0	0	0	0	0	0	0	0	0	0	0	0	
236.010233	8	6	3	0	2	7	1	3562	-1351	48	14209	3	2	32	0	0	0	0	0	0	0	0	0	0	0	0	0	0	
237.011033	8	6	3	0	2	7	1	3549	-1348	48	14269	3	2	34	0	0	0	0	0	0	0	0	0	0	0	0	0	0	
238.011833	8	6	3	0	2	7	1	3536	-1350	48	14329	3	2	35	0	0	0	0	0	0	0	0	0	0	0	0	0	0	
239.012633	8	6	3	0	2	7	1	3525	-1352	48	14389	3	2	37	0	0	0	0	0	0	0	0	0	0	0	0	0	0	
240.022083	8	6	3	0	2	7	1	3513	-1351	48	14449	3	2	39	0	0	0	0	0	0	0	0	0	0	0	0	0	0	
241.009917	8	6	3	0	2	7	1	3502	-1349	48	14509	3	2	40	0	0	0	0	0	0	0	0	0	0	0	0	0	0	
242.010717	8	6	3	0	2	7	1	3491	-1349	48	14569	3	2	42	0	0	0	0	0	0	0	0	0	0	0	0	0	0	
243.012967	8	6	3	0	2	7	1	3478	-1350	48	14629	3	2	44	0	0	0	0	0	0	0	0	0	0	0	0	0	0	
244.019517	8	6	3	0	2	7	1	3465	-1348	48	14689	3	2	45	0	0	0	0	0	0	0	0	0	0	0	0	0	0	
245.023200	8	6	3	0	2	7	1	3449	-1350	48	14749	3	2	47	0	0	0	0	0	0	0	0	0	0	0	0	0	0	
246.024000	8	6	3	0	2	7	1	3429	-1351	48	14809	3	2	49	0	0	0	0	0	0	0	0	0	0	0	0	0	0	
247.024800	8	6	3	0	2	7	1	3402	-1349	48	14869	3	2	50	0	0	0	0	0	0	0	0	0	0	0	0	0	0	
248.024167	8	6	3	0	2	7	1	3361	-1349	48	14929	3	2	52	0	0	0	0	0	0	0	0	0	0	0	0	0	0	
249.024967	8	6	3	0	2	7	1	3289	-1349	48	14989	3	2	54	0	0	0	0	0	0	0	0	0	0	0	0	0	0	
250.025767	8	6	3	0	2	7	1	3155	-1350	48	15050	3	2	55	0	0	0	0	0	0	0	0	0	0	0	0	0	0	
251.010717	8	6	3	0	2	7	1	2844	-1349	48	15109	3	2	57	0	0	0	0	0	0	0	0	0	0	0	0	0	0	
251.341917	8	15	3	0	1	31	2	2861	39	48	15128	4	2	57	0	0	0	0	0	0	0	0	0	0	0	0	0	0	
251.362083	8	3	3	0	1	2	2	3049	190	48	15130	5	2	57	0	0	0	0	0	0	0	0	0	0	0	0	0	0	
252.011517	8	3	3	0	1	2	2	3660	675	48	15169	5	2	57	0	0	0	0	0	0	0	0	0	0	0	0	0	0	
253.020967	8	3	3	0	1	2	2	3764	675	48	15229	5	2	57	0	0	0	0	0	0	0	0	0	0	0	0	0	0	
254.024633	8	3	3	0	1	2	2	3801	673	48	15289	5	2	57	0	0	0	0	0	0	0	0	0	0	0	0	0	0	
255.025433	8	3	3	0	1	2	2	3821	674	48	15349	5	2	57	0	0	0	0	0	0	0	0	0	0	0	0	0	0	
256.026233	8	3	3	0	1	2	2	3836	675	48	15410	5	2	57	0	0	0	0	0	0	0	0	0	0	0	0	0	0	
257.011200	8	3	3	0	1	2	2	3848	674	48	15469	5	2	57	0	0	0	0	0	0	0	0	0	0	0	0	0	0	
258.013433	8	3	3	0	1	2	2	3858	674	48	15529	5	2	57	0	0	0	0	0	0	0	0	0	0	0	0	0	0	
259.021433	8	3	3	0	1	2	2	3869	674	48	15589	5	2	57	0	0	0	0	0	0	0	0	0	0	0	0	0	0	
260.025117	8	3	3	0	1	2	2	3878	675	48	15649	5	2	57	0	0	0	0	0	0	0	0	0	0	0	0	0	0	
261.025917	8	3	3	0	1	2	2	3887	675	48	15709	5	2	57	0	0	0	0	0	0	0	0	0	0	0	0	0	0	
262.026717	8	3	3	0	1	2	2	3895	675	48	15770	5	2	57	0	0	0	0	0	0	0	0	0	0	0	0	0	0	
263.011683	8	3	3	0	1	2	2	3902	675	48	15829	5	2	57	0	0	0	0	0	0	0	0	0	0	0	0	0	0	
264.012483	8	3	3	0	1	2	2	3908	675	48	15889	5	2	57	0	0	0	0	0	0	0	0	0	0	0	0	0	0	
265.021917	8	3	3	0	1	2	2	3915	674	48	15949	5	2	57	0	0	0	0	0	0	0	0	0	0	0	0	0	0	
266.025600	8	3	3	0	1	2	2	3921	675	48	16009	5	2	57	0	0	0	0	0	0	0	0	0	0	0	0	0	0	
267.026400	8	3	3	0	1	2	2	3927	675	48	16069	5	2	57	0	0	0	0	0	0	0	0	0	0	0	0	0	0	
268.027200	8	3	3	0	1	2	2	3933	675	48	16130	5	2	57	0	0	0	0	0	0	0	0	0	0	0	0	0	0	
269.012167	8	3	3	0	1	2	2	3938	674	48	16189	5	2	57	0	0	0	0	0	0	0	0	0	0	0	0	0	0	
270.012967	8	3	3	0	1	2	2	3943	675	48	16249	5	2	57	0	0	0	0	0	0	0	0	0	0	0	0	0	0	
271.013767	8	3	3	0	1	2	2	3949	674	48	16309	5	2	57	0	0	0	0	0	0	0	0	0	0	0	0	0	0	
272.014567	8	3	3	0	1	2	2	3954	675	48	16369	5	2	57	0	0	0	0	0	0	0	0	0	0	0	0	0	0	
273.012483	8	3	3	0	1	2	2	3959	675	48	16429	5	2	57	0	0	0	0	0	0	0	0	0	0	0	0	0	0	
274.020483	8	3	3	0	1	2	2	3965	675	48	16489	5	2	57	0	0	0	0	0	0	0	0	0	0	0	0	0	0	
275.021283	8	3	3	0	1	2	2	3970	675	48	16549	5	2	57	0	0	0	0	0	0	0	0	0	0	0	0	0	0	
276.022083	8	3	3	0	1	2	2	3975	674	48	16609	5	2	57	0	0	0	0	0	0	0	0	0	0	0	0	0	0	
277.027200	8	3	3	0	1	2	2	3981	674	48	16669	5	2	57	0	0	0	0	0	0	0	0	0	0	0	0	0	0	
278.016483	8	3	3	0	1	2	2	3986	674	48	16729	5	2	57	0	0	0	0	0	0	0	0	0	0	0	0	0	0	
279.020167	8	3	3	0	1	2	2	3992	675	48	16789	5	2	57	0	0	0	0	0	0	0	0	0	0	0	0	0	0	
280.020967	8	3	3	0	1	2	2	3998	674	48	16849	5	2	57	0	0	0	0	0	0	0	0	0	0	0	0	0	0	
281.021767	8	3	3	0	1	2	2	4004	675	48	16909	5	2	57	0	0	0	0	0	0	0	0	0	0	0	0	0	0	
282.025433	8	3	3	0	1	2	2	4010	676	48	16969	5	2	57	0	0	0	0	0	0	0	0	0	0	0	0	0	0	
283.026233	8	3	3	0	1	2	2	4016	674	48	17029	5	2	57	0	0	0	0	0	0	0	0	0	0	0	0	0	0	
284.027033	8	3	3	0	1	2	2	4023	674	48	17089	5	2	57	0	0	0	0	0	0	0	0	0	0	0	0	0	0	
285.027833	8	3	3	0	1	2	2	4029	675	48	17149	5	2	57	0	0	0	0	0	0	0	0	0	0	0	0	0	0	
286.028633	8	3	3	0	1	2	2	4035	675	48	17209	5	2	57	0	0	0	0	0	0	0	0	0	0	0	0	0	0	
287.029433	8	3	3	0	1	2	2	4041	674	48	17270	5	2	57	0	0	0	0	0	0	0	0	0	0	0	0	0	0	
288.015833	8	3	3	0	1	2	2	4048	676	48	17329	5	2	57	0	0	0	0	0	0	0	0	0	0	0	0	0	0	
289.015200	8	3	3	0	1	2	2	4054	675	48	17389	5	2	57	0	0	0	0	0	0	0	0	0	0	0	0	0	0	
290.023200	8	3	3	0	1	2	2	4061	675	48	17449	5	2	57	0	0	0	0	0	0	0	0	0	0	0	0	0	0	
291.026883	8	3	3	0	1	2	2	4069	675	48	17509	5	2	57	0	0	0	0	0	0	0	0	0	0	0	0	0	0	
292.027683	8	3	3	0	1	2	2	4075	674	48	17569	5	2	57	0	0	0	0	0	0	0	0	0	0	0	0	0	0	
293.028483	8	3	3	0	1	2	2	4082	674	48	17629	5	2	57	0	0	0	0	0	0	0	0	0	0	0	0	0	0	
294.029283	8	3	3	0	1	2	2	4089	674	48	17690	5	2	57	0	0	0	0	0	0	0	0	0	0	0	0	0	0	
295.014233	8	3	3	0	1	2	2	4097	675	48	17749	5	2	57	0	0	0	0	0	0	0	0	0	0	0	0	0	0	
296.015033	8	3	3	0	1	2	2	4104	674	48	17809	5	2	57	0	0	0	0	0	0	0	0	0	0	0	0	0	0	
297.015833	8	3	3	0	1	2	2	4112	675	48	17869	5	2	57	0	0	0	0	0	0	0	0	0	0	0	0	0	0	
298.016633	8	3	3	0	1	2	2	4119	668	48	17929	5	2	57	0	0	0	0	0	0	0	0	0	0	0	0	0	0	
299.017433	8	3	3	0	1	2	2	4126	665	48	17989	5	2	57	0	0	0	0	0	0	0	0	0	0	0	0	0	0	
300.021117	8	3	3	0	1	2	2	4133	663	48	18049	5	2	57	0	0	0	0	0	0	0	0	0	0	0	0	0	0	
301.023367	8	3	3	0	1	2	2	4141	662	48	18109	5	2	57	0	0	0	0	0	0	0	0	0	0	0	0	0	0	
302.025600	8	3	3	0	1	2	2	4148	661	48	18169	5	2	57	0	0	0	0	0	0	0	0	0	0	0	0	0	0	
303.029283	8	3	3	0	1	2	2	4157	660	48	18229	5	2	57	0	0	0	0	0	0	0	0	0	0	0	0	0	0	
304.030083	8	3	3	0	1	2	2	4165	662	48	18290	5	2	57	0	0	0	0	0	0	0	0	0	0	0	0	0	0	
305.015033	8	3	3	0	1	2	2	4173	663	48	18349	5	2	57	0	0	0	0	0	0	0	0	0	0	0	0	0	0	
306.015833	8	3	3	0	1	2	2	4181	660	48	18409	5	2	57	0	0	0	0	0	0	0	0	0	0	0	0	0	0	
307.016633	8	3	3	0	1	2	2	4189	660	48	18469	5	2	57	0	0	0	0	0	0	0	0	0	0	0	0	0	0	
308.017433	8	3	3	0	1	2	2	4198	659	48	18529	5	2	57	0	0	0	0	0	0	0	0	0	0	0	0	0	0	
309.018233	8	3	3	0	1	2	2	4198	605	48	18589	5	2	57	0	0	0	0	0	0	0	0	0	0	0	0	0	0	
310.021917	8	3	3	0	1	2	2	4198	560	48	18649	5	2	57	0	0	0	0	0	0	0	0	0	0	0	0	0	0	
311.022717	8	3	3	0	1	2	2	4198	520	48	18709	5	2	57	0	0	0	0	0	0	0	0	0	0	0	0	0	0	
312.023517	8	3	3	0	1	2	2	4198	484	48	18769	5	2	57	0	0	0	0	0	0	0	0	0	0	0	0	0	0	
313.025767	8	3	3	0	1	2	2	4199	454	48	18829	5	2	57	0	0	0	0	0	0	0	0	0	0	0	0	0	0	
314.030883	8	3	3	0	1	2	2	4198	421	48	18890	5	2	57	0	0	0	0	0	0	0	0	0	0	0	0	0	0	
315.015833	8	3	3	0	1	2	2	4198	394	48	18949	5	2	57	0	0	0	0	0	0	0	0	0	0	0	0	0	0	
316.016633	8	3	3	0	1	2	2	4199	369	48	19009	5	2	57	0	0	0	0	0	0	0	0	0	0	0	0	0	0	
317.023200	8	3	3	0	1	2	2	4199	348	48	19069	5	2	57	0	0	0	0	0	0	0	0	0	0	0	0	0	0	
318.031200	8	3	3	0	1	2	2	4198	323	48	19129	5	2	57	0	0	0	0	0	0	0	0	0	0	0	0	0	0	
319.032000	8	3	3	0	1	2	2	4199	303	48	19190	5	2	57	0	0	0	0	0	0	0	0	0	0	0	0	0	0	
320.016967	8	3	3	0	1	2	2	4198	285	48	19249	5	2	57	0	0	0	0	0	0	0	0	0	0	0	0	0	0	
321.017767	8	3	3	0	1	2	2	4199	268	48	19309	5	2	57	0	0	0	0	0	0	0	0	0	0	0	0	0	0	
322.018567	8	3	3	0	1	2	2	4199	252	48	19369	5	2	57	0	0	0	0	0	0	0	0	0	0	0	0	0	0	
323.017917	8	3	3	0	1	2	2	4198	236	48	19429	5	2	57	0	0	0	0	0	0	0	0	0	0	0	0	0	0	
324.018717	8	3	3	0	1	2	2	4199	222	48	19489	5	2	57	0	0	0	0	0	0	0	0	0	0	0	0	0	0	
325.023833	8	3	3	0	1	2	2	4199	208	48	19549	5	2	57	0	0	0	0	0	0	0	0	0	0	0	0	0	0	
326.033283	8	3	3	0	1	2	2	4198	196	48	19610	5	2	57	0	0	0	0	0	0	0	0	0	0	0	0	0	0	
327.018233	8	3	3	0	1	2	2	4198	185	48	19669	5	2	57	0	0	0	0	0	0	0	0	0	0	0	0	0	0	
328.019033	8	3	3	0	1	2	2	4198	174	48	19729	5	2	57	0	0	0	0	0	0	0	0	0	0	0	0	0	0	
329.019833	8	3	3	0	1	2	2	4198	164	48	19789	5	2	57	0	0	0	0	0	0	0	0	0	0	0	0	0	0	
330.019200	8	3	3	0	1	2	2	4198	154	48	19849	5	2	57	0	0	0	0	0	0	0	0	0	0	0	0	0	0	
331.024317	8	3	3	0	1	2	2	4198	146	48	19909	5	2	57	0	0	0	0	0	0	0	0	0	0	0	0	0	0	
332.033767	8	3	3	0	1	2	2	4198	136	48	19970	5	2	57	0	0	0	0	0	0	0	0	0	0	0	0	0	0	
333.018717	8	3	3	0	1	2	2	4198	130	48	20029	5	2	57	0	0	0	0	0	0	0	0	0	0	0	0	0	0	
334.019517	8	3	3	0	1	2	2	4198	123	48	20089	5	2	57	0	0	0	0	0	0	0	0	0	0	0	0	0	0	
335.024633	8	3	3	0	1	2	2	4198	116	48	20149	5	2	57	0	0	0	0	0	0	0	0	0	0	0	0	0	0	
336.024000	8	3	3	0	1	2	2	4198	110	48	20209	5	2	57	0	0	0	0	0	0	0	0	0	0	0	0	0	0	
337.024800	8	3	3	0	1	2	2	4199	105	48	20269	5	2	57	0	0	0	0	0	0	0	0	0	0	0	0	0	0	
338.034233	8	3	3	0	1	2	2	4198	98	48	20330	5	2	57	0	0	0	0	0	0	0	0	0	0	0	0	0	0	
339.019200	8	3	3	0	1	2	2	4199	95	48	20389	5	2	57	0	0	0	0	0	0	0	0	0	0	0	0	0	0	
340.020000	8	3	3	0	1	2	2	4198	89	48	20449	5	2	57	0	0	0	0	0	0	0	0	0	0	0	0	0	0	
341.023683	8	3	3	0	1	2	2	4198	85	48	20509	5	2	57	0	0	0	0	0	0	0	0	0	0	0	0	0	0	
342.024483	8	3	3	0	1	2	2	4198	79	48	20569	5	2	57	0	0	0	0	0	0	0	0	0	0	0	0	0	0	
343.025283	8	3	3	0	1	2	2	4199	77	48	20629	5	2	57	0	0	0	0	0	0	0	0	0	0	0	0	0	0	
344.026083	8	3	3	0	1	2	2	4198	72	48	20689	5	2	57	0	0	0	0	0	0	0	0	0	0	0	0	0	0	
345.026883	8	3	3	0	1	2	2	4198	69	48	20749	5	2	57	0	0	0	0	0	0	0	0	0	0	0	0	0	0	
346.033433	8	3	3	0	1	2	2	4199	71	48	20809	5	2	57	0	0	0	0	0	0	0	0	0	0	0	0	0	0	
346.464000	8	6	3	0	2	7	1	4116	-818	48	20835	5	3	0	0	0	0	0	0	0	0	0	0	0	0	0	0	0	
347.019833	8	6	3	0	2	7	1	4010	-1350	48	20869	5	3	0	0	0	0	0	0	0	0	0	0	0	0	0	0	0	
348.020633	8	6	3	0	2	7	1	3956	-1349	48	20929	5	3	2	0	0	0	0	0	0	0	0	0	0	0	0	0	0	
349.021433	8	6	3	0	2	7	1	3913	-1350	48	20989	5	3	4	0	0	0	0	0	0	0	0	0	0	0	0	0	0	
350.028000	8	6	3	0	2	7	1	3881	-1348	48	21049	5	3	5	0	0	0	0	0	0	0	0	0	0	0	0	0	0	
351.033117	8	6	3	0	2	7	1	3853	-1349	48	21109	5	3	7	0	0	0	0	0	0	0	0	0	0	0	0	0	0	
352.032483	8	6	3	0	2	7	1	3826	-1350	48	21169	5	3	9	0	0	0	0	0	0	0	0	0	0	0	0	0	0	
353.033283	8	6	3	0	2	7	1	3801	-1349	48	21229	5	3	10	0	0	0	0	0	0	0	0	0	0	0	0	0	0	
354.034083	8	6	3	0	2	7	1	3777	-1350	48	21290	5	3	12	0	0	0	0	0	0	0	0	0	0	0	0	0	0	
355.019033	8	6	3	0	2	7	1	3754	-1350	48	21349	5	3	14	0	0	0	0	0	0	0	0	0	0	0	0	0	0	
356.019833	8	6	3	0	2	7	1	3732	-1349	48	21409	5	3	15	0	0	0	0	0	0	0	0	0	0	0	0	0	0	
357.020633	8	6	3	0	2	7	1	3711	-1348	48	21469	5	3	17	0	0	0	0	0	0	0	0	0	0	0	0	0	0	
358.021433	8	6	3	0	2	7	1	3691	-1350	48	21529	5	3	18	0	0	0	0	0	0	0	0	0	0	0	0	0	0	
359.022233	8	6	3	0	2	7	1	3672	-1349	48	21589	5	3	20	0	0	0	0	0	0	0	0	0	0	0	0	0	0	
360.025917	8	6	3	0	2	7	1	3654	-1348	48	21649	5	3	22	0	0	0	0	0	0	0	0	0	0	0	0	0	0	
361.032483	8	6	3	0	2	7	1	3637	-1349	48	21709	5	3	23	0	0	0	0	0	0	0	0	0	0	0	0	0	0	
362.037600	8	6	3	0	2	7	1	3621	-1349	48	21770	5	3	25	0	0	0	0	0	0	0	0	0	0	0	0	0	0	
363.022567	8	6	3	0	2	7	1	3605	-1350	48	21829	5	3	27	0	0	0	0	0	0	0	0	0	0	0	0	0	0	
364.027683	8	6	3	0	2	7	1	3591	-1347	48	21889	5	3	28	0	0	0	0	0	0	0	0	0	0	0	0	0	0	
365.028483	8	6	3	0	2	7	1	3577	-1350	48	21949	5	3	30	0	0	0	0	0	0	0	0	0	0	0	0	0	0	
366.029283	8	6	3	0	2	7	1	3564	-1349	48	22009	5	3	32	0	0	0	0	0	0	0	0	0	0	0	0	0	0	
367.032967	8	6	3	0	2	7	1	3551	-1350	48	22069	5	3	33	0	0	0	0	0	0	0	0	0	0	0	0	0	0	
368.033767	8	6	3	0	2	7	1	3539	-1348	48	22129	5	3	35	0	0	0	0	0	0	0	0	0	0	0	0	0	0	
369.034567	8	6	3	0	2	7	1	3528	-1348	48	22189	5	3	37	0	0	0	0	0	0	0	0	0	0	0	0	0	0	
370.035367	8	6	3	0	2	7	1	3516	-1351	48	22249	5	3	38	0	0	0	0	0	0	0	0	0	0	0	0	0	0	
371.020317	8	6	3	0	2	7	1	3505	-1349	48	22309	5	3	40	0	0	0	0	0	0	0	0	0	0	0	0	0	0	
372.021117	8	6	3	0	2	7	1	3494	-1351	48	22369	5	3	42	0	0	0	0	0	0	0	0	0	0	0	0	0	0	
373.021917	8	6	3	0	2	7	1	3482	-1348	48	22429	5	3	43	0	0	0	0	0	0	0	0	0	0	0	0	0	0	
374.031367	8	6	3	0	2	7	1	3468	-1350	48	22489	5	3	45	0	0	0	0	0	0	0	0	0	0	0	0	0	0	
375.036483	8	6	3	0	2	7	1	3453	-1350	48	22550	5	3	47	0	0	0	0	0	0	0	0	0	0	0	0	0	0	
376.022883	8	6	3	0	2	7	1	3436	-1350	48	22609	5	3	48	0	0	0	0	0	0	0	0	0	0	0	0	0	0	
377.022233	8	6	3	0	2	7	1	3412	-1350	48	22669	5	3	50	0	0	0	0	0	0	0	0	0	0	0	0	0	0	
378.023033	8	6	3	0	2	7	1	3375	-1350	48	22729	5	3	52	0	0	0	0	0	0	0	0	0	0	0	0	0	0	
379.029600	8	6	3	0	2	7	1	3314	-1350	48	22789	5	3	53	0	0	0	0	0	0	0	0	0	0	0	0	0	0	
380.030400	8	6	3	0	2	7	1	3197	-1350	48	22849	5	3	55	0	0	0	0	0	0	0	0	0	0	0	0	0	0	
381.034083	8	6	3	0	2	7	1	2948	-1348	48	22909	5	3	57	0	0	0	0	0	0	0	0	0	0	0	0	0	0	
381.556800	8	15	3	0	1	31	2	2979	68	48	22941	6	3	58	0	0	0	0	0	0	0	0	0	0	0	0	0	0	
381.576967	8	3	3	0	1	2	2	3175	677	48	22942	7	3	58	0	0	0	0	0	0	0	0	0	0	0	0	0	0	
382.037767	8	3	3	0	1	2	2	3617	676	48	22970	7	3	58	0	0	0	0	0	0	0	0	0	0	0	0	0	0	
383.024167	8	3	3	0	1	2	2	3751	674	48	23029	7	3	58	0	0	0	0	0	0	0	0	0	0	0	0	0	0	
384.023517	8	3	3	0	1	2	2	3795	673	48	23089	7	3	58	0	0	0	0	0	0	0	0	0	0	0	0	0	0	
385.028633	8	3	3	0	1	2	2	3817	675	48	23149	7	3	58	0	0	0	0	0	0	0	0	0	0	0	0	0	0	
386.033767	8	3	3	0	1	2	2	3833	674	48	23209	7	3	58	0	0	0	0	0	0	0	0	0	0	0	0	0	0	
387.037433	8	3	3	0	1	2	2	3846	674	48	23270	7	3	58	0	0	0	0	0	0	0	0	0	0	0	0	0	0	
388.023833	8	3	3	0	1	2	2	3857	675	48	23329	7	3	58	0	0	0	0	0	0	0	0	0	0	0	0	0	0	
389.024633	8	3	3	0	1	2	2	3867	674	48	23389	7	3	58	0	0	0	0	0	0	0	0	0	0	0	0	0	0	
390.022567	8	3	3	0	1	2	2	3876	675	48	23449	7	3	58	0	0	0	0	0	0	0	0	0	0	0	0	0	0	
391.030567	8	3	3	0	1	2	2	3885	674	48	23509	7	3	58	0	0	0	0	0	0	0	0	0	0	0	0	0	0	
392.031367	8	3	3	0	1	2	2	3893	675	48	23569	7	3	58	0	0	0	0	0	0	0	0	0	0	0	0	0	0	
393.035033	8	3	3	0	1	2	2	3900	675	48	23629	7	3	58	0	0	0	0	0	0	0	0	0	0	0	0	0	0	
394.035833	8	3	3	0	1	2	2	3907	675	48	23689	7	3	58	0	0	0	0	0	0	0	0	0	0	0	0	0	0	
395.036633	8	3	3	0	1	2	2	3913	674	48	23749	7	3	58	0	0	0	0	0	0	0	0	0	0	0	0	0	0	
396.037433	8	3	3	0	1	2	2	3919	676	48	23809	7	3	58	0	0	0	0	0	0	0	0	0	0	0	0	0	0	
397.038233	8	3	3	0	1	2	2	3925	675	48	23870	7	3	58	0	0	0	0	0	0	0	0	0	0	0	0	0	0	
398.024633	8	3	3	0	1	2	2	3931	675	48	23929	7	3	58	0	0	0	0	0	0	0	0	0	0	0	0	0	0	
399.031200	8	3	3	0	1	2	2	3936	675	48	23989	7	3	58	0	0	0	0	0	0	0	0	0	0	0	0	0	0	
400.030567	8	3	3	0	1	2	2	3942	675	48	24049	7	3	58	0	0	0	0	0	0	0	0	0	0	0	0	0	0	
401.031367	8	3	3	0	1	2	2	3947	674	48	24109	7	3	58	0	0	0	0	0	0	0	0	0	0	0	0	0	0	
402.036483	8	3	3	0	1	2	2	3952	675	48	24169	7	3	58	0	0	0	0	0	0	0	0	0	0	0	0	0	0	
403.035833	8	3	3	0	1	2	2	3957	674	48	24229	7	3	58	0	0	0	0	0	0	0	0	0	0	0	0	0	0	
404.038083	8	3	3	0	1	2	2	3963	675	48	24290	7	3	58	0	0	0	0	0	0	0	0	0	0	0	0	0	0	
405.024483	8	3	3	0	1	2	2	3968	673	48	24349	7	3	58	0	0	0	0	0	0	0	0	0	0	0	0	0	0	
406.025283	8	3	3	0	1	2	2	3974	674	48	24409	7	3	58	0	0	0	0	0	0	0	0	0	0	0	0	0	0	
407.026083	8	3	3	0	1	2	2	3979	674	48	24469	7	3	58	0	0	0	0	0	0	0	0	0	0	0	0	0	0	
408.025433	8	3	3	0	1	2	2	3985	675	48	24529	7	3	58	0	0	0	0	0	0	0	0	0	0	0	0	0	0	
409.030567	8	3	3	0	1	2	2	3990	674	48	24589	7	3	58	0	0	0	0	0	0	0	0	0	0	0	0	0	0	
410.034233	8	3	3	0	1	2	2	3997	675	48	24649	7	3	58	0	0	0	0	0	0	0	0	0	0	0	0	0	0	
411.039367	8	3	3	0	1	2	2	4002	675	48	24710	7	3	58	0	0	0	0	0	0	0	0	0	0	0	0	0	0	
412.024317	8	3	3	0	1	2	2	4008	675	48	24769	7	3	58	0	0	0	0	0	0	0	0	0	0	0	0	0	0	
413.025117	8	3	3	0	1	2	2	4014	675	48	24829	7	3	58	0	0	0	0	0	0	0	0	0	0	0	0	0	0	
414.025917	8	3	3	0	1	2	2	4020	674	48	24889	7	3	58	0	0	0	0	0	0	0	0	0	0	0	0	0	0	
415.025283	8	3	3	0	1	2	2	4027	675	48	24949	7	3	58	0	0	0	0	0	0	0	0	0	0	0	0	0	0	
416.026083	8	3	3	0	1	2	2	4033	674	48	25009	7	3	58	0	0	0	0	0	0	0	0	0	0	0	0	0	0	
417.029767	8	3	3	0	1	2	2	4039	674	48	25069	7	3	58	0	0	0	0	0	0	0	0	0	0	0	0	0	0	
418.030567	8	3	3	0	1	2	2	4046	675	48	25129	7	3	58	0	0	0	0	0	0	0	0	0	0	0	0	0	0	
419.032800	8	3	3	0	1	2	2	4052	675	48	25189	7	3	58	0	0	0	0	0	0	0	0	0	0	0	0	0	0	
420.040800	8	3	3	0	1	2	2	4059	674	48	25250	7	3	58	0	0	0	0	0	0	0	0	0	0	0	0	0	0	
421.025767	8	3	3	0	1	2	2	4066	675	48	25309	7	3	58	0	0	0	0	0	0	0	0	0	0	0	0	0	0	
422.025117	8	3	3	0	1	2	2	4072	675	48	25369	7	3	58	0	0	0	0	0	0	0	0	0	0	0	0	0	0	
423.031683	8	3	3	0	1	2	2	4080	675	48	25429	7	3	58	0	0	0	0	0	0	0	0	0	0	0	0	0	0	
424.032483	8	3	3	0	1	2	2	4087	675	48	25489	7	3	58	0	0	0	0	0	0	0	0	0	0	0	0	0	0	
425.033283	8	3	3	0	1	2	2	4094	674	48	25549	7	3	58	0	0	0	0	0	0	0	0	0	0	0	0	0	0	
426.034083	8	3	3	0	1	2	2	4102	674	48	25609	7	3	58	0	0	0	0	0	0	0	0	0	0	0	0	0	0	
427.037767	8	3	3	0	1	2	2	4110	673	48	25669	7	3	58	0	0	0	0	0	0	0	0	0	0	0	0	0	0	
428.038567	8	3	3	0	1	2	2	4117	670	48	25729	7	3	58	0	0	0	0	0	0	0	0	0	0	0	0	0	0	
429.037917	8	3	3	0	1	2	2	4124	666	48	25789	7	3	58	0	0	0	0	0	0	0	0	0	0	0	0	0	0	
430.038717	8	3	3	0	1	2	2	4131	664	48	25849	7	3	58	0	0	0	0	0	0	0	0	0	0	0	0	0	0	
431.039517	8	3	3	0	1	2	2	4138	662	48	25910	7	3	58	0	0	0	0	0	0	0	0	0	0	0	0	0	0	
432.025917	8	3	3	0	1	2	2	4146	662	48	25969	7	3	58	0	0	0	0	0	0	0	0	0	0	0	0	0	0	
433.025283	8	3	3	0	1	2	2	4154	661	48	26029	7	3	58	0	0	0	0	0	0	0	0	0	0	0	0	0	0	
434.031833	8	3	3	0	1	2	2	4161	658	48	26089	7	3	58	0	0	0	0	0	0	0	0	0	0	0	0	0	0	
435.038400	8	3	3	0	1	2	2	4170	659	48	26149	7	3	58	0	0	0	0	0	0	0	0	0	0	0	0	0	0	
436.039200	8	3	3	0	1	2	2	4178	661	48	26209	7	3	58	0	0	0	0	0	0	0	0	0	0	0	0	0	0	
437.040000	8	3	3	0	1	2	2	4187	661	48	26269	7	3	58	0	0	0	0	0	0	0	0	0	0	0	0	0	0	
438.040800	8	3	3	0	1	2	2	4195	660	48	26330	7	3	58	0	0	0	0	0	0	0	0	0	0	0	0	0	0	
439.027200	8	3	3	0	1	2	2	4198	625	48	26389	7	3	58	0	0	0	0	0	0	0	0	0	0	0	0	0	0	
440.026567	8	3	3	0	1	2	2	4199	576	48	26449	7	3	58	0	0	0	0	0	0	0	0	0	0	0	0	0	0	
441.027367	8	3	3	0	1	2	2	4198	534	48	26509	7	3	58	0	0	0	0	0	0	0	0	0	0	0	0	0	0	
442.028167	8	3	3	0	1	2	2	4198	496	48	26569	7	3	58	0	0	0	0	0	0	0	0	0	0	0	0	0	0	
443.031833	8	3	3	0	1	2	2	4198	462	48	26629	7	3	58	0	0	0	0	0	0	0	0	0	0	0	0	0	0	
444.032633	8	3	3	0	1	2	2	4198	432	48	26689	7	3	58	0	0	0	0	0	0	0	0	0	0	0	0	0	0	
445.033433	8	3	3	0	1	2	2	4199	403	48	26749	7	3	58	0	0	0	0	0	0	0	0	0	0	0	0	0	0	
446.035683	8	3	3	0	1	2	2	4198	380	48	26809	7	3	58	0	0	0	0	0	0	0	0	0	0	0	0	0	0	
447.039367	8	3	3	0	1	2	2	4198	353	48	26869	7	3	58	0	0	0	0	0	0	0	0	0	0	0	0	0	0	
448.041600	8	3	3	0	1	2	2	4199	335	48	26930	7	3	58	0	0	0	0	0	0	0	0	0	0	0	0	0	0	
449.026567	8	3	3	0	1	2	2	4199	309	48	26989	7	3	58	0	0	0	0	0	0	0	0	0	0	0	0	0	0	
450.027367	8	3	3	0	1	2	2	4198	291	48	27049	7	3	58	0	0	0	0	0	0	0	0	0	0	0	0	0	0	
451.028167	8	3	3	0	1	2	2	4198	273	48	27109	7	3	58	0	0	0	0	0	0	0	0	0	0	0	0	0	0	
452.028967	8	3	3	0	1	2	2	4198	256	48	27169	7	3	58	0	0	0	0	0	0	0	0	0	0	0	0	0	0	
453.029767	8	3	3	0	1	2	2	4198	242	48	27229	7	3	58	0	0	0	0	0	0	0	0	0	0	0	0	0	0	
454.033433	8	3	3	0	1	2	2	4199	227	48	27289	7	3	58	0	0	0	0	0	0	0	0	0	0	0	0	0	0	
455.034233	8	3	3	0	1	2	2	4198	214	48	27349	7	3	58	0	0	0	0	0	0	0	0	0	0	0	0	0	0	
456.035033	8	3	3	0	1	2	2	4199	200	48	27409	7	3	58	0	0	0	0	0	0	0	0	0	0	0	0	0	0	
457.035833	8	3	3	0	1	2	2	4199	189	48	27469	7	3	58	0	0	0	0	0	0	0	0	0	0	0	0	0	0	
458.038083	8	3	3	0	1	2	2	4199	180	48	27529	7	3	58	0	0	0	0	0	0	0	0	0	0	0	0	0	0	
459.041767	8	3	3	0	1	2	2	4198	166	48	27589	7	3	58	0	0	0	0	0	0	0	0	0	0	0	0	0	0	
460.042567	8	3	3	0	1	2	2	4199	157	48	27650	7	3	58	0	0	0	0	0	0	0	0	0	0	0	0	0	0	
461.027517	8	3	3	0	1	2	2	4199	148	48	27709	7	3	58	0	0	0	0	0	0	0	0	0	0	0	0	0	0	
462.028317	8	3	3	0	1	2	2	4199	140	48	27769	7	3	58	0	0	0	0	0	0	0	0	0	0	0	0	0	0	
463.034883	8	3	3	0	1	2	2	4199	137	48	27829	7	3	58	0	0	0	0	0	0	0	0	0	0	0	0	0	0	
464.042883	8	3	3	0	1	2	2	4199	124	48	27889	7	3	58	0	0	0	0	0	0	0	0	0	0	0	0	0	0	
465.043683	8	3	3	0	1	2	2	4198	118	48	27950	7	3	58	0	0	0	0	0	0	0	0	0	0	0	0	0	0	
466.028633	8	3	3	0	1	2	2	4199	112	48	28009	7	3	58	0	0	0	0	0	0	0	0	0	0	0	0	0	0	
467.029433	8	3	3	0	1	2	2	4199	106	48	28069	7	3	58	0	0	0	0	0	0	0	0	0	0	0	0	0	0	
468.030233	8	3	3	0	1	2	2	4199	100	48	28129	7	3	58	0	0	0	0	0	0	0	0	0	0	0	0	0	0	
469.029600	8	3	3	0	1	2	2	4199	96	48	28189	7	3	58	0	0	0	0	0	0	0	0	0	0	0	0	0	0	
470.033283	8	3	3	0	1	2	2	4199	92	48	28249	7	3	58	0	0	0	0	0	0	0	0	0	0	0	0	0	0	
471.041283	8	3	3	0	1	2	2	4198	84	48	28309	7	3	58	0	0	0	0	0	0	0	0	0	0	0	0	0	0	
472.042083	8	3	3	0	1	2	2	4198	81	48	28369	7	3	58	0	0	0	0	0	0	0	0	0	0	0	0	0	0	
473.042883	8	3	3	0	1	2	2	4198	77	48	28429	7	3	58	0	0	0	0	0	0	0	0	0	0	0	0	0	0	
474.043683	8	3	3	0	1	2	2	4198	74	48	28490	7	3	58	0	0	0	0	0	0	0	0	0	0	0	0	0	0	
475.028633	8	3	3	0	1	2	2	4199	69	48	28549	7	3	58	0	0	0	0	0	0	0	0	0	0	0	0	0	0	
475.724167	8	6	3	0	2	7	1	4163	-354	48	28590	7	4	0	0	0	0	0	0	0	0	0	0	0	0	0	0	0	
476.030883	8	6	3	0	2	7	1	4025	-1350	48	28609	7	4	0	0	0	0	0	0	0	0	0	0	0	0	0	0	0	
477.037433	8	6	3	0	2	7	1	3968	-1350	48	28669	7	4	2	0	0	0	0	0	0	0	0	0	0	0	0	0	0	
478.041117	8	6	3	0	2	7	1	3922	-1349	48	28729	7	4	3	0	0	0	0	0	0	0	0	0	0	0	0	0	0	
479.046233	8	6	3	0	2	7	1	3888	-1349	48	28790	7	4	5	0	0	0	0	0	0	0	0	0	0	0	0	0	0	
480.031200	8	6	3	0	2	7	1	3860	-1349	48	28849	7	4	6	0	0	0	0	0	0	0	0	0	0	0	0	0	0	
481.032000	8	6	3	0	2	7	1	3833	-1349	48	28909	7	4	8	0	0	0	0	0	0	0	0	0	0	0	0	0	0	
482.037117	8	6	3	0	2	7	1	3806	-1350	48	28969	7	4	10	0	0	0	0	0	0	0	0	0	0	0	0	0	0	
483.036483	8	6	3	0	2	7	1	3782	-1350	48	29029	7	4	11	0	0	0	0	0	0	0	0	0	0	0	0	0	0	
484.037283	8	6	3	0	2	7	1	3759	-1350	48	29089	7	4	13	0	0	0	0	0	0	0	0	0	0	0	0	0	0	
485.036633	8	6	3	0	2	7	1	3737	-1349	48	29149	7	4	15	0	0	0	0	0	0	0	0	0	0	0	0	0	0	
486.037433	8	6	3	0	2	7	1	3715	-1351	48	29209	7	4	16	0	0	0	0	0	0	0	0	0	0	0	0	0	0	
487.038233	8	6	3	0	2	7	1	3695	-1350	48	29269	7	4	18	0	0	0	0	0	0	0	0	0	0	0	0	0	0	
488.043367	8	6	3	0	2	7	1	3676	-1350	48	29329	7	4	20	0	0	0	0	0	0	0	0	0	0	0	0	0	0	
489.044167	8	6	3	0	2	7	1	3658	-1349	48	29389	7	4	21	0	0	0	0	0	0	0	0	0	0	0	0	0	0	
490.044967	8	6	3	0	2	7	1	3640	-1350	48	29449	7	4	23	0	0	0	0	0	0	0	0	0	0	0	0	0	0	
491.044317	8	6	3	0	2	7	1	3624	-1349	48	29510	7	4	25	0	0	0	0	0	0	0	0	0	0	0	0	0	0	
492.032167	8	6	3	0	2	7	1	3609	-1349	48	29569	7	4	26	0	0	0	0	0	0	0	0	0	0	0	0	0	0	
493.040167	8	6	3	0	2	7	1	3594	-1349	48	29629	7	4	28	0	0	0	0	0	0	0	0	0	0	0	0	0	0	
494.045283	8	6	3	0	2	7	1	3580	-1350	48	29690	7	4	30	0	0	0	0	0	0	0	0	0	0	0	0	0	0	
495.031683	8	6	3	0	2	7	1	3567	-1349	48	29749	7	4	31	0	0	0	0	0	0	0	0	0	0	0	0	0	0	
496.032483	8	6	3	0	2	7	1	3555	-1350	48	29809	7	4	33	0	0	0	0	0	0	0	0	0	0	0	0	0	0	
497.037600	8	6	3	0	2	7	1	3543	-1349	48	29869	7	4	35	0	0	0	0	0	0	0	0	0	0	0	0	0	0	
498.038400	8	6	3	0	2	7	1	3531	-1349	48	29929	7	4	36	0	0	0	0	0	0	0	0	0	0	0	0	0	0	
499.039200	8	6	3	0	2	7	1	3519	-1349	48	29989	7	4	38	0	0	0	0	0	0	0	0	0	0	0	0	0	0	
500.040000	8	6	3	0	2	7	1	3508	-1350	48	30049	7	4	40	0	0	0	0	0	0	0	0	0	0	0	0	0	0	
501.043683	8	6	3	0	2	7	1	3497	-1350	48	30109	7	4	41	0	0	0	0	0	0	0	0	0	0	0	0	0	0	
502.044483	8	6	3	0	2	7	1	3485	-1349	48	30169	7	4	43	0	0	0	0	0	0	0	0	0	0	0	0	0	0	
503.045283	8	6	3	0	2	7	1	3473	-1350	48	30229	7	4	45	0	0	0	0	0	0	0	0	0	0	0	0	0	0	
504.046083	8	6	3	0	2	7	1	3458	-1350	48	30289	7	4	46	0	0	0	0	0	0	0	0	0	0	0	0	0	0	
505.045433	8	6	3	0	2	7	1	3442	-1350	48	30350	7	4	48	0	0	0	0	0	0	0	0	0	0	0	0	0	0	
506.033283	8	6	3	0	2	7	1	3420	-1350	48	30409	7	4	50	0	0	0	0	0	0	0	0	0	0	0	0	0	0	
507.041283	8	6	3	0	2	7	1	3388	-1350	48	30469	7	4	51	0	0	0	0	0	0	0	0	0	0	0	0	0	0	
508.044967	8	6	3	0	2	7	1	3337	-1349	48	30529	7	4	53	0	0	0	0	0	0	0	0	0	0	0	0	0	0	
509.045767	8	6	3	0	2	7	1	3241	-1350	48	30590	7	4	55	0	0	0	0	0	0	0	0	0	0	0	0	0	0	
510.032167	8	6	3	0	2	7	1	3051	-1350	48	30649	7	4	56	0	0	0	0	0	0	0	0	0	0	0	0	0	0	
510.842883	8	15	3	0	1	31	2	2988	67	48	30697	8	4	58	0	0	0	0	0	0	0	0	0	0	0	0	0	0	
510.864483	8	3	3	0	1	2	2	3187	677	48	30699	9	4	58	0	0	0	0	0	0	0	0	0	0	0	0	0	0	
511.035833	8	3	3	0	1	2	2	3478	674	48	30709	9	4	58	0	0	0	0	0	0	0	0	0	0	0	0	0	0	
512.039517	8	3	3	0	1	2	2	3731	673	48	30769	9	4	58	0	0	0	0	0	0	0	0	0	0	0	0	0	0	
513.040317	8	3	3	0	1	2	2	3786	675	48	30829	9	4	58	0	0	0	0	0	0	0	0	0	0	0	0	0	0	
514.041117	8	3	3	0	1	2	2	3812	675	48	30889	9	4	58	0	0	0	0	0	0	0	0	0	0	0	0	0	0	
515.044800	8	3	3	0	1	2	2	3829	675	48	30949	9	4	58	0	0	0	0	0	0	0	0	0	0	0	0	0	0	
516.045600	8	3	3	0	1	2	2	3842	674	48	31009	9	4	58	0	0	0	0	0	0	0	0	0	0	0	0	0	0	
517.046400	8	3	3	0	1	2	2	3854	674	48	31069	9	4	58	0	0	0	0	0	0	0	0	0	0	0	0	0	0	
518.047200	8	3	3	0	1	2	2	3864	674	48	31130	9	4	58	0	0	0	0	0	0	0	0	0	0	0	0	0	0	
519.033600	8	3	3	0	1	2	2	3874	675	48	31189	9	4	58	0	0	0	0	0	0	0	0	0	0	0	0	0	0	
520.034400	8	3	3	0	1	2	2	3882	674	48	31249	9	4	58	0	0	0	0	0	0	0	0	0	0	0	0	0	0	
521.040967	8	3	3	0	1	2	2	3890	674	48	31309	9	4	58	0	0	0	0	0	0	0	0	0	0	0	0	0	0	
522.041767	8	3	3	0	1	2	2	3898	674	48	31369	9	4	58	0	0	0	0	0	0	0	0	0	0	0	0	0	0	
523.045433	8	3	3	0	1	2	2	3905	675	48	31429	9	4	58	0	0	0	0	0	0	0	0	0	0	0	0	0	0	
524.046233	8	3	3	0	1	2	2	3911	674	48	31489	9	4	58	0	0	0	0	0	0	0	0	0	0	0	0	0	0	
525.047033	8	3	3	0	1	2	2	3917	675	48	31549	9	4	58	0	0	0	0	0	0	0	0	0	0	0	0	0	0	
526.047833	8	3	3	0	1	2	2	3923	674	48	31609	9	4	58	0	0	0	0	0	0	0	0	0	0	0	0	0	0	
527.048633	8	3	3	0	1	2	2	3929	674	48	31670	9	4	58	0	0	0	0	0	0	0	0	0	0	0	0	0	0	
528.033600	8	3	3	0	1	2	2	3934	674	48	31729	9	4	58	0	0	0	0	0	0	0	0	0	0	0	0	0	0	
529.034400	8	3	3	0	1	2	2	3940	674	48	31789	9	4	58	0	0	0	0	0	0	0	0	0	0	0	0	0	0	
530.036633	8	3	3	0	1	2	2	3945	674	48	31849	9	4	58	0	0	0	0	0	0	0	0	0	0	0	0	0	0	
531.041767	8	3	3	0	1	2	2	3950	674	48	31909	9	4	58	0	0	0	0	0	0	0	0	0	0	0	0	0	0	
532.045433	8	3	3	0	1	2	2	3956	674	48	31969	9	4	58	0	0	0	0	0	0	0	0	0	0	0	0	0	0	
533.046233	8	3	3	0	1	2	2	3961	675	48	32029	9	4	58	0	0	0	0	0	0	0	0	0	0	0	0	0	0	
534.047033	8	3	3	0	1	2	2	3967	675	48	32089	9	4	58	0	0	0	0	0	0	0	0	0	0	0	0	0	0	
535.047833	8	3	3	0	1	2	2	3972	674	48	32150	9	4	58	0	0	0	0	0	0	0	0	0	0	0	0	0	0	
536.035683	8	3	3	0	1	2	2	3977	675	48	32209	9	4	58	0	0	0	0	0	0	0	0	0	0	0	0	0	0	
537.043683	8	3	3	0	1	2	2	3983	673	48	32269	9	4	58	0	0	0	0	0	0	0	0	0	0	0	0	0	0	
538.047367	8	3	3	0	1	2	2	3989	675	48	32329	9	4	58	0	0	0	0	0	0	0	0	0	0	0	0	0	0	
539.048167	8	3	3	0	1	2	2	3994	674	48	32389	9	4	58	0	0	0	0	0	0	0	0	0	0	0	0	0	0	
540.048967	8	3	3	0	1	2	2	4000	675	48	32450	9	4	58	0	0	0	0	0	0	0	0	0	0	0	0	0	0	
541.033917	8	3	3	0	1	2	2	4006	674	48	32509	9	4	58	0	0	0	0	0	0	0	0	0	0	0	0	0	0	
542.036167	8	3	3	0	1	2	2	4012	674	48	32569	9	4	58	0	0	0	0	0	0	0	0	0	0	0	0	0	0	
543.041283	8	3	3	0	1	2	2	4018	675	48	32629	9	4	58	0	0	0	0	0	0	0	0	0	0	0	0	0	0	
544.042083	8	3	3	0	1	2	2	4025	675	48	32689	9	4	58	0	0	0	0	0	0	0	0	0	0	0	0	0	0	
545.042883	8	3	3	0	1	2	2	4031	674	48	32749	9	4	58	0	0	0	0	0	0	0	0	0	0	0	0	0	0	
546.043683	8	3	3	0	1	2	2	4037	674	48	32809	9	4	58	0	0	0	0	0	0	0	0	0	0	0	0	0	0	
547.047367	8	3	3	0	1	2	2	4044	675	48	32869	9	4	58	0	0	0	0	0	0	0	0	0	0	0	0	0	0	
548.048167	8	3	3	0	1	2	2	4050	674	48	32929	9	4	58	0	0	0	0	0	0	0	0	0	0	0	0	0	0	
549.048967	8	3	3	0	1	2	2	4057	674	48	32989	9	4	58	0	0	0	0	0	0	0	0	0	0	0	0	0	0	
550.051200	8	3	3	0	1	2	2	4064	675	48	33050	9	4	58	0	0	0	0	0	0	0	0	0	0	0	0	0	0	
551.037600	8	3	3	0	1	2	2	4071	674	48	33109	9	4	58	0	0	0	0	0	0	0	0	0	0	0	0	0	0	
552.036967	8	3	3	0	1	2	2	4078	674	48	33169	9	4	58	0	0	0	0	0	0	0	0	0	0	0	0	0	0	
553.042083	8	3	3	0	1	2	2	4085	674	48	33229	9	4	58	0	0	0	0	0	0	0	0	0	0	0	0	0	0	
554.044317	8	3	3	0	1	2	2	4092	675	48	33289	9	4	58	0	0	0	0	0	0	0	0	0	0	0	0	0	0	
555.052317	8	3	3	0	1	2	2	4099	674	48	33350	9	4	58	0	0	0	0	0	0	0	0	0	0	0	0	0	0	
556.037283	8	3	3	0	1	2	2	4107	674	48	33409	9	4	58	0	0	0	0	0	0	0	0	0	0	0	0	0	0	
557.040967	8	3	3	0	1	2	2	4115	675	48	33469	9	4	58	0	0	0	0	0	0	0	0	0	0	0	0	0	0	
558.041767	8	3	3	0	1	2	2	4121	669	48	33529	9	4	58	0	0	0	0	0	0	0	0	0	0	0	0	0	0	
559.042567	8	3	3	0	1	2	2	4129	666	48	33589	9	4	58	0	0	0	0	0	0	0	0	0	0	0	0	0	0	
560.043367	8	3	3	0	1	2	2	4136	664	48	33649	9	4	58	0	0	0	0	0	0	0	0	0	0	0	0	0	0	
561.044167	8	3	3	0	1	2	2	4144	662	48	33709	9	4	58	0	0	0	0	0	0	0	0	0	0	0	0	0	0	
562.047833	8	3	3	0	1	2	2	4151	661	48	33769	9	4	58	0	0	0	0	0	0	0	0	0	0	0	0	0	0	
563.048633	8	3	3	0	1	2	2	4159	658	48	33829	9	4	58	0	0	0	0	0	0	0	0	0	0	0	0	0	0	
564.049433	8	3	3	0	1	2	2	4167	658	48	33889	9	4	58	0	0	0	0	0	0	0	0	0	0	0	0	0	0	
565.051683	8	3	3	0	1	2	2	4175	656	48	33950	9	4	58	0	0	0	0	0	0	0	0	0	0	0	0	0	0	
566.039517	8	3	3	0	1	2	2	4182	656	48	34009	9	4	58	0	0	0	0	0	0	0	0	0	0	0	0	0	0	
567.043200	8	3	3	0	1	2	2	4191	658	48	34069	9	4	58	0	0	0	0	0	0	0	0	0	0	0	0	0	0	
568.044000	8	3	3	0	1	2	2	4198	645	48	34129	9	4	58	0	0	0	0	0	0	0	0	0	0	0	0	0	0	
569.044800	8	3	3	0	1	2	2	4198	593	48	34189	9	4	58	0	0	0	0	0	0	0	0	0	0	0	0	0	0	
570.045600	8	3	3	0	1	2	2	4198	549	48	34249	9	4	58	0	0	0	0	0	0	0	0	0	0	0	0	0	0	
571.049283	8	3	3	0	1	2	2	4198	509	48	34309	9	4	58	0	0	0	0	0	0	0	0	0	0	0	0	0	0	
572.050083	8	3	3	0	1	2	2	4198	474	48	34369	9	4	58	0	0	0	0	0	0	0	0	0	0	0	0	0	0	
573.050883	8	3	3	0	1	2	2	4198	442	48	34429	9	4	58	0	0	0	0	0	0	0	0	0	0	0	0	0	0	
574.051683	8	3	3	0	1	2	2	4198	413	48	34490	9	4	58	0	0	0	0	0	0	0	0	0	0	0	0	0	0	
575.036633	8	3	3	0	1	2	2	4199	387	48	34549	9	4	58	0	0	0	0	0	0	0	0	0	0	0	0	0	0	
576.037433	8	3	3	0	1	2	2	4198	361	48	34609	9	4	58	0	0	0	0	0	0	0	0	0	0	0	0	0	0	
577.038233	8	3	3	0	1	2	2	4199	339	48	34669	9	4	58	0	0	0	0	0	0	0	0	0	0	0	0	0	0	
578.037600	8	3	3	0	1	2	2	4199	321	48	34729	9	4	58	0	0	0	0	0	0	0	0	0	0	0	0	0	0	
579.039833	8	3	3	0	1	2	2	4199	303	48	34789	9	4	58	0	0	0	0	0	0	0	0	0	0	0	0	0	0	
580.047833	8	3	3	0	1	2	2	4198	278	48	34849	9	4	58	0	0	0	0	0	0	0	0	0	0	0	0	0	0	
581.051517	8	3	3	0	1	2	2	4198	262	48	34910	9	4	58	0	0	0	0	0	0	0	0	0	0	0	0	0	0	
582.037917	8	3	3	0	1	2	2	4198	248	48	34969	9	4	58	0	0	0	0	0	0	0	0	0	0	0	0	0	0	
583.038717	8	3	3	0	1	2	2	4198	232	48	35029	9	4	58	0	0	0	0	0	0	0	0	0	0	0	0	0	0	
584.039517	8	3	3	0	1	2	2	4198	219	48	35089	9	4	58	0	0	0	0	0	0	0	0	0	0	0	0	0	0	
585.040317	8	3	3	0	1	2	2	4198	205	48	35149	9	4	58	0	0	0	0	0	0	0	0	0	0	0	0	0	0	
586.041117	8	3	3	0	1	2	2	4199	193	48	35209	9	4	58	0	0	0	0	0	0	0	0	0	0	0	0	0	0	
587.044800	8	3	3	0	1	2	2	4198	181	48	35269	9	4	58	0	0	0	0	0	0	0	0	0	0	0	0	0	0	
588.045600	8	3	3	0	1	2	2	4198	171	48	35329	9	4	58	0	0	0	0	0	0	0	0	0	0	0	0	0	0	
589.046400	8	3	3	0	1	2	2	4198	160	48	35389	9	4	58	0	0	0	0	0	0	0	0	0	0	0	0	0	0	
590.044317	8	3	3	0	1	2	2	4199	154	48	35449	9	4	58	0	0	0	0	0	0	0	0	0	0	0	0	0	0	
591.045117	8	3	3	0	1	2	2	4198	143	48	35509	9	4	58	0	0	0	0	0	0	0	0	0	0	0	0	0	0	
592.045917	8	3	3	0	1	2	2	4199	135	48	35569	9	4	58	0	0	0	0	0	0	0	0	0	0	0	0	0	0	
593.046717	8	3	3	0	1	2	2	4198	128	48	35629	9	4	58	0	0	0	0	0	0	0	0	0	0	0	0	0	0	
594.053283	8	3	3	0	1	2	2	4199	125	48	35689	9	4	58	0	0	0	0	0	0	0	0	0	0	0	0	0	0	
595.041117	8	3	3	0	1	2	2	4198	113	48	35749	9	4	58	0	0	0	0	0	0	0	0	0	0	0	0	0	0	
596.046233	8	3	3	0	1	2	2	4198	107	48	35809	9	4	58	0	0	0	0	0	0	0	0	0	0	0	0	0	0	
597.047033	8	3	3	0	1	2	2	4198	100	48	35869	9	4	58	0	0	0	0	0	0	0	0	0	0	0	0	0	0	
598.047833	8	3	3	0	1	2	2	4198	96	48	35929	9	4	58	0	0	0	0	0	0	0	0	0	0	0	0	0	0	
599.051517	8	3	3	0	1	2	2	4199	92	48	35989	9	4	58	0	0	0	0	0	0	0	0	0	0	0	0	0	0	
600.052317	8	3	3	0	1	2	2	4198	87	48	36049	9	4	58	0	0	0	0	0	0	0	0	0	0	0	0	0	0	
601.053117	8	3	3	0	1	2	2	4198	81	48	36110	9	4	58	0	0	0	0	0	0	0	0	0	0	0	0	0	0	
602.040967	8	3	3	0	1	2	2	4199	82	48	36169	9	4	58	0	0	0	0	0	0	0	0	0	0	0	0	0	0	
603.047517	8	3	3	0	1	2	2	4198	73	48	36229	9	4	58	0	0	0	0	0	0	0	0	0	0	0	0	0	0	
604.052633	8	3	3	0	1	2	2	4199	71	48	36289	9	4	58	0	0	0	0	0	0	0	0	0	0	0	0	0	0	
605.053433	8	3	3	0	1	2	2	4198	68	48	36349	9	4	58	0	0	0	0	0	0	0	0	0	0	0	0	0	0	
605.308317	8	6	3	0	2	7	1	4064	-1331	48	36365	9	5	0	0	0	0	0	0	0	0	0	0	0	0	0	0	0	
606.041283	8	6	3	0	2	7	1	3999	-1351	48	36409	9	5	1	0	0	0	0	0	0	0	0	0	0	0	0	0	0	
607.046400	8	6	3	0	2	7	1	3946	-1349	48	36469	9	5	2	0	0	0	0	0	0	0	0	0	0	0	0	0	0	
608.047200	8	6	3	0	2	7	1	3906	-1348	48	36529	9	5	4	0	0	0	0	0	0	0	0	0	0	0	0	0	0	
609.056633	8	6	3	0	2	7	1	3875	-1351	48	36590	9	5	6	0	0	0	0	0	0	0	0	0	0	0	0	0	0	
610.041600	8	6	3	0	2	7	1	3848	-1350	48	36649	9	5	7	0	0	0	0	0	0	0	0	0	0	0	0	0	0	
611.046717	8	6	3	0	2	7	1	3821	-1348	48	36709	9	5	9	0	0	0	0	0	0	0	0	0	0	0	0	0	0	
612.047517	8	6	3	0	2	7	1	3796	-1349	48	36769	9	5	11	0	0	0	0	0	0	0	0	0	0	0	0	0	0	
613.048317	8	6	3	0	2	7	1	3772	-1350	48	36829	9	5	12	0	0	0	0	0	0	0	0	0	0	0	0	0	0	
614.046233	8	6	3	0	2	7	1	3748	-1350	48	36889	9	5	14	0	0	0	0	0	0	0	0	0	0	0	0	0	0	
615.047033	8	6	3	0	2	7	1	3727	-1349	48	36949	9	5	16	0	0	0	0	0	0	0	0	0	0	0	0	0	0	
616.047833	8	6	3	0	2	7	1	3707	-1351	48	37009	9	5	17	0	0	0	0	0	0	0	0	0	0	0	0	0	0	
617.048633	8	6	3	0	2	7	1	3687	-1350	48	37069	9	5	19	0	0	0	0	0	0	0	0	0	0	0	0	0	0	
618.052317	8	6	3	0	2	7	1	3668	-1351	48	37129	9	5	21	0	0	0	0	0	0	0	0	0	0	0	0	0	0	
619.053117	8	6	3	0	2	7	1	3651	-1349	48	37189	9	5	22	0	0	0	0	0	0	0	0	0	0	0	0	0	0	
620.055367	8	6	3	0	2	7	1	3634	-1349	48	37249	9	5	24	0	0	0	0	0	0	0	0	0	0	0	0	0	0	
621.056167	8	6	3	0	2	7	1	3618	-1350	48	37310	9	5	26	0	0	0	0	0	0	0	0	0	0	0	0	0	0	
622.041117	8	6	3	0	2	7	1	3604	-1349	48	37369	9	5	27	0	0	0	0	0	0	0	0	0	0	0	0	0	0	
623.041917	8	6	3	0	2	7	1	3589	-1349	48	37429	9	5	29	0	0	0	0	0	0	0	0	0	0	0	0	0	0	
624.049917	8	6	3	0	2	7	1	3576	-1350	48	37489	9	5	30	0	0	0	0	0	0	0	0	0	0	0	0	0	0	
625.053600	8	6	3	0	2	7	1	3563	-1351	48	37549	9	5	32	0	0	0	0	0	0	0	0	0	0	0	0	0	0	
626.055833	8	6	3	0	2	7	1	3550	-1350	48	37610	9	5	34	0	0	0	0	0	0	0	0	0	0	0	0	0	0	
627.043683	8	6	3	0	2	7	1	3539	-1348	48	37669	9	5	35	0	0	0	0	0	0	0	0	0	0	0	0	0	0	
628.047367	8	6	3	0	2	7	1	3527	-1349	48	37729	9	5	37	0	0	0	0	0	0	0	0	0	0	0	0	0	0	
629.048167	8	6	3	0	2	7	1	3516	-1349	48	37789	9	5	39	0	0	0	0	0	0	0	0	0	0	0	0	0	0	
630.048967	8	6	3	0	2	7	1	3505	-1350	48	37849	9	5	40	0	0	0	0	0	0	0	0	0	0	0	0	0	0	
631.049767	8	6	3	0	2	7	1	3493	-1349	48	37909	9	5	42	0	0	0	0	0	0	0	0	0	0	0	0	0	0	
632.054883	8	6	3	0	2	7	1	3482	-1350	48	37969	9	5	44	0	0	0	0	0	0	0	0	0	0	0	0	0	0	
633.055683	8	6	3	0	2	7	1	3468	-1351	48	38029	9	5	45	0	0	0	0	0	0	0	0	0	0	0	0	0	0	
634.056483	8	6	3	0	2	7	1	3454	-1349	48	38090	9	5	47	0	0	0	0	0	0	0	0	0	0	0	0	0	0	
635.041433	8	6	3	0	2	7	1	3436	-1351	48	38149	9	5	49	0	0	0	0	0	0	0	0	0	0	0	0	0	0	
636.042233	8	6	3	0	2	7	1	3411	-1349	48	38209	9	5	50	0	0	0	0	0	0	0	0	0	0	0	0	0	0	
637.043033	8	6	3	0	2	7	1	3374	-1348	48	38269	9	5	52	0	0	0	0	0	0	0	0	0	0	0	0	0	0	
638.049600	8	6	3	0	2	7	1	3311	-1350	48	38329	9	5	54	0	0	0	0	0	0	0	0	0	0	0	0	0	0	
639.050400	8	6	3	0	2	7	1	3190	-1350	48	38389	9	5	55	0	0	0	0	0	0	0	0	0	0	0	0	0	0	
640.051200	8	6	3	0	2	7	1	2929	-1349	48	38449	9	5	57	0	0	0	0	0	0	0	0	0	0	0	0	0	0	
640.535033	8	15	3	0	1	31	2	2908	50	48	38478	10	5	58	0	0	0	0	0	0	0	0	0	0	0	0	0	0	
640.556633	8	3	3	0	1	2	2	3074	284	48	38479	11	5	58	0	0	0	0	0	0	0	0	0	0	0	0	0	0	
641.059200	8	3	3	0	1	2	2	3627	674	48	38510	11	5	58	0	0	0	0	0	0	0	0	0	0	0	0	0	0	
642.044167	8	3	3	0	1	2	2	3752	674	48	38569	11	5	58	0	0	0	0	0	0	0	0	0	0	0	0	0	0	
643.044967	8	3	3	0	1	2	2	3795	674	48	38629	11	5	58	0	0	0	0	0	0	0	0	0	0	0	0	0	0	
644.048633	8	3	3	0	1	2	2	3817	674	48	38689	11	5	58	0	0	0	0	0	0	0	0	0	0	0	0	0	0	
645.049433	8	3	3	0	1	2	2	3833	674	48	38749	11	5	58	0	0	0	0	0	0	0	0	0	0	0	0	0	0	
646.050233	8	3	3	0	1	2	2	3845	675	48	38809	11	5	58	0	0	0	0	0	0	0	0	0	0	0	0	0	0	
647.051033	8	3	3	0	1	2	2	3856	675	48	38869	11	5	58	0	0	0	0	0	0	0	0	0	0	0	0	0	0	
648.054717	8	3	3	0	1	2	2	3867	675	48	38929	11	5	58	0	0	0	0	0	0	0	0	0	0	0	0	0	0	
649.056967	8	3	3	0	1	2	2	3876	674	48	38989	11	5	58	0	0	0	0	0	0	0	0	0	0	0	0	0	0	
650.059200	8	3	3	0	1	2	2	3884	674	48	39050	11	5	58	0	0	0	0	0	0	0	0	0	0	0	0	0	0	
651.044167	8	3	3	0	1	2	2	3892	675	48	39109	11	5	58	0	0	0	0	0	0	0	0	0	0	0	0	0	0	
652.044967	8	3	3	0	1	2	2	3899	673	48	39169	11	5	58	0	0	0	0	0	0	0	0	0	0	0	0	0	0	
653.052967	8	3	3	0	1	2	2	3906	673	48	39229	11	5	58	0	0	0	0	0	0	0	0	0	0	0	0	0	0	
654.056633	8	3	3	0	1	2	2	3912	675	48	39289	11	5	58	0	0	0	0	0	0	0	0	0	0	0	0	0	0	
655.057433	8	3	3	0	1	2	2	3918	675	48	39350	11	5	58	0	0	0	0	0	0	0	0	0	0	0	0	0	0	
656.043833	8	3	3	0	1	2	2	3924	676	48	39409	11	5	58	0	0	0	0	0	0	0	0	0	0	0	0	0	0	
657.044633	8	3	3	0	1	2	2	3929	675	48	39469	11	5	58	0	0	0	0	0	0	0	0	0	0	0	0	0	0	
658.045433	8	3	3	0	1	2	2	3935	675	48	39529	11	5	58	0	0	0	0	0	0	0	0	0	0	0	0	0	0	
659.046233	8	3	3	0	1	2	2	3940	675	48	39589	11	5	58	0	0	0	0	0	0	0	0	0	0	0	0	0	0	
660.049917	8	3	3	0	1	2	2	3945	675	48	39649	11	5	58	0	0	0	0	0	0	0	0	0	0	0	0	0	0	
661.050717	8	3	3	0	1	2	2	3951	674	48	39709	11	5	58	0	0	0	0	0	0	0	0	0	0	0	0	0	0	
662.054400	8	3	3	0	1	2	2	3956	675	48	39769	11	5	58	0	0	0	0	0	0	0	0	0	0	0	0	0	0	
663.059517	8	3	3	0	1	2	2	3962	675	48	39830	11	5	58	0	0	0	0	0	0	0	0	0	0	0	0	0	0	
664.044483	8	3	3	0	1	2	2	3967	675	48	39889	11	5	58	0	0	0	0	0	0	0	0	0	0	0	0	0	0	
665.045283	8	3	3	0	1	2	2	3973	675	48	39949	11	5	58	0	0	0	0	0	0	0	0	0	0	0	0	0	0	
666.047517	8	3	3	0	1	2	2	3978	675	48	40009	11	5	58	0	0	0	0	0	0	0	0	0	0	0	0	0	0	
667.054083	8	3	3	0	1	2	2	3984	674	48	40069	11	5	58	0	0	0	0	0	0	0	0	0	0	0	0	0	0	
668.057767	8	3	3	0	1	2	2	3989	674	48	40129	11	5	58	0	0	0	0	0	0	0	0	0	0	0	0	0	0	
669.058567	8	3	3	0	1	2	2	3995	675	48	40190	11	5	58	0	0	0	0	0	0	0	0	0	0	0	0	0	0	
670.043517	8	3	3	0	1	2	2	4001	675	48	40249	11	5	58	0	0	0	0	0	0	0	0	0	0	0	0	0	0	
671.044317	8	3	3	0	1	2	2	4007	675	48	40309	11	5	58	0	0	0	0	0	0	0	0	0	0	0	0	0	0	
672.045117	8	3	3	0	1	2	2	4013	674	48	40369	11	5	58	0	0	0	0	0	0	0	0	0	0	0	0	0	0	
673.045917	8	3	3	0	1	2	2	4019	675	48	40429	11	5	58	0	0	0	0	0	0	0	0	0	0	0	0	0	0	
674.052483	8	3	3	0	1	2	2	4025	675	48	40489	11	5	58	0	0	0	0	0	0	0	0	0	0	0	0	0	0	
675.060483	8	3	3	0	1	2	2	4031	674	48	40550	11	5	58	0	0	0	0	0	0	0	0	0	0	0	0	0	0	
676.045433	8	3	3	0	1	2	2	4038	673	48	40609	11	5	58	0	0	0	0	0	0	0	0	0	0	0	0	0	0	
677.046233	8	3	3	0	1	2	2	4044	675	48	40669	11	5	58	0	0	0	0	0	0	0	0	0	0	0	0	0	0	
678.047033	8	3	3	0	1	2	2	4051	674	48	40729	11	5	58	0	0	0	0	0	0	0	0	0	0	0	0	0	0	
679.050717	8	3	3	0	1	2	2	4057	674	48	40789	11	5	58	0	0	0	0	0	0	0	0	0	0	0	0	0	0	
680.052967	8	3	3	0	1	2	2	4064	675	48	40849	11	5	58	0	0	0	0	0	0	0	0	0	0	0	0	0	0	
681.055200	8	3	3	0	1	2	2	4071	674	48	40909	11	5	58	0	0	0	0	0	0	0	0	0	0	0	0	0	0	
682.058883	8	3	3	0	1	2	2	4078	674	48	40969	11	5	58	0	0	0	0	0	0	0	0	0	0	0	0	0	0	
683.059683	8	3	3	0	1	2	2	4086	675	48	41030	11	5	58	0	0	0	0	0	0	0	0	0	0	0	0	0	0	
684.046083	8	3	3	0	1	2	2	4093	674	48	41089	11	5	58	0	0	0	0	0	0	0	0	0	0	0	0	0	0	
685.046883	8	3	3	0	1	2	2	4100	674	48	41149	11	5	58	0	0	0	0	0	0	0	0	0	0	0	0	0	0	
686.049117	8	3	3	0	1	2	2	4108	675	48	41209	11	5	58	0	0	0	0	0	0	0	0	0	0	0	0	0	0	
687.052800	8	3	3	0	1	2	2	4115	674	48	41269	11	5	58	0	0	0	0	0	0	0	0	0	0	0	0	0	0	
688.053600	8	3	3	0	1	2	2	4122	666	48	41329	11	5	58	0	0	0	0	0	0	0	0	0	0	0	0	0	0	
689.054400	8	3	3	0	1	2	2	4129	663	48	41389	11	5	58	0	0	0	0	0	0	0	0	0	0	0	0	0	0	
690.059517	8	3	3	0	1	2	2	4137	663	48	41449	11	5	58	0	0	0	0	0	0	0	0	0	0	0	0	0	0	
691.058883	8	3	3	0	1	2	2	4144	660	48	41509	11	5	58	0	0	0	0	0	0	0	0	0	0	0	0	0	0	
692.059683	8	3	3	0	1	2	2	4152	659	48	41569	11	5	58	0	0	0	0	0	0	0	0	0	0	0	0	0	0	
693.061917	8	3	3	0	1	2	2	4160	659	48	41630	11	5	58	0	0	0	0	0	0	0	0	0	0	0	0	0	0	
694.046883	8	3	3	0	1	2	2	4167	657	48	41689	11	5	58	0	0	0	0	0	0	0	0	0	0	0	0	0	0	
695.049117	8	3	3	0	1	2	2	4175	655	48	41749	11	5	58	0	0	0	0	0	0	0	0	0	0	0	0	0	0	
696.057117	8	3	3	0	1	2	2	4183	654	48	41809	11	5	58	0	0	0	0	0	0	0	0	0	0	0	0	0	0	
697.060800	8	3	3	0	1	2	2	4191	656	48	41870	11	5	58	0	0	0	0	0	0	0	0	0	0	0	0	0	0	
698.050083	8	3	3	0	1	2	2	4199	643	48	41929	11	5	58	0	0	0	0	0	0	0	0	0	0	0	0	0	0	
699.058083	8	3	3	0	1	2	2	4198	589	48	41989	11	5	58	0	0	0	0	0	0	0	0	0	0	0	0	0	0	
700.061767	8	3	3	0	1	2	2	4198	546	48	42050	11	5	58	0	0	0	0	0	0	0	0	0	0	0	0	0	0	
701.048167	8	3	3	0	1	2	2	4198	509	48	42109	11	5	58	0	0	0	0	0	0	0	0	0	0	0	0	0	0	
702.047517	8	3	3	0	1	2	2	4199	473	48	42169	11	5	58	0	0	0	0	0	0	0	0	0	0	0	0	0	0	
703.048317	8	3	3	0	1	2	2	4198	441	48	42229	11	5	58	0	0	0	0	0	0	0	0	0	0	0	0	0	0	
704.053433	8	3	3	0	1	2	2	4198	412	48	42289	11	5	58	0	0	0	0	0	0	0	0	0	0	0	0	0	0	
705.054233	8	3	3	0	1	2	2	4199	386	48	42349	11	5	58	0	0	0	0	0	0	0	0	0	0	0	0	0	0	
706.055033	8	3	3	0	1	2	2	4198	361	48	42409	11	5	58	0	0	0	0	0	0	0	0	0	0	0	0	0	0	
707.055833	8	3	3	0	1	2	2	4198	337	48	42469	11	5	58	0	0	0	0	0	0	0	0	0	0	0	0	0	0	
708.060967	8	3	3	0	1	2	2	4198	317	48	42529	11	5	58	0	0	0	0	0	0	0	0	0	0	0	0	0	0	
709.061767	8	3	3	0	1	2	2	4198	296	48	42589	11	5	58	0	0	0	0	0	0	0	0	0	0	0	0	0	0	
710.049600	8	3	3	0	1	2	2	4199	286	48	42649	11	5	58	0	0	0	0	0	0	0	0	0	0	0	0	0	0	
711.056167	8	3	3	0	1	2	2	4198	261	48	42709	11	5	58	0	0	0	0	0	0	0	0	0	0	0	0	0	0	
712.059833	8	3	3	0	1	2	2	4199	246	48	42769	11	5	58	0	0	0	0	0	0	0	0	0	0	0	0	0	0	
713.060633	8	3	3	0	1	2	2	4199	231	48	42829	11	5	58	0	0	0	0	0	0	0	0	0	0	0	0	0	0	
714.061433	8	3	3	0	1	2	2	4198	218	48	42889	11	5	58	0	0	0	0	0	0	0	0	0	0	0	0	0	0	
715.062233	8	3	3	0	1	2	2	4198	203	48	42949	11	5	58	0	0	0	0	0	0	0	0	0	0	0	0	0	0	
716.063033	8	3	3	0	1	2	2	4199	192	48	43010	11	5	58	0	0	0	0	0	0	0	0	0	0	0	0	0	0	
717.048000	8	3	3	0	1	2	2	4198	181	48	43069	11	5	58	0	0	0	0	0	0	0	0	0	0	0	0	0	0	
718.048800	8	3	3	0	1	2	2	4199	170	48	43129	11	5	58	0	0	0	0	0	0	0	0	0	0	0	0	0	0	
719.049600	8	3	3	0	1	2	2	4198	160	48	43189	11	5	58	0	0	0	0	0	0	0	0	0	0	0	0	0	0	
720.050400	8	3	3	0	1	2	2	4198	152	48	43249	11	5	58	0	0	0	0	0	0	0	0	0	0	0	0	0	0	
721.054083	8	3	3	0	1	2	2	4199	143	48	43309	11	5	58	0	0	0	0	0	0	0	0	0	0	0	0	0	0	
722.057767	8	3	3	0	1	2	2	4199	138	48	43369	11	5	58	0	0	0	0	0	0	0	0	0	0	0	0	0	0	
723.062883	8	3	3	0	1	2	2	4199	126	48	43429	11	5	58	0	0	0	0	0	0	0	0	0	0	0	0	0	0	
724.065117	8	3	3	0	1	2	2	4199	126	48	43490	11	5	58	0	0	0	0	0	0	0	0	0	0	0	0	0	0	
725.048633	8	3	3	0	1	2	2	4198	110	48	43549	11	5	58	0	0	0	0	0	0	0	0	0	0	0	0	0	0	
726.049433	8	3	3	0	1	2	2	4198	107	48	43609	11	5	58	0	0	0	0	0	0	0	0	0	0	0	0	0	0	
727.050233	8	3	3	0	1	2	2	4198	103	48	43669	11	5	58	0	0	0	0	0	0	0	0	0	0	0	0	0	0	
728.051033	8	3	3	0	1	2	2	4198	97	48	43729	11	5	58	0	0	0	0	0	0	0	0	0	0	0	0	0	0	
729.056167	8	3	3	0	1	2	2	4198	93	48	43789	11	5	58	0	0	0	0	0	0	0	0	0	0	0	0	0	0	
730.055517	8	3	3	0	1	2	2	4198	86	48	43849	11	5	58	0	0	0	0	0	0	0	0	0	0	0	0	0	0	
731.056317	8	3	3	0	1	2	2	4198	81	48	43909	11	5	58	0	0	0	0	0	0	0	0	0	0	0	0	0	0	
732.057117	8	3	3	0	1	2	2	4198	78	48	43969	11	5	58	0	0	0	0	0	0	0	0	0	0	0	0	0	0	
733.057917	8	3	3	0	1	2	2	4199	75	48	44029	11	5	58	0	0	0	0	0	0	0	0	0	0	0	0	0	0	
734.063033	8	3	3	0	1	2	2	4199	74	48	44089	11	5	58	0	0	0	0	0	0	0	0	0	0	0	0	0	0	
735.014883	8	6	3	0	2	7	1	4073	-1241	48	44147	11	6	0	0	0	0	0	0	0	0	0	0	0	0	0	0	0	
735.053767	8	6	3	0	2	7	1	4052	-1349	48	44149	11	6	0	0	0	0	0	0	0	0	0	0	0	0	0	0	0	
736.058883	8	6	3	0	2	7	1	3983	-1349	48	44209	11	6	1	0	0	0	0	0	0	0	0	0	0	0	0	0	0	
737.062567	8	6	3	0	2	7	1	3933	-1349	48	44269	11	6	3	0	0	0	0	0	0	0	0	0	0	0	0	0	0	
738.063367	8	6	3	0	2	7	1	3897	-1349	48	44329	11	6	4	0	0	0	0	0	0	0	0	0	0	0	0	0	0	
739.049767	8	6	3	0	2	7	1	3866	-1351	48	44389	11	6	6	0	0	0	0	0	0	0	0	0	0	0	0	0	0	
740.057767	8	6	3	0	2	7	1	3839	-1349	48	44449	11	6	8	0	0	0	0	0	0	0	0	0	0	0	0	0	0	
741.058567	8	6	3	0	2	7	1	3813	-1349	48	44509	11	6	9	0	0	0	0	0	0	0	0	0	0	0	0	0	0	
742.062233	8	6	3	0	2	7	1	3788	-1350	48	44569	11	6	11	0	0	0	0	0	0	0	0	0	0	0	0	0	0	
743.063033	8	6	3	0	2	7	1	3764	-1349	48	44629	11	6	13	0	0	0	0	0	0	0	0	0	0	0	0	0	0	
744.063833	8	6	3	0	2	7	1	3742	-1350	48	44689	11	6	14	0	0	0	0	0	0	0	0	0	0	0	0	0	0	
745.064633	8	6	3	0	2	7	1	3721	-1348	48	44750	11	6	16	0	0	0	0	0	0	0	0	0	0	0	0	0	0	
746.055367	8	6	3	0	2	7	1	3701	-1349	48	44809	11	6	18	0	0	0	0	0	0	0	0	0	0	0	0	0	0	
747.059033	8	6	3	0	2	7	1	3681	-1350	48	44869	11	6	19	0	0	0	0	0	0	0	0	0	0	0	0	0	0	
748.064167	8	6	3	0	2	7	1	3663	-1350	48	44929	11	6	21	0	0	0	0	0	0	0	0	0	0	0	0	0	0	
749.064967	8	6	3	0	2	7	1	3646	-1350	48	44989	11	6	23	0	0	0	0	0	0	0	0	0	0	0	0	0	0	
750.065767	8	6	3	0	2	7	1	3630	-1348	48	45050	11	6	24	0	0	0	0	0	0	0	0	0	0	0	0	0	0	
751.050717	8	6	3	0	2	7	1	3615	-1350	48	45109	11	6	26	0	0	0	0	0	0	0	0	0	0	0	0	0	0	
752.051517	8	6	3	0	2	7	1	3601	-1349	48	45169	11	6	28	0	0	0	0	0	0	0	0	0	0	0	0	0	0	
753.053767	8	6	3	0	2	7	1	3586	-1349	48	45229	11	6	29	0	0	0	0	0	0	0	0	0	0	0	0	0	0	
754.060317	8	6	3	0	2	7	1	3573	-1350	48	45289	11	6	31	0	0	0	0	0	0	0	0	0	0	0	0	0	0	
755.064000	8	6	3	0	2	7	1	3560	-1350	48	45349	11	6	33	0	0	0	0	0	0	0	0	0	0	0	0	0	0	
756.064800	8	6	3	0	2	7	1	3548	-1350	48	45409	11	6	34	0	0	0	0	0	0	0	0	0	0	0	0	0	0	
757.065600	8	6	3	0	2	7	1	3537	-1349	48	45470	11	6	36	0	0	0	0	0	0	0	0	0	0	0	0	0	0	
758.056317	8	6	3	0	2	7	1	3526	-1350	48	45529	11	6	38	0	0	0	0	0	0	0	0	0	0	0	0	0	0	
759.060000	8	6	3	0	2	7	1	3515	-1348	48	45589	11	6	39	0	0	0	0	0	0	0	0	0	0	0	0	0	0	
760.065117	8	6	3	0	2	7	1	3503	-1351	48	45649	11	6	41	0	0	0	0	0	0	0	0	0	0	0	0	0	0	
761.065917	8	6	3	0	2	7	1	3492	-1349	48	45709	11	6	43	0	0	0	0	0	0	0	0	0	0	0	0	0	0	
762.066717	8	6	3	0	2	7	1	3480	-1349	48	45770	11	6	44	0	0	0	0	0	0	0	0	0	0	0	0	0	0	
763.051683	8	6	3	0	2	7	1	3467	-1350	48	45829	11	6	46	0	0	0	0	0	0	0	0	0	0	0	0	0	0	
764.052483	8	6	3	0	2	7	1	3452	-1350	48	45889	11	6	47	0	0	0	0	0	0	0	0	0	0	0	0	0	0	
765.053283	8	6	3	0	2	7	1	3432	-1350	48	45949	11	6	49	0	0	0	0	0	0	0	0	0	0	0	0	0	0	
766.054083	8	6	3	0	2	7	1	3406	-1350	48	46009	11	6	51	0	0	0	0	0	0	0	0	0	0	0	0	0	0	
767.059200	8	6	3	0	2	7	1	3365	-1350	48	46069	11	6	52	0	0	0	0	0	0	0	0	0	0	0	0	0	0	
768.061433	8	6	3	0	2	7	1	3292	-1349	48	46129	11	6	54	0	0	0	0	0	0	0	0	0	0	0	0	0	0	
769.068000	8	6	3	0	2	7	1	3150	-1349	48	46190	11	6	56	0	0	0	0	0	0	0	0	0	0	0	0	0	0	
770.055833	8	6	3	0	2	7	1	2826	-1350	48	46249	11	6	57	0	0	0	0	0	0	0	0	0	0	0	0	0	0	
770.329433	8	15	3	0	1	31	2	2758	13	48	46265	12	6	58	0	0	0	0	0	0	0	0	0	0	0	0	0	0	
770.349600	8	4	3	0	1	3	2	3015	3	48	46267	13	6	58	0	0	0	0	0	0	0	0	0	0	0	0	0	0	
770.371200	8	3	3	0	1	2	2	3214	678	48	46268	13	6	58	0	0	0	0	0	0	0	0	0	0	0	0	0	0	
771.065283	8	3	3	0	1	2	2	3672	675	48	46309	13	6	58	0	0	0	0	0	0	0	0	0	0	0	0	0	0	
772.066083	8	3	3	0	1	2	2	3765	675	48	46369	13	6	58	0	0	0	0	0	0	0	0	0	0	0	0	0	0	
773.066883	8	3	3	0	1	2	2	3800	674	48	46429	13	6	58	0	0	0	0	0	0	0	0	0	0	0	0	0	0	
774.067683	8	3	3	0	1	2	2	3820	674	48	46490	13	6	58	0	0	0	0	0	0	0	0	0	0	0	0	0	0	
775.054083	8	3	3	0	1	2	2	3835	674	48	46549	13	6	58	0	0	0	0	0	0	0	0	0	0	0	0	0	0	
776.053433	8	3	3	0	1	2	2	3847	675	48	46609	13	6	58	0	0	0	0	0	0	0	0	0	0	0	0	0	0	
777.054233	8	3	3	0	1	2	2	3858	675	48	46669	13	6	58	0	0	0	0	0	0	0	0	0	0	0	0	0	0	
778.055033	8	3	3	0	1	2	2	3868	674	48	46729	13	6	58	0	0	0	0	0	0	0	0	0	0	0	0	0	0	
779.060167	8	3	3	0	1	2	2	3877	673	48	46789	13	6	58	0	0	0	0	0	0	0	0	0	0	0	0	0	0	
780.060967	8	3	3	0	1	2	2	3885	675	48	46849	13	6	58	0	0	0	0	0	0	0	0	0	0	0	0	0	0	
781.061767	8	3	3	0	1	2	2	3893	674	48	46909	13	6	58	0	0	0	0	0	0	0	0	0	0	0	0	0	0	
782.053917	8	3	3	0	1	2	2	3899	674	48	46969	13	6	58	0	0	0	0	0	0	0	0	0	0	0	0	0	0	
783.053283	8	3	3	0	1	2	2	3906	675	48	47029	13	6	58	0	0	0	0	0	0	0	0	0	0	0	0	0	0	
784.054083	8	3	3	0	1	2	2	3912	674	48	47089	13	6	58	0	0	0	0	0	0	0	0	0	0	0	0	0	0	
785.054883	8	3	3	0	1	2	2	3918	675	48	47149	13	6	58	0	0	0	0	0	0	0	0	0	0	0	0	0	0	
786.060000	8	3	3	0	1	2	2	3924	674	48	47209	13	6	58	0	0	0	0	0	0	0	0	0	0	0	0	0	0	
787.060800	8	3	3	0	1	2	2	3930	675	48	47269	13	6	58	0	0	0	0	0	0	0	0	0	0	0	0	0	0	
788.061600	8	3	3	0	1	2	2	3935	673	48	47329	13	6	58	0	0	0	0	0	0	0	0	0	0	0	0	0	0	
789.062400	8	3	3	0	1	2	2	3940	675	48	47389	13	6	58	0	0	0	0	0	0	0	0	0	0	0	0	0	0	
790.066083	8	3	3	0	1	2	2	3946	675	48	47449	13	6	58	0	0	0	0	0	0	0	0	0	0	0	0	0	0	
791.066883	8	3	3	0	1	2	2	3951	674	48	47509	13	6	58	0	0	0	0	0	0	0	0	0	0	0	0	0	0	
792.067683	8	3	3	0	1	2	2	3957	675	48	47569	13	6	58	0	0	0	0	0	0	0	0	0	0	0	0	0	0	
793.069917	8	3	3	0	1	2	2	3962	675	48	47630	13	6	58	0	0	0	0	0	0	0	0	0	0	0	0	0	0	
794.056317	8	3	3	0	1	2	2	3967	674	48	47689	13	6	58	0	0	0	0	0	0	0	0	0	0	0	0	0	0	
795.061433	8	3	3	0	1	2	2	3973	674	48	47749	13	6	58	0	0	0	0	0	0	0	0	0	0	0	0	0	0	
796.060800	8	3	3	0	1	2	2	3978	674	48	47809	13	6	58	0	0	0	0	0	0	0	0	0	0	0	0	0	0	
797.061600	8	3	3	0	1	2	2	3983	674	48	47869	13	6	58	0	0	0	0	0	0	0	0	0	0	0	0	0	0	
798.069600	8	3	3	0	1	2	2	3989	674	48	47930	13	6	58	0	0	0	0	0	0	0	0	0	0	0	0	0	0	
799.054567	8	3	3	0	1	2	2	3995	674	48	47989	13	6	58	0	0	0	0	0	0	0	0	0	0	0	0	0	0	
800.055367	8	3	3	0	1	2	2	4001	675	48	48049	13	6	58	0	0	0	0	0	0	0	0	0	0	0	0	0	0	
801.056167	8	3	3	0	1	2	2	4007	674	48	48109	13	6	58	0	0	0	0	0	0	0	0	0	0	0	0	0	0	
802.061283	8	3	3	0	1	2	2	4013	674	48	48169	13	6	58	0	0	0	0	0	0	0	0	0	0	0	0	0	0	
803.062083	8	3	3	0	1	2	2	4019	674	48	48229	13	6	58	0	0	0	0	0	0	0	0	0	0	0	0	0	0	
804.061433	8	3	3	0	1	2	2	4025	674	48	48289	13	6	58	0	0	0	0	0	0	0	0	0	0	0	0	0	0	
805.063683	8	3	3	0	1	2	2	4031	674	48	48349	13	6	58	0	0	0	0	0	0	0	0	0	0	0	0	0	0	
806.068800	8	3	3	0	1	2	2	4038	675	48	48409	13	6	58	0	0	0	0	0	0	0	0	0	0	0	0	0	0	
807.069600	8	3	3	0	1	2	2	4045	674	48	48469	13	6	58	0	0	0	0	0	0	0	0	0	0	0	0	0	0	
808.070400	8	3	3	0	1	2	2	4051	674	48	48530	13	6	58	0	0	0	0	0	0	0	0	0	0	0	0	0	0	
809.055367	8	3	3	0	1	2	2	4058	675	48	48589	13	6	58	0	0	0	0	0	0	0	0	0	0	0	0	0	0	
810.056167	8	3	3	0	1	2	2	4064	674	48	48649	13	6	58	0	0	0	0	0	0	0	0	0	0	0	0	0	0	
811.058400	8	3	3	0	1	2	2	4071	675	48	48709	13	6	58	0	0	0	0	0	0	0	0	0	0	0	0	0	0	
812.062083	8	3	3	0	1	2	2	4079	674	48	48769	13	6	58	0	0	0	0	0	0	0	0	0	0	0	0	0	0	
813.062883	8	3	3	0	1	2	2	4086	674	48	48829	13	6	58	0	0	0	0	0	0	0	0	0	0	0	0	0	0	
814.063683	8	3	3	0	1	2	2	4093	675	48	48889	13	6	58	0	0	0	0	0	0	0	0	0	0	0	0	0	0	
815.064483	8	3	3	0	1	2	2	4100	675	48	48949	13	6	58	0	0	0	0	0	0	0	0	0	0	0	0	0	0	
816.069600	8	3	3	0	1	2	2	4108	675	48	49009	13	6	58	0	0	0	0	0	0	0	0	0	0	0	0	0	0	
817.071833	8	3	3	0	1	2	2	4115	674	48	49070	13	6	58	0	0	0	0	0	0	0	0	0	0	0	0	0	0	
818.059683	8	3	3	0	1	2	2	4121	665	48	49129	13	6	58	0	0	0	0	0	0	0	0	0	0	0	0	0	0	
819.063367	8	3	3	0	1	2	2	4129	664	48	49189	13	6	58	0	0	0	0	0	0	0	0	0	0	0	0	0	0	
820.064167	8	3	3	0	1	2	2	4136	662	48	49249	13	6	58	0	0	0	0	0	0	0	0	0	0	0	0	0	0	
821.064967	8	3	3	0	1	2	2	4144	660	48	49309	13	6	58	0	0	0	0	0	0	0	0	0	0	0	0	0	0	
822.068633	8	3	3	0	1	2	2	4151	658	48	49369	13	6	58	0	0	0	0	0	0	0	0	0	0	0	0	0	0	
823.069433	8	3	3	0	1	2	2	4159	656	48	49429	13	6	58	0	0	0	0	0	0	0	0	0	0	0	0	0	0	
824.070233	8	3	3	0	1	2	2	4167	656	48	49489	13	6	58	0	0	0	0	0	0	0	0	0	0	0	0	0	0	
825.071033	8	3	3	0	1	2	2	4175	653	48	49549	13	6	58	0	0	0	0	0	0	0	0	0	0	0	0	0	0	
826.058883	8	3	3	0	1	2	2	4182	651	48	49609	13	6	58	0	0	0	0	0	0	0	0	0	0	0	0	0	0	
827.065433	8	3	3	0	1	2	2	4191	652	48	49669	13	6	58	0	0	0	0	0	0	0	0	0	0	0	0	0	0	
828.070567	8	3	3	0	1	2	2	4199	647	48	49729	13	6	58	0	0	0	0	0	0	0	0	0	0	0	0	0	0	
829.072800	8	3	3	0	1	2	2	4199	594	48	49790	13	6	58	0	0	0	0	0	0	0	0	0	0	0	0	0	0	
830.059200	8	3	3	0	1	2	2	4198	548	48	49849	13	6	58	0	0	0	0	0	0	0	0	0	0	0	0	0	0	
831.064317	8	3	3	0	1	2	2	4198	509	48	49909	13	6	58	0	0	0	0	0	0	0	0	0	0	0	0	0	0	
832.063683	8	3	3	0	1	2	2	4198	474	48	49969	13	6	58	0	0	0	0	0	0	0	0	0	0	0	0	0	0	
833.067367	8	3	3	0	1	2	2	4199	443	48	50029	13	6	58	0	0	0	0	0	0	0	0	0	0	0	0	0	0	
834.071033	8	3	3	0	1	2	2	4199	413	48	50089	13	6	58	0	0	0	0	0	0	0	0	0	0	0	0	0	0	
835.071833	8	3	3	0	1	2	2	4198	386	48	50149	13	6	58	0	0	0	0	0	0	0	0	0	0	0	0	0	0	
836.072633	8	3	3	0	1	2	2	4198	361	48	50209	13	6	58	0	0	0	0	0	0	0	0	0	0	0	0	0	0	
837.072000	8	3	3	0	1	2	2	4198	339	48	50270	13	6	58	0	0	0	0	0	0	0	0	0	0	0	0	0	0	
838.058400	8	3	3	0	1	2	2	4198	317	48	50329	13	6	58	0	0	0	0	0	0	0	0	0	0	0	0	0	0	
839.059200	8	3	3	0	1	2	2	4198	298	48	50389	13	6	58	0	0	0	0	0	0	0	0	0	0	0	0	0	0	
840.058567	8	3	3	0	1	2	2	4199	283	48	50449	13	6	58	0	0	0	0	0	0	0	0	0	0	0	0	0	0	
841.057917	8	3	3	0	1	2	2	4199	264	48	50509	13	6	58	0	0	0	0	0	0	0	0	0	0	0	0	0	0	
842.064483	8	3	3	0	1	2	2	4198	246	48	50569	13	6	58	0	0	0	0	0	0	0	0	0	0	0	0	0	0	
843.065283	8	3	3	0	1	2	2	4199	232	48	50629	13	6	58	0	0	0	0	0	0	0	0	0	0	0	0	0	0	
844.066083	8	3	3	0	1	2	2	4199	218	48	50689	13	6	58	0	0	0	0	0	0	0	0	0	0	0	0	0	0	
845.066883	8	3	3	0	1	2	2	4199	205	48	50749	13	6	58	0	0	0	0	0	0	0	0	0	0	0	0	0	0	
846.067683	8	3	3	0	1	2	2	4199	194	48	50809	13	6	58	0	0	0	0	0	0	0	0	0	0	0	0	0	0	
847.071367	8	3	3	0	1	2	2	4199	180	48	50869	13	6	58	0	0	0	0	0	0	0	0	0	0	0	0	0	0	
848.072167	8	3	3	0	1	2	2	4198	171	48	50929	13	6	58	0	0	0	0	0	0	0	0	0	0	0	0	0	0	
849.072967	8	3	3	0	1	2	2	4199	160	48	50989	13	6	58	0	0	0	0	0	0	0	0	0	0	0	0	0	0	
850.073767	8	3	3	0	1	2	2	4199	152	48	51050	13	6	58	0	0	0	0	0	0	0	0	0	0	0	0	0	0	
851.058717	8	3	3	0	1	2	2	4199	144	48	51109	13	6	58	0	0	0	0	0	0	0	0	0	0	0	0	0	0	
852.059517	8	3	3	0	1	2	2	4199	135	48	51169	13	6	58	0	0	0	0	0	0	0	0	0	0	0	0	0	0	
853.061767	8	3	3	0	1	2	2	4199	130	48	51229	13	6	58	0	0	0	0	0	0	0	0	0	0	0	0	0	0	
854.065433	8	3	3	0	1	2	2	4198	119	48	51289	13	6	58	0	0	0	0	0	0	0	0	0	0	0	0	0	0	
855.067683	8	3	3	0	1	2	2	4199	119	48	51349	13	6	58	0	0	0	0	0	0	0	0	0	0	0	0	0	0	
856.072800	8	3	3	0	1	2	2	4198	107	48	51409	13	6	58	0	0	0	0	0	0	0	0	0	0	0	0	0	0	
857.073600	8	3	3	0	1	2	2	4199	102	48	51469	13	6	58	0	0	0	0	0	0	0	0	0	0	0	0	0	0	
858.074400	8	3	3	0	1	2	2	4199	99	48	51530	13	6	58	0	0	0	0	0	0	0	0	0	0	0	0	0	0	
859.059367	8	3	3	0	1	2	2	4199	93	48	51589	13	6	58	0	0	0	0	0	0	0	0	0	0	0	0	0	0	
860.060167	8	3	3	0	1	2	2	4198	89	48	51649	13	6	58	0	0	0	0	0	0	0	0	0	0	0	0	0	0	
861.060967	8	3	3	0	1	2	2	4198	83	48	51709	13	6	58	0	0	0	0	0	0	0	0	0	0	0	0	0	0	
862.060317	8	3	3	0	1	2	2	4198	78	48	51769	13	6	58	0	0	0	0	0	0	0	0	0	0	0	0	0	0	
863.061117	8	3	3	0	1	2	2	4198	75	48	51829	13	6	58	0	0	0	0	0	0	0	0	0	0	0	0	0	0	
864.066233	8	3	3	0	1	2	2	4198	70	48	51889	13	6	58	0	0	0	0	0	0	0	0	0	0	0	0	0	0	
865.068483	8	3	3	0	1	2	2	4199	70	48	51949	13	6	58	0	0	0	0	0	0	0	0	0	0	0	0	0	0	
865.192317	8	6	3	0	2	7	1	4061	-1349	48	51957	13	7	0	0	0	0	0	0	0	0	0	0	0	0	0	0	0	
866.073600	8	6	3	0	2	7	1	3991	-1350	48	52009	13	7	1	0	0	0	0	0	0	0	0	0	0	0	0	0	0	
867.074400	8	6	3	0	2	7	1	3940	-1349	48	52070	13	7	3	0	0	0	0	0	0	0	0	0	0	0	0	0	0	
868.060800	8	6	3	0	2	7	1	3902	-1349	48	52129	13	7	4	0	0	0	0	0	0	0	0	0	0	0	0	0	0	
869.060167	8	6	3	0	2	7	1	3871	-1350	48	52189	13	7	6	0	0	0	0	0	0	0	0	0	0	0	0	0	0	
870.060967	8	6	3	0	2	7	1	3843	-1349	48	52249	13	7	8	0	0	0	0	0	0	0	0	0	0	0	0	0	0	
871.061767	8	6	3	0	2	7	1	3817	-1349	48	52309	13	7	9	0	0	0	0	0	0	0	0	0	0	0	0	0	0	
872.062567	8	6	3	0	2	7	1	3792	-1350	48	52369	13	7	11	0	0	0	0	0	0	0	0	0	0	0	0	0	0	
873.066233	8	6	3	0	2	7	1	3768	-1350	48	52429	13	7	12	0	0	0	0	0	0	0	0	0	0	0	0	0	0	
874.067033	8	6	3	0	2	7	1	3746	-1350	48	52489	13	7	14	0	0	0	0	0	0	0	0	0	0	0	0	0	0	
875.067833	8	6	3	0	2	7	1	3724	-1351	48	52549	13	7	16	0	0	0	0	0	0	0	0	0	0	0	0	0	0	
876.068633	8	6	3	0	2	7	1	3704	-1350	48	52609	13	7	17	0	0	0	0	0	0	0	0	0	0	0	0	0	0	
877.069433	8	6	3	0	2	7	1	3684	-1350	48	52669	13	7	19	0	0	0	0	0	0	0	0	0	0	0	0	0	0	
878.073117	8	6	3	0	2	7	1	3666	-1349	48	52729	13	7	21	0	0	0	0	0	0	0	0	0	0	0	0	0	0	
879.075367	8	6	3	0	2	7	1	3649	-1350	48	52789	13	7	22	0	0	0	0	0	0	0	0	0	0	0	0	0	0	
880.076167	8	6	3	0	2	7	1	3632	-1350	48	52850	13	7	24	0	0	0	0	0	0	0	0	0	0	0	0	0	0	
881.061117	8	6	3	0	2	7	1	3617	-1349	48	52909	13	7	26	0	0	0	0	0	0	0	0	0	0	0	0	0	0	
882.061917	8	6	3	0	2	7	1	3602	-1350	48	52969	13	7	27	0	0	0	0	0	0	0	0	0	0	0	0	0	0	
883.062717	8	6	3	0	2	7	1	3588	-1349	48	53029	13	7	29	0	0	0	0	0	0	0	0	0	0	0	0	0	0	
884.067833	8	6	3	0	2	7	1	3574	-1350	48	53089	13	7	31	0	0	0	0	0	0	0	0	0	0	0	0	0	0	
885.075833	8	6	3	0	2	7	1	3562	-1349	48	53150	13	7	32	0	0	0	0	0	0	0	0	0	0	0	0	0	0	
886.060800	8	6	3	0	2	7	1	3550	-1351	48	53209	13	7	34	0	0	0	0	0	0	0	0	0	0	0	0	0	0	
887.061600	8	6	3	0	2	7	1	3538	-1350	48	53269	13	7	36	0	0	0	0	0	0	0	0	0	0	0	0	0	0	
888.062400	8	6	3	0	2	7	1	3527	-1350	48	53329	13	7	37	0	0	0	0	0	0	0	0	0	0	0	0	0	0	
889.068967	8	6	3	0	2	7	1	3516	-1350	48	53389	13	7	39	0	0	0	0	0	0	0	0	0	0	0	0	0	0	
890.069767	8	6	3	0	2	7	1	3505	-1350	48	53449	13	7	41	0	0	0	0	0	0	0	0	0	0	0	0	0	0	
891.070567	8	6	3	0	2	7	1	3493	-1349	48	53509	13	7	42	0	0	0	0	0	0	0	0	0	0	0	0	0	0	
892.069917	8	6	3	0	2	7	1	3481	-1350	48	53569	13	7	44	0	0	0	0	0	0	0	0	0	0	0	0	0	0	
893.075033	8	6	3	0	2	7	1	3468	-1349	48	53629	13	7	46	0	0	0	0	0	0	0	0	0	0	0	0	0	0	
894.075833	8	6	3	0	2	7	1	3453	-1349	48	53689	13	7	47	0	0	0	0	0	0	0	0	0	0	0	0	0	0	
895.076633	8	6	3	0	2	7	1	3434	-1349	48	53749	13	7	49	0	0	0	0	0	0	0	0	0	0	0	0	0	0	
896.077433	8	6	3	0	2	7	1	3409	-1348	48	53810	13	7	50	0	0	0	0	0	0	0	0	0	0	0	0	0	0	
897.062400	8	6	3	0	2	7	1	3371	-1350	48	53869	13	7	52	0	0	0	0	0	0	0	0	0	0	0	0	0	0	
898.063200	8	6	3	0	2	7	1	3304	-1348	48	53929	13	7	54	0	0	0	0	0	0	0	0	0	0	0	0	0	0	
899.064000	8	6	3	0	2	7	1	3177	-1349	48	53989	13	7	55	0	0	0	0	0	0	0	0	0	0	0	0	0	0	
900.064800	8	6	3	0	2	7	1	2900	-1350	48	54049	13	7	57	0	0	0	0	0	0	0	0	0	0	0	0	0	0	
900.489600	8	15	3	0	1	31	2	2972	66	48	54074	14	7	58	0	0	0	0	0	0	0	0	0	0	0	0	0	0	
900.509767	8	3	3	0	1	2	2	3180	678	48	54075	15	7	58	0	0	0	0	0	0	0	0	0	0	0	0	0	0	
901.071367	8	3	3	0	1	2	2	3648	673	48	54109	15	7	58	0	0	0	0	0	0	0	0	0	0	0	0	0	0	
902.076483	8	3	3	0	1	2	2	3758	675	48	54169	15	7	58	0	0	0	0	0	0	0	0	0	0	0	0	0	0	
903.077283	8	3	3	0	1	2	2	3798	675	48	54229	15	7	58	0	0	0	0	0	0	0	0	0	0	0	0	0	0	
904.078083	8	3	3	0	1	2	2	3819	676	48	54290	15	7	58	0	0	0	0	0	0	0	0	0	0	0	0	0	0	
905.063033	8	3	3	0	1	2	2	3833	673	48	54349	15	7	58	0	0	0	0	0	0	0	0	0	0	0	0	0	0	
906.063833	8	3	3	0	1	2	2	3846	675	48	54409	15	7	58	0	0	0	0	0	0	0	0	0	0	0	0	0	0	
907.064633	8	3	3	0	1	2	2	3857	675	48	54469	15	7	58	0	0	0	0	0	0	0	0	0	0	0	0	0	0	
908.064000	8	3	3	0	1	2	2	3867	674	48	54529	15	7	58	0	0	0	0	0	0	0	0	0	0	0	0	0	0	
909.064800	8	3	3	0	1	2	2	3876	674	48	54589	15	7	58	0	0	0	0	0	0	0	0	0	0	0	0	0	0	
910.069917	8	3	3	0	1	2	2	3884	675	48	54649	15	7	58	0	0	0	0	0	0	0	0	0	0	0	0	0	0	
911.070717	8	3	3	0	1	2	2	3892	673	48	54709	15	7	58	0	0	0	0	0	0	0	0	0	0	0	0	0	0	
912.070083	8	3	3	0	1	2	2	3899	675	48	54769	15	7	58	0	0	0	0	0	0	0	0	0	0	0	0	0	0	
913.063683	8	3	3	0	1	2	2	3905	675	48	54829	15	7	58	0	0	0	0	0	0	0	0	0	0	0	0	0	0	
914.070233	8	3	3	0	1	2	2	3912	675	48	54889	15	7	58	0	0	0	0	0	0	0	0	0	0	0	0	0	0	
915.071033	8	3	3	0	1	2	2	3918	675	48	54949	15	7	58	0	0	0	0	0	0	0	0	0	0	0	0	0	0	
916.071833	8	3	3	0	1	2	2	3923	675	48	55009	15	7	58	0	0	0	0	0	0	0	0	0	0	0	0	0	0	
917.072633	8	3	3	0	1	2	2	3929	675	48	55069	15	7	58	0	0	0	0	0	0	0	0	0	0	0	0	0	0	
918.077767	8	3	3	0	1	2	2	3934	675	48	55129	15	7	58	0	0	0	0	0	0	0	0	0	0	0	0	0	0	
919.077117	8	3	3	0	1	2	2	3940	675	48	55189	15	7	58	0	0	0	0	0	0	0	0	0	0	0	0	0	0	
920.077917	8	3	3	0	1	2	2	3945	674	48	55249	15	7	58	0	0	0	0	0	0	0	0	0	0	0	0	0	0	
921.078717	8	3	3	0	1	2	2	3950	674	48	55310	15	7	58	0	0	0	0	0	0	0	0	0	0	0	0	0	0	
922.065117	8	3	3	0	1	2	2	3956	675	48	55369	15	7	58	0	0	0	0	0	0	0	0	0	0	0	0	0	0	
923.064483	8	3	3	0	1	2	2	3961	675	48	55429	15	7	58	0	0	0	0	0	0	0	0	0	0	0	0	0	0	
924.065283	8	3	3	0	1	2	2	3966	675	48	55489	15	7	58	0	0	0	0	0	0	0	0	0	0	0	0	0	0	
925.074717	8	3	3	0	1	2	2	3972	674	48	55549	15	7	58	0	0	0	0	0	0	0	0	0	0	0	0	0	0	
926.079833	8	3	3	0	1	2	2	3977	674	48	55610	15	7	58	0	0	0	0	0	0	0	0	0	0	0	0	0	0	
927.066233	8	3	3	0	1	2	2	3983	675	48	55669	15	7	58	0	0	0	0	0	0	0	0	0	0	0	0	0	0	
928.072800	8	3	3	0	1	2	2	3989	675	48	55729	15	7	58	0	0	0	0	0	0	0	0	0	0	0	0	0	0	
929.073600	8	3	3	0	1	2	2	3994	675	48	55789	15	7	58	0	0	0	0	0	0	0	0	0	0	0	0	0	0	
930.077283	8	3	3	0	1	2	2	4000	675	48	55849	15	7	58	0	0	0	0	0	0	0	0	0	0	0	0	0	0	
931.078083	8	3	3	0	1	2	2	4006	675	48	55909	15	7	58	0	0	0	0	0	0	0	0	0	0	0	0	0	0	
932.078883	8	3	3	0	1	2	2	4012	675	48	55969	15	7	58	0	0	0	0	0	0	0	0	0	0	0	0	0	0	
933.079683	8	3	3	0	1	2	2	4018	675	48	56029	15	7	58	0	0	0	0	0	0	0	0	0	0	0	0	0	0	
934.080483	8	3	3	0	1	2	2	4024	673	48	56090	15	7	58	0	0	0	0	0	0	0	0	0	0	0	0	0	0	
935.065433	8	3	3	0	1	2	2	4030	675	48	56149	15	7	58	0	0	0	0	0	0	0	0	0	0	0	0	0	0	
936.066233	8	3	3	0	1	2	2	4037	674	48	56209	15	7	58	0	0	0	0	0	0	0	0	0	0	0	0	0	0	
937.067033	8	3	3	0	1	2	2	4043	675	48	56269	15	7	58	0	0	0	0	0	0	0	0	0	0	0	0	0	0	
938.067833	8	3	3	0	1	2	2	4050	675	48	56329	15	7	58	0	0	0	0	0	0	0	0	0	0	0	0	0	0	
939.071517	8	3	3	0	1	2	2	4057	675	48	56389	15	7	58	0	0	0	0	0	0	0	0	0	0	0	0	0	0	
940.072317	8	3	3	0	1	2	2	4063	674	48	56449	15	7	58	0	0	0	0	0	0	0	0	0	0	0	0	0	0	
941.074567	8	3	3	0	1	2	2	4070	674	48	56509	15	7	58	0	0	0	0	0	0	0	0	0	0	0	0	0	0	
942.082567	8	3	3	0	1	2	2	4077	676	48	56570	15	7	58	0	0	0	0	0	0	0	0	0	0	0	0	0	0	
943.067517	8	3	3	0	1	2	2	4085	675	48	56629	15	7	58	0	0	0	0	0	0	0	0	0	0	0	0	0	0	
944.068317	8	3	3	0	1	2	2	4092	674	48	56689	15	7	58	0	0	0	0	0	0	0	0	0	0	0	0	0	0	
945.072000	8	3	3	0	1	2	2	4099	675	48	56749	15	7	58	0	0	0	0	0	0	0	0	0	0	0	0	0	0	
946.072800	8	3	3	0	1	2	2	4106	674	48	56809	15	7	58	0	0	0	0	0	0	0	0	0	0	0	0	0	0	
947.073600	8	3	3	0	1	2	2	4114	675	48	56869	15	7	58	0	0	0	0	0	0	0	0	0	0	0	0	0	0	
948.074400	8	3	3	0	1	2	2	4120	667	48	56929	15	7	58	0	0	0	0	0	0	0	0	0	0	0	0	0	0	
949.082400	8	3	3	0	1	2	2	4127	665	48	56990	15	7	58	0	0	0	0	0	0	0	0	0	0	0	0	0	0	
950.068800	8	3	3	0	1	2	2	4135	662	48	57049	15	7	58	0	0	0	0	0	0	0	0	0	0	0	0	0	0	
951.069600	8	3	3	0	1	2	2	4142	662	48	57109	15	7	58	0	0	0	0	0	0	0	0	0	0	0	0	0	0	
952.073283	8	3	3	0	1	2	2	4149	658	48	57169	15	7	58	0	0	0	0	0	0	0	0	0	0	0	0	0	0	
953.074083	8	3	3	0	1	2	2	4158	658	48	57229	15	7	58	0	0	0	0	0	0	0	0	0	0	0	0	0	0	
954.074883	8	3	3	0	1	2	2	4165	657	48	57289	15	7	58	0	0	0	0	0	0	0	0	0	0	0	0	0	0	
955.075683	8	3	3	0	1	2	2	4173	655	48	57349	15	7	58	0	0	0	0	0	0	0	0	0	0	0	0	0	0	
956.075033	8	3	3	0	1	2	2	4181	653	48	57409	15	7	58	0	0	0	0	0	0	0	0	0	0	0	0	0	0	
957.083033	8	3	3	0	1	2	2	4189	652	48	57470	15	7	58	0	0	0	0	0	0	0	0	0	0	0	0	0	0	
958.069433	8	3	3	0	1	2	2	4197	654	48	57529	15	7	58	0	0	0	0	0	0	0	0	0	0	0	0	0	0	
959.068800	8	3	3	0	1	2	2	4198	604	48	57589	15	7	58	0	0	0	0	0	0	0	0	0	0	0	0	0	0	
960.075367	8	3	3	0	1	2	2	4198	562	48	57649	15	7	58	0	0	0	0	0	0	0	0	0	0	0	0	0	0	
961.083367	8	3	3	0	1	2	2	4199	519	48	57710	15	7	58	0	0	0	0	0	0	0	0	0	0	0	0	0	0	
962.069767	8	3	3	0	1	2	2	4198	483	48	57769	15	7	58	0	0	0	0	0	0	0	0	0	0	0	0	0	0	
963.070567	8	3	3	0	1	2	2	4199	452	48	57829	15	7	58	0	0	0	0	0	0	0	0	0	0	0	0	0	0	
964.074233	8	3	3	0	1	2	2	4199	421	48	57889	15	7	58	0	0	0	0	0	0	0	0	0	0	0	0	0	0	
965.075033	8	3	3	0	1	2	2	4199	393	48	57949	15	7	58	0	0	0	0	0	0	0	0	0	0	0	0	0	0	
966.075833	8	3	3	0	1	2	2	4199	368	48	58009	15	7	58	0	0	0	0	0	0	0	0	0	0	0	0	0	0	
967.075200	8	3	3	0	1	2	2	4199	345	48	58069	15	7	58	0	0	0	0	0	0	0	0	0	0	0	0	0	0	
968.076000	8	3	3	0	1	2	2	4198	323	48	58129	15	7	58	0	0	0	0	0	0	0	0	0	0	0	0	0	0	
969.081117	8	3	3	0	1	2	2	4199	302	48	58189	15	7	58	0	0	0	0	0	0	0	0	0	0	0	0	0	0	
970.083367	8	3	3	0	1	2	2	4199	289	48	58250	15	7	58	0	0	0	0	0	0	0	0	0	0	0	0	0	0	
971.068317	8	3	3	0	1	2	2	4198	266	48	58309	15	7	58	0	0	0	0	0	0	0	0	0	0	0	0	0	0	
972.070567	8	3	3	0	1	2	2	4199	253	48	58369	15	7	58	0	0	0	0	0	0	0	0	0	0	0	0	0	0	
973.077117	8	3	3	0	1	2	2	4198	235	48	58429	15	7	58	0	0	0	0	0	0	0	0	0	0	0	0	0	0	
974.080800	8	3	3	0	1	2	2	4199	222	48	58489	15	7	58	0	0	0	0	0	0	0	0	0	0	0	0	0	0	
975.081600	8	3	3	0	1	2	2	4198	208	48	58549	15	7	58	0	0	0	0	0	0	0	0	0	0	0	0	0	0	
976.082400	8	3	3	0	1	2	2	4198	196	48	58609	15	7	58	0	0	0	0	0	0	0	0	0	0	0	0	0	0	
977.068800	8	3	3	0	1	2	2	4199	185	48	58669	15	7	58	0	0	0	0	0	0	0	0	0	0	0	0	0	0	
978.069600	8	3	3	0	1	2	2	4198	174	48	58729	15	7	58	0	0	0	0	0	0	0	0	0	0	0	0	0	0	
979.068967	8	3	3	0	1	2	2	4198	164	48	58789	15	7	58	0	0	0	0	0	0	0	0	0	0	0	0	0	0	
980.069767	8	3	3	0	1	2	2	4199	154	48	58849	15	7	58	0	0	0	0	0	0	0	0	0	0	0	0	0	0	
981.070567	8	3	3	0	1	2	2	4198	145	48	58909	15	7	58	0	0	0	0	0	0	0	0	0	0	0	0	0	0	
982.071367	8	3	3	0	1	2	2	4198	137	48	58969	15	7	58	0	0	0	0	0	0	0	0	0	0	0	0	0	0	
983.075033	8	3	3	0	1	2	2	4198	129	48	59029	15	7	58	0	0	0	0	0	0	0	0	0	0	0	0	0	0	
984.077283	8	3	3	0	1	2	2	4199	125	48	59089	15	7	58	0	0	0	0	0	0	0	0	0	0	0	0	0	0	
985.083833	8	3	3	0	1	2	2	4199	117	48	59150	15	7	58	0	0	0	0	0	0	0	0	0	0	0	0	0	0	
986.073117	8	3	3	0	1	2	2	4198	109	48	59209	15	7	58	0	0	0	0	0	0	0	0	0	0	0	0	0	0	
987.076800	8	3	3	0	1	2	2	4198	102	48	59269	15	7	58	0	0	0	0	0	0	0	0	0	0	0	0	0	0	
988.077600	8	3	3	0	1	2	2	4199	98	48	59329	15	7	58	0	0	0	0	0	0	0	0	0	0	0	0	0	0	
989.078400	8	3	3	0	1	2	2	4198	93	48	59389	15	7	58	0	0	0	0	0	0	0	0	0	0	0	0	0	0	
990.082083	8	3	3	0	1	2	2	4199	89	48	59449	15	7	58	0	0	0	0	0	0	0	0	0	0	0	0	0	0	
991.082883	8	3	3	0	1	2	2	4198	83	48	59509	15	7	58	0	0	0	0	0	0	0	0	0	0	0	0	0	0	
992.083683	8	3	3	0	1	2	2	4198	79	48	59569	15	7	58	0	0	0	0	0	0	0	0	0	0	0	0	0	0	
993.084483	8	3	3	0	1	2	2	4198	74	48	59629	15	7	58	0	0	0	0	0	0	0	0	0	0	0	0	0	0	
994.085283	8	3	3	0	1	2	2	4198	71	48	59690	15	7	58	0	0	0	0	0	0	0	0	0	0	0	0	0	0	
995.070233	8	3	3	0	1	2	2	4198	68	48	59749	15	7	58	0	0	0	0	0	0	0	0	0	0	0	0	0	0	
995.268967	8	6	3	0	2	7	1	4061	-1349	48	59761	15	8	0	0	0	0	0	0	0	0	0	0	0	0	0	0	0	
996.078233	8	6	3	0	2	7	1	3995	-1349	48	59809	15	8	1	0	0	0	0	0	0	0	0	0	0	0	0	0	0	
997.079033	8	6	3	0	2	7	1	3944	-1350	48	59869	15	8	2	0	0	0	0	0	0	0	0	0	0	0	0	0	0	
998.082717	8	6	3	0	2	7	1	3905	-1350	48	59929	15	8	4	0	0	0	0	0	0	0	0	0	0	0	0	0	0	
999.084967	8	6	3	0	2	7	1	3873	-1349	48	59990	15	8	6	0	0	0	0	0	0	0	0	0	0	0	0	0	0	
1000.069917	8	6	3	0	2	7	1	3846	-1351	48	60049	15	8	7	0	0	0	0	0	0	0	0	0	0	0	0	0	0	
1001.070717	8	6	3	0	2	7	1	3820	-1350	48	60109	15	8	9	0	0	0	0	0	0	0	0	0	0	0	0	0	0	
1002.071517	8	6	3	0	2	7	1	3795	-1350	48	60169	15	8	11	0	0	0	0	0	0	0	0	0	0	0	0	0	0	
1003.072317	8	6	3	0	2	7	1	3771	-1349	48	60229	15	8	12	0	0	0	0	0	0	0	0	0	0	0	0	0	0	
1004.073117	8	6	3	0	2	7	1	3749	-1349	48	60289	15	8	14	0	0	0	0	0	0	0	0	0	0	0	0	0	0	
1005.076800	8	6	3	0	2	7	1	3727	-1350	48	60349	15	8	16	0	0	0	0	0	0	0	0	0	0	0	0	0	0	
1006.077600	8	6	3	0	2	7	1	3706	-1350	48	60409	15	8	17	0	0	0	0	0	0	0	0	0	0	0	0	0	0	
1007.078400	8	6	3	0	2	7	1	3686	-1349	48	60469	15	8	19	0	0	0	0	0	0	0	0	0	0	0	0	0	0	
1008.083517	8	6	3	0	2	7	1	3668	-1349	48	60529	15	8	21	0	0	0	0	0	0	0	0	0	0	0	0	0	0	
1009.084317	8	6	3	0	2	7	1	3651	-1349	48	60589	15	8	22	0	0	0	0	0	0	0	0	0	0	0	0	0	0	
1010.085117	8	6	3	0	2	7	1	3634	-1351	48	60649	15	8	24	0	0	0	0	0	0	0	0	0	0	0	0	0	0	
1011.085917	8	6	3	0	2	7	1	3618	-1349	48	60710	15	8	26	0	0	0	0	0	0	0	0	0	0	0	0	0	0	
1012.070883	8	6	3	0	2	7	1	3604	-1350	48	60769	15	8	27	0	0	0	0	0	0	0	0	0	0	0	0	0	0	
1013.071683	8	6	3	0	2	7	1	3590	-1350	48	60829	15	8	29	0	0	0	0	0	0	0	0	0	0	0	0	0	0	
1014.076800	8	6	3	0	2	7	1	3576	-1349	48	60889	15	8	30	0	0	0	0	0	0	0	0	0	0	0	0	0	0	
1015.080483	8	6	3	0	2	7	1	3564	-1350	48	60949	15	8	32	0	0	0	0	0	0	0	0	0	0	0	0	0	0	
1016.084167	8	6	3	0	2	7	1	3552	-1350	48	61009	15	8	34	0	0	0	0	0	0	0	0	0	0	0	0	0	0	
1017.084967	8	6	3	0	2	7	1	3540	-1349	48	61069	15	8	35	0	0	0	0	0	0	0	0	0	0	0	0	0	0	
1018.085767	8	6	3	0	2	7	1	3529	-1349	48	61129	15	8	37	0	0	0	0	0	0	0	0	0	0	0	0	0	0	
1019.086567	8	6	3	0	2	7	1	3517	-1350	48	61189	15	8	39	0	0	0	0	0	0	0	0	0	0	0	0	0	0	
1020.077283	8	6	3	0	2	7	1	3506	-1349	48	61249	15	8	40	0	0	0	0	0	0	0	0	0	0	0	0	0	0	
1021.080967	8	6	3	0	2	7	1	3495	-1350	48	61309	15	8	42	0	0	0	0	0	0	0	0	0	0	0	0	0	0	
1022.084633	8	6	3	0	2	7	1	3484	-1348	48	61369	15	8	44	0	0	0	0	0	0	0	0	0	0	0	0	0	0	
1023.085433	8	6	3	0	2	7	1	3471	-1350	48	61429	15	8	45	0	0	0	0	0	0	0	0	0	0	0	0	0	0	
1024.086233	8	6	3	0	2	7	1	3456	-1349	48	61489	15	8	47	0	0	0	0	0	0	0	0	0	0	0	0	0	0	
1025.087033	8	6	3	0	2	7	1	3438	-1349	48	61549	15	8	49	0	0	0	0	0	0	0	0	0	0	0	0	0	0	
1026.072000	8	6	3	0	2	7	1	3414	-1350	48	61609	15	8	50	0	0	0	0	0	0	0	0	0	0	0	0	0	0	
1027.072800	8	6	3	0	2	7	1	3379	-1350	48	61669	15	8	52	0	0	0	0	0	0	0	0	0	0	0	0	0	0	
1028.075033	8	6	3	0	2	7	1	3318	-1350	48	61729	15	8	54	0	0	0	0	0	0	0	0	0	0	0	0	0	0	
1029.083033	8	6	3	0	2	7	1	3206	-1350	48	61789	15	8	55	0	0	0	0	0	0	0	0	0	0	0	0	0	0	
1030.086717	8	6	3	0	2	7	1	2970	-1349	48	61849	15	8	57	0	0	0	0	0	0	0	0	0	0	0	0	0	0	
1030.665600	8	15	3	0	1	31	2	2988	69	48	61884	16	8	58	0	0	0	0	0	0	0	0	0	0	0	0	0	0	
1030.687200	8	3	3	0	1	2	2	3186	675	48	61885	17	8	58	0	0	0	0	0	0	0	0	0	0	0	0	0	0	
1031.090400	8	3	3	0	1	2	2	3604	675	48	61910	17	8	58	0	0	0	0	0	0	0	0	0	0	0	0	0	0	
1032.073917	8	3	3	0	1	2	2	3747	675	48	61969	17	8	58	0	0	0	0	0	0	0	0	0	0	0	0	0	0	
1033.074717	8	3	3	0	1	2	2	3793	674	48	62029	17	8	58	0	0	0	0	0	0	0	0	0	0	0	0	0	0	
1034.075517	8	3	3	0	1	2	2	3815	674	48	62089	17	8	58	0	0	0	0	0	0	0	0	0	0	0	0	0	0	
1035.079200	8	3	3	0	1	2	2	3831	675	48	62149	17	8	58	0	0	0	0	0	0	0	0	0	0	0	0	0	0	
1036.080000	8	3	3	0	1	2	2	3844	675	48	62209	17	8	58	0	0	0	0	0	0	0	0	0	0	0	0	0	0	
1037.080800	8	3	3	0	1	2	2	3855	674	48	62269	17	8	58	0	0	0	0	0	0	0	0	0	0	0	0	0	0	
1038.081600	8	3	3	0	1	2	2	3865	674	48	62329	17	8	58	0	0	0	0	0	0	0	0	0	0	0	0	0	0	
1039.082400	8	3	3	0	1	2	2	3874	675	48	62389	17	8	58	0	0	0	0	0	0	0	0	0	0	0	0	0	0	
1040.086083	8	3	3	0	1	2	2	3883	674	48	62449	17	8	58	0	0	0	0	0	0	0	0	0	0	0	0	0	0	
1041.086883	8	3	3	0	1	2	2	3891	675	48	62509	17	8	58	0	0	0	0	0	0	0	0	0	0	0	0	0	0	
1042.089117	8	3	3	0	1	2	2	3897	675	48	62570	17	8	58	0	0	0	0	0	0	0	0	0	0	0	0	0	0	
1043.079833	8	3	3	0	1	2	2	3904	675	48	62629	17	8	58	0	0	0	0	0	0	0	0	0	0	0	0	0	0	
1044.080633	8	3	3	0	1	2	2	3911	675	48	62689	17	8	58	0	0	0	0	0	0	0	0	0	0	0	0	0	0	
1045.081433	8	3	3	0	1	2	2	3917	675	48	62749	17	8	58	0	0	0	0	0	0	0	0	0	0	0	0	0	0	
1046.082233	8	3	3	0	1	2	2	3922	675	48	62809	17	8	58	0	0	0	0	0	0	0	0	0	0	0	0	0	0	
1047.083033	8	3	3	0	1	2	2	3928	674	48	62869	17	8	58	0	0	0	0	0	0	0	0	0	0	0	0	0	0	
1048.082400	8	3	3	0	1	2	2	3933	675	48	62929	17	8	58	0	0	0	0	0	0	0	0	0	0	0	0	0	0	
1049.087517	8	3	3	0	1	2	2	3939	674	48	62989	17	8	58	0	0	0	0	0	0	0	0	0	0	0	0	0	0	
1050.086883	8	3	3	0	1	2	2	3944	674	48	63049	17	8	58	0	0	0	0	0	0	0	0	0	0	0	0	0	0	
1051.087683	8	3	3	0	1	2	2	3949	674	48	63109	17	8	58	0	0	0	0	0	0	0	0	0	0	0	0	0	0	
1052.088483	8	3	3	0	1	2	2	3955	675	48	63170	17	8	58	0	0	0	0	0	0	0	0	0	0	0	0	0	0	
1053.074883	8	3	3	0	1	2	2	3960	675	48	63229	17	8	58	0	0	0	0	0	0	0	0	0	0	0	0	0	0	
1054.075683	8	3	3	0	1	2	2	3965	674	48	63289	17	8	58	0	0	0	0	0	0	0	0	0	0	0	0	0	0	
1055.077917	8	3	3	0	1	2	2	3970	674	48	63349	17	8	58	0	0	0	0	0	0	0	0	0	0	0	0	0	0	
1056.081600	8	3	3	0	1	2	2	3976	675	48	63409	17	8	58	0	0	0	0	0	0	0	0	0	0	0	0	0	0	
1057.083833	8	3	3	0	1	2	2	3981	674	48	63469	17	8	58	0	0	0	0	0	0	0	0	0	0	0	0	0	0	
1058.088967	8	3	3	0	1	2	2	3988	673	48	63530	17	8	58	0	0	0	0	0	0	0	0	0	0	0	0	0	0	
1059.076800	8	3	3	0	1	2	2	3993	674	48	63589	17	8	58	0	0	0	0	0	0	0	0	0	0	0	0	0	0	
1060.077600	8	3	3	0	1	2	2	3999	674	48	63649	17	8	58	0	0	0	0	0	0	0	0	0	0	0	0	0	0	
1061.081283	8	3	3	0	1	2	2	4005	673	48	63709	17	8	58	0	0	0	0	0	0	0	0	0	0	0	0	0	0	
1062.082083	8	3	3	0	1	2	2	4011	674	48	63769	17	8	58	0	0	0	0	0	0	0	0	0	0	0	0	0	0	
1063.082883	8	3	3	0	1	2	2	4017	674	48	63829	17	8	58	0	0	0	0	0	0	0	0	0	0	0	0	0	0	
1064.083683	8	3	3	0	1	2	2	4023	675	48	63889	17	8	58	0	0	0	0	0	0	0	0	0	0	0	0	0	0	
1065.083033	8	3	3	0	1	2	2	4029	674	48	63949	17	8	58	0	0	0	0	0	0	0	0	0	0	0	0	0	0	
1066.083833	8	3	3	0	1	2	2	4035	675	48	64009	17	8	58	0	0	0	0	0	0	0	0	0	0	0	0	0	0	
1067.090400	8	3	3	0	1	2	2	4042	675	48	64069	17	8	58	0	0	0	0	0	0	0	0	0	0	0	0	0	0	
1068.078233	8	3	3	0	1	2	2	4049	674	48	64129	17	8	58	0	0	0	0	0	0	0	0	0	0	0	0	0	0	
1069.083367	8	3	3	0	1	2	2	4055	674	48	64189	17	8	58	0	0	0	0	0	0	0	0	0	0	0	0	0	0	
1070.082717	8	3	3	0	1	2	2	4062	674	48	64249	17	8	58	0	0	0	0	0	0	0	0	0	0	0	0	0	0	
1071.086400	8	3	3	0	1	2	2	4069	674	48	64309	17	8	58	0	0	0	0	0	0	0	0	0	0	0	0	0	0	
1072.092967	8	3	3	0	1	2	2	4076	675	48	64370	17	8	58	0	0	0	0	0	0	0	0	0	0	0	0	0	0	
1073.079367	8	3	3	0	1	2	2	4083	675	48	64429	17	8	58	0	0	0	0	0	0	0	0	0	0	0	0	0	0	
1074.083033	8	3	3	0	1	2	2	4090	675	48	64489	17	8	58	0	0	0	0	0	0	0	0	0	0	0	0	0	0	
1075.083833	8	3	3	0	1	2	2	4097	676	48	64549	17	8	58	0	0	0	0	0	0	0	0	0	0	0	0	0	0	
1076.083200	8	3	3	0	1	2	2	4105	674	48	64609	17	8	58	0	0	0	0	0	0	0	0	0	0	0	0	0	0	
1077.084000	8	3	3	0	1	2	2	4112	674	48	64669	17	8	58	0	0	0	0	0	0	0	0	0	0	0	0	0	0	
1078.084800	8	3	3	0	1	2	2	4119	665	48	64729	17	8	58	0	0	0	0	0	0	0	0	0	0	0	0	0	0	
1079.091367	8	3	3	0	1	2	2	4126	664	48	64789	17	8	58	0	0	0	0	0	0	0	0	0	0	0	0	0	0	
1080.080633	8	3	3	0	1	2	2	4133	662	48	64849	17	8	58	0	0	0	0	0	0	0	0	0	0	0	0	0	0	
1081.084317	8	3	3	0	1	2	2	4141	660	48	64909	17	8	58	0	0	0	0	0	0	0	0	0	0	0	0	0	0	
1082.085117	8	3	3	0	1	2	2	4148	659	48	64969	17	8	58	0	0	0	0	0	0	0	0	0	0	0	0	0	0	
1083.085917	8	3	3	0	1	2	2	4156	657	48	65029	17	8	58	0	0	0	0	0	0	0	0	0	0	0	0	0	0	
1084.085283	8	3	3	0	1	2	2	4163	655	48	65089	17	8	58	0	0	0	0	0	0	0	0	0	0	0	0	0	0	
1085.090400	8	3	3	0	1	2	2	4172	655	48	65149	17	8	58	0	0	0	0	0	0	0	0	0	0	0	0	0	0	
1086.092633	8	3	3	0	1	2	2	4179	652	48	65210	17	8	58	0	0	0	0	0	0	0	0	0	0	0	0	0	0	
1087.079033	8	3	3	0	1	2	2	4188	655	48	65269	17	8	58	0	0	0	0	0	0	0	0	0	0	0	0	0	0	
1088.084167	8	3	3	0	1	2	2	4196	655	48	65329	17	8	58	0	0	0	0	0	0	0	0	0	0	0	0	0	0	
1089.083517	8	3	3	0	1	2	2	4198	612	48	65389	17	8	58	0	0	0	0	0	0	0	0	0	0	0	0	0	0	
1090.084317	8	3	3	0	1	2	2	4198	566	48	65449	17	8	58	0	0	0	0	0	0	0	0	0	0	0	0	0	0	
1091.086567	8	3	3	0	1	2	2	4199	527	48	65509	17	8	58	0	0	0	0	0	0	0	0	0	0	0	0	0	0	
1092.090233	8	3	3	0	1	2	2	4199	488	48	65569	17	8	58	0	0	0	0	0	0	0	0	0	0	0	0	0	0	
1093.092483	8	3	3	0	1	2	2	4199	456	48	65629	17	8	58	0	0	0	0	0	0	0	0	0	0	0	0	0	0	
1094.091833	8	3	3	0	1	2	2	4199	426	48	65690	17	8	58	0	0	0	0	0	0	0	0	0	0	0	0	0	0	
1095.078233	8	3	3	0	1	2	2	4199	398	48	65749	17	8	58	0	0	0	0	0	0	0	0	0	0	0	0	0	0	
1096.079033	8	3	3	0	1	2	2	4199	373	48	65809	17	8	58	0	0	0	0	0	0	0	0	0	0	0	0	0	0	
1097.078400	8	3	3	0	1	2	2	4199	349	48	65869	17	8	58	0	0	0	0	0	0	0	0	0	0	0	0	0	0	
1098.079200	8	3	3	0	1	2	2	4198	327	48	65929	17	8	58	0	0	0	0	0	0	0	0	0	0	0	0	0	0	
1099.080000	8	3	3	0	1	2	2	4199	306	48	65989	17	8	58	0	0	0	0	0	0	0	0	0	0	0	0	0	0	
1100.086567	8	3	3	0	1	2	2	4199	291	48	66049	17	8	58	0	0	0	0	0	0	0	0	0	0	0	0	0	0	
1101.087367	8	3	3	0	1	2	2	4198	269	48	66109	17	8	58	0	0	0	0	0	0	0	0	0	0	0	0	0	0	
1102.088167	8	3	3	0	1	2	2	4199	253	48	66169	17	8	58	0	0	0	0	0	0	0	0	0	0	0	0	0	0	
1103.096167	8	3	3	0	1	2	2	4198	238	48	66230	17	8	58	0	0	0	0	0	0	0	0	0	0	0	0	0	0	
1104.081117	8	3	3	0	1	2	2	4198	224	48	66289	17	8	58	0	0	0	0	0	0	0	0	0	0	0	0	0	0	
1105.086233	8	3	3	0	1	2	2	4199	211	48	66349	17	8	58	0	0	0	0	0	0	0	0	0	0	0	0	0	0	
1106.087033	8	3	3	0	1	2	2	4198	199	48	66409	17	8	58	0	0	0	0	0	0	0	0	0	0	0	0	0	0	
1107.087833	8	3	3	0	1	2	2	4199	187	48	66469	17	8	58	0	0	0	0	0	0	0	0	0	0	0	0	0	0	
1108.091517	8	3	3	0	1	2	2	4198	176	48	66529	17	8	58	0	0	0	0	0	0	0	0	0	0	0	0	0	0	
1109.092317	8	3	3	0	1	2	2	4198	166	48	66589	17	8	58	0	0	0	0	0	0	0	0	0	0	0	0	0	0	
1110.093117	8	3	3	0	1	2	2	4198	155	48	66649	17	8	58	0	0	0	0	0	0	0	0	0	0	0	0	0	0	
1111.093917	8	3	3	0	1	2	2	4198	147	48	66709	17	8	58	0	0	0	0	0	0	0	0	0	0	0	0	0	0	
1112.093283	8	3	3	0	1	2	2	4199	138	48	66770	17	8	58	0	0	0	0	0	0	0	0	0	0	0	0	0	0	
1113.079683	8	3	3	0	1	2	2	4199	131	48	66829	17	8	58	0	0	0	0	0	0	0	0	0	0	0	0	0	0	
1114.081917	8	3	3	0	1	2	2	4199	128	48	66889	17	8	58	0	0	0	0	0	0	0	0	0	0	0	0	0	0	
1115.087033	8	3	3	0	1	2	2	4199	120	48	66949	17	8	58	0	0	0	0	0	0	0	0	0	0	0	0	0	0	
1116.095033	8	3	3	0	1	2	2	4198	111	48	67010	17	8	58	0	0	0	0	0	0	0	0	0	0	0	0	0	0	
1117.081433	8	3	3	0	1	2	2	4199	104	48	67069	17	8	58	0	0	0	0	0	0	0	0	0	0	0	0	0	0	
1118.082233	8	3	3	0	1	2	2	4198	100	48	67129	17	8	58	0	0	0	0	0	0	0	0	0	0	0	0	0	0	
1119.081600	8	3	3	0	1	2	2	4198	93	48	67189	17	8	58	0	0	0	0	0	0	0	0	0	0	0	0	0	0	
1120.086717	8	3	3	0	1	2	2	4198	88	48	67249	17	8	58	0	0	0	0	0	0	0	0	0	0	0	0	0	0	
1121.087517	8	3	3	0	1	2	2	4198	85	48	67309	17	8	58	0	0	0	0	0	0	0	0	0	0	0	0	0	0	
1122.086883	8	3	3	0	1	2	2	4199	79	48	67369	17	8	58	0	0	0	0	0	0	0	0	0	0	0	0	0	0	
1123.087683	8	3	3	0	1	2	2	4198	76	48	67429	17	8	58	0	0	0	0	0	0	0	0	0	0	0	0	0	0	
1124.088483	8	3	3	0	1	2	2	4198	72	48	67489	17	8	58	0	0	0	0	0	0	0	0	0	0	0	0	0	0	
1125.092167	8	3	3	0	1	2	2	4198	69	48	67549	17	8	58	0	0	0	0	0	0	0	0	0	0	0	0	0	0	
1125.540000	8	6	3	0	2	7	1	4163	-349	48	67576	17	9	0	0	0	0	0	0	0	0	0	0	0	0	0	0	0	
1126.097283	8	6	3	0	2	7	1	4010	-1350	48	67610	17	9	0	0	0	0	0	0	0	0	0	0	0	0	0	0	0	
1127.082233	8	6	3	0	2	7	1	3957	-1350	48	67669	17	9	2	0	0	0	0	0	0	0	0	0	0	0	0	0	0	
1128.083033	8	6	3	0	2	7	1	3914	-1350	48	67729	17	9	4	0	0	0	0	0	0	0	0	0	0	0	0	0	0	
1129.088167	8	6	3	0	2	7	1	3881	-1349	48	67789	17	9	5	0	0	0	0	0	0	0	0	0	0	0	0	0	0	
1130.088967	8	6	3	0	2	7	1	3853	-1350	48	67849	17	9	7	0	0	0	0	0	0	0	0	0	0	0	0	0	0	
1131.092633	8	6	3	0	2	7	1	3827	-1350	48	67909	17	9	9	0	0	0	0	0	0	0	0	0	0	0	0	0	0	
1132.093433	8	6	3	0	2	7	1	3801	-1350	48	67969	17	9	10	0	0	0	0	0	0	0	0	0	0	0	0	0	0	
1133.094233	8	6	3	0	2	7	1	3777	-1350	48	68029	17	9	12	0	0	0	0	0	0	0	0	0	0	0	0	0	0	
1134.095033	8	6	3	0	2	7	1	3754	-1351	48	68089	17	9	14	0	0	0	0	0	0	0	0	0	0	0	0	0	0	
1135.095833	8	6	3	0	2	7	1	3731	-1350	48	68149	17	9	15	0	0	0	0	0	0	0	0	0	0	0	0	0	0	
1136.096633	8	6	3	0	2	7	1	3711	-1350	48	68210	17	9	17	0	0	0	0	0	0	0	0	0	0	0	0	0	0	
1137.081600	8	6	3	0	2	7	1	3691	-1350	48	68269	17	9	19	0	0	0	0	0	0	0	0	0	0	0	0	0	0	
1138.083833	8	6	3	0	2	7	1	3672	-1349	48	68329	17	9	20	0	0	0	0	0	0	0	0	0	0	0	0	0	0	
1139.091833	8	6	3	0	2	7	1	3655	-1349	48	68389	17	9	22	0	0	0	0	0	0	0	0	0	0	0	0	0	0	
1140.095517	8	6	3	0	2	7	1	3638	-1347	48	68449	17	9	23	0	0	0	0	0	0	0	0	0	0	0	0	0	0	
1141.096317	8	6	3	0	2	7	1	3622	-1350	48	68510	17	9	25	0	0	0	0	0	0	0	0	0	0	0	0	0	0	
1142.081283	8	6	3	0	2	7	1	3607	-1349	48	68569	17	9	27	0	0	0	0	0	0	0	0	0	0	0	0	0	0	
1143.082083	8	6	3	0	2	7	1	3593	-1349	48	68629	17	9	28	0	0	0	0	0	0	0	0	0	0	0	0	0	0	
1144.090083	8	6	3	0	2	7	1	3579	-1349	48	68689	17	9	30	0	0	0	0	0	0	0	0	0	0	0	0	0	0	
1145.090883	8	6	3	0	2	7	1	3566	-1348	48	68749	17	9	32	0	0	0	0	0	0	0	0	0	0	0	0	0	0	
1146.094567	8	6	3	0	2	7	1	3554	-1350	48	68809	17	9	33	0	0	0	0	0	0	0	0	0	0	0	0	0	0	
1147.095367	8	6	3	0	2	7	1	3542	-1349	48	68869	17	9	35	0	0	0	0	0	0	0	0	0	0	0	0	0	0	
1148.096167	8	6	3	0	2	7	1	3531	-1350	48	68929	17	9	37	0	0	0	0	0	0	0	0	0	0	0	0	0	0	
1149.096967	8	6	3	0	2	7	1	3520	-1349	48	68989	17	9	38	0	0	0	0	0	0	0	0	0	0	0	0	0	0	
1150.099200	8	6	3	0	2	7	1	3508	-1350	48	69050	17	9	40	0	0	0	0	0	0	0	0	0	0	0	0	0	0	
1151.087033	8	6	3	0	2	7	1	3497	-1348	48	69109	17	9	42	0	0	0	0	0	0	0	0	0	0	0	0	0	0	
1152.090717	8	6	3	0	2	7	1	3486	-1350	48	69169	17	9	43	0	0	0	0	0	0	0	0	0	0	0	0	0	0	
1153.094400	8	6	3	0	2	7	1	3474	-1349	48	69229	17	9	45	0	0	0	0	0	0	0	0	0	0	0	0	0	0	
1154.095200	8	6	3	0	2	7	1	3459	-1350	48	69289	17	9	47	0	0	0	0	0	0	0	0	0	0	0	0	0	0	
1155.096000	8	6	3	0	2	7	1	3442	-1349	48	69349	17	9	48	0	0	0	0	0	0	0	0	0	0	0	0	0	0	
1156.096800	8	6	3	0	2	7	1	3419	-1350	48	69409	17	9	50	0	0	0	0	0	0	0	0	0	0	0	0	0	0	
1157.097600	8	6	3	0	2	7	1	3387	-1353	48	69470	17	9	52	0	0	0	0	0	0	0	0	0	0	0	0	0	0	
1158.084000	8	6	3	0	2	7	1	3333	-1349	48	69529	17	9	53	0	0	0	0	0	0	0	0	0	0	0	0	0	0	
1159.090567	8	6	3	0	2	7	1	3232	-1350	48	69589	17	9	55	0	0	0	0	0	0	0	0	0	0	0	0	0	0	
1160.091367	8	6	3	0	2	7	1	3036	-1347	48	69649	17	9	57	0	0	0	0	0	0	0	0	0	0	0	0	0	0	
1160.861767	8	15	3	0	1	31	2	2964	65	48	69695	18	9	58	0	0	0	0	0	0	0	0	0	0	0	0	0	0	
1160.881917	8	3	3	0	1	2	2	3173	673	48	69697	19	9	58	0	0	0	0	0	0	0	0	0	0	0	0	0	0	
1161.095033	8	3	3	0	1	2	2	3516	673	48	69709	19	9	58	0	0	0	0	0	0	0	0	0	0	0	0	0	0	
1162.097283	8	3	3	0	1	2	2	3736	675	48	69769	19	9	58	0	0	0	0	0	0	0	0	0	0	0	0	0	0	
1163.085117	8	3	3	0	1	2	2	3788	674	48	69829	19	9	58	0	0	0	0	0	0	0	0	0	0	0	0	0	0	
1164.088800	8	3	3	0	1	2	2	3813	674	48	69889	19	9	58	0	0	0	0	0	0	0	0	0	0	0	0	0	0	
1165.089600	8	3	3	0	1	2	2	3829	674	48	69949	19	9	58	0	0	0	0	0	0	0	0	0	0	0	0	0	0	
1166.090400	8	3	3	0	1	2	2	3843	674	48	70009	19	9	58	0	0	0	0	0	0	0	0	0	0	0	0	0	0	
1167.091200	8	3	3	0	1	2	2	3855	675	48	70069	19	9	58	0	0	0	0	0	0	0	0	0	0	0	0	0	0	
1168.092000	8	3	3	0	1	2	2	3865	675	48	70129	19	9	58	0	0	0	0	0	0	0	0	0	0	0	0	0	0	
1169.092800	8	3	3	0	1	2	2	3874	675	48	70189	19	9	58	0	0	0	0	0	0	0	0	0	0	0	0	0	0	
1170.096483	8	3	3	0	1	2	2	3882	675	48	70249	19	9	58	0	0	0	0	0	0	0	0	0	0	0	0	0	0	
1171.097283	8	3	3	0	1	2	2	3890	674	48	70309	19	9	58	0	0	0	0	0	0	0	0	0	0	0	0	0	0	
1172.099517	8	3	3	0	1	2	2	3897	674	48	70370	19	9	58	0	0	0	0	0	0	0	0	0	0	0	0	0	0	
1173.084483	8	3	3	0	1	2	2	3904	674	48	70429	19	9	58	0	0	0	0	0	0	0	0	0	0	0	0	0	0	
1174.093917	8	3	3	0	1	2	2	3910	675	48	70489	19	9	58	0	0	0	0	0	0	0	0	0	0	0	0	0	0	
1175.097600	8	3	3	0	1	2	2	3916	676	48	70549	19	9	58	0	0	0	0	0	0	0	0	0	0	0	0	0	0	
1176.098400	8	3	3	0	1	2	2	3922	674	48	70609	19	9	58	0	0	0	0	0	0	0	0	0	0	0	0	0	0	
1177.099200	8	3	3	0	1	2	2	3928	675	48	70670	19	9	58	0	0	0	0	0	0	0	0	0	0	0	0	0	0	
1178.084167	8	3	3	0	1	2	2	3933	674	48	70729	19	9	58	0	0	0	0	0	0	0	0	0	0	0	0	0	0	
1179.084967	8	3	3	0	1	2	2	3938	675	48	70789	19	9	58	0	0	0	0	0	0	0	0	0	0	0	0	0	0	
1180.085767	8	3	3	0	1	2	2	3944	675	48	70849	19	9	58	0	0	0	0	0	0	0	0	0	0	0	0	0	0	
1181.086567	8	3	3	0	1	2	2	3949	674	48	70909	19	9	58	0	0	0	0	0	0	0	0	0	0	0	0	0	0	
1182.087367	8	3	3	0	1	2	2	3954	673	48	70969	19	9	58	0	0	0	0	0	0	0	0	0	0	0	0	0	0	
1183.091033	8	3	3	0	1	2	2	3960	675	48	71029	19	9	58	0	0	0	0	0	0	0	0	0	0	0	0	0	0	
1184.091833	8	3	3	0	1	2	2	3965	674	48	71089	19	9	58	0	0	0	0	0	0	0	0	0	0	0	0	0	0	
1185.092633	8	3	3	0	1	2	2	3970	675	48	71149	19	9	58	0	0	0	0	0	0	0	0	0	0	0	0	0	0	
1186.097767	8	3	3	0	1	2	2	3976	674	48	71209	19	9	58	0	0	0	0	0	0	0	0	0	0	0	0	0	0	
1187.087033	8	3	3	0	1	2	2	3981	675	48	71269	19	9	58	0	0	0	0	0	0	0	0	0	0	0	0	0	0	
1188.092167	8	3	3	0	1	2	2	3987	675	48	71329	19	9	58	0	0	0	0	0	0	0	0	0	0	0	0	0	0	
1189.092967	8	3	3	0	1	2	2	3993	676	48	71389	19	9	58	0	0	0	0	0	0	0	0	0	0	0	0	0	0	
1190.092317	8	3	3	0	1	2	2	3998	674	48	71449	19	9	58	0	0	0	0	0	0	0	0	0	0	0	0	0	0	
1191.093117	8	3	3	0	1	2	2	4004	675	48	71509	19	9	58	0	0	0	0	0	0	0	0	0	0	0	0	0	0	
1192.093917	8	3	3	0	1	2	2	4010	674	48	71569	19	9	58	0	0	0	0	0	0	0	0	0	0	0	0	0	0	
1193.094717	8	3	3	0	1	2	2	4016	674	48	71629	19	9	58	0	0	0	0	0	0	0	0	0	0	0	0	0	0	
1194.098400	8	3	3	0	1	2	2	4023	675	48	71689	19	9	58	0	0	0	0	0	0	0	0	0	0	0	0	0	0	
1195.099200	8	3	3	0	1	2	2	4029	674	48	71749	19	9	58	0	0	0	0	0	0	0	0	0	0	0	0	0	0	
1196.100000	8	3	3	0	1	2	2	4036	676	48	71809	19	9	58	0	0	0	0	0	0	0	0	0	0	0	0	0	0	
1197.100800	8	3	3	0	1	2	2	4042	674	48	71869	19	9	58	0	0	0	0	0	0	0	0	0	0	0	0	0	0	
1198.087200	8	3	3	0	1	2	2	4048	674	48	71929	19	9	58	0	0	0	0	0	0	0	0	0	0	0	0	0	0	
1199.088000	8	3	3	0	1	2	2	4055	674	48	71989	19	9	58	0	0	0	0	0	0	0	0	0	0	0	0	0	0	
1200.088800	8	3	3	0	1	2	2	4062	674	48	72049	19	9	58	0	0	0	0	0	0	0	0	0	0	0	0	0	0	
1201.093917	8	3	3	0	1	2	2	4068	674	48	72109	19	9	58	0	0	0	0	0	0	0	0	0	0	0	0	0	0	
1202.093283	8	3	3	0	1	2	2	4076	675	48	72169	19	9	58	0	0	0	0	0	0	0	0	0	0	0	0	0	0	
1203.094083	8	3	3	0	1	2	2	4083	675	48	72229	19	9	58	0	0	0	0	0	0	0	0	0	0	0	0	0	0	
1204.093433	8	3	3	0	1	2	2	4090	674	48	72289	19	9	58	0	0	0	0	0	0	0	0	0	0	0	0	0	0	
1205.094233	8	3	3	0	1	2	2	4097	675	48	72349	19	9	58	0	0	0	0	0	0	0	0	0	0	0	0	0	0	
1206.095033	8	3	3	0	1	2	2	4104	673	48	72409	19	9	58	0	0	0	0	0	0	0	0	0	0	0	0	0	0	
1207.098717	8	3	3	0	1	2	2	4112	673	48	72469	19	9	58	0	0	0	0	0	0	0	0	0	0	0	0	0	0	
1208.099517	8	3	3	0	1	2	2	4119	666	48	72529	19	9	58	0	0	0	0	0	0	0	0	0	0	0	0	0	0	
1209.101767	8	3	3	0	1	2	2	4125	664	48	72590	19	9	58	0	0	0	0	0	0	0	0	0	0	0	0	0	0	
1210.088167	8	3	3	0	1	2	2	4133	662	48	72649	19	9	58	0	0	0	0	0	0	0	0	0	0	0	0	0	0	
1211.088967	8	3	3	0	1	2	2	4140	660	48	72709	19	9	58	0	0	0	0	0	0	0	0	0	0	0	0	0	0	
1212.089767	8	3	3	0	1	2	2	4148	660	48	72769	19	9	58	0	0	0	0	0	0	0	0	0	0	0	0	0	0	
1213.089117	8	3	3	0	1	2	2	4156	658	48	72829	19	9	58	0	0	0	0	0	0	0	0	0	0	0	0	0	0	
1214.094233	8	3	3	0	1	2	2	4164	657	48	72889	19	9	58	0	0	0	0	0	0	0	0	0	0	0	0	0	0	
1215.096483	8	3	3	0	1	2	2	4171	656	48	72949	19	9	58	0	0	0	0	0	0	0	0	0	0	0	0	0	0	
1216.104483	8	3	3	0	1	2	2	4179	652	48	73010	19	9	58	0	0	0	0	0	0	0	0	0	0	0	0	0	0	
1217.089433	8	3	3	0	1	2	2	4187	655	48	73069	19	9	58	0	0	0	0	0	0	0	0	0	0	0	0	0	0	
1218.090233	8	3	3	0	1	2	2	4196	655	48	73129	19	9	58	0	0	0	0	0	0	0	0	0	0	0	0	0	0	
1219.093917	8	3	3	0	1	2	2	4198	616	48	73189	19	9	58	0	0	0	0	0	0	0	0	0	0	0	0	0	0	
1220.094717	8	3	3	0	1	2	2	4198	567	48	73249	19	9	58	0	0	0	0	0	0	0	0	0	0	0	0	0	0	
1221.096967	8	3	3	0	1	2	2	4199	530	48	73309	19	9	58	0	0	0	0	0	0	0	0	0	0	0	0	0	0	
1222.100633	8	3	3	0	1	2	2	4198	490	48	73369	19	9	58	0	0	0	0	0	0	0	0	0	0	0	0	0	0	
1223.101433	8	3	3	0	1	2	2	4198	457	48	73429	19	9	58	0	0	0	0	0	0	0	0	0	0	0	0	0	0	
1224.102233	8	3	3	0	1	2	2	4198	427	48	73489	19	9	58	0	0	0	0	0	0	0	0	0	0	0	0	0	0	
1225.103033	8	3	3	0	1	2	2	4199	399	48	73550	19	9	58	0	0	0	0	0	0	0	0	0	0	0	0	0	0	
1226.088000	8	3	3	0	1	2	2	4199	374	48	73609	19	9	58	0	0	0	0	0	0	0	0	0	0	0	0	0	0	
1227.088800	8	3	3	0	1	2	2	4198	350	48	73669	19	9	58	0	0	0	0	0	0	0	0	0	0	0	0	0	0	
1228.089600	8	3	3	0	1	2	2	4198	328	48	73729	19	9	58	0	0	0	0	0	0	0	0	0	0	0	0	0	0	
1229.090400	8	3	3	0	1	2	2	4198	308	48	73789	19	9	58	0	0	0	0	0	0	0	0	0	0	0	0	0	0	
1230.092633	8	3	3	0	1	2	2	4199	292	48	73849	19	9	58	0	0	0	0	0	0	0	0	0	0	0	0	0	0	
1231.097767	8	3	3	0	1	2	2	4199	270	48	73909	19	9	58	0	0	0	0	0	0	0	0	0	0	0	0	0	0	
1232.102883	8	3	3	0	1	2	2	4199	254	48	73969	19	9	58	0	0	0	0	0	0	0	0	0	0	0	0	0	0	
1233.102233	8	3	3	0	1	2	2	4198	240	48	74029	19	9	58	0	0	0	0	0	0	0	0	0	0	0	0	0	0	
1234.090083	8	3	3	0	1	2	2	4198	224	48	74089	19	9	58	0	0	0	0	0	0	0	0	0	0	0	0	0	0	
1235.090883	8	3	3	0	1	2	2	4199	213	48	74149	19	9	58	0	0	0	0	0	0	0	0	0	0	0	0	0	0	
1236.091683	8	3	3	0	1	2	2	4198	198	48	74209	19	9	58	0	0	0	0	0	0	0	0	0	0	0	0	0	0	
1237.095367	8	3	3	0	1	2	2	4198	187	48	74269	19	9	58	0	0	0	0	0	0	0	0	0	0	0	0	0	0	
1238.096167	8	3	3	0	1	2	2	4199	176	48	74329	19	9	58	0	0	0	0	0	0	0	0	0	0	0	0	0	0	
1239.096967	8	3	3	0	1	2	2	4199	166	48	74389	19	9	58	0	0	0	0	0	0	0	0	0	0	0	0	0	0	
1240.097767	8	3	3	0	1	2	2	4198	156	48	74449	19	9	58	0	0	0	0	0	0	0	0	0	0	0	0	0	0	
1241.101433	8	3	3	0	1	2	2	4199	147	48	74509	19	9	58	0	0	0	0	0	0	0	0	0	0	0	0	0	0	
1242.102233	8	3	3	0	1	2	2	4198	139	48	74569	19	9	58	0	0	0	0	0	0	0	0	0	0	0	0	0	0	
1243.103033	8	3	3	0	1	2	2	4199	131	48	74629	19	9	58	0	0	0	0	0	0	0	0	0	0	0	0	0	0	
1244.105283	8	3	3	0	1	2	2	4199	129	48	74690	19	9	58	0	0	0	0	0	0	0	0	0	0	0	0	0	0	
1245.096000	8	3	3	0	1	2	2	4199	120	48	74749	19	9	58	0	0	0	0	0	0	0	0	0	0	0	0	0	0	
1246.102567	8	3	3	0	1	2	2	4198	110	48	74809	19	9	58	0	0	0	0	0	0	0	0	0	0	0	0	0	0	
1247.103367	8	3	3	0	1	2	2	4198	104	48	74869	19	9	58	0	0	0	0	0	0	0	0	0	0	0	0	0	0	
1248.104167	8	3	3	0	1	2	2	4198	99	48	74929	19	9	58	0	0	0	0	0	0	0	0	0	0	0	0	0	0	
1249.104967	8	3	3	0	1	2	2	4199	95	48	74990	19	9	58	0	0	0	0	0	0	0	0	0	0	0	0	0	0	
1250.089917	8	3	3	0	1	2	2	4198	88	48	75049	19	9	58	0	0	0	0	0	0	0	0	0	0	0	0	0	0	
1251.090717	8	3	3	0	1	2	2	4198	85	48	75109	19	9	58	0	0	0	0	0	0	0	0	0	0	0	0	0	0	
1252.091517	8	3	3	0	1	2	2	4198	80	48	75169	19	9	58	0	0	0	0	0	0	0	0	0	0	0	0	0	0	
1253.092317	8	3	3	0	1	2	2	4198	75	48	75229	19	9	58	0	0	0	0	0	0	0	0	0	0	0	0	0	0	
1254.093117	8	3	3	0	1	2	2	4199	74	48	75289	19	9	58	0	0	0	0	0	0	0	0	0	0	0	0	0	0	
1255.096800	8	3	3	0	1	2	2	4198	69	48	75349	19	9	58	0	0	0	0	0	0	0	0	0	0	0	0	0	0	
1255.754883	8	6	3	0	2	7	1	4112	-861	48	75388	19	10	0	0	0	0	0	0	0	0	0	0	0	0	0	0	0	
1256.099033	8	6	3	0	2	7	1	4023	-1347	48	75409	19	10	0	0	0	0	0	0	0	0	0	0	0	0	0	0	0	
1257.098400	8	6	3	0	2	7	1	3968	-1349	48	75469	19	10	2	0	0	0	0	0	0	0	0	0	0	0	0	0	0	
1258.099200	8	6	3	0	2	7	1	3922	-1350	48	75529	19	10	3	0	0	0	0	0	0	0	0	0	0	0	0	0	0	
1259.097117	8	6	3	0	2	7	1	3887	-1350	48	75589	19	10	5	0	0	0	0	0	0	0	0	0	0	0	0	0	0	
1260.097917	8	6	3	0	2	7	1	3859	-1351	48	75649	19	10	7	0	0	0	0	0	0	0	0	0	0	0	0	0	0	
1261.098717	8	6	3	0	2	7	1	3832	-1350	48	75709	19	10	8	0	0	0	0	0	0	0	0	0	0	0	0	0	0	
1262.099517	8	6	3	0	2	7	1	3806	-1350	48	75769	19	10	10	0	0	0	0	0	0	0	0	0	0	0	0	0	0	
1263.104633	8	6	3	0	2	7	1	3782	-1350	48	75829	19	10	12	0	0	0	0	0	0	0	0	0	0	0	0	0	0	
1264.105433	8	6	3	0	2	7	1	3758	-1348	48	75889	19	10	13	0	0	0	0	0	0	0	0	0	0	0	0	0	0	
1265.104800	8	6	3	0	2	7	1	3736	-1349	48	75949	19	10	15	0	0	0	0	0	0	0	0	0	0	0	0	0	0	
1266.105600	8	6	3	0	2	7	1	3715	-1349	48	76009	19	10	16	0	0	0	0	0	0	0	0	0	0	0	0	0	0	
1267.106400	8	6	3	0	2	7	1	3695	-1349	48	76070	19	10	18	0	0	0	0	0	0	0	0	0	0	0	0	0	0	
1268.091367	8	6	3	0	2	7	1	3676	-1350	48	76129	19	10	20	0	0	0	0	0	0	0	0	0	0	0	0	0	0	
1269.093600	8	6	3	0	2	7	1	3658	-1351	48	76189	19	10	21	0	0	0	0	0	0	0	0	0	0	0	0	0	0	
1270.101600	8	6	3	0	2	7	1	3641	-1350	48	76249	19	10	23	0	0	0	0	0	0	0	0	0	0	0	0	0	0	
1271.105283	8	6	3	0	2	7	1	3625	-1351	48	76309	19	10	25	0	0	0	0	0	0	0	0	0	0	0	0	0	0	
1272.106083	8	6	3	0	2	7	1	3610	-1347	48	76369	19	10	26	0	0	0	0	0	0	0	0	0	0	0	0	0	0	
1273.106883	8	6	3	0	2	7	1	3596	-1349	48	76430	19	10	28	0	0	0	0	0	0	0	0	0	0	0	0	0	0	
1274.097600	8	6	3	0	2	7	1	3582	-1349	48	76489	19	10	30	0	0	0	0	0	0	0	0	0	0	0	0	0	0	
1275.101283	8	6	3	0	2	7	1	3569	-1350	48	76549	19	10	31	0	0	0	0	0	0	0	0	0	0	0	0	0	0	
1276.104967	8	6	3	0	2	7	1	3557	-1352	48	76609	19	10	33	0	0	0	0	0	0	0	0	0	0	0	0	0	0	
1277.105767	8	6	3	0	2	7	1	3545	-1349	48	76669	19	10	35	0	0	0	0	0	0	0	0	0	0	0	0	0	0	
1278.106567	8	6	3	0	2	7	1	3533	-1350	48	76729	19	10	36	0	0	0	0	0	0	0	0	0	0	0	0	0	0	
1279.107367	8	6	3	0	2	7	1	3522	-1347	48	76790	19	10	38	0	0	0	0	0	0	0	0	0	0	0	0	0	0	
1280.092317	8	6	3	0	2	7	1	3511	-1350	48	76849	19	10	40	0	0	0	0	0	0	0	0	0	0	0	0	0	0	
1281.094567	8	6	3	0	2	7	1	3500	-1350	48	76909	19	10	41	0	0	0	0	0	0	0	0	0	0	0	0	0	0	
1282.099683	8	6	3	0	2	7	1	3489	-1350	48	76969	19	10	43	0	0	0	0	0	0	0	0	0	0	0	0	0	0	
1283.100483	8	6	3	0	2	7	1	3477	-1350	48	77029	19	10	45	0	0	0	0	0	0	0	0	0	0	0	0	0	0	
1284.101283	8	6	3	0	2	7	1	3463	-1351	48	77089	19	10	46	0	0	0	0	0	0	0	0	0	0	0	0	0	0	
1285.100633	8	6	3	0	2	7	1	3447	-1349	48	77149	19	10	48	0	0	0	0	0	0	0	0	0	0	0	0	0	0	
1286.105767	8	6	3	0	2	7	1	3426	-1351	48	77209	19	10	50	0	0	0	0	0	0	0	0	0	0	0	0	0	0	
1287.106567	8	6	3	0	2	7	1	3397	-1350	48	77269	19	10	51	0	0	0	0	0	0	0	0	0	0	0	0	0	0	
1288.107367	8	6	3	0	2	7	1	3349	-1349	48	77329	19	10	53	0	0	0	0	0	0	0	0	0	0	0	0	0	0	
1289.095200	8	6	3	0	2	7	1	3265	-1348	48	77389	19	10	54	0	0	0	0	0	0	0	0	0	0	0	0	0	0	
1290.100317	8	6	3	0	2	7	1	3095	-1350	48	77449	19	10	56	0	0	0	0	0	0	0	0	0	0	0	0	0	0	
1291.080967	8	15	3	0	1	31	2	2812	28	48	77508	20	10	58	0	0	0	0	0	0	0	0	0	0	0	0	0	0	
1291.102567	8	3	3	0	1	2	2	3066	267	48	77509	21	10	58	0	0	0	0	0	0	0	0	0	0	0	0	0	0	
1292.106233	8	3	3	0	1	2	2	3716	675	48	77569	21	10	58	0	0	0	0	0	0	0	0	0	0	0	0	0	0	
1293.107033	8	3	3	0	1	2	2	3780	674	48	77629	21	10	58	0	0	0	0	0	0	0	0	0	0	0	0	0	0	
1294.110717	8	3	3	0	1	2	2	3808	675	48	77690	21	10	58	0	0	0	0	0	0	0	0	0	0	0	0	0	0	
1295.095683	8	3	3	0	1	2	2	3825	675	48	77749	21	10	58	0	0	0	0	0	0	0	0	0	0	0	0	0	0	
1296.100800	8	3	3	0	1	2	2	3840	675	48	77809	21	10	58	0	0	0	0	0	0	0	0	0	0	0	0	0	0	
1297.100167	8	3	3	0	1	2	2	3851	674	48	77869	21	10	58	0	0	0	0	0	0	0	0	0	0	0	0	0	0	
1298.100967	8	3	3	0	1	2	2	3862	674	48	77929	21	10	58	0	0	0	0	0	0	0	0	0	0	0	0	0	0	
1299.101767	8	3	3	0	1	2	2	3871	675	48	77989	21	10	58	0	0	0	0	0	0	0	0	0	0	0	0	0	0	
1300.102567	8	3	3	0	1	2	2	3880	674	48	78049	21	10	58	0	0	0	0	0	0	0	0	0	0	0	0	0	0	
1301.106233	8	3	3	0	1	2	2	3888	674	48	78109	21	10	58	0	0	0	0	0	0	0	0	0	0	0	0	0	0	
1302.107033	8	3	3	0	1	2	2	3895	674	48	78169	21	10	58	0	0	0	0	0	0	0	0	0	0	0	0	0	0	
1303.107833	8	3	3	0	1	2	2	3902	674	48	78229	21	10	58	0	0	0	0	0	0	0	0	0	0	0	0	0	0	
1304.098567	8	3	3	0	1	2	2	3908	675	48	78289	21	10	58	0	0	0	0	0	0	0	0	0	0	0	0	0	0	
1305.102233	8	3	3	0	1	2	2	3914	675	48	78349	21	10	58	0	0	0	0	0	0	0	0	0	0	0	0	0	0	
1306.101600	8	3	3	0	1	2	2	3920	674	48	78409	21	10	58	0	0	0	0	0	0	0	0	0	0	0	0	0	0	
1307.100967	8	3	3	0	1	2	2	3926	675	48	78469	21	10	58	0	0	0	0	0	0	0	0	0	0	0	0	0	0	
1308.101767	8	3	3	0	1	2	2	3931	674	48	78529	21	10	58	0	0	0	0	0	0	0	0	0	0	0	0	0	0	
1309.102567	8	3	3	0	1	2	2	3936	675	48	78589	21	10	58	0	0	0	0	0	0	0	0	0	0	0	0	0	0	
1310.103367	8	3	3	0	1	2	2	3942	675	48	78649	21	10	58	0	0	0	0	0	0	0	0	0	0	0	0	0	0	
1311.108483	8	3	3	0	1	2	2	3947	674	48	78709	21	10	58	0	0	0	0	0	0	0	0	0	0	0	0	0	0	
1312.109283	8	3	3	0	1	2	2	3952	675	48	78769	21	10	58	0	0	0	0	0	0	0	0	0	0	0	0	0	0	
1313.108633	8	3	3	0	1	2	2	3958	675	48	78829	21	10	58	0	0	0	0	0	0	0	0	0	0	0	0	0	0	
1314.109433	8	3	3	0	1	2	2	3963	675	48	78889	21	10	58	0	0	0	0	0	0	0	0	0	0	0	0	0	0	
1315.094400	8	3	3	0	1	2	2	3968	675	48	78949	21	10	58	0	0	0	0	0	0	0	0	0	0	0	0	0	0	
1316.095200	8	3	3	0	1	2	2	3974	675	48	79009	21	10	58	0	0	0	0	0	0	0	0	0	0	0	0	0	0	
1317.096000	8	3	3	0	1	2	2	3979	674	48	79069	21	10	58	0	0	0	0	0	0	0	0	0	0	0	0	0	0	
1318.096800	8	3	3	0	1	2	2	3985	675	48	79129	21	10	58	0	0	0	0	0	0	0	0	0	0	0	0	0	0	
1319.103367	8	3	3	0	1	2	2	3991	675	48	79189	21	10	58	0	0	0	0	0	0	0	0	0	0	0	0	0	0	
1320.102717	8	3	3	0	1	2	2	3997	675	48	79249	21	10	58	0	0	0	0	0	0	0	0	0	0	0	0	0	0	
1321.103517	8	3	3	0	1	2	2	4002	674	48	79309	21	10	58	0	0	0	0	0	0	0	0	0	0	0	0	0	0	
1322.104317	8	3	3	0	1	2	2	4008	675	48	79369	21	10	58	0	0	0	0	0	0	0	0	0	0	0	0	0	0	
1323.108000	8	3	3	0	1	2	2	4014	676	48	79429	21	10	58	0	0	0	0	0	0	0	0	0	0	0	0	0	0	
1324.108800	8	3	3	0	1	2	2	4020	674	48	79489	21	10	58	0	0	0	0	0	0	0	0	0	0	0	0	0	0	
1325.109600	8	3	3	0	1	2	2	4027	675	48	79549	21	10	58	0	0	0	0	0	0	0	0	0	0	0	0	0	0	
1326.110400	8	3	3	0	1	2	2	4033	674	48	79609	21	10	58	0	0	0	0	0	0	0	0	0	0	0	0	0	0	
1327.111200	8	3	3	0	1	2	2	4040	675	48	79670	21	10	58	0	0	0	0	0	0	0	0	0	0	0	0	0	0	
1328.096167	8	3	3	0	1	2	2	4046	675	48	79729	21	10	58	0	0	0	0	0	0	0	0	0	0	0	0	0	0	
1329.096967	8	3	3	0	1	2	2	4053	674	48	79789	21	10	58	0	0	0	0	0	0	0	0	0	0	0	0	0	0	
1330.097767	8	3	3	0	1	2	2	4059	674	48	79849	21	10	58	0	0	0	0	0	0	0	0	0	0	0	0	0	0	
1331.100000	8	3	3	0	1	2	2	4066	675	48	79909	21	10	58	0	0	0	0	0	0	0	0	0	0	0	0	0	0	
1332.103683	8	3	3	0	1	2	2	4073	674	48	79969	21	10	58	0	0	0	0	0	0	0	0	0	0	0	0	0	0	
1333.104483	8	3	3	0	1	2	2	4080	675	48	80029	21	10	58	0	0	0	0	0	0	0	0	0	0	0	0	0	0	
1334.106717	8	3	3	0	1	2	2	4087	674	48	80089	21	10	58	0	0	0	0	0	0	0	0	0	0	0	0	0	0	
1335.113283	8	3	3	0	1	2	2	4095	675	48	80150	21	10	58	0	0	0	0	0	0	0	0	0	0	0	0	0	0	
1336.098233	8	3	3	0	1	2	2	4102	674	48	80209	21	10	58	0	0	0	0	0	0	0	0	0	0	0	0	0	0	
1337.099033	8	3	3	0	1	2	2	4109	674	48	80269	21	10	58	0	0	0	0	0	0	0	0	0	0	0	0	0	0	
1338.099833	8	3	3	0	1	2	2	4117	675	48	80329	21	10	58	0	0	0	0	0	0	0	0	0	0	0	0	0	0	
1339.103517	8	3	3	0	1	2	2	4123	666	48	80389	21	10	58	0	0	0	0	0	0	0	0	0	0	0	0	0	0	
1340.104317	8	3	3	0	1	2	2	4131	664	48	80449	21	10	58	0	0	0	0	0	0	0	0	0	0	0	0	0	0	
1341.105117	8	3	3	0	1	2	2	4138	663	48	80509	21	10	58	0	0	0	0	0	0	0	0	0	0	0	0	0	0	
1342.105917	8	3	3	0	1	2	2	4146	661	48	80569	21	10	58	0	0	0	0	0	0	0	0	0	0	0	0	0	0	
1343.106717	8	3	3	0	1	2	2	4154	660	48	80629	21	10	58	0	0	0	0	0	0	0	0	0	0	0	0	0	0	
1344.114717	8	3	3	0	1	2	2	4161	658	48	80690	21	10	58	0	0	0	0	0	0	0	0	0	0	0	0	0	0	
1345.101117	8	3	3	0	1	2	2	4169	658	48	80749	21	10	58	0	0	0	0	0	0	0	0	0	0	0	0	0	0	
1346.104800	8	3	3	0	1	2	2	4176	655	48	80809	21	10	58	0	0	0	0	0	0	0	0	0	0	0	0	0	0	
1347.105600	8	3	3	0	1	2	2	4185	654	48	80869	21	10	58	0	0	0	0	0	0	0	0	0	0	0	0	0	0	
1348.106400	8	3	3	0	1	2	2	4193	653	48	80929	21	10	58	0	0	0	0	0	0	0	0	0	0	0	0	0	0	
1349.105767	8	3	3	0	1	2	2	4198	634	48	80989	21	10	58	0	0	0	0	0	0	0	0	0	0	0	0	0	0	
1350.113767	8	3	3	0	1	2	2	4198	580	48	81050	21	10	58	0	0	0	0	0	0	0	0	0	0	0	0	0	0	
1351.100167	8	3	3	0	1	2	2	4198	539	48	81109	21	10	58	0	0	0	0	0	0	0	0	0	0	0	0	0	0	
1352.099517	8	3	3	0	1	2	2	4198	502	48	81169	21	10	58	0	0	0	0	0	0	0	0	0	0	0	0	0	0	
1353.100317	8	3	3	0	1	2	2	4198	467	48	81229	21	10	58	0	0	0	0	0	0	0	0	0	0	0	0	0	0	
1354.105433	8	3	3	0	1	2	2	4198	436	48	81289	21	10	58	0	0	0	0	0	0	0	0	0	0	0	0	0	0	
1355.106233	8	3	3	0	1	2	2	4198	407	48	81349	21	10	58	0	0	0	0	0	0	0	0	0	0	0	0	0	0	
1356.107033	8	3	3	0	1	2	2	4199	383	48	81409	21	10	58	0	0	0	0	0	0	0	0	0	0	0	0	0	0	
1357.112167	8	3	3	0	1	2	2	4198	356	48	81469	21	10	58	0	0	0	0	0	0	0	0	0	0	0	0	0	0	
1358.112967	8	3	3	0	1	2	2	4198	334	48	81529	21	10	58	0	0	0	0	0	0	0	0	0	0	0	0	0	0	
1359.113767	8	3	3	0	1	2	2	4199	312	48	81589	21	10	58	0	0	0	0	0	0	0	0	0	0	0	0	0	0	
1360.114567	8	3	3	0	1	2	2	4199	293	48	81650	21	10	58	0	0	0	0	0	0	0	0	0	0	0	0	0	0	
1361.099517	8	3	3	0	1	2	2	4198	275	48	81709	21	10	58	0	0	0	0	0	0	0	0	0	0	0	0	0	0	
1362.100317	8	3	3	0	1	2	2	4199	258	48	81769	21	10	58	0	0	0	0	0	0	0	0	0	0	0	0	0	0	
1363.101117	8	3	3	0	1	2	2	4198	242	48	81829	21	10	58	0	0	0	0	0	0	0	0	0	0	0	0	0	0	
1364.101917	8	3	3	0	1	2	2	4198	228	48	81889	21	10	58	0	0	0	0	0	0	0	0	0	0	0	0	0	0	
1365.107033	8	3	3	0	1	2	2	4198	217	48	81949	21	10	58	0	0	0	0	0	0	0	0	0	0	0	0	0	0	
1366.107833	8	3	3	0	1	2	2	4199	201	48	82009	21	10	58	0	0	0	0	0	0	0	0	0	0	0	0	0	0	
1367.108633	8	3	3	0	1	2	2	4198	188	48	82069	21	10	58	0	0	0	0	0	0	0	0	0	0	0	0	0	0	
1368.112317	8	3	3	0	1	2	2	4199	178	48	82129	21	10	58	0	0	0	0	0	0	0	0	0	0	0	0	0	0	
1369.098717	8	3	3	0	1	2	2	4199	171	48	82189	21	10	58	0	0	0	0	0	0	0	0	0	0	0	0	0	0	
1370.106717	8	3	3	0	1	2	2	4198	158	48	82249	21	10	58	0	0	0	0	0	0	0	0	0	0	0	0	0	0	
1371.107517	8	3	3	0	1	2	2	4199	149	48	82309	21	10	58	0	0	0	0	0	0	0	0	0	0	0	0	0	0	
1372.108317	8	3	3	0	1	2	2	4199	140	48	82369	21	10	58	0	0	0	0	0	0	0	0	0	0	0	0	0	0	
1373.112000	8	3	3	0	1	2	2	4199	132	48	82429	21	10	58	0	0	0	0	0	0	0	0	0	0	0	0	0	0	
1374.112800	8	3	3	0	1	2	2	4199	125	48	82489	21	10	58	0	0	0	0	0	0	0	0	0	0	0	0	0	0	
1375.113600	8	3	3	0	1	2	2	4198	117	48	82549	21	10	58	0	0	0	0	0	0	0	0	0	0	0	0	0	0	
1376.114400	8	3	3	0	1	2	2	4199	112	48	82609	21	10	58	0	0	0	0	0	0	0	0	0	0	0	0	0	0	
1377.115200	8	3	3	0	1	2	2	4199	106	48	82670	21	10	58	0	0	0	0	0	0	0	0	0	0	0	0	0	0	
1378.100167	8	3	3	0	1	2	2	4198	100	48	82729	21	10	58	0	0	0	0	0	0	0	0	0	0	0	0	0	0	
1379.100967	8	3	3	0	1	2	2	4199	94	48	82789	21	10	58	0	0	0	0	0	0	0	0	0	0	0	0	0	0	
1380.101767	8	3	3	0	1	2	2	4198	89	48	82849	21	10	58	0	0	0	0	0	0	0	0	0	0	0	0	0	0	
1381.112633	8	3	3	0	1	2	2	4198	86	48	82909	21	10	58	0	0	0	0	0	0	0	0	0	0	0	0	0	0	
1382.117767	8	3	3	0	1	2	2	4198	80	48	82970	21	10	58	0	0	0	0	0	0	0	0	0	0	0	0	0	0	
1383.102717	8	3	3	0	1	2	2	4198	75	48	83029	21	10	58	0	0	0	0	0	0	0	0	0	0	0	0	0	0	
1384.103517	8	3	3	0	1	2	2	4199	72	49	83089	21	10	58	0	0	0	0	0	0	0	0	0	0	0	0	0	0	
1385.107200	8	3	3	0	1	2	2	4198	69	48	83149	21	10	58	0	0	0	0	0	0	0	0	0	0	0	0	0	0	
1385.860317	8	6	3	0	2	7	1	4061	-1348	48	83194	21	11	0	0	0	0	0	0	0	0	0	0	0	0	0	0	0	
1386.109433	8	6	3	0	2	7	1	4030	-1348	48	83209	21	11	0	0	0	0	0	0	0	0	0	0	0	0	0	0	0	
1387.114567	8	6	3	0	2	7	1	3973	-1349	48	83269	21	11	1	0	0	0	0	0	0	0	0	0	0	0	0	0	0	
1388.113917	8	6	3	0	2	7	1	3925	-1351	48	83329	21	11	3	0	0	0	0	0	0	0	0	0	0	0	0	0	0	
1389.114717	8	6	3	0	2	7	1	3891	-1350	48	83389	21	11	5	0	0	0	0	0	0	0	0	0	0	0	0	0	0	
1390.115517	8	6	3	0	2	7	1	3862	-1349	48	83450	21	11	6	0	0	0	0	0	0	0	0	0	0	0	0	0	0	
1391.101917	8	6	3	0	2	7	1	3836	-1350	48	83509	21	11	8	0	0	0	0	0	0	0	0	0	0	0	0	0	0	
1392.101283	8	6	3	0	2	7	1	3810	-1348	48	83569	21	11	10	0	0	0	0	0	0	0	0	0	0	0	0	0	0	
1393.102083	8	6	3	0	2	7	1	3785	-1349	48	83629	21	11	11	0	0	0	0	0	0	0	0	0	0	0	0	0	0	
1394.104317	8	6	3	0	2	7	1	3761	-1351	48	83689	21	11	13	0	0	0	0	0	0	0	0	0	0	0	0	0	0	
1395.109433	8	6	3	0	2	7	1	3740	-1348	48	83749	21	11	15	0	0	0	0	0	0	0	0	0	0	0	0	0	0	
1396.111683	8	6	3	0	2	7	1	3718	-1351	48	83809	21	11	16	0	0	0	0	0	0	0	0	0	0	0	0	0	0	
1397.115367	8	6	3	0	2	7	1	3698	-1350	48	83869	21	11	18	0	0	0	0	0	0	0	0	0	0	0	0	0	0	
1398.116167	8	6	3	0	2	7	1	3678	-1350	48	83930	21	11	20	0	0	0	0	0	0	0	0	0	0	0	0	0	0	
1399.116967	8	6	3	0	2	7	1	3661	-1350	48	83990	21	11	21	0	0	0	0	0	0	0	0	0	0	0	0	0	0	
1400.101917	8	6	3	0	2	7	1	3644	-1349	48	84049	21	11	23	0	0	0	0	0	0	0	0	0	0	0	0	0	0	
1401.102717	8	6	3	0	2	7	1	3627	-1349	48	84109	21	11	25	0	0	0	0	0	0	0	0	0	0	0	0	0	0	
1402.103517	8	6	3	0	2	7	1	3612	-1349	48	84169	21	11	26	0	0	0	0	0	0	0	0	0	0	0	0	0	0	
1403.104317	8	6	3	0	2	7	1	3598	-1349	48	84229	21	11	28	0	0	0	0	0	0	0	0	0	0	0	0	0	0	
1404.105117	8	6	3	0	2	7	1	3584	-1348	48	84289	21	11	30	0	0	0	0	0	0	0	0	0	0	0	0	0	0	
1405.108800	8	6	3	0	2	7	1	3571	-1352	48	84349	21	11	31	0	0	0	0	0	0	0	0	0	0	0	0	0	0	
1406.109600	8	6	3	0	2	7	1	3559	-1351	48	84409	21	11	33	0	0	0	0	0	0	0	0	0	0	0	0	0	0	
1407.111833	8	6	3	0	2	7	1	3547	-1348	48	84469	21	11	35	0	0	0	0	0	0	0	0	0	0	0	0	0	0	
1408.115517	8	6	3	0	2	7	1	3535	-1350	48	84529	21	11	36	0	0	0	0	0	0	0	0	0	0	0	0	0	0	
1409.116317	8	6	3	0	2	7	1	3525	-1351	48	84589	21	11	38	0	0	0	0	0	0	0	0	0	0	0	0	0	0	
1410.117117	8	6	3	0	2	7	1	3513	-1349	48	84650	21	11	40	0	0	0	0	0	0	0	0	0	0	0	0	0	0	
1411.103517	8	6	3	0	2	7	1	3502	-1349	48	84709	21	11	41	0	0	0	0	0	0	0	0	0	0	0	0	0	0	
1412.108633	8	6	3	0	2	7	1	3491	-1348	48	84769	21	11	43	0	0	0	0	0	0	0	0	0	0	0	0	0	0	
1413.112317	8	6	3	0	2	7	1	3479	-1345	48	84829	21	11	45	0	0	0	0	0	0	0	0	0	0	0	0	0	0	
1414.117433	8	6	3	0	2	7	1	3465	-1350	48	84889	21	11	46	0	0	0	0	0	0	0	0	0	0	0	0	0	0	
1415.116800	8	6	3	0	2	7	1	3450	-1351	48	84949	21	11	48	0	0	0	0	0	0	0	0	0	0	0	0	0	0	
1416.117600	8	6	3	0	2	7	1	3430	-1350	48	85010	21	11	50	0	0	0	0	0	0	0	0	0	0	0	0	0	0	
1417.104000	8	6	3	0	2	7	1	3402	-1350	48	85069	21	11	51	0	0	0	0	0	0	0	0	0	0	0	0	0	0	
1418.103367	8	6	3	0	2	7	1	3359	-1349	48	85129	21	11	53	0	0	0	0	0	0	0	0	0	0	0	0	0	0	
1419.104167	8	6	3	0	2	7	1	3285	-1349	48	85189	21	11	54	0	0	0	0	0	0	0	0	0	0	0	0	0	0	
1420.104967	8	6	3	0	2	7	1	3138	-1349	48	85249	21	11	56	0	0	0	0	0	0	0	0	0	0	0	0	0	0	
1421.105767	8	6	3	0	2	7	1	2772	-1349	48	85309	21	11	58	0	0	0	0	0	0	0	0	0	0	0	0	0	0	
1421.307367	10	0	5	0	0	15	0	3008	0	48	85321	21	11	58	0	0	0	0	0	0	0	0	0	0	0	0	0	0	
1421.316000	8	15	3	0	0	31	0	3046	0	48	85321	21	11	58	0	0	0	0	0	0	0	0	0	0	0	0	0	0	
