Time	Status code	Status category	Status color	Pgm code	Pgm step	Pgm para	Pgm cycle	mV	mA	Temperature	Duration	Charge count	Discharge count	Capacity	Analog input 1	Analog input 2	Analog input 3	Analog input 4	Digital input 1	Digital input 2	Digital input 3	Digital input 4	Digital output 1	Digital output 2	Digital output 3	Digital output 4	Analog output 1	Analog output 2	
0.000000	8	3	3	0	1	2	2	3899	176	42	2	1	0	0	0	0	0	0	0	0	0	0	0	0	0	0	0	0	
0.210233	8	3	3	0	1	2	2	4034	674	42	15	1	0	0	0	0	0	0	0	0	0	0	0	0	0	0	0	0	
1.206717	8	3	3	0	1	2	2	4043	675	41	74	1	0	0	0	0	0	0	0	0	0	0	0	0	0	0	0	0	
2.203200	8	3	3	0	1	2	2	4049	674	41	134	1	0	0	0	0	0	0	0	0	0	0	0	0	0	0	0	0	
3.198233	8	3	3	0	1	2	2	4053	675	41	194	1	0	0	0	0	0	0	0	0	0	0	0	0	0	0	0	0	
4.194717	8	3	3	0	1	2	2	4058	675	41	254	1	0	0	0	0	0	0	0	0	0	0	0	0	0	0	0	0	
5.208483	8	3	3	0	1	2	2	4063	675	41	315	1	0	0	0	0	0	0	0	0	0	0	0	0	0	0	0	0	
6.204967	8	3	3	0	1	2	2	4069	674	41	374	1	0	0	0	0	0	0	0	0	0	0	0	0	0	0	0	0	
7.201433	8	3	3	0	1	2	2	4075	675	40	434	1	0	0	0	0	0	0	0	0	0	0	0	0	0	0	0	0	
8.196483	8	3	3	0	1	2	2	4080	675	40	494	1	0	0	0	0	0	0	0	0	0	0	0	0	0	0	0	0	
9.211683	8	3	3	0	1	2	2	4087	675	40	555	1	0	0	0	0	0	0	0	0	0	0	0	0	0	0	0	0	
10.206717	8	3	3	0	1	2	2	4094	674	40	614	1	0	0	0	0	0	0	0	0	0	0	0	0	0	0	0	0	
11.203200	8	3	3	0	1	2	2	4100	675	39	674	1	0	0	0	0	0	0	0	0	0	0	0	0	0	0	0	0	
12.212633	8	3	3	0	1	2	2	4108	673	39	735	1	0	0	0	0	0	0	0	0	0	0	0	0	0	0	0	0	
13.199033	8	3	3	0	1	2	2	4115	674	39	794	1	0	0	0	0	0	0	0	0	0	0	0	0	0	0	0	0	
14.204167	8	3	3	0	1	2	2	4122	665	39	854	1	0	0	0	0	0	0	0	0	0	0	0	0	0	0	0	0	
15.209283	8	3	3	0	1	2	2	4129	664	40	915	1	0	0	0	0	0	0	0	0	0	0	0	0	0	0	0	0	
16.195683	8	3	3	0	1	2	2	4137	663	40	974	1	0	0	0	0	0	0	0	0	0	0	0	0	0	0	0	0	
17.202233	8	3	3	0	1	2	2	4145	663	40	1034	1	0	0	0	0	0	0	0	0	0	0	0	0	0	0	0	0	
18.207367	8	3	3	0	1	2	2	4153	661	39	1094	1	0	0	0	0	0	0	0	0	0	0	0	0	0	0	0	0	
19.212483	8	3	3	0	1	2	2	4161	660	39	1155	1	0	0	0	0	0	0	0	0	0	0	0	0	0	0	0	0	
20.198883	8	3	3	0	1	2	2	4172	658	39	1214	1	0	0	0	0	0	0	0	0	0	0	0	0	0	0	0	0	
21.205433	8	3	3	0	1	2	2	4180	656	39	1274	1	0	0	0	0	0	0	0	0	0	0	0	0	0	0	0	0	
22.210567	8	3	3	0	1	2	2	4189	657	38	1335	1	0	0	0	0	0	0	0	0	0	0	0	0	0	0	0	0	
23.196967	8	3	3	0	1	2	2	4197	653	38	1394	1	0	0	0	0	0	0	0	0	0	0	0	0	0	0	0	0	
24.202083	8	3	3	0	1	2	2	4198	626	38	1454	1	0	0	0	0	0	0	0	0	0	0	0	0	0	0	0	0	
25.207200	8	3	3	0	1	2	2	4199	596	38	1514	1	0	0	0	0	0	0	0	0	0	0	0	0	0	0	0	0	
26.212317	8	3	3	0	1	2	2	4199	558	38	1575	1	0	0	0	0	0	0	0	0	0	0	0	0	0	0	0	0	
27.200167	8	3	3	0	1	2	2	4198	515	38	1634	1	0	0	0	0	0	0	0	0	0	0	0	0	0	0	0	0	
28.205283	8	3	3	0	1	2	2	4199	467	37	1694	1	0	0	0	0	0	0	0	0	0	0	0	0	0	0	0	0	
29.210400	8	3	3	0	1	2	2	4199	427	37	1755	1	0	0	0	0	0	0	0	0	0	0	0	0	0	0	0	0	
30.196800	8	3	3	0	1	2	2	4199	419	37	1814	1	0	0	0	0	0	0	0	0	0	0	0	0	0	0	0	0	
31.201917	8	3	3	0	1	2	2	4198	432	37	1874	1	0	0	0	0	0	0	0	0	0	0	0	0	0	0	0	0	
32.208483	8	3	3	0	1	2	2	4199	441	37	1934	1	0	0	0	0	0	0	0	0	0	0	0	0	0	0	0	0	
33.213600	8	3	3	0	1	2	2	4199	412	37	1995	1	0	0	0	0	0	0	0	0	0	0	0	0	0	0	0	0	
34.200000	8	3	3	0	1	2	2	4198	403	36	2054	1	0	0	0	0	0	0	0	0	0	0	0	0	0	0	0	0	
35.205117	8	3	3	0	1	2	2	4199	408	36	2114	1	0	0	0	0	0	0	0	0	0	0	0	0	0	0	0	0	
36.210233	8	3	3	0	1	2	2	4198	401	36	2175	1	0	0	0	0	0	0	0	0	0	0	0	0	0	0	0	0	
37.196633	8	3	3	0	1	2	2	4199	381	36	2234	1	0	0	0	0	0	0	0	0	0	0	0	0	0	0	0	0	
38.203200	8	3	3	0	1	2	2	4199	377	36	2294	1	0	0	0	0	0	0	0	0	0	0	0	0	0	0	0	0	
39.208317	8	3	3	0	1	2	2	4199	340	35	2354	1	0	0	0	0	0	0	0	0	0	0	0	0	0	0	0	0	
40.213433	8	3	3	0	1	2	2	4199	334	35	2415	1	0	0	0	0	0	0	0	0	0	0	0	0	0	0	0	0	
41.199833	8	3	3	0	1	2	2	4199	323	35	2474	1	0	0	0	0	0	0	0	0	0	0	0	0	0	0	0	0	
42.204967	8	3	3	0	1	2	2	4199	292	35	2534	1	0	0	0	0	0	0	0	0	0	0	0	0	0	0	0	0	
43.211517	8	3	3	0	1	2	2	4199	259	35	2594	1	0	0	0	0	0	0	0	0	0	0	0	0	0	0	0	0	
44.197917	8	3	3	0	1	2	2	4198	231	34	2654	1	0	0	0	0	0	0	0	0	0	0	0	0	0	0	0	0	
45.203033	8	3	3	0	1	2	2	4199	237	34	2714	1	0	0	0	0	0	0	0	0	0	0	0	0	0	0	0	0	
46.208167	8	3	3	0	1	2	2	4198	226	34	2774	1	0	0	0	0	0	0	0	0	0	0	0	0	0	0	0	0	
47.213283	8	3	3	0	1	2	2	4199	190	34	2835	1	0	0	0	0	0	0	0	0	0	0	0	0	0	0	0	0	
48.199683	8	3	3	0	1	2	2	4199	187	34	2894	1	0	0	0	0	0	0	0	0	0	0	0	0	0	0	0	0	
49.206233	8	3	3	0	1	2	2	4199	224	34	2954	1	0	0	0	0	0	0	0	0	0	0	0	0	0	0	0	0	
50.211367	8	3	3	0	1	2	2	4199	235	33	3014	1	0	0	0	0	0	0	0	0	0	0	0	0	0	0	0	0	
51.197767	8	3	3	0	1	2	2	4198	226	33	3074	1	0	0	0	0	0	0	0	0	0	0	0	0	0	0	0	0	
52.202883	8	3	3	0	1	2	2	4199	213	33	3134	1	0	0	0	0	0	0	0	0	0	0	0	0	0	0	0	0	
53.208000	8	3	3	0	1	2	2	4198	197	33	3194	1	0	0	0	0	0	0	0	0	0	0	0	0	0	0	0	0	
54.213117	8	3	3	0	1	2	2	4199	207	33	3255	1	0	0	0	0	0	0	0	0	0	0	0	0	0	0	0	0	
55.200967	8	3	3	0	1	2	2	4198	200	33	3314	1	0	0	0	0	0	0	0	0	0	0	0	0	0	0	0	0	
56.206083	8	3	3	0	1	2	2	4199	205	32	3374	1	0	0	0	0	0	0	0	0	0	0	0	0	0	0	0	0	
57.211200	8	3	3	0	1	2	2	4199	189	32	3434	1	0	0	0	0	0	0	0	0	0	0	0	0	0	0	0	0	
58.197600	8	3	3	0	1	2	2	4199	203	32	3494	1	0	0	0	0	0	0	0	0	0	0	0	0	0	0	0	0	
59.202717	8	3	3	0	1	2	2	4198	201	32	3554	1	0	0	0	0	0	0	0	0	0	0	0	0	0	0	0	0	
60.209283	8	3	3	0	1	2	2	4199	191	32	3614	1	0	0	0	0	0	0	0	0	0	0	0	0	0	0	0	0	
61.214400	8	3	3	0	1	2	2	4199	190	32	3675	1	0	0	0	0	0	0	0	0	0	0	0	0	0	0	0	0	
62.200800	8	3	3	0	1	2	2	4198	175	31	3734	1	0	0	0	0	0	0	0	0	0	0	0	0	0	0	0	0	
63.205917	8	3	3	0	1	2	2	4199	164	31	3794	1	0	0	0	0	0	0	0	0	0	0	0	0	0	0	0	0	
64.211033	8	3	3	0	1	2	2	4199	165	31	3854	1	0	0	0	0	0	0	0	0	0	0	0	0	0	0	0	0	
65.198883	8	3	3	0	1	2	2	4198	153	31	3914	1	0	0	0	0	0	0	0	0	0	0	0	0	0	0	0	0	
66.204000	8	3	3	0	1	2	2	4199	151	31	3974	1	0	0	0	0	0	0	0	0	0	0	0	0	0	0	0	0	
67.209117	8	3	3	0	1	2	2	4199	142	31	4034	1	0	0	0	0	0	0	0	0	0	0	0	0	0	0	0	0	
68.214233	8	3	3	0	1	2	2	4199	118	30	4095	1	0	0	0	0	0	0	0	0	0	0	0	0	0	0	0	0	
69.200633	8	3	3	0	1	2	2	4198	125	30	4154	1	0	0	0	0	0	0	0	0	0	0	0	0	0	0	0	0	
70.205767	8	3	3	0	1	2	2	4199	111	30	4214	1	0	0	0	0	0	0	0	0	0	0	0	0	0	0	0	0	
71.212317	8	3	3	0	1	2	2	4198	104	30	4274	1	0	0	0	0	0	0	0	0	0	0	0	0	0	0	0	0	
72.217433	8	3	3	0	1	2	2	4198	122	30	4335	1	0	0	0	0	0	0	0	0	0	0	0	0	0	0	0	0	
73.203833	8	3	3	0	1	2	2	4199	97	30	4394	1	0	0	0	0	0	0	0	0	0	0	0	0	0	0	0	0	
74.208967	8	3	3	0	1	2	2	4198	105	29	4454	1	0	0	0	0	0	0	0	0	0	0	0	0	0	0	0	0	
75.214083	8	3	3	0	1	2	2	4198	97	29	4515	1	0	0	0	0	0	0	0	0	0	0	0	0	0	0	0	0	
76.200483	8	3	3	0	1	2	2	4198	98	29	4574	1	0	0	0	0	0	0	0	0	0	0	0	0	0	0	0	0	
77.207033	8	3	3	0	1	2	2	4198	99	29	4634	1	0	0	0	0	0	0	0	0	0	0	0	0	0	0	0	0	
78.212167	8	3	3	0	1	2	2	4198	109	29	4694	1	0	0	0	0	0	0	0	0	0	0	0	0	0	0	0	0	
79.217283	8	3	3	0	1	2	2	4199	106	29	4755	1	0	0	0	0	0	0	0	0	0	0	0	0	0	0	0	0	
80.203683	8	3	3	0	1	2	2	4198	108	30	4814	1	0	0	0	0	0	0	0	0	0	0	0	0	0	0	0	0	
81.210233	8	3	3	0	1	2	2	4198	96	30	4874	1	0	0	0	0	0	0	0	0	0	0	0	0	0	0	0	0	
82.215367	8	3	3	0	1	2	2	4198	90	30	4935	1	0	0	0	0	0	0	0	0	0	0	0	0	0	0	0	0	
83.201767	8	3	3	0	1	2	2	4198	87	30	4994	1	0	0	0	0	0	0	0	0	0	0	0	0	0	0	0	0	
84.206883	8	3	3	0	1	2	2	4199	87	30	5054	1	0	0	0	0	0	0	0	0	0	0	0	0	0	0	0	0	
85.212000	8	3	3	0	1	2	2	4198	93	29	5114	1	0	0	0	0	0	0	0	0	0	0	0	0	0	0	0	0	
86.218567	8	3	3	0	1	2	2	4198	76	29	5175	1	0	0	0	0	0	0	0	0	0	0	0	0	0	0	0	0	
87.204967	8	3	3	0	1	2	2	4199	67	29	5234	1	0	0	0	0	0	0	0	0	0	0	0	0	0	0	0	0	
87.625433	8	6	3	0	2	7	1	3703	-1349	29	5259	1	1	0	0	0	0	0	0	0	0	0	0	0	0	0	0	0	
88.211517	8	6	3	0	2	7	1	3698	-1349	29	5294	1	1	0	0	0	0	0	0	0	0	0	0	0	0	0	0	0	
89.216633	8	6	3	0	2	7	1	3677	-1350	29	5355	1	1	2	0	0	0	0	0	0	0	0	0	0	0	0	0	0	
90.203033	8	6	3	0	2	7	1	3660	-1349	29	5414	1	1	4	0	0	0	0	0	0	0	0	0	0	0	0	0	0	
91.208167	8	6	3	0	2	7	1	3646	-1350	29	5474	1	1	5	0	0	0	0	0	0	0	0	0	0	0	0	0	0	
92.214717	8	6	3	0	2	7	1	3630	-1350	29	5534	1	1	7	0	0	0	0	0	0	0	0	0	0	0	0	0	0	
93.201117	8	6	3	0	2	7	1	3619	-1349	29	5594	1	1	9	0	0	0	0	0	0	0	0	0	0	0	0	0	0	
94.206233	8	6	3	0	2	7	1	3604	-1349	29	5654	1	1	10	0	0	0	0	0	0	0	0	0	0	0	0	0	0	
95.211367	8	6	3	0	2	7	1	3589	-1349	29	5714	1	1	12	0	0	0	0	0	0	0	0	0	0	0	0	0	0	
96.216483	8	6	3	0	2	7	1	3575	-1349	29	5775	1	1	14	0	0	0	0	0	0	0	0	0	0	0	0	0	0	
97.204317	8	6	3	0	2	7	1	3561	-1348	29	5834	1	1	15	0	0	0	0	0	0	0	0	0	0	0	0	0	0	
98.209433	8	6	3	0	2	7	1	3548	-1350	29	5894	1	1	17	0	0	0	0	0	0	0	0	0	0	0	0	0	0	
99.214567	8	6	3	0	2	7	1	3534	-1351	28	5954	1	1	19	0	0	0	0	0	0	0	0	0	0	0	0	0	0	
100.200967	8	6	3	0	2	7	1	3521	-1349	28	6014	1	1	20	0	0	0	0	0	0	0	0	0	0	0	0	0	0	
101.206083	8	6	3	0	2	7	1	3508	-1350	28	6074	1	1	22	0	0	0	0	0	0	0	0	0	0	0	0	0	0	
102.212633	8	6	3	0	2	7	1	3496	-1349	28	6134	1	1	24	0	0	0	0	0	0	0	0	0	0	0	0	0	0	
103.217767	8	6	3	0	2	7	1	3484	-1348	28	6195	1	1	25	0	0	0	0	0	0	0	0	0	0	0	0	0	0	
104.204167	8	6	3	0	2	7	1	3472	-1349	28	6254	1	1	27	0	0	0	0	0	0	0	0	0	0	0	0	0	0	
105.209283	8	6	3	0	2	7	1	3459	-1350	28	6314	1	1	29	0	0	0	0	0	0	0	0	0	0	0	0	0	0	
106.214400	8	6	3	0	2	7	1	3448	-1349	28	6374	1	1	30	0	0	0	0	0	0	0	0	0	0	0	0	0	0	
107.200800	8	6	3	0	2	7	1	3437	-1351	28	6434	1	1	32	0	0	0	0	0	0	0	0	0	0	0	0	0	0	
108.207367	8	6	3	0	2	7	1	3425	-1351	28	6494	1	1	34	0	0	0	0	0	0	0	0	0	0	0	0	0	0	
109.212483	8	6	3	0	2	7	1	3415	-1350	28	6554	1	1	35	0	0	0	0	0	0	0	0	0	0	0	0	0	0	
110.217600	8	6	3	0	2	7	1	3405	-1349	28	6615	1	1	37	0	0	0	0	0	0	0	0	0	0	0	0	0	0	
111.204000	8	6	3	0	2	7	1	3395	-1349	28	6674	1	1	38	0	0	0	0	0	0	0	0	0	0	0	0	0	0	
112.209117	8	6	3	0	2	7	1	3385	-1348	28	6734	1	1	40	0	0	0	0	0	0	0	0	0	0	0	0	0	0	
113.215683	8	6	3	0	2	7	1	3376	-1350	28	6794	1	1	42	0	0	0	0	0	0	0	0	0	0	0	0	0	0	
114.202083	8	6	3	0	2	7	1	3367	-1350	28	6854	1	1	43	0	0	0	0	0	0	0	0	0	0	0	0	0	0	
115.207200	8	6	3	0	2	7	1	3359	-1350	27	6914	1	1	45	0	0	0	0	0	0	0	0	0	0	0	0	0	0	
116.212317	8	6	3	0	2	7	1	3351	-1350	27	6974	1	1	47	0	0	0	0	0	0	0	0	0	0	0	0	0	0	
117.217433	8	6	3	0	2	7	1	3343	-1350	27	7035	1	1	49	0	0	0	0	0	0	0	0	0	0	0	0	0	0	
118.205283	8	6	3	0	2	7	1	3335	-1351	27	7094	1	1	50	0	0	0	0	0	0	0	0	0	0	0	0	0	0	
119.210400	8	6	3	0	2	7	1	3328	-1350	27	7154	1	1	52	0	0	0	0	0	0	0	0	0	0	0	0	0	0	
120.215517	8	6	3	0	2	7	1	3321	-1348	27	7214	1	1	53	0	0	0	0	0	0	0	0	0	0	0	0	0	0	
121.220633	8	6	3	0	2	7	1	3314	-1349	27	7275	1	1	55	0	0	0	0	0	0	0	0	0	0	0	0	0	0	
122.207033	8	6	3	0	2	7	1	3307	-1350	27	7334	1	1	57	0	0	0	0	0	0	0	0	0	0	0	0	0	0	
123.212167	8	6	3	0	2	7	1	3301	-1350	27	7394	1	1	58	0	0	0	0	0	0	0	0	0	0	0	0	0	0	
124.218717	8	6	3	0	2	7	1	3294	-1349	27	7455	1	1	60	0	0	0	0	0	0	0	0	0	0	0	0	0	0	
125.205117	8	6	3	0	2	7	1	3287	-1350	27	7514	1	1	62	0	0	0	0	0	0	0	0	0	0	0	0	0	0	
126.210233	8	6	3	0	2	7	1	3280	-1349	27	7574	1	1	63	0	0	0	0	0	0	0	0	0	0	0	0	0	0	
127.215367	8	6	3	0	2	7	1	3273	-1351	27	7634	1	1	65	0	0	0	0	0	0	0	0	0	0	0	0	0	0	
128.220483	8	6	3	0	2	7	1	3265	-1351	27	7695	1	1	67	0	0	0	0	0	0	0	0	0	0	0	0	0	0	
129.206883	8	6	3	0	2	7	1	3256	-1350	27	7754	1	1	68	0	0	0	0	0	0	0	0	0	0	0	0	0	0	
130.213433	8	6	3	0	2	7	1	3246	-1349	27	7814	1	1	70	0	0	0	0	0	0	0	0	0	0	0	0	0	0	
131.218567	8	6	3	0	2	7	1	3235	-1350	27	7875	1	1	72	0	0	0	0	0	0	0	0	0	0	0	0	0	0	
132.204967	8	6	3	0	2	7	1	3220	-1350	27	7934	1	1	73	0	0	0	0	0	0	0	0	0	0	0	0	0	0	
133.210083	8	6	3	0	2	7	1	3201	-1347	26	7994	1	1	75	0	0	0	0	0	0	0	0	0	0	0	0	0	0	
134.215200	8	6	3	0	2	7	1	3176	-1350	26	8054	1	1	77	0	0	0	0	0	0	0	0	0	0	0	0	0	0	
135.221767	8	6	3	0	2	7	1	3142	-1349	26	8115	1	1	78	0	0	0	0	0	0	0	0	0	0	0	0	0	0	
136.208167	8	6	3	0	2	7	1	3092	-1350	26	8174	1	1	80	0	0	0	0	0	0	0	0	0	0	0	0	0	0	
137.213283	8	6	3	0	2	7	1	3005	-1348	26	8234	1	1	82	0	0	0	0	0	0	0	0	0	0	0	0	0	0	
138.218400	8	6	3	0	2	7	1	2829	-1350	26	8295	1	1	83	0	0	0	0	0	0	0	0	0	0	0	0	0	0	
138.621600	8	15	3	0	1	31	2	2775	5	26	8319	2	1	84	0	0	0	0	0	0	0	0	0	0	0	0	0	0	
138.641767	8	3	3	0	1	2	2	3263	656	26	8320	3	1	84	0	0	0	0	0	0	0	0	0	0	0	0	0	0	
139.209117	8	3	3	0	1	2	2	3524	673	26	8354	3	1	84	0	0	0	0	0	0	0	0	0	0	0	0	0	0	
140.214233	8	3	3	0	1	2	2	3667	673	26	8414	3	1	84	0	0	0	0	0	0	0	0	0	0	0	0	0	0	
141.219367	8	3	3	0	1	2	2	3742	675	26	8475	3	1	84	0	0	0	0	0	0	0	0	0	0	0	0	0	0	
142.205767	8	3	3	0	1	2	2	3818	674	26	8534	3	1	84	0	0	0	0	0	0	0	0	0	0	0	0	0	0	
143.210883	8	3	3	0	1	2	2	3859	675	26	8594	3	1	84	0	0	0	0	0	0	0	0	0	0	0	0	0	0	
144.217433	8	3	3	0	1	2	2	3881	674	26	8654	3	1	84	0	0	0	0	0	0	0	0	0	0	0	0	0	0	
145.222567	8	3	3	0	1	2	2	3888	675	26	8715	3	1	84	0	0	0	0	0	0	0	0	0	0	0	0	0	0	
146.208967	8	3	3	0	1	2	2	3893	674	26	8774	3	1	84	0	0	0	0	0	0	0	0	0	0	0	0	0	0	
147.214083	8	3	3	0	1	2	2	3908	675	26	8834	3	1	84	0	0	0	0	0	0	0	0	0	0	0	0	0	0	
148.219200	8	3	3	0	1	2	2	3913	675	26	8895	3	1	84	0	0	0	0	0	0	0	0	0	0	0	0	0	0	
149.207033	8	3	3	0	1	2	2	3915	674	26	8954	3	1	84	0	0	0	0	0	0	0	0	0	0	0	0	0	0	
150.212167	8	3	3	0	1	2	2	3933	675	26	9014	3	1	84	0	0	0	0	0	0	0	0	0	0	0	0	0	0	
151.217283	8	3	3	0	1	2	2	3941	674	26	9074	3	1	84	0	0	0	0	0	0	0	0	0	0	0	0	0	0	
152.222400	8	3	3	0	1	2	2	3947	675	26	9135	3	1	84	0	0	0	0	0	0	0	0	0	0	0	0	0	0	
153.208800	8	3	3	0	1	2	2	3950	674	26	9194	3	1	84	0	0	0	0	0	0	0	0	0	0	0	0	0	0	
154.215367	8	3	3	0	1	2	2	3959	674	26	9254	3	1	84	0	0	0	0	0	0	0	0	0	0	0	0	0	0	
155.220483	8	3	3	0	1	2	2	3966	675	25	9315	3	1	84	0	0	0	0	0	0	0	0	0	0	0	0	0	0	
156.206883	8	3	3	0	1	2	2	3974	674	25	9374	3	1	84	0	0	0	0	0	0	0	0	0	0	0	0	0	0	
157.212000	8	3	3	0	1	2	2	3983	673	25	9434	3	1	84	0	0	0	0	0	0	0	0	0	0	0	0	0	0	
158.217117	8	3	3	0	1	2	2	3988	674	25	9494	3	1	84	0	0	0	0	0	0	0	0	0	0	0	0	0	0	
159.222233	8	3	3	0	1	2	2	3995	674	25	9555	3	1	84	0	0	0	0	0	0	0	0	0	0	0	0	0	0	
160.210083	8	3	3	0	1	2	2	4002	673	25	9614	3	1	84	0	0	0	0	0	0	0	0	0	0	0	0	0	0	
161.215200	8	3	3	0	1	2	2	4005	675	25	9674	3	1	84	0	0	0	0	0	0	0	0	0	0	0	0	0	0	
162.220317	8	3	3	0	1	2	2	4007	673	25	9734	3	1	84	0	0	0	0	0	0	0	0	0	0	0	0	0	0	
163.206717	8	3	3	0	1	2	2	4011	674	25	9794	3	1	84	0	0	0	0	0	0	0	0	0	0	0	0	0	0	
164.211833	8	3	3	0	1	2	2	4017	675	25	9854	3	1	84	0	0	0	0	0	0	0	0	0	0	0	0	0	0	
165.218400	8	3	3	0	1	2	2	4020	674	25	9914	3	1	84	0	0	0	0	0	0	0	0	0	0	0	0	0	0	
166.223517	8	3	3	0	1	2	2	4025	674	25	9975	3	1	84	0	0	0	0	0	0	0	0	0	0	0	0	0	0	
167.209917	8	3	3	0	1	2	2	4028	674	25	10034	3	1	84	0	0	0	0	0	0	0	0	0	0	0	0	0	0	
168.215033	8	3	3	0	1	2	2	4030	674	25	10094	3	1	84	0	0	0	0	0	0	0	0	0	0	0	0	0	0	
169.220167	8	3	3	0	1	2	2	4036	674	25	10154	3	1	84	0	0	0	0	0	0	0	0	0	0	0	0	0	0	
170.206567	8	3	3	0	1	2	2	4038	673	25	10214	3	1	84	0	0	0	0	0	0	0	0	0	0	0	0	0	0	
171.213117	8	3	3	0	1	2	2	4040	674	25	10274	3	1	84	0	0	0	0	0	0	0	0	0	0	0	0	0	0	
172.218233	8	3	3	0	1	2	2	4044	674	25	10334	3	1	84	0	0	0	0	0	0	0	0	0	0	0	0	0	0	
173.223367	8	3	3	0	1	2	2	4053	675	25	10395	3	1	84	0	0	0	0	0	0	0	0	0	0	0	0	0	0	
174.209767	8	3	3	0	1	2	2	4058	675	25	10454	3	1	84	0	0	0	0	0	0	0	0	0	0	0	0	0	0	
175.214883	8	3	3	0	1	2	2	4058	673	25	10514	3	1	84	0	0	0	0	0	0	0	0	0	0	0	0	0	0	
176.221433	8	3	3	0	1	2	2	4061	674	25	10574	3	1	84	0	0	0	0	0	0	0	0	0	0	0	0	0	0	
177.207833	8	3	3	0	1	2	2	4061	674	25	10634	3	1	84	0	0	0	0	0	0	0	0	0	0	0	0	0	0	
178.212967	8	3	3	0	1	2	2	4066	675	25	10694	3	1	84	0	0	0	0	0	0	0	0	0	0	0	0	0	0	
179.218083	8	3	3	0	1	2	2	4072	675	25	10754	3	1	84	0	0	0	0	0	0	0	0	0	0	0	0	0	0	
180.223200	8	3	3	0	1	2	2	4075	674	25	10815	3	1	84	0	0	0	0	0	0	0	0	0	0	0	0	0	0	
181.209600	8	3	3	0	1	2	2	4077	676	25	10874	3	1	84	0	0	0	0	0	0	0	0	0	0	0	0	0	0	
182.216167	8	3	3	0	1	2	2	4077	674	25	10934	3	1	84	0	0	0	0	0	0	0	0	0	0	0	0	0	0	
183.221283	8	3	3	0	1	2	2	4078	674	24	10994	3	1	84	0	0	0	0	0	0	0	0	0	0	0	0	0	0	
184.207683	8	3	3	0	1	2	2	4082	674	24	11054	3	1	84	0	0	0	0	0	0	0	0	0	0	0	0	0	0	
185.212800	8	3	3	0	1	2	2	4090	674	24	11114	3	1	84	0	0	0	0	0	0	0	0	0	0	0	0	0	0	
186.219367	8	3	3	0	1	2	2	4095	674	24	11174	3	1	84	0	0	0	0	0	0	0	0	0	0	0	0	0	0	
187.224483	8	3	3	0	1	2	2	4097	675	24	11235	3	1	84	0	0	0	0	0	0	0	0	0	0	0	0	0	0	
188.210883	8	3	3	0	1	2	2	4099	675	24	11294	3	1	84	0	0	0	0	0	0	0	0	0	0	0	0	0	0	
189.216000	8	3	3	0	1	2	2	4098	673	24	11354	3	1	84	0	0	0	0	0	0	0	0	0	0	0	0	0	0	
190.221117	8	3	3	0	1	2	2	4101	675	24	11414	3	1	84	0	0	0	0	0	0	0	0	0	0	0	0	0	0	
191.207517	8	3	3	0	1	2	2	4107	675	24	11474	3	1	84	0	0	0	0	0	0	0	0	0	0	0	0	0	0	
192.214083	8	3	3	0	1	2	2	4107	674	24	11534	3	1	84	0	0	0	0	0	0	0	0	0	0	0	0	0	0	
193.219200	8	3	3	0	1	2	2	4107	675	24	11594	3	1	84	0	0	0	0	0	0	0	0	0	0	0	0	0	0	
194.224317	8	3	3	0	1	2	2	4111	675	24	11655	3	1	84	0	0	0	0	0	0	0	0	0	0	0	0	0	0	
195.210717	8	3	3	0	1	2	2	4116	674	24	11714	3	1	84	0	0	0	0	0	0	0	0	0	0	0	0	0	0	
196.215833	8	3	3	0	1	2	2	4116	669	24	11774	3	1	84	0	0	0	0	0	0	0	0	0	0	0	0	0	0	
197.222400	8	3	3	0	1	2	2	4119	664	24	11834	3	1	84	0	0	0	0	0	0	0	0	0	0	0	0	0	0	
198.208800	8	3	3	0	1	2	2	4121	663	24	11894	3	1	84	0	0	0	0	0	0	0	0	0	0	0	0	0	0	
199.213917	8	3	3	0	1	2	2	4128	662	24	11954	3	1	84	0	0	0	0	0	0	0	0	0	0	0	0	0	0	
200.219033	8	3	3	0	1	2	2	4129	661	24	12014	3	1	84	0	0	0	0	0	0	0	0	0	0	0	0	0	0	
201.224167	8	3	3	0	1	2	2	4131	662	24	12075	3	1	84	0	0	0	0	0	0	0	0	0	0	0	0	0	0	
202.210567	8	3	3	0	1	2	2	4139	663	24	12134	3	1	84	0	0	0	0	0	0	0	0	0	0	0	0	0	0	
203.217117	8	3	3	0	1	2	2	4142	660	24	12194	3	1	84	0	0	0	0	0	0	0	0	0	0	0	0	0	0	
204.222233	8	3	3	0	1	2	2	4148	659	24	12254	3	1	84	0	0	0	0	0	0	0	0	0	0	0	0	0	0	
205.227367	8	3	3	0	1	2	2	4154	657	24	12315	3	1	84	0	0	0	0	0	0	0	0	0	0	0	0	0	0	
206.213767	8	3	3	0	1	2	2	4159	656	24	12374	3	1	84	0	0	0	0	0	0	0	0	0	0	0	0	0	0	
207.218883	8	3	3	0	1	2	2	4163	654	24	12434	3	1	84	0	0	0	0	0	0	0	0	0	0	0	0	0	0	
208.225433	8	3	3	0	1	2	2	4165	655	24	12495	3	1	84	0	0	0	0	0	0	0	0	0	0	0	0	0	0	
209.211833	8	3	3	0	1	2	2	4169	655	24	12554	3	1	84	0	0	0	0	0	0	0	0	0	0	0	0	0	0	
210.216967	8	3	3	0	1	2	2	4177	653	24	12614	3	1	84	0	0	0	0	0	0	0	0	0	0	0	0	0	0	
211.222083	8	3	3	0	1	2	2	4183	652	24	12674	3	1	84	0	0	0	0	0	0	0	0	0	0	0	0	0	0	
212.227200	8	3	3	0	1	2	2	4188	651	24	12735	3	1	84	0	0	0	0	0	0	0	0	0	0	0	0	0	0	
213.213600	8	3	3	0	1	2	2	4194	649	24	12794	3	1	84	0	0	0	0	0	0	0	0	0	0	0	0	0	0	
214.220167	8	3	3	0	1	2	2	4198	643	24	12854	3	1	84	0	0	0	0	0	0	0	0	0	0	0	0	0	0	
215.225283	8	3	3	0	1	2	2	4198	628	24	12915	3	1	84	0	0	0	0	0	0	0	0	0	0	0	0	0	0	
216.211683	8	3	3	0	1	2	2	4199	608	24	12974	3	1	84	0	0	0	0	0	0	0	0	0	0	0	0	0	0	
217.216800	8	3	3	0	1	2	2	4199	588	24	13034	3	1	84	0	0	0	0	0	0	0	0	0	0	0	0	0	0	
218.223367	8	3	3	0	1	2	2	4199	558	24	13094	3	1	84	0	0	0	0	0	0	0	0	0	0	0	0	0	0	
219.228483	8	3	3	0	1	2	2	4198	544	24	13155	3	1	84	0	0	0	0	0	0	0	0	0	0	0	0	0	0	
220.214883	8	3	3	0	1	2	2	4199	518	24	13214	3	1	84	0	0	0	0	0	0	0	0	0	0	0	0	0	0	
221.220000	8	3	3	0	1	2	2	4199	503	23	13274	3	1	84	0	0	0	0	0	0	0	0	0	0	0	0	0	0	
222.225117	8	3	3	0	1	2	2	4198	490	24	13335	3	1	84	0	0	0	0	0	0	0	0	0	0	0	0	0	0	
223.211517	8	3	3	0	1	2	2	4199	475	23	13394	3	1	84	0	0	0	0	0	0	0	0	0	0	0	0	0	0	
224.218083	8	3	3	0	1	2	2	4198	446	23	13454	3	1	84	0	0	0	0	0	0	0	0	0	0	0	0	0	0	
225.223200	8	3	3	0	1	2	2	4199	431	24	13514	3	1	84	0	0	0	0	0	0	0	0	0	0	0	0	0	0	
226.228317	8	3	3	0	1	2	2	4199	421	23	13575	3	1	84	0	0	0	0	0	0	0	0	0	0	0	0	0	0	
227.214717	8	3	3	0	1	2	2	4198	399	23	13634	3	1	84	0	0	0	0	0	0	0	0	0	0	0	0	0	0	
228.219833	8	3	3	0	1	2	2	4199	395	23	13694	3	1	84	0	0	0	0	0	0	0	0	0	0	0	0	0	0	
229.224967	8	3	3	0	1	2	2	4199	378	23	13754	3	1	84	0	0	0	0	0	0	0	0	0	0	0	0	0	0	
230.212800	8	3	3	0	1	2	2	4199	367	23	13814	3	1	84	0	0	0	0	0	0	0	0	0	0	0	0	0	0	
231.217917	8	3	3	0	1	2	2	4198	365	23	13874	3	1	84	0	0	0	0	0	0	0	0	0	0	0	0	0	0	
232.223033	8	3	3	0	1	2	2	4198	339	23	13934	3	1	84	0	0	0	0	0	0	0	0	0	0	0	0	0	0	
233.228167	8	3	3	0	1	2	2	4198	334	23	13995	3	1	84	0	0	0	0	0	0	0	0	0	0	0	0	0	0	
234.214567	8	3	3	0	1	2	2	4198	332	23	14054	3	1	84	0	0	0	0	0	0	0	0	0	0	0	0	0	0	
235.221117	8	3	3	0	1	2	2	4198	321	23	14114	3	1	84	0	0	0	0	0	0	0	0	0	0	0	0	0	0	
236.226233	8	3	3	0	1	2	2	4198	307	23	14174	3	1	84	0	0	0	0	0	0	0	0	0	0	0	0	0	0	
237.212633	8	3	3	0	1	2	2	4198	297	23	14234	3	1	84	0	0	0	0	0	0	0	0	0	0	0	0	0	0	
238.217767	8	3	3	0	1	2	2	4199	292	23	14294	3	1	84	0	0	0	0	0	0	0	0	0	0	0	0	0	0	
239.222883	8	3	3	0	1	2	2	4199	282	23	14354	3	1	84	0	0	0	0	0	0	0	0	0	0	0	0	0	0	
240.228000	8	3	3	0	1	2	2	4198	274	23	14415	3	1	84	0	0	0	0	0	0	0	0	0	0	0	0	0	0	
241.214400	8	3	3	0	1	2	2	4198	264	23	14474	3	1	84	0	0	0	0	0	0	0	0	0	0	0	0	0	0	
242.220967	8	3	3	0	1	2	2	4199	264	23	14534	3	1	84	0	0	0	0	0	0	0	0	0	0	0	0	0	0	
243.226083	8	3	3	0	1	2	2	4199	261	23	14594	3	1	84	0	0	0	0	0	0	0	0	0	0	0	0	0	0	
244.212483	8	3	3	0	1	2	2	4198	242	23	14654	3	1	84	0	0	0	0	0	0	0	0	0	0	0	0	0	0	
245.217600	8	3	3	0	1	2	2	4198	238	23	14714	3	1	84	0	0	0	0	0	0	0	0	0	0	0	0	0	0	
246.222717	8	3	3	0	1	2	2	4198	239	23	14774	3	1	84	0	0	0	0	0	0	0	0	0	0	0	0	0	0	
247.229283	8	3	3	0	1	2	2	4199	238	23	14835	3	1	84	0	0	0	0	0	0	0	0	0	0	0	0	0	0	
248.215683	8	3	3	0	1	2	2	4198	227	23	14894	3	1	84	0	0	0	0	0	0	0	0	0	0	0	0	0	0	
249.220800	8	3	3	0	1	2	2	4199	222	23	14954	3	1	84	0	0	0	0	0	0	0	0	0	0	0	0	0	0	
250.225917	8	3	3	0	1	2	2	4198	216	23	15014	3	1	84	0	0	0	0	0	0	0	0	0	0	0	0	0	0	
251.212317	8	3	3	0	1	2	2	4198	209	23	15074	3	1	84	0	0	0	0	0	0	0	0	0	0	0	0	0	0	
252.218883	8	3	3	0	1	2	2	4198	203	23	15134	3	1	84	0	0	0	0	0	0	0	0	0	0	0	0	0	0	
253.224000	8	3	3	0	1	2	2	4199	196	23	15194	3	1	84	0	0	0	0	0	0	0	0	0	0	0	0	0	0	
254.229117	8	3	3	0	1	2	2	4199	190	23	15255	3	1	84	0	0	0	0	0	0	0	0	0	0	0	0	0	0	
255.215517	8	3	3	0	1	2	2	4198	188	23	15314	3	1	84	0	0	0	0	0	0	0	0	0	0	0	0	0	0	
256.220633	8	3	3	0	1	2	2	4199	180	23	15374	3	1	84	0	0	0	0	0	0	0	0	0	0	0	0	0	0	
257.227200	8	3	3	0	1	2	2	4198	175	23	15434	3	1	84	0	0	0	0	0	0	0	0	0	0	0	0	0	0	
258.213600	8	3	3	0	1	2	2	4198	171	23	15494	3	1	84	0	0	0	0	0	0	0	0	0	0	0	0	0	0	
259.218717	8	3	3	0	1	2	2	4199	164	23	15554	3	1	84	0	0	0	0	0	0	0	0	0	0	0	0	0	0	
260.223833	8	3	3	0	1	2	2	4198	160	23	15614	3	1	84	0	0	0	0	0	0	0	0	0	0	0	0	0	0	
261.228967	8	3	3	0	1	2	2	4199	155	23	15675	3	1	84	0	0	0	0	0	0	0	0	0	0	0	0	0	0	
262.215367	8	3	3	0	1	2	2	4199	150	23	15734	3	1	84	0	0	0	0	0	0	0	0	0	0	0	0	0	0	
263.221917	8	3	3	0	1	2	2	4198	144	23	15794	3	1	84	0	0	0	0	0	0	0	0	0	0	0	0	0	0	
264.227033	8	3	3	0	1	2	2	4198	140	23	15854	3	1	84	0	0	0	0	0	0	0	0	0	0	0	0	0	0	
265.232167	8	3	3	0	1	2	2	4198	136	23	15915	3	1	84	0	0	0	0	0	0	0	0	0	0	0	0	0	0	
266.218567	8	3	3	0	1	2	2	4198	133	23	15974	3	1	84	0	0	0	0	0	0	0	0	0	0	0	0	0	0	
267.223683	8	3	3	0	1	2	2	4199	128	23	16034	3	1	84	0	0	0	0	0	0	0	0	0	0	0	0	0	0	
268.230233	8	3	3	0	1	2	2	4198	127	23	16095	3	1	84	0	0	0	0	0	0	0	0	0	0	0	0	0	0	
269.216633	8	3	3	0	1	2	2	4198	124	23	16154	3	1	84	0	0	0	0	0	0	0	0	0	0	0	0	0	0	
270.221767	8	3	3	0	1	2	2	4198	123	23	16214	3	1	84	0	0	0	0	0	0	0	0	0	0	0	0	0	0	
271.226883	8	3	3	0	1	2	2	4198	120	23	16274	3	1	84	0	0	0	0	0	0	0	0	0	0	0	0	0	0	
272.232000	8	3	3	0	1	2	2	4199	116	23	16335	3	1	84	0	0	0	0	0	0	0	0	0	0	0	0	0	0	
273.218400	8	3	3	0	1	2	2	4199	114	23	16394	3	1	84	0	0	0	0	0	0	0	0	0	0	0	0	0	0	
274.224967	8	3	3	0	1	2	2	4198	110	23	16454	3	1	84	0	0	0	0	0	0	0	0	0	0	0	0	0	0	
275.230083	8	3	3	0	1	2	2	4198	109	23	16515	3	1	84	0	0	0	0	0	0	0	0	0	0	0	0	0	0	
276.216483	8	3	3	0	1	2	2	4198	106	23	16574	3	1	84	0	0	0	0	0	0	0	0	0	0	0	0	0	0	
277.221600	8	3	3	0	1	2	2	4199	103	22	16634	3	1	84	0	0	0	0	0	0	0	0	0	0	0	0	0	0	
278.226717	8	3	3	0	1	2	2	4199	101	22	16694	3	1	84	0	0	0	0	0	0	0	0	0	0	0	0	0	0	
279.233283	8	3	3	0	1	2	2	4198	98	23	16755	3	1	84	0	0	0	0	0	0	0	0	0	0	0	0	0	0	
280.219683	8	3	3	0	1	2	2	4198	95	22	16814	3	1	84	0	0	0	0	0	0	0	0	0	0	0	0	0	0	
281.224800	8	3	3	0	1	2	2	4198	92	23	16874	3	1	84	0	0	0	0	0	0	0	0	0	0	0	0	0	0	
282.229917	8	3	3	0	1	2	2	4199	91	22	16935	3	1	84	0	0	0	0	0	0	0	0	0	0	0	0	0	0	
283.216317	8	3	3	0	1	2	2	4199	90	22	16994	3	1	84	0	0	0	0	0	0	0	0	0	0	0	0	0	0	
284.221433	8	3	3	0	1	2	2	4198	87	22	17054	3	1	84	0	0	0	0	0	0	0	0	0	0	0	0	0	0	
285.228000	8	3	3	0	1	2	2	4199	85	22	17114	3	1	84	0	0	0	0	0	0	0	0	0	0	0	0	0	0	
286.233117	8	3	3	0	1	2	2	4199	83	22	17175	3	1	84	0	0	0	0	0	0	0	0	0	0	0	0	0	0	
287.219517	8	3	3	0	1	2	2	4198	81	22	17234	3	1	84	0	0	0	0	0	0	0	0	0	0	0	0	0	0	
288.224633	8	3	3	0	1	2	2	4198	80	22	17294	3	1	84	0	0	0	0	0	0	0	0	0	0	0	0	0	0	
289.229767	8	3	3	0	1	2	2	4199	79	22	17355	3	1	84	0	0	0	0	0	0	0	0	0	0	0	0	0	0	
290.217600	8	3	3	0	1	2	2	4198	77	22	17414	3	1	84	0	0	0	0	0	0	0	0	0	0	0	0	0	0	
291.222717	8	3	3	0	1	2	2	4198	75	22	17474	3	1	84	0	0	0	0	0	0	0	0	0	0	0	0	0	0	
292.227833	8	3	3	0	1	2	2	4198	74	22	17534	3	1	84	0	0	0	0	0	0	0	0	0	0	0	0	0	0	
293.232967	8	3	3	0	1	2	2	4198	72	22	17595	3	1	84	0	0	0	0	0	0	0	0	0	0	0	0	0	0	
294.220800	8	3	3	0	1	2	2	4198	71	22	17654	3	1	84	0	0	0	0	0	0	0	0	0	0	0	0	0	0	
295.225917	8	3	3	0	1	2	2	4199	70	22	17714	3	1	84	0	0	0	0	0	0	0	0	0	0	0	0	0	0	
296.231033	8	3	3	0	1	2	2	4198	67	22	17775	3	1	84	0	0	0	0	0	0	0	0	0	0	0	0	0	0	
297.105117	8	6	3	0	2	7	1	3934	-711	22	17827	3	2	0	0	0	0	0	0	0	0	0	0	0	0	0	0	0	
297.218883	8	6	3	0	2	7	1	3721	-1349	22	17834	3	2	0	0	0	0	0	0	0	0	0	0	0	0	0	0	0	
298.225433	8	6	3	0	2	7	1	3669	-1350	22	17894	3	2	1	0	0	0	0	0	0	0	0	0	0	0	0	0	0	
299.230567	8	6	3	0	2	7	1	3647	-1350	22	17954	3	2	3	0	0	0	0	0	0	0	0	0	0	0	0	0	0	
300.216967	8	6	3	0	2	7	1	3596	-1349	22	18014	3	2	5	0	0	0	0	0	0	0	0	0	0	0	0	0	0	
301.222083	8	6	3	0	2	7	1	3615	-1349	22	18074	3	2	6	0	0	0	0	0	0	0	0	0	0	0	0	0	0	
302.227200	8	6	3	0	2	7	1	3622	-1349	22	18134	3	2	8	0	0	0	0	0	0	0	0	0	0	0	0	0	0	
303.233767	8	6	3	0	2	7	1	3602	-1348	22	18195	3	2	10	0	0	0	0	0	0	0	0	0	0	0	0	0	0	
304.220167	8	6	3	0	2	7	1	3590	-1350	22	18254	3	2	11	0	0	0	0	0	0	0	0	0	0	0	0	0	0	
305.225283	8	6	3	0	2	7	1	3576	-1350	22	18314	3	2	13	0	0	0	0	0	0	0	0	0	0	0	0	0	0	
306.230400	8	6	3	0	2	7	1	3563	-1350	22	18374	3	2	15	0	0	0	0	0	0	0	0	0	0	0	0	0	0	
307.216800	8	6	3	0	2	7	1	3549	-1352	22	18434	3	2	16	0	0	0	0	0	0	0	0	0	0	0	0	0	0	
308.223367	8	6	3	0	2	7	1	3535	-1350	22	18494	3	2	18	0	0	0	0	0	0	0	0	0	0	0	0	0	0	
309.228483	8	6	3	0	2	7	1	3522	-1350	22	18554	3	2	20	0	0	0	0	0	0	0	0	0	0	0	0	0	0	
310.233600	8	6	3	0	2	7	1	3510	-1350	22	18615	3	2	21	0	0	0	0	0	0	0	0	0	0	0	0	0	0	
311.220000	8	6	3	0	2	7	1	3485	-1349	22	18674	3	2	23	0	0	0	0	0	0	0	0	0	0	0	0	0	0	
312.225117	8	6	3	0	2	7	1	3465	-1351	22	18734	3	2	24	0	0	0	0	0	0	0	0	0	0	0	0	0	0	
313.230233	8	6	3	0	2	7	1	3449	-1349	22	18794	3	2	26	0	0	0	0	0	0	0	0	0	0	0	0	0	0	
314.218083	8	6	3	0	2	7	1	3437	-1351	22	18854	3	2	28	0	0	0	0	0	0	0	0	0	0	0	0	0	0	
315.223200	8	6	3	0	2	7	1	3427	-1350	22	18914	3	2	29	0	0	0	0	0	0	0	0	0	0	0	0	0	0	
316.228317	8	6	3	0	2	7	1	3416	-1351	22	18974	3	2	31	0	0	0	0	0	0	0	0	0	0	0	0	0	0	
317.233433	8	6	3	0	2	7	1	3404	-1348	22	19035	3	2	33	0	0	0	0	0	0	0	0	0	0	0	0	0	0	
318.219833	8	6	3	0	2	7	1	3393	-1350	22	19094	3	2	34	0	0	0	0	0	0	0	0	0	0	0	0	0	0	
319.226400	8	6	3	0	2	7	1	3382	-1351	22	19154	3	2	36	0	0	0	0	0	0	0	0	0	0	0	0	0	0	
320.231517	8	6	3	0	2	7	1	3372	-1350	22	19214	3	2	38	0	0	0	0	0	0	0	0	0	0	0	0	0	0	
321.236633	8	6	3	0	2	7	1	3363	-1349	22	19275	3	2	39	0	0	0	0	0	0	0	0	0	0	0	0	0	0	
322.223033	8	6	3	0	2	7	1	3354	-1351	22	19334	3	2	41	0	0	0	0	0	0	0	0	0	0	0	0	0	0	
323.228167	8	6	3	0	2	7	1	3344	-1351	22	19394	3	2	43	0	0	0	0	0	0	0	0	0	0	0	0	0	0	
324.233283	8	6	3	0	2	7	1	3337	-1349	22	19455	3	2	44	0	0	0	0	0	0	0	0	0	0	0	0	0	0	
325.219683	8	6	3	0	2	7	1	3328	-1351	22	19514	3	2	46	0	0	0	0	0	0	0	0	0	0	0	0	0	0	
326.226233	8	6	3	0	2	7	1	3319	-1348	22	19574	3	2	48	0	0	0	0	0	0	0	0	0	0	0	0	0	0	
327.231367	8	6	3	0	2	7	1	3312	-1349	22	19634	3	2	49	0	0	0	0	0	0	0	0	0	0	0	0	0	0	
328.236483	8	6	3	0	2	7	1	3304	-1349	22	19695	3	2	51	0	0	0	0	0	0	0	0	0	0	0	0	0	0	
329.222883	8	6	3	0	2	7	1	3298	-1350	22	19754	3	2	53	0	0	0	0	0	0	0	0	0	0	0	0	0	0	
330.229433	8	6	3	0	2	7	1	3292	-1350	22	19814	3	2	54	0	0	0	0	0	0	0	0	0	0	0	0	0	0	
331.234567	8	6	3	0	2	7	1	3285	-1350	22	19875	3	2	56	0	0	0	0	0	0	0	0	0	0	0	0	0	0	
332.220967	8	6	3	0	2	7	1	3279	-1349	22	19934	3	2	58	0	0	0	0	0	0	0	0	0	0	0	0	0	0	
333.226083	8	6	3	0	2	7	1	3272	-1349	22	19994	3	2	59	0	0	0	0	0	0	0	0	0	0	0	0	0	0	
334.231200	8	6	3	0	2	7	1	3266	-1349	22	20054	3	2	61	0	0	0	0	0	0	0	0	0	0	0	0	0	0	
335.236317	8	6	3	0	2	7	1	3258	-1349	22	20115	3	2	63	0	0	0	0	0	0	0	0	0	0	0	0	0	0	
336.224167	8	6	3	0	2	7	1	3252	-1349	22	20174	3	2	64	0	0	0	0	0	0	0	0	0	0	0	0	0	0	
337.229283	8	6	3	0	2	7	1	3243	-1349	22	20234	3	2	66	0	0	0	0	0	0	0	0	0	0	0	0	0	0	
338.234400	8	6	3	0	2	7	1	3234	-1350	22	20295	3	2	68	0	0	0	0	0	0	0	0	0	0	0	0	0	0	
339.220800	8	6	3	0	2	7	1	3223	-1347	22	20354	3	2	69	0	0	0	0	0	0	0	0	0	0	0	0	0	0	
340.225917	8	6	3	0	2	7	1	3214	-1349	22	20414	3	2	71	0	0	0	0	0	0	0	0	0	0	0	0	0	0	
341.232483	8	6	3	0	2	7	1	3200	-1350	22	20474	3	2	73	0	0	0	0	0	0	0	0	0	0	0	0	0	0	
342.237600	8	6	3	0	2	7	1	3186	-1350	22	20535	3	2	74	0	0	0	0	0	0	0	0	0	0	0	0	0	0	
343.224000	8	6	3	0	2	7	1	3167	-1350	22	20594	3	2	76	0	0	0	0	0	0	0	0	0	0	0	0	0	0	
344.229117	8	6	3	0	2	7	1	3145	-1350	22	20654	3	2	78	0	0	0	0	0	0	0	0	0	0	0	0	0	0	
345.234233	8	6	3	0	2	7	1	3112	-1349	22	20714	3	2	79	0	0	0	0	0	0	0	0	0	0	0	0	0	0	
346.220633	8	6	3	0	2	7	1	3065	-1348	22	20774	3	2	81	0	0	0	0	0	0	0	0	0	0	0	0	0	0	
347.227200	8	6	3	0	2	7	1	2988	-1350	22	20834	3	2	83	0	0	0	0	0	0	0	0	0	0	0	0	0	0	
348.232317	8	6	3	0	2	7	1	2840	-1350	22	20894	3	2	84	0	0	0	0	0	0	0	0	0	0	0	0	0	0	
348.766567	8	15	3	0	1	31	2	2973	31	22	20926	4	2	85	0	0	0	0	0	0	0	0	0	0	0	0	0	0	
348.786717	8	3	3	0	1	2	2	3334	678	22	20928	5	2	85	0	0	0	0	0	0	0	0	0	0	0	0	0	0	
349.221600	8	3	3	0	1	2	2	3539	674	22	20954	5	2	85	0	0	0	0	0	0	0	0	0	0	0	0	0	0	
350.226717	8	3	3	0	1	2	2	3691	674	22	21014	5	2	85	0	0	0	0	0	0	0	0	0	0	0	0	0	0	
351.233283	8	3	3	0	1	2	2	3771	674	22	21074	5	2	85	0	0	0	0	0	0	0	0	0	0	0	0	0	0	
352.238400	8	3	3	0	1	2	2	3826	675	22	21135	5	2	85	0	0	0	0	0	0	0	0	0	0	0	0	0	0	
353.224800	8	3	3	0	1	2	2	3864	673	22	21194	5	2	85	0	0	0	0	0	0	0	0	0	0	0	0	0	0	
354.229917	8	3	3	0	1	2	2	3886	675	22	21254	5	2	85	0	0	0	0	0	0	0	0	0	0	0	0	0	0	
355.235033	8	3	3	0	1	2	2	3896	675	22	21315	5	2	85	0	0	0	0	0	0	0	0	0	0	0	0	0	0	
356.221433	8	3	3	0	1	2	2	3903	677	22	21374	5	2	85	0	0	0	0	0	0	0	0	0	0	0	0	0	0	
357.228000	8	3	3	0	1	2	2	3908	675	22	21434	5	2	85	0	0	0	0	0	0	0	0	0	0	0	0	0	0	
358.233117	8	3	3	0	1	2	2	3914	674	22	21494	5	2	85	0	0	0	0	0	0	0	0	0	0	0	0	0	0	
359.238233	8	3	3	0	1	2	2	3921	675	22	21555	5	2	85	0	0	0	0	0	0	0	0	0	0	0	0	0	0	
360.224633	8	3	3	0	1	2	2	3927	675	22	21614	5	2	85	0	0	0	0	0	0	0	0	0	0	0	0	0	0	
361.231200	8	3	3	0	1	2	2	3932	674	22	21674	5	2	85	0	0	0	0	0	0	0	0	0	0	0	0	0	0	
362.236317	8	3	3	0	1	2	2	3938	674	22	21734	5	2	85	0	0	0	0	0	0	0	0	0	0	0	0	0	0	
363.222717	8	3	3	0	1	2	2	3945	674	22	21794	5	2	85	0	0	0	0	0	0	0	0	0	0	0	0	0	0	
364.227833	8	3	3	0	1	2	2	3952	674	22	21854	5	2	85	0	0	0	0	0	0	0	0	0	0	0	0	0	0	
365.232967	8	3	3	0	1	2	2	3960	675	22	21914	5	2	85	0	0	0	0	0	0	0	0	0	0	0	0	0	0	
366.238083	8	3	3	0	1	2	2	3966	675	22	21975	5	2	85	0	0	0	0	0	0	0	0	0	0	0	0	0	0	
367.225917	8	3	3	0	1	2	2	3973	676	22	22034	5	2	85	0	0	0	0	0	0	0	0	0	0	0	0	0	0	
368.231033	8	3	3	0	1	2	2	3979	676	22	22094	5	2	85	0	0	0	0	0	0	0	0	0	0	0	0	0	0	
369.236167	8	3	3	0	1	2	2	3985	673	22	22154	5	2	85	0	0	0	0	0	0	0	0	0	0	0	0	0	0	
370.222567	8	3	3	0	1	2	2	3990	674	22	22214	5	2	85	0	0	0	0	0	0	0	0	0	0	0	0	0	0	
371.227683	8	3	3	0	1	2	2	3994	673	22	22274	5	2	85	0	0	0	0	0	0	0	0	0	0	0	0	0	0	
372.234233	8	3	3	0	1	2	2	3999	675	22	22334	5	2	85	0	0	0	0	0	0	0	0	0	0	0	0	0	0	
373.239367	8	3	3	0	1	2	2	4003	673	22	22395	5	2	85	0	0	0	0	0	0	0	0	0	0	0	0	0	0	
374.225767	8	3	3	0	1	2	2	4006	674	22	22454	5	2	85	0	0	0	0	0	0	0	0	0	0	0	0	0	0	
375.230883	8	3	3	0	1	2	2	4010	675	22	22514	5	2	85	0	0	0	0	0	0	0	0	0	0	0	0	0	0	
376.237433	8	3	3	0	1	2	2	4013	675	22	22574	5	2	85	0	0	0	0	0	0	0	0	0	0	0	0	0	0	
377.223833	8	3	3	0	1	2	2	4016	675	22	22634	5	2	85	0	0	0	0	0	0	0	0	0	0	0	0	0	0	
378.228967	8	3	3	0	1	2	2	4019	675	22	22694	5	2	85	0	0	0	0	0	0	0	0	0	0	0	0	0	0	
379.234083	8	3	3	0	1	2	2	4022	674	22	22754	5	2	85	0	0	0	0	0	0	0	0	0	0	0	0	0	0	
380.239200	8	3	3	0	1	2	2	4025	674	22	22815	5	2	85	0	0	0	0	0	0	0	0	0	0	0	0	0	0	
381.225600	8	3	3	0	1	2	2	4029	675	22	22874	5	2	85	0	0	0	0	0	0	0	0	0	0	0	0	0	0	
382.232167	8	3	3	0	1	2	2	4032	677	22	22934	5	2	85	0	0	0	0	0	0	0	0	0	0	0	0	0	0	
383.237283	8	3	3	0	1	2	2	4035	674	22	22994	5	2	85	0	0	0	0	0	0	0	0	0	0	0	0	0	0	
384.223683	8	3	3	0	1	2	2	4037	674	22	23054	5	2	85	0	0	0	0	0	0	0	0	0	0	0	0	0	0	
385.228800	8	3	3	0	1	2	2	4041	675	22	23114	5	2	85	0	0	0	0	0	0	0	0	0	0	0	0	0	0	
386.233917	8	3	3	0	1	2	2	4044	674	22	23174	5	2	85	0	0	0	0	0	0	0	0	0	0	0	0	0	0	
387.240483	8	3	3	0	1	2	2	4048	675	22	23235	5	2	85	0	0	0	0	0	0	0	0	0	0	0	0	0	0	
388.226883	8	3	3	0	1	2	2	4051	676	22	23294	5	2	85	0	0	0	0	0	0	0	0	0	0	0	0	0	0	
389.232000	8	3	3	0	1	2	2	4054	674	22	23354	5	2	85	0	0	0	0	0	0	0	0	0	0	0	0	0	0	
390.237117	8	3	3	0	1	2	2	4058	674	22	23414	5	2	85	0	0	0	0	0	0	0	0	0	0	0	0	0	0	
391.223517	8	3	3	0	1	2	2	4061	676	22	23474	5	2	85	0	0	0	0	0	0	0	0	0	0	0	0	0	0	
392.230083	8	3	3	0	1	2	2	4065	675	22	23534	5	2	85	0	0	0	0	0	0	0	0	0	0	0	0	0	0	
393.235200	8	3	3	0	1	2	2	4069	676	22	23594	5	2	85	0	0	0	0	0	0	0	0	0	0	0	0	0	0	
394.240317	8	3	3	0	1	2	2	4071	674	22	23655	5	2	85	0	0	0	0	0	0	0	0	0	0	0	0	0	0	
395.226717	8	3	3	0	1	2	2	4075	675	22	23714	5	2	85	0	0	0	0	0	0	0	0	0	0	0	0	0	0	
396.231833	8	3	3	0	1	2	2	4078	674	22	23774	5	2	85	0	0	0	0	0	0	0	0	0	0	0	0	0	0	
397.238400	8	3	3	0	1	2	2	4082	674	22	23834	5	2	85	0	0	0	0	0	0	0	0	0	0	0	0	0	0	
398.224800	8	3	3	0	1	2	2	4086	674	22	23894	5	2	85	0	0	0	0	0	0	0	0	0	0	0	0	0	0	
399.229917	8	3	3	0	1	2	2	4090	675	22	23954	5	2	85	0	0	0	0	0	0	0	0	0	0	0	0	0	0	
400.235033	8	3	3	0	1	2	2	4093	675	22	24014	5	2	85	0	0	0	0	0	0	0	0	0	0	0	0	0	0	
401.240167	8	3	3	0	1	2	2	4097	675	22	24075	5	2	85	0	0	0	0	0	0	0	0	0	0	0	0	0	0	
402.228000	8	3	3	0	1	2	2	4101	674	22	24134	5	2	85	0	0	0	0	0	0	0	0	0	0	0	0	0	0	
403.233117	8	3	3	0	1	2	2	4105	675	22	24194	5	2	85	0	0	0	0	0	0	0	0	0	0	0	0	0	0	
404.238233	8	3	3	0	1	2	2	4109	674	22	24254	5	2	85	0	0	0	0	0	0	0	0	0	0	0	0	0	0	
405.224633	8	3	3	0	1	2	2	4114	674	22	24314	5	2	85	0	0	0	0	0	0	0	0	0	0	0	0	0	0	
406.229767	8	3	3	0	1	2	2	4117	670	22	24374	5	2	85	0	0	0	0	0	0	0	0	0	0	0	0	0	0	
407.234883	8	3	3	0	1	2	2	4120	666	22	24434	5	2	85	0	0	0	0	0	0	0	0	0	0	0	0	0	0	
408.241433	8	3	3	0	1	2	2	4124	663	22	24495	5	2	85	0	0	0	0	0	0	0	0	0	0	0	0	0	0	
409.227833	8	3	3	0	1	2	2	4128	663	22	24554	5	2	85	0	0	0	0	0	0	0	0	0	0	0	0	0	0	
410.232967	8	3	3	0	1	2	2	4133	663	22	24614	5	2	85	0	0	0	0	0	0	0	0	0	0	0	0	0	0	
411.238083	8	3	3	0	1	2	2	4138	662	22	24674	5	2	85	0	0	0	0	0	0	0	0	0	0	0	0	0	0	
412.243200	8	3	3	0	1	2	2	4142	662	22	24735	5	2	85	0	0	0	0	0	0	0	0	0	0	0	0	0	0	
413.229600	8	3	3	0	1	2	2	4147	660	22	24794	5	2	85	0	0	0	0	0	0	0	0	0	0	0	0	0	0	
414.236167	8	3	3	0	1	2	2	4152	660	22	24854	5	2	85	0	0	0	0	0	0	0	0	0	0	0	0	0	0	
415.241283	8	3	3	0	1	2	2	4157	659	22	24915	5	2	85	0	0	0	0	0	0	0	0	0	0	0	0	0	0	
416.227683	8	3	3	0	1	2	2	4162	659	22	24974	5	2	85	0	0	0	0	0	0	0	0	0	0	0	0	0	0	
417.232800	8	3	3	0	1	2	2	4167	658	22	25034	5	2	85	0	0	0	0	0	0	0	0	0	0	0	0	0	0	
418.237917	8	3	3	0	1	2	2	4171	657	22	25094	5	2	85	0	0	0	0	0	0	0	0	0	0	0	0	0	0	
419.244483	8	3	3	0	1	2	2	4177	657	22	25155	5	2	85	0	0	0	0	0	0	0	0	0	0	0	0	0	0	
420.230883	8	3	3	0	1	2	2	4183	656	22	25214	5	2	85	0	0	0	0	0	0	0	0	0	0	0	0	0	0	
421.236000	8	3	3	0	1	2	2	4188	657	22	25274	5	2	85	0	0	0	0	0	0	0	0	0	0	0	0	0	0	
422.241117	8	3	3	0	1	2	2	4193	654	22	25335	5	2	85	0	0	0	0	0	0	0	0	0	0	0	0	0	0	
423.227517	8	3	3	0	1	2	2	4198	652	22	25394	5	2	85	0	0	0	0	0	0	0	0	0	0	0	0	0	0	
424.232633	8	3	3	0	1	2	2	4198	634	22	25454	5	2	85	0	0	0	0	0	0	0	0	0	0	0	0	0	0	
425.239200	8	3	3	0	1	2	2	4199	617	22	25514	5	2	85	0	0	0	0	0	0	0	0	0	0	0	0	0	0	
426.244317	8	3	3	0	1	2	2	4198	601	22	25575	5	2	85	0	0	0	0	0	0	0	0	0	0	0	0	0	0	
427.230717	8	3	3	0	1	2	2	4198	585	22	25634	5	2	85	0	0	0	0	0	0	0	0	0	0	0	0	0	0	
428.235833	8	3	3	0	1	2	2	4199	569	22	25694	5	2	85	0	0	0	0	0	0	0	0	0	0	0	0	0	0	
429.240967	8	3	3	0	1	2	2	4199	554	22	25755	5	2	85	0	0	0	0	0	0	0	0	0	0	0	0	0	0	
430.228800	8	3	3	0	1	2	2	4198	539	22	25814	5	2	85	0	0	0	0	0	0	0	0	0	0	0	0	0	0	
431.233917	8	3	3	0	1	2	2	4199	524	22	25874	5	2	85	0	0	0	0	0	0	0	0	0	0	0	0	0	0	
432.239033	8	3	3	0	1	2	2	4198	509	22	25934	5	2	85	0	0	0	0	0	0	0	0	0	0	0	0	0	0	
433.244167	8	3	3	0	1	2	2	4198	496	22	25995	5	2	85	0	0	0	0	0	0	0	0	0	0	0	0	0	0	
434.230567	8	3	3	0	1	2	2	4198	482	22	26054	5	2	85	0	0	0	0	0	0	0	0	0	0	0	0	0	0	
435.237117	8	3	3	0	1	2	2	4199	468	22	26114	5	2	85	0	0	0	0	0	0	0	0	0	0	0	0	0	0	
436.242233	8	3	3	0	1	2	2	4198	454	22	26175	5	2	85	0	0	0	0	0	0	0	0	0	0	0	0	0	0	
437.228633	8	3	3	0	1	2	2	4199	441	22	26234	5	2	85	0	0	0	0	0	0	0	0	0	0	0	0	0	0	
438.233767	8	3	3	0	1	2	2	4199	430	22	26294	5	2	85	0	0	0	0	0	0	0	0	0	0	0	0	0	0	
439.238883	8	3	3	0	1	2	2	4198	416	22	26354	5	2	85	0	0	0	0	0	0	0	0	0	0	0	0	0	0	
440.245433	8	3	3	0	1	2	2	4199	405	22	26415	5	2	85	0	0	0	0	0	0	0	0	0	0	0	0	0	0	
441.231833	8	3	3	0	1	2	2	4198	393	22	26474	5	2	85	0	0	0	0	0	0	0	0	0	0	0	0	0	0	
442.236967	8	3	3	0	1	2	2	4198	380	22	26534	5	2	85	0	0	0	0	0	0	0	0	0	0	0	0	0	0	
443.242083	8	3	3	0	1	2	2	4198	369	22	26595	5	2	85	0	0	0	0	0	0	0	0	0	0	0	0	0	0	
444.229917	8	3	3	0	1	2	2	4199	359	22	26654	5	2	85	0	0	0	0	0	0	0	0	0	0	0	0	0	0	
445.235033	8	3	3	0	1	2	2	4199	349	22	26714	5	2	85	0	0	0	0	0	0	0	0	0	0	0	0	0	0	
446.240167	8	3	3	0	1	2	2	4199	338	22	26774	5	2	85	0	0	0	0	0	0	0	0	0	0	0	0	0	0	
447.245283	8	3	3	0	1	2	2	4199	328	22	26835	5	2	85	0	0	0	0	0	0	0	0	0	0	0	0	0	0	
448.231683	8	3	3	0	1	2	2	4198	319	22	26894	5	2	85	0	0	0	0	0	0	0	0	0	0	0	0	0	0	
449.238233	8	3	3	0	1	2	2	4199	309	22	26954	5	2	85	0	0	0	0	0	0	0	0	0	0	0	0	0	0	
450.243367	8	3	3	0	1	2	2	4198	298	22	27015	5	2	85	0	0	0	0	0	0	0	0	0	0	0	0	0	0	
451.229767	8	3	3	0	1	2	2	4199	289	22	27074	5	2	85	0	0	0	0	0	0	0	0	0	0	0	0	0	0	
452.234883	8	3	3	0	1	2	2	4198	280	22	27134	5	2	85	0	0	0	0	0	0	0	0	0	0	0	0	0	0	
453.240000	8	3	3	0	1	2	2	4198	271	22	27194	5	2	85	0	0	0	0	0	0	0	0	0	0	0	0	0	0	
454.246567	8	3	3	0	1	2	2	4199	262	22	27255	5	2	85	0	0	0	0	0	0	0	0	0	0	0	0	0	0	
455.232967	8	3	3	0	1	2	2	4198	253	22	27314	5	2	85	0	0	0	0	0	0	0	0	0	0	0	0	0	0	
456.238083	8	3	3	0	1	2	2	4198	245	22	27374	5	2	85	0	0	0	0	0	0	0	0	0	0	0	0	0	0	
457.243200	8	3	3	0	1	2	2	4198	238	22	27434	5	2	85	0	0	0	0	0	0	0	0	0	0	0	0	0	0	
458.229600	8	3	3	0	1	2	2	4198	230	22	27494	5	2	85	0	0	0	0	0	0	0	0	0	0	0	0	0	0	
459.236167	8	3	3	0	1	2	2	4198	223	22	27554	5	2	85	0	0	0	0	0	0	0	0	0	0	0	0	0	0	
460.241283	8	3	3	0	1	2	2	4198	216	22	27614	5	2	85	0	0	0	0	0	0	0	0	0	0	0	0	0	0	
461.246400	8	3	3	0	1	2	2	4198	210	22	27675	5	2	85	0	0	0	0	0	0	0	0	0	0	0	0	0	0	
462.232800	8	3	3	0	1	2	2	4198	204	22	27734	5	2	85	0	0	0	0	0	0	0	0	0	0	0	0	0	0	
463.237917	8	3	3	0	1	2	2	4199	198	22	27794	5	2	85	0	0	0	0	0	0	0	0	0	0	0	0	0	0	
464.243033	8	3	3	0	1	2	2	4198	191	22	27854	5	2	85	0	0	0	0	0	0	0	0	0	0	0	0	0	0	
465.230883	8	3	3	0	1	2	2	4198	185	22	27914	5	2	85	0	0	0	0	0	0	0	0	0	0	0	0	0	0	
466.236000	8	3	3	0	1	2	2	4199	179	22	27974	5	2	85	0	0	0	0	0	0	0	0	0	0	0	0	0	0	
467.241117	8	3	3	0	1	2	2	4198	173	22	28034	5	2	85	0	0	0	0	0	0	0	0	0	0	0	0	0	0	
468.246233	8	3	3	0	1	2	2	4199	169	22	28095	5	2	85	0	0	0	0	0	0	0	0	0	0	0	0	0	0	
469.232633	8	3	3	0	1	2	2	4198	165	22	28154	5	2	85	0	0	0	0	0	0	0	0	0	0	0	0	0	0	
470.239200	8	3	3	0	1	2	2	4198	159	22	28214	5	2	85	0	0	0	0	0	0	0	0	0	0	0	0	0	0	
471.244317	8	3	3	0	1	2	2	4199	155	22	28274	5	2	85	0	0	0	0	0	0	0	0	0	0	0	0	0	0	
472.230717	8	3	3	0	1	2	2	4198	150	22	28334	5	2	85	0	0	0	0	0	0	0	0	0	0	0	0	0	0	
473.235833	8	3	3	0	1	2	2	4198	146	22	28394	5	2	85	0	0	0	0	0	0	0	0	0	0	0	0	0	0	
474.240967	8	3	3	0	1	2	2	4198	142	22	28454	5	2	85	0	0	0	0	0	0	0	0	0	0	0	0	0	0	
475.247517	8	3	3	0	1	2	2	4198	138	22	28515	5	2	85	0	0	0	0	0	0	0	0	0	0	0	0	0	0	
476.233917	8	3	3	0	1	2	2	4198	134	22	28574	5	2	85	0	0	0	0	0	0	0	0	0	0	0	0	0	0	
477.239033	8	3	3	0	1	2	2	4198	130	22	28634	5	2	85	0	0	0	0	0	0	0	0	0	0	0	0	0	0	
478.244167	8	3	3	0	1	2	2	4198	126	22	28694	5	2	85	0	0	0	0	0	0	0	0	0	0	0	0	0	0	
479.230567	8	3	3	0	1	2	2	4199	123	22	28754	5	2	85	0	0	0	0	0	0	0	0	0	0	0	0	0	0	
480.237117	8	3	3	0	1	2	2	4199	119	22	28814	5	2	85	0	0	0	0	0	0	0	0	0	0	0	0	0	0	
481.242233	8	3	3	0	1	2	2	4198	116	22	28874	5	2	85	0	0	0	0	0	0	0	0	0	0	0	0	0	0	
482.247367	8	3	3	0	1	2	2	4198	113	22	28935	5	2	85	0	0	0	0	0	0	0	0	0	0	0	0	0	0	
483.233767	8	3	3	0	1	2	2	4198	109	22	28994	5	2	85	0	0	0	0	0	0	0	0	0	0	0	0	0	0	
484.238883	8	3	3	0	1	2	2	4199	106	22	29054	5	2	85	0	0	0	0	0	0	0	0	0	0	0	0	0	0	
485.245433	8	3	3	0	1	2	2	4199	104	22	29114	5	2	85	0	0	0	0	0	0	0	0	0	0	0	0	0	0	
486.231833	8	3	3	0	1	2	2	4198	100	22	29174	5	2	85	0	0	0	0	0	0	0	0	0	0	0	0	0	0	
487.236967	8	3	3	0	1	2	2	4198	98	22	29234	5	2	85	0	0	0	0	0	0	0	0	0	0	0	0	0	0	
488.242083	8	3	3	0	1	2	2	4198	94	22	29294	5	2	85	0	0	0	0	0	0	0	0	0	0	0	0	0	0	
489.247200	8	3	3	0	1	2	2	4199	93	22	29355	5	2	85	0	0	0	0	0	0	0	0	0	0	0	0	0	0	
490.235033	8	3	3	0	1	2	2	4198	90	22	29414	5	2	85	0	0	0	0	0	0	0	0	0	0	0	0	0	0	
491.240167	8	3	3	0	1	2	2	4199	88	22	29474	5	2	85	0	0	0	0	0	0	0	0	0	0	0	0	0	0	
492.245283	8	3	3	0	1	2	2	4198	85	22	29534	5	2	85	0	0	0	0	0	0	0	0	0	0	0	0	0	0	
493.231683	8	3	3	0	1	2	2	4198	83	22	29594	5	2	85	0	0	0	0	0	0	0	0	0	0	0	0	0	0	
494.238233	8	3	3	0	1	2	2	4198	80	22	29654	5	2	85	0	0	0	0	0	0	0	0	0	0	0	0	0	0	
495.243367	8	3	3	0	1	2	2	4198	78	22	29714	5	2	85	0	0	0	0	0	0	0	0	0	0	0	0	0	0	
496.248483	8	3	3	0	1	2	2	4198	75	22	29775	5	2	85	0	0	0	0	0	0	0	0	0	0	0	0	0	0	
497.234883	8	3	3	0	1	2	2	4198	75	22	29834	5	2	85	0	0	0	0	0	0	0	0	0	0	0	0	0	0	
498.240000	8	3	3	0	1	2	2	4198	72	22	29894	5	2	85	0	0	0	0	0	0	0	0	0	0	0	0	0	0	
499.245117	8	3	3	0	1	2	2	4198	70	22	29954	5	2	85	0	0	0	0	0	0	0	0	0	0	0	0	0	0	
500.232967	8	3	3	0	1	2	2	4199	69	22	30014	5	2	85	0	0	0	0	0	0	0	0	0	0	0	0	0	0	
500.974567	8	6	3	0	2	7	1	3727	-1302	22	30058	5	3	0	0	0	0	0	0	0	0	0	0	0	0	0	0	0	
501.239517	8	6	3	0	2	7	1	3619	-1350	22	30074	5	3	0	0	0	0	0	0	0	0	0	0	0	0	0	0	0	
502.244633	8	6	3	0	2	7	1	3723	-1350	22	30134	5	3	2	0	0	0	0	0	0	0	0	0	0	0	0	0	0	
503.251200	8	6	3	0	2	7	1	3701	-1351	22	30195	5	3	3	0	0	0	0	0	0	0	0	0	0	0	0	0	0	
504.237600	8	6	3	0	2	7	1	3683	-1349	22	30254	5	3	5	0	0	0	0	0	0	0	0	0	0	0	0	0	0	
505.242717	8	6	3	0	2	7	1	3665	-1349	22	30314	5	3	7	0	0	0	0	0	0	0	0	0	0	0	0	0	0	
506.247833	8	6	3	0	2	7	1	3650	-1349	22	30375	5	3	8	0	0	0	0	0	0	0	0	0	0	0	0	0	0	
507.234233	8	6	3	0	2	7	1	3635	-1348	22	30434	5	3	10	0	0	0	0	0	0	0	0	0	0	0	0	0	0	
508.240800	8	6	3	0	2	7	1	3620	-1350	22	30494	5	3	12	0	0	0	0	0	0	0	0	0	0	0	0	0	0	
509.245917	8	6	3	0	2	7	1	3605	-1350	22	30554	5	3	13	0	0	0	0	0	0	0	0	0	0	0	0	0	0	
510.251033	8	6	3	0	2	7	1	3591	-1350	22	30615	5	3	15	0	0	0	0	0	0	0	0	0	0	0	0	0	0	
511.237433	8	6	3	0	2	7	1	3577	-1349	22	30674	5	3	16	0	0	0	0	0	0	0	0	0	0	0	0	0	0	
512.242567	8	6	3	0	2	7	1	3564	-1348	22	30734	5	3	18	0	0	0	0	0	0	0	0	0	0	0	0	0	0	
513.249117	8	6	3	0	2	7	1	3550	-1350	22	30795	5	3	20	0	0	0	0	0	0	0	0	0	0	0	0	0	0	
514.235517	8	6	3	0	2	7	1	3538	-1349	22	30854	5	3	21	0	0	0	0	0	0	0	0	0	0	0	0	0	0	
515.240633	8	6	3	0	2	7	1	3525	-1351	22	30914	5	3	23	0	0	0	0	0	0	0	0	0	0	0	0	0	0	
516.245767	8	6	3	0	2	7	1	3513	-1349	22	30974	5	3	25	0	0	0	0	0	0	0	0	0	0	0	0	0	0	
517.250883	8	6	3	0	2	7	1	3501	-1350	22	31035	5	3	26	0	0	0	0	0	0	0	0	0	0	0	0	0	0	
518.238717	8	6	3	0	2	7	1	3489	-1349	22	31094	5	3	28	0	0	0	0	0	0	0	0	0	0	0	0	0	0	
519.243833	8	6	3	0	2	7	1	3478	-1350	22	31154	5	3	30	0	0	0	0	0	0	0	0	0	0	0	0	0	0	
520.248967	8	6	3	0	2	7	1	3466	-1350	22	31215	5	3	31	0	0	0	0	0	0	0	0	0	0	0	0	0	0	
521.235367	8	6	3	0	2	7	1	3455	-1349	22	31274	5	3	33	0	0	0	0	0	0	0	0	0	0	0	0	0	0	
522.240483	8	6	3	0	2	7	1	3444	-1349	22	31334	5	3	35	0	0	0	0	0	0	0	0	0	0	0	0	0	0	
523.247033	8	6	3	0	2	7	1	3433	-1348	22	31394	5	3	36	0	0	0	0	0	0	0	0	0	0	0	0	0	0	
524.252167	8	6	3	0	2	7	1	3423	-1351	22	31455	5	3	38	0	0	0	0	0	0	0	0	0	0	0	0	0	0	
525.238567	8	6	3	0	2	7	1	3413	-1351	22	31514	5	3	40	0	0	0	0	0	0	0	0	0	0	0	0	0	0	
526.243683	8	6	3	0	2	7	1	3404	-1348	22	31574	5	3	41	0	0	0	0	0	0	0	0	0	0	0	0	0	0	
527.250233	8	6	3	0	2	7	1	3394	-1351	22	31635	5	3	43	0	0	0	0	0	0	0	0	0	0	0	0	0	0	
528.236633	8	6	3	0	2	7	1	3386	-1348	22	31694	5	3	45	0	0	0	0	0	0	0	0	0	0	0	0	0	0	
529.241767	8	6	3	0	2	7	1	3377	-1350	22	31754	5	3	46	0	0	0	0	0	0	0	0	0	0	0	0	0	0	
530.246883	8	6	3	0	2	7	1	3369	-1351	22	31814	5	3	48	0	0	0	0	0	0	0	0	0	0	0	0	0	0	
531.252000	8	6	3	0	2	7	1	3361	-1349	22	31875	5	3	50	0	0	0	0	0	0	0	0	0	0	0	0	0	0	
532.239833	8	6	3	0	2	7	1	3354	-1350	22	31934	5	3	51	0	0	0	0	0	0	0	0	0	0	0	0	0	0	
533.244967	8	6	3	0	2	7	1	3348	-1349	22	31994	5	3	53	0	0	0	0	0	0	0	0	0	0	0	0	0	0	
534.250083	8	6	3	0	2	7	1	3340	-1349	22	32055	5	3	55	0	0	0	0	0	0	0	0	0	0	0	0	0	0	
535.236483	8	6	3	0	2	7	1	3334	-1349	22	32114	5	3	56	0	0	0	0	0	0	0	0	0	0	0	0	0	0	
536.241600	8	6	3	0	2	7	1	3327	-1349	22	32174	5	3	58	0	0	0	0	0	0	0	0	0	0	0	0	0	0	
537.248167	8	6	3	0	2	7	1	3321	-1349	22	32234	5	3	60	0	0	0	0	0	0	0	0	0	0	0	0	0	0	
538.253283	8	6	3	0	2	7	1	3315	-1349	22	32295	5	3	61	0	0	0	0	0	0	0	0	0	0	0	0	0	0	
539.239683	8	6	3	0	2	7	1	3308	-1350	22	32354	5	3	63	0	0	0	0	0	0	0	0	0	0	0	0	0	0	
540.244800	8	6	3	0	2	7	1	3301	-1350	22	32414	5	3	65	0	0	0	0	0	0	0	0	0	0	0	0	0	0	
541.251367	8	6	3	0	2	7	1	3294	-1350	22	32475	5	3	66	0	0	0	0	0	0	0	0	0	0	0	0	0	0	
542.237767	8	6	3	0	2	7	1	3286	-1350	22	32534	5	3	68	0	0	0	0	0	0	0	0	0	0	0	0	0	0	
543.242883	8	6	3	0	2	7	1	3277	-1350	22	32594	5	3	70	0	0	0	0	0	0	0	0	0	0	0	0	0	0	
544.248000	8	6	3	0	2	7	1	3267	-1349	22	32654	5	3	71	0	0	0	0	0	0	0	0	0	0	0	0	0	0	
545.253117	8	6	3	0	2	7	1	3256	-1349	22	32715	5	3	73	0	0	0	0	0	0	0	0	0	0	0	0	0	0	
546.239517	8	6	3	0	2	7	1	3242	-1349	22	32774	5	3	75	0	0	0	0	0	0	0	0	0	0	0	0	0	0	
547.246083	8	6	3	0	2	7	1	3225	-1350	22	32834	5	3	76	0	0	0	0	0	0	0	0	0	0	0	0	0	0	
548.251200	8	6	3	0	2	7	1	3203	-1349	22	32895	5	3	78	0	0	0	0	0	0	0	0	0	0	0	0	0	0	
549.237600	8	6	3	0	2	7	1	3174	-1350	22	32954	5	3	79	0	0	0	0	0	0	0	0	0	0	0	0	0	0	
550.242717	8	6	3	0	2	7	1	3130	-1349	22	33014	5	3	81	0	0	0	0	0	0	0	0	0	0	0	0	0	0	
551.249283	8	6	3	0	2	7	1	3059	-1350	22	33074	5	3	83	0	0	0	0	0	0	0	0	0	0	0	0	0	0	
552.254400	8	6	3	0	2	7	1	2932	-1349	22	33135	5	3	85	0	0	0	0	0	0	0	0	0	0	0	0	0	0	
553.108317	8	15	3	0	1	31	2	3157	332	22	33186	7	3	86	0	0	0	0	0	0	0	0	0	0	0	0	0	0	
553.128483	8	3	3	0	1	2	2	3286	676	22	33187	7	3	86	0	0	0	0	0	0	0	0	0	0	0	0	0	0	
553.243683	8	3	3	0	1	2	2	3384	675	22	33194	7	3	86	0	0	0	0	0	0	0	0	0	0	0	0	0	0	
554.248800	8	3	3	0	1	2	2	3620	673	22	33254	7	3	86	0	0	0	0	0	0	0	0	0	0	0	0	0	0	
555.255367	8	3	3	0	1	2	2	3717	675	22	33315	7	3	86	0	0	0	0	0	0	0	0	0	0	0	0	0	0	
556.241767	8	3	3	0	1	2	2	3776	674	22	33374	7	3	86	0	0	0	0	0	0	0	0	0	0	0	0	0	0	
557.246883	8	3	3	0	1	2	2	3821	675	22	33434	7	3	86	0	0	0	0	0	0	0	0	0	0	0	0	0	0	
558.252000	8	3	3	0	1	2	2	3851	674	22	33495	7	3	86	0	0	0	0	0	0	0	0	0	0	0	0	0	0	
559.238400	8	3	3	0	1	2	2	3865	675	22	33554	7	3	86	0	0	0	0	0	0	0	0	0	0	0	0	0	0	
560.244967	8	3	3	0	1	2	2	3873	674	22	33614	7	3	86	0	0	0	0	0	0	0	0	0	0	0	0	0	0	
561.250083	8	3	3	0	1	2	2	3880	674	22	33674	7	3	86	0	0	0	0	0	0	0	0	0	0	0	0	0	0	
562.255200	8	3	3	0	1	2	2	3887	675	22	33735	7	3	86	0	0	0	0	0	0	0	0	0	0	0	0	0	0	
563.241600	8	3	3	0	1	2	2	3893	676	22	33794	7	3	86	0	0	0	0	0	0	0	0	0	0	0	0	0	0	
564.246717	8	3	3	0	1	2	2	3899	674	22	33854	7	3	86	0	0	0	0	0	0	0	0	0	0	0	0	0	0	
565.253283	8	3	3	0	1	2	2	3907	675	22	33915	7	3	86	0	0	0	0	0	0	0	0	0	0	0	0	0	0	
566.239683	8	3	3	0	1	2	2	3912	673	22	33974	7	3	86	0	0	0	0	0	0	0	0	0	0	0	0	0	0	
567.244800	8	3	3	0	1	2	2	3919	674	22	34034	7	3	86	0	0	0	0	0	0	0	0	0	0	0	0	0	0	
568.249917	8	3	3	0	1	2	2	3926	676	22	34094	7	3	86	0	0	0	0	0	0	0	0	0	0	0	0	0	0	
569.255033	8	3	3	0	1	2	2	3933	674	22	34155	7	3	86	0	0	0	0	0	0	0	0	0	0	0	0	0	0	
570.242883	8	3	3	0	1	2	2	3939	674	22	34214	7	3	86	0	0	0	0	0	0	0	0	0	0	0	0	0	0	
571.248000	8	3	3	0	1	2	2	3946	675	22	34274	7	3	86	0	0	0	0	0	0	0	0	0	0	0	0	0	0	
572.253117	8	3	3	0	1	2	2	3952	673	22	34335	7	3	86	0	0	0	0	0	0	0	0	0	0	0	0	0	0	
573.239517	8	3	3	0	1	2	2	3958	674	22	34394	7	3	86	0	0	0	0	0	0	0	0	0	0	0	0	0	0	
574.244633	8	3	3	0	1	2	2	3963	674	22	34454	7	3	86	0	0	0	0	0	0	0	0	0	0	0	0	0	0	
575.251200	8	3	3	0	1	2	2	3968	675	22	34514	7	3	86	0	0	0	0	0	0	0	0	0	0	0	0	0	0	
576.256317	8	3	3	0	1	2	2	3973	673	22	34575	7	3	86	0	0	0	0	0	0	0	0	0	0	0	0	0	0	
577.242717	8	3	3	0	1	2	2	3977	675	22	34634	7	3	86	0	0	0	0	0	0	0	0	0	0	0	0	0	0	
578.247833	8	3	3	0	1	2	2	3980	674	22	34694	7	3	86	0	0	0	0	0	0	0	0	0	0	0	0	0	0	
579.252967	8	3	3	0	1	2	2	3984	674	22	34755	7	3	86	0	0	0	0	0	0	0	0	0	0	0	0	0	0	
580.240800	8	3	3	0	1	2	2	3986	674	22	34814	7	3	86	0	0	0	0	0	0	0	0	0	0	0	0	0	0	
581.245917	8	3	3	0	1	2	2	3989	673	22	34874	7	3	86	0	0	0	0	0	0	0	0	0	0	0	0	0	0	
582.251033	8	3	3	0	1	2	2	3993	674	22	34934	7	3	86	0	0	0	0	0	0	0	0	0	0	0	0	0	0	
583.256167	8	3	3	0	1	2	2	3996	675	22	34995	7	3	86	0	0	0	0	0	0	0	0	0	0	0	0	0	0	
584.242567	8	3	3	0	1	2	2	3999	675	22	35054	7	3	86	0	0	0	0	0	0	0	0	0	0	0	0	0	0	
585.249117	8	3	3	0	1	2	2	4002	674	22	35114	7	3	86	0	0	0	0	0	0	0	0	0	0	0	0	0	0	
586.254233	8	3	3	0	1	2	2	4005	676	22	35175	7	3	86	0	0	0	0	0	0	0	0	0	0	0	0	0	0	
587.240633	8	3	3	0	1	2	2	4008	675	22	35234	7	3	86	0	0	0	0	0	0	0	0	0	0	0	0	0	0	
588.245767	8	3	3	0	1	2	2	4011	675	22	35294	7	3	86	0	0	0	0	0	0	0	0	0	0	0	0	0	0	
589.250883	8	3	3	0	1	2	2	4014	674	22	35354	7	3	86	0	0	0	0	0	0	0	0	0	0	0	0	0	0	
590.257433	8	3	3	0	1	2	2	4018	675	22	35415	7	3	86	0	0	0	0	0	0	0	0	0	0	0	0	0	0	
591.243833	8	3	3	0	1	2	2	4021	675	22	35474	7	3	86	0	0	0	0	0	0	0	0	0	0	0	0	0	0	
592.248967	8	3	3	0	1	2	2	4024	674	22	35534	7	3	86	0	0	0	0	0	0	0	0	0	0	0	0	0	0	
593.254083	8	3	3	0	1	2	2	4027	674	22	35594	7	3	86	0	0	0	0	0	0	0	0	0	0	0	0	0	0	
594.240483	8	3	3	0	1	2	2	4031	675	22	35654	7	3	86	0	0	0	0	0	0	0	0	0	0	0	0	0	0	
595.245600	8	3	3	0	1	2	2	4034	674	22	35714	7	3	86	0	0	0	0	0	0	0	0	0	0	0	0	0	0	
596.252167	8	3	3	0	1	2	2	4038	675	22	35774	7	3	86	0	0	0	0	0	0	0	0	0	0	0	0	0	0	
597.257283	8	3	3	0	1	2	2	4040	674	22	35835	7	3	86	0	0	0	0	0	0	0	0	0	0	0	0	0	0	
598.243683	8	3	3	0	1	2	2	4044	675	22	35894	7	3	86	0	0	0	0	0	0	0	0	0	0	0	0	0	0	
599.248800	8	3	3	0	1	2	2	4048	674	22	35954	7	3	86	0	0	0	0	0	0	0	0	0	0	0	0	0	0	
600.253917	8	3	3	0	1	2	2	4051	677	22	36014	7	3	86	0	0	0	0	0	0	0	0	0	0	0	0	0	0	
601.241767	8	3	3	0	1	2	2	4055	674	22	36074	7	3	86	0	0	0	0	0	0	0	0	0	0	0	0	0	0	
602.246883	8	3	3	0	1	2	2	4058	674	22	36134	7	3	86	0	0	0	0	0	0	0	0	0	0	0	0	0	0	
603.252000	8	3	3	0	1	2	2	4062	674	22	36194	7	3	86	0	0	0	0	0	0	0	0	0	0	0	0	0	0	
604.257117	8	3	3	0	1	2	2	4066	674	22	36255	7	3	86	0	0	0	0	0	0	0	0	0	0	0	0	0	0	
605.243517	8	3	3	0	1	2	2	4069	672	22	36314	7	3	86	0	0	0	0	0	0	0	0	0	0	0	0	0	0	
606.248633	8	3	3	0	1	2	2	4073	674	22	36374	7	3	86	0	0	0	0	0	0	0	0	0	0	0	0	0	0	
607.255200	8	3	3	0	1	2	2	4078	674	22	36434	7	3	86	0	0	0	0	0	0	0	0	0	0	0	0	0	0	
608.241600	8	3	3	0	1	2	2	4081	676	22	36494	7	3	86	0	0	0	0	0	0	0	0	0	0	0	0	0	0	
609.246717	8	3	3	0	1	2	2	4086	675	22	36554	7	3	86	0	0	0	0	0	0	0	0	0	0	0	0	0	0	
610.251833	8	3	3	0	1	2	2	4091	675	22	36614	7	3	86	0	0	0	0	0	0	0	0	0	0	0	0	0	0	
611.256967	8	3	3	0	1	2	2	4095	674	22	36675	7	3	86	0	0	0	0	0	0	0	0	0	0	0	0	0	0	
612.243367	8	3	3	0	1	2	2	4100	674	22	36734	7	3	86	0	0	0	0	0	0	0	0	0	0	0	0	0	0	
613.249917	8	3	3	0	1	2	2	4104	673	22	36794	7	3	86	0	0	0	0	0	0	0	0	0	0	0	0	0	0	
614.255033	8	3	3	0	1	2	2	4109	674	22	36854	7	3	86	0	0	0	0	0	0	0	0	0	0	0	0	0	0	
615.241433	8	3	3	0	1	2	2	4114	674	22	36914	7	3	86	0	0	0	0	0	0	0	0	0	0	0	0	0	0	
616.246567	8	3	3	0	1	2	2	4116	665	22	36974	7	3	86	0	0	0	0	0	0	0	0	0	0	0	0	0	0	
617.251683	8	3	3	0	1	2	2	4121	664	22	37034	7	3	86	0	0	0	0	0	0	0	0	0	0	0	0	0	0	
618.258233	8	3	3	0	1	2	2	4125	663	22	37095	7	3	86	0	0	0	0	0	0	0	0	0	0	0	0	0	0	
619.244633	8	3	3	0	1	2	2	4130	662	22	37154	7	3	86	0	0	0	0	0	0	0	0	0	0	0	0	0	0	
620.249767	8	3	3	0	1	2	2	4135	661	22	37214	7	3	86	0	0	0	0	0	0	0	0	0	0	0	0	0	0	
621.254883	8	3	3	0	1	2	2	4140	660	22	37274	7	3	86	0	0	0	0	0	0	0	0	0	0	0	0	0	0	
622.241283	8	3	3	0	1	2	2	4146	661	22	37334	7	3	86	0	0	0	0	0	0	0	0	0	0	0	0	0	0	
623.247833	8	3	3	0	1	2	2	4151	659	22	37394	7	3	86	0	0	0	0	0	0	0	0	0	0	0	0	0	0	
624.252967	8	3	3	0	1	2	2	4156	658	22	37454	7	3	86	0	0	0	0	0	0	0	0	0	0	0	0	0	0	
625.258083	8	3	3	0	1	2	2	4162	659	22	37515	7	3	86	0	0	0	0	0	0	0	0	0	0	0	0	0	0	
626.244483	8	3	3	0	1	2	2	4167	658	22	37574	7	3	86	0	0	0	0	0	0	0	0	0	0	0	0	0	0	
627.249600	8	3	3	0	1	2	2	4173	657	22	37634	7	3	86	0	0	0	0	0	0	0	0	0	0	0	0	0	0	
628.256167	8	3	3	0	1	2	2	4178	655	22	37694	7	3	86	0	0	0	0	0	0	0	0	0	0	0	0	0	0	
629.242567	8	3	3	0	1	2	2	4184	655	22	37754	7	3	86	0	0	0	0	0	0	0	0	0	0	0	0	0	0	
630.247683	8	3	3	0	1	2	2	4190	654	22	37814	7	3	86	0	0	0	0	0	0	0	0	0	0	0	0	0	0	
631.252800	8	3	3	0	1	2	2	4196	654	22	37874	7	3	86	0	0	0	0	0	0	0	0	0	0	0	0	0	0	
632.257917	8	3	3	0	1	2	2	4198	638	22	37935	7	3	86	0	0	0	0	0	0	0	0	0	0	0	0	0	0	
633.245767	8	3	3	0	1	2	2	4198	619	22	37994	7	3	86	0	0	0	0	0	0	0	0	0	0	0	0	0	0	
634.250883	8	3	3	0	1	2	2	4198	598	22	38054	7	3	86	0	0	0	0	0	0	0	0	0	0	0	0	0	0	
635.256000	8	3	3	0	1	2	2	4198	580	22	38114	7	3	86	0	0	0	0	0	0	0	0	0	0	0	0	0	0	
636.242400	8	3	3	0	1	2	2	4198	562	22	38174	7	3	86	0	0	0	0	0	0	0	0	0	0	0	0	0	0	
637.247517	8	3	3	0	1	2	2	4198	544	22	38234	7	3	86	0	0	0	0	0	0	0	0	0	0	0	0	0	0	
638.254083	8	3	3	0	1	2	2	4198	527	22	38294	7	3	86	0	0	0	0	0	0	0	0	0	0	0	0	0	0	
639.259200	8	3	3	0	1	2	2	4199	509	22	38355	7	3	86	0	0	0	0	0	0	0	0	0	0	0	0	0	0	
640.245600	8	3	3	0	1	2	2	4198	494	22	38414	7	3	86	0	0	0	0	0	0	0	0	0	0	0	0	0	0	
641.250717	8	3	3	0	1	2	2	4198	477	22	38474	7	3	86	0	0	0	0	0	0	0	0	0	0	0	0	0	0	
642.255833	8	3	3	0	1	2	2	4199	462	22	38534	7	3	86	0	0	0	0	0	0	0	0	0	0	0	0	0	0	
643.262400	8	3	3	0	1	2	2	4198	447	22	38595	7	3	86	0	0	0	0	0	0	0	0	0	0	0	0	0	0	
644.248800	8	3	3	0	1	2	2	4198	433	22	38654	7	3	86	0	0	0	0	0	0	0	0	0	0	0	0	0	0	
645.253917	8	3	3	0	1	2	2	4198	418	22	38714	7	3	86	0	0	0	0	0	0	0	0	0	0	0	0	0	0	
646.259033	8	3	3	0	1	2	2	4198	405	22	38775	7	3	86	0	0	0	0	0	0	0	0	0	0	0	0	0	0	
647.245433	8	3	3	0	1	2	2	4198	391	22	38834	7	3	86	0	0	0	0	0	0	0	0	0	0	0	0	0	0	
648.252000	8	3	3	0	1	2	2	4199	378	22	38894	7	3	86	0	0	0	0	0	0	0	0	0	0	0	0	0	0	
649.257117	8	3	3	0	1	2	2	4198	366	22	38954	7	3	86	0	0	0	0	0	0	0	0	0	0	0	0	0	0	
650.262233	8	3	3	0	1	2	2	4198	354	22	39015	7	3	86	0	0	0	0	0	0	0	0	0	0	0	0	0	0	
651.248633	8	3	3	0	1	2	2	4199	342	22	39074	7	3	86	0	0	0	0	0	0	0	0	0	0	0	0	0	0	
652.253767	8	3	3	0	1	2	2	4199	331	22	39134	7	3	86	0	0	0	0	0	0	0	0	0	0	0	0	0	0	
653.258883	8	3	3	0	1	2	2	4198	320	22	39195	7	3	86	0	0	0	0	0	0	0	0	0	0	0	0	0	0	
654.246717	8	3	3	0	1	2	2	4199	309	22	39254	7	3	86	0	0	0	0	0	0	0	0	0	0	0	0	0	0	
655.251833	8	3	3	0	1	2	2	4199	299	22	39314	7	3	86	0	0	0	0	0	0	0	0	0	0	0	0	0	0	
656.256967	8	3	3	0	1	2	2	4198	289	22	39374	7	3	86	0	0	0	0	0	0	0	0	0	0	0	0	0	0	
657.262083	8	3	3	0	1	2	2	4198	280	22	39435	7	3	86	0	0	0	0	0	0	0	0	0	0	0	0	0	0	
658.248483	8	3	3	0	1	2	2	4199	270	22	39494	7	3	86	0	0	0	0	0	0	0	0	0	0	0	0	0	0	
659.255033	8	3	3	0	1	2	2	4198	261	22	39554	7	3	86	0	0	0	0	0	0	0	0	0	0	0	0	0	0	
660.260167	8	3	3	0	1	2	2	4198	253	22	39615	7	3	86	0	0	0	0	0	0	0	0	0	0	0	0	0	0	
661.246567	8	3	3	0	1	2	2	4199	245	22	39674	7	3	86	0	0	0	0	0	0	0	0	0	0	0	0	0	0	
662.251683	8	3	3	0	1	2	2	4198	236	22	39734	7	3	86	0	0	0	0	0	0	0	0	0	0	0	0	0	0	
663.256800	8	3	3	0	1	2	2	4198	228	22	39794	7	3	86	0	0	0	0	0	0	0	0	0	0	0	0	0	0	
664.261917	8	3	3	0	1	2	2	4198	221	22	39855	7	3	86	0	0	0	0	0	0	0	0	0	0	0	0	0	0	
665.249767	8	3	3	0	1	2	2	4199	214	22	39914	7	3	86	0	0	0	0	0	0	0	0	0	0	0	0	0	0	
666.254883	8	3	3	0	1	2	2	4199	207	22	39974	7	3	86	0	0	0	0	0	0	0	0	0	0	0	0	0	0	
667.260000	8	3	3	0	1	2	2	4198	199	22	40035	7	3	86	0	0	0	0	0	0	0	0	0	0	0	0	0	0	
668.246400	8	3	3	0	1	2	2	4198	192	22	40094	7	3	86	0	0	0	0	0	0	0	0	0	0	0	0	0	0	
669.251517	8	3	3	0	1	2	2	4199	187	22	40154	7	3	86	0	0	0	0	0	0	0	0	0	0	0	0	0	0	
670.258083	8	3	3	0	1	2	2	4199	181	22	40214	7	3	86	0	0	0	0	0	0	0	0	0	0	0	0	0	0	
671.263200	8	3	3	0	1	2	2	4198	174	22	40275	7	3	86	0	0	0	0	0	0	0	0	0	0	0	0	0	0	
672.249600	8	3	3	0	1	2	2	4199	169	22	40334	7	3	86	0	0	0	0	0	0	0	0	0	0	0	0	0	0	
673.254717	8	3	3	0	1	2	2	4199	163	22	40394	7	3	86	0	0	0	0	0	0	0	0	0	0	0	0	0	0	
674.259833	8	3	3	0	1	2	2	4198	158	22	40454	7	3	86	0	0	0	0	0	0	0	0	0	0	0	0	0	0	
675.246233	8	3	3	0	1	2	2	4198	153	22	40514	7	3	86	0	0	0	0	0	0	0	0	0	0	0	0	0	0	
676.252800	8	3	3	0	1	2	2	4198	147	22	40574	7	3	86	0	0	0	0	0	0	0	0	0	0	0	0	0	0	
677.257917	8	3	3	0	1	2	2	4198	142	22	40634	7	3	86	0	0	0	0	0	0	0	0	0	0	0	0	0	0	
678.263033	8	3	3	0	1	2	2	4198	137	22	40695	7	3	86	0	0	0	0	0	0	0	0	0	0	0	0	0	0	
679.249433	8	3	3	0	1	2	2	4199	134	22	40754	7	3	86	0	0	0	0	0	0	0	0	0	0	0	0	0	0	
680.254567	8	3	3	0	1	2	2	4199	129	22	40814	7	3	86	0	0	0	0	0	0	0	0	0	0	0	0	0	0	
681.261117	8	3	3	0	1	2	2	4199	124	22	40874	7	3	86	0	0	0	0	0	0	0	0	0	0	0	0	0	0	
682.247517	8	3	3	0	1	2	2	4199	121	22	40934	7	3	86	0	0	0	0	0	0	0	0	0	0	0	0	0	0	
683.252633	8	3	3	0	1	2	2	4198	116	22	40994	7	3	86	0	0	0	0	0	0	0	0	0	0	0	0	0	0	
684.257767	8	3	3	0	1	2	2	4198	113	22	41054	7	3	86	0	0	0	0	0	0	0	0	0	0	0	0	0	0	
685.262883	8	3	3	0	1	2	2	4198	109	22	41115	7	3	86	0	0	0	0	0	0	0	0	0	0	0	0	0	0	
686.250717	8	3	3	0	1	2	2	4198	107	22	41174	7	3	86	0	0	0	0	0	0	0	0	0	0	0	0	0	0	
687.255833	8	3	3	0	1	2	2	4198	102	22	41234	7	3	86	0	0	0	0	0	0	0	0	0	0	0	0	0	0	
688.260967	8	3	3	0	1	2	2	4199	99	22	41294	7	3	86	0	0	0	0	0	0	0	0	0	0	0	0	0	0	
689.247367	8	3	3	0	1	2	2	4198	96	22	41354	7	3	86	0	0	0	0	0	0	0	0	0	0	0	0	0	0	
690.252483	8	3	3	0	1	2	2	4199	93	22	41414	7	3	86	0	0	0	0	0	0	0	0	0	0	0	0	0	0	
691.259033	8	3	3	0	1	2	2	4198	89	22	41474	7	3	86	0	0	0	0	0	0	0	0	0	0	0	0	0	0	
692.264167	8	3	3	0	1	2	2	4199	87	22	41535	7	3	86	0	0	0	0	0	0	0	0	0	0	0	0	0	0	
693.250567	8	3	3	0	1	2	2	4199	83	22	41594	7	3	86	0	0	0	0	0	0	0	0	0	0	0	0	0	0	
694.255683	8	3	3	0	1	2	2	4198	81	22	41654	7	3	86	0	0	0	0	0	0	0	0	0	0	0	0	0	0	
695.262233	8	3	3	0	1	2	2	4198	78	22	41714	7	3	86	0	0	0	0	0	0	0	0	0	0	0	0	0	0	
696.248633	8	3	3	0	1	2	2	4198	77	22	41774	7	3	86	0	0	0	0	0	0	0	0	0	0	0	0	0	0	
697.253767	8	3	3	0	1	2	2	4198	73	22	41834	7	3	86	0	0	0	0	0	0	0	0	0	0	0	0	0	0	
698.258883	8	3	3	0	1	2	2	4198	72	22	41894	7	3	86	0	0	0	0	0	0	0	0	0	0	0	0	0	0	
699.264000	8	3	3	0	1	2	2	4198	69	22	41955	7	3	86	0	0	0	0	0	0	0	0	0	0	0	0	0	0	
700.250400	8	3	3	0	1	2	2	4198	67	22	42014	7	3	86	0	0	0	0	0	0	0	0	0	0	0	0	0	0	
700.296483	8	6	3	0	2	7	1	3849	-1343	22	42017	7	4	0	0	0	0	0	0	0	0	0	0	0	0	0	0	0	
701.258400	8	6	3	0	2	7	1	3770	-1349	22	42074	7	4	1	0	0	0	0	0	0	0	0	0	0	0	0	0	0	
702.263517	8	6	3	0	2	7	1	3738	-1349	22	42135	7	4	3	0	0	0	0	0	0	0	0	0	0	0	0	0	0	
703.249917	8	6	3	0	2	7	1	3715	-1349	22	42194	7	4	4	0	0	0	0	0	0	0	0	0	0	0	0	0	0	
704.256483	8	6	3	0	2	7	1	3695	-1349	22	42254	7	4	6	0	0	0	0	0	0	0	0	0	0	0	0	0	0	
705.261600	8	6	3	0	2	7	1	3677	-1349	22	42314	7	4	8	0	0	0	0	0	0	0	0	0	0	0	0	0	0	
706.266717	8	6	3	0	2	7	1	3659	-1351	22	42375	7	4	9	0	0	0	0	0	0	0	0	0	0	0	0	0	0	
707.253117	8	6	3	0	2	7	1	3643	-1349	22	42434	7	4	11	0	0	0	0	0	0	0	0	0	0	0	0	0	0	
708.258233	8	6	3	0	2	7	1	3627	-1349	22	42494	7	4	13	0	0	0	0	0	0	0	0	0	0	0	0	0	0	
709.263367	8	6	3	0	2	7	1	3612	-1349	22	42555	7	4	14	0	0	0	0	0	0	0	0	0	0	0	0	0	0	
710.251200	8	6	3	0	2	7	1	3597	-1349	22	42614	7	4	16	0	0	0	0	0	0	0	0	0	0	0	0	0	0	
711.256317	8	6	3	0	2	7	1	3583	-1350	22	42674	7	4	18	0	0	0	0	0	0	0	0	0	0	0	0	0	0	
712.261433	8	6	3	0	2	7	1	3569	-1349	22	42734	7	4	19	0	0	0	0	0	0	0	0	0	0	0	0	0	0	
713.266567	8	6	3	0	2	7	1	3555	-1351	22	42795	7	4	21	0	0	0	0	0	0	0	0	0	0	0	0	0	0	
714.252967	8	6	3	0	2	7	1	3542	-1348	22	42854	7	4	23	0	0	0	0	0	0	0	0	0	0	0	0	0	0	
715.259517	8	6	3	0	2	7	1	3529	-1349	22	42914	7	4	24	0	0	0	0	0	0	0	0	0	0	0	0	0	0	
716.264633	8	6	3	0	2	7	1	3516	-1349	22	42975	7	4	26	0	0	0	0	0	0	0	0	0	0	0	0	0	0	
717.251033	8	6	3	0	2	7	1	3504	-1348	22	43034	7	4	27	0	0	0	0	0	0	0	0	0	0	0	0	0	0	
718.256167	8	6	3	0	2	7	1	3492	-1350	22	43094	7	4	29	0	0	0	0	0	0	0	0	0	0	0	0	0	0	
719.261283	8	6	3	0	2	7	1	3480	-1350	22	43154	7	4	31	0	0	0	0	0	0	0	0	0	0	0	0	0	0	
720.266400	8	6	3	0	2	7	1	3468	-1351	22	43215	7	4	33	0	0	0	0	0	0	0	0	0	0	0	0	0	0	
721.254233	8	6	3	0	2	7	1	3458	-1350	22	43274	7	4	34	0	0	0	0	0	0	0	0	0	0	0	0	0	0	
722.259367	8	6	3	0	2	7	1	3447	-1351	22	43334	7	4	36	0	0	0	0	0	0	0	0	0	0	0	0	0	0	
723.264483	8	6	3	0	2	7	1	3436	-1350	22	43395	7	4	37	0	0	0	0	0	0	0	0	0	0	0	0	0	0	
724.250883	8	6	3	0	2	7	1	3426	-1350	22	43454	7	4	39	0	0	0	0	0	0	0	0	0	0	0	0	0	0	
725.256000	8	6	3	0	2	7	1	3416	-1349	22	43514	7	4	41	0	0	0	0	0	0	0	0	0	0	0	0	0	0	
726.261117	8	6	3	0	2	7	1	3406	-1350	22	43574	7	4	42	0	0	0	0	0	0	0	0	0	0	0	0	0	0	
727.267683	8	6	3	0	2	7	1	3397	-1351	22	43635	7	4	44	0	0	0	0	0	0	0	0	0	0	0	0	0	0	
728.254083	8	6	3	0	2	7	1	3389	-1350	22	43694	7	4	46	0	0	0	0	0	0	0	0	0	0	0	0	0	0	
729.259200	8	6	3	0	2	7	1	3380	-1350	22	43754	7	4	47	0	0	0	0	0	0	0	0	0	0	0	0	0	0	
730.264317	8	6	3	0	2	7	1	3373	-1351	22	43814	7	4	49	0	0	0	0	0	0	0	0	0	0	0	0	0	0	
731.250717	8	6	3	0	2	7	1	3366	-1349	22	43874	7	4	51	0	0	0	0	0	0	0	0	0	0	0	0	0	0	
732.255833	8	6	3	0	2	7	1	3358	-1351	22	43934	7	4	52	0	0	0	0	0	0	0	0	0	0	0	0	0	0	
733.262400	8	6	3	0	2	7	1	3352	-1349	22	43994	7	4	54	0	0	0	0	0	0	0	0	0	0	0	0	0	0	
734.267517	8	6	3	0	2	7	1	3345	-1349	22	44055	7	4	56	0	0	0	0	0	0	0	0	0	0	0	0	0	0	
735.253917	8	6	3	0	2	7	1	3338	-1351	22	44114	7	4	57	0	0	0	0	0	0	0	0	0	0	0	0	0	0	
736.259033	8	6	3	0	2	7	1	3333	-1348	22	44174	7	4	59	0	0	0	0	0	0	0	0	0	0	0	0	0	0	
737.264167	8	6	3	0	2	7	1	3326	-1349	22	44234	7	4	61	0	0	0	0	0	0	0	0	0	0	0	0	0	0	
738.252000	8	6	3	0	2	7	1	3319	-1349	22	44294	7	4	62	0	0	0	0	0	0	0	0	0	0	0	0	0	0	
739.257117	8	6	3	0	2	7	1	3313	-1349	22	44354	7	4	64	0	0	0	0	0	0	0	0	0	0	0	0	0	0	
740.262233	8	6	3	0	2	7	1	3306	-1351	22	44414	7	4	66	0	0	0	0	0	0	0	0	0	0	0	0	0	0	
741.267367	8	6	3	0	2	7	1	3298	-1350	22	44475	7	4	67	0	0	0	0	0	0	0	0	0	0	0	0	0	0	
742.253767	8	6	3	0	2	7	1	3290	-1351	22	44534	7	4	69	0	0	0	0	0	0	0	0	0	0	0	0	0	0	
743.258883	8	6	3	0	2	7	1	3282	-1350	22	44594	7	4	71	0	0	0	0	0	0	0	0	0	0	0	0	0	0	
744.265433	8	6	3	0	2	7	1	3272	-1350	22	44654	7	4	72	0	0	0	0	0	0	0	0	0	0	0	0	0	0	
745.251833	8	6	3	0	2	7	1	3260	-1350	22	44714	7	4	74	0	0	0	0	0	0	0	0	0	0	0	0	0	0	
746.256967	8	6	3	0	2	7	1	3245	-1349	22	44774	7	4	76	0	0	0	0	0	0	0	0	0	0	0	0	0	0	
747.262083	8	6	3	0	2	7	1	3226	-1349	22	44834	7	4	77	0	0	0	0	0	0	0	0	0	0	0	0	0	0	
748.267200	8	6	3	0	2	7	1	3201	-1349	22	44895	7	4	79	0	0	0	0	0	0	0	0	0	0	0	0	0	0	
749.253600	8	6	3	0	2	7	1	3165	-1351	22	44954	7	4	81	0	0	0	0	0	0	0	0	0	0	0	0	0	0	
750.260167	8	6	3	0	2	7	1	3110	-1349	22	45014	7	4	82	0	0	0	0	0	0	0	0	0	0	0	0	0	0	
751.265283	8	6	3	0	2	7	1	3017	-1348	22	45074	7	4	84	0	0	0	0	0	0	0	0	0	0	0	0	0	0	
752.270400	8	6	3	0	2	7	1	2824	-1350	22	45135	7	4	86	0	0	0	0	0	0	0	0	0	0	0	0	0	0	
752.634717	8	15	3	0	1	31	2	3026	49	22	45157	8	4	86	0	0	0	0	0	0	0	0	0	0	0	0	0	0	
752.656317	8	3	3	0	1	2	2	3265	676	22	45158	9	4	86	0	0	0	0	0	0	0	0	0	0	0	0	0	0	
753.259683	8	3	3	0	1	2	2	3533	675	22	45194	9	4	86	0	0	0	0	0	0	0	0	0	0	0	0	0	0	
754.266233	8	3	3	0	1	2	2	3669	676	22	45254	9	4	86	0	0	0	0	0	0	0	0	0	0	0	0	0	0	
755.252633	8	3	3	0	1	2	2	3743	673	22	45314	9	4	86	0	0	0	0	0	0	0	0	0	0	0	0	0	0	
756.257767	8	3	3	0	1	2	2	3796	676	22	45374	9	4	86	0	0	0	0	0	0	0	0	0	0	0	0	0	0	
757.262883	8	3	3	0	1	2	2	3834	675	22	45434	9	4	86	0	0	0	0	0	0	0	0	0	0	0	0	0	0	
758.268000	8	3	3	0	1	2	2	3856	673	22	45495	9	4	86	0	0	0	0	0	0	0	0	0	0	0	0	0	0	
759.254400	8	3	3	0	1	2	2	3866	674	22	45554	9	4	86	0	0	0	0	0	0	0	0	0	0	0	0	0	0	
760.260967	8	3	3	0	1	2	2	3874	675	22	45614	9	4	86	0	0	0	0	0	0	0	0	0	0	0	0	0	0	
761.266083	8	3	3	0	1	2	2	3881	675	22	45674	9	4	86	0	0	0	0	0	0	0	0	0	0	0	0	0	0	
762.252483	8	3	3	0	1	2	2	3887	674	22	45734	9	4	86	0	0	0	0	0	0	0	0	0	0	0	0	0	0	
763.257600	8	3	3	0	1	2	2	3894	674	22	45794	9	4	86	0	0	0	0	0	0	0	0	0	0	0	0	0	0	
764.264167	8	3	3	0	1	2	2	3900	675	22	45854	9	4	86	0	0	0	0	0	0	0	0	0	0	0	0	0	0	
765.269283	8	3	3	0	1	2	2	3907	676	22	45915	9	4	86	0	0	0	0	0	0	0	0	0	0	0	0	0	0	
766.255683	8	3	3	0	1	2	2	3913	674	22	45974	9	4	86	0	0	0	0	0	0	0	0	0	0	0	0	0	0	
767.260800	8	3	3	0	1	2	2	3920	674	22	46034	9	4	86	0	0	0	0	0	0	0	0	0	0	0	0	0	0	
768.265917	8	3	3	0	1	2	2	3927	675	22	46094	9	4	86	0	0	0	0	0	0	0	0	0	0	0	0	0	0	
769.252317	8	3	3	0	1	2	2	3933	674	22	46154	9	4	86	0	0	0	0	0	0	0	0	0	0	0	0	0	0	
770.258883	8	3	3	0	1	2	2	3940	675	22	46214	9	4	86	0	0	0	0	0	0	0	0	0	0	0	0	0	0	
771.264000	8	3	3	0	1	2	2	3946	674	22	46274	9	4	86	0	0	0	0	0	0	0	0	0	0	0	0	0	0	
772.269117	8	3	3	0	1	2	2	3953	675	22	46335	9	4	86	0	0	0	0	0	0	0	0	0	0	0	0	0	0	
773.255517	8	3	3	0	1	2	2	3958	674	22	46394	9	4	86	0	0	0	0	0	0	0	0	0	0	0	0	0	0	
774.260633	8	3	3	0	1	2	2	3963	676	22	46454	9	4	86	0	0	0	0	0	0	0	0	0	0	0	0	0	0	
775.267200	8	3	3	0	1	2	2	3968	675	22	46514	9	4	86	0	0	0	0	0	0	0	0	0	0	0	0	0	0	
776.272317	8	3	3	0	1	2	2	3972	675	22	46575	9	4	86	0	0	0	0	0	0	0	0	0	0	0	0	0	0	
777.258717	8	3	3	0	1	2	2	3976	674	22	46634	9	4	86	0	0	0	0	0	0	0	0	0	0	0	0	0	0	
778.263833	8	3	3	0	1	2	2	3979	675	22	46694	9	4	86	0	0	0	0	0	0	0	0	0	0	0	0	0	0	
779.270400	8	3	3	0	1	2	2	3982	674	22	46755	9	4	86	0	0	0	0	0	0	0	0	0	0	0	0	0	0	
780.256800	8	3	3	0	1	2	2	3985	674	22	46814	9	4	86	0	0	0	0	0	0	0	0	0	0	0	0	0	0	
781.261917	8	3	3	0	1	2	2	3988	673	22	46874	9	4	86	0	0	0	0	0	0	0	0	0	0	0	0	0	0	
782.267033	8	3	3	0	1	2	2	3991	674	22	46934	9	4	86	0	0	0	0	0	0	0	0	0	0	0	0	0	0	
783.272167	8	3	3	0	1	2	2	3995	674	22	46995	9	4	86	0	0	0	0	0	0	0	0	0	0	0	0	0	0	
784.258567	8	3	3	0	1	2	2	3997	675	22	47054	9	4	86	0	0	0	0	0	0	0	0	0	0	0	0	0	0	
785.265117	8	3	3	0	1	2	2	4000	674	22	47114	9	4	86	0	0	0	0	0	0	0	0	0	0	0	0	0	0	
786.270233	8	3	3	0	1	2	2	4003	675	22	47175	9	4	86	0	0	0	0	0	0	0	0	0	0	0	0	0	0	
787.256633	8	3	3	0	1	2	2	4007	676	22	47234	9	4	86	0	0	0	0	0	0	0	0	0	0	0	0	0	0	
788.261767	8	3	3	0	1	2	2	4010	675	22	47294	9	4	86	0	0	0	0	0	0	0	0	0	0	0	0	0	0	
789.266883	8	3	3	0	1	2	2	4013	674	22	47354	9	4	86	0	0	0	0	0	0	0	0	0	0	0	0	0	0	
790.273433	8	3	3	0	1	2	2	4017	675	22	47415	9	4	86	0	0	0	0	0	0	0	0	0	0	0	0	0	0	
791.259833	8	3	3	0	1	2	2	4020	674	22	47474	9	4	86	0	0	0	0	0	0	0	0	0	0	0	0	0	0	
792.264967	8	3	3	0	1	2	2	4023	675	22	47534	9	4	86	0	0	0	0	0	0	0	0	0	0	0	0	0	0	
793.270083	8	3	3	0	1	2	2	4026	674	22	47595	9	4	86	0	0	0	0	0	0	0	0	0	0	0	0	0	0	
794.256483	8	3	3	0	1	2	2	4029	674	22	47654	9	4	86	0	0	0	0	0	0	0	0	0	0	0	0	0	0	
795.261600	8	3	3	0	1	2	2	4032	674	22	47714	9	4	86	0	0	0	0	0	0	0	0	0	0	0	0	0	0	
796.268167	8	3	3	0	1	2	2	4036	675	22	47774	9	4	86	0	0	0	0	0	0	0	0	0	0	0	0	0	0	
797.273283	8	3	3	0	1	2	2	4039	675	22	47835	9	4	86	0	0	0	0	0	0	0	0	0	0	0	0	0	0	
798.259683	8	3	3	0	1	2	2	4043	675	22	47894	9	4	86	0	0	0	0	0	0	0	0	0	0	0	0	0	0	
799.264800	8	3	3	0	1	2	2	4046	674	22	47954	9	4	86	0	0	0	0	0	0	0	0	0	0	0	0	0	0	
800.269917	8	3	3	0	1	2	2	4050	675	22	48015	9	4	86	0	0	0	0	0	0	0	0	0	0	0	0	0	0	
801.256317	8	3	3	0	1	2	2	4053	674	22	48074	9	4	86	0	0	0	0	0	0	0	0	0	0	0	0	0	0	
802.262883	8	3	3	0	1	2	2	4057	674	22	48134	9	4	86	0	0	0	0	0	0	0	0	0	0	0	0	0	0	
803.268000	8	3	3	0	1	2	2	4061	674	22	48194	9	4	86	0	0	0	0	0	0	0	0	0	0	0	0	0	0	
804.273117	8	3	3	0	1	2	2	4065	675	22	48255	9	4	86	0	0	0	0	0	0	0	0	0	0	0	0	0	0	
805.259517	8	3	3	0	1	2	2	4069	674	22	48314	9	4	86	0	0	0	0	0	0	0	0	0	0	0	0	0	0	
806.266083	8	3	3	0	1	2	2	4072	674	22	48374	9	4	86	0	0	0	0	0	0	0	0	0	0	0	0	0	0	
807.271200	8	3	3	0	1	2	2	4077	675	22	48434	9	4	86	0	0	0	0	0	0	0	0	0	0	0	0	0	0	
808.257600	8	3	3	0	1	2	2	4081	675	22	48494	9	4	86	0	0	0	0	0	0	0	0	0	0	0	0	0	0	
809.262717	8	3	3	0	1	2	2	4085	673	22	48554	9	4	86	0	0	0	0	0	0	0	0	0	0	0	0	0	0	
810.267833	8	3	3	0	1	2	2	4090	674	22	48614	9	4	86	0	0	0	0	0	0	0	0	0	0	0	0	0	0	
811.272967	8	3	3	0	1	2	2	4094	674	22	48675	9	4	86	0	0	0	0	0	0	0	0	0	0	0	0	0	0	
812.259367	8	3	3	0	1	2	2	4099	674	22	48734	9	4	86	0	0	0	0	0	0	0	0	0	0	0	0	0	0	
813.265917	8	3	3	0	1	2	2	4104	675	22	48794	9	4	86	0	0	0	0	0	0	0	0	0	0	0	0	0	0	
814.271033	8	3	3	0	1	2	2	4109	675	22	48854	9	4	86	0	0	0	0	0	0	0	0	0	0	0	0	0	0	
815.257433	8	3	3	0	1	2	2	4114	676	22	48914	9	4	86	0	0	0	0	0	0	0	0	0	0	0	0	0	0	
816.262567	8	3	3	0	1	2	2	4117	668	22	48974	9	4	86	0	0	0	0	0	0	0	0	0	0	0	0	0	0	
817.267683	8	3	3	0	1	2	2	4120	663	22	49034	9	4	86	0	0	0	0	0	0	0	0	0	0	0	0	0	0	
818.274233	8	3	3	0	1	2	2	4126	666	22	49095	9	4	86	0	0	0	0	0	0	0	0	0	0	0	0	0	0	
819.260633	8	3	3	0	1	2	2	4130	664	22	49154	9	4	86	0	0	0	0	0	0	0	0	0	0	0	0	0	0	
820.265767	8	3	3	0	1	2	2	4136	663	22	49214	9	4	86	0	0	0	0	0	0	0	0	0	0	0	0	0	0	
821.270883	8	3	3	0	1	2	2	4141	662	22	49274	9	4	86	0	0	0	0	0	0	0	0	0	0	0	0	0	0	
822.257283	8	3	3	0	1	2	2	4146	662	22	49334	9	4	86	0	0	0	0	0	0	0	0	0	0	0	0	0	0	
823.263833	8	3	3	0	1	2	2	4151	662	22	49394	9	4	86	0	0	0	0	0	0	0	0	0	0	0	0	0	0	
824.268967	8	3	3	0	1	2	2	4157	661	22	49454	9	4	86	0	0	0	0	0	0	0	0	0	0	0	0	0	0	
825.274083	8	3	3	0	1	2	2	4163	661	22	49515	9	4	86	0	0	0	0	0	0	0	0	0	0	0	0	0	0	
826.260483	8	3	3	0	1	2	2	4168	660	22	49574	9	4	86	0	0	0	0	0	0	0	0	0	0	0	0	0	0	
827.265600	8	3	3	0	1	2	2	4174	659	22	49634	9	4	86	0	0	0	0	0	0	0	0	0	0	0	0	0	0	
828.272167	8	3	3	0	1	2	2	4179	657	22	49694	9	4	86	0	0	0	0	0	0	0	0	0	0	0	0	0	0	
829.258567	8	3	3	0	1	2	2	4185	657	22	49754	9	4	86	0	0	0	0	0	0	0	0	0	0	0	0	0	0	
830.263683	8	3	3	0	1	2	2	4192	656	22	49814	9	4	86	0	0	0	0	0	0	0	0	0	0	0	0	0	0	
831.268800	8	3	3	0	1	2	2	4198	657	22	49874	9	4	86	0	0	0	0	0	0	0	0	0	0	0	0	0	0	
832.273917	8	3	3	0	1	2	2	4198	635	22	49935	9	4	86	0	0	0	0	0	0	0	0	0	0	0	0	0	0	
833.260317	8	3	3	0	1	2	2	4198	615	22	49994	9	4	86	0	0	0	0	0	0	0	0	0	0	0	0	0	0	
834.266883	8	3	3	0	1	2	2	4198	595	22	50054	9	4	86	0	0	0	0	0	0	0	0	0	0	0	0	0	0	
835.272000	8	3	3	0	1	2	2	4198	575	22	50114	9	4	86	0	0	0	0	0	0	0	0	0	0	0	0	0	0	
836.258400	8	3	3	0	1	2	2	4198	557	22	50174	9	4	86	0	0	0	0	0	0	0	0	0	0	0	0	0	0	
837.263517	8	3	3	0	1	2	2	4199	539	22	50234	9	4	86	0	0	0	0	0	0	0	0	0	0	0	0	0	0	
838.268633	8	3	3	0	1	2	2	4199	522	22	50294	9	4	86	0	0	0	0	0	0	0	0	0	0	0	0	0	0	
839.275200	8	3	3	0	1	2	2	4198	505	22	50355	9	4	86	0	0	0	0	0	0	0	0	0	0	0	0	0	0	
840.261600	8	3	3	0	1	2	2	4198	488	22	50414	9	4	86	0	0	0	0	0	0	0	0	0	0	0	0	0	0	
841.266717	8	3	3	0	1	2	2	4198	472	22	50474	9	4	86	0	0	0	0	0	0	0	0	0	0	0	0	0	0	
842.271833	8	3	3	0	1	2	2	4199	456	22	50534	9	4	86	0	0	0	0	0	0	0	0	0	0	0	0	0	0	
843.258233	8	3	3	0	1	2	2	4198	441	22	50594	9	4	86	0	0	0	0	0	0	0	0	0	0	0	0	0	0	
844.264800	8	3	3	0	1	2	2	4198	427	22	50654	9	4	86	0	0	0	0	0	0	0	0	0	0	0	0	0	0	
845.269917	8	3	3	0	1	2	2	4199	412	22	50714	9	4	86	0	0	0	0	0	0	0	0	0	0	0	0	0	0	
846.275033	8	3	3	0	1	2	2	4198	398	22	50775	9	4	86	0	0	0	0	0	0	0	0	0	0	0	0	0	0	
847.261433	8	3	3	0	1	2	2	4199	387	22	50834	9	4	86	0	0	0	0	0	0	0	0	0	0	0	0	0	0	
848.266567	8	3	3	0	1	2	2	4198	373	22	50894	9	4	86	0	0	0	0	0	0	0	0	0	0	0	0	0	0	
849.273117	8	3	3	0	1	2	2	4198	359	22	50954	9	4	86	0	0	0	0	0	0	0	0	0	0	0	0	0	0	
850.278233	8	3	3	0	1	2	2	4198	348	22	51015	9	4	86	0	0	0	0	0	0	0	0	0	0	0	0	0	0	
851.264633	8	3	3	0	1	2	2	4199	336	22	51074	9	4	86	0	0	0	0	0	0	0	0	0	0	0	0	0	0	
852.269767	8	3	3	0	1	2	2	4199	325	22	51134	9	4	86	0	0	0	0	0	0	0	0	0	0	0	0	0	0	
853.274883	8	3	3	0	1	2	2	4199	314	22	51195	9	4	86	0	0	0	0	0	0	0	0	0	0	0	0	0	0	
854.261283	8	3	3	0	1	2	2	4198	304	22	51254	9	4	86	0	0	0	0	0	0	0	0	0	0	0	0	0	0	
855.267833	8	3	3	0	1	2	2	4198	294	22	51314	9	4	86	0	0	0	0	0	0	0	0	0	0	0	0	0	0	
856.272967	8	3	3	0	1	2	2	4199	283	22	51374	9	4	86	0	0	0	0	0	0	0	0	0	0	0	0	0	0	
857.278083	8	3	3	0	1	2	2	4198	274	22	51435	9	4	86	0	0	0	0	0	0	0	0	0	0	0	0	0	0	
858.264483	8	3	3	0	1	2	2	4198	265	22	51494	9	4	86	0	0	0	0	0	0	0	0	0	0	0	0	0	0	
859.269600	8	3	3	0	1	2	2	4198	257	22	51554	9	4	86	0	0	0	0	0	0	0	0	0	0	0	0	0	0	
860.276167	8	3	3	0	1	2	2	4199	247	22	51615	9	4	86	0	0	0	0	0	0	0	0	0	0	0	0	0	0	
861.262567	8	3	3	0	1	2	2	4198	239	22	51674	9	4	86	0	0	0	0	0	0	0	0	0	0	0	0	0	0	
862.267683	8	3	3	0	1	2	2	4199	231	22	51734	9	4	86	0	0	0	0	0	0	0	0	0	0	0	0	0	0	
863.272800	8	3	3	0	1	2	2	4199	223	22	51794	9	4	86	0	0	0	0	0	0	0	0	0	0	0	0	0	0	
864.277917	8	3	3	0	1	2	2	4198	216	22	51855	9	4	86	0	0	0	0	0	0	0	0	0	0	0	0	0	0	
865.265767	8	3	3	0	1	2	2	4199	209	22	51914	9	4	86	0	0	0	0	0	0	0	0	0	0	0	0	0	0	
866.270883	8	3	3	0	1	2	2	4198	202	22	51974	9	4	86	0	0	0	0	0	0	0	0	0	0	0	0	0	0	
867.276000	8	3	3	0	1	2	2	4198	195	22	52035	9	4	86	0	0	0	0	0	0	0	0	0	0	0	0	0	0	
868.262400	8	3	3	0	1	2	2	4198	188	22	52094	9	4	86	0	0	0	0	0	0	0	0	0	0	0	0	0	0	
869.267517	8	3	3	0	1	2	2	4198	182	22	52154	9	4	86	0	0	0	0	0	0	0	0	0	0	0	0	0	0	
870.272633	8	3	3	0	1	2	2	4198	175	22	52214	9	4	86	0	0	0	0	0	0	0	0	0	0	0	0	0	0	
871.279200	8	3	3	0	1	2	2	4198	169	22	52275	9	4	86	0	0	0	0	0	0	0	0	0	0	0	0	0	0	
872.265600	8	3	3	0	1	2	2	4199	165	22	52334	9	4	86	0	0	0	0	0	0	0	0	0	0	0	0	0	0	
873.270717	8	3	3	0	1	2	2	4198	158	22	52394	9	4	86	0	0	0	0	0	0	0	0	0	0	0	0	0	0	
874.275833	8	3	3	0	1	2	2	4199	154	22	52454	9	4	86	0	0	0	0	0	0	0	0	0	0	0	0	0	0	
875.262233	8	3	3	0	1	2	2	4199	148	22	52514	9	4	86	0	0	0	0	0	0	0	0	0	0	0	0	0	0	
876.268800	8	3	3	0	1	2	2	4199	144	22	52574	9	4	86	0	0	0	0	0	0	0	0	0	0	0	0	0	0	
877.273917	8	3	3	0	1	2	2	4198	138	22	52634	9	4	86	0	0	0	0	0	0	0	0	0	0	0	0	0	0	
878.279033	8	3	3	0	1	2	2	4198	134	22	52695	9	4	86	0	0	0	0	0	0	0	0	0	0	0	0	0	0	
879.265433	8	3	3	0	1	2	2	4199	130	22	52754	9	4	86	0	0	0	0	0	0	0	0	0	0	0	0	0	0	
880.270567	8	3	3	0	1	2	2	4198	124	22	52814	9	4	86	0	0	0	0	0	0	0	0	0	0	0	0	0	0	
881.277117	8	3	3	0	1	2	2	4199	121	22	52874	9	4	86	0	0	0	0	0	0	0	0	0	0	0	0	0	0	
882.263517	8	3	3	0	1	2	2	4199	117	22	52934	9	4	86	0	0	0	0	0	0	0	0	0	0	0	0	0	0	
883.268633	8	3	3	0	1	2	2	4198	113	22	52994	9	4	86	0	0	0	0	0	0	0	0	0	0	0	0	0	0	
884.273767	8	3	3	0	1	2	2	4198	109	22	53054	9	4	86	0	0	0	0	0	0	0	0	0	0	0	0	0	0	
885.278883	8	3	3	0	1	2	2	4199	106	22	53115	9	4	86	0	0	0	0	0	0	0	0	0	0	0	0	0	0	
886.265283	8	3	3	0	1	2	2	4198	103	22	53174	9	4	86	0	0	0	0	0	0	0	0	0	0	0	0	0	0	
887.271833	8	3	3	0	1	2	2	4199	99	22	53234	9	4	86	0	0	0	0	0	0	0	0	0	0	0	0	0	0	
888.276967	8	3	3	0	1	2	2	4199	97	22	53294	9	4	86	0	0	0	0	0	0	0	0	0	0	0	0	0	0	
889.263367	8	3	3	0	1	2	2	4199	93	22	53354	9	4	86	0	0	0	0	0	0	0	0	0	0	0	0	0	0	
890.268483	8	3	3	0	1	2	2	4198	90	22	53414	9	4	86	0	0	0	0	0	0	0	0	0	0	0	0	0	0	
891.273600	8	3	3	0	1	2	2	4199	88	22	53474	9	4	86	0	0	0	0	0	0	0	0	0	0	0	0	0	0	
892.280167	8	3	3	0	1	2	2	4199	84	22	53535	9	4	86	0	0	0	0	0	0	0	0	0	0	0	0	0	0	
893.266567	8	3	3	0	1	2	2	4199	81	22	53594	9	4	86	0	0	0	0	0	0	0	0	0	0	0	0	0	0	
894.271683	8	3	3	0	1	2	2	4199	80	22	53654	9	4	86	0	0	0	0	0	0	0	0	0	0	0	0	0	0	
895.276800	8	3	3	0	1	2	2	4199	76	22	53714	9	4	86	0	0	0	0	0	0	0	0	0	0	0	0	0	0	
896.263200	8	3	3	0	1	2	2	4198	74	22	53774	9	4	86	0	0	0	0	0	0	0	0	0	0	0	0	0	0	
897.269767	8	3	3	0	1	2	2	4198	72	22	53834	9	4	86	0	0	0	0	0	0	0	0	0	0	0	0	0	0	
898.274883	8	3	3	0	1	2	2	4198	70	22	53894	9	4	86	0	0	0	0	0	0	0	0	0	0	0	0	0	0	
899.280000	8	3	3	0	1	2	2	4198	68	22	53955	9	4	86	0	0	0	0	0	0	0	0	0	0	0	0	0	0	
899.457117	8	6	3	0	2	7	1	3851	-1349	22	53965	9	5	0	0	0	0	0	0	0	0	0	0	0	0	0	0	0	
900.267833	8	6	3	0	2	7	1	3782	-1351	22	54014	9	5	1	0	0	0	0	0	0	0	0	0	0	0	0	0	0	
901.274400	8	6	3	0	2	7	1	3747	-1349	22	54074	9	5	2	0	0	0	0	0	0	0	0	0	0	0	0	0	0	
902.279517	8	6	3	0	2	7	1	3723	-1351	22	54135	9	5	4	0	0	0	0	0	0	0	0	0	0	0	0	0	0	
903.265917	8	6	3	0	2	7	1	3703	-1350	22	54194	9	5	6	0	0	0	0	0	0	0	0	0	0	0	0	0	0	
904.271033	8	6	3	0	2	7	1	3684	-1351	22	54254	9	5	7	0	0	0	0	0	0	0	0	0	0	0	0	0	0	
905.276167	8	6	3	0	2	7	1	3667	-1349	22	54314	9	5	9	0	0	0	0	0	0	0	0	0	0	0	0	0	0	
906.282717	8	6	3	0	2	7	1	3651	-1349	22	54375	9	5	11	0	0	0	0	0	0	0	0	0	0	0	0	0	0	
907.269117	8	6	3	0	2	7	1	3635	-1350	22	54434	9	5	12	0	0	0	0	0	0	0	0	0	0	0	0	0	0	
908.274233	8	6	3	0	2	7	1	3620	-1350	22	54494	9	5	14	0	0	0	0	0	0	0	0	0	0	0	0	0	0	
909.279367	8	6	3	0	2	7	1	3605	-1349	22	54555	9	5	16	0	0	0	0	0	0	0	0	0	0	0	0	0	0	
910.265767	8	6	3	0	2	7	1	3591	-1348	22	54614	9	5	17	0	0	0	0	0	0	0	0	0	0	0	0	0	0	
911.270883	8	6	3	0	2	7	1	3578	-1349	22	54674	9	5	19	0	0	0	0	0	0	0	0	0	0	0	0	0	0	
912.277433	8	6	3	0	2	7	1	3564	-1349	22	54734	9	5	21	0	0	0	0	0	0	0	0	0	0	0	0	0	0	
913.282567	8	6	3	0	2	7	1	3551	-1349	22	54795	9	5	22	0	0	0	0	0	0	0	0	0	0	0	0	0	0	
914.268967	8	6	3	0	2	7	1	3538	-1351	22	54854	9	5	24	0	0	0	0	0	0	0	0	0	0	0	0	0	0	
915.274083	8	6	3	0	2	7	1	3526	-1351	22	54914	9	5	26	0	0	0	0	0	0	0	0	0	0	0	0	0	0	
916.279200	8	6	3	0	2	7	1	3513	-1350	22	54975	9	5	27	0	0	0	0	0	0	0	0	0	0	0	0	0	0	
917.265600	8	6	3	0	2	7	1	3501	-1349	22	55034	9	5	29	0	0	0	0	0	0	0	0	0	0	0	0	0	0	
918.272167	8	6	3	0	2	7	1	3489	-1349	22	55094	9	5	31	0	0	0	0	0	0	0	0	0	0	0	0	0	0	
919.277283	8	6	3	0	2	7	1	3477	-1350	22	55154	9	5	32	0	0	0	0	0	0	0	0	0	0	0	0	0	0	
920.282400	8	6	3	0	2	7	1	3467	-1350	22	55215	9	5	34	0	0	0	0	0	0	0	0	0	0	0	0	0	0	
921.268800	8	6	3	0	2	7	1	3456	-1351	22	55274	9	5	36	0	0	0	0	0	0	0	0	0	0	0	0	0	0	
922.273917	8	6	3	0	2	7	1	3445	-1350	22	55334	9	5	37	0	0	0	0	0	0	0	0	0	0	0	0	0	0	
923.280483	8	6	3	0	2	7	1	3435	-1350	22	55394	9	5	39	0	0	0	0	0	0	0	0	0	0	0	0	0	0	
924.266883	8	6	3	0	2	7	1	3425	-1351	22	55454	9	5	41	0	0	0	0	0	0	0	0	0	0	0	0	0	0	
925.272000	8	6	3	0	2	7	1	3416	-1349	22	55514	9	5	42	0	0	0	0	0	0	0	0	0	0	0	0	0	0	
926.277117	8	6	3	0	2	7	1	3407	-1350	22	55574	9	5	44	0	0	0	0	0	0	0	0	0	0	0	0	0	0	
927.282233	8	6	3	0	2	7	1	3398	-1350	22	55635	9	5	46	0	0	0	0	0	0	0	0	0	0	0	0	0	0	
928.268633	8	6	3	0	2	7	1	3390	-1350	22	55694	9	5	47	0	0	0	0	0	0	0	0	0	0	0	0	0	0	
929.275200	8	6	3	0	2	7	1	3382	-1349	22	55754	9	5	49	0	0	0	0	0	0	0	0	0	0	0	0	0	0	
930.280317	8	6	3	0	2	7	1	3375	-1350	22	55814	9	5	51	0	0	0	0	0	0	0	0	0	0	0	0	0	0	
931.266717	8	6	3	0	2	7	1	3367	-1351	22	55874	9	5	52	0	0	0	0	0	0	0	0	0	0	0	0	0	0	
932.271833	8	6	3	0	2	7	1	3361	-1350	22	55934	9	5	54	0	0	0	0	0	0	0	0	0	0	0	0	0	0	
933.276967	8	6	3	0	2	7	1	3354	-1350	22	55994	9	5	56	0	0	0	0	0	0	0	0	0	0	0	0	0	0	
934.283517	8	6	3	0	2	7	1	3347	-1349	22	56055	9	5	57	0	0	0	0	0	0	0	0	0	0	0	0	0	0	
935.269917	8	6	3	0	2	7	1	3341	-1349	22	56114	9	5	59	0	0	0	0	0	0	0	0	0	0	0	0	0	0	
936.275033	8	6	3	0	2	7	1	3335	-1350	22	56174	9	5	60	0	0	0	0	0	0	0	0	0	0	0	0	0	0	
937.280167	8	6	3	0	2	7	1	3328	-1351	22	56234	9	5	62	0	0	0	0	0	0	0	0	0	0	0	0	0	0	
938.266567	8	6	3	0	2	7	1	3322	-1350	22	56294	9	5	64	0	0	0	0	0	0	0	0	0	0	0	0	0	0	
939.271683	8	6	3	0	2	7	1	3315	-1349	22	56354	9	5	65	0	0	0	0	0	0	0	0	0	0	0	0	0	0	
940.278233	8	6	3	0	2	7	1	3307	-1350	22	56414	9	5	67	0	0	0	0	0	0	0	0	0	0	0	0	0	0	
941.283367	8	6	3	0	2	7	1	3299	-1349	22	56475	9	5	69	0	0	0	0	0	0	0	0	0	0	0	0	0	0	
942.269767	8	6	3	0	2	7	1	3290	-1351	22	56534	9	5	70	0	0	0	0	0	0	0	0	0	0	0	0	0	0	
943.274883	8	6	3	0	2	7	1	3279	-1350	22	56594	9	5	72	0	0	0	0	0	0	0	0	0	0	0	0	0	0	
944.281433	8	6	3	0	2	7	1	3267	-1348	22	56654	9	5	74	0	0	0	0	0	0	0	0	0	0	0	0	0	0	
945.267833	8	6	3	0	2	7	1	3253	-1348	22	56714	9	5	75	0	0	0	0	0	0	0	0	0	0	0	0	0	0	
946.272967	8	6	3	0	2	7	1	3234	-1349	22	56774	9	5	77	0	0	0	0	0	0	0	0	0	0	0	0	0	0	
947.278083	8	6	3	0	2	7	1	3209	-1350	22	56834	9	5	79	0	0	0	0	0	0	0	0	0	0	0	0	0	0	
948.283200	8	6	3	0	2	7	1	3174	-1348	22	56895	9	5	80	0	0	0	0	0	0	0	0	0	0	0	0	0	0	
949.269600	8	6	3	0	2	7	1	3123	-1349	22	56954	9	5	82	0	0	0	0	0	0	0	0	0	0	0	0	0	0	
950.276167	8	6	3	0	2	7	1	3036	-1350	22	57014	9	5	84	0	0	0	0	0	0	0	0	0	0	0	0	0	0	
951.281283	8	6	3	0	2	7	1	2865	-1349	22	57074	9	5	85	0	0	0	0	0	0	0	0	0	0	0	0	0	0	
951.778083	8	15	3	0	1	31	2	2983	40	22	57104	10	5	86	0	0	0	0	0	0	0	0	0	0	0	0	0	0	
951.798233	8	3	3	0	1	2	2	3258	678	22	57105	11	5	86	0	0	0	0	0	0	0	0	0	0	0	0	0	0	
952.272000	8	3	3	0	1	2	2	3501	675	22	57134	11	5	86	0	0	0	0	0	0	0	0	0	0	0	0	0	0	
953.277117	8	3	3	0	1	2	2	3653	674	22	57194	11	5	86	0	0	0	0	0	0	0	0	0	0	0	0	0	0	
954.282233	8	3	3	0	1	2	2	3734	675	22	57255	11	5	86	0	0	0	0	0	0	0	0	0	0	0	0	0	0	
955.268633	8	3	3	0	1	2	2	3787	673	22	57314	11	5	86	0	0	0	0	0	0	0	0	0	0	0	0	0	0	
956.273767	8	3	3	0	1	2	2	3828	674	22	57374	11	5	86	0	0	0	0	0	0	0	0	0	0	0	0	0	0	
957.280317	8	3	3	0	1	2	2	3852	675	22	57434	11	5	86	0	0	0	0	0	0	0	0	0	0	0	0	0	0	
958.285433	8	3	3	0	1	2	2	3864	674	22	57495	11	5	86	0	0	0	0	0	0	0	0	0	0	0	0	0	0	
959.271833	8	3	3	0	1	2	2	3871	676	22	57554	11	5	86	0	0	0	0	0	0	0	0	0	0	0	0	0	0	
960.276967	8	3	3	0	1	2	2	3878	675	22	57614	11	5	86	0	0	0	0	0	0	0	0	0	0	0	0	0	0	
961.283517	8	3	3	0	1	2	2	3885	675	22	57674	11	5	86	0	0	0	0	0	0	0	0	0	0	0	0	0	0	
962.269917	8	3	3	0	1	2	2	3891	675	22	57734	11	5	86	0	0	0	0	0	0	0	0	0	0	0	0	0	0	
963.275033	8	3	3	0	1	2	2	3898	675	22	57794	11	5	86	0	0	0	0	0	0	0	0	0	0	0	0	0	0	
964.280167	8	3	3	0	1	2	2	3905	674	22	57854	11	5	86	0	0	0	0	0	0	0	0	0	0	0	0	0	0	
965.285283	8	3	3	0	1	2	2	3911	674	22	57915	11	5	86	0	0	0	0	0	0	0	0	0	0	0	0	0	0	
966.271683	8	3	3	0	1	2	2	3918	675	22	57974	11	5	86	0	0	0	0	0	0	0	0	0	0	0	0	0	0	
967.278233	8	3	3	0	1	2	2	3925	675	22	58034	11	5	86	0	0	0	0	0	0	0	0	0	0	0	0	0	0	
968.283367	8	3	3	0	1	2	2	3931	674	22	58094	11	5	86	0	0	0	0	0	0	0	0	0	0	0	0	0	0	
969.269767	8	3	3	0	1	2	2	3938	675	22	58154	11	5	86	0	0	0	0	0	0	0	0	0	0	0	0	0	0	
970.274883	8	3	3	0	1	2	2	3944	674	22	58214	11	5	86	0	0	0	0	0	0	0	0	0	0	0	0	0	0	
971.280000	8	3	3	0	1	2	2	3950	674	22	58274	11	5	86	0	0	0	0	0	0	0	0	0	0	0	0	0	0	
972.286567	8	3	3	0	1	2	2	3956	675	22	58335	11	5	86	0	0	0	0	0	0	0	0	0	0	0	0	0	0	
973.272967	8	3	3	0	1	2	2	3961	673	22	58394	11	5	86	0	0	0	0	0	0	0	0	0	0	0	0	0	0	
974.278083	8	3	3	0	1	2	2	3966	675	22	58454	11	5	86	0	0	0	0	0	0	0	0	0	0	0	0	0	0	
975.283200	8	3	3	0	1	2	2	3970	675	22	58514	11	5	86	0	0	0	0	0	0	0	0	0	0	0	0	0	0	
976.269600	8	3	3	0	1	2	2	3974	675	22	58574	11	5	86	0	0	0	0	0	0	0	0	0	0	0	0	0	0	
977.274717	8	3	3	0	1	2	2	3978	675	22	58634	11	5	86	0	0	0	0	0	0	0	0	0	0	0	0	0	0	
978.281283	8	3	3	0	1	2	2	3981	674	22	58694	11	5	86	0	0	0	0	0	0	0	0	0	0	0	0	0	0	
979.286400	8	3	3	0	1	2	2	3984	675	22	58755	11	5	86	0	0	0	0	0	0	0	0	0	0	0	0	0	0	
980.272800	8	3	3	0	1	2	2	3987	675	22	58814	11	5	86	0	0	0	0	0	0	0	0	0	0	0	0	0	0	
981.277917	8	3	3	0	1	2	2	3990	675	22	58874	11	5	86	0	0	0	0	0	0	0	0	0	0	0	0	0	0	
982.283033	8	3	3	0	1	2	2	3993	674	22	58934	11	5	86	0	0	0	0	0	0	0	0	0	0	0	0	0	0	
983.269433	8	3	3	0	1	2	2	3996	675	22	58994	11	5	86	0	0	0	0	0	0	0	0	0	0	0	0	0	0	
984.276000	8	3	3	0	1	2	2	3999	675	22	59054	11	5	86	0	0	0	0	0	0	0	0	0	0	0	0	0	0	
985.281117	8	3	3	0	1	2	2	4002	675	22	59114	11	5	86	0	0	0	0	0	0	0	0	0	0	0	0	0	0	
986.286233	8	3	3	0	1	2	2	4005	674	22	59175	11	5	86	0	0	0	0	0	0	0	0	0	0	0	0	0	0	
987.272633	8	3	3	0	1	2	2	4009	675	22	59234	11	5	86	0	0	0	0	0	0	0	0	0	0	0	0	0	0	
988.277767	8	3	3	0	1	2	2	4012	674	22	59294	11	5	86	0	0	0	0	0	0	0	0	0	0	0	0	0	0	
989.282883	8	3	3	0	1	2	2	4015	675	22	59354	11	5	86	0	0	0	0	0	0	0	0	0	0	0	0	0	0	
990.270717	8	3	3	0	1	2	2	4018	674	22	59414	11	5	86	0	0	0	0	0	0	0	0	0	0	0	0	0	0	
991.275833	8	3	3	0	1	2	2	4021	673	22	59474	11	5	86	0	0	0	0	0	0	0	0	0	0	0	0	0	0	
992.280967	8	3	3	0	1	2	2	4025	675	22	59534	11	5	86	0	0	0	0	0	0	0	0	0	0	0	0	0	0	
993.286083	8	3	3	0	1	2	2	4028	674	22	59595	11	5	86	0	0	0	0	0	0	0	0	0	0	0	0	0	0	
994.272483	8	3	3	0	1	2	2	4031	675	22	59654	11	5	86	0	0	0	0	0	0	0	0	0	0	0	0	0	0	
995.279033	8	3	3	0	1	2	2	4034	674	22	59714	11	5	86	0	0	0	0	0	0	0	0	0	0	0	0	0	0	
996.284167	8	3	3	0	1	2	2	4038	676	22	59774	11	5	86	0	0	0	0	0	0	0	0	0	0	0	0	0	0	
997.289283	8	3	3	0	1	2	2	4042	675	22	59835	11	5	86	0	0	0	0	0	0	0	0	0	0	0	0	0	0	
998.275683	8	3	3	0	1	2	2	4045	676	22	59894	11	5	86	0	0	0	0	0	0	0	0	0	0	0	0	0	0	
999.280800	8	3	3	0	1	2	2	4048	674	22	59954	11	5	86	0	0	0	0	0	0	0	0	0	0	0	0	0	0	
1000.287367	8	3	3	0	1	2	2	4052	674	22	60015	11	5	86	0	0	0	0	0	0	0	0	0	0	0	0	0	0	
1001.273767	8	3	3	0	1	2	2	4056	675	22	60074	11	5	86	0	0	0	0	0	0	0	0	0	0	0	0	0	0	
1002.278883	8	3	3	0	1	2	2	4059	675	22	60134	11	5	86	0	0	0	0	0	0	0	0	0	0	0	0	0	0	
1003.284000	8	3	3	0	1	2	2	4063	674	22	60194	11	5	86	0	0	0	0	0	0	0	0	0	0	0	0	0	0	
1004.289117	8	3	3	0	1	2	2	4067	675	22	60255	11	5	86	0	0	0	0	0	0	0	0	0	0	0	0	0	0	
1005.275517	8	3	3	0	1	2	2	4070	672	22	60314	11	5	86	0	0	0	0	0	0	0	0	0	0	0	0	0	0	
1006.282083	8	3	3	0	1	2	2	4075	674	22	60374	11	5	86	0	0	0	0	0	0	0	0	0	0	0	0	0	0	
1007.287200	8	3	3	0	1	2	2	4079	674	22	60435	11	5	86	0	0	0	0	0	0	0	0	0	0	0	0	0	0	
1008.273600	8	3	3	0	1	2	2	4084	676	22	60494	11	5	86	0	0	0	0	0	0	0	0	0	0	0	0	0	0	
1009.278717	8	3	3	0	1	2	2	4088	675	22	60554	11	5	86	0	0	0	0	0	0	0	0	0	0	0	0	0	0	
1010.283833	8	3	3	0	1	2	2	4092	675	22	60614	11	5	86	0	0	0	0	0	0	0	0	0	0	0	0	0	0	
1011.290400	8	3	3	0	1	2	2	4097	674	22	60675	11	5	86	0	0	0	0	0	0	0	0	0	0	0	0	0	0	
1012.276800	8	3	3	0	1	2	2	4102	674	22	60734	11	5	86	0	0	0	0	0	0	0	0	0	0	0	0	0	0	
1013.281917	8	3	3	0	1	2	2	4107	675	22	60794	11	5	86	0	0	0	0	0	0	0	0	0	0	0	0	0	0	
1014.287033	8	3	3	0	1	2	2	4112	676	22	60855	11	5	86	0	0	0	0	0	0	0	0	0	0	0	0	0	0	
1015.273433	8	3	3	0	1	2	2	4117	675	22	60914	11	5	86	0	0	0	0	0	0	0	0	0	0	0	0	0	0	
1016.280000	8	3	3	0	1	2	2	4119	666	22	60974	11	5	86	0	0	0	0	0	0	0	0	0	0	0	0	0	0	
1017.285117	8	3	3	0	1	2	2	4124	664	22	61034	11	5	86	0	0	0	0	0	0	0	0	0	0	0	0	0	0	
1018.290233	8	3	3	0	1	2	2	4129	663	22	61095	11	5	86	0	0	0	0	0	0	0	0	0	0	0	0	0	0	
1019.276633	8	3	3	0	1	2	2	4134	664	22	61154	11	5	86	0	0	0	0	0	0	0	0	0	0	0	0	0	0	
1020.281767	8	3	3	0	1	2	2	4139	662	22	61214	11	5	86	0	0	0	0	0	0	0	0	0	0	0	0	0	0	
1021.286883	8	3	3	0	1	2	2	4144	662	22	61274	11	5	86	0	0	0	0	0	0	0	0	0	0	0	0	0	0	
1022.274717	8	3	3	0	1	2	2	4150	661	22	61334	11	5	86	0	0	0	0	0	0	0	0	0	0	0	0	0	0	
1023.279833	8	3	3	0	1	2	2	4155	659	22	61394	11	5	86	0	0	0	0	0	0	0	0	0	0	0	0	0	0	
1024.284967	8	3	3	0	1	2	2	4161	661	22	61454	11	5	86	0	0	0	0	0	0	0	0	0	0	0	0	0	0	
1025.290083	8	3	3	0	1	2	2	4166	660	22	61515	11	5	86	0	0	0	0	0	0	0	0	0	0	0	0	0	0	
1026.276483	8	3	3	0	1	2	2	4172	659	22	61574	11	5	86	0	0	0	0	0	0	0	0	0	0	0	0	0	0	
1027.281600	8	3	3	0	1	2	2	4178	657	22	61634	11	5	86	0	0	0	0	0	0	0	0	0	0	0	0	0	0	
1028.288167	8	3	3	0	1	2	2	4183	656	22	61694	11	5	86	0	0	0	0	0	0	0	0	0	0	0	0	0	0	
1029.274567	8	3	3	0	1	2	2	4189	657	22	61754	11	5	86	0	0	0	0	0	0	0	0	0	0	0	0	0	0	
1030.279683	8	3	3	0	1	2	2	4196	655	22	61814	11	5	86	0	0	0	0	0	0	0	0	0	0	0	0	0	0	
1031.284800	8	3	3	0	1	2	2	4198	640	22	61874	11	5	86	0	0	0	0	0	0	0	0	0	0	0	0	0	0	
1032.289917	8	3	3	0	1	2	2	4198	619	22	61935	11	5	86	0	0	0	0	0	0	0	0	0	0	0	0	0	0	
1033.277767	8	3	3	0	1	2	2	4199	600	22	61994	11	5	86	0	0	0	0	0	0	0	0	0	0	0	0	0	0	
1034.282883	8	3	3	0	1	2	2	4199	581	22	62054	11	5	86	0	0	0	0	0	0	0	0	0	0	0	0	0	0	
1035.288000	8	3	3	0	1	2	2	4199	562	22	62114	11	5	86	0	0	0	0	0	0	0	0	0	0	0	0	0	0	
1036.274400	8	3	3	0	1	2	2	4199	544	22	62174	11	5	86	0	0	0	0	0	0	0	0	0	0	0	0	0	0	
1037.279517	8	3	3	0	1	2	2	4199	526	22	62234	11	5	86	0	0	0	0	0	0	0	0	0	0	0	0	0	0	
1038.286083	8	3	3	0	1	2	2	4198	508	22	62294	11	5	86	0	0	0	0	0	0	0	0	0	0	0	0	0	0	
1039.291200	8	3	3	0	1	2	2	4198	491	22	62355	11	5	86	0	0	0	0	0	0	0	0	0	0	0	0	0	0	
1040.277600	8	3	3	0	1	2	2	4199	476	22	62414	11	5	86	0	0	0	0	0	0	0	0	0	0	0	0	0	0	
1041.282717	8	3	3	0	1	2	2	4198	460	22	62474	11	5	86	0	0	0	0	0	0	0	0	0	0	0	0	0	0	
1042.287833	8	3	3	0	1	2	2	4198	444	22	62534	11	5	86	0	0	0	0	0	0	0	0	0	0	0	0	0	0	
1043.275683	8	3	3	0	1	2	2	4199	430	22	62594	11	5	86	0	0	0	0	0	0	0	0	0	0	0	0	0	0	
1044.280800	8	3	3	0	1	2	2	4198	415	22	62654	11	5	86	0	0	0	0	0	0	0	0	0	0	0	0	0	0	
1045.285917	8	3	3	0	1	2	2	4198	401	22	62714	11	5	86	0	0	0	0	0	0	0	0	0	0	0	0	0	0	
1046.291033	8	3	3	0	1	2	2	4198	388	22	62775	11	5	86	0	0	0	0	0	0	0	0	0	0	0	0	0	0	
1047.277433	8	3	3	0	1	2	2	4199	376	22	62834	11	5	86	0	0	0	0	0	0	0	0	0	0	0	0	0	0	
1048.282567	8	3	3	0	1	2	2	4198	363	22	62894	11	5	86	0	0	0	0	0	0	0	0	0	0	0	0	0	0	
1049.289117	8	3	3	0	1	2	2	4198	351	22	62954	11	5	86	0	0	0	0	0	0	0	0	0	0	0	0	0	0	
1050.275517	8	3	3	0	1	2	2	4198	339	22	63014	11	5	86	0	0	0	0	0	0	0	0	0	0	0	0	0	0	
1051.280633	8	3	3	0	1	2	2	4198	327	22	63074	11	5	86	0	0	0	0	0	0	0	0	0	0	0	0	0	0	
1052.285767	8	3	3	0	1	2	2	4199	317	22	63134	11	5	86	0	0	0	0	0	0	0	0	0	0	0	0	0	0	
1053.290883	8	3	3	0	1	2	2	4198	306	22	63195	11	5	86	0	0	0	0	0	0	0	0	0	0	0	0	0	0	
1054.277283	8	3	3	0	1	2	2	4199	295	22	63254	11	5	86	0	0	0	0	0	0	0	0	0	0	0	0	0	0	
1055.283833	8	3	3	0	1	2	2	4198	285	22	63314	11	5	86	0	0	0	0	0	0	0	0	0	0	0	0	0	0	
1056.288967	8	3	3	0	1	2	2	4199	276	22	63374	11	5	86	0	0	0	0	0	0	0	0	0	0	0	0	0	0	
1057.294083	8	3	3	0	1	2	2	4199	266	22	63435	11	5	86	0	0	0	0	0	0	0	0	0	0	0	0	0	0	
1058.280483	8	3	3	0	1	2	2	4199	257	22	63494	11	5	86	0	0	0	0	0	0	0	0	0	0	0	0	0	0	
1059.285600	8	3	3	0	1	2	2	4199	249	22	63554	11	5	86	0	0	0	0	0	0	0	0	0	0	0	0	0	0	
1060.292167	8	3	3	0	1	2	2	4198	240	22	63615	11	5	86	0	0	0	0	0	0	0	0	0	0	0	0	0	0	
1061.278567	8	3	3	0	1	2	2	4198	233	22	63674	11	5	86	0	0	0	0	0	0	0	0	0	0	0	0	0	0	
1062.283683	8	3	3	0	1	2	2	4199	225	22	63734	11	5	86	0	0	0	0	0	0	0	0	0	0	0	0	0	0	
1063.288800	8	3	3	0	1	2	2	4199	217	22	63794	11	5	86	0	0	0	0	0	0	0	0	0	0	0	0	0	0	
1064.293917	8	3	3	0	1	2	2	4199	210	22	63855	11	5	86	0	0	0	0	0	0	0	0	0	0	0	0	0	0	
1065.280317	8	3	3	0	1	2	2	4199	203	22	63914	11	5	86	0	0	0	0	0	0	0	0	0	0	0	0	0	0	
1066.286883	8	3	3	0	1	2	2	4199	196	22	63974	11	5	86	0	0	0	0	0	0	0	0	0	0	0	0	0	0	
1067.292000	8	3	3	0	1	2	2	4199	189	22	64035	11	5	86	0	0	0	0	0	0	0	0	0	0	0	0	0	0	
1068.278400	8	3	3	0	1	2	2	4199	183	22	64094	11	5	86	0	0	0	0	0	0	0	0	0	0	0	0	0	0	
1069.283517	8	3	3	0	1	2	2	4199	177	22	64154	11	5	86	0	0	0	0	0	0	0	0	0	0	0	0	0	0	
1070.288633	8	3	3	0	1	2	2	4199	170	22	64214	11	5	86	0	0	0	0	0	0	0	0	0	0	0	0	0	0	
1071.295200	8	3	3	0	1	2	2	4199	164	22	64275	11	5	86	0	0	0	0	0	0	0	0	0	0	0	0	0	0	
1072.281600	8	3	3	0	1	2	2	4198	159	22	64334	11	5	86	0	0	0	0	0	0	0	0	0	0	0	0	0	0	
1073.286717	8	3	3	0	1	2	2	4198	154	22	64394	11	5	86	0	0	0	0	0	0	0	0	0	0	0	0	0	0	
1074.291833	8	3	3	0	1	2	2	4199	149	22	64455	11	5	86	0	0	0	0	0	0	0	0	0	0	0	0	0	0	
1075.278233	8	3	3	0	1	2	2	4199	144	22	64514	11	5	86	0	0	0	0	0	0	0	0	0	0	0	0	0	0	
1076.284800	8	3	3	0	1	2	2	4199	140	22	64574	11	5	86	0	0	0	0	0	0	0	0	0	0	0	0	0	0	
1077.289917	8	3	3	0	1	2	2	4199	134	22	64634	11	5	86	0	0	0	0	0	0	0	0	0	0	0	0	0	0	
1078.295033	8	3	3	0	1	2	2	4199	130	22	64695	11	5	86	0	0	0	0	0	0	0	0	0	0	0	0	0	0	
1079.281433	8	3	3	0	1	2	2	4198	125	22	64754	11	5	86	0	0	0	0	0	0	0	0	0	0	0	0	0	0	
1080.286567	8	3	3	0	1	2	2	4198	122	22	64814	11	5	86	0	0	0	0	0	0	0	0	0	0	0	0	0	0	
1081.293117	8	3	3	0	1	2	2	4198	117	22	64875	11	5	86	0	0	0	0	0	0	0	0	0	0	0	0	0	0	
1082.279517	8	3	3	0	1	2	2	4199	114	22	64934	11	5	86	0	0	0	0	0	0	0	0	0	0	0	0	0	0	
1083.284633	8	3	3	0	1	2	2	4198	110	22	64994	11	5	86	0	0	0	0	0	0	0	0	0	0	0	0	0	0	
1084.289767	8	3	3	0	1	2	2	4198	105	22	65054	11	5	86	0	0	0	0	0	0	0	0	0	0	0	0	0	0	
1085.294883	8	3	3	0	1	2	2	4198	103	22	65115	11	5	86	0	0	0	0	0	0	0	0	0	0	0	0	0	0	
1086.282717	8	3	3	0	1	2	2	4198	99	22	65174	11	5	86	0	0	0	0	0	0	0	0	0	0	0	0	0	0	
1087.287833	8	3	3	0	1	2	2	4199	97	22	65234	11	5	86	0	0	0	0	0	0	0	0	0	0	0	0	0	0	
1088.292967	8	3	3	0	1	2	2	4198	94	22	65295	11	5	86	0	0	0	0	0	0	0	0	0	0	0	0	0	0	
1089.279367	8	3	3	0	1	2	2	4198	90	22	65354	11	5	86	0	0	0	0	0	0	0	0	0	0	0	0	0	0	
1090.284483	8	3	3	0	1	2	2	4198	88	22	65414	11	5	86	0	0	0	0	0	0	0	0	0	0	0	0	0	0	
1091.291033	8	3	3	0	1	2	2	4199	85	22	65474	11	5	86	0	0	0	0	0	0	0	0	0	0	0	0	0	0	
1092.296167	8	3	3	0	1	2	2	4199	82	22	65535	11	5	86	0	0	0	0	0	0	0	0	0	0	0	0	0	0	
1093.282567	8	3	3	0	1	2	2	4199	79	22	65594	11	5	86	0	0	0	0	0	0	0	0	0	0	0	0	0	0	
1094.287683	8	3	3	0	1	2	2	4198	75	22	65654	11	5	86	0	0	0	0	0	0	0	0	0	0	0	0	0	0	
1095.292800	8	3	3	0	1	2	2	4198	73	22	65714	11	5	86	0	0	0	0	0	0	0	0	0	0	0	0	0	0	
1096.279200	8	3	3	0	1	2	2	4199	72	22	65774	11	5	86	0	0	0	0	0	0	0	0	0	0	0	0	0	0	
1097.285767	8	3	3	0	1	2	2	4199	69	22	65834	11	5	86	0	0	0	0	0	0	0	0	0	0	0	0	0	0	
1098.253433	8	6	3	0	2	7	1	3913	-1134	22	65892	11	6	0	0	0	0	0	0	0	0	0	0	0	0	0	0	0	
1098.292317	8	6	3	0	2	7	1	3847	-1350	22	65894	11	6	0	0	0	0	0	0	0	0	0	0	0	0	0	0	0	
1099.278717	8	6	3	0	2	7	1	3778	-1349	22	65954	11	6	1	0	0	0	0	0	0	0	0	0	0	0	0	0	0	
1100.285283	8	6	3	0	2	7	1	3747	-1349	22	66014	11	6	3	0	0	0	0	0	0	0	0	0	0	0	0	0	0	
1101.290400	8	6	3	0	2	7	1	3724	-1350	22	66074	11	6	4	0	0	0	0	0	0	0	0	0	0	0	0	0	0	
1102.295517	8	6	3	0	2	7	1	3705	-1348	22	66135	11	6	6	0	0	0	0	0	0	0	0	0	0	0	0	0	0	
1103.281917	8	6	3	0	2	7	1	3687	-1349	22	66194	11	6	8	0	0	0	0	0	0	0	0	0	0	0	0	0	0	
1104.287033	8	6	3	0	2	7	1	3669	-1349	22	66254	11	6	9	0	0	0	0	0	0	0	0	0	0	0	0	0	0	
1105.293600	8	6	3	0	2	7	1	3653	-1349	22	66314	11	6	11	0	0	0	0	0	0	0	0	0	0	0	0	0	0	
1106.280000	8	6	3	0	2	7	1	3638	-1350	22	66374	11	6	13	0	0	0	0	0	0	0	0	0	0	0	0	0	0	
1107.285117	8	6	3	0	2	7	1	3623	-1349	22	66434	11	6	14	0	0	0	0	0	0	0	0	0	0	0	0	0	0	
1108.290233	8	6	3	0	2	7	1	3607	-1349	23	66494	11	6	16	0	0	0	0	0	0	0	0	0	0	0	0	0	0	
1109.295367	8	6	3	0	2	7	1	3594	-1350	22	66555	11	6	18	0	0	0	0	0	0	0	0	0	0	0	0	0	0	
1110.283200	8	6	3	0	2	7	1	3580	-1349	22	66614	11	6	19	0	0	0	0	0	0	0	0	0	0	0	0	0	0	
1111.288317	8	6	3	0	2	7	1	3566	-1351	22	66674	11	6	21	0	0	0	0	0	0	0	0	0	0	0	0	0	0	
1112.293433	8	6	3	0	2	7	1	3553	-1350	23	66734	11	6	23	0	0	0	0	0	0	0	0	0	0	0	0	0	0	
1113.279833	8	6	3	0	2	7	1	3540	-1351	22	66794	11	6	24	0	0	0	0	0	0	0	0	0	0	0	0	0	0	
1114.284967	8	6	3	0	2	7	1	3528	-1349	22	66854	11	6	26	0	0	0	0	0	0	0	0	0	0	0	0	0	0	
1115.291517	8	6	3	0	2	7	1	3516	-1350	23	66914	11	6	28	0	0	0	0	0	0	0	0	0	0	0	0	0	0	
1116.296633	8	6	3	0	2	7	1	3504	-1348	22	66975	11	6	29	0	0	0	0	0	0	0	0	0	0	0	0	0	0	
1117.283033	8	6	3	0	2	7	1	3492	-1350	23	67034	11	6	31	0	0	0	0	0	0	0	0	0	0	0	0	0	0	
1118.288167	8	6	3	0	2	7	1	3481	-1350	22	67094	11	6	33	0	0	0	0	0	0	0	0	0	0	0	0	0	0	
1119.293283	8	6	3	0	2	7	1	3470	-1349	23	67154	11	6	34	0	0	0	0	0	0	0	0	0	0	0	0	0	0	
1120.298400	8	6	3	0	2	7	1	3459	-1350	23	67215	11	6	36	0	0	0	0	0	0	0	0	0	0	0	0	0	0	
1121.286233	8	6	3	0	2	7	1	3448	-1348	22	67274	11	6	38	0	0	0	0	0	0	0	0	0	0	0	0	0	0	
1122.291367	8	6	3	0	2	7	1	3439	-1348	23	67334	11	6	39	0	0	0	0	0	0	0	0	0	0	0	0	0	0	
1123.296483	8	6	3	0	2	7	1	3429	-1351	23	67395	11	6	41	0	0	0	0	0	0	0	0	0	0	0	0	0	0	
1124.282883	8	6	3	0	2	7	1	3423	-1349	23	67454	11	6	43	0	0	0	0	0	0	0	0	0	0	0	0	0	0	
1125.288000	8	6	3	0	2	7	1	3414	-1349	23	67514	11	6	44	0	0	0	0	0	0	0	0	0	0	0	0	0	0	
1126.293117	8	6	3	0	2	7	1	3405	-1349	23	67574	11	6	46	0	0	0	0	0	0	0	0	0	0	0	0	0	0	
1127.299683	8	6	3	0	2	7	1	3397	-1350	23	67635	11	6	48	0	0	0	0	0	0	0	0	0	0	0	0	0	0	
1128.286083	8	6	3	0	2	7	1	3388	-1348	23	67694	11	6	49	0	0	0	0	0	0	0	0	0	0	0	0	0	0	
1129.291200	8	6	3	0	2	7	1	3380	-1351	23	67754	11	6	51	0	0	0	0	0	0	0	0	0	0	0	0	0	0	
1130.296317	8	6	3	0	2	7	1	3373	-1350	23	67815	11	6	53	0	0	0	0	0	0	0	0	0	0	0	0	0	0	
1131.282717	8	6	3	0	2	7	1	3367	-1347	23	67874	11	6	54	0	0	0	0	0	0	0	0	0	0	0	0	0	0	
1132.287833	8	6	3	0	2	7	1	3360	-1349	23	67934	11	6	56	0	0	0	0	0	0	0	0	0	0	0	0	0	0	
1133.294400	8	6	3	0	2	7	1	3353	-1349	23	67994	11	6	58	0	0	0	0	0	0	0	0	0	0	0	0	0	0	
1134.299517	8	6	3	0	2	7	1	3347	-1350	23	68055	11	6	59	0	0	0	0	0	0	0	0	0	0	0	0	0	0	
1135.285917	8	6	3	0	2	7	1	3341	-1350	23	68114	11	6	61	0	0	0	0	0	0	0	0	0	0	0	0	0	0	
1136.291033	8	6	3	0	2	7	1	3334	-1348	23	68174	11	6	63	0	0	0	0	0	0	0	0	0	0	0	0	0	0	
1137.297600	8	6	3	0	2	7	1	3327	-1350	23	68235	11	6	64	0	0	0	0	0	0	0	0	0	0	0	0	0	0	
1138.284000	8	6	3	0	2	7	1	3320	-1349	23	68294	11	6	66	0	0	0	0	0	0	0	0	0	0	0	0	0	0	
1139.289117	8	6	3	0	2	7	1	3313	-1350	23	68354	11	6	68	0	0	0	0	0	0	0	0	0	0	0	0	0	0	
1140.294233	8	6	3	0	2	7	1	3304	-1350	23	68414	11	6	69	0	0	0	0	0	0	0	0	0	0	0	0	0	0	
1141.299367	8	6	3	0	2	7	1	3295	-1349	23	68475	11	6	71	0	0	0	0	0	0	0	0	0	0	0	0	0	0	
1142.285767	8	6	3	0	2	7	1	3284	-1350	23	68534	11	6	73	0	0	0	0	0	0	0	0	0	0	0	0	0	0	
1143.292317	8	6	3	0	2	7	1	3272	-1348	23	68594	11	6	74	0	0	0	0	0	0	0	0	0	0	0	0	0	0	
1144.297433	8	6	3	0	2	7	1	3256	-1349	23	68655	11	6	76	0	0	0	0	0	0	0	0	0	0	0	0	0	0	
1145.283833	8	6	3	0	2	7	1	3237	-1351	23	68714	11	6	77	0	0	0	0	0	0	0	0	0	0	0	0	0	0	
1146.288967	8	6	3	0	2	7	1	3210	-1350	23	68774	11	6	79	0	0	0	0	0	0	0	0	0	0	0	0	0	0	
1147.294083	8	6	3	0	2	7	1	3173	-1351	23	68834	11	6	81	0	0	0	0	0	0	0	0	0	0	0	0	0	0	
1148.300633	8	6	3	0	2	7	1	3115	-1348	23	68895	11	6	82	0	0	0	0	0	0	0	0	0	0	0	0	0	0	
1149.287033	8	6	3	0	2	7	1	3018	-1351	23	68954	11	6	84	0	0	0	0	0	0	0	0	0	0	0	0	0	0	
1150.292167	8	6	3	0	2	7	1	2804	-1349	23	69014	11	6	86	0	0	0	0	0	0	0	0	0	0	0	0	0	0	
1150.581600	8	15	3	0	1	31	2	2903	29	23	69032	12	6	86	0	0	0	0	0	0	0	0	0	0	0	0	0	0	
1150.601767	8	3	3	0	1	2	2	3244	679	23	69033	13	6	86	0	0	0	0	0	0	0	0	0	0	0	0	0	0	
1151.300167	8	3	3	0	1	2	2	3543	675	23	69075	13	6	86	0	0	0	0	0	0	0	0	0	0	0	0	0	0	
1152.286567	8	3	3	0	1	2	2	3668	674	23	69134	13	6	86	0	0	0	0	0	0	0	0	0	0	0	0	0	0	
1153.293117	8	3	3	0	1	2	2	3743	675	23	69194	13	6	86	0	0	0	0	0	0	0	0	0	0	0	0	0	0	
1154.298233	8	3	3	0	1	2	2	3794	675	23	69255	13	6	86	0	0	0	0	0	0	0	0	0	0	0	0	0	0	
1155.284633	8	3	3	0	1	2	2	3831	674	23	69314	13	6	86	0	0	0	0	0	0	0	0	0	0	0	0	0	0	
1156.289767	8	3	3	0	1	2	2	3853	675	23	69374	13	6	86	0	0	0	0	0	0	0	0	0	0	0	0	0	0	
1157.294883	8	3	3	0	1	2	2	3863	675	23	69434	13	6	86	0	0	0	0	0	0	0	0	0	0	0	0	0	0	
1158.301433	8	3	3	0	1	2	2	3870	675	23	69495	13	6	86	0	0	0	0	0	0	0	0	0	0	0	0	0	0	
1159.287833	8	3	3	0	1	2	2	3877	674	23	69554	13	6	86	0	0	0	0	0	0	0	0	0	0	0	0	0	0	
1160.292967	8	3	3	0	1	2	2	3884	677	23	69614	13	6	86	0	0	0	0	0	0	0	0	0	0	0	0	0	0	
1161.298083	8	3	3	0	1	2	2	3889	674	23	69674	13	6	86	0	0	0	0	0	0	0	0	0	0	0	0	0	0	
1162.284483	8	3	3	0	1	2	2	3896	675	23	69734	13	6	86	0	0	0	0	0	0	0	0	0	0	0	0	0	0	
1163.291033	8	3	3	0	1	2	2	3902	675	23	69794	13	6	86	0	0	0	0	0	0	0	0	0	0	0	0	0	0	
1164.296167	8	3	3	0	1	2	2	3909	675	23	69854	13	6	86	0	0	0	0	0	0	0	0	0	0	0	0	0	0	
1165.301283	8	3	3	0	1	2	2	3916	675	23	69915	13	6	86	0	0	0	0	0	0	0	0	0	0	0	0	0	0	
1166.287683	8	3	3	0	1	2	2	3922	676	23	69974	13	6	86	0	0	0	0	0	0	0	0	0	0	0	0	0	0	
1167.292800	8	3	3	0	1	2	2	3929	675	23	70034	13	6	86	0	0	0	0	0	0	0	0	0	0	0	0	0	0	
1168.299367	8	3	3	0	1	2	2	3935	674	23	70094	13	6	86	0	0	0	0	0	0	0	0	0	0	0	0	0	0	
1169.285767	8	3	3	0	1	2	2	3943	674	23	70154	13	6	86	0	0	0	0	0	0	0	0	0	0	0	0	0	0	
1170.290883	8	3	3	0	1	2	2	3950	674	23	70214	13	6	86	0	0	0	0	0	0	0	0	0	0	0	0	0	0	
1171.296000	8	3	3	0	1	2	2	3955	674	24	70274	13	6	86	0	0	0	0	0	0	0	0	0	0	0	0	0	0	
1172.301117	8	3	3	0	1	2	2	3960	675	27	70335	13	6	86	0	0	0	0	0	0	0	0	0	0	0	0	0	0	
1173.287517	8	3	3	0	1	2	2	3959	674	30	70394	13	6	86	0	0	0	0	0	0	0	0	0	0	0	0	0	0	
1174.294083	8	3	3	0	1	2	2	3953	675	34	70454	13	6	86	0	0	0	0	0	0	0	0	0	0	0	0	0	0	
1175.299200	8	3	3	0	1	2	2	3964	675	38	70514	13	6	86	0	0	0	0	0	0	0	0	0	0	0	0	0	0	
1176.285600	8	3	3	0	1	2	2	3999	675	41	70574	13	6	86	0	0	0	0	0	0	0	0	0	0	0	0	0	0	
1177.290717	8	3	3	0	1	2	2	4001	674	45	70634	13	6	86	0	0	0	0	0	0	0	0	0	0	0	0	0	0	
1178.295833	8	3	3	0	1	2	2	4003	675	48	70694	13	6	86	0	0	0	0	0	0	0	0	0	0	0	0	0	0	
1179.302400	8	3	3	0	1	2	2	3993	674	50	70755	13	6	86	0	0	0	0	0	0	0	0	0	0	0	0	0	0	
1180.288800	8	3	3	0	1	2	2	4002	674	49	70814	13	6	86	0	0	0	0	0	0	0	0	0	0	0	0	0	0	
1181.293917	8	3	3	0	1	2	2	3994	676	51	70874	13	6	86	0	0	0	0	0	0	0	0	0	0	0	0	0	0	
1182.299033	8	3	3	0	1	2	2	3994	674	53	70934	13	6	86	0	0	0	0	0	0	0	0	0	0	0	0	0	0	
1183.285433	8	3	3	0	1	2	2	3986	673	54	70994	13	6	86	0	0	0	0	0	0	0	0	0	0	0	0	0	0	
1184.290567	8	3	3	0	1	2	2	3980	674	54	71054	13	6	86	0	0	0	0	0	0	0	0	0	0	0	0	0	0	
1185.297117	8	3	3	0	1	2	2	3976	675	55	71114	13	6	86	0	0	0	0	0	0	0	0	0	0	0	0	0	0	
1186.302233	8	3	3	0	1	2	2	3970	674	55	71175	13	6	86	0	0	0	0	0	0	0	0	0	0	0	0	0	0	
1187.288633	8	3	3	0	1	2	2	3972	676	55	71234	13	6	86	0	0	0	0	0	0	0	0	0	0	0	0	0	0	
1188.293767	8	3	3	0	1	2	2	3971	675	56	71294	13	6	86	0	0	0	0	0	0	0	0	0	0	0	0	0	0	
1189.298883	8	3	3	0	1	2	2	3971	675	56	71354	13	6	86	0	0	0	0	0	0	0	0	0	0	0	0	0	0	
1190.285283	8	3	3	0	1	2	2	3972	674	56	71414	13	6	86	0	0	0	0	0	0	0	0	0	0	0	0	0	0	
1191.291833	8	3	3	0	1	2	2	3972	675	56	71474	13	6	86	0	0	0	0	0	0	0	0	0	0	0	0	0	0	
1192.296967	8	3	3	0	1	2	2	3974	675	56	71534	13	6	86	0	0	0	0	0	0	0	0	0	0	0	0	0	0	
1193.302083	8	3	3	0	1	2	2	3976	677	56	71595	13	6	86	0	0	0	0	0	0	0	0	0	0	0	0	0	0	
1194.288483	8	3	3	0	1	2	2	3978	674	56	71654	13	6	86	0	0	0	0	0	0	0	0	0	0	0	0	0	0	
1195.293600	8	3	3	0	1	2	2	3981	675	56	71714	13	6	86	0	0	0	0	0	0	0	0	0	0	0	0	0	0	
1196.300167	8	3	3	0	1	2	2	3984	674	55	71774	13	6	86	0	0	0	0	0	0	0	0	0	0	0	0	0	0	
1197.305283	8	3	3	0	1	2	2	3987	674	55	71835	13	6	86	0	0	0	0	0	0	0	0	0	0	0	0	0	0	
1198.291683	8	3	3	0	1	2	2	3990	674	55	71894	13	6	86	0	0	0	0	0	0	0	0	0	0	0	0	0	0	
1199.296800	8	3	3	0	1	2	2	3994	674	55	71954	13	6	86	0	0	0	0	0	0	0	0	0	0	0	0	0	0	
1200.301917	8	3	3	0	1	2	2	3997	675	55	72015	13	6	86	0	0	0	0	0	0	0	0	0	0	0	0	0	0	
1201.289767	8	3	3	0	1	2	2	4001	675	55	72074	13	6	86	0	0	0	0	0	0	0	0	0	0	0	0	0	0	
1202.294883	8	3	3	0	1	2	2	4004	674	55	72134	13	6	86	0	0	0	0	0	0	0	0	0	0	0	0	0	0	
1203.300000	8	3	3	0	1	2	2	4008	674	55	72194	13	6	86	0	0	0	0	0	0	0	0	0	0	0	0	0	0	
1204.305117	8	3	3	0	1	2	2	4013	674	55	72255	13	6	86	0	0	0	0	0	0	0	0	0	0	0	0	0	0	
1205.291517	8	3	3	0	1	2	2	4017	674	55	72314	13	6	86	0	0	0	0	0	0	0	0	0	0	0	0	0	0	
1206.298083	8	3	3	0	1	2	2	4020	674	54	72374	13	6	86	0	0	0	0	0	0	0	0	0	0	0	0	0	0	
1207.303200	8	3	3	0	1	2	2	4025	674	54	72435	13	6	86	0	0	0	0	0	0	0	0	0	0	0	0	0	0	
1208.289600	8	3	3	0	1	2	2	4030	675	54	72494	13	6	86	0	0	0	0	0	0	0	0	0	0	0	0	0	0	
1209.294717	8	3	3	0	1	2	2	4034	674	54	72554	13	6	86	0	0	0	0	0	0	0	0	0	0	0	0	0	0	
1210.299833	8	3	3	0	1	2	2	4039	676	54	72614	13	6	86	0	0	0	0	0	0	0	0	0	0	0	0	0	0	
1211.306400	8	3	3	0	1	2	2	4043	675	54	72675	13	6	86	0	0	0	0	0	0	0	0	0	0	0	0	0	0	
1212.292800	8	3	3	0	1	2	2	4048	675	54	72734	13	6	86	0	0	0	0	0	0	0	0	0	0	0	0	0	0	
1213.297917	8	3	3	0	1	2	2	4052	674	54	72794	13	6	86	0	0	0	0	0	0	0	0	0	0	0	0	0	0	
1214.303033	8	3	3	0	1	2	2	4058	675	54	72855	13	6	86	0	0	0	0	0	0	0	0	0	0	0	0	0	0	
1215.289433	8	3	3	0	1	2	2	4063	675	54	72914	13	6	86	0	0	0	0	0	0	0	0	0	0	0	0	0	0	
1216.296000	8	3	3	0	1	2	2	4068	674	54	72974	13	6	86	0	0	0	0	0	0	0	0	0	0	0	0	0	0	
1217.301117	8	3	3	0	1	2	2	4073	674	54	73034	13	6	86	0	0	0	0	0	0	0	0	0	0	0	0	0	0	
1218.306233	8	3	3	0	1	2	2	4078	674	53	73095	13	6	86	0	0	0	0	0	0	0	0	0	0	0	0	0	0	
1219.292633	8	3	3	0	1	2	2	4084	673	54	73154	13	6	86	0	0	0	0	0	0	0	0	0	0	0	0	0	0	
1220.297767	8	3	3	0	1	2	2	4089	674	53	73214	13	6	86	0	0	0	0	0	0	0	0	0	0	0	0	0	0	
1221.304317	8	3	3	0	1	2	2	4095	675	54	73275	13	6	86	0	0	0	0	0	0	0	0	0	0	0	0	0	0	
1222.290717	8	3	3	0	1	2	2	4101	675	53	73334	13	6	86	0	0	0	0	0	0	0	0	0	0	0	0	0	0	
1223.295833	8	3	3	0	1	2	2	4107	675	54	73394	13	6	86	0	0	0	0	0	0	0	0	0	0	0	0	0	0	
1224.300967	8	3	3	0	1	2	2	4113	674	53	73454	13	6	86	0	0	0	0	0	0	0	0	0	0	0	0	0	0	
1225.306083	8	3	3	0	1	2	2	4117	666	53	73515	13	6	86	0	0	0	0	0	0	0	0	0	0	0	0	0	0	
1226.292483	8	3	3	0	1	2	2	4122	664	53	73574	13	6	86	0	0	0	0	0	0	0	0	0	0	0	0	0	0	
1227.299033	8	3	3	0	1	2	2	4128	663	53	73634	13	6	86	0	0	0	0	0	0	0	0	0	0	0	0	0	0	
1228.304167	8	3	3	0	1	2	2	4134	663	53	73694	13	6	86	0	0	0	0	0	0	0	0	0	0	0	0	0	0	
1229.290567	8	3	3	0	1	2	2	4140	663	53	73754	13	6	86	0	0	0	0	0	0	0	0	0	0	0	0	0	0	
1230.295683	8	3	3	0	1	2	2	4147	663	53	73814	13	6	86	0	0	0	0	0	0	0	0	0	0	0	0	0	0	
1231.300800	8	3	3	0	1	2	2	4153	662	53	73874	13	6	86	0	0	0	0	0	0	0	0	0	0	0	0	0	0	
1232.305917	8	3	3	0	1	2	2	4159	662	53	73935	13	6	86	0	0	0	0	0	0	0	0	0	0	0	0	0	0	
1233.293767	8	3	3	0	1	2	2	4165	660	53	73994	13	6	86	0	0	0	0	0	0	0	0	0	0	0	0	0	0	
1234.298883	8	3	3	0	1	2	2	4172	657	53	74054	13	6	86	0	0	0	0	0	0	0	0	0	0	0	0	0	0	
1235.304000	8	3	3	0	1	2	2	4178	657	52	74114	13	6	86	0	0	0	0	0	0	0	0	0	0	0	0	0	0	
1236.290400	8	3	3	0	1	2	2	4185	657	52	74174	13	6	86	0	0	0	0	0	0	0	0	0	0	0	0	0	0	
1237.295517	8	3	3	0	1	2	2	4192	656	52	74234	13	6	86	0	0	0	0	0	0	0	0	0	0	0	0	0	0	
1238.300633	8	3	3	0	1	2	2	4199	655	52	74294	13	6	86	0	0	0	0	0	0	0	0	0	0	0	0	0	0	
1239.307200	8	3	3	0	1	2	2	4199	622	52	74355	13	6	86	0	0	0	0	0	0	0	0	0	0	0	0	0	0	
1240.293600	8	3	3	0	1	2	2	4199	594	52	74414	13	6	86	0	0	0	0	0	0	0	0	0	0	0	0	0	0	
1241.298717	8	3	3	0	1	2	2	4199	566	52	74474	13	6	86	0	0	0	0	0	0	0	0	0	0	0	0	0	0	
1242.303833	8	3	3	0	1	2	2	4199	540	52	74534	13	6	86	0	0	0	0	0	0	0	0	0	0	0	0	0	0	
1243.290233	8	3	3	0	1	2	2	4198	515	52	74594	13	6	86	0	0	0	0	0	0	0	0	0	0	0	0	0	0	
1244.296800	8	3	3	0	1	2	2	4199	491	52	74654	13	6	86	0	0	0	0	0	0	0	0	0	0	0	0	0	0	
1245.301917	8	3	3	0	1	2	2	4198	469	52	74714	13	6	86	0	0	0	0	0	0	0	0	0	0	0	0	0	0	
1246.307033	8	3	3	0	1	2	2	4198	447	52	74775	13	6	86	0	0	0	0	0	0	0	0	0	0	0	0	0	0	
1247.293433	8	3	3	0	1	2	2	4198	427	52	74834	13	6	86	0	0	0	0	0	0	0	0	0	0	0	0	0	0	
1248.298567	8	3	3	0	1	2	2	4198	407	52	74894	13	6	86	0	0	0	0	0	0	0	0	0	0	0	0	0	0	
1249.305117	8	3	3	0	1	2	2	4199	388	52	74954	13	6	86	0	0	0	0	0	0	0	0	0	0	0	0	0	0	
1250.291517	8	3	3	0	1	2	2	4198	371	52	75014	13	6	86	0	0	0	0	0	0	0	0	0	0	0	0	0	0	
1251.296633	8	3	3	0	1	2	2	4198	355	52	75074	13	6	86	0	0	0	0	0	0	0	0	0	0	0	0	0	0	
1252.301767	8	3	3	0	1	2	2	4199	338	52	75134	13	6	86	0	0	0	0	0	0	0	0	0	0	0	0	0	0	
1253.306883	8	3	3	0	1	2	2	4199	323	51	75195	13	6	86	0	0	0	0	0	0	0	0	0	0	0	0	0	0	
1254.293283	8	3	3	0	1	2	2	4199	309	51	75254	13	6	86	0	0	0	0	0	0	0	0	0	0	0	0	0	0	
1255.299833	8	3	3	0	1	2	2	4198	294	51	75314	13	6	86	0	0	0	0	0	0	0	0	0	0	0	0	0	0	
1256.304967	8	3	3	0	1	2	2	4199	282	51	75374	13	6	86	0	0	0	0	0	0	0	0	0	0	0	0	0	0	
1257.291367	8	3	3	0	1	2	2	4199	269	51	75434	13	6	86	0	0	0	0	0	0	0	0	0	0	0	0	0	0	
1258.296483	8	3	3	0	1	2	2	4198	256	51	75494	13	6	86	0	0	0	0	0	0	0	0	0	0	0	0	0	0	
1259.301600	8	3	3	0	1	2	2	4198	245	51	75554	13	6	86	0	0	0	0	0	0	0	0	0	0	0	0	0	0	
1260.306717	8	3	3	0	1	2	2	4198	234	51	75615	13	6	86	0	0	0	0	0	0	0	0	0	0	0	0	0	0	
1261.294567	8	3	3	0	1	2	2	4199	223	51	75674	13	6	86	0	0	0	0	0	0	0	0	0	0	0	0	0	0	
1262.299683	8	3	3	0	1	2	2	4199	214	51	75734	13	6	86	0	0	0	0	0	0	0	0	0	0	0	0	0	0	
1263.304800	8	3	3	0	1	2	2	4199	204	51	75794	13	6	86	0	0	0	0	0	0	0	0	0	0	0	0	0	0	
1264.309917	8	3	3	0	1	2	2	4199	194	51	75855	13	6	86	0	0	0	0	0	0	0	0	0	0	0	0	0	0	
1265.296317	8	3	3	0	1	2	2	4199	187	51	75914	13	6	86	0	0	0	0	0	0	0	0	0	0	0	0	0	0	
1266.302883	8	3	3	0	1	2	2	4198	178	51	75974	13	6	86	0	0	0	0	0	0	0	0	0	0	0	0	0	0	
1267.308000	8	3	3	0	1	2	2	4199	171	51	76035	13	6	86	0	0	0	0	0	0	0	0	0	0	0	0	0	0	
1268.294400	8	3	3	0	1	2	2	4198	163	51	76094	13	6	86	0	0	0	0	0	0	0	0	0	0	0	0	0	0	
1269.299517	8	3	3	0	1	2	2	4198	155	51	76154	13	6	86	0	0	0	0	0	0	0	0	0	0	0	0	0	0	
1270.304633	8	3	3	0	1	2	2	4199	149	51	76214	13	6	86	0	0	0	0	0	0	0	0	0	0	0	0	0	0	
1271.311200	8	3	3	0	1	2	2	4198	142	51	76275	13	6	86	0	0	0	0	0	0	0	0	0	0	0	0	0	0	
1272.297600	8	3	3	0	1	2	2	4199	135	51	76334	13	6	86	0	0	0	0	0	0	0	0	0	0	0	0	0	0	
1273.302717	8	3	3	0	1	2	2	4199	129	51	76394	13	6	86	0	0	0	0	0	0	0	0	0	0	0	0	0	0	
1274.307833	8	3	3	0	1	2	2	4199	124	50	76455	13	6	86	0	0	0	0	0	0	0	0	0	0	0	0	0	0	
1275.294233	8	3	3	0	1	2	2	4198	119	51	76514	13	6	86	0	0	0	0	0	0	0	0	0	0	0	0	0	0	
1276.300800	8	3	3	0	1	2	2	4198	113	51	76574	13	6	86	0	0	0	0	0	0	0	0	0	0	0	0	0	0	
1277.305917	8	3	3	0	1	2	2	4198	109	51	76634	13	6	86	0	0	0	0	0	0	0	0	0	0	0	0	0	0	
1278.311033	8	3	3	0	1	2	2	4199	105	51	76695	13	6	86	0	0	0	0	0	0	0	0	0	0	0	0	0	0	
1279.297433	8	3	3	0	1	2	2	4198	100	51	76754	13	6	86	0	0	0	0	0	0	0	0	0	0	0	0	0	0	
1280.302567	8	3	3	0	1	2	2	4199	96	51	76814	13	6	86	0	0	0	0	0	0	0	0	0	0	0	0	0	0	
1281.309117	8	3	3	0	1	2	2	4198	91	51	76875	13	6	86	0	0	0	0	0	0	0	0	0	0	0	0	0	0	
1282.295517	8	3	3	0	1	2	2	4198	87	51	76934	13	6	86	0	0	0	0	0	0	0	0	0	0	0	0	0	0	
1283.300633	8	3	3	0	1	2	2	4199	84	51	76994	13	6	86	0	0	0	0	0	0	0	0	0	0	0	0	0	0	
1284.305767	8	3	3	0	1	2	2	4199	80	51	77054	13	6	86	0	0	0	0	0	0	0	0	0	0	0	0	0	0	
1285.310883	8	3	3	0	1	2	2	4199	77	51	77115	13	6	86	0	0	0	0	0	0	0	0	0	0	0	0	0	0	
1286.297283	8	3	3	0	1	2	2	4199	74	51	77174	13	6	86	0	0	0	0	0	0	0	0	0	0	0	0	0	0	
1287.303833	8	3	3	0	1	2	2	4198	69	50	77234	13	6	86	0	0	0	0	0	0	0	0	0	0	0	0	0	0	
1288.308967	8	3	3	0	1	2	2	4198	66	51	77295	13	6	86	0	0	0	0	0	0	0	0	0	0	0	0	0	0	
1288.353600	8	6	3	0	2	7	1	3917	-1349	51	77297	13	7	0	0	0	0	0	0	0	0	0	0	0	0	0	0	0	
1289.296800	8	6	3	0	2	7	1	3859	-1349	51	77354	13	7	1	0	0	0	0	0	0	0	0	0	0	0	0	0	0	
1290.303367	8	6	3	0	2	7	1	3836	-1350	51	77414	13	7	3	0	0	0	0	0	0	0	0	0	0	0	0	0	0	
1291.308483	8	6	3	0	2	7	1	3816	-1349	51	77474	13	7	4	0	0	0	0	0	0	0	0	0	0	0	0	0	0	
1292.294883	8	6	3	0	2	7	1	3799	-1350	51	77534	13	7	6	0	0	0	0	0	0	0	0	0	0	0	0	0	0	
1293.300000	8	6	3	0	2	7	1	3781	-1349	51	77594	13	7	8	0	0	0	0	0	0	0	0	0	0	0	0	0	0	
1294.305117	8	6	3	0	2	7	1	3763	-1349	50	77654	13	7	9	0	0	0	0	0	0	0	0	0	0	0	0	0	0	
1295.310233	8	6	3	0	2	7	1	3747	-1349	50	77715	13	7	11	0	0	0	0	0	0	0	0	0	0	0	0	0	0	
1296.298083	8	6	3	0	2	7	1	3731	-1349	50	77774	13	7	13	0	0	0	0	0	0	0	0	0	0	0	0	0	0	
1297.303200	8	6	3	0	2	7	1	3715	-1350	51	77834	13	7	14	0	0	0	0	0	0	0	0	0	0	0	0	0	0	
1298.308317	8	6	3	0	2	7	1	3701	-1349	50	77894	13	7	16	0	0	0	0	0	0	0	0	0	0	0	0	0	0	
1299.294717	8	6	3	0	2	7	1	3686	-1349	50	77954	13	7	18	0	0	0	0	0	0	0	0	0	0	0	0	0	0	
1300.299833	8	6	3	0	2	7	1	3672	-1349	51	78014	13	7	19	0	0	0	0	0	0	0	0	0	0	0	0	0	0	
1301.306400	8	6	3	0	2	7	1	3657	-1351	51	78074	13	7	21	0	0	0	0	0	0	0	0	0	0	0	0	0	0	
1302.311517	8	6	3	0	2	7	1	3644	-1349	50	78135	13	7	23	0	0	0	0	0	0	0	0	0	0	0	0	0	0	
1303.297917	8	6	3	0	2	7	1	3632	-1350	50	78194	13	7	24	0	0	0	0	0	0	0	0	0	0	0	0	0	0	
1304.303033	8	6	3	0	2	7	1	3619	-1349	51	78254	13	7	26	0	0	0	0	0	0	0	0	0	0	0	0	0	0	
1305.308167	8	6	3	0	2	7	1	3607	-1348	50	78314	13	7	28	0	0	0	0	0	0	0	0	0	0	0	0	0	0	
1306.294567	8	6	3	0	2	7	1	3595	-1349	51	78374	13	7	29	0	0	0	0	0	0	0	0	0	0	0	0	0	0	
1307.301117	8	6	3	0	2	7	1	3584	-1350	50	78434	13	7	31	0	0	0	0	0	0	0	0	0	0	0	0	0	0	
1308.306233	8	6	3	0	2	7	1	3572	-1349	51	78494	13	7	32	0	0	0	0	0	0	0	0	0	0	0	0	0	0	
1309.311367	8	6	3	0	2	7	1	3562	-1350	50	78555	13	7	34	0	0	0	0	0	0	0	0	0	0	0	0	0	0	
1310.297767	8	6	3	0	2	7	1	3551	-1349	51	78614	13	7	36	0	0	0	0	0	0	0	0	0	0	0	0	0	0	
1311.302883	8	6	3	0	2	7	1	3541	-1349	50	78674	13	7	37	0	0	0	0	0	0	0	0	0	0	0	0	0	0	
1312.308000	8	6	3	0	2	7	1	3531	-1349	50	78734	13	7	39	0	0	0	0	0	0	0	0	0	0	0	0	0	0	
1313.313117	8	6	3	0	2	7	1	3521	-1349	50	78795	13	7	41	0	0	0	0	0	0	0	0	0	0	0	0	0	0	
1314.300967	8	6	3	0	2	7	1	3512	-1349	51	78854	13	7	42	0	0	0	0	0	0	0	0	0	0	0	0	0	0	
1315.306083	8	6	3	0	2	7	1	3503	-1350	50	78914	13	7	44	0	0	0	0	0	0	0	0	0	0	0	0	0	0	
1316.311200	8	6	3	0	2	7	1	3495	-1349	51	78975	13	7	46	0	0	0	0	0	0	0	0	0	0	0	0	0	0	
1317.297600	8	6	3	0	2	7	1	3487	-1349	51	79034	13	7	47	0	0	0	0	0	0	0	0	0	0	0	0	0	0	
1318.302717	8	6	3	0	2	7	1	3479	-1349	51	79094	13	7	49	0	0	0	0	0	0	0	0	0	0	0	0	0	0	
1319.309283	8	6	3	0	2	7	1	3471	-1348	51	79154	13	7	51	0	0	0	0	0	0	0	0	0	0	0	0	0	0	
1320.314400	8	6	3	0	2	7	1	3463	-1351	51	79215	13	7	53	0	0	0	0	0	0	0	0	0	0	0	0	0	0	
1321.300800	8	6	3	0	2	7	1	3456	-1349	51	79274	13	7	54	0	0	0	0	0	0	0	0	0	0	0	0	0	0	
1322.305917	8	6	3	0	2	7	1	3449	-1349	51	79334	13	7	56	0	0	0	0	0	0	0	0	0	0	0	0	0	0	
1323.311033	8	6	3	0	2	7	1	3442	-1350	50	79395	13	7	57	0	0	0	0	0	0	0	0	0	0	0	0	0	0	
1324.297433	8	6	3	0	2	7	1	3435	-1350	50	79454	13	7	59	0	0	0	0	0	0	0	0	0	0	0	0	0	0	
1325.304000	8	6	3	0	2	7	1	3428	-1350	51	79514	13	7	61	0	0	0	0	0	0	0	0	0	0	0	0	0	0	
1326.309117	8	6	3	0	2	7	1	3420	-1349	51	79574	13	7	62	0	0	0	0	0	0	0	0	0	0	0	0	0	0	
1327.314233	8	6	3	0	2	7	1	3413	-1350	51	79635	13	7	64	0	0	0	0	0	0	0	0	0	0	0	0	0	0	
1328.300633	8	6	3	0	2	7	1	3406	-1350	51	79694	13	7	66	0	0	0	0	0	0	0	0	0	0	0	0	0	0	
1329.305767	8	6	3	0	2	7	1	3398	-1348	51	79754	13	7	67	0	0	0	0	0	0	0	0	0	0	0	0	0	0	
1330.310883	8	6	3	0	2	7	1	3391	-1348	51	79814	13	7	69	0	0	0	0	0	0	0	0	0	0	0	0	0	0	
1331.298717	8	6	3	0	2	7	1	3383	-1348	51	79874	13	7	71	0	0	0	0	0	0	0	0	0	0	0	0	0	0	
1332.303833	8	6	3	0	2	7	1	3373	-1349	51	79934	13	7	72	0	0	0	0	0	0	0	0	0	0	0	0	0	0	
1333.308967	8	6	3	0	2	7	1	3363	-1350	51	79994	13	7	74	0	0	0	0	0	0	0	0	0	0	0	0	0	0	
1334.314083	8	6	3	0	2	7	1	3350	-1351	51	80055	13	7	76	0	0	0	0	0	0	0	0	0	0	0	0	0	0	
1335.300483	8	6	3	0	2	7	1	3336	-1350	51	80114	13	7	77	0	0	0	0	0	0	0	0	0	0	0	0	0	0	
1336.305600	8	6	3	0	2	7	1	3321	-1348	51	80174	13	7	79	0	0	0	0	0	0	0	0	0	0	0	0	0	0	
1337.312167	8	6	3	0	2	7	1	3301	-1349	50	80234	13	7	81	0	0	0	0	0	0	0	0	0	0	0	0	0	0	
1338.298567	8	6	3	0	2	7	1	3278	-1348	50	80294	13	7	82	0	0	0	0	0	0	0	0	0	0	0	0	0	0	
1339.303683	8	6	3	0	2	7	1	3245	-1350	50	80354	13	7	84	0	0	0	0	0	0	0	0	0	0	0	0	0	0	
1340.308800	8	6	3	0	2	7	1	3188	-1350	51	80414	13	7	86	0	0	0	0	0	0	0	0	0	0	0	0	0	0	
1341.313917	8	6	3	0	2	7	1	3071	-1350	51	80475	13	7	87	0	0	0	0	0	0	0	0	0	0	0	0	0	0	
1342.300317	8	6	3	0	2	7	1	2799	-1350	50	80534	13	7	89	0	0	0	0	0	0	0	0	0	0	0	0	0	0	
1342.496167	8	15	3	0	1	31	2	2833	31	50	80546	14	7	89	0	0	0	0	0	0	0	0	0	0	0	0	0	0	
1342.516317	8	4	3	0	1	3	2	2966	68	50	80547	14	7	89	0	0	0	0	0	0	0	0	0	0	0	0	0	0	
1342.575367	8	3	3	0	1	2	2	3041	209	50	80550	15	7	89	0	0	0	0	0	0	0	0	0	0	0	0	0	0	
1343.311200	8	3	3	0	1	2	2	3427	673	50	80594	15	7	89	0	0	0	0	0	0	0	0	0	0	0	0	0	0	
1344.316317	8	3	3	0	1	2	2	3562	674	50	80655	15	7	89	0	0	0	0	0	0	0	0	0	0	0	0	0	0	
1345.302717	8	3	3	0	1	2	2	3644	675	51	80714	15	7	89	0	0	0	0	0	0	0	0	0	0	0	0	0	0	
1346.309283	8	3	3	0	1	2	2	3706	677	50	80774	15	7	89	0	0	0	0	0	0	0	0	0	0	0	0	0	0	
1347.314400	8	3	3	0	1	2	2	3751	674	51	80835	15	7	89	0	0	0	0	0	0	0	0	0	0	0	0	0	0	
1348.300800	8	3	3	0	1	2	2	3787	675	50	80894	15	7	89	0	0	0	0	0	0	0	0	0	0	0	0	0	0	
1349.305917	8	3	3	0	1	2	2	3812	674	50	80954	15	7	89	0	0	0	0	0	0	0	0	0	0	0	0	0	0	
1350.311033	8	3	3	0	1	2	2	3825	675	50	81014	15	7	89	0	0	0	0	0	0	0	0	0	0	0	0	0	0	
1351.317600	8	3	3	0	1	2	2	3832	675	50	81075	15	7	89	0	0	0	0	0	0	0	0	0	0	0	0	0	0	
1352.304000	8	3	3	0	1	2	2	3838	674	51	81134	15	7	89	0	0	0	0	0	0	0	0	0	0	0	0	0	0	
1353.309117	8	3	3	0	1	2	2	3844	675	50	81194	15	7	89	0	0	0	0	0	0	0	0	0	0	0	0	0	0	
1354.314233	8	3	3	0	1	2	2	3848	675	50	81255	15	7	89	0	0	0	0	0	0	0	0	0	0	0	0	0	0	
1355.300633	8	3	3	0	1	2	2	3853	675	50	81314	15	7	89	0	0	0	0	0	0	0	0	0	0	0	0	0	0	
1356.305767	8	3	3	0	1	2	2	3857	675	50	81374	15	7	89	0	0	0	0	0	0	0	0	0	0	0	0	0	0	
1357.312317	8	3	3	0	1	2	2	3861	675	50	81434	15	7	89	0	0	0	0	0	0	0	0	0	0	0	0	0	0	
1358.317433	8	3	3	0	1	2	2	3866	675	51	81495	15	7	89	0	0	0	0	0	0	0	0	0	0	0	0	0	0	
1359.303833	8	3	3	0	1	2	2	3872	674	50	81554	15	7	89	0	0	0	0	0	0	0	0	0	0	0	0	0	0	
1360.308967	8	3	3	0	1	2	2	3878	675	50	81614	15	7	89	0	0	0	0	0	0	0	0	0	0	0	0	0	0	
1361.314083	8	3	3	0	1	2	2	3884	675	51	81675	15	7	89	0	0	0	0	0	0	0	0	0	0	0	0	0	0	
1362.300483	8	3	3	0	1	2	2	3889	675	50	81734	15	7	89	0	0	0	0	0	0	0	0	0	0	0	0	0	0	
1363.307033	8	3	3	0	1	2	2	3895	674	50	81794	15	7	89	0	0	0	0	0	0	0	0	0	0	0	0	0	0	
1364.312167	8	3	3	0	1	2	2	3901	675	51	81854	15	7	89	0	0	0	0	0	0	0	0	0	0	0	0	0	0	
1365.317283	8	3	3	0	1	2	2	3907	674	50	81915	15	7	89	0	0	0	0	0	0	0	0	0	0	0	0	0	0	
1366.303683	8	3	3	0	1	2	2	3912	674	51	81974	15	7	89	0	0	0	0	0	0	0	0	0	0	0	0	0	0	
1367.308800	8	3	3	0	1	2	2	3917	674	51	82034	15	7	89	0	0	0	0	0	0	0	0	0	0	0	0	0	0	
1368.315367	8	3	3	0	1	2	2	3922	675	50	82095	15	7	89	0	0	0	0	0	0	0	0	0	0	0	0	0	0	
1369.301767	8	3	3	0	1	2	2	3926	675	51	82154	15	7	89	0	0	0	0	0	0	0	0	0	0	0	0	0	0	
1370.306883	8	3	3	0	1	2	2	3930	674	51	82214	15	7	89	0	0	0	0	0	0	0	0	0	0	0	0	0	0	
1371.312000	8	3	3	0	1	2	2	3934	675	51	82274	15	7	89	0	0	0	0	0	0	0	0	0	0	0	0	0	0	
1372.317117	8	3	3	0	1	2	2	3938	675	51	82335	15	7	89	0	0	0	0	0	0	0	0	0	0	0	0	0	0	
1373.303517	8	3	3	0	1	2	2	3941	674	51	82394	15	7	89	0	0	0	0	0	0	0	0	0	0	0	0	0	0	
1374.310083	8	3	3	0	1	2	2	3944	674	51	82454	15	7	89	0	0	0	0	0	0	0	0	0	0	0	0	0	0	
1375.315200	8	3	3	0	1	2	2	3948	674	51	82514	15	7	89	0	0	0	0	0	0	0	0	0	0	0	0	0	0	
1376.301600	8	3	3	0	1	2	2	3951	674	51	82574	15	7	89	0	0	0	0	0	0	0	0	0	0	0	0	0	0	
1377.306717	8	3	3	0	1	2	2	3954	674	51	82634	15	7	89	0	0	0	0	0	0	0	0	0	0	0	0	0	0	
1378.311833	8	3	3	0	1	2	2	3957	674	51	82694	15	7	89	0	0	0	0	0	0	0	0	0	0	0	0	0	0	
1379.318400	8	3	3	0	1	2	2	3960	674	51	82755	15	7	89	0	0	0	0	0	0	0	0	0	0	0	0	0	0	
1380.304800	8	3	3	0	1	2	2	3963	675	50	82814	15	7	89	0	0	0	0	0	0	0	0	0	0	0	0	0	0	
1381.309917	8	3	3	0	1	2	2	3966	675	50	82874	15	7	89	0	0	0	0	0	0	0	0	0	0	0	0	0	0	
1382.315033	8	3	3	0	1	2	2	3969	674	51	82934	15	7	89	0	0	0	0	0	0	0	0	0	0	0	0	0	0	
1383.301433	8	3	3	0	1	2	2	3972	674	51	82994	15	7	89	0	0	0	0	0	0	0	0	0	0	0	0	0	0	
1384.308000	8	3	3	0	1	2	2	3976	674	51	83054	15	7	89	0	0	0	0	0	0	0	0	0	0	0	0	0	0	
1385.313117	8	3	3	0	1	2	2	3979	674	51	83114	15	7	89	0	0	0	0	0	0	0	0	0	0	0	0	0	0	
1386.318233	8	3	3	0	1	2	2	3982	674	51	83175	15	7	89	0	0	0	0	0	0	0	0	0	0	0	0	0	0	
1387.304633	8	3	3	0	1	2	2	3985	674	51	83234	15	7	89	0	0	0	0	0	0	0	0	0	0	0	0	0	0	
1388.309767	8	3	3	0	1	2	2	3989	676	51	83294	15	7	89	0	0	0	0	0	0	0	0	0	0	0	0	0	0	
1389.316317	8	3	3	0	1	2	2	3993	675	51	83354	15	7	89	0	0	0	0	0	0	0	0	0	0	0	0	0	0	
1390.302717	8	3	3	0	1	2	2	3997	675	51	83414	15	7	89	0	0	0	0	0	0	0	0	0	0	0	0	0	0	
1391.307833	8	3	3	0	1	2	2	4000	674	51	83474	15	7	89	0	0	0	0	0	0	0	0	0	0	0	0	0	0	
1392.312967	8	3	3	0	1	2	2	4004	674	51	83534	15	7	89	0	0	0	0	0	0	0	0	0	0	0	0	0	0	
1393.318083	8	3	3	0	1	2	2	4008	674	51	83595	15	7	89	0	0	0	0	0	0	0	0	0	0	0	0	0	0	
1394.304483	8	3	3	0	1	2	2	4012	674	51	83654	15	7	89	0	0	0	0	0	0	0	0	0	0	0	0	0	0	
1395.311033	8	3	3	0	1	2	2	4016	675	51	83714	15	7	89	0	0	0	0	0	0	0	0	0	0	0	0	0	0	
1396.316167	8	3	3	0	1	2	2	4020	674	51	83774	15	7	89	0	0	0	0	0	0	0	0	0	0	0	0	0	0	
1397.302567	8	3	3	0	1	2	2	4024	675	51	83834	15	7	89	0	0	0	0	0	0	0	0	0	0	0	0	0	0	
1398.307683	8	3	3	0	1	2	2	4028	675	51	83894	15	7	89	0	0	0	0	0	0	0	0	0	0	0	0	0	0	
1399.314233	8	3	3	0	1	2	2	4032	674	51	83954	15	7	89	0	0	0	0	0	0	0	0	0	0	0	0	0	0	
1400.319367	8	3	3	0	1	2	2	4037	675	51	84015	15	7	89	0	0	0	0	0	0	0	0	0	0	0	0	0	0	
1401.305767	8	3	3	0	1	2	2	4041	674	51	84074	15	7	89	0	0	0	0	0	0	0	0	0	0	0	0	0	0	
1402.310883	8	3	3	0	1	2	2	4046	674	50	84134	15	7	89	0	0	0	0	0	0	0	0	0	0	0	0	0	0	
1403.316000	8	3	3	0	1	2	2	4050	674	51	84194	15	7	89	0	0	0	0	0	0	0	0	0	0	0	0	0	0	
1404.302400	8	3	3	0	1	2	2	4055	675	51	84254	15	7	89	0	0	0	0	0	0	0	0	0	0	0	0	0	0	
1405.308967	8	3	3	0	1	2	2	4060	676	50	84314	15	7	89	0	0	0	0	0	0	0	0	0	0	0	0	0	0	
1406.314083	8	3	3	0	1	2	2	4065	675	51	84374	15	7	89	0	0	0	0	0	0	0	0	0	0	0	0	0	0	
1407.319200	8	3	3	0	1	2	2	4070	674	51	84435	15	7	89	0	0	0	0	0	0	0	0	0	0	0	0	0	0	
1408.305600	8	3	3	0	1	2	2	4075	674	50	84494	15	7	89	0	0	0	0	0	0	0	0	0	0	0	0	0	0	
1409.310717	8	3	3	0	1	2	2	4080	673	51	84554	15	7	89	0	0	0	0	0	0	0	0	0	0	0	0	0	0	
1410.315833	8	3	3	0	1	2	2	4085	674	51	84614	15	7	89	0	0	0	0	0	0	0	0	0	0	0	0	0	0	
1411.322400	8	3	3	0	1	2	2	4091	675	51	84675	15	7	89	0	0	0	0	0	0	0	0	0	0	0	0	0	0	
1412.308800	8	3	3	0	1	2	2	4096	675	51	84734	15	7	89	0	0	0	0	0	0	0	0	0	0	0	0	0	0	
1413.313917	8	3	3	0	1	2	2	4102	675	51	84794	15	7	89	0	0	0	0	0	0	0	0	0	0	0	0	0	0	
1414.319033	8	3	3	0	1	2	2	4107	673	51	84855	15	7	89	0	0	0	0	0	0	0	0	0	0	0	0	0	0	
1415.306883	8	3	3	0	1	2	2	4113	675	51	84914	15	7	89	0	0	0	0	0	0	0	0	0	0	0	0	0	0	
1416.312000	8	3	3	0	1	2	2	4117	667	51	84974	15	7	89	0	0	0	0	0	0	0	0	0	0	0	0	0	0	
1417.317117	8	3	3	0	1	2	2	4123	667	51	85034	15	7	89	0	0	0	0	0	0	0	0	0	0	0	0	0	0	
1418.322233	8	3	3	0	1	2	2	4128	665	51	85095	15	7	89	0	0	0	0	0	0	0	0	0	0	0	0	0	0	
1419.308633	8	3	3	0	1	2	2	4134	663	51	85154	15	7	89	0	0	0	0	0	0	0	0	0	0	0	0	0	0	
1420.315200	8	3	3	0	1	2	2	4140	662	51	85214	15	7	89	0	0	0	0	0	0	0	0	0	0	0	0	0	0	
1421.320317	8	3	3	0	1	2	2	4146	661	51	85275	15	7	89	0	0	0	0	0	0	0	0	0	0	0	0	0	0	
1422.306717	8	3	3	0	1	2	2	4152	661	51	85334	15	7	89	0	0	0	0	0	0	0	0	0	0	0	0	0	0	
1423.311833	8	3	3	0	1	2	2	4158	660	50	85394	15	7	89	0	0	0	0	0	0	0	0	0	0	0	0	0	0	
1424.316967	8	3	3	0	1	2	2	4164	659	51	85454	15	7	89	0	0	0	0	0	0	0	0	0	0	0	0	0	0	
1425.322083	8	3	3	0	1	2	2	4170	657	51	85515	15	7	89	0	0	0	0	0	0	0	0	0	0	0	0	0	0	
1426.308483	8	3	3	0	1	2	2	4176	657	51	85574	15	7	89	0	0	0	0	0	0	0	0	0	0	0	0	0	0	
1427.315033	8	3	3	0	1	2	2	4182	657	51	85634	15	7	89	0	0	0	0	0	0	0	0	0	0	0	0	0	0	
1428.320167	8	3	3	0	1	2	2	4188	654	51	85695	15	7	89	0	0	0	0	0	0	0	0	0	0	0	0	0	0	
1429.306567	8	3	3	0	1	2	2	4194	653	51	85754	15	7	89	0	0	0	0	0	0	0	0	0	0	0	0	0	0	
1430.311683	8	3	3	0	1	2	2	4198	641	51	85814	15	7	89	0	0	0	0	0	0	0	0	0	0	0	0	0	0	
1431.316800	8	3	3	0	1	2	2	4199	615	51	85874	15	7	89	0	0	0	0	0	0	0	0	0	0	0	0	0	0	
1432.323367	8	3	3	0	1	2	2	4198	588	51	85935	15	7	89	0	0	0	0	0	0	0	0	0	0	0	0	0	0	
1433.309767	8	3	3	0	1	2	2	4198	564	51	85994	15	7	89	0	0	0	0	0	0	0	0	0	0	0	0	0	0	
1434.314883	8	3	3	0	1	2	2	4198	538	51	86054	15	7	89	0	0	0	0	0	0	0	0	0	0	0	0	0	0	
1435.320000	8	3	3	0	1	2	2	4198	513	51	86115	15	7	89	0	0	0	0	0	0	0	0	0	0	0	0	0	0	
1436.306400	8	3	3	0	1	2	2	4199	489	51	86174	15	7	89	0	0	0	0	0	0	0	0	0	0	0	0	0	0	
1437.312967	8	3	3	0	1	2	2	4199	463	51	86234	15	7	89	0	0	0	0	0	0	0	0	0	0	0	0	0	0	
1438.318083	8	3	3	0	1	2	2	4199	443	51	86294	15	7	89	0	0	0	0	0	0	0	0	0	0	0	0	0	0	
1439.323200	8	3	3	0	1	2	2	4198	419	51	86355	15	7	89	0	0	0	0	0	0	0	0	0	0	0	0	0	0	
1440.309600	8	3	3	0	1	2	2	4198	394	51	86414	15	7	89	0	0	0	0	0	0	0	0	0	0	0	0	0	0	
1441.314717	8	3	3	0	1	2	2	4198	378	50	86474	15	7	89	0	0	0	0	0	0	0	0	0	0	0	0	0	0	
1442.321283	8	3	3	0	1	2	2	4199	366	51	86535	15	7	89	0	0	0	0	0	0	0	0	0	0	0	0	0	0	
1443.307683	8	3	3	0	1	2	2	4198	351	50	86594	15	7	89	0	0	0	0	0	0	0	0	0	0	0	0	0	0	
1444.312800	8	3	3	0	1	2	2	4199	335	51	86654	15	7	89	0	0	0	0	0	0	0	0	0	0	0	0	0	0	
1445.317917	8	3	3	0	1	2	2	4199	320	51	86714	15	7	89	0	0	0	0	0	0	0	0	0	0	0	0	0	0	
1446.323033	8	3	3	0	1	2	2	4198	308	51	86775	15	7	89	0	0	0	0	0	0	0	0	0	0	0	0	0	0	
1447.310883	8	3	3	0	1	2	2	4198	297	51	86834	15	7	89	0	0	0	0	0	0	0	0	0	0	0	0	0	0	
1448.316000	8	3	3	0	1	2	2	4198	284	51	86894	15	7	89	0	0	0	0	0	0	0	0	0	0	0	0	0	0	
1449.321117	8	3	3	0	1	2	2	4199	274	50	86955	15	7	89	0	0	0	0	0	0	0	0	0	0	0	0	0	0	
1450.307517	8	3	3	0	1	2	2	4198	261	51	87014	15	7	89	0	0	0	0	0	0	0	0	0	0	0	0	0	0	
1451.312633	8	3	3	0	1	2	2	4199	250	51	87074	15	7	89	0	0	0	0	0	0	0	0	0	0	0	0	0	0	
1452.317767	8	3	3	0	1	2	2	4199	240	51	87134	15	7	89	0	0	0	0	0	0	0	0	0	0	0	0	0	0	
1453.324317	8	3	3	0	1	2	2	4199	230	50	87195	15	7	89	0	0	0	0	0	0	0	0	0	0	0	0	0	0	
1454.310717	8	3	3	0	1	2	2	4199	218	51	87254	15	7	89	0	0	0	0	0	0	0	0	0	0	0	0	0	0	
1455.315833	8	3	3	0	1	2	2	4199	207	51	87314	15	7	89	0	0	0	0	0	0	0	0	0	0	0	0	0	0	
1456.322400	8	3	3	0	1	2	2	4199	196	51	87375	15	7	89	0	0	0	0	0	0	0	0	0	0	0	0	0	0	
1457.308800	8	3	3	0	1	2	2	4198	186	51	87434	15	7	89	0	0	0	0	0	0	0	0	0	0	0	0	0	0	
1458.313917	8	3	3	0	1	2	2	4198	177	51	87494	15	7	89	0	0	0	0	0	0	0	0	0	0	0	0	0	0	
1459.319033	8	3	3	0	1	2	2	4199	172	50	87554	15	7	89	0	0	0	0	0	0	0	0	0	0	0	0	0	0	
1460.324167	8	3	3	0	1	2	2	4198	166	51	87615	15	7	89	0	0	0	0	0	0	0	0	0	0	0	0	0	0	
1461.310567	8	3	3	0	1	2	2	4199	159	51	87674	15	7	89	0	0	0	0	0	0	0	0	0	0	0	0	0	0	
1462.317117	8	3	3	0	1	2	2	4198	150	51	87734	15	7	89	0	0	0	0	0	0	0	0	0	0	0	0	0	0	
1463.322233	8	3	3	0	1	2	2	4198	144	51	87795	15	7	89	0	0	0	0	0	0	0	0	0	0	0	0	0	0	
1464.308633	8	3	3	0	1	2	2	4198	139	51	87854	15	7	89	0	0	0	0	0	0	0	0	0	0	0	0	0	0	
1465.313767	8	3	3	0	1	2	2	4199	134	50	87914	15	7	89	0	0	0	0	0	0	0	0	0	0	0	0	0	0	
1466.320317	8	3	3	0	1	2	2	4198	129	51	87974	15	7	89	0	0	0	0	0	0	0	0	0	0	0	0	0	0	
1467.325433	8	3	3	0	1	2	2	4199	125	50	88035	15	7	89	0	0	0	0	0	0	0	0	0	0	0	0	0	0	
1468.311833	8	3	3	0	1	2	2	4199	120	50	88094	15	7	89	0	0	0	0	0	0	0	0	0	0	0	0	0	0	
1469.316967	8	3	3	0	1	2	2	4199	117	50	88154	15	7	89	0	0	0	0	0	0	0	0	0	0	0	0	0	0	
1470.322083	8	3	3	0	1	2	2	4198	114	50	88214	15	7	89	0	0	0	0	0	0	0	0	0	0	0	0	0	0	
1471.309917	8	3	3	0	1	2	2	4199	110	50	88274	15	7	89	0	0	0	0	0	0	0	0	0	0	0	0	0	0	
1472.315033	8	3	3	0	1	2	2	4198	106	50	88334	15	7	89	0	0	0	0	0	0	0	0	0	0	0	0	0	0	
1473.320167	8	3	3	0	1	2	2	4199	103	50	88394	15	7	89	0	0	0	0	0	0	0	0	0	0	0	0	0	0	
1474.325283	8	3	3	0	1	2	2	4198	99	51	88455	15	7	89	0	0	0	0	0	0	0	0	0	0	0	0	0	0	
1475.311683	8	3	3	0	1	2	2	4198	95	50	88514	15	7	89	0	0	0	0	0	0	0	0	0	0	0	0	0	0	
1476.316800	8	3	3	0	1	2	2	4198	91	50	88574	15	7	89	0	0	0	0	0	0	0	0	0	0	0	0	0	0	
1477.323367	8	3	3	0	1	2	2	4198	88	51	88634	15	7	89	0	0	0	0	0	0	0	0	0	0	0	0	0	0	
1478.309767	8	3	3	0	1	2	2	4198	84	50	88694	15	7	89	0	0	0	0	0	0	0	0	0	0	0	0	0	0	
1479.314883	8	3	3	0	1	2	2	4199	81	50	88754	15	7	89	0	0	0	0	0	0	0	0	0	0	0	0	0	0	
1480.320000	8	3	3	0	1	2	2	4198	76	51	88814	15	7	89	0	0	0	0	0	0	0	0	0	0	0	0	0	0	
1481.325117	8	3	3	0	1	2	2	4198	72	51	88875	15	7	89	0	0	0	0	0	0	0	0	0	0	0	0	0	0	
1482.311517	8	3	3	0	1	2	2	4199	69	51	88934	15	7	89	0	0	0	0	0	0	0	0	0	0	0	0	0	0	
1483.092000	8	6	3	0	2	7	1	3970	-628	51	88981	15	8	0	0	0	0	0	0	0	0	0	0	0	0	0	0	0	
1483.319517	8	6	3	0	2	7	1	3752	-1350	51	88994	15	8	0	0	0	0	0	0	0	0	0	0	0	0	0	0	0	
1484.324633	8	6	3	0	2	7	1	3776	-1349	51	89055	15	8	1	0	0	0	0	0	0	0	0	0	0	0	0	0	0	
1485.311033	8	6	3	0	2	7	1	3759	-1350	51	89114	15	8	3	0	0	0	0	0	0	0	0	0	0	0	0	0	0	
1486.316167	8	6	3	0	2	7	1	3740	-1350	51	89174	15	8	5	0	0	0	0	0	0	0	0	0	0	0	0	0	0	
1487.322717	8	6	3	0	2	7	1	3724	-1350	51	89234	15	8	6	0	0	0	0	0	0	0	0	0	0	0	0	0	0	
1488.327833	8	6	3	0	2	7	1	3708	-1350	51	89295	15	8	8	0	0	0	0	0	0	0	0	0	0	0	0	0	0	
1489.314233	8	6	3	0	2	7	1	3690	-1350	51	89354	15	8	10	0	0	0	0	0	0	0	0	0	0	0	0	0	0	
1490.319367	8	6	3	0	2	7	1	3673	-1350	51	89414	15	8	11	0	0	0	0	0	0	0	0	0	0	0	0	0	0	
1491.324483	8	6	3	0	2	7	1	3655	-1350	51	89475	15	8	13	0	0	0	0	0	0	0	0	0	0	0	0	0	0	
1492.310883	8	6	3	0	2	7	1	3638	-1349	50	89534	15	8	15	0	0	0	0	0	0	0	0	0	0	0	0	0	0	
1493.317433	8	6	3	0	2	7	1	3624	-1349	51	89594	15	8	16	0	0	0	0	0	0	0	0	0	0	0	0	0	0	
1494.322567	8	6	3	0	2	7	1	3609	-1349	51	89654	15	8	18	0	0	0	0	0	0	0	0	0	0	0	0	0	0	
1495.327683	8	6	3	0	2	7	1	3594	-1351	51	89715	15	8	20	0	0	0	0	0	0	0	0	0	0	0	0	0	0	
1496.314083	8	6	3	0	2	7	1	3581	-1349	51	89774	15	8	21	0	0	0	0	0	0	0	0	0	0	0	0	0	0	
1497.319200	8	6	3	0	2	7	1	3566	-1349	51	89834	15	8	23	0	0	0	0	0	0	0	0	0	0	0	0	0	0	
1498.324317	8	6	3	0	2	7	1	3554	-1349	50	89894	15	8	25	0	0	0	0	0	0	0	0	0	0	0	0	0	0	
1499.312167	8	6	3	0	2	7	1	3541	-1349	51	89954	15	8	26	0	0	0	0	0	0	0	0	0	0	0	0	0	0	
1500.317283	8	6	3	0	2	7	1	3528	-1349	51	90014	15	8	28	0	0	0	0	0	0	0	0	0	0	0	0	0	0	
1501.322400	8	6	3	0	2	7	1	3517	-1350	51	90074	15	8	30	0	0	0	0	0	0	0	0	0	0	0	0	0	0	
1502.327517	8	6	3	0	2	7	1	3505	-1351	51	90135	15	8	31	0	0	0	0	0	0	0	0	0	0	0	0	0	0	
1503.313917	8	6	3	0	2	7	1	3494	-1351	51	90194	15	8	33	0	0	0	0	0	0	0	0	0	0	0	0	0	0	
1504.320483	8	6	3	0	2	7	1	3484	-1350	51	90254	15	8	35	0	0	0	0	0	0	0	0	0	0	0	0	0	0	
1505.325600	8	6	3	0	2	7	1	3473	-1349	51	90314	15	8	36	0	0	0	0	0	0	0	0	0	0	0	0	0	0	
1506.312000	8	6	3	0	2	7	1	3463	-1349	51	90374	15	8	38	0	0	0	0	0	0	0	0	0	0	0	0	0	0	
1507.317117	8	6	3	0	2	7	1	3453	-1349	51	90434	15	8	40	0	0	0	0	0	0	0	0	0	0	0	0	0	0	
1508.322233	8	6	3	0	2	7	1	3444	-1350	51	90494	15	8	41	0	0	0	0	0	0	0	0	0	0	0	0	0	0	
1509.328800	8	6	3	0	2	7	1	3435	-1350	51	90555	15	8	43	0	0	0	0	0	0	0	0	0	0	0	0	0	0	
1510.315200	8	6	3	0	2	7	1	3426	-1349	51	90614	15	8	45	0	0	0	0	0	0	0	0	0	0	0	0	0	0	
1511.320317	8	6	3	0	2	7	1	3418	-1349	51	90674	15	8	46	0	0	0	0	0	0	0	0	0	0	0	0	0	0	
1512.325433	8	6	3	0	2	7	1	3409	-1349	51	90734	15	8	48	0	0	0	0	0	0	0	0	0	0	0	0	0	0	
1513.311833	8	6	3	0	2	7	1	3401	-1348	51	90794	15	8	50	0	0	0	0	0	0	0	0	0	0	0	0	0	0	
1514.316967	8	6	3	0	2	7	1	3394	-1350	51	90854	15	8	51	0	0	0	0	0	0	0	0	0	0	0	0	0	0	
1515.322083	8	6	3	0	2	7	1	3386	-1351	51	90914	15	8	53	0	0	0	0	0	0	0	0	0	0	0	0	0	0	
1516.328633	8	6	3	0	2	7	1	3378	-1350	51	90975	15	8	55	0	0	0	0	0	0	0	0	0	0	0	0	0	0	
1517.315033	8	6	3	0	2	7	1	3371	-1349	51	91034	15	8	56	0	0	0	0	0	0	0	0	0	0	0	0	0	0	
1518.320167	8	6	3	0	2	7	1	3364	-1347	51	91094	15	8	58	0	0	0	0	0	0	0	0	0	0	0	0	0	0	
1519.325283	8	6	3	0	2	7	1	3356	-1350	50	91154	15	8	59	0	0	0	0	0	0	0	0	0	0	0	0	0	0	
1520.311683	8	6	3	0	2	7	1	3350	-1350	51	91214	15	8	61	0	0	0	0	0	0	0	0	0	0	0	0	0	0	
1521.316800	8	6	3	0	2	7	1	3342	-1350	50	91274	15	8	63	0	0	0	0	0	0	0	0	0	0	0	0	0	0	
1522.323367	8	6	3	0	2	7	1	3335	-1349	50	91334	15	8	64	0	0	0	0	0	0	0	0	0	0	0	0	0	0	
1523.328483	8	6	3	0	2	7	1	3327	-1349	50	91395	15	8	66	0	0	0	0	0	0	0	0	0	0	0	0	0	0	
1524.314883	8	6	3	0	2	7	1	3320	-1349	51	91454	15	8	68	0	0	0	0	0	0	0	0	0	0	0	0	0	0	
1525.320000	8	6	3	0	2	7	1	3311	-1350	51	91514	15	8	69	0	0	0	0	0	0	0	0	0	0	0	0	0	0	
1526.325117	8	6	3	0	2	7	1	3301	-1350	51	91574	15	8	71	0	0	0	0	0	0	0	0	0	0	0	0	0	0	
1527.311517	8	6	3	0	2	7	1	3291	-1349	50	91634	15	8	73	0	0	0	0	0	0	0	0	0	0	0	0	0	0	
1528.318083	8	6	3	0	2	7	1	3279	-1350	50	91694	15	8	74	0	0	0	0	0	0	0	0	0	0	0	0	0	0	
1529.323200	8	6	3	0	2	7	1	3265	-1350	51	91754	15	8	76	0	0	0	0	0	0	0	0	0	0	0	0	0	0	
1530.328317	8	6	3	0	2	7	1	3250	-1349	50	91815	15	8	78	0	0	0	0	0	0	0	0	0	0	0	0	0	0	
1531.314717	8	6	3	0	2	7	1	3231	-1349	50	91874	15	8	79	0	0	0	0	0	0	0	0	0	0	0	0	0	0	
1532.321283	8	6	3	0	2	7	1	3208	-1349	50	91934	15	8	81	0	0	0	0	0	0	0	0	0	0	0	0	0	0	
1533.326400	8	6	3	0	2	7	1	3177	-1350	51	91994	15	8	83	0	0	0	0	0	0	0	0	0	0	0	0	0	0	
1534.331517	8	6	3	0	2	7	1	3125	-1349	50	92055	15	8	84	0	0	0	0	0	0	0	0	0	0	0	0	0	0	
1535.317917	8	6	3	0	2	7	1	3023	-1349	51	92114	15	8	86	0	0	0	0	0	0	0	0	0	0	0	0	0	0	
1536.323033	8	6	3	0	2	7	1	2795	-1350	51	92174	15	8	88	0	0	0	0	0	0	0	0	0	0	0	0	0	0	
1536.575033	8	15	3	0	1	31	2	2911	31	50	92189	16	8	88	0	0	0	0	0	0	0	0	0	0	0	0	0	0	
1536.595200	8	3	3	0	1	2	2	3214	678	50	92191	17	8	88	0	0	0	0	0	0	0	0	0	0	0	0	0	0	
1537.313767	8	3	3	0	1	2	2	3466	675	51	92234	17	8	88	0	0	0	0	0	0	0	0	0	0	0	0	0	0	
1538.318883	8	3	3	0	1	2	2	3597	676	51	92294	17	8	88	0	0	0	0	0	0	0	0	0	0	0	0	0	0	
1539.324000	8	3	3	0	1	2	2	3685	675	50	92354	17	8	88	0	0	0	0	0	0	0	0	0	0	0	0	0	0	
1540.329117	8	3	3	0	1	2	2	3822	674	51	92415	17	8	88	0	0	0	0	0	0	0	0	0	0	0	0	0	0	
1541.315517	8	3	3	0	1	2	2	3870	675	51	92474	17	8	88	0	0	0	0	0	0	0	0	0	0	0	0	0	0	
1542.322083	8	3	3	0	1	2	2	3915	674	51	92534	17	8	88	0	0	0	0	0	0	0	0	0	0	0	0	0	0	
1543.327200	8	3	3	0	1	2	2	3942	675	50	92594	17	8	88	0	0	0	0	0	0	0	0	0	0	0	0	0	0	
1544.332317	8	3	3	0	1	2	2	3953	675	50	92655	17	8	88	0	0	0	0	0	0	0	0	0	0	0	0	0	0	
1545.318717	8	3	3	0	1	2	2	3965	675	51	92714	17	8	88	0	0	0	0	0	0	0	0	0	0	0	0	0	0	
1546.323833	8	3	3	0	1	2	2	3973	675	50	92774	17	8	88	0	0	0	0	0	0	0	0	0	0	0	0	0	0	
1547.328967	8	3	3	0	1	2	2	3978	674	51	92835	17	8	88	0	0	0	0	0	0	0	0	0	0	0	0	0	0	
1548.316800	8	3	3	0	1	2	2	3977	673	51	92894	17	8	88	0	0	0	0	0	0	0	0	0	0	0	0	0	0	
1549.321917	8	3	3	0	1	2	2	3985	675	51	92954	17	8	88	0	0	0	0	0	0	0	0	0	0	0	0	0	0	
1550.327033	8	3	3	0	1	2	2	3990	675	51	93014	17	8	88	0	0	0	0	0	0	0	0	0	0	0	0	0	0	
1551.332167	8	3	3	0	1	2	2	3999	675	51	93075	17	8	88	0	0	0	0	0	0	0	0	0	0	0	0	0	0	
1552.318567	8	3	3	0	1	2	2	4007	674	51	93134	17	8	88	0	0	0	0	0	0	0	0	0	0	0	0	0	0	
1553.325117	8	3	3	0	1	2	2	4015	674	51	93194	17	8	88	0	0	0	0	0	0	0	0	0	0	0	0	0	0	
1554.330233	8	3	3	0	1	2	2	4020	674	51	93255	17	8	88	0	0	0	0	0	0	0	0	0	0	0	0	0	0	
1555.316633	8	3	3	0	1	2	2	4028	675	51	93314	17	8	88	0	0	0	0	0	0	0	0	0	0	0	0	0	0	
1556.321767	8	3	3	0	1	2	2	4054	673	51	93374	17	8	88	0	0	0	0	0	0	0	0	0	0	0	0	0	0	
1557.326883	8	3	3	0	1	2	2	4064	674	51	93434	17	8	88	0	0	0	0	0	0	0	0	0	0	0	0	0	0	
1558.333433	8	3	3	0	1	2	2	4081	675	51	93495	17	8	88	0	0	0	0	0	0	0	0	0	0	0	0	0	0	
1559.319833	8	3	3	0	1	2	2	4087	673	51	93554	17	8	88	0	0	0	0	0	0	0	0	0	0	0	0	0	0	
1560.324967	8	3	3	0	1	2	2	4078	674	51	93614	17	8	88	0	0	0	0	0	0	0	0	0	0	0	0	0	0	
1561.330083	8	3	3	0	1	2	2	4106	675	51	93675	17	8	88	0	0	0	0	0	0	0	0	0	0	0	0	0	0	
1562.316483	8	3	3	0	1	2	2	4126	675	51	93734	17	8	88	0	0	0	0	0	0	0	0	0	0	0	0	0	0	
1563.323033	8	3	3	0	1	2	2	4130	666	51	93794	17	8	88	0	0	0	0	0	0	0	0	0	0	0	0	0	0	
1564.328167	8	3	3	0	1	2	2	4122	667	51	93854	17	8	88	0	0	0	0	0	0	0	0	0	0	0	0	0	0	
1565.333283	8	3	3	0	1	2	2	4129	665	51	93915	17	8	88	0	0	0	0	0	0	0	0	0	0	0	0	0	0	
1566.319683	8	3	3	0	1	2	2	4119	665	51	93974	17	8	88	0	0	0	0	0	0	0	0	0	0	0	0	0	0	
1567.324800	8	3	3	0	1	2	2	4122	665	51	94034	17	8	88	0	0	0	0	0	0	0	0	0	0	0	0	0	0	
1568.329917	8	3	3	0	1	2	2	4127	664	51	94095	17	8	88	0	0	0	0	0	0	0	0	0	0	0	0	0	0	
1569.317767	8	3	3	0	1	2	2	4125	664	51	94154	17	8	88	0	0	0	0	0	0	0	0	0	0	0	0	0	0	
1570.322883	8	3	3	0	1	2	2	4132	663	51	94214	17	8	88	0	0	0	0	0	0	0	0	0	0	0	0	0	0	
1571.328000	8	3	3	0	1	2	2	4132	662	51	94274	17	8	88	0	0	0	0	0	0	0	0	0	0	0	0	0	0	
1572.333117	8	3	3	0	1	2	2	4127	664	51	94335	17	8	88	0	0	0	0	0	0	0	0	0	0	0	0	0	0	
1573.319517	8	3	3	0	1	2	2	4129	663	51	94394	17	8	88	0	0	0	0	0	0	0	0	0	0	0	0	0	0	
1574.324633	8	3	3	0	1	2	2	4138	662	51	94454	17	8	88	0	0	0	0	0	0	0	0	0	0	0	0	0	0	
1575.331200	8	3	3	0	1	2	2	4128	664	50	94514	17	8	88	0	0	0	0	0	0	0	0	0	0	0	0	0	0	
1576.317600	8	3	3	0	1	2	2	4130	664	50	94574	17	8	88	0	0	0	0	0	0	0	0	0	0	0	0	0	0	
1577.322717	8	3	3	0	1	2	2	4132	662	50	94634	17	8	88	0	0	0	0	0	0	0	0	0	0	0	0	0	0	
1578.327833	8	3	3	0	1	2	2	4136	662	51	94694	17	8	88	0	0	0	0	0	0	0	0	0	0	0	0	0	0	
1579.332967	8	3	3	0	1	2	2	4138	662	50	94755	17	8	88	0	0	0	0	0	0	0	0	0	0	0	0	0	0	
1580.319367	8	3	3	0	1	2	2	4142	663	51	94814	17	8	88	0	0	0	0	0	0	0	0	0	0	0	0	0	0	
1581.325917	8	3	3	0	1	2	2	4144	661	51	94874	17	8	88	0	0	0	0	0	0	0	0	0	0	0	0	0	0	
1582.331033	8	3	3	0	1	2	2	4147	662	51	94934	17	8	88	0	0	0	0	0	0	0	0	0	0	0	0	0	0	
1583.317433	8	3	3	0	1	2	2	4151	661	51	94994	17	8	88	0	0	0	0	0	0	0	0	0	0	0	0	0	0	
1584.322567	8	3	3	0	1	2	2	4152	659	51	95054	17	8	88	0	0	0	0	0	0	0	0	0	0	0	0	0	0	
1585.329117	8	3	3	0	1	2	2	4154	661	51	95114	17	8	88	0	0	0	0	0	0	0	0	0	0	0	0	0	0	
1586.334233	8	3	3	0	1	2	2	4156	659	51	95175	17	8	88	0	0	0	0	0	0	0	0	0	0	0	0	0	0	
1587.320633	8	3	3	0	1	2	2	4161	659	51	95234	17	8	88	0	0	0	0	0	0	0	0	0	0	0	0	0	0	
1588.325767	8	3	3	0	1	2	2	4165	658	51	95294	17	8	88	0	0	0	0	0	0	0	0	0	0	0	0	0	0	
1589.330883	8	3	3	0	1	2	2	4174	656	51	95354	17	8	88	0	0	0	0	0	0	0	0	0	0	0	0	0	0	
1590.317283	8	3	3	0	1	2	2	4188	656	51	95414	17	8	88	0	0	0	0	0	0	0	0	0	0	0	0	0	0	
1591.323833	8	3	3	0	1	2	2	4189	654	51	95474	17	8	88	0	0	0	0	0	0	0	0	0	0	0	0	0	0	
1592.328967	8	3	3	0	1	2	2	4195	652	51	95534	17	8	88	0	0	0	0	0	0	0	0	0	0	0	0	0	0	
1593.334083	8	3	3	0	1	2	2	4199	650	51	95595	17	8	88	0	0	0	0	0	0	0	0	0	0	0	0	0	0	
1594.320483	8	3	3	0	1	2	2	4199	643	51	95654	17	8	88	0	0	0	0	0	0	0	0	0	0	0	0	0	0	
1595.325600	8	3	3	0	1	2	2	4199	638	51	95714	17	8	88	0	0	0	0	0	0	0	0	0	0	0	0	0	0	
1596.332167	8	3	3	0	1	2	2	4198	643	51	95774	17	8	88	0	0	0	0	0	0	0	0	0	0	0	0	0	0	
1597.318567	8	3	3	0	1	2	2	4199	637	51	95834	17	8	88	0	0	0	0	0	0	0	0	0	0	0	0	0	0	
1598.323683	8	3	3	0	1	2	2	4198	630	51	95894	17	8	88	0	0	0	0	0	0	0	0	0	0	0	0	0	0	
1599.328800	8	3	3	0	1	2	2	4198	620	51	95954	17	8	88	0	0	0	0	0	0	0	0	0	0	0	0	0	0	
1600.333917	8	3	3	0	1	2	2	4199	604	51	96015	17	8	88	0	0	0	0	0	0	0	0	0	0	0	0	0	0	
1601.320317	8	3	3	0	1	2	2	4198	597	50	96074	17	8	88	0	0	0	0	0	0	0	0	0	0	0	0	0	0	
1602.326883	8	3	3	0	1	2	2	4198	593	51	96134	17	8	88	0	0	0	0	0	0	0	0	0	0	0	0	0	0	
1603.332000	8	3	3	0	1	2	2	4198	584	51	96194	17	8	88	0	0	0	0	0	0	0	0	0	0	0	0	0	0	
1604.318400	8	3	3	0	1	2	2	4198	580	51	96254	17	8	88	0	0	0	0	0	0	0	0	0	0	0	0	0	0	
1605.323517	8	3	3	0	1	2	2	4199	582	51	96314	17	8	88	0	0	0	0	0	0	0	0	0	0	0	0	0	0	
1606.328633	8	3	3	0	1	2	2	4198	581	51	96374	17	8	88	0	0	0	0	0	0	0	0	0	0	0	0	0	0	
1607.335200	8	3	3	0	1	2	2	4198	581	51	96435	17	8	88	0	0	0	0	0	0	0	0	0	0	0	0	0	0	
1608.321600	8	3	3	0	1	2	2	4198	581	51	96494	17	8	88	0	0	0	0	0	0	0	0	0	0	0	0	0	0	
1609.326717	8	3	3	0	1	2	2	4199	579	51	96554	17	8	88	0	0	0	0	0	0	0	0	0	0	0	0	0	0	
1610.331833	8	3	3	0	1	2	2	4198	580	51	96614	17	8	88	0	0	0	0	0	0	0	0	0	0	0	0	0	0	
1611.336967	8	3	3	0	1	2	2	4198	583	51	96675	17	8	88	0	0	0	0	0	0	0	0	0	0	0	0	0	0	
1612.323367	8	3	3	0	1	2	2	4199	578	51	96734	17	8	88	0	0	0	0	0	0	0	0	0	0	0	0	0	0	
1613.329917	8	3	3	0	1	2	2	4199	580	51	96794	17	8	88	0	0	0	0	0	0	0	0	0	0	0	0	0	0	
1614.335033	8	3	3	0	1	2	2	4198	587	51	96855	17	8	88	0	0	0	0	0	0	0	0	0	0	0	0	0	0	
1615.321433	8	3	3	0	1	2	2	4198	585	51	96914	17	8	88	0	0	0	0	0	0	0	0	0	0	0	0	0	0	
1616.326567	8	3	3	0	1	2	2	4198	587	51	96974	17	8	88	0	0	0	0	0	0	0	0	0	0	0	0	0	0	
1617.331683	8	3	3	0	1	2	2	4198	592	51	97034	17	8	88	0	0	0	0	0	0	0	0	0	0	0	0	0	0	
1618.336800	8	3	3	0	1	2	2	4199	609	51	97095	17	8	88	0	0	0	0	0	0	0	0	0	0	0	0	0	0	
1619.324633	8	3	3	0	1	2	2	4199	611	51	97154	17	8	88	0	0	0	0	0	0	0	0	0	0	0	0	0	0	
1620.329767	8	3	3	0	1	2	2	4198	588	51	97214	17	8	88	0	0	0	0	0	0	0	0	0	0	0	0	0	0	
1621.334883	8	3	3	0	1	2	2	4198	584	51	97275	17	8	88	0	0	0	0	0	0	0	0	0	0	0	0	0	0	
1622.321283	8	3	3	0	1	2	2	4198	566	51	97334	17	8	88	0	0	0	0	0	0	0	0	0	0	0	0	0	0	
1623.326400	8	3	3	0	1	2	2	4198	559	51	97394	17	8	88	0	0	0	0	0	0	0	0	0	0	0	0	0	0	
1624.332967	8	3	3	0	1	2	2	4199	547	51	97454	17	8	88	0	0	0	0	0	0	0	0	0	0	0	0	0	0	
1625.338083	8	3	3	0	1	2	2	4198	550	51	97515	17	8	88	0	0	0	0	0	0	0	0	0	0	0	0	0	0	
1626.324483	8	3	3	0	1	2	2	4198	544	51	97574	17	8	88	0	0	0	0	0	0	0	0	0	0	0	0	0	0	
1627.329600	8	3	3	0	1	2	2	4199	535	51	97634	17	8	88	0	0	0	0	0	0	0	0	0	0	0	0	0	0	
1628.334717	8	3	3	0	1	2	2	4198	515	51	97695	17	8	88	0	0	0	0	0	0	0	0	0	0	0	0	0	0	
1629.322567	8	3	3	0	1	2	2	4199	511	51	97754	17	8	88	0	0	0	0	0	0	0	0	0	0	0	0	0	0	
1630.327683	8	3	3	0	1	2	2	4198	505	51	97814	17	8	88	0	0	0	0	0	0	0	0	0	0	0	0	0	0	
1631.332800	8	3	3	0	1	2	2	4199	493	51	97874	17	8	88	0	0	0	0	0	0	0	0	0	0	0	0	0	0	
1632.337917	8	3	3	0	1	2	2	4199	483	51	97935	17	8	88	0	0	0	0	0	0	0	0	0	0	0	0	0	0	
1633.324317	8	3	3	0	1	2	2	4198	467	51	97994	17	8	88	0	0	0	0	0	0	0	0	0	0	0	0	0	0	
1634.329433	8	3	3	0	1	2	2	4199	455	51	98054	17	8	88	0	0	0	0	0	0	0	0	0	0	0	0	0	0	
1635.336000	8	3	3	0	1	2	2	4199	439	51	98114	17	8	88	0	0	0	0	0	0	0	0	0	0	0	0	0	0	
1636.322400	8	3	3	0	1	2	2	4199	427	51	98174	17	8	88	0	0	0	0	0	0	0	0	0	0	0	0	0	0	
1637.327517	8	3	3	0	1	2	2	4198	412	51	98234	17	8	88	0	0	0	0	0	0	0	0	0	0	0	0	0	0	
1638.332633	8	3	3	0	1	2	2	4199	400	51	98294	17	8	88	0	0	0	0	0	0	0	0	0	0	0	0	0	0	
1639.339200	8	3	3	0	1	2	2	4199	384	51	98355	17	8	88	0	0	0	0	0	0	0	0	0	0	0	0	0	0	
1640.325600	8	3	3	0	1	2	2	4199	373	51	98414	17	8	88	0	0	0	0	0	0	0	0	0	0	0	0	0	0	
1641.330717	8	3	3	0	1	2	2	4199	359	51	98474	17	8	88	0	0	0	0	0	0	0	0	0	0	0	0	0	0	
1642.335833	8	3	3	0	1	2	2	4198	347	51	98534	17	8	88	0	0	0	0	0	0	0	0	0	0	0	0	0	0	
1643.322233	8	3	3	0	1	2	2	4199	334	51	98594	17	8	88	0	0	0	0	0	0	0	0	0	0	0	0	0	0	
1644.328800	8	3	3	0	1	2	2	4199	324	51	98654	17	8	88	0	0	0	0	0	0	0	0	0	0	0	0	0	0	
1645.333917	8	3	3	0	1	2	2	4198	312	51	98714	17	8	88	0	0	0	0	0	0	0	0	0	0	0	0	0	0	
1646.339033	8	3	3	0	1	2	2	4199	301	51	98775	17	8	88	0	0	0	0	0	0	0	0	0	0	0	0	0	0	
1647.325433	8	3	3	0	1	2	2	4198	289	51	98834	17	8	88	0	0	0	0	0	0	0	0	0	0	0	0	0	0	
1648.330567	8	3	3	0	1	2	2	4199	277	51	98894	17	8	88	0	0	0	0	0	0	0	0	0	0	0	0	0	0	
1649.337117	8	3	3	0	1	2	2	4198	267	51	98954	17	8	88	0	0	0	0	0	0	0	0	0	0	0	0	0	0	
1650.322083	8	3	3	0	1	2	2	4198	257	51	99014	17	8	88	0	0	0	0	0	0	0	0	0	0	0	0	0	0	
1651.328633	8	3	3	0	1	2	2	4198	248	51	99074	17	8	88	0	0	0	0	0	0	0	0	0	0	0	0	0	0	
1652.333767	8	3	3	0	1	2	2	4199	239	51	99134	17	8	88	0	0	0	0	0	0	0	0	0	0	0	0	0	0	
1653.338883	8	3	3	0	1	2	2	4198	230	51	99195	17	8	88	0	0	0	0	0	0	0	0	0	0	0	0	0	0	
1654.325283	8	3	3	0	1	2	2	4199	223	51	99254	17	8	88	0	0	0	0	0	0	0	0	0	0	0	0	0	0	
1655.330400	8	3	3	0	1	2	2	4198	215	51	99314	17	8	88	0	0	0	0	0	0	0	0	0	0	0	0	0	0	
1656.335517	8	3	3	0	1	2	2	4199	207	51	99374	17	8	88	0	0	0	0	0	0	0	0	0	0	0	0	0	0	
1657.323367	8	3	3	0	1	2	2	4198	199	51	99434	17	8	88	0	0	0	0	0	0	0	0	0	0	0	0	0	0	
1658.328483	8	3	3	0	1	2	2	4198	193	51	99494	17	8	88	0	0	0	0	0	0	0	0	0	0	0	0	0	0	
1659.333600	8	3	3	0	1	2	2	4198	187	51	99554	17	8	88	0	0	0	0	0	0	0	0	0	0	0	0	0	0	
1660.338717	8	3	3	0	1	2	2	4198	180	51	99615	17	8	88	0	0	0	0	0	0	0	0	0	0	0	0	0	0	
1661.325117	8	3	3	0	1	2	2	4199	174	51	99674	17	8	88	0	0	0	0	0	0	0	0	0	0	0	0	0	0	
1662.331683	8	3	3	0	1	2	2	4199	168	51	99734	17	8	88	0	0	0	0	0	0	0	0	0	0	0	0	0	0	
1663.336800	8	3	3	0	1	2	2	4198	162	50	99794	17	8	88	0	0	0	0	0	0	0	0	0	0	0	0	0	0	
1664.323200	8	3	3	0	1	2	2	4198	156	51	99854	17	8	88	0	0	0	0	0	0	0	0	0	0	0	0	0	0	
1665.328317	8	3	3	0	1	2	2	4199	152	51	99914	17	8	88	0	0	0	0	0	0	0	0	0	0	0	0	0	0	
1666.333433	8	3	3	0	1	2	2	4199	145	51	99974	17	8	88	0	0	0	0	0	0	0	0	0	0	0	0	0	0	
1667.340000	8	3	3	0	1	2	2	4199	141	51	100035	17	8	88	0	0	0	0	0	0	0	0	0	0	0	0	0	0	
1668.326400	8	3	3	0	1	2	2	4198	135	51	100094	17	8	88	0	0	0	0	0	0	0	0	0	0	0	0	0	0	
1669.331517	8	3	3	0	1	2	2	4199	131	51	100154	17	8	88	0	0	0	0	0	0	0	0	0	0	0	0	0	0	
1670.336633	8	3	3	0	1	2	2	4199	128	50	100214	17	8	88	0	0	0	0	0	0	0	0	0	0	0	0	0	0	
1671.341767	8	3	3	0	1	2	2	4198	123	51	100275	17	8	88	0	0	0	0	0	0	0	0	0	0	0	0	0	0	
1672.329600	8	3	3	0	1	2	2	4198	120	51	100334	17	8	88	0	0	0	0	0	0	0	0	0	0	0	0	0	0	
1673.334717	8	3	3	0	1	2	2	4198	115	51	100394	17	8	88	0	0	0	0	0	0	0	0	0	0	0	0	0	0	
1674.339833	8	3	3	0	1	2	2	4198	112	51	100455	17	8	88	0	0	0	0	0	0	0	0	0	0	0	0	0	0	
1675.326233	8	3	3	0	1	2	2	4199	108	51	100514	17	8	88	0	0	0	0	0	0	0	0	0	0	0	0	0	0	
1676.331367	8	3	3	0	1	2	2	4198	104	51	100574	17	8	88	0	0	0	0	0	0	0	0	0	0	0	0	0	0	
1677.337917	8	3	3	0	1	2	2	4198	100	51	100634	17	8	88	0	0	0	0	0	0	0	0	0	0	0	0	0	0	
1678.343033	8	3	3	0	1	2	2	4198	96	51	100695	17	8	88	0	0	0	0	0	0	0	0	0	0	0	0	0	0	
1679.329433	8	3	3	0	1	2	2	4198	94	51	100754	17	8	88	0	0	0	0	0	0	0	0	0	0	0	0	0	0	
1680.334567	8	3	3	0	1	2	2	4199	91	51	100814	17	8	88	0	0	0	0	0	0	0	0	0	0	0	0	0	0	
1681.339683	8	3	3	0	1	2	2	4198	87	51	100875	17	8	88	0	0	0	0	0	0	0	0	0	0	0	0	0	0	
1682.326083	8	3	3	0	1	2	2	4199	84	51	100934	17	8	88	0	0	0	0	0	0	0	0	0	0	0	0	0	0	
1683.332633	8	3	3	0	1	2	2	4198	81	51	100994	17	8	88	0	0	0	0	0	0	0	0	0	0	0	0	0	0	
1684.337767	8	3	3	0	1	2	2	4198	78	51	101054	17	8	88	0	0	0	0	0	0	0	0	0	0	0	0	0	0	
1685.342883	8	3	3	0	1	2	2	4198	75	51	101115	17	8	88	0	0	0	0	0	0	0	0	0	0	0	0	0	0	
1686.329283	8	3	3	0	1	2	2	4199	72	51	101174	17	8	88	0	0	0	0	0	0	0	0	0	0	0	0	0	0	
1687.334400	8	3	3	0	1	2	2	4198	70	51	101234	17	8	88	0	0	0	0	0	0	0	0	0	0	0	0	0	0	
1688.340967	8	3	3	0	1	2	2	4199	68	51	101295	17	8	88	0	0	0	0	0	0	0	0	0	0	0	0	0	0	
1688.649117	8	6	3	0	2	7	1	3814	-1348	51	101313	17	9	0	0	0	0	0	0	0	0	0	0	0	0	0	0	0	
1689.328800	8	6	3	0	2	7	1	3812	-1349	50	101354	17	9	1	0	0	0	0	0	0	0	0	0	0	0	0	0	0	
1690.333917	8	6	3	0	2	7	1	3787	-1349	51	101414	17	9	2	0	0	0	0	0	0	0	0	0	0	0	0	0	0	
1691.339033	8	6	3	0	2	7	1	3766	-1351	50	101474	17	9	4	0	0	0	0	0	0	0	0	0	0	0	0	0	0	
1692.325433	8	6	3	0	2	7	1	3748	-1349	51	101534	17	9	6	0	0	0	0	0	0	0	0	0	0	0	0	0	0	
1693.330567	8	6	3	0	2	7	1	3730	-1350	51	101594	17	9	7	0	0	0	0	0	0	0	0	0	0	0	0	0	0	
1694.337117	8	6	3	0	2	7	1	3713	-1350	51	101654	17	9	9	0	0	0	0	0	0	0	0	0	0	0	0	0	0	
1695.342233	8	6	3	0	2	7	1	3696	-1350	51	101715	17	9	11	0	0	0	0	0	0	0	0	0	0	0	0	0	0	
1696.328633	8	6	3	0	2	7	1	3680	-1350	51	101774	17	9	12	0	0	0	0	0	0	0	0	0	0	0	0	0	0	
1697.333767	8	6	3	0	2	7	1	3664	-1350	51	101834	17	9	14	0	0	0	0	0	0	0	0	0	0	0	0	0	0	
1698.338883	8	6	3	0	2	7	1	3649	-1350	51	101894	17	9	16	0	0	0	0	0	0	0	0	0	0	0	0	0	0	
1699.326717	8	6	3	0	2	7	1	3635	-1350	51	101954	17	9	17	0	0	0	0	0	0	0	0	0	0	0	0	0	0	
1700.331833	8	6	3	0	2	7	1	3620	-1351	51	102014	17	9	19	0	0	0	0	0	0	0	0	0	0	0	0	0	0	
1701.336967	8	6	3	0	2	7	1	3607	-1349	51	102074	17	9	20	0	0	0	0	0	0	0	0	0	0	0	0	0	0	
1702.342083	8	6	3	0	2	7	1	3593	-1349	51	102135	17	9	22	0	0	0	0	0	0	0	0	0	0	0	0	0	0	
1703.328483	8	6	3	0	2	7	1	3580	-1350	51	102194	17	9	24	0	0	0	0	0	0	0	0	0	0	0	0	0	0	
1704.335033	8	6	3	0	2	7	1	3567	-1349	51	102254	17	9	25	0	0	0	0	0	0	0	0	0	0	0	0	0	0	
1705.340167	8	6	3	0	2	7	1	3555	-1349	51	102314	17	9	27	0	0	0	0	0	0	0	0	0	0	0	0	0	0	
1706.326567	8	6	3	0	2	7	1	3543	-1350	51	102374	17	9	29	0	0	0	0	0	0	0	0	0	0	0	0	0	0	
1707.331683	8	6	3	0	2	7	1	3531	-1351	51	102434	17	9	30	0	0	0	0	0	0	0	0	0	0	0	0	0	0	
1708.336800	8	6	3	0	2	7	1	3520	-1349	51	102494	17	9	32	0	0	0	0	0	0	0	0	0	0	0	0	0	0	
1709.343367	8	6	3	0	2	7	1	3509	-1348	51	102555	17	9	34	0	0	0	0	0	0	0	0	0	0	0	0	0	0	
1710.329767	8	6	3	0	2	7	1	3498	-1350	51	102614	17	9	35	0	0	0	0	0	0	0	0	0	0	0	0	0	0	
1711.334883	8	6	3	0	2	7	1	3488	-1349	51	102674	17	9	37	0	0	0	0	0	0	0	0	0	0	0	0	0	0	
1712.340000	8	6	3	0	2	7	1	3478	-1350	51	102734	17	9	39	0	0	0	0	0	0	0	0	0	0	0	0	0	0	
1713.345117	8	6	3	0	2	7	1	3469	-1349	51	102795	17	9	40	0	0	0	0	0	0	0	0	0	0	0	0	0	0	
1714.331517	8	6	3	0	2	7	1	3459	-1350	50	102854	17	9	42	0	0	0	0	0	0	0	0	0	0	0	0	0	0	
1715.338083	8	6	3	0	2	7	1	3450	-1350	51	102914	17	9	44	0	0	0	0	0	0	0	0	0	0	0	0	0	0	
1716.343200	8	6	3	0	2	7	1	3442	-1350	51	102975	17	9	45	0	0	0	0	0	0	0	0	0	0	0	0	0	0	
1717.329600	8	6	3	0	2	7	1	3433	-1350	51	103034	17	9	47	0	0	0	0	0	0	0	0	0	0	0	0	0	0	
1718.334717	8	6	3	0	2	7	1	3425	-1351	51	103094	17	9	49	0	0	0	0	0	0	0	0	0	0	0	0	0	0	
1719.339833	8	6	3	0	2	7	1	3417	-1350	51	103154	17	9	50	0	0	0	0	0	0	0	0	0	0	0	0	0	0	
1720.344967	8	6	3	0	2	7	1	3410	-1347	51	103215	17	9	52	0	0	0	0	0	0	0	0	0	0	0	0	0	0	
1721.331367	8	6	3	0	2	7	1	3402	-1350	51	103274	17	9	54	0	0	0	0	0	0	0	0	0	0	0	0	0	0	
1722.337917	8	6	3	0	2	7	1	3395	-1350	50	103334	17	9	55	0	0	0	0	0	0	0	0	0	0	0	0	0	0	
1723.343033	8	6	3	0	2	7	1	3388	-1349	50	103395	17	9	57	0	0	0	0	0	0	0	0	0	0	0	0	0	0	
1724.329433	8	6	3	0	2	7	1	3381	-1349	51	103454	17	9	59	0	0	0	0	0	0	0	0	0	0	0	0	0	0	
1725.334567	8	6	3	0	2	7	1	3374	-1350	51	103514	17	9	60	0	0	0	0	0	0	0	0	0	0	0	0	0	0	
1726.339683	8	6	3	0	2	7	1	3367	-1350	50	103574	17	9	62	0	0	0	0	0	0	0	0	0	0	0	0	0	0	
1727.346233	8	6	3	0	2	7	1	3359	-1350	50	103635	17	9	64	0	0	0	0	0	0	0	0	0	0	0	0	0	0	
1728.332633	8	6	3	0	2	7	1	3352	-1350	50	103694	17	9	65	0	0	0	0	0	0	0	0	0	0	0	0	0	0	
1729.337767	8	6	3	0	2	7	1	3344	-1349	50	103754	17	9	67	0	0	0	0	0	0	0	0	0	0	0	0	0	0	
1730.342883	8	6	3	0	2	7	1	3337	-1349	51	103815	17	9	69	0	0	0	0	0	0	0	0	0	0	0	0	0	0	
1731.329283	8	6	3	0	2	7	1	3328	-1350	50	103874	17	9	70	0	0	0	0	0	0	0	0	0	0	0	0	0	0	
1732.335833	8	6	3	0	2	7	1	3319	-1350	50	103934	17	9	72	0	0	0	0	0	0	0	0	0	0	0	0	0	0	
1733.340967	8	6	3	0	2	7	1	3309	-1349	51	103994	17	9	74	0	0	0	0	0	0	0	0	0	0	0	0	0	0	
1734.346083	8	6	3	0	2	7	1	3296	-1350	51	104055	17	9	75	0	0	0	0	0	0	0	0	0	0	0	0	0	0	
1735.332483	8	6	3	0	2	7	1	3283	-1348	51	104114	17	9	77	0	0	0	0	0	0	0	0	0	0	0	0	0	0	
1736.337600	8	6	3	0	2	7	1	3267	-1350	51	104174	17	9	79	0	0	0	0	0	0	0	0	0	0	0	0	0	0	
1737.342717	8	6	3	0	2	7	1	3248	-1350	51	104234	17	9	80	0	0	0	0	0	0	0	0	0	0	0	0	0	0	
1738.330567	8	6	3	0	2	7	1	3226	-1349	51	104294	17	9	82	0	0	0	0	0	0	0	0	0	0	0	0	0	0	
1739.335683	8	6	3	0	2	7	1	3196	-1350	51	104354	17	9	84	0	0	0	0	0	0	0	0	0	0	0	0	0	0	
1740.340800	8	6	3	0	2	7	1	3143	-1349	50	104414	17	9	85	0	0	0	0	0	0	0	0	0	0	0	0	0	0	
1741.345917	8	6	3	0	2	7	1	3037	-1350	50	104475	17	9	87	0	0	0	0	0	0	0	0	0	0	0	0	0	0	
1742.332317	8	6	3	0	2	7	1	2808	-1349	50	104534	17	9	89	0	0	0	0	0	0	0	0	0	0	0	0	0	0	
1742.603033	8	15	3	0	1	31	2	3051	163	50	104550	19	9	89	0	0	0	0	0	0	0	0	0	0	0	0	0	0	
1742.624633	8	3	3	0	1	2	2	3200	676	50	104551	19	9	89	0	0	0	0	0	0	0	0	0	0	0	0	0	0	
1743.341767	8	3	3	0	1	2	2	3459	674	50	104594	19	9	89	0	0	0	0	0	0	0	0	0	0	0	0	0	0	
1744.346883	8	3	3	0	1	2	2	3589	675	51	104655	19	9	89	0	0	0	0	0	0	0	0	0	0	0	0	0	0	
1745.333283	8	3	3	0	1	2	2	3669	676	51	104714	19	9	89	0	0	0	0	0	0	0	0	0	0	0	0	0	0	
1746.338400	8	3	3	0	1	2	2	3728	674	51	104774	19	9	89	0	0	0	0	0	0	0	0	0	0	0	0	0	0	
1747.344967	8	3	3	0	1	2	2	3774	674	50	104834	19	9	89	0	0	0	0	0	0	0	0	0	0	0	0	0	0	
1748.331367	8	3	3	0	1	2	2	3810	674	51	104894	19	9	89	0	0	0	0	0	0	0	0	0	0	0	0	0	0	
1749.336483	8	3	3	0	1	2	2	3837	675	51	104954	19	9	89	0	0	0	0	0	0	0	0	0	0	0	0	0	0	
1750.341600	8	3	3	0	1	2	2	3850	675	51	105014	19	9	89	0	0	0	0	0	0	0	0	0	0	0	0	0	0	
1751.346717	8	3	3	0	1	2	2	3857	673	51	105075	19	9	89	0	0	0	0	0	0	0	0	0	0	0	0	0	0	
1752.334567	8	3	3	0	1	2	2	3863	674	50	105134	19	9	89	0	0	0	0	0	0	0	0	0	0	0	0	0	0	
1753.339683	8	3	3	0	1	2	2	3867	674	50	105194	19	9	89	0	0	0	0	0	0	0	0	0	0	0	0	0	0	
1754.344800	8	3	3	0	1	2	2	3872	675	50	105254	19	9	89	0	0	0	0	0	0	0	0	0	0	0	0	0	0	
1755.331200	8	3	3	0	1	2	2	3877	675	51	105314	19	9	89	0	0	0	0	0	0	0	0	0	0	0	0	0	0	
1756.336317	8	3	3	0	1	2	2	3881	672	51	105374	19	9	89	0	0	0	0	0	0	0	0	0	0	0	0	0	0	
1757.341433	8	3	3	0	1	2	2	3886	674	50	105434	19	9	89	0	0	0	0	0	0	0	0	0	0	0	0	0	0	
1758.348000	8	3	3	0	1	2	2	3891	674	51	105495	19	9	89	0	0	0	0	0	0	0	0	0	0	0	0	0	0	
1759.334400	8	3	3	0	1	2	2	3896	674	50	105554	19	9	89	0	0	0	0	0	0	0	0	0	0	0	0	0	0	
1760.339517	8	3	3	0	1	2	2	3902	675	50	105614	19	9	89	0	0	0	0	0	0	0	0	0	0	0	0	0	0	
1761.344633	8	3	3	0	1	2	2	3908	674	50	105674	19	9	89	0	0	0	0	0	0	0	0	0	0	0	0	0	0	
1762.331033	8	3	3	0	1	2	2	3913	674	50	105734	19	9	89	0	0	0	0	0	0	0	0	0	0	0	0	0	0	
1763.336167	8	3	3	0	1	2	2	3919	675	50	105794	19	9	89	0	0	0	0	0	0	0	0	0	0	0	0	0	0	
1764.342717	8	3	3	0	1	2	2	3925	674	50	105854	19	9	89	0	0	0	0	0	0	0	0	0	0	0	0	0	0	
1765.347833	8	3	3	0	1	2	2	3931	674	50	105915	19	9	89	0	0	0	0	0	0	0	0	0	0	0	0	0	0	
1766.334233	8	3	3	0	1	2	2	3936	675	50	105974	19	9	89	0	0	0	0	0	0	0	0	0	0	0	0	0	0	
1767.339367	8	3	3	0	1	2	2	3940	675	50	106034	19	9	89	0	0	0	0	0	0	0	0	0	0	0	0	0	0	
1768.344483	8	3	3	0	1	2	2	3945	674	50	106094	19	9	89	0	0	0	0	0	0	0	0	0	0	0	0	0	0	
1769.330883	8	3	3	0	1	2	2	3950	675	50	106154	19	9	89	0	0	0	0	0	0	0	0	0	0	0	0	0	0	
1770.337433	8	3	3	0	1	2	2	3954	675	50	106214	19	9	89	0	0	0	0	0	0	0	0	0	0	0	0	0	0	
1771.342567	8	3	3	0	1	2	2	3958	675	50	106274	19	9	89	0	0	0	0	0	0	0	0	0	0	0	0	0	0	
1772.347683	8	3	3	0	1	2	2	3961	675	50	106335	19	9	89	0	0	0	0	0	0	0	0	0	0	0	0	0	0	
1773.334083	8	3	3	0	1	2	2	3964	672	50	106394	19	9	89	0	0	0	0	0	0	0	0	0	0	0	0	0	0	
1774.340633	8	3	3	0	1	2	2	3968	675	50	106454	19	9	89	0	0	0	0	0	0	0	0	0	0	0	0	0	0	
1775.345767	8	3	3	0	1	2	2	3971	673	50	106514	19	9	89	0	0	0	0	0	0	0	0	0	0	0	0	0	0	
1776.332167	8	3	3	0	1	2	2	3974	674	50	106574	19	9	89	0	0	0	0	0	0	0	0	0	0	0	0	0	0	
1777.337283	8	3	3	0	1	2	2	3977	674	50	106634	19	9	89	0	0	0	0	0	0	0	0	0	0	0	0	0	0	
1778.342400	8	3	3	0	1	2	2	3980	675	51	106694	19	9	89	0	0	0	0	0	0	0	0	0	0	0	0	0	0	
1779.348967	8	3	3	0	1	2	2	3983	675	51	106755	19	9	89	0	0	0	0	0	0	0	0	0	0	0	0	0	0	
1780.335367	8	3	3	0	1	2	2	3986	672	51	106814	19	9	89	0	0	0	0	0	0	0	0	0	0	0	0	0	0	
1781.340483	8	3	3	0	1	2	2	3990	674	51	106874	19	9	89	0	0	0	0	0	0	0	0	0	0	0	0	0	0	
1782.345600	8	3	3	0	1	2	2	3993	675	51	106934	19	9	89	0	0	0	0	0	0	0	0	0	0	0	0	0	0	
1783.332000	8	3	3	0	1	2	2	3996	676	51	106994	19	9	89	0	0	0	0	0	0	0	0	0	0	0	0	0	0	
1784.337117	8	3	3	0	1	2	2	3999	675	50	107054	19	9	89	0	0	0	0	0	0	0	0	0	0	0	0	0	0	
1785.343683	8	3	3	0	1	2	2	4002	675	51	107114	19	9	89	0	0	0	0	0	0	0	0	0	0	0	0	0	0	
1786.348800	8	3	3	0	1	2	2	4006	674	51	107175	19	9	89	0	0	0	0	0	0	0	0	0	0	0	0	0	0	
1787.335200	8	3	3	0	1	2	2	4009	674	51	107234	19	9	89	0	0	0	0	0	0	0	0	0	0	0	0	0	0	
1788.340317	8	3	3	0	1	2	2	4012	675	51	107294	19	9	89	0	0	0	0	0	0	0	0	0	0	0	0	0	0	
1789.345433	8	3	3	0	1	2	2	4015	673	51	107354	19	9	89	0	0	0	0	0	0	0	0	0	0	0	0	0	0	
1790.352000	8	3	3	0	1	2	2	4019	675	51	107415	19	9	89	0	0	0	0	0	0	0	0	0	0	0	0	0	0	
1791.338400	8	3	3	0	1	2	2	4023	675	51	107474	19	9	89	0	0	0	0	0	0	0	0	0	0	0	0	0	0	
1792.343517	8	3	3	0	1	2	2	4026	674	50	107534	19	9	89	0	0	0	0	0	0	0	0	0	0	0	0	0	0	
1793.348633	8	3	3	0	1	2	2	4030	675	51	107595	19	9	89	0	0	0	0	0	0	0	0	0	0	0	0	0	0	
1794.335033	8	3	3	0	1	2	2	4034	674	50	107654	19	9	89	0	0	0	0	0	0	0	0	0	0	0	0	0	0	
1795.341600	8	3	3	0	1	2	2	4038	674	51	107714	19	9	89	0	0	0	0	0	0	0	0	0	0	0	0	0	0	
1796.346717	8	3	3	0	1	2	2	4042	674	51	107774	19	9	89	0	0	0	0	0	0	0	0	0	0	0	0	0	0	
1797.351833	8	3	3	0	1	2	2	4046	674	51	107835	19	9	89	0	0	0	0	0	0	0	0	0	0	0	0	0	0	
1798.338233	8	3	3	0	1	2	2	4050	675	51	107894	19	9	89	0	0	0	0	0	0	0	0	0	0	0	0	0	0	
1799.343367	8	3	3	0	1	2	2	4055	675	51	107954	19	9	89	0	0	0	0	0	0	0	0	0	0	0	0	0	0	
1800.349917	8	3	3	0	1	2	2	4059	674	51	108015	19	9	89	0	0	0	0	0	0	0	0	0	0	0	0	0	0	
1801.336317	8	3	3	0	1	2	2	4063	674	51	108074	19	9	89	0	0	0	0	0	0	0	0	0	0	0	0	0	0	
1802.341433	8	3	3	0	1	2	2	4068	674	51	108134	19	9	89	0	0	0	0	0	0	0	0	0	0	0	0	0	0	
1803.346567	8	3	3	0	1	2	2	4072	674	51	108194	19	9	89	0	0	0	0	0	0	0	0	0	0	0	0	0	0	
1804.351683	8	3	3	0	1	2	2	4077	675	51	108255	19	9	89	0	0	0	0	0	0	0	0	0	0	0	0	0	0	
1805.338083	8	3	3	0	1	2	2	4081	673	51	108314	19	9	89	0	0	0	0	0	0	0	0	0	0	0	0	0	0	
1806.344633	8	3	3	0	1	2	2	4087	674	51	108374	19	9	89	0	0	0	0	0	0	0	0	0	0	0	0	0	0	
1807.349767	8	3	3	0	1	2	2	4091	675	51	108435	19	9	89	0	0	0	0	0	0	0	0	0	0	0	0	0	0	
1808.336167	8	3	3	0	1	2	2	4096	675	50	108494	19	9	89	0	0	0	0	0	0	0	0	0	0	0	0	0	0	
1809.341283	8	3	3	0	1	2	2	4101	675	51	108554	19	9	89	0	0	0	0	0	0	0	0	0	0	0	0	0	0	
1810.346400	8	3	3	0	1	2	2	4107	676	51	108614	19	9	89	0	0	0	0	0	0	0	0	0	0	0	0	0	0	
1811.352967	8	3	3	0	1	2	2	4112	676	51	108675	19	9	89	0	0	0	0	0	0	0	0	0	0	0	0	0	0	
1812.339367	8	3	3	0	1	2	2	4117	674	51	108734	19	9	89	0	0	0	0	0	0	0	0	0	0	0	0	0	0	
1813.344483	8	3	3	0	1	2	2	4120	666	51	108794	19	9	89	0	0	0	0	0	0	0	0	0	0	0	0	0	0	
1814.349600	8	3	3	0	1	2	2	4124	663	50	108855	19	9	89	0	0	0	0	0	0	0	0	0	0	0	0	0	0	
1815.336000	8	3	3	0	1	2	2	4130	663	51	108914	19	9	89	0	0	0	0	0	0	0	0	0	0	0	0	0	0	
1816.341117	8	3	3	0	1	2	2	4134	662	50	108974	19	9	89	0	0	0	0	0	0	0	0	0	0	0	0	0	0	
1817.347683	8	3	3	0	1	2	2	4140	661	51	109034	19	9	89	0	0	0	0	0	0	0	0	0	0	0	0	0	0	
1818.352800	8	3	3	0	1	2	2	4146	661	50	109095	19	9	89	0	0	0	0	0	0	0	0	0	0	0	0	0	0	
1819.339200	8	3	3	0	1	2	2	4151	660	51	109154	19	9	89	0	0	0	0	0	0	0	0	0	0	0	0	0	0	
1820.344317	8	3	3	0	1	2	2	4158	661	51	109214	19	9	89	0	0	0	0	0	0	0	0	0	0	0	0	0	0	
1821.349433	8	3	3	0	1	2	2	4163	661	51	109274	19	9	89	0	0	0	0	0	0	0	0	0	0	0	0	0	0	
1822.335833	8	3	3	0	1	2	2	4169	659	51	109334	19	9	89	0	0	0	0	0	0	0	0	0	0	0	0	0	0	
1823.342400	8	3	3	0	1	2	2	4174	657	51	109394	19	9	89	0	0	0	0	0	0	0	0	0	0	0	0	0	0	
1824.347517	8	3	3	0	1	2	2	4180	656	51	109454	19	9	89	0	0	0	0	0	0	0	0	0	0	0	0	0	0	
1825.352633	8	3	3	0	1	2	2	4187	656	51	109515	19	9	89	0	0	0	0	0	0	0	0	0	0	0	0	0	0	
1826.339033	8	3	3	0	1	2	2	4192	654	51	109574	19	9	89	0	0	0	0	0	0	0	0	0	0	0	0	0	0	
1827.344167	8	3	3	0	1	2	2	4199	654	51	109634	19	9	89	0	0	0	0	0	0	0	0	0	0	0	0	0	0	
1828.350717	8	3	3	0	1	2	2	4198	630	51	109694	19	9	89	0	0	0	0	0	0	0	0	0	0	0	0	0	0	
1829.337117	8	3	3	0	1	2	2	4198	608	51	109754	19	9	89	0	0	0	0	0	0	0	0	0	0	0	0	0	0	
1830.342233	8	3	3	0	1	2	2	4199	587	51	109814	19	9	89	0	0	0	0	0	0	0	0	0	0	0	0	0	0	
1831.347367	8	3	3	0	1	2	2	4198	566	51	109874	19	9	89	0	0	0	0	0	0	0	0	0	0	0	0	0	0	
1832.352483	8	3	3	0	1	2	2	4199	543	51	109935	19	9	89	0	0	0	0	0	0	0	0	0	0	0	0	0	0	
1833.338883	8	3	3	0	1	2	2	4198	514	51	109994	19	9	89	0	0	0	0	0	0	0	0	0	0	0	0	0	0	
1834.345433	8	3	3	0	1	2	2	4198	488	51	110054	19	9	89	0	0	0	0	0	0	0	0	0	0	0	0	0	0	
1835.350567	8	3	3	0	1	2	2	4199	470	51	110114	19	9	89	0	0	0	0	0	0	0	0	0	0	0	0	0	0	
1836.336967	8	3	3	0	1	2	2	4199	449	51	110174	19	9	89	0	0	0	0	0	0	0	0	0	0	0	0	0	0	
1837.342083	8	3	3	0	1	2	2	4199	427	51	110234	19	9	89	0	0	0	0	0	0	0	0	0	0	0	0	0	0	
1838.347200	8	3	3	0	1	2	2	4198	415	51	110294	19	9	89	0	0	0	0	0	0	0	0	0	0	0	0	0	0	
1839.353767	8	3	3	0	1	2	2	4199	399	51	110355	19	9	89	0	0	0	0	0	0	0	0	0	0	0	0	0	0	
1840.340167	8	3	3	0	1	2	2	4199	380	51	110414	19	9	89	0	0	0	0	0	0	0	0	0	0	0	0	0	0	
1841.345283	8	3	3	0	1	2	2	4199	370	51	110474	19	9	89	0	0	0	0	0	0	0	0	0	0	0	0	0	0	
1842.350400	8	3	3	0	1	2	2	4198	355	51	110534	19	9	89	0	0	0	0	0	0	0	0	0	0	0	0	0	0	
1843.336800	8	3	3	0	1	2	2	4199	346	51	110594	19	9	89	0	0	0	0	0	0	0	0	0	0	0	0	0	0	
1844.343367	8	3	3	0	1	2	2	4199	332	50	110654	19	9	89	0	0	0	0	0	0	0	0	0	0	0	0	0	0	
1845.348483	8	3	3	0	1	2	2	4199	316	51	110714	19	9	89	0	0	0	0	0	0	0	0	0	0	0	0	0	0	
1846.353600	8	3	3	0	1	2	2	4199	304	51	110775	19	9	89	0	0	0	0	0	0	0	0	0	0	0	0	0	0	
1847.340000	8	3	3	0	1	2	2	4199	293	51	110834	19	9	89	0	0	0	0	0	0	0	0	0	0	0	0	0	0	
1848.345117	8	3	3	0	1	2	2	4198	284	51	110894	19	9	89	0	0	0	0	0	0	0	0	0	0	0	0	0	0	
1849.351683	8	3	3	0	1	2	2	4199	275	51	110954	19	9	89	0	0	0	0	0	0	0	0	0	0	0	0	0	0	
1850.338083	8	3	3	0	1	2	2	4199	266	50	111014	19	9	89	0	0	0	0	0	0	0	0	0	0	0	0	0	0	
1851.343200	8	3	3	0	1	2	2	4199	257	51	111074	19	9	89	0	0	0	0	0	0	0	0	0	0	0	0	0	0	
1852.348317	8	3	3	0	1	2	2	4198	248	51	111134	19	9	89	0	0	0	0	0	0	0	0	0	0	0	0	0	0	
1853.353433	8	3	3	0	1	2	2	4199	238	51	111195	19	9	89	0	0	0	0	0	0	0	0	0	0	0	0	0	0	
1854.339833	8	3	3	0	1	2	2	4199	226	51	111254	19	9	89	0	0	0	0	0	0	0	0	0	0	0	0	0	0	
1855.346400	8	3	3	0	1	2	2	4199	218	51	111314	19	9	89	0	0	0	0	0	0	0	0	0	0	0	0	0	0	
1856.351517	8	3	3	0	1	2	2	4198	209	51	111374	19	9	89	0	0	0	0	0	0	0	0	0	0	0	0	0	0	
1857.356633	8	3	3	0	1	2	2	4199	201	51	111435	19	9	89	0	0	0	0	0	0	0	0	0	0	0	0	0	0	
1858.343033	8	3	3	0	1	2	2	4199	198	51	111494	19	9	89	0	0	0	0	0	0	0	0	0	0	0	0	0	0	
1859.348167	8	3	3	0	1	2	2	4198	188	51	111554	19	9	89	0	0	0	0	0	0	0	0	0	0	0	0	0	0	
1860.354717	8	3	3	0	1	2	2	4198	181	50	111615	19	9	89	0	0	0	0	0	0	0	0	0	0	0	0	0	0	
1861.341117	8	3	3	0	1	2	2	4199	174	50	111674	19	9	89	0	0	0	0	0	0	0	0	0	0	0	0	0	0	
1862.346233	8	3	3	0	1	2	2	4199	169	51	111734	19	9	89	0	0	0	0	0	0	0	0	0	0	0	0	0	0	
1863.351367	8	3	3	0	1	2	2	4198	165	51	111794	19	9	89	0	0	0	0	0	0	0	0	0	0	0	0	0	0	
1864.357917	8	3	3	0	1	2	2	4198	158	51	111855	19	9	89	0	0	0	0	0	0	0	0	0	0	0	0	0	0	
1865.344317	8	3	3	0	1	2	2	4199	153	51	111914	19	9	89	0	0	0	0	0	0	0	0	0	0	0	0	0	0	
1866.349433	8	3	3	0	1	2	2	4198	148	51	111974	19	9	89	0	0	0	0	0	0	0	0	0	0	0	0	0	0	
1867.354567	8	3	3	0	1	2	2	4199	143	51	112035	19	9	89	0	0	0	0	0	0	0	0	0	0	0	0	0	0	
1868.340967	8	3	3	0	1	2	2	4199	137	51	112094	19	9	89	0	0	0	0	0	0	0	0	0	0	0	0	0	0	
1869.347517	8	3	3	0	1	2	2	4199	133	51	112154	19	9	89	0	0	0	0	0	0	0	0	0	0	0	0	0	0	
1870.352633	8	3	3	0	1	2	2	4199	130	51	112214	19	9	89	0	0	0	0	0	0	0	0	0	0	0	0	0	0	
1871.357767	8	3	3	0	1	2	2	4199	125	51	112275	19	9	89	0	0	0	0	0	0	0	0	0	0	0	0	0	0	
1872.344167	8	3	3	0	1	2	2	4198	121	51	112334	19	9	89	0	0	0	0	0	0	0	0	0	0	0	0	0	0	
1873.349283	8	3	3	0	1	2	2	4199	117	51	112394	19	9	89	0	0	0	0	0	0	0	0	0	0	0	0	0	0	
1874.354400	8	3	3	0	1	2	2	4198	113	51	112455	19	9	89	0	0	0	0	0	0	0	0	0	0	0	0	0	0	
1875.340800	8	3	3	0	1	2	2	4199	110	51	112514	19	9	89	0	0	0	0	0	0	0	0	0	0	0	0	0	0	
1876.347367	8	3	3	0	1	2	2	4198	106	51	112574	19	9	89	0	0	0	0	0	0	0	0	0	0	0	0	0	0	
1877.352483	8	3	3	0	1	2	2	4198	103	51	112634	19	9	89	0	0	0	0	0	0	0	0	0	0	0	0	0	0	
1878.357600	8	3	3	0	1	2	2	4198	99	51	112695	19	9	89	0	0	0	0	0	0	0	0	0	0	0	0	0	0	
1879.344000	8	3	3	0	1	2	2	4198	95	51	112754	19	9	89	0	0	0	0	0	0	0	0	0	0	0	0	0	0	
1880.349117	8	3	3	0	1	2	2	4199	93	51	112814	19	9	89	0	0	0	0	0	0	0	0	0	0	0	0	0	0	
1881.355683	8	3	3	0	1	2	2	4198	88	51	112875	19	9	89	0	0	0	0	0	0	0	0	0	0	0	0	0	0	
1882.342083	8	3	3	0	1	2	2	4199	87	51	112934	19	9	89	0	0	0	0	0	0	0	0	0	0	0	0	0	0	
1883.347200	8	3	3	0	1	2	2	4199	83	51	112994	19	9	89	0	0	0	0	0	0	0	0	0	0	0	0	0	0	
1884.352317	8	3	3	0	1	2	2	4199	80	50	113054	19	9	89	0	0	0	0	0	0	0	0	0	0	0	0	0	0	
1885.357433	8	3	3	0	1	2	2	4198	76	50	113115	19	9	89	0	0	0	0	0	0	0	0	0	0	0	0	0	0	
1886.343833	8	3	3	0	1	2	2	4198	74	50	113174	19	9	89	0	0	0	0	0	0	0	0	0	0	0	0	0	0	
1887.350400	8	3	3	0	1	2	2	4199	73	50	113234	19	9	89	0	0	0	0	0	0	0	0	0	0	0	0	0	0	
1888.355517	8	3	3	0	1	2	2	4198	72	50	113294	19	9	89	0	0	0	0	0	0	0	0	0	0	0	0	0	0	
1889.341917	8	3	3	0	1	2	2	4199	70	51	113354	19	9	89	0	0	0	0	0	0	0	0	0	0	0	0	0	0	
1890.347033	8	3	3	0	1	2	2	4198	67	51	113414	19	9	89	0	0	0	0	0	0	0	0	0	0	0	0	0	0	
1890.675367	8	6	3	0	2	7	1	3800	-1324	51	113434	19	10	0	0	0	0	0	0	0	0	0	0	0	0	0	0	0	
1891.355033	8	6	3	0	2	7	1	3722	-1349	51	113474	19	10	1	0	0	0	0	0	0	0	0	0	0	0	0	0	0	
1892.341433	8	6	3	0	2	7	1	3711	-1349	50	113534	19	10	2	0	0	0	0	0	0	0	0	0	0	0	0	0	0	
1893.346567	8	6	3	0	2	7	1	3696	-1351	51	113594	19	10	4	0	0	0	0	0	0	0	0	0	0	0	0	0	0	
1894.351683	8	6	3	0	2	7	1	3683	-1349	51	113654	19	10	6	0	0	0	0	0	0	0	0	0	0	0	0	0	0	
1895.358233	8	6	3	0	2	7	1	3642	-1350	50	113715	19	10	7	0	0	0	0	0	0	0	0	0	0	0	0	0	0	
1896.344633	8	6	3	0	2	7	1	3624	-1349	51	113774	19	10	9	0	0	0	0	0	0	0	0	0	0	0	0	0	0	
1897.349767	8	6	3	0	2	7	1	3625	-1350	51	113834	19	10	11	0	0	0	0	0	0	0	0	0	0	0	0	0	0	
1898.354883	8	6	3	0	2	7	1	3618	-1349	51	113894	19	10	12	0	0	0	0	0	0	0	0	0	0	0	0	0	0	
1899.341283	8	6	3	0	2	7	1	3611	-1348	51	113954	19	10	14	0	0	0	0	0	0	0	0	0	0	0	0	0	0	
1900.347833	8	6	3	0	2	7	1	3598	-1350	51	114014	19	10	15	0	0	0	0	0	0	0	0	0	0	0	0	0	0	
1901.352967	8	6	3	0	2	7	1	3584	-1350	51	114074	19	10	17	0	0	0	0	0	0	0	0	0	0	0	0	0	0	
1902.358083	8	6	3	0	2	7	1	3571	-1350	50	114135	19	10	19	0	0	0	0	0	0	0	0	0	0	0	0	0	0	
1903.344483	8	6	3	0	2	7	1	3558	-1353	51	114194	19	10	20	0	0	0	0	0	0	0	0	0	0	0	0	0	0	
1904.349600	8	6	3	0	2	7	1	3544	-1348	50	114254	19	10	22	0	0	0	0	0	0	0	0	0	0	0	0	0	0	
1905.356167	8	6	3	0	2	7	1	3532	-1349	50	114314	19	10	24	0	0	0	0	0	0	0	0	0	0	0	0	0	0	
1906.342567	8	6	3	0	2	7	1	3520	-1349	50	114374	19	10	25	0	0	0	0	0	0	0	0	0	0	0	0	0	0	
1907.347683	8	6	3	0	2	7	1	3508	-1349	50	114434	19	10	27	0	0	0	0	0	0	0	0	0	0	0	0	0	0	
1908.352800	8	6	3	0	2	7	1	3497	-1350	50	114494	19	10	29	0	0	0	0	0	0	0	0	0	0	0	0	0	0	
1909.357917	8	6	3	0	2	7	1	3486	-1349	50	114555	19	10	30	0	0	0	0	0	0	0	0	0	0	0	0	0	0	
1910.344317	8	6	3	0	2	7	1	3475	-1349	50	114614	19	10	32	0	0	0	0	0	0	0	0	0	0	0	0	0	0	
1911.350883	8	6	3	0	2	7	1	3465	-1350	50	114674	19	10	34	0	0	0	0	0	0	0	0	0	0	0	0	0	0	
1912.356000	8	6	3	0	2	7	1	3455	-1350	50	114734	19	10	35	0	0	0	0	0	0	0	0	0	0	0	0	0	0	
1913.361117	8	6	3	0	2	7	1	3445	-1349	50	114795	19	10	37	0	0	0	0	0	0	0	0	0	0	0	0	0	0	
1914.347517	8	6	3	0	2	7	1	3435	-1349	50	114854	19	10	39	0	0	0	0	0	0	0	0	0	0	0	0	0	0	
1915.352633	8	6	3	0	2	7	1	3426	-1350	50	114914	19	10	40	0	0	0	0	0	0	0	0	0	0	0	0	0	0	
1916.357767	8	6	3	0	2	7	1	3417	-1350	50	114975	19	10	42	0	0	0	0	0	0	0	0	0	0	0	0	0	0	
1917.344167	8	6	3	0	2	7	1	3409	-1350	50	115034	19	10	44	0	0	0	0	0	0	0	0	0	0	0	0	0	0	
1918.350717	8	6	3	0	2	7	1	3400	-1350	50	115094	19	10	45	0	0	0	0	0	0	0	0	0	0	0	0	0	0	
1919.355833	8	6	3	0	2	7	1	3392	-1350	50	115154	19	10	47	0	0	0	0	0	0	0	0	0	0	0	0	0	0	
1920.360967	8	6	3	0	2	7	1	3384	-1350	50	115215	19	10	49	0	0	0	0	0	0	0	0	0	0	0	0	0	0	
1921.347367	8	6	3	0	2	7	1	3377	-1350	50	115274	19	10	50	0	0	0	0	0	0	0	0	0	0	0	0	0	0	
1922.352483	8	6	3	0	2	7	1	3370	-1349	50	115334	19	10	52	0	0	0	0	0	0	0	0	0	0	0	0	0	0	
1923.359033	8	6	3	0	2	7	1	3363	-1350	50	115395	19	10	54	0	0	0	0	0	0	0	0	0	0	0	0	0	0	
1924.345433	8	6	3	0	2	7	1	3356	-1351	51	115454	19	10	55	0	0	0	0	0	0	0	0	0	0	0	0	0	0	
1925.350567	8	6	3	0	2	7	1	3349	-1349	50	115514	19	10	57	0	0	0	0	0	0	0	0	0	0	0	0	0	0	
1926.355683	8	6	3	0	2	7	1	3341	-1350	50	115574	19	10	59	0	0	0	0	0	0	0	0	0	0	0	0	0	0	
1927.360800	8	6	3	0	2	7	1	3335	-1349	51	115635	19	10	60	0	0	0	0	0	0	0	0	0	0	0	0	0	0	
1928.347200	8	6	3	0	2	7	1	3328	-1350	50	115694	19	10	62	0	0	0	0	0	0	0	0	0	0	0	0	0	0	
1929.353767	8	6	3	0	2	7	1	3321	-1349	50	115754	19	10	64	0	0	0	0	0	0	0	0	0	0	0	0	0	0	
1930.358883	8	6	3	0	2	7	1	3314	-1351	50	115815	19	10	65	0	0	0	0	0	0	0	0	0	0	0	0	0	0	
1931.345283	8	6	3	0	2	7	1	3307	-1351	50	115874	19	10	67	0	0	0	0	0	0	0	0	0	0	0	0	0	0	
1932.350400	8	6	3	0	2	7	1	3300	-1349	50	115934	19	10	69	0	0	0	0	0	0	0	0	0	0	0	0	0	0	
1933.356967	8	6	3	0	2	7	1	3291	-1349	50	115994	19	10	70	0	0	0	0	0	0	0	0	0	0	0	0	0	0	
1934.362083	8	6	3	0	2	7	1	3282	-1349	50	116055	19	10	72	0	0	0	0	0	0	0	0	0	0	0	0	0	0	
1935.348483	8	6	3	0	2	7	1	3271	-1349	50	116114	19	10	73	0	0	0	0	0	0	0	0	0	0	0	0	0	0	
1936.353600	8	6	3	0	2	7	1	3260	-1350	50	116174	19	10	75	0	0	0	0	0	0	0	0	0	0	0	0	0	0	
1937.358717	8	6	3	0	2	7	1	3246	-1347	50	116234	19	10	77	0	0	0	0	0	0	0	0	0	0	0	0	0	0	
1938.345117	8	6	3	0	2	7	1	3230	-1349	50	116294	19	10	78	0	0	0	0	0	0	0	0	0	0	0	0	0	0	
1939.351683	8	6	3	0	2	7	1	3212	-1349	51	116354	19	10	80	0	0	0	0	0	0	0	0	0	0	0	0	0	0	
1940.356800	8	6	3	0	2	7	1	3188	-1349	50	116414	19	10	82	0	0	0	0	0	0	0	0	0	0	0	0	0	0	
1941.361917	8	6	3	0	2	7	1	3157	-1348	50	116475	19	10	83	0	0	0	0	0	0	0	0	0	0	0	0	0	0	
1942.348317	8	6	3	0	2	7	1	3102	-1348	50	116534	19	10	85	0	0	0	0	0	0	0	0	0	0	0	0	0	0	
1943.353433	8	6	3	0	2	7	1	2989	-1350	50	116594	19	10	87	0	0	0	0	0	0	0	0	0	0	0	0	0	0	
1944.360000	8	6	3	0	2	7	1	2725	-1350	50	116654	19	10	88	0	0	0	0	0	0	0	0	0	0	0	0	0	0	
1944.479517	8	15	3	0	1	31	2	3181	502	50	116662	21	10	89	0	0	0	0	0	0	0	0	0	0	0	0	0	0	
1944.499683	8	3	3	0	1	2	2	3255	676	50	116663	21	10	89	0	0	0	0	0	0	0	0	0	0	0	0	0	0	
1945.349283	8	3	3	0	1	2	2	3505	674	50	116714	21	10	89	0	0	0	0	0	0	0	0	0	0	0	0	0	0	
1946.354400	8	3	3	0	1	2	2	3621	675	51	116774	21	10	89	0	0	0	0	0	0	0	0	0	0	0	0	0	0	
1947.359517	8	3	3	0	1	2	2	3699	676	50	116834	21	10	89	0	0	0	0	0	0	0	0	0	0	0	0	0	0	
1948.345917	8	3	3	0	1	2	2	3762	673	50	116894	21	10	89	0	0	0	0	0	0	0	0	0	0	0	0	0	0	
1949.352483	8	3	3	0	1	2	2	3813	675	50	116954	21	10	89	0	0	0	0	0	0	0	0	0	0	0	0	0	0	
1950.357600	8	3	3	0	1	2	2	3853	674	50	117014	21	10	89	0	0	0	0	0	0	0	0	0	0	0	0	0	0	
1951.362717	8	3	3	0	1	2	2	3879	676	50	117075	21	10	89	0	0	0	0	0	0	0	0	0	0	0	0	0	0	
1952.349117	8	3	3	0	1	2	2	3893	675	50	117134	21	10	89	0	0	0	0	0	0	0	0	0	0	0	0	0	0	
1953.354233	8	3	3	0	1	2	2	3900	675	50	117194	21	10	89	0	0	0	0	0	0	0	0	0	0	0	0	0	0	
1954.360800	8	3	3	0	1	2	2	3905	674	50	117254	21	10	89	0	0	0	0	0	0	0	0	0	0	0	0	0	0	
1955.347200	8	3	3	0	1	2	2	3909	675	50	117314	21	10	89	0	0	0	0	0	0	0	0	0	0	0	0	0	0	
1956.352317	8	3	3	0	1	2	2	3914	674	50	117374	21	10	89	0	0	0	0	0	0	0	0	0	0	0	0	0	0	
1957.357433	8	3	3	0	1	2	2	3918	674	50	117434	21	10	89	0	0	0	0	0	0	0	0	0	0	0	0	0	0	
1958.362567	8	3	3	0	1	2	2	3924	675	51	117495	21	10	89	0	0	0	0	0	0	0	0	0	0	0	0	0	0	
1959.348967	8	3	3	0	1	2	2	3929	675	50	117554	21	10	89	0	0	0	0	0	0	0	0	0	0	0	0	0	0	
1960.355517	8	3	3	0	1	2	2	3934	674	50	117614	21	10	89	0	0	0	0	0	0	0	0	0	0	0	0	0	0	
1961.360633	8	3	3	0	1	2	2	3940	675	50	117674	21	10	89	0	0	0	0	0	0	0	0	0	0	0	0	0	0	
1962.347033	8	3	3	0	1	2	2	3946	674	50	117734	21	10	89	0	0	0	0	0	0	0	0	0	0	0	0	0	0	
1963.352167	8	3	3	0	1	2	2	3954	676	50	117794	21	10	89	0	0	0	0	0	0	0	0	0	0	0	0	0	0	
1964.358717	8	3	3	0	1	2	2	3960	674	51	117854	21	10	89	0	0	0	0	0	0	0	0	0	0	0	0	0	0	
1965.363833	8	3	3	0	1	2	2	3967	675	50	117915	21	10	89	0	0	0	0	0	0	0	0	0	0	0	0	0	0	
1966.350233	8	3	3	0	1	2	2	3972	673	50	117974	21	10	89	0	0	0	0	0	0	0	0	0	0	0	0	0	0	
1967.355367	8	3	3	0	1	2	2	3980	674	50	118034	21	10	89	0	0	0	0	0	0	0	0	0	0	0	0	0	0	
1968.360483	8	3	3	0	1	2	2	3985	675	50	118094	21	10	89	0	0	0	0	0	0	0	0	0	0	0	0	0	0	
1969.348317	8	3	3	0	1	2	2	3990	673	50	118154	21	10	89	0	0	0	0	0	0	0	0	0	0	0	0	0	0	
1970.353433	8	3	3	0	1	2	2	3995	675	50	118214	21	10	89	0	0	0	0	0	0	0	0	0	0	0	0	0	0	
1971.358567	8	3	3	0	1	2	2	4000	674	50	118274	21	10	89	0	0	0	0	0	0	0	0	0	0	0	0	0	0	
1972.363683	8	3	3	0	1	2	2	4006	675	50	118335	21	10	89	0	0	0	0	0	0	0	0	0	0	0	0	0	0	
1973.350083	8	3	3	0	1	2	2	4010	675	50	118394	21	10	89	0	0	0	0	0	0	0	0	0	0	0	0	0	0	
1974.355200	8	3	3	0	1	2	2	4014	675	50	118454	21	10	89	0	0	0	0	0	0	0	0	0	0	0	0	0	0	
1975.361767	8	3	3	0	1	2	2	4020	674	51	118514	21	10	89	0	0	0	0	0	0	0	0	0	0	0	0	0	0	
1976.348167	8	3	3	0	1	2	2	4024	674	50	118574	21	10	89	0	0	0	0	0	0	0	0	0	0	0	0	0	0	
1977.353283	8	3	3	0	1	2	2	4030	675	50	118634	21	10	89	0	0	0	0	0	0	0	0	0	0	0	0	0	0	
1978.358400	8	3	3	0	1	2	2	4036	674	50	118694	21	10	89	0	0	0	0	0	0	0	0	0	0	0	0	0	0	
1979.363517	8	3	3	0	1	2	2	4043	674	50	118755	21	10	89	0	0	0	0	0	0	0	0	0	0	0	0	0	0	
1980.349917	8	3	3	0	1	2	2	4103	674	50	118814	21	10	89	0	0	0	0	0	0	0	0	0	0	0	0	0	0	
1981.356483	8	3	3	0	1	2	2	4097	675	50	118874	21	10	89	0	0	0	0	0	0	0	0	0	0	0	0	0	0	
1982.361600	8	3	3	0	1	2	2	4101	674	50	118934	21	10	89	0	0	0	0	0	0	0	0	0	0	0	0	0	0	
1983.348000	8	3	3	0	1	2	2	4097	676	50	118994	21	10	89	0	0	0	0	0	0	0	0	0	0	0	0	0	0	
1984.353117	8	3	3	0	1	2	2	4097	675	50	119054	21	10	89	0	0	0	0	0	0	0	0	0	0	0	0	0	0	
1985.358233	8	3	3	0	1	2	2	4104	675	51	119114	21	10	89	0	0	0	0	0	0	0	0	0	0	0	0	0	0	
1986.364800	8	3	3	0	1	2	2	4109	675	51	119175	21	10	89	0	0	0	0	0	0	0	0	0	0	0	0	0	0	
1987.351200	8	3	3	0	1	2	2	4115	675	51	119234	21	10	89	0	0	0	0	0	0	0	0	0	0	0	0	0	0	
1988.356317	8	3	3	0	1	2	2	4117	668	51	119294	21	10	89	0	0	0	0	0	0	0	0	0	0	0	0	0	0	
1989.361433	8	3	3	0	1	2	2	4124	664	51	119354	21	10	89	0	0	0	0	0	0	0	0	0	0	0	0	0	0	
1990.366567	8	3	3	0	1	2	2	4129	666	50	119415	21	10	89	0	0	0	0	0	0	0	0	0	0	0	0	0	0	
1991.352967	8	3	3	0	1	2	2	4132	664	50	119474	21	10	89	0	0	0	0	0	0	0	0	0	0	0	0	0	0	
1992.359517	8	3	3	0	1	2	2	4136	662	51	119534	21	10	89	0	0	0	0	0	0	0	0	0	0	0	0	0	0	
1993.364633	8	3	3	0	1	2	2	4140	663	50	119595	21	10	89	0	0	0	0	0	0	0	0	0	0	0	0	0	0	
1994.351033	8	3	3	0	1	2	2	4143	662	51	119654	21	10	89	0	0	0	0	0	0	0	0	0	0	0	0	0	0	
1995.356167	8	3	3	0	1	2	2	4148	660	50	119714	21	10	89	0	0	0	0	0	0	0	0	0	0	0	0	0	0	
1996.362717	8	3	3	0	1	2	2	4153	659	51	119774	21	10	89	0	0	0	0	0	0	0	0	0	0	0	0	0	0	
1997.367833	8	3	3	0	1	2	2	4158	660	50	119835	21	10	89	0	0	0	0	0	0	0	0	0	0	0	0	0	0	
1998.354233	8	3	3	0	1	2	2	4162	659	50	119894	21	10	89	0	0	0	0	0	0	0	0	0	0	0	0	0	0	
1999.359367	8	3	3	0	1	2	2	4167	657	51	119954	21	10	89	0	0	0	0	0	0	0	0	0	0	0	0	0	0	
2000.364483	8	3	3	0	1	2	2	4171	658	50	120015	21	10	89	0	0	0	0	0	0	0	0	0	0	0	0	0	0	
2001.350883	8	3	3	0	1	2	2	4176	658	50	120074	21	10	89	0	0	0	0	0	0	0	0	0	0	0	0	0	0	
2002.357433	8	3	3	0	1	2	2	4181	657	50	120134	21	10	89	0	0	0	0	0	0	0	0	0	0	0	0	0	0	
2003.362567	8	3	3	0	1	2	2	4186	656	50	120194	21	10	89	0	0	0	0	0	0	0	0	0	0	0	0	0	0	
2004.367683	8	3	3	0	1	2	2	4192	654	51	120255	21	10	89	0	0	0	0	0	0	0	0	0	0	0	0	0	0	
2005.354083	8	3	3	0	1	2	2	4196	653	50	120314	21	10	89	0	0	0	0	0	0	0	0	0	0	0	0	0	0	
2006.359200	8	3	3	0	1	2	2	4198	645	50	120374	21	10	89	0	0	0	0	0	0	0	0	0	0	0	0	0	0	
2007.365767	8	3	3	0	1	2	2	4198	639	50	120435	21	10	89	0	0	0	0	0	0	0	0	0	0	0	0	0	0	
2008.352167	8	3	3	0	1	2	2	4198	632	50	120494	21	10	89	0	0	0	0	0	0	0	0	0	0	0	0	0	0	
2009.357283	8	3	3	0	1	2	2	4198	626	50	120554	21	10	89	0	0	0	0	0	0	0	0	0	0	0	0	0	0	
2010.362400	8	3	3	0	1	2	2	4198	621	50	120614	21	10	89	0	0	0	0	0	0	0	0	0	0	0	0	0	0	
2011.367517	8	3	3	0	1	2	2	4199	610	50	120675	21	10	89	0	0	0	0	0	0	0	0	0	0	0	0	0	0	
2012.355367	8	3	3	0	1	2	2	4199	605	51	120734	21	10	89	0	0	0	0	0	0	0	0	0	0	0	0	0	0	
2013.360483	8	3	3	0	1	2	2	4198	601	51	120794	21	10	89	0	0	0	0	0	0	0	0	0	0	0	0	0	0	
2014.365600	8	3	3	0	1	2	2	4198	590	51	120855	21	10	89	0	0	0	0	0	0	0	0	0	0	0	0	0	0	
2015.352000	8	3	3	0	1	2	2	4198	582	51	120914	21	10	89	0	0	0	0	0	0	0	0	0	0	0	0	0	0	
2016.357117	8	3	3	0	1	2	2	4199	573	51	120974	21	10	89	0	0	0	0	0	0	0	0	0	0	0	0	0	0	
2017.362233	8	3	3	0	1	2	2	4198	566	50	121034	21	10	89	0	0	0	0	0	0	0	0	0	0	0	0	0	0	
2018.368800	8	3	3	0	1	2	2	4199	559	51	121095	21	10	89	0	0	0	0	0	0	0	0	0	0	0	0	0	0	
2019.355200	8	3	3	0	1	2	2	4198	551	51	121154	21	10	89	0	0	0	0	0	0	0	0	0	0	0	0	0	0	
2020.360317	8	3	3	0	1	2	2	4198	545	51	121214	21	10	89	0	0	0	0	0	0	0	0	0	0	0	0	0	0	
2021.365433	8	3	3	0	1	2	2	4198	535	51	121274	21	10	89	0	0	0	0	0	0	0	0	0	0	0	0	0	0	
2022.351833	8	3	3	0	1	2	2	4198	521	51	121334	21	10	89	0	0	0	0	0	0	0	0	0	0	0	0	0	0	
2023.356967	8	3	3	0	1	2	2	4199	504	51	121394	21	10	89	0	0	0	0	0	0	0	0	0	0	0	0	0	0	
2024.363517	8	3	3	0	1	2	2	4198	493	51	121454	21	10	89	0	0	0	0	0	0	0	0	0	0	0	0	0	0	
2025.368633	8	3	3	0	1	2	2	4198	459	51	121515	21	10	89	0	0	0	0	0	0	0	0	0	0	0	0	0	0	
2026.355033	8	3	3	0	1	2	2	4198	431	51	121574	21	10	89	0	0	0	0	0	0	0	0	0	0	0	0	0	0	
2027.360167	8	3	3	0	1	2	2	4198	410	51	121634	21	10	89	0	0	0	0	0	0	0	0	0	0	0	0	0	0	
2028.365283	8	3	3	0	1	2	2	4198	384	51	121694	21	10	89	0	0	0	0	0	0	0	0	0	0	0	0	0	0	
2029.351683	8	3	3	0	1	2	2	4198	418	51	121754	21	10	89	0	0	0	0	0	0	0	0	0	0	0	0	0	0	
2030.358233	8	3	3	0	1	2	2	4198	437	51	121814	21	10	89	0	0	0	0	0	0	0	0	0	0	0	0	0	0	
2031.363367	8	3	3	0	1	2	2	4199	390	51	121874	21	10	89	0	0	0	0	0	0	0	0	0	0	0	0	0	0	
2032.368483	8	3	3	0	1	2	2	4198	370	50	121935	21	10	89	0	0	0	0	0	0	0	0	0	0	0	0	0	0	
2033.354883	8	3	3	0	1	2	2	4198	409	51	121994	21	10	89	0	0	0	0	0	0	0	0	0	0	0	0	0	0	
2034.361433	8	3	3	0	1	2	2	4198	417	51	122054	21	10	89	0	0	0	0	0	0	0	0	0	0	0	0	0	0	
2035.366567	8	3	3	0	1	2	2	4198	416	50	122114	21	10	89	0	0	0	0	0	0	0	0	0	0	0	0	0	0	
2036.352967	8	3	3	0	1	2	2	4199	414	51	122174	21	10	89	0	0	0	0	0	0	0	0	0	0	0	0	0	0	
2037.358083	8	3	3	0	1	2	2	4199	411	51	122234	21	10	89	0	0	0	0	0	0	0	0	0	0	0	0	0	0	
2038.363200	8	3	3	0	1	2	2	4198	405	51	122294	21	10	89	0	0	0	0	0	0	0	0	0	0	0	0	0	0	
2039.369767	8	3	3	0	1	2	2	4199	407	50	122355	21	10	89	0	0	0	0	0	0	0	0	0	0	0	0	0	0	
2040.356167	8	3	3	0	1	2	2	4198	399	51	122414	21	10	89	0	0	0	0	0	0	0	0	0	0	0	0	0	0	
2041.361283	8	3	3	0	1	2	2	4199	388	51	122474	21	10	89	0	0	0	0	0	0	0	0	0	0	0	0	0	0	
2042.366400	8	3	3	0	1	2	2	4199	378	51	122534	21	10	89	0	0	0	0	0	0	0	0	0	0	0	0	0	0	
2043.352800	8	3	3	0	1	2	2	4199	364	51	122594	21	10	89	0	0	0	0	0	0	0	0	0	0	0	0	0	0	
2044.359367	8	3	3	0	1	2	2	4198	353	51	122654	21	10	89	0	0	0	0	0	0	0	0	0	0	0	0	0	0	
2045.364483	8	3	3	0	1	2	2	4199	336	51	122714	21	10	89	0	0	0	0	0	0	0	0	0	0	0	0	0	0	
2046.369600	8	3	3	0	1	2	2	4199	327	51	122775	21	10	89	0	0	0	0	0	0	0	0	0	0	0	0	0	0	
2047.356000	8	3	3	0	1	2	2	4198	318	50	122834	21	10	89	0	0	0	0	0	0	0	0	0	0	0	0	0	0	
2048.361117	8	3	3	0	1	2	2	4198	292	51	122894	21	10	89	0	0	0	0	0	0	0	0	0	0	0	0	0	0	
2049.367683	8	3	3	0	1	2	2	4199	271	50	122954	21	10	89	0	0	0	0	0	0	0	0	0	0	0	0	0	0	
2050.354083	8	3	3	0	1	2	2	4199	257	50	123014	21	10	89	0	0	0	0	0	0	0	0	0	0	0	0	0	0	
2051.359200	8	3	3	0	1	2	2	4199	237	51	123074	21	10	89	0	0	0	0	0	0	0	0	0	0	0	0	0	0	
2052.364317	8	3	3	0	1	2	2	4198	209	51	123134	21	10	89	0	0	0	0	0	0	0	0	0	0	0	0	0	0	
2053.369433	8	3	3	0	1	2	2	4199	214	50	123195	21	10	89	0	0	0	0	0	0	0	0	0	0	0	0	0	0	
2054.355833	8	3	3	0	1	2	2	4198	220	50	123254	21	10	89	0	0	0	0	0	0	0	0	0	0	0	0	0	0	
2055.362400	8	3	3	0	1	2	2	4198	232	51	123314	21	10	89	0	0	0	0	0	0	0	0	0	0	0	0	0	0	
2056.367517	8	3	3	0	1	2	2	4198	220	51	123374	21	10	89	0	0	0	0	0	0	0	0	0	0	0	0	0	0	
2057.353917	8	3	3	0	1	2	2	4199	208	50	123434	21	10	89	0	0	0	0	0	0	0	0	0	0	0	0	0	0	
2058.359033	8	3	3	0	1	2	2	4199	207	51	123494	21	10	89	0	0	0	0	0	0	0	0	0	0	0	0	0	0	
2059.364167	8	3	3	0	1	2	2	4198	199	50	123554	21	10	89	0	0	0	0	0	0	0	0	0	0	0	0	0	0	
2060.370717	8	3	3	0	1	2	2	4198	199	51	123615	21	10	89	0	0	0	0	0	0	0	0	0	0	0	0	0	0	
2061.357117	8	3	3	0	1	2	2	4199	197	51	123674	21	10	89	0	0	0	0	0	0	0	0	0	0	0	0	0	0	
2062.362233	8	3	3	0	1	2	2	4198	191	50	123734	21	10	89	0	0	0	0	0	0	0	0	0	0	0	0	0	0	
2063.367367	8	3	3	0	1	2	2	4199	185	50	123794	21	10	89	0	0	0	0	0	0	0	0	0	0	0	0	0	0	
2064.372483	8	3	3	0	1	2	2	4199	188	50	123855	21	10	89	0	0	0	0	0	0	0	0	0	0	0	0	0	0	
2065.360317	8	3	3	0	1	2	2	4199	192	51	123914	21	10	89	0	0	0	0	0	0	0	0	0	0	0	0	0	0	
2066.365433	8	3	3	0	1	2	2	4198	191	50	123974	21	10	89	0	0	0	0	0	0	0	0	0	0	0	0	0	0	
2067.370567	8	3	3	0	1	2	2	4199	189	50	124035	21	10	89	0	0	0	0	0	0	0	0	0	0	0	0	0	0	
2068.356967	8	3	3	0	1	2	2	4198	184	50	124094	21	10	89	0	0	0	0	0	0	0	0	0	0	0	0	0	0	
2069.362083	8	3	3	0	1	2	2	4199	191	51	124154	21	10	89	0	0	0	0	0	0	0	0	0	0	0	0	0	0	
2070.367200	8	3	3	0	1	2	2	4198	192	50	124214	21	10	89	0	0	0	0	0	0	0	0	0	0	0	0	0	0	
2071.373767	8	3	3	0	1	2	2	4198	189	50	124275	21	10	89	0	0	0	0	0	0	0	0	0	0	0	0	0	0	
2072.360167	8	3	3	0	1	2	2	4199	190	50	124334	21	10	89	0	0	0	0	0	0	0	0	0	0	0	0	0	0	
2073.365283	8	3	3	0	1	2	2	4198	187	51	124394	21	10	89	0	0	0	0	0	0	0	0	0	0	0	0	0	0	
2074.370400	8	3	3	0	1	2	2	4199	179	50	124455	21	10	89	0	0	0	0	0	0	0	0	0	0	0	0	0	0	
2075.356800	8	3	3	0	1	2	2	4199	173	50	124514	21	10	89	0	0	0	0	0	0	0	0	0	0	0	0	0	0	
2076.361917	8	3	3	0	1	2	2	4198	170	51	124574	21	10	89	0	0	0	0	0	0	0	0	0	0	0	0	0	0	
2077.368483	8	3	3	0	1	2	2	4199	167	50	124634	21	10	89	0	0	0	0	0	0	0	0	0	0	0	0	0	0	
2078.373600	8	3	3	0	1	2	2	4198	163	50	124695	21	10	89	0	0	0	0	0	0	0	0	0	0	0	0	0	0	
2079.360000	8	3	3	0	1	2	2	4198	156	50	124754	21	10	89	0	0	0	0	0	0	0	0	0	0	0	0	0	0	
2080.365117	8	3	3	0	1	2	2	4199	152	50	124814	21	10	89	0	0	0	0	0	0	0	0	0	0	0	0	0	0	
2081.371683	8	3	3	0	1	2	2	4199	149	50	124875	21	10	89	0	0	0	0	0	0	0	0	0	0	0	0	0	0	
2082.358083	8	3	3	0	1	2	2	4199	145	50	124934	21	10	89	0	0	0	0	0	0	0	0	0	0	0	0	0	0	
2083.363200	8	3	3	0	1	2	2	4199	139	50	124994	21	10	89	0	0	0	0	0	0	0	0	0	0	0	0	0	0	
2084.368317	8	3	3	0	1	2	2	4198	133	50	125054	21	10	89	0	0	0	0	0	0	0	0	0	0	0	0	0	0	
2085.373433	8	3	3	0	1	2	2	4199	130	50	125115	21	10	89	0	0	0	0	0	0	0	0	0	0	0	0	0	0	
2086.359833	8	3	3	0	1	2	2	4198	128	50	125174	21	10	89	0	0	0	0	0	0	0	0	0	0	0	0	0	0	
2087.366400	8	3	3	0	1	2	2	4199	127	50	125234	21	10	89	0	0	0	0	0	0	0	0	0	0	0	0	0	0	
2088.371517	8	3	3	0	1	2	2	4199	123	50	125295	21	10	89	0	0	0	0	0	0	0	0	0	0	0	0	0	0	
2089.357917	8	3	3	0	1	2	2	4198	118	51	125354	21	10	89	0	0	0	0	0	0	0	0	0	0	0	0	0	0	
2090.363033	8	3	3	0	1	2	2	4198	115	50	125414	21	10	89	0	0	0	0	0	0	0	0	0	0	0	0	0	0	
2091.368167	8	3	3	0	1	2	2	4198	113	51	125474	21	10	89	0	0	0	0	0	0	0	0	0	0	0	0	0	0	
2092.373283	8	3	3	0	1	2	2	4199	113	50	125535	21	10	89	0	0	0	0	0	0	0	0	0	0	0	0	0	0	
2093.361117	8	3	3	0	1	2	2	4199	112	50	125594	21	10	89	0	0	0	0	0	0	0	0	0	0	0	0	0	0	
2094.366233	8	3	3	0	1	2	2	4198	111	50	125654	21	10	89	0	0	0	0	0	0	0	0	0	0	0	0	0	0	
2095.371367	8	3	3	0	1	2	2	4199	108	50	125714	21	10	89	0	0	0	0	0	0	0	0	0	0	0	0	0	0	
2096.357767	8	3	3	0	1	2	2	4198	105	50	125774	21	10	89	0	0	0	0	0	0	0	0	0	0	0	0	0	0	
2097.362883	8	3	3	0	1	2	2	4198	103	50	125834	21	10	89	0	0	0	0	0	0	0	0	0	0	0	0	0	0	
2098.369433	8	3	3	0	1	2	2	4198	101	50	125894	21	10	89	0	0	0	0	0	0	0	0	0	0	0	0	0	0	
2099.374567	8	3	3	0	1	2	2	4198	99	50	125955	21	10	89	0	0	0	0	0	0	0	0	0	0	0	0	0	0	
2100.360967	8	3	3	0	1	2	2	4199	96	50	126014	21	10	89	0	0	0	0	0	0	0	0	0	0	0	0	0	0	
2101.366083	8	3	3	0	1	2	2	4199	94	50	126074	21	10	89	0	0	0	0	0	0	0	0	0	0	0	0	0	0	
2102.371200	8	3	3	0	1	2	2	4198	92	50	126134	21	10	89	0	0	0	0	0	0	0	0	0	0	0	0	0	0	
2103.357600	8	3	3	0	1	2	2	4199	91	50	126194	21	10	89	0	0	0	0	0	0	0	0	0	0	0	0	0	0	
2104.364167	8	3	3	0	1	2	2	4199	89	50	126254	21	10	89	0	0	0	0	0	0	0	0	0	0	0	0	0	0	
2105.369283	8	3	3	0	1	2	2	4199	87	50	126314	21	10	89	0	0	0	0	0	0	0	0	0	0	0	0	0	0	
2106.374400	8	3	3	0	1	2	2	4198	84	51	126375	21	10	89	0	0	0	0	0	0	0	0	0	0	0	0	0	0	
2107.360800	8	3	3	0	1	2	2	4198	84	51	126434	21	10	89	0	0	0	0	0	0	0	0	0	0	0	0	0	0	
2108.367367	8	3	3	0	1	2	2	4198	80	50	126494	21	10	89	0	0	0	0	0	0	0	0	0	0	0	0	0	0	
2109.372483	8	3	3	0	1	2	2	4198	79	51	126554	21	10	89	0	0	0	0	0	0	0	0	0	0	0	0	0	0	
2110.358883	8	3	3	0	1	2	2	4198	77	50	126614	21	10	89	0	0	0	0	0	0	0	0	0	0	0	0	0	0	
2111.364000	8	3	3	0	1	2	2	4199	76	51	126674	21	10	89	0	0	0	0	0	0	0	0	0	0	0	0	0	0	
2112.369117	8	3	3	0	1	2	2	4199	74	51	126734	21	10	89	0	0	0	0	0	0	0	0	0	0	0	0	0	0	
2113.374233	8	3	3	0	1	2	2	4199	72	51	126795	21	10	89	0	0	0	0	0	0	0	0	0	0	0	0	0	0	
2114.362083	8	3	3	0	1	2	2	4199	70	51	126854	21	10	89	0	0	0	0	0	0	0	0	0	0	0	0	0	0	
2115.367200	8	3	3	0	1	2	2	4198	69	51	126914	21	10	89	0	0	0	0	0	0	0	0	0	0	0	0	0	0	
2116.372317	8	3	3	0	1	2	2	4199	68	51	126974	21	10	89	0	0	0	0	0	0	0	0	0	0	0	0	0	0	
2117.001600	8	6	3	0	2	7	1	3728	-1348	51	127012	21	11	0	0	0	0	0	0	0	0	0	0	0	0	0	0	0	
2117.360167	8	6	3	0	2	7	1	3776	-1349	51	127034	21	11	0	0	0	0	0	0	0	0	0	0	0	0	0	0	0	
2118.366717	8	6	3	0	2	7	1	3736	-1351	51	127094	21	11	2	0	0	0	0	0	0	0	0	0	0	0	0	0	0	
2119.371833	8	6	3	0	2	7	1	3717	-1349	50	127154	21	11	3	0	0	0	0	0	0	0	0	0	0	0	0	0	0	
2120.376967	8	6	3	0	2	7	1	3700	-1350	51	127215	21	11	5	0	0	0	0	0	0	0	0	0	0	0	0	0	0	
2121.363367	8	6	3	0	2	7	1	3681	-1349	51	127274	21	11	7	0	0	0	0	0	0	0	0	0	0	0	0	0	0	
2122.368483	8	6	3	0	2	7	1	3662	-1351	51	127334	21	11	8	0	0	0	0	0	0	0	0	0	0	0	0	0	0	
2123.375033	8	6	3	0	2	7	1	3633	-1349	51	127395	21	11	10	0	0	0	0	0	0	0	0	0	0	0	0	0	0	
2124.361433	8	6	3	0	2	7	1	3609	-1349	51	127454	21	11	12	0	0	0	0	0	0	0	0	0	0	0	0	0	0	
2125.366567	8	6	3	0	2	7	1	3588	-1350	51	127514	21	11	13	0	0	0	0	0	0	0	0	0	0	0	0	0	0	
2126.371683	8	6	3	0	2	7	1	3580	-1349	51	127574	21	11	15	0	0	0	0	0	0	0	0	0	0	0	0	0	0	
2127.376800	8	6	3	0	2	7	1	3580	-1350	51	127635	21	11	17	0	0	0	0	0	0	0	0	0	0	0	0	0	0	
2128.363200	8	6	3	0	2	7	1	3564	-1350	51	127694	21	11	18	0	0	0	0	0	0	0	0	0	0	0	0	0	0	
2129.369767	8	6	3	0	2	7	1	3552	-1350	51	127754	21	11	20	0	0	0	0	0	0	0	0	0	0	0	0	0	0	
2130.374883	8	6	3	0	2	7	1	3543	-1350	51	127815	21	11	22	0	0	0	0	0	0	0	0	0	0	0	0	0	0	
2131.361283	8	6	3	0	2	7	1	3542	-1349	51	127874	21	11	23	0	0	0	0	0	0	0	0	0	0	0	0	0	0	
2132.366400	8	6	3	0	2	7	1	3530	-1350	51	127934	21	11	25	0	0	0	0	0	0	0	0	0	0	0	0	0	0	
2133.371517	8	6	3	0	2	7	1	3519	-1349	51	127994	21	11	27	0	0	0	0	0	0	0	0	0	0	0	0	0	0	
2134.376633	8	6	3	0	2	7	1	3508	-1348	51	128055	21	11	28	0	0	0	0	0	0	0	0	0	0	0	0	0	0	
2135.364483	8	6	3	0	2	7	1	3498	-1350	51	128114	21	11	30	0	0	0	0	0	0	0	0	0	0	0	0	0	0	
2136.369600	8	6	3	0	2	7	1	3489	-1349	50	128174	21	11	32	0	0	0	0	0	0	0	0	0	0	0	0	0	0	
2137.374717	8	6	3	0	2	7	1	3479	-1349	51	128234	21	11	33	0	0	0	0	0	0	0	0	0	0	0	0	0	0	
2138.361117	8	6	3	0	2	7	1	3469	-1350	50	128294	21	11	35	0	0	0	0	0	0	0	0	0	0	0	0	0	0	
2139.366233	8	6	3	0	2	7	1	3459	-1350	51	128354	21	11	37	0	0	0	0	0	0	0	0	0	0	0	0	0	0	
2140.372800	8	6	3	0	2	7	1	3450	-1349	51	128414	21	11	38	0	0	0	0	0	0	0	0	0	0	0	0	0	0	
2141.377917	8	6	3	0	2	7	1	3442	-1350	51	128475	21	11	40	0	0	0	0	0	0	0	0	0	0	0	0	0	0	
2142.364317	8	6	3	0	2	7	1	3433	-1349	50	128534	21	11	42	0	0	0	0	0	0	0	0	0	0	0	0	0	0	
2143.369433	8	6	3	0	2	7	1	3425	-1348	51	128594	21	11	43	0	0	0	0	0	0	0	0	0	0	0	0	0	0	
2144.374567	8	6	3	0	2	7	1	3417	-1349	51	128654	21	11	45	0	0	0	0	0	0	0	0	0	0	0	0	0	0	
2145.362400	8	6	3	0	2	7	1	3410	-1349	51	128714	21	11	46	0	0	0	0	0	0	0	0	0	0	0	0	0	0	
2146.367517	8	6	3	0	2	7	1	3403	-1350	51	128774	21	11	48	0	0	0	0	0	0	0	0	0	0	0	0	0	0	
2147.372633	8	6	3	0	2	7	1	3396	-1351	51	128834	21	11	50	0	0	0	0	0	0	0	0	0	0	0	0	0	0	
2148.377767	8	6	3	0	2	7	1	3390	-1349	51	128895	21	11	51	0	0	0	0	0	0	0	0	0	0	0	0	0	0	
2149.364167	8	6	3	0	2	7	1	3383	-1350	51	128954	21	11	53	0	0	0	0	0	0	0	0	0	0	0	0	0	0	
2150.370717	8	6	3	0	2	7	1	3376	-1350	51	129014	21	11	55	0	0	0	0	0	0	0	0	0	0	0	0	0	0	
2151.375833	8	6	3	0	2	7	1	3368	-1350	50	129074	21	11	56	0	0	0	0	0	0	0	0	0	0	0	0	0	0	
2152.362233	8	6	3	0	2	7	1	3362	-1350	51	129134	21	11	58	0	0	0	0	0	0	0	0	0	0	0	0	0	0	
2153.367367	8	6	3	0	2	7	1	3355	-1349	51	129194	21	11	60	0	0	0	0	0	0	0	0	0	0	0	0	0	0	
2154.372483	8	6	3	0	2	7	1	3348	-1350	51	129254	21	11	61	0	0	0	0	0	0	0	0	0	0	0	0	0	0	
2155.379033	8	6	3	0	2	7	1	3341	-1350	51	129315	21	11	63	0	0	0	0	0	0	0	0	0	0	0	0	0	0	
2156.365433	8	6	3	0	2	7	1	3334	-1350	51	129374	21	11	65	0	0	0	0	0	0	0	0	0	0	0	0	0	0	
2157.370567	8	6	3	0	2	7	1	3327	-1350	51	129434	21	11	66	0	0	0	0	0	0	0	0	0	0	0	0	0	0	
2158.375683	8	6	3	0	2	7	1	3319	-1348	51	129494	21	11	68	0	0	0	0	0	0	0	0	0	0	0	0	0	0	
2159.362083	8	6	3	0	2	7	1	3310	-1349	51	129554	21	11	70	0	0	0	0	0	0	0	0	0	0	0	0	0	0	
2160.367200	8	6	3	0	2	7	1	3301	-1350	51	129614	21	11	71	0	0	0	0	0	0	0	0	0	0	0	0	0	0	
2161.373767	8	6	3	0	2	7	1	3290	-1351	51	129674	21	11	73	0	0	0	0	0	0	0	0	0	0	0	0	0	0	
2162.378883	8	6	3	0	2	7	1	3277	-1350	51	129735	21	11	75	0	0	0	0	0	0	0	0	0	0	0	0	0	0	
2163.365283	8	6	3	0	2	7	1	3262	-1350	51	129794	21	11	76	0	0	0	0	0	0	0	0	0	0	0	0	0	0	
2164.370400	8	6	3	0	2	7	1	3246	-1350	51	129854	21	11	78	0	0	0	0	0	0	0	0	0	0	0	0	0	0	
2165.376967	8	6	3	0	2	7	1	3226	-1351	51	129914	21	11	80	0	0	0	0	0	0	0	0	0	0	0	0	0	0	
2166.363367	8	6	3	0	2	7	1	3201	-1350	51	129974	21	11	81	0	0	0	0	0	0	0	0	0	0	0	0	0	0	
2167.368483	8	6	3	0	2	7	1	3163	-1350	51	130034	21	11	83	0	0	0	0	0	0	0	0	0	0	0	0	0	0	
2168.373600	8	6	3	0	2	7	1	3090	-1349	51	130094	21	11	85	0	0	0	0	0	0	0	0	0	0	0	0	0	0	
2169.378717	8	6	3	0	2	7	1	2942	-1349	51	130155	21	11	86	0	0	0	0	0	0	0	0	0	0	0	0	0	0	
2170.141917	10	0	5	0	0	15	0	2998	0	51	130200	21	11	88	0	0	0	0	0	0	0	0	0	0	0	0	0	0	
2170.163517	8	15	3	0	0	31	0	3031	0	51	130200	21	11	88	0	0	0	0	0	0	0	0	0	0	0	0	0	0	
