Time	Status code	Status category	Status color	Pgm code	Pgm step	Pgm para	Pgm cycle	mV	mA	Temperature	Duration	Charge count	Discharge count	Capacity	Analog input 1	Analog input 2	Analog input 3	Analog input 4	Digital input 1	Digital input 2	Digital input 3	Digital input 4	Digital output 1	Digital output 2	Digital output 3	Digital output 4	Analog output 1	Analog output 2	
0.000000	8	3	3	0	1	2	2	3687	58	39	1	1	0	0	0	0	0	0	0	0	0	0	0	0	0	0	0	0	
0.362883	8	3	3	0	1	2	2	3768	675	39	23	1	0	0	0	0	0	0	0	0	0	0	0	0	0	0	0	0	
1.359367	8	3	3	0	1	2	2	3783	674	39	82	1	0	0	0	0	0	0	0	0	0	0	0	0	0	0	0	0	
2.354400	8	3	3	0	1	2	2	3791	675	40	142	1	0	0	0	0	0	0	0	0	0	0	0	0	0	0	0	0	
3.350883	8	3	3	0	1	2	2	3797	674	40	202	1	0	0	0	0	0	0	0	0	0	0	0	0	0	0	0	0	
4.345917	8	3	3	0	1	2	2	3803	674	41	262	1	0	0	0	0	0	0	0	0	0	0	0	0	0	0	0	0	
5.361117	8	3	3	0	1	2	2	3808	674	41	323	1	0	0	0	0	0	0	0	0	0	0	0	0	0	0	0	0	
6.357600	8	3	3	0	1	2	2	3813	676	42	382	1	0	0	0	0	0	0	0	0	0	0	0	0	0	0	0	0	
7.352633	8	3	3	0	1	2	2	3818	676	42	442	1	0	0	0	0	0	0	0	0	0	0	0	0	0	0	0	0	
8.349117	8	3	3	0	1	2	2	3824	675	43	502	1	0	0	0	0	0	0	0	0	0	0	0	0	0	0	0	0	
9.362883	8	3	3	0	1	2	2	3829	674	43	563	1	0	0	0	0	0	0	0	0	0	0	0	0	0	0	0	0	
10.359367	8	3	3	0	1	2	2	3834	673	44	622	1	0	0	0	0	0	0	0	0	0	0	0	0	0	0	0	0	
11.354400	8	3	3	0	1	2	2	3839	675	44	682	1	0	0	0	0	0	0	0	0	0	0	0	0	0	0	0	0	
12.362400	8	3	3	0	1	2	2	3844	674	44	743	1	0	0	0	0	0	0	0	0	0	0	0	0	0	0	0	0	
13.348800	8	3	3	0	1	2	2	3849	675	45	802	1	0	0	0	0	0	0	0	0	0	0	0	0	0	0	0	0	
14.355367	8	3	3	0	1	2	2	3854	674	45	862	1	0	0	0	0	0	0	0	0	0	0	0	0	0	0	0	0	
15.360483	8	3	3	0	1	2	2	3858	673	46	922	1	0	0	0	0	0	0	0	0	0	0	0	0	0	0	0	0	
16.346883	8	3	3	0	1	2	2	3862	674	46	982	1	0	0	0	0	0	0	0	0	0	0	0	0	0	0	0	0	
17.352000	8	3	3	0	1	2	2	3866	675	46	1042	1	0	0	0	0	0	0	0	0	0	0	0	0	0	0	0	0	
18.358567	8	3	3	0	1	2	2	3870	674	47	1102	1	0	0	0	0	0	0	0	0	0	0	0	0	0	0	0	0	
19.363683	8	3	3	0	1	2	2	3873	673	47	1163	1	0	0	0	0	0	0	0	0	0	0	0	0	0	0	0	0	
20.350083	8	3	3	0	1	2	2	3877	675	47	1222	1	0	0	0	0	0	0	0	0	0	0	0	0	0	0	0	0	
21.355200	8	3	3	0	1	2	2	3880	674	47	1282	1	0	0	0	0	0	0	0	0	0	0	0	0	0	0	0	0	
22.360317	8	3	3	0	1	2	2	3884	675	48	1342	1	0	0	0	0	0	0	0	0	0	0	0	0	0	0	0	0	
23.346717	8	3	3	0	1	2	2	3887	675	48	1402	1	0	0	0	0	0	0	0	0	0	0	0	0	0	0	0	0	
24.353283	8	3	3	0	1	2	2	3890	675	48	1462	1	0	0	0	0	0	0	0	0	0	0	0	0	0	0	0	0	
25.358400	8	3	3	0	1	2	2	3894	674	48	1522	1	0	0	0	0	0	0	0	0	0	0	0	0	0	0	0	0	
26.363517	8	3	3	0	1	2	2	3896	675	48	1583	1	0	0	0	0	0	0	0	0	0	0	0	0	0	0	0	0	
27.349917	8	3	3	0	1	2	2	3900	674	48	1642	1	0	0	0	0	0	0	0	0	0	0	0	0	0	0	0	0	
28.355033	8	3	3	0	1	2	2	3903	674	49	1702	1	0	0	0	0	0	0	0	0	0	0	0	0	0	0	0	0	
29.361600	8	3	3	0	1	2	2	3907	675	49	1762	1	0	0	0	0	0	0	0	0	0	0	0	0	0	0	0	0	
30.366717	8	3	3	0	1	2	2	3910	676	49	1823	1	0	0	0	0	0	0	0	0	0	0	0	0	0	0	0	0	
31.353117	8	3	3	0	1	2	2	3913	674	49	1882	1	0	0	0	0	0	0	0	0	0	0	0	0	0	0	0	0	
32.358233	8	3	3	0	1	2	2	3917	675	49	1942	1	0	0	0	0	0	0	0	0	0	0	0	0	0	0	0	0	
33.363367	8	3	3	0	1	2	2	3920	674	49	2003	1	0	0	0	0	0	0	0	0	0	0	0	0	0	0	0	0	
34.351200	8	3	3	0	1	2	2	3924	676	49	2062	1	0	0	0	0	0	0	0	0	0	0	0	0	0	0	0	0	
35.356317	8	3	3	0	1	2	2	3928	676	49	2122	1	0	0	0	0	0	0	0	0	0	0	0	0	0	0	0	0	
36.361433	8	3	3	0	1	2	2	3931	675	49	2182	1	0	0	0	0	0	0	0	0	0	0	0	0	0	0	0	0	
37.366567	8	3	3	0	1	2	2	3935	675	50	2243	1	0	0	0	0	0	0	0	0	0	0	0	0	0	0	0	0	
38.352967	8	3	3	0	1	2	2	3939	675	50	2302	1	0	0	0	0	0	0	0	0	0	0	0	0	0	0	0	0	
39.358083	8	3	3	0	1	2	2	3943	673	49	2362	1	0	0	0	0	0	0	0	0	0	0	0	0	0	0	0	0	
40.364633	8	3	3	0	1	2	2	3947	675	50	2423	1	0	0	0	0	0	0	0	0	0	0	0	0	0	0	0	0	
41.351033	8	3	3	0	1	2	2	3951	672	50	2482	1	0	0	0	0	0	0	0	0	0	0	0	0	0	0	0	0	
42.356167	8	3	3	0	1	2	2	3955	674	50	2542	1	0	0	0	0	0	0	0	0	0	0	0	0	0	0	0	0	
43.361283	8	3	3	0	1	2	2	3960	673	50	2602	1	0	0	0	0	0	0	0	0	0	0	0	0	0	0	0	0	
44.366400	8	3	3	0	1	2	2	3964	675	50	2663	1	0	0	0	0	0	0	0	0	0	0	0	0	0	0	0	0	
45.354233	8	3	3	0	1	2	2	3969	675	50	2722	1	0	0	0	0	0	0	0	0	0	0	0	0	0	0	0	0	
46.359367	8	3	3	0	1	2	2	3974	674	50	2782	1	0	0	0	0	0	0	0	0	0	0	0	0	0	0	0	0	
47.364483	8	3	3	0	1	2	2	3978	674	50	2843	1	0	0	0	0	0	0	0	0	0	0	0	0	0	0	0	0	
48.350883	8	3	3	0	1	2	2	3983	672	50	2902	1	0	0	0	0	0	0	0	0	0	0	0	0	0	0	0	0	
49.356000	8	3	3	0	1	2	2	3988	675	50	2962	1	0	0	0	0	0	0	0	0	0	0	0	0	0	0	0	0	
50.362567	8	3	3	0	1	2	2	3993	675	50	3022	1	0	0	0	0	0	0	0	0	0	0	0	0	0	0	0	0	
51.367683	8	3	3	0	1	2	2	3998	674	50	3083	1	0	0	0	0	0	0	0	0	0	0	0	0	0	0	0	0	
52.354083	8	3	3	0	1	2	2	4003	674	47	3142	1	0	0	0	0	0	0	0	0	0	0	0	0	0	0	0	0	
53.359200	8	3	3	0	1	2	2	4009	674	47	3202	1	0	0	0	0	0	0	0	0	0	0	0	0	0	0	0	0	
54.364317	8	3	3	0	1	2	2	4014	675	50	3263	1	0	0	0	0	0	0	0	0	0	0	0	0	0	0	0	0	
55.352167	8	3	3	0	1	2	2	4020	675	50	3322	1	0	0	0	0	0	0	0	0	0	0	0	0	0	0	0	0	
56.357283	8	3	3	0	1	2	2	4025	674	50	3382	1	0	0	0	0	0	0	0	0	0	0	0	0	0	0	0	0	
57.362400	8	3	3	0	1	2	2	4031	674	50	3442	1	0	0	0	0	0	0	0	0	0	0	0	0	0	0	0	0	
58.367517	8	3	3	0	1	2	2	4036	675	50	3503	1	0	0	0	0	0	0	0	0	0	0	0	0	0	0	0	0	
59.353917	8	3	3	0	1	2	2	4043	675	50	3562	1	0	0	0	0	0	0	0	0	0	0	0	0	0	0	0	0	
60.359033	8	3	3	0	1	2	2	4048	675	50	3622	1	0	0	0	0	0	0	0	0	0	0	0	0	0	0	0	0	
61.365600	8	3	3	0	1	2	2	4055	674	50	3682	1	0	0	0	0	0	0	0	0	0	0	0	0	0	0	0	0	
62.353433	8	3	3	0	1	2	2	4061	675	50	3742	1	0	0	0	0	0	0	0	0	0	0	0	0	0	0	0	0	
63.358567	8	3	3	0	1	2	2	4067	673	50	3802	1	0	0	0	0	0	0	0	0	0	0	0	0	0	0	0	0	
64.365117	8	3	3	0	1	2	2	4073	674	50	3862	1	0	0	0	0	0	0	0	0	0	0	0	0	0	0	0	0	
65.351517	8	3	3	0	1	2	2	4079	674	50	3922	1	0	0	0	0	0	0	0	0	0	0	0	0	0	0	0	0	
66.356633	8	3	3	0	1	2	2	4086	674	50	3982	1	0	0	0	0	0	0	0	0	0	0	0	0	0	0	0	0	
67.361767	8	3	3	0	1	2	2	4093	675	50	4042	1	0	0	0	0	0	0	0	0	0	0	0	0	0	0	0	0	
68.366883	8	3	3	0	1	2	2	4099	675	50	4103	1	0	0	0	0	0	0	0	0	0	0	0	0	0	0	0	0	
69.354717	8	3	3	0	1	2	2	4106	675	50	4162	1	0	0	0	0	0	0	0	0	0	0	0	0	0	0	0	0	
70.359833	8	3	3	0	1	2	2	4113	674	50	4222	1	0	0	0	0	0	0	0	0	0	0	0	0	0	0	0	0	
71.364967	8	3	3	0	1	2	2	4119	666	50	4282	1	0	0	0	0	0	0	0	0	0	0	0	0	0	0	0	0	
72.351367	8	3	3	0	1	2	2	4125	666	50	4342	1	0	0	0	0	0	0	0	0	0	0	0	0	0	0	0	0	
73.356483	8	3	3	0	1	2	2	4132	664	50	4402	1	0	0	0	0	0	0	0	0	0	0	0	0	0	0	0	0	
74.361600	8	3	3	0	1	2	2	4139	663	50	4462	1	0	0	0	0	0	0	0	0	0	0	0	0	0	0	0	0	
75.368167	8	3	3	0	1	2	2	4146	661	50	4523	1	0	0	0	0	0	0	0	0	0	0	0	0	0	0	0	0	
76.354567	8	3	3	0	1	2	2	4153	661	50	4582	1	0	0	0	0	0	0	0	0	0	0	0	0	0	0	0	0	
77.359683	8	3	3	0	1	2	2	4160	659	50	4642	1	0	0	0	0	0	0	0	0	0	0	0	0	0	0	0	0	
78.364800	8	3	3	0	1	2	2	4167	658	50	4702	1	0	0	0	0	0	0	0	0	0	0	0	0	0	0	0	0	
79.369917	8	3	3	0	1	2	2	4175	657	50	4763	1	0	0	0	0	0	0	0	0	0	0	0	0	0	0	0	0	
80.356317	8	3	3	0	1	2	2	4182	657	50	4822	1	0	0	0	0	0	0	0	0	0	0	0	0	0	0	0	0	
81.362883	8	3	3	0	1	2	2	4190	655	50	4882	1	0	0	0	0	0	0	0	0	0	0	0	0	0	0	0	0	
82.368000	8	3	3	0	1	2	2	4197	654	50	4943	1	0	0	0	0	0	0	0	0	0	0	0	0	0	0	0	0	
83.354400	8	3	3	0	1	2	2	4199	603	50	5002	1	0	0	0	0	0	0	0	0	0	0	0	0	0	0	0	0	
84.359517	8	3	3	0	1	2	2	4198	551	50	5062	1	0	0	0	0	0	0	0	0	0	0	0	0	0	0	0	0	
85.366083	8	3	3	0	1	2	2	4198	506	50	5122	1	0	0	0	0	0	0	0	0	0	0	0	0	0	0	0	0	
86.371200	8	3	3	0	1	2	2	4199	468	50	5183	1	0	0	0	0	0	0	0	0	0	0	0	0	0	0	0	0	
87.357600	8	3	3	0	1	2	2	4199	434	50	5242	1	0	0	0	0	0	0	0	0	0	0	0	0	0	0	0	0	
88.362717	8	3	3	0	1	2	2	4198	401	50	5302	1	0	0	0	0	0	0	0	0	0	0	0	0	0	0	0	0	
89.367833	8	3	3	0	1	2	2	4199	371	50	5363	1	0	0	0	0	0	0	0	0	0	0	0	0	0	0	0	0	
90.354233	8	3	3	0	1	2	2	4199	344	50	5422	1	0	0	0	0	0	0	0	0	0	0	0	0	0	0	0	0	
91.360800	8	3	3	0	1	2	2	4199	320	50	5482	1	0	0	0	0	0	0	0	0	0	0	0	0	0	0	0	0	
92.365917	8	3	3	0	1	2	2	4199	297	49	5542	1	0	0	0	0	0	0	0	0	0	0	0	0	0	0	0	0	
93.371033	8	3	3	0	1	2	2	4199	276	49	5603	1	0	0	0	0	0	0	0	0	0	0	0	0	0	0	0	0	
94.357433	8	3	3	0	1	2	2	4199	258	50	5662	1	0	0	0	0	0	0	0	0	0	0	0	0	0	0	0	0	
95.364000	8	3	3	0	1	2	2	4198	240	49	5722	1	0	0	0	0	0	0	0	0	0	0	0	0	0	0	0	0	
96.369117	8	3	3	0	1	2	2	4198	223	49	5783	1	0	0	0	0	0	0	0	0	0	0	0	0	0	0	0	0	
97.355517	8	3	3	0	1	2	2	4199	209	49	5842	1	0	0	0	0	0	0	0	0	0	0	0	0	0	0	0	0	
98.360633	8	3	3	0	1	2	2	4199	194	50	5902	1	0	0	0	0	0	0	0	0	0	0	0	0	0	0	0	0	
99.365767	8	3	3	0	1	2	2	4198	181	49	5962	1	0	0	0	0	0	0	0	0	0	0	0	0	0	0	0	0	
100.370883	8	3	3	0	1	2	2	4199	169	49	6023	1	0	0	0	0	0	0	0	0	0	0	0	0	0	0	0	0	
101.358717	8	3	3	0	1	2	2	4198	158	49	6082	1	0	0	0	0	0	0	0	0	0	0	0	0	0	0	0	0	
102.363833	8	3	3	0	1	2	2	4199	147	49	6142	1	0	0	0	0	0	0	0	0	0	0	0	0	0	0	0	0	
103.368967	8	3	3	0	1	2	2	4199	139	49	6203	1	0	0	0	0	0	0	0	0	0	0	0	0	0	0	0	0	
104.355367	8	3	3	0	1	2	2	4199	130	49	6262	1	0	0	0	0	0	0	0	0	0	0	0	0	0	0	0	0	
105.360483	8	3	3	0	1	2	2	4199	122	49	6322	1	0	0	0	0	0	0	0	0	0	0	0	0	0	0	0	0	
106.367033	8	3	3	0	1	2	2	4199	113	49	6382	1	0	0	0	0	0	0	0	0	0	0	0	0	0	0	0	0	
107.372167	8	3	3	0	1	2	2	4199	108	49	6443	1	0	0	0	0	0	0	0	0	0	0	0	0	0	0	0	0	
108.358567	8	3	3	0	1	2	2	4199	100	49	6502	1	0	0	0	0	0	0	0	0	0	0	0	0	0	0	0	0	
109.363683	8	3	3	0	1	2	2	4199	98	49	6562	1	0	0	0	0	0	0	0	0	0	0	0	0	0	0	0	0	
110.368800	8	3	3	0	1	2	2	4199	88	49	6623	1	0	0	0	0	0	0	0	0	0	0	0	0	0	0	0	0	
111.356633	8	3	3	0	1	2	2	4199	85	49	6682	1	0	0	0	0	0	0	0	0	0	0	0	0	0	0	0	0	
112.361767	8	3	3	0	1	2	2	4199	81	49	6742	1	0	0	0	0	0	0	0	0	0	0	0	0	0	0	0	0	
113.366883	8	3	3	0	1	2	2	4199	74	49	6802	1	0	0	0	0	0	0	0	0	0	0	0	0	0	0	0	0	
114.372000	8	3	3	0	1	2	2	4199	72	49	6863	1	0	0	0	0	0	0	0	0	0	0	0	0	0	0	0	0	
115.208633	8	6	3	0	2	7	1	4069	-1350	49	6913	1	1	0	0	0	0	0	0	0	0	0	0	0	0	0	0	0	
115.361283	8	6	3	0	2	7	1	4049	-1349	49	6922	1	1	0	0	0	0	0	0	0	0	0	0	0	0	0	0	0	
116.366400	8	6	3	0	2	7	1	4007	-1349	49	6982	1	1	1	0	0	0	0	0	0	0	0	0	0	0	0	0	0	
117.371517	8	6	3	0	2	7	1	3983	-1350	49	7043	1	1	3	0	0	0	0	0	0	0	0	0	0	0	0	0	0	
118.357917	8	6	3	0	2	7	1	3962	-1349	49	7102	1	1	5	0	0	0	0	0	0	0	0	0	0	0	0	0	0	
119.363033	8	6	3	0	2	7	1	3942	-1350	49	7162	1	1	6	0	0	0	0	0	0	0	0	0	0	0	0	0	0	
120.369600	8	6	3	0	2	7	1	3923	-1350	49	7222	1	1	8	0	0	0	0	0	0	0	0	0	0	0	0	0	0	
121.356000	8	6	3	0	2	7	1	3904	-1350	49	7282	1	1	10	0	0	0	0	0	0	0	0	0	0	0	0	0	0	
122.361117	8	6	3	0	2	7	1	3886	-1349	49	7342	1	1	11	0	0	0	0	0	0	0	0	0	0	0	0	0	0	
123.366233	8	6	3	0	2	7	1	3868	-1348	49	7402	1	1	13	0	0	0	0	0	0	0	0	0	0	0	0	0	0	
124.374233	8	6	3	0	2	7	1	3850	-1349	49	7463	1	1	15	0	0	0	0	0	0	0	0	0	0	0	0	0	0	
125.360633	8	6	3	0	2	7	1	3834	-1351	49	7522	1	1	16	0	0	0	0	0	0	0	0	0	0	0	0	0	0	
126.365767	8	6	3	0	2	7	1	3818	-1350	49	7582	1	1	18	0	0	0	0	0	0	0	0	0	0	0	0	0	0	
127.370883	8	6	3	0	2	7	1	3802	-1349	49	7643	1	1	20	0	0	0	0	0	0	0	0	0	0	0	0	0	0	
128.357283	8	6	3	0	2	7	1	3787	-1350	49	7702	1	1	21	0	0	0	0	0	0	0	0	0	0	0	0	0	0	
129.363833	8	6	3	0	2	7	1	3772	-1350	49	7762	1	1	23	0	0	0	0	0	0	0	0	0	0	0	0	0	0	
130.371833	8	6	3	0	2	7	1	3758	-1349	49	7823	1	1	25	0	0	0	0	0	0	0	0	0	0	0	0	0	0	
131.358233	8	6	3	0	2	7	1	3744	-1350	49	7882	1	1	26	0	0	0	0	0	0	0	0	0	0	0	0	0	0	
132.364800	8	6	3	0	2	7	1	3730	-1350	49	7942	1	1	28	0	0	0	0	0	0	0	0	0	0	0	0	0	0	
133.369917	8	6	3	0	2	7	1	3717	-1349	49	8002	1	1	30	0	0	0	0	0	0	0	0	0	0	0	0	0	0	
134.356317	8	6	3	0	2	7	1	3705	-1351	50	8062	1	1	31	0	0	0	0	0	0	0	0	0	0	0	0	0	0	
135.361433	8	6	3	0	2	7	1	3692	-1350	49	8122	1	1	33	0	0	0	0	0	0	0	0	0	0	0	0	0	0	
136.368000	8	6	3	0	2	7	1	3680	-1348	50	8182	1	1	34	0	0	0	0	0	0	0	0	0	0	0	0	0	0	
137.374567	8	6	3	0	2	7	1	3669	-1349	49	8243	1	1	36	0	0	0	0	0	0	0	0	0	0	0	0	0	0	
138.360967	8	6	3	0	2	7	1	3658	-1349	49	8302	1	1	38	0	0	0	0	0	0	0	0	0	0	0	0	0	0	
139.366083	8	6	3	0	2	7	1	3647	-1350	49	8362	1	1	39	0	0	0	0	0	0	0	0	0	0	0	0	0	0	
140.372633	8	6	3	0	2	7	1	3637	-1349	49	8423	1	1	41	0	0	0	0	0	0	0	0	0	0	0	0	0	0	
141.359033	8	6	3	0	2	7	1	3627	-1349	49	8482	1	1	43	0	0	0	0	0	0	0	0	0	0	0	0	0	0	
142.364167	8	6	3	0	2	7	1	3618	-1349	49	8542	1	1	44	0	0	0	0	0	0	0	0	0	0	0	0	0	0	
143.369283	8	6	3	0	2	7	1	3608	-1349	49	8602	1	1	46	0	0	0	0	0	0	0	0	0	0	0	0	0	0	
144.374400	8	6	3	0	2	7	1	3599	-1350	49	8663	1	1	48	0	0	0	0	0	0	0	0	0	0	0	0	0	0	
145.360800	8	6	3	0	2	7	1	3591	-1350	49	8722	1	1	49	0	0	0	0	0	0	0	0	0	0	0	0	0	0	
146.365917	8	6	3	0	2	7	1	3582	-1349	49	8782	1	1	51	0	0	0	0	0	0	0	0	0	0	0	0	0	0	
147.372483	8	6	3	0	2	7	1	3575	-1350	49	8843	1	1	53	0	0	0	0	0	0	0	0	0	0	0	0	0	0	
148.358883	8	6	3	0	2	7	1	3567	-1350	49	8902	1	1	54	0	0	0	0	0	0	0	0	0	0	0	0	0	0	
149.364000	8	6	3	0	2	7	1	3559	-1349	49	8962	1	1	56	0	0	0	0	0	0	0	0	0	0	0	0	0	0	
150.369117	8	6	3	0	2	7	1	3552	-1350	49	9022	1	1	58	0	0	0	0	0	0	0	0	0	0	0	0	0	0	
151.374233	8	6	3	0	2	7	1	3544	-1348	49	9083	1	1	59	0	0	0	0	0	0	0	0	0	0	0	0	0	0	
152.362083	8	6	3	0	2	7	1	3536	-1348	49	9142	1	1	61	0	0	0	0	0	0	0	0	0	0	0	0	0	0	
153.367200	8	6	3	0	2	7	1	3527	-1351	49	9202	1	1	62	0	0	0	0	0	0	0	0	0	0	0	0	0	0	
154.372317	8	6	3	0	2	7	1	3517	-1350	49	9263	1	1	64	0	0	0	0	0	0	0	0	0	0	0	0	0	0	
155.358717	8	6	3	0	2	7	1	3507	-1349	49	9322	1	1	66	0	0	0	0	0	0	0	0	0	0	0	0	0	0	
156.363833	8	6	3	0	2	7	1	3495	-1349	49	9382	1	1	67	0	0	0	0	0	0	0	0	0	0	0	0	0	0	
157.368967	8	6	3	0	2	7	1	3482	-1348	49	9442	1	1	69	0	0	0	0	0	0	0	0	0	0	0	0	0	0	
158.375517	8	6	3	0	2	7	1	3465	-1349	49	9503	1	1	71	0	0	0	0	0	0	0	0	0	0	0	0	0	0	
159.361917	8	6	3	0	2	7	1	3444	-1350	49	9562	1	1	72	0	0	0	0	0	0	0	0	0	0	0	0	0	0	
160.367033	8	6	3	0	2	7	1	3415	-1350	49	9622	1	1	74	0	0	0	0	0	0	0	0	0	0	0	0	0	0	
161.372167	8	6	3	0	2	7	1	3369	-1350	49	9682	1	1	76	0	0	0	0	0	0	0	0	0	0	0	0	0	0	
162.358567	8	6	3	0	2	7	1	3289	-1349	49	9742	1	1	77	0	0	0	0	0	0	0	0	0	0	0	0	0	0	
163.365117	8	6	3	0	2	7	1	3132	-1351	49	9802	1	1	79	0	0	0	0	0	0	0	0	0	0	0	0	0	0	
164.370233	8	6	3	0	2	7	1	2691	-1351	49	9862	1	1	81	0	0	0	0	0	0	0	0	0	0	0	0	0	0	
164.433600	8	15	3	0	1	31	2	2887	68	49	9866	2	1	81	0	0	0	0	0	0	0	0	0	0	0	0	0	0	
164.455200	8	4	3	0	1	3	2	2935	65	49	9867	2	1	81	0	0	0	0	0	0	0	0	0	0	0	0	0	0	
164.512800	8	3	3	0	1	2	2	3105	677	49	9871	3	1	81	0	0	0	0	0	0	0	0	0	0	0	0	0	0	
165.362400	8	3	3	0	1	2	2	3484	675	49	9922	3	1	81	0	0	0	0	0	0	0	0	0	0	0	0	0	0	
166.367517	8	3	3	0	1	2	2	3601	676	49	9982	3	1	81	0	0	0	0	0	0	0	0	0	0	0	0	0	0	
167.372633	8	3	3	0	1	2	2	3667	674	50	10042	3	1	81	0	0	0	0	0	0	0	0	0	0	0	0	0	0	
168.360483	8	3	3	0	1	2	2	3710	674	49	10102	3	1	81	0	0	0	0	0	0	0	0	0	0	0	0	0	0	
169.365600	8	3	3	0	1	2	2	3737	674	49	10162	3	1	81	0	0	0	0	0	0	0	0	0	0	0	0	0	0	
170.370717	8	3	3	0	1	2	2	3753	674	49	10222	3	1	81	0	0	0	0	0	0	0	0	0	0	0	0	0	0	
171.375833	8	3	3	0	1	2	2	3762	675	49	10283	3	1	81	0	0	0	0	0	0	0	0	0	0	0	0	0	0	
172.362233	8	3	3	0	1	2	2	3769	674	49	10342	3	1	81	0	0	0	0	0	0	0	0	0	0	0	0	0	0	
173.368800	8	3	3	0	1	2	2	3775	675	49	10402	3	1	81	0	0	0	0	0	0	0	0	0	0	0	0	0	0	
174.373917	8	3	3	0	1	2	2	3781	674	49	10462	3	1	81	0	0	0	0	0	0	0	0	0	0	0	0	0	0	
175.360317	8	3	3	0	1	2	2	3787	675	49	10522	3	1	81	0	0	0	0	0	0	0	0	0	0	0	0	0	0	
176.365433	8	3	3	0	1	2	2	3793	674	49	10582	3	1	81	0	0	0	0	0	0	0	0	0	0	0	0	0	0	
177.370567	8	3	3	0	1	2	2	3799	673	49	10642	3	1	81	0	0	0	0	0	0	0	0	0	0	0	0	0	0	
178.375683	8	3	3	0	1	2	2	3806	675	49	10703	3	1	81	0	0	0	0	0	0	0	0	0	0	0	0	0	0	
179.363517	8	3	3	0	1	2	2	3812	674	49	10762	3	1	81	0	0	0	0	0	0	0	0	0	0	0	0	0	0	
180.368633	8	3	3	0	1	2	2	3819	675	49	10822	3	1	81	0	0	0	0	0	0	0	0	0	0	0	0	0	0	
181.373767	8	3	3	0	1	2	2	3826	675	49	10882	3	1	81	0	0	0	0	0	0	0	0	0	0	0	0	0	0	
182.360167	8	3	3	0	1	2	2	3832	674	49	10942	3	1	81	0	0	0	0	0	0	0	0	0	0	0	0	0	0	
183.365283	8	3	3	0	1	2	2	3838	674	49	11002	3	1	81	0	0	0	0	0	0	0	0	0	0	0	0	0	0	
184.370400	8	3	3	0	1	2	2	3844	674	49	11062	3	1	81	0	0	0	0	0	0	0	0	0	0	0	0	0	0	
185.376967	8	3	3	0	1	2	2	3849	676	49	11123	3	1	81	0	0	0	0	0	0	0	0	0	0	0	0	0	0	
186.363367	8	3	3	0	1	2	2	3854	675	49	11182	3	1	81	0	0	0	0	0	0	0	0	0	0	0	0	0	0	
187.368483	8	3	3	0	1	2	2	3858	675	49	11242	3	1	81	0	0	0	0	0	0	0	0	0	0	0	0	0	0	
188.373600	8	3	3	0	1	2	2	3863	675	49	11302	3	1	81	0	0	0	0	0	0	0	0	0	0	0	0	0	0	
189.360000	8	3	3	0	1	2	2	3867	674	49	11362	3	1	81	0	0	0	0	0	0	0	0	0	0	0	0	0	0	
190.365117	8	3	3	0	1	2	2	3871	675	49	11422	3	1	81	0	0	0	0	0	0	0	0	0	0	0	0	0	0	
191.371683	8	3	3	0	1	2	2	3875	675	49	11482	3	1	81	0	0	0	0	0	0	0	0	0	0	0	0	0	0	
192.376800	8	3	3	0	1	2	2	3878	674	49	11543	3	1	81	0	0	0	0	0	0	0	0	0	0	0	0	0	0	
193.363200	8	3	3	0	1	2	2	3882	675	49	11602	3	1	81	0	0	0	0	0	0	0	0	0	0	0	0	0	0	
194.368317	8	3	3	0	1	2	2	3886	675	49	11662	3	1	81	0	0	0	0	0	0	0	0	0	0	0	0	0	0	
195.373433	8	3	3	0	1	2	2	3889	674	49	11722	3	1	81	0	0	0	0	0	0	0	0	0	0	0	0	0	0	
196.361283	8	3	3	0	1	2	2	3893	674	49	11782	3	1	81	0	0	0	0	0	0	0	0	0	0	0	0	0	0	
197.366400	8	3	3	0	1	2	2	3896	674	49	11842	3	1	81	0	0	0	0	0	0	0	0	0	0	0	0	0	0	
198.371517	8	3	3	0	1	2	2	3900	674	49	11902	3	1	81	0	0	0	0	0	0	0	0	0	0	0	0	0	0	
199.376633	8	3	3	0	1	2	2	3904	675	49	11963	3	1	81	0	0	0	0	0	0	0	0	0	0	0	0	0	0	
200.363033	8	3	3	0	1	2	2	3907	674	49	12022	3	1	81	0	0	0	0	0	0	0	0	0	0	0	0	0	0	
201.369600	8	3	3	0	1	2	2	3911	674	49	12082	3	1	81	0	0	0	0	0	0	0	0	0	0	0	0	0	0	
202.374717	8	3	3	0	1	2	2	3915	674	49	12142	3	1	81	0	0	0	0	0	0	0	0	0	0	0	0	0	0	
203.379833	8	3	3	0	1	2	2	3919	675	49	12203	3	1	81	0	0	0	0	0	0	0	0	0	0	0	0	0	0	
204.370567	8	3	3	0	1	2	2	3922	674	49	12262	3	1	81	0	0	0	0	0	0	0	0	0	0	0	0	0	0	
205.375683	8	3	3	0	1	2	2	3926	676	49	12322	3	1	81	0	0	0	0	0	0	0	0	0	0	0	0	0	0	
206.362083	8	3	3	0	1	2	2	3930	674	49	12382	3	1	81	0	0	0	0	0	0	0	0	0	0	0	0	0	0	
207.367200	8	3	3	0	1	2	2	3934	674	49	12442	3	1	81	0	0	0	0	0	0	0	0	0	0	0	0	0	0	
208.372317	8	3	3	0	1	2	2	3938	673	49	12502	3	1	81	0	0	0	0	0	0	0	0	0	0	0	0	0	0	
209.378883	8	3	3	0	1	2	2	3942	675	49	12563	3	1	81	0	0	0	0	0	0	0	0	0	0	0	0	0	0	
210.365283	8	3	3	0	1	2	2	3946	673	49	12622	3	1	81	0	0	0	0	0	0	0	0	0	0	0	0	0	0	
211.370400	8	3	3	0	1	2	2	3951	676	49	12682	3	1	81	0	0	0	0	0	0	0	0	0	0	0	0	0	0	
212.375517	8	3	3	0	1	2	2	3955	675	49	12742	3	1	81	0	0	0	0	0	0	0	0	0	0	0	0	0	0	
213.361917	8	3	3	0	1	2	2	3960	675	49	12802	3	1	81	0	0	0	0	0	0	0	0	0	0	0	0	0	0	
214.367033	8	3	3	0	1	2	2	3964	675	49	12862	3	1	81	0	0	0	0	0	0	0	0	0	0	0	0	0	0	
215.373600	8	3	3	0	1	2	2	3969	674	49	12922	3	1	81	0	0	0	0	0	0	0	0	0	0	0	0	0	0	
216.378717	8	3	3	0	1	2	2	3974	674	49	12983	3	1	81	0	0	0	0	0	0	0	0	0	0	0	0	0	0	
217.365117	8	3	3	0	1	2	2	3979	675	49	13042	3	1	81	0	0	0	0	0	0	0	0	0	0	0	0	0	0	
218.370233	8	3	3	0	1	2	2	3984	675	49	13102	3	1	81	0	0	0	0	0	0	0	0	0	0	0	0	0	0	
219.375367	8	3	3	0	1	2	2	3989	675	49	13162	3	1	81	0	0	0	0	0	0	0	0	0	0	0	0	0	0	
220.380483	8	3	3	0	1	2	2	3994	675	49	13223	3	1	81	0	0	0	0	0	0	0	0	0	0	0	0	0	0	
221.368317	8	3	3	0	1	2	2	3999	674	50	13282	3	1	81	0	0	0	0	0	0	0	0	0	0	0	0	0	0	
222.373433	8	3	3	0	1	2	2	4005	675	49	13342	3	1	81	0	0	0	0	0	0	0	0	0	0	0	0	0	0	
223.378567	8	3	3	0	1	2	2	4010	675	49	13403	3	1	81	0	0	0	0	0	0	0	0	0	0	0	0	0	0	
224.364967	8	3	3	0	1	2	2	4015	675	49	13462	3	1	81	0	0	0	0	0	0	0	0	0	0	0	0	0	0	
225.370083	8	3	3	0	1	2	2	4021	673	49	13522	3	1	81	0	0	0	0	0	0	0	0	0	0	0	0	0	0	
226.376633	8	3	3	0	1	2	2	4027	675	50	13582	3	1	81	0	0	0	0	0	0	0	0	0	0	0	0	0	0	
227.381767	8	3	3	0	1	2	2	4033	675	49	13643	3	1	81	0	0	0	0	0	0	0	0	0	0	0	0	0	0	
228.368167	8	3	3	0	1	2	2	4038	674	49	13702	3	1	81	0	0	0	0	0	0	0	0	0	0	0	0	0	0	
229.373283	8	3	3	0	1	2	2	4045	674	49	13762	3	1	81	0	0	0	0	0	0	0	0	0	0	0	0	0	0	
230.378400	8	3	3	0	1	2	2	4051	675	49	13823	3	1	81	0	0	0	0	0	0	0	0	0	0	0	0	0	0	
231.364800	8	3	3	0	1	2	2	4057	675	50	13882	3	1	81	0	0	0	0	0	0	0	0	0	0	0	0	0	0	
232.371367	8	3	3	0	1	2	2	4064	675	49	13942	3	1	81	0	0	0	0	0	0	0	0	0	0	0	0	0	0	
233.376483	8	3	3	0	1	2	2	4070	675	50	14002	3	1	81	0	0	0	0	0	0	0	0	0	0	0	0	0	0	
234.381600	8	3	3	0	1	2	2	4076	675	49	14063	3	1	81	0	0	0	0	0	0	0	0	0	0	0	0	0	0	
235.368000	8	3	3	0	1	2	2	4083	675	49	14122	3	1	81	0	0	0	0	0	0	0	0	0	0	0	0	0	0	
236.374567	8	3	3	0	1	2	2	4090	675	50	14182	3	1	81	0	0	0	0	0	0	0	0	0	0	0	0	0	0	
237.379683	8	3	3	0	1	2	2	4096	675	50	14243	3	1	81	0	0	0	0	0	0	0	0	0	0	0	0	0	0	
238.366083	8	3	3	0	1	2	2	4103	675	49	14302	3	1	81	0	0	0	0	0	0	0	0	0	0	0	0	0	0	
239.371200	8	3	3	0	1	2	2	4110	676	49	14362	3	1	81	0	0	0	0	0	0	0	0	0	0	0	0	0	0	
240.376317	8	3	3	0	1	2	2	4116	668	49	14422	3	1	81	0	0	0	0	0	0	0	0	0	0	0	0	0	0	
241.381433	8	3	3	0	1	2	2	4123	665	49	14483	3	1	81	0	0	0	0	0	0	0	0	0	0	0	0	0	0	
242.372167	8	3	3	0	1	2	2	4130	665	49	14542	3	1	81	0	0	0	0	0	0	0	0	0	0	0	0	0	0	
243.377283	8	3	3	0	1	2	2	4137	662	49	14602	3	1	81	0	0	0	0	0	0	0	0	0	0	0	0	0	0	
244.382400	8	3	3	0	1	2	2	4144	662	49	14663	3	1	81	0	0	0	0	0	0	0	0	0	0	0	0	0	0	
245.368800	8	3	3	0	1	2	2	4151	660	50	14722	3	1	81	0	0	0	0	0	0	0	0	0	0	0	0	0	0	
246.375367	8	3	3	0	1	2	2	4158	660	50	14782	3	1	81	0	0	0	0	0	0	0	0	0	0	0	0	0	0	
247.380483	8	3	3	0	1	2	2	4166	658	50	14843	3	1	81	0	0	0	0	0	0	0	0	0	0	0	0	0	0	
248.366883	8	3	3	0	1	2	2	4173	658	49	14902	3	1	81	0	0	0	0	0	0	0	0	0	0	0	0	0	0	
249.374883	8	3	3	0	1	2	2	4180	657	49	14962	3	1	81	0	0	0	0	0	0	0	0	0	0	0	0	0	0	
250.380000	8	3	3	0	1	2	2	4188	654	50	15023	3	1	81	0	0	0	0	0	0	0	0	0	0	0	0	0	0	
251.366400	8	3	3	0	1	2	2	4195	653	50	15082	3	1	81	0	0	0	0	0	0	0	0	0	0	0	0	0	0	
252.371517	8	3	3	0	1	2	2	4199	614	49	15142	3	1	81	0	0	0	0	0	0	0	0	0	0	0	0	0	0	
253.376633	8	3	3	0	1	2	2	4199	561	50	15202	3	1	81	0	0	0	0	0	0	0	0	0	0	0	0	0	0	
254.383200	8	3	3	0	1	2	2	4199	516	50	15263	3	1	81	0	0	0	0	0	0	0	0	0	0	0	0	0	0	
255.369600	8	3	3	0	1	2	2	4199	476	49	15322	3	1	81	0	0	0	0	0	0	0	0	0	0	0	0	0	0	
256.374717	8	3	3	0	1	2	2	4198	440	50	15382	3	1	81	0	0	0	0	0	0	0	0	0	0	0	0	0	0	
257.379833	8	3	3	0	1	2	2	4199	407	50	15442	3	1	81	0	0	0	0	0	0	0	0	0	0	0	0	0	0	
258.366233	8	3	3	0	1	2	2	4199	377	49	15502	3	1	81	0	0	0	0	0	0	0	0	0	0	0	0	0	0	
259.372800	8	3	3	0	1	2	2	4199	351	49	15562	3	1	81	0	0	0	0	0	0	0	0	0	0	0	0	0	0	
260.377917	8	3	3	0	1	2	2	4199	324	50	15622	3	1	81	0	0	0	0	0	0	0	0	0	0	0	0	0	0	
261.383033	8	3	3	0	1	2	2	4199	303	50	15683	3	1	81	0	0	0	0	0	0	0	0	0	0	0	0	0	0	
262.369433	8	3	3	0	1	2	2	4199	281	49	15742	3	1	81	0	0	0	0	0	0	0	0	0	0	0	0	0	0	
263.374567	8	3	3	0	1	2	2	4198	261	50	15802	3	1	81	0	0	0	0	0	0	0	0	0	0	0	0	0	0	
264.379683	8	3	3	0	1	2	2	4199	244	50	15862	3	1	81	0	0	0	0	0	0	0	0	0	0	0	0	0	0	
265.367517	8	3	3	0	1	2	2	4198	228	49	15922	3	1	81	0	0	0	0	0	0	0	0	0	0	0	0	0	0	
266.372633	8	3	3	0	1	2	2	4199	211	49	15982	3	1	81	0	0	0	0	0	0	0	0	0	0	0	0	0	0	
267.377767	8	3	3	0	1	2	2	4198	196	49	16042	3	1	81	0	0	0	0	0	0	0	0	0	0	0	0	0	0	
268.382883	8	3	3	0	1	2	2	4199	185	49	16103	3	1	81	0	0	0	0	0	0	0	0	0	0	0	0	0	0	
269.369283	8	3	3	0	1	2	2	4199	172	49	16162	3	1	81	0	0	0	0	0	0	0	0	0	0	0	0	0	0	
270.375833	8	3	3	0	1	2	2	4199	160	50	16222	3	1	81	0	0	0	0	0	0	0	0	0	0	0	0	0	0	
271.380967	8	3	3	0	1	2	2	4199	151	49	16282	3	1	81	0	0	0	0	0	0	0	0	0	0	0	0	0	0	
272.367367	8	3	3	0	1	2	2	4199	141	49	16342	3	1	81	0	0	0	0	0	0	0	0	0	0	0	0	0	0	
273.372483	8	3	3	0	1	2	2	4199	131	49	16402	3	1	81	0	0	0	0	0	0	0	0	0	0	0	0	0	0	
274.377600	8	3	3	0	1	2	2	4198	123	49	16462	3	1	81	0	0	0	0	0	0	0	0	0	0	0	0	0	0	
275.384167	8	3	3	0	1	2	2	4199	116	49	16523	3	1	81	0	0	0	0	0	0	0	0	0	0	0	0	0	0	
276.370567	8	3	3	0	1	2	2	4199	108	50	16582	3	1	81	0	0	0	0	0	0	0	0	0	0	0	0	0	0	
277.375683	8	3	3	0	1	2	2	4199	102	49	16642	3	1	81	0	0	0	0	0	0	0	0	0	0	0	0	0	0	
278.380800	8	3	3	0	1	2	2	4199	96	49	16702	3	1	81	0	0	0	0	0	0	0	0	0	0	0	0	0	0	
279.367200	8	3	3	0	1	2	2	4198	89	50	16762	3	1	81	0	0	0	0	0	0	0	0	0	0	0	0	0	0	
280.372317	8	3	3	0	1	2	2	4199	85	49	16822	3	1	81	0	0	0	0	0	0	0	0	0	0	0	0	0	0	
281.378883	8	3	3	0	1	2	2	4198	78	50	16882	3	1	81	0	0	0	0	0	0	0	0	0	0	0	0	0	0	
282.384000	8	3	3	0	1	2	2	4199	76	49	16943	3	1	81	0	0	0	0	0	0	0	0	0	0	0	0	0	0	
283.370400	8	3	3	0	1	2	2	4199	70	49	17002	3	1	81	0	0	0	0	0	0	0	0	0	0	0	0	0	0	
284.130717	8	6	3	0	2	7	1	4067	-1350	50	17047	3	2	0	0	0	0	0	0	0	0	0	0	0	0	0	0	0	
284.376967	8	6	3	0	2	7	1	4040	-1350	50	17062	3	2	0	0	0	0	0	0	0	0	0	0	0	0	0	0	0	
285.383517	8	6	3	0	2	7	1	4001	-1349	50	17123	3	2	2	0	0	0	0	0	0	0	0	0	0	0	0	0	0	
286.369917	8	6	3	0	2	7	1	3978	-1351	49	17182	3	2	3	0	0	0	0	0	0	0	0	0	0	0	0	0	0	
287.375033	8	6	3	0	2	7	1	3956	-1349	50	17242	3	2	5	0	0	0	0	0	0	0	0	0	0	0	0	0	0	
288.380167	8	6	3	0	2	7	1	3936	-1350	50	17302	3	2	7	0	0	0	0	0	0	0	0	0	0	0	0	0	0	
289.385283	8	6	3	0	2	7	1	3916	-1348	49	17363	3	2	8	0	0	0	0	0	0	0	0	0	0	0	0	0	0	
290.371683	8	6	3	0	2	7	1	3898	-1350	50	17422	3	2	10	0	0	0	0	0	0	0	0	0	0	0	0	0	0	
291.378233	8	6	3	0	2	7	1	3879	-1349	49	17482	3	2	11	0	0	0	0	0	0	0	0	0	0	0	0	0	0	
292.383367	8	6	3	0	2	7	1	3861	-1351	50	17542	3	2	13	0	0	0	0	0	0	0	0	0	0	0	0	0	0	
293.369767	8	6	3	0	2	7	1	3845	-1350	50	17602	3	2	15	0	0	0	0	0	0	0	0	0	0	0	0	0	0	
294.374883	8	6	3	0	2	7	1	3828	-1349	50	17662	3	2	16	0	0	0	0	0	0	0	0	0	0	0	0	0	0	
295.380000	8	6	3	0	2	7	1	3811	-1349	50	17722	3	2	18	0	0	0	0	0	0	0	0	0	0	0	0	0	0	
296.385117	8	6	3	0	2	7	1	3795	-1350	50	17783	3	2	20	0	0	0	0	0	0	0	0	0	0	0	0	0	0	
297.372967	8	6	3	0	2	7	1	3781	-1350	49	17842	3	2	21	0	0	0	0	0	0	0	0	0	0	0	0	0	0	
298.378083	8	6	3	0	2	7	1	3766	-1350	49	17902	3	2	23	0	0	0	0	0	0	0	0	0	0	0	0	0	0	
299.383200	8	6	3	0	2	7	1	3752	-1349	50	17962	3	2	25	0	0	0	0	0	0	0	0	0	0	0	0	0	0	
300.369600	8	6	3	0	2	7	1	3738	-1350	50	18022	3	2	26	0	0	0	0	0	0	0	0	0	0	0	0	0	0	
301.374717	8	6	3	0	2	7	1	3724	-1350	50	18082	3	2	28	0	0	0	0	0	0	0	0	0	0	0	0	0	0	
302.381283	8	6	3	0	2	7	1	3711	-1349	50	18142	3	2	30	0	0	0	0	0	0	0	0	0	0	0	0	0	0	
303.386400	8	6	3	0	2	7	1	3698	-1350	49	18203	3	2	31	0	0	0	0	0	0	0	0	0	0	0	0	0	0	
304.372800	8	6	3	0	2	7	1	3687	-1349	49	18262	3	2	33	0	0	0	0	0	0	0	0	0	0	0	0	0	0	
305.377917	8	6	3	0	2	7	1	3675	-1350	49	18322	3	2	35	0	0	0	0	0	0	0	0	0	0	0	0	0	0	
306.383033	8	6	3	0	2	7	1	3663	-1351	50	18382	3	2	36	0	0	0	0	0	0	0	0	0	0	0	0	0	0	
307.370883	8	6	3	0	2	7	1	3653	-1350	50	18442	3	2	38	0	0	0	0	0	0	0	0	0	0	0	0	0	0	
308.376000	8	6	3	0	2	7	1	3642	-1351	49	18502	3	2	40	0	0	0	0	0	0	0	0	0	0	0	0	0	0	
309.381117	8	6	3	0	2	7	1	3632	-1350	50	18562	3	2	41	0	0	0	0	0	0	0	0	0	0	0	0	0	0	
310.386233	8	6	3	0	2	7	1	3622	-1349	50	18623	3	2	43	0	0	0	0	0	0	0	0	0	0	0	0	0	0	
311.372633	8	6	3	0	2	7	1	3613	-1350	50	18682	3	2	45	0	0	0	0	0	0	0	0	0	0	0	0	0	0	
312.379200	8	6	3	0	2	7	1	3604	-1349	50	18742	3	2	46	0	0	0	0	0	0	0	0	0	0	0	0	0	0	
313.384317	8	6	3	0	2	7	1	3595	-1350	50	18802	3	2	48	0	0	0	0	0	0	0	0	0	0	0	0	0	0	
314.370717	8	6	3	0	2	7	1	3587	-1349	50	18862	3	2	50	0	0	0	0	0	0	0	0	0	0	0	0	0	0	
315.375833	8	6	3	0	2	7	1	3579	-1349	50	18922	3	2	51	0	0	0	0	0	0	0	0	0	0	0	0	0	0	
316.383833	8	6	3	0	2	7	1	3571	-1348	49	18982	3	2	53	0	0	0	0	0	0	0	0	0	0	0	0	0	0	
317.371683	8	6	3	0	2	7	1	3563	-1351	50	19042	3	2	54	0	0	0	0	0	0	0	0	0	0	0	0	0	0	
318.376800	8	6	3	0	2	7	1	3556	-1349	50	19102	3	2	56	0	0	0	0	0	0	0	0	0	0	0	0	0	0	
319.381917	8	6	3	0	2	7	1	3548	-1350	50	19162	3	2	58	0	0	0	0	0	0	0	0	0	0	0	0	0	0	
320.387033	8	6	3	0	2	7	1	3541	-1350	50	19223	3	2	59	0	0	0	0	0	0	0	0	0	0	0	0	0	0	
321.373433	8	6	3	0	2	7	1	3533	-1348	50	19282	3	2	61	0	0	0	0	0	0	0	0	0	0	0	0	0	0	
322.380000	8	6	3	0	2	7	1	3525	-1350	49	19342	3	2	63	0	0	0	0	0	0	0	0	0	0	0	0	0	0	
323.385117	8	6	3	0	2	7	1	3515	-1349	50	19402	3	2	64	0	0	0	0	0	0	0	0	0	0	0	0	0	0	
324.371517	8	6	3	0	2	7	1	3505	-1349	50	19462	3	2	66	0	0	0	0	0	0	0	0	0	0	0	0	0	0	
325.376633	8	6	3	0	2	7	1	3492	-1349	49	19522	3	2	68	0	0	0	0	0	0	0	0	0	0	0	0	0	0	
326.381767	8	6	3	0	2	7	1	3479	-1348	50	19582	3	2	69	0	0	0	0	0	0	0	0	0	0	0	0	0	0	
327.388317	8	6	3	0	2	7	1	3461	-1348	50	19643	3	2	71	0	0	0	0	0	0	0	0	0	0	0	0	0	0	
328.374717	8	6	3	0	2	7	1	3439	-1351	50	19702	3	2	73	0	0	0	0	0	0	0	0	0	0	0	0	0	0	
329.379833	8	6	3	0	2	7	1	3408	-1350	50	19762	3	2	74	0	0	0	0	0	0	0	0	0	0	0	0	0	0	
330.384967	8	6	3	0	2	7	1	3359	-1348	50	19822	3	2	76	0	0	0	0	0	0	0	0	0	0	0	0	0	0	
331.371367	8	6	3	0	2	7	1	3269	-1351	50	19882	3	2	78	0	0	0	0	0	0	0	0	0	0	0	0	0	0	
332.377917	8	6	3	0	2	7	1	3086	-1350	50	19942	3	2	79	0	0	0	0	0	0	0	0	0	0	0	0	0	0	
333.231833	8	15	3	0	1	31	2	2704	16	50	19993	4	2	81	0	0	0	0	0	0	0	0	0	0	0	0	0	0	
333.252000	8	4	3	0	1	3	2	2901	70	50	19994	4	2	81	0	0	0	0	0	0	0	0	0	0	0	0	0	0	
333.311033	8	3	3	0	1	2	2	3021	141	50	19998	5	2	81	0	0	0	0	0	0	0	0	0	0	0	0	0	0	
333.387367	8	3	3	0	1	2	2	3213	674	50	20003	5	2	81	0	0	0	0	0	0	0	0	0	0	0	0	0	0	
334.373767	8	3	3	0	1	2	2	3521	676	50	20062	5	2	81	0	0	0	0	0	0	0	0	0	0	0	0	0	0	
335.378883	8	3	3	0	1	2	2	3621	675	50	20122	5	2	81	0	0	0	0	0	0	0	0	0	0	0	0	0	0	
336.385433	8	3	3	0	1	2	2	3680	675	49	20182	5	2	81	0	0	0	0	0	0	0	0	0	0	0	0	0	0	
337.373283	8	3	3	0	1	2	2	3719	673	50	20242	5	2	81	0	0	0	0	0	0	0	0	0	0	0	0	0	0	
338.378400	8	3	3	0	1	2	2	3742	674	50	20302	5	2	81	0	0	0	0	0	0	0	0	0	0	0	0	0	0	
339.384967	8	3	3	0	1	2	2	3755	674	50	20362	5	2	81	0	0	0	0	0	0	0	0	0	0	0	0	0	0	
340.390083	8	3	3	0	1	2	2	3765	675	49	20423	5	2	81	0	0	0	0	0	0	0	0	0	0	0	0	0	0	
341.376483	8	3	3	0	1	2	2	3771	673	49	20482	5	2	81	0	0	0	0	0	0	0	0	0	0	0	0	0	0	
342.381600	8	3	3	0	1	2	2	3778	675	49	20542	5	2	81	0	0	0	0	0	0	0	0	0	0	0	0	0	0	
343.386717	8	3	3	0	1	2	2	3784	675	49	20603	5	2	81	0	0	0	0	0	0	0	0	0	0	0	0	0	0	
344.374567	8	3	3	0	1	2	2	3790	674	49	20662	5	2	81	0	0	0	0	0	0	0	0	0	0	0	0	0	0	
345.379683	8	3	3	0	1	2	2	3796	675	50	20722	5	2	81	0	0	0	0	0	0	0	0	0	0	0	0	0	0	
346.384800	8	3	3	0	1	2	2	3803	673	50	20782	5	2	81	0	0	0	0	0	0	0	0	0	0	0	0	0	0	
347.389917	8	3	3	0	1	2	2	3810	675	50	20843	5	2	81	0	0	0	0	0	0	0	0	0	0	0	0	0	0	
348.376317	8	3	3	0	1	2	2	3816	674	49	20902	5	2	81	0	0	0	0	0	0	0	0	0	0	0	0	0	0	
349.382883	8	3	3	0	1	2	2	3823	675	50	20962	5	2	81	0	0	0	0	0	0	0	0	0	0	0	0	0	0	
350.388000	8	3	3	0	1	2	2	3829	674	50	21022	5	2	81	0	0	0	0	0	0	0	0	0	0	0	0	0	0	
351.374400	8	3	3	0	1	2	2	3835	674	50	21082	5	2	81	0	0	0	0	0	0	0	0	0	0	0	0	0	0	
352.379517	8	3	3	0	1	2	2	3841	674	50	21142	5	2	81	0	0	0	0	0	0	0	0	0	0	0	0	0	0	
353.384633	8	3	3	0	1	2	2	3847	676	49	21202	5	2	81	0	0	0	0	0	0	0	0	0	0	0	0	0	0	
354.391200	8	3	3	0	1	2	2	3852	675	50	21263	5	2	81	0	0	0	0	0	0	0	0	0	0	0	0	0	0	
355.377600	8	3	3	0	1	2	2	3856	674	50	21322	5	2	81	0	0	0	0	0	0	0	0	0	0	0	0	0	0	
356.382717	8	3	3	0	1	2	2	3861	673	50	21382	5	2	81	0	0	0	0	0	0	0	0	0	0	0	0	0	0	
357.387833	8	3	3	0	1	2	2	3865	675	50	21442	5	2	81	0	0	0	0	0	0	0	0	0	0	0	0	0	0	
358.374233	8	3	3	0	1	2	2	3869	674	50	21502	5	2	81	0	0	0	0	0	0	0	0	0	0	0	0	0	0	
359.379367	8	3	3	0	1	2	2	3873	674	50	21562	5	2	81	0	0	0	0	0	0	0	0	0	0	0	0	0	0	
360.385917	8	3	3	0	1	2	2	3877	676	50	21622	5	2	81	0	0	0	0	0	0	0	0	0	0	0	0	0	0	
361.391033	8	3	3	0	1	2	2	3880	675	50	21683	5	2	81	0	0	0	0	0	0	0	0	0	0	0	0	0	0	
362.377433	8	3	3	0	1	2	2	3884	674	49	21742	5	2	81	0	0	0	0	0	0	0	0	0	0	0	0	0	0	
363.382567	8	3	3	0	1	2	2	3887	675	50	21802	5	2	81	0	0	0	0	0	0	0	0	0	0	0	0	0	0	
364.389117	8	3	3	0	1	2	2	3891	673	49	21862	5	2	81	0	0	0	0	0	0	0	0	0	0	0	0	0	0	
365.375517	8	3	3	0	1	2	2	3894	675	50	21922	5	2	81	0	0	0	0	0	0	0	0	0	0	0	0	0	0	
366.380633	8	3	3	0	1	2	2	3898	674	50	21982	5	2	81	0	0	0	0	0	0	0	0	0	0	0	0	0	0	
367.385767	8	3	3	0	1	2	2	3902	674	50	22042	5	2	81	0	0	0	0	0	0	0	0	0	0	0	0	0	0	
368.390883	8	3	3	0	1	2	2	3905	675	50	22103	5	2	81	0	0	0	0	0	0	0	0	0	0	0	0	0	0	
369.377283	8	3	3	0	1	2	2	3909	676	49	22162	5	2	81	0	0	0	0	0	0	0	0	0	0	0	0	0	0	
370.383833	8	3	3	0	1	2	2	3912	675	49	22222	5	2	81	0	0	0	0	0	0	0	0	0	0	0	0	0	0	
371.388967	8	3	3	0	1	2	2	3916	675	50	22282	5	2	81	0	0	0	0	0	0	0	0	0	0	0	0	0	0	
372.375367	8	3	3	0	1	2	2	3920	674	50	22342	5	2	81	0	0	0	0	0	0	0	0	0	0	0	0	0	0	
373.380483	8	3	3	0	1	2	2	3923	674	50	22402	5	2	81	0	0	0	0	0	0	0	0	0	0	0	0	0	0	
374.385600	8	3	3	0	1	2	2	3927	675	50	22462	5	2	81	0	0	0	0	0	0	0	0	0	0	0	0	0	0	
375.392167	8	3	3	0	1	2	2	3931	676	49	22523	5	2	81	0	0	0	0	0	0	0	0	0	0	0	0	0	0	
376.378567	8	3	3	0	1	2	2	3935	675	50	22582	5	2	81	0	0	0	0	0	0	0	0	0	0	0	0	0	0	
377.383683	8	3	3	0	1	2	2	3940	675	50	22642	5	2	81	0	0	0	0	0	0	0	0	0	0	0	0	0	0	
378.388800	8	3	3	0	1	2	2	3944	675	50	22702	5	2	81	0	0	0	0	0	0	0	0	0	0	0	0	0	0	
379.375200	8	3	3	0	1	2	2	3948	675	50	22762	5	2	81	0	0	0	0	0	0	0	0	0	0	0	0	0	0	
380.381767	8	3	3	0	1	2	2	3952	675	50	22822	5	2	81	0	0	0	0	0	0	0	0	0	0	0	0	0	0	
381.388317	8	3	3	0	1	2	2	3957	675	50	22882	5	2	81	0	0	0	0	0	0	0	0	0	0	0	0	0	0	
382.393433	8	3	3	0	1	2	2	3962	675	50	22943	5	2	81	0	0	0	0	0	0	0	0	0	0	0	0	0	0	
383.379833	8	3	3	0	1	2	2	3966	674	50	23002	5	2	81	0	0	0	0	0	0	0	0	0	0	0	0	0	0	
384.384967	8	3	3	0	1	2	2	3971	676	50	23062	5	2	81	0	0	0	0	0	0	0	0	0	0	0	0	0	0	
385.390083	8	3	3	0	1	2	2	3976	675	50	23123	5	2	81	0	0	0	0	0	0	0	0	0	0	0	0	0	0	
386.377917	8	3	3	0	1	2	2	3981	675	50	23182	5	2	81	0	0	0	0	0	0	0	0	0	0	0	0	0	0	
387.383033	8	3	3	0	1	2	2	3986	675	50	23242	5	2	81	0	0	0	0	0	0	0	0	0	0	0	0	0	0	
388.388167	8	3	3	0	1	2	2	3991	674	50	23302	5	2	81	0	0	0	0	0	0	0	0	0	0	0	0	0	0	
389.393283	8	3	3	0	1	2	2	3996	674	50	23363	5	2	81	0	0	0	0	0	0	0	0	0	0	0	0	0	0	
390.379683	8	3	3	0	1	2	2	4001	674	50	23422	5	2	81	0	0	0	0	0	0	0	0	0	0	0	0	0	0	
391.386233	8	3	3	0	1	2	2	4007	675	49	23482	5	2	81	0	0	0	0	0	0	0	0	0	0	0	0	0	0	
392.391367	8	3	3	0	1	2	2	4012	674	50	23543	5	2	81	0	0	0	0	0	0	0	0	0	0	0	0	0	0	
393.377767	8	3	3	0	1	2	2	4018	675	50	23602	5	2	81	0	0	0	0	0	0	0	0	0	0	0	0	0	0	
394.382883	8	3	3	0	1	2	2	4024	675	50	23662	5	2	81	0	0	0	0	0	0	0	0	0	0	0	0	0	0	
395.388000	8	3	3	0	1	2	2	4030	674	50	23722	5	2	81	0	0	0	0	0	0	0	0	0	0	0	0	0	0	
396.394567	8	3	3	0	1	2	2	4036	675	50	23783	5	2	81	0	0	0	0	0	0	0	0	0	0	0	0	0	0	
397.380967	8	3	3	0	1	2	2	4041	674	50	23842	5	2	81	0	0	0	0	0	0	0	0	0	0	0	0	0	0	
398.386083	8	3	3	0	1	2	2	4047	674	50	23902	5	2	81	0	0	0	0	0	0	0	0	0	0	0	0	0	0	
399.391200	8	3	3	0	1	2	2	4054	674	50	23962	5	2	81	0	0	0	0	0	0	0	0	0	0	0	0	0	0	
400.377600	8	3	3	0	1	2	2	4059	675	50	24022	5	2	81	0	0	0	0	0	0	0	0	0	0	0	0	0	0	
401.382717	8	3	3	0	1	2	2	4066	674	50	24082	5	2	81	0	0	0	0	0	0	0	0	0	0	0	0	0	0	
402.389283	8	3	3	0	1	2	2	4072	674	50	24142	5	2	81	0	0	0	0	0	0	0	0	0	0	0	0	0	0	
403.394400	8	3	3	0	1	2	2	4079	675	50	24203	5	2	81	0	0	0	0	0	0	0	0	0	0	0	0	0	0	
404.380800	8	3	3	0	1	2	2	4086	675	50	24262	5	2	81	0	0	0	0	0	0	0	0	0	0	0	0	0	0	
405.385917	8	3	3	0	1	2	2	4093	673	50	24322	5	2	81	0	0	0	0	0	0	0	0	0	0	0	0	0	0	
406.391033	8	3	3	0	1	2	2	4099	675	50	24382	5	2	81	0	0	0	0	0	0	0	0	0	0	0	0	0	0	
407.377433	8	3	3	0	1	2	2	4106	675	50	24442	5	2	81	0	0	0	0	0	0	0	0	0	0	0	0	0	0	
408.384000	8	3	3	0	1	2	2	4113	675	49	24502	5	2	81	0	0	0	0	0	0	0	0	0	0	0	0	0	0	
409.389117	8	3	3	0	1	2	2	4119	666	50	24562	5	2	81	0	0	0	0	0	0	0	0	0	0	0	0	0	0	
410.394233	8	3	3	0	1	2	2	4126	664	50	24623	5	2	81	0	0	0	0	0	0	0	0	0	0	0	0	0	0	
411.380633	8	3	3	0	1	2	2	4133	662	50	24682	5	2	81	0	0	0	0	0	0	0	0	0	0	0	0	0	0	
412.385767	8	3	3	0	1	2	2	4140	661	50	24742	5	2	81	0	0	0	0	0	0	0	0	0	0	0	0	0	0	
413.392317	8	3	3	0	1	2	2	4147	660	50	24802	5	2	81	0	0	0	0	0	0	0	0	0	0	0	0	0	0	
414.378717	8	3	3	0	1	2	2	4154	659	49	24862	5	2	81	0	0	0	0	0	0	0	0	0	0	0	0	0	0	
415.383833	8	3	3	0	1	2	2	4162	658	50	24922	5	2	81	0	0	0	0	0	0	0	0	0	0	0	0	0	0	
416.393283	8	3	3	0	1	2	2	4169	657	49	24983	5	2	81	0	0	0	0	0	0	0	0	0	0	0	0	0	0	
417.379683	8	3	3	0	1	2	2	4177	654	49	25042	5	2	81	0	0	0	0	0	0	0	0	0	0	0	0	0	0	
418.384800	8	3	3	0	1	2	2	4184	654	49	25102	5	2	81	0	0	0	0	0	0	0	0	0	0	0	0	0	0	
419.389917	8	3	3	0	1	2	2	4192	653	49	25162	5	2	81	0	0	0	0	0	0	0	0	0	0	0	0	0	0	
420.395033	8	3	3	0	1	2	2	4199	643	50	25223	5	2	81	0	0	0	0	0	0	0	0	0	0	0	0	0	0	
421.382883	8	3	3	0	1	2	2	4199	585	49	25282	5	2	81	0	0	0	0	0	0	0	0	0	0	0	0	0	0	
422.388000	8	3	3	0	1	2	2	4199	537	50	25342	5	2	81	0	0	0	0	0	0	0	0	0	0	0	0	0	0	
423.393117	8	3	3	0	1	2	2	4199	495	49	25402	5	2	81	0	0	0	0	0	0	0	0	0	0	0	0	0	0	
424.379517	8	3	3	0	1	2	2	4199	458	50	25462	5	2	81	0	0	0	0	0	0	0	0	0	0	0	0	0	0	
425.384633	8	3	3	0	1	2	2	4198	424	49	25522	5	2	81	0	0	0	0	0	0	0	0	0	0	0	0	0	0	
426.391200	8	3	3	0	1	2	2	4199	391	50	25582	5	2	81	0	0	0	0	0	0	0	0	0	0	0	0	0	0	
427.396317	8	3	3	0	1	2	2	4198	363	50	25643	5	2	81	0	0	0	0	0	0	0	0	0	0	0	0	0	0	
428.382717	8	3	3	0	1	2	2	4199	338	49	25702	5	2	81	0	0	0	0	0	0	0	0	0	0	0	0	0	0	
429.387833	8	3	3	0	1	2	2	4198	313	49	25762	5	2	81	0	0	0	0	0	0	0	0	0	0	0	0	0	0	
430.392967	8	3	3	0	1	2	2	4199	291	49	25822	5	2	81	0	0	0	0	0	0	0	0	0	0	0	0	0	0	
431.380800	8	3	3	0	1	2	2	4199	271	49	25882	5	2	81	0	0	0	0	0	0	0	0	0	0	0	0	0	0	
432.385917	8	3	3	0	1	2	2	4199	252	49	25942	5	2	81	0	0	0	0	0	0	0	0	0	0	0	0	0	0	
433.391033	8	3	3	0	1	2	2	4199	235	49	26002	5	2	81	0	0	0	0	0	0	0	0	0	0	0	0	0	0	
434.397600	8	3	3	0	1	2	2	4198	220	50	26063	5	2	81	0	0	0	0	0	0	0	0	0	0	0	0	0	0	
435.385433	8	3	3	0	1	2	2	4199	205	49	26122	5	2	81	0	0	0	0	0	0	0	0	0	0	0	0	0	0	
436.390567	8	3	3	0	1	2	2	4199	191	49	26182	5	2	81	0	0	0	0	0	0	0	0	0	0	0	0	0	0	
437.395683	8	3	3	0	1	2	2	4199	178	49	26243	5	2	81	0	0	0	0	0	0	0	0	0	0	0	0	0	0	
438.382083	8	3	3	0	1	2	2	4199	167	50	26302	5	2	81	0	0	0	0	0	0	0	0	0	0	0	0	0	0	
439.387200	8	3	3	0	1	2	2	4199	156	50	26362	5	2	81	0	0	0	0	0	0	0	0	0	0	0	0	0	0	
440.393767	8	3	3	0	1	2	2	4198	144	49	26422	5	2	81	0	0	0	0	0	0	0	0	0	0	0	0	0	0	
441.380167	8	3	3	0	1	2	2	4199	135	49	26482	5	2	81	0	0	0	0	0	0	0	0	0	0	0	0	0	0	
442.385283	8	3	3	0	1	2	2	4199	127	49	26542	5	2	81	0	0	0	0	0	0	0	0	0	0	0	0	0	0	
443.390400	8	3	3	0	1	2	2	4199	119	49	26602	5	2	81	0	0	0	0	0	0	0	0	0	0	0	0	0	0	
444.395517	8	3	3	0	1	2	2	4199	111	49	26663	5	2	81	0	0	0	0	0	0	0	0	0	0	0	0	0	0	
445.383367	8	3	3	0	1	2	2	4199	105	49	26722	5	2	81	0	0	0	0	0	0	0	0	0	0	0	0	0	0	
446.388483	8	3	3	0	1	2	2	4199	98	49	26782	5	2	81	0	0	0	0	0	0	0	0	0	0	0	0	0	0	
447.393600	8	3	3	0	1	2	2	4199	93	49	26842	5	2	81	0	0	0	0	0	0	0	0	0	0	0	0	0	0	
448.398717	8	3	3	0	1	2	2	4199	87	49	26903	5	2	81	0	0	0	0	0	0	0	0	0	0	0	0	0	0	
449.385117	8	3	3	0	1	2	2	4199	81	50	26962	5	2	81	0	0	0	0	0	0	0	0	0	0	0	0	0	0	
450.391683	8	3	3	0	1	2	2	4199	77	49	27022	5	2	81	0	0	0	0	0	0	0	0	0	0	0	0	0	0	
451.396800	8	3	3	0	1	2	2	4199	72	50	27083	5	2	81	0	0	0	0	0	0	0	0	0	0	0	0	0	0	
452.383200	8	3	3	0	1	2	2	4199	69	49	27142	5	2	81	0	0	0	0	0	0	0	0	0	0	0	0	0	0	
452.672633	8	6	3	0	2	7	1	4065	-1349	49	27159	5	3	0	0	0	0	0	0	0	0	0	0	0	0	0	0	0	
453.389767	8	6	3	0	2	7	1	4015	-1349	49	27202	5	3	1	0	0	0	0	0	0	0	0	0	0	0	0	0	0	
454.396317	8	6	3	0	2	7	1	3987	-1349	49	27262	5	3	2	0	0	0	0	0	0	0	0	0	0	0	0	0	0	
455.382717	8	6	3	0	2	7	1	3965	-1349	49	27322	5	3	4	0	0	0	0	0	0	0	0	0	0	0	0	0	0	
456.387833	8	6	3	0	2	7	1	3944	-1350	49	27382	5	3	6	0	0	0	0	0	0	0	0	0	0	0	0	0	0	
457.392967	8	6	3	0	2	7	1	3924	-1350	49	27442	5	3	7	0	0	0	0	0	0	0	0	0	0	0	0	0	0	
458.398083	8	6	3	0	2	7	1	3905	-1348	49	27503	5	3	9	0	0	0	0	0	0	0	0	0	0	0	0	0	0	
459.384483	8	6	3	0	2	7	1	3887	-1349	50	27562	5	3	11	0	0	0	0	0	0	0	0	0	0	0	0	0	0	
460.391033	8	6	3	0	2	7	1	3869	-1349	49	27622	5	3	12	0	0	0	0	0	0	0	0	0	0	0	0	0	0	
461.396167	8	6	3	0	2	7	1	3851	-1350	49	27682	5	3	14	0	0	0	0	0	0	0	0	0	0	0	0	0	0	
462.382567	8	6	3	0	2	7	1	3834	-1348	50	27742	5	3	16	0	0	0	0	0	0	0	0	0	0	0	0	0	0	
463.387683	8	6	3	0	2	7	1	3817	-1350	49	27802	5	3	17	0	0	0	0	0	0	0	0	0	0	0	0	0	0	
464.392800	8	6	3	0	2	7	1	3802	-1349	49	27862	5	3	19	0	0	0	0	0	0	0	0	0	0	0	0	0	0	
465.399367	8	6	3	0	2	7	1	3786	-1350	49	27923	5	3	21	0	0	0	0	0	0	0	0	0	0	0	0	0	0	
466.385767	8	6	3	0	2	7	1	3771	-1349	49	27982	5	3	22	0	0	0	0	0	0	0	0	0	0	0	0	0	0	
467.390883	8	6	3	0	2	7	1	3757	-1351	49	28042	5	3	24	0	0	0	0	0	0	0	0	0	0	0	0	0	0	
468.396000	8	6	3	0	2	7	1	3742	-1351	50	28102	5	3	26	0	0	0	0	0	0	0	0	0	0	0	0	0	0	
469.382400	8	6	3	0	2	7	1	3729	-1349	50	28162	5	3	27	0	0	0	0	0	0	0	0	0	0	0	0	0	0	
470.387517	8	6	3	0	2	7	1	3716	-1349	49	28222	5	3	29	0	0	0	0	0	0	0	0	0	0	0	0	0	0	
471.394083	8	6	3	0	2	7	1	3703	-1350	49	28282	5	3	31	0	0	0	0	0	0	0	0	0	0	0	0	0	0	
472.399200	8	6	3	0	2	7	1	3691	-1351	49	28343	5	3	32	0	0	0	0	0	0	0	0	0	0	0	0	0	0	
473.385600	8	6	3	0	2	7	1	3679	-1348	50	28402	5	3	34	0	0	0	0	0	0	0	0	0	0	0	0	0	0	
474.390717	8	6	3	0	2	7	1	3667	-1349	50	28462	5	3	36	0	0	0	0	0	0	0	0	0	0	0	0	0	0	
475.395833	8	6	3	0	2	7	1	3656	-1349	50	28522	5	3	37	0	0	0	0	0	0	0	0	0	0	0	0	0	0	
476.382233	8	6	3	0	2	7	1	3646	-1350	50	28582	5	3	39	0	0	0	0	0	0	0	0	0	0	0	0	0	0	
477.388800	8	6	3	0	2	7	1	3635	-1349	49	28642	5	3	40	0	0	0	0	0	0	0	0	0	0	0	0	0	0	
478.393917	8	6	3	0	2	7	1	3626	-1350	49	28702	5	3	42	0	0	0	0	0	0	0	0	0	0	0	0	0	0	
479.399033	8	6	3	0	2	7	1	3616	-1350	50	28763	5	3	44	0	0	0	0	0	0	0	0	0	0	0	0	0	0	
480.385433	8	6	3	0	2	7	1	3607	-1349	50	28822	5	3	45	0	0	0	0	0	0	0	0	0	0	0	0	0	0	
481.390567	8	6	3	0	2	7	1	3598	-1349	49	28882	5	3	47	0	0	0	0	0	0	0	0	0	0	0	0	0	0	
482.397117	8	6	3	0	2	7	1	3589	-1350	49	28942	5	3	49	0	0	0	0	0	0	0	0	0	0	0	0	0	0	
483.383517	8	6	3	0	2	7	1	3582	-1349	49	29002	5	3	50	0	0	0	0	0	0	0	0	0	0	0	0	0	0	
484.388633	8	6	3	0	2	7	1	3573	-1350	50	29062	5	3	52	0	0	0	0	0	0	0	0	0	0	0	0	0	0	
485.393767	8	6	3	0	2	7	1	3566	-1350	49	29122	5	3	54	0	0	0	0	0	0	0	0	0	0	0	0	0	0	
486.384483	8	6	3	0	2	7	1	3559	-1349	49	29182	5	3	55	0	0	0	0	0	0	0	0	0	0	0	0	0	0	
487.389600	8	6	3	0	2	7	1	3551	-1349	49	29242	5	3	57	0	0	0	0	0	0	0	0	0	0	0	0	0	0	
488.394717	8	6	3	0	2	7	1	3544	-1350	49	29302	5	3	59	0	0	0	0	0	0	0	0	0	0	0	0	0	0	
489.399833	8	6	3	0	2	7	1	3536	-1350	49	29363	5	3	60	0	0	0	0	0	0	0	0	0	0	0	0	0	0	
490.386233	8	6	3	0	2	7	1	3527	-1350	49	29422	5	3	62	0	0	0	0	0	0	0	0	0	0	0	0	0	0	
491.392800	8	6	3	0	2	7	1	3519	-1349	49	29482	5	3	64	0	0	0	0	0	0	0	0	0	0	0	0	0	0	
492.397917	8	6	3	0	2	7	1	3508	-1348	49	29542	5	3	65	0	0	0	0	0	0	0	0	0	0	0	0	0	0	
493.384317	8	6	3	0	2	7	1	3497	-1349	50	29602	5	3	67	0	0	0	0	0	0	0	0	0	0	0	0	0	0	
494.389433	8	6	3	0	2	7	1	3484	-1350	49	29662	5	3	69	0	0	0	0	0	0	0	0	0	0	0	0	0	0	
495.394567	8	6	3	0	2	7	1	3468	-1350	49	29722	5	3	70	0	0	0	0	0	0	0	0	0	0	0	0	0	0	
496.399683	8	6	3	0	2	7	1	3448	-1349	50	29783	5	3	72	0	0	0	0	0	0	0	0	0	0	0	0	0	0	
497.387517	8	6	3	0	2	7	1	3422	-1350	50	29842	5	3	73	0	0	0	0	0	0	0	0	0	0	0	0	0	0	
498.392633	8	6	3	0	2	7	1	3381	-1351	49	29902	5	3	75	0	0	0	0	0	0	0	0	0	0	0	0	0	0	
499.397767	8	6	3	0	2	7	1	3312	-1350	50	29962	5	3	77	0	0	0	0	0	0	0	0	0	0	0	0	0	0	
500.384167	8	6	3	0	2	7	1	3176	-1349	50	30022	5	3	78	0	0	0	0	0	0	0	0	0	0	0	0	0	0	
501.389283	8	6	3	0	2	7	1	2838	-1350	49	30082	5	3	80	0	0	0	0	0	0	0	0	0	0	0	0	0	0	
501.661433	8	15	3	0	1	31	2	2902	70	49	30098	6	3	81	0	0	0	0	0	0	0	0	0	0	0	0	0	0	
501.681600	8	4	3	0	1	3	2	2954	69	49	30099	6	3	81	0	0	0	0	0	0	0	0	0	0	0	0	0	0	
501.724800	8	3	3	0	1	2	2	3114	677	49	30102	7	3	81	0	0	0	0	0	0	0	0	0	0	0	0	0	0	
502.385767	8	3	3	0	1	2	2	3462	675	50	30142	7	3	81	0	0	0	0	0	0	0	0	0	0	0	0	0	0	
503.390883	8	3	3	0	1	2	2	3595	675	49	30202	7	3	81	0	0	0	0	0	0	0	0	0	0	0	0	0	0	
504.396000	8	3	3	0	1	2	2	3665	675	49	30262	7	3	81	0	0	0	0	0	0	0	0	0	0	0	0	0	0	
505.401117	8	3	3	0	1	2	2	3710	676	49	30323	7	3	81	0	0	0	0	0	0	0	0	0	0	0	0	0	0	
506.387517	8	3	3	0	1	2	2	3737	674	49	30382	7	3	81	0	0	0	0	0	0	0	0	0	0	0	0	0	0	
507.394083	8	3	3	0	1	2	2	3753	675	49	30442	7	3	81	0	0	0	0	0	0	0	0	0	0	0	0	0	0	
508.399200	8	3	3	0	1	2	2	3763	674	49	30502	7	3	81	0	0	0	0	0	0	0	0	0	0	0	0	0	0	
509.385600	8	3	3	0	1	2	2	3770	676	49	30562	7	3	81	0	0	0	0	0	0	0	0	0	0	0	0	0	0	
510.390717	8	3	3	0	1	2	2	3777	675	49	30622	7	3	81	0	0	0	0	0	0	0	0	0	0	0	0	0	0	
511.395833	8	3	3	0	1	2	2	3783	674	49	30682	7	3	81	0	0	0	0	0	0	0	0	0	0	0	0	0	0	
512.402400	8	3	3	0	1	2	2	3790	676	49	30743	7	3	81	0	0	0	0	0	0	0	0	0	0	0	0	0	0	
513.388800	8	3	3	0	1	2	2	3796	675	49	30802	7	3	81	0	0	0	0	0	0	0	0	0	0	0	0	0	0	
514.393917	8	3	3	0	1	2	2	3803	673	49	30862	7	3	81	0	0	0	0	0	0	0	0	0	0	0	0	0	0	
515.399033	8	3	3	0	1	2	2	3809	674	49	30922	7	3	81	0	0	0	0	0	0	0	0	0	0	0	0	0	0	
516.385433	8	3	3	0	1	2	2	3816	675	49	30982	7	3	81	0	0	0	0	0	0	0	0	0	0	0	0	0	0	
517.390567	8	3	3	0	1	2	2	3823	674	49	31042	7	3	81	0	0	0	0	0	0	0	0	0	0	0	0	0	0	
518.397117	8	3	3	0	1	2	2	3830	675	49	31102	7	3	81	0	0	0	0	0	0	0	0	0	0	0	0	0	0	
519.402233	8	3	3	0	1	2	2	3836	675	49	31163	7	3	81	0	0	0	0	0	0	0	0	0	0	0	0	0	0	
520.388633	8	3	3	0	1	2	2	3842	673	49	31222	7	3	81	0	0	0	0	0	0	0	0	0	0	0	0	0	0	
521.393767	8	3	3	0	1	2	2	3847	675	49	31282	7	3	81	0	0	0	0	0	0	0	0	0	0	0	0	0	0	
522.400317	8	3	3	0	1	2	2	3852	675	49	31342	7	3	81	0	0	0	0	0	0	0	0	0	0	0	0	0	0	
523.386717	8	3	3	0	1	2	2	3857	675	49	31402	7	3	81	0	0	0	0	0	0	0	0	0	0	0	0	0	0	
524.391833	8	3	3	0	1	2	2	3861	674	49	31462	7	3	81	0	0	0	0	0	0	0	0	0	0	0	0	0	0	
525.396967	8	3	3	0	1	2	2	3865	674	49	31522	7	3	81	0	0	0	0	0	0	0	0	0	0	0	0	0	0	
526.402083	8	3	3	0	1	2	2	3869	674	49	31583	7	3	81	0	0	0	0	0	0	0	0	0	0	0	0	0	0	
527.388483	8	3	3	0	1	2	2	3874	676	49	31642	7	3	81	0	0	0	0	0	0	0	0	0	0	0	0	0	0	
528.395033	8	3	3	0	1	2	2	3877	676	49	31702	7	3	81	0	0	0	0	0	0	0	0	0	0	0	0	0	0	
529.400167	8	3	3	0	1	2	2	3880	674	49	31762	7	3	81	0	0	0	0	0	0	0	0	0	0	0	0	0	0	
530.405283	8	3	3	0	1	2	2	3884	675	49	31823	7	3	81	0	0	0	0	0	0	0	0	0	0	0	0	0	0	
531.391683	8	3	3	0	1	2	2	3888	674	49	31882	7	3	81	0	0	0	0	0	0	0	0	0	0	0	0	0	0	
532.396800	8	3	3	0	1	2	2	3891	675	49	31942	7	3	81	0	0	0	0	0	0	0	0	0	0	0	0	0	0	
533.403367	8	3	3	0	1	2	2	3895	674	49	32003	7	3	81	0	0	0	0	0	0	0	0	0	0	0	0	0	0	
534.389767	8	3	3	0	1	2	2	3898	673	49	32062	7	3	81	0	0	0	0	0	0	0	0	0	0	0	0	0	0	
535.394883	8	3	3	0	1	2	2	3901	674	49	32122	7	3	81	0	0	0	0	0	0	0	0	0	0	0	0	0	0	
536.400000	8	3	3	0	1	2	2	3905	675	49	32182	7	3	81	0	0	0	0	0	0	0	0	0	0	0	0	0	0	
537.405117	8	3	3	0	1	2	2	3908	675	49	32243	7	3	81	0	0	0	0	0	0	0	0	0	0	0	0	0	0	
538.392967	8	3	3	0	1	2	2	3912	674	49	32302	7	3	81	0	0	0	0	0	0	0	0	0	0	0	0	0	0	
539.398083	8	3	3	0	1	2	2	3916	674	49	32362	7	3	81	0	0	0	0	0	0	0	0	0	0	0	0	0	0	
540.403200	8	3	3	0	1	2	2	3920	675	49	32423	7	3	81	0	0	0	0	0	0	0	0	0	0	0	0	0	0	
541.389600	8	3	3	0	1	2	2	3923	675	49	32482	7	3	81	0	0	0	0	0	0	0	0	0	0	0	0	0	0	
542.394717	8	3	3	0	1	2	2	3927	675	49	32542	7	3	81	0	0	0	0	0	0	0	0	0	0	0	0	0	0	
543.399833	8	3	3	0	1	2	2	3931	673	49	32602	7	3	81	0	0	0	0	0	0	0	0	0	0	0	0	0	0	
544.406400	8	3	3	0	1	2	2	3935	674	49	32663	7	3	81	0	0	0	0	0	0	0	0	0	0	0	0	0	0	
545.392800	8	3	3	0	1	2	2	3939	674	49	32722	7	3	81	0	0	0	0	0	0	0	0	0	0	0	0	0	0	
546.397917	8	3	3	0	1	2	2	3943	675	49	32782	7	3	81	0	0	0	0	0	0	0	0	0	0	0	0	0	0	
547.403033	8	3	3	0	1	2	2	3947	675	49	32843	7	3	81	0	0	0	0	0	0	0	0	0	0	0	0	0	0	
548.389433	8	3	3	0	1	2	2	3952	674	49	32902	7	3	81	0	0	0	0	0	0	0	0	0	0	0	0	0	0	
549.397433	8	3	3	0	1	2	2	3956	674	49	32962	7	3	81	0	0	0	0	0	0	0	0	0	0	0	0	0	0	
550.402567	8	3	3	0	1	2	2	3961	677	49	33022	7	3	81	0	0	0	0	0	0	0	0	0	0	0	0	0	0	
551.388967	8	3	3	0	1	2	2	3965	675	49	33082	7	3	81	0	0	0	0	0	0	0	0	0	0	0	0	0	0	
552.394083	8	3	3	0	1	2	2	3970	675	49	33142	7	3	81	0	0	0	0	0	0	0	0	0	0	0	0	0	0	
553.399200	8	3	3	0	1	2	2	3975	674	50	33202	7	3	81	0	0	0	0	0	0	0	0	0	0	0	0	0	0	
554.405767	8	3	3	0	1	2	2	3980	674	49	33263	7	3	81	0	0	0	0	0	0	0	0	0	0	0	0	0	0	
555.392167	8	3	3	0	1	2	2	3985	674	49	33322	7	3	81	0	0	0	0	0	0	0	0	0	0	0	0	0	0	
556.397283	8	3	3	0	1	2	2	3990	675	50	33382	7	3	81	0	0	0	0	0	0	0	0	0	0	0	0	0	0	
557.402400	8	3	3	0	1	2	2	3995	674	50	33442	7	3	81	0	0	0	0	0	0	0	0	0	0	0	0	0	0	
558.388800	8	3	3	0	1	2	2	4001	674	49	33502	7	3	81	0	0	0	0	0	0	0	0	0	0	0	0	0	0	
559.395367	8	3	3	0	1	2	2	4006	674	49	33562	7	3	81	0	0	0	0	0	0	0	0	0	0	0	0	0	0	
560.400483	8	3	3	0	1	2	2	4011	674	49	33622	7	3	81	0	0	0	0	0	0	0	0	0	0	0	0	0	0	
561.405600	8	3	3	0	1	2	2	4017	675	50	33683	7	3	81	0	0	0	0	0	0	0	0	0	0	0	0	0	0	
562.392000	8	3	3	0	1	2	2	4023	674	49	33742	7	3	81	0	0	0	0	0	0	0	0	0	0	0	0	0	0	
563.397117	8	3	3	0	1	2	2	4029	674	49	33802	7	3	81	0	0	0	0	0	0	0	0	0	0	0	0	0	0	
564.402233	8	3	3	0	1	2	2	4034	674	49	33862	7	3	81	0	0	0	0	0	0	0	0	0	0	0	0	0	0	
565.390083	8	3	3	0	1	2	2	4040	674	49	33922	7	3	81	0	0	0	0	0	0	0	0	0	0	0	0	0	0	
566.395200	8	3	3	0	1	2	2	4047	673	50	33982	7	3	81	0	0	0	0	0	0	0	0	0	0	0	0	0	0	
567.400317	8	3	3	0	1	2	2	4053	676	50	34042	7	3	81	0	0	0	0	0	0	0	0	0	0	0	0	0	0	
568.405433	8	3	3	0	1	2	2	4059	674	49	34103	7	3	81	0	0	0	0	0	0	0	0	0	0	0	0	0	0	
569.391833	8	3	3	0	1	2	2	4065	674	49	34162	7	3	81	0	0	0	0	0	0	0	0	0	0	0	0	0	0	
570.396967	8	3	3	0	1	2	2	4072	675	50	34222	7	3	81	0	0	0	0	0	0	0	0	0	0	0	0	0	0	
571.403517	8	3	3	0	1	2	2	4078	675	49	34282	7	3	81	0	0	0	0	0	0	0	0	0	0	0	0	0	0	
572.408633	8	3	3	0	1	2	2	4085	674	50	34343	7	3	81	0	0	0	0	0	0	0	0	0	0	0	0	0	0	
573.395033	8	3	3	0	1	2	2	4092	674	49	34402	7	3	81	0	0	0	0	0	0	0	0	0	0	0	0	0	0	
574.400167	8	3	3	0	1	2	2	4098	674	50	34462	7	3	81	0	0	0	0	0	0	0	0	0	0	0	0	0	0	
575.405283	8	3	3	0	1	2	2	4106	674	50	34523	7	3	81	0	0	0	0	0	0	0	0	0	0	0	0	0	0	
576.391683	8	3	3	0	1	2	2	4112	675	50	34582	7	3	81	0	0	0	0	0	0	0	0	0	0	0	0	0	0	
577.398233	8	3	3	0	1	2	2	4118	667	50	34642	7	3	81	0	0	0	0	0	0	0	0	0	0	0	0	0	0	
578.403367	8	3	3	0	1	2	2	4126	666	50	34702	7	3	81	0	0	0	0	0	0	0	0	0	0	0	0	0	0	
579.408483	8	3	3	0	1	2	2	4133	665	49	34763	7	3	81	0	0	0	0	0	0	0	0	0	0	0	0	0	0	
580.394883	8	3	3	0	1	2	2	4140	665	50	34822	7	3	81	0	0	0	0	0	0	0	0	0	0	0	0	0	0	
581.400000	8	3	3	0	1	2	2	4147	663	50	34882	7	3	81	0	0	0	0	0	0	0	0	0	0	0	0	0	0	
582.406567	8	3	3	0	1	2	2	4154	662	50	34943	7	3	81	0	0	0	0	0	0	0	0	0	0	0	0	0	0	
583.392967	8	3	3	0	1	2	2	4161	661	50	35002	7	3	81	0	0	0	0	0	0	0	0	0	0	0	0	0	0	
584.398083	8	3	3	0	1	2	2	4169	660	50	35062	7	3	81	0	0	0	0	0	0	0	0	0	0	0	0	0	0	
585.403200	8	3	3	0	1	2	2	4176	660	50	35122	7	3	81	0	0	0	0	0	0	0	0	0	0	0	0	0	0	
586.408317	8	3	3	0	1	2	2	4184	658	50	35183	7	3	81	0	0	0	0	0	0	0	0	0	0	0	0	0	0	
587.396167	8	3	3	0	1	2	2	4192	657	50	35242	7	3	81	0	0	0	0	0	0	0	0	0	0	0	0	0	0	
588.401283	8	3	3	0	1	2	2	4198	647	50	35302	7	3	81	0	0	0	0	0	0	0	0	0	0	0	0	0	0	
589.406400	8	3	3	0	1	2	2	4199	588	50	35363	7	3	81	0	0	0	0	0	0	0	0	0	0	0	0	0	0	
590.392800	8	3	3	0	1	2	2	4198	539	50	35422	7	3	81	0	0	0	0	0	0	0	0	0	0	0	0	0	0	
591.397917	8	3	3	0	1	2	2	4199	498	50	35482	7	3	81	0	0	0	0	0	0	0	0	0	0	0	0	0	0	
592.404483	8	3	3	0	1	2	2	4198	460	50	35542	7	3	81	0	0	0	0	0	0	0	0	0	0	0	0	0	0	
593.409600	8	3	3	0	1	2	2	4199	426	50	35603	7	3	81	0	0	0	0	0	0	0	0	0	0	0	0	0	0	
594.396000	8	3	3	0	1	2	2	4199	394	50	35662	7	3	81	0	0	0	0	0	0	0	0	0	0	0	0	0	0	
595.401117	8	3	3	0	1	2	2	4199	365	50	35722	7	3	81	0	0	0	0	0	0	0	0	0	0	0	0	0	0	
596.406233	8	3	3	0	1	2	2	4198	339	50	35782	7	3	81	0	0	0	0	0	0	0	0	0	0	0	0	0	0	
597.392633	8	3	3	0	1	2	2	4199	315	50	35842	7	3	81	0	0	0	0	0	0	0	0	0	0	0	0	0	0	
598.399200	8	3	3	0	1	2	2	4199	293	50	35902	7	3	81	0	0	0	0	0	0	0	0	0	0	0	0	0	0	
599.404317	8	3	3	0	1	2	2	4198	272	50	35962	7	3	81	0	0	0	0	0	0	0	0	0	0	0	0	0	0	
600.409433	8	3	3	0	1	2	2	4198	254	50	36023	7	3	81	0	0	0	0	0	0	0	0	0	0	0	0	0	0	
601.395833	8	3	3	0	1	2	2	4199	236	50	36082	7	3	81	0	0	0	0	0	0	0	0	0	0	0	0	0	0	
602.400967	8	3	3	0	1	2	2	4198	220	50	36142	7	3	81	0	0	0	0	0	0	0	0	0	0	0	0	0	0	
603.407517	8	3	3	0	1	2	2	4198	205	50	36202	7	3	81	0	0	0	0	0	0	0	0	0	0	0	0	0	0	
604.393917	8	3	3	0	1	2	2	4199	191	50	36262	7	3	81	0	0	0	0	0	0	0	0	0	0	0	0	0	0	
605.399033	8	3	3	0	1	2	2	4198	178	50	36322	7	3	81	0	0	0	0	0	0	0	0	0	0	0	0	0	0	
606.404167	8	3	3	0	1	2	2	4198	167	50	36382	7	3	81	0	0	0	0	0	0	0	0	0	0	0	0	0	0	
607.409283	8	3	3	0	1	2	2	4199	155	50	36443	7	3	81	0	0	0	0	0	0	0	0	0	0	0	0	0	0	
608.395683	8	3	3	0	1	2	2	4199	147	50	36502	7	3	81	0	0	0	0	0	0	0	0	0	0	0	0	0	0	
609.402233	8	3	3	0	1	2	2	4199	137	50	36562	7	3	81	0	0	0	0	0	0	0	0	0	0	0	0	0	0	
610.407367	8	3	3	0	1	2	2	4198	128	50	36622	7	3	81	0	0	0	0	0	0	0	0	0	0	0	0	0	0	
611.393767	8	3	3	0	1	2	2	4198	120	50	36682	7	3	81	0	0	0	0	0	0	0	0	0	0	0	0	0	0	
612.398883	8	3	3	0	1	2	2	4199	113	50	36742	7	3	81	0	0	0	0	0	0	0	0	0	0	0	0	0	0	
613.405433	8	3	3	0	1	2	2	4199	105	50	36802	7	3	81	0	0	0	0	0	0	0	0	0	0	0	0	0	0	
614.410567	8	3	3	0	1	2	2	4198	100	50	36863	7	3	81	0	0	0	0	0	0	0	0	0	0	0	0	0	0	
615.396967	8	3	3	0	1	2	2	4199	94	50	36922	7	3	81	0	0	0	0	0	0	0	0	0	0	0	0	0	0	
616.402083	8	3	3	0	1	2	2	4199	87	50	36982	7	3	81	0	0	0	0	0	0	0	0	0	0	0	0	0	0	
617.407200	8	3	3	0	1	2	2	4198	82	50	37042	7	3	81	0	0	0	0	0	0	0	0	0	0	0	0	0	0	
618.393600	8	3	3	0	1	2	2	4199	77	50	37102	7	3	81	0	0	0	0	0	0	0	0	0	0	0	0	0	0	
619.400167	8	3	3	0	1	2	2	4198	73	50	37162	7	3	81	0	0	0	0	0	0	0	0	0	0	0	0	0	0	
620.405283	8	3	3	0	1	2	2	4198	69	50	37222	7	3	81	0	0	0	0	0	0	0	0	0	0	0	0	0	0	
620.939517	8	6	3	0	2	7	1	4067	-1349	50	37254	7	4	0	0	0	0	0	0	0	0	0	0	0	0	0	0	0	
621.411833	8	6	3	0	2	7	1	4025	-1350	50	37283	7	4	0	0	0	0	0	0	0	0	0	0	0	0	0	0	0	
622.398233	8	6	3	0	2	7	1	3992	-1350	50	37342	7	4	2	0	0	0	0	0	0	0	0	0	0	0	0	0	0	
623.403367	8	6	3	0	2	7	1	3969	-1351	50	37402	7	4	4	0	0	0	0	0	0	0	0	0	0	0	0	0	0	
624.411367	8	6	3	0	2	7	1	3948	-1348	50	37463	7	4	5	0	0	0	0	0	0	0	0	0	0	0	0	0	0	
625.397767	8	6	3	0	2	7	1	3928	-1350	50	37522	7	4	7	0	0	0	0	0	0	0	0	0	0	0	0	0	0	
626.405767	8	6	3	0	2	7	1	3909	-1350	50	37582	7	4	8	0	0	0	0	0	0	0	0	0	0	0	0	0	0	
627.410883	8	6	3	0	2	7	1	3890	-1349	50	37643	7	4	10	0	0	0	0	0	0	0	0	0	0	0	0	0	0	
628.397283	8	6	3	0	2	7	1	3872	-1347	50	37702	7	4	12	0	0	0	0	0	0	0	0	0	0	0	0	0	0	
629.406717	8	6	3	0	2	7	1	3854	-1350	50	37762	7	4	13	0	0	0	0	0	0	0	0	0	0	0	0	0	0	
630.411833	8	6	3	0	2	7	1	3837	-1348	50	37823	7	4	15	0	0	0	0	0	0	0	0	0	0	0	0	0	0	
631.398233	8	6	3	0	2	7	1	3820	-1349	50	37882	7	4	17	0	0	0	0	0	0	0	0	0	0	0	0	0	0	
632.403367	8	6	3	0	2	7	1	3804	-1349	50	37942	7	4	18	0	0	0	0	0	0	0	0	0	0	0	0	0	0	
633.408483	8	6	3	0	2	7	1	3788	-1349	50	38002	7	4	20	0	0	0	0	0	0	0	0	0	0	0	0	0	0	
634.396317	8	6	3	0	2	7	1	3773	-1351	50	38062	7	4	22	0	0	0	0	0	0	0	0	0	0	0	0	0	0	
635.401433	8	6	3	0	2	7	1	3759	-1350	50	38122	7	4	23	0	0	0	0	0	0	0	0	0	0	0	0	0	0	
636.406567	8	6	3	0	2	7	1	3744	-1351	50	38182	7	4	25	0	0	0	0	0	0	0	0	0	0	0	0	0	0	
637.411683	8	6	3	0	2	7	1	3730	-1350	50	38243	7	4	27	0	0	0	0	0	0	0	0	0	0	0	0	0	0	
638.398083	8	6	3	0	2	7	1	3717	-1351	50	38302	7	4	28	0	0	0	0	0	0	0	0	0	0	0	0	0	0	
639.404633	8	6	3	0	2	7	1	3705	-1350	50	38362	7	4	30	0	0	0	0	0	0	0	0	0	0	0	0	0	0	
640.409767	8	6	3	0	2	7	1	3692	-1350	50	38422	7	4	32	0	0	0	0	0	0	0	0	0	0	0	0	0	0	
641.396167	8	6	3	0	2	7	1	3680	-1347	50	38482	7	4	33	0	0	0	0	0	0	0	0	0	0	0	0	0	0	
642.401283	8	6	3	0	2	7	1	3669	-1351	50	38542	7	4	35	0	0	0	0	0	0	0	0	0	0	0	0	0	0	
643.406400	8	6	3	0	2	7	1	3657	-1348	50	38602	7	4	37	0	0	0	0	0	0	0	0	0	0	0	0	0	0	
644.412967	8	6	3	0	2	7	1	3647	-1350	50	38663	7	4	38	0	0	0	0	0	0	0	0	0	0	0	0	0	0	
645.399367	8	6	3	0	2	7	1	3637	-1351	50	38722	7	4	40	0	0	0	0	0	0	0	0	0	0	0	0	0	0	
646.404483	8	6	3	0	2	7	1	3627	-1348	50	38782	7	4	42	0	0	0	0	0	0	0	0	0	0	0	0	0	0	
647.409600	8	6	3	0	2	7	1	3617	-1348	50	38842	7	4	43	0	0	0	0	0	0	0	0	0	0	0	0	0	0	
648.396000	8	6	3	0	2	7	1	3608	-1348	50	38902	7	4	45	0	0	0	0	0	0	0	0	0	0	0	0	0	0	
649.402567	8	6	3	0	2	7	1	3599	-1350	50	38962	7	4	47	0	0	0	0	0	0	0	0	0	0	0	0	0	0	
650.407683	8	6	3	0	2	7	1	3591	-1352	50	39022	7	4	48	0	0	0	0	0	0	0	0	0	0	0	0	0	0	
651.412800	8	6	3	0	2	7	1	3582	-1350	50	39083	7	4	50	0	0	0	0	0	0	0	0	0	0	0	0	0	0	
652.399200	8	6	3	0	2	7	1	3575	-1350	50	39142	7	4	52	0	0	0	0	0	0	0	0	0	0	0	0	0	0	
653.404317	8	6	3	0	2	7	1	3567	-1350	50	39202	7	4	53	0	0	0	0	0	0	0	0	0	0	0	0	0	0	
654.410883	8	6	3	0	2	7	1	3559	-1350	50	39262	7	4	55	0	0	0	0	0	0	0	0	0	0	0	0	0	0	
655.397283	8	6	3	0	2	7	1	3553	-1351	50	39322	7	4	57	0	0	0	0	0	0	0	0	0	0	0	0	0	0	
656.402400	8	6	3	0	2	7	1	3545	-1350	50	39382	7	4	58	0	0	0	0	0	0	0	0	0	0	0	0	0	0	
657.407517	8	6	3	0	2	7	1	3537	-1349	50	39442	7	4	60	0	0	0	0	0	0	0	0	0	0	0	0	0	0	
658.412633	8	6	3	0	2	7	1	3529	-1349	50	39503	7	4	62	0	0	0	0	0	0	0	0	0	0	0	0	0	0	
659.399033	8	6	3	0	2	7	1	3520	-1350	50	39562	7	4	63	0	0	0	0	0	0	0	0	0	0	0	0	0	0	
660.405600	8	6	3	0	2	7	1	3510	-1351	50	39622	7	4	65	0	0	0	0	0	0	0	0	0	0	0	0	0	0	
661.410717	8	6	3	0	2	7	1	3499	-1349	50	39682	7	4	67	0	0	0	0	0	0	0	0	0	0	0	0	0	0	
662.397117	8	6	3	0	2	7	1	3486	-1349	50	39742	7	4	68	0	0	0	0	0	0	0	0	0	0	0	0	0	0	
663.402233	8	6	3	0	2	7	1	3471	-1349	50	39802	7	4	70	0	0	0	0	0	0	0	0	0	0	0	0	0	0	
664.407367	8	6	3	0	2	7	1	3451	-1350	50	39862	7	4	71	0	0	0	0	0	0	0	0	0	0	0	0	0	0	
665.413917	8	6	3	0	2	7	1	3425	-1349	50	39923	7	4	73	0	0	0	0	0	0	0	0	0	0	0	0	0	0	
666.400317	8	6	3	0	2	7	1	3388	-1349	50	39982	7	4	75	0	0	0	0	0	0	0	0	0	0	0	0	0	0	
667.405433	8	6	3	0	2	7	1	3325	-1349	50	40042	7	4	76	0	0	0	0	0	0	0	0	0	0	0	0	0	0	
668.410567	8	6	3	0	2	7	1	3198	-1349	50	40102	7	4	78	0	0	0	0	0	0	0	0	0	0	0	0	0	0	
669.396967	8	6	3	0	2	7	1	2919	-1349	50	40162	7	4	80	0	0	0	0	0	0	0	0	0	0	0	0	0	0	
669.800167	8	15	3	0	1	31	2	2883	68	47	40186	8	4	80	0	0	0	0	0	0	0	0	0	0	0	0	0	0	
669.820317	8	4	3	0	1	3	2	2946	68	50	40187	8	4	80	0	0	0	0	0	0	0	0	0	0	0	0	0	0	
669.860633	8	3	3	0	1	2	2	3081	535	50	40189	9	4	80	0	0	0	0	0	0	0	0	0	0	0	0	0	0	
670.407833	8	3	3	0	1	2	2	3440	675	50	40222	9	4	80	0	0	0	0	0	0	0	0	0	0	0	0	0	0	
671.412967	8	3	3	0	1	2	2	3587	674	50	40283	9	4	80	0	0	0	0	0	0	0	0	0	0	0	0	0	0	
672.400800	8	3	3	0	1	2	2	3659	675	50	40342	9	4	80	0	0	0	0	0	0	0	0	0	0	0	0	0	0	
673.405917	8	3	3	0	1	2	2	3706	674	50	40402	9	4	80	0	0	0	0	0	0	0	0	0	0	0	0	0	0	
674.411033	8	3	3	0	1	2	2	3735	675	50	40462	9	4	80	0	0	0	0	0	0	0	0	0	0	0	0	0	0	
675.416167	8	3	3	0	1	2	2	3752	674	50	40523	9	4	80	0	0	0	0	0	0	0	0	0	0	0	0	0	0	
676.402567	8	3	3	0	1	2	2	3761	674	50	40582	9	4	80	0	0	0	0	0	0	0	0	0	0	0	0	0	0	
677.409117	8	3	3	0	1	2	2	3770	676	50	40642	9	4	80	0	0	0	0	0	0	0	0	0	0	0	0	0	0	
678.414233	8	3	3	0	1	2	2	3776	675	50	40703	9	4	80	0	0	0	0	0	0	0	0	0	0	0	0	0	0	
679.400633	8	3	3	0	1	2	2	3783	675	50	40762	9	4	80	0	0	0	0	0	0	0	0	0	0	0	0	0	0	
680.405767	8	3	3	0	1	2	2	3789	675	50	40822	9	4	80	0	0	0	0	0	0	0	0	0	0	0	0	0	0	
681.410883	8	3	3	0	1	2	2	3796	675	50	40882	9	4	80	0	0	0	0	0	0	0	0	0	0	0	0	0	0	
682.416000	8	3	3	0	1	2	2	3803	674	50	40943	9	4	80	0	0	0	0	0	0	0	0	0	0	0	0	0	0	
683.403833	8	3	3	0	1	2	2	3810	676	50	41002	9	4	80	0	0	0	0	0	0	0	0	0	0	0	0	0	0	
684.408967	8	3	3	0	1	2	2	3817	675	50	41062	9	4	80	0	0	0	0	0	0	0	0	0	0	0	0	0	0	
685.414083	8	3	3	0	1	2	2	3823	676	50	41123	9	4	80	0	0	0	0	0	0	0	0	0	0	0	0	0	0	
686.400483	8	3	3	0	1	2	2	3829	674	50	41182	9	4	80	0	0	0	0	0	0	0	0	0	0	0	0	0	0	
687.405600	8	3	3	0	1	2	2	3836	675	50	41242	9	4	80	0	0	0	0	0	0	0	0	0	0	0	0	0	0	
688.410717	8	3	3	0	1	2	2	3841	674	50	41302	9	4	80	0	0	0	0	0	0	0	0	0	0	0	0	0	0	
689.417283	8	3	3	0	1	2	2	3847	675	50	41363	9	4	80	0	0	0	0	0	0	0	0	0	0	0	0	0	0	
690.403683	8	3	3	0	1	2	2	3852	675	50	41422	9	4	80	0	0	0	0	0	0	0	0	0	0	0	0	0	0	
691.408800	8	3	3	0	1	2	2	3856	675	47	41482	9	4	80	0	0	0	0	0	0	0	0	0	0	0	0	0	0	
692.413917	8	3	3	0	1	2	2	3861	674	50	41543	9	4	80	0	0	0	0	0	0	0	0	0	0	0	0	0	0	
693.400317	8	3	3	0	1	2	2	3865	674	47	41602	9	4	80	0	0	0	0	0	0	0	0	0	0	0	0	0	0	
694.405433	8	3	3	0	1	2	2	3869	675	50	41662	9	4	80	0	0	0	0	0	0	0	0	0	0	0	0	0	0	
695.412000	8	3	3	0	1	2	2	3873	674	50	41722	9	4	80	0	0	0	0	0	0	0	0	0	0	0	0	0	0	
696.401283	8	3	3	0	1	2	2	3876	675	50	41782	9	4	80	0	0	0	0	0	0	0	0	0	0	0	0	0	0	
697.407833	8	3	3	0	1	2	2	3880	675	47	41842	9	4	80	0	0	0	0	0	0	0	0	0	0	0	0	0	0	
698.412967	8	3	3	0	1	2	2	3883	674	50	41902	9	4	80	0	0	0	0	0	0	0	0	0	0	0	0	0	0	
699.418083	8	3	3	0	1	2	2	3887	674	50	41963	9	4	80	0	0	0	0	0	0	0	0	0	0	0	0	0	0	
700.404483	8	3	3	0	1	2	2	3890	675	50	42022	9	4	80	0	0	0	0	0	0	0	0	0	0	0	0	0	0	
701.409600	8	3	3	0	1	2	2	3894	673	47	42082	9	4	80	0	0	0	0	0	0	0	0	0	0	0	0	0	0	
702.414717	8	3	3	0	1	2	2	3897	675	50	42143	9	4	80	0	0	0	0	0	0	0	0	0	0	0	0	0	0	
703.402567	8	3	3	0	1	2	2	3900	675	50	42202	9	4	80	0	0	0	0	0	0	0	0	0	0	0	0	0	0	
704.407683	8	3	3	0	1	2	2	3904	675	47	42262	9	4	80	0	0	0	0	0	0	0	0	0	0	0	0	0	0	
705.412800	8	3	3	0	1	2	2	3908	675	50	42322	9	4	80	0	0	0	0	0	0	0	0	0	0	0	0	0	0	
706.417917	8	3	3	0	1	2	2	3911	675	50	42383	9	4	80	0	0	0	0	0	0	0	0	0	0	0	0	0	0	
707.404317	8	3	3	0	1	2	2	3915	673	50	42442	9	4	80	0	0	0	0	0	0	0	0	0	0	0	0	0	0	
708.409433	8	3	3	0	1	2	2	3918	674	47	42502	9	4	80	0	0	0	0	0	0	0	0	0	0	0	0	0	0	
709.416000	8	3	3	0	1	2	2	3922	673	47	42563	9	4	80	0	0	0	0	0	0	0	0	0	0	0	0	0	0	
710.402400	8	3	3	0	1	2	2	3926	674	47	42622	9	4	80	0	0	0	0	0	0	0	0	0	0	0	0	0	0	
711.407517	8	3	3	0	1	2	2	3930	675	50	42682	9	4	80	0	0	0	0	0	0	0	0	0	0	0	0	0	0	
712.412633	8	3	3	0	1	2	2	3934	675	47	42742	9	4	80	0	0	0	0	0	0	0	0	0	0	0	0	0	0	
713.417767	8	3	3	0	1	2	2	3938	674	47	42803	9	4	80	0	0	0	0	0	0	0	0	0	0	0	0	0	0	
714.404167	8	3	3	0	1	2	2	3942	675	50	42862	9	4	80	0	0	0	0	0	0	0	0	0	0	0	0	0	0	
715.410717	8	3	3	0	1	2	2	3947	674	50	42922	9	4	80	0	0	0	0	0	0	0	0	0	0	0	0	0	0	
716.415833	8	3	3	0	1	2	2	3951	674	50	42982	9	4	80	0	0	0	0	0	0	0	0	0	0	0	0	0	0	
717.402233	8	3	3	0	1	2	2	3955	674	50	43042	9	4	80	0	0	0	0	0	0	0	0	0	0	0	0	0	0	
718.407367	8	3	3	0	1	2	2	3960	675	47	43102	9	4	80	0	0	0	0	0	0	0	0	0	0	0	0	0	0	
719.413917	8	3	3	0	1	2	2	3964	674	47	43162	9	4	80	0	0	0	0	0	0	0	0	0	0	0	0	0	0	
720.419033	8	3	3	0	1	2	2	3969	675	47	43223	9	4	80	0	0	0	0	0	0	0	0	0	0	0	0	0	0	
721.405433	8	3	3	0	1	2	2	3974	674	47	43282	9	4	80	0	0	0	0	0	0	0	0	0	0	0	0	0	0	
722.410567	8	3	3	0	1	2	2	3979	673	50	43342	9	4	80	0	0	0	0	0	0	0	0	0	0	0	0	0	0	
723.415683	8	3	3	0	1	2	2	3984	675	50	43402	9	4	80	0	0	0	0	0	0	0	0	0	0	0	0	0	0	
724.402083	8	3	3	0	1	2	2	3989	674	50	43462	9	4	80	0	0	0	0	0	0	0	0	0	0	0	0	0	0	
725.408633	8	3	3	0	1	2	2	3995	675	47	43522	9	4	80	0	0	0	0	0	0	0	0	0	0	0	0	0	0	
726.413767	8	3	3	0	1	2	2	4000	675	47	43582	9	4	80	0	0	0	0	0	0	0	0	0	0	0	0	0	0	
727.418883	8	3	3	0	1	2	2	4005	674	47	43643	9	4	80	0	0	0	0	0	0	0	0	0	0	0	0	0	0	
728.405283	8	3	3	0	1	2	2	4011	674	50	43702	9	4	80	0	0	0	0	0	0	0	0	0	0	0	0	0	0	
729.410400	8	3	3	0	1	2	2	4017	676	47	43762	9	4	80	0	0	0	0	0	0	0	0	0	0	0	0	0	0	
730.419833	8	3	3	0	1	2	2	4022	675	50	43823	9	4	80	0	0	0	0	0	0	0	0	0	0	0	0	0	0	
731.406233	8	3	3	0	1	2	2	4028	674	47	43882	9	4	80	0	0	0	0	0	0	0	0	0	0	0	0	0	0	
732.411367	8	3	3	0	1	2	2	4034	674	47	43942	9	4	80	0	0	0	0	0	0	0	0	0	0	0	0	0	0	
733.417917	8	3	3	0	1	2	2	4040	674	50	44003	9	4	80	0	0	0	0	0	0	0	0	0	0	0	0	0	0	
734.404317	8	3	3	0	1	2	2	4046	675	47	44062	9	4	80	0	0	0	0	0	0	0	0	0	0	0	0	0	0	
735.409433	8	3	3	0	1	2	2	4052	674	50	44122	9	4	80	0	0	0	0	0	0	0	0	0	0	0	0	0	0	
736.414567	8	3	3	0	1	2	2	4059	675	50	44182	9	4	80	0	0	0	0	0	0	0	0	0	0	0	0	0	0	
737.419683	8	3	3	0	1	2	2	4065	675	50	44243	9	4	80	0	0	0	0	0	0	0	0	0	0	0	0	0	0	
738.406083	8	3	3	0	1	2	2	4071	675	47	44302	9	4	80	0	0	0	0	0	0	0	0	0	0	0	0	0	0	
739.412633	8	3	3	0	1	2	2	4078	675	47	44362	9	4	80	0	0	0	0	0	0	0	0	0	0	0	0	0	0	
740.417767	8	3	3	0	1	2	2	4085	675	47	44422	9	4	80	0	0	0	0	0	0	0	0	0	0	0	0	0	0	
741.404167	8	3	3	0	1	2	2	4091	674	47	44482	9	4	80	0	0	0	0	0	0	0	0	0	0	0	0	0	0	
742.409283	8	3	3	0	1	2	2	4098	674	47	44542	9	4	80	0	0	0	0	0	0	0	0	0	0	0	0	0	0	
743.414400	8	3	3	0	1	2	2	4105	674	47	44602	9	4	80	0	0	0	0	0	0	0	0	0	0	0	0	0	0	
744.420967	8	3	3	0	1	2	2	4112	675	47	44663	9	4	80	0	0	0	0	0	0	0	0	0	0	0	0	0	0	
745.407367	8	3	3	0	1	2	2	4118	666	47	44722	9	4	80	0	0	0	0	0	0	0	0	0	0	0	0	0	0	
746.412483	8	3	3	0	1	2	2	4125	664	47	44782	9	4	80	0	0	0	0	0	0	0	0	0	0	0	0	0	0	
747.417600	8	3	3	0	1	2	2	4132	663	50	44842	9	4	80	0	0	0	0	0	0	0	0	0	0	0	0	0	0	
748.404000	8	3	3	0	1	2	2	4139	663	47	44902	9	4	80	0	0	0	0	0	0	0	0	0	0	0	0	0	0	
749.409117	8	3	3	0	1	2	2	4146	661	50	44962	9	4	80	0	0	0	0	0	0	0	0	0	0	0	0	0	0	
750.415683	8	3	3	0	1	2	2	4154	659	50	45022	9	4	80	0	0	0	0	0	0	0	0	0	0	0	0	0	0	
751.420800	8	3	3	0	1	2	2	4161	660	47	45083	9	4	80	0	0	0	0	0	0	0	0	0	0	0	0	0	0	
752.407200	8	3	3	0	1	2	2	4169	659	50	45142	9	4	80	0	0	0	0	0	0	0	0	0	0	0	0	0	0	
753.412317	8	3	3	0	1	2	2	4176	657	47	45202	9	4	80	0	0	0	0	0	0	0	0	0	0	0	0	0	0	
754.417433	8	3	3	0	1	2	2	4184	657	50	45262	9	4	80	0	0	0	0	0	0	0	0	0	0	0	0	0	0	
755.403833	8	3	3	0	1	2	2	4191	655	50	45322	9	4	80	0	0	0	0	0	0	0	0	0	0	0	0	0	0	
756.410400	8	3	3	0	1	2	2	4198	646	50	45382	9	4	80	0	0	0	0	0	0	0	0	0	0	0	0	0	0	
757.415517	8	3	3	0	1	2	2	4199	587	47	45442	9	4	80	0	0	0	0	0	0	0	0	0	0	0	0	0	0	
758.420633	8	3	3	0	1	2	2	4198	538	47	45503	9	4	80	0	0	0	0	0	0	0	0	0	0	0	0	0	0	
759.407033	8	3	3	0	1	2	2	4198	496	47	45562	9	4	80	0	0	0	0	0	0	0	0	0	0	0	0	0	0	
760.413600	8	3	3	0	1	2	2	4198	459	50	45622	9	4	80	0	0	0	0	0	0	0	0	0	0	0	0	0	0	
761.418717	8	3	3	0	1	2	2	4199	424	50	45682	9	4	80	0	0	0	0	0	0	0	0	0	0	0	0	0	0	
762.405117	8	3	3	0	1	2	2	4198	392	50	45742	9	4	80	0	0	0	0	0	0	0	0	0	0	0	0	0	0	
763.410233	8	3	3	0	1	2	2	4199	364	47	45802	9	4	80	0	0	0	0	0	0	0	0	0	0	0	0	0	0	
764.415367	8	3	3	0	1	2	2	4198	337	47	45862	9	4	80	0	0	0	0	0	0	0	0	0	0	0	0	0	0	
765.421917	8	3	3	0	1	2	2	4198	313	47	45923	9	4	80	0	0	0	0	0	0	0	0	0	0	0	0	0	0	
766.408317	8	3	3	0	1	2	2	4198	292	50	45982	9	4	80	0	0	0	0	0	0	0	0	0	0	0	0	0	0	
767.414883	8	3	3	0	1	2	2	4199	272	47	46042	9	4	80	0	0	0	0	0	0	0	0	0	0	0	0	0	0	
768.420000	8	3	3	0	1	2	2	4198	252	47	46103	9	4	80	0	0	0	0	0	0	0	0	0	0	0	0	0	0	
769.407833	8	3	3	0	1	2	2	4198	236	50	46162	9	4	80	0	0	0	0	0	0	0	0	0	0	0	0	0	0	
770.412967	8	3	3	0	1	2	2	4199	219	50	46222	9	4	80	0	0	0	0	0	0	0	0	0	0	0	0	0	0	
771.418083	8	3	3	0	1	2	2	4199	204	47	46282	9	4	80	0	0	0	0	0	0	0	0	0	0	0	0	0	0	
772.423200	8	3	3	0	1	2	2	4199	190	50	46343	9	4	80	0	0	0	0	0	0	0	0	0	0	0	0	0	0	
773.409600	8	3	3	0	1	2	2	4198	178	50	46402	9	4	80	0	0	0	0	0	0	0	0	0	0	0	0	0	0	
774.414717	8	3	3	0	1	2	2	4198	166	47	46462	9	4	80	0	0	0	0	0	0	0	0	0	0	0	0	0	0	
775.421283	8	3	3	0	1	2	2	4199	155	50	46523	9	4	80	0	0	0	0	0	0	0	0	0	0	0	0	0	0	
776.407683	8	3	3	0	1	2	2	4199	146	50	46582	9	4	80	0	0	0	0	0	0	0	0	0	0	0	0	0	0	
777.412800	8	3	3	0	1	2	2	4198	135	50	46642	9	4	80	0	0	0	0	0	0	0	0	0	0	0	0	0	0	
778.417917	8	3	3	0	1	2	2	4199	127	47	46702	9	4	80	0	0	0	0	0	0	0	0	0	0	0	0	0	0	
779.423033	8	3	3	0	1	2	2	4199	119	50	46763	9	4	80	0	0	0	0	0	0	0	0	0	0	0	0	0	0	
780.409433	8	3	3	0	1	2	2	4198	111	50	46822	9	4	80	0	0	0	0	0	0	0	0	0	0	0	0	0	0	
781.416000	8	3	3	0	1	2	2	4199	104	50	46882	9	4	80	0	0	0	0	0	0	0	0	0	0	0	0	0	0	
782.421117	8	3	3	0	1	2	2	4198	98	50	46943	9	4	80	0	0	0	0	0	0	0	0	0	0	0	0	0	0	
783.407517	8	3	3	0	1	2	2	4198	93	47	47002	9	4	80	0	0	0	0	0	0	0	0	0	0	0	0	0	0	
784.412633	8	3	3	0	1	2	2	4199	86	47	47062	9	4	80	0	0	0	0	0	0	0	0	0	0	0	0	0	0	
785.417767	8	3	3	0	1	2	2	4199	81	50	47122	9	4	80	0	0	0	0	0	0	0	0	0	0	0	0	0	0	
786.422883	8	3	3	0	1	2	2	4198	77	50	47183	9	4	80	0	0	0	0	0	0	0	0	0	0	0	0	0	0	
787.410717	8	3	3	0	1	2	2	4198	74	50	47242	9	4	80	0	0	0	0	0	0	0	0	0	0	0	0	0	0	
788.415833	8	3	3	0	1	2	2	4198	68	47	47302	9	4	80	0	0	0	0	0	0	0	0	0	0	0	0	0	0	
788.780167	8	6	3	0	2	7	1	4138	-624	50	47324	9	5	0	0	0	0	0	0	0	0	0	0	0	0	0	0	0	
789.422400	8	6	3	0	2	7	1	4017	-1348	47	47363	9	5	0	0	0	0	0	0	0	0	0	0	0	0	0	0	0	
790.408800	8	6	3	0	2	7	1	3988	-1349	47	47422	9	5	2	0	0	0	0	0	0	0	0	0	0	0	0	0	0	
791.415367	8	6	3	0	2	7	1	3964	-1350	47	47482	9	5	4	0	0	0	0	0	0	0	0	0	0	0	0	0	0	
792.420483	8	6	3	0	2	7	1	3944	-1350	47	47542	9	5	5	0	0	0	0	0	0	0	0	0	0	0	0	0	0	
793.406883	8	6	3	0	2	7	1	3924	-1350	47	47602	9	5	7	0	0	0	0	0	0	0	0	0	0	0	0	0	0	
794.412000	8	6	3	0	2	7	1	3905	-1349	50	47662	9	5	9	0	0	0	0	0	0	0	0	0	0	0	0	0	0	
795.417117	8	6	3	0	2	7	1	3886	-1350	47	47722	9	5	10	0	0	0	0	0	0	0	0	0	0	0	0	0	0	
796.423683	8	6	3	0	2	7	1	3867	-1349	47	47783	9	5	12	0	0	0	0	0	0	0	0	0	0	0	0	0	0	
797.410083	8	6	3	0	2	7	1	3850	-1349	47	47842	9	5	14	0	0	0	0	0	0	0	0	0	0	0	0	0	0	
798.415200	8	6	3	0	2	7	1	3832	-1349	47	47902	9	5	15	0	0	0	0	0	0	0	0	0	0	0	0	0	0	
799.420317	8	6	3	0	2	7	1	3816	-1350	50	47962	9	5	17	0	0	0	0	0	0	0	0	0	0	0	0	0	0	
800.425433	8	6	3	0	2	7	1	3799	-1349	47	48023	9	5	19	0	0	0	0	0	0	0	0	0	0	0	0	0	0	
801.411833	8	6	3	0	2	7	1	3784	-1349	50	48082	9	5	20	0	0	0	0	0	0	0	0	0	0	0	0	0	0	
802.418400	8	6	3	0	2	7	1	3769	-1348	47	48142	9	5	22	0	0	0	0	0	0	0	0	0	0	0	0	0	0	
803.423517	8	6	3	0	2	7	1	3755	-1350	47	48203	9	5	24	0	0	0	0	0	0	0	0	0	0	0	0	0	0	
804.409917	8	6	3	0	2	7	1	3741	-1350	47	48262	9	5	25	0	0	0	0	0	0	0	0	0	0	0	0	0	0	
805.415033	8	6	3	0	2	7	1	3727	-1350	47	48322	9	5	27	0	0	0	0	0	0	0	0	0	0	0	0	0	0	
806.420167	8	6	3	0	2	7	1	3714	-1351	47	48382	9	5	28	0	0	0	0	0	0	0	0	0	0	0	0	0	0	
807.426717	8	6	3	0	2	7	1	3701	-1350	50	48443	9	5	30	0	0	0	0	0	0	0	0	0	0	0	0	0	0	
808.413117	8	6	3	0	2	7	1	3689	-1350	47	48502	9	5	32	0	0	0	0	0	0	0	0	0	0	0	0	0	0	
809.418233	8	6	3	0	2	7	1	3677	-1350	47	48562	9	5	33	0	0	0	0	0	0	0	0	0	0	0	0	0	0	
810.423367	8	6	3	0	2	7	1	3666	-1350	47	48623	9	5	35	0	0	0	0	0	0	0	0	0	0	0	0	0	0	
811.409767	8	6	3	0	2	7	1	3654	-1349	47	48682	9	5	37	0	0	0	0	0	0	0	0	0	0	0	0	0	0	
812.414883	8	6	3	0	2	7	1	3644	-1350	47	48742	9	5	38	0	0	0	0	0	0	0	0	0	0	0	0	0	0	
813.421433	8	6	3	0	2	7	1	3634	-1349	47	48802	9	5	40	0	0	0	0	0	0	0	0	0	0	0	0	0	0	
814.426567	8	6	3	0	2	7	1	3624	-1349	47	48863	9	5	42	0	0	0	0	0	0	0	0	0	0	0	0	0	0	
815.412967	8	6	3	0	2	7	1	3614	-1350	47	48922	9	5	43	0	0	0	0	0	0	0	0	0	0	0	0	0	0	
816.418083	8	6	3	0	2	7	1	3605	-1349	47	48982	9	5	45	0	0	0	0	0	0	0	0	0	0	0	0	0	0	
817.423200	8	6	3	0	2	7	1	3596	-1349	47	49043	9	5	47	0	0	0	0	0	0	0	0	0	0	0	0	0	0	
818.411033	8	6	3	0	2	7	1	3588	-1349	47	49102	9	5	48	0	0	0	0	0	0	0	0	0	0	0	0	0	0	
819.416167	8	6	3	0	2	7	1	3580	-1349	47	49162	9	5	50	0	0	0	0	0	0	0	0	0	0	0	0	0	0	
820.421283	8	6	3	0	2	7	1	3572	-1350	50	49222	9	5	52	0	0	0	0	0	0	0	0	0	0	0	0	0	0	
821.426400	8	6	3	0	2	7	1	3564	-1349	50	49283	9	5	53	0	0	0	0	0	0	0	0	0	0	0	0	0	0	
822.415683	8	6	3	0	2	7	1	3557	-1349	47	49342	9	5	55	0	0	0	0	0	0	0	0	0	0	0	0	0	0	
823.420800	8	6	3	0	2	7	1	3549	-1349	47	49402	9	5	57	0	0	0	0	0	0	0	0	0	0	0	0	0	0	
824.425917	8	6	3	0	2	7	1	3542	-1349	47	49463	9	5	58	0	0	0	0	0	0	0	0	0	0	0	0	0	0	
825.412317	8	6	3	0	2	7	1	3534	-1350	47	49522	9	5	60	0	0	0	0	0	0	0	0	0	0	0	0	0	0	
826.417433	8	6	3	0	2	7	1	3526	-1349	47	49582	9	5	62	0	0	0	0	0	0	0	0	0	0	0	0	0	0	
827.424000	8	6	3	0	2	7	1	3516	-1350	50	49642	9	5	63	0	0	0	0	0	0	0	0	0	0	0	0	0	0	
828.410400	8	6	3	0	2	7	1	3506	-1348	50	49702	9	5	65	0	0	0	0	0	0	0	0	0	0	0	0	0	0	
829.415517	8	6	3	0	2	7	1	3495	-1349	47	49762	9	5	66	0	0	0	0	0	0	0	0	0	0	0	0	0	0	
830.420633	8	6	3	0	2	7	1	3482	-1351	50	49822	9	5	68	0	0	0	0	0	0	0	0	0	0	0	0	0	0	
831.425767	8	6	3	0	2	7	1	3465	-1349	47	49883	9	5	70	0	0	0	0	0	0	0	0	0	0	0	0	0	0	
832.412167	8	6	3	0	2	7	1	3445	-1350	47	49942	9	5	71	0	0	0	0	0	0	0	0	0	0	0	0	0	0	
833.418717	8	6	3	0	2	7	1	3416	-1349	47	50002	9	5	73	0	0	0	0	0	0	0	0	0	0	0	0	0	0	
834.423833	8	6	3	0	2	7	1	3373	-1350	47	50062	9	5	75	0	0	0	0	0	0	0	0	0	0	0	0	0	0	
835.410233	8	6	3	0	2	7	1	3298	-1350	47	50122	9	5	76	0	0	0	0	0	0	0	0	0	0	0	0	0	0	
836.415367	8	6	3	0	2	7	1	3144	-1351	47	50182	9	5	78	0	0	0	0	0	0	0	0	0	0	0	0	0	0	
837.420483	8	6	3	0	2	7	1	2726	-1349	47	50242	9	5	80	0	0	0	0	0	0	0	0	0	0	0	0	0	0	
837.522717	8	15	3	0	1	31	2	2842	61	47	50248	10	5	80	0	0	0	0	0	0	0	0	0	0	0	0	0	0	
837.542883	8	4	3	0	1	3	2	2939	68	47	50250	10	5	80	0	0	0	0	0	0	0	0	0	0	0	0	0	0	
837.581767	8	3	3	0	1	2	2	3070	453	47	50252	11	5	80	0	0	0	0	0	0	0	0	0	0	0	0	0	0	
838.412633	8	3	3	0	1	2	2	3502	675	47	50302	11	5	80	0	0	0	0	0	0	0	0	0	0	0	0	0	0	
839.417767	8	3	3	0	1	2	2	3616	673	47	50362	11	5	80	0	0	0	0	0	0	0	0	0	0	0	0	0	0	
840.422883	8	3	3	0	1	2	2	3679	675	47	50422	11	5	80	0	0	0	0	0	0	0	0	0	0	0	0	0	0	
841.429433	8	3	3	0	1	2	2	3718	675	47	50483	11	5	80	0	0	0	0	0	0	0	0	0	0	0	0	0	0	
842.415833	8	3	3	0	1	2	2	3742	675	47	50542	11	5	80	0	0	0	0	0	0	0	0	0	0	0	0	0	0	
843.420967	8	3	3	0	1	2	2	3755	674	47	50602	11	5	80	0	0	0	0	0	0	0	0	0	0	0	0	0	0	
844.426083	8	3	3	0	1	2	2	3765	675	47	50663	11	5	80	0	0	0	0	0	0	0	0	0	0	0	0	0	0	
845.412483	8	3	3	0	1	2	2	3772	674	47	50722	11	5	80	0	0	0	0	0	0	0	0	0	0	0	0	0	0	
846.419033	8	3	3	0	1	2	2	3779	674	47	50782	11	5	80	0	0	0	0	0	0	0	0	0	0	0	0	0	0	
847.424167	8	3	3	0	1	2	2	3786	676	47	50842	11	5	80	0	0	0	0	0	0	0	0	0	0	0	0	0	0	
848.429283	8	3	3	0	1	2	2	3792	674	47	50903	11	5	80	0	0	0	0	0	0	0	0	0	0	0	0	0	0	
849.415683	8	3	3	0	1	2	2	3799	674	50	50962	11	5	80	0	0	0	0	0	0	0	0	0	0	0	0	0	0	
850.420800	8	3	3	0	1	2	2	3806	674	47	51022	11	5	80	0	0	0	0	0	0	0	0	0	0	0	0	0	0	
851.427367	8	3	3	0	1	2	2	3813	674	47	51083	11	5	80	0	0	0	0	0	0	0	0	0	0	0	0	0	0	
852.413767	8	3	3	0	1	2	2	3820	674	47	51142	11	5	80	0	0	0	0	0	0	0	0	0	0	0	0	0	0	
853.418883	8	3	3	0	1	2	2	3826	675	47	51202	11	5	80	0	0	0	0	0	0	0	0	0	0	0	0	0	0	
854.424000	8	3	3	0	1	2	2	3833	675	47	51262	11	5	80	0	0	0	0	0	0	0	0	0	0	0	0	0	0	
855.429117	8	3	3	0	1	2	2	3839	674	47	51323	11	5	80	0	0	0	0	0	0	0	0	0	0	0	0	0	0	
856.416967	8	3	3	0	1	2	2	3844	675	47	51382	11	5	80	0	0	0	0	0	0	0	0	0	0	0	0	0	0	
857.422083	8	3	3	0	1	2	2	3849	674	47	51442	11	5	80	0	0	0	0	0	0	0	0	0	0	0	0	0	0	
858.427200	8	3	3	0	1	2	2	3854	675	47	51503	11	5	80	0	0	0	0	0	0	0	0	0	0	0	0	0	0	
859.413600	8	3	3	0	1	2	2	3859	674	47	51562	11	5	80	0	0	0	0	0	0	0	0	0	0	0	0	0	0	
860.418717	8	3	3	0	1	2	2	3863	675	50	51622	11	5	80	0	0	0	0	0	0	0	0	0	0	0	0	0	0	
861.428167	8	3	3	0	1	2	2	3867	674	47	51683	11	5	80	0	0	0	0	0	0	0	0	0	0	0	0	0	0	
862.414567	8	3	3	0	1	2	2	3871	675	47	51742	11	5	80	0	0	0	0	0	0	0	0	0	0	0	0	0	0	
863.419683	8	3	3	0	1	2	2	3874	674	47	51802	11	5	80	0	0	0	0	0	0	0	0	0	0	0	0	0	0	
864.424800	8	3	3	0	1	2	2	3878	674	47	51862	11	5	80	0	0	0	0	0	0	0	0	0	0	0	0	0	0	
865.429917	8	3	3	0	1	2	2	3881	674	47	51923	11	5	80	0	0	0	0	0	0	0	0	0	0	0	0	0	0	
866.417767	8	3	3	0	1	2	2	3885	675	47	51982	11	5	80	0	0	0	0	0	0	0	0	0	0	0	0	0	0	
867.424317	8	3	3	0	1	2	2	3888	675	47	52042	11	5	80	0	0	0	0	0	0	0	0	0	0	0	0	0	0	
868.429433	8	3	3	0	1	2	2	3892	674	47	52103	11	5	80	0	0	0	0	0	0	0	0	0	0	0	0	0	0	
869.415833	8	3	3	0	1	2	2	3895	675	47	52162	11	5	80	0	0	0	0	0	0	0	0	0	0	0	0	0	0	
870.422400	8	3	3	0	1	2	2	3899	674	47	52222	11	5	80	0	0	0	0	0	0	0	0	0	0	0	0	0	0	
871.427517	8	3	3	0	1	2	2	3902	675	47	52282	11	5	80	0	0	0	0	0	0	0	0	0	0	0	0	0	0	
872.413917	8	3	3	0	1	2	2	3906	676	47	52342	11	5	80	0	0	0	0	0	0	0	0	0	0	0	0	0	0	
873.419033	8	3	3	0	1	2	2	3909	674	47	52402	11	5	80	0	0	0	0	0	0	0	0	0	0	0	0	0	0	
874.424167	8	3	3	0	1	2	2	3913	675	47	52462	11	5	80	0	0	0	0	0	0	0	0	0	0	0	0	0	0	
875.430717	8	3	3	0	1	2	2	3917	674	47	52523	11	5	80	0	0	0	0	0	0	0	0	0	0	0	0	0	0	
876.417117	8	3	3	0	1	2	2	3921	675	47	52582	11	5	80	0	0	0	0	0	0	0	0	0	0	0	0	0	0	
877.422233	8	3	3	0	1	2	2	3924	675	50	52642	11	5	80	0	0	0	0	0	0	0	0	0	0	0	0	0	0	
878.427367	8	3	3	0	1	2	2	3928	674	47	52702	11	5	80	0	0	0	0	0	0	0	0	0	0	0	0	0	0	
879.413767	8	3	3	0	1	2	2	3932	674	47	52762	11	5	80	0	0	0	0	0	0	0	0	0	0	0	0	0	0	
880.418883	8	3	3	0	1	2	2	3936	674	47	52822	11	5	80	0	0	0	0	0	0	0	0	0	0	0	0	0	0	
881.425433	8	3	3	0	1	2	2	3940	675	47	52882	11	5	80	0	0	0	0	0	0	0	0	0	0	0	0	0	0	
882.430567	8	3	3	0	1	2	2	3944	674	47	52943	11	5	80	0	0	0	0	0	0	0	0	0	0	0	0	0	0	
883.416967	8	3	3	0	1	2	2	3949	674	47	53002	11	5	80	0	0	0	0	0	0	0	0	0	0	0	0	0	0	
884.422083	8	3	3	0	1	2	2	3953	674	47	53062	11	5	80	0	0	0	0	0	0	0	0	0	0	0	0	0	0	
885.427200	8	3	3	0	1	2	2	3958	674	47	53122	11	5	80	0	0	0	0	0	0	0	0	0	0	0	0	0	0	
886.415033	8	3	3	0	1	2	2	3962	674	47	53182	11	5	80	0	0	0	0	0	0	0	0	0	0	0	0	0	0	
887.420167	8	3	3	0	1	2	2	3967	675	47	53242	11	5	80	0	0	0	0	0	0	0	0	0	0	0	0	0	0	
888.425283	8	3	3	0	1	2	2	3972	673	47	53302	11	5	80	0	0	0	0	0	0	0	0	0	0	0	0	0	0	
889.430400	8	3	3	0	1	2	2	3977	674	47	53363	11	5	80	0	0	0	0	0	0	0	0	0	0	0	0	0	0	
890.416800	8	3	3	0	1	2	2	3982	674	47	53422	11	5	80	0	0	0	0	0	0	0	0	0	0	0	0	0	0	
891.421917	8	3	3	0	1	2	2	3987	674	50	53482	11	5	80	0	0	0	0	0	0	0	0	0	0	0	0	0	0	
892.428483	8	3	3	0	1	2	2	3992	673	47	53542	11	5	80	0	0	0	0	0	0	0	0	0	0	0	0	0	0	
893.414883	8	3	3	0	1	2	2	3997	674	47	53602	11	5	80	0	0	0	0	0	0	0	0	0	0	0	0	0	0	
894.422883	8	3	3	0	1	2	2	4003	674	47	53662	11	5	80	0	0	0	0	0	0	0	0	0	0	0	0	0	0	
895.429433	8	3	3	0	1	2	2	4008	674	47	53722	11	5	80	0	0	0	0	0	0	0	0	0	0	0	0	0	0	
896.415833	8	3	3	0	1	2	2	4014	675	47	53782	11	5	80	0	0	0	0	0	0	0	0	0	0	0	0	0	0	
897.420967	8	3	3	0	1	2	2	4019	675	50	53842	11	5	80	0	0	0	0	0	0	0	0	0	0	0	0	0	0	
898.426083	8	3	3	0	1	2	2	4025	675	47	53902	11	5	80	0	0	0	0	0	0	0	0	0	0	0	0	0	0	
899.431200	8	3	3	0	1	2	2	4031	675	47	53963	11	5	80	0	0	0	0	0	0	0	0	0	0	0	0	0	0	
900.417600	8	3	3	0	1	2	2	4037	674	47	54022	11	5	80	0	0	0	0	0	0	0	0	0	0	0	0	0	0	
901.424167	8	3	3	0	1	2	2	4043	675	47	54082	11	5	80	0	0	0	0	0	0	0	0	0	0	0	0	0	0	
902.429283	8	3	3	0	1	2	2	4049	675	47	54142	11	5	80	0	0	0	0	0	0	0	0	0	0	0	0	0	0	
903.415683	8	3	3	0	1	2	2	4055	674	47	54202	11	5	80	0	0	0	0	0	0	0	0	0	0	0	0	0	0	
904.420800	8	3	3	0	1	2	2	4062	675	47	54262	11	5	80	0	0	0	0	0	0	0	0	0	0	0	0	0	0	
905.425917	8	3	3	0	1	2	2	4068	675	47	54322	11	5	80	0	0	0	0	0	0	0	0	0	0	0	0	0	0	
906.432483	8	3	3	0	1	2	2	4075	676	47	54383	11	5	80	0	0	0	0	0	0	0	0	0	0	0	0	0	0	
907.418883	8	3	3	0	1	2	2	4081	673	47	54442	11	5	80	0	0	0	0	0	0	0	0	0	0	0	0	0	0	
908.424000	8	3	3	0	1	2	2	4088	675	47	54502	11	5	80	0	0	0	0	0	0	0	0	0	0	0	0	0	0	
909.429117	8	3	3	0	1	2	2	4095	674	47	54562	11	5	80	0	0	0	0	0	0	0	0	0	0	0	0	0	0	
910.415517	8	3	3	0	1	2	2	4101	674	47	54622	11	5	80	0	0	0	0	0	0	0	0	0	0	0	0	0	0	
911.420633	8	3	3	0	1	2	2	4109	675	47	54682	11	5	80	0	0	0	0	0	0	0	0	0	0	0	0	0	0	
912.427200	8	3	3	0	1	2	2	4116	675	47	54742	11	5	80	0	0	0	0	0	0	0	0	0	0	0	0	0	0	
913.432317	8	3	3	0	1	2	2	4122	667	47	54803	11	5	80	0	0	0	0	0	0	0	0	0	0	0	0	0	0	
914.418717	8	3	3	0	1	2	2	4129	665	47	54862	11	5	80	0	0	0	0	0	0	0	0	0	0	0	0	0	0	
915.423833	8	3	3	0	1	2	2	4136	664	47	54922	11	5	80	0	0	0	0	0	0	0	0	0	0	0	0	0	0	
916.430400	8	3	3	0	1	2	2	4143	664	47	54982	11	5	80	0	0	0	0	0	0	0	0	0	0	0	0	0	0	
917.416800	8	3	3	0	1	2	2	4150	663	47	55042	11	5	80	0	0	0	0	0	0	0	0	0	0	0	0	0	0	
918.421917	8	3	3	0	1	2	2	4158	662	47	55102	11	5	80	0	0	0	0	0	0	0	0	0	0	0	0	0	0	
919.427033	8	3	3	0	1	2	2	4165	661	47	55162	11	5	80	0	0	0	0	0	0	0	0	0	0	0	0	0	0	
920.432167	8	3	3	0	1	2	2	4173	661	47	55223	11	5	80	0	0	0	0	0	0	0	0	0	0	0	0	0	0	
921.418567	8	3	3	0	1	2	2	4181	659	47	55282	11	5	80	0	0	0	0	0	0	0	0	0	0	0	0	0	0	
922.425117	8	3	3	0	1	2	2	4188	658	47	55342	11	5	80	0	0	0	0	0	0	0	0	0	0	0	0	0	0	
923.430233	8	3	3	0	1	2	2	4196	657	47	55402	11	5	80	0	0	0	0	0	0	0	0	0	0	0	0	0	0	
924.416633	8	3	3	0	1	2	2	4198	612	47	55462	11	5	80	0	0	0	0	0	0	0	0	0	0	0	0	0	0	
925.421767	8	3	3	0	1	2	2	4199	560	47	55522	11	5	80	0	0	0	0	0	0	0	0	0	0	0	0	0	0	
926.426883	8	3	3	0	1	2	2	4198	515	47	55582	11	5	80	0	0	0	0	0	0	0	0	0	0	0	0	0	0	
927.433433	8	3	3	0	1	2	2	4198	474	47	55643	11	5	80	0	0	0	0	0	0	0	0	0	0	0	0	0	0	
928.419833	8	3	3	0	1	2	2	4198	439	47	55702	11	5	80	0	0	0	0	0	0	0	0	0	0	0	0	0	0	
929.424967	8	3	3	0	1	2	2	4198	406	47	55762	11	5	80	0	0	0	0	0	0	0	0	0	0	0	0	0	0	
930.430083	8	3	3	0	1	2	2	4199	377	47	55822	11	5	80	0	0	0	0	0	0	0	0	0	0	0	0	0	0	
931.435200	8	3	3	0	1	2	2	4198	350	47	55883	11	5	80	0	0	0	0	0	0	0	0	0	0	0	0	0	0	
932.421600	8	3	3	0	1	2	2	4198	325	47	55942	11	5	80	0	0	0	0	0	0	0	0	0	0	0	0	0	0	
933.428167	8	3	3	0	1	2	2	4198	302	47	56002	11	5	80	0	0	0	0	0	0	0	0	0	0	0	0	0	0	
934.433283	8	3	3	0	1	2	2	4199	280	47	56063	11	5	80	0	0	0	0	0	0	0	0	0	0	0	0	0	0	
935.419683	8	3	3	0	1	2	2	4198	261	47	56122	11	5	80	0	0	0	0	0	0	0	0	0	0	0	0	0	0	
936.424800	8	3	3	0	1	2	2	4199	242	47	56182	11	5	80	0	0	0	0	0	0	0	0	0	0	0	0	0	0	
937.429917	8	3	3	0	1	2	2	4198	225	47	56242	11	5	80	0	0	0	0	0	0	0	0	0	0	0	0	0	0	
938.436483	8	3	3	0	1	2	2	4198	211	47	56303	11	5	80	0	0	0	0	0	0	0	0	0	0	0	0	0	0	
939.422883	8	3	3	0	1	2	2	4198	197	47	56362	11	5	80	0	0	0	0	0	0	0	0	0	0	0	0	0	0	
940.428000	8	3	3	0	1	2	2	4198	183	47	56422	11	5	80	0	0	0	0	0	0	0	0	0	0	0	0	0	0	
941.433117	8	3	3	0	1	2	2	4198	170	47	56483	11	5	80	0	0	0	0	0	0	0	0	0	0	0	0	0	0	
942.419517	8	3	3	0	1	2	2	4198	160	47	56542	11	5	80	0	0	0	0	0	0	0	0	0	0	0	0	0	0	
943.426083	8	3	3	0	1	2	2	4198	150	47	56602	11	5	80	0	0	0	0	0	0	0	0	0	0	0	0	0	0	
944.431200	8	3	3	0	1	2	2	4198	139	47	56662	11	5	80	0	0	0	0	0	0	0	0	0	0	0	0	0	0	
945.436317	8	3	3	0	1	2	2	4198	130	47	56723	11	5	80	0	0	0	0	0	0	0	0	0	0	0	0	0	0	
946.422717	8	3	3	0	1	2	2	4199	123	47	56782	11	5	80	0	0	0	0	0	0	0	0	0	0	0	0	0	0	
947.427833	8	3	3	0	1	2	2	4198	115	47	56842	11	5	80	0	0	0	0	0	0	0	0	0	0	0	0	0	0	
948.434400	8	3	3	0	1	2	2	4199	108	47	56903	11	5	80	0	0	0	0	0	0	0	0	0	0	0	0	0	0	
949.420800	8	3	3	0	1	2	2	4198	101	47	56962	11	5	80	0	0	0	0	0	0	0	0	0	0	0	0	0	0	
950.425917	8	3	3	0	1	2	2	4198	94	47	57022	11	5	80	0	0	0	0	0	0	0	0	0	0	0	0	0	0	
951.431033	8	3	3	0	1	2	2	4198	89	47	57082	11	5	80	0	0	0	0	0	0	0	0	0	0	0	0	0	0	
952.436167	8	3	3	0	1	2	2	4199	84	47	57143	11	5	80	0	0	0	0	0	0	0	0	0	0	0	0	0	0	
953.422567	8	3	3	0	1	2	2	4199	77	47	57202	11	5	80	0	0	0	0	0	0	0	0	0	0	0	0	0	0	
954.427683	8	3	3	0	1	2	2	4198	73	47	57262	11	5	80	0	0	0	0	0	0	0	0	0	0	0	0	0	0	
955.434233	8	3	3	0	1	2	2	4199	70	47	57322	11	5	80	0	0	0	0	0	0	0	0	0	0	0	0	0	0	
956.062083	8	6	3	0	2	7	1	4065	-1349	47	57360	11	6	0	0	0	0	0	0	0	0	0	0	0	0	0	0	0	
956.422083	8	6	3	0	2	7	1	4030	-1350	47	57382	11	6	0	0	0	0	0	0	0	0	0	0	0	0	0	0	0	
957.427200	8	6	3	0	2	7	1	3994	-1349	47	57442	11	6	2	0	0	0	0	0	0	0	0	0	0	0	0	0	0	
958.432317	8	6	3	0	2	7	1	3970	-1350	47	57502	11	6	3	0	0	0	0	0	0	0	0	0	0	0	0	0	0	
959.418717	8	6	3	0	2	7	1	3949	-1349	47	57562	11	6	5	0	0	0	0	0	0	0	0	0	0	0	0	0	0	
960.425283	8	6	3	0	2	7	1	3928	-1351	47	57622	11	6	7	0	0	0	0	0	0	0	0	0	0	0	0	0	0	
961.430400	8	6	3	0	2	7	1	3909	-1350	47	57682	11	6	8	0	0	0	0	0	0	0	0	0	0	0	0	0	0	
962.435517	8	6	3	0	2	7	1	3890	-1348	47	57743	11	6	10	0	0	0	0	0	0	0	0	0	0	0	0	0	0	
963.421917	8	6	3	0	2	7	1	3871	-1351	47	57802	11	6	12	0	0	0	0	0	0	0	0	0	0	0	0	0	0	
964.427033	8	6	3	0	2	7	1	3853	-1350	47	57862	11	6	13	0	0	0	0	0	0	0	0	0	0	0	0	0	0	
965.433600	8	6	3	0	2	7	1	3836	-1350	47	57922	11	6	15	0	0	0	0	0	0	0	0	0	0	0	0	0	0	
966.438717	8	6	3	0	2	7	1	3819	-1351	47	57983	11	6	17	0	0	0	0	0	0	0	0	0	0	0	0	0	0	
967.425117	8	6	3	0	2	7	1	3803	-1350	47	58042	11	6	18	0	0	0	0	0	0	0	0	0	0	0	0	0	0	
968.430233	8	6	3	0	2	7	1	3787	-1348	47	58102	11	6	20	0	0	0	0	0	0	0	0	0	0	0	0	0	0	
969.435367	8	6	3	0	2	7	1	3772	-1351	47	58163	11	6	22	0	0	0	0	0	0	0	0	0	0	0	0	0	0	
970.423200	8	6	3	0	2	7	1	3757	-1349	47	58222	11	6	23	0	0	0	0	0	0	0	0	0	0	0	0	0	0	
971.428317	8	6	3	0	2	7	1	3743	-1349	47	58282	11	6	25	0	0	0	0	0	0	0	0	0	0	0	0	0	0	
972.433433	8	6	3	0	2	7	1	3730	-1349	47	58342	11	6	27	0	0	0	0	0	0	0	0	0	0	0	0	0	0	
973.438567	8	6	3	0	2	7	1	3716	-1349	47	58403	11	6	28	0	0	0	0	0	0	0	0	0	0	0	0	0	0	
974.429283	8	6	3	0	2	7	1	3703	-1350	47	58462	11	6	30	0	0	0	0	0	0	0	0	0	0	0	0	0	0	
975.434400	8	6	3	0	2	7	1	3691	-1352	47	58522	11	6	31	0	0	0	0	0	0	0	0	0	0	0	0	0	0	
976.420800	8	6	3	0	2	7	1	3680	-1349	47	58582	11	6	33	0	0	0	0	0	0	0	0	0	0	0	0	0	0	
977.425917	8	6	3	0	2	7	1	3668	-1349	47	58642	11	6	35	0	0	0	0	0	0	0	0	0	0	0	0	0	0	
978.431033	8	6	3	0	2	7	1	3657	-1350	47	58702	11	6	36	0	0	0	0	0	0	0	0	0	0	0	0	0	0	
979.437600	8	6	3	0	2	7	1	3646	-1350	47	58763	11	6	38	0	0	0	0	0	0	0	0	0	0	0	0	0	0	
980.424000	8	6	3	0	2	7	1	3636	-1349	47	58822	11	6	40	0	0	0	0	0	0	0	0	0	0	0	0	0	0	
981.429117	8	6	3	0	2	7	1	3625	-1349	47	58882	11	6	41	0	0	0	0	0	0	0	0	0	0	0	0	0	0	
982.434233	8	6	3	0	2	7	1	3616	-1349	47	58942	11	6	43	0	0	0	0	0	0	0	0	0	0	0	0	0	0	
983.420633	8	6	3	0	2	7	1	3607	-1349	47	59002	11	6	45	0	0	0	0	0	0	0	0	0	0	0	0	0	0	
984.425767	8	6	3	0	2	7	1	3598	-1350	47	59062	11	6	46	0	0	0	0	0	0	0	0	0	0	0	0	0	0	
985.432317	8	6	3	0	2	7	1	3589	-1349	47	59122	11	6	48	0	0	0	0	0	0	0	0	0	0	0	0	0	0	
986.437433	8	6	3	0	2	7	1	3581	-1349	47	59183	11	6	50	0	0	0	0	0	0	0	0	0	0	0	0	0	0	
987.423833	8	6	3	0	2	7	1	3573	-1350	47	59242	11	6	51	0	0	0	0	0	0	0	0	0	0	0	0	0	0	
988.428967	8	6	3	0	2	7	1	3566	-1349	47	59302	11	6	53	0	0	0	0	0	0	0	0	0	0	0	0	0	0	
989.434083	8	6	3	0	2	7	1	3559	-1350	47	59362	11	6	55	0	0	0	0	0	0	0	0	0	0	0	0	0	0	
990.440633	8	6	3	0	2	7	1	3551	-1349	47	59423	11	6	56	0	0	0	0	0	0	0	0	0	0	0	0	0	0	
991.427033	8	6	3	0	2	7	1	3544	-1350	47	59482	11	6	58	0	0	0	0	0	0	0	0	0	0	0	0	0	0	
992.432167	8	6	3	0	2	7	1	3536	-1349	47	59542	11	6	59	0	0	0	0	0	0	0	0	0	0	0	0	0	0	
993.437283	8	6	3	0	2	7	1	3527	-1349	47	59603	11	6	61	0	0	0	0	0	0	0	0	0	0	0	0	0	0	
994.423683	8	6	3	0	2	7	1	3519	-1349	47	59662	11	6	63	0	0	0	0	0	0	0	0	0	0	0	0	0	0	
995.430233	8	6	3	0	2	7	1	3508	-1350	47	59722	11	6	64	0	0	0	0	0	0	0	0	0	0	0	0	0	0	
996.435367	8	6	3	0	2	7	1	3497	-1350	47	59782	11	6	66	0	0	0	0	0	0	0	0	0	0	0	0	0	0	
997.440483	8	6	3	0	2	7	1	3484	-1349	47	59843	11	6	68	0	0	0	0	0	0	0	0	0	0	0	0	0	0	
998.426883	8	6	3	0	2	7	1	3469	-1350	47	59902	11	6	69	0	0	0	0	0	0	0	0	0	0	0	0	0	0	
999.432000	8	6	3	0	2	7	1	3449	-1349	47	59962	11	6	71	0	0	0	0	0	0	0	0	0	0	0	0	0	0	
1000.438567	8	6	3	0	2	7	1	3422	-1350	47	60023	11	6	73	0	0	0	0	0	0	0	0	0	0	0	0	0	0	
1001.424967	8	6	3	0	2	7	1	3382	-1350	47	60082	11	6	74	0	0	0	0	0	0	0	0	0	0	0	0	0	0	
1002.431517	8	6	3	0	2	7	1	3314	-1349	47	60142	11	6	76	0	0	0	0	0	0	0	0	0	0	0	0	0	0	
1003.436633	8	6	3	0	2	7	1	3174	-1350	47	60202	11	6	78	0	0	0	0	0	0	0	0	0	0	0	0	0	0	
1004.424483	8	6	3	0	2	7	1	2842	-1351	47	60262	11	6	79	0	0	0	0	0	0	0	0	0	0	0	0	0	0	
1004.695200	8	15	3	0	1	31	2	2871	71	47	60278	12	6	80	0	0	0	0	0	0	0	0	0	0	0	0	0	0	
1004.715367	8	4	3	0	1	3	2	2947	69	47	60279	12	6	80	0	0	0	0	0	0	0	0	0	0	0	0	0	0	
1004.754233	8	3	3	0	1	2	2	3112	672	47	60282	13	6	80	0	0	0	0	0	0	0	0	0	0	0	0	0	0	
1005.433917	8	3	3	0	1	2	2	3479	675	47	60322	13	6	80	0	0	0	0	0	0	0	0	0	0	0	0	0	0	
1006.439033	8	3	3	0	1	2	2	3607	675	47	60383	13	6	80	0	0	0	0	0	0	0	0	0	0	0	0	0	0	
1007.426883	8	3	3	0	1	2	2	3672	675	47	60442	13	6	80	0	0	0	0	0	0	0	0	0	0	0	0	0	0	
1008.432000	8	3	3	0	1	2	2	3714	675	47	60502	13	6	80	0	0	0	0	0	0	0	0	0	0	0	0	0	0	
1009.437117	8	3	3	0	1	2	2	3740	675	47	60562	13	6	80	0	0	0	0	0	0	0	0	0	0	0	0	0	0	
1010.423517	8	3	3	0	1	2	2	3754	674	47	60622	13	6	80	0	0	0	0	0	0	0	0	0	0	0	0	0	0	
1011.428633	8	3	3	0	1	2	2	3764	675	47	60682	13	6	80	0	0	0	0	0	0	0	0	0	0	0	0	0	0	
1012.435200	8	3	3	0	1	2	2	3772	675	47	60742	13	6	80	0	0	0	0	0	0	0	0	0	0	0	0	0	0	
1013.440317	8	3	3	0	1	2	2	3779	675	47	60803	13	6	80	0	0	0	0	0	0	0	0	0	0	0	0	0	0	
1014.426717	8	3	3	0	1	2	2	3785	674	47	60862	13	6	80	0	0	0	0	0	0	0	0	0	0	0	0	0	0	
1015.431833	8	3	3	0	1	2	2	3792	675	47	60922	13	6	80	0	0	0	0	0	0	0	0	0	0	0	0	0	0	
1016.436967	8	3	3	0	1	2	2	3799	673	47	60982	13	6	80	0	0	0	0	0	0	0	0	0	0	0	0	0	0	
1017.423367	8	3	3	0	1	2	2	3806	676	47	61042	13	6	80	0	0	0	0	0	0	0	0	0	0	0	0	0	0	
1018.429917	8	3	3	0	1	2	2	3813	674	47	61102	13	6	80	0	0	0	0	0	0	0	0	0	0	0	0	0	0	
1019.435033	8	3	3	0	1	2	2	3820	674	47	61162	13	6	80	0	0	0	0	0	0	0	0	0	0	0	0	0	0	
1020.440167	8	3	3	0	1	2	2	3826	675	47	61223	13	6	80	0	0	0	0	0	0	0	0	0	0	0	0	0	0	
1021.426567	8	3	3	0	1	2	2	3832	674	47	61282	13	6	80	0	0	0	0	0	0	0	0	0	0	0	0	0	0	
1022.431683	8	3	3	0	1	2	2	3838	675	47	61342	13	6	80	0	0	0	0	0	0	0	0	0	0	0	0	0	0	
1023.439683	8	3	3	0	1	2	2	3844	674	47	61403	13	6	80	0	0	0	0	0	0	0	0	0	0	0	0	0	0	
1024.426083	8	3	3	0	1	2	2	3849	675	47	61462	13	6	80	0	0	0	0	0	0	0	0	0	0	0	0	0	0	
1025.431200	8	3	3	0	1	2	2	3854	674	47	61522	13	6	80	0	0	0	0	0	0	0	0	0	0	0	0	0	0	
1026.436317	8	3	3	0	1	2	2	3859	676	47	61582	13	6	80	0	0	0	0	0	0	0	0	0	0	0	0	0	0	
1027.441433	8	3	3	0	1	2	2	3863	675	47	61643	13	6	80	0	0	0	0	0	0	0	0	0	0	0	0	0	0	
1028.429283	8	3	3	0	1	2	2	3867	675	47	61702	13	6	80	0	0	0	0	0	0	0	0	0	0	0	0	0	0	
1029.434400	8	3	3	0	1	2	2	3871	674	47	61762	13	6	80	0	0	0	0	0	0	0	0	0	0	0	0	0	0	
1030.439517	8	3	3	0	1	2	2	3874	674	47	61823	13	6	80	0	0	0	0	0	0	0	0	0	0	0	0	0	0	
1031.425917	8	3	3	0	1	2	2	3878	674	47	61882	13	6	80	0	0	0	0	0	0	0	0	0	0	0	0	0	0	
1032.431033	8	3	3	0	1	2	2	3881	674	47	61942	13	6	80	0	0	0	0	0	0	0	0	0	0	0	0	0	0	
1033.437600	8	3	3	0	1	2	2	3885	674	47	62002	13	6	80	0	0	0	0	0	0	0	0	0	0	0	0	0	0	
1034.442717	8	3	3	0	1	2	2	3888	675	47	62063	13	6	80	0	0	0	0	0	0	0	0	0	0	0	0	0	0	
1035.429117	8	3	3	0	1	2	2	3892	674	47	62122	13	6	80	0	0	0	0	0	0	0	0	0	0	0	0	0	0	
1036.434233	8	3	3	0	1	2	2	3896	675	47	62182	13	6	80	0	0	0	0	0	0	0	0	0	0	0	0	0	0	
1037.439367	8	3	3	0	1	2	2	3899	674	47	62242	13	6	80	0	0	0	0	0	0	0	0	0	0	0	0	0	0	
1038.425767	8	3	3	0	1	2	2	3902	674	47	62302	13	6	80	0	0	0	0	0	0	0	0	0	0	0	0	0	0	
1039.432317	8	3	3	0	1	2	2	3906	674	47	62362	13	6	80	0	0	0	0	0	0	0	0	0	0	0	0	0	0	
1040.437433	8	3	3	0	1	2	2	3910	676	47	62422	13	6	80	0	0	0	0	0	0	0	0	0	0	0	0	0	0	
1041.442567	8	3	3	0	1	2	2	3913	675	47	62483	13	6	80	0	0	0	0	0	0	0	0	0	0	0	0	0	0	
1042.428967	8	3	3	0	1	2	2	3917	675	47	62542	13	6	80	0	0	0	0	0	0	0	0	0	0	0	0	0	0	
1043.434083	8	3	3	0	1	2	2	3921	675	50	62602	13	6	80	0	0	0	0	0	0	0	0	0	0	0	0	0	0	
1044.440633	8	3	3	0	1	2	2	3924	675	47	62662	13	6	80	0	0	0	0	0	0	0	0	0	0	0	0	0	0	
1045.427033	8	3	3	0	1	2	2	3928	674	50	62722	13	6	80	0	0	0	0	0	0	0	0	0	0	0	0	0	0	
1046.432167	8	3	3	0	1	2	2	3933	675	50	62782	13	6	80	0	0	0	0	0	0	0	0	0	0	0	0	0	0	
1047.437283	8	3	3	0	1	2	2	3936	674	50	62842	13	6	80	0	0	0	0	0	0	0	0	0	0	0	0	0	0	
1048.442400	8	3	3	0	1	2	2	3940	675	50	62903	13	6	80	0	0	0	0	0	0	0	0	0	0	0	0	0	0	
1049.430233	8	3	3	0	1	2	2	3945	674	50	62962	13	6	80	0	0	0	0	0	0	0	0	0	0	0	0	0	0	
1050.435367	8	3	3	0	1	2	2	3949	675	50	63022	13	6	80	0	0	0	0	0	0	0	0	0	0	0	0	0	0	
1051.440483	8	3	3	0	1	2	2	3953	674	50	63082	13	6	80	0	0	0	0	0	0	0	0	0	0	0	0	0	0	
1052.426883	8	3	3	0	1	2	2	3958	674	50	63142	13	6	80	0	0	0	0	0	0	0	0	0	0	0	0	0	0	
1053.432000	8	3	3	0	1	2	2	3963	673	50	63202	13	6	80	0	0	0	0	0	0	0	0	0	0	0	0	0	0	
1054.438567	8	3	3	0	1	2	2	3967	675	50	63262	13	6	80	0	0	0	0	0	0	0	0	0	0	0	0	0	0	
1055.443683	8	3	3	0	1	2	2	3972	675	50	63323	13	6	80	0	0	0	0	0	0	0	0	0	0	0	0	0	0	
1056.430083	8	3	3	0	1	2	2	3977	675	50	63382	13	6	80	0	0	0	0	0	0	0	0	0	0	0	0	0	0	
1057.435200	8	3	3	0	1	2	2	3982	675	50	63442	13	6	80	0	0	0	0	0	0	0	0	0	0	0	0	0	0	
1058.440317	8	3	3	0	1	2	2	3987	674	50	63502	13	6	80	0	0	0	0	0	0	0	0	0	0	0	0	0	0	
1059.426717	8	3	3	0	1	2	2	3993	676	50	63562	13	6	80	0	0	0	0	0	0	0	0	0	0	0	0	0	0	
1060.433283	8	3	3	0	1	2	2	3998	674	50	63622	13	6	80	0	0	0	0	0	0	0	0	0	0	0	0	0	0	
1061.438400	8	3	3	0	1	2	2	4003	675	50	63682	13	6	80	0	0	0	0	0	0	0	0	0	0	0	0	0	0	
1062.443517	8	3	3	0	1	2	2	4009	674	50	63743	13	6	80	0	0	0	0	0	0	0	0	0	0	0	0	0	0	
1063.429917	8	3	3	0	1	2	2	4014	675	50	63802	13	6	80	0	0	0	0	0	0	0	0	0	0	0	0	0	0	
1064.435033	8	3	3	0	1	2	2	4020	675	50	63862	13	6	80	0	0	0	0	0	0	0	0	0	0	0	0	0	0	
1065.441600	8	3	3	0	1	2	2	4026	675	50	63922	13	6	80	0	0	0	0	0	0	0	0	0	0	0	0	0	0	
1066.428000	8	3	3	0	1	2	2	4031	675	50	63982	13	6	80	0	0	0	0	0	0	0	0	0	0	0	0	0	0	
1067.433117	8	3	3	0	1	2	2	4037	674	50	64042	13	6	80	0	0	0	0	0	0	0	0	0	0	0	0	0	0	
1068.438233	8	3	3	0	1	2	2	4044	674	50	64102	13	6	80	0	0	0	0	0	0	0	0	0	0	0	0	0	0	
1069.443367	8	3	3	0	1	2	2	4050	675	50	64163	13	6	80	0	0	0	0	0	0	0	0	0	0	0	0	0	0	
1070.429767	8	3	3	0	1	2	2	4056	675	50	64222	13	6	80	0	0	0	0	0	0	0	0	0	0	0	0	0	0	
1071.436317	8	3	3	0	1	2	2	4062	674	50	64282	13	6	80	0	0	0	0	0	0	0	0	0	0	0	0	0	0	
1072.441433	8	3	3	0	1	2	2	4069	674	50	64342	13	6	80	0	0	0	0	0	0	0	0	0	0	0	0	0	0	
1073.427833	8	3	3	0	1	2	2	4076	674	50	64402	13	6	80	0	0	0	0	0	0	0	0	0	0	0	0	0	0	
1074.432967	8	3	3	0	1	2	2	4082	674	50	64462	13	6	80	0	0	0	0	0	0	0	0	0	0	0	0	0	0	
1075.438083	8	3	3	0	1	2	2	4088	674	50	64522	13	6	80	0	0	0	0	0	0	0	0	0	0	0	0	0	0	
1076.444633	8	3	3	0	1	2	2	4095	674	50	64583	13	6	80	0	0	0	0	0	0	0	0	0	0	0	0	0	0	
1077.431033	8	3	3	0	1	2	2	4102	674	50	64642	13	6	80	0	0	0	0	0	0	0	0	0	0	0	0	0	0	
1078.436167	8	3	3	0	1	2	2	4109	675	50	64702	13	6	80	0	0	0	0	0	0	0	0	0	0	0	0	0	0	
1079.441283	8	3	3	0	1	2	2	4116	675	50	64762	13	6	80	0	0	0	0	0	0	0	0	0	0	0	0	0	0	
1080.446400	8	3	3	0	1	2	2	4123	666	50	64823	13	6	80	0	0	0	0	0	0	0	0	0	0	0	0	0	0	
1081.432800	8	3	3	0	1	2	2	4129	665	50	64882	13	6	80	0	0	0	0	0	0	0	0	0	0	0	0	0	0	
1082.439367	8	3	3	0	1	2	2	4137	664	50	64942	13	6	80	0	0	0	0	0	0	0	0	0	0	0	0	0	0	
1083.438717	8	3	3	0	1	2	2	4144	661	50	65002	13	6	80	0	0	0	0	0	0	0	0	0	0	0	0	0	0	
1084.443833	8	3	3	0	1	2	2	4151	660	50	65063	13	6	80	0	0	0	0	0	0	0	0	0	0	0	0	0	0	
1085.430233	8	3	3	0	1	2	2	4158	659	50	65122	13	6	80	0	0	0	0	0	0	0	0	0	0	0	0	0	0	
1086.435367	8	3	3	0	1	2	2	4166	658	50	65182	13	6	80	0	0	0	0	0	0	0	0	0	0	0	0	0	0	
1087.441917	8	3	3	0	1	2	2	4173	657	50	65242	13	6	80	0	0	0	0	0	0	0	0	0	0	0	0	0	0	
1088.447033	8	3	3	0	1	2	2	4181	656	50	65303	13	6	80	0	0	0	0	0	0	0	0	0	0	0	0	0	0	
1089.433433	8	3	3	0	1	2	2	4189	655	50	65362	13	6	80	0	0	0	0	0	0	0	0	0	0	0	0	0	0	
1090.438567	8	3	3	0	1	2	2	4196	654	50	65422	13	6	80	0	0	0	0	0	0	0	0	0	0	0	0	0	0	
1091.443683	8	3	3	0	1	2	2	4199	606	50	65482	13	6	80	0	0	0	0	0	0	0	0	0	0	0	0	0	0	
1092.430083	8	3	3	0	1	2	2	4198	556	50	65542	13	6	80	0	0	0	0	0	0	0	0	0	0	0	0	0	0	
1093.436633	8	3	3	0	1	2	2	4199	512	50	65602	13	6	80	0	0	0	0	0	0	0	0	0	0	0	0	0	0	
1094.444633	8	3	3	0	1	2	2	4198	471	50	65663	13	6	80	0	0	0	0	0	0	0	0	0	0	0	0	0	0	
1095.431033	8	3	3	0	1	2	2	4198	435	50	65722	13	6	80	0	0	0	0	0	0	0	0	0	0	0	0	0	0	
1096.437600	8	3	3	0	1	2	2	4199	404	50	65782	13	6	80	0	0	0	0	0	0	0	0	0	0	0	0	0	0	
1097.442717	8	3	3	0	1	2	2	4199	374	50	65842	13	6	80	0	0	0	0	0	0	0	0	0	0	0	0	0	0	
1098.447833	8	3	3	0	1	2	2	4198	347	50	65903	13	6	80	0	0	0	0	0	0	0	0	0	0	0	0	0	0	
1099.434233	8	3	3	0	1	2	2	4198	322	50	65962	13	6	80	0	0	0	0	0	0	0	0	0	0	0	0	0	0	
1100.439367	8	3	3	0	1	2	2	4198	299	50	66022	13	6	80	0	0	0	0	0	0	0	0	0	0	0	0	0	0	
1101.444483	8	3	3	0	1	2	2	4199	278	50	66083	13	6	80	0	0	0	0	0	0	0	0	0	0	0	0	0	0	
1102.432317	8	3	3	0	1	2	2	4198	259	50	66142	13	6	80	0	0	0	0	0	0	0	0	0	0	0	0	0	0	
1103.437433	8	3	3	0	1	2	2	4198	241	50	66202	13	6	80	0	0	0	0	0	0	0	0	0	0	0	0	0	0	
1104.442567	8	3	3	0	1	2	2	4198	225	50	66262	13	6	80	0	0	0	0	0	0	0	0	0	0	0	0	0	0	
1105.447683	8	3	3	0	1	2	2	4198	209	50	66323	13	6	80	0	0	0	0	0	0	0	0	0	0	0	0	0	0	
1106.434083	8	3	3	0	1	2	2	4199	195	50	66382	13	6	80	0	0	0	0	0	0	0	0	0	0	0	0	0	0	
1107.440633	8	3	3	0	1	2	2	4199	182	50	66442	13	6	80	0	0	0	0	0	0	0	0	0	0	0	0	0	0	
1108.445767	8	3	3	0	1	2	2	4198	169	50	66502	13	6	80	0	0	0	0	0	0	0	0	0	0	0	0	0	0	
1109.432167	8	3	3	0	1	2	2	4199	159	50	66562	13	6	80	0	0	0	0	0	0	0	0	0	0	0	0	0	0	
1110.437283	8	3	3	0	1	2	2	4198	149	50	66622	13	6	80	0	0	0	0	0	0	0	0	0	0	0	0	0	0	
1111.445283	8	3	3	0	1	2	2	4199	139	50	66682	13	6	80	0	0	0	0	0	0	0	0	0	0	0	0	0	0	
1112.431683	8	3	3	0	1	2	2	4198	131	50	66742	13	6	80	0	0	0	0	0	0	0	0	0	0	0	0	0	0	
1113.436800	8	3	3	0	1	2	2	4199	123	50	66802	13	6	80	0	0	0	0	0	0	0	0	0	0	0	0	0	0	
1114.441917	8	3	3	0	1	2	2	4199	115	49	66862	13	6	80	0	0	0	0	0	0	0	0	0	0	0	0	0	0	
1115.447033	8	3	3	0	1	2	2	4199	108	49	66923	13	6	80	0	0	0	0	0	0	0	0	0	0	0	0	0	0	
1116.433433	8	3	3	0	1	2	2	4199	101	49	66982	13	6	80	0	0	0	0	0	0	0	0	0	0	0	0	0	0	
1117.438567	8	3	3	0	1	2	2	4198	94	50	67042	13	6	80	0	0	0	0	0	0	0	0	0	0	0	0	0	0	
1118.445117	8	3	3	0	1	2	2	4198	90	50	67102	13	6	80	0	0	0	0	0	0	0	0	0	0	0	0	0	0	
1119.431517	8	3	3	0	1	2	2	4199	84	50	67162	13	6	80	0	0	0	0	0	0	0	0	0	0	0	0	0	0	
1120.436633	8	3	3	0	1	2	2	4199	80	50	67222	13	6	80	0	0	0	0	0	0	0	0	0	0	0	0	0	0	
1121.441767	8	3	3	0	1	2	2	4198	74	50	67282	13	6	80	0	0	0	0	0	0	0	0	0	0	0	0	0	0	
1122.448317	8	3	3	0	1	2	2	4199	71	50	67343	13	6	80	0	0	0	0	0	0	0	0	0	0	0	0	0	0	
1123.094883	8	6	3	0	2	7	1	4064	-1349	50	67381	13	7	0	0	0	0	0	0	0	0	0	0	0	0	0	0	0	
1123.436167	8	6	3	0	2	7	1	4030	-1351	50	67402	13	7	0	0	0	0	0	0	0	0	0	0	0	0	0	0	0	
1124.441283	8	6	3	0	2	7	1	3993	-1348	50	67462	13	7	2	0	0	0	0	0	0	0	0	0	0	0	0	0	0	
1125.446400	8	6	3	0	2	7	1	3969	-1349	49	67522	13	7	3	0	0	0	0	0	0	0	0	0	0	0	0	0	0	
1126.432800	8	6	3	0	2	7	1	3948	-1350	49	67582	13	7	5	0	0	0	0	0	0	0	0	0	0	0	0	0	0	
1127.439367	8	6	3	0	2	7	1	3928	-1350	50	67642	13	7	7	0	0	0	0	0	0	0	0	0	0	0	0	0	0	
1128.444483	8	6	3	0	2	7	1	3908	-1350	49	67702	13	7	8	0	0	0	0	0	0	0	0	0	0	0	0	0	0	
1129.449600	8	6	3	0	2	7	1	3889	-1349	50	67763	13	7	10	0	0	0	0	0	0	0	0	0	0	0	0	0	0	
1130.436000	8	6	3	0	2	7	1	3871	-1349	49	67822	13	7	11	0	0	0	0	0	0	0	0	0	0	0	0	0	0	
1131.441117	8	6	3	0	2	7	1	3853	-1350	49	67882	13	7	13	0	0	0	0	0	0	0	0	0	0	0	0	0	0	
1132.447683	8	6	3	0	2	7	1	3835	-1350	50	67942	13	7	15	0	0	0	0	0	0	0	0	0	0	0	0	0	0	
1133.434083	8	6	3	0	2	7	1	3819	-1350	49	68002	13	7	16	0	0	0	0	0	0	0	0	0	0	0	0	0	0	
1134.439200	8	6	3	0	2	7	1	3802	-1350	50	68062	13	7	18	0	0	0	0	0	0	0	0	0	0	0	0	0	0	
1135.444317	8	6	3	0	2	7	1	3786	-1349	50	68122	13	7	20	0	0	0	0	0	0	0	0	0	0	0	0	0	0	
1136.449433	8	6	3	0	2	7	1	3771	-1350	50	68183	13	7	21	0	0	0	0	0	0	0	0	0	0	0	0	0	0	
1137.435833	8	6	3	0	2	7	1	3757	-1350	50	68242	13	7	23	0	0	0	0	0	0	0	0	0	0	0	0	0	0	
1138.442400	8	6	3	0	2	7	1	3742	-1349	50	68302	13	7	25	0	0	0	0	0	0	0	0	0	0	0	0	0	0	
1139.447517	8	6	3	0	2	7	1	3729	-1349	50	68362	13	7	26	0	0	0	0	0	0	0	0	0	0	0	0	0	0	
1140.433917	8	6	3	0	2	7	1	3715	-1349	49	68422	13	7	28	0	0	0	0	0	0	0	0	0	0	0	0	0	0	
1141.439033	8	6	3	0	2	7	1	3703	-1348	50	68482	13	7	30	0	0	0	0	0	0	0	0	0	0	0	0	0	0	
1142.444167	8	6	3	0	2	7	1	3690	-1350	50	68542	13	7	31	0	0	0	0	0	0	0	0	0	0	0	0	0	0	
1143.450717	8	6	3	0	2	7	1	3678	-1349	50	68603	13	7	33	0	0	0	0	0	0	0	0	0	0	0	0	0	0	
1144.437117	8	6	3	0	2	7	1	3667	-1351	50	68662	13	7	35	0	0	0	0	0	0	0	0	0	0	0	0	0	0	
1145.442233	8	6	3	0	2	7	1	3656	-1350	49	68722	13	7	36	0	0	0	0	0	0	0	0	0	0	0	0	0	0	
1146.447367	8	6	3	0	2	7	1	3645	-1349	50	68782	13	7	38	0	0	0	0	0	0	0	0	0	0	0	0	0	0	
1147.433767	8	6	3	0	2	7	1	3635	-1349	50	68842	13	7	40	0	0	0	0	0	0	0	0	0	0	0	0	0	0	
1148.438883	8	6	3	0	2	7	1	3624	-1349	49	68902	13	7	41	0	0	0	0	0	0	0	0	0	0	0	0	0	0	
1149.445433	8	6	3	0	2	7	1	3615	-1348	50	68962	13	7	43	0	0	0	0	0	0	0	0	0	0	0	0	0	0	
1150.450567	8	6	3	0	2	7	1	3606	-1350	49	69023	13	7	45	0	0	0	0	0	0	0	0	0	0	0	0	0	0	
1151.436967	8	6	3	0	2	7	1	3597	-1349	50	69082	13	7	46	0	0	0	0	0	0	0	0	0	0	0	0	0	0	
1152.442083	8	6	3	0	2	7	1	3589	-1349	50	69142	13	7	48	0	0	0	0	0	0	0	0	0	0	0	0	0	0	
1153.447200	8	6	3	0	2	7	1	3581	-1349	50	69202	13	7	49	0	0	0	0	0	0	0	0	0	0	0	0	0	0	
1154.433600	8	6	3	0	2	7	1	3573	-1350	50	69262	13	7	51	0	0	0	0	0	0	0	0	0	0	0	0	0	0	
1155.440167	8	6	3	0	2	7	1	3566	-1350	50	69322	13	7	53	0	0	0	0	0	0	0	0	0	0	0	0	0	0	
1156.445283	8	6	3	0	2	7	1	3558	-1351	49	69382	13	7	54	0	0	0	0	0	0	0	0	0	0	0	0	0	0	
1157.450400	8	6	3	0	2	7	1	3551	-1350	49	69443	13	7	56	0	0	0	0	0	0	0	0	0	0	0	0	0	0	
1158.436800	8	6	3	0	2	7	1	3544	-1349	49	69502	13	7	58	0	0	0	0	0	0	0	0	0	0	0	0	0	0	
1159.441917	8	6	3	0	2	7	1	3536	-1350	49	69562	13	7	59	0	0	0	0	0	0	0	0	0	0	0	0	0	0	
1160.448483	8	6	3	0	2	7	1	3527	-1350	49	69622	13	7	61	0	0	0	0	0	0	0	0	0	0	0	0	0	0	
1161.434883	8	6	3	0	2	7	1	3519	-1350	49	69682	13	7	63	0	0	0	0	0	0	0	0	0	0	0	0	0	0	
1162.440000	8	6	3	0	2	7	1	3508	-1350	49	69742	13	7	64	0	0	0	0	0	0	0	0	0	0	0	0	0	0	
1163.445117	8	6	3	0	2	7	1	3497	-1351	50	69802	13	7	66	0	0	0	0	0	0	0	0	0	0	0	0	0	0	
1164.450233	8	6	3	0	2	7	1	3484	-1348	49	69863	13	7	68	0	0	0	0	0	0	0	0	0	0	0	0	0	0	
1165.438083	8	6	3	0	2	7	1	3468	-1349	49	69922	13	7	69	0	0	0	0	0	0	0	0	0	0	0	0	0	0	
1166.443200	8	6	3	0	2	7	1	3447	-1349	49	69982	13	7	71	0	0	0	0	0	0	0	0	0	0	0	0	0	0	
1167.448317	8	6	3	0	2	7	1	3419	-1349	50	70042	13	7	73	0	0	0	0	0	0	0	0	0	0	0	0	0	0	
1168.453433	8	6	3	0	2	7	1	3377	-1348	49	70103	13	7	74	0	0	0	0	0	0	0	0	0	0	0	0	0	0	
1169.439833	8	6	3	0	2	7	1	3303	-1349	49	70162	13	7	76	0	0	0	0	0	0	0	0	0	0	0	0	0	0	
1170.446400	8	6	3	0	2	7	1	3151	-1350	50	70222	13	7	78	0	0	0	0	0	0	0	0	0	0	0	0	0	0	
1171.451517	8	6	3	0	2	7	1	2750	-1350	49	70283	13	7	79	0	0	0	0	0	0	0	0	0	0	0	0	0	0	
1171.589767	8	15	3	0	1	31	2	2884	62	50	70291	14	7	79	0	0	0	0	0	0	0	0	0	0	0	0	0	0	
1171.609917	8	4	3	0	1	3	2	2957	68	50	70292	14	7	79	0	0	0	0	0	0	0	0	0	0	0	0	0	0	
1171.650233	8	3	3	0	1	2	2	3132	678	50	70294	15	7	79	0	0	0	0	0	0	0	0	0	0	0	0	0	0	
1172.442233	8	3	3	0	1	2	2	3507	675	49	70342	15	7	79	0	0	0	0	0	0	0	0	0	0	0	0	0	0	
1173.448800	8	3	3	0	1	2	2	3622	674	49	70402	15	7	79	0	0	0	0	0	0	0	0	0	0	0	0	0	0	
1174.453917	8	3	3	0	1	2	2	3684	673	49	70463	15	7	79	0	0	0	0	0	0	0	0	0	0	0	0	0	0	
1175.440317	8	3	3	0	1	2	2	3722	674	50	70522	15	7	79	0	0	0	0	0	0	0	0	0	0	0	0	0	0	
1176.445433	8	3	3	0	1	2	2	3745	675	49	70582	15	7	79	0	0	0	0	0	0	0	0	0	0	0	0	0	0	
1177.450567	8	3	3	0	1	2	2	3758	674	49	70643	15	7	79	0	0	0	0	0	0	0	0	0	0	0	0	0	0	
1178.436967	8	3	3	0	1	2	2	3767	675	49	70702	15	7	79	0	0	0	0	0	0	0	0	0	0	0	0	0	0	
1179.443517	8	3	3	0	1	2	2	3775	675	49	70762	15	7	79	0	0	0	0	0	0	0	0	0	0	0	0	0	0	
1180.448633	8	3	3	0	1	2	2	3782	674	49	70822	15	7	79	0	0	0	0	0	0	0	0	0	0	0	0	0	0	
1181.453767	8	3	3	0	1	2	2	3789	675	49	70883	15	7	79	0	0	0	0	0	0	0	0	0	0	0	0	0	0	
1182.440167	8	3	3	0	1	2	2	3796	674	49	70942	15	7	79	0	0	0	0	0	0	0	0	0	0	0	0	0	0	
1183.445283	8	3	3	0	1	2	2	3803	675	49	71002	15	7	79	0	0	0	0	0	0	0	0	0	0	0	0	0	0	
1184.451833	8	3	3	0	1	2	2	3809	675	49	71062	15	7	79	0	0	0	0	0	0	0	0	0	0	0	0	0	0	
1185.438233	8	3	3	0	1	2	2	3816	674	49	71122	15	7	79	0	0	0	0	0	0	0	0	0	0	0	0	0	0	
1186.443367	8	3	3	0	1	2	2	3823	675	49	71182	15	7	79	0	0	0	0	0	0	0	0	0	0	0	0	0	0	
1187.448483	8	3	3	0	1	2	2	3830	675	49	71242	15	7	79	0	0	0	0	0	0	0	0	0	0	0	0	0	0	
1188.453600	8	3	3	0	1	2	2	3836	674	49	71303	15	7	79	0	0	0	0	0	0	0	0	0	0	0	0	0	0	
1189.440000	8	3	3	0	1	2	2	3842	674	49	71362	15	7	79	0	0	0	0	0	0	0	0	0	0	0	0	0	0	
1190.446567	8	3	3	0	1	2	2	3848	675	49	71422	15	7	79	0	0	0	0	0	0	0	0	0	0	0	0	0	0	
1191.451683	8	3	3	0	1	2	2	3853	675	49	71482	15	7	79	0	0	0	0	0	0	0	0	0	0	0	0	0	0	
1192.438083	8	3	3	0	1	2	2	3857	675	49	71542	15	7	79	0	0	0	0	0	0	0	0	0	0	0	0	0	0	
1193.443200	8	3	3	0	1	2	2	3862	675	49	71602	15	7	79	0	0	0	0	0	0	0	0	0	0	0	0	0	0	
1194.448317	8	3	3	0	1	2	2	3866	675	49	71662	15	7	79	0	0	0	0	0	0	0	0	0	0	0	0	0	0	
1195.453433	8	3	3	0	1	2	2	3870	674	49	71723	15	7	79	0	0	0	0	0	0	0	0	0	0	0	0	0	0	
1196.441283	8	3	3	0	1	2	2	3873	674	49	71782	15	7	79	0	0	0	0	0	0	0	0	0	0	0	0	0	0	
1197.446400	8	3	3	0	1	2	2	3877	676	49	71842	15	7	79	0	0	0	0	0	0	0	0	0	0	0	0	0	0	
1198.451517	8	3	3	0	1	2	2	3881	674	49	71902	15	7	79	0	0	0	0	0	0	0	0	0	0	0	0	0	0	
1199.437917	8	3	3	0	1	2	2	3884	675	49	71962	15	7	79	0	0	0	0	0	0	0	0	0	0	0	0	0	0	
1200.443033	8	3	3	0	1	2	2	3887	674	49	72022	15	7	79	0	0	0	0	0	0	0	0	0	0	0	0	0	0	
1201.448167	8	3	3	0	1	2	2	3891	674	49	72082	15	7	79	0	0	0	0	0	0	0	0	0	0	0	0	0	0	
1202.454717	8	3	3	0	1	2	2	3894	675	49	72143	15	7	79	0	0	0	0	0	0	0	0	0	0	0	0	0	0	
1203.441117	8	3	3	0	1	2	2	3898	676	49	72202	15	7	79	0	0	0	0	0	0	0	0	0	0	0	0	0	0	
1204.446233	8	3	3	0	1	2	2	3901	675	49	72262	15	7	79	0	0	0	0	0	0	0	0	0	0	0	0	0	0	
1205.451367	8	3	3	0	1	2	2	3905	675	49	72322	15	7	79	0	0	0	0	0	0	0	0	0	0	0	0	0	0	
1206.437767	8	3	3	0	1	2	2	3908	674	49	72382	15	7	79	0	0	0	0	0	0	0	0	0	0	0	0	0	0	
1207.444317	8	3	3	0	1	2	2	3912	675	49	72442	15	7	79	0	0	0	0	0	0	0	0	0	0	0	0	0	0	
1208.449433	8	3	3	0	1	2	2	3915	674	49	72502	15	7	79	0	0	0	0	0	0	0	0	0	0	0	0	0	0	
1209.454567	8	3	3	0	1	2	2	3919	674	49	72563	15	7	79	0	0	0	0	0	0	0	0	0	0	0	0	0	0	
1210.440967	8	3	3	0	1	2	2	3923	674	49	72622	15	7	79	0	0	0	0	0	0	0	0	0	0	0	0	0	0	
1211.446083	8	3	3	0	1	2	2	3927	675	49	72682	15	7	79	0	0	0	0	0	0	0	0	0	0	0	0	0	0	
1212.452633	8	3	3	0	1	2	2	3930	674	49	72742	15	7	79	0	0	0	0	0	0	0	0	0	0	0	0	0	0	
1213.440483	8	3	3	0	1	2	2	3934	674	49	72802	15	7	79	0	0	0	0	0	0	0	0	0	0	0	0	0	0	
1214.445600	8	3	3	0	1	2	2	3939	675	49	72862	15	7	79	0	0	0	0	0	0	0	0	0	0	0	0	0	0	
1215.450717	8	3	3	0	1	2	2	3943	673	49	72922	15	7	79	0	0	0	0	0	0	0	0	0	0	0	0	0	0	
1216.455833	8	3	3	0	1	2	2	3947	674	49	72983	15	7	79	0	0	0	0	0	0	0	0	0	0	0	0	0	0	
1217.446567	8	3	3	0	1	2	2	3951	674	49	73042	15	7	79	0	0	0	0	0	0	0	0	0	0	0	0	0	0	
1218.451683	8	3	3	0	1	2	2	3956	676	49	73102	15	7	79	0	0	0	0	0	0	0	0	0	0	0	0	0	0	
1219.456800	8	3	3	0	1	2	2	3960	675	49	73163	15	7	79	0	0	0	0	0	0	0	0	0	0	0	0	0	0	
1220.443200	8	3	3	0	1	2	2	3965	675	49	73222	15	7	79	0	0	0	0	0	0	0	0	0	0	0	0	0	0	
1221.449767	8	3	3	0	1	2	2	3969	674	49	73282	15	7	79	0	0	0	0	0	0	0	0	0	0	0	0	0	0	
1222.454883	8	3	3	0	1	2	2	3974	675	49	73343	15	7	79	0	0	0	0	0	0	0	0	0	0	0	0	0	0	
1223.441283	8	3	3	0	1	2	2	3979	674	49	73402	15	7	79	0	0	0	0	0	0	0	0	0	0	0	0	0	0	
1224.446400	8	3	3	0	1	2	2	3984	675	49	73462	15	7	79	0	0	0	0	0	0	0	0	0	0	0	0	0	0	
1225.451517	8	3	3	0	1	2	2	3990	675	49	73522	15	7	79	0	0	0	0	0	0	0	0	0	0	0	0	0	0	
1226.458083	8	3	3	0	1	2	2	3995	674	49	73583	15	7	79	0	0	0	0	0	0	0	0	0	0	0	0	0	0	
1227.444483	8	3	3	0	1	2	2	4000	674	49	73642	15	7	79	0	0	0	0	0	0	0	0	0	0	0	0	0	0	
1228.449600	8	3	3	0	1	2	2	4006	676	49	73702	15	7	79	0	0	0	0	0	0	0	0	0	0	0	0	0	0	
1229.454717	8	3	3	0	1	2	2	4011	674	49	73763	15	7	79	0	0	0	0	0	0	0	0	0	0	0	0	0	0	
1230.441117	8	3	3	0	1	2	2	4017	675	49	73822	15	7	79	0	0	0	0	0	0	0	0	0	0	0	0	0	0	
1231.447683	8	3	3	0	1	2	2	4022	675	49	73882	15	7	79	0	0	0	0	0	0	0	0	0	0	0	0	0	0	
1232.452800	8	3	3	0	1	2	2	4028	675	49	73942	15	7	79	0	0	0	0	0	0	0	0	0	0	0	0	0	0	
1233.457917	8	3	3	0	1	2	2	4034	674	49	74003	15	7	79	0	0	0	0	0	0	0	0	0	0	0	0	0	0	
1234.444317	8	3	3	0	1	2	2	4040	674	49	74062	15	7	79	0	0	0	0	0	0	0	0	0	0	0	0	0	0	
1235.449433	8	3	3	0	1	2	2	4046	675	49	74122	15	7	79	0	0	0	0	0	0	0	0	0	0	0	0	0	0	
1236.456000	8	3	3	0	1	2	2	4052	675	49	74183	15	7	79	0	0	0	0	0	0	0	0	0	0	0	0	0	0	
1237.442400	8	3	3	0	1	2	2	4058	675	49	74242	15	7	79	0	0	0	0	0	0	0	0	0	0	0	0	0	0	
1238.447517	8	3	3	0	1	2	2	4065	675	49	74302	15	7	79	0	0	0	0	0	0	0	0	0	0	0	0	0	0	
1239.452633	8	3	3	0	1	2	2	4071	674	49	74362	15	7	79	0	0	0	0	0	0	0	0	0	0	0	0	0	0	
1240.457767	8	3	3	0	1	2	2	4078	675	49	74423	15	7	79	0	0	0	0	0	0	0	0	0	0	0	0	0	0	
1241.445600	8	3	3	0	1	2	2	4085	675	49	74482	15	7	79	0	0	0	0	0	0	0	0	0	0	0	0	0	0	
1242.450717	8	3	3	0	1	2	2	4091	675	49	74542	15	7	79	0	0	0	0	0	0	0	0	0	0	0	0	0	0	
1243.455833	8	3	3	0	1	2	2	4098	675	49	74602	15	7	79	0	0	0	0	0	0	0	0	0	0	0	0	0	0	
1244.442233	8	3	3	0	1	2	2	4105	675	49	74662	15	7	79	0	0	0	0	0	0	0	0	0	0	0	0	0	0	
1245.447367	8	3	3	0	1	2	2	4112	675	49	74722	15	7	79	0	0	0	0	0	0	0	0	0	0	0	0	0	0	
1246.453917	8	3	3	0	1	2	2	4119	668	49	74782	15	7	79	0	0	0	0	0	0	0	0	0	0	0	0	0	0	
1247.459033	8	3	3	0	1	2	2	4126	666	49	74843	15	7	79	0	0	0	0	0	0	0	0	0	0	0	0	0	0	
1248.445433	8	3	3	0	1	2	2	4133	665	49	74902	15	7	79	0	0	0	0	0	0	0	0	0	0	0	0	0	0	
1249.450567	8	3	3	0	1	2	2	4140	665	49	74962	15	7	79	0	0	0	0	0	0	0	0	0	0	0	0	0	0	
1250.455683	8	3	3	0	1	2	2	4147	662	49	75022	15	7	79	0	0	0	0	0	0	0	0	0	0	0	0	0	0	
1251.443517	8	3	3	0	1	2	2	4154	662	49	75082	15	7	79	0	0	0	0	0	0	0	0	0	0	0	0	0	0	
1252.448633	8	3	3	0	1	2	2	4162	661	49	75142	15	7	79	0	0	0	0	0	0	0	0	0	0	0	0	0	0	
1253.453767	8	3	3	0	1	2	2	4169	661	49	75202	15	7	79	0	0	0	0	0	0	0	0	0	0	0	0	0	0	
1254.458883	8	3	3	0	1	2	2	4177	658	49	75263	15	7	79	0	0	0	0	0	0	0	0	0	0	0	0	0	0	
1255.445283	8	3	3	0	1	2	2	4184	657	49	75322	15	7	79	0	0	0	0	0	0	0	0	0	0	0	0	0	0	
1256.450400	8	3	3	0	1	2	2	4192	656	49	75382	15	7	79	0	0	0	0	0	0	0	0	0	0	0	0	0	0	
1257.456967	8	3	3	0	1	2	2	4199	640	49	75442	15	7	79	0	0	0	0	0	0	0	0	0	0	0	0	0	0	
1258.443367	8	3	3	0	1	2	2	4198	583	49	75502	15	7	79	0	0	0	0	0	0	0	0	0	0	0	0	0	0	
1259.448483	8	3	3	0	1	2	2	4199	536	49	75562	15	7	79	0	0	0	0	0	0	0	0	0	0	0	0	0	0	
1260.453600	8	3	3	0	1	2	2	4199	493	49	75622	15	7	79	0	0	0	0	0	0	0	0	0	0	0	0	0	0	
1261.458717	8	3	3	0	1	2	2	4199	456	49	75683	15	7	79	0	0	0	0	0	0	0	0	0	0	0	0	0	0	
1262.446567	8	3	3	0	1	2	2	4198	423	49	75742	15	7	79	0	0	0	0	0	0	0	0	0	0	0	0	0	0	
1263.451683	8	3	3	0	1	2	2	4199	391	49	75802	15	7	79	0	0	0	0	0	0	0	0	0	0	0	0	0	0	
1264.456800	8	3	3	0	1	2	2	4199	362	49	75862	15	7	79	0	0	0	0	0	0	0	0	0	0	0	0	0	0	
1265.443200	8	3	3	0	1	2	2	4199	337	49	75922	15	7	79	0	0	0	0	0	0	0	0	0	0	0	0	0	0	
1266.448317	8	3	3	0	1	2	2	4198	313	49	75982	15	7	79	0	0	0	0	0	0	0	0	0	0	0	0	0	0	
1267.453433	8	3	3	0	1	2	2	4199	290	49	76042	15	7	79	0	0	0	0	0	0	0	0	0	0	0	0	0	0	
1268.460000	8	3	3	0	1	2	2	4199	271	49	76103	15	7	79	0	0	0	0	0	0	0	0	0	0	0	0	0	0	
1269.446400	8	3	3	0	1	2	2	4199	252	49	76162	15	7	79	0	0	0	0	0	0	0	0	0	0	0	0	0	0	
1270.451517	8	3	3	0	1	2	2	4199	234	49	76222	15	7	79	0	0	0	0	0	0	0	0	0	0	0	0	0	0	
1271.456633	8	3	3	0	1	2	2	4199	218	49	76282	15	7	79	0	0	0	0	0	0	0	0	0	0	0	0	0	0	
1272.443033	8	3	3	0	1	2	2	4199	205	49	76342	15	7	79	0	0	0	0	0	0	0	0	0	0	0	0	0	0	
1273.448167	8	3	3	0	1	2	2	4199	190	49	76402	15	7	79	0	0	0	0	0	0	0	0	0	0	0	0	0	0	
1274.454717	8	3	3	0	1	2	2	4199	177	49	76462	15	7	79	0	0	0	0	0	0	0	0	0	0	0	0	0	0	
1275.459833	8	3	3	0	1	2	2	4199	165	49	76523	15	7	79	0	0	0	0	0	0	0	0	0	0	0	0	0	0	
1276.446233	8	3	3	0	1	2	2	4199	154	49	76582	15	7	79	0	0	0	0	0	0	0	0	0	0	0	0	0	0	
1277.451367	8	3	3	0	1	2	2	4199	145	49	76642	15	7	79	0	0	0	0	0	0	0	0	0	0	0	0	0	0	
1278.456483	8	3	3	0	1	2	2	4199	135	49	76702	15	7	79	0	0	0	0	0	0	0	0	0	0	0	0	0	0	
1279.463033	8	3	3	0	1	2	2	4199	126	49	76763	15	7	79	0	0	0	0	0	0	0	0	0	0	0	0	0	0	
1280.452317	8	3	3	0	1	2	2	4198	119	49	76822	15	7	79	0	0	0	0	0	0	0	0	0	0	0	0	0	0	
1281.457433	8	3	3	0	1	2	2	4198	111	49	76882	15	7	79	0	0	0	0	0	0	0	0	0	0	0	0	0	0	
1282.443833	8	3	3	0	1	2	2	4198	105	49	76942	15	7	79	0	0	0	0	0	0	0	0	0	0	0	0	0	0	
1283.450400	8	3	3	0	1	2	2	4199	100	49	77002	15	7	79	0	0	0	0	0	0	0	0	0	0	0	0	0	0	
1284.455517	8	3	3	0	1	2	2	4198	95	49	77062	15	7	79	0	0	0	0	0	0	0	0	0	0	0	0	0	0	
1285.460633	8	3	3	0	1	2	2	4199	87	49	77123	15	7	79	0	0	0	0	0	0	0	0	0	0	0	0	0	0	
1286.447033	8	3	3	0	1	2	2	4198	81	49	77182	15	7	79	0	0	0	0	0	0	0	0	0	0	0	0	0	0	
1287.453600	8	3	3	0	1	2	2	4198	76	49	77242	15	7	79	0	0	0	0	0	0	0	0	0	0	0	0	0	0	
1288.458717	8	3	3	0	1	2	2	4198	74	49	77302	15	7	79	0	0	0	0	0	0	0	0	0	0	0	0	0	0	
1289.445117	8	3	3	0	1	2	2	4199	69	49	77362	15	7	79	0	0	0	0	0	0	0	0	0	0	0	0	0	0	
1289.923200	8	6	3	0	2	7	1	4065	-1350	49	77390	15	8	0	0	0	0	0	0	0	0	0	0	0	0	0	0	0	
1290.451683	8	6	3	0	2	7	1	4021	-1350	49	77422	15	8	0	0	0	0	0	0	0	0	0	0	0	0	0	0	0	
1291.458233	8	6	3	0	2	7	1	3989	-1351	49	77482	15	8	2	0	0	0	0	0	0	0	0	0	0	0	0	0	0	
1292.463367	8	6	3	0	2	7	1	3965	-1348	49	77543	15	8	4	0	0	0	0	0	0	0	0	0	0	0	0	0	0	
1293.449767	8	6	3	0	2	7	1	3944	-1350	49	77602	15	8	5	0	0	0	0	0	0	0	0	0	0	0	0	0	0	
1294.454883	8	6	3	0	2	7	1	3924	-1350	49	77662	15	8	7	0	0	0	0	0	0	0	0	0	0	0	0	0	0	
1295.460000	8	6	3	0	2	7	1	3904	-1349	49	77723	15	8	9	0	0	0	0	0	0	0	0	0	0	0	0	0	0	
1296.447833	8	6	3	0	2	7	1	3885	-1349	49	77782	15	8	10	0	0	0	0	0	0	0	0	0	0	0	0	0	0	
1297.452967	8	6	3	0	2	7	1	3867	-1349	49	77842	15	8	12	0	0	0	0	0	0	0	0	0	0	0	0	0	0	
1298.458083	8	6	3	0	2	7	1	3849	-1349	49	77902	15	8	13	0	0	0	0	0	0	0	0	0	0	0	0	0	0	
1299.463200	8	6	3	0	2	7	1	3832	-1348	49	77963	15	8	15	0	0	0	0	0	0	0	0	0	0	0	0	0	0	
1300.449600	8	6	3	0	2	7	1	3815	-1350	49	78022	15	8	17	0	0	0	0	0	0	0	0	0	0	0	0	0	0	
1301.456167	8	6	3	0	2	7	1	3799	-1349	49	78082	15	8	18	0	0	0	0	0	0	0	0	0	0	0	0	0	0	
1302.461283	8	6	3	0	2	7	1	3783	-1351	49	78143	15	8	20	0	0	0	0	0	0	0	0	0	0	0	0	0	0	
1303.447683	8	6	3	0	2	7	1	3768	-1350	49	78202	15	8	22	0	0	0	0	0	0	0	0	0	0	0	0	0	0	
1304.452800	8	6	3	0	2	7	1	3754	-1349	49	78262	15	8	23	0	0	0	0	0	0	0	0	0	0	0	0	0	0	
1305.457917	8	6	3	0	2	7	1	3740	-1348	49	78322	15	8	25	0	0	0	0	0	0	0	0	0	0	0	0	0	0	
1306.463033	8	6	3	0	2	7	1	3726	-1349	49	78383	15	8	27	0	0	0	0	0	0	0	0	0	0	0	0	0	0	
1307.450883	8	6	3	0	2	7	1	3713	-1350	49	78442	15	8	28	0	0	0	0	0	0	0	0	0	0	0	0	0	0	
1308.456000	8	6	3	0	2	7	1	3700	-1349	49	78502	15	8	30	0	0	0	0	0	0	0	0	0	0	0	0	0	0	
1309.461117	8	6	3	0	2	7	1	3688	-1349	49	78563	15	8	32	0	0	0	0	0	0	0	0	0	0	0	0	0	0	
1310.447517	8	6	3	0	2	7	1	3676	-1349	49	78622	15	8	33	0	0	0	0	0	0	0	0	0	0	0	0	0	0	
1311.452633	8	6	3	0	2	7	1	3664	-1348	49	78682	15	8	35	0	0	0	0	0	0	0	0	0	0	0	0	0	0	
1312.457767	8	6	3	0	2	7	1	3654	-1349	49	78742	15	8	37	0	0	0	0	0	0	0	0	0	0	0	0	0	0	
1313.464317	8	6	3	0	2	7	1	3643	-1349	49	78803	15	8	38	0	0	0	0	0	0	0	0	0	0	0	0	0	0	
1314.450717	8	6	3	0	2	7	1	3633	-1351	49	78862	15	8	40	0	0	0	0	0	0	0	0	0	0	0	0	0	0	
1315.455833	8	6	3	0	2	7	1	3623	-1350	49	78922	15	8	42	0	0	0	0	0	0	0	0	0	0	0	0	0	0	
1316.460967	8	6	3	0	2	7	1	3613	-1351	49	78982	15	8	43	0	0	0	0	0	0	0	0	0	0	0	0	0	0	
1317.447367	8	6	3	0	2	7	1	3604	-1350	49	79042	15	8	45	0	0	0	0	0	0	0	0	0	0	0	0	0	0	
1318.453917	8	6	3	0	2	7	1	3595	-1350	49	79102	15	8	46	0	0	0	0	0	0	0	0	0	0	0	0	0	0	
1319.459033	8	6	3	0	2	7	1	3587	-1351	49	79162	15	8	48	0	0	0	0	0	0	0	0	0	0	0	0	0	0	
1320.464167	8	6	3	0	2	7	1	3579	-1351	49	79223	15	8	50	0	0	0	0	0	0	0	0	0	0	0	0	0	0	
1321.450567	8	6	3	0	2	7	1	3571	-1350	49	79282	15	8	51	0	0	0	0	0	0	0	0	0	0	0	0	0	0	
1322.455683	8	6	3	0	2	7	1	3564	-1350	49	79342	15	8	53	0	0	0	0	0	0	0	0	0	0	0	0	0	0	
1323.462233	8	6	3	0	2	7	1	3556	-1350	49	79402	15	8	55	0	0	0	0	0	0	0	0	0	0	0	0	0	0	
1324.448633	8	6	3	0	2	7	1	3549	-1347	49	79462	15	8	56	0	0	0	0	0	0	0	0	0	0	0	0	0	0	
1325.453767	8	6	3	0	2	7	1	3541	-1351	49	79522	15	8	58	0	0	0	0	0	0	0	0	0	0	0	0	0	0	
1326.458883	8	6	3	0	2	7	1	3533	-1350	49	79582	15	8	60	0	0	0	0	0	0	0	0	0	0	0	0	0	0	
1327.464000	8	6	3	0	2	7	1	3525	-1350	49	79643	15	8	61	0	0	0	0	0	0	0	0	0	0	0	0	0	0	
1328.450400	8	6	3	0	2	7	1	3515	-1349	49	79702	15	8	63	0	0	0	0	0	0	0	0	0	0	0	0	0	0	
1329.456967	8	6	3	0	2	7	1	3505	-1350	49	79762	15	8	65	0	0	0	0	0	0	0	0	0	0	0	0	0	0	
1330.462083	8	6	3	0	2	7	1	3493	-1350	49	79822	15	8	66	0	0	0	0	0	0	0	0	0	0	0	0	0	0	
1331.448483	8	6	3	0	2	7	1	3480	-1349	49	79882	15	8	68	0	0	0	0	0	0	0	0	0	0	0	0	0	0	
1332.453600	8	6	3	0	2	7	1	3463	-1349	49	79942	15	8	70	0	0	0	0	0	0	0	0	0	0	0	0	0	0	
1333.458717	8	6	3	0	2	7	1	3441	-1349	49	80002	15	8	71	0	0	0	0	0	0	0	0	0	0	0	0	0	0	
1334.463833	8	6	3	0	2	7	1	3410	-1349	49	80063	15	8	73	0	0	0	0	0	0	0	0	0	0	0	0	0	0	
1335.451683	8	6	3	0	2	7	1	3363	-1350	49	80122	15	8	75	0	0	0	0	0	0	0	0	0	0	0	0	0	0	
1336.456800	8	6	3	0	2	7	1	3273	-1350	49	80182	15	8	76	0	0	0	0	0	0	0	0	0	0	0	0	0	0	
1337.461917	8	6	3	0	2	7	1	3087	-1349	49	80242	15	8	78	0	0	0	0	0	0	0	0	0	0	0	0	0	0	
1338.336000	8	15	3	0	1	31	2	2873	66	49	80295	16	8	79	0	0	0	0	0	0	0	0	0	0	0	0	0	0	
1338.356167	8	4	3	0	1	3	2	2956	70	49	80296	16	8	79	0	0	0	0	0	0	0	0	0	0	0	0	0	0	
1338.395033	8	3	3	0	1	2	2	3136	676	49	80298	17	8	79	0	0	0	0	0	0	0	0	0	0	0	0	0	0	
1338.454083	8	3	3	0	1	2	2	3238	675	49	80302	17	8	79	0	0	0	0	0	0	0	0	0	0	0	0	0	0	
1339.459200	8	3	3	0	1	2	2	3551	675	49	80362	17	8	79	0	0	0	0	0	0	0	0	0	0	0	0	0	0	
1340.464317	8	3	3	0	1	2	2	3645	675	49	80423	17	8	79	0	0	0	0	0	0	0	0	0	0	0	0	0	0	
1341.450717	8	3	3	0	1	2	2	3697	675	49	80482	17	8	79	0	0	0	0	0	0	0	0	0	0	0	0	0	0	
1342.457283	8	3	3	0	1	2	2	3731	675	50	80542	17	8	79	0	0	0	0	0	0	0	0	0	0	0	0	0	0	
1343.462400	8	3	3	0	1	2	2	3750	674	49	80602	17	8	79	0	0	0	0	0	0	0	0	0	0	0	0	0	0	
1344.467517	8	3	3	0	1	2	2	3761	675	49	80663	17	8	79	0	0	0	0	0	0	0	0	0	0	0	0	0	0	
1345.453917	8	3	3	0	1	2	2	3770	675	49	80722	17	8	79	0	0	0	0	0	0	0	0	0	0	0	0	0	0	
1346.460483	8	3	3	0	1	2	2	3777	675	49	80782	17	8	79	0	0	0	0	0	0	0	0	0	0	0	0	0	0	
1347.465600	8	3	3	0	1	2	2	3784	675	49	80843	17	8	79	0	0	0	0	0	0	0	0	0	0	0	0	0	0	
1348.452000	8	3	3	0	1	2	2	3791	674	49	80902	17	8	79	0	0	0	0	0	0	0	0	0	0	0	0	0	0	
1349.457117	8	3	3	0	1	2	2	3798	674	49	80962	17	8	79	0	0	0	0	0	0	0	0	0	0	0	0	0	0	
1350.462233	8	3	3	0	1	2	2	3805	675	49	81022	17	8	79	0	0	0	0	0	0	0	0	0	0	0	0	0	0	
1351.467367	8	3	3	0	1	2	2	3812	675	50	81083	17	8	79	0	0	0	0	0	0	0	0	0	0	0	0	0	0	
1352.455200	8	3	3	0	1	2	2	3819	673	49	81142	17	8	79	0	0	0	0	0	0	0	0	0	0	0	0	0	0	
1353.460317	8	3	3	0	1	2	2	3826	675	49	81202	17	8	79	0	0	0	0	0	0	0	0	0	0	0	0	0	0	
1354.466883	8	3	3	0	1	2	2	3833	675	49	81263	17	8	79	0	0	0	0	0	0	0	0	0	0	0	0	0	0	
1355.453283	8	3	3	0	1	2	2	3839	674	49	81322	17	8	79	0	0	0	0	0	0	0	0	0	0	0	0	0	0	
1356.458400	8	3	3	0	1	2	2	3844	675	49	81382	17	8	79	0	0	0	0	0	0	0	0	0	0	0	0	0	0	
1357.464967	8	3	3	0	1	2	2	3850	675	49	81442	17	8	79	0	0	0	0	0	0	0	0	0	0	0	0	0	0	
1358.451367	8	3	3	0	1	2	2	3854	674	49	81502	17	8	79	0	0	0	0	0	0	0	0	0	0	0	0	0	0	
1359.456483	8	3	3	0	1	2	2	3859	675	49	81562	17	8	79	0	0	0	0	0	0	0	0	0	0	0	0	0	0	
1360.461600	8	3	3	0	1	2	2	3863	675	49	81622	17	8	79	0	0	0	0	0	0	0	0	0	0	0	0	0	0	
1361.466717	8	3	3	0	1	2	2	3867	674	49	81683	17	8	79	0	0	0	0	0	0	0	0	0	0	0	0	0	0	
1362.453117	8	3	3	0	1	2	2	3871	675	49	81742	17	8	79	0	0	0	0	0	0	0	0	0	0	0	0	0	0	
1363.459683	8	3	3	0	1	2	2	3875	674	49	81802	17	8	79	0	0	0	0	0	0	0	0	0	0	0	0	0	0	
1364.464800	8	3	3	0	1	2	2	3878	674	49	81862	17	8	79	0	0	0	0	0	0	0	0	0	0	0	0	0	0	
1365.451200	8	3	3	0	1	2	2	3882	674	49	81922	17	8	79	0	0	0	0	0	0	0	0	0	0	0	0	0	0	
1366.456317	8	3	3	0	1	2	2	3885	674	49	81982	17	8	79	0	0	0	0	0	0	0	0	0	0	0	0	0	0	
1367.461433	8	3	3	0	1	2	2	3889	675	49	82042	17	8	79	0	0	0	0	0	0	0	0	0	0	0	0	0	0	
1368.468000	8	3	3	0	1	2	2	3892	675	49	82103	17	8	79	0	0	0	0	0	0	0	0	0	0	0	0	0	0	
1369.454400	8	3	3	0	1	2	2	3895	674	49	82162	17	8	79	0	0	0	0	0	0	0	0	0	0	0	0	0	0	
1370.459517	8	3	3	0	1	2	2	3899	673	49	82222	17	8	79	0	0	0	0	0	0	0	0	0	0	0	0	0	0	
1371.464633	8	3	3	0	1	2	2	3903	675	49	82282	17	8	79	0	0	0	0	0	0	0	0	0	0	0	0	0	0	
1372.451033	8	3	3	0	1	2	2	3906	674	49	82342	17	8	79	0	0	0	0	0	0	0	0	0	0	0	0	0	0	
1373.457600	8	3	3	0	1	2	2	3910	674	49	82402	17	8	79	0	0	0	0	0	0	0	0	0	0	0	0	0	0	
1374.462717	8	3	3	0	1	2	2	3913	674	49	82462	17	8	79	0	0	0	0	0	0	0	0	0	0	0	0	0	0	
1375.467833	8	3	3	0	1	2	2	3917	674	49	82523	17	8	79	0	0	0	0	0	0	0	0	0	0	0	0	0	0	
1376.454233	8	3	3	0	1	2	2	3921	675	49	82582	17	8	79	0	0	0	0	0	0	0	0	0	0	0	0	0	0	
1377.459367	8	3	3	0	1	2	2	3924	674	49	82642	17	8	79	0	0	0	0	0	0	0	0	0	0	0	0	0	0	
1378.465917	8	3	3	0	1	2	2	3928	675	49	82702	17	8	79	0	0	0	0	0	0	0	0	0	0	0	0	0	0	
1379.452317	8	3	3	0	1	2	2	3932	675	49	82762	17	8	79	0	0	0	0	0	0	0	0	0	0	0	0	0	0	
1380.457433	8	3	3	0	1	2	2	3936	675	49	82822	17	8	79	0	0	0	0	0	0	0	0	0	0	0	0	0	0	
1381.462567	8	3	3	0	1	2	2	3940	674	49	82882	17	8	79	0	0	0	0	0	0	0	0	0	0	0	0	0	0	
1382.467683	8	3	3	0	1	2	2	3944	675	49	82943	17	8	79	0	0	0	0	0	0	0	0	0	0	0	0	0	0	
1383.454083	8	3	3	0	1	2	2	3949	674	49	83002	17	8	79	0	0	0	0	0	0	0	0	0	0	0	0	0	0	
1384.460633	8	3	3	0	1	2	2	3953	675	49	83062	17	8	79	0	0	0	0	0	0	0	0	0	0	0	0	0	0	
1385.465767	8	3	3	0	1	2	2	3957	674	49	83122	17	8	79	0	0	0	0	0	0	0	0	0	0	0	0	0	0	
1386.470883	8	3	3	0	1	2	2	3962	674	49	83183	17	8	79	0	0	0	0	0	0	0	0	0	0	0	0	0	0	
1387.457283	8	3	3	0	1	2	2	3967	675	49	83242	17	8	79	0	0	0	0	0	0	0	0	0	0	0	0	0	0	
1388.462400	8	3	3	0	1	2	2	3971	675	49	83302	17	8	79	0	0	0	0	0	0	0	0	0	0	0	0	0	0	
1389.467517	8	3	3	0	1	2	2	3977	676	49	83363	17	8	79	0	0	0	0	0	0	0	0	0	0	0	0	0	0	
1390.455367	8	3	3	0	1	2	2	3981	674	49	83422	17	8	79	0	0	0	0	0	0	0	0	0	0	0	0	0	0	
1391.460483	8	3	3	0	1	2	2	3986	674	49	83482	17	8	79	0	0	0	0	0	0	0	0	0	0	0	0	0	0	
1392.465600	8	3	3	0	1	2	2	3992	675	49	83542	17	8	79	0	0	0	0	0	0	0	0	0	0	0	0	0	0	
1393.470717	8	3	3	0	1	2	2	3997	675	49	83603	17	8	79	0	0	0	0	0	0	0	0	0	0	0	0	0	0	
1394.457117	8	3	3	0	1	2	2	4002	674	49	83662	17	8	79	0	0	0	0	0	0	0	0	0	0	0	0	0	0	
1395.462233	8	3	3	0	1	2	2	4008	675	49	83722	17	8	79	0	0	0	0	0	0	0	0	0	0	0	0	0	0	
1396.470233	8	3	3	0	1	2	2	4014	674	49	83783	17	8	79	0	0	0	0	0	0	0	0	0	0	0	0	0	0	
1397.456633	8	3	3	0	1	2	2	4019	675	49	83842	17	8	79	0	0	0	0	0	0	0	0	0	0	0	0	0	0	
1398.461767	8	3	3	0	1	2	2	4025	675	49	83902	17	8	79	0	0	0	0	0	0	0	0	0	0	0	0	0	0	
1399.466883	8	3	3	0	1	2	2	4031	674	49	83962	17	8	79	0	0	0	0	0	0	0	0	0	0	0	0	0	0	
1400.454717	8	3	3	0	1	2	2	4036	674	49	84022	17	8	79	0	0	0	0	0	0	0	0	0	0	0	0	0	0	
1401.459833	8	3	3	0	1	2	2	4042	674	49	84082	17	8	79	0	0	0	0	0	0	0	0	0	0	0	0	0	0	
1402.464967	8	3	3	0	1	2	2	4048	674	49	84142	17	8	79	0	0	0	0	0	0	0	0	0	0	0	0	0	0	
1403.470083	8	3	3	0	1	2	2	4055	675	49	84203	17	8	79	0	0	0	0	0	0	0	0	0	0	0	0	0	0	
1404.456483	8	3	3	0	1	2	2	4061	675	49	84262	17	8	79	0	0	0	0	0	0	0	0	0	0	0	0	0	0	
1405.461600	8	3	3	0	1	2	2	4068	675	49	84322	17	8	79	0	0	0	0	0	0	0	0	0	0	0	0	0	0	
1406.468167	8	3	3	0	1	2	2	4074	674	49	84382	17	8	79	0	0	0	0	0	0	0	0	0	0	0	0	0	0	
1407.454567	8	3	3	0	1	2	2	4080	674	49	84442	17	8	79	0	0	0	0	0	0	0	0	0	0	0	0	0	0	
1408.459683	8	3	3	0	1	2	2	4087	674	49	84502	17	8	79	0	0	0	0	0	0	0	0	0	0	0	0	0	0	
1409.464800	8	3	3	0	1	2	2	4094	675	49	84562	17	8	79	0	0	0	0	0	0	0	0	0	0	0	0	0	0	
1410.469917	8	3	3	0	1	2	2	4101	674	49	84623	17	8	79	0	0	0	0	0	0	0	0	0	0	0	0	0	0	
1411.456317	8	3	3	0	1	2	2	4108	675	49	84682	17	8	79	0	0	0	0	0	0	0	0	0	0	0	0	0	0	
1412.462883	8	3	3	0	1	2	2	4115	675	49	84742	17	8	79	0	0	0	0	0	0	0	0	0	0	0	0	0	0	
1413.468000	8	3	3	0	1	2	2	4121	668	49	84802	17	8	79	0	0	0	0	0	0	0	0	0	0	0	0	0	0	
1414.454400	8	3	3	0	1	2	2	4128	666	49	84862	17	8	79	0	0	0	0	0	0	0	0	0	0	0	0	0	0	
1415.459517	8	3	3	0	1	2	2	4136	665	49	84922	17	8	79	0	0	0	0	0	0	0	0	0	0	0	0	0	0	
1416.466083	8	3	3	0	1	2	2	4143	664	49	84982	17	8	79	0	0	0	0	0	0	0	0	0	0	0	0	0	0	
1417.471200	8	3	3	0	1	2	2	4150	664	49	85043	17	8	79	0	0	0	0	0	0	0	0	0	0	0	0	0	0	
1418.457600	8	3	3	0	1	2	2	4158	663	49	85102	17	8	79	0	0	0	0	0	0	0	0	0	0	0	0	0	0	
1419.462717	8	3	3	0	1	2	2	4165	661	49	85162	17	8	79	0	0	0	0	0	0	0	0	0	0	0	0	0	0	
1420.467833	8	3	3	0	1	2	2	4173	660	49	85222	17	8	79	0	0	0	0	0	0	0	0	0	0	0	0	0	0	
1421.455683	8	3	3	0	1	2	2	4180	659	49	85282	17	8	79	0	0	0	0	0	0	0	0	0	0	0	0	0	0	
1422.460800	8	3	3	0	1	2	2	4188	658	49	85342	17	8	79	0	0	0	0	0	0	0	0	0	0	0	0	0	0	
1423.465917	8	3	3	0	1	2	2	4196	657	49	85402	17	8	79	0	0	0	0	0	0	0	0	0	0	0	0	0	0	
1424.471033	8	3	3	0	1	2	2	4199	611	49	85463	17	8	79	0	0	0	0	0	0	0	0	0	0	0	0	0	0	
1425.457433	8	3	3	0	1	2	2	4198	559	49	85522	17	8	79	0	0	0	0	0	0	0	0	0	0	0	0	0	0	
1426.464000	8	3	3	0	1	2	2	4199	515	49	85582	17	8	79	0	0	0	0	0	0	0	0	0	0	0	0	0	0	
1427.469117	8	3	3	0	1	2	2	4199	475	49	85642	17	8	79	0	0	0	0	0	0	0	0	0	0	0	0	0	0	
1428.455517	8	3	3	0	1	2	2	4199	440	49	85702	17	8	79	0	0	0	0	0	0	0	0	0	0	0	0	0	0	
1429.460633	8	3	3	0	1	2	2	4199	407	49	85762	17	8	79	0	0	0	0	0	0	0	0	0	0	0	0	0	0	
1430.465767	8	3	3	0	1	2	2	4199	377	49	85822	17	8	79	0	0	0	0	0	0	0	0	0	0	0	0	0	0	
1431.470883	8	3	3	0	1	2	2	4199	350	49	85883	17	8	79	0	0	0	0	0	0	0	0	0	0	0	0	0	0	
1432.458717	8	3	3	0	1	2	2	4199	324	49	85942	17	8	79	0	0	0	0	0	0	0	0	0	0	0	0	0	0	
1433.463833	8	3	3	0	1	2	2	4198	301	49	86002	17	8	79	0	0	0	0	0	0	0	0	0	0	0	0	0	0	
1434.468967	8	3	3	0	1	2	2	4199	280	49	86062	17	8	79	0	0	0	0	0	0	0	0	0	0	0	0	0	0	
1435.474083	8	3	3	0	1	2	2	4199	261	49	86123	17	8	79	0	0	0	0	0	0	0	0	0	0	0	0	0	0	
1436.460483	8	3	3	0	1	2	2	4199	244	49	86182	17	8	79	0	0	0	0	0	0	0	0	0	0	0	0	0	0	
1437.465600	8	3	3	0	1	2	2	4198	226	49	86242	17	8	79	0	0	0	0	0	0	0	0	0	0	0	0	0	0	
1438.472167	8	3	3	0	1	2	2	4199	211	49	86303	17	8	79	0	0	0	0	0	0	0	0	0	0	0	0	0	0	
1439.458567	8	3	3	0	1	2	2	4199	196	49	86362	17	8	79	0	0	0	0	0	0	0	0	0	0	0	0	0	0	
1440.463683	8	3	3	0	1	2	2	4199	183	49	86422	17	8	79	0	0	0	0	0	0	0	0	0	0	0	0	0	0	
1441.468800	8	3	3	0	1	2	2	4199	171	49	86482	17	8	79	0	0	0	0	0	0	0	0	0	0	0	0	0	0	
1442.473917	8	3	3	0	1	2	2	4199	159	49	86543	17	8	79	0	0	0	0	0	0	0	0	0	0	0	0	0	0	
1443.461767	8	3	3	0	1	2	2	4199	151	49	86602	17	8	79	0	0	0	0	0	0	0	0	0	0	0	0	0	0	
1444.466883	8	3	3	0	1	2	2	4199	140	49	86662	17	8	79	0	0	0	0	0	0	0	0	0	0	0	0	0	0	
1445.472000	8	3	3	0	1	2	2	4199	131	49	86723	17	8	79	0	0	0	0	0	0	0	0	0	0	0	0	0	0	
1446.458400	8	3	3	0	1	2	2	4199	124	49	86782	17	8	79	0	0	0	0	0	0	0	0	0	0	0	0	0	0	
1447.463517	8	3	3	0	1	2	2	4199	115	49	86842	17	8	79	0	0	0	0	0	0	0	0	0	0	0	0	0	0	
1448.470083	8	3	3	0	1	2	2	4198	108	49	86902	17	8	79	0	0	0	0	0	0	0	0	0	0	0	0	0	0	
1449.475200	8	3	3	0	1	2	2	4199	102	49	86963	17	8	79	0	0	0	0	0	0	0	0	0	0	0	0	0	0	
1450.461600	8	3	3	0	1	2	2	4199	96	49	87022	17	8	79	0	0	0	0	0	0	0	0	0	0	0	0	0	0	
1451.466717	8	3	3	0	1	2	2	4199	89	49	87082	17	8	79	0	0	0	0	0	0	0	0	0	0	0	0	0	0	
1452.471833	8	3	3	0	1	2	2	4199	85	49	87143	17	8	79	0	0	0	0	0	0	0	0	0	0	0	0	0	0	
1453.458233	8	3	3	0	1	2	2	4199	80	49	87202	17	8	79	0	0	0	0	0	0	0	0	0	0	0	0	0	0	
1454.464800	8	3	3	0	1	2	2	4199	75	49	87262	17	8	79	0	0	0	0	0	0	0	0	0	0	0	0	0	0	
1455.472800	8	3	3	0	1	2	2	4199	71	49	87323	17	8	79	0	0	0	0	0	0	0	0	0	0	0	0	0	0	
1456.467833	8	3	3	0	1	2	2	4199	68	49	87382	17	8	79	0	0	0	0	0	0	0	0	0	0	0	0	0	0	
1456.627683	8	6	3	0	2	7	1	4067	-1349	49	87392	17	9	0	0	0	0	0	0	0	0	0	0	0	0	0	0	0	
1457.465767	8	6	3	0	2	7	1	4009	-1349	49	87442	17	9	1	0	0	0	0	0	0	0	0	0	0	0	0	0	0	
1458.476633	8	6	3	0	2	7	1	3981	-1350	49	87503	17	9	2	0	0	0	0	0	0	0	0	0	0	0	0	0	0	
1459.476000	8	6	3	0	2	7	1	3959	-1349	49	87563	17	9	4	0	0	0	0	0	0	0	0	0	0	0	0	0	0	
1460.471033	8	6	3	0	2	7	1	3938	-1349	49	87622	17	9	6	0	0	0	0	0	0	0	0	0	0	0	0	0	0	
1461.467517	8	6	3	0	2	7	1	3918	-1348	49	87682	17	9	7	0	0	0	0	0	0	0	0	0	0	0	0	0	0	
1462.462567	8	6	3	0	2	7	1	3899	-1350	49	87742	17	9	9	0	0	0	0	0	0	0	0	0	0	0	0	0	0	
1463.461917	8	6	3	0	2	7	1	3880	-1350	49	87802	17	9	11	0	0	0	0	0	0	0	0	0	0	0	0	0	0	
1464.477117	8	6	3	0	2	7	1	3861	-1350	49	87863	17	9	12	0	0	0	0	0	0	0	0	0	0	0	0	0	0	
1465.473600	8	6	3	0	2	7	1	3843	-1350	49	87922	17	9	14	0	0	0	0	0	0	0	0	0	0	0	0	0	0	
1466.468633	8	6	3	0	2	7	1	3826	-1348	49	87982	17	9	16	0	0	0	0	0	0	0	0	0	0	0	0	0	0	
1467.465117	8	6	3	0	2	7	1	3810	-1351	49	88042	17	9	17	0	0	0	0	0	0	0	0	0	0	0	0	0	0	
1468.460167	8	6	3	0	2	7	1	3794	-1349	49	88102	17	9	19	0	0	0	0	0	0	0	0	0	0	0	0	0	0	
1469.473917	8	6	3	0	2	7	1	3778	-1349	49	88163	17	9	21	0	0	0	0	0	0	0	0	0	0	0	0	0	0	
1470.461767	8	6	3	0	2	7	1	3763	-1348	49	88222	17	9	22	0	0	0	0	0	0	0	0	0	0	0	0	0	0	
1471.466883	8	6	3	0	2	7	1	3749	-1348	49	88282	17	9	24	0	0	0	0	0	0	0	0	0	0	0	0	0	0	
1472.472000	8	6	3	0	2	7	1	3735	-1349	49	88342	17	9	26	0	0	0	0	0	0	0	0	0	0	0	0	0	0	
1473.477117	8	6	3	0	2	7	1	3721	-1350	49	88403	17	9	27	0	0	0	0	0	0	0	0	0	0	0	0	0	0	
1474.463517	8	6	3	0	2	7	1	3708	-1349	49	88462	17	9	29	0	0	0	0	0	0	0	0	0	0	0	0	0	0	
1475.470083	8	6	3	0	2	7	1	3696	-1351	49	88522	17	9	31	0	0	0	0	0	0	0	0	0	0	0	0	0	0	
1476.475200	8	6	3	0	2	7	1	3684	-1349	49	88583	17	9	32	0	0	0	0	0	0	0	0	0	0	0	0	0	0	
1477.461600	8	6	3	0	2	7	1	3672	-1351	49	88642	17	9	34	0	0	0	0	0	0	0	0	0	0	0	0	0	0	
1478.466717	8	6	3	0	2	7	1	3661	-1349	49	88702	17	9	36	0	0	0	0	0	0	0	0	0	0	0	0	0	0	
1479.471833	8	6	3	0	2	7	1	3650	-1350	49	88762	17	9	37	0	0	0	0	0	0	0	0	0	0	0	0	0	0	
1480.478400	8	6	3	0	2	7	1	3639	-1349	49	88823	17	9	39	0	0	0	0	0	0	0	0	0	0	0	0	0	0	
1481.464800	8	6	3	0	2	7	1	3629	-1350	49	88882	17	9	40	0	0	0	0	0	0	0	0	0	0	0	0	0	0	
1482.469917	8	6	3	0	2	7	1	3620	-1349	49	88942	17	9	42	0	0	0	0	0	0	0	0	0	0	0	0	0	0	
1483.475033	8	6	3	0	2	7	1	3610	-1348	49	89003	17	9	44	0	0	0	0	0	0	0	0	0	0	0	0	0	0	
1484.461433	8	6	3	0	2	7	1	3601	-1349	49	89062	17	9	45	0	0	0	0	0	0	0	0	0	0	0	0	0	0	
1485.468000	8	6	3	0	2	7	1	3593	-1350	49	89122	17	9	47	0	0	0	0	0	0	0	0	0	0	0	0	0	0	
1486.473117	8	6	3	0	2	7	1	3584	-1350	49	89182	17	9	49	0	0	0	0	0	0	0	0	0	0	0	0	0	0	
1487.478233	8	6	3	0	2	7	1	3576	-1349	49	89243	17	9	50	0	0	0	0	0	0	0	0	0	0	0	0	0	0	
1488.464633	8	6	3	0	2	7	1	3568	-1348	49	89302	17	9	52	0	0	0	0	0	0	0	0	0	0	0	0	0	0	
1489.469767	8	6	3	0	2	7	1	3561	-1349	49	89362	17	9	54	0	0	0	0	0	0	0	0	0	0	0	0	0	0	
1490.474883	8	6	3	0	2	7	1	3554	-1349	49	89423	17	9	55	0	0	0	0	0	0	0	0	0	0	0	0	0	0	
1491.462717	8	6	3	0	2	7	1	3546	-1350	49	89482	17	9	57	0	0	0	0	0	0	0	0	0	0	0	0	0	0	
1492.467833	8	6	3	0	2	7	1	3539	-1350	49	89542	17	9	59	0	0	0	0	0	0	0	0	0	0	0	0	0	0	
1493.472967	8	6	3	0	2	7	1	3530	-1350	49	89602	17	9	60	0	0	0	0	0	0	0	0	0	0	0	0	0	0	
1494.478083	8	6	3	0	2	7	1	3522	-1349	49	89663	17	9	62	0	0	0	0	0	0	0	0	0	0	0	0	0	0	
1495.464483	8	6	3	0	2	7	1	3512	-1349	49	89722	17	9	63	0	0	0	0	0	0	0	0	0	0	0	0	0	0	
1496.469600	8	6	3	0	2	7	1	3502	-1350	49	89782	17	9	65	0	0	0	0	0	0	0	0	0	0	0	0	0	0	
1497.476167	8	6	3	0	2	7	1	3489	-1349	49	89843	17	9	67	0	0	0	0	0	0	0	0	0	0	0	0	0	0	
1498.462567	8	6	3	0	2	7	1	3474	-1350	49	89902	17	9	68	0	0	0	0	0	0	0	0	0	0	0	0	0	0	
1499.467683	8	6	3	0	2	7	1	3456	-1350	49	89962	17	9	70	0	0	0	0	0	0	0	0	0	0	0	0	0	0	
1500.472800	8	6	3	0	2	7	1	3430	-1349	49	90022	17	9	72	0	0	0	0	0	0	0	0	0	0	0	0	0	0	
1501.477917	8	6	3	0	2	7	1	3393	-1349	49	90083	17	9	73	0	0	0	0	0	0	0	0	0	0	0	0	0	0	
1502.464317	8	6	3	0	2	7	1	3334	-1351	49	90142	17	9	75	0	0	0	0	0	0	0	0	0	0	0	0	0	0	
1503.470883	8	6	3	0	2	7	1	3214	-1349	49	90202	17	9	77	0	0	0	0	0	0	0	0	0	0	0	0	0	0	
1504.476000	8	6	3	0	2	7	1	2947	-1349	49	90262	17	9	78	0	0	0	0	0	0	0	0	0	0	0	0	0	0	
1504.954083	8	15	3	0	1	31	2	2918	65	49	90291	18	9	79	0	0	0	0	0	0	0	0	0	0	0	0	0	0	
1504.974233	8	4	3	0	1	3	2	2979	71	49	90292	18	9	79	0	0	0	0	0	0	0	0	0	0	0	0	0	0	
1504.994400	8	3	3	0	1	2	2	3078	478	49	90294	19	9	79	0	0	0	0	0	0	0	0	0	0	0	0	0	0	
1505.468167	8	3	3	0	1	2	2	3443	674	49	90322	19	9	79	0	0	0	0	0	0	0	0	0	0	0	0	0	0	
1506.473283	8	3	3	0	1	2	2	3599	673	50	90382	19	9	79	0	0	0	0	0	0	0	0	0	0	0	0	0	0	
1507.478400	8	3	3	0	1	2	2	3671	675	49	90443	19	9	79	0	0	0	0	0	0	0	0	0	0	0	0	0	0	
1508.464800	8	3	3	0	1	2	2	3715	674	49	90502	19	9	79	0	0	0	0	0	0	0	0	0	0	0	0	0	0	
1509.469917	8	3	3	0	1	2	2	3741	674	49	90562	19	9	79	0	0	0	0	0	0	0	0	0	0	0	0	0	0	
1510.475033	8	3	3	0	1	2	2	3756	674	49	90622	19	9	79	0	0	0	0	0	0	0	0	0	0	0	0	0	0	
1511.462883	8	3	3	0	1	2	2	3765	673	49	90682	19	9	79	0	0	0	0	0	0	0	0	0	0	0	0	0	0	
1512.468000	8	3	3	0	1	2	2	3774	675	49	90742	19	9	79	0	0	0	0	0	0	0	0	0	0	0	0	0	0	
1513.473117	8	3	3	0	1	2	2	3781	674	50	90802	19	9	79	0	0	0	0	0	0	0	0	0	0	0	0	0	0	
1514.478233	8	3	3	0	1	2	2	3788	674	49	90863	19	9	79	0	0	0	0	0	0	0	0	0	0	0	0	0	0	
1515.464633	8	3	3	0	1	2	2	3795	673	50	90922	19	9	79	0	0	0	0	0	0	0	0	0	0	0	0	0	0	
1516.469767	8	3	3	0	1	2	2	3802	674	49	90982	19	9	79	0	0	0	0	0	0	0	0	0	0	0	0	0	0	
1517.476317	8	3	3	0	1	2	2	3809	674	49	91042	19	9	79	0	0	0	0	0	0	0	0	0	0	0	0	0	0	
1518.462717	8	3	3	0	1	2	2	3816	674	49	91102	19	9	79	0	0	0	0	0	0	0	0	0	0	0	0	0	0	
1519.467833	8	3	3	0	1	2	2	3823	673	49	91162	19	9	79	0	0	0	0	0	0	0	0	0	0	0	0	0	0	
1520.472967	8	3	3	0	1	2	2	3830	674	49	91222	19	9	79	0	0	0	0	0	0	0	0	0	0	0	0	0	0	
1521.478083	8	3	3	0	1	2	2	3836	675	49	91283	19	9	79	0	0	0	0	0	0	0	0	0	0	0	0	0	0	
1522.465917	8	3	3	0	1	2	2	3842	673	49	91342	19	9	79	0	0	0	0	0	0	0	0	0	0	0	0	0	0	
1523.471033	8	3	3	0	1	2	2	3848	676	49	91402	19	9	79	0	0	0	0	0	0	0	0	0	0	0	0	0	0	
1524.476167	8	3	3	0	1	2	2	3852	674	49	91462	19	9	79	0	0	0	0	0	0	0	0	0	0	0	0	0	0	
1525.481283	8	3	3	0	1	2	2	3857	675	49	91523	19	9	79	0	0	0	0	0	0	0	0	0	0	0	0	0	0	
1526.467683	8	3	3	0	1	2	2	3861	674	49	91582	19	9	79	0	0	0	0	0	0	0	0	0	0	0	0	0	0	
1527.474233	8	3	3	0	1	2	2	3866	675	49	91642	19	9	79	0	0	0	0	0	0	0	0	0	0	0	0	0	0	
1528.479367	8	3	3	0	1	2	2	3870	675	49	91703	19	9	79	0	0	0	0	0	0	0	0	0	0	0	0	0	0	
1529.465767	8	3	3	0	1	2	2	3873	675	49	91762	19	9	79	0	0	0	0	0	0	0	0	0	0	0	0	0	0	
1530.470883	8	3	3	0	1	2	2	3877	675	49	91822	19	9	79	0	0	0	0	0	0	0	0	0	0	0	0	0	0	
1531.476000	8	3	3	0	1	2	2	3880	674	49	91882	19	9	79	0	0	0	0	0	0	0	0	0	0	0	0	0	0	
1532.481117	8	3	3	0	1	2	2	3884	674	49	91943	19	9	79	0	0	0	0	0	0	0	0	0	0	0	0	0	0	
1533.468967	8	3	3	0	1	2	2	3887	673	49	92002	19	9	79	0	0	0	0	0	0	0	0	0	0	0	0	0	0	
1534.474083	8	3	3	0	1	2	2	3891	674	49	92062	19	9	79	0	0	0	0	0	0	0	0	0	0	0	0	0	0	
1535.479200	8	3	3	0	1	2	2	3894	674	50	92123	19	9	79	0	0	0	0	0	0	0	0	0	0	0	0	0	0	
1536.465600	8	3	3	0	1	2	2	3898	674	49	92182	19	9	79	0	0	0	0	0	0	0	0	0	0	0	0	0	0	
1537.470717	8	3	3	0	1	2	2	3901	674	49	92242	19	9	79	0	0	0	0	0	0	0	0	0	0	0	0	0	0	
1538.475833	8	3	3	0	1	2	2	3905	674	50	92302	19	9	79	0	0	0	0	0	0	0	0	0	0	0	0	0	0	
1539.482400	8	3	3	0	1	2	2	3908	675	49	92363	19	9	79	0	0	0	0	0	0	0	0	0	0	0	0	0	0	
1540.468800	8	3	3	0	1	2	2	3912	674	49	92422	19	9	79	0	0	0	0	0	0	0	0	0	0	0	0	0	0	
1541.473917	8	3	3	0	1	2	2	3915	675	49	92482	19	9	79	0	0	0	0	0	0	0	0	0	0	0	0	0	0	
1542.479033	8	3	3	0	1	2	2	3919	675	49	92543	19	9	79	0	0	0	0	0	0	0	0	0	0	0	0	0	0	
1543.465433	8	3	3	0	1	2	2	3923	675	49	92602	19	9	79	0	0	0	0	0	0	0	0	0	0	0	0	0	0	
1544.470567	8	3	3	0	1	2	2	3927	676	49	92662	19	9	79	0	0	0	0	0	0	0	0	0	0	0	0	0	0	
1545.477117	8	3	3	0	1	2	2	3930	674	49	92722	19	9	79	0	0	0	0	0	0	0	0	0	0	0	0	0	0	
1546.482233	8	3	3	0	1	2	2	3934	675	49	92783	19	9	79	0	0	0	0	0	0	0	0	0	0	0	0	0	0	
1547.468633	8	3	3	0	1	2	2	3938	674	49	92842	19	9	79	0	0	0	0	0	0	0	0	0	0	0	0	0	0	
1548.473767	8	3	3	0	1	2	2	3942	675	49	92902	19	9	79	0	0	0	0	0	0	0	0	0	0	0	0	0	0	
1549.480317	8	3	3	0	1	2	2	3947	675	49	92963	19	9	79	0	0	0	0	0	0	0	0	0	0	0	0	0	0	
1550.466717	8	3	3	0	1	2	2	3951	674	49	93022	19	9	79	0	0	0	0	0	0	0	0	0	0	0	0	0	0	
1551.471833	8	3	3	0	1	2	2	3956	675	49	93082	19	9	79	0	0	0	0	0	0	0	0	0	0	0	0	0	0	
1552.476967	8	3	3	0	1	2	2	3960	675	49	93142	19	9	79	0	0	0	0	0	0	0	0	0	0	0	0	0	0	
1553.482083	8	3	3	0	1	2	2	3965	674	49	93203	19	9	79	0	0	0	0	0	0	0	0	0	0	0	0	0	0	
1554.468483	8	3	3	0	1	2	2	3969	674	49	93262	19	9	79	0	0	0	0	0	0	0	0	0	0	0	0	0	0	
1555.475033	8	3	3	0	1	2	2	3974	674	49	93322	19	9	79	0	0	0	0	0	0	0	0	0	0	0	0	0	0	
1556.480167	8	3	3	0	1	2	2	3979	674	49	93382	19	9	79	0	0	0	0	0	0	0	0	0	0	0	0	0	0	
1557.466567	8	3	3	0	1	2	2	3984	674	49	93442	19	9	79	0	0	0	0	0	0	0	0	0	0	0	0	0	0	
1558.471683	8	3	3	0	1	2	2	3989	674	49	93502	19	9	79	0	0	0	0	0	0	0	0	0	0	0	0	0	0	
1559.476800	8	3	3	0	1	2	2	3995	675	49	93562	19	9	79	0	0	0	0	0	0	0	0	0	0	0	0	0	0	
1560.483367	8	3	3	0	1	2	2	4000	674	49	93623	19	9	79	0	0	0	0	0	0	0	0	0	0	0	0	0	0	
1561.469767	8	3	3	0	1	2	2	4006	675	49	93682	19	9	79	0	0	0	0	0	0	0	0	0	0	0	0	0	0	
1562.474883	8	3	3	0	1	2	2	4011	675	49	93742	19	9	79	0	0	0	0	0	0	0	0	0	0	0	0	0	0	
1563.480000	8	3	3	0	1	2	2	4017	674	49	93802	19	9	79	0	0	0	0	0	0	0	0	0	0	0	0	0	0	
1564.466400	8	3	3	0	1	2	2	4022	674	49	93862	19	9	79	0	0	0	0	0	0	0	0	0	0	0	0	0	0	
1565.471517	8	3	3	0	1	2	2	4028	674	49	93922	19	9	79	0	0	0	0	0	0	0	0	0	0	0	0	0	0	
1566.478083	8	3	3	0	1	2	2	4034	674	49	93982	19	9	79	0	0	0	0	0	0	0	0	0	0	0	0	0	0	
1567.483200	8	3	3	0	1	2	2	4040	675	49	94043	19	9	79	0	0	0	0	0	0	0	0	0	0	0	0	0	0	
1568.469600	8	3	3	0	1	2	2	4046	676	49	94102	19	9	79	0	0	0	0	0	0	0	0	0	0	0	0	0	0	
1569.474717	8	3	3	0	1	2	2	4052	675	49	94162	19	9	79	0	0	0	0	0	0	0	0	0	0	0	0	0	0	
1570.479833	8	3	3	0	1	2	2	4058	674	49	94222	19	9	79	0	0	0	0	0	0	0	0	0	0	0	0	0	0	
1571.466233	8	3	3	0	1	2	2	4065	674	49	94282	19	9	79	0	0	0	0	0	0	0	0	0	0	0	0	0	0	
1572.472800	8	3	3	0	1	2	2	4071	674	49	94342	19	9	79	0	0	0	0	0	0	0	0	0	0	0	0	0	0	
1573.477917	8	3	3	0	1	2	2	4078	675	49	94402	19	9	79	0	0	0	0	0	0	0	0	0	0	0	0	0	0	
1574.483033	8	3	3	0	1	2	2	4085	674	49	94463	19	9	79	0	0	0	0	0	0	0	0	0	0	0	0	0	0	
1575.469433	8	3	3	0	1	2	2	4092	675	49	94522	19	9	79	0	0	0	0	0	0	0	0	0	0	0	0	0	0	
1576.474567	8	3	3	0	1	2	2	4098	675	49	94582	19	9	79	0	0	0	0	0	0	0	0	0	0	0	0	0	0	
1577.481117	8	3	3	0	1	2	2	4105	675	49	94642	19	9	79	0	0	0	0	0	0	0	0	0	0	0	0	0	0	
1578.467517	8	3	3	0	1	2	2	4112	676	49	94702	19	9	79	0	0	0	0	0	0	0	0	0	0	0	0	0	0	
1579.474083	8	3	3	0	1	2	2	4118	667	49	94762	19	9	79	0	0	0	0	0	0	0	0	0	0	0	0	0	0	
1580.479200	8	3	3	0	1	2	2	4126	666	49	94822	19	9	79	0	0	0	0	0	0	0	0	0	0	0	0	0	0	
1581.484317	8	3	3	0	1	2	2	4132	664	49	94883	19	9	79	0	0	0	0	0	0	0	0	0	0	0	0	0	0	
1582.472167	8	3	3	0	1	2	2	4139	662	49	94942	19	9	79	0	0	0	0	0	0	0	0	0	0	0	0	0	0	
1583.477283	8	3	3	0	1	2	2	4147	661	49	95002	19	9	79	0	0	0	0	0	0	0	0	0	0	0	0	0	0	
1584.482400	8	3	3	0	1	2	2	4154	660	49	95063	19	9	79	0	0	0	0	0	0	0	0	0	0	0	0	0	0	
1585.468800	8	3	3	0	1	2	2	4162	660	49	95122	19	9	79	0	0	0	0	0	0	0	0	0	0	0	0	0	0	
1586.473917	8	3	3	0	1	2	2	4169	658	49	95182	19	9	79	0	0	0	0	0	0	0	0	0	0	0	0	0	0	
1587.480483	8	3	3	0	1	2	2	4177	657	49	95242	19	9	79	0	0	0	0	0	0	0	0	0	0	0	0	0	0	
1588.485600	8	3	3	0	1	2	2	4184	656	49	95303	19	9	79	0	0	0	0	0	0	0	0	0	0	0	0	0	0	
1589.472000	8	3	3	0	1	2	2	4192	655	49	95362	19	9	79	0	0	0	0	0	0	0	0	0	0	0	0	0	0	
1590.477117	8	3	3	0	1	2	2	4199	640	49	95422	19	9	79	0	0	0	0	0	0	0	0	0	0	0	0	0	0	
1591.482233	8	3	3	0	1	2	2	4199	582	49	95482	19	9	79	0	0	0	0	0	0	0	0	0	0	0	0	0	0	
1592.468633	8	3	3	0	1	2	2	4199	535	49	95542	19	9	79	0	0	0	0	0	0	0	0	0	0	0	0	0	0	
1593.475200	8	3	3	0	1	2	2	4199	492	49	95602	19	9	79	0	0	0	0	0	0	0	0	0	0	0	0	0	0	
1594.480317	8	3	3	0	1	2	2	4199	455	49	95662	19	9	79	0	0	0	0	0	0	0	0	0	0	0	0	0	0	
1595.485433	8	3	3	0	1	2	2	4199	420	49	95723	19	9	79	0	0	0	0	0	0	0	0	0	0	0	0	0	0	
1596.473283	8	3	3	0	1	2	2	4199	391	49	95782	19	9	79	0	0	0	0	0	0	0	0	0	0	0	0	0	0	
1597.479833	8	3	3	0	1	2	2	4199	362	49	95842	19	9	79	0	0	0	0	0	0	0	0	0	0	0	0	0	0	
1598.484967	8	3	3	0	1	2	2	4199	335	49	95903	19	9	79	0	0	0	0	0	0	0	0	0	0	0	0	0	0	
1599.471367	8	3	3	0	1	2	2	4199	312	49	95962	19	9	79	0	0	0	0	0	0	0	0	0	0	0	0	0	0	
1600.476483	8	3	3	0	1	2	2	4199	290	49	96022	19	9	79	0	0	0	0	0	0	0	0	0	0	0	0	0	0	
1601.481600	8	3	3	0	1	2	2	4198	269	49	96082	19	9	79	0	0	0	0	0	0	0	0	0	0	0	0	0	0	
1602.469433	8	3	3	0	1	2	2	4199	251	49	96142	19	9	79	0	0	0	0	0	0	0	0	0	0	0	0	0	0	
1603.474567	8	3	3	0	1	2	2	4199	234	49	96202	19	9	79	0	0	0	0	0	0	0	0	0	0	0	0	0	0	
1604.479683	8	3	3	0	1	2	2	4199	217	49	96262	19	9	79	0	0	0	0	0	0	0	0	0	0	0	0	0	0	
1605.484800	8	3	3	0	1	2	2	4199	203	49	96323	19	9	79	0	0	0	0	0	0	0	0	0	0	0	0	0	0	
1606.471200	8	3	3	0	1	2	2	4199	191	49	96382	19	9	79	0	0	0	0	0	0	0	0	0	0	0	0	0	0	
1607.476317	8	3	3	0	1	2	2	4199	177	49	96442	19	9	79	0	0	0	0	0	0	0	0	0	0	0	0	0	0	
1608.482883	8	3	3	0	1	2	2	4198	165	49	96502	19	9	79	0	0	0	0	0	0	0	0	0	0	0	0	0	0	
1609.488000	8	3	3	0	1	2	2	4199	155	49	96563	19	9	79	0	0	0	0	0	0	0	0	0	0	0	0	0	0	
1610.474400	8	3	3	0	1	2	2	4199	143	49	96622	19	9	79	0	0	0	0	0	0	0	0	0	0	0	0	0	0	
1611.479517	8	3	3	0	1	2	2	4199	135	49	96682	19	9	79	0	0	0	0	0	0	0	0	0	0	0	0	0	0	
1612.486083	8	3	3	0	1	2	2	4199	127	49	96743	19	9	79	0	0	0	0	0	0	0	0	0	0	0	0	0	0	
1613.472483	8	3	3	0	1	2	2	4199	119	49	96802	19	9	79	0	0	0	0	0	0	0	0	0	0	0	0	0	0	
1614.477600	8	3	3	0	1	2	2	4199	111	49	96862	19	9	79	0	0	0	0	0	0	0	0	0	0	0	0	0	0	
1615.482717	8	3	3	0	1	2	2	4198	105	49	96922	19	9	79	0	0	0	0	0	0	0	0	0	0	0	0	0	0	
1616.487833	8	3	3	0	1	2	2	4199	98	49	96983	19	9	79	0	0	0	0	0	0	0	0	0	0	0	0	0	0	
1617.474233	8	3	3	0	1	2	2	4199	92	49	97042	19	9	79	0	0	0	0	0	0	0	0	0	0	0	0	0	0	
1618.480800	8	3	3	0	1	2	2	4199	87	49	97102	19	9	79	0	0	0	0	0	0	0	0	0	0	0	0	0	0	
1619.485917	8	3	3	0	1	2	2	4199	81	49	97163	19	9	79	0	0	0	0	0	0	0	0	0	0	0	0	0	0	
1620.472317	8	3	3	0	1	2	2	4199	77	49	97222	19	9	79	0	0	0	0	0	0	0	0	0	0	0	0	0	0	
1621.477433	8	3	3	0	1	2	2	4199	72	49	97282	19	9	79	0	0	0	0	0	0	0	0	0	0	0	0	0	0	
1622.485433	8	3	3	0	1	2	2	4199	69	49	97342	19	9	79	0	0	0	0	0	0	0	0	0	0	0	0	0	0	
1623.245767	8	6	3	0	2	7	1	4066	-1348	49	97388	19	10	0	0	0	0	0	0	0	0	0	0	0	0	0	0	0	
1623.473283	8	6	3	0	2	7	1	4038	-1349	49	97402	19	10	0	0	0	0	0	0	0	0	0	0	0	0	0	0	0	
1624.478400	8	6	3	0	2	7	1	3996	-1348	49	97462	19	10	2	0	0	0	0	0	0	0	0	0	0	0	0	0	0	
1625.483517	8	6	3	0	2	7	1	3971	-1350	49	97522	19	10	3	0	0	0	0	0	0	0	0	0	0	0	0	0	0	
1626.490083	8	6	3	0	2	7	1	3950	-1348	49	97583	19	10	5	0	0	0	0	0	0	0	0	0	0	0	0	0	0	
1627.476483	8	6	3	0	2	7	1	3929	-1349	49	97642	19	10	6	0	0	0	0	0	0	0	0	0	0	0	0	0	0	
1628.481600	8	6	3	0	2	7	1	3909	-1349	49	97702	19	10	8	0	0	0	0	0	0	0	0	0	0	0	0	0	0	
1629.486717	8	6	3	0	2	7	1	3889	-1348	49	97763	19	10	10	0	0	0	0	0	0	0	0	0	0	0	0	0	0	
1630.473117	8	6	3	0	2	7	1	3871	-1349	49	97822	19	10	11	0	0	0	0	0	0	0	0	0	0	0	0	0	0	
1631.478233	8	6	3	0	2	7	1	3853	-1350	49	97882	19	10	13	0	0	0	0	0	0	0	0	0	0	0	0	0	0	
1632.484800	8	6	3	0	2	7	1	3836	-1349	49	97942	19	10	15	0	0	0	0	0	0	0	0	0	0	0	0	0	0	
1633.489917	8	6	3	0	2	7	1	3818	-1349	49	98003	19	10	16	0	0	0	0	0	0	0	0	0	0	0	0	0	0	
1634.476317	8	6	3	0	2	7	1	3802	-1349	49	98062	19	10	18	0	0	0	0	0	0	0	0	0	0	0	0	0	0	
1635.481433	8	6	3	0	2	7	1	3786	-1349	49	98122	19	10	20	0	0	0	0	0	0	0	0	0	0	0	0	0	0	
1636.486567	8	6	3	0	2	7	1	3771	-1349	49	98183	19	10	21	0	0	0	0	0	0	0	0	0	0	0	0	0	0	
1637.472967	8	6	3	0	2	7	1	3756	-1349	49	98242	19	10	23	0	0	0	0	0	0	0	0	0	0	0	0	0	0	
1638.479517	8	6	3	0	2	7	1	3742	-1351	49	98302	19	10	25	0	0	0	0	0	0	0	0	0	0	0	0	0	0	
1639.484633	8	6	3	0	2	7	1	3728	-1350	49	98362	19	10	26	0	0	0	0	0	0	0	0	0	0	0	0	0	0	
1640.489767	8	6	3	0	2	7	1	3715	-1349	49	98423	19	10	28	0	0	0	0	0	0	0	0	0	0	0	0	0	0	
1641.476167	8	6	3	0	2	7	1	3702	-1350	49	98482	19	10	30	0	0	0	0	0	0	0	0	0	0	0	0	0	0	
1642.481283	8	6	3	0	2	7	1	3690	-1351	49	98542	19	10	31	0	0	0	0	0	0	0	0	0	0	0	0	0	0	
1643.486400	8	6	3	0	2	7	1	3678	-1349	49	98603	19	10	33	0	0	0	0	0	0	0	0	0	0	0	0	0	0	
1644.474233	8	6	3	0	2	7	1	3667	-1350	49	98662	19	10	35	0	0	0	0	0	0	0	0	0	0	0	0	0	0	
1645.482233	8	6	3	0	2	7	1	3655	-1350	49	98722	19	10	36	0	0	0	0	0	0	0	0	0	0	0	0	0	0	
1646.487367	8	6	3	0	2	7	1	3644	-1350	49	98783	19	10	38	0	0	0	0	0	0	0	0	0	0	0	0	0	0	
1647.475200	8	6	3	0	2	7	1	3634	-1350	49	98842	19	10	40	0	0	0	0	0	0	0	0	0	0	0	0	0	0	
1648.480317	8	6	3	0	2	7	1	3624	-1350	49	98902	19	10	41	0	0	0	0	0	0	0	0	0	0	0	0	0	0	
1649.485433	8	6	3	0	2	7	1	3614	-1349	49	98962	19	10	43	0	0	0	0	0	0	0	0	0	0	0	0	0	0	
1650.490567	8	6	3	0	2	7	1	3605	-1351	49	99023	19	10	44	0	0	0	0	0	0	0	0	0	0	0	0	0	0	
1651.476967	8	6	3	0	2	7	1	3597	-1349	49	99082	19	10	46	0	0	0	0	0	0	0	0	0	0	0	0	0	0	
1652.483517	8	6	3	0	2	7	1	3588	-1349	49	99142	19	10	48	0	0	0	0	0	0	0	0	0	0	0	0	0	0	
1653.488633	8	6	3	0	2	7	1	3580	-1350	49	99203	19	10	49	0	0	0	0	0	0	0	0	0	0	0	0	0	0	
1654.475033	8	6	3	0	2	7	1	3572	-1348	49	99262	19	10	51	0	0	0	0	0	0	0	0	0	0	0	0	0	0	
1655.480167	8	6	3	0	2	7	1	3565	-1349	49	99322	19	10	53	0	0	0	0	0	0	0	0	0	0	0	0	0	0	
1656.485283	8	6	3	0	2	7	1	3557	-1351	49	99382	19	10	54	0	0	0	0	0	0	0	0	0	0	0	0	0	0	
1657.490400	8	6	3	0	2	7	1	3550	-1348	49	99443	19	10	56	0	0	0	0	0	0	0	0	0	0	0	0	0	0	
1658.478233	8	6	3	0	2	7	1	3542	-1349	49	99502	19	10	58	0	0	0	0	0	0	0	0	0	0	0	0	0	0	
1659.483367	8	6	3	0	2	7	1	3534	-1350	49	99562	19	10	59	0	0	0	0	0	0	0	0	0	0	0	0	0	0	
1660.488483	8	6	3	0	2	7	1	3526	-1349	49	99623	19	10	61	0	0	0	0	0	0	0	0	0	0	0	0	0	0	
1661.474883	8	6	3	0	2	7	1	3516	-1351	49	99682	19	10	63	0	0	0	0	0	0	0	0	0	0	0	0	0	0	
1662.480000	8	6	3	0	2	7	1	3507	-1350	49	99742	19	10	64	0	0	0	0	0	0	0	0	0	0	0	0	0	0	
1663.485117	8	6	3	0	2	7	1	3495	-1350	49	99802	19	10	66	0	0	0	0	0	0	0	0	0	0	0	0	0	0	
1664.491683	8	6	3	0	2	7	1	3482	-1349	49	99863	19	10	68	0	0	0	0	0	0	0	0	0	0	0	0	0	0	
1665.478083	8	6	3	0	2	7	1	3466	-1350	49	99922	19	10	69	0	0	0	0	0	0	0	0	0	0	0	0	0	0	
1666.483200	8	6	3	0	2	7	1	3445	-1348	49	99982	19	10	71	0	0	0	0	0	0	0	0	0	0	0	0	0	0	
1667.488317	8	6	3	0	2	7	1	3415	-1349	49	100042	19	10	73	0	0	0	0	0	0	0	0	0	0	0	0	0	0	
1668.474717	8	6	3	0	2	7	1	3370	-1349	49	100102	19	10	74	0	0	0	0	0	0	0	0	0	0	0	0	0	0	
1669.481283	8	6	3	0	2	7	1	3288	-1349	49	100162	19	10	76	0	0	0	0	0	0	0	0	0	0	0	0	0	0	
1670.486400	8	6	3	0	2	7	1	3118	-1348	49	100222	19	10	78	0	0	0	0	0	0	0	0	0	0	0	0	0	0	
1671.491517	8	15	3	0	1	31	2	2923	66	49	100283	20	10	79	0	0	0	0	0	0	0	0	0	0	0	0	0	0	
1671.517433	8	4	3	0	1	3	2	2995	64	49	100284	20	10	79	0	0	0	0	0	0	0	0	0	0	0	0	0	0	
1671.537600	8	3	3	0	1	2	2	3128	677	49	100285	21	10	79	0	0	0	0	0	0	0	0	0	0	0	0	0	0	
1672.480800	8	3	3	0	1	2	2	3540	675	49	100342	21	10	79	0	0	0	0	0	0	0	0	0	0	0	0	0	0	
1673.487367	8	3	3	0	1	2	2	3640	674	49	100402	21	10	79	0	0	0	0	0	0	0	0	0	0	0	0	0	0	
1674.492483	8	3	3	0	1	2	2	3696	674	49	100463	21	10	79	0	0	0	0	0	0	0	0	0	0	0	0	0	0	
1675.478883	8	3	3	0	1	2	2	3730	674	49	100522	21	10	79	0	0	0	0	0	0	0	0	0	0	0	0	0	0	
1676.484000	8	3	3	0	1	2	2	3749	675	49	100582	21	10	79	0	0	0	0	0	0	0	0	0	0	0	0	0	0	
1677.489117	8	3	3	0	1	2	2	3761	675	49	100643	21	10	79	0	0	0	0	0	0	0	0	0	0	0	0	0	0	
1678.475517	8	3	3	0	1	2	2	3770	675	49	100702	21	10	79	0	0	0	0	0	0	0	0	0	0	0	0	0	0	
1679.482083	8	3	3	0	1	2	2	3777	674	49	100762	21	10	79	0	0	0	0	0	0	0	0	0	0	0	0	0	0	
1680.487200	8	3	3	0	1	2	2	3785	675	49	100822	21	10	79	0	0	0	0	0	0	0	0	0	0	0	0	0	0	
1681.492317	8	3	3	0	1	2	2	3792	675	49	100883	21	10	79	0	0	0	0	0	0	0	0	0	0	0	0	0	0	
1682.478717	8	3	3	0	1	2	2	3799	675	49	100942	21	10	79	0	0	0	0	0	0	0	0	0	0	0	0	0	0	
1683.483833	8	3	3	0	1	2	2	3806	675	49	101002	21	10	79	0	0	0	0	0	0	0	0	0	0	0	0	0	0	
1684.490400	8	3	3	0	1	2	2	3813	674	49	101062	21	10	79	0	0	0	0	0	0	0	0	0	0	0	0	0	0	
1685.476800	8	3	3	0	1	2	2	3820	674	49	101122	21	10	79	0	0	0	0	0	0	0	0	0	0	0	0	0	0	
1686.481917	8	3	3	0	1	2	2	3827	674	49	101182	21	10	79	0	0	0	0	0	0	0	0	0	0	0	0	0	0	
1687.487033	8	3	3	0	1	2	2	3833	673	49	101242	21	10	79	0	0	0	0	0	0	0	0	0	0	0	0	0	0	
1688.492167	8	3	3	0	1	2	2	3839	675	49	101303	21	10	79	0	0	0	0	0	0	0	0	0	0	0	0	0	0	
1689.480000	8	3	3	0	1	2	2	3845	674	49	101362	21	10	79	0	0	0	0	0	0	0	0	0	0	0	0	0	0	
1690.485117	8	3	3	0	1	2	2	3850	673	49	101422	21	10	79	0	0	0	0	0	0	0	0	0	0	0	0	0	0	
1691.490233	8	3	3	0	1	2	2	3855	675	49	101482	21	10	79	0	0	0	0	0	0	0	0	0	0	0	0	0	0	
1692.476633	8	3	3	0	1	2	2	3860	674	49	101542	21	10	79	0	0	0	0	0	0	0	0	0	0	0	0	0	0	
1693.481767	8	3	3	0	1	2	2	3864	675	49	101602	21	10	79	0	0	0	0	0	0	0	0	0	0	0	0	0	0	
1694.486883	8	3	3	0	1	2	2	3868	673	49	101662	21	10	79	0	0	0	0	0	0	0	0	0	0	0	0	0	0	
1695.493433	8	3	3	0	1	2	2	3872	674	49	101723	21	10	79	0	0	0	0	0	0	0	0	0	0	0	0	0	0	
1696.479833	8	3	3	0	1	2	2	3875	674	49	101782	21	10	79	0	0	0	0	0	0	0	0	0	0	0	0	0	0	
1697.487833	8	3	3	0	1	2	2	3879	674	49	101842	21	10	79	0	0	0	0	0	0	0	0	0	0	0	0	0	0	
1698.492967	8	3	3	0	1	2	2	3882	674	49	101903	21	10	79	0	0	0	0	0	0	0	0	0	0	0	0	0	0	
1699.480800	8	3	3	0	1	2	2	3886	674	49	101962	21	10	79	0	0	0	0	0	0	0	0	0	0	0	0	0	0	
1700.485917	8	3	3	0	1	2	2	3889	675	49	102022	21	10	79	0	0	0	0	0	0	0	0	0	0	0	0	0	0	
1701.493917	8	3	3	0	1	2	2	3893	675	49	102083	21	10	79	0	0	0	0	0	0	0	0	0	0	0	0	0	0	
1702.480317	8	3	3	0	1	2	2	3896	675	49	102142	21	10	79	0	0	0	0	0	0	0	0	0	0	0	0	0	0	
1703.486883	8	3	3	0	1	2	2	3900	675	49	102202	21	10	79	0	0	0	0	0	0	0	0	0	0	0	0	0	0	
1704.492000	8	3	3	0	1	2	2	3903	674	49	102263	21	10	79	0	0	0	0	0	0	0	0	0	0	0	0	0	0	
1705.478400	8	3	3	0	1	2	2	3907	675	49	102322	21	10	79	0	0	0	0	0	0	0	0	0	0	0	0	0	0	
1706.483517	8	3	3	0	1	2	2	3910	675	49	102382	21	10	79	0	0	0	0	0	0	0	0	0	0	0	0	0	0	
1707.488633	8	3	3	0	1	2	2	3914	675	50	102442	21	10	79	0	0	0	0	0	0	0	0	0	0	0	0	0	0	
1708.495200	8	3	3	0	1	2	2	3917	673	49	102503	21	10	79	0	0	0	0	0	0	0	0	0	0	0	0	0	0	
1709.481600	8	3	3	0	1	2	2	3921	675	49	102562	21	10	79	0	0	0	0	0	0	0	0	0	0	0	0	0	0	
1710.486717	8	3	3	0	1	2	2	3924	675	49	102622	21	10	79	0	0	0	0	0	0	0	0	0	0	0	0	0	0	
1711.491833	8	3	3	0	1	2	2	3929	674	49	102682	21	10	79	0	0	0	0	0	0	0	0	0	0	0	0	0	0	
1712.478233	8	3	3	0	1	2	2	3933	674	49	102742	21	10	79	0	0	0	0	0	0	0	0	0	0	0	0	0	0	
1713.483367	8	3	3	0	1	2	2	3936	675	49	102802	21	10	79	0	0	0	0	0	0	0	0	0	0	0	0	0	0	
1714.489917	8	3	3	0	1	2	2	3940	675	49	102862	21	10	79	0	0	0	0	0	0	0	0	0	0	0	0	0	0	
1715.495033	8	3	3	0	1	2	2	3945	674	49	102923	21	10	79	0	0	0	0	0	0	0	0	0	0	0	0	0	0	
1716.481433	8	3	3	0	1	2	2	3949	675	49	102982	21	10	79	0	0	0	0	0	0	0	0	0	0	0	0	0	0	
1717.486567	8	3	3	0	1	2	2	3953	675	49	103042	21	10	79	0	0	0	0	0	0	0	0	0	0	0	0	0	0	
1718.491683	8	3	3	0	1	2	2	3958	675	49	103102	21	10	79	0	0	0	0	0	0	0	0	0	0	0	0	0	0	
1719.479517	8	3	3	0	1	2	2	3963	674	49	103162	21	10	79	0	0	0	0	0	0	0	0	0	0	0	0	0	0	
1720.484633	8	3	3	0	1	2	2	3967	674	49	103222	21	10	79	0	0	0	0	0	0	0	0	0	0	0	0	0	0	
1721.489767	8	3	3	0	1	2	2	3972	674	49	103282	21	10	79	0	0	0	0	0	0	0	0	0	0	0	0	0	0	
1722.494883	8	3	3	0	1	2	2	3977	675	49	103343	21	10	79	0	0	0	0	0	0	0	0	0	0	0	0	0	0	
1723.481283	8	3	3	0	1	2	2	3982	674	49	103402	21	10	79	0	0	0	0	0	0	0	0	0	0	0	0	0	0	
1724.487833	8	3	3	0	1	2	2	3987	675	49	103462	21	10	79	0	0	0	0	0	0	0	0	0	0	0	0	0	0	
1725.492967	8	3	3	0	1	2	2	3992	675	49	103522	21	10	79	0	0	0	0	0	0	0	0	0	0	0	0	0	0	
1726.479367	8	3	3	0	1	2	2	3998	674	49	103582	21	10	79	0	0	0	0	0	0	0	0	0	0	0	0	0	0	
1727.484483	8	3	3	0	1	2	2	4003	675	49	103642	21	10	79	0	0	0	0	0	0	0	0	0	0	0	0	0	0	
1728.489600	8	3	3	0	1	2	2	4008	674	49	103702	21	10	79	0	0	0	0	0	0	0	0	0	0	0	0	0	0	
1729.494717	8	3	3	0	1	2	2	4014	674	49	103763	21	10	79	0	0	0	0	0	0	0	0	0	0	0	0	0	0	
1730.482567	8	3	3	0	1	2	2	4020	675	49	103822	21	10	79	0	0	0	0	0	0	0	0	0	0	0	0	0	0	
1731.487683	8	3	3	0	1	2	2	4026	675	49	103882	21	10	79	0	0	0	0	0	0	0	0	0	0	0	0	0	0	
1732.492800	8	3	3	0	1	2	2	4031	675	49	103942	21	10	79	0	0	0	0	0	0	0	0	0	0	0	0	0	0	
1733.479200	8	3	3	0	1	2	2	4037	675	49	104002	21	10	79	0	0	0	0	0	0	0	0	0	0	0	0	0	0	
1734.484317	8	3	3	0	1	2	2	4043	676	49	104062	21	10	79	0	0	0	0	0	0	0	0	0	0	0	0	0	0	
1735.490883	8	3	3	0	1	2	2	4050	675	49	104122	21	10	79	0	0	0	0	0	0	0	0	0	0	0	0	0	0	
1736.496000	8	3	3	0	1	2	2	4056	674	49	104183	21	10	79	0	0	0	0	0	0	0	0	0	0	0	0	0	0	
1737.482400	8	3	3	0	1	2	2	4062	675	49	104242	21	10	79	0	0	0	0	0	0	0	0	0	0	0	0	0	0	
1738.487517	8	3	3	0	1	2	2	4069	675	49	104302	21	10	79	0	0	0	0	0	0	0	0	0	0	0	0	0	0	
1739.492633	8	3	3	0	1	2	2	4075	675	49	104362	21	10	79	0	0	0	0	0	0	0	0	0	0	0	0	0	0	
1740.480483	8	3	3	0	1	2	2	4082	675	49	104422	21	10	79	0	0	0	0	0	0	0	0	0	0	0	0	0	0	
1741.485600	8	3	3	0	1	2	2	4089	675	49	104482	21	10	79	0	0	0	0	0	0	0	0	0	0	0	0	0	0	
1742.490717	8	3	3	0	1	2	2	4096	675	49	104542	21	10	79	0	0	0	0	0	0	0	0	0	0	0	0	0	0	
1743.495833	8	3	3	0	1	2	2	4103	674	49	104603	21	10	79	0	0	0	0	0	0	0	0	0	0	0	0	0	0	
1744.482233	8	3	3	0	1	2	2	4109	674	49	104662	21	10	79	0	0	0	0	0	0	0	0	0	0	0	0	0	0	
1745.487367	8	3	3	0	1	2	2	4117	674	49	104722	21	10	79	0	0	0	0	0	0	0	0	0	0	0	0	0	0	
1746.493917	8	3	3	0	1	2	2	4123	667	49	104782	21	10	79	0	0	0	0	0	0	0	0	0	0	0	0	0	0	
1747.499033	8	3	3	0	1	2	2	4130	665	49	104843	21	10	79	0	0	0	0	0	0	0	0	0	0	0	0	0	0	
1748.485433	8	3	3	0	1	2	2	4137	664	49	104902	21	10	79	0	0	0	0	0	0	0	0	0	0	0	0	0	0	
1749.490567	8	3	3	0	1	2	2	4144	662	49	104962	21	10	79	0	0	0	0	0	0	0	0	0	0	0	0	0	0	
1750.495683	8	3	3	0	1	2	2	4152	662	49	105023	21	10	79	0	0	0	0	0	0	0	0	0	0	0	0	0	0	
1751.482083	8	3	3	0	1	2	2	4159	660	49	105082	21	10	79	0	0	0	0	0	0	0	0	0	0	0	0	0	0	
1752.488633	8	3	3	0	1	2	2	4167	660	49	105142	21	10	79	0	0	0	0	0	0	0	0	0	0	0	0	0	0	
1753.493767	8	3	3	0	1	2	2	4174	658	49	105202	21	10	79	0	0	0	0	0	0	0	0	0	0	0	0	0	0	
1754.498883	8	3	3	0	1	2	2	4182	657	49	105263	21	10	79	0	0	0	0	0	0	0	0	0	0	0	0	0	0	
1755.485283	8	3	3	0	1	2	2	4190	655	49	105322	21	10	79	0	0	0	0	0	0	0	0	0	0	0	0	0	0	
1756.490400	8	3	3	0	1	2	2	4198	655	49	105382	21	10	79	0	0	0	0	0	0	0	0	0	0	0	0	0	0	
1757.496967	8	3	3	0	1	2	2	4198	598	49	105443	21	10	79	0	0	0	0	0	0	0	0	0	0	0	0	0	0	
1758.483367	8	3	3	0	1	2	2	4198	549	49	105502	21	10	79	0	0	0	0	0	0	0	0	0	0	0	0	0	0	
1759.488483	8	3	3	0	1	2	2	4198	505	49	105562	21	10	79	0	0	0	0	0	0	0	0	0	0	0	0	0	0	
1760.493600	8	3	3	0	1	2	2	4199	467	49	105622	21	10	79	0	0	0	0	0	0	0	0	0	0	0	0	0	0	
1761.482883	8	3	3	0	1	2	2	4199	434	49	105682	21	10	79	0	0	0	0	0	0	0	0	0	0	0	0	0	0	
1762.488000	8	3	3	0	1	2	2	4198	401	49	105742	21	10	79	0	0	0	0	0	0	0	0	0	0	0	0	0	0	
1763.493117	8	3	3	0	1	2	2	4199	372	49	105802	21	10	79	0	0	0	0	0	0	0	0	0	0	0	0	0	0	
1764.498233	8	3	3	0	1	2	2	4199	344	49	105863	21	10	79	0	0	0	0	0	0	0	0	0	0	0	0	0	0	
1765.484633	8	3	3	0	1	2	2	4198	320	49	105922	21	10	79	0	0	0	0	0	0	0	0	0	0	0	0	0	0	
1766.491200	8	3	3	0	1	2	2	4198	298	49	105982	21	10	79	0	0	0	0	0	0	0	0	0	0	0	0	0	0	
1767.496317	8	3	3	0	1	2	2	4199	276	49	106042	21	10	79	0	0	0	0	0	0	0	0	0	0	0	0	0	0	
1768.482717	8	3	3	0	1	2	2	4199	257	49	106102	21	10	79	0	0	0	0	0	0	0	0	0	0	0	0	0	0	
1769.487833	8	3	3	0	1	2	2	4199	241	49	106162	21	10	79	0	0	0	0	0	0	0	0	0	0	0	0	0	0	
1770.492967	8	3	3	0	1	2	2	4199	223	49	106222	21	10	79	0	0	0	0	0	0	0	0	0	0	0	0	0	0	
1771.498083	8	3	3	0	1	2	2	4199	208	49	106283	21	10	79	0	0	0	0	0	0	0	0	0	0	0	0	0	0	
1772.485917	8	3	3	0	1	2	2	4199	194	49	106342	21	10	79	0	0	0	0	0	0	0	0	0	0	0	0	0	0	
1773.491033	8	3	3	0	1	2	2	4199	181	49	106402	21	10	79	0	0	0	0	0	0	0	0	0	0	0	0	0	0	
1774.496167	8	3	3	0	1	2	2	4199	168	49	106462	21	10	79	0	0	0	0	0	0	0	0	0	0	0	0	0	0	
1775.482567	8	3	3	0	1	2	2	4199	158	49	106522	21	10	79	0	0	0	0	0	0	0	0	0	0	0	0	0	0	
1776.487683	8	3	3	0	1	2	2	4199	147	49	106582	21	10	79	0	0	0	0	0	0	0	0	0	0	0	0	0	0	
1777.492800	8	3	3	0	1	2	2	4198	138	49	106642	21	10	79	0	0	0	0	0	0	0	0	0	0	0	0	0	0	
1778.499367	8	3	3	0	1	2	2	4199	129	49	106703	21	10	79	0	0	0	0	0	0	0	0	0	0	0	0	0	0	
1779.485767	8	3	3	0	1	2	2	4199	122	49	106762	21	10	79	0	0	0	0	0	0	0	0	0	0	0	0	0	0	
1780.490883	8	3	3	0	1	2	2	4198	114	49	106822	21	10	79	0	0	0	0	0	0	0	0	0	0	0	0	0	0	
1781.496000	8	3	3	0	1	2	2	4199	107	49	106882	21	10	79	0	0	0	0	0	0	0	0	0	0	0	0	0	0	
1782.482400	8	3	3	0	1	2	2	4199	101	49	106942	21	10	79	0	0	0	0	0	0	0	0	0	0	0	0	0	0	
1783.487517	8	3	3	0	1	2	2	4199	93	49	107002	21	10	79	0	0	0	0	0	0	0	0	0	0	0	0	0	0	
1784.494083	8	3	3	0	1	2	2	4199	88	49	107062	21	10	79	0	0	0	0	0	0	0	0	0	0	0	0	0	0	
1785.499200	8	3	3	0	1	2	2	4199	84	49	107123	21	10	79	0	0	0	0	0	0	0	0	0	0	0	0	0	0	
1786.485600	8	3	3	0	1	2	2	4198	78	49	107182	21	10	79	0	0	0	0	0	0	0	0	0	0	0	0	0	0	
1787.490717	8	3	3	0	1	2	2	4199	74	49	107242	21	10	79	0	0	0	0	0	0	0	0	0	0	0	0	0	0	
1788.495833	8	3	3	0	1	2	2	4199	70	49	107302	21	10	79	0	0	0	0	0	0	0	0	0	0	0	0	0	0	
1789.388633	8	6	3	0	2	7	1	4066	-1349	49	107356	21	11	0	0	0	0	0	0	0	0	0	0	0	0	0	0	0	
1789.485117	8	6	3	0	2	7	1	4049	-1350	49	107362	21	11	0	0	0	0	0	0	0	0	0	0	0	0	0	0	0	
1790.490233	8	6	3	0	2	7	1	4000	-1350	49	107422	21	11	1	0	0	0	0	0	0	0	0	0	0	0	0	0	0	
1791.495367	8	6	3	0	2	7	1	3974	-1349	49	107482	21	11	3	0	0	0	0	0	0	0	0	0	0	0	0	0	0	
1792.500483	8	6	3	0	2	7	1	3952	-1349	49	107543	21	11	5	0	0	0	0	0	0	0	0	0	0	0	0	0	0	
1793.486883	8	6	3	0	2	7	1	3932	-1349	49	107602	21	11	6	0	0	0	0	0	0	0	0	0	0	0	0	0	0	
1794.493433	8	6	3	0	2	7	1	3911	-1349	49	107662	21	11	8	0	0	0	0	0	0	0	0	0	0	0	0	0	0	
1795.498567	8	6	3	0	2	7	1	3892	-1349	49	107722	21	11	10	0	0	0	0	0	0	0	0	0	0	0	0	0	0	
1796.484967	8	6	3	0	2	7	1	3873	-1350	49	107782	21	11	11	0	0	0	0	0	0	0	0	0	0	0	0	0	0	
1797.490083	8	6	3	0	2	7	1	3855	-1349	49	107842	21	11	13	0	0	0	0	0	0	0	0	0	0	0	0	0	0	
1798.496633	8	6	3	0	2	7	1	3837	-1349	49	107902	21	11	15	0	0	0	0	0	0	0	0	0	0	0	0	0	0	
1799.501767	8	6	3	0	2	7	1	3820	-1350	49	107963	21	11	16	0	0	0	0	0	0	0	0	0	0	0	0	0	0	
1800.488167	8	6	3	0	2	7	1	3804	-1349	49	108022	21	11	18	0	0	0	0	0	0	0	0	0	0	0	0	0	0	
1801.493283	8	6	3	0	2	7	1	3788	-1350	49	108082	21	11	20	0	0	0	0	0	0	0	0	0	0	0	0	0	0	
1802.498400	8	6	3	0	2	7	1	3773	-1349	49	108142	21	11	21	0	0	0	0	0	0	0	0	0	0	0	0	0	0	
1803.486233	8	6	3	0	2	7	1	3758	-1351	49	108202	21	11	23	0	0	0	0	0	0	0	0	0	0	0	0	0	0	
1804.491367	8	6	3	0	2	7	1	3743	-1348	49	108262	21	11	25	0	0	0	0	0	0	0	0	0	0	0	0	0	0	
1805.496483	8	6	3	0	2	7	1	3730	-1350	49	108322	21	11	26	0	0	0	0	0	0	0	0	0	0	0	0	0	0	
1806.501600	8	6	3	0	2	7	1	3716	-1349	49	108383	21	11	28	0	0	0	0	0	0	0	0	0	0	0	0	0	0	
1807.488000	8	6	3	0	2	7	1	3704	-1351	49	108442	21	11	29	0	0	0	0	0	0	0	0	0	0	0	0	0	0	
1808.493117	8	6	3	0	2	7	1	3691	-1347	49	108502	21	11	31	0	0	0	0	0	0	0	0	0	0	0	0	0	0	
1809.499683	8	6	3	0	2	7	1	3679	-1350	49	108562	21	11	33	0	0	0	0	0	0	0	0	0	0	0	0	0	0	
1810.486083	8	6	3	0	2	7	1	3667	-1350	49	108622	21	11	34	0	0	0	0	0	0	0	0	0	0	0	0	0	0	
1811.491200	8	6	3	0	2	7	1	3656	-1349	49	108682	21	11	36	0	0	0	0	0	0	0	0	0	0	0	0	0	0	
1812.496317	8	6	3	0	2	7	1	3645	-1350	49	108742	21	11	38	0	0	0	0	0	0	0	0	0	0	0	0	0	0	
1813.501433	8	6	3	0	2	7	1	3635	-1350	49	108803	21	11	39	0	0	0	0	0	0	0	0	0	0	0	0	0	0	
1814.487833	8	6	3	0	2	7	1	3625	-1349	49	108862	21	11	41	0	0	0	0	0	0	0	0	0	0	0	0	0	0	
1815.494400	8	6	3	0	2	7	1	3616	-1350	49	108922	21	11	43	0	0	0	0	0	0	0	0	0	0	0	0	0	0	
1816.499517	8	6	3	0	2	7	1	3606	-1349	49	108982	21	11	44	0	0	0	0	0	0	0	0	0	0	0	0	0	0	
1817.485917	8	6	3	0	2	7	1	3598	-1350	49	109042	21	11	46	0	0	0	0	0	0	0	0	0	0	0	0	0	0	
1818.491033	8	6	3	0	2	7	1	3589	-1350	49	109102	21	11	48	0	0	0	0	0	0	0	0	0	0	0	0	0	0	
1819.496167	8	6	3	0	2	7	1	3581	-1349	49	109162	21	11	49	0	0	0	0	0	0	0	0	0	0	0	0	0	0	
1820.502717	8	6	3	0	2	7	1	3573	-1350	49	109223	21	11	51	0	0	0	0	0	0	0	0	0	0	0	0	0	0	
1821.489117	8	6	3	0	2	7	1	3566	-1349	49	109282	21	11	53	0	0	0	0	0	0	0	0	0	0	0	0	0	0	
1822.494233	8	6	3	0	2	7	1	3558	-1350	49	109342	21	11	54	0	0	0	0	0	0	0	0	0	0	0	0	0	0	
1823.499367	8	6	3	0	2	7	1	3550	-1349	49	109402	21	11	56	0	0	0	0	0	0	0	0	0	0	0	0	0	0	
1824.485767	8	6	3	0	2	7	1	3543	-1350	49	109462	21	11	58	0	0	0	0	0	0	0	0	0	0	0	0	0	0	
1825.490883	8	6	3	0	2	7	1	3535	-1350	49	109522	21	11	59	0	0	0	0	0	0	0	0	0	0	0	0	0	0	
1826.497433	8	6	3	0	2	7	1	3527	-1348	49	109582	21	11	61	0	0	0	0	0	0	0	0	0	0	0	0	0	0	
1827.486717	8	6	3	0	2	7	1	3518	-1348	49	109642	21	11	63	0	0	0	0	0	0	0	0	0	0	0	0	0	0	
1828.491833	8	6	3	0	2	7	1	3508	-1350	49	109702	21	11	64	0	0	0	0	0	0	0	0	0	0	0	0	0	0	
1829.498400	8	6	3	0	2	7	1	3496	-1350	49	109762	21	11	66	0	0	0	0	0	0	0	0	0	0	0	0	0	0	
1830.503517	8	6	3	0	2	7	1	3483	-1350	49	109823	21	11	67	0	0	0	0	0	0	0	0	0	0	0	0	0	0	
1831.489917	8	6	3	0	2	7	1	3467	-1349	49	109882	21	11	69	0	0	0	0	0	0	0	0	0	0	0	0	0	0	
1832.495033	8	6	3	0	2	7	1	3446	-1349	49	109942	21	11	71	0	0	0	0	0	0	0	0	0	0	0	0	0	0	
1833.500167	8	6	3	0	2	7	1	3416	-1349	49	110002	21	11	72	0	0	0	0	0	0	0	0	0	0	0	0	0	0	
1834.486567	8	6	3	0	2	7	1	3372	-1348	49	110062	21	11	74	0	0	0	0	0	0	0	0	0	0	0	0	0	0	
1835.493117	8	6	3	0	2	7	1	3292	-1349	49	110122	21	11	76	0	0	0	0	0	0	0	0	0	0	0	0	0	0	
1836.498233	8	6	3	0	2	7	1	3127	-1351	49	110182	21	11	77	0	0	0	0	0	0	0	0	0	0	0	0	0	0	
1837.503367	8	6	3	0	2	7	1	2670	-1349	49	110243	21	11	79	0	0	0	0	0	0	0	0	0	0	0	0	0	0	
1837.530717	10	0	5	0	0	15	0	2864	0	49	110244	21	11	79	0	0	0	0	0	0	0	0	0	0	0	0	0	0	
1837.552317	8	15	3	0	0	31	0	2950	0	49	110244	21	11	79	0	0	0	0	0	0	0	0	0	0	0	0	0	0	
